#(0 0 101 30 0 0 0 9 48045 -1 -1 -1 -1 -1 -1)
#(0 0 112 23 0 0 0 20 105974 -1 -1 -1 -1 -1 -1)
#(0 0 113 29 0 0 0 22 116636 -1 -1 -1 -1 -1 -1)
#(4 0 113 -1 0 -1 -1 -1 -1 0 0 0 0 0 -1)
#(0 0 111 34 0 0 0 29 153687 -1 -1 -1 -1 -1 -1)
#(0 0 104 28 0 0 0 39 206397 -1 -1 -1 -1 -1 -1)
#(0 0 102 26 0 0 0 41 216926 -1 -1 -1 -1 -1 -1)
#(0 0 108 30 0 0 0 43 227544 -1 -1 -1 -1 -1 -1)
#(0 0 115 32 0 0 0 59 312041 -1 -1 -1 -1 -1 -1)
#(0 0 110 32 0 0 1 98 522191 -1 -1 -1 -1 -1 -1)
#(0 0 103 23 0 0 1 82 437845 -1 -1 -1 -1 -1 -1)
#(0 0 114 32 0 0 1 80 427159 -1 -1 -1 -1 -1 -1)
#(0 0 109 28 0 0 1 69 369135 -1 -1 -1 -1 -1 -1)
#(0 0 116 29 0 0 1 68 363851 -1 -1 -1 -1 -1 -1)
#(0 0 106 32 0 0 1 55 295137 -1 -1 -1 -1 -1 -1)
#(0 0 107 34 0 0 1 49 263426 -1 -1 -1 -1 -1 -1)
#(0 1 123 26 0 0 0 1 5702 -1 -1 -1 -1 -1 -1)
#(0 1 120 32 0 0 0 2 11096 -1 -1 -1 -1 -1 -1)
#(0 1 105 22 0 0 0 9 47884 -1 -1 -1 -1 -1 -1)
#(0 1 122 25 0 0 0 16 84886 -1 -1 -1 -1 -1 -1)
#(0 1 117 32 0 0 0 44 232863 -1 -1 -1 -1 -1 -1)
#(0 1 119 29 0 0 1 57 305751 -1 -1 -1 -1 -1 -1)
#(0 1 118 29 0 0 1 52 279344 -1 -1 -1 -1 -1 -1)
#(0 1 124 29 0 0 1 48 258244 -1 -1 -1 -1 -1 -1)
#(0 2 129 23 0 0 0 0 385 -1 -1 -1 -1 -1 -1)
#(0 2 130 30 0 0 0 4 21618 -1 -1 -1 -1 -1 -1)
#(0 2 133 34 0 0 0 6 32240 -1 -1 -1 -1 -1 -1)
#(0 2 128 30 0 0 0 8 42751 -1 -1 -1 -1 -1 -1)
#(0 2 131 18 0 0 0 9 47810 -1 -1 -1 -1 -1 -1)
#(0 2 126 30 0 0 0 43 227551 -1 -1 -1 -1 -1 -1)
#(0 2 132 28 0 0 0 58 306698 -1 -1 -1 -1 -1 -1)
#(0 2 127 32 0 0 1 90 479944 -1 -1 -1 -1 -1 -1)
#(0 2 134 23 0 0 1 78 416746 -1 -1 -1 -1 -1 -1)
#(0 2 125 28 0 0 1 70 374396 -1 -1 -1 -1 -1 -1)
#(0 2 121 29 0 0 1 68 363830 -1 -1 -1 -1 -1 -1)
#(0 2 135 34 0 0 1 62 332089 -1 -1 -1 -1 -1 -1)
#(0 2 137 25 0 0 1 51 274165 -1 -1 -1 -1 -1 -1)
#(0 3 140 24 0 0 0 1 5688 -1 -1 -1 -1 -1 -1)
#(0 3 143 30 0 0 0 12 63871 -1 -1 -1 -1 -1 -1)
#(0 3 146 25 0 0 0 16 84900 -1 -1 -1 -1 -1 -1)
#(0 3 144 22 0 0 0 20 105966 -1 -1 -1 -1 -1 -1)
#(0 3 149 26 0 0 0 28 148256 -1 -1 -1 -1 -1 -1)
#(0 3 145 23 0 0 0 36 190460 -1 -1 -1 -1 -1 -1)
#(0 3 138 27 0 0 0 38 201104 -1 -1 -1 -1 -1 -1)
#(0 3 148 23 0 0 0 93 491414 -1 -1 -1 -1 -1 -1)
#(0 3 150 27 0 0 1 88 469486 -1 -1 -1 -1 -1 -1)
#(0 3 151 34 0 0 1 79 421849 -1 -1 -1 -1 -1 -1)
#(0 3 142 28 0 0 1 68 363858 -1 -1 -1 -1 -1 -1)
#(0 3 141 27 0 0 1 56 300502 -1 -1 -1 -1 -1 -1)
#(0 3 152 30 0 0 1 31 168470 -1 -1 -1 -1 -1 -1)
#(0 3 147 27 0 0 1 14 78760 -1 -1 -1 -1 -1 -1)
#(0 4 139 17 0 0 0 9 47799 -1 -1 -1 -1 -1 -1)
#(0 4 154 29 0 0 0 18 95542 -1 -1 -1 -1 -1 -1)
#(0 4 167 23 0 0 0 23 121814 -1 -1 -1 -1 -1 -1)
#(0 4 158 34 0 0 0 24 127295 -1 -1 -1 -1 -1 -1)
#(0 4 164 27 0 0 0 35 185246 -1 -1 -1 -1 -1 -1)
#(0 4 163 23 0 0 0 61 322459 -1 -1 -1 -1 -1 -1)
#(0 4 157 32 0 0 1 92 490497 -1 -1 -1 -1 -1 -1)
#(0 4 159 27 0 0 1 90 480036 -1 -1 -1 -1 -1 -1)
#(0 4 168 28 0 0 1 86 458902 -1 -1 -1 -1 -1 -1)
#(0 4 153 26 0 0 1 83 443074 -1 -1 -1 -1 -1 -1)
#(0 4 160 32 0 0 1 74 395464 -1 -1 -1 -1 -1 -1)
#(0 4 169 23 0 0 1 73 390346 -1 -1 -1 -1 -1 -1)
#(0 4 156 23 0 0 1 64 342810 -1 -1 -1 -1 -1 -1)
#(0 4 136 34 0 0 1 62 332086 -1 -1 -1 -1 -1 -1)
#(0 4 170 34 0 0 1 59 316241 -1 -1 -1 -1 -1 -1)
#(0 4 162 32 0 0 1 43 231792 -1 -1 -1 -1 -1 -1)
#(0 4 155 25 0 0 1 34 184377 -1 -1 -1 -1 -1 -1)
#(0 4 161 29 0 0 1 22 120951 -1 -1 -1 -1 -1 -1)
#(0 5 171 26 0 0 0 2 11004 -1 -1 -1 -1 -1 -1)
#(0 5 182 27 0 0 0 8 42678 -1 -1 -1 -1 -1 -1)
#(0 5 166 23 0 0 0 35 185159 -1 -1 -1 -1 -1 -1)
#(0 5 183 20 0 0 0 50 264319 -1 -1 -1 -1 -1 -1)
#(0 5 175 25 0 0 1 84 448388 -1 -1 -1 -1 -1 -1)
#(0 5 174 20 0 0 1 82 437908 -1 -1 -1 -1 -1 -1)
#(0 5 179 27 0 0 1 76 406114 -1 -1 -1 -1 -1 -1)
#(0 5 173 23 0 0 1 75 400884 -1 -1 -1 -1 -1 -1)
#(2 5 173 -1 -1 -1 -1 -1 -1 1 -1 -1 -1 -1 -1)
#(0 5 165 22 0 0 1 64 342847 -1 -1 -1 -1 -1 -1)
#(0 5 180 25 0 0 1 63 337514 -1 -1 -1 -1 -1 -1)
#(0 5 172 30 0 0 1 53 284595 -1 -1 -1 -1 -1 -1)
#(0 5 181 23 0 0 1 50 268906 -1 -1 -1 -1 -1 -1)
#(0 5 176 20 0 0 1 49 263668 -1 -1 -1 -1 -1 -1)
#(0 5 178 27 0 0 1 48 258277 -1 -1 -1 -1 -1 -1)
#(0 6 185 28 0 0 0 7 37444 -1 -1 -1 -1 -1 -1)
#(0 6 192 32 0 0 0 10 53336 -1 -1 -1 -1 -1 -1)
#(0 6 184 19 0 0 0 23 121763 -1 -1 -1 -1 -1 -1)
#(0 6 187 26 0 0 0 25 132440 -1 -1 -1 -1 -1 -1)
#(0 6 193 27 0 0 1 99 527548 -1 -1 -1 -1 -1 -1)
#(0 6 199 32 0 0 1 97 516926 -1 -1 -1 -1 -1 -1)
#(0 6 191 26 0 0 1 92 490601 -1 -1 -1 -1 -1 -1)
#(0 6 195 29 0 0 1 88 469444 -1 -1 -1 -1 -1 -1)
#(0 6 190 29 0 0 1 79 421913 -1 -1 -1 -1 -1 -1)
#(0 6 196 29 0 0 1 68 363849 -1 -1 -1 -1 -1 -1)
#(0 6 188 29 0 0 1 57 305739 -1 -1 -1 -1 -1 -1)
#(0 6 189 20 0 0 1 53 284785 -1 -1 -1 -1 -1 -1)
#(0 6 198 20 0 0 1 37 200321 -1 -1 -1 -1 -1 -1)
#(0 6 194 29 0 0 1 35 189591 -1 -1 -1 -1 -1 -1)
#(0 6 186 27 0 0 1 28 152662 -1 -1 -1 -1 -1 -1)
#(0 7 205 30 0 0 0 3 16344 -1 -1 -1 -1 -1 -1)
#(0 7 206 33 0 0 0 10 53343 -1 -1 -1 -1 -1 -1)
#(0 7 200 20 0 0 0 12 63707 -1 -1 -1 -1 -1 -1)
#(0 7 216 27 0 0 0 16 84918 -1 -1 -1 -1 -1 -1)
#(0 7 213 30 0 0 0 17 90250 -1 -1 -1 -1 -1 -1)
#(0 7 208 30 0 0 0 19 100824 -1 -1 -1 -1 -1 -1)
#(0 7 202 16 0 0 0 23 121688 -1 -1 -1 -1 -1 -1)
#(0 7 218 25 0 0 0 30 158795 -1 -1 -1 -1 -1 -1)
#(0 7 214 27 0 0 0 55 290837 -1 -1 -1 -1 -1 -1)
#(0 7 197 23 0 0 1 99 527626 -1 -1 -1 -1 -1 -1)
#(0 7 207 20 0 0 1 95 506552 -1 -1 -1 -1 -1 -1)
#(0 7 212 26 0 0 1 87 464218 -1 -1 -1 -1 -1 -1)
#(0 7 177 19 0 0 1 82 437918 -1 -1 -1 -1 -1 -1)
#(0 7 203 28 0 0 1 72 384963 -1 -1 -1 -1 -1 -1)
#(0 7 211 20 0 0 1 61 327036 -1 -1 -1 -1 -1 -1)
#(0 7 209 20 0 0 1 52 279514 -1 -1 -1 -1 -1 -1)
#(0 8 210 24 0 0 0 3 16221 -1 -1 -1 -1 -1 -1)
#(0 8 220 29 0 0 0 7 37456 -1 -1 -1 -1 -1 -1)
#(0 8 219 27 0 0 0 8 42714 -1 -1 -1 -1 -1 -1)
#(0 8 201 21 0 0 0 12 63708 -1 -1 -1 -1 -1 -1)
#(0 8 230 29 0 0 0 18 95515 -1 -1 -1 -1 -1 -1)
#(0 8 227 31 0 0 0 19 100826 -1 -1 -1 -1 -1 -1)
#(0 8 224 26 0 0 0 31 164120 -1 -1 -1 -1 -1 -1)
#(0 8 222 29 0 0 0 37 195856 -1 -1 -1 -1 -1 -1)
#(0 8 225 30 0 0 0 43 227553 -1 -1 -1 -1 -1 -1)
#(0 8 226 23 0 0 1 92 490648 -1 -1 -1 -1 -1 -1)
#(0 8 229 27 0 0 1 90 480045 -1 -1 -1 -1 -1 -1)
#(0 8 221 27 0 0 1 84 448329 -1 -1 -1 -1 -1 -1)
#(0 8 231 20 0 0 1 82 437918 -1 -1 -1 -1 -1 -1)
#(0 9 234 25 0 0 0 0 418 -1 -1 -1 -1 -1 -1)
#(0 9 243 28 0 0 0 7 37413 -1 -1 -1 -1 -1 -1)
#(0 9 204 20 0 0 0 12 63681 -1 -1 -1 -1 -1 -1)
#(0 9 235 28 0 0 0 26 137757 -1 -1 -1 -1 -1 -1)
#(0 9 241 28 0 0 0 32 169425 -1 -1 -1 -1 -1 -1)
#(0 9 240 30 0 0 0 40 211704 -1 -1 -1 -1 -1 -1)
#(0 9 238 32 0 0 0 43 227559 -1 -1 -1 -1 -1 -1)
#(0 9 237 28 0 0 0 48 253911 -1 -1 -1 -1 -1 -1)
#(0 9 217 23 0 0 0 55 290793 -1 -1 -1 -1 -1 -1)
#(0 9 232 26 0 0 0 65 343646 -1 -1 -1 -1 -1 -1)
#(0 9 244 23 0 0 1 94 501231 -1 -1 -1 -1 -1 -1)
#(0 9 242 26 0 0 1 91 485338 -1 -1 -1 -1 -1 -1)
#(0 9 223 27 0 0 1 87 464192 -1 -1 -1 -1 -1 -1)
#(0 9 233 28 0 0 1 86 458872 -1 -1 -1 -1 -1 -1)
#(0 9 236 30 0 0 1 58 311009 -1 -1 -1 -1 -1 -1)
#(0 10 215 18 0 0 0 3 16149 -1 -1 -1 -1 -1 -1)
#(0 10 250 22 0 0 0 9 47895 -1 -1 -1 -1 -1 -1)
#(0 10 254 28 0 0 0 20 106050 -1 -1 -1 -1 -1 -1)
#(0 10 248 23 0 0 0 21 111265 -1 -1 -1 -1 -1 -1)
#(0 10 228 30 0 0 0 37 195869 -1 -1 -1 -1 -1 -1)
#(2 10 228 -1 -1 -1 -1 -1 -1 2 -1 -1 -1 -1 -1)
#(0 10 246 27 0 0 0 43 227470 -1 -1 -1 -1 -1 -1)
#(0 10 251 26 0 0 0 46 243308 -1 -1 -1 -1 -1 -1)
#(0 10 245 26 0 0 0 56 296126 -1 -1 -1 -1 -1 -1)
#(0 10 252 26 0 0 1 75 400845 -1 -1 -1 -1 -1 -1)
#(0 10 255 30 0 0 1 67 358550 -1 -1 -1 -1 -1 -1)
#(0 10 253 27 0 0 1 60 321640 -1 -1 -1 -1 -1 -1)
#(0 11 263 23 0 0 0 0 382 -1 -1 -1 -1 -1 -1)
#(0 11 265 27 0 0 0 19 100765 -1 -1 -1 -1 -1 -1)
#(0 11 262 16 0 0 0 23 121708 -1 -1 -1 -1 -1 -1)
#(0 11 270 28 0 0 0 29 153571 -1 -1 -1 -1 -1 -1)
#(0 11 239 30 0 0 0 37 195858 -1 -1 -1 -1 -1 -1)
#(0 11 249 27 0 0 0 56 296130 -1 -1 -1 -1 -1 -1)
#(0 11 266 25 0 0 0 59 311920 -1 -1 -1 -1 -1 -1)
#(0 11 259 25 0 0 1 96 511742 -1 -1 -1 -1 -1 -1)
#(0 11 258 23 0 0 1 95 506492 -1 -1 -1 -1 -1 -1)
#(0 11 267 21 0 0 1 82 437910 -1 -1 -1 -1 -1 -1)
#(0 11 261 30 0 0 1 74 395483 -1 -1 -1 -1 -1 -1)
#(0 11 269 30 0 0 1 66 353270 -1 -1 -1 -1 -1 -1)
#(0 11 257 30 0 0 1 41 221235 -1 -1 -1 -1 -1 -1)
#(0 11 268 30 0 0 1 35 189591 -1 -1 -1 -1 -1 -1)
#(0 11 260 27 0 0 1 18 99862 -1 -1 -1 -1 -1 -1)
#(0 12 282 30 0 0 0 2 11064 -1 -1 -1 -1 -1 -1)
#(0 12 247 19 0 0 0 3 16172 -1 -1 -1 -1 -1 -1)
#(0 12 272 26 0 0 0 20 106045 -1 -1 -1 -1 -1 -1)
#(0 12 286 34 0 0 0 22 116722 -1 -1 -1 -1 -1 -1)
#(0 12 274 30 0 0 0 30 158914 -1 -1 -1 -1 -1 -1)
#(0 12 287 29 0 0 0 36 190554 -1 -1 -1 -1 -1 -1)
#(0 12 273 23 0 0 0 57 301356 -1 -1 -1 -1 -1 -1)
#(0 12 288 30 0 0 0 66 348970 -1 -1 -1 -1 -1 -1)
#(0 12 277 26 0 0 1 99 527566 -1 -1 -1 -1 -1 -1)
#(0 12 275 20 0 0 1 98 522384 -1 -1 -1 -1 -1 -1)
#(0 12 281 27 0 0 1 85 453628 -1 -1 -1 -1 -1 -1)
#(0 12 279 26 0 0 1 83 443086 -1 -1 -1 -1 -1 -1)
#(0 12 256 26 0 0 1 75 400833 -1 -1 -1 -1 -1 -1)
#(0 12 264 21 0 0 1 74 395648 -1 -1 -1 -1 -1 -1)
#(0 12 276 27 0 0 1 71 379708 -1 -1 -1 -1 -1 -1)
#(0 12 285 31 0 0 1 67 358539 -1 -1 -1 -1 -1 -1)
#(0 12 271 30 0 0 1 25 136755 -1 -1 -1 -1 -1 -1)
#(0 12 283 34 0 0 1 17 94472 -1 -1 -1 -1 -1 -1)
#(0 12 284 23 0 0 1 13 73546 -1 -1 -1 -1 -1 -1)
#(0 13 280 23 0 0 0 0 396 -1 -1 -1 -1 -1 -1)
#(0 13 293 27 0 0 0 10 53245 -1 -1 -1 -1 -1 -1)
#(0 13 291 19 0 0 0 12 63673 -1 -1 -1 -1 -1 -1)
#(0 13 296 25 0 0 0 27 142966 -1 -1 -1 -1 -1 -1)
#(0 13 301 25 0 0 0 57 301355 -1 -1 -1 -1 -1 -1)
#(0 13 295 30 0 0 0 60 317305 -1 -1 -1 -1 -1 -1)
#(0 13 294 28 0 0 1 86 458890 -1 -1 -1 -1 -1 -1)
#(0 13 298 20 0 0 1 69 369279 -1 -1 -1 -1 -1 -1)
#(0 13 289 29 0 0 1 67 358573 -1 -1 -1 -1 -1 -1)
#(0 13 297 29 0 0 1 56 300484 -1 -1 -1 -1 -1 -1)
#(0 13 300 31 0 0 1 41 221265 -1 -1 -1 -1 -1 -1)
#(0 13 292 27 0 0 1 36 194914 -1 -1 -1 -1 -1 -1)
#(0 13 290 26 0 0 1 24 131566 -1 -1 -1 -1 -1 -1)
#(0 14 305 29 0 0 0 8 42728 -1 -1 -1 -1 -1 -1)
#(0 14 302 25 0 0 0 16 84900 -1 -1 -1 -1 -1 -1)
#(0 14 312 28 0 0 0 33 174692 -1 -1 -1 -1 -1 -1)
#(0 14 303 27 0 0 0 43 227502 -1 -1 -1 -1 -1 -1)
#(0 14 310 25 0 0 0 44 232720 -1 -1 -1 -1 -1 -1)
#(0 14 311 27 0 0 0 55 290847 -1 -1 -1 -1 -1 -1)
#(0 14 307 29 0 0 0 66 348966 -1 -1 -1 -1 -1 -1)
#(0 14 278 21 0 0 1 98 522361 -1 -1 -1 -1 -1 -1)
#(0 14 306 23 0 0 1 89 474810 -1 -1 -1 -1 -1 -1)
#(0 14 299 21 0 0 1 82 437891 -1 -1 -1 -1 -1 -1)
#(0 14 308 23 0 0 1 71 379780 -1 -1 -1 -1 -1 -1)
#(0 14 309 26 0 0 1 64 342773 -1 -1 -1 -1 -1 -1)
#(0 14 313 30 0 0 1 50 268788 -1 -1 -1 -1 -1 -1)
#(0 14 304 28 0 0 1 21 115682 -1 -1 -1 -1 -1 -1)
#(0 15 315 23 0 0 0 0 385 -1 -1 -1 -1 -1 -1)
#(0 15 323 29 0 0 0 1 5763 -1 -1 -1 -1 -1 -1)
#(0 15 327 25 0 0 0 19 100713 -1 -1 -1 -1 -1 -1)
#(0 15 325 20 0 0 0 21 111204 -1 -1 -1 -1 -1 -1)
#(0 15 322 28 0 0 0 32 169425 -1 -1 -1 -1 -1 -1)
#(0 15 318 20 0 0 0 41 216814 -1 -1 -1 -1 -1 -1)
#(0 15 314 26 0 0 1 99 527554 -1 -1 -1 -1 -1 -1)
#(0 15 317 30 0 0 1 88 469401 -1 -1 -1 -1 -1 -1)
#(0 15 328 25 0 0 1 87 464245 -1 -1 -1 -1 -1 -1)
#(0 15 326 29 0 0 1 84 448324 -1 -1 -1 -1 -1 -1)
#(0 15 324 34 0 0 1 80 427110 -1 -1 -1 -1 -1 -1)
#(0 15 319 23 0 0 1 72 385057 -1 -1 -1 -1 -1 -1)
#(0 15 321 32 0 0 1 66 353223 -1 -1 -1 -1 -1 -1)
#(0 15 316 24 0 0 1 52 279425 -1 -1 -1 -1 -1 -1)
#(0 15 320 27 0 0 1 45 242428 -1 -1 -1 -1 -1 -1)
#(0 16 338 20 0 0 0 3 16161 -1 -1 -1 -1 -1 -1)
#(0 16 329 25 0 0 0 8 42667 -1 -1 -1 -1 -1 -1)
#(0 16 334 20 0 0 0 14 74248 -1 -1 -1 -1 -1 -1)
#(0 16 333 32 0 0 0 15 79736 -1 -1 -1 -1 -1 -1)
#(0 16 332 27 0 0 0 16 84928 -1 -1 -1 -1 -1 -1)
#(0 16 330 30 0 0 0 40 211726 -1 -1 -1 -1 -1 -1)
#(0 16 331 27 0 0 1 81 432508 -1 -1 -1 -1 -1 -1)
#(0 16 337 25 0 0 1 71 379751 -1 -1 -1 -1 -1 -1)
#(4 16 337 -1 0 -1 -1 -1 -1 3 0 0 0 0 -1)
#(0 16 336 20 0 0 1 58 311193 -1 -1 -1 -1 -1 -1)
#(0 16 335 26 0 0 1 50 268860 -1 -1 -1 -1 -1 -1)
#(0 17 359 20 0 0 0 8 42556 -1 -1 -1 -1 -1 -1)
#(0 17 352 20 0 0 0 21 111200 -1 -1 -1 -1 -1 -1)
#(0 17 349 28 0 0 0 26 137745 -1 -1 -1 -1 -1 -1)
#(0 17 355 27 0 0 0 35 185240 -1 -1 -1 -1 -1 -1)
#(0 17 351 32 0 0 0 37 195886 -1 -1 -1 -1 -1 -1)
#(0 17 343 26 0 0 0 40 211637 -1 -1 -1 -1 -1 -1)
#(0 17 358 30 0 0 0 42 222250 -1 -1 -1 -1 -1 -1)
#(0 17 356 28 0 0 0 44 232779 -1 -1 -1 -1 -1 -1)
#(0 17 347 23 0 0 0 47 248545 -1 -1 -1 -1 -1 -1)
#(0 17 357 33 0 0 0 48 253989 -1 -1 -1 -1 -1 -1)
#(0 17 346 27 0 0 0 58 306686 -1 -1 -1 -1 -1 -1)
#(0 17 353 29 0 0 1 91 485277 -1 -1 -1 -1 -1 -1)
#(0 17 350 23 0 0 1 88 469543 -1 -1 -1 -1 -1 -1)
#(0 17 344 27 0 0 1 85 453628 -1 -1 -1 -1 -1 -1)
#(0 17 342 20 0 0 1 72 385095 -1 -1 -1 -1 -1 -1)
#(0 17 341 30 0 0 1 68 363801 -1 -1 -1 -1 -1 -1)
#(0 17 339 22 0 0 1 64 342823 -1 -1 -1 -1 -1 -1)
#(0 17 340 25 0 0 1 60 321666 -1 -1 -1 -1 -1 -1)
#(0 17 345 34 0 0 1 48 258143 -1 -1 -1 -1 -1 -1)
#(0 17 354 34 0 0 1 11 62800 -1 -1 -1 -1 -1 -1)
#(0 18 348 20 0 0 0 3 16175 -1 -1 -1 -1 -1 -1)
#(0 18 373 26 0 0 0 13 69068 -1 -1 -1 -1 -1 -1)
#(0 18 366 30 0 0 0 28 148352 -1 -1 -1 -1 -1 -1)
#(0 18 361 25 0 0 0 32 169375 -1 -1 -1 -1 -1 -1)
#(0 18 360 26 0 0 0 40 211635 -1 -1 -1 -1 -1 -1)
#(0 18 365 28 0 0 0 43 227508 -1 -1 -1 -1 -1 -1)
#(0 18 370 26 0 0 0 45 238028 -1 -1 -1 -1 -1 -1)
#(0 18 377 30 0 0 1 97 516951 -1 -1 -1 -1 -1 -1)
#(0 18 368 25 0 0 1 96 511748 -1 -1 -1 -1 -1 -1)
#(0 18 375 29 0 0 1 83 443041 -1 -1 -1 -1 -1 -1)
#(0 18 372 23 0 0 1 82 437869 -1 -1 -1 -1 -1 -1)
#(0 18 376 29 0 0 1 70 374410 -1 -1 -1 -1 -1 -1)
#(0 18 374 34 0 0 1 65 347921 -1 -1 -1 -1 -1 -1)
#(0 18 367 28 0 0 1 61 326893 -1 -1 -1 -1 -1 -1)
#(0 18 364 26 0 0 1 57 305803 -1 -1 -1 -1 -1 -1)
#(0 18 363 26 0 0 1 47 253000 -1 -1 -1 -1 -1 -1)
#(0 18 362 29 0 0 1 34 184304 -1 -1 -1 -1 -1 -1)
#(0 19 378 34 0 0 0 1 5862 -1 -1 -1 -1 -1 -1)
#(0 19 381 26 0 0 0 6 32120 -1 -1 -1 -1 -1 -1)
#(0 19 389 30 0 0 0 9 48005 -1 -1 -1 -1 -1 -1)
#(0 19 379 34 0 0 0 17 90353 -1 -1 -1 -1 -1 -1)
#(0 19 386 23 0 0 0 35 185175 -1 -1 -1 -1 -1 -1)
#(0 19 385 26 0 0 0 45 238016 -1 -1 -1 -1 -1 -1)
#(0 19 387 20 0 0 0 58 306565 -1 -1 -1 -1 -1 -1)
#(0 19 371 23 0 0 1 96 511791 -1 -1 -1 -1 -1 -1)
#(0 19 382 23 0 0 1 80 427290 -1 -1 -1 -1 -1 -1)
#(0 19 383 28 0 0 1 78 416649 -1 -1 -1 -1 -1 -1)
#(0 19 380 28 0 0 1 66 353284 -1 -1 -1 -1 -1 -1)
#(0 19 390 20 0 0 1 56 300644 -1 -1 -1 -1 -1 -1)
#(0 19 369 26 0 0 1 47 253010 -1 -1 -1 -1 -1 -1)
#(0 19 388 29 0 0 1 35 189600 -1 -1 -1 -1 -1 -1)
#(0 20 392 30 0 0 0 1 5799 -1 -1 -1 -1 -1 -1)
#(0 20 393 20 0 0 0 12 63692 -1 -1 -1 -1 -1 -1)
#(0 20 400 29 0 0 0 39 206390 -1 -1 -1 -1 -1 -1)
#(0 20 399 32 0 0 0 59 312031 -1 -1 -1 -1 -1 -1)
#(0 20 395 23 0 0 1 99 527618 -1 -1 -1 -1 -1 -1)
#(0 20 384 26 0 0 1 97 516996 -1 -1 -1 -1 -1 -1)
#(0 20 391 28 0 0 1 95 506399 -1 -1 -1 -1 -1 -1)
#(0 20 398 29 0 0 1 92 490564 -1 -1 -1 -1 -1 -1)
#(0 20 396 26 0 0 1 78 416693 -1 -1 -1 -1 -1 -1)
#(0 20 402 23 0 0 1 77 411471 -1 -1 -1 -1 -1 -1)
#(0 20 397 28 0 0 1 67 358577 -1 -1 -1 -1 -1 -1)
#(0 20 394 30 0 0 1 44 237089 -1 -1 -1 -1 -1 -1)
#(0 21 408 27 0 0 0 10 53250 -1 -1 -1 -1 -1 -1)
#(0 21 413 30 0 0 0 27 143049 -1 -1 -1 -1 -1 -1)
#(0 21 409 23 0 0 0 47 248545 -1 -1 -1 -1 -1 -1)
#(0 21 404 29 0 0 0 54 285616 -1 -1 -1 -1 -1 -1)
#(0 21 401 26 0 0 1 97 517008 -1 -1 -1 -1 -1 -1)
#(0 21 411 20 0 0 1 95 506561 -1 -1 -1 -1 -1 -1)
#(0 21 410 21 0 0 1 82 437890 -1 -1 -1 -1 -1 -1)
#(0 21 405 27 0 0 1 71 379696 -1 -1 -1 -1 -1 -1)
#(0 21 407 26 0 0 1 70 374451 -1 -1 -1 -1 -1 -1)
#(0 21 406 30 0 0 1 30 163162 -1 -1 -1 -1 -1 -1)
#(0 21 403 34 0 0 1 29 157809 -1 -1 -1 -1 -1 -1)
#(0 22 416 26 0 0 0 0 439 -1 -1 -1 -1 -1 -1)
#(0 22 418 22 0 0 0 8 42606 -1 -1 -1 -1 -1 -1)
#(0 22 424 20 0 0 0 11 58404 -1 -1 -1 -1 -1 -1)
#(0 22 415 20 0 0 0 12 63705 -1 -1 -1 -1 -1 -1)
#(0 22 427 27 0 0 0 17 90192 -1 -1 -1 -1 -1 -1)
#(0 22 417 29 0 0 0 19 100819 -1 -1 -1 -1 -1 -1)
#(0 22 420 30 0 0 0 20 106112 -1 -1 -1 -1 -1 -1)
#(0 22 414 22 0 0 0 47 248517 -1 -1 -1 -1 -1 -1)
#(0 22 428 29 0 0 0 49 259189 -1 -1 -1 -1 -1 -1)
#(0 22 426 28 0 0 1 98 522255 -1 -1 -1 -1 -1 -1)
#(0 22 425 27 0 0 1 90 480043 -1 -1 -1 -1 -1 -1)
#(0 22 421 23 0 0 1 78 416737 -1 -1 -1 -1 -1 -1)
#(0 22 419 20 0 0 1 77 411516 -1 -1 -1 -1 -1 -1)
#(0 22 412 25 0 0 1 67 358602 -1 -1 -1 -1 -1 -1)
#(0 22 423 20 0 0 1 64 342881 -1 -1 -1 -1 -1 -1)
#(0 22 422 19 0 0 1 56 300647 -1 -1 -1 -1 -1 -1)
#(0 23 435 32 0 0 0 7 37483 -1 -1 -1 -1 -1 -1)
#(0 23 434 29 0 0 0 62 327835 -1 -1 -1 -1 -1 -1)
#(0 23 430 24 0 0 1 67 358640 -1 -1 -1 -1 -1 -1)
#(0 23 431 28 0 0 1 61 326883 -1 -1 -1 -1 -1 -1)
#(2 23 431 -1 -1 -1 -1 -1 -1 4 -1 -1 -1 -1 -1)
#(0 23 429 28 0 0 1 60 321590 -1 -1 -1 -1 -1 -1)
#(0 23 433 34 0 0 1 49 263433 -1 -1 -1 -1 -1 -1)
#(0 24 446 21 0 0 0 8 42586 -1 -1 -1 -1 -1 -1)
#(0 24 452 28 0 0 0 9 47972 -1 -1 -1 -1 -1 -1)
#(0 24 436 27 0 0 0 17 90208 -1 -1 -1 -1 -1 -1)
#(0 24 440 20 0 0 0 19 100655 -1 -1 -1 -1 -1 -1)
#(0 24 453 26 0 0 0 22 116574 -1 -1 -1 -1 -1 -1)
#(0 24 448 30 0 0 0 25 132505 -1 -1 -1 -1 -1 -1)
#(0 24 437 23 0 0 0 36 190467 -1 -1 -1 -1 -1 -1)
#(0 24 439 20 0 0 0 58 306573 -1 -1 -1 -1 -1 -1)
#(0 24 442 24 0 0 1 99 527597 -1 -1 -1 -1 -1 -1)
#(0 24 445 29 0 0 1 98 522229 -1 -1 -1 -1 -1 -1)
#(0 24 451 33 0 0 1 91 485222 -1 -1 -1 -1 -1 -1)
#(0 24 441 20 0 0 1 90 480145 -1 -1 -1 -1 -1 -1)
#(0 24 444 27 0 0 1 83 443073 -1 -1 -1 -1 -1 -1)
#(0 24 447 24 0 0 1 82 437845 -1 -1 -1 -1 -1 -1)
#(0 24 432 21 0 0 1 77 411496 -1 -1 -1 -1 -1 -1)
#(2 24 432 -1 -1 -1 -1 -1 -1 5 -1 -1 -1 -1 -1)
#(0 24 438 23 0 0 1 74 395613 -1 -1 -1 -1 -1 -1)
#(0 24 443 23 0 0 1 70 374499 -1 -1 -1 -1 -1 -1)
#(0 24 450 28 0 0 1 50 268822 -1 -1 -1 -1 -1 -1)
#(0 25 455 20 0 0 0 13 68969 -1 -1 -1 -1 -1 -1)
#(0 25 462 20 0 0 0 20 105920 -1 -1 -1 -1 -1 -1)
#(0 25 457 31 0 0 0 25 132509 -1 -1 -1 -1 -1 -1)
#(0 25 459 20 0 0 0 29 153447 -1 -1 -1 -1 -1 -1)
#(0 25 454 20 0 0 0 36 190403 -1 -1 -1 -1 -1 -1)
#(0 25 456 27 0 0 0 44 232768 -1 -1 -1 -1 -1 -1)
#(0 25 458 26 0 0 1 85 453657 -1 -1 -1 -1 -1 -1)
#(0 25 461 32 0 0 1 84 448277 -1 -1 -1 -1 -1 -1)
#(2 25 461 -1 -1 -1 -1 -1 -1 6 -1 -1 -1 -1 -1)
#(0 25 464 20 0 0 1 12 68321 -1 -1 -1 -1 -1 -1)
#(0 26 467 27 0 0 0 5 26852 -1 -1 -1 -1 -1 -1)
#(0 26 463 23 0 0 0 9 47906 -1 -1 -1 -1 -1 -1)
#(0 26 474 34 0 0 0 46 243441 -1 -1 -1 -1 -1 -1)
#(0 26 465 26 0 0 0 54 285557 -1 -1 -1 -1 -1 -1)
#(0 26 473 28 0 0 1 93 495862 -1 -1 -1 -1 -1 -1)
#(0 26 449 19 0 0 1 90 480146 -1 -1 -1 -1 -1 -1)
#(0 26 475 20 0 0 1 84 448485 -1 -1 -1 -1 -1 -1)
#(0 26 466 24 0 0 1 70 374477 -1 -1 -1 -1 -1 -1)
#(0 26 469 29 0 0 1 40 215998 -1 -1 -1 -1 -1 -1)
#(0 26 470 27 0 0 1 38 205474 -1 -1 -1 -1 -1 -1)
#(0 27 476 23 0 0 0 9 47890 -1 -1 -1 -1 -1 -1)
#(0 27 460 21 0 0 0 13 68994 -1 -1 -1 -1 -1 -1)
#(0 27 468 21 0 0 0 20 105942 -1 -1 -1 -1 -1 -1)
#(0 27 477 29 0 0 0 31 164183 -1 -1 -1 -1 -1 -1)
#(0 27 480 34 0 0 0 37 195922 -1 -1 -1 -1 -1 -1)
#(0 27 471 26 0 0 0 44 232778 -1 -1 -1 -1 -1 -1)
#(0 27 479 23 0 0 0 62 327737 -1 -1 -1 -1 -1 -1)
#(0 27 483 23 0 0 0 70 369969 -1 -1 -1 -1 -1 -1)
#(0 27 481 24 0 0 1 88 469530 -1 -1 -1 -1 -1 -1)
#(0 27 472 24 0 0 1 85 453680 -1 -1 -1 -1 -1 -1)
#(0 27 478 25 0 0 1 67 358599 -1 -1 -1 -1 -1 -1)
#(0 27 482 23 0 0 1 64 342836 -1 -1 -1 -1 -1 -1)
#(0 28 491 32 0 0 0 28 148370 -1 -1 -1 -1 -1 -1)
#(0 28 487 29 0 0 0 30 158889 -1 -1 -1 -1 -1 -1)
#(0 28 492 32 0 0 0 53 280361 -1 -1 -1 -1 -1 -1)
#(0 28 490 28 0 0 1 95 506422 -1 -1 -1 -1 -1 -1)
#(0 28 486 25 0 0 1 74 395583 -1 -1 -1 -1 -1 -1)
#(0 28 489 26 0 0 1 62 332212 -1 -1 -1 -1 -1 -1)
#(0 28 493 30 0 0 1 60 321586 -1 -1 -1 -1 -1 -1)
#(0 28 494 29 0 0 1 58 311058 -1 -1 -1 -1 -1 -1)
#(0 28 485 34 0 0 1 27 147264 -1 -1 -1 -1 -1 -1)
#(0 29 484 21 0 0 0 20 105953 -1 -1 -1 -1 -1 -1)
#(0 29 497 32 0 0 0 24 127262 -1 -1 -1 -1 -1 -1)
#(0 29 500 26 0 0 0 26 137705 -1 -1 -1 -1 -1 -1)
#(0 29 488 30 0 0 0 30 158895 -1 -1 -1 -1 -1 -1)
#(0 29 501 26 0 0 0 54 285544 -1 -1 -1 -1 -1 -1)
#(0 29 502 26 0 0 0 71 375308 -1 -1 -1 -1 -1 -1)
#(0 29 498 30 0 0 1 94 501088 -1 -1 -1 -1 -1 -1)
#(0 29 499 25 0 0 1 86 458950 -1 -1 -1 -1 -1 -1)
#(0 29 503 22 0 0 1 84 448444 -1 -1 -1 -1 -1 -1)
#(0 29 496 29 0 0 1 38 205417 -1 -1 -1 -1 -1 -1)
#(0 30 101 45 0 3 0 9 49880 -1 -1 -1 -1 -1 -1)
#(0 30 495 21 0 0 0 20 105953 -1 -1 -1 -1 -1 -1)
#(0 30 112 27 0 2 0 20 107003 -1 -1 -1 -1 -1 -1)
#(0 30 113 40 0 1 0 22 118249 -1 -1 -1 -1 -1 -1)
#(0 30 111 50 0 1 0 29 155744 -1 -1 -1 -1 -1 -1)
#(0 30 505 29 0 0 0 38 201143 -1 -1 -1 -1 -1 -1)
#(0 30 104 37 0 3 0 39 207867 -1 -1 -1 -1 -1 -1)
#(0 30 102 36 0 1 0 41 218324 -1 -1 -1 -1 -1 -1)
#(0 30 513 34 0 0 0 43 227602 -1 -1 -1 -1 -1 -1)
#(0 30 108 46 0 1 0 43 229430 -1 -1 -1 -1 -1 -1)
#(0 30 507 34 0 0 0 50 264592 -1 -1 -1 -1 -1 -1)
#(0 30 115 43 0 1 0 59 313794 -1 -1 -1 -1 -1 -1)
#(0 30 509 25 0 0 0 64 338327 -1 -1 -1 -1 -1 -1)
#(0 30 110 50 0 1 1 98 520163 -1 -1 -1 -1 -1 -1)
#(0 30 506 32 0 0 1 92 490488 -1 -1 -1 -1 -1 -1)
#(0 30 511 25 0 0 1 85 453672 -1 -1 -1 -1 -1 -1)
#(0 30 103 26 0 2 1 82 436854 -1 -1 -1 -1 -1 -1)
#(0 30 514 23 0 0 1 81 432594 -1 -1 -1 -1 -1 -1)
#(0 30 114 49 0 2 1 80 425143 -1 -1 -1 -1 -1 -1)
#(0 30 109 41 0 2 1 69 367511 -1 -1 -1 -1 -1 -1)
#(0 30 116 42 0 1 1 68 362175 -1 -1 -1 -1 -1 -1)
#(0 30 512 26 0 0 1 58 311099 -1 -1 -1 -1 -1 -1)
#(0 30 510 25 0 0 1 56 300553 -1 -1 -1 -1 -1 -1)
#(0 30 106 50 0 1 1 55 293082 -1 -1 -1 -1 -1 -1)
#(0 30 107 48 0 1 1 49 261454 -1 -1 -1 -1 -1 -1)
#(0 30 508 28 0 0 1 27 147351 -1 -1 -1 -1 -1 -1)
#(0 31 123 35 0 2 0 1 7060 -1 -1 -1 -1 -1 -1)
#(0 31 120 48 0 2 0 2 13068 -1 -1 -1 -1 -1 -1)
#(0 31 521 20 0 0 0 3 16159 -1 -1 -1 -1 -1 -1)
#(0 31 105 26 0 2 0 9 48844 -1 -1 -1 -1 -1 -1)
#(0 31 122 31 0 2 0 16 86063 -1 -1 -1 -1 -1 -1)
#(0 31 504 25 0 0 0 26 137698 -1 -1 -1 -1 -1 -1)
#(0 31 519 34 0 0 0 37 195930 -1 -1 -1 -1 -1 -1)
#(0 31 516 28 0 0 0 41 216964 -1 -1 -1 -1 -1 -1)
#(0 31 117 51 0 2 0 44 234969 -1 -1 -1 -1 -1 -1)
#(0 31 518 20 0 0 0 47 248488 -1 -1 -1 -1 -1 -1)
#(0 31 525 25 0 0 0 60 317194 -1 -1 -1 -1 -1 -1)
#(0 31 523 25 0 0 1 96 511759 -1 -1 -1 -1 -1 -1)
#(0 31 524 23 0 0 1 79 422033 -1 -1 -1 -1 -1 -1)
#(0 31 517 25 0 0 1 76 406146 -1 -1 -1 -1 -1 -1)
#(0 31 520 33 0 0 1 61 326804 -1 -1 -1 -1 -1 -1)
#(0 31 119 39 0 1 1 57 304206 -1 -1 -1 -1 -1 -1)
#(0 31 118 42 0 1 1 52 277663 -1 -1 -1 -1 -1 -1)
#(0 31 124 40 0 1 1 48 256634 -1 -1 -1 -1 -1 -1)
#(0 31 515 32 0 0 1 45 242328 -1 -1 -1 -1 -1 -1)
#(0 32 129 27 0 2 0 0 1411 -1 -1 -1 -1 -1 -1)
#(0 32 130 46 0 1 0 4 23490 -1 -1 -1 -1 -1 -1)
#(0 32 133 54 0 1 0 6 34462 -1 -1 -1 -1 -1 -1)
#(0 32 128 47 0 1 0 8 44678 -1 -1 -1 -1 -1 -1)
#(0 32 131 28 0 3 0 9 48821 -1 -1 -1 -1 -1 -1)
#(0 32 536 23 0 0 0 15 79573 -1 -1 -1 -1 -1 -1)
#(0 32 530 20 0 0 0 24 127052 -1 -1 -1 -1 -1 -1)
#(0 32 522 26 0 0 0 26 137700 -1 -1 -1 -1 -1 -1)
#(0 32 533 23 0 0 0 38 201010 -1 -1 -1 -1 -1 -1)
#(0 32 527 30 0 0 0 40 211719 -1 -1 -1 -1 -1 -1)
#(0 32 126 42 0 1 0 43 229233 -1 -1 -1 -1 -1 -1)
#(0 32 534 29 0 0 0 48 253913 -1 -1 -1 -1 -1 -1)
#(0 32 526 32 0 0 0 50 264544 -1 -1 -1 -1 -1 -1)
#(0 32 132 38 0 1 0 58 308196 -1 -1 -1 -1 -1 -1)
#(0 32 529 27 0 0 1 99 527548 -1 -1 -1 -1 -1 -1)
#(0 32 127 50 0 1 1 90 477883 -1 -1 -1 -1 -1 -1)
#(0 32 528 25 0 0 1 86 458934 -1 -1 -1 -1 -1 -1)
#(0 32 134 25 0 2 1 78 415810 -1 -1 -1 -1 -1 -1)
#(0 32 125 37 0 1 1 70 372920 -1 -1 -1 -1 -1 -1)
#(0 32 121 37 0 1 1 68 362358 -1 -1 -1 -1 -1 -1)
#(0 32 135 42 0 1 1 62 330366 -1 -1 -1 -1 -1 -1)
#(0 32 535 26 0 0 1 56 300529 -1 -1 -1 -1 -1 -1)
#(0 32 137 31 0 2 1 51 272960 -1 -1 -1 -1 -1 -1)
#(0 32 537 25 0 0 1 34 184403 -1 -1 -1 -1 -1 -1)
#(0 32 531 29 0 0 1 30 163199 -1 -1 -1 -1 -1 -1)
#(0 33 140 33 0 2 0 1 6981 -1 -1 -1 -1 -1 -1)
#(0 33 551 28 0 0 0 8 42698 -1 -1 -1 -1 -1 -1)
#(0 33 143 46 0 3 0 12 65719 -1 -1 -1 -1 -1 -1)
#(0 33 146 27 0 2 0 16 85927 -1 -1 -1 -1 -1 -1)
#(0 33 543 25 0 0 0 17 90176 -1 -1 -1 -1 -1 -1)
#(0 33 542 21 0 0 0 20 105948 -1 -1 -1 -1 -1 -1)
#(0 33 144 27 0 2 0 20 106956 -1 -1 -1 -1 -1 -1)
#(0 33 149 34 0 3 0 28 149568 -1 -1 -1 -1 -1 -1)
#(0 33 545 20 0 0 0 35 185124 -1 -1 -1 -1 -1 -1)
#(0 33 145 28 0 2 0 36 191527 -1 -1 -1 -1 -1 -1)
#(0 33 138 37 0 1 0 38 202574 -1 -1 -1 -1 -1 -1)
#(0 33 548 32 0 0 0 51 269801 -1 -1 -1 -1 -1 -1)
#(0 33 544 28 0 0 0 93 491511 -1 -1 -1 -1 -1 -1)
#(0 33 148 27 0 2 0 93 492438 -1 -1 -1 -1 -1 -1)
#(0 33 150 37 0 2 1 88 468011 -1 -1 -1 -1 -1 -1)
#(0 33 547 25 0 0 1 85 453670 -1 -1 -1 -1 -1 -1)
#(0 33 546 28 0 0 1 83 443055 -1 -1 -1 -1 -1 -1)
#(0 33 151 51 0 1 1 79 419742 -1 -1 -1 -1 -1 -1)
#(0 33 538 24 0 0 1 76 406141 -1 -1 -1 -1 -1 -1)
#(0 33 142 33 0 3 1 68 362566 -1 -1 -1 -1 -1 -1)
#(0 33 141 36 0 1 1 56 299101 -1 -1 -1 -1 -1 -1)
#(0 33 539 20 0 0 1 47 253108 -1 -1 -1 -1 -1 -1)
#(0 33 549 23 0 0 1 44 237232 -1 -1 -1 -1 -1 -1)
#(0 33 550 29 0 0 1 38 205446 -1 -1 -1 -1 -1 -1)
#(0 33 152 43 0 1 1 31 166730 -1 -1 -1 -1 -1 -1)
#(0 33 147 37 0 1 1 14 77287 -1 -1 -1 -1 -1 -1)
#(0 34 560 23 0 0 0 4 21489 -1 -1 -1 -1 -1 -1)
#(0 34 554 32 0 0 0 6 32217 -1 -1 -1 -1 -1 -1)
#(0 34 139 27 0 2 0 9 48800 -1 -1 -1 -1 -1 -1)
#(0 34 540 21 0 0 0 15 79544 -1 -1 -1 -1 -1 -1)
#(0 34 553 27 0 0 0 16 84938 -1 -1 -1 -1 -1 -1)
#(0 34 154 43 0 1 0 18 97290 -1 -1 -1 -1 -1 -1)
#(0 34 167 28 0 2 0 23 122846 -1 -1 -1 -1 -1 -1)
#(0 34 158 53 0 1 0 24 129494 -1 -1 -1 -1 -1 -1)
#(0 34 532 26 0 0 0 26 137732 -1 -1 -1 -1 -1 -1)
#(0 34 164 38 0 3 0 35 186744 -1 -1 -1 -1 -1 -1)
#(0 34 555 20 0 0 0 46 243206 -1 -1 -1 -1 -1 -1)
#(0 34 163 26 0 2 0 61 323416 -1 -1 -1 -1 -1 -1)
#(0 34 556 25 0 0 1 96 511756 -1 -1 -1 -1 -1 -1)
#(0 34 157 49 0 1 1 92 488512 -1 -1 -1 -1 -1 -1)
#(0 34 552 27 0 0 1 91 485304 -1 -1 -1 -1 -1 -1)
#(0 34 159 36 0 1 1 90 478613 -1 -1 -1 -1 -1 -1)
#(0 34 168 35 0 1 1 86 457540 -1 -1 -1 -1 -1 -1)
#(0 34 153 33 0 2 1 83 441769 -1 -1 -1 -1 -1 -1)
#(0 34 558 20 0 0 1 80 427365 -1 -1 -1 -1 -1 -1)
#(0 34 557 27 0 0 1 77 411401 -1 -1 -1 -1 -1 -1)
#(0 34 541 22 0 0 1 76 406187 -1 -1 -1 -1 -1 -1)
#(0 34 160 46 0 3 1 74 393584 -1 -1 -1 -1 -1 -1)
#(0 34 169 27 0 2 1 73 389317 -1 -1 -1 -1 -1 -1)
#(0 34 559 23 0 0 1 66 353393 -1 -1 -1 -1 -1 -1)
#(0 34 156 27 0 2 1 64 341816 -1 -1 -1 -1 -1 -1)
#(0 34 136 55 0 2 1 62 329804 -1 -1 -1 -1 -1 -1)
#(0 34 170 48 0 1 1 59 314263 -1 -1 -1 -1 -1 -1)
#(0 34 162 45 0 3 1 43 229974 -1 -1 -1 -1 -1 -1)
#(0 34 155 29 0 2 1 34 183252 -1 -1 -1 -1 -1 -1)
#(0 34 161 41 0 1 1 22 119321 -1 -1 -1 -1 -1 -1)
#(0 35 171 36 0 2 0 2 12426 -1 -1 -1 -1 -1 -1)
#(0 35 182 38 0 3 0 8 44162 -1 -1 -1 -1 -1 -1)
#(0 35 166 32 0 2 0 35 186386 -1 -1 -1 -1 -1 -1)
#(0 35 568 30 0 0 0 36 190572 -1 -1 -1 -1 -1 -1)
#(0 35 183 20 0 2 0 50 265028 -1 -1 -1 -1 -1 -1)
#(0 35 565 29 0 0 0 53 280328 -1 -1 -1 -1 -1 -1)
#(0 35 562 26 0 0 0 55 290837 -1 -1 -1 -1 -1 -1)
#(0 35 571 34 0 0 0 66 349042 -1 -1 -1 -1 -1 -1)
#(0 35 570 28 0 0 1 95 506422 -1 -1 -1 -1 -1 -1)
#(0 35 175 33 0 2 1 84 447122 -1 -1 -1 -1 -1 -1)
#(0 35 174 20 0 3 1 82 437193 -1 -1 -1 -1 -1 -1)
#(0 35 566 26 0 0 1 79 421971 -1 -1 -1 -1 -1 -1)
#(0 35 561 25 0 0 1 78 416701 -1 -1 -1 -1 -1 -1)
#(0 35 179 38 0 3 1 76 404604 -1 -1 -1 -1 -1 -1)
#(0 35 173 27 0 2 1 75 399867 -1 -1 -1 -1 -1 -1)
#(4 35 173 -1 0 -1 -1 -1 -1 7 0 0 0 0 -1)
#(0 35 564 28 0 0 1 73 390243 -1 -1 -1 -1 -1 -1)
#(0 35 165 25 0 2 1 64 341916 -1 -1 -1 -1 -1 -1)
#(0 35 180 28 0 2 1 63 336470 -1 -1 -1 -1 -1 -1)
#(0 35 172 46 0 1 1 53 282711 -1 -1 -1 -1 -1 -1)
#(0 35 181 26 0 2 1 50 267957 -1 -1 -1 -1 -1 -1)
#(0 35 176 20 0 2 1 49 262952 -1 -1 -1 -1 -1 -1)
#(0 35 563 20 0 0 1 48 258384 -1 -1 -1 -1 -1 -1)
#(0 35 178 36 0 1 1 48 256847 -1 -1 -1 -1 -1 -1)
#(0 35 567 24 0 0 1 44 237201 -1 -1 -1 -1 -1 -1)
#(0 36 185 41 0 1 0 7 39107 -1 -1 -1 -1 -1 -1)
#(0 36 192 50 0 1 0 10 55376 -1 -1 -1 -1 -1 -1)
#(0 36 575 27 0 0 0 11 58525 -1 -1 -1 -1 -1 -1)
#(0 36 572 25 0 0 0 16 84905 -1 -1 -1 -1 -1 -1)
#(0 36 184 26 0 2 0 23 122706 -1 -1 -1 -1 -1 -1)
#(0 36 187 36 0 1 0 25 133849 -1 -1 -1 -1 -1 -1)
#(0 36 573 30 0 0 0 31 164199 -1 -1 -1 -1 -1 -1)
#(0 36 578 30 0 0 0 54 285617 -1 -1 -1 -1 -1 -1)
#(0 36 193 37 0 2 1 99 526068 -1 -1 -1 -1 -1 -1)
#(0 36 199 45 0 1 1 97 515091 -1 -1 -1 -1 -1 -1)
#(0 36 191 36 0 1 1 92 489194 -1 -1 -1 -1 -1 -1)
#(0 36 195 35 0 1 1 88 468049 -1 -1 -1 -1 -1 -1)
#(0 36 190 41 0 1 1 79 420284 -1 -1 -1 -1 -1 -1)
#(0 36 196 34 0 1 1 68 362485 -1 -1 -1 -1 -1 -1)
#(0 36 188 41 0 1 1 57 304072 -1 -1 -1 -1 -1 -1)
#(0 36 189 21 0 2 1 53 284063 -1 -1 -1 -1 -1 -1)
#(0 36 577 23 0 0 1 51 274191 -1 -1 -1 -1 -1 -1)
#(0 36 576 20 0 0 1 49 263681 -1 -1 -1 -1 -1 -1)
#(0 36 574 30 0 0 1 43 231802 -1 -1 -1 -1 -1 -1)
#(0 36 198 20 0 2 1 37 199612 -1 -1 -1 -1 -1 -1)
#(0 36 194 37 0 1 1 35 188118 -1 -1 -1 -1 -1 -1)
#(0 36 186 37 0 1 1 28 151211 -1 -1 -1 -1 -1 -1)
#(0 37 205 45 0 2 0 3 18164 -1 -1 -1 -1 -1 -1)
#(0 37 580 25 0 0 0 4 21544 -1 -1 -1 -1 -1 -1)
#(0 37 585 34 0 0 0 10 53370 -1 -1 -1 -1 -1 -1)
#(0 37 206 48 0 3 0 10 55321 -1 -1 -1 -1 -1 -1)
#(0 37 200 21 0 2 0 12 64432 -1 -1 -1 -1 -1 -1)
#(0 37 587 22 0 0 0 15 79565 -1 -1 -1 -1 -1 -1)
#(0 37 216 30 0 3 0 16 86092 -1 -1 -1 -1 -1 -1)
#(0 37 213 45 0 1 0 17 92060 -1 -1 -1 -1 -1 -1)
#(0 37 208 45 0 1 0 19 102659 -1 -1 -1 -1 -1 -1)
#(0 37 202 24 0 3 0 23 122515 -1 -1 -1 -1 -1 -1)
#(0 37 218 29 0 2 0 30 159917 -1 -1 -1 -1 -1 -1)
#(0 37 591 26 0 0 0 34 179942 -1 -1 -1 -1 -1 -1)
#(0 37 569 29 0 0 0 36 190568 -1 -1 -1 -1 -1 -1)
#(0 37 582 25 0 0 0 53 280269 -1 -1 -1 -1 -1 -1)
#(0 37 214 38 0 1 0 55 292319 -1 -1 -1 -1 -1 -1)
#(0 37 583 28 0 0 0 68 359511 -1 -1 -1 -1 -1 -1)
#(0 37 197 27 0 2 1 99 526604 -1 -1 -1 -1 -1 -1)
#(0 37 207 20 0 2 1 95 505840 -1 -1 -1 -1 -1 -1)
#(0 37 588 20 0 0 1 93 495994 -1 -1 -1 -1 -1 -1)
#(0 37 212 31 0 2 1 87 463009 -1 -1 -1 -1 -1 -1)
#(0 37 177 20 0 2 1 82 437219 -1 -1 -1 -1 -1 -1)
#(0 37 579 23 0 0 1 77 411445 -1 -1 -1 -1 -1 -1)
#(0 37 590 26 0 0 1 75 400852 -1 -1 -1 -1 -1 -1)
#(0 37 584 20 0 0 1 74 395671 -1 -1 -1 -1 -1 -1)
#(0 37 203 38 0 3 1 72 383430 -1 -1 -1 -1 -1 -1)
#(0 37 586 25 0 0 1 68 363916 -1 -1 -1 -1 -1 -1)
#(0 37 581 33 0 0 1 67 358463 -1 -1 -1 -1 -1 -1)
#(0 37 592 20 0 0 1 67 358724 -1 -1 -1 -1 -1 -1)
#(0 37 211 20 0 2 1 61 326324 -1 -1 -1 -1 -1 -1)
#(0 37 209 20 0 2 1 52 278803 -1 -1 -1 -1 -1 -1)
#(0 37 589 25 0 0 1 14 78794 -1 -1 -1 -1 -1 -1)
#(0 38 210 29 0 2 0 3 17306 -1 -1 -1 -1 -1 -1)
#(0 38 601 27 0 0 0 5 26846 -1 -1 -1 -1 -1 -1)
#(0 38 220 39 0 2 0 7 38998 -1 -1 -1 -1 -1 -1)
#(0 38 219 38 0 1 0 8 44221 -1 -1 -1 -1 -1 -1)
#(0 38 201 22 0 3 0 12 64468 -1 -1 -1 -1 -1 -1)
#(0 38 599 29 0 0 0 13 69118 -1 -1 -1 -1 -1 -1)
#(0 38 230 41 0 1 0 18 97176 -1 -1 -1 -1 -1 -1)
#(0 38 227 37 0 2 0 19 102313 -1 -1 -1 -1 -1 -1)
#(0 38 597 23 0 0 0 22 116543 -1 -1 -1 -1 -1 -1)
#(0 38 224 33 0 2 0 31 165420 -1 -1 -1 -1 -1 -1)
#(0 38 222 40 0 3 0 37 197449 -1 -1 -1 -1 -1 -1)
#(0 38 225 44 0 3 0 43 229326 -1 -1 -1 -1 -1 -1)
#(0 38 595 23 0 0 0 48 253822 -1 -1 -1 -1 -1 -1)
#(0 38 604 27 0 0 0 54 285559 -1 -1 -1 -1 -1 -1)
#(0 38 605 27 0 0 0 60 317233 -1 -1 -1 -1 -1 -1)
#(0 38 596 23 0 0 0 69 364705 -1 -1 -1 -1 -1 -1)
#(0 38 602 30 0 0 0 79 417624 -1 -1 -1 -1 -1 -1)
#(0 38 594 30 0 0 1 94 501081 -1 -1 -1 -1 -1 -1)
#(0 38 226 33 0 2 1 92 489375 -1 -1 -1 -1 -1 -1)
#(0 38 606 28 0 0 1 90 480023 -1 -1 -1 -1 -1 -1)
#(0 38 229 35 0 2 1 90 478665 -1 -1 -1 -1 -1 -1)
#(0 38 221 36 0 1 1 84 446923 -1 -1 -1 -1 -1 -1)
#(0 38 231 21 0 3 1 82 437205 -1 -1 -1 -1 -1 -1)
#(0 38 607 29 0 0 1 62 332171 -1 -1 -1 -1 -1 -1)
#(0 38 593 30 0 0 1 40 215961 -1 -1 -1 -1 -1 -1)
#(0 38 598 28 0 0 1 31 168489 -1 -1 -1 -1 -1 -1)
#(0 38 603 20 0 0 1 22 121116 -1 -1 -1 -1 -1 -1)
#(0 39 234 27 0 2 0 0 1443 -1 -1 -1 -1 -1 -1)
#(0 39 613 23 0 0 0 4 21507 -1 -1 -1 -1 -1 -1)
#(0 39 243 36 0 1 0 7 38852 -1 -1 -1 -1 -1 -1)
#(0 39 204 20 0 3 0 12 64392 -1 -1 -1 -1 -1 -1)
#(0 39 614 20 0 0 0 14 74251 -1 -1 -1 -1 -1 -1)
#(0 39 622 29 0 0 0 26 137758 -1 -1 -1 -1 -1 -1)
#(0 39 235 38 0 1 0 26 139266 -1 -1 -1 -1 -1 -1)
#(0 39 612 29 0 0 0 27 143056 -1 -1 -1 -1 -1 -1)
#(0 39 619 27 0 0 0 29 153566 -1 -1 -1 -1 -1 -1)
#(0 39 241 39 0 1 0 32 170998 -1 -1 -1 -1 -1 -1)
#(0 39 616 19 0 0 0 34 179828 -1 -1 -1 -1 -1 -1)
#(0 39 620 28 0 0 0 39 206383 -1 -1 -1 -1 -1 -1)
#(0 39 240 46 0 2 0 40 213553 -1 -1 -1 -1 -1 -1)
#(0 39 238 35 0 1 0 43 228969 -1 -1 -1 -1 -1 -1)
#(0 39 237 41 0 3 0 48 255534 -1 -1 -1 -1 -1 -1)
#(0 39 618 24 0 0 0 53 280229 -1 -1 -1 -1 -1 -1)
#(0 39 217 34 0 1 0 55 292125 -1 -1 -1 -1 -1 -1)
#(0 39 232 32 0 3 0 65 344892 -1 -1 -1 -1 -1 -1)
#(0 39 609 25 0 0 0 70 370018 -1 -1 -1 -1 -1 -1)
#(0 39 621 28 0 0 0 72 380618 -1 -1 -1 -1 -1 -1)
#(0 39 244 27 0 2 1 94 500215 -1 -1 -1 -1 -1 -1)
#(0 39 242 32 0 1 1 91 484102 -1 -1 -1 -1 -1 -1)
#(0 39 223 29 0 1 1 87 463084 -1 -1 -1 -1 -1 -1)
#(0 39 233 37 0 3 1 86 457381 -1 -1 -1 -1 -1 -1)
#(0 39 610 26 0 0 1 84 448361 -1 -1 -1 -1 -1 -1)
#(0 39 611 20 0 0 1 81 432626 -1 -1 -1 -1 -1 -1)
#(0 39 600 21 0 0 1 67 358701 -1 -1 -1 -1 -1 -1)
#(0 39 236 46 0 3 1 58 309150 -1 -1 -1 -1 -1 -1)
#(0 39 617 25 0 0 1 52 279428 -1 -1 -1 -1 -1 -1)
#(0 39 608 27 0 0 1 43 231857 -1 -1 -1 -1 -1 -1)
#(0 40 628 32 0 0 0 2 11105 -1 -1 -1 -1 -1 -1)
#(0 40 215 20 0 2 0 3 16852 -1 -1 -1 -1 -1 -1)
#(0 40 625 23 0 0 0 5 26784 -1 -1 -1 -1 -1 -1)
#(0 40 250 30 0 2 0 9 49035 -1 -1 -1 -1 -1 -1)
#(0 40 631 26 0 0 0 10 53230 -1 -1 -1 -1 -1 -1)
#(0 40 635 26 0 0 0 20 106022 -1 -1 -1 -1 -1 -1)
#(0 40 254 29 0 2 0 20 107169 -1 -1 -1 -1 -1 -1)
#(0 40 248 25 0 2 0 21 112213 -1 -1 -1 -1 -1 -1)
#(0 40 228 41 0 1 0 37 197511 -1 -1 -1 -1 -1 -1)
#(0 40 246 33 0 2 0 43 228748 -1 -1 -1 -1 -1 -1)
#(0 40 251 33 0 1 0 46 244599 -1 -1 -1 -1 -1 -1)
#(0 40 245 36 0 1 0 56 297541 -1 -1 -1 -1 -1 -1)
#(0 40 633 25 0 0 1 92 490637 -1 -1 -1 -1 -1 -1)
#(0 40 627 26 0 0 1 91 485325 -1 -1 -1 -1 -1 -1)
#(0 40 632 23 0 0 1 89 474821 -1 -1 -1 -1 -1 -1)
#(0 40 634 27 0 0 1 78 416681 -1 -1 -1 -1 -1 -1)
#(0 40 252 32 0 2 1 75 399604 -1 -1 -1 -1 -1 -1)
#(0 40 255 46 0 2 1 67 356708 -1 -1 -1 -1 -1 -1)
#(0 40 626 26 0 0 1 61 326920 -1 -1 -1 -1 -1 -1)
#(0 40 253 34 0 2 1 60 320319 -1 -1 -1 -1 -1 -1)
#(0 40 624 23 0 0 1 51 274167 -1 -1 -1 -1 -1 -1)
#(0 40 630 27 0 0 1 40 216032 -1 -1 -1 -1 -1 -1)
#(0 41 263 30 0 3 0 0 1511 -1 -1 -1 -1 -1 -1)
#(0 41 644 25 0 0 0 7 37354 -1 -1 -1 -1 -1 -1)
#(0 41 623 17 0 0 0 14 74204 -1 -1 -1 -1 -1 -1)
#(0 41 640 23 0 0 0 15 79581 -1 -1 -1 -1 -1 -1)
#(0 41 643 27 0 0 0 19 100759 -1 -1 -1 -1 -1 -1)
#(0 41 265 36 0 1 0 19 102163 -1 -1 -1 -1 -1 -1)
#(0 41 262 24 0 3 0 23 122558 -1 -1 -1 -1 -1 -1)
#(0 41 270 36 0 2 0 29 154991 -1 -1 -1 -1 -1 -1)
#(0 41 239 40 0 1 0 37 197454 -1 -1 -1 -1 -1 -1)
#(0 41 646 27 0 0 0 48 253873 -1 -1 -1 -1 -1 -1)
#(0 41 249 35 0 3 0 56 297499 -1 -1 -1 -1 -1 -1)
#(0 41 266 31 0 2 0 59 313103 -1 -1 -1 -1 -1 -1)
#(0 41 629 24 0 0 0 72 380559 -1 -1 -1 -1 -1 -1)
#(0 41 259 33 0 2 1 96 510473 -1 -1 -1 -1 -1 -1)
#(0 41 636 28 0 0 1 95 506396 -1 -1 -1 -1 -1 -1)
#(0 41 258 21 0 2 1 95 505733 -1 -1 -1 -1 -1 -1)
#(0 41 641 26 0 0 1 86 458930 -1 -1 -1 -1 -1 -1)
#(0 41 267 21 0 2 1 82 437165 -1 -1 -1 -1 -1 -1)
#(0 41 615 21 0 0 1 81 432603 -1 -1 -1 -1 -1 -1)
#(0 41 642 21 0 0 1 74 395656 -1 -1 -1 -1 -1 -1)
#(0 41 261 45 0 1 1 74 393640 -1 -1 -1 -1 -1 -1)
#(0 41 638 23 0 0 1 70 374493 -1 -1 -1 -1 -1 -1)
#(0 41 269 44 0 1 1 66 351476 -1 -1 -1 -1 -1 -1)
#(0 41 639 28 0 0 1 60 321602 -1 -1 -1 -1 -1 -1)
#(0 41 645 29 0 0 1 55 295211 -1 -1 -1 -1 -1 -1)
#(0 41 637 24 0 0 1 52 279428 -1 -1 -1 -1 -1 -1)
#(0 41 257 42 0 3 1 41 219533 -1 -1 -1 -1 -1 -1)
#(0 41 268 41 0 1 1 35 187929 -1 -1 -1 -1 -1 -1)
#(0 41 260 38 0 3 1 18 98354 -1 -1 -1 -1 -1 -1)
#(0 42 282 38 0 1 0 2 12600 -1 -1 -1 -1 -1 -1)
#(0 42 247 21 0 3 0 3 16896 -1 -1 -1 -1 -1 -1)
#(4 42 247 -1 0 -1 -1 -1 -1 8 0 0 0 0 -1)
#(0 42 651 21 0 0 0 5 26747 -1 -1 -1 -1 -1 -1)
#(0 42 272 28 0 2 0 20 107127 -1 -1 -1 -1 -1 -1)
#(0 42 286 50 0 3 0 22 118772 -1 -1 -1 -1 -1 -1)
#(0 42 650 26 0 0 0 25 132431 -1 -1 -1 -1 -1 -1)
#(0 42 274 38 0 3 0 30 160409 -1 -1 -1 -1 -1 -1)
#(0 42 287 35 0 1 0 36 191936 -1 -1 -1 -1 -1 -1)
#(0 42 653 28 0 0 0 37 195831 -1 -1 -1 -1 -1 -1)
#(0 42 658 27 0 0 0 51 269719 -1 -1 -1 -1 -1 -1)
#(0 42 657 27 0 0 0 52 275006 -1 -1 -1 -1 -1 -1)
#(0 42 655 26 0 0 0 56 296102 -1 -1 -1 -1 -1 -1)
#(0 42 273 28 0 2 0 57 302417 -1 -1 -1 -1 -1 -1)
#(0 42 649 25 0 0 0 63 333052 -1 -1 -1 -1 -1 -1)
#(0 42 288 43 0 3 0 66 350710 -1 -1 -1 -1 -1 -1)
#(0 42 277 28 0 1 1 99 526490 -1 -1 -1 -1 -1 -1)
#(0 42 275 20 0 2 1 98 521669 -1 -1 -1 -1 -1 -1)
#(0 42 656 32 0 0 1 97 516910 -1 -1 -1 -1 -1 -1)
#(0 42 662 24 0 0 1 92 490656 -1 -1 -1 -1 -1 -1)
#(0 42 659 29 0 0 1 85 453604 -1 -1 -1 -1 -1 -1)
#(0 42 281 38 0 1 1 85 452132 -1 -1 -1 -1 -1 -1)
#(0 42 279 36 0 1 1 83 441693 -1 -1 -1 -1 -1 -1)
#(0 42 661 22 0 0 1 81 432603 -1 -1 -1 -1 -1 -1)
#(0 42 256 32 0 2 1 75 399586 -1 -1 -1 -1 -1 -1)
#(0 42 264 26 0 2 1 74 394695 -1 -1 -1 -1 -1 -1)
#(0 42 276 36 0 1 1 71 378278 -1 -1 -1 -1 -1 -1)
#(0 42 285 44 0 1 1 67 356744 -1 -1 -1 -1 -1 -1)
#(0 42 660 27 0 0 1 58 311081 -1 -1 -1 -1 -1 -1)
#(0 42 654 25 0 0 1 52 279431 -1 -1 -1 -1 -1 -1)
#(0 42 652 25 0 0 1 51 274139 -1 -1 -1 -1 -1 -1)
#(0 42 271 47 0 1 1 25 134849 -1 -1 -1 -1 -1 -1)
#(0 42 648 30 0 0 1 21 115641 -1 -1 -1 -1 -1 -1)
#(0 42 283 56 0 1 1 17 92149 -1 -1 -1 -1 -1 -1)
#(0 42 284 27 0 2 1 13 72531 -1 -1 -1 -1 -1 -1)
#(0 43 280 27 0 2 0 0 1416 -1 -1 -1 -1 -1 -1)
#(0 43 663 30 0 0 0 2 11074 -1 -1 -1 -1 -1 -1)
#(0 43 671 27 0 0 0 3 16285 -1 -1 -1 -1 -1 -1)
#(0 43 293 38 0 2 0 10 54739 -1 -1 -1 -1 -1 -1)
#(0 43 291 21 0 2 0 12 64411 -1 -1 -1 -1 -1 -1)
#(0 43 647 24 0 0 0 15 79604 -1 -1 -1 -1 -1 -1)
#(0 43 296 31 0 2 0 27 144165 -1 -1 -1 -1 -1 -1)
#(0 43 301 28 0 2 0 57 302406 -1 -1 -1 -1 -1 -1)
#(0 43 669 27 0 0 0 60 317258 -1 -1 -1 -1 -1 -1)
#(0 43 295 47 0 1 0 60 319218 -1 -1 -1 -1 -1 -1)
#(0 43 664 26 0 0 0 83 438680 -1 -1 -1 -1 -1 -1)
#(0 43 670 28 0 0 1 98 522256 -1 -1 -1 -1 -1 -1)
#(0 43 673 27 0 0 1 88 469481 -1 -1 -1 -1 -1 -1)
#(0 43 294 37 0 2 1 86 457405 -1 -1 -1 -1 -1 -1)
#(0 43 665 34 0 0 1 83 442936 -1 -1 -1 -1 -1 -1)
#(0 43 298 20 0 2 1 69 368570 -1 -1 -1 -1 -1 -1)
#(0 43 672 27 0 0 1 68 363884 -1 -1 -1 -1 -1 -1)
#(0 43 289 37 0 1 1 67 357107 -1 -1 -1 -1 -1 -1)
#(0 43 667 27 0 0 1 59 316342 -1 -1 -1 -1 -1 -1)
#(0 43 666 34 0 0 1 57 305655 -1 -1 -1 -1 -1 -1)
#(0 43 297 41 0 1 1 56 298849 -1 -1 -1 -1 -1 -1)
#(0 43 300 44 0 3 1 41 219486 -1 -1 -1 -1 -1 -1)
#(0 43 674 34 0 0 1 38 205358 -1 -1 -1 -1 -1 -1)
#(0 43 292 33 0 3 1 36 193636 -1 -1 -1 -1 -1 -1)
#(0 43 675 32 0 0 1 35 189557 -1 -1 -1 -1 -1 -1)
#(0 43 676 20 0 0 1 28 152801 -1 -1 -1 -1 -1 -1)
#(0 43 290 35 0 3 1 24 130201 -1 -1 -1 -1 -1 -1)
#(0 44 305 36 0 1 0 8 44155 -1 -1 -1 -1 -1 -1)
#(0 44 689 26 0 0 0 13 69068 -1 -1 -1 -1 -1 -1)
#(0 44 692 27 0 0 0 16 84919 -1 -1 -1 -1 -1 -1)
#(0 44 302 32 0 2 0 16 86134 -1 -1 -1 -1 -1 -1)
#(0 44 684 20 0 0 0 18 95373 -1 -1 -1 -1 -1 -1)
#(0 44 680 29 0 0 0 21 111376 -1 -1 -1 -1 -1 -1)
#(0 44 688 27 0 0 0 24 127166 -1 -1 -1 -1 -1 -1)
#(0 44 312 39 0 1 0 33 176241 -1 -1 -1 -1 -1 -1)
#(0 44 693 27 0 0 0 37 195799 -1 -1 -1 -1 -1 -1)
#(0 44 678 23 0 0 0 42 222154 -1 -1 -1 -1 -1 -1)
#(0 44 303 35 0 2 0 43 228896 -1 -1 -1 -1 -1 -1)
#(0 44 310 31 0 2 0 44 233904 -1 -1 -1 -1 -1 -1)
#(0 44 311 38 0 2 0 55 292350 -1 -1 -1 -1 -1 -1)
#(0 44 307 38 0 3 0 66 350473 -1 -1 -1 -1 -1 -1)
#(0 44 278 21 0 2 1 98 521627 -1 -1 -1 -1 -1 -1)
#(0 44 687 20 0 0 1 94 501271 -1 -1 -1 -1 -1 -1)
#(0 44 685 27 0 0 1 93 495870 -1 -1 -1 -1 -1 -1)
#(0 44 677 23 0 0 1 92 490661 -1 -1 -1 -1 -1 -1)
#(0 44 681 23 0 0 1 90 480090 -1 -1 -1 -1 -1 -1)
#(2 44 681 -1 -1 -1 -1 -1 -1 9 -1 -1 -1 -1 -1)
#(0 44 306 28 0 2 1 89 473759 -1 -1 -1 -1 -1 -1)
#(0 44 668 29 0 0 1 85 453586 -1 -1 -1 -1 -1 -1)
#(0 44 679 34 0 0 1 83 442948 -1 -1 -1 -1 -1 -1)
#(0 44 299 22 0 2 1 82 437120 -1 -1 -1 -1 -1 -1)
#(0 44 683 28 0 0 1 76 406089 -1 -1 -1 -1 -1 -1)
#(0 44 690 32 0 0 1 73 390190 -1 -1 -1 -1 -1 -1)
#(0 44 308 25 0 2 1 71 378838 -1 -1 -1 -1 -1 -1)
#(0 44 309 31 0 2 1 64 341582 -1 -1 -1 -1 -1 -1)
#(0 44 682 29 0 0 1 53 284625 -1 -1 -1 -1 -1 -1)
#(0 44 313 35 0 2 1 50 267418 -1 -1 -1 -1 -1 -1)
#(0 44 686 34 0 0 1 33 178945 -1 -1 -1 -1 -1 -1)
#(0 44 304 41 0 1 1 21 114044 -1 -1 -1 -1 -1 -1)
#(0 45 696 28 0 0 0 0 478 -1 -1 -1 -1 -1 -1)
#(0 45 315 27 0 2 0 0 1409 -1 -1 -1 -1 -1 -1)
#(0 45 323 42 0 1 0 1 7456 -1 -1 -1 -1 -1 -1)
#(0 45 703 29 0 0 0 9 47996 -1 -1 -1 -1 -1 -1)
#(0 45 327 30 0 2 0 19 101840 -1 -1 -1 -1 -1 -1)
#(0 45 702 26 0 0 0 21 111302 -1 -1 -1 -1 -1 -1)
#(0 45 325 20 0 3 0 21 111915 -1 -1 -1 -1 -1 -1)
#(0 45 701 30 0 0 0 23 121938 -1 -1 -1 -1 -1 -1)
#(0 45 322 37 0 1 0 32 170872 -1 -1 -1 -1 -1 -1)
#(0 45 697 27 0 0 0 38 201098 -1 -1 -1 -1 -1 -1)
#(0 45 318 20 0 2 0 41 217531 -1 -1 -1 -1 -1 -1)
#(0 45 698 20 0 0 0 74 391053 -1 -1 -1 -1 -1 -1)
#(0 45 699 29 0 0 1 99 527517 -1 -1 -1 -1 -1 -1)
#(0 45 314 38 0 3 1 99 526039 -1 -1 -1 -1 -1 -1)
#(0 45 704 25 0 0 1 96 511759 -1 -1 -1 -1 -1 -1)
#(0 45 317 44 0 1 1 88 467626 -1 -1 -1 -1 -1 -1)
#(0 45 328 31 0 2 1 87 463073 -1 -1 -1 -1 -1 -1)
#(0 45 326 38 0 1 1 84 446791 -1 -1 -1 -1 -1 -1)
#(0 45 324 55 0 1 1 80 424829 -1 -1 -1 -1 -1 -1)
#(0 45 707 29 0 0 1 79 421924 -1 -1 -1 -1 -1 -1)
#(0 45 319 28 0 2 1 72 383993 -1 -1 -1 -1 -1 -1)
#(0 45 700 30 0 0 1 71 379655 -1 -1 -1 -1 -1 -1)
#(0 45 321 43 0 1 1 66 351462 -1 -1 -1 -1 -1 -1)
#(0 45 705 26 0 0 1 56 300538 -1 -1 -1 -1 -1 -1)
#(0 45 316 23 0 2 1 52 278600 -1 -1 -1 -1 -1 -1)
#(0 45 320 36 0 2 1 45 241024 -1 -1 -1 -1 -1 -1)
#(0 46 713 28 0 0 0 0 464 -1 -1 -1 -1 -1 -1)
#(0 46 338 22 0 3 0 3 16922 -1 -1 -1 -1 -1 -1)
#(0 46 709 28 0 0 0 4 21609 -1 -1 -1 -1 -1 -1)
#(0 46 329 34 0 1 0 8 43996 -1 -1 -1 -1 -1 -1)
#(0 46 723 23 0 0 0 12 63739 -1 -1 -1 -1 -1 -1)
#(0 46 334 20 0 2 0 14 74959 -1 -1 -1 -1 -1 -1)
#(0 46 333 51 0 1 0 15 81827 -1 -1 -1 -1 -1 -1)
#(0 46 332 28 0 2 0 16 86002 -1 -1 -1 -1 -1 -1)
#(0 46 691 27 0 0 0 24 127192 -1 -1 -1 -1 -1 -1)
#(0 46 330 42 0 1 0 40 213415 -1 -1 -1 -1 -1 -1)
#(0 46 694 21 0 0 0 42 222110 -1 -1 -1 -1 -1 -1)
#(0 46 720 25 0 0 0 48 253849 -1 -1 -1 -1 -1 -1)
#(0 46 726 20 0 0 0 49 259041 -1 -1 -1 -1 -1 -1)
#(0 46 714 28 0 0 1 95 506396 -1 -1 -1 -1 -1 -1)
#(0 46 695 20 0 0 1 94 501263 -1 -1 -1 -1 -1 -1)
#(0 46 706 24 0 0 1 92 490633 -1 -1 -1 -1 -1 -1)
#(0 46 711 27 0 0 1 85 453619 -1 -1 -1 -1 -1 -1)
#(0 46 331 36 0 3 1 81 431068 -1 -1 -1 -1 -1 -1)
#(0 46 719 23 0 0 1 76 406180 -1 -1 -1 -1 -1 -1)
#(0 46 337 30 0 3 1 71 378614 -1 -1 -1 -1 -1 -1)
#(0 46 336 20 0 2 1 58 310480 -1 -1 -1 -1 -1 -1)
#(0 46 712 25 0 0 1 52 279404 -1 -1 -1 -1 -1 -1)
#(0 46 335 31 0 3 1 50 267656 -1 -1 -1 -1 -1 -1)
#(0 46 717 32 0 0 1 42 226504 -1 -1 -1 -1 -1 -1)
#(0 46 710 27 0 0 1 38 205458 -1 -1 -1 -1 -1 -1)
#(0 46 725 27 0 0 1 34 184360 -1 -1 -1 -1 -1 -1)
#(0 46 715 23 0 0 1 26 142170 -1 -1 -1 -1 -1 -1)
#(0 47 722 27 0 0 0 0 437 -1 -1 -1 -1 -1 -1)
#(0 47 359 20 0 2 0 8 43264 -1 -1 -1 -1 -1 -1)
#(0 47 729 30 0 0 0 10 53321 -1 -1 -1 -1 -1 -1)
#(0 47 731 29 0 0 0 15 79684 -1 -1 -1 -1 -1 -1)
#(0 47 352 21 0 3 0 21 111916 -1 -1 -1 -1 -1 -1)
#(0 47 349 36 0 1 0 26 139152 -1 -1 -1 -1 -1 -1)
#(0 47 735 32 0 0 0 33 174768 -1 -1 -1 -1 -1 -1)
#(0 47 355 37 0 2 0 35 186684 -1 -1 -1 -1 -1 -1)
#(0 47 351 45 0 1 0 37 197715 -1 -1 -1 -1 -1 -1)
#(0 47 343 38 0 3 0 40 213148 -1 -1 -1 -1 -1 -1)
#(0 47 358 41 0 3 0 42 223889 -1 -1 -1 -1 -1 -1)
#(0 47 356 27 0 2 0 44 233799 -1 -1 -1 -1 -1 -1)
#(0 47 347 28 0 2 0 47 249596 -1 -1 -1 -1 -1 -1)
#(0 47 357 49 0 1 0 48 255995 -1 -1 -1 -1 -1 -1)
#(0 47 346 33 0 1 0 58 307965 -1 -1 -1 -1 -1 -1)
#(0 47 737 29 0 0 1 98 522249 -1 -1 -1 -1 -1 -1)
#(0 47 718 24 0 0 1 96 511754 -1 -1 -1 -1 -1 -1)
#(0 47 708 20 0 0 1 92 490709 -1 -1 -1 -1 -1 -1)
#(4 47 708 -1 0 -1 -1 -1 -1 10 0 0 0 0 -1)
#(0 47 733 30 0 0 1 91 485255 -1 -1 -1 -1 -1 -1)
#(0 47 353 41 0 1 1 91 483635 -1 -1 -1 -1 -1 -1)
#(0 47 350 27 0 2 1 88 468513 -1 -1 -1 -1 -1 -1)
#(0 47 344 36 0 1 1 85 452194 -1 -1 -1 -1 -1 -1)
#(0 47 738 33 0 0 1 84 448272 -1 -1 -1 -1 -1 -1)
#(0 47 716 27 0 0 1 79 421941 -1 -1 -1 -1 -1 -1)
#(0 47 342 27 0 2 1 72 384096 -1 -1 -1 -1 -1 -1)
#(0 47 341 42 0 1 1 68 362086 -1 -1 -1 -1 -1 -1)
#(0 47 732 30 0 0 1 66 353248 -1 -1 -1 -1 -1 -1)
#(0 47 339 30 0 2 1 64 341686 -1 -1 -1 -1 -1 -1)
#(0 47 340 30 0 2 1 60 320501 -1 -1 -1 -1 -1 -1)
#(0 47 345 50 0 1 1 48 256095 -1 -1 -1 -1 -1 -1)
#(0 47 730 32 0 0 1 47 252895 -1 -1 -1 -1 -1 -1)
#(0 47 739 25 0 0 1 45 242487 -1 -1 -1 -1 -1 -1)
#(0 47 736 34 0 0 1 37 200071 -1 -1 -1 -1 -1 -1)
#(0 47 354 53 0 3 1 11 60609 -1 -1 -1 -1 -1 -1)
#(0 48 348 20 0 2 0 3 16888 -1 -1 -1 -1 -1 -1)
#(0 48 749 25 0 0 0 4 21529 -1 -1 -1 -1 -1 -1)
#(0 48 728 23 0 0 0 12 63753 -1 -1 -1 -1 -1 -1)
#(4 48 728 -1 0 -1 -1 -1 -1 11 0 0 0 0 -1)
#(0 48 373 33 0 1 0 13 70347 -1 -1 -1 -1 -1 -1)
#(0 48 750 28 0 0 0 15 79653 -1 -1 -1 -1 -1 -1)
#(0 48 748 25 0 0 0 21 111291 -1 -1 -1 -1 -1 -1)
#(0 48 743 29 0 0 0 26 137776 -1 -1 -1 -1 -1 -1)
#(0 48 366 45 0 1 0 28 150161 -1 -1 -1 -1 -1 -1)
#(0 48 361 30 0 2 0 32 170542 -1 -1 -1 -1 -1 -1)
#(0 48 360 36 0 1 0 40 213053 -1 -1 -1 -1 -1 -1)
#(0 48 365 36 0 1 0 43 228945 -1 -1 -1 -1 -1 -1)
#(0 48 370 33 0 2 0 45 239307 -1 -1 -1 -1 -1 -1)
#(0 48 747 30 0 0 0 53 280355 -1 -1 -1 -1 -1 -1)
#(0 48 742 28 0 0 0 56 296158 -1 -1 -1 -1 -1 -1)
#(0 48 746 27 0 0 0 71 375332 -1 -1 -1 -1 -1 -1)
#(0 48 744 30 0 0 0 76 401798 -1 -1 -1 -1 -1 -1)
#(0 48 377 42 0 1 1 97 515250 -1 -1 -1 -1 -1 -1)
#(0 48 368 31 0 2 1 96 510538 -1 -1 -1 -1 -1 -1)
#(0 48 375 36 0 3 1 83 441611 -1 -1 -1 -1 -1 -1)
#(0 48 372 23 0 2 1 82 437041 -1 -1 -1 -1 -1 -1)
#(0 48 721 27 0 0 1 79 421945 -1 -1 -1 -1 -1 -1)
#(0 48 751 32 0 0 1 77 411326 -1 -1 -1 -1 -1 -1)
#(0 48 376 41 0 1 1 70 372778 -1 -1 -1 -1 -1 -1)
#(0 48 374 47 0 1 1 65 345974 -1 -1 -1 -1 -1 -1)
#(0 48 741 20 0 0 1 64 342868 -1 -1 -1 -1 -1 -1)
#(0 48 745 31 0 0 1 61 326829 -1 -1 -1 -1 -1 -1)
#(0 48 367 28 0 2 1 61 325790 -1 -1 -1 -1 -1 -1)
#(0 48 364 36 0 3 1 57 304390 -1 -1 -1 -1 -1 -1)
#(0 48 363 35 0 1 1 47 251612 -1 -1 -1 -1 -1 -1)
#(0 48 734 28 0 0 1 34 184326 -1 -1 -1 -1 -1 -1)
#(0 48 362 40 0 1 1 34 182702 -1 -1 -1 -1 -1 -1)
#(0 48 740 32 0 0 1 32 173689 -1 -1 -1 -1 -1 -1)
#(0 49 378 35 0 1 0 1 7296 -1 -1 -1 -1 -1 -1)
#(0 49 381 35 0 2 0 6 33510 -1 -1 -1 -1 -1 -1)
#(0 49 389 40 0 2 0 9 49598 -1 -1 -1 -1 -1 -1)
#(0 49 379 49 0 1 0 17 92368 -1 -1 -1 -1 -1 -1)
#(0 49 753 20 0 0 0 26 137613 -1 -1 -1 -1 -1 -1)
#(0 49 756 32 0 0 0 28 148370 -1 -1 -1 -1 -1 -1)
#(0 49 754 29 0 0 0 31 164173 -1 -1 -1 -1 -1 -1)
#(0 49 759 26 0 0 0 34 179942 -1 -1 -1 -1 -1 -1)
#(0 49 386 28 0 2 0 35 186234 -1 -1 -1 -1 -1 -1)
#(0 49 385 30 0 1 0 45 239162 -1 -1 -1 -1 -1 -1)
#(0 49 387 20 0 3 0 58 307276 -1 -1 -1 -1 -1 -1)
#(0 49 371 26 0 2 1 96 510805 -1 -1 -1 -1 -1 -1)
#(0 49 757 28 0 0 1 95 506417 -1 -1 -1 -1 -1 -1)
#(0 49 758 21 0 0 1 94 501261 -1 -1 -1 -1 -1 -1)
#(0 49 761 25 0 0 1 90 480085 -1 -1 -1 -1 -1 -1)
#(0 49 760 29 0 0 1 88 469447 -1 -1 -1 -1 -1 -1)
#(0 49 752 20 0 0 1 84 448462 -1 -1 -1 -1 -1 -1)
#(0 49 382 27 0 2 1 80 426258 -1 -1 -1 -1 -1 -1)
#(0 49 724 20 0 0 1 79 422077 -1 -1 -1 -1 -1 -1)
#(0 49 383 40 0 3 1 78 415045 -1 -1 -1 -1 -1 -1)
#(0 49 380 39 0 3 1 66 351719 -1 -1 -1 -1 -1 -1)
#(0 49 390 20 0 2 1 56 299937 -1 -1 -1 -1 -1 -1)
#(0 49 369 35 0 2 1 47 251622 -1 -1 -1 -1 -1 -1)
#(0 49 388 41 0 1 1 35 187945 -1 -1 -1 -1 -1 -1)
#(0 50 392 36 0 1 0 1 7260 -1 -1 -1 -1 -1 -1)
#(0 50 774 27 0 0 0 3 16279 -1 -1 -1 -1 -1 -1)
#(0 50 776 23 0 0 0 6 32045 -1 -1 -1 -1 -1 -1)
#(0 50 393 21 0 2 0 12 64410 -1 -1 -1 -1 -1 -1)
#(0 50 773 28 0 0 0 13 69098 -1 -1 -1 -1 -1 -1)
#(0 50 769 25 0 0 0 15 79607 -1 -1 -1 -1 -1 -1)
#(0 50 772 20 0 0 0 17 90080 -1 -1 -1 -1 -1 -1)
#(0 50 767 29 0 0 0 22 116649 -1 -1 -1 -1 -1 -1)
#(0 50 770 29 0 0 0 23 121923 -1 -1 -1 -1 -1 -1)
#(0 50 762 28 0 0 0 24 127195 -1 -1 -1 -1 -1 -1)
#(0 50 400 41 0 1 0 39 208026 -1 -1 -1 -1 -1 -1)
#(0 50 766 33 0 0 0 46 243435 -1 -1 -1 -1 -1 -1)
#(0 50 771 30 0 0 0 54 285618 -1 -1 -1 -1 -1 -1)
#(0 50 399 39 0 3 0 59 313598 -1 -1 -1 -1 -1 -1)
#(0 50 395 28 0 2 1 99 526558 -1 -1 -1 -1 -1 -1)
#(0 50 384 35 0 1 1 97 515623 -1 -1 -1 -1 -1 -1)
#(0 50 391 25 0 2 1 95 505423 -1 -1 -1 -1 -1 -1)
#(0 50 398 37 0 3 1 92 489110 -1 -1 -1 -1 -1 -1)
#(0 50 775 25 0 0 1 82 437845 -1 -1 -1 -1 -1 -1)
#(0 50 396 37 0 3 1 78 415229 -1 -1 -1 -1 -1 -1)
#(0 50 402 25 0 2 1 77 410529 -1 -1 -1 -1 -1 -1)
#(0 50 768 23 0 0 1 72 385055 -1 -1 -1 -1 -1 -1)
#(0 50 397 39 0 2 1 67 357035 -1 -1 -1 -1 -1 -1)
#(0 50 764 25 0 0 1 65 348062 -1 -1 -1 -1 -1 -1)
#(0 50 765 29 0 0 1 54 289905 -1 -1 -1 -1 -1 -1)
#(0 50 394 43 0 1 1 44 235346 -1 -1 -1 -1 -1 -1)
#(0 50 763 32 0 0 1 42 226488 -1 -1 -1 -1 -1 -1)
#(0 51 786 25 0 0 0 8 42641 -1 -1 -1 -1 -1 -1)
#(0 51 408 35 0 2 0 10 54645 -1 -1 -1 -1 -1 -1)
#(0 51 777 34 0 0 0 11 58672 -1 -1 -1 -1 -1 -1)
#(0 51 413 38 0 1 0 27 144565 -1 -1 -1 -1 -1 -1)
#(0 51 783 23 0 0 0 32 169335 -1 -1 -1 -1 -1 -1)
#(0 51 787 25 0 0 0 40 211599 -1 -1 -1 -1 -1 -1)
#(0 51 409 27 0 3 0 47 249555 -1 -1 -1 -1 -1 -1)
#(0 51 404 44 0 1 0 54 287389 -1 -1 -1 -1 -1 -1)
#(0 51 781 28 0 0 0 59 311991 -1 -1 -1 -1 -1 -1)
#(0 51 778 29 0 0 0 63 333136 -1 -1 -1 -1 -1 -1)
#(0 51 784 28 0 0 1 99 527535 -1 -1 -1 -1 -1 -1)
#(0 51 401 34 0 3 1 97 515675 -1 -1 -1 -1 -1 -1)
#(0 51 411 20 0 3 1 95 505850 -1 -1 -1 -1 -1 -1)
#(0 51 780 27 0 0 1 91 485311 -1 -1 -1 -1 -1 -1)
#(0 51 755 21 0 0 1 84 448443 -1 -1 -1 -1 -1 -1)
#(0 51 410 27 0 3 1 82 436902 -1 -1 -1 -1 -1 -1)
#(0 51 727 20 0 0 1 79 422070 -1 -1 -1 -1 -1 -1)
#(0 51 405 30 0 2 1 71 378551 -1 -1 -1 -1 -1 -1)
#(0 51 407 34 0 2 1 70 373138 -1 -1 -1 -1 -1 -1)
#(0 51 782 20 0 0 1 67 358716 -1 -1 -1 -1 -1 -1)
#(0 51 785 29 0 0 1 45 242409 -1 -1 -1 -1 -1 -1)
#(0 51 406 45 0 2 1 30 161313 -1 -1 -1 -1 -1 -1)
#(0 51 403 57 0 3 1 29 155460 -1 -1 -1 -1 -1 -1)
#(0 51 779 25 0 0 1 24 131588 -1 -1 -1 -1 -1 -1)
#(0 52 416 32 0 2 0 0 1679 -1 -1 -1 -1 -1 -1)
#(0 52 418 22 0 2 0 8 43386 -1 -1 -1 -1 -1 -1)
#(0 52 424 20 0 2 0 11 59115 -1 -1 -1 -1 -1 -1)
#(0 52 415 21 0 2 0 12 64429 -1 -1 -1 -1 -1 -1)
#(0 52 789 20 0 0 0 17 90090 -1 -1 -1 -1 -1 -1)
#(0 52 427 36 0 3 0 17 91598 -1 -1 -1 -1 -1 -1)
#(0 52 417 43 0 2 0 19 102550 -1 -1 -1 -1 -1 -1)
#(0 52 420 39 0 1 0 20 107678 -1 -1 -1 -1 -1 -1)
#(0 52 788 28 0 0 0 31 164148 -1 -1 -1 -1 -1 -1)
#(0 52 792 34 0 0 0 39 206498 -1 -1 -1 -1 -1 -1)
#(0 52 414 25 0 2 0 47 249449 -1 -1 -1 -1 -1 -1)
#(0 52 428 41 0 3 0 49 260826 -1 -1 -1 -1 -1 -1)
#(0 52 426 24 0 2 1 98 521358 -1 -1 -1 -1 -1 -1)
#(0 52 790 28 0 0 1 97 516969 -1 -1 -1 -1 -1 -1)
#(0 52 794 21 0 0 1 94 501259 -1 -1 -1 -1 -1 -1)
#(0 52 425 34 0 1 1 90 478709 -1 -1 -1 -1 -1 -1)
#(0 52 791 26 0 0 1 82 437817 -1 -1 -1 -1 -1 -1)
#(4 52 791 -1 0 -1 -1 -1 -1 12 0 0 0 0 -1)
#(0 52 421 27 0 2 1 78 415717 -1 -1 -1 -1 -1 -1)
#(0 52 419 20 0 3 1 77 410806 -1 -1 -1 -1 -1 -1)
#(0 52 412 34 0 2 1 67 357267 -1 -1 -1 -1 -1 -1)
#(0 52 423 20 0 2 1 64 342171 -1 -1 -1 -1 -1 -1)
#(0 52 422 22 0 3 1 56 299868 -1 -1 -1 -1 -1 -1)
#(0 53 796 30 0 0 0 1 5805 -1 -1 -1 -1 -1 -1)
#(0 53 799 25 0 0 0 6 32099 -1 -1 -1 -1 -1 -1)
#(0 53 435 46 0 1 0 7 39340 -1 -1 -1 -1 -1 -1)
#(0 53 797 27 0 0 0 9 47978 -1 -1 -1 -1 -1 -1)
#(0 53 793 24 0 0 0 40 211598 -1 -1 -1 -1 -1 -1)
#(0 53 434 40 0 1 0 62 329454 -1 -1 -1 -1 -1 -1)
#(0 53 800 25 0 0 1 96 511733 -1 -1 -1 -1 -1 -1)
#(0 53 798 25 0 0 1 90 480057 -1 -1 -1 -1 -1 -1)
#(0 53 795 32 0 0 1 70 374318 -1 -1 -1 -1 -1 -1)
#(0 53 430 32 0 1 1 67 357419 -1 -1 -1 -1 -1 -1)
#(0 53 802 23 0 0 1 62 332263 -1 -1 -1 -1 -1 -1)
#(0 53 431 31 0 1 1 61 325657 -1 -1 -1 -1 -1 -1)
#(0 53 429 38 0 1 1 60 320063 -1 -1 -1 -1 -1 -1)
#(0 53 433 36 0 1 1 49 261984 -1 -1 -1 -1 -1 -1)
#(0 53 801 27 0 0 1 40 216037 -1 -1 -1 -1 -1 -1)
#(0 54 810 26 0 0 0 3 16279 -1 -1 -1 -1 -1 -1)
#(0 54 812 27 0 0 0 4 21575 -1 -1 -1 -1 -1 -1)
#(0 54 808 32 0 0 0 7 37504 -1 -1 -1 -1 -1 -1)
#(0 54 446 22 0 2 0 8 43352 -1 -1 -1 -1 -1 -1)
#(0 54 452 38 0 2 0 9 49493 -1 -1 -1 -1 -1 -1)
#(0 54 436 34 0 1 0 17 91560 -1 -1 -1 -1 -1 -1)
#(0 54 813 29 0 0 0 18 95522 -1 -1 -1 -1 -1 -1)
#(0 54 440 21 0 2 0 19 101375 -1 -1 -1 -1 -1 -1)
#(0 54 453 34 0 2 0 22 117899 -1 -1 -1 -1 -1 -1)
#(0 54 448 46 0 1 0 25 134351 -1 -1 -1 -1 -1 -1)
#(0 54 809 32 0 0 0 35 185343 -1 -1 -1 -1 -1 -1)
#(0 54 437 27 0 2 0 36 191494 -1 -1 -1 -1 -1 -1)
#(0 54 811 28 0 0 0 44 232791 -1 -1 -1 -1 -1 -1)
#(0 54 806 30 0 0 0 56 296193 -1 -1 -1 -1 -1 -1)
#(0 54 439 20 0 2 0 58 307288 -1 -1 -1 -1 -1 -1)
#(0 54 442 27 0 2 1 99 526566 -1 -1 -1 -1 -1 -1)
#(0 54 445 27 0 3 1 98 521196 -1 -1 -1 -1 -1 -1)
#(0 54 451 45 0 2 1 91 483399 -1 -1 -1 -1 -1 -1)
#(0 54 814 25 0 0 1 90 480075 -1 -1 -1 -1 -1 -1)
#(0 54 441 21 0 2 1 90 479424 -1 -1 -1 -1 -1 -1)
#(0 54 444 35 0 2 1 83 441685 -1 -1 -1 -1 -1 -1)
#(0 54 447 25 0 2 1 82 436925 -1 -1 -1 -1 -1 -1)
#(0 54 432 21 0 3 1 77 410776 -1 -1 -1 -1 -1 -1)
#(0 54 438 26 0 2 1 74 394627 -1 -1 -1 -1 -1 -1)
#(0 54 803 25 0 0 1 70 374461 -1 -1 -1 -1 -1 -1)
#(0 54 443 26 0 2 1 70 373520 -1 -1 -1 -1 -1 -1)
#(0 54 807 26 0 0 1 65 348037 -1 -1 -1 -1 -1 -1)
#(0 54 815 27 0 0 1 61 326929 -1 -1 -1 -1 -1 -1)
#(0 54 804 25 0 0 1 55 295259 -1 -1 -1 -1 -1 -1)
#(0 54 450 36 0 2 1 50 267389 -1 -1 -1 -1 -1 -1)
#(0 55 826 20 0 0 0 4 21438 -1 -1 -1 -1 -1 -1)
#(0 55 824 28 0 0 0 10 53263 -1 -1 -1 -1 -1 -1)
#(0 55 455 20 0 3 0 13 69683 -1 -1 -1 -1 -1 -1)
#(0 55 819 25 0 0 0 19 100732 -1 -1 -1 -1 -1 -1)
#(0 55 462 20 0 2 0 20 106630 -1 -1 -1 -1 -1 -1)
#(0 55 457 39 0 1 0 25 134080 -1 -1 -1 -1 -1 -1)
#(0 55 459 20 0 2 0 29 154161 -1 -1 -1 -1 -1 -1)
#(0 55 822 29 0 0 0 33 174721 -1 -1 -1 -1 -1 -1)
#(0 55 818 20 0 0 0 34 179852 -1 -1 -1 -1 -1 -1)
#(0 55 454 20 0 3 0 36 191113 -1 -1 -1 -1 -1 -1)
#(0 55 831 29 0 0 0 41 216949 -1 -1 -1 -1 -1 -1)
#(0 55 456 34 0 1 0 44 234087 -1 -1 -1 -1 -1 -1)
#(0 55 458 33 0 2 1 85 452389 -1 -1 -1 -1 -1 -1)
#(0 55 461 47 0 1 1 84 446356 -1 -1 -1 -1 -1 -1)
#(0 55 827 26 0 0 1 78 416698 -1 -1 -1 -1 -1 -1)
#(0 55 828 34 0 0 1 77 411283 -1 -1 -1 -1 -1 -1)
#(0 55 825 23 0 0 1 76 406184 -1 -1 -1 -1 -1 -1)
#(0 55 830 26 0 0 1 68 363898 -1 -1 -1 -1 -1 -1)
#(0 55 817 20 0 0 1 67 358702 -1 -1 -1 -1 -1 -1)
#(0 55 805 24 0 0 1 62 332244 -1 -1 -1 -1 -1 -1)
#(0 55 823 25 0 0 1 53 284715 -1 -1 -1 -1 -1 -1)
#(0 55 816 29 0 0 1 52 279337 -1 -1 -1 -1 -1 -1)
#(0 55 820 34 0 0 1 44 237031 -1 -1 -1 -1 -1 -1)
#(0 55 821 23 0 0 1 23 126340 -1 -1 -1 -1 -1 -1)
#(0 55 464 20 0 2 1 12 67612 -1 -1 -1 -1 -1 -1)
#(0 56 467 36 0 1 0 5 28256 -1 -1 -1 -1 -1 -1)
#(0 56 463 26 0 2 0 9 48869 -1 -1 -1 -1 -1 -1)
#(0 56 829 24 0 0 0 19 100710 -1 -1 -1 -1 -1 -1)
#(0 56 842 26 0 0 0 23 121858 -1 -1 -1 -1 -1 -1)
#(0 56 835 25 0 0 0 32 169379 -1 -1 -1 -1 -1 -1)
#(0 56 474 46 0 1 0 46 245333 -1 -1 -1 -1 -1 -1)
#(0 56 837 30 0 0 0 49 259228 -1 -1 -1 -1 -1 -1)
#(0 56 843 30 0 0 0 50 264496 -1 -1 -1 -1 -1 -1)
#(0 56 465 35 0 1 0 54 286925 -1 -1 -1 -1 -1 -1)
#(0 56 473 40 0 1 1 93 494262 -1 -1 -1 -1 -1 -1)
#(0 56 833 26 0 0 1 90 480044 -1 -1 -1 -1 -1 -1)
#(0 56 449 20 0 3 1 90 479443 -1 -1 -1 -1 -1 -1)
#(0 56 475 20 0 2 1 84 447779 -1 -1 -1 -1 -1 -1)
#(0 56 839 27 0 0 1 81 432515 -1 -1 -1 -1 -1 -1)
#(0 56 834 27 0 0 1 74 395542 -1 -1 -1 -1 -1 -1)
#(0 56 841 25 0 0 1 70 374472 -1 -1 -1 -1 -1 -1)
#(0 56 466 25 0 2 1 70 373559 -1 -1 -1 -1 -1 -1)
#(0 56 838 27 0 0 1 55 295228 -1 -1 -1 -1 -1 -1)
#(0 56 832 34 0 0 1 47 252855 -1 -1 -1 -1 -1 -1)
#(0 56 469 43 0 3 1 40 214286 -1 -1 -1 -1 -1 -1)
#(0 56 470 35 0 2 1 38 204085 -1 -1 -1 -1 -1 -1)
#(0 57 836 19 0 0 0 4 21433 -1 -1 -1 -1 -1 -1)
#(0 57 851 31 0 0 0 7 37480 -1 -1 -1 -1 -1 -1)
#(0 57 854 27 0 0 0 9 47953 -1 -1 -1 -1 -1 -1)
#(0 57 476 26 0 2 0 9 48846 -1 -1 -1 -1 -1 -1)
#(0 57 848 24 0 0 0 10 53199 -1 -1 -1 -1 -1 -1)
#(0 57 460 21 0 2 0 13 69739 -1 -1 -1 -1 -1 -1)
#(0 57 468 21 0 2 0 20 106665 -1 -1 -1 -1 -1 -1)
#(0 57 477 42 0 3 0 31 165876 -1 -1 -1 -1 -1 -1)
#(0 57 855 25 0 0 0 33 174647 -1 -1 -1 -1 -1 -1)
#(0 57 480 46 0 3 0 37 197818 -1 -1 -1 -1 -1 -1)
#(0 57 471 34 0 2 0 44 234118 -1 -1 -1 -1 -1 -1)
#(0 57 844 29 0 0 0 59 312023 -1 -1 -1 -1 -1 -1)
#(0 57 479 26 0 2 0 62 328711 -1 -1 -1 -1 -1 -1)
#(0 57 483 27 0 2 0 70 370985 -1 -1 -1 -1 -1 -1)
#(0 57 845 26 0 0 1 99 527560 -1 -1 -1 -1 -1 -1)
#(0 57 852 26 0 0 1 96 511741 -1 -1 -1 -1 -1 -1)
#(0 57 849 26 0 0 1 93 495892 -1 -1 -1 -1 -1 -1)
#(0 57 481 28 0 2 1 88 468473 -1 -1 -1 -1 -1 -1)
#(0 57 472 31 0 1 1 85 452488 -1 -1 -1 -1 -1 -1)
#(0 57 840 26 0 0 1 78 416681 -1 -1 -1 -1 -1 -1)
#(0 57 846 30 0 0 1 77 411321 -1 -1 -1 -1 -1 -1)
#(0 57 847 24 0 0 1 68 363919 -1 -1 -1 -1 -1 -1)
#(0 57 478 33 0 1 1 67 357301 -1 -1 -1 -1 -1 -1)
#(0 57 482 22 0 2 1 64 342050 -1 -1 -1 -1 -1 -1)
#(0 57 850 25 0 0 1 56 300553 -1 -1 -1 -1 -1 -1)
#(0 57 853 34 0 0 1 41 221200 -1 -1 -1 -1 -1 -1)
#(0 58 863 26 0 0 0 0 424 -1 -1 -1 -1 -1 -1)
#(0 58 865 26 0 0 0 23 121877 -1 -1 -1 -1 -1 -1)
#(0 58 491 46 0 1 0 28 150239 -1 -1 -1 -1 -1 -1)
#(0 58 487 41 0 2 0 30 160530 -1 -1 -1 -1 -1 -1)
#(0 58 856 34 0 0 0 45 238191 -1 -1 -1 -1 -1 -1)
#(0 58 864 30 0 0 0 47 248665 -1 -1 -1 -1 -1 -1)
#(0 58 492 47 0 1 0 53 282295 -1 -1 -1 -1 -1 -1)
#(0 58 857 26 0 0 0 55 290846 -1 -1 -1 -1 -1 -1)
#(0 58 858 32 0 0 0 67 354303 -1 -1 -1 -1 -1 -1)
#(0 58 866 26 0 0 1 95 506464 -1 -1 -1 -1 -1 -1)
#(0 58 490 25 0 2 1 95 505495 -1 -1 -1 -1 -1 -1)
#(0 58 860 25 0 0 1 89 474782 -1 -1 -1 -1 -1 -1)
#(0 58 486 29 0 2 1 74 394486 -1 -1 -1 -1 -1 -1)
#(0 58 862 32 0 0 1 65 347944 -1 -1 -1 -1 -1 -1)
#(0 58 859 29 0 0 1 64 342706 -1 -1 -1 -1 -1 -1)
#(0 58 489 36 0 2 1 62 330806 -1 -1 -1 -1 -1 -1)
#(0 58 493 39 0 1 1 60 320012 -1 -1 -1 -1 -1 -1)
#(0 58 494 29 0 2 1 58 309955 -1 -1 -1 -1 -1 -1)
#(0 58 485 56 0 3 1 27 144926 -1 -1 -1 -1 -1 -1)
#(0 59 873 21 0 0 0 4 21452 -1 -1 -1 -1 -1 -1)
#(0 59 869 20 0 0 0 13 68974 -1 -1 -1 -1 -1 -1)
#(0 59 484 20 0 2 0 20 106674 -1 -1 -1 -1 -1 -1)
#(0 59 497 46 0 1 0 24 129156 -1 -1 -1 -1 -1 -1)
#(0 59 500 36 0 1 0 26 139096 -1 -1 -1 -1 -1 -1)
#(0 59 488 41 0 1 0 30 160530 -1 -1 -1 -1 -1 -1)
#(0 59 867 26 0 0 0 53 280282 -1 -1 -1 -1 -1 -1)
#(0 59 501 33 0 2 0 54 286846 -1 -1 -1 -1 -1 -1)
#(0 59 872 27 0 0 0 56 296124 -1 -1 -1 -1 -1 -1)
#(0 59 502 33 0 1 0 71 376581 -1 -1 -1 -1 -1 -1)
#(0 59 861 25 0 0 1 96 511744 -1 -1 -1 -1 -1 -1)
#(0 59 498 46 0 3 1 94 499240 -1 -1 -1 -1 -1 -1)
#(0 59 871 26 0 0 1 89 474779 -1 -1 -1 -1 -1 -1)
#(0 59 499 33 0 2 1 86 457686 -1 -1 -1 -1 -1 -1)
#(0 59 868 27 0 0 1 84 448344 -1 -1 -1 -1 -1 -1)
#(0 59 503 20 0 2 1 84 447744 -1 -1 -1 -1 -1 -1)
#(0 59 870 26 0 0 1 64 342767 -1 -1 -1 -1 -1 -1)
#(0 59 874 28 0 0 1 55 295228 -1 -1 -1 -1 -1 -1)
#(0 59 496 39 0 3 1 38 203865 -1 -1 -1 -1 -1 -1)
#(0 60 884 23 0 0 0 1 5652 -1 -1 -1 -1 -1 -1)
#(0 60 877 29 0 0 0 2 11054 -1 -1 -1 -1 -1 -1)
#(0 60 101 67 0 2 0 10 52827 -1 -1 -1 -1 -1 -1)
#(0 60 112 51 0 2 0 20 109252 -1 -1 -1 -1 -1 -1)
#(0 60 495 21 0 2 0 20 106677 -1 -1 -1 -1 -1 -1)
#(0 60 113 64 0 2 0 22 121071 -1 -1 -1 -1 -1 -1)
#(0 60 875 27 0 0 0 26 137755 -1 -1 -1 -1 -1 -1)
#(0 60 111 75 0 2 0 30 159049 -1 -1 -1 -1 -1 -1)
#(0 60 878 26 0 0 0 32 169402 -1 -1 -1 -1 -1 -1)
#(0 60 887 34 0 0 0 36 190632 -1 -1 -1 -1 -1 -1)
#(0 60 505 41 0 1 0 38 202805 -1 -1 -1 -1 -1 -1)
#(0 60 104 62 0 2 0 39 210586 -1 -1 -1 -1 -1 -1)
#(0 60 102 57 0 1 0 41 220840 -1 -1 -1 -1 -1 -1)
#(0 60 513 49 0 3 0 43 229628 -1 -1 -1 -1 -1 -1)
#(0 60 108 67 0 2 0 44 232377 -1 -1 -1 -1 -1 -1)
#(0 60 507 51 0 1 0 50 266683 -1 -1 -1 -1 -1 -1)
#(0 60 115 70 0 1 0 60 316862 -1 -1 -1 -1 -1 -1)
#(0 60 509 32 0 2 0 64 339552 -1 -1 -1 -1 -1 -1)
#(0 60 110 70 0 1 1 97 517079 -1 -1 -1 -1 -1 -1)
#(0 60 876 26 0 0 1 95 506445 -1 -1 -1 -1 -1 -1)
#(0 60 506 48 0 1 1 92 488505 -1 -1 -1 -1 -1 -1)
#(0 60 883 32 0 0 1 91 485238 -1 -1 -1 -1 -1 -1)
#(0 60 511 32 0 2 1 85 452444 -1 -1 -1 -1 -1 -1)
#(2 60 511 -1 -1 -1 -1 -1 -1 13 -1 -1 -1 -1 -1)
#(0 60 103 51 0 2 1 82 434619 -1 -1 -1 -1 -1 -1)
#(0 60 514 26 0 2 1 81 431623 -1 -1 -1 -1 -1 -1)
#(0 60 114 70 0 2 1 79 422082 -1 -1 -1 -1 -1 -1)
#(0 60 886 26 0 0 1 72 385024 -1 -1 -1 -1 -1 -1)
#(0 60 109 62 0 2 1 69 364789 -1 -1 -1 -1 -1 -1)
#(0 60 116 64 0 2 1 68 359353 -1 -1 -1 -1 -1 -1)
#(0 60 512 28 0 2 1 58 310042 -1 -1 -1 -1 -1 -1)
#(0 60 882 28 0 0 1 57 305782 -1 -1 -1 -1 -1 -1)
#(0 60 510 26 0 2 1 56 299573 -1 -1 -1 -1 -1 -1)
#(0 60 106 70 0 2 1 54 289998 -1 -1 -1 -1 -1 -1)
#(0 60 107 75 0 2 1 48 258168 -1 -1 -1 -1 -1 -1)
#(0 60 885 33 0 0 1 47 252897 -1 -1 -1 -1 -1 -1)
#(0 60 879 28 0 0 1 42 226564 -1 -1 -1 -1 -1 -1)
#(0 60 880 26 0 0 1 33 179092 -1 -1 -1 -1 -1 -1)
#(0 60 508 43 0 1 1 27 145621 -1 -1 -1 -1 -1 -1)
#(0 61 123 57 0 2 0 1 9576 -1 -1 -1 -1 -1 -1)
#(0 61 891 26 0 0 0 2 10998 -1 -1 -1 -1 -1 -1)
#(0 61 889 23 0 0 0 3 16226 -1 -1 -1 -1 -1 -1)
#(0 61 120 70 0 3 0 3 16152 -1 -1 -1 -1 -1 -1)
#(0 61 521 20 0 2 0 3 16868 -1 -1 -1 -1 -1 -1)
#(0 61 893 32 0 0 0 8 42764 -1 -1 -1 -1 -1 -1)
#(0 61 105 51 0 2 0 9 51077 -1 -1 -1 -1 -1 -1)
#(0 61 122 55 0 3 0 16 88463 -1 -1 -1 -1 -1 -1)
#(0 61 504 32 0 2 0 26 138914 -1 -1 -1 -1 -1 -1)
#(0 61 519 46 0 1 0 37 197838 -1 -1 -1 -1 -1 -1)
#(0 61 888 29 0 0 0 40 211688 -1 -1 -1 -1 -1 -1)
#(0 61 516 34 0 2 0 41 218326 -1 -1 -1 -1 -1 -1)
#(0 61 895 20 0 0 0 42 222080 -1 -1 -1 -1 -1 -1)
#(0 61 117 70 0 3 0 45 238053 -1 -1 -1 -1 -1 -1)
#(0 61 518 21 0 2 0 47 249208 -1 -1 -1 -1 -1 -1)
#(0 61 896 31 0 0 0 50 264513 -1 -1 -1 -1 -1 -1)
#(0 61 525 32 0 2 0 60 318419 -1 -1 -1 -1 -1 -1)
#(0 61 523 32 0 2 1 96 510533 -1 -1 -1 -1 -1 -1)
#(0 61 881 26 0 0 1 89 474757 -1 -1 -1 -1 -1 -1)
#(0 61 894 27 0 0 1 82 437804 -1 -1 -1 -1 -1 -1)
#(0 61 524 26 0 2 1 79 421069 -1 -1 -1 -1 -1 -1)
#(0 61 898 20 0 0 1 78 416805 -1 -1 -1 -1 -1 -1)
#(0 61 517 31 0 2 1 76 404955 -1 -1 -1 -1 -1 -1)
#(0 61 520 39 0 3 1 61 325229 -1 -1 -1 -1 -1 -1)
#(0 61 119 64 0 2 1 57 301391 -1 -1 -1 -1 -1 -1)
#(0 61 118 64 0 2 1 52 274842 -1 -1 -1 -1 -1 -1)
#(0 61 890 26 0 0 1 51 274121 -1 -1 -1 -1 -1 -1)
#(0 61 124 64 0 3 1 48 253813 -1 -1 -1 -1 -1 -1)
#(0 61 515 43 0 3 1 45 240566 -1 -1 -1 -1 -1 -1)
#(0 61 897 29 0 0 1 27 147364 -1 -1 -1 -1 -1 -1)
#(0 62 129 51 0 2 0 0 3659 -1 -1 -1 -1 -1 -1)
#(0 62 904 23 0 0 0 1 5659 -1 -1 -1 -1 -1 -1)
#(0 62 914 24 0 0 0 3 16226 -1 -1 -1 -1 -1 -1)
#(0 62 130 67 0 1 0 5 26437 -1 -1 -1 -1 -1 -1)
#(0 62 902 30 0 0 0 7 37479 -1 -1 -1 -1 -1 -1)
#(0 62 133 75 0 2 0 7 37767 -1 -1 -1 -1 -1 -1)
#(0 62 910 29 0 0 0 9 47997 -1 -1 -1 -1 -1 -1)
#(0 62 128 67 0 3 0 9 47625 -1 -1 -1 -1 -1 -1)
#(0 62 131 57 0 1 0 9 51320 -1 -1 -1 -1 -1 -1)
#(0 62 536 28 0 2 0 15 80611 -1 -1 -1 -1 -1 -1)
#(0 62 907 27 0 0 0 16 84932 -1 -1 -1 -1 -1 -1)
#(0 62 530 21 0 2 0 24 127774 -1 -1 -1 -1 -1 -1)
#(0 62 522 29 0 2 0 26 138828 -1 -1 -1 -1 -1 -1)
#(0 62 901 23 0 0 0 32 169343 -1 -1 -1 -1 -1 -1)
#(0 62 533 25 0 2 0 38 201940 -1 -1 -1 -1 -1 -1)
#(0 62 892 23 0 0 0 40 211581 -1 -1 -1 -1 -1 -1)
#(0 62 527 44 0 1 0 40 213506 -1 -1 -1 -1 -1 -1)
#(0 62 126 67 0 2 0 43 232176 -1 -1 -1 -1 -1 -1)
#(0 62 534 42 0 1 0 48 255579 -1 -1 -1 -1 -1 -1)
#(0 62 526 45 0 1 0 50 266361 -1 -1 -1 -1 -1 -1)
#(4 62 526 -1 0 -1 -1 -1 -1 14 0 0 0 0 -1)
#(0 62 899 25 0 0 0 51 269700 -1 -1 -1 -1 -1 -1)
#(0 62 132 62 0 2 0 58 310918 -1 -1 -1 -1 -1 -1)
#(0 62 905 32 0 0 0 89 470455 -1 -1 -1 -1 -1 -1)
#(0 62 529 34 0 1 1 99 526199 -1 -1 -1 -1 -1 -1)
#(0 62 912 30 0 0 1 97 516934 -1 -1 -1 -1 -1 -1)
#(0 62 127 70 0 2 1 89 474799 -1 -1 -1 -1 -1 -1)
#(0 62 528 30 0 1 1 86 457763 -1 -1 -1 -1 -1 -1)
#(0 62 909 25 0 0 1 81 432548 -1 -1 -1 -1 -1 -1)
#(0 62 134 50 0 1 1 78 413621 -1 -1 -1 -1 -1 -1)
#(0 62 906 23 0 0 1 76 406178 -1 -1 -1 -1 -1 -1)
#(0 62 900 29 0 0 1 74 395503 -1 -1 -1 -1 -1 -1)
#(0 62 125 62 0 3 1 70 370198 -1 -1 -1 -1 -1 -1)
#(0 62 908 27 0 0 1 69 369148 -1 -1 -1 -1 -1 -1)
#(0 62 121 64 0 2 1 68 359550 -1 -1 -1 -1 -1 -1)
#(0 62 911 28 0 0 1 66 353295 -1 -1 -1 -1 -1 -1)
#(0 62 903 30 0 0 1 65 347961 -1 -1 -1 -1 -1 -1)
#(0 62 135 55 0 1 1 62 327966 -1 -1 -1 -1 -1 -1)
#(0 62 535 26 0 2 1 56 299536 -1 -1 -1 -1 -1 -1)
#(0 62 137 55 0 2 1 51 270560 -1 -1 -1 -1 -1 -1)
#(0 62 537 31 0 2 1 34 183225 -1 -1 -1 -1 -1 -1)
#(0 62 531 43 0 3 1 30 161470 -1 -1 -1 -1 -1 -1)
#(0 63 140 58 0 3 0 1 9539 -1 -1 -1 -1 -1 -1)
#(0 63 923 26 0 0 0 7 37377 -1 -1 -1 -1 -1 -1)
#(0 63 551 26 0 2 0 8 43667 -1 -1 -1 -1 -1 -1)
#(0 63 143 67 0 3 0 13 68666 -1 -1 -1 -1 -1 -1)
#(0 63 146 56 0 1 0 16 88374 -1 -1 -1 -1 -1 -1)
#(0 63 543 31 0 2 0 17 91388 -1 -1 -1 -1 -1 -1)
#(0 63 144 56 0 1 0 20 109401 -1 -1 -1 -1 -1 -1)
#(0 63 542 22 0 3 0 20 106735 -1 -1 -1 -1 -1 -1)
#(0 63 918 28 0 0 0 22 116638 -1 -1 -1 -1 -1 -1)
#(0 63 916 27 0 0 0 24 127178 -1 -1 -1 -1 -1 -1)
#(0 63 922 25 0 0 0 25 132403 -1 -1 -1 -1 -1 -1)
#(0 63 149 57 0 1 0 28 152084 -1 -1 -1 -1 -1 -1)
#(0 63 545 20 0 2 0 35 185834 -1 -1 -1 -1 -1 -1)
#(0 63 145 51 0 1 0 36 193776 -1 -1 -1 -1 -1 -1)
#(0 63 924 34 0 0 0 37 195922 -1 -1 -1 -1 -1 -1)
#(0 63 138 59 0 3 0 38 205190 -1 -1 -1 -1 -1 -1)
#(0 63 915 20 0 0 0 45 237942 -1 -1 -1 -1 -1 -1)
#(0 63 548 47 0 3 0 51 271695 -1 -1 -1 -1 -1 -1)
#(0 63 917 20 0 0 0 75 396337 -1 -1 -1 -1 -1 -1)
#(0 63 148 51 0 2 0 93 494686 -1 -1 -1 -1 -1 -1)
#(0 63 544 39 0 3 0 93 493048 -1 -1 -1 -1 -1 -1)
#(0 63 150 59 0 3 1 88 465395 -1 -1 -1 -1 -1 -1)
#(0 63 547 30 0 1 1 85 452531 -1 -1 -1 -1 -1 -1)
#(0 63 546 40 0 1 1 83 441464 -1 -1 -1 -1 -1 -1)
#(0 63 920 32 0 0 1 80 427151 -1 -1 -1 -1 -1 -1)
#(2 63 920 -1 -1 -1 -1 -1 -1 15 -1 -1 -1 -1 -1)
#(0 63 151 75 0 2 1 78 416440 -1 -1 -1 -1 -1 -1)
#(0 63 538 28 0 2 1 76 405061 -1 -1 -1 -1 -1 -1)
#(0 63 921 34 0 0 1 71 379590 -1 -1 -1 -1 -1 -1)
#(0 63 142 67 0 1 1 68 359654 -1 -1 -1 -1 -1 -1)
#(0 63 919 23 0 0 1 65 348092 -1 -1 -1 -1 -1 -1)
#(0 63 141 59 0 1 1 56 296485 -1 -1 -1 -1 -1 -1)
#(0 63 539 20 0 2 1 47 252394 -1 -1 -1 -1 -1 -1)
#(0 63 549 28 0 2 1 44 236186 -1 -1 -1 -1 -1 -1)
#(0 63 550 37 0 1 1 38 203963 -1 -1 -1 -1 -1 -1)
#(0 63 152 67 0 1 1 31 163782 -1 -1 -1 -1 -1 -1)
#(0 63 147 59 0 2 1 14 74671 -1 -1 -1 -1 -1 -1)
#(0 64 560 25 0 2 0 4 22431 -1 -1 -1 -1 -1 -1)
#(0 64 554 46 0 1 0 6 34108 -1 -1 -1 -1 -1 -1)
#(0 64 139 62 0 2 0 9 51519 -1 -1 -1 -1 -1 -1)
#(0 64 926 29 0 0 0 12 63842 -1 -1 -1 -1 -1 -1)
#(0 64 540 26 0 2 0 15 80490 -1 -1 -1 -1 -1 -1)
#(0 64 927 28 0 0 0 16 84939 -1 -1 -1 -1 -1 -1)
#(0 64 553 38 0 3 0 16 86461 -1 -1 -1 -1 -1 -1)
#(0 64 154 64 0 2 0 18 100112 -1 -1 -1 -1 -1 -1)
#(0 64 167 51 0 2 0 23 125094 -1 -1 -1 -1 -1 -1)
#(0 64 158 75 0 2 0 25 132798 -1 -1 -1 -1 -1 -1)
#(0 64 532 29 0 2 0 26 138851 -1 -1 -1 -1 -1 -1)
#(0 64 164 59 0 1 0 35 189360 -1 -1 -1 -1 -1 -1)
#(0 64 930 29 0 0 0 37 195825 -1 -1 -1 -1 -1 -1)
#(0 64 555 20 0 2 0 46 243918 -1 -1 -1 -1 -1 -1)
#(4 64 555 -1 0 -1 -1 -1 -1 16 0 0 0 0 -1)
#(0 64 163 51 0 1 0 61 325633 -1 -1 -1 -1 -1 -1)
#(0 64 556 30 0 2 1 96 510599 -1 -1 -1 -1 -1 -1)
#(0 64 931 30 0 0 1 93 495828 -1 -1 -1 -1 -1 -1)
#(0 64 929 32 0 0 1 92 490518 -1 -1 -1 -1 -1 -1)
#(0 64 157 70 0 1 1 91 485439 -1 -1 -1 -1 -1 -1)
#(0 64 552 36 0 1 1 91 483898 -1 -1 -1 -1 -1 -1)
#(0 64 159 59 0 3 1 90 475997 -1 -1 -1 -1 -1 -1)
#(0 64 168 61 0 3 1 86 454869 -1 -1 -1 -1 -1 -1)
#(0 64 928 30 0 0 1 84 448313 -1 -1 -1 -1 -1 -1)
#(0 64 153 57 0 2 1 83 439253 -1 -1 -1 -1 -1 -1)
#(0 64 558 20 0 2 1 80 426659 -1 -1 -1 -1 -1 -1)
#(0 64 913 19 0 0 1 78 416785 -1 -1 -1 -1 -1 -1)
#(0 64 557 28 0 2 1 77 410329 -1 -1 -1 -1 -1 -1)
#(0 64 541 35 0 2 1 76 404831 -1 -1 -1 -1 -1 -1)
#(4 64 541 -1 0 -1 -1 -1 -1 17 0 0 0 0 -1)
#(0 64 160 70 0 1 1 73 390500 -1 -1 -1 -1 -1 -1)
#(0 64 169 51 0 2 1 73 387068 -1 -1 -1 -1 -1 -1)
#(0 64 925 26 0 0 1 72 385018 -1 -1 -1 -1 -1 -1)
#(0 64 559 26 0 2 1 66 352415 -1 -1 -1 -1 -1 -1)
#(0 64 156 51 0 2 1 64 339576 -1 -1 -1 -1 -1 -1)
#(0 64 136 75 0 1 1 61 326499 -1 -1 -1 -1 -1 -1)
#(0 64 170 75 0 2 1 58 310976 -1 -1 -1 -1 -1 -1)
#(0 64 162 70 0 2 1 42 226891 -1 -1 -1 -1 -1 -1)
#(0 64 155 54 0 2 1 34 180871 -1 -1 -1 -1 -1 -1)
#(0 64 161 64 0 3 1 22 116499 -1 -1 -1 -1 -1 -1)
#(0 65 934 23 0 0 0 0 387 -1 -1 -1 -1 -1 -1)
#(0 65 171 57 0 2 0 2 14942 -1 -1 -1 -1 -1 -1)
#(0 65 946 26 0 0 0 8 42656 -1 -1 -1 -1 -1 -1)
#(0 65 182 59 0 1 0 8 46778 -1 -1 -1 -1 -1 -1)
#(0 65 941 26 0 0 0 21 111298 -1 -1 -1 -1 -1 -1)
#(0 65 939 30 0 0 0 35 185305 -1 -1 -1 -1 -1 -1)
#(0 65 166 57 0 2 0 35 188902 -1 -1 -1 -1 -1 -1)
#(0 65 568 28 0 2 0 36 191657 -1 -1 -1 -1 -1 -1)
#(0 65 183 44 0 3 0 50 266940 -1 -1 -1 -1 -1 -1)
#(0 65 945 29 0 0 0 51 269755 -1 -1 -1 -1 -1 -1)
#(0 65 565 43 0 2 0 53 282051 -1 -1 -1 -1 -1 -1)
#(0 65 562 35 0 1 0 55 292203 -1 -1 -1 -1 -1 -1)
#(0 65 932 23 0 0 0 56 296068 -1 -1 -1 -1 -1 -1)
#(0 65 571 55 0 3 0 66 351295 -1 -1 -1 -1 -1 -1)
#(0 65 933 30 0 0 0 71 375399 -1 -1 -1 -1 -1 -1)
#(0 65 937 26 0 0 0 76 401705 -1 -1 -1 -1 -1 -1)
#(0 65 942 25 0 0 1 95 506479 -1 -1 -1 -1 -1 -1)
#(0 65 570 31 0 2 1 95 505221 -1 -1 -1 -1 -1 -1)
#(0 65 175 55 0 2 1 84 444723 -1 -1 -1 -1 -1 -1)
#(0 65 174 43 0 1 1 82 435318 -1 -1 -1 -1 -1 -1)
#(0 65 566 25 0 2 1 79 421011 -1 -1 -1 -1 -1 -1)
#(0 65 561 31 0 2 1 78 415517 -1 -1 -1 -1 -1 -1)
#(0 65 179 59 0 2 1 76 401988 -1 -1 -1 -1 -1 -1)
#(0 65 173 51 0 3 1 75 397619 -1 -1 -1 -1 -1 -1)
#(0 65 564 40 0 3 1 73 388646 -1 -1 -1 -1 -1 -1)
#(0 65 165 54 0 2 1 64 339572 -1 -1 -1 -1 -1 -1)
#(0 65 180 52 0 2 1 63 334209 -1 -1 -1 -1 -1 -1)
#(0 65 944 23 0 0 1 61 326988 -1 -1 -1 -1 -1 -1)
#(0 65 947 29 0 0 1 59 316331 -1 -1 -1 -1 -1 -1)
#(0 65 940 30 0 0 1 55 295188 -1 -1 -1 -1 -1 -1)
#(0 65 938 30 0 0 1 52 279335 -1 -1 -1 -1 -1 -1)
#(0 65 172 67 0 1 1 52 279763 -1 -1 -1 -1 -1 -1)
#(0 65 181 51 0 2 1 50 265742 -1 -1 -1 -1 -1 -1)
#(0 65 176 43 0 2 1 49 261076 -1 -1 -1 -1 -1 -1)
#(0 65 563 21 0 3 1 48 257666 -1 -1 -1 -1 -1 -1)
#(0 65 178 59 0 3 1 48 254231 -1 -1 -1 -1 -1 -1)
#(0 65 567 28 0 2 1 44 236157 -1 -1 -1 -1 -1 -1)
#(0 65 935 34 0 0 1 43 231742 -1 -1 -1 -1 -1 -1)
#(0 66 936 24 0 0 0 0 389 -1 -1 -1 -1 -1 -1)
#(2 66 936 -1 -1 -1 -1 -1 -1 18 -1 -1 -1 -1 -1)
#(0 66 954 30 0 0 0 6 32192 -1 -1 -1 -1 -1 -1)
#(0 66 185 62 0 3 0 7 41829 -1 -1 -1 -1 -1 -1)
#(0 66 962 20 0 0 0 10 53120 -1 -1 -1 -1 -1 -1)
#(0 66 192 70 0 2 0 11 58460 -1 -1 -1 -1 -1 -1)
#(0 66 575 34 0 1 0 11 59839 -1 -1 -1 -1 -1 -1)
#(0 66 951 29 0 0 0 12 63863 -1 -1 -1 -1 -1 -1)
#(0 66 948 20 0 0 0 14 74261 -1 -1 -1 -1 -1 -1)
#(0 66 955 23 0 0 0 15 79585 -1 -1 -1 -1 -1 -1)
#(0 66 957 28 0 0 0 16 84951 -1 -1 -1 -1 -1 -1)
#(0 66 572 34 0 2 0 16 86216 -1 -1 -1 -1 -1 -1)
#(0 66 184 55 0 2 0 23 125110 -1 -1 -1 -1 -1 -1)
#(0 66 187 57 0 2 0 25 136365 -1 -1 -1 -1 -1 -1)
#(0 66 573 40 0 1 0 31 165827 -1 -1 -1 -1 -1 -1)
#(0 66 943 30 0 0 0 37 195863 -1 -1 -1 -1 -1 -1)
#(0 66 956 29 0 0 0 38 201129 -1 -1 -1 -1 -1 -1)
#(0 66 958 23 0 0 0 54 285498 -1 -1 -1 -1 -1 -1)
#(0 66 578 40 0 1 0 54 287223 -1 -1 -1 -1 -1 -1)
#(0 66 193 59 0 1 1 99 523452 -1 -1 -1 -1 -1 -1)
#(0 66 199 70 0 1 1 96 512007 -1 -1 -1 -1 -1 -1)
#(0 66 191 59 0 3 1 92 486578 -1 -1 -1 -1 -1 -1)
#(0 66 195 64 0 3 1 88 465239 -1 -1 -1 -1 -1 -1)
#(0 66 952 25 0 0 1 87 464222 -1 -1 -1 -1 -1 -1)
#(0 66 949 25 0 0 1 84 448382 -1 -1 -1 -1 -1 -1)
#(0 66 963 31 0 0 1 81 432451 -1 -1 -1 -1 -1 -1)
#(0 66 190 64 0 2 1 79 417462 -1 -1 -1 -1 -1 -1)
#(0 66 950 32 0 0 1 74 395457 -1 -1 -1 -1 -1 -1)
#(0 66 196 63 0 1 1 68 359748 -1 -1 -1 -1 -1 -1)
#(0 66 960 25 0 0 1 64 342793 -1 -1 -1 -1 -1 -1)
#(0 66 953 29 0 0 1 62 332151 -1 -1 -1 -1 -1 -1)
#(0 66 188 65 0 2 1 57 301231 -1 -1 -1 -1 -1 -1)
#(0 66 189 44 0 2 1 53 282134 -1 -1 -1 -1 -1 -1)
#(0 66 577 26 0 2 1 51 273237 -1 -1 -1 -1 -1 -1)
#(0 66 576 20 0 3 1 49 262974 -1 -1 -1 -1 -1 -1)
#(0 66 959 25 0 0 1 47 253037 -1 -1 -1 -1 -1 -1)
#(0 66 574 45 0 2 1 43 229972 -1 -1 -1 -1 -1 -1)
#(0 66 198 44 0 2 1 37 197702 -1 -1 -1 -1 -1 -1)
#(0 66 194 62 0 2 1 35 185411 -1 -1 -1 -1 -1 -1)
#(0 66 186 59 0 1 1 28 148595 -1 -1 -1 -1 -1 -1)
#(0 67 968 25 0 0 0 3 16274 -1 -1 -1 -1 -1 -1)
#(0 67 205 67 0 1 0 3 21111 -1 -1 -1 -1 -1 -1)
#(0 67 964 24 0 0 0 4 21541 -1 -1 -1 -1 -1 -1)
#(0 67 580 27 0 2 0 4 22579 -1 -1 -1 -1 -1 -1)
#(0 67 585 51 0 1 0 10 55458 -1 -1 -1 -1 -1 -1)
#(0 67 206 72 0 2 0 11 58512 -1 -1 -1 -1 -1 -1)
#(0 67 200 44 0 2 0 12 66330 -1 -1 -1 -1 -1 -1)
#(0 67 587 26 0 2 0 15 80515 -1 -1 -1 -1 -1 -1)
#(0 67 216 64 0 3 0 16 88872 -1 -1 -1 -1 -1 -1)
#(0 67 213 67 0 2 0 17 95007 -1 -1 -1 -1 -1 -1)
#(0 67 208 67 0 2 0 20 105606 -1 -1 -1 -1 -1 -1)
#(0 67 202 52 0 1 0 23 124786 -1 -1 -1 -1 -1 -1)
#(0 67 218 55 0 2 0 30 162314 -1 -1 -1 -1 -1 -1)
#(0 67 591 35 0 2 0 34 181314 -1 -1 -1 -1 -1 -1)
#(0 67 569 24 0 2 0 36 191501 -1 -1 -1 -1 -1 -1)
#(0 67 976 28 0 0 0 38 201098 -1 -1 -1 -1 -1 -1)
#(0 67 979 21 0 0 0 42 222094 -1 -1 -1 -1 -1 -1)
#(0 67 978 34 0 0 0 46 243441 -1 -1 -1 -1 -1 -1)
#(0 67 582 35 0 1 0 53 281644 -1 -1 -1 -1 -1 -1)
#(0 67 214 59 0 1 0 55 294935 -1 -1 -1 -1 -1 -1)
#(0 67 583 41 0 3 0 68 361162 -1 -1 -1 -1 -1 -1)
#(0 67 980 32 0 0 0 70 370115 -1 -1 -1 -1 -1 -1)
#(0 67 197 51 0 3 1 99 524355 -1 -1 -1 -1 -1 -1)
#(0 67 207 43 0 2 1 95 503976 -1 -1 -1 -1 -1 -1)
#(0 67 588 21 0 2 1 93 495279 -1 -1 -1 -1 -1 -1)
#(0 67 212 57 0 2 1 87 460514 -1 -1 -1 -1 -1 -1)
#(0 67 177 41 0 1 1 82 435457 -1 -1 -1 -1 -1 -1)
#(0 67 579 26 0 2 1 77 410471 -1 -1 -1 -1 -1 -1)
#(0 67 590 33 0 2 1 75 399562 -1 -1 -1 -1 -1 -1)
#(0 67 974 23 0 0 1 74 395624 -1 -1 -1 -1 -1 -1)
#(0 67 584 20 0 2 1 74 394956 -1 -1 -1 -1 -1 -1)
#(0 67 203 62 0 2 1 72 380708 -1 -1 -1 -1 -1 -1)
#(0 67 966 25 0 0 1 70 374460 -1 -1 -1 -1 -1 -1)
#(0 67 973 28 0 0 1 69 369133 -1 -1 -1 -1 -1 -1)
#(0 67 586 31 0 2 1 68 362722 -1 -1 -1 -1 -1 -1)
#(0 67 581 43 0 1 1 67 356717 -1 -1 -1 -1 -1 -1)
#(0 67 592 20 0 3 1 67 358018 -1 -1 -1 -1 -1 -1)
#(0 67 970 23 0 0 1 63 337535 -1 -1 -1 -1 -1 -1)
#(0 67 211 44 0 2 1 61 324407 -1 -1 -1 -1 -1 -1)
#(0 67 965 29 0 0 1 55 295171 -1 -1 -1 -1 -1 -1)
#(0 67 209 43 0 2 1 52 276927 -1 -1 -1 -1 -1 -1)
#(0 67 971 29 0 0 1 49 263511 -1 -1 -1 -1 -1 -1)
#(0 67 972 26 0 0 1 23 126286 -1 -1 -1 -1 -1 -1)
#(0 67 967 27 0 0 1 17 94582 -1 -1 -1 -1 -1 -1)
#(0 67 589 31 0 2 1 14 77600 -1 -1 -1 -1 -1 -1)
#(0 67 969 28 0 0 1 11 62889 -1 -1 -1 -1 -1 -1)
#(0 68 210 54 0 2 0 3 19691 -1 -1 -1 -1 -1 -1)
#(0 68 601 38 0 2 0 5 28333 -1 -1 -1 -1 -1 -1)
#(0 68 220 70 0 2 0 7 42057 -1 -1 -1 -1 -1 -1)
#(0 68 219 64 0 2 0 8 47038 -1 -1 -1 -1 -1 -1)
#(0 68 985 29 0 0 0 9 48003 -1 -1 -1 -1 -1 -1)
#(0 68 201 68 0 1 0 12 67443 -1 -1 -1 -1 -1 -1)
#(0 68 599 28 0 1 0 13 70222 -1 -1 -1 -1 -1 -1)
#(0 68 230 66 0 2 0 18 100055 -1 -1 -1 -1 -1 -1)
#(0 68 227 70 0 2 0 19 105370 -1 -1 -1 -1 -1 -1)
#(0 68 597 28 0 2 0 22 117598 -1 -1 -1 -1 -1 -1)
#(0 68 224 57 0 3 0 31 167936 -1 -1 -1 -1 -1 -1)
#(0 68 222 64 0 2 0 37 200261 -1 -1 -1 -1 -1 -1)
#(0 68 225 67 0 2 0 43 232273 -1 -1 -1 -1 -1 -1)
#(0 68 595 26 0 2 0 48 254811 -1 -1 -1 -1 -1 -1)
#(0 68 604 36 0 1 0 54 286973 -1 -1 -1 -1 -1 -1)
#(0 68 605 33 0 3 0 60 318523 -1 -1 -1 -1 -1 -1)
#(0 68 596 26 0 2 0 69 365691 -1 -1 -1 -1 -1 -1)
#(0 68 602 42 0 3 0 79 419312 -1 -1 -1 -1 -1 -1)
#(0 68 983 30 0 0 1 96 511644 -1 -1 -1 -1 -1 -1)
#(0 68 981 29 0 0 1 94 501098 -1 -1 -1 -1 -1 -1)
#(0 68 594 40 0 1 1 94 499453 -1 -1 -1 -1 -1 -1)
#(0 68 989 20 0 0 1 92 490721 -1 -1 -1 -1 -1 -1)
#(0 68 226 66 0 2 1 92 486498 -1 -1 -1 -1 -1 -1)
#(0 68 606 31 0 3 1 90 478828 -1 -1 -1 -1 -1 -1)
#(0 68 229 59 0 2 1 90 476049 -1 -1 -1 -1 -1 -1)
#(0 68 990 32 0 0 1 86 458837 -1 -1 -1 -1 -1 -1)
#(0 68 221 64 0 1 1 84 444101 -1 -1 -1 -1 -1 -1)
#(0 68 231 57 0 3 1 82 434734 -1 -1 -1 -1 -1 -1)
#(0 68 993 28 0 0 1 81 432510 -1 -1 -1 -1 -1 -1)
#(0 68 977 20 0 0 1 64 342855 -1 -1 -1 -1 -1 -1)
#(0 68 975 23 0 0 1 63 337559 -1 -1 -1 -1 -1 -1)
#(0 68 991 25 0 0 1 62 332227 -1 -1 -1 -1 -1 -1)
#(0 68 607 40 0 2 1 62 330590 -1 -1 -1 -1 -1 -1)
#(0 68 984 26 0 0 1 50 268852 -1 -1 -1 -1 -1 -1)
#(0 68 961 26 0 0 1 47 253006 -1 -1 -1 -1 -1 -1)
#(0 68 982 34 0 0 1 43 231735 -1 -1 -1 -1 -1 -1)
#(0 68 987 25 0 0 1 42 226635 -1 -1 -1 -1 -1 -1)
#(0 68 593 44 0 1 1 40 214169 -1 -1 -1 -1 -1 -1)
#(0 68 598 37 0 1 1 31 167004 -1 -1 -1 -1 -1 -1)
#(0 68 603 21 0 2 1 22 120402 -1 -1 -1 -1 -1 -1)
#(0 69 234 47 0 3 0 0 3511 -1 -1 -1 -1 -1 -1)
#(0 69 1003 24 0 0 0 4 21508 -1 -1 -1 -1 -1 -1)
#(0 69 613 28 0 2 0 4 22582 -1 -1 -1 -1 -1 -1)
#(0 69 243 62 0 3 0 7 41569 -1 -1 -1 -1 -1 -1)
#(0 69 992 26 0 0 0 9 47937 -1 -1 -1 -1 -1 -1)
#(0 69 204 43 0 2 0 12 66281 -1 -1 -1 -1 -1 -1)
#(0 69 614 20 0 2 0 14 74966 -1 -1 -1 -1 -1 -1)
#(0 69 1000 32 0 0 0 23 121963 -1 -1 -1 -1 -1 -1)
#(0 69 622 35 0 3 0 26 139130 -1 -1 -1 -1 -1 -1)
#(0 69 235 62 0 3 0 26 141987 -1 -1 -1 -1 -1 -1)
#(0 69 612 43 0 3 0 27 144781 -1 -1 -1 -1 -1 -1)
#(0 69 619 33 0 2 0 29 154855 -1 -1 -1 -1 -1 -1)
#(0 69 241 62 0 3 0 32 173719 -1 -1 -1 -1 -1 -1)
#(0 69 616 20 0 3 0 34 180531 -1 -1 -1 -1 -1 -1)
#(0 69 620 41 0 1 0 39 208016 -1 -1 -1 -1 -1 -1)
#(0 69 999 20 0 0 0 40 211523 -1 -1 -1 -1 -1 -1)
#(4 69 999 -1 0 -1 -1 -1 -1 19 0 0 0 0 -1)
#(0 69 240 61 0 4 0 40 216061 -1 -1 -1 -1 -1 -1)
#(0 69 996 27 0 0 0 41 216929 -1 -1 -1 -1 -1 -1)
#(0 69 238 64 0 3 0 43 231784 -1 -1 -1 -1 -1 -1)
#(0 69 1002 25 0 0 0 47 248561 -1 -1 -1 -1 -1 -1)
#(0 69 237 62 0 3 0 48 258256 -1 -1 -1 -1 -1 -1)
#(0 69 618 31 0 2 0 53 281400 -1 -1 -1 -1 -1 -1)
#(0 69 217 70 0 3 0 55 295195 -1 -1 -1 -1 -1 -1)
#(0 69 232 57 0 3 0 65 347395 -1 -1 -1 -1 -1 -1)
#(0 69 609 32 0 2 0 70 371262 -1 -1 -1 -1 -1 -1)
#(0 69 621 39 0 3 0 72 382180 -1 -1 -1 -1 -1 -1)
#(0 69 1001 25 0 0 1 99 527603 -1 -1 -1 -1 -1 -1)
#(0 69 986 25 0 0 1 96 511753 -1 -1 -1 -1 -1 -1)
#(0 69 244 51 0 2 1 94 497967 -1 -1 -1 -1 -1 -1)
#(0 69 242 57 0 3 1 91 481591 -1 -1 -1 -1 -1 -1)
#(0 69 1004 28 0 0 1 90 480022 -1 -1 -1 -1 -1 -1)
#(0 69 223 69 0 2 1 87 460071 -1 -1 -1 -1 -1 -1)
#(0 69 233 64 0 3 1 86 454559 -1 -1 -1 -1 -1 -1)
#(0 69 610 29 0 2 1 84 447257 -1 -1 -1 -1 -1 -1)
#(0 69 611 21 0 3 1 81 431902 -1 -1 -1 -1 -1 -1)
#(0 69 998 20 0 0 1 76 406237 -1 -1 -1 -1 -1 -1)
#(0 69 600 21 0 3 1 67 357975 -1 -1 -1 -1 -1 -1)
#(0 69 994 20 0 0 1 60 321740 -1 -1 -1 -1 -1 -1)
#(0 69 236 67 0 2 1 57 306203 -1 -1 -1 -1 -1 -1)
#(0 69 617 32 0 2 1 52 278195 -1 -1 -1 -1 -1 -1)
#(0 69 608 35 0 1 1 43 230487 -1 -1 -1 -1 -1 -1)
#(0 69 997 29 0 0 1 29 157911 -1 -1 -1 -1 -1 -1)
#(0 69 995 30 0 0 1 18 99809 -1 -1 -1 -1 -1 -1)
#(0 70 1014 29 0 0 0 1 5765 -1 -1 -1 -1 -1 -1)
#(0 70 628 46 0 1 0 2 12999 -1 -1 -1 -1 -1 -1)
#(0 70 215 44 0 2 0 3 18768 -1 -1 -1 -1 -1 -1)
#(0 70 625 26 0 2 0 5 27767 -1 -1 -1 -1 -1 -1)
#(0 70 250 53 0 2 0 9 51343 -1 -1 -1 -1 -1 -1)
#(0 70 631 34 0 2 0 10 54567 -1 -1 -1 -1 -1 -1)
#(0 70 1007 32 0 0 0 11 58622 -1 -1 -1 -1 -1 -1)
#(0 70 1015 30 0 0 0 12 63853 -1 -1 -1 -1 -1 -1)
#(0 70 635 23 0 2 0 20 106874 -1 -1 -1 -1 -1 -1)
#(0 70 254 63 0 1 0 20 109916 -1 -1 -1 -1 -1 -1)
#(0 70 248 50 0 2 0 21 114409 -1 -1 -1 -1 -1 -1)
#(0 70 228 75 0 2 0 38 200800 -1 -1 -1 -1 -1 -1)
#(0 70 1006 29 0 0 0 39 206414 -1 -1 -1 -1 -1 -1)
#(0 70 246 59 0 2 0 43 231351 -1 -1 -1 -1 -1 -1)
#(0 70 1016 24 0 0 0 45 237984 -1 -1 -1 -1 -1 -1)
#(0 70 251 57 0 3 0 46 247115 -1 -1 -1 -1 -1 -1)
#(0 70 245 57 0 1 0 56 300057 -1 -1 -1 -1 -1 -1)
#(0 70 1008 32 0 0 0 72 380697 -1 -1 -1 -1 -1 -1)
#(0 70 1005 27 0 0 1 93 495862 -1 -1 -1 -1 -1 -1)
#(0 70 1009 20 0 0 1 92 490716 -1 -1 -1 -1 -1 -1)
#(0 70 633 29 0 2 1 92 489516 -1 -1 -1 -1 -1 -1)
#(0 70 627 33 0 3 1 91 484041 -1 -1 -1 -1 -1 -1)
#(0 70 1012 27 0 0 1 89 474754 -1 -1 -1 -1 -1 -1)
#(0 70 632 28 0 2 1 89 473787 -1 -1 -1 -1 -1 -1)
#(0 70 634 33 0 2 1 78 415412 -1 -1 -1 -1 -1 -1)
#(0 70 252 59 0 2 1 75 397015 -1 -1 -1 -1 -1 -1)
#(0 70 255 67 0 2 1 67 353760 -1 -1 -1 -1 -1 -1)
#(0 70 1011 27 0 0 1 62 332192 -1 -1 -1 -1 -1 -1)
#(0 70 626 33 0 3 1 61 325627 -1 -1 -1 -1 -1 -1)
#(0 70 253 59 0 2 1 60 317707 -1 -1 -1 -1 -1 -1)
#(0 70 624 26 0 2 1 51 273183 -1 -1 -1 -1 -1 -1)
#(0 70 988 27 0 0 1 50 268819 -1 -1 -1 -1 -1 -1)
#(0 70 630 31 0 2 1 40 214815 -1 -1 -1 -1 -1 -1)
#(0 71 1021 26 0 0 0 0 438 -1 -1 -1 -1 -1 -1)
#(0 71 263 54 0 3 0 0 3869 -1 -1 -1 -1 -1 -1)
#(0 71 1020 28 0 0 0 1 5738 -1 -1 -1 -1 -1 -1)
#(0 71 1013 25 0 0 0 4 21535 -1 -1 -1 -1 -1 -1)
#(0 71 644 31 0 2 0 7 38539 -1 -1 -1 -1 -1 -1)
#(0 71 1026 24 0 0 0 14 74308 -1 -1 -1 -1 -1 -1)
#(0 71 623 23 0 2 0 14 75012 -1 -1 -1 -1 -1 -1)
#(0 71 640 27 0 2 0 15 80578 -1 -1 -1 -1 -1 -1)
#(0 71 1024 20 0 0 0 17 90091 -1 -1 -1 -1 -1 -1)
#(0 71 643 36 0 3 0 19 102196 -1 -1 -1 -1 -1 -1)
#(0 71 265 59 0 3 0 19 104778 -1 -1 -1 -1 -1 -1)
#(0 71 262 53 0 2 0 23 124864 -1 -1 -1 -1 -1 -1)
#(0 71 1027 34 0 0 0 28 148410 -1 -1 -1 -1 -1 -1)
#(0 71 270 62 0 2 0 29 157710 -1 -1 -1 -1 -1 -1)
#(0 71 239 68 0 2 0 37 200426 -1 -1 -1 -1 -1 -1)
#(0 71 1017 22 0 0 0 41 216860 -1 -1 -1 -1 -1 -1)
#(0 71 1025 25 0 0 0 44 232729 -1 -1 -1 -1 -1 -1)
#(0 71 646 27 0 2 0 48 254926 -1 -1 -1 -1 -1 -1)
#(0 71 1018 23 0 0 0 53 280227 -1 -1 -1 -1 -1 -1)
#(0 71 249 59 0 1 0 56 300090 -1 -1 -1 -1 -1 -1)
#(0 71 1019 29 0 0 0 58 306736 -1 -1 -1 -1 -1 -1)
#(0 71 266 55 0 3 0 59 315503 -1 -1 -1 -1 -1 -1)
#(0 71 629 33 0 1 0 72 381849 -1 -1 -1 -1 -1 -1)
#(0 71 1010 24 0 0 1 96 511759 -1 -1 -1 -1 -1 -1)
#(0 71 259 55 0 2 1 96 508073 -1 -1 -1 -1 -1 -1)
#(0 71 258 54 0 2 1 95 503410 -1 -1 -1 -1 -1 -1)
#(0 71 636 35 0 1 1 95 505026 -1 -1 -1 -1 -1 -1)
#(0 71 641 35 0 1 1 86 457547 -1 -1 -1 -1 -1 -1)
#(0 71 1022 30 0 0 1 82 437721 -1 -1 -1 -1 -1 -1)
#(0 71 267 40 0 2 1 82 435414 -1 -1 -1 -1 -1 -1)
#(0 71 615 21 0 2 1 81 431845 -1 -1 -1 -1 -1 -1)
#(0 71 642 22 0 2 1 74 394889 -1 -1 -1 -1 -1 -1)
#(0 71 261 67 0 2 1 73 390693 -1 -1 -1 -1 -1 -1)
#(0 71 638 29 0 2 1 70 373417 -1 -1 -1 -1 -1 -1)
#(0 71 269 67 0 2 1 66 348528 -1 -1 -1 -1 -1 -1)
#(0 71 639 40 0 1 1 60 320006 -1 -1 -1 -1 -1 -1)
#(0 71 645 40 0 1 1 55 293618 -1 -1 -1 -1 -1 -1)
#(0 71 637 29 0 2 1 52 278321 -1 -1 -1 -1 -1 -1)
#(0 71 257 67 0 1 1 41 216586 -1 -1 -1 -1 -1 -1)
#(0 71 1028 29 0 0 1 38 205437 -1 -1 -1 -1 -1 -1)
#(0 71 268 66 0 2 1 35 185012 -1 -1 -1 -1 -1 -1)
#(0 71 1023 29 0 0 1 34 184311 -1 -1 -1 -1 -1 -1)
#(0 71 260 59 0 1 1 18 95739 -1 -1 -1 -1 -1 -1)
#(0 72 282 61 0 1 0 2 15277 -1 -1 -1 -1 -1 -1)
#(0 72 247 63 0 3 0 3 19625 -1 -1 -1 -1 -1 -1)
#(0 72 1029 30 0 0 0 5 26912 -1 -1 -1 -1 -1 -1)
#(0 72 651 26 0 2 0 5 27693 -1 -1 -1 -1 -1 -1)
#(0 72 272 61 0 2 0 20 109781 -1 -1 -1 -1 -1 -1)
#(0 72 286 75 0 2 0 23 122077 -1 -1 -1 -1 -1 -1)
#(0 72 650 36 0 2 0 25 133832 -1 -1 -1 -1 -1 -1)
#(0 72 274 70 0 3 0 30 163493 -1 -1 -1 -1 -1 -1)
#(0 72 287 54 0 3 0 36 194325 -1 -1 -1 -1 -1 -1)
#(0 72 653 40 0 1 0 37 197436 -1 -1 -1 -1 -1 -1)
#(0 72 658 37 0 1 0 51 271176 -1 -1 -1 -1 -1 -1)
#(0 72 657 36 0 3 0 52 276425 -1 -1 -1 -1 -1 -1)
#(0 72 655 31 0 3 0 56 297311 -1 -1 -1 -1 -1 -1)
#(0 72 273 51 0 3 0 57 304666 -1 -1 -1 -1 -1 -1)
#(0 72 649 33 0 2 0 63 334311 -1 -1 -1 -1 -1 -1)
#(0 72 288 67 0 2 0 66 353658 -1 -1 -1 -1 -1 -1)
#(0 72 277 56 0 3 1 99 524048 -1 -1 -1 -1 -1 -1)
#(0 72 275 42 0 2 1 98 519839 -1 -1 -1 -1 -1 -1)
#(0 72 656 44 0 1 1 97 515109 -1 -1 -1 -1 -1 -1)
#(0 72 662 27 0 2 1 92 489662 -1 -1 -1 -1 -1 -1)
#(0 72 659 37 0 1 1 85 452145 -1 -1 -1 -1 -1 -1)
#(0 72 281 59 0 2 1 85 449516 -1 -1 -1 -1 -1 -1)
#(0 72 279 57 0 1 1 83 439178 -1 -1 -1 -1 -1 -1)
#(0 72 661 21 0 2 1 81 431857 -1 -1 -1 -1 -1 -1)
#(0 72 256 62 0 2 1 75 396881 -1 -1 -1 -1 -1 -1)
#(0 72 264 51 0 3 1 74 392454 -1 -1 -1 -1 -1 -1)
#(0 72 276 59 0 1 1 71 375662 -1 -1 -1 -1 -1 -1)
#(0 72 285 75 0 1 1 66 353439 -1 -1 -1 -1 -1 -1)
#(0 72 1031 28 0 0 1 62 332179 -1 -1 -1 -1 -1 -1)
#(0 72 660 36 0 2 1 58 309664 -1 -1 -1 -1 -1 -1)
#(0 72 654 29 0 2 1 52 278325 -1 -1 -1 -1 -1 -1)
#(0 72 652 26 0 2 1 51 273150 -1 -1 -1 -1 -1 -1)
#(0 72 1030 26 0 0 1 40 216056 -1 -1 -1 -1 -1 -1)
#(0 72 1032 30 0 0 1 36 194870 -1 -1 -1 -1 -1 -1)
#(0 72 271 67 0 3 1 24 131902 -1 -1 -1 -1 -1 -1)
#(0 72 648 47 0 3 1 21 113715 -1 -1 -1 -1 -1 -1)
#(0 72 283 75 0 2 1 16 88845 -1 -1 -1 -1 -1 -1)
#(0 72 284 51 0 1 1 13 70282 -1 -1 -1 -1 -1 -1)
#(0 73 280 59 0 2 0 0 4000 -1 -1 -1 -1 -1 -1)
#(0 73 663 43 0 1 0 2 12831 -1 -1 -1 -1 -1 -1)
#(0 73 671 28 0 2 0 3 17351 -1 -1 -1 -1 -1 -1)
#(0 73 1033 21 0 0 0 4 21475 -1 -1 -1 -1 -1 -1)
#(0 73 293 59 0 3 0 10 57355 -1 -1 -1 -1 -1 -1)
#(0 73 291 43 0 2 0 12 66280 -1 -1 -1 -1 -1 -1)
#(0 73 647 26 0 2 0 15 80570 -1 -1 -1 -1 -1 -1)
#(0 73 296 55 0 2 0 27 146565 -1 -1 -1 -1 -1 -1)
#(0 73 1036 29 0 0 0 35 185296 -1 -1 -1 -1 -1 -1)
#(0 73 1042 23 0 0 0 45 237977 -1 -1 -1 -1 -1 -1)
#(0 73 301 52 0 1 0 57 304700 -1 -1 -1 -1 -1 -1)
#(0 73 669 34 0 2 0 60 318603 -1 -1 -1 -1 -1 -1)
#(0 73 1034 34 0 0 0 61 322663 -1 -1 -1 -1 -1 -1)
#(0 73 295 67 0 3 0 61 322165 -1 -1 -1 -1 -1 -1)
#(0 73 1035 23 0 0 0 79 417510 -1 -1 -1 -1 -1 -1)
#(0 73 664 33 0 1 0 83 439973 -1 -1 -1 -1 -1 -1)
#(0 73 670 40 0 1 1 98 520673 -1 -1 -1 -1 -1 -1)
#(0 73 1039 25 0 0 1 95 506478 -1 -1 -1 -1 -1 -1)
#(0 73 673 35 0 3 1 88 468122 -1 -1 -1 -1 -1 -1)
#(0 73 294 64 0 3 1 86 454588 -1 -1 -1 -1 -1 -1)
#(0 73 665 46 0 1 1 83 441058 -1 -1 -1 -1 -1 -1)
#(0 73 298 43 0 2 1 69 366688 -1 -1 -1 -1 -1 -1)
#(0 73 672 35 0 3 1 68 362501 -1 -1 -1 -1 -1 -1)
#(0 73 289 64 0 1 1 67 354285 -1 -1 -1 -1 -1 -1)
#(0 73 1040 22 0 0 1 60 321714 -1 -1 -1 -1 -1 -1)
#(0 73 667 37 0 1 1 59 314874 -1 -1 -1 -1 -1 -1)
#(0 73 666 54 0 1 1 57 303436 -1 -1 -1 -1 -1 -1)
#(0 73 297 64 0 3 1 56 296028 -1 -1 -1 -1 -1 -1)
#(0 73 1041 32 0 0 1 52 279310 -1 -1 -1 -1 -1 -1)
#(0 73 300 70 0 2 1 40 216403 -1 -1 -1 -1 -1 -1)
#(0 73 674 48 0 2 1 38 203372 -1 -1 -1 -1 -1 -1)
#(0 73 292 59 0 1 1 36 191066 -1 -1 -1 -1 -1 -1)
#(0 73 675 51 0 1 1 35 187491 -1 -1 -1 -1 -1 -1)
#(0 73 676 20 0 2 1 28 152091 -1 -1 -1 -1 -1 -1)
#(0 73 290 57 0 1 1 24 127685 -1 -1 -1 -1 -1 -1)
#(0 74 1043 21 0 0 0 4 21457 -1 -1 -1 -1 -1 -1)
#(0 74 1054 23 0 0 0 6 32050 -1 -1 -1 -1 -1 -1)
#(0 74 305 61 0 3 0 8 46824 -1 -1 -1 -1 -1 -1)
#(0 74 689 33 0 2 0 13 70340 -1 -1 -1 -1 -1 -1)
#(0 74 1045 23 0 0 0 16 84868 -1 -1 -1 -1 -1 -1)
#(0 74 302 55 0 3 0 16 88534 -1 -1 -1 -1 -1 -1)
#(0 74 692 37 0 1 0 16 86360 -1 -1 -1 -1 -1 -1)
#(0 74 1055 23 0 0 0 17 90137 -1 -1 -1 -1 -1 -1)
#(0 74 684 21 0 2 0 18 96095 -1 -1 -1 -1 -1 -1)
#(0 74 1053 28 0 0 0 19 100778 -1 -1 -1 -1 -1 -1)
#(0 74 1044 34 0 0 0 20 106192 -1 -1 -1 -1 -1 -1)
#(0 74 680 42 0 3 0 21 113074 -1 -1 -1 -1 -1 -1)
#(0 74 688 29 0 1 0 24 128289 -1 -1 -1 -1 -1 -1)
#(0 74 1057 23 0 0 0 33 174612 -1 -1 -1 -1 -1 -1)
#(0 74 312 62 0 3 0 33 178963 -1 -1 -1 -1 -1 -1)
#(0 74 1037 30 0 0 0 35 185302 -1 -1 -1 -1 -1 -1)
#(0 74 693 36 0 1 0 37 197226 -1 -1 -1 -1 -1 -1)
#(0 74 1049 20 0 0 0 38 200966 -1 -1 -1 -1 -1 -1)
#(0 74 678 27 0 2 0 42 223166 -1 -1 -1 -1 -1 -1)
#(0 74 303 59 0 3 0 43 231511 -1 -1 -1 -1 -1 -1)
#(0 74 310 55 0 2 0 44 236304 -1 -1 -1 -1 -1 -1)
#(0 74 311 61 0 2 0 55 295039 -1 -1 -1 -1 -1 -1)
#(0 74 1038 25 0 0 0 61 322493 -1 -1 -1 -1 -1 -1)
#(0 74 307 64 0 2 0 66 353270 -1 -1 -1 -1 -1 -1)
#(0 74 278 55 0 1 1 98 519251 -1 -1 -1 -1 -1 -1)
#(0 74 687 20 0 2 1 94 500559 -1 -1 -1 -1 -1 -1)
#(0 74 685 22 0 2 1 93 495046 -1 -1 -1 -1 -1 -1)
#(0 74 1050 24 0 0 1 92 490652 -1 -1 -1 -1 -1 -1)
#(0 74 677 25 0 2 1 92 489714 -1 -1 -1 -1 -1 -1)
#(0 74 681 29 0 2 1 90 479001 -1 -1 -1 -1 -1 -1)
#(0 74 306 51 0 2 1 89 471511 -1 -1 -1 -1 -1 -1)
#(0 74 668 34 0 2 1 85 452224 -1 -1 -1 -1 -1 -1)
#(0 74 679 41 0 1 1 83 441263 -1 -1 -1 -1 -1 -1)
#(0 74 299 47 0 2 1 82 435065 -1 -1 -1 -1 -1 -1)
#(0 74 683 37 0 1 1 76 404606 -1 -1 -1 -1 -1 -1)
#(0 74 690 46 0 3 1 73 388330 -1 -1 -1 -1 -1 -1)
#(0 74 308 50 0 3 1 71 376645 -1 -1 -1 -1 -1 -1)
#(0 74 1047 29 0 0 1 69 369110 -1 -1 -1 -1 -1 -1)
#(0 74 309 56 0 2 1 64 339119 -1 -1 -1 -1 -1 -1)
#(0 74 1056 23 0 0 1 60 321718 -1 -1 -1 -1 -1 -1)
#(0 74 1051 30 0 0 1 55 295182 -1 -1 -1 -1 -1 -1)
#(0 74 682 39 0 2 1 53 283054 -1 -1 -1 -1 -1 -1)
#(0 74 1046 32 0 0 1 51 274016 -1 -1 -1 -1 -1 -1)
#(0 74 313 70 0 1 1 50 264353 -1 -1 -1 -1 -1 -1)
#(0 74 1052 26 0 0 1 43 231898 -1 -1 -1 -1 -1 -1)
#(0 74 686 53 0 3 1 33 176748 -1 -1 -1 -1 -1 -1)
#(0 74 304 62 0 2 1 21 111322 -1 -1 -1 -1 -1 -1)
#(0 74 1048 32 0 0 1 5 31152 -1 -1 -1 -1 -1 -1)
#(0 75 315 56 0 2 0 0 3869 -1 -1 -1 -1 -1 -1)
#(0 75 696 40 0 1 0 0 2074 -1 -1 -1 -1 -1 -1)
#(0 75 323 60 0 3 0 1 10107 -1 -1 -1 -1 -1 -1)
#(0 75 1063 31 0 0 0 3 16346 -1 -1 -1 -1 -1 -1)
#(0 75 703 39 0 1 0 9 49543 -1 -1 -1 -1 -1 -1)
#(0 75 1067 29 0 0 0 15 79669 -1 -1 -1 -1 -1 -1)
#(0 75 327 54 0 2 0 19 104230 -1 -1 -1 -1 -1 -1)
#(0 75 325 44 0 2 0 21 113814 -1 -1 -1 -1 -1 -1)
#(0 75 702 32 0 2 0 21 112546 -1 -1 -1 -1 -1 -1)
#(0 75 701 39 0 1 0 23 123496 -1 -1 -1 -1 -1 -1)
#(0 75 1058 30 0 0 0 27 143085 -1 -1 -1 -1 -1 -1)
#(0 75 1060 28 0 0 0 30 158878 -1 -1 -1 -1 -1 -1)
#(0 75 322 62 0 2 0 32 173579 -1 -1 -1 -1 -1 -1)
#(0 75 697 34 0 1 0 38 202425 -1 -1 -1 -1 -1 -1)
#(0 75 318 44 0 2 0 41 219426 -1 -1 -1 -1 -1 -1)
#(0 75 1065 25 0 0 0 45 238002 -1 -1 -1 -1 -1 -1)
#(0 75 698 21 0 2 0 74 391770 -1 -1 -1 -1 -1 -1)
#(0 75 699 42 0 1 1 99 525818 -1 -1 -1 -1 -1 -1)
#(0 75 314 73 0 2 1 99 522842 -1 -1 -1 -1 -1 -1)
#(0 75 704 30 0 2 1 96 510593 -1 -1 -1 -1 -1 -1)
#(0 75 317 67 0 1 1 88 464697 -1 -1 -1 -1 -1 -1)
#(0 75 328 55 0 2 1 87 460673 -1 -1 -1 -1 -1 -1)
#(0 75 1062 29 0 0 1 86 458877 -1 -1 -1 -1 -1 -1)
#(0 75 326 62 0 1 1 84 444076 -1 -1 -1 -1 -1 -1)
#(0 75 1064 29 0 0 1 80 427204 -1 -1 -1 -1 -1 -1)
#(0 75 324 72 0 2 1 79 421671 -1 -1 -1 -1 -1 -1)
#(0 75 707 38 0 2 1 79 420403 -1 -1 -1 -1 -1 -1)
#(0 75 319 51 0 1 1 72 381745 -1 -1 -1 -1 -1 -1)
#(0 75 700 45 0 1 1 71 377835 -1 -1 -1 -1 -1 -1)
#(0 75 1061 24 0 0 1 70 374479 -1 -1 -1 -1 -1 -1)
#(0 75 321 68 0 2 1 66 348483 -1 -1 -1 -1 -1 -1)
#(0 75 1059 25 0 0 1 64 342782 -1 -1 -1 -1 -1 -1)
#(0 75 1068 29 0 0 1 57 305770 -1 -1 -1 -1 -1 -1)
#(0 75 705 33 0 2 1 56 299277 -1 -1 -1 -1 -1 -1)
#(0 75 316 56 0 2 1 52 276163 -1 -1 -1 -1 -1 -1)
#(0 75 320 59 0 2 1 45 238409 -1 -1 -1 -1 -1 -1)
#(0 76 713 36 0 2 0 0 1876 -1 -1 -1 -1 -1 -1)
#(0 76 338 59 0 3 0 3 19494 -1 -1 -1 -1 -1 -1)
#(0 76 709 33 0 3 0 4 22887 -1 -1 -1 -1 -1 -1)
#(0 76 329 60 0 2 0 8 46642 -1 -1 -1 -1 -1 -1)
#(0 76 723 26 0 2 0 12 64707 -1 -1 -1 -1 -1 -1)
#(0 76 334 42 0 2 0 14 76780 -1 -1 -1 -1 -1 -1)
#(0 76 333 70 0 2 0 16 84911 -1 -1 -1 -1 -1 -1)
#(0 76 332 58 0 1 0 16 88553 -1 -1 -1 -1 -1 -1)
#(0 76 1077 26 0 0 0 18 95462 -1 -1 -1 -1 -1 -1)
#(0 76 1075 20 0 0 0 24 127044 -1 -1 -1 -1 -1 -1)
#(0 76 691 30 0 1 0 24 128346 -1 -1 -1 -1 -1 -1)
#(0 76 1066 22 0 0 0 27 142934 -1 -1 -1 -1 -1 -1)
#(0 76 1076 28 0 0 0 29 153585 -1 -1 -1 -1 -1 -1)
#(0 76 1074 20 0 0 0 31 164006 -1 -1 -1 -1 -1 -1)
#(0 76 330 67 0 2 0 40 216356 -1 -1 -1 -1 -1 -1)
#(0 76 694 25 0 2 0 42 223033 -1 -1 -1 -1 -1 -1)
#(0 76 1070 34 0 0 0 43 227622 -1 -1 -1 -1 -1 -1)
#(0 76 720 30 0 2 0 48 254991 -1 -1 -1 -1 -1 -1)
#(0 76 726 20 0 3 0 49 259751 -1 -1 -1 -1 -1 -1)
#(0 76 1072 26 0 0 0 62 327788 -1 -1 -1 -1 -1 -1)
#(0 76 714 36 0 1 1 95 504985 -1 -1 -1 -1 -1 -1)
#(0 76 1073 30 0 0 1 94 501096 -1 -1 -1 -1 -1 -1)
#(0 76 695 20 0 2 1 94 500557 -1 -1 -1 -1 -1 -1)
#(0 76 706 26 0 2 1 92 489675 -1 -1 -1 -1 -1 -1)
#(0 76 1069 23 0 0 1 88 469533 -1 -1 -1 -1 -1 -1)
#(0 76 711 32 0 1 1 85 452365 -1 -1 -1 -1 -1 -1)
#(0 76 331 59 0 3 1 81 428453 -1 -1 -1 -1 -1 -1)
#(0 76 1071 22 0 0 1 76 406181 -1 -1 -1 -1 -1 -1)
#(0 76 719 28 0 2 1 76 405141 -1 -1 -1 -1 -1 -1)
#(0 76 1078 26 0 0 1 75 400858 -1 -1 -1 -1 -1 -1)
#(0 76 337 63 0 1 1 71 375856 -1 -1 -1 -1 -1 -1)
#(0 76 336 44 0 2 1 58 308568 -1 -1 -1 -1 -1 -1)
#(0 76 712 32 0 2 1 52 278161 -1 -1 -1 -1 -1 -1)
#(0 76 335 57 0 2 1 50 265160 -1 -1 -1 -1 -1 -1)
#(0 76 717 51 0 3 1 42 224426 -1 -1 -1 -1 -1 -1)
#(0 76 710 38 0 3 1 38 203961 -1 -1 -1 -1 -1 -1)
#(0 76 725 38 0 2 1 34 182844 -1 -1 -1 -1 -1 -1)
#(0 76 715 28 0 2 1 26 141109 -1 -1 -1 -1 -1 -1)
#(0 77 722 31 0 1 0 0 1655 -1 -1 -1 -1 -1 -1)
#(0 77 359 44 0 2 0 8 45173 -1 -1 -1 -1 -1 -1)
#(0 77 1085 25 0 0 0 9 47924 -1 -1 -1 -1 -1 -1)
#(0 77 729 45 0 2 0 10 55152 -1 -1 -1 -1 -1 -1)
#(0 77 1081 28 0 0 0 15 79676 -1 -1 -1 -1 -1 -1)
#(0 77 731 28 0 1 0 15 80761 -1 -1 -1 -1 -1 -1)
#(0 77 352 44 0 2 0 21 113843 -1 -1 -1 -1 -1 -1)
#(0 77 349 62 0 2 0 26 141853 -1 -1 -1 -1 -1 -1)
#(0 77 1083 23 0 0 0 30 158779 -1 -1 -1 -1 -1 -1)
#(0 77 735 47 0 1 0 33 176690 -1 -1 -1 -1 -1 -1)
#(0 77 355 59 0 2 0 35 189286 -1 -1 -1 -1 -1 -1)
#(0 77 351 66 0 1 0 37 200632 -1 -1 -1 -1 -1 -1)
#(0 77 343 64 0 3 0 40 215969 -1 -1 -1 -1 -1 -1)
#(0 77 358 67 0 1 0 42 226836 -1 -1 -1 -1 -1 -1)
#(0 77 356 51 0 2 0 44 236021 -1 -1 -1 -1 -1 -1)
#(3 77 356 -1 0 -1 -1 -1 -1 20 -1 -1 -1 -1 52)
#(0 77 347 51 0 1 0 47 251844 -1 -1 -1 -1 -1 -1)
#(0 77 357 75 0 1 0 49 259300 -1 -1 -1 -1 -1 -1)
#(0 77 346 59 0 3 0 58 310540 -1 -1 -1 -1 -1 -1)
#(0 77 737 39 0 2 1 98 520708 -1 -1 -1 -1 -1 -1)
#(0 77 718 30 0 2 1 96 510628 -1 -1 -1 -1 -1 -1)
#(0 77 708 21 0 2 1 92 489990 -1 -1 -1 -1 -1 -1)
#(0 77 733 44 0 2 1 91 483480 -1 -1 -1 -1 -1 -1)
#(0 77 353 64 0 2 1 91 480817 -1 -1 -1 -1 -1 -1)
#(0 77 350 51 0 2 1 88 466265 -1 -1 -1 -1 -1 -1)
#(0 77 1082 34 0 0 1 85 453495 -1 -1 -1 -1 -1 -1)
#(0 77 344 59 0 1 1 85 449578 -1 -1 -1 -1 -1 -1)
#(0 77 1087 29 0 0 1 84 448324 -1 -1 -1 -1 -1 -1)
#(0 77 738 49 0 2 1 84 446264 -1 -1 -1 -1 -1 -1)
#(0 77 1088 30 0 0 1 83 443023 -1 -1 -1 -1 -1 -1)
#(0 77 716 36 0 1 1 79 420502 -1 -1 -1 -1 -1 -1)
#(0 77 1086 30 0 0 1 74 395500 -1 -1 -1 -1 -1 -1)
#(0 77 342 59 0 3 1 72 381506 -1 -1 -1 -1 -1 -1)
#(0 77 341 66 0 2 1 68 359164 -1 -1 -1 -1 -1 -1)
#(0 77 732 41 0 3 1 66 351587 -1 -1 -1 -1 -1 -1)
#(0 77 339 55 0 2 1 64 339265 -1 -1 -1 -1 -1 -1)
#(0 77 1080 28 0 0 1 62 332161 -1 -1 -1 -1 -1 -1)
#(0 77 1079 26 0 0 1 61 326918 -1 -1 -1 -1 -1 -1)
#(0 77 340 55 0 2 1 60 318102 -1 -1 -1 -1 -1 -1)
#(0 77 345 74 0 1 1 47 252858 -1 -1 -1 -1 -1 -1)
#(0 77 730 39 0 2 1 47 251297 -1 -1 -1 -1 -1 -1)
#(0 77 739 31 0 2 1 45 241290 -1 -1 -1 -1 -1 -1)
#(0 77 736 55 0 2 1 37 197811 -1 -1 -1 -1 -1 -1)
#(0 77 1089 32 0 0 1 10 57566 -1 -1 -1 -1 -1 -1)
#(0 77 354 75 0 2 1 10 57304 -1 -1 -1 -1 -1 -1)
#(0 78 348 43 0 2 0 3 18744 -1 -1 -1 -1 -1 -1)
#(0 78 749 31 0 2 0 4 22705 -1 -1 -1 -1 -1 -1)
#(0 78 1091 23 0 0 0 8 42626 -1 -1 -1 -1 -1 -1)
#(0 78 728 26 0 2 0 12 64725 -1 -1 -1 -1 -1 -1)
#(0 78 373 57 0 2 0 13 72863 -1 -1 -1 -1 -1 -1)
#(0 78 750 25 0 2 0 15 80619 -1 -1 -1 -1 -1 -1)
#(0 78 1093 25 0 0 0 17 90185 -1 -1 -1 -1 -1 -1)
#(0 78 748 32 0 2 0 21 112519 -1 -1 -1 -1 -1 -1)
#(0 78 743 43 0 3 0 26 139508 -1 -1 -1 -1 -1 -1)
#(0 78 366 66 0 2 0 28 153088 -1 -1 -1 -1 -1 -1)
#(0 78 1084 19 0 0 0 31 164004 -1 -1 -1 -1 -1 -1)
#(0 78 361 55 0 1 0 32 172942 -1 -1 -1 -1 -1 -1)
#(0 78 360 62 0 3 0 40 215768 -1 -1 -1 -1 -1 -1)
#(0 78 1099 28 0 0 0 41 216941 -1 -1 -1 -1 -1 -1)
#(0 78 365 61 0 1 0 43 231644 -1 -1 -1 -1 -1 -1)
#(0 78 370 57 0 2 0 45 241823 -1 -1 -1 -1 -1 -1)
#(0 78 747 41 0 3 0 53 281990 -1 -1 -1 -1 -1 -1)
#(0 78 742 36 0 3 0 56 297607 -1 -1 -1 -1 -1 -1)
#(0 78 746 38 0 1 0 71 376828 -1 -1 -1 -1 -1 -1)
#(0 78 744 47 0 2 0 76 403691 -1 -1 -1 -1 -1 -1)
#(0 78 1100 23 0 0 0 77 406934 -1 -1 -1 -1 -1 -1)
#(0 78 1097 28 0 0 1 99 527529 -1 -1 -1 -1 -1 -1)
#(0 78 377 67 0 2 1 97 512303 -1 -1 -1 -1 -1 -1)
#(0 78 368 55 0 2 1 96 508138 -1 -1 -1 -1 -1 -1)
#(0 78 375 63 0 2 1 83 438831 -1 -1 -1 -1 -1 -1)
#(0 78 372 46 0 1 1 82 435033 -1 -1 -1 -1 -1 -1)
#(0 78 721 34 0 2 1 79 420593 -1 -1 -1 -1 -1 -1)
#(0 78 751 37 0 1 1 77 409838 -1 -1 -1 -1 -1 -1)
#(0 78 376 64 0 2 1 70 369956 -1 -1 -1 -1 -1 -1)
#(0 78 374 75 0 3 1 64 342693 -1 -1 -1 -1 -1 -1)
#(0 78 741 20 0 3 1 64 342151 -1 -1 -1 -1 -1 -1)
#(0 78 367 60 0 2 1 61 323151 -1 -1 -1 -1 -1 -1)
#(0 78 745 41 0 1 1 61 325192 -1 -1 -1 -1 -1 -1)
#(0 78 364 57 0 3 1 57 301874 -1 -1 -1 -1 -1 -1)
#(0 78 1092 26 0 0 1 52 279404 -1 -1 -1 -1 -1 -1)
#(0 78 1095 30 0 0 1 49 263481 -1 -1 -1 -1 -1 -1)
#(0 78 1096 25 0 0 1 48 258308 -1 -1 -1 -1 -1 -1)
#(0 78 363 57 0 1 1 47 249097 -1 -1 -1 -1 -1 -1)
#(0 78 1090 20 0 0 1 38 205580 -1 -1 -1 -1 -1 -1)
#(0 78 734 32 0 2 1 34 183090 -1 -1 -1 -1 -1 -1)
#(0 78 362 62 0 2 1 34 179957 -1 -1 -1 -1 -1 -1)
#(0 78 740 51 0 3 1 32 171585 -1 -1 -1 -1 -1 -1)
#(0 78 1098 20 0 0 1 28 152793 -1 -1 -1 -1 -1 -1)
#(0 79 378 70 0 2 0 1 10360 -1 -1 -1 -1 -1 -1)
#(0 79 381 57 0 3 0 6 36026 -1 -1 -1 -1 -1 -1)
#(0 79 389 55 0 2 0 9 52032 -1 -1 -1 -1 -1 -1)
#(0 79 1108 28 0 0 0 10 53265 -1 -1 -1 -1 -1 -1)
#(0 79 379 72 0 1 0 18 95534 -1 -1 -1 -1 -1 -1)
#(0 79 1105 25 0 0 0 23 121849 -1 -1 -1 -1 -1 -1)
#(0 79 1113 23 0 0 0 24 127080 -1 -1 -1 -1 -1 -1)
#(0 79 1109 30 0 0 0 26 137778 -1 -1 -1 -1 -1 -1)
#(0 79 753 20 0 3 0 26 138328 -1 -1 -1 -1 -1 -1)
#(0 79 1114 30 0 0 0 28 148330 -1 -1 -1 -1 -1 -1)
#(0 79 756 46 0 1 0 28 150233 -1 -1 -1 -1 -1 -1)
#(0 79 1094 20 0 0 0 30 158745 -1 -1 -1 -1 -1 -1)
#(0 79 754 39 0 1 0 31 165738 -1 -1 -1 -1 -1 -1)
#(0 79 759 23 0 2 0 34 180807 -1 -1 -1 -1 -1 -1)
#(0 79 386 51 0 2 0 35 188482 -1 -1 -1 -1 -1 -1)
#(0 79 385 57 0 3 0 45 241675 -1 -1 -1 -1 -1 -1)
#(0 79 1103 20 0 0 0 53 280174 -1 -1 -1 -1 -1 -1)
#(0 79 387 44 0 2 0 58 309171 -1 -1 -1 -1 -1 -1)
#(0 79 1110 26 0 0 0 62 327781 -1 -1 -1 -1 -1 -1)
#(0 79 1101 30 0 0 1 98 522195 -1 -1 -1 -1 -1 -1)
#(0 79 371 51 0 2 1 96 508561 -1 -1 -1 -1 -1 -1)
#(0 79 757 35 0 1 1 95 505023 -1 -1 -1 -1 -1 -1)
#(0 79 758 20 0 2 1 94 500551 -1 -1 -1 -1 -1 -1)
#(0 79 761 30 0 2 1 90 478942 -1 -1 -1 -1 -1 -1)
#(0 79 760 38 0 1 1 88 467935 -1 -1 -1 -1 -1 -1)
#(0 79 752 21 0 2 1 84 447734 -1 -1 -1 -1 -1 -1)
#(0 79 1104 25 0 0 1 81 432542 -1 -1 -1 -1 -1 -1)
#(0 79 382 51 0 3 1 80 424010 -1 -1 -1 -1 -1 -1)
#(0 79 724 20 0 3 1 79 421366 -1 -1 -1 -1 -1 -1)
#(0 79 383 62 0 2 1 78 412324 -1 -1 -1 -1 -1 -1)
#(0 79 380 62 0 3 1 66 348997 -1 -1 -1 -1 -1 -1)
#(0 79 1111 23 0 0 1 65 348110 -1 -1 -1 -1 -1 -1)
#(0 79 1112 29 0 0 1 61 326884 -1 -1 -1 -1 -1 -1)
#(0 79 390 44 0 2 1 56 298035 -1 -1 -1 -1 -1 -1)
#(0 79 369 75 0 3 1 47 248341 -1 -1 -1 -1 -1 -1)
#(0 79 1102 26 0 0 1 45 242434 -1 -1 -1 -1 -1 -1)
#(0 79 388 64 0 2 1 35 185128 -1 -1 -1 -1 -1 -1)
#(0 79 1106 23 0 0 1 32 173860 -1 -1 -1 -1 -1 -1)
#(0 80 392 62 0 2 0 1 9993 -1 -1 -1 -1 -1 -1)
#(0 80 774 33 0 2 0 3 17560 -1 -1 -1 -1 -1 -1)
#(0 80 776 25 0 2 0 6 32969 -1 -1 -1 -1 -1 -1)
#(0 80 393 44 0 2 0 12 66324 -1 -1 -1 -1 -1 -1)
#(0 80 773 36 0 1 0 13 70526 -1 -1 -1 -1 -1 -1)
#(0 80 1118 26 0 0 0 14 74359 -1 -1 -1 -1 -1 -1)
#(0 80 769 29 0 2 0 15 80694 -1 -1 -1 -1 -1 -1)
#(0 80 772 20 0 3 0 17 90788 -1 -1 -1 -1 -1 -1)
#(0 80 767 41 0 1 0 22 118279 -1 -1 -1 -1 -1 -1)
#(0 80 770 41 0 2 0 23 123585 -1 -1 -1 -1 -1 -1)
#(0 80 762 31 0 1 0 24 128424 -1 -1 -1 -1 -1 -1)
#(0 80 400 64 0 1 0 39 210848 -1 -1 -1 -1 -1 -1)
#(0 80 766 33 0 1 0 46 244756 -1 -1 -1 -1 -1 -1)
#(0 80 1119 23 0 0 0 54 285505 -1 -1 -1 -1 -1 -1)
#(0 80 771 45 0 1 0 54 287432 -1 -1 -1 -1 -1 -1)
#(0 80 1115 30 0 0 0 60 317325 -1 -1 -1 -1 -1 -1)
#(0 80 399 75 0 2 0 60 316892 -1 -1 -1 -1 -1 -1)
#(0 80 395 51 0 3 1 99 524309 -1 -1 -1 -1 -1 -1)
#(0 80 1116 27 0 0 1 98 522263 -1 -1 -1 -1 -1 -1)
#(0 80 384 59 0 3 1 97 513007 -1 -1 -1 -1 -1 -1)
#(0 80 391 52 0 3 1 95 503177 -1 -1 -1 -1 -1 -1)
#(0 80 398 63 0 1 1 92 486347 -1 -1 -1 -1 -1 -1)
#(0 80 775 32 0 2 1 82 436619 -1 -1 -1 -1 -1 -1)
#(0 80 1107 20 0 0 1 81 432633 -1 -1 -1 -1 -1 -1)
#(0 80 396 68 0 3 1 78 412269 -1 -1 -1 -1 -1 -1)
#(0 80 402 51 0 2 1 77 408317 -1 -1 -1 -1 -1 -1)
#(0 80 768 27 0 2 1 72 384043 -1 -1 -1 -1 -1 -1)
#(0 80 397 62 0 2 1 67 354313 -1 -1 -1 -1 -1 -1)
#(0 80 764 32 0 2 1 65 346805 -1 -1 -1 -1 -1 -1)
#(0 80 1120 20 0 0 1 62 332320 -1 -1 -1 -1 -1 -1)
#(0 80 765 40 0 1 1 54 288302 -1 -1 -1 -1 -1 -1)
#(0 80 394 67 0 2 1 44 232399 -1 -1 -1 -1 -1 -1)
#(0 80 763 49 0 2 1 42 224477 -1 -1 -1 -1 -1 -1)
#(0 80 1117 21 0 0 1 38 205557 -1 -1 -1 -1 -1 -1)
#(0 81 1125 30 0 0 0 3 16352 -1 -1 -1 -1 -1 -1)
#(0 81 786 31 0 2 0 8 43837 -1 -1 -1 -1 -1 -1)
#(0 81 408 59 0 2 0 10 57261 -1 -1 -1 -1 -1 -1)
#(0 81 777 44 0 2 0 11 60502 -1 -1 -1 -1 -1 -1)
#(0 81 1122 20 0 0 0 20 105937 -1 -1 -1 -1 -1 -1)
#(0 81 413 67 0 1 0 27 147498 -1 -1 -1 -1 -1 -1)
#(0 81 783 26 0 2 0 32 170305 -1 -1 -1 -1 -1 -1)
#(0 81 1127 20 0 0 0 38 200964 -1 -1 -1 -1 -1 -1)
#(0 81 787 32 0 2 0 40 212843 -1 -1 -1 -1 -1 -1)
#(0 81 409 51 0 1 0 47 251803 -1 -1 -1 -1 -1 -1)
#(0 81 404 64 0 2 0 54 290210 -1 -1 -1 -1 -1 -1)
#(0 81 781 40 0 1 0 59 313605 -1 -1 -1 -1 -1 -1)
#(0 81 778 40 0 1 0 63 334742 -1 -1 -1 -1 -1 -1)
#(0 81 1123 27 0 0 0 79 417585 -1 -1 -1 -1 -1 -1)
#(0 81 1132 20 0 0 0 81 427999 -1 -1 -1 -1 -1 -1)
#(0 81 784 40 0 3 1 99 525941 -1 -1 -1 -1 -1 -1)
#(0 81 401 59 0 2 1 97 513063 -1 -1 -1 -1 -1 -1)
#(0 81 411 44 0 3 1 95 503918 -1 -1 -1 -1 -1 -1)
#(0 81 780 34 0 2 1 91 483982 -1 -1 -1 -1 -1 -1)
#(0 81 1129 32 0 0 1 87 464110 -1 -1 -1 -1 -1 -1)
#(0 81 755 22 0 2 1 84 447674 -1 -1 -1 -1 -1 -1)
#(0 81 410 70 0 2 1 82 433825 -1 -1 -1 -1 -1 -1)
#(0 81 1126 20 0 0 1 80 427349 -1 -1 -1 -1 -1 -1)
#(0 81 727 20 0 2 1 79 421358 -1 -1 -1 -1 -1 -1)
#(0 81 405 70 0 2 1 71 375480 -1 -1 -1 -1 -1 -1)
#(0 81 1121 27 0 0 1 70 374416 -1 -1 -1 -1 -1 -1)
#(0 81 407 57 0 3 1 70 370622 -1 -1 -1 -1 -1 -1)
#(0 81 782 20 0 3 1 67 358006 -1 -1 -1 -1 -1 -1)
#(0 81 1130 24 0 0 1 65 348096 -1 -1 -1 -1 -1 -1)
#(0 81 785 31 0 1 1 45 241206 -1 -1 -1 -1 -1 -1)
#(0 81 1131 26 0 0 1 40 216062 -1 -1 -1 -1 -1 -1)
#(0 81 1124 23 0 0 1 37 200255 -1 -1 -1 -1 -1 -1)
#(0 81 406 67 0 2 1 29 158366 -1 -1 -1 -1 -1 -1)
#(0 81 403 72 0 2 1 28 152292 -1 -1 -1 -1 -1 -1)
#(0 81 779 32 0 2 1 24 130354 -1 -1 -1 -1 -1 -1)
#(0 82 416 57 0 2 0 0 4190 -1 -1 -1 -1 -1 -1)
#(0 82 1135 20 0 0 0 5 26734 -1 -1 -1 -1 -1 -1)
#(0 82 418 53 0 2 0 8 45683 -1 -1 -1 -1 -1 -1)
#(0 82 424 44 0 2 0 11 61025 -1 -1 -1 -1 -1 -1)
#(0 82 415 52 0 2 0 12 66680 -1 -1 -1 -1 -1 -1)
#(0 82 1139 27 0 0 0 17 90199 -1 -1 -1 -1 -1 -1)
#(0 82 789 21 0 2 0 17 90813 -1 -1 -1 -1 -1 -1)
#(0 82 427 59 0 3 0 17 94214 -1 -1 -1 -1 -1 -1)
#(3 82 427 -1 0 -1 -1 -1 -1 21 -1 -1 -1 -1 58)
#(0 82 417 66 0 1 0 19 105472 -1 -1 -1 -1 -1 -1)
#(0 82 420 59 0 1 0 20 110297 -1 -1 -1 -1 -1 -1)
#(0 82 1133 23 0 0 0 29 153512 -1 -1 -1 -1 -1 -1)
#(0 82 1134 23 0 0 0 31 164066 -1 -1 -1 -1 -1 -1)
#(0 82 788 39 0 1 0 31 165680 -1 -1 -1 -1 -1 -1)
#(0 82 1143 25 0 0 0 39 206313 -1 -1 -1 -1 -1 -1)
#(0 82 792 52 0 1 0 39 208644 -1 -1 -1 -1 -1 -1)
#(0 82 1140 29 0 0 0 47 248629 -1 -1 -1 -1 -1 -1)
#(0 82 414 48 0 2 0 47 251568 -1 -1 -1 -1 -1 -1)
#(0 82 428 64 0 2 0 49 263647 -1 -1 -1 -1 -1 -1)
#(0 82 1137 28 0 0 1 98 522240 -1 -1 -1 -1 -1 -1)
#(0 82 426 48 0 2 1 98 519258 -1 -1 -1 -1 -1 -1)
#(0 82 790 40 0 3 1 97 515390 -1 -1 -1 -1 -1 -1)
#(0 82 794 21 0 2 1 94 500509 -1 -1 -1 -1 -1 -1)
#(0 82 1141 20 0 0 1 93 496000 -1 -1 -1 -1 -1 -1)
#(0 82 425 59 0 3 1 90 476095 -1 -1 -1 -1 -1 -1)
#(0 82 791 32 0 2 1 82 436568 -1 -1 -1 -1 -1 -1)
#(0 82 421 51 0 2 1 78 413468 -1 -1 -1 -1 -1 -1)
#(0 82 419 43 0 2 1 77 408933 -1 -1 -1 -1 -1 -1)
#(0 82 1136 20 0 0 1 76 406230 -1 -1 -1 -1 -1 -1)
#(0 82 1138 26 0 0 1 75 400852 -1 -1 -1 -1 -1 -1)
#(0 82 412 63 0 2 1 67 354500 -1 -1 -1 -1 -1 -1)
#(0 82 423 44 0 2 1 64 340241 -1 -1 -1 -1 -1 -1)
#(0 82 422 62 0 1 1 56 297173 -1 -1 -1 -1 -1 -1)
#(0 83 796 46 0 3 0 1 7666 -1 -1 -1 -1 -1 -1)
#(0 83 799 26 0 2 0 6 33082 -1 -1 -1 -1 -1 -1)
#(0 83 1154 32 0 0 0 7 37476 -1 -1 -1 -1 -1 -1)
#(0 83 1145 25 0 0 0 8 42659 -1 -1 -1 -1 -1 -1)
#(0 83 435 70 0 2 0 8 42424 -1 -1 -1 -1 -1 -1)
#(0 83 797 34 0 3 0 9 49302 -1 -1 -1 -1 -1 -1)
#(0 83 1128 20 0 0 0 20 105946 -1 -1 -1 -1 -1 -1)
#(0 83 1147 29 0 0 0 27 143048 -1 -1 -1 -1 -1 -1)
#(0 83 793 30 0 2 0 40 212760 -1 -1 -1 -1 -1 -1)
#(0 83 1144 23 0 0 0 41 216867 -1 -1 -1 -1 -1 -1)
#(0 83 434 64 0 3 0 62 332276 -1 -1 -1 -1 -1 -1)
#(0 83 1148 23 0 0 1 99 527626 -1 -1 -1 -1 -1 -1)
#(0 83 800 31 0 1 1 96 510516 -1 -1 -1 -1 -1 -1)
#(0 83 798 32 0 2 1 90 478839 -1 -1 -1 -1 -1 -1)
#(0 83 1155 20 0 0 1 84 448487 -1 -1 -1 -1 -1 -1)
#(0 83 1146 30 0 0 1 77 411327 -1 -1 -1 -1 -1 -1)
#(0 83 1152 20 0 0 1 74 395679 -1 -1 -1 -1 -1 -1)
#(0 83 795 40 0 1 1 70 372698 -1 -1 -1 -1 -1 -1)
#(0 83 430 59 0 3 1 67 354840 -1 -1 -1 -1 -1 -1)
#(0 83 802 27 0 2 1 62 331265 -1 -1 -1 -1 -1 -1)
#(0 83 1153 20 0 0 1 61 327044 -1 -1 -1 -1 -1 -1)
#(0 83 431 48 0 3 1 61 323550 -1 -1 -1 -1 -1 -1)
#(0 83 429 65 0 3 1 60 317203 -1 -1 -1 -1 -1 -1)
#(0 83 1150 29 0 0 1 58 311038 -1 -1 -1 -1 -1 -1)
#(0 83 433 66 0 2 1 49 259102 -1 -1 -1 -1 -1 -1)
#(0 83 801 34 0 2 1 40 214710 -1 -1 -1 -1 -1 -1)
#(0 84 810 33 0 1 0 3 17562 -1 -1 -1 -1 -1 -1)
#(0 84 1164 27 0 0 0 4 21559 -1 -1 -1 -1 -1 -1)
#(0 84 812 35 0 2 0 4 22928 -1 -1 -1 -1 -1 -1)
#(0 84 808 44 0 1 0 7 39282 -1 -1 -1 -1 -1 -1)
#(0 84 1149 25 0 0 0 8 42653 -1 -1 -1 -1 -1 -1)
#(0 84 446 48 0 2 0 8 45466 -1 -1 -1 -1 -1 -1)
#(0 84 452 62 0 2 0 9 52215 -1 -1 -1 -1 -1 -1)
#(0 84 436 59 0 3 0 17 94176 -1 -1 -1 -1 -1 -1)
#(0 84 813 28 0 2 0 18 96611 -1 -1 -1 -1 -1 -1)
#(0 84 440 44 0 2 0 19 103303 -1 -1 -1 -1 -1 -1)
#(0 84 453 57 0 2 0 22 120415 -1 -1 -1 -1 -1 -1)
#(0 84 448 67 0 1 0 26 137296 -1 -1 -1 -1 -1 -1)
#(0 84 809 40 0 3 0 35 186978 -1 -1 -1 -1 -1 -1)
#(0 84 437 51 0 2 0 36 193743 -1 -1 -1 -1 -1 -1)
#(0 84 811 39 0 2 0 44 234340 -1 -1 -1 -1 -1 -1)
#(0 84 806 41 0 1 0 56 297847 -1 -1 -1 -1 -1 -1)
#(0 84 439 43 0 2 0 58 309148 -1 -1 -1 -1 -1 -1)
#(0 84 442 60 0 2 1 99 523949 -1 -1 -1 -1 -1 -1)
#(0 84 445 69 0 3 1 98 518181 -1 -1 -1 -1 -1 -1)
#(0 84 1158 26 0 0 1 94 501155 -1 -1 -1 -1 -1 -1)
#(0 84 1142 20 0 0 1 93 495995 -1 -1 -1 -1 -1 -1)
#(0 84 1159 30 0 0 1 90 479961 -1 -1 -1 -1 -1 -1)
#(0 84 451 71 0 1 1 90 480277 -1 -1 -1 -1 -1 -1)
#(0 84 441 44 0 1 1 90 477495 -1 -1 -1 -1 -1 -1)
#(0 84 814 30 0 2 1 90 478909 -1 -1 -1 -1 -1 -1)
#(0 84 1156 30 0 0 1 85 453555 -1 -1 -1 -1 -1 -1)
#(0 84 1157 29 0 0 1 83 443020 -1 -1 -1 -1 -1 -1)
#(0 84 444 59 0 2 1 83 439069 -1 -1 -1 -1 -1 -1)
#(0 84 447 55 0 2 1 82 434550 -1 -1 -1 -1 -1 -1)
#(0 84 1165 25 0 0 1 77 411447 -1 -1 -1 -1 -1 -1)
#(0 84 432 51 0 3 1 77 408539 -1 -1 -1 -1 -1 -1)
#(0 84 438 51 0 3 1 74 392388 -1 -1 -1 -1 -1 -1)
#(0 84 443 51 0 3 1 70 371283 -1 -1 -1 -1 -1 -1)
#(0 84 803 31 0 2 1 70 373285 -1 -1 -1 -1 -1 -1)
#(0 84 807 32 0 2 1 65 346774 -1 -1 -1 -1 -1 -1)
#(0 84 815 36 0 2 1 61 325531 -1 -1 -1 -1 -1 -1)
#(0 84 1162 28 0 0 1 57 305772 -1 -1 -1 -1 -1 -1)
#(0 84 804 33 0 3 1 55 293997 -1 -1 -1 -1 -1 -1)
#(0 84 1160 26 0 0 1 54 289966 -1 -1 -1 -1 -1 -1)
#(0 84 450 61 0 2 1 50 264710 -1 -1 -1 -1 -1 -1)
#(0 84 1161 34 0 0 1 46 247585 -1 -1 -1 -1 -1 -1)
#(0 85 1178 27 0 0 0 2 10998 -1 -1 -1 -1 -1 -1)
#(0 85 826 20 0 2 0 4 22145 -1 -1 -1 -1 -1 -1)
#(0 85 1173 25 0 0 0 7 37364 -1 -1 -1 -1 -1 -1)
#(0 85 1179 26 0 0 0 10 53222 -1 -1 -1 -1 -1 -1)
#(0 85 824 41 0 3 0 10 54884 -1 -1 -1 -1 -1 -1)
#(0 85 455 43 0 2 0 13 71571 -1 -1 -1 -1 -1 -1)
#(0 85 1182 27 0 0 0 15 79640 -1 -1 -1 -1 -1 -1)
#(0 85 1180 26 0 0 0 17 90186 -1 -1 -1 -1 -1 -1)
#(0 85 819 32 0 2 0 19 101951 -1 -1 -1 -1 -1 -1)
#(0 85 462 44 0 1 0 20 108555 -1 -1 -1 -1 -1 -1)
#(0 85 1175 26 0 0 0 24 127140 -1 -1 -1 -1 -1 -1)
#(0 85 457 69 0 2 0 25 137114 -1 -1 -1 -1 -1 -1)
#(0 85 459 44 0 2 0 29 156081 -1 -1 -1 -1 -1 -1)
#(0 85 1184 23 0 0 0 32 169325 -1 -1 -1 -1 -1 -1)
#(0 85 822 39 0 1 0 33 176294 -1 -1 -1 -1 -1 -1)
#(0 85 818 20 0 3 0 34 180568 -1 -1 -1 -1 -1 -1)
#(0 85 454 44 0 1 0 36 193013 -1 -1 -1 -1 -1 -1)
#(0 85 831 40 0 2 0 41 218556 -1 -1 -1 -1 -1 -1)
#(0 85 1183 34 0 0 0 42 222312 -1 -1 -1 -1 -1 -1)
#(0 85 456 57 0 2 0 44 236578 -1 -1 -1 -1 -1 -1)
#(0 85 1174 25 0 0 0 48 253847 -1 -1 -1 -1 -1 -1)
#(0 85 1176 32 0 0 0 87 459881 -1 -1 -1 -1 -1 -1)
#(0 85 1151 23 0 0 1 99 527618 -1 -1 -1 -1 -1 -1)
#(0 85 1167 30 0 0 1 97 516921 -1 -1 -1 -1 -1 -1)
#(0 85 1177 32 0 0 1 89 474678 -1 -1 -1 -1 -1 -1)
#(0 85 1166 32 0 0 1 87 464084 -1 -1 -1 -1 -1 -1)
#(0 85 458 57 0 2 1 85 449873 -1 -1 -1 -1 -1 -1)
#(0 85 461 65 0 2 1 83 443481 -1 -1 -1 -1 -1 -1)
#(0 85 1171 22 0 0 1 81 432589 -1 -1 -1 -1 -1 -1)
#(0 85 827 33 0 2 1 78 415433 -1 -1 -1 -1 -1 -1)
#(0 85 828 45 0 3 1 77 409451 -1 -1 -1 -1 -1 -1)
#(0 85 825 28 0 2 1 76 405152 -1 -1 -1 -1 -1 -1)
#(0 85 1170 25 0 0 1 75 400867 -1 -1 -1 -1 -1 -1)
#(0 85 1169 23 0 0 1 72 385059 -1 -1 -1 -1 -1 -1)
#(0 85 830 33 0 2 1 68 362629 -1 -1 -1 -1 -1 -1)
#(0 85 817 21 0 3 1 67 357982 -1 -1 -1 -1 -1 -1)
#(0 85 1172 23 0 0 1 66 353378 -1 -1 -1 -1 -1 -1)
#(0 85 805 26 0 2 1 62 331262 -1 -1 -1 -1 -1 -1)
#(0 85 823 32 0 2 1 53 283466 -1 -1 -1 -1 -1 -1)
#(0 85 816 39 0 1 1 52 277772 -1 -1 -1 -1 -1 -1)
#(0 85 820 56 0 1 1 44 234701 -1 -1 -1 -1 -1 -1)
#(0 85 1168 26 0 0 1 25 136840 -1 -1 -1 -1 -1 -1)
#(0 85 821 28 0 2 1 23 125270 -1 -1 -1 -1 -1 -1)
#(0 85 464 44 0 2 1 12 65708 -1 -1 -1 -1 -1 -1)
#(0 86 467 59 0 1 0 5 30871 -1 -1 -1 -1 -1 -1)
#(0 86 463 51 0 2 0 9 51087 -1 -1 -1 -1 -1 -1)
#(0 86 1187 25 0 0 0 12 63779 -1 -1 -1 -1 -1 -1)
#(0 86 829 29 0 2 0 19 101804 -1 -1 -1 -1 -1 -1)
#(0 86 842 33 0 2 0 23 123155 -1 -1 -1 -1 -1 -1)
#(0 86 1193 27 0 0 0 31 164123 -1 -1 -1 -1 -1 -1)
#(0 86 835 30 0 2 0 32 170522 -1 -1 -1 -1 -1 -1)
#(0 86 474 74 0 2 0 47 248586 -1 -1 -1 -1 -1 -1)
#(0 86 837 24 0 2 0 49 260166 -1 -1 -1 -1 -1 -1)
#(0 86 843 46 0 3 0 50 266345 -1 -1 -1 -1 -1 -1)
#(0 86 465 57 0 1 0 54 289440 -1 -1 -1 -1 -1 -1)
#(0 86 1163 20 0 0 1 93 495973 -1 -1 -1 -1 -1 -1)
#(0 86 473 62 0 1 1 93 491541 -1 -1 -1 -1 -1 -1)
#(0 86 449 47 0 2 1 90 477381 -1 -1 -1 -1 -1 -1)
#(0 86 833 31 0 3 1 90 478849 -1 -1 -1 -1 -1 -1)
#(0 86 1181 28 0 0 1 87 464163 -1 -1 -1 -1 -1 -1)
#(0 86 475 44 0 2 1 84 445881 -1 -1 -1 -1 -1 -1)
#(0 86 839 33 0 1 1 81 431241 -1 -1 -1 -1 -1 -1)
#(0 86 834 35 0 3 1 74 394175 -1 -1 -1 -1 -1 -1)
#(0 86 466 55 0 2 1 70 371178 -1 -1 -1 -1 -1 -1)
#(0 86 841 28 0 2 1 70 373396 -1 -1 -1 -1 -1 -1)
#(0 86 1185 30 0 0 1 67 358521 -1 -1 -1 -1 -1 -1)
#(0 86 1186 29 0 0 1 63 337424 -1 -1 -1 -1 -1 -1)
#(0 86 1194 23 0 0 1 62 332263 -1 -1 -1 -1 -1 -1)
#(0 86 1189 20 0 0 1 59 316464 -1 -1 -1 -1 -1 -1)
#(0 86 838 35 0 2 1 55 293861 -1 -1 -1 -1 -1 -1)
#(0 86 1191 27 0 0 1 50 268839 -1 -1 -1 -1 -1 -1)
#(0 86 832 40 0 1 1 47 251233 -1 -1 -1 -1 -1 -1)
#(0 86 469 64 0 3 1 40 211465 -1 -1 -1 -1 -1 -1)
#(0 86 470 59 0 2 1 38 201469 -1 -1 -1 -1 -1 -1)
#(0 86 1190 26 0 0 1 16 89326 -1 -1 -1 -1 -1 -1)
#(0 86 1192 25 0 0 1 9 52394 -1 -1 -1 -1 -1 -1)
#(0 87 1199 29 0 0 0 0 489 -1 -1 -1 -1 -1 -1)
#(0 87 1203 23 0 0 0 1 5655 -1 -1 -1 -1 -1 -1)
#(0 87 1204 26 0 0 0 2 10983 -1 -1 -1 -1 -1 -1)
#(0 87 836 20 0 0 0 4 22108 -1 -1 -1 -1 -1 -1)
#(0 87 851 45 0 1 0 7 39323 -1 -1 -1 -1 -1 -1)
#(0 87 476 54 0 2 0 9 51220 -1 -1 -1 -1 -1 -1)
#(0 87 854 35 0 2 0 9 49312 -1 -1 -1 -1 -1 -1)
#(2 87 854 -1 -1 -1 -1 -1 -1 22 -1 -1 -1 -1 -1)
#(0 87 848 36 0 2 0 10 54603 -1 -1 -1 -1 -1 -1)
#(0 87 1188 25 0 0 0 12 63771 -1 -1 -1 -1 -1 -1)
#(2 87 1188 -1 -1 -1 -1 -1 -1 23 -1 -1 -1 -1 -1)
#(0 87 1202 34 0 0 0 13 69209 -1 -1 -1 -1 -1 -1)
#(0 87 460 55 0 3 0 13 72140 -1 -1 -1 -1 -1 -1)
#(0 87 1201 26 0 0 0 14 74347 -1 -1 -1 -1 -1 -1)
#(0 87 468 46 0 2 0 20 108642 -1 -1 -1 -1 -1 -1)
#(0 87 1198 25 0 0 0 21 111288 -1 -1 -1 -1 -1 -1)
#(0 87 1195 26 0 0 0 24 127166 -1 -1 -1 -1 -1 -1)
#(0 87 1196 26 0 0 0 25 132434 -1 -1 -1 -1 -1 -1)
#(0 87 477 64 0 2 0 31 168698 -1 -1 -1 -1 -1 -1)
#(0 87 855 33 0 2 0 33 175938 -1 -1 -1 -1 -1 -1)
#(0 87 480 74 0 3 0 38 201045 -1 -1 -1 -1 -1 -1)
#(0 87 471 68 0 2 0 44 237103 -1 -1 -1 -1 -1 -1)
#(0 87 844 40 0 1 0 59 313634 -1 -1 -1 -1 -1 -1)
#(0 87 479 51 0 2 0 62 330947 -1 -1 -1 -1 -1 -1)
#(0 87 483 51 0 2 0 70 373233 -1 -1 -1 -1 -1 -1)
#(0 87 845 35 0 1 1 99 526187 -1 -1 -1 -1 -1 -1)
#(0 87 852 31 0 2 1 96 510544 -1 -1 -1 -1 -1 -1)
#(0 87 849 33 0 2 1 93 494616 -1 -1 -1 -1 -1 -1)
#(0 87 481 53 0 3 1 88 466139 -1 -1 -1 -1 -1 -1)
#(0 87 472 57 0 2 1 85 450007 -1 -1 -1 -1 -1 -1)
#(0 87 840 30 0 2 1 78 415519 -1 -1 -1 -1 -1 -1)
#(0 87 846 41 0 1 1 77 409663 -1 -1 -1 -1 -1 -1)
#(0 87 847 31 0 2 1 68 362741 -1 -1 -1 -1 -1 -1)
#(0 87 478 63 0 2 1 67 354549 -1 -1 -1 -1 -1 -1)
#(0 87 482 47 0 1 1 64 340008 -1 -1 -1 -1 -1 -1)
#(0 87 850 31 0 3 1 56 299361 -1 -1 -1 -1 -1 -1)
#(0 87 853 55 0 3 1 41 218927 -1 -1 -1 -1 -1 -1)
#(0 87 1197 32 0 0 1 35 189544 -1 -1 -1 -1 -1 -1)
#(0 87 1205 27 0 0 1 30 163240 -1 -1 -1 -1 -1 -1)
#(0 88 863 34 0 1 0 0 1744 -1 -1 -1 -1 -1 -1)
#(0 88 1212 30 0 0 0 10 53285 -1 -1 -1 -1 -1 -1)
#(0 88 1209 20 0 0 0 19 100650 -1 -1 -1 -1 -1 -1)
#(0 88 1213 29 0 0 0 23 121916 -1 -1 -1 -1 -1 -1)
#(0 88 865 32 0 2 0 23 123131 -1 -1 -1 -1 -1 -1)
#(0 88 491 67 0 2 0 29 153183 -1 -1 -1 -1 -1 -1)
#(0 88 487 63 0 2 0 30 163320 -1 -1 -1 -1 -1 -1)
#(0 88 856 52 0 3 0 45 240330 -1 -1 -1 -1 -1 -1)
#(0 88 864 45 0 1 0 47 250505 -1 -1 -1 -1 -1 -1)
#(0 88 492 70 0 2 0 54 285379 -1 -1 -1 -1 -1 -1)
#(0 88 857 36 0 3 0 55 292261 -1 -1 -1 -1 -1 -1)
#(0 88 1208 23 0 0 0 58 306623 -1 -1 -1 -1 -1 -1)
#(0 88 1210 28 0 0 0 59 311984 -1 -1 -1 -1 -1 -1)
#(0 88 858 49 0 2 0 67 356289 -1 -1 -1 -1 -1 -1)
#(0 88 866 35 0 1 1 95 505089 -1 -1 -1 -1 -1 -1)
#(0 88 490 68 0 1 1 95 502509 -1 -1 -1 -1 -1 -1)
#(0 88 860 30 0 3 1 89 473641 -1 -1 -1 -1 -1 -1)
#(0 88 1211 26 0 0 1 80 427257 -1 -1 -1 -1 -1 -1)
#(0 88 1207 22 0 0 1 74 395631 -1 -1 -1 -1 -1 -1)
#(0 88 486 61 0 2 1 74 391802 -1 -1 -1 -1 -1 -1)
#(0 88 862 29 0 2 1 65 346814 -1 -1 -1 -1 -1 -1)
#(0 88 859 28 0 2 1 64 341609 -1 -1 -1 -1 -1 -1)
#(0 88 489 57 0 2 1 62 328290 -1 -1 -1 -1 -1 -1)
#(0 88 1206 32 0 0 1 60 321527 -1 -1 -1 -1 -1 -1)
#(0 88 493 61 0 2 1 60 317343 -1 -1 -1 -1 -1 -1)
#(0 88 494 61 0 3 1 58 307279 -1 -1 -1 -1 -1 -1)
#(0 88 1214 26 0 0 1 57 305822 -1 -1 -1 -1 -1 -1)
#(0 88 1215 34 0 0 1 26 142008 -1 -1 -1 -1 -1 -1)
#(0 88 485 75 0 3 1 26 141622 -1 -1 -1 -1 -1 -1)
#(0 89 1223 28 0 0 0 4 21568 -1 -1 -1 -1 -1 -1)
#(0 89 873 20 0 3 0 4 22147 -1 -1 -1 -1 -1 -1)
#(0 89 1220 26 0 0 0 5 26834 -1 -1 -1 -1 -1 -1)
#(0 89 869 21 0 2 0 13 69697 -1 -1 -1 -1 -1 -1)
#(0 89 484 41 0 2 0 20 108446 -1 -1 -1 -1 -1 -1)
#(0 89 1200 24 0 0 0 21 111302 -1 -1 -1 -1 -1 -1)
#(0 89 1218 32 0 0 0 22 116705 -1 -1 -1 -1 -1 -1)
#(0 89 1221 25 0 0 0 25 132401 -1 -1 -1 -1 -1 -1)
#(0 89 497 70 0 2 0 25 132238 -1 -1 -1 -1 -1 -1)
#(0 89 500 57 0 2 0 26 141612 -1 -1 -1 -1 -1 -1)
#(0 89 488 70 0 2 0 30 163595 -1 -1 -1 -1 -1 -1)
#(0 89 867 36 0 1 0 53 281702 -1 -1 -1 -1 -1 -1)
#(0 89 501 57 0 3 0 54 289362 -1 -1 -1 -1 -1 -1)
#(0 89 1219 29 0 0 0 56 296169 -1 -1 -1 -1 -1 -1)
#(0 89 872 38 0 2 0 56 297646 -1 -1 -1 -1 -1 -1)
#(0 89 502 57 0 2 0 71 379097 -1 -1 -1 -1 -1 -1)
#(0 89 861 31 0 3 1 96 510556 -1 -1 -1 -1 -1 -1)
#(0 89 498 67 0 2 1 93 496293 -1 -1 -1 -1 -1 -1)
#(0 89 871 33 0 2 1 89 473511 -1 -1 -1 -1 -1 -1)
#(0 89 499 55 0 2 1 86 455286 -1 -1 -1 -1 -1 -1)
#(0 89 503 50 0 2 1 84 445570 -1 -1 -1 -1 -1 -1)
#(0 89 868 25 0 2 1 84 447410 -1 -1 -1 -1 -1 -1)
#(0 89 1222 23 0 0 1 74 395631 -1 -1 -1 -1 -1 -1)
#(0 89 870 29 0 2 1 64 341642 -1 -1 -1 -1 -1 -1)
#(0 89 1217 34 0 0 1 56 300368 -1 -1 -1 -1 -1 -1)
#(0 89 874 30 0 3 1 55 294048 -1 -1 -1 -1 -1 -1)
#(0 89 1216 23 0 0 1 46 247765 -1 -1 -1 -1 -1 -1)
#(2 89 1216 -1 -1 -1 -1 -1 -1 24 -1 -1 -1 -1 -1)
#(0 89 496 64 0 2 1 38 201043 -1 -1 -1 -1 -1 -1)
#(0 90 1225 20 0 0 0 0 328 -1 -1 -1 -1 -1 -1)
#(0 90 884 26 0 2 0 1 6598 -1 -1 -1 -1 -1 -1)
#(0 90 877 42 0 1 0 2 12761 -1 -1 -1 -1 -1 -1)
#(0 90 101 66 0 2 0 10 55735 -1 -1 -1 -1 -1 -1)
#(0 90 495 38 0 2 0 20 108345 -1 -1 -1 -1 -1 -1)
#(0 90 112 51 0 2 0 21 111481 -1 -1 -1 -1 -1 -1)
#(0 90 1229 23 0 0 0 22 116531 -1 -1 -1 -1 -1 -1)
#(0 90 113 64 0 1 0 23 123873 -1 -1 -1 -1 -1 -1)
#(0 90 875 26 0 2 0 26 138735 -1 -1 -1 -1 -1 -1)
#(0 90 111 75 0 1 0 30 162347 -1 -1 -1 -1 -1 -1)
#(0 90 878 31 0 2 0 32 170579 -1 -1 -1 -1 -1 -1)
#(0 90 887 48 0 3 0 36 192600 -1 -1 -1 -1 -1 -1)
#(0 90 505 64 0 2 0 38 205627 -1 -1 -1 -1 -1 -1)
#(0 90 104 57 0 2 0 40 213121 -1 -1 -1 -1 -1 -1)
#(0 90 102 57 0 3 0 42 223348 -1 -1 -1 -1 -1 -1)
#(0 90 1227 29 0 0 0 43 227522 -1 -1 -1 -1 -1 -1)
#(0 90 513 69 0 2 0 44 232643 -1 -1 -1 -1 -1 -1)
#(0 90 108 67 0 1 0 44 235324 -1 -1 -1 -1 -1 -1)
#(0 90 507 73 0 2 0 51 269893 -1 -1 -1 -1 -1 -1)
#(0 90 1232 20 0 0 0 56 295996 -1 -1 -1 -1 -1 -1)
#(0 90 1226 19 0 0 0 58 306556 -1 -1 -1 -1 -1 -1)
#(0 90 115 67 0 1 0 60 319835 -1 -1 -1 -1 -1 -1)
#(0 90 509 55 0 1 0 64 341952 -1 -1 -1 -1 -1 -1)
#(0 90 1230 29 0 0 0 67 354235 -1 -1 -1 -1 -1 -1)
#(0 90 110 70 0 2 1 97 513997 -1 -1 -1 -1 -1 -1)
#(0 90 876 33 0 1 1 95 505173 -1 -1 -1 -1 -1 -1)
#(0 90 506 69 0 3 1 91 485456 -1 -1 -1 -1 -1 -1)
#(0 90 883 41 0 1 1 91 483599 -1 -1 -1 -1 -1 -1)
#(0 90 1228 27 0 0 1 87 464202 -1 -1 -1 -1 -1 -1)
#(0 90 511 60 0 1 1 85 449820 -1 -1 -1 -1 -1 -1)
#(0 90 103 51 0 2 1 81 432371 -1 -1 -1 -1 -1 -1)
#(0 90 514 51 0 2 1 81 429395 -1 -1 -1 -1 -1 -1)
#(0 90 114 56 0 2 1 79 419624 -1 -1 -1 -1 -1 -1)
#(0 90 886 35 0 2 1 72 383642 -1 -1 -1 -1 -1 -1)
#(0 90 109 62 0 3 1 68 362067 -1 -1 -1 -1 -1 -1)
#(0 90 116 61 0 2 1 67 356667 -1 -1 -1 -1 -1 -1)
#(0 90 512 57 0 2 1 58 307553 -1 -1 -1 -1 -1 -1)
#(0 90 882 38 0 1 1 57 304268 -1 -1 -1 -1 -1 -1)
#(0 90 510 54 0 3 1 56 297229 -1 -1 -1 -1 -1 -1)
#(0 90 106 70 0 2 1 54 286914 -1 -1 -1 -1 -1 -1)
#(0 90 107 75 0 2 1 48 254863 -1 -1 -1 -1 -1 -1)
#(0 90 885 40 0 1 1 47 251294 -1 -1 -1 -1 -1 -1)
#(0 90 1224 32 0 0 1 42 226496 -1 -1 -1 -1 -1 -1)
#(0 90 879 40 0 1 1 42 224974 -1 -1 -1 -1 -1 -1)
#(0 90 880 33 0 3 1 33 177819 -1 -1 -1 -1 -1 -1)
#(0 90 508 64 0 2 1 27 142799 -1 -1 -1 -1 -1 -1)
#(0 91 891 35 0 1 0 2 12362 -1 -1 -1 -1 -1 -1)
#(0 91 123 57 0 2 0 2 12064 -1 -1 -1 -1 -1 -1)
#(0 91 120 69 0 1 0 3 19169 -1 -1 -1 -1 -1 -1)
#(0 91 521 44 0 1 0 3 18782 -1 -1 -1 -1 -1 -1)
#(0 91 889 28 0 2 0 3 17275 -1 -1 -1 -1 -1 -1)
#(0 91 893 45 0 3 0 8 44606 -1 -1 -1 -1 -1 -1)
#(0 91 105 51 0 2 0 10 53326 -1 -1 -1 -1 -1 -1)
#(0 91 122 54 0 2 0 17 90820 -1 -1 -1 -1 -1 -1)
#(0 91 504 55 0 3 0 26 141314 -1 -1 -1 -1 -1 -1)
#(0 91 519 73 0 2 0 38 201042 -1 -1 -1 -1 -1 -1)
#(0 91 888 32 0 1 0 40 212957 -1 -1 -1 -1 -1 -1)
#(0 91 516 60 0 2 0 41 220945 -1 -1 -1 -1 -1 -1)
#(0 91 895 20 0 2 0 42 222790 -1 -1 -1 -1 -1 -1)
#(0 91 117 70 0 1 0 45 241137 -1 -1 -1 -1 -1 -1)
#(0 91 518 44 0 1 0 47 251148 -1 -1 -1 -1 -1 -1)
#(0 91 896 46 0 1 0 50 266362 -1 -1 -1 -1 -1 -1)
#(0 91 525 55 0 1 0 60 320819 -1 -1 -1 -1 -1 -1)
#(0 91 1231 22 0 0 0 67 354108 -1 -1 -1 -1 -1 -1)
#(0 91 1234 26 0 0 1 98 522277 -1 -1 -1 -1 -1 -1)
#(0 91 523 55 0 2 1 96 508134 -1 -1 -1 -1 -1 -1)
#(0 91 1235 28 0 0 1 95 506402 -1 -1 -1 -1 -1 -1)
#(0 91 881 31 0 1 1 89 473547 -1 -1 -1 -1 -1 -1)
#(0 91 894 36 0 1 1 82 436383 -1 -1 -1 -1 -1 -1)
#(0 91 1233 27 0 0 1 79 421936 -1 -1 -1 -1 -1 -1)
#(0 91 524 51 0 2 1 79 418832 -1 -1 -1 -1 -1 -1)
#(0 91 898 20 0 2 1 78 416099 -1 -1 -1 -1 -1 -1)
#(0 91 517 55 0 2 1 76 402555 -1 -1 -1 -1 -1 -1)
#(0 91 520 69 0 2 1 61 322194 -1 -1 -1 -1 -1 -1)
#(0 91 119 64 0 3 1 56 298575 -1 -1 -1 -1 -1 -1)
#(0 91 1236 25 0 0 1 53 284708 -1 -1 -1 -1 -1 -1)
#(0 91 118 62 0 3 1 51 272129 -1 -1 -1 -1 -1 -1)
#(0 91 890 34 0 1 1 51 272785 -1 -1 -1 -1 -1 -1)
#(0 91 124 64 0 2 1 47 250992 -1 -1 -1 -1 -1 -1)
#(0 91 1238 24 0 0 1 46 247754 -1 -1 -1 -1 -1 -1)
#(0 91 1239 34 0 0 1 45 242318 -1 -1 -1 -1 -1 -1)
#(0 91 515 68 0 3 1 44 237594 -1 -1 -1 -1 -1 -1)
#(0 91 897 40 0 1 1 27 145751 -1 -1 -1 -1 -1 -1)
#(0 91 1240 25 0 0 1 24 131599 -1 -1 -1 -1 -1 -1)
#(0 92 129 51 0 1 0 1 5907 -1 -1 -1 -1 -1 -1)
#(0 92 904 25 0 2 0 1 6570 -1 -1 -1 -1 -1 -1)
#(0 92 914 28 0 2 0 3 17297 -1 -1 -1 -1 -1 -1)
#(0 92 130 59 0 2 0 5 29062 -1 -1 -1 -1 -1 -1)
#(0 92 133 75 0 2 0 7 41071 -1 -1 -1 -1 -1 -1)
#(0 92 902 43 0 1 0 7 39212 -1 -1 -1 -1 -1 -1)
#(0 92 128 67 0 3 0 9 50568 -1 -1 -1 -1 -1 -1)
#(0 92 910 36 0 2 0 9 49440 -1 -1 -1 -1 -1 -1)
#(0 92 1243 29 0 0 0 10 53288 -1 -1 -1 -1 -1 -1)
#(0 92 131 57 0 3 0 10 53835 -1 -1 -1 -1 -1 -1)
#(0 92 1245 28 0 0 0 11 58543 -1 -1 -1 -1 -1 -1)
#(0 92 536 51 0 2 0 15 82859 -1 -1 -1 -1 -1 -1)
#(0 92 907 34 0 2 0 16 86274 -1 -1 -1 -1 -1 -1)
#(0 92 530 44 0 2 0 24 129717 -1 -1 -1 -1 -1 -1)
#(0 92 522 57 0 3 0 26 141347 -1 -1 -1 -1 -1 -1)
#(0 92 901 30 0 2 0 32 170484 -1 -1 -1 -1 -1 -1)
#(0 92 533 50 0 2 0 38 204126 -1 -1 -1 -1 -1 -1)
#(0 92 892 28 0 2 0 40 212642 -1 -1 -1 -1 -1 -1)
#(0 92 527 67 0 2 0 40 216441 -1 -1 -1 -1 -1 -1)
#(0 92 1244 27 0 0 0 42 222212 -1 -1 -1 -1 -1 -1)
#(0 92 126 69 0 2 0 44 235221 -1 -1 -1 -1 -1 -1)
#(0 92 1248 28 0 0 0 47 248612 -1 -1 -1 -1 -1 -1)
#(0 92 534 64 0 2 0 48 258400 -1 -1 -1 -1 -1 -1)
#(0 92 526 69 0 3 0 51 269403 -1 -1 -1 -1 -1 -1)
#(0 92 899 32 0 2 0 51 270919 -1 -1 -1 -1 -1 -1)
#(0 92 132 60 0 1 0 59 313543 -1 -1 -1 -1 -1 -1)
#(0 92 1242 30 0 0 0 63 333158 -1 -1 -1 -1 -1 -1)
#(0 92 905 46 0 3 0 89 472331 -1 -1 -1 -1 -1 -1)
#(0 92 529 58 0 1 1 99 523650 -1 -1 -1 -1 -1 -1)
#(0 92 912 46 0 1 1 97 515067 -1 -1 -1 -1 -1 -1)
#(0 92 127 70 0 2 1 89 471715 -1 -1 -1 -1 -1 -1)
#(0 92 1237 26 0 0 1 87 464197 -1 -1 -1 -1 -1 -1)
#(0 92 528 57 0 2 1 86 455285 -1 -1 -1 -1 -1 -1)
#(0 92 909 33 0 2 1 81 431291 -1 -1 -1 -1 -1 -1)
#(0 92 134 51 0 2 1 77 411372 -1 -1 -1 -1 -1 -1)
#(0 92 906 28 0 2 1 76 405114 -1 -1 -1 -1 -1 -1)
#(0 92 900 38 0 1 1 74 393983 -1 -1 -1 -1 -1 -1)
#(0 92 908 37 0 2 1 69 367683 -1 -1 -1 -1 -1 -1)
#(0 92 125 56 0 1 1 69 367732 -1 -1 -1 -1 -1 -1)
#(0 92 121 60 0 2 1 67 356893 -1 -1 -1 -1 -1 -1)
#(0 92 911 34 0 2 1 66 351953 -1 -1 -1 -1 -1 -1)
#(0 92 903 36 0 3 1 65 346543 -1 -1 -1 -1 -1 -1)
#(0 92 1246 20 0 0 1 61 327036 -1 -1 -1 -1 -1 -1)
#(0 92 135 55 0 3 1 61 325566 -1 -1 -1 -1 -1 -1)
#(0 92 535 54 0 2 1 56 297179 -1 -1 -1 -1 -1 -1)
#(0 92 1247 30 0 0 1 54 289902 -1 -1 -1 -1 -1 -1)
#(0 92 137 55 0 1 1 50 268160 -1 -1 -1 -1 -1 -1)
#(0 92 1241 20 0 0 1 46 247840 -1 -1 -1 -1 -1 -1)
#(0 92 537 55 0 2 1 34 180825 -1 -1 -1 -1 -1 -1)
#(0 92 531 64 0 1 1 30 158649 -1 -1 -1 -1 -1 -1)
#(0 93 140 58 0 2 0 2 12093 -1 -1 -1 -1 -1 -1)
#(0 93 923 30 0 2 0 7 38552 -1 -1 -1 -1 -1 -1)
#(0 93 551 52 0 2 0 8 45962 -1 -1 -1 -1 -1 -1)
#(0 93 1250 29 0 0 0 13 69136 -1 -1 -1 -1 -1 -1)
#(0 93 143 66 0 3 0 13 71556 -1 -1 -1 -1 -1 -1)
#(0 93 543 55 0 3 0 17 93788 -1 -1 -1 -1 -1 -1)
#(0 93 146 70 0 2 0 17 91443 -1 -1 -1 -1 -1 -1)
#(0 93 542 59 0 3 0 20 109288 -1 -1 -1 -1 -1 -1)
#(0 93 144 75 0 2 0 21 112683 -1 -1 -1 -1 -1 -1)
#(0 93 918 42 0 3 0 22 118300 -1 -1 -1 -1 -1 -1)
#(0 93 916 39 0 1 0 24 128718 -1 -1 -1 -1 -1 -1)
#(0 93 922 31 0 2 0 25 133596 -1 -1 -1 -1 -1 -1)
#(0 93 149 57 0 2 0 29 154600 -1 -1 -1 -1 -1 -1)
#(0 93 545 43 0 2 0 35 187705 -1 -1 -1 -1 -1 -1)
#(0 93 145 51 0 2 0 37 196024 -1 -1 -1 -1 -1 -1)
#(0 93 924 54 0 1 0 37 198145 -1 -1 -1 -1 -1 -1)
#(0 93 138 59 0 2 0 39 207806 -1 -1 -1 -1 -1 -1)
#(0 93 915 21 0 2 0 45 238669 -1 -1 -1 -1 -1 -1)
#(0 93 548 70 0 2 0 52 274779 -1 -1 -1 -1 -1 -1)
#(0 93 917 21 0 2 0 75 397056 -1 -1 -1 -1 -1 -1)
#(0 93 544 62 0 1 0 93 495770 -1 -1 -1 -1 -1 -1)
#(0 93 148 51 0 2 0 94 496934 -1 -1 -1 -1 -1 -1)
#(0 93 1251 34 0 0 1 90 479910 -1 -1 -1 -1 -1 -1)
#(0 93 150 59 0 2 1 87 462779 -1 -1 -1 -1 -1 -1)
#(0 93 547 56 0 2 1 85 450081 -1 -1 -1 -1 -1 -1)
#(0 93 1249 26 0 0 1 84 448355 -1 -1 -1 -1 -1 -1)
#(0 93 1252 26 0 0 1 83 443095 -1 -1 -1 -1 -1 -1)
#(0 93 546 62 0 2 1 83 438754 -1 -1 -1 -1 -1 -1)
#(0 93 920 41 0 2 1 80 425469 -1 -1 -1 -1 -1 -1)
#(0 93 151 72 0 1 1 78 413271 -1 -1 -1 -1 -1 -1)
#(0 93 538 56 0 2 1 76 402621 -1 -1 -1 -1 -1 -1)
#(0 93 921 52 0 1 1 71 377449 -1 -1 -1 -1 -1 -1)
#(0 93 142 66 0 1 1 67 356742 -1 -1 -1 -1 -1 -1)
#(0 93 919 28 0 3 1 65 347053 -1 -1 -1 -1 -1 -1)
#(0 93 141 54 0 1 1 55 294087 -1 -1 -1 -1 -1 -1)
#(0 93 539 41 0 1 1 47 250603 -1 -1 -1 -1 -1 -1)
#(0 93 549 51 0 3 1 44 233938 -1 -1 -1 -1 -1 -1)
#(0 93 550 61 0 1 1 38 201297 -1 -1 -1 -1 -1 -1)
#(0 93 152 67 0 3 1 30 160835 -1 -1 -1 -1 -1 -1)
#(0 93 147 59 0 2 1 13 72055 -1 -1 -1 -1 -1 -1)
#(0 94 560 51 0 1 0 4 24642 -1 -1 -1 -1 -1 -1)
#(0 94 1266 27 0 0 0 7 37388 -1 -1 -1 -1 -1 -1)
#(0 94 554 70 0 2 0 7 37181 -1 -1 -1 -1 -1 -1)
#(0 94 1264 20 0 0 0 8 42554 -1 -1 -1 -1 -1 -1)
#(0 94 139 64 0 2 0 10 54341 -1 -1 -1 -1 -1 -1)
#(0 94 926 43 0 3 0 12 65561 -1 -1 -1 -1 -1 -1)
#(0 94 540 62 0 3 0 15 83170 -1 -1 -1 -1 -1 -1)
#(0 94 927 34 0 2 0 16 86287 -1 -1 -1 -1 -1 -1)
#(0 94 553 59 0 2 0 16 89077 -1 -1 -1 -1 -1 -1)
#(0 94 154 64 0 1 0 19 102934 -1 -1 -1 -1 -1 -1)
#(0 94 1261 20 0 0 0 24 127044 -1 -1 -1 -1 -1 -1)
#(0 94 167 51 0 2 0 24 127343 -1 -1 -1 -1 -1 -1)
#(0 94 158 73 0 2 0 25 136027 -1 -1 -1 -1 -1 -1)
#(0 94 532 59 0 1 0 26 141453 -1 -1 -1 -1 -1 -1)
#(0 94 164 59 0 3 0 36 191975 -1 -1 -1 -1 -1 -1)
#(0 94 930 39 0 1 0 37 197374 -1 -1 -1 -1 -1 -1)
#(0 94 1259 30 0 0 0 46 243391 -1 -1 -1 -1 -1 -1)
#(0 94 555 44 0 2 0 46 245816 -1 -1 -1 -1 -1 -1)
#(0 94 1265 26 0 0 0 54 285536 -1 -1 -1 -1 -1 -1)
#(0 94 163 51 0 2 0 62 327882 -1 -1 -1 -1 -1 -1)
#(0 94 1263 25 0 0 0 66 348881 -1 -1 -1 -1 -1 -1)
#(0 94 1262 29 0 0 1 97 516966 -1 -1 -1 -1 -1 -1)
#(0 94 556 55 0 2 1 96 508182 -1 -1 -1 -1 -1 -1)
#(0 94 931 38 0 3 1 93 494293 -1 -1 -1 -1 -1 -1)
#(0 94 929 39 0 3 1 92 488932 -1 -1 -1 -1 -1 -1)
#(0 94 157 70 0 1 1 91 482356 -1 -1 -1 -1 -1 -1)
#(0 94 552 59 0 2 1 91 481282 -1 -1 -1 -1 -1 -1)
#(0 94 159 55 0 3 1 89 473555 -1 -1 -1 -1 -1 -1)
#(0 94 168 62 0 2 1 85 452147 -1 -1 -1 -1 -1 -1)
#(0 94 928 29 0 2 1 84 447166 -1 -1 -1 -1 -1 -1)
#(0 94 153 57 0 2 1 82 436739 -1 -1 -1 -1 -1 -1)
#(0 94 558 42 0 2 1 80 424830 -1 -1 -1 -1 -1 -1)
#(0 94 913 20 0 3 1 78 416109 -1 -1 -1 -1 -1 -1)
#(0 94 557 56 0 2 1 77 407886 -1 -1 -1 -1 -1 -1)
#(0 94 1256 23 0 0 1 76 406175 -1 -1 -1 -1 -1 -1)
#(0 94 541 67 0 3 1 76 401883 -1 -1 -1 -1 -1 -1)
#(0 94 1253 25 0 0 1 75 400866 -1 -1 -1 -1 -1 -1)
#(0 94 160 70 0 2 1 73 387439 -1 -1 -1 -1 -1 -1)
#(0 94 1254 20 0 0 1 72 385106 -1 -1 -1 -1 -1 -1)
#(0 94 169 51 0 3 1 72 384820 -1 -1 -1 -1 -1 -1)
#(0 94 925 34 0 2 1 72 383716 -1 -1 -1 -1 -1 -1)
#(0 94 1255 28 0 0 1 69 369129 -1 -1 -1 -1 -1 -1)
#(0 94 559 51 0 2 1 66 350170 -1 -1 -1 -1 -1 -1)
#(0 94 156 51 0 2 1 63 337327 -1 -1 -1 -1 -1 -1)
#(0 94 136 70 0 3 1 61 323402 -1 -1 -1 -1 -1 -1)
#(0 94 170 64 0 2 1 58 308153 -1 -1 -1 -1 -1 -1)
#(0 94 1267 25 0 0 1 57 305848 -1 -1 -1 -1 -1 -1)
#(0 94 1257 30 0 0 1 43 231807 -1 -1 -1 -1 -1 -1)
#(0 94 162 70 0 2 1 42 223808 -1 -1 -1 -1 -1 -1)
#(0 94 155 55 0 2 1 33 178471 -1 -1 -1 -1 -1 -1)
#(0 94 1258 26 0 0 1 27 147406 -1 -1 -1 -1 -1 -1)
#(0 94 161 64 0 2 1 21 113678 -1 -1 -1 -1 -1 -1)
#(0 95 934 28 0 2 0 0 1439 -1 -1 -1 -1 -1 -1)
#(0 95 1277 28 0 0 0 3 16298 -1 -1 -1 -1 -1 -1)
#(0 95 171 51 0 2 0 3 17208 -1 -1 -1 -1 -1 -1)
#(0 95 946 34 0 2 0 8 43986 -1 -1 -1 -1 -1 -1)
#(0 95 182 59 0 1 0 9 49357 -1 -1 -1 -1 -1 -1)
#(0 95 1279 26 0 0 0 11 58510 -1 -1 -1 -1 -1 -1)
#(0 95 1270 23 0 0 0 15 79587 -1 -1 -1 -1 -1 -1)
#(0 95 941 34 0 1 0 21 112642 -1 -1 -1 -1 -1 -1)
#(0 95 1278 20 0 0 0 27 142880 -1 -1 -1 -1 -1 -1)
#(0 95 939 44 0 3 0 35 187087 -1 -1 -1 -1 -1 -1)
#(0 95 568 58 0 2 0 36 194202 -1 -1 -1 -1 -1 -1)
#(0 95 166 57 0 2 0 36 191418 -1 -1 -1 -1 -1 -1)
#(0 95 1273 29 0 0 0 46 243352 -1 -1 -1 -1 -1 -1)
#(0 95 183 39 0 4 0 50 268581 -1 -1 -1 -1 -1 -1)
#(0 95 945 29 0 1 0 51 270868 -1 -1 -1 -1 -1 -1)
#(0 95 1276 28 0 0 0 52 275025 -1 -1 -1 -1 -1 -1)
#(0 95 565 64 0 2 0 53 284873 -1 -1 -1 -1 -1 -1)
#(0 95 562 57 0 3 0 55 294719 -1 -1 -1 -1 -1 -1)
#(0 95 932 27 0 2 0 56 297096 -1 -1 -1 -1 -1 -1)
#(0 95 571 72 0 1 0 67 354462 -1 -1 -1 -1 -1 -1)
#(0 95 1275 29 0 0 0 68 359522 -1 -1 -1 -1 -1 -1)
#(0 95 933 42 0 3 0 71 377112 -1 -1 -1 -1 -1 -1)
#(0 95 937 34 0 2 0 76 403012 -1 -1 -1 -1 -1 -1)
#(0 95 1268 20 0 0 1 97 517127 -1 -1 -1 -1 -1 -1)
#(0 95 942 32 0 2 1 95 505240 -1 -1 -1 -1 -1 -1)
#(0 95 570 60 0 2 1 95 502586 -1 -1 -1 -1 -1 -1)
#(0 95 1274 28 0 0 1 84 448320 -1 -1 -1 -1 -1 -1)
#(0 95 1272 26 0 0 1 83 443091 -1 -1 -1 -1 -1 -1)
#(0 95 175 54 0 3 1 83 442366 -1 -1 -1 -1 -1 -1)
#(0 95 174 44 0 2 1 82 433360 -1 -1 -1 -1 -1 -1)
#(0 95 566 50 0 2 1 79 418840 -1 -1 -1 -1 -1 -1)
#(0 95 561 55 0 2 1 78 413118 -1 -1 -1 -1 -1 -1)
#(0 95 1271 32 0 0 1 77 411305 -1 -1 -1 -1 -1 -1)
#(0 95 179 59 0 1 1 75 399372 -1 -1 -1 -1 -1 -1)
#(0 95 173 51 0 2 1 74 395372 -1 -1 -1 -1 -1 -1)
#(0 95 564 62 0 2 1 73 385924 -1 -1 -1 -1 -1 -1)
#(0 95 1269 25 0 0 1 66 353342 -1 -1 -1 -1 -1 -1)
#(0 95 165 56 0 2 1 63 337117 -1 -1 -1 -1 -1 -1)
#(0 95 180 54 0 2 1 62 331852 -1 -1 -1 -1 -1 -1)
#(0 95 944 28 0 2 1 61 325953 -1 -1 -1 -1 -1 -1)
#(0 95 947 36 0 1 1 59 314886 -1 -1 -1 -1 -1 -1)
#(0 95 940 37 0 2 1 55 293702 -1 -1 -1 -1 -1 -1)
#(0 95 172 66 0 3 1 52 276865 -1 -1 -1 -1 -1 -1)
#(0 95 938 45 0 2 1 52 277523 -1 -1 -1 -1 -1 -1)
#(0 95 181 51 0 1 1 49 263493 -1 -1 -1 -1 -1 -1)
#(0 95 176 44 0 2 1 49 259119 -1 -1 -1 -1 -1 -1)
#(0 95 563 44 0 1 1 48 255769 -1 -1 -1 -1 -1 -1)
#(0 95 178 59 0 3 1 47 251615 -1 -1 -1 -1 -1 -1)
#(0 95 567 69 0 3 1 44 233154 -1 -1 -1 -1 -1 -1)
#(0 95 935 52 0 3 1 43 229587 -1 -1 -1 -1 -1 -1)
#(0 95 1260 23 0 0 1 27 147466 -1 -1 -1 -1 -1 -1)
#(0 96 936 28 0 2 0 0 1428 -1 -1 -1 -1 -1 -1)
#(0 96 954 41 0 3 0 6 33838 -1 -1 -1 -1 -1 -1)
#(0 96 185 60 0 2 0 8 44469 -1 -1 -1 -1 -1 -1)
#(0 96 962 20 0 3 0 10 53829 -1 -1 -1 -1 -1 -1)
#(0 96 575 54 0 2 0 11 62233 -1 -1 -1 -1 -1 -1)
#(0 96 192 63 0 3 0 11 61262 -1 -1 -1 -1 -1 -1)
#(0 96 951 42 0 1 0 12 65567 -1 -1 -1 -1 -1 -1)
#(0 96 948 21 0 3 0 14 74987 -1 -1 -1 -1 -1 -1)
#(0 96 955 27 0 2 0 15 80612 -1 -1 -1 -1 -1 -1)
#(0 96 957 33 0 1 0 16 86251 -1 -1 -1 -1 -1 -1)
#(0 96 572 59 0 3 0 16 88832 -1 -1 -1 -1 -1 -1)
#(0 96 184 50 0 2 0 24 127317 -1 -1 -1 -1 -1 -1)
#(0 96 187 56 0 2 0 26 138836 -1 -1 -1 -1 -1 -1)
#(0 96 573 65 0 3 0 31 168698 -1 -1 -1 -1 -1 -1)
#(0 96 943 35 0 1 0 37 197246 -1 -1 -1 -1 -1 -1)
#(0 96 956 42 0 2 0 38 202810 -1 -1 -1 -1 -1 -1)
#(0 96 1291 27 0 0 0 43 227478 -1 -1 -1 -1 -1 -1)
#(0 96 1289 23 0 0 0 53 280214 -1 -1 -1 -1 -1 -1)
#(0 96 958 27 0 3 0 54 286505 -1 -1 -1 -1 -1 -1)
#(0 96 578 63 0 2 0 54 290006 -1 -1 -1 -1 -1 -1)
#(0 96 1286 32 0 0 0 55 290928 -1 -1 -1 -1 -1 -1)
#(0 96 1284 32 0 0 0 64 338456 -1 -1 -1 -1 -1 -1)
#(0 96 1285 27 0 0 1 99 527554 -1 -1 -1 -1 -1 -1)
#(0 96 193 59 0 1 1 98 520836 -1 -1 -1 -1 -1 -1)
#(0 96 199 69 0 3 1 96 508971 -1 -1 -1 -1 -1 -1)
#(0 96 191 59 0 2 1 91 483962 -1 -1 -1 -1 -1 -1)
#(0 96 1290 32 0 0 1 89 474677 -1 -1 -1 -1 -1 -1)
#(0 96 1287 29 0 0 1 88 469437 -1 -1 -1 -1 -1 -1)
#(0 96 195 61 0 2 1 87 462557 -1 -1 -1 -1 -1 -1)
#(0 96 952 30 0 2 1 87 463081 -1 -1 -1 -1 -1 -1)
#(0 96 949 31 0 2 1 84 447193 -1 -1 -1 -1 -1 -1)
#(0 96 963 32 0 2 1 81 431208 -1 -1 -1 -1 -1 -1)
#(0 96 190 64 0 2 1 78 414640 -1 -1 -1 -1 -1 -1)
#(0 96 950 44 0 1 1 74 393681 -1 -1 -1 -1 -1 -1)
#(0 96 1280 26 0 0 1 71 379714 -1 -1 -1 -1 -1 -1)
#(0 96 196 63 0 2 1 67 356955 -1 -1 -1 -1 -1 -1)
#(0 96 1292 25 0 0 1 65 348085 -1 -1 -1 -1 -1 -1)
#(0 96 960 29 0 2 1 64 341669 -1 -1 -1 -1 -1 -1)
#(0 96 953 37 0 1 1 62 330677 -1 -1 -1 -1 -1 -1)
#(0 96 1281 25 0 0 1 57 305838 -1 -1 -1 -1 -1 -1)
#(0 96 188 67 0 2 1 56 298287 -1 -1 -1 -1 -1 -1)
#(0 96 189 44 0 1 1 53 280177 -1 -1 -1 -1 -1 -1)
#(0 96 577 51 0 2 1 51 271014 -1 -1 -1 -1 -1 -1)
#(0 96 576 42 0 2 1 49 261138 -1 -1 -1 -1 -1 -1)
#(0 96 959 29 0 3 1 47 251919 -1 -1 -1 -1 -1 -1)
#(0 96 574 67 0 2 1 42 227025 -1 -1 -1 -1 -1 -1)
#(0 96 198 44 0 1 1 37 195745 -1 -1 -1 -1 -1 -1)
#(0 96 1283 27 0 0 1 35 189629 -1 -1 -1 -1 -1 -1)
#(0 96 194 64 0 3 1 34 182589 -1 -1 -1 -1 -1 -1)
#(0 96 1282 25 0 0 1 29 157990 -1 -1 -1 -1 -1 -1)
#(0 96 186 58 0 1 1 27 146036 -1 -1 -1 -1 -1 -1)
#(0 97 968 30 0 2 0 3 17427 -1 -1 -1 -1 -1 -1)
#(0 97 580 56 0 2 0 4 25040 -1 -1 -1 -1 -1 -1)
#(0 97 205 64 0 1 0 4 23933 -1 -1 -1 -1 -1 -1)
#(0 97 964 25 0 3 0 4 22464 -1 -1 -1 -1 -1 -1)
#(0 97 1303 29 0 0 0 10 53276 -1 -1 -1 -1 -1 -1)
#(0 97 1299 22 0 0 0 11 58431 -1 -1 -1 -1 -1 -1)
#(0 97 585 71 0 1 0 11 58606 -1 -1 -1 -1 -1 -1)
#(0 97 206 71 0 1 0 11 61624 -1 -1 -1 -1 -1 -1)
#(0 97 200 44 0 2 0 12 68287 -1 -1 -1 -1 -1 -1)
#(0 97 587 58 0 3 0 15 83054 -1 -1 -1 -1 -1 -1)
#(0 97 216 59 0 2 0 17 91475 -1 -1 -1 -1 -1 -1)
#(0 97 213 55 0 3 0 18 97460 -1 -1 -1 -1 -1 -1)
#(0 97 1296 26 0 0 0 20 106033 -1 -1 -1 -1 -1 -1)
#(0 97 208 60 0 1 0 20 108274 -1 -1 -1 -1 -1 -1)
#(0 97 202 54 0 2 0 24 127144 -1 -1 -1 -1 -1 -1)
#(0 97 1293 32 0 0 0 26 137832 -1 -1 -1 -1 -1 -1)
#(0 97 1306 32 0 0 0 28 148356 -1 -1 -1 -1 -1 -1)
#(0 97 218 55 0 2 0 31 164713 -1 -1 -1 -1 -1 -1)
#(0 97 591 57 0 1 0 34 183830 -1 -1 -1 -1 -1 -1)
#(0 97 569 47 0 1 0 36 193552 -1 -1 -1 -1 -1 -1)
#(0 97 976 36 0 1 0 38 202543 -1 -1 -1 -1 -1 -1)
#(0 97 979 22 0 2 0 42 222863 -1 -1 -1 -1 -1 -1)
#(0 97 1297 32 0 0 0 45 238129 -1 -1 -1 -1 -1 -1)
#(0 97 978 49 0 3 0 46 245468 -1 -1 -1 -1 -1 -1)
#(0 97 582 59 0 1 0 53 284260 -1 -1 -1 -1 -1 -1)
#(0 97 214 59 0 1 0 56 297550 -1 -1 -1 -1 -1 -1)
#(0 97 583 62 0 1 0 68 363884 -1 -1 -1 -1 -1 -1)
#(0 97 980 47 0 1 0 70 372047 -1 -1 -1 -1 -1 -1)
#(0 97 1304 28 0 0 1 99 527557 -1 -1 -1 -1 -1 -1)
#(0 97 197 51 0 1 1 98 522107 -1 -1 -1 -1 -1 -1)
#(0 97 1288 17 0 0 1 97 517180 -1 -1 -1 -1 -1 -1)
#(0 97 207 44 0 3 1 95 502023 -1 -1 -1 -1 -1 -1)
#(0 97 588 44 0 1 1 93 493347 -1 -1 -1 -1 -1 -1)
#(0 97 1298 23 0 0 1 88 469551 -1 -1 -1 -1 -1 -1)
#(0 97 212 57 0 1 1 86 458003 -1 -1 -1 -1 -1 -1)
#(0 97 177 57 0 2 1 82 432978 -1 -1 -1 -1 -1 -1)
#(0 97 579 50 0 2 1 77 408297 -1 -1 -1 -1 -1 -1)
#(0 97 1301 25 0 0 1 76 406154 -1 -1 -1 -1 -1 -1)
#(0 97 590 57 0 3 1 75 397047 -1 -1 -1 -1 -1 -1)
#(0 97 584 44 0 2 1 74 393041 -1 -1 -1 -1 -1 -1)
#(0 97 974 28 0 2 1 74 394575 -1 -1 -1 -1 -1 -1)
#(0 97 203 62 0 1 1 71 377986 -1 -1 -1 -1 -1 -1)
#(0 97 966 32 0 2 1 70 373214 -1 -1 -1 -1 -1 -1)
#(0 97 973 38 0 3 1 69 367601 -1 -1 -1 -1 -1 -1)
#(0 97 586 55 0 2 1 68 360322 -1 -1 -1 -1 -1 -1)
#(0 97 592 43 0 2 1 67 356155 -1 -1 -1 -1 -1 -1)
#(0 97 581 64 0 2 1 67 353913 -1 -1 -1 -1 -1 -1)
#(0 97 1295 25 0 0 1 66 353338 -1 -1 -1 -1 -1 -1)
#(0 97 970 28 0 2 1 63 336466 -1 -1 -1 -1 -1 -1)
#(0 97 211 44 0 2 1 61 322450 -1 -1 -1 -1 -1 -1)
#(0 97 1294 29 0 0 1 58 311017 -1 -1 -1 -1 -1 -1)
#(0 97 965 37 0 3 1 55 293707 -1 -1 -1 -1 -1 -1)
#(0 97 209 44 0 2 1 52 274970 -1 -1 -1 -1 -1 -1)
#(0 97 1302 28 0 0 1 49 263544 -1 -1 -1 -1 -1 -1)
#(0 97 971 38 0 3 1 49 261999 -1 -1 -1 -1 -1 -1)
#(0 97 972 36 0 2 1 23 124880 -1 -1 -1 -1 -1 -1)
#(0 97 967 33 0 3 1 17 93286 -1 -1 -1 -1 -1 -1)
#(0 97 589 55 0 2 1 14 75200 -1 -1 -1 -1 -1 -1)
#(0 97 969 41 0 3 1 11 61238 -1 -1 -1 -1 -1 -1)
#(0 98 210 53 0 2 0 4 22030 -1 -1 -1 -1 -1 -1)
#(0 98 601 59 0 2 0 5 30949 -1 -1 -1 -1 -1 -1)
#(0 98 220 67 0 1 0 8 45015 -1 -1 -1 -1 -1 -1)
#(0 98 219 70 0 1 0 9 50119 -1 -1 -1 -1 -1 -1)
#(0 98 985 36 0 1 0 9 49443 -1 -1 -1 -1 -1 -1)
#(0 98 599 61 0 2 0 13 72891 -1 -1 -1 -1 -1 -1)
#(0 98 201 70 0 2 0 13 70527 -1 -1 -1 -1 -1 -1)
#(0 98 230 65 0 3 0 19 102910 -1 -1 -1 -1 -1 -1)
#(0 98 1307 27 0 0 0 20 106038 -1 -1 -1 -1 -1 -1)
#(0 98 227 63 0 2 0 20 108168 -1 -1 -1 -1 -1 -1)
#(0 98 597 51 0 1 0 22 119847 -1 -1 -1 -1 -1 -1)
#(0 98 224 57 0 3 0 32 170452 -1 -1 -1 -1 -1 -1)
#(0 98 1313 30 0 0 0 36 190584 -1 -1 -1 -1 -1 -1)
#(0 98 1312 28 0 0 0 37 195825 -1 -1 -1 -1 -1 -1)
#(0 98 1316 28 0 0 0 38 201098 -1 -1 -1 -1 -1 -1)
#(0 98 222 64 0 1 0 38 203083 -1 -1 -1 -1 -1 -1)
#(0 98 1308 32 0 0 0 40 211751 -1 -1 -1 -1 -1 -1)
#(0 98 225 66 0 2 0 44 235195 -1 -1 -1 -1 -1 -1)
#(0 98 595 51 0 3 0 48 257046 -1 -1 -1 -1 -1 -1)
#(0 98 604 59 0 1 0 54 289579 -1 -1 -1 -1 -1 -1)
#(0 98 605 57 0 2 0 60 321031 -1 -1 -1 -1 -1 -1)
#(0 98 596 51 0 2 0 69 367929 -1 -1 -1 -1 -1 -1)
#(0 98 602 67 0 2 0 79 422258 -1 -1 -1 -1 -1 -1)
#(0 98 983 38 0 2 1 96 510113 -1 -1 -1 -1 -1 -1)
#(0 98 981 33 0 1 1 94 499778 -1 -1 -1 -1 -1 -1)
#(0 98 594 65 0 2 1 94 496579 -1 -1 -1 -1 -1 -1)
#(0 98 1311 28 0 0 1 93 495838 -1 -1 -1 -1 -1 -1)
#(0 98 989 20 0 3 1 92 490012 -1 -1 -1 -1 -1 -1)
#(0 98 1310 32 0 0 1 91 485217 -1 -1 -1 -1 -1 -1)
#(0 98 226 66 0 3 1 91 483598 -1 -1 -1 -1 -1 -1)
#(0 98 606 61 0 1 1 90 476141 -1 -1 -1 -1 -1 -1)
#(0 98 229 59 0 2 1 89 473460 -1 -1 -1 -1 -1 -1)
#(0 98 990 48 0 2 1 86 456877 -1 -1 -1 -1 -1 -1)
#(0 98 221 64 0 1 1 83 441280 -1 -1 -1 -1 -1 -1)
#(0 98 1317 26 0 0 1 82 437827 -1 -1 -1 -1 -1 -1)
#(0 98 993 33 0 2 1 81 431209 -1 -1 -1 -1 -1 -1)
#(0 98 231 68 0 3 1 81 431736 -1 -1 -1 -1 -1 -1)
#(0 98 1309 29 0 0 1 75 400791 -1 -1 -1 -1 -1 -1)
#(0 98 977 28 0 2 1 64 341796 -1 -1 -1 -1 -1 -1)
#(0 98 975 26 0 2 1 63 336584 -1 -1 -1 -1 -1 -1)
#(0 98 991 32 0 2 1 62 331010 -1 -1 -1 -1 -1 -1)
#(0 98 607 62 0 2 1 62 327865 -1 -1 -1 -1 -1 -1)
#(0 98 1300 25 0 0 1 57 305824 -1 -1 -1 -1 -1 -1)
#(0 98 984 35 0 2 1 50 267490 -1 -1 -1 -1 -1 -1)
#(0 98 961 34 0 3 1 47 251684 -1 -1 -1 -1 -1 -1)
#(0 98 982 49 0 3 1 43 229708 -1 -1 -1 -1 -1 -1)
#(0 98 987 31 0 2 1 42 225430 -1 -1 -1 -1 -1 -1)
#(0 98 593 67 0 1 1 40 211222 -1 -1 -1 -1 -1 -1)
#(0 98 598 62 0 3 1 31 164283 -1 -1 -1 -1 -1 -1)
#(0 98 1314 23 0 0 1 29 158033 -1 -1 -1 -1 -1 -1)
#(0 98 603 44 0 2 1 22 118464 -1 -1 -1 -1 -1 -1)
#(0 99 1318 23 0 0 0 1 5669 -1 -1 -1 -1 -1 -1)
#(0 99 234 54 0 2 0 1 5903 -1 -1 -1 -1 -1 -1)
#(0 99 613 51 0 2 0 4 24826 -1 -1 -1 -1 -1 -1)
#(0 99 1003 24 0 2 0 4 22380 -1 -1 -1 -1 -1 -1)
#(0 99 243 57 0 3 0 8 44103 -1 -1 -1 -1 -1 -1)
#(0 99 992 33 0 2 0 9 49225 -1 -1 -1 -1 -1 -1)
#(0 99 204 44 0 2 0 12 68239 -1 -1 -1 -1 -1 -1)
#(0 99 614 43 0 2 0 14 76847 -1 -1 -1 -1 -1 -1)
#(0 99 1000 41 0 1 0 23 123615 -1 -1 -1 -1 -1 -1)
#(0 99 622 59 0 3 0 26 141708 -1 -1 -1 -1 -1 -1)
#(0 99 235 62 0 1 0 27 144709 -1 -1 -1 -1 -1 -1)
#(0 99 612 64 0 2 0 27 147603 -1 -1 -1 -1 -1 -1)
#(0 99 1319 24 0 0 0 29 153526 -1 -1 -1 -1 -1 -1)
#(0 99 619 59 0 2 0 29 157470 -1 -1 -1 -1 -1 -1)
#(0 99 241 61 0 1 0 33 176409 -1 -1 -1 -1 -1 -1)
#(0 99 616 41 0 2 0 34 182322 -1 -1 -1 -1 -1 -1)
#(0 99 1315 23 0 0 0 36 190446 -1 -1 -1 -1 -1 -1)
#(0 99 620 62 0 3 0 39 210738 -1 -1 -1 -1 -1 -1)
#(0 99 999 20 0 3 0 40 212233 -1 -1 -1 -1 -1 -1)
#(0 99 996 33 0 2 0 41 218240 -1 -1 -1 -1 -1 -1)
#(0 99 238 68 0 2 0 44 234772 -1 -1 -1 -1 -1 -1)
#(0 99 1002 28 0 3 0 47 249633 -1 -1 -1 -1 -1 -1)
#(0 99 237 59 0 2 0 49 260853 -1 -1 -1 -1 -1 -1)
#(0 99 618 55 0 3 0 53 283800 -1 -1 -1 -1 -1 -1)
#(0 99 217 73 0 2 0 56 298420 -1 -1 -1 -1 -1 -1)
#(0 99 232 57 0 1 0 66 349911 -1 -1 -1 -1 -1 -1)
#(0 99 1320 29 0 0 0 68 359527 -1 -1 -1 -1 -1 -1)
#(0 99 609 54 0 3 0 70 373622 -1 -1 -1 -1 -1 -1)
#(0 99 621 62 0 2 0 72 384901 -1 -1 -1 -1 -1 -1)
#(0 99 1001 30 0 2 1 99 526477 -1 -1 -1 -1 -1 -1)
#(0 99 986 29 0 2 1 96 510653 -1 -1 -1 -1 -1 -1)
#(0 99 244 51 0 2 1 93 495718 -1 -1 -1 -1 -1 -1)
#(0 99 1004 38 0 2 1 90 478508 -1 -1 -1 -1 -1 -1)
#(0 99 242 52 0 2 1 90 479307 -1 -1 -1 -1 -1 -1)
#(0 99 1305 23 0 0 1 88 469537 -1 -1 -1 -1 -1 -1)
#(0 99 223 75 0 1 1 86 456766 -1 -1 -1 -1 -1 -1)
#(0 99 233 64 0 1 1 85 451753 -1 -1 -1 -1 -1 -1)
#(0 99 610 52 0 1 1 84 444969 -1 -1 -1 -1 -1 -1)
#(0 99 611 44 0 2 1 81 429957 -1 -1 -1 -1 -1 -1)
#(0 99 998 20 0 2 1 76 405528 -1 -1 -1 -1 -1 -1)
#(0 99 600 53 0 1 1 67 355668 -1 -1 -1 -1 -1 -1)
#(0 99 1321 23 0 0 1 66 353389 -1 -1 -1 -1 -1 -1)
#(0 99 994 21 0 3 1 60 321016 -1 -1 -1 -1 -1 -1)
#(0 99 236 67 0 2 1 57 303256 -1 -1 -1 -1 -1 -1)
#(0 99 617 55 0 2 1 52 275795 -1 -1 -1 -1 -1 -1)
#(0 99 608 59 0 2 1 43 227888 -1 -1 -1 -1 -1 -1)
#(0 99 997 44 0 3 1 29 156140 -1 -1 -1 -1 -1 -1)
#(0 99 995 47 0 3 1 18 97911 -1 -1 -1 -1 -1 -1)
#(0 100 1014 30 0 2 0 1 6951 -1 -1 -1 -1 -1 -1)
#(0 100 628 70 0 1 0 3 16083 -1 -1 -1 -1 -1 -1)
#(0 100 215 44 0 1 0 3 20725 -1 -1 -1 -1 -1 -1)
#(0 100 625 51 0 3 0 5 30004 -1 -1 -1 -1 -1 -1)
#(0 100 250 59 0 1 0 10 53953 -1 -1 -1 -1 -1 -1)
#(0 100 631 57 0 2 0 10 57083 -1 -1 -1 -1 -1 -1)
#(0 100 1007 46 0 3 0 11 60504 -1 -1 -1 -1 -1 -1)
#(0 100 1015 42 0 1 0 12 65556 -1 -1 -1 -1 -1 -1)
#(0 100 1329 34 0 0 0 14 74489 -1 -1 -1 -1 -1 -1)
#(0 100 635 45 0 2 0 20 108832 -1 -1 -1 -1 -1 -1)
#(0 100 254 46 0 3 0 21 111976 -1 -1 -1 -1 -1 -1)
#(0 100 248 51 0 2 0 22 116657 -1 -1 -1 -1 -1 -1)
#(0 100 228 75 0 3 0 38 204095 -1 -1 -1 -1 -1 -1)
#(0 100 1006 41 0 3 0 39 208081 -1 -1 -1 -1 -1 -1)
#(0 100 246 59 0 2 0 44 233967 -1 -1 -1 -1 -1 -1)
#(0 100 1016 23 0 2 0 45 238820 -1 -1 -1 -1 -1 -1)
#(0 100 251 56 0 2 0 47 249591 -1 -1 -1 -1 -1 -1)
#(0 100 245 57 0 3 0 57 302573 -1 -1 -1 -1 -1 -1)
#(0 100 1326 25 0 0 0 58 306652 -1 -1 -1 -1 -1 -1)
#(0 100 1008 49 0 1 0 72 382689 -1 -1 -1 -1 -1 -1)
#(0 100 1324 30 0 0 1 98 522201 -1 -1 -1 -1 -1 -1)
#(0 100 1005 37 0 3 1 93 494412 -1 -1 -1 -1 -1 -1)
#(0 100 633 54 0 2 1 92 487124 -1 -1 -1 -1 -1 -1)
#(0 100 1009 20 0 2 1 92 490004 -1 -1 -1 -1 -1 -1)
#(0 100 627 57 0 1 1 91 481534 -1 -1 -1 -1 -1 -1)
#(0 100 632 51 0 2 1 89 471539 -1 -1 -1 -1 -1 -1)
#(0 100 1012 34 0 1 1 89 473424 -1 -1 -1 -1 -1 -1)
#(0 100 1327 26 0 0 1 78 416687 -1 -1 -1 -1 -1 -1)
#(0 100 634 58 0 2 1 78 412870 -1 -1 -1 -1 -1 -1)
#(0 100 252 59 0 1 1 74 394399 -1 -1 -1 -1 -1 -1)
#(0 100 255 67 0 3 1 66 350813 -1 -1 -1 -1 -1 -1)
#(0 100 1011 38 0 3 1 62 330692 -1 -1 -1 -1 -1 -1)
#(0 100 626 57 0 2 1 61 323111 -1 -1 -1 -1 -1 -1)
#(0 100 253 59 0 2 1 59 315092 -1 -1 -1 -1 -1 -1)
#(0 100 1328 28 0 0 1 58 311061 -1 -1 -1 -1 -1 -1)
#(0 100 1322 25 0 0 1 55 295259 -1 -1 -1 -1 -1 -1)
#(0 100 624 60 0 3 1 51 270587 -1 -1 -1 -1 -1 -1)
#(0 100 988 40 0 2 1 50 267232 -1 -1 -1 -1 -1 -1)
#(0 100 1330 27 0 0 1 49 263554 -1 -1 -1 -1 -1 -1)
#(0 100 630 53 0 3 1 40 212496 -1 -1 -1 -1 -1 -1)
#(0 101 1021 30 0 2 0 0 1599 -1 -1 -1 -1 -1 -1)
#(0 101 263 55 0 2 0 1 6269 -1 -1 -1 -1 -1 -1)
#(2 101 263 -1 -1 -1 -1 -1 -1 25 -1 -1 -1 -1 -1)
#(0 101 1020 34 0 3 0 1 7085 -1 -1 -1 -1 -1 -1)
#(0 101 1013 23 0 2 0 4 22402 -1 -1 -1 -1 -1 -1)
#(0 101 1338 30 0 0 0 6 32185 -1 -1 -1 -1 -1 -1)
#(0 101 644 55 0 2 0 7 40939 -1 -1 -1 -1 -1 -1)
#(0 101 623 42 0 2 0 14 76859 -1 -1 -1 -1 -1 -1)
#(0 101 1026 22 0 2 0 14 75109 -1 -1 -1 -1 -1 -1)
#(0 101 1336 23 0 0 0 15 79576 -1 -1 -1 -1 -1 -1)
#(0 101 640 51 0 1 0 15 82803 -1 -1 -1 -1 -1 -1)
#(0 101 1024 20 0 3 0 17 90805 -1 -1 -1 -1 -1 -1)
#(0 101 643 59 0 1 0 19 104812 -1 -1 -1 -1 -1 -1)
#(0 101 265 59 0 3 0 20 107394 -1 -1 -1 -1 -1 -1)
#(0 101 1334 20 0 0 0 24 127051 -1 -1 -1 -1 -1 -1)
#(0 101 262 52 0 2 0 24 127147 -1 -1 -1 -1 -1 -1)
#(0 101 1027 56 0 3 0 28 150704 -1 -1 -1 -1 -1 -1)
#(0 101 1323 25 0 0 0 29 153542 -1 -1 -1 -1 -1 -1)
#(0 101 270 62 0 3 0 30 160432 -1 -1 -1 -1 -1 -1)
#(0 101 239 70 0 3 0 38 203501 -1 -1 -1 -1 -1 -1)
#(0 101 1017 26 0 2 0 41 217844 -1 -1 -1 -1 -1 -1)
#(0 101 1025 30 0 2 0 44 233869 -1 -1 -1 -1 -1 -1)
#(0 101 646 59 0 1 0 48 257502 -1 -1 -1 -1 -1 -1)
#(0 101 1341 23 0 0 0 50 264374 -1 -1 -1 -1 -1 -1)
#(0 101 1332 23 0 0 0 53 280225 -1 -1 -1 -1 -1 -1)
#(0 101 1018 28 0 2 0 53 281302 -1 -1 -1 -1 -1 -1)
#(0 101 249 58 0 1 0 57 302630 -1 -1 -1 -1 -1 -1)
#(0 101 1019 43 0 3 0 58 308449 -1 -1 -1 -1 -1 -1)
#(0 101 266 32 0 4 0 59 316684 -1 -1 -1 -1 -1 -1)
#(0 101 1331 30 0 0 0 68 359566 -1 -1 -1 -1 -1 -1)
#(0 101 629 59 0 3 0 72 384463 -1 -1 -1 -1 -1 -1)
#(0 101 1335 29 0 0 0 82 433449 -1 -1 -1 -1 -1 -1)
#(0 101 1010 30 0 2 1 96 510593 -1 -1 -1 -1 -1 -1)
#(0 101 1340 27 0 0 1 95 506440 -1 -1 -1 -1 -1 -1)
#(0 101 636 50 0 1 1 95 502809 -1 -1 -1 -1 -1 -1)
#(0 101 259 55 0 1 1 95 505673 -1 -1 -1 -1 -1 -1)
#(0 101 258 67 0 3 1 94 500464 -1 -1 -1 -1 -1 -1)
#(0 101 1342 30 0 0 1 87 464142 -1 -1 -1 -1 -1 -1)
#(0 101 641 57 0 2 1 86 455037 -1 -1 -1 -1 -1 -1)
#(0 101 1022 46 0 2 1 82 435862 -1 -1 -1 -1 -1 -1)
#(0 101 267 51 0 2 1 82 433176 -1 -1 -1 -1 -1 -1)
#(0 101 615 56 0 2 1 81 429395 -1 -1 -1 -1 -1 -1)
#(0 101 1333 29 0 0 1 79 421904 -1 -1 -1 -1 -1 -1)
#(0 101 1337 26 0 0 1 74 395572 -1 -1 -1 -1 -1 -1)
#(0 101 642 50 0 1 1 74 392719 -1 -1 -1 -1 -1 -1)
#(0 101 1339 29 0 0 1 73 390244 -1 -1 -1 -1 -1 -1)
#(0 101 261 67 0 2 1 73 387746 -1 -1 -1 -1 -1 -1)
#(0 101 638 51 0 3 1 70 371168 -1 -1 -1 -1 -1 -1)
#(0 101 1325 24 0 0 1 66 353360 -1 -1 -1 -1 -1 -1)
#(0 101 269 59 0 2 1 65 345914 -1 -1 -1 -1 -1 -1)
#(0 101 639 62 0 3 1 60 317284 -1 -1 -1 -1 -1 -1)
#(0 101 645 64 0 2 1 55 290796 -1 -1 -1 -1 -1 -1)
#(0 101 637 58 0 1 1 52 275796 -1 -1 -1 -1 -1 -1)
#(0 101 257 66 0 3 1 40 213683 -1 -1 -1 -1 -1 -1)
#(0 101 1028 40 0 3 1 38 203844 -1 -1 -1 -1 -1 -1)
#(0 101 268 70 0 2 1 34 181954 -1 -1 -1 -1 -1 -1)
#(0 101 1023 43 0 1 1 34 182565 -1 -1 -1 -1 -1 -1)
#(0 101 260 58 0 2 1 17 93182 -1 -1 -1 -1 -1 -1)
#(0 102 282 65 0 2 0 3 18150 -1 -1 -1 -1 -1 -1)
#(0 102 247 64 0 1 0 4 22442 -1 -1 -1 -1 -1 -1)
#(0 102 651 51 0 1 0 5 29923 -1 -1 -1 -1 -1 -1)
#(0 102 1029 39 0 3 0 5 28489 -1 -1 -1 -1 -1 -1)
#(0 102 1352 29 0 0 0 7 37436 -1 -1 -1 -1 -1 -1)
#(0 102 272 70 0 2 0 21 112864 -1 -1 -1 -1 -1 -1)
#(0 102 286 65 0 1 0 23 124936 -1 -1 -1 -1 -1 -1)
#(0 102 650 57 0 2 0 25 136348 -1 -1 -1 -1 -1 -1)
#(0 102 274 70 0 3 0 31 166577 -1 -1 -1 -1 -1 -1)
#(0 102 1349 27 0 0 0 37 195799 -1 -1 -1 -1 -1 -1)
#(0 102 287 64 0 2 0 37 197147 -1 -1 -1 -1 -1 -1)
#(0 102 653 62 0 2 0 37 200158 -1 -1 -1 -1 -1 -1)
#(0 102 1351 23 0 0 0 39 206290 -1 -1 -1 -1 -1 -1)
#(0 102 1350 20 0 0 0 42 222079 -1 -1 -1 -1 -1 -1)
#(0 102 1345 25 0 0 0 48 253858 -1 -1 -1 -1 -1 -1)
#(0 102 658 59 0 2 0 51 273792 -1 -1 -1 -1 -1 -1)
#(0 102 657 59 0 1 0 52 279040 -1 -1 -1 -1 -1 -1)
#(0 102 655 57 0 3 0 56 299808 -1 -1 -1 -1 -1 -1)
#(0 102 273 51 0 2 0 58 306914 -1 -1 -1 -1 -1 -1)
#(0 102 1347 28 0 0 0 59 311991 -1 -1 -1 -1 -1 -1)
#(0 102 649 55 0 2 0 63 336711 -1 -1 -1 -1 -1 -1)
#(0 102 1348 31 0 0 0 67 354279 -1 -1 -1 -1 -1 -1)
#(0 102 288 67 0 2 0 67 356605 -1 -1 -1 -1 -1 -1)
#(0 102 1344 26 0 0 1 99 527551 -1 -1 -1 -1 -1 -1)
#(0 102 277 56 0 2 1 98 521564 -1 -1 -1 -1 -1 -1)
#(0 102 275 44 0 2 1 98 517882 -1 -1 -1 -1 -1 -1)
#(0 102 1346 29 0 0 1 96 511664 -1 -1 -1 -1 -1 -1)
#(0 102 656 68 0 2 1 96 512116 -1 -1 -1 -1 -1 -1)
#(0 102 662 56 0 1 1 92 487207 -1 -1 -1 -1 -1 -1)
#(0 102 659 60 0 3 1 85 449532 -1 -1 -1 -1 -1 -1)
#(0 102 281 58 0 3 1 84 446956 -1 -1 -1 -1 -1 -1)
#(0 102 279 57 0 1 1 82 436663 -1 -1 -1 -1 -1 -1)
#(0 102 661 51 0 2 1 81 429624 -1 -1 -1 -1 -1 -1)
#(0 102 256 59 0 1 1 74 394303 -1 -1 -1 -1 -1 -1)
#(0 102 264 51 0 2 1 73 390206 -1 -1 -1 -1 -1 -1)
#(0 102 276 59 0 2 1 70 373080 -1 -1 -1 -1 -1 -1)
#(0 102 285 75 0 1 1 66 350155 -1 -1 -1 -1 -1 -1)
#(0 102 1031 31 0 2 1 62 330956 -1 -1 -1 -1 -1 -1)
#(0 102 660 58 0 1 1 58 307119 -1 -1 -1 -1 -1 -1)
#(0 102 654 58 0 3 1 52 275787 -1 -1 -1 -1 -1 -1)
#(0 102 652 57 0 3 1 51 270679 -1 -1 -1 -1 -1 -1)
#(0 102 1353 25 0 0 1 48 258325 -1 -1 -1 -1 -1 -1)
#(0 102 1343 27 0 0 1 47 252982 -1 -1 -1 -1 -1 -1)
#(0 102 1030 35 0 2 1 40 214686 -1 -1 -1 -1 -1 -1)
#(0 102 1032 44 0 2 1 36 193099 -1 -1 -1 -1 -1 -1)
#(0 102 271 62 0 2 1 24 129166 -1 -1 -1 -1 -1 -1)
#(0 102 648 67 0 2 1 20 110767 -1 -1 -1 -1 -1 -1)
#(0 102 283 75 0 2 1 16 85540 -1 -1 -1 -1 -1 -1)
#(0 102 284 51 0 2 1 12 68034 -1 -1 -1 -1 -1 -1)
#(0 103 1356 26 0 0 0 0 434 -1 -1 -1 -1 -1 -1)
#(0 103 280 62 0 1 0 1 6717 -1 -1 -1 -1 -1 -1)
#(0 103 663 70 0 2 0 3 15917 -1 -1 -1 -1 -1 -1)
#(0 103 671 54 0 3 0 3 19735 -1 -1 -1 -1 -1 -1)
#(0 103 1033 22 0 3 0 4 22245 -1 -1 -1 -1 -1 -1)
#(0 103 293 59 0 2 0 11 59971 -1 -1 -1 -1 -1 -1)
#(0 103 291 44 0 2 0 12 68232 -1 -1 -1 -1 -1 -1)
#(0 103 647 52 0 1 0 15 82846 -1 -1 -1 -1 -1 -1)
#(0 103 1354 23 0 0 0 19 100712 -1 -1 -1 -1 -1 -1)
#(0 103 296 54 0 1 0 28 148946 -1 -1 -1 -1 -1 -1)
#(0 103 1036 39 0 1 0 35 186867 -1 -1 -1 -1 -1 -1)
#(0 103 1042 23 0 2 0 45 238832 -1 -1 -1 -1 -1 -1)
#(0 103 1358 30 0 0 0 54 285625 -1 -1 -1 -1 -1 -1)
#(0 103 301 55 0 1 0 58 307100 -1 -1 -1 -1 -1 -1)
#(0 103 669 59 0 2 0 60 321207 -1 -1 -1 -1 -1 -1)
#(0 103 295 67 0 3 0 61 325112 -1 -1 -1 -1 -1 -1)
#(0 103 1034 51 0 1 0 61 324767 -1 -1 -1 -1 -1 -1)
#(0 103 1035 28 0 2 0 79 418547 -1 -1 -1 -1 -1 -1)
#(0 103 664 57 0 2 0 83 442489 -1 -1 -1 -1 -1 -1)
#(0 103 670 60 0 1 1 98 518049 -1 -1 -1 -1 -1 -1)
#(0 103 1039 30 0 3 1 95 505347 -1 -1 -1 -1 -1 -1)
#(0 103 1357 28 0 0 1 89 474738 -1 -1 -1 -1 -1 -1)
#(0 103 673 59 0 1 1 88 465514 -1 -1 -1 -1 -1 -1)
#(0 103 294 64 0 2 1 85 451766 -1 -1 -1 -1 -1 -1)
#(0 103 665 67 0 1 1 82 438112 -1 -1 -1 -1 -1 -1)
#(0 103 1355 29 0 0 1 73 390215 -1 -1 -1 -1 -1 -1)
#(0 103 298 44 0 1 1 69 364731 -1 -1 -1 -1 -1 -1)
#(0 103 672 59 0 2 1 68 359888 -1 -1 -1 -1 -1 -1)
#(0 103 1359 20 0 0 1 67 358713 -1 -1 -1 -1 -1 -1)
#(0 103 289 64 0 2 1 66 351465 -1 -1 -1 -1 -1 -1)
#(0 103 1040 22 0 3 1 60 320912 -1 -1 -1 -1 -1 -1)
#(0 103 667 59 0 1 1 59 312258 -1 -1 -1 -1 -1 -1)
#(0 103 666 70 0 2 1 56 300348 -1 -1 -1 -1 -1 -1)
#(0 103 297 60 0 1 1 55 293402 -1 -1 -1 -1 -1 -1)
#(0 103 1041 44 0 1 1 52 277517 -1 -1 -1 -1 -1 -1)
#(0 103 300 67 0 1 1 40 213451 -1 -1 -1 -1 -1 -1)
#(0 103 674 64 0 2 1 37 200563 -1 -1 -1 -1 -1 -1)
#(0 103 292 59 0 3 1 35 188450 -1 -1 -1 -1 -1 -1)
#(0 103 675 70 0 1 1 34 184407 -1 -1 -1 -1 -1 -1)
#(0 103 676 44 0 2 1 28 150161 -1 -1 -1 -1 -1 -1)
#(0 103 290 57 0 1 1 23 125169 -1 -1 -1 -1 -1 -1)
#(0 104 1369 23 0 0 0 0 370 -1 -1 -1 -1 -1 -1)
#(0 104 1043 22 0 2 0 4 22249 -1 -1 -1 -1 -1 -1)
#(0 104 1364 23 0 0 0 5 26790 -1 -1 -1 -1 -1 -1)
#(0 104 1054 27 0 2 0 6 33049 -1 -1 -1 -1 -1 -1)
#(0 104 1365 28 0 0 0 7 37427 -1 -1 -1 -1 -1 -1)
#(0 104 305 57 0 2 0 9 49360 -1 -1 -1 -1 -1 -1)
#(0 104 689 56 0 1 0 13 72774 -1 -1 -1 -1 -1 -1)
#(0 104 1045 28 0 2 0 16 85923 -1 -1 -1 -1 -1 -1)
#(0 104 692 59 0 1 0 16 88976 -1 -1 -1 -1 -1 -1)
#(0 104 1368 27 0 0 0 17 90199 -1 -1 -1 -1 -1 -1)
#(0 104 302 55 0 1 0 17 90934 -1 -1 -1 -1 -1 -1)
#(0 104 1055 21 0 2 0 17 90901 -1 -1 -1 -1 -1 -1)
#(0 104 684 44 0 2 0 18 98033 -1 -1 -1 -1 -1 -1)
#(0 104 1053 40 0 1 0 19 102360 -1 -1 -1 -1 -1 -1)
#(0 104 1044 53 0 1 0 20 108390 -1 -1 -1 -1 -1 -1)
#(0 104 680 64 0 2 0 21 115895 -1 -1 -1 -1 -1 -1)
#(0 104 688 49 0 3 0 24 130442 -1 -1 -1 -1 -1 -1)
#(0 104 1057 27 0 2 0 33 175627 -1 -1 -1 -1 -1 -1)
#(0 104 312 61 0 1 0 34 181655 -1 -1 -1 -1 -1 -1)
#(0 104 1037 41 0 3 0 35 186944 -1 -1 -1 -1 -1 -1)
#(0 104 693 59 0 3 0 37 199842 -1 -1 -1 -1 -1 -1)
#(0 104 1049 21 0 2 0 38 201680 -1 -1 -1 -1 -1 -1)
#(0 104 678 51 0 2 0 42 225404 -1 -1 -1 -1 -1 -1)
#(0 104 1363 27 0 0 0 44 232778 -1 -1 -1 -1 -1 -1)
#(0 104 303 59 0 3 0 44 234100 -1 -1 -1 -1 -1 -1)
#(0 104 310 54 0 1 0 45 238675 -1 -1 -1 -1 -1 -1)
#(0 104 311 59 0 2 0 56 297637 -1 -1 -1 -1 -1 -1)
#(0 104 1361 27 0 0 0 57 301424 -1 -1 -1 -1 -1 -1)
#(0 104 1038 30 0 2 0 61 323659 -1 -1 -1 -1 -1 -1)
#(0 104 307 64 0 3 0 67 356091 -1 -1 -1 -1 -1 -1)
#(0 104 278 63 0 3 1 97 516456 -1 -1 -1 -1 -1 -1)
#(0 104 687 43 0 2 1 94 498711 -1 -1 -1 -1 -1 -1)
#(0 104 685 54 0 2 1 93 492725 -1 -1 -1 -1 -1 -1)
#(0 104 677 51 0 3 1 92 487504 -1 -1 -1 -1 -1 -1)
#(0 104 1050 23 0 3 1 92 489823 -1 -1 -1 -1 -1 -1)
#(0 104 681 51 0 3 1 90 476755 -1 -1 -1 -1 -1 -1)
#(0 104 306 51 0 3 1 88 469262 -1 -1 -1 -1 -1 -1)
#(0 104 668 64 0 2 1 85 449409 -1 -1 -1 -1 -1 -1)
#(0 104 679 68 0 3 1 83 438305 -1 -1 -1 -1 -1 -1)
#(0 104 299 55 0 2 1 81 432655 -1 -1 -1 -1 -1 -1)
#(0 104 1366 27 0 0 1 78 416667 -1 -1 -1 -1 -1 -1)
#(0 104 683 59 0 2 1 76 401997 -1 -1 -1 -1 -1 -1)
#(0 104 1360 28 0 0 1 73 390249 -1 -1 -1 -1 -1 -1)
#(0 104 690 65 0 2 1 73 385476 -1 -1 -1 -1 -1 -1)
#(0 104 308 51 0 2 1 70 374396 -1 -1 -1 -1 -1 -1)
#(0 104 1047 40 0 2 1 69 367498 -1 -1 -1 -1 -1 -1)
#(0 104 309 57 0 2 1 63 336616 -1 -1 -1 -1 -1 -1)
#(0 104 1056 23 0 2 1 60 320903 -1 -1 -1 -1 -1 -1)
#(0 104 1362 23 0 0 1 56 300570 -1 -1 -1 -1 -1 -1)
#(0 104 1051 41 0 3 1 55 293515 -1 -1 -1 -1 -1 -1)
#(0 104 682 64 0 2 1 53 280250 -1 -1 -1 -1 -1 -1)
#(0 104 1046 49 0 3 1 51 271999 -1 -1 -1 -1 -1 -1)
#(0 104 313 69 0 2 1 49 261305 -1 -1 -1 -1 -1 -1)
#(0 104 1052 33 0 3 1 43 230636 -1 -1 -1 -1 -1 -1)
#(0 104 686 75 0 2 1 32 173444 -1 -1 -1 -1 -1 -1)
#(0 104 304 62 0 1 1 20 108600 -1 -1 -1 -1 -1 -1)
#(0 104 1367 27 0 0 1 13 73474 -1 -1 -1 -1 -1 -1)
#(0 104 1048 47 0 3 1 5 29245 -1 -1 -1 -1 -1 -1)
#(0 105 696 62 0 1 0 0 4796 -1 -1 -1 -1 -1 -1)
#(0 105 315 52 0 2 0 1 6160 -1 -1 -1 -1 -1 -1)
#(0 105 323 62 0 2 0 2 12821 -1 -1 -1 -1 -1 -1)
#(0 105 1063 35 0 3 0 3 17724 -1 -1 -1 -1 -1 -1)
#(0 105 703 57 0 1 0 9 52063 -1 -1 -1 -1 -1 -1)
#(0 105 1067 38 0 2 0 15 81183 -1 -1 -1 -1 -1 -1)
#(0 105 327 55 0 3 0 20 106630 -1 -1 -1 -1 -1 -1)
#(0 105 702 57 0 2 0 21 115041 -1 -1 -1 -1 -1 -1)
#(0 105 325 44 0 1 0 21 115771 -1 -1 -1 -1 -1 -1)
#(0 105 701 66 0 3 0 23 126373 -1 -1 -1 -1 -1 -1)
#(0 105 1058 45 0 3 0 27 144935 -1 -1 -1 -1 -1 -1)
#(0 105 1060 39 0 1 0 30 160425 -1 -1 -1 -1 -1 -1)
#(0 105 322 62 0 2 0 33 176297 -1 -1 -1 -1 -1 -1)
#(0 105 1370 30 0 0 0 34 180045 -1 -1 -1 -1 -1 -1)
#(0 105 1373 26 0 0 0 35 185228 -1 -1 -1 -1 -1 -1)
#(0 105 1376 26 0 0 0 36 190503 -1 -1 -1 -1 -1 -1)
#(0 105 697 53 0 2 0 38 204748 -1 -1 -1 -1 -1 -1)
#(0 105 318 44 0 3 0 41 221384 -1 -1 -1 -1 -1 -1)
#(0 105 1065 24 0 2 0 45 238904 -1 -1 -1 -1 -1 -1)
#(0 105 1372 32 0 0 0 49 259248 -1 -1 -1 -1 -1 -1)
#(0 105 1374 27 0 0 0 57 301401 -1 -1 -1 -1 -1 -1)
#(0 105 698 44 0 3 0 74 393684 -1 -1 -1 -1 -1 -1)
#(0 105 699 62 0 2 1 99 523071 -1 -1 -1 -1 -1 -1)
#(0 105 314 74 0 3 1 98 519607 -1 -1 -1 -1 -1 -1)
#(0 105 704 55 0 2 1 96 508193 -1 -1 -1 -1 -1 -1)
#(0 105 1377 26 0 0 1 88 469504 -1 -1 -1 -1 -1 -1)
#(0 105 317 67 0 2 1 87 461753 -1 -1 -1 -1 -1 -1)
#(0 105 1375 30 0 0 1 86 458855 -1 -1 -1 -1 -1 -1)
#(0 105 1062 37 0 3 1 86 457387 -1 -1 -1 -1 -1 -1)
#(0 105 328 55 0 2 1 86 458273 -1 -1 -1 -1 -1 -1)
#(0 105 326 64 0 3 1 83 441277 -1 -1 -1 -1 -1 -1)
#(0 105 1064 40 0 1 1 80 425623 -1 -1 -1 -1 -1 -1)
#(0 105 324 66 0 2 1 79 418760 -1 -1 -1 -1 -1 -1)
#(0 105 707 64 0 2 1 79 417600 -1 -1 -1 -1 -1 -1)
#(0 105 319 51 0 3 1 71 379497 -1 -1 -1 -1 -1 -1)
#(0 105 700 63 0 2 1 71 375048 -1 -1 -1 -1 -1 -1)
#(0 105 1061 29 0 2 1 70 373364 -1 -1 -1 -1 -1 -1)
#(0 105 321 60 0 2 1 65 345842 -1 -1 -1 -1 -1 -1)
#(0 105 1059 30 0 2 1 64 341639 -1 -1 -1 -1 -1 -1)
#(0 105 1371 20 0 0 1 58 311194 -1 -1 -1 -1 -1 -1)
#(0 105 1068 42 0 1 1 57 304094 -1 -1 -1 -1 -1 -1)
#(0 105 705 54 0 2 1 56 296881 -1 -1 -1 -1 -1 -1)
#(0 105 316 59 0 2 1 51 273547 -1 -1 -1 -1 -1 -1)
#(0 105 320 59 0 1 1 44 235793 -1 -1 -1 -1 -1 -1)
#(0 106 713 62 0 2 0 0 4585 -1 -1 -1 -1 -1 -1)
#(0 106 338 60 0 3 0 4 22146 -1 -1 -1 -1 -1 -1)
#(0 106 709 65 0 2 0 4 25712 -1 -1 -1 -1 -1 -1)
#(0 106 1378 26 0 0 0 9 47960 -1 -1 -1 -1 -1 -1)
#(0 106 329 61 0 2 0 9 49346 -1 -1 -1 -1 -1 -1)
#(0 106 723 51 0 2 0 12 66936 -1 -1 -1 -1 -1 -1)
#(0 106 334 44 0 3 0 14 78737 -1 -1 -1 -1 -1 -1)
#(0 106 333 70 0 1 0 16 87995 -1 -1 -1 -1 -1 -1)
#(0 106 332 62 0 2 0 17 91275 -1 -1 -1 -1 -1 -1)
#(0 106 1077 35 0 2 0 18 96836 -1 -1 -1 -1 -1 -1)
#(0 106 1386 27 0 0 0 20 106039 -1 -1 -1 -1 -1 -1)
#(0 106 1380 22 0 0 0 24 127089 -1 -1 -1 -1 -1 -1)
#(0 106 691 61 0 2 0 24 130995 -1 -1 -1 -1 -1 -1)
#(0 106 1075 20 0 3 0 24 127756 -1 -1 -1 -1 -1 -1)
#(0 106 1066 28 0 2 0 27 143990 -1 -1 -1 -1 -1 -1)
#(0 106 1076 40 0 1 0 29 155167 -1 -1 -1 -1 -1 -1)
#(0 106 1074 21 0 2 0 31 164722 -1 -1 -1 -1 -1 -1)
#(0 106 330 67 0 1 0 41 219304 -1 -1 -1 -1 -1 -1)
#(0 106 694 50 0 2 0 42 225240 -1 -1 -1 -1 -1 -1)
#(0 106 1070 45 0 1 0 43 229477 -1 -1 -1 -1 -1 -1)
#(0 106 720 54 0 1 0 48 257373 -1 -1 -1 -1 -1 -1)
#(0 106 726 44 0 2 0 49 261651 -1 -1 -1 -1 -1 -1)
#(0 106 1072 33 0 2 0 62 329078 -1 -1 -1 -1 -1 -1)
#(0 106 1381 26 0 0 0 64 338353 -1 -1 -1 -1 -1 -1)
#(0 106 1379 28 0 0 1 96 511689 -1 -1 -1 -1 -1 -1)
#(0 106 714 59 0 2 1 95 502375 -1 -1 -1 -1 -1 -1)
#(0 106 695 46 0 1 1 94 498574 -1 -1 -1 -1 -1 -1)
#(0 106 1073 42 0 3 1 94 499395 -1 -1 -1 -1 -1 -1)
#(0 106 706 59 0 2 1 92 487102 -1 -1 -1 -1 -1 -1)
#(0 106 1385 28 0 0 1 91 485303 -1 -1 -1 -1 -1 -1)
#(0 106 1069 26 0 2 1 88 468557 -1 -1 -1 -1 -1 -1)
#(0 106 711 58 0 2 1 85 449822 -1 -1 -1 -1 -1 -1)
#(0 106 331 59 0 2 1 80 425868 -1 -1 -1 -1 -1 -1)
#(0 106 1383 29 0 0 1 79 421924 -1 -1 -1 -1 -1 -1)
#(0 106 719 51 0 2 1 76 402892 -1 -1 -1 -1 -1 -1)
#(0 106 1071 22 0 2 1 76 405380 -1 -1 -1 -1 -1 -1)
#(0 106 1078 32 0 2 1 75 399622 -1 -1 -1 -1 -1 -1)
#(0 106 337 62 0 1 1 70 373127 -1 -1 -1 -1 -1 -1)
#(0 106 336 44 0 1 1 58 306614 -1 -1 -1 -1 -1 -1)
#(0 106 1384 25 0 0 1 53 284719 -1 -1 -1 -1 -1 -1)
#(0 106 712 60 0 3 1 52 275516 -1 -1 -1 -1 -1 -1)
#(0 106 335 57 0 1 1 49 262659 -1 -1 -1 -1 -1 -1)
#(0 106 717 70 0 2 1 41 221342 -1 -1 -1 -1 -1 -1)
#(0 106 710 59 0 1 1 38 201345 -1 -1 -1 -1 -1 -1)
#(0 106 725 58 0 3 1 34 180271 -1 -1 -1 -1 -1 -1)
#(0 106 715 51 0 1 1 26 138861 -1 -1 -1 -1 -1 -1)
#(0 107 722 60 0 3 0 0 4281 -1 -1 -1 -1 -1 -1)
#(0 107 359 44 0 2 0 8 47131 -1 -1 -1 -1 -1 -1)
#(0 107 1382 20 0 0 0 9 47848 -1 -1 -1 -1 -1 -1)
#(0 107 1085 32 0 2 0 9 49159 -1 -1 -1 -1 -1 -1)
#(0 107 1392 30 0 0 0 11 58585 -1 -1 -1 -1 -1 -1)
#(0 107 729 74 0 1 0 11 58431 -1 -1 -1 -1 -1 -1)
#(0 107 731 56 0 2 0 15 83191 -1 -1 -1 -1 -1 -1)
#(0 107 1081 35 0 3 0 15 81049 -1 -1 -1 -1 -1 -1)
#(0 107 1391 29 0 0 0 22 116643 -1 -1 -1 -1 -1 -1)
#(2 107 1391 -1 -1 -1 -1 -1 -1 26 -1 -1 -1 -1 -1)
#(0 107 352 64 0 3 0 22 116637 -1 -1 -1 -1 -1 -1)
#(0 107 349 60 0 2 0 27 144493 -1 -1 -1 -1 -1 -1)
#(0 107 1083 27 0 2 0 30 159779 -1 -1 -1 -1 -1 -1)
#(0 107 1388 25 0 0 0 34 179933 -1 -1 -1 -1 -1 -1)
#(0 107 735 70 0 3 0 34 179774 -1 -1 -1 -1 -1 -1)
#(0 107 355 59 0 2 0 36 191891 -1 -1 -1 -1 -1 -1)
#(0 107 351 69 0 2 0 38 203645 -1 -1 -1 -1 -1 -1)
#(0 107 343 61 0 1 0 41 218655 -1 -1 -1 -1 -1 -1)
#(0 107 358 67 0 2 0 43 229783 -1 -1 -1 -1 -1 -1)
#(0 107 356 61 0 3 0 45 238711 -1 -1 -1 -1 -1 -1)
#(0 107 347 51 0 3 0 48 254092 -1 -1 -1 -1 -1 -1)
#(0 107 357 75 0 2 0 49 262605 -1 -1 -1 -1 -1 -1)
#(0 107 1399 23 0 0 0 56 296044 -1 -1 -1 -1 -1 -1)
#(0 107 346 59 0 2 0 59 313156 -1 -1 -1 -1 -1 -1)
#(0 107 1395 23 0 0 0 74 391094 -1 -1 -1 -1 -1 -1)
#(0 107 737 60 0 2 1 98 518069 -1 -1 -1 -1 -1 -1)
#(0 107 718 55 0 2 1 96 508203 -1 -1 -1 -1 -1 -1)
#(0 107 708 44 0 2 1 92 488065 -1 -1 -1 -1 -1 -1)
#(0 107 733 66 0 3 1 91 480554 -1 -1 -1 -1 -1 -1)
#(0 107 353 61 0 3 1 90 478128 -1 -1 -1 -1 -1 -1)
#(4 107 353 -1 0 -1 -1 -1 -1 27 0 0 0 0 -1)
#(0 107 350 51 0 1 1 87 464016 -1 -1 -1 -1 -1 -1)
#(0 107 1082 48 0 3 1 85 451506 -1 -1 -1 -1 -1 -1)
#(0 107 1087 40 0 3 1 84 446715 -1 -1 -1 -1 -1 -1)
#(0 107 344 58 0 3 1 84 447015 -1 -1 -1 -1 -1 -1)
#(0 107 738 75 0 3 1 83 442959 -1 -1 -1 -1 -1 -1)
#(0 107 1088 45 0 2 1 83 441219 -1 -1 -1 -1 -1 -1)
#(0 107 716 58 0 1 1 79 417971 -1 -1 -1 -1 -1 -1)
#(0 107 1397 20 0 0 1 74 395681 -1 -1 -1 -1 -1 -1)
#(0 107 1086 41 0 1 1 74 393856 -1 -1 -1 -1 -1 -1)
#(0 107 342 70 0 2 1 71 378422 -1 -1 -1 -1 -1 -1)
#(0 107 1390 30 0 0 1 68 363816 -1 -1 -1 -1 -1 -1)
#(0 107 341 63 0 2 1 67 356376 -1 -1 -1 -1 -1 -1)
#(0 107 732 67 0 1 1 66 348640 -1 -1 -1 -1 -1 -1)
#(0 107 1396 29 0 0 1 65 348004 -1 -1 -1 -1 -1 -1)
#(0 107 1393 34 0 0 1 63 337358 -1 -1 -1 -1 -1 -1)
#(0 107 339 58 0 1 1 63 336729 -1 -1 -1 -1 -1 -1)
#(0 107 1080 35 0 2 1 62 330773 -1 -1 -1 -1 -1 -1)
#(0 107 1079 35 0 3 1 61 325556 -1 -1 -1 -1 -1 -1)
#(0 107 340 55 0 2 1 59 315702 -1 -1 -1 -1 -1 -1)
#(0 107 1387 19 0 0 1 58 311205 -1 -1 -1 -1 -1 -1)
#(0 107 345 65 0 3 1 47 249986 -1 -1 -1 -1 -1 -1)
#(0 107 730 75 0 2 1 46 247992 -1 -1 -1 -1 -1 -1)
#(0 107 739 55 0 2 1 45 238890 -1 -1 -1 -1 -1 -1)
#(0 107 736 75 0 3 1 36 194506 -1 -1 -1 -1 -1 -1)
#(0 107 1389 20 0 0 1 29 158077 -1 -1 -1 -1 -1 -1)
#(0 107 354 75 0 3 1 10 54000 -1 -1 -1 -1 -1 -1)
#(0 107 1089 48 0 1 1 10 55599 -1 -1 -1 -1 -1 -1)
#(0 108 1401 26 0 0 0 0 451 -1 -1 -1 -1 -1 -1)
#(0 108 348 44 0 2 0 3 20702 -1 -1 -1 -1 -1 -1)
#(0 108 749 62 0 2 0 4 25422 -1 -1 -1 -1 -1 -1)
#(0 108 1091 26 0 2 0 8 43604 -1 -1 -1 -1 -1 -1)
#(0 108 1398 20 0 0 0 11 58403 -1 -1 -1 -1 -1 -1)
#(0 108 728 51 0 3 0 12 66936 -1 -1 -1 -1 -1 -1)
#(0 108 373 57 0 1 0 14 75375 -1 -1 -1 -1 -1 -1)
#(0 108 750 60 0 2 0 15 83231 -1 -1 -1 -1 -1 -1)
#(0 108 1093 24 0 3 0 17 91075 -1 -1 -1 -1 -1 -1)
#(0 108 1400 27 0 0 0 20 106058 -1 -1 -1 -1 -1 -1)
#(0 108 748 57 0 2 0 21 115033 -1 -1 -1 -1 -1 -1)
#(0 108 743 59 0 3 0 26 142092 -1 -1 -1 -1 -1 -1)
#(0 108 1404 25 0 0 0 28 148257 -1 -1 -1 -1 -1 -1)
#(0 108 1402 29 0 0 0 29 153610 -1 -1 -1 -1 -1 -1)
#(0 108 366 67 0 2 0 29 156035 -1 -1 -1 -1 -1 -1)
#(0 108 1084 20 0 3 0 31 164702 -1 -1 -1 -1 -1 -1)
#(0 108 361 54 0 2 0 33 175307 -1 -1 -1 -1 -1 -1)
#(0 108 1407 34 0 0 0 41 217057 -1 -1 -1 -1 -1 -1)
#(0 108 360 60 0 2 0 41 218420 -1 -1 -1 -1 -1 -1)
#(0 108 1099 31 0 3 0 41 218146 -1 -1 -1 -1 -1 -1)
#(0 108 365 61 0 2 0 44 234317 -1 -1 -1 -1 -1 -1)
#(0 108 1411 32 0 0 0 46 243396 -1 -1 -1 -1 -1 -1)
#(0 108 370 57 0 1 0 46 244338 -1 -1 -1 -1 -1 -1)
#(0 108 747 73 0 2 0 54 285178 -1 -1 -1 -1 -1 -1)
#(0 108 742 62 0 2 0 56 300321 -1 -1 -1 -1 -1 -1)
#(0 108 1409 34 0 0 0 61 322649 -1 -1 -1 -1 -1 -1)
#(0 108 746 59 0 2 0 71 379444 -1 -1 -1 -1 -1 -1)
#(0 108 1403 34 0 0 0 72 380742 -1 -1 -1 -1 -1 -1)
#(0 108 744 67 0 2 0 77 406638 -1 -1 -1 -1 -1 -1)
#(0 108 1100 26 0 2 0 77 407895 -1 -1 -1 -1 -1 -1)
#(0 108 1410 28 0 0 1 99 527542 -1 -1 -1 -1 -1 -1)
#(0 108 1097 37 0 1 1 99 526071 -1 -1 -1 -1 -1 -1)
#(0 108 377 61 0 2 1 96 509591 -1 -1 -1 -1 -1 -1)
#(0 108 368 55 0 2 1 95 505738 -1 -1 -1 -1 -1 -1)
#(0 108 1394 22 0 0 1 91 485394 -1 -1 -1 -1 -1 -1)
#(0 108 1405 25 0 0 1 83 443112 -1 -1 -1 -1 -1 -1)
#(0 108 375 65 0 2 1 82 435987 -1 -1 -1 -1 -1 -1)
#(0 108 372 51 0 1 1 81 432809 -1 -1 -1 -1 -1 -1)
#(0 108 721 59 0 2 1 79 418021 -1 -1 -1 -1 -1 -1)
#(0 108 751 61 0 2 1 77 407179 -1 -1 -1 -1 -1 -1)
#(0 108 376 64 0 1 1 69 367157 -1 -1 -1 -1 -1 -1)
#(0 108 374 63 0 3 1 64 339920 -1 -1 -1 -1 -1 -1)
#(0 108 741 44 0 3 1 64 340246 -1 -1 -1 -1 -1 -1)
#(0 108 745 75 0 2 1 60 321908 -1 -1 -1 -1 -1 -1)
#(0 108 367 62 0 1 1 60 320429 -1 -1 -1 -1 -1 -1)
#(0 108 364 57 0 1 1 56 299358 -1 -1 -1 -1 -1 -1)
#(0 108 1092 33 0 3 1 52 278120 -1 -1 -1 -1 -1 -1)
#(0 108 1095 44 0 1 1 49 261716 -1 -1 -1 -1 -1 -1)
#(0 108 1096 30 0 2 1 48 257175 -1 -1 -1 -1 -1 -1)
#(4 108 1096 -1 0 -1 -1 -1 -1 28 0 0 0 0 -1)
#(0 108 363 57 0 2 1 46 246582 -1 -1 -1 -1 -1 -1)
#(0 108 1408 34 0 0 1 38 205345 -1 -1 -1 -1 -1 -1)
#(0 108 1090 21 0 2 1 38 204852 -1 -1 -1 -1 -1 -1)
#(0 108 734 61 0 2 1 34 180431 -1 -1 -1 -1 -1 -1)
#(0 108 362 64 0 3 1 33 177157 -1 -1 -1 -1 -1 -1)
#(0 108 740 70 0 2 1 31 168501 -1 -1 -1 -1 -1 -1)
#(0 108 1098 20 0 2 1 28 152079 -1 -1 -1 -1 -1 -1)
#(0 109 1416 31 0 0 0 1 5815 -1 -1 -1 -1 -1 -1)
#(0 109 378 60 0 2 0 2 13031 -1 -1 -1 -1 -1 -1)
#(0 109 381 57 0 1 0 7 38531 -1 -1 -1 -1 -1 -1)
#(0 109 1406 17 0 0 0 9 47804 -1 -1 -1 -1 -1 -1)
#(0 109 1413 20 0 0 0 10 53138 -1 -1 -1 -1 -1 -1)
#(0 109 389 57 0 2 0 10 54535 -1 -1 -1 -1 -1 -1)
#(0 109 1108 30 0 2 0 10 54426 -1 -1 -1 -1 -1 -1)
#(0 109 379 59 0 3 0 18 98151 -1 -1 -1 -1 -1 -1)
#(0 109 1105 31 0 2 0 23 123047 -1 -1 -1 -1 -1 -1)
#(0 109 1113 20 0 2 0 24 127783 -1 -1 -1 -1 -1 -1)
#(0 109 753 43 0 3 0 26 140182 -1 -1 -1 -1 -1 -1)
#(0 109 1109 41 0 1 0 26 139446 -1 -1 -1 -1 -1 -1)
#(0 109 1114 39 0 3 0 28 149914 -1 -1 -1 -1 -1 -1)
#(0 109 756 70 0 1 0 29 153317 -1 -1 -1 -1 -1 -1)
#(0 109 1094 26 0 2 0 30 159715 -1 -1 -1 -1 -1 -1)
#(0 109 754 64 0 3 0 31 168559 -1 -1 -1 -1 -1 -1)
#(0 109 759 52 0 1 0 34 183085 -1 -1 -1 -1 -1 -1)
#(0 109 1419 26 0 0 0 35 185228 -1 -1 -1 -1 -1 -1)
#(0 109 386 51 0 2 0 36 190730 -1 -1 -1 -1 -1 -1)
#(0 109 1412 28 0 0 0 40 211684 -1 -1 -1 -1 -1 -1)
#(0 109 385 57 0 1 0 46 244191 -1 -1 -1 -1 -1 -1)
#(0 109 1103 21 0 2 0 53 280894 -1 -1 -1 -1 -1 -1)
#(0 109 387 44 0 2 0 58 311128 -1 -1 -1 -1 -1 -1)
#(0 109 1110 32 0 2 0 62 329011 -1 -1 -1 -1 -1 -1)
#(0 109 1101 46 0 2 1 98 520334 -1 -1 -1 -1 -1 -1)
#(0 109 371 51 0 3 1 95 506314 -1 -1 -1 -1 -1 -1)
#(0 109 757 59 0 3 1 95 502434 -1 -1 -1 -1 -1 -1)
#(0 109 758 49 0 1 1 94 498410 -1 -1 -1 -1 -1 -1)
#(0 109 761 52 0 3 1 90 476643 -1 -1 -1 -1 -1 -1)
#(0 109 1421 29 0 0 1 89 474733 -1 -1 -1 -1 -1 -1)
#(0 109 760 64 0 1 1 88 465113 -1 -1 -1 -1 -1 -1)
#(0 109 1418 32 0 0 1 87 464103 -1 -1 -1 -1 -1 -1)
#(0 109 752 44 0 2 1 84 445789 -1 -1 -1 -1 -1 -1)
#(0 109 1104 30 0 2 1 81 431400 -1 -1 -1 -1 -1 -1)
#(0 109 382 51 0 2 1 79 421761 -1 -1 -1 -1 -1 -1)
#(0 109 724 44 0 2 1 79 419471 -1 -1 -1 -1 -1 -1)
#(0 109 1415 27 0 0 1 77 411384 -1 -1 -1 -1 -1 -1)
#(0 109 383 62 0 1 1 77 409602 -1 -1 -1 -1 -1 -1)
#(0 109 1414 25 0 0 1 66 353342 -1 -1 -1 -1 -1 -1)
#(0 109 380 59 0 1 1 65 346397 -1 -1 -1 -1 -1 -1)
#(0 109 1111 28 0 2 1 65 347062 -1 -1 -1 -1 -1 -1)
#(0 109 1417 27 0 0 1 63 337469 -1 -1 -1 -1 -1 -1)
#(0 109 1112 29 0 2 1 61 325741 -1 -1 -1 -1 -1 -1)
#(0 109 1420 23 0 0 1 60 321706 -1 -1 -1 -1 -1 -1)
#(0 109 390 44 0 2 1 56 296078 -1 -1 -1 -1 -1 -1)
#(0 109 369 75 0 3 1 46 245036 -1 -1 -1 -1 -1 -1)
#(0 109 1102 33 0 2 1 45 241126 -1 -1 -1 -1 -1 -1)
#(0 109 388 64 0 2 1 34 182331 -1 -1 -1 -1 -1 -1)
#(0 109 1106 27 0 3 1 32 172836 -1 -1 -1 -1 -1 -1)
#(0 110 392 64 0 2 0 2 12817 -1 -1 -1 -1 -1 -1)
#(0 110 774 53 0 3 0 3 19891 -1 -1 -1 -1 -1 -1)
#(0 110 1427 29 0 0 0 4 21596 -1 -1 -1 -1 -1 -1)
#(0 110 776 50 0 1 0 6 35149 -1 -1 -1 -1 -1 -1)
#(0 110 393 44 0 2 0 12 68282 -1 -1 -1 -1 -1 -1)
#(0 110 773 60 0 2 0 13 73178 -1 -1 -1 -1 -1 -1)
#(0 110 1118 27 0 2 0 14 75374 -1 -1 -1 -1 -1 -1)
#(0 110 769 51 0 1 0 15 82925 -1 -1 -1 -1 -1 -1)
#(0 110 772 43 0 3 0 17 92668 -1 -1 -1 -1 -1 -1)
#(0 110 767 60 0 3 0 22 120909 -1 -1 -1 -1 -1 -1)
#(0 110 770 64 0 2 0 23 126405 -1 -1 -1 -1 -1 -1)
#(0 110 762 54 0 2 0 24 130783 -1 -1 -1 -1 -1 -1)
#(0 110 1424 26 0 0 0 25 132428 -1 -1 -1 -1 -1 -1)
#(0 110 400 63 0 1 0 40 213634 -1 -1 -1 -1 -1 -1)
#(0 110 766 62 0 2 0 46 247469 -1 -1 -1 -1 -1 -1)
#(0 110 1119 26 0 2 0 54 286491 -1 -1 -1 -1 -1 -1)
#(0 110 771 63 0 2 0 54 290217 -1 -1 -1 -1 -1 -1)
#(0 110 1425 25 0 0 0 55 290806 -1 -1 -1 -1 -1 -1)
#(0 110 399 75 0 2 0 60 320196 -1 -1 -1 -1 -1 -1)
#(0 110 1115 43 0 2 0 60 319063 -1 -1 -1 -1 -1 -1)
#(0 110 395 51 0 3 1 98 522061 -1 -1 -1 -1 -1 -1)
#(0 110 1116 39 0 3 1 98 520709 -1 -1 -1 -1 -1 -1)
#(0 110 384 59 0 2 1 96 510395 -1 -1 -1 -1 -1 -1)
#(0 110 391 62 0 3 1 94 500476 -1 -1 -1 -1 -1 -1)
#(0 110 1423 19 0 0 1 91 485450 -1 -1 -1 -1 -1 -1)
#(0 110 398 64 0 1 1 91 483526 -1 -1 -1 -1 -1 -1)
#(0 110 775 55 0 2 1 82 434219 -1 -1 -1 -1 -1 -1)
#(0 110 1107 20 0 3 1 81 431923 -1 -1 -1 -1 -1 -1)
#(0 110 396 75 0 3 1 77 408964 -1 -1 -1 -1 -1 -1)
#(0 110 402 51 0 2 1 76 406068 -1 -1 -1 -1 -1 -1)
#(0 110 768 51 0 2 1 72 381795 -1 -1 -1 -1 -1 -1)
#(0 110 1422 27 0 0 1 67 358581 -1 -1 -1 -1 -1 -1)
#(0 110 397 62 0 1 1 66 351592 -1 -1 -1 -1 -1 -1)
#(0 110 764 55 0 2 1 65 344405 -1 -1 -1 -1 -1 -1)
#(0 110 1120 20 0 2 1 62 331613 -1 -1 -1 -1 -1 -1)
#(0 110 765 64 0 2 1 54 285481 -1 -1 -1 -1 -1 -1)
#(0 110 394 67 0 2 1 43 229452 -1 -1 -1 -1 -1 -1)
#(0 110 763 75 0 3 1 41 221186 -1 -1 -1 -1 -1 -1)
#(0 110 1117 21 0 2 1 38 204824 -1 -1 -1 -1 -1 -1)
#(0 110 1426 30 0 0 1 36 194863 -1 -1 -1 -1 -1 -1)
#(0 111 1125 39 0 3 0 3 17923 -1 -1 -1 -1 -1 -1)
#(0 111 1438 27 0 0 0 8 42672 -1 -1 -1 -1 -1 -1)
#(0 111 786 55 0 1 0 8 46237 -1 -1 -1 -1 -1 -1)
#(0 111 1436 23 0 0 0 11 58448 -1 -1 -1 -1 -1 -1)
#(0 111 408 59 0 2 0 11 59877 -1 -1 -1 -1 -1 -1)
#(0 111 777 53 0 2 0 11 62826 -1 -1 -1 -1 -1 -1)
#(0 111 1122 21 0 2 0 20 106655 -1 -1 -1 -1 -1 -1)
#(0 111 1431 20 0 0 0 27 142892 -1 -1 -1 -1 -1 -1)
#(0 111 413 67 0 1 0 28 150445 -1 -1 -1 -1 -1 -1)
#(0 111 783 51 0 2 0 32 172538 -1 -1 -1 -1 -1 -1)
#(0 111 1127 20 0 2 0 38 201676 -1 -1 -1 -1 -1 -1)
#(0 111 787 55 0 3 0 40 215243 -1 -1 -1 -1 -1 -1)
#(0 111 1437 27 0 0 0 48 253873 -1 -1 -1 -1 -1 -1)
#(4 111 1437 -1 0 -1 -1 -1 -1 29 0 0 0 0 -1)
#(0 111 409 51 0 2 0 48 254052 -1 -1 -1 -1 -1 -1)
#(0 111 404 64 0 3 0 55 293032 -1 -1 -1 -1 -1 -1)
#(0 111 781 62 0 1 0 59 316327 -1 -1 -1 -1 -1 -1)
#(0 111 778 60 0 2 0 63 337397 -1 -1 -1 -1 -1 -1)
#(0 111 1123 32 0 3 0 79 418821 -1 -1 -1 -1 -1 -1)
#(0 111 1132 20 0 3 0 81 428706 -1 -1 -1 -1 -1 -1)
#(0 111 784 61 0 2 1 99 523242 -1 -1 -1 -1 -1 -1)
#(0 111 1430 26 0 0 1 98 522283 -1 -1 -1 -1 -1 -1)
#(0 111 401 59 0 2 1 96 510454 -1 -1 -1 -1 -1 -1)
#(0 111 411 44 0 1 1 95 501960 -1 -1 -1 -1 -1 -1)
#(0 111 1433 26 0 0 1 93 495887 -1 -1 -1 -1 -1 -1)
#(0 111 780 59 0 2 1 91 481409 -1 -1 -1 -1 -1 -1)
#(0 111 1129 45 0 1 1 87 462293 -1 -1 -1 -1 -1 -1)
#(0 111 1428 26 0 0 1 84 448355 -1 -1 -1 -1 -1 -1)
#(0 111 755 48 0 1 1 84 445566 -1 -1 -1 -1 -1 -1)
#(0 111 1429 25 0 0 1 83 443107 -1 -1 -1 -1 -1 -1)
#(0 111 410 62 0 1 1 81 431060 -1 -1 -1 -1 -1 -1)
#(0 111 1126 20 0 2 1 80 426634 -1 -1 -1 -1 -1 -1)
#(0 111 727 42 0 2 1 79 419556 -1 -1 -1 -1 -1 -1)
#(0 111 1435 31 0 0 1 78 416605 -1 -1 -1 -1 -1 -1)
#(0 111 405 73 0 2 1 70 372274 -1 -1 -1 -1 -1 -1)
#(0 111 1121 34 0 2 1 70 373095 -1 -1 -1 -1 -1 -1)
#(0 111 407 57 0 3 1 69 368106 -1 -1 -1 -1 -1 -1)
#(0 111 782 43 0 3 1 67 356138 -1 -1 -1 -1 -1 -1)
#(0 111 1130 26 0 2 1 65 347124 -1 -1 -1 -1 -1 -1)
#(0 111 1432 25 0 0 1 45 242470 -1 -1 -1 -1 -1 -1)
#(0 111 785 70 0 3 1 45 238153 -1 -1 -1 -1 -1 -1)
#(0 111 1131 35 0 3 1 40 214696 -1 -1 -1 -1 -1 -1)
#(0 111 1124 28 0 3 1 37 199221 -1 -1 -1 -1 -1 -1)
#(0 111 406 66 0 2 1 29 155448 -1 -1 -1 -1 -1 -1)
#(0 111 403 73 0 3 1 28 149103 -1 -1 -1 -1 -1 -1)
#(0 111 779 55 0 1 1 24 127954 -1 -1 -1 -1 -1 -1)
#(0 111 1434 20 0 0 1 17 94707 -1 -1 -1 -1 -1 -1)
#(0 112 416 57 0 2 0 1 6693 -1 -1 -1 -1 -1 -1)
#(0 112 1135 20 0 2 0 5 27449 -1 -1 -1 -1 -1 -1)
#(0 112 1450 34 0 0 0 7 37506 -1 -1 -1 -1 -1 -1)
#(0 112 418 57 0 2 0 9 48199 -1 -1 -1 -1 -1 -1)
#(0 112 424 44 0 3 0 11 62983 -1 -1 -1 -1 -1 -1)
#(0 112 415 55 0 2 0 13 69111 -1 -1 -1 -1 -1 -1)
#(0 112 789 43 0 2 0 17 92703 -1 -1 -1 -1 -1 -1)
#(0 112 1139 26 0 2 0 17 91202 -1 -1 -1 -1 -1 -1)
#(0 112 427 59 0 1 0 18 96792 -1 -1 -1 -1 -1 -1)
#(0 112 417 66 0 1 0 20 108398 -1 -1 -1 -1 -1 -1)
#(0 112 420 66 0 1 0 21 113196 -1 -1 -1 -1 -1 -1)
#(0 112 1133 26 0 2 0 29 154499 -1 -1 -1 -1 -1 -1)
#(0 112 1443 23 0 0 0 31 164065 -1 -1 -1 -1 -1 -1)
#(0 112 1134 21 0 2 0 31 164818 -1 -1 -1 -1 -1 -1)
#(0 112 788 64 0 3 0 31 168495 -1 -1 -1 -1 -1 -1)
#(0 112 1143 30 0 2 0 39 207460 -1 -1 -1 -1 -1 -1)
#(0 112 1448 29 0 0 0 40 211676 -1 -1 -1 -1 -1 -1)
#(0 112 792 75 0 1 0 40 211949 -1 -1 -1 -1 -1 -1)
#(0 112 1140 38 0 1 0 47 250162 -1 -1 -1 -1 -1 -1)
#(0 112 414 57 0 2 0 48 254050 -1 -1 -1 -1 -1 -1)
#(0 112 428 64 0 2 0 50 266469 -1 -1 -1 -1 -1 -1)
#(0 112 1444 32 0 0 0 60 317335 -1 -1 -1 -1 -1 -1)
#(0 112 1137 36 0 3 1 98 520811 -1 -1 -1 -1 -1 -1)
#(0 112 426 67 0 2 1 97 516309 -1 -1 -1 -1 -1 -1)
#(0 112 790 62 0 3 1 97 512669 -1 -1 -1 -1 -1 -1)
#(0 112 794 45 0 2 1 94 498531 -1 -1 -1 -1 -1 -1)
#(0 112 1141 20 0 3 1 93 495293 -1 -1 -1 -1 -1 -1)
#(0 112 1449 30 0 0 1 90 479984 -1 -1 -1 -1 -1 -1)
#(0 112 425 59 0 2 1 89 473486 -1 -1 -1 -1 -1 -1)
#(0 112 1446 30 0 0 1 86 458854 -1 -1 -1 -1 -1 -1)
#(0 112 1447 26 0 0 1 84 448380 -1 -1 -1 -1 -1 -1)
#(0 112 791 74 0 2 1 82 433353 -1 -1 -1 -1 -1 -1)
#(4 112 791 -1 0 -1 -1 -1 -1 30 0 0 0 0 -1)
#(0 112 421 51 0 2 1 77 411220 -1 -1 -1 -1 -1 -1)
#(0 112 419 44 0 1 1 77 406975 -1 -1 -1 -1 -1 -1)
#(0 112 1136 20 0 3 1 76 405517 -1 -1 -1 -1 -1 -1)
#(0 112 1138 34 0 2 1 75 399507 -1 -1 -1 -1 -1 -1)
#(0 112 1441 27 0 0 1 73 390258 -1 -1 -1 -1 -1 -1)
#(0 112 1440 27 0 0 1 71 379696 -1 -1 -1 -1 -1 -1)
#(0 112 1445 24 0 0 1 66 353352 -1 -1 -1 -1 -1 -1)
#(0 112 412 66 0 2 1 66 351594 -1 -1 -1 -1 -1 -1)
#(0 112 423 44 0 3 1 64 338284 -1 -1 -1 -1 -1 -1)
#(0 112 422 67 0 1 1 55 294226 -1 -1 -1 -1 -1 -1)
#(0 112 1442 28 0 0 1 44 237123 -1 -1 -1 -1 -1 -1)
#(0 113 1451 27 0 0 0 0 467 -1 -1 -1 -1 -1 -1)
#(0 113 796 60 0 4 0 1 10151 -1 -1 -1 -1 -1 -1)
#(0 113 1455 26 0 0 0 5 26833 -1 -1 -1 -1 -1 -1)
#(0 113 799 56 0 2 0 6 35544 -1 -1 -1 -1 -1 -1)
#(0 113 1154 45 0 3 0 7 39302 -1 -1 -1 -1 -1 -1)
#(0 113 1439 27 0 0 0 8 42687 -1 -1 -1 -1 -1 -1)
#(0 113 435 65 0 2 0 8 45297 -1 -1 -1 -1 -1 -1)
#(3 113 435 -1 0 -1 -1 -1 -1 31 -1 -1 -1 -1 5)
#(0 113 1145 28 0 2 0 8 43707 -1 -1 -1 -1 -1 -1)
#(0 113 797 59 0 2 0 9 51898 -1 -1 -1 -1 -1 -1)
#(0 113 1462 23 0 0 0 11 58444 -1 -1 -1 -1 -1 -1)
#(0 113 1456 23 0 0 0 14 74302 -1 -1 -1 -1 -1 -1)
#(0 113 1128 21 0 2 0 20 106670 -1 -1 -1 -1 -1 -1)
#(0 113 1147 32 0 2 0 27 144299 -1 -1 -1 -1 -1 -1)
#(0 113 793 56 0 2 0 40 215217 -1 -1 -1 -1 -1 -1)
#(0 113 1144 27 0 2 0 41 217867 -1 -1 -1 -1 -1 -1)
#(0 113 1458 23 0 0 0 45 237975 -1 -1 -1 -1 -1 -1)
#(0 113 1453 30 0 0 0 57 301472 -1 -1 -1 -1 -1 -1)
#(0 113 434 64 0 3 0 63 335098 -1 -1 -1 -1 -1 -1)
#(0 113 1148 25 0 2 1 99 526690 -1 -1 -1 -1 -1 -1)
#(0 113 1457 20 0 0 1 98 522393 -1 -1 -1 -1 -1 -1)
#(0 113 800 56 0 3 1 96 508049 -1 -1 -1 -1 -1 -1)
#(0 113 1460 34 0 0 1 92 490479 -1 -1 -1 -1 -1 -1)
#(0 113 798 58 0 2 1 90 476281 -1 -1 -1 -1 -1 -1)
#(0 113 1452 32 0 0 1 86 458846 -1 -1 -1 -1 -1 -1)
#(0 113 1155 20 0 3 1 84 447782 -1 -1 -1 -1 -1 -1)
#(0 113 1146 41 0 3 1 77 409662 -1 -1 -1 -1 -1 -1)
#(0 113 1152 20 0 2 1 74 394969 -1 -1 -1 -1 -1 -1)
#(0 113 795 72 0 1 1 69 369522 -1 -1 -1 -1 -1 -1)
#(0 113 430 59 0 2 1 66 352225 -1 -1 -1 -1 -1 -1)
#(0 113 802 51 0 2 1 62 329018 -1 -1 -1 -1 -1 -1)
#(0 113 1153 20 0 2 1 61 326336 -1 -1 -1 -1 -1 -1)
#(0 113 431 64 0 3 1 60 320720 -1 -1 -1 -1 -1 -1)
#(0 113 429 73 0 3 1 59 313968 -1 -1 -1 -1 -1 -1)
#(0 113 1150 42 0 1 1 58 309355 -1 -1 -1 -1 -1 -1)
#(0 113 1459 28 0 0 1 50 268815 -1 -1 -1 -1 -1 -1)
#(0 113 1464 30 0 0 1 49 263508 -1 -1 -1 -1 -1 -1)
#(0 113 433 75 0 2 1 48 255800 -1 -1 -1 -1 -1 -1)
#(0 113 801 59 0 2 1 40 212099 -1 -1 -1 -1 -1 -1)
#(0 113 1454 30 0 0 1 37 200128 -1 -1 -1 -1 -1 -1)
#(0 114 1474 26 0 0 0 3 16252 -1 -1 -1 -1 -1 -1)
#(0 114 810 54 0 3 0 3 19916 -1 -1 -1 -1 -1 -1)
#(0 114 1164 30 0 2 0 4 22734 -1 -1 -1 -1 -1 -1)
#(0 114 812 62 0 3 0 4 25636 -1 -1 -1 -1 -1 -1)
#(0 114 1463 26 0 0 0 7 37401 -1 -1 -1 -1 -1 -1)
#(0 114 808 69 0 2 0 8 42316 -1 -1 -1 -1 -1 -1)
#(0 114 1149 33 0 2 0 8 43936 -1 -1 -1 -1 -1 -1)
#(0 114 446 51 0 2 0 9 47715 -1 -1 -1 -1 -1 -1)
#(0 114 452 60 0 2 0 10 54863 -1 -1 -1 -1 -1 -1)
#(0 114 436 59 0 1 0 18 96790 -1 -1 -1 -1 -1 -1)
#(0 114 813 64 0 2 0 18 99406 -1 -1 -1 -1 -1 -1)
#(0 114 440 44 0 2 0 19 105261 -1 -1 -1 -1 -1 -1)
#(0 114 453 57 0 2 0 23 122912 -1 -1 -1 -1 -1 -1)
#(0 114 448 67 0 2 0 26 140243 -1 -1 -1 -1 -1 -1)
#(0 114 1473 20 0 0 0 35 185115 -1 -1 -1 -1 -1 -1)
#(0 114 809 68 0 1 0 35 189950 -1 -1 -1 -1 -1 -1)
#(0 114 437 51 0 1 0 37 195991 -1 -1 -1 -1 -1 -1)
#(0 114 811 62 0 2 0 44 237062 -1 -1 -1 -1 -1 -1)
#(0 114 806 67 0 1 0 56 300794 -1 -1 -1 -1 -1 -1)
#(0 114 439 44 0 1 0 58 311106 -1 -1 -1 -1 -1 -1)
#(0 114 1470 30 0 0 0 63 333153 -1 -1 -1 -1 -1 -1)
#(0 114 1472 20 0 0 0 76 401608 -1 -1 -1 -1 -1 -1)
#(0 114 1469 27 0 0 0 84 443972 -1 -1 -1 -1 -1 -1)
#(0 114 442 61 0 3 1 98 521267 -1 -1 -1 -1 -1 -1)
#(0 114 445 75 0 1 1 97 514877 -1 -1 -1 -1 -1 -1)
#(0 114 1465 23 0 0 1 96 511773 -1 -1 -1 -1 -1 -1)
#(0 114 1158 33 0 2 1 94 499882 -1 -1 -1 -1 -1 -1)
#(0 114 1142 20 0 2 1 93 495300 -1 -1 -1 -1 -1 -1)
#(0 114 1471 32 0 0 1 92 490525 -1 -1 -1 -1 -1 -1)
#(0 114 1467 20 0 0 1 91 485422 -1 -1 -1 -1 -1 -1)
#(0 114 451 70 0 2 1 90 477169 -1 -1 -1 -1 -1 -1)
#(0 114 1159 45 0 1 1 90 478140 -1 -1 -1 -1 -1 -1)
#(0 114 441 44 0 3 1 90 475538 -1 -1 -1 -1 -1 -1)
#(0 114 814 64 0 2 1 90 476125 -1 -1 -1 -1 -1 -1)
#(0 114 1156 46 0 3 1 85 451672 -1 -1 -1 -1 -1 -1)
#(0 114 1157 38 0 1 1 83 441494 -1 -1 -1 -1 -1 -1)
#(0 114 444 59 0 3 1 82 436453 -1 -1 -1 -1 -1 -1)
#(0 114 447 59 0 2 1 81 431944 -1 -1 -1 -1 -1 -1)
#(0 114 1165 30 0 2 1 77 410287 -1 -1 -1 -1 -1 -1)
#(0 114 432 57 0 2 1 76 406037 -1 -1 -1 -1 -1 -1)
#(0 114 438 51 0 2 1 73 390140 -1 -1 -1 -1 -1 -1)
#(0 114 803 55 0 2 1 70 370885 -1 -1 -1 -1 -1 -1)
#(0 114 443 51 0 3 1 69 369035 -1 -1 -1 -1 -1 -1)
#(0 114 807 56 0 2 1 65 344300 -1 -1 -1 -1 -1 -1)
#(0 114 815 59 0 2 1 61 322916 -1 -1 -1 -1 -1 -1)
#(0 114 1162 38 0 2 1 57 304281 -1 -1 -1 -1 -1 -1)
#(0 114 804 55 0 1 1 55 291598 -1 -1 -1 -1 -1 -1)
#(0 114 1160 35 0 2 1 54 288588 -1 -1 -1 -1 -1 -1)
#(0 114 1466 25 0 0 1 52 279428 -1 -1 -1 -1 -1 -1)
#(0 114 450 62 0 3 1 49 261988 -1 -1 -1 -1 -1 -1)
#(0 114 1161 51 0 1 1 46 245467 -1 -1 -1 -1 -1 -1)
#(0 114 1468 25 0 0 1 38 205508 -1 -1 -1 -1 -1 -1)
#(0 114 1461 30 0 0 1 37 200156 -1 -1 -1 -1 -1 -1)
#(0 115 1178 37 0 1 0 2 12464 -1 -1 -1 -1 -1 -1)
#(0 115 826 43 0 2 0 4 23997 -1 -1 -1 -1 -1 -1)
#(0 115 1173 32 0 2 0 7 38617 -1 -1 -1 -1 -1 -1)
#(0 115 1179 32 0 2 0 10 54473 -1 -1 -1 -1 -1 -1)
#(0 115 824 61 0 2 0 10 57549 -1 -1 -1 -1 -1 -1)
#(0 115 1478 23 0 0 0 11 58463 -1 -1 -1 -1 -1 -1)
#(0 115 455 44 0 2 0 13 73528 -1 -1 -1 -1 -1 -1)
#(0 115 1182 33 0 1 0 15 80910 -1 -1 -1 -1 -1 -1)
#(0 115 1180 27 0 3 0 17 91202 -1 -1 -1 -1 -1 -1)
#(0 115 819 55 0 2 0 19 104351 -1 -1 -1 -1 -1 -1)
#(0 115 462 44 0 1 0 20 110513 -1 -1 -1 -1 -1 -1)
#(0 115 1175 22 0 2 0 24 127972 -1 -1 -1 -1 -1 -1)
#(0 115 1481 28 0 0 0 25 132456 -1 -1 -1 -1 -1 -1)
#(0 115 1476 28 0 0 0 26 137762 -1 -1 -1 -1 -1 -1)
#(0 115 457 65 0 2 0 26 139967 -1 -1 -1 -1 -1 -1)
#(0 115 459 44 0 3 0 29 158038 -1 -1 -1 -1 -1 -1)
#(0 115 1477 20 0 0 0 32 169283 -1 -1 -1 -1 -1 -1)
#(0 115 1184 26 0 2 0 32 170283 -1 -1 -1 -1 -1 -1)
#(0 115 822 64 0 2 0 33 179115 -1 -1 -1 -1 -1 -1)
#(0 115 818 43 0 1 0 34 182443 -1 -1 -1 -1 -1 -1)
#(0 115 454 44 0 2 0 36 194971 -1 -1 -1 -1 -1 -1)
#(0 115 831 64 0 2 0 41 221352 -1 -1 -1 -1 -1 -1)
#(0 115 1183 41 0 3 0 42 223968 -1 -1 -1 -1 -1 -1)
#(0 115 456 53 0 3 0 45 238920 -1 -1 -1 -1 -1 -1)
#(0 115 1482 28 0 0 0 48 253895 -1 -1 -1 -1 -1 -1)
#(0 115 1174 32 0 2 0 48 255071 -1 -1 -1 -1 -1 -1)
#(0 115 1480 23 0 0 0 65 343574 -1 -1 -1 -1 -1 -1)
#(0 115 1176 48 0 1 0 87 461827 -1 -1 -1 -1 -1 -1)
#(0 115 1151 27 0 2 1 99 526628 -1 -1 -1 -1 -1 -1)
#(0 115 1167 45 0 1 1 97 515078 -1 -1 -1 -1 -1 -1)
#(0 115 1177 46 0 3 1 89 472801 -1 -1 -1 -1 -1 -1)
#(0 115 1166 50 0 3 1 87 462019 -1 -1 -1 -1 -1 -1)
#(0 115 458 57 0 3 1 84 447357 -1 -1 -1 -1 -1 -1)
#(0 115 461 68 0 1 1 83 440502 -1 -1 -1 -1 -1 -1)
#(0 115 1171 21 0 3 1 81 431826 -1 -1 -1 -1 -1 -1)
#(0 115 827 57 0 2 1 78 412917 -1 -1 -1 -1 -1 -1)
#(0 115 828 72 0 3 1 76 406296 -1 -1 -1 -1 -1 -1)
#(0 115 825 51 0 3 1 76 402904 -1 -1 -1 -1 -1 -1)
#(0 115 1170 31 0 2 1 75 399680 -1 -1 -1 -1 -1 -1)
#(0 115 1169 27 0 2 1 72 384041 -1 -1 -1 -1 -1 -1)
#(0 115 830 57 0 2 1 68 360113 -1 -1 -1 -1 -1 -1)
#(0 115 1479 24 0 0 1 67 358640 -1 -1 -1 -1 -1 -1)
#(0 115 817 44 0 1 1 67 356086 -1 -1 -1 -1 -1 -1)
#(0 115 1172 26 0 2 1 66 352401 -1 -1 -1 -1 -1 -1)
#(0 115 805 53 0 3 1 62 328940 -1 -1 -1 -1 -1 -1)
#(0 115 823 55 0 2 1 53 281066 -1 -1 -1 -1 -1 -1)
#(0 115 816 61 0 2 1 52 275087 -1 -1 -1 -1 -1 -1)
#(0 115 820 75 0 1 1 43 231397 -1 -1 -1 -1 -1 -1)
#(0 115 1168 35 0 1 1 25 135488 -1 -1 -1 -1 -1 -1)
#(0 115 821 51 0 3 1 23 123022 -1 -1 -1 -1 -1 -1)
#(0 115 464 44 0 2 1 12 63751 -1 -1 -1 -1 -1 -1)
#(0 116 1475 26 0 0 0 3 16274 -1 -1 -1 -1 -1 -1)
#(0 116 467 59 0 2 0 6 33485 -1 -1 -1 -1 -1 -1)
#(0 116 1485 24 0 0 0 10 53211 -1 -1 -1 -1 -1 -1)
#(0 116 463 51 0 1 0 10 53329 -1 -1 -1 -1 -1 -1)
#(0 116 1187 30 0 2 0 12 64923 -1 -1 -1 -1 -1 -1)
#(0 116 829 56 0 2 0 19 104263 -1 -1 -1 -1 -1 -1)
#(0 116 842 57 0 3 0 23 125671 -1 -1 -1 -1 -1 -1)
#(0 116 1486 21 0 0 0 25 132331 -1 -1 -1 -1 -1 -1)
#(0 116 1483 24 0 0 0 31 164100 -1 -1 -1 -1 -1 -1)
#(0 116 1193 22 0 2 0 31 164956 -1 -1 -1 -1 -1 -1)
#(0 116 835 61 0 3 0 32 173208 -1 -1 -1 -1 -1 -1)
#(0 116 1484 24 0 0 0 45 238012 -1 -1 -1 -1 -1 -1)
#(0 116 1494 27 0 0 0 46 243318 -1 -1 -1 -1 -1 -1)
#(0 116 474 74 0 1 0 47 251826 -1 -1 -1 -1 -1 -1)
#(0 116 837 62 0 2 0 49 262844 -1 -1 -1 -1 -1 -1)
#(0 116 843 67 0 3 0 51 269292 -1 -1 -1 -1 -1 -1)
#(0 116 1492 20 0 0 0 54 285445 -1 -1 -1 -1 -1 -1)
#(0 116 465 55 0 3 0 55 291871 -1 -1 -1 -1 -1 -1)
#(0 116 1489 23 0 0 0 75 396385 -1 -1 -1 -1 -1 -1)
#(0 116 1491 25 0 0 1 95 506471 -1 -1 -1 -1 -1 -1)
#(0 116 1163 20 0 2 1 93 495257 -1 -1 -1 -1 -1 -1)
#(0 116 473 62 0 1 1 92 488819 -1 -1 -1 -1 -1 -1)
#(0 116 833 58 0 2 1 90 476320 -1 -1 -1 -1 -1 -1)
#(0 116 449 59 0 3 1 89 474772 -1 -1 -1 -1 -1 -1)
#(0 116 1181 40 0 3 1 87 462549 -1 -1 -1 -1 -1 -1)
#(0 116 475 44 0 3 1 84 443924 -1 -1 -1 -1 -1 -1)
#(0 116 839 52 0 3 1 81 428937 -1 -1 -1 -1 -1 -1)
#(0 116 834 59 0 3 1 74 391559 -1 -1 -1 -1 -1 -1)
#(0 116 1490 23 0 0 1 72 385055 -1 -1 -1 -1 -1 -1)
#(0 116 841 54 0 2 1 70 371040 -1 -1 -1 -1 -1 -1)
#(0 116 466 63 0 2 1 69 368385 -1 -1 -1 -1 -1 -1)
#(0 116 1487 25 0 0 1 68 363905 -1 -1 -1 -1 -1 -1)
#(0 116 1185 43 0 1 1 67 356762 -1 -1 -1 -1 -1 -1)
#(0 116 1186 38 0 2 1 63 335914 -1 -1 -1 -1 -1 -1)
#(0 116 1194 22 0 2 1 62 331478 -1 -1 -1 -1 -1 -1)
#(0 116 1189 21 0 3 1 59 315739 -1 -1 -1 -1 -1 -1)
#(0 116 838 59 0 1 1 55 291245 -1 -1 -1 -1 -1 -1)
#(0 116 1191 37 0 2 1 50 267380 -1 -1 -1 -1 -1 -1)
#(0 116 832 56 0 2 1 47 248772 -1 -1 -1 -1 -1 -1)
#(0 116 469 64 0 3 1 39 208643 -1 -1 -1 -1 -1 -1)
#(0 116 470 59 0 2 1 37 198869 -1 -1 -1 -1 -1 -1)
#(0 116 1190 36 0 3 1 16 87909 -1 -1 -1 -1 -1 -1)
#(0 116 1493 34 0 0 1 12 68073 -1 -1 -1 -1 -1 -1)
#(0 116 1488 34 0 0 1 10 57498 -1 -1 -1 -1 -1 -1)
#(0 116 1192 29 0 2 1 9 51269 -1 -1 -1 -1 -1 -1)
#(0 117 1199 43 0 2 0 0 2202 -1 -1 -1 -1 -1 -1)
#(0 117 1203 27 0 2 0 1 6655 -1 -1 -1 -1 -1 -1)
#(0 117 1499 30 0 0 0 2 11065 -1 -1 -1 -1 -1 -1)
#(0 117 1204 33 0 1 0 2 12249 -1 -1 -1 -1 -1 -1)
#(0 117 836 42 0 3 0 4 23918 -1 -1 -1 -1 -1 -1)
#(0 117 851 61 0 2 0 7 41999 -1 -1 -1 -1 -1 -1)
#(0 117 854 59 0 2 0 9 51927 -1 -1 -1 -1 -1 -1)
#(0 117 1495 23 0 0 0 10 53192 -1 -1 -1 -1 -1 -1)
#(0 117 476 60 0 3 0 10 53880 -1 -1 -1 -1 -1 -1)
#(0 117 848 63 0 2 0 10 57375 -1 -1 -1 -1 -1 -1)
#(0 117 1188 27 0 2 0 12 64784 -1 -1 -1 -1 -1 -1)
#(0 117 1503 32 0 0 0 13 69156 -1 -1 -1 -1 -1 -1)
#(0 117 1202 52 0 1 0 13 71360 -1 -1 -1 -1 -1 -1)
#(0 117 460 57 0 2 0 14 74641 -1 -1 -1 -1 -1 -1)
#(0 117 1201 32 0 3 0 14 75588 -1 -1 -1 -1 -1 -1)
#(0 117 468 64 0 3 0 21 111462 -1 -1 -1 -1 -1 -1)
#(0 117 1198 32 0 2 0 21 112505 -1 -1 -1 -1 -1 -1)
#(0 117 1195 23 0 2 0 24 128017 -1 -1 -1 -1 -1 -1)
#(0 117 1196 32 0 1 0 25 133689 -1 -1 -1 -1 -1 -1)
#(0 117 477 64 0 1 0 32 171520 -1 -1 -1 -1 -1 -1)
#(0 117 855 57 0 3 0 33 178454 -1 -1 -1 -1 -1 -1)
#(0 117 480 69 0 3 0 38 204096 -1 -1 -1 -1 -1 -1)
#(0 117 1498 20 0 0 0 41 216810 -1 -1 -1 -1 -1 -1)
#(0 117 471 52 0 1 0 45 239418 -1 -1 -1 -1 -1 -1)
#(0 117 1501 23 0 0 0 49 259092 -1 -1 -1 -1 -1 -1)
#(0 117 844 64 0 2 0 59 316453 -1 -1 -1 -1 -1 -1)
#(0 117 479 51 0 2 0 63 333195 -1 -1 -1 -1 -1 -1)
#(0 117 483 51 0 2 0 71 375482 -1 -1 -1 -1 -1 -1)
#(0 117 845 57 0 1 1 99 523671 -1 -1 -1 -1 -1 -1)
#(0 117 1502 24 0 0 1 98 522324 -1 -1 -1 -1 -1 -1)
#(0 117 852 56 0 2 1 96 508101 -1 -1 -1 -1 -1 -1)
#(0 117 1496 27 0 0 1 93 495862 -1 -1 -1 -1 -1 -1)
#(0 117 849 57 0 2 1 93 492107 -1 -1 -1 -1 -1 -1)
#(0 117 481 54 0 3 1 87 463754 -1 -1 -1 -1 -1 -1)
#(0 117 472 72 0 2 1 84 446873 -1 -1 -1 -1 -1 -1)
#(0 117 840 62 0 3 1 78 412799 -1 -1 -1 -1 -1 -1)
#(0 117 846 56 0 3 1 77 407167 -1 -1 -1 -1 -1 -1)
#(0 117 1497 23 0 0 1 71 379780 -1 -1 -1 -1 -1 -1)
#(0 117 847 55 0 1 1 68 360342 -1 -1 -1 -1 -1 -1)
#(0 117 478 65 0 2 1 66 351701 -1 -1 -1 -1 -1 -1)
#(0 117 482 51 0 3 1 63 337769 -1 -1 -1 -1 -1 -1)
#(0 117 1500 34 0 0 1 59 316232 -1 -1 -1 -1 -1 -1)
#(0 117 850 54 0 2 1 56 296964 -1 -1 -1 -1 -1 -1)
#(0 117 853 75 0 2 1 40 215623 -1 -1 -1 -1 -1 -1)
#(0 117 1197 49 0 1 1 35 187526 -1 -1 -1 -1 -1 -1)
#(0 117 1205 36 0 1 1 30 161816 -1 -1 -1 -1 -1 -1)
#(0 118 863 57 0 1 0 0 4260 -1 -1 -1 -1 -1 -1)
#(0 118 1212 32 0 2 0 10 54548 -1 -1 -1 -1 -1 -1)
#(0 118 1505 28 0 0 0 16 84957 -1 -1 -1 -1 -1 -1)
#(0 118 1209 21 0 2 0 19 101369 -1 -1 -1 -1 -1 -1)
#(0 118 1213 37 0 1 0 23 123409 -1 -1 -1 -1 -1 -1)
#(0 118 865 65 0 2 0 23 125980 -1 -1 -1 -1 -1 -1)
#(0 118 491 66 0 2 0 29 156094 -1 -1 -1 -1 -1 -1)
#(0 118 487 63 0 2 0 31 166081 -1 -1 -1 -1 -1 -1)
#(0 118 1512 23 0 0 0 43 227406 -1 -1 -1 -1 -1 -1)
#(0 118 856 61 0 4 0 45 242780 -1 -1 -1 -1 -1 -1)
#(0 118 1513 20 0 0 0 46 243197 -1 -1 -1 -1 -1 -1)
#(0 118 864 55 0 3 0 47 252921 -1 -1 -1 -1 -1 -1)
#(0 118 1506 34 0 0 0 52 275137 -1 -1 -1 -1 -1 -1)
#(0 118 492 70 0 3 0 54 288463 -1 -1 -1 -1 -1 -1)
#(0 118 857 57 0 2 0 55 294776 -1 -1 -1 -1 -1 -1)
#(0 118 1208 27 0 2 0 58 307647 -1 -1 -1 -1 -1 -1)
#(0 118 1210 36 0 3 0 59 313427 -1 -1 -1 -1 -1 -1)
#(0 118 858 70 0 1 0 68 359373 -1 -1 -1 -1 -1 -1)
#(0 118 1504 20 0 0 0 80 422742 -1 -1 -1 -1 -1 -1)
#(0 118 866 57 0 2 1 95 502573 -1 -1 -1 -1 -1 -1)
#(0 118 490 73 0 3 1 94 499278 -1 -1 -1 -1 -1 -1)
#(0 118 1510 28 0 0 1 90 480023 -1 -1 -1 -1 -1 -1)
#(0 118 860 54 0 2 1 89 471254 -1 -1 -1 -1 -1 -1)
#(0 118 1211 25 0 2 1 80 426304 -1 -1 -1 -1 -1 -1)
#(0 118 1207 22 0 2 1 74 394833 -1 -1 -1 -1 -1 -1)
#(0 118 486 59 0 3 1 73 389187 -1 -1 -1 -1 -1 -1)
#(0 118 1509 20 0 0 1 66 353442 -1 -1 -1 -1 -1 -1)
#(0 118 862 52 0 2 1 65 344562 -1 -1 -1 -1 -1 -1)
#(0 118 859 64 0 1 1 64 338796 -1 -1 -1 -1 -1 -1)
#(0 118 1507 27 0 0 1 61 326908 -1 -1 -1 -1 -1 -1)
#(0 118 489 57 0 3 1 61 325784 -1 -1 -1 -1 -1 -1)
#(0 118 1206 31 0 1 1 60 320294 -1 -1 -1 -1 -1 -1)
#(0 118 493 67 0 1 1 59 314439 -1 -1 -1 -1 -1 -1)
#(0 118 494 64 0 2 1 57 304461 -1 -1 -1 -1 -1 -1)
#(2 118 494 -1 -1 -1 -1 -1 -1 32 -1 -1 -1 -1 -1)
#(0 118 1214 32 0 3 1 57 304581 -1 -1 -1 -1 -1 -1)
#(0 118 1511 28 0 0 1 56 300502 -1 -1 -1 -1 -1 -1)
#(0 118 1508 23 0 0 1 54 290024 -1 -1 -1 -1 -1 -1)
#(0 118 485 74 0 3 1 26 138360 -1 -1 -1 -1 -1 -1)
#(0 118 1215 55 0 1 1 26 139756 -1 -1 -1 -1 -1 -1)
#(0 119 1521 25 0 0 0 0 401 -1 -1 -1 -1 -1 -1)
#(0 119 1518 23 0 0 0 3 16221 -1 -1 -1 -1 -1 -1)
#(0 119 873 43 0 2 0 4 24033 -1 -1 -1 -1 -1 -1)
#(0 119 1223 32 0 1 0 4 22825 -1 -1 -1 -1 -1 -1)
#(0 119 1220 22 0 2 0 5 27637 -1 -1 -1 -1 -1 -1)
#(0 119 1519 28 0 0 0 12 63831 -1 -1 -1 -1 -1 -1)
#(0 119 869 44 0 3 0 13 71639 -1 -1 -1 -1 -1 -1)
#(0 119 484 47 0 1 0 20 110533 -1 -1 -1 -1 -1 -1)
#(0 119 1200 29 0 2 0 21 112393 -1 -1 -1 -1 -1 -1)
#(0 119 1218 45 0 2 0 22 118535 -1 -1 -1 -1 -1 -1)
#(0 119 497 68 0 2 0 25 135226 -1 -1 -1 -1 -1 -1)
#(0 119 1221 32 0 2 0 25 133619 -1 -1 -1 -1 -1 -1)
#(0 119 500 57 0 2 0 27 144128 -1 -1 -1 -1 -1 -1)
#(0 119 488 70 0 2 0 31 166679 -1 -1 -1 -1 -1 -1)
#(0 119 867 57 0 2 0 53 284217 -1 -1 -1 -1 -1 -1)
#(0 119 1219 42 0 1 0 56 297839 -1 -1 -1 -1 -1 -1)
#(0 119 872 59 0 2 0 56 300262 -1 -1 -1 -1 -1 -1)
#(0 119 502 57 0 3 0 72 381612 -1 -1 -1 -1 -1 -1)
#(0 119 1517 23 0 0 1 98 522342 -1 -1 -1 -1 -1 -1)
#(0 119 861 55 0 2 1 96 508156 -1 -1 -1 -1 -1 -1)
#(0 119 1520 28 0 0 1 95 506414 -1 -1 -1 -1 -1 -1)
#(0 119 498 62 0 2 1 93 493546 -1 -1 -1 -1 -1 -1)
#(0 119 871 59 0 1 1 89 470896 -1 -1 -1 -1 -1 -1)
#(0 119 1515 29 0 0 1 86 458865 -1 -1 -1 -1 -1 -1)
#(0 119 499 55 0 2 1 85 452886 -1 -1 -1 -1 -1 -1)
#(0 119 868 51 0 2 1 84 445191 -1 -1 -1 -1 -1 -1)
#(3 119 868 -1 0 -1 -1 -1 -1 33 -1 -1 -1 -1 55)
#(0 119 503 55 0 3 1 83 443170 -1 -1 -1 -1 -1 -1)
#(0 119 1514 34 0 0 1 77 411254 -1 -1 -1 -1 -1 -1)
#(0 119 1222 21 0 2 1 74 394886 -1 -1 -1 -1 -1 -1)
#(0 119 870 57 0 2 1 64 339143 -1 -1 -1 -1 -1 -1)
#(0 119 1522 28 0 0 1 62 332182 -1 -1 -1 -1 -1 -1)
#(0 119 1217 47 0 1 1 56 298432 -1 -1 -1 -1 -1 -1)
#(0 119 874 59 0 2 1 55 291448 -1 -1 -1 -1 -1 -1)
#(0 119 1216 27 0 3 1 46 246748 -1 -1 -1 -1 -1 -1)
#(0 119 1516 29 0 0 1 42 226544 -1 -1 -1 -1 -1 -1)
#(0 119 496 64 0 2 1 37 198221 -1 -1 -1 -1 -1 -1)
#(0 120 1225 20 0 3 0 0 1041 -1 -1 -1 -1 -1 -1)
#(0 120 884 51 0 2 0 1 8811 -1 -1 -1 -1 -1 -1)
#(0 120 877 64 0 3 0 2 15583 -1 -1 -1 -1 -1 -1)
#(0 120 1524 25 0 0 0 4 21540 -1 -1 -1 -1 -1 -1)
#(0 120 1543 29 0 0 0 8 42709 -1 -1 -1 -1 -1 -1)
#(0 120 1527 29 0 0 0 9 48015 -1 -1 -1 -1 -1 -1)
#(0 120 101 61 0 1 0 11 58442 -1 -1 -1 -1 -1 -1)
#(0 120 1525 20 0 0 0 16 84817 -1 -1 -1 -1 -1 -1)
#(0 120 1532 25 0 0 0 18 95452 -1 -1 -1 -1 -1 -1)
#(0 120 1529 26 0 0 0 19 100759 -1 -1 -1 -1 -1 -1)
#(0 120 495 50 0 1 0 20 110560 -1 -1 -1 -1 -1 -1)
#(0 120 112 51 0 2 0 21 113730 -1 -1 -1 -1 -1 -1)
#(0 120 1229 28 0 2 0 22 117575 -1 -1 -1 -1 -1 -1)
#(0 120 113 64 0 3 0 23 126695 -1 -1 -1 -1 -1 -1)
#(0 120 1541 24 0 0 0 25 132383 -1 -1 -1 -1 -1 -1)
#(0 120 875 63 0 2 0 26 141475 -1 -1 -1 -1 -1 -1)
#(0 120 1535 34 0 0 0 29 153697 -1 -1 -1 -1 -1 -1)
#(0 120 111 73 0 2 0 31 165571 -1 -1 -1 -1 -1 -1)
#(0 120 878 55 0 3 0 32 173012 -1 -1 -1 -1 -1 -1)
#(0 120 887 58 0 1 0 36 195158 -1 -1 -1 -1 -1 -1)
#(0 120 505 64 0 2 0 39 208449 -1 -1 -1 -1 -1 -1)
#(0 120 104 56 0 2 0 40 215576 -1 -1 -1 -1 -1 -1)
#(0 120 102 56 0 3 0 42 225805 -1 -1 -1 -1 -1 -1)
#(0 120 1227 38 0 1 0 43 229056 -1 -1 -1 -1 -1 -1)
#(0 120 513 59 0 3 0 44 235273 -1 -1 -1 -1 -1 -1)
#(0 120 108 67 0 1 0 45 238271 -1 -1 -1 -1 -1 -1)
#(0 120 1530 30 0 0 0 51 269798 -1 -1 -1 -1 -1 -1)
#(0 120 507 58 0 1 0 51 272437 -1 -1 -1 -1 -1 -1)
#(0 120 1528 26 0 0 0 56 296119 -1 -1 -1 -1 -1 -1)
#(0 120 1232 20 0 3 0 56 296704 -1 -1 -1 -1 -1 -1)
#(0 120 1226 20 0 2 0 58 307265 -1 -1 -1 -1 -1 -1)
#(0 120 115 62 0 3 0 61 322573 -1 -1 -1 -1 -1 -1)
#(0 120 509 55 0 1 0 65 344352 -1 -1 -1 -1 -1 -1)
#(0 120 1230 37 0 3 0 67 355727 -1 -1 -1 -1 -1 -1)
#(0 120 1542 27 0 0 0 79 417560 -1 -1 -1 -1 -1 -1)
#(0 120 110 68 0 2 1 96 510986 -1 -1 -1 -1 -1 -1)
#(0 120 876 58 0 3 1 95 502620 -1 -1 -1 -1 -1 -1)
#(0 120 1533 30 0 0 1 92 490529 -1 -1 -1 -1 -1 -1)
#(0 120 506 68 0 1 1 91 482482 -1 -1 -1 -1 -1 -1)
#(0 120 883 68 0 3 1 91 480615 -1 -1 -1 -1 -1 -1)
#(0 120 1228 37 0 3 1 87 462730 -1 -1 -1 -1 -1 -1)
#(0 120 511 66 0 2 1 84 446913 -1 -1 -1 -1 -1 -1)
#(0 120 1526 25 0 0 1 81 432536 -1 -1 -1 -1 -1 -1)
#(0 120 103 51 0 2 1 81 430133 -1 -1 -1 -1 -1 -1)
#(0 120 514 51 0 2 1 80 427146 -1 -1 -1 -1 -1 -1)
#(0 120 114 65 0 3 1 78 416766 -1 -1 -1 -1 -1 -1)
#(0 120 1531 32 0 0 1 76 406023 -1 -1 -1 -1 -1 -1)
#(0 120 886 56 0 3 1 72 381169 -1 -1 -1 -1 -1 -1)
#(0 120 1537 25 0 0 1 70 374474 -1 -1 -1 -1 -1 -1)
#(0 120 1523 20 0 0 1 69 369261 -1 -1 -1 -1 -1 -1)
#(0 120 109 62 0 1 1 68 359345 -1 -1 -1 -1 -1 -1)
#(0 120 116 64 0 2 1 67 353845 -1 -1 -1 -1 -1 -1)
#(0 120 512 56 0 2 1 57 305073 -1 -1 -1 -1 -1 -1)
#(0 120 882 62 0 1 1 57 301546 -1 -1 -1 -1 -1 -1)
#(0 120 510 55 0 3 1 55 294829 -1 -1 -1 -1 -1 -1)
#(0 120 106 70 0 2 1 53 283830 -1 -1 -1 -1 -1 -1)
#(0 120 107 75 0 1 1 47 251559 -1 -1 -1 -1 -1 -1)
#(0 120 885 49 0 1 1 47 249149 -1 -1 -1 -1 -1 -1)
#(0 120 1534 23 0 0 1 42 226662 -1 -1 -1 -1 -1 -1)
#(0 120 1224 43 0 2 1 42 224747 -1 -1 -1 -1 -1 -1)
#(2 120 1224 -1 -1 -1 -1 -1 -1 34 -1 -1 -1 -1 -1)
#(0 120 879 62 0 1 1 42 222252 -1 -1 -1 -1 -1 -1)
#(0 120 880 57 0 1 1 33 175304 -1 -1 -1 -1 -1 -1)
#(0 120 508 64 0 3 1 26 139985 -1 -1 -1 -1 -1 -1)
#(0 120 1540 26 0 0 1 19 105178 -1 -1 -1 -1 -1 -1)
#(0 121 1547 25 0 0 0 0 417 -1 -1 -1 -1 -1 -1)
#(0 121 1550 27 0 0 0 1 5738 -1 -1 -1 -1 -1 -1)
#(0 121 123 57 0 2 0 2 14580 -1 -1 -1 -1 -1 -1)
#(0 121 891 68 0 2 0 2 15327 -1 -1 -1 -1 -1 -1)
#(0 121 889 51 0 2 0 3 19523 -1 -1 -1 -1 -1 -1)
#(0 121 521 44 0 2 0 3 20739 -1 -1 -1 -1 -1 -1)
#(0 121 120 57 0 3 0 4 21684 -1 -1 -1 -1 -1 -1)
#(0 121 1552 30 0 0 0 7 37461 -1 -1 -1 -1 -1 -1)
#(0 121 893 65 0 1 0 8 47492 -1 -1 -1 -1 -1 -1)
#(0 121 1538 28 0 0 0 9 47991 -1 -1 -1 -1 -1 -1)
#(0 121 1556 20 0 0 0 10 53129 -1 -1 -1 -1 -1 -1)
#(0 121 105 50 0 1 0 10 55535 -1 -1 -1 -1 -1 -1)
#(0 121 1559 24 0 0 0 11 58477 -1 -1 -1 -1 -1 -1)
#(0 121 1548 25 0 0 0 15 79618 -1 -1 -1 -1 -1 -1)
#(0 121 1536 21 0 0 0 16 84817 -1 -1 -1 -1 -1 -1)
#(0 121 122 50 0 2 0 17 93005 -1 -1 -1 -1 -1 -1)
#(0 121 504 55 0 1 0 27 143714 -1 -1 -1 -1 -1 -1)
#(0 121 1546 23 0 0 0 31 164070 -1 -1 -1 -1 -1 -1)
#(0 121 1561 23 0 0 0 38 201008 -1 -1 -1 -1 -1 -1)
#(0 121 519 66 0 2 0 38 203940 -1 -1 -1 -1 -1 -1)
#(0 121 888 58 0 2 0 40 215509 -1 -1 -1 -1 -1 -1)
#(0 121 1545 21 0 0 0 41 216850 -1 -1 -1 -1 -1 -1)
#(0 121 895 44 0 2 0 42 224724 -1 -1 -1 -1 -1 -1)
#(0 121 516 62 0 2 0 42 223666 -1 -1 -1 -1 -1 -1)
#(0 121 117 65 0 3 0 46 244024 -1 -1 -1 -1 -1 -1)
#(0 121 518 44 0 1 0 47 253106 -1 -1 -1 -1 -1 -1)
#(0 121 896 73 0 1 0 51 269557 -1 -1 -1 -1 -1 -1)
#(0 121 525 55 0 2 0 61 323219 -1 -1 -1 -1 -1 -1)
#(0 121 1231 26 0 2 0 67 355050 -1 -1 -1 -1 -1 -1)
#(0 121 1554 21 0 0 1 98 522366 -1 -1 -1 -1 -1 -1)
#(0 121 1234 36 0 2 1 98 520881 -1 -1 -1 -1 -1 -1)
#(0 121 1235 39 0 1 1 95 504837 -1 -1 -1 -1 -1 -1)
#(0 121 523 55 0 2 1 95 505734 -1 -1 -1 -1 -1 -1)
#(0 121 881 61 0 2 1 89 470879 -1 -1 -1 -1 -1 -1)
#(0 121 894 59 0 2 1 82 433790 -1 -1 -1 -1 -1 -1)
#(0 121 1233 37 0 2 1 79 420457 -1 -1 -1 -1 -1 -1)
#(0 121 524 51 0 2 1 78 416584 -1 -1 -1 -1 -1 -1)
#(0 121 898 44 0 2 1 78 414207 -1 -1 -1 -1 -1 -1)
#(0 121 1549 28 0 0 1 77 411366 -1 -1 -1 -1 -1 -1)
#(0 121 1557 32 0 0 1 75 400751 -1 -1 -1 -1 -1 -1)
#(0 121 517 55 0 2 1 75 400156 -1 -1 -1 -1 -1 -1)
#(0 121 1560 28 0 0 1 68 363863 -1 -1 -1 -1 -1 -1)
#(0 121 1553 34 0 0 1 64 342625 -1 -1 -1 -1 -1 -1)
#(0 121 520 73 0 2 1 60 318979 -1 -1 -1 -1 -1 -1)
#(0 121 119 58 0 2 1 56 296020 -1 -1 -1 -1 -1 -1)
#(0 121 1236 33 0 3 1 53 283442 -1 -1 -1 -1 -1 -1)
#(0 121 118 57 0 3 1 51 269596 -1 -1 -1 -1 -1 -1)
#(0 121 890 57 0 2 1 51 270269 -1 -1 -1 -1 -1 -1)
#(0 121 1555 32 0 0 1 48 258183 -1 -1 -1 -1 -1 -1)
#(0 121 124 64 0 3 1 47 248177 -1 -1 -1 -1 -1 -1)
#(0 121 1238 27 0 2 1 46 246739 -1 -1 -1 -1 -1 -1)
#(0 121 1239 45 0 1 1 45 240472 -1 -1 -1 -1 -1 -1)
#(0 121 515 70 0 3 1 44 234510 -1 -1 -1 -1 -1 -1)
#(0 121 1539 22 0 0 1 42 226688 -1 -1 -1 -1 -1 -1)
#(0 121 1544 27 0 0 1 38 205456 -1 -1 -1 -1 -1 -1)
#(0 121 897 64 0 2 1 27 142929 -1 -1 -1 -1 -1 -1)
#(0 121 1240 32 0 2 1 24 130387 -1 -1 -1 -1 -1 -1)
#(0 122 1571 25 0 0 0 0 405 -1 -1 -1 -1 -1 -1)
#(0 122 904 53 0 3 0 1 8873 -1 -1 -1 -1 -1 -1)
#(0 122 129 50 0 2 0 1 8123 -1 -1 -1 -1 -1 -1)
#(0 122 914 60 0 1 0 3 19944 -1 -1 -1 -1 -1 -1)
#(0 122 1562 26 0 0 0 4 21571 -1 -1 -1 -1 -1 -1)
#(0 122 130 57 0 1 0 5 31559 -1 -1 -1 -1 -1 -1)
#(0 122 1565 25 0 0 0 7 37364 -1 -1 -1 -1 -1 -1)
#(0 122 902 64 0 2 0 7 42014 -1 -1 -1 -1 -1 -1)
#(0 122 133 65 0 3 0 8 43936 -1 -1 -1 -1 -1 -1)
#(0 122 1558 25 0 0 0 9 47929 -1 -1 -1 -1 -1 -1)
#(0 122 910 59 0 3 0 9 52030 -1 -1 -1 -1 -1 -1)
#(0 122 128 64 0 3 0 10 53392 -1 -1 -1 -1 -1 -1)
#(0 122 131 57 0 3 0 10 56351 -1 -1 -1 -1 -1 -1)
#(0 122 1243 34 0 2 0 10 54649 -1 -1 -1 -1 -1 -1)
#(0 122 1245 39 0 2 0 11 60085 -1 -1 -1 -1 -1 -1)
#(0 122 1551 26 0 0 0 15 79617 -1 -1 -1 -1 -1 -1)
#(0 122 536 51 0 3 0 16 85108 -1 -1 -1 -1 -1 -1)
#(0 122 907 59 0 2 0 16 88880 -1 -1 -1 -1 -1 -1)
#(0 122 530 44 0 1 0 24 131675 -1 -1 -1 -1 -1 -1)
#(0 122 1564 23 0 0 0 25 132396 -1 -1 -1 -1 -1 -1)
#(0 122 522 56 0 2 0 27 143824 -1 -1 -1 -1 -1 -1)
#(0 122 901 54 0 3 0 32 172817 -1 -1 -1 -1 -1 -1)
#(0 122 1569 32 0 0 0 34 180043 -1 -1 -1 -1 -1 -1)
#(0 122 533 51 0 1 0 39 206375 -1 -1 -1 -1 -1 -1)
#(0 122 892 51 0 2 0 40 214890 -1 -1 -1 -1 -1 -1)
#(0 122 527 56 0 2 0 41 218935 -1 -1 -1 -1 -1 -1)
#(0 122 1244 37 0 2 0 42 223691 -1 -1 -1 -1 -1 -1)
#(0 122 126 68 0 2 0 45 238199 -1 -1 -1 -1 -1 -1)
#(0 122 1248 37 0 3 0 47 250073 -1 -1 -1 -1 -1 -1)
#(0 122 534 64 0 3 0 49 261222 -1 -1 -1 -1 -1 -1)
#(0 122 899 55 0 1 0 51 273319 -1 -1 -1 -1 -1 -1)
#(0 122 526 70 0 3 0 51 272483 -1 -1 -1 -1 -1 -1)
#(0 122 132 62 0 1 0 59 316265 -1 -1 -1 -1 -1 -1)
#(0 122 1242 40 0 1 0 63 334786 -1 -1 -1 -1 -1 -1)
#(0 122 905 70 0 2 0 90 475415 -1 -1 -1 -1 -1 -1)
#(0 122 529 59 0 2 1 98 521052 -1 -1 -1 -1 -1 -1)
#(0 122 912 67 0 1 1 96 512131 -1 -1 -1 -1 -1 -1)
#(0 122 1568 20 0 0 1 95 506555 -1 -1 -1 -1 -1 -1)
#(0 122 127 70 0 2 1 88 468633 -1 -1 -1 -1 -1 -1)
#(0 122 1237 35 0 2 1 87 462821 -1 -1 -1 -1 -1 -1)
#(0 122 1570 27 0 0 1 85 453640 -1 -1 -1 -1 -1 -1)
#(0 122 528 57 0 2 1 85 452769 -1 -1 -1 -1 -1 -1)
#(0 122 909 54 0 2 1 81 428911 -1 -1 -1 -1 -1 -1)
#(0 122 1566 28 0 0 1 79 421931 -1 -1 -1 -1 -1 -1)
#(0 122 134 51 0 3 1 77 409124 -1 -1 -1 -1 -1 -1)
#(0 122 906 51 0 1 1 76 402865 -1 -1 -1 -1 -1 -1)
#(0 122 900 62 0 1 1 74 391250 -1 -1 -1 -1 -1 -1)
#(4 122 900 -1 0 -1 -1 -1 -1 35 0 0 0 0 -1)
#(0 122 125 62 0 2 1 69 365019 -1 -1 -1 -1 -1 -1)
#(0 122 908 59 0 3 1 69 365067 -1 -1 -1 -1 -1 -1)
#(0 122 121 63 0 3 1 67 354135 -1 -1 -1 -1 -1 -1)
#(0 122 911 61 0 2 1 66 349301 -1 -1 -1 -1 -1 -1)
#(0 122 903 58 0 1 1 65 343994 -1 -1 -1 -1 -1 -1)
#(0 122 135 55 0 2 1 61 323166 -1 -1 -1 -1 -1 -1)
#(0 122 1246 20 0 2 1 61 326326 -1 -1 -1 -1 -1 -1)
#(0 122 535 69 0 1 1 55 294139 -1 -1 -1 -1 -1 -1)
#(0 122 1247 39 0 1 1 54 288321 -1 -1 -1 -1 -1 -1)
#(0 122 1563 32 0 0 1 51 274010 -1 -1 -1 -1 -1 -1)
#(0 122 137 55 0 3 1 50 265760 -1 -1 -1 -1 -1 -1)
#(0 122 1241 20 0 2 1 46 247132 -1 -1 -1 -1 -1 -1)
#(0 122 1567 23 0 0 1 41 221375 -1 -1 -1 -1 -1 -1)
#(0 122 537 55 0 3 1 33 178425 -1 -1 -1 -1 -1 -1)
#(0 122 531 64 0 1 1 29 155827 -1 -1 -1 -1 -1 -1)
#(0 123 140 57 0 2 0 2 14579 -1 -1 -1 -1 -1 -1)
#(0 123 1578 20 0 0 0 3 16160 -1 -1 -1 -1 -1 -1)
#(0 123 1574 32 0 0 0 5 26930 -1 -1 -1 -1 -1 -1)
#(0 123 923 56 0 3 0 7 41022 -1 -1 -1 -1 -1 -1)
#(0 123 551 52 0 3 0 9 48262 -1 -1 -1 -1 -1 -1)
#(0 123 143 51 0 4 0 13 73596 -1 -1 -1 -1 -1 -1)
#(0 123 1250 41 0 2 0 13 70798 -1 -1 -1 -1 -1 -1)
#(0 123 146 70 0 3 0 17 94527 -1 -1 -1 -1 -1 -1)
#(0 123 543 55 0 2 0 18 96188 -1 -1 -1 -1 -1 -1)
#(0 123 542 59 0 1 0 21 111904 -1 -1 -1 -1 -1 -1)
#(0 123 144 70 0 3 0 21 115781 -1 -1 -1 -1 -1 -1)
#(0 123 918 62 0 1 0 22 121019 -1 -1 -1 -1 -1 -1)
#(0 123 916 59 0 2 0 24 131300 -1 -1 -1 -1 -1 -1)
#(0 123 922 55 0 2 0 25 135996 -1 -1 -1 -1 -1 -1)
#(0 123 149 57 0 2 0 29 157110 -1 -1 -1 -1 -1 -1)
#(0 123 545 44 0 1 0 35 189662 -1 -1 -1 -1 -1 -1)
#(0 123 145 51 0 2 0 37 198273 -1 -1 -1 -1 -1 -1)
#(0 123 924 75 0 3 0 38 201425 -1 -1 -1 -1 -1 -1)
#(0 123 138 59 0 2 0 39 210422 -1 -1 -1 -1 -1 -1)
#(0 123 915 44 0 3 0 45 240605 -1 -1 -1 -1 -1 -1)
#(0 123 548 70 0 2 0 52 277863 -1 -1 -1 -1 -1 -1)
#(0 123 917 43 0 2 0 75 398945 -1 -1 -1 -1 -1 -1)
#(0 123 148 51 0 1 0 94 499183 -1 -1 -1 -1 -1 -1)
#(0 123 544 62 0 2 0 94 498492 -1 -1 -1 -1 -1 -1)
#(0 123 1577 25 0 0 1 94 501194 -1 -1 -1 -1 -1 -1)
#(0 123 1251 52 0 3 1 90 477760 -1 -1 -1 -1 -1 -1)
#(0 123 150 59 0 2 1 87 460164 -1 -1 -1 -1 -1 -1)
#(0 123 1249 29 0 3 1 84 447241 -1 -1 -1 -1 -1 -1)
#(0 123 547 57 0 2 1 84 447570 -1 -1 -1 -1 -1 -1)
#(0 123 1252 34 0 1 1 83 441770 -1 -1 -1 -1 -1 -1)
#(0 123 546 61 0 1 1 82 436057 -1 -1 -1 -1 -1 -1)
#(0 123 920 66 0 2 1 80 422608 -1 -1 -1 -1 -1 -1)
#(0 123 151 69 0 2 1 77 410258 -1 -1 -1 -1 -1 -1)
#(0 123 538 59 0 3 1 75 400041 -1 -1 -1 -1 -1 -1)
#(0 123 1573 27 0 0 1 73 390264 -1 -1 -1 -1 -1 -1)
#(0 123 921 74 0 2 1 70 374185 -1 -1 -1 -1 -1 -1)
#(0 123 142 62 0 2 1 67 354016 -1 -1 -1 -1 -1 -1)
#(0 123 919 51 0 2 1 65 344805 -1 -1 -1 -1 -1 -1)
#(0 123 141 59 0 3 1 55 291479 -1 -1 -1 -1 -1 -1)
#(0 123 1572 26 0 0 1 53 284680 -1 -1 -1 -1 -1 -1)
#(0 123 1576 25 0 0 1 48 258301 -1 -1 -1 -1 -1 -1)
#(0 123 539 44 0 1 1 47 248645 -1 -1 -1 -1 -1 -1)
#(0 123 1579 34 0 0 1 45 242322 -1 -1 -1 -1 -1 -1)
#(0 123 549 51 0 2 1 43 231689 -1 -1 -1 -1 -1 -1)
#(0 123 550 67 0 1 1 37 198356 -1 -1 -1 -1 -1 -1)
#(0 123 152 67 0 1 1 29 157888 -1 -1 -1 -1 -1 -1)
#(0 123 147 59 0 2 1 13 69439 -1 -1 -1 -1 -1 -1)
#(0 124 560 49 0 1 0 5 26809 -1 -1 -1 -1 -1 -1)
#(0 124 1575 25 0 0 0 7 37394 -1 -1 -1 -1 -1 -1)
#(0 124 554 57 0 2 0 7 39718 -1 -1 -1 -1 -1 -1)
#(0 124 1266 36 0 2 0 7 38783 -1 -1 -1 -1 -1 -1)
#(0 124 1264 20 0 2 0 8 43260 -1 -1 -1 -1 -1 -1)
#(0 124 139 64 0 2 0 10 57140 -1 -1 -1 -1 -1 -1)
#(0 124 926 60 0 1 0 12 68227 -1 -1 -1 -1 -1 -1)
#(0 124 540 74 0 2 0 16 86424 -1 -1 -1 -1 -1 -1)
#(0 124 927 61 0 1 0 16 88969 -1 -1 -1 -1 -1 -1)
#(0 124 1584 28 0 0 0 17 90218 -1 -1 -1 -1 -1 -1)
#(0 124 553 55 0 2 0 17 91496 -1 -1 -1 -1 -1 -1)
#(0 124 1586 25 0 0 0 18 95453 -1 -1 -1 -1 -1 -1)
#(0 124 154 60 0 3 0 19 105585 -1 -1 -1 -1 -1 -1)
#(0 124 167 51 0 2 0 24 129590 -1 -1 -1 -1 -1 -1)
#(0 124 1261 20 0 3 0 24 127755 -1 -1 -1 -1 -1 -1)
#(0 124 158 75 0 2 0 26 139332 -1 -1 -1 -1 -1 -1)
#(0 124 532 61 0 2 0 27 144154 -1 -1 -1 -1 -1 -1)
#(0 124 164 59 0 1 0 36 194591 -1 -1 -1 -1 -1 -1)
#(0 124 930 64 0 2 0 37 200195 -1 -1 -1 -1 -1 -1)
#(0 124 1580 29 0 0 0 40 211693 -1 -1 -1 -1 -1 -1)
#(4 124 1580 -1 0 -1 -1 -1 -1 36 0 0 0 0 -1)
#(0 124 1259 45 0 1 0 46 245219 -1 -1 -1 -1 -1 -1)
#(0 124 555 44 0 2 0 46 247774 -1 -1 -1 -1 -1 -1)
#(0 124 1587 34 0 0 0 53 280393 -1 -1 -1 -1 -1 -1)
#(0 124 1265 34 0 2 0 54 286846 -1 -1 -1 -1 -1 -1)
#(0 124 163 51 0 3 0 62 330114 -1 -1 -1 -1 -1 -1)
#(0 124 1263 30 0 2 0 66 350023 -1 -1 -1 -1 -1 -1)
#(0 124 1582 30 0 0 0 85 449304 -1 -1 -1 -1 -1 -1)
#(0 124 1583 29 0 0 1 97 516957 -1 -1 -1 -1 -1 -1)
#(0 124 1262 42 0 1 1 97 515262 -1 -1 -1 -1 -1 -1)
#(0 124 556 56 0 2 1 95 505733 -1 -1 -1 -1 -1 -1)
#(0 124 1585 28 0 0 1 93 495862 -1 -1 -1 -1 -1 -1)
#(0 124 931 58 0 2 1 93 491747 -1 -1 -1 -1 -1 -1)
#(0 124 929 66 0 3 1 92 486026 -1 -1 -1 -1 -1 -1)
#(0 124 552 59 0 1 1 90 478667 -1 -1 -1 -1 -1 -1)
#(0 124 157 66 0 1 1 90 479424 -1 -1 -1 -1 -1 -1)
#(0 124 159 59 0 1 1 89 470946 -1 -1 -1 -1 -1 -1)
#(0 124 168 62 0 3 1 85 449425 -1 -1 -1 -1 -1 -1)
#(0 124 928 51 0 2 1 84 444926 -1 -1 -1 -1 -1 -1)
#(0 124 153 57 0 2 1 82 434226 -1 -1 -1 -1 -1 -1)
#(0 124 558 44 0 2 1 80 422874 -1 -1 -1 -1 -1 -1)
#(0 124 913 59 0 2 1 78 413546 -1 -1 -1 -1 -1 -1)
#(0 124 1256 27 0 3 1 76 405165 -1 -1 -1 -1 -1 -1)
#(0 124 557 57 0 2 1 76 405392 -1 -1 -1 -1 -1 -1)
#(0 124 541 64 0 3 1 75 399046 -1 -1 -1 -1 -1 -1)
#(0 124 1253 32 0 2 1 75 399627 -1 -1 -1 -1 -1 -1)
#(0 124 925 57 0 3 1 72 381223 -1 -1 -1 -1 -1 -1)
#(0 124 169 51 0 2 1 72 382572 -1 -1 -1 -1 -1 -1)
#(0 124 160 70 0 1 1 72 384364 -1 -1 -1 -1 -1 -1)
#(0 124 1254 21 0 3 1 72 384387 -1 -1 -1 -1 -1 -1)
#(0 124 1581 21 0 0 1 69 369245 -1 -1 -1 -1 -1 -1)
#(0 124 1255 40 0 3 1 69 367544 -1 -1 -1 -1 -1 -1)
#(0 124 559 51 0 3 1 65 347924 -1 -1 -1 -1 -1 -1)
#(0 124 156 51 0 2 1 63 335088 -1 -1 -1 -1 -1 -1)
#(0 124 136 61 0 1 1 60 320710 -1 -1 -1 -1 -1 -1)
#(0 124 170 61 0 3 1 57 305489 -1 -1 -1 -1 -1 -1)
#(0 124 1267 31 0 2 1 57 304677 -1 -1 -1 -1 -1 -1)
#(0 124 1257 42 0 1 1 43 230107 -1 -1 -1 -1 -1 -1)
#(0 124 162 70 0 3 1 41 220724 -1 -1 -1 -1 -1 -1)
#(0 124 155 55 0 2 1 33 176071 -1 -1 -1 -1 -1 -1)
#(0 124 1258 35 0 1 1 27 146026 -1 -1 -1 -1 -1 -1)
#(0 124 161 64 0 1 1 20 110856 -1 -1 -1 -1 -1 -1)
#(0 125 934 51 0 3 0 0 3687 -1 -1 -1 -1 -1 -1)
#(0 125 171 52 0 1 0 3 19492 -1 -1 -1 -1 -1 -1)
#(0 125 1277 35 0 3 0 3 17661 -1 -1 -1 -1 -1 -1)
#(0 125 946 57 0 2 0 8 46495 -1 -1 -1 -1 -1 -1)
#(0 125 182 59 0 1 0 9 51971 -1 -1 -1 -1 -1 -1)
#(0 125 1592 25 0 0 0 11 58494 -1 -1 -1 -1 -1 -1)
#(0 125 1279 33 0 3 0 11 59815 -1 -1 -1 -1 -1 -1)
#(0 125 1270 27 0 2 0 15 80578 -1 -1 -1 -1 -1 -1)
#(0 125 941 57 0 2 0 21 115158 -1 -1 -1 -1 -1 -1)
#(0 125 1278 20 0 2 0 27 143587 -1 -1 -1 -1 -1 -1)
#(0 125 939 61 0 4 0 35 189632 -1 -1 -1 -1 -1 -1)
#(0 125 166 57 0 2 0 36 193934 -1 -1 -1 -1 -1 -1)
#(0 125 568 68 0 1 0 37 197202 -1 -1 -1 -1 -1 -1)
#(0 125 1273 39 0 1 0 46 244928 -1 -1 -1 -1 -1 -1)
#(0 125 945 65 0 1 0 51 273690 -1 -1 -1 -1 -1 -1)
#(0 125 1276 41 0 2 0 52 276653 -1 -1 -1 -1 -1 -1)
#(0 125 565 64 0 1 0 54 287695 -1 -1 -1 -1 -1 -1)
#(0 125 932 51 0 2 0 56 299345 -1 -1 -1 -1 -1 -1)
#(0 125 562 57 0 1 0 56 297235 -1 -1 -1 -1 -1 -1)
#(0 125 1590 25 0 0 0 57 301370 -1 -1 -1 -1 -1 -1)
#(0 125 571 74 0 1 0 67 357719 -1 -1 -1 -1 -1 -1)
#(0 125 1275 42 0 3 0 68 361211 -1 -1 -1 -1 -1 -1)
#(0 125 933 67 0 3 0 71 380058 -1 -1 -1 -1 -1 -1)
#(0 125 937 57 0 2 0 76 405528 -1 -1 -1 -1 -1 -1)
#(0 125 1268 20 0 2 1 97 516422 -1 -1 -1 -1 -1 -1)
#(0 125 1594 20 0 0 1 95 506572 -1 -1 -1 -1 -1 -1)
#(0 125 942 55 0 1 1 95 502840 -1 -1 -1 -1 -1 -1)
#(0 125 570 57 0 1 1 94 500069 -1 -1 -1 -1 -1 -1)
#(0 125 1593 25 0 0 1 85 453679 -1 -1 -1 -1 -1 -1)
#(0 125 1274 30 0 3 1 84 447166 -1 -1 -1 -1 -1 -1)
#(0 125 175 54 0 2 1 83 439994 -1 -1 -1 -1 -1 -1)
#(0 125 1272 32 0 1 1 83 441849 -1 -1 -1 -1 -1 -1)
#(0 125 174 44 0 2 1 81 431404 -1 -1 -1 -1 -1 -1)
#(0 125 566 58 0 3 1 78 416300 -1 -1 -1 -1 -1 -1)
#(0 125 1589 20 0 0 1 77 411509 -1 -1 -1 -1 -1 -1)
#(0 125 1271 44 0 2 1 77 409520 -1 -1 -1 -1 -1 -1)
#(0 125 561 54 0 1 1 77 410755 -1 -1 -1 -1 -1 -1)
#(0 125 179 59 0 2 1 75 396756 -1 -1 -1 -1 -1 -1)
#(0 125 173 51 0 1 1 74 393128 -1 -1 -1 -1 -1 -1)
#(0 125 564 61 0 2 1 72 383230 -1 -1 -1 -1 -1 -1)
#(0 125 1269 30 0 2 1 66 352170 -1 -1 -1 -1 -1 -1)
#(0 125 165 56 0 1 1 63 334665 -1 -1 -1 -1 -1 -1)
#(0 125 180 53 0 1 1 62 329546 -1 -1 -1 -1 -1 -1)
#(0 125 944 51 0 2 1 61 323704 -1 -1 -1 -1 -1 -1)
#(0 125 1591 30 0 0 1 59 316295 -1 -1 -1 -1 -1 -1)
#(0 125 947 63 0 1 1 59 312123 -1 -1 -1 -1 -1 -1)
#(0 125 940 59 0 1 1 55 291135 -1 -1 -1 -1 -1 -1)
#(0 125 938 64 0 2 1 52 274688 -1 -1 -1 -1 -1 -1)
#(0 125 172 62 0 3 1 51 274119 -1 -1 -1 -1 -1 -1)
#(0 125 181 51 0 3 1 49 261245 -1 -1 -1 -1 -1 -1)
#(0 125 176 44 0 2 1 48 257162 -1 -1 -1 -1 -1 -1)
#(0 125 563 44 0 2 1 48 253812 -1 -1 -1 -1 -1 -1)
#(0 125 178 56 0 3 1 47 249136 -1 -1 -1 -1 -1 -1)
#(0 125 567 69 0 2 1 43 230126 -1 -1 -1 -1 -1 -1)
#(0 125 935 73 0 2 1 42 226354 -1 -1 -1 -1 -1 -1)
#(0 125 1588 29 0 0 1 36 194872 -1 -1 -1 -1 -1 -1)
#(0 125 1260 28 0 2 1 27 146426 -1 -1 -1 -1 -1 -1)
#(0 126 936 61 0 2 0 0 4094 -1 -1 -1 -1 -1 -1)
#(0 126 954 65 0 2 0 6 36692 -1 -1 -1 -1 -1 -1)
#(0 126 1598 26 0 0 0 7 37408 -1 -1 -1 -1 -1 -1)
#(0 126 185 58 0 2 0 8 47022 -1 -1 -1 -1 -1 -1)
#(0 126 962 44 0 2 0 10 55723 -1 -1 -1 -1 -1 -1)
#(0 126 192 55 0 1 0 12 63662 -1 -1 -1 -1 -1 -1)
#(0 126 575 59 0 1 0 12 64821 -1 -1 -1 -1 -1 -1)
#(0 126 951 67 0 2 0 12 68500 -1 -1 -1 -1 -1 -1)
#(0 126 1601 27 0 0 0 13 69085 -1 -1 -1 -1 -1 -1)
#(0 126 948 44 0 2 0 14 76921 -1 -1 -1 -1 -1 -1)
#(0 126 955 51 0 2 0 15 82860 -1 -1 -1 -1 -1 -1)
#(0 126 957 61 0 2 0 16 88907 -1 -1 -1 -1 -1 -1)
#(0 126 572 59 0 3 0 17 91444 -1 -1 -1 -1 -1 -1)
#(0 126 1597 20 0 0 0 19 100653 -1 -1 -1 -1 -1 -1)
#(0 126 184 61 0 2 0 24 130005 -1 -1 -1 -1 -1 -1)
#(0 126 187 57 0 1 0 26 141341 -1 -1 -1 -1 -1 -1)
#(0 126 573 67 0 1 0 32 171626 -1 -1 -1 -1 -1 -1)
#(0 126 943 67 0 3 0 37 200199 -1 -1 -1 -1 -1 -1)
#(0 126 956 61 0 2 0 38 205496 -1 -1 -1 -1 -1 -1)
#(0 126 1291 37 0 1 0 43 228939 -1 -1 -1 -1 -1 -1)
#(0 126 1289 27 0 2 0 53 281241 -1 -1 -1 -1 -1 -1)
#(0 126 958 51 0 3 0 54 288753 -1 -1 -1 -1 -1 -1)
#(0 126 578 68 0 2 0 55 293005 -1 -1 -1 -1 -1 -1)
#(0 126 1286 47 0 1 0 55 292845 -1 -1 -1 -1 -1 -1)
#(0 126 1284 49 0 1 0 64 340446 -1 -1 -1 -1 -1 -1)
#(0 126 1285 36 0 2 1 99 526120 -1 -1 -1 -1 -1 -1)
#(0 126 1603 24 0 0 1 98 522331 -1 -1 -1 -1 -1 -1)
#(0 126 193 59 0 2 1 98 518220 -1 -1 -1 -1 -1 -1)
#(0 126 199 69 0 3 1 95 505913 -1 -1 -1 -1 -1 -1)
#(0 126 1596 25 0 0 1 91 485342 -1 -1 -1 -1 -1 -1)
#(0 126 191 59 0 2 1 91 481346 -1 -1 -1 -1 -1 -1)
#(0 126 1290 44 0 1 1 89 472870 -1 -1 -1 -1 -1 -1)
#(0 126 1287 42 0 2 1 88 467759 -1 -1 -1 -1 -1 -1)
#(0 126 952 55 0 2 1 87 460682 -1 -1 -1 -1 -1 -1)
#(0 126 195 64 0 1 1 87 459735 -1 -1 -1 -1 -1 -1)
#(0 126 949 55 0 3 1 84 444795 -1 -1 -1 -1 -1 -1)
#(0 126 963 59 0 2 1 81 428633 -1 -1 -1 -1 -1 -1)
#(0 126 190 59 0 2 1 78 412050 -1 -1 -1 -1 -1 -1)
#(3 126 190 -1 0 -1 -1 -1 -1 37 -1 -1 -1 -1 52)
#(0 126 950 57 0 3 1 74 391183 -1 -1 -1 -1 -1 -1)
#(0 126 1280 35 0 3 1 71 378348 -1 -1 -1 -1 -1 -1)
#(0 126 196 64 0 2 1 67 354151 -1 -1 -1 -1 -1 -1)
#(0 126 1292 29 0 2 1 65 346965 -1 -1 -1 -1 -1 -1)
#(0 126 960 54 0 2 1 64 339278 -1 -1 -1 -1 -1 -1)
#(0 126 1602 23 0 0 1 62 332271 -1 -1 -1 -1 -1 -1)
#(0 126 953 53 0 3 1 62 328336 -1 -1 -1 -1 -1 -1)
#(0 126 1595 25 0 0 1 60 321656 -1 -1 -1 -1 -1 -1)
#(0 126 1281 32 0 3 1 57 304627 -1 -1 -1 -1 -1 -1)
#(0 126 188 65 0 3 1 55 295410 -1 -1 -1 -1 -1 -1)
#(0 126 189 44 0 1 1 52 278219 -1 -1 -1 -1 -1 -1)
#(0 126 577 51 0 1 1 50 268765 -1 -1 -1 -1 -1 -1)
#(0 126 576 44 0 2 1 49 259181 -1 -1 -1 -1 -1 -1)
#(0 126 959 54 0 1 1 47 249529 -1 -1 -1 -1 -1 -1)
#(0 126 574 67 0 2 1 42 224078 -1 -1 -1 -1 -1 -1)
#(0 126 198 44 0 2 1 36 193787 -1 -1 -1 -1 -1 -1)
#(0 126 1283 35 0 1 1 35 188231 -1 -1 -1 -1 -1 -1)
#(0 126 194 60 0 4 1 34 180070 -1 -1 -1 -1 -1 -1)
#(0 126 1282 32 0 2 1 29 156773 -1 -1 -1 -1 -1 -1)
#(0 126 186 59 0 1 1 27 143420 -1 -1 -1 -1 -1 -1)
#(0 126 1600 20 0 0 1 15 84147 -1 -1 -1 -1 -1 -1)
#(0 127 1611 20 0 0 0 2 10887 -1 -1 -1 -1 -1 -1)
#(0 127 968 57 0 2 0 3 19911 -1 -1 -1 -1 -1 -1)
#(0 127 964 74 0 1 0 4 25700 -1 -1 -1 -1 -1 -1)
#(0 127 205 63 0 2 0 5 26717 -1 -1 -1 -1 -1 -1)
#(0 127 580 57 0 3 0 5 27556 -1 -1 -1 -1 -1 -1)
#(0 127 1303 35 0 3 0 10 54667 -1 -1 -1 -1 -1 -1)
#(0 127 585 60 0 2 0 11 61215 -1 -1 -1 -1 -1 -1)
#(0 127 1299 30 0 2 0 11 59544 -1 -1 -1 -1 -1 -1)
#(0 127 206 68 0 3 0 12 64643 -1 -1 -1 -1 -1 -1)
#(0 127 200 44 0 2 0 13 70245 -1 -1 -1 -1 -1 -1)
#(0 127 587 74 0 2 0 16 86325 -1 -1 -1 -1 -1 -1)
#(0 127 216 51 0 3 0 17 93755 -1 -1 -1 -1 -1 -1)
#(0 127 213 64 0 2 0 18 100288 -1 -1 -1 -1 -1 -1)
#(2 127 213 -1 -1 -1 -1 -1 -1 38 -1 -1 -1 -1 -1)
#(0 127 1296 31 0 1 0 20 107236 -1 -1 -1 -1 -1 -1)
#(0 127 208 61 0 2 0 21 110956 -1 -1 -1 -1 -1 -1)
#(0 127 202 51 0 2 0 24 129368 -1 -1 -1 -1 -1 -1)
#(0 127 1612 26 0 0 0 25 132437 -1 -1 -1 -1 -1 -1)
#(0 127 1293 47 0 1 0 26 139740 -1 -1 -1 -1 -1 -1)
#(0 127 1306 46 0 3 0 28 150232 -1 -1 -1 -1 -1 -1)
#(0 127 218 55 0 2 0 31 167113 -1 -1 -1 -1 -1 -1)
#(0 127 591 57 0 1 0 35 186346 -1 -1 -1 -1 -1 -1)
#(0 127 569 61 0 2 0 37 196222 -1 -1 -1 -1 -1 -1)
#(0 127 976 61 0 2 0 38 205228 -1 -1 -1 -1 -1 -1)
#(0 127 1613 23 0 0 0 40 211577 -1 -1 -1 -1 -1 -1)
#(0 127 979 44 0 2 0 42 224798 -1 -1 -1 -1 -1 -1)
#(0 127 1297 43 0 3 0 45 239881 -1 -1 -1 -1 -1 -1)
#(0 127 978 75 0 2 0 47 248772 -1 -1 -1 -1 -1 -1)
#(0 127 582 59 0 2 0 54 286875 -1 -1 -1 -1 -1 -1)
#(0 127 214 59 0 3 0 56 300166 -1 -1 -1 -1 -1 -1)
#(0 127 583 62 0 2 0 69 366606 -1 -1 -1 -1 -1 -1)
#(0 127 980 70 0 2 0 71 375131 -1 -1 -1 -1 -1 -1)
#(0 127 1304 34 0 2 1 99 526224 -1 -1 -1 -1 -1 -1)
#(0 127 197 50 0 2 1 98 519921 -1 -1 -1 -1 -1 -1)
#(0 127 1288 20 0 0 1 97 516484 -1 -1 -1 -1 -1 -1)
#(0 127 207 44 0 3 1 94 500066 -1 -1 -1 -1 -1 -1)
#(0 127 588 44 0 2 1 93 491389 -1 -1 -1 -1 -1 -1)
#(0 127 1608 20 0 0 1 92 490704 -1 -1 -1 -1 -1 -1)
#(0 127 1599 25 0 0 1 91 485345 -1 -1 -1 -1 -1 -1)
#(0 127 1298 27 0 2 1 88 468537 -1 -1 -1 -1 -1 -1)
#(0 127 212 57 0 1 1 86 455488 -1 -1 -1 -1 -1 -1)
#(0 127 177 54 0 3 1 81 430587 -1 -1 -1 -1 -1 -1)
#(0 127 579 49 0 2 1 76 406120 -1 -1 -1 -1 -1 -1)
#(0 127 1301 30 0 3 1 76 404989 -1 -1 -1 -1 -1 -1)
#(0 127 974 51 0 2 1 74 392326 -1 -1 -1 -1 -1 -1)
#(0 127 590 57 0 3 1 74 394531 -1 -1 -1 -1 -1 -1)
#(0 127 584 44 0 2 1 74 391083 -1 -1 -1 -1 -1 -1)
#(0 127 203 62 0 2 1 71 375264 -1 -1 -1 -1 -1 -1)
#(0 127 966 55 0 2 1 70 370814 -1 -1 -1 -1 -1 -1)
#(0 127 973 66 0 2 1 69 364707 -1 -1 -1 -1 -1 -1)
#(0 127 586 55 0 2 1 67 357922 -1 -1 -1 -1 -1 -1)
#(0 127 592 44 0 1 1 67 354199 -1 -1 -1 -1 -1 -1)
#(0 127 581 64 0 3 1 66 351092 -1 -1 -1 -1 -1 -1)
#(0 127 1295 28 0 2 1 66 352271 -1 -1 -1 -1 -1 -1)
#(0 127 970 51 0 2 1 63 334218 -1 -1 -1 -1 -1 -1)
#(0 127 1605 23 0 0 1 60 321702 -1 -1 -1 -1 -1 -1)
#(0 127 211 44 0 2 1 60 320494 -1 -1 -1 -1 -1 -1)
#(0 127 1294 44 0 1 1 58 309233 -1 -1 -1 -1 -1 -1)
#(0 127 965 69 0 3 1 55 290690 -1 -1 -1 -1 -1 -1)
#(0 127 1609 25 0 0 1 51 274143 -1 -1 -1 -1 -1 -1)
#(0 127 209 44 0 2 1 51 273013 -1 -1 -1 -1 -1 -1)
#(0 127 1302 39 0 1 1 49 262014 -1 -1 -1 -1 -1 -1)
#(0 127 971 62 0 1 1 49 259273 -1 -1 -1 -1 -1 -1)
#(0 127 1610 26 0 0 1 41 221326 -1 -1 -1 -1 -1 -1)
#(0 127 1607 34 0 0 1 31 168377 -1 -1 -1 -1 -1 -1)
#(0 127 1606 26 0 0 1 29 157961 -1 -1 -1 -1 -1 -1)
#(0 127 972 57 0 1 1 23 122383 -1 -1 -1 -1 -1 -1)
#(0 127 967 59 0 2 1 17 90711 -1 -1 -1 -1 -1 -1)
#(0 127 589 54 0 2 1 13 72808 -1 -1 -1 -1 -1 -1)
#(0 127 969 62 0 2 1 11 58516 -1 -1 -1 -1 -1 -1)
#(0 128 210 52 0 1 0 4 24317 -1 -1 -1 -1 -1 -1)
#(0 128 1621 25 0 0 0 6 32096 -1 -1 -1 -1 -1 -1)
#(0 128 601 58 0 2 0 6 33516 -1 -1 -1 -1 -1 -1)
#(0 128 1623 23 0 0 0 9 47896 -1 -1 -1 -1 -1 -1)
#(0 128 220 65 0 2 0 9 47883 -1 -1 -1 -1 -1 -1)
#(0 128 985 62 0 1 0 9 52147 -1 -1 -1 -1 -1 -1)
#(0 128 219 69 0 2 0 10 53177 -1 -1 -1 -1 -1 -1)
#(0 128 1624 25 0 0 0 13 69042 -1 -1 -1 -1 -1 -1)
#(0 128 201 70 0 2 0 13 73600 -1 -1 -1 -1 -1 -1)
#(0 128 599 57 0 3 0 14 75396 -1 -1 -1 -1 -1 -1)
#(0 128 1622 26 0 0 0 18 95474 -1 -1 -1 -1 -1 -1)
#(0 128 230 62 0 3 0 20 105654 -1 -1 -1 -1 -1 -1)
#(0 128 1307 31 0 2 0 20 107260 -1 -1 -1 -1 -1 -1)
#(0 128 227 60 0 3 0 20 110779 -1 -1 -1 -1 -1 -1)
#(0 128 597 51 0 2 0 23 122095 -1 -1 -1 -1 -1 -1)
#(0 128 224 57 0 1 0 32 172965 -1 -1 -1 -1 -1 -1)
#(0 128 1614 27 0 0 0 34 179982 -1 -1 -1 -1 -1 -1)
#(0 128 1313 45 0 1 0 36 192388 -1 -1 -1 -1 -1 -1)
#(0 128 1312 40 0 2 0 37 197425 -1 -1 -1 -1 -1 -1)
#(0 128 1625 28 0 0 0 38 201113 -1 -1 -1 -1 -1 -1)
#(0 128 1316 40 0 3 0 38 202707 -1 -1 -1 -1 -1 -1)
#(0 128 222 64 0 2 0 38 205884 -1 -1 -1 -1 -1 -1)
#(0 128 1308 41 0 2 0 40 213435 -1 -1 -1 -1 -1 -1)
#(0 128 225 65 0 1 0 45 238060 -1 -1 -1 -1 -1 -1)
#(0 128 595 35 0 4 0 48 258394 -1 -1 -1 -1 -1 -1)
#(0 128 1617 34 0 0 0 52 275146 -1 -1 -1 -1 -1 -1)
#(0 128 604 59 0 2 0 55 292182 -1 -1 -1 -1 -1 -1)
#(0 128 1628 26 0 0 0 57 301367 -1 -1 -1 -1 -1 -1)
#(0 128 605 57 0 3 0 61 323533 -1 -1 -1 -1 -1 -1)
#(0 128 596 51 0 2 0 70 370178 -1 -1 -1 -1 -1 -1)
#(0 128 602 67 0 2 0 80 425205 -1 -1 -1 -1 -1 -1)
#(0 128 983 60 0 2 1 96 507497 -1 -1 -1 -1 -1 -1)
#(0 128 981 50 0 1 1 94 497592 -1 -1 -1 -1 -1 -1)
#(0 128 594 63 0 1 1 93 493829 -1 -1 -1 -1 -1 -1)
#(0 128 1311 31 0 2 1 93 494629 -1 -1 -1 -1 -1 -1)
#(0 128 989 44 0 2 1 92 488101 -1 -1 -1 -1 -1 -1)
#(0 128 1604 25 0 0 1 91 485365 -1 -1 -1 -1 -1 -1)
#(0 128 1310 49 0 3 1 91 483213 -1 -1 -1 -1 -1 -1)
#(0 128 226 67 0 1 1 91 480666 -1 -1 -1 -1 -1 -1)
#(0 128 606 62 0 2 1 89 473419 -1 -1 -1 -1 -1 -1)
#(0 128 229 59 0 2 1 89 470859 -1 -1 -1 -1 -1 -1)
#(0 128 1618 28 0 0 1 88 469442 -1 -1 -1 -1 -1 -1)
#(0 128 990 69 0 1 1 85 453826 -1 -1 -1 -1 -1 -1)
#(0 128 221 64 0 2 1 83 438458 -1 -1 -1 -1 -1 -1)
#(0 128 1317 32 0 1 1 82 436607 -1 -1 -1 -1 -1 -1)
#(0 128 231 67 0 2 1 81 428792 -1 -1 -1 -1 -1 -1)
#(0 128 993 58 0 2 1 81 428659 -1 -1 -1 -1 -1 -1)
#(0 128 1309 33 0 2 1 75 399480 -1 -1 -1 -1 -1 -1)
#(0 128 1615 31 0 0 1 71 379624 -1 -1 -1 -1 -1 -1)
#(0 128 1620 34 0 0 1 65 347895 -1 -1 -1 -1 -1 -1)
#(0 128 1619 27 0 0 1 64 342742 -1 -1 -1 -1 -1 -1)
#(0 128 977 54 0 2 1 64 339424 -1 -1 -1 -1 -1 -1)
#(0 128 975 57 0 2 1 63 334080 -1 -1 -1 -1 -1 -1)
#(0 128 991 54 0 2 1 62 328618 -1 -1 -1 -1 -1 -1)
#(0 128 1616 34 0 0 1 61 326777 -1 -1 -1 -1 -1 -1)
#(0 128 607 63 0 2 1 61 325103 -1 -1 -1 -1 -1 -1)
#(0 128 1627 20 0 0 1 58 311202 -1 -1 -1 -1 -1 -1)
#(0 128 1300 31 0 2 1 57 304644 -1 -1 -1 -1 -1 -1)
#(0 128 984 57 0 1 1 50 264982 -1 -1 -1 -1 -1 -1)
#(0 128 961 66 0 2 1 47 248791 -1 -1 -1 -1 -1 -1)
#(0 128 982 74 0 2 1 42 226440 -1 -1 -1 -1 -1 -1)
#(0 128 987 55 0 2 1 42 223030 -1 -1 -1 -1 -1 -1)
#(0 128 593 67 0 2 1 39 208292 -1 -1 -1 -1 -1 -1)
#(0 128 1626 27 0 0 1 36 194926 -1 -1 -1 -1 -1 -1)
#(0 128 598 61 0 3 1 30 161596 -1 -1 -1 -1 -1 -1)
#(0 128 1314 29 0 2 1 29 156935 -1 -1 -1 -1 -1 -1)
#(0 128 603 44 0 2 1 22 116507 -1 -1 -1 -1 -1 -1)
#(0 129 234 52 0 2 0 1 8173 -1 -1 -1 -1 -1 -1)
#(0 129 1318 26 0 2 0 1 6636 -1 -1 -1 -1 -1 -1)
#(0 129 1631 25 0 0 0 3 16262 -1 -1 -1 -1 -1 -1)
#(0 129 1003 48 0 2 0 4 24488 -1 -1 -1 -1 -1 -1)
#(0 129 613 49 0 2 0 5 27004 -1 -1 -1 -1 -1 -1)
#(0 129 243 60 0 3 0 8 46729 -1 -1 -1 -1 -1 -1)
#(0 129 992 57 0 1 0 9 51728 -1 -1 -1 -1 -1 -1)
#(0 129 1633 20 0 0 0 11 58408 -1 -1 -1 -1 -1 -1)
#(0 129 204 44 0 2 0 13 70196 -1 -1 -1 -1 -1 -1)
#(0 129 614 44 0 2 0 14 78804 -1 -1 -1 -1 -1 -1)
#(0 129 1635 29 0 0 0 20 106089 -1 -1 -1 -1 -1 -1)
#(0 129 1000 68 0 2 0 23 126577 -1 -1 -1 -1 -1 -1)
#(0 129 622 58 0 2 0 27 144235 -1 -1 -1 -1 -1 -1)
#(0 129 235 62 0 2 0 27 147431 -1 -1 -1 -1 -1 -1)
#(0 129 612 64 0 2 0 28 150424 -1 -1 -1 -1 -1 -1)
#(0 129 1319 28 0 2 0 29 154605 -1 -1 -1 -1 -1 -1)
#(0 129 619 59 0 2 0 30 160085 -1 -1 -1 -1 -1 -1)
#(0 129 1632 32 0 0 0 32 169495 -1 -1 -1 -1 -1 -1)
#(0 129 1629 32 0 0 0 33 174790 -1 -1 -1 -1 -1 -1)
#(0 129 241 61 0 2 0 33 179104 -1 -1 -1 -1 -1 -1)
#(0 129 616 44 0 3 0 34 184280 -1 -1 -1 -1 -1 -1)
#(0 129 1315 26 0 3 0 36 191408 -1 -1 -1 -1 -1 -1)
#(0 129 999 42 0 2 0 40 214075 -1 -1 -1 -1 -1 -1)
#(0 129 620 62 0 1 0 40 213460 -1 -1 -1 -1 -1 -1)
#(0 129 996 59 0 2 0 41 220836 -1 -1 -1 -1 -1 -1)
#(0 129 238 69 0 3 0 45 237799 -1 -1 -1 -1 -1 -1)
#(0 129 1634 23 0 0 0 47 248545 -1 -1 -1 -1 -1 -1)
#(0 129 1002 54 0 3 0 47 251979 -1 -1 -1 -1 -1 -1)
#(0 129 237 61 0 2 0 49 263552 -1 -1 -1 -1 -1 -1)
#(0 129 618 32 0 4 0 53 284997 -1 -1 -1 -1 -1 -1)
#(0 129 217 65 0 2 0 57 301307 -1 -1 -1 -1 -1 -1)
#(0 129 232 57 0 2 0 66 352427 -1 -1 -1 -1 -1 -1)
#(0 129 1320 43 0 3 0 68 361253 -1 -1 -1 -1 -1 -1)
#(0 129 609 55 0 2 0 71 376022 -1 -1 -1 -1 -1 -1)
#(0 129 621 62 0 2 0 73 387623 -1 -1 -1 -1 -1 -1)
#(0 129 1001 55 0 3 1 99 524080 -1 -1 -1 -1 -1 -1)
#(0 129 986 54 0 1 1 96 508278 -1 -1 -1 -1 -1 -1)
#(0 129 244 51 0 2 1 93 493470 -1 -1 -1 -1 -1 -1)
#(0 129 242 57 0 2 1 90 476791 -1 -1 -1 -1 -1 -1)
#(0 129 1004 62 0 1 1 90 475787 -1 -1 -1 -1 -1 -1)
#(0 129 1630 23 0 0 1 88 469540 -1 -1 -1 -1 -1 -1)
#(0 129 1305 26 0 2 1 88 468564 -1 -1 -1 -1 -1 -1)
#(0 129 223 74 0 3 1 85 453505 -1 -1 -1 -1 -1 -1)
#(0 129 233 63 0 2 1 85 448998 -1 -1 -1 -1 -1 -1)
#(0 129 610 57 0 2 1 83 442453 -1 -1 -1 -1 -1 -1)
#(0 129 611 44 0 1 1 81 428000 -1 -1 -1 -1 -1 -1)
#(0 129 998 42 0 2 1 76 403714 -1 -1 -1 -1 -1 -1)
#(0 129 1637 32 0 0 1 71 379651 -1 -1 -1 -1 -1 -1)
#(0 129 600 64 0 1 1 66 352846 -1 -1 -1 -1 -1 -1)
#(0 129 1321 27 0 3 1 66 352377 -1 -1 -1 -1 -1 -1)
#(0 129 994 44 0 1 1 60 319087 -1 -1 -1 -1 -1 -1)
#(0 129 1636 30 0 0 1 56 300455 -1 -1 -1 -1 -1 -1)
#(0 129 236 67 0 3 1 56 300316 -1 -1 -1 -1 -1 -1)
#(0 129 617 54 0 2 1 51 273410 -1 -1 -1 -1 -1 -1)
#(0 129 608 59 0 2 1 42 225272 -1 -1 -1 -1 -1 -1)
#(0 129 997 64 0 2 1 29 153318 -1 -1 -1 -1 -1 -1)
#(0 129 995 67 0 3 1 17 94964 -1 -1 -1 -1 -1 -1)
#(0 130 1014 55 0 2 0 1 9381 -1 -1 -1 -1 -1 -1)
#(0 130 628 66 0 2 0 3 19009 -1 -1 -1 -1 -1 -1)
#(0 130 215 44 0 1 0 4 22682 -1 -1 -1 -1 -1 -1)
#(0 130 1642 23 0 0 0 6 32052 -1 -1 -1 -1 -1 -1)
#(0 130 625 51 0 3 0 6 32253 -1 -1 -1 -1 -1 -1)
#(0 130 250 63 0 3 0 10 56715 -1 -1 -1 -1 -1 -1)
#(0 130 631 57 0 2 0 11 59599 -1 -1 -1 -1 -1 -1)
#(0 130 1007 65 0 2 0 12 63370 -1 -1 -1 -1 -1 -1)
#(0 130 1015 72 0 2 0 13 68705 -1 -1 -1 -1 -1 -1)
#(0 130 1329 48 0 1 0 14 76481 -1 -1 -1 -1 -1 -1)
#(0 130 1648 26 0 0 0 16 84902 -1 -1 -1 -1 -1 -1)
#(0 130 635 63 0 3 0 21 111607 -1 -1 -1 -1 -1 -1)
#(0 130 254 58 0 1 0 21 114509 -1 -1 -1 -1 -1 -1)
#(0 130 248 51 0 2 0 22 118905 -1 -1 -1 -1 -1 -1)
#(0 130 1644 25 0 0 0 27 142966 -1 -1 -1 -1 -1 -1)
#(0 130 228 75 0 1 0 39 207400 -1 -1 -1 -1 -1 -1)
#(0 130 1006 64 0 1 0 39 210902 -1 -1 -1 -1 -1 -1)
#(0 130 246 59 0 1 0 44 236583 -1 -1 -1 -1 -1 -1)
#(0 130 1016 54 0 1 0 45 241190 -1 -1 -1 -1 -1 -1)
#(0 130 251 57 0 1 0 47 252107 -1 -1 -1 -1 -1 -1)
#(0 130 245 57 0 2 0 57 305089 -1 -1 -1 -1 -1 -1)
#(0 130 1326 31 0 2 0 58 307829 -1 -1 -1 -1 -1 -1)
#(0 130 1641 20 0 0 0 60 317136 -1 -1 -1 -1 -1 -1)
#(0 130 1638 32 0 0 0 66 349024 -1 -1 -1 -1 -1 -1)
#(0 130 1008 70 0 1 0 73 385773 -1 -1 -1 -1 -1 -1)
#(0 130 1324 45 0 2 1 98 520390 -1 -1 -1 -1 -1 -1)
#(0 130 1005 58 0 3 1 93 491866 -1 -1 -1 -1 -1 -1)
#(0 130 1009 46 0 2 1 92 488017 -1 -1 -1 -1 -1 -1)
#(0 130 633 54 0 2 1 91 484749 -1 -1 -1 -1 -1 -1)
#(0 130 627 57 0 2 1 90 479018 -1 -1 -1 -1 -1 -1)
#(0 130 1012 57 0 1 1 89 470913 -1 -1 -1 -1 -1 -1)
#(0 130 632 51 0 1 1 88 469291 -1 -1 -1 -1 -1 -1)
#(0 130 1646 26 0 0 1 86 458937 -1 -1 -1 -1 -1 -1)
#(0 130 1327 34 0 3 1 78 415345 -1 -1 -1 -1 -1 -1)
#(0 130 634 57 0 2 1 77 410358 -1 -1 -1 -1 -1 -1)
#(0 130 252 59 0 2 1 74 391783 -1 -1 -1 -1 -1 -1)
#(0 130 1640 28 0 0 1 68 363842 -1 -1 -1 -1 -1 -1)
#(0 130 1647 32 0 0 1 65 347953 -1 -1 -1 -1 -1 -1)
#(0 130 255 66 0 1 1 65 347923 -1 -1 -1 -1 -1 -1)
#(0 130 1645 25 0 0 1 62 332219 -1 -1 -1 -1 -1 -1)
#(0 130 1011 65 0 2 1 62 327835 -1 -1 -1 -1 -1 -1)
#(0 130 626 56 0 2 1 60 320644 -1 -1 -1 -1 -1 -1)
#(0 130 253 59 0 2 1 59 312476 -1 -1 -1 -1 -1 -1)
#(0 130 1328 41 0 2 1 58 309435 -1 -1 -1 -1 -1 -1)
#(0 130 1322 30 0 2 1 55 294126 -1 -1 -1 -1 -1 -1)
#(0 130 1639 28 0 0 1 52 279362 -1 -1 -1 -1 -1 -1)
#(0 130 624 62 0 3 1 50 267865 -1 -1 -1 -1 -1 -1)
#(0 130 988 70 0 3 1 50 264148 -1 -1 -1 -1 -1 -1)
#(0 130 1330 37 0 2 1 49 262087 -1 -1 -1 -1 -1 -1)
#(0 130 630 55 0 3 1 39 210096 -1 -1 -1 -1 -1 -1)
#(0 130 1643 25 0 0 1 19 105197 -1 -1 -1 -1 -1 -1)
#(0 131 1021 62 0 3 0 0 4326 -1 -1 -1 -1 -1 -1)
#(0 131 263 53 0 2 0 1 8611 -1 -1 -1 -1 -1 -1)
#(0 131 1020 58 0 1 0 1 9626 -1 -1 -1 -1 -1 -1)
#(0 131 1013 48 0 2 0 4 24510 -1 -1 -1 -1 -1 -1)
#(0 131 1338 41 0 3 0 6 33839 -1 -1 -1 -1 -1 -1)
#(0 131 644 54 0 2 0 8 43329 -1 -1 -1 -1 -1 -1)
#(0 131 1650 24 0 0 0 13 69045 -1 -1 -1 -1 -1 -1)
#(0 131 1026 45 0 3 0 14 77079 -1 -1 -1 -1 -1 -1)
#(0 131 1657 32 0 0 0 15 79728 -1 -1 -1 -1 -1 -1)
#(0 131 623 67 0 3 0 15 79805 -1 -1 -1 -1 -1 -1)
#(0 131 1336 27 0 2 0 15 80567 -1 -1 -1 -1 -1 -1)
#(0 131 640 51 0 3 0 16 85040 -1 -1 -1 -1 -1 -1)
#(0 131 1024 43 0 2 0 17 92653 -1 -1 -1 -1 -1 -1)
#(0 131 643 57 0 2 0 20 107344 -1 -1 -1 -1 -1 -1)
#(0 131 265 59 0 3 0 20 110010 -1 -1 -1 -1 -1 -1)
#(0 131 1656 32 0 0 0 23 121961 -1 -1 -1 -1 -1 -1)
#(0 131 262 53 0 3 0 24 129444 -1 -1 -1 -1 -1 -1)
#(0 131 1334 20 0 3 0 24 127766 -1 -1 -1 -1 -1 -1)
#(0 131 1659 26 0 0 0 28 148256 -1 -1 -1 -1 -1 -1)
#(0 131 1027 72 0 2 0 29 153881 -1 -1 -1 -1 -1 -1)
#(0 131 1323 28 0 2 0 29 154597 -1 -1 -1 -1 -1 -1)
#(0 131 270 62 0 2 0 30 163154 -1 -1 -1 -1 -1 -1)
#(0 131 1649 32 0 0 0 33 174790 -1 -1 -1 -1 -1 -1)
#(0 131 1658 28 0 0 0 35 185258 -1 -1 -1 -1 -1 -1)
#(0 131 239 73 0 3 0 39 206695 -1 -1 -1 -1 -1 -1)
#(0 131 1017 51 0 2 0 41 220074 -1 -1 -1 -1 -1 -1)
#(0 131 1025 55 0 2 0 44 236264 -1 -1 -1 -1 -1 -1)
#(0 131 646 59 0 2 0 49 260117 -1 -1 -1 -1 -1 -1)
#(0 131 1341 27 0 3 0 50 265367 -1 -1 -1 -1 -1 -1)
#(0 131 1018 51 0 2 0 53 283550 -1 -1 -1 -1 -1 -1)
#(0 131 1332 27 0 2 0 53 281232 -1 -1 -1 -1 -1 -1)
#(0 131 1651 26 0 0 0 55 290834 -1 -1 -1 -1 -1 -1)
#(0 131 249 59 0 2 0 57 305246 -1 -1 -1 -1 -1 -1)
#(0 131 1019 64 0 3 0 58 311271 -1 -1 -1 -1 -1 -1)
#(0 131 1652 26 0 0 0 62 327794 -1 -1 -1 -1 -1 -1)
#(0 131 1331 42 0 3 0 68 361261 -1 -1 -1 -1 -1 -1)
#(0 131 629 59 0 2 0 73 387078 -1 -1 -1 -1 -1 -1)
#(0 131 1335 40 0 1 0 82 435039 -1 -1 -1 -1 -1 -1)
#(0 131 1010 64 0 2 1 96 507798 -1 -1 -1 -1 -1 -1)
#(0 131 259 55 0 2 1 95 503273 -1 -1 -1 -1 -1 -1)
#(0 131 1340 35 0 2 1 95 505066 -1 -1 -1 -1 -1 -1)
#(0 131 636 44 0 1 1 94 500861 -1 -1 -1 -1 -1 -1)
#(0 131 258 60 0 2 1 94 497815 -1 -1 -1 -1 -1 -1)
#(0 131 1342 43 0 2 1 87 462419 -1 -1 -1 -1 -1 -1)
#(0 131 641 57 0 3 1 85 452534 -1 -1 -1 -1 -1 -1)
#(0 131 1022 65 0 2 1 82 432982 -1 -1 -1 -1 -1 -1)
#(0 131 267 48 0 3 1 81 431062 -1 -1 -1 -1 -1 -1)
#(0 131 1654 27 0 0 1 80 427234 -1 -1 -1 -1 -1 -1)
#(0 131 615 60 0 3 1 80 426741 -1 -1 -1 -1 -1 -1)
#(0 131 1333 41 0 1 1 79 420235 -1 -1 -1 -1 -1 -1)
#(0 131 1337 29 0 1 1 74 394445 -1 -1 -1 -1 -1 -1)
#(0 131 642 59 0 1 1 73 390103 -1 -1 -1 -1 -1 -1)
#(0 131 1339 40 0 3 1 73 388645 -1 -1 -1 -1 -1 -1)
#(0 131 261 67 0 2 1 72 384802 -1 -1 -1 -1 -1 -1)
#(0 131 638 51 0 1 1 69 368920 -1 -1 -1 -1 -1 -1)
#(0 131 1325 28 0 2 1 66 352318 -1 -1 -1 -1 -1 -1)
#(0 131 269 66 0 3 1 64 343018 -1 -1 -1 -1 -1 -1)
#(0 131 639 62 0 2 1 59 314563 -1 -1 -1 -1 -1 -1)
#(0 131 645 63 0 3 1 54 288013 -1 -1 -1 -1 -1 -1)
#(0 131 637 62 0 2 1 51 273076 -1 -1 -1 -1 -1 -1)
#(0 131 1655 30 0 0 1 44 237101 -1 -1 -1 -1 -1 -1)
#(0 131 257 67 0 2 1 39 210755 -1 -1 -1 -1 -1 -1)
#(0 131 1028 64 0 3 1 38 201022 -1 -1 -1 -1 -1 -1)
#(0 131 1023 64 0 2 1 34 179744 -1 -1 -1 -1 -1 -1)
#(0 131 268 68 0 1 1 33 178966 -1 -1 -1 -1 -1 -1)
#(0 131 260 59 0 2 1 17 90566 -1 -1 -1 -1 -1 -1)
#(2 131 260 -1 -1 -1 -1 -1 -1 39 -1 -1 -1 -1 -1)
#(0 132 282 61 0 3 0 3 20837 -1 -1 -1 -1 -1 -1)
#(0 132 247 49 0 3 0 4 24610 -1 -1 -1 -1 -1 -1)
#(0 132 1029 66 0 3 0 5 31372 -1 -1 -1 -1 -1 -1)
#(0 132 651 51 0 1 0 6 32172 -1 -1 -1 -1 -1 -1)
#(0 132 1352 41 0 1 0 7 39064 -1 -1 -1 -1 -1 -1)
#(0 132 1653 24 0 0 0 13 69023 -1 -1 -1 -1 -1 -1)
#(0 132 272 60 0 2 0 21 115526 -1 -1 -1 -1 -1 -1)
#(0 132 286 74 0 2 0 24 128202 -1 -1 -1 -1 -1 -1)
#(0 132 1667 29 0 0 0 25 132461 -1 -1 -1 -1 -1 -1)
#(0 132 650 57 0 2 0 26 138863 -1 -1 -1 -1 -1 -1)
#(0 132 1662 25 0 0 0 27 142990 -1 -1 -1 -1 -1 -1)
#(0 132 1663 34 0 0 0 32 169544 -1 -1 -1 -1 -1 -1)
#(0 132 274 69 0 3 0 32 169610 -1 -1 -1 -1 -1 -1)
#(0 132 1349 33 0 2 0 37 197070 -1 -1 -1 -1 -1 -1)
#(0 132 287 64 0 2 0 37 199969 -1 -1 -1 -1 -1 -1)
#(0 132 653 60 0 1 0 38 202813 -1 -1 -1 -1 -1 -1)
#(0 132 1351 26 0 2 0 39 207264 -1 -1 -1 -1 -1 -1)
#(0 132 1350 20 0 3 0 42 222787 -1 -1 -1 -1 -1 -1)
#(0 132 1345 32 0 2 0 48 255091 -1 -1 -1 -1 -1 -1)
#(0 132 658 59 0 2 0 52 276408 -1 -1 -1 -1 -1 -1)
#(0 132 657 59 0 3 0 53 281641 -1 -1 -1 -1 -1 -1)
#(0 132 655 55 0 2 0 57 302213 -1 -1 -1 -1 -1 -1)
#(0 132 273 51 0 3 0 58 309163 -1 -1 -1 -1 -1 -1)
#(0 132 1347 38 0 1 0 59 313488 -1 -1 -1 -1 -1 -1)
#(0 132 649 54 0 2 0 64 339108 -1 -1 -1 -1 -1 -1)
#(0 132 1348 43 0 2 0 67 356015 -1 -1 -1 -1 -1 -1)
#(0 132 288 67 0 1 0 68 359552 -1 -1 -1 -1 -1 -1)
#(0 132 1661 34 0 0 0 83 438822 -1 -1 -1 -1 -1 -1)
#(0 132 1344 34 0 2 1 99 526202 -1 -1 -1 -1 -1 -1)
#(0 132 277 51 0 2 1 98 519301 -1 -1 -1 -1 -1 -1)
#(0 132 275 44 0 2 1 97 515924 -1 -1 -1 -1 -1 -1)
#(0 132 656 65 0 2 1 96 509236 -1 -1 -1 -1 -1 -1)
#(0 132 1346 43 0 3 1 96 509944 -1 -1 -1 -1 -1 -1)
#(0 132 1666 32 0 0 1 94 501082 -1 -1 -1 -1 -1 -1)
#(0 132 662 57 0 2 1 91 484691 -1 -1 -1 -1 -1 -1)
#(0 132 1660 28 0 0 1 84 448322 -1 -1 -1 -1 -1 -1)
#(0 132 281 54 0 2 1 84 444587 -1 -1 -1 -1 -1 -1)
#(0 132 659 56 0 2 1 84 447038 -1 -1 -1 -1 -1 -1)
#(0 132 279 57 0 1 1 82 434147 -1 -1 -1 -1 -1 -1)
#(0 132 661 57 0 2 1 80 427108 -1 -1 -1 -1 -1 -1)
#(0 132 1665 34 0 0 1 74 395431 -1 -1 -1 -1 -1 -1)
#(0 132 256 63 0 1 1 74 391555 -1 -1 -1 -1 -1 -1)
#(0 132 264 51 0 1 1 73 387957 -1 -1 -1 -1 -1 -1)
#(0 132 276 57 0 2 1 70 370580 -1 -1 -1 -1 -1 -1)
#(0 132 1664 26 0 0 1 69 369173 -1 -1 -1 -1 -1 -1)
#(0 132 285 72 0 1 1 65 346970 -1 -1 -1 -1 -1 -1)
#(0 132 1031 59 0 3 1 62 328361 -1 -1 -1 -1 -1 -1)
#(0 132 660 48 0 1 1 57 304983 -1 -1 -1 -1 -1 -1)
#(0 132 654 58 0 2 1 51 273231 -1 -1 -1 -1 -1 -1)
#(0 132 652 59 0 2 1 50 268063 -1 -1 -1 -1 -1 -1)
#(0 132 1353 29 0 2 1 48 257218 -1 -1 -1 -1 -1 -1)
#(0 132 1343 39 0 2 1 47 251442 -1 -1 -1 -1 -1 -1)
#(0 132 1030 57 0 2 1 40 212170 -1 -1 -1 -1 -1 -1)
#(0 132 1032 67 0 2 1 36 190151 -1 -1 -1 -1 -1 -1)
#(0 132 271 66 0 2 1 23 126292 -1 -1 -1 -1 -1 -1)
#(0 132 648 67 0 2 1 20 107820 -1 -1 -1 -1 -1 -1)
#(0 132 283 75 0 2 1 15 82235 -1 -1 -1 -1 -1 -1)
#(0 132 284 51 0 3 1 12 65785 -1 -1 -1 -1 -1 -1)
#(0 133 1356 33 0 1 0 0 1729 -1 -1 -1 -1 -1 -1)
#(0 133 280 60 0 3 0 1 9337 -1 -1 -1 -1 -1 -1)
#(0 133 1672 25 0 0 0 3 16247 -1 -1 -1 -1 -1 -1)
#(0 133 663 73 0 2 0 3 19127 -1 -1 -1 -1 -1 -1)
#(0 133 1033 47 0 2 0 4 24302 -1 -1 -1 -1 -1 -1)
#(0 133 671 59 0 3 0 4 22336 -1 -1 -1 -1 -1 -1)
#(0 133 293 59 0 2 0 11 62586 -1 -1 -1 -1 -1 -1)
#(0 133 291 44 0 1 0 13 70184 -1 -1 -1 -1 -1 -1)
#(0 133 647 61 0 2 0 16 85516 -1 -1 -1 -1 -1 -1)
#(0 133 1354 29 0 2 0 19 101801 -1 -1 -1 -1 -1 -1)
#(0 133 296 55 0 1 0 28 151345 -1 -1 -1 -1 -1 -1)
#(0 133 1036 64 0 3 0 35 189688 -1 -1 -1 -1 -1 -1)
#(0 133 1042 53 0 2 0 45 241123 -1 -1 -1 -1 -1 -1)
#(0 133 1358 40 0 3 0 54 287238 -1 -1 -1 -1 -1 -1)
#(0 133 301 55 0 2 0 58 309500 -1 -1 -1 -1 -1 -1)
#(0 133 669 61 0 2 0 61 323863 -1 -1 -1 -1 -1 -1)
#(0 133 1034 75 0 2 0 62 328072 -1 -1 -1 -1 -1 -1)
#(0 133 295 67 0 3 0 62 328060 -1 -1 -1 -1 -1 -1)
#(0 133 1035 51 0 2 0 79 420795 -1 -1 -1 -1 -1 -1)
#(0 133 664 57 0 2 0 84 445005 -1 -1 -1 -1 -1 -1)
#(0 133 1670 32 0 0 1 99 527455 -1 -1 -1 -1 -1 -1)
#(0 133 670 61 0 2 1 97 515374 -1 -1 -1 -1 -1 -1)
#(0 133 1039 55 0 3 1 95 502950 -1 -1 -1 -1 -1 -1)
#(0 133 1669 23 0 0 1 91 485374 -1 -1 -1 -1 -1 -1)
#(0 133 1675 20 0 0 1 90 480159 -1 -1 -1 -1 -1 -1)
#(0 133 1357 37 0 3 1 89 473270 -1 -1 -1 -1 -1 -1)
#(0 133 1668 26 0 0 1 87 464195 -1 -1 -1 -1 -1 -1)
#(0 133 673 59 0 3 1 87 462931 -1 -1 -1 -1 -1 -1)
#(0 133 1673 27 0 0 1 86 458907 -1 -1 -1 -1 -1 -1)
#(0 133 294 64 0 1 1 85 448951 -1 -1 -1 -1 -1 -1)
#(0 133 665 60 0 2 1 82 435459 -1 -1 -1 -1 -1 -1)
#(0 133 1355 38 0 2 1 73 388674 -1 -1 -1 -1 -1 -1)
#(0 133 1678 23 0 0 1 70 374516 -1 -1 -1 -1 -1 -1)
#(0 133 298 44 0 1 1 68 362774 -1 -1 -1 -1 -1 -1)
#(0 133 672 54 0 2 1 67 357492 -1 -1 -1 -1 -1 -1)
#(0 133 1359 21 0 3 1 67 357997 -1 -1 -1 -1 -1 -1)
#(0 133 289 64 0 3 1 66 348643 -1 -1 -1 -1 -1 -1)
#(0 133 1040 53 0 1 1 60 318579 -1 -1 -1 -1 -1 -1)
#(0 133 667 59 0 3 1 58 309642 -1 -1 -1 -1 -1 -1)
#(0 133 1674 29 0 0 1 56 300484 -1 -1 -1 -1 -1 -1)
#(0 133 666 71 0 2 1 56 297234 -1 -1 -1 -1 -1 -1)
#(0 133 297 58 0 3 1 55 290846 -1 -1 -1 -1 -1 -1)
#(0 133 1041 68 0 2 1 51 274515 -1 -1 -1 -1 -1 -1)
#(0 133 1677 29 0 0 1 41 221295 -1 -1 -1 -1 -1 -1)
#(0 133 300 67 0 1 1 39 210502 -1 -1 -1 -1 -1 -1)
#(0 133 674 62 0 2 1 37 197813 -1 -1 -1 -1 -1 -1)
#(0 133 292 59 0 3 1 35 185834 -1 -1 -1 -1 -1 -1)
#(0 133 675 70 0 1 1 34 181323 -1 -1 -1 -1 -1 -1)
#(0 133 676 44 0 2 1 28 148204 -1 -1 -1 -1 -1 -1)
#(0 133 1676 25 0 0 1 24 131599 -1 -1 -1 -1 -1 -1)
#(0 133 290 57 0 3 1 23 122654 -1 -1 -1 -1 -1 -1)
#(0 134 1369 27 0 3 0 0 1363 -1 -1 -1 -1 -1 -1)
#(0 134 1043 51 0 2 0 4 24463 -1 -1 -1 -1 -1 -1)
#(0 134 1364 28 0 2 0 5 27833 -1 -1 -1 -1 -1 -1)
#(0 134 1054 51 0 2 0 6 35297 -1 -1 -1 -1 -1 -1)
#(0 134 1365 38 0 1 0 7 38940 -1 -1 -1 -1 -1 -1)
#(0 134 305 60 0 2 0 9 51977 -1 -1 -1 -1 -1 -1)
#(0 134 1687 28 0 0 0 10 53251 -1 -1 -1 -1 -1 -1)
#(0 134 689 57 0 2 0 14 75290 -1 -1 -1 -1 -1 -1)
#(0 134 1045 51 0 1 0 16 88171 -1 -1 -1 -1 -1 -1)
#(0 134 1055 58 0 1 0 17 93418 -1 -1 -1 -1 -1 -1)
#(0 134 302 55 0 3 0 17 93333 -1 -1 -1 -1 -1 -1)
#(0 134 692 59 0 1 0 17 91592 -1 -1 -1 -1 -1 -1)
#(0 134 1368 35 0 2 0 17 91582 -1 -1 -1 -1 -1 -1)
#(0 134 684 44 0 2 0 18 99989 -1 -1 -1 -1 -1 -1)
#(0 134 1053 62 0 2 0 19 105076 -1 -1 -1 -1 -1 -1)
#(0 134 1044 57 0 2 0 21 110920 -1 -1 -1 -1 -1 -1)
#(0 134 680 63 0 2 0 22 118668 -1 -1 -1 -1 -1 -1)
#(0 134 688 59 0 2 0 25 133058 -1 -1 -1 -1 -1 -1)
#(0 134 1057 51 0 2 0 33 177876 -1 -1 -1 -1 -1 -1)
#(0 134 312 43 0 1 0 34 183581 -1 -1 -1 -1 -1 -1)
#(0 134 1037 72 0 2 0 36 190125 -1 -1 -1 -1 -1 -1)
#(0 134 1049 44 0 2 0 38 203601 -1 -1 -1 -1 -1 -1)
#(0 134 693 59 0 1 0 38 202434 -1 -1 -1 -1 -1 -1)
#(0 134 1683 28 0 0 0 39 206391 -1 -1 -1 -1 -1 -1)
#(0 134 678 51 0 2 0 43 227652 -1 -1 -1 -1 -1 -1)
#(0 134 303 59 0 4 0 44 236676 -1 -1 -1 -1 -1 -1)
#(0 134 1363 37 0 3 0 44 234228 -1 -1 -1 -1 -1 -1)
#(0 134 310 54 0 2 0 45 241049 -1 -1 -1 -1 -1 -1)
#(0 134 311 50 0 3 0 56 299845 -1 -1 -1 -1 -1 -1)
#(0 134 1361 38 0 2 0 57 302927 -1 -1 -1 -1 -1 -1)
#(0 134 1685 20 0 0 0 60 317124 -1 -1 -1 -1 -1 -1)
#(0 134 1038 55 0 1 0 61 326059 -1 -1 -1 -1 -1 -1)
#(0 134 307 64 0 2 0 67 358913 -1 -1 -1 -1 -1 -1)
#(0 134 1684 32 0 0 0 75 396529 -1 -1 -1 -1 -1 -1)
#(0 134 1671 27 0 0 1 99 527550 -1 -1 -1 -1 -1 -1)
#(0 134 278 64 0 1 1 97 513657 -1 -1 -1 -1 -1 -1)
#(0 134 687 44 0 2 1 94 496755 -1 -1 -1 -1 -1 -1)
#(0 134 1050 56 0 1 1 92 487361 -1 -1 -1 -1 -1 -1)
#(0 134 685 64 0 3 1 92 489903 -1 -1 -1 -1 -1 -1)
#(0 134 677 51 0 2 1 91 485256 -1 -1 -1 -1 -1 -1)
#(0 134 681 48 0 2 1 89 474623 -1 -1 -1 -1 -1 -1)
#(0 134 1682 20 0 0 1 88 469591 -1 -1 -1 -1 -1 -1)
#(0 134 306 51 0 2 1 88 467014 -1 -1 -1 -1 -1 -1)
#(0 134 668 64 0 1 1 84 446603 -1 -1 -1 -1 -1 -1)
#(0 134 1680 29 0 0 1 82 437744 -1 -1 -1 -1 -1 -1)
#(0 134 679 65 0 1 1 82 435428 -1 -1 -1 -1 -1 -1)
#(0 134 299 58 0 2 1 81 430116 -1 -1 -1 -1 -1 -1)
#(0 134 1686 29 0 0 1 79 421917 -1 -1 -1 -1 -1 -1)
#(0 134 1366 38 0 2 1 78 415173 -1 -1 -1 -1 -1 -1)
#(0 134 683 59 0 2 1 75 399411 -1 -1 -1 -1 -1 -1)
#(0 134 1360 33 0 1 1 73 388938 -1 -1 -1 -1 -1 -1)
#(0 134 690 70 0 1 1 72 382406 -1 -1 -1 -1 -1 -1)
#(0 134 308 51 0 3 1 70 372148 -1 -1 -1 -1 -1 -1)
#(0 134 1047 62 0 3 1 69 364752 -1 -1 -1 -1 -1 -1)
#(0 134 309 55 0 2 1 63 334176 -1 -1 -1 -1 -1 -1)
#(0 134 1056 48 0 3 1 60 318811 -1 -1 -1 -1 -1 -1)
#(0 134 1362 26 0 2 1 56 299585 -1 -1 -1 -1 -1 -1)
#(0 134 1051 63 0 2 1 55 290738 -1 -1 -1 -1 -1 -1)
#(0 134 682 61 0 1 1 52 277553 -1 -1 -1 -1 -1 -1)
#(0 134 1046 63 0 3 1 50 269235 -1 -1 -1 -1 -1 -1)
#(0 134 313 70 0 3 1 48 258221 -1 -1 -1 -1 -1 -1)
#(0 134 1681 25 0 0 1 43 231902 -1 -1 -1 -1 -1 -1)
#(0 134 1052 57 0 1 1 43 228122 -1 -1 -1 -1 -1 -1)
#(0 134 1679 30 0 0 1 32 173715 -1 -1 -1 -1 -1 -1)
#(0 134 686 75 0 2 1 32 170139 -1 -1 -1 -1 -1 -1)
#(0 134 304 62 0 3 1 20 105879 -1 -1 -1 -1 -1 -1)
#(0 134 1367 37 0 1 1 13 72024 -1 -1 -1 -1 -1 -1)
#(0 134 1048 70 0 2 1 4 26161 -1 -1 -1 -1 -1 -1)
#(0 135 315 53 0 2 0 1 8476 -1 -1 -1 -1 -1 -1)
#(0 135 696 62 0 2 0 1 7518 -1 -1 -1 -1 -1 -1)
#(0 135 323 60 0 2 0 2 15480 -1 -1 -1 -1 -1 -1)
#(0 135 1063 55 0 1 0 3 20124 -1 -1 -1 -1 -1 -1)
#(0 135 703 56 0 2 0 10 54548 -1 -1 -1 -1 -1 -1)
#(0 135 1067 64 0 2 0 15 84001 -1 -1 -1 -1 -1 -1)
#(0 135 327 55 0 3 0 20 109030 -1 -1 -1 -1 -1 -1)
#(0 135 1688 32 0 0 0 22 116712 -1 -1 -1 -1 -1 -1)
#(0 135 325 44 0 1 0 22 117729 -1 -1 -1 -1 -1 -1)
#(0 135 702 53 0 2 0 22 117363 -1 -1 -1 -1 -1 -1)
#(0 135 701 58 0 2 0 24 128940 -1 -1 -1 -1 -1 -1)
#(0 135 1058 67 0 2 0 28 147882 -1 -1 -1 -1 -1 -1)
#(0 135 1060 62 0 2 0 30 163147 -1 -1 -1 -1 -1 -1)
#(0 135 322 62 0 2 0 33 179016 -1 -1 -1 -1 -1 -1)
#(0 135 1694 20 0 0 0 34 179841 -1 -1 -1 -1 -1 -1)
#(0 135 1370 44 0 2 0 34 181841 -1 -1 -1 -1 -1 -1)
#(0 135 1373 33 0 2 0 35 186503 -1 -1 -1 -1 -1 -1)
#(0 135 1376 31 0 2 0 36 191696 -1 -1 -1 -1 -1 -1)
#(0 135 697 58 0 3 0 39 207315 -1 -1 -1 -1 -1 -1)
#(0 135 318 44 0 1 0 42 223341 -1 -1 -1 -1 -1 -1)
#(0 135 1065 53 0 2 0 45 241233 -1 -1 -1 -1 -1 -1)
#(0 135 1372 47 0 2 0 49 261167 -1 -1 -1 -1 -1 -1)
#(0 135 1689 34 0 0 0 54 285694 -1 -1 -1 -1 -1 -1)
#(0 135 1374 35 0 2 0 57 302755 -1 -1 -1 -1 -1 -1)
#(0 135 698 44 0 2 0 74 395642 -1 -1 -1 -1 -1 -1)
#(0 135 699 59 0 2 1 98 520483 -1 -1 -1 -1 -1 -1)
#(0 135 314 70 0 2 1 97 516531 -1 -1 -1 -1 -1 -1)
#(0 135 704 55 0 1 1 95 505793 -1 -1 -1 -1 -1 -1)
#(0 135 1693 27 0 0 1 92 490594 -1 -1 -1 -1 -1 -1)
#(0 135 1692 23 0 0 1 91 485387 -1 -1 -1 -1 -1 -1)
#(0 135 1377 32 0 2 1 88 468283 -1 -1 -1 -1 -1 -1)
#(0 135 317 67 0 2 1 86 458809 -1 -1 -1 -1 -1 -1)
#(0 135 328 55 0 3 1 86 455873 -1 -1 -1 -1 -1 -1)
#(0 135 1375 37 0 1 1 86 457384 -1 -1 -1 -1 -1 -1)
#(0 135 1062 63 0 3 1 86 454607 -1 -1 -1 -1 -1 -1)
#(0 135 326 64 0 2 1 83 438456 -1 -1 -1 -1 -1 -1)
#(0 135 1064 63 0 3 1 80 422849 -1 -1 -1 -1 -1 -1)
#(0 135 1691 23 0 0 1 79 422030 -1 -1 -1 -1 -1 -1)
#(0 135 324 60 0 2 1 78 416127 -1 -1 -1 -1 -1 -1)
#(0 135 707 64 0 3 1 78 414779 -1 -1 -1 -1 -1 -1)
#(0 135 319 51 0 1 1 71 377248 -1 -1 -1 -1 -1 -1)
#(0 135 1061 54 0 1 1 70 370973 -1 -1 -1 -1 -1 -1)
#(0 135 700 63 0 1 1 70 372286 -1 -1 -1 -1 -1 -1)
#(0 135 321 65 0 3 1 64 342994 -1 -1 -1 -1 -1 -1)
#(0 135 1059 52 0 2 1 64 339334 -1 -1 -1 -1 -1 -1)
#(0 135 1371 20 0 2 1 58 310480 -1 -1 -1 -1 -1 -1)
#(0 135 1068 64 0 3 1 57 301272 -1 -1 -1 -1 -1 -1)
#(0 135 705 52 0 2 1 55 294610 -1 -1 -1 -1 -1 -1)
#(0 135 316 59 0 2 1 51 270932 -1 -1 -1 -1 -1 -1)
#(0 135 1695 32 0 0 1 50 268765 -1 -1 -1 -1 -1 -1)
#(0 135 320 59 0 2 1 44 233177 -1 -1 -1 -1 -1 -1)
#(0 136 713 62 0 1 0 1 7307 -1 -1 -1 -1 -1 -1)
#(0 136 338 48 0 3 0 4 24250 -1 -1 -1 -1 -1 -1)
#(0 136 709 57 0 3 0 5 28196 -1 -1 -1 -1 -1 -1)
#(0 136 1378 36 0 3 0 9 49386 -1 -1 -1 -1 -1 -1)
#(0 136 329 59 0 2 0 9 51943 -1 -1 -1 -1 -1 -1)
#(0 136 723 51 0 1 0 13 69184 -1 -1 -1 -1 -1 -1)
#(0 136 334 44 0 1 0 15 80695 -1 -1 -1 -1 -1 -1)
#(0 136 1698 25 0 0 0 17 90169 -1 -1 -1 -1 -1 -1)
#(0 136 332 61 0 2 0 17 93974 -1 -1 -1 -1 -1 -1)
#(0 136 333 67 0 3 0 17 90962 -1 -1 -1 -1 -1 -1)
#(0 136 1077 57 0 3 0 18 99352 -1 -1 -1 -1 -1 -1)
#(0 136 1386 33 0 2 0 20 107309 -1 -1 -1 -1 -1 -1)
#(0 136 1700 27 0 0 0 21 111332 -1 -1 -1 -1 -1 -1)
#(0 136 1690 20 0 0 0 22 116500 -1 -1 -1 -1 -1 -1)
#(0 136 1075 44 0 2 0 24 129665 -1 -1 -1 -1 -1 -1)
#(0 136 1380 22 0 3 0 24 127892 -1 -1 -1 -1 -1 -1)
#(0 136 691 70 0 3 0 25 134079 -1 -1 -1 -1 -1 -1)
#(0 136 1066 51 0 2 0 27 146239 -1 -1 -1 -1 -1 -1)
#(2 136 1066 -1 -1 -1 -1 -1 -1 40 -1 -1 -1 -1 -1)
#(0 136 1076 60 0 2 0 29 157814 -1 -1 -1 -1 -1 -1)
#(0 136 1074 44 0 2 0 31 166652 -1 -1 -1 -1 -1 -1)
#(0 136 330 67 0 1 0 42 222251 -1 -1 -1 -1 -1 -1)
#(0 136 694 51 0 2 0 43 227488 -1 -1 -1 -1 -1 -1)
#(0 136 1070 67 0 3 0 44 232431 -1 -1 -1 -1 -1 -1)
#(0 136 720 55 0 2 0 49 259773 -1 -1 -1 -1 -1 -1)
#(0 136 726 44 0 2 0 49 263609 -1 -1 -1 -1 -1 -1)
#(0 136 1072 57 0 2 0 62 331594 -1 -1 -1 -1 -1 -1)
#(0 136 1381 35 0 2 0 64 339709 -1 -1 -1 -1 -1 -1)
#(0 136 1701 26 0 0 0 66 348913 -1 -1 -1 -1 -1 -1)
#(0 136 1704 20 0 0 0 67 354084 -1 -1 -1 -1 -1 -1)
#(0 136 1703 25 0 0 0 76 401681 -1 -1 -1 -1 -1 -1)
#(0 136 1379 37 0 2 1 96 510230 -1 -1 -1 -1 -1 -1)
#(0 136 714 59 0 2 1 94 499786 -1 -1 -1 -1 -1 -1)
#(0 136 1073 64 0 3 1 94 496559 -1 -1 -1 -1 -1 -1)
#(0 136 695 55 0 2 1 93 496175 -1 -1 -1 -1 -1 -1)
#(0 136 1385 39 0 2 1 91 483751 -1 -1 -1 -1 -1 -1)
#(0 136 706 70 0 3 1 91 484039 -1 -1 -1 -1 -1 -1)
#(0 136 1702 23 0 0 1 89 474829 -1 -1 -1 -1 -1 -1)
#(0 136 1069 51 0 2 1 88 466327 -1 -1 -1 -1 -1 -1)
#(0 136 1696 23 0 0 1 84 448413 -1 -1 -1 -1 -1 -1)
#(0 136 711 59 0 2 1 84 447241 -1 -1 -1 -1 -1 -1)
#(0 136 331 59 0 2 1 80 423252 -1 -1 -1 -1 -1 -1)
#(0 136 1383 39 0 1 1 79 420376 -1 -1 -1 -1 -1 -1)
#(0 136 1071 55 0 2 1 76 402988 -1 -1 -1 -1 -1 -1)
#(0 136 719 51 0 2 1 75 400644 -1 -1 -1 -1 -1 -1)
#(0 136 1078 57 0 2 1 75 397111 -1 -1 -1 -1 -1 -1)
#(0 136 337 64 0 2 1 70 370306 -1 -1 -1 -1 -1 -1)
#(0 136 336 44 0 1 1 57 304656 -1 -1 -1 -1 -1 -1)
#(0 136 1384 32 0 2 1 53 283481 -1 -1 -1 -1 -1 -1)
#(0 136 712 65 0 1 1 51 272650 -1 -1 -1 -1 -1 -1)
#(0 136 335 57 0 1 1 49 260143 -1 -1 -1 -1 -1 -1)
#(0 136 1705 32 0 0 1 48 258197 -1 -1 -1 -1 -1 -1)
#(0 136 1697 27 0 0 1 41 221300 -1 -1 -1 -1 -1 -1)
#(0 136 717 70 0 3 1 41 218258 -1 -1 -1 -1 -1 -1)
#(0 136 710 59 0 2 1 37 198729 -1 -1 -1 -1 -1 -1)
#(0 136 725 56 0 2 1 33 177812 -1 -1 -1 -1 -1 -1)
#(0 136 1699 33 0 0 1 32 173673 -1 -1 -1 -1 -1 -1)
#(0 136 715 51 0 2 1 25 136612 -1 -1 -1 -1 -1 -1)
#(0 137 722 62 0 1 0 1 7003 -1 -1 -1 -1 -1 -1)
#(0 137 1711 30 0 0 0 9 48003 -1 -1 -1 -1 -1 -1)
#(0 137 1085 55 0 2 0 9 51559 -1 -1 -1 -1 -1 -1)
#(0 137 359 43 0 2 0 9 49045 -1 -1 -1 -1 -1 -1)
#(0 137 1382 20 0 3 0 9 48561 -1 -1 -1 -1 -1 -1)
#(0 137 729 69 0 3 0 11 61471 -1 -1 -1 -1 -1 -1)
#(0 137 1392 38 0 3 0 11 60090 -1 -1 -1 -1 -1 -1)
#(0 137 1081 58 0 2 0 15 83624 -1 -1 -1 -1 -1 -1)
#(0 137 731 56 0 2 0 16 85677 -1 -1 -1 -1 -1 -1)
#(0 137 1708 26 0 0 0 21 111291 -1 -1 -1 -1 -1 -1)
#(0 137 352 66 0 3 0 22 119563 -1 -1 -1 -1 -1 -1)
#(0 137 1391 39 0 1 0 22 118223 -1 -1 -1 -1 -1 -1)
#(0 137 349 62 0 2 0 27 147214 -1 -1 -1 -1 -1 -1)
#(0 137 1083 51 0 1 0 30 162026 -1 -1 -1 -1 -1 -1)
#(0 137 735 70 0 2 0 34 182857 -1 -1 -1 -1 -1 -1)
#(0 137 1388 34 0 2 0 34 181243 -1 -1 -1 -1 -1 -1)
#(0 137 355 59 0 1 0 36 194506 -1 -1 -1 -1 -1 -1)
#(0 137 351 70 0 1 0 39 206713 -1 -1 -1 -1 -1 -1)
#(0 137 343 64 0 3 0 41 221477 -1 -1 -1 -1 -1 -1)
#(0 137 358 67 0 3 0 44 232730 -1 -1 -1 -1 -1 -1)
#(0 137 356 59 0 3 0 45 241313 -1 -1 -1 -1 -1 -1)
#(0 137 347 51 0 1 0 48 256336 -1 -1 -1 -1 -1 -1)
#(0 137 357 75 0 3 0 50 265909 -1 -1 -1 -1 -1 -1)
#(0 137 1399 26 0 2 0 56 297020 -1 -1 -1 -1 -1 -1)
#(0 137 346 59 0 2 0 59 315771 -1 -1 -1 -1 -1 -1)
#(0 137 1395 27 0 2 0 74 392124 -1 -1 -1 -1 -1 -1)
#(0 137 737 61 0 2 1 97 515375 -1 -1 -1 -1 -1 -1)
#(0 137 718 54 0 2 1 95 505821 -1 -1 -1 -1 -1 -1)
#(0 137 708 44 0 3 1 92 486107 -1 -1 -1 -1 -1 -1)
#(0 137 733 67 0 3 1 90 477606 -1 -1 -1 -1 -1 -1)
#(0 137 353 64 0 2 1 90 475311 -1 -1 -1 -1 -1 -1)
#(0 137 350 51 0 2 1 87 461768 -1 -1 -1 -1 -1 -1)
#(0 137 1082 62 0 1 1 84 448787 -1 -1 -1 -1 -1 -1)
#(0 137 344 56 0 2 1 84 444536 -1 -1 -1 -1 -1 -1)
#(0 137 1087 54 0 1 1 84 444313 -1 -1 -1 -1 -1 -1)
#(0 137 1710 29 0 0 1 83 443045 -1 -1 -1 -1 -1 -1)
#(0 137 738 73 0 3 1 83 439763 -1 -1 -1 -1 -1 -1)
#(0 137 1088 65 0 2 1 83 438340 -1 -1 -1 -1 -1 -1)
#(0 137 716 62 0 2 1 78 415253 -1 -1 -1 -1 -1 -1)
#(0 137 1397 20 0 3 1 74 394972 -1 -1 -1 -1 -1 -1)
#(0 137 1086 66 0 1 1 74 390970 -1 -1 -1 -1 -1 -1)
#(0 137 342 70 0 2 1 71 375354 -1 -1 -1 -1 -1 -1)
#(0 137 1390 39 0 3 1 68 362250 -1 -1 -1 -1 -1 -1)
#(0 137 341 56 0 2 1 67 353909 -1 -1 -1 -1 -1 -1)
#(0 137 732 67 0 3 1 65 345704 -1 -1 -1 -1 -1 -1)
#(0 137 1396 39 0 2 1 65 346428 -1 -1 -1 -1 -1 -1)
#(0 137 1707 25 0 0 1 63 337499 -1 -1 -1 -1 -1 -1)
#(0 137 339 52 0 1 1 63 334423 -1 -1 -1 -1 -1 -1)
#(0 137 1393 52 0 3 1 63 335228 -1 -1 -1 -1 -1 -1)
#(0 137 1080 60 0 2 1 62 328145 -1 -1 -1 -1 -1 -1)
#(0 137 1079 56 0 2 1 61 323107 -1 -1 -1 -1 -1 -1)
#(0 137 340 55 0 2 1 59 313302 -1 -1 -1 -1 -1 -1)
#(0 137 1387 21 0 3 1 58 310498 -1 -1 -1 -1 -1 -1)
#(0 137 1709 28 0 0 1 46 247702 -1 -1 -1 -1 -1 -1)
#(0 137 730 74 0 2 1 46 244737 -1 -1 -1 -1 -1 -1)
#(0 137 739 55 0 2 1 44 236490 -1 -1 -1 -1 -1 -1)
#(0 137 736 75 0 1 1 36 191201 -1 -1 -1 -1 -1 -1)
#(0 137 1389 20 0 2 1 29 157367 -1 -1 -1 -1 -1 -1)
#(2 137 1389 -1 -1 -1 -1 -1 -1 41 -1 -1 -1 -1 -1)
#(0 137 1089 70 0 3 1 9 52515 -1 -1 -1 -1 -1 -1)
#(0 137 354 75 0 2 1 9 50696 -1 -1 -1 -1 -1 -1)
#(0 138 1401 30 0 2 0 0 1597 -1 -1 -1 -1 -1 -1)
#(0 138 348 44 0 2 0 4 22657 -1 -1 -1 -1 -1 -1)
#(0 138 749 43 0 2 0 5 27291 -1 -1 -1 -1 -1 -1)
#(0 138 1716 23 0 0 0 7 37336 -1 -1 -1 -1 -1 -1)
#(0 138 1091 51 0 2 0 8 45837 -1 -1 -1 -1 -1 -1)
#(0 138 1398 20 0 3 0 11 59112 -1 -1 -1 -1 -1 -1)
#(0 138 728 63 0 3 0 13 69696 -1 -1 -1 -1 -1 -1)
#(0 138 373 56 0 3 0 14 77855 -1 -1 -1 -1 -1 -1)
#(0 138 750 50 0 2 0 16 85421 -1 -1 -1 -1 -1 -1)
#(0 138 1093 52 0 3 0 17 93340 -1 -1 -1 -1 -1 -1)
#(0 138 1400 32 0 1 0 20 107301 -1 -1 -1 -1 -1 -1)
#(0 138 748 53 0 2 0 22 117384 -1 -1 -1 -1 -1 -1)
#(0 138 743 58 0 3 0 27 144640 -1 -1 -1 -1 -1 -1)
#(0 138 1404 33 0 2 0 28 149521 -1 -1 -1 -1 -1 -1)
#(0 138 1402 35 0 2 0 29 155017 -1 -1 -1 -1 -1 -1)
#(0 138 366 67 0 3 0 30 158982 -1 -1 -1 -1 -1 -1)
#(0 138 1084 54 0 1 0 31 167050 -1 -1 -1 -1 -1 -1)
#(0 138 361 54 0 1 0 33 177699 -1 -1 -1 -1 -1 -1)
#(0 138 1407 47 0 3 0 41 218976 -1 -1 -1 -1 -1 -1)
#(0 138 360 62 0 1 0 41 221139 -1 -1 -1 -1 -1 -1)
#(0 138 1099 61 0 3 0 41 220818 -1 -1 -1 -1 -1 -1)
#(0 138 365 57 0 1 0 44 236848 -1 -1 -1 -1 -1 -1)
#(0 138 370 57 0 3 0 46 246854 -1 -1 -1 -1 -1 -1)
#(0 138 1411 48 0 3 0 46 245347 -1 -1 -1 -1 -1 -1)
#(0 138 1715 29 0 0 0 49 259202 -1 -1 -1 -1 -1 -1)
#(0 138 747 66 0 2 0 54 288097 -1 -1 -1 -1 -1 -1)
#(0 138 742 63 0 3 0 57 303107 -1 -1 -1 -1 -1 -1)
#(0 138 1409 56 0 2 0 61 324978 -1 -1 -1 -1 -1 -1)
#(0 138 1714 30 0 0 0 62 327860 -1 -1 -1 -1 -1 -1)
#(0 138 1713 30 0 0 0 71 375391 -1 -1 -1 -1 -1 -1)
#(0 138 1403 44 0 3 0 72 382552 -1 -1 -1 -1 -1 -1)
#(0 138 746 59 0 1 0 72 382060 -1 -1 -1 -1 -1 -1)
#(0 138 1100 51 0 2 0 77 410121 -1 -1 -1 -1 -1 -1)
#(0 138 744 65 0 2 0 77 409489 -1 -1 -1 -1 -1 -1)
#(0 138 1410 36 0 1 1 99 526120 -1 -1 -1 -1 -1 -1)
#(0 138 1097 62 0 2 1 99 523353 -1 -1 -1 -1 -1 -1)
#(0 138 1722 27 0 0 1 97 517007 -1 -1 -1 -1 -1 -1)
#(0 138 377 61 0 2 1 96 506909 -1 -1 -1 -1 -1 -1)
#(0 138 368 55 0 2 1 95 503339 -1 -1 -1 -1 -1 -1)
#(0 138 1394 24 0 2 1 91 484497 -1 -1 -1 -1 -1 -1)
#(0 138 1719 28 0 0 1 87 464176 -1 -1 -1 -1 -1 -1)
#(0 138 1718 30 0 0 1 85 453582 -1 -1 -1 -1 -1 -1)
#(0 138 1405 30 0 2 1 83 441956 -1 -1 -1 -1 -1 -1)
#(0 138 1717 26 0 0 1 82 437816 -1 -1 -1 -1 -1 -1)
#(0 138 375 66 0 1 1 82 433066 -1 -1 -1 -1 -1 -1)
#(0 138 372 49 0 3 1 81 430671 -1 -1 -1 -1 -1 -1)
#(0 138 721 55 0 2 1 78 415609 -1 -1 -1 -1 -1 -1)
#(0 138 751 52 0 2 1 76 404864 -1 -1 -1 -1 -1 -1)
#(0 138 376 63 0 2 1 69 364379 -1 -1 -1 -1 -1 -1)
#(0 138 741 44 0 3 1 64 338288 -1 -1 -1 -1 -1 -1)
#(0 138 374 66 0 3 1 63 337015 -1 -1 -1 -1 -1 -1)
#(0 138 1720 30 0 0 1 60 321582 -1 -1 -1 -1 -1 -1)
#(0 138 745 60 0 2 1 60 319237 -1 -1 -1 -1 -1 -1)
#(0 138 367 62 0 3 1 60 317707 -1 -1 -1 -1 -1 -1)
#(0 138 364 57 0 3 1 56 296842 -1 -1 -1 -1 -1 -1)
#(0 138 1092 57 0 1 1 52 275604 -1 -1 -1 -1 -1 -1)
#(0 138 1712 33 0 0 1 51 273993 -1 -1 -1 -1 -1 -1)
#(0 138 1095 65 0 3 1 49 258867 -1 -1 -1 -1 -1 -1)
#(0 138 1096 55 0 2 1 48 254781 -1 -1 -1 -1 -1 -1)
#(0 138 363 57 0 2 1 46 244066 -1 -1 -1 -1 -1 -1)
#(0 138 1090 44 0 2 1 38 202930 -1 -1 -1 -1 -1 -1)
#(0 138 1408 46 0 1 1 38 203433 -1 -1 -1 -1 -1 -1)
#(0 138 734 62 0 2 1 33 177709 -1 -1 -1 -1 -1 -1)
#(0 138 362 64 0 2 1 33 174337 -1 -1 -1 -1 -1 -1)
#(0 138 1721 25 0 0 1 32 173846 -1 -1 -1 -1 -1 -1)
#(0 138 740 70 0 2 1 31 165417 -1 -1 -1 -1 -1 -1)
#(0 138 1098 44 0 1 1 28 150159 -1 -1 -1 -1 -1 -1)
#(0 139 1416 33 0 1 0 1 7134 -1 -1 -1 -1 -1 -1)
#(0 139 378 63 0 2 0 2 15786 -1 -1 -1 -1 -1 -1)
#(0 139 1724 25 0 0 0 3 16258 -1 -1 -1 -1 -1 -1)
#(0 139 381 57 0 2 0 7 41047 -1 -1 -1 -1 -1 -1)
#(0 139 1406 22 0 3 0 9 48567 -1 -1 -1 -1 -1 -1)
#(0 139 389 58 0 2 0 10 57075 -1 -1 -1 -1 -1 -1)
#(0 139 1108 58 0 3 0 10 56955 -1 -1 -1 -1 -1 -1)
#(0 139 1413 21 0 3 0 10 53857 -1 -1 -1 -1 -1 -1)
#(0 139 379 43 0 2 0 18 100027 -1 -1 -1 -1 -1 -1)
#(0 139 1726 30 0 0 0 19 100825 -1 -1 -1 -1 -1 -1)
#(0 139 1105 55 0 2 0 23 125447 -1 -1 -1 -1 -1 -1)
#(0 139 1725 20 0 0 0 24 127052 -1 -1 -1 -1 -1 -1)
#(0 139 1113 47 0 2 0 24 129832 -1 -1 -1 -1 -1 -1)
#(0 139 1109 61 0 1 0 26 142134 -1 -1 -1 -1 -1 -1)
#(0 139 753 44 0 2 0 26 142127 -1 -1 -1 -1 -1 -1)
#(0 139 1114 67 0 2 0 28 152841 -1 -1 -1 -1 -1 -1)
#(0 139 756 69 0 1 0 29 156335 -1 -1 -1 -1 -1 -1)
#(0 139 1094 63 0 2 0 30 162462 -1 -1 -1 -1 -1 -1)
#(0 139 1728 26 0 0 0 31 164108 -1 -1 -1 -1 -1 -1)
#(0 139 754 64 0 2 0 32 171367 -1 -1 -1 -1 -1 -1)
#(0 139 759 57 0 1 0 35 185601 -1 -1 -1 -1 -1 -1)
#(0 139 1419 32 0 3 0 35 186460 -1 -1 -1 -1 -1 -1)
#(0 139 386 51 0 3 0 36 192968 -1 -1 -1 -1 -1 -1)
#(0 139 1412 39 0 1 0 40 213245 -1 -1 -1 -1 -1 -1)
#(0 139 385 57 0 1 0 46 246706 -1 -1 -1 -1 -1 -1)
#(0 139 1731 25 0 0 0 53 280239 -1 -1 -1 -1 -1 -1)
#(0 139 1103 44 0 2 0 53 282822 -1 -1 -1 -1 -1 -1)
#(0 139 1723 20 0 0 0 57 301294 -1 -1 -1 -1 -1 -1)
#(0 139 387 44 0 3 0 59 313086 -1 -1 -1 -1 -1 -1)
#(0 139 1110 58 0 3 0 62 331542 -1 -1 -1 -1 -1 -1)
#(0 139 1101 67 0 2 1 97 517393 -1 -1 -1 -1 -1 -1)
#(0 139 1727 29 0 0 1 96 511679 -1 -1 -1 -1 -1 -1)
#(0 139 371 51 0 2 1 95 504066 -1 -1 -1 -1 -1 -1)
#(0 139 757 61 0 2 1 94 499749 -1 -1 -1 -1 -1 -1)
#(0 139 758 64 0 2 1 93 495601 -1 -1 -1 -1 -1 -1)
#(0 139 1706 24 0 0 1 89 474790 -1 -1 -1 -1 -1 -1)
#(0 139 761 50 0 3 1 89 474448 -1 -1 -1 -1 -1 -1)
#(0 139 1421 38 0 2 1 89 473230 -1 -1 -1 -1 -1 -1)
#(0 139 1418 44 0 1 1 87 462331 -1 -1 -1 -1 -1 -1)
#(0 139 760 62 0 1 1 87 462368 -1 -1 -1 -1 -1 -1)
#(0 139 752 44 0 1 1 84 443831 -1 -1 -1 -1 -1 -1)
#(0 139 1104 54 0 1 1 81 429007 -1 -1 -1 -1 -1 -1)
#(0 139 382 51 0 3 1 79 419535 -1 -1 -1 -1 -1 -1)
#(0 139 724 44 0 2 1 79 417514 -1 -1 -1 -1 -1 -1)
#(0 139 1415 35 0 3 1 77 410016 -1 -1 -1 -1 -1 -1)
#(0 139 383 62 0 3 1 77 406880 -1 -1 -1 -1 -1 -1)
#(0 139 1414 32 0 2 1 66 352120 -1 -1 -1 -1 -1 -1)
#(0 139 1111 51 0 2 1 65 344814 -1 -1 -1 -1 -1 -1)
#(0 139 380 60 0 2 1 65 343763 -1 -1 -1 -1 -1 -1)
#(0 139 1417 38 0 2 1 63 335977 -1 -1 -1 -1 -1 -1)
#(0 139 1112 55 0 1 1 61 323316 -1 -1 -1 -1 -1 -1)
#(0 139 1420 26 0 2 1 60 320731 -1 -1 -1 -1 -1 -1)
#(0 139 390 44 0 3 1 55 294121 -1 -1 -1 -1 -1 -1)
#(0 139 1102 57 0 1 1 45 238610 -1 -1 -1 -1 -1 -1)
#(0 139 369 75 0 3 1 45 241740 -1 -1 -1 -1 -1 -1)
#(0 139 388 64 0 2 1 33 179509 -1 -1 -1 -1 -1 -1)
#(0 139 1106 51 0 1 1 32 170588 -1 -1 -1 -1 -1 -1)
#(0 139 1730 29 0 0 1 27 147364 -1 -1 -1 -1 -1 -1)
#(0 140 392 63 0 3 0 2 15569 -1 -1 -1 -1 -1 -1)
#(0 140 1742 26 0 0 0 3 16257 -1 -1 -1 -1 -1 -1)
#(0 140 1427 38 0 1 0 4 23116 -1 -1 -1 -1 -1 -1)
#(0 140 774 57 0 1 0 4 22390 -1 -1 -1 -1 -1 -1)
#(0 140 776 51 0 2 0 7 37398 -1 -1 -1 -1 -1 -1)
#(0 140 1734 30 0 0 0 13 69159 -1 -1 -1 -1 -1 -1)
#(0 140 393 44 0 1 0 13 70238 -1 -1 -1 -1 -1 -1)
#(0 140 1118 55 0 2 0 14 77771 -1 -1 -1 -1 -1 -1)
#(0 140 773 51 0 2 0 14 75410 -1 -1 -1 -1 -1 -1)
#(0 140 769 54 0 2 0 16 85279 -1 -1 -1 -1 -1 -1)
#(0 140 772 44 0 2 0 17 94624 -1 -1 -1 -1 -1 -1)
#(0 140 1741 30 0 0 0 18 95531 -1 -1 -1 -1 -1 -1)
#(0 140 767 64 0 2 0 23 123731 -1 -1 -1 -1 -1 -1)
#(0 140 1736 18 0 0 0 24 127003 -1 -1 -1 -1 -1 -1)
#(0 140 770 59 0 2 0 24 129017 -1 -1 -1 -1 -1 -1)
#(0 140 1424 34 0 2 0 25 133756 -1 -1 -1 -1 -1 -1)
#(0 140 762 59 0 2 0 25 133366 -1 -1 -1 -1 -1 -1)
#(0 140 1738 30 0 0 0 39 206433 -1 -1 -1 -1 -1 -1)
#(0 140 400 58 0 2 0 40 216180 -1 -1 -1 -1 -1 -1)
#(0 140 766 74 0 2 0 47 250745 -1 -1 -1 -1 -1 -1)
#(0 140 1119 51 0 2 0 54 288729 -1 -1 -1 -1 -1 -1)
#(0 140 771 67 0 2 0 55 293165 -1 -1 -1 -1 -1 -1)
#(0 140 1425 33 0 3 0 55 292060 -1 -1 -1 -1 -1 -1)
#(0 140 1115 67 0 2 0 60 322010 -1 -1 -1 -1 -1 -1)
#(0 140 1732 27 0 0 0 61 322538 -1 -1 -1 -1 -1 -1)
#(0 140 399 75 0 2 0 61 323496 -1 -1 -1 -1 -1 -1)
#(0 140 1740 26 0 0 0 64 338342 -1 -1 -1 -1 -1 -1)
#(0 140 1737 23 0 0 1 99 527617 -1 -1 -1 -1 -1 -1)
#(0 140 395 51 0 2 1 98 519820 -1 -1 -1 -1 -1 -1)
#(0 140 1116 62 0 2 1 98 517987 -1 -1 -1 -1 -1 -1)
#(0 140 384 59 0 1 1 96 507811 -1 -1 -1 -1 -1 -1)
#(0 140 391 61 0 1 1 94 497781 -1 -1 -1 -1 -1 -1)
#(0 140 1423 26 0 2 1 91 484527 -1 -1 -1 -1 -1 -1)
#(0 140 398 64 0 2 1 91 480731 -1 -1 -1 -1 -1 -1)
#(0 140 1733 23 0 0 1 87 464250 -1 -1 -1 -1 -1 -1)
#(0 140 1107 42 0 2 1 81 430108 -1 -1 -1 -1 -1 -1)
#(0 140 775 55 0 2 1 81 431819 -1 -1 -1 -1 -1 -1)
#(0 140 396 68 0 2 1 76 405947 -1 -1 -1 -1 -1 -1)
#(0 140 402 49 0 3 1 76 403894 -1 -1 -1 -1 -1 -1)
#(0 140 768 51 0 2 1 71 379547 -1 -1 -1 -1 -1 -1)
#(0 140 1422 23 0 3 1 67 357730 -1 -1 -1 -1 -1 -1)
#(0 140 397 62 0 2 1 66 348870 -1 -1 -1 -1 -1 -1)
#(0 140 764 54 0 2 1 64 342011 -1 -1 -1 -1 -1 -1)
#(2 140 764 -1 -1 -1 -1 -1 -1 42 -1 -1 -1 -1 -1)
#(0 140 1120 43 0 1 1 62 329761 -1 -1 -1 -1 -1 -1)
#(0 140 765 63 0 2 1 53 282695 -1 -1 -1 -1 -1 -1)
#(0 140 394 67 0 2 1 42 226504 -1 -1 -1 -1 -1 -1)
#(0 140 763 75 0 1 1 41 217900 -1 -1 -1 -1 -1 -1)
#(0 140 1117 53 0 2 1 38 202529 -1 -1 -1 -1 -1 -1)
#(0 140 1426 38 0 3 1 36 193330 -1 -1 -1 -1 -1 -1)
#(0 140 1735 22 0 0 1 27 147494 -1 -1 -1 -1 -1 -1)
#(0 141 1125 56 0 3 0 3 20366 -1 -1 -1 -1 -1 -1)
#(0 141 1438 34 0 2 0 8 44008 -1 -1 -1 -1 -1 -1)
#(0 141 786 54 0 2 0 9 48594 -1 -1 -1 -1 -1 -1)
#(0 141 1436 21 0 3 0 11 59212 -1 -1 -1 -1 -1 -1)
#(0 141 408 59 0 3 0 11 62492 -1 -1 -1 -1 -1 -1)
#(0 141 1746 32 0 0 0 12 63905 -1 -1 -1 -1 -1 -1)
#(0 141 777 67 0 1 0 12 65747 -1 -1 -1 -1 -1 -1)
#(0 141 1122 43 0 2 0 20 108545 -1 -1 -1 -1 -1 -1)
#(0 141 1431 21 0 3 0 27 143610 -1 -1 -1 -1 -1 -1)
#(0 141 413 67 0 1 0 29 153393 -1 -1 -1 -1 -1 -1)
#(0 141 783 51 0 1 0 33 174787 -1 -1 -1 -1 -1 -1)
#(0 141 1743 32 0 0 0 38 201192 -1 -1 -1 -1 -1 -1)
#(0 141 1127 44 0 2 0 38 203580 -1 -1 -1 -1 -1 -1)
#(0 141 787 55 0 2 0 41 217643 -1 -1 -1 -1 -1 -1)
#(0 141 409 51 0 2 0 48 256284 -1 -1 -1 -1 -1 -1)
#(0 141 1437 37 0 1 0 48 255320 -1 -1 -1 -1 -1 -1)
#(0 141 404 64 0 2 0 56 295854 -1 -1 -1 -1 -1 -1)
#(0 141 781 62 0 2 0 60 319049 -1 -1 -1 -1 -1 -1)
#(0 141 778 64 0 1 0 64 340217 -1 -1 -1 -1 -1 -1)
#(0 141 1747 30 0 0 0 70 370104 -1 -1 -1 -1 -1 -1)
#(0 141 1123 58 0 1 0 79 421367 -1 -1 -1 -1 -1 -1)
#(0 141 1132 42 0 3 0 81 430542 -1 -1 -1 -1 -1 -1)
#(0 141 1744 20 0 0 0 84 443854 -1 -1 -1 -1 -1 -1)
#(0 141 784 61 0 1 1 98 520556 -1 -1 -1 -1 -1 -1)
#(0 141 1430 35 0 2 1 98 520901 -1 -1 -1 -1 -1 -1)
#(0 141 1729 28 0 0 1 96 511673 -1 -1 -1 -1 -1 -1)
#(0 141 401 58 0 2 1 96 507893 -1 -1 -1 -1 -1 -1)
#(0 141 411 44 0 2 1 94 500003 -1 -1 -1 -1 -1 -1)
#(0 141 1433 34 0 1 1 93 494563 -1 -1 -1 -1 -1 -1)
#(0 141 1749 29 0 0 1 92 490573 -1 -1 -1 -1 -1 -1)
#(0 141 780 59 0 2 1 90 478815 -1 -1 -1 -1 -1 -1)
#(0 141 1745 23 0 0 1 89 474807 -1 -1 -1 -1 -1 -1)
#(0 141 1129 67 0 1 1 87 459378 -1 -1 -1 -1 -1 -1)
#(0 141 1428 33 0 2 1 84 447061 -1 -1 -1 -1 -1 -1)
#(0 141 755 63 0 2 1 83 442786 -1 -1 -1 -1 -1 -1)
#(0 141 1429 30 0 2 1 83 441964 -1 -1 -1 -1 -1 -1)
#(0 141 410 66 0 2 1 81 428179 -1 -1 -1 -1 -1 -1)
#(0 141 1126 44 0 3 1 80 424730 -1 -1 -1 -1 -1 -1)
#(0 141 727 44 0 2 1 79 417598 -1 -1 -1 -1 -1 -1)
#(0 141 1435 38 0 3 1 78 415074 -1 -1 -1 -1 -1 -1)
#(0 141 1750 25 0 0 1 75 400880 -1 -1 -1 -1 -1 -1)
#(0 141 1121 58 0 2 1 70 370550 -1 -1 -1 -1 -1 -1)
#(0 141 405 62 0 2 1 69 369533 -1 -1 -1 -1 -1 -1)
#(0 141 407 57 0 1 1 69 365590 -1 -1 -1 -1 -1 -1)
#(0 141 782 44 0 2 1 67 354180 -1 -1 -1 -1 -1 -1)
#(0 141 1130 65 0 2 1 65 344308 -1 -1 -1 -1 -1 -1)
#(0 141 1751 27 0 0 1 62 332207 -1 -1 -1 -1 -1 -1)
#(0 141 1748 30 0 0 1 45 242382 -1 -1 -1 -1 -1 -1)
#(0 141 1432 32 0 2 1 45 241239 -1 -1 -1 -1 -1 -1)
#(0 141 785 70 0 1 1 44 235069 -1 -1 -1 -1 -1 -1)
#(0 141 1131 57 0 3 1 40 212180 -1 -1 -1 -1 -1 -1)
#(0 141 1124 51 0 3 1 37 196978 -1 -1 -1 -1 -1 -1)
#(0 141 406 67 0 2 1 28 152507 -1 -1 -1 -1 -1 -1)
#(0 141 779 55 0 3 1 23 125554 -1 -1 -1 -1 -1 -1)
#(0 141 1434 21 0 2 1 17 93986 -1 -1 -1 -1 -1 -1)
#(0 142 416 57 0 2 0 1 9199 -1 -1 -1 -1 -1 -1)
#(0 142 1760 25 0 0 0 3 16241 -1 -1 -1 -1 -1 -1)
#(0 142 1135 43 0 2 0 5 29318 -1 -1 -1 -1 -1 -1)
#(0 142 1753 23 0 0 0 6 32066 -1 -1 -1 -1 -1 -1)
#(0 142 1450 44 0 1 0 7 39285 -1 -1 -1 -1 -1 -1)
#(0 142 418 57 0 1 0 9 50715 -1 -1 -1 -1 -1 -1)
#(0 142 1755 23 0 0 0 12 63743 -1 -1 -1 -1 -1 -1)
#(0 142 424 44 0 3 0 12 64940 -1 -1 -1 -1 -1 -1)
#(0 142 415 59 0 3 0 13 71727 -1 -1 -1 -1 -1 -1)
#(0 142 1139 48 0 2 0 17 93320 -1 -1 -1 -1 -1 -1)
#(0 142 789 57 0 3 0 18 95182 -1 -1 -1 -1 -1 -1)
#(0 142 427 59 0 3 0 18 99380 -1 -1 -1 -1 -1 -1)
#(0 142 417 65 0 1 0 21 111239 -1 -1 -1 -1 -1 -1)
#(0 142 420 65 0 2 0 21 116042 -1 -1 -1 -1 -1 -1)
#(0 142 1739 17 0 0 0 24 126993 -1 -1 -1 -1 -1 -1)
#(0 142 1133 51 0 2 0 29 156734 -1 -1 -1 -1 -1 -1)
#(0 142 1134 49 0 1 0 31 166938 -1 -1 -1 -1 -1 -1)
#(0 142 1443 28 0 2 0 31 165124 -1 -1 -1 -1 -1 -1)
#(0 142 788 64 0 1 0 32 171317 -1 -1 -1 -1 -1 -1)
#(0 142 1143 55 0 2 0 39 209860 -1 -1 -1 -1 -1 -1)
#(0 142 792 71 0 2 0 40 215100 -1 -1 -1 -1 -1 -1)
#(0 142 1448 35 0 1 0 40 213070 -1 -1 -1 -1 -1 -1)
#(0 142 1140 60 0 1 0 47 252784 -1 -1 -1 -1 -1 -1)
#(0 142 414 57 0 2 0 48 256553 -1 -1 -1 -1 -1 -1)
#(0 142 428 64 0 2 0 51 269291 -1 -1 -1 -1 -1 -1)
#(0 142 1754 30 0 0 0 55 290919 -1 -1 -1 -1 -1 -1)
#(0 142 1444 44 0 3 0 60 319110 -1 -1 -1 -1 -1 -1)
#(0 142 1137 61 0 2 1 98 518113 -1 -1 -1 -1 -1 -1)
#(0 142 1758 27 0 0 1 97 516997 -1 -1 -1 -1 -1 -1)
#(0 142 426 67 0 2 1 97 513339 -1 -1 -1 -1 -1 -1)
#(0 142 790 61 0 3 1 96 509964 -1 -1 -1 -1 -1 -1)
#(0 142 1756 27 0 0 1 95 506428 -1 -1 -1 -1 -1 -1)
#(0 142 794 56 0 2 1 93 496093 -1 -1 -1 -1 -1 -1)
#(0 142 1141 42 0 2 1 93 493490 -1 -1 -1 -1 -1 -1)
#(0 142 1449 43 0 3 1 90 478239 -1 -1 -1 -1 -1 -1)
#(0 142 425 59 0 1 1 89 470870 -1 -1 -1 -1 -1 -1)
#(0 142 1757 24 0 0 1 87 464253 -1 -1 -1 -1 -1 -1)
#(0 142 1446 46 0 3 1 86 457002 -1 -1 -1 -1 -1 -1)
#(0 142 1447 32 0 2 1 84 447139 -1 -1 -1 -1 -1 -1)
#(0 142 791 69 0 1 1 81 430305 -1 -1 -1 -1 -1 -1)
#(0 142 1761 20 0 0 1 77 411520 -1 -1 -1 -1 -1 -1)
#(0 142 421 51 0 3 1 77 408971 -1 -1 -1 -1 -1 -1)
#(0 142 1136 42 0 3 1 76 403694 -1 -1 -1 -1 -1 -1)
#(0 142 419 44 0 2 1 76 405018 -1 -1 -1 -1 -1 -1)
#(0 142 1138 57 0 2 1 75 396991 -1 -1 -1 -1 -1 -1)
#(0 142 1441 37 0 2 1 73 388808 -1 -1 -1 -1 -1 -1)
#(0 142 1440 34 0 1 1 71 378355 -1 -1 -1 -1 -1 -1)
#(0 142 1445 30 0 2 1 66 352190 -1 -1 -1 -1 -1 -1)
#(3 142 1445 -1 0 -1 -1 -1 -1 43 -1 -1 -1 -1 33)
#(0 142 412 65 0 3 1 66 348735 -1 -1 -1 -1 -1 -1)
#(0 142 423 44 0 3 1 63 336330 -1 -1 -1 -1 -1 -1)
#(0 142 422 67 0 2 1 55 291278 -1 -1 -1 -1 -1 -1)
#(0 142 1442 41 0 1 1 44 235500 -1 -1 -1 -1 -1 -1)
#(0 142 1759 29 0 0 1 34 184325 -1 -1 -1 -1 -1 -1)
#(0 142 1752 20 0 0 1 30 163343 -1 -1 -1 -1 -1 -1)
#(0 142 1762 32 0 0 1 28 152606 -1 -1 -1 -1 -1 -1)
#(0 143 1451 30 0 2 0 0 1613 -1 -1 -1 -1 -1 -1)
#(0 143 1455 32 0 2 0 5 28067 -1 -1 -1 -1 -1 -1)
#(0 143 799 59 0 3 0 7 38142 -1 -1 -1 -1 -1 -1)
#(0 143 1154 70 0 2 0 8 42382 -1 -1 -1 -1 -1 -1)
#(0 143 1145 57 0 1 0 8 46217 -1 -1 -1 -1 -1 -1)
#(0 143 1439 33 0 1 0 8 43960 -1 -1 -1 -1 -1 -1)
#(0 143 435 65 0 1 0 9 48145 -1 -1 -1 -1 -1 -1)
#(0 143 797 59 0 1 0 10 54483 -1 -1 -1 -1 -1 -1)
#(0 143 1462 22 0 3 0 11 59251 -1 -1 -1 -1 -1 -1)
#(0 143 1456 27 0 2 0 14 75304 -1 -1 -1 -1 -1 -1)
#(0 143 1128 57 0 2 0 20 109137 -1 -1 -1 -1 -1 -1)
#(0 143 1147 55 0 3 0 27 146696 -1 -1 -1 -1 -1 -1)
#(0 143 1768 30 0 0 0 28 148331 -1 -1 -1 -1 -1 -1)
#(0 143 1763 20 0 0 0 34 179859 -1 -1 -1 -1 -1 -1)
#(0 143 1144 51 0 3 0 41 220112 -1 -1 -1 -1 -1 -1)
#(0 143 793 56 0 3 0 41 217695 -1 -1 -1 -1 -1 -1)
#(0 143 1458 26 0 2 0 45 238923 -1 -1 -1 -1 -1 -1)
#(0 143 1453 40 0 2 0 57 303098 -1 -1 -1 -1 -1 -1)
#(0 143 434 57 0 4 0 63 337472 -1 -1 -1 -1 -1 -1)
#(0 143 1148 50 0 1 1 99 524500 -1 -1 -1 -1 -1 -1)
#(0 143 1457 20 0 2 1 98 521680 -1 -1 -1 -1 -1 -1)
#(0 143 800 53 0 2 1 95 505698 -1 -1 -1 -1 -1 -1)
#(3 143 800 -1 0 -1 -1 -1 -1 44 -1 -1 -1 -1 35)
#(0 143 1460 54 0 3 1 92 488272 -1 -1 -1 -1 -1 -1)
#(0 143 1767 28 0 0 1 90 480035 -1 -1 -1 -1 -1 -1)
#(0 143 798 55 0 2 1 89 473845 -1 -1 -1 -1 -1 -1)
#(0 143 1766 28 0 0 1 88 469459 -1 -1 -1 -1 -1 -1)
#(0 143 1452 42 0 3 1 86 457166 -1 -1 -1 -1 -1 -1)
#(0 143 1155 43 0 2 1 84 445937 -1 -1 -1 -1 -1 -1)
#(0 143 1146 67 0 2 1 77 406724 -1 -1 -1 -1 -1 -1)
#(0 143 1764 26 0 0 1 75 400850 -1 -1 -1 -1 -1 -1)
#(0 143 1152 44 0 2 1 74 393062 -1 -1 -1 -1 -1 -1)
#(0 143 795 72 0 2 1 69 366329 -1 -1 -1 -1 -1 -1)
#(0 143 430 59 0 2 1 66 349612 -1 -1 -1 -1 -1 -1)
#(0 143 1765 30 0 0 1 64 342687 -1 -1 -1 -1 -1 -1)
#(0 143 802 51 0 1 1 61 326769 -1 -1 -1 -1 -1 -1)
#(0 143 1153 44 0 2 1 61 324414 -1 -1 -1 -1 -1 -1)
#(0 143 431 69 0 2 1 60 317690 -1 -1 -1 -1 -1 -1)
#(0 143 429 72 0 2 1 58 310788 -1 -1 -1 -1 -1 -1)
#(0 143 1150 64 0 1 1 58 306533 -1 -1 -1 -1 -1 -1)
#(0 143 1459 34 0 2 1 50 267482 -1 -1 -1 -1 -1 -1)
#(0 143 1464 44 0 1 1 49 261715 -1 -1 -1 -1 -1 -1)
#(0 143 433 59 0 3 1 47 253171 -1 -1 -1 -1 -1 -1)
#(0 143 801 58 0 3 1 39 209556 -1 -1 -1 -1 -1 -1)
#(0 143 1454 41 0 1 1 37 198469 -1 -1 -1 -1 -1 -1)
#(4 143 1454 -1 0 -1 -1 -1 -1 45 0 0 0 0 -1)
#(0 144 1777 26 0 0 0 3 16276 -1 -1 -1 -1 -1 -1)
#(0 144 1474 32 0 3 0 3 17500 -1 -1 -1 -1 -1 -1)
#(0 144 1164 51 0 2 0 4 24979 -1 -1 -1 -1 -1 -1)
#(0 144 810 55 0 1 0 4 22337 -1 -1 -1 -1 -1 -1)
#(0 144 812 54 0 2 0 5 28028 -1 -1 -1 -1 -1 -1)
#(0 144 1779 20 0 0 0 7 37279 -1 -1 -1 -1 -1 -1)
#(0 144 1463 33 0 2 0 7 38700 -1 -1 -1 -1 -1 -1)
#(0 144 808 62 0 2 0 8 45049 -1 -1 -1 -1 -1 -1)
#(0 144 1149 72 0 2 0 8 47099 -1 -1 -1 -1 -1 -1)
#(0 144 446 48 0 2 0 9 49851 -1 -1 -1 -1 -1 -1)
#(0 144 452 62 0 1 0 10 57585 -1 -1 -1 -1 -1 -1)
#(0 144 1770 28 0 0 0 14 74397 -1 -1 -1 -1 -1 -1)
#(0 144 436 59 0 2 0 18 99406 -1 -1 -1 -1 -1 -1)
#(0 144 813 64 0 2 0 19 102225 -1 -1 -1 -1 -1 -1)
#(0 144 440 44 0 1 0 20 107218 -1 -1 -1 -1 -1 -1)
#(0 144 453 57 0 2 0 23 125428 -1 -1 -1 -1 -1 -1)
#(0 144 448 66 0 3 0 27 143159 -1 -1 -1 -1 -1 -1)
#(0 144 1784 28 0 0 0 29 153572 -1 -1 -1 -1 -1 -1)
#(0 144 1776 23 0 0 0 35 185175 -1 -1 -1 -1 -1 -1)
#(0 144 1473 20 0 3 0 35 185821 -1 -1 -1 -1 -1 -1)
#(0 144 809 67 0 1 0 36 192905 -1 -1 -1 -1 -1 -1)
#(0 144 437 51 0 2 0 37 198239 -1 -1 -1 -1 -1 -1)
#(0 144 1773 29 0 0 0 43 227529 -1 -1 -1 -1 -1 -1)
#(0 144 811 62 0 2 0 45 239784 -1 -1 -1 -1 -1 -1)
#(0 144 1778 25 0 0 0 55 290803 -1 -1 -1 -1 -1 -1)
#(0 144 806 67 0 2 0 57 303741 -1 -1 -1 -1 -1 -1)
#(0 144 1774 29 0 0 0 58 306729 -1 -1 -1 -1 -1 -1)
#(0 144 439 44 0 2 0 59 313063 -1 -1 -1 -1 -1 -1)
#(0 144 1470 46 0 1 0 63 335011 -1 -1 -1 -1 -1 -1)
#(0 144 1472 20 0 2 0 76 402319 -1 -1 -1 -1 -1 -1)
#(0 144 1469 35 0 1 0 84 445361 -1 -1 -1 -1 -1 -1)
#(0 144 442 59 0 3 1 98 518671 -1 -1 -1 -1 -1 -1)
#(0 144 445 74 0 2 1 96 511630 -1 -1 -1 -1 -1 -1)
#(0 144 1465 26 0 2 1 96 510809 -1 -1 -1 -1 -1 -1)
#(0 144 1158 57 0 2 1 94 497385 -1 -1 -1 -1 -1 -1)
#(0 144 1142 55 0 2 1 93 492938 -1 -1 -1 -1 -1 -1)
#(0 144 1471 46 0 1 1 92 488644 -1 -1 -1 -1 -1 -1)
#(0 144 1782 26 0 0 1 91 485338 -1 -1 -1 -1 -1 -1)
#(0 144 1467 26 0 2 1 91 484497 -1 -1 -1 -1 -1 -1)
#(0 144 1159 58 0 2 1 90 475585 -1 -1 -1 -1 -1 -1)
#(0 144 1771 25 0 0 1 89 474767 -1 -1 -1 -1 -1 -1)
#(0 144 451 61 0 1 1 89 474479 -1 -1 -1 -1 -1 -1)
#(0 144 814 65 0 3 1 89 473254 -1 -1 -1 -1 -1 -1)
#(0 144 441 44 0 1 1 89 473580 -1 -1 -1 -1 -1 -1)
#(0 144 1780 25 0 0 1 85 453683 -1 -1 -1 -1 -1 -1)
#(0 144 1156 67 0 2 1 84 448725 -1 -1 -1 -1 -1 -1)
#(0 144 1157 55 0 3 1 83 439065 -1 -1 -1 -1 -1 -1)
#(0 144 444 59 0 3 1 82 433838 -1 -1 -1 -1 -1 -1)
#(0 144 447 65 0 3 1 81 429114 -1 -1 -1 -1 -1 -1)
#(0 144 1165 52 0 2 1 77 407989 -1 -1 -1 -1 -1 -1)
#(0 144 432 54 0 1 1 76 403653 -1 -1 -1 -1 -1 -1)
#(0 144 1772 27 0 0 1 75 400849 -1 -1 -1 -1 -1 -1)
#(0 144 438 51 0 2 1 73 387915 -1 -1 -1 -1 -1 -1)
#(0 144 443 51 0 2 1 69 366786 -1 -1 -1 -1 -1 -1)
#(0 144 803 54 0 2 1 69 368488 -1 -1 -1 -1 -1 -1)
#(0 144 1781 30 0 0 1 64 342701 -1 -1 -1 -1 -1 -1)
#(0 144 807 62 0 2 1 64 341586 -1 -1 -1 -1 -1 -1)
#(0 144 815 59 0 1 1 60 320300 -1 -1 -1 -1 -1 -1)
#(0 144 1162 62 0 2 1 57 301559 -1 -1 -1 -1 -1 -1)
#(0 144 1769 25 0 0 1 55 295256 -1 -1 -1 -1 -1 -1)
#(0 144 804 51 0 3 1 54 289356 -1 -1 -1 -1 -1 -1)
#(0 144 1160 57 0 2 1 54 286072 -1 -1 -1 -1 -1 -1)
#(0 144 1466 32 0 2 1 52 278195 -1 -1 -1 -1 -1 -1)
#(0 144 450 62 0 2 1 49 259266 -1 -1 -1 -1 -1 -1)
#(0 144 1775 27 0 0 1 48 258270 -1 -1 -1 -1 -1 -1)
#(0 144 1161 74 0 2 1 45 242221 -1 -1 -1 -1 -1 -1)
#(0 144 1468 31 0 2 1 38 204321 -1 -1 -1 -1 -1 -1)
#(0 144 1461 41 0 1 1 37 198511 -1 -1 -1 -1 -1 -1)
#(0 144 1783 27 0 0 1 26 142126 -1 -1 -1 -1 -1 -1)
#(0 145 1178 59 0 3 0 2 15080 -1 -1 -1 -1 -1 -1)
#(0 145 826 44 0 2 0 4 25953 -1 -1 -1 -1 -1 -1)
#(0 145 1173 55 0 1 0 7 41017 -1 -1 -1 -1 -1 -1)
#(0 145 1179 48 0 1 0 10 56599 -1 -1 -1 -1 -1 -1)
#(0 145 824 60 0 1 0 11 60193 -1 -1 -1 -1 -1 -1)
#(0 145 1478 22 0 3 0 11 59244 -1 -1 -1 -1 -1 -1)
#(0 145 455 44 0 3 0 14 75485 -1 -1 -1 -1 -1 -1)
#(0 145 1182 59 0 1 0 15 83477 -1 -1 -1 -1 -1 -1)
#(0 145 1180 49 0 1 0 17 93348 -1 -1 -1 -1 -1 -1)
#(0 145 819 54 0 2 0 20 106713 -1 -1 -1 -1 -1 -1)
#(0 145 462 44 0 1 0 21 112470 -1 -1 -1 -1 -1 -1)
#(0 145 1175 47 0 2 0 24 130020 -1 -1 -1 -1 -1 -1)
#(0 145 1481 36 0 1 0 25 133861 -1 -1 -1 -1 -1 -1)
#(0 145 1476 37 0 3 0 26 139233 -1 -1 -1 -1 -1 -1)
#(0 145 457 59 0 3 0 26 142553 -1 -1 -1 -1 -1 -1)
#(0 145 459 44 0 2 0 30 159995 -1 -1 -1 -1 -1 -1)
#(0 145 1184 51 0 3 0 32 172520 -1 -1 -1 -1 -1 -1)
#(0 145 1477 20 0 2 0 32 169993 -1 -1 -1 -1 -1 -1)
#(0 145 822 64 0 2 0 34 181937 -1 -1 -1 -1 -1 -1)
#(0 145 818 44 0 1 0 34 184400 -1 -1 -1 -1 -1 -1)
#(0 145 454 44 0 2 0 37 196928 -1 -1 -1 -1 -1 -1)
#(0 145 1785 30 0 0 0 42 222285 -1 -1 -1 -1 -1 -1)
#(0 145 831 61 0 1 0 42 224044 -1 -1 -1 -1 -1 -1)
#(0 145 1183 72 0 2 0 43 227101 -1 -1 -1 -1 -1 -1)
#(0 145 456 56 0 1 0 45 241408 -1 -1 -1 -1 -1 -1)
#(0 145 1174 55 0 2 0 48 257471 -1 -1 -1 -1 -1 -1)
#(0 145 1482 42 0 3 0 48 255551 -1 -1 -1 -1 -1 -1)
#(0 145 1480 25 0 2 0 65 344510 -1 -1 -1 -1 -1 -1)
#(0 145 1788 27 0 0 0 67 354223 -1 -1 -1 -1 -1 -1)
#(0 145 1787 27 0 0 0 70 370056 -1 -1 -1 -1 -1 -1)
#(0 145 1176 70 0 1 0 88 464911 -1 -1 -1 -1 -1 -1)
#(0 145 1151 63 0 2 1 99 523860 -1 -1 -1 -1 -1 -1)
#(0 145 1792 26 0 0 1 97 517011 -1 -1 -1 -1 -1 -1)
#(0 145 1167 67 0 1 1 96 512135 -1 -1 -1 -1 -1 -1)
#(0 145 1790 25 0 0 1 94 501193 -1 -1 -1 -1 -1 -1)
#(0 145 1786 26 0 0 1 89 474766 -1 -1 -1 -1 -1 -1)
#(0 145 1177 63 0 1 1 89 470017 -1 -1 -1 -1 -1 -1)
#(0 145 1794 27 0 0 1 88 469476 -1 -1 -1 -1 -1 -1)
#(0 145 1166 64 0 1 1 86 459174 -1 -1 -1 -1 -1 -1)
#(0 145 458 57 0 3 1 84 444848 -1 -1 -1 -1 -1 -1)
#(0 145 461 64 0 1 1 82 437688 -1 -1 -1 -1 -1 -1)
#(0 145 1171 48 0 2 1 81 429737 -1 -1 -1 -1 -1 -1)
#(0 145 827 56 0 1 1 77 410430 -1 -1 -1 -1 -1 -1)
#(0 145 828 49 0 3 1 76 404112 -1 -1 -1 -1 -1 -1)
#(0 145 825 51 0 2 1 75 400655 -1 -1 -1 -1 -1 -1)
#(0 145 1170 58 0 1 1 75 397164 -1 -1 -1 -1 -1 -1)
#(0 145 1169 51 0 2 1 72 381793 -1 -1 -1 -1 -1 -1)
#(0 145 830 54 0 2 1 67 357723 -1 -1 -1 -1 -1 -1)
#(0 145 1479 24 0 3 1 67 357736 -1 -1 -1 -1 -1 -1)
#(0 145 817 44 0 3 1 67 354129 -1 -1 -1 -1 -1 -1)
#(0 145 1172 51 0 2 1 66 350158 -1 -1 -1 -1 -1 -1)
#(0 145 805 54 0 3 1 61 326554 -1 -1 -1 -1 -1 -1)
#(0 145 823 55 0 2 1 52 278667 -1 -1 -1 -1 -1 -1)
#(0 145 816 60 0 2 1 51 272427 -1 -1 -1 -1 -1 -1)
#(0 145 1791 26 0 0 1 46 247730 -1 -1 -1 -1 -1 -1)
#(0 145 820 72 0 2 1 43 228230 -1 -1 -1 -1 -1 -1)
#(0 145 1789 33 0 0 1 41 221188 -1 -1 -1 -1 -1 -1)
#(0 145 1793 23 0 0 1 36 194988 -1 -1 -1 -1 -1 -1)
#(0 145 1168 57 0 1 1 25 132972 -1 -1 -1 -1 -1 -1)
#(0 145 821 51 0 2 1 22 120773 -1 -1 -1 -1 -1 -1)
#(0 145 464 44 0 2 1 11 61793 -1 -1 -1 -1 -1 -1)
#(0 146 1475 28 0 2 0 3 17348 -1 -1 -1 -1 -1 -1)
#(0 146 467 59 0 2 0 6 36099 -1 -1 -1 -1 -1 -1)
#(0 146 1805 30 0 0 0 8 42732 -1 -1 -1 -1 -1 -1)
#(0 146 463 51 0 1 0 10 55566 -1 -1 -1 -1 -1 -1)
#(0 146 1485 24 0 2 0 10 54085 -1 -1 -1 -1 -1 -1)
#(0 146 1187 55 0 2 0 12 67319 -1 -1 -1 -1 -1 -1)
#(0 146 829 62 0 2 0 20 106985 -1 -1 -1 -1 -1 -1)
#(0 146 842 57 0 3 0 24 128179 -1 -1 -1 -1 -1 -1)
#(0 146 1796 23 0 0 0 25 132381 -1 -1 -1 -1 -1 -1)
#(0 146 1486 26 0 2 0 25 133281 -1 -1 -1 -1 -1 -1)
#(0 146 1797 34 0 0 0 30 158975 -1 -1 -1 -1 -1 -1)
#(0 146 1193 49 0 2 0 31 167096 -1 -1 -1 -1 -1 -1)
#(0 146 1483 28 0 2 0 31 165184 -1 -1 -1 -1 -1 -1)
#(0 146 1804 20 0 0 0 33 174562 -1 -1 -1 -1 -1 -1)
#(0 146 835 75 0 2 0 33 176513 -1 -1 -1 -1 -1 -1)
#(0 146 1800 30 0 0 0 39 206425 -1 -1 -1 -1 -1 -1)
#(0 146 1802 25 0 0 0 41 216887 -1 -1 -1 -1 -1 -1)
#(0 146 1484 26 0 2 0 45 239002 -1 -1 -1 -1 -1 -1)
#(0 146 1494 37 0 1 0 46 244778 -1 -1 -1 -1 -1 -1)
#(0 146 474 70 0 3 0 48 254888 -1 -1 -1 -1 -1 -1)
#(0 146 837 67 0 2 0 50 265782 -1 -1 -1 -1 -1 -1)
#(0 146 843 67 0 3 0 51 272240 -1 -1 -1 -1 -1 -1)
#(0 146 1492 21 0 2 0 54 286162 -1 -1 -1 -1 -1 -1)
#(0 146 1801 24 0 0 0 55 290794 -1 -1 -1 -1 -1 -1)
#(0 146 465 57 0 3 0 55 294381 -1 -1 -1 -1 -1 -1)
#(0 146 1489 27 0 2 0 75 397412 -1 -1 -1 -1 -1 -1)
#(0 146 1795 26 0 0 1 99 527570 -1 -1 -1 -1 -1 -1)
#(0 146 1491 30 0 2 1 95 505310 -1 -1 -1 -1 -1 -1)
#(0 146 1798 23 0 0 1 94 501239 -1 -1 -1 -1 -1 -1)
#(0 146 1163 50 0 1 1 93 493105 -1 -1 -1 -1 -1 -1)
#(0 146 473 61 0 2 1 92 486120 -1 -1 -1 -1 -1 -1)
#(0 146 449 58 0 3 1 89 472225 -1 -1 -1 -1 -1 -1)
#(0 146 833 59 0 2 1 89 473713 -1 -1 -1 -1 -1 -1)
#(0 146 1181 62 0 2 1 87 459837 -1 -1 -1 -1 -1 -1)
#(0 146 1799 30 0 0 1 84 448294 -1 -1 -1 -1 -1 -1)
#(0 146 475 44 0 1 1 83 441967 -1 -1 -1 -1 -1 -1)
#(0 146 839 59 0 2 1 80 426321 -1 -1 -1 -1 -1 -1)
#(0 146 1803 26 0 0 1 79 421977 -1 -1 -1 -1 -1 -1)
#(0 146 834 59 0 2 1 73 388960 -1 -1 -1 -1 -1 -1)
#(0 146 1490 27 0 2 1 72 384029 -1 -1 -1 -1 -1 -1)
#(0 146 466 60 0 2 1 69 365729 -1 -1 -1 -1 -1 -1)
#(0 146 841 60 0 1 1 69 368395 -1 -1 -1 -1 -1 -1)
#(0 146 1487 29 0 3 1 68 362794 -1 -1 -1 -1 -1 -1)
#(0 146 1185 58 0 2 1 67 354221 -1 -1 -1 -1 -1 -1)
#(0 146 1186 55 0 1 1 63 333471 -1 -1 -1 -1 -1 -1)
#(0 146 1194 48 0 2 1 62 329401 -1 -1 -1 -1 -1 -1)
#(0 146 1189 44 0 2 1 59 313796 -1 -1 -1 -1 -1 -1)
#(0 146 838 59 0 3 1 54 288629 -1 -1 -1 -1 -1 -1)
#(0 146 1191 59 0 3 1 50 264765 -1 -1 -1 -1 -1 -1)
#(0 146 832 58 0 2 1 46 246182 -1 -1 -1 -1 -1 -1)
#(0 146 469 56 0 4 1 39 206340 -1 -1 -1 -1 -1 -1)
#(0 146 470 59 0 1 1 37 196253 -1 -1 -1 -1 -1 -1)
#(0 146 1190 57 0 3 1 16 85393 -1 -1 -1 -1 -1 -1)
#(0 146 1493 54 0 1 1 12 65849 -1 -1 -1 -1 -1 -1)
#(0 146 1488 51 0 1 1 10 55398 -1 -1 -1 -1 -1 -1)
#(0 146 1192 54 0 2 1 9 48876 -1 -1 -1 -1 -1 -1)
#(0 147 1199 62 0 2 0 0 4925 -1 -1 -1 -1 -1 -1)
#(0 147 1813 28 0 0 0 1 5745 -1 -1 -1 -1 -1 -1)
#(0 147 1203 51 0 2 0 1 8897 -1 -1 -1 -1 -1 -1)
#(0 147 1204 57 0 1 0 2 14763 -1 -1 -1 -1 -1 -1)
#(4 147 1204 -1 0 -1 -1 -1 -1 46 0 0 0 0 -1)
#(0 147 1499 47 0 3 0 2 12966 -1 -1 -1 -1 -1 -1)
#(0 147 1810 26 0 0 0 4 21554 -1 -1 -1 -1 -1 -1)
#(0 147 836 44 0 2 0 4 25875 -1 -1 -1 -1 -1 -1)
#(0 147 851 65 0 2 0 8 44851 -1 -1 -1 -1 -1 -1)
#(0 147 476 57 0 3 0 10 56383 -1 -1 -1 -1 -1 -1)
#(0 147 854 59 0 2 0 10 54539 -1 -1 -1 -1 -1 -1)
#(0 147 1495 24 0 2 0 10 54067 -1 -1 -1 -1 -1 -1)
#(0 147 848 60 0 2 0 11 60036 -1 -1 -1 -1 -1 -1)
#(0 147 1188 64 0 2 0 12 67583 -1 -1 -1 -1 -1 -1)
#(0 147 1503 43 0 1 0 13 70918 -1 -1 -1 -1 -1 -1)
#(0 147 1202 71 0 2 0 14 74490 -1 -1 -1 -1 -1 -1)
#(0 147 1201 56 0 1 0 14 78033 -1 -1 -1 -1 -1 -1)
#(0 147 460 57 0 3 0 14 77138 -1 -1 -1 -1 -1 -1)
#(0 147 1806 32 0 0 0 20 106152 -1 -1 -1 -1 -1 -1)
#(0 147 1198 55 0 2 0 21 114905 -1 -1 -1 -1 -1 -1)
#(0 147 468 64 0 3 0 21 114283 -1 -1 -1 -1 -1 -1)
#(0 147 1809 26 0 0 0 23 121873 -1 -1 -1 -1 -1 -1)
#(0 147 1195 47 0 2 0 24 130059 -1 -1 -1 -1 -1 -1)
#(0 147 1196 57 0 1 0 25 136202 -1 -1 -1 -1 -1 -1)
#(0 147 477 64 0 2 0 33 174330 -1 -1 -1 -1 -1 -1)
#(0 147 855 57 0 2 0 34 180965 -1 -1 -1 -1 -1 -1)
#(0 147 1498 20 0 2 0 41 217522 -1 -1 -1 -1 -1 -1)
#(0 147 471 56 0 3 0 45 241860 -1 -1 -1 -1 -1 -1)
#(0 147 1501 25 0 2 0 49 260025 -1 -1 -1 -1 -1 -1)
#(0 147 1814 34 0 0 0 56 296234 -1 -1 -1 -1 -1 -1)
#(0 147 844 62 0 1 0 60 319171 -1 -1 -1 -1 -1 -1)
#(0 147 479 51 0 2 0 63 335444 -1 -1 -1 -1 -1 -1)
#(0 147 483 51 0 1 0 71 377730 -1 -1 -1 -1 -1 -1)
#(0 147 845 57 0 2 1 98 521155 -1 -1 -1 -1 -1 -1)
#(0 147 1502 22 0 3 1 98 521536 -1 -1 -1 -1 -1 -1)
#(0 147 852 58 0 2 1 95 505558 -1 -1 -1 -1 -1 -1)
#(0 147 1496 37 0 2 1 93 494396 -1 -1 -1 -1 -1 -1)
#(0 147 849 51 0 2 1 92 489884 -1 -1 -1 -1 -1 -1)
#(0 147 481 53 0 1 1 87 461418 -1 -1 -1 -1 -1 -1)
#(0 147 472 63 0 2 1 84 444092 -1 -1 -1 -1 -1 -1)
#(0 147 1808 27 0 0 1 82 437792 -1 -1 -1 -1 -1 -1)
#(0 147 1811 24 0 0 1 77 411439 -1 -1 -1 -1 -1 -1)
#(0 147 840 61 0 2 1 77 410126 -1 -1 -1 -1 -1 -1)
#(0 147 846 65 0 2 1 76 404309 -1 -1 -1 -1 -1 -1)
#(0 147 1812 30 0 0 1 75 400784 -1 -1 -1 -1 -1 -1)
#(0 147 1497 25 0 2 1 71 378838 -1 -1 -1 -1 -1 -1)
#(0 147 847 53 0 3 1 67 357987 -1 -1 -1 -1 -1 -1)
#(0 147 478 71 0 1 1 66 348596 -1 -1 -1 -1 -1 -1)
#(0 147 482 51 0 3 1 63 335522 -1 -1 -1 -1 -1 -1)
#(0 147 1815 25 0 0 1 62 332245 -1 -1 -1 -1 -1 -1)
#(0 147 1500 52 0 3 1 59 314086 -1 -1 -1 -1 -1 -1)
#(0 147 850 54 0 1 1 55 294574 -1 -1 -1 -1 -1 -1)
#(0 147 853 75 0 2 1 40 212327 -1 -1 -1 -1 -1 -1)
#(0 147 1197 70 0 2 1 34 184442 -1 -1 -1 -1 -1 -1)
#(0 147 1205 59 0 2 1 30 159200 -1 -1 -1 -1 -1 -1)
#(0 147 1807 26 0 0 1 26 142119 -1 -1 -1 -1 -1 -1)
#(0 148 863 57 0 1 0 1 6776 -1 -1 -1 -1 -1 -1)
#(0 148 1212 54 0 1 0 10 56919 -1 -1 -1 -1 -1 -1)
#(0 148 1505 32 0 2 0 16 86233 -1 -1 -1 -1 -1 -1)
#(0 148 1821 26 0 0 0 18 95456 -1 -1 -1 -1 -1 -1)
#(0 148 1209 44 0 2 0 19 103300 -1 -1 -1 -1 -1 -1)
#(0 148 1213 58 0 1 0 23 125954 -1 -1 -1 -1 -1 -1)
#(0 148 865 65 0 1 0 24 128830 -1 -1 -1 -1 -1 -1)
#(0 148 491 64 0 3 0 30 158902 -1 -1 -1 -1 -1 -1)
#(0 148 487 64 0 2 0 31 168903 -1 -1 -1 -1 -1 -1)
#(0 148 1512 26 0 2 0 43 228383 -1 -1 -1 -1 -1 -1)
#(0 148 1513 20 0 2 0 46 243904 -1 -1 -1 -1 -1 -1)
#(0 148 864 65 0 2 0 48 255763 -1 -1 -1 -1 -1 -1)
#(0 148 1506 50 0 3 0 52 277216 -1 -1 -1 -1 -1 -1)
#(0 148 1818 34 0 0 0 54 285705 -1 -1 -1 -1 -1 -1)
#(0 148 492 70 0 1 0 55 291547 -1 -1 -1 -1 -1 -1)
#(0 148 857 57 0 2 0 56 297292 -1 -1 -1 -1 -1 -1)
#(0 148 1208 51 0 1 0 58 309880 -1 -1 -1 -1 -1 -1)
#(0 148 1210 61 0 2 0 59 316121 -1 -1 -1 -1 -1 -1)
#(0 148 858 70 0 3 0 68 362446 -1 -1 -1 -1 -1 -1)
#(0 148 1504 21 0 2 0 80 423470 -1 -1 -1 -1 -1 -1)
#(0 148 1822 24 0 0 1 94 501213 -1 -1 -1 -1 -1 -1)
#(0 148 866 54 0 1 1 94 500172 -1 -1 -1 -1 -1 -1)
#(0 148 490 69 0 3 1 93 496248 -1 -1 -1 -1 -1 -1)
#(0 148 1816 28 0 0 1 91 485284 -1 -1 -1 -1 -1 -1)
#(0 148 1510 37 0 3 1 90 478578 -1 -1 -1 -1 -1 -1)
#(0 148 860 55 0 1 1 88 468854 -1 -1 -1 -1 -1 -1)
#(0 148 1211 59 0 2 1 80 423714 -1 -1 -1 -1 -1 -1)
#(0 148 1817 34 0 0 1 74 395407 -1 -1 -1 -1 -1 -1)
#(0 148 1207 51 0 1 1 74 392626 -1 -1 -1 -1 -1 -1)
#(0 148 486 64 0 2 1 73 386366 -1 -1 -1 -1 -1 -1)
#(0 148 1823 28 0 0 1 72 384982 -1 -1 -1 -1 -1 -1)
#(0 148 1509 20 0 2 1 66 352735 -1 -1 -1 -1 -1 -1)
#(0 148 862 54 0 3 1 64 342166 -1 -1 -1 -1 -1 -1)
#(0 148 859 67 0 3 1 63 335865 -1 -1 -1 -1 -1 -1)
#(0 148 489 57 0 2 1 61 323289 -1 -1 -1 -1 -1 -1)
#(0 148 1507 37 0 3 1 61 325461 -1 -1 -1 -1 -1 -1)
#(0 148 1206 54 0 3 1 60 317939 -1 -1 -1 -1 -1 -1)
#(0 148 493 68 0 1 1 58 311460 -1 -1 -1 -1 -1 -1)
#(0 148 1214 57 0 3 1 57 302069 -1 -1 -1 -1 -1 -1)
#(0 148 494 64 0 2 1 57 301656 -1 -1 -1 -1 -1 -1)
#(0 148 1511 40 0 1 1 56 298915 -1 -1 -1 -1 -1 -1)
#(0 148 1508 27 0 2 1 54 289030 -1 -1 -1 -1 -1 -1)
#(0 148 1820 27 0 0 1 51 274110 -1 -1 -1 -1 -1 -1)
#(0 148 1215 75 0 2 1 25 136475 -1 -1 -1 -1 -1 -1)
#(0 148 485 75 0 2 1 25 135056 -1 -1 -1 -1 -1 -1)
#(0 149 1521 31 0 2 0 0 1606 -1 -1 -1 -1 -1 -1)
#(0 149 1835 28 0 0 0 2 11011 -1 -1 -1 -1 -1 -1)
#(0 149 1518 26 0 2 0 3 17204 -1 -1 -1 -1 -1 -1)
#(0 149 1223 53 0 3 0 4 25130 -1 -1 -1 -1 -1 -1)
#(0 149 873 66 0 2 0 5 26888 -1 -1 -1 -1 -1 -1)
#(0 149 1220 50 0 1 0 5 29802 -1 -1 -1 -1 -1 -1)
#(0 149 1831 25 0 0 0 10 53212 -1 -1 -1 -1 -1 -1)
#(0 149 1828 32 0 0 0 11 58623 -1 -1 -1 -1 -1 -1)
#(0 149 1519 35 0 2 0 12 65202 -1 -1 -1 -1 -1 -1)
#(0 149 869 44 0 2 0 13 73596 -1 -1 -1 -1 -1 -1)
#(0 149 1824 29 0 0 0 19 100823 -1 -1 -1 -1 -1 -1)
#(0 149 1200 59 0 2 0 21 114992 -1 -1 -1 -1 -1 -1)
#(0 149 484 46 0 1 0 21 112536 -1 -1 -1 -1 -1 -1)
#(0 149 1218 70 0 3 0 23 121619 -1 -1 -1 -1 -1 -1)
#(0 149 1827 22 0 0 0 25 132374 -1 -1 -1 -1 -1 -1)
#(0 149 1221 60 0 2 0 25 136253 -1 -1 -1 -1 -1 -1)
#(0 149 497 57 0 2 0 26 137741 -1 -1 -1 -1 -1 -1)
#(0 149 500 57 0 2 0 27 146618 -1 -1 -1 -1 -1 -1)
#(0 149 488 70 0 1 0 32 169763 -1 -1 -1 -1 -1 -1)
#(0 149 867 57 0 2 0 54 286733 -1 -1 -1 -1 -1 -1)
#(0 149 1219 64 0 2 0 56 300646 -1 -1 -1 -1 -1 -1)
#(0 149 872 59 0 2 0 57 302878 -1 -1 -1 -1 -1 -1)
#(0 149 502 57 0 3 0 72 384128 -1 -1 -1 -1 -1 -1)
#(0 149 1517 22 0 2 1 98 521541 -1 -1 -1 -1 -1 -1)
#(0 149 1520 33 0 3 1 95 505133 -1 -1 -1 -1 -1 -1)
#(0 149 861 54 0 2 1 95 505768 -1 -1 -1 -1 -1 -1)
#(0 149 498 64 0 1 1 92 490738 -1 -1 -1 -1 -1 -1)
#(0 149 1819 28 0 0 1 91 485289 -1 -1 -1 -1 -1 -1)
#(0 149 1832 23 0 0 1 89 474826 -1 -1 -1 -1 -1 -1)
#(0 149 1825 26 0 0 1 88 469480 -1 -1 -1 -1 -1 -1)
#(4 149 1825 -1 0 -1 -1 -1 -1 47 0 0 0 0 -1)
#(0 149 871 58 0 2 1 88 468342 -1 -1 -1 -1 -1 -1)
#(0 149 1515 43 0 2 1 86 457125 -1 -1 -1 -1 -1 -1)
#(0 149 499 55 0 2 1 85 450486 -1 -1 -1 -1 -1 -1)
#(0 149 503 55 0 1 1 83 440770 -1 -1 -1 -1 -1 -1)
#(0 149 868 66 0 2 1 83 442315 -1 -1 -1 -1 -1 -1)
#(0 149 1514 44 0 3 1 77 409466 -1 -1 -1 -1 -1 -1)
#(0 149 1222 44 0 3 1 74 392979 -1 -1 -1 -1 -1 -1)
#(0 149 870 57 0 2 1 63 336632 -1 -1 -1 -1 -1 -1)
#(0 149 1522 37 0 3 1 62 330709 -1 -1 -1 -1 -1 -1)
#(0 149 1217 74 0 1 1 55 295208 -1 -1 -1 -1 -1 -1)
#(0 149 874 62 0 2 1 54 288731 -1 -1 -1 -1 -1 -1)
#(0 149 1834 30 0 0 1 53 284622 -1 -1 -1 -1 -1 -1)
#(0 149 1216 51 0 1 1 46 244501 -1 -1 -1 -1 -1 -1)
#(0 149 1830 34 0 0 1 45 242298 -1 -1 -1 -1 -1 -1)
#(0 149 1516 43 0 2 1 42 224810 -1 -1 -1 -1 -1 -1)
#(0 149 496 64 0 3 1 37 195400 -1 -1 -1 -1 -1 -1)
#(0 150 1225 43 0 2 0 0 2910 -1 -1 -1 -1 -1 -1)
#(0 150 1838 23 0 0 0 1 5673 -1 -1 -1 -1 -1 -1)
#(0 150 884 51 0 3 0 2 11060 -1 -1 -1 -1 -1 -1)
#(0 150 877 64 0 1 0 3 18399 -1 -1 -1 -1 -1 -1)
#(0 150 1524 32 0 2 0 4 22757 -1 -1 -1 -1 -1 -1)
#(0 150 1543 36 0 2 0 8 44146 -1 -1 -1 -1 -1 -1)
#(0 150 1527 28 0 2 0 9 49104 -1 -1 -1 -1 -1 -1)
#(0 150 1833 30 0 0 0 11 58592 -1 -1 -1 -1 -1 -1)
#(0 150 101 61 0 3 0 11 61108 -1 -1 -1 -1 -1 -1)
#(0 150 1846 32 0 0 0 13 69162 -1 -1 -1 -1 -1 -1)
#(0 150 1847 23 0 0 0 14 74290 -1 -1 -1 -1 -1 -1)
#(0 150 1841 28 0 0 0 15 79678 -1 -1 -1 -1 -1 -1)
#(0 150 1525 21 0 2 0 16 85547 -1 -1 -1 -1 -1 -1)
#(0 150 1532 31 0 2 0 18 96658 -1 -1 -1 -1 -1 -1)
#(0 150 1826 28 0 0 0 19 100798 -1 -1 -1 -1 -1 -1)
#(0 150 1529 34 0 3 0 19 102105 -1 -1 -1 -1 -1 -1)
#(0 150 495 53 0 2 0 21 112855 -1 -1 -1 -1 -1 -1)
#(0 150 112 51 0 2 0 21 115978 -1 -1 -1 -1 -1 -1)
#(0 150 1229 51 0 1 0 22 119824 -1 -1 -1 -1 -1 -1)
#(0 150 113 63 0 2 0 24 129487 -1 -1 -1 -1 -1 -1)
#(0 150 1541 26 0 2 0 25 133352 -1 -1 -1 -1 -1 -1)
#(0 150 875 65 0 1 0 27 144351 -1 -1 -1 -1 -1 -1)
#(0 150 1535 45 0 3 0 29 155562 -1 -1 -1 -1 -1 -1)
#(0 150 111 71 0 3 0 31 168690 -1 -1 -1 -1 -1 -1)
#(0 150 878 64 0 1 0 33 175793 -1 -1 -1 -1 -1 -1)
#(0 150 887 67 0 3 0 37 198123 -1 -1 -1 -1 -1 -1)
#(0 150 505 64 0 1 0 40 211270 -1 -1 -1 -1 -1 -1)
#(0 150 104 58 0 2 0 41 218122 -1 -1 -1 -1 -1 -1)
#(0 150 102 55 0 2 0 43 228238 -1 -1 -1 -1 -1 -1)
#(0 150 1227 64 0 3 0 43 231869 -1 -1 -1 -1 -1 -1)
#(0 150 1848 32 0 0 0 45 238122 -1 -1 -1 -1 -1 -1)
#(0 150 513 68 0 3 0 45 238243 -1 -1 -1 -1 -1 -1)
#(0 150 108 66 0 2 0 45 241180 -1 -1 -1 -1 -1 -1)
#(0 150 1530 44 0 1 0 51 271592 -1 -1 -1 -1 -1 -1)
#(0 150 507 63 0 2 0 52 275211 -1 -1 -1 -1 -1 -1)
#(0 150 1232 44 0 3 0 56 298625 -1 -1 -1 -1 -1 -1)
#(0 150 1528 32 0 2 0 56 297356 -1 -1 -1 -1 -1 -1)
#(0 150 1226 44 0 1 0 58 309187 -1 -1 -1 -1 -1 -1)
#(0 150 115 67 0 1 0 61 325509 -1 -1 -1 -1 -1 -1)
#(0 150 509 55 0 1 0 65 346752 -1 -1 -1 -1 -1 -1)
#(0 150 1230 64 0 2 0 67 358523 -1 -1 -1 -1 -1 -1)
#(0 150 1542 35 0 1 0 79 418941 -1 -1 -1 -1 -1 -1)
#(0 150 1844 20 0 0 1 98 522389 -1 -1 -1 -1 -1 -1)
#(0 150 1845 23 0 0 1 96 511784 -1 -1 -1 -1 -1 -1)
#(0 150 110 69 0 2 1 96 507957 -1 -1 -1 -1 -1 -1)
#(0 150 876 58 0 2 1 94 500076 -1 -1 -1 -1 -1 -1)
#(0 150 1533 45 0 1 1 92 488686 -1 -1 -1 -1 -1 -1)
#(0 150 506 66 0 2 1 90 479557 -1 -1 -1 -1 -1 -1)
#(0 150 883 70 0 3 1 90 477545 -1 -1 -1 -1 -1 -1)
#(0 150 1829 26 0 0 1 88 469496 -1 -1 -1 -1 -1 -1)
#(0 150 1228 59 0 2 1 87 460114 -1 -1 -1 -1 -1 -1)
#(0 150 511 67 0 3 1 84 443976 -1 -1 -1 -1 -1 -1)
#(0 150 1837 26 0 0 1 82 437789 -1 -1 -1 -1 -1 -1)
#(0 150 1526 32 0 2 1 81 431306 -1 -1 -1 -1 -1 -1)
#(0 150 103 51 0 3 1 81 427885 -1 -1 -1 -1 -1 -1)
#(2 150 103 -1 -1 -1 -1 -1 -1 48 -1 -1 -1 -1 -1)
#(0 150 514 51 0 3 1 80 424898 -1 -1 -1 -1 -1 -1)
#(0 150 114 61 0 1 1 78 414078 -1 -1 -1 -1 -1 -1)
#(0 150 1842 24 0 0 1 77 411434 -1 -1 -1 -1 -1 -1)
#(0 150 1843 23 0 0 1 76 406175 -1 -1 -1 -1 -1 -1)
#(0 150 1531 45 0 1 1 76 404189 -1 -1 -1 -1 -1 -1)
#(0 150 886 54 0 2 1 71 378782 -1 -1 -1 -1 -1 -1)
#(0 150 1537 30 0 2 1 70 373310 -1 -1 -1 -1 -1 -1)
#(0 150 1523 21 0 3 1 69 368539 -1 -1 -1 -1 -1 -1)
#(0 150 109 59 0 1 1 67 356755 -1 -1 -1 -1 -1 -1)
#(0 150 116 55 0 2 1 66 351419 -1 -1 -1 -1 -1 -1)
#(0 150 1836 25 0 0 1 58 311099 -1 -1 -1 -1 -1 -1)
#(0 150 512 55 0 2 1 57 302657 -1 -1 -1 -1 -1 -1)
#(0 150 882 61 0 2 1 56 298860 -1 -1 -1 -1 -1 -1)
#(0 150 510 55 0 1 1 55 292429 -1 -1 -1 -1 -1 -1)
#(0 150 106 70 0 2 1 53 280746 -1 -1 -1 -1 -1 -1)
#(0 150 1840 25 0 0 1 50 268863 -1 -1 -1 -1 -1 -1)
#(0 150 107 70 0 3 1 47 248482 -1 -1 -1 -1 -1 -1)
#(0 150 885 49 0 1 1 46 246990 -1 -1 -1 -1 -1 -1)
#(0 150 1534 27 0 2 1 42 225651 -1 -1 -1 -1 -1 -1)
#(0 150 1224 68 0 2 1 42 221778 -1 -1 -1 -1 -1 -1)
#(0 150 879 62 0 1 1 41 219530 -1 -1 -1 -1 -1 -1)
#(0 150 880 57 0 2 1 32 172788 -1 -1 -1 -1 -1 -1)
#(0 150 508 56 0 4 1 26 137685 -1 -1 -1 -1 -1 -1)
#(0 150 1540 33 0 1 1 19 103876 -1 -1 -1 -1 -1 -1)
#(0 151 1547 29 0 2 0 0 1536 -1 -1 -1 -1 -1 -1)
#(0 151 1550 37 0 2 0 1 7215 -1 -1 -1 -1 -1 -1)
#(0 151 891 70 0 2 0 3 18411 -1 -1 -1 -1 -1 -1)
#(0 151 123 57 0 3 0 3 17071 -1 -1 -1 -1 -1 -1)
#(0 151 889 51 0 2 0 4 21769 -1 -1 -1 -1 -1 -1)
#(0 151 120 69 0 1 0 4 24730 -1 -1 -1 -1 -1 -1)
#(0 151 521 43 0 2 0 4 22652 -1 -1 -1 -1 -1 -1)
#(0 151 1552 40 0 2 0 7 39065 -1 -1 -1 -1 -1 -1)
#(0 151 893 62 0 1 0 9 50207 -1 -1 -1 -1 -1 -1)
#(0 151 1538 28 0 2 0 9 49060 -1 -1 -1 -1 -1 -1)
#(0 151 1853 23 0 0 0 10 53179 -1 -1 -1 -1 -1 -1)
#(0 151 1556 20 0 2 0 10 53843 -1 -1 -1 -1 -1 -1)
#(0 151 105 51 0 2 0 10 57784 -1 -1 -1 -1 -1 -1)
#(0 151 1559 25 0 2 0 11 59407 -1 -1 -1 -1 -1 -1)
#(0 151 1548 33 0 2 0 15 80890 -1 -1 -1 -1 -1 -1)
#(0 151 1851 28 0 0 0 16 84957 -1 -1 -1 -1 -1 -1)
#(0 151 1536 21 0 3 0 16 85559 -1 -1 -1 -1 -1 -1)
#(0 151 122 52 0 2 0 18 95298 -1 -1 -1 -1 -1 -1)
#(0 151 1849 27 0 0 0 23 121891 -1 -1 -1 -1 -1 -1)
#(0 151 504 55 0 2 0 27 146114 -1 -1 -1 -1 -1 -1)
#(0 151 1855 26 0 0 0 29 153547 -1 -1 -1 -1 -1 -1)
#(0 151 1546 27 0 2 0 31 165087 -1 -1 -1 -1 -1 -1)
#(0 151 1561 25 0 2 0 38 201947 -1 -1 -1 -1 -1 -1)
#(0 151 519 73 0 3 0 39 207152 -1 -1 -1 -1 -1 -1)
#(0 151 888 61 0 1 0 41 218189 -1 -1 -1 -1 -1 -1)
#(0 151 1545 22 0 2 0 41 217636 -1 -1 -1 -1 -1 -1)
#(0 151 516 53 0 3 0 42 226016 -1 -1 -1 -1 -1 -1)
#(0 151 895 44 0 1 0 42 226681 -1 -1 -1 -1 -1 -1)
#(0 151 117 70 0 3 0 46 247099 -1 -1 -1 -1 -1 -1)
#(0 151 518 44 0 2 0 48 255063 -1 -1 -1 -1 -1 -1)
#(0 151 896 71 0 1 0 51 272700 -1 -1 -1 -1 -1 -1)
#(0 151 525 55 0 2 0 61 325619 -1 -1 -1 -1 -1 -1)
#(0 151 1858 32 0 0 0 66 348995 -1 -1 -1 -1 -1 -1)
#(0 151 1231 51 0 2 0 67 357285 -1 -1 -1 -1 -1 -1)
#(0 151 1850 27 0 0 0 76 401738 -1 -1 -1 -1 -1 -1)
#(0 151 1554 22 0 3 1 98 521593 -1 -1 -1 -1 -1 -1)
#(0 151 1234 57 0 2 1 98 518366 -1 -1 -1 -1 -1 -1)
#(0 151 523 55 0 2 1 95 503334 -1 -1 -1 -1 -1 -1)
#(0 151 1235 62 0 2 1 95 502116 -1 -1 -1 -1 -1 -1)
#(0 151 881 60 0 3 1 88 468246 -1 -1 -1 -1 -1 -1)
#(0 151 1854 20 0 0 1 82 437915 -1 -1 -1 -1 -1 -1)
#(0 151 894 57 0 2 1 81 431296 -1 -1 -1 -1 -1 -1)
#(0 151 1233 59 0 1 1 79 417841 -1 -1 -1 -1 -1 -1)
#(0 151 524 50 0 3 1 78 414376 -1 -1 -1 -1 -1 -1)
#(0 151 898 44 0 2 1 78 412250 -1 -1 -1 -1 -1 -1)
#(0 151 1549 36 0 2 1 77 409935 -1 -1 -1 -1 -1 -1)
#(0 151 517 55 0 2 1 75 397758 -1 -1 -1 -1 -1 -1)
#(0 151 1557 45 0 2 1 75 398916 -1 -1 -1 -1 -1 -1)
#(0 151 1857 29 0 0 1 74 395524 -1 -1 -1 -1 -1 -1)
#(0 151 1852 27 0 0 1 73 390268 -1 -1 -1 -1 -1 -1)
#(0 151 1560 35 0 2 1 68 362480 -1 -1 -1 -1 -1 -1)
#(0 151 1553 51 0 1 1 64 340540 -1 -1 -1 -1 -1 -1)
#(0 151 520 75 0 1 1 59 315674 -1 -1 -1 -1 -1 -1)
#(0 151 1839 22 0 0 1 58 311165 -1 -1 -1 -1 -1 -1)
#(0 151 119 58 0 1 1 55 293465 -1 -1 -1 -1 -1 -1)
#(0 151 1236 55 0 3 1 53 281042 -1 -1 -1 -1 -1 -1)
#(0 151 118 61 0 2 1 50 266936 -1 -1 -1 -1 -1 -1)
#(0 151 890 57 0 3 1 50 267754 -1 -1 -1 -1 -1 -1)
#(0 151 1555 45 0 3 1 48 256359 -1 -1 -1 -1 -1 -1)
#(0 151 1238 65 0 2 1 46 243887 -1 -1 -1 -1 -1 -1)
#(0 151 124 62 0 1 1 46 245464 -1 -1 -1 -1 -1 -1)
#(0 151 1239 59 0 1 1 45 237869 -1 -1 -1 -1 -1 -1)
#(0 151 515 70 0 2 1 43 231426 -1 -1 -1 -1 -1 -1)
#(0 151 1539 24 0 2 1 42 225822 -1 -1 -1 -1 -1 -1)
#(0 151 1544 36 0 3 1 38 204033 -1 -1 -1 -1 -1 -1)
#(0 151 897 64 0 1 1 26 140107 -1 -1 -1 -1 -1 -1)
#(0 151 1240 55 0 1 1 24 127987 -1 -1 -1 -1 -1 -1)
#(0 152 1865 29 0 0 0 0 482 -1 -1 -1 -1 -1 -1)
#(0 152 1571 29 0 2 0 0 1492 -1 -1 -1 -1 -1 -1)
#(0 152 129 51 0 3 0 1 10372 -1 -1 -1 -1 -1 -1)
#(0 152 904 54 0 2 0 2 11259 -1 -1 -1 -1 -1 -1)
#(0 152 1562 33 0 2 0 4 22855 -1 -1 -1 -1 -1 -1)
#(0 152 914 56 0 3 0 4 22404 -1 -1 -1 -1 -1 -1)
#(0 152 130 67 0 2 0 6 34506 -1 -1 -1 -1 -1 -1)
#(0 152 1565 30 0 2 0 7 38532 -1 -1 -1 -1 -1 -1)
#(0 152 902 45 0 1 0 8 44016 -1 -1 -1 -1 -1 -1)
#(0 152 133 60 0 2 0 8 46563 -1 -1 -1 -1 -1 -1)
#(0 152 1558 27 0 2 0 9 48938 -1 -1 -1 -1 -1 -1)
#(0 152 128 60 0 3 0 10 56057 -1 -1 -1 -1 -1 -1)
#(0 152 910 58 0 2 0 10 54591 -1 -1 -1 -1 -1 -1)
#(0 152 1243 57 0 2 0 10 57158 -1 -1 -1 -1 -1 -1)
#(0 152 131 57 0 3 0 11 58853 -1 -1 -1 -1 -1 -1)
#(0 152 1245 62 0 2 0 11 62798 -1 -1 -1 -1 -1 -1)
#(0 152 1551 29 0 2 0 15 80746 -1 -1 -1 -1 -1 -1)
#(0 152 536 51 0 2 0 16 87356 -1 -1 -1 -1 -1 -1)
#(0 152 907 59 0 2 0 17 91479 -1 -1 -1 -1 -1 -1)
#(0 152 1863 30 0 0 0 18 95543 -1 -1 -1 -1 -1 -1)
#(0 152 1861 25 0 0 0 25 132420 -1 -1 -1 -1 -1 -1)
#(0 152 530 44 0 3 0 25 133632 -1 -1 -1 -1 -1 -1)
#(0 152 1564 26 0 2 0 25 133353 -1 -1 -1 -1 -1 -1)
#(0 152 522 58 0 1 0 27 146393 -1 -1 -1 -1 -1 -1)
#(0 152 1856 23 0 0 0 29 153485 -1 -1 -1 -1 -1 -1)
#(0 152 901 60 0 2 0 33 175445 -1 -1 -1 -1 -1 -1)
#(0 152 1569 44 0 3 0 34 181845 -1 -1 -1 -1 -1 -1)
#(0 152 533 51 0 3 0 39 208608 -1 -1 -1 -1 -1 -1)
#(0 152 892 51 0 1 0 41 217139 -1 -1 -1 -1 -1 -1)
#(0 152 527 61 0 2 0 41 221634 -1 -1 -1 -1 -1 -1)
#(0 152 1244 59 0 2 0 42 226290 -1 -1 -1 -1 -1 -1)
#(0 152 126 68 0 1 0 45 241195 -1 -1 -1 -1 -1 -1)
#(0 152 1248 62 0 2 0 47 252795 -1 -1 -1 -1 -1 -1)
#(0 152 534 64 0 2 0 50 264044 -1 -1 -1 -1 -1 -1)
#(0 152 899 52 0 1 0 52 275603 -1 -1 -1 -1 -1 -1)
#(0 152 526 70 0 3 0 52 275567 -1 -1 -1 -1 -1 -1)
#(0 152 132 62 0 1 0 60 318986 -1 -1 -1 -1 -1 -1)
#(0 152 1242 67 0 3 0 63 337705 -1 -1 -1 -1 -1 -1)
#(0 152 905 70 0 2 0 90 478499 -1 -1 -1 -1 -1 -1)
#(0 152 529 58 0 2 1 98 518491 -1 -1 -1 -1 -1 -1)
#(0 152 912 67 0 3 1 96 509200 -1 -1 -1 -1 -1 -1)
#(0 152 1568 20 0 2 1 95 505841 -1 -1 -1 -1 -1 -1)
#(0 152 1864 29 0 0 1 92 490557 -1 -1 -1 -1 -1 -1)
#(0 152 127 65 0 2 1 88 465751 -1 -1 -1 -1 -1 -1)
#(0 152 1237 61 0 2 1 87 460131 -1 -1 -1 -1 -1 -1)
#(0 152 528 57 0 3 1 85 450253 -1 -1 -1 -1 -1 -1)
#(0 152 1570 36 0 1 1 85 452214 -1 -1 -1 -1 -1 -1)
#(0 152 1866 20 0 0 1 83 443194 -1 -1 -1 -1 -1 -1)
#(0 152 909 48 0 2 1 80 426771 -1 -1 -1 -1 -1 -1)
#(0 152 1566 40 0 1 1 79 420352 -1 -1 -1 -1 -1 -1)
#(0 152 134 51 0 1 1 77 406875 -1 -1 -1 -1 -1 -1)
#(0 152 906 51 0 2 1 75 400617 -1 -1 -1 -1 -1 -1)
#(0 152 1860 24 0 0 1 73 390341 -1 -1 -1 -1 -1 -1)
#(0 152 900 64 0 3 1 73 388411 -1 -1 -1 -1 -1 -1)
#(0 152 125 62 0 2 1 68 362297 -1 -1 -1 -1 -1 -1)
#(0 152 908 58 0 3 1 68 362528 -1 -1 -1 -1 -1 -1)
#(0 152 121 54 0 1 1 66 351735 -1 -1 -1 -1 -1 -1)
#(0 152 911 62 0 2 1 65 346590 -1 -1 -1 -1 -1 -1)
#(0 152 903 59 0 1 1 64 341402 -1 -1 -1 -1 -1 -1)
#(0 152 1246 44 0 2 1 61 324430 -1 -1 -1 -1 -1 -1)
#(0 152 135 55 0 2 1 60 320766 -1 -1 -1 -1 -1 -1)
#(0 152 535 69 0 3 1 55 291093 -1 -1 -1 -1 -1 -1)
#(0 152 1247 65 0 2 1 54 285471 -1 -1 -1 -1 -1 -1)
#(0 152 1862 34 0 0 1 53 284542 -1 -1 -1 -1 -1 -1)
#(0 152 1563 43 0 1 1 51 272245 -1 -1 -1 -1 -1 -1)
#(0 152 137 55 0 2 1 49 263360 -1 -1 -1 -1 -1 -1)
#(0 152 1241 43 0 2 1 46 245261 -1 -1 -1 -1 -1 -1)
#(0 152 1567 28 0 2 1 41 220333 -1 -1 -1 -1 -1 -1)
#(0 152 537 55 0 3 1 33 176025 -1 -1 -1 -1 -1 -1)
#(0 152 531 64 0 2 1 28 153005 -1 -1 -1 -1 -1 -1)
#(0 152 1859 23 0 0 1 7 41845 -1 -1 -1 -1 -1 -1)
#(2 152 1859 -1 -1 -1 -1 -1 -1 49 -1 -1 -1 -1 -1)
#(0 153 140 58 0 1 0 3 17146 -1 -1 -1 -1 -1 -1)
#(0 153 1578 20 0 3 0 3 16870 -1 -1 -1 -1 -1 -1)
#(0 153 1574 40 0 3 0 5 28569 -1 -1 -1 -1 -1 -1)
#(2 153 1574 -1 -1 -1 -1 -1 -1 50 -1 -1 -1 -1 -1)
#(0 153 923 57 0 2 0 8 43538 -1 -1 -1 -1 -1 -1)
#(0 153 551 52 0 2 0 9 50594 -1 -1 -1 -1 -1 -1)
#(0 153 1250 63 0 2 0 13 73550 -1 -1 -1 -1 -1 -1)
#(0 153 543 55 0 2 0 18 98588 -1 -1 -1 -1 -1 -1)
#(0 153 146 70 0 2 0 18 97593 -1 -1 -1 -1 -1 -1)
#(0 153 542 59 0 1 0 21 114520 -1 -1 -1 -1 -1 -1)
#(0 153 144 75 0 3 0 22 119086 -1 -1 -1 -1 -1 -1)
#(0 153 918 62 0 2 0 23 123734 -1 -1 -1 -1 -1 -1)
#(0 153 916 55 0 2 0 25 133707 -1 -1 -1 -1 -1 -1)
#(0 153 922 55 0 3 0 26 138396 -1 -1 -1 -1 -1 -1)
#(0 153 1870 29 0 0 0 28 148323 -1 -1 -1 -1 -1 -1)
#(0 153 149 57 0 3 0 30 159626 -1 -1 -1 -1 -1 -1)
#(0 153 545 44 0 1 0 36 191618 -1 -1 -1 -1 -1 -1)
#(0 153 145 51 0 2 0 37 200521 -1 -1 -1 -1 -1 -1)
#(0 153 924 73 0 3 0 38 204636 -1 -1 -1 -1 -1 -1)
#(0 153 138 59 0 3 0 40 213034 -1 -1 -1 -1 -1 -1)
#(0 153 915 44 0 2 0 45 242562 -1 -1 -1 -1 -1 -1)
#(0 153 548 70 0 1 0 53 280947 -1 -1 -1 -1 -1 -1)
#(0 153 1869 23 0 0 0 63 333025 -1 -1 -1 -1 -1 -1)
#(0 153 917 44 0 2 0 75 400903 -1 -1 -1 -1 -1 -1)
#(0 153 148 44 0 4 0 94 501013 -1 -1 -1 -1 -1 -1)
#(0 153 544 62 0 3 0 94 501212 -1 -1 -1 -1 -1 -1)
#(0 153 1577 29 0 2 1 94 500077 -1 -1 -1 -1 -1 -1)
#(0 153 1873 33 0 0 1 90 479938 -1 -1 -1 -1 -1 -1)
#(0 153 1251 74 0 3 1 89 474525 -1 -1 -1 -1 -1 -1)
#(0 153 150 59 0 3 1 86 457583 -1 -1 -1 -1 -1 -1)
#(0 153 1249 57 0 1 1 84 444729 -1 -1 -1 -1 -1 -1)
#(0 153 547 51 0 2 1 84 445333 -1 -1 -1 -1 -1 -1)
#(0 153 1252 57 0 1 1 83 439254 -1 -1 -1 -1 -1 -1)
#(0 153 546 62 0 3 1 82 433335 -1 -1 -1 -1 -1 -1)
#(0 153 920 67 0 2 1 79 419649 -1 -1 -1 -1 -1 -1)
#(0 153 151 69 0 3 1 77 407210 -1 -1 -1 -1 -1 -1)
#(0 153 538 61 0 3 1 75 397356 -1 -1 -1 -1 -1 -1)
#(0 153 1573 37 0 3 1 73 388814 -1 -1 -1 -1 -1 -1)
#(0 153 921 69 0 2 1 70 371164 -1 -1 -1 -1 -1 -1)
#(0 153 142 62 0 1 1 66 351304 -1 -1 -1 -1 -1 -1)
#(0 153 1868 28 0 0 1 65 348009 -1 -1 -1 -1 -1 -1)
#(0 153 919 51 0 1 1 64 342556 -1 -1 -1 -1 -1 -1)
#(0 153 1872 23 0 0 1 61 326986 -1 -1 -1 -1 -1 -1)
#(0 153 141 54 0 3 1 54 289078 -1 -1 -1 -1 -1 -1)
#(0 153 1572 36 0 1 1 53 283272 -1 -1 -1 -1 -1 -1)
#(0 153 1576 32 0 2 1 48 257072 -1 -1 -1 -1 -1 -1)
#(0 153 539 44 0 3 1 46 246688 -1 -1 -1 -1 -1 -1)
#(0 153 1579 45 0 3 1 45 240499 -1 -1 -1 -1 -1 -1)
#(0 153 549 51 0 1 1 43 229441 -1 -1 -1 -1 -1 -1)
#(0 153 1871 30 0 0 1 39 210696 -1 -1 -1 -1 -1 -1)
#(0 153 550 67 0 1 1 37 195416 -1 -1 -1 -1 -1 -1)
#(0 153 1867 23 0 0 1 34 184412 -1 -1 -1 -1 -1 -1)
#(0 153 152 66 0 1 1 29 154980 -1 -1 -1 -1 -1 -1)
#(0 153 147 59 0 2 1 12 66824 -1 -1 -1 -1 -1 -1)
#(0 154 1879 26 0 0 0 1 5714 -1 -1 -1 -1 -1 -1)
#(0 154 560 49 0 2 0 5 28984 -1 -1 -1 -1 -1 -1)
#(0 154 1575 32 0 1 0 7 38644 -1 -1 -1 -1 -1 -1)
#(0 154 1266 59 0 2 0 7 41376 -1 -1 -1 -1 -1 -1)
#(0 154 554 58 0 3 0 8 42248 -1 -1 -1 -1 -1 -1)
#(0 154 1264 43 0 2 0 8 45133 -1 -1 -1 -1 -1 -1)
#(0 154 139 59 0 3 0 11 59730 -1 -1 -1 -1 -1 -1)
#(0 154 926 52 0 1 0 13 70487 -1 -1 -1 -1 -1 -1)
#(0 154 540 73 0 2 0 16 89622 -1 -1 -1 -1 -1 -1)
#(0 154 1882 32 0 0 0 17 90290 -1 -1 -1 -1 -1 -1)
#(0 154 553 56 0 2 0 17 93956 -1 -1 -1 -1 -1 -1)
#(0 154 1584 38 0 2 0 17 91715 -1 -1 -1 -1 -1 -1)
#(0 154 927 59 0 2 0 17 91589 -1 -1 -1 -1 -1 -1)
#(0 154 1586 32 0 2 0 18 96676 -1 -1 -1 -1 -1 -1)
#(2 154 1586 -1 -1 -1 -1 -1 -1 51 -1 -1 -1 -1 -1)
#(0 154 154 60 0 2 0 20 108202 -1 -1 -1 -1 -1 -1)
#(0 154 1261 44 0 3 0 24 129664 -1 -1 -1 -1 -1 -1)
#(0 154 167 51 0 3 0 24 131838 -1 -1 -1 -1 -1 -1)
#(0 154 158 70 0 3 0 26 142435 -1 -1 -1 -1 -1 -1)
#(0 154 532 61 0 4 0 27 146843 -1 -1 -1 -1 -1 -1)
#(0 154 164 59 0 2 0 37 197197 -1 -1 -1 -1 -1 -1)
#(0 154 930 64 0 2 0 38 203012 -1 -1 -1 -1 -1 -1)
#(0 154 1580 40 0 3 0 40 213305 -1 -1 -1 -1 -1 -1)
#(0 154 1259 65 0 2 0 46 248095 -1 -1 -1 -1 -1 -1)
#(0 154 555 44 0 1 0 47 249731 -1 -1 -1 -1 -1 -1)
#(0 154 1587 53 0 2 0 53 282584 -1 -1 -1 -1 -1 -1)
#(0 154 1265 57 0 2 0 54 289340 -1 -1 -1 -1 -1 -1)
#(0 154 163 51 0 2 0 62 332363 -1 -1 -1 -1 -1 -1)
#(0 154 1263 55 0 1 0 66 352422 -1 -1 -1 -1 -1 -1)
#(0 154 1877 34 0 0 0 74 391295 -1 -1 -1 -1 -1 -1)
#(0 154 1876 29 0 0 0 84 444008 -1 -1 -1 -1 -1 -1)
#(0 154 1582 39 0 1 0 85 450871 -1 -1 -1 -1 -1 -1)
#(0 154 1874 32 0 0 1 97 516888 -1 -1 -1 -1 -1 -1)
#(0 154 1583 38 0 3 1 97 515433 -1 -1 -1 -1 -1 -1)
#(0 154 1262 64 0 2 1 97 512440 -1 -1 -1 -1 -1 -1)
#(0 154 556 54 0 2 1 95 503379 -1 -1 -1 -1 -1 -1)
#(0 154 1585 37 0 1 1 93 494389 -1 -1 -1 -1 -1 -1)
#(0 154 931 50 0 2 1 92 489557 -1 -1 -1 -1 -1 -1)
#(0 154 929 51 0 2 1 91 483787 -1 -1 -1 -1 -1 -1)
#(0 154 1875 30 0 0 1 90 479996 -1 -1 -1 -1 -1 -1)
#(0 154 157 66 0 1 1 90 476511 -1 -1 -1 -1 -1 -1)
#(0 154 552 59 0 1 1 90 476051 -1 -1 -1 -1 -1 -1)
#(0 154 159 58 0 3 1 88 468407 -1 -1 -1 -1 -1 -1)
#(0 154 168 61 0 2 1 84 446722 -1 -1 -1 -1 -1 -1)
#(0 154 1878 19 0 0 1 83 443216 -1 -1 -1 -1 -1 -1)
#(0 154 928 68 0 3 1 83 441950 -1 -1 -1 -1 -1 -1)
#(0 154 153 57 0 2 1 81 431712 -1 -1 -1 -1 -1 -1)
#(0 154 558 44 0 1 1 79 420917 -1 -1 -1 -1 -1 -1)
#(0 154 913 70 0 3 1 77 410466 -1 -1 -1 -1 -1 -1)
#(0 154 1256 51 0 1 1 76 402928 -1 -1 -1 -1 -1 -1)
#(0 154 557 49 0 3 1 76 403219 -1 -1 -1 -1 -1 -1)
#(0 154 1253 55 0 1 1 75 397227 -1 -1 -1 -1 -1 -1)
#(0 154 541 62 0 2 1 75 396309 -1 -1 -1 -1 -1 -1)
#(0 154 1880 29 0 0 1 72 384945 -1 -1 -1 -1 -1 -1)
#(0 154 160 65 0 2 1 72 381488 -1 -1 -1 -1 -1 -1)
#(0 154 1254 44 0 2 1 72 382459 -1 -1 -1 -1 -1 -1)
#(0 154 169 51 0 1 1 72 380323 -1 -1 -1 -1 -1 -1)
#(0 154 925 53 0 3 1 71 378897 -1 -1 -1 -1 -1 -1)
#(0 154 1581 21 0 3 1 69 368498 -1 -1 -1 -1 -1 -1)
#(0 154 1255 61 0 3 1 69 364842 -1 -1 -1 -1 -1 -1)
#(0 154 559 51 0 1 1 65 345675 -1 -1 -1 -1 -1 -1)
#(0 154 156 51 0 1 1 63 332840 -1 -1 -1 -1 -1 -1)
#(0 154 136 61 0 3 1 60 318043 -1 -1 -1 -1 -1 -1)
#(0 154 1267 55 0 2 1 57 302278 -1 -1 -1 -1 -1 -1)
#(0 154 170 58 0 2 1 57 302926 -1 -1 -1 -1 -1 -1)
#(4 154 170 -1 0 -1 -1 -1 -1 52 0 0 0 0 -1)
#(0 154 1884 25 0 0 1 44 237195 -1 -1 -1 -1 -1 -1)
#(0 154 1257 64 0 1 1 43 227267 -1 -1 -1 -1 -1 -1)
#(0 154 162 70 0 2 1 41 217640 -1 -1 -1 -1 -1 -1)
#(0 154 155 55 0 2 1 32 173671 -1 -1 -1 -1 -1 -1)
#(0 154 1258 57 0 1 1 27 143510 -1 -1 -1 -1 -1 -1)
#(0 154 161 64 0 2 1 20 108034 -1 -1 -1 -1 -1 -1)
#(0 154 1881 27 0 0 1 12 68194 -1 -1 -1 -1 -1 -1)
#(0 155 1883 24 0 0 0 1 5676 -1 -1 -1 -1 -1 -1)
#(0 155 934 51 0 3 0 1 5935 -1 -1 -1 -1 -1 -1)
#(0 155 1277 61 0 2 0 3 20331 -1 -1 -1 -1 -1 -1)
#(0 155 1888 29 0 0 0 4 21616 -1 -1 -1 -1 -1 -1)
#(0 155 171 57 0 1 0 4 22008 -1 -1 -1 -1 -1 -1)
#(0 155 946 56 0 2 0 9 48959 -1 -1 -1 -1 -1 -1)
#(0 155 182 57 0 3 0 10 54470 -1 -1 -1 -1 -1 -1)
#(2 155 182 -1 -1 -1 -1 -1 -1 53 -1 -1 -1 -1 -1)
#(0 155 1592 26 0 2 0 11 59447 -1 -1 -1 -1 -1 -1)
#(0 155 1279 59 0 3 0 11 62423 -1 -1 -1 -1 -1 -1)
#(0 155 1886 20 0 0 0 13 68979 -1 -1 -1 -1 -1 -1)
#(0 155 1887 25 0 0 0 14 74345 -1 -1 -1 -1 -1 -1)
#(0 155 1270 51 0 3 0 15 82820 -1 -1 -1 -1 -1 -1)
#(0 155 941 57 0 2 0 22 117674 -1 -1 -1 -1 -1 -1)
#(0 155 1278 41 0 2 0 27 145356 -1 -1 -1 -1 -1 -1)
#(0 155 1894 34 0 0 0 31 164241 -1 -1 -1 -1 -1 -1)
#(0 155 1891 29 0 0 0 33 174715 -1 -1 -1 -1 -1 -1)
#(0 155 1895 27 0 0 0 34 179953 -1 -1 -1 -1 -1 -1)
#(0 155 166 57 0 3 0 37 196450 -1 -1 -1 -1 -1 -1)
#(0 155 568 68 0 1 0 37 200202 -1 -1 -1 -1 -1 -1)
#(0 155 1273 64 0 3 0 46 247733 -1 -1 -1 -1 -1 -1)
#(0 155 945 70 0 1 0 52 276774 -1 -1 -1 -1 -1 -1)
#(0 155 1276 62 0 2 0 52 279375 -1 -1 -1 -1 -1 -1)
#(0 155 565 63 0 3 0 55 290483 -1 -1 -1 -1 -1 -1)
#(0 155 1889 20 0 0 0 56 296017 -1 -1 -1 -1 -1 -1)
#(0 155 562 57 0 3 0 56 299750 -1 -1 -1 -1 -1 -1)
#(0 155 932 51 0 2 0 57 301593 -1 -1 -1 -1 -1 -1)
#(0 155 1590 33 0 2 0 57 302634 -1 -1 -1 -1 -1 -1)
#(0 155 571 74 0 2 0 68 360972 -1 -1 -1 -1 -1 -1)
#(0 155 1275 64 0 2 0 68 364033 -1 -1 -1 -1 -1 -1)
#(0 155 933 67 0 2 0 72 383004 -1 -1 -1 -1 -1 -1)
#(0 155 937 57 0 2 0 77 408044 -1 -1 -1 -1 -1 -1)
#(0 155 1268 39 0 2 1 97 514746 -1 -1 -1 -1 -1 -1)
#(0 155 1594 20 0 2 1 95 505874 -1 -1 -1 -1 -1 -1)
#(0 155 570 62 0 1 1 94 497347 -1 -1 -1 -1 -1 -1)
#(0 155 942 54 0 3 1 94 500445 -1 -1 -1 -1 -1 -1)
#(0 155 1593 34 0 2 1 85 452350 -1 -1 -1 -1 -1 -1)
#(0 155 1274 66 0 2 1 84 444293 -1 -1 -1 -1 -1 -1)
#(0 155 1272 57 0 3 1 83 439344 -1 -1 -1 -1 -1 -1)
#(0 155 175 55 0 3 1 82 437595 -1 -1 -1 -1 -1 -1)
#(0 155 174 44 0 2 1 81 429447 -1 -1 -1 -1 -1 -1)
#(0 155 1892 28 0 0 1 79 421942 -1 -1 -1 -1 -1 -1)
#(0 155 566 53 0 1 1 78 413958 -1 -1 -1 -1 -1 -1)
#(0 155 561 54 0 1 1 77 408360 -1 -1 -1 -1 -1 -1)
#(0 155 1589 20 0 2 1 77 410794 -1 -1 -1 -1 -1 -1)
#(0 155 1271 69 0 2 1 76 406465 -1 -1 -1 -1 -1 -1)
#(0 155 179 57 0 1 1 74 394260 -1 -1 -1 -1 -1 -1)
#(0 155 173 51 0 1 1 74 390880 -1 -1 -1 -1 -1 -1)
#(0 155 564 61 0 3 1 72 380542 -1 -1 -1 -1 -1 -1)
#(0 155 1890 20 0 0 1 66 353429 -1 -1 -1 -1 -1 -1)
#(0 155 1269 53 0 3 1 66 349817 -1 -1 -1 -1 -1 -1)
#(0 155 1893 25 0 0 1 62 332239 -1 -1 -1 -1 -1 -1)
#(0 155 165 56 0 1 1 62 332185 -1 -1 -1 -1 -1 -1)
#(0 155 180 54 0 1 1 61 327149 -1 -1 -1 -1 -1 -1)
#(0 155 944 51 0 2 1 60 321456 -1 -1 -1 -1 -1 -1)
#(0 155 1885 29 0 0 1 59 316298 -1 -1 -1 -1 -1 -1)
#(0 155 1591 43 0 3 1 59 314565 -1 -1 -1 -1 -1 -1)
#(0 155 947 64 0 2 1 58 309310 -1 -1 -1 -1 -1 -1)
#(0 155 940 61 0 1 1 54 288437 -1 -1 -1 -1 -1 -1)
#(0 155 172 61 0 1 1 51 271440 -1 -1 -1 -1 -1 -1)
#(0 155 938 61 0 3 1 51 271996 -1 -1 -1 -1 -1 -1)
#(0 155 181 51 0 2 1 49 258996 -1 -1 -1 -1 -1 -1)
#(0 155 176 44 0 2 1 48 255204 -1 -1 -1 -1 -1 -1)
#(0 155 563 44 0 1 1 47 251854 -1 -1 -1 -1 -1 -1)
#(0 155 178 58 0 2 1 46 246565 -1 -1 -1 -1 -1 -1)
#(0 155 567 70 0 2 1 43 227042 -1 -1 -1 -1 -1 -1)
#(0 155 935 74 0 2 1 42 223087 -1 -1 -1 -1 -1 -1)
#(0 155 1588 44 0 1 1 36 193106 -1 -1 -1 -1 -1 -1)
#(0 155 1260 53 0 1 1 27 144102 -1 -1 -1 -1 -1 -1)
#(0 156 1903 30 0 0 0 0 511 -1 -1 -1 -1 -1 -1)
#(0 156 936 60 0 1 0 1 6754 -1 -1 -1 -1 -1 -1)
#(0 156 1902 31 0 0 0 2 11079 -1 -1 -1 -1 -1 -1)
#(0 156 954 64 0 2 0 7 39526 -1 -1 -1 -1 -1 -1)
#(0 156 1598 34 0 2 0 7 38746 -1 -1 -1 -1 -1 -1)
#(0 156 1904 30 0 0 0 8 42753 -1 -1 -1 -1 -1 -1)
#(0 156 185 50 0 3 0 9 49231 -1 -1 -1 -1 -1 -1)
#(0 156 962 44 0 1 0 10 57677 -1 -1 -1 -1 -1 -1)
#(0 156 575 59 0 3 0 12 67436 -1 -1 -1 -1 -1 -1)
#(0 156 192 67 0 2 0 12 66605 -1 -1 -1 -1 -1 -1)
#(0 156 951 68 0 2 0 13 71477 -1 -1 -1 -1 -1 -1)
#(0 156 1601 34 0 1 0 13 70423 -1 -1 -1 -1 -1 -1)
#(0 156 948 44 0 2 0 14 78878 -1 -1 -1 -1 -1 -1)
#(0 156 955 51 0 2 0 16 85105 -1 -1 -1 -1 -1 -1)
#(0 156 572 54 0 1 0 17 93806 -1 -1 -1 -1 -1 -1)
#(0 156 957 61 0 1 0 17 91608 -1 -1 -1 -1 -1 -1)
#(0 156 1597 21 0 3 0 19 101374 -1 -1 -1 -1 -1 -1)
#(0 156 1908 27 0 0 0 25 132438 -1 -1 -1 -1 -1 -1)
#(0 156 184 67 0 1 0 25 132950 -1 -1 -1 -1 -1 -1)
#(0 156 187 57 0 1 0 27 143854 -1 -1 -1 -1 -1 -1)
#(0 156 573 66 0 3 0 33 174547 -1 -1 -1 -1 -1 -1)
#(0 156 1896 32 0 0 0 35 185354 -1 -1 -1 -1 -1 -1)
#(0 156 943 70 0 1 0 38 203281 -1 -1 -1 -1 -1 -1)
#(0 156 956 58 0 1 0 39 208059 -1 -1 -1 -1 -1 -1)
#(0 156 1291 59 0 3 0 43 231554 -1 -1 -1 -1 -1 -1)
#(0 156 1910 27 0 0 0 51 269713 -1 -1 -1 -1 -1 -1)
#(0 156 1289 51 0 1 0 53 283490 -1 -1 -1 -1 -1 -1)
#(0 156 958 51 0 1 0 55 291002 -1 -1 -1 -1 -1 -1)
#(0 156 578 75 0 1 0 56 296287 -1 -1 -1 -1 -1 -1)
#(0 156 1286 70 0 2 0 56 295929 -1 -1 -1 -1 -1 -1)
#(0 156 1284 70 0 1 0 65 343530 -1 -1 -1 -1 -1 -1)
#(0 156 1285 59 0 3 1 99 523506 -1 -1 -1 -1 -1 -1)
#(0 156 1603 24 0 2 1 98 521451 -1 -1 -1 -1 -1 -1)
#(0 156 1905 30 0 0 1 97 516934 -1 -1 -1 -1 -1 -1)
#(0 156 193 56 0 3 1 97 515745 -1 -1 -1 -1 -1 -1)
#(0 156 199 69 0 3 1 95 502889 -1 -1 -1 -1 -1 -1)
#(0 156 1899 26 0 0 1 94 501161 -1 -1 -1 -1 -1 -1)
#(0 156 1901 29 0 0 1 92 490551 -1 -1 -1 -1 -1 -1)
#(0 156 1596 30 0 2 1 91 484175 -1 -1 -1 -1 -1 -1)
#(0 156 191 59 0 2 1 90 478731 -1 -1 -1 -1 -1 -1)
#(0 156 1907 25 0 0 1 89 474793 -1 -1 -1 -1 -1 -1)
#(0 156 1290 65 0 2 1 89 470028 -1 -1 -1 -1 -1 -1)
#(0 156 1287 63 0 2 1 88 465006 -1 -1 -1 -1 -1 -1)
#(0 156 195 64 0 3 1 86 456931 -1 -1 -1 -1 -1 -1)
#(0 156 952 53 0 2 1 86 458345 -1 -1 -1 -1 -1 -1)
#(0 156 949 55 0 2 1 83 442395 -1 -1 -1 -1 -1 -1)
#(0 156 963 65 0 1 1 80 425775 -1 -1 -1 -1 -1 -1)
#(0 156 1900 34 0 0 1 78 416537 -1 -1 -1 -1 -1 -1)
#(0 156 190 64 0 2 1 77 409248 -1 -1 -1 -1 -1 -1)
#(0 156 950 60 0 1 1 73 388558 -1 -1 -1 -1 -1 -1)
#(0 156 1280 57 0 2 1 71 375832 -1 -1 -1 -1 -1 -1)
#(0 156 1898 25 0 0 1 67 358622 -1 -1 -1 -1 -1 -1)
#(0 156 196 61 0 2 1 66 351458 -1 -1 -1 -1 -1 -1)
#(0 156 1292 55 0 2 1 65 344570 -1 -1 -1 -1 -1 -1)
#(0 156 960 55 0 2 1 63 336878 -1 -1 -1 -1 -1 -1)
#(0 156 1602 26 0 2 1 62 331310 -1 -1 -1 -1 -1 -1)
#(0 156 953 60 0 2 1 61 325680 -1 -1 -1 -1 -1 -1)
#(0 156 1595 31 0 3 1 60 320462 -1 -1 -1 -1 -1 -1)
#(0 156 1906 30 0 0 1 59 316292 -1 -1 -1 -1 -1 -1)
#(0 156 1281 54 0 2 1 57 302242 -1 -1 -1 -1 -1 -1)
#(0 156 188 62 0 2 1 55 292655 -1 -1 -1 -1 -1 -1)
#(0 156 189 44 0 1 1 52 276262 -1 -1 -1 -1 -1 -1)
#(0 156 577 51 0 1 1 50 266537 -1 -1 -1 -1 -1 -1)
#(4 156 577 -1 0 -1 -1 -1 -1 54 0 0 0 0 -1)
#(0 156 576 44 0 1 1 48 257224 -1 -1 -1 -1 -1 -1)
#(0 156 1897 20 0 0 1 47 253098 -1 -1 -1 -1 -1 -1)
#(0 156 959 54 0 2 1 46 247135 -1 -1 -1 -1 -1 -1)
#(0 156 574 63 0 2 1 41 221311 -1 -1 -1 -1 -1 -1)
#(0 156 198 44 0 2 1 36 191830 -1 -1 -1 -1 -1 -1)
#(0 156 1283 59 0 1 1 35 185615 -1 -1 -1 -1 -1 -1)
#(0 156 1282 55 0 3 1 29 154373 -1 -1 -1 -1 -1 -1)
#(0 156 186 59 0 2 1 26 140805 -1 -1 -1 -1 -1 -1)
#(0 156 1600 21 0 2 1 15 83429 -1 -1 -1 -1 -1 -1)
#(0 157 1915 24 0 0 0 1 5680 -1 -1 -1 -1 -1 -1)
#(0 157 1611 20 0 3 0 2 11601 -1 -1 -1 -1 -1 -1)
#(0 157 1912 26 0 0 0 4 21566 -1 -1 -1 -1 -1 -1)
#(0 157 968 57 0 1 0 4 22412 -1 -1 -1 -1 -1 -1)
#(0 157 580 56 0 1 0 5 30018 -1 -1 -1 -1 -1 -1)
#(0 157 205 51 0 2 0 5 28952 -1 -1 -1 -1 -1 -1)
#(0 157 964 64 0 1 0 5 28525 -1 -1 -1 -1 -1 -1)
#(0 157 1913 25 0 0 0 6 32098 -1 -1 -1 -1 -1 -1)
#(0 157 1303 58 0 2 0 10 57211 -1 -1 -1 -1 -1 -1)
#(0 157 1299 55 0 2 0 11 61944 -1 -1 -1 -1 -1 -1)
#(0 157 585 66 0 2 0 12 64103 -1 -1 -1 -1 -1 -1)
#(0 157 206 68 0 1 0 12 67639 -1 -1 -1 -1 -1 -1)
#(0 157 200 44 0 2 0 13 72202 -1 -1 -1 -1 -1 -1)
#(0 157 587 69 0 2 0 16 89373 -1 -1 -1 -1 -1 -1)
#(0 157 1918 26 0 0 0 17 90178 -1 -1 -1 -1 -1 -1)
#(0 157 213 60 0 1 0 19 102953 -1 -1 -1 -1 -1 -1)
#(0 157 1296 57 0 3 0 20 109721 -1 -1 -1 -1 -1 -1)
#(0 157 208 48 0 3 0 21 113081 -1 -1 -1 -1 -1 -1)
#(0 157 202 55 0 2 0 24 131763 -1 -1 -1 -1 -1 -1)
#(0 157 1612 27 0 2 0 25 133454 -1 -1 -1 -1 -1 -1)
#(0 157 1293 69 0 2 0 27 142797 -1 -1 -1 -1 -1 -1)
#(2 157 1293 -1 -1 -1 -1 -1 -1 55 -1 -1 -1 -1 -1)
#(0 157 1306 61 0 2 0 28 152943 -1 -1 -1 -1 -1 -1)
#(0 157 218 55 0 1 0 32 169513 -1 -1 -1 -1 -1 -1)
#(0 157 591 57 0 1 0 35 188862 -1 -1 -1 -1 -1 -1)
#(0 157 569 56 0 2 0 37 198683 -1 -1 -1 -1 -1 -1)
#(0 157 1911 20 0 0 0 38 200979 -1 -1 -1 -1 -1 -1)
#(0 157 976 59 0 2 0 39 207820 -1 -1 -1 -1 -1 -1)
#(0 157 1613 28 0 2 0 40 212611 -1 -1 -1 -1 -1 -1)
#(0 157 979 49 0 3 0 42 226953 -1 -1 -1 -1 -1 -1)
#(0 157 1297 55 0 2 0 45 242296 -1 -1 -1 -1 -1 -1)
#(0 157 978 74 0 3 0 47 252033 -1 -1 -1 -1 -1 -1)
#(0 157 582 58 0 2 0 54 289411 -1 -1 -1 -1 -1 -1)
#(0 157 214 58 0 2 0 57 302741 -1 -1 -1 -1 -1 -1)
#(0 157 583 62 0 2 0 69 369327 -1 -1 -1 -1 -1 -1)
#(0 157 980 65 0 2 0 71 378002 -1 -1 -1 -1 -1 -1)
#(0 157 1304 55 0 1 1 99 523781 -1 -1 -1 -1 -1 -1)
#(0 157 197 51 0 3 1 98 517672 -1 -1 -1 -1 -1 -1)
#(0 157 1288 54 0 3 1 97 514164 -1 -1 -1 -1 -1 -1)
#(0 157 1919 26 0 0 1 94 501185 -1 -1 -1 -1 -1 -1)
#(0 157 207 44 0 2 1 94 498108 -1 -1 -1 -1 -1 -1)
#(0 157 588 44 0 2 1 92 489432 -1 -1 -1 -1 -1 -1)
#(0 157 1608 20 0 2 1 92 489987 -1 -1 -1 -1 -1 -1)
#(0 157 1599 31 0 2 1 91 484169 -1 -1 -1 -1 -1 -1)
#(0 157 1298 51 0 2 1 88 466289 -1 -1 -1 -1 -1 -1)
#(0 157 212 57 0 1 1 85 452972 -1 -1 -1 -1 -1 -1)
#(0 157 1914 26 0 0 1 81 432520 -1 -1 -1 -1 -1 -1)
#(0 157 177 57 0 2 1 81 428094 -1 -1 -1 -1 -1 -1)
#(0 157 1917 30 0 0 1 78 416627 -1 -1 -1 -1 -1 -1)
#(0 157 1916 26 0 0 1 76 406124 -1 -1 -1 -1 -1 -1)
#(0 157 1301 51 0 3 1 76 402750 -1 -1 -1 -1 -1 -1)
#(0 157 579 46 0 1 1 76 404121 -1 -1 -1 -1 -1 -1)
#(0 157 590 55 0 3 1 74 392106 -1 -1 -1 -1 -1 -1)
#(0 157 974 51 0 2 1 73 390078 -1 -1 -1 -1 -1 -1)
#(0 157 584 44 0 2 1 73 389126 -1 -1 -1 -1 -1 -1)
#(0 157 203 62 0 2 1 70 372543 -1 -1 -1 -1 -1 -1)
#(0 157 966 54 0 1 1 69 368416 -1 -1 -1 -1 -1 -1)
#(0 157 973 57 0 3 1 68 362185 -1 -1 -1 -1 -1 -1)
#(0 157 586 54 0 3 1 67 355528 -1 -1 -1 -1 -1 -1)
#(0 157 1295 61 0 2 1 66 349589 -1 -1 -1 -1 -1 -1)
#(0 157 592 44 0 1 1 66 352241 -1 -1 -1 -1 -1 -1)
#(0 157 581 60 0 2 1 65 348452 -1 -1 -1 -1 -1 -1)
#(0 157 970 51 0 2 1 62 331973 -1 -1 -1 -1 -1 -1)
#(0 157 1920 27 0 0 1 60 321647 -1 -1 -1 -1 -1 -1)
#(0 157 211 44 0 2 1 60 318536 -1 -1 -1 -1 -1 -1)
#(0 157 1605 29 0 2 1 60 320596 -1 -1 -1 -1 -1 -1)
#(0 157 1294 64 0 1 1 58 306412 -1 -1 -1 -1 -1 -1)
#(0 157 965 74 0 3 1 54 287428 -1 -1 -1 -1 -1 -1)
#(0 157 209 44 0 3 1 51 271057 -1 -1 -1 -1 -1 -1)
#(0 157 1609 32 0 2 1 51 272899 -1 -1 -1 -1 -1 -1)
#(0 157 1302 60 0 3 1 49 259370 -1 -1 -1 -1 -1 -1)
#(0 157 971 61 0 1 1 48 256587 -1 -1 -1 -1 -1 -1)
#(0 157 1610 30 0 2 1 41 220164 -1 -1 -1 -1 -1 -1)
#(0 157 1607 52 0 1 1 31 166208 -1 -1 -1 -1 -1 -1)
#(0 157 1606 33 0 1 1 29 156661 -1 -1 -1 -1 -1 -1)
#(0 157 972 57 0 3 1 22 119891 -1 -1 -1 -1 -1 -1)
#(0 157 967 59 0 2 1 16 88095 -1 -1 -1 -1 -1 -1)
#(0 157 589 54 0 3 1 13 70450 -1 -1 -1 -1 -1 -1)
#(0 157 969 62 0 3 1 10 55795 -1 -1 -1 -1 -1 -1)
#(0 158 1926 20 0 0 0 0 326 -1 -1 -1 -1 -1 -1)
#(0 158 210 48 0 3 0 5 26448 -1 -1 -1 -1 -1 -1)
#(0 158 1621 30 0 2 0 6 33247 -1 -1 -1 -1 -1 -1)
#(0 158 601 59 0 2 0 6 36131 -1 -1 -1 -1 -1 -1)
#(0 158 220 56 0 2 0 9 50365 -1 -1 -1 -1 -1 -1)
#(0 158 1623 28 0 2 0 9 48941 -1 -1 -1 -1 -1 -1)
#(0 158 219 58 0 2 0 10 55730 -1 -1 -1 -1 -1 -1)
#(0 158 985 64 0 1 0 10 54949 -1 -1 -1 -1 -1 -1)
#(0 158 1624 30 0 2 0 13 70188 -1 -1 -1 -1 -1 -1)
#(0 158 599 56 0 3 0 14 77857 -1 -1 -1 -1 -1 -1)
#(0 158 201 65 0 1 0 14 76447 -1 -1 -1 -1 -1 -1)
#(0 158 1930 33 0 0 0 16 85016 -1 -1 -1 -1 -1 -1)
#(0 158 1622 33 0 2 0 18 96773 -1 -1 -1 -1 -1 -1)
#(0 158 1928 28 0 0 0 19 100778 -1 -1 -1 -1 -1 -1)
#(0 158 1307 59 0 2 0 20 109818 -1 -1 -1 -1 -1 -1)
#(0 158 230 59 0 3 0 20 108252 -1 -1 -1 -1 -1 -1)
#(0 158 227 59 0 3 0 21 113375 -1 -1 -1 -1 -1 -1)
#(0 158 1923 29 0 0 0 23 121923 -1 -1 -1 -1 -1 -1)
#(0 158 597 51 0 1 0 23 124344 -1 -1 -1 -1 -1 -1)
#(0 158 1909 27 0 0 0 25 132465 -1 -1 -1 -1 -1 -1)
#(0 158 224 57 0 1 0 33 175474 -1 -1 -1 -1 -1 -1)
#(0 158 1614 36 0 3 0 34 181395 -1 -1 -1 -1 -1 -1)
#(0 158 1313 67 0 2 0 36 195336 -1 -1 -1 -1 -1 -1)
#(0 158 1312 62 0 1 0 37 200147 -1 -1 -1 -1 -1 -1)
#(0 158 1625 30 0 2 0 38 202284 -1 -1 -1 -1 -1 -1)
#(0 158 1316 55 0 1 0 38 205130 -1 -1 -1 -1 -1 -1)
#(0 158 222 60 0 2 0 39 208528 -1 -1 -1 -1 -1 -1)
#(0 158 1308 67 0 2 0 40 216370 -1 -1 -1 -1 -1 -1)
#(0 158 225 64 0 3 0 45 240890 -1 -1 -1 -1 -1 -1)
#(0 158 1617 56 0 2 0 52 277462 -1 -1 -1 -1 -1 -1)
#(0 158 604 58 0 2 0 55 294742 -1 -1 -1 -1 -1 -1)
#(0 158 1628 34 0 2 0 57 302691 -1 -1 -1 -1 -1 -1)
#(0 158 605 59 0 2 0 61 326149 -1 -1 -1 -1 -1 -1)
#(0 158 596 51 0 1 0 70 372426 -1 -1 -1 -1 -1 -1)
#(0 158 602 67 0 2 0 81 428153 -1 -1 -1 -1 -1 -1)
#(0 158 1925 23 0 0 1 99 527624 -1 -1 -1 -1 -1 -1)
#(0 158 983 56 0 3 1 95 505021 -1 -1 -1 -1 -1 -1)
#(0 158 981 62 0 2 1 93 494856 -1 -1 -1 -1 -1 -1)
#(0 158 1311 61 0 2 1 93 491956 -1 -1 -1 -1 -1 -1)
#(0 158 1927 28 0 0 1 92 490586 -1 -1 -1 -1 -1 -1)
#(0 158 594 66 0 2 1 92 490930 -1 -1 -1 -1 -1 -1)
#(0 158 989 44 0 3 1 92 486156 -1 -1 -1 -1 -1 -1)
#(0 158 1604 29 0 2 1 91 484266 -1 -1 -1 -1 -1 -1)
#(0 158 1310 70 0 3 1 90 480129 -1 -1 -1 -1 -1 -1)
#(0 158 226 60 0 2 1 90 478006 -1 -1 -1 -1 -1 -1)
#(0 158 606 62 0 2 1 89 470699 -1 -1 -1 -1 -1 -1)
#(0 158 1924 26 0 0 1 88 469492 -1 -1 -1 -1 -1 -1)
#(0 158 1618 38 0 2 1 88 467921 -1 -1 -1 -1 -1 -1)
#(0 158 229 57 0 2 1 88 468361 -1 -1 -1 -1 -1 -1)
#(0 158 990 67 0 1 1 85 450878 -1 -1 -1 -1 -1 -1)
#(0 158 1317 57 0 2 1 82 434109 -1 -1 -1 -1 -1 -1)
#(0 158 221 64 0 1 1 82 435636 -1 -1 -1 -1 -1 -1)
#(0 158 993 62 0 1 1 80 425940 -1 -1 -1 -1 -1 -1)
#(0 158 231 64 0 1 1 80 425992 -1 -1 -1 -1 -1 -1)
#(0 158 1309 66 0 3 1 75 396573 -1 -1 -1 -1 -1 -1)
#(0 158 1929 27 0 0 1 73 390287 -1 -1 -1 -1 -1 -1)
#(0 158 1615 48 0 3 1 71 377685 -1 -1 -1 -1 -1 -1)
#(0 158 1620 50 0 3 1 65 345810 -1 -1 -1 -1 -1 -1)
#(0 158 1619 36 0 3 1 64 341315 -1 -1 -1 -1 -1 -1)
#(0 158 977 62 0 1 1 63 336721 -1 -1 -1 -1 -1 -1)
#(0 158 975 59 0 2 1 62 331471 -1 -1 -1 -1 -1 -1)
#(0 158 1921 27 0 0 1 61 326896 -1 -1 -1 -1 -1 -1)
#(0 158 1616 49 0 1 1 61 324768 -1 -1 -1 -1 -1 -1)
#(0 158 991 57 0 3 1 61 326131 -1 -1 -1 -1 -1 -1)
#(0 158 607 64 0 2 1 61 322282 -1 -1 -1 -1 -1 -1)
#(0 158 1627 20 0 2 1 58 310495 -1 -1 -1 -1 -1 -1)
#(0 158 1300 64 0 2 1 57 301861 -1 -1 -1 -1 -1 -1)
#(0 158 1922 28 0 0 1 52 279369 -1 -1 -1 -1 -1 -1)
#(0 158 984 57 0 1 1 49 262466 -1 -1 -1 -1 -1 -1)
#(0 158 961 64 0 1 1 46 245986 -1 -1 -1 -1 -1 -1)
#(0 158 982 74 0 3 1 42 223206 -1 -1 -1 -1 -1 -1)
#(0 158 987 53 0 3 1 41 220703 -1 -1 -1 -1 -1 -1)
#(0 158 593 67 0 1 1 38 205345 -1 -1 -1 -1 -1 -1)
#(0 158 1626 37 0 3 1 36 193484 -1 -1 -1 -1 -1 -1)
#(0 158 598 62 0 2 1 30 158877 -1 -1 -1 -1 -1 -1)
#(3 158 598 -1 0 -1 -1 -1 -1 56 -1 -1 -1 -1 62)
#(0 158 1314 54 0 2 1 29 154566 -1 -1 -1 -1 -1 -1)
#(0 158 603 44 0 1 1 21 114549 -1 -1 -1 -1 -1 -1)
#(0 159 1318 51 0 3 0 1 8857 -1 -1 -1 -1 -1 -1)
#(0 159 234 53 0 1 0 1 10498 -1 -1 -1 -1 -1 -1)
#(0 159 1932 27 0 0 0 2 11019 -1 -1 -1 -1 -1 -1)
#(0 159 1631 23 0 2 0 3 17109 -1 -1 -1 -1 -1 -1)
#(0 159 1003 49 0 2 0 5 26656 -1 -1 -1 -1 -1 -1)
#(0 159 613 51 0 2 0 5 29237 -1 -1 -1 -1 -1 -1)
#(0 159 243 56 0 1 0 9 49202 -1 -1 -1 -1 -1 -1)
#(0 159 992 57 0 2 0 10 54244 -1 -1 -1 -1 -1 -1)
#(0 159 1633 20 0 3 0 11 59121 -1 -1 -1 -1 -1 -1)
#(0 159 204 44 0 1 0 13 72154 -1 -1 -1 -1 -1 -1)
#(0 159 614 44 0 2 0 15 80755 -1 -1 -1 -1 -1 -1)
#(0 159 1935 29 0 0 0 18 95523 -1 -1 -1 -1 -1 -1)
#(0 159 1635 38 0 1 0 20 107592 -1 -1 -1 -1 -1 -1)
#(0 159 1000 63 0 2 0 24 129367 -1 -1 -1 -1 -1 -1)
#(0 159 1936 20 0 0 0 25 132320 -1 -1 -1 -1 -1 -1)
#(0 159 622 55 0 2 0 27 146669 -1 -1 -1 -1 -1 -1)
#(0 159 235 62 0 3 0 28 150153 -1 -1 -1 -1 -1 -1)
#(0 159 612 64 0 2 0 29 153246 -1 -1 -1 -1 -1 -1)
#(0 159 1319 54 0 3 0 29 156955 -1 -1 -1 -1 -1 -1)
#(0 159 1934 23 0 0 0 30 158785 -1 -1 -1 -1 -1 -1)
#(0 159 619 59 0 2 0 30 162701 -1 -1 -1 -1 -1 -1)
#(0 159 1632 29 0 3 0 32 170633 -1 -1 -1 -1 -1 -1)
#(0 159 1931 25 0 0 0 33 174658 -1 -1 -1 -1 -1 -1)
#(0 159 1629 45 0 2 0 33 176633 -1 -1 -1 -1 -1 -1)
#(0 159 241 61 0 1 0 34 181783 -1 -1 -1 -1 -1 -1)
#(0 159 616 44 0 3 0 35 186237 -1 -1 -1 -1 -1 -1)
#(0 159 1315 51 0 1 0 36 193642 -1 -1 -1 -1 -1 -1)
#(0 159 620 61 0 3 0 40 216162 -1 -1 -1 -1 -1 -1)
#(0 159 999 44 0 2 0 40 216032 -1 -1 -1 -1 -1 -1)
#(0 159 996 59 0 3 0 42 223450 -1 -1 -1 -1 -1 -1)
#(0 159 238 63 0 3 0 45 240558 -1 -1 -1 -1 -1 -1)
#(0 159 1634 28 0 2 0 47 249596 -1 -1 -1 -1 -1 -1)
#(0 159 1002 55 0 3 0 48 254379 -1 -1 -1 -1 -1 -1)
#(0 159 1933 28 0 0 0 50 264471 -1 -1 -1 -1 -1 -1)
#(0 159 237 62 0 1 0 50 266273 -1 -1 -1 -1 -1 -1)
#(0 159 217 64 0 2 0 57 304111 -1 -1 -1 -1 -1 -1)
#(0 159 232 57 0 2 0 67 354943 -1 -1 -1 -1 -1 -1)
#(0 159 1320 65 0 3 0 68 364130 -1 -1 -1 -1 -1 -1)
#(0 159 609 54 0 3 0 71 378398 -1 -1 -1 -1 -1 -1)
#(0 159 621 62 0 1 0 73 390345 -1 -1 -1 -1 -1 -1)
#(0 159 1001 54 0 1 1 98 521695 -1 -1 -1 -1 -1 -1)
#(0 159 986 55 0 3 1 95 505878 -1 -1 -1 -1 -1 -1)
#(0 159 244 51 0 3 1 93 491221 -1 -1 -1 -1 -1 -1)
#(0 159 242 57 0 1 1 89 474275 -1 -1 -1 -1 -1 -1)
#(0 159 1004 58 0 3 1 89 473212 -1 -1 -1 -1 -1 -1)
#(0 159 1305 54 0 3 1 88 466183 -1 -1 -1 -1 -1 -1)
#(0 159 1630 26 0 2 1 88 468570 -1 -1 -1 -1 -1 -1)
#(0 159 223 66 0 1 1 85 450591 -1 -1 -1 -1 -1 -1)
#(0 159 233 61 0 2 1 84 446326 -1 -1 -1 -1 -1 -1)
#(0 159 610 57 0 3 1 83 439946 -1 -1 -1 -1 -1 -1)
#(0 159 611 44 0 1 1 80 426043 -1 -1 -1 -1 -1 -1)
#(0 159 998 44 0 2 1 76 401756 -1 -1 -1 -1 -1 -1)
#(0 159 1637 41 0 2 1 71 377979 -1 -1 -1 -1 -1 -1)
#(0 159 1321 51 0 1 1 66 350130 -1 -1 -1 -1 -1 -1)
#(0 159 600 59 0 2 1 66 350225 -1 -1 -1 -1 -1 -1)
#(0 159 994 44 0 1 1 60 317130 -1 -1 -1 -1 -1 -1)
#(0 159 236 67 0 3 1 56 297371 -1 -1 -1 -1 -1 -1)
#(0 159 1636 41 0 1 1 56 298793 -1 -1 -1 -1 -1 -1)
#(0 159 617 54 0 2 1 51 271020 -1 -1 -1 -1 -1 -1)
#(0 159 608 59 0 1 1 42 222656 -1 -1 -1 -1 -1 -1)
#(0 159 997 64 0 2 1 28 150496 -1 -1 -1 -1 -1 -1)
#(2 159 997 -1 -1 -1 -1 -1 -1 57 -1 -1 -1 -1 -1)
#(0 159 995 67 0 3 1 17 92016 -1 -1 -1 -1 -1 -1)
#(0 160 1943 23 0 0 0 1 5649 -1 -1 -1 -1 -1 -1)
#(0 160 1014 50 0 2 0 2 11594 -1 -1 -1 -1 -1 -1)
#(0 160 628 60 0 2 0 4 21652 -1 -1 -1 -1 -1 -1)
#(0 160 215 44 0 3 0 4 24639 -1 -1 -1 -1 -1 -1)
#(0 160 625 51 0 2 0 6 34501 -1 -1 -1 -1 -1 -1)
#(0 160 1642 27 0 2 0 6 33056 -1 -1 -1 -1 -1 -1)
#(0 160 631 57 0 3 0 11 62115 -1 -1 -1 -1 -1 -1)
#(0 160 250 62 0 2 0 11 59440 -1 -1 -1 -1 -1 -1)
#(0 160 1007 70 0 1 0 12 66431 -1 -1 -1 -1 -1 -1)
#(0 160 1015 61 0 2 0 13 71409 -1 -1 -1 -1 -1 -1)
#(0 160 1329 75 0 1 0 15 79786 -1 -1 -1 -1 -1 -1)
#(0 160 1945 28 0 0 0 16 84938 -1 -1 -1 -1 -1 -1)
#(0 160 1648 28 0 2 0 16 85951 -1 -1 -1 -1 -1 -1)
#(0 160 635 63 0 1 0 21 114388 -1 -1 -1 -1 -1 -1)
#(0 160 254 64 0 3 0 22 117311 -1 -1 -1 -1 -1 -1)
#(0 160 248 51 0 1 0 22 121154 -1 -1 -1 -1 -1 -1)
#(0 160 1937 30 0 0 0 27 143086 -1 -1 -1 -1 -1 -1)
#(0 160 1644 31 0 3 0 27 144141 -1 -1 -1 -1 -1 -1)
#(0 160 1940 23 0 0 0 39 206303 -1 -1 -1 -1 -1 -1)
#(0 160 228 73 0 2 0 39 210596 -1 -1 -1 -1 -1 -1)
#(0 160 1006 63 0 1 0 40 213673 -1 -1 -1 -1 -1 -1)
#(0 160 1939 30 0 0 0 45 238117 -1 -1 -1 -1 -1 -1)
#(0 160 246 59 0 2 0 45 239199 -1 -1 -1 -1 -1 -1)
#(0 160 1016 57 0 3 0 46 243706 -1 -1 -1 -1 -1 -1)
#(0 160 251 57 0 2 0 48 254622 -1 -1 -1 -1 -1 -1)
#(0 160 1326 55 0 2 0 58 310228 -1 -1 -1 -1 -1 -1)
#(0 160 245 57 0 2 0 58 307605 -1 -1 -1 -1 -1 -1)
#(0 160 1942 29 0 0 0 59 312002 -1 -1 -1 -1 -1 -1)
#(0 160 1641 21 0 2 0 60 317858 -1 -1 -1 -1 -1 -1)
#(0 160 1638 48 0 2 0 66 351004 -1 -1 -1 -1 -1 -1)
#(0 160 1008 70 0 3 0 73 388855 -1 -1 -1 -1 -1 -1)
#(0 160 1324 65 0 1 1 98 517517 -1 -1 -1 -1 -1 -1)
#(0 160 1005 54 0 2 1 92 489497 -1 -1 -1 -1 -1 -1)
#(0 160 1009 50 0 3 1 92 485839 -1 -1 -1 -1 -1 -1)
#(0 160 633 55 0 2 1 91 482354 -1 -1 -1 -1 -1 -1)
#(0 160 1946 20 0 0 1 90 480162 -1 -1 -1 -1 -1 -1)
#(0 160 627 57 0 2 1 90 476502 -1 -1 -1 -1 -1 -1)
#(0 160 632 51 0 3 1 88 467042 -1 -1 -1 -1 -1 -1)
#(0 160 1012 57 0 1 1 88 468385 -1 -1 -1 -1 -1 -1)
#(0 160 1646 31 0 3 1 86 457729 -1 -1 -1 -1 -1 -1)
#(0 160 1327 53 0 2 1 78 413001 -1 -1 -1 -1 -1 -1)
#(0 160 634 56 0 3 1 77 407880 -1 -1 -1 -1 -1 -1)
#(0 160 1938 25 0 0 1 75 400866 -1 -1 -1 -1 -1 -1)
#(0 160 252 59 0 2 1 73 389183 -1 -1 -1 -1 -1 -1)
#(0 160 1640 39 0 3 1 68 362280 -1 -1 -1 -1 -1 -1)
#(0 160 255 67 0 3 1 65 344976 -1 -1 -1 -1 -1 -1)
#(0 160 1647 46 0 3 1 65 346080 -1 -1 -1 -1 -1 -1)
#(0 160 1645 26 0 3 1 62 331230 -1 -1 -1 -1 -1 -1)
#(0 160 1011 65 0 1 1 61 324983 -1 -1 -1 -1 -1 -1)
#(0 160 1948 27 0 0 1 60 321648 -1 -1 -1 -1 -1 -1)
#(0 160 626 57 0 3 1 60 318134 -1 -1 -1 -1 -1 -1)
#(0 160 1949 29 0 0 1 59 316332 -1 -1 -1 -1 -1 -1)
#(0 160 253 59 0 3 1 58 309898 -1 -1 -1 -1 -1 -1)
#(0 160 1328 62 0 2 1 58 306713 -1 -1 -1 -1 -1 -1)
#(0 160 1947 28 0 0 1 57 305782 -1 -1 -1 -1 -1 -1)
#(0 160 1322 54 0 1 1 55 291740 -1 -1 -1 -1 -1 -1)
#(0 160 1639 38 0 3 1 52 277834 -1 -1 -1 -1 -1 -1)
#(0 160 624 62 0 1 1 50 265143 -1 -1 -1 -1 -1 -1)
#(0 160 988 70 0 1 1 49 261065 -1 -1 -1 -1 -1 -1)
#(0 160 1330 62 0 2 1 49 259340 -1 -1 -1 -1 -1 -1)
#(0 160 630 55 0 1 1 39 207696 -1 -1 -1 -1 -1 -1)
#(0 160 1643 32 0 2 1 19 103984 -1 -1 -1 -1 -1 -1)
#(0 161 1021 66 0 3 0 1 7228 -1 -1 -1 -1 -1 -1)
#(0 161 263 52 0 2 0 2 10893 -1 -1 -1 -1 -1 -1)
#(0 161 1020 62 0 1 0 2 12344 -1 -1 -1 -1 -1 -1)
#(0 161 1013 68 0 1 0 5 27500 -1 -1 -1 -1 -1 -1)
#(0 161 1338 65 0 2 0 6 36699 -1 -1 -1 -1 -1 -1)
#(0 161 644 53 0 2 0 8 45666 -1 -1 -1 -1 -1 -1)
#(0 161 1650 30 0 2 0 13 70193 -1 -1 -1 -1 -1 -1)
#(0 161 1026 57 0 2 0 15 79575 -1 -1 -1 -1 -1 -1)
#(0 161 1336 50 0 3 0 15 82770 -1 -1 -1 -1 -1 -1)
#(0 161 623 67 0 1 0 15 82749 -1 -1 -1 -1 -1 -1)
#(0 161 1657 46 0 2 0 15 81610 -1 -1 -1 -1 -1 -1)
#(0 161 640 48 0 2 0 16 87167 -1 -1 -1 -1 -1 -1)
#(0 161 1024 44 0 1 0 17 94611 -1 -1 -1 -1 -1 -1)
#(0 161 1952 20 0 0 0 18 95370 -1 -1 -1 -1 -1 -1)
#(0 161 643 58 0 1 0 20 109898 -1 -1 -1 -1 -1 -1)
#(0 161 1954 23 0 0 0 21 111251 -1 -1 -1 -1 -1 -1)
#(0 161 265 59 0 1 0 21 112612 -1 -1 -1 -1 -1 -1)
#(0 161 1656 44 0 1 0 23 123766 -1 -1 -1 -1 -1 -1)
#(0 161 1334 43 0 3 0 24 129646 -1 -1 -1 -1 -1 -1)
#(0 161 262 54 0 2 0 24 131813 -1 -1 -1 -1 -1 -1)
#(0 161 1944 25 0 0 0 27 142989 -1 -1 -1 -1 -1 -1)
#(0 161 1659 35 0 2 0 28 149632 -1 -1 -1 -1 -1 -1)
#(0 161 1323 54 0 3 0 29 156962 -1 -1 -1 -1 -1 -1)
#(0 161 1027 67 0 2 0 29 156807 -1 -1 -1 -1 -1 -1)
#(0 161 270 61 0 1 0 31 165834 -1 -1 -1 -1 -1 -1)
#(0 161 1649 43 0 3 0 33 176556 -1 -1 -1 -1 -1 -1)
#(0 161 1658 36 0 2 0 35 186685 -1 -1 -1 -1 -1 -1)
#(0 161 239 57 0 3 0 39 209237 -1 -1 -1 -1 -1 -1)
#(0 161 1017 51 0 1 0 42 222322 -1 -1 -1 -1 -1 -1)
#(0 161 1953 29 0 0 0 44 232802 -1 -1 -1 -1 -1 -1)
#(0 161 1025 55 0 2 0 45 238663 -1 -1 -1 -1 -1 -1)
#(0 161 646 59 0 2 0 49 262733 -1 -1 -1 -1 -1 -1)
#(0 161 1341 51 0 2 0 50 267613 -1 -1 -1 -1 -1 -1)
#(0 161 1332 50 0 1 0 53 283428 -1 -1 -1 -1 -1 -1)
#(0 161 1018 51 0 2 0 54 285798 -1 -1 -1 -1 -1 -1)
#(0 161 1651 32 0 3 0 55 292085 -1 -1 -1 -1 -1 -1)
#(0 161 249 59 0 1 0 58 307862 -1 -1 -1 -1 -1 -1)
#(0 161 1019 64 0 2 0 59 314073 -1 -1 -1 -1 -1 -1)
#(0 161 1652 33 0 1 0 62 329096 -1 -1 -1 -1 -1 -1)
#(0 161 1331 69 0 1 0 68 364278 -1 -1 -1 -1 -1 -1)
#(0 161 629 59 0 2 0 73 389694 -1 -1 -1 -1 -1 -1)
#(0 161 1335 64 0 3 0 82 437861 -1 -1 -1 -1 -1 -1)
#(0 161 1956 29 0 0 1 96 511691 -1 -1 -1 -1 -1 -1)
#(0 161 1010 63 0 2 1 95 505013 -1 -1 -1 -1 -1 -1)
#(0 161 1340 58 0 2 1 95 502499 -1 -1 -1 -1 -1 -1)
#(0 161 259 55 0 2 1 94 500873 -1 -1 -1 -1 -1 -1)
#(0 161 636 49 0 1 1 94 498722 -1 -1 -1 -1 -1 -1)
#(0 161 258 62 0 2 1 93 495060 -1 -1 -1 -1 -1 -1)
#(0 161 1342 65 0 2 1 87 459576 -1 -1 -1 -1 -1 -1)
#(0 161 641 56 0 3 1 85 450079 -1 -1 -1 -1 -1 -1)
#(0 161 267 45 0 3 1 81 429078 -1 -1 -1 -1 -1 -1)
#(0 161 1022 67 0 2 1 81 430055 -1 -1 -1 -1 -1 -1)
#(0 161 615 61 0 1 1 80 424055 -1 -1 -1 -1 -1 -1)
#(0 161 1654 37 0 2 1 80 425763 -1 -1 -1 -1 -1 -1)
#(0 161 1333 63 0 2 1 79 417459 -1 -1 -1 -1 -1 -1)
#(0 161 1941 22 0 0 1 75 400923 -1 -1 -1 -1 -1 -1)
#(0 161 1337 51 0 3 1 74 392196 -1 -1 -1 -1 -1 -1)
#(0 161 642 59 0 1 1 73 387526 -1 -1 -1 -1 -1 -1)
#(0 161 1339 62 0 1 1 73 385911 -1 -1 -1 -1 -1 -1)
#(0 161 261 59 0 3 1 72 382182 -1 -1 -1 -1 -1 -1)
#(0 161 1955 26 0 0 1 71 379744 -1 -1 -1 -1 -1 -1)
#(0 161 638 51 0 3 1 69 366671 -1 -1 -1 -1 -1 -1)
#(0 161 1325 53 0 3 1 66 350013 -1 -1 -1 -1 -1 -1)
#(0 161 269 60 0 3 1 64 340368 -1 -1 -1 -1 -1 -1)
#(0 161 639 60 0 2 1 59 311934 -1 -1 -1 -1 -1 -1)
#(0 161 645 61 0 2 1 54 285339 -1 -1 -1 -1 -1 -1)
#(0 161 637 60 0 3 1 51 270418 -1 -1 -1 -1 -1 -1)
#(0 161 1655 46 0 3 1 44 235230 -1 -1 -1 -1 -1 -1)
#(0 161 1951 34 0 0 1 40 215898 -1 -1 -1 -1 -1 -1)
#(0 161 257 66 0 2 1 39 207846 -1 -1 -1 -1 -1 -1)
#(0 161 1028 64 0 1 1 37 198200 -1 -1 -1 -1 -1 -1)
#(0 161 268 73 0 3 1 33 175754 -1 -1 -1 -1 -1 -1)
#(0 161 1023 64 0 2 1 33 176922 -1 -1 -1 -1 -1 -1)
#(0 161 260 59 0 2 1 16 87950 -1 -1 -1 -1 -1 -1)
#(0 161 1950 29 0 0 1 4 25905 -1 -1 -1 -1 -1 -1)
#(0 162 282 56 0 1 0 4 23276 -1 -1 -1 -1 -1 -1)
#(0 162 247 69 0 3 0 5 27627 -1 -1 -1 -1 -1 -1)
#(0 162 651 51 0 2 0 6 34420 -1 -1 -1 -1 -1 -1)
#(0 162 1029 58 0 1 0 6 33925 -1 -1 -1 -1 -1 -1)
#(0 162 1352 59 0 2 0 7 41685 -1 -1 -1 -1 -1 -1)
#(0 162 1653 28 0 2 0 13 70076 -1 -1 -1 -1 -1 -1)
#(0 162 272 69 0 2 0 22 118575 -1 -1 -1 -1 -1 -1)
#(0 162 286 59 0 3 0 24 130794 -1 -1 -1 -1 -1 -1)
#(0 162 1667 32 0 2 0 25 133728 -1 -1 -1 -1 -1 -1)
#(0 162 650 57 0 2 0 26 141379 -1 -1 -1 -1 -1 -1)
#(0 162 1662 34 0 2 0 27 144300 -1 -1 -1 -1 -1 -1)
#(0 162 274 69 0 3 0 32 172634 -1 -1 -1 -1 -1 -1)
#(0 162 1663 28 0 2 0 32 170669 -1 -1 -1 -1 -1 -1)
#(0 162 1349 52 0 1 0 37 199363 -1 -1 -1 -1 -1 -1)
#(0 162 287 64 0 1 0 38 202790 -1 -1 -1 -1 -1 -1)
#(0 162 653 60 0 2 0 38 205420 -1 -1 -1 -1 -1 -1)
#(0 162 1351 51 0 1 0 39 209499 -1 -1 -1 -1 -1 -1)
#(0 162 1350 43 0 2 0 42 224631 -1 -1 -1 -1 -1 -1)
#(0 162 1345 55 0 2 0 48 257484 -1 -1 -1 -1 -1 -1)
#(0 162 1957 34 0 0 0 52 275149 -1 -1 -1 -1 -1 -1)
#(0 162 658 59 0 2 0 52 279024 -1 -1 -1 -1 -1 -1)
#(0 162 657 56 0 3 0 53 284104 -1 -1 -1 -1 -1 -1)
#(0 162 655 56 0 2 0 57 304659 -1 -1 -1 -1 -1 -1)
#(0 162 273 51 0 3 0 58 311411 -1 -1 -1 -1 -1 -1)
#(0 162 1347 62 0 2 0 59 316210 -1 -1 -1 -1 -1 -1)
#(0 162 1965 32 0 0 0 60 317315 -1 -1 -1 -1 -1 -1)
#(0 162 649 55 0 1 0 64 341508 -1 -1 -1 -1 -1 -1)
#(0 162 1959 25 0 0 0 68 359458 -1 -1 -1 -1 -1 -1)
#(0 162 1348 74 0 1 0 68 359258 -1 -1 -1 -1 -1 -1)
#(0 162 288 67 0 2 0 68 362500 -1 -1 -1 -1 -1 -1)
#(0 162 1661 48 0 3 0 83 440806 -1 -1 -1 -1 -1 -1)
#(0 162 1964 20 0 0 1 99 527680 -1 -1 -1 -1 -1 -1)
#(0 162 1344 57 0 3 1 99 523688 -1 -1 -1 -1 -1 -1)
#(0 162 1962 30 0 0 1 97 516928 -1 -1 -1 -1 -1 -1)
#(0 162 277 57 0 3 1 97 516792 -1 -1 -1 -1 -1 -1)
#(0 162 275 44 0 2 1 97 513967 -1 -1 -1 -1 -1 -1)
#(0 162 1346 64 0 2 1 96 507130 -1 -1 -1 -1 -1 -1)
#(0 162 656 64 0 2 1 95 506405 -1 -1 -1 -1 -1 -1)
#(0 162 1666 35 0 2 1 94 499690 -1 -1 -1 -1 -1 -1)
#(0 162 662 57 0 3 1 91 482175 -1 -1 -1 -1 -1 -1)
#(0 162 659 51 0 2 1 84 444787 -1 -1 -1 -1 -1 -1)
#(0 162 1660 39 0 2 1 84 446777 -1 -1 -1 -1 -1 -1)
#(0 162 1963 23 0 0 1 83 443137 -1 -1 -1 -1 -1 -1)
#(0 162 281 58 0 2 1 83 442046 -1 -1 -1 -1 -1 -1)
#(0 162 279 57 0 2 1 81 431639 -1 -1 -1 -1 -1 -1)
#(0 162 661 57 0 3 1 80 424594 -1 -1 -1 -1 -1 -1)
#(0 162 1665 47 0 1 1 74 393482 -1 -1 -1 -1 -1 -1)
#(0 162 256 66 0 2 1 73 388648 -1 -1 -1 -1 -1 -1)
#(0 162 264 51 0 1 1 73 385709 -1 -1 -1 -1 -1 -1)
#(0 162 276 57 0 2 1 69 368062 -1 -1 -1 -1 -1 -1)
#(2 162 276 -1 -1 -1 -1 -1 -1 58 -1 -1 -1 -1 -1)
#(0 162 1664 29 0 3 1 69 368076 -1 -1 -1 -1 -1 -1)
#(0 162 1961 28 0 0 1 67 358564 -1 -1 -1 -1 -1 -1)
#(0 162 285 73 0 2 1 65 343765 -1 -1 -1 -1 -1 -1)
#(2 162 285 -1 -1 -1 -1 -1 -1 59 -1 -1 -1 -1 -1)
#(0 162 1958 29 0 0 1 62 332150 -1 -1 -1 -1 -1 -1)
#(0 162 1031 57 0 3 1 61 325862 -1 -1 -1 -1 -1 -1)
#(0 162 1966 28 0 0 1 57 305788 -1 -1 -1 -1 -1 -1)
#(0 162 660 45 0 3 1 57 303019 -1 -1 -1 -1 -1 -1)
#(0 162 654 57 0 2 1 51 270709 -1 -1 -1 -1 -1 -1)
#(0 162 652 59 0 3 1 50 265447 -1 -1 -1 -1 -1 -1)
#(0 162 1353 52 0 1 1 48 254931 -1 -1 -1 -1 -1 -1)
#(0 162 1343 59 0 2 1 47 248826 -1 -1 -1 -1 -1 -1)
#(0 162 1030 57 0 1 1 39 209654 -1 -1 -1 -1 -1 -1)
#(0 162 1032 67 0 2 1 35 187204 -1 -1 -1 -1 -1 -1)
#(0 162 271 63 0 2 1 23 123545 -1 -1 -1 -1 -1 -1)
#(0 162 648 67 0 3 1 19 104873 -1 -1 -1 -1 -1 -1)
#(0 162 283 75 0 1 1 14 78931 -1 -1 -1 -1 -1 -1)
#(0 162 284 51 0 2 1 12 63537 -1 -1 -1 -1 -1 -1)
#(0 163 1968 24 0 0 0 0 408 -1 -1 -1 -1 -1 -1)
#(0 163 1356 57 0 3 0 0 4231 -1 -1 -1 -1 -1 -1)
#(0 163 280 55 0 2 0 2 11775 -1 -1 -1 -1 -1 -1)
#(0 163 1672 28 0 2 0 3 17289 -1 -1 -1 -1 -1 -1)
#(0 163 671 56 0 1 0 4 24804 -1 -1 -1 -1 -1 -1)
#(0 163 663 69 0 3 0 4 22160 -1 -1 -1 -1 -1 -1)
#(0 163 1033 48 0 2 0 5 26406 -1 -1 -1 -1 -1 -1)
#(0 163 1972 28 0 0 0 6 32141 -1 -1 -1 -1 -1 -1)
#(0 163 293 59 0 2 0 12 65202 -1 -1 -1 -1 -1 -1)
#(0 163 291 53 0 2 0 13 72527 -1 -1 -1 -1 -1 -1)
#(0 163 647 58 0 2 0 16 88086 -1 -1 -1 -1 -1 -1)
#(0 163 1960 21 0 0 0 18 95392 -1 -1 -1 -1 -1 -1)
#(0 163 1354 51 0 2 0 19 104027 -1 -1 -1 -1 -1 -1)
#(0 163 296 55 0 1 0 29 153745 -1 -1 -1 -1 -1 -1)
#(0 163 1036 64 0 3 0 36 192510 -1 -1 -1 -1 -1 -1)
#(0 163 1042 54 0 2 0 46 243488 -1 -1 -1 -1 -1 -1)
#(0 163 1358 67 0 3 0 54 290167 -1 -1 -1 -1 -1 -1)
#(0 163 301 55 0 2 0 59 311900 -1 -1 -1 -1 -1 -1)
#(0 163 669 70 0 2 0 61 326935 -1 -1 -1 -1 -1 -1)
#(0 163 1034 75 0 2 0 62 331376 -1 -1 -1 -1 -1 -1)
#(0 163 295 67 0 2 0 62 331007 -1 -1 -1 -1 -1 -1)
#(0 163 1971 32 0 0 0 64 338450 -1 -1 -1 -1 -1 -1)
#(0 163 1035 51 0 2 0 80 423044 -1 -1 -1 -1 -1 -1)
#(0 163 664 57 0 2 0 84 447521 -1 -1 -1 -1 -1 -1)
#(0 163 1670 43 0 1 1 99 525704 -1 -1 -1 -1 -1 -1)
#(0 163 670 62 0 3 1 97 512653 -1 -1 -1 -1 -1 -1)
#(0 163 1039 55 0 2 1 94 500550 -1 -1 -1 -1 -1 -1)
#(0 163 1669 28 0 2 1 91 484339 -1 -1 -1 -1 -1 -1)
#(0 163 1675 20 0 2 1 90 479448 -1 -1 -1 -1 -1 -1)
#(0 163 1357 62 0 2 1 89 470549 -1 -1 -1 -1 -1 -1)
#(0 163 673 55 0 1 1 87 460522 -1 -1 -1 -1 -1 -1)
#(0 163 1668 32 0 1 1 87 462958 -1 -1 -1 -1 -1 -1)
#(0 163 1673 38 0 1 1 86 457410 -1 -1 -1 -1 -1 -1)
#(0 163 294 64 0 3 1 84 446153 -1 -1 -1 -1 -1 -1)
#(0 163 665 67 0 1 1 81 432516 -1 -1 -1 -1 -1 -1)
#(0 163 1355 67 0 3 1 73 385750 -1 -1 -1 -1 -1 -1)
#(0 163 1678 26 0 2 1 70 373561 -1 -1 -1 -1 -1 -1)
#(0 163 298 44 0 1 1 68 360816 -1 -1 -1 -1 -1 -1)
#(0 163 672 59 0 2 1 67 354896 -1 -1 -1 -1 -1 -1)
#(0 163 1359 44 0 2 1 67 356062 -1 -1 -1 -1 -1 -1)
#(0 163 289 62 0 2 1 65 345897 -1 -1 -1 -1 -1 -1)
#(0 163 1970 27 0 0 1 60 321643 -1 -1 -1 -1 -1 -1)
#(0 163 1040 64 0 3 1 59 315783 -1 -1 -1 -1 -1 -1)
#(0 163 667 59 0 3 1 58 307026 -1 -1 -1 -1 -1 -1)
#(0 163 1674 42 0 1 1 56 298790 -1 -1 -1 -1 -1 -1)
#(0 163 666 75 0 2 1 55 293938 -1 -1 -1 -1 -1 -1)
#(0 163 297 60 0 2 1 54 288209 -1 -1 -1 -1 -1 -1)
#(0 163 1041 66 0 2 1 51 271621 -1 -1 -1 -1 -1 -1)
#(0 163 1967 20 0 0 1 48 258380 -1 -1 -1 -1 -1 -1)
#(0 163 1677 35 0 1 1 41 219911 -1 -1 -1 -1 -1 -1)
#(4 163 1677 -1 0 -1 -1 -1 -1 60 0 0 0 0 -1)
#(0 163 300 67 0 3 1 39 207547 -1 -1 -1 -1 -1 -1)
#(0 163 674 63 0 2 1 36 195034 -1 -1 -1 -1 -1 -1)
#(0 163 1969 26 0 0 1 33 179080 -1 -1 -1 -1 -1 -1)
#(0 163 675 70 0 1 1 33 178240 -1 -1 -1 -1 -1 -1)
#(0 163 676 44 0 1 1 27 146247 -1 -1 -1 -1 -1 -1)
#(0 163 1676 30 0 2 1 24 130435 -1 -1 -1 -1 -1 -1)
#(0 163 290 57 0 3 1 22 120138 -1 -1 -1 -1 -1 -1)
#(0 164 1369 51 0 1 0 0 3607 -1 -1 -1 -1 -1 -1)
#(0 164 1982 23 0 0 0 1 5652 -1 -1 -1 -1 -1 -1)
#(0 164 1043 52 0 2 0 5 26758 -1 -1 -1 -1 -1 -1)
#(0 164 1364 51 0 2 0 5 30072 -1 -1 -1 -1 -1 -1)
#(0 164 1054 51 0 1 0 7 37546 -1 -1 -1 -1 -1 -1)
#(0 164 1365 60 0 3 0 7 41589 -1 -1 -1 -1 -1 -1)
#(0 164 1978 23 0 0 0 8 42613 -1 -1 -1 -1 -1 -1)
#(0 164 305 60 0 2 0 10 54599 -1 -1 -1 -1 -1 -1)
#(0 164 1687 32 0 1 0 10 54498 -1 -1 -1 -1 -1 -1)
#(0 164 689 57 0 3 0 14 77781 -1 -1 -1 -1 -1 -1)
#(0 164 1979 27 0 0 0 17 90194 -1 -1 -1 -1 -1 -1)
#(0 164 1045 51 0 1 0 17 90420 -1 -1 -1 -1 -1 -1)
#(0 164 1368 54 0 2 0 17 93973 -1 -1 -1 -1 -1 -1)
#(0 164 692 58 0 1 0 17 94152 -1 -1 -1 -1 -1 -1)
#(0 164 1055 55 0 2 0 18 95843 -1 -1 -1 -1 -1 -1)
#(0 164 302 54 0 2 0 18 95728 -1 -1 -1 -1 -1 -1)
#(0 164 684 44 0 2 0 19 101946 -1 -1 -1 -1 -1 -1)
#(0 164 1053 60 0 3 0 20 107717 -1 -1 -1 -1 -1 -1)
#(0 164 1044 59 0 3 0 21 113499 -1 -1 -1 -1 -1 -1)
#(0 164 680 58 0 2 0 22 121206 -1 -1 -1 -1 -1 -1)
#(0 164 688 59 0 3 0 25 135673 -1 -1 -1 -1 -1 -1)
#(0 164 1057 51 0 2 0 34 180124 -1 -1 -1 -1 -1 -1)
#(0 164 312 49 0 2 0 35 185721 -1 -1 -1 -1 -1 -1)
#(0 164 1037 72 0 2 0 36 193298 -1 -1 -1 -1 -1 -1)
#(0 164 1973 23 0 0 0 37 195750 -1 -1 -1 -1 -1 -1)
#(0 164 693 55 0 3 0 38 204871 -1 -1 -1 -1 -1 -1)
#(0 164 1049 44 0 1 0 38 205559 -1 -1 -1 -1 -1 -1)
#(0 164 1977 25 0 0 0 39 206332 -1 -1 -1 -1 -1 -1)
#(0 164 1683 39 0 1 0 39 207957 -1 -1 -1 -1 -1 -1)
#(0 164 678 51 0 3 0 43 229901 -1 -1 -1 -1 -1 -1)
#(0 164 1363 59 0 2 0 44 236844 -1 -1 -1 -1 -1 -1)
#(0 164 310 49 0 3 0 46 243224 -1 -1 -1 -1 -1 -1)
#(0 164 1974 29 0 0 0 50 264500 -1 -1 -1 -1 -1 -1)
#(0 164 311 52 0 1 0 57 302124 -1 -1 -1 -1 -1 -1)
#(0 164 1361 59 0 3 0 57 305543 -1 -1 -1 -1 -1 -1)
#(0 164 1685 20 0 2 0 60 317834 -1 -1 -1 -1 -1 -1)
#(0 164 1038 54 0 2 0 62 328456 -1 -1 -1 -1 -1 -1)
#(0 164 307 64 0 2 0 68 361735 -1 -1 -1 -1 -1 -1)
#(0 164 1684 43 0 1 0 75 398285 -1 -1 -1 -1 -1 -1)
#(0 164 1671 37 0 1 1 99 526073 -1 -1 -1 -1 -1 -1)
#(0 164 278 64 0 2 1 96 510836 -1 -1 -1 -1 -1 -1)
#(0 164 687 44 0 3 1 93 494801 -1 -1 -1 -1 -1 -1)
#(0 164 685 64 0 2 1 92 487081 -1 -1 -1 -1 -1 -1)
#(0 164 1050 57 0 3 1 91 484848 -1 -1 -1 -1 -1 -1)
#(0 164 677 50 0 2 1 91 483034 -1 -1 -1 -1 -1 -1)
#(0 164 681 51 0 3 1 89 472401 -1 -1 -1 -1 -1 -1)
#(0 164 1682 20 0 3 1 88 468878 -1 -1 -1 -1 -1 -1)
#(0 164 306 51 0 3 1 88 464766 -1 -1 -1 -1 -1 -1)
#(0 164 1976 28 0 0 1 87 464169 -1 -1 -1 -1 -1 -1)
#(0 164 668 62 0 3 1 84 443878 -1 -1 -1 -1 -1 -1)
#(0 164 1680 41 0 1 1 82 436089 -1 -1 -1 -1 -1 -1)
#(0 164 679 61 0 2 1 81 432723 -1 -1 -1 -1 -1 -1)
#(0 164 299 58 0 1 1 80 427562 -1 -1 -1 -1 -1 -1)
#(0 164 1686 37 0 1 1 79 420435 -1 -1 -1 -1 -1 -1)
#(0 164 1366 62 0 3 1 78 412451 -1 -1 -1 -1 -1 -1)
#(0 164 683 57 0 1 1 75 396885 -1 -1 -1 -1 -1 -1)
#(0 164 1360 59 0 3 1 73 386332 -1 -1 -1 -1 -1 -1)
#(0 164 690 64 0 2 1 71 379592 -1 -1 -1 -1 -1 -1)
#(0 164 1981 26 0 0 1 70 374464 -1 -1 -1 -1 -1 -1)
#(0 164 308 51 0 2 1 70 369899 -1 -1 -1 -1 -1 -1)
#(0 164 1047 59 0 1 1 68 362156 -1 -1 -1 -1 -1 -1)
#(0 164 309 57 0 1 1 62 331685 -1 -1 -1 -1 -1 -1)
#(0 164 1056 59 0 2 1 59 316198 -1 -1 -1 -1 -1 -1)
#(0 164 1362 51 0 2 1 56 297350 -1 -1 -1 -1 -1 -1)
#(0 164 1980 29 0 0 1 54 289925 -1 -1 -1 -1 -1 -1)
#(0 164 1051 57 0 3 1 54 288211 -1 -1 -1 -1 -1 -1)
#(0 164 682 64 0 2 1 52 274732 -1 -1 -1 -1 -1 -1)
#(0 164 1046 67 0 3 1 50 266294 -1 -1 -1 -1 -1 -1)
#(0 164 1975 16 0 0 1 48 258459 -1 -1 -1 -1 -1 -1)
#(0 164 313 68 0 3 1 48 255236 -1 -1 -1 -1 -1 -1)
#(0 164 1681 31 0 2 1 43 230708 -1 -1 -1 -1 -1 -1)
#(0 164 1052 57 0 2 1 42 225606 -1 -1 -1 -1 -1 -1)
#(0 164 1679 42 0 2 1 32 172031 -1 -1 -1 -1 -1 -1)
#(0 164 686 75 0 1 1 31 166834 -1 -1 -1 -1 -1 -1)
#(0 164 304 62 0 1 1 19 103163 -1 -1 -1 -1 -1 -1)
#(0 164 1367 59 0 1 1 13 69409 -1 -1 -1 -1 -1 -1)
#(0 164 1048 70 0 2 1 4 23077 -1 -1 -1 -1 -1 -1)
#(0 165 696 59 0 2 0 1 10105 -1 -1 -1 -1 -1 -1)
#(0 165 315 53 0 3 0 2 10806 -1 -1 -1 -1 -1 -1)
#(0 165 323 56 0 2 0 3 17938 -1 -1 -1 -1 -1 -1)
#(0 165 1063 57 0 2 0 4 22628 -1 -1 -1 -1 -1 -1)
#(0 165 1983 23 0 0 0 7 37350 -1 -1 -1 -1 -1 -1)
#(0 165 703 61 0 2 0 10 57231 -1 -1 -1 -1 -1 -1)
#(0 165 1986 25 0 0 0 16 84884 -1 -1 -1 -1 -1 -1)
#(0 165 1067 60 0 2 0 16 86637 -1 -1 -1 -1 -1 -1)
#(0 165 327 55 0 2 0 21 111430 -1 -1 -1 -1 -1 -1)
#(0 165 325 44 0 1 0 22 119686 -1 -1 -1 -1 -1 -1)
#(0 165 702 53 0 2 0 22 119676 -1 -1 -1 -1 -1 -1)
#(0 165 1688 47 0 2 0 22 118640 -1 -1 -1 -1 -1 -1)
#(0 165 701 53 0 2 0 24 131251 -1 -1 -1 -1 -1 -1)
#(0 165 1058 67 0 2 0 28 150820 -1 -1 -1 -1 -1 -1)
#(0 165 1060 61 0 2 0 31 165828 -1 -1 -1 -1 -1 -1)
#(0 165 322 61 0 1 0 34 181691 -1 -1 -1 -1 -1 -1)
#(0 165 1694 20 0 3 0 34 180550 -1 -1 -1 -1 -1 -1)
#(0 165 1370 67 0 3 0 34 184788 -1 -1 -1 -1 -1 -1)
#(0 165 1373 57 0 1 0 35 189008 -1 -1 -1 -1 -1 -1)
#(0 165 1376 61 0 1 0 36 194371 -1 -1 -1 -1 -1 -1)
#(0 165 697 59 0 2 0 39 209911 -1 -1 -1 -1 -1 -1)
#(0 165 318 44 0 2 0 42 225298 -1 -1 -1 -1 -1 -1)
#(0 165 1065 59 0 3 0 46 243840 -1 -1 -1 -1 -1 -1)
#(0 165 1984 34 0 0 0 48 254023 -1 -1 -1 -1 -1 -1)
#(0 165 1372 70 0 2 0 50 264251 -1 -1 -1 -1 -1 -1)
#(0 165 1689 38 0 3 0 54 287245 -1 -1 -1 -1 -1 -1)
#(0 165 1374 62 0 2 0 57 305465 -1 -1 -1 -1 -1 -1)
#(0 165 698 44 0 2 0 75 397599 -1 -1 -1 -1 -1 -1)
#(0 165 699 62 0 3 1 98 517767 -1 -1 -1 -1 -1 -1)
#(0 165 314 67 0 3 1 97 513605 -1 -1 -1 -1 -1 -1)
#(0 165 704 55 0 3 1 95 503393 -1 -1 -1 -1 -1 -1)
#(0 165 1989 28 0 0 1 94 501142 -1 -1 -1 -1 -1 -1)
#(0 165 1693 25 0 2 1 92 489672 -1 -1 -1 -1 -1 -1)
#(0 165 1692 26 0 2 1 91 484404 -1 -1 -1 -1 -1 -1)
#(0 165 1377 57 0 2 1 88 465777 -1 -1 -1 -1 -1 -1)
#(0 165 317 66 0 2 1 86 455903 -1 -1 -1 -1 -1 -1)
#(0 165 1375 54 0 1 1 86 454997 -1 -1 -1 -1 -1 -1)
#(0 165 328 55 0 2 1 85 453473 -1 -1 -1 -1 -1 -1)
#(0 165 1062 60 0 3 1 85 451942 -1 -1 -1 -1 -1 -1)
#(0 165 326 64 0 2 1 82 435636 -1 -1 -1 -1 -1 -1)
#(0 165 1064 56 0 2 1 79 420401 -1 -1 -1 -1 -1 -1)
#(0 165 1691 33 0 2 1 79 420775 -1 -1 -1 -1 -1 -1)
#(0 165 324 69 0 2 1 78 413126 -1 -1 -1 -1 -1 -1)
#(0 165 707 62 0 1 1 78 412034 -1 -1 -1 -1 -1 -1)
#(0 165 319 51 0 1 1 71 375000 -1 -1 -1 -1 -1 -1)
#(0 165 700 67 0 1 1 69 369344 -1 -1 -1 -1 -1 -1)
#(0 165 1061 54 0 2 1 69 368586 -1 -1 -1 -1 -1 -1)
#(0 165 321 58 0 1 1 64 340444 -1 -1 -1 -1 -1 -1)
#(0 165 1059 54 0 2 1 63 336948 -1 -1 -1 -1 -1 -1)
#(0 165 1988 29 0 0 1 59 316319 -1 -1 -1 -1 -1 -1)
#(0 165 1990 34 0 0 1 58 310960 -1 -1 -1 -1 -1 -1)
#(0 165 1371 44 0 2 1 58 308568 -1 -1 -1 -1 -1 -1)
#(0 165 1068 64 0 2 1 56 298463 -1 -1 -1 -1 -1 -1)
#(0 165 705 57 0 3 1 55 292094 -1 -1 -1 -1 -1 -1)
#(2 165 705 -1 -1 -1 -1 -1 -1 61 -1 -1 -1 -1 -1)
#(0 165 316 59 0 2 1 50 268316 -1 -1 -1 -1 -1 -1)
#(0 165 1695 44 0 1 1 50 266971 -1 -1 -1 -1 -1 -1)
#(0 165 320 59 0 2 1 43 230571 -1 -1 -1 -1 -1 -1)
#(0 165 1985 32 0 0 1 20 110344 -1 -1 -1 -1 -1 -1)
#(0 166 713 59 0 3 0 1 9901 -1 -1 -1 -1 -1 -1)
#(0 166 338 47 0 3 0 4 26328 -1 -1 -1 -1 -1 -1)
#(0 166 709 61 0 3 0 5 30883 -1 -1 -1 -1 -1 -1)
#(0 166 1378 57 0 2 0 9 51902 -1 -1 -1 -1 -1 -1)
#(0 166 329 56 0 2 0 10 54412 -1 -1 -1 -1 -1 -1)
#(0 166 723 51 0 2 0 13 71423 -1 -1 -1 -1 -1 -1)
#(0 166 1996 29 0 0 0 15 79696 -1 -1 -1 -1 -1 -1)
#(0 166 334 44 0 3 0 15 82652 -1 -1 -1 -1 -1 -1)
#(0 166 333 66 0 3 0 17 93863 -1 -1 -1 -1 -1 -1)
#(0 166 1698 32 0 2 0 17 91411 -1 -1 -1 -1 -1 -1)
#(0 166 332 58 0 2 0 18 96501 -1 -1 -1 -1 -1 -1)
#(0 166 1077 55 0 2 0 19 101766 -1 -1 -1 -1 -1 -1)
#(0 166 1998 34 0 0 0 20 106170 -1 -1 -1 -1 -1 -1)
#(0 166 1386 56 0 2 0 20 109752 -1 -1 -1 -1 -1 -1)
#(0 166 1700 35 0 1 0 21 112724 -1 -1 -1 -1 -1 -1)
#(2 166 1700 -1 -1 -1 -1 -1 -1 62 -1 -1 -1 -1 -1)
#(0 166 1690 21 0 3 0 22 117232 -1 -1 -1 -1 -1 -1)
#(0 166 1380 47 0 2 0 24 129927 -1 -1 -1 -1 -1 -1)
#(0 166 1075 44 0 1 0 24 131623 -1 -1 -1 -1 -1 -1)
#(0 166 691 65 0 1 0 25 136964 -1 -1 -1 -1 -1 -1)
#(0 166 1066 51 0 2 0 28 148487 -1 -1 -1 -1 -1 -1)
#(0 166 1994 34 0 0 0 29 153696 -1 -1 -1 -1 -1 -1)
#(2 166 1994 -1 -1 -1 -1 -1 -1 63 -1 -1 -1 -1 -1)
#(0 166 1076 62 0 2 0 30 160520 -1 -1 -1 -1 -1 -1)
#(0 166 1074 44 0 2 0 31 168610 -1 -1 -1 -1 -1 -1)
#(0 166 1997 26 0 0 0 34 179953 -1 -1 -1 -1 -1 -1)
#(0 166 1999 30 0 0 0 41 216985 -1 -1 -1 -1 -1 -1)
#(0 166 330 59 0 2 0 42 224840 -1 -1 -1 -1 -1 -1)
#(0 166 694 51 0 1 0 43 229737 -1 -1 -1 -1 -1 -1)
#(0 166 1070 69 0 1 0 44 235463 -1 -1 -1 -1 -1 -1)
#(0 166 1992 34 0 0 0 48 254010 -1 -1 -1 -1 -1 -1)
#(0 166 720 55 0 2 0 49 262173 -1 -1 -1 -1 -1 -1)
#(0 166 726 44 0 2 0 50 265566 -1 -1 -1 -1 -1 -1)
#(0 166 1072 57 0 3 0 63 334110 -1 -1 -1 -1 -1 -1)
#(0 166 1381 57 0 1 0 64 342195 -1 -1 -1 -1 -1 -1)
#(0 166 1701 33 0 2 0 66 350195 -1 -1 -1 -1 -1 -1)
#(0 166 1704 20 0 2 0 67 354794 -1 -1 -1 -1 -1 -1)
#(0 166 1995 25 0 0 0 68 359458 -1 -1 -1 -1 -1 -1)
#(0 166 1703 31 0 2 0 76 402852 -1 -1 -1 -1 -1 -1)
#(0 166 1379 62 0 2 1 96 507513 -1 -1 -1 -1 -1 -1)
#(0 166 714 61 0 3 1 94 497119 -1 -1 -1 -1 -1 -1)
#(0 166 695 54 0 2 1 93 493791 -1 -1 -1 -1 -1 -1)
#(0 166 1073 59 0 2 1 93 493968 -1 -1 -1 -1 -1 -1)
#(0 166 1385 62 0 2 1 91 481029 -1 -1 -1 -1 -1 -1)
#(0 166 706 67 0 2 1 91 481088 -1 -1 -1 -1 -1 -1)
#(0 166 1993 29 0 0 1 89 474704 -1 -1 -1 -1 -1 -1)
#(0 166 1702 26 0 3 1 89 473877 -1 -1 -1 -1 -1 -1)
#(0 166 1069 51 0 1 1 87 464078 -1 -1 -1 -1 -1 -1)
#(0 166 711 56 0 2 1 84 444765 -1 -1 -1 -1 -1 -1)
#(0 166 1696 27 0 2 1 84 447381 -1 -1 -1 -1 -1 -1)
#(0 166 331 56 0 2 1 79 420791 -1 -1 -1 -1 -1 -1)
#(0 166 1383 60 0 3 1 79 417735 -1 -1 -1 -1 -1 -1)
#(0 166 719 51 0 3 1 75 398399 -1 -1 -1 -1 -1 -1)
#(0 166 1071 62 0 2 1 75 400268 -1 -1 -1 -1 -1 -1)
#(0 166 1078 57 0 2 1 74 394595 -1 -1 -1 -1 -1 -1)
#(0 166 2000 26 0 0 1 70 374458 -1 -1 -1 -1 -1 -1)
#(0 166 337 55 0 2 1 69 367890 -1 -1 -1 -1 -1 -1)
#(0 166 336 44 0 3 1 57 302699 -1 -1 -1 -1 -1 -1)
#(0 166 1384 55 0 2 1 53 281081 -1 -1 -1 -1 -1 -1)
#(0 166 712 70 0 3 1 51 269566 -1 -1 -1 -1 -1 -1)
#(0 166 1987 16 0 0 1 48 258453 -1 -1 -1 -1 -1 -1)
#(0 166 1705 48 0 2 1 48 256222 -1 -1 -1 -1 -1 -1)
#(0 166 335 57 0 3 1 48 257631 -1 -1 -1 -1 -1 -1)
#(0 166 1697 39 0 2 1 41 219754 -1 -1 -1 -1 -1 -1)
#(0 166 717 70 0 2 1 40 215174 -1 -1 -1 -1 -1 -1)
#(0 166 1991 25 0 0 1 37 200217 -1 -1 -1 -1 -1 -1)
#(0 166 710 59 0 2 1 37 196114 -1 -1 -1 -1 -1 -1)
#(0 166 725 59 0 2 1 33 175209 -1 -1 -1 -1 -1 -1)
#(0 166 1699 44 0 3 1 32 171899 -1 -1 -1 -1 -1 -1)
#(0 166 715 51 0 2 1 25 134364 -1 -1 -1 -1 -1 -1)
#(0 167 722 61 0 1 0 1 9705 -1 -1 -1 -1 -1 -1)
#(0 167 359 44 0 2 0 9 51001 -1 -1 -1 -1 -1 -1)
#(0 167 1382 43 0 2 0 9 50450 -1 -1 -1 -1 -1 -1)
#(0 167 1711 36 0 2 0 9 49426 -1 -1 -1 -1 -1 -1)
#(0 167 1085 54 0 1 0 10 53956 -1 -1 -1 -1 -1 -1)
#(0 167 1392 56 0 2 0 11 62570 -1 -1 -1 -1 -1 -1)
#(0 167 2007 34 0 0 0 12 63922 -1 -1 -1 -1 -1 -1)
#(0 167 729 66 0 3 0 12 64385 -1 -1 -1 -1 -1 -1)
#(0 167 2001 28 0 0 0 13 69117 -1 -1 -1 -1 -1 -1)
#(0 167 731 69 0 3 0 16 88709 -1 -1 -1 -1 -1 -1)
#(0 167 1081 58 0 1 0 16 86167 -1 -1 -1 -1 -1 -1)
#(0 167 1708 34 0 2 0 21 112589 -1 -1 -1 -1 -1 -1)
#(0 167 1391 59 0 3 0 22 120805 -1 -1 -1 -1 -1 -1)
#(0 167 352 69 0 3 0 23 122586 -1 -1 -1 -1 -1 -1)
#(0 167 2006 27 0 0 0 25 132434 -1 -1 -1 -1 -1 -1)
#(0 167 349 62 0 1 0 28 149936 -1 -1 -1 -1 -1 -1)
#(0 167 1083 51 0 2 0 31 164275 -1 -1 -1 -1 -1 -1)
#(0 167 1388 57 0 3 0 34 183758 -1 -1 -1 -1 -1 -1)
#(0 167 735 61 0 2 0 35 185550 -1 -1 -1 -1 -1 -1)
#(0 167 355 59 0 2 0 37 197105 -1 -1 -1 -1 -1 -1)
#(0 167 351 65 0 1 0 39 209571 -1 -1 -1 -1 -1 -1)
#(0 167 343 64 0 3 0 42 224287 -1 -1 -1 -1 -1 -1)
#(0 167 358 67 0 3 0 44 235678 -1 -1 -1 -1 -1 -1)
#(0 167 2008 28 0 0 0 45 238056 -1 -1 -1 -1 -1 -1)
#(0 167 356 55 0 3 0 46 243735 -1 -1 -1 -1 -1 -1)
#(0 167 347 51 0 2 0 48 258585 -1 -1 -1 -1 -1 -1)
#(0 167 357 75 0 2 0 50 269214 -1 -1 -1 -1 -1 -1)
#(0 167 1399 51 0 2 0 56 299264 -1 -1 -1 -1 -1 -1)
#(0 167 346 59 0 1 0 60 318387 -1 -1 -1 -1 -1 -1)
#(0 167 2011 34 0 0 0 72 380712 -1 -1 -1 -1 -1 -1)
#(0 167 1395 51 0 2 0 74 394373 -1 -1 -1 -1 -1 -1)
#(0 167 737 69 0 3 1 97 512343 -1 -1 -1 -1 -1 -1)
#(0 167 718 57 0 1 1 95 503312 -1 -1 -1 -1 -1 -1)
#(0 167 708 44 0 1 1 91 484150 -1 -1 -1 -1 -1 -1)
#(0 167 733 64 0 2 1 89 474785 -1 -1 -1 -1 -1 -1)
#(0 167 353 60 0 2 1 89 472648 -1 -1 -1 -1 -1 -1)
#(0 167 350 51 0 1 1 87 459520 -1 -1 -1 -1 -1 -1)
#(0 167 1082 63 0 3 1 84 446009 -1 -1 -1 -1 -1 -1)
#(0 167 1710 33 0 2 1 83 441761 -1 -1 -1 -1 -1 -1)
#(0 167 1087 52 0 1 1 83 442052 -1 -1 -1 -1 -1 -1)
#(0 167 344 54 0 1 1 83 442156 -1 -1 -1 -1 -1 -1)
#(0 167 1088 67 0 2 1 82 435394 -1 -1 -1 -1 -1 -1)
#(0 167 738 68 0 1 1 82 436799 -1 -1 -1 -1 -1 -1)
#(0 167 2004 20 0 0 1 78 416788 -1 -1 -1 -1 -1 -1)
#(0 167 716 61 0 2 1 78 412583 -1 -1 -1 -1 -1 -1)
#(0 167 1397 44 0 2 1 74 393053 -1 -1 -1 -1 -1 -1)
#(0 167 1086 65 0 1 1 73 388109 -1 -1 -1 -1 -1 -1)
#(0 167 342 62 0 2 1 70 372637 -1 -1 -1 -1 -1 -1)
#(0 167 1390 66 0 2 1 68 359370 -1 -1 -1 -1 -1 -1)
#(0 167 341 65 0 2 1 66 351086 -1 -1 -1 -1 -1 -1)
#(0 167 1396 56 0 2 1 65 343946 -1 -1 -1 -1 -1 -1)
#(0 167 732 66 0 2 1 64 342788 -1 -1 -1 -1 -1 -1)
#(0 167 1707 33 0 2 1 63 336226 -1 -1 -1 -1 -1 -1)
#(0 167 1393 73 0 3 1 62 331998 -1 -1 -1 -1 -1 -1)
#(0 167 339 52 0 1 1 62 332149 -1 -1 -1 -1 -1 -1)
#(0 167 1080 56 0 3 1 61 325656 -1 -1 -1 -1 -1 -1)
#(0 167 1079 57 0 2 1 60 320591 -1 -1 -1 -1 -1 -1)
#(0 167 340 55 0 2 1 58 310902 -1 -1 -1 -1 -1 -1)
#(0 167 1387 53 0 3 1 58 308210 -1 -1 -1 -1 -1 -1)
#(0 167 2005 30 0 0 1 51 274055 -1 -1 -1 -1 -1 -1)
#(0 167 1709 36 0 1 1 46 246272 -1 -1 -1 -1 -1 -1)
#(0 167 730 71 0 3 1 45 241640 -1 -1 -1 -1 -1 -1)
#(0 167 739 55 0 2 1 44 234090 -1 -1 -1 -1 -1 -1)
#(0 167 2002 32 0 0 1 40 215937 -1 -1 -1 -1 -1 -1)
#(0 167 2003 29 0 0 1 35 189591 -1 -1 -1 -1 -1 -1)
#(0 167 736 75 0 2 1 35 187907 -1 -1 -1 -1 -1 -1)
#(0 167 1389 43 0 2 1 29 155502 -1 -1 -1 -1 -1 -1)
#(0 167 1089 70 0 1 1 9 49431 -1 -1 -1 -1 -1 -1)
#(0 167 354 74 0 2 1 8 47459 -1 -1 -1 -1 -1 -1)
#(0 168 1401 58 0 2 0 0 4136 -1 -1 -1 -1 -1 -1)
#(0 168 348 44 0 3 0 4 24614 -1 -1 -1 -1 -1 -1)
#(0 168 749 54 0 2 0 5 29665 -1 -1 -1 -1 -1 -1)
#(0 168 1716 27 0 3 0 7 38362 -1 -1 -1 -1 -1 -1)
#(0 168 1091 51 0 3 0 9 48086 -1 -1 -1 -1 -1 -1)
#(0 168 1398 43 0 3 0 11 60973 -1 -1 -1 -1 -1 -1)
#(0 168 2010 23 0 0 0 12 63730 -1 -1 -1 -1 -1 -1)
#(0 168 728 57 0 2 0 13 72214 -1 -1 -1 -1 -1 -1)
#(0 168 373 56 0 3 0 15 80313 -1 -1 -1 -1 -1 -1)
#(0 168 750 49 0 2 0 16 87577 -1 -1 -1 -1 -1 -1)
#(0 168 1093 57 0 1 0 18 95834 -1 -1 -1 -1 -1 -1)
#(0 168 1400 58 0 2 0 20 109831 -1 -1 -1 -1 -1 -1)
#(0 168 748 52 0 1 0 22 119658 -1 -1 -1 -1 -1 -1)
#(0 168 743 61 0 2 0 27 147336 -1 -1 -1 -1 -1 -1)
#(0 168 1404 55 0 1 0 28 151921 -1 -1 -1 -1 -1 -1)
#(0 168 1402 59 0 3 0 29 157613 -1 -1 -1 -1 -1 -1)
#(0 168 366 67 0 3 0 30 161930 -1 -1 -1 -1 -1 -1)
#(0 168 1084 62 0 1 0 32 169770 -1 -1 -1 -1 -1 -1)
#(0 168 361 53 0 2 0 34 180035 -1 -1 -1 -1 -1 -1)
#(0 168 2024 25 0 0 0 35 185197 -1 -1 -1 -1 -1 -1)
#(0 168 2013 34 0 0 0 40 211783 -1 -1 -1 -1 -1 -1)
#(0 168 1407 67 0 1 0 42 221914 -1 -1 -1 -1 -1 -1)
#(0 168 360 62 0 3 0 42 223851 -1 -1 -1 -1 -1 -1)
#(0 168 1099 61 0 2 0 42 223497 -1 -1 -1 -1 -1 -1)
#(0 168 365 61 0 3 0 45 239515 -1 -1 -1 -1 -1 -1)
#(0 168 1411 69 0 2 0 47 248396 -1 -1 -1 -1 -1 -1)
#(0 168 370 57 0 2 0 47 249370 -1 -1 -1 -1 -1 -1)
#(0 168 2015 30 0 0 0 49 259239 -1 -1 -1 -1 -1 -1)
#(0 168 1715 40 0 1 0 49 260821 -1 -1 -1 -1 -1 -1)
#(0 168 747 58 0 2 0 55 290630 -1 -1 -1 -1 -1 -1)
#(0 168 742 63 0 1 0 57 305893 -1 -1 -1 -1 -1 -1)
#(0 168 1409 75 0 3 0 62 328283 -1 -1 -1 -1 -1 -1)
#(0 168 1714 42 0 1 0 62 329529 -1 -1 -1 -1 -1 -1)
#(0 168 2017 26 0 0 0 65 343634 -1 -1 -1 -1 -1 -1)
#(0 168 1713 45 0 3 0 71 377201 -1 -1 -1 -1 -1 -1)
#(0 168 746 59 0 2 0 72 384676 -1 -1 -1 -1 -1 -1)
#(0 168 1403 68 0 2 0 73 385508 -1 -1 -1 -1 -1 -1)
#(0 168 744 66 0 1 0 78 412386 -1 -1 -1 -1 -1 -1)
#(0 168 1100 51 0 2 0 78 412369 -1 -1 -1 -1 -1 -1)
#(0 168 1410 58 0 3 1 99 523571 -1 -1 -1 -1 -1 -1)
#(0 168 1097 57 0 2 1 98 520831 -1 -1 -1 -1 -1 -1)
#(0 168 1722 35 0 2 1 97 515630 -1 -1 -1 -1 -1 -1)
#(0 168 377 61 0 2 1 95 504244 -1 -1 -1 -1 -1 -1)
#(0 168 368 54 0 3 1 94 500955 -1 -1 -1 -1 -1 -1)
#(0 168 1394 49 0 2 1 91 482355 -1 -1 -1 -1 -1 -1)
#(0 168 1719 39 0 3 1 87 462644 -1 -1 -1 -1 -1 -1)
#(0 168 1718 41 0 3 1 85 451934 -1 -1 -1 -1 -1 -1)
#(0 168 1405 54 0 2 1 83 439566 -1 -1 -1 -1 -1 -1)
#(0 168 1717 33 0 3 1 82 436537 -1 -1 -1 -1 -1 -1)
#(0 168 2027 30 0 0 1 81 432462 -1 -1 -1 -1 -1 -1)
#(0 168 375 58 0 1 1 81 430495 -1 -1 -1 -1 -1 -1)
#(0 168 372 49 0 2 1 81 428508 -1 -1 -1 -1 -1 -1)
#(0 168 2012 23 0 0 1 80 427284 -1 -1 -1 -1 -1 -1)
#(0 168 721 58 0 3 1 78 413062 -1 -1 -1 -1 -1 -1)
#(0 168 2025 23 0 0 1 76 406190 -1 -1 -1 -1 -1 -1)
#(0 168 751 51 0 1 1 76 402616 -1 -1 -1 -1 -1 -1)
#(0 168 2020 27 0 0 1 74 395549 -1 -1 -1 -1 -1 -1)
#(0 168 2021 20 0 0 1 70 374557 -1 -1 -1 -1 -1 -1)
#(0 168 376 62 0 3 1 68 361653 -1 -1 -1 -1 -1 -1)
#(0 168 374 61 0 2 1 63 334364 -1 -1 -1 -1 -1 -1)
#(0 168 741 44 0 3 1 63 336331 -1 -1 -1 -1 -1 -1)
#(0 168 1720 41 0 2 1 60 319934 -1 -1 -1 -1 -1 -1)
#(0 168 745 55 0 2 1 60 316825 -1 -1 -1 -1 -1 -1)
#(0 168 367 62 0 1 1 59 314986 -1 -1 -1 -1 -1 -1)
#(0 168 2019 32 0 0 1 56 300424 -1 -1 -1 -1 -1 -1)
#(0 168 364 55 0 3 1 55 294413 -1 -1 -1 -1 -1 -1)
#(0 168 2026 20 0 0 1 54 290079 -1 -1 -1 -1 -1 -1)
#(0 168 1712 43 0 1 1 51 272226 -1 -1 -1 -1 -1 -1)
#(0 168 1092 57 0 2 1 51 273089 -1 -1 -1 -1 -1 -1)
#(0 168 1095 61 0 3 1 48 256166 -1 -1 -1 -1 -1 -1)
#(0 168 1096 55 0 3 1 47 252381 -1 -1 -1 -1 -1 -1)
#(0 168 363 57 0 1 1 45 241550 -1 -1 -1 -1 -1 -1)
#(0 168 2023 20 0 0 1 43 231996 -1 -1 -1 -1 -1 -1)
#(0 168 1090 44 0 3 1 38 200974 -1 -1 -1 -1 -1 -1)
#(0 168 1408 73 0 2 1 37 200214 -1 -1 -1 -1 -1 -1)
#(0 168 2018 34 0 0 1 34 184223 -1 -1 -1 -1 -1 -1)
#(2 168 2018 -1 -1 -1 -1 -1 -1 64 -1 -1 -1 -1 -1)
#(0 168 734 59 0 2 1 33 175101 -1 -1 -1 -1 -1 -1)
#(0 168 2016 28 0 0 1 32 173769 -1 -1 -1 -1 -1 -1)
#(0 168 362 64 0 2 1 32 171528 -1 -1 -1 -1 -1 -1)
#(0 168 1721 32 0 2 1 32 172615 -1 -1 -1 -1 -1 -1)
#(0 168 740 70 0 1 1 30 162333 -1 -1 -1 -1 -1 -1)
#(0 168 1098 44 0 2 1 28 148202 -1 -1 -1 -1 -1 -1)
#(0 169 2034 29 0 0 0 1 5749 -1 -1 -1 -1 -1 -1)
#(0 169 1416 66 0 2 0 1 10006 -1 -1 -1 -1 -1 -1)
#(0 169 378 59 0 2 0 3 18386 -1 -1 -1 -1 -1 -1)
#(0 169 1724 31 0 3 0 3 17461 -1 -1 -1 -1 -1 -1)
#(0 169 381 57 0 2 0 8 43563 -1 -1 -1 -1 -1 -1)
#(0 169 1406 49 0 2 0 9 50693 -1 -1 -1 -1 -1 -1)
#(0 169 1413 44 0 3 0 10 55756 -1 -1 -1 -1 -1 -1)
#(0 169 389 64 0 2 0 11 59888 -1 -1 -1 -1 -1 -1)
#(0 169 1108 58 0 1 0 11 59522 -1 -1 -1 -1 -1 -1)
#(2 169 1108 -1 -1 -1 -1 -1 -1 65 -1 -1 -1 -1 -1)
#(0 169 2032 28 0 0 0 15 79659 -1 -1 -1 -1 -1 -1)
#(0 169 379 68 0 2 0 19 102988 -1 -1 -1 -1 -1 -1)
#(0 169 1726 34 0 3 0 19 102185 -1 -1 -1 -1 -1 -1)
#(0 169 1105 55 0 2 0 24 127847 -1 -1 -1 -1 -1 -1)
#(0 169 1725 21 0 2 0 24 127773 -1 -1 -1 -1 -1 -1)
#(0 169 1113 55 0 3 0 25 132242 -1 -1 -1 -1 -1 -1)
#(0 169 1109 60 0 2 0 27 144790 -1 -1 -1 -1 -1 -1)
#(0 169 753 44 0 2 0 27 144084 -1 -1 -1 -1 -1 -1)
#(0 169 1114 67 0 2 0 29 155789 -1 -1 -1 -1 -1 -1)
#(2 169 1114 -1 -1 -1 -1 -1 -1 66 -1 -1 -1 -1 -1)
#(0 169 756 69 0 2 0 30 159375 -1 -1 -1 -1 -1 -1)
#(0 169 1728 34 0 2 0 31 165444 -1 -1 -1 -1 -1 -1)
#(0 169 1094 67 0 1 0 31 165395 -1 -1 -1 -1 -1 -1)
#(0 169 754 63 0 1 0 32 174129 -1 -1 -1 -1 -1 -1)
#(0 169 1419 57 0 1 0 35 188967 -1 -1 -1 -1 -1 -1)
#(0 169 759 57 0 2 0 35 188117 -1 -1 -1 -1 -1 -1)
#(0 169 386 51 0 1 0 36 195216 -1 -1 -1 -1 -1 -1)
#(0 169 1412 62 0 2 0 40 215966 -1 -1 -1 -1 -1 -1)
#(0 169 385 57 0 1 0 47 249222 -1 -1 -1 -1 -1 -1)
#(0 169 2028 20 0 0 0 53 280177 -1 -1 -1 -1 -1 -1)
#(0 169 1731 32 0 2 0 53 281475 -1 -1 -1 -1 -1 -1)
#(0 169 1103 44 0 2 0 53 284779 -1 -1 -1 -1 -1 -1)
#(0 169 1723 21 0 2 0 57 302013 -1 -1 -1 -1 -1 -1)
#(0 169 387 44 0 1 0 59 315043 -1 -1 -1 -1 -1 -1)
#(0 169 2033 32 0 0 0 94 496849 -1 -1 -1 -1 -1 -1)
#(0 169 1101 62 0 2 1 97 514658 -1 -1 -1 -1 -1 -1)
#(0 169 1727 40 0 3 1 96 510068 -1 -1 -1 -1 -1 -1)
#(0 169 371 51 0 3 1 95 501817 -1 -1 -1 -1 -1 -1)
#(0 169 757 55 0 2 1 94 497318 -1 -1 -1 -1 -1 -1)
#(4 169 757 -1 0 -1 -1 -1 -1 67 0 0 0 0 -1)
#(0 169 758 62 0 1 1 93 492876 -1 -1 -1 -1 -1 -1)
#(0 169 761 54 0 2 1 89 472069 -1 -1 -1 -1 -1 -1)
#(0 169 1706 30 0 2 1 89 473647 -1 -1 -1 -1 -1 -1)
#(0 169 1421 63 0 2 1 89 470473 -1 -1 -1 -1 -1 -1)
#(0 169 1418 57 0 2 1 87 459840 -1 -1 -1 -1 -1 -1)
#(0 169 760 56 0 2 1 87 459898 -1 -1 -1 -1 -1 -1)
#(0 169 2029 30 0 0 1 85 453561 -1 -1 -1 -1 -1 -1)
#(0 169 752 43 0 2 1 83 441938 -1 -1 -1 -1 -1 -1)
#(0 169 1104 52 0 3 1 80 426708 -1 -1 -1 -1 -1 -1)
#(0 169 382 51 0 1 1 79 417286 -1 -1 -1 -1 -1 -1)
#(0 169 2009 20 0 0 1 78 416774 -1 -1 -1 -1 -1 -1)
#(0 169 724 44 0 3 1 78 415556 -1 -1 -1 -1 -1 -1)
#(0 169 1415 56 0 2 1 77 407536 -1 -1 -1 -1 -1 -1)
#(0 169 383 62 0 3 1 76 404162 -1 -1 -1 -1 -1 -1)
#(0 169 2031 29 0 0 1 71 379677 -1 -1 -1 -1 -1 -1)
#(0 169 1414 53 0 2 1 66 349790 -1 -1 -1 -1 -1 -1)
#(0 169 1111 51 0 2 1 64 342565 -1 -1 -1 -1 -1 -1)
#(0 169 380 60 0 1 1 64 341099 -1 -1 -1 -1 -1 -1)
#(0 169 1417 59 0 2 1 63 333361 -1 -1 -1 -1 -1 -1)
#(0 169 1420 51 0 2 1 60 318492 -1 -1 -1 -1 -1 -1)
#(0 169 1112 56 0 2 1 60 320856 -1 -1 -1 -1 -1 -1)
#(0 169 2030 29 0 0 1 59 316314 -1 -1 -1 -1 -1 -1)
#(0 169 390 44 0 2 1 55 292163 -1 -1 -1 -1 -1 -1)
#(0 169 369 75 0 1 1 45 238435 -1 -1 -1 -1 -1 -1)
#(0 169 1102 57 0 2 1 44 236094 -1 -1 -1 -1 -1 -1)
#(0 169 388 64 0 2 1 33 176687 -1 -1 -1 -1 -1 -1)
#(0 169 1106 51 0 3 1 31 168339 -1 -1 -1 -1 -1 -1)
#(0 169 1730 36 0 1 1 27 145927 -1 -1 -1 -1 -1 -1)
#(0 170 392 63 0 1 0 3 18353 -1 -1 -1 -1 -1 -1)
#(0 170 1742 30 0 2 0 3 17418 -1 -1 -1 -1 -1 -1)
#(0 170 774 52 0 1 0 4 24680 -1 -1 -1 -1 -1 -1)
#(0 170 1427 62 0 3 0 4 25857 -1 -1 -1 -1 -1 -1)
#(0 170 2044 25 0 0 0 6 32070 -1 -1 -1 -1 -1 -1)
#(0 170 776 50 0 2 0 7 39610 -1 -1 -1 -1 -1 -1)
#(0 170 393 44 0 1 0 13 72195 -1 -1 -1 -1 -1 -1)
#(0 170 1734 37 0 1 0 13 70651 -1 -1 -1 -1 -1 -1)
#(0 170 773 61 0 2 0 14 78107 -1 -1 -1 -1 -1 -1)
#(0 170 1118 51 0 1 0 15 80005 -1 -1 -1 -1 -1 -1)
#(0 170 769 54 0 3 0 16 87654 -1 -1 -1 -1 -1 -1)
#(0 170 1741 41 0 3 0 18 97180 -1 -1 -1 -1 -1 -1)
#(0 170 772 44 0 1 0 18 96580 -1 -1 -1 -1 -1 -1)
#(0 170 767 64 0 2 0 23 126552 -1 -1 -1 -1 -1 -1)
#(0 170 1736 21 0 0 0 24 127707 -1 -1 -1 -1 -1 -1)
#(0 170 770 59 0 3 0 24 131612 -1 -1 -1 -1 -1 -1)
#(0 170 1424 57 0 1 0 25 136272 -1 -1 -1 -1 -1 -1)
#(0 170 762 56 0 2 0 25 135838 -1 -1 -1 -1 -1 -1)
#(0 170 2037 26 0 0 0 35 185229 -1 -1 -1 -1 -1 -1)
#(0 170 1738 44 0 3 0 39 208208 -1 -1 -1 -1 -1 -1)
#(0 170 400 60 0 1 0 41 218810 -1 -1 -1 -1 -1 -1)
#(0 170 766 72 0 3 0 48 253921 -1 -1 -1 -1 -1 -1)
#(0 170 2043 32 0 0 0 51 269803 -1 -1 -1 -1 -1 -1)
#(0 170 1119 51 0 2 0 55 290977 -1 -1 -1 -1 -1 -1)
#(0 170 1425 55 0 3 0 55 294460 -1 -1 -1 -1 -1 -1)
#(0 170 771 67 0 3 0 56 296105 -1 -1 -1 -1 -1 -1)
#(0 170 1115 67 0 3 0 61 324957 -1 -1 -1 -1 -1 -1)
#(0 170 1732 37 0 1 0 61 324011 -1 -1 -1 -1 -1 -1)
#(0 170 399 74 0 3 0 61 326737 -1 -1 -1 -1 -1 -1)
#(0 170 1740 33 0 1 0 64 339645 -1 -1 -1 -1 -1 -1)
#(0 170 2035 20 0 0 0 76 401614 -1 -1 -1 -1 -1 -1)
#(0 170 2040 29 0 0 0 78 412329 -1 -1 -1 -1 -1 -1)
#(0 170 2041 20 0 0 0 79 417448 -1 -1 -1 -1 -1 -1)
#(0 170 1737 28 0 2 1 99 526577 -1 -1 -1 -1 -1 -1)
#(0 170 395 51 0 1 1 98 517571 -1 -1 -1 -1 -1 -1)
#(0 170 1116 62 0 3 1 97 515274 -1 -1 -1 -1 -1 -1)
#(0 170 384 58 0 2 1 95 505254 -1 -1 -1 -1 -1 -1)
#(0 170 391 61 0 2 1 93 495108 -1 -1 -1 -1 -1 -1)
#(0 170 1423 52 0 1 1 91 482260 -1 -1 -1 -1 -1 -1)
#(0 170 398 64 0 2 1 90 477912 -1 -1 -1 -1 -1 -1)
#(0 170 1733 27 0 2 1 87 463249 -1 -1 -1 -1 -1 -1)
#(0 170 775 55 0 2 1 81 429419 -1 -1 -1 -1 -1 -1)
#(0 170 1107 44 0 2 1 81 428150 -1 -1 -1 -1 -1 -1)
#(0 170 2014 18 0 0 1 78 416832 -1 -1 -1 -1 -1 -1)
#(0 170 396 67 0 3 1 76 403027 -1 -1 -1 -1 -1 -1)
#(0 170 402 44 0 2 1 76 401949 -1 -1 -1 -1 -1 -1)
#(0 170 2036 29 0 0 1 75 400787 -1 -1 -1 -1 -1 -1)
#(0 170 2042 27 0 0 1 71 379728 -1 -1 -1 -1 -1 -1)
#(0 170 768 49 0 1 1 71 377372 -1 -1 -1 -1 -1 -1)
#(0 170 2039 33 0 0 1 67 358482 -1 -1 -1 -1 -1 -1)
#(0 170 1422 58 0 1 1 67 355186 -1 -1 -1 -1 -1 -1)
#(0 170 397 61 0 3 1 65 346179 -1 -1 -1 -1 -1 -1)
#(0 170 764 55 0 2 1 64 339611 -1 -1 -1 -1 -1 -1)
#(2 170 764 -1 -1 -1 -1 -1 -1 68 -1 -1 -1 -1 -1)
#(0 170 1120 44 0 1 1 62 327804 -1 -1 -1 -1 -1 -1)
#(0 170 765 63 0 3 1 53 279905 -1 -1 -1 -1 -1 -1)
#(0 170 394 66 0 3 1 42 223580 -1 -1 -1 -1 -1 -1)
#(0 170 763 75 0 2 1 40 214595 -1 -1 -1 -1 -1 -1)
#(0 170 1117 62 0 2 1 37 199807 -1 -1 -1 -1 -1 -1)
#(0 170 1426 52 0 3 1 36 191054 -1 -1 -1 -1 -1 -1)
#(0 170 1735 25 0 2 1 27 146571 -1 -1 -1 -1 -1 -1)
#(0 170 2038 34 0 0 1 24 131425 -1 -1 -1 -1 -1 -1)
#(0 171 1125 62 0 1 0 4 23075 -1 -1 -1 -1 -1 -1)
#(0 171 1438 59 0 2 0 8 46599 -1 -1 -1 -1 -1 -1)
#(0 171 786 52 0 2 0 9 50883 -1 -1 -1 -1 -1 -1)
#(0 171 2046 34 0 0 0 10 53384 -1 -1 -1 -1 -1 -1)
#(0 171 1436 51 0 2 0 11 61427 -1 -1 -1 -1 -1 -1)
#(0 171 2052 25 0 0 0 12 63772 -1 -1 -1 -1 -1 -1)
#(0 171 1746 49 0 2 0 12 65922 -1 -1 -1 -1 -1 -1)
#(0 171 408 59 0 1 0 12 65108 -1 -1 -1 -1 -1 -1)
#(0 171 777 72 0 1 0 13 68930 -1 -1 -1 -1 -1 -1)
#(0 171 1122 44 0 3 0 20 110502 -1 -1 -1 -1 -1 -1)
#(0 171 1431 44 0 1 0 27 145530 -1 -1 -1 -1 -1 -1)
#(0 171 413 67 0 1 0 29 156340 -1 -1 -1 -1 -1 -1)
#(0 171 783 51 0 3 0 33 177032 -1 -1 -1 -1 -1 -1)
#(0 171 1743 41 0 3 0 38 202873 -1 -1 -1 -1 -1 -1)
#(0 171 1127 44 0 3 0 38 205538 -1 -1 -1 -1 -1 -1)
#(0 171 787 55 0 2 0 41 220043 -1 -1 -1 -1 -1 -1)
#(0 171 409 51 0 3 0 48 258533 -1 -1 -1 -1 -1 -1)
#(0 171 1437 57 0 2 0 48 257818 -1 -1 -1 -1 -1 -1)
#(0 171 2050 20 0 0 0 52 274888 -1 -1 -1 -1 -1 -1)
#(0 171 404 63 0 2 0 56 298609 -1 -1 -1 -1 -1 -1)
#(0 171 781 62 0 2 0 60 321770 -1 -1 -1 -1 -1 -1)
#(0 171 778 64 0 2 0 64 343038 -1 -1 -1 -1 -1 -1)
#(0 171 1747 46 0 1 0 70 371990 -1 -1 -1 -1 -1 -1)
#(0 171 1123 62 0 2 0 80 424089 -1 -1 -1 -1 -1 -1)
#(0 171 1132 44 0 3 0 81 432499 -1 -1 -1 -1 -1 -1)
#(0 171 1744 20 0 2 0 84 444571 -1 -1 -1 -1 -1 -1)
#(0 171 784 61 0 2 1 98 517860 -1 -1 -1 -1 -1 -1)
#(0 171 1430 57 0 1 1 98 518385 -1 -1 -1 -1 -1 -1)
#(0 171 1729 43 0 2 1 96 509958 -1 -1 -1 -1 -1 -1)
#(0 171 401 58 0 2 1 95 505354 -1 -1 -1 -1 -1 -1)
#(0 171 2048 29 0 0 1 94 501111 -1 -1 -1 -1 -1 -1)
#(0 171 411 44 0 2 1 94 498045 -1 -1 -1 -1 -1 -1)
#(0 171 1433 57 0 3 1 93 492047 -1 -1 -1 -1 -1 -1)
#(0 171 1749 30 0 3 1 92 489398 -1 -1 -1 -1 -1 -1)
#(0 171 780 59 0 1 1 90 476204 -1 -1 -1 -1 -1 -1)
#(0 171 1745 29 0 2 1 89 473688 -1 -1 -1 -1 -1 -1)
#(0 171 1129 67 0 2 1 86 456434 -1 -1 -1 -1 -1 -1)
#(0 171 1428 57 0 2 1 84 444558 -1 -1 -1 -1 -1 -1)
#(0 171 1429 54 0 2 1 83 439585 -1 -1 -1 -1 -1 -1)
#(0 171 755 56 0 2 1 83 440324 -1 -1 -1 -1 -1 -1)
#(0 171 410 65 0 2 1 80 425326 -1 -1 -1 -1 -1 -1)
#(0 171 1126 44 0 3 1 80 422773 -1 -1 -1 -1 -1 -1)
#(0 171 2049 30 0 0 1 79 421888 -1 -1 -1 -1 -1 -1)
#(0 171 727 44 0 2 1 78 415641 -1 -1 -1 -1 -1 -1)
#(0 171 1435 58 0 2 1 78 412528 -1 -1 -1 -1 -1 -1)
#(0 171 1750 32 0 2 1 75 399669 -1 -1 -1 -1 -1 -1)
#(0 171 2051 25 0 0 1 73 390322 -1 -1 -1 -1 -1 -1)
#(0 171 405 58 0 2 1 69 366997 -1 -1 -1 -1 -1 -1)
#(0 171 1121 54 0 2 1 69 368181 -1 -1 -1 -1 -1 -1)
#(0 171 407 57 0 2 1 68 363075 -1 -1 -1 -1 -1 -1)
#(0 171 782 44 0 1 1 66 352223 -1 -1 -1 -1 -1 -1)
#(0 171 1130 65 0 3 1 64 341427 -1 -1 -1 -1 -1 -1)
#(0 171 1751 33 0 2 1 62 330938 -1 -1 -1 -1 -1 -1)
#(0 171 1432 55 0 2 1 45 238841 -1 -1 -1 -1 -1 -1)
#(0 171 1748 40 0 1 1 45 240786 -1 -1 -1 -1 -1 -1)
#(0 171 785 70 0 2 1 43 231985 -1 -1 -1 -1 -1 -1)
#(0 171 1131 57 0 1 1 39 209665 -1 -1 -1 -1 -1 -1)
#(0 171 2045 28 0 0 1 37 200156 -1 -1 -1 -1 -1 -1)
#(0 171 1124 51 0 2 1 36 194729 -1 -1 -1 -1 -1 -1)
#(0 171 406 67 0 2 1 28 149559 -1 -1 -1 -1 -1 -1)
#(0 171 779 55 0 2 1 23 123155 -1 -1 -1 -1 -1 -1)
#(0 171 1434 44 0 1 1 17 92052 -1 -1 -1 -1 -1 -1)
#(0 172 416 57 0 2 0 2 11697 -1 -1 -1 -1 -1 -1)
#(0 172 1760 30 0 2 0 3 17394 -1 -1 -1 -1 -1 -1)
#(0 172 1135 44 0 1 0 5 31275 -1 -1 -1 -1 -1 -1)
#(0 172 1753 28 0 2 0 6 33107 -1 -1 -1 -1 -1 -1)
#(0 172 1450 66 0 1 0 7 42161 -1 -1 -1 -1 -1 -1)
#(0 172 418 57 0 2 0 10 53231 -1 -1 -1 -1 -1 -1)
#(0 172 2055 23 0 0 0 11 58467 -1 -1 -1 -1 -1 -1)
#(0 172 424 44 0 1 0 12 66897 -1 -1 -1 -1 -1 -1)
#(0 172 1755 27 0 2 0 12 64765 -1 -1 -1 -1 -1 -1)
#(0 172 415 59 0 2 0 14 74340 -1 -1 -1 -1 -1 -1)
#(0 172 1139 58 0 3 0 18 95874 -1 -1 -1 -1 -1 -1)
#(0 172 789 59 0 3 0 18 97763 -1 -1 -1 -1 -1 -1)
#(0 172 427 57 0 1 0 19 101908 -1 -1 -1 -1 -1 -1)
#(0 172 417 53 0 3 0 21 113563 -1 -1 -1 -1 -1 -1)
#(0 172 420 64 0 2 0 22 118866 -1 -1 -1 -1 -1 -1)
#(0 172 1739 20 0 0 0 24 127678 -1 -1 -1 -1 -1 -1)
#(2 172 1739 -1 -1 -1 -1 -1 -1 69 -1 -1 -1 -1 -1)
#(0 172 2056 28 0 0 0 27 143031 -1 -1 -1 -1 -1 -1)
#(0 172 2060 27 0 0 0 28 148284 -1 -1 -1 -1 -1 -1)
#(0 172 1133 51 0 1 0 30 158980 -1 -1 -1 -1 -1 -1)
#(0 172 1443 51 0 3 0 31 167373 -1 -1 -1 -1 -1 -1)
#(0 172 1134 51 0 2 0 32 169187 -1 -1 -1 -1 -1 -1)
#(0 172 788 64 0 1 0 32 174138 -1 -1 -1 -1 -1 -1)
#(0 172 1143 55 0 2 0 40 212260 -1 -1 -1 -1 -1 -1)
#(0 172 1448 61 0 1 0 40 215759 -1 -1 -1 -1 -1 -1)
#(0 172 792 72 0 3 0 41 218267 -1 -1 -1 -1 -1 -1)
#(0 172 1140 58 0 2 0 48 255334 -1 -1 -1 -1 -1 -1)
#(0 172 414 56 0 3 0 49 259000 -1 -1 -1 -1 -1 -1)
#(0 172 2059 34 0 0 0 50 264565 -1 -1 -1 -1 -1 -1)
#(0 172 428 64 0 3 0 51 272113 -1 -1 -1 -1 -1 -1)
#(0 172 2058 26 0 0 0 55 290834 -1 -1 -1 -1 -1 -1)
#(0 172 1754 42 0 1 0 55 292627 -1 -1 -1 -1 -1 -1)
#(0 172 1444 70 0 2 0 61 322180 -1 -1 -1 -1 -1 -1)
#(0 172 2047 19 0 0 0 79 417432 -1 -1 -1 -1 -1 -1)
#(0 172 2057 34 0 0 1 98 522143 -1 -1 -1 -1 -1 -1)
#(0 172 1137 68 0 1 1 97 515129 -1 -1 -1 -1 -1 -1)
#(0 172 1758 38 0 2 1 97 515508 -1 -1 -1 -1 -1 -1)
#(0 172 426 68 0 2 1 96 510334 -1 -1 -1 -1 -1 -1)
#(0 172 790 62 0 1 1 96 507242 -1 -1 -1 -1 -1 -1)
#(0 172 1756 34 0 3 1 95 505103 -1 -1 -1 -1 -1 -1)
#(0 172 794 60 0 2 1 93 493465 -1 -1 -1 -1 -1 -1)
#(0 172 1141 44 0 2 1 93 491533 -1 -1 -1 -1 -1 -1)
#(0 172 1449 67 0 2 1 90 475299 -1 -1 -1 -1 -1 -1)
#(0 172 425 59 0 2 1 88 468283 -1 -1 -1 -1 -1 -1)
#(0 172 1757 30 0 3 1 87 463096 -1 -1 -1 -1 -1 -1)
#(0 172 1446 67 0 2 1 85 454055 -1 -1 -1 -1 -1 -1)
#(0 172 1447 57 0 1 1 84 444629 -1 -1 -1 -1 -1 -1)
#(0 172 791 60 0 3 1 80 427647 -1 -1 -1 -1 -1 -1)
#(0 172 2022 15 0 0 1 78 416865 -1 -1 -1 -1 -1 -1)
#(0 172 1761 20 0 3 1 77 410811 -1 -1 -1 -1 -1 -1)
#(0 172 421 51 0 1 1 77 406723 -1 -1 -1 -1 -1 -1)
#(0 172 419 44 0 3 1 76 403061 -1 -1 -1 -1 -1 -1)
#(0 172 1136 44 0 1 1 76 401736 -1 -1 -1 -1 -1 -1)
#(0 172 1138 57 0 2 1 74 394476 -1 -1 -1 -1 -1 -1)
#(0 172 1441 56 0 2 1 73 386343 -1 -1 -1 -1 -1 -1)
#(0 172 1440 59 0 2 1 71 375751 -1 -1 -1 -1 -1 -1)
#(0 172 1445 57 0 2 1 66 349720 -1 -1 -1 -1 -1 -1)
#(0 172 412 65 0 1 1 65 345889 -1 -1 -1 -1 -1 -1)
#(0 172 423 44 0 1 1 63 334372 -1 -1 -1 -1 -1 -1)
#(0 172 422 66 0 2 1 54 288352 -1 -1 -1 -1 -1 -1)
#(0 172 1442 62 0 2 1 44 232778 -1 -1 -1 -1 -1 -1)
#(0 172 2054 28 0 0 1 39 210724 -1 -1 -1 -1 -1 -1)
#(0 172 1759 39 0 1 1 34 182758 -1 -1 -1 -1 -1 -1)
#(0 172 1752 21 0 2 1 30 162621 -1 -1 -1 -1 -1 -1)
#(0 172 1762 48 0 1 1 28 150657 -1 -1 -1 -1 -1 -1)
#(0 173 1451 57 0 2 0 0 4120 -1 -1 -1 -1 -1 -1)
#(0 173 2066 32 0 0 0 5 26936 -1 -1 -1 -1 -1 -1)
#(0 173 1455 56 0 3 0 5 30514 -1 -1 -1 -1 -1 -1)
#(0 173 799 59 0 3 0 7 40753 -1 -1 -1 -1 -1 -1)
#(0 173 1154 67 0 2 0 8 45347 -1 -1 -1 -1 -1 -1)
#(0 173 1439 61 0 1 0 8 46646 -1 -1 -1 -1 -1 -1)
#(0 173 435 57 0 3 0 9 50656 -1 -1 -1 -1 -1 -1)
#(0 173 1145 62 0 1 0 9 48936 -1 -1 -1 -1 -1 -1)
#(0 173 797 59 0 2 0 10 57066 -1 -1 -1 -1 -1 -1)
#(0 173 1462 63 0 1 0 11 61992 -1 -1 -1 -1 -1 -1)
#(0 173 1456 51 0 2 0 14 77527 -1 -1 -1 -1 -1 -1)
#(0 173 2062 32 0 0 0 20 106140 -1 -1 -1 -1 -1 -1)
#(0 173 1128 61 0 2 0 21 111844 -1 -1 -1 -1 -1 -1)
#(0 173 1768 41 0 2 0 28 149995 -1 -1 -1 -1 -1 -1)
#(0 173 1147 72 0 2 0 28 149830 -1 -1 -1 -1 -1 -1)
#(0 173 1763 21 0 2 0 34 180582 -1 -1 -1 -1 -1 -1)
#(0 173 793 57 0 1 0 41 220194 -1 -1 -1 -1 -1 -1)
#(0 173 1144 51 0 2 0 42 222361 -1 -1 -1 -1 -1 -1)
#(0 173 1458 49 0 1 0 45 241078 -1 -1 -1 -1 -1 -1)
#(0 173 1453 62 0 4 0 57 305710 -1 -1 -1 -1 -1 -1)
#(0 173 2068 26 0 0 0 61 322502 -1 -1 -1 -1 -1 -1)
#(0 173 2063 29 0 0 0 86 454576 -1 -1 -1 -1 -1 -1)
#(0 173 2065 30 0 0 1 98 522215 -1 -1 -1 -1 -1 -1)
#(0 173 1148 51 0 3 1 98 522252 -1 -1 -1 -1 -1 -1)
#(0 173 1457 44 0 2 1 98 519767 -1 -1 -1 -1 -1 -1)
#(0 173 2064 30 0 0 1 95 506361 -1 -1 -1 -1 -1 -1)
#(0 173 800 54 0 1 1 95 503325 -1 -1 -1 -1 -1 -1)
#(0 173 1460 64 0 2 1 91 485465 -1 -1 -1 -1 -1 -1)
#(0 173 1767 25 0 2 1 90 479109 -1 -1 -1 -1 -1 -1)
#(0 173 798 59 0 2 1 89 471280 -1 -1 -1 -1 -1 -1)
#(0 173 1766 26 0 2 1 88 468491 -1 -1 -1 -1 -1 -1)
#(0 173 1452 75 0 3 1 85 453876 -1 -1 -1 -1 -1 -1)
#(0 173 1155 44 0 3 1 84 443980 -1 -1 -1 -1 -1 -1)
#(0 173 1146 65 0 2 1 76 403869 -1 -1 -1 -1 -1 -1)
#(0 173 1764 32 0 2 1 75 399610 -1 -1 -1 -1 -1 -1)
#(0 173 1152 44 0 1 1 74 391104 -1 -1 -1 -1 -1 -1)
#(0 173 2053 23 0 0 1 73 390334 -1 -1 -1 -1 -1 -1)
#(0 173 795 72 0 1 1 68 363157 -1 -1 -1 -1 -1 -1)
#(0 173 430 59 0 2 1 65 346996 -1 -1 -1 -1 -1 -1)
#(0 173 1765 46 0 2 1 64 340840 -1 -1 -1 -1 -1 -1)
#(0 173 802 51 0 3 1 61 324531 -1 -1 -1 -1 -1 -1)
#(0 173 1153 44 0 2 1 61 322456 -1 -1 -1 -1 -1 -1)
#(0 173 431 63 0 3 1 59 314913 -1 -1 -1 -1 -1 -1)
#(0 173 429 53 0 2 1 58 308467 -1 -1 -1 -1 -1 -1)
#(0 173 1150 64 0 1 1 57 303711 -1 -1 -1 -1 -1 -1)
#(0 173 2069 26 0 0 1 55 295264 -1 -1 -1 -1 -1 -1)
#(0 173 1459 60 0 1 1 50 264848 -1 -1 -1 -1 -1 -1)
#(0 173 1464 65 0 2 1 49 258856 -1 -1 -1 -1 -1 -1)
#(0 173 433 72 0 3 1 47 250014 -1 -1 -1 -1 -1 -1)
#(0 173 801 59 0 2 1 39 206950 -1 -1 -1 -1 -1 -1)
#(0 173 2067 23 0 0 1 37 200259 -1 -1 -1 -1 -1 -1)
#(0 173 1454 61 0 2 1 37 195769 -1 -1 -1 -1 -1 -1)
#(0 174 1474 57 0 3 0 3 20016 -1 -1 -1 -1 -1 -1)
#(0 174 1777 31 0 2 0 3 17461 -1 -1 -1 -1 -1 -1)
#(0 174 810 54 0 3 0 4 24703 -1 -1 -1 -1 -1 -1)
#(0 174 1164 51 0 3 0 5 27225 -1 -1 -1 -1 -1 -1)
#(0 174 812 55 0 2 0 5 30443 -1 -1 -1 -1 -1 -1)
#(0 174 1463 57 0 3 0 7 41216 -1 -1 -1 -1 -1 -1)
#(0 174 1779 20 0 3 0 7 37987 -1 -1 -1 -1 -1 -1)
#(0 174 808 65 0 3 0 9 47910 -1 -1 -1 -1 -1 -1)
#(0 174 1149 59 0 2 0 9 49688 -1 -1 -1 -1 -1 -1)
#(0 174 446 51 0 2 0 9 52100 -1 -1 -1 -1 -1 -1)
#(0 174 452 60 0 1 0 11 60248 -1 -1 -1 -1 -1 -1)
#(0 174 1770 40 0 1 0 14 76006 -1 -1 -1 -1 -1 -1)
#(0 174 436 59 0 1 0 19 102018 -1 -1 -1 -1 -1 -1)
#(0 174 813 63 0 3 0 19 105005 -1 -1 -1 -1 -1 -1)
#(0 174 440 44 0 1 0 20 109176 -1 -1 -1 -1 -1 -1)
#(0 174 453 57 0 3 0 24 127944 -1 -1 -1 -1 -1 -1)
#(0 174 448 62 0 1 0 27 145900 -1 -1 -1 -1 -1 -1)
#(0 174 1784 41 0 2 0 29 155186 -1 -1 -1 -1 -1 -1)
#(0 174 2071 32 0 0 0 33 174791 -1 -1 -1 -1 -1 -1)
#(0 174 1473 43 0 2 0 35 187692 -1 -1 -1 -1 -1 -1)
#(0 174 1776 27 0 2 0 35 186175 -1 -1 -1 -1 -1 -1)
#(0 174 809 67 0 3 0 37 195868 -1 -1 -1 -1 -1 -1)
#(0 174 437 51 0 3 0 37 200488 -1 -1 -1 -1 -1 -1)
#(0 174 2077 28 0 0 0 39 206378 -1 -1 -1 -1 -1 -1)
#(0 174 1773 40 0 2 0 43 229137 -1 -1 -1 -1 -1 -1)
#(0 174 811 62 0 1 0 45 242505 -1 -1 -1 -1 -1 -1)
#(0 174 1778 30 0 2 0 55 291960 -1 -1 -1 -1 -1 -1)
#(0 174 806 67 0 2 0 58 306680 -1 -1 -1 -1 -1 -1)
#(0 174 1774 39 0 1 0 58 308306 -1 -1 -1 -1 -1 -1)
#(0 174 439 44 0 2 0 59 315020 -1 -1 -1 -1 -1 -1)
#(0 174 1470 67 0 2 0 64 337958 -1 -1 -1 -1 -1 -1)
#(0 174 1472 41 0 2 0 76 404095 -1 -1 -1 -1 -1 -1)
#(0 174 1469 59 0 1 0 84 447950 -1 -1 -1 -1 -1 -1)
#(0 174 2076 29 0 0 1 99 527525 -1 -1 -1 -1 -1 -1)
#(0 174 442 59 0 2 1 97 516064 -1 -1 -1 -1 -1 -1)
#(0 174 1465 51 0 1 1 96 508589 -1 -1 -1 -1 -1 -1)
#(0 174 445 69 0 3 1 96 508607 -1 -1 -1 -1 -1 -1)
#(0 174 1158 57 0 2 1 93 494870 -1 -1 -1 -1 -1 -1)
#(0 174 2079 25 0 0 1 92 490648 -1 -1 -1 -1 -1 -1)
#(0 174 1142 62 0 3 1 92 490203 -1 -1 -1 -1 -1 -1)
#(0 174 1471 70 0 2 1 91 485560 -1 -1 -1 -1 -1 -1)
#(0 174 1467 45 0 2 1 91 482542 -1 -1 -1 -1 -1 -1)
#(0 174 1782 33 0 2 1 91 484074 -1 -1 -1 -1 -1 -1)
#(0 174 441 44 0 3 1 89 471623 -1 -1 -1 -1 -1 -1)
#(0 174 451 58 0 1 1 89 471903 -1 -1 -1 -1 -1 -1)
#(0 174 1159 56 0 3 1 89 473098 -1 -1 -1 -1 -1 -1)
#(0 174 1771 29 0 2 1 89 473648 -1 -1 -1 -1 -1 -1)
#(0 174 814 68 0 3 1 89 470264 -1 -1 -1 -1 -1 -1)
#(0 174 1780 30 0 2 1 85 452522 -1 -1 -1 -1 -1 -1)
#(0 174 2073 23 0 0 1 84 448418 -1 -1 -1 -1 -1 -1)
#(0 174 1156 66 0 2 1 84 445839 -1 -1 -1 -1 -1 -1)
#(0 174 1157 57 0 1 1 82 436550 -1 -1 -1 -1 -1 -1)
#(0 174 444 59 0 3 1 81 431242 -1 -1 -1 -1 -1 -1)
#(0 174 447 59 0 1 1 80 426537 -1 -1 -1 -1 -1 -1)
#(0 174 1165 54 0 1 1 76 405591 -1 -1 -1 -1 -1 -1)
#(0 174 432 56 0 3 1 75 401174 -1 -1 -1 -1 -1 -1)
#(0 174 1772 32 0 3 1 75 399596 -1 -1 -1 -1 -1 -1)
#(0 174 438 51 0 1 1 73 385667 -1 -1 -1 -1 -1 -1)
#(0 174 443 45 0 4 1 69 364926 -1 -1 -1 -1 -1 -1)
#(0 174 803 54 0 2 1 69 366123 -1 -1 -1 -1 -1 -1)
#(0 174 2070 25 0 0 1 65 348060 -1 -1 -1 -1 -1 -1)
#(0 174 1781 43 0 2 1 64 340984 -1 -1 -1 -1 -1 -1)
#(0 174 807 62 0 1 1 64 338865 -1 -1 -1 -1 -1 -1)
#(0 174 815 58 0 1 1 60 317733 -1 -1 -1 -1 -1 -1)
#(0 174 2078 20 0 0 1 59 316479 -1 -1 -1 -1 -1 -1)
#(0 174 2074 26 0 0 1 56 300533 -1 -1 -1 -1 -1 -1)
#(0 174 1162 62 0 2 1 56 298837 -1 -1 -1 -1 -1 -1)
#(0 174 1769 32 0 2 1 55 294014 -1 -1 -1 -1 -1 -1)
#(0 174 804 52 0 1 1 54 287093 -1 -1 -1 -1 -1 -1)
#(0 174 1160 57 0 2 1 53 283566 -1 -1 -1 -1 -1 -1)
#(0 174 1466 55 0 1 1 52 275795 -1 -1 -1 -1 -1 -1)
#(0 174 450 61 0 1 1 48 256599 -1 -1 -1 -1 -1 -1)
#(0 174 1775 32 0 3 1 48 257013 -1 -1 -1 -1 -1 -1)
#(0 174 1161 70 0 2 1 45 239145 -1 -1 -1 -1 -1 -1)
#(0 174 1468 55 0 3 1 38 201921 -1 -1 -1 -1 -1 -1)
#(0 174 1461 64 0 3 1 37 195722 -1 -1 -1 -1 -1 -1)
#(0 174 1783 37 0 2 1 26 140679 -1 -1 -1 -1 -1 -1)
#(0 174 2072 20 0 0 1 22 121103 -1 -1 -1 -1 -1 -1)
#(0 175 1178 57 0 1 0 3 17586 -1 -1 -1 -1 -1 -1)
#(0 175 2085 29 0 0 0 4 21603 -1 -1 -1 -1 -1 -1)
#(0 175 2080 29 0 0 0 5 26902 -1 -1 -1 -1 -1 -1)
#(0 175 826 44 0 2 0 5 27908 -1 -1 -1 -1 -1 -1)
#(0 175 2088 27 0 0 0 6 32119 -1 -1 -1 -1 -1 -1)
#(0 175 1173 55 0 1 0 8 43416 -1 -1 -1 -1 -1 -1)
#(0 175 2087 25 0 0 0 11 58500 -1 -1 -1 -1 -1 -1)
#(0 175 1179 49 0 2 0 11 58737 -1 -1 -1 -1 -1 -1)
#(0 175 1478 55 0 1 0 11 61641 -1 -1 -1 -1 -1 -1)
#(0 175 824 62 0 2 0 11 62903 -1 -1 -1 -1 -1 -1)
#(0 175 2084 26 0 0 0 13 69068 -1 -1 -1 -1 -1 -1)
#(0 175 455 44 0 1 0 14 77432 -1 -1 -1 -1 -1 -1)
#(0 175 1182 59 0 1 0 16 86070 -1 -1 -1 -1 -1 -1)
#(0 175 1180 56 0 1 0 18 95812 -1 -1 -1 -1 -1 -1)
#(0 175 2075 33 0 0 0 20 106157 -1 -1 -1 -1 -1 -1)
#(0 175 819 52 0 1 0 20 109006 -1 -1 -1 -1 -1 -1)
#(0 175 2083 27 0 0 0 21 111326 -1 -1 -1 -1 -1 -1)
#(0 175 462 44 0 1 0 21 114427 -1 -1 -1 -1 -1 -1)
#(0 175 1175 49 0 2 0 25 132191 -1 -1 -1 -1 -1 -1)
#(0 175 1481 63 0 2 0 25 136638 -1 -1 -1 -1 -1 -1)
#(0 175 1476 61 0 1 0 26 141921 -1 -1 -1 -1 -1 -1)
#(0 175 457 55 0 1 0 27 145001 -1 -1 -1 -1 -1 -1)
#(0 175 459 44 0 2 0 30 161953 -1 -1 -1 -1 -1 -1)
#(0 175 1477 43 0 3 0 32 171865 -1 -1 -1 -1 -1 -1)
#(0 175 1184 51 0 2 0 33 174768 -1 -1 -1 -1 -1 -1)
#(0 175 822 64 0 1 0 34 184758 -1 -1 -1 -1 -1 -1)
#(0 175 818 44 0 1 0 35 186357 -1 -1 -1 -1 -1 -1)
#(0 175 454 44 0 1 0 37 198885 -1 -1 -1 -1 -1 -1)
#(0 175 2081 20 0 0 0 42 222093 -1 -1 -1 -1 -1 -1)
#(0 175 1785 40 0 2 0 42 223922 -1 -1 -1 -1 -1 -1)
#(0 175 831 64 0 2 0 42 226866 -1 -1 -1 -1 -1 -1)
#(0 175 1183 59 0 2 0 43 229733 -1 -1 -1 -1 -1 -1)
#(0 175 456 58 0 2 0 46 243972 -1 -1 -1 -1 -1 -1)
#(0 175 1482 64 0 3 0 48 258354 -1 -1 -1 -1 -1 -1)
#(0 175 1174 55 0 2 0 49 259870 -1 -1 -1 -1 -1 -1)
#(0 175 1480 50 0 1 0 65 346699 -1 -1 -1 -1 -1 -1)
#(0 175 1788 27 0 3 0 67 355237 -1 -1 -1 -1 -1 -1)
#(0 175 1787 33 0 1 0 70 371349 -1 -1 -1 -1 -1 -1)
#(0 175 1176 70 0 2 0 88 467995 -1 -1 -1 -1 -1 -1)
#(0 175 1151 64 0 2 1 98 521050 -1 -1 -1 -1 -1 -1)
#(0 175 1792 35 0 2 1 97 515643 -1 -1 -1 -1 -1 -1)
#(0 175 1167 67 0 3 1 96 509188 -1 -1 -1 -1 -1 -1)
#(0 175 1790 29 0 2 1 94 500093 -1 -1 -1 -1 -1 -1)
#(0 175 1786 28 0 2 1 89 473692 -1 -1 -1 -1 -1 -1)
#(0 175 1177 57 0 3 1 88 467488 -1 -1 -1 -1 -1 -1)
#(0 175 1794 26 0 2 1 88 468510 -1 -1 -1 -1 -1 -1)
#(0 175 1166 69 0 3 1 86 456140 -1 -1 -1 -1 -1 -1)
#(0 175 458 56 0 2 1 83 442375 -1 -1 -1 -1 -1 -1)
#(3 175 458 -1 0 -1 -1 -1 -1 70 -1 -1 -1 -1 43)
#(0 175 461 69 0 3 1 82 434667 -1 -1 -1 -1 -1 -1)
#(0 175 1171 57 0 1 1 80 427240 -1 -1 -1 -1 -1 -1)
#(0 175 827 57 0 3 1 77 407921 -1 -1 -1 -1 -1 -1)
#(0 175 828 50 0 3 1 76 401921 -1 -1 -1 -1 -1 -1)
#(0 175 825 51 0 2 1 75 398407 -1 -1 -1 -1 -1 -1)
#(0 175 1170 62 0 1 1 74 394452 -1 -1 -1 -1 -1 -1)
#(0 175 2061 24 0 0 1 73 390306 -1 -1 -1 -1 -1 -1)
#(0 175 2086 23 0 0 1 71 379783 -1 -1 -1 -1 -1 -1)
#(0 175 1169 51 0 1 1 71 379544 -1 -1 -1 -1 -1 -1)
#(0 175 830 55 0 2 1 67 355312 -1 -1 -1 -1 -1 -1)
#(0 175 1479 51 0 2 1 67 355515 -1 -1 -1 -1 -1 -1)
#(0 175 817 44 0 1 1 66 352171 -1 -1 -1 -1 -1 -1)
#(0 175 1172 51 0 2 1 65 347910 -1 -1 -1 -1 -1 -1)
#(0 175 805 55 0 1 1 61 324156 -1 -1 -1 -1 -1 -1)
#(0 175 823 55 0 2 1 52 276267 -1 -1 -1 -1 -1 -1)
#(0 175 816 64 0 2 1 51 269640 -1 -1 -1 -1 -1 -1)
#(0 175 1791 34 0 2 1 46 246400 -1 -1 -1 -1 -1 -1)
#(0 175 820 71 0 3 1 42 225107 -1 -1 -1 -1 -1 -1)
#(0 175 1789 45 0 1 1 41 219337 -1 -1 -1 -1 -1 -1)
#(0 175 1793 27 0 3 1 36 193966 -1 -1 -1 -1 -1 -1)
#(0 175 1168 57 0 2 1 24 130456 -1 -1 -1 -1 -1 -1)
#(0 175 2089 20 0 0 1 22 121127 -1 -1 -1 -1 -1 -1)
#(0 175 821 51 0 3 1 22 118530 -1 -1 -1 -1 -1 -1)
#(0 175 464 44 0 3 1 11 59836 -1 -1 -1 -1 -1 -1)
#(0 176 1475 55 0 2 0 3 19731 -1 -1 -1 -1 -1 -1)
#(0 176 2093 30 0 0 0 7 37472 -1 -1 -1 -1 -1 -1)
#(0 176 467 59 0 1 0 7 38715 -1 -1 -1 -1 -1 -1)
#(0 176 1805 44 0 2 0 8 44519 -1 -1 -1 -1 -1 -1)
#(0 176 1485 53 0 2 0 10 56409 -1 -1 -1 -1 -1 -1)
#(0 176 463 51 0 3 0 10 57813 -1 -1 -1 -1 -1 -1)
#(0 176 1187 55 0 1 0 13 69718 -1 -1 -1 -1 -1 -1)
#(0 176 829 62 0 2 0 20 109696 -1 -1 -1 -1 -1 -1)
#(0 176 842 52 0 2 0 24 130468 -1 -1 -1 -1 -1 -1)
#(0 176 1486 51 0 2 0 25 135523 -1 -1 -1 -1 -1 -1)
#(0 176 1796 27 0 2 0 25 133397 -1 -1 -1 -1 -1 -1)
#(0 176 2097 28 0 0 0 27 143016 -1 -1 -1 -1 -1 -1)
#(0 176 2095 34 0 0 0 29 153690 -1 -1 -1 -1 -1 -1)
#(0 176 1797 50 0 1 0 30 161039 -1 -1 -1 -1 -1 -1)
#(0 176 1483 54 0 3 0 31 167530 -1 -1 -1 -1 -1 -1)
#(0 176 1193 63 0 2 0 32 169863 -1 -1 -1 -1 -1 -1)
#(0 176 835 67 0 4 0 33 179260 -1 -1 -1 -1 -1 -1)
#(0 176 1804 20 0 2 0 33 175272 -1 -1 -1 -1 -1 -1)
#(0 176 1800 44 0 1 0 39 208187 -1 -1 -1 -1 -1 -1)
#(0 176 1802 33 0 3 0 41 218141 -1 -1 -1 -1 -1 -1)
#(0 176 1484 64 0 2 0 45 241800 -1 -1 -1 -1 -1 -1)
#(0 176 1494 59 0 2 0 46 247394 -1 -1 -1 -1 -1 -1)
#(0 176 474 68 0 3 0 48 257873 -1 -1 -1 -1 -1 -1)
#(0 176 837 67 0 2 0 50 268730 -1 -1 -1 -1 -1 -1)
#(0 176 843 67 0 2 0 52 275176 -1 -1 -1 -1 -1 -1)
#(0 176 1492 44 0 1 0 54 288096 -1 -1 -1 -1 -1 -1)
#(0 176 1801 30 0 2 0 55 291922 -1 -1 -1 -1 -1 -1)
#(0 176 465 57 0 1 0 56 296897 -1 -1 -1 -1 -1 -1)
#(0 176 2092 30 0 0 0 68 359559 -1 -1 -1 -1 -1 -1)
#(0 176 2096 20 0 0 0 69 364648 -1 -1 -1 -1 -1 -1)
#(0 176 2091 34 0 0 0 75 396591 -1 -1 -1 -1 -1 -1)
#(0 176 1489 51 0 3 0 75 399660 -1 -1 -1 -1 -1 -1)
#(0 176 1795 30 0 2 1 99 526395 -1 -1 -1 -1 -1 -1)
#(0 176 1491 55 0 2 1 95 502914 -1 -1 -1 -1 -1 -1)
#(0 176 1798 29 0 2 1 94 500146 -1 -1 -1 -1 -1 -1)
#(0 176 2082 20 0 0 1 92 490711 -1 -1 -1 -1 -1 -1)
#(0 176 1163 61 0 3 1 92 490426 -1 -1 -1 -1 -1 -1)
#(0 176 473 52 0 1 1 91 483847 -1 -1 -1 -1 -1 -1)
#(0 176 833 59 0 2 1 89 471097 -1 -1 -1 -1 -1 -1)
#(0 176 449 59 0 2 1 88 469617 -1 -1 -1 -1 -1 -1)
#(0 176 1181 60 0 1 1 86 457186 -1 -1 -1 -1 -1 -1)
#(0 176 1799 46 0 2 1 84 446432 -1 -1 -1 -1 -1 -1)
#(0 176 475 44 0 3 1 83 440009 -1 -1 -1 -1 -1 -1)
#(0 176 839 59 0 2 1 80 423727 -1 -1 -1 -1 -1 -1)
#(0 176 2090 20 0 0 1 79 422061 -1 -1 -1 -1 -1 -1)
#(0 176 1803 34 0 2 1 79 420648 -1 -1 -1 -1 -1 -1)
#(0 176 834 59 0 3 1 73 386351 -1 -1 -1 -1 -1 -1)
#(0 176 1490 51 0 2 1 72 381780 -1 -1 -1 -1 -1 -1)
#(0 176 2094 28 0 0 1 69 369129 -1 -1 -1 -1 -1 -1)
#(0 176 841 69 0 2 1 69 365352 -1 -1 -1 -1 -1 -1)
#(0 176 1487 53 0 2 1 68 360474 -1 -1 -1 -1 -1 -1)
#(0 176 466 61 0 2 1 68 363046 -1 -1 -1 -1 -1 -1)
#(0 176 1185 54 0 3 1 66 351842 -1 -1 -1 -1 -1 -1)
#(0 176 1186 53 0 1 1 62 331169 -1 -1 -1 -1 -1 -1)
#(0 176 1194 57 0 1 1 61 326885 -1 -1 -1 -1 -1 -1)
#(0 176 1189 44 0 2 1 59 311839 -1 -1 -1 -1 -1 -1)
#(0 176 838 59 0 3 1 54 286014 -1 -1 -1 -1 -1 -1)
#(0 176 1191 59 0 3 1 49 262149 -1 -1 -1 -1 -1 -1)
#(0 176 832 66 0 3 1 46 243310 -1 -1 -1 -1 -1 -1)
#(0 176 470 59 0 1 1 36 193637 -1 -1 -1 -1 -1 -1)
#(0 176 1190 57 0 1 1 15 82877 -1 -1 -1 -1 -1 -1)
#(0 176 1493 66 0 2 1 11 62914 -1 -1 -1 -1 -1 -1)
#(0 176 1488 75 0 2 1 9 52094 -1 -1 -1 -1 -1 -1)
#(2 176 1488 -1 -1 -1 -1 -1 -1 71 -1 -1 -1 -1 -1)
#(0 176 1192 48 0 2 1 8 46749 -1 -1 -1 -1 -1 -1)
#(0 177 1199 59 0 1 0 1 7522 -1 -1 -1 -1 -1 -1)
#(0 177 1813 36 0 1 0 1 7185 -1 -1 -1 -1 -1 -1)
#(0 177 1203 51 0 3 0 2 11140 -1 -1 -1 -1 -1 -1)
#(0 177 1499 67 0 3 0 3 15913 -1 -1 -1 -1 -1 -1)
#(0 177 1204 55 0 1 0 3 17167 -1 -1 -1 -1 -1 -1)
#(0 177 1810 35 0 2 0 4 22939 -1 -1 -1 -1 -1 -1)
#(0 177 2100 26 0 0 0 5 26842 -1 -1 -1 -1 -1 -1)
#(0 177 836 44 0 2 0 5 27833 -1 -1 -1 -1 -1 -1)
#(0 177 851 68 0 2 0 9 47826 -1 -1 -1 -1 -1 -1)
#(0 177 1495 47 0 2 0 10 56131 -1 -1 -1 -1 -1 -1)
#(0 177 854 59 0 1 0 10 57153 -1 -1 -1 -1 -1 -1)
#(0 177 476 62 0 3 0 11 59105 -1 -1 -1 -1 -1 -1)
#(0 177 848 61 0 2 0 11 62736 -1 -1 -1 -1 -1 -1)
#(0 177 1188 67 0 2 0 13 70524 -1 -1 -1 -1 -1 -1)
#(0 177 1503 66 0 2 0 13 73800 -1 -1 -1 -1 -1 -1)
#(0 177 1202 63 0 2 0 14 77257 -1 -1 -1 -1 -1 -1)
#(0 177 460 57 0 2 0 15 79654 -1 -1 -1 -1 -1 -1)
#(0 177 1201 56 0 3 0 15 80486 -1 -1 -1 -1 -1 -1)
#(0 177 1806 43 0 1 0 20 107915 -1 -1 -1 -1 -1 -1)
#(0 177 468 64 0 2 0 22 117091 -1 -1 -1 -1 -1 -1)
#(0 177 1198 55 0 2 0 22 117305 -1 -1 -1 -1 -1 -1)
#(0 177 1809 33 0 2 0 23 123161 -1 -1 -1 -1 -1 -1)
#(0 177 1195 48 0 2 0 25 132155 -1 -1 -1 -1 -1 -1)
#(0 177 1196 57 0 2 0 26 138718 -1 -1 -1 -1 -1 -1)
#(0 177 477 63 0 2 0 33 177106 -1 -1 -1 -1 -1 -1)
#(0 177 855 57 0 2 0 34 183481 -1 -1 -1 -1 -1 -1)
#(0 177 2104 32 0 0 0 37 195882 -1 -1 -1 -1 -1 -1)
#(0 177 1498 43 0 2 0 41 219386 -1 -1 -1 -1 -1 -1)
#(0 177 471 54 0 3 0 46 244250 -1 -1 -1 -1 -1 -1)
#(0 177 1501 50 0 3 0 49 262213 -1 -1 -1 -1 -1 -1)
#(0 177 1814 48 0 2 0 56 298193 -1 -1 -1 -1 -1 -1)
#(0 177 844 63 0 2 0 60 321962 -1 -1 -1 -1 -1 -1)
#(0 177 479 51 0 2 0 63 337692 -1 -1 -1 -1 -1 -1)
#(0 177 483 51 0 2 0 71 379979 -1 -1 -1 -1 -1 -1)
#(0 177 2102 27 0 0 0 91 480926 -1 -1 -1 -1 -1 -1)
#(0 177 2105 33 0 0 1 99 527448 -1 -1 -1 -1 -1 -1)
#(0 177 845 57 0 1 1 98 518640 -1 -1 -1 -1 -1 -1)
#(0 177 1502 58 0 1 1 98 519014 -1 -1 -1 -1 -1 -1)
#(0 177 852 58 0 2 1 95 502984 -1 -1 -1 -1 -1 -1)
#(0 177 1496 59 0 1 1 93 491794 -1 -1 -1 -1 -1 -1)
#(0 177 849 57 0 3 1 92 487368 -1 -1 -1 -1 -1 -1)
#(0 177 2103 34 0 0 1 89 474631 -1 -1 -1 -1 -1 -1)
#(0 177 481 54 0 1 1 86 459060 -1 -1 -1 -1 -1 -1)
#(0 177 472 62 0 2 1 83 441362 -1 -1 -1 -1 -1 -1)
#(0 177 1808 36 0 3 1 82 436380 -1 -1 -1 -1 -1 -1)
#(0 177 2106 32 0 0 1 77 411325 -1 -1 -1 -1 -1 -1)
#(0 177 1811 22 0 2 1 77 410657 -1 -1 -1 -1 -1 -1)
#(0 177 840 61 0 2 1 77 407444 -1 -1 -1 -1 -1 -1)
#(0 177 846 54 0 2 1 76 401910 -1 -1 -1 -1 -1 -1)
#(0 177 1812 34 0 2 1 75 399435 -1 -1 -1 -1 -1 -1)
#(0 177 1497 50 0 2 1 71 376651 -1 -1 -1 -1 -1 -1)
#(0 177 2098 20 0 0 1 69 369270 -1 -1 -1 -1 -1 -1)
#(0 177 847 54 0 3 1 67 355626 -1 -1 -1 -1 -1 -1)
#(0 177 478 71 0 1 1 65 345480 -1 -1 -1 -1 -1 -1)
#(0 177 482 51 0 1 1 63 333273 -1 -1 -1 -1 -1 -1)
#(0 177 1815 30 0 2 1 62 331102 -1 -1 -1 -1 -1 -1)
#(0 177 1500 71 0 3 1 58 310939 -1 -1 -1 -1 -1 -1)
#(0 177 850 54 0 2 1 55 292189 -1 -1 -1 -1 -1 -1)
#(0 177 2101 25 0 0 1 49 263588 -1 -1 -1 -1 -1 -1)
#(0 177 853 73 0 2 1 39 209102 -1 -1 -1 -1 -1 -1)
#(0 177 1197 70 0 2 1 34 181358 -1 -1 -1 -1 -1 -1)
#(0 177 1205 59 0 2 1 29 156584 -1 -1 -1 -1 -1 -1)
#(0 177 1807 39 0 2 1 26 140580 -1 -1 -1 -1 -1 -1)
#(0 178 863 57 0 1 0 1 9292 -1 -1 -1 -1 -1 -1)
#(0 178 1212 48 0 1 0 11 59053 -1 -1 -1 -1 -1 -1)
#(0 178 2115 20 0 0 0 14 74234 -1 -1 -1 -1 -1 -1)
#(0 178 1505 59 0 2 0 16 88795 -1 -1 -1 -1 -1 -1)
#(0 178 1821 32 0 3 0 18 96682 -1 -1 -1 -1 -1 -1)
#(0 178 1209 44 0 2 0 19 105257 -1 -1 -1 -1 -1 -1)
#(0 178 1213 57 0 2 0 24 128449 -1 -1 -1 -1 -1 -1)
#(0 178 865 63 0 1 0 24 131614 -1 -1 -1 -1 -1 -1)
#(0 178 491 63 0 3 0 30 161658 -1 -1 -1 -1 -1 -1)
#(0 178 487 63 0 3 0 32 171697 -1 -1 -1 -1 -1 -1)
#(0 178 2109 25 0 0 0 33 174652 -1 -1 -1 -1 -1 -1)
#(4 178 2109 -1 0 -1 -1 -1 -1 72 0 0 0 0 -1)
#(0 178 1512 51 0 3 0 43 230628 -1 -1 -1 -1 -1 -1)
#(0 178 1513 43 0 2 0 46 245780 -1 -1 -1 -1 -1 -1)
#(0 178 864 63 0 3 0 48 258542 -1 -1 -1 -1 -1 -1)
#(0 178 1506 73 0 3 0 53 280426 -1 -1 -1 -1 -1 -1)
#(0 178 1818 48 0 3 0 54 287690 -1 -1 -1 -1 -1 -1)
#(0 178 492 70 0 3 0 55 294631 -1 -1 -1 -1 -1 -1)
#(0 178 857 56 0 2 0 56 299779 -1 -1 -1 -1 -1 -1)
#(0 178 1208 51 0 2 0 59 312128 -1 -1 -1 -1 -1 -1)
#(0 178 1210 61 0 2 0 60 318814 -1 -1 -1 -1 -1 -1)
#(0 178 858 68 0 3 0 69 365462 -1 -1 -1 -1 -1 -1)
#(0 178 1504 44 0 2 0 80 425399 -1 -1 -1 -1 -1 -1)
#(0 178 2112 20 0 0 1 99 527681 -1 -1 -1 -1 -1 -1)
#(0 178 2107 20 0 0 1 97 517105 -1 -1 -1 -1 -1 -1)
#(0 178 2114 27 0 0 1 94 501167 -1 -1 -1 -1 -1 -1)
#(0 178 866 57 0 2 1 94 497665 -1 -1 -1 -1 -1 -1)
#(0 178 1822 28 0 2 1 94 500157 -1 -1 -1 -1 -1 -1)
#(0 178 490 59 0 3 1 93 493640 -1 -1 -1 -1 -1 -1)
#(0 178 1816 31 0 2 1 91 484067 -1 -1 -1 -1 -1 -1)
#(0 178 1510 60 0 1 1 90 475924 -1 -1 -1 -1 -1 -1)
#(0 178 860 54 0 1 1 88 466469 -1 -1 -1 -1 -1 -1)
#(0 178 1211 62 0 1 1 79 420992 -1 -1 -1 -1 -1 -1)
#(0 178 1817 55 0 3 1 74 393148 -1 -1 -1 -1 -1 -1)
#(0 178 1207 59 0 2 1 73 390034 -1 -1 -1 -1 -1 -1)
#(0 178 2110 23 0 0 1 72 385063 -1 -1 -1 -1 -1 -1)
#(0 178 486 64 0 1 1 72 383544 -1 -1 -1 -1 -1 -1)
#(0 178 1823 36 0 2 1 72 383551 -1 -1 -1 -1 -1 -1)
#(0 178 1509 42 0 2 1 66 350927 -1 -1 -1 -1 -1 -1)
#(0 178 862 54 0 2 1 64 339788 -1 -1 -1 -1 -1 -1)
#(0 178 859 66 0 2 1 63 332968 -1 -1 -1 -1 -1 -1)
#(0 178 1507 59 0 2 1 61 322853 -1 -1 -1 -1 -1 -1)
#(0 178 489 57 0 1 1 60 320773 -1 -1 -1 -1 -1 -1)
#(0 178 1206 68 0 2 1 59 314976 -1 -1 -1 -1 -1 -1)
#(0 178 493 67 0 1 1 58 308505 -1 -1 -1 -1 -1 -1)
#(0 178 494 64 0 2 1 56 298858 -1 -1 -1 -1 -1 -1)
#(0 178 1214 57 0 3 1 56 299553 -1 -1 -1 -1 -1 -1)
#(0 178 1511 62 0 2 1 56 296193 -1 -1 -1 -1 -1 -1)
#(0 178 2108 25 0 0 1 54 289970 -1 -1 -1 -1 -1 -1)
#(0 178 1508 51 0 3 1 54 286786 -1 -1 -1 -1 -1 -1)
#(0 178 1820 36 0 1 1 51 272706 -1 -1 -1 -1 -1 -1)
#(0 178 2111 30 0 0 1 47 252936 -1 -1 -1 -1 -1 -1)
#(0 178 2113 20 0 0 1 28 152796 -1 -1 -1 -1 -1 -1)
#(0 178 1215 75 0 2 1 25 133176 -1 -1 -1 -1 -1 -1)
#(0 178 485 75 0 2 1 24 131751 -1 -1 -1 -1 -1 -1)
#(0 179 1521 55 0 2 0 0 4006 -1 -1 -1 -1 -1 -1)
#(0 179 1835 37 0 2 0 2 12495 -1 -1 -1 -1 -1 -1)
#(0 179 1518 51 0 3 0 3 19437 -1 -1 -1 -1 -1 -1)
#(0 179 873 67 0 2 0 5 29854 -1 -1 -1 -1 -1 -1)
#(0 179 1223 59 0 2 0 5 27734 -1 -1 -1 -1 -1 -1)
#(0 179 1220 57 0 2 0 6 32318 -1 -1 -1 -1 -1 -1)
#(0 179 1831 32 0 2 0 10 54431 -1 -1 -1 -1 -1 -1)
#(0 179 1828 38 0 2 0 11 60176 -1 -1 -1 -1 -1 -1)
#(0 179 1519 59 0 2 0 12 67766 -1 -1 -1 -1 -1 -1)
#(0 179 2119 27 0 0 0 13 69093 -1 -1 -1 -1 -1 -1)
#(0 179 869 44 0 2 0 14 75554 -1 -1 -1 -1 -1 -1)
#(0 179 1824 42 0 2 0 19 102519 -1 -1 -1 -1 -1 -1)
#(0 179 484 46 0 1 0 21 114562 -1 -1 -1 -1 -1 -1)
#(0 179 1200 61 0 2 0 22 117682 -1 -1 -1 -1 -1 -1)
#(0 179 1218 70 0 1 0 23 124678 -1 -1 -1 -1 -1 -1)
#(0 179 1827 26 0 3 0 25 133340 -1 -1 -1 -1 -1 -1)
#(0 179 497 58 0 1 0 26 140283 -1 -1 -1 -1 -1 -1)
#(0 179 1221 62 0 2 0 26 138975 -1 -1 -1 -1 -1 -1)
#(0 179 500 55 0 2 0 28 149054 -1 -1 -1 -1 -1 -1)
#(0 179 488 70 0 2 0 32 172847 -1 -1 -1 -1 -1 -1)
#(0 179 2116 28 0 0 0 41 216964 -1 -1 -1 -1 -1 -1)
#(0 179 867 57 0 2 0 54 289249 -1 -1 -1 -1 -1 -1)
#(0 179 1219 58 0 1 0 57 303180 -1 -1 -1 -1 -1 -1)
#(0 179 872 59 0 2 0 57 305463 -1 -1 -1 -1 -1 -1)
#(0 179 2122 28 0 0 0 59 311976 -1 -1 -1 -1 -1 -1)
#(0 179 502 34 0 4 0 72 385375 -1 -1 -1 -1 -1 -1)
#(0 179 1517 48 0 2 1 98 519450 -1 -1 -1 -1 -1 -1)
#(0 179 861 53 0 1 1 95 503427 -1 -1 -1 -1 -1 -1)
#(0 179 1520 67 0 1 1 95 502215 -1 -1 -1 -1 -1 -1)
#(0 179 2124 22 0 0 1 92 490681 -1 -1 -1 -1 -1 -1)
#(0 179 498 65 0 2 1 92 487870 -1 -1 -1 -1 -1 -1)
#(0 179 1819 39 0 2 1 91 483742 -1 -1 -1 -1 -1 -1)
#(0 179 1832 26 0 2 1 89 473863 -1 -1 -1 -1 -1 -1)
#(0 179 871 59 0 2 1 88 465752 -1 -1 -1 -1 -1 -1)
#(0 179 1825 27 0 2 1 88 468460 -1 -1 -1 -1 -1 -1)
#(0 179 1515 64 0 2 1 86 454312 -1 -1 -1 -1 -1 -1)
#(0 179 499 55 0 1 1 84 448086 -1 -1 -1 -1 -1 -1)
#(0 179 868 58 0 1 1 83 439741 -1 -1 -1 -1 -1 -1)
#(0 179 503 55 0 2 1 83 438370 -1 -1 -1 -1 -1 -1)
#(0 179 2118 21 0 0 1 79 422044 -1 -1 -1 -1 -1 -1)
#(0 179 1514 56 0 3 1 77 406991 -1 -1 -1 -1 -1 -1)
#(0 179 1222 51 0 2 1 74 390739 -1 -1 -1 -1 -1 -1)
#(0 179 2121 20 0 0 1 70 374556 -1 -1 -1 -1 -1 -1)
#(0 179 2099 21 0 0 1 69 369248 -1 -1 -1 -1 -1 -1)
#(0 179 870 57 0 2 1 63 334120 -1 -1 -1 -1 -1 -1)
#(0 179 1522 62 0 1 1 62 327987 -1 -1 -1 -1 -1 -1)
#(0 179 2125 26 0 0 1 57 305823 -1 -1 -1 -1 -1 -1)
#(0 179 1217 65 0 2 1 55 292351 -1 -1 -1 -1 -1 -1)
#(0 179 874 62 0 2 1 54 286010 -1 -1 -1 -1 -1 -1)
#(0 179 2123 34 0 0 1 53 284558 -1 -1 -1 -1 -1 -1)
#(0 179 1834 42 0 3 1 53 282934 -1 -1 -1 -1 -1 -1)
#(0 179 1216 51 0 1 1 45 242253 -1 -1 -1 -1 -1 -1)
#(0 179 1830 45 0 1 1 45 240439 -1 -1 -1 -1 -1 -1)
#(0 179 1516 64 0 3 1 42 221988 -1 -1 -1 -1 -1 -1)
#(0 179 496 64 0 3 1 36 192578 -1 -1 -1 -1 -1 -1)
#(0 180 1225 44 0 3 0 0 4868 -1 -1 -1 -1 -1 -1)
#(0 180 60 44 0 0 1 8 46720 -1 -1 -1 -1 -1 -1)
#(0 180 1838 28 0 2 0 1 6722 -1 -1 -1 -1 -1 -1)
#(0 180 884 51 0 2 0 2 13308 -1 -1 -1 -1 -1 -1)
#(0 180 2131 30 0 0 0 4 21612 -1 -1 -1 -1 -1 -1)
#(0 180 877 64 0 2 0 4 21221 -1 -1 -1 -1 -1 -1)
#(0 180 1524 53 0 2 0 4 25110 -1 -1 -1 -1 -1 -1)
#(0 180 1543 54 0 2 0 8 46534 -1 -1 -1 -1 -1 -1)
#(0 180 1527 49 0 3 0 9 51264 -1 -1 -1 -1 -1 -1)
#(0 180 1833 39 0 1 0 11 60166 -1 -1 -1 -1 -1 -1)
#(0 180 101 60 0 3 0 12 63748 -1 -1 -1 -1 -1 -1)
#(0 180 2120 27 0 0 0 13 69081 -1 -1 -1 -1 -1 -1)
#(0 180 1846 43 0 3 0 13 70907 -1 -1 -1 -1 -1 -1)
#(0 180 1847 26 0 2 0 14 75255 -1 -1 -1 -1 -1 -1)
#(0 180 1841 41 0 1 0 15 81303 -1 -1 -1 -1 -1 -1)
#(0 180 1525 44 0 3 0 16 87495 -1 -1 -1 -1 -1 -1)
#(0 180 1532 55 0 2 0 18 99058 -1 -1 -1 -1 -1 -1)
#(0 180 1826 41 0 1 0 19 102420 -1 -1 -1 -1 -1 -1)
#(0 180 1529 57 0 2 0 19 104621 -1 -1 -1 -1 -1 -1)
#(0 180 2132 23 0 0 0 20 105979 -1 -1 -1 -1 -1 -1)
#(0 180 495 57 0 2 0 21 115371 -1 -1 -1 -1 -1 -1)
#(0 180 112 51 0 1 0 22 118227 -1 -1 -1 -1 -1 -1)
#(0 180 1229 51 0 1 0 23 122071 -1 -1 -1 -1 -1 -1)
#(0 180 113 60 0 3 0 25 132140 -1 -1 -1 -1 -1 -1)
#(0 180 1541 52 0 1 0 25 135604 -1 -1 -1 -1 -1 -1)
#(0 180 875 52 0 3 0 27 146658 -1 -1 -1 -1 -1 -1)
#(0 180 1535 70 0 2 0 30 158612 -1 -1 -1 -1 -1 -1)
#(0 180 111 67 0 1 0 32 171637 -1 -1 -1 -1 -1 -1)
#(0 180 2133 27 0 0 0 33 174684 -1 -1 -1 -1 -1 -1)
#(0 180 878 64 0 1 0 33 178615 -1 -1 -1 -1 -1 -1)
#(0 180 887 60 0 2 0 38 200797 -1 -1 -1 -1 -1 -1)
#(0 180 505 64 0 1 0 40 214079 -1 -1 -1 -1 -1 -1)
#(0 180 104 61 0 2 0 41 220818 -1 -1 -1 -1 -1 -1)
#(0 180 2126 25 0 0 0 42 222183 -1 -1 -1 -1 -1 -1)
#(0 180 102 53 0 2 0 43 230552 -1 -1 -1 -1 -1 -1)
#(0 180 2136 23 0 0 0 44 232692 -1 -1 -1 -1 -1 -1)
#(0 180 1227 64 0 1 0 44 234691 -1 -1 -1 -1 -1 -1)
#(0 180 513 66 0 2 0 45 241158 -1 -1 -1 -1 -1 -1)
#(0 180 1848 44 0 1 0 45 239895 -1 -1 -1 -1 -1 -1)
#(0 180 108 56 0 3 0 46 243658 -1 -1 -1 -1 -1 -1)
#(0 180 1530 67 0 2 0 51 274537 -1 -1 -1 -1 -1 -1)
#(0 180 507 72 0 2 0 52 278344 -1 -1 -1 -1 -1 -1)
#(0 180 1232 39 0 4 0 56 300263 -1 -1 -1 -1 -1 -1)
#(0 180 1528 57 0 2 0 56 299856 -1 -1 -1 -1 -1 -1)
#(0 180 1226 44 0 2 0 58 311144 -1 -1 -1 -1 -1 -1)
#(0 180 115 70 0 2 0 62 328593 -1 -1 -1 -1 -1 -1)
#(0 180 509 55 0 3 0 66 349152 -1 -1 -1 -1 -1 -1)
#(0 180 1230 64 0 2 0 68 361344 -1 -1 -1 -1 -1 -1)
#(0 180 1542 59 0 4 0 79 421505 -1 -1 -1 -1 -1 -1)
#(0 180 1844 20 0 3 1 98 521674 -1 -1 -1 -1 -1 -1)
#(0 180 2130 27 0 0 1 96 511708 -1 -1 -1 -1 -1 -1)
#(0 180 1845 27 0 2 1 96 510758 -1 -1 -1 -1 -1 -1)
#(0 180 110 62 0 3 1 95 505223 -1 -1 -1 -1 -1 -1)
#(0 180 2138 27 0 0 1 94 501155 -1 -1 -1 -1 -1 -1)
#(0 180 876 57 0 3 1 94 497567 -1 -1 -1 -1 -1 -1)
#(0 180 1533 67 0 2 1 91 485739 -1 -1 -1 -1 -1 -1)
#(0 180 506 65 0 3 1 90 476699 -1 -1 -1 -1 -1 -1)
#(0 180 883 61 0 1 1 89 474849 -1 -1 -1 -1 -1 -1)
#(0 180 1829 27 0 2 1 88 468469 -1 -1 -1 -1 -1 -1)
#(0 180 1228 59 0 2 1 86 457499 -1 -1 -1 -1 -1 -1)
#(0 180 511 52 0 3 1 83 441665 -1 -1 -1 -1 -1 -1)
#(0 180 1837 34 0 1 1 82 436445 -1 -1 -1 -1 -1 -1)
#(0 180 1526 55 0 3 1 81 428909 -1 -1 -1 -1 -1 -1)
#(0 180 103 51 0 2 1 80 425636 -1 -1 -1 -1 -1 -1)
#(0 180 514 51 0 2 1 80 422650 -1 -1 -1 -1 -1 -1)
#(0 180 114 63 0 2 1 77 411280 -1 -1 -1 -1 -1 -1)
#(0 180 1842 22 0 2 1 77 410618 -1 -1 -1 -1 -1 -1)
#(0 180 1843 26 0 2 1 76 405199 -1 -1 -1 -1 -1 -1)
#(0 180 1531 57 0 1 1 76 401668 -1 -1 -1 -1 -1 -1)
#(0 180 2117 22 0 0 1 72 385064 -1 -1 -1 -1 -1 -1)
#(0 180 2129 28 0 0 1 71 379683 -1 -1 -1 -1 -1 -1)
#(0 180 886 56 0 2 1 71 376340 -1 -1 -1 -1 -1 -1)
#(0 180 1537 55 0 2 1 70 370910 -1 -1 -1 -1 -1 -1)
#(0 180 1523 44 0 3 1 69 366626 -1 -1 -1 -1 -1 -1)
#(0 180 109 61 0 3 1 67 354074 -1 -1 -1 -1 -1 -1)
#(0 180 116 52 0 2 1 66 349154 -1 -1 -1 -1 -1 -1)
#(0 180 2127 28 0 0 1 58 311042 -1 -1 -1 -1 -1 -1)
#(0 180 1836 30 0 2 1 58 309952 -1 -1 -1 -1 -1 -1)
#(0 180 512 57 0 3 1 56 300165 -1 -1 -1 -1 -1 -1)
#(0 180 882 59 0 2 1 56 296267 -1 -1 -1 -1 -1 -1)
#(0 180 510 55 0 3 1 54 290029 -1 -1 -1 -1 -1 -1)
#(0 180 2128 29 0 0 1 52 279344 -1 -1 -1 -1 -1 -1)
#(0 180 106 70 0 1 1 52 277662 -1 -1 -1 -1 -1 -1)
#(0 180 1840 32 0 2 1 50 267640 -1 -1 -1 -1 -1 -1)
#(0 180 2135 34 0 0 1 46 247600 -1 -1 -1 -1 -1 -1)
#(0 180 885 66 0 3 1 46 244088 -1 -1 -1 -1 -1 -1)
#(0 180 107 59 0 3 1 46 245886 -1 -1 -1 -1 -1 -1)
#(0 180 2134 29 0 0 1 43 231841 -1 -1 -1 -1 -1 -1)
#(0 180 1534 51 0 1 1 42 223403 -1 -1 -1 -1 -1 -1)
#(0 180 1224 58 0 2 1 41 219228 -1 -1 -1 -1 -1 -1)
#(0 180 879 62 0 2 1 41 216808 -1 -1 -1 -1 -1 -1)
#(0 180 2139 23 0 0 1 39 210834 -1 -1 -1 -1 -1 -1)
#(0 180 2140 29 0 0 1 37 200170 -1 -1 -1 -1 -1 -1)
#(0 180 880 57 0 2 1 32 170272 -1 -1 -1 -1 -1 -1)
#(0 180 1540 57 0 3 1 19 101360 -1 -1 -1 -1 -1 -1)
#(0 181 1547 56 0 2 0 0 3985 -1 -1 -1 -1 -1 -1)
#(0 181 2141 23 0 0 0 1 5671 -1 -1 -1 -1 -1 -1)
#(0 181 1550 59 0 2 0 1 9805 -1 -1 -1 -1 -1 -1)
#(0 181 2147 26 0 0 0 2 10983 -1 -1 -1 -1 -1 -1)
#(0 181 123 57 0 3 0 3 19556 -1 -1 -1 -1 -1 -1)
#(0 181 891 63 0 2 0 4 21204 -1 -1 -1 -1 -1 -1)
#(0 181 521 44 0 2 0 4 24609 -1 -1 -1 -1 -1 -1)
#(0 181 889 51 0 1 0 4 24018 -1 -1 -1 -1 -1 -1)
#(0 181 120 60 0 1 0 5 27382 -1 -1 -1 -1 -1 -1)
#(0 181 1552 67 0 1 0 7 41998 -1 -1 -1 -1 -1 -1)
#(0 181 1538 47 0 2 0 9 51143 -1 -1 -1 -1 -1 -1)
#(0 181 893 54 0 2 0 9 52589 -1 -1 -1 -1 -1 -1)
#(0 181 1556 44 0 2 0 10 55752 -1 -1 -1 -1 -1 -1)
#(0 181 1853 25 0 2 0 10 54115 -1 -1 -1 -1 -1 -1)
#(0 181 1559 52 0 3 0 11 61672 -1 -1 -1 -1 -1 -1)
#(0 181 105 51 0 3 0 11 60029 -1 -1 -1 -1 -1 -1)
#(0 181 1548 54 0 3 0 15 83271 -1 -1 -1 -1 -1 -1)
#(0 181 1536 47 0 2 0 16 87629 -1 -1 -1 -1 -1 -1)
#(0 181 1851 37 0 2 0 16 86418 -1 -1 -1 -1 -1 -1)
#(0 181 122 53 0 2 0 18 97645 -1 -1 -1 -1 -1 -1)
#(0 181 1849 32 0 2 0 23 123137 -1 -1 -1 -1 -1 -1)
#(0 181 2148 29 0 0 0 28 148323 -1 -1 -1 -1 -1 -1)
#(0 181 504 55 0 3 0 28 148514 -1 -1 -1 -1 -1 -1)
#(0 181 1855 32 0 1 0 29 154791 -1 -1 -1 -1 -1 -1)
#(0 181 1546 51 0 2 0 31 167334 -1 -1 -1 -1 -1 -1)
#(0 181 1561 51 0 2 0 38 204157 -1 -1 -1 -1 -1 -1)
#(0 181 519 60 0 2 0 39 209817 -1 -1 -1 -1 -1 -1)
#(0 181 888 55 0 3 0 41 220592 -1 -1 -1 -1 -1 -1)
#(0 181 1545 52 0 3 0 41 219888 -1 -1 -1 -1 -1 -1)
#(0 181 895 44 0 1 0 43 228638 -1 -1 -1 -1 -1 -1)
#(0 181 516 52 0 3 0 43 228309 -1 -1 -1 -1 -1 -1)
#(0 181 518 44 0 2 0 48 257020 -1 -1 -1 -1 -1 -1)
#(0 181 896 75 0 1 0 52 276005 -1 -1 -1 -1 -1 -1)
#(0 181 525 54 0 2 0 62 328016 -1 -1 -1 -1 -1 -1)
#(0 181 1858 48 0 1 0 66 350958 -1 -1 -1 -1 -1 -1)
#(0 181 2151 30 0 0 0 67 354251 -1 -1 -1 -1 -1 -1)
#(0 181 1231 51 0 2 0 68 359534 -1 -1 -1 -1 -1 -1)
#(0 181 1850 38 0 3 0 76 403224 -1 -1 -1 -1 -1 -1)
#(2 181 1850 -1 -1 -1 -1 -1 -1 73 -1 -1 -1 -1 -1)
#(0 181 1554 59 0 2 1 98 519000 -1 -1 -1 -1 -1 -1)
#(0 181 1234 57 0 2 1 97 515871 -1 -1 -1 -1 -1 -1)
#(0 181 523 54 0 3 1 94 500952 -1 -1 -1 -1 -1 -1)
#(0 181 1235 56 0 1 1 94 499625 -1 -1 -1 -1 -1 -1)
#(0 181 2142 27 0 0 1 91 485305 -1 -1 -1 -1 -1 -1)
#(0 181 2146 25 0 0 1 88 469508 -1 -1 -1 -1 -1 -1)
#(0 181 881 59 0 2 1 88 465676 -1 -1 -1 -1 -1 -1)
#(0 181 1854 20 0 3 1 82 437204 -1 -1 -1 -1 -1 -1)
#(0 181 2150 26 0 0 1 81 432543 -1 -1 -1 -1 -1 -1)
#(0 181 894 57 0 2 1 81 428814 -1 -1 -1 -1 -1 -1)
#(0 181 1233 53 0 2 1 78 415490 -1 -1 -1 -1 -1 -1)
#(0 181 524 51 0 1 1 78 412129 -1 -1 -1 -1 -1 -1)
#(0 181 2145 27 0 0 1 77 411388 -1 -1 -1 -1 -1 -1)
#(0 181 898 44 0 1 1 77 410292 -1 -1 -1 -1 -1 -1)
#(2 181 898 -1 -1 -1 -1 -1 -1 74 -1 -1 -1 -1 -1)
#(0 181 1549 57 0 2 1 77 407444 -1 -1 -1 -1 -1 -1)
#(0 181 517 55 0 3 1 74 395358 -1 -1 -1 -1 -1 -1)
#(0 181 1557 69 0 2 1 74 395895 -1 -1 -1 -1 -1 -1)
#(0 181 1857 43 0 2 1 74 393777 -1 -1 -1 -1 -1 -1)
#(0 181 1852 37 0 2 1 73 388821 -1 -1 -1 -1 -1 -1)
#(0 181 1560 57 0 2 1 68 359972 -1 -1 -1 -1 -1 -1)
#(0 181 1553 75 0 2 1 63 337236 -1 -1 -1 -1 -1 -1)
#(0 181 520 75 0 3 1 59 312378 -1 -1 -1 -1 -1 -1)
#(0 181 2149 29 0 0 1 58 311046 -1 -1 -1 -1 -1 -1)
#(0 181 1839 28 0 2 1 58 310105 -1 -1 -1 -1 -1 -1)
#(0 181 119 60 0 3 1 55 290820 -1 -1 -1 -1 -1 -1)
#(0 181 2137 30 0 0 1 53 284609 -1 -1 -1 -1 -1 -1)
#(0 181 1236 54 0 2 1 52 278654 -1 -1 -1 -1 -1 -1)
#(0 181 890 56 0 2 1 50 265274 -1 -1 -1 -1 -1 -1)
#(0 181 118 63 0 1 1 50 264178 -1 -1 -1 -1 -1 -1)
#(0 181 1555 65 0 2 1 48 253502 -1 -1 -1 -1 -1 -1)
#(0 181 124 62 0 2 1 45 242769 -1 -1 -1 -1 -1 -1)
#(0 181 1238 68 0 3 1 45 240899 -1 -1 -1 -1 -1 -1)
#(0 181 1239 72 0 2 1 44 234704 -1 -1 -1 -1 -1 -1)
#(0 181 515 70 0 1 1 43 228347 -1 -1 -1 -1 -1 -1)
#(0 181 1539 51 0 2 1 42 223586 -1 -1 -1 -1 -1 -1)
#(0 181 1544 57 0 3 1 38 201518 -1 -1 -1 -1 -1 -1)
#(0 181 897 64 0 2 1 26 137286 -1 -1 -1 -1 -1 -1)
#(0 181 2143 25 0 0 1 24 131576 -1 -1 -1 -1 -1 -1)
#(0 181 1240 55 0 2 1 23 125587 -1 -1 -1 -1 -1 -1)
#(0 182 1571 61 0 2 0 0 4156 -1 -1 -1 -1 -1 -1)
#(0 182 1865 37 0 1 0 0 1947 -1 -1 -1 -1 -1 -1)
#(0 182 2157 20 0 0 0 2 10875 -1 -1 -1 -1 -1 -1)
#(0 182 904 55 0 2 0 2 13659 -1 -1 -1 -1 -1 -1)
#(0 182 129 51 0 2 0 2 12611 -1 -1 -1 -1 -1 -1)
#(0 182 914 56 0 3 0 4 24861 -1 -1 -1 -1 -1 -1)
#(0 182 1562 58 0 3 0 4 25407 -1 -1 -1 -1 -1 -1)
#(0 182 2154 30 0 0 0 6 32186 -1 -1 -1 -1 -1 -1)
#(0 182 130 65 0 3 0 7 37359 -1 -1 -1 -1 -1 -1)
#(0 182 1565 55 0 1 0 7 40931 -1 -1 -1 -1 -1 -1)
#(0 182 902 60 0 3 0 8 46664 -1 -1 -1 -1 -1 -1)
#(0 182 1558 55 0 2 0 9 51357 -1 -1 -1 -1 -1 -1)
#(0 182 133 71 0 2 0 9 49697 -1 -1 -1 -1 -1 -1)
#(0 182 910 56 0 3 0 10 57052 -1 -1 -1 -1 -1 -1)
#(0 182 128 63 0 3 0 11 58809 -1 -1 -1 -1 -1 -1)
#(0 182 131 56 0 3 0 11 61325 -1 -1 -1 -1 -1 -1)
#(0 182 1243 59 0 2 0 11 59742 -1 -1 -1 -1 -1 -1)
#(0 182 1245 55 0 2 0 12 65225 -1 -1 -1 -1 -1 -1)
#(0 182 1551 61 0 2 0 15 83423 -1 -1 -1 -1 -1 -1)
#(0 182 536 51 0 1 0 16 89605 -1 -1 -1 -1 -1 -1)
#(0 182 907 58 0 2 0 17 94034 -1 -1 -1 -1 -1 -1)
#(0 182 1863 28 0 2 0 18 96625 -1 -1 -1 -1 -1 -1)
#(0 182 2155 20 0 0 0 24 127056 -1 -1 -1 -1 -1 -1)
#(0 182 530 44 0 3 0 25 135589 -1 -1 -1 -1 -1 -1)
#(4 182 530 -1 0 -1 -1 -1 -1 75 0 0 0 0 -1)
#(0 182 1564 51 0 3 0 25 135565 -1 -1 -1 -1 -1 -1)
#(0 182 1861 26 0 3 0 25 133392 -1 -1 -1 -1 -1 -1)
#(0 182 522 58 0 2 0 28 148933 -1 -1 -1 -1 -1 -1)
#(0 182 1856 26 0 2 0 29 154446 -1 -1 -1 -1 -1 -1)
#(0 182 901 63 0 2 0 33 178201 -1 -1 -1 -1 -1 -1)
#(0 182 1569 66 0 1 0 34 184732 -1 -1 -1 -1 -1 -1)
#(0 182 533 51 0 3 0 39 210857 -1 -1 -1 -1 -1 -1)
#(0 182 892 51 0 2 0 41 219374 -1 -1 -1 -1 -1 -1)
#(0 182 527 61 0 2 0 42 224336 -1 -1 -1 -1 -1 -1)
#(0 182 1244 57 0 2 0 43 228795 -1 -1 -1 -1 -1 -1)
#(0 182 126 66 0 2 0 46 244097 -1 -1 -1 -1 -1 -1)
#(0 182 1248 62 0 1 0 48 255507 -1 -1 -1 -1 -1 -1)
#(0 182 534 62 0 1 0 50 266757 -1 -1 -1 -1 -1 -1)
#(0 182 526 70 0 2 0 52 278651 -1 -1 -1 -1 -1 -1)
#(0 182 899 54 0 3 0 52 277985 -1 -1 -1 -1 -1 -1)
#(0 182 132 62 0 3 0 60 321708 -1 -1 -1 -1 -1 -1)
#(0 182 1242 66 0 1 0 64 340620 -1 -1 -1 -1 -1 -1)
#(0 182 905 70 0 2 0 91 481583 -1 -1 -1 -1 -1 -1)
#(0 182 529 56 0 2 1 97 516009 -1 -1 -1 -1 -1 -1)
#(0 182 912 67 0 3 1 95 506255 -1 -1 -1 -1 -1 -1)
#(0 182 1568 44 0 2 1 95 503928 -1 -1 -1 -1 -1 -1)
#(0 182 1864 42 0 3 1 92 488866 -1 -1 -1 -1 -1 -1)
#(0 182 127 61 0 3 1 87 463069 -1 -1 -1 -1 -1 -1)
#(0 182 1237 61 0 2 1 86 457451 -1 -1 -1 -1 -1 -1)
#(0 182 1570 59 0 2 1 85 449598 -1 -1 -1 -1 -1 -1)
#(0 182 528 57 0 1 1 84 447737 -1 -1 -1 -1 -1 -1)
#(0 182 1866 20 0 2 1 83 442483 -1 -1 -1 -1 -1 -1)
#(0 182 909 50 0 1 1 80 424556 -1 -1 -1 -1 -1 -1)
#(0 182 1566 62 0 1 1 79 417643 -1 -1 -1 -1 -1 -1)
#(0 182 2152 25 0 0 1 77 411433 -1 -1 -1 -1 -1 -1)
#(0 182 134 51 0 3 1 76 404627 -1 -1 -1 -1 -1 -1)
#(0 182 906 51 0 1 1 75 398368 -1 -1 -1 -1 -1 -1)
#(0 182 1860 32 0 2 1 73 389130 -1 -1 -1 -1 -1 -1)
#(0 182 900 65 0 1 1 73 385564 -1 -1 -1 -1 -1 -1)
#(0 182 908 50 0 3 1 68 360335 -1 -1 -1 -1 -1 -1)
#(0 182 125 62 0 3 1 68 359576 -1 -1 -1 -1 -1 -1)
#(0 182 121 55 0 2 1 66 349312 -1 -1 -1 -1 -1 -1)
#(0 182 911 56 0 1 1 65 344126 -1 -1 -1 -1 -1 -1)
#(0 182 903 61 0 1 1 64 338743 -1 -1 -1 -1 -1 -1)
#(0 182 2158 25 0 0 1 63 337519 -1 -1 -1 -1 -1 -1)
#(0 182 1246 44 0 2 1 61 322473 -1 -1 -1 -1 -1 -1)
#(0 182 2156 20 0 0 1 60 321750 -1 -1 -1 -1 -1 -1)
#(0 182 135 55 0 1 1 60 318366 -1 -1 -1 -1 -1 -1)
#(0 182 535 70 0 3 1 54 288024 -1 -1 -1 -1 -1 -1)
#(0 182 1247 65 0 2 1 53 282614 -1 -1 -1 -1 -1 -1)
#(0 182 1862 44 0 3 1 53 282740 -1 -1 -1 -1 -1 -1)
#(0 182 1563 59 0 1 1 51 269635 -1 -1 -1 -1 -1 -1)
#(0 182 137 55 0 3 1 49 260960 -1 -1 -1 -1 -1 -1)
#(0 182 1241 44 0 3 1 46 243304 -1 -1 -1 -1 -1 -1)
#(0 182 1567 51 0 2 1 41 218084 -1 -1 -1 -1 -1 -1)
#(0 182 537 55 0 2 1 32 173625 -1 -1 -1 -1 -1 -1)
#(0 182 531 64 0 2 1 28 150186 -1 -1 -1 -1 -1 -1)
#(0 182 2144 25 0 0 1 24 131583 -1 -1 -1 -1 -1 -1)
#(0 182 2153 27 0 0 1 17 94582 -1 -1 -1 -1 -1 -1)
#(0 182 1859 26 0 2 1 7 40851 -1 -1 -1 -1 -1 -1)
#(0 183 2168 26 0 0 0 0 422 -1 -1 -1 -1 -1 -1)
#(0 183 140 55 0 3 0 3 19571 -1 -1 -1 -1 -1 -1)
#(0 183 1578 44 0 2 0 3 18779 -1 -1 -1 -1 -1 -1)
#(0 183 1574 57 0 2 0 5 31064 -1 -1 -1 -1 -1 -1)
#(0 183 923 57 0 1 0 8 46053 -1 -1 -1 -1 -1 -1)
#(0 183 551 65 0 1 0 10 53469 -1 -1 -1 -1 -1 -1)
#(0 183 1250 63 0 2 0 14 76322 -1 -1 -1 -1 -1 -1)
#(0 183 543 55 0 3 0 19 100988 -1 -1 -1 -1 -1 -1)
#(0 183 146 69 0 1 0 19 100634 -1 -1 -1 -1 -1 -1)
#(0 183 2167 30 0 0 0 22 116658 -1 -1 -1 -1 -1 -1)
#(0 183 542 59 0 2 0 22 117126 -1 -1 -1 -1 -1 -1)
#(0 183 144 75 0 3 0 23 122380 -1 -1 -1 -1 -1 -1)
#(0 183 918 62 0 3 0 23 126455 -1 -1 -1 -1 -1 -1)
#(0 183 916 58 0 2 0 25 136256 -1 -1 -1 -1 -1 -1)
#(0 183 922 55 0 3 0 26 140796 -1 -1 -1 -1 -1 -1)
#(0 183 2166 27 0 0 0 27 142996 -1 -1 -1 -1 -1 -1)
#(0 183 1870 42 0 1 0 28 150029 -1 -1 -1 -1 -1 -1)
#(0 183 149 57 0 3 0 30 162142 -1 -1 -1 -1 -1 -1)
#(0 183 2163 20 0 0 0 31 164017 -1 -1 -1 -1 -1 -1)
#(0 183 2160 20 0 0 0 32 169302 -1 -1 -1 -1 -1 -1)
#(0 183 545 44 0 3 0 36 193576 -1 -1 -1 -1 -1 -1)
#(0 183 2165 30 0 0 0 38 201145 -1 -1 -1 -1 -1 -1)
#(0 183 145 51 0 2 0 38 202769 -1 -1 -1 -1 -1 -1)
#(0 183 924 75 0 2 0 39 207939 -1 -1 -1 -1 -1 -1)
#(0 183 138 59 0 1 0 40 215650 -1 -1 -1 -1 -1 -1)
#(0 183 915 44 0 3 0 46 244520 -1 -1 -1 -1 -1 -1)
#(0 183 548 70 0 3 0 53 284031 -1 -1 -1 -1 -1 -1)
#(0 183 1869 27 0 2 0 63 334033 -1 -1 -1 -1 -1 -1)
#(0 183 917 44 0 2 0 76 402860 -1 -1 -1 -1 -1 -1)
#(0 183 2162 30 0 0 0 81 428198 -1 -1 -1 -1 -1 -1)
#(0 183 544 62 0 2 0 95 503933 -1 -1 -1 -1 -1 -1)
#(0 183 2161 20 0 0 1 99 527656 -1 -1 -1 -1 -1 -1)
#(0 183 2159 21 0 0 1 97 517072 -1 -1 -1 -1 -1 -1)
#(0 183 1577 54 0 2 1 94 497712 -1 -1 -1 -1 -1 -1)
#(0 183 1873 32 0 3 1 90 478659 -1 -1 -1 -1 -1 -1)
#(0 183 1251 60 0 1 1 89 471874 -1 -1 -1 -1 -1 -1)
#(0 183 2164 24 0 0 1 88 469526 -1 -1 -1 -1 -1 -1)
#(0 183 150 59 0 3 1 86 454968 -1 -1 -1 -1 -1 -1)
#(0 183 547 57 0 2 1 83 442855 -1 -1 -1 -1 -1 -1)
#(0 183 1249 57 0 1 1 83 442228 -1 -1 -1 -1 -1 -1)
#(0 183 1252 56 0 3 1 82 436797 -1 -1 -1 -1 -1 -1)
#(0 183 546 62 0 3 1 81 430618 -1 -1 -1 -1 -1 -1)
#(0 183 920 63 0 1 1 78 416874 -1 -1 -1 -1 -1 -1)
#(0 183 151 72 0 2 1 76 404017 -1 -1 -1 -1 -1 -1)
#(0 183 538 62 0 3 1 74 394634 -1 -1 -1 -1 -1 -1)
#(0 183 1573 59 0 3 1 73 386198 -1 -1 -1 -1 -1 -1)
#(0 183 921 72 0 2 1 69 368000 -1 -1 -1 -1 -1 -1)
#(0 183 142 53 0 1 1 66 348972 -1 -1 -1 -1 -1 -1)
#(0 183 1868 38 0 3 1 65 346507 -1 -1 -1 -1 -1 -1)
#(0 183 919 51 0 2 1 64 340308 -1 -1 -1 -1 -1 -1)
#(0 183 1872 26 0 2 1 61 326026 -1 -1 -1 -1 -1 -1)
#(0 183 141 57 0 2 1 54 286598 -1 -1 -1 -1 -1 -1)
#(0 183 1572 57 0 3 1 53 280756 -1 -1 -1 -1 -1 -1)
#(0 183 1576 57 0 2 1 48 254562 -1 -1 -1 -1 -1 -1)
#(0 183 539 44 0 2 1 46 244733 -1 -1 -1 -1 -1 -1)
#(0 183 1579 74 0 3 1 44 237258 -1 -1 -1 -1 -1 -1)
#(0 183 549 51 0 3 1 43 227193 -1 -1 -1 -1 -1 -1)
#(0 183 1871 43 0 1 1 39 208957 -1 -1 -1 -1 -1 -1)
#(0 183 550 66 0 1 1 36 192496 -1 -1 -1 -1 -1 -1)
#(0 183 1867 27 0 2 1 34 183395 -1 -1 -1 -1 -1 -1)
#(0 183 152 67 0 1 1 28 152033 -1 -1 -1 -1 -1 -1)
#(0 183 147 59 0 2 1 12 64208 -1 -1 -1 -1 -1 -1)
#(0 184 1879 28 0 2 0 1 6799 -1 -1 -1 -1 -1 -1)
#(0 184 2175 17 0 0 0 2 10825 -1 -1 -1 -1 -1 -1)
#(0 184 560 51 0 1 0 5 31208 -1 -1 -1 -1 -1 -1)
#(0 184 1575 62 0 2 0 7 41378 -1 -1 -1 -1 -1 -1)
#(0 184 554 67 0 3 0 8 45170 -1 -1 -1 -1 -1 -1)
#(0 184 1266 58 0 2 0 8 43943 -1 -1 -1 -1 -1 -1)
#(0 184 1264 44 0 1 0 8 47087 -1 -1 -1 -1 -1 -1)
#(0 184 139 59 0 1 0 11 62338 -1 -1 -1 -1 -1 -1)
#(0 184 926 58 0 2 0 13 73047 -1 -1 -1 -1 -1 -1)
#(0 184 540 73 0 2 0 17 92856 -1 -1 -1 -1 -1 -1)
#(0 184 1882 49 0 3 0 17 92292 -1 -1 -1 -1 -1 -1)
#(0 184 1584 62 0 2 0 17 94437 -1 -1 -1 -1 -1 -1)
#(0 184 927 61 0 2 0 17 94258 -1 -1 -1 -1 -1 -1)
#(0 184 1586 56 0 1 0 18 99154 -1 -1 -1 -1 -1 -1)
#(0 184 553 57 0 1 0 18 96481 -1 -1 -1 -1 -1 -1)
#(0 184 154 62 0 2 0 21 110946 -1 -1 -1 -1 -1 -1)
#(0 184 1261 44 0 2 0 24 131621 -1 -1 -1 -1 -1 -1)
#(0 184 167 51 0 1 0 25 134087 -1 -1 -1 -1 -1 -1)
#(0 184 2173 34 0 0 0 26 137847 -1 -1 -1 -1 -1 -1)
#(0 184 158 65 0 3 0 27 145289 -1 -1 -1 -1 -1 -1)
#(0 184 2170 25 0 0 0 37 195774 -1 -1 -1 -1 -1 -1)
#(0 184 164 59 0 2 0 37 199812 -1 -1 -1 -1 -1 -1)
#(0 184 930 61 0 2 0 38 205713 -1 -1 -1 -1 -1 -1)
#(0 184 1580 64 0 3 0 40 216123 -1 -1 -1 -1 -1 -1)
#(0 184 555 44 0 2 0 47 251688 -1 -1 -1 -1 -1 -1)
#(0 184 1259 67 0 3 0 47 251023 -1 -1 -1 -1 -1 -1)
#(0 184 2169 26 0 0 0 51 269721 -1 -1 -1 -1 -1 -1)
#(0 184 1587 66 0 3 0 54 285516 -1 -1 -1 -1 -1 -1)
#(0 184 1265 57 0 2 0 55 291851 -1 -1 -1 -1 -1 -1)
#(0 184 163 51 0 3 0 63 334611 -1 -1 -1 -1 -1 -1)
#(0 184 1263 55 0 1 0 67 354822 -1 -1 -1 -1 -1 -1)
#(0 184 1877 49 0 3 0 74 393303 -1 -1 -1 -1 -1 -1)
#(0 184 1876 36 0 2 0 84 445447 -1 -1 -1 -1 -1 -1)
#(0 184 1582 66 0 2 0 85 453750 -1 -1 -1 -1 -1 -1)
#(4 184 1582 -1 0 -1 -1 -1 -1 76 0 0 0 0 -1)
#(0 184 1874 40 0 3 1 97 515260 -1 -1 -1 -1 -1 -1)
#(0 184 1583 54 0 1 1 97 513046 -1 -1 -1 -1 -1 -1)
#(0 184 1262 64 0 2 1 96 509620 -1 -1 -1 -1 -1 -1)
#(0 184 556 56 0 1 1 94 500899 -1 -1 -1 -1 -1 -1)
#(0 184 1585 62 0 2 1 93 491670 -1 -1 -1 -1 -1 -1)
#(0 184 931 69 0 1 1 92 486525 -1 -1 -1 -1 -1 -1)
#(0 184 929 63 0 1 1 91 481006 -1 -1 -1 -1 -1 -1)
#(0 184 1875 33 0 2 1 90 478693 -1 -1 -1 -1 -1 -1)
#(0 184 552 59 0 2 1 89 473438 -1 -1 -1 -1 -1 -1)
#(0 184 157 63 0 1 1 89 473760 -1 -1 -1 -1 -1 -1)
#(0 184 159 58 0 3 1 88 465858 -1 -1 -1 -1 -1 -1)
#(0 184 168 61 0 2 1 84 444039 -1 -1 -1 -1 -1 -1)
#(0 184 928 60 0 1 1 83 439320 -1 -1 -1 -1 -1 -1)
#(0 184 1878 20 0 3 1 83 442512 -1 -1 -1 -1 -1 -1)
#(0 184 153 57 0 1 1 81 429200 -1 -1 -1 -1 -1 -1)
#(0 184 558 44 0 2 1 79 418960 -1 -1 -1 -1 -1 -1)
#(0 184 913 65 0 1 1 77 407573 -1 -1 -1 -1 -1 -1)
#(0 184 1256 51 0 1 1 75 400693 -1 -1 -1 -1 -1 -1)
#(0 184 557 49 0 1 1 75 401052 -1 -1 -1 -1 -1 -1)
#(0 184 541 66 0 3 1 74 393387 -1 -1 -1 -1 -1 -1)
#(0 184 1253 55 0 2 1 74 394827 -1 -1 -1 -1 -1 -1)
#(0 184 1880 42 0 2 1 72 383248 -1 -1 -1 -1 -1 -1)
#(0 184 1254 44 0 1 1 72 380501 -1 -1 -1 -1 -1 -1)
#(0 184 925 56 0 3 1 71 376452 -1 -1 -1 -1 -1 -1)
#(0 184 169 51 0 2 1 71 378075 -1 -1 -1 -1 -1 -1)
#(0 184 160 66 0 1 1 71 378584 -1 -1 -1 -1 -1 -1)
#(0 184 1581 47 0 3 1 69 366442 -1 -1 -1 -1 -1 -1)
#(0 184 1255 60 0 1 1 68 362180 -1 -1 -1 -1 -1 -1)
#(0 184 559 51 0 1 1 65 343427 -1 -1 -1 -1 -1 -1)
#(0 184 156 51 0 2 1 62 330593 -1 -1 -1 -1 -1 -1)
#(0 184 136 61 0 2 1 59 315355 -1 -1 -1 -1 -1 -1)
#(0 184 170 56 0 2 1 56 300444 -1 -1 -1 -1 -1 -1)
#(0 184 1267 54 0 2 1 56 299888 -1 -1 -1 -1 -1 -1)
#(0 184 2174 29 0 0 1 44 237124 -1 -1 -1 -1 -1 -1)
#(0 184 1884 31 0 2 1 44 235990 -1 -1 -1 -1 -1 -1)
#(0 184 1257 63 0 3 1 42 224496 -1 -1 -1 -1 -1 -1)
#(0 184 162 70 0 1 1 40 214556 -1 -1 -1 -1 -1 -1)
#(0 184 155 55 0 3 1 32 171271 -1 -1 -1 -1 -1 -1)
#(0 184 1258 57 0 1 1 26 140994 -1 -1 -1 -1 -1 -1)
#(0 184 161 64 0 3 1 19 105213 -1 -1 -1 -1 -1 -1)
#(0 184 2172 34 0 0 1 15 83919 -1 -1 -1 -1 -1 -1)
#(0 184 2171 20 0 0 1 12 68310 -1 -1 -1 -1 -1 -1)
#(0 184 1881 35 0 2 1 12 66825 -1 -1 -1 -1 -1 -1)
#(0 185 934 51 0 2 0 1 8184 -1 -1 -1 -1 -1 -1)
#(0 185 1883 28 0 2 0 1 6732 -1 -1 -1 -1 -1 -1)
#(0 185 171 57 0 1 0 4 24520 -1 -1 -1 -1 -1 -1)
#(0 185 1888 41 0 2 0 4 23248 -1 -1 -1 -1 -1 -1)
#(0 185 1277 61 0 2 0 4 23004 -1 -1 -1 -1 -1 -1)
#(0 185 946 50 0 1 0 9 51159 -1 -1 -1 -1 -1 -1)
#(0 185 182 54 0 3 0 10 56857 -1 -1 -1 -1 -1 -1)
#(0 185 2179 30 0 0 0 11 58599 -1 -1 -1 -1 -1 -1)
#(0 185 1592 51 0 2 0 11 61683 -1 -1 -1 -1 -1 -1)
#(0 185 1279 58 0 1 0 12 64991 -1 -1 -1 -1 -1 -1)
#(0 185 1886 21 0 3 0 13 69703 -1 -1 -1 -1 -1 -1)
#(0 185 1887 29 0 2 0 14 75452 -1 -1 -1 -1 -1 -1)
#(0 185 1270 51 0 1 0 16 85068 -1 -1 -1 -1 -1 -1)
#(0 185 941 57 0 1 0 22 120190 -1 -1 -1 -1 -1 -1)
#(0 185 1278 44 0 3 0 27 147313 -1 -1 -1 -1 -1 -1)
#(0 185 2180 18 0 0 0 31 163986 -1 -1 -1 -1 -1 -1)
#(0 185 1894 47 0 3 0 31 166168 -1 -1 -1 -1 -1 -1)
#(0 185 1891 25 0 2 0 33 175673 -1 -1 -1 -1 -1 -1)
#(0 185 1895 29 0 2 0 34 181052 -1 -1 -1 -1 -1 -1)
#(0 185 166 56 0 1 0 37 198933 -1 -1 -1 -1 -1 -1)
#(0 185 568 68 0 3 0 38 203202 -1 -1 -1 -1 -1 -1)
#(0 185 2182 29 0 0 0 41 216959 -1 -1 -1 -1 -1 -1)
#(0 185 2183 20 0 0 0 45 237922 -1 -1 -1 -1 -1 -1)
#(0 185 1273 60 0 2 0 47 250373 -1 -1 -1 -1 -1 -1)
#(0 185 945 70 0 3 0 53 279858 -1 -1 -1 -1 -1 -1)
#(0 185 1276 62 0 2 0 53 282096 -1 -1 -1 -1 -1 -1)
#(0 185 565 58 0 2 0 55 293036 -1 -1 -1 -1 -1 -1)
#(0 185 1889 20 0 2 0 56 296735 -1 -1 -1 -1 -1 -1)
#(0 185 1590 55 0 1 0 57 305034 -1 -1 -1 -1 -1 -1)
#(0 185 932 51 0 3 0 57 303839 -1 -1 -1 -1 -1 -1)
#(0 185 562 57 0 1 0 57 302266 -1 -1 -1 -1 -1 -1)
#(0 185 571 75 0 3 0 68 364254 -1 -1 -1 -1 -1 -1)
#(0 185 1275 64 0 2 0 69 366854 -1 -1 -1 -1 -1 -1)
#(0 185 933 67 0 1 0 73 385940 -1 -1 -1 -1 -1 -1)
#(0 185 937 57 0 3 0 77 410531 -1 -1 -1 -1 -1 -1)
#(0 185 1268 44 0 2 1 97 512789 -1 -1 -1 -1 -1 -1)
#(0 185 1594 43 0 2 1 95 504029 -1 -1 -1 -1 -1 -1)
#(0 185 942 55 0 1 1 94 498045 -1 -1 -1 -1 -1 -1)
#(0 185 570 61 0 3 1 93 494680 -1 -1 -1 -1 -1 -1)
#(0 185 2178 28 0 0 1 87 464162 -1 -1 -1 -1 -1 -1)
#(0 185 1593 57 0 1 1 85 449834 -1 -1 -1 -1 -1 -1)
#(0 185 1274 72 0 2 1 83 441127 -1 -1 -1 -1 -1 -1)
#(0 185 175 54 0 2 1 82 435198 -1 -1 -1 -1 -1 -1)
#(0 185 1272 56 0 1 1 82 436899 -1 -1 -1 -1 -1 -1)
#(0 185 2176 30 0 0 1 80 427154 -1 -1 -1 -1 -1 -1)
#(0 185 174 44 0 2 1 80 427491 -1 -1 -1 -1 -1 -1)
#(0 185 1892 40 0 2 1 79 420354 -1 -1 -1 -1 -1 -1)
#(0 185 566 58 0 2 1 77 411406 -1 -1 -1 -1 -1 -1)
#(0 185 1589 44 0 2 1 77 408901 -1 -1 -1 -1 -1 -1)
#(0 185 561 54 0 2 1 76 405991 -1 -1 -1 -1 -1 -1)
#(0 185 1271 68 0 2 1 76 403476 -1 -1 -1 -1 -1 -1)
#(0 185 179 53 0 1 1 74 391928 -1 -1 -1 -1 -1 -1)
#(0 185 173 51 0 3 1 73 388638 -1 -1 -1 -1 -1 -1)
#(0 185 564 62 0 2 1 71 377820 -1 -1 -1 -1 -1 -1)
#(0 185 2177 26 0 0 1 66 353321 -1 -1 -1 -1 -1 -1)
#(0 185 1890 20 0 3 1 66 352713 -1 -1 -1 -1 -1 -1)
#(0 185 1269 52 0 1 1 65 347513 -1 -1 -1 -1 -1 -1)
#(0 185 165 57 0 3 1 62 329679 -1 -1 -1 -1 -1 -1)
#(0 185 1893 27 0 2 1 62 331214 -1 -1 -1 -1 -1 -1)
#(0 185 180 54 0 3 1 61 324759 -1 -1 -1 -1 -1 -1)
#(0 185 944 51 0 2 1 60 319215 -1 -1 -1 -1 -1 -1)
#(0 185 1885 43 0 2 1 59 314556 -1 -1 -1 -1 -1 -1)
#(0 185 1591 64 0 2 1 59 311741 -1 -1 -1 -1 -1 -1)
#(0 185 947 50 0 2 1 58 307109 -1 -1 -1 -1 -1 -1)
#(0 185 940 63 0 3 1 54 285674 -1 -1 -1 -1 -1 -1)
#(0 185 938 56 0 2 1 51 269539 -1 -1 -1 -1 -1 -1)
#(0 185 172 57 0 3 1 50 268915 -1 -1 -1 -1 -1 -1)
#(0 185 181 51 0 3 1 48 256748 -1 -1 -1 -1 -1 -1)
#(0 185 176 44 0 1 1 47 253247 -1 -1 -1 -1 -1 -1)
#(0 185 563 44 0 1 1 47 249897 -1 -1 -1 -1 -1 -1)
#(0 185 178 59 0 3 1 46 243951 -1 -1 -1 -1 -1 -1)
#(0 185 567 65 0 1 1 42 224170 -1 -1 -1 -1 -1 -1)
#(0 185 935 75 0 1 1 41 219792 -1 -1 -1 -1 -1 -1)
#(0 185 1588 61 0 2 1 36 190410 -1 -1 -1 -1 -1 -1)
#(0 185 1260 55 0 2 1 26 141702 -1 -1 -1 -1 -1 -1)
#(0 185 2181 27 0 0 1 20 110435 -1 -1 -1 -1 -1 -1)
#(0 186 1903 42 0 1 0 0 2195 -1 -1 -1 -1 -1 -1)
#(0 186 936 61 0 2 0 1 9422 -1 -1 -1 -1 -1 -1)
#(0 186 1902 39 0 1 0 2 12650 -1 -1 -1 -1 -1 -1)
#(0 186 2190 26 0 0 0 4 21543 -1 -1 -1 -1 -1 -1)
#(0 186 1598 62 0 3 0 7 41453 -1 -1 -1 -1 -1 -1)
#(0 186 954 67 0 3 0 8 42468 -1 -1 -1 -1 -1 -1)
#(2 186 954 -1 -1 -1 -1 -1 -1 77 -1 -1 -1 -1 -1)
#(0 186 1904 43 0 1 0 8 44495 -1 -1 -1 -1 -1 -1)
#(0 186 185 47 0 2 0 9 51321 -1 -1 -1 -1 -1 -1)
#(0 186 962 44 0 1 0 11 59634 -1 -1 -1 -1 -1 -1)
#(0 186 2184 23 0 0 0 13 69024 -1 -1 -1 -1 -1 -1)
#(0 186 1601 56 0 2 0 13 72910 -1 -1 -1 -1 -1 -1)
#(0 186 575 59 0 3 0 13 70050 -1 -1 -1 -1 -1 -1)
#(0 186 192 69 0 3 0 13 69644 -1 -1 -1 -1 -1 -1)
#(0 186 951 68 0 3 0 14 74458 -1 -1 -1 -1 -1 -1)
#(0 186 948 44 0 2 0 15 80833 -1 -1 -1 -1 -1 -1)
#(0 186 955 50 0 3 0 16 87308 -1 -1 -1 -1 -1 -1)
#(0 186 957 61 0 2 0 17 94297 -1 -1 -1 -1 -1 -1)
#(0 186 572 49 0 1 0 18 95957 -1 -1 -1 -1 -1 -1)
#(0 186 1597 44 0 2 0 19 103307 -1 -1 -1 -1 -1 -1)
#(4 186 1597 -1 0 -1 -1 -1 -1 78 0 0 0 0 -1)
#(0 186 2186 24 0 0 0 24 127117 -1 -1 -1 -1 -1 -1)
#(0 186 184 55 0 3 0 25 135393 -1 -1 -1 -1 -1 -1)
#(0 186 1908 27 0 2 0 25 133475 -1 -1 -1 -1 -1 -1)
#(0 186 187 52 0 2 0 27 146155 -1 -1 -1 -1 -1 -1)
#(0 186 2188 32 0 0 0 30 158929 -1 -1 -1 -1 -1 -1)
#(0 186 573 64 0 3 0 33 177378 -1 -1 -1 -1 -1 -1)
#(0 186 1896 38 0 1 0 35 186880 -1 -1 -1 -1 -1 -1)
#(0 186 943 68 0 2 0 39 206279 -1 -1 -1 -1 -1 -1)
#(0 186 956 58 0 2 0 39 210629 -1 -1 -1 -1 -1 -1)
#(0 186 1291 59 0 2 0 44 234170 -1 -1 -1 -1 -1 -1)
#(0 186 1910 33 0 2 0 51 271004 -1 -1 -1 -1 -1 -1)
#(0 186 1289 50 0 3 0 54 285684 -1 -1 -1 -1 -1 -1)
#(0 186 958 51 0 3 0 55 293249 -1 -1 -1 -1 -1 -1)
#(0 186 578 72 0 3 0 56 299432 -1 -1 -1 -1 -1 -1)
#(0 186 1286 70 0 2 0 56 299013 -1 -1 -1 -1 -1 -1)
#(0 186 1284 69 0 1 0 65 346585 -1 -1 -1 -1 -1 -1)
#(0 186 1603 52 0 2 1 98 519153 -1 -1 -1 -1 -1 -1)
#(0 186 1285 59 0 2 1 98 520895 -1 -1 -1 -1 -1 -1)
#(0 186 193 58 0 1 1 97 513207 -1 -1 -1 -1 -1 -1)
#(0 186 1905 41 0 3 1 97 515287 -1 -1 -1 -1 -1 -1)
#(0 186 1899 36 0 2 1 94 499757 -1 -1 -1 -1 -1 -1)
#(0 186 199 63 0 1 1 94 500103 -1 -1 -1 -1 -1 -1)
#(0 186 2192 26 0 0 1 92 490608 -1 -1 -1 -1 -1 -1)
#(0 186 1901 37 0 2 1 92 489065 -1 -1 -1 -1 -1 -1)
#(0 186 1596 54 0 2 1 91 481780 -1 -1 -1 -1 -1 -1)
#(0 186 191 59 0 2 1 90 476115 -1 -1 -1 -1 -1 -1)
#(0 186 1907 28 0 2 1 89 473717 -1 -1 -1 -1 -1 -1)
#(0 186 1290 64 0 2 1 88 467185 -1 -1 -1 -1 -1 -1)
#(0 186 1287 58 0 1 1 87 462430 -1 -1 -1 -1 -1 -1)
#(0 186 195 58 0 4 1 86 454540 -1 -1 -1 -1 -1 -1)
#(0 186 952 54 0 2 1 86 455970 -1 -1 -1 -1 -1 -1)
#(0 186 2187 20 0 0 1 84 448476 -1 -1 -1 -1 -1 -1)
#(0 186 949 55 0 1 1 83 439995 -1 -1 -1 -1 -1 -1)
#(0 186 963 65 0 1 1 80 422923 -1 -1 -1 -1 -1 -1)
#(0 186 1900 41 0 3 1 78 414864 -1 -1 -1 -1 -1 -1)
#(0 186 190 61 0 2 1 76 406540 -1 -1 -1 -1 -1 -1)
#(0 186 2193 34 0 0 1 74 395438 -1 -1 -1 -1 -1 -1)
#(0 186 950 57 0 3 1 73 386048 -1 -1 -1 -1 -1 -1)
#(0 186 1280 57 0 2 1 70 373316 -1 -1 -1 -1 -1 -1)
#(0 186 2194 29 0 0 1 68 363851 -1 -1 -1 -1 -1 -1)
#(0 186 1898 33 0 2 1 67 357346 -1 -1 -1 -1 -1 -1)
#(0 186 196 60 0 2 1 66 348849 -1 -1 -1 -1 -1 -1)
#(0 186 1292 55 0 1 1 64 342170 -1 -1 -1 -1 -1 -1)
#(0 186 2191 28 0 0 1 63 337462 -1 -1 -1 -1 -1 -1)
#(0 186 960 55 0 3 1 63 334478 -1 -1 -1 -1 -1 -1)
#(0 186 1602 51 0 2 1 62 329080 -1 -1 -1 -1 -1 -1)
#(0 186 953 63 0 2 1 61 322902 -1 -1 -1 -1 -1 -1)
#(0 186 1595 54 0 3 1 60 318065 -1 -1 -1 -1 -1 -1)
#(0 186 1906 44 0 1 1 59 314519 -1 -1 -1 -1 -1 -1)
#(0 186 1281 55 0 2 1 56 299845 -1 -1 -1 -1 -1 -1)
#(0 186 2185 25 0 0 1 55 295266 -1 -1 -1 -1 -1 -1)
#(0 186 188 59 0 3 1 54 290042 -1 -1 -1 -1 -1 -1)
#(0 186 189 44 0 3 1 51 274305 -1 -1 -1 -1 -1 -1)
#(0 186 577 51 0 1 1 50 264288 -1 -1 -1 -1 -1 -1)
#(0 186 576 44 0 2 1 48 255266 -1 -1 -1 -1 -1 -1)
#(0 186 1897 21 0 3 1 47 252370 -1 -1 -1 -1 -1 -1)
#(0 186 959 50 0 2 1 46 244948 -1 -1 -1 -1 -1 -1)
#(0 186 574 55 0 3 1 41 218866 -1 -1 -1 -1 -1 -1)
#(0 186 198 44 0 1 1 35 189873 -1 -1 -1 -1 -1 -1)
#(0 186 1283 59 0 1 1 34 182999 -1 -1 -1 -1 -1 -1)
#(0 186 2189 25 0 0 1 29 157994 -1 -1 -1 -1 -1 -1)
#(0 186 1282 55 0 1 1 28 151973 -1 -1 -1 -1 -1 -1)
#(0 186 186 59 0 2 1 26 138189 -1 -1 -1 -1 -1 -1)
#(0 186 1600 44 0 1 1 15 81509 -1 -1 -1 -1 -1 -1)
#(0 187 1915 33 0 3 0 1 6963 -1 -1 -1 -1 -1 -1)
#(0 187 1611 44 0 3 0 2 13521 -1 -1 -1 -1 -1 -1)
#(0 187 968 62 0 2 0 4 25119 -1 -1 -1 -1 -1 -1)
#(0 187 1912 37 0 1 0 4 23024 -1 -1 -1 -1 -1 -1)
#(0 187 2200 27 0 0 0 5 26842 -1 -1 -1 -1 -1 -1)
#(0 187 205 52 0 1 0 5 31244 -1 -1 -1 -1 -1 -1)
#(0 187 964 61 0 2 0 5 31202 -1 -1 -1 -1 -1 -1)
#(0 187 580 50 0 2 0 6 32208 -1 -1 -1 -1 -1 -1)
#(0 187 1913 32 0 2 0 6 33355 -1 -1 -1 -1 -1 -1)
#(0 187 2201 30 0 0 0 8 42745 -1 -1 -1 -1 -1 -1)
#(0 187 1303 61 0 2 0 11 59876 -1 -1 -1 -1 -1 -1)
#(0 187 1299 54 0 2 0 12 64339 -1 -1 -1 -1 -1 -1)
#(0 187 585 66 0 2 0 12 67011 -1 -1 -1 -1 -1 -1)
#(0 187 206 61 0 2 0 13 70325 -1 -1 -1 -1 -1 -1)
#(0 187 200 44 0 2 0 14 74159 -1 -1 -1 -1 -1 -1)
#(0 187 2195 32 0 0 0 15 79752 -1 -1 -1 -1 -1 -1)
#(0 187 587 71 0 2 0 17 92518 -1 -1 -1 -1 -1 -1)
#(0 187 1918 34 0 1 0 17 91511 -1 -1 -1 -1 -1 -1)
#(0 187 213 54 0 2 0 19 105360 -1 -1 -1 -1 -1 -1)
#(0 187 1296 57 0 2 0 21 112237 -1 -1 -1 -1 -1 -1)
#(0 187 208 55 0 2 0 21 115496 -1 -1 -1 -1 -1 -1)
#(0 187 1612 52 0 1 0 25 135746 -1 -1 -1 -1 -1 -1)
#(0 187 202 54 0 2 0 25 134142 -1 -1 -1 -1 -1 -1)
#(0 187 1293 58 0 3 0 27 145353 -1 -1 -1 -1 -1 -1)
#(0 187 1306 67 0 1 0 29 155889 -1 -1 -1 -1 -1 -1)
#(0 187 218 55 0 2 0 32 171913 -1 -1 -1 -1 -1 -1)
#(0 187 591 57 0 3 0 36 191378 -1 -1 -1 -1 -1 -1)
#(0 187 569 55 0 2 0 38 201100 -1 -1 -1 -1 -1 -1)
#(0 187 1911 21 0 3 0 38 201702 -1 -1 -1 -1 -1 -1)
#(0 187 976 60 0 1 0 39 210445 -1 -1 -1 -1 -1 -1)
#(0 187 1613 51 0 1 0 40 214860 -1 -1 -1 -1 -1 -1)
#(0 187 979 51 0 1 0 43 229202 -1 -1 -1 -1 -1 -1)
#(0 187 2204 28 0 0 0 44 232773 -1 -1 -1 -1 -1 -1)
#(0 187 1297 50 0 3 0 46 244504 -1 -1 -1 -1 -1 -1)
#(0 187 978 75 0 3 0 48 255329 -1 -1 -1 -1 -1 -1)
#(0 187 582 53 0 1 0 55 291741 -1 -1 -1 -1 -1 -1)
#(0 187 214 55 0 3 0 57 305181 -1 -1 -1 -1 -1 -1)
#(0 187 2202 32 0 0 0 63 333162 -1 -1 -1 -1 -1 -1)
#(0 187 583 62 0 2 0 70 372046 -1 -1 -1 -1 -1 -1)
#(0 187 2199 30 0 0 0 72 380664 -1 -1 -1 -1 -1 -1)
#(0 187 980 60 0 2 0 72 380654 -1 -1 -1 -1 -1 -1)
#(0 187 1304 61 0 1 1 98 521074 -1 -1 -1 -1 -1 -1)
#(0 187 197 51 0 3 1 97 515445 -1 -1 -1 -1 -1 -1)
#(0 187 1288 62 0 2 1 96 511442 -1 -1 -1 -1 -1 -1)
#(0 187 1919 34 0 2 1 94 499855 -1 -1 -1 -1 -1 -1)
#(0 187 207 44 0 2 1 93 496151 -1 -1 -1 -1 -1 -1)
#(0 187 588 44 0 2 1 92 487475 -1 -1 -1 -1 -1 -1)
#(0 187 1608 43 0 2 1 92 488100 -1 -1 -1 -1 -1 -1)
#(0 187 1599 54 0 1 1 91 481791 -1 -1 -1 -1 -1 -1)
#(0 187 1298 51 0 1 1 87 464040 -1 -1 -1 -1 -1 -1)
#(0 187 2197 30 0 0 1 86 458849 -1 -1 -1 -1 -1 -1)
#(0 187 212 57 0 3 1 85 450456 -1 -1 -1 -1 -1 -1)
#(0 187 1914 31 0 1 1 81 431313 -1 -1 -1 -1 -1 -1)
#(0 187 177 54 0 1 1 80 425702 -1 -1 -1 -1 -1 -1)
#(0 187 1917 40 0 2 1 78 415012 -1 -1 -1 -1 -1 -1)
#(0 187 2196 32 0 0 1 77 411308 -1 -1 -1 -1 -1 -1)
#(0 187 1916 30 0 2 1 76 404970 -1 -1 -1 -1 -1 -1)
#(0 187 579 51 0 2 1 76 401872 -1 -1 -1 -1 -1 -1)
#(0 187 1301 53 0 2 1 75 400422 -1 -1 -1 -1 -1 -1)
#(0 187 584 44 0 1 1 73 387172 -1 -1 -1 -1 -1 -1)
#(0 187 974 51 0 1 1 73 387829 -1 -1 -1 -1 -1 -1)
#(0 187 590 56 0 2 1 73 389621 -1 -1 -1 -1 -1 -1)
#(0 187 203 62 0 3 1 70 369821 -1 -1 -1 -1 -1 -1)
#(0 187 966 55 0 1 1 69 366018 -1 -1 -1 -1 -1 -1)
#(0 187 973 56 0 3 1 68 359726 -1 -1 -1 -1 -1 -1)
#(0 187 586 38 0 4 1 67 354042 -1 -1 -1 -1 -1 -1)
#(0 187 592 44 0 2 1 66 350284 -1 -1 -1 -1 -1 -1)
#(0 187 581 68 0 2 1 65 345469 -1 -1 -1 -1 -1 -1)
#(0 187 1295 69 0 2 1 65 346538 -1 -1 -1 -1 -1 -1)
#(0 187 2203 28 0 0 1 62 332182 -1 -1 -1 -1 -1 -1)
#(0 187 970 50 0 2 1 62 329753 -1 -1 -1 -1 -1 -1)
#(0 187 1605 62 0 3 1 60 317905 -1 -1 -1 -1 -1 -1)
#(0 187 1920 36 0 3 1 60 320219 -1 -1 -1 -1 -1 -1)
#(0 187 211 44 0 2 1 59 316579 -1 -1 -1 -1 -1 -1)
#(0 187 1294 64 0 2 1 57 303590 -1 -1 -1 -1 -1 -1)
#(0 187 965 75 0 2 1 53 284136 -1 -1 -1 -1 -1 -1)
#(0 187 1609 55 0 2 1 51 270499 -1 -1 -1 -1 -1 -1)
#(0 187 209 44 0 3 1 50 269101 -1 -1 -1 -1 -1 -1)
#(0 187 1302 57 0 2 1 48 256843 -1 -1 -1 -1 -1 -1)
#(0 187 971 63 0 1 1 48 253828 -1 -1 -1 -1 -1 -1)
#(0 187 2198 28 0 0 1 42 226569 -1 -1 -1 -1 -1 -1)
#(0 187 1610 55 0 2 1 41 217759 -1 -1 -1 -1 -1 -1)
#(4 187 1610 -1 0 -1 -1 -1 -1 79 0 0 0 0 -1)
#(0 187 1607 75 0 2 1 30 162903 -1 -1 -1 -1 -1 -1)
#(0 187 1606 50 0 2 1 29 154454 -1 -1 -1 -1 -1 -1)
#(0 187 972 57 0 2 1 22 117375 -1 -1 -1 -1 -1 -1)
#(0 187 967 59 0 1 1 16 85479 -1 -1 -1 -1 -1 -1)
#(0 187 589 55 0 2 1 12 68050 -1 -1 -1 -1 -1 -1)
#(0 187 969 62 0 1 1 10 53073 -1 -1 -1 -1 -1 -1)
#(0 188 1926 20 0 2 0 0 1037 -1 -1 -1 -1 -1 -1)
#(0 188 210 54 0 1 0 5 28837 -1 -1 -1 -1 -1 -1)
#(0 188 1621 54 0 3 0 6 35597 -1 -1 -1 -1 -1 -1)
#(0 188 601 56 0 2 0 7 38591 -1 -1 -1 -1 -1 -1)
#(0 188 1623 51 0 2 0 9 51167 -1 -1 -1 -1 -1 -1)
#(0 188 2205 34 0 0 0 10 53385 -1 -1 -1 -1 -1 -1)
#(0 188 220 70 0 3 0 10 53430 -1 -1 -1 -1 -1 -1)
#(0 188 985 61 0 2 0 10 57630 -1 -1 -1 -1 -1 -1)
#(0 188 219 61 0 3 0 11 58400 -1 -1 -1 -1 -1 -1)
#(0 188 1624 55 0 2 0 13 72587 -1 -1 -1 -1 -1 -1)
#(0 188 201 66 0 2 0 15 79374 -1 -1 -1 -1 -1 -1)
#(0 188 599 60 0 1 0 15 80490 -1 -1 -1 -1 -1 -1)
#(0 188 2207 30 0 0 0 16 84999 -1 -1 -1 -1 -1 -1)
#(0 188 1930 41 0 3 0 16 86668 -1 -1 -1 -1 -1 -1)
#(0 188 1622 57 0 2 0 18 99280 -1 -1 -1 -1 -1 -1)
#(0 188 1928 39 0 3 0 19 102335 -1 -1 -1 -1 -1 -1)
#(0 188 230 67 0 2 0 21 111180 -1 -1 -1 -1 -1 -1)
#(0 188 1307 59 0 2 0 21 112427 -1 -1 -1 -1 -1 -1)
#(0 188 227 57 0 1 0 21 115854 -1 -1 -1 -1 -1 -1)
#(0 188 1923 36 0 1 0 23 123344 -1 -1 -1 -1 -1 -1)
#(0 188 597 51 0 2 0 23 126586 -1 -1 -1 -1 -1 -1)
#(0 188 1909 29 0 2 0 25 133564 -1 -1 -1 -1 -1 -1)
#(0 188 2209 22 0 0 0 30 158767 -1 -1 -1 -1 -1 -1)
#(0 188 224 57 0 2 0 33 177976 -1 -1 -1 -1 -1 -1)
#(0 188 1614 59 0 2 0 34 184006 -1 -1 -1 -1 -1 -1)
#(0 188 1313 67 0 1 0 37 198265 -1 -1 -1 -1 -1 -1)
#(0 188 1625 52 0 1 0 38 204587 -1 -1 -1 -1 -1 -1)
#(0 188 1312 61 0 1 0 38 202850 -1 -1 -1 -1 -1 -1)
#(0 188 1316 55 0 2 0 39 207525 -1 -1 -1 -1 -1 -1)
#(0 188 222 59 0 2 0 39 211116 -1 -1 -1 -1 -1 -1)
#(0 188 1308 64 0 2 0 41 219207 -1 -1 -1 -1 -1 -1)
#(0 188 225 65 0 2 0 46 243747 -1 -1 -1 -1 -1 -1)
#(0 188 1617 74 0 1 0 53 280710 -1 -1 -1 -1 -1 -1)
#(0 188 604 59 0 2 0 56 297322 -1 -1 -1 -1 -1 -1)
#(0 188 1628 57 0 2 0 57 305190 -1 -1 -1 -1 -1 -1)
#(0 188 605 59 0 2 0 62 328765 -1 -1 -1 -1 -1 -1)
#(0 188 596 51 0 1 0 70 374675 -1 -1 -1 -1 -1 -1)
#(0 188 602 67 0 2 0 81 431100 -1 -1 -1 -1 -1 -1)
#(0 188 1925 26 0 2 1 99 526647 -1 -1 -1 -1 -1 -1)
#(0 188 983 58 0 2 1 95 502479 -1 -1 -1 -1 -1 -1)
#(0 188 981 59 0 2 1 93 492261 -1 -1 -1 -1 -1 -1)
#(0 188 2208 22 0 0 1 92 490669 -1 -1 -1 -1 -1 -1)
#(0 188 594 54 0 2 1 92 488560 -1 -1 -1 -1 -1 -1)
#(0 188 1927 38 0 2 1 92 489071 -1 -1 -1 -1 -1 -1)
#(0 188 1311 58 0 2 1 92 489410 -1 -1 -1 -1 -1 -1)
#(0 188 1604 54 0 1 1 91 481885 -1 -1 -1 -1 -1 -1)
#(0 188 989 44 0 1 1 91 484199 -1 -1 -1 -1 -1 -1)
#(0 188 1310 69 0 3 1 90 477099 -1 -1 -1 -1 -1 -1)
#(0 188 226 58 0 1 1 90 475464 -1 -1 -1 -1 -1 -1)
#(0 188 229 58 0 3 1 88 465820 -1 -1 -1 -1 -1 -1)
#(0 188 606 57 0 2 1 88 468205 -1 -1 -1 -1 -1 -1)
#(0 188 1924 31 0 2 1 88 468290 -1 -1 -1 -1 -1 -1)
#(0 188 1618 60 0 2 1 88 465273 -1 -1 -1 -1 -1 -1)
#(0 188 2211 30 0 0 1 86 458867 -1 -1 -1 -1 -1 -1)
#(0 188 990 64 0 2 1 84 448070 -1 -1 -1 -1 -1 -1)
#(0 188 221 64 0 2 1 81 432814 -1 -1 -1 -1 -1 -1)
#(0 188 1317 57 0 2 1 81 431619 -1 -1 -1 -1 -1 -1)
#(0 188 231 67 0 1 1 80 423048 -1 -1 -1 -1 -1 -1)
#(0 188 993 61 0 2 1 80 423269 -1 -1 -1 -1 -1 -1)
#(0 188 1309 63 0 3 1 74 393792 -1 -1 -1 -1 -1 -1)
#(0 188 1929 35 0 2 1 73 388914 -1 -1 -1 -1 -1 -1)
#(4 188 1929 -1 0 -1 -1 -1 -1 80 0 0 0 0 -1)
#(0 188 1615 70 0 3 1 70 374601 -1 -1 -1 -1 -1 -1)
#(0 188 1620 66 0 3 1 64 342890 -1 -1 -1 -1 -1 -1)
#(0 188 1619 59 0 2 1 64 338702 -1 -1 -1 -1 -1 -1)
#(0 188 977 66 0 2 1 63 333832 -1 -1 -1 -1 -1 -1)
#(0 188 975 56 0 3 1 62 329008 -1 -1 -1 -1 -1 -1)
#(0 188 991 55 0 1 1 61 323732 -1 -1 -1 -1 -1 -1)
#(0 188 1921 34 0 2 1 61 325574 -1 -1 -1 -1 -1 -1)
#(0 188 1616 60 0 1 1 61 322121 -1 -1 -1 -1 -1 -1)
#(0 188 607 64 0 2 1 60 319477 -1 -1 -1 -1 -1 -1)
#(0 188 2206 26 0 0 1 59 316366 -1 -1 -1 -1 -1 -1)
#(0 188 1627 43 0 3 1 58 308647 -1 -1 -1 -1 -1 -1)
#(0 188 1300 66 0 2 1 56 298976 -1 -1 -1 -1 -1 -1)
#(0 188 2212 27 0 0 1 54 289961 -1 -1 -1 -1 -1 -1)
#(0 188 1922 41 0 2 1 52 277732 -1 -1 -1 -1 -1 -1)
#(0 188 984 57 0 1 1 49 259950 -1 -1 -1 -1 -1 -1)
#(0 188 2213 26 0 0 1 46 247738 -1 -1 -1 -1 -1 -1)
#(0 188 961 67 0 1 1 46 243039 -1 -1 -1 -1 -1 -1)
#(0 188 987 53 0 2 1 41 218378 -1 -1 -1 -1 -1 -1)
#(0 188 982 75 0 2 1 41 219902 -1 -1 -1 -1 -1 -1)
#(0 188 2215 27 0 0 1 40 216048 -1 -1 -1 -1 -1 -1)
#(0 188 593 67 0 2 1 38 202398 -1 -1 -1 -1 -1 -1)
#(0 188 1626 59 0 3 1 36 190886 -1 -1 -1 -1 -1 -1)
#(0 188 2214 32 0 0 1 33 178997 -1 -1 -1 -1 -1 -1)
#(0 188 598 62 0 2 1 29 156166 -1 -1 -1 -1 -1 -1)
#(0 188 1314 55 0 2 1 28 152166 -1 -1 -1 -1 -1 -1)
#(0 188 603 44 0 1 1 21 112592 -1 -1 -1 -1 -1 -1)
#(0 189 1318 51 0 3 0 2 11106 -1 -1 -1 -1 -1 -1)
#(0 189 234 49 0 2 0 2 12682 -1 -1 -1 -1 -1 -1)
#(0 189 1932 36 0 2 0 2 12436 -1 -1 -1 -1 -1 -1)
#(0 189 1631 52 0 3 0 3 19392 -1 -1 -1 -1 -1 -1)
#(0 189 1003 54 0 3 0 5 29036 -1 -1 -1 -1 -1 -1)
#(0 189 613 51 0 1 0 5 31473 -1 -1 -1 -1 -1 -1)
#(0 189 243 56 0 2 0 9 51638 -1 -1 -1 -1 -1 -1)
#(0 189 992 56 0 2 0 10 56711 -1 -1 -1 -1 -1 -1)
#(0 189 1633 44 0 2 0 11 61021 -1 -1 -1 -1 -1 -1)
#(0 189 204 44 0 2 0 14 74111 -1 -1 -1 -1 -1 -1)
#(0 189 614 44 0 1 0 15 82713 -1 -1 -1 -1 -1 -1)
#(0 189 1935 38 0 2 0 18 97048 -1 -1 -1 -1 -1 -1)
#(0 189 1635 61 0 3 0 20 110252 -1 -1 -1 -1 -1 -1)
#(0 189 1000 60 0 1 0 25 132030 -1 -1 -1 -1 -1 -1)
#(0 189 1936 20 0 3 0 25 133029 -1 -1 -1 -1 -1 -1)
#(0 189 622 64 0 2 0 28 149461 -1 -1 -1 -1 -1 -1)
#(0 189 235 62 0 2 0 28 152874 -1 -1 -1 -1 -1 -1)
#(0 189 612 63 0 3 0 29 156039 -1 -1 -1 -1 -1 -1)
#(0 189 1319 54 0 2 0 30 159353 -1 -1 -1 -1 -1 -1)
#(0 189 1934 28 0 2 0 30 159836 -1 -1 -1 -1 -1 -1)
#(0 189 619 59 0 2 0 31 165294 -1 -1 -1 -1 -1 -1)
#(0 189 1632 60 0 3 0 32 173267 -1 -1 -1 -1 -1 -1)
#(0 189 2217 32 0 0 0 33 174772 -1 -1 -1 -1 -1 -1)
#(0 189 1931 28 0 2 0 33 175725 -1 -1 -1 -1 -1 -1)
#(0 189 1629 70 0 3 0 34 179717 -1 -1 -1 -1 -1 -1)
#(0 189 241 60 0 2 0 34 184408 -1 -1 -1 -1 -1 -1)
#(0 189 616 44 0 2 0 35 188194 -1 -1 -1 -1 -1 -1)
#(0 189 2216 29 0 0 0 36 190575 -1 -1 -1 -1 -1 -1)
#(0 189 1315 51 0 1 0 37 195890 -1 -1 -1 -1 -1 -1)
#(0 189 620 60 0 2 0 41 218792 -1 -1 -1 -1 -1 -1)
#(0 189 999 44 0 3 0 41 217989 -1 -1 -1 -1 -1 -1)
#(0 189 996 58 0 1 0 42 225985 -1 -1 -1 -1 -1 -1)
#(0 189 2210 24 0 0 0 44 232723 -1 -1 -1 -1 -1 -1)
#(0 189 238 69 0 2 0 46 243599 -1 -1 -1 -1 -1 -1)
#(0 189 1634 49 0 2 0 47 251775 -1 -1 -1 -1 -1 -1)
#(0 189 1002 55 0 3 0 48 256779 -1 -1 -1 -1 -1 -1)
#(0 189 1933 40 0 3 0 50 266071 -1 -1 -1 -1 -1 -1)
#(0 189 237 62 0 3 0 50 268990 -1 -1 -1 -1 -1 -1)
#(0 189 217 73 0 1 0 58 307302 -1 -1 -1 -1 -1 -1)
#(0 189 232 57 0 2 0 67 357459 -1 -1 -1 -1 -1 -1)
#(0 189 1320 67 0 1 0 69 367077 -1 -1 -1 -1 -1 -1)
#(0 189 609 54 0 3 0 72 380794 -1 -1 -1 -1 -1 -1)
#(0 189 621 62 0 1 0 74 393067 -1 -1 -1 -1 -1 -1)
#(0 189 2220 25 0 0 1 99 527599 -1 -1 -1 -1 -1 -1)
#(0 189 1001 52 0 3 1 98 519418 -1 -1 -1 -1 -1 -1)
#(0 189 986 52 0 3 1 95 503584 -1 -1 -1 -1 -1 -1)
#(0 189 244 51 0 1 1 92 488982 -1 -1 -1 -1 -1 -1)
#(0 189 242 56 0 2 1 89 471802 -1 -1 -1 -1 -1 -1)
#(0 189 1004 58 0 1 1 89 470681 -1 -1 -1 -1 -1 -1)
#(0 189 1630 51 0 3 1 88 466343 -1 -1 -1 -1 -1 -1)
#(0 189 1305 57 0 3 1 87 463674 -1 -1 -1 -1 -1 -1)
#(0 189 223 63 0 2 1 84 447799 -1 -1 -1 -1 -1 -1)
#(0 189 233 60 0 2 1 84 443693 -1 -1 -1 -1 -1 -1)
#(0 189 610 57 0 2 1 82 437434 -1 -1 -1 -1 -1 -1)
#(0 189 611 44 0 3 1 80 424086 -1 -1 -1 -1 -1 -1)
#(0 189 998 44 0 2 1 75 399799 -1 -1 -1 -1 -1 -1)
#(0 189 1637 68 0 2 1 71 374979 -1 -1 -1 -1 -1 -1)
#(0 189 600 62 0 1 1 65 347480 -1 -1 -1 -1 -1 -1)
#(0 189 1321 51 0 2 1 65 347882 -1 -1 -1 -1 -1 -1)
#(0 189 994 44 0 3 1 59 315182 -1 -1 -1 -1 -1 -1)
#(0 189 1636 62 0 3 1 56 296063 -1 -1 -1 -1 -1 -1)
#(0 189 236 67 0 1 1 55 294424 -1 -1 -1 -1 -1 -1)
#(0 189 617 55 0 2 1 50 268622 -1 -1 -1 -1 -1 -1)
#(0 189 608 59 0 1 1 41 220047 -1 -1 -1 -1 -1 -1)
#(0 189 2221 28 0 0 1 36 194908 -1 -1 -1 -1 -1 -1)
#(0 189 997 64 0 2 1 27 147675 -1 -1 -1 -1 -1 -1)
#(0 189 2218 20 0 0 1 24 131675 -1 -1 -1 -1 -1 -1)
#(0 189 995 67 0 3 1 16 89069 -1 -1 -1 -1 -1 -1)
#(0 190 1943 28 0 2 0 1 6682 -1 -1 -1 -1 -1 -1)
#(0 190 1014 45 0 3 0 2 13583 -1 -1 -1 -1 -1 -1)
#(0 190 628 63 0 2 0 4 24418 -1 -1 -1 -1 -1 -1)
#(0 190 215 44 0 1 0 5 26596 -1 -1 -1 -1 -1 -1)
#(0 190 1642 51 0 1 0 6 35304 -1 -1 -1 -1 -1 -1)
#(0 190 625 51 0 3 0 6 36750 -1 -1 -1 -1 -1 -1)
#(0 190 250 56 0 2 0 11 61888 -1 -1 -1 -1 -1 -1)
#(0 190 631 55 0 2 0 12 64535 -1 -1 -1 -1 -1 -1)
#(0 190 1007 70 0 1 0 13 69491 -1 -1 -1 -1 -1 -1)
#(0 190 1015 59 0 2 0 14 73981 -1 -1 -1 -1 -1 -1)
#(0 190 1329 75 0 1 0 15 83080 -1 -1 -1 -1 -1 -1)
#(0 190 1648 47 0 3 0 16 88020 -1 -1 -1 -1 -1 -1)
#(0 190 1945 36 0 3 0 16 86379 -1 -1 -1 -1 -1 -1)
#(0 190 254 62 0 1 0 22 120058 -1 -1 -1 -1 -1 -1)
#(0 190 635 63 0 1 0 22 117163 -1 -1 -1 -1 -1 -1)
#(0 190 248 49 0 1 0 23 123324 -1 -1 -1 -1 -1 -1)
#(0 190 2225 30 0 0 0 26 137784 -1 -1 -1 -1 -1 -1)
#(0 190 1644 53 0 2 0 27 146494 -1 -1 -1 -1 -1 -1)
#(0 190 1937 41 0 1 0 27 144724 -1 -1 -1 -1 -1 -1)
#(0 190 1940 27 0 3 0 39 207309 -1 -1 -1 -1 -1 -1)
#(0 190 228 75 0 2 0 40 213884 -1 -1 -1 -1 -1 -1)
#(0 190 1006 64 0 3 0 41 216494 -1 -1 -1 -1 -1 -1)
#(0 190 246 59 0 2 0 45 241797 -1 -1 -1 -1 -1 -1)
#(0 190 1939 45 0 3 0 45 239936 -1 -1 -1 -1 -1 -1)
#(0 190 1016 57 0 2 0 46 246213 -1 -1 -1 -1 -1 -1)
#(0 190 251 55 0 2 0 48 257065 -1 -1 -1 -1 -1 -1)
#(0 190 2228 25 0 0 0 56 296075 -1 -1 -1 -1 -1 -1)
#(0 190 245 57 0 2 0 58 310121 -1 -1 -1 -1 -1 -1)
#(0 190 1942 40 0 2 0 59 313607 -1 -1 -1 -1 -1 -1)
#(0 190 1326 53 0 2 0 59 312581 -1 -1 -1 -1 -1 -1)
#(0 190 1641 44 0 2 0 60 319787 -1 -1 -1 -1 -1 -1)
#(0 190 1638 70 0 2 0 67 354088 -1 -1 -1 -1 -1 -1)
#(0 190 1008 70 0 2 0 74 391939 -1 -1 -1 -1 -1 -1)
#(0 190 1324 67 0 2 1 97 514576 -1 -1 -1 -1 -1 -1)
#(0 190 1005 58 0 2 1 92 486982 -1 -1 -1 -1 -1 -1)
#(0 190 1009 51 0 2 1 91 483599 -1 -1 -1 -1 -1 -1)
#(0 190 633 54 0 2 1 90 479959 -1 -1 -1 -1 -1 -1)
#(0 190 1946 20 0 3 1 90 479455 -1 -1 -1 -1 -1 -1)
#(0 190 627 57 0 2 1 89 474004 -1 -1 -1 -1 -1 -1)
#(0 190 1012 58 0 2 1 88 465850 -1 -1 -1 -1 -1 -1)
#(0 190 632 51 0 1 1 88 464794 -1 -1 -1 -1 -1 -1)
#(0 190 2219 28 0 0 1 86 458879 -1 -1 -1 -1 -1 -1)
#(0 190 1646 57 0 3 1 86 455233 -1 -1 -1 -1 -1 -1)
#(0 190 2222 20 0 0 1 85 453750 -1 -1 -1 -1 -1 -1)
#(0 190 1327 55 0 1 1 77 410581 -1 -1 -1 -1 -1 -1)
#(0 190 634 59 0 2 1 76 405265 -1 -1 -1 -1 -1 -1)
#(0 190 1938 31 0 3 1 75 399683 -1 -1 -1 -1 -1 -1)
#(0 190 252 59 0 2 1 73 386572 -1 -1 -1 -1 -1 -1)
#(0 190 2227 32 0 0 1 71 379637 -1 -1 -1 -1 -1 -1)
#(0 190 1640 59 0 1 1 68 359701 -1 -1 -1 -1 -1 -1)
#(0 190 1647 66 0 3 1 64 343154 -1 -1 -1 -1 -1 -1)
#(0 190 255 65 0 2 1 64 342095 -1 -1 -1 -1 -1 -1)
#(0 190 1645 66 0 2 1 62 328349 -1 -1 -1 -1 -1 -1)
#(0 190 1011 67 0 2 1 60 322027 -1 -1 -1 -1 -1 -1)
#(0 190 1948 35 0 3 1 60 320256 -1 -1 -1 -1 -1 -1)
#(0 190 1949 39 0 3 1 59 314756 -1 -1 -1 -1 -1 -1)
#(0 190 626 55 0 1 1 59 315699 -1 -1 -1 -1 -1 -1)
#(0 190 253 56 0 3 1 58 307455 -1 -1 -1 -1 -1 -1)
#(0 190 1328 62 0 2 1 57 304000 -1 -1 -1 -1 -1 -1)
#(0 190 1947 40 0 3 1 57 304199 -1 -1 -1 -1 -1 -1)
#(0 190 1322 55 0 3 1 54 289340 -1 -1 -1 -1 -1 -1)
#(0 190 1639 60 0 2 1 52 275205 -1 -1 -1 -1 -1 -1)
#(0 190 624 62 0 1 1 49 262421 -1 -1 -1 -1 -1 -1)
#(0 190 988 70 0 1 1 48 257981 -1 -1 -1 -1 -1 -1)
#(0 190 1330 60 0 2 1 48 256710 -1 -1 -1 -1 -1 -1)
#(0 190 2224 25 0 0 1 47 253033 -1 -1 -1 -1 -1 -1)
#(0 190 2226 25 0 0 1 44 237197 -1 -1 -1 -1 -1 -1)
#(0 190 2223 28 0 0 1 41 221295 -1 -1 -1 -1 -1 -1)
#(0 190 630 55 0 2 1 38 205296 -1 -1 -1 -1 -1 -1)
#(0 190 1643 55 0 2 1 19 101584 -1 -1 -1 -1 -1 -1)
#(0 191 1021 65 0 1 0 1 10083 -1 -1 -1 -1 -1 -1)
#(0 191 263 49 0 2 0 2 13059 -1 -1 -1 -1 -1 -1)
#(0 191 1020 62 0 1 0 2 15066 -1 -1 -1 -1 -1 -1)
#(0 191 2236 20 0 0 0 3 16168 -1 -1 -1 -1 -1 -1)
#(0 191 1013 72 0 3 0 5 30673 -1 -1 -1 -1 -1 -1)
#(0 191 1338 61 0 2 0 7 39367 -1 -1 -1 -1 -1 -1)
#(0 191 644 55 0 3 0 9 48066 -1 -1 -1 -1 -1 -1)
#(0 191 1650 54 0 2 0 13 72576 -1 -1 -1 -1 -1 -1)
#(0 191 1026 56 0 2 0 15 82033 -1 -1 -1 -1 -1 -1)
#(0 191 1657 65 0 2 0 15 84473 -1 -1 -1 -1 -1 -1)
#(0 191 623 61 0 2 0 16 85421 -1 -1 -1 -1 -1 -1)
#(0 191 1336 51 0 3 0 16 85019 -1 -1 -1 -1 -1 -1)
#(0 191 640 51 0 2 0 16 89416 -1 -1 -1 -1 -1 -1)
#(0 191 1024 44 0 1 0 18 96568 -1 -1 -1 -1 -1 -1)
#(0 191 1952 20 0 2 0 18 96081 -1 -1 -1 -1 -1 -1)
#(0 191 2235 32 0 0 0 20 106132 -1 -1 -1 -1 -1 -1)
#(0 191 265 57 0 3 0 21 115120 -1 -1 -1 -1 -1 -1)
#(0 191 643 59 0 2 0 21 112476 -1 -1 -1 -1 -1 -1)
#(0 191 1954 27 0 2 0 21 112243 -1 -1 -1 -1 -1 -1)
#(0 191 1656 63 0 1 0 23 126513 -1 -1 -1 -1 -1 -1)
#(0 191 1334 44 0 2 0 24 131602 -1 -1 -1 -1 -1 -1)
#(0 191 262 53 0 3 0 25 134145 -1 -1 -1 -1 -1 -1)
#(0 191 1944 33 0 2 0 27 144266 -1 -1 -1 -1 -1 -1)
#(0 191 2238 26 0 0 0 28 148256 -1 -1 -1 -1 -1 -1)
#(0 191 1659 57 0 2 0 28 152148 -1 -1 -1 -1 -1 -1)
#(0 191 1323 47 0 2 0 30 159042 -1 -1 -1 -1 -1 -1)
#(0 191 1027 70 0 1 0 30 159912 -1 -1 -1 -1 -1 -1)
#(0 191 270 60 0 2 0 31 168465 -1 -1 -1 -1 -1 -1)
#(0 191 1649 71 0 2 0 34 179671 -1 -1 -1 -1 -1 -1)
#(0 191 1658 60 0 2 0 35 189317 -1 -1 -1 -1 -1 -1)
#(0 191 2230 34 0 0 0 40 211786 -1 -1 -1 -1 -1 -1)
#(0 191 239 67 0 2 0 40 212181 -1 -1 -1 -1 -1 -1)
#(0 191 1017 51 0 1 0 42 224569 -1 -1 -1 -1 -1 -1)
#(0 191 1953 42 0 3 0 44 234488 -1 -1 -1 -1 -1 -1)
#(0 191 1025 55 0 1 0 45 241063 -1 -1 -1 -1 -1 -1)
#(0 191 2229 30 0 0 0 46 243405 -1 -1 -1 -1 -1 -1)
#(0 191 2234 30 0 0 0 50 264510 -1 -1 -1 -1 -1 -1)
#(0 191 646 59 0 2 0 50 265349 -1 -1 -1 -1 -1 -1)
#(0 191 1341 51 0 2 0 51 269860 -1 -1 -1 -1 -1 -1)
#(0 191 1332 53 0 1 0 54 285756 -1 -1 -1 -1 -1 -1)
#(0 191 1018 51 0 3 0 54 288043 -1 -1 -1 -1 -1 -1)
#(0 191 1651 57 0 3 0 55 294597 -1 -1 -1 -1 -1 -1)
#(0 191 249 59 0 3 0 58 310478 -1 -1 -1 -1 -1 -1)
#(0 191 1019 61 0 1 0 59 316771 -1 -1 -1 -1 -1 -1)
#(0 191 1652 57 0 3 0 62 331612 -1 -1 -1 -1 -1 -1)
#(0 191 1331 75 0 1 0 69 367576 -1 -1 -1 -1 -1 -1)
#(0 191 629 59 0 2 0 74 392310 -1 -1 -1 -1 -1 -1)
#(0 191 1335 64 0 2 0 83 440682 -1 -1 -1 -1 -1 -1)
#(0 191 1956 38 0 1 1 96 510180 -1 -1 -1 -1 -1 -1)
#(0 191 2233 30 0 0 1 95 506367 -1 -1 -1 -1 -1 -1)
#(0 191 1010 59 0 3 1 95 502442 -1 -1 -1 -1 -1 -1)
#(0 191 259 55 0 2 1 94 498473 -1 -1 -1 -1 -1 -1)
#(0 191 1340 59 0 1 1 94 499887 -1 -1 -1 -1 -1 -1)
#(0 191 636 59 0 3 1 93 496132 -1 -1 -1 -1 -1 -1)
#(0 191 258 65 0 2 1 93 492226 -1 -1 -1 -1 -1 -1)
#(0 191 1342 65 0 2 1 86 456706 -1 -1 -1 -1 -1 -1)
#(0 191 641 57 0 3 1 84 447564 -1 -1 -1 -1 -1 -1)
#(0 191 2237 28 0 0 1 81 432502 -1 -1 -1 -1 -1 -1)
#(0 191 267 51 0 2 1 80 426830 -1 -1 -1 -1 -1 -1)
#(0 191 1022 58 0 1 1 80 427495 -1 -1 -1 -1 -1 -1)
#(0 191 1654 59 0 1 1 80 423151 -1 -1 -1 -1 -1 -1)
#(0 191 615 62 0 1 1 79 421333 -1 -1 -1 -1 -1 -1)
#(0 191 1333 64 0 1 1 78 414659 -1 -1 -1 -1 -1 -1)
#(0 191 1941 26 0 2 1 75 399970 -1 -1 -1 -1 -1 -1)
#(0 191 1337 44 0 2 1 73 390245 -1 -1 -1 -1 -1 -1)
#(0 191 642 56 0 1 1 72 385051 -1 -1 -1 -1 -1 -1)
#(0 191 1339 61 0 2 1 72 383243 -1 -1 -1 -1 -1 -1)
#(0 191 261 63 0 2 1 71 379418 -1 -1 -1 -1 -1 -1)
#(0 191 1955 30 0 2 1 71 378594 -1 -1 -1 -1 -1 -1)
#(0 191 2231 20 0 0 1 70 374553 -1 -1 -1 -1 -1 -1)
#(0 191 638 51 0 2 1 69 364424 -1 -1 -1 -1 -1 -1)
#(0 191 1325 54 0 3 1 65 347631 -1 -1 -1 -1 -1 -1)
#(0 191 269 64 0 2 1 63 337536 -1 -1 -1 -1 -1 -1)
#(0 191 639 59 0 2 1 58 309359 -1 -1 -1 -1 -1 -1)
#(0 191 645 62 0 1 1 53 282621 -1 -1 -1 -1 -1 -1)
#(0 191 2232 34 0 0 1 52 279262 -1 -1 -1 -1 -1 -1)
#(0 191 637 62 0 1 1 50 267696 -1 -1 -1 -1 -1 -1)
#(0 191 1655 67 0 2 1 43 232283 -1 -1 -1 -1 -1 -1)
#(0 191 1951 48 0 1 1 40 213914 -1 -1 -1 -1 -1 -1)
#(0 191 257 67 0 1 1 38 204899 -1 -1 -1 -1 -1 -1)
#(0 191 1028 64 0 1 1 37 195378 -1 -1 -1 -1 -1 -1)
#(0 191 1023 64 0 2 1 32 174100 -1 -1 -1 -1 -1 -1)
#(0 191 268 63 0 2 1 32 173002 -1 -1 -1 -1 -1 -1)
#(0 191 260 59 0 2 1 16 85335 -1 -1 -1 -1 -1 -1)
#(0 191 1950 40 0 1 1 4 24302 -1 -1 -1 -1 -1 -1)
#(0 192 282 55 0 3 0 4 25690 -1 -1 -1 -1 -1 -1)
#(0 192 247 72 0 2 0 5 30811 -1 -1 -1 -1 -1 -1)
#(0 192 651 51 0 3 0 6 36669 -1 -1 -1 -1 -1 -1)
#(0 192 1029 57 0 1 0 6 36420 -1 -1 -1 -1 -1 -1)
#(0 192 1352 58 0 3 0 8 44226 -1 -1 -1 -1 -1 -1)
#(0 192 1653 54 0 2 0 13 72437 -1 -1 -1 -1 -1 -1)
#(0 192 272 59 0 3 0 22 121180 -1 -1 -1 -1 -1 -1)
#(0 192 1667 49 0 3 0 25 135891 -1 -1 -1 -1 -1 -1)
#(0 192 286 57 0 2 0 25 133325 -1 -1 -1 -1 -1 -1)
#(0 192 1662 57 0 2 0 27 146786 -1 -1 -1 -1 -1 -1)
#(0 192 650 57 0 2 0 27 143884 -1 -1 -1 -1 -1 -1)
#(0 192 2240 25 0 0 0 30 158812 -1 -1 -1 -1 -1 -1)
#(0 192 1663 70 0 2 0 32 173723 -1 -1 -1 -1 -1 -1)
#(0 192 274 68 0 2 0 33 175634 -1 -1 -1 -1 -1 -1)
#(0 192 2246 30 0 0 0 34 180018 -1 -1 -1 -1 -1 -1)
#(0 192 1349 59 0 1 0 38 201956 -1 -1 -1 -1 -1 -1)
#(2 192 1349 -1 -1 -1 -1 -1 -1 81 -1 -1 -1 -1 -1)
#(0 192 287 64 0 3 0 38 205597 -1 -1 -1 -1 -1 -1)
#(0 192 653 62 0 2 0 39 208142 -1 -1 -1 -1 -1 -1)
#(0 192 1351 51 0 1 0 40 211748 -1 -1 -1 -1 -1 -1)
#(0 192 1350 44 0 2 0 42 226589 -1 -1 -1 -1 -1 -1)
#(0 192 2239 27 0 0 0 43 227498 -1 -1 -1 -1 -1 -1)
#(0 192 1345 54 0 3 0 49 259840 -1 -1 -1 -1 -1 -1)
#(0 192 2243 20 0 0 0 50 264327 -1 -1 -1 -1 -1 -1)
#(0 192 1957 45 0 3 0 52 277015 -1 -1 -1 -1 -1 -1)
#(0 192 658 59 0 1 0 53 281639 -1 -1 -1 -1 -1 -1)
#(0 192 657 59 0 2 0 54 286717 -1 -1 -1 -1 -1 -1)
#(0 192 2241 29 0 0 0 55 290889 -1 -1 -1 -1 -1 -1)
#(0 192 655 57 0 3 0 58 307175 -1 -1 -1 -1 -1 -1)
#(0 192 273 51 0 3 0 59 313660 -1 -1 -1 -1 -1 -1)
#(4 192 273 -1 0 -1 -1 -1 -1 82 0 0 0 0 -1)
#(0 192 1965 46 0 1 0 60 319195 -1 -1 -1 -1 -1 -1)
#(0 192 1347 62 0 2 0 60 318919 -1 -1 -1 -1 -1 -1)
#(0 192 649 55 0 1 0 65 343907 -1 -1 -1 -1 -1 -1)
#(0 192 1348 72 0 3 0 68 362413 -1 -1 -1 -1 -1 -1)
#(0 192 1959 32 0 2 0 68 360704 -1 -1 -1 -1 -1 -1)
#(0 192 288 67 0 1 0 69 365447 -1 -1 -1 -1 -1 -1)
#(0 192 1661 75 0 2 0 84 444094 -1 -1 -1 -1 -1 -1)
#(0 192 1964 20 0 2 1 99 526970 -1 -1 -1 -1 -1 -1)
#(0 192 1344 54 0 3 1 98 521289 -1 -1 -1 -1 -1 -1)
#(0 192 277 57 0 1 1 97 514282 -1 -1 -1 -1 -1 -1)
#(0 192 1962 41 0 2 1 97 515268 -1 -1 -1 -1 -1 -1)
#(2 192 1962 -1 -1 -1 -1 -1 -1 83 -1 -1 -1 -1 -1)
#(0 192 275 44 0 1 1 96 512010 -1 -1 -1 -1 -1 -1)
#(0 192 656 55 0 3 1 95 503988 -1 -1 -1 -1 -1 -1)
#(0 192 1346 63 0 2 1 95 504358 -1 -1 -1 -1 -1 -1)
#(0 192 1666 53 0 1 1 94 497361 -1 -1 -1 -1 -1 -1)
#(0 192 662 57 0 1 1 90 479660 -1 -1 -1 -1 -1 -1)
#(0 192 1660 62 0 1 1 84 444065 -1 -1 -1 -1 -1 -1)
#(0 192 281 59 0 2 1 83 439449 -1 -1 -1 -1 -1 -1)
#(0 192 1963 25 0 2 1 83 442236 -1 -1 -1 -1 -1 -1)
#(0 192 659 56 0 2 1 83 442327 -1 -1 -1 -1 -1 -1)
#(0 192 279 57 0 2 1 81 429126 -1 -1 -1 -1 -1 -1)
#(0 192 661 57 0 1 1 79 422104 -1 -1 -1 -1 -1 -1)
#(0 192 2242 23 0 0 1 76 406179 -1 -1 -1 -1 -1 -1)
#(0 192 1665 65 0 3 1 73 390613 -1 -1 -1 -1 -1 -1)
#(0 192 256 62 0 1 1 73 385936 -1 -1 -1 -1 -1 -1)
#(0 192 264 50 0 2 1 72 383488 -1 -1 -1 -1 -1 -1)
#(0 192 1664 57 0 2 1 69 365581 -1 -1 -1 -1 -1 -1)
#(0 192 276 47 0 3 1 69 366011 -1 -1 -1 -1 -1 -1)
#(0 192 1961 36 0 2 1 67 357131 -1 -1 -1 -1 -1 -1)
#(0 192 285 69 0 3 1 64 340717 -1 -1 -1 -1 -1 -1)
#(0 192 1958 30 0 3 1 62 330968 -1 -1 -1 -1 -1 -1)
#(0 192 1031 60 0 1 1 61 323243 -1 -1 -1 -1 -1 -1)
#(0 192 1966 34 0 1 1 57 304443 -1 -1 -1 -1 -1 -1)
#(4 192 1966 -1 0 -1 -1 -1 -1 84 0 0 0 0 -1)
#(0 192 660 56 0 1 1 56 300563 -1 -1 -1 -1 -1 -1)
#(0 192 2245 26 0 0 1 55 295258 -1 -1 -1 -1 -1 -1)
#(0 192 2244 20 0 0 1 52 279514 -1 -1 -1 -1 -1 -1)
#(0 192 654 62 0 2 1 50 267987 -1 -1 -1 -1 -1 -1)
#(0 192 652 59 0 2 1 49 262831 -1 -1 -1 -1 -1 -1)
#(0 192 1353 54 0 3 1 47 252579 -1 -1 -1 -1 -1 -1)
#(0 192 1343 59 0 2 1 46 246210 -1 -1 -1 -1 -1 -1)
#(0 192 1030 57 0 2 1 39 207138 -1 -1 -1 -1 -1 -1)
#(0 192 1032 67 0 2 1 34 184257 -1 -1 -1 -1 -1 -1)
#(0 192 271 67 0 3 1 22 120597 -1 -1 -1 -1 -1 -1)
#(0 192 648 67 0 3 1 19 101926 -1 -1 -1 -1 -1 -1)
#(0 192 283 75 0 1 1 14 75626 -1 -1 -1 -1 -1 -1)
#(0 192 284 51 0 3 1 11 61288 -1 -1 -1 -1 -1 -1)
#(0 193 1968 22 0 2 0 0 1196 -1 -1 -1 -1 -1 -1)
#(0 193 1356 53 0 2 0 1 6588 -1 -1 -1 -1 -1 -1)
#(0 193 280 47 0 2 0 2 13839 -1 -1 -1 -1 -1 -1)
#(0 193 2252 22 0 0 0 3 16192 -1 -1 -1 -1 -1 -1)
#(0 193 1672 52 0 2 0 3 19569 -1 -1 -1 -1 -1 -1)
#(0 193 663 64 0 3 0 4 24984 -1 -1 -1 -1 -1 -1)
#(0 193 1033 47 0 2 0 5 28494 -1 -1 -1 -1 -1 -1)
#(0 193 671 59 0 3 0 5 27408 -1 -1 -1 -1 -1 -1)
#(0 193 1972 35 0 2 0 6 33508 -1 -1 -1 -1 -1 -1)
#(0 193 2253 24 0 0 0 11 58470 -1 -1 -1 -1 -1 -1)
#(0 193 293 57 0 1 0 12 67723 -1 -1 -1 -1 -1 -1)
#(0 193 291 57 0 3 0 14 75032 -1 -1 -1 -1 -1 -1)
#(0 193 647 63 0 3 0 17 90830 -1 -1 -1 -1 -1 -1)
#(0 193 1960 21 0 3 0 18 96153 -1 -1 -1 -1 -1 -1)
#(0 193 1354 51 0 2 0 20 106276 -1 -1 -1 -1 -1 -1)
#(0 193 2251 30 0 0 0 25 132498 -1 -1 -1 -1 -1 -1)
#(0 193 2248 27 0 0 0 26 137738 -1 -1 -1 -1 -1 -1)
#(0 193 296 55 0 1 0 29 156145 -1 -1 -1 -1 -1 -1)
#(0 193 1036 64 0 3 0 36 195332 -1 -1 -1 -1 -1 -1)
#(0 193 1042 55 0 3 0 46 245888 -1 -1 -1 -1 -1 -1)
#(0 193 1358 65 0 3 0 55 293043 -1 -1 -1 -1 -1 -1)
#(0 193 301 55 0 2 0 59 314300 -1 -1 -1 -1 -1 -1)
#(0 193 669 70 0 1 0 62 330012 -1 -1 -1 -1 -1 -1)
#(0 193 1034 68 0 3 0 63 334393 -1 -1 -1 -1 -1 -1)
#(0 193 295 67 0 2 0 63 333954 -1 -1 -1 -1 -1 -1)
#(0 193 1971 43 0 1 0 64 340213 -1 -1 -1 -1 -1 -1)
#(0 193 1035 51 0 1 0 80 425292 -1 -1 -1 -1 -1 -1)
#(0 193 664 57 0 1 0 85 450037 -1 -1 -1 -1 -1 -1)
#(0 193 1670 70 0 2 1 98 522653 -1 -1 -1 -1 -1 -1)
#(0 193 670 62 0 2 1 96 509931 -1 -1 -1 -1 -1 -1)
#(0 193 1039 55 0 2 1 94 498150 -1 -1 -1 -1 -1 -1)
#(0 193 1669 51 0 1 1 91 482090 -1 -1 -1 -1 -1 -1)
#(0 193 1675 44 0 3 1 90 477541 -1 -1 -1 -1 -1 -1)
#(0 193 2250 30 0 0 1 88 469416 -1 -1 -1 -1 -1 -1)
#(0 193 1357 59 0 3 1 88 467966 -1 -1 -1 -1 -1 -1)
#(0 193 1668 56 0 1 1 87 460494 -1 -1 -1 -1 -1 -1)
#(0 193 2247 20 0 0 1 86 459025 -1 -1 -1 -1 -1 -1)
#(0 193 673 55 0 2 1 86 458096 -1 -1 -1 -1 -1 -1)
#(0 193 1673 62 0 2 1 86 454688 -1 -1 -1 -1 -1 -1)
#(0 193 294 60 0 2 1 83 443494 -1 -1 -1 -1 -1 -1)
#(0 193 665 72 0 1 1 81 429342 -1 -1 -1 -1 -1 -1)
#(0 193 1355 64 0 3 1 72 382922 -1 -1 -1 -1 -1 -1)
#(0 193 1678 51 0 2 1 70 371330 -1 -1 -1 -1 -1 -1)
#(0 193 298 44 0 3 1 67 358859 -1 -1 -1 -1 -1 -1)
#(0 193 1359 44 0 3 1 67 354104 -1 -1 -1 -1 -1 -1)
#(0 193 672 59 0 1 1 66 352280 -1 -1 -1 -1 -1 -1)
#(0 193 289 59 0 2 1 65 343301 -1 -1 -1 -1 -1 -1)
#(0 193 1970 35 0 3 1 60 320253 -1 -1 -1 -1 -1 -1)
#(0 193 1040 64 0 2 1 59 312984 -1 -1 -1 -1 -1 -1)
#(0 193 667 55 0 2 1 57 304605 -1 -1 -1 -1 -1 -1)
#(0 193 1674 63 0 1 1 56 296015 -1 -1 -1 -1 -1 -1)
#(0 193 666 68 0 1 1 55 290938 -1 -1 -1 -1 -1 -1)
#(0 193 297 60 0 3 1 54 285569 -1 -1 -1 -1 -1 -1)
#(0 193 1041 62 0 1 1 50 268906 -1 -1 -1 -1 -1 -1)
#(0 193 1967 21 0 2 1 48 257652 -1 -1 -1 -1 -1 -1)
#(0 193 2249 26 0 0 1 47 253005 -1 -1 -1 -1 -1 -1)
#(0 193 1677 57 0 1 1 41 217420 -1 -1 -1 -1 -1 -1)
#(0 193 300 70 0 1 1 38 204463 -1 -1 -1 -1 -1 -1)
#(0 193 674 63 0 3 1 36 192246 -1 -1 -1 -1 -1 -1)
#(0 193 1969 33 0 1 1 33 177786 -1 -1 -1 -1 -1 -1)
#(0 193 675 70 0 1 1 33 175160 -1 -1 -1 -1 -1 -1)
#(0 193 676 44 0 1 1 27 144289 -1 -1 -1 -1 -1 -1)
#(0 193 1676 55 0 2 1 24 128035 -1 -1 -1 -1 -1 -1)
#(0 193 290 56 0 3 1 22 117667 -1 -1 -1 -1 -1 -1)
#(2 193 290 -1 -1 -1 -1 -1 -1 85 -1 -1 -1 -1 -1)
#(0 194 1369 51 0 1 0 1 5856 -1 -1 -1 -1 -1 -1)
#(0 194 1982 28 0 2 0 1 6716 -1 -1 -1 -1 -1 -1)
#(0 194 1043 51 0 3 0 5 28987 -1 -1 -1 -1 -1 -1)
#(0 194 1364 50 0 2 0 6 32281 -1 -1 -1 -1 -1 -1)
#(0 194 1054 51 0 3 0 7 39794 -1 -1 -1 -1 -1 -1)
#(0 194 1365 61 0 3 0 8 44269 -1 -1 -1 -1 -1 -1)
#(0 194 1978 27 0 2 0 8 43629 -1 -1 -1 -1 -1 -1)
#(0 194 2257 26 0 0 0 10 53240 -1 -1 -1 -1 -1 -1)
#(0 194 1687 56 0 2 0 10 56969 -1 -1 -1 -1 -1 -1)
#(0 194 305 57 0 1 0 10 57124 -1 -1 -1 -1 -1 -1)
#(0 194 689 57 0 2 0 15 80284 -1 -1 -1 -1 -1 -1)
#(0 194 1045 51 0 1 0 17 92668 -1 -1 -1 -1 -1 -1)
#(0 194 1979 35 0 2 0 17 91574 -1 -1 -1 -1 -1 -1)
#(0 194 1055 54 0 1 0 18 98208 -1 -1 -1 -1 -1 -1)
#(0 194 302 52 0 1 0 18 98018 -1 -1 -1 -1 -1 -1)
#(0 194 1368 59 0 2 0 18 96556 -1 -1 -1 -1 -1 -1)
#(0 194 692 54 0 1 0 18 96518 -1 -1 -1 -1 -1 -1)
#(0 194 684 44 0 2 0 19 103903 -1 -1 -1 -1 -1 -1)
#(0 194 1053 61 0 2 0 20 110391 -1 -1 -1 -1 -1 -1)
#(0 194 1044 68 0 2 0 22 116466 -1 -1 -1 -1 -1 -1)
#(0 194 680 49 0 2 0 23 123389 -1 -1 -1 -1 -1 -1)
#(0 194 2258 25 0 0 0 24 127138 -1 -1 -1 -1 -1 -1)
#(2 194 2258 -1 -1 -1 -1 -1 -1 86 -1 -1 -1 -1 -1)
#(0 194 688 57 0 2 0 26 138173 -1 -1 -1 -1 -1 -1)
#(0 194 1057 49 0 1 0 34 182301 -1 -1 -1 -1 -1 -1)
#(0 194 312 59 0 2 0 35 188324 -1 -1 -1 -1 -1 -1)
#(0 194 2265 29 0 0 0 37 195829 -1 -1 -1 -1 -1 -1)
#(0 194 1037 67 0 2 0 37 196244 -1 -1 -1 -1 -1 -1)
#(0 194 1973 25 0 3 0 37 196674 -1 -1 -1 -1 -1 -1)
#(0 194 1977 30 0 2 0 39 207491 -1 -1 -1 -1 -1 -1)
#(0 194 1049 43 0 3 0 39 207472 -1 -1 -1 -1 -1 -1)
#(0 194 693 48 0 2 0 39 206968 -1 -1 -1 -1 -1 -1)
#(0 194 1683 59 0 1 0 39 210554 -1 -1 -1 -1 -1 -1)
#(0 194 2255 32 0 0 0 41 217025 -1 -1 -1 -1 -1 -1)
#(0 194 678 51 0 2 0 43 232149 -1 -1 -1 -1 -1 -1)
#(0 194 1363 57 0 2 0 45 239376 -1 -1 -1 -1 -1 -1)
#(0 194 310 50 0 3 0 46 245403 -1 -1 -1 -1 -1 -1)
#(0 194 1974 45 0 2 0 50 266321 -1 -1 -1 -1 -1 -1)
#(0 194 311 62 0 3 0 57 304846 -1 -1 -1 -1 -1 -1)
#(0 194 1361 59 0 2 0 58 308159 -1 -1 -1 -1 -1 -1)
#(0 194 1685 43 0 2 0 60 319688 -1 -1 -1 -1 -1 -1)
#(0 194 1038 55 0 2 0 62 330856 -1 -1 -1 -1 -1 -1)
#(0 194 2260 32 0 0 0 65 343737 -1 -1 -1 -1 -1 -1)
#(0 194 307 64 0 2 0 69 364557 -1 -1 -1 -1 -1 -1)
#(0 194 1684 69 0 2 0 76 401320 -1 -1 -1 -1 -1 -1)
#(0 194 1671 59 0 3 1 99 523458 -1 -1 -1 -1 -1 -1)
#(0 194 2259 34 0 0 1 98 522135 -1 -1 -1 -1 -1 -1)
#(0 194 278 64 0 3 1 96 508022 -1 -1 -1 -1 -1 -1)
#(0 194 2256 29 0 0 1 93 495825 -1 -1 -1 -1 -1 -1)
#(0 194 687 44 0 1 1 93 492845 -1 -1 -1 -1 -1 -1)
#(0 194 1050 57 0 1 1 91 482330 -1 -1 -1 -1 -1 -1)
#(0 194 685 64 0 3 1 91 484283 -1 -1 -1 -1 -1 -1)
#(0 194 677 51 0 1 1 91 480786 -1 -1 -1 -1 -1 -1)
#(0 194 681 49 0 2 1 89 470248 -1 -1 -1 -1 -1 -1)
#(0 194 1682 43 0 2 1 88 466986 -1 -1 -1 -1 -1 -1)
#(0 194 306 51 0 3 1 87 462521 -1 -1 -1 -1 -1 -1)
#(0 194 1976 36 0 2 1 87 462750 -1 -1 -1 -1 -1 -1)
#(0 194 668 54 0 2 1 83 441487 -1 -1 -1 -1 -1 -1)
#(0 194 1680 63 0 2 1 82 433331 -1 -1 -1 -1 -1 -1)
#(0 194 679 62 0 1 1 81 430012 -1 -1 -1 -1 -1 -1)
#(0 194 299 58 0 1 1 80 425010 -1 -1 -1 -1 -1 -1)
#(0 194 2254 26 0 0 1 79 421955 -1 -1 -1 -1 -1 -1)
#(0 194 1686 60 0 3 1 79 417795 -1 -1 -1 -1 -1 -1)
#(0 194 1366 61 0 3 1 77 409771 -1 -1 -1 -1 -1 -1)
#(0 194 683 60 0 2 1 74 394221 -1 -1 -1 -1 -1 -1)
#(0 194 1360 61 0 2 1 72 383665 -1 -1 -1 -1 -1 -1)
#(0 194 690 46 0 3 1 71 377559 -1 -1 -1 -1 -1 -1)
#(0 194 1981 31 0 1 1 70 373264 -1 -1 -1 -1 -1 -1)
#(0 194 308 51 0 2 1 69 367651 -1 -1 -1 -1 -1 -1)
#(0 194 1047 54 0 3 1 68 359755 -1 -1 -1 -1 -1 -1)
#(0 194 2263 28 0 0 1 67 358584 -1 -1 -1 -1 -1 -1)
#(0 194 309 55 0 3 1 62 329272 -1 -1 -1 -1 -1 -1)
#(0 194 1056 59 0 2 1 59 313585 -1 -1 -1 -1 -1 -1)
#(0 194 1362 51 0 2 1 55 295101 -1 -1 -1 -1 -1 -1)
#(0 194 1980 37 0 3 1 54 288433 -1 -1 -1 -1 -1 -1)
#(0 194 1051 60 0 3 1 54 285559 -1 -1 -1 -1 -1 -1)
#(0 194 682 63 0 3 1 51 271963 -1 -1 -1 -1 -1 -1)
#(0 194 2264 30 0 0 1 49 263502 -1 -1 -1 -1 -1 -1)
#(0 194 1046 70 0 2 1 49 263217 -1 -1 -1 -1 -1 -1)
#(0 194 1975 21 0 0 1 48 257729 -1 -1 -1 -1 -1 -1)
#(0 194 313 54 0 2 1 47 252822 -1 -1 -1 -1 -1 -1)
#(0 194 1681 55 0 2 1 43 228310 -1 -1 -1 -1 -1 -1)
#(0 194 2261 25 0 0 1 42 226636 -1 -1 -1 -1 -1 -1)
#(0 194 1052 57 0 2 1 42 223093 -1 -1 -1 -1 -1 -1)
#(0 194 1679 63 0 2 1 32 169275 -1 -1 -1 -1 -1 -1)
#(0 194 686 75 0 3 1 30 163530 -1 -1 -1 -1 -1 -1)
#(0 194 304 62 0 2 1 19 100450 -1 -1 -1 -1 -1 -1)
#(0 194 1367 59 0 2 1 12 66793 -1 -1 -1 -1 -1 -1)
#(0 194 1048 70 0 2 1 3 19993 -1 -1 -1 -1 -1 -1)
#(0 195 315 50 0 1 0 2 13032 -1 -1 -1 -1 -1 -1)
#(0 195 696 56 0 3 0 2 12596 -1 -1 -1 -1 -1 -1)
#(0 195 323 51 0 2 0 3 20179 -1 -1 -1 -1 -1 -1)
#(0 195 1063 53 0 3 0 4 24977 -1 -1 -1 -1 -1 -1)
#(0 195 1983 27 0 2 0 7 38380 -1 -1 -1 -1 -1 -1)
#(0 195 2268 28 0 0 0 9 47991 -1 -1 -1 -1 -1 -1)
#(0 195 2262 26 0 0 0 10 53223 -1 -1 -1 -1 -1 -1)
#(0 195 703 60 0 2 0 11 59872 -1 -1 -1 -1 -1 -1)
#(0 195 1986 32 0 2 0 16 86129 -1 -1 -1 -1 -1 -1)
#(0 195 1067 55 0 2 0 16 89038 -1 -1 -1 -1 -1 -1)
#(0 195 327 55 0 1 0 21 113830 -1 -1 -1 -1 -1 -1)
#(0 195 1688 59 0 2 0 22 121219 -1 -1 -1 -1 -1 -1)
#(0 195 702 57 0 2 0 23 122192 -1 -1 -1 -1 -1 -1)
#(0 195 325 44 0 3 0 23 121643 -1 -1 -1 -1 -1 -1)
#(0 195 701 55 0 2 0 25 133663 -1 -1 -1 -1 -1 -1)
#(0 195 2272 27 0 0 0 29 153559 -1 -1 -1 -1 -1 -1)
#(0 195 1058 64 0 1 0 29 153646 -1 -1 -1 -1 -1 -1)
#(0 195 1060 54 0 3 0 31 168224 -1 -1 -1 -1 -1 -1)
#(0 195 1694 43 0 2 0 34 182431 -1 -1 -1 -1 -1 -1)
#(0 195 322 60 0 2 0 34 184314 -1 -1 -1 -1 -1 -1)
#(0 195 1370 56 0 3 0 35 187276 -1 -1 -1 -1 -1 -1)
#(0 195 1373 57 0 2 0 36 191524 -1 -1 -1 -1 -1 -1)
#(0 195 1376 58 0 1 0 37 196913 -1 -1 -1 -1 -1 -1)
#(0 195 697 59 0 3 0 40 212527 -1 -1 -1 -1 -1 -1)
#(0 195 318 44 0 1 0 43 227256 -1 -1 -1 -1 -1 -1)
#(0 195 1065 62 0 2 0 46 246558 -1 -1 -1 -1 -1 -1)
#(0 195 1984 51 0 1 0 48 256131 -1 -1 -1 -1 -1 -1)
#(0 195 1372 70 0 2 0 50 267329 -1 -1 -1 -1 -1 -1)
#(0 195 1689 62 0 3 0 54 289963 -1 -1 -1 -1 -1 -1)
#(0 195 1374 64 0 1 0 58 308287 -1 -1 -1 -1 -1 -1)
#(0 195 698 44 0 1 0 75 399556 -1 -1 -1 -1 -1 -1)
#(0 195 699 56 0 2 1 97 515293 -1 -1 -1 -1 -1 -1)
#(0 195 2270 26 0 0 1 96 511731 -1 -1 -1 -1 -1 -1)
#(0 195 314 64 0 1 1 96 510781 -1 -1 -1 -1 -1 -1)
#(0 195 2271 26 0 0 1 95 506456 -1 -1 -1 -1 -1 -1)
#(0 195 704 55 0 3 1 94 500993 -1 -1 -1 -1 -1 -1)
#(0 195 1989 37 0 1 1 94 499661 -1 -1 -1 -1 -1 -1)
#(0 195 1693 53 0 2 1 92 487360 -1 -1 -1 -1 -1 -1)
#(0 195 1692 51 0 2 1 91 482177 -1 -1 -1 -1 -1 -1)
#(0 195 2273 23 0 0 1 90 480106 -1 -1 -1 -1 -1 -1)
#(0 195 1377 55 0 1 1 87 463349 -1 -1 -1 -1 -1 -1)
#(0 195 317 63 0 2 1 85 453123 -1 -1 -1 -1 -1 -1)
#(0 195 328 54 0 3 1 85 451083 -1 -1 -1 -1 -1 -1)
#(0 195 1375 55 0 2 1 85 452597 -1 -1 -1 -1 -1 -1)
#(0 195 1062 61 0 2 1 85 449259 -1 -1 -1 -1 -1 -1)
#(0 195 326 64 0 1 1 81 432845 -1 -1 -1 -1 -1 -1)
#(0 195 1691 57 0 3 1 79 418259 -1 -1 -1 -1 -1 -1)
#(0 195 1064 64 0 2 1 79 417579 -1 -1 -1 -1 -1 -1)
#(0 195 707 49 0 2 1 77 409882 -1 -1 -1 -1 -1 -1)
#(0 195 324 59 0 2 1 77 410538 -1 -1 -1 -1 -1 -1)
#(0 195 2269 27 0 0 1 74 395550 -1 -1 -1 -1 -1 -1)
#(0 195 319 51 0 1 1 70 372762 -1 -1 -1 -1 -1 -1)
#(0 195 1061 53 0 2 1 69 366270 -1 -1 -1 -1 -1 -1)
#(0 195 700 63 0 2 1 69 366554 -1 -1 -1 -1 -1 -1)
#(0 195 321 64 0 1 1 63 337655 -1 -1 -1 -1 -1 -1)
#(0 195 1059 55 0 2 1 63 334549 -1 -1 -1 -1 -1 -1)
#(0 195 1988 38 0 2 1 59 314781 -1 -1 -1 -1 -1 -1)
#(0 195 1990 47 0 1 1 58 309040 -1 -1 -1 -1 -1 -1)
#(0 195 1371 44 0 1 1 58 306611 -1 -1 -1 -1 -1 -1)
#(0 195 705 38 0 4 1 55 290603 -1 -1 -1 -1 -1 -1)
#(0 195 1068 64 0 3 1 55 295641 -1 -1 -1 -1 -1 -1)
#(0 195 2267 28 0 0 1 50 268802 -1 -1 -1 -1 -1 -1)
#(2 195 2267 -1 -1 -1 -1 -1 -1 87 -1 -1 -1 -1 -1)
#(0 195 316 59 0 2 1 50 265700 -1 -1 -1 -1 -1 -1)
#(0 195 1695 65 0 2 1 50 264114 -1 -1 -1 -1 -1 -1)
#(0 195 320 59 0 1 1 43 227956 -1 -1 -1 -1 -1 -1)
#(0 195 2276 26 0 0 1 34 184384 -1 -1 -1 -1 -1 -1)
#(0 195 1985 49 0 1 1 20 108326 -1 -1 -1 -1 -1 -1)
#(0 196 713 58 0 1 0 2 12436 -1 -1 -1 -1 -1 -1)
#(0 196 2283 28 0 0 0 5 26856 -1 -1 -1 -1 -1 -1)
#(0 196 338 54 0 1 0 5 28681 -1 -1 -1 -1 -1 -1)
#(0 196 2285 20 0 0 0 6 32001 -1 -1 -1 -1 -1 -1)
#(0 196 709 67 0 2 0 6 33829 -1 -1 -1 -1 -1 -1)
#(0 196 329 51 0 1 0 10 56668 -1 -1 -1 -1 -1 -1)
#(0 196 1378 56 0 2 0 10 54377 -1 -1 -1 -1 -1 -1)
#(0 196 723 51 0 1 0 13 73658 -1 -1 -1 -1 -1 -1)
#(0 196 1996 36 0 3 0 15 81121 -1 -1 -1 -1 -1 -1)
#(0 196 2282 32 0 0 0 16 85010 -1 -1 -1 -1 -1 -1)
#(0 196 334 44 0 1 0 16 84610 -1 -1 -1 -1 -1 -1)
#(0 196 1698 55 0 2 0 17 93810 -1 -1 -1 -1 -1 -1)
#(0 196 332 62 0 3 0 18 99204 -1 -1 -1 -1 -1 -1)
#(0 196 333 67 0 2 0 18 96821 -1 -1 -1 -1 -1 -1)
#(0 196 1077 56 0 2 0 19 104221 -1 -1 -1 -1 -1 -1)
#(0 196 1998 50 0 1 0 20 108248 -1 -1 -1 -1 -1 -1)
#(0 196 1386 58 0 2 0 21 112315 -1 -1 -1 -1 -1 -1)
#(0 196 1700 57 0 3 0 21 115245 -1 -1 -1 -1 -1 -1)
#(0 196 1690 44 0 2 0 22 119181 -1 -1 -1 -1 -1 -1)
#(0 196 1380 55 0 1 0 25 132321 -1 -1 -1 -1 -1 -1)
#(0 196 1075 44 0 1 0 25 133580 -1 -1 -1 -1 -1 -1)
#(0 196 691 65 0 3 0 26 139830 -1 -1 -1 -1 -1 -1)
#(0 196 1066 51 0 3 0 28 150733 -1 -1 -1 -1 -1 -1)
#(0 196 1994 42 0 1 0 29 155402 -1 -1 -1 -1 -1 -1)
#(0 196 1076 61 0 3 0 30 163190 -1 -1 -1 -1 -1 -1)
#(0 196 1074 44 0 2 0 32 170567 -1 -1 -1 -1 -1 -1)
#(0 196 1997 34 0 2 0 34 181278 -1 -1 -1 -1 -1 -1)
#(0 196 1999 43 0 2 0 41 218744 -1 -1 -1 -1 -1 -1)
#(0 196 330 48 0 2 0 42 226954 -1 -1 -1 -1 -1 -1)
#(0 196 694 51 0 2 0 43 231985 -1 -1 -1 -1 -1 -1)
#(0 196 1070 75 0 1 0 45 238768 -1 -1 -1 -1 -1 -1)
#(0 196 2284 28 0 0 0 47 248618 -1 -1 -1 -1 -1 -1)
#(0 196 1992 44 0 3 0 48 255818 -1 -1 -1 -1 -1 -1)
#(0 196 720 55 0 2 0 50 264573 -1 -1 -1 -1 -1 -1)
#(0 196 726 44 0 3 0 50 267523 -1 -1 -1 -1 -1 -1)
#(0 196 1072 57 0 1 0 63 336626 -1 -1 -1 -1 -1 -1)
#(0 196 1381 57 0 3 0 65 344711 -1 -1 -1 -1 -1 -1)
#(0 196 1701 57 0 1 0 66 352711 -1 -1 -1 -1 -1 -1)
#(0 196 2286 20 0 0 0 67 354077 -1 -1 -1 -1 -1 -1)
#(0 196 1704 43 0 2 0 67 356658 -1 -1 -1 -1 -1 -1)
#(0 196 1995 32 0 3 0 68 360702 -1 -1 -1 -1 -1 -1)
#(0 196 1703 54 0 2 0 76 405242 -1 -1 -1 -1 -1 -1)
#(0 196 1379 62 0 2 1 95 504794 -1 -1 -1 -1 -1 -1)
#(0 196 714 62 0 3 1 93 494399 -1 -1 -1 -1 -1 -1)
#(0 196 695 54 0 2 1 93 491398 -1 -1 -1 -1 -1 -1)
#(0 196 2280 25 0 0 1 92 490628 -1 -1 -1 -1 -1 -1)
#(0 196 1073 67 0 3 1 92 491026 -1 -1 -1 -1 -1 -1)
#(0 196 706 67 0 2 1 90 478155 -1 -1 -1 -1 -1 -1)
#(0 196 1385 62 0 2 1 90 478310 -1 -1 -1 -1 -1 -1)
#(0 196 2278 32 0 0 1 89 474663 -1 -1 -1 -1 -1 -1)
#(0 196 1702 50 0 1 1 89 471694 -1 -1 -1 -1 -1 -1)
#(0 196 1993 38 0 2 1 89 473169 -1 -1 -1 -1 -1 -1)
#(0 196 2281 25 0 0 1 87 464230 -1 -1 -1 -1 -1 -1)
#(0 196 1069 51 0 1 1 87 461832 -1 -1 -1 -1 -1 -1)
#(0 196 2279 27 0 0 1 84 448348 -1 -1 -1 -1 -1 -1)
#(4 196 2279 -1 0 -1 -1 -1 -1 88 0 0 0 0 -1)
#(0 196 1696 51 0 3 1 84 445133 -1 -1 -1 -1 -1 -1)
#(0 196 711 57 0 2 1 83 442240 -1 -1 -1 -1 -1 -1)
#(0 196 331 52 0 3 1 79 418517 -1 -1 -1 -1 -1 -1)
#(0 196 1383 61 0 3 1 78 415056 -1 -1 -1 -1 -1 -1)
#(0 196 1071 61 0 2 1 75 397577 -1 -1 -1 -1 -1 -1)
#(0 196 719 51 0 2 1 75 396151 -1 -1 -1 -1 -1 -1)
#(0 196 2274 24 0 0 1 74 395603 -1 -1 -1 -1 -1 -1)
#(0 196 1078 57 0 2 1 74 392079 -1 -1 -1 -1 -1 -1)
#(0 196 2000 31 0 1 1 70 373268 -1 -1 -1 -1 -1 -1)
#(0 196 2277 26 0 0 1 69 369161 -1 -1 -1 -1 -1 -1)
#(0 196 337 52 0 1 1 69 365637 -1 -1 -1 -1 -1 -1)
#(0 196 2266 29 0 0 1 67 358558 -1 -1 -1 -1 -1 -1)
#(0 196 336 44 0 3 1 56 300742 -1 -1 -1 -1 -1 -1)
#(0 196 1384 55 0 2 1 52 278681 -1 -1 -1 -1 -1 -1)
#(0 196 712 69 0 1 1 50 266547 -1 -1 -1 -1 -1 -1)
#(0 196 335 57 0 1 1 48 255115 -1 -1 -1 -1 -1 -1)
#(0 196 1987 22 0 3 1 48 257699 -1 -1 -1 -1 -1 -1)
#(0 196 1705 58 0 1 1 48 253648 -1 -1 -1 -1 -1 -1)
#(0 196 1697 63 0 3 1 41 216979 -1 -1 -1 -1 -1 -1)
#(0 196 717 70 0 2 1 40 212090 -1 -1 -1 -1 -1 -1)
#(0 196 1991 31 0 2 1 37 199011 -1 -1 -1 -1 -1 -1)
#(0 196 710 59 0 2 1 36 193530 -1 -1 -1 -1 -1 -1)
#(0 196 725 59 0 1 1 32 172594 -1 -1 -1 -1 -1 -1)
#(0 196 1699 62 0 2 1 32 169181 -1 -1 -1 -1 -1 -1)
#(0 196 715 51 0 3 1 25 132116 -1 -1 -1 -1 -1 -1)
#(0 197 722 62 0 1 0 2 12417 -1 -1 -1 -1 -1 -1)
#(0 197 1711 53 0 2 0 9 51739 -1 -1 -1 -1 -1 -1)
#(0 197 1382 44 0 1 0 9 52407 -1 -1 -1 -1 -1 -1)
#(0 197 2275 26 0 0 0 10 53242 -1 -1 -1 -1 -1 -1)
#(0 197 359 44 0 2 0 10 52959 -1 -1 -1 -1 -1 -1)
#(0 197 1085 54 0 1 0 10 56320 -1 -1 -1 -1 -1 -1)
#(0 197 729 56 0 3 0 12 66823 -1 -1 -1 -1 -1 -1)
#(0 197 2007 50 0 3 0 12 65960 -1 -1 -1 -1 -1 -1)
#(0 197 1392 64 0 1 0 12 65378 -1 -1 -1 -1 -1 -1)
#(0 197 2001 37 0 3 0 13 70597 -1 -1 -1 -1 -1 -1)
#(0 197 1081 56 0 1 0 16 88655 -1 -1 -1 -1 -1 -1)
#(0 197 731 75 0 2 0 17 92014 -1 -1 -1 -1 -1 -1)
#(0 197 1708 57 0 2 0 21 115106 -1 -1 -1 -1 -1 -1)
#(0 197 2291 25 0 0 0 23 121852 -1 -1 -1 -1 -1 -1)
#(0 197 352 70 0 2 0 23 125670 -1 -1 -1 -1 -1 -1)
#(0 197 1391 56 0 1 0 23 123264 -1 -1 -1 -1 -1 -1)
#(0 197 2296 25 0 0 0 24 127118 -1 -1 -1 -1 -1 -1)
#(0 197 2006 26 0 2 0 25 133398 -1 -1 -1 -1 -1 -1)
#(0 197 349 60 0 3 0 28 152567 -1 -1 -1 -1 -1 -1)
#(0 197 1083 51 0 1 0 31 166521 -1 -1 -1 -1 -1 -1)
#(0 197 735 61 0 3 0 35 188221 -1 -1 -1 -1 -1 -1)
#(0 197 1388 57 0 1 0 35 186274 -1 -1 -1 -1 -1 -1)
#(0 197 355 59 0 3 0 37 199697 -1 -1 -1 -1 -1 -1)
#(0 197 351 64 0 3 0 40 212372 -1 -1 -1 -1 -1 -1)
#(0 197 2288 27 0 0 0 41 216936 -1 -1 -1 -1 -1 -1)
#(0 197 343 59 0 2 0 42 226896 -1 -1 -1 -1 -1 -1)
#(0 197 2008 36 0 3 0 45 239499 -1 -1 -1 -1 -1 -1)
#(0 197 358 67 0 3 0 45 238615 -1 -1 -1 -1 -1 -1)
#(0 197 356 60 0 1 0 46 246390 -1 -1 -1 -1 -1 -1)
#(0 197 347 51 0 1 0 49 260813 -1 -1 -1 -1 -1 -1)
#(0 197 357 75 0 2 0 51 272519 -1 -1 -1 -1 -1 -1)
#(0 197 2289 28 0 0 0 54 285591 -1 -1 -1 -1 -1 -1)
#(0 197 1399 51 0 1 0 57 301512 -1 -1 -1 -1 -1 -1)
#(0 197 346 59 0 2 0 60 321003 -1 -1 -1 -1 -1 -1)
#(0 197 2011 53 0 3 0 72 382889 -1 -1 -1 -1 -1 -1)
#(0 197 1395 51 0 1 0 75 396621 -1 -1 -1 -1 -1 -1)
#(0 197 737 62 0 2 1 96 509620 -1 -1 -1 -1 -1 -1)
#(0 197 718 55 0 1 1 94 500878 -1 -1 -1 -1 -1 -1)
#(0 197 708 44 0 2 1 91 482193 -1 -1 -1 -1 -1 -1)
#(0 197 2295 20 0 0 1 90 480170 -1 -1 -1 -1 -1 -1)
#(0 197 733 54 0 3 1 89 472412 -1 -1 -1 -1 -1 -1)
#(0 197 353 59 0 1 1 89 470055 -1 -1 -1 -1 -1 -1)
#(0 197 2287 23 0 0 1 86 458958 -1 -1 -1 -1 -1 -1)
#(0 197 350 51 0 3 1 86 457271 -1 -1 -1 -1 -1 -1)
#(0 197 1082 61 0 3 1 83 443345 -1 -1 -1 -1 -1 -1)
#(0 197 1087 61 0 3 1 83 439355 -1 -1 -1 -1 -1 -1)
#(0 197 1710 50 0 2 1 83 439554 -1 -1 -1 -1 -1 -1)
#(0 197 344 58 0 1 1 83 439603 -1 -1 -1 -1 -1 -1)
#(0 197 738 68 0 2 1 82 433790 -1 -1 -1 -1 -1 -1)
#(0 197 1088 66 0 2 1 81 432505 -1 -1 -1 -1 -1 -1)
#(4 197 1088 -1 0 -1 -1 -1 -1 89 0 0 0 0 -1)
#(0 197 2004 21 0 2 1 78 416071 -1 -1 -1 -1 -1 -1)
#(0 197 716 56 0 2 1 77 410108 -1 -1 -1 -1 -1 -1)
#(0 197 2290 26 0 0 1 76 406127 -1 -1 -1 -1 -1 -1)
#(0 197 2294 30 0 0 1 75 400782 -1 -1 -1 -1 -1 -1)
#(0 197 1397 44 0 1 1 74 391096 -1 -1 -1 -1 -1 -1)
#(0 197 2297 34 0 0 1 73 390158 -1 -1 -1 -1 -1 -1)
#(0 197 1086 67 0 2 1 72 385191 -1 -1 -1 -1 -1 -1)
#(0 197 342 69 0 1 1 70 369608 -1 -1 -1 -1 -1 -1)
#(0 197 1390 67 0 2 1 67 356423 -1 -1 -1 -1 -1 -1)
#(0 197 341 63 0 2 1 65 348292 -1 -1 -1 -1 -1 -1)
#(0 197 732 51 0 2 1 64 340524 -1 -1 -1 -1 -1 -1)
#(0 197 1396 61 0 2 1 64 341274 -1 -1 -1 -1 -1 -1)
#(0 197 1707 54 0 2 1 63 333845 -1 -1 -1 -1 -1 -1)
#(0 197 1393 55 0 3 1 62 329551 -1 -1 -1 -1 -1 -1)
#(0 197 339 48 0 1 1 62 330055 -1 -1 -1 -1 -1 -1)
#(0 197 1080 57 0 3 1 61 323161 -1 -1 -1 -1 -1 -1)
#(0 197 1079 57 0 2 1 60 318076 -1 -1 -1 -1 -1 -1)
#(0 197 340 54 0 3 1 58 308521 -1 -1 -1 -1 -1 -1)
#(0 197 1387 55 0 1 1 57 305810 -1 -1 -1 -1 -1 -1)
#(0 197 2005 45 0 3 1 51 272251 -1 -1 -1 -1 -1 -1)
#(0 197 2292 20 0 0 1 46 247834 -1 -1 -1 -1 -1 -1)
#(0 197 1709 60 0 3 1 46 243658 -1 -1 -1 -1 -1 -1)
#(0 197 730 73 0 2 1 45 238404 -1 -1 -1 -1 -1 -1)
#(0 197 739 55 0 2 1 43 231690 -1 -1 -1 -1 -1 -1)
#(0 197 2002 49 0 2 1 40 213919 -1 -1 -1 -1 -1 -1)
#(0 197 2003 40 0 3 1 35 187986 -1 -1 -1 -1 -1 -1)
#(4 197 2003 -1 0 -1 -1 -1 -1 90 0 0 0 0 -1)
#(0 197 736 75 0 3 1 34 184607 -1 -1 -1 -1 -1 -1)
#(0 197 1389 44 0 2 1 29 153545 -1 -1 -1 -1 -1 -1)
#(0 197 1089 58 0 2 1 8 46851 -1 -1 -1 -1 -1 -1)
#(0 197 354 75 0 3 1 8 44154 -1 -1 -1 -1 -1 -1)
#(0 198 1401 63 0 1 0 1 6905 -1 -1 -1 -1 -1 -1)
#(0 198 2305 29 0 0 0 5 26876 -1 -1 -1 -1 -1 -1)
#(0 198 348 44 0 3 0 5 26572 -1 -1 -1 -1 -1 -1)
#(0 198 749 55 0 3 0 6 32094 -1 -1 -1 -1 -1 -1)
#(0 198 1716 51 0 3 0 7 40611 -1 -1 -1 -1 -1 -1)
#(0 198 1091 51 0 2 0 9 50334 -1 -1 -1 -1 -1 -1)
#(0 198 2293 25 0 0 0 10 53207 -1 -1 -1 -1 -1 -1)
#(0 198 1398 44 0 1 0 11 62931 -1 -1 -1 -1 -1 -1)
#(0 198 2010 28 0 2 0 12 64763 -1 -1 -1 -1 -1 -1)
#(0 198 728 58 0 2 0 14 74782 -1 -1 -1 -1 -1 -1)
#(0 198 373 55 0 1 0 15 82696 -1 -1 -1 -1 -1 -1)
#(4 198 373 -1 0 -1 -1 -1 -1 91 0 0 0 0 -1)
#(0 198 750 55 0 3 0 17 90013 -1 -1 -1 -1 -1 -1)
#(0 198 1093 56 0 2 0 18 98283 -1 -1 -1 -1 -1 -1)
#(0 198 1400 59 0 2 0 21 112425 -1 -1 -1 -1 -1 -1)
#(0 198 748 57 0 1 0 23 122174 -1 -1 -1 -1 -1 -1)
#(0 198 743 62 0 2 0 28 150074 -1 -1 -1 -1 -1 -1)
#(0 198 1404 55 0 2 0 29 154321 -1 -1 -1 -1 -1 -1)
#(0 198 1402 46 0 3 0 30 159653 -1 -1 -1 -1 -1 -1)
#(0 198 2300 28 0 0 0 31 164151 -1 -1 -1 -1 -1 -1)
#(0 198 366 67 0 2 0 31 164877 -1 -1 -1 -1 -1 -1)
#(0 198 1084 60 0 3 0 32 172430 -1 -1 -1 -1 -1 -1)
#(0 198 361 52 0 2 0 34 182333 -1 -1 -1 -1 -1 -1)
#(0 198 2024 31 0 3 0 35 186403 -1 -1 -1 -1 -1 -1)
#(0 198 2303 29 0 0 0 37 195843 -1 -1 -1 -1 -1 -1)
#(0 198 2013 51 0 3 0 40 213910 -1 -1 -1 -1 -1 -1)
#(0 198 1407 58 0 2 0 42 224431 -1 -1 -1 -1 -1 -1)
#(0 198 360 59 0 1 0 42 226453 -1 -1 -1 -1 -1 -1)
#(0 198 1099 61 0 2 0 42 226174 -1 -1 -1 -1 -1 -1)
#(0 198 365 61 0 1 0 45 242202 -1 -1 -1 -1 -1 -1)
#(0 198 370 57 0 2 0 47 251886 -1 -1 -1 -1 -1 -1)
#(0 198 1411 66 0 2 0 47 251291 -1 -1 -1 -1 -1 -1)
#(0 198 2299 30 0 0 0 48 253958 -1 -1 -1 -1 -1 -1)
#(0 198 2015 46 0 3 0 49 261110 -1 -1 -1 -1 -1 -1)
#(0 198 1715 61 0 2 0 49 263513 -1 -1 -1 -1 -1 -1)
#(0 198 747 53 0 2 0 55 292941 -1 -1 -1 -1 -1 -1)
#(0 198 742 64 0 2 0 58 308714 -1 -1 -1 -1 -1 -1)
#(0 198 1409 75 0 1 0 62 331571 -1 -1 -1 -1 -1 -1)
#(0 198 1714 70 0 2 0 62 332613 -1 -1 -1 -1 -1 -1)
#(0 198 2017 34 0 2 0 65 344969 -1 -1 -1 -1 -1 -1)
#(0 198 1713 67 0 2 0 71 380148 -1 -1 -1 -1 -1 -1)
#(0 198 1403 75 0 2 0 73 388813 -1 -1 -1 -1 -1 -1)
#(0 198 746 59 0 2 0 73 387291 -1 -1 -1 -1 -1 -1)
#(0 198 2308 27 0 0 0 75 396433 -1 -1 -1 -1 -1 -1)
#(0 198 744 67 0 2 0 78 415334 -1 -1 -1 -1 -1 -1)
#(0 198 1100 51 0 1 0 78 414618 -1 -1 -1 -1 -1 -1)
#(0 198 1410 58 0 1 1 98 521039 -1 -1 -1 -1 -1 -1)
#(0 198 1097 56 0 2 1 98 518392 -1 -1 -1 -1 -1 -1)
#(0 198 2304 34 0 0 1 97 516876 -1 -1 -1 -1 -1 -1)
#(0 198 1722 59 0 2 1 97 513015 -1 -1 -1 -1 -1 -1)
#(0 198 377 58 0 1 1 95 501707 -1 -1 -1 -1 -1 -1)
#(0 198 368 51 0 1 1 94 498715 -1 -1 -1 -1 -1 -1)
#(0 198 1394 51 0 2 1 90 480106 -1 -1 -1 -1 -1 -1)
#(0 198 1719 67 0 1 1 87 459701 -1 -1 -1 -1 -1 -1)
#(0 198 2298 24 0 0 1 86 458959 -1 -1 -1 -1 -1 -1)
#(0 198 2302 27 0 0 1 85 453630 -1 -1 -1 -1 -1 -1)
#(0 198 1718 66 0 2 1 85 449045 -1 -1 -1 -1 -1 -1)
#(0 198 1717 57 0 2 1 82 434022 -1 -1 -1 -1 -1 -1)
#(0 198 1405 54 0 2 1 82 437199 -1 -1 -1 -1 -1 -1)
#(0 198 2027 45 0 2 1 81 430632 -1 -1 -1 -1 -1 -1)
#(0 198 375 59 0 1 1 81 427913 -1 -1 -1 -1 -1 -1)
#(0 198 2012 28 0 2 1 80 426218 -1 -1 -1 -1 -1 -1)
#(0 198 372 50 0 2 1 80 426325 -1 -1 -1 -1 -1 -1)
#(0 198 721 59 0 2 1 77 410470 -1 -1 -1 -1 -1 -1)
#(0 198 2025 28 0 3 1 76 405137 -1 -1 -1 -1 -1 -1)
#(0 198 751 53 0 2 1 75 400279 -1 -1 -1 -1 -1 -1)
#(0 198 2020 35 0 2 1 74 394158 -1 -1 -1 -1 -1 -1)
#(0 198 2021 20 0 3 1 70 373848 -1 -1 -1 -1 -1 -1)
#(0 198 376 57 0 2 1 68 359131 -1 -1 -1 -1 -1 -1)
#(0 198 741 44 0 3 1 63 334374 -1 -1 -1 -1 -1 -1)
#(0 198 374 64 0 1 1 62 331576 -1 -1 -1 -1 -1 -1)
#(0 198 1720 65 0 1 1 60 317085 -1 -1 -1 -1 -1 -1)
#(0 198 745 61 0 2 1 59 314167 -1 -1 -1 -1 -1 -1)
#(0 198 367 62 0 3 1 59 312264 -1 -1 -1 -1 -1 -1)
#(0 198 2019 45 0 2 1 56 298570 -1 -1 -1 -1 -1 -1)
#(0 198 364 57 0 3 1 55 291898 -1 -1 -1 -1 -1 -1)
#(0 198 2026 20 0 3 1 54 289370 -1 -1 -1 -1 -1 -1)
#(0 198 2301 20 0 0 1 52 279510 -1 -1 -1 -1 -1 -1)
#(0 198 2307 29 0 0 1 51 274084 -1 -1 -1 -1 -1 -1)
#(0 198 1092 57 0 2 1 51 270573 -1 -1 -1 -1 -1 -1)
#(0 198 1712 69 0 3 1 50 269186 -1 -1 -1 -1 -1 -1)
#(0 198 1095 64 0 3 1 47 253342 -1 -1 -1 -1 -1 -1)
#(0 198 1096 55 0 3 1 47 249981 -1 -1 -1 -1 -1 -1)
#(0 198 363 57 0 1 1 45 239034 -1 -1 -1 -1 -1 -1)
#(0 198 2023 20 0 3 1 43 231286 -1 -1 -1 -1 -1 -1)
#(0 198 1408 63 0 1 1 37 197443 -1 -1 -1 -1 -1 -1)
#(0 198 1090 42 0 3 1 37 199139 -1 -1 -1 -1 -1 -1)
#(0 198 2018 44 0 3 1 34 182434 -1 -1 -1 -1 -1 -1)
#(0 198 1721 54 0 2 1 32 170218 -1 -1 -1 -1 -1 -1)
#(0 198 2016 35 0 3 1 32 172389 -1 -1 -1 -1 -1 -1)
#(0 198 734 54 0 2 1 32 172725 -1 -1 -1 -1 -1 -1)
#(0 198 362 63 0 1 1 31 168741 -1 -1 -1 -1 -1 -1)
#(0 198 740 70 0 2 1 30 159249 -1 -1 -1 -1 -1 -1)
#(0 198 1098 44 0 2 1 27 146245 -1 -1 -1 -1 -1 -1)
#(0 199 2313 32 0 0 0 0 522 -1 -1 -1 -1 -1 -1)
#(0 199 37 42 0 0 1 8 46700 -1 -1 -1 -1 -1 -1)
#(0 199 2034 34 0 3 0 1 7079 -1 -1 -1 -1 -1 -1)
#(0 199 1416 59 0 3 0 2 12612 -1 -1 -1 -1 -1 -1)
#(0 199 1724 52 0 2 0 3 19733 -1 -1 -1 -1 -1 -1)
#(0 199 378 49 0 2 0 3 20537 -1 -1 -1 -1 -1 -1)
#(0 199 2314 22 0 0 0 6 32030 -1 -1 -1 -1 -1 -1)
#(0 199 381 57 0 2 0 8 46079 -1 -1 -1 -1 -1 -1)
#(0 199 1406 48 0 1 0 9 52790 -1 -1 -1 -1 -1 -1)
#(0 199 1413 44 0 2 0 10 57713 -1 -1 -1 -1 -1 -1)
#(0 199 1108 58 0 2 0 11 62058 -1 -1 -1 -1 -1 -1)
#(0 199 389 61 0 1 0 11 62589 -1 -1 -1 -1 -1 -1)
#(0 199 2032 36 0 3 0 15 81071 -1 -1 -1 -1 -1 -1)
#(0 199 1726 66 0 3 0 19 105102 -1 -1 -1 -1 -1 -1)
#(0 199 379 65 0 3 0 20 105839 -1 -1 -1 -1 -1 -1)
#(0 199 2309 34 0 0 0 21 111465 -1 -1 -1 -1 -1 -1)
#(0 199 1105 55 0 2 0 24 130247 -1 -1 -1 -1 -1 -1)
#(0 199 1725 41 0 2 0 24 129549 -1 -1 -1 -1 -1 -1)
#(0 199 1113 53 0 1 0 25 134576 -1 -1 -1 -1 -1 -1)
#(0 199 753 44 0 2 0 27 146042 -1 -1 -1 -1 -1 -1)
#(0 199 1109 56 0 1 0 27 147240 -1 -1 -1 -1 -1 -1)
#(0 199 2310 27 0 0 0 30 158858 -1 -1 -1 -1 -1 -1)
#(0 199 1114 67 0 1 0 30 158736 -1 -1 -1 -1 -1 -1)
#(0 199 756 70 0 3 0 30 162433 -1 -1 -1 -1 -1 -1)
#(0 199 1094 65 0 1 0 31 168257 -1 -1 -1 -1 -1 -1)
#(0 199 1728 57 0 2 0 31 167960 -1 -1 -1 -1 -1 -1)
#(0 199 754 53 0 2 0 33 176463 -1 -1 -1 -1 -1 -1)
#(0 199 759 57 0 3 0 36 190633 -1 -1 -1 -1 -1 -1)
#(0 199 1419 57 0 2 0 36 191482 -1 -1 -1 -1 -1 -1)
#(0 199 386 51 0 3 0 37 197464 -1 -1 -1 -1 -1 -1)
#(0 199 1412 54 0 3 0 41 218351 -1 -1 -1 -1 -1 -1)
#(0 199 385 57 0 3 0 47 251737 -1 -1 -1 -1 -1 -1)
#(0 199 1731 55 0 3 0 53 283875 -1 -1 -1 -1 -1 -1)
#(0 199 2028 20 0 3 0 53 280892 -1 -1 -1 -1 -1 -1)
#(0 199 1103 44 0 1 0 54 286737 -1 -1 -1 -1 -1 -1)
#(0 199 1723 44 0 2 0 57 303939 -1 -1 -1 -1 -1 -1)
#(0 199 387 44 0 3 0 60 317001 -1 -1 -1 -1 -1 -1)
#(3 199 387 -1 0 -1 -1 -1 -1 92 -1 -1 -1 -1 58)
#(0 199 2033 51 0 1 0 94 498928 -1 -1 -1 -1 -1 -1)
#(0 199 1101 63 0 3 1 96 511909 -1 -1 -1 -1 -1 -1)
#(0 199 1727 62 0 2 1 96 507346 -1 -1 -1 -1 -1 -1)
#(0 199 371 51 0 2 1 94 499586 -1 -1 -1 -1 -1 -1)
#(0 199 757 63 0 1 1 93 494543 -1 -1 -1 -1 -1 -1)
#(0 199 758 60 0 2 1 92 490205 -1 -1 -1 -1 -1 -1)
#(0 199 1706 63 0 2 1 89 470874 -1 -1 -1 -1 -1 -1)
#(0 199 761 55 0 3 1 88 469669 -1 -1 -1 -1 -1 -1)
#(0 199 1421 60 0 2 1 88 467810 -1 -1 -1 -1 -1 -1)
#(0 199 2306 24 0 0 1 86 458979 -1 -1 -1 -1 -1 -1)
#(0 199 1418 57 0 3 1 86 457338 -1 -1 -1 -1 -1 -1)
#(0 199 760 57 0 3 1 86 457406 -1 -1 -1 -1 -1 -1)
#(0 199 2029 45 0 3 1 85 451734 -1 -1 -1 -1 -1 -1)
#(0 199 2312 27 0 0 1 84 448349 -1 -1 -1 -1 -1 -1)
#(0 199 752 44 0 3 1 83 439996 -1 -1 -1 -1 -1 -1)
#(0 199 2311 26 0 0 1 81 432530 -1 -1 -1 -1 -1 -1)
#(0 199 1104 51 0 3 1 80 424471 -1 -1 -1 -1 -1 -1)
#(0 199 724 44 0 1 1 78 413599 -1 -1 -1 -1 -1 -1)
#(0 199 382 51 0 3 1 78 415038 -1 -1 -1 -1 -1 -1)
#(0 199 2009 21 0 2 1 78 416048 -1 -1 -1 -1 -1 -1)
#(0 199 1415 56 0 2 1 76 405073 -1 -1 -1 -1 -1 -1)
#(0 199 383 61 0 2 1 76 401490 -1 -1 -1 -1 -1 -1)
#(0 199 2031 36 0 3 1 71 378246 -1 -1 -1 -1 -1 -1)
#(0 199 1414 54 0 2 1 65 347426 -1 -1 -1 -1 -1 -1)
#(0 199 1111 51 0 2 1 64 340317 -1 -1 -1 -1 -1 -1)
#(0 199 380 60 0 1 1 64 338439 -1 -1 -1 -1 -1 -1)
#(0 199 1417 59 0 2 1 62 330747 -1 -1 -1 -1 -1 -1)
#(0 199 1112 59 0 2 1 60 318269 -1 -1 -1 -1 -1 -1)
#(0 199 1420 51 0 2 1 59 316261 -1 -1 -1 -1 -1 -1)
#(0 199 2030 38 0 3 1 59 314795 -1 -1 -1 -1 -1 -1)
#(0 199 390 44 0 2 1 54 290206 -1 -1 -1 -1 -1 -1)
#(0 199 1102 57 0 2 1 44 233578 -1 -1 -1 -1 -1 -1)
#(0 199 369 75 0 3 1 44 235134 -1 -1 -1 -1 -1 -1)
#(0 199 388 64 0 1 1 32 173865 -1 -1 -1 -1 -1 -1)
#(0 199 1106 51 0 3 1 31 166091 -1 -1 -1 -1 -1 -1)
#(0 199 1730 61 0 2 1 27 143273 -1 -1 -1 -1 -1 -1)
#(0 200 1742 55 0 2 0 3 19837 -1 -1 -1 -1 -1 -1)
#(0 200 392 67 0 1 0 4 21301 -1 -1 -1 -1 -1 -1)
#(0 200 774 56 0 2 0 5 27114 -1 -1 -1 -1 -1 -1)
#(0 200 1427 57 0 1 0 5 28366 -1 -1 -1 -1 -1 -1)
#(0 200 2044 30 0 3 0 6 33215 -1 -1 -1 -1 -1 -1)
#(0 200 776 51 0 2 0 7 41859 -1 -1 -1 -1 -1 -1)
#(0 200 1734 57 0 2 0 13 73167 -1 -1 -1 -1 -1 -1)
#(2 200 1734 -1 -1 -1 -1 -1 -1 93 -1 -1 -1 -1 -1)
#(0 200 393 44 0 1 0 14 74153 -1 -1 -1 -1 -1 -1)
#(0 200 1118 54 0 1 0 15 82357 -1 -1 -1 -1 -1 -1)
#(0 200 773 59 0 2 0 15 80689 -1 -1 -1 -1 -1 -1)
#(0 200 769 54 0 3 0 17 90044 -1 -1 -1 -1 -1 -1)
#(0 200 772 44 0 3 0 18 98537 -1 -1 -1 -1 -1 -1)
#(0 200 1741 65 0 2 0 18 100048 -1 -1 -1 -1 -1 -1)
#(0 200 1736 40 0 2 0 24 129432 -1 -1 -1 -1 -1 -1)
#(0 200 767 62 0 3 0 24 129274 -1 -1 -1 -1 -1 -1)
#(0 200 770 54 0 3 0 25 133999 -1 -1 -1 -1 -1 -1)
#(0 200 1424 57 0 1 0 26 138787 -1 -1 -1 -1 -1 -1)
#(0 200 762 61 0 3 0 26 138527 -1 -1 -1 -1 -1 -1)
#(0 200 2037 33 0 2 0 35 186508 -1 -1 -1 -1 -1 -1)
#(0 200 1738 68 0 3 0 39 211190 -1 -1 -1 -1 -1 -1)
#(0 200 400 63 0 2 0 41 221566 -1 -1 -1 -1 -1 -1)
#(0 200 766 70 0 1 0 48 256998 -1 -1 -1 -1 -1 -1)
#(0 200 2043 47 0 3 0 51 271705 -1 -1 -1 -1 -1 -1)
#(0 200 1119 50 0 3 0 55 293180 -1 -1 -1 -1 -1 -1)
#(0 200 771 67 0 3 0 56 299052 -1 -1 -1 -1 -1 -1)
#(0 200 1425 55 0 1 0 56 296860 -1 -1 -1 -1 -1 -1)
#(0 200 2317 29 0 0 0 57 301449 -1 -1 -1 -1 -1 -1)
#(0 200 1732 59 0 1 0 61 326626 -1 -1 -1 -1 -1 -1)
#(0 200 1115 67 0 2 0 62 327904 -1 -1 -1 -1 -1 -1)
#(0 200 399 75 0 2 0 62 330031 -1 -1 -1 -1 -1 -1)
#(0 200 1740 57 0 3 0 64 342160 -1 -1 -1 -1 -1 -1)
#(0 200 2035 20 0 3 0 76 402331 -1 -1 -1 -1 -1 -1)
#(0 200 2040 43 0 3 0 78 414068 -1 -1 -1 -1 -1 -1)
#(0 200 2041 20 0 2 0 79 418163 -1 -1 -1 -1 -1 -1)
#(0 200 1737 51 0 2 1 99 524329 -1 -1 -1 -1 -1 -1)
#(0 200 2318 23 0 0 1 98 522336 -1 -1 -1 -1 -1 -1)
#(0 200 2323 29 0 0 1 97 516971 -1 -1 -1 -1 -1 -1)
#(0 200 395 51 0 1 1 97 515323 -1 -1 -1 -1 -1 -1)
#(0 200 1116 62 0 3 1 97 512552 -1 -1 -1 -1 -1 -1)
#(0 200 384 56 0 2 1 95 502799 -1 -1 -1 -1 -1 -1)
#(0 200 2320 25 0 0 1 93 495912 -1 -1 -1 -1 -1 -1)
#(0 200 391 61 0 3 1 93 492435 -1 -1 -1 -1 -1 -1)
#(0 200 1423 61 0 3 1 90 479551 -1 -1 -1 -1 -1 -1)
#(0 200 398 61 0 1 1 90 475205 -1 -1 -1 -1 -1 -1)
#(0 200 1733 51 0 2 1 87 461006 -1 -1 -1 -1 -1 -1)
#(0 200 2315 23 0 0 1 84 448429 -1 -1 -1 -1 -1 -1)
#(0 200 775 54 0 3 1 80 427023 -1 -1 -1 -1 -1 -1)
#(0 200 1107 44 0 1 1 80 426193 -1 -1 -1 -1 -1 -1)
#(0 200 2014 20 0 0 1 78 416145 -1 -1 -1 -1 -1 -1)
#(0 200 396 56 0 3 1 75 400571 -1 -1 -1 -1 -1 -1)
#(0 200 2036 31 0 2 1 75 399572 -1 -1 -1 -1 -1 -1)
#(0 200 402 50 0 2 1 75 399770 -1 -1 -1 -1 -1 -1)
#(0 200 2316 20 0 0 1 74 395666 -1 -1 -1 -1 -1 -1)
#(0 200 2042 34 0 2 1 71 378394 -1 -1 -1 -1 -1 -1)
#(0 200 768 51 0 2 1 71 375123 -1 -1 -1 -1 -1 -1)
#(0 200 2039 42 0 3 1 67 356774 -1 -1 -1 -1 -1 -1)
#(0 200 1422 63 0 3 1 66 352402 -1 -1 -1 -1 -1 -1)
#(0 200 397 62 0 3 1 65 343458 -1 -1 -1 -1 -1 -1)
#(0 200 764 55 0 2 1 63 337212 -1 -1 -1 -1 -1 -1)
#(0 200 1120 44 0 3 1 61 325846 -1 -1 -1 -1 -1 -1)
#(0 200 765 56 0 1 1 52 277449 -1 -1 -1 -1 -1 -1)
#(0 200 394 65 0 2 1 41 220699 -1 -1 -1 -1 -1 -1)
#(0 200 763 75 0 1 1 40 211291 -1 -1 -1 -1 -1 -1)
#(0 200 1117 62 0 2 1 37 197085 -1 -1 -1 -1 -1 -1)
#(0 200 1426 64 0 2 1 35 188276 -1 -1 -1 -1 -1 -1)
#(0 200 1735 51 0 1 1 27 144358 -1 -1 -1 -1 -1 -1)
#(0 200 2319 25 0 0 1 26 142148 -1 -1 -1 -1 -1 -1)
#(0 200 2038 51 0 3 1 24 129339 -1 -1 -1 -1 -1 -1)
#(0 201 1125 50 0 1 0 4 25302 -1 -1 -1 -1 -1 -1)
#(0 201 2326 29 0 0 0 9 48003 -1 -1 -1 -1 -1 -1)
#(0 201 1438 59 0 3 0 9 49215 -1 -1 -1 -1 -1 -1)
#(0 201 786 54 0 1 0 10 53243 -1 -1 -1 -1 -1 -1)
#(0 201 2046 43 0 1 0 10 55132 -1 -1 -1 -1 -1 -1)
#(0 201 1436 59 0 1 0 12 64032 -1 -1 -1 -1 -1 -1)
#(0 201 2052 27 0 2 0 12 64781 -1 -1 -1 -1 -1 -1)
#(0 201 408 59 0 1 0 12 67708 -1 -1 -1 -1 -1 -1)
#(0 201 1746 69 0 3 0 13 68981 -1 -1 -1 -1 -1 -1)
#(0 201 777 58 0 1 0 13 71482 -1 -1 -1 -1 -1 -1)
#(0 201 1122 44 0 2 0 21 112459 -1 -1 -1 -1 -1 -1)
#(0 201 1431 44 0 1 0 27 147487 -1 -1 -1 -1 -1 -1)
#(0 201 413 67 0 1 0 30 159286 -1 -1 -1 -1 -1 -1)
#(0 201 783 51 0 2 0 33 179280 -1 -1 -1 -1 -1 -1)
#(0 201 2327 30 0 0 0 38 201139 -1 -1 -1 -1 -1 -1)
#(0 201 1743 59 0 3 0 38 205473 -1 -1 -1 -1 -1 -1)
#(0 201 1127 44 0 2 0 39 207493 -1 -1 -1 -1 -1 -1)
#(0 201 787 55 0 2 0 42 222442 -1 -1 -1 -1 -1 -1)
#(0 201 409 51 0 2 0 49 260775 -1 -1 -1 -1 -1 -1)
#(0 201 1437 57 0 3 0 49 260315 -1 -1 -1 -1 -1 -1)
#(0 201 2050 20 0 2 0 52 275599 -1 -1 -1 -1 -1 -1)
#(0 201 2324 25 0 0 0 55 290814 -1 -1 -1 -1 -1 -1)
#(0 201 404 61 0 2 0 57 301308 -1 -1 -1 -1 -1 -1)
#(0 201 781 62 0 2 0 61 324492 -1 -1 -1 -1 -1 -1)
#(0 201 778 64 0 3 0 65 345860 -1 -1 -1 -1 -1 -1)
#(0 201 1747 65 0 1 0 70 374867 -1 -1 -1 -1 -1 -1)
#(0 201 1123 61 0 2 0 80 426774 -1 -1 -1 -1 -1 -1)
#(0 201 1132 44 0 1 0 82 434456 -1 -1 -1 -1 -1 -1)
#(0 201 1744 44 0 2 0 84 446467 -1 -1 -1 -1 -1 -1)
#(0 201 784 61 0 2 1 97 515188 -1 -1 -1 -1 -1 -1)
#(0 201 1430 57 0 3 1 97 515878 -1 -1 -1 -1 -1 -1)
#(0 201 1729 69 0 3 1 96 506923 -1 -1 -1 -1 -1 -1)
#(0 201 401 51 0 2 1 95 503128 -1 -1 -1 -1 -1 -1)
#(0 201 2048 38 0 3 1 94 499590 -1 -1 -1 -1 -1 -1)
#(0 201 411 44 0 1 1 93 496088 -1 -1 -1 -1 -1 -1)
#(0 201 1749 55 0 2 1 92 486998 -1 -1 -1 -1 -1 -1)
#(0 201 1433 57 0 3 1 92 489554 -1 -1 -1 -1 -1 -1)
#(0 201 2328 24 0 0 1 90 480100 -1 -1 -1 -1 -1 -1)
#(0 201 1745 54 0 2 1 89 471325 -1 -1 -1 -1 -1 -1)
#(0 201 780 57 0 2 1 89 473674 -1 -1 -1 -1 -1 -1)
#(0 201 2325 27 0 0 1 85 453631 -1 -1 -1 -1 -1 -1)
#(0 201 1129 62 0 2 1 85 453707 -1 -1 -1 -1 -1 -1)
#(0 201 1428 55 0 2 1 83 442141 -1 -1 -1 -1 -1 -1)
#(0 201 755 66 0 3 1 82 437425 -1 -1 -1 -1 -1 -1)
#(0 201 1429 55 0 3 1 82 437185 -1 -1 -1 -1 -1 -1)
#(0 201 410 64 0 3 1 80 422504 -1 -1 -1 -1 -1 -1)
#(0 201 2049 45 0 2 1 79 420081 -1 -1 -1 -1 -1 -1)
#(0 201 1126 44 0 3 1 79 420842 -1 -1 -1 -1 -1 -1)
#(0 201 727 44 0 2 1 78 413684 -1 -1 -1 -1 -1 -1)
#(0 201 1435 57 0 2 1 77 409999 -1 -1 -1 -1 -1 -1)
#(0 201 1750 54 0 1 1 75 397298 -1 -1 -1 -1 -1 -1)
#(0 201 2051 32 0 2 1 73 389100 -1 -1 -1 -1 -1 -1)
#(0 201 1121 58 0 3 1 69 365630 -1 -1 -1 -1 -1 -1)
#(0 201 405 66 0 2 1 68 364129 -1 -1 -1 -1 -1 -1)
#(0 201 407 57 0 3 1 68 360559 -1 -1 -1 -1 -1 -1)
#(0 201 782 44 0 1 1 66 350265 -1 -1 -1 -1 -1 -1)
#(0 201 1130 69 0 2 1 64 338402 -1 -1 -1 -1 -1 -1)
#(0 201 1751 58 0 2 1 62 328419 -1 -1 -1 -1 -1 -1)
#(0 201 1748 66 0 2 1 45 237873 -1 -1 -1 -1 -1 -1)
#(0 201 1432 55 0 2 1 44 236441 -1 -1 -1 -1 -1 -1)
#(0 201 785 70 0 2 1 43 228901 -1 -1 -1 -1 -1 -1)
#(0 201 1131 57 0 3 1 39 207151 -1 -1 -1 -1 -1 -1)
#(0 201 2045 34 0 1 1 37 198797 -1 -1 -1 -1 -1 -1)
#(0 201 1124 51 0 1 1 36 192481 -1 -1 -1 -1 -1 -1)
#(0 201 406 67 0 2 1 27 146624 -1 -1 -1 -1 -1 -1)
#(0 201 779 55 0 2 1 22 120755 -1 -1 -1 -1 -1 -1)
#(0 201 1434 44 0 1 1 17 90095 -1 -1 -1 -1 -1 -1)
#(0 202 416 55 0 2 0 2 14101 -1 -1 -1 -1 -1 -1)
#(0 202 1760 54 0 2 0 3 19792 -1 -1 -1 -1 -1 -1)
#(0 202 1753 51 0 2 0 6 35356 -1 -1 -1 -1 -1 -1)
#(0 202 1135 43 0 2 0 6 33172 -1 -1 -1 -1 -1 -1)
#(0 202 1450 62 0 1 0 8 44896 -1 -1 -1 -1 -1 -1)
#(0 202 418 56 0 2 0 10 55690 -1 -1 -1 -1 -1 -1)
#(0 202 2055 28 0 2 0 11 59524 -1 -1 -1 -1 -1 -1)
#(0 202 1755 51 0 2 0 12 67013 -1 -1 -1 -1 -1 -1)
#(0 202 424 44 0 1 0 13 68855 -1 -1 -1 -1 -1 -1)
#(0 202 415 57 0 2 0 14 76828 -1 -1 -1 -1 -1 -1)
#(0 202 1139 48 0 3 0 18 97982 -1 -1 -1 -1 -1 -1)
#(0 202 789 57 0 2 0 18 100269 -1 -1 -1 -1 -1 -1)
#(0 202 427 49 0 1 0 19 104061 -1 -1 -1 -1 -1 -1)
#(0 202 417 62 0 1 0 22 116275 -1 -1 -1 -1 -1 -1)
#(0 202 420 61 0 2 0 23 121565 -1 -1 -1 -1 -1 -1)
#(0 202 1739 40 0 2 0 24 129388 -1 -1 -1 -1 -1 -1)
#(0 202 2056 39 0 2 0 27 144580 -1 -1 -1 -1 -1 -1)
#(0 202 2332 28 0 0 0 28 148298 -1 -1 -1 -1 -1 -1)
#(0 202 2060 36 0 3 0 28 149711 -1 -1 -1 -1 -1 -1)
#(0 202 1133 51 0 2 0 30 161229 -1 -1 -1 -1 -1 -1)
#(0 202 1443 51 0 2 0 32 169621 -1 -1 -1 -1 -1 -1)
#(0 202 1134 51 0 3 0 32 171435 -1 -1 -1 -1 -1 -1)
#(0 202 788 54 0 1 0 33 176521 -1 -1 -1 -1 -1 -1)
#(0 202 1143 55 0 2 0 40 214660 -1 -1 -1 -1 -1 -1)
#(0 202 792 55 0 3 0 41 220699 -1 -1 -1 -1 -1 -1)
#(0 202 1448 64 0 2 0 41 218559 -1 -1 -1 -1 -1 -1)
#(0 202 1140 64 0 2 0 48 258150 -1 -1 -1 -1 -1 -1)
#(0 202 414 57 0 3 0 49 261507 -1 -1 -1 -1 -1 -1)
#(0 202 2059 49 0 1 0 50 266596 -1 -1 -1 -1 -1 -1)
#(0 202 2331 25 0 0 0 52 274972 -1 -1 -1 -1 -1 -1)
#(0 202 428 64 0 3 0 52 274934 -1 -1 -1 -1 -1 -1)
#(0 202 2058 35 0 1 0 55 292198 -1 -1 -1 -1 -1 -1)
#(0 202 1754 66 0 1 0 55 295523 -1 -1 -1 -1 -1 -1)
#(0 202 2333 23 0 0 0 61 322445 -1 -1 -1 -1 -1 -1)
#(0 202 1444 70 0 2 0 61 325264 -1 -1 -1 -1 -1 -1)
#(0 202 2047 21 0 2 0 79 418173 -1 -1 -1 -1 -1 -1)
#(0 202 2057 52 0 2 1 98 520016 -1 -1 -1 -1 -1 -1)
#(0 202 1137 62 0 1 1 97 512372 -1 -1 -1 -1 -1 -1)
#(0 202 1758 59 0 2 1 97 512899 -1 -1 -1 -1 -1 -1)
#(0 202 426 66 0 2 1 96 507417 -1 -1 -1 -1 -1 -1)
#(0 202 1756 51 0 1 1 95 502846 -1 -1 -1 -1 -1 -1)
#(0 202 790 62 0 2 1 95 504520 -1 -1 -1 -1 -1 -1)
#(0 202 2321 22 0 0 1 93 495938 -1 -1 -1 -1 -1 -1)
#(0 202 794 66 0 1 1 92 490567 -1 -1 -1 -1 -1 -1)
#(0 202 1141 43 0 2 1 92 489628 -1 -1 -1 -1 -1 -1)
#(0 202 1449 60 0 2 1 89 472667 -1 -1 -1 -1 -1 -1)
#(0 202 425 56 0 2 1 88 465816 -1 -1 -1 -1 -1 -1)
#(0 202 1757 55 0 3 1 87 460696 -1 -1 -1 -1 -1 -1)
#(0 202 1446 66 0 1 1 85 451136 -1 -1 -1 -1 -1 -1)
#(0 202 1447 53 0 1 1 83 442281 -1 -1 -1 -1 -1 -1)
#(0 202 791 66 0 3 1 80 424729 -1 -1 -1 -1 -1 -1)
#(0 202 2022 20 0 0 1 78 416183 -1 -1 -1 -1 -1 -1)
#(0 202 1761 44 0 1 1 77 408897 -1 -1 -1 -1 -1 -1)
#(0 202 421 51 0 3 1 76 404475 -1 -1 -1 -1 -1 -1)
#(0 202 419 44 0 2 1 75 401103 -1 -1 -1 -1 -1 -1)
#(0 202 1136 44 0 3 1 75 399807 -1 -1 -1 -1 -1 -1)
#(0 202 2322 21 0 0 1 74 395642 -1 -1 -1 -1 -1 -1)
#(0 202 1138 57 0 2 1 74 391960 -1 -1 -1 -1 -1 -1)
#(0 202 2330 20 0 0 1 73 390391 -1 -1 -1 -1 -1 -1)
#(0 202 1441 57 0 1 1 72 383831 -1 -1 -1 -1 -1 -1)
#(0 202 2329 25 0 0 1 70 374462 -1 -1 -1 -1 -1 -1)
#(0 202 1440 59 0 2 1 70 373150 -1 -1 -1 -1 -1 -1)
#(0 202 1445 54 0 2 1 65 347343 -1 -1 -1 -1 -1 -1)
#(0 202 412 61 0 2 1 64 343197 -1 -1 -1 -1 -1 -1)
#(0 202 423 44 0 1 1 62 332415 -1 -1 -1 -1 -1 -1)
#(0 202 422 62 0 2 1 54 285606 -1 -1 -1 -1 -1 -1)
#(0 202 1442 62 0 1 1 43 230056 -1 -1 -1 -1 -1 -1)
#(0 202 2054 41 0 2 1 39 209095 -1 -1 -1 -1 -1 -1)
#(0 202 1759 64 0 2 1 34 179937 -1 -1 -1 -1 -1 -1)
#(0 202 1752 44 0 2 1 30 160707 -1 -1 -1 -1 -1 -1)
#(0 202 1762 70 0 1 1 27 147573 -1 -1 -1 -1 -1 -1)
#(0 203 1451 48 0 2 0 1 6258 -1 -1 -1 -1 -1 -1)
#(0 203 2066 42 0 3 0 5 28637 -1 -1 -1 -1 -1 -1)
#(0 203 1455 51 0 1 0 6 32756 -1 -1 -1 -1 -1 -1)
#(0 203 799 58 0 1 0 8 43314 -1 -1 -1 -1 -1 -1)
#(0 203 1154 63 0 3 0 9 48135 -1 -1 -1 -1 -1 -1)
#(0 203 1145 59 0 1 0 9 51540 -1 -1 -1 -1 -1 -1)
#(0 203 1439 67 0 1 0 9 49588 -1 -1 -1 -1 -1 -1)
#(0 203 435 51 0 3 0 10 52891 -1 -1 -1 -1 -1 -1)
#(0 203 797 57 0 1 0 11 59574 -1 -1 -1 -1 -1 -1)
#(0 203 1462 58 0 1 0 12 64573 -1 -1 -1 -1 -1 -1)
#(0 203 2337 25 0 0 0 14 74338 -1 -1 -1 -1 -1 -1)
#(0 203 1456 51 0 1 0 15 79775 -1 -1 -1 -1 -1 -1)
#(0 203 2340 20 0 0 0 20 105925 -1 -1 -1 -1 -1 -1)
#(0 203 2062 40 0 1 0 20 107748 -1 -1 -1 -1 -1 -1)
#(0 203 2335 30 0 0 0 21 111399 -1 -1 -1 -1 -1 -1)
#(0 203 1128 66 0 2 0 21 114750 -1 -1 -1 -1 -1 -1)
#(0 203 1147 74 0 1 0 28 153088 -1 -1 -1 -1 -1 -1)
#(0 203 1768 62 0 2 0 28 152742 -1 -1 -1 -1 -1 -1)
#(0 203 1763 44 0 2 0 34 182510 -1 -1 -1 -1 -1 -1)
#(0 203 793 57 0 1 0 42 222696 -1 -1 -1 -1 -1 -1)
#(0 203 1144 51 0 3 0 42 224609 -1 -1 -1 -1 -1 -1)
#(0 203 1458 51 0 2 0 46 243326 -1 -1 -1 -1 -1 -1)
#(0 203 2341 34 0 0 0 49 259280 -1 -1 -1 -1 -1 -1)
#(0 203 2339 20 0 0 0 60 317128 -1 -1 -1 -1 -1 -1)
#(0 203 2068 34 0 1 0 61 323845 -1 -1 -1 -1 -1 -1)
#(0 203 2342 25 0 0 0 63 333040 -1 -1 -1 -1 -1 -1)
#(0 203 2063 44 0 3 0 86 456335 -1 -1 -1 -1 -1 -1)
#(0 203 1148 45 0 1 1 98 520279 -1 -1 -1 -1 -1 -1)
#(0 203 2065 38 0 1 1 98 520707 -1 -1 -1 -1 -1 -1)
#(0 203 1457 44 0 1 1 98 517810 -1 -1 -1 -1 -1 -1)
#(0 203 2064 46 0 1 1 95 504495 -1 -1 -1 -1 -1 -1)
#(0 203 800 56 0 2 1 94 500850 -1 -1 -1 -1 -1 -1)
#(0 203 1460 50 0 3 1 91 483270 -1 -1 -1 -1 -1 -1)
#(0 203 1767 60 0 2 1 90 476484 -1 -1 -1 -1 -1 -1)
#(0 203 1766 46 0 2 1 88 466451 -1 -1 -1 -1 -1 -1)
#(0 203 798 59 0 2 1 88 468665 -1 -1 -1 -1 -1 -1)
#(0 203 1452 64 0 3 1 85 451066 -1 -1 -1 -1 -1 -1)
#(0 203 1155 44 0 3 1 83 442028 -1 -1 -1 -1 -1 -1)
#(0 203 1146 66 0 1 1 75 400971 -1 -1 -1 -1 -1 -1)
#(0 203 1764 55 0 2 1 75 397185 -1 -1 -1 -1 -1 -1)
#(0 203 1152 44 0 1 1 73 389147 -1 -1 -1 -1 -1 -1)
#(0 203 2053 28 0 2 1 73 389289 -1 -1 -1 -1 -1 -1)
#(0 203 795 74 0 3 1 68 359902 -1 -1 -1 -1 -1 -1)
#(0 203 430 59 0 2 1 65 344380 -1 -1 -1 -1 -1 -1)
#(0 203 1765 61 0 1 1 64 338144 -1 -1 -1 -1 -1 -1)
#(0 203 2343 25 0 0 1 63 337529 -1 -1 -1 -1 -1 -1)
#(0 203 802 51 0 2 1 61 322283 -1 -1 -1 -1 -1 -1)
#(0 203 2336 26 0 0 1 60 321641 -1 -1 -1 -1 -1 -1)
#(0 203 1153 44 0 2 1 60 320499 -1 -1 -1 -1 -1 -1)
#(0 203 431 63 0 3 1 59 312126 -1 -1 -1 -1 -1 -1)
#(0 203 429 54 0 1 1 57 306106 -1 -1 -1 -1 -1 -1)
#(0 203 1150 64 0 1 1 56 300890 -1 -1 -1 -1 -1 -1)
#(0 203 2069 34 0 2 1 55 293957 -1 -1 -1 -1 -1 -1)
#(0 203 1459 58 0 2 1 49 262291 -1 -1 -1 -1 -1 -1)
#(0 203 1464 64 0 3 1 48 256042 -1 -1 -1 -1 -1 -1)
#(0 203 433 75 0 1 1 46 246723 -1 -1 -1 -1 -1 -1)
#(0 203 801 59 0 2 1 38 204334 -1 -1 -1 -1 -1 -1)
#(0 203 2067 28 0 2 1 37 199226 -1 -1 -1 -1 -1 -1)
#(0 203 1454 66 0 2 1 36 192879 -1 -1 -1 -1 -1 -1)
#(0 204 1777 59 0 1 0 3 20048 -1 -1 -1 -1 -1 -1)
#(0 204 1474 57 0 3 0 4 22531 -1 -1 -1 -1 -1 -1)
#(0 204 810 46 0 2 0 5 26713 -1 -1 -1 -1 -1 -1)
#(0 204 1164 55 0 1 0 5 29654 -1 -1 -1 -1 -1 -1)
#(0 204 2349 20 0 0 0 6 31998 -1 -1 -1 -1 -1 -1)
#(0 204 812 52 0 3 0 6 32722 -1 -1 -1 -1 -1 -1)
#(0 204 1779 43 0 2 0 7 39845 -1 -1 -1 -1 -1 -1)
#(0 204 2347 26 0 0 0 8 42670 -1 -1 -1 -1 -1 -1)
#(0 204 1463 57 0 3 0 8 43731 -1 -1 -1 -1 -1 -1)
#(0 204 808 65 0 2 0 9 50756 -1 -1 -1 -1 -1 -1)
#(0 204 1149 56 0 3 0 9 52129 -1 -1 -1 -1 -1 -1)
#(0 204 446 51 0 2 0 10 54348 -1 -1 -1 -1 -1 -1)
#(0 204 452 54 0 2 0 11 62629 -1 -1 -1 -1 -1 -1)
#(0 204 2338 25 0 0 0 14 74326 -1 -1 -1 -1 -1 -1)
#(0 204 1770 62 0 1 0 14 78720 -1 -1 -1 -1 -1 -1)
#(0 204 436 52 0 2 0 19 104293 -1 -1 -1 -1 -1 -1)
#(0 204 813 64 0 2 0 20 107818 -1 -1 -1 -1 -1 -1)
#(0 204 440 44 0 2 0 21 111133 -1 -1 -1 -1 -1 -1)
#(0 204 2348 23 0 0 0 22 116538 -1 -1 -1 -1 -1 -1)
#(0 204 453 57 0 2 0 24 130460 -1 -1 -1 -1 -1 -1)
#(0 204 448 67 0 2 0 28 148848 -1 -1 -1 -1 -1 -1)
#(0 204 1784 60 0 4 0 29 157726 -1 -1 -1 -1 -1 -1)
#(0 204 2071 39 0 1 0 33 176394 -1 -1 -1 -1 -1 -1)
#(0 204 1776 45 0 2 0 35 188173 -1 -1 -1 -1 -1 -1)
#(0 204 1473 44 0 1 0 35 189650 -1 -1 -1 -1 -1 -1)
#(0 204 809 70 0 3 0 37 198948 -1 -1 -1 -1 -1 -1)
#(0 204 437 49 0 3 0 38 202664 -1 -1 -1 -1 -1 -1)
#(0 204 2077 36 0 3 0 39 207815 -1 -1 -1 -1 -1 -1)
#(0 204 1773 62 0 2 0 43 231853 -1 -1 -1 -1 -1 -1)
#(0 204 811 62 0 2 0 46 245217 -1 -1 -1 -1 -1 -1)
#(0 204 1778 54 0 2 0 55 294334 -1 -1 -1 -1 -1 -1)
#(0 204 806 67 0 2 0 58 309628 -1 -1 -1 -1 -1 -1)
#(0 204 1774 59 0 3 0 58 310887 -1 -1 -1 -1 -1 -1)
#(0 204 439 44 0 2 0 60 316978 -1 -1 -1 -1 -1 -1)
#(0 204 1470 66 0 2 0 64 340849 -1 -1 -1 -1 -1 -1)
#(0 204 1472 44 0 2 0 76 406053 -1 -1 -1 -1 -1 -1)
#(0 204 2350 29 0 0 0 79 417596 -1 -1 -1 -1 -1 -1)
#(0 204 1469 59 0 3 0 85 450555 -1 -1 -1 -1 -1 -1)
#(0 204 2076 29 0 1 1 99 526399 -1 -1 -1 -1 -1 -1)
#(0 204 442 56 0 2 1 97 513607 -1 -1 -1 -1 -1 -1)
#(0 204 1465 51 0 1 1 95 506341 -1 -1 -1 -1 -1 -1)
#(0 204 445 75 0 2 1 95 505310 -1 -1 -1 -1 -1 -1)
#(0 204 1158 57 0 2 1 93 492375 -1 -1 -1 -1 -1 -1)
#(0 204 1142 60 0 3 1 92 487586 -1 -1 -1 -1 -1 -1)
#(0 204 2079 30 0 3 1 92 489522 -1 -1 -1 -1 -1 -1)
#(0 204 1782 55 0 2 1 91 481663 -1 -1 -1 -1 -1 -1)
#(0 204 1471 64 0 2 1 91 482744 -1 -1 -1 -1 -1 -1)
#(0 204 1467 54 0 2 1 90 480189 -1 -1 -1 -1 -1 -1)
#(0 204 1771 54 0 2 1 89 471276 -1 -1 -1 -1 -1 -1)
#(0 204 1159 65 0 1 1 89 470225 -1 -1 -1 -1 -1 -1)
#(0 204 2345 32 0 0 1 88 469376 -1 -1 -1 -1 -1 -1)
#(0 204 441 44 0 2 1 88 469666 -1 -1 -1 -1 -1 -1)
#(0 204 814 61 0 1 1 88 467558 -1 -1 -1 -1 -1 -1)
#(0 204 451 69 0 2 1 88 468841 -1 -1 -1 -1 -1 -1)
#(0 204 1780 55 0 1 1 85 450122 -1 -1 -1 -1 -1 -1)
#(0 204 2073 27 0 2 1 84 447401 -1 -1 -1 -1 -1 -1)
#(0 204 1156 56 0 1 1 83 443340 -1 -1 -1 -1 -1 -1)
#(0 204 1157 58 0 3 1 82 434002 -1 -1 -1 -1 -1 -1)
#(0 204 444 59 0 1 1 81 428643 -1 -1 -1 -1 -1 -1)
#(0 204 447 66 0 2 1 80 423643 -1 -1 -1 -1 -1 -1)
#(0 204 1165 54 0 2 1 76 403206 -1 -1 -1 -1 -1 -1)
#(0 204 1772 55 0 2 1 75 397151 -1 -1 -1 -1 -1 -1)
#(0 204 432 45 0 1 1 75 399168 -1 -1 -1 -1 -1 -1)
#(0 204 438 51 0 2 1 72 383418 -1 -1 -1 -1 -1 -1)
#(0 204 2334 23 0 0 1 70 374495 -1 -1 -1 -1 -1 -1)
#(0 204 803 53 0 1 1 68 363783 -1 -1 -1 -1 -1 -1)
#(0 204 2070 30 0 2 1 65 346888 -1 -1 -1 -1 -1 -1)
#(0 204 1781 67 0 3 1 64 338036 -1 -1 -1 -1 -1 -1)
#(0 204 807 62 0 1 1 63 336143 -1 -1 -1 -1 -1 -1)
#(0 204 815 59 0 2 1 59 315150 -1 -1 -1 -1 -1 -1)
#(0 204 2078 20 0 2 1 59 315771 -1 -1 -1 -1 -1 -1)
#(0 204 2074 34 0 2 1 56 299187 -1 -1 -1 -1 -1 -1)
#(0 204 1162 62 0 1 1 56 296116 -1 -1 -1 -1 -1 -1)
#(0 204 1769 55 0 2 1 55 291614 -1 -1 -1 -1 -1 -1)
#(0 204 804 54 0 2 1 53 284700 -1 -1 -1 -1 -1 -1)
#(0 204 1160 57 0 2 1 53 281080 -1 -1 -1 -1 -1 -1)
#(0 204 1466 54 0 2 1 51 273410 -1 -1 -1 -1 -1 -1)
#(0 204 1775 57 0 2 1 48 254494 -1 -1 -1 -1 -1 -1)
#(0 204 450 62 0 1 1 48 253877 -1 -1 -1 -1 -1 -1)
#(0 204 2344 25 0 0 1 46 247741 -1 -1 -1 -1 -1 -1)
#(0 204 1161 73 0 2 1 44 235966 -1 -1 -1 -1 -1 -1)
#(0 204 2346 26 0 0 1 41 221324 -1 -1 -1 -1 -1 -1)
#(0 204 1468 52 0 3 1 37 199608 -1 -1 -1 -1 -1 -1)
#(0 204 1461 64 0 3 1 36 192886 -1 -1 -1 -1 -1 -1)
#(0 204 1783 59 0 2 1 26 138064 -1 -1 -1 -1 -1 -1)
#(0 204 2072 21 0 3 1 22 120379 -1 -1 -1 -1 -1 -1)
#(0 205 1178 52 0 2 0 3 19858 -1 -1 -1 -1 -1 -1)
#(0 205 2357 32 0 0 0 4 21650 -1 -1 -1 -1 -1 -1)
#(0 205 2085 38 0 2 0 4 23104 -1 -1 -1 -1 -1 -1)
#(0 205 826 44 0 2 0 5 29866 -1 -1 -1 -1 -1 -1)
#(0 205 2080 39 0 1 0 5 28473 -1 -1 -1 -1 -1 -1)
#(0 205 2088 35 0 2 0 6 33473 -1 -1 -1 -1 -1 -1)
#(0 205 1173 55 0 1 0 8 45816 -1 -1 -1 -1 -1 -1)
#(0 205 1179 45 0 3 0 11 60723 -1 -1 -1 -1 -1 -1)
#(0 205 2087 30 0 2 0 11 59647 -1 -1 -1 -1 -1 -1)
#(0 205 1478 60 0 1 0 12 64300 -1 -1 -1 -1 -1 -1)
#(0 205 824 59 0 2 0 12 65510 -1 -1 -1 -1 -1 -1)
#(0 205 2084 34 0 2 0 13 70375 -1 -1 -1 -1 -1 -1)
#(0 205 2358 23 0 0 0 14 74284 -1 -1 -1 -1 -1 -1)
#(0 205 455 44 0 2 0 15 79389 -1 -1 -1 -1 -1 -1)
#(0 205 1182 57 0 3 0 16 88584 -1 -1 -1 -1 -1 -1)
#(0 205 1180 53 0 2 0 18 98169 -1 -1 -1 -1 -1 -1)
#(0 205 2075 39 0 3 0 20 107735 -1 -1 -1 -1 -1 -1)
#(0 205 819 53 0 2 0 21 111323 -1 -1 -1 -1 -1 -1)
#(0 205 2083 30 0 1 0 21 112502 -1 -1 -1 -1 -1 -1)
#(0 205 462 44 0 3 0 22 116385 -1 -1 -1 -1 -1 -1)
#(0 205 1175 45 0 2 0 25 134167 -1 -1 -1 -1 -1 -1)
#(0 205 1481 70 0 2 0 26 139718 -1 -1 -1 -1 -1 -1)
#(0 205 2352 32 0 0 0 27 143105 -1 -1 -1 -1 -1 -1)
#(0 205 1476 60 0 2 0 27 144583 -1 -1 -1 -1 -1 -1)
#(0 205 457 56 0 3 0 27 147463 -1 -1 -1 -1 -1 -1)
#(0 205 2355 33 0 0 0 29 153694 -1 -1 -1 -1 -1 -1)
#(0 205 459 44 0 1 0 31 163910 -1 -1 -1 -1 -1 -1)
#(0 205 1477 44 0 3 0 32 173823 -1 -1 -1 -1 -1 -1)
#(0 205 1184 50 0 1 0 33 176955 -1 -1 -1 -1 -1 -1)
#(0 205 2354 20 0 0 0 35 185134 -1 -1 -1 -1 -1 -1)
#(0 205 818 44 0 2 0 35 188315 -1 -1 -1 -1 -1 -1)
#(0 205 822 64 0 1 0 35 187574 -1 -1 -1 -1 -1 -1)
#(0 205 454 44 0 2 0 38 200843 -1 -1 -1 -1 -1 -1)
#(0 205 2081 21 0 3 0 42 222811 -1 -1 -1 -1 -1 -1)
#(0 205 1785 64 0 2 0 42 226731 -1 -1 -1 -1 -1 -1)
#(0 205 831 64 0 2 0 43 229670 -1 -1 -1 -1 -1 -1)
#(0 205 1183 52 0 3 0 43 232033 -1 -1 -1 -1 -1 -1)
#(0 205 456 59 0 2 0 46 246551 -1 -1 -1 -1 -1 -1)
#(0 205 1174 55 0 2 0 49 262270 -1 -1 -1 -1 -1 -1)
#(0 205 1482 57 0 2 0 49 260884 -1 -1 -1 -1 -1 -1)
#(0 205 2362 29 0 0 0 64 338389 -1 -1 -1 -1 -1 -1)
#(0 205 1480 51 0 2 0 66 348948 -1 -1 -1 -1 -1 -1)
#(0 205 1788 73 0 4 0 67 358343 -1 -1 -1 -1 -1 -1)
#(0 205 1787 58 0 4 0 70 373906 -1 -1 -1 -1 -1 -1)
#(0 205 2361 32 0 0 0 74 391234 -1 -1 -1 -1 -1 -1)
#(0 205 1176 70 0 2 0 89 471079 -1 -1 -1 -1 -1 -1)
#(0 205 1151 56 0 2 1 98 518563 -1 -1 -1 -1 -1 -1)
#(0 205 1792 59 0 2 1 97 513036 -1 -1 -1 -1 -1 -1)
#(0 205 1167 62 0 1 1 95 506442 -1 -1 -1 -1 -1 -1)
#(0 205 1790 54 0 2 1 94 497718 -1 -1 -1 -1 -1 -1)
#(0 205 2356 27 0 0 1 90 480035 -1 -1 -1 -1 -1 -1)
#(0 205 1786 61 0 2 1 89 471034 -1 -1 -1 -1 -1 -1)
#(0 205 1794 49 0 1 1 88 466372 -1 -1 -1 -1 -1 -1)
#(0 205 1177 55 0 1 1 88 465067 -1 -1 -1 -1 -1 -1)
#(0 205 1166 64 0 2 1 85 453326 -1 -1 -1 -1 -1 -1)
#(0 205 458 54 0 2 1 83 440017 -1 -1 -1 -1 -1 -1)
#(0 205 461 63 0 3 1 81 431873 -1 -1 -1 -1 -1 -1)
#(0 205 1171 57 0 1 1 80 424725 -1 -1 -1 -1 -1 -1)
#(0 205 2359 23 0 0 1 76 406190 -1 -1 -1 -1 -1 -1)
#(0 205 827 56 0 2 1 76 405456 -1 -1 -1 -1 -1 -1)
#(0 205 828 58 0 3 1 75 399395 -1 -1 -1 -1 -1 -1)
#(0 205 825 51 0 2 1 75 396159 -1 -1 -1 -1 -1 -1)
#(0 205 1170 56 0 3 1 74 391979 -1 -1 -1 -1 -1 -1)
#(0 205 2061 29 0 2 1 73 389208 -1 -1 -1 -1 -1 -1)
#(0 205 1169 51 0 1 1 71 377303 -1 -1 -1 -1 -1 -1)
#(2 205 1169 -1 -1 -1 -1 -1 -1 94 -1 -1 -1 -1 -1)
#(0 205 2086 27 0 2 1 71 378787 -1 -1 -1 -1 -1 -1)
#(0 205 2351 23 0 0 1 70 374510 -1 -1 -1 -1 -1 -1)
#(0 205 830 53 0 2 1 66 353001 -1 -1 -1 -1 -1 -1)
#(0 205 1479 45 0 2 1 66 353541 -1 -1 -1 -1 -1 -1)
#(0 205 817 44 0 2 1 66 350214 -1 -1 -1 -1 -1 -1)
#(0 205 1172 51 0 3 1 65 345661 -1 -1 -1 -1 -1 -1)
#(0 205 805 55 0 2 1 60 321756 -1 -1 -1 -1 -1 -1)
#(0 205 2353 20 0 0 1 56 300625 -1 -1 -1 -1 -1 -1)
#(3 205 2353 -1 0 -1 -1 -1 -1 95 -1 -1 -1 -1 21)
#(0 205 823 54 0 2 1 51 273872 -1 -1 -1 -1 -1 -1)
#(0 205 816 64 0 2 1 50 266830 -1 -1 -1 -1 -1 -1)
#(0 205 1791 57 0 1 1 46 243899 -1 -1 -1 -1 -1 -1)
#(0 205 820 62 0 3 1 42 222341 -1 -1 -1 -1 -1 -1)
#(0 205 1789 61 0 3 1 41 216641 -1 -1 -1 -1 -1 -1)
#(0 205 1793 51 0 1 1 36 191717 -1 -1 -1 -1 -1 -1)
#(0 205 1168 57 0 1 1 24 127940 -1 -1 -1 -1 -1 -1)
#(0 205 2089 19 0 0 1 22 120466 -1 -1 -1 -1 -1 -1)
#(0 205 821 50 0 1 1 22 116315 -1 -1 -1 -1 -1 -1)
#(0 205 464 32 0 4 1 11 58573 -1 -1 -1 -1 -1 -1)
#(0 206 1475 57 0 3 0 4 22237 -1 -1 -1 -1 -1 -1)
#(0 206 2366 25 0 0 0 5 26814 -1 -1 -1 -1 -1 -1)
#(0 206 2093 39 0 3 0 7 39027 -1 -1 -1 -1 -1 -1)
#(0 206 467 59 0 1 0 7 41330 -1 -1 -1 -1 -1 -1)
#(0 206 1805 64 0 2 0 8 47316 -1 -1 -1 -1 -1 -1)
#(0 206 463 51 0 3 0 11 60061 -1 -1 -1 -1 -1 -1)
#(0 206 1485 61 0 2 0 11 59092 -1 -1 -1 -1 -1 -1)
#(0 206 2363 29 0 0 0 13 69136 -1 -1 -1 -1 -1 -1)
#(0 206 1187 55 0 3 0 13 72118 -1 -1 -1 -1 -1 -1)
#(0 206 829 62 0 2 0 21 112410 -1 -1 -1 -1 -1 -1)
#(0 206 842 46 0 3 0 25 132485 -1 -1 -1 -1 -1 -1)
#(0 206 1796 51 0 2 0 25 135645 -1 -1 -1 -1 -1 -1)
#(0 206 1486 51 0 1 0 26 137763 -1 -1 -1 -1 -1 -1)
#(2 206 1486 -1 -1 -1 -1 -1 -1 96 -1 -1 -1 -1 -1)
#(0 206 2097 39 0 3 0 27 144576 -1 -1 -1 -1 -1 -1)
#(0 206 2095 51 0 1 0 29 155778 -1 -1 -1 -1 -1 -1)
#(0 206 1797 75 0 1 0 31 164344 -1 -1 -1 -1 -1 -1)
#(0 206 1193 63 0 3 0 32 172653 -1 -1 -1 -1 -1 -1)
#(0 206 1483 66 0 2 0 32 170401 -1 -1 -1 -1 -1 -1)
#(0 206 1804 43 0 2 0 33 177154 -1 -1 -1 -1 -1 -1)
#(0 206 2370 30 0 0 0 34 180026 -1 -1 -1 -1 -1 -1)
#(0 206 1800 65 0 2 0 39 211062 -1 -1 -1 -1 -1 -1)
#(0 206 1802 55 0 1 0 41 220540 -1 -1 -1 -1 -1 -1)
#(0 206 2365 29 0 0 0 43 227536 -1 -1 -1 -1 -1 -1)
#(0 206 1484 68 0 1 0 46 244792 -1 -1 -1 -1 -1 -1)
#(0 206 1494 59 0 2 0 47 250010 -1 -1 -1 -1 -1 -1)
#(0 206 474 55 0 2 0 49 260318 -1 -1 -1 -1 -1 -1)
#(0 206 837 67 0 2 0 51 271677 -1 -1 -1 -1 -1 -1)
#(0 206 843 65 0 2 0 52 278017 -1 -1 -1 -1 -1 -1)
#(0 206 1492 44 0 2 0 54 290054 -1 -1 -1 -1 -1 -1)
#(0 206 1801 53 0 3 0 55 294265 -1 -1 -1 -1 -1 -1)
#(0 206 465 57 0 1 0 56 299413 -1 -1 -1 -1 -1 -1)
#(0 206 2364 30 0 0 0 65 343717 -1 -1 -1 -1 -1 -1)
#(0 206 2092 40 0 3 0 68 361177 -1 -1 -1 -1 -1 -1)
#(0 206 2096 21 0 2 0 69 365367 -1 -1 -1 -1 -1 -1)
#(0 206 2091 54 0 3 0 75 398818 -1 -1 -1 -1 -1 -1)
#(0 206 1489 51 0 2 0 76 401909 -1 -1 -1 -1 -1 -1)
#(0 206 1795 54 0 2 1 99 524038 -1 -1 -1 -1 -1 -1)
#(0 206 1798 54 0 2 1 94 497755 -1 -1 -1 -1 -1 -1)
#(0 206 1491 54 0 1 1 94 500540 -1 -1 -1 -1 -1 -1)
#(0 206 1163 58 0 2 1 92 487882 -1 -1 -1 -1 -1 -1)
#(0 206 2082 20 0 2 1 92 490000 -1 -1 -1 -1 -1 -1)
#(0 206 2367 23 0 0 1 91 485378 -1 -1 -1 -1 -1 -1)
#(0 206 473 49 0 2 1 91 481681 -1 -1 -1 -1 -1 -1)
#(0 206 449 56 0 2 1 88 467161 -1 -1 -1 -1 -1 -1)
#(0 206 833 59 0 2 1 88 468485 -1 -1 -1 -1 -1 -1)
#(0 206 1181 60 0 3 1 86 454559 -1 -1 -1 -1 -1 -1)
#(0 206 1799 67 0 3 1 83 443493 -1 -1 -1 -1 -1 -1)
#(0 206 475 44 0 1 1 82 438053 -1 -1 -1 -1 -1 -1)
#(0 206 1803 57 0 2 1 79 418159 -1 -1 -1 -1 -1 -1)
#(0 206 839 57 0 2 1 79 421200 -1 -1 -1 -1 -1 -1)
#(0 206 2090 21 0 3 1 79 421342 -1 -1 -1 -1 -1 -1)
#(0 206 834 58 0 2 1 72 383800 -1 -1 -1 -1 -1 -1)
#(0 206 1490 51 0 3 1 71 379533 -1 -1 -1 -1 -1 -1)
#(0 206 2369 26 0 0 1 69 369172 -1 -1 -1 -1 -1 -1)
#(0 206 2094 36 0 3 1 69 367713 -1 -1 -1 -1 -1 -1)
#(0 206 466 64 0 2 1 68 360238 -1 -1 -1 -1 -1 -1)
#(0 206 841 70 0 3 1 68 362268 -1 -1 -1 -1 -1 -1)
#(0 206 1487 54 0 1 1 67 358093 -1 -1 -1 -1 -1 -1)
#(0 206 1185 57 0 3 1 66 349348 -1 -1 -1 -1 -1 -1)
#(0 206 1186 57 0 1 1 62 328672 -1 -1 -1 -1 -1 -1)
#(0 206 1194 54 0 2 1 61 324503 -1 -1 -1 -1 -1 -1)
#(0 206 1189 44 0 1 1 58 309881 -1 -1 -1 -1 -1 -1)
#(0 206 838 59 0 1 1 53 283437 -1 -1 -1 -1 -1 -1)
#(0 206 1191 59 0 3 1 49 259541 -1 -1 -1 -1 -1 -1)
#(0 206 2371 30 0 0 1 48 258222 -1 -1 -1 -1 -1 -1)
#(0 206 832 75 0 2 1 45 240005 -1 -1 -1 -1 -1 -1)
#(0 206 470 59 0 3 1 36 191021 -1 -1 -1 -1 -1 -1)
#(0 206 1190 56 0 3 1 15 80393 -1 -1 -1 -1 -1 -1)
#(0 206 1493 70 0 2 1 11 59838 -1 -1 -1 -1 -1 -1)
#(0 206 1488 75 0 2 1 9 48789 -1 -1 -1 -1 -1 -1)
#(0 206 1192 54 0 2 1 8 44358 -1 -1 -1 -1 -1 -1)
#(0 207 1813 60 0 2 0 1 9846 -1 -1 -1 -1 -1 -1)
#(0 207 1199 50 0 2 0 1 9735 -1 -1 -1 -1 -1 -1)
#(0 207 1203 50 0 1 0 2 13349 -1 -1 -1 -1 -1 -1)
#(0 207 1204 54 0 1 0 3 19524 -1 -1 -1 -1 -1 -1)
#(0 207 1499 67 0 3 0 3 18848 -1 -1 -1 -1 -1 -1)
#(0 207 1810 56 0 2 0 4 25411 -1 -1 -1 -1 -1 -1)
#(0 207 836 44 0 2 0 5 29777 -1 -1 -1 -1 -1 -1)
#(0 207 2100 36 0 3 0 5 28247 -1 -1 -1 -1 -1 -1)
#(0 207 851 68 0 2 0 9 50822 -1 -1 -1 -1 -1 -1)
#(0 207 1495 51 0 2 0 11 58391 -1 -1 -1 -1 -1 -1)
#(0 207 476 60 0 2 0 11 61739 -1 -1 -1 -1 -1 -1)
#(0 207 854 59 0 1 0 11 59751 -1 -1 -1 -1 -1 -1)
#(0 207 848 58 0 1 0 12 65303 -1 -1 -1 -1 -1 -1)
#(0 207 1188 67 0 1 0 13 73466 -1 -1 -1 -1 -1 -1)
#(0 207 1503 61 0 2 0 14 76505 -1 -1 -1 -1 -1 -1)
#(0 207 1202 66 0 3 0 15 80145 -1 -1 -1 -1 -1 -1)
#(0 207 1201 57 0 2 0 15 82998 -1 -1 -1 -1 -1 -1)
#(0 207 460 54 0 2 0 15 82017 -1 -1 -1 -1 -1 -1)
#(0 207 2379 32 0 0 0 16 85003 -1 -1 -1 -1 -1 -1)
#(0 207 1806 63 0 3 0 20 110693 -1 -1 -1 -1 -1 -1)
#(0 207 1198 55 0 2 0 22 119704 -1 -1 -1 -1 -1 -1)
#(0 207 468 55 0 3 0 22 119524 -1 -1 -1 -1 -1 -1)
#(0 207 1809 57 0 2 0 23 125677 -1 -1 -1 -1 -1 -1)
#(0 207 1195 48 0 2 0 25 134249 -1 -1 -1 -1 -1 -1)
#(0 207 1196 57 0 2 0 26 141234 -1 -1 -1 -1 -1 -1)
#(0 207 2375 28 0 0 0 33 174705 -1 -1 -1 -1 -1 -1)
#(0 207 477 64 0 2 0 34 179928 -1 -1 -1 -1 -1 -1)
#(0 207 855 57 0 2 0 35 185997 -1 -1 -1 -1 -1 -1)
#(0 207 2104 39 0 1 0 37 197439 -1 -1 -1 -1 -1 -1)
#(0 207 2380 20 0 0 0 40 211523 -1 -1 -1 -1 -1 -1)
#(0 207 1498 44 0 3 0 41 221343 -1 -1 -1 -1 -1 -1)
#(0 207 2368 20 0 0 0 43 227369 -1 -1 -1 -1 -1 -1)
#(4 207 2368 -1 0 -1 -1 -1 -1 97 0 0 0 0 -1)
#(0 207 2378 25 0 0 0 45 238001 -1 -1 -1 -1 -1 -1)
#(0 207 471 59 0 3 0 46 246829 -1 -1 -1 -1 -1 -1)
#(0 207 2383 25 0 0 0 50 264395 -1 -1 -1 -1 -1 -1)
#(0 207 1501 51 0 1 0 50 264462 -1 -1 -1 -1 -1 -1)
#(0 207 1814 69 0 3 0 57 301222 -1 -1 -1 -1 -1 -1)
#(0 207 844 62 0 2 0 61 324709 -1 -1 -1 -1 -1 -1)
#(0 207 479 51 0 1 0 64 339941 -1 -1 -1 -1 -1 -1)
#(0 207 483 51 0 1 0 72 382227 -1 -1 -1 -1 -1 -1)
#(0 207 2377 29 0 0 0 84 444002 -1 -1 -1 -1 -1 -1)
#(0 207 2102 35 0 2 0 91 482296 -1 -1 -1 -1 -1 -1)
#(0 207 2105 27 0 3 1 99 526379 -1 -1 -1 -1 -1 -1)
#(0 207 845 57 0 3 1 97 516124 -1 -1 -1 -1 -1 -1)
#(0 207 1502 59 0 3 1 97 516406 -1 -1 -1 -1 -1 -1)
#(0 207 852 57 0 2 1 94 500485 -1 -1 -1 -1 -1 -1)
#(0 207 1496 59 0 2 1 92 489178 -1 -1 -1 -1 -1 -1)
#(0 207 849 57 0 3 1 91 484852 -1 -1 -1 -1 -1 -1)
#(0 207 2372 34 0 0 1 89 474607 -1 -1 -1 -1 -1 -1)
#(0 207 2103 46 0 2 1 89 472738 -1 -1 -1 -1 -1 -1)
#(0 207 481 55 0 2 1 86 456660 -1 -1 -1 -1 -1 -1)
#(0 207 472 53 0 2 1 83 439031 -1 -1 -1 -1 -1 -1)
#(0 207 1808 56 0 3 1 82 433933 -1 -1 -1 -1 -1 -1)
#(0 207 1811 56 0 2 1 77 408230 -1 -1 -1 -1 -1 -1)
#(0 207 2106 44 0 3 1 77 409530 -1 -1 -1 -1 -1 -1)
#(0 207 840 56 0 2 1 76 404973 -1 -1 -1 -1 -1 -1)
#(0 207 846 57 0 2 1 75 399429 -1 -1 -1 -1 -1 -1)
#(0 207 1812 61 0 2 1 75 396753 -1 -1 -1 -1 -1 -1)
#(0 207 2376 23 0 0 1 71 379785 -1 -1 -1 -1 -1 -1)
#(0 207 2360 24 0 0 1 70 374485 -1 -1 -1 -1 -1 -1)
#(0 207 1497 51 0 1 1 70 374404 -1 -1 -1 -1 -1 -1)
#(0 207 2373 25 0 0 1 69 369205 -1 -1 -1 -1 -1 -1)
#(0 207 2098 20 0 3 1 69 368558 -1 -1 -1 -1 -1 -1)
#(0 207 847 54 0 3 1 66 353243 -1 -1 -1 -1 -1 -1)
#(0 207 478 62 0 2 1 64 342771 -1 -1 -1 -1 -1 -1)
#(0 207 1815 54 0 2 1 62 328720 -1 -1 -1 -1 -1 -1)
#(0 207 482 51 0 3 1 62 331025 -1 -1 -1 -1 -1 -1)
#(0 207 1500 59 0 3 1 58 308346 -1 -1 -1 -1 -1 -1)
#(0 207 850 55 0 2 1 54 289789 -1 -1 -1 -1 -1 -1)
#(0 207 2101 32 0 2 1 49 262342 -1 -1 -1 -1 -1 -1)
#(0 207 2374 29 0 0 1 44 237104 -1 -1 -1 -1 -1 -1)
#(0 207 853 72 0 3 1 39 205958 -1 -1 -1 -1 -1 -1)
#(0 207 1197 69 0 2 1 33 178302 -1 -1 -1 -1 -1 -1)
#(0 207 1205 59 0 2 1 29 153968 -1 -1 -1 -1 -1 -1)
#(0 207 1807 73 0 3 1 26 137363 -1 -1 -1 -1 -1 -1)
#(0 208 863 57 0 1 0 2 11808 -1 -1 -1 -1 -1 -1)
#(0 208 2387 24 0 0 0 5 26809 -1 -1 -1 -1 -1 -1)
#(0 208 2390 21 0 0 0 6 32019 -1 -1 -1 -1 -1 -1)
#(0 208 1212 44 0 2 0 11 61002 -1 -1 -1 -1 -1 -1)
#(0 208 2385 22 0 0 0 14 74296 -1 -1 -1 -1 -1 -1)
#(0 208 2115 20 0 3 0 14 74940 -1 -1 -1 -1 -1 -1)
#(0 208 1505 60 0 2 0 17 91428 -1 -1 -1 -1 -1 -1)
#(0 208 1821 57 0 2 0 18 99179 -1 -1 -1 -1 -1 -1)
#(0 208 1209 44 0 2 0 20 107214 -1 -1 -1 -1 -1 -1)
#(0 208 1213 64 0 1 0 24 131269 -1 -1 -1 -1 -1 -1)
#(0 208 2384 29 0 0 0 25 132501 -1 -1 -1 -1 -1 -1)
#(0 208 865 56 0 3 0 25 134102 -1 -1 -1 -1 -1 -1)
#(0 208 491 52 0 1 0 31 163931 -1 -1 -1 -1 -1 -1)
#(0 208 487 54 0 4 0 32 173892 -1 -1 -1 -1 -1 -1)
#(0 208 2109 32 0 2 0 33 175869 -1 -1 -1 -1 -1 -1)
#(0 208 1512 51 0 2 0 44 232872 -1 -1 -1 -1 -1 -1)
#(0 208 1513 44 0 1 0 46 247737 -1 -1 -1 -1 -1 -1)
#(0 208 864 56 0 2 0 49 261018 -1 -1 -1 -1 -1 -1)
#(0 208 1506 68 0 2 0 53 283407 -1 -1 -1 -1 -1 -1)
#(0 208 1818 71 0 2 0 55 290825 -1 -1 -1 -1 -1 -1)
#(0 208 492 68 0 2 0 56 297604 -1 -1 -1 -1 -1 -1)
#(0 208 857 54 0 2 0 57 302139 -1 -1 -1 -1 -1 -1)
#(0 208 1208 51 0 3 0 59 314377 -1 -1 -1 -1 -1 -1)
#(0 208 1210 62 0 1 0 60 321535 -1 -1 -1 -1 -1 -1)
#(0 208 2393 26 0 0 0 63 333052 -1 -1 -1 -1 -1 -1)
#(0 208 858 68 0 3 0 69 368442 -1 -1 -1 -1 -1 -1)
#(0 208 1504 44 0 1 0 80 427356 -1 -1 -1 -1 -1 -1)
#(0 208 2112 20 0 2 1 99 526973 -1 -1 -1 -1 -1 -1)
#(0 208 2107 21 0 2 1 97 516384 -1 -1 -1 -1 -1 -1)
#(0 208 1822 54 0 2 1 94 497777 -1 -1 -1 -1 -1 -1)
#(0 208 2114 33 0 2 1 94 499900 -1 -1 -1 -1 -1 -1)
#(0 208 866 49 0 3 1 93 495491 -1 -1 -1 -1 -1 -1)
#(0 208 490 64 0 1 1 92 490834 -1 -1 -1 -1 -1 -1)
#(0 208 1816 52 0 2 1 91 481797 -1 -1 -1 -1 -1 -1)
#(0 208 1510 59 0 3 1 89 473341 -1 -1 -1 -1 -1 -1)
#(0 208 860 54 0 3 1 87 464071 -1 -1 -1 -1 -1 -1)
#(0 208 1211 61 0 3 1 79 418296 -1 -1 -1 -1 -1 -1)
#(0 208 1817 69 0 2 1 73 390112 -1 -1 -1 -1 -1 -1)
#(0 208 1207 58 0 1 1 73 387470 -1 -1 -1 -1 -1 -1)
#(0 208 2110 27 0 2 1 72 384062 -1 -1 -1 -1 -1 -1)
#(0 208 486 64 0 1 1 72 380722 -1 -1 -1 -1 -1 -1)
#(0 208 1823 62 0 2 1 72 380838 -1 -1 -1 -1 -1 -1)
#(0 208 2381 24 0 0 1 70 374484 -1 -1 -1 -1 -1 -1)
#(0 208 1509 44 0 2 1 66 348969 -1 -1 -1 -1 -1 -1)
#(0 208 862 54 0 2 1 63 337391 -1 -1 -1 -1 -1 -1)
#(0 208 2386 27 0 0 1 62 332186 -1 -1 -1 -1 -1 -1)
#(0 208 859 61 0 2 1 62 330293 -1 -1 -1 -1 -1 -1)
#(0 208 489 57 0 2 1 60 318258 -1 -1 -1 -1 -1 -1)
#(0 208 1507 52 0 2 1 60 320574 -1 -1 -1 -1 -1 -1)
#(0 208 1206 73 0 2 1 59 311764 -1 -1 -1 -1 -1 -1)
#(0 208 493 54 0 2 1 57 306131 -1 -1 -1 -1 -1 -1)
#(0 208 2388 21 0 0 1 56 300604 -1 -1 -1 -1 -1 -1)
#(0 208 1214 57 0 3 1 56 297037 -1 -1 -1 -1 -1 -1)
#(0 208 494 63 0 2 1 56 296078 -1 -1 -1 -1 -1 -1)
#(0 208 1511 62 0 1 1 55 293471 -1 -1 -1 -1 -1 -1)
#(0 208 2108 24 0 2 1 54 289065 -1 -1 -1 -1 -1 -1)
#(0 208 1508 51 0 1 1 53 284542 -1 -1 -1 -1 -1 -1)
#(0 208 1820 59 0 3 1 51 270127 -1 -1 -1 -1 -1 -1)
#(0 208 2382 28 0 0 1 48 258236 -1 -1 -1 -1 -1 -1)
#(0 208 2111 39 0 3 1 47 251386 -1 -1 -1 -1 -1 -1)
#(0 208 2389 26 0 0 1 46 247726 -1 -1 -1 -1 -1 -1)
#(0 208 2113 20 0 2 1 28 152086 -1 -1 -1 -1 -1 -1)
#(0 208 2392 32 0 0 1 27 147319 -1 -1 -1 -1 -1 -1)
#(0 208 485 75 0 2 1 24 128457 -1 -1 -1 -1 -1 -1)
#(0 208 1215 75 0 3 1 24 129871 -1 -1 -1 -1 -1 -1)
#(0 208 2391 27 0 0 1 5 31234 -1 -1 -1 -1 -1 -1)
#(0 209 1521 54 0 2 0 1 6390 -1 -1 -1 -1 -1 -1)
#(0 209 2396 23 0 0 0 2 10941 -1 -1 -1 -1 -1 -1)
#(0 209 1835 53 0 3 0 2 14852 -1 -1 -1 -1 -1 -1)
#(0 209 1518 51 0 2 0 4 21685 -1 -1 -1 -1 -1 -1)
#(0 209 1223 56 0 1 0 5 30193 -1 -1 -1 -1 -1 -1)
#(0 209 873 55 0 2 0 6 32287 -1 -1 -1 -1 -1 -1)
#(0 209 1220 57 0 2 0 6 34834 -1 -1 -1 -1 -1 -1)
#(0 209 1831 55 0 2 0 10 56830 -1 -1 -1 -1 -1 -1)
#(0 209 1828 55 0 2 0 11 62600 -1 -1 -1 -1 -1 -1)
#(0 209 2119 36 0 2 0 13 70523 -1 -1 -1 -1 -1 -1)
#(0 209 1519 61 0 1 0 13 70440 -1 -1 -1 -1 -1 -1)
#(0 209 869 44 0 2 0 14 77511 -1 -1 -1 -1 -1 -1)
#(0 209 1824 63 0 1 0 19 105268 -1 -1 -1 -1 -1 -1)
#(0 209 484 54 0 1 0 22 116948 -1 -1 -1 -1 -1 -1)
#(0 209 1200 61 0 2 0 22 120362 -1 -1 -1 -1 -1 -1)
#(0 209 1218 69 0 1 0 24 127712 -1 -1 -1 -1 -1 -1)
#(0 209 1827 56 0 3 0 25 135777 -1 -1 -1 -1 -1 -1)
#(0 209 2394 29 0 0 0 26 137774 -1 -1 -1 -1 -1 -1)
#(0 209 1221 62 0 2 0 26 141696 -1 -1 -1 -1 -1 -1)
#(0 209 497 70 0 1 0 27 143349 -1 -1 -1 -1 -1 -1)
#(0 209 500 57 0 2 0 28 151553 -1 -1 -1 -1 -1 -1)
#(0 209 488 66 0 3 0 33 175747 -1 -1 -1 -1 -1 -1)
#(0 209 2116 37 0 1 0 41 218453 -1 -1 -1 -1 -1 -1)
#(0 209 867 57 0 2 0 55 291765 -1 -1 -1 -1 -1 -1)
#(0 209 1219 64 0 2 0 57 305975 -1 -1 -1 -1 -1 -1)
#(0 209 872 59 0 2 0 58 308068 -1 -1 -1 -1 -1 -1)
#(0 209 2122 38 0 1 0 59 313471 -1 -1 -1 -1 -1 -1)
#(0 209 2398 23 0 0 1 99 527621 -1 -1 -1 -1 -1 -1)
#(0 209 1517 54 0 3 1 97 517098 -1 -1 -1 -1 -1 -1)
#(0 209 2400 32 0 0 1 96 511630 -1 -1 -1 -1 -1 -1)
#(0 209 2395 20 0 0 1 95 506550 -1 -1 -1 -1 -1 -1)
#(0 209 861 54 0 3 1 94 501044 -1 -1 -1 -1 -1 -1)
#(0 209 1520 61 0 2 1 94 499514 -1 -1 -1 -1 -1 -1)
#(0 209 2124 23 0 3 1 92 489868 -1 -1 -1 -1 -1 -1)
#(0 209 498 66 0 1 1 91 484961 -1 -1 -1 -1 -1 -1)
#(0 209 1819 56 0 2 1 91 481285 -1 -1 -1 -1 -1 -1)
#(0 209 1832 51 0 2 1 89 471636 -1 -1 -1 -1 -1 -1)
#(0 209 1825 48 0 2 1 88 466338 -1 -1 -1 -1 -1 -1)
#(0 209 871 59 0 2 1 87 463158 -1 -1 -1 -1 -1 -1)
#(2 209 871 -1 -1 -1 -1 -1 -1 98 -1 -1 -1 -1 -1)
#(0 209 2401 20 0 0 1 86 459036 -1 -1 -1 -1 -1 -1)
#(0 209 1515 63 0 2 1 85 451552 -1 -1 -1 -1 -1 -1)
#(0 209 499 55 0 3 1 84 445686 -1 -1 -1 -1 -1 -1)
#(0 209 503 53 0 2 1 82 436047 -1 -1 -1 -1 -1 -1)
#(0 209 868 62 0 2 1 82 437023 -1 -1 -1 -1 -1 -1)
#(0 209 2397 23 0 0 1 79 422015 -1 -1 -1 -1 -1 -1)
#(0 209 2118 22 0 3 1 79 421264 -1 -1 -1 -1 -1 -1)
#(0 209 1514 54 0 3 1 76 404589 -1 -1 -1 -1 -1 -1)
#(0 209 1222 46 0 2 1 73 388695 -1 -1 -1 -1 -1 -1)
#(0 209 2121 20 0 3 1 70 373845 -1 -1 -1 -1 -1 -1)
#(0 209 2099 21 0 3 1 69 368509 -1 -1 -1 -1 -1 -1)
#(0 209 2402 34 0 0 1 68 363766 -1 -1 -1 -1 -1 -1)
#(0 209 870 53 0 3 1 62 331795 -1 -1 -1 -1 -1 -1)
#(0 209 1522 62 0 3 1 61 325267 -1 -1 -1 -1 -1 -1)
#(0 209 2125 32 0 2 1 57 304601 -1 -1 -1 -1 -1 -1)
#(0 209 1217 61 0 3 1 54 289663 -1 -1 -1 -1 -1 -1)
#(0 209 2123 46 0 1 1 53 282655 -1 -1 -1 -1 -1 -1)
#(0 209 874 61 0 2 1 53 283305 -1 -1 -1 -1 -1 -1)
#(0 209 1834 59 0 3 1 53 280313 -1 -1 -1 -1 -1 -1)
#(0 209 1216 51 0 2 1 45 240004 -1 -1 -1 -1 -1 -1)
#(0 209 1830 73 0 2 1 44 237231 -1 -1 -1 -1 -1 -1)
#(0 209 1516 64 0 1 1 41 219171 -1 -1 -1 -1 -1 -1)
#(0 209 496 62 0 2 1 35 189829 -1 -1 -1 -1 -1 -1)
#(0 210 1838 51 0 2 0 1 8970 -1 -1 -1 -1 -1 -1)
#(0 210 60 0 0 1 1 8 46520 -1 -1 -1 -1 -1 -1)
#(0 210 1225 44 0 3 0 1 6825 -1 -1 -1 -1 -1 -1)
#(0 210 884 51 0 3 0 2 15557 -1 -1 -1 -1 -1 -1)
#(0 210 877 64 0 2 0 4 24042 -1 -1 -1 -1 -1 -1)
#(0 210 2131 39 0 2 0 4 23156 -1 -1 -1 -1 -1 -1)
#(0 210 1524 47 0 3 0 5 27171 -1 -1 -1 -1 -1 -1)
#(0 210 1543 49 0 1 0 9 48721 -1 -1 -1 -1 -1 -1)
#(0 210 1527 60 0 3 0 10 53879 -1 -1 -1 -1 -1 -1)
#(0 210 1833 56 0 2 0 11 62622 -1 -1 -1 -1 -1 -1)
#(0 210 101 65 0 1 0 12 66590 -1 -1 -1 -1 -1 -1)
#(0 210 2120 33 0 2 0 13 70390 -1 -1 -1 -1 -1 -1)
#(4 210 2120 -1 0 -1 -1 -1 -1 99 0 0 0 0 -1)
#(0 210 1846 61 0 1 0 13 73576 -1 -1 -1 -1 -1 -1)
#(0 210 1847 48 0 1 0 14 77359 -1 -1 -1 -1 -1 -1)
#(0 210 1841 61 0 3 0 15 83990 -1 -1 -1 -1 -1 -1)
#(0 210 1525 44 0 1 0 16 89452 -1 -1 -1 -1 -1 -1)
#(0 210 1826 49 0 1 0 19 104583 -1 -1 -1 -1 -1 -1)
#(0 210 1532 55 0 2 0 19 101458 -1 -1 -1 -1 -1 -1)
#(0 210 1529 56 0 2 0 20 107096 -1 -1 -1 -1 -1 -1)
#(0 210 2132 26 0 2 0 20 106961 -1 -1 -1 -1 -1 -1)
#(0 210 2403 23 0 0 0 21 111270 -1 -1 -1 -1 -1 -1)
#(0 210 2411 29 0 0 0 22 116633 -1 -1 -1 -1 -1 -1)
#(0 210 495 57 0 1 0 22 117882 -1 -1 -1 -1 -1 -1)
#(0 210 112 51 0 3 0 22 120475 -1 -1 -1 -1 -1 -1)
#(0 210 1229 51 0 2 0 23 124319 -1 -1 -1 -1 -1 -1)
#(0 210 113 46 0 3 0 25 134176 -1 -1 -1 -1 -1 -1)
#(0 210 1541 67 0 1 0 26 138554 -1 -1 -1 -1 -1 -1)
#(0 210 875 55 0 3 0 28 149063 -1 -1 -1 -1 -1 -1)
#(0 210 1535 59 0 2 0 30 161203 -1 -1 -1 -1 -1 -1)
#(0 210 111 74 0 1 0 33 174863 -1 -1 -1 -1 -1 -1)
#(0 210 2133 31 0 2 0 33 175874 -1 -1 -1 -1 -1 -1)
#(0 210 878 64 0 2 0 34 181437 -1 -1 -1 -1 -1 -1)
#(0 210 887 67 0 2 0 38 203720 -1 -1 -1 -1 -1 -1)
#(0 210 2408 19 0 0 0 40 211515 -1 -1 -1 -1 -1 -1)
#(0 210 505 52 0 2 0 40 216372 -1 -1 -1 -1 -1 -1)
#(0 210 104 62 0 1 0 42 223540 -1 -1 -1 -1 -1 -1)
#(0 210 2126 23 0 3 0 42 223021 -1 -1 -1 -1 -1 -1)
#(0 210 102 52 0 3 0 44 232851 -1 -1 -1 -1 -1 -1)
#(0 210 2136 27 0 2 0 44 233682 -1 -1 -1 -1 -1 -1)
#(0 210 1227 64 0 2 0 44 237513 -1 -1 -1 -1 -1 -1)
#(0 210 1848 65 0 3 0 45 242754 -1 -1 -1 -1 -1 -1)
#(0 210 2406 27 0 0 0 46 243330 -1 -1 -1 -1 -1 -1)
#(0 210 108 53 0 3 0 46 245972 -1 -1 -1 -1 -1 -1)
#(0 210 513 74 0 2 0 46 244414 -1 -1 -1 -1 -1 -1)
#(0 210 1530 67 0 1 0 52 277482 -1 -1 -1 -1 -1 -1)
#(0 210 507 73 0 1 0 53 281571 -1 -1 -1 -1 -1 -1)
#(0 210 1528 55 0 3 0 57 302298 -1 -1 -1 -1 -1 -1)
#(0 210 2409 27 0 0 0 59 311967 -1 -1 -1 -1 -1 -1)
#(0 210 1226 44 0 3 0 59 313094 -1 -1 -1 -1 -1 -1)
#(0 210 115 65 0 2 0 62 331478 -1 -1 -1 -1 -1 -1)
#(0 210 509 55 0 2 0 66 351552 -1 -1 -1 -1 -1 -1)
#(0 210 2414 20 0 0 0 67 354079 -1 -1 -1 -1 -1 -1)
#(0 210 1230 64 0 1 0 68 364166 -1 -1 -1 -1 -1 -1)
#(0 210 2413 25 0 0 0 81 428079 -1 -1 -1 -1 -1 -1)
#(0 210 1844 43 0 3 1 98 519793 -1 -1 -1 -1 -1 -1)
#(0 210 2412 28 0 0 1 97 516982 -1 -1 -1 -1 -1 -1)
#(0 210 1845 51 0 2 1 96 508509 -1 -1 -1 -1 -1 -1)
#(0 210 2130 34 0 3 1 96 510366 -1 -1 -1 -1 -1 -1)
#(0 210 110 54 0 1 1 95 502844 -1 -1 -1 -1 -1 -1)
#(0 210 2138 36 0 2 1 94 499722 -1 -1 -1 -1 -1 -1)
#(0 210 876 58 0 1 1 93 494996 -1 -1 -1 -1 -1 -1)
#(0 210 1533 64 0 2 1 91 482911 -1 -1 -1 -1 -1 -1)
#(0 210 2405 23 0 0 1 90 480094 -1 -1 -1 -1 -1 -1)
#(0 210 883 57 0 2 1 89 472329 -1 -1 -1 -1 -1 -1)
#(0 210 506 69 0 2 1 89 473681 -1 -1 -1 -1 -1 -1)
#(0 210 1829 60 0 3 1 88 465871 -1 -1 -1 -1 -1 -1)
#(0 210 1228 59 0 2 1 86 454883 -1 -1 -1 -1 -1 -1)
#(0 210 2404 29 0 0 1 85 453584 -1 -1 -1 -1 -1 -1)
#(0 210 511 54 0 1 1 83 439276 -1 -1 -1 -1 -1 -1)
#(0 210 1837 59 0 1 1 82 433869 -1 -1 -1 -1 -1 -1)
#(0 210 1526 54 0 1 1 80 426518 -1 -1 -1 -1 -1 -1)
#(0 210 103 51 0 2 1 80 423389 -1 -1 -1 -1 -1 -1)
#(0 210 2399 20 0 0 1 79 422082 -1 -1 -1 -1 -1 -1)
#(0 210 514 50 0 1 1 79 420458 -1 -1 -1 -1 -1 -1)
#(0 210 1842 55 0 2 1 77 408240 -1 -1 -1 -1 -1 -1)
#(0 210 114 55 0 1 1 77 408860 -1 -1 -1 -1 -1 -1)
#(0 210 1843 50 0 2 1 76 402988 -1 -1 -1 -1 -1 -1)
#(0 210 1531 54 0 2 1 75 399302 -1 -1 -1 -1 -1 -1)
#(0 210 2117 28 0 2 1 72 384029 -1 -1 -1 -1 -1 -1)
#(0 210 2129 30 0 2 1 71 378510 -1 -1 -1 -1 -1 -1)
#(0 210 886 57 0 1 1 70 373824 -1 -1 -1 -1 -1 -1)
#(0 210 2415 27 0 0 1 69 369164 -1 -1 -1 -1 -1 -1)
#(0 210 1537 55 0 2 1 69 368510 -1 -1 -1 -1 -1 -1)
#(0 210 1523 44 0 2 1 69 364669 -1 -1 -1 -1 -1 -1)
#(0 210 109 61 0 2 1 66 351403 -1 -1 -1 -1 -1 -1)
#(0 210 116 59 0 2 1 65 346561 -1 -1 -1 -1 -1 -1)
#(0 210 2410 26 0 0 1 58 311096 -1 -1 -1 -1 -1 -1)
#(0 210 1836 54 0 2 1 58 307582 -1 -1 -1 -1 -1 -1)
#(0 210 2127 39 0 2 1 58 309482 -1 -1 -1 -1 -1 -1)
#(0 210 512 57 0 1 1 56 297650 -1 -1 -1 -1 -1 -1)
#(0 210 882 56 0 3 1 55 293815 -1 -1 -1 -1 -1 -1)
#(0 210 510 54 0 3 1 54 287633 -1 -1 -1 -1 -1 -1)
#(0 210 2128 42 0 1 1 52 277657 -1 -1 -1 -1 -1 -1)
#(0 210 106 70 0 1 1 52 274578 -1 -1 -1 -1 -1 -1)
#(0 210 1840 55 0 2 1 50 265240 -1 -1 -1 -1 -1 -1)
#(0 210 2135 54 0 2 1 46 245382 -1 -1 -1 -1 -1 -1)
#(0 210 107 65 0 2 1 46 243028 -1 -1 -1 -1 -1 -1)
#(0 210 885 52 0 3 1 45 241783 -1 -1 -1 -1 -1 -1)
#(0 210 2134 29 0 2 1 43 230730 -1 -1 -1 -1 -1 -1)
#(0 210 1534 51 0 1 1 41 221155 -1 -1 -1 -1 -1 -1)
#(0 210 1224 57 0 1 1 41 216713 -1 -1 -1 -1 -1 -1)
#(0 210 879 62 0 2 1 40 214087 -1 -1 -1 -1 -1 -1)
#(0 210 2139 25 0 2 1 39 209910 -1 -1 -1 -1 -1 -1)
#(0 210 2140 34 0 2 1 37 198849 -1 -1 -1 -1 -1 -1)
#(0 210 2407 32 0 0 1 34 184263 -1 -1 -1 -1 -1 -1)
#(0 210 880 57 0 3 1 31 167756 -1 -1 -1 -1 -1 -1)
#(0 210 1540 57 0 2 1 18 98844 -1 -1 -1 -1 -1 -1)
#(0 210 2416 29 0 0 1 13 73451 -1 -1 -1 -1 -1 -1)
#(0 211 2141 26 0 2 0 1 6658 -1 -1 -1 -1 -1 -1)
#(0 211 1547 54 0 2 0 1 6380 -1 -1 -1 -1 -1 -1)
#(0 211 2417 22 0 0 0 2 10937 -1 -1 -1 -1 -1 -1)
#(0 211 2147 33 0 3 0 2 12248 -1 -1 -1 -1 -1 -1)
#(0 211 1550 55 0 2 0 2 12230 -1 -1 -1 -1 -1 -1)
#(0 211 123 56 0 3 0 4 22031 -1 -1 -1 -1 -1 -1)
#(0 211 891 64 0 2 0 4 24037 -1 -1 -1 -1 -1 -1)
#(0 211 889 50 0 2 0 4 26233 -1 -1 -1 -1 -1 -1)
#(0 211 521 44 0 2 0 5 26556 -1 -1 -1 -1 -1 -1)
#(0 211 120 58 0 2 0 5 29946 -1 -1 -1 -1 -1 -1)
#(0 211 2420 26 0 0 0 7 37400 -1 -1 -1 -1 -1 -1)
#(0 211 1552 66 0 3 0 8 44920 -1 -1 -1 -1 -1 -1)
#(2 211 1552 -1 -1 -1 -1 -1 -1 100 -1 -1 -1 -1 -1)
#(0 211 2422 32 0 0 0 10 53337 -1 -1 -1 -1 -1 -1)
#(0 211 1538 49 0 2 0 10 53308 -1 -1 -1 -1 -1 -1)
#(0 211 1853 50 0 2 0 10 56286 -1 -1 -1 -1 -1 -1)
#(0 211 893 52 0 1 0 10 54884 -1 -1 -1 -1 -1 -1)
#(0 211 1556 44 0 1 0 10 57709 -1 -1 -1 -1 -1 -1)
#(0 211 105 48 0 1 0 11 62164 -1 -1 -1 -1 -1 -1)
#(0 211 1559 59 0 2 0 12 64272 -1 -1 -1 -1 -1 -1)
#(0 211 1548 54 0 2 0 16 85665 -1 -1 -1 -1 -1 -1)
#(0 211 1851 57 0 2 0 16 88907 -1 -1 -1 -1 -1 -1)
#(0 211 1536 54 0 2 0 17 90019 -1 -1 -1 -1 -1 -1)
#(0 211 122 55 0 2 0 18 100045 -1 -1 -1 -1 -1 -1)
#(0 211 1849 57 0 2 0 23 125617 -1 -1 -1 -1 -1 -1)
#(0 211 2423 26 0 0 0 26 137704 -1 -1 -1 -1 -1 -1)
#(0 211 504 55 0 2 0 28 150914 -1 -1 -1 -1 -1 -1)
#(0 211 2148 38 0 1 0 28 149825 -1 -1 -1 -1 -1 -1)
#(0 211 1855 56 0 3 0 29 157231 -1 -1 -1 -1 -1 -1)
#(0 211 1546 51 0 3 0 32 169582 -1 -1 -1 -1 -1 -1)
#(0 211 1561 51 0 3 0 39 206406 -1 -1 -1 -1 -1 -1)
#(0 211 519 56 0 2 0 40 212271 -1 -1 -1 -1 -1 -1)
#(0 211 1545 63 0 2 0 42 222653 -1 -1 -1 -1 -1 -1)
#(0 211 888 59 0 1 0 42 223206 -1 -1 -1 -1 -1 -1)
#(0 211 516 62 0 3 0 43 231027 -1 -1 -1 -1 -1 -1)
#(0 211 895 44 0 3 0 43 230593 -1 -1 -1 -1 -1 -1)
#(0 211 518 44 0 2 0 49 258978 -1 -1 -1 -1 -1 -1)
#(0 211 896 75 0 3 0 52 279287 -1 -1 -1 -1 -1 -1)
#(0 211 525 55 0 3 0 62 330416 -1 -1 -1 -1 -1 -1)
#(0 211 1858 67 0 2 0 67 353926 -1 -1 -1 -1 -1 -1)
#(0 211 2151 43 0 1 0 67 355990 -1 -1 -1 -1 -1 -1)
#(0 211 2419 25 0 0 0 68 359458 -1 -1 -1 -1 -1 -1)
#(0 211 1231 51 0 1 0 68 361764 -1 -1 -1 -1 -1 -1)
#(0 211 2418 34 0 0 0 70 370183 -1 -1 -1 -1 -1 -1)
#(0 211 1850 56 0 3 0 76 405713 -1 -1 -1 -1 -1 -1)
#(0 211 1234 57 0 2 1 97 513355 -1 -1 -1 -1 -1 -1)
#(0 211 1554 61 0 1 1 97 516305 -1 -1 -1 -1 -1 -1)
#(0 211 523 54 0 3 1 94 498559 -1 -1 -1 -1 -1 -1)
#(0 211 1235 59 0 1 1 94 497039 -1 -1 -1 -1 -1 -1)
#(0 211 2142 38 0 3 1 91 483778 -1 -1 -1 -1 -1 -1)
#(0 211 2426 29 0 0 1 89 474732 -1 -1 -1 -1 -1 -1)
#(0 211 2146 32 0 2 1 88 468291 -1 -1 -1 -1 -1 -1)
#(0 211 881 62 0 1 1 87 462947 -1 -1 -1 -1 -1 -1)
#(0 211 1854 44 0 2 1 82 435305 -1 -1 -1 -1 -1 -1)
#(0 211 2150 30 0 3 1 81 431380 -1 -1 -1 -1 -1 -1)
#(0 211 894 49 0 3 1 80 426664 -1 -1 -1 -1 -1 -1)
#(0 211 1233 52 0 3 1 78 413196 -1 -1 -1 -1 -1 -1)
#(0 211 898 44 0 1 1 77 408360 -1 -1 -1 -1 -1 -1)
#(0 211 524 51 0 2 1 77 409881 -1 -1 -1 -1 -1 -1)
#(0 211 2145 36 0 1 1 77 409960 -1 -1 -1 -1 -1 -1)
#(0 211 1549 56 0 3 1 76 404996 -1 -1 -1 -1 -1 -1)
#(0 211 2421 29 0 0 1 74 395514 -1 -1 -1 -1 -1 -1)
#(0 211 1557 68 0 1 1 74 392905 -1 -1 -1 -1 -1 -1)
#(0 211 517 54 0 3 1 74 392963 -1 -1 -1 -1 -1 -1)
#(0 211 1857 63 0 2 1 74 391013 -1 -1 -1 -1 -1 -1)
#(0 211 2424 28 0 0 1 73 390261 -1 -1 -1 -1 -1 -1)
#(0 211 1852 59 0 2 1 73 386237 -1 -1 -1 -1 -1 -1)
#(0 211 1560 57 0 1 1 67 357484 -1 -1 -1 -1 -1 -1)
#(0 211 1553 75 0 1 1 63 333935 -1 -1 -1 -1 -1 -1)
#(0 211 1839 54 0 2 1 58 307754 -1 -1 -1 -1 -1 -1)
#(0 211 2149 41 0 1 1 58 309413 -1 -1 -1 -1 -1 -1)
#(0 211 520 60 0 2 1 58 309698 -1 -1 -1 -1 -1 -1)
