#(0 0 103 27 0 0 0 3 16292 -1 -1 -1 -1 -1 -1)
#(0 0 102 26 0 0 0 5 26840 -1 -1 -1 -1 -1 -1)
#(0 0 107 26 0 0 0 7 37388 -1 -1 -1 -1 -1 -1)
#(0 0 105 30 0 0 0 9 48031 -1 -1 -1 -1 -1 -1)
#(0 0 111 27 0 0 0 12 63799 -1 -1 -1 -1 -1 -1)
#(0 0 113 23 0 0 0 23 121809 -1 -1 -1 -1 -1 -1)
#(0 0 112 23 0 0 0 31 164054 -1 -1 -1 -1 -1 -1)
#(0 0 108 23 0 0 0 44 232694 -1 -1 -1 -1 -1 -1)
#(0 0 110 20 0 0 0 50 264324 -1 -1 -1 -1 -1 -1)
#(0 0 106 27 0 0 1 97 516988 -1 -1 -1 -1 -1 -1)
#(0 0 101 32 0 0 1 73 390170 -1 -1 -1 -1 -1 -1)
#(0 0 104 34 0 0 1 61 326785 -1 -1 -1 -1 -1 -1)
#(0 0 109 26 0 0 1 50 268858 -1 -1 -1 -1 -1 -1)
#(0 0 114 26 0 0 1 44 237184 -1 -1 -1 -1 -1 -1)
#(0 1 122 26 0 0 0 16 84896 -1 -1 -1 -1 -1 -1)
#(0 1 121 32 0 0 0 25 132521 -1 -1 -1 -1 -1 -1)
#(0 1 120 20 0 0 0 32 169284 -1 -1 -1 -1 -1 -1)
#(0 1 123 20 0 0 0 38 200959 -1 -1 -1 -1 -1 -1)
#(0 1 117 27 0 0 0 60 317258 -1 -1 -1 -1 -1 -1)
#(0 1 116 29 0 0 0 61 322576 -1 -1 -1 -1 -1 -1)
#(0 1 115 25 0 0 1 94 501176 -1 -1 -1 -1 -1 -1)
#(0 1 118 29 0 0 1 81 432465 -1 -1 -1 -1 -1 -1)
#(0 1 119 20 0 0 1 40 216147 -1 -1 -1 -1 -1 -1)
#(0 2 133 30 0 0 0 1 5777 -1 -1 -1 -1 -1 -1)
#(0 2 124 32 0 0 0 10 53343 -1 -1 -1 -1 -1 -1)
#(0 2 129 27 0 0 0 14 74372 -1 -1 -1 -1 -1 -1)
#(0 2 132 32 0 0 0 15 79721 -1 -1 -1 -1 -1 -1)
#(0 2 130 30 0 0 0 20 106104 -1 -1 -1 -1 -1 -1)
#(0 2 135 30 0 0 0 24 127217 -1 -1 -1 -1 -1 -1)
#(0 2 127 30 0 0 0 52 275078 -1 -1 -1 -1 -1 -1)
#(0 2 125 25 0 0 1 77 411422 -1 -1 -1 -1 -1 -1)
#(0 2 126 34 0 0 1 72 384857 -1 -1 -1 -1 -1 -1)
#(0 2 128 34 0 0 1 55 295105 -1 -1 -1 -1 -1 -1)
#(0 2 131 20 0 0 1 54 290072 -1 -1 -1 -1 -1 -1)
#(0 2 134 32 0 0 1 47 252919 -1 -1 -1 -1 -1 -1)
#(0 3 141 24 0 0 0 5 26807 -1 -1 -1 -1 -1 -1)
#(0 3 147 22 0 0 0 7 37317 -1 -1 -1 -1 -1 -1)
#(0 3 151 29 0 0 0 12 63834 -1 -1 -1 -1 -1 -1)
#(0 3 143 23 0 0 0 16 84859 -1 -1 -1 -1 -1 -1)
#(0 3 154 28 0 0 0 20 106046 -1 -1 -1 -1 -1 -1)
#(0 3 138 30 0 0 0 28 148365 -1 -1 -1 -1 -1 -1)
#(0 3 144 28 0 0 0 41 216951 -1 -1 -1 -1 -1 -1)
#(0 3 137 34 0 0 0 45 238191 -1 -1 -1 -1 -1 -1)
#(0 3 136 16 0 0 0 50 264267 -1 -1 -1 -1 -1 -1)
#(0 3 142 29 0 0 0 53 280336 -1 -1 -1 -1 -1 -1)
#(0 3 148 23 0 0 0 59 311900 -1 -1 -1 -1 -1 -1)
#(0 3 152 29 0 0 1 90 480004 -1 -1 -1 -1 -1 -1)
#(0 3 146 30 0 0 1 86 458856 -1 -1 -1 -1 -1 -1)
#(0 3 145 25 0 0 1 84 448394 -1 -1 -1 -1 -1 -1)
#(0 3 149 27 0 0 1 79 421960 -1 -1 -1 -1 -1 -1)
#(0 3 139 24 0 0 1 44 237191 -1 -1 -1 -1 -1 -1)
#(0 3 140 27 0 0 1 25 136822 -1 -1 -1 -1 -1 -1)
#(0 4 160 20 0 0 0 3 16175 -1 -1 -1 -1 -1 -1)
#(0 4 161 20 0 0 0 10 53132 -1 -1 -1 -1 -1 -1)
#(0 4 153 32 0 0 0 15 79744 -1 -1 -1 -1 -1 -1)
#(0 4 158 23 0 0 0 17 90155 -1 -1 -1 -1 -1 -1)
#(0 4 162 27 0 0 0 18 95486 -1 -1 -1 -1 -1 -1)
#(0 4 150 32 0 0 0 28 148372 -1 -1 -1 -1 -1 -1)
#(0 4 157 23 0 0 0 51 269676 -1 -1 -1 -1 -1 -1)
#(0 4 167 19 0 0 0 59 311823 -1 -1 -1 -1 -1 -1)
#(0 4 165 20 0 0 1 99 527676 -1 -1 -1 -1 -1 -1)
#(0 4 166 25 0 0 1 92 490639 -1 -1 -1 -1 -1 -1)
#(0 4 170 23 0 0 1 87 464271 -1 -1 -1 -1 -1 -1)
#(0 4 159 25 0 0 1 86 458956 -1 -1 -1 -1 -1 -1)
#(0 4 156 25 0 0 1 65 348057 -1 -1 -1 -1 -1 -1)
#(0 4 168 29 0 0 1 50 268804 -1 -1 -1 -1 -1 -1)
#(0 4 164 29 0 0 1 28 152638 -1 -1 -1 -1 -1 -1)
#(0 5 169 21 0 0 0 3 16165 -1 -1 -1 -1 -1 -1)
#(0 5 176 22 0 0 0 17 90108 -1 -1 -1 -1 -1 -1)
#(0 5 171 27 0 0 0 36 190532 -1 -1 -1 -1 -1 -1)
#(0 5 180 25 0 0 1 89 474805 -1 -1 -1 -1 -1 -1)
#(0 5 155 25 0 0 1 84 448369 -1 -1 -1 -1 -1 -1)
#(0 5 178 20 0 0 1 71 379832 -1 -1 -1 -1 -1 -1)
#(0 5 173 32 0 0 1 70 374344 -1 -1 -1 -1 -1 -1)
#(0 5 177 29 0 0 1 52 279358 -1 -1 -1 -1 -1 -1)
#(0 5 172 22 0 0 1 28 152767 -1 -1 -1 -1 -1 -1)
#(0 6 187 30 0 0 0 1 5793 -1 -1 -1 -1 -1 -1)
#(0 6 182 32 0 0 0 4 21670 -1 -1 -1 -1 -1 -1)
#(0 6 163 20 0 0 0 10 53139 -1 -1 -1 -1 -1 -1)
#(0 6 193 34 0 0 0 13 69199 -1 -1 -1 -1 -1 -1)
#(0 6 190 28 0 0 0 23 121892 -1 -1 -1 -1 -1 -1)
#(0 6 175 25 0 0 0 36 190482 -1 -1 -1 -1 -1 -1)
#(0 6 185 30 0 0 0 55 290911 -1 -1 -1 -1 -1 -1)
#(0 6 174 19 0 0 1 92 490723 -1 -1 -1 -1 -1 -1)
#(0 6 192 26 0 0 1 88 469498 -1 -1 -1 -1 -1 -1)
#(0 6 189 23 0 0 1 87 464258 -1 -1 -1 -1 -1 -1)
#(0 6 188 22 0 0 1 86 459006 -1 -1 -1 -1 -1 -1)
#(0 6 191 29 0 0 1 81 432484 -1 -1 -1 -1 -1 -1)
#(0 6 181 27 0 0 1 76 406096 -1 -1 -1 -1 -1 -1)
#(0 6 183 32 0 0 1 58 310977 -1 -1 -1 -1 -1 -1)
#(0 6 184 26 0 0 1 52 279422 -1 -1 -1 -1 -1 -1)
#(0 6 186 34 0 0 1 21 115585 -1 -1 -1 -1 -1 -1)
#(0 7 194 24 0 0 0 5 26815 -1 -1 -1 -1 -1 -1)
#(0 7 179 19 0 0 0 10 53101 -1 -1 -1 -1 -1 -1)
#(0 7 196 27 0 0 0 44 232773 -1 -1 -1 -1 -1 -1)
#(0 7 198 28 0 0 1 96 511689 -1 -1 -1 -1 -1 -1)
#(0 7 197 20 0 0 1 73 390384 -1 -1 -1 -1 -1 -1)
#(0 7 195 23 0 0 1 62 332244 -1 -1 -1 -1 -1 -1)
#(0 7 200 23 0 0 1 54 290035 -1 -1 -1 -1 -1 -1)
#(0 7 199 30 0 0 1 12 68136 -1 -1 -1 -1 -1 -1)
#(0 8 202 25 0 0 0 25 132411 -1 -1 -1 -1 -1 -1)
#(0 8 201 32 0 0 0 30 158943 -1 -1 -1 -1 -1 -1)
#(0 8 210 29 0 0 0 48 253909 -1 -1 -1 -1 -1 -1)
#(0 8 207 26 0 0 0 90 475622 -1 -1 -1 -1 -1 -1)
#(0 8 208 25 0 0 1 84 448408 -1 -1 -1 -1 -1 -1)
#(0 8 205 23 0 0 1 83 443146 -1 -1 -1 -1 -1 -1)
#(0 8 209 27 0 0 1 80 427246 -1 -1 -1 -1 -1 -1)
#(0 8 204 23 0 0 1 66 353385 -1 -1 -1 -1 -1 -1)
#(0 8 203 26 0 0 1 46 247726 -1 -1 -1 -1 -1 -1)
#(0 8 206 26 0 0 1 14 78778 -1 -1 -1 -1 -1 -1)
#(0 9 217 26 0 0 0 5 26835 -1 -1 -1 -1 -1 -1)
#(0 9 220 24 0 0 0 7 37359 -1 -1 -1 -1 -1 -1)
#(0 9 215 26 0 0 0 12 63797 -1 -1 -1 -1 -1 -1)
#(0 9 224 30 0 0 0 15 79696 -1 -1 -1 -1 -1 -1)
#(0 9 214 27 0 0 0 21 111338 -1 -1 -1 -1 -1 -1)
#(0 9 225 34 0 0 0 29 153679 -1 -1 -1 -1 -1 -1)
#(0 9 216 20 0 0 0 40 211533 -1 -1 -1 -1 -1 -1)
#(0 9 222 29 0 0 0 73 385922 -1 -1 -1 -1 -1 -1)
#(0 9 223 32 0 0 1 95 506359 -1 -1 -1 -1 -1 -1)
#(0 9 221 28 0 0 1 91 485289 -1 -1 -1 -1 -1 -1)
#(0 9 226 29 0 0 1 88 469444 -1 -1 -1 -1 -1 -1)
#(0 9 213 18 0 0 1 73 390408 -1 -1 -1 -1 -1 -1)
#(0 9 211 20 0 0 1 71 379818 -1 -1 -1 -1 -1 -1)
#(0 9 212 27 0 0 1 52 279379 -1 -1 -1 -1 -1 -1)
#(0 10 236 30 0 0 0 4 21609 -1 -1 -1 -1 -1 -1)
#(0 10 229 20 0 0 0 14 74259 -1 -1 -1 -1 -1 -1)
#(0 10 218 28 0 0 0 21 111335 -1 -1 -1 -1 -1 -1)
#(0 10 232 26 0 0 0 23 121873 -1 -1 -1 -1 -1 -1)
#(0 10 234 26 0 0 0 36 190500 -1 -1 -1 -1 -1 -1)
#(0 10 231 25 0 0 0 37 195772 -1 -1 -1 -1 -1 -1)
#(0 10 230 25 0 0 0 39 206338 -1 -1 -1 -1 -1 -1)
#(0 10 219 28 0 0 0 48 253914 -1 -1 -1 -1 -1 -1)
#(0 10 228 23 0 0 1 77 411449 -1 -1 -1 -1 -1 -1)
#(0 10 235 23 0 0 1 27 147471 -1 -1 -1 -1 -1 -1)
#(0 11 242 27 0 0 0 0 456 -1 -1 -1 -1 -1 -1)
#(0 11 246 26 0 0 0 3 16270 -1 -1 -1 -1 -1 -1)
#(0 11 238 32 0 0 0 6 32230 -1 -1 -1 -1 -1 -1)
#(0 11 240 29 0 0 0 9 48014 -1 -1 -1 -1 -1 -1)
#(0 11 227 23 0 0 0 21 111251 -1 -1 -1 -1 -1 -1)
#(0 11 247 23 0 0 0 23 121815 -1 -1 -1 -1 -1 -1)
#(0 11 244 23 0 0 0 29 153503 -1 -1 -1 -1 -1 -1)
#(0 11 233 21 0 0 0 37 195701 -1 -1 -1 -1 -1 -1)
#(0 11 237 25 0 0 0 59 311959 -1 -1 -1 -1 -1 -1)
#(0 11 241 26 0 0 0 62 327800 -1 -1 -1 -1 -1 -1)
#(0 11 245 20 0 0 1 91 485434 -1 -1 -1 -1 -1 -1)
#(0 11 249 29 0 0 1 76 406082 -1 -1 -1 -1 -1 -1)
#(0 11 252 30 0 0 1 75 400783 -1 -1 -1 -1 -1 -1)
#(0 11 253 28 0 0 1 70 374430 -1 -1 -1 -1 -1 -1)
#(0 11 239 25 0 0 1 60 321663 -1 -1 -1 -1 -1 -1)
#(0 11 250 25 0 0 1 49 263599 -1 -1 -1 -1 -1 -1)
#(0 11 248 34 0 0 1 47 252878 -1 -1 -1 -1 -1 -1)
#(0 12 243 25 0 0 0 0 403 -1 -1 -1 -1 -1 -1)
#(0 12 257 30 0 0 0 4 21629 -1 -1 -1 -1 -1 -1)
#(0 12 255 32 0 0 0 27 143103 -1 -1 -1 -1 -1 -1)
#(0 12 261 27 0 0 1 97 517000 -1 -1 -1 -1 -1 -1)
#(0 12 258 23 0 0 1 83 443135 -1 -1 -1 -1 -1 -1)
#(0 12 260 26 0 0 1 76 406151 -1 -1 -1 -1 -1 -1)
#(0 12 251 24 0 0 1 47 253052 -1 -1 -1 -1 -1 -1)
#(0 12 256 27 0 0 1 41 221308 -1 -1 -1 -1 -1 -1)
#(0 12 262 30 0 0 1 14 78711 -1 -1 -1 -1 -1 -1)
#(0 13 273 25 0 0 0 13 69040 -1 -1 -1 -1 -1 -1)
#(0 13 271 30 0 0 0 15 79697 -1 -1 -1 -1 -1 -1)
#(0 13 266 23 0 0 0 21 111255 -1 -1 -1 -1 -1 -1)
#(0 13 264 27 0 0 0 22 116618 -1 -1 -1 -1 -1 -1)
#(0 13 267 20 0 0 0 37 195680 -1 -1 -1 -1 -1 -1)
#(0 13 265 20 0 0 0 38 200976 -1 -1 -1 -1 -1 -1)
#(0 13 269 27 0 0 0 53 280290 -1 -1 -1 -1 -1 -1)
#(0 13 270 25 0 0 0 65 343612 -1 -1 -1 -1 -1 -1)
#(0 13 263 29 0 0 1 99 527486 -1 -1 -1 -1 -1 -1)
#(0 13 259 30 0 0 1 75 400765 -1 -1 -1 -1 -1 -1)
#(0 13 274 28 0 0 1 72 384989 -1 -1 -1 -1 -1 -1)
#(0 13 254 25 0 0 1 70 374455 -1 -1 -1 -1 -1 -1)
#(0 13 268 26 0 0 1 57 305806 -1 -1 -1 -1 -1 -1)
#(0 13 272 28 0 0 1 38 205462 -1 -1 -1 -1 -1 -1)
#(0 14 278 32 0 0 0 4 21671 -1 -1 -1 -1 -1 -1)
#(2 14 278 -1 -1 -1 -1 -1 -1 0 -1 -1 -1 -1 -1)
#(0 14 281 28 0 0 0 5 26864 -1 -1 -1 -1 -1 -1)
#(0 14 275 20 0 0 0 12 63699 -1 -1 -1 -1 -1 -1)
#(0 14 280 29 0 0 0 48 253919 -1 -1 -1 -1 -1 -1)
#(0 14 279 20 0 0 1 99 527674 -1 -1 -1 -1 -1 -1)
#(0 14 276 23 0 0 1 93 495930 -1 -1 -1 -1 -1 -1)
#(0 14 277 29 0 0 1 87 464150 -1 -1 -1 -1 -1 -1)
#(0 14 283 34 0 0 1 82 437681 -1 -1 -1 -1 -1 -1)
#(0 14 282 34 0 0 1 64 342641 -1 -1 -1 -1 -1 -1)
#(0 15 285 23 0 0 0 0 384 -1 -1 -1 -1 -1 -1)
#(0 15 287 20 0 0 0 7 37288 -1 -1 -1 -1 -1 -1)
#(0 15 292 27 0 0 0 15 79647 -1 -1 -1 -1 -1 -1)
#(0 15 296 26 0 0 0 17 90182 -1 -1 -1 -1 -1 -1)
#(0 15 289 29 0 0 0 20 106086 -1 -1 -1 -1 -1 -1)
#(0 15 295 25 0 0 0 32 169361 -1 -1 -1 -1 -1 -1)
#(0 15 291 28 0 0 0 69 364791 -1 -1 -1 -1 -1 -1)
#(0 15 288 23 0 0 1 83 443139 -1 -1 -1 -1 -1 -1)
#(0 15 290 25 0 0 1 72 385023 -1 -1 -1 -1 -1 -1)
#(0 15 294 29 0 0 1 61 326878 -1 -1 -1 -1 -1 -1)
#(0 15 284 29 0 0 1 38 205427 -1 -1 -1 -1 -1 -1)
#(0 15 293 23 0 0 1 37 200260 -1 -1 -1 -1 -1 -1)
#(0 16 286 22 0 0 0 0 346 -1 -1 -1 -1 -1 -1)
#(0 16 302 27 0 0 0 3 16287 -1 -1 -1 -1 -1 -1)
#(0 16 300 26 0 0 0 4 21557 -1 -1 -1 -1 -1 -1)
#(0 16 301 32 0 0 0 6 32217 -1 -1 -1 -1 -1 -1)
#(0 16 310 28 0 0 0 11 58538 -1 -1 -1 -1 -1 -1)
#(0 16 308 25 0 0 0 13 69039 -1 -1 -1 -1 -1 -1)
#(0 16 304 26 0 0 0 14 74362 -1 -1 -1 -1 -1 -1)
#(0 16 309 19 0 0 1 99 527698 -1 -1 -1 -1 -1 -1)
#(0 16 305 34 0 0 1 96 511587 -1 -1 -1 -1 -1 -1)
#(0 16 311 20 0 0 1 87 464325 -1 -1 -1 -1 -1 -1)
#(0 16 298 26 0 0 1 77 411390 -1 -1 -1 -1 -1 -1)
#(2 16 298 -1 -1 -1 -1 -1 -1 1 -1 -1 -1 -1 -1)
#(0 16 306 34 0 0 1 65 347912 -1 -1 -1 -1 -1 -1)
#(0 16 303 23 0 0 1 43 231935 -1 -1 -1 -1 -1 -1)
#(0 16 307 23 0 0 1 28 152744 -1 -1 -1 -1 -1 -1)
#(0 17 325 20 0 0 0 4 21441 -1 -1 -1 -1 -1 -1)
#(0 17 326 24 0 0 0 6 32075 -1 -1 -1 -1 -1 -1)
#(0 17 297 21 0 0 0 7 37303 -1 -1 -1 -1 -1 -1)
#(0 17 329 26 0 0 0 22 116577 -1 -1 -1 -1 -1 -1)
#(0 17 318 26 0 0 0 36 190514 -1 -1 -1 -1 -1 -1)
#(0 17 317 24 0 0 0 38 201045 -1 -1 -1 -1 -1 -1)
#(0 17 322 27 0 0 0 49 259166 -1 -1 -1 -1 -1 -1)
#(0 17 320 20 0 0 1 98 522387 -1 -1 -1 -1 -1 -1)
#(0 17 319 30 0 0 1 84 448295 -1 -1 -1 -1 -1 -1)
#(0 17 299 25 0 0 1 77 411429 -1 -1 -1 -1 -1 -1)
#(0 17 314 23 0 0 1 71 379770 -1 -1 -1 -1 -1 -1)
#(0 17 327 28 0 0 1 70 374429 -1 -1 -1 -1 -1 -1)
#(0 17 323 26 0 0 1 61 326935 -1 -1 -1 -1 -1 -1)
#(0 17 321 29 0 0 1 60 321601 -1 -1 -1 -1 -1 -1)
#(0 17 316 23 0 0 1 49 263614 -1 -1 -1 -1 -1 -1)
#(0 17 328 25 0 0 1 48 258319 -1 -1 -1 -1 -1 -1)
#(0 17 315 23 0 0 1 41 221373 -1 -1 -1 -1 -1 -1)
#(0 17 312 23 0 0 1 37 200247 -1 -1 -1 -1 -1 -1)
#(0 17 324 27 0 0 1 10 57640 -1 -1 -1 -1 -1 -1)
#(0 18 334 19 0 0 0 0 327 -1 -1 -1 -1 -1 -1)
#(0 18 332 25 0 0 0 13 69033 -1 -1 -1 -1 -1 -1)
#(0 18 331 23 0 0 0 34 179915 -1 -1 -1 -1 -1 -1)
#(0 18 333 20 0 0 0 42 222097 -1 -1 -1 -1 -1 -1)
#(0 18 336 25 0 0 0 89 470332 -1 -1 -1 -1 -1 -1)
#(0 18 330 26 0 0 1 84 448377 -1 -1 -1 -1 -1 -1)
#(0 18 313 20 0 0 1 77 411517 -1 -1 -1 -1 -1 -1)
#(0 18 338 28 0 0 1 74 395535 -1 -1 -1 -1 -1 -1)
#(0 19 337 21 0 0 0 4 21459 -1 -1 -1 -1 -1 -1)
#(0 19 342 27 0 0 0 17 90210 -1 -1 -1 -1 -1 -1)
#(0 19 345 30 0 0 0 21 111377 -1 -1 -1 -1 -1 -1)
#(0 19 343 20 0 0 0 28 148171 -1 -1 -1 -1 -1 -1)
#(0 19 341 27 0 0 0 29 153573 -1 -1 -1 -1 -1 -1)
#(0 19 351 29 0 0 0 33 174716 -1 -1 -1 -1 -1 -1)
#(0 19 348 32 0 0 0 41 217010 -1 -1 -1 -1 -1 -1)
#(0 19 340 20 0 0 0 43 227377 -1 -1 -1 -1 -1 -1)
#(0 19 346 30 0 0 1 81 432455 -1 -1 -1 -1 -1 -1)
#(0 19 349 34 0 0 1 64 342638 -1 -1 -1 -1 -1 -1)
#(0 19 339 22 0 0 1 48 258358 -1 -1 -1 -1 -1 -1)
#(0 19 350 27 0 0 1 29 157960 -1 -1 -1 -1 -1 -1)
#(0 19 347 23 0 0 1 19 105220 -1 -1 -1 -1 -1 -1)
#(0 20 358 27 0 0 0 11 58520 -1 -1 -1 -1 -1 -1)
#(0 20 362 26 0 0 0 31 164096 -1 -1 -1 -1 -1 -1)
#(0 20 359 27 0 0 0 36 190514 -1 -1 -1 -1 -1 -1)
#(0 20 357 25 0 0 0 54 285538 -1 -1 -1 -1 -1 -1)
#(0 20 361 28 0 0 1 88 469462 -1 -1 -1 -1 -1 -1)
#(0 20 352 25 0 0 1 84 448367 -1 -1 -1 -1 -1 -1)
#(0 20 335 20 0 0 1 77 411516 -1 -1 -1 -1 -1 -1)
#(0 20 363 23 0 0 1 75 400913 -1 -1 -1 -1 -1 -1)
#(0 20 355 29 0 0 1 74 395499 -1 -1 -1 -1 -1 -1)
#(0 20 356 23 0 0 1 65 348092 -1 -1 -1 -1 -1 -1)
#(0 20 353 25 0 0 1 46 247747 -1 -1 -1 -1 -1 -1)
#(0 21 366 26 0 0 0 3 16279 -1 -1 -1 -1 -1 -1)
#(0 21 375 27 0 0 0 18 95486 -1 -1 -1 -1 -1 -1)
#(0 21 373 23 0 0 0 24 127098 -1 -1 -1 -1 -1 -1)
#(0 21 344 16 0 0 0 28 148110 -1 -1 -1 -1 -1 -1)
#(0 21 368 26 0 0 0 37 195806 -1 -1 -1 -1 -1 -1)
#(0 21 377 25 0 0 0 46 243281 -1 -1 -1 -1 -1 -1)
#(0 21 369 20 0 0 0 48 253771 -1 -1 -1 -1 -1 -1)
#(0 21 367 31 0 0 0 49 259261 -1 -1 -1 -1 -1 -1)
#(0 21 364 29 0 0 0 51 269783 -1 -1 -1 -1 -1 -1)
#(0 21 365 20 0 0 1 99 527652 -1 -1 -1 -1 -1 -1)
#(0 21 372 28 0 0 1 86 458891 -1 -1 -1 -1 -1 -1)
#(0 21 354 25 0 0 1 84 448380 -1 -1 -1 -1 -1 -1)
#(0 21 360 27 0 0 1 74 395542 -1 -1 -1 -1 -1 -1)
#(0 21 374 26 0 0 1 68 363892 -1 -1 -1 -1 -1 -1)
#(0 21 371 30 0 0 1 53 284609 -1 -1 -1 -1 -1 -1)
#(0 21 370 23 0 0 1 34 184415 -1 -1 -1 -1 -1 -1)
#(0 21 376 28 0 0 1 13 73456 -1 -1 -1 -1 -1 -1)
#(0 22 384 27 0 0 0 12 63794 -1 -1 -1 -1 -1 -1)
#(0 22 379 26 0 0 0 16 84926 -1 -1 -1 -1 -1 -1)
#(0 22 381 32 0 0 0 20 106149 -1 -1 -1 -1 -1 -1)
#(0 22 388 28 0 0 0 31 164131 -1 -1 -1 -1 -1 -1)
#(0 22 383 26 0 0 0 71 375308 -1 -1 -1 -1 -1 -1)
#(0 22 386 24 0 0 1 98 522340 -1 -1 -1 -1 -1 -1)
#(0 22 387 25 0 0 1 89 474805 -1 -1 -1 -1 -1 -1)
#(0 22 378 20 0 0 1 65 348148 -1 -1 -1 -1 -1 -1)
#(0 22 385 29 0 0 1 61 326889 -1 -1 -1 -1 -1 -1)
#(0 22 380 29 0 0 1 60 321594 -1 -1 -1 -1 -1 -1)
#(0 23 398 28 0 0 0 2 11012 -1 -1 -1 -1 -1 -1)
#(0 23 389 27 0 0 0 3 16298 -1 -1 -1 -1 -1 -1)
#(0 23 397 24 0 0 0 11 58465 -1 -1 -1 -1 -1 -1)
#(0 23 395 20 0 0 0 13 68966 -1 -1 -1 -1 -1 -1)
#(0 23 391 30 0 0 0 32 169458 -1 -1 -1 -1 -1 -1)
#(0 23 390 23 0 0 0 38 201030 -1 -1 -1 -1 -1 -1)
#(0 23 393 20 0 0 0 42 222090 -1 -1 -1 -1 -1 -1)
#(0 23 382 19 0 0 0 48 253751 -1 -1 -1 -1 -1 -1)
#(0 23 396 30 0 0 0 50 264498 -1 -1 -1 -1 -1 -1)
#(0 23 399 24 0 0 1 87 464253 -1 -1 -1 -1 -1 -1)
#(0 23 394 20 0 0 1 56 300627 -1 -1 -1 -1 -1 -1)
#(0 23 392 28 0 0 1 40 216010 -1 -1 -1 -1 -1 -1)
#(0 24 413 30 0 0 0 5 26898 -1 -1 -1 -1 -1 -1)
#(0 24 401 28 0 0 0 6 32166 -1 -1 -1 -1 -1 -1)
#(0 24 405 19 0 0 0 28 148152 -1 -1 -1 -1 -1 -1)
#(0 24 414 32 0 0 0 45 238121 -1 -1 -1 -1 -1 -1)
#(0 24 411 27 0 0 0 62 327800 -1 -1 -1 -1 -1 -1)
#(0 24 400 30 0 0 0 64 338445 -1 -1 -1 -1 -1 -1)
#(0 24 407 20 0 0 0 78 412173 -1 -1 -1 -1 -1 -1)
#(0 24 403 26 0 0 1 93 495881 -1 -1 -1 -1 -1 -1)
#(0 24 409 20 0 0 1 86 459029 -1 -1 -1 -1 -1 -1)
#(0 24 404 29 0 0 1 81 432466 -1 -1 -1 -1 -1 -1)
#(0 24 402 25 0 0 1 54 289976 -1 -1 -1 -1 -1 -1)
#(0 24 412 25 0 0 1 34 184400 -1 -1 -1 -1 -1 -1)
#(0 25 415 26 0 0 0 2 10996 -1 -1 -1 -1 -1 -1)
#(0 25 406 25 0 0 0 11 58493 -1 -1 -1 -1 -1 -1)
#(0 25 418 20 0 0 0 14 74253 -1 -1 -1 -1 -1 -1)
#(0 25 431 27 0 0 0 16 84919 -1 -1 -1 -1 -1 -1)
#(0 25 423 27 0 0 0 17 90212 -1 -1 -1 -1 -1 -1)
#(0 25 422 32 0 0 0 23 121977 -1 -1 -1 -1 -1 -1)
#(0 25 420 28 0 0 0 33 174708 -1 -1 -1 -1 -1 -1)
#(0 25 430 26 0 0 0 46 243302 -1 -1 -1 -1 -1 -1)
#(0 25 417 20 0 0 1 91 485424 -1 -1 -1 -1 -1 -1)
#(0 25 425 25 0 0 1 89 474783 -1 -1 -1 -1 -1 -1)
#(0 25 427 29 0 0 1 82 437758 -1 -1 -1 -1 -1 -1)
#(0 25 410 29 0 0 1 81 432479 -1 -1 -1 -1 -1 -1)
#(0 25 416 30 0 0 1 79 421874 -1 -1 -1 -1 -1 -1)
#(0 25 419 25 0 0 1 76 406152 -1 -1 -1 -1 -1 -1)
#(0 25 421 19 0 0 1 65 348164 -1 -1 -1 -1 -1 -1)
#(0 25 429 28 0 0 1 62 332182 -1 -1 -1 -1 -1 -1)
#(0 25 408 21 0 0 1 56 300601 -1 -1 -1 -1 -1 -1)
#(0 26 438 26 0 0 0 8 42674 -1 -1 -1 -1 -1 -1)
#(0 26 437 21 0 0 0 13 68982 -1 -1 -1 -1 -1 -1)
#(0 26 426 28 0 0 0 17 90217 -1 -1 -1 -1 -1 -1)
#(0 26 443 34 0 0 0 19 100880 -1 -1 -1 -1 -1 -1)
#(0 26 432 29 0 0 0 30 158900 -1 -1 -1 -1 -1 -1)
#(0 26 433 27 0 0 0 32 169424 -1 -1 -1 -1 -1 -1)
#(0 26 435 25 0 0 0 43 227464 -1 -1 -1 -1 -1 -1)
#(0 26 434 21 0 0 0 48 253792 -1 -1 -1 -1 -1 -1)
#(0 26 424 21 0 0 0 78 412191 -1 -1 -1 -1 -1 -1)
#(0 26 442 29 0 0 1 92 490564 -1 -1 -1 -1 -1 -1)
#(0 26 440 26 0 0 1 89 474783 -1 -1 -1 -1 -1 -1)
#(0 26 428 28 0 0 1 79 421928 -1 -1 -1 -1 -1 -1)
#(0 27 446 26 0 0 0 12 63806 -1 -1 -1 -1 -1 -1)
#(0 27 455 25 0 0 0 15 79599 -1 -1 -1 -1 -1 -1)
#(0 27 444 27 0 0 0 27 143023 -1 -1 -1 -1 -1 -1)
#(0 27 456 28 0 0 0 29 153578 -1 -1 -1 -1 -1 -1)
#(0 27 441 24 0 0 0 32 169369 -1 -1 -1 -1 -1 -1)
#(0 27 436 26 0 0 0 46 243333 -1 -1 -1 -1 -1 -1)
#(0 27 458 28 0 0 0 60 317258 -1 -1 -1 -1 -1 -1)
#(0 27 457 20 0 0 0 65 343519 -1 -1 -1 -1 -1 -1)
#(0 27 447 20 0 0 1 94 501266 -1 -1 -1 -1 -1 -1)
#(0 27 459 29 0 0 1 88 469451 -1 -1 -1 -1 -1 -1)
#(0 27 449 28 0 0 1 66 353283 -1 -1 -1 -1 -1 -1)
#(0 27 454 26 0 0 1 60 321657 -1 -1 -1 -1 -1 -1)
#(0 27 445 20 0 0 1 55 295338 -1 -1 -1 -1 -1 -1)
#(0 27 448 29 0 0 1 46 247661 -1 -1 -1 -1 -1 -1)
#(0 27 450 27 0 0 1 42 226588 -1 -1 -1 -1 -1 -1)
#(0 28 439 25 0 0 0 17 90184 -1 -1 -1 -1 -1 -1)
#(0 28 464 23 0 0 0 26 137670 -1 -1 -1 -1 -1 -1)
#(0 28 475 23 0 0 0 30 158767 -1 -1 -1 -1 -1 -1)
#(0 28 463 27 0 0 0 57 301418 -1 -1 -1 -1 -1 -1)
#(0 28 472 24 0 0 0 71 375275 -1 -1 -1 -1 -1 -1)
#(0 28 471 34 0 0 0 80 422967 -1 -1 -1 -1 -1 -1)
#(0 28 460 25 0 0 1 99 527582 -1 -1 -1 -1 -1 -1)
#(0 28 462 23 0 0 1 98 522330 -1 -1 -1 -1 -1 -1)
#(0 28 468 30 0 0 1 96 511651 -1 -1 -1 -1 -1 -1)
#(0 28 467 25 0 0 1 87 464232 -1 -1 -1 -1 -1 -1)
#(0 28 474 22 0 0 1 86 459017 -1 -1 -1 -1 -1 -1)
#(0 28 465 26 0 0 1 80 427244 -1 -1 -1 -1 -1 -1)
#(0 28 469 23 0 0 1 56 300575 -1 -1 -1 -1 -1 -1)
#(0 28 461 20 0 0 1 55 295360 -1 -1 -1 -1 -1 -1)
#(0 28 453 29 0 0 1 46 247665 -1 -1 -1 -1 -1 -1)
#(0 28 466 26 0 0 1 39 210766 -1 -1 -1 -1 -1 -1)
#(0 28 473 32 0 0 1 28 152598 -1 -1 -1 -1 -1 -1)
#(0 29 486 25 0 0 0 11 58481 -1 -1 -1 -1 -1 -1)
#(0 29 491 26 0 0 0 15 79619 -1 -1 -1 -1 -1 -1)
#(0 29 488 29 0 0 0 19 100788 -1 -1 -1 -1 -1 -1)
#(0 29 479 29 0 0 0 24 127208 -1 -1 -1 -1 -1 -1)
#(0 29 478 29 0 0 0 35 185282 -1 -1 -1 -1 -1 -1)
#(0 29 487 29 0 0 0 44 232789 -1 -1 -1 -1 -1 -1)
#(0 29 484 20 0 0 0 47 248484 -1 -1 -1 -1 -1 -1)
#(0 29 493 29 0 0 0 51 269749 -1 -1 -1 -1 -1 -1)
#(0 29 481 30 0 0 1 97 516942 -1 -1 -1 -1 -1 -1)
#(0 29 451 21 0 0 1 94 501243 -1 -1 -1 -1 -1 -1)
#(0 29 476 27 0 0 1 92 490582 -1 -1 -1 -1 -1 -1)
#(0 29 477 23 0 0 1 83 443141 -1 -1 -1 -1 -1 -1)
#(0 29 490 20 0 0 1 79 422083 -1 -1 -1 -1 -1 -1)
#(0 29 492 23 0 0 1 75 400915 -1 -1 -1 -1 -1 -1)
#(0 29 485 23 0 0 1 67 358666 -1 -1 -1 -1 -1 -1)
#(0 29 482 28 0 0 1 54 289949 -1 -1 -1 -1 -1 -1)
#(0 29 480 27 0 0 1 44 237154 -1 -1 -1 -1 -1 -1)
#(0 29 489 30 0 0 1 42 226550 -1 -1 -1 -1 -1 -1)
#(0 30 502 27 0 0 0 2 10999 -1 -1 -1 -1 -1 -1)
#(0 30 103 36 0 1 0 3 17730 -1 -1 -1 -1 -1 -1)
#(0 30 503 30 0 0 0 4 21619 -1 -1 -1 -1 -1 -1)
#(0 30 102 35 0 1 0 5 28195 -1 -1 -1 -1 -1 -1)
#(0 30 107 34 0 1 0 7 38719 -1 -1 -1 -1 -1 -1)
#(0 30 105 42 0 1 0 9 49731 -1 -1 -1 -1 -1 -1)
#(0 30 498 28 0 0 0 10 53277 -1 -1 -1 -1 -1 -1)
#(0 30 111 33 0 1 0 12 65099 -1 -1 -1 -1 -1 -1)
#(0 30 452 25 0 0 0 17 90198 -1 -1 -1 -1 -1 -1)
#(0 30 505 32 0 0 0 21 111395 -1 -1 -1 -1 -1 -1)
#(0 30 113 27 0 2 0 23 122828 -1 -1 -1 -1 -1 -1)
#(0 30 483 27 0 0 0 24 127162 -1 -1 -1 -1 -1 -1)
#(0 30 496 30 0 0 0 25 132519 -1 -1 -1 -1 -1 -1)
#(0 30 495 30 0 0 0 27 143076 -1 -1 -1 -1 -1 -1)
#(0 30 112 27 0 2 0 31 165058 -1 -1 -1 -1 -1 -1)
#(0 30 108 27 0 2 0 44 233720 -1 -1 -1 -1 -1 -1)
#(0 30 110 20 0 2 0 50 265035 -1 -1 -1 -1 -1 -1)
#(0 30 506 27 0 0 0 60 317228 -1 -1 -1 -1 -1 -1)
#(0 30 494 20 0 0 1 99 527659 -1 -1 -1 -1 -1 -1)
#(0 30 106 36 0 1 1 97 515558 -1 -1 -1 -1 -1 -1)
#(0 30 470 22 0 0 1 94 501243 -1 -1 -1 -1 -1 -1)
#(0 30 499 27 0 0 1 84 448348 -1 -1 -1 -1 -1 -1)
#(0 30 501 30 0 0 1 76 406054 -1 -1 -1 -1 -1 -1)
#(0 30 101 45 0 3 1 73 388326 -1 -1 -1 -1 -1 -1)
#(0 30 104 56 0 1 1 61 324483 -1 -1 -1 -1 -1 -1)
#(0 30 497 27 0 0 1 57 305782 -1 -1 -1 -1 -1 -1)
#(0 30 109 35 0 1 1 50 267500 -1 -1 -1 -1 -1 -1)
#(0 30 114 34 0 2 1 44 235839 -1 -1 -1 -1 -1 -1)
#(0 31 122 35 0 1 0 16 86244 -1 -1 -1 -1 -1 -1)
#(0 31 516 26 0 0 0 19 100737 -1 -1 -1 -1 -1 -1)
#(0 31 500 25 0 0 0 25 132407 -1 -1 -1 -1 -1 -1)
#(0 31 121 48 0 1 0 25 134485 -1 -1 -1 -1 -1 -1)
#(0 31 514 23 0 0 0 29 153497 -1 -1 -1 -1 -1 -1)
#(0 31 120 20 0 2 0 32 169995 -1 -1 -1 -1 -1 -1)
#(0 31 507 25 0 0 0 35 185244 -1 -1 -1 -1 -1 -1)
#(0 31 123 20 0 2 0 38 201667 -1 -1 -1 -1 -1 -1)
#(0 31 511 26 0 0 0 54 285554 -1 -1 -1 -1 -1 -1)
#(0 31 117 36 0 1 0 60 318673 -1 -1 -1 -1 -1 -1)
#(0 31 116 43 0 3 0 61 324301 -1 -1 -1 -1 -1 -1)
#(0 31 515 20 0 0 0 63 332968 -1 -1 -1 -1 -1 -1)
#(0 31 115 33 0 2 1 94 499907 -1 -1 -1 -1 -1 -1)
#(0 31 513 27 0 0 1 89 474754 -1 -1 -1 -1 -1 -1)
#(0 31 508 28 0 0 1 88 469443 -1 -1 -1 -1 -1 -1)
#(0 31 504 20 0 0 1 83 443176 -1 -1 -1 -1 -1 -1)
#(0 31 118 39 0 1 1 81 430894 -1 -1 -1 -1 -1 -1)
#(0 31 512 27 0 0 1 73 390268 -1 -1 -1 -1 -1 -1)
#(0 31 509 29 0 0 1 64 342705 -1 -1 -1 -1 -1 -1)
#(0 31 119 20 0 2 1 40 215431 -1 -1 -1 -1 -1 -1)
#(0 32 133 45 0 1 0 1 7588 -1 -1 -1 -1 -1 -1)
#(0 32 529 28 0 0 0 2 11025 -1 -1 -1 -1 -1 -1)
#(0 32 531 29 0 0 0 4 21602 -1 -1 -1 -1 -1 -1)
#(0 32 510 28 0 0 0 10 53277 -1 -1 -1 -1 -1 -1)
#(0 32 124 49 0 1 0 10 55347 -1 -1 -1 -1 -1 -1)
#(0 32 129 38 0 2 0 14 75877 -1 -1 -1 -1 -1 -1)
#(0 32 132 47 0 3 0 15 81655 -1 -1 -1 -1 -1 -1)
#(0 32 130 39 0 3 0 20 107671 -1 -1 -1 -1 -1 -1)
#(0 32 532 29 0 0 0 24 127196 -1 -1 -1 -1 -1 -1)
#(0 32 135 45 0 1 0 24 129028 -1 -1 -1 -1 -1 -1)
#(0 32 525 25 0 0 0 28 148265 -1 -1 -1 -1 -1 -1)
#(0 32 521 23 0 0 0 30 158787 -1 -1 -1 -1 -1 -1)
#(0 32 526 30 0 0 0 41 216993 -1 -1 -1 -1 -1 -1)
#(0 32 530 23 0 0 0 48 253805 -1 -1 -1 -1 -1 -1)
#(0 32 127 47 0 1 0 52 276971 -1 -1 -1 -1 -1 -1)
#(0 32 520 23 0 0 0 53 280228 -1 -1 -1 -1 -1 -1)
#(0 32 523 21 0 0 1 99 527649 -1 -1 -1 -1 -1 -1)
#(0 32 517 22 0 0 1 94 501224 -1 -1 -1 -1 -1 -1)
#(0 32 524 27 0 0 1 88 469468 -1 -1 -1 -1 -1 -1)
#(0 32 527 28 0 0 1 78 416649 -1 -1 -1 -1 -1 -1)
#(0 32 125 33 0 2 1 77 410163 -1 -1 -1 -1 -1 -1)
#(0 32 126 54 0 1 1 72 382623 -1 -1 -1 -1 -1 -1)
#(0 32 128 53 0 1 1 55 292908 -1 -1 -1 -1 -1 -1)
#(0 32 131 21 0 2 1 54 289353 -1 -1 -1 -1 -1 -1)
#(0 32 518 26 0 0 1 52 279399 -1 -1 -1 -1 -1 -1)
#(0 32 522 20 0 0 1 49 263667 -1 -1 -1 -1 -1 -1)
#(0 32 134 48 0 2 1 47 250975 -1 -1 -1 -1 -1 -1)
#(0 32 519 23 0 0 1 33 179130 -1 -1 -1 -1 -1 -1)
#(0 33 537 27 0 0 0 0 458 -1 -1 -1 -1 -1 -1)
#(0 33 534 27 0 0 0 4 21549 -1 -1 -1 -1 -1 -1)
#(0 33 141 31 0 2 0 5 28005 -1 -1 -1 -1 -1 -1)
#(0 33 539 27 0 0 0 7 37418 -1 -1 -1 -1 -1 -1)
#(0 33 147 25 0 2 0 7 38254 -1 -1 -1 -1 -1 -1)
#(0 33 535 29 0 0 0 9 48016 -1 -1 -1 -1 -1 -1)
#(0 33 151 35 0 2 0 12 65226 -1 -1 -1 -1 -1 -1)
#(0 33 538 25 0 0 0 14 74345 -1 -1 -1 -1 -1 -1)
#(0 33 143 32 0 2 0 16 86100 -1 -1 -1 -1 -1 -1)
#(0 33 154 36 0 2 0 20 107467 -1 -1 -1 -1 -1 -1)
#(0 33 528 25 0 0 0 28 148265 -1 -1 -1 -1 -1 -1)
#(0 33 138 44 0 3 0 28 150135 -1 -1 -1 -1 -1 -1)
#(0 33 547 25 0 0 0 37 195755 -1 -1 -1 -1 -1 -1)
#(0 33 144 41 0 1 0 41 218602 -1 -1 -1 -1 -1 -1)
#(0 33 137 55 0 1 0 45 240455 -1 -1 -1 -1 -1 -1)
#(0 33 136 22 0 3 0 50 265004 -1 -1 -1 -1 -1 -1)
#(0 33 142 43 0 1 0 53 282049 -1 -1 -1 -1 -1 -1)
#(0 33 148 26 0 2 0 59 312881 -1 -1 -1 -1 -1 -1)
#(2 33 148 -1 -1 -1 -1 -1 -1 2 -1 -1 -1 -1 -1)
#(0 33 152 40 0 1 1 90 478391 -1 -1 -1 -1 -1 -1)
#(0 33 146 45 0 1 1 86 457033 -1 -1 -1 -1 -1 -1)
#(0 33 145 29 0 2 1 84 447269 -1 -1 -1 -1 -1 -1)
#(0 33 540 28 0 0 1 80 427216 -1 -1 -1 -1 -1 -1)
#(0 33 149 35 0 1 1 79 420583 -1 -1 -1 -1 -1 -1)
#(0 33 543 24 0 0 1 67 358643 -1 -1 -1 -1 -1 -1)
#(0 33 536 20 0 0 1 59 316463 -1 -1 -1 -1 -1 -1)
#(0 33 541 27 0 0 1 54 289948 -1 -1 -1 -1 -1 -1)
#(0 33 546 27 0 0 1 51 274127 -1 -1 -1 -1 -1 -1)
#(0 33 139 27 0 2 1 44 236184 -1 -1 -1 -1 -1 -1)
#(0 33 140 37 0 1 1 25 135349 -1 -1 -1 -1 -1 -1)
#(0 33 544 23 0 0 1 18 99945 -1 -1 -1 -1 -1 -1)
#(0 34 545 26 0 0 0 0 428 -1 -1 -1 -1 -1 -1)
#(0 34 555 20 0 0 0 2 10886 -1 -1 -1 -1 -1 -1)
#(0 34 160 21 0 2 0 3 16900 -1 -1 -1 -1 -1 -1)
#(0 34 553 30 0 0 0 6 32185 -1 -1 -1 -1 -1 -1)
#(0 34 542 30 0 0 0 9 48021 -1 -1 -1 -1 -1 -1)
#(0 34 161 21 0 2 0 10 53849 -1 -1 -1 -1 -1 -1)
#(0 34 554 20 0 0 0 11 58405 -1 -1 -1 -1 -1 -1)
#(0 34 556 25 0 0 0 13 69060 -1 -1 -1 -1 -1 -1)
#(0 34 153 41 0 2 0 15 81414 -1 -1 -1 -1 -1 -1)
#(0 34 158 26 0 2 0 17 91149 -1 -1 -1 -1 -1 -1)
#(0 34 162 33 0 3 0 18 96765 -1 -1 -1 -1 -1 -1)
#(0 34 549 28 0 0 0 19 100794 -1 -1 -1 -1 -1 -1)
#(0 34 561 27 0 0 0 20 106032 -1 -1 -1 -1 -1 -1)
#(0 34 557 25 0 0 0 25 132407 -1 -1 -1 -1 -1 -1)
#(0 34 150 44 0 1 0 28 150174 -1 -1 -1 -1 -1 -1)
#(0 34 533 22 0 0 0 48 253810 -1 -1 -1 -1 -1 -1)
#(0 34 157 29 0 2 0 51 270765 -1 -1 -1 -1 -1 -1)
#(0 34 167 20 0 3 0 59 312525 -1 -1 -1 -1 -1 -1)
#(0 34 165 20 0 2 1 99 526965 -1 -1 -1 -1 -1 -1)
#(0 34 558 28 0 0 1 98 522260 -1 -1 -1 -1 -1 -1)
#(0 34 550 20 0 0 1 94 501267 -1 -1 -1 -1 -1 -1)
#(0 34 166 32 0 2 1 92 489390 -1 -1 -1 -1 -1 -1)
#(0 34 170 26 0 2 1 87 463303 -1 -1 -1 -1 -1 -1)
#(0 34 159 40 0 1 1 86 457371 -1 -1 -1 -1 -1 -1)
#(0 34 562 26 0 0 1 74 395587 -1 -1 -1 -1 -1 -1)
#(0 34 551 27 0 0 1 71 379708 -1 -1 -1 -1 -1 -1)
#(0 34 559 28 0 0 1 70 374422 -1 -1 -1 -1 -1 -1)
#(0 34 156 30 0 2 1 65 346906 -1 -1 -1 -1 -1 -1)
#(0 34 168 32 0 3 1 50 267542 -1 -1 -1 -1 -1 -1)
#(0 34 548 30 0 0 1 31 168442 -1 -1 -1 -1 -1 -1)
#(0 34 164 42 0 1 1 28 150938 -1 -1 -1 -1 -1 -1)
#(0 35 572 30 0 0 0 3 16345 -1 -1 -1 -1 -1 -1)
#(0 35 169 20 0 2 0 3 16873 -1 -1 -1 -1 -1 -1)
#(0 35 569 23 0 0 0 5 26779 -1 -1 -1 -1 -1 -1)
#(0 35 575 29 0 0 0 6 32156 -1 -1 -1 -1 -1 -1)
#(0 35 567 30 0 0 0 12 63871 -1 -1 -1 -1 -1 -1)
#(0 35 176 27 0 2 0 17 91123 -1 -1 -1 -1 -1 -1)
#(0 35 566 27 0 0 0 19 100771 -1 -1 -1 -1 -1 -1)
#(0 35 171 38 0 1 0 36 192028 -1 -1 -1 -1 -1 -1)
#(0 35 576 26 0 0 0 44 232742 -1 -1 -1 -1 -1 -1)
#(0 35 552 23 0 0 0 48 253806 -1 -1 -1 -1 -1 -1)
#(0 35 564 26 0 0 0 54 285557 -1 -1 -1 -1 -1 -1)
#(0 35 574 20 0 0 1 99 527671 -1 -1 -1 -1 -1 -1)
#(0 35 570 26 0 0 1 89 474769 -1 -1 -1 -1 -1 -1)
#(0 35 180 30 0 2 1 89 473651 -1 -1 -1 -1 -1 -1)
#(0 35 155 27 0 2 1 84 447332 -1 -1 -1 -1 -1 -1)
#(0 35 573 26 0 0 1 78 416698 -1 -1 -1 -1 -1 -1)
#(0 35 563 27 0 0 1 73 390253 -1 -1 -1 -1 -1 -1)
#(0 35 568 20 0 0 1 72 385110 -1 -1 -1 -1 -1 -1)
#(0 35 178 20 0 2 1 71 379120 -1 -1 -1 -1 -1 -1)
#(0 35 173 51 0 1 1 70 372251 -1 -1 -1 -1 -1 -1)
#(0 35 565 26 0 0 1 64 342762 -1 -1 -1 -1 -1 -1)
#(0 35 571 27 0 0 1 58 311068 -1 -1 -1 -1 -1 -1)
#(0 35 177 43 0 1 1 52 277646 -1 -1 -1 -1 -1 -1)
#(0 35 172 27 0 2 1 28 151748 -1 -1 -1 -1 -1 -1)
#(0 36 187 42 0 3 0 1 7470 -1 -1 -1 -1 -1 -1)
#(0 36 577 31 0 0 0 3 16337 -1 -1 -1 -1 -1 -1)
#(0 36 182 44 0 3 0 4 23471 -1 -1 -1 -1 -1 -1)
#(2 36 182 -1 -1 -1 -1 -1 -1 3 -1 -1 -1 -1 -1)
#(0 36 163 20 0 2 0 10 53854 -1 -1 -1 -1 -1 -1)
#(0 36 193 50 0 3 0 13 71242 -1 -1 -1 -1 -1 -1)
#(0 36 582 25 0 0 0 14 74330 -1 -1 -1 -1 -1 -1)
#(0 36 589 25 0 0 0 18 95431 -1 -1 -1 -1 -1 -1)
#(0 36 190 29 0 2 0 23 123027 -1 -1 -1 -1 -1 -1)
#(0 36 580 26 0 0 0 27 142995 -1 -1 -1 -1 -1 -1)
#(0 36 584 27 0 0 0 31 164126 -1 -1 -1 -1 -1 -1)
#(0 36 581 20 0 0 0 36 190414 -1 -1 -1 -1 -1 -1)
#(0 36 175 32 0 2 0 36 191702 -1 -1 -1 -1 -1 -1)
#(0 36 585 29 0 0 0 38 201122 -1 -1 -1 -1 -1 -1)
#(0 36 588 20 0 0 0 41 216802 -1 -1 -1 -1 -1 -1)
#(0 36 185 39 0 1 0 55 292487 -1 -1 -1 -1 -1 -1)
#(0 36 174 20 0 2 1 92 490015 -1 -1 -1 -1 -1 -1)
#(0 36 587 23 0 0 1 90 480100 -1 -1 -1 -1 -1 -1)
#(0 36 192 33 0 2 1 88 468236 -1 -1 -1 -1 -1 -1)
#(0 36 189 25 0 2 1 87 463346 -1 -1 -1 -1 -1 -1)
#(0 36 188 36 0 3 1 86 457601 -1 -1 -1 -1 -1 -1)
#(0 36 191 41 0 1 1 81 430860 -1 -1 -1 -1 -1 -1)
#(0 36 181 37 0 1 1 76 404612 -1 -1 -1 -1 -1 -1)
#(0 36 560 23 0 0 1 70 374488 -1 -1 -1 -1 -1 -1)
#(0 36 579 21 0 0 1 64 342852 -1 -1 -1 -1 -1 -1)
#(0 36 183 49 0 1 1 58 308992 -1 -1 -1 -1 -1 -1)
#(0 36 184 37 0 1 1 52 277958 -1 -1 -1 -1 -1 -1)
#(0 36 186 52 0 3 1 21 113430 -1 -1 -1 -1 -1 -1)
#(0 37 601 27 0 0 0 4 21567 -1 -1 -1 -1 -1 -1)
#(0 37 194 31 0 2 0 5 27989 -1 -1 -1 -1 -1 -1)
#(0 37 179 20 0 0 0 10 53790 -1 -1 -1 -1 -1 -1)
#(0 37 592 20 0 0 0 10 53133 -1 -1 -1 -1 -1 -1)
#(0 37 597 29 0 0 0 33 174730 -1 -1 -1 -1 -1 -1)
#(0 37 598 27 0 0 0 34 179972 -1 -1 -1 -1 -1 -1)
#(0 37 596 28 0 0 0 37 195836 -1 -1 -1 -1 -1 -1)
#(0 37 196 31 0 2 0 44 233994 -1 -1 -1 -1 -1 -1)
#(0 37 593 27 0 0 0 46 243338 -1 -1 -1 -1 -1 -1)
#(0 37 578 20 0 0 1 99 527653 -1 -1 -1 -1 -1 -1)
#(0 37 198 40 0 2 1 96 510108 -1 -1 -1 -1 -1 -1)
#(0 37 591 34 0 0 1 91 485178 -1 -1 -1 -1 -1 -1)
#(0 37 595 31 0 0 1 87 464121 -1 -1 -1 -1 -1 -1)
#(0 37 590 30 0 0 1 84 448280 -1 -1 -1 -1 -1 -1)
#(0 37 602 29 0 0 1 74 395524 -1 -1 -1 -1 -1 -1)
#(0 37 197 21 0 2 1 73 389664 -1 -1 -1 -1 -1 -1)
#(0 37 600 34 0 0 1 68 363751 -1 -1 -1 -1 -1 -1)
#(0 37 195 28 0 2 1 62 331177 -1 -1 -1 -1 -1 -1)
#(0 37 200 23 0 2 1 54 289207 -1 -1 -1 -1 -1 -1)
#(0 37 594 34 0 0 1 41 221175 -1 -1 -1 -1 -1 -1)
#(0 37 199 46 0 3 1 12 66268 -1 -1 -1 -1 -1 -1)
#(0 38 599 30 0 0 0 3 16356 -1 -1 -1 -1 -1 -1)
#(0 38 605 27 0 0 0 9 47976 -1 -1 -1 -1 -1 -1)
#(0 38 202 32 0 2 0 25 133644 -1 -1 -1 -1 -1 -1)
#(0 38 201 47 0 1 0 30 160876 -1 -1 -1 -1 -1 -1)
#(0 38 583 18 0 0 0 36 190396 -1 -1 -1 -1 -1 -1)
#(0 38 586 30 0 0 0 38 201162 -1 -1 -1 -1 -1 -1)
#(0 38 210 40 0 1 0 48 255516 -1 -1 -1 -1 -1 -1)
#(0 38 608 30 0 0 0 58 306751 -1 -1 -1 -1 -1 -1)
#(0 38 606 28 0 0 0 68 359518 -1 -1 -1 -1 -1 -1)
#(0 38 613 20 0 0 0 70 369919 -1 -1 -1 -1 -1 -1)
#(0 38 207 35 0 3 0 90 476994 -1 -1 -1 -1 -1 -1)
#(0 38 604 23 0 0 1 90 480084 -1 -1 -1 -1 -1 -1)
#(0 38 607 28 0 0 1 88 469449 -1 -1 -1 -1 -1 -1)
#(0 38 611 28 0 0 1 86 458903 -1 -1 -1 -1 -1 -1)
#(0 38 208 28 0 2 1 84 447357 -1 -1 -1 -1 -1 -1)
#(0 38 205 27 0 2 1 83 442121 -1 -1 -1 -1 -1 -1)
#(0 38 209 38 0 1 1 80 425759 -1 -1 -1 -1 -1 -1)
#(0 38 612 32 0 0 1 77 411318 -1 -1 -1 -1 -1 -1)
#(0 38 204 28 0 2 1 66 352335 -1 -1 -1 -1 -1 -1)
#(0 38 603 22 0 0 1 59 316436 -1 -1 -1 -1 -1 -1)
#(0 38 610 28 0 0 1 54 289938 -1 -1 -1 -1 -1 -1)
#(0 38 203 31 0 2 1 46 246527 -1 -1 -1 -1 -1 -1)
#(0 38 206 33 0 2 1 14 77510 -1 -1 -1 -1 -1 -1)
#(0 39 622 24 0 0 0 2 10947 -1 -1 -1 -1 -1 -1)
#(0 39 217 30 0 2 0 5 27997 -1 -1 -1 -1 -1 -1)
#(0 39 220 29 0 2 0 7 38461 -1 -1 -1 -1 -1 -1)
#(0 39 620 21 0 0 0 11 58418 -1 -1 -1 -1 -1 -1)
#(0 39 215 36 0 1 0 12 65193 -1 -1 -1 -1 -1 -1)
#(0 39 224 41 0 1 0 15 81359 -1 -1 -1 -1 -1 -1)
#(0 39 616 23 0 0 0 16 84861 -1 -1 -1 -1 -1 -1)
#(0 39 214 38 0 2 0 21 112830 -1 -1 -1 -1 -1 -1)
#(0 39 225 48 0 1 0 29 155670 -1 -1 -1 -1 -1 -1)
#(0 39 609 29 0 0 0 33 174736 -1 -1 -1 -1 -1 -1)
#(0 39 216 20 0 2 0 40 212249 -1 -1 -1 -1 -1 -1)
#(0 39 618 29 0 0 0 46 243362 -1 -1 -1 -1 -1 -1)
#(0 39 621 25 0 0 0 72 380561 -1 -1 -1 -1 -1 -1)
#(0 39 222 43 0 1 0 73 387671 -1 -1 -1 -1 -1 -1)
#(0 39 223 49 0 1 1 95 504367 -1 -1 -1 -1 -1 -1)
#(2 39 223 -1 -1 -1 -1 -1 -1 4 -1 -1 -1 -1 -1)
#(0 39 617 34 0 0 1 93 495743 -1 -1 -1 -1 -1 -1)
#(0 39 221 37 0 1 1 91 483830 -1 -1 -1 -1 -1 -1)
#(0 39 226 31 0 2 1 88 468246 -1 -1 -1 -1 -1 -1)
#(0 39 619 33 0 0 1 84 448255 -1 -1 -1 -1 -1 -1)
#(0 39 615 25 0 0 1 83 443102 -1 -1 -1 -1 -1 -1)
#(0 39 213 21 0 3 1 73 389674 -1 -1 -1 -1 -1 -1)
#(0 39 211 21 0 2 1 71 379086 -1 -1 -1 -1 -1 -1)
#(0 39 212 34 0 1 1 52 278058 -1 -1 -1 -1 -1 -1)
#(0 39 614 30 0 0 1 37 200122 -1 -1 -1 -1 -1 -1)
#(0 40 631 30 0 0 0 3 16345 -1 -1 -1 -1 -1 -1)
#(0 40 236 46 0 3 0 4 23466 -1 -1 -1 -1 -1 -1)
#(0 40 629 28 0 0 0 8 42705 -1 -1 -1 -1 -1 -1)
#(0 40 229 20 0 2 0 14 74976 -1 -1 -1 -1 -1 -1)
#(0 40 626 29 0 0 0 17 90249 -1 -1 -1 -1 -1 -1)
#(0 40 218 34 0 1 0 21 112688 -1 -1 -1 -1 -1 -1)
#(0 40 232 30 0 2 0 23 123016 -1 -1 -1 -1 -1 -1)
#(0 40 627 30 0 0 0 30 158912 -1 -1 -1 -1 -1 -1)
#(0 40 623 31 0 0 0 31 164205 -1 -1 -1 -1 -1 -1)
#(0 40 234 31 0 2 0 36 191690 -1 -1 -1 -1 -1 -1)
#(0 40 231 30 0 2 0 37 196923 -1 -1 -1 -1 -1 -1)
#(0 40 230 33 0 2 0 39 207610 -1 -1 -1 -1 -1 -1)
#(0 40 625 32 0 0 0 45 238145 -1 -1 -1 -1 -1 -1)
#(0 40 219 36 0 1 0 48 255334 -1 -1 -1 -1 -1 -1)
#(0 40 628 25 0 0 1 94 501191 -1 -1 -1 -1 -1 -1)
#(0 40 228 27 0 2 1 77 410449 -1 -1 -1 -1 -1 -1)
#(0 40 632 25 0 0 1 65 348073 -1 -1 -1 -1 -1 -1)
#(0 40 630 26 0 0 1 48 258292 -1 -1 -1 -1 -1 -1)
#(0 40 624 34 0 0 1 46 247575 -1 -1 -1 -1 -1 -1)
#(0 40 235 27 0 2 1 27 146458 -1 -1 -1 -1 -1 -1)
#(0 41 242 38 0 2 0 0 1971 -1 -1 -1 -1 -1 -1)
#(0 41 246 21 0 2 0 3 17060 -1 -1 -1 -1 -1 -1)
#(0 41 641 23 0 0 0 4 21490 -1 -1 -1 -1 -1 -1)
#(0 41 238 48 0 1 0 6 34187 -1 -1 -1 -1 -1 -1)
#(0 41 240 44 0 1 0 9 49793 -1 -1 -1 -1 -1 -1)
#(0 41 633 21 0 0 0 10 53158 -1 -1 -1 -1 -1 -1)
#(0 41 644 21 0 0 0 11 58404 -1 -1 -1 -1 -1 -1)
#(0 41 638 26 0 0 0 12 63788 -1 -1 -1 -1 -1 -1)
#(0 41 227 26 0 2 0 21 112229 -1 -1 -1 -1 -1 -1)
#(0 41 247 29 0 2 0 23 122899 -1 -1 -1 -1 -1 -1)
#(0 41 244 27 0 2 0 29 154520 -1 -1 -1 -1 -1 -1)
#(0 41 233 26 0 2 0 37 196649 -1 -1 -1 -1 -1 -1)
#(0 41 237 24 0 3 0 59 312851 -1 -1 -1 -1 -1 -1)
#(0 41 241 35 0 1 0 62 329191 -1 -1 -1 -1 -1 -1)
#(0 41 635 28 0 0 0 64 338396 -1 -1 -1 -1 -1 -1)
#(0 41 642 20 0 0 1 96 511838 -1 -1 -1 -1 -1 -1)
#(0 41 245 20 0 2 1 91 484721 -1 -1 -1 -1 -1 -1)
#(0 41 640 25 0 0 1 85 453673 -1 -1 -1 -1 -1 -1)
#(0 41 249 41 0 2 1 76 404430 -1 -1 -1 -1 -1 -1)
#(0 41 252 43 0 1 1 75 399066 -1 -1 -1 -1 -1 -1)
#(0 41 639 26 0 0 1 72 385004 -1 -1 -1 -1 -1 -1)
#(0 41 253 38 0 1 1 70 372933 -1 -1 -1 -1 -1 -1)
#(0 41 634 25 0 0 1 67 358622 -1 -1 -1 -1 -1 -1)
#(0 41 637 25 0 0 1 63 337508 -1 -1 -1 -1 -1 -1)
#(0 41 239 29 0 2 1 60 320546 -1 -1 -1 -1 -1 -1)
#(0 41 636 29 0 0 1 53 284627 -1 -1 -1 -1 -1 -1)
#(0 41 250 32 0 2 1 49 262371 -1 -1 -1 -1 -1 -1)
#(0 41 248 52 0 1 1 47 250730 -1 -1 -1 -1 -1 -1)
#(0 41 643 25 0 0 1 41 221362 -1 -1 -1 -1 -1 -1)
#(0 42 243 30 0 3 0 0 1548 -1 -1 -1 -1 -1 -1)
#(0 42 654 25 0 0 0 2 10953 -1 -1 -1 -1 -1 -1)
#(0 42 257 46 0 1 0 4 23478 -1 -1 -1 -1 -1 -1)
#(0 42 655 27 0 0 0 6 32111 -1 -1 -1 -1 -1 -1)
#(0 42 647 29 0 0 0 27 143052 -1 -1 -1 -1 -1 -1)
#(0 42 255 49 0 3 0 27 145107 -1 -1 -1 -1 -1 -1)
#(0 42 261 36 0 1 1 97 515565 -1 -1 -1 -1 -1 -1)
#(0 42 258 27 0 2 1 83 442132 -1 -1 -1 -1 -1 -1)
#(0 42 645 20 0 0 1 81 432625 -1 -1 -1 -1 -1 -1)
#(0 42 653 34 0 0 1 80 427123 -1 -1 -1 -1 -1 -1)
#(0 42 646 27 0 0 1 77 411382 -1 -1 -1 -1 -1 -1)
#(0 42 260 32 0 3 1 76 404915 -1 -1 -1 -1 -1 -1)
#(0 42 651 23 0 0 1 74 395617 -1 -1 -1 -1 -1 -1)
#(0 42 652 27 0 0 1 59 316359 -1 -1 -1 -1 -1 -1)
#(0 42 251 28 0 2 1 47 251979 -1 -1 -1 -1 -1 -1)
#(0 42 650 27 0 0 1 46 247712 -1 -1 -1 -1 -1 -1)
#(0 42 256 37 0 3 1 41 219828 -1 -1 -1 -1 -1 -1)
#(0 42 648 30 0 0 1 32 173729 -1 -1 -1 -1 -1 -1)
#(0 42 262 34 0 3 1 14 77359 -1 -1 -1 -1 -1 -1)
#(0 43 661 21 0 0 0 11 58425 -1 -1 -1 -1 -1 -1)
#(0 43 658 28 0 0 0 13 69117 -1 -1 -1 -1 -1 -1)
#(0 43 273 29 0 2 0 13 70156 -1 -1 -1 -1 -1 -1)
#(0 43 271 40 0 3 0 15 81316 -1 -1 -1 -1 -1 -1)
#(0 43 656 32 0 0 0 19 100862 -1 -1 -1 -1 -1 -1)
#(0 43 659 26 0 0 0 20 106029 -1 -1 -1 -1 -1 -1)
#(0 43 266 25 0 2 0 21 112179 -1 -1 -1 -1 -1 -1)
#(0 43 264 33 0 1 0 22 117915 -1 -1 -1 -1 -1 -1)
#(0 43 662 28 0 0 0 34 179985 -1 -1 -1 -1 -1 -1)
#(0 43 267 25 0 2 0 37 196599 -1 -1 -1 -1 -1 -1)
#(0 43 265 21 0 2 0 38 201695 -1 -1 -1 -1 -1 -1)
#(0 43 269 36 0 1 0 53 281703 -1 -1 -1 -1 -1 -1)
#(0 43 270 32 0 2 0 65 344835 -1 -1 -1 -1 -1 -1)
#(0 43 263 22 0 2 1 99 526685 -1 -1 -1 -1 -1 -1)
#(0 43 663 25 0 0 1 93 495923 -1 -1 -1 -1 -1 -1)
#(0 43 657 23 0 0 1 83 443130 -1 -1 -1 -1 -1 -1)
#(0 43 259 36 0 1 1 75 399315 -1 -1 -1 -1 -1 -1)
#(0 43 660 25 0 0 1 73 390308 -1 -1 -1 -1 -1 -1)
#(0 43 274 40 0 1 1 72 383410 -1 -1 -1 -1 -1 -1)
#(0 43 254 39 0 2 1 70 372922 -1 -1 -1 -1 -1 -1)
#(0 43 268 36 0 1 1 57 304398 -1 -1 -1 -1 -1 -1)
#(0 43 272 39 0 3 1 38 203924 -1 -1 -1 -1 -1 -1)
#(0 43 664 29 0 0 1 30 163212 -1 -1 -1 -1 -1 -1)
#(0 44 278 41 0 1 0 4 23339 -1 -1 -1 -1 -1 -1)
#(0 44 281 31 0 2 0 5 28076 -1 -1 -1 -1 -1 -1)
#(0 44 665 28 0 0 0 6 32146 -1 -1 -1 -1 -1 -1)
#(0 44 275 21 0 3 0 12 64424 -1 -1 -1 -1 -1 -1)
#(0 44 280 41 0 2 0 48 255556 -1 -1 -1 -1 -1 -1)
#(0 44 668 34 0 0 0 52 275135 -1 -1 -1 -1 -1 -1)
#(0 44 674 23 0 0 0 63 333009 -1 -1 -1 -1 -1 -1)
#(0 44 671 27 0 0 0 64 338351 -1 -1 -1 -1 -1 -1)
#(0 44 670 20 0 0 0 67 354088 -1 -1 -1 -1 -1 -1)
#(0 44 279 20 0 2 1 99 526960 -1 -1 -1 -1 -1 -1)
#(0 44 276 28 0 2 1 93 494893 -1 -1 -1 -1 -1 -1)
#(2 44 276 -1 -1 -1 -1 -1 -1 5 -1 -1 -1 -1 -1)
#(0 44 672 28 0 0 1 91 485302 -1 -1 -1 -1 -1 -1)
#(0 44 277 38 0 2 1 87 462619 -1 -1 -1 -1 -1 -1)
#(0 44 283 51 0 1 1 82 435591 -1 -1 -1 -1 -1 -1)
#(0 44 649 19 0 0 1 81 432647 -1 -1 -1 -1 -1 -1)
#(0 44 667 20 0 0 1 80 427346 -1 -1 -1 -1 -1 -1)
#(0 44 282 50 0 1 1 64 340598 -1 -1 -1 -1 -1 -1)
#(4 44 282 -1 0 -1 -1 -1 -1 6 0 0 0 0 -1)
#(0 44 666 29 0 0 1 49 263509 -1 -1 -1 -1 -1 -1)
#(0 44 673 29 0 0 1 32 173773 -1 -1 -1 -1 -1 -1)
#(0 44 669 30 0 0 1 14 78689 -1 -1 -1 -1 -1 -1)
#(0 45 285 26 0 2 0 0 1360 -1 -1 -1 -1 -1 -1)
#(0 45 685 24 0 0 0 2 10951 -1 -1 -1 -1 -1 -1)
#(0 45 683 30 0 0 0 7 37465 -1 -1 -1 -1 -1 -1)
#(0 45 287 20 0 2 0 7 38001 -1 -1 -1 -1 -1 -1)
#(0 45 682 28 0 0 0 9 47982 -1 -1 -1 -1 -1 -1)
#(0 45 677 20 0 0 0 11 58420 -1 -1 -1 -1 -1 -1)
#(0 45 686 26 0 0 0 13 69061 -1 -1 -1 -1 -1 -1)
#(0 45 292 36 0 1 0 15 81060 -1 -1 -1 -1 -1 -1)
#(0 45 296 34 0 2 0 17 91508 -1 -1 -1 -1 -1 -1)
#(0 45 689 28 0 0 0 20 106063 -1 -1 -1 -1 -1 -1)
#(0 45 289 39 0 1 0 20 107626 -1 -1 -1 -1 -1 -1)
#(0 45 690 27 0 0 0 32 169399 -1 -1 -1 -1 -1 -1)
#(0 45 295 30 0 2 0 32 170490 -1 -1 -1 -1 -1 -1)
#(0 45 680 29 0 0 0 41 216967 -1 -1 -1 -1 -1 -1)
#(0 45 678 28 0 0 0 46 243358 -1 -1 -1 -1 -1 -1)
#(0 45 291 41 0 3 0 69 366431 -1 -1 -1 -1 -1 -1)
#(0 45 687 28 0 0 1 98 522262 -1 -1 -1 -1 -1 -1)
#(0 45 684 30 0 0 1 88 469422 -1 -1 -1 -1 -1 -1)
#(0 45 288 26 0 2 1 83 442189 -1 -1 -1 -1 -1 -1)
#(0 45 676 19 0 0 1 81 432645 -1 -1 -1 -1 -1 -1)
#(0 45 688 20 0 0 1 80 427370 -1 -1 -1 -1 -1 -1)
#(0 45 290 37 0 1 1 72 383567 -1 -1 -1 -1 -1 -1)
#(0 45 675 30 0 0 1 70 374363 -1 -1 -1 -1 -1 -1)
#(0 45 294 39 0 3 1 61 325300 -1 -1 -1 -1 -1 -1)
#(0 45 679 27 0 0 1 43 231868 -1 -1 -1 -1 -1 -1)
#(0 45 284 37 0 3 1 38 203930 -1 -1 -1 -1 -1 -1)
#(0 45 293 28 0 2 1 37 199226 -1 -1 -1 -1 -1 -1)
#(0 46 286 26 0 2 0 0 1295 -1 -1 -1 -1 -1 -1)
#(0 46 302 22 0 2 0 3 17105 -1 -1 -1 -1 -1 -1)
#(0 46 300 32 0 2 0 4 22788 -1 -1 -1 -1 -1 -1)
#(0 46 301 44 0 1 0 6 33993 -1 -1 -1 -1 -1 -1)
#(0 46 310 38 0 3 0 11 60053 -1 -1 -1 -1 -1 -1)
#(0 46 691 26 0 0 0 12 63810 -1 -1 -1 -1 -1 -1)
#(0 46 308 29 0 2 0 13 70151 -1 -1 -1 -1 -1 -1)
#(0 46 304 21 0 2 0 14 75123 -1 -1 -1 -1 -1 -1)
#(0 46 706 20 0 0 0 16 84800 -1 -1 -1 -1 -1 -1)
#(0 46 702 31 0 0 0 17 90281 -1 -1 -1 -1 -1 -1)
#(0 46 708 32 0 0 0 23 121963 -1 -1 -1 -1 -1 -1)
#(0 46 703 20 0 0 0 26 137609 -1 -1 -1 -1 -1 -1)
#(0 46 699 21 0 0 0 41 216829 -1 -1 -1 -1 -1 -1)
#(0 46 695 30 0 0 0 51 269806 -1 -1 -1 -1 -1 -1)
#(0 46 692 30 0 0 0 59 312045 -1 -1 -1 -1 -1 -1)
#(0 46 707 27 0 0 0 60 317234 -1 -1 -1 -1 -1 -1)
#(0 46 309 22 0 3 1 99 526920 -1 -1 -1 -1 -1 -1)
#(0 46 305 47 0 1 1 96 509660 -1 -1 -1 -1 -1 -1)
#(0 46 693 32 0 0 1 95 506329 -1 -1 -1 -1 -1 -1)
#(0 46 696 24 0 0 1 93 495910 -1 -1 -1 -1 -1 -1)
#(0 46 705 23 0 0 1 88 469555 -1 -1 -1 -1 -1 -1)
#(0 46 311 20 0 2 1 87 463619 -1 -1 -1 -1 -1 -1)
#(0 46 694 27 0 0 1 85 453624 -1 -1 -1 -1 -1 -1)
#(0 46 697 29 0 0 1 84 448304 -1 -1 -1 -1 -1 -1)
#(0 46 681 17 0 0 1 81 432691 -1 -1 -1 -1 -1 -1)
#(0 46 298 29 0 2 1 77 410276 -1 -1 -1 -1 -1 -1)
#(0 46 701 28 0 0 1 75 400803 -1 -1 -1 -1 -1 -1)
#(0 46 700 28 0 0 1 69 369123 -1 -1 -1 -1 -1 -1)
#(0 46 306 43 0 1 1 65 346173 -1 -1 -1 -1 -1 -1)
#(0 46 704 27 0 0 1 55 295235 -1 -1 -1 -1 -1 -1)
#(0 46 303 29 0 2 1 43 230855 -1 -1 -1 -1 -1 -1)
#(0 46 307 27 0 2 1 28 151728 -1 -1 -1 -1 -1 -1)
#(0 47 712 26 0 0 0 0 439 -1 -1 -1 -1 -1 -1)
#(0 47 714 26 0 0 0 4 21548 -1 -1 -1 -1 -1 -1)
#(0 47 325 20 0 2 0 4 22152 -1 -1 -1 -1 -1 -1)
#(0 47 326 31 0 2 0 6 33266 -1 -1 -1 -1 -1 -1)
#(0 47 297 21 0 3 0 7 38053 -1 -1 -1 -1 -1 -1)
#(0 47 713 26 0 0 0 9 47952 -1 -1 -1 -1 -1 -1)
#(0 47 715 23 0 0 0 10 53179 -1 -1 -1 -1 -1 -1)
#(0 47 698 24 0 0 0 12 63763 -1 -1 -1 -1 -1 -1)
#(0 47 717 30 0 0 0 18 95545 -1 -1 -1 -1 -1 -1)
#(0 47 329 33 0 2 0 22 117846 -1 -1 -1 -1 -1 -1)
#(0 47 318 34 0 3 0 36 191841 -1 -1 -1 -1 -1 -1)
#(0 47 317 21 0 2 0 38 201820 -1 -1 -1 -1 -1 -1)
#(0 47 322 38 0 1 0 49 260651 -1 -1 -1 -1 -1 -1)
#(0 47 710 26 0 0 0 54 285566 -1 -1 -1 -1 -1 -1)
#(0 47 320 21 0 2 1 98 521667 -1 -1 -1 -1 -1 -1)
#(0 47 709 29 0 0 1 84 448320 -1 -1 -1 -1 -1 -1)
#(0 47 319 39 0 2 1 84 446719 -1 -1 -1 -1 -1 -1)
#(0 47 299 28 0 2 1 77 410382 -1 -1 -1 -1 -1 -1)
#(0 47 718 34 0 0 1 76 405998 -1 -1 -1 -1 -1 -1)
#(0 47 314 25 0 2 1 71 378850 -1 -1 -1 -1 -1 -1)
#(0 47 327 40 0 1 1 70 372854 -1 -1 -1 -1 -1 -1)
#(0 47 711 29 0 0 1 65 347990 -1 -1 -1 -1 -1 -1)
#(0 47 323 36 0 3 1 61 325540 -1 -1 -1 -1 -1 -1)
#(0 47 321 33 0 2 1 60 320304 -1 -1 -1 -1 -1 -1)
#(0 47 316 28 0 2 1 49 262569 -1 -1 -1 -1 -1 -1)
#(0 47 328 31 0 2 1 48 257131 -1 -1 -1 -1 -1 -1)
#(0 47 315 28 0 2 1 41 220320 -1 -1 -1 -1 -1 -1)
#(0 47 312 27 0 2 1 37 199230 -1 -1 -1 -1 -1 -1)
#(0 47 324 37 0 1 1 10 56202 -1 -1 -1 -1 -1 -1)
#(0 48 334 24 0 3 0 0 1198 -1 -1 -1 -1 -1 -1)
#(0 48 726 20 0 0 0 4 21439 -1 -1 -1 -1 -1 -1)
#(0 48 716 23 0 0 0 12 63737 -1 -1 -1 -1 -1 -1)
#(0 48 332 27 0 2 0 13 70046 -1 -1 -1 -1 -1 -1)
#(0 48 719 28 0 0 0 15 79684 -1 -1 -1 -1 -1 -1)
#(0 48 722 30 0 0 0 21 111392 -1 -1 -1 -1 -1 -1)
#(0 48 720 33 0 0 0 23 122005 -1 -1 -1 -1 -1 -1)
#(0 48 331 26 0 2 0 34 180894 -1 -1 -1 -1 -1 -1)
#(0 48 721 25 0 0 0 42 222172 -1 -1 -1 -1 -1 -1)
#(0 48 333 21 0 2 0 42 222817 -1 -1 -1 -1 -1 -1)
#(0 48 723 20 0 0 0 65 343523 -1 -1 -1 -1 -1 -1)
#(0 48 336 32 0 2 0 89 471551 -1 -1 -1 -1 -1 -1)
#(0 48 724 27 0 0 1 99 527561 -1 -1 -1 -1 -1 -1)
#(0 48 725 23 0 0 1 96 511789 -1 -1 -1 -1 -1 -1)
#(0 48 330 32 0 2 1 84 447136 -1 -1 -1 -1 -1 -1)
#(0 48 313 20 0 3 1 77 410806 -1 -1 -1 -1 -1 -1)
#(0 48 338 39 0 1 1 74 393988 -1 -1 -1 -1 -1 -1)
#(0 48 728 20 0 0 1 61 327043 -1 -1 -1 -1 -1 -1)
#(0 48 729 27 0 0 1 60 321651 -1 -1 -1 -1 -1 -1)
#(0 49 337 21 0 2 0 4 22199 -1 -1 -1 -1 -1 -1)
#(0 49 342 35 0 1 0 17 91598 -1 -1 -1 -1 -1 -1)
#(0 49 345 34 0 3 0 21 112746 -1 -1 -1 -1 -1 -1)
#(0 49 343 20 0 2 0 28 148884 -1 -1 -1 -1 -1 -1)
#(0 49 341 35 0 1 0 29 154931 -1 -1 -1 -1 -1 -1)
#(0 49 351 43 0 1 0 33 176464 -1 -1 -1 -1 -1 -1)
#(0 49 348 48 0 1 0 41 218987 -1 -1 -1 -1 -1 -1)
#(0 49 733 25 0 0 0 42 222172 -1 -1 -1 -1 -1 -1)
#(0 49 340 21 0 2 0 43 228101 -1 -1 -1 -1 -1 -1)
#(0 49 740 32 0 0 0 45 238130 -1 -1 -1 -1 -1 -1)
#(0 49 735 26 0 0 0 57 301387 -1 -1 -1 -1 -1 -1)
#(0 49 743 23 0 0 0 69 364694 -1 -1 -1 -1 -1 -1)
#(0 49 736 20 0 0 1 95 506553 -1 -1 -1 -1 -1 -1)
#(0 49 739 30 0 0 1 87 464135 -1 -1 -1 -1 -1 -1)
#(0 49 744 25 0 0 1 83 443119 -1 -1 -1 -1 -1 -1)
#(0 49 346 42 0 3 1 81 430766 -1 -1 -1 -1 -1 -1)
#(0 49 738 30 0 0 1 78 416615 -1 -1 -1 -1 -1 -1)
#(0 49 732 29 0 0 1 77 411344 -1 -1 -1 -1 -1 -1)
#(0 49 730 28 0 0 1 75 400799 -1 -1 -1 -1 -1 -1)
#(0 49 731 32 0 0 1 66 353215 -1 -1 -1 -1 -1 -1)
#(0 49 734 27 0 0 1 65 348023 -1 -1 -1 -1 -1 -1)
#(0 49 349 52 0 2 1 64 340512 -1 -1 -1 -1 -1 -1)
#(0 49 339 29 0 2 1 48 257251 -1 -1 -1 -1 -1 -1)
#(0 49 742 30 0 0 1 41 221273 -1 -1 -1 -1 -1 -1)
#(0 49 745 27 0 0 1 36 194920 -1 -1 -1 -1 -1 -1)
#(0 49 350 36 0 3 1 29 156536 -1 -1 -1 -1 -1 -1)
#(0 49 347 28 0 2 1 19 104160 -1 -1 -1 -1 -1 -1)
#(0 50 753 23 0 0 0 3 16216 -1 -1 -1 -1 -1 -1)
#(2 50 753 -1 -1 -1 -1 -1 -1 7 -1 -1 -1 -1 -1)
#(0 50 749 23 0 0 0 10 53189 -1 -1 -1 -1 -1 -1)
#(0 50 358 34 0 1 0 11 59849 -1 -1 -1 -1 -1 -1)
#(0 50 757 25 0 0 0 15 79609 -1 -1 -1 -1 -1 -1)
#(0 50 746 32 0 0 0 22 116712 -1 -1 -1 -1 -1 -1)
#(0 50 752 30 0 0 0 31 164199 -1 -1 -1 -1 -1 -1)
#(0 50 362 35 0 2 0 31 165461 -1 -1 -1 -1 -1 -1)
#(0 50 751 28 0 0 0 32 169433 -1 -1 -1 -1 -1 -1)
#(0 50 359 34 0 1 0 36 191862 -1 -1 -1 -1 -1 -1)
#(0 50 756 30 0 0 0 39 206417 -1 -1 -1 -1 -1 -1)
#(0 50 747 20 0 0 0 41 216816 -1 -1 -1 -1 -1 -1)
#(0 50 357 33 0 2 0 54 286818 -1 -1 -1 -1 -1 -1)
#(0 50 750 29 0 0 1 98 522226 -1 -1 -1 -1 -1 -1)
#(0 50 727 20 0 0 1 96 511828 -1 -1 -1 -1 -1 -1)
#(0 50 361 35 0 1 1 88 468099 -1 -1 -1 -1 -1 -1)
#(0 50 754 29 0 0 1 84 448314 -1 -1 -1 -1 -1 -1)
#(0 50 352 31 0 2 1 84 447177 -1 -1 -1 -1 -1 -1)
#(0 50 335 20 0 2 1 77 410808 -1 -1 -1 -1 -1 -1)
#(0 50 741 27 0 0 1 75 400828 -1 -1 -1 -1 -1 -1)
#(0 50 363 26 0 2 1 75 399962 -1 -1 -1 -1 -1 -1)
#(0 50 355 37 0 2 1 74 394028 -1 -1 -1 -1 -1 -1)
#(0 50 356 27 0 2 1 65 347086 -1 -1 -1 -1 -1 -1)
#(0 50 755 23 0 0 1 58 311143 -1 -1 -1 -1 -1 -1)
#(0 50 748 29 0 0 1 47 252944 -1 -1 -1 -1 -1 -1)
#(0 50 353 30 0 3 1 46 246597 -1 -1 -1 -1 -1 -1)
#(0 51 366 27 0 2 0 3 17317 -1 -1 -1 -1 -1 -1)
#(0 51 769 27 0 0 0 5 26840 -1 -1 -1 -1 -1 -1)
#(0 51 762 27 0 0 0 8 42698 -1 -1 -1 -1 -1 -1)
#(0 51 375 35 0 1 0 18 96848 -1 -1 -1 -1 -1 -1)
#(0 51 373 27 0 2 0 24 128129 -1 -1 -1 -1 -1 -1)
#(0 51 344 20 0 0 0 28 148807 -1 -1 -1 -1 -1 -1)
#(0 51 766 30 0 0 0 34 180025 -1 -1 -1 -1 -1 -1)
#(0 51 368 31 0 2 0 37 196994 -1 -1 -1 -1 -1 -1)
#(0 51 737 27 0 0 0 42 222206 -1 -1 -1 -1 -1 -1)
#(0 51 758 29 0 0 0 44 232823 -1 -1 -1 -1 -1 -1)
#(0 51 377 32 0 2 0 46 244519 -1 -1 -1 -1 -1 -1)
#(0 51 369 21 0 2 0 48 254487 -1 -1 -1 -1 -1 -1)
#(0 51 367 35 0 2 0 49 260623 -1 -1 -1 -1 -1 -1)
#(0 51 364 42 0 1 0 51 271469 -1 -1 -1 -1 -1 -1)
#(0 51 760 32 0 0 0 52 275103 -1 -1 -1 -1 -1 -1)
#(0 51 770 20 0 0 0 57 301280 -1 -1 -1 -1 -1 -1)
#(0 51 759 23 0 0 0 58 306628 -1 -1 -1 -1 -1 -1)
#(0 51 772 29 0 0 0 96 507355 -1 -1 -1 -1 -1 -1)
#(0 51 365 25 0 2 1 99 526759 -1 -1 -1 -1 -1 -1)
#(0 51 771 26 0 0 1 97 517021 -1 -1 -1 -1 -1 -1)
#(0 51 761 32 0 0 1 94 501058 -1 -1 -1 -1 -1 -1)
#(0 51 774 25 0 0 1 88 469516 -1 -1 -1 -1 -1 -1)
#(0 51 372 39 0 1 1 86 457338 -1 -1 -1 -1 -1 -1)
#(0 51 354 31 0 2 1 84 447204 -1 -1 -1 -1 -1 -1)
#(0 51 763 25 0 0 1 79 421992 -1 -1 -1 -1 -1 -1)
#(0 51 360 35 0 1 1 74 394170 -1 -1 -1 -1 -1 -1)
#(0 51 764 23 0 0 1 73 390339 -1 -1 -1 -1 -1 -1)
#(0 51 374 35 0 1 1 68 362523 -1 -1 -1 -1 -1 -1)
#(0 51 768 18 0 0 1 61 327072 -1 -1 -1 -1 -1 -1)
#(0 51 767 28 0 0 1 55 295213 -1 -1 -1 -1 -1 -1)
#(0 51 765 26 0 0 1 53 284690 -1 -1 -1 -1 -1 -1)
#(0 51 371 43 0 3 1 53 282864 -1 -1 -1 -1 -1 -1)
#(0 51 370 26 0 3 1 34 183426 -1 -1 -1 -1 -1 -1)
#(0 51 376 36 0 1 1 13 72014 -1 -1 -1 -1 -1 -1)
#(0 52 776 20 0 0 0 11 58416 -1 -1 -1 -1 -1 -1)
#(0 52 384 24 0 2 0 12 64704 -1 -1 -1 -1 -1 -1)
#(0 52 777 29 0 0 0 14 74409 -1 -1 -1 -1 -1 -1)
#(0 52 379 34 0 1 0 16 86271 -1 -1 -1 -1 -1 -1)
#(0 52 381 45 0 1 0 20 107973 -1 -1 -1 -1 -1 -1)
#(0 52 388 37 0 2 0 31 165582 -1 -1 -1 -1 -1 -1)
#(0 52 782 26 0 0 0 42 222191 -1 -1 -1 -1 -1 -1)
#(0 52 383 35 0 1 0 71 376660 -1 -1 -1 -1 -1 -1)
#(0 52 784 27 0 0 1 98 522287 -1 -1 -1 -1 -1 -1)
#(0 52 386 23 0 2 1 98 521510 -1 -1 -1 -1 -1 -1)
#(0 52 781 21 0 0 1 95 506537 -1 -1 -1 -1 -1 -1)
#(0 52 387 31 0 2 1 89 473633 -1 -1 -1 -1 -1 -1)
#(0 52 378 21 0 2 1 65 347431 -1 -1 -1 -1 -1 -1)
#(0 52 780 25 0 0 1 64 342798 -1 -1 -1 -1 -1 -1)
#(0 52 385 39 0 2 1 61 325356 -1 -1 -1 -1 -1 -1)
#(0 52 380 35 0 3 1 60 320226 -1 -1 -1 -1 -1 -1)
#(0 52 783 27 0 0 1 50 268840 -1 -1 -1 -1 -1 -1)
#(0 52 778 30 0 0 1 42 226535 -1 -1 -1 -1 -1 -1)
#(0 52 779 28 0 0 1 29 157935 -1 -1 -1 -1 -1 -1)
#(0 52 775 32 0 0 1 14 78648 -1 -1 -1 -1 -1 -1)
#(0 53 398 37 0 1 0 2 12473 -1 -1 -1 -1 -1 -1)
#(0 53 389 28 0 1 0 3 17393 -1 -1 -1 -1 -1 -1)
#(0 53 789 23 0 0 0 6 32062 -1 -1 -1 -1 -1 -1)
#(0 53 397 33 0 2 0 11 59751 -1 -1 -1 -1 -1 -1)
#(0 53 395 20 0 2 0 13 69679 -1 -1 -1 -1 -1 -1)
#(0 53 788 34 0 0 0 19 100898 -1 -1 -1 -1 -1 -1)
#(0 53 794 27 0 0 0 21 111311 -1 -1 -1 -1 -1 -1)
#(0 53 793 23 0 0 0 25 132365 -1 -1 -1 -1 -1 -1)
#(0 53 391 36 0 1 0 32 170906 -1 -1 -1 -1 -1 -1)
#(0 53 390 24 0 2 0 38 201923 -1 -1 -1 -1 -1 -1)
#(0 53 393 22 0 2 0 42 222873 -1 -1 -1 -1 -1 -1)
#(0 53 382 20 0 0 0 48 254418 -1 -1 -1 -1 -1 -1)
#(0 53 396 40 0 1 0 50 266109 -1 -1 -1 -1 -1 -1)
#(0 53 792 25 0 0 0 63 333035 -1 -1 -1 -1 -1 -1)
#(0 53 773 25 0 0 1 97 517026 -1 -1 -1 -1 -1 -1)
#(0 53 786 25 0 0 1 88 469491 -1 -1 -1 -1 -1 -1)
#(0 53 399 23 0 2 1 87 463422 -1 -1 -1 -1 -1 -1)
#(0 53 790 28 0 0 1 86 458889 -1 -1 -1 -1 -1 -1)
#(0 53 785 24 0 0 1 73 390317 -1 -1 -1 -1 -1 -1)
#(0 53 787 23 0 0 1 72 385056 -1 -1 -1 -1 -1 -1)
#(0 53 791 29 0 0 1 59 316324 -1 -1 -1 -1 -1 -1)
#(0 53 394 20 0 2 1 56 299911 -1 -1 -1 -1 -1 -1)
#(0 53 392 35 0 2 1 40 214633 -1 -1 -1 -1 -1 -1)
#(0 54 796 29 0 0 0 2 11050 -1 -1 -1 -1 -1 -1)
#(0 54 413 40 0 1 0 5 28507 -1 -1 -1 -1 -1 -1)
#(0 54 401 35 0 1 0 6 33557 -1 -1 -1 -1 -1 -1)
#(0 54 799 21 0 0 0 11 58434 -1 -1 -1 -1 -1 -1)
#(0 54 802 23 0 0 0 18 95422 -1 -1 -1 -1 -1 -1)
#(0 54 405 20 0 2 0 28 148848 -1 -1 -1 -1 -1 -1)
#(0 54 795 32 0 0 0 34 180071 -1 -1 -1 -1 -1 -1)
#(0 54 414 48 0 1 0 45 240085 -1 -1 -1 -1 -1 -1)
#(0 54 411 36 0 2 0 62 329235 -1 -1 -1 -1 -1 -1)
#(0 54 400 47 0 1 0 64 340351 -1 -1 -1 -1 -1 -1)
#(0 54 806 26 0 0 0 72 380582 -1 -1 -1 -1 -1 -1)
#(0 54 407 20 0 2 0 78 412888 -1 -1 -1 -1 -1 -1)
#(0 54 403 34 0 2 1 93 494544 -1 -1 -1 -1 -1 -1)
#(0 54 800 23 0 0 1 92 490659 -1 -1 -1 -1 -1 -1)
#(0 54 803 26 0 0 1 91 485327 -1 -1 -1 -1 -1 -1)
#(0 54 798 26 0 0 1 88 469492 -1 -1 -1 -1 -1 -1)
#(0 54 409 21 0 2 1 86 458310 -1 -1 -1 -1 -1 -1)
#(0 54 804 30 0 0 1 82 437735 -1 -1 -1 -1 -1 -1)
#(0 54 404 42 0 2 1 81 430794 -1 -1 -1 -1 -1 -1)
#(0 54 402 32 0 2 1 54 288720 -1 -1 -1 -1 -1 -1)
#(2 54 402 -1 -1 -1 -1 -1 -1 8 -1 -1 -1 -1 -1)
#(0 54 797 25 0 0 1 50 268851 -1 -1 -1 -1 -1 -1)
#(0 54 412 32 0 2 1 34 183185 -1 -1 -1 -1 -1 -1)
#(0 55 415 33 0 2 0 2 12298 -1 -1 -1 -1 -1 -1)
#(0 55 821 34 0 0 0 7 37514 -1 -1 -1 -1 -1 -1)
#(0 55 811 22 0 0 0 11 58433 -1 -1 -1 -1 -1 -1)
#(0 55 406 38 0 2 0 11 59970 -1 -1 -1 -1 -1 -1)
#(0 55 418 20 0 2 0 14 74968 -1 -1 -1 -1 -1 -1)
#(0 55 431 34 0 2 0 16 86239 -1 -1 -1 -1 -1 -1)
#(0 55 423 39 0 2 0 17 91751 -1 -1 -1 -1 -1 -1)
#(0 55 817 19 0 0 0 18 95346 -1 -1 -1 -1 -1 -1)
#(0 55 422 41 0 1 0 23 123634 -1 -1 -1 -1 -1 -1)
#(0 55 420 36 0 1 0 33 176156 -1 -1 -1 -1 -1 -1)
#(0 55 805 26 0 0 0 34 179955 -1 -1 -1 -1 -1 -1)
#(0 55 809 23 0 0 0 41 216871 -1 -1 -1 -1 -1 -1)
#(0 55 813 27 0 0 0 42 222222 -1 -1 -1 -1 -1 -1)
#(0 55 430 32 0 2 0 46 244553 -1 -1 -1 -1 -1 -1)
#(0 55 808 34 0 0 0 77 407151 -1 -1 -1 -1 -1 -1)
#(0 55 810 25 0 0 1 98 522290 -1 -1 -1 -1 -1 -1)
#(0 55 801 20 0 0 1 92 490722 -1 -1 -1 -1 -1 -1)
#(0 55 417 20 0 2 1 91 484709 -1 -1 -1 -1 -1 -1)
#(0 55 425 33 0 2 1 89 473489 -1 -1 -1 -1 -1 -1)
#(0 55 427 40 0 2 1 82 436142 -1 -1 -1 -1 -1 -1)
#(0 55 410 38 0 3 1 81 430962 -1 -1 -1 -1 -1 -1)
#(0 55 416 46 0 3 1 79 420001 -1 -1 -1 -1 -1 -1)
#(0 55 419 30 0 2 1 76 404995 -1 -1 -1 -1 -1 -1)
#(0 55 814 34 0 0 1 70 374303 -1 -1 -1 -1 -1 -1)
#(0 55 815 28 0 0 1 69 369135 -1 -1 -1 -1 -1 -1)
#(0 55 818 23 0 0 1 67 358670 -1 -1 -1 -1 -1 -1)
#(0 55 421 21 0 2 1 65 347424 -1 -1 -1 -1 -1 -1)
#(0 55 429 37 0 3 1 62 330709 -1 -1 -1 -1 -1 -1)
#(0 55 819 26 0 0 1 57 305822 -1 -1 -1 -1 -1 -1)
#(0 55 812 28 0 0 1 56 300483 -1 -1 -1 -1 -1 -1)
#(0 55 408 21 0 3 1 56 299851 -1 -1 -1 -1 -1 -1)
#(0 55 822 27 0 0 1 54 289967 -1 -1 -1 -1 -1 -1)
#(0 55 816 28 0 0 1 39 210735 -1 -1 -1 -1 -1 -1)
#(0 55 823 20 0 0 1 31 168643 -1 -1 -1 -1 -1 -1)
#(0 56 438 36 0 2 0 8 44072 -1 -1 -1 -1 -1 -1)
#(0 56 437 21 0 3 0 13 69717 -1 -1 -1 -1 -1 -1)
#(0 56 426 39 0 1 0 17 91776 -1 -1 -1 -1 -1 -1)
#(0 56 443 54 0 3 0 19 103121 -1 -1 -1 -1 -1 -1)
#(0 56 834 25 0 0 0 21 111277 -1 -1 -1 -1 -1 -1)
#(0 56 832 26 0 0 0 23 121861 -1 -1 -1 -1 -1 -1)
#(0 56 827 28 0 0 0 24 127191 -1 -1 -1 -1 -1 -1)
#(0 56 828 20 0 0 0 29 153449 -1 -1 -1 -1 -1 -1)
#(0 56 432 38 0 1 0 30 160429 -1 -1 -1 -1 -1 -1)
#(0 56 829 27 0 0 0 32 169412 -1 -1 -1 -1 -1 -1)
#(0 56 433 34 0 1 0 32 170759 -1 -1 -1 -1 -1 -1)
#(0 56 807 22 0 0 0 34 179886 -1 -1 -1 -1 -1 -1)
#(0 56 833 27 0 0 0 42 222200 -1 -1 -1 -1 -1 -1)
#(0 56 435 25 0 2 0 43 228401 -1 -1 -1 -1 -1 -1)
#(0 56 434 20 0 2 0 48 254479 -1 -1 -1 -1 -1 -1)
#(0 56 424 20 0 2 0 78 412907 -1 -1 -1 -1 -1 -1)
#(0 56 825 20 0 0 1 94 501267 -1 -1 -1 -1 -1 -1)
#(0 56 442 40 0 1 1 92 488972 -1 -1 -1 -1 -1 -1)
#(0 56 440 32 0 2 1 89 473568 -1 -1 -1 -1 -1 -1)
#(0 56 428 40 0 3 1 79 420331 -1 -1 -1 -1 -1 -1)
#(0 56 826 28 0 0 1 77 411362 -1 -1 -1 -1 -1 -1)
#(0 56 830 20 0 0 1 73 390395 -1 -1 -1 -1 -1 -1)
#(0 56 831 23 0 0 1 68 363946 -1 -1 -1 -1 -1 -1)
#(0 56 824 23 0 0 1 64 342809 -1 -1 -1 -1 -1 -1)
#(0 57 446 28 0 2 0 12 64876 -1 -1 -1 -1 -1 -1)
#(0 57 455 31 0 2 0 15 80777 -1 -1 -1 -1 -1 -1)
#(0 57 444 33 0 3 0 27 144325 -1 -1 -1 -1 -1 -1)
#(0 57 456 36 0 1 0 29 155002 -1 -1 -1 -1 -1 -1)
#(0 57 841 28 0 0 0 32 169409 -1 -1 -1 -1 -1 -1)
#(0 57 441 30 0 2 0 32 170531 -1 -1 -1 -1 -1 -1)
#(0 57 436 34 0 2 0 46 244642 -1 -1 -1 -1 -1 -1)
#(0 57 836 23 0 0 0 47 248545 -1 -1 -1 -1 -1 -1)
#(0 57 838 34 0 0 0 53 280409 -1 -1 -1 -1 -1 -1)
#(0 57 843 20 0 0 0 56 296004 -1 -1 -1 -1 -1 -1)
#(0 57 458 36 0 1 0 60 318689 -1 -1 -1 -1 -1 -1)
#(0 57 842 29 0 0 0 62 327836 -1 -1 -1 -1 -1 -1)
#(0 57 457 20 0 2 0 65 344228 -1 -1 -1 -1 -1 -1)
#(0 57 447 21 0 2 1 94 500548 -1 -1 -1 -1 -1 -1)
#(0 57 820 21 0 0 1 92 490704 -1 -1 -1 -1 -1 -1)
#(0 57 459 37 0 1 1 88 467967 -1 -1 -1 -1 -1 -1)
#(0 57 840 24 0 0 1 67 358659 -1 -1 -1 -1 -1 -1)
#(2 57 840 -1 -1 -1 -1 -1 -1 9 -1 -1 -1 -1 -1)
#(0 57 449 35 0 1 1 66 351893 -1 -1 -1 -1 -1 -1)
#(0 57 454 33 0 3 1 60 320354 -1 -1 -1 -1 -1 -1)
#(0 57 445 21 0 2 1 55 294603 -1 -1 -1 -1 -1 -1)
#(0 57 448 46 0 3 1 46 245822 -1 -1 -1 -1 -1 -1)
#(0 57 450 36 0 1 1 42 225158 -1 -1 -1 -1 -1 -1)
#(0 57 835 29 0 0 1 39 210698 -1 -1 -1 -1 -1 -1)
#(0 58 847 23 0 0 0 1 5670 -1 -1 -1 -1 -1 -1)
#(0 58 857 23 0 0 0 11 58440 -1 -1 -1 -1 -1 -1)
#(0 58 439 34 0 1 0 17 91507 -1 -1 -1 -1 -1 -1)
#(0 58 851 20 0 0 0 19 100646 -1 -1 -1 -1 -1 -1)
#(0 58 837 25 0 0 0 23 121859 -1 -1 -1 -1 -1 -1)
#(0 58 464 28 0 2 0 26 138740 -1 -1 -1 -1 -1 -1)
#(0 58 854 26 0 0 0 30 158822 -1 -1 -1 -1 -1 -1)
#(0 58 475 26 0 2 0 30 159737 -1 -1 -1 -1 -1 -1)
#(0 58 463 37 0 1 0 57 302887 -1 -1 -1 -1 -1 -1)
#(0 58 845 27 0 0 0 59 311977 -1 -1 -1 -1 -1 -1)
#(0 58 472 29 0 2 0 71 376359 -1 -1 -1 -1 -1 -1)
#(0 58 471 55 0 3 0 80 425250 -1 -1 -1 -1 -1 -1)
#(0 58 460 28 0 2 1 99 526525 -1 -1 -1 -1 -1 -1)
#(0 58 462 26 0 2 1 98 521360 -1 -1 -1 -1 -1 -1)
#(0 58 853 26 0 0 1 97 517016 -1 -1 -1 -1 -1 -1)
#(0 58 468 42 0 1 1 96 509957 -1 -1 -1 -1 -1 -1)
#(0 58 467 24 0 2 1 87 463341 -1 -1 -1 -1 -1 -1)
#(0 58 474 22 0 2 1 86 458219 -1 -1 -1 -1 -1 -1)
#(0 58 465 36 0 1 1 80 425835 -1 -1 -1 -1 -1 -1)
#(0 58 850 25 0 0 1 77 411439 -1 -1 -1 -1 -1 -1)
#(0 58 844 19 0 0 1 73 390404 -1 -1 -1 -1 -1 -1)
#(0 58 839 21 0 0 1 68 363967 -1 -1 -1 -1 -1 -1)
#(0 58 848 25 0 0 1 57 305814 -1 -1 -1 -1 -1 -1)
#(0 58 469 22 0 2 1 56 299790 -1 -1 -1 -1 -1 -1)
#(0 58 849 30 0 0 1 55 295175 -1 -1 -1 -1 -1 -1)
#(0 58 461 20 0 3 1 55 294680 -1 -1 -1 -1 -1 -1)
#(0 58 453 42 0 1 1 46 245972 -1 -1 -1 -1 -1 -1)
#(0 58 466 35 0 1 1 39 209403 -1 -1 -1 -1 -1 -1)
#(0 58 473 39 0 1 1 28 151021 -1 -1 -1 -1 -1 -1)
#(0 58 852 32 0 0 1 27 147312 -1 -1 -1 -1 -1 -1)
#(0 58 856 28 0 0 1 14 78751 -1 -1 -1 -1 -1 -1)
#(0 59 870 24 0 0 0 1 5667 -1 -1 -1 -1 -1 -1)
#(0 59 864 25 0 0 0 10 53218 -1 -1 -1 -1 -1 -1)
#(0 59 486 31 0 2 0 11 59664 -1 -1 -1 -1 -1 -1)
#(0 59 491 32 0 2 0 15 80868 -1 -1 -1 -1 -1 -1)
#(0 59 488 38 0 1 0 19 102301 -1 -1 -1 -1 -1 -1)
#(0 59 479 34 0 1 0 24 128566 -1 -1 -1 -1 -1 -1)
#(0 59 867 28 0 0 0 32 169432 -1 -1 -1 -1 -1 -1)
#(0 59 478 39 0 2 0 35 186827 -1 -1 -1 -1 -1 -1)
#(0 59 868 23 0 0 0 39 206298 -1 -1 -1 -1 -1 -1)
#(0 59 871 34 0 0 0 40 211752 -1 -1 -1 -1 -1 -1)
#(0 59 869 29 0 0 0 44 232796 -1 -1 -1 -1 -1 -1)
#(0 59 487 40 0 1 0 44 234383 -1 -1 -1 -1 -1 -1)
#(0 59 846 20 0 0 0 47 248507 -1 -1 -1 -1 -1 -1)
#(0 59 484 21 0 2 0 47 249198 -1 -1 -1 -1 -1 -1)
#(0 59 858 28 0 0 0 51 269762 -1 -1 -1 -1 -1 -1)
#(0 59 493 43 0 1 0 51 271460 -1 -1 -1 -1 -1 -1)
#(0 59 860 30 0 0 0 66 348998 -1 -1 -1 -1 -1 -1)
#(0 59 481 43 0 1 1 97 515224 -1 -1 -1 -1 -1 -1)
#(0 59 451 21 0 3 1 94 500510 -1 -1 -1 -1 -1 -1)
#(0 59 855 20 0 0 1 92 490698 -1 -1 -1 -1 -1 -1)
#(0 59 476 36 0 2 1 92 489176 -1 -1 -1 -1 -1 -1)
#(0 59 477 28 0 2 1 83 442102 -1 -1 -1 -1 -1 -1)
#(0 59 490 20 0 2 1 79 421375 -1 -1 -1 -1 -1 -1)
#(0 59 874 23 0 0 1 75 400914 -1 -1 -1 -1 -1 -1)
#(0 59 492 25 0 2 1 75 399979 -1 -1 -1 -1 -1 -1)
#(0 59 859 23 0 0 1 67 358645 -1 -1 -1 -1 -1 -1)
#(0 59 485 27 0 2 1 67 357658 -1 -1 -1 -1 -1 -1)
#(0 59 861 26 0 0 1 64 342760 -1 -1 -1 -1 -1 -1)
#(0 59 863 27 0 0 1 60 321622 -1 -1 -1 -1 -1 -1)
#(0 59 482 36 0 2 1 54 288512 -1 -1 -1 -1 -1 -1)
#(0 59 873 28 0 0 1 53 284668 -1 -1 -1 -1 -1 -1)
#(0 59 862 30 0 0 1 46 247641 -1 -1 -1 -1 -1 -1)
#(0 59 480 33 0 1 1 44 235876 -1 -1 -1 -1 -1 -1)
#(0 59 489 30 0 1 1 42 225366 -1 -1 -1 -1 -1 -1)
#(0 60 502 33 0 1 0 2 12300 -1 -1 -1 -1 -1 -1)
#(0 60 103 59 0 3 0 3 20345 -1 -1 -1 -1 -1 -1)
#(0 60 503 29 0 2 0 4 22755 -1 -1 -1 -1 -1 -1)
#(0 60 102 57 0 2 0 5 30711 -1 -1 -1 -1 -1 -1)
#(0 60 107 57 0 2 0 7 41235 -1 -1 -1 -1 -1 -1)
#(0 60 105 67 0 3 0 9 52678 -1 -1 -1 -1 -1 -1)
#(0 60 498 38 0 2 0 10 54789 -1 -1 -1 -1 -1 -1)
#(0 60 111 59 0 2 0 12 67693 -1 -1 -1 -1 -1 -1)
#(0 60 452 32 0 1 0 17 91453 -1 -1 -1 -1 -1 -1)
#(0 60 505 42 0 1 0 21 113099 -1 -1 -1 -1 -1 -1)
#(0 60 113 51 0 3 0 23 125077 -1 -1 -1 -1 -1 -1)
#(0 60 483 32 0 1 0 24 128390 -1 -1 -1 -1 -1 -1)
#(0 60 496 47 0 1 0 25 134412 -1 -1 -1 -1 -1 -1)
#(0 60 495 30 0 1 0 27 144280 -1 -1 -1 -1 -1 -1)
#(0 60 876 26 0 0 0 30 158833 -1 -1 -1 -1 -1 -1)
#(0 60 112 51 0 2 0 31 167306 -1 -1 -1 -1 -1 -1)
#(0 60 878 26 0 0 0 42 222181 -1 -1 -1 -1 -1 -1)
#(0 60 108 51 0 2 0 44 235968 -1 -1 -1 -1 -1 -1)
#(0 60 879 23 0 0 0 48 253814 -1 -1 -1 -1 -1 -1)
#(0 60 110 44 0 2 0 50 266953 -1 -1 -1 -1 -1 -1)
#(0 60 506 35 0 2 0 60 318595 -1 -1 -1 -1 -1 -1)
#(0 60 494 21 0 2 1 99 526930 -1 -1 -1 -1 -1 -1)
#(0 60 106 59 0 2 1 97 512942 -1 -1 -1 -1 -1 -1)
#(0 60 470 21 0 3 1 94 500501 -1 -1 -1 -1 -1 -1)
#(0 60 880 34 0 0 1 93 495766 -1 -1 -1 -1 -1 -1)
#(0 60 872 21 0 0 1 92 490700 -1 -1 -1 -1 -1 -1)
#(0 60 499 36 0 2 1 84 446933 -1 -1 -1 -1 -1 -1)
#(0 60 501 34 0 1 1 76 404688 -1 -1 -1 -1 -1 -1)
#(0 60 866 19 0 0 1 73 390389 -1 -1 -1 -1 -1 -1)
#(0 60 101 70 0 2 1 72 385242 -1 -1 -1 -1 -1 -1)
#(0 60 877 29 0 0 1 70 374397 -1 -1 -1 -1 -1 -1)
#(0 60 865 24 0 0 1 67 358643 -1 -1 -1 -1 -1 -1)
#(0 60 104 75 0 1 1 60 321179 -1 -1 -1 -1 -1 -1)
#(0 60 497 38 0 1 1 57 304275 -1 -1 -1 -1 -1 -1)
#(0 60 109 57 0 1 1 50 264984 -1 -1 -1 -1 -1 -1)
#(0 60 114 57 0 2 1 44 233324 -1 -1 -1 -1 -1 -1)
#(0 61 884 29 0 0 0 5 26889 -1 -1 -1 -1 -1 -1)
#(0 61 887 23 0 0 0 6 32056 -1 -1 -1 -1 -1 -1)
#(0 61 891 23 0 0 0 7 37327 -1 -1 -1 -1 -1 -1)
#(0 61 122 57 0 3 0 16 88759 -1 -1 -1 -1 -1 -1)
#(0 61 516 36 0 1 0 19 102169 -1 -1 -1 -1 -1 -1)
#(0 61 500 29 0 2 0 25 133507 -1 -1 -1 -1 -1 -1)
#(0 61 121 70 0 2 0 26 137569 -1 -1 -1 -1 -1 -1)
#(0 61 514 27 0 2 0 29 154505 -1 -1 -1 -1 -1 -1)
#(0 61 888 34 0 0 0 31 164250 -1 -1 -1 -1 -1 -1)
#(0 61 120 44 0 2 0 32 171905 -1 -1 -1 -1 -1 -1)
#(0 61 507 42 0 3 0 35 186929 -1 -1 -1 -1 -1 -1)
#(0 61 123 43 0 3 0 38 203533 -1 -1 -1 -1 -1 -1)
#(0 61 889 34 0 0 0 40 211770 -1 -1 -1 -1 -1 -1)
#(0 61 883 25 0 0 0 41 216898 -1 -1 -1 -1 -1 -1)
#(0 61 511 32 0 1 0 54 286780 -1 -1 -1 -1 -1 -1)
#(0 61 892 27 0 0 0 57 301393 -1 -1 -1 -1 -1 -1)
#(0 61 117 59 0 1 0 60 321289 -1 -1 -1 -1 -1 -1)
#(0 61 116 60 0 4 0 61 326816 -1 -1 -1 -1 -1 -1)
#(0 61 515 21 0 2 0 63 333684 -1 -1 -1 -1 -1 -1)
#(0 61 882 30 0 0 0 84 444038 -1 -1 -1 -1 -1 -1)
#(0 61 881 27 0 0 1 99 527536 -1 -1 -1 -1 -1 -1)
#(0 61 885 25 0 0 1 97 517013 -1 -1 -1 -1 -1 -1)
#(0 61 115 55 0 2 1 94 497508 -1 -1 -1 -1 -1 -1)
#(0 61 893 29 0 0 1 90 480011 -1 -1 -1 -1 -1 -1)
#(0 61 513 35 0 2 1 89 473395 -1 -1 -1 -1 -1 -1)
#(0 61 508 43 0 2 1 88 467697 -1 -1 -1 -1 -1 -1)
#(0 61 504 27 0 2 1 83 442172 -1 -1 -1 -1 -1 -1)
#(0 61 118 64 0 3 1 81 428073 -1 -1 -1 -1 -1 -1)
#(0 61 875 19 0 0 1 73 390408 -1 -1 -1 -1 -1 -1)
#(0 61 512 37 0 3 1 73 388812 -1 -1 -1 -1 -1 -1)
#(0 61 509 43 0 1 1 64 340962 -1 -1 -1 -1 -1 -1)
#(0 61 890 25 0 0 1 51 274163 -1 -1 -1 -1 -1 -1)
#(0 61 119 44 0 2 1 40 213535 -1 -1 -1 -1 -1 -1)
#(0 61 886 24 0 0 1 14 78800 -1 -1 -1 -1 -1 -1)
#(0 62 903 20 0 0 0 0 329 -1 -1 -1 -1 -1 -1)
#(0 62 133 67 0 1 0 1 10535 -1 -1 -1 -1 -1 -1)
#(0 62 529 43 0 2 0 2 12733 -1 -1 -1 -1 -1 -1)
#(0 62 531 31 0 2 0 4 22797 -1 -1 -1 -1 -1 -1)
#(0 62 896 28 0 0 0 9 48004 -1 -1 -1 -1 -1 -1)
#(0 62 510 37 0 3 0 10 54757 -1 -1 -1 -1 -1 -1)
#(0 62 124 70 0 3 0 11 58431 -1 -1 -1 -1 -1 -1)
#(0 62 129 59 0 1 0 14 78493 -1 -1 -1 -1 -1 -1)
#(0 62 132 70 0 2 0 16 84739 -1 -1 -1 -1 -1 -1)
#(0 62 130 66 0 3 0 20 110550 -1 -1 -1 -1 -1 -1)
#(0 62 532 31 0 1 0 24 128410 -1 -1 -1 -1 -1 -1)
#(0 62 135 67 0 1 0 24 131975 -1 -1 -1 -1 -1 -1)
#(0 62 904 26 0 0 0 26 137708 -1 -1 -1 -1 -1 -1)
#(0 62 525 23 0 2 0 28 149116 -1 -1 -1 -1 -1 -1)
#(0 62 521 27 0 2 0 30 159796 -1 -1 -1 -1 -1 -1)
#(0 62 894 26 0 0 0 36 190525 -1 -1 -1 -1 -1 -1)
#(0 62 895 29 0 0 0 37 195863 -1 -1 -1 -1 -1 -1)
#(0 62 908 23 0 0 0 41 216846 -1 -1 -1 -1 -1 -1)
#(0 62 526 45 0 1 0 41 218802 -1 -1 -1 -1 -1 -1)
#(0 62 907 24 0 0 0 47 248554 -1 -1 -1 -1 -1 -1)
#(0 62 530 21 0 2 0 48 254550 -1 -1 -1 -1 -1 -1)
#(0 62 901 23 0 0 0 49 259105 -1 -1 -1 -1 -1 -1)
#(0 62 127 67 0 3 0 53 279918 -1 -1 -1 -1 -1 -1)
#(0 62 520 27 0 2 0 53 281259 -1 -1 -1 -1 -1 -1)
#(0 62 906 20 0 0 0 67 354082 -1 -1 -1 -1 -1 -1)
#(0 62 523 22 0 3 1 99 526870 -1 -1 -1 -1 -1 -1)
#(0 62 900 23 0 0 1 94 501223 -1 -1 -1 -1 -1 -1)
#(0 62 517 22 0 2 1 94 500434 -1 -1 -1 -1 -1 -1)
#(0 62 897 25 0 0 1 91 485342 -1 -1 -1 -1 -1 -1)
#(0 62 524 37 0 1 1 88 468018 -1 -1 -1 -1 -1 -1)
#(0 62 905 26 0 0 1 83 443098 -1 -1 -1 -1 -1 -1)
#(0 62 898 28 0 0 1 81 432480 -1 -1 -1 -1 -1 -1)
#(0 62 527 39 0 1 1 78 415112 -1 -1 -1 -1 -1 -1)
#(0 62 902 23 0 0 1 77 411459 -1 -1 -1 -1 -1 -1)
#(0 62 125 55 0 1 1 77 407764 -1 -1 -1 -1 -1 -1)
#(0 62 126 73 0 2 1 71 379389 -1 -1 -1 -1 -1 -1)
#(0 62 128 73 0 2 1 54 289688 -1 -1 -1 -1 -1 -1)
#(0 62 131 44 0 2 1 54 287411 -1 -1 -1 -1 -1 -1)
#(0 62 518 35 0 2 1 52 278043 -1 -1 -1 -1 -1 -1)
#(0 62 522 21 0 2 1 49 262948 -1 -1 -1 -1 -1 -1)
#(0 62 899 20 0 0 1 48 258386 -1 -1 -1 -1 -1 -1)
#(0 62 134 70 0 3 1 46 247891 -1 -1 -1 -1 -1 -1)
#(0 62 519 26 0 2 1 33 178159 -1 -1 -1 -1 -1 -1)
#(0 62 909 27 0 0 1 13 73481 -1 -1 -1 -1 -1 -1)
#(0 63 537 35 0 1 0 0 1821 -1 -1 -1 -1 -1 -1)
#(3 63 537 -1 0 -1 -1 -1 -1 10 -1 -1 -1 -1 57)
#(0 63 919 25 0 0 0 3 16233 -1 -1 -1 -1 -1 -1)
#(0 63 534 32 0 2 0 4 22774 -1 -1 -1 -1 -1 -1)
#(0 63 141 55 0 2 0 5 30405 -1 -1 -1 -1 -1 -1)
#(0 63 912 20 0 0 0 7 37290 -1 -1 -1 -1 -1 -1)
#(0 63 147 51 0 3 0 7 40475 -1 -1 -1 -1 -1 -1)
#(0 63 539 35 0 3 0 7 38804 -1 -1 -1 -1 -1 -1)
#(0 63 535 41 0 1 0 9 49666 -1 -1 -1 -1 -1 -1)
#(0 63 151 64 0 2 0 12 68038 -1 -1 -1 -1 -1 -1)
#(0 63 915 32 0 0 0 13 69162 -1 -1 -1 -1 -1 -1)
#(0 63 538 26 0 2 0 14 75317 -1 -1 -1 -1 -1 -1)
#(0 63 911 33 0 0 0 16 85046 -1 -1 -1 -1 -1 -1)
#(0 63 143 63 0 2 0 16 88871 -1 -1 -1 -1 -1 -1)
#(0 63 154 62 0 2 0 20 110189 -1 -1 -1 -1 -1 -1)
#(0 63 920 29 0 0 0 23 121909 -1 -1 -1 -1 -1 -1)
#(0 63 528 23 0 2 0 28 149127 -1 -1 -1 -1 -1 -1)
#(0 63 138 67 0 3 0 28 153083 -1 -1 -1 -1 -1 -1)
#(0 63 917 28 0 0 0 34 179973 -1 -1 -1 -1 -1 -1)
#(0 63 547 28 0 2 0 37 196820 -1 -1 -1 -1 -1 -1)
#(0 63 144 62 0 3 0 41 221324 -1 -1 -1 -1 -1 -1)
#(0 63 916 34 0 0 0 46 243442 -1 -1 -1 -1 -1 -1)
#(0 63 137 74 0 2 0 46 243720 -1 -1 -1 -1 -1 -1)
#(0 63 136 59 0 3 0 50 267561 -1 -1 -1 -1 -1 -1)
#(0 63 913 29 0 0 0 53 280330 -1 -1 -1 -1 -1 -1)
#(0 63 142 64 0 1 0 53 284871 -1 -1 -1 -1 -1 -1)
#(0 63 148 51 0 1 0 59 315120 -1 -1 -1 -1 -1 -1)
#(0 63 152 64 0 2 1 90 475569 -1 -1 -1 -1 -1 -1)
#(0 63 914 32 0 0 1 89 474670 -1 -1 -1 -1 -1 -1)
#(0 63 146 67 0 3 1 86 454085 -1 -1 -1 -1 -1 -1)
#(0 63 145 54 0 1 1 84 444876 -1 -1 -1 -1 -1 -1)
#(0 63 540 37 0 1 1 80 425738 -1 -1 -1 -1 -1 -1)
#(0 63 149 59 0 1 1 79 417967 -1 -1 -1 -1 -1 -1)
#(0 63 543 27 0 2 1 67 357625 -1 -1 -1 -1 -1 -1)
#(0 63 918 27 0 0 1 62 332200 -1 -1 -1 -1 -1 -1)
#(0 63 536 20 0 2 1 59 315745 -1 -1 -1 -1 -1 -1)
#(0 63 541 35 0 1 1 54 288553 -1 -1 -1 -1 -1 -1)
#(0 63 546 35 0 1 1 51 272770 -1 -1 -1 -1 -1 -1)
#(0 63 139 46 0 3 1 44 234185 -1 -1 -1 -1 -1 -1)
#(0 63 921 23 0 0 1 36 194995 -1 -1 -1 -1 -1 -1)
#(0 63 140 59 0 2 1 25 132734 -1 -1 -1 -1 -1 -1)
#(0 63 544 28 0 2 1 18 98888 -1 -1 -1 -1 -1 -1)
#(0 64 910 20 0 0 0 0 335 -1 -1 -1 -1 -1 -1)
#(0 64 545 33 0 2 0 0 1693 -1 -1 -1 -1 -1 -1)
#(0 64 555 20 0 2 0 2 11598 -1 -1 -1 -1 -1 -1)
#(0 64 160 44 0 2 0 3 18844 -1 -1 -1 -1 -1 -1)
#(0 64 553 42 0 1 0 6 33891 -1 -1 -1 -1 -1 -1)
#(0 64 542 39 0 1 0 9 49587 -1 -1 -1 -1 -1 -1)
#(0 64 161 44 0 2 0 10 55774 -1 -1 -1 -1 -1 -1)
#(0 64 554 20 0 2 0 11 59115 -1 -1 -1 -1 -1 -1)
#(0 64 556 25 0 2 0 13 69970 -1 -1 -1 -1 -1 -1)
#(0 64 923 26 0 0 0 15 79641 -1 -1 -1 -1 -1 -1)
#(0 64 153 69 0 2 0 15 84458 -1 -1 -1 -1 -1 -1)
#(0 64 158 51 0 2 0 17 93386 -1 -1 -1 -1 -1 -1)
#(0 64 162 59 0 3 0 18 99340 -1 -1 -1 -1 -1 -1)
#(0 64 549 38 0 3 0 19 102305 -1 -1 -1 -1 -1 -1)
#(0 64 922 23 0 0 0 20 105991 -1 -1 -1 -1 -1 -1)
#(0 64 561 38 0 2 0 20 107514 -1 -1 -1 -1 -1 -1)
#(0 64 933 30 0 0 0 22 116656 -1 -1 -1 -1 -1 -1)
#(0 64 557 31 0 2 0 25 133599 -1 -1 -1 -1 -1 -1)
#(0 64 150 70 0 1 0 29 153258 -1 -1 -1 -1 -1 -1)
#(0 64 932 26 0 0 0 39 206356 -1 -1 -1 -1 -1 -1)
#(0 64 924 29 0 0 0 45 238101 -1 -1 -1 -1 -1 -1)
#(0 64 533 21 0 2 0 48 254564 -1 -1 -1 -1 -1 -1)
#(0 64 157 51 0 2 0 51 273014 -1 -1 -1 -1 -1 -1)
#(0 64 929 27 0 0 0 56 296136 -1 -1 -1 -1 -1 -1)
#(0 64 167 42 0 2 0 59 314359 -1 -1 -1 -1 -1 -1)
#(0 64 926 25 0 0 0 71 375292 -1 -1 -1 -1 -1 -1)
#(0 64 165 44 0 1 1 99 525049 -1 -1 -1 -1 -1 -1)
#(0 64 558 30 0 1 1 98 521078 -1 -1 -1 -1 -1 -1)
#(0 64 934 25 0 0 1 96 511765 -1 -1 -1 -1 -1 -1)
#(0 64 925 20 0 0 1 94 501268 -1 -1 -1 -1 -1 -1)
#(0 64 550 22 0 3 1 94 500502 -1 -1 -1 -1 -1 -1)
#(0 64 166 55 0 2 1 92 486990 -1 -1 -1 -1 -1 -1)
#(0 64 931 27 0 0 1 91 485320 -1 -1 -1 -1 -1 -1)
#(0 64 170 51 0 2 1 87 461065 -1 -1 -1 -1 -1 -1)
#(0 64 159 68 0 3 1 86 454402 -1 -1 -1 -1 -1 -1)
#(0 64 936 25 0 0 1 76 406165 -1 -1 -1 -1 -1 -1)
#(0 64 562 35 0 3 1 74 394208 -1 -1 -1 -1 -1 -1)
#(0 64 928 20 0 0 1 73 390389 -1 -1 -1 -1 -1 -1)
#(0 64 551 37 0 1 1 71 378266 -1 -1 -1 -1 -1 -1)
#(0 64 559 39 0 1 1 70 372860 -1 -1 -1 -1 -1 -1)
#(0 64 930 27 0 0 1 65 348035 -1 -1 -1 -1 -1 -1)
#(0 64 156 55 0 2 1 65 344510 -1 -1 -1 -1 -1 -1)
#(0 64 168 60 0 1 1 50 264895 -1 -1 -1 -1 -1 -1)
#(0 64 927 23 0 0 1 47 253058 -1 -1 -1 -1 -1 -1)
#(0 64 935 26 0 0 1 44 237184 -1 -1 -1 -1 -1 -1)
#(0 64 548 45 0 1 1 31 166620 -1 -1 -1 -1 -1 -1)
#(0 64 164 64 0 2 1 28 148116 -1 -1 -1 -1 -1 -1)
#(0 64 937 32 0 0 1 26 142046 -1 -1 -1 -1 -1 -1)
#(0 65 941 27 0 0 0 2 11018 -1 -1 -1 -1 -1 -1)
#(0 65 169 51 0 3 0 3 19079 -1 -1 -1 -1 -1 -1)
#(0 65 572 39 0 1 0 3 17927 -1 -1 -1 -1 -1 -1)
#(0 65 569 25 0 2 0 5 27718 -1 -1 -1 -1 -1 -1)
#(0 65 575 36 0 1 0 6 33573 -1 -1 -1 -1 -1 -1)
#(0 65 948 30 0 0 0 11 58583 -1 -1 -1 -1 -1 -1)
#(0 65 946 30 0 0 0 12 63872 -1 -1 -1 -1 -1 -1)
#(0 65 567 33 0 1 0 12 65192 -1 -1 -1 -1 -1 -1)
#(0 65 176 67 0 3 0 17 94031 -1 -1 -1 -1 -1 -1)
#(0 65 950 31 0 0 0 18 95562 -1 -1 -1 -1 -1 -1)
#(2 65 950 -1 -1 -1 -1 -1 -1 11 -1 -1 -1 -1 -1)
#(0 65 566 33 0 1 0 19 102085 -1 -1 -1 -1 -1 -1)
#(0 65 949 25 0 0 0 23 121852 -1 -1 -1 -1 -1 -1)
#(0 65 171 59 0 2 0 36 194644 -1 -1 -1 -1 -1 -1)
#(0 65 954 25 0 0 0 40 211595 -1 -1 -1 -1 -1 -1)
#(0 65 576 32 0 1 0 44 233974 -1 -1 -1 -1 -1 -1)
#(0 65 552 22 0 3 0 48 254592 -1 -1 -1 -1 -1 -1)
#(0 65 942 23 0 0 0 51 269667 -1 -1 -1 -1 -1 -1)
#(0 65 564 32 0 3 0 54 286807 -1 -1 -1 -1 -1 -1)
#(0 65 940 27 0 0 0 61 322538 -1 -1 -1 -1 -1 -1)
#(0 65 574 22 0 2 1 99 526894 -1 -1 -1 -1 -1 -1)
#(0 65 938 32 0 0 1 93 495768 -1 -1 -1 -1 -1 -1)
#(0 65 180 55 0 2 1 89 471251 -1 -1 -1 -1 -1 -1)
#(0 65 570 33 0 1 1 89 473463 -1 -1 -1 -1 -1 -1)
#(0 65 943 30 0 0 1 88 469401 -1 -1 -1 -1 -1 -1)
#(0 65 952 34 0 0 1 86 458799 -1 -1 -1 -1 -1 -1)
#(0 65 155 59 0 2 1 84 444764 -1 -1 -1 -1 -1 -1)
#(0 65 944 20 0 0 1 83 443191 -1 -1 -1 -1 -1 -1)
#(0 65 573 31 0 2 1 78 415515 -1 -1 -1 -1 -1 -1)
#(0 65 563 37 0 1 1 73 388797 -1 -1 -1 -1 -1 -1)
#(0 65 568 20 0 3 1 72 384395 -1 -1 -1 -1 -1 -1)
#(0 65 178 43 0 2 1 71 377272 -1 -1 -1 -1 -1 -1)
#(0 65 173 70 0 1 1 69 369167 -1 -1 -1 -1 -1 -1)
#(0 65 945 25 0 0 1 64 342793 -1 -1 -1 -1 -1 -1)
#(0 65 565 36 0 1 1 64 341342 -1 -1 -1 -1 -1 -1)
#(0 65 571 36 0 1 1 58 309664 -1 -1 -1 -1 -1 -1)
#(0 65 177 64 0 2 1 52 274825 -1 -1 -1 -1 -1 -1)
#(0 65 939 23 0 0 1 46 247772 -1 -1 -1 -1 -1 -1)
#(0 65 951 20 0 0 1 38 205587 -1 -1 -1 -1 -1 -1)
#(0 65 172 51 0 2 1 28 149499 -1 -1 -1 -1 -1 -1)
#(0 66 187 67 0 2 0 1 10417 -1 -1 -1 -1 -1 -1)
#(0 66 577 38 0 1 0 3 17848 -1 -1 -1 -1 -1 -1)
#(0 66 182 70 0 1 0 5 26544 -1 -1 -1 -1 -1 -1)
#(0 66 163 41 0 2 0 10 55624 -1 -1 -1 -1 -1 -1)
#(0 66 193 74 0 2 0 14 74485 -1 -1 -1 -1 -1 -1)
#(0 66 582 26 0 2 0 14 75293 -1 -1 -1 -1 -1 -1)
#(0 66 589 29 0 2 0 18 96529 -1 -1 -1 -1 -1 -1)
#(0 66 190 69 0 2 0 23 126044 -1 -1 -1 -1 -1 -1)
#(0 66 958 27 0 0 0 24 127161 -1 -1 -1 -1 -1 -1)
#(0 66 957 23 0 0 0 27 142943 -1 -1 -1 -1 -1 -1)
#(0 66 580 31 0 1 0 27 144194 -1 -1 -1 -1 -1 -1)
#(4 66 580 -1 0 -1 -1 -1 -1 12 0 0 0 0 -1)
#(0 66 584 33 0 1 0 31 165438 -1 -1 -1 -1 -1 -1)
#(0 66 175 55 0 3 0 36 194102 -1 -1 -1 -1 -1 -1)
#(0 66 581 21 0 3 0 36 191134 -1 -1 -1 -1 -1 -1)
#(0 66 585 37 0 3 0 38 202585 -1 -1 -1 -1 -1 -1)
#(0 66 588 20 0 2 0 41 217513 -1 -1 -1 -1 -1 -1)
#(0 66 185 63 0 4 0 55 295113 -1 -1 -1 -1 -1 -1)
#(0 66 959 27 0 0 0 73 385886 -1 -1 -1 -1 -1 -1)
#(0 66 956 29 0 0 1 97 516956 -1 -1 -1 -1 -1 -1)
#(0 66 174 44 0 2 1 92 488112 -1 -1 -1 -1 -1 -1)
#(0 66 587 27 0 3 1 90 479099 -1 -1 -1 -1 -1 -1)
#(0 66 947 28 0 0 1 88 469450 -1 -1 -1 -1 -1 -1)
#(0 66 192 57 0 2 1 88 465720 -1 -1 -1 -1 -1 -1)
#(0 66 189 55 0 2 1 87 460971 -1 -1 -1 -1 -1 -1)
#(0 66 188 54 0 2 1 86 455223 -1 -1 -1 -1 -1 -1)
#(0 66 962 30 0 0 1 85 453582 -1 -1 -1 -1 -1 -1)
#(0 66 191 64 0 1 1 81 428039 -1 -1 -1 -1 -1 -1)
#(0 66 181 59 0 2 1 76 401996 -1 -1 -1 -1 -1 -1)
#(0 66 960 20 0 0 1 73 390388 -1 -1 -1 -1 -1 -1)
#(0 66 560 27 0 2 1 70 373469 -1 -1 -1 -1 -1 -1)
#(0 66 579 31 0 2 1 64 341663 -1 -1 -1 -1 -1 -1)
#(0 66 183 70 0 3 1 57 305908 -1 -1 -1 -1 -1 -1)
#(2 66 183 -1 -1 -1 -1 -1 -1 13 -1 -1 -1 -1 -1)
#(0 66 184 62 0 3 1 52 275237 -1 -1 -1 -1 -1 -1)
#(0 66 186 75 0 1 1 20 110125 -1 -1 -1 -1 -1 -1)
#(0 67 601 35 0 2 0 4 22929 -1 -1 -1 -1 -1 -1)
#(0 67 194 55 0 2 0 5 30389 -1 -1 -1 -1 -1 -1)
#(0 67 973 23 0 0 0 9 47886 -1 -1 -1 -1 -1 -1)
#(0 67 179 40 0 2 0 10 55533 -1 -1 -1 -1 -1 -1)
#(0 67 592 21 0 2 0 10 53851 -1 -1 -1 -1 -1 -1)
#(0 67 971 29 0 0 0 14 74396 -1 -1 -1 -1 -1 -1)
#(0 67 597 35 0 1 0 33 176140 -1 -1 -1 -1 -1 -1)
#(0 67 598 35 0 1 0 34 181333 -1 -1 -1 -1 -1 -1)
#(0 67 596 34 0 2 0 37 197192 -1 -1 -1 -1 -1 -1)
#(0 67 196 56 0 3 0 44 236455 -1 -1 -1 -1 -1 -1)
#(0 67 593 36 0 3 0 46 244749 -1 -1 -1 -1 -1 -1)
#(0 67 969 23 0 0 0 51 269658 -1 -1 -1 -1 -1 -1)
#(0 67 974 27 0 0 0 59 311951 -1 -1 -1 -1 -1 -1)
#(0 67 966 34 0 0 0 80 422975 -1 -1 -1 -1 -1 -1)
#(0 67 578 22 0 2 1 99 526862 -1 -1 -1 -1 -1 -1)
#(0 67 963 26 0 0 1 98 522278 -1 -1 -1 -1 -1 -1)
#(0 67 198 62 0 2 1 96 507386 -1 -1 -1 -1 -1 -1)
#(0 67 968 27 0 0 1 92 490595 -1 -1 -1 -1 -1 -1)
#(0 67 591 27 0 2 1 91 484101 -1 -1 -1 -1 -1 -1)
#(0 67 953 25 0 0 1 88 469518 -1 -1 -1 -1 -1 -1)
#(0 67 595 31 0 1 1 87 462912 -1 -1 -1 -1 -1 -1)
#(0 67 964 20 0 0 1 86 459028 -1 -1 -1 -1 -1 -1)
#(0 67 590 44 0 2 1 84 446507 -1 -1 -1 -1 -1 -1)
#(0 67 970 26 0 0 1 82 437821 -1 -1 -1 -1 -1 -1)
#(0 67 967 23 0 0 1 75 400903 -1 -1 -1 -1 -1 -1)
#(0 67 602 36 0 2 1 74 394097 -1 -1 -1 -1 -1 -1)
#(0 67 197 44 0 3 1 73 387741 -1 -1 -1 -1 -1 -1)
#(0 67 600 49 0 3 1 68 361754 -1 -1 -1 -1 -1 -1)
#(0 67 972 20 0 0 1 66 353442 -1 -1 -1 -1 -1 -1)
#(0 67 961 26 0 0 1 64 342763 -1 -1 -1 -1 -1 -1)
#(0 67 195 51 0 2 1 62 328928 -1 -1 -1 -1 -1 -1)
#(0 67 975 27 0 0 1 59 316367 -1 -1 -1 -1 -1 -1)
#(0 67 200 54 0 2 1 54 286869 -1 -1 -1 -1 -1 -1)
#(0 67 594 47 0 3 1 41 219251 -1 -1 -1 -1 -1 -1)
#(0 67 955 21 0 0 1 38 205564 -1 -1 -1 -1 -1 -1)
#(0 67 965 20 0 0 1 32 173904 -1 -1 -1 -1 -1 -1)
#(0 67 199 67 0 1 1 11 63321 -1 -1 -1 -1 -1 -1)
#(0 68 982 23 0 0 0 1 5665 -1 -1 -1 -1 -1 -1)
#(0 68 599 35 0 1 0 3 17760 -1 -1 -1 -1 -1 -1)
#(0 68 987 28 0 0 0 4 21578 -1 -1 -1 -1 -1 -1)
#(0 68 983 21 0 0 0 7 37320 -1 -1 -1 -1 -1 -1)
#(0 68 605 37 0 3 0 9 49426 -1 -1 -1 -1 -1 -1)
#(0 68 980 25 0 0 0 10 53218 -1 -1 -1 -1 -1 -1)
#(0 68 202 55 0 2 0 25 136044 -1 -1 -1 -1 -1 -1)
#(0 68 201 70 0 2 0 31 163956 -1 -1 -1 -1 -1 -1)
#(0 68 583 22 0 2 0 36 191176 -1 -1 -1 -1 -1 -1)
#(0 68 586 38 0 1 0 38 202697 -1 -1 -1 -1 -1 -1)
#(0 68 210 64 0 1 0 48 258337 -1 -1 -1 -1 -1 -1)
#(0 68 989 26 0 0 0 52 274981 -1 -1 -1 -1 -1 -1)
#(0 68 608 45 0 1 0 58 308583 -1 -1 -1 -1 -1 -1)
#(0 68 606 41 0 3 0 68 361156 -1 -1 -1 -1 -1 -1)
#(0 68 613 20 0 2 0 70 370626 -1 -1 -1 -1 -1 -1)
#(0 68 207 57 0 1 0 90 479510 -1 -1 -1 -1 -1 -1)
#(0 68 986 23 0 0 1 93 495943 -1 -1 -1 -1 -1 -1)
#(0 68 604 26 0 2 1 90 479106 -1 -1 -1 -1 -1 -1)
#(0 68 607 38 0 1 1 88 467920 -1 -1 -1 -1 -1 -1)
#(0 68 611 30 0 2 1 86 457731 -1 -1 -1 -1 -1 -1)
#(0 68 208 54 0 2 1 84 444973 -1 -1 -1 -1 -1 -1)
#(0 68 205 51 0 3 1 83 439872 -1 -1 -1 -1 -1 -1)
#(0 68 209 59 0 3 1 80 423143 -1 -1 -1 -1 -1 -1)
#(0 68 612 37 0 1 1 77 409817 -1 -1 -1 -1 -1 -1)
#(0 68 978 27 0 0 1 69 369146 -1 -1 -1 -1 -1 -1)
#(0 68 204 51 0 2 1 66 350086 -1 -1 -1 -1 -1 -1)
#(0 68 603 21 0 2 1 59 315675 -1 -1 -1 -1 -1 -1)
#(0 68 991 29 0 0 1 55 295211 -1 -1 -1 -1 -1 -1)
#(0 68 981 30 0 0 1 54 289888 -1 -1 -1 -1 -1 -1)
#(0 68 610 37 0 1 1 54 288482 -1 -1 -1 -1 -1 -1)
#(0 68 979 20 0 0 1 48 258388 -1 -1 -1 -1 -1 -1)
#(0 68 988 25 0 0 1 46 247748 -1 -1 -1 -1 -1 -1)
#(0 68 203 57 0 2 1 46 244048 -1 -1 -1 -1 -1 -1)
#(0 68 990 28 0 0 1 31 168509 -1 -1 -1 -1 -1 -1)
#(0 68 206 57 0 2 1 14 74994 -1 -1 -1 -1 -1 -1)
#(0 68 976 29 0 0 1 11 62858 -1 -1 -1 -1 -1 -1)
#(0 69 622 24 0 2 0 2 11822 -1 -1 -1 -1 -1 -1)
#(0 69 996 26 0 0 0 3 16280 -1 -1 -1 -1 -1 -1)
#(0 69 217 53 0 2 0 5 30352 -1 -1 -1 -1 -1 -1)
#(0 69 1004 22 0 0 0 7 37318 -1 -1 -1 -1 -1 -1)
#(0 69 220 57 0 1 0 7 40971 -1 -1 -1 -1 -1 -1)
#(0 69 1001 25 0 0 0 10 53203 -1 -1 -1 -1 -1 -1)
#(0 69 620 22 0 2 0 11 59187 -1 -1 -1 -1 -1 -1)
#(0 69 215 57 0 3 0 12 67709 -1 -1 -1 -1 -1 -1)
#(0 69 224 67 0 2 0 15 84307 -1 -1 -1 -1 -1 -1)
#(0 69 616 27 0 3 0 16 85874 -1 -1 -1 -1 -1 -1)
#(0 69 1007 20 0 0 0 20 105924 -1 -1 -1 -1 -1 -1)
#(0 69 214 59 0 2 0 21 115446 -1 -1 -1 -1 -1 -1)
#(0 69 999 26 0 0 0 26 137719 -1 -1 -1 -1 -1 -1)
#(0 69 993 23 0 0 0 27 142963 -1 -1 -1 -1 -1 -1)
#(0 69 225 75 0 2 0 30 158973 -1 -1 -1 -1 -1 -1)
#(0 69 998 32 0 0 0 31 164225 -1 -1 -1 -1 -1 -1)
#(0 69 1002 28 0 0 0 33 174709 -1 -1 -1 -1 -1 -1)
#(0 69 609 39 0 2 0 33 176318 -1 -1 -1 -1 -1 -1)
#(0 69 216 44 0 1 0 40 214145 -1 -1 -1 -1 -1 -1)
#(0 69 992 23 0 0 0 46 243273 -1 -1 -1 -1 -1 -1)
#(0 69 618 34 0 3 0 46 244713 -1 -1 -1 -1 -1 -1)
#(0 69 621 30 0 3 0 72 381707 -1 -1 -1 -1 -1 -1)
#(0 69 222 64 0 2 0 73 390493 -1 -1 -1 -1 -1 -1)
#(0 69 995 33 0 0 1 95 506308 -1 -1 -1 -1 -1 -1)
#(0 69 997 22 0 0 1 94 501223 -1 -1 -1 -1 -1 -1)
#(0 69 223 70 0 2 1 94 501300 -1 -1 -1 -1 -1 -1)
#(0 69 617 48 0 2 1 93 493767 -1 -1 -1 -1 -1 -1)
#(0 69 221 62 0 1 1 91 481113 -1 -1 -1 -1 -1 -1)
#(0 69 1012 32 0 0 1 89 474677 -1 -1 -1 -1 -1 -1)
#(0 69 977 25 0 0 1 88 469507 -1 -1 -1 -1 -1 -1)
#(0 69 226 63 0 2 1 88 465510 -1 -1 -1 -1 -1 -1)
#(0 69 619 43 0 1 1 84 446507 -1 -1 -1 -1 -1 -1)
#(0 69 615 30 0 2 1 83 441962 -1 -1 -1 -1 -1 -1)
#(0 69 985 22 0 0 1 82 437870 -1 -1 -1 -1 -1 -1)
#(0 69 1000 20 0 0 1 80 427347 -1 -1 -1 -1 -1 -1)
#(0 69 1005 20 0 0 1 76 406234 -1 -1 -1 -1 -1 -1)
#(0 69 213 49 0 1 1 73 387559 -1 -1 -1 -1 -1 -1)
#(0 69 1003 32 0 0 1 71 379625 -1 -1 -1 -1 -1 -1)
#(0 69 211 47 0 3 1 71 377048 -1 -1 -1 -1 -1 -1)
#(0 69 984 25 0 0 1 69 369198 -1 -1 -1 -1 -1 -1)
#(0 69 1011 26 0 0 1 62 332222 -1 -1 -1 -1 -1 -1)
#(0 69 1008 29 0 0 1 61 326885 -1 -1 -1 -1 -1 -1)
#(0 69 212 62 0 3 1 52 275335 -1 -1 -1 -1 -1 -1)
#(0 69 614 37 0 1 1 37 198653 -1 -1 -1 -1 -1 -1)
#(0 69 994 23 0 0 1 26 142166 -1 -1 -1 -1 -1 -1)
#(0 70 1025 28 0 0 0 0 454 -1 -1 -1 -1 -1 -1)
#(0 70 631 45 0 2 0 3 18152 -1 -1 -1 -1 -1 -1)
#(0 70 236 67 0 3 0 5 26413 -1 -1 -1 -1 -1 -1)
#(0 70 629 41 0 1 0 8 44344 -1 -1 -1 -1 -1 -1)
#(0 70 1023 26 0 0 0 9 47941 -1 -1 -1 -1 -1 -1)
#(0 70 229 43 0 2 0 14 76851 -1 -1 -1 -1 -1 -1)
#(0 70 626 39 0 1 0 17 91831 -1 -1 -1 -1 -1 -1)
#(0 70 218 65 0 3 0 21 115523 -1 -1 -1 -1 -1 -1)
#(0 70 232 68 0 2 0 23 125981 -1 -1 -1 -1 -1 -1)
#(0 70 627 34 0 2 0 30 160277 -1 -1 -1 -1 -1 -1)
#(0 70 623 35 0 1 0 31 165615 -1 -1 -1 -1 -1 -1)
#(0 70 234 56 0 3 0 36 194169 -1 -1 -1 -1 -1 -1)
#(0 70 231 55 0 2 0 37 199322 -1 -1 -1 -1 -1 -1)
#(0 70 230 55 0 1 0 39 210010 -1 -1 -1 -1 -1 -1)
#(0 70 625 44 0 1 0 45 239934 -1 -1 -1 -1 -1 -1)
#(0 70 219 64 0 2 0 48 258126 -1 -1 -1 -1 -1 -1)
#(0 70 1017 30 0 0 0 55 290918 -1 -1 -1 -1 -1 -1)
#(0 70 1016 30 0 0 1 99 527474 -1 -1 -1 -1 -1 -1)
#(0 70 1010 29 0 0 1 95 506392 -1 -1 -1 -1 -1 -1)
#(0 70 628 26 0 2 1 94 500231 -1 -1 -1 -1 -1 -1)
#(0 70 1009 21 0 0 1 93 495964 -1 -1 -1 -1 -1 -1)
#(0 70 1022 20 0 0 1 89 474878 -1 -1 -1 -1 -1 -1)
#(0 70 1021 23 0 0 1 82 437865 -1 -1 -1 -1 -1 -1)
#(0 70 228 51 0 3 1 77 408206 -1 -1 -1 -1 -1 -1)
#(0 70 1020 34 0 0 1 74 395431 -1 -1 -1 -1 -1 -1)
#(0 70 632 32 0 2 1 65 346846 -1 -1 -1 -1 -1 -1)
#(0 70 630 31 0 3 1 48 257074 -1 -1 -1 -1 -1 -1)
#(0 70 624 52 0 3 1 46 245417 -1 -1 -1 -1 -1 -1)
#(0 70 1019 27 0 0 1 44 237148 -1 -1 -1 -1 -1 -1)
#(0 70 235 51 0 2 1 27 144209 -1 -1 -1 -1 -1 -1)
#(0 71 242 59 0 2 0 0 4587 -1 -1 -1 -1 -1 -1)
#(0 71 1030 26 0 0 0 3 16279 -1 -1 -1 -1 -1 -1)
#(0 71 246 51 0 3 0 3 19267 -1 -1 -1 -1 -1 -1)
#(0 71 1033 20 0 0 0 4 21444 -1 -1 -1 -1 -1 -1)
#(0 71 641 26 0 2 0 4 22444 -1 -1 -1 -1 -1 -1)
#(0 71 1037 24 0 0 0 7 37336 -1 -1 -1 -1 -1 -1)
#(0 71 238 70 0 2 0 7 37265 -1 -1 -1 -1 -1 -1)
#(0 71 1032 29 0 0 0 8 42723 -1 -1 -1 -1 -1 -1)
#(0 71 240 64 0 2 0 9 52615 -1 -1 -1 -1 -1 -1)
#(0 71 1006 25 0 0 0 10 53234 -1 -1 -1 -1 -1 -1)
#(0 71 633 22 0 3 0 10 53964 -1 -1 -1 -1 -1 -1)
#(0 71 644 21 0 2 0 11 59153 -1 -1 -1 -1 -1 -1)
#(0 71 638 32 0 2 0 12 65031 -1 -1 -1 -1 -1 -1)
#(0 71 1031 32 0 0 0 18 95575 -1 -1 -1 -1 -1 -1)
#(0 71 227 51 0 2 0 21 114472 -1 -1 -1 -1 -1 -1)
#(0 71 1035 29 0 0 0 22 116641 -1 -1 -1 -1 -1 -1)
#(0 71 247 57 0 3 0 23 125385 -1 -1 -1 -1 -1 -1)
#(0 71 1036 23 0 0 0 29 153499 -1 -1 -1 -1 -1 -1)
#(2 71 1036 -1 -1 -1 -1 -1 -1 14 -1 -1 -1 -1 -1)
#(0 71 244 51 0 3 0 29 156769 -1 -1 -1 -1 -1 -1)
#(0 71 233 51 0 2 0 37 198888 -1 -1 -1 -1 -1 -1)
#(0 71 1029 32 0 0 0 38 201183 -1 -1 -1 -1 -1 -1)
#(0 71 1028 25 0 0 0 47 248583 -1 -1 -1 -1 -1 -1)
#(0 71 1038 23 0 0 0 50 264369 -1 -1 -1 -1 -1 -1)
#(0 71 1013 22 0 0 0 52 274940 -1 -1 -1 -1 -1 -1)
#(0 71 237 72 0 2 0 59 315983 -1 -1 -1 -1 -1 -1)
#(0 71 241 57 0 2 0 62 331707 -1 -1 -1 -1 -1 -1)
#(0 71 635 40 0 1 0 64 339983 -1 -1 -1 -1 -1 -1)
#(0 71 1027 27 0 0 0 71 375344 -1 -1 -1 -1 -1 -1)
#(0 71 642 20 0 2 1 96 511129 -1 -1 -1 -1 -1 -1)
#(0 71 1015 30 0 0 1 95 506386 -1 -1 -1 -1 -1 -1)
#(0 71 245 44 0 2 1 91 482807 -1 -1 -1 -1 -1 -1)
#(0 71 640 32 0 2 1 85 452435 -1 -1 -1 -1 -1 -1)
#(0 71 1014 20 0 0 1 76 406227 -1 -1 -1 -1 -1 -1)
#(0 71 249 66 0 1 1 76 401522 -1 -1 -1 -1 -1 -1)
#(0 71 252 67 0 2 1 75 396118 -1 -1 -1 -1 -1 -1)
#(0 71 639 23 0 2 1 72 384137 -1 -1 -1 -1 -1 -1)
#(0 71 253 62 0 2 1 70 370211 -1 -1 -1 -1 -1 -1)
#(0 71 634 32 0 2 1 67 357401 -1 -1 -1 -1 -1 -1)
#(0 71 637 33 0 2 1 63 336246 -1 -1 -1 -1 -1 -1)
#(0 71 1018 23 0 0 1 62 332257 -1 -1 -1 -1 -1 -1)
#(0 71 1034 28 0 0 1 61 326898 -1 -1 -1 -1 -1 -1)
#(0 71 239 54 0 2 1 60 318169 -1 -1 -1 -1 -1 -1)
#(0 71 1039 27 0 0 1 58 311087 -1 -1 -1 -1 -1 -1)
#(0 71 636 38 0 1 1 53 283109 -1 -1 -1 -1 -1 -1)
#(0 71 250 55 0 1 1 49 259972 -1 -1 -1 -1 -1 -1)
#(0 71 248 75 0 2 1 46 247447 -1 -1 -1 -1 -1 -1)
#(0 71 643 32 0 2 1 41 220126 -1 -1 -1 -1 -1 -1)
#(0 72 243 55 0 1 0 0 3948 -1 -1 -1 -1 -1 -1)
#(0 72 654 24 0 2 0 2 11819 -1 -1 -1 -1 -1 -1)
#(0 72 1046 34 0 0 0 5 26985 -1 -1 -1 -1 -1 -1)
#(0 72 257 74 0 1 0 5 26715 -1 -1 -1 -1 -1 -1)
#(0 72 655 33 0 1 0 6 33417 -1 -1 -1 -1 -1 -1)
#(0 72 1054 22 0 0 0 8 42591 -1 -1 -1 -1 -1 -1)
#(0 72 1048 26 0 0 0 9 47949 -1 -1 -1 -1 -1 -1)
#(0 72 1057 26 0 0 0 25 132422 -1 -1 -1 -1 -1 -1)
#(0 72 647 41 0 3 0 27 144699 -1 -1 -1 -1 -1 -1)
#(0 72 255 70 0 1 0 28 148191 -1 -1 -1 -1 -1 -1)
#(0 72 1047 26 0 0 0 32 169389 -1 -1 -1 -1 -1 -1)
#(0 72 1043 30 0 0 0 36 190599 -1 -1 -1 -1 -1 -1)
#(0 72 1044 20 0 0 0 41 216811 -1 -1 -1 -1 -1 -1)
#(0 72 1042 28 0 0 0 49 259204 -1 -1 -1 -1 -1 -1)
#(0 72 1026 22 0 0 0 52 274918 -1 -1 -1 -1 -1 -1)
#(0 72 1041 32 0 0 1 99 527449 -1 -1 -1 -1 -1 -1)
#(0 72 261 59 0 3 1 97 512949 -1 -1 -1 -1 -1 -1)
#(0 72 1051 23 0 0 1 96 511781 -1 -1 -1 -1 -1 -1)
#(0 72 1052 31 0 0 1 95 506382 -1 -1 -1 -1 -1 -1)
#(0 72 1058 20 0 0 1 93 495999 -1 -1 -1 -1 -1 -1)
#(0 72 258 51 0 3 1 83 439896 -1 -1 -1 -1 -1 -1)
#(0 72 645 20 0 3 1 81 431910 -1 -1 -1 -1 -1 -1)
#(0 72 653 49 0 3 1 80 425098 -1 -1 -1 -1 -1 -1)
#(0 72 646 37 0 3 1 77 409898 -1 -1 -1 -1 -1 -1)
#(0 72 260 57 0 2 1 76 402401 -1 -1 -1 -1 -1 -1)
#(0 72 651 28 0 2 1 74 394581 -1 -1 -1 -1 -1 -1)
#(0 72 1045 20 0 0 1 70 374545 -1 -1 -1 -1 -1 -1)
#(0 72 1040 23 0 0 1 68 363925 -1 -1 -1 -1 -1 -1)
#(0 72 1024 23 0 0 1 62 332265 -1 -1 -1 -1 -1 -1)
#(0 72 652 20 0 2 1 59 315635 -1 -1 -1 -1 -1 -1)
#(0 72 1055 20 0 0 1 56 300635 -1 -1 -1 -1 -1 -1)
#(0 72 251 54 0 1 1 47 249612 -1 -1 -1 -1 -1 -1)
#(0 72 650 37 0 1 1 46 246238 -1 -1 -1 -1 -1 -1)
#(0 72 256 59 0 1 1 41 217212 -1 -1 -1 -1 -1 -1)
#(0 72 1050 28 0 0 1 40 216009 -1 -1 -1 -1 -1 -1)
#(0 72 1049 27 0 0 1 33 179068 -1 -1 -1 -1 -1 -1)
#(0 72 648 43 0 2 1 32 171986 -1 -1 -1 -1 -1 -1)
#(0 72 262 62 0 1 1 14 74626 -1 -1 -1 -1 -1 -1)
#(0 73 1053 20 0 0 0 9 47840 -1 -1 -1 -1 -1 -1)
#(0 73 661 22 0 3 0 11 59220 -1 -1 -1 -1 -1 -1)
#(0 73 273 54 0 2 0 13 72548 -1 -1 -1 -1 -1 -1)
#(0 73 658 35 0 2 0 13 70501 -1 -1 -1 -1 -1 -1)
#(0 73 1067 29 0 0 0 14 74410 -1 -1 -1 -1 -1 -1)
#(0 73 271 67 0 2 0 15 84258 -1 -1 -1 -1 -1 -1)
#(0 73 656 40 0 1 0 19 102488 -1 -1 -1 -1 -1 -1)
#(0 73 659 33 0 1 0 20 107303 -1 -1 -1 -1 -1 -1)
#(0 73 266 53 0 2 0 21 114494 -1 -1 -1 -1 -1 -1)
#(0 73 1060 23 0 0 0 22 116549 -1 -1 -1 -1 -1 -1)
#(0 73 264 59 0 1 0 22 120495 -1 -1 -1 -1 -1 -1)
#(0 73 1065 26 0 0 0 30 158834 -1 -1 -1 -1 -1 -1)
#(0 73 662 36 0 1 0 34 181427 -1 -1 -1 -1 -1 -1)
#(0 73 1056 25 0 0 0 36 190504 -1 -1 -1 -1 -1 -1)
#(0 73 267 59 0 2 0 37 199172 -1 -1 -1 -1 -1 -1)
#(0 73 265 44 0 2 0 38 203593 -1 -1 -1 -1 -1 -1)
#(0 73 1061 34 0 0 0 44 232906 -1 -1 -1 -1 -1 -1)
#(0 73 1066 26 0 0 0 51 269710 -1 -1 -1 -1 -1 -1)
#(0 73 269 59 0 2 0 53 284318 -1 -1 -1 -1 -1 -1)
#(0 73 1064 26 0 0 0 55 290831 -1 -1 -1 -1 -1 -1)
#(0 73 1062 23 0 0 0 62 327747 -1 -1 -1 -1 -1 -1)
#(0 73 270 55 0 2 0 65 347234 -1 -1 -1 -1 -1 -1)
#(0 73 263 57 0 3 1 99 524222 -1 -1 -1 -1 -1 -1)
#(0 73 663 29 0 2 1 93 494815 -1 -1 -1 -1 -1 -1)
#(0 73 1069 20 0 0 1 89 474876 -1 -1 -1 -1 -1 -1)
#(0 73 657 28 0 2 1 83 442086 -1 -1 -1 -1 -1 -1)
#(0 73 1059 21 0 0 1 80 427327 -1 -1 -1 -1 -1 -1)
#(0 73 259 64 0 2 1 75 396531 -1 -1 -1 -1 -1 -1)
#(0 73 660 31 0 2 1 73 389101 -1 -1 -1 -1 -1 -1)
#(0 73 274 62 0 1 1 72 380688 -1 -1 -1 -1 -1 -1)
#(0 73 1063 20 0 0 1 71 379828 -1 -1 -1 -1 -1 -1)
#(0 73 254 70 0 3 1 70 369838 -1 -1 -1 -1 -1 -1)
#(0 73 268 57 0 3 1 57 301882 -1 -1 -1 -1 -1 -1)
#(0 73 272 62 0 1 1 38 201202 -1 -1 -1 -1 -1 -1)
#(0 73 1068 28 0 0 1 35 189615 -1 -1 -1 -1 -1 -1)
#(0 73 664 36 0 2 1 30 161767 -1 -1 -1 -1 -1 -1)
#(0 74 278 71 0 2 0 5 26458 -1 -1 -1 -1 -1 -1)
#(0 74 281 68 0 3 0 5 31056 -1 -1 -1 -1 -1 -1)
#(0 74 665 33 0 3 0 6 33424 -1 -1 -1 -1 -1 -1)
#(0 74 1083 27 0 0 0 10 53233 -1 -1 -1 -1 -1 -1)
#(0 74 275 44 0 2 0 12 66356 -1 -1 -1 -1 -1 -1)
#(0 74 1074 31 0 0 0 18 95559 -1 -1 -1 -1 -1 -1)
#(0 74 1073 20 0 0 0 29 153442 -1 -1 -1 -1 -1 -1)
#(0 74 1077 32 0 0 0 44 232850 -1 -1 -1 -1 -1 -1)
#(0 74 280 62 0 2 0 48 258286 -1 -1 -1 -1 -1 -1)
#(0 74 668 56 0 3 0 52 277432 -1 -1 -1 -1 -1 -1)
#(0 74 674 26 0 2 0 63 333994 -1 -1 -1 -1 -1 -1)
#(0 74 671 34 0 2 0 64 339666 -1 -1 -1 -1 -1 -1)
#(0 74 670 20 0 2 0 67 354803 -1 -1 -1 -1 -1 -1)
#(0 74 1070 32 0 0 1 99 527448 -1 -1 -1 -1 -1 -1)
#(0 74 279 44 0 2 1 99 525047 -1 -1 -1 -1 -1 -1)
#(0 74 1080 21 0 0 1 93 495977 -1 -1 -1 -1 -1 -1)
#(0 74 276 51 0 2 1 93 492645 -1 -1 -1 -1 -1 -1)
#(0 74 672 34 0 2 1 91 483966 -1 -1 -1 -1 -1 -1)
#(0 74 277 67 0 3 1 87 459672 -1 -1 -1 -1 -1 -1)
#(0 74 283 75 0 2 1 81 432286 -1 -1 -1 -1 -1 -1)
#(0 74 649 21 0 3 1 81 431915 -1 -1 -1 -1 -1 -1)
#(0 74 667 21 0 2 1 80 426627 -1 -1 -1 -1 -1 -1)
#(0 74 1075 28 0 0 1 75 400812 -1 -1 -1 -1 -1 -1)
#(0 74 1081 32 0 0 1 74 395477 -1 -1 -1 -1 -1 -1)
#(0 74 1078 20 0 0 1 70 374548 -1 -1 -1 -1 -1 -1)
#(0 74 282 75 0 1 1 63 337293 -1 -1 -1 -1 -1 -1)
#(0 74 1079 20 0 0 1 57 305915 -1 -1 -1 -1 -1 -1)
#(0 74 1082 28 0 0 1 54 289945 -1 -1 -1 -1 -1 -1)
#(0 74 666 33 0 2 1 49 262194 -1 -1 -1 -1 -1 -1)
#(0 74 1076 25 0 0 1 45 242474 -1 -1 -1 -1 -1 -1)
#(0 74 673 42 0 2 1 32 172085 -1 -1 -1 -1 -1 -1)
#(0 74 669 39 0 1 1 14 77113 -1 -1 -1 -1 -1 -1)
#(0 75 285 51 0 2 0 0 3578 -1 -1 -1 -1 -1 -1)
#(0 75 685 24 0 2 0 2 11837 -1 -1 -1 -1 -1 -1)
#(0 75 287 43 0 2 0 7 39871 -1 -1 -1 -1 -1 -1)
#(0 75 683 43 0 1 0 7 39213 -1 -1 -1 -1 -1 -1)
#(0 75 1071 20 0 0 0 9 47846 -1 -1 -1 -1 -1 -1)
#(0 75 682 39 0 1 0 9 49524 -1 -1 -1 -1 -1 -1)
#(0 75 677 22 0 2 0 11 59200 -1 -1 -1 -1 -1 -1)
#(0 75 686 31 0 2 0 13 70278 -1 -1 -1 -1 -1 -1)
#(0 75 292 59 0 3 0 15 83676 -1 -1 -1 -1 -1 -1)
#(0 75 296 57 0 1 0 17 93997 -1 -1 -1 -1 -1 -1)
#(0 75 689 32 0 1 0 20 107329 -1 -1 -1 -1 -1 -1)
#(0 75 289 63 0 3 0 20 110416 -1 -1 -1 -1 -1 -1)
#(0 75 1092 20 0 0 0 28 148168 -1 -1 -1 -1 -1 -1)
#(0 75 295 52 0 2 0 32 172763 -1 -1 -1 -1 -1 -1)
#(0 75 690 37 0 1 0 32 170838 -1 -1 -1 -1 -1 -1)
#(0 75 1087 20 0 0 0 34 179855 -1 -1 -1 -1 -1 -1)
#(0 75 1088 26 0 0 0 35 185240 -1 -1 -1 -1 -1 -1)
#(0 75 680 23 0 2 0 41 217864 -1 -1 -1 -1 -1 -1)
#(0 75 1097 32 0 0 0 42 222283 -1 -1 -1 -1 -1 -1)
#(0 75 678 37 0 2 0 46 244824 -1 -1 -1 -1 -1 -1)
#(0 75 291 62 0 1 0 69 369153 -1 -1 -1 -1 -1 -1)
#(0 75 1086 32 0 0 0 70 370144 -1 -1 -1 -1 -1 -1)
#(0 75 687 38 0 1 1 98 520737 -1 -1 -1 -1 -1 -1)
#(0 75 1085 25 0 0 1 96 511726 -1 -1 -1 -1 -1 -1)
#(0 75 1084 26 0 0 1 95 506439 -1 -1 -1 -1 -1 -1)
#(0 75 1093 20 0 0 1 93 496003 -1 -1 -1 -1 -1 -1)
#(0 75 1100 33 0 0 1 88 469383 -1 -1 -1 -1 -1 -1)
#(0 75 684 41 0 1 1 88 467788 -1 -1 -1 -1 -1 -1)
#(0 75 1094 34 0 0 1 85 453518 -1 -1 -1 -1 -1 -1)
#(0 75 288 53 0 2 1 83 439857 -1 -1 -1 -1 -1 -1)
#(0 75 676 21 0 3 1 81 431938 -1 -1 -1 -1 -1 -1)
#(0 75 688 20 0 0 1 80 426692 -1 -1 -1 -1 -1 -1)
#(0 75 1095 21 0 0 1 80 427341 -1 -1 -1 -1 -1 -1)
#(0 75 1102 26 0 0 1 72 385024 -1 -1 -1 -1 -1 -1)
#(0 75 290 62 0 2 1 72 380849 -1 -1 -1 -1 -1 -1)
#(4 75 290 -1 0 -1 -1 -1 -1 15 0 0 0 0 -1)
#(0 75 1099 22 0 0 1 71 379805 -1 -1 -1 -1 -1 -1)
#(0 75 675 37 0 2 1 70 372886 -1 -1 -1 -1 -1 -1)
#(0 75 1089 26 0 0 1 66 353309 -1 -1 -1 -1 -1 -1)
#(0 75 1090 23 0 0 1 62 332254 -1 -1 -1 -1 -1 -1)
#(0 75 294 64 0 1 1 61 322479 -1 -1 -1 -1 -1 -1)
#(0 75 1101 23 0 0 1 53 284749 -1 -1 -1 -1 -1 -1)
#(0 75 679 36 0 1 1 43 230431 -1 -1 -1 -1 -1 -1)
#(0 75 284 67 0 2 1 38 200998 -1 -1 -1 -1 -1 -1)
#(0 75 293 51 0 2 1 37 196977 -1 -1 -1 -1 -1 -1)
#(0 76 1108 23 0 0 0 0 385 -1 -1 -1 -1 -1 -1)
#(2 76 1108 -1 -1 -1 -1 -1 -1 16 -1 -1 -1 -1 -1)
#(0 76 286 51 0 2 0 0 3523 -1 -1 -1 -1 -1 -1)
#(0 76 1111 29 0 0 0 1 5755 -1 -1 -1 -1 -1 -1)
#(0 76 302 50 0 1 0 3 19272 -1 -1 -1 -1 -1 -1)
#(0 76 300 57 0 1 0 4 25289 -1 -1 -1 -1 -1 -1)
#(0 76 301 69 0 2 0 7 37020 -1 -1 -1 -1 -1 -1)
#(0 76 1109 20 0 0 0 8 42559 -1 -1 -1 -1 -1 -1)
#(3 76 1109 -1 0 -1 -1 -1 -1 17 -1 -1 -1 -1 41)
#(0 76 1072 20 0 0 0 9 47839 -1 -1 -1 -1 -1 -1)
#(0 76 310 62 0 2 0 11 62774 -1 -1 -1 -1 -1 -1)
#(0 76 691 39 0 2 0 12 65364 -1 -1 -1 -1 -1 -1)
#(0 76 308 55 0 3 0 13 72566 -1 -1 -1 -1 -1 -1)
#(0 76 304 55 0 1 0 14 77490 -1 -1 -1 -1 -1 -1)
#(0 76 706 20 0 3 0 16 85508 -1 -1 -1 -1 -1 -1)
#(0 76 702 41 0 1 0 17 91954 -1 -1 -1 -1 -1 -1)
#(0 76 708 46 0 3 0 23 123854 -1 -1 -1 -1 -1 -1)
#(0 76 1114 34 0 0 0 24 127279 -1 -1 -1 -1 -1 -1)
#(0 76 1110 27 0 0 0 25 132440 -1 -1 -1 -1 -1 -1)
#(0 76 703 21 0 2 0 26 138326 -1 -1 -1 -1 -1 -1)
#(0 76 1112 34 0 0 0 31 164242 -1 -1 -1 -1 -1 -1)
#(0 76 699 23 0 2 0 41 217648 -1 -1 -1 -1 -1 -1)
#(0 76 695 46 0 1 0 51 271690 -1 -1 -1 -1 -1 -1)
#(0 76 692 43 0 1 0 59 313770 -1 -1 -1 -1 -1 -1)
#(0 76 707 34 0 2 0 60 318582 -1 -1 -1 -1 -1 -1)
#(0 76 1103 25 0 0 0 61 322498 -1 -1 -1 -1 -1 -1)
#(0 76 309 54 0 2 1 99 524585 -1 -1 -1 -1 -1 -1)
#(0 76 305 71 0 1 1 95 506542 -1 -1 -1 -1 -1 -1)
#(0 76 693 51 0 2 1 95 504241 -1 -1 -1 -1 -1 -1)
#(0 76 696 28 0 2 1 93 494826 -1 -1 -1 -1 -1 -1)
#(0 76 1105 20 0 0 1 88 469598 -1 -1 -1 -1 -1 -1)
#(0 76 705 26 0 2 1 88 468607 -1 -1 -1 -1 -1 -1)
#(0 76 311 44 0 2 1 87 461720 -1 -1 -1 -1 -1 -1)
#(0 76 694 32 0 1 1 85 452381 -1 -1 -1 -1 -1 -1)
#(0 76 697 39 0 3 1 84 446747 -1 -1 -1 -1 -1 -1)
#(0 76 681 21 0 3 1 81 431952 -1 -1 -1 -1 -1 -1)
#(0 76 1113 34 0 0 1 78 416558 -1 -1 -1 -1 -1 -1)
#(0 76 298 66 0 2 1 77 407386 -1 -1 -1 -1 -1 -1)
#(0 76 701 37 0 1 1 75 399322 -1 -1 -1 -1 -1 -1)
#(0 76 1098 29 0 0 1 74 395497 -1 -1 -1 -1 -1 -1)
#(0 76 1107 19 0 0 1 70 374571 -1 -1 -1 -1 -1 -1)
#(0 76 700 37 0 3 1 69 367658 -1 -1 -1 -1 -1 -1)
#(0 76 1115 26 0 0 1 68 363899 -1 -1 -1 -1 -1 -1)
#(0 76 306 74 0 3 1 64 342909 -1 -1 -1 -1 -1 -1)
#(0 76 1104 21 0 0 1 57 305893 -1 -1 -1 -1 -1 -1)
#(0 76 704 34 0 1 1 55 293885 -1 -1 -1 -1 -1 -1)
#(0 76 303 51 0 2 1 43 228607 -1 -1 -1 -1 -1 -1)
#(0 76 307 51 0 2 1 28 149480 -1 -1 -1 -1 -1 -1)
#(0 77 1121 20 0 0 0 0 316 -1 -1 -1 -1 -1 -1)
#(0 77 712 34 0 3 0 0 1775 -1 -1 -1 -1 -1 -1)
#(0 77 325 44 0 2 0 4 24065 -1 -1 -1 -1 -1 -1)
#(0 77 714 29 0 2 0 4 22668 -1 -1 -1 -1 -1 -1)
#(0 77 326 55 0 3 0 6 35666 -1 -1 -1 -1 -1 -1)
#(0 77 297 61 0 3 0 7 40704 -1 -1 -1 -1 -1 -1)
#(0 77 713 34 0 2 0 9 49293 -1 -1 -1 -1 -1 -1)
#(0 77 715 24 0 2 0 10 54039 -1 -1 -1 -1 -1 -1)
#(0 77 698 31 0 2 0 12 64930 -1 -1 -1 -1 -1 -1)
#(0 77 717 41 0 2 0 18 97182 -1 -1 -1 -1 -1 -1)
#(0 77 329 57 0 2 0 22 120362 -1 -1 -1 -1 -1 -1)
#(0 77 1091 21 0 0 0 34 179878 -1 -1 -1 -1 -1 -1)
#(0 77 318 57 0 1 0 36 194353 -1 -1 -1 -1 -1 -1)
#(0 77 317 56 0 3 0 38 204253 -1 -1 -1 -1 -1 -1)
#(0 77 1118 25 0 0 0 39 206329 -1 -1 -1 -1 -1 -1)
#(0 77 1119 30 0 0 0 42 222272 -1 -1 -1 -1 -1 -1)
#(0 77 322 59 0 3 0 49 263267 -1 -1 -1 -1 -1 -1)
#(0 77 1120 28 0 0 0 54 285585 -1 -1 -1 -1 -1 -1)
#(0 77 710 34 0 1 0 54 286918 -1 -1 -1 -1 -1 -1)
#(0 77 320 44 0 1 1 98 519739 -1 -1 -1 -1 -1 -1)
#(0 77 1123 25 0 0 1 95 506489 -1 -1 -1 -1 -1 -1)
#(0 77 1096 19 0 0 1 93 496016 -1 -1 -1 -1 -1 -1)
#(0 77 709 39 0 1 1 84 446781 -1 -1 -1 -1 -1 -1)
#(0 77 319 67 0 2 1 84 443765 -1 -1 -1 -1 -1 -1)
#(0 77 299 52 0 2 1 77 408108 -1 -1 -1 -1 -1 -1)
#(0 77 1116 23 0 0 1 76 406175 -1 -1 -1 -1 -1 -1)
#(0 77 718 48 0 1 1 76 404008 -1 -1 -1 -1 -1 -1)
#(0 77 314 45 0 1 1 71 376873 -1 -1 -1 -1 -1 -1)
#(0 77 327 66 0 2 1 70 369939 -1 -1 -1 -1 -1 -1)
#(0 77 711 36 0 3 1 65 346542 -1 -1 -1 -1 -1 -1)
#(0 77 323 68 0 2 1 61 322572 -1 -1 -1 -1 -1 -1)
#(0 77 321 67 0 3 1 60 317373 -1 -1 -1 -1 -1 -1)
#(0 77 1117 27 0 0 1 58 311068 -1 -1 -1 -1 -1 -1)
#(0 77 316 51 0 3 1 49 260320 -1 -1 -1 -1 -1 -1)
#(0 77 328 55 0 3 1 48 254731 -1 -1 -1 -1 -1 -1)
#(0 77 315 51 0 3 1 41 218072 -1 -1 -1 -1 -1 -1)
#(0 77 312 52 0 2 1 37 196970 -1 -1 -1 -1 -1 -1)
#(0 77 1122 32 0 0 1 15 83960 -1 -1 -1 -1 -1 -1)
#(0 77 324 59 0 3 1 10 53586 -1 -1 -1 -1 -1 -1)
#(0 78 334 55 0 2 0 0 3606 -1 -1 -1 -1 -1 -1)
#(0 78 1127 23 0 0 0 1 5660 -1 -1 -1 -1 -1 -1)
#(0 78 1135 31 0 0 0 3 16341 -1 -1 -1 -1 -1 -1)
#(0 78 726 20 0 3 0 4 22148 -1 -1 -1 -1 -1 -1)
#(0 78 716 27 0 2 0 12 64731 -1 -1 -1 -1 -1 -1)
#(0 78 332 60 0 1 0 13 72655 -1 -1 -1 -1 -1 -1)
#(0 78 719 41 0 3 0 15 81334 -1 -1 -1 -1 -1 -1)
#(0 78 1128 29 0 0 0 21 111369 -1 -1 -1 -1 -1 -1)
#(0 78 722 43 0 3 0 21 113137 -1 -1 -1 -1 -1 -1)
#(0 78 720 44 0 1 0 23 123801 -1 -1 -1 -1 -1 -1)
#(0 78 331 51 0 2 0 34 183118 -1 -1 -1 -1 -1 -1)
#(0 78 1125 20 0 0 0 38 200976 -1 -1 -1 -1 -1 -1)
#(0 78 333 44 0 2 0 42 224719 -1 -1 -1 -1 -1 -1)
#(0 78 721 29 0 2 0 42 223280 -1 -1 -1 -1 -1 -1)
#(0 78 1130 31 0 0 0 46 243390 -1 -1 -1 -1 -1 -1)
#(0 78 1131 28 0 0 0 50 264463 -1 -1 -1 -1 -1 -1)
#(0 78 1124 23 0 0 0 54 285485 -1 -1 -1 -1 -1 -1)
#(0 78 723 20 0 2 0 65 344234 -1 -1 -1 -1 -1 -1)
#(0 78 1134 27 0 0 0 79 417554 -1 -1 -1 -1 -1 -1)
#(0 78 336 55 0 2 0 89 473951 -1 -1 -1 -1 -1 -1)
#(0 78 724 30 0 2 1 99 526388 -1 -1 -1 -1 -1 -1)
#(0 78 725 24 0 2 1 96 510905 -1 -1 -1 -1 -1 -1)
#(0 78 1133 28 0 0 1 86 458909 -1 -1 -1 -1 -1 -1)
#(0 78 330 56 0 1 1 84 444672 -1 -1 -1 -1 -1 -1)
#(0 78 1126 30 0 0 1 83 443016 -1 -1 -1 -1 -1 -1)
#(0 78 1129 32 0 0 1 77 411303 -1 -1 -1 -1 -1 -1)
#(0 78 313 44 0 2 1 77 408908 -1 -1 -1 -1 -1 -1)
#(0 78 338 62 0 1 1 74 391267 -1 -1 -1 -1 -1 -1)
#(0 78 728 20 0 2 1 61 326335 -1 -1 -1 -1 -1 -1)
#(0 78 729 37 0 3 1 60 320194 -1 -1 -1 -1 -1 -1)
#(0 78 1132 26 0 0 1 45 242453 -1 -1 -1 -1 -1 -1)
#(0 78 1136 28 0 0 1 39 210750 -1 -1 -1 -1 -1 -1)
#(0 79 337 46 0 1 0 4 24224 -1 -1 -1 -1 -1 -1)
#(0 79 342 56 0 1 0 17 94061 -1 -1 -1 -1 -1 -1)
#(0 79 1148 24 0 0 0 21 111270 -1 -1 -1 -1 -1 -1)
#(0 79 345 72 0 1 0 21 115907 -1 -1 -1 -1 -1 -1)
#(0 79 1138 25 0 0 0 23 121858 -1 -1 -1 -1 -1 -1)
#(0 79 1152 27 0 0 0 24 127151 -1 -1 -1 -1 -1 -1)
#(0 79 343 43 0 2 0 28 150735 -1 -1 -1 -1 -1 -1)
#(0 79 341 57 0 2 0 29 157453 -1 -1 -1 -1 -1 -1)
#(0 79 1142 29 0 0 0 32 169449 -1 -1 -1 -1 -1 -1)
#(0 79 351 64 0 2 0 33 179286 -1 -1 -1 -1 -1 -1)
#(0 79 348 70 0 2 0 42 222064 -1 -1 -1 -1 -1 -1)
#(0 79 733 27 0 2 0 42 223204 -1 -1 -1 -1 -1 -1)
#(0 79 340 44 0 3 0 43 230026 -1 -1 -1 -1 -1 -1)
#(0 79 740 41 0 3 0 45 239803 -1 -1 -1 -1 -1 -1)
#(0 79 1145 27 0 0 0 48 253885 -1 -1 -1 -1 -1 -1)
#(0 79 735 31 0 1 0 57 302578 -1 -1 -1 -1 -1 -1)
#(0 79 1149 27 0 0 0 66 348911 -1 -1 -1 -1 -1 -1)
#(0 79 743 27 0 2 0 69 365702 -1 -1 -1 -1 -1 -1)
#(0 79 736 20 0 2 1 95 505839 -1 -1 -1 -1 -1 -1)
#(0 79 1106 19 0 0 1 93 496003 -1 -1 -1 -1 -1 -1)
#(0 79 1143 23 0 0 1 90 480104 -1 -1 -1 -1 -1 -1)
#(0 79 739 43 0 1 1 87 462378 -1 -1 -1 -1 -1 -1)
#(0 79 744 30 0 2 1 83 441983 -1 -1 -1 -1 -1 -1)
#(0 79 1137 32 0 0 1 81 432416 -1 -1 -1 -1 -1 -1)
#(0 79 346 67 0 2 1 81 427820 -1 -1 -1 -1 -1 -1)
#(0 79 738 44 0 3 1 78 414852 -1 -1 -1 -1 -1 -1)
#(0 79 732 41 0 3 1 77 409709 -1 -1 -1 -1 -1 -1)
#(0 79 730 40 0 3 1 75 399183 -1 -1 -1 -1 -1 -1)
#(0 79 731 49 0 1 1 66 351211 -1 -1 -1 -1 -1 -1)
#(0 79 734 32 0 1 1 65 346770 -1 -1 -1 -1 -1 -1)
#(0 79 349 75 0 1 1 63 337208 -1 -1 -1 -1 -1 -1)
#(0 79 1144 26 0 0 1 61 326932 -1 -1 -1 -1 -1 -1)
#(0 79 1141 32 0 0 1 51 274030 -1 -1 -1 -1 -1 -1)
#(0 79 339 63 0 2 1 48 254523 -1 -1 -1 -1 -1 -1)
#(0 79 742 40 0 2 1 41 219668 -1 -1 -1 -1 -1 -1)
#(0 79 1140 20 0 0 1 36 195031 -1 -1 -1 -1 -1 -1)
#(0 79 745 34 0 1 1 36 193599 -1 -1 -1 -1 -1 -1)
#(4 79 745 -1 0 -1 -1 -1 -1 18 0 0 0 0 -1)
#(0 79 350 59 0 3 1 29 153920 -1 -1 -1 -1 -1 -1)
#(0 79 347 51 0 1 1 19 101911 -1 -1 -1 -1 -1 -1)
#(0 80 1139 24 0 0 0 1 5688 -1 -1 -1 -1 -1 -1)
#(0 80 1155 32 0 0 0 2 11111 -1 -1 -1 -1 -1 -1)
#(0 80 753 27 0 2 0 3 17224 -1 -1 -1 -1 -1 -1)
#(0 80 749 25 0 3 0 10 54123 -1 -1 -1 -1 -1 -1)
#(2 80 749 -1 -1 -1 -1 -1 -1 19 -1 -1 -1 -1 -1)
#(0 80 358 59 0 2 0 11 62460 -1 -1 -1 -1 -1 -1)
#(0 80 1156 20 0 0 0 15 79534 -1 -1 -1 -1 -1 -1)
#(0 80 757 33 0 2 0 15 80902 -1 -1 -1 -1 -1 -1)
#(0 80 746 44 0 1 0 22 118513 -1 -1 -1 -1 -1 -1)
#(0 80 1158 28 0 0 0 25 132463 -1 -1 -1 -1 -1 -1)
#(0 80 752 44 0 1 0 31 165979 -1 -1 -1 -1 -1 -1)
#(0 80 362 57 0 2 0 31 167977 -1 -1 -1 -1 -1 -1)
#(0 80 1151 28 0 0 0 32 169413 -1 -1 -1 -1 -1 -1)
#(0 80 751 40 0 1 0 32 171026 -1 -1 -1 -1 -1 -1)
#(0 80 359 67 0 2 0 36 194803 -1 -1 -1 -1 -1 -1)
#(0 80 756 46 0 1 0 39 208272 -1 -1 -1 -1 -1 -1)
#(0 80 747 25 0 2 0 41 217717 -1 -1 -1 -1 -1 -1)
#(0 80 1157 33 0 0 0 49 259288 -1 -1 -1 -1 -1 -1)
#(0 80 357 55 0 1 0 54 289218 -1 -1 -1 -1 -1 -1)
#(0 80 1159 20 0 0 0 56 296011 -1 -1 -1 -1 -1 -1)
#(0 80 750 44 0 2 1 98 520439 -1 -1 -1 -1 -1 -1)
#(0 80 727 20 0 3 1 96 511111 -1 -1 -1 -1 -1 -1)
#(0 80 1153 26 0 0 1 91 485314 -1 -1 -1 -1 -1 -1)
#(0 80 361 60 0 2 1 88 465462 -1 -1 -1 -1 -1 -1)
#(0 80 1150 23 0 0 1 86 458974 -1 -1 -1 -1 -1 -1)
#(0 80 754 40 0 1 1 84 446722 -1 -1 -1 -1 -1 -1)
#(0 80 352 64 0 2 1 84 444384 -1 -1 -1 -1 -1 -1)
#(0 80 335 43 0 2 1 77 408949 -1 -1 -1 -1 -1 -1)
#(0 80 363 51 0 2 1 75 397737 -1 -1 -1 -1 -1 -1)
#(0 80 741 36 0 3 1 75 399424 -1 -1 -1 -1 -1 -1)
#(0 80 355 71 0 2 1 74 390910 -1 -1 -1 -1 -1 -1)
#(0 80 356 51 0 2 1 65 344851 -1 -1 -1 -1 -1 -1)
#(0 80 1161 28 0 0 1 63 337462 -1 -1 -1 -1 -1 -1)
#(0 80 755 28 0 2 1 58 310107 -1 -1 -1 -1 -1 -1)
#(0 80 1160 30 0 0 1 54 289908 -1 -1 -1 -1 -1 -1)
#(0 80 748 43 0 1 1 47 251202 -1 -1 -1 -1 -1 -1)
#(0 80 353 55 0 2 1 46 244199 -1 -1 -1 -1 -1 -1)
#(0 80 1154 27 0 0 1 26 142096 -1 -1 -1 -1 -1 -1)
#(0 81 1146 23 0 0 0 1 5653 -1 -1 -1 -1 -1 -1)
#(0 81 366 55 0 2 0 3 19709 -1 -1 -1 -1 -1 -1)
#(0 81 769 35 0 2 0 5 28221 -1 -1 -1 -1 -1 -1)
#(0 81 762 38 0 1 0 8 44219 -1 -1 -1 -1 -1 -1)
#(0 81 375 59 0 3 0 18 99463 -1 -1 -1 -1 -1 -1)
#(0 81 1162 21 0 0 0 21 111227 -1 -1 -1 -1 -1 -1)
#(0 81 373 51 0 3 0 24 130377 -1 -1 -1 -1 -1 -1)
#(0 81 344 48 0 1 0 28 150874 -1 -1 -1 -1 -1 -1)
#(0 81 766 42 0 1 0 34 181718 -1 -1 -1 -1 -1 -1)
#(0 81 1166 23 0 0 0 36 190460 -1 -1 -1 -1 -1 -1)
#(0 81 368 56 0 1 0 37 199467 -1 -1 -1 -1 -1 -1)
#(0 81 1167 27 0 0 0 42 222212 -1 -1 -1 -1 -1 -1)
#(0 81 737 33 0 3 0 42 223491 -1 -1 -1 -1 -1 -1)
#(0 81 758 38 0 1 0 44 234356 -1 -1 -1 -1 -1 -1)
#(0 81 1165 27 0 0 0 45 238050 -1 -1 -1 -1 -1 -1)
#(0 81 377 55 0 2 0 46 246919 -1 -1 -1 -1 -1 -1)
#(0 81 369 44 0 3 0 48 256402 -1 -1 -1 -1 -1 -1)
#(0 81 367 71 0 2 0 49 263730 -1 -1 -1 -1 -1 -1)
#(0 81 364 60 0 3 0 51 274131 -1 -1 -1 -1 -1 -1)
#(2 81 364 -1 -1 -1 -1 -1 -1 20 -1 -1 -1 -1 -1)
#(0 81 760 51 0 1 0 52 277194 -1 -1 -1 -1 -1 -1)
#(0 81 770 20 0 2 0 57 301989 -1 -1 -1 -1 -1 -1)
#(0 81 759 27 0 2 0 58 307626 -1 -1 -1 -1 -1 -1)
#(0 81 1163 26 0 0 0 71 375314 -1 -1 -1 -1 -1 -1)
#(0 81 772 39 0 1 0 96 508922 -1 -1 -1 -1 -1 -1)
#(0 81 365 58 0 3 1 99 524251 -1 -1 -1 -1 -1 -1)
#(0 81 771 35 0 1 1 97 515654 -1 -1 -1 -1 -1 -1)
#(0 81 761 37 0 1 1 94 499561 -1 -1 -1 -1 -1 -1)
#(0 81 1168 25 0 0 1 92 490633 -1 -1 -1 -1 -1 -1)
#(0 81 1147 24 0 0 1 90 480076 -1 -1 -1 -1 -1 -1)
#(0 81 774 30 0 2 1 88 468377 -1 -1 -1 -1 -1 -1)
#(0 81 372 62 0 2 1 86 454616 -1 -1 -1 -1 -1 -1)
#(0 81 354 57 0 2 1 84 444691 -1 -1 -1 -1 -1 -1)
#(0 81 1164 30 0 0 1 82 437732 -1 -1 -1 -1 -1 -1)
#(0 81 763 31 0 2 1 79 420798 -1 -1 -1 -1 -1 -1)
#(0 81 360 63 0 2 1 74 391406 -1 -1 -1 -1 -1 -1)
#(0 81 764 28 0 2 1 73 389271 -1 -1 -1 -1 -1 -1)
#(0 81 374 57 0 1 1 68 360007 -1 -1 -1 -1 -1 -1)
#(0 81 1169 23 0 0 1 67 358661 -1 -1 -1 -1 -1 -1)
#(0 81 768 20 0 0 1 61 326372 -1 -1 -1 -1 -1 -1)
#(0 81 767 44 0 2 1 55 293467 -1 -1 -1 -1 -1 -1)
#(0 81 765 32 0 2 1 53 283446 -1 -1 -1 -1 -1 -1)
#(0 81 371 67 0 3 1 53 279917 -1 -1 -1 -1 -1 -1)
#(0 81 370 51 0 2 1 34 181199 -1 -1 -1 -1 -1 -1)
#(0 81 376 62 0 2 1 13 69293 -1 -1 -1 -1 -1 -1)
#(0 82 776 20 0 2 0 11 59134 -1 -1 -1 -1 -1 -1)
#(0 82 384 45 0 3 0 12 66680 -1 -1 -1 -1 -1 -1)
#(0 82 777 40 0 2 0 14 76009 -1 -1 -1 -1 -1 -1)
#(0 82 1173 30 0 0 0 16 85006 -1 -1 -1 -1 -1 -1)
#(0 82 379 57 0 2 0 16 88787 -1 -1 -1 -1 -1 -1)
#(0 82 1178 34 0 0 0 18 95608 -1 -1 -1 -1 -1 -1)
#(0 82 381 74 0 2 0 21 111225 -1 -1 -1 -1 -1 -1)
#(0 82 1177 28 0 0 0 22 116625 -1 -1 -1 -1 -1 -1)
#(0 82 1172 20 0 0 0 25 132340 -1 -1 -1 -1 -1 -1)
#(0 82 388 63 0 2 0 31 168334 -1 -1 -1 -1 -1 -1)
#(0 82 782 28 0 2 0 42 223262 -1 -1 -1 -1 -1 -1)
#(0 82 383 57 0 4 0 71 379162 -1 -1 -1 -1 -1 -1)
#(0 82 386 54 0 2 1 98 519162 -1 -1 -1 -1 -1 -1)
#(0 82 784 34 0 3 1 98 520947 -1 -1 -1 -1 -1 -1)
#(0 82 781 21 0 2 1 95 505787 -1 -1 -1 -1 -1 -1)
#(0 82 1175 18 0 0 1 90 480184 -1 -1 -1 -1 -1 -1)
#(0 82 387 55 0 3 1 89 471233 -1 -1 -1 -1 -1 -1)
#(0 82 1170 24 0 0 1 86 458952 -1 -1 -1 -1 -1 -1)
#(0 82 1176 32 0 0 1 78 416592 -1 -1 -1 -1 -1 -1)
#(2 82 1176 -1 -1 -1 -1 -1 -1 21 -1 -1 -1 -1 -1)
#(0 82 378 44 0 2 1 65 345514 -1 -1 -1 -1 -1 -1)
#(0 82 1179 26 0 0 1 64 342772 -1 -1 -1 -1 -1 -1)
#(0 82 780 30 0 3 1 64 341645 -1 -1 -1 -1 -1 -1)
#(0 82 385 73 0 2 1 61 322148 -1 -1 -1 -1 -1 -1)
#(0 82 1174 28 0 0 1 60 321609 -1 -1 -1 -1 -1 -1)
#(0 82 380 59 0 3 1 60 317622 -1 -1 -1 -1 -1 -1)
#(0 82 783 36 0 1 1 50 267423 -1 -1 -1 -1 -1 -1)
#(0 82 778 44 0 1 1 42 224771 -1 -1 -1 -1 -1 -1)
#(0 82 779 36 0 1 1 29 156493 -1 -1 -1 -1 -1 -1)
#(0 82 775 49 0 2 1 14 76632 -1 -1 -1 -1 -1 -1)
#(0 83 398 62 0 3 0 2 15195 -1 -1 -1 -1 -1 -1)
#(0 83 389 54 0 3 0 3 19776 -1 -1 -1 -1 -1 -1)
#(0 83 789 28 0 2 0 6 33135 -1 -1 -1 -1 -1 -1)
#(0 83 1189 29 0 0 0 10 53289 -1 -1 -1 -1 -1 -1)
#(0 83 397 58 0 3 0 11 62317 -1 -1 -1 -1 -1 -1)
#(0 83 395 44 0 2 0 13 71593 -1 -1 -1 -1 -1 -1)
#(0 83 788 55 0 1 0 19 103160 -1 -1 -1 -1 -1 -1)
#(0 83 794 33 0 3 0 21 112618 -1 -1 -1 -1 -1 -1)
#(0 83 793 26 0 2 0 25 133331 -1 -1 -1 -1 -1 -1)
#(0 83 1186 25 0 0 0 30 158807 -1 -1 -1 -1 -1 -1)
#(0 83 1182 26 0 0 0 31 164119 -1 -1 -1 -1 -1 -1)
#(0 83 1184 28 0 0 0 32 169442 -1 -1 -1 -1 -1 -1)
#(0 83 391 68 0 2 0 32 173867 -1 -1 -1 -1 -1 -1)
#(0 83 1191 32 0 0 0 33 174770 -1 -1 -1 -1 -1 -1)
#(0 83 390 49 0 2 0 38 204077 -1 -1 -1 -1 -1 -1)
#(0 83 393 57 0 2 0 42 225327 -1 -1 -1 -1 -1 -1)
#(0 83 382 56 0 3 0 48 256835 -1 -1 -1 -1 -1 -1)
#(0 83 396 67 0 2 0 50 269056 -1 -1 -1 -1 -1 -1)
#(0 83 1181 30 0 0 0 58 306759 -1 -1 -1 -1 -1 -1)
#(0 83 1183 20 0 0 0 59 311855 -1 -1 -1 -1 -1 -1)
#(0 83 792 32 0 2 0 63 334245 -1 -1 -1 -1 -1 -1)
#(0 83 1192 30 0 0 0 90 475697 -1 -1 -1 -1 -1 -1)
#(0 83 1188 23 0 0 1 97 517058 -1 -1 -1 -1 -1 -1)
#(0 83 773 31 0 2 1 97 515839 -1 -1 -1 -1 -1 -1)
#(0 83 1187 28 0 0 1 95 506413 -1 -1 -1 -1 -1 -1)
#(0 83 1171 25 0 0 1 92 490603 -1 -1 -1 -1 -1 -1)
#(0 83 1194 29 0 0 1 89 474735 -1 -1 -1 -1 -1 -1)
#(0 83 1190 26 0 0 1 88 469483 -1 -1 -1 -1 -1 -1)
#(0 83 786 29 0 2 1 88 468404 -1 -1 -1 -1 -1 -1)
#(0 83 399 54 0 2 1 87 461089 -1 -1 -1 -1 -1 -1)
#(0 83 790 35 0 1 1 86 457508 -1 -1 -1 -1 -1 -1)
#(0 83 1180 28 0 0 1 74 395524 -1 -1 -1 -1 -1 -1)
#(0 83 785 26 0 2 1 73 389352 -1 -1 -1 -1 -1 -1)
#(0 83 787 29 0 2 1 72 383979 -1 -1 -1 -1 -1 -1)
#(0 83 791 31 0 1 1 59 315119 -1 -1 -1 -1 -1 -1)
#(0 83 394 43 0 3 1 56 298022 -1 -1 -1 -1 -1 -1)
#(0 83 1185 28 0 0 1 43 231842 -1 -1 -1 -1 -1 -1)
#(0 83 392 58 0 3 1 40 212093 -1 -1 -1 -1 -1 -1)
#(0 84 796 32 0 2 0 2 12317 -1 -1 -1 -1 -1 -1)
#(0 84 413 59 0 2 0 5 31101 -1 -1 -1 -1 -1 -1)
#(0 84 401 64 0 2 0 6 36372 -1 -1 -1 -1 -1 -1)
#(0 84 799 21 0 2 0 11 59182 -1 -1 -1 -1 -1 -1)
#(0 84 802 27 0 2 0 18 96452 -1 -1 -1 -1 -1 -1)
#(0 84 405 41 0 2 0 28 150625 -1 -1 -1 -1 -1 -1)
#(0 84 795 43 0 1 0 34 181825 -1 -1 -1 -1 -1 -1)
#(3 84 795 -1 0 -1 -1 -1 -1 22 -1 -1 -1 -1 16)
#(0 84 1202 25 0 0 0 35 185196 -1 -1 -1 -1 -1 -1)
#(0 84 1195 20 0 0 0 37 195700 -1 -1 -1 -1 -1 -1)
#(0 84 1198 29 0 0 0 39 206413 -1 -1 -1 -1 -1 -1)
#(0 84 414 70 0 3 0 46 243169 -1 -1 -1 -1 -1 -1)
#(0 84 1193 32 0 0 0 58 306766 -1 -1 -1 -1 -1 -1)
#(0 84 411 59 0 3 0 62 331851 -1 -1 -1 -1 -1 -1)
#(0 84 400 67 0 2 0 65 343298 -1 -1 -1 -1 -1 -1)
#(0 84 806 35 0 1 0 72 381954 -1 -1 -1 -1 -1 -1)
#(0 84 407 43 0 2 0 78 414751 -1 -1 -1 -1 -1 -1)
#(0 84 403 57 0 2 1 93 492041 -1 -1 -1 -1 -1 -1)
#(0 84 800 25 0 2 1 92 489717 -1 -1 -1 -1 -1 -1)
#(0 84 803 36 0 2 1 91 483926 -1 -1 -1 -1 -1 -1)
#(0 84 798 29 0 2 1 88 468385 -1 -1 -1 -1 -1 -1)
#(0 84 409 44 0 2 1 86 456378 -1 -1 -1 -1 -1 -1)
#(0 84 1197 30 0 0 1 84 448282 -1 -1 -1 -1 -1 -1)
#(0 84 804 46 0 1 1 82 435890 -1 -1 -1 -1 -1 -1)
#(0 84 404 64 0 2 1 81 427972 -1 -1 -1 -1 -1 -1)
#(0 84 1200 29 0 0 1 68 363831 -1 -1 -1 -1 -1 -1)
#(0 84 1199 25 0 0 1 58 311112 -1 -1 -1 -1 -1 -1)
#(0 84 402 54 0 3 1 54 286324 -1 -1 -1 -1 -1 -1)
#(0 84 797 33 0 1 1 50 267573 -1 -1 -1 -1 -1 -1)
#(0 84 412 55 0 1 1 34 180785 -1 -1 -1 -1 -1 -1)
#(0 84 1196 28 0 0 1 30 163203 -1 -1 -1 -1 -1 -1)
#(0 85 415 59 0 2 0 2 14914 -1 -1 -1 -1 -1 -1)
#(0 85 821 53 0 1 0 7 39711 -1 -1 -1 -1 -1 -1)
#(0 85 1212 26 0 0 0 9 47941 -1 -1 -1 -1 -1 -1)
#(0 85 811 22 0 3 0 11 59229 -1 -1 -1 -1 -1 -1)
#(0 85 406 70 0 1 0 11 63039 -1 -1 -1 -1 -1 -1)
#(0 85 418 43 0 2 0 14 76852 -1 -1 -1 -1 -1 -1)
#(0 85 431 61 0 2 0 16 88914 -1 -1 -1 -1 -1 -1)
#(0 85 423 59 0 2 0 17 94366 -1 -1 -1 -1 -1 -1)
#(0 85 817 20 0 2 0 18 96048 -1 -1 -1 -1 -1 -1)
#(0 85 422 62 0 1 0 23 126369 -1 -1 -1 -1 -1 -1)
#(0 85 1209 34 0 0 0 27 143129 -1 -1 -1 -1 -1 -1)
#(0 85 1205 20 0 0 0 28 148176 -1 -1 -1 -1 -1 -1)
#(0 85 420 62 0 2 0 33 178877 -1 -1 -1 -1 -1 -1)
#(0 85 805 32 0 3 0 34 181182 -1 -1 -1 -1 -1 -1)
#(0 85 809 27 0 2 0 41 217867 -1 -1 -1 -1 -1 -1)
#(0 85 813 30 0 1 0 42 223369 -1 -1 -1 -1 -1 -1)
#(0 85 430 57 0 1 0 46 247039 -1 -1 -1 -1 -1 -1)
#(2 85 430 -1 -1 -1 -1 -1 -1 23 -1 -1 -1 -1 -1)
#(0 85 808 54 0 1 0 77 409399 -1 -1 -1 -1 -1 -1)
#(0 85 810 35 0 2 1 98 520915 -1 -1 -1 -1 -1 -1)
#(0 85 1204 23 0 0 1 92 490650 -1 -1 -1 -1 -1 -1)
#(0 85 801 20 0 2 1 92 490012 -1 -1 -1 -1 -1 -1)
#(0 85 417 42 0 2 1 91 482879 -1 -1 -1 -1 -1 -1)
#(0 85 1207 20 0 0 1 90 480142 -1 -1 -1 -1 -1 -1)
#(0 85 1201 27 0 0 1 89 474731 -1 -1 -1 -1 -1 -1)
#(0 85 425 66 0 2 1 89 470602 -1 -1 -1 -1 -1 -1)
#(0 85 1211 20 0 0 1 84 448479 -1 -1 -1 -1 -1 -1)
#(0 85 427 64 0 2 1 82 433320 -1 -1 -1 -1 -1 -1)
#(0 85 1210 34 0 0 1 81 432396 -1 -1 -1 -1 -1 -1)
#(0 85 410 65 0 2 1 81 428110 -1 -1 -1 -1 -1 -1)
#(0 85 1206 32 0 0 1 79 421856 -1 -1 -1 -1 -1 -1)
#(0 85 416 67 0 3 1 78 417053 -1 -1 -1 -1 -1 -1)
#(0 85 419 54 0 2 1 76 402601 -1 -1 -1 -1 -1 -1)
#(0 85 814 45 0 1 1 70 372451 -1 -1 -1 -1 -1 -1)
#(0 85 815 40 0 2 1 69 367549 -1 -1 -1 -1 -1 -1)
#(0 85 818 27 0 2 1 67 357657 -1 -1 -1 -1 -1 -1)
#(0 85 421 43 0 2 1 65 345541 -1 -1 -1 -1 -1 -1)
#(0 85 429 60 0 3 1 62 328067 -1 -1 -1 -1 -1 -1)
#(0 85 819 34 0 3 1 57 304497 -1 -1 -1 -1 -1 -1)
#(0 85 408 65 0 3 1 56 297018 -1 -1 -1 -1 -1 -1)
#(2 85 408 -1 -1 -1 -1 -1 -1 24 -1 -1 -1 -1 -1)
#(0 85 812 40 0 1 1 56 298890 -1 -1 -1 -1 -1 -1)
#(0 85 822 33 0 1 1 54 288675 -1 -1 -1 -1 -1 -1)
#(0 85 816 39 0 3 1 39 209188 -1 -1 -1 -1 -1 -1)
#(0 85 1203 29 0 0 1 37 200138 -1 -1 -1 -1 -1 -1)
#(0 85 823 20 0 2 1 31 167936 -1 -1 -1 -1 -1 -1)
#(0 85 1208 34 0 0 1 16 89185 -1 -1 -1 -1 -1 -1)
#(0 86 1221 23 0 0 0 6 32059 -1 -1 -1 -1 -1 -1)
#(0 86 438 57 0 2 0 8 46588 -1 -1 -1 -1 -1 -1)
#(0 86 437 50 0 3 0 13 71883 -1 -1 -1 -1 -1 -1)
#(0 86 1214 29 0 0 0 14 74423 -1 -1 -1 -1 -1 -1)
#(0 86 426 65 0 2 0 17 94659 -1 -1 -1 -1 -1 -1)
#(0 86 1220 29 0 0 0 18 95522 -1 -1 -1 -1 -1 -1)
#(0 86 443 75 0 3 0 20 106426 -1 -1 -1 -1 -1 -1)
#(0 86 834 32 0 1 0 21 112523 -1 -1 -1 -1 -1 -1)
#(0 86 1227 27 0 0 0 23 121873 -1 -1 -1 -1 -1 -1)
#(0 86 832 32 0 2 0 23 123093 -1 -1 -1 -1 -1 -1)
#(0 86 827 39 0 1 0 24 128728 -1 -1 -1 -1 -1 -1)
#(0 86 1216 21 0 0 0 25 132350 -1 -1 -1 -1 -1 -1)
#(0 86 828 20 0 2 0 29 154165 -1 -1 -1 -1 -1 -1)
#(0 86 432 64 0 1 0 30 163231 -1 -1 -1 -1 -1 -1)
#(0 86 829 37 0 2 0 32 170892 -1 -1 -1 -1 -1 -1)
#(0 86 433 59 0 2 0 32 173346 -1 -1 -1 -1 -1 -1)
#(0 86 807 27 0 2 0 34 180895 -1 -1 -1 -1 -1 -1)
#(0 86 833 30 0 2 0 42 223366 -1 -1 -1 -1 -1 -1)
#(0 86 1229 20 0 0 0 43 227359 -1 -1 -1 -1 -1 -1)
#(0 86 435 47 0 2 0 43 230486 -1 -1 -1 -1 -1 -1)
#(0 86 1223 29 0 0 0 45 238077 -1 -1 -1 -1 -1 -1)
#(0 86 434 43 0 2 0 48 256349 -1 -1 -1 -1 -1 -1)
#(0 86 424 52 0 2 0 78 415169 -1 -1 -1 -1 -1 -1)
#(0 86 1228 29 0 0 1 95 506405 -1 -1 -1 -1 -1 -1)
#(0 86 825 21 0 2 1 94 500545 -1 -1 -1 -1 -1 -1)
#(0 86 1224 23 0 0 1 93 495934 -1 -1 -1 -1 -1 -1)
#(0 86 442 64 0 1 1 92 486151 -1 -1 -1 -1 -1 -1)
#(0 86 440 61 0 2 1 89 470896 -1 -1 -1 -1 -1 -1)
#(0 86 1225 23 0 0 1 81 432591 -1 -1 -1 -1 -1 -1)
#(0 86 1226 27 0 0 1 79 421966 -1 -1 -1 -1 -1 -1)
#(0 86 428 62 0 2 1 79 417609 -1 -1 -1 -1 -1 -1)
#(0 86 826 40 0 2 1 77 409758 -1 -1 -1 -1 -1 -1)
#(0 86 830 21 0 3 1 73 389680 -1 -1 -1 -1 -1 -1)
#(0 86 831 26 0 2 1 68 362986 -1 -1 -1 -1 -1 -1)
#(0 86 824 26 0 2 1 64 341839 -1 -1 -1 -1 -1 -1)
#(0 86 1215 25 0 0 1 57 305816 -1 -1 -1 -1 -1 -1)
#(0 86 1213 27 0 0 1 36 194887 -1 -1 -1 -1 -1 -1)
#(0 86 1218 25 0 0 1 34 184393 -1 -1 -1 -1 -1 -1)
#(4 86 1218 -1 0 -1 -1 -1 -1 25 0 0 0 0 -1)
#(0 86 1222 20 0 0 1 33 179195 -1 -1 -1 -1 -1 -1)
#(0 86 1217 20 0 0 1 26 142235 -1 -1 -1 -1 -1 -1)
#(0 87 1233 26 0 0 0 0 437 -1 -1 -1 -1 -1 -1)
#(0 87 1236 32 0 0 0 12 63890 -1 -1 -1 -1 -1 -1)
#(0 87 446 57 0 3 0 12 67351 -1 -1 -1 -1 -1 -1)
#(0 87 1231 28 0 0 0 13 69116 -1 -1 -1 -1 -1 -1)
#(0 87 1219 30 0 0 0 14 74429 -1 -1 -1 -1 -1 -1)
#(0 87 455 55 0 1 0 15 83177 -1 -1 -1 -1 -1 -1)
#(0 87 1232 34 0 0 0 20 106176 -1 -1 -1 -1 -1 -1)
#(0 87 1230 25 0 0 0 21 111310 -1 -1 -1 -1 -1 -1)
#(0 87 444 59 0 3 0 27 146906 -1 -1 -1 -1 -1 -1)
#(0 87 456 60 0 1 0 29 157627 -1 -1 -1 -1 -1 -1)
#(0 87 441 55 0 2 0 32 172931 -1 -1 -1 -1 -1 -1)
#(0 87 841 32 0 1 0 32 170658 -1 -1 -1 -1 -1 -1)
#(0 87 436 57 0 2 0 46 247153 -1 -1 -1 -1 -1 -1)
#(0 87 836 28 0 3 0 47 249593 -1 -1 -1 -1 -1 -1)
#(0 87 838 54 0 3 0 53 282650 -1 -1 -1 -1 -1 -1)
#(0 87 843 20 0 2 0 56 296714 -1 -1 -1 -1 -1 -1)
#(0 87 458 62 0 2 0 60 321409 -1 -1 -1 -1 -1 -1)
#(0 87 842 40 0 1 0 62 329418 -1 -1 -1 -1 -1 -1)
#(0 87 457 43 0 1 0 65 346106 -1 -1 -1 -1 -1 -1)
#(0 87 1238 23 0 0 0 77 406935 -1 -1 -1 -1 -1 -1)
#(0 87 447 44 0 2 1 94 498622 -1 -1 -1 -1 -1 -1)
#(0 87 820 21 0 2 1 92 489976 -1 -1 -1 -1 -1 -1)
#(0 87 1237 31 0 0 1 91 485255 -1 -1 -1 -1 -1 -1)
#(0 87 1235 28 0 0 1 88 469458 -1 -1 -1 -1 -1 -1)
#(0 87 459 63 0 2 1 88 465205 -1 -1 -1 -1 -1 -1)
#(0 87 840 25 0 3 1 67 357752 -1 -1 -1 -1 -1 -1)
#(0 87 449 61 0 2 1 66 349234 -1 -1 -1 -1 -1 -1)
#(0 87 1240 20 0 0 1 64 342885 -1 -1 -1 -1 -1 -1)
#(0 87 454 57 0 3 1 60 317840 -1 -1 -1 -1 -1 -1)
#(0 87 445 44 0 2 1 55 292652 -1 -1 -1 -1 -1 -1)
#(0 87 448 67 0 3 1 45 242875 -1 -1 -1 -1 -1 -1)
#(0 87 450 59 0 2 1 42 222542 -1 -1 -1 -1 -1 -1)
#(0 87 835 41 0 1 1 39 209040 -1 -1 -1 -1 -1 -1)
#(0 87 1239 27 0 0 1 28 152686 -1 -1 -1 -1 -1 -1)
#(0 88 847 28 0 2 0 1 6728 -1 -1 -1 -1 -1 -1)
#(0 88 1249 30 0 0 0 3 16331 -1 -1 -1 -1 -1 -1)
#(0 88 1243 28 0 0 0 5 26876 -1 -1 -1 -1 -1 -1)
#(0 88 857 22 0 2 0 11 59245 -1 -1 -1 -1 -1 -1)
#(0 88 1234 23 0 0 0 13 69022 -1 -1 -1 -1 -1 -1)
#(0 88 1250 25 0 0 0 14 74313 -1 -1 -1 -1 -1 -1)
#(0 88 1248 25 0 0 0 16 84877 -1 -1 -1 -1 -1 -1)
#(0 88 439 61 0 3 0 17 94170 -1 -1 -1 -1 -1 -1)
#(0 88 1242 28 0 0 0 19 100797 -1 -1 -1 -1 -1 -1)
#(0 88 851 21 0 2 0 19 101363 -1 -1 -1 -1 -1 -1)
#(0 88 837 29 0 2 0 23 122969 -1 -1 -1 -1 -1 -1)
#(0 88 464 51 0 3 0 26 140988 -1 -1 -1 -1 -1 -1)
#(0 88 1246 21 0 0 0 28 148185 -1 -1 -1 -1 -1 -1)
#(0 88 475 51 0 1 0 30 161979 -1 -1 -1 -1 -1 -1)
#(0 88 854 31 0 2 0 30 160030 -1 -1 -1 -1 -1 -1)
#(0 88 1247 22 0 0 0 37 195728 -1 -1 -1 -1 -1 -1)
#(0 88 1241 28 0 0 0 45 238079 -1 -1 -1 -1 -1 -1)
#(0 88 463 59 0 2 0 57 305503 -1 -1 -1 -1 -1 -1)
#(0 88 845 38 0 1 0 59 313464 -1 -1 -1 -1 -1 -1)
#(0 88 472 54 0 3 0 71 378729 -1 -1 -1 -1 -1 -1)
#(0 88 471 75 0 2 0 81 428555 -1 -1 -1 -1 -1 -1)
#(0 88 460 53 0 2 1 99 524210 -1 -1 -1 -1 -1 -1)
#(0 88 462 51 0 2 1 98 519138 -1 -1 -1 -1 -1 -1)
#(0 88 853 34 0 2 1 97 515703 -1 -1 -1 -1 -1 -1)
#(0 88 468 67 0 2 1 96 507010 -1 -1 -1 -1 -1 -1)
#(0 88 467 52 0 2 1 87 461075 -1 -1 -1 -1 -1 -1)
#(0 88 474 51 0 2 1 86 455987 -1 -1 -1 -1 -1 -1)
#(0 88 465 57 0 1 1 80 423319 -1 -1 -1 -1 -1 -1)
#(0 88 1245 34 0 0 1 77 411271 -1 -1 -1 -1 -1 -1)
#(0 88 850 32 0 2 1 77 410226 -1 -1 -1 -1 -1 -1)
#(0 88 844 20 0 3 1 73 389708 -1 -1 -1 -1 -1 -1)
#(0 88 839 25 0 2 1 68 363082 -1 -1 -1 -1 -1 -1)
#(0 88 848 31 0 1 1 57 304616 -1 -1 -1 -1 -1 -1)
#(0 88 469 48 0 2 1 56 297711 -1 -1 -1 -1 -1 -1)
#(0 88 461 52 0 2 1 55 292443 -1 -1 -1 -1 -1 -1)
#(0 88 849 42 0 1 1 55 293467 -1 -1 -1 -1 -1 -1)
#(0 88 453 64 0 1 1 46 243161 -1 -1 -1 -1 -1 -1)
#(0 88 466 57 0 2 1 39 206887 -1 -1 -1 -1 -1 -1)
#(0 88 1244 27 0 0 1 38 205469 -1 -1 -1 -1 -1 -1)
#(0 88 473 70 0 2 1 28 147948 -1 -1 -1 -1 -1 -1)
#(0 88 852 46 0 2 1 27 145452 -1 -1 -1 -1 -1 -1)
#(0 88 856 34 0 1 1 14 77401 -1 -1 -1 -1 -1 -1)
#(0 89 870 25 0 2 0 1 6608 -1 -1 -1 -1 -1 -1)
#(0 89 1261 34 0 0 0 2 11130 -1 -1 -1 -1 -1 -1)
#(0 89 1257 23 0 0 0 6 32070 -1 -1 -1 -1 -1 -1)
#(0 89 1253 25 0 0 0 9 47941 -1 -1 -1 -1 -1 -1)
#(0 89 864 30 0 2 0 10 54382 -1 -1 -1 -1 -1 -1)
#(0 89 486 55 0 2 0 11 62064 -1 -1 -1 -1 -1 -1)
#(0 89 1267 28 0 0 0 12 63813 -1 -1 -1 -1 -1 -1)
#(0 89 1262 20 0 0 0 13 68952 -1 -1 -1 -1 -1 -1)
#(0 89 491 63 0 2 0 15 83639 -1 -1 -1 -1 -1 -1)
#(0 89 1251 28 0 0 0 19 100784 -1 -1 -1 -1 -1 -1)
#(0 89 488 64 0 3 0 19 105112 -1 -1 -1 -1 -1 -1)
#(0 89 479 74 0 1 0 24 131779 -1 -1 -1 -1 -1 -1)
#(0 89 1263 28 0 0 0 30 158869 -1 -1 -1 -1 -1 -1)
#(0 89 1265 23 0 0 0 32 169330 -1 -1 -1 -1 -1 -1)
#(0 89 867 32 0 1 0 32 170706 -1 -1 -1 -1 -1 -1)
#(0 89 478 64 0 1 0 35 189631 -1 -1 -1 -1 -1 -1)
#(0 89 1256 20 0 0 0 38 200972 -1 -1 -1 -1 -1 -1)
#(0 89 868 27 0 2 0 39 207329 -1 -1 -1 -1 -1 -1)
#(0 89 871 55 0 3 0 40 214011 -1 -1 -1 -1 -1 -1)
#(0 89 869 40 0 3 0 44 234397 -1 -1 -1 -1 -1 -1)
#(0 89 487 64 0 2 0 44 237205 -1 -1 -1 -1 -1 -1)
#(0 89 484 44 0 1 0 47 251136 -1 -1 -1 -1 -1 -1)
#(0 89 846 27 0 2 0 47 249478 -1 -1 -1 -1 -1 -1)
#(0 89 858 39 0 1 0 51 271301 -1 -1 -1 -1 -1 -1)
#(0 89 493 64 0 2 0 51 274255 -1 -1 -1 -1 -1 -1)
#(0 89 860 45 0 1 0 66 350847 -1 -1 -1 -1 -1 -1)
#(0 89 1255 23 0 0 0 81 428070 -1 -1 -1 -1 -1 -1)
#(0 89 481 66 0 2 1 97 512311 -1 -1 -1 -1 -1 -1)
#(0 89 1254 20 0 0 1 94 501268 -1 -1 -1 -1 -1 -1)
#(0 89 451 57 0 3 1 94 498049 -1 -1 -1 -1 -1 -1)
#(0 89 855 20 0 2 1 92 489981 -1 -1 -1 -1 -1 -1)
#(0 89 476 58 0 2 1 92 486636 -1 -1 -1 -1 -1 -1)
#(0 89 1264 22 0 0 1 90 480124 -1 -1 -1 -1 -1 -1)
#(0 89 1260 27 0 0 1 87 464194 -1 -1 -1 -1 -1 -1)
#(4 89 1260 -1 0 -1 -1 -1 -1 26 0 0 0 0 -1)
#(0 89 1252 21 0 0 1 84 448452 -1 -1 -1 -1 -1 -1)
#(0 89 477 51 0 2 1 83 439854 -1 -1 -1 -1 -1 -1)
#(0 89 490 44 0 2 1 79 419465 -1 -1 -1 -1 -1 -1)
#(0 89 1266 20 0 0 1 77 411519 -1 -1 -1 -1 -1 -1)
#(0 89 492 50 0 3 1 75 397770 -1 -1 -1 -1 -1 -1)
#(0 89 874 27 0 2 1 75 399909 -1 -1 -1 -1 -1 -1)
#(0 89 1258 28 0 0 1 70 374411 -1 -1 -1 -1 -1 -1)
#(0 89 485 51 0 1 1 67 355410 -1 -1 -1 -1 -1 -1)
#(0 89 859 25 0 2 1 67 357728 -1 -1 -1 -1 -1 -1)
#(0 89 1259 25 0 0 1 66 353348 -1 -1 -1 -1 -1 -1)
#(0 89 861 25 0 2 1 64 341799 -1 -1 -1 -1 -1 -1)
#(0 89 863 33 0 1 1 60 320325 -1 -1 -1 -1 -1 -1)
#(0 89 482 66 0 2 1 54 285619 -1 -1 -1 -1 -1 -1)
#(0 89 873 37 0 1 1 53 283206 -1 -1 -1 -1 -1 -1)
#(0 89 862 44 0 2 1 46 245851 -1 -1 -1 -1 -1 -1)
#(0 89 480 59 0 1 1 44 233306 -1 -1 -1 -1 -1 -1)
#(0 89 489 59 0 2 1 42 222790 -1 -1 -1 -1 -1 -1)
#(0 90 1269 23 0 0 0 2 10938 -1 -1 -1 -1 -1 -1)
#(0 90 502 59 0 3 0 2 14872 -1 -1 -1 -1 -1 -1)
#(0 90 103 59 0 1 0 4 22956 -1 -1 -1 -1 -1 -1)
#(0 90 503 69 0 2 0 4 25765 -1 -1 -1 -1 -1 -1)
#(0 90 102 57 0 2 0 6 33224 -1 -1 -1 -1 -1 -1)
#(0 90 107 57 0 1 0 8 43751 -1 -1 -1 -1 -1 -1)
#(0 90 498 52 0 1 0 10 57078 -1 -1 -1 -1 -1 -1)
#(0 90 105 52 0 1 0 10 54968 -1 -1 -1 -1 -1 -1)
#(0 90 111 58 0 2 0 13 70227 -1 -1 -1 -1 -1 -1)
#(0 90 1277 25 0 0 0 16 84887 -1 -1 -1 -1 -1 -1)
#(0 90 452 59 0 2 0 17 94021 -1 -1 -1 -1 -1 -1)
#(0 90 505 53 0 1 0 21 115446 -1 -1 -1 -1 -1 -1)
#(0 90 1278 25 0 0 0 23 121842 -1 -1 -1 -1 -1 -1)
#(0 90 113 51 0 2 0 24 127325 -1 -1 -1 -1 -1 -1)
#(0 90 483 59 0 3 0 24 130995 -1 -1 -1 -1 -1 -1)
#(0 90 496 66 0 3 0 26 137312 -1 -1 -1 -1 -1 -1)
#(0 90 495 65 0 1 0 27 147126 -1 -1 -1 -1 -1 -1)
#(0 90 1274 28 0 0 0 30 158854 -1 -1 -1 -1 -1 -1)
#(0 90 876 28 0 1 0 30 159922 -1 -1 -1 -1 -1 -1)
#(0 90 112 51 0 2 0 32 169555 -1 -1 -1 -1 -1 -1)
#(0 90 1270 30 0 0 0 39 206429 -1 -1 -1 -1 -1 -1)
#(0 90 878 35 0 3 0 42 223542 -1 -1 -1 -1 -1 -1)
#(0 90 108 51 0 2 0 45 238217 -1 -1 -1 -1 -1 -1)
#(0 90 879 28 0 2 0 48 254863 -1 -1 -1 -1 -1 -1)
#(0 90 110 44 0 1 0 50 268910 -1 -1 -1 -1 -1 -1)
#(0 90 1275 23 0 0 0 53 280222 -1 -1 -1 -1 -1 -1)
#(0 90 506 59 0 1 0 60 321211 -1 -1 -1 -1 -1 -1)
#(0 90 1282 30 0 0 0 64 338410 -1 -1 -1 -1 -1 -1)
#(0 90 494 44 0 1 1 99 524986 -1 -1 -1 -1 -1 -1)
#(0 90 1268 34 0 0 1 96 511567 -1 -1 -1 -1 -1 -1)
#(0 90 106 59 0 2 1 96 510351 -1 -1 -1 -1 -1 -1)
#(0 90 470 48 0 1 1 94 498416 -1 -1 -1 -1 -1 -1)
#(0 90 880 42 0 1 1 93 494057 -1 -1 -1 -1 -1 -1)
#(0 90 872 21 0 3 1 92 489977 -1 -1 -1 -1 -1 -1)
#(0 90 1279 24 0 0 1 87 464253 -1 -1 -1 -1 -1 -1)
#(0 90 499 59 0 2 1 84 444341 -1 -1 -1 -1 -1 -1)
#(0 90 1273 32 0 0 1 83 442976 -1 -1 -1 -1 -1 -1)
#(0 90 1280 29 0 0 1 80 427204 -1 -1 -1 -1 -1 -1)
#(0 90 501 67 0 3 1 76 401737 -1 -1 -1 -1 -1 -1)
#(0 90 866 21 0 3 1 73 389651 -1 -1 -1 -1 -1 -1)
#(0 90 101 70 0 2 1 72 382158 -1 -1 -1 -1 -1 -1)
#(0 90 877 41 0 1 1 70 372771 -1 -1 -1 -1 -1 -1)
#(0 90 865 24 0 2 1 67 357758 -1 -1 -1 -1 -1 -1)
#(0 90 1276 25 0 0 1 66 353359 -1 -1 -1 -1 -1 -1)
#(0 90 104 75 0 2 1 60 317878 -1 -1 -1 -1 -1 -1)
#(0 90 497 59 0 2 1 57 301659 -1 -1 -1 -1 -1 -1)
#(0 90 1281 28 0 0 1 56 300502 -1 -1 -1 -1 -1 -1)
#(0 90 109 57 0 1 1 49 262468 -1 -1 -1 -1 -1 -1)
#(0 90 114 57 0 2 1 43 230808 -1 -1 -1 -1 -1 -1)
#(0 90 1271 23 0 0 1 18 99929 -1 -1 -1 -1 -1 -1)
#(0 91 1284 23 0 0 0 3 16217 -1 -1 -1 -1 -1 -1)
#(0 91 884 38 0 2 0 5 28401 -1 -1 -1 -1 -1 -1)
#(0 91 887 26 0 2 0 6 33016 -1 -1 -1 -1 -1 -1)
#(0 91 1291 20 0 0 0 7 37278 -1 -1 -1 -1 -1 -1)
#(0 91 891 26 0 2 0 7 38307 -1 -1 -1 -1 -1 -1)
#(0 91 122 57 0 1 0 17 91275 -1 -1 -1 -1 -1 -1)
#(0 91 1288 27 0 0 0 19 100759 -1 -1 -1 -1 -1 -1)
#(0 91 516 66 0 2 0 19 105047 -1 -1 -1 -1 -1 -1)
#(0 91 500 54 0 2 0 25 135883 -1 -1 -1 -1 -1 -1)
#(0 91 1289 26 0 0 0 26 137702 -1 -1 -1 -1 -1 -1)
#(0 91 121 69 0 3 0 26 140595 -1 -1 -1 -1 -1 -1)
#(0 91 514 51 0 2 0 29 156753 -1 -1 -1 -1 -1 -1)
#(0 91 888 49 0 1 0 31 166249 -1 -1 -1 -1 -1 -1)
#(0 91 120 44 0 3 0 32 173863 -1 -1 -1 -1 -1 -1)
#(0 91 507 70 0 2 0 35 190013 -1 -1 -1 -1 -1 -1)
#(0 91 123 44 0 2 0 38 205491 -1 -1 -1 -1 -1 -1)
#(0 91 889 46 0 2 0 40 213644 -1 -1 -1 -1 -1 -1)
#(0 91 883 28 0 2 0 41 217958 -1 -1 -1 -1 -1 -1)
#(0 91 511 57 0 3 0 54 289280 -1 -1 -1 -1 -1 -1)
#(0 91 892 29 0 2 0 57 302503 -1 -1 -1 -1 -1 -1)
#(0 91 1287 27 0 0 0 59 311972 -1 -1 -1 -1 -1 -1)
#(0 91 117 59 0 2 0 61 323905 -1 -1 -1 -1 -1 -1)
#(0 91 515 44 0 2 0 63 335607 -1 -1 -1 -1 -1 -1)
#(0 91 882 47 0 1 0 84 445964 -1 -1 -1 -1 -1 -1)
#(0 91 881 38 0 1 1 99 526049 -1 -1 -1 -1 -1 -1)
#(0 91 885 32 0 2 1 97 515756 -1 -1 -1 -1 -1 -1)
#(0 91 115 55 0 2 1 93 495108 -1 -1 -1 -1 -1 -1)
#(0 91 893 40 0 2 1 90 478398 -1 -1 -1 -1 -1 -1)
#(0 91 513 64 0 2 1 89 470587 -1 -1 -1 -1 -1 -1)
#(0 91 508 72 0 3 1 87 464540 -1 -1 -1 -1 -1 -1)
#(0 91 504 56 0 2 1 83 439729 -1 -1 -1 -1 -1 -1)
#(0 91 118 57 0 2 1 80 425549 -1 -1 -1 -1 -1 -1)
#(0 91 1286 20 0 0 1 77 411515 -1 -1 -1 -1 -1 -1)
#(0 91 875 19 0 0 1 73 389756 -1 -1 -1 -1 -1 -1)
#(0 91 512 58 0 3 1 73 386269 -1 -1 -1 -1 -1 -1)
#(0 91 509 64 0 1 1 64 338140 -1 -1 -1 -1 -1 -1)
#(2 91 509 -1 -1 -1 -1 -1 -1 27 -1 -1 -1 -1 -1)
#(0 91 1285 27 0 0 1 55 295237 -1 -1 -1 -1 -1 -1)
#(0 91 890 29 0 2 1 51 273040 -1 -1 -1 -1 -1 -1)
#(0 91 1283 25 0 0 1 47 253028 -1 -1 -1 -1 -1 -1)
#(0 91 119 44 0 1 1 40 211577 -1 -1 -1 -1 -1 -1)
#(0 91 1290 28 0 0 1 34 184354 -1 -1 -1 -1 -1 -1)
#(0 91 886 33 0 2 1 14 77533 -1 -1 -1 -1 -1 -1)
#(0 92 903 20 0 2 0 0 1044 -1 -1 -1 -1 -1 -1)
#(0 92 1272 19 0 0 0 2 10878 -1 -1 -1 -1 -1 -1)
#(0 92 133 67 0 3 0 2 13482 -1 -1 -1 -1 -1 -1)
#(0 92 529 71 0 3 0 3 15873 -1 -1 -1 -1 -1 -1)
#(0 92 1301 32 0 0 0 4 21642 -1 -1 -1 -1 -1 -1)
#(0 92 531 47 0 1 0 4 24883 -1 -1 -1 -1 -1 -1)
#(0 92 896 41 0 1 0 9 49667 -1 -1 -1 -1 -1 -1)
#(0 92 510 61 0 2 0 10 57429 -1 -1 -1 -1 -1 -1)
#(0 92 124 69 0 1 0 11 61453 -1 -1 -1 -1 -1 -1)
#(0 92 129 59 0 1 0 15 81109 -1 -1 -1 -1 -1 -1)
#(0 92 132 70 0 2 0 16 87823 -1 -1 -1 -1 -1 -1)
#(0 92 130 45 0 2 0 21 112550 -1 -1 -1 -1 -1 -1)
#(0 92 532 63 0 1 0 24 131180 -1 -1 -1 -1 -1 -1)
#(0 92 135 67 0 2 0 25 134922 -1 -1 -1 -1 -1 -1)
#(0 92 904 33 0 3 0 26 139001 -1 -1 -1 -1 -1 -1)
#(0 92 525 55 0 2 0 28 151519 -1 -1 -1 -1 -1 -1)
#(0 92 521 51 0 3 0 30 162037 -1 -1 -1 -1 -1 -1)
#(0 92 1294 30 0 0 0 35 185302 -1 -1 -1 -1 -1 -1)
#(0 92 1303 30 0 0 0 36 190571 -1 -1 -1 -1 -1 -1)
#(0 92 894 36 0 1 0 36 191939 -1 -1 -1 -1 -1 -1)
#(0 92 895 44 0 1 0 37 197658 -1 -1 -1 -1 -1 -1)
#(0 92 908 27 0 2 0 41 217856 -1 -1 -1 -1 -1 -1)
#(0 92 526 67 0 2 0 41 221749 -1 -1 -1 -1 -1 -1)
#(0 92 1300 25 0 0 0 42 222162 -1 -1 -1 -1 -1 -1)
#(0 92 907 28 0 2 0 47 249599 -1 -1 -1 -1 -1 -1)
#(0 92 530 48 0 2 0 48 256627 -1 -1 -1 -1 -1 -1)
#(0 92 901 26 0 2 0 49 260095 -1 -1 -1 -1 -1 -1)
#(0 92 520 51 0 1 0 53 283508 -1 -1 -1 -1 -1 -1)
#(0 92 127 65 0 1 0 53 282780 -1 -1 -1 -1 -1 -1)
#(0 92 1297 30 0 0 0 60 317304 -1 -1 -1 -1 -1 -1)
#(0 92 906 20 0 3 0 67 354793 -1 -1 -1 -1 -1 -1)
#(0 92 1292 25 0 0 0 70 370017 -1 -1 -1 -1 -1 -1)
#(0 92 523 52 0 3 1 99 524593 -1 -1 -1 -1 -1 -1)
#(0 92 1295 29 0 0 1 97 516954 -1 -1 -1 -1 -1 -1)
#(0 92 517 61 0 2 1 94 497787 -1 -1 -1 -1 -1 -1)
#(0 92 900 23 0 2 1 94 500405 -1 -1 -1 -1 -1 -1)
#(0 92 897 29 0 2 1 91 484226 -1 -1 -1 -1 -1 -1)
#(0 92 524 59 0 1 1 88 465402 -1 -1 -1 -1 -1 -1)
#(0 92 1296 24 0 0 1 84 448406 -1 -1 -1 -1 -1 -1)
#(0 92 905 35 0 2 1 83 441714 -1 -1 -1 -1 -1 -1)
#(0 92 898 32 0 2 1 81 431237 -1 -1 -1 -1 -1 -1)
#(0 92 527 62 0 2 1 78 412390 -1 -1 -1 -1 -1 -1)
#(0 92 902 28 0 2 1 77 410412 -1 -1 -1 -1 -1 -1)
#(0 92 1302 25 0 0 1 76 406159 -1 -1 -1 -1 -1 -1)
#(0 92 125 55 0 3 1 76 405364 -1 -1 -1 -1 -1 -1)
#(0 92 126 68 0 2 1 71 376396 -1 -1 -1 -1 -1 -1)
#(0 92 1298 29 0 0 1 59 316317 -1 -1 -1 -1 -1 -1)
#(0 92 128 68 0 2 1 54 286691 -1 -1 -1 -1 -1 -1)
#(0 92 131 44 0 3 1 54 285454 -1 -1 -1 -1 -1 -1)
#(0 92 518 57 0 2 1 52 275527 -1 -1 -1 -1 -1 -1)
#(0 92 1299 28 0 0 1 49 263535 -1 -1 -1 -1 -1 -1)
#(0 92 522 44 0 2 1 49 261022 -1 -1 -1 -1 -1 -1)
#(0 92 899 21 0 3 1 48 257668 -1 -1 -1 -1 -1 -1)
#(0 92 134 70 0 3 1 46 244807 -1 -1 -1 -1 -1 -1)
#(0 92 1293 27 0 0 1 38 205462 -1 -1 -1 -1 -1 -1)
#(0 92 519 51 0 2 1 33 175937 -1 -1 -1 -1 -1 -1)
#(0 92 909 31 0 1 1 13 72274 -1 -1 -1 -1 -1 -1)
#(0 93 537 56 0 3 0 0 4270 -1 -1 -1 -1 -1 -1)
#(0 93 919 32 0 2 0 3 17465 -1 -1 -1 -1 -1 -1)
#(0 93 534 49 0 3 0 4 24957 -1 -1 -1 -1 -1 -1)
#(0 93 141 53 0 1 0 6 32758 -1 -1 -1 -1 -1 -1)
#(0 93 912 20 0 3 0 7 38004 -1 -1 -1 -1 -1 -1)
#(0 93 539 59 0 3 0 7 41394 -1 -1 -1 -1 -1 -1)
#(0 93 1307 32 0 0 0 8 42776 -1 -1 -1 -1 -1 -1)
#(0 93 147 51 0 2 0 8 42724 -1 -1 -1 -1 -1 -1)
#(0 93 535 64 0 3 0 9 52488 -1 -1 -1 -1 -1 -1)
#(0 93 915 44 0 3 0 13 70933 -1 -1 -1 -1 -1 -1)
#(0 93 151 64 0 2 0 13 70850 -1 -1 -1 -1 -1 -1)
#(0 93 538 61 0 3 0 14 77967 -1 -1 -1 -1 -1 -1)
#(0 93 1308 27 0 0 0 15 79652 -1 -1 -1 -1 -1 -1)
#(0 93 911 36 0 1 0 16 86516 -1 -1 -1 -1 -1 -1)
#(0 93 143 70 0 2 0 17 91943 -1 -1 -1 -1 -1 -1)
#(0 93 154 62 0 2 0 21 112899 -1 -1 -1 -1 -1 -1)
#(0 93 920 33 0 3 0 23 123214 -1 -1 -1 -1 -1 -1)
#(0 93 528 47 0 3 0 28 151186 -1 -1 -1 -1 -1 -1)
#(0 93 138 67 0 1 0 29 156030 -1 -1 -1 -1 -1 -1)
#(4 93 138 -1 0 -1 -1 -1 -1 28 0 0 0 0 -1)
#(0 93 917 35 0 3 0 34 181345 -1 -1 -1 -1 -1 -1)
#(0 93 547 54 0 2 0 37 199165 -1 -1 -1 -1 -1 -1)
#(0 93 144 51 0 3 0 42 223563 -1 -1 -1 -1 -1 -1)
#(0 93 137 67 0 1 0 46 246658 -1 -1 -1 -1 -1 -1)
#(0 93 916 54 0 1 0 46 245655 -1 -1 -1 -1 -1 -1)
#(0 93 136 74 0 3 0 51 270800 -1 -1 -1 -1 -1 -1)
#(0 93 913 40 0 3 0 53 281920 -1 -1 -1 -1 -1 -1)
#(0 93 142 64 0 1 0 54 287689 -1 -1 -1 -1 -1 -1)
#(0 93 148 51 0 3 0 60 317367 -1 -1 -1 -1 -1 -1)
#(0 93 1311 28 0 0 0 75 396458 -1 -1 -1 -1 -1 -1)
#(0 93 1314 23 0 0 1 98 522355 -1 -1 -1 -1 -1 -1)
#(0 93 1309 23 0 0 1 93 495935 -1 -1 -1 -1 -1 -1)
#(0 93 152 64 0 2 1 89 472747 -1 -1 -1 -1 -1 -1)
#(0 93 914 45 0 3 1 89 472819 -1 -1 -1 -1 -1 -1)
#(0 93 146 67 0 1 1 85 451148 -1 -1 -1 -1 -1 -1)
#(0 93 1313 20 0 0 1 83 443205 -1 -1 -1 -1 -1 -1)
#(0 93 145 55 0 2 1 83 442476 -1 -1 -1 -1 -1 -1)
#(0 93 540 60 0 2 1 80 423103 -1 -1 -1 -1 -1 -1)
#(0 93 149 59 0 2 1 78 415351 -1 -1 -1 -1 -1 -1)
#(0 93 1304 17 0 0 1 77 411560 -1 -1 -1 -1 -1 -1)
#(0 93 1305 23 0 0 1 71 379765 -1 -1 -1 -1 -1 -1)
#(0 93 543 53 0 2 1 67 355297 -1 -1 -1 -1 -1 -1)
#(0 93 918 34 0 2 1 62 330849 -1 -1 -1 -1 -1 -1)
#(0 93 536 43 0 1 1 59 313870 -1 -1 -1 -1 -1 -1)
#(0 93 1306 20 0 0 1 57 305914 -1 -1 -1 -1 -1 -1)
#(0 93 1310 25 0 0 1 55 295271 -1 -1 -1 -1 -1 -1)
#(0 93 1312 30 0 0 1 54 289901 -1 -1 -1 -1 -1 -1)
#(0 93 541 59 0 2 1 54 285972 -1 -1 -1 -1 -1 -1)
#(0 93 546 59 0 1 1 51 270155 -1 -1 -1 -1 -1 -1)
#(0 93 139 55 0 1 1 43 231785 -1 -1 -1 -1 -1 -1)
#(0 93 921 26 0 2 1 36 194048 -1 -1 -1 -1 -1 -1)
#(0 93 140 59 0 1 1 24 130118 -1 -1 -1 -1 -1 -1)
#(0 93 544 51 0 1 1 18 96639 -1 -1 -1 -1 -1 -1)
#(0 94 545 56 0 3 0 0 4147 -1 -1 -1 -1 -1 -1)
#(0 94 910 21 0 2 0 0 1058 -1 -1 -1 -1 -1 -1)
#(0 94 555 44 0 2 0 2 13500 -1 -1 -1 -1 -1 -1)
#(0 94 160 44 0 1 0 3 20801 -1 -1 -1 -1 -1 -1)
#(0 94 553 66 0 2 0 6 36772 -1 -1 -1 -1 -1 -1)
#(0 94 542 66 0 2 0 9 52490 -1 -1 -1 -1 -1 -1)
#(0 94 161 44 0 3 0 10 57732 -1 -1 -1 -1 -1 -1)
#(0 94 554 43 0 1 0 11 60972 -1 -1 -1 -1 -1 -1)
#(0 94 1321 24 0 0 0 13 69044 -1 -1 -1 -1 -1 -1)
#(0 94 556 56 0 2 0 13 72404 -1 -1 -1 -1 -1 -1)
#(0 94 1322 26 0 0 0 14 74361 -1 -1 -1 -1 -1 -1)
#(0 94 923 34 0 1 0 15 80953 -1 -1 -1 -1 -1 -1)
#(0 94 1320 26 0 0 0 16 84914 -1 -1 -1 -1 -1 -1)
#(0 94 153 69 0 2 0 16 87479 -1 -1 -1 -1 -1 -1)
#(0 94 158 51 0 2 0 18 95634 -1 -1 -1 -1 -1 -1)
#(0 94 162 59 0 2 0 19 101946 -1 -1 -1 -1 -1 -1)
#(0 94 549 74 0 2 0 19 105567 -1 -1 -1 -1 -1 -1)
#(0 94 922 26 0 2 0 20 106977 -1 -1 -1 -1 -1 -1)
#(0 94 561 59 0 2 0 20 110130 -1 -1 -1 -1 -1 -1)
#(0 94 933 45 0 1 0 22 118472 -1 -1 -1 -1 -1 -1)
#(0 94 1316 29 0 0 0 24 127223 -1 -1 -1 -1 -1 -1)
#(0 94 557 65 0 2 0 25 136432 -1 -1 -1 -1 -1 -1)
#(0 94 1323 27 0 0 0 26 137728 -1 -1 -1 -1 -1 -1)
#(0 94 1331 24 0 0 0 27 142950 -1 -1 -1 -1 -1 -1)
#(0 94 150 70 0 1 0 29 156328 -1 -1 -1 -1 -1 -1)
#(0 94 1317 20 0 0 0 30 158739 -1 -1 -1 -1 -1 -1)
#(0 94 932 29 0 2 0 39 207452 -1 -1 -1 -1 -1 -1)
#(0 94 924 43 0 1 0 45 239837 -1 -1 -1 -1 -1 -1)
#(0 94 533 47 0 2 0 48 256605 -1 -1 -1 -1 -1 -1)
#(0 94 1319 26 0 0 0 50 264439 -1 -1 -1 -1 -1 -1)
#(0 94 157 51 0 2 0 52 275260 -1 -1 -1 -1 -1 -1)
#(0 94 929 21 0 2 0 56 296907 -1 -1 -1 -1 -1 -1)
#(0 94 167 44 0 1 0 59 316316 -1 -1 -1 -1 -1 -1)
#(0 94 1326 20 0 0 0 62 327678 -1 -1 -1 -1 -1 -1)
#(0 94 926 28 0 2 0 71 376379 -1 -1 -1 -1 -1 -1)
#(0 94 165 44 0 1 1 99 523092 -1 -1 -1 -1 -1 -1)
#(0 94 558 51 0 2 1 98 518842 -1 -1 -1 -1 -1 -1)
#(0 94 934 29 0 2 1 96 510680 -1 -1 -1 -1 -1 -1)
#(0 94 1324 21 0 0 1 94 501262 -1 -1 -1 -1 -1 -1)
#(0 94 550 47 0 2 1 94 498436 -1 -1 -1 -1 -1 -1)
#(0 94 925 20 0 2 1 94 500553 -1 -1 -1 -1 -1 -1)
#(0 94 1328 20 0 0 1 91 485440 -1 -1 -1 -1 -1 -1)
#(0 94 931 30 0 2 1 91 484160 -1 -1 -1 -1 -1 -1)
#(0 94 166 54 0 2 1 91 484593 -1 -1 -1 -1 -1 -1)
#(0 94 170 51 0 2 1 86 458817 -1 -1 -1 -1 -1 -1)
#(0 94 159 68 0 1 1 85 451407 -1 -1 -1 -1 -1 -1)
#(0 94 1318 30 0 0 1 79 421882 -1 -1 -1 -1 -1 -1)
#(0 94 936 30 0 2 1 76 405022 -1 -1 -1 -1 -1 -1)
#(0 94 562 57 0 2 1 74 391692 -1 -1 -1 -1 -1 -1)
#(0 94 928 18 0 0 1 73 389790 -1 -1 -1 -1 -1 -1)
#(0 94 551 59 0 2 1 71 375653 -1 -1 -1 -1 -1 -1)
#(0 94 1329 25 0 0 1 70 374479 -1 -1 -1 -1 -1 -1)
#(0 94 559 62 0 2 1 70 370138 -1 -1 -1 -1 -1 -1)
#(0 94 930 33 0 2 1 65 346756 -1 -1 -1 -1 -1 -1)
#(0 94 156 55 0 1 1 64 342110 -1 -1 -1 -1 -1 -1)
#(0 94 1325 27 0 0 1 59 316366 -1 -1 -1 -1 -1 -1)
#(0 94 168 64 0 3 1 49 262075 -1 -1 -1 -1 -1 -1)
#(0 94 927 26 0 2 1 47 252084 -1 -1 -1 -1 -1 -1)
#(0 94 935 34 0 2 1 44 235866 -1 -1 -1 -1 -1 -1)
#(0 94 548 67 0 2 1 30 163673 -1 -1 -1 -1 -1 -1)
#(0 94 164 64 0 2 1 27 145297 -1 -1 -1 -1 -1 -1)
#(0 94 937 47 0 2 1 26 140125 -1 -1 -1 -1 -1 -1)
#(0 94 1330 32 0 0 1 22 120926 -1 -1 -1 -1 -1 -1)
#(0 95 941 36 0 1 0 2 12459 -1 -1 -1 -1 -1 -1)
#(0 95 572 59 0 2 0 3 20539 -1 -1 -1 -1 -1 -1)
#(0 95 169 55 0 1 0 4 21479 -1 -1 -1 -1 -1 -1)
#(0 95 569 50 0 2 0 5 29910 -1 -1 -1 -1 -1 -1)
#(0 95 575 63 0 1 0 6 36320 -1 -1 -1 -1 -1 -1)
#(0 95 948 27 0 2 0 11 59645 -1 -1 -1 -1 -1 -1)
#(0 95 567 54 0 3 0 12 67551 -1 -1 -1 -1 -1 -1)
#(0 95 946 44 0 3 0 12 65651 -1 -1 -1 -1 -1 -1)
#(0 95 1327 26 0 0 0 14 74351 -1 -1 -1 -1 -1 -1)
#(0 95 176 75 0 3 0 18 97335 -1 -1 -1 -1 -1 -1)
#(0 95 950 28 0 3 0 18 96635 -1 -1 -1 -1 -1 -1)
#(0 95 566 59 0 2 0 19 104685 -1 -1 -1 -1 -1 -1)
#(0 95 1341 28 0 0 0 22 116618 -1 -1 -1 -1 -1 -1)
#(0 95 949 29 0 2 0 23 122981 -1 -1 -1 -1 -1 -1)
#(0 95 1340 25 0 0 0 28 148246 -1 -1 -1 -1 -1 -1)
#(0 95 171 59 0 3 0 37 197255 -1 -1 -1 -1 -1 -1)
#(0 95 954 32 0 2 0 40 212825 -1 -1 -1 -1 -1 -1)
#(0 95 576 57 0 3 0 44 236484 -1 -1 -1 -1 -1 -1)
#(0 95 1342 27 0 0 0 47 248593 -1 -1 -1 -1 -1 -1)
#(0 95 552 51 0 3 0 48 256815 -1 -1 -1 -1 -1 -1)
#(0 95 1333 27 0 0 0 49 259173 -1 -1 -1 -1 -1 -1)
#(0 95 942 26 0 2 0 51 270634 -1 -1 -1 -1 -1 -1)
#(0 95 564 57 0 2 0 54 289320 -1 -1 -1 -1 -1 -1)
#(0 95 1334 30 0 0 0 56 296198 -1 -1 -1 -1 -1 -1)
#(0 95 940 35 0 3 0 61 323931 -1 -1 -1 -1 -1 -1)
#(0 95 1337 30 0 0 0 66 348999 -1 -1 -1 -1 -1 -1)
#(0 95 574 49 0 1 1 99 524751 -1 -1 -1 -1 -1 -1)
#(0 95 938 42 0 1 1 93 494073 -1 -1 -1 -1 -1 -1)
#(0 95 570 59 0 1 1 89 470853 -1 -1 -1 -1 -1 -1)
#(0 95 943 37 0 1 1 88 467915 -1 -1 -1 -1 -1 -1)
#(0 95 180 54 0 2 1 88 468863 -1 -1 -1 -1 -1 -1)
#(0 95 952 48 0 1 1 86 456827 -1 -1 -1 -1 -1 -1)
#(0 95 1339 26 0 0 1 85 453653 -1 -1 -1 -1 -1 -1)
#(0 95 155 64 0 2 1 83 441957 -1 -1 -1 -1 -1 -1)
#(0 95 944 21 0 3 1 83 442474 -1 -1 -1 -1 -1 -1)
#(0 95 1336 28 0 0 1 79 421936 -1 -1 -1 -1 -1 -1)
#(0 95 573 56 0 2 1 78 413042 -1 -1 -1 -1 -1 -1)
#(0 95 563 60 0 2 1 73 386164 -1 -1 -1 -1 -1 -1)
#(0 95 568 44 0 2 1 72 382492 -1 -1 -1 -1 -1 -1)
#(0 95 178 44 0 3 1 71 375329 -1 -1 -1 -1 -1 -1)
#(0 95 173 68 0 2 1 69 366185 -1 -1 -1 -1 -1 -1)
#(0 95 1338 25 0 0 1 68 363913 -1 -1 -1 -1 -1 -1)
#(0 95 945 28 0 2 1 64 341749 -1 -1 -1 -1 -1 -1)
#(0 95 565 57 0 2 1 64 338826 -1 -1 -1 -1 -1 -1)
#(0 95 571 59 0 3 1 58 307049 -1 -1 -1 -1 -1 -1)
#(0 95 1315 21 0 0 1 57 305889 -1 -1 -1 -1 -1 -1)
#(0 95 177 64 0 3 1 51 272003 -1 -1 -1 -1 -1 -1)
#(0 95 1335 27 0 0 1 49 263546 -1 -1 -1 -1 -1 -1)
#(0 95 939 27 0 2 1 46 246744 -1 -1 -1 -1 -1 -1)
#(0 95 951 21 0 2 1 38 204870 -1 -1 -1 -1 -1 -1)
#(0 95 172 51 0 2 1 27 147251 -1 -1 -1 -1 -1 -1)
#(0 96 187 58 0 2 0 2 12997 -1 -1 -1 -1 -1 -1)
#(0 96 577 59 0 2 0 3 20449 -1 -1 -1 -1 -1 -1)
#(0 96 182 68 0 2 0 5 29521 -1 -1 -1 -1 -1 -1)
#(0 96 1349 28 0 0 0 6 32150 -1 -1 -1 -1 -1 -1)
#(0 96 163 44 0 1 0 10 57581 -1 -1 -1 -1 -1 -1)
#(0 96 582 58 0 2 0 14 77841 -1 -1 -1 -1 -1 -1)
#(0 96 193 59 0 2 0 14 77088 -1 -1 -1 -1 -1 -1)
#(0 96 589 54 0 2 0 18 98917 -1 -1 -1 -1 -1 -1)
#(0 96 1345 20 0 0 0 20 105934 -1 -1 -1 -1 -1 -1)
#(0 96 190 65 0 2 0 24 128919 -1 -1 -1 -1 -1 -1)
#(0 96 958 34 0 2 0 24 128494 -1 -1 -1 -1 -1 -1)
#(0 96 580 55 0 1 0 27 146595 -1 -1 -1 -1 -1 -1)
#(0 96 957 28 0 2 0 27 144008 -1 -1 -1 -1 -1 -1)
#(0 96 584 59 0 2 0 31 168003 -1 -1 -1 -1 -1 -1)
#(0 96 1344 29 0 0 0 35 185285 -1 -1 -1 -1 -1 -1)
#(0 96 581 44 0 2 0 36 193040 -1 -1 -1 -1 -1 -1)
#(0 96 175 55 0 1 0 37 196502 -1 -1 -1 -1 -1 -1)
#(0 96 585 52 0 3 0 38 204870 -1 -1 -1 -1 -1 -1)
#(0 96 588 44 0 1 0 41 219428 -1 -1 -1 -1 -1 -1)
#(0 96 1351 25 0 0 0 54 285516 -1 -1 -1 -1 -1 -1)
#(0 96 959 36 0 2 0 73 387322 -1 -1 -1 -1 -1 -1)
#(0 96 1346 23 0 0 1 99 527611 -1 -1 -1 -1 -1 -1)
#(0 96 956 37 0 1 1 97 515462 -1 -1 -1 -1 -1 -1)
#(0 96 174 44 0 2 1 92 486155 -1 -1 -1 -1 -1 -1)
#(0 96 587 51 0 1 1 90 476852 -1 -1 -1 -1 -1 -1)
#(0 96 947 35 0 1 1 88 468068 -1 -1 -1 -1 -1 -1)
#(0 96 192 57 0 1 1 87 463204 -1 -1 -1 -1 -1 -1)
#(0 96 189 57 0 3 1 86 458458 -1 -1 -1 -1 -1 -1)
#(0 96 962 45 0 1 1 85 451772 -1 -1 -1 -1 -1 -1)
#(0 96 188 54 0 1 1 85 452838 -1 -1 -1 -1 -1 -1)
#(0 96 191 64 0 2 1 80 425218 -1 -1 -1 -1 -1 -1)
#(0 96 181 59 0 2 1 75 399387 -1 -1 -1 -1 -1 -1)
#(0 96 960 18 0 0 1 73 389776 -1 -1 -1 -1 -1 -1)
#(0 96 1332 26 0 0 1 70 374449 -1 -1 -1 -1 -1 -1)
#(0 96 560 51 0 2 1 70 371221 -1 -1 -1 -1 -1 -1)
#(4 96 560 -1 0 -1 -1 -1 -1 29 0 0 0 0 -1)
#(0 96 1352 20 0 0 1 66 353449 -1 -1 -1 -1 -1 -1)
#(0 96 579 61 0 2 1 64 338986 -1 -1 -1 -1 -1 -1)
#(0 96 1347 30 0 0 1 63 337401 -1 -1 -1 -1 -1 -1)
#(0 96 1348 28 0 0 1 58 311049 -1 -1 -1 -1 -1 -1)
#(0 96 183 70 0 3 1 57 302824 -1 -1 -1 -1 -1 -1)
#(0 96 184 62 0 2 1 51 272516 -1 -1 -1 -1 -1 -1)
#(0 96 1343 25 0 0 1 44 237180 -1 -1 -1 -1 -1 -1)
#(0 96 1350 29 0 0 1 23 126231 -1 -1 -1 -1 -1 -1)
#(0 96 186 75 0 3 1 20 106820 -1 -1 -1 -1 -1 -1)
#(0 97 601 62 0 2 0 4 25647 -1 -1 -1 -1 -1 -1)
#(0 97 194 55 0 2 0 6 32789 -1 -1 -1 -1 -1 -1)
#(0 97 973 27 0 2 0 9 48914 -1 -1 -1 -1 -1 -1)
#(0 97 592 44 0 2 0 10 55777 -1 -1 -1 -1 -1 -1)
#(0 97 179 62 0 1 0 11 58221 -1 -1 -1 -1 -1 -1)
#(0 97 971 38 0 3 0 14 75919 -1 -1 -1 -1 -1 -1)
#(0 97 1358 32 0 0 0 18 95584 -1 -1 -1 -1 -1 -1)
#(0 97 1353 26 0 0 0 19 100766 -1 -1 -1 -1 -1 -1)
#(0 97 1368 28 0 0 0 25 132458 -1 -1 -1 -1 -1 -1)
#(0 97 597 58 0 1 0 33 178683 -1 -1 -1 -1 -1 -1)
#(0 97 598 59 0 2 0 34 183934 -1 -1 -1 -1 -1 -1)
#(0 97 596 66 0 2 0 37 200105 -1 -1 -1 -1 -1 -1)
#(0 97 1366 32 0 0 0 45 238130 -1 -1 -1 -1 -1 -1)
#(0 97 196 55 0 3 0 45 238884 -1 -1 -1 -1 -1 -1)
#(0 97 593 59 0 2 0 46 247358 -1 -1 -1 -1 -1 -1)
#(0 97 1356 25 0 0 0 49 259159 -1 -1 -1 -1 -1 -1)
#(0 97 969 26 0 2 0 51 270639 -1 -1 -1 -1 -1 -1)
#(0 97 1363 20 0 0 0 56 296003 -1 -1 -1 -1 -1 -1)
#(0 97 974 37 0 1 0 59 313421 -1 -1 -1 -1 -1 -1)
#(0 97 966 53 0 1 0 80 425172 -1 -1 -1 -1 -1 -1)
#(0 97 1362 32 0 0 0 83 438768 -1 -1 -1 -1 -1 -1)
#(0 97 578 45 0 3 1 99 524884 -1 -1 -1 -1 -1 -1)
#(0 97 1367 26 0 0 1 98 522295 -1 -1 -1 -1 -1 -1)
#(0 97 963 36 0 2 1 98 520869 -1 -1 -1 -1 -1 -1)
#(0 97 198 58 0 3 1 95 504826 -1 -1 -1 -1 -1 -1)
#(0 97 968 25 0 2 1 92 489637 -1 -1 -1 -1 -1 -1)
#(0 97 591 45 0 1 1 91 482136 -1 -1 -1 -1 -1 -1)
#(0 97 1355 25 0 0 1 88 469496 -1 -1 -1 -1 -1 -1)
#(0 97 953 30 0 2 1 88 468364 -1 -1 -1 -1 -1 -1)
#(0 97 595 54 0 1 1 87 460548 -1 -1 -1 -1 -1 -1)
#(0 97 964 21 0 3 1 86 458310 -1 -1 -1 -1 -1 -1)
#(0 97 1364 25 0 0 1 85 453677 -1 -1 -1 -1 -1 -1)
#(0 97 590 62 0 1 1 84 443758 -1 -1 -1 -1 -1 -1)
#(0 97 970 35 0 1 1 82 436454 -1 -1 -1 -1 -1 -1)
#(0 97 1361 27 0 0 1 76 406112 -1 -1 -1 -1 -1 -1)
#(0 97 967 28 0 2 1 75 399846 -1 -1 -1 -1 -1 -1)
#(0 97 602 67 0 2 1 74 391155 -1 -1 -1 -1 -1 -1)
#(0 97 197 44 0 2 1 73 385784 -1 -1 -1 -1 -1 -1)
#(0 97 1354 25 0 0 1 68 363885 -1 -1 -1 -1 -1 -1)
#(0 97 600 75 0 2 1 67 358458 -1 -1 -1 -1 -1 -1)
#(0 97 972 20 0 2 1 66 352735 -1 -1 -1 -1 -1 -1)
#(0 97 961 33 0 2 1 64 341482 -1 -1 -1 -1 -1 -1)
#(0 97 195 51 0 2 1 61 326680 -1 -1 -1 -1 -1 -1)
#(0 97 975 34 0 2 1 59 315039 -1 -1 -1 -1 -1 -1)
#(0 97 200 67 0 1 1 53 283922 -1 -1 -1 -1 -1 -1)
#(0 97 1365 25 0 0 1 44 237181 -1 -1 -1 -1 -1 -1)
#(0 97 1359 28 0 0 1 40 216009 -1 -1 -1 -1 -1 -1)
#(0 97 594 74 0 2 1 40 216011 -1 -1 -1 -1 -1 -1)
#(0 97 1360 25 0 0 1 38 205508 -1 -1 -1 -1 -1 -1)
#(0 97 955 21 0 2 1 38 204817 -1 -1 -1 -1 -1 -1)
#(0 97 965 21 0 2 1 32 173184 -1 -1 -1 -1 -1 -1)
#(0 97 199 67 0 2 1 11 60374 -1 -1 -1 -1 -1 -1)
#(0 98 1380 32 0 0 0 0 521 -1 -1 -1 -1 -1 -1)
#(0 98 982 27 0 2 0 1 6690 -1 -1 -1 -1 -1 -1)
#(0 98 599 54 0 1 0 3 20140 -1 -1 -1 -1 -1 -1)
#(0 98 987 34 0 2 0 4 22937 -1 -1 -1 -1 -1 -1)
#(0 98 983 22 0 3 0 7 38115 -1 -1 -1 -1 -1 -1)
#(0 98 605 59 0 3 0 9 52041 -1 -1 -1 -1 -1 -1)
#(0 98 980 33 0 3 0 10 54496 -1 -1 -1 -1 -1 -1)
#(0 98 1382 26 0 0 0 17 90182 -1 -1 -1 -1 -1 -1)
#(0 98 1377 29 0 0 0 18 95529 -1 -1 -1 -1 -1 -1)
#(0 98 1370 26 0 0 0 19 100752 -1 -1 -1 -1 -1 -1)
#(0 98 1371 26 0 0 0 26 137726 -1 -1 -1 -1 -1 -1)
#(0 98 202 55 0 2 0 26 138444 -1 -1 -1 -1 -1 -1)
#(0 98 201 66 0 2 0 31 166878 -1 -1 -1 -1 -1 -1)
#(0 98 1372 25 0 0 0 36 190495 -1 -1 -1 -1 -1 -1)
#(0 98 583 53 0 2 0 36 193495 -1 -1 -1 -1 -1 -1)
#(0 98 586 51 0 2 0 38 204950 -1 -1 -1 -1 -1 -1)
#(0 98 1378 26 0 0 0 40 211628 -1 -1 -1 -1 -1 -1)
#(0 98 210 64 0 1 0 49 261159 -1 -1 -1 -1 -1 -1)
#(0 98 989 29 0 3 0 52 276080 -1 -1 -1 -1 -1 -1)
#(0 98 608 67 0 2 0 59 311531 -1 -1 -1 -1 -1 -1)
#(0 98 606 62 0 1 0 68 363878 -1 -1 -1 -1 -1 -1)
#(0 98 613 42 0 2 0 70 372462 -1 -1 -1 -1 -1 -1)
#(0 98 207 57 0 2 0 91 482026 -1 -1 -1 -1 -1 -1)
#(0 98 1383 26 0 0 1 94 501191 -1 -1 -1 -1 -1 -1)
#(0 98 986 27 0 2 1 93 494951 -1 -1 -1 -1 -1 -1)
#(0 98 1376 21 0 0 1 91 485414 -1 -1 -1 -1 -1 -1)
#(0 98 604 54 0 2 1 90 476725 -1 -1 -1 -1 -1 -1)
#(0 98 1357 25 0 0 1 88 469509 -1 -1 -1 -1 -1 -1)
#(0 98 607 61 0 1 1 88 465256 -1 -1 -1 -1 -1 -1)
#(0 98 1374 29 0 0 1 87 464147 -1 -1 -1 -1 -1 -1)
#(0 98 611 62 0 1 1 86 455018 -1 -1 -1 -1 -1 -1)
#(0 98 1381 20 0 0 1 83 443202 -1 -1 -1 -1 -1 -1)
#(0 98 208 54 0 2 1 83 442604 -1 -1 -1 -1 -1 -1)
#(0 98 205 51 0 2 1 82 437624 -1 -1 -1 -1 -1 -1)
#(0 98 209 59 0 2 1 79 420527 -1 -1 -1 -1 -1 -1)
#(0 98 612 63 0 2 1 77 407057 -1 -1 -1 -1 -1 -1)
#(0 98 1373 27 0 0 1 76 406115 -1 -1 -1 -1 -1 -1)
#(0 98 978 36 0 2 1 69 367708 -1 -1 -1 -1 -1 -1)
#(0 98 204 51 0 2 1 65 347838 -1 -1 -1 -1 -1 -1)
#(0 98 1379 30 0 0 1 64 342708 -1 -1 -1 -1 -1 -1)
#(0 98 603 44 0 2 1 59 313767 -1 -1 -1 -1 -1 -1)
#(0 98 991 37 0 1 1 55 293729 -1 -1 -1 -1 -1 -1)
#(0 98 981 39 0 1 1 54 288310 -1 -1 -1 -1 -1 -1)
#(0 98 610 61 0 1 1 54 285801 -1 -1 -1 -1 -1 -1)
#(0 98 979 20 0 3 1 48 257674 -1 -1 -1 -1 -1 -1)
#(0 98 988 33 0 3 1 46 246470 -1 -1 -1 -1 -1 -1)
#(0 98 203 57 0 2 1 45 241533 -1 -1 -1 -1 -1 -1)
#(0 98 1369 27 0 0 1 40 216032 -1 -1 -1 -1 -1 -1)
#(0 98 990 29 0 2 1 31 167370 -1 -1 -1 -1 -1 -1)
#(0 98 206 57 0 3 1 13 72480 -1 -1 -1 -1 -1 -1)
#(0 98 976 44 0 1 1 11 61070 -1 -1 -1 -1 -1 -1)
#(0 99 622 53 0 2 0 2 14152 -1 -1 -1 -1 -1 -1)
#(0 99 996 31 0 1 0 3 17486 -1 -1 -1 -1 -1 -1)
#(0 99 217 54 0 3 0 6 32728 -1 -1 -1 -1 -1 -1)
#(0 99 1004 20 0 3 0 7 38024 -1 -1 -1 -1 -1 -1)
#(0 99 220 57 0 1 0 8 43487 -1 -1 -1 -1 -1 -1)
#(0 99 1393 25 0 0 0 9 47915 -1 -1 -1 -1 -1 -1)
#(0 99 1001 31 0 2 0 10 54402 -1 -1 -1 -1 -1 -1)
#(0 99 620 49 0 2 0 11 61300 -1 -1 -1 -1 -1 -1)
#(0 99 215 57 0 2 0 13 70225 -1 -1 -1 -1 -1 -1)
#(0 99 616 51 0 3 0 16 88122 -1 -1 -1 -1 -1 -1)
#(0 99 224 67 0 2 0 16 87252 -1 -1 -1 -1 -1 -1)
#(0 99 1007 20 0 3 0 20 106635 -1 -1 -1 -1 -1 -1)
#(0 99 214 59 0 1 0 22 118055 -1 -1 -1 -1 -1 -1)
#(0 99 1389 31 0 0 0 23 121951 -1 -1 -1 -1 -1 -1)
#(0 99 999 34 0 2 0 26 139070 -1 -1 -1 -1 -1 -1)
#(0 99 993 28 0 2 0 27 144017 -1 -1 -1 -1 -1 -1)
#(0 99 225 70 0 2 0 30 162077 -1 -1 -1 -1 -1 -1)
#(0 99 998 48 0 1 0 31 166179 -1 -1 -1 -1 -1 -1)
#(0 99 1002 38 0 1 0 33 176200 -1 -1 -1 -1 -1 -1)
#(0 99 609 64 0 2 0 33 179140 -1 -1 -1 -1 -1 -1)
#(0 99 216 44 0 1 0 40 216103 -1 -1 -1 -1 -1 -1)
#(0 99 992 27 0 2 0 46 244300 -1 -1 -1 -1 -1 -1)
#(0 99 618 62 0 3 0 46 247416 -1 -1 -1 -1 -1 -1)
#(0 99 1390 24 0 0 0 49 259113 -1 -1 -1 -1 -1 -1)
#(0 99 621 55 0 3 0 72 384107 -1 -1 -1 -1 -1 -1)
#(0 99 222 64 0 2 0 74 393314 -1 -1 -1 -1 -1 -1)
#(0 99 1385 24 0 0 1 98 522295 -1 -1 -1 -1 -1 -1)
#(0 99 995 38 0 2 1 95 504760 -1 -1 -1 -1 -1 -1)
#(0 99 223 66 0 2 1 94 498393 -1 -1 -1 -1 -1 -1)
#(0 99 997 24 0 2 1 94 500365 -1 -1 -1 -1 -1 -1)
#(0 99 617 69 0 1 1 92 490744 -1 -1 -1 -1 -1 -1)
#(0 99 1392 19 0 0 1 91 485462 -1 -1 -1 -1 -1 -1)
#(0 99 221 62 0 1 1 90 478391 -1 -1 -1 -1 -1 -1)
#(0 99 1012 45 0 3 1 89 472853 -1 -1 -1 -1 -1 -1)
#(0 99 977 30 0 2 1 88 468374 -1 -1 -1 -1 -1 -1)
#(0 99 1387 23 0 0 1 87 464264 -1 -1 -1 -1 -1 -1)
#(0 99 226 51 0 2 1 87 463235 -1 -1 -1 -1 -1 -1)
#(0 99 619 66 0 2 1 84 443601 -1 -1 -1 -1 -1 -1)
#(0 99 615 54 0 3 1 83 439595 -1 -1 -1 -1 -1 -1)
#(0 99 985 28 0 2 1 82 436825 -1 -1 -1 -1 -1 -1)
#(0 99 1000 21 0 2 1 80 426629 -1 -1 -1 -1 -1 -1)
#(0 99 1384 23 0 0 1 78 416725 -1 -1 -1 -1 -1 -1)
#(0 99 1005 20 0 2 1 76 405521 -1 -1 -1 -1 -1 -1)
#(0 99 213 59 0 2 1 72 384944 -1 -1 -1 -1 -1 -1)
#(0 99 1388 25 0 0 1 71 379748 -1 -1 -1 -1 -1 -1)
#(0 99 1003 44 0 1 1 71 377848 -1 -1 -1 -1 -1 -1)
#(0 99 1386 25 0 0 1 70 374452 -1 -1 -1 -1 -1 -1)
#(0 99 211 51 0 1 1 70 374800 -1 -1 -1 -1 -1 -1)
#(0 99 1391 25 0 0 1 69 369209 -1 -1 -1 -1 -1 -1)
#(0 99 984 30 0 2 1 69 368040 -1 -1 -1 -1 -1 -1)
#(0 99 1011 35 0 1 1 62 330874 -1 -1 -1 -1 -1 -1)
#(0 99 1008 36 0 1 1 61 325455 -1 -1 -1 -1 -1 -1)
#(0 99 212 60 0 3 1 51 272681 -1 -1 -1 -1 -1 -1)
#(0 99 614 54 0 1 1 37 196272 -1 -1 -1 -1 -1 -1)
#(0 99 994 27 0 2 1 26 141160 -1 -1 -1 -1 -1 -1)
#(0 100 1025 24 0 2 0 0 1331 -1 -1 -1 -1 -1 -1)
#(0 100 631 59 0 2 0 3 20734 -1 -1 -1 -1 -1 -1)
#(0 100 236 62 0 3 0 5 29134 -1 -1 -1 -1 -1 -1)
#(0 100 629 62 0 1 0 8 47052 -1 -1 -1 -1 -1 -1)
#(0 100 1023 28 0 2 0 9 48996 -1 -1 -1 -1 -1 -1)
#(0 100 1400 20 0 0 0 12 63692 -1 -1 -1 -1 -1 -1)
#(0 100 229 44 0 1 0 14 78809 -1 -1 -1 -1 -1 -1)
#(0 100 1398 20 0 0 0 16 84810 -1 -1 -1 -1 -1 -1)
#(0 100 626 60 0 2 0 17 94489 -1 -1 -1 -1 -1 -1)
#(0 100 1394 23 0 0 0 20 106001 -1 -1 -1 -1 -1 -1)
#(0 100 218 70 0 2 0 22 118581 -1 -1 -1 -1 -1 -1)
#(0 100 232 68 0 2 0 24 128973 -1 -1 -1 -1 -1 -1)
#(0 100 1402 29 0 0 0 25 132466 -1 -1 -1 -1 -1 -1)
#(0 100 1395 30 0 0 0 29 153645 -1 -1 -1 -1 -1 -1)
#(0 100 627 65 0 2 0 30 163136 -1 -1 -1 -1 -1 -1)
#(0 100 623 61 0 3 0 31 168296 -1 -1 -1 -1 -1 -1)
#(0 100 234 32 0 4 0 36 195335 -1 -1 -1 -1 -1 -1)
#(0 100 231 55 0 3 0 38 201721 -1 -1 -1 -1 -1 -1)
#(0 100 230 55 0 2 0 40 212410 -1 -1 -1 -1 -1 -1)
#(0 100 625 70 0 1 0 46 243007 -1 -1 -1 -1 -1 -1)
#(0 100 1399 32 0 0 0 48 253969 -1 -1 -1 -1 -1 -1)
#(0 100 219 64 0 1 0 49 260948 -1 -1 -1 -1 -1 -1)
#(0 100 1017 45 0 1 0 55 292748 -1 -1 -1 -1 -1 -1)
#(0 100 1396 23 0 0 1 99 527613 -1 -1 -1 -1 -1 -1)
#(0 100 1016 45 0 3 1 99 525632 -1 -1 -1 -1 -1 -1)
#(0 100 1010 35 0 2 1 95 504995 -1 -1 -1 -1 -1 -1)
#(0 100 628 52 0 1 1 94 497963 -1 -1 -1 -1 -1 -1)
#(0 100 1009 26 0 2 1 93 494995 -1 -1 -1 -1 -1 -1)
#(0 100 1022 20 0 2 1 89 474167 -1 -1 -1 -1 -1 -1)
#(0 100 1021 26 0 2 1 82 436899 -1 -1 -1 -1 -1 -1)
#(0 100 228 51 0 2 1 76 405959 -1 -1 -1 -1 -1 -1)
#(0 100 1020 56 0 2 1 74 393123 -1 -1 -1 -1 -1 -1)
#(0 100 1375 21 0 0 1 66 353406 -1 -1 -1 -1 -1 -1)
#(0 100 632 50 0 3 1 65 344632 -1 -1 -1 -1 -1 -1)
#(0 100 1397 20 0 0 1 58 311190 -1 -1 -1 -1 -1 -1)
#(0 100 630 57 0 2 1 48 254576 -1 -1 -1 -1 -1 -1)
#(0 100 624 71 0 2 1 45 242290 -1 -1 -1 -1 -1 -1)
#(0 100 1019 36 0 1 1 44 235743 -1 -1 -1 -1 -1 -1)
#(0 100 235 51 0 2 1 26 141961 -1 -1 -1 -1 -1 -1)
#(0 101 242 59 0 1 0 1 7203 -1 -1 -1 -1 -1 -1)
#(0 101 1030 30 0 1 0 3 17456 -1 -1 -1 -1 -1 -1)
#(0 101 246 65 0 2 0 4 22120 -1 -1 -1 -1 -1 -1)
#(0 101 641 51 0 2 0 4 24668 -1 -1 -1 -1 -1 -1)
#(0 101 1033 20 0 3 0 4 22156 -1 -1 -1 -1 -1 -1)
#(0 101 1406 28 0 0 0 5 26871 -1 -1 -1 -1 -1 -1)
#(0 101 238 70 0 1 0 7 40325 -1 -1 -1 -1 -1 -1)
#(0 101 1037 21 0 3 0 7 38084 -1 -1 -1 -1 -1 -1)
#(0 101 1414 34 0 0 0 8 42793 -1 -1 -1 -1 -1 -1)
#(0 101 1032 40 0 2 0 8 44317 -1 -1 -1 -1 -1 -1)
#(0 101 1409 32 0 0 0 10 53330 -1 -1 -1 -1 -1 -1)
#(0 101 633 47 0 1 0 10 56038 -1 -1 -1 -1 -1 -1)
#(0 101 240 57 0 1 0 10 55145 -1 -1 -1 -1 -1 -1)
#(0 101 1006 31 0 3 0 10 54424 -1 -1 -1 -1 -1 -1)
#(0 101 644 47 0 2 0 11 61175 -1 -1 -1 -1 -1 -1)
#(0 101 638 57 0 1 0 12 67516 -1 -1 -1 -1 -1 -1)
#(0 101 1031 30 0 2 0 18 96744 -1 -1 -1 -1 -1 -1)
#(0 101 1404 29 0 0 0 22 116660 -1 -1 -1 -1 -1 -1)
#(0 101 227 51 0 1 0 22 116721 -1 -1 -1 -1 -1 -1)
#(0 101 1035 40 0 2 0 22 118224 -1 -1 -1 -1 -1 -1)
#(0 101 1405 28 0 0 0 23 121918 -1 -1 -1 -1 -1 -1)
#(0 101 247 56 0 1 0 24 127834 -1 -1 -1 -1 -1 -1)
#(0 101 1036 27 0 2 0 29 154524 -1 -1 -1 -1 -1 -1)
#(0 101 244 51 0 2 0 30 159017 -1 -1 -1 -1 -1 -1)
#(0 101 1411 32 0 0 0 32 169480 -1 -1 -1 -1 -1 -1)
#(0 101 1412 25 0 0 0 33 174634 -1 -1 -1 -1 -1 -1)
#(0 101 233 51 0 2 0 38 201137 -1 -1 -1 -1 -1 -1)
#(0 101 1029 46 0 3 0 38 203071 -1 -1 -1 -1 -1 -1)
#(0 101 1413 20 0 0 0 40 211515 -1 -1 -1 -1 -1 -1)
#(0 101 1028 31 0 2 0 47 249787 -1 -1 -1 -1 -1 -1)
#(0 101 1038 28 0 2 0 50 265410 -1 -1 -1 -1 -1 -1)
#(0 101 1013 27 0 2 0 52 275962 -1 -1 -1 -1 -1 -1)
#(0 101 237 75 0 3 0 60 319288 -1 -1 -1 -1 -1 -1)
#(0 101 241 57 0 2 0 63 334222 -1 -1 -1 -1 -1 -1)
#(0 101 635 62 0 2 0 64 342705 -1 -1 -1 -1 -1 -1)
#(0 101 1027 33 0 1 0 71 376628 -1 -1 -1 -1 -1 -1)
#(0 101 642 42 0 1 1 96 509291 -1 -1 -1 -1 -1 -1)
#(0 101 1015 35 0 1 1 95 504988 -1 -1 -1 -1 -1 -1)
#(0 101 245 44 0 3 1 91 480850 -1 -1 -1 -1 -1 -1)
#(0 101 1410 20 0 0 1 90 480162 -1 -1 -1 -1 -1 -1)
#(0 101 640 55 0 2 1 85 450036 -1 -1 -1 -1 -1 -1)
#(0 101 1014 21 0 3 1 76 405501 -1 -1 -1 -1 -1 -1)
#(0 101 249 67 0 1 1 75 398575 -1 -1 -1 -1 -1 -1)
#(0 101 252 65 0 3 1 74 393253 -1 -1 -1 -1 -1 -1)
#(0 101 639 59 0 3 1 72 381555 -1 -1 -1 -1 -1 -1)
#(0 101 253 61 0 3 1 69 367505 -1 -1 -1 -1 -1 -1)
#(0 101 1407 32 0 0 1 67 358510 -1 -1 -1 -1 -1 -1)
#(0 101 634 54 0 1 1 67 355015 -1 -1 -1 -1 -1 -1)
#(0 101 637 55 0 2 1 63 333846 -1 -1 -1 -1 -1 -1)
#(2 101 637 -1 -1 -1 -1 -1 -1 30 -1 -1 -1 -1 -1)
#(0 101 1018 26 0 2 1 62 331285 -1 -1 -1 -1 -1 -1)
#(0 101 1403 20 0 0 1 61 327026 -1 -1 -1 -1 -1 -1)
#(0 101 1034 35 0 3 1 61 325525 -1 -1 -1 -1 -1 -1)
#(0 101 239 55 0 3 1 59 315770 -1 -1 -1 -1 -1 -1)
#(0 101 1039 35 0 1 1 58 309717 -1 -1 -1 -1 -1 -1)
#(0 101 636 64 0 2 1 53 280309 -1 -1 -1 -1 -1 -1)
#(0 101 250 54 0 1 1 48 257601 -1 -1 -1 -1 -1 -1)
#(0 101 248 66 0 2 1 46 244552 -1 -1 -1 -1 -1 -1)
#(0 101 643 54 0 2 1 41 217729 -1 -1 -1 -1 -1 -1)
#(0 102 243 53 0 3 0 1 6287 -1 -1 -1 -1 -1 -1)
#(0 102 654 49 0 2 0 2 13966 -1 -1 -1 -1 -1 -1)
#(0 102 1422 28 0 0 0 4 21578 -1 -1 -1 -1 -1 -1)
#(0 102 257 70 0 3 0 5 29792 -1 -1 -1 -1 -1 -1)
#(0 102 1046 48 0 1 0 5 28953 -1 -1 -1 -1 -1 -1)
#(0 102 655 59 0 3 0 6 36027 -1 -1 -1 -1 -1 -1)
#(0 102 1054 29 0 2 0 8 43664 -1 -1 -1 -1 -1 -1)
#(0 102 1048 27 0 2 0 9 48991 -1 -1 -1 -1 -1 -1)
#(0 102 1401 20 0 0 0 12 63703 -1 -1 -1 -1 -1 -1)
#(0 102 1057 34 0 3 0 25 133750 -1 -1 -1 -1 -1 -1)
#(0 102 647 67 0 2 0 27 147643 -1 -1 -1 -1 -1 -1)
#(0 102 255 68 0 1 0 28 151168 -1 -1 -1 -1 -1 -1)
#(0 102 1047 32 0 2 0 32 170644 -1 -1 -1 -1 -1 -1)
#(0 102 1419 20 0 0 0 35 185121 -1 -1 -1 -1 -1 -1)
#(0 102 1043 45 0 3 0 36 192411 -1 -1 -1 -1 -1 -1)
#(0 102 1421 32 0 0 0 37 195881 -1 -1 -1 -1 -1 -1)
#(0 102 1044 20 0 2 0 41 217526 -1 -1 -1 -1 -1 -1)
#(0 102 1042 36 0 1 0 49 260628 -1 -1 -1 -1 -1 -1)
#(0 102 1026 26 0 2 0 52 275875 -1 -1 -1 -1 -1 -1)
#(0 102 1041 47 0 1 1 99 525541 -1 -1 -1 -1 -1 -1)
#(0 102 261 58 0 1 1 96 510408 -1 -1 -1 -1 -1 -1)
#(0 102 1051 28 0 2 1 96 510722 -1 -1 -1 -1 -1 -1)
#(0 102 1052 35 0 1 1 95 504974 -1 -1 -1 -1 -1 -1)
#(0 102 1058 20 0 2 1 93 495287 -1 -1 -1 -1 -1 -1)
#(0 102 1417 20 0 0 1 91 485417 -1 -1 -1 -1 -1 -1)
#(0 102 1418 23 0 0 1 83 443139 -1 -1 -1 -1 -1 -1)
#(0 102 258 51 0 3 1 82 437647 -1 -1 -1 -1 -1 -1)
#(0 102 645 43 0 3 1 81 430054 -1 -1 -1 -1 -1 -1)
#(0 102 653 75 0 3 1 79 421798 -1 -1 -1 -1 -1 -1)
#(0 102 646 59 0 2 1 77 407316 -1 -1 -1 -1 -1 -1)
#(0 102 260 57 0 2 1 75 399885 -1 -1 -1 -1 -1 -1)
#(0 102 1424 28 0 0 1 74 395551 -1 -1 -1 -1 -1 -1)
#(0 102 651 51 0 2 1 74 392333 -1 -1 -1 -1 -1 -1)
#(0 102 1045 21 0 2 1 70 373821 -1 -1 -1 -1 -1 -1)
#(0 102 1040 29 0 2 1 68 362828 -1 -1 -1 -1 -1 -1)
#(0 102 1408 29 0 0 1 67 358564 -1 -1 -1 -1 -1 -1)
#(0 102 1423 23 0 0 1 66 353389 -1 -1 -1 -1 -1 -1)
#(0 102 1416 26 0 0 1 63 337478 -1 -1 -1 -1 -1 -1)
#(0 102 1024 27 0 2 1 62 331256 -1 -1 -1 -1 -1 -1)
#(0 102 652 48 0 2 1 59 313554 -1 -1 -1 -1 -1 -1)
#(0 102 1055 20 0 2 1 56 299924 -1 -1 -1 -1 -1 -1)
#(0 102 1420 27 0 0 1 51 274121 -1 -1 -1 -1 -1 -1)
#(0 102 251 55 0 2 1 46 247212 -1 -1 -1 -1 -1 -1)
#(0 102 650 59 0 3 1 46 243622 -1 -1 -1 -1 -1 -1)
#(0 102 1050 39 0 2 1 40 214451 -1 -1 -1 -1 -1 -1)
#(0 102 256 59 0 2 1 40 214608 -1 -1 -1 -1 -1 -1)
#(0 102 1049 35 0 2 1 33 177707 -1 -1 -1 -1 -1 -1)
#(0 102 648 67 0 2 1 32 169039 -1 -1 -1 -1 -1 -1)
#(0 102 1415 25 0 0 1 27 147416 -1 -1 -1 -1 -1 -1)
#(0 102 262 62 0 2 1 13 71898 -1 -1 -1 -1 -1 -1)
#(0 103 1427 32 0 0 0 0 551 -1 -1 -1 -1 -1 -1)
#(0 103 1425 29 0 0 0 8 42736 -1 -1 -1 -1 -1 -1)
#(0 103 1053 20 0 3 0 9 48550 -1 -1 -1 -1 -1 -1)
#(0 103 661 59 0 3 0 11 61800 -1 -1 -1 -1 -1 -1)
#(0 103 658 56 0 2 0 13 72978 -1 -1 -1 -1 -1 -1)
#(0 103 1429 20 0 0 0 14 74250 -1 -1 -1 -1 -1 -1)
#(0 103 1067 40 0 3 0 14 76010 -1 -1 -1 -1 -1 -1)
#(0 103 273 55 0 1 0 14 74948 -1 -1 -1 -1 -1 -1)
#(0 103 271 64 0 2 0 16 87073 -1 -1 -1 -1 -1 -1)
#(0 103 656 61 0 1 0 19 105172 -1 -1 -1 -1 -1 -1)
#(0 103 659 57 0 1 0 20 109809 -1 -1 -1 -1 -1 -1)
#(0 103 266 57 0 3 0 22 117004 -1 -1 -1 -1 -1 -1)
#(0 103 1060 27 0 2 0 22 117547 -1 -1 -1 -1 -1 -1)
#(0 103 264 59 0 2 0 23 123105 -1 -1 -1 -1 -1 -1)
#(0 103 1065 32 0 3 0 30 160089 -1 -1 -1 -1 -1 -1)
#(0 103 662 59 0 2 0 34 184035 -1 -1 -1 -1 -1 -1)
#(0 103 1056 38 0 2 0 36 192003 -1 -1 -1 -1 -1 -1)
#(0 103 267 63 0 2 0 38 201955 -1 -1 -1 -1 -1 -1)
#(0 103 265 44 0 1 0 38 205550 -1 -1 -1 -1 -1 -1)
#(0 103 1061 57 0 1 0 44 235264 -1 -1 -1 -1 -1 -1)
#(0 103 1066 32 0 2 0 51 270938 -1 -1 -1 -1 -1 -1)
#(0 103 269 59 0 2 0 54 286934 -1 -1 -1 -1 -1 -1)
#(0 103 1064 33 0 2 0 55 292127 -1 -1 -1 -1 -1 -1)
#(0 103 1062 26 0 2 0 62 328714 -1 -1 -1 -1 -1 -1)
#(0 103 270 55 0 1 0 66 349634 -1 -1 -1 -1 -1 -1)
#(0 103 1431 28 0 0 0 67 354218 -1 -1 -1 -1 -1 -1)
#(0 103 1435 34 0 0 0 78 412392 -1 -1 -1 -1 -1 -1)
#(0 103 263 75 0 2 1 98 520921 -1 -1 -1 -1 -1 -1)
#(0 103 1428 26 0 0 1 93 495881 -1 -1 -1 -1 -1 -1)
#(0 103 663 54 0 3 1 93 492425 -1 -1 -1 -1 -1 -1)
#(0 103 1069 21 0 3 1 89 474139 -1 -1 -1 -1 -1 -1)
#(0 103 1426 31 0 0 1 85 453539 -1 -1 -1 -1 -1 -1)
#(0 103 1434 25 0 0 1 84 448399 -1 -1 -1 -1 -1 -1)
#(0 103 657 51 0 2 1 83 439838 -1 -1 -1 -1 -1 -1)
#(0 103 1433 30 0 0 1 81 432462 -1 -1 -1 -1 -1 -1)
#(0 103 1059 21 0 2 1 80 426566 -1 -1 -1 -1 -1 -1)
#(0 103 259 67 0 1 1 74 393591 -1 -1 -1 -1 -1 -1)
#(0 103 660 55 0 2 1 73 386701 -1 -1 -1 -1 -1 -1)
#(0 103 274 60 0 2 1 71 378062 -1 -1 -1 -1 -1 -1)
#(0 103 1063 21 0 2 1 71 379110 -1 -1 -1 -1 -1 -1)
#(0 103 254 70 0 2 1 69 366775 -1 -1 -1 -1 -1 -1)
#(0 103 268 57 0 3 1 56 299366 -1 -1 -1 -1 -1 -1)
#(0 103 1430 26 0 0 1 43 231896 -1 -1 -1 -1 -1 -1)
#(0 103 272 62 0 1 1 37 198480 -1 -1 -1 -1 -1 -1)
#(0 103 1068 40 0 3 1 35 188021 -1 -1 -1 -1 -1 -1)
#(0 103 664 63 0 2 1 30 159005 -1 -1 -1 -1 -1 -1)
#(0 104 1442 34 0 0 0 1 5841 -1 -1 -1 -1 -1 -1)
#(0 104 1432 27 0 0 0 4 21583 -1 -1 -1 -1 -1 -1)
#(0 104 278 64 0 2 0 5 29280 -1 -1 -1 -1 -1 -1)
#(0 104 1440 28 0 0 0 6 32145 -1 -1 -1 -1 -1 -1)
#(0 104 281 73 0 2 0 6 34291 -1 -1 -1 -1 -1 -1)
#(0 104 665 63 0 2 0 6 36195 -1 -1 -1 -1 -1 -1)
#(0 104 1083 33 0 2 0 10 54520 -1 -1 -1 -1 -1 -1)
#(0 104 275 44 0 2 0 12 68313 -1 -1 -1 -1 -1 -1)
#(0 104 1074 39 0 2 0 18 97135 -1 -1 -1 -1 -1 -1)
#(0 104 1439 20 0 0 0 21 111210 -1 -1 -1 -1 -1 -1)
#(0 104 1073 20 0 2 0 29 154152 -1 -1 -1 -1 -1 -1)
#(0 104 1077 47 0 3 0 44 234780 -1 -1 -1 -1 -1 -1)
#(0 104 280 64 0 3 0 49 261078 -1 -1 -1 -1 -1 -1)
#(0 104 668 75 0 2 0 53 280737 -1 -1 -1 -1 -1 -1)
#(0 104 674 51 0 2 0 63 336240 -1 -1 -1 -1 -1 -1)
#(0 104 671 59 0 2 0 64 342278 -1 -1 -1 -1 -1 -1)
#(0 104 670 44 0 1 0 67 356724 -1 -1 -1 -1 -1 -1)
#(0 104 1070 46 0 1 1 99 525568 -1 -1 -1 -1 -1 -1)
#(0 104 279 44 0 2 1 99 523090 -1 -1 -1 -1 -1 -1)
#(0 104 1080 21 0 2 1 93 495234 -1 -1 -1 -1 -1 -1)
#(0 104 276 51 0 2 1 92 490396 -1 -1 -1 -1 -1 -1)
#(0 104 672 61 0 2 1 91 481289 -1 -1 -1 -1 -1 -1)
#(0 104 277 65 0 1 1 86 456801 -1 -1 -1 -1 -1 -1)
#(0 104 1436 29 0 0 1 82 437744 -1 -1 -1 -1 -1 -1)
#(0 104 283 75 0 3 1 81 428981 -1 -1 -1 -1 -1 -1)
#(0 104 649 42 0 2 1 81 430087 -1 -1 -1 -1 -1 -1)
#(0 104 667 44 0 2 1 80 424701 -1 -1 -1 -1 -1 -1)
#(0 104 1441 32 0 0 1 75 400751 -1 -1 -1 -1 -1 -1)
#(0 104 1075 31 0 2 1 75 399612 -1 -1 -1 -1 -1 -1)
#(0 104 1081 48 0 3 1 74 393505 -1 -1 -1 -1 -1 -1)
#(0 104 1078 21 0 3 1 70 373835 -1 -1 -1 -1 -1 -1)
#(0 104 282 75 0 2 1 63 333989 -1 -1 -1 -1 -1 -1)
#(0 104 1438 23 0 0 1 59 316417 -1 -1 -1 -1 -1 -1)
#(0 104 1079 20 0 3 1 57 305203 -1 -1 -1 -1 -1 -1)
#(0 104 1082 36 0 1 1 54 288521 -1 -1 -1 -1 -1 -1)
#(0 104 666 64 0 2 1 49 259397 -1 -1 -1 -1 -1 -1)
#(0 104 1076 30 0 2 1 45 241306 -1 -1 -1 -1 -1 -1)
#(0 104 673 64 0 2 1 32 169264 -1 -1 -1 -1 -1 -1)
#(0 104 1437 23 0 0 1 30 163293 -1 -1 -1 -1 -1 -1)
#(0 104 669 66 0 1 1 14 74230 -1 -1 -1 -1 -1 -1)
#(0 105 1446 26 0 0 0 1 5702 -1 -1 -1 -1 -1 -1)
#(0 105 285 51 0 2 0 1 5825 -1 -1 -1 -1 -1 -1)
#(0 105 685 50 0 3 0 2 14010 -1 -1 -1 -1 -1 -1)
#(0 105 1443 26 0 0 0 5 26836 -1 -1 -1 -1 -1 -1)
#(0 105 683 66 0 1 0 7 42125 -1 -1 -1 -1 -1 -1)
#(0 105 287 44 0 3 0 7 41828 -1 -1 -1 -1 -1 -1)
#(0 105 1071 19 0 0 0 9 48495 -1 -1 -1 -1 -1 -1)
#(0 105 682 62 0 2 0 9 52246 -1 -1 -1 -1 -1 -1)
#(0 105 677 47 0 2 0 11 61261 -1 -1 -1 -1 -1 -1)
#(0 105 686 54 0 3 0 13 72667 -1 -1 -1 -1 -1 -1)
#(0 105 292 59 0 1 0 16 86292 -1 -1 -1 -1 -1 -1)
#(0 105 296 52 0 2 0 18 96276 -1 -1 -1 -1 -1 -1)
#(0 105 689 66 0 2 0 20 110208 -1 -1 -1 -1 -1 -1)
#(0 105 289 57 0 1 0 21 112945 -1 -1 -1 -1 -1 -1)
#(0 105 1449 26 0 0 0 24 127131 -1 -1 -1 -1 -1 -1)
#(0 105 1092 20 0 3 0 28 148881 -1 -1 -1 -1 -1 -1)
#(0 105 690 59 0 1 0 32 173454 -1 -1 -1 -1 -1 -1)
#(0 105 295 48 0 2 0 33 174851 -1 -1 -1 -1 -1 -1)
#(0 105 1087 21 0 2 0 34 180577 -1 -1 -1 -1 -1 -1)
#(0 105 1088 35 0 1 0 35 186595 -1 -1 -1 -1 -1 -1)
#(0 105 1447 30 0 0 0 38 201137 -1 -1 -1 -1 -1 -1)
#(0 105 680 59 0 3 0 41 220434 -1 -1 -1 -1 -1 -1)
#(0 105 1097 47 0 1 0 42 224185 -1 -1 -1 -1 -1 -1)
#(0 105 678 61 0 3 0 46 247498 -1 -1 -1 -1 -1 -1)
#(0 105 1086 50 0 3 0 70 372174 -1 -1 -1 -1 -1 -1)
#(0 105 291 61 0 2 0 70 371833 -1 -1 -1 -1 -1 -1)
#(0 105 687 57 0 2 1 98 518224 -1 -1 -1 -1 -1 -1)
#(0 105 1085 30 0 2 1 96 510553 -1 -1 -1 -1 -1 -1)
#(0 105 1084 35 0 2 1 95 505057 -1 -1 -1 -1 -1 -1)
#(0 105 1093 20 0 3 1 93 495299 -1 -1 -1 -1 -1 -1)
#(0 105 1100 40 0 2 1 88 467760 -1 -1 -1 -1 -1 -1)
#(0 105 684 65 0 3 1 88 464935 -1 -1 -1 -1 -1 -1)
#(0 105 1094 53 0 1 1 85 451335 -1 -1 -1 -1 -1 -1)
#(0 105 288 52 0 2 1 82 437582 -1 -1 -1 -1 -1 -1)
#(0 105 676 51 0 2 1 81 429727 -1 -1 -1 -1 -1 -1)
#(0 105 688 40 0 2 1 80 424965 -1 -1 -1 -1 -1 -1)
#(0 105 1095 22 0 2 1 80 426571 -1 -1 -1 -1 -1 -1)
#(0 105 1102 31 0 2 1 72 383825 -1 -1 -1 -1 -1 -1)
#(0 105 290 62 0 1 1 71 378127 -1 -1 -1 -1 -1 -1)
#(0 105 1099 21 0 2 1 71 379081 -1 -1 -1 -1 -1 -1)
#(0 105 1445 23 0 0 1 70 374495 -1 -1 -1 -1 -1 -1)
#(0 105 675 75 0 3 1 70 369603 -1 -1 -1 -1 -1 -1)
#(0 105 1089 22 0 2 1 66 352477 -1 -1 -1 -1 -1 -1)
#(0 105 1090 25 0 2 1 62 331314 -1 -1 -1 -1 -1 -1)
#(0 105 294 64 0 1 1 60 319668 -1 -1 -1 -1 -1 -1)
#(0 105 1101 27 0 2 1 53 283751 -1 -1 -1 -1 -1 -1)
#(0 105 1448 30 0 0 1 45 242382 -1 -1 -1 -1 -1 -1)
#(0 105 679 59 0 2 1 43 227815 -1 -1 -1 -1 -1 -1)
#(0 105 284 67 0 2 1 37 198050 -1 -1 -1 -1 -1 -1)
#(0 105 293 51 0 3 1 36 194729 -1 -1 -1 -1 -1 -1)
#(0 106 1108 26 0 2 0 0 1353 -1 -1 -1 -1 -1 -1)
#(0 106 286 55 0 1 0 1 5938 -1 -1 -1 -1 -1 -1)
#(0 106 1111 38 0 3 0 1 7276 -1 -1 -1 -1 -1 -1)
#(0 106 302 50 0 2 0 4 21455 -1 -1 -1 -1 -1 -1)
#(0 106 1444 27 0 0 0 5 26832 -1 -1 -1 -1 -1 -1)
#(0 106 300 57 0 1 0 5 27804 -1 -1 -1 -1 -1 -1)
#(0 106 301 70 0 2 0 7 40098 -1 -1 -1 -1 -1 -1)
#(0 106 1109 20 0 3 0 8 43268 -1 -1 -1 -1 -1 -1)
#(0 106 1072 19 0 0 0 9 48486 -1 -1 -1 -1 -1 -1)
#(0 106 310 62 0 3 0 12 65496 -1 -1 -1 -1 -1 -1)
#(0 106 691 60 0 2 0 12 67998 -1 -1 -1 -1 -1 -1)
#(0 106 308 57 0 2 0 14 75081 -1 -1 -1 -1 -1 -1)
#(0 106 304 70 0 3 0 15 80574 -1 -1 -1 -1 -1 -1)
#(0 106 706 44 0 3 0 16 87401 -1 -1 -1 -1 -1 -1)
#(0 106 702 64 0 3 0 17 94750 -1 -1 -1 -1 -1 -1)
#(0 106 708 70 0 3 0 24 126938 -1 -1 -1 -1 -1 -1)
#(0 106 1114 43 0 3 0 24 129019 -1 -1 -1 -1 -1 -1)
#(0 106 1110 37 0 3 0 25 133889 -1 -1 -1 -1 -1 -1)
#(0 106 703 44 0 1 0 26 140255 -1 -1 -1 -1 -1 -1)
#(0 106 1458 32 0 0 0 29 153635 -1 -1 -1 -1 -1 -1)
#(0 106 1112 48 0 1 0 31 166206 -1 -1 -1 -1 -1 -1)
#(0 106 1452 21 0 0 0 40 211557 -1 -1 -1 -1 -1 -1)
#(0 106 699 50 0 2 0 41 219812 -1 -1 -1 -1 -1 -1)
#(0 106 695 67 0 1 0 52 274635 -1 -1 -1 -1 -1 -1)
#(0 106 692 67 0 2 0 59 316718 -1 -1 -1 -1 -1 -1)
#(0 106 707 59 0 1 0 60 321196 -1 -1 -1 -1 -1 -1)
#(0 106 1103 29 0 2 0 61 323592 -1 -1 -1 -1 -1 -1)
#(0 106 1451 28 0 0 0 65 343684 -1 -1 -1 -1 -1 -1)
#(0 106 1457 30 0 0 0 73 385936 -1 -1 -1 -1 -1 -1)
#(0 106 309 49 0 2 1 98 522411 -1 -1 -1 -1 -1 -1)
#(0 106 305 75 0 1 1 95 503237 -1 -1 -1 -1 -1 -1)
#(0 106 693 70 0 3 1 94 501157 -1 -1 -1 -1 -1 -1)
#(0 106 696 53 0 3 1 93 492488 -1 -1 -1 -1 -1 -1)
#(0 106 705 51 0 3 1 88 466390 -1 -1 -1 -1 -1 -1)
#(0 106 1105 20 0 2 1 88 468886 -1 -1 -1 -1 -1 -1)
#(0 106 311 44 0 3 1 87 459763 -1 -1 -1 -1 -1 -1)
#(0 106 694 55 0 2 1 85 449953 -1 -1 -1 -1 -1 -1)
#(0 106 697 64 0 3 1 84 443931 -1 -1 -1 -1 -1 -1)
#(3 106 697 -1 0 -1 -1 -1 -1 31 -1 -1 -1 -1 42)
#(0 106 681 45 0 1 1 81 429985 -1 -1 -1 -1 -1 -1)
#(0 106 1113 50 0 3 1 78 414484 -1 -1 -1 -1 -1 -1)
#(0 106 298 61 0 2 1 76 404676 -1 -1 -1 -1 -1 -1)
#(0 106 701 61 0 1 1 75 396624 -1 -1 -1 -1 -1 -1)
#(0 106 1098 35 0 1 1 74 394115 -1 -1 -1 -1 -1 -1)
#(0 106 1456 27 0 0 1 72 385000 -1 -1 -1 -1 -1 -1)
#(0 106 1107 21 0 3 1 70 373866 -1 -1 -1 -1 -1 -1)
#(0 106 700 62 0 2 1 69 364937 -1 -1 -1 -1 -1 -1)
#(0 106 1115 28 0 2 1 68 362824 -1 -1 -1 -1 -1 -1)
#(0 106 306 63 0 3 1 64 340119 -1 -1 -1 -1 -1 -1)
#(0 106 1455 24 0 0 1 61 326978 -1 -1 -1 -1 -1 -1)
#(0 106 1104 21 0 2 1 57 305147 -1 -1 -1 -1 -1 -1)
#(0 106 704 56 0 3 1 55 291397 -1 -1 -1 -1 -1 -1)
#(0 106 1450 23 0 0 1 49 263608 -1 -1 -1 -1 -1 -1)
#(0 106 1454 25 0 0 1 45 242490 -1 -1 -1 -1 -1 -1)
#(0 106 1453 27 0 0 1 42 226582 -1 -1 -1 -1 -1 -1)
#(0 106 303 51 0 3 1 42 226358 -1 -1 -1 -1 -1 -1)
#(0 106 307 51 0 1 1 27 147231 -1 -1 -1 -1 -1 -1)
#(0 107 1121 20 0 2 0 0 1023 -1 -1 -1 -1 -1 -1)
#(0 107 712 57 0 1 0 0 4291 -1 -1 -1 -1 -1 -1)
#(0 107 1462 32 0 0 0 3 16385 -1 -1 -1 -1 -1 -1)
#(0 107 714 55 0 1 0 4 25088 -1 -1 -1 -1 -1 -1)
#(0 107 325 44 0 2 0 4 26022 -1 -1 -1 -1 -1 -1)
#(0 107 326 54 0 2 0 7 38062 -1 -1 -1 -1 -1 -1)
#(0 107 297 60 0 2 0 8 43352 -1 -1 -1 -1 -1 -1)
#(0 107 713 57 0 3 0 9 51809 -1 -1 -1 -1 -1 -1)
#(0 107 715 54 0 3 0 10 56389 -1 -1 -1 -1 -1 -1)
#(0 107 698 55 0 1 0 12 67330 -1 -1 -1 -1 -1 -1)
#(0 107 1469 20 0 0 0 17 90074 -1 -1 -1 -1 -1 -1)
#(0 107 717 66 0 2 0 18 100090 -1 -1 -1 -1 -1 -1)
#(0 107 329 57 0 1 0 23 122877 -1 -1 -1 -1 -1 -1)
#(0 107 1463 26 0 0 0 28 148267 -1 -1 -1 -1 -1 -1)
#(0 107 1091 21 0 3 0 34 180623 -1 -1 -1 -1 -1 -1)
#(0 107 1467 21 0 0 0 35 185142 -1 -1 -1 -1 -1 -1)
#(0 107 318 57 0 3 0 37 196867 -1 -1 -1 -1 -1 -1)
#(0 107 1118 32 0 2 0 39 207557 -1 -1 -1 -1 -1 -1)
#(4 107 1118 -1 0 -1 -1 -1 -1 32 0 0 0 0 -1)
#(0 107 317 75 0 3 0 39 207520 -1 -1 -1 -1 -1 -1)
#(0 107 1119 44 0 2 0 42 224053 -1 -1 -1 -1 -1 -1)
#(0 107 1465 28 0 0 0 45 238062 -1 -1 -1 -1 -1 -1)
#(0 107 322 57 0 2 0 50 265784 -1 -1 -1 -1 -1 -1)
#(0 107 1459 29 0 0 0 53 280343 -1 -1 -1 -1 -1 -1)
#(0 107 1120 37 0 3 0 54 287046 -1 -1 -1 -1 -1 -1)
#(0 107 710 57 0 2 0 54 289433 -1 -1 -1 -1 -1 -1)
#(0 107 1461 32 0 0 0 55 290945 -1 -1 -1 -1 -1 -1)
#(0 107 320 44 0 3 1 98 517782 -1 -1 -1 -1 -1 -1)
#(0 107 1123 30 0 2 1 95 505351 -1 -1 -1 -1 -1 -1)
#(0 107 1096 19 0 0 1 93 495351 -1 -1 -1 -1 -1 -1)
#(0 107 1460 25 0 0 1 90 480062 -1 -1 -1 -1 -1 -1)
#(0 107 709 66 0 2 1 84 443869 -1 -1 -1 -1 -1 -1)
#(0 107 319 69 0 2 1 83 440725 -1 -1 -1 -1 -1 -1)
#(0 107 299 54 0 3 1 76 405738 -1 -1 -1 -1 -1 -1)
#(0 107 1116 23 0 2 1 76 405336 -1 -1 -1 -1 -1 -1)
#(0 107 718 72 0 2 1 75 400862 -1 -1 -1 -1 -1 -1)
#(0 107 1466 29 0 0 1 74 395520 -1 -1 -1 -1 -1 -1)
#(0 107 314 50 0 3 1 70 374664 -1 -1 -1 -1 -1 -1)
#(0 107 327 73 0 1 1 69 366764 -1 -1 -1 -1 -1 -1)
#(0 107 711 75 0 3 1 65 343251 -1 -1 -1 -1 -1 -1)
#(0 107 323 69 0 2 1 60 319519 -1 -1 -1 -1 -1 -1)
#(0 107 1468 23 0 0 1 59 316433 -1 -1 -1 -1 -1 -1)
#(0 107 321 64 0 3 1 59 314574 -1 -1 -1 -1 -1 -1)
#(0 107 1117 36 0 2 1 58 309627 -1 -1 -1 -1 -1 -1)
#(0 107 316 51 0 2 1 48 258072 -1 -1 -1 -1 -1 -1)
#(0 107 328 55 0 2 1 47 252331 -1 -1 -1 -1 -1 -1)
#(0 107 315 51 0 2 1 40 215823 -1 -1 -1 -1 -1 -1)
#(0 107 312 54 0 2 1 36 194599 -1 -1 -1 -1 -1 -1)
#(0 107 1464 23 0 0 1 23 126343 -1 -1 -1 -1 -1 -1)
#(0 107 1122 41 0 3 1 15 82302 -1 -1 -1 -1 -1 -1)
#(0 107 324 59 0 3 1 9 50970 -1 -1 -1 -1 -1 -1)
#(0 108 334 54 0 2 0 1 5982 -1 -1 -1 -1 -1 -1)
#(0 108 1127 27 0 3 0 1 6662 -1 -1 -1 -1 -1 -1)
#(0 108 1135 46 0 2 0 3 18209 -1 -1 -1 -1 -1 -1)
#(0 108 1472 23 0 0 0 4 21497 -1 -1 -1 -1 -1 -1)
#(0 108 726 44 0 2 0 4 24051 -1 -1 -1 -1 -1 -1)
#(0 108 716 51 0 2 0 12 66975 -1 -1 -1 -1 -1 -1)
#(0 108 332 59 0 2 0 14 75260 -1 -1 -1 -1 -1 -1)
#(0 108 719 62 0 2 0 15 84050 -1 -1 -1 -1 -1 -1)
#(0 108 1128 38 0 1 0 21 112904 -1 -1 -1 -1 -1 -1)
#(0 108 722 67 0 2 0 21 116085 -1 -1 -1 -1 -1 -1)
#(0 108 720 75 0 2 0 24 127087 -1 -1 -1 -1 -1 -1)
#(0 108 331 51 0 2 0 35 185365 -1 -1 -1 -1 -1 -1)
#(0 108 1473 32 0 0 0 36 190602 -1 -1 -1 -1 -1 -1)
#(0 108 1125 20 0 2 0 38 201691 -1 -1 -1 -1 -1 -1)
#(0 108 721 54 0 1 0 42 225658 -1 -1 -1 -1 -1 -1)
#(0 108 333 44 0 3 0 42 226676 -1 -1 -1 -1 -1 -1)
#(0 108 1130 33 0 3 0 46 244700 -1 -1 -1 -1 -1 -1)
#(0 108 1131 30 0 2 0 50 265631 -1 -1 -1 -1 -1 -1)
#(0 108 1124 27 0 2 0 54 286481 -1 -1 -1 -1 -1 -1)
#(0 108 1470 32 0 0 0 64 338472 -1 -1 -1 -1 -1 -1)
#(0 108 723 44 0 2 0 65 346137 -1 -1 -1 -1 -1 -1)
#(0 108 1134 37 0 2 0 79 419016 -1 -1 -1 -1 -1 -1)
#(0 108 336 55 0 2 0 90 476351 -1 -1 -1 -1 -1 -1)
#(0 108 724 49 0 3 1 99 524248 -1 -1 -1 -1 -1 -1)
#(0 108 725 48 0 2 1 96 508811 -1 -1 -1 -1 -1 -1)
#(0 108 1133 29 0 2 1 86 457768 -1 -1 -1 -1 -1 -1)
#(0 108 1126 28 0 2 1 83 441940 -1 -1 -1 -1 -1 -1)
#(0 108 330 54 0 3 1 83 442275 -1 -1 -1 -1 -1 -1)
#(0 108 1129 42 0 1 1 77 409600 -1 -1 -1 -1 -1 -1)
#(0 108 313 44 0 1 1 77 406950 -1 -1 -1 -1 -1 -1)
#(0 108 338 60 0 2 1 73 388638 -1 -1 -1 -1 -1 -1)
#(0 108 728 44 0 1 1 61 324425 -1 -1 -1 -1 -1 -1)
#(0 108 729 59 0 2 1 60 317579 -1 -1 -1 -1 -1 -1)
#(4 108 729 -1 0 -1 -1 -1 -1 33 0 0 0 0 -1)
#(0 108 1132 32 0 2 1 45 241220 -1 -1 -1 -1 -1 -1)
#(0 108 1136 40 0 1 1 39 209164 -1 -1 -1 -1 -1 -1)
#(0 109 1481 28 0 0 0 3 16298 -1 -1 -1 -1 -1 -1)
#(0 109 337 51 0 3 0 5 26469 -1 -1 -1 -1 -1 -1)
#(0 109 342 64 0 2 0 18 96880 -1 -1 -1 -1 -1 -1)
#(0 109 1148 29 0 2 0 21 112369 -1 -1 -1 -1 -1 -1)
#(0 109 345 75 0 3 0 22 119210 -1 -1 -1 -1 -1 -1)
#(0 109 1138 29 0 2 0 23 122974 -1 -1 -1 -1 -1 -1)
#(0 109 1152 36 0 2 0 24 128585 -1 -1 -1 -1 -1 -1)
#(0 109 1475 23 0 0 0 25 132386 -1 -1 -1 -1 -1 -1)
#(0 109 343 44 0 3 0 28 152692 -1 -1 -1 -1 -1 -1)
#(0 109 1474 28 0 0 0 30 158884 -1 -1 -1 -1 -1 -1)
#(0 109 341 59 0 2 0 30 160069 -1 -1 -1 -1 -1 -1)
#(0 109 1142 39 0 2 0 32 171003 -1 -1 -1 -1 -1 -1)
#(0 109 351 64 0 2 0 34 182084 -1 -1 -1 -1 -1 -1)
#(0 109 733 59 0 2 0 42 225754 -1 -1 -1 -1 -1 -1)
#(0 109 348 57 0 2 0 42 224577 -1 -1 -1 -1 -1 -1)
#(0 109 340 44 0 2 0 43 231983 -1 -1 -1 -1 -1 -1)
#(0 109 740 68 0 2 0 45 242795 -1 -1 -1 -1 -1 -1)
#(0 109 1478 20 0 0 0 46 243206 -1 -1 -1 -1 -1 -1)
#(0 109 1145 30 0 3 0 48 255055 -1 -1 -1 -1 -1 -1)
#(0 109 1482 29 0 0 0 49 259189 -1 -1 -1 -1 -1 -1)
#(0 109 735 57 0 2 0 57 305054 -1 -1 -1 -1 -1 -1)
#(0 109 1149 34 0 2 0 66 350233 -1 -1 -1 -1 -1 -1)
#(0 109 743 51 0 3 0 69 367950 -1 -1 -1 -1 -1 -1)
#(0 109 736 44 0 2 1 95 503921 -1 -1 -1 -1 -1 -1)
#(0 109 1106 20 0 3 1 93 495318 -1 -1 -1 -1 -1 -1)
#(0 109 1143 26 0 2 1 90 479151 -1 -1 -1 -1 -1 -1)
#(0 109 739 59 0 2 1 87 459783 -1 -1 -1 -1 -1 -1)
#(0 109 1480 23 0 0 1 83 443146 -1 -1 -1 -1 -1 -1)
#(0 109 744 54 0 2 1 83 439629 -1 -1 -1 -1 -1 -1)
#(0 109 1476 29 0 0 1 82 437747 -1 -1 -1 -1 -1 -1)
#(0 109 1137 47 0 1 1 81 430508 -1 -1 -1 -1 -1 -1)
#(0 109 346 64 0 3 1 80 425010 -1 -1 -1 -1 -1 -1)
#(0 109 738 67 0 3 1 78 411905 -1 -1 -1 -1 -1 -1)
#(0 109 732 59 0 1 1 77 407126 -1 -1 -1 -1 -1 -1)
#(0 109 1483 32 0 0 1 75 400764 -1 -1 -1 -1 -1 -1)
#(0 109 730 62 0 2 1 75 396429 -1 -1 -1 -1 -1 -1)
#(0 109 731 70 0 2 1 65 348142 -1 -1 -1 -1 -1 -1)
#(0 109 734 54 0 3 1 65 344394 -1 -1 -1 -1 -1 -1)
#(0 109 349 75 0 1 1 63 333927 -1 -1 -1 -1 -1 -1)
#(0 109 1479 23 0 0 1 61 326974 -1 -1 -1 -1 -1 -1)
#(0 109 1144 34 0 2 1 61 325601 -1 -1 -1 -1 -1 -1)
#(4 109 1144 -1 0 -1 -1 -1 -1 34 0 0 0 0 -1)
#(0 109 1471 20 0 0 1 59 316467 -1 -1 -1 -1 -1 -1)
#(0 109 1141 44 0 1 1 51 272222 -1 -1 -1 -1 -1 -1)
#(0 109 339 75 0 2 1 47 251219 -1 -1 -1 -1 -1 -1)
#(0 109 742 67 0 2 1 41 216721 -1 -1 -1 -1 -1 -1)
#(0 109 1140 20 0 3 1 36 194316 -1 -1 -1 -1 -1 -1)
#(0 109 745 59 0 3 1 36 190987 -1 -1 -1 -1 -1 -1)
#(0 109 350 59 0 2 1 28 151304 -1 -1 -1 -1 -1 -1)
#(0 109 347 51 0 1 1 18 99663 -1 -1 -1 -1 -1 -1)
#(0 110 1490 34 0 0 0 0 585 -1 -1 -1 -1 -1 -1)
#(0 110 1139 28 0 2 0 1 6760 -1 -1 -1 -1 -1 -1)
#(0 110 1155 42 0 1 0 2 12813 -1 -1 -1 -1 -1 -1)
#(0 110 753 51 0 2 0 3 19472 -1 -1 -1 -1 -1 -1)
#(0 110 1500 32 0 0 0 9 48041 -1 -1 -1 -1 -1 -1)
#(0 110 749 49 0 1 0 10 56280 -1 -1 -1 -1 -1 -1)
#(0 110 1498 28 0 0 0 12 63823 -1 -1 -1 -1 -1 -1)
#(0 110 358 59 0 1 0 12 65076 -1 -1 -1 -1 -1 -1)
#(0 110 757 57 0 1 0 15 83418 -1 -1 -1 -1 -1 -1)
#(0 110 1156 21 0 2 0 15 80252 -1 -1 -1 -1 -1 -1)
#(0 110 1502 32 0 0 0 19 100835 -1 -1 -1 -1 -1 -1)
#(0 110 746 70 0 2 0 23 121586 -1 -1 -1 -1 -1 -1)
#(0 110 1158 38 0 3 0 25 133971 -1 -1 -1 -1 -1 -1)
#(0 110 1496 20 0 0 0 26 137605 -1 -1 -1 -1 -1 -1)
#(0 110 1499 26 0 0 0 31 164102 -1 -1 -1 -1 -1 -1)
#(0 110 752 64 0 2 0 31 168813 -1 -1 -1 -1 -1 -1)
#(0 110 1151 36 0 2 0 32 170826 -1 -1 -1 -1 -1 -1)
#(0 110 362 56 0 2 0 32 170453 -1 -1 -1 -1 -1 -1)
#(0 110 751 60 0 1 0 32 173663 -1 -1 -1 -1 -1 -1)
#(0 110 359 62 0 3 0 37 197547 -1 -1 -1 -1 -1 -1)
#(0 110 756 67 0 2 0 40 211219 -1 -1 -1 -1 -1 -1)
#(0 110 747 52 0 1 0 41 219985 -1 -1 -1 -1 -1 -1)
#(0 110 1501 28 0 0 0 43 227491 -1 -1 -1 -1 -1 -1)
#(0 110 1157 41 0 1 0 49 260958 -1 -1 -1 -1 -1 -1)
#(0 110 357 55 0 3 0 55 291618 -1 -1 -1 -1 -1 -1)
#(0 110 1159 21 0 2 0 56 296728 -1 -1 -1 -1 -1 -1)
#(0 110 1492 32 0 0 0 58 306777 -1 -1 -1 -1 -1 -1)
#(0 110 1489 29 0 0 0 65 343690 -1 -1 -1 -1 -1 -1)
#(0 110 1493 23 0 0 0 86 454460 -1 -1 -1 -1 -1 -1)
#(0 110 1494 25 0 0 0 89 470326 -1 -1 -1 -1 -1 -1)
#(0 110 750 61 0 2 1 98 517726 -1 -1 -1 -1 -1 -1)
#(0 110 727 44 0 3 1 96 509206 -1 -1 -1 -1 -1 -1)
#(0 110 1486 29 0 0 1 95 506377 -1 -1 -1 -1 -1 -1)
#(0 110 1487 28 0 0 1 93 495843 -1 -1 -1 -1 -1 -1)
#(0 110 1484 29 0 0 1 91 485262 -1 -1 -1 -1 -1 -1)
#(0 110 1153 36 0 3 1 91 483897 -1 -1 -1 -1 -1 -1)
#(0 110 361 61 0 1 1 87 462782 -1 -1 -1 -1 -1 -1)
#(0 110 1150 27 0 2 1 86 457966 -1 -1 -1 -1 -1 -1)
#(0 110 754 68 0 2 1 84 443720 -1 -1 -1 -1 -1 -1)
#(0 110 352 52 0 2 1 83 442096 -1 -1 -1 -1 -1 -1)
#(0 110 1477 30 0 0 1 82 437753 -1 -1 -1 -1 -1 -1)
#(0 110 1497 26 0 0 1 77 411413 -1 -1 -1 -1 -1 -1)
#(0 110 335 47 0 2 1 77 406875 -1 -1 -1 -1 -1 -1)
#(0 110 741 58 0 3 1 75 396863 -1 -1 -1 -1 -1 -1)
#(0 110 363 51 0 2 1 74 395488 -1 -1 -1 -1 -1 -1)
#(0 110 355 71 0 1 1 73 387782 -1 -1 -1 -1 -1 -1)
#(0 110 1495 34 0 0 1 68 363751 -1 -1 -1 -1 -1 -1)
#(0 110 356 51 0 2 1 64 342603 -1 -1 -1 -1 -1 -1)
#(0 110 1161 38 0 1 1 63 335948 -1 -1 -1 -1 -1 -1)
#(0 110 1488 29 0 0 1 60 321584 -1 -1 -1 -1 -1 -1)
#(0 110 755 51 0 2 1 58 307859 -1 -1 -1 -1 -1 -1)
#(0 110 1160 40 0 3 1 54 288304 -1 -1 -1 -1 -1 -1)
#(0 110 1491 23 0 0 1 52 279455 -1 -1 -1 -1 -1 -1)
#(0 110 748 64 0 2 1 47 248380 -1 -1 -1 -1 -1 -1)
#(0 110 353 55 0 2 1 45 241799 -1 -1 -1 -1 -1 -1)
#(0 110 1485 23 0 0 1 40 216087 -1 -1 -1 -1 -1 -1)
#(0 110 1154 36 0 2 1 26 140669 -1 -1 -1 -1 -1 -1)
#(0 111 1146 25 0 2 0 1 6595 -1 -1 -1 -1 -1 -1)
#(0 111 1505 22 0 0 0 4 21492 -1 -1 -1 -1 -1 -1)
#(0 111 366 56 0 3 0 4 22193 -1 -1 -1 -1 -1 -1)
#(0 111 769 55 0 2 0 5 30625 -1 -1 -1 -1 -1 -1)
#(0 111 1512 25 0 0 0 7 37367 -1 -1 -1 -1 -1 -1)
#(0 111 762 59 0 1 0 8 46834 -1 -1 -1 -1 -1 -1)
#(0 111 375 59 0 1 0 19 102074 -1 -1 -1 -1 -1 -1)
#(0 111 1162 29 0 2 0 21 112314 -1 -1 -1 -1 -1 -1)
#(0 111 373 51 0 2 0 25 132625 -1 -1 -1 -1 -1 -1)
#(0 111 1504 29 0 0 0 27 143063 -1 -1 -1 -1 -1 -1)
#(0 111 1506 23 0 0 0 29 153507 -1 -1 -1 -1 -1 -1)
#(0 111 344 54 0 3 0 29 153266 -1 -1 -1 -1 -1 -1)
#(0 111 766 60 0 4 0 34 184226 -1 -1 -1 -1 -1 -1)
#(0 111 1517 26 0 0 0 36 190492 -1 -1 -1 -1 -1 -1)
#(0 111 1166 26 0 2 0 36 191431 -1 -1 -1 -1 -1 -1)
#(0 111 368 62 0 2 0 38 202207 -1 -1 -1 -1 -1 -1)
#(0 111 1167 37 0 2 0 42 223669 -1 -1 -1 -1 -1 -1)
#(0 111 737 67 0 2 0 42 226443 -1 -1 -1 -1 -1 -1)
#(0 111 758 62 0 3 0 44 237065 -1 -1 -1 -1 -1 -1)
#(0 111 1165 36 0 1 0 45 239466 -1 -1 -1 -1 -1 -1)
#(0 111 377 55 0 2 0 47 249319 -1 -1 -1 -1 -1 -1)
#(0 111 369 39 0 4 0 48 258030 -1 -1 -1 -1 -1 -1)
#(0 111 367 75 0 3 0 50 267035 -1 -1 -1 -1 -1 -1)
#(0 111 364 51 0 3 0 52 276384 -1 -1 -1 -1 -1 -1)
#(0 111 760 70 0 2 0 53 280278 -1 -1 -1 -1 -1 -1)
#(0 111 770 44 0 2 0 57 303893 -1 -1 -1 -1 -1 -1)
#(0 111 759 51 0 3 0 58 309869 -1 -1 -1 -1 -1 -1)
#(0 111 1508 25 0 0 0 59 311932 -1 -1 -1 -1 -1 -1)
#(0 111 1163 36 0 3 0 71 376722 -1 -1 -1 -1 -1 -1)
#(0 111 772 64 0 3 0 96 511743 -1 -1 -1 -1 -1 -1)
#(0 111 365 67 0 3 1 98 521303 -1 -1 -1 -1 -1 -1)
#(0 111 771 57 0 3 1 97 513138 -1 -1 -1 -1 -1 -1)
#(0 111 761 56 0 3 1 94 497097 -1 -1 -1 -1 -1 -1)
#(0 111 1168 31 0 2 1 92 489458 -1 -1 -1 -1 -1 -1)
#(0 111 1147 26 0 2 1 90 479115 -1 -1 -1 -1 -1 -1)
#(0 111 774 62 0 1 1 88 465678 -1 -1 -1 -1 -1 -1)
#(0 111 372 62 0 1 1 85 451906 -1 -1 -1 -1 -1 -1)
#(0 111 1509 24 0 0 1 83 443117 -1 -1 -1 -1 -1 -1)
#(0 111 354 54 0 2 1 83 442326 -1 -1 -1 -1 -1 -1)
#(0 111 1164 42 0 2 1 82 436032 -1 -1 -1 -1 -1 -1)
#(0 111 763 55 0 3 1 79 418398 -1 -1 -1 -1 -1 -1)
#(0 111 764 51 0 3 1 73 387023 -1 -1 -1 -1 -1 -1)
#(0 111 360 63 0 2 1 73 388636 -1 -1 -1 -1 -1 -1)
#(0 111 374 56 0 1 1 67 357544 -1 -1 -1 -1 -1 -1)
#(0 111 1169 26 0 2 1 67 357683 -1 -1 -1 -1 -1 -1)
#(0 111 1516 27 0 0 1 64 342767 -1 -1 -1 -1 -1 -1)
#(0 111 768 45 0 1 1 61 324419 -1 -1 -1 -1 -1 -1)
#(0 111 767 67 0 2 1 55 290546 -1 -1 -1 -1 -1 -1)
#(0 111 765 57 0 2 1 53 280934 -1 -1 -1 -1 -1 -1)
#(0 111 371 67 0 3 1 52 276969 -1 -1 -1 -1 -1 -1)
#(0 111 1503 30 0 0 1 46 247635 -1 -1 -1 -1 -1 -1)
#(0 111 1507 20 0 0 1 45 242550 -1 -1 -1 -1 -1 -1)
#(0 111 370 51 0 2 1 33 178950 -1 -1 -1 -1 -1 -1)
#(0 111 376 62 0 2 1 12 66571 -1 -1 -1 -1 -1 -1)
#(0 112 776 43 0 2 0 11 61012 -1 -1 -1 -1 -1 -1)
#(0 112 384 57 0 2 0 13 69175 -1 -1 -1 -1 -1 -1)
#(0 112 777 64 0 3 0 14 78799 -1 -1 -1 -1 -1 -1)
#(0 112 1173 44 0 3 0 16 86781 -1 -1 -1 -1 -1 -1)
#(0 112 379 57 0 2 0 17 91302 -1 -1 -1 -1 -1 -1)
#(0 112 1178 45 0 3 0 18 97451 -1 -1 -1 -1 -1 -1)
#(0 112 381 68 0 2 0 21 114214 -1 -1 -1 -1 -1 -1)
#(0 112 1177 35 0 3 0 22 117996 -1 -1 -1 -1 -1 -1)
#(0 112 1172 21 0 2 0 25 133065 -1 -1 -1 -1 -1 -1)
#(0 112 1513 24 0 0 0 27 142969 -1 -1 -1 -1 -1 -1)
#(0 112 1510 24 0 0 0 29 153508 -1 -1 -1 -1 -1 -1)
#(0 112 1511 24 0 0 0 31 164089 -1 -1 -1 -1 -1 -1)
#(0 112 388 53 0 1 0 32 170688 -1 -1 -1 -1 -1 -1)
#(0 112 782 64 0 3 0 42 226054 -1 -1 -1 -1 -1 -1)
#(0 112 1518 22 0 0 0 86 454447 -1 -1 -1 -1 -1 -1)
#(0 112 784 59 0 3 1 98 518333 -1 -1 -1 -1 -1 -1)
#(0 112 386 67 0 2 1 97 516233 -1 -1 -1 -1 -1 -1)
#(0 112 781 45 0 2 1 95 503821 -1 -1 -1 -1 -1 -1)
#(0 112 1175 20 0 0 1 90 479489 -1 -1 -1 -1 -1 -1)
#(0 112 387 54 0 2 1 88 468836 -1 -1 -1 -1 -1 -1)
#(0 112 1170 26 0 2 1 86 457968 -1 -1 -1 -1 -1 -1)
#(0 112 1176 46 0 2 1 78 414703 -1 -1 -1 -1 -1 -1)
#(0 112 1520 25 0 0 1 76 406142 -1 -1 -1 -1 -1 -1)
#(0 112 1519 27 0 0 1 73 390262 -1 -1 -1 -1 -1 -1)
#(0 112 378 44 0 2 1 65 343557 -1 -1 -1 -1 -1 -1)
#(0 112 780 55 0 2 1 64 339245 -1 -1 -1 -1 -1 -1)
#(0 112 1179 35 0 2 1 64 341387 -1 -1 -1 -1 -1 -1)
#(0 112 385 69 0 2 1 60 319104 -1 -1 -1 -1 -1 -1)
#(0 112 1174 40 0 1 1 60 319997 -1 -1 -1 -1 -1 -1)
#(4 112 1174 -1 0 -1 -1 -1 -1 35 0 0 0 0 -1)
#(0 112 380 60 0 1 1 59 314961 -1 -1 -1 -1 -1 -1)
#(0 112 1521 28 0 0 1 51 274082 -1 -1 -1 -1 -1 -1)
#(0 112 783 59 0 1 1 50 264807 -1 -1 -1 -1 -1 -1)
#(0 112 1523 28 0 0 1 44 237129 -1 -1 -1 -1 -1 -1)
#(0 112 778 67 0 2 1 42 221823 -1 -1 -1 -1 -1 -1)
#(0 112 779 62 0 2 1 29 153772 -1 -1 -1 -1 -1 -1)
#(0 112 775 67 0 2 1 13 73673 -1 -1 -1 -1 -1 -1)
#(0 113 398 59 0 1 0 3 17799 -1 -1 -1 -1 -1 -1)
#(0 113 389 60 0 2 0 4 22439 -1 -1 -1 -1 -1 -1)
#(0 113 789 51 0 3 0 6 35383 -1 -1 -1 -1 -1 -1)
#(0 113 1189 39 0 2 0 10 54835 -1 -1 -1 -1 -1 -1)
#(0 113 397 59 0 1 0 12 64920 -1 -1 -1 -1 -1 -1)
#(0 113 395 44 0 1 0 13 73548 -1 -1 -1 -1 -1 -1)
#(0 113 1528 24 0 0 0 17 90161 -1 -1 -1 -1 -1 -1)
#(0 113 788 71 0 2 0 20 106287 -1 -1 -1 -1 -1 -1)
#(0 113 794 59 0 3 0 21 115228 -1 -1 -1 -1 -1 -1)
#(0 113 793 51 0 2 0 25 135572 -1 -1 -1 -1 -1 -1)
#(0 113 1522 26 0 0 0 27 142971 -1 -1 -1 -1 -1 -1)
#(0 113 1186 29 0 2 0 30 159930 -1 -1 -1 -1 -1 -1)
#(0 113 1514 25 0 0 0 31 164092 -1 -1 -1 -1 -1 -1)
#(0 113 1182 34 0 3 0 31 165469 -1 -1 -1 -1 -1 -1)
#(0 113 1530 29 0 0 0 32 169436 -1 -1 -1 -1 -1 -1)
#(0 113 1184 34 0 3 0 32 170788 -1 -1 -1 -1 -1 -1)
#(0 113 1191 50 0 3 0 33 176817 -1 -1 -1 -1 -1 -1)
#(0 113 391 66 0 2 0 33 176756 -1 -1 -1 -1 -1 -1)
#(0 113 390 51 0 3 0 39 206286 -1 -1 -1 -1 -1 -1)
#(0 113 393 62 0 1 0 43 228049 -1 -1 -1 -1 -1 -1)
#(0 113 382 70 0 1 0 49 259919 -1 -1 -1 -1 -1 -1)
#(0 113 396 67 0 2 0 51 271996 -1 -1 -1 -1 -1 -1)
#(0 113 1181 47 0 1 0 58 308685 -1 -1 -1 -1 -1 -1)
#(0 113 1183 21 0 2 0 59 312580 -1 -1 -1 -1 -1 -1)
#(0 113 792 53 0 3 0 63 336583 -1 -1 -1 -1 -1 -1)
#(0 113 1192 45 0 3 0 90 477519 -1 -1 -1 -1 -1 -1)
#(0 113 773 55 0 3 1 97 513439 -1 -1 -1 -1 -1 -1)
#(0 113 1188 28 0 2 1 97 516003 -1 -1 -1 -1 -1 -1)
#(0 113 1187 36 0 1 1 95 504985 -1 -1 -1 -1 -1 -1)
#(0 113 1171 32 0 2 1 92 489369 -1 -1 -1 -1 -1 -1)
#(0 113 1527 26 0 0 1 91 485327 -1 -1 -1 -1 -1 -1)
#(0 113 1194 28 0 2 1 89 473667 -1 -1 -1 -1 -1 -1)
#(0 113 786 59 0 1 1 88 465832 -1 -1 -1 -1 -1 -1)
#(0 113 1190 25 0 2 1 88 468539 -1 -1 -1 -1 -1 -1)
#(0 113 399 62 0 3 1 86 458367 -1 -1 -1 -1 -1 -1)
#(0 113 790 61 0 2 1 86 454848 -1 -1 -1 -1 -1 -1)
#(0 113 1529 32 0 0 1 80 427151 -1 -1 -1 -1 -1 -1)
#(0 113 1526 26 0 0 1 77 411401 -1 -1 -1 -1 -1 -1)
#(0 113 1180 37 0 1 1 74 394053 -1 -1 -1 -1 -1 -1)
#(0 113 785 67 0 2 1 73 386462 -1 -1 -1 -1 -1 -1)
#(0 113 787 51 0 1 1 72 381747 -1 -1 -1 -1 -1 -1)
#(0 113 1524 20 0 0 1 59 316467 -1 -1 -1 -1 -1 -1)
#(0 113 791 53 0 1 1 59 312804 -1 -1 -1 -1 -1 -1)
#(0 113 394 44 0 2 1 56 296066 -1 -1 -1 -1 -1 -1)
#(0 113 1515 22 0 0 1 45 242522 -1 -1 -1 -1 -1 -1)
#(0 113 1185 40 0 3 1 43 230252 -1 -1 -1 -1 -1 -1)
#(0 113 392 62 0 2 1 39 209385 -1 -1 -1 -1 -1 -1)
#(0 114 796 62 0 2 0 2 15032 -1 -1 -1 -1 -1 -1)
#(0 114 413 61 0 2 0 6 33796 -1 -1 -1 -1 -1 -1)
#(0 114 401 65 0 2 0 7 39251 -1 -1 -1 -1 -1 -1)
#(0 114 799 51 0 2 0 11 61413 -1 -1 -1 -1 -1 -1)
#(0 114 1542 30 0 0 0 16 84977 -1 -1 -1 -1 -1 -1)
#(0 114 802 51 0 1 0 18 98700 -1 -1 -1 -1 -1 -1)
#(0 114 405 44 0 2 0 28 152583 -1 -1 -1 -1 -1 -1)
#(0 114 1525 24 0 0 0 29 153530 -1 -1 -1 -1 -1 -1)
#(0 114 795 66 0 1 0 34 184727 -1 -1 -1 -1 -1 -1)
#(0 114 1202 29 0 2 0 35 186318 -1 -1 -1 -1 -1 -1)
#(0 114 1195 21 0 2 0 37 196423 -1 -1 -1 -1 -1 -1)
#(0 114 1198 36 0 1 0 39 207848 -1 -1 -1 -1 -1 -1)
#(0 114 1534 30 0 0 0 42 222272 -1 -1 -1 -1 -1 -1)
#(2 114 1534 -1 -1 -1 -1 -1 -1 36 -1 -1 -1 -1 -1)
#(0 114 414 70 0 3 0 46 246240 -1 -1 -1 -1 -1 -1)
#(0 114 1540 30 0 0 0 57 301457 -1 -1 -1 -1 -1 -1)
#(0 114 1193 49 0 2 0 58 308758 -1 -1 -1 -1 -1 -1)
#(0 114 1536 34 0 0 0 61 322655 -1 -1 -1 -1 -1 -1)
#(0 114 411 59 0 2 0 63 334466 -1 -1 -1 -1 -1 -1)
#(0 114 400 65 0 1 0 65 346161 -1 -1 -1 -1 -1 -1)
#(0 114 806 57 0 1 0 72 384469 -1 -1 -1 -1 -1 -1)
#(0 114 407 44 0 2 0 78 416709 -1 -1 -1 -1 -1 -1)
#(0 114 800 50 0 1 1 92 487524 -1 -1 -1 -1 -1 -1)
#(0 114 403 55 0 2 1 92 489634 -1 -1 -1 -1 -1 -1)
#(0 114 803 57 0 2 1 91 481415 -1 -1 -1 -1 -1 -1)
#(0 114 1541 29 0 0 1 90 480010 -1 -1 -1 -1 -1 -1)
#(0 114 1533 20 0 0 1 89 474869 -1 -1 -1 -1 -1 -1)
#(0 114 798 59 0 1 1 88 465808 -1 -1 -1 -1 -1 -1)
#(0 114 409 44 0 3 1 86 454425 -1 -1 -1 -1 -1 -1)
#(0 114 1197 43 0 1 1 84 446527 -1 -1 -1 -1 -1 -1)
#(0 114 804 67 0 1 1 81 432942 -1 -1 -1 -1 -1 -1)
#(0 114 404 64 0 3 1 80 425157 -1 -1 -1 -1 -1 -1)
#(0 114 1531 23 0 0 1 78 416725 -1 -1 -1 -1 -1 -1)
#(0 114 1200 34 0 3 1 68 362487 -1 -1 -1 -1 -1 -1)
#(0 114 1538 23 0 0 1 62 332258 -1 -1 -1 -1 -1 -1)
#(0 114 1199 31 0 2 1 58 309918 -1 -1 -1 -1 -1 -1)
#(0 114 402 50 0 1 1 53 284132 -1 -1 -1 -1 -1 -1)
#(0 114 797 57 0 1 1 50 265058 -1 -1 -1 -1 -1 -1)
#(0 114 1532 27 0 0 1 40 216022 -1 -1 -1 -1 -1 -1)
#(0 114 412 55 0 2 1 33 178385 -1 -1 -1 -1 -1 -1)
#(0 114 1196 39 0 2 1 30 161662 -1 -1 -1 -1 -1 -1)
#(0 114 1537 26 0 0 1 21 115726 -1 -1 -1 -1 -1 -1)
#(0 115 415 57 0 1 0 3 17426 -1 -1 -1 -1 -1 -1)
#(0 115 1546 32 0 0 0 8 42792 -1 -1 -1 -1 -1 -1)
#(0 115 821 70 0 2 0 8 42815 -1 -1 -1 -1 -1 -1)
#(0 115 1212 23 0 2 0 9 48796 -1 -1 -1 -1 -1 -1)
#(0 115 1545 28 0 0 0 10 53283 -1 -1 -1 -1 -1 -1)
#(0 115 811 61 0 3 0 11 61913 -1 -1 -1 -1 -1 -1)
#(0 115 406 70 0 3 0 12 66123 -1 -1 -1 -1 -1 -1)
#(0 115 418 44 0 2 0 14 78809 -1 -1 -1 -1 -1 -1)
#(0 115 1549 32 0 0 0 15 79737 -1 -1 -1 -1 -1 -1)
#(0 115 431 60 0 1 0 17 91565 -1 -1 -1 -1 -1 -1)
#(0 115 817 41 0 2 0 18 97836 -1 -1 -1 -1 -1 -1)
#(0 115 423 59 0 1 0 18 96981 -1 -1 -1 -1 -1 -1)
#(0 115 422 69 0 1 0 24 129392 -1 -1 -1 -1 -1 -1)
#(0 115 1535 26 0 0 0 27 142995 -1 -1 -1 -1 -1 -1)
#(0 115 1209 46 0 1 0 27 145018 -1 -1 -1 -1 -1 -1)
#(0 115 1205 21 0 3 0 28 148897 -1 -1 -1 -1 -1 -1)
#(0 115 1539 23 0 0 0 29 153501 -1 -1 -1 -1 -1 -1)
#(0 115 1558 25 0 0 0 31 164086 -1 -1 -1 -1 -1 -1)
#(0 115 805 57 0 2 0 34 183683 -1 -1 -1 -1 -1 -1)
#(0 115 420 61 0 2 0 34 181573 -1 -1 -1 -1 -1 -1)
#(0 115 809 52 0 2 0 41 220131 -1 -1 -1 -1 -1 -1)
#(0 115 813 61 0 2 0 42 226023 -1 -1 -1 -1 -1 -1)
#(0 115 430 68 0 3 0 47 250034 -1 -1 -1 -1 -1 -1)
#(0 115 1551 26 0 0 0 55 290833 -1 -1 -1 -1 -1 -1)
#(0 115 1547 20 0 0 0 69 364657 -1 -1 -1 -1 -1 -1)
#(0 115 808 75 0 3 0 78 412704 -1 -1 -1 -1 -1 -1)
#(0 115 1560 30 0 0 1 98 522229 -1 -1 -1 -1 -1 -1)
#(0 115 810 61 0 2 1 98 518226 -1 -1 -1 -1 -1 -1)
#(0 115 1556 28 0 0 1 96 511702 -1 -1 -1 -1 -1 -1)
#(4 115 1556 -1 0 -1 -1 -1 -1 37 0 0 0 0 -1)
#(0 115 801 44 0 1 1 92 488089 -1 -1 -1 -1 -1 -1)
#(0 115 1204 26 0 2 1 92 489679 -1 -1 -1 -1 -1 -1)
#(0 115 417 44 0 3 1 91 480922 -1 -1 -1 -1 -1 -1)
#(0 115 1207 20 0 2 1 90 479430 -1 -1 -1 -1 -1 -1)
#(0 115 1544 20 0 0 1 89 474886 -1 -1 -1 -1 -1 -1)
#(0 115 1201 27 0 2 1 89 473704 -1 -1 -1 -1 -1 -1)
#(0 115 425 67 0 1 1 88 467628 -1 -1 -1 -1 -1 -1)
#(0 115 1211 20 0 3 1 84 447770 -1 -1 -1 -1 -1 -1)
#(0 115 1210 49 0 1 1 81 430383 -1 -1 -1 -1 -1 -1)
#(0 115 427 64 0 1 1 81 430499 -1 -1 -1 -1 -1 -1)
#(0 115 410 67 0 2 1 80 425186 -1 -1 -1 -1 -1 -1)
#(0 115 1206 43 0 1 1 79 420105 -1 -1 -1 -1 -1 -1)
#(0 115 416 67 0 3 1 78 414108 -1 -1 -1 -1 -1 -1)
#(0 115 1559 25 0 0 1 76 406155 -1 -1 -1 -1 -1 -1)
#(0 115 1548 30 0 0 1 75 400763 -1 -1 -1 -1 -1 -1)
#(0 115 419 55 0 1 1 75 400201 -1 -1 -1 -1 -1 -1)
#(0 115 814 74 0 2 1 69 369219 -1 -1 -1 -1 -1 -1)
#(0 115 815 62 0 2 1 69 364828 -1 -1 -1 -1 -1 -1)
#(0 115 818 51 0 2 1 67 355408 -1 -1 -1 -1 -1 -1)
#(0 115 421 51 0 1 1 65 343306 -1 -1 -1 -1 -1 -1)
#(0 115 1543 19 0 0 1 62 332335 -1 -1 -1 -1 -1 -1)
#(0 115 429 61 0 3 1 61 325403 -1 -1 -1 -1 -1 -1)
#(0 115 819 57 0 1 1 57 301981 -1 -1 -1 -1 -1 -1)
#(0 115 812 59 0 2 1 56 296278 -1 -1 -1 -1 -1 -1)
#(0 115 408 70 0 1 1 55 293934 -1 -1 -1 -1 -1 -1)
#(0 115 822 59 0 3 1 54 286079 -1 -1 -1 -1 -1 -1)
#(0 115 1550 28 0 0 1 51 274087 -1 -1 -1 -1 -1 -1)
#(0 115 1553 22 0 0 1 45 242510 -1 -1 -1 -1 -1 -1)
#(0 115 816 62 0 2 1 39 206466 -1 -1 -1 -1 -1 -1)
#(3 115 816 -1 0 -1 -1 -1 -1 38 -1 -1 -1 -1 0)
#(0 115 1203 41 0 1 1 37 198483 -1 -1 -1 -1 -1 -1)
#(0 115 823 43 0 2 1 31 166060 -1 -1 -1 -1 -1 -1)
#(0 115 1208 54 0 3 1 16 86947 -1 -1 -1 -1 -1 -1)
#(0 116 1563 27 0 0 0 2 11012 -1 -1 -1 -1 -1 -1)
#(0 116 1221 27 0 2 0 6 33077 -1 -1 -1 -1 -1 -1)
#(0 116 438 55 0 3 0 9 49017 -1 -1 -1 -1 -1 -1)
#(0 116 1552 25 0 0 0 10 53209 -1 -1 -1 -1 -1 -1)
#(0 116 437 42 0 4 0 13 73540 -1 -1 -1 -1 -1 -1)
#(0 116 1214 43 0 3 0 14 76143 -1 -1 -1 -1 -1 -1)
#(0 116 1555 29 0 0 0 15 79682 -1 -1 -1 -1 -1 -1)
#(0 116 426 59 0 1 0 18 97265 -1 -1 -1 -1 -1 -1)
#(0 116 1220 38 0 1 0 18 97020 -1 -1 -1 -1 -1 -1)
#(0 116 443 70 0 2 0 20 109492 -1 -1 -1 -1 -1 -1)
#(0 116 834 59 0 2 0 21 115130 -1 -1 -1 -1 -1 -1)
#(0 116 1561 27 0 0 0 22 116616 -1 -1 -1 -1 -1 -1)
#(0 116 832 57 0 2 0 23 125602 -1 -1 -1 -1 -1 -1)
#(0 116 1227 33 0 1 0 23 123157 -1 -1 -1 -1 -1 -1)
#(0 116 1572 20 0 0 0 24 127036 -1 -1 -1 -1 -1 -1)
#(0 116 827 62 0 1 0 24 131450 -1 -1 -1 -1 -1 -1)
#(0 116 1216 21 0 2 0 25 133112 -1 -1 -1 -1 -1 -1)
#(0 116 1565 27 0 0 0 27 142997 -1 -1 -1 -1 -1 -1)
#(0 116 828 44 0 2 0 29 156086 -1 -1 -1 -1 -1 -1)
#(0 116 432 64 0 2 0 31 166052 -1 -1 -1 -1 -1 -1)
#(0 116 829 59 0 2 0 32 173508 -1 -1 -1 -1 -1 -1)
#(0 116 433 59 0 1 0 33 175962 -1 -1 -1 -1 -1 -1)
#(0 116 807 51 0 2 0 34 183143 -1 -1 -1 -1 -1 -1)
#(0 116 833 58 0 2 0 42 225902 -1 -1 -1 -1 -1 -1)
#(0 116 1569 27 0 0 0 43 227486 -1 -1 -1 -1 -1 -1)
#(0 116 1229 20 0 2 0 43 228070 -1 -1 -1 -1 -1 -1)
#(0 116 435 74 0 3 0 44 233705 -1 -1 -1 -1 -1 -1)
#(0 116 1223 38 0 1 0 45 239607 -1 -1 -1 -1 -1 -1)
#(0 116 434 51 0 1 0 48 258598 -1 -1 -1 -1 -1 -1)
#(0 116 1566 34 0 0 0 58 306801 -1 -1 -1 -1 -1 -1)
#(0 116 424 64 0 1 0 79 417991 -1 -1 -1 -1 -1 -1)
#(0 116 1228 32 0 1 1 95 505149 -1 -1 -1 -1 -1 -1)
#(0 116 825 44 0 2 1 94 498607 -1 -1 -1 -1 -1 -1)
#(0 116 1224 26 0 3 1 93 494975 -1 -1 -1 -1 -1 -1)
#(0 116 442 64 0 2 1 91 483346 -1 -1 -1 -1 -1 -1)
#(0 116 440 62 0 2 1 88 468174 -1 -1 -1 -1 -1 -1)
#(0 116 1562 27 0 0 1 85 453628 -1 -1 -1 -1 -1 -1)
#(0 116 1571 26 0 0 1 84 448384 -1 -1 -1 -1 -1 -1)
#(0 116 1570 27 0 0 1 83 443080 -1 -1 -1 -1 -1 -1)
#(0 116 1225 28 0 2 1 81 431550 -1 -1 -1 -1 -1 -1)
#(0 116 1226 36 0 2 1 79 420543 -1 -1 -1 -1 -1 -1)
#(0 116 1568 21 0 0 1 78 416783 -1 -1 -1 -1 -1 -1)
#(0 116 428 62 0 2 1 78 414887 -1 -1 -1 -1 -1 -1)
#(0 116 826 60 0 2 1 77 407112 -1 -1 -1 -1 -1 -1)
#(0 116 830 44 0 1 1 73 387743 -1 -1 -1 -1 -1 -1)
#(0 116 1564 28 0 0 1 68 363849 -1 -1 -1 -1 -1 -1)
#(0 116 831 51 0 2 1 68 360760 -1 -1 -1 -1 -1 -1)
#(0 116 1567 32 0 0 1 66 353231 -1 -1 -1 -1 -1 -1)
#(0 116 824 51 0 2 1 64 339618 -1 -1 -1 -1 -1 -1)
#(0 116 1215 30 0 2 1 57 304672 -1 -1 -1 -1 -1 -1)
#(0 116 1213 24 0 2 1 36 193994 -1 -1 -1 -1 -1 -1)
#(0 116 1218 32 0 2 1 34 183142 -1 -1 -1 -1 -1 -1)
#(0 116 1222 20 0 3 1 33 178485 -1 -1 -1 -1 -1 -1)
#(0 116 1217 20 0 3 1 26 141525 -1 -1 -1 -1 -1 -1)
#(0 117 1233 27 0 2 0 0 1473 -1 -1 -1 -1 -1 -1)
#(0 117 1576 28 0 0 0 11 58545 -1 -1 -1 -1 -1 -1)
#(0 117 1236 48 0 3 0 12 65834 -1 -1 -1 -1 -1 -1)
#(0 117 1577 25 0 0 0 13 69041 -1 -1 -1 -1 -1 -1)
#(0 117 1231 40 0 3 0 13 70708 -1 -1 -1 -1 -1 -1)
#(0 117 446 55 0 3 0 13 69795 -1 -1 -1 -1 -1 -1)
#(0 117 1575 28 0 0 0 14 74391 -1 -1 -1 -1 -1 -1)
#(0 117 1219 42 0 3 0 14 76129 -1 -1 -1 -1 -1 -1)
#(0 117 1557 29 0 0 0 15 79669 -1 -1 -1 -1 -1 -1)
#(0 117 455 54 0 3 0 16 85556 -1 -1 -1 -1 -1 -1)
#(0 117 1232 37 0 3 0 20 107687 -1 -1 -1 -1 -1 -1)
#(0 117 1230 31 0 1 0 21 112499 -1 -1 -1 -1 -1 -1)
#(0 117 444 56 0 2 0 28 149394 -1 -1 -1 -1 -1 -1)
#(0 117 456 54 0 1 0 30 160036 -1 -1 -1 -1 -1 -1)
#(0 117 841 73 0 3 0 32 173870 -1 -1 -1 -1 -1 -1)
#(0 117 441 55 0 1 0 33 175331 -1 -1 -1 -1 -1 -1)
#(0 117 836 51 0 3 0 47 251841 -1 -1 -1 -1 -1 -1)
#(0 117 436 61 0 3 0 47 249841 -1 -1 -1 -1 -1 -1)
#(0 117 838 75 0 2 0 54 285955 -1 -1 -1 -1 -1 -1)
#(0 117 843 43 0 2 0 56 298599 -1 -1 -1 -1 -1 -1)
#(0 117 458 61 0 2 0 61 324106 -1 -1 -1 -1 -1 -1)
#(0 117 842 64 0 2 0 62 332239 -1 -1 -1 -1 -1 -1)
#(0 117 457 44 0 2 0 65 348064 -1 -1 -1 -1 -1 -1)
#(0 117 1238 28 0 2 0 77 407992 -1 -1 -1 -1 -1 -1)
#(0 117 447 44 0 1 1 94 496676 -1 -1 -1 -1 -1 -1)
#(0 117 1574 25 0 0 1 92 490622 -1 -1 -1 -1 -1 -1)
#(0 117 820 52 0 3 1 92 487736 -1 -1 -1 -1 -1 -1)
#(0 117 1237 40 0 1 1 91 483637 -1 -1 -1 -1 -1 -1)
#(0 117 1554 21 0 0 1 89 474863 -1 -1 -1 -1 -1 -1)
#(0 117 1573 27 0 0 1 88 469456 -1 -1 -1 -1 -1 -1)
#(0 117 1235 30 0 2 1 88 468304 -1 -1 -1 -1 -1 -1)
#(0 117 459 62 0 1 1 87 462472 -1 -1 -1 -1 -1 -1)
#(0 117 840 65 0 2 1 67 354915 -1 -1 -1 -1 -1 -1)
#(0 117 449 59 0 2 1 65 346619 -1 -1 -1 -1 -1 -1)
#(0 117 1240 20 0 3 1 64 342178 -1 -1 -1 -1 -1 -1)
#(0 117 454 57 0 1 1 59 315328 -1 -1 -1 -1 -1 -1)
#(0 117 445 44 0 1 1 55 290695 -1 -1 -1 -1 -1 -1)
#(0 117 448 66 0 3 1 45 239979 -1 -1 -1 -1 -1 -1)
#(0 117 450 59 0 2 1 41 219927 -1 -1 -1 -1 -1 -1)
#(0 117 835 75 0 1 1 38 205736 -1 -1 -1 -1 -1 -1)
#(0 117 1239 37 0 1 1 28 151240 -1 -1 -1 -1 -1 -1)
#(0 118 847 51 0 2 0 1 8976 -1 -1 -1 -1 -1 -1)
#(0 118 1249 43 0 3 0 3 18069 -1 -1 -1 -1 -1 -1)
#(0 118 1243 37 0 2 0 5 28336 -1 -1 -1 -1 -1 -1)
#(0 118 857 54 0 2 0 11 61582 -1 -1 -1 -1 -1 -1)
#(0 118 1579 29 0 0 0 12 63856 -1 -1 -1 -1 -1 -1)
#(0 118 1234 26 0 2 0 13 69996 -1 -1 -1 -1 -1 -1)
#(0 118 1250 30 0 2 0 14 75464 -1 -1 -1 -1 -1 -1)
#(0 118 1248 31 0 2 0 16 86085 -1 -1 -1 -1 -1 -1)
#(0 118 439 58 0 3 0 18 96722 -1 -1 -1 -1 -1 -1)
#(0 118 851 43 0 2 0 19 103242 -1 -1 -1 -1 -1 -1)
#(0 118 1242 41 0 2 0 19 102456 -1 -1 -1 -1 -1 -1)
#(0 118 1585 30 0 0 0 20 106091 -1 -1 -1 -1 -1 -1)
#(0 118 837 63 0 2 0 23 125720 -1 -1 -1 -1 -1 -1)
#(0 118 464 51 0 2 0 27 143237 -1 -1 -1 -1 -1 -1)
#(0 118 1246 22 0 3 0 28 148947 -1 -1 -1 -1 -1 -1)
#(0 118 854 57 0 3 0 30 162527 -1 -1 -1 -1 -1 -1)
#(0 118 475 51 0 2 0 31 164227 -1 -1 -1 -1 -1 -1)
#(0 118 1247 22 0 2 0 37 196515 -1 -1 -1 -1 -1 -1)
#(0 118 1241 37 0 1 0 45 239568 -1 -1 -1 -1 -1 -1)
#(0 118 463 59 0 2 0 58 308119 -1 -1 -1 -1 -1 -1)
#(0 118 845 59 0 3 0 59 316080 -1 -1 -1 -1 -1 -1)
#(0 118 472 55 0 1 0 72 381129 -1 -1 -1 -1 -1 -1)
#(0 118 471 75 0 2 0 81 431860 -1 -1 -1 -1 -1 -1)
#(0 118 1580 23 0 0 1 98 522349 -1 -1 -1 -1 -1 -1)
#(0 118 460 52 0 1 1 98 521934 -1 -1 -1 -1 -1 -1)
#(0 118 462 51 0 3 1 97 516898 -1 -1 -1 -1 -1 -1)
#(0 118 853 56 0 2 1 97 513241 -1 -1 -1 -1 -1 -1)
#(0 118 468 60 0 2 1 95 504359 -1 -1 -1 -1 -1 -1)
#(0 118 467 55 0 3 1 86 458675 -1 -1 -1 -1 -1 -1)
#(0 118 474 61 0 3 1 85 453282 -1 -1 -1 -1 -1 -1)
#(0 118 1578 26 0 0 1 84 448367 -1 -1 -1 -1 -1 -1)
#(0 118 465 57 0 1 1 79 420816 -1 -1 -1 -1 -1 -1)
#(0 118 850 55 0 1 1 77 407826 -1 -1 -1 -1 -1 -1)
#(0 118 1245 52 0 3 1 77 409129 -1 -1 -1 -1 -1 -1)
#(0 118 844 60 0 3 1 73 387126 -1 -1 -1 -1 -1 -1)
#(0 118 1583 30 0 0 1 68 363835 -1 -1 -1 -1 -1 -1)
#(0 118 839 67 0 2 1 68 360197 -1 -1 -1 -1 -1 -1)
#(0 118 1584 26 0 0 1 66 353344 -1 -1 -1 -1 -1 -1)
#(0 118 848 61 0 2 1 57 301934 -1 -1 -1 -1 -1 -1)
#(0 118 469 51 0 2 1 55 295462 -1 -1 -1 -1 -1 -1)
#(0 118 849 61 0 2 1 55 290799 -1 -1 -1 -1 -1 -1)
#(0 118 461 59 0 1 1 54 289827 -1 -1 -1 -1 -1 -1)
#(0 118 1581 27 0 0 1 48 258280 -1 -1 -1 -1 -1 -1)
#(0 118 453 65 0 2 1 45 240322 -1 -1 -1 -1 -1 -1)
#(0 118 1244 36 0 2 1 38 204065 -1 -1 -1 -1 -1 -1)
#(0 118 466 57 0 1 1 38 204371 -1 -1 -1 -1 -1 -1)
#(0 118 473 49 0 2 1 27 145771 -1 -1 -1 -1 -1 -1)
#(0 118 852 70 0 2 1 26 142374 -1 -1 -1 -1 -1 -1)
#(0 118 856 61 0 2 1 14 74734 -1 -1 -1 -1 -1 -1)
#(0 119 870 61 0 3 0 1 9260 -1 -1 -1 -1 -1 -1)
#(0 119 1594 23 0 0 0 2 10940 -1 -1 -1 -1 -1 -1)
#(0 119 1261 47 0 1 0 2 13068 -1 -1 -1 -1 -1 -1)
#(0 119 1589 26 0 0 0 6 32120 -1 -1 -1 -1 -1 -1)
#(0 119 1257 27 0 2 0 6 33087 -1 -1 -1 -1 -1 -1)
#(0 119 1253 23 0 2 0 9 48797 -1 -1 -1 -1 -1 -1)
#(0 119 864 50 0 2 0 10 56594 -1 -1 -1 -1 -1 -1)
#(0 119 1267 42 0 3 0 12 65500 -1 -1 -1 -1 -1 -1)
#(0 119 486 55 0 2 0 12 64464 -1 -1 -1 -1 -1 -1)
#(0 119 1262 20 0 3 0 13 69657 -1 -1 -1 -1 -1 -1)
#(0 119 491 67 0 1 0 16 86568 -1 -1 -1 -1 -1 -1)
#(0 119 1251 35 0 1 0 19 102165 -1 -1 -1 -1 -1 -1)
#(0 119 488 55 0 3 0 20 107543 -1 -1 -1 -1 -1 -1)
#(0 119 479 73 0 1 0 25 135005 -1 -1 -1 -1 -1 -1)
#(0 119 1263 37 0 2 0 30 160327 -1 -1 -1 -1 -1 -1)
#(0 119 1265 25 0 2 0 32 170273 -1 -1 -1 -1 -1 -1)
#(0 119 867 68 0 2 0 32 173676 -1 -1 -1 -1 -1 -1)
#(0 119 1586 23 0 0 0 36 190470 -1 -1 -1 -1 -1 -1)
#(0 119 478 64 0 3 0 36 192452 -1 -1 -1 -1 -1 -1)
#(0 119 1590 30 0 0 0 38 201159 -1 -1 -1 -1 -1 -1)
#(0 119 1256 20 0 3 0 38 201685 -1 -1 -1 -1 -1 -1)
#(0 119 868 51 0 3 0 39 209577 -1 -1 -1 -1 -1 -1)
#(0 119 871 75 0 3 0 41 217315 -1 -1 -1 -1 -1 -1)
#(0 119 869 61 0 4 0 44 236984 -1 -1 -1 -1 -1 -1)
#(0 119 487 62 0 2 0 45 239943 -1 -1 -1 -1 -1 -1)
#(0 119 846 61 0 1 0 47 252119 -1 -1 -1 -1 -1 -1)
#(0 119 484 44 0 2 0 47 253093 -1 -1 -1 -1 -1 -1)
#(0 119 858 62 0 2 0 51 274023 -1 -1 -1 -1 -1 -1)
#(0 119 493 53 0 2 0 52 276601 -1 -1 -1 -1 -1 -1)
#(0 119 860 67 0 1 0 67 353794 -1 -1 -1 -1 -1 -1)
#(0 119 1255 28 0 2 0 81 429115 -1 -1 -1 -1 -1 -1)
#(0 119 1595 28 0 0 0 85 449271 -1 -1 -1 -1 -1 -1)
#(0 119 1591 23 0 0 1 99 527610 -1 -1 -1 -1 -1 -1)
#(0 119 481 62 0 3 1 96 509594 -1 -1 -1 -1 -1 -1)
#(0 119 1254 21 0 2 1 94 500546 -1 -1 -1 -1 -1 -1)
#(0 119 451 66 0 2 1 93 495145 -1 -1 -1 -1 -1 -1)
#(0 119 855 45 0 3 1 92 488011 -1 -1 -1 -1 -1 -1)
#(0 119 476 54 0 3 1 91 484279 -1 -1 -1 -1 -1 -1)
#(0 119 1264 22 0 2 1 90 479324 -1 -1 -1 -1 -1 -1)
#(0 119 1582 18 0 0 1 89 474905 -1 -1 -1 -1 -1 -1)
#(0 119 1260 36 0 2 1 87 462792 -1 -1 -1 -1 -1 -1)
#(0 119 1252 21 0 2 1 84 447710 -1 -1 -1 -1 -1 -1)
#(0 119 477 51 0 2 1 82 437605 -1 -1 -1 -1 -1 -1)
#(0 119 490 44 0 2 1 79 417507 -1 -1 -1 -1 -1 -1)
#(0 119 1266 20 0 3 1 77 410809 -1 -1 -1 -1 -1 -1)
#(0 119 874 51 0 2 1 75 397660 -1 -1 -1 -1 -1 -1)
#(0 119 492 51 0 3 1 74 395521 -1 -1 -1 -1 -1 -1)
#(0 119 1592 20 0 0 1 70 374547 -1 -1 -1 -1 -1 -1)
#(0 119 1258 29 0 3 1 70 373281 -1 -1 -1 -1 -1 -1)
#(0 119 859 54 0 2 1 67 355360 -1 -1 -1 -1 -1 -1)
#(0 119 485 51 0 1 1 66 353161 -1 -1 -1 -1 -1 -1)
#(0 119 1259 32 0 2 1 66 352131 -1 -1 -1 -1 -1 -1)
#(0 119 861 48 0 2 1 64 339726 -1 -1 -1 -1 -1 -1)
#(0 119 863 59 0 3 1 60 317745 -1 -1 -1 -1 -1 -1)
#(0 119 482 67 0 2 1 53 282686 -1 -1 -1 -1 -1 -1)
#(0 119 873 59 0 2 1 53 280625 -1 -1 -1 -1 -1 -1)
#(0 119 1593 30 0 0 1 47 252928 -1 -1 -1 -1 -1 -1)
#(0 119 862 67 0 2 1 46 242918 -1 -1 -1 -1 -1 -1)
#(0 119 1596 20 0 0 1 43 231996 -1 -1 -1 -1 -1 -1)
#(0 119 480 59 0 2 1 43 230690 -1 -1 -1 -1 -1 -1)
#(0 119 489 67 0 1 1 41 219864 -1 -1 -1 -1 -1 -1)
#(0 119 1598 25 0 0 1 39 210805 -1 -1 -1 -1 -1 -1)
#(0 119 1597 34 0 0 1 10 57521 -1 -1 -1 -1 -1 -1)
#(0 120 1269 26 0 2 0 2 11913 -1 -1 -1 -1 -1 -1)
#(0 120 502 59 0 2 0 3 17487 -1 -1 -1 -1 -1 -1)
#(0 120 103 58 0 3 0 4 25516 -1 -1 -1 -1 -1 -1)
#(0 120 503 62 0 1 0 5 28528 -1 -1 -1 -1 -1 -1)
#(0 120 102 56 0 2 0 6 35670 -1 -1 -1 -1 -1 -1)
#(0 120 107 57 0 1 0 8 46266 -1 -1 -1 -1 -1 -1)
#(0 120 105 60 0 2 0 10 57583 -1 -1 -1 -1 -1 -1)
#(0 120 498 43 0 1 0 11 58917 -1 -1 -1 -1 -1 -1)
#(0 120 111 59 0 2 0 13 72842 -1 -1 -1 -1 -1 -1)
#(0 120 1605 30 0 0 0 16 84992 -1 -1 -1 -1 -1 -1)
#(0 120 1277 32 0 2 0 16 86119 -1 -1 -1 -1 -1 -1)
#(0 120 452 56 0 2 0 18 96479 -1 -1 -1 -1 -1 -1)
#(0 120 1588 27 0 0 0 20 106058 -1 -1 -1 -1 -1 -1)
#(0 120 505 68 0 2 0 22 118437 -1 -1 -1 -1 -1 -1)
#(0 120 1278 29 0 2 0 23 122957 -1 -1 -1 -1 -1 -1)
#(0 120 113 51 0 2 0 24 129568 -1 -1 -1 -1 -1 -1)
#(0 120 483 47 0 3 0 25 133075 -1 -1 -1 -1 -1 -1)
#(0 120 496 65 0 1 0 26 140159 -1 -1 -1 -1 -1 -1)
#(0 120 495 70 0 1 0 28 150210 -1 -1 -1 -1 -1 -1)
#(0 120 876 56 0 3 0 30 162373 -1 -1 -1 -1 -1 -1)
#(0 120 1274 35 0 3 0 30 160246 -1 -1 -1 -1 -1 -1)
#(0 120 112 50 0 3 0 32 171758 -1 -1 -1 -1 -1 -1)
#(0 120 1270 38 0 1 0 39 207966 -1 -1 -1 -1 -1 -1)
#(0 120 878 58 0 1 0 42 226115 -1 -1 -1 -1 -1 -1)
#(0 120 108 51 0 2 0 45 240465 -1 -1 -1 -1 -1 -1)
#(0 120 879 51 0 2 0 48 257112 -1 -1 -1 -1 -1 -1)
#(0 120 110 44 0 2 0 51 270867 -1 -1 -1 -1 -1 -1)
#(0 120 1275 26 0 2 0 53 281196 -1 -1 -1 -1 -1 -1)
#(0 120 1603 27 0 0 0 57 301417 -1 -1 -1 -1 -1 -1)
#(0 120 506 59 0 3 0 61 323827 -1 -1 -1 -1 -1 -1)
#(0 120 1282 41 0 1 0 64 340049 -1 -1 -1 -1 -1 -1)
#(0 120 494 44 0 1 1 99 523029 -1 -1 -1 -1 -1 -1)
#(0 120 1268 49 0 1 1 96 509523 -1 -1 -1 -1 -1 -1)
#(0 120 106 59 0 2 1 96 507735 -1 -1 -1 -1 -1 -1)
#(0 120 1606 32 0 0 1 93 495783 -1 -1 -1 -1 -1 -1)
#(0 120 470 51 0 2 1 93 496167 -1 -1 -1 -1 -1 -1)
#(0 120 880 71 0 2 1 92 490966 -1 -1 -1 -1 -1 -1)
#(0 120 872 63 0 2 1 92 487247 -1 -1 -1 -1 -1 -1)
#(0 120 1607 29 0 0 1 90 479998 -1 -1 -1 -1 -1 -1)
#(0 120 1587 15 0 0 1 89 474965 -1 -1 -1 -1 -1 -1)
#(0 120 1279 28 0 2 1 87 463185 -1 -1 -1 -1 -1 -1)
#(0 120 1273 43 0 3 1 83 441221 -1 -1 -1 -1 -1 -1)
#(0 120 499 58 0 2 1 83 441792 -1 -1 -1 -1 -1 -1)
#(0 120 1280 37 0 1 1 80 425739 -1 -1 -1 -1 -1 -1)
#(0 120 501 71 0 1 1 75 398621 -1 -1 -1 -1 -1 -1)
#(0 120 866 63 0 2 1 73 386904 -1 -1 -1 -1 -1 -1)
#(0 120 101 70 0 1 1 71 379074 -1 -1 -1 -1 -1 -1)
#(0 120 877 64 0 2 1 70 369969 -1 -1 -1 -1 -1 -1)
#(0 120 1604 23 0 0 1 67 358651 -1 -1 -1 -1 -1 -1)
#(0 120 865 55 0 2 1 67 355342 -1 -1 -1 -1 -1 -1)
#(0 120 1276 29 0 2 1 66 352245 -1 -1 -1 -1 -1 -1)
#(0 120 1602 21 0 0 1 62 332289 -1 -1 -1 -1 -1 -1)
#(0 120 104 62 0 1 1 59 315130 -1 -1 -1 -1 -1 -1)
#(0 120 1281 35 0 2 1 56 299108 -1 -1 -1 -1 -1 -1)
#(0 120 497 57 0 1 1 56 299132 -1 -1 -1 -1 -1 -1)
#(0 120 1608 27 0 0 1 55 295247 -1 -1 -1 -1 -1 -1)
#(0 120 109 57 0 2 1 49 259964 -1 -1 -1 -1 -1 -1)
#(0 120 1600 26 0 0 1 45 242442 -1 -1 -1 -1 -1 -1)
#(0 120 1599 23 0 0 1 44 237214 -1 -1 -1 -1 -1 -1)
#(0 120 114 57 0 3 1 43 228292 -1 -1 -1 -1 -1 -1)
#(0 120 1271 29 0 3 1 18 98852 -1 -1 -1 -1 -1 -1)
#(0 121 1284 28 0 2 0 3 17276 -1 -1 -1 -1 -1 -1)
#(0 121 884 62 0 1 0 5 31136 -1 -1 -1 -1 -1 -1)
#(0 121 887 51 0 2 0 6 35254 -1 -1 -1 -1 -1 -1)
#(0 121 891 51 0 2 0 7 40552 -1 -1 -1 -1 -1 -1)
#(0 121 1291 20 0 3 0 7 37985 -1 -1 -1 -1 -1 -1)
#(0 121 1610 25 0 0 0 15 79614 -1 -1 -1 -1 -1 -1)
#(0 121 122 57 0 1 0 17 93791 -1 -1 -1 -1 -1 -1)
#(0 121 1288 36 0 3 0 19 102184 -1 -1 -1 -1 -1 -1)
#(0 121 516 67 0 3 0 20 107984 -1 -1 -1 -1 -1 -1)
#(0 121 1611 25 0 0 0 25 132418 -1 -1 -1 -1 -1 -1)
#(0 121 500 54 0 2 0 26 138250 -1 -1 -1 -1 -1 -1)
#(0 121 1289 35 0 2 0 26 139086 -1 -1 -1 -1 -1 -1)
#(0 121 121 65 0 2 0 27 143447 -1 -1 -1 -1 -1 -1)
#(0 121 514 51 0 2 0 30 159002 -1 -1 -1 -1 -1 -1)
#(0 121 888 66 0 1 0 32 169137 -1 -1 -1 -1 -1 -1)
#(0 121 120 44 0 2 0 33 175820 -1 -1 -1 -1 -1 -1)
#(0 121 507 67 0 2 0 36 192979 -1 -1 -1 -1 -1 -1)
#(0 121 123 44 0 2 0 39 207448 -1 -1 -1 -1 -1 -1)
#(0 121 889 75 0 3 0 41 216944 -1 -1 -1 -1 -1 -1)
#(0 121 883 54 0 1 0 41 220320 -1 -1 -1 -1 -1 -1)
#(0 121 511 57 0 2 0 55 291794 -1 -1 -1 -1 -1 -1)
#(0 121 1609 23 0 0 0 57 301341 -1 -1 -1 -1 -1 -1)
#(0 121 892 59 0 1 0 57 305098 -1 -1 -1 -1 -1 -1)
#(0 121 1618 28 0 0 0 59 311978 -1 -1 -1 -1 -1 -1)
#(0 121 1287 24 0 2 0 59 312877 -1 -1 -1 -1 -1 -1)
#(0 121 117 59 0 3 0 61 326520 -1 -1 -1 -1 -1 -1)
#(0 121 515 44 0 2 0 63 337564 -1 -1 -1 -1 -1 -1)
#(0 121 882 67 0 2 0 85 448911 -1 -1 -1 -1 -1 -1)
#(0 121 881 56 0 3 1 99 523578 -1 -1 -1 -1 -1 -1)
#(0 121 885 56 0 2 1 97 513307 -1 -1 -1 -1 -1 -1)
#(0 121 1613 32 0 0 1 94 501064 -1 -1 -1 -1 -1 -1)
#(0 121 1619 31 0 0 1 93 495807 -1 -1 -1 -1 -1 -1)
#(0 121 115 55 0 2 1 93 492708 -1 -1 -1 -1 -1 -1)
#(0 121 1617 23 0 0 1 92 490665 -1 -1 -1 -1 -1 -1)
#(0 121 893 64 0 1 1 90 475586 -1 -1 -1 -1 -1 -1)
#(0 121 513 67 0 1 1 88 467643 -1 -1 -1 -1 -1 -1)
#(0 121 508 66 0 3 1 87 461604 -1 -1 -1 -1 -1 -1)
#(0 121 504 66 0 3 1 82 436845 -1 -1 -1 -1 -1 -1)
#(0 121 1615 25 0 0 1 81 432551 -1 -1 -1 -1 -1 -1)
#(0 121 118 64 0 1 1 80 422760 -1 -1 -1 -1 -1 -1)
#(0 121 1286 21 0 3 1 77 410796 -1 -1 -1 -1 -1 -1)
#(0 121 1614 26 0 0 1 76 406126 -1 -1 -1 -1 -1 -1)
#(0 121 875 48 0 3 1 73 387684 -1 -1 -1 -1 -1 -1)
#(0 121 512 59 0 3 1 72 383685 -1 -1 -1 -1 -1 -1)
#(0 121 1601 21 0 0 1 70 374525 -1 -1 -1 -1 -1 -1)
#(0 121 1621 32 0 0 1 64 342686 -1 -1 -1 -1 -1 -1)
#(0 121 509 64 0 3 1 63 335328 -1 -1 -1 -1 -1 -1)
#(0 121 1285 33 0 3 1 55 293962 -1 -1 -1 -1 -1 -1)
#(0 121 890 54 0 2 1 51 270648 -1 -1 -1 -1 -1 -1)
#(0 121 1283 27 0 2 1 47 252018 -1 -1 -1 -1 -1 -1)
#(0 121 1620 26 0 0 1 39 210774 -1 -1 -1 -1 -1 -1)
#(0 121 119 44 0 2 1 39 209620 -1 -1 -1 -1 -1 -1)
#(0 121 1290 34 0 1 1 34 183033 -1 -1 -1 -1 -1 -1)
#(0 121 1616 29 0 0 1 25 136791 -1 -1 -1 -1 -1 -1)
#(0 121 886 57 0 1 1 14 75017 -1 -1 -1 -1 -1 -1)
#(0 122 903 44 0 2 0 0 2953 -1 -1 -1 -1 -1 -1)
#(0 122 1272 24 0 2 0 2 11748 -1 -1 -1 -1 -1 -1)
#(0 122 133 66 0 3 0 3 16386 -1 -1 -1 -1 -1 -1)
#(0 122 529 66 0 1 0 3 18792 -1 -1 -1 -1 -1 -1)
#(0 122 1301 47 0 2 0 4 23562 -1 -1 -1 -1 -1 -1)
#(0 122 531 68 0 1 0 5 27824 -1 -1 -1 -1 -1 -1)
#(0 122 896 62 0 3 0 9 52388 -1 -1 -1 -1 -1 -1)
#(0 122 510 61 0 3 0 11 60119 -1 -1 -1 -1 -1 -1)
#(0 122 124 70 0 1 0 12 64537 -1 -1 -1 -1 -1 -1)
#(0 122 1626 23 0 0 0 14 74298 -1 -1 -1 -1 -1 -1)
#(0 122 1627 26 0 0 0 15 79609 -1 -1 -1 -1 -1 -1)
#(0 122 129 59 0 1 0 15 83692 -1 -1 -1 -1 -1 -1)
#(0 122 132 70 0 2 0 17 90907 -1 -1 -1 -1 -1 -1)
#(0 122 1624 30 0 0 0 18 95559 -1 -1 -1 -1 -1 -1)
#(0 122 1633 29 0 0 0 19 100789 -1 -1 -1 -1 -1 -1)
#(0 122 130 57 0 2 0 21 115025 -1 -1 -1 -1 -1 -1)
#(0 122 532 70 0 3 0 25 134258 -1 -1 -1 -1 -1 -1)
#(0 122 135 62 0 2 0 26 137649 -1 -1 -1 -1 -1 -1)
#(0 122 904 57 0 2 0 26 141517 -1 -1 -1 -1 -1 -1)
#(0 122 525 68 0 2 0 29 154520 -1 -1 -1 -1 -1 -1)
#(0 122 521 51 0 3 0 31 164286 -1 -1 -1 -1 -1 -1)
#(0 122 1294 35 0 3 0 35 186696 -1 -1 -1 -1 -1 -1)
#(0 122 1303 34 0 1 0 36 191912 -1 -1 -1 -1 -1 -1)
#(0 122 894 56 0 1 0 36 194395 -1 -1 -1 -1 -1 -1)
#(0 122 1628 23 0 0 0 37 195739 -1 -1 -1 -1 -1 -1)
#(0 122 895 64 0 2 0 37 200480 -1 -1 -1 -1 -1 -1)
#(0 122 1631 27 0 0 0 40 211639 -1 -1 -1 -1 -1 -1)
#(0 122 908 55 0 2 0 41 220260 -1 -1 -1 -1 -1 -1)
#(0 122 526 66 0 2 0 42 224662 -1 -1 -1 -1 -1 -1)
#(0 122 1300 28 0 3 0 42 223234 -1 -1 -1 -1 -1 -1)
#(0 122 907 63 0 2 0 47 252339 -1 -1 -1 -1 -1 -1)
#(0 122 530 54 0 3 0 49 259007 -1 -1 -1 -1 -1 -1)
#(0 122 901 51 0 3 0 49 262335 -1 -1 -1 -1 -1 -1)
#(0 122 520 51 0 2 0 54 285756 -1 -1 -1 -1 -1 -1)
#(0 122 127 64 0 2 0 54 285586 -1 -1 -1 -1 -1 -1)
#(0 122 1297 44 0 1 0 60 319070 -1 -1 -1 -1 -1 -1)
#(0 122 906 44 0 2 0 67 356708 -1 -1 -1 -1 -1 -1)
#(0 122 1292 32 0 2 0 70 371260 -1 -1 -1 -1 -1 -1)
#(0 122 1625 26 0 0 0 77 406993 -1 -1 -1 -1 -1 -1)
#(0 122 523 53 0 2 1 98 522259 -1 -1 -1 -1 -1 -1)
#(0 122 1295 36 0 2 1 97 515505 -1 -1 -1 -1 -1 -1)
#(0 122 900 55 0 2 1 94 498028 -1 -1 -1 -1 -1 -1)
#(0 122 517 62 0 1 1 93 495046 -1 -1 -1 -1 -1 -1)
#(0 122 897 54 0 3 1 91 481847 -1 -1 -1 -1 -1 -1)
#(0 122 524 58 0 2 1 87 462836 -1 -1 -1 -1 -1 -1)
#(0 122 1296 22 0 3 1 84 447602 -1 -1 -1 -1 -1 -1)
#(0 122 905 57 0 2 1 83 439198 -1 -1 -1 -1 -1 -1)
#(0 122 898 58 0 2 1 81 428711 -1 -1 -1 -1 -1 -1)
#(0 122 1632 25 0 0 1 80 427287 -1 -1 -1 -1 -1 -1)
#(0 122 902 51 0 2 1 77 408163 -1 -1 -1 -1 -1 -1)
#(0 122 527 62 0 3 1 77 409668 -1 -1 -1 -1 -1 -1)
#(0 122 125 55 0 3 1 76 402964 -1 -1 -1 -1 -1 -1)
#(0 122 1302 32 0 3 1 76 404948 -1 -1 -1 -1 -1 -1)
#(0 122 1612 21 0 0 1 70 374531 -1 -1 -1 -1 -1 -1)
#(0 122 126 58 0 2 1 70 373830 -1 -1 -1 -1 -1 -1)
#(0 122 1630 25 0 0 1 60 321682 -1 -1 -1 -1 -1 -1)
#(0 122 1298 38 0 3 1 59 314816 -1 -1 -1 -1 -1 -1)
#(0 122 131 44 0 1 1 53 283496 -1 -1 -1 -1 -1 -1)
#(0 122 128 71 0 3 1 53 283580 -1 -1 -1 -1 -1 -1)
#(0 122 1623 32 0 0 1 52 279300 -1 -1 -1 -1 -1 -1)
#(0 122 518 57 0 2 1 51 273011 -1 -1 -1 -1 -1 -1)
#(0 122 1629 20 0 0 1 50 268952 -1 -1 -1 -1 -1 -1)
#(0 122 1299 40 0 1 1 49 261924 -1 -1 -1 -1 -1 -1)
#(0 122 522 44 0 2 1 49 259065 -1 -1 -1 -1 -1 -1)
#(0 122 899 44 0 2 1 48 255759 -1 -1 -1 -1 -1 -1)
#(0 122 134 68 0 2 1 45 241807 -1 -1 -1 -1 -1 -1)
#(0 122 1293 35 0 3 1 38 204068 -1 -1 -1 -1 -1 -1)
#(0 122 519 51 0 3 1 32 173688 -1 -1 -1 -1 -1 -1)
#(0 122 1622 26 0 0 1 23 126280 -1 -1 -1 -1 -1 -1)
#(0 122 909 53 0 2 1 13 69960 -1 -1 -1 -1 -1 -1)
#(0 123 1644 30 0 0 0 0 499 -1 -1 -1 -1 -1 -1)
#(0 123 537 56 0 1 0 1 6725 -1 -1 -1 -1 -1 -1)
#(0 123 1642 20 0 0 0 2 10879 -1 -1 -1 -1 -1 -1)
#(0 123 1638 32 0 0 0 3 16377 -1 -1 -1 -1 -1 -1)
#(0 123 919 54 0 2 0 3 19862 -1 -1 -1 -1 -1 -1)
#(0 123 534 57 0 2 0 5 27470 -1 -1 -1 -1 -1 -1)
#(0 123 141 54 0 3 0 6 35153 -1 -1 -1 -1 -1 -1)
#(0 123 912 44 0 2 0 7 39898 -1 -1 -1 -1 -1 -1)
#(0 123 147 51 0 1 0 8 44971 -1 -1 -1 -1 -1 -1)
#(0 123 1307 32 0 3 0 8 44069 -1 -1 -1 -1 -1 -1)
#(0 123 539 56 0 3 0 8 43846 -1 -1 -1 -1 -1 -1)
#(0 123 535 64 0 2 0 10 55294 -1 -1 -1 -1 -1 -1)
#(0 123 915 64 0 2 0 13 73766 -1 -1 -1 -1 -1 -1)
#(0 123 151 63 0 2 0 13 73610 -1 -1 -1 -1 -1 -1)
#(0 123 1308 31 0 2 0 15 80862 -1 -1 -1 -1 -1 -1)
#(0 123 538 54 0 1 0 15 80372 -1 -1 -1 -1 -1 -1)
#(0 123 911 67 0 2 0 16 89417 -1 -1 -1 -1 -1 -1)
#(0 123 143 70 0 2 0 17 95027 -1 -1 -1 -1 -1 -1)
#(0 123 154 62 0 2 0 21 115620 -1 -1 -1 -1 -1 -1)
#(0 123 920 65 0 2 0 23 126040 -1 -1 -1 -1 -1 -1)
#(0 123 1637 30 0 0 0 27 143058 -1 -1 -1 -1 -1 -1)
#(0 123 528 49 0 2 0 29 153332 -1 -1 -1 -1 -1 -1)
#(0 123 138 63 0 2 0 30 158801 -1 -1 -1 -1 -1 -1)
#(0 123 1641 34 0 0 0 34 180087 -1 -1 -1 -1 -1 -1)
#(0 123 917 52 0 1 0 34 183634 -1 -1 -1 -1 -1 -1)
#(0 123 547 55 0 2 0 38 201565 -1 -1 -1 -1 -1 -1)
#(0 123 144 62 0 3 0 42 226274 -1 -1 -1 -1 -1 -1)
#(0 123 916 69 0 2 0 47 248712 -1 -1 -1 -1 -1 -1)
#(0 123 137 75 0 1 0 47 249932 -1 -1 -1 -1 -1 -1)
#(0 123 136 71 0 1 0 51 273920 -1 -1 -1 -1 -1 -1)
#(0 123 913 64 0 3 0 53 284742 -1 -1 -1 -1 -1 -1)
#(0 123 142 62 0 1 0 55 290404 -1 -1 -1 -1 -1 -1)
#(0 123 148 51 0 3 0 60 319616 -1 -1 -1 -1 -1 -1)
#(0 123 1636 23 0 0 0 69 364710 -1 -1 -1 -1 -1 -1)
#(0 123 1311 40 0 1 0 75 398032 -1 -1 -1 -1 -1 -1)
#(0 123 1640 20 0 0 1 98 522391 -1 -1 -1 -1 -1 -1)
#(0 123 1314 26 0 2 1 98 521402 -1 -1 -1 -1 -1 -1)
#(0 123 1309 25 0 2 1 93 494993 -1 -1 -1 -1 -1 -1)
#(0 123 1634 30 0 0 1 90 479963 -1 -1 -1 -1 -1 -1)
#(0 123 152 64 0 1 1 89 469926 -1 -1 -1 -1 -1 -1)
#(0 123 1643 27 0 0 1 88 469480 -1 -1 -1 -1 -1 -1)
#(0 123 914 70 0 2 1 88 469736 -1 -1 -1 -1 -1 -1)
#(0 123 1635 20 0 0 1 85 453747 -1 -1 -1 -1 -1 -1)
#(0 123 146 52 0 3 1 85 448825 -1 -1 -1 -1 -1 -1)
#(0 123 1639 25 0 0 1 84 448388 -1 -1 -1 -1 -1 -1)
#(0 123 145 55 0 2 1 83 440076 -1 -1 -1 -1 -1 -1)
#(0 123 1313 20 0 2 1 83 442498 -1 -1 -1 -1 -1 -1)
#(0 123 1645 25 0 0 1 81 432556 -1 -1 -1 -1 -1 -1)
#(0 123 540 55 0 2 1 79 420677 -1 -1 -1 -1 -1 -1)
#(0 123 149 59 0 2 1 78 412735 -1 -1 -1 -1 -1 -1)
#(0 123 1304 22 0 2 1 77 410779 -1 -1 -1 -1 -1 -1)
#(0 123 1305 26 0 3 1 71 378772 -1 -1 -1 -1 -1 -1)
#(0 123 543 53 0 1 1 66 352967 -1 -1 -1 -1 -1 -1)
#(0 123 918 59 0 1 1 62 328234 -1 -1 -1 -1 -1 -1)
#(0 123 536 44 0 3 1 59 311913 -1 -1 -1 -1 -1 -1)
#(0 123 1306 20 0 3 1 57 305202 -1 -1 -1 -1 -1 -1)
#(0 123 1310 32 0 2 1 55 294022 -1 -1 -1 -1 -1 -1)
#(0 123 1312 46 0 3 1 54 288029 -1 -1 -1 -1 -1 -1)
#(0 123 541 56 0 2 1 53 283523 -1 -1 -1 -1 -1 -1)
#(0 123 546 59 0 1 1 50 267539 -1 -1 -1 -1 -1 -1)
#(0 123 139 55 0 1 1 43 229385 -1 -1 -1 -1 -1 -1)
#(0 123 921 51 0 2 1 36 191827 -1 -1 -1 -1 -1 -1)
#(0 123 140 59 0 1 1 24 127502 -1 -1 -1 -1 -1 -1)
#(0 123 1646 27 0 0 1 17 94606 -1 -1 -1 -1 -1 -1)
#(0 123 544 51 0 2 1 17 94391 -1 -1 -1 -1 -1 -1)
#(0 124 910 54 0 2 0 0 3415 -1 -1 -1 -1 -1 -1)
#(0 124 545 56 0 3 0 1 6612 -1 -1 -1 -1 -1 -1)
#(0 124 555 44 0 2 0 2 15458 -1 -1 -1 -1 -1 -1)
#(0 124 160 44 0 3 0 4 22738 -1 -1 -1 -1 -1 -1)
#(0 124 553 59 0 2 0 7 39381 -1 -1 -1 -1 -1 -1)
#(0 124 542 63 0 3 0 10 55271 -1 -1 -1 -1 -1 -1)
#(0 124 161 44 0 3 0 11 59689 -1 -1 -1 -1 -1 -1)
#(0 124 554 44 0 2 0 11 62930 -1 -1 -1 -1 -1 -1)
#(0 124 1321 22 0 3 0 13 69826 -1 -1 -1 -1 -1 -1)
#(0 124 1322 33 0 1 0 14 75656 -1 -1 -1 -1 -1 -1)
#(0 124 556 62 0 2 0 14 75154 -1 -1 -1 -1 -1 -1)
#(0 124 923 57 0 1 0 15 83469 -1 -1 -1 -1 -1 -1)
#(0 124 1320 31 0 2 0 16 86121 -1 -1 -1 -1 -1 -1)
#(0 124 153 70 0 2 0 17 90563 -1 -1 -1 -1 -1 -1)
#(0 124 158 50 0 3 0 18 97816 -1 -1 -1 -1 -1 -1)
#(0 124 162 59 0 2 0 19 104562 -1 -1 -1 -1 -1 -1)
#(0 124 1648 23 0 0 0 20 105986 -1 -1 -1 -1 -1 -1)
#(0 124 922 51 0 3 0 20 109212 -1 -1 -1 -1 -1 -1)
#(0 124 549 75 0 1 0 20 108854 -1 -1 -1 -1 -1 -1)
#(0 124 561 56 0 1 0 21 112607 -1 -1 -1 -1 -1 -1)
#(0 124 933 67 0 2 0 22 121420 -1 -1 -1 -1 -1 -1)
#(0 124 1316 37 0 2 0 24 128715 -1 -1 -1 -1 -1 -1)
#(0 124 557 67 0 3 0 26 139365 -1 -1 -1 -1 -1 -1)
#(0 124 1323 36 0 1 0 26 139155 -1 -1 -1 -1 -1 -1)
#(0 124 1331 29 0 2 0 27 144048 -1 -1 -1 -1 -1 -1)
#(0 124 150 69 0 1 0 30 159383 -1 -1 -1 -1 -1 -1)
#(0 124 1317 21 0 2 0 30 159460 -1 -1 -1 -1 -1 -1)
#(0 124 932 59 0 1 0 39 210051 -1 -1 -1 -1 -1 -1)
#(0 124 1653 25 0 0 0 40 211603 -1 -1 -1 -1 -1 -1)
#(0 124 924 64 0 2 0 45 242659 -1 -1 -1 -1 -1 -1)
#(0 124 533 54 0 2 0 49 258967 -1 -1 -1 -1 -1 -1)
#(0 124 1319 33 0 1 0 50 265737 -1 -1 -1 -1 -1 -1)
#(0 124 157 50 0 2 0 52 277476 -1 -1 -1 -1 -1 -1)
#(0 124 929 60 0 3 0 56 299487 -1 -1 -1 -1 -1 -1)
#(0 124 167 44 0 2 0 60 318273 -1 -1 -1 -1 -1 -1)
#(0 124 1326 20 0 2 0 62 328386 -1 -1 -1 -1 -1 -1)
#(0 124 926 54 0 1 0 71 378732 -1 -1 -1 -1 -1 -1)
#(0 124 165 44 0 1 1 98 521134 -1 -1 -1 -1 -1 -1)
#(0 124 558 64 0 2 1 97 516033 -1 -1 -1 -1 -1 -1)
#(0 124 934 49 0 2 1 96 508515 -1 -1 -1 -1 -1 -1)
#(0 124 925 43 0 2 1 94 498673 -1 -1 -1 -1 -1 -1)
#(0 124 1324 21 0 3 1 94 500505 -1 -1 -1 -1 -1 -1)
#(0 124 550 46 0 3 1 94 496394 -1 -1 -1 -1 -1 -1)
#(0 124 1649 25 0 0 1 92 490622 -1 -1 -1 -1 -1 -1)
#(0 124 931 57 0 2 1 91 481672 -1 -1 -1 -1 -1 -1)
#(0 124 166 54 0 2 1 91 482238 -1 -1 -1 -1 -1 -1)
#(0 124 1328 20 0 2 1 91 484732 -1 -1 -1 -1 -1 -1)
#(0 124 170 51 0 1 1 86 456573 -1 -1 -1 -1 -1 -1)
#(0 124 159 54 0 3 1 85 449029 -1 -1 -1 -1 -1 -1)
#(0 124 1318 40 0 3 1 79 420279 -1 -1 -1 -1 -1 -1)
#(0 124 1650 25 0 0 1 77 411433 -1 -1 -1 -1 -1 -1)
#(0 124 936 55 0 2 1 76 402623 -1 -1 -1 -1 -1 -1)
#(0 124 928 46 0 2 1 73 387826 -1 -1 -1 -1 -1 -1)
#(0 124 562 57 0 1 1 73 389176 -1 -1 -1 -1 -1 -1)
#(0 124 1329 31 0 2 1 70 373281 -1 -1 -1 -1 -1 -1)
#(0 124 551 47 0 2 1 70 373577 -1 -1 -1 -1 -1 -1)
#(0 124 559 62 0 3 1 69 367417 -1 -1 -1 -1 -1 -1)
#(0 124 930 59 0 2 1 65 344186 -1 -1 -1 -1 -1 -1)
#(0 124 156 54 0 2 1 64 339734 -1 -1 -1 -1 -1 -1)
#(0 124 1647 25 0 0 1 60 321670 -1 -1 -1 -1 -1 -1)
#(0 124 1325 36 0 1 1 59 314932 -1 -1 -1 -1 -1 -1)
#(0 124 168 58 0 2 1 49 259500 -1 -1 -1 -1 -1 -1)
#(0 124 927 51 0 2 1 47 249852 -1 -1 -1 -1 -1 -1)
#(0 124 1652 23 0 0 1 44 237230 -1 -1 -1 -1 -1 -1)
#(0 124 935 57 0 1 1 44 233350 -1 -1 -1 -1 -1 -1)
#(0 124 548 67 0 1 1 30 160725 -1 -1 -1 -1 -1 -1)
#(0 124 164 64 0 2 1 26 142476 -1 -1 -1 -1 -1 -1)
#(0 124 937 70 0 3 1 25 137041 -1 -1 -1 -1 -1 -1)
#(0 124 1330 45 0 3 1 22 119086 -1 -1 -1 -1 -1 -1)
#(0 125 941 57 0 2 0 2 14984 -1 -1 -1 -1 -1 -1)
#(0 125 1656 32 0 0 0 4 21664 -1 -1 -1 -1 -1 -1)
#(0 125 169 52 0 2 0 4 23755 -1 -1 -1 -1 -1 -1)
#(0 125 572 53 0 1 0 4 22892 -1 -1 -1 -1 -1 -1)
#(0 125 569 51 0 3 0 6 32158 -1 -1 -1 -1 -1 -1)
#(0 125 575 63 0 3 0 7 39104 -1 -1 -1 -1 -1 -1)
#(2 125 575 -1 -1 -1 -1 -1 -1 39 -1 -1 -1 -1 -1)
#(0 125 948 62 0 2 0 11 62355 -1 -1 -1 -1 -1 -1)
#(0 125 946 67 0 2 0 12 68589 -1 -1 -1 -1 -1 -1)
#(0 125 567 55 0 1 0 13 69989 -1 -1 -1 -1 -1 -1)
#(0 125 1661 27 0 0 0 14 74353 -1 -1 -1 -1 -1 -1)
#(0 125 1327 33 0 2 0 14 75655 -1 -1 -1 -1 -1 -1)
#(0 125 1662 27 0 0 0 17 90199 -1 -1 -1 -1 -1 -1)
#(0 125 950 70 0 2 0 18 99709 -1 -1 -1 -1 -1 -1)
#(0 125 176 75 0 2 0 19 100624 -1 -1 -1 -1 -1 -1)
#(0 125 566 59 0 2 0 20 107301 -1 -1 -1 -1 -1 -1)
#(0 125 1341 38 0 1 0 22 118120 -1 -1 -1 -1 -1 -1)
#(0 125 949 54 0 1 0 23 125368 -1 -1 -1 -1 -1 -1)
#(0 125 1340 25 0 2 0 28 149155 -1 -1 -1 -1 -1 -1)
#(0 125 171 59 0 3 0 37 199871 -1 -1 -1 -1 -1 -1)
#(0 125 954 55 0 2 0 40 215225 -1 -1 -1 -1 -1 -1)
#(0 125 576 57 0 2 0 45 239000 -1 -1 -1 -1 -1 -1)
#(0 125 1342 32 0 2 0 47 249855 -1 -1 -1 -1 -1 -1)
#(0 125 1665 25 0 0 0 48 253834 -1 -1 -1 -1 -1 -1)
#(0 125 552 57 0 2 0 49 259319 -1 -1 -1 -1 -1 -1)
#(0 125 1333 36 0 2 0 49 260577 -1 -1 -1 -1 -1 -1)
#(0 125 942 51 0 3 0 51 272855 -1 -1 -1 -1 -1 -1)
#(0 125 564 57 0 1 0 55 291836 -1 -1 -1 -1 -1 -1)
#(0 125 1334 33 0 2 0 56 297491 -1 -1 -1 -1 -1 -1)
#(0 125 940 59 0 1 0 61 326547 -1 -1 -1 -1 -1 -1)
#(0 125 1337 43 0 1 0 66 350721 -1 -1 -1 -1 -1 -1)
#(0 125 1663 20 0 0 0 75 396324 -1 -1 -1 -1 -1 -1)
#(0 125 1658 28 0 0 0 87 459825 -1 -1 -1 -1 -1 -1)
#(0 125 574 55 0 3 1 98 522320 -1 -1 -1 -1 -1 -1)
#(0 125 1660 28 0 0 1 96 511695 -1 -1 -1 -1 -1 -1)
#(0 125 938 64 0 1 1 93 491246 -1 -1 -1 -1 -1 -1)
#(0 125 1654 29 0 0 1 90 479971 -1 -1 -1 -1 -1 -1)
#(0 125 180 53 0 2 1 88 466530 -1 -1 -1 -1 -1 -1)
#(0 125 570 59 0 2 1 88 468262 -1 -1 -1 -1 -1 -1)
#(0 125 943 63 0 2 1 88 465156 -1 -1 -1 -1 -1 -1)
#(0 125 1651 20 0 0 1 85 453745 -1 -1 -1 -1 -1 -1)
#(0 125 952 65 0 1 1 85 453970 -1 -1 -1 -1 -1 -1)
#(0 125 1339 36 0 2 1 85 452258 -1 -1 -1 -1 -1 -1)
#(0 125 944 44 0 2 1 83 440554 -1 -1 -1 -1 -1 -1)
#(0 125 155 64 0 2 1 83 439157 -1 -1 -1 -1 -1 -1)
#(0 125 1336 31 0 1 1 79 420727 -1 -1 -1 -1 -1 -1)
#(0 125 573 57 0 1 1 77 410526 -1 -1 -1 -1 -1 -1)
#(0 125 1657 25 0 0 1 76 406153 -1 -1 -1 -1 -1 -1)
#(0 125 563 49 0 2 1 72 384007 -1 -1 -1 -1 -1 -1)
#(0 125 568 44 0 1 1 72 380535 -1 -1 -1 -1 -1 -1)
#(0 125 178 44 0 1 1 70 373371 -1 -1 -1 -1 -1 -1)
#(0 125 1338 29 0 3 1 68 362789 -1 -1 -1 -1 -1 -1)
#(0 125 173 65 0 1 1 68 363320 -1 -1 -1 -1 -1 -1)
#(0 125 1664 28 0 0 1 65 348022 -1 -1 -1 -1 -1 -1)
#(0 125 1659 30 0 0 1 64 342696 -1 -1 -1 -1 -1 -1)
#(0 125 945 53 0 1 1 64 339424 -1 -1 -1 -1 -1 -1)
#(0 125 565 57 0 3 1 63 336310 -1 -1 -1 -1 -1 -1)
#(0 125 571 58 0 1 1 57 304482 -1 -1 -1 -1 -1 -1)
#(0 125 1315 21 0 2 1 57 305136 -1 -1 -1 -1 -1 -1)
#(0 125 177 64 0 2 1 50 269181 -1 -1 -1 -1 -1 -1)
#(0 125 1335 37 0 1 1 49 262065 -1 -1 -1 -1 -1 -1)
#(0 125 1655 28 0 0 1 47 252962 -1 -1 -1 -1 -1 -1)
#(0 125 939 51 0 3 1 46 244495 -1 -1 -1 -1 -1 -1)
#(0 125 951 44 0 2 1 38 202960 -1 -1 -1 -1 -1 -1)
#(0 125 172 51 0 1 1 27 145002 -1 -1 -1 -1 -1 -1)
#(0 126 187 53 0 2 0 2 15344 -1 -1 -1 -1 -1 -1)
#(0 126 577 64 0 1 0 4 23235 -1 -1 -1 -1 -1 -1)
#(0 126 182 68 0 2 0 6 32507 -1 -1 -1 -1 -1 -1)
#(0 126 1349 35 0 2 0 6 33554 -1 -1 -1 -1 -1 -1)
#(0 126 163 44 0 3 0 11 59538 -1 -1 -1 -1 -1 -1)
#(0 126 193 58 0 1 0 15 79661 -1 -1 -1 -1 -1 -1)
#(0 126 582 59 0 2 0 15 80428 -1 -1 -1 -1 -1 -1)
#(0 126 589 55 0 1 0 19 101317 -1 -1 -1 -1 -1 -1)
#(0 126 1345 21 0 2 0 20 106653 -1 -1 -1 -1 -1 -1)
#(0 126 190 70 0 3 0 24 131984 -1 -1 -1 -1 -1 -1)
#(0 126 958 59 0 2 0 24 131107 -1 -1 -1 -1 -1 -1)
#(0 126 1668 23 0 0 0 27 142945 -1 -1 -1 -1 -1 -1)
#(0 126 957 51 0 2 0 27 146256 -1 -1 -1 -1 -1 -1)
#(0 126 580 57 0 3 0 28 149098 -1 -1 -1 -1 -1 -1)
#(0 126 584 58 0 1 0 32 170561 -1 -1 -1 -1 -1 -1)
#(0 126 1673 32 0 0 0 35 185329 -1 -1 -1 -1 -1 -1)
#(0 126 1344 36 0 3 0 35 186728 -1 -1 -1 -1 -1 -1)
#(0 126 581 44 0 2 0 36 194997 -1 -1 -1 -1 -1 -1)
#(0 126 175 55 0 1 0 37 198902 -1 -1 -1 -1 -1 -1)
#(0 126 585 49 0 2 0 39 207036 -1 -1 -1 -1 -1 -1)
#(0 126 588 44 0 2 0 41 221385 -1 -1 -1 -1 -1 -1)
#(0 126 1671 23 0 0 0 44 232705 -1 -1 -1 -1 -1 -1)
#(0 126 1667 34 0 0 0 45 238193 -1 -1 -1 -1 -1 -1)
#(0 126 1675 28 0 0 0 47 248618 -1 -1 -1 -1 -1 -1)
#(0 126 1351 30 0 2 0 54 286658 -1 -1 -1 -1 -1 -1)
#(0 126 1666 34 0 0 0 56 296272 -1 -1 -1 -1 -1 -1)
#(0 126 1674 27 0 0 0 59 311966 -1 -1 -1 -1 -1 -1)
#(0 126 959 59 0 2 0 73 389938 -1 -1 -1 -1 -1 -1)
#(0 126 1346 27 0 2 1 99 526614 -1 -1 -1 -1 -1 -1)
#(0 126 956 63 0 2 1 97 512724 -1 -1 -1 -1 -1 -1)
#(0 126 174 44 0 1 1 91 484198 -1 -1 -1 -1 -1 -1)
#(0 126 587 51 0 2 1 89 474603 -1 -1 -1 -1 -1 -1)
#(0 126 947 59 0 2 1 88 465476 -1 -1 -1 -1 -1 -1)
#(0 126 192 57 0 3 1 87 460689 -1 -1 -1 -1 -1 -1)
#(0 126 189 59 0 1 1 86 455877 -1 -1 -1 -1 -1 -1)
#(0 126 188 55 0 2 1 85 450438 -1 -1 -1 -1 -1 -1)
#(0 126 962 64 0 2 1 85 448971 -1 -1 -1 -1 -1 -1)
#(0 126 191 64 0 1 1 79 422396 -1 -1 -1 -1 -1 -1)
#(0 126 181 59 0 2 1 75 396771 -1 -1 -1 -1 -1 -1)
#(0 126 960 47 0 2 1 73 387778 -1 -1 -1 -1 -1 -1)
#(0 126 1332 32 0 2 1 70 373222 -1 -1 -1 -1 -1 -1)
#(0 126 560 51 0 2 1 69 368973 -1 -1 -1 -1 -1 -1)
#(0 126 1352 20 0 3 1 66 352745 -1 -1 -1 -1 -1 -1)
#(0 126 1347 47 0 1 1 63 335490 -1 -1 -1 -1 -1 -1)
#(0 126 579 61 0 2 1 63 336290 -1 -1 -1 -1 -1 -1)
#(0 126 1348 41 0 3 1 58 309426 -1 -1 -1 -1 -1 -1)
#(0 126 183 70 0 1 1 56 299740 -1 -1 -1 -1 -1 -1)
#(0 126 184 62 0 2 1 51 269794 -1 -1 -1 -1 -1 -1)
#(0 126 1669 23 0 0 1 47 253059 -1 -1 -1 -1 -1 -1)
#(0 126 1672 30 0 0 1 46 247654 -1 -1 -1 -1 -1 -1)
#(0 126 1343 32 0 2 1 44 235929 -1 -1 -1 -1 -1 -1)
#(0 126 1350 39 0 1 1 23 124686 -1 -1 -1 -1 -1 -1)
#(0 126 186 75 0 2 1 19 103516 -1 -1 -1 -1 -1 -1)
#(0 127 601 61 0 1 0 5 28348 -1 -1 -1 -1 -1 -1)
#(0 127 194 54 0 2 0 6 35173 -1 -1 -1 -1 -1 -1)
#(0 127 973 51 0 2 0 9 51162 -1 -1 -1 -1 -1 -1)
#(0 127 592 44 0 3 0 10 57733 -1 -1 -1 -1 -1 -1)
#(0 127 1682 26 0 0 0 11 58504 -1 -1 -1 -1 -1 -1)
#(0 127 179 66 0 1 0 11 61146 -1 -1 -1 -1 -1 -1)
#(0 127 1687 34 0 0 0 12 63913 -1 -1 -1 -1 -1 -1)
#(0 127 1670 24 0 0 0 14 74332 -1 -1 -1 -1 -1 -1)
#(0 127 971 62 0 4 0 14 78542 -1 -1 -1 -1 -1 -1)
#(0 127 1358 44 0 1 0 18 97387 -1 -1 -1 -1 -1 -1)
#(0 127 1353 35 0 2 0 19 102159 -1 -1 -1 -1 -1 -1)
#(0 127 1683 23 0 0 0 20 105983 -1 -1 -1 -1 -1 -1)
#(0 127 1368 30 0 2 0 25 133642 -1 -1 -1 -1 -1 -1)
#(0 127 1685 30 0 0 0 30 158898 -1 -1 -1 -1 -1 -1)
#(0 127 1686 32 0 0 0 34 180041 -1 -1 -1 -1 -1 -1)
#(0 127 597 64 0 3 0 34 181493 -1 -1 -1 -1 -1 -1)
#(0 127 598 58 0 2 0 35 186491 -1 -1 -1 -1 -1 -1)
#(0 127 1684 28 0 0 0 36 190542 -1 -1 -1 -1 -1 -1)
#(0 127 596 66 0 2 0 38 203023 -1 -1 -1 -1 -1 -1)
#(0 127 1678 25 0 0 0 41 216898 -1 -1 -1 -1 -1 -1)
#(0 127 196 59 0 1 0 45 241500 -1 -1 -1 -1 -1 -1)
#(0 127 1366 45 0 3 0 45 239983 -1 -1 -1 -1 -1 -1)
#(0 127 593 59 0 1 0 47 249941 -1 -1 -1 -1 -1 -1)
#(0 127 1356 36 0 3 0 49 260582 -1 -1 -1 -1 -1 -1)
#(0 127 969 53 0 2 0 51 272943 -1 -1 -1 -1 -1 -1)
#(0 127 1363 20 0 3 0 56 296715 -1 -1 -1 -1 -1 -1)
#(0 127 974 59 0 3 0 59 316037 -1 -1 -1 -1 -1 -1)
#(0 127 1677 27 0 0 0 66 348938 -1 -1 -1 -1 -1 -1)
#(0 127 966 75 0 2 0 81 428477 -1 -1 -1 -1 -1 -1)
#(0 127 1362 48 0 1 0 83 440746 -1 -1 -1 -1 -1 -1)
#(0 127 578 50 0 1 1 98 522672 -1 -1 -1 -1 -1 -1)
#(0 127 1367 27 0 3 1 98 521274 -1 -1 -1 -1 -1 -1)
#(0 127 963 57 0 3 1 98 518353 -1 -1 -1 -1 -1 -1)
#(0 127 198 62 0 3 1 95 502104 -1 -1 -1 -1 -1 -1)
#(0 127 968 49 0 3 1 92 487503 -1 -1 -1 -1 -1 -1)
#(0 127 591 56 0 3 1 90 479652 -1 -1 -1 -1 -1 -1)
#(0 127 953 55 0 3 1 88 465965 -1 -1 -1 -1 -1 -1)
#(0 127 1355 32 0 2 1 88 468276 -1 -1 -1 -1 -1 -1)
#(0 127 964 44 0 2 1 86 456404 -1 -1 -1 -1 -1 -1)
#(0 127 595 72 0 2 1 86 457385 -1 -1 -1 -1 -1 -1)
#(0 127 1364 31 0 3 1 85 452491 -1 -1 -1 -1 -1 -1)
#(0 127 590 65 0 2 1 83 440892 -1 -1 -1 -1 -1 -1)
#(0 127 970 57 0 1 1 82 433938 -1 -1 -1 -1 -1 -1)
#(0 127 1361 29 0 2 1 76 404996 -1 -1 -1 -1 -1 -1)
#(0 127 967 51 0 2 1 75 397597 -1 -1 -1 -1 -1 -1)
#(0 127 602 64 0 2 1 73 388333 -1 -1 -1 -1 -1 -1)
#(0 127 1676 29 0 0 1 72 384937 -1 -1 -1 -1 -1 -1)
#(0 127 197 44 0 1 1 72 383827 -1 -1 -1 -1 -1 -1)
#(0 127 1354 32 0 2 1 68 362638 -1 -1 -1 -1 -1 -1)
#(0 127 600 75 0 3 1 67 355168 -1 -1 -1 -1 -1 -1)
#(0 127 972 43 0 2 1 66 350859 -1 -1 -1 -1 -1 -1)
#(0 127 961 72 0 3 1 64 338336 -1 -1 -1 -1 -1 -1)
#(0 127 1679 25 0 0 1 62 332206 -1 -1 -1 -1 -1 -1)
#(0 127 195 51 0 1 1 61 324432 -1 -1 -1 -1 -1 -1)
#(0 127 975 58 0 2 1 59 312489 -1 -1 -1 -1 -1 -1)
#(0 127 1680 30 0 0 1 57 305728 -1 -1 -1 -1 -1 -1)
#(0 127 1681 23 0 0 1 54 290015 -1 -1 -1 -1 -1 -1)
#(0 127 200 67 0 2 1 53 280974 -1 -1 -1 -1 -1 -1)
#(0 127 1365 27 0 2 1 44 236147 -1 -1 -1 -1 -1 -1)
#(0 127 594 72 0 2 1 40 212848 -1 -1 -1 -1 -1 -1)
#(0 127 1359 40 0 2 1 40 214399 -1 -1 -1 -1 -1 -1)
#(0 127 955 58 0 3 1 38 202295 -1 -1 -1 -1 -1 -1)
#(0 127 1360 31 0 2 1 38 204321 -1 -1 -1 -1 -1 -1)
#(0 127 965 44 0 1 1 32 171262 -1 -1 -1 -1 -1 -1)
#(0 127 199 52 0 4 1 11 58276 -1 -1 -1 -1 -1 -1)
#(0 128 1380 41 0 1 0 0 2189 -1 -1 -1 -1 -1 -1)
#(0 128 982 51 0 2 0 1 8938 -1 -1 -1 -1 -1 -1)
#(0 128 1698 20 0 0 0 2 10878 -1 -1 -1 -1 -1 -1)
#(0 128 1690 32 0 0 0 4 21674 -1 -1 -1 -1 -1 -1)
#(0 128 599 58 0 2 0 4 22683 -1 -1 -1 -1 -1 -1)
#(0 128 987 60 0 2 0 4 25544 -1 -1 -1 -1 -1 -1)
#(0 128 1701 25 0 0 0 7 37355 -1 -1 -1 -1 -1 -1)
#(0 128 983 71 0 3 0 7 41189 -1 -1 -1 -1 -1 -1)
#(0 128 980 54 0 2 0 10 56887 -1 -1 -1 -1 -1 -1)
#(0 128 605 58 0 2 0 10 54605 -1 -1 -1 -1 -1 -1)
#(0 128 1692 22 0 0 0 14 74287 -1 -1 -1 -1 -1 -1)
#(0 128 1689 20 0 0 0 16 84819 -1 -1 -1 -1 -1 -1)
#(0 128 1696 30 0 0 0 17 90256 -1 -1 -1 -1 -1 -1)
#(0 128 1382 34 0 3 0 17 91521 -1 -1 -1 -1 -1 -1)
#(0 128 1377 37 0 2 0 18 97019 -1 -1 -1 -1 -1 -1)
#(0 128 1370 35 0 2 0 19 102124 -1 -1 -1 -1 -1 -1)
#(0 128 202 55 0 2 0 26 140844 -1 -1 -1 -1 -1 -1)
#(0 128 1371 35 0 1 0 26 139095 -1 -1 -1 -1 -1 -1)
#(0 128 201 52 0 4 0 31 168909 -1 -1 -1 -1 -1 -1)
#(0 128 1372 31 0 2 0 36 191703 -1 -1 -1 -1 -1 -1)
#(0 128 583 57 0 2 0 37 196011 -1 -1 -1 -1 -1 -1)
#(0 128 586 61 0 2 0 39 207627 -1 -1 -1 -1 -1 -1)
#(0 128 1378 34 0 2 0 40 212965 -1 -1 -1 -1 -1 -1)
#(0 128 1695 18 0 0 0 41 216781 -1 -1 -1 -1 -1 -1)
#(0 128 210 64 0 2 0 49 263981 -1 -1 -1 -1 -1 -1)
#(0 128 989 50 0 1 0 52 278279 -1 -1 -1 -1 -1 -1)
#(0 128 608 67 0 2 0 59 314478 -1 -1 -1 -1 -1 -1)
#(0 128 606 62 0 3 0 69 366600 -1 -1 -1 -1 -1 -1)
#(0 128 613 44 0 2 0 70 374419 -1 -1 -1 -1 -1 -1)
#(0 128 207 57 0 2 0 91 484542 -1 -1 -1 -1 -1 -1)
#(0 128 1700 34 0 0 1 95 506318 -1 -1 -1 -1 -1 -1)
#(0 128 1383 22 0 3 1 94 500392 -1 -1 -1 -1 -1 -1)
#(0 128 986 51 0 2 1 93 492713 -1 -1 -1 -1 -1 -1)
#(0 128 1376 21 0 2 1 91 484660 -1 -1 -1 -1 -1 -1)
#(0 128 604 57 0 3 1 89 474210 -1 -1 -1 -1 -1 -1)
#(0 128 1357 31 0 2 1 88 468300 -1 -1 -1 -1 -1 -1)
#(0 128 1693 29 0 0 1 87 464144 -1 -1 -1 -1 -1 -1)
#(4 128 1693 -1 0 -1 -1 -1 -1 40 0 0 0 0 -1)
#(0 128 607 59 0 2 1 87 462648 -1 -1 -1 -1 -1 -1)
#(0 128 1374 33 0 1 1 87 462835 -1 -1 -1 -1 -1 -1)
#(0 128 1688 25 0 0 1 86 458936 -1 -1 -1 -1 -1 -1)
#(0 128 611 61 0 1 1 85 452345 -1 -1 -1 -1 -1 -1)
#(0 128 208 46 0 2 1 83 440567 -1 -1 -1 -1 -1 -1)
#(0 128 1381 20 0 3 1 83 442494 -1 -1 -1 -1 -1 -1)
#(0 128 205 51 0 2 1 82 435381 -1 -1 -1 -1 -1 -1)
#(0 128 209 59 0 2 1 79 417911 -1 -1 -1 -1 -1 -1)
#(0 128 612 47 0 3 1 76 404974 -1 -1 -1 -1 -1 -1)
#(0 128 1373 29 0 2 1 76 404980 -1 -1 -1 -1 -1 -1)
#(0 128 1691 26 0 0 1 75 400843 -1 -1 -1 -1 -1 -1)
#(0 128 978 59 0 2 1 69 365093 -1 -1 -1 -1 -1 -1)
#(0 128 204 51 0 2 1 65 345590 -1 -1 -1 -1 -1 -1)
#(0 128 1379 30 0 3 1 64 341521 -1 -1 -1 -1 -1 -1)
#(0 128 603 45 0 3 1 59 311800 -1 -1 -1 -1 -1 -1)
#(0 128 991 64 0 1 1 55 290936 -1 -1 -1 -1 -1 -1)
#(0 128 981 65 0 2 1 54 285448 -1 -1 -1 -1 -1 -1)
#(0 128 1694 27 0 0 1 53 284662 -1 -1 -1 -1 -1 -1)
#(0 128 610 55 0 1 1 53 283350 -1 -1 -1 -1 -1 -1)
#(0 128 979 43 0 3 1 48 255793 -1 -1 -1 -1 -1 -1)
#(2 128 979 -1 -1 -1 -1 -1 -1 41 -1 -1 -1 -1 -1)
#(0 128 988 57 0 2 1 46 243954 -1 -1 -1 -1 -1 -1)
#(0 128 203 57 0 2 1 45 239017 -1 -1 -1 -1 -1 -1)
#(0 128 1369 34 0 2 1 40 214705 -1 -1 -1 -1 -1 -1)
#(0 128 990 60 0 2 1 31 164727 -1 -1 -1 -1 -1 -1)
#(0 128 206 57 0 3 1 13 69976 -1 -1 -1 -1 -1 -1)
#(0 128 976 64 0 2 1 11 58248 -1 -1 -1 -1 -1 -1)
#(0 129 622 57 0 1 0 3 16667 -1 -1 -1 -1 -1 -1)
#(0 129 996 54 0 3 0 3 19851 -1 -1 -1 -1 -1 -1)
#(0 129 217 58 0 2 0 6 35270 -1 -1 -1 -1 -1 -1)
#(0 129 1004 54 0 3 0 7 40359 -1 -1 -1 -1 -1 -1)
#(0 129 1706 23 0 0 0 8 42623 -1 -1 -1 -1 -1 -1)
#(0 129 220 57 0 1 0 8 46003 -1 -1 -1 -1 -1 -1)
#(0 129 1393 31 0 2 0 9 49096 -1 -1 -1 -1 -1 -1)
#(0 129 1001 55 0 2 0 10 56816 -1 -1 -1 -1 -1 -1)
#(0 129 1702 23 0 0 0 12 63745 -1 -1 -1 -1 -1 -1)
#(0 129 620 57 0 3 0 12 63815 -1 -1 -1 -1 -1 -1)
#(0 129 215 57 0 1 0 13 72741 -1 -1 -1 -1 -1 -1)
#(0 129 1717 23 0 0 0 14 74288 -1 -1 -1 -1 -1 -1)
#(0 129 1710 23 0 0 0 15 79577 -1 -1 -1 -1 -1 -1)
#(0 129 1697 21 0 0 0 16 84816 -1 -1 -1 -1 -1 -1)
#(0 129 616 51 0 1 0 17 90371 -1 -1 -1 -1 -1 -1)
#(0 129 224 66 0 3 0 17 90143 -1 -1 -1 -1 -1 -1)
#(0 129 1007 43 0 1 0 20 108519 -1 -1 -1 -1 -1 -1)
#(0 129 214 59 0 2 0 22 120658 -1 -1 -1 -1 -1 -1)
#(0 129 1389 38 0 2 0 23 123458 -1 -1 -1 -1 -1 -1)
#(0 129 1709 27 0 0 0 25 132446 -1 -1 -1 -1 -1 -1)
#(0 129 999 57 0 1 0 26 141573 -1 -1 -1 -1 -1 -1)
#(0 129 993 68 0 2 0 27 146975 -1 -1 -1 -1 -1 -1)
#(0 129 225 55 0 2 0 31 164515 -1 -1 -1 -1 -1 -1)
#(0 129 998 68 0 1 0 32 169188 -1 -1 -1 -1 -1 -1)
#(0 129 1002 62 0 2 0 33 178921 -1 -1 -1 -1 -1 -1)
#(0 129 609 64 0 1 0 34 181935 -1 -1 -1 -1 -1 -1)
#(0 129 1716 34 0 0 0 35 185353 -1 -1 -1 -1 -1 -1)
#(0 129 1703 23 0 0 0 38 201027 -1 -1 -1 -1 -1 -1)
#(0 129 216 44 0 2 0 41 218060 -1 -1 -1 -1 -1 -1)
#(0 129 992 51 0 1 0 46 246548 -1 -1 -1 -1 -1 -1)
#(0 129 618 58 0 1 0 47 249984 -1 -1 -1 -1 -1 -1)
#(0 129 1390 34 0 1 0 49 260438 -1 -1 -1 -1 -1 -1)
#(0 129 1714 27 0 0 0 59 311968 -1 -1 -1 -1 -1 -1)
#(0 129 621 32 0 4 0 72 385310 -1 -1 -1 -1 -1 -1)
#(0 129 222 56 0 4 0 74 395602 -1 -1 -1 -1 -1 -1)
#(0 129 1385 28 0 2 1 98 521234 -1 -1 -1 -1 -1 -1)
#(0 129 1715 27 0 0 1 97 517001 -1 -1 -1 -1 -1 -1)
#(0 129 995 65 0 2 1 95 501918 -1 -1 -1 -1 -1 -1)
#(0 129 997 62 0 1 1 94 497677 -1 -1 -1 -1 -1 -1)
#(0 129 223 52 0 2 1 93 496103 -1 -1 -1 -1 -1 -1)
#(0 129 617 66 0 1 1 92 487807 -1 -1 -1 -1 -1 -1)
#(0 129 1392 20 0 0 1 91 484770 -1 -1 -1 -1 -1 -1)
#(0 129 221 62 0 1 1 90 475669 -1 -1 -1 -1 -1 -1)
#(0 129 1012 69 0 2 1 88 469816 -1 -1 -1 -1 -1 -1)
#(0 129 977 55 0 2 1 88 465981 -1 -1 -1 -1 -1 -1)
#(0 129 226 62 0 3 1 87 460511 -1 -1 -1 -1 -1 -1)
#(0 129 1387 29 0 2 1 87 463166 -1 -1 -1 -1 -1 -1)
#(0 129 619 57 0 2 1 83 441099 -1 -1 -1 -1 -1 -1)
#(0 129 615 53 0 1 1 82 437245 -1 -1 -1 -1 -1 -1)
#(0 129 985 51 0 2 1 82 434577 -1 -1 -1 -1 -1 -1)
#(0 129 1000 44 0 2 1 80 424715 -1 -1 -1 -1 -1 -1)
#(0 129 1711 26 0 0 1 79 421972 -1 -1 -1 -1 -1 -1)
#(0 129 1384 27 0 2 1 78 415711 -1 -1 -1 -1 -1 -1)
#(0 129 1005 44 0 1 1 76 403603 -1 -1 -1 -1 -1 -1)
#(0 129 213 57 0 1 1 72 382443 -1 -1 -1 -1 -1 -1)
#(0 129 1388 30 0 2 1 71 378588 -1 -1 -1 -1 -1 -1)
#(0 129 1003 70 0 2 1 70 374779 -1 -1 -1 -1 -1 -1)
#(0 129 211 51 0 2 1 70 372551 -1 -1 -1 -1 -1 -1)
#(0 129 1386 33 0 2 1 70 373171 -1 -1 -1 -1 -1 -1)
#(0 129 984 55 0 1 1 69 365642 -1 -1 -1 -1 -1 -1)
#(0 129 1391 30 0 2 1 69 368064 -1 -1 -1 -1 -1 -1)
#(0 129 1704 24 0 0 1 62 332226 -1 -1 -1 -1 -1 -1)
#(0 129 1011 57 0 2 1 62 328358 -1 -1 -1 -1 -1 -1)
#(0 129 1008 56 0 3 1 61 322989 -1 -1 -1 -1 -1 -1)
#(0 129 1712 28 0 0 1 53 284665 -1 -1 -1 -1 -1 -1)
#(0 129 1705 30 0 0 1 52 279328 -1 -1 -1 -1 -1 -1)
#(0 129 212 57 0 1 1 51 270156 -1 -1 -1 -1 -1 -1)
#(0 129 1707 28 0 0 1 49 263529 -1 -1 -1 -1 -1 -1)
#(0 129 614 55 0 2 1 36 193872 -1 -1 -1 -1 -1 -1)
#(0 129 1708 23 0 0 1 32 173860 -1 -1 -1 -1 -1 -1)
#(0 129 994 51 0 2 1 26 138916 -1 -1 -1 -1 -1 -1)
#(0 130 1025 53 0 1 0 0 3625 -1 -1 -1 -1 -1 -1)
#(0 130 631 63 0 3 0 4 23498 -1 -1 -1 -1 -1 -1)
#(0 130 236 60 0 3 0 6 31777 -1 -1 -1 -1 -1 -1)
#(0 130 629 60 0 2 0 9 49710 -1 -1 -1 -1 -1 -1)
#(0 130 1023 64 0 2 0 9 51806 -1 -1 -1 -1 -1 -1)
#(0 130 1400 21 0 3 0 12 64415 -1 -1 -1 -1 -1 -1)
#(0 130 229 44 0 3 0 15 80766 -1 -1 -1 -1 -1 -1)
#(0 130 1398 20 0 3 0 16 85525 -1 -1 -1 -1 -1 -1)
#(0 130 626 53 0 3 0 18 96838 -1 -1 -1 -1 -1 -1)
#(0 130 1394 21 0 2 0 20 106769 -1 -1 -1 -1 -1 -1)
#(0 130 218 69 0 3 0 23 121601 -1 -1 -1 -1 -1 -1)
#(0 130 1721 28 0 0 0 24 127178 -1 -1 -1 -1 -1 -1)
#(0 130 232 68 0 3 0 24 131947 -1 -1 -1 -1 -1 -1)
#(0 130 1402 33 0 3 0 25 133782 -1 -1 -1 -1 -1 -1)
#(0 130 1395 39 0 2 0 29 155234 -1 -1 -1 -1 -1 -1)
#(0 130 627 67 0 2 0 31 166067 -1 -1 -1 -1 -1 -1)
#(0 130 623 63 0 2 0 32 171073 -1 -1 -1 -1 -1 -1)
#(0 130 231 55 0 3 0 38 204121 -1 -1 -1 -1 -1 -1)
#(0 130 230 55 0 2 0 40 214810 -1 -1 -1 -1 -1 -1)
#(0 130 625 67 0 1 0 46 245939 -1 -1 -1 -1 -1 -1)
#(0 130 1399 36 0 1 0 48 255414 -1 -1 -1 -1 -1 -1)
#(0 130 219 64 0 1 0 49 263770 -1 -1 -1 -1 -1 -1)
#(0 130 1017 67 0 2 0 56 295695 -1 -1 -1 -1 -1 -1)
#(0 130 1396 27 0 2 1 99 526591 -1 -1 -1 -1 -1 -1)
#(0 130 1016 62 0 2 1 99 522898 -1 -1 -1 -1 -1 -1)
#(0 130 1010 54 0 2 1 95 502606 -1 -1 -1 -1 -1 -1)
#(0 130 628 50 0 3 1 93 495762 -1 -1 -1 -1 -1 -1)
#(0 130 1009 51 0 2 1 93 492755 -1 -1 -1 -1 -1 -1)
#(0 130 1022 44 0 2 1 89 472260 -1 -1 -1 -1 -1 -1)
#(0 130 1021 59 0 2 1 82 434342 -1 -1 -1 -1 -1 -1)
#(0 130 1720 26 0 0 1 79 421985 -1 -1 -1 -1 -1 -1)
#(0 130 228 49 0 2 1 76 403792 -1 -1 -1 -1 -1 -1)
#(0 130 1718 28 0 0 1 75 400810 -1 -1 -1 -1 -1 -1)
#(0 130 1020 73 0 3 1 73 389906 -1 -1 -1 -1 -1 -1)
#(0 130 1375 21 0 2 1 66 352652 -1 -1 -1 -1 -1 -1)
#(0 130 632 54 0 2 1 64 342276 -1 -1 -1 -1 -1 -1)
#(0 130 1397 21 0 2 1 58 310469 -1 -1 -1 -1 -1 -1)
#(0 130 630 57 0 2 1 47 252060 -1 -1 -1 -1 -1 -1)
#(0 130 624 59 0 2 1 45 239704 -1 -1 -1 -1 -1 -1)
#(0 130 1019 58 0 1 1 44 233189 -1 -1 -1 -1 -1 -1)
#(0 130 235 51 0 1 1 26 139716 -1 -1 -1 -1 -1 -1)
#(0 131 1728 27 0 0 0 0 445 -1 -1 -1 -1 -1 -1)
#(0 131 242 53 0 1 0 1 9533 -1 -1 -1 -1 -1 -1)
#(0 131 1030 54 0 1 0 3 19833 -1 -1 -1 -1 -1 -1)
#(0 131 246 65 0 3 0 4 25001 -1 -1 -1 -1 -1 -1)
#(0 131 1033 44 0 2 0 4 24071 -1 -1 -1 -1 -1 -1)
#(0 131 641 51 0 1 0 5 26915 -1 -1 -1 -1 -1 -1)
#(0 131 1406 41 0 3 0 5 28493 -1 -1 -1 -1 -1 -1)
#(0 131 1037 60 0 2 0 7 40690 -1 -1 -1 -1 -1 -1)
#(0 131 238 63 0 3 0 8 43100 -1 -1 -1 -1 -1 -1)
#(0 131 1414 42 0 2 0 8 44518 -1 -1 -1 -1 -1 -1)
#(0 131 1032 63 0 2 0 8 47092 -1 -1 -1 -1 -1 -1)
#(0 131 1409 48 0 1 0 10 55279 -1 -1 -1 -1 -1 -1)
#(0 131 240 61 0 1 0 10 57837 -1 -1 -1 -1 -1 -1)
#(0 131 1006 62 0 1 0 10 57122 -1 -1 -1 -1 -1 -1)
#(0 131 633 71 0 2 0 11 59172 -1 -1 -1 -1 -1 -1)
#(0 131 644 58 0 2 0 12 63740 -1 -1 -1 -1 -1 -1)
#(0 131 1726 29 0 0 0 13 69136 -1 -1 -1 -1 -1 -1)
#(0 131 638 57 0 2 0 13 70019 -1 -1 -1 -1 -1 -1)
#(0 131 1719 23 0 0 0 14 74307 -1 -1 -1 -1 -1 -1)
#(0 131 1699 18 0 0 0 16 84788 -1 -1 -1 -1 -1 -1)
#(0 131 1031 63 0 2 0 18 99496 -1 -1 -1 -1 -1 -1)
#(0 131 1724 28 0 0 0 21 111357 -1 -1 -1 -1 -1 -1)
#(0 131 227 51 0 3 0 22 118947 -1 -1 -1 -1 -1 -1)
#(0 131 1404 39 0 1 0 22 118211 -1 -1 -1 -1 -1 -1)
#(0 131 1035 64 0 2 0 22 121041 -1 -1 -1 -1 -1 -1)
#(0 131 1405 38 0 2 0 23 123445 -1 -1 -1 -1 -1 -1)
#(0 131 247 56 0 1 0 24 130283 -1 -1 -1 -1 -1 -1)
#(0 131 1727 25 0 0 0 25 132409 -1 -1 -1 -1 -1 -1)
#(0 131 1036 51 0 2 0 29 156772 -1 -1 -1 -1 -1 -1)
#(0 131 244 49 0 1 0 30 161169 -1 -1 -1 -1 -1 -1)
#(0 131 1411 36 0 2 0 32 170926 -1 -1 -1 -1 -1 -1)
#(0 131 1412 31 0 2 0 33 175834 -1 -1 -1 -1 -1 -1)
#(0 131 233 51 0 3 0 38 203385 -1 -1 -1 -1 -1 -1)
#(0 131 1029 70 0 2 0 39 206155 -1 -1 -1 -1 -1 -1)
#(0 131 1413 20 0 2 0 40 212221 -1 -1 -1 -1 -1 -1)
#(0 131 1723 34 0 0 0 45 238181 -1 -1 -1 -1 -1 -1)
#(0 131 1028 55 0 2 0 47 252187 -1 -1 -1 -1 -1 -1)
#(0 131 1729 20 0 0 0 50 264328 -1 -1 -1 -1 -1 -1)
#(0 131 1038 51 0 2 0 50 267651 -1 -1 -1 -1 -1 -1)
#(0 131 1013 53 0 2 0 52 278293 -1 -1 -1 -1 -1 -1)
#(0 131 237 72 0 2 0 61 322472 -1 -1 -1 -1 -1 -1)
#(0 131 241 57 0 2 0 63 336738 -1 -1 -1 -1 -1 -1)
#(0 131 635 62 0 2 0 65 345427 -1 -1 -1 -1 -1 -1)
#(0 131 1027 57 0 1 0 71 379120 -1 -1 -1 -1 -1 -1)
#(0 131 642 44 0 3 1 96 507345 -1 -1 -1 -1 -1 -1)
#(0 131 1015 66 0 2 1 95 502092 -1 -1 -1 -1 -1 -1)
#(0 131 245 44 0 1 1 90 478906 -1 -1 -1 -1 -1 -1)
#(0 131 1410 20 0 3 1 90 479455 -1 -1 -1 -1 -1 -1)
#(0 131 640 55 0 2 1 84 447636 -1 -1 -1 -1 -1 -1)
#(0 131 1014 45 0 2 1 76 403523 -1 -1 -1 -1 -1 -1)
#(0 131 249 67 0 3 1 74 395642 -1 -1 -1 -1 -1 -1)
#(0 131 252 67 0 3 1 73 390306 -1 -1 -1 -1 -1 -1)
#(0 131 639 75 0 1 1 71 378250 -1 -1 -1 -1 -1 -1)
#(0 131 253 62 0 1 1 69 364784 -1 -1 -1 -1 -1 -1)
#(0 131 1407 46 0 1 1 67 356652 -1 -1 -1 -1 -1 -1)
#(0 131 634 54 0 1 1 66 352622 -1 -1 -1 -1 -1 -1)
#(0 131 1018 51 0 2 1 62 329055 -1 -1 -1 -1 -1 -1)
#(0 131 637 55 0 3 1 62 331446 -1 -1 -1 -1 -1 -1)
#(0 131 1403 20 0 2 1 61 326310 -1 -1 -1 -1 -1 -1)
#(0 131 1034 70 0 2 1 61 322442 -1 -1 -1 -1 -1 -1)
#(0 131 239 55 0 2 1 59 313370 -1 -1 -1 -1 -1 -1)
#(0 131 1039 59 0 2 1 58 307101 -1 -1 -1 -1 -1 -1)
#(0 131 636 64 0 3 1 52 277487 -1 -1 -1 -1 -1 -1)
#(0 131 250 52 0 2 1 48 255308 -1 -1 -1 -1 -1 -1)
#(0 131 248 71 0 3 1 45 241452 -1 -1 -1 -1 -1 -1)
#(0 131 1730 20 0 0 1 41 221436 -1 -1 -1 -1 -1 -1)
#(0 131 643 55 0 2 1 40 215332 -1 -1 -1 -1 -1 -1)
#(0 131 1722 20 0 0 1 37 200298 -1 -1 -1 -1 -1 -1)
#(0 131 1713 23 0 0 1 32 173847 -1 -1 -1 -1 -1 -1)
#(0 131 1725 20 0 0 1 14 78862 -1 -1 -1 -1 -1 -1)
#(0 132 1731 23 0 0 0 1 5670 -1 -1 -1 -1 -1 -1)
#(0 132 243 44 0 3 0 1 8184 -1 -1 -1 -1 -1 -1)
#(0 132 654 49 0 2 0 3 16100 -1 -1 -1 -1 -1 -1)
#(0 132 1422 38 0 2 0 4 23088 -1 -1 -1 -1 -1 -1)
#(0 132 257 64 0 2 0 6 32605 -1 -1 -1 -1 -1 -1)
#(0 132 1046 63 0 3 0 6 31732 -1 -1 -1 -1 -1 -1)
#(0 132 655 58 0 2 0 7 38561 -1 -1 -1 -1 -1 -1)
#(0 132 1054 53 0 2 0 8 46000 -1 -1 -1 -1 -1 -1)
#(0 132 1048 55 0 2 0 9 51404 -1 -1 -1 -1 -1 -1)
#(0 132 1401 21 0 2 0 12 64432 -1 -1 -1 -1 -1 -1)
#(0 132 1736 22 0 0 0 21 111235 -1 -1 -1 -1 -1 -1)
#(0 132 1057 57 0 1 0 25 136266 -1 -1 -1 -1 -1 -1)
#(0 132 1734 29 0 0 0 28 148329 -1 -1 -1 -1 -1 -1)
#(0 132 647 65 0 2 0 28 150500 -1 -1 -1 -1 -1 -1)
#(0 132 1732 30 0 0 0 29 153639 -1 -1 -1 -1 -1 -1)
#(0 132 255 70 0 2 0 29 154236 -1 -1 -1 -1 -1 -1)
#(0 132 1047 57 0 2 0 32 173142 -1 -1 -1 -1 -1 -1)
#(0 132 1419 20 0 3 0 35 185832 -1 -1 -1 -1 -1 -1)
#(0 132 1043 59 0 1 0 36 195014 -1 -1 -1 -1 -1 -1)
#(0 132 1421 33 0 2 0 37 197184 -1 -1 -1 -1 -1 -1)
#(0 132 1044 43 0 2 0 41 219407 -1 -1 -1 -1 -1 -1)
#(0 132 1042 61 0 2 0 49 263322 -1 -1 -1 -1 -1 -1)
#(0 132 1026 59 0 3 0 52 278459 -1 -1 -1 -1 -1 -1)
#(0 132 1041 67 0 1 1 98 522610 -1 -1 -1 -1 -1 -1)
#(0 132 261 54 0 2 1 96 508027 -1 -1 -1 -1 -1 -1)
#(0 132 1051 51 0 2 1 96 508483 -1 -1 -1 -1 -1 -1)
#(0 132 1052 55 0 3 1 95 502561 -1 -1 -1 -1 -1 -1)
#(0 132 1058 44 0 3 1 93 493352 -1 -1 -1 -1 -1 -1)
#(0 132 1417 21 0 2 1 91 484701 -1 -1 -1 -1 -1 -1)
#(0 132 1733 30 0 0 1 83 443008 -1 -1 -1 -1 -1 -1)
#(0 132 1418 21 0 2 1 83 442385 -1 -1 -1 -1 -1 -1)
#(0 132 258 51 0 2 1 82 435399 -1 -1 -1 -1 -1 -1)
#(0 132 645 44 0 2 1 81 428096 -1 -1 -1 -1 -1 -1)
#(0 132 653 72 0 3 1 79 418635 -1 -1 -1 -1 -1 -1)
#(0 132 646 51 0 2 1 76 405049 -1 -1 -1 -1 -1 -1)
#(0 132 260 56 0 2 1 75 397416 -1 -1 -1 -1 -1 -1)
#(0 132 1424 35 0 3 1 74 394161 -1 -1 -1 -1 -1 -1)
#(0 132 651 51 0 1 1 73 390084 -1 -1 -1 -1 -1 -1)
#(0 132 1045 44 0 2 1 70 371881 -1 -1 -1 -1 -1 -1)
#(0 132 1040 51 0 2 1 68 360580 -1 -1 -1 -1 -1 -1)
#(0 132 1408 40 0 1 1 67 356956 -1 -1 -1 -1 -1 -1)
#(0 132 1423 20 0 2 1 66 352706 -1 -1 -1 -1 -1 -1)
#(0 132 1416 34 0 1 1 63 336129 -1 -1 -1 -1 -1 -1)
#(0 132 1024 57 0 2 1 62 328757 -1 -1 -1 -1 -1 -1)
#(0 132 652 41 0 2 1 59 311707 -1 -1 -1 -1 -1 -1)
#(2 132 652 -1 -1 -1 -1 -1 -1 42 -1 -1 -1 -1 -1)
#(0 132 1055 43 0 2 1 56 298056 -1 -1 -1 -1 -1 -1)
#(0 132 1735 27 0 0 1 53 284675 -1 -1 -1 -1 -1 -1)
#(0 132 1420 37 0 1 1 51 272652 -1 -1 -1 -1 -1 -1)
#(0 132 1738 23 0 0 1 49 263631 -1 -1 -1 -1 -1 -1)
#(0 132 1737 20 0 0 1 47 253119 -1 -1 -1 -1 -1 -1)
#(0 132 251 55 0 1 1 46 244812 -1 -1 -1 -1 -1 -1)
#(0 132 650 59 0 3 1 45 241013 -1 -1 -1 -1 -1 -1)
#(0 132 1050 62 0 1 1 40 211730 -1 -1 -1 -1 -1 -1)
#(0 132 256 59 0 2 1 40 212012 -1 -1 -1 -1 -1 -1)
#(0 132 1049 59 0 2 1 33 175092 -1 -1 -1 -1 -1 -1)
#(0 132 648 67 0 2 1 31 166092 -1 -1 -1 -1 -1 -1)
#(0 132 1415 33 0 2 1 27 146128 -1 -1 -1 -1 -1 -1)
#(0 132 262 67 0 3 1 13 68951 -1 -1 -1 -1 -1 -1)
#(0 133 1427 42 0 1 0 0 2247 -1 -1 -1 -1 -1 -1)
#(0 133 1748 27 0 0 0 4 21554 -1 -1 -1 -1 -1 -1)
#(0 133 1743 28 0 0 0 8 42707 -1 -1 -1 -1 -1 -1)
#(0 133 1425 38 0 1 0 8 44260 -1 -1 -1 -1 -1 -1)
#(0 133 1053 44 0 1 0 9 50462 -1 -1 -1 -1 -1 -1)
#(0 133 661 64 0 1 0 12 64622 -1 -1 -1 -1 -1 -1)
#(0 133 273 55 0 3 0 14 77348 -1 -1 -1 -1 -1 -1)
#(0 133 658 60 0 1 0 14 75625 -1 -1 -1 -1 -1 -1)
#(0 133 1429 21 0 2 0 14 74972 -1 -1 -1 -1 -1 -1)
#(0 133 1067 64 0 2 0 14 78823 -1 -1 -1 -1 -1 -1)
#(0 133 271 67 0 2 0 17 90000 -1 -1 -1 -1 -1 -1)
#(0 133 1746 29 0 0 0 20 106073 -1 -1 -1 -1 -1 -1)
#(0 133 656 74 0 2 0 20 108420 -1 -1 -1 -1 -1 -1)
#(0 133 659 57 0 2 0 21 112325 -1 -1 -1 -1 -1 -1)
#(0 133 1060 51 0 1 0 22 119789 -1 -1 -1 -1 -1 -1)
#(0 133 266 56 0 2 0 22 119462 -1 -1 -1 -1 -1 -1)
#(0 133 1749 25 0 0 0 23 121835 -1 -1 -1 -1 -1 -1)
#(0 133 264 58 0 3 0 23 125659 -1 -1 -1 -1 -1 -1)
#(0 133 1740 28 0 0 0 29 153583 -1 -1 -1 -1 -1 -1)
#(0 133 1065 57 0 2 0 30 162602 -1 -1 -1 -1 -1 -1)
#(0 133 1744 32 0 0 0 31 164210 -1 -1 -1 -1 -1 -1)
#(0 133 662 59 0 2 0 35 186635 -1 -1 -1 -1 -1 -1)
#(0 133 1056 62 0 2 0 36 194724 -1 -1 -1 -1 -1 -1)
#(0 133 267 64 0 1 0 38 204777 -1 -1 -1 -1 -1 -1)
#(0 133 265 44 0 1 0 39 207507 -1 -1 -1 -1 -1 -1)
#(0 133 1739 30 0 0 0 40 211712 -1 -1 -1 -1 -1 -1)
#(0 133 1061 71 0 2 0 45 238382 -1 -1 -1 -1 -1 -1)
#(0 133 1066 65 0 2 0 51 273767 -1 -1 -1 -1 -1 -1)
#(0 133 1745 34 0 0 0 52 275127 -1 -1 -1 -1 -1 -1)
#(0 133 269 59 0 3 0 54 289550 -1 -1 -1 -1 -1 -1)
#(0 133 1064 57 0 2 0 55 294643 -1 -1 -1 -1 -1 -1)
#(0 133 1062 51 0 2 0 62 330936 -1 -1 -1 -1 -1 -1)
#(0 133 270 55 0 3 0 66 352034 -1 -1 -1 -1 -1 -1)
#(0 133 1431 39 0 1 0 67 355779 -1 -1 -1 -1 -1 -1)
#(0 133 1435 55 0 1 0 78 414667 -1 -1 -1 -1 -1 -1)
#(0 133 1747 23 0 0 1 98 522350 -1 -1 -1 -1 -1 -1)
#(2 133 1747 -1 -1 -1 -1 -1 -1 43 -1 -1 -1 -1 -1)
#(0 133 263 75 0 1 1 98 517616 -1 -1 -1 -1 -1 -1)
#(0 133 1751 27 0 0 1 97 517007 -1 -1 -1 -1 -1 -1)
#(0 133 1428 31 0 2 1 93 494676 -1 -1 -1 -1 -1 -1)
#(0 133 663 55 0 1 1 92 490025 -1 -1 -1 -1 -1 -1)
#(0 133 1069 54 0 2 1 89 471771 -1 -1 -1 -1 -1 -1)
#(0 133 1741 29 0 0 1 87 464148 -1 -1 -1 -1 -1 -1)
#(0 133 1426 33 0 2 1 85 452220 -1 -1 -1 -1 -1 -1)
#(0 133 1434 30 0 3 1 84 447252 -1 -1 -1 -1 -1 -1)
#(0 133 657 51 0 1 1 82 437589 -1 -1 -1 -1 -1 -1)
#(0 133 1433 39 0 1 1 81 430912 -1 -1 -1 -1 -1 -1)
#(0 133 1059 46 0 3 1 80 424546 -1 -1 -1 -1 -1 -1)
#(0 133 1742 27 0 0 1 75 400834 -1 -1 -1 -1 -1 -1)
#(0 133 259 66 0 2 1 73 390674 -1 -1 -1 -1 -1 -1)
#(0 133 660 55 0 1 1 72 384301 -1 -1 -1 -1 -1 -1)
#(0 133 1063 44 0 3 1 71 377184 -1 -1 -1 -1 -1 -1)
#(0 133 274 62 0 3 1 71 375341 -1 -1 -1 -1 -1 -1)
#(0 133 254 69 0 3 1 68 363736 -1 -1 -1 -1 -1 -1)
#(0 133 268 57 0 2 1 56 296850 -1 -1 -1 -1 -1 -1)
#(0 133 1430 35 0 1 1 43 230540 -1 -1 -1 -1 -1 -1)
#(0 133 272 62 0 2 1 37 195759 -1 -1 -1 -1 -1 -1)
#(0 133 1068 62 0 2 1 35 185300 -1 -1 -1 -1 -1 -1)
#(0 133 664 64 0 2 1 29 156183 -1 -1 -1 -1 -1 -1)
#(0 133 1750 34 0 0 1 23 126167 -1 -1 -1 -1 -1 -1)
#(0 134 1442 45 0 3 0 1 7691 -1 -1 -1 -1 -1 -1)
#(0 134 1432 34 0 3 0 4 22894 -1 -1 -1 -1 -1 -1)
#(0 134 278 61 0 2 0 6 31978 -1 -1 -1 -1 -1 -1)
#(0 134 1440 37 0 1 0 6 33621 -1 -1 -1 -1 -1 -1)
#(0 134 281 72 0 1 0 7 37430 -1 -1 -1 -1 -1 -1)
#(0 134 665 69 0 1 0 7 39216 -1 -1 -1 -1 -1 -1)
#(0 134 1083 59 0 2 0 10 57095 -1 -1 -1 -1 -1 -1)
#(0 134 1755 25 0 0 0 12 63760 -1 -1 -1 -1 -1 -1)
#(0 134 275 42 0 3 0 13 70164 -1 -1 -1 -1 -1 -1)
#(0 134 1074 68 0 1 0 18 100122 -1 -1 -1 -1 -1 -1)
#(0 134 1439 21 0 2 0 21 111929 -1 -1 -1 -1 -1 -1)
#(0 134 1073 43 0 2 0 29 156034 -1 -1 -1 -1 -1 -1)
#(0 134 1077 69 0 1 0 45 237835 -1 -1 -1 -1 -1 -1)
#(0 134 280 69 0 3 0 50 264117 -1 -1 -1 -1 -1 -1)
#(0 134 668 75 0 2 0 53 284042 -1 -1 -1 -1 -1 -1)
#(0 134 674 51 0 1 0 64 338488 -1 -1 -1 -1 -1 -1)
#(0 134 671 59 0 3 0 65 344891 -1 -1 -1 -1 -1 -1)
#(0 134 670 44 0 2 0 67 358682 -1 -1 -1 -1 -1 -1)
#(0 134 1754 20 0 0 1 99 527681 -1 -1 -1 -1 -1 -1)
#(0 134 1070 60 0 1 1 99 522926 -1 -1 -1 -1 -1 -1)
#(0 134 279 44 0 2 1 98 521168 -1 -1 -1 -1 -1 -1)
#(0 134 1080 58 0 2 1 93 492736 -1 -1 -1 -1 -1 -1)
#(0 134 276 51 0 1 1 92 488148 -1 -1 -1 -1 -1 -1)
#(0 134 672 58 0 2 1 90 478718 -1 -1 -1 -1 -1 -1)
#(0 134 277 66 0 2 1 85 453887 -1 -1 -1 -1 -1 -1)
#(0 134 1436 40 0 2 1 82 436155 -1 -1 -1 -1 -1 -1)
#(0 134 649 70 0 3 1 80 427000 -1 -1 -1 -1 -1 -1)
#(0 134 283 75 0 2 1 80 425691 -1 -1 -1 -1 -1 -1)
#(0 134 667 44 0 3 1 80 422744 -1 -1 -1 -1 -1 -1)
#(0 134 1075 58 0 1 1 75 397073 -1 -1 -1 -1 -1 -1)
#(0 134 1441 46 0 1 1 75 398888 -1 -1 -1 -1 -1 -1)
#(0 134 1753 25 0 0 1 74 395579 -1 -1 -1 -1 -1 -1)
#(0 134 1081 67 0 3 1 73 390566 -1 -1 -1 -1 -1 -1)
#(0 134 1078 56 0 3 1 70 371409 -1 -1 -1 -1 -1 -1)
#(0 134 282 67 0 1 1 62 331031 -1 -1 -1 -1 -1 -1)
#(0 134 1438 27 0 2 1 59 315399 -1 -1 -1 -1 -1 -1)
#(0 134 1079 44 0 2 1 57 303284 -1 -1 -1 -1 -1 -1)
#(0 134 1082 62 0 2 1 54 285813 -1 -1 -1 -1 -1 -1)
#(0 134 1758 26 0 0 1 48 258308 -1 -1 -1 -1 -1 -1)
#(0 134 666 64 0 1 1 48 256578 -1 -1 -1 -1 -1 -1)
#(0 134 1076 54 0 2 1 45 238917 -1 -1 -1 -1 -1 -1)
#(0 134 1756 20 0 0 1 37 200316 -1 -1 -1 -1 -1 -1)
#(0 134 1752 23 0 0 1 36 194964 -1 -1 -1 -1 -1 -1)
#(0 134 673 64 0 3 1 31 166442 -1 -1 -1 -1 -1 -1)
#(0 134 1437 27 0 2 1 30 162279 -1 -1 -1 -1 -1 -1)
#(0 134 669 67 0 1 1 13 71283 -1 -1 -1 -1 -1 -1)
#(0 134 1757 20 0 0 1 4 26076 -1 -1 -1 -1 -1 -1)
#(0 135 1763 23 0 0 0 1 5650 -1 -1 -1 -1 -1 -1)
#(0 135 285 47 0 1 0 1 7914 -1 -1 -1 -1 -1 -1)
#(0 135 1446 35 0 2 0 1 7071 -1 -1 -1 -1 -1 -1)
#(0 135 685 58 0 2 0 3 16541 -1 -1 -1 -1 -1 -1)
#(0 135 1443 35 0 2 0 5 28208 -1 -1 -1 -1 -1 -1)
#(0 135 683 59 0 2 0 8 44735 -1 -1 -1 -1 -1 -1)
#(0 135 287 44 0 3 0 8 43766 -1 -1 -1 -1 -1 -1)
#(0 135 1071 49 0 2 0 9 50633 -1 -1 -1 -1 -1 -1)
#(0 135 682 61 0 2 0 10 54939 -1 -1 -1 -1 -1 -1)
#(0 135 677 55 0 2 0 12 63674 -1 -1 -1 -1 -1 -1)
#(0 135 686 52 0 2 0 14 74969 -1 -1 -1 -1 -1 -1)
#(0 135 1765 21 0 0 0 16 84818 -1 -1 -1 -1 -1 -1)
#(0 135 292 59 0 1 0 16 88896 -1 -1 -1 -1 -1 -1)
#(0 135 296 54 0 1 0 18 98634 -1 -1 -1 -1 -1 -1)
#(0 135 689 67 0 1 0 21 113134 -1 -1 -1 -1 -1 -1)
#(0 135 289 63 0 1 0 21 115705 -1 -1 -1 -1 -1 -1)
#(0 135 1449 32 0 3 0 24 128348 -1 -1 -1 -1 -1 -1)
#(0 135 1092 43 0 3 0 28 150750 -1 -1 -1 -1 -1 -1)
#(0 135 295 55 0 3 0 33 177251 -1 -1 -1 -1 -1 -1)
#(0 135 690 59 0 3 0 33 176045 -1 -1 -1 -1 -1 -1)
#(0 135 1087 44 0 2 0 34 182507 -1 -1 -1 -1 -1 -1)
#(0 135 1759 30 0 0 0 35 185326 -1 -1 -1 -1 -1 -1)
#(0 135 1088 57 0 2 0 35 189111 -1 -1 -1 -1 -1 -1)
#(0 135 1447 31 0 2 0 38 202348 -1 -1 -1 -1 -1 -1)
#(0 135 680 69 0 2 0 42 223497 -1 -1 -1 -1 -1 -1)
#(0 135 1097 63 0 2 0 42 226974 -1 -1 -1 -1 -1 -1)
#(0 135 678 61 0 3 0 47 250167 -1 -1 -1 -1 -1 -1)
#(0 135 1086 60 0 4 0 70 374608 -1 -1 -1 -1 -1 -1)
#(0 135 291 62 0 3 0 70 374554 -1 -1 -1 -1 -1 -1)
#(0 135 687 59 0 1 1 97 515661 -1 -1 -1 -1 -1 -1)
#(0 135 1085 74 0 1 1 96 507334 -1 -1 -1 -1 -1 -1)
#(0 135 1084 53 0 2 1 95 502727 -1 -1 -1 -1 -1 -1)
#(0 135 1093 42 0 2 1 93 493472 -1 -1 -1 -1 -1 -1)
#(0 135 1764 28 0 0 1 87 464182 -1 -1 -1 -1 -1 -1)
#(0 135 1100 72 0 3 1 87 464588 -1 -1 -1 -1 -1 -1)
#(0 135 684 64 0 2 1 87 462122 -1 -1 -1 -1 -1 -1)
#(0 135 1094 66 0 3 1 84 448425 -1 -1 -1 -1 -1 -1)
#(0 135 1761 29 0 0 1 82 437750 -1 -1 -1 -1 -1 -1)
#(0 135 288 53 0 1 1 82 435251 -1 -1 -1 -1 -1 -1)
#(0 135 1095 47 0 2 1 80 424515 -1 -1 -1 -1 -1 -1)
#(0 135 676 74 0 1 1 80 426456 -1 -1 -1 -1 -1 -1)
#(0 135 688 50 0 2 1 80 422751 -1 -1 -1 -1 -1 -1)
#(0 135 1760 20 0 0 1 78 416784 -1 -1 -1 -1 -1 -1)
#(0 135 1102 57 0 2 1 72 381330 -1 -1 -1 -1 -1 -1)
#(0 135 1762 25 0 0 1 71 379748 -1 -1 -1 -1 -1 -1)
#(0 135 1099 48 0 2 1 71 377008 -1 -1 -1 -1 -1 -1)
#(0 135 290 62 0 2 1 71 375406 -1 -1 -1 -1 -1 -1)
#(0 135 1445 27 0 2 1 70 373495 -1 -1 -1 -1 -1 -1)
#(0 135 675 75 0 1 1 69 366314 -1 -1 -1 -1 -1 -1)
#(0 135 1089 56 0 2 1 66 350066 -1 -1 -1 -1 -1 -1)
#(0 135 1090 58 0 2 1 62 328792 -1 -1 -1 -1 -1 -1)
#(0 135 294 64 0 2 1 60 316846 -1 -1 -1 -1 -1 -1)
#(0 135 1101 51 0 2 1 53 281503 -1 -1 -1 -1 -1 -1)
#(0 135 1448 43 0 2 1 45 240630 -1 -1 -1 -1 -1 -1)
#(0 135 679 59 0 2 1 42 225199 -1 -1 -1 -1 -1 -1)
#(0 135 284 67 0 3 1 36 195103 -1 -1 -1 -1 -1 -1)
#(0 135 293 45 0 2 1 36 192743 -1 -1 -1 -1 -1 -1)
#(0 136 1108 50 0 2 0 0 3533 -1 -1 -1 -1 -1 -1)
#(0 136 286 56 0 3 0 1 8400 -1 -1 -1 -1 -1 -1)
#(0 136 1111 63 0 2 0 1 10047 -1 -1 -1 -1 -1 -1)
#(0 136 1772 25 0 0 0 2 10969 -1 -1 -1 -1 -1 -1)
#(0 136 1767 29 0 0 0 4 21621 -1 -1 -1 -1 -1 -1)
#(0 136 302 56 0 2 0 4 23913 -1 -1 -1 -1 -1 -1)
#(0 136 300 57 0 1 0 5 30320 -1 -1 -1 -1 -1 -1)
#(0 136 1444 35 0 2 0 5 28209 -1 -1 -1 -1 -1 -1)
#(0 136 301 69 0 2 0 8 43136 -1 -1 -1 -1 -1 -1)
#(0 136 1109 42 0 1 0 8 45112 -1 -1 -1 -1 -1 -1)
#(0 136 1072 47 0 2 0 9 50519 -1 -1 -1 -1 -1 -1)
#(0 136 310 62 0 3 0 12 68218 -1 -1 -1 -1 -1 -1)
#(0 136 691 48 0 2 0 13 70092 -1 -1 -1 -1 -1 -1)
#(0 136 308 53 0 2 0 14 77402 -1 -1 -1 -1 -1 -1)
#(0 136 304 70 0 3 0 15 83658 -1 -1 -1 -1 -1 -1)
#(0 136 706 44 0 3 0 16 89358 -1 -1 -1 -1 -1 -1)
#(2 136 706 -1 -1 -1 -1 -1 -1 44 -1 -1 -1 -1 -1)
#(0 136 702 59 0 2 0 18 97347 -1 -1 -1 -1 -1 -1)
#(0 136 708 67 0 2 0 24 129892 -1 -1 -1 -1 -1 -1)
#(0 136 1114 62 0 1 0 24 131749 -1 -1 -1 -1 -1 -1)
#(0 136 1110 61 0 3 0 25 136564 -1 -1 -1 -1 -1 -1)
#(0 136 703 44 0 2 0 26 142212 -1 -1 -1 -1 -1 -1)
#(0 136 1766 29 0 0 0 28 148350 -1 -1 -1 -1 -1 -1)
#(0 136 1458 44 0 2 0 29 155425 -1 -1 -1 -1 -1 -1)
#(0 136 1112 73 0 2 0 32 169395 -1 -1 -1 -1 -1 -1)
#(0 136 1452 22 0 2 0 40 212346 -1 -1 -1 -1 -1 -1)
#(0 136 699 51 0 2 0 42 222061 -1 -1 -1 -1 -1 -1)
#(0 136 1768 26 0 0 0 47 248596 -1 -1 -1 -1 -1 -1)
#(0 136 1773 23 0 0 0 51 269654 -1 -1 -1 -1 -1 -1)
#(0 136 695 65 0 3 0 52 277494 -1 -1 -1 -1 -1 -1)
#(0 136 692 64 0 2 0 60 319546 -1 -1 -1 -1 -1 -1)
#(0 136 1103 54 0 1 0 61 325947 -1 -1 -1 -1 -1 -1)
#(0 136 707 59 0 1 0 61 323812 -1 -1 -1 -1 -1 -1)
#(0 136 1451 39 0 1 0 65 345263 -1 -1 -1 -1 -1 -1)
#(0 136 1457 38 0 1 0 73 387453 -1 -1 -1 -1 -1 -1)
#(0 136 309 42 0 2 1 98 520546 -1 -1 -1 -1 -1 -1)
#(0 136 693 68 0 1 1 94 498164 -1 -1 -1 -1 -1 -1)
#(0 136 305 69 0 1 1 94 500198 -1 -1 -1 -1 -1 -1)
#(0 136 696 55 0 3 1 92 490088 -1 -1 -1 -1 -1 -1)
#(0 136 1105 44 0 2 1 88 466964 -1 -1 -1 -1 -1 -1)
#(0 136 705 51 0 2 1 87 464156 -1 -1 -1 -1 -1 -1)
#(0 136 311 44 0 2 1 86 457805 -1 -1 -1 -1 -1 -1)
#(0 136 1774 30 0 0 1 84 448302 -1 -1 -1 -1 -1 -1)
#(0 136 694 56 0 3 1 84 447482 -1 -1 -1 -1 -1 -1)
#(0 136 697 63 0 2 1 83 441163 -1 -1 -1 -1 -1 -1)
#(0 136 681 64 0 3 1 80 427163 -1 -1 -1 -1 -1 -1)
#(0 136 1113 67 0 1 1 77 411507 -1 -1 -1 -1 -1 -1)
#(0 136 298 65 0 2 1 76 401839 -1 -1 -1 -1 -1 -1)
#(0 136 1098 54 0 2 1 74 391751 -1 -1 -1 -1 -1 -1)
#(0 136 701 62 0 1 1 74 393902 -1 -1 -1 -1 -1 -1)
#(0 136 1456 38 0 2 1 72 383508 -1 -1 -1 -1 -1 -1)
#(0 136 1107 52 0 1 1 70 371611 -1 -1 -1 -1 -1 -1)
#(2 136 1107 -1 -1 -1 -1 -1 -1 45 -1 -1 -1 -1 -1)
#(0 136 1115 54 0 3 1 68 360453 -1 -1 -1 -1 -1 -1)
#(0 136 700 56 0 3 1 68 362471 -1 -1 -1 -1 -1 -1)
#(0 136 306 59 0 3 1 63 337518 -1 -1 -1 -1 -1 -1)
#(0 136 1455 22 0 2 1 61 326169 -1 -1 -1 -1 -1 -1)
#(0 136 1104 58 0 2 1 57 302621 -1 -1 -1 -1 -1 -1)
#(0 136 704 59 0 3 1 54 288781 -1 -1 -1 -1 -1 -1)
#(0 136 1769 25 0 0 1 49 263568 -1 -1 -1 -1 -1 -1)
#(0 136 1450 26 0 2 1 49 262616 -1 -1 -1 -1 -1 -1)
#(0 136 1454 31 0 2 1 45 241313 -1 -1 -1 -1 -1 -1)
#(0 136 303 51 0 2 1 42 224110 -1 -1 -1 -1 -1 -1)
#(0 136 1453 39 0 3 1 42 225040 -1 -1 -1 -1 -1 -1)
#(0 136 307 51 0 2 1 27 145008 -1 -1 -1 -1 -1 -1)
#(0 136 1770 25 0 0 1 9 52388 -1 -1 -1 -1 -1 -1)
#(0 137 1121 44 0 2 0 0 2941 -1 -1 -1 -1 -1 -1)
#(0 137 1778 21 0 0 0 1 5624 -1 -1 -1 -1 -1 -1)
#(0 137 712 57 0 2 0 1 6805 -1 -1 -1 -1 -1 -1)
#(0 137 1462 45 0 1 0 3 18225 -1 -1 -1 -1 -1 -1)
#(0 137 1771 25 0 0 0 4 21537 -1 -1 -1 -1 -1 -1)
#(0 137 325 44 0 3 0 5 27967 -1 -1 -1 -1 -1 -1)
#(0 137 714 56 0 3 0 5 27557 -1 -1 -1 -1 -1 -1)
#(0 137 326 52 0 1 0 7 40346 -1 -1 -1 -1 -1 -1)
#(0 137 297 54 0 2 0 8 45719 -1 -1 -1 -1 -1 -1)
#(0 137 713 57 0 1 0 10 54324 -1 -1 -1 -1 -1 -1)
#(0 137 715 57 0 2 0 11 58904 -1 -1 -1 -1 -1 -1)
#(0 137 698 53 0 1 0 13 69656 -1 -1 -1 -1 -1 -1)
#(0 137 1469 20 0 3 0 17 90779 -1 -1 -1 -1 -1 -1)
#(0 137 717 66 0 1 0 19 102981 -1 -1 -1 -1 -1 -1)
#(0 137 329 57 0 2 0 23 125391 -1 -1 -1 -1 -1 -1)
#(0 137 1779 26 0 0 0 27 142988 -1 -1 -1 -1 -1 -1)
#(0 137 1463 33 0 1 0 28 149533 -1 -1 -1 -1 -1 -1)
#(0 137 1091 60 0 2 0 34 183214 -1 -1 -1 -1 -1 -1)
#(0 137 1780 29 0 0 0 35 185282 -1 -1 -1 -1 -1 -1)
#(0 137 1467 21 0 2 0 35 185899 -1 -1 -1 -1 -1 -1)
#(0 137 318 56 0 3 0 37 199325 -1 -1 -1 -1 -1 -1)
#(0 137 1118 55 0 2 0 39 209957 -1 -1 -1 -1 -1 -1)
#(0 137 317 70 0 2 0 39 210602 -1 -1 -1 -1 -1 -1)
#(0 137 1119 61 0 1 0 42 226736 -1 -1 -1 -1 -1 -1)
#(0 137 1465 39 0 3 0 45 239604 -1 -1 -1 -1 -1 -1)
#(0 137 1781 34 0 0 0 46 243448 -1 -1 -1 -1 -1 -1)
#(0 137 322 56 0 2 0 50 268255 -1 -1 -1 -1 -1 -1)
#(0 137 1459 42 0 3 0 53 282019 -1 -1 -1 -1 -1 -1)
#(0 137 1120 62 0 2 0 54 289768 -1 -1 -1 -1 -1 -1)
#(0 137 1461 49 0 3 0 55 292956 -1 -1 -1 -1 -1 -1)
#(0 137 710 57 0 2 0 55 291949 -1 -1 -1 -1 -1 -1)
#(0 137 1783 28 0 0 0 71 375338 -1 -1 -1 -1 -1 -1)
#(0 137 320 44 0 2 1 97 515824 -1 -1 -1 -1 -1 -1)
#(0 137 1123 53 0 3 1 95 503019 -1 -1 -1 -1 -1 -1)
#(0 137 1096 44 0 2 1 93 493459 -1 -1 -1 -1 -1 -1)
#(0 137 1786 32 0 0 1 91 485246 -1 -1 -1 -1 -1 -1)
#(0 137 1460 23 0 2 1 90 479200 -1 -1 -1 -1 -1 -1)
#(0 137 709 65 0 1 1 83 441018 -1 -1 -1 -1 -1 -1)
#(0 137 319 62 0 2 1 82 437991 -1 -1 -1 -1 -1 -1)
#(0 137 1775 22 0 0 1 78 416761 -1 -1 -1 -1 -1 -1)
#(0 137 1116 58 0 2 1 76 402814 -1 -1 -1 -1 -1 -1)
#(0 137 299 50 0 2 1 76 403541 -1 -1 -1 -1 -1 -1)
#(0 137 718 65 0 3 1 75 398012 -1 -1 -1 -1 -1 -1)
#(0 137 1466 39 0 2 1 74 393976 -1 -1 -1 -1 -1 -1)
#(0 137 314 48 0 3 1 70 372528 -1 -1 -1 -1 -1 -1)
#(0 137 327 73 0 2 1 68 363537 -1 -1 -1 -1 -1 -1)
#(0 137 711 47 0 2 1 64 341170 -1 -1 -1 -1 -1 -1)
#(0 137 323 65 0 1 1 59 316676 -1 -1 -1 -1 -1 -1)
#(0 137 1468 27 0 2 1 59 315436 -1 -1 -1 -1 -1 -1)
#(0 137 321 62 0 3 1 59 311861 -1 -1 -1 -1 -1 -1)
#(0 137 1117 59 0 2 1 58 307011 -1 -1 -1 -1 -1 -1)
#(0 137 1784 25 0 0 1 48 258310 -1 -1 -1 -1 -1 -1)
#(0 137 316 51 0 1 1 48 255823 -1 -1 -1 -1 -1 -1)
#(0 137 328 55 0 3 1 47 249931 -1 -1 -1 -1 -1 -1)
#(0 137 1777 30 0 0 1 40 215975 -1 -1 -1 -1 -1 -1)
#(0 137 315 51 0 2 1 40 213575 -1 -1 -1 -1 -1 -1)
#(0 137 312 55 0 2 1 36 192199 -1 -1 -1 -1 -1 -1)
#(0 137 1776 34 0 0 1 23 126150 -1 -1 -1 -1 -1 -1)
#(0 137 1464 27 0 2 1 23 125347 -1 -1 -1 -1 -1 -1)
#(0 137 1785 30 0 0 1 16 89270 -1 -1 -1 -1 -1 -1)
#(0 137 1122 68 0 1 1 15 79315 -1 -1 -1 -1 -1 -1)
#(0 137 324 59 0 4 1 9 48408 -1 -1 -1 -1 -1 -1)
#(0 138 1792 28 0 0 0 0 462 -1 -1 -1 -1 -1 -1)
#(0 138 1127 51 0 2 0 1 8909 -1 -1 -1 -1 -1 -1)
#(0 138 334 56 0 2 0 1 8451 -1 -1 -1 -1 -1 -1)
#(0 138 1135 68 0 2 0 4 21182 -1 -1 -1 -1 -1 -1)
#(0 138 1472 27 0 2 0 4 22524 -1 -1 -1 -1 -1 -1)
#(0 138 726 44 0 1 0 4 26009 -1 -1 -1 -1 -1 -1)
#(0 138 1794 28 0 0 0 10 53265 -1 -1 -1 -1 -1 -1)
#(0 138 716 51 0 2 0 13 69217 -1 -1 -1 -1 -1 -1)
#(0 138 332 58 0 2 0 14 77810 -1 -1 -1 -1 -1 -1)
#(0 138 1791 20 0 0 0 16 84820 -1 -1 -1 -1 -1 -1)
#(0 138 719 60 0 2 0 16 86674 -1 -1 -1 -1 -1 -1)
#(0 138 1128 63 0 1 0 21 115652 -1 -1 -1 -1 -1 -1)
#(0 138 722 64 0 2 0 22 118884 -1 -1 -1 -1 -1 -1)
#(0 138 720 69 0 2 0 24 130136 -1 -1 -1 -1 -1 -1)
#(0 138 1789 23 0 0 0 26 137665 -1 -1 -1 -1 -1 -1)
#(0 138 1790 20 0 0 0 27 142880 -1 -1 -1 -1 -1 -1)
#(0 138 1796 34 0 0 0 34 180082 -1 -1 -1 -1 -1 -1)
#(0 138 331 51 0 3 0 35 187592 -1 -1 -1 -1 -1 -1)
#(0 138 1473 40 0 1 0 36 192228 -1 -1 -1 -1 -1 -1)
#(0 138 1800 27 0 0 0 38 201073 -1 -1 -1 -1 -1 -1)
#(0 138 1125 43 0 2 0 38 203562 -1 -1 -1 -1 -1 -1)
#(0 138 333 44 0 2 0 43 228633 -1 -1 -1 -1 -1 -1)
#(0 138 721 55 0 2 0 43 228056 -1 -1 -1 -1 -1 -1)
#(0 138 1130 60 0 3 0 46 247325 -1 -1 -1 -1 -1 -1)
#(0 138 1788 20 0 0 0 47 248491 -1 -1 -1 -1 -1 -1)
#(0 138 1131 55 0 3 0 50 268064 -1 -1 -1 -1 -1 -1)
#(0 138 1124 51 0 2 0 54 288729 -1 -1 -1 -1 -1 -1)
#(0 138 1470 48 0 3 0 64 340419 -1 -1 -1 -1 -1 -1)
#(0 138 723 44 0 2 0 65 348095 -1 -1 -1 -1 -1 -1)
#(2 138 723 -1 -1 -1 -1 -1 -1 46 -1 -1 -1 -1 -1)
#(0 138 1134 59 0 2 0 79 421632 -1 -1 -1 -1 -1 -1)
#(0 138 1799 27 0 0 0 80 422840 -1 -1 -1 -1 -1 -1)
#(0 138 336 55 0 3 0 90 478751 -1 -1 -1 -1 -1 -1)
#(0 138 1787 23 0 0 1 99 527617 -1 -1 -1 -1 -1 -1)
#(0 138 724 57 0 2 1 98 521716 -1 -1 -1 -1 -1 -1)
#(0 138 1798 28 0 0 1 97 516980 -1 -1 -1 -1 -1 -1)
#(0 138 725 51 0 3 1 95 506562 -1 -1 -1 -1 -1 -1)
#(0 138 1133 57 0 1 1 86 455285 -1 -1 -1 -1 -1 -1)
#(0 138 1126 61 0 2 1 83 439287 -1 -1 -1 -1 -1 -1)
#(0 138 330 53 0 3 1 83 439965 -1 -1 -1 -1 -1 -1)
#(0 138 1793 26 0 0 1 82 437816 -1 -1 -1 -1 -1 -1)
#(0 138 1129 64 0 1 1 77 406804 -1 -1 -1 -1 -1 -1)
#(0 138 313 44 0 2 1 76 404997 -1 -1 -1 -1 -1 -1)
#(2 138 313 -1 -1 -1 -1 -1 -1 47 -1 -1 -1 -1 -1)
#(0 138 338 62 0 3 1 73 385934 -1 -1 -1 -1 -1 -1)
#(0 138 728 44 0 1 1 61 322468 -1 -1 -1 -1 -1 -1)
#(0 138 729 59 0 2 1 59 314963 -1 -1 -1 -1 -1 -1)
#(0 138 1132 57 0 2 1 45 238696 -1 -1 -1 -1 -1 -1)
#(0 138 1136 62 0 3 1 39 206442 -1 -1 -1 -1 -1 -1)
#(0 138 1797 32 0 0 1 13 73399 -1 -1 -1 -1 -1 -1)
#(0 139 1782 19 0 0 0 1 5597 -1 -1 -1 -1 -1 -1)
#(0 139 1481 37 0 2 0 3 17763 -1 -1 -1 -1 -1 -1)
#(0 139 337 51 0 3 0 5 28717 -1 -1 -1 -1 -1 -1)
#(0 139 1806 29 0 0 0 14 74413 -1 -1 -1 -1 -1 -1)
#(2 139 1806 -1 -1 -1 -1 -1 -1 48 -1 -1 -1 -1 -1)
#(0 139 342 59 0 2 0 18 99500 -1 -1 -1 -1 -1 -1)
#(0 139 1148 54 0 2 0 21 114757 -1 -1 -1 -1 -1 -1)
#(0 139 1138 54 0 2 0 23 125353 -1 -1 -1 -1 -1 -1)
#(0 139 345 74 0 3 0 23 122468 -1 -1 -1 -1 -1 -1)
#(0 139 1152 59 0 2 0 24 131200 -1 -1 -1 -1 -1 -1)
#(0 139 1475 26 0 3 0 25 133370 -1 -1 -1 -1 -1 -1)
#(0 139 1795 24 0 0 0 26 137665 -1 -1 -1 -1 -1 -1)
#(0 139 343 44 0 2 0 29 154649 -1 -1 -1 -1 -1 -1)
#(0 139 341 59 0 2 0 30 162678 -1 -1 -1 -1 -1 -1)
#(0 139 1474 37 0 2 0 30 160370 -1 -1 -1 -1 -1 -1)
#(0 139 1142 70 0 2 0 32 174075 -1 -1 -1 -1 -1 -1)
#(0 139 1803 34 0 0 0 33 174822 -1 -1 -1 -1 -1 -1)
#(0 139 351 62 0 1 0 34 184798 -1 -1 -1 -1 -1 -1)
#(0 139 348 61 0 1 0 43 227265 -1 -1 -1 -1 -1 -1)
#(0 139 733 62 0 1 0 43 228509 -1 -1 -1 -1 -1 -1)
#(0 139 340 44 0 1 0 44 233940 -1 -1 -1 -1 -1 -1)
#(0 139 740 70 0 2 0 46 245862 -1 -1 -1 -1 -1 -1)
#(0 139 1478 20 0 2 0 46 243918 -1 -1 -1 -1 -1 -1)
#(0 139 1145 50 0 2 0 48 257247 -1 -1 -1 -1 -1 -1)
#(0 139 1482 42 0 1 0 49 260865 -1 -1 -1 -1 -1 -1)
#(0 139 735 57 0 3 0 58 307570 -1 -1 -1 -1 -1 -1)
#(0 139 1149 59 0 3 0 66 352841 -1 -1 -1 -1 -1 -1)
#(0 139 743 51 0 2 0 70 370199 -1 -1 -1 -1 -1 -1)
#(0 139 1807 23 0 0 0 71 375253 -1 -1 -1 -1 -1 -1)
#(0 139 1809 32 0 0 0 74 391234 -1 -1 -1 -1 -1 -1)
#(0 139 736 44 0 3 1 95 501963 -1 -1 -1 -1 -1 -1)
#(0 139 1106 44 0 2 1 93 493413 -1 -1 -1 -1 -1 -1)
#(0 139 1143 51 0 1 1 90 476935 -1 -1 -1 -1 -1 -1)
#(0 139 739 59 0 1 1 86 457196 -1 -1 -1 -1 -1 -1)
#(0 139 1480 26 0 2 1 83 442194 -1 -1 -1 -1 -1 -1)
#(0 139 744 54 0 2 1 82 437276 -1 -1 -1 -1 -1 -1)
#(0 139 1476 41 0 3 1 82 436102 -1 -1 -1 -1 -1 -1)
#(0 139 1137 61 0 2 1 81 427837 -1 -1 -1 -1 -1 -1)
#(0 139 346 67 0 2 1 79 422069 -1 -1 -1 -1 -1 -1)
#(0 139 738 54 0 1 1 77 409526 -1 -1 -1 -1 -1 -1)
#(0 139 732 44 0 3 1 76 405182 -1 -1 -1 -1 -1 -1)
#(0 139 1483 45 0 1 1 75 398940 -1 -1 -1 -1 -1 -1)
#(0 139 730 69 0 1 1 74 393415 -1 -1 -1 -1 -1 -1)
#(0 139 731 67 0 1 1 65 345175 -1 -1 -1 -1 -1 -1)
#(0 139 734 55 0 1 1 64 341991 -1 -1 -1 -1 -1 -1)
#(0 139 349 64 0 3 1 62 331115 -1 -1 -1 -1 -1 -1)
#(0 139 1144 57 0 1 1 61 323091 -1 -1 -1 -1 -1 -1)
#(0 139 1479 22 0 2 1 61 326163 -1 -1 -1 -1 -1 -1)
#(0 139 1471 26 0 2 1 59 315494 -1 -1 -1 -1 -1 -1)
#(0 139 1141 61 0 1 1 51 269564 -1 -1 -1 -1 -1 -1)
#(0 139 1810 28 0 0 1 50 268828 -1 -1 -1 -1 -1 -1)
#(0 139 339 75 0 2 1 46 247914 -1 -1 -1 -1 -1 -1)
#(0 139 1808 23 0 0 1 43 231935 -1 -1 -1 -1 -1 -1)
#(0 139 1804 25 0 0 1 41 221335 -1 -1 -1 -1 -1 -1)
#(0 139 742 62 0 2 1 40 213970 -1 -1 -1 -1 -1 -1)
#(0 139 1140 44 0 2 1 36 192395 -1 -1 -1 -1 -1 -1)
#(0 139 745 59 0 2 1 35 188372 -1 -1 -1 -1 -1 -1)
#(0 139 350 59 0 2 1 28 148688 -1 -1 -1 -1 -1 -1)
#(0 139 347 51 0 1 1 18 97415 -1 -1 -1 -1 -1 -1)
#(0 139 1802 32 0 0 1 17 94488 -1 -1 -1 -1 -1 -1)
#(0 140 1490 48 0 1 0 0 2569 -1 -1 -1 -1 -1 -1)
#(0 140 1814 20 0 0 0 1 5596 -1 -1 -1 -1 -1 -1)
#(0 140 1139 57 0 2 0 1 9287 -1 -1 -1 -1 -1 -1)
#(0 140 1155 63 0 2 0 2 15594 -1 -1 -1 -1 -1 -1)
#(0 140 1815 23 0 0 0 3 16217 -1 -1 -1 -1 -1 -1)
#(0 140 753 51 0 1 0 4 21721 -1 -1 -1 -1 -1 -1)
#(0 140 1500 43 0 3 0 9 49765 -1 -1 -1 -1 -1 -1)
#(0 140 749 51 0 3 0 11 58528 -1 -1 -1 -1 -1 -1)
#(0 140 1498 23 0 2 0 12 64714 -1 -1 -1 -1 -1 -1)
#(0 140 358 59 0 3 0 12 67680 -1 -1 -1 -1 -1 -1)
#(0 140 1156 44 0 2 0 15 82162 -1 -1 -1 -1 -1 -1)
#(0 140 1811 19 0 0 0 16 84811 -1 -1 -1 -1 -1 -1)
#(0 140 757 57 0 1 0 16 85928 -1 -1 -1 -1 -1 -1)
#(0 140 1812 20 0 0 0 18 95375 -1 -1 -1 -1 -1 -1)
#(0 140 1502 44 0 2 0 19 102633 -1 -1 -1 -1 -1 -1)
#(0 140 746 62 0 3 0 23 124340 -1 -1 -1 -1 -1 -1)
#(0 140 1158 61 0 3 0 25 136665 -1 -1 -1 -1 -1 -1)
#(0 140 1496 20 0 2 0 26 138316 -1 -1 -1 -1 -1 -1)
#(0 140 1817 23 0 0 0 29 153489 -1 -1 -1 -1 -1 -1)
#(0 140 1499 33 0 2 0 31 165374 -1 -1 -1 -1 -1 -1)
#(0 140 362 56 0 1 0 32 172896 -1 -1 -1 -1 -1 -1)
#(0 140 752 57 0 2 0 32 171329 -1 -1 -1 -1 -1 -1)
#(0 140 1151 60 0 3 0 32 173464 -1 -1 -1 -1 -1 -1)
#(0 140 751 60 0 2 0 33 176292 -1 -1 -1 -1 -1 -1)
#(0 140 359 60 0 3 0 37 200216 -1 -1 -1 -1 -1 -1)
#(0 140 1805 27 0 0 0 38 201082 -1 -1 -1 -1 -1 -1)
#(0 140 756 67 0 2 0 40 214167 -1 -1 -1 -1 -1 -1)
#(0 140 747 69 0 1 0 42 222987 -1 -1 -1 -1 -1 -1)
#(0 140 1501 35 0 2 0 43 228877 -1 -1 -1 -1 -1 -1)
#(0 140 1157 69 0 2 0 49 263992 -1 -1 -1 -1 -1 -1)
#(0 140 357 55 0 1 0 55 294018 -1 -1 -1 -1 -1 -1)
#(0 140 1159 44 0 3 0 56 298646 -1 -1 -1 -1 -1 -1)
#(0 140 1492 44 0 1 0 58 308555 -1 -1 -1 -1 -1 -1)
#(0 140 1489 39 0 1 0 65 345264 -1 -1 -1 -1 -1 -1)
#(0 140 1493 27 0 2 0 86 455485 -1 -1 -1 -1 -1 -1)
#(2 140 1493 -1 -1 -1 -1 -1 -1 49 -1 -1 -1 -1 -1)
#(0 140 1494 29 0 2 0 89 471450 -1 -1 -1 -1 -1 -1)
#(0 140 750 54 0 2 1 97 515346 -1 -1 -1 -1 -1 -1)
#(0 140 727 44 0 2 1 96 507249 -1 -1 -1 -1 -1 -1)
#(0 140 1486 41 0 1 1 95 504710 -1 -1 -1 -1 -1 -1)
#(0 140 1487 39 0 2 1 93 494269 -1 -1 -1 -1 -1 -1)
#(0 140 1484 25 0 2 1 91 484312 -1 -1 -1 -1 -1 -1)
#(0 140 1153 57 0 2 1 91 481410 -1 -1 -1 -1 -1 -1)
#(0 140 361 61 0 2 1 87 460112 -1 -1 -1 -1 -1 -1)
#(0 140 1150 48 0 3 1 86 455865 -1 -1 -1 -1 -1 -1)
#(0 140 352 49 0 2 1 83 439974 -1 -1 -1 -1 -1 -1)
#(0 140 754 67 0 2 1 83 440788 -1 -1 -1 -1 -1 -1)
#(0 140 1801 23 0 0 1 82 437840 -1 -1 -1 -1 -1 -1)
#(0 140 1477 40 0 3 1 82 436149 -1 -1 -1 -1 -1 -1)
#(0 140 1497 34 0 2 1 77 410089 -1 -1 -1 -1 -1 -1)
#(0 140 335 52 0 2 1 76 404581 -1 -1 -1 -1 -1 -1)
#(0 140 363 51 0 2 1 74 393240 -1 -1 -1 -1 -1 -1)
#(0 140 741 56 0 2 1 74 394401 -1 -1 -1 -1 -1 -1)
#(0 140 355 73 0 2 1 72 384586 -1 -1 -1 -1 -1 -1)
#(0 140 1813 20 0 0 1 71 379826 -1 -1 -1 -1 -1 -1)
#(0 140 1495 45 0 3 1 68 361910 -1 -1 -1 -1 -1 -1)
#(0 140 356 51 0 1 1 64 340354 -1 -1 -1 -1 -1 -1)
#(0 140 1161 62 0 2 1 63 333226 -1 -1 -1 -1 -1 -1)
#(3 140 1161 -1 0 -1 -1 -1 -1 50 -1 -1 -1 -1 36)
#(0 140 1488 42 0 3 1 60 319903 -1 -1 -1 -1 -1 -1)
#(0 140 755 51 0 1 1 57 305610 -1 -1 -1 -1 -1 -1)
#(0 140 1160 70 0 1 1 54 285234 -1 -1 -1 -1 -1 -1)
#(0 140 1491 27 0 3 1 52 278464 -1 -1 -1 -1 -1 -1)
#(0 140 748 64 0 3 1 46 245558 -1 -1 -1 -1 -1 -1)
#(0 140 353 55 0 2 1 45 239399 -1 -1 -1 -1 -1 -1)
#(0 140 1485 27 0 2 1 40 215069 -1 -1 -1 -1 -1 -1)
#(0 140 1154 56 0 3 1 26 138189 -1 -1 -1 -1 -1 -1)
#(0 140 1816 25 0 0 1 24 131594 -1 -1 -1 -1 -1 -1)
#(0 141 1146 67 0 2 0 1 9530 -1 -1 -1 -1 -1 -1)
#(0 141 366 54 0 3 0 4 24571 -1 -1 -1 -1 -1 -1)
#(0 141 1505 27 0 2 0 4 22521 -1 -1 -1 -1 -1 -1)
#(0 141 769 56 0 1 0 6 33071 -1 -1 -1 -1 -1 -1)
#(0 141 1818 32 0 0 0 7 37504 -1 -1 -1 -1 -1 -1)
#(0 141 1512 29 0 2 0 7 38490 -1 -1 -1 -1 -1 -1)
#(0 141 762 59 0 1 0 9 49438 -1 -1 -1 -1 -1 -1)
#(0 141 375 57 0 3 0 19 104587 -1 -1 -1 -1 -1 -1)
#(0 141 1162 55 0 2 0 21 114709 -1 -1 -1 -1 -1 -1)
#(0 141 373 49 0 1 0 25 134787 -1 -1 -1 -1 -1 -1)
#(0 141 1504 40 0 1 0 27 144692 -1 -1 -1 -1 -1 -1)
#(0 141 344 52 0 1 0 29 155548 -1 -1 -1 -1 -1 -1)
#(0 141 1506 26 0 2 0 29 154495 -1 -1 -1 -1 -1 -1)
#(0 141 1166 51 0 3 0 36 193662 -1 -1 -1 -1 -1 -1)
#(0 141 1517 35 0 3 0 36 191857 -1 -1 -1 -1 -1 -1)
#(0 141 368 60 0 3 0 38 204827 -1 -1 -1 -1 -1 -1)
#(0 141 1819 34 0 0 0 39 206487 -1 -1 -1 -1 -1 -1)
#(0 141 1824 26 0 0 0 41 216896 -1 -1 -1 -1 -1 -1)
#(0 141 1167 59 0 2 0 42 226282 -1 -1 -1 -1 -1 -1)
#(0 141 737 62 0 2 0 43 229171 -1 -1 -1 -1 -1 -1)
#(0 141 758 62 0 3 0 45 239791 -1 -1 -1 -1 -1 -1)
#(0 141 1165 59 0 2 0 45 242078 -1 -1 -1 -1 -1 -1)
#(0 141 377 54 0 2 0 47 251716 -1 -1 -1 -1 -1 -1)
#(0 141 367 75 0 3 0 51 270340 -1 -1 -1 -1 -1 -1)
#(0 141 364 55 0 1 0 52 278813 -1 -1 -1 -1 -1 -1)
#(0 141 760 70 0 2 0 53 283362 -1 -1 -1 -1 -1 -1)
#(0 141 770 44 0 3 0 57 305851 -1 -1 -1 -1 -1 -1)
#(0 141 759 51 0 1 0 59 312117 -1 -1 -1 -1 -1 -1)
#(0 141 1508 31 0 3 0 59 313136 -1 -1 -1 -1 -1 -1)
#(0 141 1163 57 0 3 0 71 379231 -1 -1 -1 -1 -1 -1)
#(0 141 772 64 0 3 0 97 514565 -1 -1 -1 -1 -1 -1)
#(0 141 1820 20 0 0 1 98 522402 -1 -1 -1 -1 -1 -1)
#(0 141 365 67 0 1 1 98 518356 -1 -1 -1 -1 -1 -1)
#(0 141 771 57 0 2 1 96 510622 -1 -1 -1 -1 -1 -1)
#(0 141 761 61 0 1 1 93 494390 -1 -1 -1 -1 -1 -1)
#(0 141 1168 55 0 1 1 92 487059 -1 -1 -1 -1 -1 -1)
#(0 141 1147 59 0 2 1 90 476544 -1 -1 -1 -1 -1 -1)
#(0 141 774 61 0 1 1 87 462977 -1 -1 -1 -1 -1 -1)
#(0 141 372 61 0 2 1 85 449210 -1 -1 -1 -1 -1 -1)
#(0 141 354 53 0 2 1 83 439993 -1 -1 -1 -1 -1 -1)
#(0 141 1509 30 0 2 1 83 441994 -1 -1 -1 -1 -1 -1)
#(0 141 1164 67 0 2 1 82 433101 -1 -1 -1 -1 -1 -1)
#(0 141 763 55 0 3 1 78 415998 -1 -1 -1 -1 -1 -1)
#(0 141 1821 29 0 0 1 75 400804 -1 -1 -1 -1 -1 -1)
#(0 141 360 51 0 3 1 73 386387 -1 -1 -1 -1 -1 -1)
#(0 141 764 51 0 3 1 72 384774 -1 -1 -1 -1 -1 -1)
#(0 141 374 57 0 1 1 67 355028 -1 -1 -1 -1 -1 -1)
#(0 141 1169 51 0 1 1 67 355446 -1 -1 -1 -1 -1 -1)
#(0 141 1516 35 0 2 1 64 341404 -1 -1 -1 -1 -1 -1)
#(0 141 1822 29 0 0 1 61 326884 -1 -1 -1 -1 -1 -1)
#(0 141 768 50 0 3 1 61 322246 -1 -1 -1 -1 -1 -1)
#(0 141 767 67 0 2 1 54 287599 -1 -1 -1 -1 -1 -1)
#(0 141 765 57 0 2 1 52 278418 -1 -1 -1 -1 -1 -1)
#(0 141 371 67 0 2 1 51 274022 -1 -1 -1 -1 -1 -1)
#(0 141 1823 29 0 0 1 49 263537 -1 -1 -1 -1 -1 -1)
#(0 141 1503 42 0 1 1 46 245919 -1 -1 -1 -1 -1 -1)
#(0 141 1507 21 0 2 1 45 241833 -1 -1 -1 -1 -1 -1)
#(0 141 370 51 0 1 1 33 176702 -1 -1 -1 -1 -1 -1)
#(0 141 376 62 0 3 1 12 63849 -1 -1 -1 -1 -1 -1)
#(0 142 1828 30 0 0 0 6 32185 -1 -1 -1 -1 -1 -1)
#(0 142 776 44 0 2 0 11 62970 -1 -1 -1 -1 -1 -1)
#(0 142 384 54 0 2 0 13 71540 -1 -1 -1 -1 -1 -1)
#(0 142 777 55 0 3 0 15 81247 -1 -1 -1 -1 -1 -1)
#(0 142 1827 20 0 0 0 16 84825 -1 -1 -1 -1 -1 -1)
#(0 142 1173 57 0 3 0 16 89312 -1 -1 -1 -1 -1 -1)
#(0 142 1825 23 0 0 0 17 90155 -1 -1 -1 -1 -1 -1)
#(0 142 379 57 0 2 0 17 93818 -1 -1 -1 -1 -1 -1)
#(0 142 1178 69 0 3 0 19 100500 -1 -1 -1 -1 -1 -1)
#(0 142 381 65 0 2 0 22 117052 -1 -1 -1 -1 -1 -1)
#(0 142 1177 60 0 2 0 22 120610 -1 -1 -1 -1 -1 -1)
#(0 142 1832 30 0 0 0 25 132498 -1 -1 -1 -1 -1 -1)
#(0 142 1172 44 0 2 0 25 134997 -1 -1 -1 -1 -1 -1)
#(0 142 1829 24 0 0 0 26 137678 -1 -1 -1 -1 -1 -1)
#(0 142 1513 31 0 2 0 27 144167 -1 -1 -1 -1 -1 -1)
#(0 142 1510 26 0 2 0 29 154488 -1 -1 -1 -1 -1 -1)
#(0 142 1511 29 0 2 0 31 165212 -1 -1 -1 -1 -1 -1)
#(0 142 388 63 0 1 0 32 173442 -1 -1 -1 -1 -1 -1)
#(0 142 782 57 0 1 0 43 228586 -1 -1 -1 -1 -1 -1)
#(0 142 1826 27 0 0 0 77 407024 -1 -1 -1 -1 -1 -1)
#(0 142 1518 28 0 2 0 86 455486 -1 -1 -1 -1 -1 -1)
#(0 142 386 66 0 1 1 97 513325 -1 -1 -1 -1 -1 -1)
#(0 142 784 59 0 3 1 97 515750 -1 -1 -1 -1 -1 -1)
#(0 142 781 44 0 2 1 95 501865 -1 -1 -1 -1 -1 -1)
#(0 142 1175 42 0 1 1 90 477688 -1 -1 -1 -1 -1 -1)
#(0 142 387 52 0 2 1 88 466560 -1 -1 -1 -1 -1 -1)
#(0 142 1170 57 0 3 1 86 455478 -1 -1 -1 -1 -1 -1)
#(0 142 1831 30 0 0 1 83 443022 -1 -1 -1 -1 -1 -1)
#(0 142 1176 67 0 1 1 77 411763 -1 -1 -1 -1 -1 -1)
#(0 142 1520 30 0 2 1 76 404972 -1 -1 -1 -1 -1 -1)
#(0 142 1519 36 0 1 1 73 388834 -1 -1 -1 -1 -1 -1)
#(0 142 1833 20 0 0 1 68 364003 -1 -1 -1 -1 -1 -1)
#(0 142 378 44 0 2 1 64 341600 -1 -1 -1 -1 -1 -1)
#(0 142 1179 57 0 2 1 64 338893 -1 -1 -1 -1 -1 -1)
#(0 142 780 55 0 2 1 63 336845 -1 -1 -1 -1 -1 -1)
#(0 142 1174 62 0 3 1 60 317275 -1 -1 -1 -1 -1 -1)
#(0 142 385 62 0 3 1 59 316365 -1 -1 -1 -1 -1 -1)
#(0 142 380 68 0 1 1 59 311950 -1 -1 -1 -1 -1 -1)
#(0 142 1830 28 0 0 1 51 274102 -1 -1 -1 -1 -1 -1)
#(0 142 1521 34 0 2 1 51 272740 -1 -1 -1 -1 -1 -1)
#(0 142 783 59 0 1 1 49 262192 -1 -1 -1 -1 -1 -1)
#(0 142 1523 37 0 1 1 44 235651 -1 -1 -1 -1 -1 -1)
#(0 142 778 67 0 3 1 41 218876 -1 -1 -1 -1 -1 -1)
#(0 142 779 62 0 2 1 28 151051 -1 -1 -1 -1 -1 -1)
#(0 142 775 68 0 2 1 13 70700 -1 -1 -1 -1 -1 -1)
#(0 143 1841 25 0 0 0 2 10961 -1 -1 -1 -1 -1 -1)
#(0 143 398 58 0 1 0 3 20369 -1 -1 -1 -1 -1 -1)
#(0 143 1838 28 0 0 0 4 21595 -1 -1 -1 -1 -1 -1)
#(0 143 389 61 0 2 0 4 25117 -1 -1 -1 -1 -1 -1)
#(0 143 789 33 0 4 0 6 36669 -1 -1 -1 -1 -1 -1)
#(0 143 1189 61 0 1 0 10 57527 -1 -1 -1 -1 -1 -1)
#(0 143 397 59 0 3 0 12 67514 -1 -1 -1 -1 -1 -1)
#(0 143 1842 29 0 0 0 14 74402 -1 -1 -1 -1 -1 -1)
#(0 143 395 44 0 1 0 14 75505 -1 -1 -1 -1 -1 -1)
#(0 143 1528 23 0 2 0 17 90991 -1 -1 -1 -1 -1 -1)
#(0 143 788 63 0 2 0 20 109061 -1 -1 -1 -1 -1 -1)
#(0 143 794 59 0 1 0 22 117844 -1 -1 -1 -1 -1 -1)
#(0 143 793 51 0 3 0 26 137821 -1 -1 -1 -1 -1 -1)
#(0 143 1522 32 0 2 0 27 144189 -1 -1 -1 -1 -1 -1)
#(0 143 1186 54 0 3 0 30 162316 -1 -1 -1 -1 -1 -1)
#(0 143 1514 31 0 3 0 31 165289 -1 -1 -1 -1 -1 -1)
#(0 143 1182 57 0 1 0 31 167985 -1 -1 -1 -1 -1 -1)
#(0 143 1184 54 0 2 0 32 173147 -1 -1 -1 -1 -1 -1)
#(0 143 1530 41 0 3 0 32 171100 -1 -1 -1 -1 -1 -1)
#(0 143 391 69 0 1 0 34 179782 -1 -1 -1 -1 -1 -1)
#(0 143 1191 67 0 2 0 34 179764 -1 -1 -1 -1 -1 -1)
#(0 143 390 49 0 3 0 39 208457 -1 -1 -1 -1 -1 -1)
#(0 143 1837 34 0 0 0 40 211785 -1 -1 -1 -1 -1 -1)
#(0 143 393 62 0 2 0 43 230771 -1 -1 -1 -1 -1 -1)
#(0 143 382 70 0 3 0 49 263003 -1 -1 -1 -1 -1 -1)
#(0 143 396 67 0 2 0 52 274938 -1 -1 -1 -1 -1 -1)
#(0 143 1835 34 0 0 0 55 290993 -1 -1 -1 -1 -1 -1)
#(0 143 1181 67 0 3 0 59 311630 -1 -1 -1 -1 -1 -1)
#(0 143 1183 44 0 2 0 59 314524 -1 -1 -1 -1 -1 -1)
#(0 143 792 53 0 1 0 64 338937 -1 -1 -1 -1 -1 -1)
#(0 143 1192 67 0 2 0 90 480467 -1 -1 -1 -1 -1 -1)
#(0 143 1188 51 0 2 1 97 513755 -1 -1 -1 -1 -1 -1)
#(0 143 773 55 0 1 1 96 511039 -1 -1 -1 -1 -1 -1)
#(0 143 1187 63 0 2 1 95 502233 -1 -1 -1 -1 -1 -1)
#(0 143 1171 61 0 1 1 92 486680 -1 -1 -1 -1 -1 -1)
#(0 143 1836 30 0 0 1 91 485241 -1 -1 -1 -1 -1 -1)
#(0 143 1527 31 0 2 1 91 484147 -1 -1 -1 -1 -1 -1)
#(0 143 1194 64 0 2 1 89 470856 -1 -1 -1 -1 -1 -1)
#(0 143 1190 64 0 1 1 88 465751 -1 -1 -1 -1 -1 -1)
#(0 143 786 62 0 2 1 87 463110 -1 -1 -1 -1 -1 -1)
#(0 143 399 61 0 2 1 86 455689 -1 -1 -1 -1 -1 -1)
#(0 143 1840 28 0 0 1 85 453616 -1 -1 -1 -1 -1 -1)
#(0 143 790 62 0 2 1 85 452138 -1 -1 -1 -1 -1 -1)
#(0 143 1834 28 0 0 1 80 427196 -1 -1 -1 -1 -1 -1)
#(0 143 1529 42 0 3 1 80 425425 -1 -1 -1 -1 -1 -1)
#(0 143 1526 33 0 2 1 77 410100 -1 -1 -1 -1 -1 -1)
#(0 143 1180 60 0 1 1 74 391435 -1 -1 -1 -1 -1 -1)
#(0 143 785 65 0 2 1 72 383612 -1 -1 -1 -1 -1 -1)
#(0 143 787 47 0 2 1 71 379682 -1 -1 -1 -1 -1 -1)
#(0 143 1524 25 0 2 1 59 315539 -1 -1 -1 -1 -1 -1)
#(0 143 791 61 0 3 1 58 310107 -1 -1 -1 -1 -1 -1)
#(0 143 394 44 0 3 1 55 294108 -1 -1 -1 -1 -1 -1)
#(0 143 1839 20 0 0 1 54 290071 -1 -1 -1 -1 -1 -1)
#(0 143 1515 21 0 2 1 45 241785 -1 -1 -1 -1 -1 -1)
#(0 143 1185 62 0 2 1 43 227530 -1 -1 -1 -1 -1 -1)
#(0 143 392 62 0 2 1 39 206663 -1 -1 -1 -1 -1 -1)
#(0 144 796 62 0 2 0 3 17760 -1 -1 -1 -1 -1 -1)
#(0 144 413 67 0 1 0 6 36732 -1 -1 -1 -1 -1 -1)
#(0 144 401 64 0 2 0 7 42050 -1 -1 -1 -1 -1 -1)
#(0 144 1850 27 0 0 0 8 42686 -1 -1 -1 -1 -1 -1)
#(0 144 799 59 0 2 0 12 63997 -1 -1 -1 -1 -1 -1)
#(0 144 1542 33 0 2 0 16 86263 -1 -1 -1 -1 -1 -1)
#(0 144 1851 34 0 0 0 19 100890 -1 -1 -1 -1 -1 -1)
#(0 144 802 51 0 3 0 19 100949 -1 -1 -1 -1 -1 -1)
#(0 144 1848 27 0 0 0 25 132452 -1 -1 -1 -1 -1 -1)
#(0 144 1525 30 0 3 0 29 154662 -1 -1 -1 -1 -1 -1)
#(0 144 405 44 0 1 0 29 154540 -1 -1 -1 -1 -1 -1)
#(0 144 1846 32 0 0 0 33 174775 -1 -1 -1 -1 -1 -1)
#(0 144 1202 55 0 2 0 35 188714 -1 -1 -1 -1 -1 -1)
#(0 144 795 60 0 1 0 35 187395 -1 -1 -1 -1 -1 -1)
#(0 144 1195 44 0 2 0 37 198344 -1 -1 -1 -1 -1 -1)
#(0 144 1198 65 0 3 0 39 210683 -1 -1 -1 -1 -1 -1)
#(0 144 1534 43 0 3 0 42 224027 -1 -1 -1 -1 -1 -1)
#(0 144 414 70 0 1 0 47 249324 -1 -1 -1 -1 -1 -1)
#(0 144 1540 41 0 3 0 57 303100 -1 -1 -1 -1 -1 -1)
#(0 144 1193 74 0 2 0 59 312034 -1 -1 -1 -1 -1 -1)
#(0 144 1536 51 0 1 0 61 324740 -1 -1 -1 -1 -1 -1)
#(0 144 411 59 0 2 0 63 337081 -1 -1 -1 -1 -1 -1)
#(0 144 400 47 0 3 0 65 348257 -1 -1 -1 -1 -1 -1)
#(0 144 1845 26 0 0 0 68 359480 -1 -1 -1 -1 -1 -1)
#(0 144 806 57 0 1 0 73 386985 -1 -1 -1 -1 -1 -1)
#(0 144 407 44 0 2 0 79 418666 -1 -1 -1 -1 -1 -1)
#(0 144 1844 20 0 0 1 93 495984 -1 -1 -1 -1 -1 -1)
#(0 144 403 57 0 2 1 92 487148 -1 -1 -1 -1 -1 -1)
#(0 144 800 51 0 1 1 91 485275 -1 -1 -1 -1 -1 -1)
#(0 144 1541 30 0 2 1 90 478821 -1 -1 -1 -1 -1 -1)
#(0 144 803 52 0 1 1 90 479135 -1 -1 -1 -1 -1 -1)
#(0 144 1533 20 0 2 1 89 474156 -1 -1 -1 -1 -1 -1)
#(0 144 798 62 0 3 1 87 463099 -1 -1 -1 -1 -1 -1)
#(0 144 409 44 0 2 1 85 452488 -1 -1 -1 -1 -1 -1)
#(0 144 1197 67 0 1 1 84 443579 -1 -1 -1 -1 -1 -1)
#(0 144 1849 30 0 0 1 81 432448 -1 -1 -1 -1 -1 -1)
#(0 144 804 66 0 1 1 81 430058 -1 -1 -1 -1 -1 -1)
#(0 144 404 60 0 1 1 80 422506 -1 -1 -1 -1 -1 -1)
#(0 144 1531 26 0 2 1 78 415731 -1 -1 -1 -1 -1 -1)
#(0 144 1843 25 0 0 1 74 395582 -1 -1 -1 -1 -1 -1)
#(0 144 1852 30 0 0 1 73 390215 -1 -1 -1 -1 -1 -1)
#(0 144 1200 62 0 2 1 68 359770 -1 -1 -1 -1 -1 -1)
#(0 144 1538 26 0 2 1 62 331269 -1 -1 -1 -1 -1 -1)
#(0 144 1199 55 0 2 1 58 307518 -1 -1 -1 -1 -1 -1)
#(0 144 402 52 0 2 1 53 281840 -1 -1 -1 -1 -1 -1)
#(0 144 797 57 0 2 1 49 262560 -1 -1 -1 -1 -1 -1)
#(0 144 1847 20 0 0 1 46 247829 -1 -1 -1 -1 -1 -1)
#(0 144 1532 27 0 2 1 40 214995 -1 -1 -1 -1 -1 -1)
#(0 144 412 55 0 2 1 33 175985 -1 -1 -1 -1 -1 -1)
#(0 144 1196 60 0 2 1 30 159021 -1 -1 -1 -1 -1 -1)
#(0 144 1537 33 0 1 1 21 114437 -1 -1 -1 -1 -1 -1)
#(0 145 1853 21 0 0 0 1 5632 -1 -1 -1 -1 -1 -1)
#(0 145 415 59 0 2 0 3 20011 -1 -1 -1 -1 -1 -1)
#(0 145 821 58 0 2 0 8 45345 -1 -1 -1 -1 -1 -1)
#(0 145 1546 47 0 1 0 8 44707 -1 -1 -1 -1 -1 -1)
#(0 145 1212 53 0 1 0 9 51086 -1 -1 -1 -1 -1 -1)
#(0 145 1545 42 0 2 0 10 54951 -1 -1 -1 -1 -1 -1)
#(0 145 811 54 0 1 0 12 64291 -1 -1 -1 -1 -1 -1)
#(0 145 406 66 0 1 0 13 69024 -1 -1 -1 -1 -1 -1)
#(0 145 1549 40 0 3 0 15 81348 -1 -1 -1 -1 -1 -1)
#(0 145 418 44 0 1 0 15 80761 -1 -1 -1 -1 -1 -1)
#(3 145 418 -1 0 -1 -1 -1 -1 51 -1 -1 -1 -1 49)
#(0 145 431 62 0 3 0 17 94287 -1 -1 -1 -1 -1 -1)
#(0 145 817 44 0 2 0 18 99794 -1 -1 -1 -1 -1 -1)
#(0 145 423 55 0 1 0 18 99426 -1 -1 -1 -1 -1 -1)
#(0 145 1856 25 0 0 0 22 116574 -1 -1 -1 -1 -1 -1)
#(0 145 422 68 0 2 0 25 132368 -1 -1 -1 -1 -1 -1)
#(0 145 1535 30 0 2 0 27 144151 -1 -1 -1 -1 -1 -1)
#(0 145 1209 75 0 2 0 28 148319 -1 -1 -1 -1 -1 -1)
#(0 145 1205 44 0 1 0 28 150818 -1 -1 -1 -1 -1 -1)
#(0 145 1539 26 0 2 0 29 154478 -1 -1 -1 -1 -1 -1)
#(0 145 1858 27 0 0 0 31 164126 -1 -1 -1 -1 -1 -1)
#(0 145 1558 30 0 2 0 31 165237 -1 -1 -1 -1 -1 -1)
#(0 145 420 62 0 3 0 34 184295 -1 -1 -1 -1 -1 -1)
#(0 145 1854 23 0 0 0 35 185187 -1 -1 -1 -1 -1 -1)
#(0 145 805 54 0 3 0 35 186062 -1 -1 -1 -1 -1 -1)
#(0 145 809 50 0 1 0 42 222319 -1 -1 -1 -1 -1 -1)
#(0 145 813 62 0 1 0 43 228757 -1 -1 -1 -1 -1 -1)
#(0 145 430 60 0 1 0 47 252706 -1 -1 -1 -1 -1 -1)
#(0 145 1855 30 0 0 0 50 264513 -1 -1 -1 -1 -1 -1)
#(0 145 1551 33 0 1 0 55 292117 -1 -1 -1 -1 -1 -1)
#(0 145 1860 28 0 0 0 60 317265 -1 -1 -1 -1 -1 -1)
#(0 145 1547 20 0 2 0 69 365373 -1 -1 -1 -1 -1 -1)
#(0 145 808 62 0 3 0 78 415438 -1 -1 -1 -1 -1 -1)
#(0 145 1560 37 0 1 1 98 520729 -1 -1 -1 -1 -1 -1)
#(0 145 810 55 0 2 1 97 515791 -1 -1 -1 -1 -1 -1)
#(0 145 1556 39 0 3 1 96 510142 -1 -1 -1 -1 -1 -1)
#(0 145 1204 51 0 2 1 92 487457 -1 -1 -1 -1 -1 -1)
#(0 145 801 44 0 2 1 92 486132 -1 -1 -1 -1 -1 -1)
#(0 145 1207 51 0 2 1 90 477208 -1 -1 -1 -1 -1 -1)
#(0 145 417 44 0 1 1 90 478964 -1 -1 -1 -1 -1 -1)
#(0 145 1201 62 0 2 1 89 471014 -1 -1 -1 -1 -1 -1)
#(0 145 1544 20 0 2 1 89 474182 -1 -1 -1 -1 -1 -1)
#(0 145 425 74 0 1 1 87 464358 -1 -1 -1 -1 -1 -1)
#(0 145 1211 43 0 2 1 84 445908 -1 -1 -1 -1 -1 -1)
#(0 145 427 62 0 2 1 81 427753 -1 -1 -1 -1 -1 -1)
#(0 145 1859 27 0 0 1 80 427234 -1 -1 -1 -1 -1 -1)
#(0 145 1210 69 0 3 1 80 427364 -1 -1 -1 -1 -1 -1)
#(0 145 410 61 0 2 1 80 422505 -1 -1 -1 -1 -1 -1)
#(0 145 1206 68 0 2 1 78 417100 -1 -1 -1 -1 -1 -1)
#(0 145 416 66 0 2 1 77 411192 -1 -1 -1 -1 -1 -1)
#(0 145 1559 30 0 2 1 76 404990 -1 -1 -1 -1 -1 -1)
#(0 145 419 55 0 2 1 75 397801 -1 -1 -1 -1 -1 -1)
#(0 145 1548 46 0 3 1 75 398909 -1 -1 -1 -1 -1 -1)
#(0 145 814 71 0 1 1 69 366075 -1 -1 -1 -1 -1 -1)
#(0 145 815 61 0 2 1 68 362129 -1 -1 -1 -1 -1 -1)
#(0 145 818 51 0 1 1 66 353160 -1 -1 -1 -1 -1 -1)
#(0 145 421 57 0 2 1 64 340812 -1 -1 -1 -1 -1 -1)
#(0 145 1543 20 0 2 1 62 331633 -1 -1 -1 -1 -1 -1)
#(0 145 429 62 0 3 1 61 322690 -1 -1 -1 -1 -1 -1)
#(0 145 819 57 0 2 1 56 299465 -1 -1 -1 -1 -1 -1)
#(0 145 812 57 0 2 1 55 293783 -1 -1 -1 -1 -1 -1)
#(0 145 408 70 0 2 1 55 290850 -1 -1 -1 -1 -1 -1)
#(0 145 822 59 0 3 1 53 283463 -1 -1 -1 -1 -1 -1)
#(0 145 1550 35 0 2 1 51 272715 -1 -1 -1 -1 -1 -1)
#(0 145 1553 22 0 2 1 45 241728 -1 -1 -1 -1 -1 -1)
#(0 145 816 62 0 1 1 38 203745 -1 -1 -1 -1 -1 -1)
#(0 145 1203 64 0 3 1 37 195662 -1 -1 -1 -1 -1 -1)
#(0 145 823 44 0 2 1 31 164102 -1 -1 -1 -1 -1 -1)
#(0 145 1208 75 0 1 1 15 83642 -1 -1 -1 -1 -1 -1)
#(0 146 1857 19 0 0 0 1 5583 -1 -1 -1 -1 -1 -1)
#(0 146 1563 33 0 3 0 2 12298 -1 -1 -1 -1 -1 -1)
#(0 146 1869 26 0 0 0 3 16275 -1 -1 -1 -1 -1 -1)
#(0 146 1221 51 0 2 0 6 35325 -1 -1 -1 -1 -1 -1)
#(0 146 438 57 0 2 0 9 51533 -1 -1 -1 -1 -1 -1)
#(0 146 1552 33 0 2 0 10 54466 -1 -1 -1 -1 -1 -1)
#(0 146 1214 64 0 2 0 14 78964 -1 -1 -1 -1 -1 -1)
#(0 146 1555 37 0 1 0 15 81137 -1 -1 -1 -1 -1 -1)
#(0 146 1865 20 0 0 0 17 90083 -1 -1 -1 -1 -1 -1)
#(0 146 426 63 0 1 0 18 100039 -1 -1 -1 -1 -1 -1)
#(0 146 1220 62 0 2 0 18 99717 -1 -1 -1 -1 -1 -1)
#(0 146 443 75 0 2 0 21 112797 -1 -1 -1 -1 -1 -1)
#(0 146 1561 37 0 2 0 22 118059 -1 -1 -1 -1 -1 -1)
#(0 146 834 57 0 2 0 22 117634 -1 -1 -1 -1 -1 -1)
#(0 146 1227 58 0 3 0 23 125717 -1 -1 -1 -1 -1 -1)
#(0 146 832 57 0 3 0 24 128118 -1 -1 -1 -1 -1 -1)
#(0 146 1572 20 0 2 0 24 127743 -1 -1 -1 -1 -1 -1)
#(0 146 1867 24 0 0 0 25 132401 -1 -1 -1 -1 -1 -1)
#(3 146 1867 -1 0 -1 -1 -1 -1 52 -1 -1 -1 -1 0)
#(0 146 1216 48 0 1 0 25 135224 -1 -1 -1 -1 -1 -1)
#(0 146 827 62 0 2 0 25 134172 -1 -1 -1 -1 -1 -1)
#(0 146 1866 23 0 0 0 27 142935 -1 -1 -1 -1 -1 -1)
#(0 146 1565 36 0 3 0 27 144424 -1 -1 -1 -1 -1 -1)
#(0 146 828 44 0 2 0 29 158043 -1 -1 -1 -1 -1 -1)
#(0 146 432 64 0 2 0 31 168874 -1 -1 -1 -1 -1 -1)
#(0 146 829 59 0 3 0 33 176119 -1 -1 -1 -1 -1 -1)
#(0 146 433 59 0 2 0 33 178577 -1 -1 -1 -1 -1 -1)
#(0 146 807 51 0 2 0 35 185389 -1 -1 -1 -1 -1 -1)
#(0 146 1861 20 0 0 0 43 227373 -1 -1 -1 -1 -1 -1)
#(0 146 1229 44 0 3 0 43 230001 -1 -1 -1 -1 -1 -1)
#(0 146 1569 35 0 2 0 43 228861 -1 -1 -1 -1 -1 -1)
#(0 146 833 57 0 2 0 43 228437 -1 -1 -1 -1 -1 -1)
#(0 146 435 75 0 1 0 44 237010 -1 -1 -1 -1 -1 -1)
#(0 146 1223 59 0 2 0 45 242220 -1 -1 -1 -1 -1 -1)
#(0 146 434 50 0 2 0 49 260800 -1 -1 -1 -1 -1 -1)
#(0 146 1566 53 0 2 0 58 308973 -1 -1 -1 -1 -1 -1)
#(0 146 424 64 0 3 0 79 420812 -1 -1 -1 -1 -1 -1)
#(0 146 1228 59 0 2 1 95 502550 -1 -1 -1 -1 -1 -1)
#(0 146 825 44 0 3 1 94 496650 -1 -1 -1 -1 -1 -1)
#(0 146 1224 54 0 1 1 93 492586 -1 -1 -1 -1 -1 -1)
#(0 146 442 61 0 3 1 91 480640 -1 -1 -1 -1 -1 -1)
#(0 146 440 62 0 2 1 88 465457 -1 -1 -1 -1 -1 -1)
#(0 146 1562 38 0 2 1 85 452118 -1 -1 -1 -1 -1 -1)
#(0 146 1571 31 0 2 1 84 447193 -1 -1 -1 -1 -1 -1)
#(0 146 1570 30 0 2 1 83 441941 -1 -1 -1 -1 -1 -1)
#(0 146 1225 51 0 3 1 81 429301 -1 -1 -1 -1 -1 -1)
#(0 146 1226 59 0 2 1 79 417927 -1 -1 -1 -1 -1 -1)
#(0 146 1568 24 0 2 1 78 415935 -1 -1 -1 -1 -1 -1)
#(0 146 428 62 0 3 1 78 412165 -1 -1 -1 -1 -1 -1)
#(0 146 826 58 0 2 1 76 404577 -1 -1 -1 -1 -1 -1)
#(0 146 830 44 0 3 1 73 385786 -1 -1 -1 -1 -1 -1)
#(0 146 1564 39 0 3 1 68 362279 -1 -1 -1 -1 -1 -1)
#(0 146 831 51 0 2 1 67 358511 -1 -1 -1 -1 -1 -1)
#(0 146 1567 30 0 2 1 66 352030 -1 -1 -1 -1 -1 -1)
#(0 146 824 51 0 3 1 63 337370 -1 -1 -1 -1 -1 -1)
#(0 146 1863 26 0 0 1 57 305809 -1 -1 -1 -1 -1 -1)
#(0 146 1215 55 0 2 1 57 302278 -1 -1 -1 -1 -1 -1)
#(0 146 1864 32 0 0 1 45 242344 -1 -1 -1 -1 -1 -1)
#(0 146 1862 29 0 0 1 44 237111 -1 -1 -1 -1 -1 -1)
#(0 146 1213 47 0 1 1 36 191930 -1 -1 -1 -1 -1 -1)
#(0 146 1218 55 0 3 1 34 180742 -1 -1 -1 -1 -1 -1)
#(0 146 1222 43 0 2 1 33 176628 -1 -1 -1 -1 -1 -1)
#(0 146 1217 43 0 1 1 26 139652 -1 -1 -1 -1 -1 -1)
#(0 147 1233 65 0 1 0 0 4322 -1 -1 -1 -1 -1 -1)
#(0 147 1576 40 0 2 0 11 60155 -1 -1 -1 -1 -1 -1)
#(0 147 1872 25 0 0 0 12 63767 -1 -1 -1 -1 -1 -1)
#(0 147 1236 65 0 2 0 13 68683 -1 -1 -1 -1 -1 -1)
#(0 147 446 57 0 3 0 13 72303 -1 -1 -1 -1 -1 -1)
#(0 147 1577 30 0 2 0 13 70197 -1 -1 -1 -1 -1 -1)
#(0 147 1231 62 0 2 0 13 73423 -1 -1 -1 -1 -1 -1)
#(0 147 1575 26 0 3 0 14 75393 -1 -1 -1 -1 -1 -1)
#(0 147 1219 65 0 2 0 14 78992 -1 -1 -1 -1 -1 -1)
#(0 147 1873 26 0 0 0 15 79628 -1 -1 -1 -1 -1 -1)
#(0 147 1557 35 0 3 0 15 81052 -1 -1 -1 -1 -1 -1)
#(0 147 455 55 0 3 0 16 87956 -1 -1 -1 -1 -1 -1)
#(0 147 1232 59 0 3 0 20 110279 -1 -1 -1 -1 -1 -1)
#(0 147 1230 56 0 1 0 21 114942 -1 -1 -1 -1 -1 -1)
#(0 147 444 59 0 2 0 28 152010 -1 -1 -1 -1 -1 -1)
#(0 147 456 58 0 1 0 30 162582 -1 -1 -1 -1 -1 -1)
#(0 147 441 51 0 2 0 33 177560 -1 -1 -1 -1 -1 -1)
#(0 147 841 65 0 1 0 33 176738 -1 -1 -1 -1 -1 -1)
#(0 147 836 34 0 4 0 47 253141 -1 -1 -1 -1 -1 -1)
#(0 147 436 62 0 3 0 47 252558 -1 -1 -1 -1 -1 -1)
#(0 147 838 73 0 3 0 54 289169 -1 -1 -1 -1 -1 -1)
#(0 147 843 44 0 1 0 56 300556 -1 -1 -1 -1 -1 -1)
#(0 147 458 57 0 2 0 61 326615 -1 -1 -1 -1 -1 -1)
#(0 147 842 64 0 1 0 63 335061 -1 -1 -1 -1 -1 -1)
#(0 147 457 44 0 2 0 66 350021 -1 -1 -1 -1 -1 -1)
#(0 147 1238 51 0 2 0 77 410241 -1 -1 -1 -1 -1 -1)
#(0 147 447 44 0 1 1 93 494720 -1 -1 -1 -1 -1 -1)
#(0 147 1574 30 0 2 1 92 489464 -1 -1 -1 -1 -1 -1)
#(4 147 1574 -1 0 -1 -1 -1 -1 53 0 0 0 0 -1)
#(0 147 1870 20 0 0 1 91 485426 -1 -1 -1 -1 -1 -1)
#(0 147 820 62 0 3 1 91 484997 -1 -1 -1 -1 -1 -1)
#(0 147 1237 65 0 3 1 91 480763 -1 -1 -1 -1 -1 -1)
#(0 147 1554 21 0 2 1 89 474144 -1 -1 -1 -1 -1 -1)
#(0 147 1876 20 0 0 1 88 469600 -1 -1 -1 -1 -1 -1)
#(0 147 1235 56 0 3 1 88 465827 -1 -1 -1 -1 -1 -1)
#(0 147 1573 34 0 2 1 88 468113 -1 -1 -1 -1 -1 -1)
#(0 147 459 60 0 2 1 87 459847 -1 -1 -1 -1 -1 -1)
#(0 147 1874 26 0 0 1 84 448383 -1 -1 -1 -1 -1 -1)
#(0 147 1868 28 0 0 1 80 427198 -1 -1 -1 -1 -1 -1)
#(0 147 840 62 0 3 1 66 352182 -1 -1 -1 -1 -1 -1)
#(0 147 449 62 0 2 1 65 343898 -1 -1 -1 -1 -1 -1)
#(0 147 1240 43 0 2 1 64 340318 -1 -1 -1 -1 -1 -1)
#(0 147 1871 23 0 0 1 63 337529 -1 -1 -1 -1 -1 -1)
#(0 147 454 57 0 2 1 59 312813 -1 -1 -1 -1 -1 -1)
#(0 147 445 44 0 3 1 54 288738 -1 -1 -1 -1 -1 -1)
#(0 147 448 66 0 3 1 44 237107 -1 -1 -1 -1 -1 -1)
#(0 147 450 59 0 2 1 41 217330 -1 -1 -1 -1 -1 -1)
#(0 147 835 70 0 1 1 38 202633 -1 -1 -1 -1 -1 -1)
#(0 147 1239 59 0 1 1 28 148624 -1 -1 -1 -1 -1 -1)
#(0 148 1878 23 0 0 0 0 382 -1 -1 -1 -1 -1 -1)
#(0 148 847 51 0 2 0 2 11224 -1 -1 -1 -1 -1 -1)
#(0 148 1249 65 0 2 0 3 20937 -1 -1 -1 -1 -1 -1)
#(0 148 1243 60 0 2 0 5 30987 -1 -1 -1 -1 -1 -1)
#(0 148 1886 25 0 0 0 7 37358 -1 -1 -1 -1 -1 -1)
#(0 148 857 58 0 2 0 12 64154 -1 -1 -1 -1 -1 -1)
#(0 148 1579 28 0 2 0 12 64961 -1 -1 -1 -1 -1 -1)
#(0 148 1234 51 0 2 0 13 72228 -1 -1 -1 -1 -1 -1)
#(0 148 1250 55 0 2 0 14 77864 -1 -1 -1 -1 -1 -1)
#(0 148 1248 55 0 2 0 16 88485 -1 -1 -1 -1 -1 -1)
#(0 148 1883 21 0 0 0 17 90106 -1 -1 -1 -1 -1 -1)
#(0 148 439 55 0 1 0 18 99132 -1 -1 -1 -1 -1 -1)
#(0 148 851 44 0 1 0 19 105199 -1 -1 -1 -1 -1 -1)
#(0 148 1242 57 0 2 0 19 104978 -1 -1 -1 -1 -1 -1)
#(0 148 1585 44 0 2 0 20 107851 -1 -1 -1 -1 -1 -1)
#(0 148 1879 20 0 0 0 23 121764 -1 -1 -1 -1 -1 -1)
#(0 148 837 54 0 3 0 24 128098 -1 -1 -1 -1 -1 -1)
#(0 148 464 51 0 1 0 27 145485 -1 -1 -1 -1 -1 -1)
#(0 148 1246 44 0 2 0 28 150895 -1 -1 -1 -1 -1 -1)
#(0 148 475 51 0 2 0 31 166476 -1 -1 -1 -1 -1 -1)
#(0 148 854 56 0 2 0 31 165001 -1 -1 -1 -1 -1 -1)
#(0 148 1247 60 0 3 0 37 199114 -1 -1 -1 -1 -1 -1)
#(0 148 1241 57 0 3 0 45 242096 -1 -1 -1 -1 -1 -1)
#(0 148 463 59 0 1 0 58 310735 -1 -1 -1 -1 -1 -1)
#(0 148 845 59 0 3 0 60 318696 -1 -1 -1 -1 -1 -1)
#(0 148 472 55 0 1 0 72 383529 -1 -1 -1 -1 -1 -1)
#(0 148 471 75 0 3 0 82 435164 -1 -1 -1 -1 -1 -1)
#(0 148 460 51 0 3 1 98 519703 -1 -1 -1 -1 -1 -1)
#(0 148 1580 28 0 3 1 98 521310 -1 -1 -1 -1 -1 -1)
#(0 148 462 51 0 3 1 97 514650 -1 -1 -1 -1 -1 -1)
#(0 148 853 55 0 2 1 96 510835 -1 -1 -1 -1 -1 -1)
#(0 148 468 64 0 1 1 94 501547 -1 -1 -1 -1 -1 -1)
#(0 148 1877 25 0 0 1 89 474782 -1 -1 -1 -1 -1 -1)
#(0 148 467 55 0 2 1 86 456275 -1 -1 -1 -1 -1 -1)
#(0 148 1881 25 0 0 1 85 453673 -1 -1 -1 -1 -1 -1)
#(0 148 474 61 0 1 1 85 450604 -1 -1 -1 -1 -1 -1)
#(0 148 1578 32 0 1 1 84 447146 -1 -1 -1 -1 -1 -1)
#(0 148 465 57 0 3 1 79 418300 -1 -1 -1 -1 -1 -1)
#(0 148 1245 65 0 3 1 76 406259 -1 -1 -1 -1 -1 -1)
#(0 148 850 54 0 3 1 76 405442 -1 -1 -1 -1 -1 -1)
#(0 148 844 62 0 3 1 72 384393 -1 -1 -1 -1 -1 -1)
#(0 148 1583 40 0 2 1 68 362235 -1 -1 -1 -1 -1 -1)
#(0 148 839 75 0 1 1 67 356893 -1 -1 -1 -1 -1 -1)
#(0 148 1584 31 0 2 1 66 352150 -1 -1 -1 -1 -1 -1)
#(0 148 1882 25 0 0 1 56 300559 -1 -1 -1 -1 -1 -1)
#(0 148 848 64 0 2 1 56 299113 -1 -1 -1 -1 -1 -1)
#(0 148 469 51 0 2 1 55 293214 -1 -1 -1 -1 -1 -1)
#(0 148 461 59 0 3 1 54 287212 -1 -1 -1 -1 -1 -1)
#(0 148 849 63 0 3 1 54 288036 -1 -1 -1 -1 -1 -1)
#(0 148 1581 37 0 1 1 48 256823 -1 -1 -1 -1 -1 -1)
#(0 148 453 64 0 2 1 44 237515 -1 -1 -1 -1 -1 -1)
#(0 148 1880 26 0 0 1 40 216057 -1 -1 -1 -1 -1 -1)
#(0 148 466 55 0 1 1 38 201934 -1 -1 -1 -1 -1 -1)
#(0 148 1244 59 0 2 1 38 201474 -1 -1 -1 -1 -1 -1)
#(0 148 1884 26 0 0 1 31 168538 -1 -1 -1 -1 -1 -1)
#(0 148 473 57 0 2 1 27 143303 -1 -1 -1 -1 -1 -1)
#(0 148 852 66 0 2 1 26 139477 -1 -1 -1 -1 -1 -1)
#(0 148 856 62 0 3 1 13 72012 -1 -1 -1 -1 -1 -1)
#(0 149 870 64 0 1 0 2 12082 -1 -1 -1 -1 -1 -1)
#(0 149 1594 27 0 3 0 2 11963 -1 -1 -1 -1 -1 -1)
#(0 149 1261 68 0 3 0 3 16050 -1 -1 -1 -1 -1 -1)
#(0 149 1257 54 0 2 0 6 35433 -1 -1 -1 -1 -1 -1)
#(0 149 1589 36 0 2 0 6 33534 -1 -1 -1 -1 -1 -1)
#(0 149 1253 52 0 2 0 9 51071 -1 -1 -1 -1 -1 -1)
#(0 149 864 51 0 3 0 11 58852 -1 -1 -1 -1 -1 -1)
#(0 149 1885 19 0 0 0 12 63670 -1 -1 -1 -1 -1 -1)
#(0 149 486 55 0 2 0 12 66864 -1 -1 -1 -1 -1 -1)
#(0 149 1267 65 0 2 0 12 68338 -1 -1 -1 -1 -1 -1)
#(0 149 1262 43 0 2 0 13 71510 -1 -1 -1 -1 -1 -1)
#(0 149 491 65 0 3 0 16 89423 -1 -1 -1 -1 -1 -1)
#(0 149 1251 59 0 3 0 19 104742 -1 -1 -1 -1 -1 -1)
#(0 149 488 61 0 3 0 20 110229 -1 -1 -1 -1 -1 -1)
#(0 149 479 72 0 2 0 26 138162 -1 -1 -1 -1 -1 -1)
#(0 149 1263 62 0 2 0 30 163070 -1 -1 -1 -1 -1 -1)
#(0 149 1265 51 0 2 0 32 172484 -1 -1 -1 -1 -1 -1)
#(0 149 867 60 0 2 0 33 176341 -1 -1 -1 -1 -1 -1)
#(0 149 1586 25 0 2 0 36 191416 -1 -1 -1 -1 -1 -1)
#(0 149 478 64 0 3 0 36 195272 -1 -1 -1 -1 -1 -1)
#(0 149 1256 42 0 2 0 38 203508 -1 -1 -1 -1 -1 -1)
#(0 149 1590 40 0 1 0 38 202787 -1 -1 -1 -1 -1 -1)
#(0 149 868 51 0 3 0 40 211824 -1 -1 -1 -1 -1 -1)
#(0 149 871 64 0 1 0 41 220168 -1 -1 -1 -1 -1 -1)
#(0 149 487 51 0 2 0 45 242183 -1 -1 -1 -1 -1 -1)
#(4 149 487 -1 0 -1 -1 -1 -1 54 0 0 0 0 -1)
#(0 149 846 75 0 1 0 48 255424 -1 -1 -1 -1 -1 -1)
#(0 149 484 44 0 3 0 48 255051 -1 -1 -1 -1 -1 -1)
#(0 149 858 62 0 2 0 52 276744 -1 -1 -1 -1 -1 -1)
#(0 149 493 55 0 2 0 52 279049 -1 -1 -1 -1 -1 -1)
#(0 149 860 67 0 3 0 67 356736 -1 -1 -1 -1 -1 -1)
#(0 149 1255 51 0 2 0 81 431363 -1 -1 -1 -1 -1 -1)
#(0 149 1595 41 0 3 0 85 450896 -1 -1 -1 -1 -1 -1)
#(0 149 1591 28 0 2 1 99 526539 -1 -1 -1 -1 -1 -1)
#(0 149 481 62 0 3 1 95 506862 -1 -1 -1 -1 -1 -1)
#(0 149 1254 44 0 2 1 94 498608 -1 -1 -1 -1 -1 -1)
#(0 149 451 50 0 2 1 93 492975 -1 -1 -1 -1 -1 -1)
#(0 149 1875 21 0 0 1 91 485406 -1 -1 -1 -1 -1 -1)
#(0 149 855 57 0 1 1 91 485509 -1 -1 -1 -1 -1 -1)
#(0 149 476 59 0 1 1 91 481663 -1 -1 -1 -1 -1 -1)
#(0 149 1264 47 0 2 1 90 477279 -1 -1 -1 -1 -1 -1)
#(0 149 1582 21 0 2 1 89 474191 -1 -1 -1 -1 -1 -1)
#(0 149 1889 23 0 0 1 87 464258 -1 -1 -1 -1 -1 -1)
#(0 149 1260 59 0 2 1 87 460193 -1 -1 -1 -1 -1 -1)
#(0 149 1252 47 0 1 1 84 445645 -1 -1 -1 -1 -1 -1)
#(0 149 477 42 0 2 1 82 435741 -1 -1 -1 -1 -1 -1)
#(0 149 490 43 0 2 1 78 415602 -1 -1 -1 -1 -1 -1)
#(0 149 1266 44 0 2 1 77 408894 -1 -1 -1 -1 -1 -1)
#(0 149 874 51 0 3 1 74 395412 -1 -1 -1 -1 -1 -1)
#(0 149 492 50 0 2 1 74 393318 -1 -1 -1 -1 -1 -1)
#(0 149 1258 56 0 3 1 70 370821 -1 -1 -1 -1 -1 -1)
#(0 149 1592 21 0 3 1 70 373829 -1 -1 -1 -1 -1 -1)
#(0 149 859 56 0 3 1 66 352906 -1 -1 -1 -1 -1 -1)
#(0 149 1259 54 0 1 1 66 349747 -1 -1 -1 -1 -1 -1)
#(0 149 485 51 0 2 1 66 350913 -1 -1 -1 -1 -1 -1)
#(0 149 861 54 0 2 1 63 337367 -1 -1 -1 -1 -1 -1)
#(0 149 863 57 0 2 1 59 315216 -1 -1 -1 -1 -1 -1)
#(0 149 1887 29 0 0 1 57 305745 -1 -1 -1 -1 -1 -1)
#(0 149 482 67 0 3 1 52 279739 -1 -1 -1 -1 -1 -1)
#(0 149 873 62 0 1 1 52 277914 -1 -1 -1 -1 -1 -1)
#(0 149 1593 44 0 1 1 47 251133 -1 -1 -1 -1 -1 -1)
#(0 149 862 64 0 2 1 45 240118 -1 -1 -1 -1 -1 -1)
#(0 149 1888 29 0 0 1 44 237103 -1 -1 -1 -1 -1 -1)
#(0 149 480 59 0 2 1 43 228074 -1 -1 -1 -1 -1 -1)
#(0 149 1596 20 0 3 1 43 231285 -1 -1 -1 -1 -1 -1)
#(0 149 489 67 0 1 1 41 216917 -1 -1 -1 -1 -1 -1)
#(0 149 1598 32 0 2 1 39 209589 -1 -1 -1 -1 -1 -1)
#(0 149 1597 51 0 3 1 10 55431 -1 -1 -1 -1 -1 -1)
#(0 150 1269 51 0 3 0 2 14149 -1 -1 -1 -1 -1 -1)
#(0 150 502 59 0 1 0 3 20089 -1 -1 -1 -1 -1 -1)
#(0 150 103 58 0 1 0 5 28088 -1 -1 -1 -1 -1 -1)
#(0 150 503 69 0 2 0 5 31545 -1 -1 -1 -1 -1 -1)
#(0 150 102 57 0 1 0 7 38186 -1 -1 -1 -1 -1 -1)
#(0 150 107 57 0 1 0 9 48782 -1 -1 -1 -1 -1 -1)
#(0 150 498 61 0 1 0 11 61602 -1 -1 -1 -1 -1 -1)
#(0 150 105 66 0 2 0 11 60472 -1 -1 -1 -1 -1 -1)
#(0 150 1894 29 0 0 0 13 69123 -1 -1 -1 -1 -1 -1)
#(0 150 111 57 0 2 0 14 75370 -1 -1 -1 -1 -1 -1)
#(0 150 1277 55 0 2 0 16 88519 -1 -1 -1 -1 -1 -1)
#(0 150 1605 37 0 1 0 16 86493 -1 -1 -1 -1 -1 -1)
#(0 150 1890 22 0 0 0 17 90129 -1 -1 -1 -1 -1 -1)
#(0 150 452 59 0 3 0 18 99044 -1 -1 -1 -1 -1 -1)
#(0 150 1588 36 0 1 0 20 107475 -1 -1 -1 -1 -1 -1)
#(0 150 505 65 0 3 0 22 121310 -1 -1 -1 -1 -1 -1)
#(0 150 1278 54 0 1 0 23 125348 -1 -1 -1 -1 -1 -1)
#(0 150 113 51 0 3 0 24 131816 -1 -1 -1 -1 -1 -1)
#(0 150 483 52 0 3 0 25 135372 -1 -1 -1 -1 -1 -1)
#(0 150 496 61 0 2 0 27 142857 -1 -1 -1 -1 -1 -1)
#(0 150 495 70 0 3 0 29 153294 -1 -1 -1 -1 -1 -1)
#(0 150 1274 59 0 2 0 30 162854 -1 -1 -1 -1 -1 -1)
#(0 150 876 57 0 2 0 31 164889 -1 -1 -1 -1 -1 -1)
#(0 150 112 51 0 2 0 32 174006 -1 -1 -1 -1 -1 -1)
#(0 150 1270 63 0 3 0 39 210727 -1 -1 -1 -1 -1 -1)
#(0 150 878 56 0 2 0 43 228582 -1 -1 -1 -1 -1 -1)
#(0 150 108 51 0 2 0 45 242714 -1 -1 -1 -1 -1 -1)
#(0 150 879 51 0 2 0 49 259360 -1 -1 -1 -1 -1 -1)
#(0 150 110 44 0 2 0 51 272825 -1 -1 -1 -1 -1 -1)
#(0 150 1891 27 0 0 0 53 280298 -1 -1 -1 -1 -1 -1)
#(0 150 1275 51 0 2 0 53 283428 -1 -1 -1 -1 -1 -1)
#(0 150 1603 38 0 1 0 57 302932 -1 -1 -1 -1 -1 -1)
#(0 150 506 59 0 4 0 61 326412 -1 -1 -1 -1 -1 -1)
#(0 150 1282 67 0 2 0 64 342996 -1 -1 -1 -1 -1 -1)
#(0 150 494 44 0 3 1 98 521072 -1 -1 -1 -1 -1 -1)
#(0 150 1892 25 0 0 1 97 517032 -1 -1 -1 -1 -1 -1)
#(0 150 1268 58 0 1 1 96 506952 -1 -1 -1 -1 -1 -1)
#(0 150 106 59 0 2 1 95 505149 -1 -1 -1 -1 -1 -1)
#(0 150 470 51 0 2 1 93 493919 -1 -1 -1 -1 -1 -1)
#(0 150 1606 43 0 3 1 93 494034 -1 -1 -1 -1 -1 -1)
#(0 150 880 73 0 2 1 92 487735 -1 -1 -1 -1 -1 -1)
#(0 150 872 74 0 2 1 91 483969 -1 -1 -1 -1 -1 -1)
#(0 150 1607 36 0 2 1 90 478580 -1 -1 -1 -1 -1 -1)
#(0 150 1587 20 0 0 1 89 474290 -1 -1 -1 -1 -1 -1)
#(0 150 1279 54 0 2 1 87 460833 -1 -1 -1 -1 -1 -1)
#(0 150 499 53 0 2 1 83 439456 -1 -1 -1 -1 -1 -1)
#(0 150 1273 69 0 3 1 82 438210 -1 -1 -1 -1 -1 -1)
#(0 150 1280 61 0 2 1 80 423050 -1 -1 -1 -1 -1 -1)
#(0 150 501 59 0 3 1 74 395996 -1 -1 -1 -1 -1 -1)
#(0 150 866 67 0 1 1 72 383957 -1 -1 -1 -1 -1 -1)
#(0 150 101 66 0 1 1 71 376143 -1 -1 -1 -1 -1 -1)
#(0 150 877 62 0 3 1 69 367230 -1 -1 -1 -1 -1 -1)
#(0 150 1604 28 0 2 1 67 357600 -1 -1 -1 -1 -1 -1)
#(0 150 865 58 0 2 1 66 352788 -1 -1 -1 -1 -1 -1)
#(0 150 1276 59 0 2 1 66 349658 -1 -1 -1 -1 -1 -1)
#(0 150 1602 21 0 2 1 62 331540 -1 -1 -1 -1 -1 -1)
#(0 150 1897 25 0 0 1 61 326967 -1 -1 -1 -1 -1 -1)
#(0 150 104 61 0 1 1 59 312429 -1 -1 -1 -1 -1 -1)
#(0 150 497 52 0 3 1 56 296817 -1 -1 -1 -1 -1 -1)
#(0 150 1281 47 0 1 1 56 297040 -1 -1 -1 -1 -1 -1)
#(0 150 1608 34 0 3 1 55 293921 -1 -1 -1 -1 -1 -1)
#(0 150 1896 23 0 0 1 52 279473 -1 -1 -1 -1 -1 -1)
#(0 150 109 54 0 2 1 48 257580 -1 -1 -1 -1 -1 -1)
#(0 150 1893 23 0 0 1 46 247787 -1 -1 -1 -1 -1 -1)
#(0 150 1600 25 0 2 1 45 241512 -1 -1 -1 -1 -1 -1)
#(0 150 1599 27 0 2 1 44 236187 -1 -1 -1 -1 -1 -1)
#(0 150 114 33 0 4 1 43 227083 -1 -1 -1 -1 -1 -1)
#(0 150 1895 20 0 0 1 28 152792 -1 -1 -1 -1 -1 -1)
#(0 150 1271 51 0 3 1 18 96603 -1 -1 -1 -1 -1 -1)
#(0 151 1284 51 0 1 0 3 19524 -1 -1 -1 -1 -1 -1)
#(0 151 1907 26 0 0 0 6 32092 -1 -1 -1 -1 -1 -1)
#(0 151 884 64 0 3 0 6 33939 -1 -1 -1 -1 -1 -1)
#(0 151 887 51 0 2 0 7 37502 -1 -1 -1 -1 -1 -1)
#(0 151 1291 44 0 2 0 7 39898 -1 -1 -1 -1 -1 -1)
#(0 151 891 51 0 2 0 8 42801 -1 -1 -1 -1 -1 -1)
#(0 151 1610 30 0 3 0 15 80771 -1 -1 -1 -1 -1 -1)
#(0 151 122 57 0 1 0 18 96307 -1 -1 -1 -1 -1 -1)
#(0 151 1288 59 0 1 0 19 104784 -1 -1 -1 -1 -1 -1)
#(0 151 516 62 0 2 0 20 110709 -1 -1 -1 -1 -1 -1)
#(0 151 1611 32 0 2 0 25 133640 -1 -1 -1 -1 -1 -1)
#(0 151 500 53 0 2 0 26 140581 -1 -1 -1 -1 -1 -1)
#(0 151 1289 57 0 2 0 26 141601 -1 -1 -1 -1 -1 -1)
#(0 151 121 69 0 1 0 27 146465 -1 -1 -1 -1 -1 -1)
#(0 151 1901 27 0 0 0 30 158844 -1 -1 -1 -1 -1 -1)
#(0 151 514 50 0 3 0 30 161200 -1 -1 -1 -1 -1 -1)
#(0 151 888 60 0 2 0 32 171801 -1 -1 -1 -1 -1 -1)
#(0 151 120 44 0 2 0 33 177777 -1 -1 -1 -1 -1 -1)
#(0 151 507 65 0 1 0 37 195841 -1 -1 -1 -1 -1 -1)
#(0 151 123 44 0 3 0 39 209405 -1 -1 -1 -1 -1 -1)
#(0 151 889 75 0 2 0 41 220249 -1 -1 -1 -1 -1 -1)
#(0 151 883 50 0 2 0 42 222525 -1 -1 -1 -1 -1 -1)
#(0 151 1899 26 0 0 0 47 248594 -1 -1 -1 -1 -1 -1)
#(0 151 511 57 0 2 0 55 294303 -1 -1 -1 -1 -1 -1)
#(0 151 1609 34 0 2 0 57 302651 -1 -1 -1 -1 -1 -1)
#(0 151 892 59 0 3 0 58 307714 -1 -1 -1 -1 -1 -1)
#(0 151 1287 54 0 2 0 59 315227 -1 -1 -1 -1 -1 -1)
#(0 151 1618 36 0 2 0 59 313403 -1 -1 -1 -1 -1 -1)
#(0 151 117 59 0 1 0 62 329136 -1 -1 -1 -1 -1 -1)
#(0 151 515 44 0 1 0 64 339521 -1 -1 -1 -1 -1 -1)
#(0 151 882 67 0 2 0 85 451859 -1 -1 -1 -1 -1 -1)
#(0 151 1900 23 0 0 1 98 522335 -1 -1 -1 -1 -1 -1)
#(0 151 881 56 0 1 1 98 521110 -1 -1 -1 -1 -1 -1)
#(0 151 885 62 0 1 1 96 510585 -1 -1 -1 -1 -1 -1)
#(0 151 1613 44 0 2 1 94 499262 -1 -1 -1 -1 -1 -1)
#(0 151 1619 39 0 1 1 93 494225 -1 -1 -1 -1 -1 -1)
#(0 151 115 54 0 2 1 92 490323 -1 -1 -1 -1 -1 -1)
#(0 151 1617 27 0 2 1 92 489637 -1 -1 -1 -1 -1 -1)
#(0 151 1906 20 0 0 1 90 480160 -1 -1 -1 -1 -1 -1)
#(0 151 893 61 0 3 1 89 472894 -1 -1 -1 -1 -1 -1)
#(0 151 513 65 0 1 1 88 464796 -1 -1 -1 -1 -1 -1)
#(0 151 508 64 0 1 1 86 458793 -1 -1 -1 -1 -1 -1)
#(0 151 1898 32 0 0 1 83 442975 -1 -1 -1 -1 -1 -1)
#(0 151 504 65 0 3 1 82 433952 -1 -1 -1 -1 -1 -1)
#(0 151 1615 31 0 3 1 81 431350 -1 -1 -1 -1 -1 -1)
#(2 151 1615 -1 -1 -1 -1 -1 -1 55 -1 -1 -1 -1 -1)
#(0 151 1905 25 0 0 1 80 427276 -1 -1 -1 -1 -1 -1)
#(0 151 1908 28 0 0 1 79 421948 -1 -1 -1 -1 -1 -1)
#(0 151 118 64 0 3 1 79 419938 -1 -1 -1 -1 -1 -1)
#(0 151 1286 46 0 2 1 77 408796 -1 -1 -1 -1 -1 -1)
#(0 151 1614 31 0 2 1 76 404912 -1 -1 -1 -1 -1 -1)
#(0 151 875 50 0 2 1 73 385489 -1 -1 -1 -1 -1 -1)
#(0 151 512 59 0 1 1 72 381071 -1 -1 -1 -1 -1 -1)
#(0 151 1601 21 0 3 1 70 373771 -1 -1 -1 -1 -1 -1)
#(0 151 1621 39 0 1 1 64 341099 -1 -1 -1 -1 -1 -1)
#(0 151 509 63 0 2 1 62 332539 -1 -1 -1 -1 -1 -1)
#(0 151 1904 34 0 0 1 60 321511 -1 -1 -1 -1 -1 -1)
#(0 151 1902 34 0 0 1 59 316230 -1 -1 -1 -1 -1 -1)
#(0 151 1285 59 0 1 1 55 291389 -1 -1 -1 -1 -1 -1)
#(0 151 890 54 0 2 1 50 268254 -1 -1 -1 -1 -1 -1)
#(0 151 1283 46 0 2 1 47 250016 -1 -1 -1 -1 -1 -1)
#(0 151 119 44 0 2 1 39 207663 -1 -1 -1 -1 -1 -1)
#(0 151 1620 32 0 2 1 39 209532 -1 -1 -1 -1 -1 -1)
#(0 151 1290 62 0 1 1 34 180326 -1 -1 -1 -1 -1 -1)
#(0 151 1616 42 0 3 1 25 135095 -1 -1 -1 -1 -1 -1)
#(0 151 886 57 0 2 1 13 72501 -1 -1 -1 -1 -1 -1)
#(0 152 903 44 0 3 0 0 4910 -1 -1 -1 -1 -1 -1)
#(0 152 1272 49 0 1 0 2 13866 -1 -1 -1 -1 -1 -1)
#(0 152 1913 20 0 0 0 3 16164 -1 -1 -1 -1 -1 -1)
#(0 152 133 65 0 3 0 3 19238 -1 -1 -1 -1 -1 -1)
#(0 152 529 66 0 3 0 4 21684 -1 -1 -1 -1 -1 -1)
#(0 152 1301 66 0 1 0 5 26471 -1 -1 -1 -1 -1 -1)
#(0 152 531 72 0 3 0 5 31014 -1 -1 -1 -1 -1 -1)
#(0 152 1909 27 0 0 0 10 53258 -1 -1 -1 -1 -1 -1)
#(0 152 896 61 0 1 0 10 55076 -1 -1 -1 -1 -1 -1)
#(0 152 510 63 0 2 0 11 62878 -1 -1 -1 -1 -1 -1)
#(0 152 124 67 0 2 0 12 67472 -1 -1 -1 -1 -1 -1)
#(0 152 1626 25 0 2 0 14 75222 -1 -1 -1 -1 -1 -1)
#(0 152 1627 29 0 2 0 15 80728 -1 -1 -1 -1 -1 -1)
#(0 152 129 58 0 2 0 16 86244 -1 -1 -1 -1 -1 -1)
#(0 152 132 67 0 2 0 17 93864 -1 -1 -1 -1 -1 -1)
#(0 152 1624 43 0 3 0 18 97314 -1 -1 -1 -1 -1 -1)
#(0 152 1633 40 0 2 0 19 102378 -1 -1 -1 -1 -1 -1)
#(0 152 130 66 0 2 0 22 117924 -1 -1 -1 -1 -1 -1)
#(0 152 532 69 0 2 0 26 137280 -1 -1 -1 -1 -1 -1)
#(0 152 135 61 0 2 0 26 140319 -1 -1 -1 -1 -1 -1)
#(0 152 904 57 0 2 0 27 144015 -1 -1 -1 -1 -1 -1)
#(0 152 525 62 0 2 0 29 157243 -1 -1 -1 -1 -1 -1)
#(0 152 521 51 0 3 0 31 166534 -1 -1 -1 -1 -1 -1)
#(0 152 1294 71 0 2 0 35 189782 -1 -1 -1 -1 -1 -1)
#(0 152 1910 28 0 0 0 36 190558 -1 -1 -1 -1 -1 -1)
#(0 152 1303 56 0 2 0 36 194383 -1 -1 -1 -1 -1 -1)
#(0 152 1628 26 0 3 0 37 196696 -1 -1 -1 -1 -1 -1)
#(0 152 894 50 0 3 0 37 196587 -1 -1 -1 -1 -1 -1)
#(0 152 895 63 0 3 0 38 203259 -1 -1 -1 -1 -1 -1)
#(0 152 1631 37 0 2 0 40 213100 -1 -1 -1 -1 -1 -1)
#(0 152 1300 54 0 3 0 42 225580 -1 -1 -1 -1 -1 -1)
#(0 152 908 59 0 3 0 42 222836 -1 -1 -1 -1 -1 -1)
#(0 152 526 66 0 2 0 43 227584 -1 -1 -1 -1 -1 -1)
#(0 152 907 75 0 1 0 48 255639 -1 -1 -1 -1 -1 -1)
#(0 152 530 54 0 3 0 49 261402 -1 -1 -1 -1 -1 -1)
#(0 152 901 51 0 1 0 50 264581 -1 -1 -1 -1 -1 -1)
#(0 152 127 64 0 1 0 54 288362 -1 -1 -1 -1 -1 -1)
#(0 152 520 51 0 2 0 54 288005 -1 -1 -1 -1 -1 -1)
#(0 152 1297 67 0 1 0 60 322017 -1 -1 -1 -1 -1 -1)
#(0 152 906 44 0 2 0 67 358665 -1 -1 -1 -1 -1 -1)
#(0 152 1292 55 0 2 0 70 373660 -1 -1 -1 -1 -1 -1)
#(0 152 1915 20 0 0 0 76 401599 -1 -1 -1 -1 -1 -1)
#(0 152 1625 33 0 1 0 77 408295 -1 -1 -1 -1 -1 -1)
#(0 152 523 53 0 3 1 98 519933 -1 -1 -1 -1 -1 -1)
#(0 152 1295 61 0 2 1 97 512813 -1 -1 -1 -1 -1 -1)
#(0 152 900 59 0 2 1 93 495412 -1 -1 -1 -1 -1 -1)
#(0 152 517 54 0 2 1 93 492684 -1 -1 -1 -1 -1 -1)
#(0 152 897 55 0 1 1 90 479447 -1 -1 -1 -1 -1 -1)
#(0 152 524 59 0 2 1 87 460236 -1 -1 -1 -1 -1 -1)
#(0 152 1912 28 0 0 1 84 448337 -1 -1 -1 -1 -1 -1)
#(0 152 1296 59 0 3 1 84 445021 -1 -1 -1 -1 -1 -1)
#(0 152 905 57 0 3 1 82 436702 -1 -1 -1 -1 -1 -1)
#(0 152 898 69 0 3 1 80 425670 -1 -1 -1 -1 -1 -1)
#(0 152 1632 29 0 2 1 80 426185 -1 -1 -1 -1 -1 -1)
#(0 152 527 62 0 2 1 77 406947 -1 -1 -1 -1 -1 -1)
#(0 152 902 51 0 1 1 76 405915 -1 -1 -1 -1 -1 -1)
#(0 152 1302 54 0 2 1 76 402589 -1 -1 -1 -1 -1 -1)
#(0 152 125 55 0 2 1 75 400564 -1 -1 -1 -1 -1 -1)
#(0 152 126 47 0 3 1 70 371788 -1 -1 -1 -1 -1 -1)
#(0 152 1612 20 0 2 1 70 373843 -1 -1 -1 -1 -1 -1)
#(0 152 1903 25 0 0 1 61 326944 -1 -1 -1 -1 -1 -1)
#(0 152 1630 29 0 2 1 60 320573 -1 -1 -1 -1 -1 -1)
#(0 152 1298 64 0 2 1 59 312031 -1 -1 -1 -1 -1 -1)
#(0 152 1914 28 0 0 1 54 289945 -1 -1 -1 -1 -1 -1)
#(0 152 131 44 0 1 1 53 281539 -1 -1 -1 -1 -1 -1)
#(0 152 128 63 0 2 1 53 280785 -1 -1 -1 -1 -1 -1)
#(0 152 1623 35 0 1 1 52 277883 -1 -1 -1 -1 -1 -1)
#(0 152 518 57 0 2 1 51 270495 -1 -1 -1 -1 -1 -1)
#(0 152 1629 20 0 3 1 50 268238 -1 -1 -1 -1 -1 -1)
#(0 152 1299 62 0 2 1 49 259202 -1 -1 -1 -1 -1 -1)
#(0 152 522 44 0 1 1 48 257109 -1 -1 -1 -1 -1 -1)
#(0 152 899 44 0 1 1 48 253802 -1 -1 -1 -1 -1 -1)
#(0 152 134 67 0 3 1 45 238859 -1 -1 -1 -1 -1 -1)
#(0 152 1293 54 0 1 1 38 201700 -1 -1 -1 -1 -1 -1)
#(0 152 1911 20 0 0 1 32 173907 -1 -1 -1 -1 -1 -1)
#(0 152 519 51 0 2 1 32 171440 -1 -1 -1 -1 -1 -1)
#(0 152 1622 35 0 2 1 23 124913 -1 -1 -1 -1 -1 -1)
#(0 152 909 55 0 3 1 12 67560 -1 -1 -1 -1 -1 -1)
#(0 153 1644 47 0 1 0 0 2386 -1 -1 -1 -1 -1 -1)
#(0 153 537 55 0 1 0 1 9167 -1 -1 -1 -1 -1 -1)
#(0 153 1642 20 0 3 0 2 11587 -1 -1 -1 -1 -1 -1)
#(0 153 1638 44 0 2 0 3 18169 -1 -1 -1 -1 -1 -1)
#(0 153 919 53 0 2 0 4 22178 -1 -1 -1 -1 -1 -1)
#(0 153 534 57 0 1 0 5 29976 -1 -1 -1 -1 -1 -1)
#(0 153 141 54 0 3 0 7 37548 -1 -1 -1 -1 -1 -1)
#(0 153 912 44 0 1 0 7 41855 -1 -1 -1 -1 -1 -1)
#(0 153 1917 32 0 0 0 8 42783 -1 -1 -1 -1 -1 -1)
#(0 153 539 59 0 3 0 8 46424 -1 -1 -1 -1 -1 -1)
#(0 153 147 51 0 2 0 8 47219 -1 -1 -1 -1 -1 -1)
#(0 153 1307 65 0 1 0 8 46902 -1 -1 -1 -1 -1 -1)
#(0 153 1929 28 0 0 0 10 53258 -1 -1 -1 -1 -1 -1)
#(0 153 535 63 0 3 0 11 58080 -1 -1 -1 -1 -1 -1)
#(0 153 915 60 0 2 0 14 76375 -1 -1 -1 -1 -1 -1)
#(0 153 151 59 0 2 0 14 76227 -1 -1 -1 -1 -1 -1)
#(0 153 1308 55 0 2 0 15 83247 -1 -1 -1 -1 -1 -1)
#(0 153 538 62 0 3 0 15 83111 -1 -1 -1 -1 -1 -1)
#(0 153 911 74 0 3 0 17 92667 -1 -1 -1 -1 -1 -1)
#(0 153 143 69 0 2 0 18 98060 -1 -1 -1 -1 -1 -1)
#(0 153 154 61 0 1 0 22 118291 -1 -1 -1 -1 -1 -1)
#(0 153 1925 23 0 0 0 23 121820 -1 -1 -1 -1 -1 -1)
#(0 153 920 62 0 2 0 24 128746 -1 -1 -1 -1 -1 -1)
#(0 153 1928 32 0 0 0 26 137805 -1 -1 -1 -1 -1 -1)
#(0 153 1637 36 0 3 0 27 144495 -1 -1 -1 -1 -1 -1)
#(0 153 528 59 0 2 0 29 155925 -1 -1 -1 -1 -1 -1)
#(0 153 138 61 0 3 0 30 161457 -1 -1 -1 -1 -1 -1)
#(0 153 1641 53 0 1 0 34 182293 -1 -1 -1 -1 -1 -1)
#(0 153 917 57 0 3 0 35 186129 -1 -1 -1 -1 -1 -1)
#(0 153 547 55 0 2 0 38 203964 -1 -1 -1 -1 -1 -1)
#(0 153 1921 26 0 0 0 40 211630 -1 -1 -1 -1 -1 -1)
#(0 153 144 60 0 3 0 43 228918 -1 -1 -1 -1 -1 -1)
#(0 153 916 66 0 2 0 47 251639 -1 -1 -1 -1 -1 -1)
#(0 153 137 63 0 2 0 47 252733 -1 -1 -1 -1 -1 -1)
#(0 153 136 71 0 1 0 52 277044 -1 -1 -1 -1 -1 -1)
#(4 153 136 -1 0 -1 -1 -1 -1 56 0 0 0 0 -1)
#(0 153 913 63 0 1 0 54 287525 -1 -1 -1 -1 -1 -1)
#(0 153 142 62 0 3 0 55 293143 -1 -1 -1 -1 -1 -1)
#(0 153 148 51 0 3 0 60 321864 -1 -1 -1 -1 -1 -1)
#(0 153 1636 24 0 2 0 69 365586 -1 -1 -1 -1 -1 -1)
#(0 153 1311 62 0 2 0 75 400753 -1 -1 -1 -1 -1 -1)
#(0 153 1314 51 0 2 1 98 519175 -1 -1 -1 -1 -1 -1)
#(0 153 1640 21 0 2 1 98 521674 -1 -1 -1 -1 -1 -1)
#(0 153 1922 34 0 0 1 96 511590 -1 -1 -1 -1 -1 -1)
#(0 153 1309 50 0 2 1 93 492807 -1 -1 -1 -1 -1 -1)
#(0 153 1918 21 0 0 1 90 480136 -1 -1 -1 -1 -1 -1)
#(0 153 1634 39 0 2 1 90 478394 -1 -1 -1 -1 -1 -1)
#(0 153 914 63 0 2 1 88 466973 -1 -1 -1 -1 -1 -1)
#(0 153 152 64 0 1 1 88 467127 -1 -1 -1 -1 -1 -1)
#(0 153 1643 35 0 1 1 88 468111 -1 -1 -1 -1 -1 -1)
#(0 153 1635 20 0 2 1 85 453032 -1 -1 -1 -1 -1 -1)
#(0 153 1916 27 0 0 1 84 448360 -1 -1 -1 -1 -1 -1)
#(0 153 146 59 0 3 1 84 446209 -1 -1 -1 -1 -1 -1)
#(0 153 1639 30 0 2 1 84 447240 -1 -1 -1 -1 -1 -1)
#(0 153 1924 33 0 0 1 83 442970 -1 -1 -1 -1 -1 -1)
#(0 153 1313 43 0 1 1 83 440613 -1 -1 -1 -1 -1 -1)
#(0 153 145 55 0 3 1 82 437678 -1 -1 -1 -1 -1 -1)
#(0 153 1645 33 0 2 1 81 431304 -1 -1 -1 -1 -1 -1)
#(0 153 540 60 0 1 1 79 418055 -1 -1 -1 -1 -1 -1)
#(0 153 1304 40 0 2 1 77 409048 -1 -1 -1 -1 -1 -1)
#(0 153 149 59 0 1 1 77 410120 -1 -1 -1 -1 -1 -1)
#(0 153 1305 51 0 1 1 71 376536 -1 -1 -1 -1 -1 -1)
#(0 153 1923 23 0 0 1 68 363941 -1 -1 -1 -1 -1 -1)
#(0 153 543 53 0 2 1 66 350642 -1 -1 -1 -1 -1 -1)
#(0 153 1926 25 0 0 1 65 348081 -1 -1 -1 -1 -1 -1)
#(0 153 1920 28 0 0 1 63 337458 -1 -1 -1 -1 -1 -1)
#(0 153 918 57 0 3 1 61 325712 -1 -1 -1 -1 -1 -1)
#(0 153 536 44 0 2 1 58 309961 -1 -1 -1 -1 -1 -1)
#(0 153 1306 43 0 1 1 57 303327 -1 -1 -1 -1 -1 -1)
#(0 153 1310 59 0 2 1 55 291450 -1 -1 -1 -1 -1 -1)
#(0 153 1312 67 0 2 1 53 285089 -1 -1 -1 -1 -1 -1)
#(0 153 541 57 0 2 1 53 281006 -1 -1 -1 -1 -1 -1)
#(0 153 1919 27 0 0 1 50 268828 -1 -1 -1 -1 -1 -1)
#(0 153 546 59 0 1 1 50 264923 -1 -1 -1 -1 -1 -1)
#(0 153 1927 29 0 0 1 47 252964 -1 -1 -1 -1 -1 -1)
#(0 153 139 55 0 3 1 42 226985 -1 -1 -1 -1 -1 -1)
#(0 153 921 51 0 2 1 35 189579 -1 -1 -1 -1 -1 -1)
#(0 153 140 59 0 1 1 23 124886 -1 -1 -1 -1 -1 -1)
#(0 153 544 51 0 1 1 17 92142 -1 -1 -1 -1 -1 -1)
#(0 153 1646 38 0 2 1 17 93110 -1 -1 -1 -1 -1 -1)
#(0 154 545 56 0 3 0 1 9092 -1 -1 -1 -1 -1 -1)
#(0 154 910 70 0 1 0 1 6499 -1 -1 -1 -1 -1 -1)
#(0 154 555 44 0 1 0 3 17414 -1 -1 -1 -1 -1 -1)
#(0 154 160 44 0 3 0 4 24695 -1 -1 -1 -1 -1 -1)
#(0 154 553 59 0 3 0 7 41946 -1 -1 -1 -1 -1 -1)
#(0 154 542 64 0 1 0 10 58073 -1 -1 -1 -1 -1 -1)
#(0 154 161 44 0 3 0 11 61646 -1 -1 -1 -1 -1 -1)
#(0 154 1937 22 0 0 0 12 63700 -1 -1 -1 -1 -1 -1)
#(0 154 554 44 0 2 0 12 64854 -1 -1 -1 -1 -1 -1)
#(4 154 554 -1 0 -1 -1 -1 -1 57 0 0 0 0 -1)
#(0 154 1321 53 0 3 0 13 72115 -1 -1 -1 -1 -1 -1)
#(0 154 1322 54 0 2 0 14 78023 -1 -1 -1 -1 -1 -1)
#(0 154 556 63 0 3 0 14 77928 -1 -1 -1 -1 -1 -1)
#(0 154 1320 55 0 2 0 16 88544 -1 -1 -1 -1 -1 -1)
#(0 154 923 57 0 2 0 16 85983 -1 -1 -1 -1 -1 -1)
#(0 154 1930 24 0 0 0 17 90158 -1 -1 -1 -1 -1 -1)
#(0 154 153 62 0 1 0 17 93302 -1 -1 -1 -1 -1 -1)
#(0 154 158 49 0 2 0 18 99955 -1 -1 -1 -1 -1 -1)
#(0 154 162 59 0 2 0 20 107178 -1 -1 -1 -1 -1 -1)
#(0 154 1648 27 0 2 0 20 107005 -1 -1 -1 -1 -1 -1)
#(0 154 922 51 0 2 0 21 111460 -1 -1 -1 -1 -1 -1)
#(0 154 549 75 0 3 0 21 112158 -1 -1 -1 -1 -1 -1)
#(0 154 561 58 0 3 0 21 115164 -1 -1 -1 -1 -1 -1)
#(0 154 933 67 0 3 0 23 124367 -1 -1 -1 -1 -1 -1)
#(0 154 1316 63 0 2 0 24 131458 -1 -1 -1 -1 -1 -1)
#(0 154 557 67 0 3 0 26 142308 -1 -1 -1 -1 -1 -1)
#(0 154 1323 59 0 3 0 26 141770 -1 -1 -1 -1 -1 -1)
#(0 154 1331 54 0 1 0 27 146432 -1 -1 -1 -1 -1 -1)
#(0 154 150 68 0 1 0 30 162381 -1 -1 -1 -1 -1 -1)
#(0 154 1317 44 0 1 0 30 161379 -1 -1 -1 -1 -1 -1)
#(0 154 1932 20 0 0 0 34 179852 -1 -1 -1 -1 -1 -1)
#(0 154 1653 34 0 1 0 40 212930 -1 -1 -1 -1 -1 -1)
#(0 154 932 61 0 2 0 40 212756 -1 -1 -1 -1 -1 -1)
#(0 154 924 64 0 1 0 46 245474 -1 -1 -1 -1 -1 -1)
#(0 154 533 56 0 2 0 49 261412 -1 -1 -1 -1 -1 -1)
#(0 154 1319 57 0 1 0 50 268250 -1 -1 -1 -1 -1 -1)
#(0 154 157 50 0 2 0 52 279668 -1 -1 -1 -1 -1 -1)
#(0 154 929 68 0 3 0 57 302467 -1 -1 -1 -1 -1 -1)
#(0 154 167 44 0 1 0 60 320231 -1 -1 -1 -1 -1 -1)
#(0 154 1326 43 0 2 0 62 330244 -1 -1 -1 -1 -1 -1)
#(0 154 926 55 0 3 0 72 381132 -1 -1 -1 -1 -1 -1)
#(0 154 165 44 0 2 1 98 519177 -1 -1 -1 -1 -1 -1)
#(0 154 558 63 0 2 1 97 513253 -1 -1 -1 -1 -1 -1)
#(0 154 934 47 0 2 1 95 506464 -1 -1 -1 -1 -1 -1)
#(0 154 1324 50 0 2 1 94 498345 -1 -1 -1 -1 -1 -1)
#(0 154 925 44 0 2 1 94 496716 -1 -1 -1 -1 -1 -1)
#(0 154 550 51 0 3 1 93 494156 -1 -1 -1 -1 -1 -1)
#(0 154 1649 26 0 2 1 92 489642 -1 -1 -1 -1 -1 -1)
#(0 154 1328 43 0 1 1 91 482853 -1 -1 -1 -1 -1 -1)
#(0 154 166 55 0 2 1 90 479838 -1 -1 -1 -1 -1 -1)
#(0 154 931 60 0 1 1 90 479029 -1 -1 -1 -1 -1 -1)
#(0 154 170 51 0 2 1 86 454325 -1 -1 -1 -1 -1 -1)
#(0 154 159 54 0 2 1 84 446638 -1 -1 -1 -1 -1 -1)
#(0 154 1318 67 0 2 1 79 417356 -1 -1 -1 -1 -1 -1)
#(0 154 1650 32 0 2 1 77 410197 -1 -1 -1 -1 -1 -1)
#(0 154 936 53 0 2 1 75 400272 -1 -1 -1 -1 -1 -1)
#(0 154 562 57 0 2 1 73 386661 -1 -1 -1 -1 -1 -1)
#(0 154 928 52 0 3 1 73 385542 -1 -1 -1 -1 -1 -1)
#(0 154 1329 53 0 3 1 70 370959 -1 -1 -1 -1 -1 -1)
#(0 154 551 43 0 2 1 70 371691 -1 -1 -1 -1 -1 -1)
#(0 154 559 62 0 2 1 69 364698 -1 -1 -1 -1 -1 -1)
#(0 154 930 59 0 2 1 64 341574 -1 -1 -1 -1 -1 -1)
#(0 154 156 54 0 3 1 63 337346 -1 -1 -1 -1 -1 -1)
#(0 154 1647 28 0 2 1 60 320608 -1 -1 -1 -1 -1 -1)
#(0 154 1936 25 0 0 1 59 316400 -1 -1 -1 -1 -1 -1)
#(0 154 1325 55 0 2 1 59 312504 -1 -1 -1 -1 -1 -1)
#(0 154 168 61 0 2 1 48 256846 -1 -1 -1 -1 -1 -1)
#(0 154 927 51 0 2 1 46 247603 -1 -1 -1 -1 -1 -1)
#(0 154 1652 26 0 3 1 44 236246 -1 -1 -1 -1 -1 -1)
#(0 154 935 57 0 1 1 43 230835 -1 -1 -1 -1 -1 -1)
#(0 154 548 67 0 2 1 29 157778 -1 -1 -1 -1 -1 -1)
#(0 154 1935 29 0 0 1 26 142084 -1 -1 -1 -1 -1 -1)
#(0 154 164 63 0 2 1 26 139687 -1 -1 -1 -1 -1 -1)
#(0 154 937 70 0 2 1 25 133957 -1 -1 -1 -1 -1 -1)
#(0 154 1330 70 0 3 1 21 116002 -1 -1 -1 -1 -1 -1)
#(0 155 1940 27 0 0 0 2 11005 -1 -1 -1 -1 -1 -1)
#(0 155 941 52 0 2 0 3 17292 -1 -1 -1 -1 -1 -1)
#(0 155 572 56 0 3 0 4 25351 -1 -1 -1 -1 -1 -1)
#(0 155 1656 46 0 2 0 4 23540 -1 -1 -1 -1 -1 -1)
#(0 155 169 55 0 1 0 4 26155 -1 -1 -1 -1 -1 -1)
#(0 155 569 51 0 2 0 6 34407 -1 -1 -1 -1 -1 -1)
#(0 155 575 63 0 2 0 7 41875 -1 -1 -1 -1 -1 -1)
#(0 155 948 50 0 2 0 12 64568 -1 -1 -1 -1 -1 -1)
#(0 155 567 55 0 3 0 13 72426 -1 -1 -1 -1 -1 -1)
#(0 155 946 60 0 3 0 13 71232 -1 -1 -1 -1 -1 -1)
#(0 155 1661 26 0 2 0 14 75350 -1 -1 -1 -1 -1 -1)
#(0 155 1327 59 0 2 0 14 78242 -1 -1 -1 -1 -1 -1)
#(0 155 1934 24 0 0 0 17 90148 -1 -1 -1 -1 -1 -1)
#(0 155 1662 33 0 3 0 17 91479 -1 -1 -1 -1 -1 -1)
#(0 155 176 60 0 3 0 19 103289 -1 -1 -1 -1 -1 -1)
#(0 155 950 68 0 1 0 19 102719 -1 -1 -1 -1 -1 -1)
#(0 155 566 58 0 3 0 20 109848 -1 -1 -1 -1 -1 -1)
#(0 155 1341 60 0 3 0 22 120768 -1 -1 -1 -1 -1 -1)
#(0 155 1944 23 0 0 0 24 127089 -1 -1 -1 -1 -1 -1)
#(0 155 949 54 0 2 0 24 127762 -1 -1 -1 -1 -1 -1)
#(0 155 1340 53 0 3 0 28 151453 -1 -1 -1 -1 -1 -1)
#(0 155 171 59 0 2 0 38 202487 -1 -1 -1 -1 -1 -1)
#(0 155 954 54 0 2 0 41 217619 -1 -1 -1 -1 -1 -1)
#(0 155 576 57 0 2 0 45 241515 -1 -1 -1 -1 -1 -1)
#(0 155 1342 55 0 3 0 47 252290 -1 -1 -1 -1 -1 -1)
#(0 155 1665 30 0 2 0 48 254983 -1 -1 -1 -1 -1 -1)
#(0 155 552 62 0 1 0 49 262051 -1 -1 -1 -1 -1 -1)
#(0 155 1333 59 0 2 0 49 263193 -1 -1 -1 -1 -1 -1)
#(0 155 942 51 0 2 0 52 275103 -1 -1 -1 -1 -1 -1)
#(0 155 564 57 0 2 0 55 294352 -1 -1 -1 -1 -1 -1)
#(0 155 1334 55 0 2 0 56 299880 -1 -1 -1 -1 -1 -1)
#(0 155 940 59 0 1 0 62 329163 -1 -1 -1 -1 -1 -1)
#(0 155 1337 64 0 3 0 66 353548 -1 -1 -1 -1 -1 -1)
#(0 155 1663 20 0 2 0 75 397035 -1 -1 -1 -1 -1 -1)
#(0 155 1658 38 0 3 0 87 461334 -1 -1 -1 -1 -1 -1)
#(0 155 1943 20 0 0 1 99 527683 -1 -1 -1 -1 -1 -1)
#(0 155 1939 26 0 0 1 98 522285 -1 -1 -1 -1 -1 -1)
#(0 155 574 51 0 2 1 98 520076 -1 -1 -1 -1 -1 -1)
#(0 155 1660 39 0 2 1 96 510149 -1 -1 -1 -1 -1 -1)
#(0 155 938 67 0 1 1 92 488296 -1 -1 -1 -1 -1 -1)
#(0 155 1933 17 0 0 1 90 480183 -1 -1 -1 -1 -1 -1)
#(0 155 1654 39 0 3 1 90 478426 -1 -1 -1 -1 -1 -1)
#(0 155 570 59 0 2 1 88 465654 -1 -1 -1 -1 -1 -1)
#(0 155 180 54 0 3 1 87 464135 -1 -1 -1 -1 -1 -1)
#(0 155 943 64 0 2 1 87 462331 -1 -1 -1 -1 -1 -1)
#(0 155 952 65 0 1 1 85 451098 -1 -1 -1 -1 -1 -1)
#(0 155 1651 20 0 2 1 85 453049 -1 -1 -1 -1 -1 -1)
#(0 155 1339 57 0 2 1 85 449742 -1 -1 -1 -1 -1 -1)
#(0 155 944 44 0 1 1 83 438596 -1 -1 -1 -1 -1 -1)
#(0 155 155 61 0 2 1 82 436451 -1 -1 -1 -1 -1 -1)
#(0 155 1941 23 0 0 1 80 427304 -1 -1 -1 -1 -1 -1)
#(0 155 1336 50 0 3 1 79 418549 -1 -1 -1 -1 -1 -1)
#(0 155 573 57 0 1 1 77 408010 -1 -1 -1 -1 -1 -1)
#(0 155 1657 29 0 2 1 76 405030 -1 -1 -1 -1 -1 -1)
#(0 155 563 55 0 2 1 72 381588 -1 -1 -1 -1 -1 -1)
#(0 155 568 44 0 1 1 71 378577 -1 -1 -1 -1 -1 -1)
#(0 155 178 44 0 3 1 70 371414 -1 -1 -1 -1 -1 -1)
#(0 155 173 67 0 3 1 68 360369 -1 -1 -1 -1 -1 -1)
#(0 155 1338 54 0 1 1 68 360397 -1 -1 -1 -1 -1 -1)
#(0 155 1942 28 0 0 1 67 358582 -1 -1 -1 -1 -1 -1)
#(0 155 1931 26 0 0 1 65 348051 -1 -1 -1 -1 -1 -1)
#(0 155 1664 36 0 1 1 65 346585 -1 -1 -1 -1 -1 -1)
#(0 155 1659 38 0 1 1 64 341193 -1 -1 -1 -1 -1 -1)
#(0 155 945 55 0 3 1 63 337024 -1 -1 -1 -1 -1 -1)
#(0 155 565 57 0 1 1 63 333794 -1 -1 -1 -1 -1 -1)
#(0 155 571 50 0 2 1 57 302274 -1 -1 -1 -1 -1 -1)
#(0 155 1315 51 0 2 1 57 302907 -1 -1 -1 -1 -1 -1)
#(0 155 1938 27 0 0 1 52 279388 -1 -1 -1 -1 -1 -1)
#(0 155 177 64 0 2 1 50 266359 -1 -1 -1 -1 -1 -1)
#(0 155 1335 59 0 3 1 49 259449 -1 -1 -1 -1 -1 -1)
#(0 155 1655 37 0 1 1 47 251492 -1 -1 -1 -1 -1 -1)
#(0 155 939 51 0 2 1 45 242247 -1 -1 -1 -1 -1 -1)
#(0 155 951 44 0 1 1 38 201003 -1 -1 -1 -1 -1 -1)
#(0 155 172 51 0 1 1 27 142754 -1 -1 -1 -1 -1 -1)
#(0 156 187 56 0 2 0 3 17776 -1 -1 -1 -1 -1 -1)
#(0 156 577 68 0 1 0 4 26208 -1 -1 -1 -1 -1 -1)
#(2 156 577 -1 -1 -1 -1 -1 -1 58 -1 -1 -1 -1 -1)
#(0 156 182 60 0 3 0 6 35121 -1 -1 -1 -1 -1 -1)
#(0 156 1349 62 0 3 0 6 36272 -1 -1 -1 -1 -1 -1)
#(0 156 1957 34 0 0 0 9 48079 -1 -1 -1 -1 -1 -1)
#(0 156 163 44 0 3 0 11 61496 -1 -1 -1 -1 -1 -1)
#(0 156 582 59 0 2 0 15 83019 -1 -1 -1 -1 -1 -1)
#(0 156 193 67 0 1 0 15 82622 -1 -1 -1 -1 -1 -1)
#(0 156 589 55 0 2 0 19 103717 -1 -1 -1 -1 -1 -1)
#(0 156 1345 44 0 2 0 20 108580 -1 -1 -1 -1 -1 -1)
#(0 156 190 69 0 2 0 25 135001 -1 -1 -1 -1 -1 -1)
#(0 156 958 58 0 2 0 25 133644 -1 -1 -1 -1 -1 -1)
#(0 156 1668 25 0 3 0 27 143893 -1 -1 -1 -1 -1 -1)
#(0 156 957 51 0 2 0 28 148505 -1 -1 -1 -1 -1 -1)
#(0 156 580 57 0 2 0 28 151614 -1 -1 -1 -1 -1 -1)
#(0 156 584 51 0 3 0 32 172819 -1 -1 -1 -1 -1 -1)
#(0 156 1947 25 0 0 0 33 174651 -1 -1 -1 -1 -1 -1)
#(0 156 1955 20 0 0 0 34 179843 -1 -1 -1 -1 -1 -1)
#(0 156 1673 41 0 2 0 35 186986 -1 -1 -1 -1 -1 -1)
#(0 156 1344 61 0 2 0 35 189400 -1 -1 -1 -1 -1 -1)
#(0 156 581 44 0 2 0 37 196952 -1 -1 -1 -1 -1 -1)
#(0 156 1950 26 0 0 0 38 201074 -1 -1 -1 -1 -1 -1)
#(0 156 175 55 0 2 0 38 201302 -1 -1 -1 -1 -1 -1)
#(0 156 585 54 0 3 0 39 209409 -1 -1 -1 -1 -1 -1)
#(0 156 588 44 0 2 0 42 223343 -1 -1 -1 -1 -1 -1)
#(0 156 1948 29 0 0 0 43 227527 -1 -1 -1 -1 -1 -1)
#(0 156 1671 27 0 3 0 44 233718 -1 -1 -1 -1 -1 -1)
#(0 156 1667 50 0 3 0 45 240278 -1 -1 -1 -1 -1 -1)
#(0 156 1675 41 0 3 0 47 250246 -1 -1 -1 -1 -1 -1)
#(0 156 1946 34 0 0 0 51 269865 -1 -1 -1 -1 -1 -1)
#(0 156 1351 55 0 2 0 54 289058 -1 -1 -1 -1 -1 -1)
#(0 156 1666 52 0 3 0 56 298425 -1 -1 -1 -1 -1 -1)
#(0 156 1674 36 0 2 0 59 313398 -1 -1 -1 -1 -1 -1)
#(0 156 959 59 0 2 0 74 392553 -1 -1 -1 -1 -1 -1)
#(0 156 1346 51 0 1 1 99 524371 -1 -1 -1 -1 -1 -1)
#(0 156 956 61 0 1 1 96 510055 -1 -1 -1 -1 -1 -1)
#(0 156 174 44 0 2 1 91 482240 -1 -1 -1 -1 -1 -1)
#(0 156 587 51 0 1 1 89 472355 -1 -1 -1 -1 -1 -1)
#(0 156 1956 27 0 0 1 88 469464 -1 -1 -1 -1 -1 -1)
#(0 156 947 58 0 3 1 87 462934 -1 -1 -1 -1 -1 -1)
#(0 156 1953 30 0 0 1 86 458855 -1 -1 -1 -1 -1 -1)
#(0 156 192 56 0 1 1 86 458207 -1 -1 -1 -1 -1 -1)
#(0 156 1949 30 0 0 1 85 453571 -1 -1 -1 -1 -1 -1)
#(0 156 189 59 0 3 1 85 453261 -1 -1 -1 -1 -1 -1)
#(0 156 188 55 0 2 1 84 448038 -1 -1 -1 -1 -1 -1)
#(0 156 962 63 0 2 1 84 446197 -1 -1 -1 -1 -1 -1)
#(0 156 1945 28 0 0 1 82 437762 -1 -1 -1 -1 -1 -1)
#(0 156 191 64 0 3 1 79 419574 -1 -1 -1 -1 -1 -1)
#(0 156 1952 25 0 0 1 78 416713 -1 -1 -1 -1 -1 -1)
#(0 156 181 59 0 3 1 74 394155 -1 -1 -1 -1 -1 -1)
#(0 156 960 57 0 1 1 72 385282 -1 -1 -1 -1 -1 -1)
#(0 156 1332 54 0 2 1 70 370845 -1 -1 -1 -1 -1 -1)
#(0 156 560 51 0 2 1 69 366724 -1 -1 -1 -1 -1 -1)
#(0 156 1352 39 0 1 1 66 351036 -1 -1 -1 -1 -1 -1)
#(0 156 579 61 0 2 1 63 333617 -1 -1 -1 -1 -1 -1)
#(0 156 1347 67 0 1 1 62 332561 -1 -1 -1 -1 -1 -1)
#(0 156 1951 30 0 0 1 60 321575 -1 -1 -1 -1 -1 -1)
#(0 156 1348 62 0 2 1 58 306704 -1 -1 -1 -1 -1 -1)
#(0 156 183 67 0 3 1 56 296784 -1 -1 -1 -1 -1 -1)
#(0 156 184 62 0 2 1 50 267072 -1 -1 -1 -1 -1 -1)
#(0 156 1669 30 0 2 1 47 251907 -1 -1 -1 -1 -1 -1)
#(0 156 1672 45 0 2 1 46 245851 -1 -1 -1 -1 -1 -1)
#(0 156 1343 55 0 3 1 44 233529 -1 -1 -1 -1 -1 -1)
#(0 156 1959 26 0 0 1 31 168544 -1 -1 -1 -1 -1 -1)
#(0 156 1958 26 0 0 1 28 152696 -1 -1 -1 -1 -1 -1)
#(0 156 1350 64 0 2 1 23 121872 -1 -1 -1 -1 -1 -1)
#(0 156 186 75 0 2 1 18 100211 -1 -1 -1 -1 -1 -1)
#(0 157 601 62 0 3 0 5 31070 -1 -1 -1 -1 -1 -1)
#(0 157 194 53 0 2 0 7 37524 -1 -1 -1 -1 -1 -1)
#(0 157 973 51 0 2 0 10 53409 -1 -1 -1 -1 -1 -1)
#(0 157 1682 35 0 2 0 11 59865 -1 -1 -1 -1 -1 -1)
#(0 157 592 44 0 1 0 11 59691 -1 -1 -1 -1 -1 -1)
#(0 157 179 62 0 2 0 12 63853 -1 -1 -1 -1 -1 -1)
#(0 157 1687 33 0 3 0 12 65253 -1 -1 -1 -1 -1 -1)
#(0 157 1670 27 0 2 0 14 75333 -1 -1 -1 -1 -1 -1)
#(0 157 1358 56 0 2 0 18 99837 -1 -1 -1 -1 -1 -1)
#(0 157 1353 57 0 2 0 19 104674 -1 -1 -1 -1 -1 -1)
#(0 157 1683 28 0 2 0 20 107023 -1 -1 -1 -1 -1 -1)
#(0 157 1368 51 0 2 0 25 135877 -1 -1 -1 -1 -1 -1)
#(0 157 1685 46 0 3 0 30 160768 -1 -1 -1 -1 -1 -1)
#(0 157 1686 49 0 2 0 34 182026 -1 -1 -1 -1 -1 -1)
#(0 157 597 63 0 1 0 34 184279 -1 -1 -1 -1 -1 -1)
#(0 157 598 57 0 2 0 35 189005 -1 -1 -1 -1 -1 -1)
#(0 157 1684 35 0 2 0 36 191903 -1 -1 -1 -1 -1 -1)
#(0 157 1963 27 0 0 0 38 201077 -1 -1 -1 -1 -1 -1)
#(0 157 596 66 0 3 0 39 205933 -1 -1 -1 -1 -1 -1)
#(0 157 1965 23 0 0 0 41 216855 -1 -1 -1 -1 -1 -1)
#(0 157 1678 30 0 2 0 41 218041 -1 -1 -1 -1 -1 -1)
#(0 157 1961 23 0 0 0 46 243270 -1 -1 -1 -1 -1 -1)
#(0 157 1366 66 0 1 0 46 242911 -1 -1 -1 -1 -1 -1)
#(0 157 196 59 0 3 0 46 244080 -1 -1 -1 -1 -1 -1)
#(0 157 593 59 0 2 0 47 252556 -1 -1 -1 -1 -1 -1)
#(0 157 1356 73 0 2 0 49 263801 -1 -1 -1 -1 -1 -1)
#(0 157 969 57 0 1 0 52 275459 -1 -1 -1 -1 -1 -1)
#(0 157 1363 44 0 2 0 56 298624 -1 -1 -1 -1 -1 -1)
#(0 157 974 59 0 1 0 60 318653 -1 -1 -1 -1 -1 -1)
#(0 157 1677 34 0 2 0 66 350258 -1 -1 -1 -1 -1 -1)
#(0 157 966 71 0 2 0 81 431616 -1 -1 -1 -1 -1 -1)
#(0 157 1362 70 0 2 0 84 443830 -1 -1 -1 -1 -1 -1)
#(0 157 1967 20 0 0 1 99 527682 -1 -1 -1 -1 -1 -1)
#(0 157 578 49 0 3 1 98 520536 -1 -1 -1 -1 -1 -1)
#(0 157 1367 67 0 1 1 98 518344 -1 -1 -1 -1 -1 -1)
#(0 157 963 57 0 1 1 97 515837 -1 -1 -1 -1 -1 -1)
#(0 157 198 60 0 2 1 94 499459 -1 -1 -1 -1 -1 -1)
#(0 157 968 45 0 3 1 91 485521 -1 -1 -1 -1 -1 -1)
#(0 157 1964 16 0 0 1 90 480222 -1 -1 -1 -1 -1 -1)
#(0 157 591 61 0 1 1 90 477000 -1 -1 -1 -1 -1 -1)
#(0 157 1355 54 0 3 1 88 465918 -1 -1 -1 -1 -1 -1)
#(0 157 953 53 0 3 1 87 463636 -1 -1 -1 -1 -1 -1)
#(0 157 964 43 0 1 1 86 454507 -1 -1 -1 -1 -1 -1)
#(0 157 595 61 0 2 1 86 454713 -1 -1 -1 -1 -1 -1)
#(0 157 1364 54 0 1 1 85 450105 -1 -1 -1 -1 -1 -1)
#(0 157 590 55 0 3 1 83 438456 -1 -1 -1 -1 -1 -1)
#(0 157 970 57 0 1 1 81 431446 -1 -1 -1 -1 -1 -1)
#(0 157 1966 23 0 0 1 80 427316 -1 -1 -1 -1 -1 -1)
#(0 157 1361 54 0 2 1 76 402626 -1 -1 -1 -1 -1 -1)
#(0 157 967 51 0 1 1 74 395349 -1 -1 -1 -1 -1 -1)
#(0 157 602 57 0 3 1 73 385823 -1 -1 -1 -1 -1 -1)
#(0 157 197 44 0 2 1 72 381869 -1 -1 -1 -1 -1 -1)
#(0 157 1676 39 0 2 1 72 383356 -1 -1 -1 -1 -1 -1)
#(0 157 1354 67 0 3 1 68 359720 -1 -1 -1 -1 -1 -1)
#(0 157 600 59 0 1 1 66 352550 -1 -1 -1 -1 -1 -1)
#(0 157 972 44 0 1 1 66 348901 -1 -1 -1 -1 -1 -1)
#(0 157 961 75 0 3 1 63 335042 -1 -1 -1 -1 -1 -1)
#(0 157 1679 25 0 2 1 62 331295 -1 -1 -1 -1 -1 -1)
#(0 157 195 51 0 2 1 61 322183 -1 -1 -1 -1 -1 -1)
#(0 157 1954 22 0 0 1 60 321722 -1 -1 -1 -1 -1 -1)
#(0 157 1962 23 0 0 1 58 311130 -1 -1 -1 -1 -1 -1)
#(0 157 975 53 0 1 1 58 310154 -1 -1 -1 -1 -1 -1)
#(0 157 1680 45 0 2 1 57 303919 -1 -1 -1 -1 -1 -1)
#(0 157 1681 27 0 2 1 54 289004 -1 -1 -1 -1 -1 -1)
#(0 157 200 65 0 2 1 52 278115 -1 -1 -1 -1 -1 -1)
#(0 157 1960 23 0 0 1 44 237210 -1 -1 -1 -1 -1 -1)
#(0 157 1365 56 0 2 1 44 233680 -1 -1 -1 -1 -1 -1)
#(0 157 1359 62 0 2 1 40 211677 -1 -1 -1 -1 -1 -1)
#(0 157 594 65 0 3 1 39 209996 -1 -1 -1 -1 -1 -1)
#(0 157 1360 55 0 2 1 38 201922 -1 -1 -1 -1 -1 -1)
#(0 157 955 70 0 1 1 37 199211 -1 -1 -1 -1 -1 -1)
#(0 157 965 44 0 2 1 32 169304 -1 -1 -1 -1 -1 -1)
#(0 158 1380 70 0 2 0 0 5267 -1 -1 -1 -1 -1 -1)
#(0 158 982 51 0 3 0 2 11186 -1 -1 -1 -1 -1 -1)
#(0 158 1698 20 0 3 0 2 11584 -1 -1 -1 -1 -1 -1)
#(0 158 599 59 0 2 0 4 25280 -1 -1 -1 -1 -1 -1)
#(0 158 1690 46 0 2 0 4 23568 -1 -1 -1 -1 -1 -1)
#(0 158 987 61 0 2 0 5 28219 -1 -1 -1 -1 -1 -1)
#(0 158 1701 31 0 2 0 7 38540 -1 -1 -1 -1 -1 -1)
#(0 158 983 74 0 2 0 8 44426 -1 -1 -1 -1 -1 -1)
#(0 158 605 59 0 3 0 10 57221 -1 -1 -1 -1 -1 -1)
#(0 158 980 53 0 3 0 11 59212 -1 -1 -1 -1 -1 -1)
#(0 158 1972 20 0 0 0 12 63688 -1 -1 -1 -1 -1 -1)
#(0 158 1692 24 0 3 0 14 75171 -1 -1 -1 -1 -1 -1)
#(0 158 1689 21 0 2 0 16 85543 -1 -1 -1 -1 -1 -1)
#(0 158 1382 57 0 3 0 17 94037 -1 -1 -1 -1 -1 -1)
#(0 158 1696 34 0 3 0 17 91608 -1 -1 -1 -1 -1 -1)
#(0 158 1969 23 0 0 0 18 95430 -1 -1 -1 -1 -1 -1)
#(0 158 1377 58 0 3 0 18 99544 -1 -1 -1 -1 -1 -1)
#(0 158 1370 59 0 2 0 19 104716 -1 -1 -1 -1 -1 -1)
#(0 158 1975 32 0 0 0 26 137807 -1 -1 -1 -1 -1 -1)
#(4 158 1975 -1 0 -1 -1 -1 -1 59 0 0 0 0 -1)
#(0 158 1371 63 0 2 0 26 141845 -1 -1 -1 -1 -1 -1)
#(0 158 202 54 0 2 0 27 143241 -1 -1 -1 -1 -1 -1)
#(0 158 1976 20 0 0 0 28 148156 -1 -1 -1 -1 -1 -1)
#(0 158 1968 23 0 0 0 33 174621 -1 -1 -1 -1 -1 -1)
#(0 158 1372 55 0 2 0 36 194103 -1 -1 -1 -1 -1 -1)
#(0 158 583 57 0 2 0 37 198527 -1 -1 -1 -1 -1 -1)
#(0 158 1970 23 0 0 0 39 206310 -1 -1 -1 -1 -1 -1)
#(0 158 586 71 0 4 0 39 210623 -1 -1 -1 -1 -1 -1)
#(0 158 1378 57 0 2 0 40 215480 -1 -1 -1 -1 -1 -1)
#(0 158 1695 20 0 3 0 41 217481 -1 -1 -1 -1 -1 -1)
#(0 158 210 64 0 2 0 50 266803 -1 -1 -1 -1 -1 -1)
#(0 158 989 55 0 1 0 53 280679 -1 -1 -1 -1 -1 -1)
#(0 158 608 67 0 2 0 60 317425 -1 -1 -1 -1 -1 -1)
#(0 158 606 62 0 2 0 69 369322 -1 -1 -1 -1 -1 -1)
#(0 158 613 44 0 2 0 71 376376 -1 -1 -1 -1 -1 -1)
#(0 158 207 57 0 2 0 92 487058 -1 -1 -1 -1 -1 -1)
#(0 158 1700 55 0 1 1 95 504032 -1 -1 -1 -1 -1 -1)
#(0 158 1383 53 0 1 1 94 498072 -1 -1 -1 -1 -1 -1)
#(0 158 986 51 0 3 1 92 490465 -1 -1 -1 -1 -1 -1)
#(0 158 1376 50 0 2 1 91 482480 -1 -1 -1 -1 -1 -1)
#(0 158 604 57 0 2 1 89 471694 -1 -1 -1 -1 -1 -1)
#(0 158 1357 53 0 2 1 88 465980 -1 -1 -1 -1 -1 -1)
#(0 158 1374 54 0 2 1 87 460458 -1 -1 -1 -1 -1 -1)
#(0 158 1693 34 0 2 1 87 462787 -1 -1 -1 -1 -1 -1)
#(0 158 607 62 0 1 1 87 459939 -1 -1 -1 -1 -1 -1)
#(0 158 1688 32 0 3 1 86 457710 -1 -1 -1 -1 -1 -1)
#(0 158 611 62 0 1 1 85 449624 -1 -1 -1 -1 -1 -1)
#(0 158 1381 43 0 2 1 83 440643 -1 -1 -1 -1 -1 -1)
#(0 158 208 53 0 2 1 83 438258 -1 -1 -1 -1 -1 -1)
#(0 158 205 51 0 2 1 82 433132 -1 -1 -1 -1 -1 -1)
#(0 158 209 57 0 2 1 78 415388 -1 -1 -1 -1 -1 -1)
#(0 158 1373 57 0 2 1 76 402481 -1 -1 -1 -1 -1 -1)
#(0 158 612 55 0 3 1 76 402572 -1 -1 -1 -1 -1 -1)
#(0 158 1691 35 0 3 1 75 399489 -1 -1 -1 -1 -1 -1)
#(0 158 1974 32 0 0 1 74 395477 -1 -1 -1 -1 -1 -1)
#(0 158 978 59 0 3 1 68 362477 -1 -1 -1 -1 -1 -1)
#(0 158 204 51 0 3 1 65 343347 -1 -1 -1 -1 -1 -1)
#(0 158 1379 67 0 1 1 64 338590 -1 -1 -1 -1 -1 -1)
#(0 158 603 48 0 3 1 58 309710 -1 -1 -1 -1 -1 -1)
#(0 158 991 61 0 3 1 54 288267 -1 -1 -1 -1 -1 -1)
#(0 158 610 48 0 2 1 53 281222 -1 -1 -1 -1 -1 -1)
#(4 158 610 -1 0 -1 -1 -1 -1 60 0 0 0 0 -1)
#(0 158 981 65 0 2 1 53 282580 -1 -1 -1 -1 -1 -1)
#(0 158 1694 35 0 2 1 53 283302 -1 -1 -1 -1 -1 -1)
#(0 158 979 44 0 1 1 48 253835 -1 -1 -1 -1 -1 -1)
#(0 158 988 56 0 3 1 45 241474 -1 -1 -1 -1 -1 -1)
#(0 158 203 57 0 3 1 44 236507 -1 -1 -1 -1 -1 -1)
#(0 158 1971 27 0 0 1 41 221303 -1 -1 -1 -1 -1 -1)
#(0 158 1369 60 0 3 1 40 212059 -1 -1 -1 -1 -1 -1)
#(0 158 990 62 0 1 1 30 162005 -1 -1 -1 -1 -1 -1)
#(0 158 206 57 0 1 1 12 67468 -1 -1 -1 -1 -1 -1)
#(0 158 976 63 0 1 1 10 55461 -1 -1 -1 -1 -1 -1)
#(0 159 622 57 0 2 0 3 19167 -1 -1 -1 -1 -1 -1)
#(0 159 996 54 0 2 0 4 22251 -1 -1 -1 -1 -1 -1)
#(0 159 217 58 0 1 0 7 37826 -1 -1 -1 -1 -1 -1)
#(0 159 1004 57 0 1 0 8 42872 -1 -1 -1 -1 -1 -1)
#(0 159 1706 28 0 2 0 8 43680 -1 -1 -1 -1 -1 -1)
#(0 159 220 57 0 2 0 9 48519 -1 -1 -1 -1 -1 -1)
#(0 159 1393 53 0 1 0 9 51437 -1 -1 -1 -1 -1 -1)
#(0 159 1986 23 0 0 0 11 58451 -1 -1 -1 -1 -1 -1)
#(0 159 1001 55 0 2 0 11 59229 -1 -1 -1 -1 -1 -1)
#(0 159 620 46 0 2 0 12 65842 -1 -1 -1 -1 -1 -1)
#(0 159 1702 26 0 2 0 12 64734 -1 -1 -1 -1 -1 -1)
#(0 159 215 55 0 1 0 14 75175 -1 -1 -1 -1 -1 -1)
#(0 159 1717 24 0 2 0 14 75155 -1 -1 -1 -1 -1 -1)
#(0 159 1710 28 0 3 0 15 80611 -1 -1 -1 -1 -1 -1)
#(0 159 1697 20 0 2 0 16 85528 -1 -1 -1 -1 -1 -1)
#(0 159 224 66 0 3 0 17 93031 -1 -1 -1 -1 -1 -1)
#(0 159 616 51 0 3 0 17 92618 -1 -1 -1 -1 -1 -1)
#(0 159 1007 44 0 2 0 20 110476 -1 -1 -1 -1 -1 -1)
#(0 159 214 59 0 2 0 23 123273 -1 -1 -1 -1 -1 -1)
#(0 159 1389 68 0 1 0 23 126418 -1 -1 -1 -1 -1 -1)
#(0 159 1709 37 0 3 0 25 133916 -1 -1 -1 -1 -1 -1)
#(0 159 999 57 0 2 0 27 144089 -1 -1 -1 -1 -1 -1)
#(0 159 993 70 0 3 0 28 150060 -1 -1 -1 -1 -1 -1)
#(0 159 1977 23 0 0 0 30 158793 -1 -1 -1 -1 -1 -1)
#(0 159 225 54 0 1 0 31 166869 -1 -1 -1 -1 -1 -1)
#(0 159 998 64 0 3 0 32 172012 -1 -1 -1 -1 -1 -1)
#(0 159 1002 62 0 3 0 34 181643 -1 -1 -1 -1 -1 -1)
#(0 159 609 64 0 2 0 34 184757 -1 -1 -1 -1 -1 -1)
#(0 159 1716 44 0 1 0 35 187165 -1 -1 -1 -1 -1 -1)
#(0 159 1973 27 0 0 0 38 201104 -1 -1 -1 -1 -1 -1)
#(0 159 1703 28 0 2 0 38 202103 -1 -1 -1 -1 -1 -1)
#(0 159 216 44 0 1 0 41 220018 -1 -1 -1 -1 -1 -1)
#(0 159 1985 29 0 0 0 45 238075 -1 -1 -1 -1 -1 -1)
#(0 159 992 51 0 2 0 47 248796 -1 -1 -1 -1 -1 -1)
#(0 159 618 56 0 2 0 47 252466 -1 -1 -1 -1 -1 -1)
#(0 159 1390 63 0 2 0 49 263194 -1 -1 -1 -1 -1 -1)
#(0 159 1714 40 0 2 0 59 313548 -1 -1 -1 -1 -1 -1)
#(0 159 1385 52 0 1 1 98 518942 -1 -1 -1 -1 -1 -1)
#(0 159 1715 33 0 3 1 97 515699 -1 -1 -1 -1 -1 -1)
#(0 159 1983 34 0 0 1 94 501033 -1 -1 -1 -1 -1 -1)
#(0 159 995 70 0 1 1 94 498843 -1 -1 -1 -1 -1 -1)
#(0 159 1978 29 0 0 1 93 495825 -1 -1 -1 -1 -1 -1)
#(0 159 223 50 0 3 1 93 493894 -1 -1 -1 -1 -1 -1)
#(0 159 997 71 0 2 1 93 494561 -1 -1 -1 -1 -1 -1)
#(0 159 1981 20 0 0 1 92 490711 -1 -1 -1 -1 -1 -1)
#(0 159 617 65 0 1 1 91 484950 -1 -1 -1 -1 -1 -1)
#(0 159 1392 42 0 1 1 91 482958 -1 -1 -1 -1 -1 -1)
#(0 159 221 62 0 2 1 89 472949 -1 -1 -1 -1 -1 -1)
#(0 159 1012 66 0 2 1 88 466907 -1 -1 -1 -1 -1 -1)
#(0 159 1980 23 0 0 1 87 464258 -1 -1 -1 -1 -1 -1)
#(0 159 1387 54 0 1 1 87 460793 -1 -1 -1 -1 -1 -1)
#(0 159 977 54 0 2 1 87 463608 -1 -1 -1 -1 -1 -1)
#(0 159 226 64 0 3 1 86 457689 -1 -1 -1 -1 -1 -1)
#(0 159 619 51 0 3 1 83 438828 -1 -1 -1 -1 -1 -1)
#(0 159 615 55 0 3 1 82 434850 -1 -1 -1 -1 -1 -1)
#(0 159 985 51 0 3 1 81 432329 -1 -1 -1 -1 -1 -1)
#(0 159 1982 21 0 0 1 80 427341 -1 -1 -1 -1 -1 -1)
#(0 159 1000 44 0 3 1 80 422762 -1 -1 -1 -1 -1 -1)
#(0 159 1711 36 0 2 1 79 420567 -1 -1 -1 -1 -1 -1)
#(0 159 1384 51 0 2 1 78 413464 -1 -1 -1 -1 -1 -1)
#(0 159 1005 44 0 2 1 76 401645 -1 -1 -1 -1 -1 -1)
#(0 159 213 59 0 2 1 71 379827 -1 -1 -1 -1 -1 -1)
#(0 159 1388 54 0 2 1 71 376231 -1 -1 -1 -1 -1 -1)
#(0 159 1386 49 0 2 1 70 371002 -1 -1 -1 -1 -1 -1)
#(0 159 1003 61 0 2 1 70 372102 -1 -1 -1 -1 -1 -1)
#(0 159 211 50 0 3 1 70 370361 -1 -1 -1 -1 -1 -1)
#(0 159 1391 55 0 2 1 69 365664 -1 -1 -1 -1 -1 -1)
#(0 159 984 55 0 3 1 68 363243 -1 -1 -1 -1 -1 -1)
#(0 159 1704 25 0 2 1 62 331303 -1 -1 -1 -1 -1 -1)
#(0 159 1011 57 0 2 1 61 325846 -1 -1 -1 -1 -1 -1)
#(0 159 1008 58 0 1 1 60 320426 -1 -1 -1 -1 -1 -1)
#(0 159 1979 27 0 0 1 57 305782 -1 -1 -1 -1 -1 -1)
#(0 159 1984 34 0 0 1 53 284558 -1 -1 -1 -1 -1 -1)
#(0 159 1712 34 0 2 1 53 283334 -1 -1 -1 -1 -1 -1)
#(0 159 1705 40 0 1 1 52 277720 -1 -1 -1 -1 -1 -1)
#(0 159 212 62 0 1 1 50 267425 -1 -1 -1 -1 -1 -1)
#(0 159 1707 41 0 1 1 49 261907 -1 -1 -1 -1 -1 -1)
#(0 159 614 52 0 3 1 36 191599 -1 -1 -1 -1 -1 -1)
#(0 159 1708 28 0 2 1 32 172810 -1 -1 -1 -1 -1 -1)
#(0 159 994 51 0 2 1 25 136667 -1 -1 -1 -1 -1 -1)
#(0 160 1025 70 0 2 0 1 6709 -1 -1 -1 -1 -1 -1)
#(0 160 631 58 0 2 0 4 26079 -1 -1 -1 -1 -1 -1)
#(0 160 236 60 0 3 0 6 34399 -1 -1 -1 -1 -1 -1)
#(0 160 1988 29 0 0 0 9 48022 -1 -1 -1 -1 -1 -1)
#(0 160 629 50 0 2 0 9 51920 -1 -1 -1 -1 -1 -1)
#(0 160 1023 72 0 3 0 10 54996 -1 -1 -1 -1 -1 -1)
#(0 160 1400 44 0 1 0 12 66356 -1 -1 -1 -1 -1 -1)
#(0 160 229 44 0 3 0 15 82722 -1 -1 -1 -1 -1 -1)
#(0 160 1398 44 0 2 0 16 87439 -1 -1 -1 -1 -1 -1)
#(0 160 626 56 0 1 0 18 99295 -1 -1 -1 -1 -1 -1)
#(0 160 1989 32 0 0 0 19 100863 -1 -1 -1 -1 -1 -1)
#(0 160 1394 44 0 2 0 20 108701 -1 -1 -1 -1 -1 -1)
#(0 160 218 69 0 3 0 23 124627 -1 -1 -1 -1 -1 -1)
#(0 160 1721 32 0 2 0 24 128424 -1 -1 -1 -1 -1 -1)
#(0 160 232 62 0 3 0 25 134693 -1 -1 -1 -1 -1 -1)
#(0 160 1402 64 0 2 0 25 136600 -1 -1 -1 -1 -1 -1)
#(0 160 1395 51 0 2 0 29 157468 -1 -1 -1 -1 -1 -1)
#(0 160 627 65 0 3 0 31 168917 -1 -1 -1 -1 -1 -1)
#(0 160 623 61 0 2 0 32 173763 -1 -1 -1 -1 -1 -1)
#(0 160 1987 18 0 0 0 34 179835 -1 -1 -1 -1 -1 -1)
#(0 160 1991 28 0 0 0 36 190551 -1 -1 -1 -1 -1 -1)
#(0 160 1998 22 0 0 0 39 206285 -1 -1 -1 -1 -1 -1)
#(0 160 231 55 0 1 0 39 206521 -1 -1 -1 -1 -1 -1)
#(0 160 230 55 0 1 0 41 217210 -1 -1 -1 -1 -1 -1)
#(0 160 625 56 0 1 0 47 248421 -1 -1 -1 -1 -1 -1)
#(0 160 1399 51 0 3 0 48 257648 -1 -1 -1 -1 -1 -1)
#(0 160 219 64 0 1 0 50 266591 -1 -1 -1 -1 -1 -1)
#(0 160 1017 62 0 2 0 56 298431 -1 -1 -1 -1 -1 -1)
#(0 160 1995 30 0 0 0 62 327864 -1 -1 -1 -1 -1 -1)
#(0 160 1396 51 0 3 1 99 524346 -1 -1 -1 -1 -1 -1)
#(0 160 1016 52 0 2 1 98 520598 -1 -1 -1 -1 -1 -1)
#(0 160 1990 32 0 0 1 97 516896 -1 -1 -1 -1 -1 -1)
#(0 160 1010 63 0 2 1 94 499855 -1 -1 -1 -1 -1 -1)
#(0 160 628 53 0 1 1 93 493432 -1 -1 -1 -1 -1 -1)
#(0 160 1009 54 0 1 1 92 490391 -1 -1 -1 -1 -1 -1)
#(0 160 1996 15 0 0 1 90 480239 -1 -1 -1 -1 -1 -1)
#(0 160 1022 44 0 3 1 89 470303 -1 -1 -1 -1 -1 -1)
#(0 160 1021 61 0 1 1 81 431644 -1 -1 -1 -1 -1 -1)
#(0 160 1720 35 0 2 1 79 420626 -1 -1 -1 -1 -1 -1)
#(0 160 1993 23 0 0 1 78 416735 -1 -1 -1 -1 -1 -1)
#(0 160 228 51 0 3 1 76 401544 -1 -1 -1 -1 -1 -1)
#(0 160 1718 38 0 2 1 75 399293 -1 -1 -1 -1 -1 -1)
#(0 160 1020 75 0 1 1 73 386607 -1 -1 -1 -1 -1 -1)
#(0 160 1375 49 0 2 1 66 350510 -1 -1 -1 -1 -1 -1)
#(0 160 632 54 0 2 1 64 339888 -1 -1 -1 -1 -1 -1)
#(0 160 1397 44 0 1 1 58 308526 -1 -1 -1 -1 -1 -1)
#(0 160 630 55 0 2 1 47 249638 -1 -1 -1 -1 -1 -1)
#(0 160 624 64 0 2 1 44 236886 -1 -1 -1 -1 -1 -1)
#(0 160 1019 58 0 1 1 43 230632 -1 -1 -1 -1 -1 -1)
#(0 160 1992 26 0 0 1 38 205486 -1 -1 -1 -1 -1 -1)
#(0 160 235 51 0 2 1 26 137468 -1 -1 -1 -1 -1 -1)
#(0 161 1728 35 0 3 0 0 1837 -1 -1 -1 -1 -1 -1)
#(0 161 242 58 0 1 0 2 12066 -1 -1 -1 -1 -1 -1)
#(0 161 2007 26 0 0 0 3 16264 -1 -1 -1 -1 -1 -1)
#(0 161 1030 55 0 2 0 4 22240 -1 -1 -1 -1 -1 -1)
#(0 161 1033 44 0 1 0 4 26028 -1 -1 -1 -1 -1 -1)
#(0 161 641 51 0 2 0 5 29138 -1 -1 -1 -1 -1 -1)
#(0 161 246 67 0 2 0 5 27930 -1 -1 -1 -1 -1 -1)
#(0 161 1406 62 0 2 0 5 31215 -1 -1 -1 -1 -1 -1)
#(0 161 2009 23 0 0 0 7 37331 -1 -1 -1 -1 -1 -1)
#(0 161 238 63 0 2 0 8 45874 -1 -1 -1 -1 -1 -1)
#(0 161 1037 67 0 2 0 8 43627 -1 -1 -1 -1 -1 -1)
#(0 161 1414 66 0 3 0 8 47407 -1 -1 -1 -1 -1 -1)
#(0 161 1032 57 0 2 0 9 49601 -1 -1 -1 -1 -1 -1)
#(0 161 1409 65 0 2 0 11 58141 -1 -1 -1 -1 -1 -1)
#(0 161 633 64 0 2 0 11 61968 -1 -1 -1 -1 -1 -1)
#(0 161 240 64 0 3 0 11 60642 -1 -1 -1 -1 -1 -1)
#(0 161 1006 55 0 3 0 11 59571 -1 -1 -1 -1 -1 -1)
#(0 161 644 56 0 2 0 12 66220 -1 -1 -1 -1 -1 -1)
#(0 161 638 55 0 3 0 13 72419 -1 -1 -1 -1 -1 -1)
#(0 161 1726 40 0 1 0 13 70759 -1 -1 -1 -1 -1 -1)
#(0 161 1719 24 0 2 0 14 75166 -1 -1 -1 -1 -1 -1)
#(0 161 1699 21 0 2 0 16 85489 -1 -1 -1 -1 -1 -1)
#(0 161 2006 20 0 0 0 19 100647 -1 -1 -1 -1 -1 -1)
#(0 161 1031 67 0 1 0 19 102417 -1 -1 -1 -1 -1 -1)
#(0 161 1724 41 0 2 0 21 112991 -1 -1 -1 -1 -1 -1)
#(0 161 227 51 0 2 0 22 121195 -1 -1 -1 -1 -1 -1)
#(0 161 1404 60 0 2 0 22 120836 -1 -1 -1 -1 -1 -1)
#(0 161 1035 64 0 2 0 23 123863 -1 -1 -1 -1 -1 -1)
#(0 161 1405 62 0 2 0 23 126167 -1 -1 -1 -1 -1 -1)
#(0 161 247 57 0 1 0 25 132799 -1 -1 -1 -1 -1 -1)
#(0 161 1727 31 0 2 0 25 133618 -1 -1 -1 -1 -1 -1)
#(0 161 1036 50 0 2 0 30 158970 -1 -1 -1 -1 -1 -1)
#(0 161 244 51 0 2 0 30 163418 -1 -1 -1 -1 -1 -1)
#(0 161 2003 28 0 0 0 31 164148 -1 -1 -1 -1 -1 -1)
#(0 161 1411 65 0 3 0 32 173772 -1 -1 -1 -1 -1 -1)
#(0 161 1412 54 0 3 0 33 178220 -1 -1 -1 -1 -1 -1)
#(0 161 233 51 0 3 0 38 205634 -1 -1 -1 -1 -1 -1)
#(0 161 1029 67 0 2 0 39 209109 -1 -1 -1 -1 -1 -1)
#(0 161 1413 43 0 2 0 40 214094 -1 -1 -1 -1 -1 -1)
#(0 161 2002 29 0 0 0 45 238094 -1 -1 -1 -1 -1 -1)
#(0 161 1723 54 0 1 0 45 240402 -1 -1 -1 -1 -1 -1)
#(0 161 1028 55 0 1 0 48 254587 -1 -1 -1 -1 -1 -1)
#(0 161 1729 20 0 3 0 50 265041 -1 -1 -1 -1 -1 -1)
#(0 161 1038 51 0 3 0 51 269900 -1 -1 -1 -1 -1 -1)
#(0 161 1013 50 0 2 0 53 280498 -1 -1 -1 -1 -1 -1)
#(0 161 2001 32 0 0 0 54 285663 -1 -1 -1 -1 -1 -1)
#(0 161 237 73 0 3 0 61 325668 -1 -1 -1 -1 -1 -1)
#(0 161 241 57 0 2 0 64 339254 -1 -1 -1 -1 -1 -1)
#(0 161 635 62 0 3 0 65 348148 -1 -1 -1 -1 -1 -1)
#(0 161 1027 58 0 1 0 72 381667 -1 -1 -1 -1 -1 -1)
#(0 161 1999 25 0 0 1 96 511737 -1 -1 -1 -1 -1 -1)
#(0 161 642 44 0 2 1 95 505388 -1 -1 -1 -1 -1 -1)
#(0 161 1015 70 0 2 1 94 499004 -1 -1 -1 -1 -1 -1)
#(0 161 1994 19 0 0 1 92 490721 -1 -1 -1 -1 -1 -1)
#(0 161 245 44 0 2 1 90 476948 -1 -1 -1 -1 -1 -1)
#(0 161 1410 44 0 2 1 90 477564 -1 -1 -1 -1 -1 -1)
#(0 161 640 51 0 1 1 84 445372 -1 -1 -1 -1 -1 -1)
#(0 161 1997 23 0 0 1 78 416747 -1 -1 -1 -1 -1 -1)
#(0 161 1014 54 0 2 1 75 401148 -1 -1 -1 -1 -1 -1)
#(0 161 249 64 0 1 1 74 392823 -1 -1 -1 -1 -1 -1)
#(0 161 252 67 0 1 1 73 387360 -1 -1 -1 -1 -1 -1)
#(0 161 639 72 0 1 1 71 375080 -1 -1 -1 -1 -1 -1)
#(0 161 2005 28 0 0 1 68 363860 -1 -1 -1 -1 -1 -1)
#(0 161 253 62 0 2 1 68 362062 -1 -1 -1 -1 -1 -1)
#(0 161 2000 29 0 0 1 67 358540 -1 -1 -1 -1 -1 -1)
#(0 161 1407 61 0 2 1 67 353966 -1 -1 -1 -1 -1 -1)
#(0 161 2004 27 0 0 1 66 353308 -1 -1 -1 -1 -1 -1)
#(0 161 634 54 0 3 1 66 350232 -1 -1 -1 -1 -1 -1)
#(0 161 637 54 0 2 1 62 329048 -1 -1 -1 -1 -1 -1)
#(0 161 1018 51 0 1 1 61 326807 -1 -1 -1 -1 -1 -1)
#(4 161 1018 -1 0 -1 -1 -1 -1 61 0 0 0 0 -1)
#(0 161 1403 43 0 2 1 61 324426 -1 -1 -1 -1 -1 -1)
#(0 161 1034 70 0 1 1 60 319358 -1 -1 -1 -1 -1 -1)
#(0 161 239 55 0 2 1 58 310970 -1 -1 -1 -1 -1 -1)
#(0 161 1039 59 0 2 1 57 304507 -1 -1 -1 -1 -1 -1)
#(0 161 636 64 0 1 1 52 274666 -1 -1 -1 -1 -1 -1)
#(0 161 2008 20 0 0 1 49 263677 -1 -1 -1 -1 -1 -1)
#(0 161 250 55 0 2 1 47 252908 -1 -1 -1 -1 -1 -1)
#(0 161 248 61 0 1 1 45 238767 -1 -1 -1 -1 -1 -1)
#(0 161 1730 20 0 2 1 41 220723 -1 -1 -1 -1 -1 -1)
#(0 161 643 55 0 2 1 40 212932 -1 -1 -1 -1 -1 -1)
#(0 161 1722 21 0 2 1 37 199563 -1 -1 -1 -1 -1 -1)
#(0 161 1713 26 0 2 1 32 172866 -1 -1 -1 -1 -1 -1)
#(0 161 1725 21 0 2 1 14 78133 -1 -1 -1 -1 -1 -1)
#(0 162 1731 26 0 2 0 1 6625 -1 -1 -1 -1 -1 -1)
#(0 162 243 55 0 2 0 2 10584 -1 -1 -1 -1 -1 -1)
#(0 162 654 64 0 2 0 3 18919 -1 -1 -1 -1 -1 -1)
#(0 162 1422 57 0 3 0 4 25593 -1 -1 -1 -1 -1 -1)
#(0 162 257 65 0 1 0 6 35438 -1 -1 -1 -1 -1 -1)
#(0 162 1046 63 0 3 0 6 34514 -1 -1 -1 -1 -1 -1)
#(0 162 655 50 0 2 0 7 40753 -1 -1 -1 -1 -1 -1)
#(0 162 1054 55 0 3 0 9 48400 -1 -1 -1 -1 -1 -1)
#(0 162 1048 57 0 1 0 10 53920 -1 -1 -1 -1 -1 -1)
#(0 162 1401 50 0 3 0 12 66616 -1 -1 -1 -1 -1 -1)
#(0 162 1736 34 0 2 0 21 112533 -1 -1 -1 -1 -1 -1)
#(0 162 1057 57 0 1 0 26 138781 -1 -1 -1 -1 -1 -1)
#(0 162 1734 42 0 3 0 28 150032 -1 -1 -1 -1 -1 -1)
#(0 162 2012 29 0 0 0 29 153589 -1 -1 -1 -1 -1 -1)
#(0 162 647 67 0 3 0 29 153448 -1 -1 -1 -1 -1 -1)
#(0 162 255 61 0 2 0 29 156934 -1 -1 -1 -1 -1 -1)
#(0 162 1732 43 0 1 0 29 155392 -1 -1 -1 -1 -1 -1)
#(0 162 1047 57 0 2 0 33 175654 -1 -1 -1 -1 -1 -1)
#(0 162 1419 44 0 2 0 35 187747 -1 -1 -1 -1 -1 -1)
#(0 162 1043 52 0 2 0 37 197293 -1 -1 -1 -1 -1 -1)
#(0 162 1421 70 0 1 0 37 200257 -1 -1 -1 -1 -1 -1)
#(0 162 1044 44 0 1 0 41 221364 -1 -1 -1 -1 -1 -1)
#(0 162 1042 62 0 3 0 50 266044 -1 -1 -1 -1 -1 -1)
#(0 162 1026 67 0 3 0 53 281407 -1 -1 -1 -1 -1 -1)
#(0 162 1041 54 0 1 1 98 520243 -1 -1 -1 -1 -1 -1)
#(0 162 1051 49 0 1 1 95 506326 -1 -1 -1 -1 -1 -1)
#(0 162 261 52 0 2 1 95 505765 -1 -1 -1 -1 -1 -1)
#(0 162 1052 54 0 2 1 94 500174 -1 -1 -1 -1 -1 -1)
#(0 162 2010 28 0 0 1 93 495850 -1 -1 -1 -1 -1 -1)
#(0 162 1058 44 0 1 1 93 491394 -1 -1 -1 -1 -1 -1)
#(0 162 1417 61 0 3 1 91 482041 -1 -1 -1 -1 -1 -1)
#(0 162 1418 55 0 2 1 83 439978 -1 -1 -1 -1 -1 -1)
#(0 162 1733 42 0 3 1 83 441327 -1 -1 -1 -1 -1 -1)
#(0 162 258 51 0 2 1 82 433150 -1 -1 -1 -1 -1 -1)
#(0 162 645 44 0 2 1 80 426139 -1 -1 -1 -1 -1 -1)
#(0 162 2011 20 0 0 1 79 422070 -1 -1 -1 -1 -1 -1)
#(0 162 653 70 0 1 1 78 415547 -1 -1 -1 -1 -1 -1)
#(0 162 646 55 0 3 1 76 402647 -1 -1 -1 -1 -1 -1)
#(0 162 2013 28 0 0 1 74 395548 -1 -1 -1 -1 -1 -1)
#(0 162 260 55 0 2 1 74 394978 -1 -1 -1 -1 -1 -1)
#(0 162 1424 58 0 1 1 74 391633 -1 -1 -1 -1 -1 -1)
#(0 162 651 51 0 1 1 73 387836 -1 -1 -1 -1 -1 -1)
#(0 162 1045 44 0 2 1 70 369924 -1 -1 -1 -1 -1 -1)
#(0 162 1040 50 0 2 1 67 358362 -1 -1 -1 -1 -1 -1)
#(0 162 1408 60 0 2 1 67 354332 -1 -1 -1 -1 -1 -1)
#(0 162 1423 53 0 1 1 66 350393 -1 -1 -1 -1 -1 -1)
#(0 162 1416 57 0 2 1 63 333614 -1 -1 -1 -1 -1 -1)
#(0 162 1024 61 0 3 1 61 326085 -1 -1 -1 -1 -1 -1)
#(0 162 652 47 0 2 1 58 309624 -1 -1 -1 -1 -1 -1)
#(0 162 1055 44 0 1 1 56 296099 -1 -1 -1 -1 -1 -1)
#(0 162 1735 37 0 2 1 53 283202 -1 -1 -1 -1 -1 -1)
#(0 162 1420 59 0 2 1 51 270041 -1 -1 -1 -1 -1 -1)
#(0 162 1738 25 0 2 1 49 262694 -1 -1 -1 -1 -1 -1)
#(0 162 1737 20 0 3 1 47 252409 -1 -1 -1 -1 -1 -1)
#(0 162 251 55 0 2 1 45 242412 -1 -1 -1 -1 -1 -1)
#(0 162 650 59 0 3 1 45 238406 -1 -1 -1 -1 -1 -1)
#(0 162 1050 62 0 2 1 39 209010 -1 -1 -1 -1 -1 -1)
#(0 162 256 59 0 1 1 39 209396 -1 -1 -1 -1 -1 -1)
#(0 162 1049 59 0 3 1 32 172496 -1 -1 -1 -1 -1 -1)
#(0 162 648 67 0 1 1 30 163144 -1 -1 -1 -1 -1 -1)
#(0 162 1415 55 0 2 1 27 143728 -1 -1 -1 -1 -1 -1)
#(0 162 262 67 0 1 1 12 66004 -1 -1 -1 -1 -1 -1)
#(0 163 1427 62 0 3 0 0 4997 -1 -1 -1 -1 -1 -1)
#(0 163 1748 33 0 2 0 4 22852 -1 -1 -1 -1 -1 -1)
#(0 163 1743 32 0 2 0 8 43939 -1 -1 -1 -1 -1 -1)
#(0 163 1425 53 0 2 0 8 46591 -1 -1 -1 -1 -1 -1)
#(0 163 2023 25 0 0 0 9 47930 -1 -1 -1 -1 -1 -1)
#(0 163 1053 44 0 2 0 9 52420 -1 -1 -1 -1 -1 -1)
#(0 163 661 62 0 2 0 12 67346 -1 -1 -1 -1 -1 -1)
#(0 163 2018 29 0 0 0 13 69136 -1 -1 -1 -1 -1 -1)
#(0 163 1429 44 0 2 0 14 76914 -1 -1 -1 -1 -1 -1)
#(0 163 658 61 0 2 0 14 78284 -1 -1 -1 -1 -1 -1)
#(0 163 273 55 0 2 0 15 79748 -1 -1 -1 -1 -1 -1)
#(0 163 1067 55 0 1 0 15 81265 -1 -1 -1 -1 -1 -1)
#(0 163 271 67 0 2 0 17 92946 -1 -1 -1 -1 -1 -1)
#(0 163 2029 27 0 0 0 18 95476 -1 -1 -1 -1 -1 -1)
#(0 163 1746 33 0 1 0 20 107367 -1 -1 -1 -1 -1 -1)
#(0 163 656 49 0 2 0 20 110580 -1 -1 -1 -1 -1 -1)
#(0 163 2021 23 0 0 0 21 111263 -1 -1 -1 -1 -1 -1)
#(0 163 659 57 0 3 0 21 114841 -1 -1 -1 -1 -1 -1)
#(0 163 2016 32 0 0 0 22 116704 -1 -1 -1 -1 -1 -1)
#(0 163 1060 51 0 2 0 23 122038 -1 -1 -1 -1 -1 -1)
#(0 163 266 56 0 1 0 23 121929 -1 -1 -1 -1 -1 -1)
#(0 163 1749 31 0 2 0 23 123007 -1 -1 -1 -1 -1 -1)
#(0 163 264 59 0 2 0 24 128239 -1 -1 -1 -1 -1 -1)
#(0 163 1740 39 0 3 0 29 155114 -1 -1 -1 -1 -1 -1)
#(0 163 1744 43 0 3 0 31 165977 -1 -1 -1 -1 -1 -1)
#(0 163 1065 57 0 2 0 31 165118 -1 -1 -1 -1 -1 -1)
#(0 163 662 56 0 2 0 35 189086 -1 -1 -1 -1 -1 -1)
#(0 163 2027 28 0 0 0 37 195818 -1 -1 -1 -1 -1 -1)
#(0 163 1056 56 0 2 0 37 197213 -1 -1 -1 -1 -1 -1)
#(0 163 265 44 0 2 0 39 209465 -1 -1 -1 -1 -1 -1)
#(0 163 267 62 0 3 0 39 207488 -1 -1 -1 -1 -1 -1)
#(0 163 1739 45 0 2 0 40 213531 -1 -1 -1 -1 -1 -1)
#(0 163 1061 65 0 3 0 45 241247 -1 -1 -1 -1 -1 -1)
#(0 163 2026 20 0 0 0 46 243210 -1 -1 -1 -1 -1 -1)
#(0 163 1745 50 0 1 0 52 277189 -1 -1 -1 -1 -1 -1)
#(0 163 1066 67 0 2 0 52 276695 -1 -1 -1 -1 -1 -1)
#(0 163 269 59 0 1 0 55 292166 -1 -1 -1 -1 -1 -1)
#(0 163 1064 57 0 3 0 56 297159 -1 -1 -1 -1 -1 -1)
#(0 163 1062 51 0 2 0 63 333184 -1 -1 -1 -1 -1 -1)
#(0 163 270 55 0 1 0 67 354434 -1 -1 -1 -1 -1 -1)
#(0 163 1431 62 0 3 0 67 358501 -1 -1 -1 -1 -1 -1)
#(0 163 1435 75 0 2 0 79 417972 -1 -1 -1 -1 -1 -1)
#(0 163 1747 26 0 2 1 98 521372 -1 -1 -1 -1 -1 -1)
#(0 163 263 75 0 3 1 97 514329 -1 -1 -1 -1 -1 -1)
#(0 163 1751 32 0 3 1 97 515745 -1 -1 -1 -1 -1 -1)
#(0 163 1428 51 0 1 1 93 492425 -1 -1 -1 -1 -1 -1)
#(0 163 2017 16 0 0 1 92 490759 -1 -1 -1 -1 -1 -1)
#(0 163 663 55 0 2 1 92 487625 -1 -1 -1 -1 -1 -1)
#(0 163 2024 26 0 0 1 91 485326 -1 -1 -1 -1 -1 -1)
#(0 163 1069 67 0 3 1 88 468824 -1 -1 -1 -1 -1 -1)
#(0 163 1741 36 0 2 1 87 462719 -1 -1 -1 -1 -1 -1)
#(0 163 1426 58 0 2 1 85 449676 -1 -1 -1 -1 -1 -1)
#(0 163 1434 52 0 1 1 84 444976 -1 -1 -1 -1 -1 -1)
#(0 163 2022 32 0 0 1 82 437697 -1 -1 -1 -1 -1 -1)
#(0 163 657 51 0 1 1 82 435341 -1 -1 -1 -1 -1 -1)
#(0 163 2028 26 0 0 1 81 432541 -1 -1 -1 -1 -1 -1)
#(0 163 1433 59 0 2 1 81 428331 -1 -1 -1 -1 -1 -1)
#(0 163 1059 51 0 2 1 79 422305 -1 -1 -1 -1 -1 -1)
#(0 163 1742 37 0 2 1 75 399381 -1 -1 -1 -1 -1 -1)
#(0 163 259 63 0 3 1 73 387904 -1 -1 -1 -1 -1 -1)
#(0 163 660 55 0 1 1 72 381901 -1 -1 -1 -1 -1 -1)
#(0 163 1063 44 0 2 1 71 375227 -1 -1 -1 -1 -1 -1)
#(0 163 274 62 0 2 1 70 372619 -1 -1 -1 -1 -1 -1)
#(0 163 254 61 0 1 1 68 361054 -1 -1 -1 -1 -1 -1)
#(0 163 2014 30 0 0 1 59 316267 -1 -1 -1 -1 -1 -1)
#(0 163 268 57 0 1 1 55 294334 -1 -1 -1 -1 -1 -1)
#(0 163 2015 31 0 0 1 52 279299 -1 -1 -1 -1 -1 -1)
#(0 163 2020 28 0 0 1 47 252962 -1 -1 -1 -1 -1 -1)
#(0 163 1430 57 0 2 1 43 228024 -1 -1 -1 -1 -1 -1)
#(0 163 272 62 0 1 1 36 193037 -1 -1 -1 -1 -1 -1)
#(0 163 1068 62 0 3 1 34 182578 -1 -1 -1 -1 -1 -1)
#(0 163 664 64 0 2 1 29 153362 -1 -1 -1 -1 -1 -1)
#(0 163 1750 47 0 3 1 23 124235 -1 -1 -1 -1 -1 -1)
#(0 164 1442 56 0 2 0 1 10163 -1 -1 -1 -1 -1 -1)
#(0 164 1432 53 0 2 0 4 25225 -1 -1 -1 -1 -1 -1)
#(0 164 278 60 0 2 0 6 34619 -1 -1 -1 -1 -1 -1)
#(0 164 1440 58 0 3 0 6 36170 -1 -1 -1 -1 -1 -1)
#(0 164 281 75 0 1 0 7 40735 -1 -1 -1 -1 -1 -1)
#(0 164 665 63 0 3 0 7 42008 -1 -1 -1 -1 -1 -1)
#(0 164 1083 56 0 2 0 11 59550 -1 -1 -1 -1 -1 -1)
#(0 164 1755 28 0 2 0 12 64835 -1 -1 -1 -1 -1 -1)
#(0 164 2019 27 0 0 0 13 69088 -1 -1 -1 -1 -1 -1)
#(0 164 275 44 0 2 0 13 72121 -1 -1 -1 -1 -1 -1)
#(0 164 1074 70 0 2 0 19 103193 -1 -1 -1 -1 -1 -1)
#(0 164 1439 44 0 2 0 21 113860 -1 -1 -1 -1 -1 -1)
#(0 164 1073 44 0 1 0 29 157992 -1 -1 -1 -1 -1 -1)
#(0 164 2036 23 0 0 0 44 232689 -1 -1 -1 -1 -1 -1)
#(0 164 1077 70 0 3 0 45 240918 -1 -1 -1 -1 -1 -1)
#(0 164 280 69 0 3 0 50 267168 -1 -1 -1 -1 -1 -1)
#(0 164 668 75 0 1 0 54 287346 -1 -1 -1 -1 -1 -1)
#(0 164 674 51 0 2 0 64 340736 -1 -1 -1 -1 -1 -1)
#(0 164 671 59 0 3 0 65 347500 -1 -1 -1 -1 -1 -1)
#(0 164 670 44 0 2 0 68 360639 -1 -1 -1 -1 -1 -1)
#(0 164 2033 25 0 0 1 99 527582 -1 -1 -1 -1 -1 -1)
#(0 164 1754 20 0 2 1 99 526974 -1 -1 -1 -1 -1 -1)
#(0 164 2034 33 0 0 1 98 522180 -1 -1 -1 -1 -1 -1)
#(0 164 279 44 0 2 1 98 519210 -1 -1 -1 -1 -1 -1)
#(0 164 1070 51 0 2 1 98 520671 -1 -1 -1 -1 -1 -1)
#(0 164 1080 60 0 2 1 92 490099 -1 -1 -1 -1 -1 -1)
#(0 164 276 51 0 1 1 92 485899 -1 -1 -1 -1 -1 -1)
#(0 164 672 61 0 2 1 90 476051 -1 -1 -1 -1 -1 -1)
#(0 164 277 62 0 2 1 85 451152 -1 -1 -1 -1 -1 -1)
#(0 164 1436 58 0 2 1 82 433614 -1 -1 -1 -1 -1 -1)
#(0 164 649 75 0 1 1 80 423711 -1 -1 -1 -1 -1 -1)
#(0 164 283 63 0 2 1 80 422931 -1 -1 -1 -1 -1 -1)
#(0 164 667 44 0 3 1 79 420787 -1 -1 -1 -1 -1 -1)
#(0 164 2032 34 0 0 1 75 400695 -1 -1 -1 -1 -1 -1)
#(0 164 1441 70 0 2 1 74 395804 -1 -1 -1 -1 -1 -1)
#(0 164 1075 72 0 2 1 74 393913 -1 -1 -1 -1 -1 -1)
#(0 164 1753 31 0 2 1 74 394374 -1 -1 -1 -1 -1 -1)
#(0 164 1081 63 0 1 1 73 387771 -1 -1 -1 -1 -1 -1)
#(0 164 1078 62 0 1 1 69 368687 -1 -1 -1 -1 -1 -1)
#(0 164 282 75 0 2 1 62 327727 -1 -1 -1 -1 -1 -1)
#(0 164 1438 51 0 2 1 59 313151 -1 -1 -1 -1 -1 -1)
#(0 164 1079 44 0 2 1 57 301327 -1 -1 -1 -1 -1 -1)
#(0 164 1082 58 0 2 1 53 283254 -1 -1 -1 -1 -1 -1)
#(0 164 1758 33 0 2 1 48 257015 -1 -1 -1 -1 -1 -1)
#(0 164 666 61 0 3 1 48 253869 -1 -1 -1 -1 -1 -1)
#(0 164 2025 20 0 0 1 47 253112 -1 -1 -1 -1 -1 -1)
#(0 164 1076 55 0 1 1 44 236517 -1 -1 -1 -1 -1 -1)
#(0 164 2035 32 0 0 1 43 231805 -1 -1 -1 -1 -1 -1)
#(0 164 1756 21 0 2 1 37 199590 -1 -1 -1 -1 -1 -1)
#(0 164 1752 27 0 2 1 36 193948 -1 -1 -1 -1 -1 -1)
#(0 164 673 57 0 4 1 31 164106 -1 -1 -1 -1 -1 -1)
#(0 164 1437 51 0 1 1 30 160031 -1 -1 -1 -1 -1 -1)
#(0 164 2030 27 0 0 1 28 152656 -1 -1 -1 -1 -1 -1)
#(0 164 669 67 0 3 1 12 68335 -1 -1 -1 -1 -1 -1)
#(0 164 1757 21 0 2 1 4 25363 -1 -1 -1 -1 -1 -1)
#(0 165 1446 56 0 1 0 1 9552 -1 -1 -1 -1 -1 -1)
#(0 165 1763 26 0 2 0 1 6619 -1 -1 -1 -1 -1 -1)
#(0 165 285 51 0 1 0 1 10162 -1 -1 -1 -1 -1 -1)
#(0 165 685 59 0 1 0 3 19123 -1 -1 -1 -1 -1 -1)
#(0 165 1443 55 0 3 0 5 30637 -1 -1 -1 -1 -1 -1)
#(0 165 2043 26 0 0 0 6 32097 -1 -1 -1 -1 -1 -1)
#(0 165 287 44 0 1 0 8 45723 -1 -1 -1 -1 -1 -1)
#(0 165 683 61 0 3 0 8 47422 -1 -1 -1 -1 -1 -1)
#(0 165 2044 25 0 0 0 9 47917 -1 -1 -1 -1 -1 -1)
#(0 165 1071 59 0 2 0 10 53240 -1 -1 -1 -1 -1 -1)
#(0 165 682 62 0 1 0 10 57647 -1 -1 -1 -1 -1 -1)
#(0 165 677 52 0 2 0 12 65966 -1 -1 -1 -1 -1 -1)
#(0 165 686 49 0 3 0 14 77061 -1 -1 -1 -1 -1 -1)
#(0 165 1765 21 0 2 0 16 85561 -1 -1 -1 -1 -1 -1)
#(0 165 292 59 0 2 0 17 91509 -1 -1 -1 -1 -1 -1)
#(0 165 2031 28 0 0 0 18 95506 -1 -1 -1 -1 -1 -1)
#(0 165 296 53 0 1 0 19 100978 -1 -1 -1 -1 -1 -1)
#(0 165 2040 20 0 0 0 20 105927 -1 -1 -1 -1 -1 -1)
#(0 165 689 63 0 2 0 21 115923 -1 -1 -1 -1 -1 -1)
#(0 165 289 64 0 2 0 22 118525 -1 -1 -1 -1 -1 -1)
#(0 165 2039 28 0 0 0 24 127198 -1 -1 -1 -1 -1 -1)
#(0 165 1449 57 0 2 0 24 130857 -1 -1 -1 -1 -1 -1)
#(0 165 2042 30 0 0 0 25 132498 -1 -1 -1 -1 -1 -1)
#(0 165 1092 40 0 4 0 28 152409 -1 -1 -1 -1 -1 -1)
#(0 165 690 51 0 3 0 33 178299 -1 -1 -1 -1 -1 -1)
#(0 165 295 55 0 1 0 34 179651 -1 -1 -1 -1 -1 -1)
#(0 165 1087 44 0 2 0 34 184465 -1 -1 -1 -1 -1 -1)
#(0 165 1759 43 0 3 0 35 187084 -1 -1 -1 -1 -1 -1)
#(0 165 1088 57 0 2 0 36 191627 -1 -1 -1 -1 -1 -1)
#(0 165 1447 44 0 3 0 38 204279 -1 -1 -1 -1 -1 -1)
#(0 165 680 61 0 2 0 42 226169 -1 -1 -1 -1 -1 -1)
#(0 165 1097 61 0 2 0 43 229672 -1 -1 -1 -1 -1 -1)
#(0 165 678 60 0 1 0 47 252808 -1 -1 -1 -1 -1 -1)
#(0 165 291 62 0 2 0 71 377276 -1 -1 -1 -1 -1 -1)
#(0 165 687 62 0 2 1 97 512952 -1 -1 -1 -1 -1 -1)
#(0 165 1085 75 0 2 1 95 504029 -1 -1 -1 -1 -1 -1)
#(0 165 1084 56 0 2 1 94 500278 -1 -1 -1 -1 -1 -1)
#(0 165 2041 25 0 0 1 93 495919 -1 -1 -1 -1 -1 -1)
#(0 165 1093 44 0 2 1 93 491515 -1 -1 -1 -1 -1 -1)
#(0 165 2037 21 0 0 1 90 480120 -1 -1 -1 -1 -1 -1)
#(0 165 2038 26 0 0 1 88 469481 -1 -1 -1 -1 -1 -1)
#(0 165 1100 53 0 1 1 87 462228 -1 -1 -1 -1 -1 -1)
#(0 165 1764 37 0 2 1 87 462698 -1 -1 -1 -1 -1 -1)
#(0 165 684 63 0 3 1 86 459331 -1 -1 -1 -1 -1 -1)
#(0 165 1094 54 0 3 1 84 446035 -1 -1 -1 -1 -1 -1)
#(0 165 1761 40 0 3 1 82 436139 -1 -1 -1 -1 -1 -1)
#(0 165 288 52 0 2 1 82 432979 -1 -1 -1 -1 -1 -1)
#(0 165 676 74 0 1 1 80 423189 -1 -1 -1 -1 -1 -1)
#(0 165 1095 53 0 2 1 79 422205 -1 -1 -1 -1 -1 -1)
#(0 165 688 46 0 1 1 79 420740 -1 -1 -1 -1 -1 -1)
#(0 165 1760 20 0 3 1 78 416067 -1 -1 -1 -1 -1 -1)
#(0 165 1762 32 0 2 1 71 378495 -1 -1 -1 -1 -1 -1)
#(2 165 1762 -1 -1 -1 -1 -1 -1 62 -1 -1 -1 -1 -1)
#(0 165 1102 57 0 2 1 71 378836 -1 -1 -1 -1 -1 -1)
#(0 165 1099 55 0 2 1 70 374608 -1 -1 -1 -1 -1 -1)
#(0 165 1445 47 0 3 1 70 371416 -1 -1 -1 -1 -1 -1)
#(0 165 290 62 0 2 1 70 372684 -1 -1 -1 -1 -1 -1)
#(0 165 675 68 0 2 1 68 363313 -1 -1 -1 -1 -1 -1)
#(0 165 1089 75 0 1 1 65 346788 -1 -1 -1 -1 -1 -1)
#(0 165 1090 46 0 1 1 61 326772 -1 -1 -1 -1 -1 -1)
#(0 165 294 60 0 2 1 59 314210 -1 -1 -1 -1 -1 -1)
#(0 165 1101 51 0 3 1 52 279255 -1 -1 -1 -1 -1 -1)
#(0 165 1448 63 0 2 1 45 237855 -1 -1 -1 -1 -1 -1)
#(0 165 679 59 0 2 1 42 222583 -1 -1 -1 -1 -1 -1)
#(0 165 284 67 0 3 1 36 192157 -1 -1 -1 -1 -1 -1)
#(0 165 293 50 0 2 1 36 190549 -1 -1 -1 -1 -1 -1)
#(0 166 1108 49 0 2 0 1 5673 -1 -1 -1 -1 -1 -1)
#(0 166 286 56 0 3 0 2 10885 -1 -1 -1 -1 -1 -1)
#(0 166 1111 53 0 2 0 2 12396 -1 -1 -1 -1 -1 -1)
#(0 166 1772 22 0 2 0 2 11784 -1 -1 -1 -1 -1 -1)
#(0 166 1767 35 0 2 0 4 23025 -1 -1 -1 -1 -1 -1)
#(0 166 302 59 0 1 0 5 26481 -1 -1 -1 -1 -1 -1)
#(0 166 1444 60 0 1 0 5 30831 -1 -1 -1 -1 -1 -1)
#(0 166 300 57 0 1 0 6 32836 -1 -1 -1 -1 -1 -1)
#(0 166 2052 27 0 0 0 7 37400 -1 -1 -1 -1 -1 -1)
#(0 166 301 60 0 2 0 8 45776 -1 -1 -1 -1 -1 -1)
#(0 166 1109 44 0 2 0 8 47069 -1 -1 -1 -1 -1 -1)
#(0 166 1072 57 0 2 0 10 53033 -1 -1 -1 -1 -1 -1)
#(0 166 310 60 0 1 0 13 70878 -1 -1 -1 -1 -1 -1)
#(0 166 691 71 0 1 0 13 73159 -1 -1 -1 -1 -1 -1)
#(0 166 308 57 0 1 0 15 79918 -1 -1 -1 -1 -1 -1)
#(0 166 304 70 0 3 0 16 86742 -1 -1 -1 -1 -1 -1)
#(0 166 706 44 0 3 0 17 91316 -1 -1 -1 -1 -1 -1)
#(0 166 702 58 0 1 0 18 99914 -1 -1 -1 -1 -1 -1)
#(0 166 2057 26 0 0 0 22 116571 -1 -1 -1 -1 -1 -1)
#(0 166 708 60 0 2 0 25 132523 -1 -1 -1 -1 -1 -1)
#(0 166 1114 66 0 1 0 25 134679 -1 -1 -1 -1 -1 -1)
#(0 166 1110 56 0 1 0 26 139025 -1 -1 -1 -1 -1 -1)
#(0 166 703 44 0 3 0 27 144168 -1 -1 -1 -1 -1 -1)
#(0 166 1766 43 0 2 0 28 150074 -1 -1 -1 -1 -1 -1)
#(0 166 1458 69 0 3 0 30 158476 -1 -1 -1 -1 -1 -1)
#(0 166 1112 71 0 2 0 32 172516 -1 -1 -1 -1 -1 -1)
#(0 166 2056 30 0 0 0 36 190577 -1 -1 -1 -1 -1 -1)
#(0 166 1452 50 0 3 0 40 214509 -1 -1 -1 -1 -1 -1)
#(0 166 699 51 0 3 0 42 224309 -1 -1 -1 -1 -1 -1)
#(0 166 2047 20 0 0 0 44 232647 -1 -1 -1 -1 -1 -1)
#(0 166 1768 35 0 2 0 47 249959 -1 -1 -1 -1 -1 -1)
#(0 166 2051 23 0 0 0 49 259100 -1 -1 -1 -1 -1 -1)
#(0 166 1773 27 0 2 0 51 270643 -1 -1 -1 -1 -1 -1)
#(0 166 695 67 0 3 0 53 280440 -1 -1 -1 -1 -1 -1)
#(0 166 692 66 0 1 0 61 322462 -1 -1 -1 -1 -1 -1)
#(0 166 707 59 0 1 0 61 326426 -1 -1 -1 -1 -1 -1)
#(0 166 1103 55 0 1 0 62 328347 -1 -1 -1 -1 -1 -1)
#(0 166 1451 62 0 2 0 65 347985 -1 -1 -1 -1 -1 -1)
#(0 166 2046 34 0 0 0 68 359625 -1 -1 -1 -1 -1 -1)
#(0 166 1457 55 0 3 0 73 389853 -1 -1 -1 -1 -1 -1)
#(0 166 2048 30 0 0 1 98 522221 -1 -1 -1 -1 -1 -1)
#(0 166 309 61 0 3 1 98 517877 -1 -1 -1 -1 -1 -1)
#(0 166 305 51 0 1 1 94 497933 -1 -1 -1 -1 -1 -1)
#(0 166 693 70 0 2 1 93 495081 -1 -1 -1 -1 -1 -1)
#(0 166 696 55 0 2 1 92 487688 -1 -1 -1 -1 -1 -1)
#(0 166 2050 27 0 0 1 91 485315 -1 -1 -1 -1 -1 -1)
#(0 166 1105 44 0 2 1 88 465010 -1 -1 -1 -1 -1 -1)
#(0 166 705 51 0 2 1 87 461907 -1 -1 -1 -1 -1 -1)
#(0 166 311 44 0 2 1 86 455848 -1 -1 -1 -1 -1 -1)
#(0 166 2045 27 0 0 1 85 453616 -1 -1 -1 -1 -1 -1)
#(0 166 694 53 0 1 1 84 445159 -1 -1 -1 -1 -1 -1)
#(0 166 1774 42 0 2 1 84 446614 -1 -1 -1 -1 -1 -1)
#(0 166 2055 32 0 0 1 83 442997 -1 -1 -1 -1 -1 -1)
#(0 166 697 57 0 2 1 83 438644 -1 -1 -1 -1 -1 -1)
#(0 166 681 64 0 3 1 80 424345 -1 -1 -1 -1 -1 -1)
#(0 166 2053 20 0 0 1 79 422081 -1 -1 -1 -1 -1 -1)
#(0 166 1113 75 0 1 1 77 408220 -1 -1 -1 -1 -1 -1)
#(0 166 298 66 0 1 1 75 398932 -1 -1 -1 -1 -1 -1)
#(0 166 701 61 0 3 1 74 391198 -1 -1 -1 -1 -1 -1)
#(0 166 1098 55 0 2 1 73 389351 -1 -1 -1 -1 -1 -1)
#(0 166 2054 34 0 0 1 72 384881 -1 -1 -1 -1 -1 -1)
#(0 166 1456 59 0 2 1 72 380928 -1 -1 -1 -1 -1 -1)
#(0 166 1107 63 0 3 1 69 368837 -1 -1 -1 -1 -1 -1)
#(0 166 700 61 0 3 1 68 359801 -1 -1 -1 -1 -1 -1)
#(0 166 1115 57 0 2 1 67 357938 -1 -1 -1 -1 -1 -1)
#(0 166 306 75 0 1 1 63 334240 -1 -1 -1 -1 -1 -1)
#(0 166 2049 28 0 0 1 61 326895 -1 -1 -1 -1 -1 -1)
#(0 166 1455 52 0 2 1 61 323925 -1 -1 -1 -1 -1 -1)
#(0 166 1104 59 0 3 1 56 300005 -1 -1 -1 -1 -1 -1)
#(0 166 704 59 0 1 1 54 286165 -1 -1 -1 -1 -1 -1)
#(0 166 1450 51 0 2 1 49 260379 -1 -1 -1 -1 -1 -1)
#(0 166 1769 34 0 2 1 49 262265 -1 -1 -1 -1 -1 -1)
#(0 166 1454 55 0 2 1 45 238913 -1 -1 -1 -1 -1 -1)
#(0 166 303 51 0 2 1 42 221861 -1 -1 -1 -1 -1 -1)
#(0 166 1453 59 0 1 1 42 222434 -1 -1 -1 -1 -1 -1)
#(0 166 307 51 0 3 1 27 142760 -1 -1 -1 -1 -1 -1)
#(0 166 1770 32 0 2 1 9 51152 -1 -1 -1 -1 -1 -1)
#(0 167 1121 44 0 3 0 0 4898 -1 -1 -1 -1 -1 -1)
#(0 167 712 57 0 2 0 1 9314 -1 -1 -1 -1 -1 -1)
#(0 167 1778 28 0 3 0 1 6646 -1 -1 -1 -1 -1 -1)
#(0 167 1462 64 0 1 0 3 21055 -1 -1 -1 -1 -1 -1)
#(0 167 1771 34 0 2 0 4 22860 -1 -1 -1 -1 -1 -1)
#(0 167 325 44 0 1 0 5 29925 -1 -1 -1 -1 -1 -1)
#(0 167 714 52 0 1 0 5 29835 -1 -1 -1 -1 -1 -1)
#(0 167 326 48 0 2 0 8 42464 -1 -1 -1 -1 -1 -1)
#(0 167 297 54 0 2 0 9 48109 -1 -1 -1 -1 -1 -1)
#(0 167 713 57 0 2 0 10 56840 -1 -1 -1 -1 -1 -1)
#(0 167 715 57 0 3 0 11 61411 -1 -1 -1 -1 -1 -1)
#(0 167 698 54 0 3 0 13 72011 -1 -1 -1 -1 -1 -1)
#(0 167 2060 23 0 0 0 17 90150 -1 -1 -1 -1 -1 -1)
#(0 167 1469 42 0 2 0 17 92581 -1 -1 -1 -1 -1 -1)
#(0 167 2058 20 0 0 0 19 100659 -1 -1 -1 -1 -1 -1)
#(0 167 717 64 0 1 0 20 105808 -1 -1 -1 -1 -1 -1)
#(0 167 329 57 0 2 0 24 127907 -1 -1 -1 -1 -1 -1)
#(0 167 1779 34 0 2 0 27 144326 -1 -1 -1 -1 -1 -1)
#(0 167 1463 53 0 1 0 28 151856 -1 -1 -1 -1 -1 -1)
#(0 167 2063 28 0 0 0 29 153591 -1 -1 -1 -1 -1 -1)
#(0 167 1467 46 0 2 0 35 187891 -1 -1 -1 -1 -1 -1)
#(0 167 1780 39 0 3 0 35 186845 -1 -1 -1 -1 -1 -1)
#(0 167 1091 68 0 3 0 35 186218 -1 -1 -1 -1 -1 -1)
#(0 167 318 56 0 3 0 38 201783 -1 -1 -1 -1 -1 -1)
#(0 167 317 52 0 2 0 40 212909 -1 -1 -1 -1 -1 -1)
#(0 167 1118 54 0 2 0 40 212352 -1 -1 -1 -1 -1 -1)
#(0 167 1119 62 0 2 0 43 229455 -1 -1 -1 -1 -1 -1)
#(0 167 1465 60 0 2 0 45 242260 -1 -1 -1 -1 -1 -1)
#(0 167 2065 20 0 0 0 46 243203 -1 -1 -1 -1 -1 -1)
#(0 167 1781 52 0 3 0 46 245589 -1 -1 -1 -1 -1 -1)
#(0 167 322 59 0 2 0 51 270871 -1 -1 -1 -1 -1 -1)
#(0 167 1459 59 0 3 0 53 284637 -1 -1 -1 -1 -1 -1)
#(0 167 710 57 0 2 0 55 294465 -1 -1 -1 -1 -1 -1)
#(0 167 1120 62 0 2 0 55 292490 -1 -1 -1 -1 -1 -1)
#(0 167 1461 68 0 2 0 56 295964 -1 -1 -1 -1 -1 -1)
#(0 167 2061 29 0 0 0 65 343696 -1 -1 -1 -1 -1 -1)
#(0 167 1783 34 0 1 0 71 376691 -1 -1 -1 -1 -1 -1)
#(0 167 320 44 0 2 1 97 513867 -1 -1 -1 -1 -1 -1)
#(0 167 2062 29 0 0 1 95 506391 -1 -1 -1 -1 -1 -1)
#(0 167 1123 54 0 2 1 94 500630 -1 -1 -1 -1 -1 -1)
#(0 167 1096 48 0 3 1 93 491335 -1 -1 -1 -1 -1 -1)
#(0 167 1786 40 0 3 1 91 483647 -1 -1 -1 -1 -1 -1)
#(0 167 1460 51 0 2 1 90 476949 -1 -1 -1 -1 -1 -1)
#(0 167 709 60 0 1 1 83 438374 -1 -1 -1 -1 -1 -1)
#(0 167 2064 25 0 0 1 82 437835 -1 -1 -1 -1 -1 -1)
#(0 167 319 62 0 2 1 82 435254 -1 -1 -1 -1 -1 -1)
#(0 167 1775 21 0 3 1 78 416017 -1 -1 -1 -1 -1 -1)
#(0 167 299 55 0 2 1 75 401146 -1 -1 -1 -1 -1 -1)
#(0 167 1116 60 0 3 1 75 400179 -1 -1 -1 -1 -1 -1)
#(0 167 718 62 0 2 1 74 395286 -1 -1 -1 -1 -1 -1)
#(0 167 1466 74 0 3 1 74 390755 -1 -1 -1 -1 -1 -1)
#(0 167 314 51 0 1 1 70 370292 -1 -1 -1 -1 -1 -1)
#(0 167 327 63 0 2 1 68 360733 -1 -1 -1 -1 -1 -1)
#(0 167 2059 26 0 0 1 66 353319 -1 -1 -1 -1 -1 -1)
#(0 167 711 71 0 3 1 64 338071 -1 -1 -1 -1 -1 -1)
#(0 167 1468 54 0 3 1 59 313075 -1 -1 -1 -1 -1 -1)
#(0 167 323 62 0 1 1 59 313918 -1 -1 -1 -1 -1 -1)
#(0 167 321 57 0 3 1 58 309334 -1 -1 -1 -1 -1 -1)
#(0 167 1117 59 0 3 1 57 304396 -1 -1 -1 -1 -1 -1)
#(0 167 1784 31 0 2 1 48 257118 -1 -1 -1 -1 -1 -1)
#(0 167 316 51 0 3 1 48 253576 -1 -1 -1 -1 -1 -1)
#(0 167 328 38 0 4 1 47 248445 -1 -1 -1 -1 -1 -1)
#(0 167 1777 42 0 3 1 40 214274 -1 -1 -1 -1 -1 -1)
#(0 167 315 51 0 1 1 40 211326 -1 -1 -1 -1 -1 -1)
#(0 167 312 55 0 2 1 35 189799 -1 -1 -1 -1 -1 -1)
#(0 167 1464 51 0 2 1 23 123101 -1 -1 -1 -1 -1 -1)
#(0 167 1776 53 0 1 1 23 123973 -1 -1 -1 -1 -1 -1)
#(0 167 1785 41 0 1 1 16 87639 -1 -1 -1 -1 -1 -1)
#(0 167 1122 70 0 1 1 14 76231 -1 -1 -1 -1 -1 -1)
#(0 168 2070 23 0 0 0 0 386 -1 -1 -1 -1 -1 -1)
#(0 168 1792 39 0 1 0 0 2012 -1 -1 -1 -1 -1 -1)
#(0 168 1127 51 0 2 0 2 11158 -1 -1 -1 -1 -1 -1)
#(0 168 334 53 0 2 0 2 10767 -1 -1 -1 -1 -1 -1)
#(0 168 2075 26 0 0 0 4 21548 -1 -1 -1 -1 -1 -1)
#(0 168 1472 51 0 2 0 4 24773 -1 -1 -1 -1 -1 -1)
#(0 168 1135 64 0 2 0 4 23988 -1 -1 -1 -1 -1 -1)
#(0 168 726 44 0 3 0 5 27966 -1 -1 -1 -1 -1 -1)
#(0 168 2066 28 0 0 0 7 37433 -1 -1 -1 -1 -1 -1)
#(0 168 1794 38 0 3 0 10 54791 -1 -1 -1 -1 -1 -1)
#(0 168 716 51 0 3 0 13 71465 -1 -1 -1 -1 -1 -1)
#(0 168 332 62 0 1 0 15 80520 -1 -1 -1 -1 -1 -1)
#(0 168 1791 22 0 2 0 16 85587 -1 -1 -1 -1 -1 -1)
#(0 168 719 59 0 2 0 16 89276 -1 -1 -1 -1 -1 -1)
#(0 168 1128 64 0 3 0 22 118472 -1 -1 -1 -1 -1 -1)
#(0 168 722 59 0 3 0 23 121472 -1 -1 -1 -1 -1 -1)
#(0 168 720 59 0 2 0 25 132733 -1 -1 -1 -1 -1 -1)
#(0 168 1789 28 0 2 0 26 138705 -1 -1 -1 -1 -1 -1)
#(0 168 2080 23 0 0 0 27 142929 -1 -1 -1 -1 -1 -1)
#(0 168 1790 20 0 3 0 27 143588 -1 -1 -1 -1 -1 -1)
#(0 168 2067 23 0 0 0 34 179923 -1 -1 -1 -1 -1 -1)
#(0 168 1796 51 0 1 0 34 182201 -1 -1 -1 -1 -1 -1)
#(0 168 331 51 0 3 0 35 189840 -1 -1 -1 -1 -1 -1)
#(0 168 1473 63 0 3 0 36 194973 -1 -1 -1 -1 -1 -1)
#(0 168 1800 34 0 2 0 38 202420 -1 -1 -1 -1 -1 -1)
#(0 168 1125 44 0 3 0 38 205519 -1 -1 -1 -1 -1 -1)
#(0 168 2073 20 0 0 0 43 227368 -1 -1 -1 -1 -1 -1)
#(0 168 333 44 0 2 0 43 230591 -1 -1 -1 -1 -1 -1)
#(0 168 721 53 0 1 0 43 230404 -1 -1 -1 -1 -1 -1)
#(0 168 1130 74 0 1 0 47 250600 -1 -1 -1 -1 -1 -1)
#(0 168 1788 21 0 2 0 47 249211 -1 -1 -1 -1 -1 -1)
#(0 168 2068 30 0 0 0 48 253958 -1 -1 -1 -1 -1 -1)
#(0 168 2071 34 0 0 0 50 264585 -1 -1 -1 -1 -1 -1)
#(0 168 1131 57 0 2 0 51 270576 -1 -1 -1 -1 -1 -1)
#(0 168 2079 28 0 0 0 54 285571 -1 -1 -1 -1 -1 -1)
#(0 168 1124 51 0 2 0 55 290978 -1 -1 -1 -1 -1 -1)
#(0 168 2072 32 0 0 0 61 322615 -1 -1 -1 -1 -1 -1)
#(0 168 1470 70 0 2 0 65 343503 -1 -1 -1 -1 -1 -1)
#(0 168 723 44 0 2 0 66 350052 -1 -1 -1 -1 -1 -1)
#(0 168 2078 28 0 0 0 67 354218 -1 -1 -1 -1 -1 -1)
#(0 168 1134 59 0 2 0 80 424248 -1 -1 -1 -1 -1 -1)
#(0 168 1799 34 0 1 0 80 424161 -1 -1 -1 -1 -1 -1)
#(0 168 336 55 0 2 0 91 481151 -1 -1 -1 -1 -1 -1)
#(0 168 1787 23 0 3 1 99 526795 -1 -1 -1 -1 -1 -1)
#(0 168 724 54 0 2 1 98 519346 -1 -1 -1 -1 -1 -1)
#(0 168 1798 36 0 2 1 97 515551 -1 -1 -1 -1 -1 -1)
#(0 168 725 51 0 2 1 95 504314 -1 -1 -1 -1 -1 -1)
#(0 168 2076 27 0 0 1 86 458916 -1 -1 -1 -1 -1 -1)
#(0 168 1133 61 0 2 1 85 452582 -1 -1 -1 -1 -1 -1)
#(0 168 330 56 0 1 1 82 437487 -1 -1 -1 -1 -1 -1)
#(0 168 1126 63 0 2 1 82 436543 -1 -1 -1 -1 -1 -1)
#(0 168 1793 32 0 3 1 82 436578 -1 -1 -1 -1 -1 -1)
#(0 168 313 44 0 1 1 76 403043 -1 -1 -1 -1 -1 -1)
#(0 168 1129 68 0 2 1 76 403788 -1 -1 -1 -1 -1 -1)
#(0 168 338 59 0 1 1 72 383328 -1 -1 -1 -1 -1 -1)
#(0 168 2074 34 0 0 1 63 337343 -1 -1 -1 -1 -1 -1)
#(0 168 728 44 0 2 1 60 320511 -1 -1 -1 -1 -1 -1)
#(0 168 729 59 0 2 1 59 312347 -1 -1 -1 -1 -1 -1)
#(0 168 2077 20 0 0 1 56 300640 -1 -1 -1 -1 -1 -1)
#(0 168 2069 20 0 0 1 54 290070 -1 -1 -1 -1 -1 -1)
#(0 168 1132 56 0 2 1 44 236247 -1 -1 -1 -1 -1 -1)
#(0 168 1136 62 0 2 1 38 203721 -1 -1 -1 -1 -1 -1)
#(0 168 1797 45 0 3 1 13 71549 -1 -1 -1 -1 -1 -1)
#(0 169 1782 25 0 2 0 1 6509 -1 -1 -1 -1 -1 -1)
#(0 169 1481 59 0 2 0 3 20370 -1 -1 -1 -1 -1 -1)
#(0 169 337 51 0 1 0 5 30962 -1 -1 -1 -1 -1 -1)
#(0 169 2081 25 0 0 0 6 32100 -1 -1 -1 -1 -1 -1)
#(0 169 2083 28 0 0 0 7 37430 -1 -1 -1 -1 -1 -1)
#(0 169 2087 27 0 0 0 12 63823 -1 -1 -1 -1 -1 -1)
#(0 169 1806 27 0 2 0 14 75447 -1 -1 -1 -1 -1 -1)
#(0 169 2092 30 0 0 0 15 79698 -1 -1 -1 -1 -1 -1)
#(0 169 342 67 0 2 0 19 102438 -1 -1 -1 -1 -1 -1)
#(0 169 1148 55 0 2 0 22 117157 -1 -1 -1 -1 -1 -1)
#(0 169 345 68 0 3 0 23 125466 -1 -1 -1 -1 -1 -1)
#(0 169 1138 55 0 1 0 24 127753 -1 -1 -1 -1 -1 -1)
#(0 169 1475 51 0 1 0 25 135605 -1 -1 -1 -1 -1 -1)
#(0 169 1152 57 0 2 0 25 133706 -1 -1 -1 -1 -1 -1)
#(0 169 2086 23 0 0 0 26 137666 -1 -1 -1 -1 -1 -1)
#(0 169 1795 28 0 3 0 26 138725 -1 -1 -1 -1 -1 -1)
#(0 169 2089 23 0 0 0 28 148219 -1 -1 -1 -1 -1 -1)
#(0 169 343 44 0 2 0 29 156606 -1 -1 -1 -1 -1 -1)
#(0 169 1474 62 0 2 0 30 163091 -1 -1 -1 -1 -1 -1)
#(0 169 341 59 0 2 0 31 165283 -1 -1 -1 -1 -1 -1)
#(0 169 1142 70 0 2 0 33 177158 -1 -1 -1 -1 -1 -1)
#(0 169 1803 45 0 2 0 33 176679 -1 -1 -1 -1 -1 -1)
#(0 169 351 64 0 2 0 35 187611 -1 -1 -1 -1 -1 -1)
#(0 169 2091 20 0 0 0 37 195681 -1 -1 -1 -1 -1 -1)
#(0 169 348 65 0 1 0 43 230127 -1 -1 -1 -1 -1 -1)
#(0 169 733 69 0 1 0 43 231511 -1 -1 -1 -1 -1 -1)
#(0 169 340 44 0 2 0 44 235898 -1 -1 -1 -1 -1 -1)
#(0 169 1478 44 0 2 0 46 245826 -1 -1 -1 -1 -1 -1)
#(0 169 740 70 0 3 0 47 248946 -1 -1 -1 -1 -1 -1)
#(0 169 1145 55 0 3 0 49 259647 -1 -1 -1 -1 -1 -1)
#(0 169 1482 63 0 2 0 49 263655 -1 -1 -1 -1 -1 -1)
#(0 169 2085 34 0 0 0 52 275143 -1 -1 -1 -1 -1 -1)
#(0 169 735 57 0 1 0 58 310086 -1 -1 -1 -1 -1 -1)
#(0 169 1149 59 0 1 0 67 355457 -1 -1 -1 -1 -1 -1)
#(0 169 743 51 0 3 0 70 372447 -1 -1 -1 -1 -1 -1)
#(0 169 1807 28 0 2 0 71 376327 -1 -1 -1 -1 -1 -1)
#(0 169 1809 47 0 1 0 74 393155 -1 -1 -1 -1 -1 -1)
#(0 169 2082 30 0 0 1 97 516914 -1 -1 -1 -1 -1 -1)
#(0 169 736 44 0 1 1 94 500006 -1 -1 -1 -1 -1 -1)
#(0 169 1106 47 0 3 1 93 491313 -1 -1 -1 -1 -1 -1)
#(0 169 2090 25 0 0 1 91 485353 -1 -1 -1 -1 -1 -1)
#(0 169 1143 51 0 2 1 89 474686 -1 -1 -1 -1 -1 -1)
#(0 169 739 63 0 2 1 86 454427 -1 -1 -1 -1 -1 -1)
#(0 169 1480 50 0 2 1 83 440023 -1 -1 -1 -1 -1 -1)
#(0 169 744 53 0 2 1 82 434954 -1 -1 -1 -1 -1 -1)
#(0 169 1476 63 0 2 1 82 433326 -1 -1 -1 -1 -1 -1)
#(2 169 1476 -1 -1 -1 -1 -1 -1 63 -1 -1 -1 -1 -1)
#(0 169 1137 68 0 2 1 80 424843 -1 -1 -1 -1 -1 -1)
#(0 169 346 66 0 2 1 79 419170 -1 -1 -1 -1 -1 -1)
#(0 169 738 62 0 3 1 77 406782 -1 -1 -1 -1 -1 -1)
#(0 169 732 61 0 3 1 76 402520 -1 -1 -1 -1 -1 -1)
#(0 169 1483 69 0 3 1 74 395907 -1 -1 -1 -1 -1 -1)
#(0 169 730 74 0 2 1 73 390157 -1 -1 -1 -1 -1 -1)
#(0 169 731 63 0 2 1 64 342409 -1 -1 -1 -1 -1 -1)
#(0 169 734 55 0 2 1 64 339569 -1 -1 -1 -1 -1 -1)
#(0 169 2088 20 0 0 1 62 332307 -1 -1 -1 -1 -1 -1)
#(0 169 349 75 0 3 1 62 327810 -1 -1 -1 -1 -1 -1)
#(0 169 1479 50 0 2 1 61 323965 -1 -1 -1 -1 -1 -1)
#(0 169 1144 54 0 1 1 60 320728 -1 -1 -1 -1 -1 -1)
#(0 169 1471 53 0 2 1 59 313163 -1 -1 -1 -1 -1 -1)
#(0 169 1141 61 0 2 1 50 266861 -1 -1 -1 -1 -1 -1)
#(0 169 1810 35 0 2 1 50 267441 -1 -1 -1 -1 -1 -1)
#(0 169 339 75 0 1 1 46 244609 -1 -1 -1 -1 -1 -1)
#(0 169 1808 26 0 2 1 43 230972 -1 -1 -1 -1 -1 -1)
#(0 169 2084 26 0 0 1 41 221321 -1 -1 -1 -1 -1 -1)
#(0 169 1804 24 0 2 1 41 220462 -1 -1 -1 -1 -1 -1)
#(0 169 742 63 0 2 1 40 211205 -1 -1 -1 -1 -1 -1)
#(0 169 1140 44 0 2 1 36 190438 -1 -1 -1 -1 -1 -1)
#(0 169 745 59 0 2 1 35 185756 -1 -1 -1 -1 -1 -1)
#(0 169 350 59 0 2 1 27 146073 -1 -1 -1 -1 -1 -1)
#(0 169 347 51 0 1 1 18 95166 -1 -1 -1 -1 -1 -1)
#(0 169 1802 47 0 3 1 17 92586 -1 -1 -1 -1 -1 -1)
#(0 170 1490 68 0 1 0 1 5574 -1 -1 -1 -1 -1 -1)
#(0 170 1814 25 0 3 0 1 6516 -1 -1 -1 -1 -1 -1)
#(0 170 1139 59 0 1 0 2 11903 -1 -1 -1 -1 -1 -1)
#(0 170 1155 67 0 2 0 3 18539 -1 -1 -1 -1 -1 -1)
#(0 170 1815 26 0 2 0 3 17184 -1 -1 -1 -1 -1 -1)
#(0 170 753 51 0 1 0 4 23968 -1 -1 -1 -1 -1 -1)
#(0 170 1500 58 0 3 0 9 52342 -1 -1 -1 -1 -1 -1)
#(0 170 749 51 0 1 0 11 60773 -1 -1 -1 -1 -1 -1)
#(0 170 1498 41 0 1 0 12 66502 -1 -1 -1 -1 -1 -1)
#(0 170 358 59 0 2 0 13 70295 -1 -1 -1 -1 -1 -1)
#(0 170 1156 44 0 3 0 15 84119 -1 -1 -1 -1 -1 -1)
#(0 170 757 57 0 1 0 16 88428 -1 -1 -1 -1 -1 -1)
#(0 170 1811 22 0 3 0 16 85574 -1 -1 -1 -1 -1 -1)
#(0 170 1812 20 0 2 0 18 96091 -1 -1 -1 -1 -1 -1)
#(0 170 1502 63 0 2 0 19 105385 -1 -1 -1 -1 -1 -1)
#(0 170 746 60 0 3 0 24 126979 -1 -1 -1 -1 -1 -1)
#(0 170 1496 44 0 2 0 26 140220 -1 -1 -1 -1 -1 -1)
#(0 170 1158 62 0 3 0 26 139382 -1 -1 -1 -1 -1 -1)
#(0 170 1817 26 0 2 0 29 154464 -1 -1 -1 -1 -1 -1)
#(0 170 1499 56 0 1 0 31 167822 -1 -1 -1 -1 -1 -1)
#(0 170 2096 30 0 0 0 32 169457 -1 -1 -1 -1 -1 -1)
#(0 170 752 60 0 2 0 32 173979 -1 -1 -1 -1 -1 -1)
#(0 170 1151 62 0 1 0 33 176177 -1 -1 -1 -1 -1 -1)
#(0 170 362 55 0 1 0 33 175317 -1 -1 -1 -1 -1 -1)
#(0 170 751 57 0 1 0 33 178780 -1 -1 -1 -1 -1 -1)
#(0 170 359 64 0 2 0 38 203050 -1 -1 -1 -1 -1 -1)
#(0 170 1805 32 0 1 0 38 202325 -1 -1 -1 -1 -1 -1)
#(0 170 2100 32 0 0 0 41 216995 -1 -1 -1 -1 -1 -1)
#(0 170 756 67 0 2 0 41 217100 -1 -1 -1 -1 -1 -1)
#(0 170 747 70 0 2 0 42 226053 -1 -1 -1 -1 -1 -1)
#(0 170 1501 54 0 2 0 43 231265 -1 -1 -1 -1 -1 -1)
#(0 170 1157 66 0 1 0 50 266863 -1 -1 -1 -1 -1 -1)
#(0 170 2099 27 0 0 0 56 296113 -1 -1 -1 -1 -1 -1)
#(0 170 357 55 0 1 0 56 296418 -1 -1 -1 -1 -1 -1)
#(0 170 1159 44 0 1 0 56 300573 -1 -1 -1 -1 -1 -1)
#(0 170 1492 70 0 3 0 59 311626 -1 -1 -1 -1 -1 -1)
#(0 170 1489 65 0 1 0 65 348103 -1 -1 -1 -1 -1 -1)
#(0 170 1493 51 0 2 0 86 457730 -1 -1 -1 -1 -1 -1)
#(0 170 1494 54 0 2 0 89 473843 -1 -1 -1 -1 -1 -1)
#(0 170 2098 32 0 0 1 97 516908 -1 -1 -1 -1 -1 -1)
#(0 170 750 72 0 1 1 97 512182 -1 -1 -1 -1 -1 -1)
#(0 170 727 44 0 2 1 95 505295 -1 -1 -1 -1 -1 -1)
#(0 170 1486 64 0 3 1 95 501888 -1 -1 -1 -1 -1 -1)
#(0 170 1487 56 0 2 1 93 491799 -1 -1 -1 -1 -1 -1)
#(0 170 1484 50 0 2 1 91 482122 -1 -1 -1 -1 -1 -1)
#(0 170 1153 57 0 2 1 90 478901 -1 -1 -1 -1 -1 -1)
#(0 170 2097 25 0 0 1 86 458950 -1 -1 -1 -1 -1 -1)
#(0 170 361 59 0 2 1 86 457541 -1 -1 -1 -1 -1 -1)
#(0 170 1150 51 0 3 1 85 453617 -1 -1 -1 -1 -1 -1)
#(0 170 352 52 0 2 1 82 437681 -1 -1 -1 -1 -1 -1)
#(0 170 754 59 0 1 1 82 438183 -1 -1 -1 -1 -1 -1)
#(0 170 1801 32 0 2 1 82 436609 -1 -1 -1 -1 -1 -1)
#(0 170 1477 61 0 1 1 82 433453 -1 -1 -1 -1 -1 -1)
#(0 170 2095 22 0 0 1 79 422019 -1 -1 -1 -1 -1 -1)
#(0 170 1497 56 0 2 1 77 407644 -1 -1 -1 -1 -1 -1)
#(0 170 335 58 0 2 1 76 402036 -1 -1 -1 -1 -1 -1)
#(0 170 741 59 0 1 1 74 391794 -1 -1 -1 -1 -1 -1)
#(0 170 363 51 0 1 1 74 390991 -1 -1 -1 -1 -1 -1)
#(0 170 355 72 0 3 1 72 381401 -1 -1 -1 -1 -1 -1)
#(0 170 1813 21 0 3 1 71 379108 -1 -1 -1 -1 -1 -1)
#(0 170 1495 66 0 2 1 67 359021 -1 -1 -1 -1 -1 -1)
#(0 170 2094 29 0 0 1 65 347984 -1 -1 -1 -1 -1 -1)
#(0 170 356 51 0 2 1 64 338106 -1 -1 -1 -1 -1 -1)
#(0 170 1161 61 0 2 1 62 330556 -1 -1 -1 -1 -1 -1)
#(0 170 1488 64 0 2 1 60 317081 -1 -1 -1 -1 -1 -1)
#(0 170 755 51 0 1 1 57 303362 -1 -1 -1 -1 -1 -1)
#(0 170 2093 20 0 0 1 53 284783 -1 -1 -1 -1 -1 -1)
#(0 170 1160 69 0 2 1 53 282213 -1 -1 -1 -1 -1 -1)
#(0 170 1491 51 0 2 1 52 276224 -1 -1 -1 -1 -1 -1)
#(0 170 748 64 0 3 1 45 242737 -1 -1 -1 -1 -1 -1)
#(0 170 353 55 0 3 1 44 236999 -1 -1 -1 -1 -1 -1)
#(0 170 1485 51 0 1 1 40 212827 -1 -1 -1 -1 -1 -1)
#(0 170 1154 59 0 2 1 25 135574 -1 -1 -1 -1 -1 -1)
#(0 170 1816 31 0 2 1 24 130417 -1 -1 -1 -1 -1 -1)
#(0 171 1146 64 0 1 0 2 12362 -1 -1 -1 -1 -1 -1)
#(0 171 2108 27 0 0 0 3 16286 -1 -1 -1 -1 -1 -1)
#(0 171 1505 54 0 2 0 4 24892 -1 -1 -1 -1 -1 -1)
#(0 171 366 57 0 2 0 5 27087 -1 -1 -1 -1 -1 -1)
#(4 171 366 -1 0 -1 -1 -1 -1 64 0 0 0 0 -1)
#(0 171 769 56 0 1 0 6 35529 -1 -1 -1 -1 -1 -1)
#(0 171 1512 52 0 3 0 7 40769 -1 -1 -1 -1 -1 -1)
#(0 171 1818 44 0 1 0 7 39311 -1 -1 -1 -1 -1 -1)
#(0 171 2110 25 0 0 0 9 47924 -1 -1 -1 -1 -1 -1)
#(0 171 762 58 0 1 0 9 51971 -1 -1 -1 -1 -1 -1)
#(0 171 2112 27 0 0 0 15 79634 -1 -1 -1 -1 -1 -1)
#(0 171 2111 23 0 0 0 20 105974 -1 -1 -1 -1 -1 -1)
#(0 171 375 59 0 3 0 20 107203 -1 -1 -1 -1 -1 -1)
#(0 171 1162 57 0 3 0 22 117225 -1 -1 -1 -1 -1 -1)
#(0 171 2107 20 0 0 0 23 121766 -1 -1 -1 -1 -1 -1)
#(0 171 373 51 0 3 0 25 137007 -1 -1 -1 -1 -1 -1)
#(0 171 1504 61 0 1 0 27 147385 -1 -1 -1 -1 -1 -1)
#(0 171 2106 24 0 0 0 28 148248 -1 -1 -1 -1 -1 -1)
#(0 171 1506 49 0 1 0 29 156652 -1 -1 -1 -1 -1 -1)
#(0 171 344 54 0 1 0 29 157905 -1 -1 -1 -1 -1 -1)
#(0 171 2101 32 0 0 0 30 158948 -1 -1 -1 -1 -1 -1)
#(0 171 1517 57 0 1 0 36 194373 -1 -1 -1 -1 -1 -1)
#(0 171 1166 51 0 1 0 37 195911 -1 -1 -1 -1 -1 -1)
#(0 171 1819 50 0 3 0 39 208544 -1 -1 -1 -1 -1 -1)
#(0 171 1824 31 0 2 0 41 218106 -1 -1 -1 -1 -1 -1)
#(0 171 1167 59 0 2 0 43 228897 -1 -1 -1 -1 -1 -1)
#(0 171 737 52 0 3 0 43 231470 -1 -1 -1 -1 -1 -1)
#(0 171 758 59 0 4 0 45 242271 -1 -1 -1 -1 -1 -1)
#(0 171 1165 59 0 2 0 46 244691 -1 -1 -1 -1 -1 -1)
#(0 171 377 55 0 2 0 48 254116 -1 -1 -1 -1 -1 -1)
#(0 171 367 75 0 1 0 51 273644 -1 -1 -1 -1 -1 -1)
#(0 171 364 52 0 1 0 53 281114 -1 -1 -1 -1 -1 -1)
#(0 171 760 70 0 1 0 54 286446 -1 -1 -1 -1 -1 -1)
#(0 171 770 44 0 2 0 58 307808 -1 -1 -1 -1 -1 -1)
#(0 171 1508 55 0 3 0 59 315536 -1 -1 -1 -1 -1 -1)
#(0 171 759 51 0 2 0 59 314364 -1 -1 -1 -1 -1 -1)
#(0 171 1163 57 0 1 0 72 381747 -1 -1 -1 -1 -1 -1)
#(0 171 772 58 0 4 0 97 516974 -1 -1 -1 -1 -1 -1)
#(0 171 1820 20 0 2 1 98 521695 -1 -1 -1 -1 -1 -1)
#(0 171 365 63 0 2 1 97 515585 -1 -1 -1 -1 -1 -1)
#(0 171 2105 27 0 0 1 96 511704 -1 -1 -1 -1 -1 -1)
#(0 171 771 56 0 2 1 96 508145 -1 -1 -1 -1 -1 -1)
#(0 171 761 57 0 1 1 93 491873 -1 -1 -1 -1 -1 -1)
#(0 171 2102 25 0 0 1 91 485336 -1 -1 -1 -1 -1 -1)
#(0 171 1168 54 0 1 1 91 484697 -1 -1 -1 -1 -1 -1)
#(0 171 1147 62 0 2 1 89 473822 -1 -1 -1 -1 -1 -1)
#(0 171 774 59 0 2 1 87 460392 -1 -1 -1 -1 -1 -1)
#(0 171 372 58 0 3 1 84 446643 -1 -1 -1 -1 -1 -1)
#(0 171 1509 65 0 3 1 83 439166 -1 -1 -1 -1 -1 -1)
#(0 171 354 53 0 2 1 82 437649 -1 -1 -1 -1 -1 -1)
#(0 171 2103 29 0 0 1 81 432464 -1 -1 -1 -1 -1 -1)
#(0 171 1164 64 0 1 1 81 430300 -1 -1 -1 -1 -1 -1)
#(0 171 763 55 0 3 1 78 413598 -1 -1 -1 -1 -1 -1)
#(0 171 1821 37 0 1 1 75 399313 -1 -1 -1 -1 -1 -1)
#(0 171 764 50 0 2 1 72 382575 -1 -1 -1 -1 -1 -1)
#(0 171 360 48 0 3 1 72 384275 -1 -1 -1 -1 -1 -1)
#(0 171 2109 25 0 0 1 69 369194 -1 -1 -1 -1 -1 -1)
#(0 171 1169 51 0 3 1 66 353198 -1 -1 -1 -1 -1 -1)
#(0 171 374 57 0 1 1 66 352512 -1 -1 -1 -1 -1 -1)
#(0 171 1516 54 0 3 1 64 339043 -1 -1 -1 -1 -1 -1)
#(0 171 1822 39 0 3 1 61 325339 -1 -1 -1 -1 -1 -1)
#(0 171 768 51 0 1 1 60 319998 -1 -1 -1 -1 -1 -1)
#(0 171 767 67 0 1 1 53 284652 -1 -1 -1 -1 -1 -1)
#(0 171 765 57 0 3 1 52 275903 -1 -1 -1 -1 -1 -1)
#(0 171 371 66 0 2 1 51 271124 -1 -1 -1 -1 -1 -1)
#(0 171 1823 35 0 2 1 49 262175 -1 -1 -1 -1 -1 -1)
#(0 171 1503 67 0 2 1 46 242973 -1 -1 -1 -1 -1 -1)
#(0 171 1507 44 0 2 1 45 239915 -1 -1 -1 -1 -1 -1)
#(0 171 370 51 0 1 1 33 174454 -1 -1 -1 -1 -1 -1)
#(0 171 376 62 0 1 1 11 61128 -1 -1 -1 -1 -1 -1)
#(0 172 2117 24 0 0 0 6 32086 -1 -1 -1 -1 -1 -1)
#(0 172 1828 45 0 2 0 6 34002 -1 -1 -1 -1 -1 -1)
#(0 172 2122 27 0 0 0 10 53230 -1 -1 -1 -1 -1 -1)
#(0 172 776 44 0 2 0 12 64926 -1 -1 -1 -1 -1 -1)
#(0 172 384 54 0 3 0 14 73935 -1 -1 -1 -1 -1 -1)
#(0 172 777 58 0 2 0 15 83793 -1 -1 -1 -1 -1 -1)
#(0 172 1827 22 0 3 0 16 85606 -1 -1 -1 -1 -1 -1)
#(0 172 1173 59 0 3 0 17 91909 -1 -1 -1 -1 -1 -1)
#(0 172 1825 28 0 2 0 17 91204 -1 -1 -1 -1 -1 -1)
#(0 172 379 57 0 2 0 18 96312 -1 -1 -1 -1 -1 -1)
#(0 172 1178 57 0 3 0 19 103013 -1 -1 -1 -1 -1 -1)
#(0 172 381 72 0 3 0 22 120221 -1 -1 -1 -1 -1 -1)
#(0 172 1177 60 0 3 0 23 123237 -1 -1 -1 -1 -1 -1)
#(0 172 1832 39 0 1 0 25 134064 -1 -1 -1 -1 -1 -1)
#(0 172 1172 44 0 2 0 25 136951 -1 -1 -1 -1 -1 -1)
#(0 172 1829 29 0 2 0 26 138749 -1 -1 -1 -1 -1 -1)
#(0 172 1513 55 0 2 0 27 146567 -1 -1 -1 -1 -1 -1)
#(0 172 1510 50 0 2 0 29 156670 -1 -1 -1 -1 -1 -1)
#(0 172 1511 54 0 2 0 31 167586 -1 -1 -1 -1 -1 -1)
#(0 172 388 63 0 2 0 33 176190 -1 -1 -1 -1 -1 -1)
#(0 172 782 63 0 1 0 43 231360 -1 -1 -1 -1 -1 -1)
#(0 172 2115 27 0 0 0 55 290858 -1 -1 -1 -1 -1 -1)
#(0 172 2119 20 0 0 0 66 348808 -1 -1 -1 -1 -1 -1)
#(0 172 2121 34 0 0 0 70 370160 -1 -1 -1 -1 -1 -1)
#(0 172 1826 37 0 3 0 77 408477 -1 -1 -1 -1 -1 -1)
#(0 172 1518 61 0 2 0 86 458166 -1 -1 -1 -1 -1 -1)
#(0 172 2114 29 0 0 1 97 516946 -1 -1 -1 -1 -1 -1)
#(0 172 784 47 0 1 1 97 513667 -1 -1 -1 -1 -1 -1)
#(0 172 2113 26 0 0 1 96 511730 -1 -1 -1 -1 -1 -1)
#(0 172 386 67 0 3 1 96 510378 -1 -1 -1 -1 -1 -1)
#(0 172 2116 30 0 0 1 94 501082 -1 -1 -1 -1 -1 -1)
#(0 172 781 54 0 2 1 94 499511 -1 -1 -1 -1 -1 -1)
#(0 172 2104 20 0 0 1 91 485429 -1 -1 -1 -1 -1 -1)
#(0 172 1175 44 0 3 1 90 475772 -1 -1 -1 -1 -1 -1)
#(0 172 387 55 0 1 1 87 464160 -1 -1 -1 -1 -1 -1)
#(0 172 1170 63 0 1 1 85 452695 -1 -1 -1 -1 -1 -1)
#(0 172 1831 45 0 1 1 83 441216 -1 -1 -1 -1 -1 -1)
#(0 172 1176 65 0 2 1 77 408891 -1 -1 -1 -1 -1 -1)
#(0 172 1520 54 0 2 1 76 402580 -1 -1 -1 -1 -1 -1)
#(0 172 1519 59 0 3 1 73 386218 -1 -1 -1 -1 -1 -1)
#(0 172 1833 20 0 2 1 68 363295 -1 -1 -1 -1 -1 -1)
#(0 172 378 44 0 3 1 64 339643 -1 -1 -1 -1 -1 -1)
#(0 172 780 55 0 1 1 63 334445 -1 -1 -1 -1 -1 -1)
#(0 172 1179 57 0 1 1 63 336409 -1 -1 -1 -1 -1 -1)
#(0 172 2118 21 0 0 1 62 332288 -1 -1 -1 -1 -1 -1)
#(0 172 385 65 0 3 1 59 313507 -1 -1 -1 -1 -1 -1)
#(0 172 1174 62 0 1 1 59 314553 -1 -1 -1 -1 -1 -1)
#(0 172 380 59 0 2 1 58 309367 -1 -1 -1 -1 -1 -1)
#(0 172 1521 54 0 2 1 51 270357 -1 -1 -1 -1 -1 -1)
#(0 172 1830 37 0 3 1 51 272639 -1 -1 -1 -1 -1 -1)
#(0 172 783 59 0 1 1 49 259576 -1 -1 -1 -1 -1 -1)
#(0 172 1523 60 0 3 1 44 233002 -1 -1 -1 -1 -1 -1)
#(0 172 778 67 0 2 1 40 215946 -1 -1 -1 -1 -1 -1)
#(0 172 779 62 0 2 1 28 148329 -1 -1 -1 -1 -1 -1)
#(0 172 775 70 0 1 1 12 67638 -1 -1 -1 -1 -1 -1)
#(0 173 1841 28 0 2 0 2 12037 -1 -1 -1 -1 -1 -1)
#(0 173 1838 35 0 2 0 4 22987 -1 -1 -1 -1 -1 -1)
#(0 173 398 60 0 1 0 4 22985 -1 -1 -1 -1 -1 -1)
#(0 173 389 62 0 1 0 5 27858 -1 -1 -1 -1 -1 -1)
#(0 173 1189 61 0 2 0 11 60219 -1 -1 -1 -1 -1 -1)
#(0 173 397 59 0 2 0 13 70105 -1 -1 -1 -1 -1 -1)
#(0 173 395 44 0 2 0 14 77463 -1 -1 -1 -1 -1 -1)
#(0 173 1842 28 0 1 0 14 75493 -1 -1 -1 -1 -1 -1)
#(0 173 1528 59 0 2 0 17 93558 -1 -1 -1 -1 -1 -1)
#(0 173 2127 21 0 0 0 20 105952 -1 -1 -1 -1 -1 -1)
#(0 173 788 65 0 3 0 21 111928 -1 -1 -1 -1 -1 -1)
#(0 173 794 59 0 3 0 22 120460 -1 -1 -1 -1 -1 -1)
#(0 173 2123 30 0 0 0 24 127246 -1 -1 -1 -1 -1 -1)
#(0 173 793 51 0 1 0 26 140068 -1 -1 -1 -1 -1 -1)
#(0 173 1522 67 0 3 0 27 147106 -1 -1 -1 -1 -1 -1)
#(0 173 1514 54 0 3 0 31 167663 -1 -1 -1 -1 -1 -1)
#(0 173 1186 55 0 2 0 31 164716 -1 -1 -1 -1 -1 -1)
#(0 173 1182 57 0 1 0 32 170500 -1 -1 -1 -1 -1 -1)
#(0 173 1530 63 0 2 0 32 173860 -1 -1 -1 -1 -1 -1)
#(0 173 1184 54 0 2 0 33 175534 -1 -1 -1 -1 -1 -1)
#(0 173 1191 70 0 3 0 34 182848 -1 -1 -1 -1 -1 -1)
#(0 173 391 57 0 3 0 34 182297 -1 -1 -1 -1 -1 -1)
#(0 173 390 51 0 3 0 39 210690 -1 -1 -1 -1 -1 -1)
#(0 173 1837 48 0 2 0 40 213756 -1 -1 -1 -1 -1 -1)
#(0 173 393 62 0 2 0 44 233492 -1 -1 -1 -1 -1 -1)
#(0 173 2129 28 0 0 0 47 248625 -1 -1 -1 -1 -1 -1)
#(0 173 382 66 0 2 0 50 265930 -1 -1 -1 -1 -1 -1)
#(0 173 396 66 0 2 0 52 277826 -1 -1 -1 -1 -1 -1)
#(0 173 1835 47 0 2 0 55 292912 -1 -1 -1 -1 -1 -1)
#(0 173 1181 57 0 3 0 59 314160 -1 -1 -1 -1 -1 -1)
#(0 173 1183 44 0 1 0 59 316481 -1 -1 -1 -1 -1 -1)
#(0 173 792 55 0 1 0 64 341337 -1 -1 -1 -1 -1 -1)
#(0 173 1192 67 0 2 0 91 483414 -1 -1 -1 -1 -1 -1)
#(0 173 1188 51 0 2 1 96 511506 -1 -1 -1 -1 -1 -1)
#(0 173 773 54 0 2 1 96 508654 -1 -1 -1 -1 -1 -1)
#(0 173 2124 24 0 0 1 94 501198 -1 -1 -1 -1 -1 -1)
#(0 173 1187 58 0 1 1 94 499668 -1 -1 -1 -1 -1 -1)
#(0 173 2126 26 0 0 1 93 495892 -1 -1 -1 -1 -1 -1)
#(0 173 2128 30 0 0 1 92 490540 -1 -1 -1 -1 -1 -1)
#(0 173 1527 52 0 3 1 91 481864 -1 -1 -1 -1 -1 -1)
#(0 173 1836 45 0 2 1 91 483415 -1 -1 -1 -1 -1 -1)
#(0 173 1171 56 0 3 1 91 484201 -1 -1 -1 -1 -1 -1)
#(0 173 1194 67 0 1 1 88 467914 -1 -1 -1 -1 -1 -1)
#(0 173 786 62 0 2 1 87 460389 -1 -1 -1 -1 -1 -1)
#(0 173 1190 62 0 3 1 87 463005 -1 -1 -1 -1 -1 -1)
#(0 173 399 58 0 3 1 85 453134 -1 -1 -1 -1 -1 -1)
#(0 173 1840 34 0 2 1 85 452264 -1 -1 -1 -1 -1 -1)
#(0 173 790 60 0 1 1 85 449491 -1 -1 -1 -1 -1 -1)
#(0 173 1834 35 0 1 1 80 425791 -1 -1 -1 -1 -1 -1)
#(0 173 1529 60 0 2 1 80 422770 -1 -1 -1 -1 -1 -1)
#(0 173 2130 24 0 0 1 79 421997 -1 -1 -1 -1 -1 -1)
#(0 173 2125 25 0 0 1 78 416708 -1 -1 -1 -1 -1 -1)
#(0 173 1526 57 0 2 1 77 407597 -1 -1 -1 -1 -1 -1)
#(0 173 1180 62 0 3 1 73 388719 -1 -1 -1 -1 -1 -1)
#(0 173 785 56 0 1 1 72 381127 -1 -1 -1 -1 -1 -1)
#(0 173 787 49 0 1 1 71 377511 -1 -1 -1 -1 -1 -1)
#(0 173 2120 24 0 0 1 69 369182 -1 -1 -1 -1 -1 -1)
#(0 173 2131 26 0 0 1 60 321662 -1 -1 -1 -1 -1 -1)
#(0 173 1524 54 0 2 1 59 313184 -1 -1 -1 -1 -1 -1)
#(0 173 791 64 0 3 1 58 307289 -1 -1 -1 -1 -1 -1)
#(0 173 394 44 0 3 1 55 292151 -1 -1 -1 -1 -1 -1)
#(0 173 1839 21 0 2 1 54 289355 -1 -1 -1 -1 -1 -1)
#(0 173 1515 63 0 2 1 45 239068 -1 -1 -1 -1 -1 -1)
#(0 173 1185 62 0 1 1 42 224808 -1 -1 -1 -1 -1 -1)
#(0 173 392 62 0 2 1 38 203941 -1 -1 -1 -1 -1 -1)
#(0 174 2143 28 0 0 0 3 16289 -1 -1 -1 -1 -1 -1)
#(0 174 796 57 0 2 0 3 20287 -1 -1 -1 -1 -1 -1)
#(0 174 2142 20 0 0 0 5 26723 -1 -1 -1 -1 -1 -1)
#(0 174 2139 24 0 0 0 6 32067 -1 -1 -1 -1 -1 -1)
#(0 174 413 63 0 2 0 7 39517 -1 -1 -1 -1 -1 -1)
#(0 174 401 54 0 2 0 8 44437 -1 -1 -1 -1 -1 -1)
#(0 174 1850 36 0 3 0 8 44100 -1 -1 -1 -1 -1 -1)
#(0 174 799 48 0 3 0 12 66136 -1 -1 -1 -1 -1 -1)
#(0 174 1542 63 0 2 0 16 89020 -1 -1 -1 -1 -1 -1)
#(0 174 802 51 0 3 0 19 103197 -1 -1 -1 -1 -1 -1)
#(0 174 1851 48 0 1 0 19 102856 -1 -1 -1 -1 -1 -1)
#(0 174 2135 22 0 0 0 23 121811 -1 -1 -1 -1 -1 -1)
#(0 174 1848 34 0 1 0 25 133791 -1 -1 -1 -1 -1 -1)
#(0 174 1525 62 0 1 0 29 157370 -1 -1 -1 -1 -1 -1)
#(0 174 405 44 0 3 0 29 156497 -1 -1 -1 -1 -1 -1)
#(0 174 2134 23 0 0 0 33 174620 -1 -1 -1 -1 -1 -1)
#(0 174 1846 43 0 3 0 33 176509 -1 -1 -1 -1 -1 -1)
#(0 174 2132 27 0 0 0 34 179975 -1 -1 -1 -1 -1 -1)
#(0 174 795 64 0 1 0 36 190196 -1 -1 -1 -1 -1 -1)
#(0 174 1202 55 0 2 0 36 191114 -1 -1 -1 -1 -1 -1)
#(0 174 1195 44 0 3 0 37 200301 -1 -1 -1 -1 -1 -1)
#(0 174 1198 63 0 2 0 40 213437 -1 -1 -1 -1 -1 -1)
#(0 174 2138 32 0 0 0 41 217004 -1 -1 -1 -1 -1 -1)
#(0 174 1534 63 0 3 0 42 226810 -1 -1 -1 -1 -1 -1)
#(0 174 414 70 0 2 0 47 252408 -1 -1 -1 -1 -1 -1)
#(0 174 2136 28 0 0 0 53 280305 -1 -1 -1 -1 -1 -1)
#(0 174 1540 60 0 4 0 57 305642 -1 -1 -1 -1 -1 -1)
#(0 174 1193 71 0 2 0 59 315152 -1 -1 -1 -1 -1 -1)
#(0 174 1536 75 0 2 0 62 328020 -1 -1 -1 -1 -1 -1)
#(0 174 411 59 0 1 0 64 339685 -1 -1 -1 -1 -1 -1)
#(0 174 400 66 0 3 0 66 351134 -1 -1 -1 -1 -1 -1)
#(0 174 1845 32 0 2 0 68 360745 -1 -1 -1 -1 -1 -1)
#(0 174 806 57 0 2 0 73 389501 -1 -1 -1 -1 -1 -1)
#(0 174 407 44 0 3 0 79 420624 -1 -1 -1 -1 -1 -1)
#(0 174 1844 20 0 3 1 93 495270 -1 -1 -1 -1 -1 -1)
#(0 174 800 51 0 1 1 91 483027 -1 -1 -1 -1 -1 -1)
#(0 174 403 56 0 3 1 91 484705 -1 -1 -1 -1 -1 -1)
#(0 174 1541 53 0 2 1 90 476493 -1 -1 -1 -1 -1 -1)
#(0 174 803 53 0 1 1 90 476803 -1 -1 -1 -1 -1 -1)
#(0 174 2141 29 0 0 1 89 474724 -1 -1 -1 -1 -1 -1)
#(0 174 1533 43 0 2 1 89 472274 -1 -1 -1 -1 -1 -1)
#(0 174 798 62 0 3 1 87 460377 -1 -1 -1 -1 -1 -1)
#(0 174 409 44 0 2 1 85 450531 -1 -1 -1 -1 -1 -1)
#(0 174 1197 66 0 3 1 83 440687 -1 -1 -1 -1 -1 -1)
#(0 174 1849 42 0 2 1 81 430762 -1 -1 -1 -1 -1 -1)
#(0 174 804 64 0 2 1 80 427253 -1 -1 -1 -1 -1 -1)
#(0 174 404 64 0 2 1 79 419689 -1 -1 -1 -1 -1 -1)
#(0 174 1531 51 0 3 1 78 413494 -1 -1 -1 -1 -1 -1)
#(0 174 1843 30 0 2 1 74 394410 -1 -1 -1 -1 -1 -1)
#(0 174 1852 46 0 2 1 73 388370 -1 -1 -1 -1 -1 -1)
#(0 174 2133 34 0 0 1 67 358455 -1 -1 -1 -1 -1 -1)
#(0 174 1200 64 0 1 1 67 356962 -1 -1 -1 -1 -1 -1)
#(0 174 2140 28 0 0 1 65 348022 -1 -1 -1 -1 -1 -1)
#(0 174 1538 51 0 2 1 62 329027 -1 -1 -1 -1 -1 -1)
#(0 174 1199 54 0 3 1 57 305139 -1 -1 -1 -1 -1 -1)
#(0 174 2137 23 0 0 1 52 279463 -1 -1 -1 -1 -1 -1)
#(0 174 402 55 0 2 1 52 279440 -1 -1 -1 -1 -1 -1)
#(0 174 797 57 0 2 1 49 260057 -1 -1 -1 -1 -1 -1)
#(0 174 1847 21 0 2 1 46 247110 -1 -1 -1 -1 -1 -1)
#(0 174 1532 58 0 1 1 40 212481 -1 -1 -1 -1 -1 -1)
#(0 174 412 55 0 3 1 32 173585 -1 -1 -1 -1 -1 -1)
#(0 174 1196 60 0 1 1 29 156380 -1 -1 -1 -1 -1 -1)
#(0 174 1537 57 0 3 1 21 111921 -1 -1 -1 -1 -1 -1)
#(0 175 1853 26 0 2 0 1 6595 -1 -1 -1 -1 -1 -1)
#(0 175 415 59 0 3 0 4 22593 -1 -1 -1 -1 -1 -1)
#(0 175 1546 61 0 1 0 8 47364 -1 -1 -1 -1 -1 -1)
#(0 175 821 67 0 3 0 9 48268 -1 -1 -1 -1 -1 -1)
#(0 175 1212 55 0 2 0 10 53489 -1 -1 -1 -1 -1 -1)
#(0 175 1545 62 0 2 0 10 57673 -1 -1 -1 -1 -1 -1)
#(0 175 2147 26 0 0 0 11 58513 -1 -1 -1 -1 -1 -1)
#(0 175 811 53 0 1 0 12 66620 -1 -1 -1 -1 -1 -1)
#(0 175 406 61 0 3 0 13 71698 -1 -1 -1 -1 -1 -1)
#(0 175 418 44 0 2 0 15 82718 -1 -1 -1 -1 -1 -1)
#(0 175 1549 58 0 2 0 15 83890 -1 -1 -1 -1 -1 -1)
#(0 175 431 62 0 2 0 18 97009 -1 -1 -1 -1 -1 -1)
#(0 175 423 56 0 3 0 19 101911 -1 -1 -1 -1 -1 -1)
#(0 175 817 44 0 3 0 19 101751 -1 -1 -1 -1 -1 -1)
#(0 175 1856 31 0 2 0 22 117753 -1 -1 -1 -1 -1 -1)
#(0 175 422 59 0 2 0 25 134980 -1 -1 -1 -1 -1 -1)
#(0 175 1535 63 0 2 0 27 146922 -1 -1 -1 -1 -1 -1)
#(0 175 1209 74 0 2 0 28 151594 -1 -1 -1 -1 -1 -1)
#(0 175 1205 44 0 2 0 28 152775 -1 -1 -1 -1 -1 -1)
#(0 175 1539 48 0 2 0 29 156593 -1 -1 -1 -1 -1 -1)
#(0 175 1558 55 0 2 0 31 167646 -1 -1 -1 -1 -1 -1)
#(0 175 1858 37 0 2 0 31 165585 -1 -1 -1 -1 -1 -1)
#(0 175 805 48 0 1 0 35 188182 -1 -1 -1 -1 -1 -1)
#(0 175 420 60 0 2 0 35 186942 -1 -1 -1 -1 -1 -1)
#(0 175 1854 29 0 2 0 35 186268 -1 -1 -1 -1 -1 -1)
#(0 175 809 64 0 1 0 42 225129 -1 -1 -1 -1 -1 -1)
#(0 175 813 64 0 1 0 43 231569 -1 -1 -1 -1 -1 -1)
#(0 175 2145 23 0 0 0 48 253829 -1 -1 -1 -1 -1 -1)
#(0 175 430 62 0 2 0 48 255424 -1 -1 -1 -1 -1 -1)
#(0 175 1855 30 0 2 0 50 265719 -1 -1 -1 -1 -1 -1)
#(0 175 1551 57 0 2 0 55 294608 -1 -1 -1 -1 -1 -1)
#(0 175 1860 40 0 1 0 60 318859 -1 -1 -1 -1 -1 -1)
#(0 175 2146 20 0 0 0 67 354095 -1 -1 -1 -1 -1 -1)
#(0 175 1547 42 0 3 0 69 367206 -1 -1 -1 -1 -1 -1)
#(0 175 1560 47 0 2 1 98 518646 -1 -1 -1 -1 -1 -1)
#(0 175 810 62 0 2 1 97 513081 -1 -1 -1 -1 -1 -1)
#(0 175 1556 62 0 1 1 96 507420 -1 -1 -1 -1 -1 -1)
#(0 175 2148 24 0 0 1 94 501200 -1 -1 -1 -1 -1 -1)
#(0 175 1204 51 0 3 1 91 485209 -1 -1 -1 -1 -1 -1)
#(0 175 801 44 0 2 1 91 484175 -1 -1 -1 -1 -1 -1)
#(0 175 417 44 0 1 1 90 477012 -1 -1 -1 -1 -1 -1)
#(0 175 1207 54 0 2 1 89 474818 -1 -1 -1 -1 -1 -1)
#(0 175 1544 40 0 2 1 89 472441 -1 -1 -1 -1 -1 -1)
#(0 175 1201 64 0 2 1 88 468192 -1 -1 -1 -1 -1 -1)
#(0 175 425 58 0 1 1 87 461796 -1 -1 -1 -1 -1 -1)
#(0 175 1211 44 0 3 1 84 443951 -1 -1 -1 -1 -1 -1)
#(0 175 1210 62 0 3 1 80 424628 -1 -1 -1 -1 -1 -1)
#(0 175 427 62 0 2 1 80 425018 -1 -1 -1 -1 -1 -1)
#(0 175 1859 34 0 2 1 80 425881 -1 -1 -1 -1 -1 -1)
#(0 175 410 64 0 3 1 79 419697 -1 -1 -1 -1 -1 -1)
#(2 175 410 -1 -1 -1 -1 -1 -1 65 -1 -1 -1 -1 -1)
#(0 175 1206 59 0 2 1 78 414509 -1 -1 -1 -1 -1 -1)
#(0 175 416 65 0 2 1 77 408319 -1 -1 -1 -1 -1 -1)
#(0 175 1559 57 0 2 1 76 402507 -1 -1 -1 -1 -1 -1)
#(0 175 1548 66 0 2 1 75 396011 -1 -1 -1 -1 -1 -1)
#(0 175 419 55 0 2 1 74 395402 -1 -1 -1 -1 -1 -1)
#(0 175 814 75 0 2 1 68 362792 -1 -1 -1 -1 -1 -1)
#(0 175 815 62 0 2 1 68 359420 -1 -1 -1 -1 -1 -1)
#(0 175 818 51 0 3 1 66 350928 -1 -1 -1 -1 -1 -1)
#(0 175 421 54 0 2 1 64 338426 -1 -1 -1 -1 -1 -1)
#(0 175 2149 20 0 0 1 62 332319 -1 -1 -1 -1 -1 -1)
#(0 175 1543 42 0 2 1 62 329794 -1 -1 -1 -1 -1 -1)
#(0 175 429 59 0 3 1 60 320093 -1 -1 -1 -1 -1 -1)
#(0 175 2144 20 0 0 1 56 300622 -1 -1 -1 -1 -1 -1)
#(2 175 2144 -1 -1 -1 -1 -1 -1 66 -1 -1 -1 -1 -1)
#(0 175 819 56 0 2 1 56 296984 -1 -1 -1 -1 -1 -1)
#(0 175 812 60 0 2 1 55 291150 -1 -1 -1 -1 -1 -1)
#(0 175 408 67 0 2 1 54 287882 -1 -1 -1 -1 -1 -1)
#(0 175 822 59 0 1 1 53 280847 -1 -1 -1 -1 -1 -1)
#(0 175 1550 63 0 2 1 51 269963 -1 -1 -1 -1 -1 -1)
#(0 175 2150 32 0 0 1 46 247639 -1 -1 -1 -1 -1 -1)
#(0 175 1553 51 0 2 1 45 239512 -1 -1 -1 -1 -1 -1)
#(3 175 1553 -1 0 -1 -1 -1 -1 67 -1 -1 -1 -1 48)
#(0 175 816 60 0 1 1 38 201101 -1 -1 -1 -1 -1 -1)
#(0 175 1203 64 0 1 1 36 192849 -1 -1 -1 -1 -1 -1)
#(2 175 1203 -1 -1 -1 -1 -1 -1 68 -1 -1 -1 -1 -1)
#(0 175 823 44 0 2 1 30 162145 -1 -1 -1 -1 -1 -1)
#(0 175 1208 75 0 1 1 15 80338 -1 -1 -1 -1 -1 -1)
#(0 176 1857 24 0 3 0 1 6445 -1 -1 -1 -1 -1 -1)
#(0 176 1563 59 0 2 0 2 14872 -1 -1 -1 -1 -1 -1)
#(0 176 1869 30 0 2 0 3 17435 -1 -1 -1 -1 -1 -1)
#(0 176 1221 51 0 2 0 7 37574 -1 -1 -1 -1 -1 -1)
#(0 176 2153 25 0 0 0 9 47928 -1 -1 -1 -1 -1 -1)
#(0 176 1552 55 0 2 0 10 56866 -1 -1 -1 -1 -1 -1)
#(0 176 438 57 0 1 0 10 54049 -1 -1 -1 -1 -1 -1)
#(0 176 1214 63 0 3 0 15 81747 -1 -1 -1 -1 -1 -1)
#(0 176 1555 59 0 2 0 15 83712 -1 -1 -1 -1 -1 -1)
#(0 176 1865 20 0 3 0 17 90793 -1 -1 -1 -1 -1 -1)
#(0 176 426 66 0 2 0 19 102931 -1 -1 -1 -1 -1 -1)
#(0 176 1220 57 0 2 0 19 102200 -1 -1 -1 -1 -1 -1)
#(0 176 443 71 0 1 0 21 115936 -1 -1 -1 -1 -1 -1)
#(2 176 443 -1 -1 -1 -1 -1 -1 69 -1 -1 -1 -1 -1)
#(0 176 834 58 0 3 0 22 120161 -1 -1 -1 -1 -1 -1)
#(0 176 1561 59 0 2 0 22 120665 -1 -1 -1 -1 -1 -1)
#(0 176 832 57 0 1 0 24 130629 -1 -1 -1 -1 -1 -1)
#(0 176 1572 43 0 2 0 24 129628 -1 -1 -1 -1 -1 -1)
#(0 176 1227 58 0 2 0 24 128260 -1 -1 -1 -1 -1 -1)
#(0 176 1867 29 0 2 0 25 133515 -1 -1 -1 -1 -1 -1)
#(0 176 827 58 0 2 0 25 136739 -1 -1 -1 -1 -1 -1)
#(0 176 2155 29 0 0 0 26 137761 -1 -1 -1 -1 -1 -1)
#(0 176 1216 51 0 2 0 26 137472 -1 -1 -1 -1 -1 -1)
#(0 176 1866 26 0 2 0 27 143899 -1 -1 -1 -1 -1 -1)
#(0 176 1565 75 0 3 0 27 147728 -1 -1 -1 -1 -1 -1)
#(0 176 828 44 0 2 0 30 160000 -1 -1 -1 -1 -1 -1)
#(0 176 432 64 0 1 0 32 171696 -1 -1 -1 -1 -1 -1)
#(0 176 829 56 0 4 0 33 178575 -1 -1 -1 -1 -1 -1)
#(0 176 433 59 0 1 0 34 181193 -1 -1 -1 -1 -1 -1)
#(0 176 807 49 0 2 0 35 187568 -1 -1 -1 -1 -1 -1)
#(0 176 2152 23 0 0 0 42 222150 -1 -1 -1 -1 -1 -1)
#(0 176 833 54 0 2 0 43 230792 -1 -1 -1 -1 -1 -1)
#(0 176 1861 20 0 2 0 43 228087 -1 -1 -1 -1 -1 -1)
#(0 176 1229 44 0 2 0 43 231958 -1 -1 -1 -1 -1 -1)
#(0 176 1569 56 0 2 0 43 231335 -1 -1 -1 -1 -1 -1)
#(0 176 435 75 0 3 0 45 240315 -1 -1 -1 -1 -1 -1)
#(0 176 2156 27 0 0 0 46 243321 -1 -1 -1 -1 -1 -1)
#(0 176 1223 59 0 2 0 46 244798 -1 -1 -1 -1 -1 -1)
#(0 176 434 51 0 2 0 49 263048 -1 -1 -1 -1 -1 -1)
#(0 176 2151 32 0 0 0 58 306790 -1 -1 -1 -1 -1 -1)
#(0 176 1566 73 0 1 0 59 312183 -1 -1 -1 -1 -1 -1)
#(0 176 424 64 0 2 0 80 423634 -1 -1 -1 -1 -1 -1)
#(0 176 1228 61 0 2 1 94 499843 -1 -1 -1 -1 -1 -1)
#(0 176 825 44 0 2 1 93 494692 -1 -1 -1 -1 -1 -1)
#(0 176 1224 57 0 1 1 92 490070 -1 -1 -1 -1 -1 -1)
#(0 176 442 61 0 1 1 90 477954 -1 -1 -1 -1 -1 -1)
#(0 176 2157 27 0 0 1 87 464207 -1 -1 -1 -1 -1 -1)
#(0 176 440 61 0 1 1 87 462752 -1 -1 -1 -1 -1 -1)
#(0 176 1562 59 0 2 1 85 449523 -1 -1 -1 -1 -1 -1)
#(0 176 1571 56 0 1 1 84 444726 -1 -1 -1 -1 -1 -1)
#(0 176 1570 56 0 1 1 83 439465 -1 -1 -1 -1 -1 -1)
#(0 176 1225 51 0 2 1 80 427053 -1 -1 -1 -1 -1 -1)
#(0 176 1568 47 0 2 1 78 413889 -1 -1 -1 -1 -1 -1)
#(0 176 1226 54 0 2 1 78 415524 -1 -1 -1 -1 -1 -1)
#(0 176 428 62 0 2 1 77 409444 -1 -1 -1 -1 -1 -1)
#(0 176 826 57 0 2 1 76 402075 -1 -1 -1 -1 -1 -1)
#(0 176 830 44 0 1 1 72 383829 -1 -1 -1 -1 -1 -1)
#(0 176 2154 26 0 0 1 69 369173 -1 -1 -1 -1 -1 -1)
#(0 176 1564 62 0 3 1 68 359558 -1 -1 -1 -1 -1 -1)
#(0 176 831 51 0 2 1 67 356263 -1 -1 -1 -1 -1 -1)
#(0 176 1567 56 0 3 1 66 349564 -1 -1 -1 -1 -1 -1)
#(0 176 824 51 0 2 1 63 335121 -1 -1 -1 -1 -1 -1)
#(0 176 1863 34 0 3 1 57 304472 -1 -1 -1 -1 -1 -1)
#(0 176 1215 55 0 1 1 56 299878 -1 -1 -1 -1 -1 -1)
#(0 176 1864 42 0 1 1 45 240637 -1 -1 -1 -1 -1 -1)
#(0 176 1862 40 0 2 1 44 235489 -1 -1 -1 -1 -1 -1)
#(0 176 1213 64 0 1 1 35 189139 -1 -1 -1 -1 -1 -1)
#(0 176 1218 55 0 1 1 33 178342 -1 -1 -1 -1 -1 -1)
#(0 176 1222 44 0 3 1 33 174670 -1 -1 -1 -1 -1 -1)
#(0 176 1217 44 0 3 1 26 137695 -1 -1 -1 -1 -1 -1)
#(0 177 1233 70 0 2 0 1 7388 -1 -1 -1 -1 -1 -1)
#(0 177 2163 21 0 0 0 5 26753 -1 -1 -1 -1 -1 -1)
#(0 177 2166 23 0 0 0 6 32050 -1 -1 -1 -1 -1 -1)
#(0 177 1576 61 0 2 0 11 62848 -1 -1 -1 -1 -1 -1)
#(0 177 1872 28 0 3 0 12 64837 -1 -1 -1 -1 -1 -1)
#(0 177 2159 32 0 0 0 13 69185 -1 -1 -1 -1 -1 -1)
#(0 177 1577 54 0 2 0 13 72572 -1 -1 -1 -1 -1 -1)
#(0 177 1236 64 0 2 0 13 71491 -1 -1 -1 -1 -1 -1)
#(0 177 446 57 0 2 0 14 74819 -1 -1 -1 -1 -1 -1)
#(0 177 1575 51 0 1 0 14 77594 -1 -1 -1 -1 -1 -1)
#(0 177 1231 59 0 2 0 14 76020 -1 -1 -1 -1 -1 -1)
#(0 177 2168 29 0 0 0 15 79671 -1 -1 -1 -1 -1 -1)
#(0 177 1219 64 0 2 0 15 81831 -1 -1 -1 -1 -1 -1)
#(0 177 1873 34 0 2 0 15 80961 -1 -1 -1 -1 -1 -1)
#(0 177 1557 57 0 3 0 15 83538 -1 -1 -1 -1 -1 -1)
#(0 177 455 54 0 3 0 17 90319 -1 -1 -1 -1 -1 -1)
#(0 177 2161 26 0 0 0 21 111314 -1 -1 -1 -1 -1 -1)
#(0 177 1232 72 0 3 0 21 113424 -1 -1 -1 -1 -1 -1)
#(0 177 1230 56 0 1 0 22 117388 -1 -1 -1 -1 -1 -1)
#(0 177 444 59 0 2 0 29 154622 -1 -1 -1 -1 -1 -1)
#(0 177 456 62 0 1 0 31 165300 -1 -1 -1 -1 -1 -1)
#(0 177 441 55 0 2 0 34 179960 -1 -1 -1 -1 -1 -1)
#(0 177 841 64 0 1 0 34 179572 -1 -1 -1 -1 -1 -1)
#(0 177 436 62 0 1 0 48 255280 -1 -1 -1 -1 -1 -1)
#(0 177 2164 32 0 0 0 57 301489 -1 -1 -1 -1 -1 -1)
#(0 177 843 44 0 3 0 57 302514 -1 -1 -1 -1 -1 -1)
#(0 177 458 61 0 2 0 62 329301 -1 -1 -1 -1 -1 -1)
#(0 177 842 64 0 2 0 63 337883 -1 -1 -1 -1 -1 -1)
#(0 177 457 44 0 1 0 66 351978 -1 -1 -1 -1 -1 -1)
#(0 177 1238 51 0 2 0 78 412489 -1 -1 -1 -1 -1 -1)
#(0 177 2158 20 0 0 1 97 517100 -1 -1 -1 -1 -1 -1)
#(0 177 2162 25 0 0 1 94 501192 -1 -1 -1 -1 -1 -1)
#(0 177 447 44 0 2 1 93 492762 -1 -1 -1 -1 -1 -1)
#(0 177 1574 55 0 1 1 92 487064 -1 -1 -1 -1 -1 -1)
#(0 177 820 64 0 1 1 91 482156 -1 -1 -1 -1 -1 -1)
#(0 177 1870 20 0 3 1 91 484709 -1 -1 -1 -1 -1 -1)
#(0 177 1237 61 0 2 1 90 478070 -1 -1 -1 -1 -1 -1)
#(0 177 1554 49 0 2 1 89 472021 -1 -1 -1 -1 -1 -1)
#(0 177 1876 20 0 2 1 88 468890 -1 -1 -1 -1 -1 -1)
#(0 177 1573 57 0 2 1 88 465605 -1 -1 -1 -1 -1 -1)
#(0 177 1235 61 0 2 1 87 463124 -1 -1 -1 -1 -1 -1)
#(0 177 459 62 0 3 1 86 457136 -1 -1 -1 -1 -1 -1)
#(0 177 1874 33 0 2 1 84 447094 -1 -1 -1 -1 -1 -1)
#(0 177 1868 35 0 1 1 80 425805 -1 -1 -1 -1 -1 -1)
#(0 177 2160 25 0 0 1 75 400862 -1 -1 -1 -1 -1 -1)
#(0 177 2167 23 0 0 1 74 395628 -1 -1 -1 -1 -1 -1)
#(0 177 840 58 0 3 1 66 349629 -1 -1 -1 -1 -1 -1)
#(0 177 449 62 0 1 1 64 341176 -1 -1 -1 -1 -1 -1)
#(0 177 1240 44 0 3 1 64 338361 -1 -1 -1 -1 -1 -1)
#(0 177 1871 29 0 2 1 63 336450 -1 -1 -1 -1 -1 -1)
#(0 177 454 57 0 2 1 58 310297 -1 -1 -1 -1 -1 -1)
#(0 177 2165 28 0 0 1 54 289935 -1 -1 -1 -1 -1 -1)
#(0 177 445 44 0 2 1 54 286780 -1 -1 -1 -1 -1 -1)
#(0 177 448 59 0 1 1 44 234494 -1 -1 -1 -1 -1 -1)
#(0 177 450 59 0 2 1 40 214714 -1 -1 -1 -1 -1 -1)
#(0 177 835 58 0 2 1 37 200078 -1 -1 -1 -1 -1 -1)
#(0 177 1239 59 0 3 1 27 146008 -1 -1 -1 -1 -1 -1)
#(0 178 1878 26 0 2 0 0 1354 -1 -1 -1 -1 -1 -1)
#(0 178 847 51 0 1 0 2 13473 -1 -1 -1 -1 -1 -1)
#(0 178 1249 64 0 1 0 4 23772 -1 -1 -1 -1 -1 -1)
#(0 178 1243 59 0 2 0 6 33582 -1 -1 -1 -1 -1 -1)
#(0 178 2172 29 0 0 0 7 37456 -1 -1 -1 -1 -1 -1)
#(0 178 1886 32 0 2 0 7 38589 -1 -1 -1 -1 -1 -1)
#(0 178 1579 51 0 2 0 12 67191 -1 -1 -1 -1 -1 -1)
#(0 178 857 48 0 1 0 12 66255 -1 -1 -1 -1 -1 -1)
#(0 178 1234 51 0 3 0 14 74477 -1 -1 -1 -1 -1 -1)
#(0 178 1250 55 0 2 0 15 80263 -1 -1 -1 -1 -1 -1)
#(0 178 2169 30 0 0 0 16 85006 -1 -1 -1 -1 -1 -1)
#(0 178 1248 55 0 2 0 17 90885 -1 -1 -1 -1 -1 -1)
#(0 178 1883 21 0 3 0 17 90833 -1 -1 -1 -1 -1 -1)
#(0 178 439 55 0 3 0 19 101548 -1 -1 -1 -1 -1 -1)
#(0 178 1242 59 0 2 0 20 107569 -1 -1 -1 -1 -1 -1)
#(0 178 851 44 0 1 0 20 107143 -1 -1 -1 -1 -1 -1)
#(0 178 1585 67 0 2 0 20 110798 -1 -1 -1 -1 -1 -1)
#(0 178 1879 20 0 2 0 23 122475 -1 -1 -1 -1 -1 -1)
#(0 178 837 64 0 2 0 24 130887 -1 -1 -1 -1 -1 -1)
#(0 178 464 51 0 2 0 27 147734 -1 -1 -1 -1 -1 -1)
#(0 178 1246 60 0 2 0 29 153512 -1 -1 -1 -1 -1 -1)
#(0 178 854 57 0 2 0 31 167491 -1 -1 -1 -1 -1 -1)
#(0 178 475 51 0 3 0 31 168724 -1 -1 -1 -1 -1 -1)
#(0 178 1247 65 0 2 0 38 201997 -1 -1 -1 -1 -1 -1)
#(0 178 1241 58 0 2 0 46 244624 -1 -1 -1 -1 -1 -1)
#(0 178 2171 29 0 0 0 47 248648 -1 -1 -1 -1 -1 -1)
#(0 178 2175 28 0 0 0 55 290858 -1 -1 -1 -1 -1 -1)
#(0 178 2173 27 0 0 0 58 306684 -1 -1 -1 -1 -1 -1)
#(0 178 463 59 0 1 0 59 313350 -1 -1 -1 -1 -1 -1)
#(0 178 845 59 0 3 0 60 321309 -1 -1 -1 -1 -1 -1)
#(0 178 472 55 0 3 0 73 385929 -1 -1 -1 -1 -1 -1)
#(0 178 2170 26 0 0 0 80 422846 -1 -1 -1 -1 -1 -1)
#(0 178 471 75 0 2 0 83 438469 -1 -1 -1 -1 -1 -1)
#(0 178 2176 29 0 0 1 98 522244 -1 -1 -1 -1 -1 -1)
#(0 178 1580 51 0 1 1 98 519064 -1 -1 -1 -1 -1 -1)
#(0 178 460 55 0 3 1 97 517303 -1 -1 -1 -1 -1 -1)
#(0 178 462 51 0 3 1 97 512401 -1 -1 -1 -1 -1 -1)
#(0 178 853 57 0 2 1 96 508342 -1 -1 -1 -1 -1 -1)
#(0 178 468 67 0 2 1 94 498617 -1 -1 -1 -1 -1 -1)
#(0 178 1877 33 0 2 1 89 473504 -1 -1 -1 -1 -1 -1)
#(0 178 467 54 0 1 1 85 453903 -1 -1 -1 -1 -1 -1)
#(0 178 1881 29 0 2 1 85 452550 -1 -1 -1 -1 -1 -1)
#(0 178 474 59 0 3 1 84 448008 -1 -1 -1 -1 -1 -1)
#(0 178 1578 57 0 3 1 84 444654 -1 -1 -1 -1 -1 -1)
#(0 178 465 56 0 1 1 78 415815 -1 -1 -1 -1 -1 -1)
#(0 178 850 54 0 2 1 76 403063 -1 -1 -1 -1 -1 -1)
#(3 178 850 -1 0 -1 -1 -1 -1 70 -1 -1 -1 -1 41)
#(0 178 1245 59 0 1 1 76 403643 -1 -1 -1 -1 -1 -1)
#(0 178 844 61 0 1 1 72 381708 -1 -1 -1 -1 -1 -1)
#(0 178 1583 66 0 2 1 68 359319 -1 -1 -1 -1 -1 -1)
#(0 178 839 69 0 3 1 67 353847 -1 -1 -1 -1 -1 -1)
#(0 178 1584 50 0 2 1 66 349930 -1 -1 -1 -1 -1 -1)
#(0 178 2174 27 0 0 1 64 342754 -1 -1 -1 -1 -1 -1)
#(0 178 1882 30 0 2 1 56 299417 -1 -1 -1 -1 -1 -1)
#(0 178 848 64 0 2 1 56 296291 -1 -1 -1 -1 -1 -1)
#(0 178 469 51 0 1 1 55 290965 -1 -1 -1 -1 -1 -1)
#(0 178 849 66 0 2 1 54 285131 -1 -1 -1 -1 -1 -1)
#(0 178 461 59 0 1 1 53 284596 -1 -1 -1 -1 -1 -1)
#(0 178 1581 59 0 2 1 48 254207 -1 -1 -1 -1 -1 -1)
#(0 178 453 66 0 2 1 44 234599 -1 -1 -1 -1 -1 -1)
#(0 178 1880 32 0 2 1 40 214819 -1 -1 -1 -1 -1 -1)
#(0 178 1244 59 0 2 1 37 198858 -1 -1 -1 -1 -1 -1)
#(0 178 466 53 0 3 1 37 199626 -1 -1 -1 -1 -1 -1)
#(0 178 1884 34 0 3 1 31 167218 -1 -1 -1 -1 -1 -1)
#(0 178 473 62 0 2 1 26 140576 -1 -1 -1 -1 -1 -1)
#(0 178 852 68 0 1 1 25 136472 -1 -1 -1 -1 -1 -1)
#(0 178 856 60 0 4 1 13 69417 -1 -1 -1 -1 -1 -1)
#(0 179 1594 51 0 1 0 2 14211 -1 -1 -1 -1 -1 -1)
#(0 179 870 63 0 1 0 2 14870 -1 -1 -1 -1 -1 -1)
#(0 179 1261 69 0 3 0 3 19069 -1 -1 -1 -1 -1 -1)
#(0 179 1589 56 0 3 0 6 35996 -1 -1 -1 -1 -1 -1)
#(0 179 1257 63 0 1 0 7 38187 -1 -1 -1 -1 -1 -1)
#(0 179 2182 20 0 0 0 10 53125 -1 -1 -1 -1 -1 -1)
#(0 179 1253 54 0 2 0 10 53462 -1 -1 -1 -1 -1 -1)
#(0 179 864 48 0 1 0 11 60957 -1 -1 -1 -1 -1 -1)
#(0 179 2185 30 0 0 0 12 63851 -1 -1 -1 -1 -1 -1)
#(0 179 1885 20 0 3 0 12 64373 -1 -1 -1 -1 -1 -1)
#(0 179 486 55 0 1 0 13 69264 -1 -1 -1 -1 -1 -1)
#(0 179 1267 63 0 2 0 13 71134 -1 -1 -1 -1 -1 -1)
#(4 179 1267 -1 0 -1 -1 -1 -1 71 0 0 0 0 -1)
#(0 179 1262 44 0 2 0 13 73465 -1 -1 -1 -1 -1 -1)
#(0 179 491 57 0 2 0 17 91946 -1 -1 -1 -1 -1 -1)
#(0 179 1251 61 0 2 0 20 107419 -1 -1 -1 -1 -1 -1)
#(0 179 488 64 0 3 0 21 113044 -1 -1 -1 -1 -1 -1)
#(0 179 479 54 0 3 0 26 140533 -1 -1 -1 -1 -1 -1)
#(0 179 1263 63 0 1 0 31 165827 -1 -1 -1 -1 -1 -1)
#(0 179 1265 51 0 1 0 33 174733 -1 -1 -1 -1 -1 -1)
#(0 179 867 61 0 1 0 33 179016 -1 -1 -1 -1 -1 -1)
#(0 179 1586 49 0 2 0 36 193572 -1 -1 -1 -1 -1 -1)
#(0 179 478 63 0 3 0 37 198039 -1 -1 -1 -1 -1 -1)
#(0 179 1256 44 0 3 0 38 205466 -1 -1 -1 -1 -1 -1)
#(0 179 1590 55 0 1 0 38 205207 -1 -1 -1 -1 -1 -1)
#(0 179 868 51 0 2 0 40 214049 -1 -1 -1 -1 -1 -1)
#(0 179 871 69 0 1 0 42 223156 -1 -1 -1 -1 -1 -1)
#(0 179 487 53 0 1 0 46 244491 -1 -1 -1 -1 -1 -1)
#(0 179 484 44 0 3 0 48 257008 -1 -1 -1 -1 -1 -1)
#(0 179 846 72 0 2 0 48 258604 -1 -1 -1 -1 -1 -1)
#(0 179 858 62 0 3 0 52 279466 -1 -1 -1 -1 -1 -1)
#(0 179 493 57 0 2 0 53 281547 -1 -1 -1 -1 -1 -1)
#(0 179 860 66 0 2 0 68 359627 -1 -1 -1 -1 -1 -1)
#(0 179 1255 51 0 2 0 82 433612 -1 -1 -1 -1 -1 -1)
#(0 179 1595 62 0 2 0 85 453617 -1 -1 -1 -1 -1 -1)
#(0 179 2180 23 0 0 1 99 527615 -1 -1 -1 -1 -1 -1)
#(0 179 1591 51 0 1 1 99 524291 -1 -1 -1 -1 -1 -1)
#(0 179 481 47 0 1 1 95 504791 -1 -1 -1 -1 -1 -1)
#(0 179 2183 26 0 0 1 94 501173 -1 -1 -1 -1 -1 -1)
#(0 179 1254 44 0 2 1 94 496651 -1 -1 -1 -1 -1 -1)
#(0 179 451 49 0 3 1 92 490815 -1 -1 -1 -1 -1 -1)
#(0 179 855 56 0 2 1 91 483045 -1 -1 -1 -1 -1 -1)
#(0 179 1875 21 0 2 1 91 484660 -1 -1 -1 -1 -1 -1)
#(0 179 476 59 0 3 1 90 479047 -1 -1 -1 -1 -1 -1)
#(0 179 1264 54 0 3 1 89 474921 -1 -1 -1 -1 -1 -1)
#(0 179 1582 40 0 2 1 89 472446 -1 -1 -1 -1 -1 -1)
#(0 179 1889 27 0 2 1 87 463252 -1 -1 -1 -1 -1 -1)
#(0 179 1260 59 0 2 1 86 457585 -1 -1 -1 -1 -1 -1)
#(0 179 2177 26 0 0 1 85 453638 -1 -1 -1 -1 -1 -1)
#(0 179 1252 51 0 1 1 83 443397 -1 -1 -1 -1 -1 -1)
#(0 179 477 51 0 2 1 82 433493 -1 -1 -1 -1 -1 -1)
#(0 179 2186 29 0 0 1 79 421927 -1 -1 -1 -1 -1 -1)
#(0 179 490 44 0 1 1 78 413645 -1 -1 -1 -1 -1 -1)
#(0 179 1266 44 0 3 1 77 406937 -1 -1 -1 -1 -1 -1)
#(0 179 874 51 0 2 1 74 393163 -1 -1 -1 -1 -1 -1)
#(0 179 492 51 0 3 1 74 391069 -1 -1 -1 -1 -1 -1)
#(0 179 1592 44 0 2 1 70 371909 -1 -1 -1 -1 -1 -1)
#(0 179 1258 62 0 2 1 69 368099 -1 -1 -1 -1 -1 -1)
#(0 179 2184 28 0 0 1 68 363868 -1 -1 -1 -1 -1 -1)
#(0 179 2179 34 0 0 1 66 353175 -1 -1 -1 -1 -1 -1)
#(0 179 859 57 0 3 1 66 350405 -1 -1 -1 -1 -1 -1)
#(0 179 485 51 0 3 1 66 348664 -1 -1 -1 -1 -1 -1)
#(0 179 1259 53 0 3 1 65 347405 -1 -1 -1 -1 -1 -1)
#(0 179 861 55 0 1 1 63 334967 -1 -1 -1 -1 -1 -1)
#(0 179 863 57 0 2 1 59 312728 -1 -1 -1 -1 -1 -1)
#(0 179 1887 39 0 1 1 57 304201 -1 -1 -1 -1 -1 -1)
#(0 179 873 52 0 3 1 52 275610 -1 -1 -1 -1 -1 -1)
#(0 179 482 65 0 3 1 52 276874 -1 -1 -1 -1 -1 -1)
#(0 179 1593 62 0 2 1 47 248401 -1 -1 -1 -1 -1 -1)
#(0 179 862 66 0 1 1 44 237217 -1 -1 -1 -1 -1 -1)
#(0 179 1888 42 0 1 1 44 235416 -1 -1 -1 -1 -1 -1)
#(0 179 1596 43 0 2 1 43 229424 -1 -1 -1 -1 -1 -1)
#(0 179 480 59 0 2 1 42 225473 -1 -1 -1 -1 -1 -1)
#(0 179 489 66 0 2 1 40 214031 -1 -1 -1 -1 -1 -1)
#(0 179 1598 55 0 2 1 39 207189 -1 -1 -1 -1 -1 -1)
#(0 179 2181 28 0 0 1 28 152656 -1 -1 -1 -1 -1 -1)
#(0 179 1597 75 0 2 1 9 52126 -1 -1 -1 -1 -1 -1)
#(0 180 1269 51 0 3 0 3 16397 -1 -1 -1 -1 -1 -1)
#(0 180 502 59 0 3 0 4 22690 -1 -1 -1 -1 -1 -1)
#(0 180 103 57 0 3 0 5 30583 -1 -1 -1 -1 -1 -1)
#(0 180 503 75 0 2 0 6 34831 -1 -1 -1 -1 -1 -1)
#(0 180 2187 29 0 0 0 7 37456 -1 -1 -1 -1 -1 -1)
#(0 180 102 57 0 2 0 7 40702 -1 -1 -1 -1 -1 -1)
#(0 180 2192 23 0 0 0 8 42619 -1 -1 -1 -1 -1 -1)
#(0 180 107 57 0 2 0 9 51275 -1 -1 -1 -1 -1 -1)
#(0 180 105 58 0 3 0 11 63035 -1 -1 -1 -1 -1 -1)
#(0 180 498 62 0 1 0 12 64311 -1 -1 -1 -1 -1 -1)
#(0 180 1894 40 0 2 0 13 70735 -1 -1 -1 -1 -1 -1)
#(0 180 111 54 0 2 0 14 77743 -1 -1 -1 -1 -1 -1)
#(0 180 1605 52 0 2 0 16 88774 -1 -1 -1 -1 -1 -1)
#(0 180 1890 22 0 2 0 17 90923 -1 -1 -1 -1 -1 -1)
#(0 180 1277 55 0 1 0 17 90918 -1 -1 -1 -1 -1 -1)
#(0 180 452 35 0 4 0 18 100317 -1 -1 -1 -1 -1 -1)
#(0 180 1588 58 0 2 0 20 110021 -1 -1 -1 -1 -1 -1)
#(0 180 505 70 0 1 0 23 124384 -1 -1 -1 -1 -1 -1)
#(0 180 1278 55 0 2 0 24 127748 -1 -1 -1 -1 -1 -1)
#(0 180 113 51 0 2 0 25 134061 -1 -1 -1 -1 -1 -1)
#(0 180 483 48 0 3 0 26 137514 -1 -1 -1 -1 -1 -1)
#(0 180 496 61 0 2 0 27 145548 -1 -1 -1 -1 -1 -1)
#(0 180 495 68 0 1 0 29 156271 -1 -1 -1 -1 -1 -1)
#(0 180 876 56 0 3 0 31 167357 -1 -1 -1 -1 -1 -1)
#(0 180 1274 59 0 2 0 31 165464 -1 -1 -1 -1 -1 -1)
#(0 180 112 51 0 2 0 33 176255 -1 -1 -1 -1 -1 -1)
#(0 180 1270 57 0 3 0 40 213239 -1 -1 -1 -1 -1 -1)
#(0 180 878 57 0 3 0 43 231068 -1 -1 -1 -1 -1 -1)
#(0 180 108 51 0 2 0 46 244962 -1 -1 -1 -1 -1 -1)
#(0 180 879 51 0 2 0 49 261609 -1 -1 -1 -1 -1 -1)
#(0 180 110 44 0 2 0 52 274782 -1 -1 -1 -1 -1 -1)
#(0 180 1891 36 0 3 0 53 281738 -1 -1 -1 -1 -1 -1)
#(0 180 1275 51 0 2 0 54 285676 -1 -1 -1 -1 -1 -1)
#(0 180 2178 24 0 0 0 55 290804 -1 -1 -1 -1 -1 -1)
#(0 180 1603 59 0 1 0 57 305548 -1 -1 -1 -1 -1 -1)
#(0 180 2191 28 0 0 0 62 327829 -1 -1 -1 -1 -1 -1)
#(0 180 1282 67 0 2 0 65 345943 -1 -1 -1 -1 -1 -1)
#(0 180 2189 26 0 0 0 69 364754 -1 -1 -1 -1 -1 -1)
#(0 180 2193 30 0 0 0 72 380665 -1 -1 -1 -1 -1 -1)
#(0 180 494 44 0 2 1 98 519114 -1 -1 -1 -1 -1 -1)
#(0 180 1892 29 0 2 1 97 515906 -1 -1 -1 -1 -1 -1)
#(0 180 1268 63 0 2 1 95 504172 -1 -1 -1 -1 -1 -1)
#(0 180 106 59 0 2 1 95 502534 -1 -1 -1 -1 -1 -1)
#(0 180 1606 59 0 2 1 93 491424 -1 -1 -1 -1 -1 -1)
#(0 180 470 51 0 2 1 93 491682 -1 -1 -1 -1 -1 -1)
#(0 180 880 62 0 2 1 91 484986 -1 -1 -1 -1 -1 -1)
#(0 180 872 70 0 2 1 91 480875 -1 -1 -1 -1 -1 -1)
#(0 180 1607 61 0 2 1 90 475911 -1 -1 -1 -1 -1 -1)
#(0 180 1587 53 0 3 1 89 472017 -1 -1 -1 -1 -1 -1)
#(0 180 1279 55 0 2 1 86 458433 -1 -1 -1 -1 -1 -1)
#(0 180 2188 32 0 0 1 83 442978 -1 -1 -1 -1 -1 -1)
#(0 180 1273 48 0 1 1 82 436068 -1 -1 -1 -1 -1 -1)
#(0 180 499 54 0 3 1 82 437079 -1 -1 -1 -1 -1 -1)
#(0 180 1280 63 0 3 1 79 420296 -1 -1 -1 -1 -1 -1)
#(0 180 501 56 0 3 1 74 393532 -1 -1 -1 -1 -1 -1)
#(0 180 866 66 0 1 1 72 381060 -1 -1 -1 -1 -1 -1)
#(0 180 101 70 0 2 1 70 373059 -1 -1 -1 -1 -1 -1)
#(0 180 2190 26 0 0 1 69 369159 -1 -1 -1 -1 -1 -1)
#(0 180 877 64 0 2 1 69 364408 -1 -1 -1 -1 -1 -1)
#(0 180 1604 51 0 2 1 67 355351 -1 -1 -1 -1 -1 -1)
#(0 180 865 59 0 2 1 66 350193 -1 -1 -1 -1 -1 -1)
#(0 180 2195 30 0 0 1 65 347992 -1 -1 -1 -1 -1 -1)
#(0 180 1276 62 0 2 1 65 346937 -1 -1 -1 -1 -1 -1)
#(0 180 1602 52 0 2 1 62 329281 -1 -1 -1 -1 -1 -1)
#(0 180 1897 31 0 2 1 61 325783 -1 -1 -1 -1 -1 -1)
#(0 180 104 71 0 2 1 58 309343 -1 -1 -1 -1 -1 -1)
#(0 180 1281 47 0 2 1 55 294982 -1 -1 -1 -1 -1 -1)
#(0 180 1608 53 0 3 1 55 291601 -1 -1 -1 -1 -1 -1)
#(0 180 497 59 0 1 1 55 294201 -1 -1 -1 -1 -1 -1)
#(0 180 1896 26 0 2 1 52 278512 -1 -1 -1 -1 -1 -1)
#(0 180 109 57 0 2 1 48 255067 -1 -1 -1 -1 -1 -1)
#(0 180 1893 23 0 2 1 46 246942 -1 -1 -1 -1 -1 -1)
#(0 180 1600 50 0 1 1 45 239342 -1 -1 -1 -1 -1 -1)
#(0 180 1599 51 0 3 1 44 233939 -1 -1 -1 -1 -1 -1)
#(0 180 1895 21 0 2 1 28 152073 -1 -1 -1 -1 -1 -1)
#(0 180 1271 51 0 2 1 17 94355 -1 -1 -1 -1 -1 -1)
#(0 181 2196 29 0 0 0 1 5769 -1 -1 -1 -1 -1 -1)
#(0 181 1284 51 0 2 0 4 21773 -1 -1 -1 -1 -1 -1)
#(0 181 1907 34 0 2 0 6 33409 -1 -1 -1 -1 -1 -1)
#(0 181 884 62 0 2 0 6 36680 -1 -1 -1 -1 -1 -1)
#(0 181 887 49 0 2 0 7 39666 -1 -1 -1 -1 -1 -1)
#(0 181 1291 44 0 3 0 7 41854 -1 -1 -1 -1 -1 -1)
#(0 181 891 51 0 3 0 8 45041 -1 -1 -1 -1 -1 -1)
#(0 181 1610 53 0 3 0 15 83101 -1 -1 -1 -1 -1 -1)
#(0 181 122 57 0 1 0 18 98823 -1 -1 -1 -1 -1 -1)
#(0 181 1288 58 0 3 0 20 107323 -1 -1 -1 -1 -1 -1)
#(0 181 516 53 0 2 0 21 113064 -1 -1 -1 -1 -1 -1)
#(0 181 2199 26 0 0 0 25 132428 -1 -1 -1 -1 -1 -1)
#(0 181 1611 54 0 1 0 25 136025 -1 -1 -1 -1 -1 -1)
#(0 181 500 55 0 2 0 27 142981 -1 -1 -1 -1 -1 -1)
#(0 181 1289 57 0 2 0 27 144117 -1 -1 -1 -1 -1 -1)
#(0 181 121 70 0 2 0 28 149532 -1 -1 -1 -1 -1 -1)
#(0 181 1901 35 0 2 0 30 160200 -1 -1 -1 -1 -1 -1)
#(0 181 514 51 0 1 0 30 163448 -1 -1 -1 -1 -1 -1)
#(0 181 888 60 0 3 0 33 174417 -1 -1 -1 -1 -1 -1)
#(0 181 120 44 0 2 0 34 179735 -1 -1 -1 -1 -1 -1)
#(0 181 507 63 0 3 0 37 198625 -1 -1 -1 -1 -1 -1)
#(0 181 123 44 0 2 0 40 211363 -1 -1 -1 -1 -1 -1)
#(0 181 883 52 0 1 0 42 224805 -1 -1 -1 -1 -1 -1)
#(0 181 889 75 0 2 0 42 223554 -1 -1 -1 -1 -1 -1)
#(0 181 2197 28 0 0 0 44 232791 -1 -1 -1 -1 -1 -1)
#(0 181 1899 31 0 1 0 47 249791 -1 -1 -1 -1 -1 -1)
#(0 181 511 57 0 3 0 56 296798 -1 -1 -1 -1 -1 -1)
#(0 181 1609 57 0 1 0 57 305167 -1 -1 -1 -1 -1 -1)
#(0 181 892 59 0 2 0 58 310320 -1 -1 -1 -1 -1 -1)
#(0 181 1618 60 0 3 0 59 316027 -1 -1 -1 -1 -1 -1)
#(0 181 1287 62 0 1 0 60 317949 -1 -1 -1 -1 -1 -1)
#(0 181 117 53 0 3 0 62 331489 -1 -1 -1 -1 -1 -1)
#(0 181 515 44 0 3 0 64 341478 -1 -1 -1 -1 -1 -1)
#(0 181 2194 24 0 0 0 69 364715 -1 -1 -1 -1 -1 -1)
#(0 181 882 67 0 2 0 86 454806 -1 -1 -1 -1 -1 -1)
#(0 181 881 53 0 3 1 98 518756 -1 -1 -1 -1 -1 -1)
#(0 181 1900 26 0 2 1 98 521373 -1 -1 -1 -1 -1 -1)
#(0 181 885 53 0 3 1 96 508269 -1 -1 -1 -1 -1 -1)
#(0 181 1613 58 0 1 1 94 496699 -1 -1 -1 -1 -1 -1)
#(0 181 1619 51 0 2 1 93 491960 -1 -1 -1 -1 -1 -1)
#(0 181 1617 51 0 1 1 92 487389 -1 -1 -1 -1 -1 -1)
#(0 181 115 53 0 2 1 92 488014 -1 -1 -1 -1 -1 -1)
#(0 181 1906 20 0 3 1 90 479453 -1 -1 -1 -1 -1 -1)
#(0 181 893 64 0 3 1 89 470083 -1 -1 -1 -1 -1 -1)
#(0 181 2201 25 0 0 1 87 464233 -1 -1 -1 -1 -1 -1)
#(0 181 513 65 0 2 1 87 461941 -1 -1 -1 -1 -1 -1)
#(0 181 508 59 0 3 1 86 456159 -1 -1 -1 -1 -1 -1)
#(0 181 1898 50 0 1 1 83 440925 -1 -1 -1 -1 -1 -1)
#(0 181 2200 25 0 0 1 81 432551 -1 -1 -1 -1 -1 -1)
#(0 181 1615 55 0 3 1 81 428951 -1 -1 -1 -1 -1 -1)
#(0 181 504 61 0 3 1 81 431248 -1 -1 -1 -1 -1 -1)
#(0 181 1905 32 0 2 1 80 426024 -1 -1 -1 -1 -1 -1)
#(0 181 1908 39 0 1 1 79 420389 -1 -1 -1 -1 -1 -1)
#(0 181 118 64 0 3 1 78 417117 -1 -1 -1 -1 -1 -1)
#(0 181 1286 44 0 3 1 77 406864 -1 -1 -1 -1 -1 -1)
#(0 181 1614 54 0 2 1 76 402531 -1 -1 -1 -1 -1 -1)
#(0 181 2205 25 0 0 1 74 395602 -1 -1 -1 -1 -1 -1)
#(0 181 875 51 0 1 1 72 383240 -1 -1 -1 -1 -1 -1)
#(0 181 512 59 0 1 1 71 378462 -1 -1 -1 -1 -1 -1)
#(0 181 1601 56 0 2 1 70 371330 -1 -1 -1 -1 -1 -1)
#(0 181 2198 25 0 0 1 68 363907 -1 -1 -1 -1 -1 -1)
#(0 181 1621 62 0 2 1 64 338408 -1 -1 -1 -1 -1 -1)
#(0 181 509 56 0 2 1 62 330050 -1 -1 -1 -1 -1 -1)
#(0 181 1904 46 0 3 1 60 319612 -1 -1 -1 -1 -1 -1)
#(0 181 1902 54 0 1 1 59 314010 -1 -1 -1 -1 -1 -1)
#(0 181 1285 59 0 2 1 54 288773 -1 -1 -1 -1 -1 -1)
#(0 181 890 55 0 2 1 50 265854 -1 -1 -1 -1 -1 -1)
#(0 181 2204 20 0 0 1 47 253120 -1 -1 -1 -1 -1 -1)
#(0 181 1283 55 0 2 1 46 247616 -1 -1 -1 -1 -1 -1)
#(0 181 1620 59 0 2 1 39 206939 -1 -1 -1 -1 -1 -1)
#(0 181 119 44 0 3 1 38 205705 -1 -1 -1 -1 -1 -1)
#(0 181 1290 62 0 2 1 33 177604 -1 -1 -1 -1 -1 -1)
#(0 181 1616 64 0 1 1 25 132273 -1 -1 -1 -1 -1 -1)
#(0 181 886 57 0 1 1 13 69985 -1 -1 -1 -1 -1 -1)
#(0 182 2202 28 0 0 0 1 5744 -1 -1 -1 -1 -1 -1)
#(0 182 903 44 0 2 0 1 6840 -1 -1 -1 -1 -1 -1)
#(0 182 1272 51 0 3 0 3 16114 -1 -1 -1 -1 -1 -1)
#(0 182 1913 20 0 2 0 3 16875 -1 -1 -1 -1 -1 -1)
#(0 182 529 50 0 1 0 4 23919 -1 -1 -1 -1 -1 -1)
#(0 182 133 67 0 2 0 4 22184 -1 -1 -1 -1 -1 -1)
#(0 182 1301 69 0 1 0 5 29476 -1 -1 -1 -1 -1 -1)
#(0 182 2208 25 0 0 0 6 32096 -1 -1 -1 -1 -1 -1)
#(0 182 531 71 0 3 0 6 34131 -1 -1 -1 -1 -1 -1)
#(0 182 1909 39 0 2 0 10 54806 -1 -1 -1 -1 -1 -1)
#(0 182 896 60 0 1 0 10 57701 -1 -1 -1 -1 -1 -1)
#(0 182 510 54 0 2 0 12 65267 -1 -1 -1 -1 -1 -1)
#(0 182 124 66 0 2 0 13 70363 -1 -1 -1 -1 -1 -1)
#(0 182 1626 49 0 1 0 14 77381 -1 -1 -1 -1 -1 -1)
#(0 182 1627 54 0 1 0 15 83109 -1 -1 -1 -1 -1 -1)
#(0 182 129 58 0 2 0 16 88775 -1 -1 -1 -1 -1 -1)
#(0 182 132 69 0 2 0 18 96883 -1 -1 -1 -1 -1 -1)
#(0 182 1624 67 0 2 0 18 100257 -1 -1 -1 -1 -1 -1)
#(0 182 1633 64 0 3 0 19 105182 -1 -1 -1 -1 -1 -1)
#(0 182 130 66 0 2 0 22 120820 -1 -1 -1 -1 -1 -1)
#(0 182 532 61 0 2 0 26 139946 -1 -1 -1 -1 -1 -1)
#(0 182 135 63 0 1 0 27 143075 -1 -1 -1 -1 -1 -1)
#(0 182 904 57 0 2 0 27 146530 -1 -1 -1 -1 -1 -1)
#(0 182 525 63 0 3 0 30 160047 -1 -1 -1 -1 -1 -1)
#(0 182 521 51 0 1 0 31 168781 -1 -1 -1 -1 -1 -1)
#(0 182 2214 20 0 0 0 36 190401 -1 -1 -1 -1 -1 -1)
#(0 182 1294 71 0 2 0 36 192908 -1 -1 -1 -1 -1 -1)
#(0 182 1910 41 0 1 0 36 192183 -1 -1 -1 -1 -1 -1)
#(0 182 1628 51 0 1 0 37 198912 -1 -1 -1 -1 -1 -1)
#(0 182 894 50 0 1 0 37 198776 -1 -1 -1 -1 -1 -1)
#(0 182 1303 55 0 2 0 37 196803 -1 -1 -1 -1 -1 -1)
#(0 182 895 58 0 2 0 38 205802 -1 -1 -1 -1 -1 -1)
#(0 182 1631 58 0 1 0 40 215663 -1 -1 -1 -1 -1 -1)
#(0 182 908 61 0 2 0 42 225518 -1 -1 -1 -1 -1 -1)
#(0 182 1300 55 0 3 0 43 227980 -1 -1 -1 -1 -1 -1)
#(0 182 526 65 0 2 0 43 230444 -1 -1 -1 -1 -1 -1)
#(0 182 907 74 0 3 0 49 258897 -1 -1 -1 -1 -1 -1)
#(0 182 530 55 0 1 0 49 263802 -1 -1 -1 -1 -1 -1)
#(0 182 901 51 0 3 0 50 266830 -1 -1 -1 -1 -1 -1)
#(0 182 2211 30 0 0 0 54 285619 -1 -1 -1 -1 -1 -1)
#(0 182 520 51 0 3 0 54 290253 -1 -1 -1 -1 -1 -1)
#(0 182 127 66 0 2 0 55 291289 -1 -1 -1 -1 -1 -1)
#(0 182 1297 67 0 3 0 61 324964 -1 -1 -1 -1 -1 -1)
#(0 182 906 44 0 3 0 68 360622 -1 -1 -1 -1 -1 -1)
#(0 182 1292 55 0 3 0 71 376060 -1 -1 -1 -1 -1 -1)
#(0 182 1915 20 0 2 0 76 402307 -1 -1 -1 -1 -1 -1)
#(0 182 1625 57 0 1 0 77 410811 -1 -1 -1 -1 -1 -1)
#(0 182 523 51 0 2 1 98 517667 -1 -1 -1 -1 -1 -1)
#(0 182 2210 30 0 0 1 96 511655 -1 -1 -1 -1 -1 -1)
#(0 182 1295 63 0 2 1 96 510048 -1 -1 -1 -1 -1 -1)
#(0 182 2212 32 0 0 1 93 495799 -1 -1 -1 -1 -1 -1)
#(0 182 900 59 0 1 1 93 492797 -1 -1 -1 -1 -1 -1)
#(0 182 517 51 0 2 1 92 490440 -1 -1 -1 -1 -1 -1)
#(0 182 897 53 0 1 1 90 477097 -1 -1 -1 -1 -1 -1)
#(0 182 524 59 0 2 1 86 457630 -1 -1 -1 -1 -1 -1)
#(0 182 1912 35 0 2 1 84 446938 -1 -1 -1 -1 -1 -1)
#(0 182 1296 64 0 2 1 83 442214 -1 -1 -1 -1 -1 -1)
#(0 182 905 57 0 1 1 82 434213 -1 -1 -1 -1 -1 -1)
#(0 182 1632 54 0 2 1 80 423805 -1 -1 -1 -1 -1 -1)
#(0 182 898 73 0 2 1 80 422468 -1 -1 -1 -1 -1 -1)
#(0 182 2207 31 0 0 1 78 416603 -1 -1 -1 -1 -1 -1)
#(0 182 902 51 0 1 1 76 403666 -1 -1 -1 -1 -1 -1)
#(0 182 527 61 0 1 1 76 404252 -1 -1 -1 -1 -1 -1)
#(0 182 1302 52 0 2 1 75 400309 -1 -1 -1 -1 -1 -1)
#(0 182 125 55 0 2 1 75 398164 -1 -1 -1 -1 -1 -1)
#(0 182 1612 53 0 2 1 70 371550 -1 -1 -1 -1 -1 -1)
#(0 182 126 45 0 3 1 70 369790 -1 -1 -1 -1 -1 -1)
#(0 182 2213 22 0 0 1 68 363959 -1 -1 -1 -1 -1 -1)
#(0 182 1903 31 0 2 1 61 325765 -1 -1 -1 -1 -1 -1)
#(0 182 2209 27 0 0 1 60 321634 -1 -1 -1 -1 -1 -1)
#(0 182 1630 54 0 1 1 60 318188 -1 -1 -1 -1 -1 -1)
#(0 182 1298 62 0 3 1 58 309283 -1 -1 -1 -1 -1 -1)
#(0 182 1914 25 0 2 1 54 288986 -1 -1 -1 -1 -1 -1)
#(0 182 131 44 0 3 1 52 279582 -1 -1 -1 -1 -1 -1)
#(0 182 128 70 0 1 1 52 277723 -1 -1 -1 -1 -1 -1)
#(0 182 1623 68 0 2 1 52 274931 -1 -1 -1 -1 -1 -1)
#(0 182 1629 43 0 2 1 50 266384 -1 -1 -1 -1 -1 -1)
#(0 182 518 57 0 3 1 50 267979 -1 -1 -1 -1 -1 -1)
#(0 182 522 44 0 3 1 48 255152 -1 -1 -1 -1 -1 -1)
#(0 182 1299 62 0 1 1 48 256485 -1 -1 -1 -1 -1 -1)
#(0 182 899 44 0 2 1 47 251845 -1 -1 -1 -1 -1 -1)
#(0 182 134 65 0 2 1 44 235997 -1 -1 -1 -1 -1 -1)
#(0 182 2206 28 0 0 1 39 210716 -1 -1 -1 -1 -1 -1)
#(0 182 1293 55 0 2 1 37 199278 -1 -1 -1 -1 -1 -1)
#(0 182 1911 21 0 2 1 32 173186 -1 -1 -1 -1 -1 -1)
#(0 182 519 51 0 2 1 32 169191 -1 -1 -1 -1 -1 -1)
#(0 182 1622 57 0 3 1 23 122418 -1 -1 -1 -1 -1 -1)
#(0 182 909 55 0 3 1 12 65160 -1 -1 -1 -1 -1 -1)
#(0 183 2203 20 0 0 0 1 5600 -1 -1 -1 -1 -1 -1)
#(0 183 1644 67 0 3 0 1 5333 -1 -1 -1 -1 -1 -1)
#(0 183 537 52 0 3 0 2 11439 -1 -1 -1 -1 -1 -1)
#(0 183 1642 43 0 2 0 2 13466 -1 -1 -1 -1 -1 -1)
#(0 183 1638 68 0 1 0 4 21162 -1 -1 -1 -1 -1 -1)
#(0 183 919 54 0 2 0 4 24556 -1 -1 -1 -1 -1 -1)
#(0 183 534 59 0 2 0 6 32585 -1 -1 -1 -1 -1 -1)
#(0 183 141 55 0 1 0 7 39947 -1 -1 -1 -1 -1 -1)
#(0 183 1917 41 0 1 0 8 44452 -1 -1 -1 -1 -1 -1)
#(0 183 912 44 0 3 0 8 43813 -1 -1 -1 -1 -1 -1)
#(0 183 1307 65 0 3 0 9 49759 -1 -1 -1 -1 -1 -1)
#(0 183 147 51 0 3 0 9 49467 -1 -1 -1 -1 -1 -1)
#(0 183 539 58 0 1 0 9 48976 -1 -1 -1 -1 -1 -1)
#(0 183 1929 33 0 2 0 10 54562 -1 -1 -1 -1 -1 -1)
#(0 183 535 58 0 3 0 11 60646 -1 -1 -1 -1 -1 -1)
#(0 183 151 64 0 1 0 14 79049 -1 -1 -1 -1 -1 -1)
#(0 183 915 70 0 1 0 15 79453 -1 -1 -1 -1 -1 -1)
#(0 183 1308 57 0 3 0 16 85780 -1 -1 -1 -1 -1 -1)
#(0 183 538 59 0 3 0 16 85719 -1 -1 -1 -1 -1 -1)
#(0 183 911 70 0 2 0 18 95771 -1 -1 -1 -1 -1 -1)
#(0 183 143 61 0 2 0 19 100745 -1 -1 -1 -1 -1 -1)
#(0 183 2217 20 0 0 0 20 105931 -1 -1 -1 -1 -1 -1)
#(0 183 2219 20 0 0 0 22 116491 -1 -1 -1 -1 -1 -1)
#(0 183 154 60 0 2 0 22 120947 -1 -1 -1 -1 -1 -1)
#(0 183 1925 22 0 2 0 23 122613 -1 -1 -1 -1 -1 -1)
#(0 183 920 70 0 1 0 24 131830 -1 -1 -1 -1 -1 -1)
#(0 183 1928 40 0 2 0 26 139404 -1 -1 -1 -1 -1 -1)
#(0 183 1637 62 0 3 0 27 147216 -1 -1 -1 -1 -1 -1)
#(0 183 528 62 0 2 0 30 158668 -1 -1 -1 -1 -1 -1)
#(0 183 2223 27 0 0 0 31 164116 -1 -1 -1 -1 -1 -1)
#(0 183 138 66 0 1 0 31 164350 -1 -1 -1 -1 -1 -1)
#(0 183 1641 74 0 2 0 35 185563 -1 -1 -1 -1 -1 -1)
#(0 183 917 60 0 3 0 35 188742 -1 -1 -1 -1 -1 -1)
#(0 183 547 54 0 1 0 39 206335 -1 -1 -1 -1 -1 -1)
#(0 183 2220 30 0 0 0 40 211705 -1 -1 -1 -1 -1 -1)
#(0 183 1921 34 0 2 0 40 212948 -1 -1 -1 -1 -1 -1)
#(0 183 144 60 0 2 0 43 231563 -1 -1 -1 -1 -1 -1)
#(0 183 2216 28 0 0 0 44 232796 -1 -1 -1 -1 -1 -1)
#(0 183 137 69 0 2 0 48 255781 -1 -1 -1 -1 -1 -1)
#(0 183 916 68 0 3 0 48 254622 -1 -1 -1 -1 -1 -1)
#(0 183 136 74 0 1 0 53 280255 -1 -1 -1 -1 -1 -1)
#(0 183 913 58 0 3 0 54 290072 -1 -1 -1 -1 -1 -1)
#(0 183 142 64 0 3 0 56 295965 -1 -1 -1 -1 -1 -1)
#(0 183 148 51 0 3 0 61 324113 -1 -1 -1 -1 -1 -1)
#(0 183 1636 44 0 3 0 69 367516 -1 -1 -1 -1 -1 -1)
#(0 183 1311 62 0 2 0 76 403475 -1 -1 -1 -1 -1 -1)
#(0 183 1640 44 0 2 1 98 519745 -1 -1 -1 -1 -1 -1)
#(0 183 1314 51 0 1 1 97 516927 -1 -1 -1 -1 -1 -1)
#(0 183 1922 49 0 1 1 96 509587 -1 -1 -1 -1 -1 -1)
#(0 183 2215 28 0 0 1 94 501120 -1 -1 -1 -1 -1 -1)
#(0 183 1309 50 0 2 1 92 490589 -1 -1 -1 -1 -1 -1)
#(0 183 1918 21 0 3 1 90 479408 -1 -1 -1 -1 -1 -1)
#(0 183 1634 60 0 1 1 90 475768 -1 -1 -1 -1 -1 -1)
#(0 183 1643 59 0 3 1 88 465508 -1 -1 -1 -1 -1 -1)
#(0 183 152 62 0 1 1 87 464393 -1 -1 -1 -1 -1 -1)
#(0 183 914 55 0 2 1 87 464535 -1 -1 -1 -1 -1 -1)
#(0 183 2224 27 0 0 1 86 458931 -1 -1 -1 -1 -1 -1)
#(0 183 1635 43 0 2 1 85 451156 -1 -1 -1 -1 -1 -1)
#(0 183 1639 54 0 2 1 84 444872 -1 -1 -1 -1 -1 -1)
#(0 183 1916 35 0 3 1 84 447001 -1 -1 -1 -1 -1 -1)
#(0 183 146 55 0 3 1 84 443755 -1 -1 -1 -1 -1 -1)
#(0 183 1924 46 0 1 1 83 441096 -1 -1 -1 -1 -1 -1)
#(0 183 1313 44 0 3 1 83 438657 -1 -1 -1 -1 -1 -1)
#(0 183 145 54 0 1 1 82 435286 -1 -1 -1 -1 -1 -1)
#(0 183 1645 68 0 2 1 81 428316 -1 -1 -1 -1 -1 -1)
#(0 183 2221 30 0 0 1 78 416621 -1 -1 -1 -1 -1 -1)
#(0 183 540 60 0 3 1 78 415413 -1 -1 -1 -1 -1 -1)
#(0 183 1304 44 0 2 1 77 407095 -1 -1 -1 -1 -1 -1)
#(0 183 149 59 0 3 1 77 407511 -1 -1 -1 -1 -1 -1)
#(0 183 2218 26 0 0 1 74 395578 -1 -1 -1 -1 -1 -1)
#(0 183 1305 51 0 3 1 70 374296 -1 -1 -1 -1 -1 -1)
#(0 183 1923 27 0 2 1 68 362933 -1 -1 -1 -1 -1 -1)
#(0 183 543 53 0 2 1 65 348323 -1 -1 -1 -1 -1 -1)
#(0 183 1926 30 0 2 1 65 346930 -1 -1 -1 -1 -1 -1)
#(0 183 1920 31 0 1 1 63 336253 -1 -1 -1 -1 -1 -1)
#(0 183 918 57 0 3 1 61 323201 -1 -1 -1 -1 -1 -1)
#(0 183 536 44 0 3 1 58 308004 -1 -1 -1 -1 -1 -1)
#(0 183 1306 44 0 2 1 57 301370 -1 -1 -1 -1 -1 -1)
#(0 183 1310 62 0 2 1 54 288728 -1 -1 -1 -1 -1 -1)
#(0 183 1312 67 0 2 1 53 282144 -1 -1 -1 -1 -1 -1)
#(0 183 541 59 0 2 1 52 278424 -1 -1 -1 -1 -1 -1)
#(0 183 2222 20 0 0 1 50 268960 -1 -1 -1 -1 -1 -1)
#(0 183 1919 37 0 3 1 50 267381 -1 -1 -1 -1 -1 -1)
#(0 183 546 59 0 2 1 49 262307 -1 -1 -1 -1 -1 -1)
#(0 183 1927 42 0 2 1 47 251285 -1 -1 -1 -1 -1 -1)
#(2 183 1927 -1 -1 -1 -1 -1 -1 72 -1 -1 -1 -1 -1)
#(0 183 139 55 0 3 1 42 224585 -1 -1 -1 -1 -1 -1)
#(0 183 921 51 0 2 1 35 187330 -1 -1 -1 -1 -1 -1)
#(0 183 140 56 0 3 1 23 122419 -1 -1 -1 -1 -1 -1)
#(0 183 544 51 0 1 1 17 89894 -1 -1 -1 -1 -1 -1)
#(0 183 1646 59 0 2 1 17 90508 -1 -1 -1 -1 -1 -1)
#(0 184 910 70 0 2 0 1 9583 -1 -1 -1 -1 -1 -1)
#(0 184 545 54 0 3 0 2 11459 -1 -1 -1 -1 -1 -1)
#(0 184 555 44 0 2 0 3 19370 -1 -1 -1 -1 -1 -1)
#(0 184 160 44 0 2 0 5 26653 -1 -1 -1 -1 -1 -1)
#(0 184 553 65 0 2 0 8 44791 -1 -1 -1 -1 -1 -1)
#(0 184 542 59 0 2 0 11 60694 -1 -1 -1 -1 -1 -1)
#(0 184 161 44 0 1 0 12 63604 -1 -1 -1 -1 -1 -1)
#(0 184 554 44 0 2 0 12 66801 -1 -1 -1 -1 -1 -1)
#(0 184 1937 21 0 2 0 12 64456 -1 -1 -1 -1 -1 -1)
#(2 184 1937 -1 -1 -1 -1 -1 -1 73 -1 -1 -1 -1 -1)
#(0 184 2231 34 0 0 0 13 69202 -1 -1 -1 -1 -1 -1)
#(0 184 1321 53 0 3 0 14 74446 -1 -1 -1 -1 -1 -1)
#(0 184 556 63 0 2 0 15 80684 -1 -1 -1 -1 -1 -1)
#(0 184 1322 59 0 1 0 15 80630 -1 -1 -1 -1 -1 -1)
#(0 184 2226 32 0 0 0 16 85024 -1 -1 -1 -1 -1 -1)
#(0 184 923 57 0 2 0 16 88493 -1 -1 -1 -1 -1 -1)
#(0 184 2230 27 0 0 0 17 90205 -1 -1 -1 -1 -1 -1)
#(0 184 1930 25 0 2 0 17 91078 -1 -1 -1 -1 -1 -1)
#(0 184 1320 53 0 2 0 17 90887 -1 -1 -1 -1 -1 -1)
#(0 184 153 66 0 2 0 18 96191 -1 -1 -1 -1 -1 -1)
#(0 184 158 46 0 2 0 19 101949 -1 -1 -1 -1 -1 -1)
#(0 184 162 59 0 2 0 20 109777 -1 -1 -1 -1 -1 -1)
#(0 184 1648 50 0 1 0 20 109196 -1 -1 -1 -1 -1 -1)
#(0 184 922 50 0 2 0 21 113677 -1 -1 -1 -1 -1 -1)
#(0 184 549 75 0 3 0 21 115463 -1 -1 -1 -1 -1 -1)
#(0 184 561 57 0 2 0 22 117687 -1 -1 -1 -1 -1 -1)
#(0 184 933 66 0 2 0 24 127278 -1 -1 -1 -1 -1 -1)
#(0 184 1316 62 0 2 0 25 134183 -1 -1 -1 -1 -1 -1)
#(0 184 557 52 0 3 0 27 144621 -1 -1 -1 -1 -1 -1)
#(0 184 1323 57 0 2 0 27 144279 -1 -1 -1 -1 -1 -1)
#(0 184 1331 55 0 1 0 28 148832 -1 -1 -1 -1 -1 -1)
#(0 184 1317 44 0 1 0 30 163336 -1 -1 -1 -1 -1 -1)
#(0 184 150 62 0 1 0 31 165119 -1 -1 -1 -1 -1 -1)
#(0 184 1932 21 0 2 0 34 180576 -1 -1 -1 -1 -1 -1)
#(0 184 932 58 0 2 0 40 215299 -1 -1 -1 -1 -1 -1)
#(0 184 1653 59 0 2 0 40 215541 -1 -1 -1 -1 -1 -1)
#(2 184 1653 -1 -1 -1 -1 -1 -1 74 -1 -1 -1 -1 -1)
#(0 184 924 64 0 2 0 47 248296 -1 -1 -1 -1 -1 -1)
#(0 184 533 54 0 1 0 49 263793 -1 -1 -1 -1 -1 -1)
#(0 184 1319 57 0 2 0 51 270766 -1 -1 -1 -1 -1 -1)
#(0 184 157 51 0 2 0 53 281916 -1 -1 -1 -1 -1 -1)
#(0 184 2227 25 0 0 0 56 296095 -1 -1 -1 -1 -1 -1)
#(0 184 929 68 0 2 0 57 305479 -1 -1 -1 -1 -1 -1)
#(0 184 167 44 0 3 0 61 322188 -1 -1 -1 -1 -1 -1)
#(0 184 1326 44 0 3 0 62 332202 -1 -1 -1 -1 -1 -1)
#(0 184 926 55 0 1 0 72 383532 -1 -1 -1 -1 -1 -1)
#(0 184 165 44 0 2 1 97 517219 -1 -1 -1 -1 -1 -1)
#(0 184 558 60 0 2 1 96 510615 -1 -1 -1 -1 -1 -1)
#(0 184 934 52 0 2 1 95 504152 -1 -1 -1 -1 -1 -1)
#(0 184 1324 52 0 3 1 93 496058 -1 -1 -1 -1 -1 -1)
#(0 184 925 44 0 1 1 93 494758 -1 -1 -1 -1 -1 -1)
#(0 184 550 57 0 1 1 93 491654 -1 -1 -1 -1 -1 -1)
#(0 184 1649 57 0 2 1 92 487142 -1 -1 -1 -1 -1 -1)
#(0 184 1328 44 0 2 1 91 480897 -1 -1 -1 -1 -1 -1)
#(0 184 2228 28 0 0 1 90 480009 -1 -1 -1 -1 -1 -1)
#(0 184 931 55 0 2 1 90 476614 -1 -1 -1 -1 -1 -1)
#(0 184 166 55 0 3 1 90 477438 -1 -1 -1 -1 -1 -1)
#(0 184 2225 24 0 0 1 87 464223 -1 -1 -1 -1 -1 -1)
#(0 184 170 51 0 1 1 85 452078 -1 -1 -1 -1 -1 -1)
#(0 184 159 59 0 2 1 84 444067 -1 -1 -1 -1 -1 -1)
#(0 184 1318 67 0 2 1 78 414424 -1 -1 -1 -1 -1 -1)
#(0 184 1650 55 0 2 1 77 407798 -1 -1 -1 -1 -1 -1)
#(0 184 936 54 0 2 1 75 397877 -1 -1 -1 -1 -1 -1)
#(0 184 928 49 0 1 1 72 383379 -1 -1 -1 -1 -1 -1)
#(0 184 562 56 0 2 1 72 384195 -1 -1 -1 -1 -1 -1)
#(0 184 1329 50 0 2 1 69 368738 -1 -1 -1 -1 -1 -1)
#(0 184 551 52 0 1 1 69 369414 -1 -1 -1 -1 -1 -1)
#(0 184 559 61 0 2 1 68 362015 -1 -1 -1 -1 -1 -1)
#(0 184 930 57 0 2 1 64 339051 -1 -1 -1 -1 -1 -1)
#(0 184 156 54 0 1 1 63 334954 -1 -1 -1 -1 -1 -1)
#(0 184 1647 53 0 2 1 60 318315 -1 -1 -1 -1 -1 -1)
#(0 184 1936 30 0 2 1 59 315247 -1 -1 -1 -1 -1 -1)
#(0 184 1325 64 0 1 1 58 309702 -1 -1 -1 -1 -1 -1)
#(0 184 168 62 0 2 1 48 254115 -1 -1 -1 -1 -1 -1)
#(0 184 927 51 0 3 1 46 245355 -1 -1 -1 -1 -1 -1)
#(0 184 1652 51 0 2 1 44 234000 -1 -1 -1 -1 -1 -1)
#(0 184 935 57 0 2 1 43 228319 -1 -1 -1 -1 -1 -1)
#(0 184 548 67 0 2 1 29 154831 -1 -1 -1 -1 -1 -1)
#(0 184 1935 42 0 2 1 26 140417 -1 -1 -1 -1 -1 -1)
#(0 184 164 63 0 1 1 25 136947 -1 -1 -1 -1 -1 -1)
#(0 184 937 70 0 2 1 24 130873 -1 -1 -1 -1 -1 -1)
#(0 184 1330 70 0 2 1 21 112918 -1 -1 -1 -1 -1 -1)
#(0 185 2238 30 0 0 0 0 505 -1 -1 -1 -1 -1 -1)
#(0 185 1940 37 0 2 0 2 12457 -1 -1 -1 -1 -1 -1)
#(0 185 941 59 0 1 0 3 19908 -1 -1 -1 -1 -1 -1)
#(0 185 2235 30 0 0 0 4 21632 -1 -1 -1 -1 -1 -1)
#(0 185 1656 62 0 2 0 4 26278 -1 -1 -1 -1 -1 -1)
#(0 185 169 54 0 3 0 5 28519 -1 -1 -1 -1 -1 -1)
#(0 185 572 60 0 2 0 5 27991 -1 -1 -1 -1 -1 -1)
#(0 185 569 51 0 1 0 6 36653 -1 -1 -1 -1 -1 -1)
#(0 185 2241 31 0 0 0 7 37457 -1 -1 -1 -1 -1 -1)
#(0 185 575 57 0 3 0 8 44405 -1 -1 -1 -1 -1 -1)
#(0 185 948 57 0 2 0 12 67078 -1 -1 -1 -1 -1 -1)
#(0 185 946 49 0 2 0 13 73387 -1 -1 -1 -1 -1 -1)
#(0 185 567 56 0 2 0 14 74897 -1 -1 -1 -1 -1 -1)
#(0 185 1661 50 0 1 0 14 77557 -1 -1 -1 -1 -1 -1)
#(0 185 1327 56 0 2 0 15 80713 -1 -1 -1 -1 -1 -1)
#(0 185 1662 50 0 1 0 17 93692 -1 -1 -1 -1 -1 -1)
#(0 185 1934 25 0 2 0 17 91055 -1 -1 -1 -1 -1 -1)
#(0 185 2232 18 0 0 0 20 105907 -1 -1 -1 -1 -1 -1)
#(0 185 176 74 0 3 0 20 106540 -1 -1 -1 -1 -1 -1)
#(0 185 950 70 0 2 0 20 105796 -1 -1 -1 -1 -1 -1)
#(0 185 566 59 0 2 0 21 112462 -1 -1 -1 -1 -1 -1)
#(0 185 1341 60 0 1 0 23 123413 -1 -1 -1 -1 -1 -1)
#(0 185 949 51 0 2 0 24 130010 -1 -1 -1 -1 -1 -1)
#(0 185 1944 28 0 3 0 24 128128 -1 -1 -1 -1 -1 -1)
#(0 185 2233 34 0 0 0 28 148423 -1 -1 -1 -1 -1 -1)
#(0 185 1340 59 0 2 0 29 154017 -1 -1 -1 -1 -1 -1)
#(0 185 2236 27 0 0 0 32 169404 -1 -1 -1 -1 -1 -1)
#(0 185 2239 20 0 0 0 35 185128 -1 -1 -1 -1 -1 -1)
#(0 185 171 58 0 1 0 38 205060 -1 -1 -1 -1 -1 -1)
#(0 185 954 54 0 2 0 41 219996 -1 -1 -1 -1 -1 -1)
#(0 185 576 57 0 1 0 46 244031 -1 -1 -1 -1 -1 -1)
#(0 185 1665 52 0 2 0 48 257290 -1 -1 -1 -1 -1 -1)
#(0 185 1342 58 0 2 0 48 254821 -1 -1 -1 -1 -1 -1)
#(0 185 552 63 0 2 0 50 264839 -1 -1 -1 -1 -1 -1)
#(0 185 1333 59 0 2 0 50 265779 -1 -1 -1 -1 -1 -1)
#(0 185 942 51 0 2 0 52 277352 -1 -1 -1 -1 -1 -1)
#(0 185 2234 26 0 0 0 56 296099 -1 -1 -1 -1 -1 -1)
#(0 185 564 57 0 2 0 56 296868 -1 -1 -1 -1 -1 -1)
#(0 185 1334 65 0 3 0 57 302757 -1 -1 -1 -1 -1 -1)
#(0 185 940 58 0 1 0 62 331728 -1 -1 -1 -1 -1 -1)
#(0 185 1337 66 0 3 0 67 356473 -1 -1 -1 -1 -1 -1)
#(0 185 1663 44 0 2 0 75 398934 -1 -1 -1 -1 -1 -1)
#(0 185 1658 62 0 3 0 87 464056 -1 -1 -1 -1 -1 -1)
#(0 185 2237 28 0 0 1 99 527541 -1 -1 -1 -1 -1 -1)
#(0 185 1943 20 0 3 1 99 526977 -1 -1 -1 -1 -1 -1)
#(0 185 1939 29 0 2 1 98 521163 -1 -1 -1 -1 -1 -1)
#(0 185 574 47 0 2 1 98 518002 -1 -1 -1 -1 -1 -1)
#(0 185 1660 60 0 2 1 96 507497 -1 -1 -1 -1 -1 -1)
#(0 185 938 69 0 2 1 91 485254 -1 -1 -1 -1 -1 -1)
#(0 185 2229 23 0 0 1 90 480101 -1 -1 -1 -1 -1 -1)
#(0 185 1654 49 0 3 1 90 476245 -1 -1 -1 -1 -1 -1)
#(0 185 1933 21 0 3 1 90 479465 -1 -1 -1 -1 -1 -1)
#(0 185 180 54 0 2 1 87 461758 -1 -1 -1 -1 -1 -1)
#(0 185 570 59 0 3 1 87 463039 -1 -1 -1 -1 -1 -1)
#(0 185 943 65 0 2 1 87 459485 -1 -1 -1 -1 -1 -1)
#(0 185 2240 29 0 0 1 86 458893 -1 -1 -1 -1 -1 -1)
#(0 185 1651 41 0 2 1 85 451287 -1 -1 -1 -1 -1 -1)
#(0 185 952 71 0 1 1 84 447990 -1 -1 -1 -1 -1 -1)
#(0 185 1339 57 0 2 1 84 447249 -1 -1 -1 -1 -1 -1)
#(0 185 944 44 0 1 1 82 436639 -1 -1 -1 -1 -1 -1)
#(0 185 155 61 0 2 1 82 433764 -1 -1 -1 -1 -1 -1)
#(0 185 1941 26 0 2 1 80 426322 -1 -1 -1 -1 -1 -1)
#(0 185 1336 55 0 1 1 78 416149 -1 -1 -1 -1 -1 -1)
#(0 185 1657 53 0 3 1 76 402693 -1 -1 -1 -1 -1 -1)
#(0 185 573 57 0 3 1 76 405494 -1 -1 -1 -1 -1 -1)
#(0 185 568 44 0 3 1 71 376620 -1 -1 -1 -1 -1 -1)
#(0 185 563 64 0 3 1 71 378793 -1 -1 -1 -1 -1 -1)
#(0 185 178 44 0 3 1 69 369457 -1 -1 -1 -1 -1 -1)
#(0 185 1942 36 0 2 1 67 357146 -1 -1 -1 -1 -1 -1)
#(0 185 173 65 0 2 1 67 357516 -1 -1 -1 -1 -1 -1)
#(0 185 1338 55 0 2 1 67 357997 -1 -1 -1 -1 -1 -1)
#(0 185 1931 30 0 2 1 65 346894 -1 -1 -1 -1 -1 -1)
#(0 185 1664 62 0 1 1 65 343869 -1 -1 -1 -1 -1 -1)
#(0 185 1659 54 0 3 1 64 338839 -1 -1 -1 -1 -1 -1)
#(0 185 945 55 0 1 1 63 334624 -1 -1 -1 -1 -1 -1)
#(0 185 565 57 0 2 1 62 331279 -1 -1 -1 -1 -1 -1)
#(0 185 1315 51 0 2 1 56 300664 -1 -1 -1 -1 -1 -1)
#(0 185 571 54 0 3 1 56 299924 -1 -1 -1 -1 -1 -1)
#(0 185 1938 27 0 2 1 52 278370 -1 -1 -1 -1 -1 -1)
#(0 185 177 64 0 3 1 49 263538 -1 -1 -1 -1 -1 -1)
#(0 185 1335 59 0 2 1 48 256833 -1 -1 -1 -1 -1 -1)
#(0 185 1655 62 0 2 1 47 248774 -1 -1 -1 -1 -1 -1)
#(0 185 939 50 0 2 1 45 240026 -1 -1 -1 -1 -1 -1)
#(0 185 951 44 0 1 1 37 199045 -1 -1 -1 -1 -1 -1)
#(0 185 172 51 0 3 1 26 140509 -1 -1 -1 -1 -1 -1)
#(0 186 2246 22 0 0 0 1 5646 -1 -1 -1 -1 -1 -1)
#(0 186 187 62 0 2 0 3 20500 -1 -1 -1 -1 -1 -1)
#(0 186 577 67 0 1 0 5 29124 -1 -1 -1 -1 -1 -1)
#(0 186 182 59 0 2 0 7 37727 -1 -1 -1 -1 -1 -1)
#(0 186 1349 62 0 1 0 7 38993 -1 -1 -1 -1 -1 -1)
#(0 186 1957 50 0 2 0 9 50153 -1 -1 -1 -1 -1 -1)
#(0 186 163 44 0 1 0 12 63453 -1 -1 -1 -1 -1 -1)
#(0 186 2245 33 0 0 0 15 79765 -1 -1 -1 -1 -1 -1)
#(0 186 193 59 0 1 0 16 85218 -1 -1 -1 -1 -1 -1)
#(0 186 582 59 0 1 0 16 85634 -1 -1 -1 -1 -1 -1)
#(0 186 2255 27 0 0 0 19 100753 -1 -1 -1 -1 -1 -1)
#(0 186 589 55 0 2 0 20 106117 -1 -1 -1 -1 -1 -1)
#(0 186 1345 44 0 3 0 20 110538 -1 -1 -1 -1 -1 -1)
#(0 186 958 59 0 2 0 25 136250 -1 -1 -1 -1 -1 -1)
#(0 186 190 54 0 2 0 26 137367 -1 -1 -1 -1 -1 -1)
#(0 186 1668 50 0 3 0 27 146073 -1 -1 -1 -1 -1 -1)
#(0 186 957 51 0 3 0 28 150753 -1 -1 -1 -1 -1 -1)
#(0 186 580 57 0 1 0 29 154130 -1 -1 -1 -1 -1 -1)
#(0 186 2251 32 0 0 0 33 174761 -1 -1 -1 -1 -1 -1)
#(0 186 1947 31 0 2 0 33 175842 -1 -1 -1 -1 -1 -1)
#(0 186 584 55 0 3 0 33 175244 -1 -1 -1 -1 -1 -1)
#(0 186 1955 21 0 3 0 34 180562 -1 -1 -1 -1 -1 -1)
#(0 186 1673 68 0 2 0 35 189964 -1 -1 -1 -1 -1 -1)
#(0 186 1344 63 0 3 0 36 192153 -1 -1 -1 -1 -1 -1)
#(0 186 581 43 0 2 0 37 198860 -1 -1 -1 -1 -1 -1)
#(0 186 175 54 0 2 0 38 203693 -1 -1 -1 -1 -1 -1)
#(0 186 1950 33 0 3 0 38 202362 -1 -1 -1 -1 -1 -1)
#(0 186 585 49 0 3 0 40 211547 -1 -1 -1 -1 -1 -1)
#(0 186 588 44 0 3 0 42 225300 -1 -1 -1 -1 -1 -1)
#(0 186 1948 23 0 2 0 43 228403 -1 -1 -1 -1 -1 -1)
#(0 186 1671 51 0 1 0 44 235967 -1 -1 -1 -1 -1 -1)
#(0 186 2249 27 0 0 0 45 238050 -1 -1 -1 -1 -1 -1)
#(0 186 1667 66 0 2 0 46 243176 -1 -1 -1 -1 -1 -1)
#(0 186 1675 62 0 2 0 47 252968 -1 -1 -1 -1 -1 -1)
#(0 186 1946 53 0 3 0 51 272069 -1 -1 -1 -1 -1 -1)
#(0 186 1351 55 0 2 0 55 291458 -1 -1 -1 -1 -1 -1)
#(0 186 1666 75 0 2 0 57 301726 -1 -1 -1 -1 -1 -1)
#(0 186 1674 59 0 2 0 59 315991 -1 -1 -1 -1 -1 -1)
#(0 186 2244 23 0 0 0 66 348870 -1 -1 -1 -1 -1 -1)
#(0 186 2254 25 0 0 0 69 364721 -1 -1 -1 -1 -1 -1)
#(0 186 959 59 0 3 0 74 395169 -1 -1 -1 -1 -1 -1)
#(0 186 2247 25 0 0 0 75 396412 -1 -1 -1 -1 -1 -1)
#(0 186 1346 51 0 2 1 98 522122 -1 -1 -1 -1 -1 -1)
#(0 186 2242 28 0 0 1 97 516955 -1 -1 -1 -1 -1 -1)
#(0 186 956 62 0 1 1 96 507324 -1 -1 -1 -1 -1 -1)
#(0 186 2243 27 0 0 1 94 501129 -1 -1 -1 -1 -1 -1)
#(0 186 174 44 0 1 1 90 480283 -1 -1 -1 -1 -1 -1)
#(0 186 587 51 0 2 1 89 470106 -1 -1 -1 -1 -1 -1)
#(0 186 1956 26 0 2 1 88 468493 -1 -1 -1 -1 -1 -1)
#(0 186 947 58 0 1 1 87 460375 -1 -1 -1 -1 -1 -1)
#(0 186 192 57 0 1 1 86 455694 -1 -1 -1 -1 -1 -1)
#(0 186 1953 42 0 3 1 86 457166 -1 -1 -1 -1 -1 -1)
#(0 186 189 59 0 2 1 85 450645 -1 -1 -1 -1 -1 -1)
#(0 186 1949 37 0 3 1 85 452109 -1 -1 -1 -1 -1 -1)
#(0 186 188 55 0 1 1 84 445638 -1 -1 -1 -1 -1 -1)
#(0 186 962 60 0 1 1 84 443585 -1 -1 -1 -1 -1 -1)
#(0 186 1945 39 0 1 1 82 436189 -1 -1 -1 -1 -1 -1)
#(0 186 2250 28 0 0 1 81 432506 -1 -1 -1 -1 -1 -1)
#(0 186 191 53 0 4 1 79 417438 -1 -1 -1 -1 -1 -1)
#(0 186 2252 20 0 0 1 78 416799 -1 -1 -1 -1 -1 -1)
#(0 186 1952 31 0 2 1 78 415537 -1 -1 -1 -1 -1 -1)
#(0 186 181 59 0 1 1 74 391539 -1 -1 -1 -1 -1 -1)
#(0 186 960 57 0 3 1 72 382766 -1 -1 -1 -1 -1 -1)
#(0 186 1332 49 0 2 1 69 368685 -1 -1 -1 -1 -1 -1)
#(0 186 560 51 0 1 1 69 364476 -1 -1 -1 -1 -1 -1)
#(0 186 2253 27 0 0 1 68 363880 -1 -1 -1 -1 -1 -1)
#(0 186 1352 44 0 2 1 66 349086 -1 -1 -1 -1 -1 -1)
#(0 186 1347 58 0 3 1 62 329986 -1 -1 -1 -1 -1 -1)
#(0 186 579 62 0 2 1 62 330895 -1 -1 -1 -1 -1 -1)
#(0 186 1951 43 0 1 1 60 319853 -1 -1 -1 -1 -1 -1)
#(0 186 1348 59 0 2 1 57 304122 -1 -1 -1 -1 -1 -1)
#(0 186 184 62 0 2 1 50 264350 -1 -1 -1 -1 -1 -1)
#(0 186 1669 55 0 3 1 47 249508 -1 -1 -1 -1 -1 -1)
#(0 186 1672 67 0 3 1 46 242904 -1 -1 -1 -1 -1 -1)
#(0 186 1343 54 0 1 1 43 231144 -1 -1 -1 -1 -1 -1)
#(0 186 2248 27 0 0 1 39 210742 -1 -1 -1 -1 -1 -1)
#(0 186 2256 29 0 0 1 37 200171 -1 -1 -1 -1 -1 -1)
#(0 186 1959 32 0 2 1 31 167289 -1 -1 -1 -1 -1 -1)
#(0 186 1958 23 0 2 1 28 151869 -1 -1 -1 -1 -1 -1)
#(0 186 1350 64 0 3 1 22 119050 -1 -1 -1 -1 -1 -1)
#(0 186 186 75 0 3 1 18 96906 -1 -1 -1 -1 -1 -1)
#(0 187 2257 30 0 0 0 0 526 -1 -1 -1 -1 -1 -1)
#(0 187 601 58 0 3 0 6 33648 -1 -1 -1 -1 -1 -1)
#(0 187 194 53 0 3 0 7 39870 -1 -1 -1 -1 -1 -1)
#(0 187 973 51 0 2 0 10 55634 -1 -1 -1 -1 -1 -1)
#(0 187 1682 56 0 2 0 11 62352 -1 -1 -1 -1 -1 -1)
#(0 187 592 44 0 1 0 11 61648 -1 -1 -1 -1 -1 -1)
#(0 187 1687 53 0 3 0 12 67546 -1 -1 -1 -1 -1 -1)
#(0 187 179 58 0 2 0 12 66416 -1 -1 -1 -1 -1 -1)
#(0 187 1670 53 0 2 0 14 77638 -1 -1 -1 -1 -1 -1)
#(0 187 1358 48 0 2 0 19 101948 -1 -1 -1 -1 -1 -1)
#(0 187 1683 53 0 2 0 20 109337 -1 -1 -1 -1 -1 -1)
#(0 187 1353 56 0 2 0 20 107129 -1 -1 -1 -1 -1 -1)
#(0 187 1368 59 0 2 0 26 138455 -1 -1 -1 -1 -1 -1)
#(0 187 2259 23 0 0 0 28 148226 -1 -1 -1 -1 -1 -1)
#(0 187 1685 65 0 2 0 30 163617 -1 -1 -1 -1 -1 -1)
#(0 187 1686 70 0 2 0 35 185108 -1 -1 -1 -1 -1 -1)
#(0 187 597 62 0 2 0 35 187001 -1 -1 -1 -1 -1 -1)
#(0 187 598 56 0 2 0 36 191474 -1 -1 -1 -1 -1 -1)
#(0 187 1684 62 0 1 0 36 194620 -1 -1 -1 -1 -1 -1)
#(0 187 1963 34 0 3 0 38 202391 -1 -1 -1 -1 -1 -1)
#(0 187 596 65 0 1 0 39 208801 -1 -1 -1 -1 -1 -1)
#(0 187 1678 55 0 2 0 41 220436 -1 -1 -1 -1 -1 -1)
#(0 187 1965 27 0 2 0 41 217857 -1 -1 -1 -1 -1 -1)
#(0 187 2263 24 0 0 0 45 237995 -1 -1 -1 -1 -1 -1)
#(0 187 196 56 0 1 0 46 246563 -1 -1 -1 -1 -1 -1)
#(0 187 1366 70 0 2 0 46 245995 -1 -1 -1 -1 -1 -1)
#(0 187 1961 26 0 2 0 46 244237 -1 -1 -1 -1 -1 -1)
#(0 187 593 59 0 2 0 48 255156 -1 -1 -1 -1 -1 -1)
#(0 187 1356 72 0 2 0 50 266981 -1 -1 -1 -1 -1 -1)
#(0 187 969 57 0 3 0 52 277975 -1 -1 -1 -1 -1 -1)
#(0 187 1363 44 0 2 0 56 300582 -1 -1 -1 -1 -1 -1)
#(0 187 974 59 0 3 0 60 321266 -1 -1 -1 -1 -1 -1)
#(0 187 2264 28 0 0 0 63 333092 -1 -1 -1 -1 -1 -1)
#(0 187 1677 59 0 2 0 66 352829 -1 -1 -1 -1 -1 -1)
#(0 187 966 75 0 2 0 82 434919 -1 -1 -1 -1 -1 -1)
#(0 187 1362 70 0 2 0 84 446914 -1 -1 -1 -1 -1 -1)
#(0 187 1967 20 0 2 1 99 526976 -1 -1 -1 -1 -1 -1)
#(0 187 578 53 0 2 1 98 518219 -1 -1 -1 -1 -1 -1)
#(0 187 963 57 0 1 1 97 513322 -1 -1 -1 -1 -1 -1)
#(0 187 1367 70 0 2 1 97 515261 -1 -1 -1 -1 -1 -1)
#(0 187 198 60 0 2 1 94 496819 -1 -1 -1 -1 -1 -1)
#(0 187 2262 29 0 0 1 92 490564 -1 -1 -1 -1 -1 -1)
#(0 187 968 58 0 2 1 91 482971 -1 -1 -1 -1 -1 -1)
#(0 187 1964 20 0 0 1 90 479515 -1 -1 -1 -1 -1 -1)
#(0 187 591 70 0 2 1 89 473900 -1 -1 -1 -1 -1 -1)
#(0 187 953 54 0 1 1 87 461243 -1 -1 -1 -1 -1 -1)
#(0 187 1355 54 0 3 1 87 463526 -1 -1 -1 -1 -1 -1)
#(0 187 964 43 0 3 1 85 452604 -1 -1 -1 -1 -1 -1)
#(0 187 595 46 0 2 1 85 452665 -1 -1 -1 -1 -1 -1)
#(0 187 1364 55 0 2 1 84 447705 -1 -1 -1 -1 -1 -1)
#(0 187 590 56 0 3 1 82 435988 -1 -1 -1 -1 -1 -1)
#(0 187 970 56 0 3 1 81 428983 -1 -1 -1 -1 -1 -1)
#(0 187 1966 26 0 2 1 80 426371 -1 -1 -1 -1 -1 -1)
#(0 187 1361 52 0 3 1 75 400341 -1 -1 -1 -1 -1 -1)
#(0 187 967 51 0 2 1 74 393101 -1 -1 -1 -1 -1 -1)
#(0 187 602 52 0 2 1 72 383550 -1 -1 -1 -1 -1 -1)
#(0 187 1676 63 0 2 1 72 380594 -1 -1 -1 -1 -1 -1)
#(0 187 197 44 0 3 1 71 379912 -1 -1 -1 -1 -1 -1)
#(0 187 1354 61 0 3 1 67 357038 -1 -1 -1 -1 -1 -1)
#(0 187 600 59 0 1 1 66 349979 -1 -1 -1 -1 -1 -1)
#(0 187 972 44 0 1 1 65 346986 -1 -1 -1 -1 -1 -1)
#(0 187 961 70 0 1 1 62 331973 -1 -1 -1 -1 -1 -1)
#(0 187 1679 57 0 2 1 62 328815 -1 -1 -1 -1 -1 -1)
#(0 187 195 51 0 1 1 60 319944 -1 -1 -1 -1 -1 -1)
#(0 187 1954 25 0 2 1 60 320807 -1 -1 -1 -1 -1 -1)
#(0 187 975 53 0 3 1 58 307821 -1 -1 -1 -1 -1 -1)
#(0 187 1962 28 0 2 1 58 310073 -1 -1 -1 -1 -1 -1)
#(0 187 1680 67 0 3 1 57 300972 -1 -1 -1 -1 -1 -1)
#(0 187 1681 51 0 2 1 54 286756 -1 -1 -1 -1 -1 -1)
#(0 187 200 56 0 2 1 52 275627 -1 -1 -1 -1 -1 -1)
#(0 187 2260 26 0 0 1 46 247727 -1 -1 -1 -1 -1 -1)
#(0 187 1960 26 0 3 1 44 236255 -1 -1 -1 -1 -1 -1)
#(0 187 1365 57 0 1 1 43 231164 -1 -1 -1 -1 -1 -1)
#(0 187 1359 62 0 3 1 39 208956 -1 -1 -1 -1 -1 -1)
#(0 187 594 73 0 3 1 39 206793 -1 -1 -1 -1 -1 -1)
#(0 187 1360 54 0 2 1 37 199548 -1 -1 -1 -1 -1 -1)
#(0 187 955 70 0 1 1 37 196127 -1 -1 -1 -1 -1 -1)
#(0 187 965 44 0 2 1 31 167356 -1 -1 -1 -1 -1 -1)
#(0 187 2258 25 0 0 1 28 152702 -1 -1 -1 -1 -1 -1)
#(0 187 2261 32 0 0 1 19 105072 -1 -1 -1 -1 -1 -1)
#(0 188 1380 55 0 2 0 1 7690 -1 -1 -1 -1 -1 -1)
#(0 188 1698 42 0 3 0 2 13402 -1 -1 -1 -1 -1 -1)
#(0 188 982 50 0 1 0 2 13387 -1 -1 -1 -1 -1 -1)
#(0 188 1690 66 0 1 0 5 26490 -1 -1 -1 -1 -1 -1)
#(0 188 599 53 0 3 0 5 27606 -1 -1 -1 -1 -1 -1)
#(0 188 987 59 0 2 0 5 30800 -1 -1 -1 -1 -1 -1)
#(0 188 1701 55 0 2 0 7 40940 -1 -1 -1 -1 -1 -1)
#(0 188 2273 26 0 0 0 8 42662 -1 -1 -1 -1 -1 -1)
#(0 188 983 67 0 3 0 8 47363 -1 -1 -1 -1 -1 -1)
#(0 188 980 54 0 3 0 11 61575 -1 -1 -1 -1 -1 -1)
#(0 188 605 59 0 2 0 11 59835 -1 -1 -1 -1 -1 -1)
#(0 188 2268 28 0 0 0 12 63831 -1 -1 -1 -1 -1 -1)
#(0 188 1972 21 0 3 0 12 64404 -1 -1 -1 -1 -1 -1)
#(0 188 1692 50 0 1 0 14 77364 -1 -1 -1 -1 -1 -1)
#(0 188 1689 44 0 2 0 16 87467 -1 -1 -1 -1 -1 -1)
#(0 188 1696 56 0 1 0 17 94076 -1 -1 -1 -1 -1 -1)
#(0 188 1969 27 0 3 0 18 96453 -1 -1 -1 -1 -1 -1)
#(0 188 1382 53 0 2 0 18 96388 -1 -1 -1 -1 -1 -1)
#(0 188 1377 49 0 2 0 19 101729 -1 -1 -1 -1 -1 -1)
#(0 188 1370 55 0 2 0 20 107129 -1 -1 -1 -1 -1 -1)
#(0 188 1975 41 0 2 0 26 139464 -1 -1 -1 -1 -1 -1)
#(0 188 202 53 0 1 0 27 145588 -1 -1 -1 -1 -1 -1)
#(0 188 1371 58 0 3 0 27 144405 -1 -1 -1 -1 -1 -1)
#(0 188 1976 20 0 2 0 28 148862 -1 -1 -1 -1 -1 -1)
#(0 188 1968 28 0 2 0 33 175672 -1 -1 -1 -1 -1 -1)
#(0 188 2266 25 0 0 0 36 190508 -1 -1 -1 -1 -1 -1)
#(0 188 1372 54 0 3 0 37 196501 -1 -1 -1 -1 -1 -1)
#(0 188 583 57 0 1 0 38 201043 -1 -1 -1 -1 -1 -1)
#(0 188 1970 26 0 2 0 39 207298 -1 -1 -1 -1 -1 -1)
#(0 188 1695 43 0 2 0 41 219334 -1 -1 -1 -1 -1 -1)
#(0 188 1378 57 0 1 0 41 217996 -1 -1 -1 -1 -1 -1)
#(0 188 210 64 0 2 0 51 269624 -1 -1 -1 -1 -1 -1)
#(0 188 989 55 0 3 0 53 283079 -1 -1 -1 -1 -1 -1)
#(0 188 608 67 0 3 0 60 320372 -1 -1 -1 -1 -1 -1)
#(0 188 606 62 0 1 0 70 372043 -1 -1 -1 -1 -1 -1)
#(0 188 613 44 0 1 0 71 378334 -1 -1 -1 -1 -1 -1)
#(0 188 207 57 0 2 0 92 489573 -1 -1 -1 -1 -1 -1)
#(0 188 2271 27 0 0 1 99 527561 -1 -1 -1 -1 -1 -1)
#(0 188 1700 75 0 2 1 94 500752 -1 -1 -1 -1 -1 -1)
#(0 188 1383 61 0 2 1 93 495381 -1 -1 -1 -1 -1 -1)
#(0 188 986 51 0 1 1 92 488216 -1 -1 -1 -1 -1 -1)
#(0 188 2274 24 0 0 1 90 480092 -1 -1 -1 -1 -1 -1)
#(0 188 1376 48 0 2 1 90 480355 -1 -1 -1 -1 -1 -1)
#(0 188 604 57 0 2 1 88 469191 -1 -1 -1 -1 -1 -1)
#(0 188 1357 52 0 2 1 87 463680 -1 -1 -1 -1 -1 -1)
#(0 188 1693 53 0 1 1 87 460477 -1 -1 -1 -1 -1 -1)
#(0 188 1688 55 0 2 1 86 455310 -1 -1 -1 -1 -1 -1)
#(0 188 607 59 0 1 1 86 457320 -1 -1 -1 -1 -1 -1)
#(0 188 1374 55 0 2 1 86 458045 -1 -1 -1 -1 -1 -1)
#(0 188 611 60 0 3 1 84 446997 -1 -1 -1 -1 -1 -1)
#(0 188 1381 44 0 3 1 83 438686 -1 -1 -1 -1 -1 -1)
#(0 188 208 53 0 2 1 82 435903 -1 -1 -1 -1 -1 -1)
#(0 188 205 51 0 2 1 81 430884 -1 -1 -1 -1 -1 -1)
#(0 188 2265 33 0 0 1 79 421832 -1 -1 -1 -1 -1 -1)
#(0 188 209 53 0 3 1 78 413047 -1 -1 -1 -1 -1 -1)
#(0 188 612 61 0 2 1 75 399904 -1 -1 -1 -1 -1 -1)
#(0 188 1373 53 0 3 1 75 400152 -1 -1 -1 -1 -1 -1)
#(0 188 1691 57 0 3 1 75 396973 -1 -1 -1 -1 -1 -1)
#(0 188 1974 42 0 2 1 74 393787 -1 -1 -1 -1 -1 -1)
#(0 188 978 59 0 1 1 68 359861 -1 -1 -1 -1 -1 -1)
#(0 188 2272 23 0 0 1 64 342828 -1 -1 -1 -1 -1 -1)
#(0 188 204 51 0 1 1 64 341099 -1 -1 -1 -1 -1 -1)
#(0 188 1379 65 0 1 1 63 335717 -1 -1 -1 -1 -1 -1)
#(0 188 603 50 0 1 1 58 307507 -1 -1 -1 -1 -1 -1)
#(0 188 991 63 0 2 1 54 285518 -1 -1 -1 -1 -1 -1)
#(0 188 981 59 0 1 1 53 279975 -1 -1 -1 -1 -1 -1)
#(0 188 1694 59 0 1 1 53 280698 -1 -1 -1 -1 -1 -1)
#(0 188 610 51 0 1 1 52 278980 -1 -1 -1 -1 -1 -1)
#(0 188 2269 32 0 0 1 49 263471 -1 -1 -1 -1 -1 -1)
#(0 188 979 44 0 1 1 47 251878 -1 -1 -1 -1 -1 -1)
#(0 188 988 53 0 3 1 45 239151 -1 -1 -1 -1 -1 -1)
#(0 188 2270 28 0 0 1 44 237142 -1 -1 -1 -1 -1 -1)
#(0 188 203 56 0 1 1 44 234029 -1 -1 -1 -1 -1 -1)
#(0 188 1971 33 0 3 1 41 220007 -1 -1 -1 -1 -1 -1)
#(0 188 1369 73 0 1 1 39 208856 -1 -1 -1 -1 -1 -1)
#(0 188 990 62 0 3 1 30 159284 -1 -1 -1 -1 -1 -1)
#(0 188 2267 32 0 0 1 27 147305 -1 -1 -1 -1 -1 -1)
#(0 188 206 57 0 2 1 12 64968 -1 -1 -1 -1 -1 -1)
#(0 188 976 64 0 2 1 9 52640 -1 -1 -1 -1 -1 -1)
#(0 189 622 57 0 2 0 4 21680 -1 -1 -1 -1 -1 -1)
#(0 189 996 54 0 2 0 4 24594 -1 -1 -1 -1 -1 -1)
#(0 189 217 61 0 3 0 7 40532 -1 -1 -1 -1 -1 -1)
#(0 189 1706 51 0 3 0 8 45929 -1 -1 -1 -1 -1 -1)
#(0 189 1004 54 0 2 0 8 45262 -1 -1 -1 -1 -1 -1)
#(0 189 2284 28 0 0 0 9 47978 -1 -1 -1 -1 -1 -1)
#(0 189 220 57 0 2 0 9 51034 -1 -1 -1 -1 -1 -1)
#(0 189 2285 20 0 0 0 10 53120 -1 -1 -1 -1 -1 -1)
#(0 189 1393 54 0 2 0 10 53823 -1 -1 -1 -1 -1 -1)
#(0 189 1001 47 0 2 0 11 61295 -1 -1 -1 -1 -1 -1)
#(0 189 1986 27 0 2 0 11 59443 -1 -1 -1 -1 -1 -1)
#(0 189 1702 47 0 1 0 12 66790 -1 -1 -1 -1 -1 -1)
#(0 189 620 57 0 3 0 12 68358 -1 -1 -1 -1 -1 -1)
#(0 189 1717 58 0 3 0 14 77664 -1 -1 -1 -1 -1 -1)
#(0 189 215 54 0 2 0 14 77570 -1 -1 -1 -1 -1 -1)
#(0 189 1710 51 0 1 0 15 82856 -1 -1 -1 -1 -1 -1)
#(0 189 2279 28 0 0 0 16 84949 -1 -1 -1 -1 -1 -1)
#(0 189 1697 48 0 2 0 16 87625 -1 -1 -1 -1 -1 -1)
#(0 189 616 51 0 2 0 17 94867 -1 -1 -1 -1 -1 -1)
#(0 189 224 65 0 2 0 18 95902 -1 -1 -1 -1 -1 -1)
#(0 189 2277 30 0 0 0 21 111399 -1 -1 -1 -1 -1 -1)
#(0 189 1007 44 0 2 0 21 112431 -1 -1 -1 -1 -1 -1)
#(0 189 214 59 0 2 0 23 125889 -1 -1 -1 -1 -1 -1)
#(0 189 1389 56 0 1 0 24 128897 -1 -1 -1 -1 -1 -1)
#(0 189 1709 58 0 3 0 25 136454 -1 -1 -1 -1 -1 -1)
#(0 189 999 57 0 2 0 27 146605 -1 -1 -1 -1 -1 -1)
#(2 189 999 -1 -1 -1 -1 -1 -1 75 -1 -1 -1 -1 -1)
#(0 189 993 67 0 3 0 28 153028 -1 -1 -1 -1 -1 -1)
#(0 189 2283 32 0 0 0 30 158923 -1 -1 -1 -1 -1 -1)
#(0 189 1977 28 0 2 0 30 159871 -1 -1 -1 -1 -1 -1)
#(0 189 225 73 0 1 0 32 170077 -1 -1 -1 -1 -1 -1)
#(0 189 998 61 0 3 0 33 174678 -1 -1 -1 -1 -1 -1)
#(0 189 2280 20 0 0 0 34 179852 -1 -1 -1 -1 -1 -1)
#(0 189 1002 62 0 2 0 34 184365 -1 -1 -1 -1 -1 -1)
#(0 189 1716 66 0 4 0 35 189833 -1 -1 -1 -1 -1 -1)
#(0 189 609 63 0 2 0 35 187548 -1 -1 -1 -1 -1 -1)
#(0 189 1703 51 0 1 0 38 204351 -1 -1 -1 -1 -1 -1)
#(0 189 1973 36 0 2 0 38 202512 -1 -1 -1 -1 -1 -1)
#(0 189 216 44 0 1 0 42 221975 -1 -1 -1 -1 -1 -1)
#(0 189 1985 38 0 1 0 45 239598 -1 -1 -1 -1 -1 -1)
#(0 189 992 51 0 2 0 47 251044 -1 -1 -1 -1 -1 -1)
#(0 189 2276 26 0 0 0 48 253881 -1 -1 -1 -1 -1 -1)
#(0 189 618 58 0 3 0 48 255023 -1 -1 -1 -1 -1 -1)
#(0 189 1390 65 0 2 0 50 266042 -1 -1 -1 -1 -1 -1)
#(0 189 2287 23 0 0 0 51 269649 -1 -1 -1 -1 -1 -1)
#(0 189 2282 25 0 0 0 52 274965 -1 -1 -1 -1 -1 -1)
#(0 189 1714 66 0 1 0 59 316457 -1 -1 -1 -1 -1 -1)
#(0 189 2278 27 0 0 0 88 465092 -1 -1 -1 -1 -1 -1)
#(0 189 1385 54 0 1 1 97 516540 -1 -1 -1 -1 -1 -1)
#(0 189 1715 59 0 2 1 97 513101 -1 -1 -1 -1 -1 -1)
#(0 189 2281 32 0 0 1 96 511630 -1 -1 -1 -1 -1 -1)
#(0 189 1983 48 0 1 1 94 499072 -1 -1 -1 -1 -1 -1)
#(0 189 995 56 0 3 1 94 496378 -1 -1 -1 -1 -1 -1)
#(0 189 1978 33 0 3 1 93 494520 -1 -1 -1 -1 -1 -1)
#(0 189 223 52 0 2 1 93 491588 -1 -1 -1 -1 -1 -1)
#(0 189 997 58 0 3 1 93 492004 -1 -1 -1 -1 -1 -1)
#(0 189 1981 20 0 3 1 92 489996 -1 -1 -1 -1 -1 -1)
#(0 189 617 61 0 2 1 91 482278 -1 -1 -1 -1 -1 -1)
#(0 189 1392 44 0 2 1 91 481008 -1 -1 -1 -1 -1 -1)
#(0 189 221 60 0 2 1 89 470308 -1 -1 -1 -1 -1 -1)
#(0 189 1012 62 0 1 1 87 464206 -1 -1 -1 -1 -1 -1)
#(0 189 977 54 0 3 1 87 461211 -1 -1 -1 -1 -1 -1)
#(0 189 1980 27 0 2 1 87 463235 -1 -1 -1 -1 -1 -1)
#(0 189 2275 28 0 0 1 86 458875 -1 -1 -1 -1 -1 -1)
#(0 189 1387 54 0 3 1 86 458403 -1 -1 -1 -1 -1 -1)
#(0 189 226 64 0 3 1 86 454881 -1 -1 -1 -1 -1 -1)
#(0 189 619 48 0 1 1 82 436695 -1 -1 -1 -1 -1 -1)
#(0 189 615 54 0 1 1 81 432454 -1 -1 -1 -1 -1 -1)
#(0 189 985 51 0 1 1 81 430091 -1 -1 -1 -1 -1 -1)
#(0 189 1982 24 0 2 1 80 426483 -1 -1 -1 -1 -1 -1)
#(0 189 1000 44 0 2 1 79 420804 -1 -1 -1 -1 -1 -1)
#(0 189 1711 57 0 3 1 79 418052 -1 -1 -1 -1 -1 -1)
#(0 189 1384 51 0 2 1 77 411216 -1 -1 -1 -1 -1 -1)
#(0 189 1005 44 0 1 1 75 399688 -1 -1 -1 -1 -1 -1)
#(0 189 213 58 0 3 1 71 377272 -1 -1 -1 -1 -1 -1)
#(0 189 1388 53 0 2 1 70 373906 -1 -1 -1 -1 -1 -1)
#(0 189 1003 51 0 3 1 70 369849 -1 -1 -1 -1 -1 -1)
#(0 189 211 51 0 1 1 69 368123 -1 -1 -1 -1 -1 -1)
#(0 189 1386 64 0 1 1 69 368210 -1 -1 -1 -1 -1 -1)
#(0 189 984 55 0 3 1 68 360843 -1 -1 -1 -1 -1 -1)
#(0 189 1391 55 0 2 1 68 363265 -1 -1 -1 -1 -1 -1)
#(0 189 1704 56 0 3 1 62 328865 -1 -1 -1 -1 -1 -1)
#(0 189 1011 57 0 2 1 61 323336 -1 -1 -1 -1 -1 -1)
#(0 189 1008 62 0 3 1 60 317709 -1 -1 -1 -1 -1 -1)
#(0 189 1979 36 0 1 1 57 304341 -1 -1 -1 -1 -1 -1)
#(0 189 1984 50 0 3 1 53 282495 -1 -1 -1 -1 -1 -1)
#(0 189 1712 64 0 3 1 53 280536 -1 -1 -1 -1 -1 -1)
#(0 189 2286 20 0 0 1 52 279526 -1 -1 -1 -1 -1 -1)
#(0 189 1705 67 0 2 1 52 274802 -1 -1 -1 -1 -1 -1)
#(0 189 212 64 0 1 1 50 264611 -1 -1 -1 -1 -1 -1)
#(0 189 1707 60 0 2 1 49 259289 -1 -1 -1 -1 -1 -1)
#(0 189 614 52 0 2 1 35 189299 -1 -1 -1 -1 -1 -1)
#(0 189 1708 51 0 3 1 32 170562 -1 -1 -1 -1 -1 -1)
#(0 189 994 51 0 2 1 25 134419 -1 -1 -1 -1 -1 -1)
#(0 190 1025 70 0 1 0 1 9793 -1 -1 -1 -1 -1 -1)
#(0 190 631 66 0 1 0 5 28968 -1 -1 -1 -1 -1 -1)
#(0 190 236 54 0 2 0 6 36787 -1 -1 -1 -1 -1 -1)
#(0 190 1988 38 0 3 0 9 49562 -1 -1 -1 -1 -1 -1)
#(0 190 629 57 0 2 0 10 54392 -1 -1 -1 -1 -1 -1)
#(0 190 1023 61 0 1 0 10 57710 -1 -1 -1 -1 -1 -1)
#(0 190 1400 44 0 2 0 12 68313 -1 -1 -1 -1 -1 -1)
#(0 190 2289 34 0 0 0 13 69226 -1 -1 -1 -1 -1 -1)
#(0 190 229 44 0 2 0 16 84677 -1 -1 -1 -1 -1 -1)
#(0 190 1398 44 0 3 0 16 89397 -1 -1 -1 -1 -1 -1)
#(0 190 2299 20 0 0 0 17 90077 -1 -1 -1 -1 -1 -1)
#(0 190 1989 41 0 1 0 19 102518 -1 -1 -1 -1 -1 -1)
#(0 190 626 60 0 1 0 19 101915 -1 -1 -1 -1 -1 -1)
#(0 190 1394 65 0 1 0 21 111530 -1 -1 -1 -1 -1 -1)
#(0 190 218 66 0 3 0 24 127553 -1 -1 -1 -1 -1 -1)
#(0 190 1721 61 0 2 0 24 131076 -1 -1 -1 -1 -1 -1)
#(0 190 232 58 0 1 0 25 137242 -1 -1 -1 -1 -1 -1)
#(0 190 1402 63 0 2 0 26 139392 -1 -1 -1 -1 -1 -1)
#(0 190 1395 62 0 2 0 30 160162 -1 -1 -1 -1 -1 -1)
#(0 190 627 65 0 2 0 32 171782 -1 -1 -1 -1 -1 -1)
#(0 190 2292 27 0 0 0 33 174692 -1 -1 -1 -1 -1 -1)
#(0 190 623 58 0 2 0 33 176318 -1 -1 -1 -1 -1 -1)
#(0 190 1987 21 0 3 0 34 180570 -1 -1 -1 -1 -1 -1)
#(0 190 2290 25 0 0 0 35 185220 -1 -1 -1 -1 -1 -1)
#(0 190 1991 38 0 1 0 36 192079 -1 -1 -1 -1 -1 -1)
#(0 190 231 55 0 3 0 39 208921 -1 -1 -1 -1 -1 -1)
#(0 190 1998 26 0 2 0 39 207261 -1 -1 -1 -1 -1 -1)
#(0 190 230 53 0 2 0 41 219550 -1 -1 -1 -1 -1 -1)
#(0 190 625 62 0 2 0 47 251168 -1 -1 -1 -1 -1 -1)
#(0 190 1399 55 0 1 0 49 260048 -1 -1 -1 -1 -1 -1)
#(0 190 219 64 0 2 0 51 269413 -1 -1 -1 -1 -1 -1)
#(0 190 1017 67 0 3 0 57 301367 -1 -1 -1 -1 -1 -1)
#(0 190 2288 34 0 0 0 58 306833 -1 -1 -1 -1 -1 -1)
#(0 190 1995 41 0 2 0 62 329532 -1 -1 -1 -1 -1 -1)
#(0 190 1396 51 0 3 1 98 522097 -1 -1 -1 -1 -1 -1)
#(0 190 1016 46 0 1 1 98 518551 -1 -1 -1 -1 -1 -1)
#(0 190 1990 43 0 2 1 97 515145 -1 -1 -1 -1 -1 -1)
#(0 190 2297 26 0 0 1 95 506455 -1 -1 -1 -1 -1 -1)
#(0 190 1010 62 0 1 1 94 497137 -1 -1 -1 -1 -1 -1)
#(0 190 628 53 0 3 1 93 491099 -1 -1 -1 -1 -1 -1)
#(0 190 1009 52 0 2 1 92 488089 -1 -1 -1 -1 -1 -1)
#(0 190 1996 22 0 0 1 90 479489 -1 -1 -1 -1 -1 -1)
#(0 190 2295 28 0 0 1 89 474731 -1 -1 -1 -1 -1 -1)
#(0 190 1022 44 0 1 1 88 468346 -1 -1 -1 -1 -1 -1)
#(0 190 2291 34 0 0 1 85 453499 -1 -1 -1 -1 -1 -1)
#(0 190 1021 58 0 3 1 81 429075 -1 -1 -1 -1 -1 -1)
#(0 190 2298 30 0 0 1 79 421899 -1 -1 -1 -1 -1 -1)
#(0 190 1720 59 0 1 1 79 418017 -1 -1 -1 -1 -1 -1)
#(0 190 1993 28 0 2 1 78 415675 -1 -1 -1 -1 -1 -1)
#(0 190 228 51 0 1 1 75 399295 -1 -1 -1 -1 -1 -1)
#(0 190 1718 75 0 1 1 74 395989 -1 -1 -1 -1 -1 -1)
#(0 190 1020 68 0 2 1 72 383604 -1 -1 -1 -1 -1 -1)
#(0 190 1375 53 0 2 1 65 348179 -1 -1 -1 -1 -1 -1)
#(0 190 632 54 0 1 1 63 337504 -1 -1 -1 -1 -1 -1)
#(0 190 1397 44 0 2 1 58 306569 -1 -1 -1 -1 -1 -1)
#(0 190 2293 20 0 0 1 48 258387 -1 -1 -1 -1 -1 -1)
#(0 190 630 53 0 2 1 46 247300 -1 -1 -1 -1 -1 -1)
#(0 190 624 64 0 1 1 44 234092 -1 -1 -1 -1 -1 -1)
#(0 190 2294 27 0 0 1 43 231869 -1 -1 -1 -1 -1 -1)
#(0 190 1019 58 0 3 1 43 228080 -1 -1 -1 -1 -1 -1)
#(0 190 1992 34 0 3 1 38 204162 -1 -1 -1 -1 -1 -1)
#(0 190 235 51 0 3 1 25 135219 -1 -1 -1 -1 -1 -1)
#(0 191 2300 26 0 0 0 0 436 -1 -1 -1 -1 -1 -1)
#(0 191 1728 59 0 1 0 0 4453 -1 -1 -1 -1 -1 -1)
#(0 191 242 59 0 1 0 2 14654 -1 -1 -1 -1 -1 -1)
#(0 191 2007 24 0 3 0 3 17153 -1 -1 -1 -1 -1 -1)
#(0 191 1030 53 0 2 0 4 24572 -1 -1 -1 -1 -1 -1)
#(0 191 246 61 0 2 0 5 30623 -1 -1 -1 -1 -1 -1)
#(0 191 1033 44 0 2 0 5 27986 -1 -1 -1 -1 -1 -1)
#(0 191 641 50 0 1 0 5 31321 -1 -1 -1 -1 -1 -1)
#(0 191 1406 62 0 2 0 6 33936 -1 -1 -1 -1 -1 -1)
#(0 191 2009 27 0 2 0 7 38355 -1 -1 -1 -1 -1 -1)
#(0 191 1037 67 0 3 0 8 46574 -1 -1 -1 -1 -1 -1)
#(0 191 2296 28 0 0 0 9 47996 -1 -1 -1 -1 -1 -1)
#(0 191 238 57 0 2 0 9 48391 -1 -1 -1 -1 -1 -1)
#(0 191 1414 65 0 1 0 9 50265 -1 -1 -1 -1 -1 -1)
#(0 191 1032 64 0 1 0 9 52422 -1 -1 -1 -1 -1 -1)
#(0 191 1006 62 0 2 0 11 62289 -1 -1 -1 -1 -1 -1)
#(0 191 1409 61 0 2 0 11 60837 -1 -1 -1 -1 -1 -1)
#(0 191 240 59 0 2 0 11 63234 -1 -1 -1 -1 -1 -1)
#(0 191 633 71 0 1 0 12 65070 -1 -1 -1 -1 -1 -1)
#(0 191 644 56 0 2 0 13 68713 -1 -1 -1 -1 -1 -1)
#(0 191 1726 56 0 2 0 13 73240 -1 -1 -1 -1 -1 -1)
#(0 191 638 53 0 3 0 14 74756 -1 -1 -1 -1 -1 -1)
#(0 191 1719 53 0 2 0 14 77453 -1 -1 -1 -1 -1 -1)
#(0 191 1699 46 0 2 0 16 87480 -1 -1 -1 -1 -1 -1)
#(0 191 2006 20 0 3 0 19 101358 -1 -1 -1 -1 -1 -1)
#(0 191 1031 70 0 3 0 19 105491 -1 -1 -1 -1 -1 -1)
#(0 191 1724 59 0 2 0 21 115589 -1 -1 -1 -1 -1 -1)
#(0 191 1404 62 0 2 0 23 123559 -1 -1 -1 -1 -1 -1)
#(0 191 227 51 0 1 0 23 123421 -1 -1 -1 -1 -1 -1)
#(0 191 1035 64 0 2 0 23 126684 -1 -1 -1 -1 -1 -1)
#(0 191 1405 60 0 2 0 24 128803 -1 -1 -1 -1 -1 -1)
#(0 191 1727 57 0 2 0 25 136103 -1 -1 -1 -1 -1 -1)
#(0 191 247 57 0 1 0 25 135313 -1 -1 -1 -1 -1 -1)
#(0 191 1036 51 0 3 0 30 161218 -1 -1 -1 -1 -1 -1)
#(0 191 244 51 0 3 0 31 165666 -1 -1 -1 -1 -1 -1)
#(0 191 2003 37 0 2 0 31 165620 -1 -1 -1 -1 -1 -1)
#(0 191 1411 59 0 1 0 33 176394 -1 -1 -1 -1 -1 -1)
#(0 191 1412 52 0 2 0 34 180518 -1 -1 -1 -1 -1 -1)
#(0 191 233 51 0 1 0 39 207882 -1 -1 -1 -1 -1 -1)
#(0 191 1029 60 0 1 0 40 211729 -1 -1 -1 -1 -1 -1)
#(0 191 1413 44 0 2 0 40 216051 -1 -1 -1 -1 -1 -1)
#(0 191 2304 26 0 0 0 41 216898 -1 -1 -1 -1 -1 -1)
#(0 191 2002 38 0 1 0 45 239607 -1 -1 -1 -1 -1 -1)
#(0 191 1723 70 0 1 0 46 243507 -1 -1 -1 -1 -1 -1)
#(0 191 1028 55 0 3 0 48 256987 -1 -1 -1 -1 -1 -1)
#(0 191 1729 43 0 2 0 50 266910 -1 -1 -1 -1 -1 -1)
#(0 191 1038 48 0 1 0 51 271998 -1 -1 -1 -1 -1 -1)
#(0 191 1013 55 0 3 0 53 282898 -1 -1 -1 -1 -1 -1)
#(0 191 2001 47 0 2 0 54 287603 -1 -1 -1 -1 -1 -1)
#(0 191 2303 29 0 0 0 62 327843 -1 -1 -1 -1 -1 -1)
#(0 191 241 56 0 2 0 64 341714 -1 -1 -1 -1 -1 -1)
#(0 191 635 62 0 1 0 66 350855 -1 -1 -1 -1 -1 -1)
#(0 191 1027 59 0 3 0 72 384282 -1 -1 -1 -1 -1 -1)
#(0 191 2301 20 0 0 1 97 517110 -1 -1 -1 -1 -1 -1)
#(0 191 1999 29 0 2 1 96 510617 -1 -1 -1 -1 -1 -1)
#(2 191 1999 -1 -1 -1 -1 -1 -1 76 -1 -1 -1 -1 -1)
#(0 191 642 44 0 2 1 95 503432 -1 -1 -1 -1 -1 -1)
#(0 191 1015 61 0 1 1 94 496322 -1 -1 -1 -1 -1 -1)
#(0 191 1994 21 0 3 1 92 489995 -1 -1 -1 -1 -1 -1)
#(0 191 1410 44 0 3 1 90 475611 -1 -1 -1 -1 -1 -1)
#(0 191 245 44 0 3 1 89 474991 -1 -1 -1 -1 -1 -1)
#(0 191 640 52 0 2 1 83 443104 -1 -1 -1 -1 -1 -1)
#(0 191 1997 26 0 2 1 78 415790 -1 -1 -1 -1 -1 -1)
#(0 191 1014 54 0 2 1 75 398756 -1 -1 -1 -1 -1 -1)
#(0 191 249 62 0 2 1 73 390105 -1 -1 -1 -1 -1 -1)
#(0 191 252 66 0 2 1 72 384472 -1 -1 -1 -1 -1 -1)
#(0 191 639 69 0 2 1 70 372028 -1 -1 -1 -1 -1 -1)
#(0 191 2005 34 0 2 1 68 362553 -1 -1 -1 -1 -1 -1)
#(0 191 253 62 0 3 1 68 359340 -1 -1 -1 -1 -1 -1)
#(0 191 2000 41 0 3 1 67 356877 -1 -1 -1 -1 -1 -1)
#(0 191 1407 69 0 3 1 66 350967 -1 -1 -1 -1 -1 -1)
#(0 191 2004 36 0 3 1 66 351871 -1 -1 -1 -1 -1 -1)
#(0 191 634 55 0 1 1 65 347832 -1 -1 -1 -1 -1 -1)
#(0 191 637 55 0 2 1 61 326648 -1 -1 -1 -1 -1 -1)
#(0 191 1018 51 0 2 1 61 324562 -1 -1 -1 -1 -1 -1)
#(0 191 1403 44 0 2 1 61 322469 -1 -1 -1 -1 -1 -1)
#(0 191 1034 70 0 1 1 59 316274 -1 -1 -1 -1 -1 -1)
#(0 191 239 54 0 3 1 58 308574 -1 -1 -1 -1 -1 -1)
#(0 191 1039 58 0 2 1 57 301938 -1 -1 -1 -1 -1 -1)
#(0 191 636 64 0 1 1 51 271844 -1 -1 -1 -1 -1 -1)
#(0 191 2008 20 0 3 1 49 262968 -1 -1 -1 -1 -1 -1)
#(0 191 250 54 0 2 1 47 250522 -1 -1 -1 -1 -1 -1)
#(0 191 248 69 0 2 1 44 235745 -1 -1 -1 -1 -1 -1)
#(0 191 1730 44 0 2 1 41 218799 -1 -1 -1 -1 -1 -1)
#(0 191 643 55 0 3 1 39 210532 -1 -1 -1 -1 -1 -1)
#(0 191 1722 44 0 2 1 37 197612 -1 -1 -1 -1 -1 -1)
#(0 191 2302 20 0 0 1 34 184467 -1 -1 -1 -1 -1 -1)
#(0 191 1713 54 0 1 1 32 170488 -1 -1 -1 -1 -1 -1)
#(0 191 1725 44 0 1 1 14 76185 -1 -1 -1 -1 -1 -1)
#(0 192 2306 26 0 0 0 0 422 -1 -1 -1 -1 -1 -1)
#(0 192 1731 50 0 3 0 1 8825 -1 -1 -1 -1 -1 -1)
#(0 192 243 53 0 3 0 2 12908 -1 -1 -1 -1 -1 -1)
#(0 192 654 64 0 3 0 4 21735 -1 -1 -1 -1 -1 -1)
#(0 192 1422 60 0 3 0 5 28215 -1 -1 -1 -1 -1 -1)
#(0 192 1046 67 0 3 0 7 37449 -1 -1 -1 -1 -1 -1)
#(0 192 257 58 0 2 0 7 38006 -1 -1 -1 -1 -1 -1)
#(0 192 655 58 0 2 0 8 43322 -1 -1 -1 -1 -1 -1)
#(0 192 1054 54 0 3 0 9 50793 -1 -1 -1 -1 -1 -1)
#(0 192 1048 57 0 3 0 10 56435 -1 -1 -1 -1 -1 -1)
#(0 192 1401 55 0 2 0 13 69016 -1 -1 -1 -1 -1 -1)
#(0 192 1736 61 0 2 0 21 115211 -1 -1 -1 -1 -1 -1)
#(0 192 1057 54 0 2 0 26 141170 -1 -1 -1 -1 -1 -1)
#(0 192 1734 64 0 2 0 28 152854 -1 -1 -1 -1 -1 -1)
#(0 192 647 67 0 1 0 29 156392 -1 -1 -1 -1 -1 -1)
#(0 192 2012 43 0 3 0 29 155323 -1 -1 -1 -1 -1 -1)
#(0 192 1732 55 0 1 0 29 157790 -1 -1 -1 -1 -1 -1)
#(0 192 255 62 0 2 0 30 159644 -1 -1 -1 -1 -1 -1)
#(0 192 1047 57 0 2 0 33 178163 -1 -1 -1 -1 -1 -1)
#(0 192 1419 44 0 3 0 35 189704 -1 -1 -1 -1 -1 -1)
#(0 192 1043 54 0 2 0 37 199655 -1 -1 -1 -1 -1 -1)
#(0 192 1421 67 0 1 0 38 203220 -1 -1 -1 -1 -1 -1)
#(0 192 1044 44 0 2 0 42 223322 -1 -1 -1 -1 -1 -1)
#(0 192 1042 62 0 3 0 50 268766 -1 -1 -1 -1 -1 -1)
#(0 192 1026 67 0 3 0 53 284354 -1 -1 -1 -1 -1 -1)
#(0 192 2305 29 0 0 0 80 422903 -1 -1 -1 -1 -1 -1)
#(0 192 1041 69 0 1 1 97 517199 -1 -1 -1 -1 -1 -1)
#(0 192 261 56 0 1 1 95 503327 -1 -1 -1 -1 -1 -1)
#(4 192 261 -1 0 -1 -1 -1 -1 77 0 0 0 0 -1)
#(0 192 1051 50 0 2 1 95 504137 -1 -1 -1 -1 -1 -1)
#(0 192 1052 65 0 2 1 94 497326 -1 -1 -1 -1 -1 -1)
#(0 192 2010 33 0 2 1 93 494551 -1 -1 -1 -1 -1 -1)
#(0 192 1058 44 0 2 1 92 489437 -1 -1 -1 -1 -1 -1)
#(0 192 1417 75 0 3 1 90 478745 -1 -1 -1 -1 -1 -1)
#(0 192 1733 54 0 2 1 83 438918 -1 -1 -1 -1 -1 -1)
#(0 192 1418 59 0 3 1 82 437379 -1 -1 -1 -1 -1 -1)
#(0 192 258 51 0 1 1 81 430902 -1 -1 -1 -1 -1 -1)
#(0 192 645 44 0 1 1 80 424182 -1 -1 -1 -1 -1 -1)
#(0 192 2011 21 0 3 1 79 421354 -1 -1 -1 -1 -1 -1)
#(0 192 653 60 0 3 1 78 412925 -1 -1 -1 -1 -1 -1)
#(0 192 646 58 0 3 1 75 400092 -1 -1 -1 -1 -1 -1)
#(0 192 260 55 0 2 1 74 392564 -1 -1 -1 -1 -1 -1)
#(0 192 2013 37 0 2 1 74 394102 -1 -1 -1 -1 -1 -1)
#(0 192 1424 53 0 3 1 73 389307 -1 -1 -1 -1 -1 -1)
#(0 192 651 51 0 3 1 73 385588 -1 -1 -1 -1 -1 -1)
#(0 192 2307 30 0 0 1 69 369088 -1 -1 -1 -1 -1 -1)
#(0 192 1045 44 0 2 1 69 367966 -1 -1 -1 -1 -1 -1)
#(0 192 1040 51 0 2 1 67 356129 -1 -1 -1 -1 -1 -1)
#(0 192 1408 57 0 1 1 66 351832 -1 -1 -1 -1 -1 -1)
#(0 192 1423 54 0 1 1 65 347980 -1 -1 -1 -1 -1 -1)
#(0 192 2308 23 0 0 1 63 337536 -1 -1 -1 -1 -1 -1)
#(0 192 1416 57 0 1 1 62 331098 -1 -1 -1 -1 -1 -1)
#(0 192 1024 62 0 1 1 61 323365 -1 -1 -1 -1 -1 -1)
#(0 192 652 59 0 2 1 58 307031 -1 -1 -1 -1 -1 -1)
#(0 192 1055 44 0 2 1 55 294142 -1 -1 -1 -1 -1 -1)
#(0 192 1735 62 0 2 1 53 280494 -1 -1 -1 -1 -1 -1)
#(0 192 1420 59 0 2 1 50 267425 -1 -1 -1 -1 -1 -1)
#(0 192 1738 48 0 2 1 49 260596 -1 -1 -1 -1 -1 -1)
#(0 192 1737 44 0 3 1 47 250491 -1 -1 -1 -1 -1 -1)
#(0 192 251 54 0 2 1 45 240040 -1 -1 -1 -1 -1 -1)
#(0 192 650 59 0 3 1 44 235791 -1 -1 -1 -1 -1 -1)
#(0 192 1050 59 0 2 1 39 206401 -1 -1 -1 -1 -1 -1)
#(0 192 256 58 0 1 1 39 206826 -1 -1 -1 -1 -1 -1)
#(0 192 1049 59 0 3 1 32 169880 -1 -1 -1 -1 -1 -1)
#(0 192 648 67 0 1 1 30 160197 -1 -1 -1 -1 -1 -1)
#(0 192 1415 54 0 2 1 26 141344 -1 -1 -1 -1 -1 -1)
#(0 192 262 67 0 1 1 11 63056 -1 -1 -1 -1 -1 -1)
#(0 193 1427 50 0 2 0 1 7208 -1 -1 -1 -1 -1 -1)
#(0 193 1748 57 0 2 0 4 25377 -1 -1 -1 -1 -1 -1)
#(0 193 1743 62 0 1 0 8 46661 -1 -1 -1 -1 -1 -1)
#(0 193 2023 30 0 2 0 9 49085 -1 -1 -1 -1 -1 -1)
#(0 193 1425 46 0 2 0 9 48622 -1 -1 -1 -1 -1 -1)
#(0 193 1053 44 0 2 0 10 54377 -1 -1 -1 -1 -1 -1)
#(0 193 2309 29 0 0 0 12 63846 -1 -1 -1 -1 -1 -1)
#(0 193 2018 42 0 2 0 13 70841 -1 -1 -1 -1 -1 -1)
#(0 193 661 63 0 3 0 13 70135 -1 -1 -1 -1 -1 -1)
#(0 193 1429 44 0 1 0 14 78871 -1 -1 -1 -1 -1 -1)
#(0 193 273 55 0 3 0 15 82148 -1 -1 -1 -1 -1 -1)
#(0 193 658 61 0 2 0 15 80963 -1 -1 -1 -1 -1 -1)
#(0 193 1067 56 0 2 0 15 83707 -1 -1 -1 -1 -1 -1)
#(0 193 271 65 0 2 0 18 95815 -1 -1 -1 -1 -1 -1)
#(0 193 2029 30 0 2 0 18 96632 -1 -1 -1 -1 -1 -1)
#(0 193 1746 56 0 3 0 20 109834 -1 -1 -1 -1 -1 -1)
#(0 193 656 67 0 2 0 21 113517 -1 -1 -1 -1 -1 -1)
#(0 193 2021 27 0 2 0 21 112294 -1 -1 -1 -1 -1 -1)
#(0 193 2016 44 0 3 0 22 118504 -1 -1 -1 -1 -1 -1)
#(0 193 659 57 0 1 0 22 117333 -1 -1 -1 -1 -1 -1)
#(0 193 1749 55 0 1 0 23 125407 -1 -1 -1 -1 -1 -1)
#(0 193 266 59 0 3 0 23 124530 -1 -1 -1 -1 -1 -1)
#(0 193 1060 51 0 3 0 23 124286 -1 -1 -1 -1 -1 -1)
#(0 193 264 58 0 2 0 24 130798 -1 -1 -1 -1 -1 -1)
#(0 193 1740 55 0 3 0 29 157555 -1 -1 -1 -1 -1 -1)
#(0 193 1065 57 0 2 0 31 167634 -1 -1 -1 -1 -1 -1)
#(0 193 1744 57 0 1 0 31 168499 -1 -1 -1 -1 -1 -1)
#(0 193 662 53 0 3 0 36 191418 -1 -1 -1 -1 -1 -1)
#(0 193 2027 37 0 2 0 37 197282 -1 -1 -1 -1 -1 -1)
#(0 193 1056 61 0 2 0 37 199857 -1 -1 -1 -1 -1 -1)
#(0 193 267 64 0 3 0 39 210309 -1 -1 -1 -1 -1 -1)
#(0 193 265 44 0 2 0 40 211422 -1 -1 -1 -1 -1 -1)
#(0 193 1739 55 0 2 0 40 215946 -1 -1 -1 -1 -1 -1)
#(0 193 1061 68 0 2 0 46 244238 -1 -1 -1 -1 -1 -1)
#(0 193 2026 21 0 3 0 46 243927 -1 -1 -1 -1 -1 -1)
#(0 193 2314 28 0 0 0 48 253899 -1 -1 -1 -1 -1 -1)
#(0 193 1066 67 0 3 0 52 279642 -1 -1 -1 -1 -1 -1)
#(0 193 1745 72 0 2 0 53 280338 -1 -1 -1 -1 -1 -1)
#(0 193 269 57 0 3 0 55 294695 -1 -1 -1 -1 -1 -1)
#(0 193 1064 57 0 1 0 56 299674 -1 -1 -1 -1 -1 -1)
#(0 193 1062 51 0 3 0 63 335432 -1 -1 -1 -1 -1 -1)
#(0 193 270 55 0 2 0 67 356834 -1 -1 -1 -1 -1 -1)
#(0 193 1431 60 0 3 0 68 361134 -1 -1 -1 -1 -1 -1)
#(0 193 1435 75 0 2 0 79 421277 -1 -1 -1 -1 -1 -1)
#(0 193 1747 51 0 2 1 98 519151 -1 -1 -1 -1 -1 -1)
#(0 193 1751 58 0 2 1 97 513201 -1 -1 -1 -1 -1 -1)
#(0 193 263 62 0 3 1 96 511571 -1 -1 -1 -1 -1 -1)
#(0 193 2311 20 0 0 1 95 506551 -1 -1 -1 -1 -1 -1)
#(0 193 2017 21 0 0 1 92 490056 -1 -1 -1 -1 -1 -1)
#(0 193 2310 27 0 0 1 92 490582 -1 -1 -1 -1 -1 -1)
#(0 193 1428 51 0 2 1 92 490166 -1 -1 -1 -1 -1 -1)
#(0 193 663 54 0 2 1 91 485231 -1 -1 -1 -1 -1 -1)
#(0 193 2024 32 0 2 1 91 484098 -1 -1 -1 -1 -1 -1)
#(0 193 1069 67 0 3 1 88 465876 -1 -1 -1 -1 -1 -1)
#(0 193 2313 30 0 0 1 87 464142 -1 -1 -1 -1 -1 -1)
#(0 193 1741 59 0 2 1 87 460128 -1 -1 -1 -1 -1 -1)
#(0 193 1426 55 0 2 1 84 447250 -1 -1 -1 -1 -1 -1)
#(0 193 1434 54 0 1 1 83 442594 -1 -1 -1 -1 -1 -1)
#(0 193 2022 45 0 3 1 82 435887 -1 -1 -1 -1 -1 -1)
#(0 193 657 51 0 1 1 82 433092 -1 -1 -1 -1 -1 -1)
#(0 193 2028 33 0 2 1 81 431279 -1 -1 -1 -1 -1 -1)
#(0 193 1433 50 0 1 1 80 426116 -1 -1 -1 -1 -1 -1)
#(0 193 1059 51 0 2 1 79 420068 -1 -1 -1 -1 -1 -1)
#(0 193 1742 59 0 2 1 75 396769 -1 -1 -1 -1 -1 -1)
#(0 193 259 66 0 2 1 72 385000 -1 -1 -1 -1 -1 -1)
#(2 193 259 -1 -1 -1 -1 -1 -1 78 -1 -1 -1 -1 -1)
#(0 193 660 50 0 3 1 71 379693 -1 -1 -1 -1 -1 -1)
#(0 193 1063 44 0 3 1 70 373269 -1 -1 -1 -1 -1 -1)
#(0 193 274 59 0 3 1 70 370035 -1 -1 -1 -1 -1 -1)
#(0 193 254 67 0 2 1 67 358098 -1 -1 -1 -1 -1 -1)
#(0 193 2014 42 0 2 1 59 314588 -1 -1 -1 -1 -1 -1)
#(2 193 2014 -1 -1 -1 -1 -1 -1 79 -1 -1 -1 -1 -1)
#(0 193 268 57 0 3 1 55 291818 -1 -1 -1 -1 -1 -1)
#(0 193 2015 29 0 3 1 52 278169 -1 -1 -1 -1 -1 -1)
#(0 193 2312 23 0 0 1 48 258342 -1 -1 -1 -1 -1 -1)
#(0 193 2020 36 0 3 1 47 251552 -1 -1 -1 -1 -1 -1)
#(0 193 1430 57 0 2 1 42 225508 -1 -1 -1 -1 -1 -1)
#(0 193 272 62 0 2 1 36 190323 -1 -1 -1 -1 -1 -1)
#(0 193 1068 62 0 1 1 34 179856 -1 -1 -1 -1 -1 -1)
#(0 193 664 64 0 1 1 28 150540 -1 -1 -1 -1 -1 -1)
#(0 193 1750 62 0 2 1 23 121528 -1 -1 -1 -1 -1 -1)
#(0 194 1442 70 0 2 0 2 13206 -1 -1 -1 -1 -1 -1)
#(0 194 1432 59 0 2 0 5 27801 -1 -1 -1 -1 -1 -1)
#(0 194 278 67 0 3 0 7 37570 -1 -1 -1 -1 -1 -1)
#(0 194 1440 60 0 1 0 7 38808 -1 -1 -1 -1 -1 -1)
#(0 194 665 62 0 3 0 8 44763 -1 -1 -1 -1 -1 -1)
#(0 194 281 75 0 1 0 8 44040 -1 -1 -1 -1 -1 -1)
#(0 194 1083 56 0 2 0 11 62019 -1 -1 -1 -1 -1 -1)
#(0 194 1755 49 0 1 0 12 66969 -1 -1 -1 -1 -1 -1)
#(0 194 2019 38 0 2 0 13 70580 -1 -1 -1 -1 -1 -1)
#(0 194 2323 26 0 0 0 14 74348 -1 -1 -1 -1 -1 -1)
#(0 194 275 44 0 2 0 14 74078 -1 -1 -1 -1 -1 -1)
#(0 194 2315 34 0 0 0 18 95633 -1 -1 -1 -1 -1 -1)
#(0 194 2327 20 0 0 0 18 95355 -1 -1 -1 -1 -1 -1)
#(0 194 2325 27 0 0 0 20 106037 -1 -1 -1 -1 -1 -1)
#(0 194 1074 71 0 2 0 20 106301 -1 -1 -1 -1 -1 -1)
#(0 194 1439 44 0 3 0 21 115818 -1 -1 -1 -1 -1 -1)
#(0 194 2318 20 0 0 0 22 116493 -1 -1 -1 -1 -1 -1)
#(0 194 1073 44 0 1 0 30 159949 -1 -1 -1 -1 -1 -1)
#(0 194 2324 27 0 0 0 35 185245 -1 -1 -1 -1 -1 -1)
#(0 194 2319 23 0 0 0 44 232706 -1 -1 -1 -1 -1 -1)
#(0 194 2036 27 0 2 0 44 233702 -1 -1 -1 -1 -1 -1)
#(0 194 2326 25 0 0 0 46 243281 -1 -1 -1 -1 -1 -1)
#(0 194 1077 68 0 3 0 46 243918 -1 -1 -1 -1 -1 -1)
#(0 194 280 70 0 3 0 51 270252 -1 -1 -1 -1 -1 -1)
#(0 194 668 75 0 1 0 55 290645 -1 -1 -1 -1 -1 -1)
#(0 194 674 51 0 3 0 64 342985 -1 -1 -1 -1 -1 -1)
#(0 194 671 59 0 1 0 66 350116 -1 -1 -1 -1 -1 -1)
#(0 194 670 44 0 2 0 68 362596 -1 -1 -1 -1 -1 -1)
#(0 194 1754 43 0 2 1 99 525094 -1 -1 -1 -1 -1 -1)
#(0 194 2033 26 0 2 1 99 526617 -1 -1 -1 -1 -1 -1)
#(0 194 2034 41 0 3 1 98 520522 -1 -1 -1 -1 -1 -1)
#(0 194 1070 51 0 2 1 98 518418 -1 -1 -1 -1 -1 -1)
#(0 194 279 44 0 3 1 97 517253 -1 -1 -1 -1 -1 -1)
#(0 194 1080 61 0 2 1 92 487429 -1 -1 -1 -1 -1 -1)
#(0 194 276 51 0 2 1 91 483651 -1 -1 -1 -1 -1 -1)
#(0 194 672 61 0 2 1 89 473365 -1 -1 -1 -1 -1 -1)
#(0 194 2317 25 0 0 1 84 448382 -1 -1 -1 -1 -1 -1)
#(0 194 277 61 0 1 1 84 448453 -1 -1 -1 -1 -1 -1)
#(0 194 2322 26 0 0 1 83 443093 -1 -1 -1 -1 -1 -1)
#(0 194 1436 53 0 2 1 81 431280 -1 -1 -1 -1 -1 -1)
#(0 194 667 44 0 3 1 79 418830 -1 -1 -1 -1 -1 -1)
#(0 194 283 65 0 2 1 79 420102 -1 -1 -1 -1 -1 -1)
#(0 194 649 75 0 1 1 79 420417 -1 -1 -1 -1 -1 -1)
#(0 194 2032 48 0 3 1 75 398727 -1 -1 -1 -1 -1 -1)
#(2 194 2032 -1 -1 -1 -1 -1 -1 80 -1 -1 -1 -1 -1)
#(0 194 1753 54 0 2 1 74 391989 -1 -1 -1 -1 -1 -1)
#(0 194 1441 62 0 3 1 74 393065 -1 -1 -1 -1 -1 -1)
#(0 194 1075 62 0 2 1 74 391193 -1 -1 -1 -1 -1 -1)
#(0 194 1081 63 0 2 1 72 385017 -1 -1 -1 -1 -1 -1)
#(0 194 2316 25 0 0 1 71 379737 -1 -1 -1 -1 -1 -1)
#(0 194 1078 62 0 3 1 69 365966 -1 -1 -1 -1 -1 -1)
#(0 194 282 62 0 2 1 61 324994 -1 -1 -1 -1 -1 -1)
#(0 194 2321 34 0 0 1 60 321503 -1 -1 -1 -1 -1 -1)
#(0 194 1438 51 0 2 1 58 310902 -1 -1 -1 -1 -1 -1)
#(0 194 2320 20 0 0 1 56 300624 -1 -1 -1 -1 -1 -1)
#(0 194 1079 44 0 1 1 56 299370 -1 -1 -1 -1 -1 -1)
#(0 194 1082 60 0 3 1 53 280605 -1 -1 -1 -1 -1 -1)
#(0 194 1758 57 0 2 1 48 254526 -1 -1 -1 -1 -1 -1)
#(0 194 666 52 0 2 1 47 251576 -1 -1 -1 -1 -1 -1)
#(0 194 2025 21 0 2 1 47 252397 -1 -1 -1 -1 -1 -1)
#(0 194 1076 54 0 1 1 44 234121 -1 -1 -1 -1 -1 -1)
#(0 194 2035 47 0 3 1 43 229877 -1 -1 -1 -1 -1 -1)
#(0 194 1756 46 0 2 1 37 197582 -1 -1 -1 -1 -1 -1)
#(0 194 1752 51 0 2 1 36 191701 -1 -1 -1 -1 -1 -1)
#(0 194 1437 51 0 1 1 29 157783 -1 -1 -1 -1 -1 -1)
#(0 194 2030 29 0 2 1 28 151531 -1 -1 -1 -1 -1 -1)
#(0 194 669 67 0 2 1 12 65390 -1 -1 -1 -1 -1 -1)
#(0 194 1757 44 0 2 1 4 23433 -1 -1 -1 -1 -1 -1)
#(0 195 2329 27 0 0 0 0 468 -1 -1 -1 -1 -1 -1)
#(0 195 1763 50 0 2 0 1 8823 -1 -1 -1 -1 -1 -1)
#(0 195 285 51 0 2 0 2 12405 -1 -1 -1 -1 -1 -1)
#(0 195 1446 57 0 2 0 2 12044 -1 -1 -1 -1 -1 -1)
#(0 195 685 58 0 3 0 4 21696 -1 -1 -1 -1 -1 -1)
#(0 195 2340 20 0 0 0 5 26718 -1 -1 -1 -1 -1 -1)
#(0 195 2043 32 0 2 0 6 33322 -1 -1 -1 -1 -1 -1)
#(0 195 1443 57 0 3 0 6 33152 -1 -1 -1 -1 -1 -1)
#(0 195 287 44 0 1 0 9 47681 -1 -1 -1 -1 -1 -1)
#(0 195 683 54 0 2 0 9 49794 -1 -1 -1 -1 -1 -1)
#(0 195 2044 30 0 2 0 9 49069 -1 -1 -1 -1 -1 -1)
#(0 195 1071 55 0 2 0 10 55661 -1 -1 -1 -1 -1 -1)
#(0 195 682 62 0 2 0 11 60363 -1 -1 -1 -1 -1 -1)
#(0 195 677 51 0 2 0 12 68212 -1 -1 -1 -1 -1 -1)
#(0 195 686 57 0 1 0 15 79577 -1 -1 -1 -1 -1 -1)
#(0 195 1765 44 0 2 0 16 87500 -1 -1 -1 -1 -1 -1)
#(0 195 292 59 0 3 0 17 94097 -1 -1 -1 -1 -1 -1)
#(0 195 2031 30 0 2 0 18 96671 -1 -1 -1 -1 -1 -1)
#(0 195 296 57 0 2 0 19 103494 -1 -1 -1 -1 -1 -1)
#(0 195 2040 20 0 3 0 20 106639 -1 -1 -1 -1 -1 -1)
#(0 195 689 60 0 2 0 22 118562 -1 -1 -1 -1 -1 -1)
#(0 195 289 63 0 2 0 22 121280 -1 -1 -1 -1 -1 -1)
#(0 195 2334 27 0 0 0 24 127162 -1 -1 -1 -1 -1 -1)
#(0 195 2039 36 0 3 0 24 128615 -1 -1 -1 -1 -1 -1)
#(0 195 2331 23 0 0 0 25 132387 -1 -1 -1 -1 -1 -1)
#(0 195 2042 44 0 1 0 25 134273 -1 -1 -1 -1 -1 -1)
#(0 195 1449 57 0 2 0 25 133373 -1 -1 -1 -1 -1 -1)
#(0 195 690 50 0 2 0 34 180499 -1 -1 -1 -1 -1 -1)
#(0 195 295 55 0 3 0 34 182051 -1 -1 -1 -1 -1 -1)
#(0 195 1087 44 0 2 0 35 186422 -1 -1 -1 -1 -1 -1)
#(0 195 1759 61 0 1 0 35 189765 -1 -1 -1 -1 -1 -1)
#(0 195 1088 56 0 2 0 36 194103 -1 -1 -1 -1 -1 -1)
#(0 195 1447 53 0 3 0 39 206592 -1 -1 -1 -1 -1 -1)
#(0 195 680 59 0 2 0 43 228773 -1 -1 -1 -1 -1 -1)
#(0 195 1097 56 0 2 0 43 232169 -1 -1 -1 -1 -1 -1)
#(0 195 678 60 0 2 0 48 255450 -1 -1 -1 -1 -1 -1)
#(0 195 2341 27 0 0 0 53 280268 -1 -1 -1 -1 -1 -1)
#(0 195 291 62 0 1 0 71 379998 -1 -1 -1 -1 -1 -1)
#(0 195 687 61 0 1 1 96 510276 -1 -1 -1 -1 -1 -1)
#(0 195 2339 22 0 0 1 95 506528 -1 -1 -1 -1 -1 -1)
#(0 195 1085 68 0 2 1 94 501011 -1 -1 -1 -1 -1 -1)
#(0 195 1084 57 0 1 1 94 497762 -1 -1 -1 -1 -1 -1)
#(0 195 2041 29 0 3 1 93 494804 -1 -1 -1 -1 -1 -1)
#(0 195 1093 44 0 2 1 92 489557 -1 -1 -1 -1 -1 -1)
#(0 195 2037 23 0 3 1 90 479296 -1 -1 -1 -1 -1 -1)
#(0 195 2038 32 0 1 1 88 468241 -1 -1 -1 -1 -1 -1)
#(0 195 1764 61 0 2 1 87 460040 -1 -1 -1 -1 -1 -1)
#(0 195 1100 65 0 2 1 86 459349 -1 -1 -1 -1 -1 -1)
#(0 195 684 61 0 3 1 86 456659 -1 -1 -1 -1 -1 -1)
#(0 195 2330 33 0 0 1 85 453510 -1 -1 -1 -1 -1 -1)
#(0 195 1094 58 0 2 1 83 443455 -1 -1 -1 -1 -1 -1)
#(0 195 2337 30 0 0 1 82 437742 -1 -1 -1 -1 -1 -1)
#(0 195 1761 63 0 2 1 82 433374 -1 -1 -1 -1 -1 -1)
#(0 195 288 53 0 3 1 81 430631 -1 -1 -1 -1 -1 -1)
#(0 195 2338 23 0 0 1 79 422031 -1 -1 -1 -1 -1 -1)
#(0 195 688 51 0 1 1 79 418492 -1 -1 -1 -1 -1 -1)
#(0 195 1095 51 0 2 1 79 419968 -1 -1 -1 -1 -1 -1)
#(0 195 676 70 0 2 1 79 420099 -1 -1 -1 -1 -1 -1)
#(0 195 1760 43 0 1 1 78 414191 -1 -1 -1 -1 -1 -1)
#(0 195 2332 26 0 0 1 76 406120 -1 -1 -1 -1 -1 -1)
#(0 195 1762 53 0 3 1 71 376157 -1 -1 -1 -1 -1 -1)
#(0 195 1102 54 0 2 1 71 376463 -1 -1 -1 -1 -1 -1)
#(0 195 1099 55 0 2 1 70 372209 -1 -1 -1 -1 -1 -1)
#(0 195 290 58 0 3 1 70 370106 -1 -1 -1 -1 -1 -1)
#(0 195 1445 50 0 3 1 69 369233 -1 -1 -1 -1 -1 -1)
#(0 195 2328 26 0 0 1 68 363878 -1 -1 -1 -1 -1 -1)
#(0 195 675 74 0 3 1 68 360050 -1 -1 -1 -1 -1 -1)
#(0 195 1089 74 0 2 1 65 343556 -1 -1 -1 -1 -1 -1)
#(0 195 1090 61 0 1 1 61 324087 -1 -1 -1 -1 -1 -1)
#(0 195 2336 26 0 0 1 60 321657 -1 -1 -1 -1 -1 -1)
#(0 195 294 56 0 2 1 59 311760 -1 -1 -1 -1 -1 -1)
#(0 195 1101 51 0 3 1 52 277007 -1 -1 -1 -1 -1 -1)
#(0 195 1448 65 0 1 1 44 235005 -1 -1 -1 -1 -1 -1)
#(0 195 679 58 0 3 1 41 220012 -1 -1 -1 -1 -1 -1)
#(0 195 284 63 0 1 1 35 189381 -1 -1 -1 -1 -1 -1)
#(0 195 293 51 0 2 1 35 188301 -1 -1 -1 -1 -1 -1)
#(0 196 1108 47 0 2 0 1 7730 -1 -1 -1 -1 -1 -1)
#(0 196 1772 45 0 2 0 2 13750 -1 -1 -1 -1 -1 -1)
#(0 196 286 48 0 3 0 2 12989 -1 -1 -1 -1 -1 -1)
#(0 196 1111 62 0 2 0 2 15099 -1 -1 -1 -1 -1 -1)
#(0 196 1767 65 0 2 0 4 25893 -1 -1 -1 -1 -1 -1)
#(0 196 302 60 0 1 0 5 29114 -1 -1 -1 -1 -1 -1)
#(0 196 300 57 0 1 0 6 35352 -1 -1 -1 -1 -1 -1)
#(0 196 1444 60 0 1 0 6 33489 -1 -1 -1 -1 -1 -1)
#(0 196 2052 30 0 3 0 7 38563 -1 -1 -1 -1 -1 -1)
#(0 196 1109 42 0 2 0 9 48919 -1 -1 -1 -1 -1 -1)
#(0 196 301 68 0 1 0 9 48741 -1 -1 -1 -1 -1 -1)
#(0 196 2347 23 0 0 0 10 53193 -1 -1 -1 -1 -1 -1)
#(0 196 1072 57 0 2 0 10 55521 -1 -1 -1 -1 -1 -1)
#(0 196 310 60 0 3 0 13 73493 -1 -1 -1 -1 -1 -1)
#(0 196 691 74 0 3 0 14 76428 -1 -1 -1 -1 -1 -1)
#(0 196 2352 27 0 0 0 15 79631 -1 -1 -1 -1 -1 -1)
#(0 196 308 55 0 2 0 15 82349 -1 -1 -1 -1 -1 -1)
#(0 196 304 59 0 3 0 16 89374 -1 -1 -1 -1 -1 -1)
#(0 196 706 44 0 1 0 17 93273 -1 -1 -1 -1 -1 -1)
#(0 196 702 65 0 2 0 19 102769 -1 -1 -1 -1 -1 -1)
#(0 196 2333 27 0 0 0 20 106063 -1 -1 -1 -1 -1 -1)
#(0 196 2057 32 0 2 0 22 117830 -1 -1 -1 -1 -1 -1)
#(0 196 708 52 0 3 0 25 134810 -1 -1 -1 -1 -1 -1)
#(0 196 1114 55 0 1 0 25 137107 -1 -1 -1 -1 -1 -1)
#(0 196 1110 54 0 1 0 26 141405 -1 -1 -1 -1 -1 -1)
#(0 196 703 44 0 3 0 27 146125 -1 -1 -1 -1 -1 -1)
#(0 196 1766 68 0 1 0 28 153059 -1 -1 -1 -1 -1 -1)
#(0 196 1458 57 0 2 0 30 160986 -1 -1 -1 -1 -1 -1)
#(0 196 1112 61 0 3 0 33 175222 -1 -1 -1 -1 -1 -1)
#(0 196 2056 43 0 2 0 36 192319 -1 -1 -1 -1 -1 -1)
#(0 196 2345 30 0 0 0 37 195872 -1 -1 -1 -1 -1 -1)
#(0 196 1452 55 0 3 0 41 216909 -1 -1 -1 -1 -1 -1)
#(0 196 699 51 0 2 0 42 226557 -1 -1 -1 -1 -1 -1)
#(0 196 2047 20 0 3 0 44 233358 -1 -1 -1 -1 -1 -1)
#(0 196 1768 57 0 3 0 47 252474 -1 -1 -1 -1 -1 -1)
#(0 196 2350 26 0 0 0 48 253870 -1 -1 -1 -1 -1 -1)
#(0 196 2051 28 0 3 0 49 260166 -1 -1 -1 -1 -1 -1)
#(0 196 1773 50 0 2 0 51 272846 -1 -1 -1 -1 -1 -1)
#(0 196 695 54 0 2 0 53 282823 -1 -1 -1 -1 -1 -1)
#(0 196 2346 30 0 0 0 58 306749 -1 -1 -1 -1 -1 -1)
#(0 196 692 67 0 1 0 61 325409 -1 -1 -1 -1 -1 -1)
#(0 196 1103 54 0 2 0 62 330743 -1 -1 -1 -1 -1 -1)
#(0 196 707 59 0 1 0 62 329042 -1 -1 -1 -1 -1 -1)
#(0 196 1451 62 0 2 0 66 350701 -1 -1 -1 -1 -1 -1)
#(0 196 2046 39 0 2 0 68 361204 -1 -1 -1 -1 -1 -1)
#(0 196 1457 55 0 3 0 74 392253 -1 -1 -1 -1 -1 -1)
#(0 196 2344 34 0 0 1 98 522134 -1 -1 -1 -1 -1 -1)
#(0 196 2048 37 0 3 1 98 520742 -1 -1 -1 -1 -1 -1)
#(0 196 309 57 0 3 1 97 515356 -1 -1 -1 -1 -1 -1)
#(0 196 693 67 0 1 1 93 492146 -1 -1 -1 -1 -1 -1)
#(0 196 305 72 0 2 1 93 494763 -1 -1 -1 -1 -1 -1)
#(0 196 696 54 0 2 1 91 485291 -1 -1 -1 -1 -1 -1)
#(0 196 2050 33 0 2 1 91 484014 -1 -1 -1 -1 -1 -1)
#(0 196 1105 44 0 2 1 87 463073 -1 -1 -1 -1 -1 -1)
#(0 196 705 51 0 3 1 87 459659 -1 -1 -1 -1 -1 -1)
#(0 196 311 44 0 1 1 85 453890 -1 -1 -1 -1 -1 -1)
#(0 196 2045 35 0 3 1 85 452236 -1 -1 -1 -1 -1 -1)
#(0 196 1774 60 0 1 1 84 443958 -1 -1 -1 -1 -1 -1)
#(0 196 694 58 0 3 1 83 442595 -1 -1 -1 -1 -1 -1)
#(0 196 2055 43 0 3 1 83 441247 -1 -1 -1 -1 -1 -1)
#(0 196 697 56 0 2 1 82 436179 -1 -1 -1 -1 -1 -1)
#(0 196 681 63 0 3 1 79 421592 -1 -1 -1 -1 -1 -1)
#(0 196 2053 20 0 2 1 79 421372 -1 -1 -1 -1 -1 -1)
#(0 196 1113 67 0 3 1 76 405262 -1 -1 -1 -1 -1 -1)
#(0 196 298 67 0 2 1 74 395985 -1 -1 -1 -1 -1 -1)
#(0 196 2348 27 0 0 1 73 390274 -1 -1 -1 -1 -1 -1)
#(0 196 1098 55 0 2 1 73 386951 -1 -1 -1 -1 -1 -1)
#(0 196 701 62 0 2 1 73 388479 -1 -1 -1 -1 -1 -1)
#(0 196 2054 46 0 1 1 72 382992 -1 -1 -1 -1 -1 -1)
#(0 196 1456 59 0 2 1 71 378312 -1 -1 -1 -1 -1 -1)
#(0 196 2342 20 0 0 1 70 374543 -1 -1 -1 -1 -1 -1)
#(0 196 1107 63 0 2 1 69 366059 -1 -1 -1 -1 -1 -1)
#(0 196 1115 56 0 2 1 67 355461 -1 -1 -1 -1 -1 -1)
#(0 196 700 61 0 3 1 67 357113 -1 -1 -1 -1 -1 -1)
#(0 196 2351 25 0 0 1 65 348082 -1 -1 -1 -1 -1 -1)
#(0 196 306 68 0 2 1 62 331231 -1 -1 -1 -1 -1 -1)
#(0 196 2049 35 0 1 1 61 325525 -1 -1 -1 -1 -1 -1)
#(0 196 1455 62 0 2 1 60 321203 -1 -1 -1 -1 -1 -1)
#(0 196 2343 23 0 0 1 57 305850 -1 -1 -1 -1 -1 -1)
#(0 196 1104 59 0 3 1 56 297389 -1 -1 -1 -1 -1 -1)
#(0 196 704 59 0 2 1 53 283549 -1 -1 -1 -1 -1 -1)
#(0 196 1769 67 0 2 1 49 259311 -1 -1 -1 -1 -1 -1)
#(0 196 2349 25 0 0 1 48 258303 -1 -1 -1 -1 -1 -1)
#(0 196 1450 51 0 2 1 48 258130 -1 -1 -1 -1 -1 -1)
#(0 196 1454 55 0 3 1 44 236513 -1 -1 -1 -1 -1 -1)
#(0 196 303 48 0 3 1 41 219745 -1 -1 -1 -1 -1 -1)
#(0 196 1453 55 0 2 1 41 220001 -1 -1 -1 -1 -1 -1)
#(0 196 307 51 0 2 1 26 140511 -1 -1 -1 -1 -1 -1)
#(0 196 1770 55 0 3 1 9 48752 -1 -1 -1 -1 -1 -1)
#(0 197 1778 54 0 3 0 1 9038 -1 -1 -1 -1 -1 -1)
#(0 197 1121 44 0 3 0 1 6855 -1 -1 -1 -1 -1 -1)
#(0 197 712 57 0 1 0 2 11819 -1 -1 -1 -1 -1 -1)
#(0 197 1771 56 0 2 0 4 25341 -1 -1 -1 -1 -1 -1)
#(0 197 1462 68 0 1 0 4 24034 -1 -1 -1 -1 -1 -1)
#(0 197 2358 21 0 0 0 5 26735 -1 -1 -1 -1 -1 -1)
#(0 197 714 57 0 2 0 6 32360 -1 -1 -1 -1 -1 -1)
#(0 197 325 44 0 3 0 6 31881 -1 -1 -1 -1 -1 -1)
#(0 197 326 48 0 2 0 8 44553 -1 -1 -1 -1 -1 -1)
#(0 197 2353 26 0 0 0 9 47960 -1 -1 -1 -1 -1 -1)
#(0 197 297 60 0 3 0 9 50750 -1 -1 -1 -1 -1 -1)
#(0 197 713 55 0 3 0 11 59255 -1 -1 -1 -1 -1 -1)
#(0 197 715 55 0 2 0 12 63848 -1 -1 -1 -1 -1 -1)
#(0 197 698 53 0 3 0 14 74324 -1 -1 -1 -1 -1 -1)
#(0 197 2060 26 0 3 0 17 91121 -1 -1 -1 -1 -1 -1)
#(0 197 1469 44 0 3 0 17 94538 -1 -1 -1 -1 -1 -1)
#(0 197 2058 21 0 2 0 19 101379 -1 -1 -1 -1 -1 -1)
#(0 197 2335 20 0 0 0 20 105927 -1 -1 -1 -1 -1 -1)
#(0 197 717 51 0 1 0 20 108054 -1 -1 -1 -1 -1 -1)
#(0 197 329 57 0 2 0 24 130410 -1 -1 -1 -1 -1 -1)
#(0 197 1779 55 0 2 0 27 146739 -1 -1 -1 -1 -1 -1)
#(0 197 2063 37 0 2 0 29 155043 -1 -1 -1 -1 -1 -1)
#(0 197 1463 57 0 2 0 29 154358 -1 -1 -1 -1 -1 -1)
#(0 197 1091 60 0 2 0 35 188872 -1 -1 -1 -1 -1 -1)
#(0 197 1780 61 0 2 0 35 189494 -1 -1 -1 -1 -1 -1)
#(0 197 1467 51 0 2 0 36 190108 -1 -1 -1 -1 -1 -1)
#(0 197 318 57 0 3 0 38 204295 -1 -1 -1 -1 -1 -1)
#(0 197 1118 55 0 3 0 40 214752 -1 -1 -1 -1 -1 -1)
#(0 197 317 62 0 2 0 40 215648 -1 -1 -1 -1 -1 -1)
#(0 197 1119 59 0 3 0 43 232067 -1 -1 -1 -1 -1 -1)
#(0 197 1465 61 0 2 0 46 244920 -1 -1 -1 -1 -1 -1)
#(0 197 2065 21 0 2 0 46 243917 -1 -1 -1 -1 -1 -1)
#(0 197 1781 71 0 2 0 47 248709 -1 -1 -1 -1 -1 -1)
#(0 197 2357 26 0 0 0 51 269723 -1 -1 -1 -1 -1 -1)
#(0 197 322 59 0 2 0 51 273487 -1 -1 -1 -1 -1 -1)
#(0 197 1459 64 0 3 0 54 287457 -1 -1 -1 -1 -1 -1)
#(0 197 1120 62 0 2 0 55 295208 -1 -1 -1 -1 -1 -1)
#(0 197 1461 70 0 2 0 56 299048 -1 -1 -1 -1 -1 -1)
#(0 197 710 57 0 2 0 56 296974 -1 -1 -1 -1 -1 -1)
#(0 197 2061 43 0 3 0 65 345431 -1 -1 -1 -1 -1 -1)
#(0 197 1783 62 0 2 0 71 379395 -1 -1 -1 -1 -1 -1)
#(0 197 2360 28 0 0 1 97 516985 -1 -1 -1 -1 -1 -1)
#(0 197 320 44 0 2 1 96 511910 -1 -1 -1 -1 -1 -1)
#(0 197 2062 40 0 3 1 95 504801 -1 -1 -1 -1 -1 -1)
#(0 197 2354 27 0 0 1 94 501148 -1 -1 -1 -1 -1 -1)
#(0 197 1123 54 0 2 1 94 498276 -1 -1 -1 -1 -1 -1)
#(0 197 1096 51 0 1 1 92 489091 -1 -1 -1 -1 -1 -1)
#(0 197 1786 59 0 1 1 91 481068 -1 -1 -1 -1 -1 -1)
#(0 197 1460 52 0 3 1 89 474646 -1 -1 -1 -1 -1 -1)
#(0 197 2359 25 0 0 1 86 458963 -1 -1 -1 -1 -1 -1)
#(0 197 2356 28 0 0 1 85 453612 -1 -1 -1 -1 -1 -1)
#(0 197 709 55 0 2 1 82 435957 -1 -1 -1 -1 -1 -1)
#(0 197 2064 31 0 2 1 82 436635 -1 -1 -1 -1 -1 -1)
#(0 197 319 57 0 3 1 81 432743 -1 -1 -1 -1 -1 -1)
#(0 197 2355 24 0 0 1 79 422003 -1 -1 -1 -1 -1 -1)
#(0 197 1775 58 0 2 1 78 413522 -1 -1 -1 -1 -1 -1)
#(0 197 1116 62 0 3 1 75 397464 -1 -1 -1 -1 -1 -1)
#(0 197 299 55 0 2 1 75 398746 -1 -1 -1 -1 -1 -1)
#(0 197 718 61 0 2 1 74 392597 -1 -1 -1 -1 -1 -1)
#(0 197 1466 70 0 2 1 73 387661 -1 -1 -1 -1 -1 -1)
#(0 197 314 50 0 3 1 69 368076 -1 -1 -1 -1 -1 -1)
#(0 197 327 70 0 1 1 67 357656 -1 -1 -1 -1 -1 -1)
#(0 197 2059 32 0 1 1 66 352056 -1 -1 -1 -1 -1 -1)
#(0 197 711 73 0 2 1 63 334845 -1 -1 -1 -1 -1 -1)
#(0 197 323 54 0 2 1 59 311520 -1 -1 -1 -1 -1 -1)
#(0 197 1468 55 0 3 1 58 310675 -1 -1 -1 -1 -1 -1)
#(0 197 321 61 0 3 1 58 306666 -1 -1 -1 -1 -1 -1)
#(0 197 1117 58 0 2 1 57 301853 -1 -1 -1 -1 -1 -1)
#(0 197 1784 58 0 2 1 48 254585 -1 -1 -1 -1 -1 -1)
#(0 197 316 48 0 2 1 47 251475 -1 -1 -1 -1 -1 -1)
#(0 197 1777 65 0 2 1 40 211395 -1 -1 -1 -1 -1 -1)
#(0 197 315 51 0 1 1 39 209078 -1 -1 -1 -1 -1 -1)
#(0 197 312 55 0 2 1 35 187399 -1 -1 -1 -1 -1 -1)
#(0 197 1464 51 0 1 1 22 120852 -1 -1 -1 -1 -1 -1)
#(0 197 1776 67 0 1 1 22 121022 -1 -1 -1 -1 -1 -1)
#(0 197 1785 67 0 2 1 16 84704 -1 -1 -1 -1 -1 -1)
#(0 197 1122 70 0 2 1 13 73147 -1 -1 -1 -1 -1 -1)
#(0 198 2070 27 0 2 0 0 1379 -1 -1 -1 -1 -1 -1)
#(0 198 1792 62 0 2 0 0 4725 -1 -1 -1 -1 -1 -1)
#(0 198 2366 32 0 0 0 2 11089 -1 -1 -1 -1 -1 -1)
#(0 198 1127 49 0 2 0 2 13304 -1 -1 -1 -1 -1 -1)
#(0 198 334 53 0 2 0 2 13112 -1 -1 -1 -1 -1 -1)
#(0 198 2075 35 0 2 0 4 22905 -1 -1 -1 -1 -1 -1)
#(0 198 1472 50 0 2 0 5 26961 -1 -1 -1 -1 -1 -1)
#(0 198 1135 62 0 3 0 5 26719 -1 -1 -1 -1 -1 -1)
#(0 198 726 44 0 3 0 5 29923 -1 -1 -1 -1 -1 -1)
#(0 198 2368 25 0 0 0 7 37357 -1 -1 -1 -1 -1 -1)
#(0 198 2066 32 0 2 0 7 38705 -1 -1 -1 -1 -1 -1)
#(0 198 2365 33 0 0 0 8 42791 -1 -1 -1 -1 -1 -1)
#(0 198 1794 62 0 1 0 10 57513 -1 -1 -1 -1 -1 -1)
#(0 198 716 51 0 2 0 13 73714 -1 -1 -1 -1 -1 -1)
#(0 198 2363 26 0 0 0 14 74360 -1 -1 -1 -1 -1 -1)
#(0 198 332 61 0 3 0 15 83208 -1 -1 -1 -1 -1 -1)
#(0 198 1791 47 0 3 0 16 87615 -1 -1 -1 -1 -1 -1)
#(0 198 719 53 0 3 0 17 91594 -1 -1 -1 -1 -1 -1)
#(0 198 1128 63 0 2 0 22 121241 -1 -1 -1 -1 -1 -1)
#(0 198 722 57 0 2 0 23 123953 -1 -1 -1 -1 -1 -1)
#(0 198 720 52 0 1 0 25 135032 -1 -1 -1 -1 -1 -1)
#(0 198 1789 51 0 1 0 26 140934 -1 -1 -1 -1 -1 -1)
#(0 198 2364 28 0 0 0 27 143037 -1 -1 -1 -1 -1 -1)
#(0 198 1790 43 0 3 0 27 145477 -1 -1 -1 -1 -1 -1)
#(0 198 2080 28 0 2 0 27 143976 -1 -1 -1 -1 -1 -1)
#(0 198 2067 24 0 2 0 34 180799 -1 -1 -1 -1 -1 -1)
#(0 198 1796 61 0 3 0 35 184913 -1 -1 -1 -1 -1 -1)
#(4 198 1796 -1 0 -1 -1 -1 -1 81 0 0 0 0 -1)
#(0 198 331 50 0 2 0 36 192060 -1 -1 -1 -1 -1 -1)
#(0 198 1473 67 0 2 0 37 197908 -1 -1 -1 -1 -1 -1)
#(0 198 1800 58 0 2 0 38 204973 -1 -1 -1 -1 -1 -1)
#(0 198 1125 44 0 1 0 39 207474 -1 -1 -1 -1 -1 -1)
#(2 198 1125 -1 -1 -1 -1 -1 -1 82 -1 -1 -1 -1 -1)
#(0 198 2362 30 0 0 0 41 216993 -1 -1 -1 -1 -1 -1)
#(0 198 2073 20 0 3 0 43 228081 -1 -1 -1 -1 -1 -1)
#(0 198 333 44 0 1 0 44 232548 -1 -1 -1 -1 -1 -1)
#(0 198 721 48 0 2 0 44 232541 -1 -1 -1 -1 -1 -1)
#(0 198 1788 44 0 2 0 47 251147 -1 -1 -1 -1 -1 -1)
#(0 198 1130 75 0 1 0 48 253902 -1 -1 -1 -1 -1 -1)
#(0 198 2068 39 0 3 0 48 255545 -1 -1 -1 -1 -1 -1)
#(0 198 2071 49 0 1 0 50 266595 -1 -1 -1 -1 -1 -1)
#(0 198 1131 62 0 2 0 51 273268 -1 -1 -1 -1 -1 -1)
#(0 198 2079 39 0 3 0 54 287100 -1 -1 -1 -1 -1 -1)
#(0 198 1124 51 0 2 0 55 293226 -1 -1 -1 -1 -1 -1)
#(0 198 2072 45 0 1 0 61 324446 -1 -1 -1 -1 -1 -1)
#(0 198 1470 70 0 2 0 65 346587 -1 -1 -1 -1 -1 -1)
#(0 198 723 44 0 1 0 66 352009 -1 -1 -1 -1 -1 -1)
#(0 198 2078 41 0 1 0 67 355846 -1 -1 -1 -1 -1 -1)
#(0 198 2367 34 0 0 0 70 370162 -1 -1 -1 -1 -1 -1)
#(0 198 1134 59 0 2 0 80 426863 -1 -1 -1 -1 -1 -1)
#(0 198 1799 59 0 2 0 80 426745 -1 -1 -1 -1 -1 -1)
#(0 198 336 55 0 3 0 91 483551 -1 -1 -1 -1 -1 -1)
#(0 198 1787 63 0 1 1 99 524044 -1 -1 -1 -1 -1 -1)
#(0 198 724 53 0 2 1 97 517038 -1 -1 -1 -1 -1 -1)
#(2 198 724 -1 -1 -1 -1 -1 -1 83 -1 -1 -1 -1 -1)
#(0 198 1798 62 0 2 1 97 512827 -1 -1 -1 -1 -1 -1)
#(0 198 725 51 0 1 1 95 502066 -1 -1 -1 -1 -1 -1)
#(0 198 2076 36 0 2 1 86 457513 -1 -1 -1 -1 -1 -1)
#(0 198 1133 61 0 2 1 85 449900 -1 -1 -1 -1 -1 -1)
#(0 198 1793 56 0 1 1 82 434102 -1 -1 -1 -1 -1 -1)
#(0 198 330 57 0 1 1 82 434990 -1 -1 -1 -1 -1 -1)
#(0 198 1126 64 0 1 1 82 433740 -1 -1 -1 -1 -1 -1)
#(0 198 1129 65 0 2 1 75 400940 -1 -1 -1 -1 -1 -1)
#(0 198 313 44 0 3 1 75 401087 -1 -1 -1 -1 -1 -1)
#(0 198 338 59 0 2 1 72 380718 -1 -1 -1 -1 -1 -1)
#(0 198 2074 47 0 3 1 63 335424 -1 -1 -1 -1 -1 -1)
#(0 198 728 44 0 2 1 60 318553 -1 -1 -1 -1 -1 -1)
#(0 198 729 59 0 1 1 58 309763 -1 -1 -1 -1 -1 -1)
#(0 198 2077 20 0 3 1 56 299930 -1 -1 -1 -1 -1 -1)
#(0 198 2069 20 0 2 1 54 289357 -1 -1 -1 -1 -1 -1)
#(0 198 1132 59 0 3 1 44 233639 -1 -1 -1 -1 -1 -1)
#(0 198 1136 62 0 2 1 38 200999 -1 -1 -1 -1 -1 -1)
#(0 198 1797 70 0 2 1 12 68473 -1 -1 -1 -1 -1 -1)
#(0 199 1782 53 0 2 0 1 8836 -1 -1 -1 -1 -1 -1)
#(0 199 1481 58 0 2 0 4 22921 -1 -1 -1 -1 -1 -1)
#(0 199 2081 30 0 2 0 6 33267 -1 -1 -1 -1 -1 -1)
#(0 199 337 51 0 1 0 6 33211 -1 -1 -1 -1 -1 -1)
#(0 199 2083 30 0 2 0 7 38606 -1 -1 -1 -1 -1 -1)
#(0 199 2373 28 0 0 0 8 42698 -1 -1 -1 -1 -1 -1)
#(0 199 2370 30 0 0 0 11 58599 -1 -1 -1 -1 -1 -1)
#(0 199 2087 28 0 2 0 12 64876 -1 -1 -1 -1 -1 -1)
#(0 199 1806 51 0 2 0 14 77699 -1 -1 -1 -1 -1 -1)
#(0 199 2092 39 0 3 0 15 81278 -1 -1 -1 -1 -1 -1)
#(0 199 342 55 0 2 0 19 104869 -1 -1 -1 -1 -1 -1)
#(0 199 2361 18 0 0 0 20 105902 -1 -1 -1 -1 -1 -1)
#(0 199 1148 54 0 2 0 22 119532 -1 -1 -1 -1 -1 -1)
#(0 199 2375 34 0 0 0 23 122000 -1 -1 -1 -1 -1 -1)
#(0 199 1138 55 0 3 0 24 130153 -1 -1 -1 -1 -1 -1)
#(0 199 345 68 0 2 0 24 128476 -1 -1 -1 -1 -1 -1)
#(0 199 1152 58 0 2 0 25 136231 -1 -1 -1 -1 -1 -1)
#(0 199 1475 50 0 3 0 26 137807 -1 -1 -1 -1 -1 -1)
#(0 199 1795 57 0 1 0 26 141247 -1 -1 -1 -1 -1 -1)
#(0 199 2086 26 0 2 0 26 138656 -1 -1 -1 -1 -1 -1)
#(0 199 2089 27 0 2 0 28 149214 -1 -1 -1 -1 -1 -1)
#(0 199 343 44 0 1 0 30 158564 -1 -1 -1 -1 -1 -1)
#(0 199 341 59 0 2 0 31 167893 -1 -1 -1 -1 -1 -1)
#(0 199 1474 59 0 2 0 31 165684 -1 -1 -1 -1 -1 -1)
#(0 199 1142 67 0 1 0 34 180096 -1 -1 -1 -1 -1 -1)
#(0 199 1803 72 0 3 0 34 179849 -1 -1 -1 -1 -1 -1)
#(0 199 351 56 0 3 0 36 190108 -1 -1 -1 -1 -1 -1)
#(0 199 2091 20 0 2 0 37 196391 -1 -1 -1 -1 -1 -1)
#(0 199 348 63 0 2 0 44 232899 -1 -1 -1 -1 -1 -1)
#(0 199 733 70 0 1 0 44 234595 -1 -1 -1 -1 -1 -1)
#(0 199 340 44 0 2 0 45 237855 -1 -1 -1 -1 -1 -1)
#(0 199 1478 44 0 1 0 46 247783 -1 -1 -1 -1 -1 -1)
#(0 199 740 61 0 3 0 47 251659 -1 -1 -1 -1 -1 -1)
#(0 199 1145 55 0 2 0 49 262047 -1 -1 -1 -1 -1 -1)
#(0 199 1482 62 0 2 0 50 266389 -1 -1 -1 -1 -1 -1)
#(0 199 2085 50 0 3 0 52 277225 -1 -1 -1 -1 -1 -1)
#(0 199 735 57 0 1 0 59 312602 -1 -1 -1 -1 -1 -1)
#(0 199 1149 59 0 1 0 67 358072 -1 -1 -1 -1 -1 -1)
#(0 199 743 44 0 4 0 70 374287 -1 -1 -1 -1 -1 -1)
#(0 199 1807 54 0 1 0 71 378704 -1 -1 -1 -1 -1 -1)
#(0 199 2369 34 0 0 0 73 386031 -1 -1 -1 -1 -1 -1)
#(0 199 1809 70 0 2 0 75 396239 -1 -1 -1 -1 -1 -1)
#(0 199 2371 25 0 0 1 99 527588 -1 -1 -1 -1 -1 -1)
#(0 199 2082 46 0 2 1 97 515031 -1 -1 -1 -1 -1 -1)
#(0 199 736 44 0 1 1 94 498049 -1 -1 -1 -1 -1 -1)
#(0 199 1106 52 0 2 1 92 489006 -1 -1 -1 -1 -1 -1)
#(0 199 2090 30 0 2 1 91 484207 -1 -1 -1 -1 -1 -1)
#(0 199 1143 51 0 2 1 89 472438 -1 -1 -1 -1 -1 -1)
#(0 199 739 53 0 2 1 85 452091 -1 -1 -1 -1 -1 -1)
#(0 199 1480 48 0 2 1 82 437895 -1 -1 -1 -1 -1 -1)
#(0 199 744 54 0 2 1 81 432560 -1 -1 -1 -1 -1 -1)
#(0 199 1476 58 0 2 1 81 430773 -1 -1 -1 -1 -1 -1)
#(0 199 1137 67 0 3 1 79 421904 -1 -1 -1 -1 -1 -1)
#(0 199 346 67 0 1 1 78 416223 -1 -1 -1 -1 -1 -1)
#(0 199 2374 29 0 0 1 76 406085 -1 -1 -1 -1 -1 -1)
#(0 199 738 67 0 3 1 76 403835 -1 -1 -1 -1 -1 -1)
#(0 199 732 59 0 2 1 75 399932 -1 -1 -1 -1 -1 -1)
#(0 199 2377 34 0 0 1 74 395446 -1 -1 -1 -1 -1 -1)
#(0 199 1483 60 0 1 1 74 393232 -1 -1 -1 -1 -1 -1)
#(0 199 730 65 0 2 1 73 387307 -1 -1 -1 -1 -1 -1)
#(0 199 2372 28 0 0 1 66 353298 -1 -1 -1 -1 -1 -1)
#(0 199 731 66 0 2 1 64 339514 -1 -1 -1 -1 -1 -1)
#(0 199 734 54 0 2 1 63 337170 -1 -1 -1 -1 -1 -1)
#(0 199 2088 20 0 2 1 62 331592 -1 -1 -1 -1 -1 -1)
#(0 199 349 66 0 1 1 61 324897 -1 -1 -1 -1 -1 -1)
#(0 199 1479 62 0 1 1 60 321243 -1 -1 -1 -1 -1 -1)
#(0 199 1144 53 0 3 1 60 318387 -1 -1 -1 -1 -1 -1)
#(0 199 1471 58 0 1 1 58 310619 -1 -1 -1 -1 -1 -1)
#(0 199 1141 65 0 1 1 50 264015 -1 -1 -1 -1 -1 -1)
#(0 199 1810 61 0 2 1 50 264752 -1 -1 -1 -1 -1 -1)
#(0 199 339 75 0 1 1 45 241307 -1 -1 -1 -1 -1 -1)
#(0 199 1808 51 0 2 1 43 228753 -1 -1 -1 -1 -1 -1)
#(0 199 1804 58 0 3 1 41 217929 -1 -1 -1 -1 -1 -1)
#(0 199 2084 35 0 2 1 41 219929 -1 -1 -1 -1 -1 -1)
#(0 199 742 65 0 2 1 39 208337 -1 -1 -1 -1 -1 -1)
#(0 199 1140 44 0 2 1 35 188480 -1 -1 -1 -1 -1 -1)
#(0 199 745 59 0 2 1 34 183140 -1 -1 -1 -1 -1 -1)
#(0 199 350 59 0 1 1 27 143457 -1 -1 -1 -1 -1 -1)
#(0 199 347 51 0 1 1 17 92918 -1 -1 -1 -1 -1 -1)
#(0 199 1802 67 0 2 1 16 89634 -1 -1 -1 -1 -1 -1)
#(0 200 1490 74 0 3 0 1 8845 -1 -1 -1 -1 -1 -1)
#(0 200 1814 52 0 3 0 1 8782 -1 -1 -1 -1 -1 -1)
#(0 200 1139 50 0 2 0 2 14132 -1 -1 -1 -1 -1 -1)
#(0 200 1815 51 0 2 0 3 19414 -1 -1 -1 -1 -1 -1)
#(0 200 1155 67 0 2 0 4 21479 -1 -1 -1 -1 -1 -1)
#(0 200 753 51 0 2 0 4 26217 -1 -1 -1 -1 -1 -1)
#(0 200 1500 47 0 2 0 10 54423 -1 -1 -1 -1 -1 -1)
#(2 200 1500 -1 -1 -1 -1 -1 -1 84 -1 -1 -1 -1 -1)
#(0 200 749 51 0 2 0 11 63021 -1 -1 -1 -1 -1 -1)
#(0 200 1498 49 0 1 0 13 68663 -1 -1 -1 -1 -1 -1)
#(0 200 358 59 0 2 0 13 72875 -1 -1 -1 -1 -1 -1)
#(0 200 1811 47 0 3 0 16 87642 -1 -1 -1 -1 -1 -1)
#(0 200 1156 44 0 1 0 16 86076 -1 -1 -1 -1 -1 -1)
#(0 200 757 57 0 2 0 17 90943 -1 -1 -1 -1 -1 -1)
#(0 200 1812 42 0 3 0 18 97901 -1 -1 -1 -1 -1 -1)
#(0 200 2376 18 0 0 0 20 105888 -1 -1 -1 -1 -1 -1)
#(0 200 1502 68 0 2 0 20 108381 -1 -1 -1 -1 -1 -1)
#(0 200 2383 28 0 0 0 22 116614 -1 -1 -1 -1 -1 -1)
#(0 200 746 63 0 3 0 24 129755 -1 -1 -1 -1 -1 -1)
#(0 200 1496 44 0 1 0 26 142177 -1 -1 -1 -1 -1 -1)
#(0 200 1158 63 0 2 0 26 142167 -1 -1 -1 -1 -1 -1)
#(0 200 1817 51 0 2 0 29 156706 -1 -1 -1 -1 -1 -1)
#(0 200 2096 43 0 1 0 32 171174 -1 -1 -1 -1 -1 -1)
#(0 200 1499 57 0 2 0 32 170334 -1 -1 -1 -1 -1 -1)
#(0 200 362 54 0 1 0 33 177675 -1 -1 -1 -1 -1 -1)
#(0 200 752 63 0 2 0 33 176767 -1 -1 -1 -1 -1 -1)
#(0 200 1151 59 0 3 0 33 178772 -1 -1 -1 -1 -1 -1)
#(0 200 751 64 0 1 0 34 181599 -1 -1 -1 -1 -1 -1)
#(0 200 2381 29 0 0 0 35 185272 -1 -1 -1 -1 -1 -1)
#(0 200 1805 56 0 3 0 38 204757 -1 -1 -1 -1 -1 -1)
#(0 200 359 63 0 1 0 38 205832 -1 -1 -1 -1 -1 -1)
#(0 200 756 59 0 3 0 41 219705 -1 -1 -1 -1 -1 -1)
#(0 200 2100 38 0 1 0 41 218514 -1 -1 -1 -1 -1 -1)
#(0 200 747 65 0 3 0 43 228917 -1 -1 -1 -1 -1 -1)
#(0 200 2380 20 0 0 0 44 232649 -1 -1 -1 -1 -1 -1)
#(0 200 1501 62 0 1 0 44 233974 -1 -1 -1 -1 -1 -1)
#(0 200 1157 66 0 2 0 51 269757 -1 -1 -1 -1 -1 -1)
#(0 200 357 55 0 1 0 56 298818 -1 -1 -1 -1 -1 -1)
#(0 200 2099 36 0 3 0 56 297513 -1 -1 -1 -1 -1 -1)
#(0 200 1159 43 0 1 0 57 302474 -1 -1 -1 -1 -1 -1)
#(2 200 1159 -1 -1 -1 -1 -1 -1 85 -1 -1 -1 -1 -1)
#(0 200 1492 67 0 1 0 59 314587 -1 -1 -1 -1 -1 -1)
#(0 200 1489 70 0 3 0 66 351183 -1 -1 -1 -1 -1 -1)
#(0 200 1493 51 0 2 0 87 459978 -1 -1 -1 -1 -1 -1)
#(0 200 1494 55 0 1 0 90 476243 -1 -1 -1 -1 -1 -1)
#(0 200 2379 26 0 0 1 98 522282 -1 -1 -1 -1 -1 -1)
#(0 200 2098 43 0 1 1 97 515181 -1 -1 -1 -1 -1 -1)
#(0 200 750 70 0 2 1 96 509093 -1 -1 -1 -1 -1 -1)
#(0 200 727 44 0 2 1 95 503339 -1 -1 -1 -1 -1 -1)
#(0 200 1486 64 0 3 1 94 499066 -1 -1 -1 -1 -1 -1)
#(0 200 1487 56 0 2 1 92 489333 -1 -1 -1 -1 -1 -1)
#(0 200 1484 54 0 2 1 90 479778 -1 -1 -1 -1 -1 -1)
#(0 200 1153 57 0 1 1 90 476398 -1 -1 -1 -1 -1 -1)
#(0 200 2097 31 0 1 1 86 457751 -1 -1 -1 -1 -1 -1)
#(0 200 361 60 0 3 1 86 454891 -1 -1 -1 -1 -1 -1)
#(0 200 1150 50 0 3 1 85 451402 -1 -1 -1 -1 -1 -1)
#(0 200 1801 53 0 2 1 82 434265 -1 -1 -1 -1 -1 -1)
#(0 200 352 46 0 3 1 82 435680 -1 -1 -1 -1 -1 -1)
#(0 200 754 51 0 3 1 82 435910 -1 -1 -1 -1 -1 -1)
#(0 200 1477 52 0 1 1 81 431130 -1 -1 -1 -1 -1 -1)
#(0 200 2095 24 0 3 1 79 421160 -1 -1 -1 -1 -1 -1)
#(0 200 1497 57 0 1 1 76 405128 -1 -1 -1 -1 -1 -1)
#(0 200 335 56 0 2 1 75 399574 -1 -1 -1 -1 -1 -1)
#(0 200 363 51 0 2 1 73 388743 -1 -1 -1 -1 -1 -1)
#(0 200 741 58 0 2 1 73 389263 -1 -1 -1 -1 -1 -1)
#(0 200 1813 44 0 3 1 71 377189 -1 -1 -1 -1 -1 -1)
#(0 200 355 72 0 2 1 71 378210 -1 -1 -1 -1 -1 -1)
#(0 200 1495 65 0 2 1 67 356141 -1 -1 -1 -1 -1 -1)
#(0 200 2094 41 0 3 1 65 346344 -1 -1 -1 -1 -1 -1)
#(0 200 356 51 0 1 1 63 335862 -1 -1 -1 -1 -1 -1)
#(0 200 1161 58 0 3 1 62 328028 -1 -1 -1 -1 -1 -1)
#(0 200 1488 60 0 2 1 59 314420 -1 -1 -1 -1 -1 -1)
#(0 200 755 51 0 3 1 57 301113 -1 -1 -1 -1 -1 -1)
#(0 200 2093 21 0 3 1 53 284057 -1 -1 -1 -1 -1 -1)
#(0 200 1160 69 0 3 1 52 279167 -1 -1 -1 -1 -1 -1)
#(0 200 1491 51 0 2 1 51 273975 -1 -1 -1 -1 -1 -1)
#(0 200 748 62 0 2 1 45 239991 -1 -1 -1 -1 -1 -1)
#(0 200 353 55 0 3 1 44 234599 -1 -1 -1 -1 -1 -1)
#(0 200 1485 51 0 1 1 39 210580 -1 -1 -1 -1 -1 -1)
#(0 200 1154 59 0 1 1 25 132958 -1 -1 -1 -1 -1 -1)
#(0 200 1816 55 0 3 1 24 128017 -1 -1 -1 -1 -1 -1)
#(0 200 2382 30 0 0 1 20 110376 -1 -1 -1 -1 -1 -1)
#(0 201 1146 65 0 3 0 2 15196 -1 -1 -1 -1 -1 -1)
#(0 201 2108 32 0 3 0 3 17542 -1 -1 -1 -1 -1 -1)
#(0 201 1505 54 0 1 0 5 27289 -1 -1 -1 -1 -1 -1)
#(0 201 366 57 0 2 0 5 29578 -1 -1 -1 -1 -1 -1)
#(0 201 769 59 0 1 0 7 38130 -1 -1 -1 -1 -1 -1)
#(0 201 2378 29 0 0 0 8 42736 -1 -1 -1 -1 -1 -1)
#(0 201 1512 51 0 2 0 8 42996 -1 -1 -1 -1 -1 -1)
#(0 201 1818 69 0 1 0 8 42346 -1 -1 -1 -1 -1 -1)
#(0 201 2110 32 0 3 0 9 49138 -1 -1 -1 -1 -1 -1)
#(0 201 762 56 0 3 0 10 54429 -1 -1 -1 -1 -1 -1)
#(0 201 2112 34 0 2 0 15 80964 -1 -1 -1 -1 -1 -1)
#(0 201 2391 26 0 0 0 19 100736 -1 -1 -1 -1 -1 -1)
#(0 201 375 59 0 2 0 20 109801 -1 -1 -1 -1 -1 -1)
#(0 201 2111 23 0 2 0 20 106796 -1 -1 -1 -1 -1 -1)
#(0 201 1162 57 0 3 0 22 119740 -1 -1 -1 -1 -1 -1)
#(0 201 2107 20 0 2 0 23 122477 -1 -1 -1 -1 -1 -1)
#(0 201 373 51 0 1 0 26 139255 -1 -1 -1 -1 -1 -1)
#(0 201 2390 23 0 0 0 27 142936 -1 -1 -1 -1 -1 -1)
#(0 201 1504 64 0 2 0 28 150169 -1 -1 -1 -1 -1 -1)
#(0 201 2106 27 0 2 0 28 149264 -1 -1 -1 -1 -1 -1)
#(0 201 1506 51 0 2 0 30 158901 -1 -1 -1 -1 -1 -1)
#(0 201 2101 36 0 2 0 30 160419 -1 -1 -1 -1 -1 -1)
#(0 201 344 50 0 1 0 30 160099 -1 -1 -1 -1 -1 -1)
#(0 201 1166 51 0 1 0 37 198158 -1 -1 -1 -1 -1 -1)
#(0 201 1517 57 0 3 0 37 196885 -1 -1 -1 -1 -1 -1)
#(0 201 2387 27 0 0 0 40 211650 -1 -1 -1 -1 -1 -1)
#(0 201 1819 67 0 1 0 40 211498 -1 -1 -1 -1 -1 -1)
#(0 201 1824 57 0 3 0 41 220582 -1 -1 -1 -1 -1 -1)
#(0 201 1167 59 0 3 0 43 231511 -1 -1 -1 -1 -1 -1)
#(0 201 737 66 0 2 0 44 234380 -1 -1 -1 -1 -1 -1)
#(0 201 1165 55 0 2 0 46 247128 -1 -1 -1 -1 -1 -1)
#(0 201 377 55 0 2 0 48 256516 -1 -1 -1 -1 -1 -1)
#(0 201 367 75 0 2 0 52 276949 -1 -1 -1 -1 -1 -1)
#(0 201 364 57 0 3 0 53 283646 -1 -1 -1 -1 -1 -1)
#(0 201 760 70 0 2 0 54 289530 -1 -1 -1 -1 -1 -1)
#(0 201 770 44 0 1 0 58 309765 -1 -1 -1 -1 -1 -1)
#(0 201 1508 31 0 4 0 59 316696 -1 -1 -1 -1 -1 -1)
#(0 201 759 51 0 2 0 59 316612 -1 -1 -1 -1 -1 -1)
#(0 201 1163 57 0 2 0 72 384256 -1 -1 -1 -1 -1 -1)
#(0 201 1820 42 0 1 1 98 519863 -1 -1 -1 -1 -1 -1)
#(0 201 365 60 0 2 1 97 512936 -1 -1 -1 -1 -1 -1)
#(0 201 2105 36 0 3 1 96 510293 -1 -1 -1 -1 -1 -1)
#(0 201 771 57 0 2 1 95 505629 -1 -1 -1 -1 -1 -1)
#(0 201 761 53 0 1 1 92 489532 -1 -1 -1 -1 -1 -1)
#(0 201 1168 55 0 3 1 91 482297 -1 -1 -1 -1 -1 -1)
#(0 201 2102 31 0 2 1 91 484122 -1 -1 -1 -1 -1 -1)
#(0 201 1147 57 0 2 1 89 471298 -1 -1 -1 -1 -1 -1)
#(0 201 774 55 0 3 1 86 457957 -1 -1 -1 -1 -1 -1)
#(0 201 372 61 0 3 1 84 443950 -1 -1 -1 -1 -1 -1)
#(0 201 354 51 0 2 1 82 435413 -1 -1 -1 -1 -1 -1)
#(0 201 1509 59 0 2 1 82 436564 -1 -1 -1 -1 -1 -1)
#(0 201 2103 37 0 2 1 81 430994 -1 -1 -1 -1 -1 -1)
#(0 201 1164 67 0 3 1 80 427353 -1 -1 -1 -1 -1 -1)
#(0 201 763 55 0 3 1 77 411198 -1 -1 -1 -1 -1 -1)
#(0 201 2386 28 0 0 1 75 400809 -1 -1 -1 -1 -1 -1)
#(2 201 2386 -1 -1 -1 -1 -1 -1 86 -1 -1 -1 -1 -1)
#(0 201 1821 57 0 1 1 75 396813 -1 -1 -1 -1 -1 -1)
#(0 201 360 63 0 3 1 72 381524 -1 -1 -1 -1 -1 -1)
#(0 201 764 51 0 3 1 72 380326 -1 -1 -1 -1 -1 -1)
#(0 201 2109 30 0 2 1 69 368064 -1 -1 -1 -1 -1 -1)
#(0 201 374 57 0 3 1 66 349997 -1 -1 -1 -1 -1 -1)
#(0 201 1169 51 0 1 1 66 350949 -1 -1 -1 -1 -1 -1)
#(0 201 2384 30 0 0 1 64 342674 -1 -1 -1 -1 -1 -1)
#(0 201 1516 54 0 2 1 63 336671 -1 -1 -1 -1 -1 -1)
#(0 201 1822 58 0 1 1 61 322777 -1 -1 -1 -1 -1 -1)
#(0 201 768 51 0 2 1 60 317749 -1 -1 -1 -1 -1 -1)
#(0 201 767 67 0 1 1 53 281704 -1 -1 -1 -1 -1 -1)
#(0 201 765 57 0 2 1 51 273387 -1 -1 -1 -1 -1 -1)
#(0 201 371 67 0 2 1 50 268206 -1 -1 -1 -1 -1 -1)
#(0 201 1823 66 0 3 1 49 259292 -1 -1 -1 -1 -1 -1)
#(0 201 2388 20 0 0 1 47 253113 -1 -1 -1 -1 -1 -1)
#(0 201 1503 67 0 1 1 45 240025 -1 -1 -1 -1 -1 -1)
#(0 201 1507 44 0 3 1 45 237958 -1 -1 -1 -1 -1 -1)
#(0 201 2385 27 0 0 1 36 194908 -1 -1 -1 -1 -1 -1)
#(0 201 370 50 0 1 1 32 172233 -1 -1 -1 -1 -1 -1)
#(0 201 2389 32 0 0 1 27 147310 -1 -1 -1 -1 -1 -1)
#(0 201 376 62 0 2 1 11 58406 -1 -1 -1 -1 -1 -1)
#(0 202 2117 30 0 2 0 6 33224 -1 -1 -1 -1 -1 -1)
#(0 202 1828 65 0 2 0 6 36884 -1 -1 -1 -1 -1 -1)
#(0 202 2122 37 0 2 0 10 54665 -1 -1 -1 -1 -1 -1)
#(0 202 776 44 0 2 0 12 66883 -1 -1 -1 -1 -1 -1)
#(0 202 384 50 0 3 0 14 76145 -1 -1 -1 -1 -1 -1)
#(0 202 1827 52 0 2 0 16 87882 -1 -1 -1 -1 -1 -1)
#(0 202 777 51 0 2 0 16 86043 -1 -1 -1 -1 -1 -1)
#(0 202 1825 50 0 2 0 17 93420 -1 -1 -1 -1 -1 -1)
#(0 202 1173 58 0 1 0 17 94446 -1 -1 -1 -1 -1 -1)
#(0 202 379 57 0 3 0 18 98827 -1 -1 -1 -1 -1 -1)
#(0 202 1178 51 0 3 0 19 105241 -1 -1 -1 -1 -1 -1)
#(0 202 2393 32 0 0 0 21 111432 -1 -1 -1 -1 -1 -1)
#(0 202 381 54 0 1 0 23 122626 -1 -1 -1 -1 -1 -1)
#(0 202 1177 58 0 2 0 23 125806 -1 -1 -1 -1 -1 -1)
#(0 202 1832 61 0 2 0 25 136736 -1 -1 -1 -1 -1 -1)
#(0 202 1829 62 0 2 0 26 141461 -1 -1 -1 -1 -1 -1)
#(0 202 1172 44 0 1 0 26 138908 -1 -1 -1 -1 -1 -1)
#(0 202 1513 52 0 3 0 28 148847 -1 -1 -1 -1 -1 -1)
#(0 202 1510 56 0 2 0 30 159129 -1 -1 -1 -1 -1 -1)
#(0 202 1511 53 0 3 0 32 169936 -1 -1 -1 -1 -1 -1)
#(0 202 388 63 0 1 0 33 178944 -1 -1 -1 -1 -1 -1)
#(0 202 782 66 0 2 0 44 234255 -1 -1 -1 -1 -1 -1)
#(0 202 2115 35 0 2 0 55 292248 -1 -1 -1 -1 -1 -1)
#(0 202 2119 20 0 2 0 66 349520 -1 -1 -1 -1 -1 -1)
#(0 202 2121 52 0 1 0 70 372295 -1 -1 -1 -1 -1 -1)
#(0 202 1826 59 0 2 0 77 411093 -1 -1 -1 -1 -1 -1)
#(0 202 1518 64 0 2 0 87 460987 -1 -1 -1 -1 -1 -1)
#(0 202 2397 25 0 0 1 99 527596 -1 -1 -1 -1 -1 -1)
#(0 202 2114 40 0 2 1 97 515337 -1 -1 -1 -1 -1 -1)
#(0 202 2113 32 0 2 1 96 510490 -1 -1 -1 -1 -1 -1)
#(0 202 784 59 0 2 1 96 511088 -1 -1 -1 -1 -1 -1)
#(0 202 386 66 0 3 1 96 507454 -1 -1 -1 -1 -1 -1)
#(0 202 2116 41 0 3 1 94 499408 -1 -1 -1 -1 -1 -1)
#(0 202 781 64 0 3 1 94 496692 -1 -1 -1 -1 -1 -1)
#(0 202 2398 29 0 0 1 92 490571 -1 -1 -1 -1 -1 -1)
#(0 202 2104 21 0 3 1 91 484710 -1 -1 -1 -1 -1 -1)
#(0 202 1175 44 0 3 1 89 473835 -1 -1 -1 -1 -1 -1)
#(0 202 387 54 0 2 1 87 461795 -1 -1 -1 -1 -1 -1)
#(0 202 1170 66 0 1 1 85 449770 -1 -1 -1 -1 -1 -1)
#(0 202 2396 27 0 0 1 84 448354 -1 -1 -1 -1 -1 -1)
#(0 202 2395 28 0 0 1 83 443058 -1 -1 -1 -1 -1 -1)
#(0 202 1831 59 0 3 1 83 438600 -1 -1 -1 -1 -1 -1)
#(0 202 1176 65 0 1 1 76 406047 -1 -1 -1 -1 -1 -1)
#(0 202 1520 53 0 2 1 75 400238 -1 -1 -1 -1 -1 -1)
#(0 202 1519 59 0 2 1 72 383602 -1 -1 -1 -1 -1 -1)
#(0 202 1833 44 0 2 1 68 361373 -1 -1 -1 -1 -1 -1)
#(0 202 2392 27 0 0 1 67 358575 -1 -1 -1 -1 -1 -1)
#(0 202 2394 27 0 0 1 64 342742 -1 -1 -1 -1 -1 -1)
#(0 202 378 44 0 1 1 63 337686 -1 -1 -1 -1 -1 -1)
#(0 202 1179 57 0 3 1 63 333898 -1 -1 -1 -1 -1 -1)
#(0 202 780 55 0 1 1 62 332045 -1 -1 -1 -1 -1 -1)
#(0 202 2118 23 0 3 1 62 331480 -1 -1 -1 -1 -1 -1)
#(0 202 1174 62 0 1 1 59 311838 -1 -1 -1 -1 -1 -1)
#(0 202 385 57 0 2 1 58 310982 -1 -1 -1 -1 -1 -1)
#(0 202 380 53 0 2 1 58 307011 -1 -1 -1 -1 -1 -1)
#(0 202 1830 62 0 3 1 51 269919 -1 -1 -1 -1 -1 -1)
#(0 202 1521 55 0 2 1 50 267957 -1 -1 -1 -1 -1 -1)
#(0 202 783 59 0 2 1 48 256960 -1 -1 -1 -1 -1 -1)
#(0 202 1523 62 0 1 1 43 230295 -1 -1 -1 -1 -1 -1)
#(0 202 778 65 0 2 1 40 213108 -1 -1 -1 -1 -1 -1)
#(0 202 779 62 0 2 1 27 145607 -1 -1 -1 -1 -1 -1)
#(0 202 775 69 0 3 1 12 64602 -1 -1 -1 -1 -1 -1)
#(0 203 2401 23 0 0 0 0 381 -1 -1 -1 -1 -1 -1)
#(0 203 2404 20 0 0 0 2 10887 -1 -1 -1 -1 -1 -1)
#(0 203 1841 47 0 2 0 2 14091 -1 -1 -1 -1 -1 -1)
#(0 203 1838 58 0 2 0 4 25527 -1 -1 -1 -1 -1 -1)
#(0 203 398 57 0 3 0 4 25503 -1 -1 -1 -1 -1 -1)
#(0 203 389 61 0 2 0 5 30550 -1 -1 -1 -1 -1 -1)
#(0 203 2403 28 0 0 0 11 58551 -1 -1 -1 -1 -1 -1)
#(0 203 1189 57 0 1 0 11 62712 -1 -1 -1 -1 -1 -1)
#(0 203 397 59 0 2 0 13 72715 -1 -1 -1 -1 -1 -1)
#(0 203 1842 51 0 2 0 14 77742 -1 -1 -1 -1 -1 -1)
#(0 203 2399 29 0 0 0 15 79700 -1 -1 -1 -1 -1 -1)
#(0 203 395 44 0 1 0 15 79420 -1 -1 -1 -1 -1 -1)
#(0 203 2406 27 0 0 0 18 95494 -1 -1 -1 -1 -1 -1)
#(0 203 1528 66 0 2 0 18 96479 -1 -1 -1 -1 -1 -1)
#(0 203 2127 23 0 2 0 20 106776 -1 -1 -1 -1 -1 -1)
#(0 203 788 63 0 3 0 21 114733 -1 -1 -1 -1 -1 -1)
#(0 203 2408 23 0 0 0 23 121804 -1 -1 -1 -1 -1 -1)
#(0 203 794 59 0 1 0 23 123075 -1 -1 -1 -1 -1 -1)
#(0 203 2123 40 0 1 0 24 128879 -1 -1 -1 -1 -1 -1)
#(0 203 793 49 0 1 0 26 142214 -1 -1 -1 -1 -1 -1)
#(0 203 2402 29 0 0 0 28 148329 -1 -1 -1 -1 -1 -1)
#(0 203 1522 69 0 2 0 28 150126 -1 -1 -1 -1 -1 -1)
#(0 203 1186 55 0 2 0 31 167116 -1 -1 -1 -1 -1 -1)
#(0 203 1182 57 0 3 0 32 173016 -1 -1 -1 -1 -1 -1)
#(0 203 1514 57 0 2 0 32 170167 -1 -1 -1 -1 -1 -1)
#(0 203 1184 54 0 2 0 33 177919 -1 -1 -1 -1 -1 -1)
#(0 203 1530 56 0 1 0 33 176334 -1 -1 -1 -1 -1 -1)
#(0 203 391 60 0 2 0 35 184922 -1 -1 -1 -1 -1 -1)
#(0 203 1191 70 0 2 0 35 185919 -1 -1 -1 -1 -1 -1)
#(0 203 390 41 0 2 0 40 212510 -1 -1 -1 -1 -1 -1)
#(0 203 1837 63 0 2 0 41 216523 -1 -1 -1 -1 -1 -1)
#(0 203 393 62 0 3 0 44 236214 -1 -1 -1 -1 -1 -1)
#(0 203 2129 40 0 3 0 47 250240 -1 -1 -1 -1 -1 -1)
#(2 203 2129 -1 -1 -1 -1 -1 -1 87 -1 -1 -1 -1 -1)
#(0 203 382 70 0 2 0 50 268993 -1 -1 -1 -1 -1 -1)
#(0 203 2407 25 0 0 0 52 274961 -1 -1 -1 -1 -1 -1)
#(0 203 396 67 0 3 0 53 280773 -1 -1 -1 -1 -1 -1)
#(0 203 1835 70 0 2 0 56 295967 -1 -1 -1 -1 -1 -1)
#(0 203 1181 61 0 3 0 60 316849 -1 -1 -1 -1 -1 -1)
#(0 203 1183 44 0 3 0 60 318439 -1 -1 -1 -1 -1 -1)
#(0 203 792 55 0 3 0 65 343736 -1 -1 -1 -1 -1 -1)
#(0 203 1192 67 0 2 0 92 486361 -1 -1 -1 -1 -1 -1)
#(0 203 1188 51 0 3 1 96 509258 -1 -1 -1 -1 -1 -1)
#(0 203 773 55 0 3 1 95 506255 -1 -1 -1 -1 -1 -1)
#(0 203 2124 32 0 2 1 94 499985 -1 -1 -1 -1 -1 -1)
#(0 203 1187 61 0 3 1 94 496971 -1 -1 -1 -1 -1 -1)
#(0 203 2126 31 0 3 1 93 494680 -1 -1 -1 -1 -1 -1)
#(0 203 2128 28 0 2 1 92 489450 -1 -1 -1 -1 -1 -1)
#(0 203 1171 61 0 2 1 91 481501 -1 -1 -1 -1 -1 -1)
#(0 203 1836 56 0 2 1 91 480914 -1 -1 -1 -1 -1 -1)
#(0 203 1527 56 0 3 1 90 479389 -1 -1 -1 -1 -1 -1)
#(0 203 1194 67 0 1 1 88 464967 -1 -1 -1 -1 -1 -1)
#(0 203 1190 56 0 3 1 87 460529 -1 -1 -1 -1 -1 -1)
#(0 203 786 61 0 1 1 86 457711 -1 -1 -1 -1 -1 -1)
#(0 203 1840 52 0 1 1 85 449983 -1 -1 -1 -1 -1 -1)
#(0 203 399 59 0 3 1 85 450549 -1 -1 -1 -1 -1 -1)
#(2 203 399 -1 -1 -1 -1 -1 -1 88 -1 -1 -1 -1 -1)
#(0 203 790 60 0 1 1 84 446860 -1 -1 -1 -1 -1 -1)
#(0 203 2405 23 0 0 1 80 427301 -1 -1 -1 -1 -1 -1)
#(0 203 1834 57 0 2 1 80 423305 -1 -1 -1 -1 -1 -1)
#(0 203 1529 69 0 2 1 79 419766 -1 -1 -1 -1 -1 -1)
#(0 203 2130 26 0 3 1 79 421018 -1 -1 -1 -1 -1 -1)
#(0 203 2125 30 0 2 1 78 415578 -1 -1 -1 -1 -1 -1)
#(0 203 1526 63 0 3 1 76 404814 -1 -1 -1 -1 -1 -1)
#(0 203 1180 62 0 1 1 73 385997 -1 -1 -1 -1 -1 -1)
#(0 203 785 68 0 1 1 71 378141 -1 -1 -1 -1 -1 -1)
#(0 203 787 51 0 2 1 71 375263 -1 -1 -1 -1 -1 -1)
#(0 203 2120 28 0 2 1 69 368102 -1 -1 -1 -1 -1 -1)
#(0 203 2131 34 0 2 1 60 320351 -1 -1 -1 -1 -1 -1)
#(0 203 1524 56 0 1 1 58 310700 -1 -1 -1 -1 -1 -1)
#(0 203 791 64 0 2 1 57 304467 -1 -1 -1 -1 -1 -1)
#(0 203 394 44 0 1 1 54 290196 -1 -1 -1 -1 -1 -1)
#(0 203 1839 44 0 2 1 54 287432 -1 -1 -1 -1 -1 -1)
#(0 203 1515 70 0 3 1 44 236002 -1 -1 -1 -1 -1 -1)
#(0 203 1185 62 0 2 1 42 222087 -1 -1 -1 -1 -1 -1)
#(0 203 392 62 0 2 1 38 201220 -1 -1 -1 -1 -1 -1)
#(0 203 2400 30 0 0 1 35 189569 -1 -1 -1 -1 -1 -1)
#(0 204 2415 20 0 0 0 1 5604 -1 -1 -1 -1 -1 -1)
#(0 204 2143 33 0 3 0 3 17598 -1 -1 -1 -1 -1 -1)
#(0 204 796 59 0 2 0 4 22881 -1 -1 -1 -1 -1 -1)
#(0 204 2142 20 0 3 0 5 27433 -1 -1 -1 -1 -1 -1)
#(0 204 2139 30 0 3 0 6 33217 -1 -1 -1 -1 -1 -1)
#(0 204 413 67 0 1 0 8 42453 -1 -1 -1 -1 -1 -1)
#(0 204 1850 59 0 3 0 8 46713 -1 -1 -1 -1 -1 -1)
#(0 204 401 52 0 2 0 8 46711 -1 -1 -1 -1 -1 -1)
#(0 204 2411 26 0 0 0 11 58499 -1 -1 -1 -1 -1 -1)
#(0 204 799 55 0 2 0 12 68547 -1 -1 -1 -1 -1 -1)
#(0 204 1542 62 0 1 0 17 91746 -1 -1 -1 -1 -1 -1)
#(0 204 802 51 0 2 0 19 105446 -1 -1 -1 -1 -1 -1)
#(0 204 1851 75 0 1 0 20 106150 -1 -1 -1 -1 -1 -1)
#(0 204 2135 23 0 3 0 23 122630 -1 -1 -1 -1 -1 -1)
#(0 204 1848 59 0 2 0 25 136367 -1 -1 -1 -1 -1 -1)
#(0 204 2413 26 0 0 0 27 142989 -1 -1 -1 -1 -1 -1)
#(0 204 405 44 0 2 0 30 158455 -1 -1 -1 -1 -1 -1)
#(0 204 1525 59 0 3 0 30 159969 -1 -1 -1 -1 -1 -1)
#(0 204 2410 30 0 0 0 32 169479 -1 -1 -1 -1 -1 -1)
#(0 204 2134 27 0 2 0 33 175633 -1 -1 -1 -1 -1 -1)
#(0 204 1846 67 0 2 0 33 179445 -1 -1 -1 -1 -1 -1)
#(0 204 2132 29 0 2 0 34 181089 -1 -1 -1 -1 -1 -1)
#(0 204 1202 54 0 2 0 36 193511 -1 -1 -1 -1 -1 -1)
#(0 204 795 62 0 2 0 36 192947 -1 -1 -1 -1 -1 -1)
#(0 204 1195 44 0 2 0 38 202259 -1 -1 -1 -1 -1 -1)
#(0 204 1198 63 0 2 0 40 216194 -1 -1 -1 -1 -1 -1)
#(0 204 2138 41 0 1 0 41 218674 -1 -1 -1 -1 -1 -1)
#(0 204 1534 57 0 1 0 43 229337 -1 -1 -1 -1 -1 -1)
#(0 204 414 66 0 3 0 48 255309 -1 -1 -1 -1 -1 -1)
#(0 204 2136 39 0 2 0 53 281838 -1 -1 -1 -1 -1 -1)
#(0 204 1193 75 0 2 0 60 318457 -1 -1 -1 -1 -1 -1)
#(0 204 1536 63 0 2 0 62 330823 -1 -1 -1 -1 -1 -1)
#(0 204 411 59 0 2 0 64 342282 -1 -1 -1 -1 -1 -1)
#(0 204 400 57 0 4 0 66 353440 -1 -1 -1 -1 -1 -1)
#(0 204 1845 53 0 2 0 68 363075 -1 -1 -1 -1 -1 -1)
#(0 204 806 57 0 1 0 74 392017 -1 -1 -1 -1 -1 -1)
#(0 204 407 32 0 4 0 79 421902 -1 -1 -1 -1 -1 -1)
#(0 204 1844 42 0 3 1 93 493450 -1 -1 -1 -1 -1 -1)
#(0 204 403 57 0 1 1 91 482201 -1 -1 -1 -1 -1 -1)
#(0 204 800 51 0 2 1 91 480780 -1 -1 -1 -1 -1 -1)
#(0 204 803 56 0 2 1 89 474341 -1 -1 -1 -1 -1 -1)
#(0 204 2141 39 0 3 1 89 473145 -1 -1 -1 -1 -1 -1)
#(0 204 1541 57 0 1 1 89 473981 -1 -1 -1 -1 -1 -1)
#(0 204 1533 44 0 3 1 89 470318 -1 -1 -1 -1 -1 -1)
#(0 204 2409 20 0 0 1 86 459026 -1 -1 -1 -1 -1 -1)
#(0 204 798 59 0 2 1 86 457797 -1 -1 -1 -1 -1 -1)
#(0 204 409 44 0 2 1 84 448573 -1 -1 -1 -1 -1 -1)
#(0 204 1197 54 0 3 1 83 438311 -1 -1 -1 -1 -1 -1)
#(0 204 1849 65 0 1 1 81 427932 -1 -1 -1 -1 -1 -1)
#(0 204 804 51 0 2 1 80 425022 -1 -1 -1 -1 -1 -1)
#(0 204 404 64 0 1 1 78 416867 -1 -1 -1 -1 -1 -1)
#(0 204 2416 28 0 0 1 77 411382 -1 -1 -1 -1 -1 -1)
#(0 204 1531 51 0 2 1 77 411246 -1 -1 -1 -1 -1 -1)
#(0 204 2417 27 0 0 1 74 395560 -1 -1 -1 -1 -1 -1)
#(0 204 1843 53 0 1 1 74 392064 -1 -1 -1 -1 -1 -1)
#(0 204 1852 67 0 2 1 72 385423 -1 -1 -1 -1 -1 -1)
#(0 204 2133 44 0 1 1 67 356636 -1 -1 -1 -1 -1 -1)
#(0 204 1200 63 0 2 1 67 354176 -1 -1 -1 -1 -1 -1)
#(0 204 2140 37 0 2 1 65 346554 -1 -1 -1 -1 -1 -1)
#(0 204 1538 51 0 1 1 61 326779 -1 -1 -1 -1 -1 -1)
#(0 204 2412 23 0 0 1 58 311135 -1 -1 -1 -1 -1 -1)
#(0 204 1199 55 0 3 1 57 302741 -1 -1 -1 -1 -1 -1)
#(0 204 402 54 0 2 1 52 277043 -1 -1 -1 -1 -1 -1)
#(0 204 2137 27 0 2 1 52 278446 -1 -1 -1 -1 -1 -1)
#(0 204 797 56 0 3 1 48 257590 -1 -1 -1 -1 -1 -1)
#(0 204 2418 20 0 0 1 47 253121 -1 -1 -1 -1 -1 -1)
#(0 204 1847 44 0 2 1 46 245185 -1 -1 -1 -1 -1 -1)
#(0 204 1532 59 0 1 1 39 209891 -1 -1 -1 -1 -1 -1)
#(0 204 412 55 0 2 1 32 171185 -1 -1 -1 -1 -1 -1)
#(0 204 1196 62 0 1 1 29 153658 -1 -1 -1 -1 -1 -1)
#(0 204 2414 28 0 0 1 20 110417 -1 -1 -1 -1 -1 -1)
#(0 204 1537 57 0 3 1 20 109405 -1 -1 -1 -1 -1 -1)
#(0 205 1853 52 0 2 0 1 8878 -1 -1 -1 -1 -1 -1)
#(0 205 2419 25 0 0 0 3 16260 -1 -1 -1 -1 -1 -1)
#(0 205 415 58 0 2 0 4 25146 -1 -1 -1 -1 -1 -1)
#(0 205 821 62 0 2 0 9 51007 -1 -1 -1 -1 -1 -1)
#(0 205 1546 63 0 3 0 9 50128 -1 -1 -1 -1 -1 -1)
#(0 205 1212 56 0 2 0 10 55976 -1 -1 -1 -1 -1 -1)
#(0 205 1545 61 0 2 0 11 60358 -1 -1 -1 -1 -1 -1)
#(0 205 2147 33 0 2 0 11 59801 -1 -1 -1 -1 -1 -1)
#(0 205 811 61 0 2 0 13 69270 -1 -1 -1 -1 -1 -1)
#(0 205 406 57 0 3 0 14 74238 -1 -1 -1 -1 -1 -1)
#(0 205 418 44 0 3 0 16 84676 -1 -1 -1 -1 -1 -1)
#(0 205 1549 56 0 2 0 16 86345 -1 -1 -1 -1 -1 -1)
#(0 205 431 62 0 2 0 18 99731 -1 -1 -1 -1 -1 -1)
#(0 205 423 59 0 3 0 19 104527 -1 -1 -1 -1 -1 -1)
#(0 205 817 44 0 1 0 19 103709 -1 -1 -1 -1 -1 -1)
#(0 205 1856 55 0 1 0 22 120153 -1 -1 -1 -1 -1 -1)
#(0 205 422 58 0 2 0 26 137543 -1 -1 -1 -1 -1 -1)
#(0 205 2424 25 0 0 0 27 142974 -1 -1 -1 -1 -1 -1)
#(0 205 1535 63 0 1 0 28 149663 -1 -1 -1 -1 -1 -1)
#(0 205 1209 72 0 1 0 29 154771 -1 -1 -1 -1 -1 -1)
#(0 205 1205 44 0 2 0 29 154733 -1 -1 -1 -1 -1 -1)
#(0 205 1539 50 0 3 0 30 158798 -1 -1 -1 -1 -1 -1)
#(0 205 1858 59 0 2 0 31 168199 -1 -1 -1 -1 -1 -1)
#(0 205 1558 55 0 1 0 32 170078 -1 -1 -1 -1 -1 -1)
#(0 205 1854 51 0 3 0 35 188516 -1 -1 -1 -1 -1 -1)
#(0 205 420 58 0 2 0 35 189484 -1 -1 -1 -1 -1 -1)
#(0 205 805 57 0 2 0 36 190668 -1 -1 -1 -1 -1 -1)
#(0 205 2425 32 0 0 0 37 195882 -1 -1 -1 -1 -1 -1)
#(0 205 809 70 0 1 0 43 228213 -1 -1 -1 -1 -1 -1)
#(0 205 813 63 0 1 0 44 234361 -1 -1 -1 -1 -1 -1)
#(0 205 430 57 0 4 0 48 257881 -1 -1 -1 -1 -1 -1)
#(0 205 2145 28 0 2 0 48 254895 -1 -1 -1 -1 -1 -1)
#(0 205 1855 61 0 2 0 50 268364 -1 -1 -1 -1 -1 -1)
#(0 205 2423 34 0 0 0 56 296265 -1 -1 -1 -1 -1 -1)
#(0 205 1551 57 0 2 0 56 297124 -1 -1 -1 -1 -1 -1)
#(0 205 1860 62 0 1 0 60 321580 -1 -1 -1 -1 -1 -1)
#(0 205 2146 21 0 3 0 67 354814 -1 -1 -1 -1 -1 -1)
#(0 205 1547 44 0 1 0 69 369164 -1 -1 -1 -1 -1 -1)
#(0 205 1560 55 0 1 1 97 516247 -1 -1 -1 -1 -1 -1)
#(0 205 810 59 0 2 1 96 510499 -1 -1 -1 -1 -1 -1)
#(0 205 1556 62 0 2 1 95 504699 -1 -1 -1 -1 -1 -1)
#(0 205 2148 30 0 2 1 94 500036 -1 -1 -1 -1 -1 -1)
#(0 205 801 44 0 2 1 91 482217 -1 -1 -1 -1 -1 -1)
#(0 205 1204 44 0 2 1 91 483246 -1 -1 -1 -1 -1 -1)
#(0 205 417 44 0 2 1 89 475055 -1 -1 -1 -1 -1 -1)
#(0 205 1207 54 0 2 1 89 472446 -1 -1 -1 -1 -1 -1)
#(0 205 1544 44 0 2 1 89 470491 -1 -1 -1 -1 -1 -1)
#(0 205 1201 64 0 3 1 88 465371 -1 -1 -1 -1 -1 -1)
#(0 205 425 58 0 2 1 86 459223 -1 -1 -1 -1 -1 -1)
#(0 205 1211 44 0 1 1 83 441997 -1 -1 -1 -1 -1 -1)
#(0 205 2422 20 0 0 1 80 427349 -1 -1 -1 -1 -1 -1)
#(0 205 1859 59 0 2 1 80 423266 -1 -1 -1 -1 -1 -1)
#(0 205 1210 70 0 2 1 79 421524 -1 -1 -1 -1 -1 -1)
#(0 205 427 62 0 2 1 79 422311 -1 -1 -1 -1 -1 -1)
#(0 205 410 66 0 2 1 78 416817 -1 -1 -1 -1 -1 -1)
#(0 205 1206 54 0 3 1 78 412125 -1 -1 -1 -1 -1 -1)
#(0 205 416 64 0 1 1 76 405510 -1 -1 -1 -1 -1 -1)
#(0 205 1559 61 0 1 1 75 399820 -1 -1 -1 -1 -1 -1)
#(0 205 419 54 0 2 1 74 393021 -1 -1 -1 -1 -1 -1)
#(0 205 1548 62 0 1 1 74 393286 -1 -1 -1 -1 -1 -1)
#(0 205 814 73 0 1 1 68 359591 -1 -1 -1 -1 -1 -1)
#(0 205 815 59 0 3 1 67 356818 -1 -1 -1 -1 -1 -1)
#(0 205 818 50 0 1 1 66 348745 -1 -1 -1 -1 -1 -1)
#(0 205 421 57 0 2 1 63 335926 -1 -1 -1 -1 -1 -1)
#(0 205 2149 19 0 0 1 62 331651 -1 -1 -1 -1 -1 -1)
#(0 205 1543 44 0 1 1 62 327837 -1 -1 -1 -1 -1 -1)
#(0 205 429 62 0 1 1 60 317374 -1 -1 -1 -1 -1 -1)
#(0 205 2144 21 0 2 1 56 299894 -1 -1 -1 -1 -1 -1)
#(0 205 819 57 0 2 1 55 294468 -1 -1 -1 -1 -1 -1)
#(0 205 812 62 0 2 1 54 288429 -1 -1 -1 -1 -1 -1)
#(0 205 408 61 0 1 1 54 285206 -1 -1 -1 -1 -1 -1)
#(0 205 822 55 0 1 1 52 278439 -1 -1 -1 -1 -1 -1)
#(0 205 1550 64 0 3 1 50 267142 -1 -1 -1 -1 -1 -1)
#(0 205 2420 23 0 0 1 46 247768 -1 -1 -1 -1 -1 -1)
#(0 205 2150 43 0 2 1 46 245904 -1 -1 -1 -1 -1 -1)
#(0 205 1553 59 0 2 1 44 236896 -1 -1 -1 -1 -1 -1)
#(0 205 2421 34 0 0 1 43 231727 -1 -1 -1 -1 -1 -1)
#(0 205 816 59 0 1 1 37 198517 -1 -1 -1 -1 -1 -1)
#(0 205 1203 63 0 1 1 35 190058 -1 -1 -1 -1 -1 -1)
#(0 205 823 44 0 1 1 30 160187 -1 -1 -1 -1 -1 -1)
#(0 205 1208 75 0 3 1 14 77033 -1 -1 -1 -1 -1 -1)
#(0 206 2426 19 0 0 0 1 5586 -1 -1 -1 -1 -1 -1)
#(0 206 1857 59 0 1 0 1 9009 -1 -1 -1 -1 -1 -1)
#(0 206 1869 60 0 2 0 3 20066 -1 -1 -1 -1 -1 -1)
#(0 206 1563 53 0 3 0 3 17231 -1 -1 -1 -1 -1 -1)
#(0 206 2433 26 0 0 0 4 21545 -1 -1 -1 -1 -1 -1)
#(0 206 1221 51 0 3 0 7 39822 -1 -1 -1 -1 -1 -1)
#(0 206 2431 29 0 0 0 9 48009 -1 -1 -1 -1 -1 -1)
#(0 206 2153 30 0 2 0 9 49070 -1 -1 -1 -1 -1 -1)
#(0 206 438 55 0 3 0 10 56490 -1 -1 -1 -1 -1 -1)
#(0 206 1552 53 0 2 0 11 59188 -1 -1 -1 -1 -1 -1)
#(0 206 1214 60 0 2 0 15 84381 -1 -1 -1 -1 -1 -1)
#(0 206 1555 49 0 2 0 16 85868 -1 -1 -1 -1 -1 -1)
#(0 206 1865 43 0 1 0 17 92656 -1 -1 -1 -1 -1 -1)
#(0 206 1220 64 0 2 0 19 105018 -1 -1 -1 -1 -1 -1)
#(0 206 2430 20 0 0 0 20 105938 -1 -1 -1 -1 -1 -1)
#(0 206 426 67 0 1 0 20 105878 -1 -1 -1 -1 -1 -1)
#(0 206 443 70 0 1 0 22 119038 -1 -1 -1 -1 -1 -1)
#(0 206 1561 59 0 3 0 23 123281 -1 -1 -1 -1 -1 -1)
#(0 206 834 56 0 3 0 23 122616 -1 -1 -1 -1 -1 -1)
#(0 206 1227 58 0 1 0 24 130814 -1 -1 -1 -1 -1 -1)
#(0 206 1572 44 0 2 0 24 131585 -1 -1 -1 -1 -1 -1)
#(0 206 1867 53 0 3 0 25 135850 -1 -1 -1 -1 -1 -1)
#(0 206 832 57 0 1 0 25 133141 -1 -1 -1 -1 -1 -1)
#(0 206 1216 51 0 2 0 26 139721 -1 -1 -1 -1 -1 -1)
#(0 206 2155 33 0 2 0 26 139060 -1 -1 -1 -1 -1 -1)
#(0 206 827 52 0 2 0 26 139006 -1 -1 -1 -1 -1 -1)
#(0 206 1866 49 0 2 0 27 146035 -1 -1 -1 -1 -1 -1)
#(0 206 1565 75 0 3 0 28 151018 -1 -1 -1 -1 -1 -1)
#(0 206 828 44 0 3 0 30 161958 -1 -1 -1 -1 -1 -1)
#(0 206 432 64 0 2 0 33 174518 -1 -1 -1 -1 -1 -1)
#(0 206 433 59 0 2 0 34 183809 -1 -1 -1 -1 -1 -1)
#(0 206 807 51 0 3 0 35 189816 -1 -1 -1 -1 -1 -1)
#(0 206 2152 25 0 3 0 42 223095 -1 -1 -1 -1 -1 -1)
#(0 206 1861 42 0 2 0 43 229914 -1 -1 -1 -1 -1 -1)
#(0 206 833 49 0 1 0 44 232935 -1 -1 -1 -1 -1 -1)
#(0 206 1229 44 0 2 0 44 233915 -1 -1 -1 -1 -1 -1)
#(0 206 1569 53 0 2 0 44 233675 -1 -1 -1 -1 -1 -1)
#(0 206 435 75 0 3 0 46 243619 -1 -1 -1 -1 -1 -1)
#(0 206 2156 25 0 2 0 46 244264 -1 -1 -1 -1 -1 -1)
#(0 206 1223 69 0 2 0 46 247827 -1 -1 -1 -1 -1 -1)
#(0 206 434 51 0 2 0 50 265297 -1 -1 -1 -1 -1 -1)
#(0 206 2151 45 0 1 0 58 308647 -1 -1 -1 -1 -1 -1)
#(0 206 1566 69 0 3 0 59 315235 -1 -1 -1 -1 -1 -1)
#(0 206 424 64 0 2 0 80 426439 -1 -1 -1 -1 -1 -1)
#(0 206 2428 32 0 0 1 94 501056 -1 -1 -1 -1 -1 -1)
#(0 206 1228 63 0 1 1 94 497069 -1 -1 -1 -1 -1 -1)
#(0 206 825 44 0 3 1 93 492735 -1 -1 -1 -1 -1 -1)
#(0 206 2434 29 0 0 1 92 490570 -1 -1 -1 -1 -1 -1)
#(0 206 1224 57 0 1 1 92 487555 -1 -1 -1 -1 -1 -1)
#(0 206 2429 32 0 0 1 90 479936 -1 -1 -1 -1 -1 -1)
#(0 206 442 57 0 2 1 90 475433 -1 -1 -1 -1 -1 -1)
#(0 206 2157 34 0 2 1 87 462858 -1 -1 -1 -1 -1 -1)
#(0 206 440 55 0 1 1 87 460341 -1 -1 -1 -1 -1 -1)
#(0 206 1562 59 0 2 1 84 446940 -1 -1 -1 -1 -1 -1)
#(0 206 1571 53 0 1 1 83 442398 -1 -1 -1 -1 -1 -1)
#(0 206 1570 68 0 2 1 82 436467 -1 -1 -1 -1 -1 -1)
#(0 206 1225 51 0 1 1 80 424804 -1 -1 -1 -1 -1 -1)
#(0 206 1226 59 0 2 1 78 412964 -1 -1 -1 -1 -1 -1)
#(2 206 1226 -1 -1 -1 -1 -1 -1 89 -1 -1 -1 -1 -1)
#(0 206 1568 51 0 1 1 77 411640 -1 -1 -1 -1 -1 -1)
#(0 206 428 62 0 1 1 77 406722 -1 -1 -1 -1 -1 -1)
#(0 206 826 57 0 2 1 75 399575 -1 -1 -1 -1 -1 -1)
#(0 206 830 44 0 2 1 72 381872 -1 -1 -1 -1 -1 -1)
#(0 206 2154 31 0 2 1 69 367974 -1 -1 -1 -1 -1 -1)
#(0 206 1564 58 0 1 1 67 356983 -1 -1 -1 -1 -1 -1)
#(0 206 831 51 0 3 1 67 354014 -1 -1 -1 -1 -1 -1)
#(0 206 1567 52 0 1 1 65 347263 -1 -1 -1 -1 -1 -1)
#(0 206 824 51 0 2 1 63 332873 -1 -1 -1 -1 -1 -1)
#(0 206 2432 25 0 0 1 58 311107 -1 -1 -1 -1 -1 -1)
#(0 206 1863 57 0 3 1 57 301956 -1 -1 -1 -1 -1 -1)
#(0 206 1215 54 0 2 1 56 297480 -1 -1 -1 -1 -1 -1)
#(0 206 1864 68 0 1 1 45 237677 -1 -1 -1 -1 -1 -1)
#(0 206 1862 62 0 3 1 44 232748 -1 -1 -1 -1 -1 -1)
#(0 206 1213 64 0 3 1 35 186317 -1 -1 -1 -1 -1 -1)
#(0 206 1218 55 0 3 1 33 175942 -1 -1 -1 -1 -1 -1)
#(0 206 1222 44 0 3 1 32 172713 -1 -1 -1 -1 -1 -1)
#(0 206 1217 44 0 2 1 25 135738 -1 -1 -1 -1 -1 -1)
#(0 207 1233 67 0 1 0 1 10308 -1 -1 -1 -1 -1 -1)
#(0 207 2441 23 0 0 0 2 10921 -1 -1 -1 -1 -1 -1)
#(0 207 2163 21 0 2 0 5 27484 -1 -1 -1 -1 -1 -1)
#(0 207 2166 27 0 2 0 6 33053 -1 -1 -1 -1 -1 -1)
#(0 207 1872 49 0 3 0 12 67000 -1 -1 -1 -1 -1 -1)
#(0 207 1576 48 0 3 0 12 64930 -1 -1 -1 -1 -1 -1)
#(0 207 2159 44 0 1 0 13 70981 -1 -1 -1 -1 -1 -1)
#(0 207 1577 53 0 1 0 14 74904 -1 -1 -1 -1 -1 -1)
#(0 207 1236 65 0 1 0 14 74345 -1 -1 -1 -1 -1 -1)
#(0 207 446 57 0 2 0 14 77328 -1 -1 -1 -1 -1 -1)
#(0 207 1231 56 0 2 0 14 78496 -1 -1 -1 -1 -1 -1)
#(0 207 1575 40 0 2 0 15 79362 -1 -1 -1 -1 -1 -1)
#(0 207 1873 57 0 3 0 15 83476 -1 -1 -1 -1 -1 -1)
#(0 207 2168 33 0 2 0 15 80986 -1 -1 -1 -1 -1 -1)
#(0 207 1219 60 0 1 0 16 84489 -1 -1 -1 -1 -1 -1)
#(0 207 1557 62 0 2 0 16 86263 -1 -1 -1 -1 -1 -1)
#(0 207 455 50 0 2 0 17 92506 -1 -1 -1 -1 -1 -1)
#(0 207 1232 63 0 4 0 21 115963 -1 -1 -1 -1 -1 -1)
#(0 207 2161 33 0 2 0 21 112608 -1 -1 -1 -1 -1 -1)
#(0 207 1230 57 0 3 0 22 119908 -1 -1 -1 -1 -1 -1)
#(0 207 444 56 0 2 0 29 157098 -1 -1 -1 -1 -1 -1)
#(0 207 456 62 0 2 0 31 168008 -1 -1 -1 -1 -1 -1)
#(0 207 2439 28 0 0 0 32 169421 -1 -1 -1 -1 -1 -1)
#(0 207 841 75 0 3 0 34 182858 -1 -1 -1 -1 -1 -1)
#(0 207 441 54 0 3 0 34 182318 -1 -1 -1 -1 -1 -1)
#(0 207 2437 23 0 0 0 44 232707 -1 -1 -1 -1 -1 -1)
#(0 207 2435 20 0 0 0 48 253778 -1 -1 -1 -1 -1 -1)
#(0 207 436 62 0 1 0 48 257994 -1 -1 -1 -1 -1 -1)
#(0 207 843 44 0 2 0 57 304471 -1 -1 -1 -1 -1 -1)
#(0 207 2164 50 0 3 0 57 303520 -1 -1 -1 -1 -1 -1)
#(0 207 458 62 0 2 0 62 332023 -1 -1 -1 -1 -1 -1)
#(0 207 842 64 0 2 0 64 340705 -1 -1 -1 -1 -1 -1)
#(0 207 457 44 0 1 0 67 353936 -1 -1 -1 -1 -1 -1)
#(0 207 2436 32 0 0 0 69 364864 -1 -1 -1 -1 -1 -1)
#(0 207 1238 51 0 1 0 78 414738 -1 -1 -1 -1 -1 -1)
#(0 207 2438 25 0 0 0 79 417532 -1 -1 -1 -1 -1 -1)
#(0 207 2158 21 0 3 1 97 516377 -1 -1 -1 -1 -1 -1)
#(0 207 2162 30 0 2 1 94 500029 -1 -1 -1 -1 -1 -1)
#(0 207 447 44 0 1 1 92 490805 -1 -1 -1 -1 -1 -1)
#(0 207 1870 44 0 3 1 91 482814 -1 -1 -1 -1 -1 -1)
#(0 207 1574 54 0 3 1 91 484707 -1 -1 -1 -1 -1 -1)
#(0 207 820 50 0 3 1 90 479957 -1 -1 -1 -1 -1 -1)
#(0 207 1237 55 0 1 1 90 475662 -1 -1 -1 -1 -1 -1)
#(0 207 1554 57 0 3 1 88 469517 -1 -1 -1 -1 -1 -1)
#(0 207 1876 44 0 2 1 88 466990 -1 -1 -1 -1 -1 -1)
#(0 207 1235 60 0 2 1 87 460478 -1 -1 -1 -1 -1 -1)
#(0 207 1573 53 0 2 1 87 463276 -1 -1 -1 -1 -1 -1)
#(0 207 459 58 0 2 1 86 454571 -1 -1 -1 -1 -1 -1)
#(0 207 1874 57 0 2 1 84 444587 -1 -1 -1 -1 -1 -1)
#(0 207 2427 18 0 0 1 80 427385 -1 -1 -1 -1 -1 -1)
#(0 207 1868 53 0 1 1 80 423459 -1 -1 -1 -1 -1 -1)
#(0 207 2160 31 0 2 1 75 399666 -1 -1 -1 -1 -1 -1)
#(0 207 2167 28 0 2 1 74 394570 -1 -1 -1 -1 -1 -1)
#(0 207 2440 20 0 0 1 71 379840 -1 -1 -1 -1 -1 -1)
#(0 207 840 52 0 3 1 65 347315 -1 -1 -1 -1 -1 -1)
#(0 207 449 62 0 2 1 64 338454 -1 -1 -1 -1 -1 -1)
#(0 207 1871 51 0 2 1 63 334205 -1 -1 -1 -1 -1 -1)
#(0 207 1240 44 0 1 1 63 336408 -1 -1 -1 -1 -1 -1)
#(0 207 454 57 0 1 1 58 307794 -1 -1 -1 -1 -1 -1)
#(0 207 445 30 0 4 1 54 285577 -1 -1 -1 -1 -1 -1)
#(0 207 2165 24 0 2 1 54 289034 -1 -1 -1 -1 -1 -1)
#(0 207 2442 23 0 0 1 44 237234 -1 -1 -1 -1 -1 -1)
#(0 207 448 61 0 3 1 43 231807 -1 -1 -1 -1 -1 -1)
#(0 207 450 59 0 2 1 40 212098 -1 -1 -1 -1 -1 -1)
#(0 207 835 64 0 3 1 37 197260 -1 -1 -1 -1 -1 -1)
#(0 207 1239 59 0 1 1 27 143392 -1 -1 -1 -1 -1 -1)
#(0 208 1878 51 0 2 0 0 3583 -1 -1 -1 -1 -1 -1)
#(0 208 847 51 0 1 0 2 15721 -1 -1 -1 -1 -1 -1)
#(0 208 2444 27 0 0 0 3 16304 -1 -1 -1 -1 -1 -1)
#(0 208 1249 64 0 2 0 5 26576 -1 -1 -1 -1 -1 -1)
#(0 208 2451 20 0 0 0 6 31995 -1 -1 -1 -1 -1 -1)
#(0 208 1243 60 0 2 0 6 36242 -1 -1 -1 -1 -1 -1)
#(0 208 1886 54 0 2 0 7 40981 -1 -1 -1 -1 -1 -1)
#(0 208 2172 38 0 1 0 7 38959 -1 -1 -1 -1 -1 -1)
#(0 208 857 54 0 3 0 12 68636 -1 -1 -1 -1 -1 -1)
#(0 208 1579 49 0 3 0 13 69347 -1 -1 -1 -1 -1 -1)
#(0 208 1234 51 0 1 0 14 76724 -1 -1 -1 -1 -1 -1)
#(0 208 1250 55 0 3 0 15 82663 -1 -1 -1 -1 -1 -1)
#(4 208 1250 -1 0 -1 -1 -1 -1 90 0 0 0 0 -1)
#(0 208 2169 43 0 3 0 16 86763 -1 -1 -1 -1 -1 -1)
#(0 208 2443 27 0 0 0 17 90218 -1 -1 -1 -1 -1 -1)
#(0 208 1248 54 0 1 0 17 93273 -1 -1 -1 -1 -1 -1)
#(0 208 1883 47 0 3 0 17 92878 -1 -1 -1 -1 -1 -1)
#(0 208 439 58 0 3 0 19 104080 -1 -1 -1 -1 -1 -1)
#(0 208 851 44 0 1 0 20 109100 -1 -1 -1 -1 -1 -1)
#(0 208 1242 60 0 2 0 20 110187 -1 -1 -1 -1 -1 -1)
#(0 208 1585 63 0 3 0 21 113596 -1 -1 -1 -1 -1 -1)
#(0 208 1879 43 0 3 0 23 124353 -1 -1 -1 -1 -1 -1)
#(0 208 837 67 0 3 0 25 133816 -1 -1 -1 -1 -1 -1)
#(0 208 464 48 0 2 0 28 149854 -1 -1 -1 -1 -1 -1)
#(0 208 1246 62 0 2 0 29 156230 -1 -1 -1 -1 -1 -1)
#(0 208 475 51 0 3 0 32 170972 -1 -1 -1 -1 -1 -1)
#(0 208 854 57 0 2 0 32 169993 -1 -1 -1 -1 -1 -1)
#(0 208 1247 59 0 2 0 38 204620 -1 -1 -1 -1 -1 -1)
#(0 208 1241 61 0 2 0 46 247289 -1 -1 -1 -1 -1 -1)
#(0 208 2171 41 0 3 0 47 250307 -1 -1 -1 -1 -1 -1)
#(0 208 2175 37 0 1 0 55 292346 -1 -1 -1 -1 -1 -1)
#(0 208 2173 40 0 2 0 58 308254 -1 -1 -1 -1 -1 -1)
#(0 208 2446 30 0 0 0 59 312024 -1 -1 -1 -1 -1 -1)
#(0 208 463 59 0 2 0 59 315966 -1 -1 -1 -1 -1 -1)
#(0 208 845 57 0 3 0 61 323805 -1 -1 -1 -1 -1 -1)
#(0 208 472 55 0 1 0 73 388329 -1 -1 -1 -1 -1 -1)
#(0 208 2170 31 0 1 0 80 424062 -1 -1 -1 -1 -1 -1)
#(0 208 471 75 0 2 0 83 441774 -1 -1 -1 -1 -1 -1)
#(0 208 2176 43 0 1 1 98 520496 -1 -1 -1 -1 -1 -1)
#(0 208 1580 51 0 1 1 97 516816 -1 -1 -1 -1 -1 -1)
#(0 208 460 54 0 3 1 97 514931 -1 -1 -1 -1 -1 -1)
#(0 208 462 51 0 2 1 96 510155 -1 -1 -1 -1 -1 -1)
#(0 208 853 57 0 1 1 95 505826 -1 -1 -1 -1 -1 -1)
#(0 208 468 67 0 3 1 93 495690 -1 -1 -1 -1 -1 -1)
#(0 208 1877 54 0 2 1 89 471131 -1 -1 -1 -1 -1 -1)
#(0 208 1881 50 0 2 1 85 450360 -1 -1 -1 -1 -1 -1)
#(0 208 467 53 0 3 1 85 451567 -1 -1 -1 -1 -1 -1)
#(0 208 474 61 0 1 1 84 445351 -1 -1 -1 -1 -1 -1)
#(0 208 1578 52 0 3 1 83 442351 -1 -1 -1 -1 -1 -1)
#(0 208 465 57 0 3 1 78 413318 -1 -1 -1 -1 -1 -1)
#(0 208 850 53 0 3 1 75 400710 -1 -1 -1 -1 -1 -1)
#(0 208 1245 65 0 2 1 75 400790 -1 -1 -1 -1 -1 -1)
#(0 208 844 64 0 2 1 71 378897 -1 -1 -1 -1 -1 -1)
#(0 208 1583 63 0 2 1 67 356556 -1 -1 -1 -1 -1 -1)
#(0 208 839 61 0 3 1 66 351154 -1 -1 -1 -1 -1 -1)
#(0 208 1584 54 0 2 1 65 347559 -1 -1 -1 -1 -1 -1)
#(0 208 2174 33 0 3 1 64 341476 -1 -1 -1 -1 -1 -1)
#(0 208 2448 20 0 0 1 57 305916 -1 -1 -1 -1 -1 -1)
#(0 208 1882 55 0 2 1 56 297022 -1 -1 -1 -1 -1 -1)
#(0 208 2445 30 0 0 1 55 295169 -1 -1 -1 -1 -1 -1)
#(0 208 848 64 0 1 1 55 293483 -1 -1 -1 -1 -1 -1)
#(0 208 469 51 0 1 1 54 288717 -1 -1 -1 -1 -1 -1)
#(0 208 461 59 0 2 1 53 281980 -1 -1 -1 -1 -1 -1)
#(0 208 849 66 0 2 1 53 282226 -1 -1 -1 -1 -1 -1)
#(0 208 1581 58 0 2 1 47 251636 -1 -1 -1 -1 -1 -1)
#(0 208 2447 34 0 0 1 43 231754 -1 -1 -1 -1 -1 -1)
#(0 208 453 62 0 2 1 43 231847 -1 -1 -1 -1 -1 -1)
#(0 208 2449 30 0 0 1 41 221256 -1 -1 -1 -1 -1 -1)
#(0 208 1880 57 0 2 1 40 212306 -1 -1 -1 -1 -1 -1)
#(0 208 466 56 0 1 1 37 197157 -1 -1 -1 -1 -1 -1)
#(0 208 1244 59 0 2 1 37 196244 -1 -1 -1 -1 -1 -1)
#(0 208 1884 57 0 2 1 31 164702 -1 -1 -1 -1 -1 -1)
#(0 208 473 70 0 2 1 26 137492 -1 -1 -1 -1 -1 -1)
#(0 208 852 70 0 2 1 25 133388 -1 -1 -1 -1 -1 -1)
#(0 209 1594 51 0 1 0 3 16460 -1 -1 -1 -1 -1 -1)
