10,1825560.0,0.09924,0.10514,0.109649,1.6621
11,1825560.0,0.00692768,0.126828,0.167305
10,1825560.0,0.09924,0.10514,0.10957,1.66167
11,1825560.0,0.00639,0.128201,0.173302
10,1825560.0,0.09924,0.105376,0.10957,1.6666
12,1825560.0
11,1825560.0,0.00639,0.128658,0.175301
10,1825560.0,0.09924,0.10514,0.10957,1.677
11,1825560.0,0.00639,0.128429,0.170504
10,1825560.0,0.09924,0.10514,0.10957,1.69012
11,1825560.0,0.00650522,0.127286,0.166906
10,1825560.0,0.09924,0.10514,0.109688,1.70219
11,1825560.0,0.00639,0.127972,0.171703
10,1825560.0,0.09924,0.105179,0.10957,1.71154
11,1825560.0,0.00715812,0.127286,0.165706
10,1825570.0,0.09924,0.10514,0.10957,1.71492
11,1825570.0,0.00642841,0.128658,0.170104
10,1825570.0,0.09924,0.105455,0.10957,1.71325
11,1825570.0,0.00639,0.128658,0.166106
10,1825570.0,0.09924,0.10514,0.10957,1.70661
11,1825570.0,0.00639,0.127286,0.166106
-1930424573.0,1825570.0,11.6771,138,35,0,0,0,1,1
-1930424829.0,1825570.0,0,0,0,0
10,1825570.0,0.09924,0.10514,0.109767,1.69536
11,1825570.0,0.00639,0.128201,0.171303
10,1825570.0,0.09924,0.10514,0.10957,1.68329
11,1825570.0,0.00639,0.127972,0.168505
10,1825570.0,0.09924,0.105533,0.10957,1.67487
11,1825570.0,0.00639,0.126599,0.160509
10,1825570.0,0.09924,0.10514,0.10957,1.66885
11,1825570.0,0.00639,0.128201,0.169704
10,1825570.0,0.09924,0.10514,0.109806,1.66532
11,1825570.0,0.00639,0.128429,0.172902
10,1825570.0,0.09924,0.105415,0.10957,1.66326
11,1825570.0,0.00639,0.128658,0.163308
10,1825570.0,0.09924,0.105337,0.109806,1.66691
11,1825570.0,0.00700449,0.127743,0.164907
10,1825580.0,0.09924,0.105297,0.109885,1.67479
11,1825580.0,0.00646681,0.127057,0.173302
10,1825580.0,0.09924,0.105455,0.109846,1.68589
11,1825580.0,0.00639,0.127743,0.174501
10,1825580.0,0.09924,0.105612,0.109767,1.69823
11,1825580.0,0.00639,0.127057,0.166906
10,1825580.0,0.09924,0.10514,0.109649,1.70813
-1930424573.0,1825580.0,11.6812,134,35,0,0,0,1,1
-1930424829.0,1825580.0,0,0,0,0
11,1825580.0,0.00642841,0.128429,0.1777
10,1825580.0,0.09924,0.105848,0.109727,1.71496
11,1825580.0,0.00662043,0.127743,0.1765
10,1825580.0,0.09924,0.10514,0.10957,1.71472
11,1825580.0,0.00639,0.127972,0.173702
10,1825580.0,0.09924,0.105258,0.10957,1.70867
11,1825580.0,0.00639,0.127972,0.178499
10,1825580.0,0.09924,0.10514,0.10957,1.6978
11,1825580.0,0.00639,0.128887,0.180098
10,1825580.0,0.09924,0.105848,0.10957,1.68504
11,1825580.0,0.00639,0.127286,0.168905
10,1825580.0,0.09924,0.10514,0.109609,1.67452
11,1825580.0,0.00654362,0.127057,0.173302
10,1825590.0,0.09924,0.105966,0.109688,1.66761
11,1825590.0,0.00639,0.127743,0.167305
10,1825590.0,0.09924,0.10514,0.10957,1.66357
11,1825590.0,0.00639,0.127743,0.167705
10,1825590.0,0.09924,0.10514,0.10957,1.66222
11,1825590.0,0.00639,0.127743,0.168505
-1930424573.0,1825590.0,11.6812,132,34,0,0,0,1,1
-1930424829.0,1825590.0,0,0,0,0
10,1825590.0,0.09924,0.10514,0.10957,1.66501
11,1825590.0,0.00639,0.127972,0.174102
10,1825590.0,0.09924,0.10514,0.10957,1.67324
11,1825590.0,0.00639,0.128429,0.172103
10,1825590.0,0.09924,0.10514,0.10957,1.68476
11,1825590.0,0.00639,0.128429,0.1773
10,1825590.0,0.09924,0.105258,0.10957,1.69687
11,1825590.0,0.00639,0.127972,0.172103
10,1825590.0,0.09924,0.10514,0.10957,1.707
11,1825590.0,0.00639,0.127743,0.171303
10,1825590.0,0.09924,0.105337,0.10957,1.71371
11,1825590.0,0.00639,0.128887,0.166906
10,1825590.0,0.09924,0.105376,0.10957,1.71682
11,1825590.0,0.00639,0.127286,0.163708
10,1825600.0,0.09924,0.10514,0.10957,1.71449
11,1825600.0,0.00639,0.127743,0.168105
10,1825600.0,0.09924,0.10514,0.10957,1.70343
11,1825600.0,0.00639,0.127057,0.162508
10,1825600.0,0.09924,0.10514,0.109806,1.68732
11,1825600.0,0.00639,0.127743,0.169704
10,1825600.0,0.09924,0.105415,0.10957,1.67227
11,1825600.0,0.00639,0.128201,0.168505
10,1825600.0,0.09924,0.10514,0.10957,1.66629
-1930424573.0,1825600.0,11.6812,137,34,0,0,0,1,1
-1930424829.0,1825600.0,0,0,0,0
11,1825600.0,0.00639,0.127286,0.165706
10,1825600.0,0.09924,0.10514,0.10957,1.6659
11,1825600.0,0.00639,0.127972,0.172503
10,1825600.0,0.09924,0.105573,0.10957,1.66295
11,1825600.0,0.00639,0.128429,0.165706
10,1825600.0,0.09924,0.10514,0.109924,1.66167
11,1825600.0,0.00639,0.127286,0.170104
10,1825600.0,0.09924,0.10514,0.10957,1.66617
11,1825600.0,0.00639,0.127743,0.171303
10,1825600.0,0.09924,0.10514,0.109609,1.67844
11,1825600.0,0.00658203,0.126828,0.170104
10,1825610.0,0.09924,0.105691,0.109649,1.69311
11,1825610.0,0.00639,0.127972,0.175301
10,1825610.0,0.09924,0.10514,0.109649,1.70413
11,1825610.0,0.00639,0.129115,0.174901
10,1825610.0,0.09924,0.10514,0.10957,1.71061
11,1825610.0,0.00673565,0.126599,0.171703
-1930424573.0,1825610.0,11.6812,133,34,0,0,0,1,1
-1930424829.0,1825610.0,0,0,0,0
10,1825610.0,0.09924,0.105455,0.109767,1.71255
11,1825610.0,0.00646681,0.128201,0.186894
10,1825610.0,0.09924,0.105651,0.109688,1.71076
11,1825610.0,0.00639,0.127972,0.174501
10,1825610.0,0.09924,0.105376,0.10957,1.7039
12,1825610.0
11,1825610.0,0.00639,0.128201,0.174501
10,1825610.0,0.09924,0.10514,0.109924,1.69016
11,1825610.0,0.00646681,0.128201,0.186495
10,1825610.0,0.09924,0.10514,0.10957,1.67537
11,1825610.0,0.00654362,0.126599,0.172503
10,1825610.0,0.09924,0.10573,0.109609,1.66423
11,1825610.0,0.00639,0.128201,0.172103
10,1825610.0,0.09924,0.105179,0.10957,1.65892
11,1825610.0,0.00639,0.128887,0.178899
10,1825620.0,0.09924,0.10514,0.109688,1.6576
11,1825620.0,0.00673565,0.127286,0.171703
10,1825620.0,0.09924,0.10514,0.10957,1.65771
11,1825620.0,0.00639,0.128887,0.170104
10,1825620.0,0.09924,0.105297,0.10957,1.66125
11,1825620.0,0.00639,0.128429,0.174102
-1930424573.0,1825620.0,11.6625,134,34,0,0,0,1,1
-1930424829.0,1825620.0,0,0,0,0
10,1825620.0,0.09924,0.10514,0.109609,1.67122
11,1825620.0,0.00673565,0.126371,0.166906
10,1825620.0,0.09924,0.106045,0.10957,1.68515
11,1825620.0,0.00639,0.128429,0.168905
10,1825620.0,0.09924,0.10514,0.10957,1.69943
11,1825620.0,0.00639,0.129115,0.172902
10,1825620.0,0.09924,0.10514,0.10957,1.70991
11,1825620.0,0.00639,0.128201,0.166906
10,1825620.0,0.09924,0.10514,0.10957,1.71542
11,1825620.0,0.00639,0.128201,0.166906
10,1825620.0,0.09924,0.10514,0.10957,1.71573
11,1825620.0,0.00673565,0.126828,0.163308
10,1825620.0,0.09924,0.105337,0.10957,1.70952
11,1825620.0,0.00673565,0.127972,0.164107
10,1825630.0,0.09924,0.105651,0.10957,1.69873
11,1825630.0,0.00639,0.126828,0.163308
10,1825630.0,0.09924,0.105179,0.10957,1.68581
11,1825630.0,0.00639,0.127743,0.162908
10,1825630.0,0.09924,0.105219,0.10957,1.67277
11,1825630.0,0.00639,0.128887,0.175301
10,1825630.0,0.09924,0.105415,0.10957,1.66396
-1930424573.0,1825630.0,11.6625,139,34,0,0,0,1,1
-1930424829.0,1825630.0,0,0,0,0
11,1825630.0,0.00688928,0.127514,0.164907
10,1825630.0,0.09924,0.105691,0.109609,1.65787
11,1825630.0,0.00639,0.128429,0.164107
10,1825630.0,0.09924,0.10514,0.10957,1.65585
11,1825630.0,0.00639,0.128201,0.176101
10,1825630.0,0.09924,0.105179,0.10957,1.65756
11,1825630.0,0.00639,0.128201,0.167705
10,1825630.0,0.09924,0.10514,0.109609,1.66361
11,1825630.0,0.00665884,0.128429,0.172103
10,1825630.0,0.09924,0.105494,0.109727,1.67382
11,1825630.0,0.00665884,0.126828,0.170104
10,1825630.0,0.09924,0.105219,0.109846,1.68321
11,1825630.0,0.00639,0.127743,0.172103
10,1825640.0,0.09924,0.105691,0.10957,1.69078
11,1825640.0,0.00639,0.128658,0.178899
10,1825640.0,0.09924,0.105651,0.10957,1.694
11,1825640.0,0.00639,0.128201,0.175701
10,1825640.0,0.09924,0.105691,0.109609,1.68853
11,1825640.0,0.00639,0.128201,0.171703
-1930424573.0,1825640.0,11.6812,135,34,0,0,0,1,1
-1930424829.0,1825640.0,0,0,0,0
10,1825640.0,0.09924,0.10514,0.109649,1.67374
11,1825640.0,0.00639,0.127743,0.179698
10,1825640.0,0.09924,0.105179,0.10957,1.65034
11,1825640.0,0.00639,0.127057,0.169304
10,1825640.0,0.09924,0.10514,0.10957,1.62539
11,1825640.0,0.00639,0.127972,0.1777
10,1825640.0,0.09924,0.105415,0.109767,1.59981
11,1825640.0,0.00654362,0.127514,0.175701
10,1825640.0,0.09924,0.106438,0.109924,1.57564
11,1825640.0,0.00642841,0.127972,0.174102
10,1825640.0,0.09924,0.10514,0.109767,1.5529
11,1825640.0,0.00639,0.128429,0.170104
10,1825640.0,0.09924,0.105179,0.109767,1.53613
11,1825640.0,0.00692768,0.127057,0.173702
10,1825650.0,0.09924,0.10514,0.10957,1.52181
11,1825650.0,0.00654362,0.128429,0.170504
10,1825650.0,0.09924,0.105415,0.10957,1.50831
11,1825650.0,0.00662043,0.127057,0.164107
10,1825650.0,0.09924,0.10514,0.10957,1.49468
11,1825650.0,0.00639,0.127743,0.171703
-1930424573.0,1825650.0,11.6812,136,34,0,0,0,1,1
-1930424829.0,1825650.0,0,0,0,0
10,1825650.0,0.09924,0.105455,0.10957,1.4825
11,1825650.0,0.00646681,0.128658,0.166906
10,1825650.0,0.09924,0.10514,0.10957,1.47295
11,1825650.0,0.00639,0.127972,0.171703
10,1825650.0,0.09924,0.10514,0.10957,1.46721
11,1825650.0,0.00642841,0.127286,0.162508
10,1825650.0,0.09924,0.105533,0.10957,1.46216
11,1825650.0,0.00639,0.127743,0.168905
10,1825650.0,0.09924,0.10514,0.10957,1.45774
11,1825650.0,0.00642841,0.127286,0.164907
10,1825650.0,0.09924,0.10514,0.10957,1.45335
11,1825650.0,0.00639,0.128201,0.161309
10,1825650.0,0.09924,0.10514,0.10957,1.44703
11,1825650.0,0.00639,0.127057,0.166106
10,1825660.0,0.09924,0.105691,0.10957,1.4414
11,1825660.0,0.00639,0.128887,0.170104
10,1825660.0,0.09924,0.105494,0.109767,1.43609
11,1825660.0,0.00639,0.128201,0.163708
10,1825660.0,0.09924,0.10514,0.10957,1.43061
11,1825660.0,0.00639,0.127057,0.172503
-1930424573.0,1825660.0,11.7166,138,34,0,0,0,1,1
-1930424829.0,1825660.0,0,0,0,0
10,1825660.0,0.09924,0.105494,0.10957,1.426
11,1825660.0,0.00639,0.128887,0.172103
10,1825660.0,0.09924,0.105651,0.10957,1.42138
11,1825660.0,0.00639,0.128429,0.164507
10,1825660.0,0.09924,0.10514,0.109806,1.41629
12,1825660.0
11,1825660.0,0.00669725,0.127286,0.164907
10,1825660.0,0.09924,0.105219,0.109846,1.41036
11,1825660.0,0.00665884,0.127972,0.174102
10,1825660.0,0.09924,0.10514,0.109767,1.40519
11,1825660.0,0.00669725,0.127057,0.169304
10,1825660.0,0.09924,0.10514,0.10957,1.3991
11,1825660.0,0.00639,0.127743,0.175701
10,1825660.0,0.09924,0.105297,0.109688,1.39479
11,1825660.0,0.00673565,0.126599,0.173702
10,1825670.0,0.09924,0.10514,0.10957,1.39239
11,1825670.0,0.00639,0.127972,0.181697
10,1825670.0,0.09924,0.105219,0.109964,1.38948
11,1825670.0,0.00642841,0.127972,0.170504
10,1825670.0,0.09924,0.10514,0.10957,1.38754
11,1825670.0,0.00639,0.128429,0.179698
-1930424573.0,1825670.0,11.7166,132,34,0,0,0,1,1
-1930424829.0,1825670.0,0,0,0,0
10,1825670.0,0.09924,0.10514,0.109846,1.38463
11,1825670.0,0.00681246,0.127514,0.170104
10,1825670.0,0.09924,0.105179,0.10957,1.38218
11,1825670.0,0.00639,0.128429,0.172103
10,1825670.0,0.09924,0.105494,0.10957,1.38175
11,1825670.0,0.00639,0.127286,0.170104
10,1825670.0,0.09924,0.105415,0.10957,1.38218
11,1825670.0,0.00639,0.127286,0.1777
10,1825670.0,0.09924,0.10514,0.109846,1.3821
11,1825670.0,0.00646681,0.127057,0.182497
10,1825670.0,0.09924,0.10514,0.10957,1.38141
11,1825670.0,0.00700449,0.126828,0.164107
10,1825670.0,0.09924,0.106241,0.10957,1.38106
11,1825670.0,0.00639,0.129115,0.174501
10,1825680.0,0.09924,0.10514,0.10957,1.38304
11,1825680.0,0.00639,0.127972,0.1765
10,1825680.0,0.09924,0.105573,0.10957,1.38525
11,1825680.0,0.00642841,0.127743,0.168905
10,1825680.0,0.09924,0.10514,0.10957,1.38564
11,1825680.0,0.00639,0.128201,0.170504
10,1825680.0,0.09924,0.105455,0.10957,1.3856
-1930424573.0,1825680.0,11.7166,136,34,0,0,0,1,1
-1930424829.0,1825680.0,0,0,0,0
11,1825680.0,0.00650522,0.127286,0.167305
10,1825680.0,0.09924,0.105966,0.10957,1.38676
11,1825680.0,0.00639,0.127286,0.163308
10,1825680.0,0.09924,0.10514,0.10957,1.39122
11,1825680.0,0.00639,0.127057,0.164107
10,1825680.0,0.09924,0.10514,0.10957,1.39642
11,1825680.0,0.00639,0.127743,0.162108
10,1825680.0,0.09924,0.105337,0.10957,1.39856
11,1825680.0,0.00639,0.128658,0.161309
10,1825680.0,0.09924,0.10514,0.109688,1.39961
11,1825680.0,0.00639,0.127972,0.166506
10,1825680.0,0.09924,0.10514,0.109964,1.40236
11,1825680.0,0.00639,0.127972,0.167305
10,1825690.0,0.09924,0.10514,0.10957,1.40861
11,1825690.0,0.00639,0.127972,0.166906
10,1825690.0,0.09924,0.105337,0.109609,1.41455
11,1825690.0,0.00639,0.128201,0.168105
10,1825690.0,0.09924,0.10514,0.10957,1.41792
11,1825690.0,0.00639,0.127972,0.166906
-1930424573.0,1825690.0,11.7166,137,34,0,0,0,1,1
-1930424829.0,1825690.0,0,0,0,0
10,1825690.0,0.09924,0.10514,0.109846,1.41955
11,1825690.0,0.00639,0.127972,0.171303
10,1825690.0,0.09924,0.10514,0.10957,1.42227
11,1825690.0,0.00639,0.129115,0.173702
10,1825690.0,0.09924,0.10514,0.10957,1.42984
11,1825690.0,0.00650522,0.128887,0.174102
10,1825690.0,0.09924,0.10514,0.10957,1.43546
11,1825690.0,0.00642841,0.127514,0.167705
10,1825690.0,0.09924,0.10514,0.10957,1.43721
11,1825690.0,0.00639,0.127972,0.179299
10,1825690.0,0.09924,0.10514,0.10957,1.43771
11,1825690.0,0.00639,0.127743,0.175701
10,1825690.0,0.09924,0.10514,0.10957,1.44202
11,1825690.0,0.00639,0.128201,0.178899
10,1825700.0,0.09924,0.10514,0.10957,1.45149
11,1825700.0,0.00639,0.128658,0.174102
10,1825700.0,0.09924,0.10514,0.10957,1.45824
11,1825700.0,0.00639,0.127972,0.173702
10,1825700.0,0.09924,0.105612,0.109609,1.4603
11,1825700.0,0.00639,0.127972,0.168905
10,1825700.0,0.09924,0.105809,0.10957,1.46042
11,1825700.0,0.00639,0.127286,0.174901
10,1825700.0,0.09924,0.10514,0.109846,1.46682
-1930424573.0,1825700.0,11.675,131,34,0,0,0,1,1
-1930424829.0,1825700.0,0,0,0,0
11,1825700.0,0.00639,0.127743,0.176101
10,1825700.0,0.09924,0.105219,0.10957,1.47873
11,1825700.0,0.00639,0.127972,0.170504
10,1825700.0,0.09924,0.10514,0.109609,1.49022
11,1825700.0,0.00639,0.128429,0.170504
10,1825700.0,0.09924,0.10514,0.10957,1.49445
11,1825700.0,0.00639,0.128201,0.171303
10,1825700.0,0.09924,0.10514,0.10957,1.49919
11,1825700.0,0.00639,0.128429,0.172503
10,1825700.0,0.09924,0.105533,0.10957,1.51153
11,1825700.0,0.00639,0.128429,0.167705
10,1825710.0,0.09924,0.10514,0.109609,1.53004
11,1825710.0,0.00639,0.127514,0.165307
10,1825710.0,0.09924,0.10514,0.10957,1.54253
11,1825710.0,0.00639,0.126828,0.164107
10,1825710.0,0.09924,0.10514,0.10957,1.54673
11,1825710.0,0.00662043,0.126142,0.165307
-1930424573.0,1825710.0,11.675,137,34,0,0,0,1,1
-1930424829.0,1825710.0,0,0,0,0
10,1825710.0,0.09924,0.105809,0.10957,1.55313
11,1825710.0,0.00669725,0.127514,0.166506
10,1825710.0,0.09924,0.106281,0.109688,1.56993
11,1825710.0,0.00654362,0.127057,0.167305
10,1825710.0,0.09924,0.10514,0.10957,1.59139
12,1825710.0
11,1825710.0,0.00662043,0.127514,0.168505
10,1825710.0,0.09924,0.10514,0.10957,1.60168
11,1825710.0,0.00662043,0.126828,0.15971
10,1825710.0,0.09924,0.10514,0.10957,1.59671
11,1825710.0,0.00658203,0.128201,0.170504
10,1825710.0,0.09924,0.105573,0.10957,1.59326
11,1825710.0,0.00639,0.127972,0.167705
10,1825710.0,0.09924,0.10514,0.10957,1.59962
11,1825710.0,0.00639,0.127972,0.170104
10,1825720.0,0.09924,0.106045,0.110042,1.61223
11,1825720.0,0.00639,0.128429,0.168505
10,1825720.0,0.09924,0.10514,0.109609,1.61312
11,1825720.0,0.00639,0.127743,0.171703
10,1825720.0,0.09924,0.105455,0.109609,1.60179
11,1825720.0,0.00677406,0.127286,0.169304
-1930424573.0,1825720.0,11.7,138,34,0,0,0,1,1
-1930424829.0,1825720.0,0,0,0,0
10,1825720.0,0.09924,0.106163,0.109767,1.59147
11,1825720.0,0.00639,0.127743,0.170903
10,1825720.0,0.09924,0.10514,0.109649,1.59252
11,1825720.0,0.00639,0.129802,0.179299
10,1825720.0,0.09924,0.105533,0.109846,1.60032
11,1825720.0,0.00639,0.127286,0.178899
10,1825720.0,0.09924,0.10514,0.10957,1.59853
11,1825720.0,0.00639,0.128429,0.173702
10,1825720.0,0.09924,0.105848,0.10957,1.58988
11,1825720.0,0.00639,0.127057,0.165307
10,1825720.0,0.09924,0.10573,0.10957,1.58747
11,1825720.0,0.00639,0.127972,0.174501
10,1825720.0,0.09924,0.10514,0.10957,1.59919
11,1825720.0,0.00642841,0.128201,0.183296
10,1825730.0,0.09924,0.10514,0.109727,1.61759
11,1825730.0,0.00639,0.127286,0.1773
10,1825730.0,0.09924,0.10514,0.10957,1.6264
11,1825730.0,0.00639,0.127972,0.178099
10,1825730.0,0.09924,0.105179,0.109885,1.62325
11,1825730.0,0.00639,0.128658,0.1769
-1930424573.0,1825730.0,11.7,133,34,0,0,0,1,1
-1930424829.0,1825730.0,0,0,0,0
10,1825730.0,0.09924,0.105337,0.109964,1.62217
11,1825730.0,0.00696609,0.126371,0.172103
10,1825730.0,0.09924,0.105258,0.10957,1.63276
11,1825730.0,0.00639,0.126599,0.170104
10,1825730.0,0.09924,0.105376,0.10957,1.64755
11,1825730.0,0.00688928,0.128429,0.180898
10,1825730.0,0.09924,0.105297,0.10957,1.65174
11,1825730.0,0.00639,0.128429,0.167305
10,1825730.0,0.09924,0.10514,0.10957,1.64487
11,1825730.0,0.00646681,0.127286,0.165307
10,1825730.0,0.09924,0.10514,0.109846,1.64103
11,1825730.0,0.00642841,0.127972,0.174901
10,1825730.0,0.09924,0.10514,0.109649,1.64794
11,1825730.0,0.00639,0.127743,0.169304
10,1825740.0,0.09924,0.10514,0.10957,1.65748
11,1825740.0,0.00639,0.128658,0.165706
10,1825740.0,0.09924,0.10514,0.10957,1.65539
11,1825740.0,0.00639,0.127514,0.170104
10,1825740.0,0.09924,0.10573,0.10957,1.64468
11,1825740.0,0.00639,0.128429,0.170104
-1930424573.0,1825740.0,11.7,138,34,0,0,0,1,1
-1930424829.0,1825740.0,0,0,0,0
10,1825740.0,0.09924,0.10514,0.10957,1.64083
11,1825740.0,0.00696609,0.125913,0.165307
10,1825740.0,0.09924,0.106084,0.109806,1.64995
11,1825740.0,0.00639,0.127743,0.162108
10,1825740.0,0.09924,0.10514,0.109688,1.66206
11,1825740.0,0.00639,0.128887,0.175701
10,1825740.0,0.09924,0.105651,0.10957,1.66253
11,1825740.0,0.00639,0.127286,0.167705
10,1825740.0,0.09924,0.10514,0.109609,1.65372
11,1825740.0,0.00639,0.127514,0.165307
10,1825740.0,0.09924,0.105573,0.10957,1.65085
11,1825740.0,0.00639,0.127972,0.165307
10,1825740.0,0.09924,0.10514,0.109688,1.66136
11,1825740.0,0.00639,0.128201,0.166506
10,1825750.0,0.09924,0.105415,0.10957,1.67223
11,1825750.0,0.00639,0.128201,0.169704
10,1825750.0,0.09924,0.10514,0.10957,1.67308
11,1825750.0,0.00654362,0.127286,0.169304
10,1825750.0,0.09924,0.10514,0.10957,1.66423
11,1825750.0,0.00639,0.127743,0.1777
-1930424573.0,1825750.0,11.7,136,34,0,0,0,1,1
-1930424829.0,1825750.0,0,0,0,0
10,1825750.0,0.09924,0.10514,0.10957,1.66129
11,1825750.0,0.00692768,0.126599,0.167305
10,1825750.0,0.09924,0.105651,0.10957,1.66866
11,1825750.0,0.00639,0.128887,0.169704
10,1825750.0,0.09924,0.10514,0.109649,1.67619
11,1825750.0,0.00639,0.128201,0.176101
10,1825750.0,0.09924,0.105219,0.10957,1.67126
11,1825750.0,0.00654362,0.126599,0.174501
10,1825750.0,0.09924,0.105966,0.10957,1.65997
11,1825750.0,0.00639,0.128429,0.1773
10,1825750.0,0.09924,0.10514,0.109649,1.65477
11,1825750.0,0.00639,0.128201,0.179299
10,1825750.0,0.09924,0.105455,0.109649,1.66194
11,1825750.0,0.00639,0.128201,0.173702
10,1825760.0,0.09924,0.10514,0.109649,1.66839
11,1825760.0,0.00639,0.129115,0.1765
10,1825760.0,0.09924,0.105219,0.10957,1.66365
11,1825760.0,0.00639,0.128658,0.1777
10,1825760.0,0.09924,0.10514,0.10957,1.65348
11,1825760.0,0.00646681,0.127286,0.162508
-1930424573.0,1825760.0,11.6979,131,34,0,0,0,1,1
-1930424829.0,1825760.0,0,0,0,0
10,1825760.0,0.09924,0.105179,0.10957,1.64941
11,1825760.0,0.00639,0.128201,0.1765
10,1825760.0,0.09924,0.10514,0.109964,1.65686
11,1825760.0,0.00646681,0.126371,0.168905
10,1825760.0,0.09924,0.105179,0.10957,1.66544
12,1825760.0
11,1825760.0,0.00639,0.127743,0.169704
10,1825760.0,0.09924,0.105612,0.10957,1.66602
11,1825760.0,0.00639,0.128201,0.172103
10,1825760.0,0.09924,0.10573,0.10957,1.66129
11,1825760.0,0.00639,0.127514,0.160909
10,1825760.0,0.09924,0.10514,0.10957,1.66148
11,1825760.0,0.00639,0.128201,0.170903
10,1825760.0,0.09924,0.10514,0.10957,1.6713
11,1825760.0,0.00658203,0.126599,0.167305
10,1825770.0,0.09924,0.10514,0.10957,1.67918
11,1825770.0,0.00646681,0.128201,0.170104
10,1825770.0,0.09924,0.105533,0.10957,1.67762
11,1825770.0,0.00639,0.127514,0.162908
10,1825770.0,0.09924,0.105258,0.10957,1.66959
11,1825770.0,0.00639,0.128429,0.166106
-1930424573.0,1825770.0,11.6979,136,34,0,0,0,1,1
-1930424829.0,1825770.0,0,0,0,0
10,1825770.0,0.09924,0.10514,0.10957,1.66625
11,1825770.0,0.00646681,0.128429,0.171303
10,1825770.0,0.09924,0.105258,0.10957,1.67343
11,1825770.0,0.00639,0.127743,0.162508
10,1825770.0,0.09924,0.10514,0.10957,1.67828
11,1825770.0,0.00639,0.128429,0.172103
10,1825770.0,0.09924,0.105533,0.10957,1.672
11,1825770.0,0.00639,0.128887,0.168505
10,1825770.0,0.09924,0.10514,0.10957,1.66055
11,1825770.0,0.00669725,0.126599,0.162508
10,1825770.0,0.09924,0.10514,0.10957,1.65232
11,1825770.0,0.00639,0.127972,0.168105
10,1825770.0,0.09924,0.105258,0.10957,1.65508
11,1825770.0,0.00642841,0.127743,0.166506
10,1825780.0,0.09924,0.105455,0.10957,1.65934
11,1825780.0,0.00639,0.128201,0.172103
10,1825780.0,0.09924,0.10514,0.109767,1.65395
11,1825780.0,0.00639,0.128429,0.178099
10,1825780.0,0.09924,0.105258,0.10957,1.64254
11,1825780.0,0.00639,0.128658,0.1765
10,1825780.0,0.09924,0.105258,0.109609,1.6361
-1930424573.0,1825780.0,11.6625,133,34,0,0,0,1,1
-1930424829.0,1825780.0,0,0,0,0
11,1825780.0,0.00639,0.127972,0.179698
10,1825780.0,0.09924,0.10514,0.109964,1.63812
11,1825780.0,0.00639,0.128429,0.176101
10,1825780.0,0.09924,0.10514,0.109924,1.64196
11,1825780.0,0.00639,0.127286,0.173702
10,1825780.0,0.09924,0.105887,0.109688,1.63874
11,1825780.0,0.00639,0.128887,0.1777
10,1825780.0,0.09924,0.10514,0.10957,1.63078
11,1825780.0,0.00639,0.128887,0.175301
10,1825780.0,0.09924,0.105337,0.10957,1.62849
11,1825780.0,0.00639,0.128658,0.176101
10,1825780.0,0.09924,0.10514,0.10957,1.63583
11,1825780.0,0.00639,0.127972,0.181697
10,1825790.0,0.09924,0.10514,0.109885,1.64417
11,1825790.0,0.00642841,0.126599,0.170903
10,1825790.0,0.09924,0.10514,0.109767,1.64502
11,1825790.0,0.00639,0.127514,0.179299
10,1825790.0,0.09924,0.10514,0.10957,1.64064
11,1825790.0,0.00639,0.127743,0.168505
-1930424573.0,1825790.0,11.6625,132,35,0,0,0,1,1
-1930424829.0,1825790.0,0,0,0,0
10,1825790.0,0.09924,0.10514,0.10957,1.64184
11,1825790.0,0.00639,0.128429,0.174102
10,1825790.0,0.09924,0.10514,0.10957,1.65325
11,1825790.0,0.00639,0.128201,0.173702
10,1825790.0,0.09924,0.105179,0.109609,1.6661
11,1825790.0,0.00692768,0.128201,0.170903
10,1825790.0,0.09924,0.10514,0.10957,1.66874
11,1825790.0,0.00639,0.127972,0.169304
10,1825790.0,0.09924,0.10514,0.10957,1.66505
11,1825790.0,0.00639,0.127972,0.170104
10,1825790.0,0.09924,0.105455,0.10957,1.66326
11,1825790.0,0.00639,0.127057,0.166106
10,1825790.0,0.09924,0.10514,0.109767,1.66963
11,1825790.0,0.00639,0.127514,0.167305
10,1825800.0,0.09924,0.105573,0.10957,1.67623
11,1825800.0,0.00639,0.128201,0.161309
10,1825800.0,0.09924,0.105573,0.10957,1.67343
11,1825800.0,0.00639,0.128201,0.163308
10,1825800.0,0.09924,0.10514,0.10957,1.6647
11,1825800.0,0.00639,0.127514,0.165706
10,1825800.0,0.09924,0.105573,0.109609,1.65977
11,1825800.0,0.00639,0.127057,0.165706
10,1825800.0,0.09924,0.10514,0.10957,1.66253
-1930424573.0,1825800.0,11.6625,138,35,0,0,0,1,1
-1930424829.0,1825800.0,0,0,0,0
11,1825800.0,0.00639,0.127743,0.172103
10,1825800.0,0.09924,0.105415,0.109649,1.6652
11,1825800.0,0.00650522,0.126599,0.166906
10,1825800.0,0.09924,0.105887,0.10957,1.65822
11,1825800.0,0.00639,0.128201,0.164507
10,1825800.0,0.09924,0.10514,0.109609,1.64638
11,1825800.0,0.00639,0.128658,0.174501
10,1825800.0,0.09924,0.105573,0.109806,1.63967
11,1825800.0,0.00662043,0.127514,0.171703
10,1825800.0,0.09924,0.10514,0.10957,1.64211
11,1825800.0,0.00639,0.128429,0.173302
10,1825810.0,0.09924,0.105612,0.109649,1.64712
11,1825810.0,0.00639,0.128429,0.172503
10,1825810.0,0.09924,0.105415,0.109806,1.64398
11,1825810.0,0.00639,0.128201,0.178499
10,1825810.0,0.09924,0.10514,0.10957,1.6361
11,1825810.0,0.00639,0.127972,0.174102
-1930424573.0,1825810.0,11.6625,135,35,0,0,0,1,1
-1930424829.0,1825810.0,0,0,0,0
10,1825810.0,0.09924,0.10573,0.109649,1.63222
11,1825810.0,0.00639,0.127972,0.173302
10,1825810.0,0.09924,0.105612,0.10957,1.63738
11,1825810.0,0.00639,0.128429,0.175701
10,1825810.0,0.09924,0.105376,0.109924,1.64343
12,1825810.0
11,1825810.0,0.00639,0.128429,0.178499
10,1825810.0,0.09924,0.10514,0.109885,1.64425
11,1825810.0,0.00639,0.128658,0.176101
10,1825810.0,0.09924,0.10514,0.10957,1.63959
11,1825810.0,0.00642841,0.127514,0.178099
10,1825810.0,0.09924,0.10514,0.10957,1.64017
11,1825810.0,0.00688928,0.126599,0.172902
10,1825810.0,0.09924,0.105415,0.10957,1.64778
11,1825810.0,0.00639,0.127743,0.174501
10,1825820.0,0.09924,0.10514,0.109727,1.65612
11,1825820.0,0.00639,0.127514,0.179698
10,1825820.0,0.09924,0.105612,0.109609,1.65841
11,1825820.0,0.00673565,0.126828,0.172902
10,1825820.0,0.09924,0.105573,0.109767,1.6548
11,1825820.0,0.00654362,0.128429,0.169704
-1930424573.0,1825820.0,11.6604,135,35,0,0,0,1,1
-1930424829.0,1825820.0,0,0,0,0
10,1825820.0,0.09924,0.10514,0.10957,1.65608
11,1825820.0,0.00639,0.127972,0.178499
10,1825820.0,0.09924,0.10514,0.10957,1.66555
11,1825820.0,0.00654362,0.126828,0.164907
10,1825820.0,0.09924,0.10514,0.10957,1.67529
11,1825820.0,0.00639,0.127743,0.175301
10,1825820.0,0.09924,0.105337,0.10957,1.67634
11,1825820.0,0.00639,0.126599,0.164907
10,1825820.0,0.09924,0.105455,0.10957,1.67021
11,1825820.0,0.00639,0.128658,0.167705
10,1825820.0,0.09924,0.10514,0.10957,1.66617
11,1825820.0,0.00639,0.128201,0.169304
10,1825820.0,0.09924,0.10514,0.10957,1.67072
11,1825820.0,0.00642841,0.127057,0.162908
10,1825830.0,0.09924,0.105297,0.10957,1.67572
11,1825830.0,0.00639,0.127972,0.168105
10,1825830.0,0.09924,0.105219,0.10957,1.67262
11,1825830.0,0.00639,0.126828,0.160909
10,1825830.0,0.09924,0.105612,0.109806,1.66326
11,1825830.0,0.00639,0.128201,0.163308
-1930424573.0,1825830.0,11.6604,138,35,0,0,0,1,1
-1930424829.0,1825830.0,0,0,0,0
10,1825830.0,0.09924,0.10514,0.10957,1.65744
11,1825830.0,0.00639,0.125913,0.166906
10,1825830.0,0.09924,0.105533,0.10957,1.65934
11,1825830.0,0.00639,0.128201,0.168905
10,1825830.0,0.09924,0.105415,0.10957,1.6614
11,1825830.0,0.00639,0.128201,0.167305
10,1825830.0,0.09924,0.105612,0.10957,1.65473
11,1825830.0,0.00639,0.128658,0.171703
10,1825830.0,0.09924,0.105376,0.109649,1.64343
11,1825830.0,0.00639,0.127972,0.170504
10,1825830.0,0.09924,0.10573,0.10957,1.63746
11,1825830.0,0.00650522,0.127057,0.173302
10,1825830.0,0.09924,0.105415,0.110042,1.64002
11,1825830.0,0.00639,0.127972,0.180098
10,1825840.0,0.09924,0.105848,0.109806,1.6446
11,1825840.0,0.00662043,0.127057,0.1777
10,1825840.0,0.09924,0.10514,0.109846,1.63955
11,1825840.0,0.00639,0.128201,0.175701
10,1825840.0,0.09924,0.10514,0.109688,1.62997
11,1825840.0,0.00669725,0.127286,0.170104
-1930424573.0,1825840.0,11.6896,133,35,0,0,0,1,1
-1930424829.0,1825840.0,0,0,0,0
10,1825840.0,0.09924,0.105494,0.109609,1.62446
11,1825840.0,0.00639,0.127743,0.174501
10,1825840.0,0.09924,0.105612,0.10957,1.62822
11,1825840.0,0.00639,0.127286,0.170104
10,1825840.0,0.09924,0.105376,0.109609,1.63459
11,1825840.0,0.00639,0.127514,0.176101
10,1825840.0,0.09924,0.10514,0.109649,1.63416
11,1825840.0,0.00662043,0.126828,0.1777
10,1825840.0,0.09924,0.10514,0.109767,1.62776
11,1825840.0,0.00639,0.128658,0.181298
10,1825840.0,0.09924,0.105179,0.109846,1.62663
11,1825840.0,0.00662043,0.128429,0.174901
10,1825840.0,0.09924,0.10514,0.109609,1.63268
11,1825840.0,0.00650522,0.128658,0.1765
10,1825850.0,0.09924,0.10514,0.109964,1.63971
11,1825850.0,0.00650522,0.126371,0.170504
10,1825850.0,0.09924,0.105455,0.10957,1.6399
11,1825850.0,0.00639,0.128201,0.169304
10,1825850.0,0.09924,0.10514,0.10957,1.63552
11,1825850.0,0.00658203,0.126599,0.171303
-1930424573.0,1825850.0,11.6896,134,35,0,0,0,1,1
-1930424829.0,1825850.0,0,0,0,0
10,1825850.0,0.09924,0.10514,0.109846,1.63579
11,1825850.0,0.00642841,0.127514,0.174102
10,1825850.0,0.09924,0.105376,0.10957,1.64557
11,1825850.0,0.00639,0.127972,0.162108
10,1825850.0,0.09924,0.105769,0.109609,1.65496
11,1825850.0,0.00639,0.128429,0.166506
10,1825850.0,0.09924,0.10514,0.10957,1.65442
11,1825850.0,0.00639,0.127286,0.170504
10,1825850.0,0.09924,0.105691,0.10957,1.64817
11,1825850.0,0.00639,0.127972,0.166506
10,1825850.0,0.09924,0.10514,0.10957,1.64603
11,1825850.0,0.00696609,0.126828,0.160509
10,1825850.0,0.09924,0.10514,0.109885,1.65348
11,1825850.0,0.00639,0.127743,0.166906
10,1825860.0,0.09924,0.10514,0.10957,1.66167
11,1825860.0,0.00639,0.127057,0.160909
10,1825860.0,0.09924,0.105651,0.109806,1.65911
11,1825860.0,0.00639,0.129115,0.166906
10,1825860.0,0.09924,0.105297,0.10957,1.65127
11,1825860.0,0.00639,0.128429,0.173702
-1930424573.0,1825860.0,11.6521,136,35,0,0,0,1,1
-1930424829.0,1825860.0,0,0,0,0
10,1825860.0,0.09924,0.10514,0.110121,1.6477
11,1825860.0,0.00677406,0.127743,0.164107
10,1825860.0,0.09924,0.10514,0.10957,1.6524
11,1825860.0,0.00639,0.127514,0.169704
10,1825860.0,0.09924,0.105533,0.109609,1.65709
12,1825860.0
11,1825860.0,0.00639,0.127972,0.170903
10,1825860.0,0.09924,0.10514,0.109846,1.65205
11,1825860.0,0.00665884,0.127514,0.170504
10,1825860.0,0.09924,0.10514,0.10957,1.64017
11,1825860.0,0.00642841,0.127972,0.1777
10,1825860.0,0.09924,0.105179,0.10957,1.63431
11,1825860.0,0.00642841,0.126599,0.174901
10,1825860.0,0.09924,0.106084,0.109727,1.63738
11,1825860.0,0.00639,0.127972,0.176101
10,1825870.0,0.09924,0.10514,0.10957,1.64118
11,1825870.0,0.00639,0.128887,0.1769
10,1825870.0,0.09924,0.105691,0.110279,1.63447
11,1825870.0,0.00639,0.128201,0.1765
10,1825870.0,0.09924,0.10514,0.10957,1.62143
11,1825870.0,0.00639,0.127057,0.182497
-1930424573.0,1825870.0,11.6521,131,35,0,0,0,1,1
-1930424829.0,1825870.0,0,0,0,0
10,1825870.0,0.09924,0.105612,0.10957,1.61472
11,1825870.0,0.00662043,0.126371,0.174501
10,1825870.0,0.09924,0.105848,0.109767,1.61891
11,1825870.0,0.00639,0.127972,0.174102
10,1825870.0,0.09924,0.10514,0.10957,1.62527
11,1825870.0,0.00639,0.128887,0.174901
10,1825870.0,0.09924,0.10514,0.109649,1.62434
11,1825870.0,0.00677406,0.127057,0.172902
10,1825870.0,0.09924,0.10514,0.10957,1.61782
11,1825870.0,0.00639,0.127286,0.170104
10,1825870.0,0.09924,0.105533,0.10957,1.61751
11,1825870.0,0.00639,0.126371,0.169704
10,1825870.0,0.09924,0.10514,0.109609,1.62667
11,1825870.0,0.00646681,0.127743,0.172902
10,1825880.0,0.09924,0.105297,0.10957,1.63761
11,1825880.0,0.00639,0.127743,0.166506
10,1825880.0,0.09924,0.106005,0.10957,1.63982
11,1825880.0,0.00639,0.128658,0.170104
10,1825880.0,0.09924,0.10514,0.109727,1.63602
11,1825880.0,0.00639,0.128658,0.168105
10,1825880.0,0.09924,0.105219,0.10957,1.63792
-1930424573.0,1825880.0,11.6521,136,35,0,0,0,1,1
-1930424829.0,1825880.0,0,0,0,0
11,1825880.0,0.00639,0.129115,0.15931
10,1825880.0,0.09924,0.10514,0.10957,1.64817
11,1825880.0,0.00639,0.128201,0.164907
10,1825880.0,0.09924,0.10514,0.10957,1.6569
11,1825880.0,0.00639,0.127972,0.162108
10,1825880.0,0.09924,0.10514,0.10957,1.65368
11,1825880.0,0.00639,0.128201,0.172902
10,1825880.0,0.09924,0.105415,0.109649,1.64336
11,1825880.0,0.00685087,0.127514,0.166106
10,1825880.0,0.09924,0.10514,0.10957,1.63785
11,1825880.0,0.00642841,0.128429,0.170504
10,1825880.0,0.09924,0.10514,0.109964,1.64339
11,1825880.0,0.00650522,0.127286,0.162508
10,1825890.0,0.09924,0.10514,0.10957,1.64949
11,1825890.0,0.00639,0.127057,0.168505
10,1825890.0,0.09924,0.105415,0.109609,1.64374
11,1825890.0,0.00654362,0.126599,0.162508
10,1825890.0,0.09924,0.105376,0.10957,1.62981
11,1825890.0,0.00639,0.127743,0.168105
-1930424573.0,1825890.0,11.6521,138,34,0,0,0,1,1
-1930424829.0,1825890.0,0,0,0,0
10,1825890.0,0.09924,0.10514,0.109727,1.62131
11,1825890.0,0.00662043,0.127286,0.172103
10,1825890.0,0.09924,0.10514,0.10957,1.62504
11,1825890.0,0.00639,0.127743,0.169704
10,1825890.0,0.09924,0.106163,0.109885,1.63039
11,1825890.0,0.00658203,0.128887,0.166506
10,1825890.0,0.09924,0.10514,0.10957,1.62581
11,1825890.0,0.00639,0.128887,0.171303
10,1825890.0,0.09924,0.105297,0.109924,1.61712
11,1825890.0,0.00677406,0.127286,0.173702
10,1825890.0,0.09924,0.10514,0.109609,1.61421
11,1825890.0,0.00642841,0.127514,0.176101
10,1825890.0,0.09924,0.105927,0.10957,1.62244
11,1825890.0,0.00639,0.127743,0.172103
10,1825900.0,0.09924,0.105258,0.10957,1.63222
11,1825900.0,0.00639,0.128429,0.168505
10,1825900.0,0.09924,0.10514,0.109846,1.63179
11,1825900.0,0.00639,0.128201,0.179299
10,1825900.0,0.09924,0.10514,0.10957,1.6262
11,1825900.0,0.00662043,0.127286,0.169304
10,1825900.0,0.09924,0.10573,0.10957,1.62589
11,1825900.0,0.00639,0.128201,0.168105
10,1825900.0,0.09924,0.105415,0.109609,1.63769
-1930424573.0,1825900.0,11.675,133,34,0,0,0,1,1
-1930424829.0,1825900.0,0,0,0,0
11,1825900.0,0.00639,0.127972,0.1777
10,1825900.0,0.09924,0.10514,0.10957,1.65104
11,1825900.0,0.00650522,0.126828,0.170903
10,1825900.0,0.09924,0.10514,0.10957,1.65248
11,1825900.0,0.00673565,0.127972,0.1773
10,1825900.0,0.09924,0.10514,0.10957,1.64576
11,1825900.0,0.00650522,0.127057,0.166506
10,1825900.0,0.09924,0.105297,0.10957,1.64308
11,1825900.0,0.00639,0.128201,0.164507
10,1825900.0,0.09924,0.105258,0.10957,1.65085
11,1825900.0,0.00639,0.128201,0.167305
10,1825910.0,0.09924,0.105297,0.10957,1.6583
11,1825910.0,0.00639,0.127972,0.168505
10,1825910.0,0.09924,0.10514,0.10957,1.65333
11,1825910.0,0.00658203,0.126599,0.164907
10,1825910.0,0.09924,0.10514,0.10957,1.64111
11,1825910.0,0.00639,0.128201,0.169704
-1930424573.0,1825910.0,11.675,138,34,0,0,0,1,1
-1930424829.0,1825910.0,0,0,0,0
10,1825910.0,0.09924,0.10514,0.109649,1.63338
11,1825910.0,0.00646681,0.127743,0.16011
10,1825910.0,0.09924,0.105179,0.10957,1.63676
11,1825910.0,0.00639,0.127972,0.168905
10,1825910.0,0.09924,0.10514,0.10957,1.64068
12,1825910.0
11,1825910.0,0.00639,0.127514,0.163308
10,1825910.0,0.09924,0.10573,0.10957,1.63284
11,1825910.0,0.00639,0.127286,0.165307
10,1825910.0,0.09924,0.10514,0.10957,1.6186
11,1825910.0,0.00639,0.128429,0.171703
10,1825910.0,0.09924,0.105376,0.10957,1.61212
11,1825910.0,0.00696609,0.126142,0.165307
10,1825910.0,0.09924,0.10514,0.109688,1.61933
11,1825910.0,0.00639,0.127743,0.167705
10,1825920.0,0.09924,0.105573,0.10957,1.62845
11,1825920.0,0.00639,0.127972,0.165307
10,1825920.0,0.09924,0.105848,0.109924,1.62733
11,1825920.0,0.00639,0.128429,0.167705
10,1825920.0,0.09924,0.10514,0.10957,1.61918
11,1825920.0,0.00639,0.128429,0.170903
-1930424573.0,1825920.0,11.6771,130,34,0,0,0,1,3
-1930424829.0,1825920.0,0.520833,1.02292,1.15,0
10,1825920.0,0.09924,0.105219,0.10957,1.61918
11,1825920.0,0.00639,0.127057,0.171303
10,1825920.0,0.09924,0.106045,0.109727,1.63086
11,1825920.0,0.00639,0.128201,0.178499
10,1825920.0,0.09924,0.10514,0.109885,1.64285
11,1825920.0,0.00639,0.127972,0.176101
10,1825920.0,0.09924,0.10514,0.10957,1.64588
11,1825920.0,0.0070813,0.126599,0.173302
10,1825920.0,0.09924,0.105494,0.109609,1.64103
11,1825920.0,0.00639,0.127743,0.179299
10,1825920.0,0.09924,0.105494,0.10957,1.64122
11,1825920.0,0.00639,0.128201,0.174901
10,1825920.0,0.09924,0.10514,0.109885,1.65383
11,1825920.0,0.00658203,0.126599,0.176101
10,1825930.0,0.09924,0.10514,0.10957,1.6647
11,1825930.0,0.00662043,0.128429,0.180098
10,1825930.0,0.09924,0.10514,0.10957,1.66206
11,1825930.0,0.00669725,0.126599,0.171303
10,1825930.0,0.09924,0.105691,0.109924,1.65116
11,1825930.0,0.00639,0.128201,0.174901
-1930424573.0,1825930.0,11.6771,121,34,0,0,0,1,3
-1930424829.0,1825930.0,0.733332,1.44166,1.61875,0
10,1825930.0,0.09924,0.105258,0.10957,1.64759
11,1825930.0,0.00639,0.128429,0.174901
10,1825930.0,0.09924,0.10514,0.10957,1.65729
11,1825930.0,0.00669725,0.126828,0.170903
10,1825930.0,0.09924,0.105179,0.10957,1.66672
11,1825930.0,0.00639,0.128429,0.174501
10,1825930.0,0.09924,0.10514,0.10957,1.66253
11,1825930.0,0.00639,0.127972,0.172103
10,1825930.0,0.09924,0.105258,0.10957,1.65395
11,1825930.0,0.00642841,0.127057,0.173702
10,1825930.0,0.09924,0.10514,0.10957,1.65248
11,1825930.0,0.00639,0.127743,0.176101
10,1825930.0,0.09924,0.10514,0.10957,1.66412
11,1825930.0,0.00665884,0.126599,0.167705
10,1825940.0,0.09924,0.105651,0.10957,1.67421
11,1825940.0,0.00639,0.127972,0.169304
10,1825940.0,0.09924,0.10514,0.10957,1.67231
11,1825940.0,0.00639,0.128429,0.172902
10,1825940.0,0.09924,0.10514,0.109885,1.66365
11,1825940.0,0.00658203,0.128887,0.170104
-1930424573.0,1825940.0,11.6771,127,34,0,0,0,1,3
-1930424829.0,1825940.0,0.733332,1.44166,1.61875,0
10,1825940.0,0.09924,0.105297,0.109609,1.66268
11,1825940.0,0.00639,0.127972,0.166106
10,1825940.0,0.09924,0.105258,0.10957,1.67584
11,1825940.0,0.00639,0.127286,0.169704
10,1825940.0,0.09924,0.105612,0.109609,1.68822
11,1825940.0,0.00700449,0.127057,0.173702
10,1825940.0,0.09924,0.10514,0.10957,1.68558
11,1825940.0,0.00673565,0.127972,0.178099
10,1825940.0,0.09924,0.10514,0.10957,1.67568
11,1825940.0,0.00639,0.126828,0.168905
10,1825940.0,0.09924,0.10514,0.10957,1.67456
11,1825940.0,0.00639,0.127972,0.171303
10,1825940.0,0.09924,0.105297,0.10957,1.68686
11,1825940.0,0.00639,0.128429,0.178099
10,1825950.0,0.09924,0.10514,0.10957,1.69908
11,1825950.0,0.0070429,0.126828,0.174501
10,1825950.0,0.09924,0.106123,0.10957,1.69532
11,1825950.0,0.00639,0.127972,0.178499
10,1825950.0,0.09924,0.10514,0.10957,1.68407
11,1825950.0,0.00639,0.127972,0.178099
-1930424573.0,1825950.0,11.6771,124,34,0,0,0,1,3
-1930424829.0,1825950.0,0.774999,1.52083,1.70833,0
10,1825950.0,0.09924,0.105809,0.109846,1.68034
11,1825950.0,0.00642841,0.128201,0.1769
10,1825950.0,0.09924,0.10514,0.109846,1.69152
11,1825950.0,0.00639,0.128658,0.185295
10,1825950.0,0.09924,0.105376,0.10957,1.70207
11,1825950.0,0.00642841,0.126828,0.178899
10,1825950.0,0.09924,0.105297,0.109924,1.69951
11,1825950.0,0.00639,0.127743,0.184496
10,1825950.0,0.09924,0.105455,0.10957,1.68903
11,1825950.0,0.00639,0.128201,0.178499
10,1825950.0,0.09924,0.105376,0.110121,1.68857
11,1825950.0,0.00639,0.127514,0.1765
10,1825950.0,0.09924,0.105258,0.10957,1.70048
11,1825950.0,0.00639,0.128658,0.182097
10,1825960.0,0.09924,0.10514,0.109846,1.71111
11,1825960.0,0.00692768,0.127057,0.172902
10,1825960.0,0.09924,0.105769,0.10957,1.70867
11,1825960.0,0.00639,0.128201,0.174901
10,1825960.0,0.09924,0.10514,0.10957,1.69967
11,1825960.0,0.00639,0.128658,0.185295
-1930424573.0,1825960.0,11.6541,123,34,0,0,0,1,1
-1930424829.0,1825960.0,0.652082,1.28125,1.43958,0
10,1825960.0,0.09924,0.10514,0.109964,1.70242
11,1825960.0,0.00654362,0.127057,0.171703
10,1825960.0,0.09924,0.10514,0.109727,1.71523
11,1825960.0,0.00639,0.127972,0.178099
10,1825960.0,0.09924,0.10514,0.10957,1.72621
12,1825960.0
11,1825960.0,0.00639,0.127286,0.171303
10,1825960.0,0.09924,0.106123,0.109688,1.72373
11,1825960.0,0.00639,0.128201,0.172503
10,1825960.0,0.09924,0.10514,0.10957,1.71333
11,1825960.0,0.00639,0.127972,0.178099
10,1825960.0,0.09924,0.105297,0.10957,1.71119
11,1825960.0,0.00639,0.127743,0.172902
10,1825960.0,0.09924,0.10514,0.109846,1.71891
11,1825960.0,0.00642841,0.127743,0.1769
10,1825970.0,0.09924,0.105533,0.109609,1.72683
11,1825970.0,0.00639,0.127743,0.172103
10,1825970.0,0.09924,0.105848,0.10957,1.72256
11,1825970.0,0.00639,0.128429,0.172503
10,1825970.0,0.09924,0.10514,0.10957,1.71065
11,1825970.0,0.00639,0.127286,0.1769
-1930424573.0,1825970.0,11.6541,129,34,0,0,0,1,1
-1930424829.0,1825970.0,0.652082,1.28125,1.43958,0
10,1825970.0,0.09924,0.10514,0.10957,1.7056
11,1825970.0,0.00642841,0.127286,0.15971
10,1825970.0,0.09924,0.105927,0.10957,1.7096
11,1825970.0,0.00639,0.128658,0.174102
10,1825970.0,0.09924,0.10514,0.10957,1.7127
11,1825970.0,0.00639,0.128429,0.174501
10,1825970.0,0.09924,0.105219,0.10957,1.70638
11,1825970.0,0.00639,0.128429,0.169304
10,1825970.0,0.09924,0.10514,0.109688,1.69586
11,1825970.0,0.00639,0.128201,0.1769
10,1825970.0,0.09924,0.105533,0.10957,1.69
11,1825970.0,0.00639,0.127743,0.1769
10,1825970.0,0.09924,0.105809,0.110318,1.69388
11,1825970.0,0.00639,0.127972,0.182097
10,1825980.0,0.09924,0.10514,0.109885,1.69703
11,1825980.0,0.00639,0.128429,0.183696
10,1825980.0,0.09924,0.105179,0.109885,1.69245
11,1825980.0,0.00639,0.127972,0.173302
10,1825980.0,0.09924,0.10514,0.10957,1.68418
11,1825980.0,0.00681246,0.126599,0.175701
-1930424573.0,1825980.0,11.6666,130,34,0,0,0,1,1
-1930424829.0,1825980.0,0.502083,0.987498,1.10833,0
10,1825980.0,0.09924,0.105297,0.109649,1.67918
11,1825980.0,0.00639,0.128201,0.182097
10,1825980.0,0.09924,0.10514,0.110042,1.68352
11,1825980.0,0.00639,0.127286,0.189293
10,1825980.0,0.09924,0.10514,0.109609,1.68892
11,1825980.0,0.00639,0.127743,0.173702
10,1825980.0,0.09924,0.105337,0.109885,1.68748
11,1825980.0,0.00719652,0.125913,0.172902
10,1825980.0,0.09924,0.10514,0.109924,1.68096
11,1825980.0,0.00639,0.127743,0.176101
10,1825980.0,0.09924,0.106084,0.10957,1.67859
11,1825980.0,0.00639,0.128201,0.1769
10,1825980.0,0.09924,0.105219,0.109767,1.68244
11,1825980.0,0.0070429,0.127743,0.173302
10,1825990.0,0.09924,0.105219,0.10957,1.68667
11,1825990.0,0.00639,0.126599,0.168905
10,1825990.0,0.09924,0.10514,0.10957,1.68678
11,1825990.0,0.00639,0.127286,0.172103
10,1825990.0,0.09924,0.10514,0.10957,1.68407
11,1825990.0,0.00639,0.127743,0.174501
-1930424573.0,1825990.0,11.6666,130,34,0,0,0,1,1
-1930424829.0,1825990.0,0.329166,0.647916,0.729166,0
10,1825990.0,0.09924,0.105533,0.10957,1.68523
11,1825990.0,0.00639,0.127743,0.170903
10,1825990.0,0.09924,0.105494,0.109767,1.69214
11,1825990.0,0.00646681,0.127743,0.168905
10,1825990.0,0.09924,0.10514,0.10957,1.69804
11,1825990.0,0.00639,0.127057,0.168105
10,1825990.0,0.09924,0.10514,0.109806,1.69835
11,1825990.0,0.00646681,0.127514,0.179299
10,1825990.0,0.09924,0.10514,0.109609,1.69447
11,1825990.0,0.00639,0.126828,0.168505
10,1825990.0,0.09924,0.105376,0.10957,1.69435
11,1825990.0,0.00639,0.126828,0.169704
10,1825990.0,0.09924,0.10514,0.10957,1.70005
11,1825990.0,0.00639,0.127972,0.163308
10,1826000.0,0.09924,0.10514,0.10957,1.70743
11,1826000.0,0.00639,0.127972,0.165307
10,1826000.0,0.09924,0.105258,0.109727,1.70692
11,1826000.0,0.00639,0.126599,0.166906
10,1826000.0,0.09924,0.10514,0.10957,1.70188
11,1826000.0,0.00639,0.127743,0.169704
10,1826000.0,0.09924,0.105297,0.10957,1.69862
11,1826000.0,0.00677406,0.126828,0.173302
10,1826000.0,0.09924,0.10514,0.10957,1.70052
-1930424573.0,1826000.0,11.6666,136,34,0,0,0,1,1
-1930424829.0,1826000.0,0.247916,0.489583,0.549999,0
11,1826000.0,0.00639,0.127972,0.172503
10,1826000.0,0.09924,0.105297,0.109767,1.70452
11,1826000.0,0.00646681,0.126828,0.168105
10,1826000.0,0.09924,0.10514,0.10957,1.70145
11,1826000.0,0.00639,0.127743,0.168505
10,1826000.0,0.09924,0.10514,0.109727,1.69481
11,1826000.0,0.00646681,0.127514,0.167705
10,1826000.0,0.09924,0.10632,0.10957,1.68973
11,1826000.0,0.00639,0.127972,0.174901
10,1826000.0,0.09924,0.10514,0.10957,1.69086
11,1826000.0,0.00639,0.128887,0.174501
10,1826010.0,0.09924,0.105179,0.10957,1.69152
11,1826010.0,0.00639,0.127514,0.175701
10,1826010.0,0.09924,0.10514,0.109806,1.68678
11,1826010.0,0.00654362,0.127286,0.1769
10,1826010.0,0.09924,0.105533,0.10957,1.67774
11,1826010.0,0.00639,0.126142,0.175301
-1930424573.0,1826010.0,11.6666,132,34,0,0,0,1,1
-1930424829.0,1826010.0,0.197916,0.391666,0.439583,0
10,1826010.0,0.09924,0.105651,0.109964,1.672
11,1826010.0,0.00639,0.128658,0.172103
10,1826010.0,0.09924,0.105258,0.10957,1.67332
11,1826010.0,0.00639,0.127514,0.181298
10,1826010.0,0.09924,0.10514,0.109609,1.6772
12,1826010.0
11,1826010.0,0.00654362,0.127286,0.174501
10,1826010.0,0.09924,0.105651,0.109885,1.6746
11,1826010.0,0.00639,0.127972,0.178099
10,1826010.0,0.09924,0.10514,0.10957,1.668
11,1826010.0,0.00639,0.127057,0.172503
10,1826010.0,0.09924,0.10514,0.10957,1.66563
11,1826010.0,0.00639,0.127743,0.178899
10,1826010.0,0.09924,0.10514,0.10957,1.66889
11,1826010.0,0.00639,0.128658,0.172902
10,1826020.0,0.09924,0.10514,0.109767,1.67448
11,1826020.0,0.00711971,0.127286,0.170104
10,1826020.0,0.09924,0.105258,0.109649,1.67611
11,1826020.0,0.00685087,0.127057,0.168905
10,1826020.0,0.09924,0.10514,0.10957,1.67359
11,1826020.0,0.00639,0.129115,0.174501
-1930424573.0,1826020.0,11.6979,131,34,0,0,0,1,1
-1930424829.0,1826020.0,0.166666,0.327083,0.368749,0
10,1826020.0,0.09924,0.10514,0.10957,1.67646
11,1826020.0,0.00639,0.128429,0.170104
10,1826020.0,0.09924,0.106084,0.109846,1.68379
11,1826020.0,0.00677406,0.127286,0.164107
10,1826020.0,0.09924,0.10514,0.10957,1.69117
11,1826020.0,0.00639,0.127743,0.161709
10,1826020.0,0.09924,0.10514,0.10957,1.69237
11,1826020.0,0.00646681,0.128429,0.170104
10,1826020.0,0.09924,0.10514,0.10957,1.69031
11,1826020.0,0.00650522,0.127514,0.168105
10,1826020.0,0.09924,0.10514,0.109924,1.6919
11,1826020.0,0.00669725,0.127743,0.169704
10,1826020.0,0.09924,0.10514,0.10957,1.69858
11,1826020.0,0.00658203,0.127743,0.167705
10,1826030.0,0.09924,0.10514,0.10957,1.70591
11,1826030.0,0.00639,0.128429,0.174102
10,1826030.0,0.09924,0.105179,0.10957,1.70537
11,1826030.0,0.00639,0.128429,0.164907
10,1826030.0,0.09924,0.105376,0.10957,1.69982
11,1826030.0,0.00639,0.126599,0.168505
-1930424573.0,1826030.0,11.6979,135,34,0,0,0,1,1
-1930424829.0,1826030.0,0.139583,0.272916,0.308333,0
10,1826030.0,0.09924,0.105337,0.109846,1.69656
11,1826030.0,0.00642841,0.127743,0.172503
10,1826030.0,0.09924,0.105297,0.10957,1.69967
11,1826030.0,0.00654362,0.127286,0.165307
10,1826030.0,0.09924,0.10514,0.10957,1.70289
11,1826030.0,0.00639,0.127743,0.170504
10,1826030.0,0.09924,0.10514,0.10957,1.69994
11,1826030.0,0.00639,0.128201,0.172503
10,1826030.0,0.09924,0.105573,0.109727,1.69338
11,1826030.0,0.00742696,0.127057,0.166106
10,1826030.0,0.09924,0.105297,0.10957,1.68837
11,1826030.0,0.00650522,0.128201,0.173302
10,1826030.0,0.09924,0.10514,0.109727,1.69
11,1826030.0,0.00639,0.127743,0.175301
10,1826040.0,0.09924,0.10514,0.10957,1.69113
11,1826040.0,0.00654362,0.126371,0.170903
10,1826040.0,0.09924,0.105966,0.109806,1.68542
11,1826040.0,0.00639,0.128201,0.1765
10,1826040.0,0.09924,0.10514,0.10957,1.67599
11,1826040.0,0.00639,0.128429,0.180898
-1930424573.0,1826040.0,11.6458,130,34,0,0,0,1,1
-1930424829.0,1826040.0,0.125,0.247916,0.279166,0
10,1826040.0,0.09924,0.10514,0.109649,1.67103
11,1826040.0,0.00639,0.127972,0.1773
10,1826040.0,0.09924,0.105651,0.109767,1.67339
11,1826040.0,0.00639,0.127743,0.174901
10,1826040.0,0.09924,0.10514,0.109609,1.67681
11,1826040.0,0.00646681,0.126599,0.166506
10,1826040.0,0.09924,0.10514,0.10957,1.67386
11,1826040.0,0.00639,0.127514,0.178099
10,1826040.0,0.09924,0.10514,0.10957,1.66614
11,1826040.0,0.00639,0.127057,0.171303
10,1826040.0,0.09924,0.105337,0.109609,1.66303
11,1826040.0,0.00639,0.128887,0.181298
10,1826040.0,0.09924,0.105376,0.109609,1.66726
11,1826040.0,0.00639,0.128658,0.175701
10,1826050.0,0.09924,0.105376,0.109727,1.67351
11,1826050.0,0.00642841,0.128429,0.182497
10,1826050.0,0.09924,0.105848,0.109649,1.67483
11,1826050.0,0.00639,0.128429,0.178499
10,1826050.0,0.09924,0.10514,0.10957,1.67281
11,1826050.0,0.00639,0.127972,0.171303
-1930424573.0,1826050.0,11.6458,133,34,0,0,0,1,1
-1930424829.0,1826050.0,0.108333,0.2125,0.239583,0
10,1826050.0,0.09924,0.10514,0.10957,1.67467
11,1826050.0,0.00639,0.127972,0.172503
10,1826050.0,0.09924,0.10514,0.10957,1.68166
11,1826050.0,0.00639,0.127057,0.170504
10,1826050.0,0.09924,0.105494,0.10957,1.68895
11,1826050.0,0.00639,0.128887,0.174102
10,1826050.0,0.09924,0.105887,0.10957,1.69047
11,1826050.0,0.00673565,0.126828,0.170504
10,1826050.0,0.09924,0.106163,0.109924,1.68861
11,1826050.0,0.00639,0.128887,0.167305
10,1826050.0,0.09924,0.10514,0.10957,1.69031
11,1826050.0,0.00639,0.127514,0.172503
10,1826050.0,0.09924,0.105376,0.10957,1.69873
11,1826050.0,0.00700449,0.126371,0.162108
10,1826060.0,0.09924,0.106281,0.109806,1.70576
11,1826060.0,0.00642841,0.126599,0.168105
10,1826060.0,0.09924,0.105927,0.109767,1.70487
11,1826060.0,0.00639,0.126599,0.170104
10,1826060.0,0.09924,0.106005,0.109649,1.69866
11,1826060.0,0.00646681,0.127057,0.165307
-1930424573.0,1826060.0,11.6666,137,34,0,0,0,1,1
-1930424829.0,1826060.0,0.0979165,0.19375,0.21875,0
10,1826060.0,0.09924,0.105494,0.10957,1.69536
11,1826060.0,0.00654362,0.127286,0.168905
10,1826060.0,0.09924,0.10514,0.109688,1.69916
11,1826060.0,0.00639,0.128201,0.170504
10,1826060.0,0.09924,0.105651,0.10957,1.70378
12,1826060.0
11,1826060.0,0.00639,0.128429,0.166906
10,1826060.0,0.09924,0.10514,0.109806,1.70033
11,1826060.0,0.00681246,0.126142,0.167705
10,1826060.0,0.09924,0.105415,0.109649,1.69124
11,1826060.0,0.00639,0.128429,0.174501
10,1826060.0,0.09924,0.105848,0.109609,1.68612
11,1826060.0,0.00688928,0.127286,0.171303
10,1826060.0,0.09924,0.105258,0.10957,1.68639
11,1826060.0,0.00639,0.127286,0.172103
10,1826070.0,0.09924,0.105337,0.10957,1.68667
11,1826070.0,0.00639,0.128658,0.180098
10,1826070.0,0.09924,0.105415,0.109688,1.68143
11,1826070.0,0.00639,0.128201,0.178899
10,1826070.0,0.09924,0.105691,0.109649,1.67235
11,1826070.0,0.00639,0.128201,0.174901
-1930424573.0,1826070.0,11.6666,132,34,0,0,0,1,1
-1930424829.0,1826070.0,0.0895832,0.177083,0.2,0
10,1826070.0,0.09924,0.10514,0.109885,1.66835
11,1826070.0,0.00639,0.126371,0.175701
10,1826070.0,0.09924,0.105297,0.10957,1.6704
11,1826070.0,0.00639,0.126828,0.172503
10,1826070.0,0.09924,0.10514,0.109767,1.67355
11,1826070.0,0.00646681,0.127972,0.1769
10,1826070.0,0.09924,0.105297,0.110042,1.6699
11,1826070.0,0.00696609,0.127514,0.169704
10,1826070.0,0.09924,0.10514,0.10957,1.66264
11,1826070.0,0.00639,0.127743,0.166906
10,1826070.0,0.09924,0.10514,0.10957,1.66004
11,1826070.0,0.00639,0.128887,0.172902
10,1826070.0,0.09924,0.105219,0.10957,1.66579
11,1826070.0,0.00639,0.128429,0.169704
10,1826080.0,0.09924,0.10514,0.109649,1.67289
11,1826080.0,0.00646681,0.128658,0.170504
10,1826080.0,0.09924,0.105219,0.10957,1.67398
11,1826080.0,0.00639,0.126828,0.167705
10,1826080.0,0.09924,0.105887,0.10957,1.67029
11,1826080.0,0.00639,0.129344,0.163308
10,1826080.0,0.09924,0.10514,0.10957,1.67091
-1930424573.0,1826080.0,11.6666,136,34,0,0,0,1,1
-1930424829.0,1826080.0,0.0749999,0.15,0.16875,0
11,1826080.0,0.00639,0.127057,0.164507
10,1826080.0,0.09924,0.10514,0.10957,1.67774
11,1826080.0,0.00681246,0.127057,0.165307
10,1826080.0,0.09924,0.105337,0.10957,1.68488
11,1826080.0,0.00639,0.128201,0.170504
10,1826080.0,0.09924,0.10514,0.10957,1.68554
11,1826080.0,0.00639,0.128201,0.167305
10,1826080.0,0.09924,0.10514,0.10957,1.68313
11,1826080.0,0.0070429,0.126828,0.160909
10,1826080.0,0.09924,0.10514,0.10957,1.68352
11,1826080.0,0.00639,0.127514,0.172503
10,1826080.0,0.09924,0.105219,0.10957,1.69241
11,1826080.0,0.00696609,0.126599,0.162908
10,1826090.0,0.09924,0.105494,0.10957,1.69823
11,1826090.0,0.00639,0.128658,0.168105
10,1826090.0,0.09924,0.10514,0.109688,1.69718
11,1826090.0,0.00639,0.126599,0.169304
10,1826090.0,0.09924,0.105219,0.10957,1.68996
11,1826090.0,0.00639,0.127972,0.166106
-1930424573.0,1826090.0,11.6666,137,35,0,0,0,1,1
-1930424829.0,1826090.0,0.0749999,0.15,0.16875,0
10,1826090.0,0.09924,0.10514,0.10957,1.68806
11,1826090.0,0.00639,0.127972,0.168105
10,1826090.0,0.09924,0.10514,0.109609,1.69412
11,1826090.0,0.00677406,0.127286,0.167305
10,1826090.0,0.09924,0.105219,0.10957,1.69951
11,1826090.0,0.00639,0.127057,0.169704
10,1826090.0,0.09924,0.105179,0.10957,1.69617
11,1826090.0,0.00639,0.127514,0.173302
10,1826090.0,0.09924,0.105494,0.109806,1.68818
11,1826090.0,0.00692768,0.127514,0.173302
10,1826090.0,0.09924,0.10514,0.10957,1.68337
11,1826090.0,0.00639,0.127286,0.173702
10,1826090.0,0.09924,0.10514,0.10957,1.6862
11,1826090.0,0.00639,0.127972,0.178499
10,1826100.0,0.09924,0.105337,0.10957,1.68872
11,1826100.0,0.00639,0.127743,0.1777
10,1826100.0,0.09924,0.105494,0.110082,1.68461
11,1826100.0,0.0070429,0.127972,0.179299
10,1826100.0,0.09924,0.10514,0.10957,1.67545
11,1826100.0,0.00639,0.128201,0.181298
10,1826100.0,0.09924,0.105258,0.109609,1.67238
11,1826100.0,0.00639,0.127972,0.182497
10,1826100.0,0.09924,0.10514,0.109806,1.67654
-1930424573.0,1826100.0,11.6687,130,35,0,0,0,1,0
-1930424829.0,1826100.0,0.0666666,0.133333,0.15,0
10,1827460.0,0.09924,0.105258,0.109767,1.70258
11,1827460.0,0.00650522,0.127972,0.168905
10,1827460.0,0.09924,0.105927,0.109767,1.70269
11,1827460.0,0.00639,0.128429,0.171303
10,1827460.0,0.09924,0.105258,0.10957,1.70219
12,1827460.0
11,1827460.0,0.00639,0.128429,0.174901
10,1827460.0,0.09924,0.105337,0.10957,1.70091
11,1827460.0,0.00681246,0.126599,0.168105
10,1827460.0,0.09924,0.10514,0.10957,1.69986
11,1827460.0,0.00662043,0.127057,0.1765
10,1827460.0,0.09924,0.105769,0.109767,1.69815
11,1827460.0,0.00639,0.128429,0.171703
10,1827460.0,0.09924,0.10514,0.10957,1.69641
11,1827460.0,0.00642841,0.127972,0.178499
10,1827470.0,0.09924,0.10514,0.109609,1.69419
11,1827470.0,0.00639,0.127514,0.182497
10,1827470.0,0.09924,0.10514,0.109609,1.69233
11,1827470.0,0.00639,0.127743,0.175301
10,1827470.0,0.09924,0.10514,0.109924,1.68965
11,1827470.0,0.00639,0.127057,0.178099
-1930424573.0,1827470.0,11.6729,133,34,0,0,0,2,1
-1930424829.0,1827470.0,0,0,0,0
10,1827470.0,0.09924,0.10514,0.109609,1.68682
11,1827470.0,0.00639,0.127514,0.182497
10,1827470.0,0.09924,0.10514,0.109806,1.68403
11,1827470.0,0.00639,0.128201,0.178499
10,1827470.0,0.09924,0.10514,0.109806,1.68244
11,1827470.0,0.00639,0.127972,0.1773
10,1827470.0,0.09924,0.10514,0.109767,1.68069
11,1827470.0,0.00639,0.128658,0.180098
10,1827470.0,0.09924,0.10514,0.10957,1.68123
11,1827470.0,0.00646681,0.127514,0.167705
10,1827470.0,0.09924,0.10514,0.109885,1.68042
11,1827470.0,0.00642841,0.127743,0.180098
10,1827470.0,0.09924,0.105415,0.109846,1.68084
11,1827470.0,0.00658203,0.127057,0.169304
10,1827480.0,0.09924,0.10514,0.10957,1.68158
11,1827480.0,0.00639,0.127743,0.173302
10,1827480.0,0.09924,0.105848,0.10957,1.6824
11,1827480.0,0.00639,0.127972,0.165706
10,1827480.0,0.09924,0.105415,0.10957,1.68407
11,1827480.0,0.00639,0.128429,0.164507
-1930424573.0,1827480.0,11.6729,136,34,0,0,0,2,1
-1930424829.0,1827480.0,0,0,0,0
10,1827480.0,0.09924,0.10514,0.10957,1.6862
11,1827480.0,0.00639,0.127972,0.167705
10,1827480.0,0.09924,0.10514,0.10957,1.68942
11,1827480.0,0.00639,0.128201,0.163308
10,1827480.0,0.09924,0.105297,0.10957,1.69299
11,1827480.0,0.00685087,0.126371,0.166906
10,1827480.0,0.09924,0.10514,0.10957,1.69497
11,1827480.0,0.00639,0.127743,0.165706
10,1827480.0,0.09924,0.10514,0.109727,1.69761
11,1827480.0,0.00654362,0.127057,0.166506
10,1827480.0,0.09924,0.105612,0.10957,1.69854
11,1827480.0,0.00639,0.128429,0.171703
10,1827480.0,0.09924,0.105415,0.10957,1.69916
11,1827480.0,0.00639,0.127514,0.167305
10,1827490.0,0.09924,0.105573,0.10957,1.70091
11,1827490.0,0.00639,0.128658,0.169304
10,1827490.0,0.09924,0.10514,0.110239,1.70203
11,1827490.0,0.00639,0.128201,0.172902
10,1827490.0,0.09924,0.105219,0.10957,1.70316
11,1827490.0,0.00688928,0.126142,0.162908
-1930424573.0,1827490.0,11.6729,137,34,0,0,0,2,1
-1930424829.0,1827490.0,0,0,0,0
10,1827490.0,0.09924,0.105966,0.109767,1.703
11,1827490.0,0.00639,0.128429,0.170104
10,1827490.0,0.09924,0.105337,0.109609,1.70145
11,1827490.0,0.00639,0.127743,0.175701
10,1827490.0,0.09924,0.10514,0.110161,1.7018
11,1827490.0,0.00658203,0.126599,0.174501
10,1827490.0,0.09924,0.105297,0.10957,1.70071
11,1827490.0,0.00639,0.128658,0.170504
10,1827490.0,0.09924,0.10514,0.109649,1.69835
11,1827490.0,0.00639,0.127972,0.178099
10,1827490.0,0.09924,0.105887,0.10957,1.6947
11,1827490.0,0.00639,0.128201,0.1765
10,1827490.0,0.09924,0.105179,0.10957,1.69264
11,1827490.0,0.00639,0.128201,0.1769
10,1827500.0,0.09924,0.10514,0.109688,1.69253
11,1827500.0,0.00639,0.127514,0.175301
10,1827500.0,0.09924,0.10573,0.109688,1.69268
11,1827500.0,0.00639,0.127743,0.182097
10,1827500.0,0.09924,0.10514,0.109964,1.68927
11,1827500.0,0.00639,0.128658,0.179299
10,1827500.0,0.09924,0.10514,0.10957,1.68399
11,1827500.0,0.00646681,0.126371,0.172503
-1930424573.0,1827500.0,11.6437,130,34,0,0,0,2,1
-1930424829.0,1827500.0,0,0,0,0
10,1827500.0,0.09924,0.105337,0.109924,1.68061
11,1827500.0,0.00658203,0.127057,0.174901
10,1827500.0,0.09924,0.10514,0.10957,1.68015
11,1827500.0,0.00650522,0.128201,0.178499
10,1827500.0,0.09924,0.10514,0.10957,1.68271
11,1827500.0,0.00673565,0.126599,0.167305
10,1827500.0,0.09924,0.105258,0.10957,1.68189
11,1827500.0,0.00639,0.127972,0.171703
10,1827500.0,0.09924,0.10514,0.10957,1.68092
11,1827500.0,0.00639,0.128201,0.178099
10,1827500.0,0.09924,0.10514,0.109964,1.68115
11,1827500.0,0.00715812,0.127057,0.168105
10,1827510.0,0.09924,0.105179,0.10957,1.68348
11,1827510.0,0.00646681,0.129115,0.169704
10,1827510.0,0.09924,0.105415,0.109688,1.68612
11,1827510.0,0.00639,0.128429,0.161709
10,1827510.0,0.09924,0.10514,0.109649,1.68752
11,1827510.0,0.00685087,0.126142,0.170104
-1930424573.0,1827510.0,11.6437,136,34,0,0,0,2,1
-1930424829.0,1827510.0,0,0,0,0
10,1827510.0,0.09924,0.105415,0.109649,1.68802
11,1827510.0,0.00639,0.128658,0.173702
10,1827510.0,0.09924,0.10514,0.10957,1.69097
11,1827510.0,0.00639,0.127286,0.164907
10,1827510.0,0.09924,0.105297,0.10957,1.69513
12,1827510.0
11,1827510.0,0.00646681,0.128658,0.164107
10,1827510.0,0.09924,0.105297,0.10957,1.698
11,1827510.0,0.00639,0.126371,0.165706
10,1827510.0,0.09924,0.10514,0.10957,1.69796
11,1827510.0,0.00658203,0.128201,0.174102
10,1827510.0,0.09924,0.10514,0.110042,1.6971
11,1827510.0,0.00658203,0.127743,0.172103
10,1827510.0,0.09924,0.105376,0.10957,1.69718
11,1827510.0,0.00639,0.128201,0.164907
10,1827520.0,0.09924,0.105533,0.10957,1.69943
11,1827520.0,0.00639,0.128429,0.179698
10,1827520.0,0.09924,0.10514,0.10957,1.70172
11,1827520.0,0.00639,0.127743,0.172103
10,1827520.0,0.09924,0.105573,0.110082,1.7023
11,1827520.0,0.00642841,0.128658,0.173702
-1930424573.0,1827520.0,11.6562,135,34,0,0,0,2,1
-1930424829.0,1827520.0,0,0,0,0
10,1827520.0,0.09924,0.10514,0.10957,1.70009
11,1827520.0,0.00639,0.126599,0.166906
10,1827520.0,0.09924,0.10514,0.109609,1.69749
11,1827520.0,0.00639,0.128658,0.1773
10,1827520.0,0.09924,0.10514,0.10957,1.69578
11,1827520.0,0.00639,0.127514,0.176101
10,1827520.0,0.09924,0.105179,0.109649,1.69497
11,1827520.0,0.00654362,0.126599,0.172902
10,1827520.0,0.09924,0.105455,0.10957,1.69264
11,1827520.0,0.00639,0.127514,0.167705
10,1827520.0,0.09924,0.105179,0.10957,1.68965
11,1827520.0,0.00646681,0.127743,0.174501
10,1827520.0,0.09924,0.105691,0.10957,1.68663
11,1827520.0,0.00669725,0.127286,0.176101
10,1827530.0,0.09924,0.10514,0.10957,1.68395
11,1827530.0,0.00639,0.127972,0.184896
10,1827530.0,0.09924,0.105179,0.109846,1.68146
11,1827530.0,0.00658203,0.127743,0.180098
10,1827530.0,0.09924,0.10514,0.10957,1.67793
11,1827530.0,0.00639,0.127972,0.178099
-1930424573.0,1827530.0,11.6562,131,34,0,0,0,2,1
-1930424829.0,1827530.0,0,0,0,0
10,1827530.0,0.09924,0.105887,0.109727,1.67502
11,1827530.0,0.00642841,0.128658,0.172503
10,1827530.0,0.09924,0.10514,0.10957,1.67242
11,1827530.0,0.00639,0.128429,0.178499
10,1827530.0,0.09924,0.10514,0.10957,1.67269
11,1827530.0,0.00642841,0.127514,0.171303
10,1827530.0,0.09924,0.10573,0.109806,1.67328
11,1827530.0,0.00639,0.127972,0.172103
10,1827530.0,0.09924,0.10514,0.10957,1.67429
11,1827530.0,0.00639,0.128201,0.174102
10,1827530.0,0.09924,0.105219,0.109885,1.67491
11,1827530.0,0.00658203,0.127286,0.164907
10,1827530.0,0.09924,0.10514,0.109727,1.67475
11,1827530.0,0.00639,0.127972,0.172503
10,1827540.0,0.09924,0.10514,0.109688,1.6763
11,1827540.0,0.00681246,0.126828,0.164907
10,1827540.0,0.09924,0.10514,0.109727,1.67832
11,1827540.0,0.00639,0.127743,0.168505
10,1827540.0,0.09924,0.10514,0.10957,1.67766
11,1827540.0,0.00658203,0.127286,0.162508
-1930424573.0,1827540.0,11.6562,138,34,0,0,0,2,1
-1930424829.0,1827540.0,0,0,0,0
10,1827540.0,0.09924,0.10514,0.10957,1.672
11,1827540.0,0.00639,0.128658,0.165307
10,1827540.0,0.09924,0.105848,0.109649,1.6621
11,1827540.0,0.00727333,0.127514,0.169704
10,1827540.0,0.09924,0.10514,0.10957,1.64778
11,1827540.0,0.00639,0.127286,0.165706
10,1827540.0,0.09924,0.10514,0.10957,1.63447
11,1827540.0,0.00662043,0.127514,0.174102
10,1827540.0,0.09924,0.10514,0.109924,1.61833
11,1827540.0,0.00639,0.127057,0.174901
10,1827540.0,0.09924,0.105494,0.10957,1.59815
11,1827540.0,0.00639,0.128429,0.171703
10,1827540.0,0.09924,0.10514,0.109885,1.57498
11,1827540.0,0.00658203,0.127057,0.166906
10,1827550.0,0.09924,0.105494,0.109609,1.55484
11,1827550.0,0.00639,0.127514,0.168905
10,1827550.0,0.09924,0.105179,0.10957,1.5383
11,1827550.0,0.00654362,0.128201,0.163308
10,1827550.0,0.09924,0.105258,0.10957,1.5286
11,1827550.0,0.00639,0.128201,0.1765
-1930424573.0,1827550.0,11.6562,136,34,0,0,0,2,1
-1930424829.0,1827550.0,0,0,0,0
10,1827550.0,0.09924,0.10514,0.10957,1.5194
11,1827550.0,0.00639,0.128429,0.172503
10,1827550.0,0.09924,0.10514,0.110003,1.50481
11,1827550.0,0.00662043,0.126828,0.175301
10,1827550.0,0.09924,0.105179,0.109846,1.48611
11,1827550.0,0.00639,0.129344,0.175301
10,1827550.0,0.09924,0.10514,0.10957,1.47179
11,1827550.0,0.00642841,0.128429,0.180898
10,1827550.0,0.09924,0.105376,0.10957,1.46472
11,1827550.0,0.00639,0.127743,0.182497
10,1827550.0,0.09924,0.10514,0.10957,1.461
11,1827550.0,0.00639,0.126371,0.174901
10,1827550.0,0.09924,0.105455,0.109806,1.45642
11,1827550.0,0.00639,0.126599,0.173302
10,1827560.0,0.09924,0.10514,0.10957,1.44893
11,1827560.0,0.00639,0.128201,0.176101
10,1827560.0,0.09924,0.10514,0.10957,1.44187
11,1827560.0,0.00639,0.127514,0.179299
10,1827560.0,0.09924,0.10573,0.109924,1.43391
11,1827560.0,0.00639,0.128201,0.176101
-1930424573.0,1827560.0,11.6937,133,34,0,0,0,2,1
-1930424829.0,1827560.0,0,0,0,0
10,1827560.0,0.09924,0.105297,0.109649,1.42743
11,1827560.0,0.00650522,0.127286,0.170903
10,1827560.0,0.09924,0.10514,0.10957,1.42083
11,1827560.0,0.00669725,0.129344,0.172103
10,1827560.0,0.09924,0.10514,0.10957,1.41575
12,1827560.0
11,1827560.0,0.00639,0.128429,0.171703
10,1827560.0,0.09924,0.10514,0.10957,1.41086
11,1827560.0,0.00639,0.127972,0.174901
10,1827560.0,0.09924,0.105415,0.10957,1.40535
11,1827560.0,0.00662043,0.126828,0.170104
10,1827560.0,0.09924,0.10514,0.10957,1.39875
11,1827560.0,0.00685087,0.128201,0.176101
10,1827560.0,0.09924,0.105612,0.10957,1.39243
11,1827560.0,0.00639,0.127972,0.166906
10,1827570.0,0.09924,0.105415,0.10957,1.38777
11,1827570.0,0.00646681,0.128201,0.166506
10,1827570.0,0.09924,0.10514,0.109767,1.38369
11,1827570.0,0.00646681,0.128201,0.173302
10,1827570.0,0.09924,0.10514,0.10957,1.3809
11,1827570.0,0.00639,0.127514,0.165307
-1930424573.0,1827570.0,11.6937,138,34,0,0,0,2,1
-1930424829.0,1827570.0,0,0,0,0
10,1827570.0,0.09924,0.105494,0.109649,1.37756
11,1827570.0,0.00639,0.127972,0.15971
10,1827570.0,0.09924,0.105455,0.10957,1.37492
11,1827570.0,0.00685087,0.126142,0.168505
10,1827570.0,0.09924,0.105258,0.109806,1.3717
11,1827570.0,0.00639,0.128658,0.168905
10,1827570.0,0.09924,0.10514,0.10957,1.37151
11,1827570.0,0.00673565,0.126828,0.170104
10,1827570.0,0.09924,0.10514,0.10957,1.37174
11,1827570.0,0.00654362,0.128201,0.166906
10,1827570.0,0.09924,0.10514,0.10957,1.37027
11,1827570.0,0.00639,0.127972,0.168105
10,1827570.0,0.09924,0.10514,0.109609,1.36965
11,1827570.0,0.00639,0.126371,0.166906
10,1827580.0,0.09924,0.10514,0.10957,1.37166
11,1827580.0,0.00639,0.127743,0.1773
10,1827580.0,0.09924,0.105573,0.110082,1.37663
11,1827580.0,0.00639,0.127743,0.172103
10,1827580.0,0.09924,0.10514,0.10957,1.38218
11,1827580.0,0.00639,0.127972,0.166506
-1930424573.0,1827580.0,11.65,135,34,0,0,0,2,1
-1930424829.0,1827580.0,0,0,0,0
10,1827580.0,0.09924,0.10514,0.109649,1.38494
11,1827580.0,0.00639,0.128429,0.181298
10,1827580.0,0.09924,0.105573,0.10957,1.38808
11,1827580.0,0.00639,0.127286,0.168105
10,1827580.0,0.09924,0.10514,0.109806,1.39347
11,1827580.0,0.00639,0.127286,0.182497
10,1827580.0,0.09924,0.105297,0.10957,1.40353
11,1827580.0,0.00639,0.128887,0.171703
10,1827580.0,0.09924,0.10514,0.109727,1.41517
11,1827580.0,0.00681246,0.126371,0.174102
10,1827580.0,0.09924,0.105848,0.109649,1.42285
11,1827580.0,0.00654362,0.127972,0.184496
10,1827580.0,0.09924,0.105258,0.10957,1.43135
11,1827580.0,0.00639,0.128429,0.1765
10,1827590.0,0.09924,0.10514,0.109727,1.44342
11,1827590.0,0.00696609,0.127286,0.174102
10,1827590.0,0.09924,0.10514,0.10957,1.45937
11,1827590.0,0.00646681,0.128201,0.1773
10,1827590.0,0.09924,0.10514,0.110003,1.47575
11,1827590.0,0.00677406,0.127514,0.170504
-1930424573.0,1827590.0,11.65,132,35,0,0,0,2,1
-1930424829.0,1827590.0,0,0,0,0
10,1827590.0,0.09924,0.10514,0.10957,1.48929
11,1827590.0,0.00639,0.126371,0.168905
10,1827590.0,0.09924,0.105258,0.10957,1.50264
11,1827590.0,0.00639,0.128658,0.169304
10,1827590.0,0.09924,0.105455,0.109727,1.52329
11,1827590.0,0.00639,0.127286,0.167305
10,1827590.0,0.09924,0.105533,0.10957,1.54707
11,1827590.0,0.00639,0.127743,0.170903
10,1827590.0,0.09924,0.105297,0.109609,1.56927
11,1827590.0,0.00639,0.127972,0.163708
10,1827590.0,0.09924,0.10514,0.10957,1.58561
11,1827590.0,0.00639,0.128887,0.172103
10,1827590.0,0.09924,0.10514,0.10957,1.60106
11,1827590.0,0.00639,0.127743,0.166106
10,1827600.0,0.09924,0.10514,0.10957,1.62193
11,1827600.0,0.00639,0.126371,0.165706
10,1827600.0,0.09924,0.105809,0.109649,1.64433
11,1827600.0,0.00639,0.127743,0.173302
10,1827600.0,0.09924,0.10514,0.10957,1.6602
11,1827600.0,0.00639,0.128201,0.165307
10,1827600.0,0.09924,0.105179,0.10957,1.66478
11,1827600.0,0.00639,0.127743,0.168905
-1930424573.0,1827600.0,11.65,137,35,0,0,0,2,1
-1930424829.0,1827600.0,0,0,0,0
10,1827600.0,0.09924,0.105651,0.10957,1.66687
11,1827600.0,0.00639,0.128658,0.168905
10,1827600.0,0.09924,0.10514,0.10957,1.67227
11,1827600.0,0.00639,0.129115,0.175701
10,1827600.0,0.09924,0.105337,0.109924,1.6777
11,1827600.0,0.00688928,0.126828,0.169304
10,1827600.0,0.09924,0.106084,0.109767,1.67526
11,1827600.0,0.00639,0.128429,0.171703
10,1827600.0,0.09924,0.10514,0.10957,1.66575
11,1827600.0,0.00639,0.127057,0.169704
10,1827600.0,0.09924,0.10514,0.109846,1.65558
11,1827600.0,0.00639,0.128429,0.178899
10,1827610.0,0.09924,0.10514,0.109727,1.65376
11,1827610.0,0.00692768,0.128429,0.172503
10,1827610.0,0.09924,0.105179,0.10957,1.65414
11,1827610.0,0.00639,0.128887,0.179299
10,1827610.0,0.09924,0.10514,0.109846,1.65003
11,1827610.0,0.00639,0.127743,0.173702
-1930424573.0,1827610.0,11.65,133,35,0,0,0,2,1
-1930424829.0,1827610.0,0,0,0,0
10,1827610.0,0.09924,0.105573,0.109885,1.64553
11,1827610.0,0.00700449,0.127286,0.174501
10,1827610.0,0.09924,0.105179,0.10957,1.64623
11,1827610.0,0.00639,0.127972,0.178099
10,1827610.0,0.09924,0.105494,0.10957,1.65756
12,1827610.0
11,1827610.0,0.00639,0.128201,0.169704
10,1827610.0,0.09924,0.10514,0.109649,1.67106
11,1827610.0,0.00669725,0.127743,0.172103
10,1827610.0,0.09924,0.105179,0.10957,1.67537
11,1827610.0,0.00639,0.128201,0.171703
10,1827610.0,0.09924,0.10514,0.10957,1.67723
11,1827610.0,0.00650522,0.128429,0.178899
10,1827610.0,0.09924,0.10514,0.10957,1.68193
11,1827610.0,0.00639,0.127972,0.1769
10,1827620.0,0.09924,0.10514,0.10957,1.69253
11,1827620.0,0.00639,0.129115,0.169304
10,1827620.0,0.09924,0.105179,0.10957,1.69819
11,1827620.0,0.00642841,0.128201,0.168105
10,1827620.0,0.09924,0.10514,0.10957,1.69062
11,1827620.0,0.00639,0.128887,0.169304
-1930424573.0,1827620.0,11.6771,133,35,0,0,0,2,1
-1930424829.0,1827620.0,0,0,0,0
10,1827620.0,0.09924,0.10514,0.10957,1.68057
11,1827620.0,0.00639,0.128887,0.166506
10,1827620.0,0.09924,0.10514,0.10957,1.67692
11,1827620.0,0.00639,0.126599,0.163708
10,1827620.0,0.09924,0.10514,0.10957,1.68166
11,1827620.0,0.00639,0.126599,0.167705
10,1827620.0,0.09924,0.10514,0.10957,1.68022
11,1827620.0,0.00639,0.128429,0.171303
10,1827620.0,0.09924,0.105376,0.10957,1.66691
11,1827620.0,0.00639,0.127972,0.172103
10,1827620.0,0.09924,0.105219,0.10957,1.65147
11,1827620.0,0.00715812,0.127514,0.168105
10,1827620.0,0.09924,0.10514,0.10957,1.6465
11,1827620.0,0.00654362,0.128429,0.167305
10,1827630.0,0.09924,0.105415,0.10957,1.65597
11,1827630.0,0.00650522,0.127743,0.162908
10,1827630.0,0.09924,0.10514,0.10957,1.66288
11,1827630.0,0.00639,0.127972,0.171703
10,1827630.0,0.09924,0.10514,0.10957,1.65853
11,1827630.0,0.00658203,0.127743,0.162908
-1930424573.0,1827630.0,11.6771,138,35,0,0,0,2,1
-1930424829.0,1827630.0,0,0,0,0
10,1827630.0,0.09924,0.105573,0.10957,1.6498
11,1827630.0,0.00639,0.128887,0.162908
10,1827630.0,0.09924,0.10514,0.10957,1.65054
11,1827630.0,0.00639,0.127743,0.174102
10,1827630.0,0.09924,0.10514,0.10957,1.66427
11,1827630.0,0.00673565,0.127286,0.166106
10,1827630.0,0.09924,0.105691,0.109649,1.67712
11,1827630.0,0.00639,0.128201,0.172503
10,1827630.0,0.09924,0.10514,0.10957,1.67522
11,1827630.0,0.00639,0.127972,0.166906
10,1827630.0,0.09924,0.105573,0.10957,1.66645
11,1827630.0,0.00639,0.128201,0.169704
10,1827630.0,0.09924,0.105219,0.1102,1.66742
11,1827630.0,0.00654362,0.128887,0.170104
10,1827640.0,0.09924,0.105179,0.10957,1.6803
11,1827640.0,0.00639,0.128201,0.179299
10,1827640.0,0.09924,0.10514,0.10957,1.69237
11,1827640.0,0.00639,0.127743,0.179698
10,1827640.0,0.09924,0.105887,0.109609,1.68872
11,1827640.0,0.00673565,0.127743,0.1765
-1930424573.0,1827640.0,11.6875,134,35,0,0,0,2,1
-1930424829.0,1827640.0,0,0,0,0
10,1827640.0,0.09924,0.10514,0.10957,1.67421
11,1827640.0,0.00639,0.129344,0.179299
10,1827640.0,0.09924,0.10514,0.10957,1.66804
11,1827640.0,0.00639,0.127057,0.174901
10,1827640.0,0.09924,0.105809,0.109964,1.67937
11,1827640.0,0.00639,0.127514,0.171703
10,1827640.0,0.09924,0.10514,0.10957,1.69055
11,1827640.0,0.00639,0.129115,0.171303
10,1827640.0,0.09924,0.105337,0.10957,1.68701
11,1827640.0,0.00639,0.128201,0.171303
10,1827640.0,0.09924,0.105494,0.109767,1.67297
11,1827640.0,0.00662043,0.127972,0.174901
10,1827640.0,0.09924,0.105258,0.10957,1.66567
11,1827640.0,0.00642841,0.127057,0.169704
10,1827650.0,0.09924,0.10514,0.10957,1.67421
11,1827650.0,0.00650522,0.129115,0.179698
10,1827650.0,0.09924,0.105494,0.10957,1.68616
11,1827650.0,0.00639,0.128658,0.169704
10,1827650.0,0.09924,0.10514,0.109806,1.68674
11,1827650.0,0.00688928,0.127972,0.170504
-1930424573.0,1827650.0,11.6875,135,35,0,0,0,2,1
-1930424829.0,1827650.0,0,0,0,0
10,1827650.0,0.09924,0.10514,0.10957,1.67634
11,1827650.0,0.00639,0.126371,0.166506
10,1827650.0,0.09924,0.10514,0.10957,1.67153
11,1827650.0,0.00639,0.127972,0.165307
10,1827650.0,0.09924,0.10514,0.10957,1.68139
11,1827650.0,0.00639,0.127286,0.169304
10,1827650.0,0.09924,0.105179,0.10957,1.69334
11,1827650.0,0.00685087,0.126828,0.163708
10,1827650.0,0.09924,0.10514,0.10957,1.69121
11,1827650.0,0.00639,0.128429,0.162108
10,1827650.0,0.09924,0.10514,0.10957,1.67848
11,1827650.0,0.00639,0.127743,0.170903
10,1827650.0,0.09924,0.10573,0.10957,1.67149
11,1827650.0,0.00639,0.128429,0.162908
10,1827660.0,0.09924,0.105258,0.10957,1.67875
11,1827660.0,0.00650522,0.127972,0.168105
10,1827660.0,0.09924,0.10514,0.10957,1.68946
11,1827660.0,0.00639,0.127514,0.161709
10,1827660.0,0.09924,0.105258,0.10957,1.68527
11,1827660.0,0.00639,0.128429,0.1765
-1930424573.0,1827660.0,11.6604,138,35,0,0,0,2,1
-1930424829.0,1827660.0,0,0,0,0
10,1827660.0,0.09924,0.10514,0.109688,1.67087
11,1827660.0,0.00669725,0.127057,0.172503
10,1827660.0,0.09924,0.105455,0.10957,1.66016
11,1827660.0,0.00662043,0.128201,0.1765
10,1827660.0,0.09924,0.10514,0.109649,1.66501
12,1827660.0
11,1827660.0,0.00639,0.127286,0.169304
10,1827660.0,0.09924,0.105612,0.10957,1.67378
11,1827660.0,0.00639,0.127743,0.173302
10,1827660.0,0.09924,0.10514,0.10957,1.67033
11,1827660.0,0.00639,0.128887,0.175701
10,1827660.0,0.09924,0.105691,0.10957,1.65702
11,1827660.0,0.00639,0.128429,0.175301
10,1827660.0,0.09924,0.10514,0.110042,1.64852
11,1827660.0,0.00677406,0.128201,0.1765
10,1827670.0,0.09924,0.10514,0.10957,1.651
11,1827670.0,0.00639,0.128658,0.172103
10,1827670.0,0.09924,0.105573,0.109688,1.65942
11,1827670.0,0.00639,0.128658,0.171703
10,1827670.0,0.09924,0.10514,0.109609,1.65624
11,1827670.0,0.00639,0.128429,0.181298
-1930424573.0,1827670.0,11.6604,132,35,0,0,0,2,1
-1930424829.0,1827670.0,0,0,0,0
10,1827670.0,0.09924,0.106045,0.109964,1.64483
11,1827670.0,0.00665884,0.127286,0.174901
10,1827670.0,0.09924,0.10514,0.10957,1.63761
11,1827670.0,0.00639,0.128429,0.180898
10,1827670.0,0.09924,0.10514,0.10957,1.6444
11,1827670.0,0.00650522,0.127514,0.172103
10,1827670.0,0.09924,0.10514,0.109609,1.65531
11,1827670.0,0.00639,0.128201,0.174901
10,1827670.0,0.09924,0.105573,0.10957,1.65608
11,1827670.0,0.00673565,0.128201,0.173302
10,1827670.0,0.09924,0.10514,0.10957,1.64708
11,1827670.0,0.00639,0.127057,0.165706
10,1827670.0,0.09924,0.10514,0.109688,1.64355
11,1827670.0,0.00646681,0.128201,0.179299
10,1827680.0,0.09924,0.10514,0.10957,1.65395
11,1827680.0,0.00639,0.128658,0.164107
10,1827680.0,0.09924,0.10514,0.109609,1.66901
11,1827680.0,0.00746536,0.126828,0.170903
10,1827680.0,0.09924,0.105179,0.10957,1.67312
11,1827680.0,0.00639,0.126828,0.166506
-1930424573.0,1827680.0,11.6604,135,35,0,0,0,2,1
-1930424829.0,1827680.0,0,0,0,0
10,1827680.0,0.09924,0.10514,0.10957,1.66656
11,1827680.0,0.00639,0.128658,0.167305
10,1827680.0,0.09924,0.10514,0.10957,1.66544
11,1827680.0,0.00650522,0.129115,0.165706
10,1827680.0,0.09924,0.10514,0.10957,1.67692
11,1827680.0,0.00639,0.127972,0.165307
10,1827680.0,0.09924,0.105297,0.10957,1.69074
11,1827680.0,0.00639,0.129344,0.163308
10,1827680.0,0.09924,0.10514,0.10957,1.6914
11,1827680.0,0.00639,0.126828,0.162508
10,1827680.0,0.09924,0.105337,0.10957,1.68061
11,1827680.0,0.00639,0.128201,0.15971
10,1827680.0,0.09924,0.10514,0.109727,1.6751
11,1827680.0,0.00662043,0.128429,0.172103
10,1827690.0,0.09924,0.10514,0.109727,1.68313
11,1827690.0,0.00639,0.127743,0.169304
10,1827690.0,0.09924,0.105376,0.109609,1.69427
11,1827690.0,0.00639,0.128887,0.166506
10,1827690.0,0.09924,0.105769,0.109924,1.69012
11,1827690.0,0.00681246,0.128658,0.163708
-1930424573.0,1827690.0,11.6604,136,35,0,0,0,2,1
-1930424829.0,1827690.0,0,0,0,0
10,1827690.0,0.09924,0.105219,0.10957,1.67456
11,1827690.0,0.00639,0.128201,0.168505
10,1827690.0,0.09924,0.105258,0.109649,1.66326
11,1827690.0,0.00639,0.127972,0.172103
10,1827690.0,0.09924,0.105337,0.109649,1.66594
11,1827690.0,0.0070813,0.126828,0.170104
10,1827690.0,0.09924,0.10514,0.10957,1.67498
11,1827690.0,0.00639,0.129115,0.180498
10,1827690.0,0.09924,0.10514,0.10957,1.67273
11,1827690.0,0.00681246,0.128429,0.170104
10,1827690.0,0.09924,0.10514,0.10957,1.65771
11,1827690.0,0.00639,0.128658,0.180898
10,1827690.0,0.09924,0.10514,0.109727,1.64654
11,1827690.0,0.00677406,0.127286,0.170104
10,1827700.0,0.09924,0.105179,0.10957,1.64762
11,1827700.0,0.00639,0.127743,0.178099
10,1827700.0,0.09924,0.105297,0.10957,1.65577
11,1827700.0,0.00639,0.128429,0.174501
10,1827700.0,0.09924,0.10514,0.10957,1.65364
11,1827700.0,0.00639,0.128429,0.169704
10,1827700.0,0.09924,0.10514,0.109727,1.64308
11,1827700.0,0.00639,0.128201,0.1773
-1930424573.0,1827700.0,11.6729,131,35,0,0,0,2,1
-1930424829.0,1827700.0,0,0,0,0
10,1827700.0,0.09924,0.105651,0.10957,1.63633
11,1827700.0,0.00639,0.127514,0.170104
10,1827700.0,0.09924,0.105533,0.10957,1.64324
11,1827700.0,0.00639,0.128887,0.172503
10,1827700.0,0.09924,0.10514,0.10957,1.65438
11,1827700.0,0.00639,0.128429,0.174501
10,1827700.0,0.09924,0.105297,0.109964,1.65682
11,1827700.0,0.00639,0.128658,0.173302
10,1827700.0,0.09924,0.10514,0.10957,1.64999
11,1827700.0,0.00639,0.128201,0.178099
10,1827700.0,0.09924,0.10514,0.109688,1.64852
11,1827700.0,0.00654362,0.127972,0.170504
10,1827710.0,0.09924,0.10514,0.10957,1.65973
11,1827710.0,0.00639,0.126828,0.164507
10,1827710.0,0.09924,0.10514,0.109767,1.67607
11,1827710.0,0.00658203,0.128429,0.176101
10,1827710.0,0.09924,0.10514,0.10957,1.68007
11,1827710.0,0.00639,0.127743,0.169704
-1930424573.0,1827710.0,11.6729,138,35,0,0,0,2,1
-1930424829.0,1827710.0,0,0,0,0
10,1827710.0,0.09924,0.105376,0.10957,1.67401
11,1827710.0,0.00639,0.127972,0.164507
10,1827710.0,0.09924,0.105612,0.10957,1.67029
11,1827710.0,0.00639,0.127057,0.164107
10,1827710.0,0.09924,0.10514,0.10957,1.6789
12,1827710.0
11,1827710.0,0.00639,0.128201,0.170104
10,1827710.0,0.09924,0.105415,0.109806,1.69058
11,1827710.0,0.00639,0.127743,0.168505
10,1827710.0,0.09924,0.10514,0.10957,1.68892
11,1827710.0,0.00639,0.128658,0.163708
10,1827710.0,0.09924,0.105533,0.109688,1.67739
11,1827710.0,0.0070429,0.127743,0.163308
10,1827710.0,0.09924,0.10514,0.10957,1.66874
11,1827710.0,0.00639,0.128658,0.167705
10,1827720.0,0.09924,0.105337,0.109688,1.67343
11,1827720.0,0.00639,0.127743,0.166906
10,1827720.0,0.09924,0.105573,0.10957,1.68081
11,1827720.0,0.00681246,0.127057,0.166506
10,1827720.0,0.09924,0.105258,0.10957,1.67316
11,1827720.0,0.00639,0.128429,0.166106
-1930424573.0,1827720.0,11.7083,137,35,0,0,0,2,1
-1930424829.0,1827720.0,0,0,0,0
10,1827720.0,0.09924,0.105415,0.109649,1.65585
11,1827720.0,0.00639,0.128887,0.170504
10,1827720.0,0.09924,0.10514,0.109924,1.64398
11,1827720.0,0.00673565,0.127286,0.173702
10,1827720.0,0.09924,0.10514,0.10957,1.64731
11,1827720.0,0.00639,0.127972,0.174102
10,1827720.0,0.09924,0.105219,0.109924,1.65605
11,1827720.0,0.00639,0.127743,0.184496
10,1827720.0,0.09924,0.10514,0.109727,1.65271
11,1827720.0,0.00639,0.128201,0.181298
10,1827720.0,0.09924,0.105415,0.109609,1.64111
11,1827720.0,0.00639,0.126599,0.171703
10,1827720.0,0.09924,0.105258,0.109688,1.63346
11,1827720.0,0.00639,0.128201,0.1765
10,1827730.0,0.09924,0.10514,0.10957,1.63874
11,1827730.0,0.00639,0.127286,0.173302
10,1827730.0,0.09924,0.10514,0.109846,1.65061
11,1827730.0,0.00669725,0.127286,0.167705
10,1827730.0,0.09924,0.10514,0.10957,1.6517
11,1827730.0,0.00639,0.127743,0.1773
-1930424573.0,1827730.0,11.7083,133,35,0,0,0,2,1
-1930424829.0,1827730.0,0,0,0,0
10,1827730.0,0.09924,0.105809,0.10957,1.64526
11,1827730.0,0.00639,0.127514,0.171303
10,1827730.0,0.09924,0.10514,0.10957,1.64568
11,1827730.0,0.00654362,0.127743,0.176101
10,1827730.0,0.09924,0.10514,0.10957,1.65601
11,1827730.0,0.00639,0.128201,0.174901
10,1827730.0,0.09924,0.105415,0.10957,1.66924
11,1827730.0,0.00639,0.127286,0.169304
10,1827730.0,0.09924,0.105219,0.109727,1.67149
11,1827730.0,0.00677406,0.127057,0.170104
10,1827730.0,0.09924,0.105258,0.10957,1.6635
11,1827730.0,0.00654362,0.128658,0.172902
10,1827730.0,0.09924,0.10514,0.10957,1.66191
11,1827730.0,0.00662043,0.127286,0.172103
10,1827740.0,0.09924,0.10514,0.10957,1.6725
11,1827740.0,0.00642841,0.127972,0.174102
10,1827740.0,0.09924,0.10514,0.10957,1.68624
11,1827740.0,0.00665884,0.126828,0.167705
10,1827740.0,0.09924,0.10514,0.10957,1.68461
11,1827740.0,0.00639,0.128887,0.169704
-1930424573.0,1827740.0,11.7083,139,35,0,0,0,2,1
-1930424829.0,1827740.0,0,0,0,0
10,1827740.0,0.09924,0.10514,0.10957,1.67332
11,1827740.0,0.00665884,0.128887,0.170903
10,1827740.0,0.09924,0.10514,0.10957,1.66699
11,1827740.0,0.00639,0.127743,0.163308
10,1827740.0,0.09924,0.10514,0.10957,1.67382
11,1827740.0,0.00665884,0.127286,0.163308
10,1827740.0,0.09924,0.105376,0.10957,1.68286
11,1827740.0,0.00639,0.127057,0.167305
10,1827740.0,0.09924,0.106163,0.10957,1.67821
11,1827740.0,0.00639,0.127972,0.167305
10,1827740.0,0.09924,0.10514,0.10957,1.66489
11,1827740.0,0.00639,0.127057,0.168505
10,1827740.0,0.09924,0.10514,0.109727,1.65694
11,1827740.0,0.00639,0.127514,0.178899
10,1827750.0,0.09924,0.105966,0.109846,1.66179
11,1827750.0,0.00639,0.128201,0.172902
10,1827750.0,0.09924,0.105297,0.10957,1.66749
11,1827750.0,0.00696609,0.128201,0.166506
10,1827750.0,0.09924,0.10514,0.109767,1.65989
11,1827750.0,0.00639,0.126828,0.169304
-1930424573.0,1827750.0,11.7083,136,35,0,0,0,2,1
-1930424829.0,1827750.0,0,0,0,0
10,1827750.0,0.09924,0.10514,0.109727,1.64483
11,1827750.0,0.00639,0.127743,0.179299
10,1827750.0,0.09924,0.10514,0.10957,1.63622
11,1827750.0,0.00639,0.127972,0.1773
10,1827750.0,0.09924,0.105258,0.10957,1.6413
11,1827750.0,0.00715812,0.126371,0.174501
10,1827750.0,0.09924,0.105179,0.10957,1.64825
11,1827750.0,0.00639,0.129115,0.172902
10,1827750.0,0.09924,0.10514,0.10957,1.64398
11,1827750.0,0.00662043,0.128201,0.180098
10,1827750.0,0.09924,0.105258,0.10957,1.63199
11,1827750.0,0.00639,0.128201,0.1765
10,1827750.0,0.09924,0.10514,0.109727,1.62655
11,1827750.0,0.00639,0.128201,0.173702
10,1827760.0,0.09924,0.10514,0.109649,1.63404
11,1827760.0,0.00696609,0.127514,0.169704
10,1827760.0,0.09924,0.10514,0.10957,1.64235
11,1827760.0,0.00639,0.127972,0.176101
10,1827760.0,0.09924,0.105258,0.10957,1.64254
11,1827760.0,0.00692768,0.126828,0.170903
-1930424573.0,1827760.0,11.6666,132,35,0,0,0,2,1
-1930424829.0,1827760.0,0,0,0,0
10,1827760.0,0.09924,0.105651,0.10957,1.6361
11,1827760.0,0.00639,0.128429,0.172103
10,1827760.0,0.09924,0.10514,0.10957,1.63676
11,1827760.0,0.00639,0.127743,0.180498
10,1827760.0,0.09924,0.10514,0.109688,1.64848
12,1827760.0
11,1827760.0,0.00692768,0.126371,0.168905
10,1827760.0,0.09924,0.105179,0.10957,1.65973
11,1827760.0,0.00639,0.127743,0.170104
10,1827760.0,0.09924,0.105179,0.109727,1.65915
11,1827760.0,0.00639,0.128658,0.172103
10,1827760.0,0.09924,0.10514,0.10957,1.65337
11,1827760.0,0.00646681,0.126599,0.160909
10,1827760.0,0.09924,0.105769,0.10957,1.65298
11,1827760.0,0.00639,0.128429,0.15931
10,1827770.0,0.09924,0.10514,0.10957,1.66412
11,1827770.0,0.00639,0.128429,0.15851
10,1827770.0,0.09924,0.10514,0.10957,1.67495
11,1827770.0,0.00673565,0.127972,0.167305
10,1827770.0,0.09924,0.105258,0.10957,1.67013
11,1827770.0,0.00639,0.128201,0.180898
-1930424573.0,1827770.0,11.6666,137,35,0,0,0,2,1
-1930424829.0,1827770.0,0,0,0,0
10,1827770.0,0.09924,0.105612,0.10957,1.65946
11,1827770.0,0.00639,0.127514,0.174501
10,1827770.0,0.09924,0.10514,0.109846,1.65519
11,1827770.0,0.00665884,0.126371,0.169704
10,1827770.0,0.09924,0.10514,0.10957,1.66431
11,1827770.0,0.00639,0.128201,0.166906
10,1827770.0,0.09924,0.105494,0.109688,1.67398
11,1827770.0,0.00639,0.128201,0.150115
10,1827770.0,0.09924,0.10514,0.10957,1.66909
11,1827770.0,0.00646681,0.126599,0.164507
10,1827770.0,0.09924,0.105612,0.10957,1.65543
11,1827770.0,0.00639,0.128429,0.173302
10,1827770.0,0.09924,0.105376,0.109688,1.64832
11,1827770.0,0.00639,0.128201,0.181697
10,1827780.0,0.09924,0.10514,0.10957,1.65387
11,1827780.0,0.00639,0.128201,0.170903
10,1827780.0,0.09924,0.10514,0.109688,1.65923
11,1827780.0,0.00662043,0.128429,0.168505
10,1827780.0,0.09924,0.10514,0.10957,1.65185
11,1827780.0,0.00639,0.128201,0.166506
-1930424573.0,1827780.0,11.6916,134,35,0,0,0,2,1
-1930424829.0,1827780.0,0,0,0,0
10,1827780.0,0.09924,0.105494,0.109924,1.6392
11,1827780.0,0.00673565,0.128201,0.163708
10,1827780.0,0.09924,0.105494,0.109609,1.63338
11,1827780.0,0.00639,0.128429,0.165706
10,1827780.0,0.09924,0.10514,0.109649,1.63975
11,1827780.0,0.00650522,0.128201,0.178899
10,1827780.0,0.09924,0.105415,0.109885,1.64697
11,1827780.0,0.00639,0.128201,0.180898
10,1827780.0,0.09924,0.10514,0.10957,1.64211
11,1827780.0,0.00677406,0.126142,0.166106
10,1827780.0,0.09924,0.10514,0.10957,1.63179
11,1827780.0,0.00639,0.128658,0.168105
10,1827780.0,0.09924,0.10514,0.10957,1.629
11,1827780.0,0.00639,0.128658,0.168905
10,1827790.0,0.09924,0.105179,0.10957,1.63823
11,1827790.0,0.00639,0.128429,0.170504
10,1827790.0,0.09924,0.105651,0.109806,1.64844
11,1827790.0,0.00669725,0.127057,0.170504
10,1827790.0,0.09924,0.10514,0.10957,1.64805
11,1827790.0,0.00639,0.126599,0.164507
-1930424573.0,1827790.0,11.6916,133,35,0,0,0,2,1
-1930424829.0,1827790.0,0,0,0,0
10,1827790.0,0.09924,0.10514,0.10957,1.64316
11,1827790.0,0.00673565,0.128658,0.168505
10,1827790.0,0.09924,0.105966,0.10957,1.6446
11,1827790.0,0.00639,0.127743,0.168105
10,1827790.0,0.09924,0.10514,0.10957,1.65632
11,1827790.0,0.00658203,0.127057,0.160909
10,1827790.0,0.09924,0.106123,0.109649,1.66656
11,1827790.0,0.00669725,0.127972,0.160909
10,1827790.0,0.09924,0.106045,0.109964,1.66389
11,1827790.0,0.00639,0.127057,0.164907
10,1827790.0,0.09924,0.10573,0.10957,1.65744
11,1827790.0,0.00665884,0.128201,0.163308
10,1827790.0,0.09924,0.105927,0.10957,1.65892
11,1827790.0,0.00650522,0.128201,0.15851
10,1827800.0,0.09924,0.105573,0.10957,1.67106
11,1827800.0,0.00654362,0.127057,0.160509
10,1827800.0,0.09924,0.105927,0.10957,1.67921
11,1827800.0,0.00662043,0.127286,0.162508
10,1827800.0,0.09924,0.105809,0.10957,1.67266
11,1827800.0,0.00646681,0.126599,0.160509
10,1827800.0,0.09924,0.105455,0.109688,1.66257
11,1827800.0,0.00646681,0.126599,0.163308
-1930424573.0,1827800.0,11.6916,138,35,0,0,0,2,1
-1930424829.0,1827800.0,0,0,0,0
10,1827800.0,0.09924,0.105887,0.109649,1.65861
11,1827800.0,0.00677406,0.128201,0.160509
10,1827800.0,0.09924,0.105179,0.10957,1.66703
11,1827800.0,0.00639,0.128658,0.171703
10,1827800.0,0.09924,0.105376,0.109846,1.67401
11,1827800.0,0.00639,0.127972,0.163308
10,1827800.0,0.09924,0.10514,0.10957,1.6668
11,1827800.0,0.00639,0.127057,0.16011
10,1827800.0,0.09924,0.105297,0.109924,1.65546
11,1827800.0,0.00639,0.127972,0.169304
10,1827800.0,0.09924,0.10514,0.109649,1.64914
11,1827800.0,0.00639,0.128201,0.175701
10,1827810.0,0.09924,0.105691,0.10957,1.65469
11,1827810.0,0.00639,0.128201,0.170104
10,1827810.0,0.09924,0.105179,0.10957,1.6576
11,1827810.0,0.00639,0.128658,0.172103
10,1827810.0,0.09924,0.105297,0.10957,1.65015
11,1827810.0,0.00639,0.127514,0.164907
-1930424573.0,1827810.0,11.6916,128,35,0,0,0,2,3
-1930424829.0,1827810.0,0.552082,1.08541,1.21875,0
10,1827810.0,0.09924,0.10514,0.10957,1.63936
11,1827810.0,0.00642841,0.127286,0.164507
10,1827810.0,0.09924,0.10514,0.10957,1.63521
11,1827810.0,0.00673565,0.127972,0.179698
10,1827810.0,0.09924,0.105651,0.10957,1.64215
12,1827810.0
11,1827810.0,0.00639,0.127743,0.174901
10,1827810.0,0.09924,0.10514,0.109806,1.64642
11,1827810.0,0.00654362,0.127972,0.175701
10,1827810.0,0.09924,0.105769,0.10957,1.64041
11,1827810.0,0.00639,0.127743,0.170903
10,1827810.0,0.09924,0.105219,0.109649,1.63129
11,1827810.0,0.00639,0.127972,0.167305
10,1827810.0,0.09924,0.105219,0.10957,1.63024
11,1827810.0,0.00639,0.128658,0.166506
10,1827820.0,0.09924,0.10514,0.109609,1.63866
11,1827820.0,0.00639,0.127972,0.170104
10,1827820.0,0.09924,0.105376,0.10957,1.64681
11,1827820.0,0.00639,0.128201,0.166906
10,1827820.0,0.09924,0.105573,0.109609,1.64603
11,1827820.0,0.00662043,0.126828,0.162908
-1930424573.0,1827820.0,11.6979,123,35,0,0,0,2,3
-1930424829.0,1827820.0,0.824999,1.62083,1.81875,0
10,1827820.0,0.09924,0.10514,0.10957,1.64068
11,1827820.0,0.00639,0.128201,0.171303
10,1827820.0,0.09924,0.105337,0.109688,1.64246
11,1827820.0,0.00658203,0.127972,0.160909
10,1827820.0,0.09924,0.10514,0.10957,1.65224
11,1827820.0,0.00639,0.128887,0.164107
10,1827820.0,0.09924,0.105494,0.10957,1.6607
11,1827820.0,0.00639,0.127972,0.165307
10,1827820.0,0.09924,0.10514,0.109609,1.65884
11,1827820.0,0.00654362,0.127514,0.164907
10,1827820.0,0.09924,0.105179,0.10957,1.65519
11,1827820.0,0.00639,0.127514,0.160909
10,1827820.0,0.09924,0.105887,0.10957,1.65962
11,1827820.0,0.00639,0.128658,0.165706
10,1827830.0,0.09924,0.10514,0.10957,1.67176
11,1827830.0,0.00639,0.128429,0.164907
10,1827830.0,0.09924,0.105848,0.10957,1.67941
11,1827830.0,0.00639,0.127972,0.161709
10,1827830.0,0.09924,0.105179,0.109806,1.67421
11,1827830.0,0.00639,0.128429,0.168105
-1930424573.0,1827830.0,11.6979,124,35,0,0,0,2,3
-1930424829.0,1827830.0,0.974998,1.91458,2.15,0
10,1827830.0,0.09924,0.10514,0.109924,1.66606
11,1827830.0,0.00639,0.127286,0.170104
10,1827830.0,0.09924,0.105455,0.10957,1.66524
11,1827830.0,0.00639,0.127514,0.162508
10,1827830.0,0.09924,0.105848,0.10957,1.67584
11,1827830.0,0.00673565,0.127057,0.163308
10,1827830.0,0.09924,0.105337,0.110042,1.68158
11,1827830.0,0.00639,0.127972,0.169704
10,1827830.0,0.09924,0.10514,0.109806,1.67658
11,1827830.0,0.00688928,0.127057,0.172103
10,1827830.0,0.09924,0.10514,0.10957,1.6668
11,1827830.0,0.00646681,0.128429,0.173302
10,1827830.0,0.09924,0.105415,0.10957,1.66423
11,1827830.0,0.00639,0.127057,0.172902
10,1827840.0,0.09924,0.10514,0.10957,1.66975
11,1827840.0,0.00639,0.128201,0.174501
10,1827840.0,0.09924,0.10514,0.109649,1.67351
11,1827840.0,0.00639,0.128429,0.170903
10,1827840.0,0.09924,0.10514,0.10957,1.66742
11,1827840.0,0.00639,0.127514,0.168905
-1930424573.0,1827840.0,11.6666,116,35,0,0,0,2,1
-1930424829.0,1827840.0,1.04583,2.05625,2.30833,0
10,1827840.0,0.09924,0.106045,0.10957,1.65787
11,1827840.0,0.00639,0.126828,0.168905
10,1827840.0,0.09924,0.10514,0.10957,1.6531
11,1827840.0,0.00650522,0.128658,0.175701
10,1827840.0,0.09924,0.10514,0.10957,1.65803
11,1827840.0,0.00639,0.127743,0.175701
10,1827840.0,0.09924,0.10514,0.109727,1.6626
11,1827840.0,0.00646681,0.128429,0.179698
10,1827840.0,0.09924,0.106123,0.10957,1.65806
11,1827840.0,0.00673565,0.126599,0.1769
10,1827840.0,0.09924,0.105258,0.109609,1.65232
11,1827840.0,0.00639,0.127514,0.1769
10,1827840.0,0.09924,0.10514,0.109609,1.65294
11,1827840.0,0.00639,0.127514,0.170504
10,1827850.0,0.09924,0.10514,0.109885,1.66319
11,1827850.0,0.00639,0.128201,0.172103
10,1827850.0,0.09924,0.10514,0.10957,1.66916
11,1827850.0,0.00639,0.127972,0.165307
10,1827850.0,0.09924,0.10514,0.10957,1.66699
11,1827850.0,0.00639,0.128429,0.163708
-1930424573.0,1827850.0,11.6666,120,35,0,0,0,2,1
-1930424829.0,1827850.0,1.04583,2.05625,2.30833,0
10,1827850.0,0.09924,0.10514,0.10957,1.66357
11,1827850.0,0.00642841,0.127743,0.166906
10,1827850.0,0.09924,0.105179,0.10957,1.668
11,1827850.0,0.00639,0.127743,0.162108
10,1827850.0,0.09924,0.10514,0.10957,1.68015
11,1827850.0,0.00639,0.128429,0.166906
10,1827850.0,0.09924,0.105376,0.109806,1.68923
11,1827850.0,0.00662043,0.127743,0.163308
10,1827850.0,0.09924,0.105179,0.10957,1.68946
11,1827850.0,0.00639,0.127972,0.169304
10,1827850.0,0.09924,0.10514,0.10957,1.68713
11,1827850.0,0.00639,0.128201,0.160909
10,1827850.0,0.09924,0.10514,0.10957,1.69272
11,1827850.0,0.00639,0.128429,0.165307
10,1827860.0,0.09924,0.10514,0.10957,1.70289
11,1827860.0,0.00639,0.127514,0.169704
10,1827860.0,0.09924,0.10514,0.109964,1.70816
11,1827860.0,0.00639,0.127286,0.170504
10,1827860.0,0.09924,0.10514,0.10957,1.70572
11,1827860.0,0.00639,0.128658,0.164907
-1930424573.0,1827860.0,11.675,122,35,0,0,0,2,1
-1930424829.0,1827860.0,0.964582,1.89583,2.12916,0
10,1827860.0,0.09924,0.10514,0.10957,1.70091
11,1827860.0,0.00639,0.128658,0.166106
10,1827860.0,0.09924,0.105297,0.109688,1.70308
11,1827860.0,0.00646681,0.126828,0.169304
10,1827860.0,0.09924,0.10514,0.109846,1.71104
12,1827860.0
11,1827860.0,0.00639,0.127286,0.173302
10,1827860.0,0.09924,0.105573,0.10957,1.71379
11,1827860.0,0.00639,0.127972,0.166106
10,1827860.0,0.09924,0.105219,0.109924,1.70758
11,1827860.0,0.00639,0.127743,0.174102
10,1827860.0,0.09924,0.105691,0.109649,1.69978
11,1827860.0,0.00646681,0.126599,0.174901
10,1827860.0,0.09924,0.10514,0.10957,1.69652
11,1827860.0,0.00639,0.127972,0.180898
10,1827870.0,0.09924,0.10514,0.10957,1.7011
11,1827870.0,0.00639,0.128201,0.1777
10,1827870.0,0.09924,0.105455,0.10957,1.70215
11,1827870.0,0.00639,0.128201,0.175301
10,1827870.0,0.09924,0.10514,0.10957,1.69703
11,1827870.0,0.00650522,0.127286,0.172902
-1930424573.0,1827870.0,11.675,120,35,0,0,0,2,1
-1930424829.0,1827870.0,0.783332,1.53958,1.72916,0
10,1827870.0,0.09924,0.10514,0.10957,1.69101
11,1827870.0,0.00639,0.127972,0.171703
10,1827870.0,0.09924,0.105809,0.10957,1.69004
11,1827870.0,0.00639,0.128201,0.170903
10,1827870.0,0.09924,0.105376,0.109609,1.69458
11,1827870.0,0.00639,0.127286,0.174501
10,1827870.0,0.09924,0.10514,0.109727,1.6978
11,1827870.0,0.00639,0.128201,0.178899
10,1827870.0,0.09924,0.105769,0.10957,1.69575
11,1827870.0,0.00642841,0.127743,0.171703
10,1827870.0,0.09924,0.10514,0.10957,1.69326
11,1827870.0,0.00639,0.128201,0.170504
10,1827870.0,0.09924,0.106281,0.10957,1.69606
11,1827870.0,0.00654362,0.128429,0.173702
10,1827880.0,0.09924,0.10514,0.109609,1.70626
11,1827880.0,0.00650522,0.126599,0.165307
10,1827880.0,0.09924,0.10514,0.109924,1.71208
11,1827880.0,0.00669725,0.128201,0.178899
10,1827880.0,0.09924,0.10514,0.10957,1.71208
11,1827880.0,0.00681246,0.127286,0.168105
-1930424573.0,1827880.0,11.675,126,35,0,0,0,2,1
-1930424829.0,1827880.0,0.783332,1.53958,1.72916,0
10,1827880.0,0.09924,0.10514,0.10957,1.70758
11,1827880.0,0.00642841,0.127743,0.170104
10,1827880.0,0.09924,0.10514,0.10957,1.7077
11,1827880.0,0.00681246,0.128201,0.169304
10,1827880.0,0.09924,0.105179,0.10957,1.71336
11,1827880.0,0.00639,0.127743,0.161709
10,1827880.0,0.09924,0.10514,0.10957,1.71748
11,1827880.0,0.00639,0.128658,0.170504
10,1827880.0,0.09924,0.10514,0.10957,1.7155
11,1827880.0,0.00639,0.127514,0.175301
10,1827880.0,0.09924,0.105573,0.10957,1.7091
11,1827880.0,0.00639,0.128429,0.164507
10,1827880.0,0.09924,0.10514,0.109885,1.70568
11,1827880.0,0.00669725,0.127972,0.168505
10,1827890.0,0.09924,0.105612,0.10957,1.70615
11,1827890.0,0.00673565,0.127057,0.167705
10,1827890.0,0.09924,0.105258,0.10957,1.70487
11,1827890.0,0.00639,0.128201,0.169704
10,1827890.0,0.09924,0.105219,0.10957,1.69897
11,1827890.0,0.00646681,0.128201,0.174901
-1930424573.0,1827890.0,11.675,131,34,0,0,0,2,1
-1930424829.0,1827890.0,0.502083,0.987498,1.10833,0
10,1827890.0,0.09924,0.10514,0.109649,1.69082
11,1827890.0,0.00639,0.127743,0.178099
10,1827890.0,0.09924,0.105337,0.109767,1.68616
11,1827890.0,0.00662043,0.127743,0.174102
10,1827890.0,0.09924,0.105494,0.10957,1.6867
11,1827890.0,0.00639,0.127972,0.169704
10,1827890.0,0.09924,0.10514,0.10957,1.68612
11,1827890.0,0.00639,0.128201,0.180098
10,1827890.0,0.09924,0.105887,0.10957,1.68026
11,1827890.0,0.00639,0.128429,0.170903
10,1827890.0,0.09924,0.10514,0.109806,1.67308
11,1827890.0,0.00685087,0.126828,0.174102
10,1827890.0,0.09924,0.10573,0.10957,1.66854
11,1827890.0,0.00639,0.127972,0.173302
10,1827900.0,0.09924,0.105179,0.10957,1.67029
11,1827900.0,0.00639,0.128201,0.166906
10,1827900.0,0.09924,0.105651,0.10957,1.67405
11,1827900.0,0.00658203,0.128201,0.169304
10,1827900.0,0.09924,0.10514,0.109649,1.67351
11,1827900.0,0.00639,0.127972,0.172103
10,1827900.0,0.09924,0.10514,0.109885,1.67037
-1930424573.0,1827900.0,11.7083,128,34,0,0,0,2,1
-1930424829.0,1827900.0,0.339583,0.666666,0.749999,0
11,1827900.0,0.00665884,0.126599,0.170104
10,1827900.0,0.09924,0.105573,0.10957,1.66843
11,1827900.0,0.00639,0.128201,0.171303
10,1827900.0,0.09924,0.10514,0.10957,1.67188
11,1827900.0,0.00639,0.129115,0.165307
10,1827900.0,0.09924,0.10514,0.10957,1.6763
11,1827900.0,0.00639,0.127972,0.172503
10,1827900.0,0.09924,0.10514,0.10957,1.67797
11,1827900.0,0.00639,0.128201,0.166506
10,1827900.0,0.09924,0.105258,0.10957,1.67782
11,1827900.0,0.00639,0.128429,0.171303
10,1827900.0,0.09924,0.10514,0.109609,1.68135
11,1827900.0,0.00639,0.128201,0.172503
10,1827910.0,0.09924,0.10514,0.10957,1.68833
11,1827910.0,0.00639,0.127972,0.174102
10,1827910.0,0.09924,0.10514,0.10957,1.69474
11,1827910.0,0.00639,0.128658,0.167305
10,1827910.0,0.09924,0.10514,0.10957,1.6954
11,1827910.0,0.00639,0.126828,0.165307
-1930424573.0,1827910.0,11.7083,134,34,0,0,0,2,1
-1930424829.0,1827910.0,0.339583,0.666666,0.749999,0
10,1827910.0,0.09924,0.105494,0.10957,1.69264
11,1827910.0,0.00639,0.127743,0.172902
10,1827910.0,0.09924,0.105415,0.10957,1.69299
11,1827910.0,0.00639,0.128429,0.165706
10,1827910.0,0.09924,0.10514,0.10957,1.69835
12,1827910.0
11,1827910.0,0.00639,0.128201,0.173302
10,1827910.0,0.09924,0.105337,0.10957,1.7044
11,1827910.0,0.00696609,0.126828,0.165706
10,1827910.0,0.09924,0.105573,0.109885,1.70296
11,1827910.0,0.00639,0.128201,0.165706
10,1827910.0,0.09924,0.10514,0.10957,1.69823
11,1827910.0,0.00665884,0.128429,0.1769
10,1827910.0,0.09924,0.105494,0.10957,1.69474
11,1827910.0,0.00639,0.128201,0.166506
10,1827920.0,0.09924,0.10514,0.109885,1.69493
11,1827920.0,0.00639,0.127286,0.171303
10,1827920.0,0.09924,0.10514,0.109649,1.69703
11,1827920.0,0.00654362,0.127057,0.166506
10,1827920.0,0.09924,0.10573,0.109649,1.69435
11,1827920.0,0.00639,0.128429,0.166506
-1930424573.0,1827920.0,11.6562,133,34,0,0,0,2,1
-1930424829.0,1827920.0,0.339583,0.666666,0.749999,0
10,1827920.0,0.09924,0.10514,0.109767,1.68791
11,1827920.0,0.00639,0.127743,0.170903
10,1827920.0,0.09924,0.10514,0.10957,1.6848
11,1827920.0,0.00639,0.127972,0.172503
10,1827920.0,0.09924,0.105455,0.10957,1.68418
11,1827920.0,0.00639,0.126599,0.173302
10,1827920.0,0.09924,0.10514,0.109649,1.68407
11,1827920.0,0.00639,0.128201,0.172902
10,1827920.0,0.09924,0.10514,0.110003,1.67995
11,1827920.0,0.00673565,0.126371,0.169704
10,1827920.0,0.09924,0.10514,0.109767,1.67269
11,1827920.0,0.00639,0.127514,0.174102
10,1827920.0,0.09924,0.105455,0.10957,1.66812
11,1827920.0,0.00639,0.128201,0.171303
10,1827930.0,0.09924,0.10573,0.10957,1.6704
11,1827930.0,0.00639,0.127972,0.167705
10,1827930.0,0.09924,0.10514,0.10957,1.67316
11,1827930.0,0.00639,0.128658,0.178899
10,1827930.0,0.09924,0.10514,0.110042,1.67308
11,1827930.0,0.00669725,0.127286,0.173702
-1930424573.0,1827930.0,11.6562,127,34,0,0,0,2,1
-1930424829.0,1827930.0,0.329166,0.647916,0.729166,0
10,1827930.0,0.09924,0.10514,0.10957,1.66889
11,1827930.0,0.00654362,0.128658,0.1769
10,1827930.0,0.09924,0.10514,0.10957,1.66796
11,1827930.0,0.00639,0.127972,0.172902
10,1827930.0,0.09924,0.10514,0.10957,1.67328
11,1827930.0,0.00646681,0.127286,0.171703
10,1827930.0,0.09924,0.10514,0.10957,1.67964
11,1827930.0,0.00639,0.127743,0.169704
10,1827930.0,0.09924,0.10514,0.10957,1.68344
11,1827930.0,0.00639,0.128429,0.169704
10,1827930.0,0.09924,0.105219,0.10957,1.68488
11,1827930.0,0.00685087,0.126828,0.163308
10,1827930.0,0.09924,0.106045,0.10957,1.68806
11,1827930.0,0.00639,0.128201,0.164107
10,1827940.0,0.09924,0.105769,0.10957,1.69505
11,1827940.0,0.00639,0.127972,0.167305
10,1827940.0,0.09924,0.10514,0.10957,1.70157
11,1827940.0,0.00639,0.127743,0.167305
10,1827940.0,0.09924,0.10514,0.10957,1.70246
11,1827940.0,0.00639,0.127743,0.162508
-1930424573.0,1827940.0,11.6562,134,34,0,0,0,2,1
-1930424829.0,1827940.0,0.247916,0.489583,0.549999,0
10,1827940.0,0.09924,0.10514,0.10957,1.70033
11,1827940.0,0.00639,0.128429,0.161709
10,1827940.0,0.09924,0.105691,0.10957,1.70044
11,1827940.0,0.00639,0.128658,0.166106
10,1827940.0,0.09924,0.105887,0.10957,1.7051
11,1827940.0,0.00639,0.128201,0.163708
10,1827940.0,0.09924,0.10514,0.10957,1.70976
11,1827940.0,0.00673565,0.126371,0.166106
10,1827940.0,0.09924,0.105219,0.10957,1.70766
11,1827940.0,0.00639,0.128429,0.162908
10,1827940.0,0.09924,0.105337,0.10957,1.70091
11,1827940.0,0.00639,0.128429,0.169304
10,1827940.0,0.09924,0.10514,0.109727,1.6971
11,1827940.0,0.00650522,0.127972,0.168105
10,1827950.0,0.09924,0.10514,0.109688,1.69617
11,1827950.0,0.00639,0.128429,0.168105
10,1827950.0,0.09924,0.105219,0.109649,1.6973
11,1827950.0,0.00639,0.127514,0.169304
10,1827950.0,0.09924,0.105651,0.10957,1.69326
11,1827950.0,0.00639,0.127972,0.170504
-1930424573.0,1827950.0,11.6562,133,34,0,0,0,2,1
-1930424829.0,1827950.0,0.197916,0.391666,0.439583,0
10,1827950.0,0.09924,0.10514,0.109609,1.68531
11,1827950.0,0.00639,0.128201,0.174901
10,1827950.0,0.09924,0.105455,0.10957,1.68022
11,1827950.0,0.00639,0.127286,0.172902
10,1827950.0,0.09924,0.10514,0.109649,1.67797
11,1827950.0,0.00639,0.128429,0.183696
10,1827950.0,0.09924,0.10514,0.10957,1.67731
11,1827950.0,0.00654362,0.126142,0.174901
10,1827950.0,0.09924,0.105337,0.10957,1.67258
11,1827950.0,0.00639,0.128429,0.175301
10,1827950.0,0.09924,0.10514,0.10957,1.66559
11,1827950.0,0.00639,0.127972,0.174901
10,1827950.0,0.09924,0.10573,0.10957,1.6628
11,1827950.0,0.00639,0.128887,0.166906
10,1827960.0,0.09924,0.10514,0.10957,1.66544
11,1827960.0,0.00639,0.128201,0.178099
10,1827960.0,0.09924,0.10514,0.109727,1.66986
11,1827960.0,0.00654362,0.126371,0.166106
10,1827960.0,0.09924,0.10514,0.109688,1.67064
11,1827960.0,0.00639,0.127743,0.170104
-1930424573.0,1827960.0,11.6729,129,34,0,0,0,2,1
-1930424829.0,1827960.0,0.166666,0.327083,0.368749,0
10,1827960.0,0.09924,0.10514,0.10957,1.6685
11,1827960.0,0.00677406,0.127286,0.171703
10,1827960.0,0.09924,0.105927,0.10957,1.66909
11,1827960.0,0.00639,0.129344,0.166106
10,1827960.0,0.09924,0.10514,0.10957,1.6763
12,1827960.0
11,1827960.0,0.00639,0.128429,0.170104
10,1827960.0,0.09924,0.105179,0.109649,1.68635
11,1827960.0,0.00662043,0.126828,0.162508
10,1827960.0,0.09924,0.105297,0.10957,1.69051
11,1827960.0,0.00639,0.127743,0.165706
10,1827960.0,0.09924,0.10514,0.10957,1.69152
11,1827960.0,0.00639,0.127057,0.171703
10,1827960.0,0.09924,0.10514,0.10957,1.69408
11,1827960.0,0.00639,0.128658,0.164507
10,1827970.0,0.09924,0.10514,0.10957,1.70009
11,1827970.0,0.00639,0.127972,0.167305
10,1827970.0,0.09924,0.10514,0.10957,1.70518
11,1827970.0,0.00639,0.127743,0.162908
10,1827970.0,0.09924,0.10514,0.109806,1.70448
11,1827970.0,0.00639,0.125913,0.164907
-1930424573.0,1827970.0,11.6729,137,34,0,0,0,2,1
-1930424829.0,1827970.0,0.139583,0.272916,0.308333,0
10,1827970.0,0.09924,0.106005,0.109649,1.69947
11,1827970.0,0.00639,0.127514,0.164907
10,1827970.0,0.09924,0.10514,0.10957,1.69695
11,1827970.0,0.00639,0.129115,0.166106
10,1827970.0,0.09924,0.10514,0.10957,1.69866
11,1827970.0,0.00639,0.127286,0.165307
10,1827970.0,0.09924,0.10514,0.10957,1.69904
11,1827970.0,0.00639,0.127972,0.166106
10,1827970.0,0.09924,0.10514,0.10957,1.69241
11,1827970.0,0.00639,0.127514,0.171703
10,1827970.0,0.09924,0.105179,0.10957,1.68096
11,1827970.0,0.00639,0.127743,0.173302
10,1827970.0,0.09924,0.105258,0.10957,1.67363
11,1827970.0,0.00639,0.128658,0.169704
10,1827980.0,0.09924,0.10514,0.10957,1.6737
11,1827980.0,0.00639,0.126828,0.167705
10,1827980.0,0.09924,0.105415,0.109649,1.67506
11,1827980.0,0.00639,0.127514,0.169704
10,1827980.0,0.09924,0.10514,0.10957,1.67246
11,1827980.0,0.00669725,0.126142,0.174501
-1930424573.0,1827980.0,11.6791,134,34,0,0,0,2,1
-1930424829.0,1827980.0,0.125,0.247916,0.279166,0
10,1827980.0,0.09924,0.105573,0.109885,1.66482
11,1827980.0,0.00639,0.128201,0.179698
10,1827980.0,0.09924,0.10514,0.10957,1.66152
11,1827980.0,0.00639,0.128429,0.174901
10,1827980.0,0.09924,0.105258,0.109609,1.66416
11,1827980.0,0.00650522,0.127286,0.173702
10,1827980.0,0.09924,0.105415,0.109767,1.66773
11,1827980.0,0.00639,0.127743,0.176101
10,1827980.0,0.09924,0.105691,0.10957,1.66812
11,1827980.0,0.00639,0.127972,0.170504
10,1827980.0,0.09924,0.105258,0.10957,1.66749
11,1827980.0,0.00639,0.127743,0.171303
10,1827980.0,0.09924,0.10514,0.109609,1.66885
11,1827980.0,0.00639,0.127972,0.172503
10,1827990.0,0.09924,0.10514,0.109767,1.6777
11,1827990.0,0.00669725,0.127057,0.169704
10,1827990.0,0.09924,0.10514,0.109688,1.68465
11,1827990.0,0.00639,0.128429,0.175701
10,1827990.0,0.09924,0.105651,0.110082,1.68682
11,1827990.0,0.00639,0.127514,0.166506
-1930424573.0,1827990.0,11.6791,132,34,0,0,0,2,1
-1930424829.0,1827990.0,0.108333,0.2125,0.239583,0
10,1827990.0,0.09924,0.10514,0.10957,1.68531
11,1827990.0,0.00639,0.127514,0.166906
10,1827990.0,0.09924,0.10514,0.10957,1.68752
11,1827990.0,0.00639,0.128201,0.169704
10,1827990.0,0.09924,0.10514,0.10957,1.69606
11,1827990.0,0.00646681,0.126828,0.168105
10,1827990.0,0.09924,0.105297,0.10957,1.70421
11,1827990.0,0.00639,0.127972,0.166106
10,1827990.0,0.09924,0.10514,0.10957,1.70615
11,1827990.0,0.00639,0.128887,0.168105
10,1827990.0,0.09924,0.105494,0.109688,1.70242
11,1827990.0,0.00646681,0.127286,0.161709
10,1827990.0,0.09924,0.105848,0.10957,1.70048
11,1827990.0,0.00639,0.127743,0.163708
10,1828000.0,0.09924,0.10514,0.109609,1.70393
11,1828000.0,0.00639,0.127743,0.165307
10,1828000.0,0.09924,0.10514,0.10957,1.70754
11,1828000.0,0.00639,0.127743,0.168905
10,1828000.0,0.09924,0.10514,0.109649,1.70576
11,1828000.0,0.00639,0.127514,0.163308
10,1828000.0,0.09924,0.105415,0.10957,1.69858
-1930424573.0,1828000.0,11.6791,138,34,0,0,0,2,1
-1930424829.0,1828000.0,0.0979165,0.19375,0.21875,0
11,1828000.0,0.00639,0.128429,0.172103
10,1828000.0,0.09924,0.105297,0.109609,1.6947
11,1828000.0,0.00639,0.127743,0.168505
10,1828000.0,0.09924,0.10514,0.10957,1.6966
11,1828000.0,0.00639,0.127972,0.15971
10,1828000.0,0.09924,0.10514,0.10957,1.69741
11,1828000.0,0.00650522,0.127972,0.171703
10,1828000.0,0.09924,0.105376,0.109609,1.69229
11,1828000.0,0.00639,0.127057,0.164907
10,1828000.0,0.09924,0.105494,0.10957,1.68251
11,1828000.0,0.00639,0.126599,0.170104
10,1828000.0,0.09924,0.105179,0.10957,1.6765
11,1828000.0,0.00639,0.128429,0.168505
10,1828010.0,0.09924,0.10514,0.109964,1.67867
11,1828010.0,0.00685087,0.128201,0.175701
10,1828010.0,0.09924,0.105612,0.109806,1.68084
11,1828010.0,0.00639,0.128429,0.172503
10,1828010.0,0.09924,0.10514,0.10957,1.67821
11,1828010.0,0.00639,0.128658,0.172103
-1930424573.0,1828010.0,11.6791,133,34,0,0,0,2,1
-1930424829.0,1828010.0,0.0895832,0.177083,0.2,0
10,1828010.0,0.09924,0.105612,0.109806,1.67033
11,1828010.0,0.00639,0.128658,0.175701
10,1828010.0,0.09924,0.106241,0.109846,1.66617
11,1828010.0,0.00646681,0.126828,0.173702
10,1828010.0,0.09924,0.106005,0.109885,1.66637
12,1828010.0
11,1828010.0,0.00662043,0.127057,0.174102
10,1828010.0,0.09924,0.105809,0.10957,1.66916
11,1828010.0,0.00639,0.127972,0.171703
10,1828010.0,0.09924,0.105337,0.109688,1.66843
11,1828010.0,0.00639,0.128658,0.170104
10,1828010.0,0.09924,0.10514,0.109609,1.66571
11,1828010.0,0.00639,0.128201,0.173702
10,1828010.0,0.09924,0.10514,0.10957,1.6659
11,1828010.0,0.00639,0.127972,0.174901
10,1828020.0,0.09924,0.106084,0.109609,1.6711
11,1828020.0,0.00639,0.127514,0.170104
10,1828020.0,0.09924,0.105415,0.10957,1.67689
11,1828020.0,0.00639,0.128658,0.167705
10,1828020.0,0.09924,0.10514,0.10957,1.67832
11,1828020.0,0.00639,0.128658,0.168505
-1930424573.0,1828020.0,11.6479,132,34,0,0,0,2,1
-1930424829.0,1828020.0,0.0749999,0.15,0.16875,0
10,1828020.0,0.09924,0.10514,0.109649,1.67692
11,1828020.0,0.00639,0.128201,0.168905
10,1828020.0,0.09924,0.105612,0.10957,1.67883
11,1828020.0,0.00639,0.128887,0.166906
10,1828020.0,0.09924,0.10514,0.10957,1.68771
11,1828020.0,0.00639,0.127972,0.167305
10,1828020.0,0.09924,0.10514,0.109727,1.6971
11,1828020.0,0.00692768,0.127286,0.164507
10,1828020.0,0.09924,0.10514,0.10957,1.6997
11,1828020.0,0.00662043,0.127286,0.163308
10,1828020.0,0.09924,0.105297,0.109767,1.69722
11,1828020.0,0.00650522,0.126828,0.161309
10,1828020.0,0.09924,0.106517,0.10957,1.69695
11,1828020.0,0.00673565,0.127972,0.162108
10,1828030.0,0.09924,0.10514,0.10957,1.7013
11,1828030.0,0.00639,0.128429,0.171703
10,1828030.0,0.09924,0.106281,0.10957,1.7058
11,1828030.0,0.00650522,0.128429,0.160909
10,1828030.0,0.09924,0.10514,0.10957,1.70541
11,1828030.0,0.00639,0.128201,0.168505
-1930424573.0,1828030.0,11.6479,136,34,0,0,0,2,1
-1930424829.0,1828030.0,0.0749999,0.15,0.16875,0
10,1828030.0,0.09924,0.10514,0.109688,1.7013
11,1828030.0,0.00681246,0.126828,0.166106
10,1828030.0,0.09924,0.10514,0.10957,1.69761
11,1828030.0,0.00639,0.128429,0.168505
10,1828030.0,0.09924,0.10514,0.10957,1.69928
11,1828030.0,0.00673565,0.127286,0.160509
10,1828030.0,0.09924,0.105848,0.10957,1.69932
11,1828030.0,0.00639,0.128429,0.170504
10,1828030.0,0.09924,0.105415,0.10957,1.69373
11,1828030.0,0.00639,0.127972,0.166106
10,1828030.0,0.09924,0.106123,0.109649,1.68395
11,1828030.0,0.00639,0.128201,0.171703
10,1828030.0,0.09924,0.10514,0.109846,1.67801
11,1828030.0,0.00658203,0.128429,0.175701
10,1828040.0,0.09924,0.10514,0.109688,1.68003
11,1828040.0,0.00639,0.126371,0.171703
10,1828040.0,0.09924,0.105297,0.109727,1.68092
11,1828040.0,0.00639,0.127514,0.178499
10,1828040.0,0.09924,0.105494,0.10957,1.67623
11,1828040.0,0.00639,0.128201,0.171703
-1930424573.0,1828040.0,11.6583,131,34,0,0,0,2,0
-1930424829.0,1828040.0,0.0666666,0.133333,0.15,0
10,1829360.0,0.09924,0.10514,0.109846,1.67805
11,1829360.0,0.00685087,0.126828,0.167705
10,1829360.0,0.09924,0.105376,0.10957,1.68977
11,1829360.0,0.00639,0.128658,0.169304
10,1829360.0,0.09924,0.10514,0.110042,1.70083
12,1829360.0
11,1829360.0,0.00639,0.128201,0.174102
10,1829360.0,0.09924,0.105337,0.109767,1.70983
11,1829360.0,0.00719652,0.126828,0.174501
10,1829360.0,0.09924,0.10514,0.10957,1.71321
11,1829360.0,0.00639,0.128658,0.171703
10,1829360.0,0.09924,0.105219,0.109924,1.71115
11,1829360.0,0.00677406,0.127514,0.165706
10,1829360.0,0.09924,0.10514,0.10957,1.70475
11,1829360.0,0.00646681,0.127743,0.172503
10,1829370.0,0.09924,0.10514,0.10957,1.69617
11,1829370.0,0.00639,0.126371,0.160509
10,1829370.0,0.09924,0.10514,0.10957,1.68729
11,1829370.0,0.00673565,0.127972,0.172103
10,1829370.0,0.09924,0.10514,0.10957,1.67929
11,1829370.0,0.00677406,0.126599,0.162508
-1930424573.0,1829370.0,11.6833,138,35,0,0,0,1,1
-1930424829.0,1829370.0,0,0,0,0
10,1829370.0,0.09924,0.10514,0.10957,1.67184
11,1829370.0,0.00639,0.127972,0.15931
10,1829370.0,0.09924,0.105337,0.10957,1.66594
11,1829370.0,0.00662043,0.127057,0.162108
10,1829370.0,0.09924,0.10514,0.109688,1.66365
11,1829370.0,0.00639,0.127972,0.166106
10,1829370.0,0.09924,0.105927,0.110003,1.66633
11,1829370.0,0.00692768,0.126371,0.162908
10,1829370.0,0.09924,0.106281,0.109806,1.67363
11,1829370.0,0.00639,0.127057,0.166906
10,1829370.0,0.09924,0.10514,0.10957,1.68391
11,1829370.0,0.00639,0.128429,0.170104
10,1829370.0,0.09924,0.10514,0.10957,1.6961
11,1829380.0,0.00639,0.127286,0.168505
10,1829380.0,0.09924,0.10514,0.10957,1.70537
11,1829380.0,0.00639,0.127514,0.1765
10,1829380.0,0.09924,0.105533,0.10957,1.71022
11,1829380.0,0.00639,0.127743,0.172503
10,1829380.0,0.09924,0.105297,0.10957,1.71146
11,1829380.0,0.00658203,0.127743,0.172103
-1930424573.0,1829380.0,11.6479,136,35,0,0,0,1,1
-1930424829.0,1829380.0,0,0,0,0
10,1829380.0,0.09924,0.10514,0.10957,1.707
11,1829380.0,0.00639,0.127057,0.180498
10,1829380.0,0.09924,0.10514,0.10957,1.698
11,1829380.0,0.00669725,0.126828,0.169304
10,1829380.0,0.09924,0.105376,0.10957,1.68756
11,1829380.0,0.00639,0.128887,0.171303
10,1829380.0,0.09924,0.10514,0.10957,1.67774
11,1829380.0,0.00639,0.127972,0.1765
10,1829380.0,0.09924,0.10514,0.109727,1.672
11,1829380.0,0.00677406,0.127514,0.170504
10,1829380.0,0.09924,0.10514,0.10957,1.66552
11,1829380.0,0.00658203,0.127972,0.182897
10,1829380.0,0.09924,0.105337,0.109767,1.66249
11,1829380.0,0.00646681,0.127057,0.168105
10,1829390.0,0.09924,0.105651,0.10957,1.66249
11,1829390.0,0.00639,0.127514,0.175701
10,1829390.0,0.09924,0.105337,0.109767,1.66843
11,1829390.0,0.00639,0.128429,0.180098
10,1829390.0,0.09924,0.10514,0.10957,1.67968
11,1829390.0,0.00639,0.127286,0.169304
-1930424573.0,1829390.0,11.6479,133,34,0,0,0,1,1
-1930424829.0,1829390.0,0,0,0,0
10,1829390.0,0.09924,0.105258,0.109609,1.6919
11,1829390.0,0.00639,0.128429,0.164107
10,1829390.0,0.09924,0.105376,0.10957,1.703
11,1829390.0,0.00639,0.127514,0.165706
10,1829390.0,0.09924,0.105494,0.10957,1.71076
11,1829390.0,0.00639,0.128429,0.163708
10,1829390.0,0.09924,0.10514,0.10957,1.7141
11,1829390.0,0.00639,0.128201,0.164107
10,1829390.0,0.09924,0.10514,0.10957,1.71274
11,1829390.0,0.00639,0.128201,0.166506
10,1829390.0,0.09924,0.105415,0.10957,1.7049
11,1829390.0,0.00665884,0.127057,0.166506
10,1829390.0,0.09924,0.105179,0.10957,1.69412
11,1829400.0,0.00639,0.129115,0.166506
10,1829400.0,0.09924,0.105651,0.10957,1.6843
11,1829400.0,0.00639,0.127286,0.165307
10,1829400.0,0.09924,0.10514,0.10957,1.67708
11,1829400.0,0.00642841,0.127514,0.166906
10,1829400.0,0.09924,0.10514,0.110003,1.67258
11,1829400.0,0.00692768,0.127514,0.164107
10,1829400.0,0.09924,0.10514,0.10957,1.66676
-1930424573.0,1829400.0,11.6479,138,34,0,0,0,1,1
-1930424829.0,1829400.0,0,0,0,0
11,1829400.0,0.00639,0.127972,0.167305
10,1829400.0,0.09924,0.10573,0.109688,1.66295
11,1829400.0,0.00639,0.127743,0.162908
10,1829400.0,0.09924,0.105455,0.10957,1.66532
11,1829400.0,0.00639,0.128658,0.168505
10,1829400.0,0.09924,0.105809,0.10957,1.67413
11,1829400.0,0.00639,0.128201,0.167305
10,1829400.0,0.09924,0.10514,0.109727,1.68779
11,1829400.0,0.00681246,0.127972,0.168505
10,1829400.0,0.09924,0.105455,0.10957,1.69924
11,1829400.0,0.00639,0.127972,0.170504
10,1829400.0,0.09924,0.10514,0.10957,1.70642
11,1829400.0,0.00639,0.128429,0.168505
10,1829410.0,0.09924,0.105651,0.10957,1.71007
11,1829410.0,0.00639,0.128429,0.174901
10,1829410.0,0.09924,0.105258,0.110003,1.71185
11,1829410.0,0.00639,0.126828,0.169304
10,1829410.0,0.09924,0.10514,0.109767,1.70743
11,1829410.0,0.00654362,0.128887,0.180498
-1930424573.0,1829410.0,11.6479,133,34,0,0,0,1,1
-1930424829.0,1829410.0,0,0,0,0
10,1829410.0,0.09924,0.105887,0.109924,1.69668
11,1829410.0,0.00696609,0.127514,0.170903
10,1829410.0,0.09924,0.10514,0.10957,1.68267
11,1829410.0,0.00650522,0.128887,0.181298
10,1829410.0,0.09924,0.10514,0.10957,1.67316
12,1829410.0
11,1829410.0,0.00642841,0.126599,0.170504
10,1829410.0,0.09924,0.105376,0.10957,1.66792
11,1829410.0,0.00642841,0.127514,0.174901
10,1829410.0,0.09924,0.105455,0.10957,1.66443
11,1829410.0,0.00639,0.127743,0.172902
10,1829410.0,0.09924,0.10514,0.10957,1.65993
11,1829410.0,0.00639,0.127972,0.172103
10,1829410.0,0.09924,0.10514,0.10957,1.65818
11,1829410.0,0.00639,0.128429,0.172902
10,1829420.0,0.09924,0.10514,0.10957,1.66474
11,1829420.0,0.00696609,0.127286,0.171703
10,1829420.0,0.09924,0.10514,0.10957,1.67607
11,1829420.0,0.00639,0.127743,0.173302
10,1829420.0,0.09924,0.105297,0.10957,1.69093
11,1829420.0,0.00639,0.128201,0.170504
-1930424573.0,1829420.0,11.6458,132,34,0,0,0,1,1
-1930424829.0,1829420.0,0,0,0,0
10,1829420.0,0.09924,0.105376,0.109767,1.70285
11,1829420.0,0.00639,0.127972,0.170104
10,1829420.0,0.09924,0.10514,0.10957,1.70995
11,1829420.0,0.00642841,0.126599,0.162908
10,1829420.0,0.09924,0.10514,0.109688,1.71236
11,1829420.0,0.00669725,0.127286,0.1769
10,1829420.0,0.09924,0.10514,0.10957,1.71034
11,1829420.0,0.00662043,0.126828,0.163308
10,1829420.0,0.09924,0.10514,0.10957,1.70277
11,1829420.0,0.00688928,0.129115,0.173302
10,1829420.0,0.09924,0.10514,0.109964,1.69388
11,1829420.0,0.00688928,0.127057,0.166906
10,1829420.0,0.09924,0.10514,0.10957,1.68271
11,1829420.0,0.00654362,0.127743,0.167305
10,1829430.0,0.09924,0.10514,0.109806,1.67312
11,1829430.0,0.00654362,0.127286,0.161309
10,1829430.0,0.09924,0.106005,0.10957,1.66656
11,1829430.0,0.00639,0.128201,0.162508
10,1829430.0,0.09924,0.10514,0.10957,1.66082
11,1829430.0,0.00639,0.127972,0.169704
-1930424573.0,1829430.0,11.6458,136,34,0,0,0,1,1
-1930424829.0,1829430.0,0,0,0,0
10,1829430.0,0.09924,0.10514,0.10957,1.65818
11,1829430.0,0.00665884,0.127514,0.15931
10,1829430.0,0.09924,0.105179,0.109885,1.65806
11,1829430.0,0.00639,0.127743,0.165706
10,1829430.0,0.09924,0.10514,0.10957,1.6628
11,1829430.0,0.00639,0.127514,0.164107
10,1829430.0,0.09924,0.105927,0.10957,1.67029
11,1829430.0,0.00639,0.127972,0.169304
10,1829430.0,0.09924,0.10514,0.10957,1.6777
11,1829430.0,0.00639,0.127743,0.1769
10,1829430.0,0.09924,0.105612,0.109688,1.68069
11,1829430.0,0.00639,0.126142,0.171703
10,1829430.0,0.09924,0.10514,0.10957,1.6765
11,1829430.0,0.00639,0.127286,0.175701
10,1829440.0,0.09924,0.105494,0.10957,1.66447
11,1829440.0,0.00639,0.127743,0.172503
10,1829440.0,0.09924,0.10514,0.109609,1.64495
11,1829440.0,0.00650522,0.126828,0.174901
10,1829440.0,0.09924,0.10514,0.10957,1.62236
11,1829440.0,0.00639,0.128658,0.171303
-1930424573.0,1829440.0,11.6771,131,34,0,0,0,1,1
-1930424829.0,1829440.0,0,0,0,0
10,1829440.0,0.09924,0.105651,0.10957,1.59978
11,1829440.0,0.00639,0.126371,0.174501
10,1829440.0,0.09924,0.105179,0.109924,1.57552
11,1829440.0,0.00639,0.127972,0.172503
10,1829440.0,0.09924,0.10514,0.10957,1.55158
11,1829440.0,0.00639,0.127972,0.172902
10,1829440.0,0.09924,0.105179,0.10957,1.53116
11,1829440.0,0.00639,0.127743,0.171303
10,1829440.0,0.09924,0.10514,0.109609,1.51444
11,1829440.0,0.00669725,0.127514,0.175701
10,1829440.0,0.09924,0.10514,0.109964,1.50012
11,1829440.0,0.00673565,0.127057,0.168105
10,1829440.0,0.09924,0.10514,0.10957,1.4858
11,1829440.0,0.00658203,0.127286,0.173702
10,1829450.0,0.09924,0.105415,0.10957,1.47342
11,1829450.0,0.00639,0.127286,0.168105
10,1829450.0,0.09924,0.10514,0.10957,1.46313
11,1829450.0,0.00669725,0.127743,0.170903
10,1829450.0,0.09924,0.10514,0.109964,1.45704
11,1829450.0,0.00639,0.127286,0.171703
-1930424573.0,1829450.0,11.6771,135,34,0,0,0,1,1
-1930424829.0,1829450.0,0,0,0,0
10,1829450.0,0.09924,0.105219,0.10957,1.45235
11,1829450.0,0.00639,0.128429,0.166906
10,1829450.0,0.09924,0.10514,0.10957,1.448
11,1829450.0,0.00639,0.127972,0.167705
10,1829450.0,0.09924,0.10514,0.10957,1.44392
11,1829450.0,0.00658203,0.126371,0.164107
10,1829450.0,0.09924,0.10514,0.10957,1.43962
11,1829450.0,0.00639,0.127514,0.166106
10,1829450.0,0.09924,0.10514,0.109649,1.43554
11,1829450.0,0.00673565,0.126828,0.168905
10,1829450.0,0.09924,0.105219,0.109924,1.43244
11,1829450.0,0.00646681,0.126599,0.166506
10,1829450.0,0.09924,0.105376,0.10957,1.42844
11,1829450.0,0.00639,0.126599,0.166506
10,1829460.0,0.09924,0.105415,0.10957,1.42471
11,1829460.0,0.00646681,0.127743,0.168105
10,1829460.0,0.09924,0.10514,0.10957,1.42033
11,1829460.0,0.00639,0.128201,0.165307
10,1829460.0,0.09924,0.105573,0.110161,1.41629
11,1829460.0,0.00650522,0.128658,0.163308
-1930424573.0,1829460.0,11.6312,137,34,0,0,0,1,1
-1930424829.0,1829460.0,0,0,0,0
10,1829460.0,0.09924,0.105691,0.10957,1.41102
11,1829460.0,0.00639,0.127972,0.165307
10,1829460.0,0.09924,0.105494,0.109649,1.40694
11,1829460.0,0.00639,0.128201,0.174102
10,1829460.0,0.09924,0.105219,0.109924,1.40337
12,1829460.0
11,1829460.0,0.00669725,0.127514,0.174901
10,1829460.0,0.09924,0.105258,0.10957,1.39914
11,1829460.0,0.00639,0.128658,0.168505
10,1829460.0,0.09924,0.10573,0.109609,1.39677
11,1829460.0,0.00639,0.128201,0.168905
10,1829460.0,0.09924,0.105651,0.109727,1.39359
11,1829460.0,0.00688928,0.127743,0.168505
10,1829460.0,0.09924,0.10514,0.10957,1.38967
11,1829460.0,0.00639,0.128429,0.173702
10,1829470.0,0.09924,0.10514,0.10957,1.38486
11,1829470.0,0.00658203,0.127743,0.180098
10,1829470.0,0.09924,0.105258,0.109885,1.38113
11,1829470.0,0.00692768,0.127514,0.169304
10,1829470.0,0.09924,0.10514,0.10957,1.37861
11,1829470.0,0.00646681,0.126828,0.173302
-1930424573.0,1829470.0,11.6312,132,34,0,0,0,1,1
-1930424829.0,1829470.0,0,0,0,0
10,1829470.0,0.09924,0.10514,0.109806,1.37776
11,1829470.0,0.00639,0.127972,0.184896
10,1829470.0,0.09924,0.105297,0.10957,1.37617
11,1829470.0,0.00639,0.127972,0.171703
10,1829470.0,0.09924,0.10514,0.109727,1.37357
11,1829470.0,0.00639,0.127286,0.175301
10,1829470.0,0.09924,0.10514,0.10957,1.37314
11,1829470.0,0.00639,0.128201,0.171303
10,1829470.0,0.09924,0.10514,0.109806,1.37368
11,1829470.0,0.00646681,0.127057,0.168105
10,1829470.0,0.09924,0.105376,0.10957,1.37395
11,1829470.0,0.00642841,0.127972,0.169304
10,1829470.0,0.09924,0.10514,0.10957,1.37244
11,1829470.0,0.00646681,0.127286,0.173302
10,1829480.0,0.09924,0.105533,0.10957,1.37128
11,1829480.0,0.00639,0.127057,0.163308
10,1829480.0,0.09924,0.105258,0.109609,1.37217
11,1829480.0,0.00639,0.128201,0.170504
10,1829480.0,0.09924,0.10514,0.10957,1.37562
11,1829480.0,0.00639,0.127286,0.170504
-1930424573.0,1829480.0,11.6312,137,34,0,0,0,1,1
-1930424829.0,1829480.0,0,0,0,0
10,1829480.0,0.09924,0.105376,0.10957,1.37954
11,1829480.0,0.00639,0.128429,0.161709
10,1829480.0,0.09924,0.105219,0.10957,1.38109
11,1829480.0,0.00639,0.127972,0.163708
10,1829480.0,0.09924,0.10514,0.10957,1.38238
11,1829480.0,0.00639,0.126142,0.164507
10,1829480.0,0.09924,0.105179,0.10957,1.38435
11,1829480.0,0.00639,0.127743,0.166106
10,1829480.0,0.09924,0.10514,0.10957,1.39076
11,1829480.0,0.00639,0.128201,0.168105
10,1829480.0,0.09924,0.105297,0.109609,1.39693
11,1829480.0,0.00681246,0.127057,0.164107
10,1829480.0,0.09924,0.105533,0.10957,1.40042
11,1829480.0,0.00639,0.127743,0.164907
10,1829490.0,0.09924,0.10514,0.10957,1.40201
11,1829490.0,0.00646681,0.127743,0.166906
10,1829490.0,0.09924,0.105337,0.109767,1.40644
11,1829490.0,0.00639,0.127972,0.166506
10,1829490.0,0.09924,0.105179,0.109846,1.41292
11,1829490.0,0.00677406,0.126828,0.166506
-1930424573.0,1829490.0,11.6312,136,34,0,0,0,1,1
-1930424829.0,1829490.0,0,0,0,0
10,1829490.0,0.09924,0.10514,0.10957,1.41951
11,1829490.0,0.00639,0.127972,0.1773
10,1829490.0,0.09924,0.10514,0.109806,1.42169
11,1829490.0,0.00639,0.127286,0.172503
10,1829490.0,0.09924,0.10514,0.110318,1.42262
11,1829490.0,0.00639,0.127514,0.176101
10,1829490.0,0.09924,0.105573,0.10957,1.42681
11,1829490.0,0.00639,0.126828,0.167705
10,1829490.0,0.09924,0.105415,0.10957,1.43418
11,1829490.0,0.00639,0.128887,0.173702
10,1829490.0,0.09924,0.105533,0.110161,1.4409
11,1829490.0,0.00715812,0.127743,0.173302
10,1829490.0,0.09924,0.105337,0.109806,1.4421
11,1829490.0,0.00639,0.125913,0.169304
10,1829500.0,0.09924,0.106202,0.109688,1.44175
11,1829500.0,0.00639,0.127972,0.1773
10,1829500.0,0.09924,0.105219,0.10957,1.44513
11,1829500.0,0.00639,0.127057,0.170504
10,1829500.0,0.09924,0.10514,0.10957,1.45328
11,1829500.0,0.00654362,0.127972,0.179698
10,1829500.0,0.09924,0.10514,0.109924,1.46026
-1930424573.0,1829500.0,11.6479,130,34,0,0,0,1,1
-1930424829.0,1829500.0,0,0,0,0
11,1829500.0,0.00677406,0.127972,0.170104
10,1829500.0,0.09924,0.105612,0.10957,1.46275
11,1829500.0,0.00639,0.127743,0.1765
10,1829500.0,0.09924,0.10514,0.109924,1.46554
11,1829500.0,0.00639,0.127286,0.183296
10,1829500.0,0.09924,0.105219,0.10957,1.47229
11,1829500.0,0.00639,0.127743,0.172902
10,1829500.0,0.09924,0.105258,0.10957,1.48428
11,1829500.0,0.00639,0.126371,0.163708
10,1829500.0,0.09924,0.105179,0.109688,1.49461
11,1829500.0,0.0070813,0.127972,0.171703
10,1829500.0,0.09924,0.10514,0.10957,1.49911
11,1829500.0,0.00639,0.128658,0.169704
10,1829510.0,0.09924,0.105533,0.10957,1.50474
11,1829510.0,0.00639,0.128201,0.168905
10,1829510.0,0.09924,0.10514,0.109649,1.52084
11,1829510.0,0.00642841,0.127057,0.165307
10,1829510.0,0.09924,0.10514,0.10957,1.5399
11,1829510.0,0.00646681,0.127743,0.167305
-1930424573.0,1829510.0,11.6479,135,34,0,0,0,1,1
-1930424829.0,1829510.0,0,0,0,0
10,1829510.0,0.09924,0.105219,0.10957,1.55138
11,1829510.0,0.00639,0.127057,0.166506
10,1829510.0,0.09924,0.105809,0.10957,1.55429
11,1829510.0,0.00639,0.128201,0.164907
10,1829510.0,0.09924,0.10514,0.10957,1.56116
12,1829510.0
11,1829510.0,0.00639,0.127972,0.164507
10,1829510.0,0.09924,0.105219,0.109688,1.57928
11,1829510.0,0.00681246,0.127057,0.166106
10,1829510.0,0.09924,0.10514,0.10957,1.59935
11,1829510.0,0.00639,0.127743,0.167305
10,1829510.0,0.09924,0.105337,0.10957,1.60777
11,1829510.0,0.00688928,0.126599,0.16011
10,1829510.0,0.09924,0.10514,0.10957,1.60311
11,1829510.0,0.00650522,0.127286,0.176101
10,1829520.0,0.09924,0.10514,0.109885,1.60156
11,1829520.0,0.00658203,0.126599,0.165307
10,1829520.0,0.09924,0.105179,0.109649,1.61099
11,1829520.0,0.00658203,0.127972,0.174501
10,1829520.0,0.09924,0.105887,0.110082,1.62197
11,1829520.0,0.00662043,0.128429,0.171303
-1930424573.0,1829520.0,11.6625,135,34,0,0,0,1,1
-1930424829.0,1829520.0,0,0,0,0
10,1829520.0,0.09924,0.105612,0.10957,1.61933
11,1829520.0,0.00639,0.128201,0.174102
10,1829520.0,0.09924,0.105337,0.109767,1.60653
11,1829520.0,0.00639,0.127743,0.173302
10,1829520.0,0.09924,0.106084,0.10957,1.59772
11,1829520.0,0.00677406,0.127514,0.170903
10,1829520.0,0.09924,0.10514,0.10957,1.60292
11,1829520.0,0.00654362,0.126371,0.170504
10,1829520.0,0.09924,0.105415,0.109649,1.61076
11,1829520.0,0.00639,0.128658,0.173302
10,1829520.0,0.09924,0.10514,0.109885,1.60622
11,1829520.0,0.00639,0.128201,0.1777
10,1829520.0,0.09924,0.10514,0.109688,1.59434
11,1829520.0,0.00677406,0.126828,0.174102
10,1829530.0,0.09924,0.10514,0.10957,1.58837
11,1829530.0,0.00639,0.128201,0.1769
10,1829530.0,0.09924,0.105927,0.109649,1.59834
11,1829530.0,0.00639,0.128887,0.170504
10,1829530.0,0.09924,0.105337,0.10957,1.6134
11,1829530.0,0.00662043,0.127286,0.165706
-1930424573.0,1829530.0,11.6625,131,34,0,0,0,1,1
-1930424829.0,1829530.0,0,0,0,0
10,1829530.0,0.09924,0.105612,0.10957,1.61794
11,1829530.0,0.00639,0.128429,0.169704
10,1829530.0,0.09924,0.10514,0.109688,1.61553
11,1829530.0,0.00639,0.127514,0.169704
10,1829530.0,0.09924,0.105219,0.1102,1.61879
11,1829530.0,0.00673565,0.126371,0.167305
10,1829530.0,0.09924,0.10514,0.10957,1.63466
11,1829530.0,0.00654362,0.128658,0.171303
10,1829530.0,0.09924,0.10514,0.10957,1.65042
11,1829530.0,0.00639,0.127743,0.171303
10,1829530.0,0.09924,0.105612,0.10957,1.65372
11,1829530.0,0.0070429,0.126828,0.169704
10,1829530.0,0.09924,0.10514,0.109688,1.64731
11,1829530.0,0.00685087,0.128201,0.172103
10,1829540.0,0.09924,0.10514,0.10957,1.64805
11,1829540.0,0.00639,0.127057,0.164907
10,1829540.0,0.09924,0.105219,0.10957,1.66175
11,1829540.0,0.00639,0.127743,0.167305
10,1829540.0,0.09924,0.10514,0.10957,1.67401
11,1829540.0,0.00639,0.127743,0.169304
-1930424573.0,1829540.0,11.6625,138,34,0,0,0,1,1
-1930424829.0,1829540.0,0,0,0,0
10,1829540.0,0.09924,0.105809,0.109609,1.67087
11,1829540.0,0.00639,0.128887,0.170104
10,1829540.0,0.09924,0.10514,0.109688,1.65934
11,1829540.0,0.00723493,0.127057,0.16011
10,1829540.0,0.09924,0.10514,0.10957,1.65263
11,1829540.0,0.00639,0.128201,0.166106
10,1829540.0,0.09924,0.10514,0.109964,1.66055
11,1829540.0,0.00681246,0.126599,0.164107
10,1829540.0,0.09924,0.105455,0.10957,1.66924
11,1829540.0,0.00639,0.127743,0.163708
10,1829540.0,0.09924,0.10514,0.10957,1.66439
11,1829540.0,0.00639,0.127057,0.166106
10,1829540.0,0.09924,0.105612,0.10957,1.65197
11,1829540.0,0.00639,0.127972,0.169304
10,1829550.0,0.09924,0.10514,0.109806,1.64782
11,1829550.0,0.00681246,0.127514,0.163708
10,1829550.0,0.09924,0.105651,0.109727,1.65531
11,1829550.0,0.00639,0.127972,0.171703
10,1829550.0,0.09924,0.105415,0.109727,1.66179
11,1829550.0,0.00639,0.128201,0.171303
-1930424573.0,1829550.0,11.6625,136,34,0,0,0,1,1
-1930424829.0,1829550.0,0,0,0,0
10,1829550.0,0.09924,0.10514,0.109767,1.65705
11,1829550.0,0.00646681,0.127743,0.180098
10,1829550.0,0.09924,0.105612,0.110082,1.64747
11,1829550.0,0.00650522,0.127743,0.1769
10,1829550.0,0.09924,0.105297,0.10957,1.64638
11,1829550.0,0.00639,0.127286,0.171303
10,1829550.0,0.09924,0.105376,0.10957,1.65581
11,1829550.0,0.00639,0.128658,0.178099
10,1829550.0,0.09924,0.10514,0.109688,1.66524
11,1829550.0,0.00639,0.127972,0.174901
10,1829550.0,0.09924,0.10514,0.10957,1.66097
11,1829550.0,0.00639,0.127743,0.1773
10,1829550.0,0.09924,0.105494,0.109609,1.65259
11,1829550.0,0.0070429,0.127743,0.170504
10,1829560.0,0.09924,0.10514,0.10957,1.65108
11,1829560.0,0.00639,0.129115,0.180098
10,1829560.0,0.09924,0.10514,0.109924,1.66299
11,1829560.0,0.00662043,0.127057,0.1777
10,1829560.0,0.09924,0.105691,0.10957,1.67363
11,1829560.0,0.00654362,0.127514,0.174501
-1930424573.0,1829560.0,11.6396,133,34,0,0,0,1,1
-1930424829.0,1829560.0,0,0,0,0
10,1829560.0,0.09924,0.10514,0.10957,1.6732
11,1829560.0,0.00639,0.126828,0.171303
10,1829560.0,0.09924,0.105179,0.10957,1.66598
11,1829560.0,0.00654362,0.127286,0.172503
10,1829560.0,0.09924,0.105258,0.10957,1.66532
12,1829560.0
11,1829560.0,0.00639,0.128429,0.170504
10,1829560.0,0.09924,0.105179,0.10957,1.67409
11,1829560.0,0.00639,0.127743,0.161709
10,1829560.0,0.09924,0.10514,0.109964,1.68143
11,1829560.0,0.00673565,0.128658,0.176101
10,1829560.0,0.09924,0.10514,0.109727,1.67751
11,1829560.0,0.00639,0.128201,0.163308
10,1829560.0,0.09924,0.10514,0.10957,1.66901
11,1829560.0,0.00685087,0.127743,0.164507
10,1829570.0,0.09924,0.105258,0.10957,1.6647
11,1829570.0,0.00639,0.128429,0.164107
10,1829570.0,0.09924,0.10514,0.10957,1.67075
11,1829570.0,0.00639,0.129115,0.164907
10,1829570.0,0.09924,0.10514,0.10957,1.67417
11,1829570.0,0.00639,0.127972,0.16011
-1930424573.0,1829570.0,11.6396,138,34,0,0,0,1,1
-1930424829.0,1829570.0,0,0,0,0
10,1829570.0,0.09924,0.105927,0.109649,1.66668
11,1829570.0,0.00711971,0.126828,0.168505
10,1829570.0,0.09924,0.10514,0.109727,1.65352
11,1829570.0,0.00639,0.127743,0.168505
10,1829570.0,0.09924,0.10514,0.10957,1.6484
11,1829570.0,0.00665884,0.126828,0.162508
10,1829570.0,0.09924,0.105573,0.10957,1.65422
11,1829570.0,0.00639,0.127743,0.166906
10,1829570.0,0.09924,0.105455,0.109806,1.65896
11,1829570.0,0.00650522,0.128887,0.170504
10,1829570.0,0.09924,0.105179,0.109806,1.65403
11,1829570.0,0.00639,0.127057,0.163708
10,1829570.0,0.09924,0.10514,0.109688,1.64347
11,1829570.0,0.00639,0.128658,0.168505
10,1829580.0,0.09924,0.105809,0.10957,1.63897
11,1829580.0,0.00642841,0.127057,0.167705
10,1829580.0,0.09924,0.105927,0.109727,1.64444
11,1829580.0,0.00639,0.127743,0.169304
10,1829580.0,0.09924,0.10514,0.109649,1.64922
11,1829580.0,0.00639,0.127972,0.173702
-1930424573.0,1829580.0,11.6562,135,34,0,0,0,1,1
-1930424829.0,1829580.0,0,0,0,0
10,1829580.0,0.09924,0.105809,0.109964,1.64665
11,1829580.0,0.00654362,0.127514,0.169704
10,1829580.0,0.09924,0.10514,0.10957,1.63916
11,1829580.0,0.00639,0.128429,0.174901
10,1829580.0,0.09924,0.105455,0.110161,1.63792
11,1829580.0,0.00639,0.128429,0.174102
10,1829580.0,0.09924,0.105533,0.10957,1.64553
11,1829580.0,0.00639,0.126599,0.168905
10,1829580.0,0.09924,0.105337,0.10957,1.65092
11,1829580.0,0.00639,0.127972,0.170903
10,1829580.0,0.09924,0.105179,0.10957,1.64825
11,1829580.0,0.00639,0.128429,0.180898
10,1829580.0,0.09924,0.10514,0.109806,1.64134
11,1829580.0,0.00639,0.127057,0.171703
10,1829590.0,0.09924,0.105573,0.109846,1.64107
11,1829590.0,0.00692768,0.127286,0.173302
10,1829590.0,0.09924,0.10514,0.10957,1.65085
11,1829590.0,0.00639,0.128429,0.178099
10,1829590.0,0.09924,0.10514,0.10957,1.66039
11,1829590.0,0.00662043,0.128429,0.1773
-1930424573.0,1829590.0,11.6562,132,35,0,0,0,1,1
-1930424829.0,1829590.0,0,0,0,0
10,1829590.0,0.09924,0.105376,0.10957,1.66047
11,1829590.0,0.00639,0.127972,0.173702
10,1829590.0,0.09924,0.10514,0.10957,1.65523
11,1829590.0,0.00654362,0.126599,0.166506
10,1829590.0,0.09924,0.10514,0.109727,1.65574
11,1829590.0,0.00639,0.126371,0.162908
10,1829590.0,0.09924,0.10514,0.10957,1.66489
11,1829590.0,0.00662043,0.127972,0.176101
10,1829590.0,0.09924,0.105415,0.109649,1.67394
11,1829590.0,0.00654362,0.127286,0.163708
10,1829590.0,0.09924,0.10514,0.10957,1.67343
11,1829590.0,0.00662043,0.126599,0.168105
10,1829590.0,0.09924,0.10514,0.10957,1.66742
11,1829590.0,0.00639,0.128658,0.172902
10,1829600.0,0.09924,0.105455,0.10957,1.66691
11,1829600.0,0.00639,0.127972,0.169704
10,1829600.0,0.09924,0.105376,0.10957,1.67324
11,1829600.0,0.00639,0.127743,0.164507
10,1829600.0,0.09924,0.10514,0.10957,1.67863
11,1829600.0,0.00650522,0.128658,0.170104
-1930424573.0,1829600.0,11.6562,137,35,0,0,0,1,1
-1930424829.0,1829600.0,0,0,0,0
10,1829600.0,0.09924,0.105179,0.10957,1.67409
11,1829600.0,0.00639,0.128201,0.162908
10,1829600.0,0.09924,0.10514,0.109609,1.66439
11,1829600.0,0.00639,0.127057,0.162108
10,1829600.0,0.09924,0.105455,0.10957,1.66097
11,1829600.0,0.00639,0.127972,0.170903
10,1829600.0,0.09924,0.10514,0.10957,1.66606
11,1829600.0,0.00639,0.128201,0.166906
10,1829600.0,0.09924,0.105494,0.10957,1.6704
11,1829600.0,0.00639,0.127972,0.174901
10,1829600.0,0.09924,0.10514,0.109846,1.6642
11,1829600.0,0.00642841,0.127972,0.172503
10,1829600.0,0.09924,0.105455,0.109846,1.6531
11,1829600.0,0.00642841,0.127743,0.172503
10,1829610.0,0.09924,0.105376,0.109649,1.64642
11,1829610.0,0.00642841,0.127514,0.1765
10,1829610.0,0.09924,0.105966,0.10957,1.65011
11,1829610.0,0.00646681,0.126828,0.175701
10,1829610.0,0.09924,0.106123,0.110082,1.65403
11,1829610.0,0.00662043,0.126828,0.173702
-1930424573.0,1829610.0,11.6562,133,35,0,0,0,1,1
-1930424829.0,1829610.0,0,0,0,0
10,1829610.0,0.09924,0.10514,0.10957,1.64984
11,1829610.0,0.00639,0.127057,0.170903
10,1829610.0,0.09924,0.106281,0.109846,1.64165
11,1829610.0,0.00646681,0.127286,0.173302
10,1829610.0,0.09924,0.10514,0.10957,1.63819
12,1829610.0
11,1829610.0,0.00677406,0.125913,0.172103
10,1829610.0,0.09924,0.105219,0.109649,1.6432
11,1829610.0,0.00681246,0.126371,0.173702
10,1829610.0,0.09924,0.10514,0.109609,1.64801
11,1829610.0,0.00669725,0.127743,0.178899
10,1829610.0,0.09924,0.10514,0.109688,1.64471
11,1829610.0,0.00650522,0.128429,0.174501
10,1829610.0,0.09924,0.10514,0.10957,1.63936
11,1829610.0,0.00654362,0.127057,0.171303
10,1829620.0,0.09924,0.10514,0.109806,1.63889
11,1829620.0,0.00650522,0.128201,0.179299
10,1829620.0,0.09924,0.105455,0.109649,1.64902
11,1829620.0,0.00692768,0.126828,0.166106
10,1829620.0,0.09924,0.10514,0.109649,1.65733
11,1829620.0,0.00665884,0.128201,0.174501
-1930424573.0,1829620.0,11.6958,134,35,0,0,0,1,1
-1930424829.0,1829620.0,0,0,0,0
10,1829620.0,0.09924,0.105415,0.10957,1.65783
11,1829620.0,0.00639,0.127743,0.167705
10,1829620.0,0.09924,0.105297,0.10957,1.65282
11,1829620.0,0.00639,0.128201,0.174102
10,1829620.0,0.09924,0.105455,0.10957,1.65368
11,1829620.0,0.00662043,0.127286,0.162508
10,1829620.0,0.09924,0.105219,0.10957,1.66229
11,1829620.0,0.00639,0.128658,0.166506
10,1829620.0,0.09924,0.10514,0.10957,1.672
11,1829620.0,0.00646681,0.126599,0.16011
10,1829620.0,0.09924,0.10514,0.10957,1.67176
11,1829620.0,0.00639,0.128201,0.162108
10,1829620.0,0.09924,0.105415,0.10957,1.66738
11,1829620.0,0.00646681,0.126371,0.160909
10,1829630.0,0.09924,0.105848,0.10957,1.66668
11,1829630.0,0.00639,0.127514,0.162108
10,1829630.0,0.09924,0.10514,0.10957,1.673
11,1829630.0,0.00646681,0.128201,0.174501
10,1829630.0,0.09924,0.10514,0.10957,1.67832
11,1829630.0,0.00639,0.127286,0.165706
-1930424573.0,1829630.0,11.6958,138,35,0,0,0,1,1
-1930424829.0,1829630.0,0,0,0,0
10,1829630.0,0.09924,0.106123,0.10957,1.67386
11,1829630.0,0.00639,0.128429,0.170504
10,1829630.0,0.09924,0.10514,0.109727,1.66548
11,1829630.0,0.00639,0.127972,0.172503
10,1829630.0,0.09924,0.10514,0.109924,1.66284
11,1829630.0,0.00665884,0.126828,0.168105
10,1829630.0,0.09924,0.105887,0.109609,1.66777
11,1829630.0,0.00639,0.127743,0.178099
10,1829630.0,0.09924,0.10514,0.109688,1.67087
11,1829630.0,0.00639,0.127286,0.174901
10,1829630.0,0.09924,0.10514,0.109649,1.66319
11,1829630.0,0.00642841,0.127286,0.169304
10,1829630.0,0.09924,0.106399,0.109806,1.65116
11,1829630.0,0.00654362,0.127743,0.173302
10,1829640.0,0.09924,0.106359,0.109767,1.64433
11,1829640.0,0.00665884,0.127514,0.174901
10,1829640.0,0.09924,0.10514,0.109727,1.64728
11,1829640.0,0.00700449,0.126828,0.174102
10,1829640.0,0.09924,0.106595,0.109924,1.65061
11,1829640.0,0.00673565,0.126599,0.175701
-1930424573.0,1829640.0,11.65,134,35,0,0,0,1,1
-1930424829.0,1829640.0,0,0,0,0
10,1829640.0,0.09924,0.105258,0.10957,1.64475
11,1829640.0,0.00673565,0.126599,0.171703
10,1829640.0,0.09924,0.10514,0.109649,1.63552
11,1829640.0,0.00673565,0.125913,0.175701
10,1829640.0,0.09924,0.105455,0.110042,1.63082
11,1829640.0,0.00665884,0.126599,0.174102
10,1829640.0,0.09924,0.10514,0.10957,1.63528
11,1829640.0,0.00639,0.126828,0.168905
10,1829640.0,0.09924,0.10514,0.109727,1.63944
11,1829640.0,0.00658203,0.126599,0.170903
10,1829640.0,0.09924,0.10514,0.10957,1.63641
11,1829640.0,0.00639,0.126828,0.169304
10,1829640.0,0.09924,0.10514,0.109924,1.63148
11,1829640.0,0.00677406,0.126599,0.168505
10,1829650.0,0.09924,0.10514,0.10957,1.63179
11,1829650.0,0.00639,0.127743,0.162508
10,1829650.0,0.09924,0.10514,0.109727,1.64215
11,1829650.0,0.00662043,0.126599,0.166106
10,1829650.0,0.09924,0.105219,0.10957,1.64925
11,1829650.0,0.00639,0.128429,0.171703
-1930424573.0,1829650.0,11.65,136,35,0,0,0,1,1
-1930424829.0,1829650.0,0,0,0,0
10,1829650.0,0.09924,0.10514,0.10957,1.64875
11,1829650.0,0.00639,0.127972,0.167705
10,1829650.0,0.09924,0.10514,0.10957,1.6432
11,1829650.0,0.00639,0.127057,0.168505
10,1829650.0,0.09924,0.10514,0.109609,1.64351
11,1829650.0,0.00639,0.128201,0.174501
10,1829650.0,0.09924,0.10514,0.10957,1.65267
11,1829650.0,0.00639,0.127972,0.163308
10,1829650.0,0.09924,0.10514,0.10957,1.66109
11,1829650.0,0.00639,0.127514,0.162108
10,1829650.0,0.09924,0.10514,0.10957,1.66008
11,1829650.0,0.00673565,0.127743,0.160909
10,1829650.0,0.09924,0.105219,0.109727,1.65263
11,1829650.0,0.00639,0.128658,0.164507
10,1829660.0,0.09924,0.10514,0.10957,1.64937
11,1829660.0,0.00639,0.128887,0.161309
10,1829660.0,0.09924,0.10514,0.10957,1.6564
11,1829660.0,0.00639,0.127286,0.165307
10,1829660.0,0.09924,0.105573,0.109806,1.66039
11,1829660.0,0.00650522,0.128201,0.164907
-1930424573.0,1829660.0,11.6687,138,35,0,0,0,1,1
-1930424829.0,1829660.0,0,0,0,0
10,1829660.0,0.09924,0.10514,0.109767,1.65581
11,1829660.0,0.00639,0.126371,0.166906
10,1829660.0,0.09924,0.10514,0.109688,1.64541
11,1829660.0,0.00639,0.127286,0.174102
10,1829660.0,0.09924,0.105179,0.109609,1.64196
12,1829660.0
11,1829660.0,0.00639,0.126599,0.173302
10,1829660.0,0.09924,0.10514,0.10957,1.64491
11,1829660.0,0.00650522,0.128429,0.180898
10,1829660.0,0.09924,0.105258,0.10957,1.64778
11,1829660.0,0.00639,0.128201,0.178499
10,1829660.0,0.09924,0.105337,0.109609,1.63975
11,1829660.0,0.00642841,0.128201,0.174901
10,1829660.0,0.09924,0.105258,0.109846,1.62787
11,1829660.0,0.00662043,0.127972,0.176101
10,1829670.0,0.09924,0.10514,0.10957,1.62158
11,1829670.0,0.00639,0.127743,0.178899
10,1829670.0,0.09924,0.10514,0.10957,1.62713
11,1829670.0,0.00639,0.127286,0.179299
10,1829670.0,0.09924,0.10514,0.10957,1.63346
11,1829670.0,0.00642841,0.127514,0.181697
-1930424573.0,1829670.0,11.6687,131,35,0,0,0,1,1
-1930424829.0,1829670.0,0,0,0,0
10,1829670.0,0.09924,0.105533,0.109688,1.63016
11,1829670.0,0.00639,0.128201,0.178099
10,1829670.0,0.09924,0.105179,0.10957,1.62244
11,1829670.0,0.00639,0.128201,0.169304
10,1829670.0,0.09924,0.105179,0.109846,1.62143
11,1829670.0,0.00639,0.128658,0.171703
10,1829670.0,0.09924,0.10514,0.109609,1.63012
11,1829670.0,0.00639,0.127743,0.181298
10,1829670.0,0.09924,0.105494,0.10957,1.64021
11,1829670.0,0.00642841,0.126599,0.169704
10,1829670.0,0.09924,0.10514,0.10957,1.64142
11,1829670.0,0.00639,0.128201,0.171703
10,1829670.0,0.09924,0.105258,0.10957,1.63858
11,1829670.0,0.00639,0.128429,0.168505
10,1829680.0,0.09924,0.105612,0.109609,1.6427
11,1829680.0,0.00639,0.127057,0.171703
10,1829680.0,0.09924,0.10514,0.10957,1.65294
11,1829680.0,0.00639,0.127743,0.162108
10,1829680.0,0.09924,0.10514,0.10957,1.66132
11,1829680.0,0.00639,0.127286,0.167705
-1930424573.0,1829680.0,11.6687,135,35,0,0,0,1,1
-1930424829.0,1829680.0,0,0,0,0
10,1829680.0,0.09924,0.10514,0.10957,1.65651
11,1829680.0,0.00639,0.128658,0.162108
10,1829680.0,0.09924,0.10514,0.10957,1.64557
11,1829680.0,0.00639,0.127057,0.162508
10,1829680.0,0.09924,0.105337,0.10957,1.6413
11,1829680.0,0.00639,0.126142,0.166906
10,1829680.0,0.09924,0.10514,0.10957,1.64731
11,1829680.0,0.00642841,0.127514,0.156512
10,1829680.0,0.09924,0.10514,0.10957,1.65197
11,1829680.0,0.00642841,0.128201,0.16011
10,1829680.0,0.09924,0.10514,0.10957,1.64339
11,1829680.0,0.00646681,0.127057,0.15971
10,1829680.0,0.09924,0.105573,0.10957,1.62849
11,1829680.0,0.00642841,0.126828,0.15971
10,1829690.0,0.09924,0.10514,0.10957,1.61941
11,1829690.0,0.00639,0.127743,0.170504
10,1829690.0,0.09924,0.10514,0.109609,1.62353
11,1829690.0,0.00639,0.127743,0.172103
10,1829690.0,0.09924,0.105297,0.109609,1.62818
11,1829690.0,0.00639,0.128429,0.166906
-1930424573.0,1829690.0,11.6687,135,34,0,0,0,1,1
-1930424829.0,1829690.0,0,0,0,0
10,1829690.0,0.09924,0.105769,0.10957,1.62477
11,1829690.0,0.00639,0.129115,0.167305
10,1829690.0,0.09924,0.10514,0.109727,1.61735
11,1829690.0,0.00639,0.126371,0.163708
10,1829690.0,0.09924,0.105376,0.109609,1.6179
11,1829690.0,0.00639,0.127286,0.172103
10,1829690.0,0.09924,0.10514,0.10957,1.62729
11,1829690.0,0.00639,0.128429,0.169704
10,1829690.0,0.09924,0.106084,0.109767,1.63614
11,1829690.0,0.00642841,0.128201,0.173702
10,1829690.0,0.09924,0.10514,0.109727,1.63447
11,1829690.0,0.00639,0.127972,0.182497
10,1829690.0,0.09924,0.10514,0.10957,1.62939
11,1829690.0,0.00662043,0.127286,0.169304
10,1829700.0,0.09924,0.10514,0.109609,1.63156
11,1829700.0,0.00639,0.128201,0.168905
10,1829700.0,0.09924,0.105258,0.10957,1.64557
11,1829700.0,0.00646681,0.126599,0.164507
10,1829700.0,0.09924,0.105219,0.109609,1.65694
11,1829700.0,0.00639,0.127972,0.173702
10,1829700.0,0.09924,0.105258,0.109609,1.65434
-1930424573.0,1829700.0,11.6687,130,34,0,0,0,1,1
-1930424829.0,1829700.0,0,0,0,0
11,1829700.0,0.00639,0.127743,0.171703
10,1829700.0,0.09924,0.10514,0.109806,1.64607
11,1829700.0,0.00639,0.127286,0.168505
10,1829700.0,0.09924,0.10514,0.10957,1.64514
11,1829700.0,0.00639,0.127057,0.168905
10,1829700.0,0.09924,0.105297,0.10957,1.65523
11,1829700.0,0.00639,0.128201,0.166106
10,1829700.0,0.09924,0.10514,0.10957,1.66443
11,1829700.0,0.00639,0.127972,0.167705
10,1829700.0,0.09924,0.10514,0.10957,1.66171
11,1829700.0,0.00639,0.128201,0.173302
10,1829700.0,0.09924,0.10514,0.10957,1.65302
11,1829700.0,0.00692768,0.127057,0.168105
10,1829710.0,0.09924,0.105415,0.10957,1.65251
11,1829710.0,0.00639,0.127514,0.16011
10,1829710.0,0.09924,0.10514,0.10957,1.66226
11,1829710.0,0.00639,0.127514,0.174501
10,1829710.0,0.09924,0.105533,0.10957,1.66986
11,1829710.0,0.00639,0.127972,0.165706
-1930424573.0,1829710.0,11.6687,137,34,0,0,0,1,1
-1930424829.0,1829710.0,0,0,0,0
10,1829710.0,0.09924,0.10514,0.10957,1.66392
11,1829710.0,0.00654362,0.127514,0.166106
10,1829710.0,0.09924,0.10514,0.10957,1.65314
11,1829710.0,0.00639,0.127743,0.160909
10,1829710.0,0.09924,0.10514,0.10957,1.65232
12,1829710.0
11,1829710.0,0.00685087,0.126599,0.162908
10,1829710.0,0.09924,0.105337,0.10957,1.6635
11,1829710.0,0.00639,0.128201,0.160509
10,1829710.0,0.09924,0.105455,0.10957,1.67184
11,1829710.0,0.00639,0.128201,0.166506
10,1829710.0,0.09924,0.105297,0.109767,1.6673
11,1829710.0,0.00639,0.127514,0.163308
10,1829710.0,0.09924,0.10514,0.10957,1.65698
11,1829710.0,0.00646681,0.128429,0.167305
10,1829720.0,0.09924,0.10514,0.10957,1.65453
11,1829720.0,0.00639,0.127514,0.164107
10,1829720.0,0.09924,0.10514,0.10957,1.66563
11,1829720.0,0.00639,0.127972,0.175301
10,1829720.0,0.09924,0.105337,0.109767,1.67452
11,1829720.0,0.00673565,0.127514,0.166506
-1930424573.0,1829720.0,11.6416,137,34,0,0,0,1,1
-1930424829.0,1829720.0,0,0,0,0
10,1829720.0,0.09924,0.105415,0.109688,1.67106
11,1829720.0,0.00685087,0.127057,0.172103
10,1829720.0,0.09924,0.10514,0.109924,1.66156
11,1829720.0,0.00642841,0.127972,0.178899
10,1829720.0,0.09924,0.105415,0.109767,1.66016
11,1829720.0,0.00639,0.127972,0.178899
10,1829720.0,0.09924,0.10514,0.109964,1.67072
11,1829720.0,0.00719652,0.126599,0.178899
10,1829720.0,0.09924,0.105455,0.10957,1.67774
11,1829720.0,0.00639,0.128658,0.179698
10,1829720.0,0.09924,0.10514,0.109806,1.67231
11,1829720.0,0.00639,0.127972,0.1777
10,1829720.0,0.09924,0.105573,0.10957,1.66109
11,1829720.0,0.00639,0.128201,0.175301
10,1829730.0,0.09924,0.105179,0.109806,1.65865
11,1829730.0,0.00685087,0.127972,0.179299
10,1829730.0,0.09924,0.10514,0.10957,1.66978
11,1829730.0,0.00639,0.126599,0.170104
10,1829730.0,0.09924,0.10514,0.10957,1.67727
11,1829730.0,0.00639,0.126599,0.172902
-1930424573.0,1829730.0,11.6416,127,34,0,0,0,1,3
-1930424829.0,1829730.0,0.420833,0.827082,0.929165,0
10,1829730.0,0.09924,0.105337,0.109688,1.66978
11,1829730.0,0.00639,0.128887,0.175301
10,1829730.0,0.09924,0.10514,0.109649,1.66144
11,1829730.0,0.00658203,0.128429,0.180898
10,1829730.0,0.09924,0.105455,0.10957,1.66249
11,1829730.0,0.00639,0.128658,0.172503
10,1829730.0,0.09924,0.10514,0.109688,1.67502
11,1829730.0,0.00681246,0.127057,0.170504
10,1829730.0,0.09924,0.10514,0.10957,1.68531
11,1829730.0,0.00639,0.127514,0.171703
10,1829730.0,0.09924,0.10514,0.10957,1.68197
11,1829730.0,0.00642841,0.127514,0.178499
10,1829730.0,0.09924,0.105494,0.10957,1.67448
11,1829730.0,0.00639,0.127972,0.170104
10,1829740.0,0.09924,0.10514,0.10957,1.67673
11,1829740.0,0.00639,0.128201,0.163708
10,1829740.0,0.09924,0.10514,0.10957,1.69078
11,1829740.0,0.00688928,0.127514,0.165706
10,1829740.0,0.09924,0.10514,0.10957,1.70211
11,1829740.0,0.00639,0.128658,0.1765
-1930424573.0,1829740.0,11.6416,133,34,0,0,0,1,3
-1930424829.0,1829740.0,0.420833,0.827082,0.929165,0
10,1829740.0,0.09924,0.10573,0.10957,1.69811
11,1829740.0,0.00639,0.128429,0.164107
10,1829740.0,0.09924,0.105297,0.10957,1.6895
11,1829740.0,0.00658203,0.127743,0.169704
10,1829740.0,0.09924,0.10514,0.10957,1.69066
11,1829740.0,0.00639,0.126828,0.165706
10,1829740.0,0.09924,0.10514,0.109609,1.70452
11,1829740.0,0.00639,0.127057,0.175301
10,1829740.0,0.09924,0.10514,0.110042,1.71309
11,1829740.0,0.00639,0.127743,0.170903
10,1829740.0,0.09924,0.10514,0.109885,1.70615
11,1829740.0,0.00692768,0.126371,0.167305
10,1829740.0,0.09924,0.105809,0.10957,1.69497
11,1829740.0,0.00639,0.128887,0.174901
10,1829750.0,0.09924,0.105337,0.109727,1.69272
11,1829750.0,0.00639,0.127743,0.174102
10,1829750.0,0.09924,0.10514,0.109806,1.70421
11,1829750.0,0.00688928,0.126828,0.174901
10,1829750.0,0.09924,0.10514,0.109964,1.71197
11,1829750.0,0.00639,0.128201,0.178899
-1930424573.0,1829750.0,11.6416,130,34,0,0,0,1,3
-1930424829.0,1829750.0,0.502083,0.987498,1.10833,0
10,1829750.0,0.09924,0.10514,0.10957,1.70529
11,1829750.0,0.00639,0.127972,0.187294
10,1829750.0,0.09924,0.10514,0.110003,1.69493
11,1829750.0,0.00646681,0.127057,0.181298
10,1829750.0,0.09924,0.105769,0.10957,1.69233
11,1829750.0,0.00639,0.128201,0.178099
10,1829750.0,0.09924,0.105376,0.10957,1.70067
11,1829750.0,0.00639,0.128658,0.182897
10,1829750.0,0.09924,0.105179,0.109727,1.70723
11,1829750.0,0.00677406,0.127057,0.176101
10,1829750.0,0.09924,0.10573,0.10957,1.70157
11,1829750.0,0.00639,0.128429,0.169304
10,1829750.0,0.09924,0.10514,0.10957,1.69388
11,1829750.0,0.00639,0.127972,0.1765
10,1829760.0,0.09924,0.105809,0.10957,1.69481
11,1829760.0,0.00639,0.127514,0.173702
10,1829760.0,0.09924,0.10514,0.109964,1.70514
11,1829760.0,0.00639,0.128658,0.171703
10,1829760.0,0.09924,0.105533,0.10957,1.71263
11,1829760.0,0.00639,0.127514,0.174901
-1930424573.0,1829760.0,11.6458,125,34,0,0,0,1,1
-1930424829.0,1829760.0,0.502083,0.987498,1.10833,0
10,1829760.0,0.09924,0.10514,0.109649,1.70921
11,1829760.0,0.00658203,0.127286,0.184496
10,1829760.0,0.09924,0.105455,0.109806,1.70258
11,1829760.0,0.00639,0.127972,0.174901
10,1829760.0,0.09924,0.10514,0.10957,1.70242
12,1829760.0
11,1829760.0,0.00639,0.128201,0.1769
10,1829760.0,0.09924,0.105415,0.10957,1.71379
11,1829760.0,0.00639,0.127743,0.173702
10,1829760.0,0.09924,0.10514,0.10957,1.72245
11,1829760.0,0.00665884,0.127972,0.174102
10,1829760.0,0.09924,0.105337,0.10957,1.71907
11,1829760.0,0.00639,0.128201,0.172902
10,1829760.0,0.09924,0.105337,0.109649,1.71045
11,1829760.0,0.00639,0.128201,0.1777
10,1829770.0,0.09924,0.10514,0.10957,1.70619
11,1829770.0,0.00692768,0.127286,0.168505
10,1829770.0,0.09924,0.105651,0.10957,1.71131
11,1829770.0,0.00642841,0.127057,0.166506
10,1829770.0,0.09924,0.10514,0.10957,1.71546
11,1829770.0,0.00646681,0.128201,0.175701
-1930424573.0,1829770.0,11.6458,130,34,0,0,0,1,1
-1930424829.0,1829770.0,0.502083,0.987498,1.10833,0
10,1829770.0,0.09924,0.10573,0.109806,1.71084
11,1829770.0,0.00642841,0.127743,0.170903
10,1829770.0,0.09924,0.105494,0.10957,1.7013
11,1829770.0,0.00639,0.128201,0.168105
10,1829770.0,0.09924,0.10514,0.10957,1.69578
11,1829770.0,0.00639,0.127743,0.168105
10,1829770.0,0.09924,0.105769,0.10957,1.69741
11,1829770.0,0.00639,0.129573,0.164907
10,1829770.0,0.09924,0.105415,0.109964,1.69842
11,1829770.0,0.0070429,0.127286,0.168505
10,1829770.0,0.09924,0.10514,0.10957,1.69109
11,1829770.0,0.00639,0.128201,0.168905
10,1829770.0,0.09924,0.105258,0.10957,1.68084
11,1829770.0,0.00639,0.126599,0.164107
10,1829780.0,0.09924,0.105927,0.10957,1.67584
11,1829780.0,0.00639,0.128658,0.171303
10,1829780.0,0.09924,0.10514,0.10957,1.67859
11,1829780.0,0.00639,0.128887,0.176101
10,1829780.0,0.09924,0.105455,0.10957,1.68166
11,1829780.0,0.00639,0.128429,0.168505
-1930424573.0,1829780.0,11.6833,129,34,0,0,0,1,1
-1930424829.0,1829780.0,0.329166,0.647916,0.729166,0
10,1829780.0,0.09924,0.105455,0.10957,1.67855
11,1829780.0,0.00639,0.126828,0.169704
10,1829780.0,0.09924,0.106281,0.109846,1.67184
11,1829780.0,0.00639,0.127286,0.176101
10,1829780.0,0.09924,0.105415,0.10957,1.66796
11,1829780.0,0.00681246,0.126599,0.168105
10,1829780.0,0.09924,0.105415,0.109846,1.67106
11,1829780.0,0.00639,0.126599,0.173702
10,1829780.0,0.09924,0.10514,0.10957,1.67487
11,1829780.0,0.00665884,0.126599,0.172103
10,1829780.0,0.09924,0.10514,0.109727,1.67475
11,1829780.0,0.00639,0.128429,0.176101
10,1829780.0,0.09924,0.105494,0.10957,1.66998
11,1829780.0,0.00639,0.129115,0.174901
10,1829790.0,0.09924,0.10514,0.10957,1.67176
11,1829790.0,0.00646681,0.127286,0.170903
10,1829790.0,0.09924,0.105415,0.109649,1.67661
11,1829790.0,0.00662043,0.127514,0.170104
10,1829790.0,0.09924,0.10514,0.10957,1.68178
11,1829790.0,0.00639,0.128201,0.172902
-1930424573.0,1829790.0,11.6833,130,34,0,0,0,1,1
-1930424829.0,1829790.0,0.247916,0.489583,0.549999,0
10,1829790.0,0.09924,0.105258,0.10957,1.68212
11,1829790.0,0.00677406,0.126828,0.167305
10,1829790.0,0.09924,0.105651,0.109846,1.67995
11,1829790.0,0.00665884,0.127286,0.170104
10,1829790.0,0.09924,0.106045,0.10957,1.68131
11,1829790.0,0.00639,0.128429,0.168505
10,1829790.0,0.09924,0.10514,0.10957,1.68938
11,1829790.0,0.00639,0.127972,0.170104
10,1829790.0,0.09924,0.10514,0.109609,1.69753
11,1829790.0,0.00642841,0.127286,0.163708
10,1829790.0,0.09924,0.10514,0.10957,1.69773
11,1829790.0,0.00639,0.127514,0.167305
10,1829790.0,0.09924,0.10514,0.10957,1.69419
11,1829790.0,0.00642841,0.127743,0.172103
10,1829800.0,0.09924,0.10514,0.10957,1.69295
11,1829800.0,0.00639,0.127514,0.162908
10,1829800.0,0.09924,0.105415,0.10957,1.6971
11,1829800.0,0.00639,0.128201,0.172902
10,1829800.0,0.09924,0.105258,0.10957,1.70262
11,1829800.0,0.00639,0.128429,0.166906
10,1829800.0,0.09924,0.10514,0.10957,1.70246
-1930424573.0,1829800.0,11.6833,136,34,0,0,0,1,1
-1930424829.0,1829800.0,0.197916,0.391666,0.439583,0
11,1829800.0,0.00681246,0.126599,0.167705
10,1829800.0,0.09924,0.105219,0.10957,1.69784
11,1829800.0,0.00650522,0.127972,0.167305
10,1829800.0,0.09924,0.105297,0.10957,1.69637
11,1829800.0,0.00639,0.127514,0.167705
10,1829800.0,0.09924,0.105848,0.10957,1.69978
11,1829800.0,0.00639,0.128658,0.171303
10,1829800.0,0.09924,0.10514,0.10957,1.70064
11,1829800.0,0.00654362,0.128429,0.183296
10,1829800.0,0.09924,0.10514,0.109924,1.6966
11,1829800.0,0.00669725,0.127743,0.176101
10,1829800.0,0.09924,0.10514,0.109688,1.68841
11,1829800.0,0.00662043,0.127972,0.173302
10,1829810.0,0.09924,0.105297,0.10957,1.68601
11,1829810.0,0.00665884,0.127514,0.169304
10,1829810.0,0.09924,0.10514,0.10957,1.68705
11,1829810.0,0.00639,0.127972,0.1769
10,1829810.0,0.09924,0.105573,0.10957,1.68868
11,1829810.0,0.00639,0.128201,0.1765
-1930424573.0,1829810.0,11.6833,133,34,0,0,0,1,1
-1930424829.0,1829810.0,0.166666,0.327083,0.368749,0
10,1829810.0,0.09924,0.10514,0.10957,1.68379
11,1829810.0,0.00673565,0.126828,0.179299
10,1829810.0,0.09924,0.10514,0.10957,1.67421
11,1829810.0,0.00639,0.127972,0.179299
10,1829810.0,0.09924,0.105337,0.10957,1.66812
12,1829810.0
11,1829810.0,0.00639,0.127972,0.186095
10,1829810.0,0.09924,0.10514,0.109767,1.67087
11,1829810.0,0.00650522,0.128429,0.174901
10,1829810.0,0.09924,0.10514,0.10957,1.67324
11,1829810.0,0.00639,0.128429,0.179698
10,1829810.0,0.09924,0.105691,0.10957,1.67165
11,1829810.0,0.00639,0.128429,0.1765
10,1829810.0,0.09924,0.10514,0.10957,1.6678
11,1829810.0,0.00639,0.127286,0.168905
10,1829820.0,0.09924,0.10514,0.10957,1.66614
11,1829820.0,0.00639,0.127972,0.171703
10,1829820.0,0.09924,0.105415,0.10957,1.67114
11,1829820.0,0.00639,0.128658,0.174102
10,1829820.0,0.09924,0.10514,0.10957,1.67692
11,1829820.0,0.00639,0.126142,0.164907
-1930424573.0,1829820.0,11.6479,133,34,0,0,0,1,1
-1930424829.0,1829820.0,0.139583,0.272916,0.308333,0
10,1829820.0,0.09924,0.105573,0.10957,1.67743
11,1829820.0,0.00650522,0.128887,0.170903
10,1829820.0,0.09924,0.10514,0.109806,1.67634
11,1829820.0,0.00662043,0.127514,0.163308
10,1829820.0,0.09924,0.10514,0.10957,1.68018
11,1829820.0,0.00658203,0.128429,0.167305
10,1829820.0,0.09924,0.105455,0.10957,1.68923
11,1829820.0,0.00639,0.127972,0.168905
10,1829820.0,0.09924,0.10514,0.10957,1.69648
11,1829820.0,0.00639,0.125913,0.167705
10,1829820.0,0.09924,0.105337,0.10957,1.69676
11,1829820.0,0.00639,0.128429,0.169704
10,1829820.0,0.09924,0.10514,0.10957,1.69124
11,1829820.0,0.00639,0.128887,0.167705
10,1829830.0,0.09924,0.10514,0.10957,1.69121
11,1829830.0,0.00639,0.127514,0.15891
10,1829830.0,0.09924,0.10514,0.10957,1.69633
11,1829830.0,0.00639,0.127514,0.169704
10,1829830.0,0.09924,0.105337,0.109885,1.70184
11,1829830.0,0.00719652,0.128201,0.164507
-1930424573.0,1829830.0,11.6479,137,34,0,0,0,1,1
-1930424829.0,1829830.0,0.125,0.247916,0.279166,0
10,1829830.0,0.09924,0.10514,0.10957,1.69846
11,1829830.0,0.00639,0.127972,0.164907
10,1829830.0,0.09924,0.105415,0.109649,1.69086
11,1829830.0,0.00639,0.127057,0.169704
10,1829830.0,0.09924,0.10514,0.109609,1.68612
11,1829830.0,0.00665884,0.126828,0.170504
10,1829830.0,0.09924,0.105533,0.110082,1.68705
11,1829830.0,0.00639,0.127514,0.178499
10,1829830.0,0.09924,0.105179,0.109649,1.68814
11,1829830.0,0.00639,0.127743,0.176101
10,1829830.0,0.09924,0.105219,0.109688,1.68244
11,1829830.0,0.00639,0.127057,0.175301
10,1829830.0,0.09924,0.10514,0.10957,1.67269
11,1829830.0,0.00639,0.129115,0.173702
10,1829840.0,0.09924,0.105297,0.10957,1.66874
11,1829840.0,0.00639,0.127057,0.176101
10,1829840.0,0.09924,0.105651,0.10957,1.6713
11,1829840.0,0.00639,0.126828,0.171303
10,1829840.0,0.09924,0.10514,0.10957,1.67335
11,1829840.0,0.00639,0.127972,0.182897
-1930424573.0,1829840.0,11.6708,131,34,0,0,0,1,1
-1930424829.0,1829840.0,0.108333,0.2125,0.239583,0
10,1829840.0,0.09924,0.105494,0.109767,1.66854
11,1829840.0,0.00662043,0.127057,0.180098
10,1829840.0,0.09924,0.105179,0.10957,1.66008
11,1829840.0,0.00639,0.128658,0.178499
10,1829840.0,0.09924,0.10514,0.109727,1.6576
11,1829840.0,0.00658203,0.127057,0.179299
10,1829840.0,0.09924,0.10514,0.110003,1.66299
11,1829840.0,0.00669725,0.126371,0.172503
10,1829840.0,0.09924,0.106045,0.109727,1.66955
11,1829840.0,0.00642841,0.127743,0.169704
10,1829840.0,0.09924,0.10514,0.10957,1.66909
11,1829840.0,0.00639,0.128201,0.174901
10,1829840.0,0.09924,0.10514,0.10957,1.6661
11,1829840.0,0.00681246,0.126371,0.167305
10,1829850.0,0.09924,0.105337,0.10957,1.66656
11,1829850.0,0.00639,0.127972,0.172902
10,1829850.0,0.09924,0.10514,0.10957,1.6739
11,1829850.0,0.00639,0.128658,0.170504
10,1829850.0,0.09924,0.105179,0.10957,1.68216
11,1829850.0,0.00639,0.128201,0.169704
-1930424573.0,1829850.0,11.6708,133,34,0,0,0,1,1
-1930424829.0,1829850.0,0.0979165,0.19375,0.21875,0
10,1829850.0,0.09924,0.105297,0.109924,1.68309
11,1829850.0,0.00639,0.127743,0.170903
10,1829850.0,0.09924,0.10514,0.10957,1.68038
11,1829850.0,0.00639,0.127743,0.175301
10,1829850.0,0.09924,0.105337,0.10957,1.6841
11,1829850.0,0.00639,0.126828,0.164107
10,1829850.0,0.09924,0.10514,0.10957,1.69373
11,1829850.0,0.00639,0.127972,0.168505
10,1829850.0,0.09924,0.105219,0.10957,1.70067
11,1829850.0,0.00639,0.127514,0.164907
10,1829850.0,0.09924,0.10514,0.10957,1.69823
11,1829850.0,0.00642841,0.128201,0.170504
10,1829850.0,0.09924,0.10514,0.10957,1.69136
11,1829850.0,0.00681246,0.127057,0.167705
10,1829860.0,0.09924,0.10514,0.10957,1.68938
11,1829860.0,0.00639,0.128429,0.174102
10,1829860.0,0.09924,0.105337,0.10957,1.69563
11,1829860.0,0.00639,0.128429,0.164907
10,1829860.0,0.09924,0.105691,0.109688,1.70211
11,1829860.0,0.00642841,0.126599,0.167305
-1930424573.0,1829860.0,11.6666,135,34,0,0,0,1,1
-1930424829.0,1829860.0,0.0895832,0.177083,0.2,0
10,1829860.0,0.09924,0.10514,0.10957,1.69598
11,1829860.0,0.00639,0.128429,0.173702
10,1829860.0,0.09924,0.10514,0.10957,1.68573
11,1829860.0,0.00639,0.128429,0.171703
10,1829860.0,0.09924,0.105415,0.10957,1.67995
12,1829860.0
11,1829860.0,0.00639,0.128429,0.166906
10,1829860.0,0.09924,0.105179,0.10957,1.68181
11,1829860.0,0.00639,0.128429,0.176101
10,1829860.0,0.09924,0.105258,0.109846,1.68341
11,1829860.0,0.00639,0.128658,0.172103
10,1829860.0,0.09924,0.105179,0.109806,1.67755
11,1829860.0,0.00642841,0.125685,0.1777
10,1829860.0,0.09924,0.10514,0.10957,1.66761
11,1829860.0,0.00639,0.127286,0.172103
10,1829870.0,0.09924,0.10514,0.10957,1.66439
11,1829870.0,0.00639,0.128887,0.1773
10,1829870.0,0.09924,0.105337,0.10957,1.66819
11,1829870.0,0.00642841,0.127743,0.173702
10,1829870.0,0.09924,0.10514,0.10957,1.67157
11,1829870.0,0.00639,0.128201,0.180498
-1930424573.0,1829870.0,11.6666,129,34,0,0,0,1,1
-1930424829.0,1829870.0,0.0749999,0.15,0.16875,0
10,1829870.0,0.09924,0.105455,0.10957,1.66742
11,1829870.0,0.00639,0.127286,0.175701
10,1829870.0,0.09924,0.105297,0.109688,1.66086
11,1829870.0,0.00696609,0.127057,0.174102
10,1829870.0,0.09924,0.105376,0.110042,1.66047
11,1829870.0,0.00688928,0.126142,0.175701
10,1829870.0,0.09924,0.10514,0.109846,1.66959
11,1829870.0,0.00639,0.127514,0.181697
10,1829870.0,0.09924,0.10514,0.109688,1.67848
11,1829870.0,0.00639,0.127972,0.181298
10,1829870.0,0.09924,0.105494,0.109649,1.67879
11,1829870.0,0.00639,0.129573,0.168105
10,1829870.0,0.09924,0.10514,0.109688,1.67619
11,1829870.0,0.00639,0.128429,0.1765
10,1829880.0,0.09924,0.10514,0.10957,1.67817
11,1829880.0,0.00673565,0.126599,0.165706
10,1829880.0,0.09924,0.105297,0.10957,1.68752
11,1829880.0,0.00658203,0.127972,0.166906
10,1829880.0,0.09924,0.105573,0.10957,1.69598
11,1829880.0,0.00639,0.128887,0.166506
-1930424573.0,1829880.0,11.6666,135,34,0,0,0,1,1
-1930424829.0,1829880.0,0.0749999,0.15,0.16875,0
10,1829880.0,0.09924,0.10514,0.10957,1.69606
11,1829880.0,0.00654362,0.126828,0.169304
10,1829880.0,0.09924,0.10632,0.10957,1.69202
11,1829880.0,0.00639,0.128429,0.162508
10,1829880.0,0.09924,0.10514,0.10957,1.69396
11,1829880.0,0.00639,0.127972,0.173702
10,1829880.0,0.09924,0.10514,0.10957,1.7018
11,1829880.0,0.00658203,0.127286,0.166506
10,1829880.0,0.09924,0.10514,0.10957,1.70673
11,1829880.0,0.00639,0.127514,0.171303
10,1829880.0,0.09924,0.105297,0.10957,1.70102
11,1829880.0,0.00639,0.128887,0.166506
10,1829880.0,0.09924,0.10514,0.10957,1.69225
11,1829880.0,0.00639,0.128201,0.171303
10,1829890.0,0.09924,0.105376,0.10957,1.68992
11,1829890.0,0.00665884,0.127057,0.164107
10,1829890.0,0.09924,0.10514,0.10957,1.69656
11,1829890.0,0.00658203,0.127972,0.178099
10,1829890.0,0.09924,0.105258,0.10957,1.70099
11,1829890.0,0.00639,0.129115,0.166506
-1930424573.0,1829890.0,11.6666,137,34,0,0,0,1,0
-1930424829.0,1829890.0,0.0666666,0.133333,0.15,0
10,1831360.0,0.09924,0.10514,0.10957,1.68317
11,1831360.0,0.00677406,0.127972,0.1769
10,1831360.0,0.09924,0.10514,0.110003,1.68282
11,1831360.0,0.00639,0.126599,0.169304
12,1831360.0
10,1831360.0,0.09924,0.10514,0.10957,1.6824
11,1831360.0,0.00639,0.127743,0.173702
10,1831360.0,0.09924,0.105533,0.10957,1.68232
11,1831360.0,0.00639,0.127286,0.178099
10,1831360.0,0.09924,0.105455,0.10957,1.68251
11,1831360.0,0.00639,0.128887,0.169704
10,1831360.0,0.09924,0.10514,0.10957,1.68546
11,1831360.0,0.0070429,0.127743,0.169304
10,1831360.0,0.09924,0.10514,0.10957,1.68752
11,1831360.0,0.00639,0.128429,0.164107
10,1831370.0,0.09924,0.10514,0.10957,1.69
11,1831370.0,0.00639,0.127514,0.170504
10,1831370.0,0.09924,0.10514,0.10957,1.69163
11,1831370.0,0.00646681,0.127972,0.168105
10,1831370.0,0.09924,0.10514,0.10957,1.69299
11,1831370.0,0.00639,0.128201,0.164907
-1930424573.0,1831370.0,11.6646,138,35,0,0,0,2,1
-1930424829.0,1831370.0,0,0,0,0
10,1831370.0,0.09924,0.10514,0.10957,1.69346
11,1831370.0,0.00639,0.127743,0.164107
10,1831370.0,0.09924,0.10514,0.10957,1.69412
11,1831370.0,0.00639,0.128201,0.165706
10,1831370.0,0.09924,0.10514,0.10957,1.69505
11,1831370.0,0.00639,0.128429,0.174501
10,1831370.0,0.09924,0.10514,0.10957,1.69617
11,1831370.0,0.00639,0.128658,0.166506
10,1831370.0,0.09924,0.105297,0.10957,1.69773
11,1831370.0,0.00639,0.127514,0.169704
10,1831370.0,0.09924,0.105494,0.109688,1.69811
11,1831370.0,0.00639,0.128658,0.160909
10,1831370.0,0.09924,0.10514,0.10957,1.69707
11,1831370.0,0.00639,0.127743,0.172902
10,1831380.0,0.09924,0.105297,0.10957,1.69501
11,1831380.0,0.00639,0.128429,0.175301
10,1831380.0,0.09924,0.10514,0.10957,1.69361
11,1831380.0,0.00639,0.126828,0.171703
10,1831380.0,0.09924,0.10514,0.109727,1.69144
11,1831380.0,0.00639,0.127972,0.181697
-1930424573.0,1831380.0,11.6833,136,35,0,0,0,2,1
-1930424829.0,1831380.0,0,0,0,0
10,1831380.0,0.09924,0.10514,0.109727,1.69078
11,1831380.0,0.00696609,0.126371,0.170104
10,1831380.0,0.09924,0.10514,0.109767,1.68927
11,1831380.0,0.00673565,0.128201,0.179698
10,1831380.0,0.09924,0.10514,0.10957,1.68833
11,1831380.0,0.00673565,0.126371,0.174501
10,1831380.0,0.09924,0.105533,0.109727,1.68597
11,1831380.0,0.00639,0.127514,0.180898
10,1831380.0,0.09924,0.10514,0.10957,1.68313
11,1831380.0,0.00639,0.128658,0.181298
10,1831380.0,0.09924,0.10514,0.109846,1.68049
11,1831380.0,0.00642841,0.127514,0.1777
10,1831380.0,0.09924,0.105219,0.10957,1.67879
11,1831380.0,0.00639,0.128429,0.1773
10,1831390.0,0.09924,0.105179,0.10957,1.67832
11,1831390.0,0.00677406,0.127286,0.166906
10,1831390.0,0.09924,0.10514,0.10957,1.67809
11,1831390.0,0.00639,0.127743,0.175701
10,1831390.0,0.09924,0.10514,0.10957,1.67883
11,1831390.0,0.00639,0.127057,0.169704
-1930424573.0,1831390.0,11.6833,133,35,0,0,0,2,1
-1930424829.0,1831390.0,0,0,0,0
10,1831390.0,0.09924,0.10573,0.10957,1.67906
11,1831390.0,0.00639,0.128201,0.176101
10,1831390.0,0.09924,0.10514,0.10957,1.67898
11,1831390.0,0.00639,0.128201,0.174501
10,1831390.0,0.09924,0.10514,0.109727,1.67894
11,1831390.0,0.00639,0.126828,0.169704
10,1831390.0,0.09924,0.105376,0.10957,1.67972
11,1831390.0,0.00639,0.127972,0.169304
10,1831390.0,0.09924,0.105376,0.10957,1.68282
11,1831390.0,0.00639,0.129115,0.170104
10,1831390.0,0.09924,0.10514,0.10957,1.68682
11,1831390.0,0.00639,0.127743,0.170104
10,1831390.0,0.09924,0.10514,0.10957,1.68961
11,1831390.0,0.00658203,0.127743,0.163308
10,1831400.0,0.09924,0.105179,0.10957,1.69171
11,1831400.0,0.00639,0.127514,0.165706
10,1831400.0,0.09924,0.10514,0.10957,1.6926
11,1831400.0,0.00662043,0.127057,0.160509
10,1831400.0,0.09924,0.10514,0.10957,1.69582
11,1831400.0,0.00639,0.126828,0.161709
-1930424573.0,1831400.0,11.6833,138,35,0,0,0,2,1
-1930424829.0,1831400.0,0,0,0,0
10,1831400.0,0.09924,0.10514,0.10957,1.69835
11,1831400.0,0.00639,0.128201,0.166906
10,1831400.0,0.09924,0.10514,0.10957,1.69967
11,1831400.0,0.00639,0.127972,0.166906
10,1831400.0,0.09924,0.10514,0.10957,1.69897
11,1831400.0,0.00639,0.127743,0.165307
10,1831400.0,0.09924,0.10514,0.10957,1.70036
11,1831400.0,0.00639,0.127743,0.161709
10,1831400.0,0.09924,0.106202,0.109964,1.70378
11,1831400.0,0.00639,0.127286,0.168105
10,1831400.0,0.09924,0.106241,0.109649,1.70611
11,1831400.0,0.00688928,0.126828,0.170104
10,1831400.0,0.09924,0.105691,0.109727,1.7032
11,1831400.0,0.00639,0.127972,0.172902
10,1831410.0,0.09924,0.10514,0.10957,1.69924
11,1831410.0,0.00639,0.127972,0.181697
10,1831410.0,0.09924,0.105966,0.109727,1.69687
11,1831410.0,0.00677406,0.127057,0.174901
10,1831410.0,0.09924,0.105809,0.110161,1.69703
11,1831410.0,0.00639,0.128201,0.183696
-1930424573.0,1831410.0,11.6833,133,35,0,0,0,2,1
-1930424829.0,1831410.0,0,0,0,0
10,1831410.0,0.09924,0.10514,0.10957,1.69745
11,1831410.0,0.00639,0.127972,0.1769
10,1831410.0,0.09924,0.105769,0.109767,1.6947
11,1831410.0,0.00639,0.127057,0.1765
12,1831410.0
10,1831410.0,0.09924,0.10514,0.109846,1.68923
11,1831410.0,0.00658203,0.128201,0.180898
10,1831410.0,0.09924,0.10514,0.109767,1.6855
11,1831410.0,0.00642841,0.125685,0.1769
10,1831410.0,0.09924,0.105179,0.109688,1.68364
11,1831410.0,0.00639,0.127514,0.175301
10,1831410.0,0.09924,0.105573,0.109924,1.68189
11,1831410.0,0.00639,0.127743,0.174901
10,1831410.0,0.09924,0.10514,0.10957,1.67995
11,1831410.0,0.00642841,0.127514,0.170104
10,1831420.0,0.09924,0.10514,0.109688,1.67723
11,1831420.0,0.00639,0.128658,0.179698
10,1831420.0,0.09924,0.10514,0.109767,1.67681
11,1831420.0,0.00673565,0.127286,0.166906
10,1831420.0,0.09924,0.10514,0.10957,1.67692
11,1831420.0,0.00639,0.127972,0.167705
-1930424573.0,1831420.0,11.6812,132,35,0,0,0,2,1
-1930424829.0,1831420.0,0,0,0,0
10,1831420.0,0.09924,0.105651,0.10957,1.67786
11,1831420.0,0.00639,0.128658,0.173302
10,1831420.0,0.09924,0.105415,0.10957,1.67821
11,1831420.0,0.00646681,0.127972,0.168105
10,1831420.0,0.09924,0.10514,0.10957,1.67766
11,1831420.0,0.00646681,0.128201,0.172103
10,1831420.0,0.09924,0.10514,0.10957,1.67945
11,1831420.0,0.00662043,0.127057,0.164907
10,1831420.0,0.09924,0.106005,0.109806,1.68275
11,1831420.0,0.00639,0.127972,0.166106
10,1831420.0,0.09924,0.10514,0.10957,1.68682
11,1831420.0,0.00639,0.127972,0.168905
10,1831420.0,0.09924,0.105297,0.10957,1.69004
11,1831420.0,0.00639,0.127972,0.171303
10,1831430.0,0.09924,0.10514,0.10957,1.69159
11,1831430.0,0.00639,0.126828,0.171703
10,1831430.0,0.09924,0.10514,0.10957,1.6928
11,1831430.0,0.00700449,0.127057,0.163708
10,1831430.0,0.09924,0.10514,0.10957,1.69419
11,1831430.0,0.00646681,0.126371,0.166506
-1930424573.0,1831430.0,11.6812,136,35,0,0,0,2,1
-1930424829.0,1831430.0,0,0,0,0
10,1831430.0,0.09924,0.10514,0.10957,1.69722
11,1831430.0,0.00639,0.127286,0.162508
10,1831430.0,0.09924,0.105769,0.109885,1.69967
11,1831430.0,0.00650522,0.126599,0.166106
10,1831430.0,0.09924,0.10514,0.109727,1.70196
11,1831430.0,0.00639,0.127286,0.165307
10,1831430.0,0.09924,0.10514,0.109846,1.70242
11,1831430.0,0.00658203,0.126371,0.168505
10,1831430.0,0.09924,0.10514,0.109846,1.70254
11,1831430.0,0.00654362,0.127057,0.169304
10,1831430.0,0.09924,0.10514,0.10957,1.70219
11,1831430.0,0.00639,0.127286,0.172503
10,1831430.0,0.09924,0.10514,0.10957,1.70095
11,1831430.0,0.00639,0.126599,0.170903
10,1831440.0,0.09924,0.10514,0.109609,1.69827
11,1831440.0,0.00650522,0.127286,0.1773
10,1831440.0,0.09924,0.10514,0.10957,1.69532
11,1831440.0,0.00669725,0.127743,0.175701
10,1831440.0,0.09924,0.105376,0.109727,1.69117
11,1831440.0,0.00639,0.126599,0.174501
-1930424573.0,1831440.0,11.6458,132,35,0,0,0,2,1
-1930424829.0,1831440.0,0,0,0,0
10,1831440.0,0.09924,0.10632,0.109727,1.68278
11,1831440.0,0.00642841,0.127743,0.178499
10,1831440.0,0.09924,0.105612,0.109924,1.66901
11,1831440.0,0.00650522,0.126828,0.174102
10,1831440.0,0.09924,0.106123,0.109806,1.65081
11,1831440.0,0.00658203,0.127057,0.174102
10,1831440.0,0.09924,0.105651,0.109846,1.63148
11,1831440.0,0.00639,0.126599,0.170504
10,1831440.0,0.09924,0.10514,0.109885,1.61355
11,1831440.0,0.00642841,0.127057,0.172503
10,1831440.0,0.09924,0.10514,0.10957,1.59337
11,1831440.0,0.00654362,0.127057,0.171703
10,1831440.0,0.09924,0.10514,0.10957,1.57187
11,1831450.0,0.00642841,0.126828,0.171303
10,1831450.0,0.09924,0.105337,0.10957,1.5515
11,1831450.0,0.00646681,0.127057,0.172503
10,1831450.0,0.09924,0.106084,0.10957,1.53524
11,1831450.0,0.00642841,0.126828,0.173302
10,1831450.0,0.09924,0.10632,0.109924,1.52356
11,1831450.0,0.00665884,0.128429,0.163308
-1930424573.0,1831450.0,11.6458,134,35,0,0,0,2,1
-1930424829.0,1831450.0,0,0,0,0
10,1831450.0,0.09924,0.10514,0.10957,1.51475
11,1831450.0,0.00639,0.127514,0.166906
10,1831450.0,0.09924,0.10514,0.10957,1.50186
11,1831450.0,0.00639,0.127972,0.168505
10,1831450.0,0.09924,0.10514,0.10957,1.48487
11,1831450.0,0.00639,0.128201,0.171303
10,1831450.0,0.09924,0.105415,0.10957,1.47109
11,1831450.0,0.00639,0.128201,0.169704
10,1831450.0,0.09924,0.105455,0.10957,1.46321
11,1831450.0,0.00639,0.127972,0.167305
10,1831450.0,0.09924,0.10514,0.10957,1.45984
11,1831450.0,0.00639,0.127286,0.161309
10,1831450.0,0.09924,0.10514,0.10957,1.45495
11,1831460.0,0.00639,0.128429,0.164907
10,1831460.0,0.09924,0.10514,0.10957,1.44792
11,1831460.0,0.00677406,0.127286,0.164107
10,1831460.0,0.09924,0.105258,0.10957,1.43814
11,1831460.0,0.00639,0.127286,0.168905
10,1831460.0,0.09924,0.105337,0.109609,1.42941
11,1831460.0,0.00639,0.128201,0.171303
-1930424573.0,1831460.0,11.6479,138,35,0,0,0,2,1
-1930424829.0,1831460.0,0,0,0,0
10,1831460.0,0.09924,0.105219,0.110082,1.42277
11,1831460.0,0.00639,0.128201,0.172103
10,1831460.0,0.09924,0.10514,0.10957,1.41781
11,1831460.0,0.00639,0.128429,0.166506
12,1831460.0
10,1831460.0,0.09924,0.105337,0.109885,1.41261
11,1831460.0,0.00639,0.127743,0.172103
10,1831460.0,0.09924,0.105258,0.10957,1.4069
11,1831460.0,0.00650522,0.127286,0.180898
10,1831460.0,0.09924,0.10514,0.10957,1.39968
11,1831460.0,0.00650522,0.127972,0.173702
10,1831460.0,0.09924,0.10514,0.109924,1.39247
11,1831460.0,0.00639,0.128658,0.186095
10,1831460.0,0.09924,0.10514,0.109609,1.38692
11,1831470.0,0.00665884,0.127972,0.1765
10,1831470.0,0.09924,0.10514,0.10957,1.38137
11,1831470.0,0.00665884,0.127286,0.173702
10,1831470.0,0.09924,0.106005,0.109688,1.37752
11,1831470.0,0.00673565,0.126599,0.174501
10,1831470.0,0.09924,0.105376,0.10957,1.37298
11,1831470.0,0.00646681,0.128201,0.179299
-1930424573.0,1831470.0,11.6479,133,35,0,0,0,2,1
-1930424829.0,1831470.0,0,0,0,0
10,1831470.0,0.09924,0.10514,0.109806,1.37035
11,1831470.0,0.00639,0.127514,0.183696
10,1831470.0,0.09924,0.105179,0.10957,1.3674
11,1831470.0,0.00639,0.127972,0.182897
10,1831470.0,0.09924,0.105219,0.109649,1.36425
11,1831470.0,0.00639,0.128201,0.176101
10,1831470.0,0.09924,0.105455,0.109964,1.36146
11,1831470.0,0.00677406,0.127057,0.175301
10,1831470.0,0.09924,0.10514,0.10957,1.36068
11,1831470.0,0.00665884,0.127972,0.180898
10,1831470.0,0.09924,0.10514,0.10957,1.36243
11,1831470.0,0.00639,0.127514,0.176101
10,1831470.0,0.09924,0.10514,0.10957,1.36472
11,1831480.0,0.00639,0.127743,0.175301
10,1831480.0,0.09924,0.10514,0.10957,1.36507
11,1831480.0,0.00639,0.127972,0.174102
10,1831480.0,0.09924,0.105179,0.10957,1.36557
11,1831480.0,0.00639,0.127514,0.167305
10,1831480.0,0.09924,0.105179,0.10957,1.36751
11,1831480.0,0.00639,0.128887,0.166106
-1930424573.0,1831480.0,11.6479,137,35,0,0,0,2,1
-1930424829.0,1831480.0,0,0,0,0
10,1831480.0,0.09924,0.10514,0.10957,1.37318
11,1831480.0,0.00639,0.127972,0.166506
10,1831480.0,0.09924,0.10514,0.10957,1.37958
11,1831480.0,0.00639,0.127057,0.163308
10,1831480.0,0.09924,0.10514,0.10957,1.38435
11,1831480.0,0.00639,0.127514,0.168905
10,1831480.0,0.09924,0.10514,0.10957,1.38905
11,1831480.0,0.00639,0.127972,0.166106
10,1831480.0,0.09924,0.10514,0.10957,1.39813
11,1831480.0,0.00677406,0.127743,0.169704
10,1831480.0,0.09924,0.105337,0.109609,1.41008
11,1831480.0,0.00639,0.127514,0.166106
10,1831480.0,0.09924,0.10514,0.109767,1.42184
11,1831490.0,0.00639,0.127972,0.174102
10,1831490.0,0.09924,0.10514,0.10957,1.43096
11,1831490.0,0.00639,0.127743,0.171303
10,1831490.0,0.09924,0.10514,0.109609,1.44109
11,1831490.0,0.00639,0.128201,0.174501
10,1831490.0,0.09924,0.105415,0.10957,1.45568
11,1831490.0,0.00639,0.126599,0.160909
-1930424573.0,1831490.0,11.6479,137,34,0,0,0,2,1
-1930424829.0,1831490.0,0,0,0,0
10,1831490.0,0.09924,0.10514,0.10957,1.47431
11,1831490.0,0.00639,0.127972,0.165706
10,1831490.0,0.09924,0.10514,0.10957,1.49348
11,1831490.0,0.00639,0.127972,0.168505
10,1831490.0,0.09924,0.105415,0.10957,1.50726
11,1831490.0,0.00639,0.127972,0.178099
10,1831490.0,0.09924,0.105455,0.109727,1.52076
11,1831490.0,0.00639,0.128658,0.178099
10,1831490.0,0.09924,0.105769,0.10957,1.53993
11,1831490.0,0.00639,0.128429,0.182497
10,1831490.0,0.09924,0.105258,0.10957,1.56388
11,1831490.0,0.00639,0.128429,0.174102
10,1831490.0,0.09924,0.10514,0.10957,1.58398
11,1831500.0,0.00639,0.127514,0.179299
10,1831500.0,0.09924,0.10514,0.10957,1.59815
11,1831500.0,0.00654362,0.127514,0.184096
10,1831500.0,0.09924,0.10514,0.10957,1.61278
11,1831500.0,0.00639,0.128201,0.1777
10,1831500.0,0.09924,0.10514,0.109846,1.63156
11,1831500.0,0.00642841,0.127057,0.176101
-1930424573.0,1831500.0,11.6854,131,34,0,0,0,2,1
-1930424829.0,1831500.0,0,0,0,0
10,1831500.0,0.09924,0.106005,0.109727,1.65015
11,1831500.0,0.00639,0.128429,0.174501
10,1831500.0,0.09924,0.10514,0.109609,1.66035
11,1831500.0,0.00639,0.127972,0.170504
10,1831500.0,0.09924,0.105337,0.10957,1.66144
11,1831500.0,0.00642841,0.127057,0.172902
10,1831500.0,0.09924,0.105219,0.10957,1.65969
11,1831500.0,0.00639,0.128201,0.169304
10,1831500.0,0.09924,0.10514,0.10957,1.6647
11,1831500.0,0.00639,0.128658,0.178099
10,1831500.0,0.09924,0.105376,0.109649,1.67277
11,1831500.0,0.00685087,0.128658,0.168905
10,1831500.0,0.09924,0.10514,0.10957,1.67332
11,1831510.0,0.00639,0.127972,0.172103
10,1831510.0,0.09924,0.105573,0.10957,1.66501
11,1831510.0,0.00646681,0.127286,0.165706
10,1831510.0,0.09924,0.105809,0.10957,1.65581
11,1831510.0,0.00639,0.128201,0.171303
10,1831510.0,0.09924,0.10514,0.10957,1.65224
11,1831510.0,0.00639,0.128658,0.1765
-1930424573.0,1831510.0,11.6854,136,34,0,0,0,2,1
-1930424829.0,1831510.0,0,0,0,0
10,1831510.0,0.09924,0.10514,0.10957,1.65399
11,1831510.0,0.00692768,0.127514,0.166106
10,1831510.0,0.09924,0.105258,0.10957,1.65104
11,1831510.0,0.00639,0.127972,0.170903
12,1831510.0
10,1831510.0,0.09924,0.10514,0.10957,1.64584
11,1831510.0,0.00639,0.127743,0.165307
10,1831510.0,0.09924,0.105848,0.109767,1.64631
11,1831510.0,0.00639,0.127743,0.165307
10,1831510.0,0.09924,0.105533,0.10957,1.65496
11,1831510.0,0.00639,0.127286,0.162508
10,1831510.0,0.09924,0.105258,0.109649,1.66377
11,1831510.0,0.00639,0.127743,0.172103
10,1831510.0,0.09924,0.105848,0.109806,1.66462
11,1831520.0,0.00639,0.127972,0.166906
10,1831520.0,0.09924,0.10514,0.10957,1.66462
11,1831520.0,0.00650522,0.126828,0.169704
10,1831520.0,0.09924,0.105415,0.10957,1.67013
11,1831520.0,0.00639,0.127972,0.166506
10,1831520.0,0.09924,0.105219,0.10957,1.68445
11,1831520.0,0.00639,0.127972,0.169704
-1930424573.0,1831520.0,11.6479,136,34,0,0,0,2,1
-1930424829.0,1831520.0,0,0,0,0
10,1831520.0,0.09924,0.105297,0.109767,1.69392
11,1831520.0,0.00654362,0.126828,0.172103
10,1831520.0,0.09924,0.10514,0.109846,1.68903
11,1831520.0,0.00639,0.127972,0.176101
10,1831520.0,0.09924,0.10514,0.109964,1.68139
11,1831520.0,0.00688928,0.126828,0.182897
10,1831520.0,0.09924,0.10514,0.10957,1.67972
11,1831520.0,0.00639,0.126142,0.178099
10,1831520.0,0.09924,0.10514,0.10957,1.68764
11,1831520.0,0.00639,0.128658,0.173302
10,1831520.0,0.09924,0.105691,0.10957,1.69078
11,1831520.0,0.00673565,0.127743,0.179299
10,1831520.0,0.09924,0.105179,0.10957,1.67987
11,1831530.0,0.00639,0.128429,0.174501
10,1831530.0,0.09924,0.10514,0.10957,1.66784
11,1831530.0,0.00658203,0.127972,0.184496
10,1831530.0,0.09924,0.105769,0.109964,1.66555
11,1831530.0,0.00669725,0.128429,0.180498
10,1831530.0,0.09924,0.10514,0.109806,1.67603
11,1831530.0,0.00639,0.127972,0.182097
-1930424573.0,1831530.0,11.6479,131,34,0,0,0,2,1
-1930424829.0,1831530.0,0,0,0,0
10,1831530.0,0.09924,0.105219,0.10957,1.68251
11,1831530.0,0.00731174,0.126828,0.180098
10,1831530.0,0.09924,0.105179,0.109609,1.67378
11,1831530.0,0.00665884,0.128887,0.1777
10,1831530.0,0.09924,0.105219,0.10957,1.66183
11,1831530.0,0.00646681,0.127743,0.172902
10,1831530.0,0.09924,0.105651,0.10957,1.6616
11,1831530.0,0.00673565,0.126828,0.170903
10,1831530.0,0.09924,0.10514,0.10957,1.67743
11,1831530.0,0.00639,0.127972,0.172503
10,1831530.0,0.09924,0.10514,0.10957,1.69121
11,1831530.0,0.00639,0.126599,0.169304
10,1831530.0,0.09924,0.105376,0.10957,1.6881
11,1831540.0,0.00639,0.127972,0.164107
10,1831540.0,0.09924,0.10514,0.10957,1.6763
11,1831540.0,0.00639,0.128201,0.168105
10,1831540.0,0.09924,0.105219,0.10957,1.67332
11,1831540.0,0.00639,0.128887,0.169704
10,1831540.0,0.09924,0.105651,0.109767,1.68581
11,1831540.0,0.00639,0.127057,0.167305
-1930424573.0,1831540.0,11.6479,138,34,0,0,0,2,1
-1930424829.0,1831540.0,0,0,0,0
10,1831540.0,0.09924,0.105691,0.10957,1.6978
11,1831540.0,0.00639,0.127972,0.160909
10,1831540.0,0.09924,0.10514,0.10957,1.69365
11,1831540.0,0.00639,0.127743,0.168105
10,1831540.0,0.09924,0.10514,0.10957,1.67805
11,1831540.0,0.00639,0.127286,0.164107
10,1831540.0,0.09924,0.10514,0.10957,1.67017
11,1831540.0,0.00639,0.127972,0.166506
10,1831540.0,0.09924,0.105533,0.109649,1.6784
11,1831540.0,0.00642841,0.128429,0.166506
10,1831540.0,0.09924,0.10514,0.10957,1.68729
11,1831540.0,0.00639,0.128658,0.167305
10,1831540.0,0.09924,0.105651,0.10957,1.68003
11,1831550.0,0.00639,0.127743,0.175301
10,1831550.0,0.09924,0.10514,0.10957,1.66105
11,1831550.0,0.00639,0.128201,0.174501
10,1831550.0,0.09924,0.105179,0.109727,1.65038
11,1831550.0,0.00639,0.126828,0.170104
10,1831550.0,0.09924,0.105219,0.10957,1.65574
11,1831550.0,0.00639,0.127743,0.172503
-1930424573.0,1831550.0,11.6479,137,34,0,0,0,2,1
-1930424829.0,1831550.0,0,0,0,0
10,1831550.0,0.09924,0.105376,0.10957,1.66649
11,1831550.0,0.00639,0.127514,0.170104
10,1831550.0,0.09924,0.105651,0.10957,1.66187
11,1831550.0,0.00639,0.127972,0.173702
10,1831550.0,0.09924,0.10514,0.109885,1.64607
11,1831550.0,0.00639,0.127972,0.175301
10,1831550.0,0.09924,0.105494,0.10957,1.63556
11,1831550.0,0.00639,0.128201,0.175301
10,1831550.0,0.09924,0.105337,0.10957,1.64083
11,1831550.0,0.00639,0.128429,0.182897
10,1831550.0,0.09924,0.10514,0.10957,1.65135
11,1831550.0,0.00639,0.128201,0.184096
10,1831550.0,0.09924,0.10514,0.109688,1.65088
11,1831560.0,0.00696609,0.127057,0.171303
10,1831560.0,0.09924,0.10514,0.109885,1.64099
11,1831560.0,0.00646681,0.127514,0.1777
10,1831560.0,0.09924,0.10514,0.10957,1.63637
11,1831560.0,0.00681246,0.126828,0.173302
10,1831560.0,0.09924,0.106241,0.10957,1.64537
11,1831560.0,0.00639,0.128658,0.1773
-1930424573.0,1831560.0,11.6708,133,34,0,0,0,2,1
-1930424829.0,1831560.0,0,0,0,0
10,1831560.0,0.09924,0.10514,0.10957,1.65849
11,1831560.0,0.00639,0.127972,0.173302
10,1831560.0,0.09924,0.105337,0.110082,1.66043
11,1831560.0,0.00665884,0.127972,0.171303
12,1831560.0
10,1831560.0,0.09924,0.10514,0.10957,1.65259
11,1831560.0,0.00646681,0.128658,0.171703
10,1831560.0,0.09924,0.10514,0.10957,1.65228
11,1831560.0,0.00639,0.126599,0.167705
10,1831560.0,0.09924,0.105966,0.10957,1.66621
11,1831560.0,0.00639,0.127514,0.167705
10,1831560.0,0.09924,0.10514,0.10957,1.68275
11,1831560.0,0.00639,0.128201,0.171303
10,1831560.0,0.09924,0.10514,0.10957,1.68484
11,1831570.0,0.00650522,0.127286,0.164507
10,1831570.0,0.09924,0.10514,0.10957,1.67432
11,1831570.0,0.00639,0.128201,0.162508
10,1831570.0,0.09924,0.105376,0.109806,1.66905
11,1831570.0,0.00654362,0.126599,0.168905
10,1831570.0,0.09924,0.105573,0.10957,1.67821
11,1831570.0,0.00639,0.128429,0.167305
-1930424573.0,1831570.0,11.6708,138,34,0,0,0,2,1
-1930424829.0,1831570.0,0,0,0,0
10,1831570.0,0.09924,0.105848,0.10957,1.69284
11,1831570.0,0.00639,0.127286,0.163708
10,1831570.0,0.09924,0.10514,0.109649,1.69167
11,1831570.0,0.00662043,0.128201,0.172902
10,1831570.0,0.09924,0.105415,0.10957,1.67774
11,1831570.0,0.00662043,0.126828,0.164507
10,1831570.0,0.09924,0.10514,0.10957,1.66792
11,1831570.0,0.00642841,0.128201,0.168505
10,1831570.0,0.09924,0.105612,0.109964,1.67366
11,1831570.0,0.00715812,0.127514,0.170104
10,1831570.0,0.09924,0.10514,0.10957,1.68317
11,1831570.0,0.00639,0.128429,0.172902
10,1831570.0,0.09924,0.105179,0.109727,1.67805
11,1831570.0,0.0070813,0.126828,0.172103
10,1831580.0,0.09924,0.105769,0.10957,1.66129
11,1831580.0,0.00639,0.128201,0.171703
10,1831580.0,0.09924,0.10514,0.109767,1.6503
11,1831580.0,0.00639,0.127514,0.172902
10,1831580.0,0.09924,0.105848,0.109846,1.65523
11,1831580.0,0.00639,0.127286,0.174501
-1930424573.0,1831580.0,11.675,134,34,0,0,0,2,1
-1930424829.0,1831580.0,0,0,0,0
10,1831580.0,0.09924,0.10514,0.109609,1.66474
11,1831580.0,0.00639,0.127743,0.178099
10,1831580.0,0.09924,0.105376,0.109609,1.66163
11,1831580.0,0.00639,0.128201,0.178499
10,1831580.0,0.09924,0.10514,0.110042,1.64708
11,1831580.0,0.00639,0.126599,0.1773
10,1831580.0,0.09924,0.10514,0.10957,1.63525
11,1831580.0,0.00639,0.127514,0.178899
10,1831580.0,0.09924,0.10514,0.109846,1.6399
11,1831580.0,0.00642841,0.127057,0.178899
10,1831580.0,0.09924,0.106005,0.109885,1.65189
11,1831580.0,0.00639,0.128201,0.176101
10,1831580.0,0.09924,0.10514,0.10957,1.65251
11,1831580.0,0.00639,0.128887,0.182497
10,1831590.0,0.09924,0.105573,0.109806,1.64343
11,1831590.0,0.00639,0.127972,0.174901
10,1831590.0,0.09924,0.105573,0.10957,1.63858
11,1831590.0,0.00639,0.127972,0.171703
10,1831590.0,0.09924,0.105769,0.10957,1.64735
11,1831590.0,0.00639,0.127286,0.172103
-1930424573.0,1831590.0,11.675,131,35,0,0,0,2,1
-1930424829.0,1831590.0,0,0,0,0
10,1831590.0,0.09924,0.105848,0.109727,1.66152
11,1831590.0,0.00639,0.127057,0.172902
10,1831590.0,0.09924,0.10514,0.10957,1.66517
11,1831590.0,0.00639,0.128429,0.172103
10,1831590.0,0.09924,0.105297,0.10957,1.65966
11,1831590.0,0.00639,0.127514,0.163708
10,1831590.0,0.09924,0.105415,0.10957,1.65907
11,1831590.0,0.00639,0.128658,0.168905
10,1831590.0,0.09924,0.105297,0.10957,1.67316
11,1831590.0,0.00639,0.128658,0.168505
10,1831590.0,0.09924,0.10514,0.10957,1.68899
11,1831590.0,0.00639,0.129115,0.163308
10,1831590.0,0.09924,0.10514,0.10957,1.69078
11,1831590.0,0.00658203,0.128201,0.166506
10,1831600.0,0.09924,0.10514,0.10957,1.67918
11,1831600.0,0.00696609,0.126599,0.160509
10,1831600.0,0.09924,0.106005,0.10957,1.67114
11,1831600.0,0.00639,0.127743,0.167705
10,1831600.0,0.09924,0.105533,0.10957,1.67902
11,1831600.0,0.00639,0.128201,0.172503
-1930424573.0,1831600.0,11.675,137,35,0,0,0,2,1
-1930424829.0,1831600.0,0,0,0,0
10,1831600.0,0.09924,0.10514,0.109727,1.69284
11,1831600.0,0.00639,0.128201,0.165307
10,1831600.0,0.09924,0.10514,0.10957,1.69109
11,1831600.0,0.00639,0.127972,0.170504
10,1831600.0,0.09924,0.10514,0.109609,1.67634
11,1831600.0,0.0070429,0.126828,0.167305
10,1831600.0,0.09924,0.10514,0.109688,1.6635
11,1831600.0,0.00639,0.128658,0.176101
10,1831600.0,0.09924,0.105179,0.109885,1.6668
11,1831600.0,0.00642841,0.128201,0.171703
10,1831600.0,0.09924,0.105179,0.10957,1.67436
11,1831600.0,0.00639,0.128429,0.169704
10,1831600.0,0.09924,0.105612,0.109806,1.67161
11,1831610.0,0.00646681,0.127514,0.173702
10,1831610.0,0.09924,0.10514,0.10957,1.65612
11,1831610.0,0.00639,0.127514,0.1769
10,1831610.0,0.09924,0.10514,0.109806,1.64534
11,1831610.0,0.00688928,0.126599,0.173302
10,1831610.0,0.09924,0.105612,0.109649,1.64898
11,1831610.0,0.00639,0.127972,0.1769
-1930424573.0,1831610.0,11.675,133,35,0,0,0,2,1
-1930424829.0,1831610.0,0,0,0,0
10,1831610.0,0.09924,0.10514,0.109688,1.65787
11,1831610.0,0.00639,0.127743,0.170504
10,1831610.0,0.09924,0.10514,0.109846,1.65562
11,1831610.0,0.00642841,0.127972,0.179299
12,1831610.0
10,1831610.0,0.09924,0.10514,0.109767,1.64219
11,1831610.0,0.00658203,0.128201,0.181298
10,1831610.0,0.09924,0.10514,0.10957,1.63493
11,1831610.0,0.00700449,0.125913,0.1765
10,1831610.0,0.09924,0.10514,0.10957,1.64149
11,1831610.0,0.00665884,0.127972,0.183696
10,1831610.0,0.09924,0.10514,0.109688,1.65473
11,1831610.0,0.00662043,0.128429,0.174901
10,1831610.0,0.09924,0.106281,0.10957,1.65504
11,1831610.0,0.00639,0.128429,0.175701
10,1831620.0,0.09924,0.10514,0.10957,1.64642
11,1831620.0,0.00639,0.127972,0.1773
10,1831620.0,0.09924,0.10514,0.109727,1.64231
11,1831620.0,0.00639,0.126371,0.171303
10,1831620.0,0.09924,0.10514,0.10957,1.65088
11,1831620.0,0.00639,0.127972,0.175701
-1930424573.0,1831620.0,11.6541,133,35,0,0,0,2,1
-1930424829.0,1831620.0,0,0,0,0
10,1831620.0,0.09924,0.105651,0.10957,1.66447
11,1831620.0,0.00639,0.127743,0.167705
10,1831620.0,0.09924,0.10514,0.10957,1.66714
11,1831620.0,0.00639,0.128658,0.168105
10,1831620.0,0.09924,0.105258,0.10957,1.66024
11,1831620.0,0.00692768,0.126599,0.167305
10,1831620.0,0.09924,0.10514,0.10957,1.65826
11,1831620.0,0.00642841,0.128429,0.175301
10,1831620.0,0.09924,0.10514,0.109806,1.67037
11,1831620.0,0.00696609,0.127286,0.163708
10,1831620.0,0.09924,0.10514,0.109727,1.68329
11,1831620.0,0.00673565,0.127743,0.171703
10,1831620.0,0.09924,0.105494,0.10957,1.68259
11,1831620.0,0.00639,0.127972,0.165307
10,1831630.0,0.09924,0.105612,0.109649,1.6711
11,1831630.0,0.00665884,0.127286,0.160509
10,1831630.0,0.09924,0.10514,0.10957,1.6647
11,1831630.0,0.00639,0.127972,0.162508
10,1831630.0,0.09924,0.105612,0.10957,1.67452
11,1831630.0,0.00646681,0.126599,0.165307
-1930424573.0,1831630.0,11.6541,139,35,0,0,0,2,1
-1930424829.0,1831630.0,0,0,0,0
10,1831630.0,0.09924,0.10514,0.10957,1.68635
11,1831630.0,0.00639,0.127972,0.170104
10,1831630.0,0.09924,0.105573,0.10957,1.68344
11,1831630.0,0.00639,0.128429,0.172103
10,1831630.0,0.09924,0.10514,0.109688,1.66854
11,1831630.0,0.00669725,0.126828,0.167705
10,1831630.0,0.09924,0.10514,0.10957,1.65768
11,1831630.0,0.00639,0.128201,0.178099
10,1831630.0,0.09924,0.105179,0.10957,1.66144
11,1831630.0,0.00639,0.127743,0.172902
10,1831630.0,0.09924,0.105533,0.109609,1.66978
11,1831630.0,0.00639,0.128201,0.172503
10,1831630.0,0.09924,0.10514,0.109727,1.6647
11,1831640.0,0.00639,0.127743,0.175301
10,1831640.0,0.09924,0.10514,0.109846,1.65038
11,1831640.0,0.00688928,0.126828,0.1777
10,1831640.0,0.09924,0.10514,0.109924,1.6406
11,1831640.0,0.00639,0.127286,0.178099
10,1831640.0,0.09924,0.105612,0.10957,1.64433
11,1831640.0,0.00639,0.126828,0.174901
-1930424573.0,1831640.0,11.6708,134,35,0,0,0,2,1
-1930424829.0,1831640.0,0,0,0,0
10,1831640.0,0.09924,0.105769,0.109964,1.65182
11,1831640.0,0.00639,0.127286,0.178099
10,1831640.0,0.09924,0.10514,0.109846,1.64638
11,1831640.0,0.00639,0.127972,0.183696
10,1831640.0,0.09924,0.105966,0.109649,1.63435
11,1831640.0,0.00639,0.128201,0.183296
10,1831640.0,0.09924,0.105769,0.110082,1.62795
11,1831640.0,0.00639,0.128429,0.178899
10,1831640.0,0.09924,0.10514,0.109609,1.63532
11,1831640.0,0.00639,0.128429,0.1777
10,1831640.0,0.09924,0.10514,0.10957,1.6479
11,1831640.0,0.00658203,0.126828,0.170104
10,1831640.0,0.09924,0.10514,0.10957,1.64681
11,1831640.0,0.00642841,0.127743,0.1777
10,1831650.0,0.09924,0.10514,0.10957,1.63944
11,1831650.0,0.00639,0.127743,0.175301
10,1831650.0,0.09924,0.10514,0.10957,1.63819
11,1831650.0,0.00650522,0.126828,0.166906
10,1831650.0,0.09924,0.10514,0.10957,1.64914
11,1831650.0,0.00639,0.127743,0.174501
-1930424573.0,1831650.0,11.6708,136,35,0,0,0,2,1
-1930424829.0,1831650.0,0,0,0,0
10,1831650.0,0.09924,0.105337,0.10957,1.66241
11,1831650.0,0.00639,0.128201,0.163308
10,1831650.0,0.09924,0.105376,0.109727,1.66474
11,1831650.0,0.00639,0.128201,0.170104
10,1831650.0,0.09924,0.10514,0.10957,1.65861
11,1831650.0,0.00658203,0.128429,0.1765
10,1831650.0,0.09924,0.10514,0.10957,1.65837
11,1831650.0,0.00673565,0.125913,0.163708
10,1831650.0,0.09924,0.105376,0.10957,1.67025
11,1831650.0,0.00639,0.127286,0.165307
10,1831650.0,0.09924,0.10514,0.10957,1.68104
11,1831650.0,0.00639,0.128429,0.172503
10,1831650.0,0.09924,0.10514,0.109767,1.67731
11,1831650.0,0.00646681,0.127514,0.169304
10,1831660.0,0.09924,0.105455,0.109649,1.66377
11,1831660.0,0.00639,0.127514,0.165307
10,1831660.0,0.09924,0.10514,0.109727,1.65787
11,1831660.0,0.00650522,0.127286,0.166906
10,1831660.0,0.09924,0.105219,0.10957,1.6659
11,1831660.0,0.00642841,0.127743,0.166506
-1930424573.0,1831660.0,11.7104,138,35,0,0,0,2,1
-1930424829.0,1831660.0,0,0,0,0
10,1831660.0,0.09924,0.105297,0.10957,1.67398
11,1831660.0,0.00639,0.127514,0.168905
10,1831660.0,0.09924,0.10514,0.10957,1.66676
11,1831660.0,0.00688928,0.126828,0.167705
12,1831660.0
10,1831660.0,0.09924,0.10514,0.109609,1.64875
11,1831660.0,0.00639,0.127514,0.174901
10,1831660.0,0.09924,0.10514,0.10957,1.63788
11,1831660.0,0.00639,0.127743,0.182497
10,1831660.0,0.09924,0.106163,0.109885,1.6418
11,1831660.0,0.00650522,0.127972,0.171303
10,1831660.0,0.09924,0.10514,0.10957,1.64898
11,1831660.0,0.00639,0.128429,0.181697
10,1831660.0,0.09924,0.10514,0.109924,1.64371
11,1831660.0,0.00639,0.126828,0.170104
10,1831670.0,0.09924,0.105415,0.10957,1.63148
11,1831670.0,0.00639,0.127514,0.166106
10,1831670.0,0.09924,0.10573,0.109688,1.62651
11,1831670.0,0.00639,0.128429,0.167705
10,1831670.0,0.09924,0.105219,0.110042,1.63365
11,1831670.0,0.00639,0.127743,0.170104
-1930424573.0,1831670.0,11.7104,132,35,0,0,0,2,1
-1930424829.0,1831670.0,0,0,0,0
10,1831670.0,0.09924,0.10514,0.109924,1.64332
11,1831670.0,0.00639,0.127743,0.186095
10,1831670.0,0.09924,0.10514,0.10957,1.64289
11,1831670.0,0.00681246,0.127286,0.171703
10,1831670.0,0.09924,0.10514,0.109649,1.63777
11,1831670.0,0.00639,0.128201,0.171303
10,1831670.0,0.09924,0.105258,0.109924,1.63804
11,1831670.0,0.00639,0.128658,0.171703
10,1831670.0,0.09924,0.10514,0.10957,1.65217
11,1831670.0,0.00669725,0.126599,0.153713
10,1831670.0,0.09924,0.10514,0.10957,1.66447
11,1831670.0,0.00639,0.127972,0.164907
10,1831670.0,0.09924,0.10514,0.10957,1.66257
11,1831670.0,0.00681246,0.127057,0.170903
10,1831680.0,0.09924,0.105887,0.10957,1.6531
11,1831680.0,0.00639,0.128658,0.180898
10,1831680.0,0.09924,0.10514,0.10957,1.65116
11,1831680.0,0.00650522,0.127286,0.1765
10,1831680.0,0.09924,0.105809,0.109649,1.66156
11,1831680.0,0.00639,0.127972,0.160509
-1930424573.0,1831680.0,11.7104,136,35,0,0,0,2,1
-1930424829.0,1831680.0,0,0,0,0
10,1831680.0,0.09924,0.10514,0.10957,1.67242
11,1831680.0,0.00639,0.127286,0.164507
10,1831680.0,0.09924,0.105297,0.109609,1.66897
11,1831680.0,0.00658203,0.128429,0.161309
10,1831680.0,0.09924,0.10514,0.10957,1.65682
11,1831680.0,0.00639,0.128658,0.171303
10,1831680.0,0.09924,0.105455,0.10957,1.65143
11,1831680.0,0.00639,0.128429,0.168905
10,1831680.0,0.09924,0.10514,0.10957,1.65744
11,1831680.0,0.00639,0.126599,0.163308
10,1831680.0,0.09924,0.105415,0.10957,1.6626
11,1831680.0,0.00639,0.127743,0.169704
10,1831680.0,0.09924,0.105219,0.10957,1.65531
11,1831690.0,0.00639,0.127972,0.170504
10,1831690.0,0.09924,0.10514,0.109649,1.64339
11,1831690.0,0.00677406,0.125913,0.160509
10,1831690.0,0.09924,0.106045,0.109727,1.63819
11,1831690.0,0.00639,0.127972,0.164107
10,1831690.0,0.09924,0.10514,0.10957,1.64572
11,1831690.0,0.00639,0.127743,0.172503
-1930424573.0,1831690.0,11.7104,136,34,0,0,0,2,1
-1930424829.0,1831690.0,0,0,0,0
10,1831690.0,0.09924,0.105691,0.109924,1.65321
11,1831690.0,0.00639,0.127972,0.171303
10,1831690.0,0.09924,0.10514,0.109688,1.64588
11,1831690.0,0.00639,0.128201,0.1765
10,1831690.0,0.09924,0.10514,0.109885,1.63559
11,1831690.0,0.00658203,0.126599,0.168505
10,1831690.0,0.09924,0.105455,0.109727,1.63148
11,1831690.0,0.00639,0.127514,0.168905
10,1831690.0,0.09924,0.10514,0.109727,1.63967
11,1831690.0,0.00639,0.127972,0.183296
10,1831690.0,0.09924,0.10514,0.109609,1.64972
11,1831690.0,0.00673565,0.127286,0.172103
10,1831690.0,0.09924,0.10514,0.109846,1.6465
11,1831690.0,0.00639,0.127972,0.1773
10,1831700.0,0.09924,0.105533,0.10957,1.63839
11,1831700.0,0.00654362,0.126599,0.173702
10,1831700.0,0.09924,0.10573,0.109846,1.63622
11,1831700.0,0.00658203,0.128201,0.170903
10,1831700.0,0.09924,0.10514,0.110042,1.64371
11,1831700.0,0.00639,0.128429,0.179299
-1930424573.0,1831700.0,11.6687,131,34,0,0,0,2,1
-1930424829.0,1831700.0,0,0,0,0
10,1831700.0,0.09924,0.10514,0.109806,1.65232
11,1831700.0,0.00669725,0.126828,0.170104
10,1831700.0,0.09924,0.105533,0.10957,1.64797
11,1831700.0,0.00639,0.127743,0.173302
10,1831700.0,0.09924,0.105376,0.10957,1.64021
11,1831700.0,0.00639,0.128201,0.176101
10,1831700.0,0.09924,0.10514,0.109688,1.64079
11,1831700.0,0.00692768,0.128201,0.167305
10,1831700.0,0.09924,0.10514,0.109767,1.65147
11,1831700.0,0.00696609,0.127514,0.1765
10,1831700.0,0.09924,0.10514,0.10957,1.66031
11,1831700.0,0.00642841,0.127057,0.162108
10,1831700.0,0.09924,0.10573,0.109688,1.65647
11,1831700.0,0.00639,0.127743,0.169304
10,1831710.0,0.09924,0.10514,0.109767,1.64871
11,1831710.0,0.00669725,0.127972,0.170903
10,1831710.0,0.09924,0.10514,0.10957,1.64836
11,1831710.0,0.00685087,0.126599,0.162908
10,1831710.0,0.09924,0.10514,0.10957,1.66
11,1831710.0,0.00639,0.127514,0.163308
-1930424573.0,1831710.0,11.6687,130,34,0,0,0,2,3
-1930424829.0,1831710.0,0.543749,1.06875,1.2,0
10,1831710.0,0.09924,0.105415,0.10957,1.67002
11,1831710.0,0.00639,0.127972,0.162108
10,1831710.0,0.09924,0.10514,0.109806,1.66749
11,1831710.0,0.00665884,0.126828,0.166506
12,1831710.0
10,1831710.0,0.09924,0.10514,0.109806,1.6607
11,1831710.0,0.00639,0.127743,0.170104
10,1831710.0,0.09924,0.105337,0.10957,1.66066
11,1831710.0,0.00642841,0.127057,0.164907
10,1831710.0,0.09924,0.10514,0.10957,1.67126
11,1831710.0,0.00654362,0.127972,0.163308
10,1831710.0,0.09924,0.105258,0.109688,1.67902
11,1831710.0,0.00639,0.127972,0.165307
10,1831710.0,0.09924,0.105179,0.109806,1.67576
11,1831710.0,0.00642841,0.127743,0.15931
10,1831720.0,0.09924,0.105219,0.10957,1.66823
11,1831720.0,0.00639,0.127286,0.170903
10,1831720.0,0.09924,0.105573,0.10957,1.66839
11,1831720.0,0.00639,0.127057,0.162108
10,1831720.0,0.09924,0.105258,0.10957,1.67793
11,1831720.0,0.00639,0.127514,0.164507
-1930424573.0,1831720.0,11.6854,127,34,0,0,0,2,3
-1930424829.0,1831720.0,0.793749,1.55833,1.75,0
10,1831720.0,0.09924,0.10514,0.109806,1.68364
11,1831720.0,0.00639,0.127286,0.1769
10,1831720.0,0.09924,0.10514,0.109609,1.67522
11,1831720.0,0.00639,0.127286,0.170903
10,1831720.0,0.09924,0.105809,0.10957,1.66443
11,1831720.0,0.00639,0.128201,0.174102
10,1831720.0,0.09924,0.10514,0.110082,1.6616
11,1831720.0,0.00639,0.127972,0.1769
10,1831720.0,0.09924,0.10514,0.109649,1.67068
11,1831720.0,0.00685087,0.126599,0.171703
10,1831720.0,0.09924,0.105691,0.109688,1.67669
11,1831720.0,0.00639,0.128429,0.173702
10,1831720.0,0.09924,0.10514,0.109727,1.66943
11,1831720.0,0.00639,0.127057,0.172103
10,1831730.0,0.09924,0.10573,0.10957,1.65973
11,1831730.0,0.00639,0.127286,0.171703
10,1831730.0,0.09924,0.10514,0.109609,1.65605
11,1831730.0,0.00639,0.127286,0.179698
10,1831730.0,0.09924,0.105455,0.109806,1.66167
11,1831730.0,0.00677406,0.127514,0.171703
-1930424573.0,1831730.0,11.6854,120,34,0,0,0,2,3
-1930424829.0,1831730.0,0.906249,1.78125,2,0
10,1831730.0,0.09924,0.106123,0.109846,1.6666
11,1831730.0,0.00639,0.128429,0.170903
10,1831730.0,0.09924,0.10514,0.10957,1.66245
11,1831730.0,0.00639,0.127972,0.173302
10,1831730.0,0.09924,0.105179,0.109727,1.65694
11,1831730.0,0.00665884,0.126599,0.170504
10,1831730.0,0.09924,0.10514,0.109846,1.65799
11,1831730.0,0.00639,0.127743,0.175701
10,1831730.0,0.09924,0.105219,0.10957,1.6673
11,1831730.0,0.00639,0.126599,0.162908
10,1831730.0,0.09924,0.105573,0.10957,1.6725
11,1831730.0,0.00639,0.128658,0.169304
10,1831730.0,0.09924,0.10514,0.10957,1.66846
11,1831730.0,0.00639,0.127743,0.170504
10,1831740.0,0.09924,0.10514,0.109727,1.66101
11,1831740.0,0.00673565,0.127057,0.15851
10,1831740.0,0.09924,0.105966,0.10957,1.66082
11,1831740.0,0.00639,0.128201,0.167705
10,1831740.0,0.09924,0.10514,0.10957,1.67172
11,1831740.0,0.00639,0.127743,0.163708
-1930424573.0,1831740.0,11.6854,124,34,0,0,0,2,1
-1930424829.0,1831740.0,0.924999,1.81666,2.03958,0
10,1831740.0,0.09924,0.105651,0.10957,1.68379
11,1831740.0,0.00639,0.127972,0.162908
10,1831740.0,0.09924,0.10514,0.110042,1.68546
11,1831740.0,0.00681246,0.127972,0.169304
10,1831740.0,0.09924,0.105455,0.10957,1.68061
11,1831740.0,0.00658203,0.127057,0.160909
10,1831740.0,0.09924,0.10514,0.10957,1.67875
11,1831740.0,0.00639,0.128429,0.165706
10,1831740.0,0.09924,0.105337,0.109846,1.68461
11,1831740.0,0.00639,0.128887,0.168505
10,1831740.0,0.09924,0.105179,0.109885,1.69295
11,1831740.0,0.00654362,0.126828,0.171303
10,1831740.0,0.09924,0.105219,0.109727,1.69516
11,1831740.0,0.00639,0.127743,0.170104
10,1831750.0,0.09924,0.105651,0.10957,1.6935
11,1831750.0,0.00639,0.128201,0.170903
10,1831750.0,0.09924,0.10514,0.109806,1.69594
11,1831750.0,0.00665884,0.127514,0.172902
10,1831750.0,0.09924,0.10514,0.109649,1.70192
11,1831750.0,0.00639,0.127743,0.179698
-1930424573.0,1831750.0,11.6854,122,34,0,0,0,2,1
-1930424829.0,1831750.0,0.924999,1.81666,2.03958,0
10,1831750.0,0.09924,0.105179,0.109885,1.70424
11,1831750.0,0.00688928,0.126599,0.174901
10,1831750.0,0.09924,0.106084,0.109609,1.70021
11,1831750.0,0.00639,0.128429,0.171703
10,1831750.0,0.09924,0.10514,0.10957,1.69481
11,1831750.0,0.00642841,0.128887,0.184496
10,1831750.0,0.09924,0.10514,0.110082,1.69722
11,1831750.0,0.00677406,0.126599,0.174501
10,1831750.0,0.09924,0.10514,0.109964,1.70432
11,1831750.0,0.00639,0.127286,0.180498
10,1831750.0,0.09924,0.105573,0.109885,1.70723
11,1831750.0,0.00639,0.127972,0.179698
10,1831750.0,0.09924,0.10514,0.109767,1.70335
11,1831750.0,0.00639,0.126828,0.172902
10,1831760.0,0.09924,0.10514,0.109727,1.69652
11,1831760.0,0.00639,0.127514,0.174901
10,1831760.0,0.09924,0.10514,0.109727,1.69741
11,1831760.0,0.00681246,0.126599,0.174501
10,1831760.0,0.09924,0.10514,0.10957,1.70327
11,1831760.0,0.00639,0.127743,0.179299
-1930424573.0,1831760.0,11.6812,119,34,0,0,0,2,1
-1930424829.0,1831760.0,0.852082,1.67291,1.87916,0
10,1831760.0,0.09924,0.105179,0.109727,1.70875
11,1831760.0,0.00646681,0.126828,0.171703
10,1831760.0,0.09924,0.105494,0.10957,1.70712
11,1831760.0,0.00650522,0.128429,0.169304
12,1831760.0
10,1831760.0,0.09924,0.10514,0.10957,1.70382
11,1831760.0,0.00639,0.128201,0.170504
10,1831760.0,0.09924,0.105179,0.10957,1.70692
11,1831760.0,0.00658203,0.127057,0.168905
10,1831760.0,0.09924,0.105258,0.109649,1.71426
11,1831760.0,0.00639,0.127286,0.168505
10,1831760.0,0.09924,0.10514,0.109609,1.71787
11,1831760.0,0.00639,0.126142,0.164907
10,1831760.0,0.09924,0.105691,0.10957,1.71414
11,1831760.0,0.00639,0.127057,0.166906
10,1831770.0,0.09924,0.10514,0.10957,1.7091
11,1831770.0,0.00669725,0.126599,0.166106
10,1831770.0,0.09924,0.10514,0.109609,1.70836
11,1831770.0,0.00700449,0.128201,0.169304
10,1831770.0,0.09924,0.105297,0.109806,1.71414
11,1831770.0,0.00639,0.128429,0.168905
-1930424573.0,1831770.0,11.6812,127,34,0,0,0,2,1
-1930424829.0,1831770.0,0.641666,1.2625,1.41875,0
10,1831770.0,0.09924,0.10514,0.10957,1.71709
11,1831770.0,0.00692768,0.127514,0.168905
10,1831770.0,0.09924,0.105258,0.109924,1.71042
11,1831770.0,0.00639,0.126599,0.164107
10,1831770.0,0.09924,0.105297,0.109846,1.70126
11,1831770.0,0.00658203,0.127743,0.171303
10,1831770.0,0.09924,0.105179,0.109688,1.69668
11,1831770.0,0.00639,0.127514,0.167705
10,1831770.0,0.09924,0.105258,0.109964,1.69897
11,1831770.0,0.00639,0.127514,0.166506
10,1831770.0,0.09924,0.10514,0.109924,1.70033
11,1831770.0,0.00639,0.128658,0.182097
10,1831770.0,0.09924,0.10514,0.10957,1.69602
11,1831770.0,0.00639,0.127057,0.1773
10,1831780.0,0.09924,0.105651,0.109688,1.68826
11,1831780.0,0.00639,0.129115,0.169304
10,1831780.0,0.09924,0.10514,0.10957,1.68434
11,1831780.0,0.00639,0.128658,0.180498
10,1831780.0,0.09924,0.105651,0.110121,1.68504
11,1831780.0,0.00658203,0.128429,0.174102
-1930424573.0,1831780.0,11.6437,125,34,0,0,0,2,1
-1930424829.0,1831780.0,0.641666,1.2625,1.41875,0
10,1831780.0,0.09924,0.105179,0.10957,1.68542
11,1831780.0,0.00639,0.128429,0.174901
10,1831780.0,0.09924,0.105258,0.10957,1.68193
11,1831780.0,0.00650522,0.127057,0.178499
10,1831780.0,0.09924,0.105691,0.10957,1.67619
11,1831780.0,0.00639,0.126828,0.179299
10,1831780.0,0.09924,0.10514,0.109688,1.67514
11,1831780.0,0.00639,0.127743,0.183696
10,1831780.0,0.09924,0.105927,0.109649,1.67871
11,1831780.0,0.00700449,0.128201,0.178899
10,1831780.0,0.09924,0.10514,0.109727,1.68212
11,1831780.0,0.00639,0.126828,0.169304
10,1831780.0,0.09924,0.105219,0.10957,1.68046
11,1831780.0,0.00639,0.128201,0.172503
10,1831790.0,0.09924,0.10514,0.10957,1.67599
11,1831790.0,0.00669725,0.126599,0.172103
10,1831790.0,0.09924,0.10514,0.109767,1.67343
11,1831790.0,0.00639,0.127743,0.166906
10,1831790.0,0.09924,0.10514,0.10957,1.6772
11,1831790.0,0.00639,0.127286,0.173302
-1930424573.0,1831790.0,11.6437,126,35,0,0,0,2,1
-1930424829.0,1831790.0,0.502083,0.987498,1.10833,0
10,1831790.0,0.09924,0.10514,0.10957,1.68379
11,1831790.0,0.00639,0.126599,0.164107
10,1831790.0,0.09924,0.10514,0.109649,1.68628
11,1831790.0,0.00639,0.127743,0.166506
10,1831790.0,0.09924,0.105337,0.10957,1.685
11,1831790.0,0.00639,0.128429,0.163308
10,1831790.0,0.09924,0.10514,0.10957,1.6862
11,1831790.0,0.00639,0.128887,0.162908
10,1831790.0,0.09924,0.10514,0.10957,1.69082
11,1831790.0,0.00642841,0.127972,0.174901
10,1831790.0,0.09924,0.10514,0.10957,1.69594
11,1831790.0,0.00639,0.126599,0.166906
10,1831790.0,0.09924,0.105533,0.109688,1.69796
11,1831790.0,0.00639,0.127972,0.172902
10,1831800.0,0.09924,0.10514,0.10957,1.69641
11,1831800.0,0.00639,0.128201,0.166506
10,1831800.0,0.09924,0.10514,0.10957,1.698
11,1831800.0,0.00639,0.129344,0.169704
10,1831800.0,0.09924,0.10514,0.10957,1.70362
11,1831800.0,0.00639,0.127972,0.171703
-1930424573.0,1831800.0,11.6437,134,35,0,0,0,2,1
-1930424829.0,1831800.0,0.329166,0.647916,0.729166,0
10,1831800.0,0.09924,0.106045,0.109964,1.70774
11,1831800.0,0.00685087,0.126828,0.165307
10,1831800.0,0.09924,0.10514,0.109767,1.70626
11,1831800.0,0.00639,0.127514,0.175301
10,1831800.0,0.09924,0.10514,0.109964,1.70071
11,1831800.0,0.00639,0.127972,0.172503
10,1831800.0,0.09924,0.105612,0.110003,1.69838
11,1831800.0,0.00639,0.128201,0.175301
10,1831800.0,0.09924,0.105297,0.10957,1.70095
11,1831800.0,0.00658203,0.126371,0.168905
10,1831800.0,0.09924,0.105376,0.10957,1.70254
11,1831800.0,0.00639,0.128429,0.170104
10,1831800.0,0.09924,0.105337,0.10957,1.69877
11,1831800.0,0.00639,0.128658,0.168505
10,1831810.0,0.09924,0.105337,0.10957,1.69031
11,1831810.0,0.00639,0.127743,0.172902
10,1831810.0,0.09924,0.10514,0.10957,1.68391
11,1831810.0,0.00639,0.127286,0.171703
10,1831810.0,0.09924,0.105927,0.10957,1.68193
11,1831810.0,0.00639,0.128429,0.173702
-1930424573.0,1831810.0,11.6437,132,35,0,0,0,2,1
-1930424829.0,1831810.0,0.247916,0.489583,0.549999,0
10,1831810.0,0.09924,0.10514,0.10957,1.68181
11,1831810.0,0.00654362,0.126828,0.170903
10,1831810.0,0.09924,0.105219,0.109727,1.67855
11,1831810.0,0.00639,0.127972,0.173302
12,1831810.0
10,1831810.0,0.09924,0.105848,0.110121,1.67227
11,1831810.0,0.0070429,0.127743,0.178899
10,1831810.0,0.09924,0.10514,0.109688,1.66901
11,1831810.0,0.00639,0.126599,0.174102
10,1831810.0,0.09924,0.105533,0.109806,1.67052
11,1831810.0,0.00639,0.128201,0.175301
10,1831810.0,0.09924,0.10514,0.110003,1.67351
11,1831810.0,0.00673565,0.126828,0.171703
10,1831810.0,0.09924,0.10514,0.10957,1.67114
11,1831810.0,0.00639,0.128429,0.1777
10,1831820.0,0.09924,0.10514,0.10957,1.66839
11,1831820.0,0.00688928,0.128429,0.1769
10,1831820.0,0.09924,0.105179,0.109649,1.66893
11,1831820.0,0.00658203,0.127743,0.172103
10,1831820.0,0.09924,0.10514,0.10957,1.6756
11,1831820.0,0.00639,0.127743,0.166106
-1930424573.0,1831820.0,11.6458,132,35,0,0,0,2,1
-1930424829.0,1831820.0,0.197916,0.391666,0.439583,0
10,1831820.0,0.09924,0.10514,0.10957,1.68372
11,1831820.0,0.00673565,0.128429,0.170104
10,1831820.0,0.09924,0.10514,0.10957,1.68686
11,1831820.0,0.00639,0.126828,0.160509
10,1831820.0,0.09924,0.105573,0.10957,1.68577
11,1831820.0,0.00639,0.127972,0.166906
10,1831820.0,0.09924,0.10514,0.10957,1.68674
11,1831820.0,0.00639,0.127743,0.171703
10,1831820.0,0.09924,0.10514,0.109727,1.69233
11,1831820.0,0.0070813,0.127057,0.164907
10,1831820.0,0.09924,0.10514,0.10957,1.698
11,1831820.0,0.00639,0.127972,0.170504
10,1831820.0,0.09924,0.10514,0.109649,1.69928
11,1831820.0,0.00639,0.128887,0.171303
10,1831830.0,0.09924,0.10514,0.10957,1.6978
11,1831830.0,0.00639,0.126828,0.162908
10,1831830.0,0.09924,0.105966,0.109649,1.69695
11,1831830.0,0.00639,0.127972,0.161709
10,1831830.0,0.09924,0.10514,0.10957,1.70087
11,1831830.0,0.00639,0.127743,0.171303
-1930424573.0,1831830.0,11.6458,136,35,0,0,0,2,1
-1930424829.0,1831830.0,0.166666,0.327083,0.368749,0
10,1831830.0,0.09924,0.105612,0.109806,1.70331
11,1831830.0,0.00654362,0.127057,0.165307
10,1831830.0,0.09924,0.10514,0.109767,1.69986
11,1831830.0,0.00639,0.128429,0.167705
10,1831830.0,0.09924,0.105258,0.109885,1.69272
11,1831830.0,0.00639,0.128887,0.167305
10,1831830.0,0.09924,0.10514,0.110042,1.68864
11,1831830.0,0.00646681,0.127972,0.178499
10,1831830.0,0.09924,0.10514,0.109688,1.68996
11,1831830.0,0.00639,0.127514,0.166906
10,1831830.0,0.09924,0.105219,0.109767,1.69175
11,1831830.0,0.00673565,0.127057,0.1769
10,1831830.0,0.09924,0.10514,0.109727,1.6874
11,1831830.0,0.00639,0.127514,0.174901
10,1831840.0,0.09924,0.105376,0.109649,1.67883
11,1831840.0,0.00639,0.127743,0.172103
10,1831840.0,0.09924,0.105533,0.10957,1.67184
11,1831840.0,0.00639,0.126828,0.168905
10,1831840.0,0.09924,0.105179,0.10957,1.66967
11,1831840.0,0.00639,0.129344,0.1765
-1930424573.0,1831840.0,11.6771,131,35,0,0,0,2,1
-1930424829.0,1831840.0,0.139583,0.272916,0.308333,0
10,1831840.0,0.09924,0.105769,0.109688,1.67095
11,1831840.0,0.00650522,0.127743,0.173302
10,1831840.0,0.09924,0.10514,0.109924,1.66912
11,1831840.0,0.00646681,0.127972,0.181697
10,1831840.0,0.09924,0.105258,0.10957,1.66385
11,1831840.0,0.00639,0.127057,0.178099
10,1831840.0,0.09924,0.10514,0.110121,1.6628
11,1831840.0,0.00662043,0.126142,0.1765
10,1831840.0,0.09924,0.105219,0.109767,1.66532
11,1831840.0,0.00639,0.127057,0.1765
10,1831840.0,0.09924,0.10514,0.10957,1.67013
11,1831840.0,0.00639,0.127514,0.171703
10,1831840.0,0.09924,0.105494,0.10957,1.67157
11,1831840.0,0.00685087,0.127972,0.167705
10,1831850.0,0.09924,0.105376,0.109649,1.67075
11,1831850.0,0.00639,0.128658,0.181298
10,1831850.0,0.09924,0.105258,0.10957,1.67436
11,1831850.0,0.00639,0.128429,0.166906
10,1831850.0,0.09924,0.105691,0.10957,1.68329
11,1831850.0,0.00662043,0.128201,0.169304
-1930424573.0,1831850.0,11.6771,132,35,0,0,0,2,1
-1930424829.0,1831850.0,0.125,0.247916,0.279166,0
10,1831850.0,0.09924,0.10514,0.10957,1.69346
11,1831850.0,0.00646681,0.126828,0.160909
10,1831850.0,0.09924,0.105691,0.10957,1.69637
11,1831850.0,0.00639,0.129115,0.167305
10,1831850.0,0.09924,0.10514,0.10957,1.69412
11,1831850.0,0.00639,0.127514,0.167305
10,1831850.0,0.09924,0.105809,0.10957,1.69322
11,1831850.0,0.00639,0.127972,0.167705
10,1831850.0,0.09924,0.10514,0.109767,1.69846
11,1831850.0,0.00639,0.128201,0.164907
10,1831850.0,0.09924,0.10514,0.109767,1.70401
11,1831850.0,0.00639,0.128201,0.163708
10,1831850.0,0.09924,0.105297,0.10957,1.70331
11,1831850.0,0.00639,0.128201,0.165307
10,1831860.0,0.09924,0.10514,0.10957,1.69827
11,1831860.0,0.00685087,0.126599,0.163708
10,1831860.0,0.09924,0.105494,0.10957,1.69303
11,1831860.0,0.00639,0.128658,0.164907
10,1831860.0,0.09924,0.10514,0.10957,1.69264
11,1831860.0,0.00639,0.128429,0.170903
-1930424573.0,1831860.0,11.6375,135,35,0,0,0,2,1
-1930424829.0,1831860.0,0.108333,0.2125,0.239583,0
10,1831860.0,0.09924,0.105219,0.109767,1.69284
11,1831860.0,0.00639,0.127514,0.166106
10,1831860.0,0.09924,0.10514,0.109727,1.68721
11,1831860.0,0.00639,0.128201,0.175701
12,1831860.0
10,1831860.0,0.09924,0.105848,0.109806,1.6791
11,1831860.0,0.00639,0.127972,0.173302
10,1831860.0,0.09924,0.10514,0.109885,1.67382
11,1831860.0,0.00639,0.127972,0.172902
10,1831860.0,0.09924,0.105691,0.10957,1.67506
11,1831860.0,0.00646681,0.127972,0.1777
10,1831860.0,0.09924,0.105179,0.109649,1.67712
11,1831860.0,0.00639,0.127972,0.174501
10,1831860.0,0.09924,0.10514,0.109846,1.67421
11,1831860.0,0.00639,0.126142,0.172902
10,1831870.0,0.09924,0.105258,0.10957,1.66625
11,1831870.0,0.00639,0.129344,0.1777
10,1831870.0,0.09924,0.10514,0.109885,1.66233
11,1831870.0,0.00639,0.127743,0.180498
10,1831870.0,0.09924,0.105415,0.110042,1.66474
11,1831870.0,0.00662043,0.126599,0.175701
-1930424573.0,1831870.0,11.6375,130,35,0,0,0,2,1
-1930424829.0,1831870.0,0.0979165,0.19375,0.21875,0
10,1831870.0,0.09924,0.10514,0.10957,1.66897
11,1831870.0,0.00639,0.128887,0.171703
10,1831870.0,0.09924,0.10514,0.109767,1.66924
11,1831870.0,0.00673565,0.127972,0.174901
10,1831870.0,0.09924,0.105455,0.109649,1.66614
11,1831870.0,0.00639,0.127286,0.172503
10,1831870.0,0.09924,0.10514,0.109688,1.66536
11,1831870.0,0.00715812,0.126828,0.166506
10,1831870.0,0.09924,0.105455,0.10957,1.66971
11,1831870.0,0.00639,0.128658,0.173702
10,1831870.0,0.09924,0.10514,0.109964,1.67506
11,1831870.0,0.00639,0.127057,0.174102
10,1831870.0,0.09924,0.10514,0.109964,1.67661
11,1831870.0,0.00688928,0.127057,0.169704
10,1831880.0,0.09924,0.105612,0.10957,1.67502
11,1831880.0,0.00639,0.128887,0.170104
10,1831880.0,0.09924,0.10514,0.109688,1.67716
11,1831880.0,0.00639,0.127743,0.173302
10,1831880.0,0.09924,0.105691,0.10957,1.68515
11,1831880.0,0.00639,0.128429,0.166106
-1930424573.0,1831880.0,11.6375,135,35,0,0,0,2,1
-1930424829.0,1831880.0,0.0895832,0.177083,0.2,0
10,1831880.0,0.09924,0.105258,0.10957,1.69373
11,1831880.0,0.00715812,0.127057,0.165706
10,1831880.0,0.09924,0.10514,0.109649,1.69423
11,1831880.0,0.00639,0.128658,0.173302
10,1831880.0,0.09924,0.105179,0.10957,1.69
11,1831880.0,0.00639,0.127972,0.166506
10,1831880.0,0.09924,0.105376,0.10957,1.68985
11,1831880.0,0.00639,0.128201,0.165307
10,1831880.0,0.09924,0.105533,0.10957,1.69617
11,1831880.0,0.00639,0.127286,0.162108
10,1831880.0,0.09924,0.10514,0.10957,1.70355
11,1831880.0,0.00650522,0.128429,0.176101
10,1831880.0,0.09924,0.105376,0.109649,1.70401
11,1831880.0,0.00639,0.126599,0.158111
10,1831890.0,0.09924,0.105848,0.109649,1.69959
11,1831890.0,0.00639,0.127743,0.168105
10,1831890.0,0.09924,0.10514,0.10957,1.69796
11,1831890.0,0.00639,0.127743,0.166106
10,1831890.0,0.09924,0.106163,0.10957,1.70118
11,1831890.0,0.00658203,0.127057,0.165706
-1930424573.0,1831890.0,11.6375,137,35,0,0,0,2,1
-1930424829.0,1831890.0,0.0749999,0.15,0.16875,0
10,1831890.0,0.09924,0.105533,0.109649,1.70428
11,1831890.0,0.00639,0.128201,0.167705
10,1831890.0,0.09924,0.10514,0.109649,1.70168
11,1831890.0,0.00669725,0.127057,0.170104
10,1831890.0,0.09924,0.106045,0.109609,1.69435
11,1831890.0,0.00639,0.128201,0.167305
10,1831890.0,0.09924,0.10514,0.10957,1.69051
11,1831890.0,0.00639,0.127972,0.1769
10,1831890.0,0.09924,0.10514,0.10957,1.69322
11,1831890.0,0.00639,0.127514,0.170104
10,1831890.0,0.09924,0.10514,0.109649,1.69481
11,1831890.0,0.00639,0.127743,0.180898
10,1831890.0,0.09924,0.10514,0.109806,1.68989
11,1831900.0,0.00692768,0.126828,0.172103
10,1831900.0,0.09924,0.10514,0.10957,1.68022
11,1831900.0,0.00639,0.129115,0.176101
10,1831900.0,0.09924,0.105337,0.109806,1.6737
11,1831900.0,0.00650522,0.128201,0.179299
10,1831900.0,0.09924,0.105455,0.110042,1.67537
11,1831900.0,0.00639,0.127743,0.172103
-1930424573.0,1831900.0,11.6583,131,35,0,0,0,2,1
-1930424829.0,1831900.0,0.0749999,0.15,0.16875,0
10,1831900.0,0.09924,0.10514,0.109767,1.67875
11,1831900.0,0.00646681,0.127972,0.166506
10,1831900.0,0.09924,0.105494,0.109727,1.67685
11,1831900.0,0.00639,0.127514,0.170104
10,1831900.0,0.09924,0.10514,0.109609,1.67009
11,1831900.0,0.00639,0.128429,0.175301
10,1831900.0,0.09924,0.105376,0.109846,1.66699
11,1831900.0,0.00639,0.127743,0.170903
10,1831900.0,0.09924,0.10514,0.10957,1.67052
11,1831900.0,0.00677406,0.126142,0.168105
10,1831900.0,0.09924,0.105415,0.109767,1.67506
11,1831900.0,0.00673565,0.126828,0.168505
10,1831900.0,0.09924,0.10514,0.10957,1.6746
11,1831900.0,0.00639,0.128429,0.173702
10,1831910.0,0.09924,0.10514,0.109649,1.67145
11,1831910.0,0.00639,0.127514,0.165706
10,1831910.0,0.09924,0.105179,0.10957,1.67316
11,1831910.0,0.00681246,0.127972,0.166506
10,1831910.0,0.09924,0.105337,0.10957,1.68084
-1930424573.0,1831910.0,11.6583,137,35,0,0,0,2,0
-1930424829.0,1831910.0,0.0666666,0.133333,0.15,0
10,1833060.0,0.09924,0.10514,0.109964,1.69419
11,1833060.0,0.00662043,0.127057,0.168905
10,1833060.0,0.09924,0.105219,0.109924,1.69516
11,1833060.0,0.00677406,0.128201,0.180098
12,1833060.0
10,1833060.0,0.09924,0.105219,0.10957,1.69594
11,1833060.0,0.00639,0.128201,0.165307
10,1833060.0,0.09924,0.10514,0.10957,1.69578
11,1833060.0,0.00639,0.127972,0.1765
10,1833060.0,0.09924,0.105809,0.10957,1.69586
11,1833060.0,0.00639,0.128429,0.173302
10,1833060.0,0.09924,0.105297,0.10957,1.69493
11,1833060.0,0.00639,0.127972,0.171703
10,1833060.0,0.09924,0.105219,0.109727,1.69326
11,1833060.0,0.00639,0.128201,0.1773
10,1833070.0,0.09924,0.10514,0.109727,1.69117
11,1833070.0,0.00639,0.128429,0.174901
10,1833070.0,0.09924,0.105533,0.109885,1.68942
11,1833070.0,0.00685087,0.126828,0.172503
10,1833070.0,0.09924,0.105297,0.10957,1.68705
-1930424573.0,1833070.0,11.6396,131,35,0,0,0,1,1
-1930424829.0,1833070.0,0,0,0,0
11,1833070.0,0.00639,0.127972,0.175701
10,1833070.0,0.09924,0.105376,0.109609,1.68616
11,1833070.0,0.00639,0.128887,0.1769
10,1833070.0,0.09924,0.10514,0.109688,1.6855
11,1833070.0,0.00642841,0.126828,0.174102
10,1833070.0,0.09924,0.10514,0.109688,1.6836
11,1833070.0,0.00665884,0.127514,0.170104
10,1833070.0,0.09924,0.105573,0.109688,1.68344
11,1833070.0,0.00658203,0.127057,0.170504
10,1833070.0,0.09924,0.105691,0.109688,1.68143
11,1833070.0,0.00673565,0.127514,0.172503
10,1833070.0,0.09924,0.106084,0.10957,1.68104
11,1833070.0,0.00665884,0.128201,0.166906
10,1833070.0,0.09924,0.105376,0.10957,1.68209
11,1833070.0,0.00677406,0.127972,0.165307
10,1833080.0,0.09924,0.105691,0.10957,1.68375
11,1833080.0,0.00639,0.128658,0.169704
10,1833080.0,0.09924,0.10514,0.10957,1.68628
11,1833080.0,0.00654362,0.127743,0.169704
10,1833080.0,0.09924,0.10514,0.10957,1.68864
-1930424573.0,1833080.0,11.6396,135,35,0,0,0,1,1
-1930424829.0,1833080.0,0,0,0,0
11,1833080.0,0.00650522,0.128887,0.171303
10,1833080.0,0.09924,0.105258,0.10957,1.6902
11,1833080.0,0.00658203,0.127972,0.158111
10,1833080.0,0.09924,0.10514,0.10957,1.69097
11,1833080.0,0.00639,0.127972,0.167305
10,1833080.0,0.09924,0.10514,0.10957,1.69202
11,1833080.0,0.00639,0.128658,0.169704
10,1833080.0,0.09924,0.10514,0.10957,1.69443
11,1833080.0,0.00639,0.127743,0.169704
10,1833080.0,0.09924,0.105179,0.10957,1.69676
11,1833080.0,0.00639,0.126828,0.165706
10,1833080.0,0.09924,0.105809,0.10957,1.69928
11,1833080.0,0.00639,0.127743,0.161709
10,1833080.0,0.09924,0.10514,0.109609,1.70145
11,1833080.0,0.00662043,0.128658,0.168905
10,1833090.0,0.09924,0.10514,0.10957,1.7023
11,1833090.0,0.00642841,0.126599,0.160509
10,1833090.0,0.09924,0.10514,0.10957,1.70215
11,1833090.0,0.00673565,0.128201,0.169304
10,1833090.0,0.09924,0.105612,0.10957,1.70203
-1930424573.0,1833090.0,11.6396,136,35,0,0,0,1,1
-1930424829.0,1833090.0,0,0,0,0
11,1833090.0,0.00639,0.127972,0.165706
10,1833090.0,0.09924,0.105691,0.109885,1.7013
11,1833090.0,0.00650522,0.128429,0.169704
10,1833090.0,0.09924,0.10514,0.10957,1.70005
11,1833090.0,0.00639,0.128887,0.168505
10,1833090.0,0.09924,0.105533,0.10957,1.69998
11,1833090.0,0.00677406,0.127972,0.168505
10,1833090.0,0.09924,0.10514,0.10957,1.69877
11,1833090.0,0.00639,0.128201,0.174102
10,1833090.0,0.09924,0.10514,0.109727,1.69699
11,1833090.0,0.00673565,0.127972,0.168505
10,1833090.0,0.09924,0.105376,0.10957,1.69388
11,1833090.0,0.00639,0.128429,0.178499
10,1833090.0,0.09924,0.10514,0.109806,1.6914
11,1833090.0,0.00642841,0.127743,0.171303
10,1833100.0,0.09924,0.10514,0.109885,1.68837
11,1833100.0,0.00658203,0.127972,0.178099
10,1833100.0,0.09924,0.10514,0.10957,1.6855
11,1833100.0,0.00639,0.127057,0.162508
10,1833100.0,0.09924,0.10514,0.10957,1.6822
11,1833100.0,0.00639,0.128429,0.166906
-1930424573.0,1833100.0,11.6604,131,35,0,0,0,1,1
-1930424829.0,1833100.0,0,0,0,0
10,1833100.0,0.09924,0.105769,0.10957,1.68216
11,1833100.0,0.00639,0.128658,0.172503
10,1833100.0,0.09924,0.105612,0.109924,1.68302
11,1833100.0,0.00639,0.129115,0.170104
10,1833100.0,0.09924,0.10514,0.10957,1.68209
11,1833100.0,0.00639,0.127057,0.167305
10,1833100.0,0.09924,0.10514,0.109767,1.67766
11,1833100.0,0.00639,0.127286,0.173302
10,1833100.0,0.09924,0.105533,0.109727,1.67626
11,1833100.0,0.00731174,0.127286,0.168905
10,1833100.0,0.09924,0.10514,0.10957,1.67735
11,1833100.0,0.00639,0.128658,0.172503
10,1833100.0,0.09924,0.105494,0.10957,1.68084
11,1833100.0,0.00639,0.128429,0.169704
10,1833110.0,0.09924,0.10514,0.10957,1.6817
11,1833110.0,0.00658203,0.129115,0.170504
10,1833110.0,0.09924,0.10514,0.10957,1.68201
11,1833110.0,0.00692768,0.126828,0.164107
10,1833110.0,0.09924,0.105769,0.10957,1.6824
-1930424573.0,1833110.0,11.6604,137,35,0,0,0,1,1
-1930424829.0,1833110.0,0,0,0,0
11,1833110.0,0.00639,0.127972,0.164107
10,1833110.0,0.09924,0.10514,0.10957,1.68344
11,1833110.0,0.00639,0.127514,0.165307
10,1833110.0,0.09924,0.105337,0.10957,1.68577
11,1833110.0,0.00639,0.127743,0.166506
12,1833110.0
10,1833110.0,0.09924,0.105415,0.110003,1.68771
11,1833110.0,0.00639,0.126828,0.161709
10,1833110.0,0.09924,0.105179,0.10957,1.68744
11,1833110.0,0.00685087,0.129115,0.171703
10,1833110.0,0.09924,0.105415,0.10957,1.68923
11,1833110.0,0.00639,0.128429,0.165706
10,1833110.0,0.09924,0.105179,0.10957,1.69206
11,1833110.0,0.00639,0.127057,0.157711
10,1833110.0,0.09924,0.10514,0.109846,1.6945
11,1833110.0,0.00665884,0.127743,0.176101
10,1833120.0,0.09924,0.10514,0.10957,1.69369
11,1833120.0,0.00669725,0.128429,0.164907
10,1833120.0,0.09924,0.105179,0.10957,1.69136
11,1833120.0,0.00639,0.127286,0.162508
10,1833120.0,0.09924,0.10514,0.109964,1.68927
-1930424573.0,1833120.0,11.6583,137,35,0,0,0,1,1
-1930424829.0,1833120.0,0,0,0,0
11,1833120.0,0.00639,0.127972,0.178899
10,1833120.0,0.09924,0.10514,0.10957,1.68934
11,1833120.0,0.00639,0.128201,0.171303
10,1833120.0,0.09924,0.105612,0.109609,1.69008
11,1833120.0,0.00639,0.129115,0.167705
10,1833120.0,0.09924,0.10514,0.10957,1.69027
11,1833120.0,0.00669725,0.127057,0.170504
10,1833120.0,0.09924,0.105612,0.10957,1.68721
11,1833120.0,0.00639,0.128658,0.1777
10,1833120.0,0.09924,0.10514,0.109609,1.68313
11,1833120.0,0.00639,0.127743,0.173302
10,1833120.0,0.09924,0.105337,0.109846,1.67991
11,1833120.0,0.00642841,0.126599,0.174501
10,1833120.0,0.09924,0.10514,0.10957,1.67704
11,1833130.0,0.00639,0.128429,0.181298
10,1833130.0,0.09924,0.105297,0.109806,1.67545
11,1833130.0,0.00639,0.128658,0.173302
10,1833130.0,0.09924,0.105179,0.10957,1.67308
11,1833130.0,0.00639,0.127057,0.168105
10,1833130.0,0.09924,0.105297,0.10957,1.67009
11,1833130.0,0.00639,0.129115,0.176101
-1930424573.0,1833130.0,11.6583,131,35,0,0,0,1,1
-1930424829.0,1833130.0,0,0,0,0
10,1833130.0,0.09924,0.10514,0.10957,1.66652
11,1833130.0,0.00639,0.128201,0.168505
10,1833130.0,0.09924,0.10514,0.10957,1.66101
11,1833130.0,0.00639,0.127057,0.164507
10,1833130.0,0.09924,0.10514,0.10957,1.65275
11,1833130.0,0.00639,0.128201,0.172902
10,1833130.0,0.09924,0.105415,0.10957,1.64184
11,1833130.0,0.00639,0.128429,0.170104
10,1833130.0,0.09924,0.10514,0.10957,1.62985
11,1833130.0,0.00639,0.127286,0.165706
10,1833130.0,0.09924,0.10514,0.10957,1.61759
11,1833130.0,0.00650522,0.127972,0.172503
10,1833130.0,0.09924,0.105573,0.109727,1.60575
11,1833140.0,0.00646681,0.127743,0.163708
10,1833140.0,0.09924,0.10514,0.109609,1.59229
11,1833140.0,0.00639,0.128201,0.163708
10,1833140.0,0.09924,0.105415,0.109609,1.57696
11,1833140.0,0.00639,0.127514,0.162508
10,1833140.0,0.09924,0.105573,0.10957,1.55988
11,1833140.0,0.00639,0.127743,0.165307
-1930424573.0,1833140.0,11.6583,137,35,0,0,0,1,1
-1930424829.0,1833140.0,0,0,0,0
10,1833140.0,0.09924,0.10514,0.10957,1.543
11,1833140.0,0.00639,0.128201,0.169704
10,1833140.0,0.09924,0.105612,0.10957,1.53
11,1833140.0,0.00639,0.128429,0.166106
10,1833140.0,0.09924,0.105179,0.109885,1.51956
11,1833140.0,0.00639,0.127514,0.165307
10,1833140.0,0.09924,0.10514,0.10957,1.51005
11,1833140.0,0.00692768,0.127057,0.164107
10,1833140.0,0.09924,0.105455,0.10957,1.49988
11,1833140.0,0.00639,0.128201,0.162508
10,1833140.0,0.09924,0.10514,0.10957,1.48983
11,1833140.0,0.00639,0.128201,0.172103
10,1833140.0,0.09924,0.105533,0.10957,1.48048
11,1833150.0,0.00639,0.128429,0.166906
10,1833150.0,0.09924,0.105179,0.10957,1.47132
11,1833150.0,0.00639,0.128887,0.163708
10,1833150.0,0.09924,0.10514,0.10957,1.46282
11,1833150.0,0.00639,0.128429,0.169704
10,1833150.0,0.09924,0.10514,0.10957,1.45506
11,1833150.0,0.00639,0.127286,0.166906
-1930424573.0,1833150.0,11.6583,135,35,0,0,0,1,1
-1930424829.0,1833150.0,0,0,0,0
10,1833150.0,0.09924,0.105258,0.10957,1.4468
11,1833150.0,0.00650522,0.128429,0.179299
10,1833150.0,0.09924,0.105415,0.10957,1.44004
11,1833150.0,0.00639,0.127514,0.171703
10,1833150.0,0.09924,0.10514,0.109649,1.43446
11,1833150.0,0.00662043,0.126371,0.168505
10,1833150.0,0.09924,0.10514,0.109727,1.42615
11,1833150.0,0.00639,0.128201,0.173702
10,1833150.0,0.09924,0.105455,0.110161,1.41901
11,1833150.0,0.0070429,0.127514,0.175701
10,1833150.0,0.09924,0.10514,0.10957,1.41078
11,1833150.0,0.00642841,0.128429,0.182897
10,1833150.0,0.09924,0.105297,0.109806,1.40465
11,1833160.0,0.00639,0.127514,0.1769
10,1833160.0,0.09924,0.10514,0.109767,1.39933
11,1833160.0,0.0070813,0.125685,0.169704
10,1833160.0,0.09924,0.105494,0.10957,1.39421
11,1833160.0,0.00639,0.128887,0.181697
10,1833160.0,0.09924,0.10514,0.10957,1.38917
11,1833160.0,0.00639,0.127514,0.168505
-1930424573.0,1833160.0,11.6333,131,35,0,0,0,1,1
-1930424829.0,1833160.0,0,0,0,0
10,1833160.0,0.09924,0.105179,0.10957,1.38513
11,1833160.0,0.00662043,0.126828,0.170504
10,1833160.0,0.09924,0.10514,0.10957,1.37993
11,1833160.0,0.00639,0.128201,0.175301
12,1833160.0
10,1833160.0,0.09924,0.10514,0.109609,1.37547
11,1833160.0,0.00639,0.128429,0.168905
10,1833160.0,0.09924,0.10514,0.10957,1.37112
11,1833160.0,0.00639,0.127743,0.162108
10,1833160.0,0.09924,0.10514,0.10957,1.36747
11,1833160.0,0.00639,0.127286,0.169704
10,1833160.0,0.09924,0.105337,0.10957,1.36514
11,1833160.0,0.00639,0.127972,0.166106
10,1833160.0,0.09924,0.105179,0.109609,1.36487
11,1833170.0,0.00673565,0.127057,0.162108
10,1833170.0,0.09924,0.10514,0.10957,1.3646
11,1833170.0,0.00639,0.128887,0.170104
10,1833170.0,0.09924,0.10514,0.10957,1.36262
11,1833170.0,0.00673565,0.126828,0.161709
10,1833170.0,0.09924,0.105809,0.10957,1.36006
-1930424573.0,1833170.0,11.6333,137,35,0,0,0,1,1
-1930424829.0,1833170.0,0,0,0,0
11,1833170.0,0.00639,0.128429,0.16011
10,1833170.0,0.09924,0.10514,0.10957,1.35987
11,1833170.0,0.00639,0.127743,0.162508
10,1833170.0,0.09924,0.105297,0.10957,1.36177
11,1833170.0,0.00639,0.128201,0.166906
10,1833170.0,0.09924,0.10514,0.10957,1.36398
11,1833170.0,0.00654362,0.128201,0.165307
10,1833170.0,0.09924,0.10514,0.10957,1.3653
11,1833170.0,0.00639,0.128658,0.162908
10,1833170.0,0.09924,0.10514,0.109609,1.36689
11,1833170.0,0.00639,0.127514,0.163708
10,1833170.0,0.09924,0.10514,0.10957,1.3686
11,1833170.0,0.00650522,0.127057,0.16011
10,1833170.0,0.09924,0.105179,0.10957,1.37194
11,1833180.0,0.00639,0.127057,0.16011
10,1833180.0,0.09924,0.10514,0.109688,1.3757
11,1833180.0,0.00639,0.127057,0.169704
10,1833180.0,0.09924,0.10514,0.10957,1.37605
11,1833180.0,0.00639,0.127743,0.171703
10,1833180.0,0.09924,0.10514,0.10957,1.37539
-1930424573.0,1833180.0,11.6541,134,35,0,0,0,1,1
-1930424829.0,1833180.0,0,0,0,0
11,1833180.0,0.00677406,0.126828,0.169704
10,1833180.0,0.09924,0.105966,0.109846,1.37714
11,1833180.0,0.00662043,0.128429,0.170903
10,1833180.0,0.09924,0.10514,0.10957,1.38009
11,1833180.0,0.00639,0.128658,0.180898
10,1833180.0,0.09924,0.10514,0.109727,1.38288
11,1833180.0,0.00639,0.128201,0.179698
10,1833180.0,0.09924,0.105651,0.10957,1.38323
11,1833180.0,0.00639,0.127514,0.171703
10,1833180.0,0.09924,0.105258,0.1102,1.38152
11,1833180.0,0.00715812,0.127057,0.174901
10,1833180.0,0.09924,0.10514,0.109688,1.38269
11,1833180.0,0.00650522,0.127514,0.1769
10,1833180.0,0.09924,0.10514,0.10957,1.38773
11,1833190.0,0.00665884,0.126371,0.172902
10,1833190.0,0.09924,0.105337,0.10957,1.39184
11,1833190.0,0.00639,0.127972,0.172902
10,1833190.0,0.09924,0.10514,0.10957,1.39386
11,1833190.0,0.00639,0.128429,0.172503
10,1833190.0,0.09924,0.105337,0.109688,1.39491
11,1833190.0,0.00639,0.128201,0.170504
-1930424573.0,1833190.0,11.6541,133,34,0,0,0,1,1
-1930424829.0,1833190.0,0,0,0,0
10,1833190.0,0.09924,0.10514,0.10957,1.39732
11,1833190.0,0.00639,0.128201,0.168905
10,1833190.0,0.09924,0.10514,0.10957,1.40465
11,1833190.0,0.00665884,0.127514,0.160509
10,1833190.0,0.09924,0.105927,0.109727,1.41187
11,1833190.0,0.00639,0.127972,0.164907
10,1833190.0,0.09924,0.10514,0.109806,1.41517
11,1833190.0,0.00642841,0.128887,0.175301
10,1833190.0,0.09924,0.105337,0.109924,1.41835
11,1833190.0,0.00658203,0.127057,0.168105
10,1833190.0,0.09924,0.10514,0.10957,1.42541
11,1833190.0,0.00650522,0.127972,0.172503
10,1833190.0,0.09924,0.10514,0.10957,1.43779
11,1833200.0,0.00677406,0.126599,0.16011
10,1833200.0,0.09924,0.10514,0.10957,1.44722
11,1833200.0,0.00639,0.128201,0.171703
10,1833200.0,0.09924,0.10514,0.10957,1.45235
11,1833200.0,0.00692768,0.127286,0.163708
10,1833200.0,0.09924,0.105179,0.10957,1.45692
11,1833200.0,0.00639,0.127972,0.169704
-1930424573.0,1833200.0,11.6541,139,34,0,0,0,1,1
-1930424829.0,1833200.0,0,0,0,0
10,1833200.0,0.09924,0.105651,0.109727,1.46826
11,1833200.0,0.00639,0.128658,0.165307
10,1833200.0,0.09924,0.10514,0.10957,1.48564
11,1833200.0,0.00639,0.127514,0.164107
10,1833200.0,0.09924,0.105415,0.109727,1.49919
11,1833200.0,0.00639,0.128429,0.166106
10,1833200.0,0.09924,0.105376,0.10957,1.50481
11,1833200.0,0.00639,0.128201,0.164907
10,1833200.0,0.09924,0.10514,0.109885,1.51122
11,1833200.0,0.00639,0.127972,0.173302
10,1833200.0,0.09924,0.10514,0.10957,1.52697
11,1833200.0,0.00639,0.127057,0.163708
10,1833200.0,0.09924,0.10514,0.109727,1.54735
11,1833210.0,0.00654362,0.127514,0.171303
10,1833210.0,0.09924,0.10514,0.109688,1.55973
11,1833210.0,0.00669725,0.127514,0.170903
10,1833210.0,0.09924,0.105533,0.10957,1.56236
11,1833210.0,0.00639,0.127743,0.171703
10,1833210.0,0.09924,0.105258,0.10957,1.56811
11,1833210.0,0.00639,0.128658,0.1777
-1930424573.0,1833210.0,11.6541,135,34,0,0,0,1,1
-1930424829.0,1833210.0,0,0,0,0
10,1833210.0,0.09924,0.10514,0.10957,1.58491
11,1833210.0,0.00665884,0.127286,0.170504
10,1833210.0,0.09924,0.106123,0.109924,1.60463
11,1833210.0,0.00639,0.128887,0.174901
12,1833210.0
10,1833210.0,0.09924,0.10514,0.109885,1.61107
11,1833210.0,0.00650522,0.127972,0.181697
10,1833210.0,0.09924,0.105573,0.109885,1.60478
11,1833210.0,0.00654362,0.127743,0.170504
10,1833210.0,0.09924,0.10514,0.10957,1.60071
11,1833210.0,0.00639,0.127057,0.169704
10,1833210.0,0.09924,0.10573,0.109806,1.60928
11,1833210.0,0.00639,0.128887,0.171703
10,1833210.0,0.09924,0.10514,0.109727,1.62384
11,1833220.0,0.00662043,0.126828,0.163708
10,1833220.0,0.09924,0.105415,0.109727,1.62426
11,1833220.0,0.00639,0.128658,0.174501
10,1833220.0,0.09924,0.105219,0.109649,1.6134
11,1833220.0,0.00662043,0.128429,0.174501
10,1833220.0,0.09924,0.10514,0.109767,1.60575
11,1833220.0,0.00639,0.127514,0.176101
-1930424573.0,1833220.0,11.6979,135,34,0,0,0,1,1
-1930424829.0,1833220.0,0,0,0,0
10,1833220.0,0.09924,0.10514,0.10957,1.6132
11,1833220.0,0.00715812,0.127972,0.165706
10,1833220.0,0.09924,0.105179,0.10957,1.62403
11,1833220.0,0.00639,0.127743,0.169704
10,1833220.0,0.09924,0.10514,0.10957,1.62267
11,1833220.0,0.00639,0.127743,0.170104
10,1833220.0,0.09924,0.105297,0.10957,1.6132
11,1833220.0,0.00639,0.128201,0.164107
10,1833220.0,0.09924,0.10514,0.10957,1.61002
11,1833220.0,0.00639,0.128429,0.162908
10,1833220.0,0.09924,0.10514,0.10957,1.62236
11,1833220.0,0.00654362,0.127972,0.166506
10,1833220.0,0.09924,0.105376,0.110003,1.63858
11,1833230.0,0.00639,0.128201,0.161309
10,1833230.0,0.09924,0.105533,0.10957,1.64052
11,1833230.0,0.00639,0.127743,0.156112
10,1833230.0,0.09924,0.10514,0.10957,1.63389
11,1833230.0,0.00654362,0.128429,0.170504
10,1833230.0,0.09924,0.10514,0.10957,1.63365
11,1833230.0,0.00639,0.127743,0.169704
-1930424573.0,1833230.0,11.6979,138,34,0,0,0,1,1
-1930424829.0,1833230.0,0,0,0,0
10,1833230.0,0.09924,0.105651,0.109924,1.64797
11,1833230.0,0.00658203,0.127514,0.15971
10,1833230.0,0.09924,0.10514,0.10957,1.66338
11,1833230.0,0.00639,0.127743,0.172503
10,1833230.0,0.09924,0.10514,0.109649,1.66501
11,1833230.0,0.00665884,0.127972,0.169704
10,1833230.0,0.09924,0.10514,0.10957,1.65562
11,1833230.0,0.00685087,0.128201,0.165706
10,1833230.0,0.09924,0.105533,0.10957,1.65061
11,1833230.0,0.00639,0.128887,0.172503
10,1833230.0,0.09924,0.10514,0.109609,1.65892
11,1833230.0,0.00673565,0.127057,0.168905
10,1833230.0,0.09924,0.105179,0.109649,1.66815
11,1833240.0,0.00639,0.127514,0.173302
10,1833240.0,0.09924,0.10514,0.10957,1.6652
11,1833240.0,0.00658203,0.126371,0.173702
10,1833240.0,0.09924,0.10514,0.10957,1.6524
11,1833240.0,0.00639,0.128201,0.181298
10,1833240.0,0.09924,0.106163,0.10957,1.64669
11,1833240.0,0.00639,0.128201,0.175301
-1930424573.0,1833240.0,11.6625,133,34,0,0,0,1,1
-1930424829.0,1833240.0,0,0,0,0
10,1833240.0,0.09924,0.10514,0.110042,1.65492
11,1833240.0,0.00639,0.128201,0.171303
10,1833240.0,0.09924,0.105769,0.109924,1.66241
11,1833240.0,0.00639,0.128429,0.172902
10,1833240.0,0.09924,0.10514,0.10957,1.65737
11,1833240.0,0.00639,0.127514,0.176101
10,1833240.0,0.09924,0.105415,0.10957,1.64502
11,1833240.0,0.00650522,0.127514,0.169704
10,1833240.0,0.09924,0.105415,0.10957,1.64204
11,1833240.0,0.00639,0.128429,0.174102
10,1833240.0,0.09924,0.10514,0.10957,1.65348
11,1833240.0,0.00639,0.128429,0.167705
10,1833240.0,0.09924,0.105533,0.10957,1.6647
11,1833250.0,0.00639,0.127972,0.171703
10,1833250.0,0.09924,0.10514,0.10957,1.66396
11,1833250.0,0.00639,0.127057,0.166906
10,1833250.0,0.09924,0.10514,0.109609,1.65771
11,1833250.0,0.00639,0.128887,0.166906
10,1833250.0,0.09924,0.105258,0.10957,1.65837
11,1833250.0,0.00639,0.128429,0.162908
-1930424573.0,1833250.0,11.6625,133,34,0,0,0,1,1
-1930424829.0,1833250.0,0,0,0,0
10,1833250.0,0.09924,0.10514,0.10957,1.67002
11,1833250.0,0.00639,0.126599,0.164907
10,1833250.0,0.09924,0.10514,0.10957,1.68007
11,1833250.0,0.00673565,0.128429,0.172902
10,1833250.0,0.09924,0.105455,0.10957,1.67786
11,1833250.0,0.00639,0.127972,0.163308
10,1833250.0,0.09924,0.10514,0.10957,1.66998
11,1833250.0,0.00685087,0.127286,0.162108
10,1833250.0,0.09924,0.10514,0.10957,1.6673
11,1833250.0,0.00639,0.129115,0.167305
10,1833250.0,0.09924,0.105376,0.10957,1.67557
11,1833250.0,0.00639,0.128429,0.161309
10,1833250.0,0.09924,0.10514,0.10957,1.68123
11,1833260.0,0.00692768,0.126828,0.166106
10,1833260.0,0.09924,0.105179,0.10957,1.67382
11,1833260.0,0.00639,0.127743,0.171303
10,1833260.0,0.09924,0.10573,0.109846,1.66082
11,1833260.0,0.00658203,0.127057,0.163708
10,1833260.0,0.09924,0.105376,0.10957,1.65403
11,1833260.0,0.00639,0.128201,0.165307
-1930424573.0,1833260.0,11.6854,137,34,0,0,0,1,1
-1930424829.0,1833260.0,0,0,0,0
10,1833260.0,0.09924,0.10514,0.10957,1.66035
11,1833260.0,0.00639,0.128201,0.169704
10,1833260.0,0.09924,0.105219,0.10957,1.66532
11,1833260.0,0.00665884,0.127514,0.166906
12,1833260.0
10,1833260.0,0.09924,0.105415,0.109688,1.65799
11,1833260.0,0.00639,0.128429,0.169704
10,1833260.0,0.09924,0.10514,0.109649,1.64398
11,1833260.0,0.00639,0.128429,0.168105
10,1833260.0,0.09924,0.10514,0.10957,1.63734
11,1833260.0,0.00665884,0.127972,0.172103
10,1833260.0,0.09924,0.105455,0.10957,1.63998
11,1833260.0,0.00639,0.128658,0.180898
10,1833260.0,0.09924,0.10514,0.10957,1.64615
11,1833270.0,0.00639,0.128201,0.178099
10,1833270.0,0.09924,0.106045,0.10957,1.64258
11,1833270.0,0.00642841,0.128429,0.169304
10,1833270.0,0.09924,0.105533,0.109649,1.63334
11,1833270.0,0.00639,0.128201,0.174501
10,1833270.0,0.09924,0.10514,0.10957,1.63222
11,1833270.0,0.00639,0.127972,0.173302
-1930424573.0,1833270.0,11.6854,132,34,0,0,0,1,1
-1930424829.0,1833270.0,0,0,0,0
10,1833270.0,0.09924,0.105337,0.10957,1.6399
11,1833270.0,0.00642841,0.128658,0.172902
10,1833270.0,0.09924,0.10514,0.10957,1.64762
11,1833270.0,0.00642841,0.127057,0.173702
10,1833270.0,0.09924,0.10514,0.109688,1.64631
11,1833270.0,0.00669725,0.128658,0.173302
10,1833270.0,0.09924,0.10514,0.109688,1.64169
11,1833270.0,0.00639,0.127972,0.179698
10,1833270.0,0.09924,0.105533,0.10957,1.64336
11,1833270.0,0.00639,0.127743,0.174102
10,1833270.0,0.09924,0.10514,0.10957,1.65632
11,1833270.0,0.00654362,0.127514,0.167705
10,1833270.0,0.09924,0.106005,0.109767,1.66773
11,1833280.0,0.00646681,0.128429,0.168105
10,1833280.0,0.09924,0.10514,0.10957,1.66874
11,1833280.0,0.00639,0.128429,0.172503
10,1833280.0,0.09924,0.105494,0.10957,1.66272
11,1833280.0,0.00639,0.127972,0.163308
10,1833280.0,0.09924,0.10514,0.109806,1.66206
-1930424573.0,1833280.0,11.6854,137,34,0,0,0,1,1
-1930424829.0,1833280.0,0,0,0,0
11,1833280.0,0.00639,0.128201,0.166506
10,1833280.0,0.09924,0.105219,0.10957,1.67009
11,1833280.0,0.00639,0.127057,0.15851
10,1833280.0,0.09924,0.10514,0.10957,1.67786
11,1833280.0,0.00639,0.128201,0.166906
10,1833280.0,0.09924,0.10514,0.10957,1.67576
11,1833280.0,0.00639,0.128201,0.164907
10,1833280.0,0.09924,0.10514,0.10957,1.66749
11,1833280.0,0.00639,0.128201,0.167705
10,1833280.0,0.09924,0.10514,0.10957,1.66427
11,1833280.0,0.00639,0.127743,0.166906
10,1833280.0,0.09924,0.10514,0.109767,1.67006
11,1833280.0,0.00639,0.127743,0.171303
10,1833280.0,0.09924,0.105415,0.10957,1.67297
11,1833290.0,0.00639,0.128658,0.169304
10,1833290.0,0.09924,0.10514,0.109609,1.66649
11,1833290.0,0.00639,0.128201,0.164507
10,1833290.0,0.09924,0.105612,0.10957,1.65445
11,1833290.0,0.00639,0.127514,0.161709
10,1833290.0,0.09924,0.105533,0.10957,1.6484
-1930424573.0,1833290.0,11.6854,138,35,0,0,0,1,1
-1930424829.0,1833290.0,0,0,0,0
11,1833290.0,0.00639,0.128201,0.172103
10,1833290.0,0.09924,0.10514,0.109806,1.65368
11,1833290.0,0.00665884,0.127514,0.167305
10,1833290.0,0.09924,0.105455,0.10957,1.65857
11,1833290.0,0.00639,0.127286,0.166506
10,1833290.0,0.09924,0.10514,0.10957,1.65302
11,1833290.0,0.00639,0.127514,0.172503
10,1833290.0,0.09924,0.105258,0.109806,1.64176
11,1833290.0,0.00654362,0.128429,0.175701
10,1833290.0,0.09924,0.10514,0.109767,1.63528
11,1833290.0,0.00639,0.128658,0.1769
10,1833290.0,0.09924,0.10514,0.109727,1.63909
11,1833290.0,0.00658203,0.127743,0.1773
10,1833290.0,0.09924,0.105376,0.10957,1.64433
11,1833300.0,0.00639,0.127743,0.1765
10,1833300.0,0.09924,0.10514,0.109649,1.64215
11,1833300.0,0.00639,0.127743,0.1765
10,1833300.0,0.09924,0.105376,0.10957,1.63532
11,1833300.0,0.00654362,0.127514,0.171703
10,1833300.0,0.09924,0.10514,0.10957,1.63307
11,1833300.0,0.00639,0.128429,0.176101
-1930424573.0,1833300.0,11.7,133,35,0,0,0,1,1
-1930424829.0,1833300.0,0,0,0,0
10,1833300.0,0.09924,0.10514,0.10957,1.63982
11,1833300.0,0.00639,0.127514,0.1769
10,1833300.0,0.09924,0.10514,0.109649,1.64755
11,1833300.0,0.00658203,0.129344,0.176101
10,1833300.0,0.09924,0.105297,0.10957,1.64712
11,1833300.0,0.00639,0.127972,0.166906
10,1833300.0,0.09924,0.10514,0.10957,1.6439
11,1833300.0,0.00639,0.128201,0.172902
10,1833300.0,0.09924,0.10514,0.10957,1.64681
11,1833300.0,0.0070813,0.127514,0.162508
10,1833300.0,0.09924,0.105258,0.10957,1.65834
11,1833300.0,0.00639,0.128201,0.16011
10,1833300.0,0.09924,0.10514,0.10957,1.66881
11,1833310.0,0.00639,0.127743,0.166106
10,1833310.0,0.09924,0.10514,0.109846,1.6699
11,1833310.0,0.0070429,0.127514,0.165706
10,1833310.0,0.09924,0.10514,0.10957,1.66427
11,1833310.0,0.00700449,0.127057,0.162108
10,1833310.0,0.09924,0.10514,0.10957,1.66257
-1930424573.0,1833310.0,11.7,138,35,0,0,0,1,1
-1930424829.0,1833310.0,0,0,0,0
11,1833310.0,0.00639,0.127514,0.163708
10,1833310.0,0.09924,0.105219,0.10957,1.67103
11,1833310.0,0.00639,0.127972,0.167305
10,1833310.0,0.09924,0.10514,0.10957,1.67883
11,1833310.0,0.00658203,0.126599,0.162508
12,1833310.0
10,1833310.0,0.09924,0.10514,0.109649,1.67743
11,1833310.0,0.00639,0.127972,0.164507
10,1833310.0,0.09924,0.105297,0.10957,1.66885
11,1833310.0,0.00639,0.128658,0.168105
10,1833310.0,0.09924,0.105179,0.109688,1.6642
11,1833310.0,0.00639,0.128429,0.15851
10,1833310.0,0.09924,0.10514,0.10957,1.66858
11,1833310.0,0.00639,0.128887,0.166506
10,1833310.0,0.09924,0.10514,0.109885,1.67227
11,1833320.0,0.00642841,0.127286,0.162108
10,1833320.0,0.09924,0.105494,0.10957,1.66637
11,1833320.0,0.00639,0.128429,0.166906
10,1833320.0,0.09924,0.105337,0.109727,1.65651
11,1833320.0,0.00639,0.128658,0.173302
10,1833320.0,0.09924,0.10514,0.10957,1.65158
-1930424573.0,1833320.0,11.6708,136,35,0,0,0,1,1
-1930424829.0,1833320.0,0,0,0,0
11,1833320.0,0.00639,0.127286,0.165706
10,1833320.0,0.09924,0.10632,0.109846,1.65539
11,1833320.0,0.00639,0.127972,0.171303
10,1833320.0,0.09924,0.10514,0.109885,1.65849
11,1833320.0,0.00669725,0.128201,0.1769
10,1833320.0,0.09924,0.105612,0.109609,1.6517
11,1833320.0,0.00639,0.128658,0.168105
10,1833320.0,0.09924,0.10514,0.10957,1.64111
11,1833320.0,0.0070813,0.126828,0.173702
10,1833320.0,0.09924,0.10514,0.109846,1.63509
11,1833320.0,0.00692768,0.127514,0.1765
10,1833320.0,0.09924,0.105612,0.109688,1.63905
11,1833320.0,0.00639,0.127514,0.174901
10,1833320.0,0.09924,0.10514,0.10957,1.64475
11,1833330.0,0.00715812,0.127514,0.171303
10,1833330.0,0.09924,0.10514,0.109806,1.64258
11,1833330.0,0.00639,0.128429,0.181697
10,1833330.0,0.09924,0.105533,0.110082,1.63571
11,1833330.0,0.00658203,0.127514,0.172103
10,1833330.0,0.09924,0.10514,0.10957,1.63396
-1930424573.0,1833330.0,11.6708,131,35,0,0,0,1,1
-1930424829.0,1833330.0,0,0,0,0
11,1833330.0,0.00639,0.128429,0.170104
10,1833330.0,0.09924,0.10514,0.10957,1.64091
11,1833330.0,0.00681246,0.128429,0.174901
10,1833330.0,0.09924,0.10514,0.109924,1.64797
11,1833330.0,0.00639,0.128429,0.166506
10,1833330.0,0.09924,0.10514,0.10957,1.64817
11,1833330.0,0.00639,0.128201,0.171303
10,1833330.0,0.09924,0.10514,0.109846,1.64576
11,1833330.0,0.00665884,0.127514,0.173702
10,1833330.0,0.09924,0.105258,0.10957,1.64887
11,1833330.0,0.00669725,0.127514,0.165307
10,1833330.0,0.09924,0.105219,0.10957,1.65907
11,1833330.0,0.00658203,0.128658,0.175301
10,1833330.0,0.09924,0.10514,0.10957,1.66839
11,1833340.0,0.00639,0.127972,0.167705
10,1833340.0,0.09924,0.105455,0.10957,1.66687
11,1833340.0,0.00639,0.128201,0.167705
10,1833340.0,0.09924,0.10514,0.10957,1.65861
11,1833340.0,0.00639,0.128201,0.166106
10,1833340.0,0.09924,0.10514,0.10957,1.65632
-1930424573.0,1833340.0,11.6708,137,35,0,0,0,1,1
-1930424829.0,1833340.0,0,0,0,0
11,1833340.0,0.00639,0.128201,0.162108
10,1833340.0,0.09924,0.10514,0.10957,1.66323
11,1833340.0,0.00650522,0.128429,0.164507
10,1833340.0,0.09924,0.105415,0.10957,1.66986
11,1833340.0,0.00677406,0.128201,0.162508
10,1833340.0,0.09924,0.10514,0.109649,1.66466
11,1833340.0,0.00650522,0.128887,0.170104
10,1833340.0,0.09924,0.10573,0.10957,1.65314
11,1833340.0,0.00639,0.128201,0.170104
10,1833340.0,0.09924,0.10514,0.10957,1.64669
11,1833340.0,0.00639,0.127514,0.162508
10,1833340.0,0.09924,0.105179,0.10957,1.64922
11,1833340.0,0.00642841,0.128429,0.173702
10,1833340.0,0.09924,0.10514,0.10957,1.65143
11,1833350.0,0.00639,0.128429,0.168105
10,1833350.0,0.09924,0.10514,0.109846,1.64588
11,1833350.0,0.00662043,0.128201,0.168105
10,1833350.0,0.09924,0.10514,0.10957,1.63552
11,1833350.0,0.00646681,0.128429,0.174501
10,1833350.0,0.09924,0.105258,0.10957,1.63047
-1930424573.0,1833350.0,11.6708,135,35,0,0,0,1,1
-1930424829.0,1833350.0,0,0,0,0
11,1833350.0,0.00639,0.127972,0.173702
10,1833350.0,0.09924,0.105179,0.109727,1.63532
11,1833350.0,0.00677406,0.127286,0.173302
10,1833350.0,0.09924,0.105297,0.109649,1.63936
11,1833350.0,0.00639,0.128201,0.178099
10,1833350.0,0.09924,0.105376,0.10957,1.63424
11,1833350.0,0.00639,0.127972,0.178499
10,1833350.0,0.09924,0.105258,0.109649,1.62578
11,1833350.0,0.00662043,0.127743,0.171703
10,1833350.0,0.09924,0.10514,0.10957,1.62267
11,1833350.0,0.00639,0.128429,0.173702
10,1833350.0,0.09924,0.105455,0.109609,1.63125
11,1833350.0,0.00639,0.128887,0.171703
10,1833350.0,0.09924,0.10514,0.109649,1.63948
11,1833360.0,0.00639,0.127743,0.181697
10,1833360.0,0.09924,0.10514,0.109688,1.63866
11,1833360.0,0.00639,0.127972,0.168905
10,1833360.0,0.09924,0.10514,0.109767,1.6316
11,1833360.0,0.00639,0.127514,0.169304
10,1833360.0,0.09924,0.105258,0.109767,1.63171
-1930424573.0,1833360.0,11.6791,133,35,0,0,0,1,1
-1930424829.0,1833360.0,0,0,0,0
11,1833360.0,0.00639,0.127286,0.171303
10,1833360.0,0.09924,0.10514,0.109767,1.64006
11,1833360.0,0.00639,0.128201,0.172902
10,1833360.0,0.09924,0.10514,0.10957,1.64894
11,1833360.0,0.00639,0.127972,0.167705
12,1833360.0
10,1833360.0,0.09924,0.10514,0.10957,1.64929
11,1833360.0,0.00639,0.127972,0.167705
10,1833360.0,0.09924,0.105337,0.10957,1.64448
11,1833360.0,0.00639,0.128429,0.165307
10,1833360.0,0.09924,0.10514,0.10957,1.6465
11,1833360.0,0.0070813,0.128658,0.15891
10,1833360.0,0.09924,0.10514,0.10957,1.65581
11,1833360.0,0.00669725,0.128887,0.178099
10,1833360.0,0.09924,0.10514,0.10957,1.66354
11,1833370.0,0.00650522,0.128429,0.169704
10,1833370.0,0.09924,0.10514,0.10957,1.66086
11,1833370.0,0.00662043,0.127057,0.161309
10,1833370.0,0.09924,0.10514,0.10957,1.65189
11,1833370.0,0.00639,0.128887,0.167705
10,1833370.0,0.09924,0.10514,0.10957,1.65003
-1930424573.0,1833370.0,11.6791,139,35,0,0,0,1,1
-1930424829.0,1833370.0,0,0,0,0
11,1833370.0,0.00639,0.127743,0.166506
10,1833370.0,0.09924,0.10514,0.10957,1.6595
11,1833370.0,0.00639,0.126828,0.164907
10,1833370.0,0.09924,0.10514,0.10957,1.66606
11,1833370.0,0.00639,0.129115,0.167705
10,1833370.0,0.09924,0.105455,0.109767,1.66055
11,1833370.0,0.00639,0.128429,0.164907
10,1833370.0,0.09924,0.10514,0.10957,1.64898
11,1833370.0,0.00688928,0.126599,0.168105
10,1833370.0,0.09924,0.105337,0.109609,1.64316
11,1833370.0,0.00650522,0.128658,0.171703
10,1833370.0,0.09924,0.105415,0.109846,1.64774
11,1833370.0,0.00639,0.129115,0.166506
10,1833370.0,0.09924,0.10514,0.10957,1.65271
11,1833380.0,0.00642841,0.127286,0.169704
10,1833380.0,0.09924,0.105809,0.10957,1.647
11,1833380.0,0.00639,0.127514,0.167305
10,1833380.0,0.09924,0.10514,0.109806,1.63482
11,1833380.0,0.00646681,0.127514,0.1773
10,1833380.0,0.09924,0.106084,0.10957,1.62865
-1930424573.0,1833380.0,11.7083,136,35,0,0,0,1,1
-1930424829.0,1833380.0,0,0,0,0
11,1833380.0,0.00639,0.126828,0.172503
10,1833380.0,0.09924,0.10514,0.109727,1.63284
11,1833380.0,0.00650522,0.127514,0.169704
10,1833380.0,0.09924,0.106399,0.109727,1.63606
11,1833380.0,0.00665884,0.127743,0.171703
10,1833380.0,0.09924,0.10514,0.109649,1.62787
11,1833380.0,0.00639,0.127972,0.170104
10,1833380.0,0.09924,0.10514,0.10957,1.61561
11,1833380.0,0.00639,0.128201,0.172503
10,1833380.0,0.09924,0.10514,0.109924,1.61173
11,1833380.0,0.00654362,0.127057,0.169704
10,1833380.0,0.09924,0.105533,0.10957,1.61996
11,1833380.0,0.00639,0.128658,0.169304
10,1833380.0,0.09924,0.10514,0.109609,1.62876
11,1833380.0,0.00723493,0.126828,0.161709
10,1833390.0,0.09924,0.105494,0.10957,1.62593
11,1833390.0,0.00639,0.128201,0.167705
10,1833390.0,0.09924,0.10514,0.109609,1.61875
11,1833390.0,0.00639,0.127514,0.168905
10,1833390.0,0.09924,0.105809,0.109924,1.61922
-1930424573.0,1833390.0,11.7083,134,34,0,0,0,1,1
-1930424829.0,1833390.0,0,0,0,0
11,1833390.0,0.00711971,0.127286,0.165307
10,1833390.0,0.09924,0.105258,0.10957,1.62962
11,1833390.0,0.00639,0.127743,0.168905
10,1833390.0,0.09924,0.105769,0.10957,1.64223
11,1833390.0,0.00639,0.128658,0.168905
10,1833390.0,0.09924,0.105219,0.10957,1.64402
11,1833390.0,0.00696609,0.126828,0.164507
10,1833390.0,0.09924,0.10514,0.10957,1.63909
11,1833390.0,0.00639,0.127743,0.157711
10,1833390.0,0.09924,0.105573,0.10957,1.64083
11,1833390.0,0.00639,0.128201,0.157711
10,1833390.0,0.09924,0.10514,0.109688,1.65259
11,1833390.0,0.00658203,0.127286,0.161709
10,1833390.0,0.09924,0.10514,0.10957,1.66148
11,1833390.0,0.00639,0.127057,0.15851
10,1833400.0,0.09924,0.10514,0.10957,1.65764
11,1833400.0,0.00639,0.127514,0.168905
10,1833400.0,0.09924,0.10514,0.10957,1.64681
11,1833400.0,0.00639,0.127514,0.164107
10,1833400.0,0.09924,0.10514,0.10957,1.64363
11,1833400.0,0.00639,0.127743,0.170903
-1930424573.0,1833400.0,11.7083,139,34,0,0,0,1,1
-1930424829.0,1833400.0,0,0,0,0
10,1833400.0,0.09924,0.105651,0.10957,1.65209
11,1833400.0,0.00646681,0.128201,0.165307
10,1833400.0,0.09924,0.10514,0.10957,1.65756
11,1833400.0,0.00639,0.128201,0.161709
10,1833400.0,0.09924,0.105297,0.109609,1.65038
11,1833400.0,0.00639,0.126828,0.168505
10,1833400.0,0.09924,0.105533,0.109727,1.63466
11,1833400.0,0.00681246,0.128201,0.167305
10,1833400.0,0.09924,0.10514,0.109806,1.62803
11,1833400.0,0.00639,0.126371,0.166906
10,1833400.0,0.09924,0.10514,0.10957,1.6342
11,1833400.0,0.00639,0.127743,0.174901
10,1833400.0,0.09924,0.105612,0.109688,1.64161
11,1833400.0,0.00639,0.127743,0.172103
10,1833410.0,0.09924,0.105337,0.10957,1.63707
11,1833410.0,0.00639,0.128201,0.168105
10,1833410.0,0.09924,0.10514,0.109609,1.62783
11,1833410.0,0.00639,0.127972,0.178899
10,1833410.0,0.09924,0.105494,0.10957,1.62624
-1930424573.0,1833410.0,11.7083,134,34,0,0,0,1,1
-1930424829.0,1833410.0,0,0,0,0
11,1833410.0,0.00642841,0.127972,0.174901
10,1833410.0,0.09924,0.10514,0.10957,1.63625
11,1833410.0,0.00639,0.127972,0.178099
10,1833410.0,0.09924,0.105927,0.10957,1.64588
11,1833410.0,0.00639,0.126599,0.169704
12,1833410.0
10,1833410.0,0.09924,0.106005,0.109727,1.64499
11,1833410.0,0.00639,0.127972,0.171303
10,1833410.0,0.09924,0.10514,0.109846,1.63936
11,1833410.0,0.00658203,0.127972,0.175301
10,1833410.0,0.09924,0.105494,0.10957,1.64293
11,1833410.0,0.00639,0.127743,0.174501
10,1833410.0,0.09924,0.10514,0.109885,1.65834
11,1833410.0,0.00696609,0.127286,0.171303
10,1833410.0,0.09924,0.10514,0.10957,1.67083
11,1833410.0,0.00639,0.127972,0.170104
10,1833420.0,0.09924,0.105848,0.10957,1.66835
11,1833420.0,0.00639,0.127972,0.165307
10,1833420.0,0.09924,0.10514,0.10957,1.65946
11,1833420.0,0.00658203,0.127286,0.164107
10,1833420.0,0.09924,0.10514,0.10957,1.65791
-1930424573.0,1833420.0,11.6646,133,34,0,0,0,1,1
-1930424829.0,1833420.0,0,0,0,0
11,1833420.0,0.00639,0.127514,0.174102
10,1833420.0,0.09924,0.10514,0.10957,1.66967
11,1833420.0,0.00658203,0.126371,0.167305
10,1833420.0,0.09924,0.10514,0.109609,1.68034
11,1833420.0,0.00639,0.128429,0.170903
10,1833420.0,0.09924,0.10514,0.10957,1.67619
11,1833420.0,0.00692768,0.127514,0.165706
10,1833420.0,0.09924,0.105258,0.10957,1.66303
11,1833420.0,0.00639,0.128201,0.166906
10,1833420.0,0.09924,0.10514,0.10957,1.65733
11,1833420.0,0.00650522,0.128201,0.176101
10,1833420.0,0.09924,0.10514,0.10957,1.66408
11,1833420.0,0.00639,0.128887,0.163308
10,1833420.0,0.09924,0.10514,0.10957,1.66971
11,1833420.0,0.00639,0.128201,0.165307
10,1833430.0,0.09924,0.10514,0.109846,1.66226
11,1833430.0,0.00639,0.127743,0.165307
10,1833430.0,0.09924,0.10514,0.10957,1.65092
11,1833430.0,0.00639,0.128429,0.163308
10,1833430.0,0.09924,0.105809,0.10957,1.65038
11,1833430.0,0.00669725,0.128429,0.166506
-1930424573.0,1833430.0,11.6646,130,34,0,0,0,1,3
-1930424829.0,1833430.0,0.510416,1.00625,1.12916,0
10,1833430.0,0.09924,0.105337,0.110003,1.66136
11,1833430.0,0.00665884,0.127057,0.163308
10,1833430.0,0.09924,0.10514,0.109767,1.66866
11,1833430.0,0.00639,0.127514,0.174501
10,1833430.0,0.09924,0.10514,0.10957,1.66361
11,1833430.0,0.00696609,0.127057,0.171303
10,1833430.0,0.09924,0.105533,0.10957,1.65209
11,1833430.0,0.00639,0.128658,0.182897
10,1833430.0,0.09924,0.10514,0.109609,1.65042
11,1833430.0,0.00639,0.127743,0.170504
10,1833430.0,0.09924,0.105455,0.10957,1.66323
11,1833430.0,0.00639,0.127972,0.173702
10,1833430.0,0.09924,0.10514,0.109649,1.67599
11,1833430.0,0.00650522,0.127972,0.179299
10,1833440.0,0.09924,0.105455,0.10957,1.67487
11,1833440.0,0.00639,0.127972,0.175701
10,1833440.0,0.09924,0.10514,0.10957,1.66711
11,1833440.0,0.00639,0.127743,0.183696
10,1833440.0,0.09924,0.105297,0.109846,1.66691
11,1833440.0,0.00646681,0.128429,0.173302
-1930424573.0,1833440.0,11.6875,126,34,0,0,0,1,3
-1930424829.0,1833440.0,0.510416,1.00625,1.12916,0
10,1833440.0,0.09924,0.105219,0.10957,1.68046
11,1833440.0,0.00639,0.128201,0.1773
10,1833440.0,0.09924,0.105927,0.109806,1.69183
11,1833440.0,0.00650522,0.128201,0.174501
10,1833440.0,0.09924,0.10514,0.10957,1.69167
11,1833440.0,0.00639,0.127972,0.1769
10,1833440.0,0.09924,0.10514,0.10957,1.68628
11,1833440.0,0.00646681,0.127743,0.170504
10,1833440.0,0.09924,0.10514,0.10957,1.69016
11,1833440.0,0.00700449,0.127514,0.174102
10,1833440.0,0.09924,0.10514,0.10957,1.70537
11,1833440.0,0.00639,0.127972,0.1765
10,1833440.0,0.09924,0.10514,0.10957,1.71693
11,1833440.0,0.00688928,0.126371,0.167305
10,1833450.0,0.09924,0.105219,0.109727,1.71371
11,1833450.0,0.00639,0.127286,0.175301
10,1833450.0,0.09924,0.10514,0.109846,1.70498
11,1833450.0,0.00639,0.127057,0.178499
10,1833450.0,0.09924,0.105415,0.10957,1.70529
11,1833450.0,0.00658203,0.127286,0.168105
-1930424573.0,1833450.0,11.6875,128,34,0,0,0,1,3
-1930424829.0,1833450.0,0.570832,1.12083,1.25833,0
10,1833450.0,0.09924,0.10514,0.10957,1.71725
11,1833450.0,0.00639,0.128201,0.173302
10,1833450.0,0.09924,0.105219,0.10957,1.72613
11,1833450.0,0.00639,0.128658,0.174102
10,1833450.0,0.09924,0.10514,0.10957,1.72093
11,1833450.0,0.00669725,0.126599,0.162108
10,1833450.0,0.09924,0.10514,0.10957,1.70832
11,1833450.0,0.00639,0.128887,0.172902
10,1833450.0,0.09924,0.10514,0.10957,1.70378
11,1833450.0,0.00700449,0.127514,0.169304
10,1833450.0,0.09924,0.10514,0.10957,1.71034
11,1833450.0,0.00639,0.128658,0.178099
10,1833450.0,0.09924,0.10514,0.10957,1.71612
11,1833460.0,0.00681246,0.128201,0.168105
10,1833460.0,0.09924,0.10514,0.10957,1.70999
11,1833460.0,0.00639,0.127743,0.172503
10,1833460.0,0.09924,0.105769,0.10957,1.69838
11,1833460.0,0.00639,0.128887,0.165307
10,1833460.0,0.09924,0.105573,0.109649,1.69369
-1930424573.0,1833460.0,11.6875,131,34,0,0,0,1,1
-1930424829.0,1833460.0,0.570832,1.12083,1.25833,0
11,1833460.0,0.00673565,0.127972,0.170504
10,1833460.0,0.09924,0.10514,0.10957,1.69773
11,1833460.0,0.00639,0.127286,0.168505
10,1833460.0,0.09924,0.105258,0.10957,1.70172
11,1833460.0,0.00665884,0.128429,0.178099
12,1833460.0
10,1833460.0,0.09924,0.105179,0.109688,1.69641
11,1833460.0,0.00658203,0.128201,0.179698
10,1833460.0,0.09924,0.105455,0.10957,1.68717
11,1833460.0,0.00696609,0.127057,0.171303
10,1833460.0,0.09924,0.10514,0.10957,1.68321
11,1833460.0,0.00646681,0.126828,0.178099
10,1833460.0,0.09924,0.105612,0.10957,1.68907
11,1833460.0,0.00639,0.127514,0.180098
10,1833460.0,0.09924,0.105337,0.109806,1.69454
11,1833470.0,0.00658203,0.126142,0.1773
10,1833470.0,0.09924,0.10514,0.10957,1.69155
11,1833470.0,0.00639,0.127057,0.1765
10,1833470.0,0.09924,0.105337,0.110161,1.6843
11,1833470.0,0.0070429,0.127514,0.174901
10,1833470.0,0.09924,0.10514,0.109649,1.68061
11,1833470.0,0.00639,0.129115,0.174102
-1930424573.0,1833470.0,11.6875,126,34,0,0,0,1,1
-1930424829.0,1833470.0,0.502083,0.987498,1.10833,0
10,1833470.0,0.09924,0.10514,0.109846,1.68554
11,1833470.0,0.00654362,0.127057,0.180498
10,1833470.0,0.09924,0.10514,0.109767,1.69206
11,1833470.0,0.00639,0.128429,0.172902
10,1833470.0,0.09924,0.105415,0.109727,1.69284
11,1833470.0,0.00658203,0.127286,0.171703
10,1833470.0,0.09924,0.105297,0.10957,1.68989
11,1833470.0,0.00639,0.127972,0.178099
10,1833470.0,0.09924,0.10514,0.109727,1.68985
11,1833470.0,0.00642841,0.127057,0.181697
10,1833470.0,0.09924,0.10514,0.10957,1.69644
11,1833470.0,0.00639,0.127057,0.168505
10,1833470.0,0.09924,0.10514,0.10957,1.70153
11,1833470.0,0.00639,0.127743,0.171303
10,1833480.0,0.09924,0.10573,0.10957,1.70033
11,1833480.0,0.00639,0.128429,0.170903
10,1833480.0,0.09924,0.10514,0.10957,1.69699
11,1833480.0,0.00677406,0.126371,0.160909
10,1833480.0,0.09924,0.10514,0.10957,1.69776
-1930424573.0,1833480.0,11.6875,133,34,0,0,0,1,1
-1930424829.0,1833480.0,0.329166,0.647916,0.729166,0
11,1833480.0,0.00650522,0.127743,0.168905
10,1833480.0,0.09924,0.10514,0.10957,1.70498
11,1833480.0,0.00658203,0.127514,0.168505
10,1833480.0,0.09924,0.106517,0.10957,1.71131
11,1833480.0,0.00692768,0.127514,0.167705
10,1833480.0,0.09924,0.10514,0.10957,1.70844
11,1833480.0,0.00639,0.128429,0.171703
10,1833480.0,0.09924,0.10573,0.10957,1.70087
11,1833480.0,0.00639,0.128887,0.163708
10,1833480.0,0.09924,0.10514,0.10957,1.69664
11,1833480.0,0.00639,0.128658,0.165706
10,1833480.0,0.09924,0.10514,0.10957,1.69908
11,1833480.0,0.00639,0.127514,0.163308
10,1833480.0,0.09924,0.105258,0.10957,1.70335
11,1833480.0,0.00639,0.127972,0.169704
10,1833490.0,0.09924,0.10514,0.109688,1.70269
11,1833490.0,0.00639,0.127057,0.162108
10,1833490.0,0.09924,0.10514,0.10957,1.69524
11,1833490.0,0.00642841,0.127972,0.178099
10,1833490.0,0.09924,0.105769,0.10957,1.68985
-1930424573.0,1833490.0,11.6875,134,34,0,0,0,1,1
-1930424829.0,1833490.0,0.247916,0.489583,0.549999,0
11,1833490.0,0.00639,0.127972,0.165307
10,1833490.0,0.09924,0.10514,0.10957,1.68954
11,1833490.0,0.00639,0.127286,0.168105
10,1833490.0,0.09924,0.10514,0.10957,1.68934
11,1833490.0,0.00639,0.127743,0.170504
10,1833490.0,0.09924,0.105573,0.109609,1.685
11,1833490.0,0.00639,0.127972,0.174901
10,1833490.0,0.09924,0.105691,0.109964,1.67766
11,1833490.0,0.00654362,0.126142,0.179698
10,1833490.0,0.09924,0.10514,0.110003,1.67351
11,1833490.0,0.00650522,0.128201,0.181697
10,1833490.0,0.09924,0.105297,0.10957,1.67529
11,1833490.0,0.00639,0.128201,0.175701
10,1833490.0,0.09924,0.10514,0.10957,1.67731
11,1833500.0,0.00723493,0.127057,0.172902
10,1833500.0,0.09924,0.10514,0.109688,1.67273
11,1833500.0,0.00662043,0.128429,0.1773
10,1833500.0,0.09924,0.10514,0.10957,1.66536
11,1833500.0,0.00639,0.127743,0.174102
10,1833500.0,0.09924,0.105258,0.109767,1.66303
11,1833500.0,0.00692768,0.127057,0.174501
-1930424573.0,1833500.0,11.65,128,34,0,0,0,1,1
-1930424829.0,1833500.0,0.197916,0.391666,0.439583,0
10,1833500.0,0.09924,0.105219,0.109609,1.6666
11,1833500.0,0.00642841,0.127057,0.167705
10,1833500.0,0.09924,0.10514,0.10957,1.67114
11,1833500.0,0.00639,0.127972,0.171303
10,1833500.0,0.09924,0.105219,0.10957,1.6725
11,1833500.0,0.00639,0.127514,0.170903
10,1833500.0,0.09924,0.10514,0.10957,1.67029
11,1833500.0,0.00700449,0.126828,0.164107
10,1833500.0,0.09924,0.10514,0.10957,1.67029
11,1833500.0,0.00639,0.126599,0.163308
10,1833500.0,0.09924,0.10514,0.10957,1.67681
11,1833500.0,0.00639,0.128201,0.173302
10,1833500.0,0.09924,0.10514,0.10957,1.68364
11,1833510.0,0.00658203,0.127743,0.163308
10,1833510.0,0.09924,0.10514,0.10957,1.68426
11,1833510.0,0.00639,0.128887,0.174501
10,1833510.0,0.09924,0.10514,0.10957,1.68282
11,1833510.0,0.00639,0.127514,0.174501
10,1833510.0,0.09924,0.10514,0.10957,1.685
-1930424573.0,1833510.0,11.65,134,34,0,0,0,1,1
-1930424829.0,1833510.0,0.166666,0.327083,0.368749,0
11,1833510.0,0.00639,0.128429,0.163708
10,1833510.0,0.09924,0.10514,0.10957,1.69287
11,1833510.0,0.00639,0.127743,0.164107
10,1833510.0,0.09924,0.105376,0.10957,1.70005
11,1833510.0,0.00639,0.127972,0.163708
12,1833510.0
10,1833510.0,0.09924,0.10514,0.10957,1.69804
11,1833510.0,0.00639,0.128429,0.166906
10,1833510.0,0.09924,0.10514,0.10957,1.69268
11,1833510.0,0.00639,0.127286,0.168105
10,1833510.0,0.09924,0.10514,0.10957,1.6909
11,1833510.0,0.00639,0.126828,0.160509
10,1833510.0,0.09924,0.105337,0.109885,1.69629
11,1833510.0,0.00673565,0.127286,0.166506
10,1833510.0,0.09924,0.10514,0.109727,1.70184
11,1833520.0,0.00639,0.127514,0.168505
10,1833520.0,0.09924,0.105376,0.10957,1.69978
11,1833520.0,0.00639,0.127743,0.168505
10,1833520.0,0.09924,0.105219,0.10957,1.69109
11,1833520.0,0.00639,0.128201,0.172103
10,1833520.0,0.09924,0.10514,0.10957,1.68593
-1930424573.0,1833520.0,11.6562,134,34,0,0,0,1,1
-1930424829.0,1833520.0,0.139583,0.272916,0.308333,0
11,1833520.0,0.00646681,0.127286,0.169304
10,1833520.0,0.09924,0.105297,0.10957,1.68674
11,1833520.0,0.00639,0.127286,0.175701
10,1833520.0,0.09924,0.105415,0.10957,1.68771
11,1833520.0,0.00673565,0.128658,0.174102
10,1833520.0,0.09924,0.105297,0.109767,1.68333
11,1833520.0,0.00681246,0.126599,0.174102
10,1833520.0,0.09924,0.10514,0.10957,1.67386
11,1833520.0,0.00639,0.127972,0.1773
10,1833520.0,0.09924,0.105297,0.109767,1.66975
11,1833520.0,0.00688928,0.127743,0.175701
10,1833520.0,0.09924,0.105297,0.109609,1.67137
11,1833520.0,0.00639,0.126828,0.175301
10,1833520.0,0.09924,0.10514,0.10957,1.67332
11,1833530.0,0.00658203,0.128658,0.182497
10,1833530.0,0.09924,0.10514,0.10957,1.66889
11,1833530.0,0.00639,0.128201,0.178099
10,1833530.0,0.09924,0.10514,0.110082,1.66206
11,1833530.0,0.00685087,0.127743,0.175301
10,1833530.0,0.09924,0.105179,0.10957,1.65958
-1930424573.0,1833530.0,11.6562,130,34,0,0,0,1,1
-1930424829.0,1833530.0,0.125,0.247916,0.279166,0
11,1833530.0,0.00639,0.128201,0.167305
10,1833530.0,0.09924,0.105494,0.109649,1.66563
11,1833530.0,0.00639,0.128429,0.173702
10,1833530.0,0.09924,0.10514,0.109688,1.6732
11,1833530.0,0.00639,0.127057,0.168105
10,1833530.0,0.09924,0.10514,0.10957,1.6737
11,1833530.0,0.00639,0.127743,0.166906
10,1833530.0,0.09924,0.10514,0.10957,1.67033
11,1833530.0,0.00646681,0.128201,0.173302
10,1833530.0,0.09924,0.10514,0.10957,1.67215
11,1833530.0,0.00685087,0.127057,0.163308
10,1833530.0,0.09924,0.10514,0.10957,1.68046
11,1833530.0,0.00639,0.126599,0.168905
10,1833530.0,0.09924,0.10514,0.10957,1.6881
11,1833540.0,0.00639,0.128658,0.175301
10,1833540.0,0.09924,0.105219,0.109609,1.69074
11,1833540.0,0.00642841,0.128658,0.166906
10,1833540.0,0.09924,0.10514,0.10957,1.68888
11,1833540.0,0.00639,0.126371,0.161309
10,1833540.0,0.09924,0.10514,0.10957,1.69086
-1930424573.0,1833540.0,11.6562,137,34,0,0,0,1,1
-1930424829.0,1833540.0,0.108333,0.2125,0.239583,0
11,1833540.0,0.00639,0.128201,0.166106
10,1833540.0,0.09924,0.10514,0.10957,1.69967
11,1833540.0,0.00681246,0.126599,0.165706
10,1833540.0,0.09924,0.10514,0.109846,1.70607
11,1833540.0,0.00639,0.127972,0.169704
10,1833540.0,0.09924,0.105809,0.10957,1.70316
11,1833540.0,0.00639,0.127972,0.170903
10,1833540.0,0.09924,0.106005,0.10957,1.69571
11,1833540.0,0.00639,0.128887,0.166906
10,1833540.0,0.09924,0.105179,0.109806,1.69384
11,1833540.0,0.00639,0.128658,0.169704
10,1833540.0,0.09924,0.105809,0.10957,1.69994
11,1833540.0,0.00639,0.127972,0.171703
10,1833540.0,0.09924,0.105376,0.10957,1.7049
11,1833540.0,0.00639,0.128201,0.171703
10,1833550.0,0.09924,0.105494,0.109727,1.69978
11,1833550.0,0.00639,0.127972,0.1769
10,1833550.0,0.09924,0.105494,0.10957,1.68903
11,1833550.0,0.00639,0.128429,0.1769
10,1833550.0,0.09924,0.10514,0.109767,1.68255
-1930424573.0,1833550.0,11.6562,136,34,0,0,0,1,1
-1930424829.0,1833550.0,0.0979165,0.19375,0.21875,0
11,1833550.0,0.00639,0.126371,0.174102
10,1833550.0,0.09924,0.105219,0.109806,1.68309
11,1833550.0,0.00639,0.127286,0.172902
10,1833550.0,0.09924,0.106517,0.109649,1.6841
11,1833550.0,0.00639,0.128201,0.171703
10,1833550.0,0.09924,0.10514,0.10957,1.67855
11,1833550.0,0.00642841,0.128201,0.179698
10,1833550.0,0.09924,0.10514,0.10957,1.66982
11,1833550.0,0.00673565,0.126371,0.1777
10,1833550.0,0.09924,0.10514,0.109806,1.66536
11,1833550.0,0.00639,0.127743,0.185295
10,1833550.0,0.09924,0.105455,0.10957,1.66812
11,1833550.0,0.0070813,0.126828,0.170903
10,1833550.0,0.09924,0.106517,0.109688,1.67126
11,1833550.0,0.00639,0.128429,0.173302
10,1833560.0,0.09924,0.10514,0.109885,1.66738
11,1833560.0,0.00681246,0.128201,0.182897
10,1833560.0,0.09924,0.10514,0.109727,1.66198
11,1833560.0,0.00688928,0.127286,0.172902
10,1833560.0,0.09924,0.10514,0.10957,1.6621
-1930424573.0,1833560.0,11.6916,132,34,0,0,0,1,1
-1930424829.0,1833560.0,0.0895832,0.177083,0.2,0
11,1833560.0,0.00639,0.127743,0.179698
10,1833560.0,0.09924,0.105297,0.109649,1.67009
11,1833560.0,0.00696609,0.126371,0.164507
10,1833560.0,0.09924,0.10514,0.10957,1.67844
11,1833560.0,0.00639,0.127286,0.171303
12,1833560.0
10,1833560.0,0.09924,0.105179,0.10957,1.68018
11,1833560.0,0.00677406,0.128201,0.169704
10,1833560.0,0.09924,0.105179,0.10957,1.67626
11,1833560.0,0.00662043,0.128887,0.169704
10,1833560.0,0.09924,0.10514,0.10957,1.67723
11,1833560.0,0.00639,0.127743,0.174901
10,1833560.0,0.09924,0.10514,0.10957,1.68593
11,1833560.0,0.00639,0.127972,0.162508
10,1833560.0,0.09924,0.10514,0.10957,1.69408
11,1833570.0,0.00639,0.128429,0.170903
10,1833570.0,0.09924,0.10514,0.10957,1.6959
11,1833570.0,0.00639,0.128887,0.166106
10,1833570.0,0.09924,0.10514,0.109649,1.69361
11,1833570.0,0.00692768,0.127514,0.168505
10,1833570.0,0.09924,0.105179,0.10957,1.69431
-1930424573.0,1833570.0,11.6916,137,34,0,0,0,1,1
-1930424829.0,1833570.0,0.0749999,0.15,0.16875,0
11,1833570.0,0.00639,0.128201,0.164107
10,1833570.0,0.09924,0.105455,0.10957,1.70091
11,1833570.0,0.00639,0.129115,0.166506
10,1833570.0,0.09924,0.105376,0.10957,1.70692
11,1833570.0,0.00639,0.128887,0.165706
10,1833570.0,0.09924,0.105297,0.10957,1.70304
11,1833570.0,0.00639,0.128429,0.167305
10,1833570.0,0.09924,0.10514,0.109609,1.69559
11,1833570.0,0.00639,0.127514,0.168105
10,1833570.0,0.09924,0.10514,0.10957,1.69377
11,1833570.0,0.00677406,0.127514,0.164107
10,1833570.0,0.09924,0.10514,0.109767,1.69889
11,1833570.0,0.00658203,0.127972,0.176101
10,1833570.0,0.09924,0.10514,0.109649,1.70269
11,1833570.0,0.00700449,0.126828,0.169304
10,1833580.0,0.09924,0.105691,0.109688,1.69563
11,1833580.0,0.00639,0.128201,0.172503
10,1833580.0,0.09924,0.10514,0.10957,1.68414
11,1833580.0,0.00639,0.127514,0.1773
10,1833580.0,0.09924,0.10514,0.109688,1.67828
-1930424573.0,1833580.0,11.6437,134,34,0,0,0,1,1
-1930424829.0,1833580.0,0.0749999,0.15,0.16875,0
11,1833580.0,0.00688928,0.127286,0.175301
10,1833580.0,0.09924,0.105651,0.10957,1.67949
11,1833580.0,0.00639,0.128658,0.178099
10,1833580.0,0.09924,0.105651,0.10957,1.68247
11,1833580.0,0.00639,0.127743,0.170504
10,1833580.0,0.09924,0.105612,0.109846,1.6777
11,1833580.0,0.00639,0.127972,0.171703
10,1833580.0,0.09924,0.10514,0.10957,1.66819
11,1833580.0,0.00639,0.127972,0.178899
10,1833580.0,0.09924,0.105533,0.10957,1.66447
11,1833580.0,0.00639,0.126599,0.169704
10,1833580.0,0.09924,0.10514,0.10957,1.66742
11,1833580.0,0.00639,0.128658,0.179299
10,1833590.0,0.09924,0.10514,0.109885,1.67153
11,1833590.0,0.00696609,0.127057,0.170504
10,1833590.0,0.09924,0.105258,0.10957,1.66885
11,1833590.0,0.00639,0.128201,0.173702
10,1833590.0,0.09924,0.10514,0.10957,1.66369
11,1833590.0,0.00662043,0.127743,0.175301
10,1833590.0,0.09924,0.10514,0.10957,1.66501
-1930424573.0,1833590.0,11.6437,131,35,0,0,0,1,0
-1930424829.0,1833590.0,0.0666666,0.133333,0.15,0
11,1835160.0,0.0070429,0.126828,0.174102
10,1835160.0,0.09924,0.10514,0.10957,1.66905
11,1835160.0,0.00639,0.128201,0.168905
10,1835160.0,0.09924,0.10514,0.10957,1.67409
11,1835160.0,0.00639,0.128887,0.170903
12,1835160.0
10,1835160.0,0.09924,0.10514,0.10957,1.68306
11,1835160.0,0.00639,0.128201,0.170504
10,1835160.0,0.09924,0.10514,0.109609,1.69214
11,1835160.0,0.00639,0.127743,0.171703
10,1835160.0,0.09924,0.105179,0.109609,1.69967
11,1835160.0,0.00639,0.128201,0.166506
10,1835160.0,0.09924,0.10514,0.10957,1.70549
11,1835160.0,0.0070813,0.126371,0.168105
10,1835160.0,0.09924,0.105415,0.109846,1.70681
11,1835170.0,0.00658203,0.127514,0.166506
10,1835170.0,0.09924,0.105455,0.10957,1.70382
11,1835170.0,0.00639,0.129115,0.164507
10,1835170.0,0.09924,0.10514,0.10957,1.69932
11,1835170.0,0.00639,0.127286,0.173702
-1930424573.0,1835170.0,11.6687,136,34,0,0,0,2,1
-1930424829.0,1835170.0,0,0,0,0
10,1835170.0,0.09924,0.10514,0.109767,1.69326
11,1835170.0,0.00642841,0.127514,0.168105
10,1835170.0,0.09924,0.105337,0.10957,1.68725
11,1835170.0,0.00639,0.128429,0.167305
10,1835170.0,0.09924,0.10514,0.109846,1.68115
11,1835170.0,0.00700449,0.126371,0.167305
10,1835170.0,0.09924,0.105494,0.10957,1.67549
11,1835170.0,0.00642841,0.126371,0.163308
10,1835170.0,0.09924,0.10514,0.109688,1.6711
11,1835170.0,0.00639,0.127057,0.163708
10,1835170.0,0.09924,0.10514,0.10957,1.66971
11,1835170.0,0.00639,0.128201,0.174901
10,1835170.0,0.09924,0.10514,0.109609,1.67335
11,1835170.0,0.00639,0.128201,0.172103
10,1835170.0,0.09924,0.106045,0.109649,1.68053
11,1835180.0,0.00639,0.128658,0.167705
10,1835180.0,0.09924,0.10514,0.10957,1.68818
11,1835180.0,0.00639,0.128429,0.175301
10,1835180.0,0.09924,0.10514,0.109609,1.69672
11,1835180.0,0.00665884,0.127743,0.180098
-1930424573.0,1835180.0,11.675,133,34,0,0,0,2,1
-1930424829.0,1835180.0,0,0,0,0
10,1835180.0,0.09924,0.105415,0.109649,1.70215
11,1835180.0,0.00673565,0.127972,0.172503
10,1835180.0,0.09924,0.10514,0.109806,1.70456
11,1835180.0,0.00639,0.128429,0.178499
10,1835180.0,0.09924,0.105219,0.110003,1.70324
11,1835180.0,0.00688928,0.127057,0.172503
10,1835180.0,0.09924,0.106163,0.10957,1.69773
11,1835180.0,0.00639,0.128429,0.1765
10,1835180.0,0.09924,0.10514,0.109609,1.68958
11,1835180.0,0.00650522,0.128201,0.182097
10,1835180.0,0.09924,0.105455,0.10957,1.68294
11,1835180.0,0.00639,0.126599,0.174102
10,1835180.0,0.09924,0.10514,0.10957,1.67692
11,1835180.0,0.00639,0.127514,0.172503
10,1835180.0,0.09924,0.105533,0.10957,1.67196
11,1835190.0,0.00719652,0.127743,0.169704
10,1835190.0,0.09924,0.10514,0.10957,1.668
11,1835190.0,0.00639,0.127972,0.174501
10,1835190.0,0.09924,0.105297,0.10957,1.66617
11,1835190.0,0.00654362,0.128429,0.1769
-1930424573.0,1835190.0,11.675,133,34,0,0,0,2,1
-1930424829.0,1835190.0,0,0,0,0
10,1835190.0,0.09924,0.105848,0.10957,1.66866
11,1835190.0,0.00639,0.127743,0.171303
10,1835190.0,0.09924,0.10514,0.10957,1.67592
11,1835190.0,0.00639,0.128658,0.174501
10,1835190.0,0.09924,0.10514,0.10957,1.68864
11,1835190.0,0.00639,0.128201,0.174102
10,1835190.0,0.09924,0.10514,0.10957,1.69978
11,1835190.0,0.00639,0.128201,0.175701
10,1835190.0,0.09924,0.105337,0.109688,1.70731
11,1835190.0,0.00639,0.127286,0.164907
10,1835190.0,0.09924,0.10514,0.10957,1.70754
11,1835190.0,0.00639,0.129344,0.167705
10,1835190.0,0.09924,0.10514,0.10957,1.70463
11,1835190.0,0.00662043,0.127743,0.178099
10,1835190.0,0.09924,0.10514,0.10957,1.70056
11,1835200.0,0.00639,0.127972,0.172503
10,1835200.0,0.09924,0.10514,0.10957,1.69485
11,1835200.0,0.00639,0.128201,0.161309
10,1835200.0,0.09924,0.105376,0.10957,1.68787
11,1835200.0,0.00692768,0.127057,0.169304
10,1835200.0,0.09924,0.10514,0.10957,1.6798
11,1835200.0,0.00665884,0.126371,0.162908
-1930424573.0,1835200.0,11.675,138,34,0,0,0,2,1
-1930424829.0,1835200.0,0,0,0,0
10,1835200.0,0.09924,0.10514,0.10957,1.67262
11,1835200.0,0.00646681,0.127972,0.171303
10,1835200.0,0.09924,0.10514,0.10957,1.66951
11,1835200.0,0.00642841,0.128429,0.172902
10,1835200.0,0.09924,0.105376,0.10957,1.66889
11,1835200.0,0.00639,0.128658,0.170504
10,1835200.0,0.09924,0.105179,0.10957,1.66893
11,1835200.0,0.00639,0.127286,0.168505
10,1835200.0,0.09924,0.105297,0.10957,1.67269
11,1835200.0,0.00639,0.127743,0.167705
10,1835200.0,0.09924,0.10514,0.10957,1.68096
11,1835200.0,0.00639,0.127972,0.1773
10,1835200.0,0.09924,0.105691,0.109609,1.69427
11,1835200.0,0.00639,0.128429,0.170104
10,1835210.0,0.09924,0.105455,0.109846,1.70514
11,1835210.0,0.00639,0.126828,0.173702
10,1835210.0,0.09924,0.10514,0.10957,1.70906
11,1835210.0,0.00639,0.127514,0.174901
-1930424573.0,1835210.0,11.675,135,34,0,0,0,2,1
-1930424829.0,1835210.0,0,0,0,0
10,1835210.0,0.09924,0.10514,0.109767,1.70766
11,1835210.0,0.00639,0.128658,0.182897
10,1835210.0,0.09924,0.10514,0.109609,1.70118
11,1835210.0,0.00639,0.127514,0.1777
10,1835210.0,0.09924,0.10514,0.109688,1.69384
11,1835210.0,0.00654362,0.125913,0.174102
12,1835210.0
10,1835210.0,0.09924,0.10514,0.109767,1.68577
11,1835210.0,0.00669725,0.127743,0.183696
10,1835210.0,0.09924,0.105494,0.10957,1.67817
11,1835210.0,0.00639,0.128887,0.173702
10,1835210.0,0.09924,0.10514,0.109806,1.67134
11,1835210.0,0.00639,0.128429,0.180098
10,1835210.0,0.09924,0.105337,0.10957,1.66513
11,1835210.0,0.00639,0.127972,0.173302
10,1835210.0,0.09924,0.105887,0.10957,1.66237
11,1835220.0,0.00639,0.128429,0.170903
10,1835220.0,0.09924,0.10514,0.10957,1.66226
11,1835220.0,0.00639,0.128429,0.1769
10,1835220.0,0.09924,0.105258,0.109806,1.66711
11,1835220.0,0.00639,0.127972,0.171303
10,1835220.0,0.09924,0.10514,0.10957,1.67487
-1930424573.0,1835220.0,11.65,134,34,0,0,0,2,1
-1930424829.0,1835220.0,0,0,0,0
11,1835220.0,0.00639,0.128658,0.168505
10,1835220.0,0.09924,0.10514,0.109846,1.68678
11,1835220.0,0.00658203,0.126371,0.170104
10,1835220.0,0.09924,0.10514,0.10957,1.69796
11,1835220.0,0.00639,0.127743,0.174102
10,1835220.0,0.09924,0.105219,0.10957,1.70719
11,1835220.0,0.00639,0.127972,0.171703
10,1835220.0,0.09924,0.105179,0.10957,1.71111
11,1835220.0,0.0070429,0.127743,0.15971
10,1835220.0,0.09924,0.10514,0.109609,1.70813
11,1835220.0,0.00650522,0.127057,0.165307
10,1835220.0,0.09924,0.10514,0.10957,1.69978
11,1835220.0,0.00677406,0.127514,0.168905
10,1835220.0,0.09924,0.105337,0.10957,1.69144
11,1835230.0,0.00681246,0.128201,0.165307
10,1835230.0,0.09924,0.10514,0.10957,1.68507
11,1835230.0,0.00731174,0.126371,0.162908
10,1835230.0,0.09924,0.105258,0.10957,1.67987
11,1835230.0,0.00673565,0.127972,0.171703
10,1835230.0,0.09924,0.10514,0.10957,1.67343
-1930424573.0,1835230.0,11.65,138,34,0,0,0,2,1
-1930424829.0,1835230.0,0,0,0,0
11,1835230.0,0.00639,0.128201,0.166906
10,1835230.0,0.09924,0.10573,0.10957,1.66703
11,1835230.0,0.00639,0.128429,0.162908
10,1835230.0,0.09924,0.10514,0.109609,1.6642
11,1835230.0,0.00639,0.126599,0.165706
10,1835230.0,0.09924,0.105337,0.10957,1.66532
11,1835230.0,0.00639,0.127972,0.164507
10,1835230.0,0.09924,0.105258,0.109649,1.67215
11,1835230.0,0.00639,0.127514,0.172902
10,1835230.0,0.09924,0.105573,0.109609,1.68065
11,1835230.0,0.00688928,0.127057,0.172103
10,1835230.0,0.09924,0.105179,0.10957,1.69062
11,1835230.0,0.00639,0.128201,0.179299
10,1835230.0,0.09924,0.10514,0.109767,1.70005
11,1835240.0,0.00639,0.127972,0.175301
10,1835240.0,0.09924,0.105376,0.109806,1.7065
11,1835240.0,0.00669725,0.126828,0.170104
10,1835240.0,0.09924,0.10514,0.10957,1.70417
11,1835240.0,0.00639,0.127743,0.170903
10,1835240.0,0.09924,0.10514,0.110161,1.68973
-1930424573.0,1835240.0,11.6541,132,34,0,0,0,2,1
-1930424829.0,1835240.0,0,0,0,0
11,1835240.0,0.00665884,0.128201,0.185695
10,1835240.0,0.09924,0.10514,0.109767,1.66703
11,1835240.0,0.00654362,0.127057,0.171703
10,1835240.0,0.09924,0.10514,0.10957,1.64363
11,1835240.0,0.00639,0.128429,0.178099
10,1835240.0,0.09924,0.10514,0.109767,1.62422
11,1835240.0,0.00639,0.128887,0.171703
10,1835240.0,0.09924,0.10514,0.10957,1.60466
11,1835240.0,0.00696609,0.126828,0.172503
10,1835240.0,0.09924,0.10514,0.10957,1.57987
11,1835240.0,0.00639,0.128201,0.1777
10,1835240.0,0.09924,0.105258,0.10957,1.55647
11,1835240.0,0.00639,0.127743,0.170903
10,1835240.0,0.09924,0.105376,0.10957,1.5366
11,1835250.0,0.00639,0.127743,0.172902
10,1835250.0,0.09924,0.10514,0.10957,1.52138
11,1835250.0,0.00642841,0.128429,0.1765
10,1835250.0,0.09924,0.10514,0.109924,1.51331
11,1835250.0,0.00700449,0.127286,0.166106
10,1835250.0,0.09924,0.105769,0.10957,1.5038
-1930424573.0,1835250.0,11.6541,133,34,0,0,0,2,1
-1930424829.0,1835250.0,0,0,0,0
11,1835250.0,0.00639,0.128429,0.172503
10,1835250.0,0.09924,0.10514,0.10957,1.4917
11,1835250.0,0.00639,0.128201,0.172902
10,1835250.0,0.09924,0.105219,0.10957,1.47854
11,1835250.0,0.00669725,0.126371,0.164507
10,1835250.0,0.09924,0.105455,0.10957,1.46946
11,1835250.0,0.00639,0.128201,0.171703
10,1835250.0,0.09924,0.10514,0.10957,1.46372
11,1835250.0,0.00639,0.129344,0.166906
10,1835250.0,0.09924,0.10514,0.109806,1.46011
11,1835250.0,0.00696609,0.127514,0.15891
10,1835250.0,0.09924,0.10514,0.10957,1.45398
11,1835250.0,0.00650522,0.127972,0.170903
10,1835250.0,0.09924,0.105179,0.109727,1.44718
11,1835250.0,0.00639,0.127057,0.171703
10,1835260.0,0.09924,0.10514,0.10957,1.44039
11,1835260.0,0.00639,0.128201,0.169704
10,1835260.0,0.09924,0.10514,0.10957,1.43407
11,1835260.0,0.00639,0.127514,0.167705
10,1835260.0,0.09924,0.106005,0.109806,1.4291
-1930424573.0,1835260.0,11.6875,136,34,0,0,0,2,1
-1930424829.0,1835260.0,0,0,0,0
11,1835260.0,0.00639,0.127514,0.161309
10,1835260.0,0.09924,0.10514,0.10957,1.42328
11,1835260.0,0.00639,0.128658,0.174901
10,1835260.0,0.09924,0.105455,0.109727,1.41769
11,1835260.0,0.00639,0.128658,0.170104
12,1835260.0
10,1835260.0,0.09924,0.105691,0.10957,1.41133
11,1835260.0,0.00639,0.128658,0.166506
10,1835260.0,0.09924,0.105376,0.109885,1.40659
11,1835260.0,0.00685087,0.127743,0.175301
10,1835260.0,0.09924,0.105337,0.10957,1.4012
11,1835260.0,0.00639,0.128201,0.1769
10,1835260.0,0.09924,0.105219,0.109727,1.3972
11,1835260.0,0.00646681,0.127514,0.170104
10,1835260.0,0.09924,0.10514,0.10957,1.39258
11,1835270.0,0.00654362,0.128201,0.182497
10,1835270.0,0.09924,0.105455,0.10957,1.38932
11,1835270.0,0.00639,0.128658,0.1773
10,1835270.0,0.09924,0.10514,0.10957,1.38552
11,1835270.0,0.00639,0.127057,0.170104
10,1835270.0,0.09924,0.10573,0.109688,1.38094
-1930424573.0,1835270.0,11.6875,131,34,0,0,0,2,1
-1930424829.0,1835270.0,0,0,0,0
11,1835270.0,0.00639,0.127972,0.179698
10,1835270.0,0.09924,0.10514,0.10957,1.3778
11,1835270.0,0.00639,0.127972,0.1773
10,1835270.0,0.09924,0.105376,0.10957,1.37686
11,1835270.0,0.00639,0.128887,0.173302
10,1835270.0,0.09924,0.10514,0.109688,1.37993
11,1835270.0,0.0070813,0.126599,0.169704
10,1835270.0,0.09924,0.10514,0.10957,1.38156
11,1835270.0,0.00639,0.128658,0.173702
10,1835270.0,0.09924,0.105415,0.10957,1.38218
11,1835270.0,0.00639,0.127972,0.173302
10,1835270.0,0.09924,0.10514,0.109767,1.38106
11,1835270.0,0.00639,0.127057,0.165307
10,1835270.0,0.09924,0.10514,0.10957,1.38335
11,1835280.0,0.00654362,0.127057,0.169304
10,1835280.0,0.09924,0.106202,0.10957,1.38959
11,1835280.0,0.00639,0.128429,0.165706
10,1835280.0,0.09924,0.10514,0.10957,1.39708
11,1835280.0,0.00639,0.126599,0.163708
10,1835280.0,0.09924,0.10514,0.10957,1.40201
-1930424573.0,1835280.0,11.6875,137,34,0,0,0,2,1
-1930424829.0,1835280.0,0,0,0,0
11,1835280.0,0.00639,0.127743,0.160909
10,1835280.0,0.09924,0.10514,0.10957,1.40535
11,1835280.0,0.00650522,0.128201,0.166906
10,1835280.0,0.09924,0.10514,0.10957,1.41296
11,1835280.0,0.00646681,0.128658,0.167705
10,1835280.0,0.09924,0.10514,0.10957,1.42537
11,1835280.0,0.00639,0.127057,0.166506
10,1835280.0,0.09924,0.105376,0.10957,1.43744
11,1835280.0,0.00639,0.127972,0.169704
10,1835280.0,0.09924,0.105179,0.10957,1.44691
11,1835280.0,0.00639,0.128201,0.166906
10,1835280.0,0.09924,0.10514,0.10957,1.45619
11,1835280.0,0.00639,0.127972,0.170104
10,1835280.0,0.09924,0.105612,0.10957,1.47047
11,1835290.0,0.00639,0.128658,0.171703
10,1835290.0,0.09924,0.10514,0.10957,1.49092
11,1835290.0,0.00642841,0.126599,0.168105
10,1835290.0,0.09924,0.10514,0.10957,1.50889
11,1835290.0,0.00639,0.127743,0.167705
10,1835290.0,0.09924,0.105297,0.10957,1.52239
-1930424573.0,1835290.0,11.6875,138,35,0,0,0,2,1
-1930424829.0,1835290.0,0,0,0,0
11,1835290.0,0.00639,0.127743,0.164907
10,1835290.0,0.09924,0.10514,0.109688,1.53473
11,1835290.0,0.00639,0.127743,0.171703
10,1835290.0,0.09924,0.105455,0.10957,1.55305
11,1835290.0,0.00650522,0.127743,0.170104
10,1835290.0,0.09924,0.10514,0.109609,1.57618
11,1835290.0,0.00665884,0.127972,0.175301
10,1835290.0,0.09924,0.10514,0.10957,1.59461
11,1835290.0,0.00639,0.128201,0.172902
10,1835290.0,0.09924,0.10514,0.10957,1.60684
11,1835290.0,0.0070429,0.126828,0.176101
10,1835290.0,0.09924,0.105297,0.10957,1.61588
11,1835290.0,0.00639,0.127743,0.1777
10,1835290.0,0.09924,0.105809,0.10957,1.62989
11,1835300.0,0.00639,0.128658,0.180498
10,1835300.0,0.09924,0.105612,0.109885,1.64452
11,1835300.0,0.00639,0.127743,0.175301
10,1835300.0,0.09924,0.10514,0.10957,1.65135
11,1835300.0,0.00646681,0.128201,0.1777
10,1835300.0,0.09924,0.10514,0.10957,1.64957
11,1835300.0,0.00639,0.127972,0.173702
-1930424573.0,1835300.0,11.6458,133,35,0,0,0,2,1
-1930424829.0,1835300.0,0,0,0,0
10,1835300.0,0.09924,0.105769,0.10957,1.64693
11,1835300.0,0.00669725,0.127972,0.170504
10,1835300.0,0.09924,0.10514,0.10957,1.64991
11,1835300.0,0.00639,0.127286,0.171703
10,1835300.0,0.09924,0.10514,0.10957,1.65671
11,1835300.0,0.00677406,0.126599,0.170504
10,1835300.0,0.09924,0.10514,0.10957,1.65605
11,1835300.0,0.00639,0.127514,0.176101
10,1835300.0,0.09924,0.10514,0.10957,1.64805
11,1835300.0,0.00639,0.127972,0.171303
10,1835300.0,0.09924,0.10514,0.10957,1.64239
11,1835300.0,0.00639,0.127972,0.165706
10,1835300.0,0.09924,0.10514,0.10957,1.64394
11,1835310.0,0.00639,0.127972,0.170903
10,1835310.0,0.09924,0.10514,0.10957,1.65092
11,1835310.0,0.00688928,0.127057,0.164907
10,1835310.0,0.09924,0.105927,0.10957,1.65325
11,1835310.0,0.00639,0.128658,0.166106
10,1835310.0,0.09924,0.10514,0.10957,1.65352
-1930424573.0,1835310.0,11.6458,138,35,0,0,0,2,1
-1930424829.0,1835310.0,0,0,0,0
11,1835310.0,0.00639,0.127972,0.166506
10,1835310.0,0.09924,0.10514,0.10957,1.65787
11,1835310.0,0.0070429,0.126599,0.165307
10,1835310.0,0.09924,0.105769,0.10957,1.66928
11,1835310.0,0.00646681,0.127057,0.164907
12,1835310.0
10,1835310.0,0.09924,0.10632,0.10957,1.67937
11,1835310.0,0.00658203,0.127972,0.168105
10,1835310.0,0.09924,0.105573,0.109846,1.67968
11,1835310.0,0.00639,0.126599,0.166106
10,1835310.0,0.09924,0.10514,0.10957,1.67708
11,1835310.0,0.00639,0.127286,0.162108
10,1835310.0,0.09924,0.10514,0.109609,1.68247
11,1835310.0,0.00639,0.126828,0.164907
10,1835310.0,0.09924,0.10514,0.10957,1.69555
11,1835320.0,0.00650522,0.128429,0.166906
10,1835320.0,0.09924,0.105612,0.10957,1.70327
11,1835320.0,0.00650522,0.126599,0.169304
10,1835320.0,0.09924,0.105376,0.10957,1.6954
11,1835320.0,0.00642841,0.126599,0.167705
10,1835320.0,0.09924,0.105258,0.109806,1.68259
-1930424573.0,1835320.0,11.6646,136,35,0,0,0,2,1
-1930424829.0,1835320.0,0,0,0,0
11,1835320.0,0.00673565,0.126828,0.172103
10,1835320.0,0.09924,0.10514,0.10957,1.67723
11,1835320.0,0.00658203,0.127743,0.168905
10,1835320.0,0.09924,0.105809,0.10957,1.68356
11,1835320.0,0.00639,0.128201,0.174901
10,1835320.0,0.09924,0.10514,0.10957,1.68663
11,1835320.0,0.00639,0.127972,0.179698
10,1835320.0,0.09924,0.10514,0.10957,1.6751
11,1835320.0,0.00669725,0.126828,0.171303
10,1835320.0,0.09924,0.105651,0.109727,1.66101
11,1835320.0,0.00639,0.128201,0.178099
10,1835320.0,0.09924,0.105415,0.109806,1.6562
11,1835320.0,0.00639,0.127972,0.180898
10,1835320.0,0.09924,0.105376,0.10957,1.66474
11,1835330.0,0.00642841,0.127286,0.175301
10,1835330.0,0.09924,0.10514,0.109767,1.66998
11,1835330.0,0.00639,0.127972,0.174901
10,1835330.0,0.09924,0.105494,0.10957,1.66105
11,1835330.0,0.00642841,0.127743,0.172503
10,1835330.0,0.09924,0.105573,0.10957,1.64976
-1930424573.0,1835330.0,11.6646,131,35,0,0,0,2,1
-1930424829.0,1835330.0,0,0,0,0
11,1835330.0,0.00639,0.128658,0.174102
10,1835330.0,0.09924,0.10514,0.10957,1.65003
11,1835330.0,0.00639,0.128658,0.172902
10,1835330.0,0.09924,0.10514,0.109727,1.6659
11,1835330.0,0.00685087,0.127743,0.1769
10,1835330.0,0.09924,0.10514,0.10957,1.6789
11,1835330.0,0.00639,0.128658,0.179698
10,1835330.0,0.09924,0.10514,0.10957,1.67502
11,1835330.0,0.00639,0.127057,0.170104
10,1835330.0,0.09924,0.10514,0.10957,1.66369
11,1835330.0,0.00639,0.127514,0.172902
10,1835330.0,0.09924,0.105691,0.10957,1.66055
11,1835330.0,0.00639,0.128201,0.170504
10,1835330.0,0.09924,0.10514,0.109806,1.67584
11,1835340.0,0.00642841,0.128429,0.164507
10,1835340.0,0.09924,0.10514,0.109649,1.69082
11,1835340.0,0.00639,0.127743,0.171703
10,1835340.0,0.09924,0.105258,0.10957,1.68973
11,1835340.0,0.00642841,0.127514,0.162908
10,1835340.0,0.09924,0.106084,0.10957,1.67588
-1930424573.0,1835340.0,11.6646,136,35,0,0,0,2,1
-1930424829.0,1835340.0,0,0,0,0
11,1835340.0,0.00639,0.127972,0.162508
10,1835340.0,0.09924,0.10514,0.10957,1.66951
11,1835340.0,0.00639,0.128201,0.171303
10,1835340.0,0.09924,0.105376,0.109649,1.67991
11,1835340.0,0.00639,0.127743,0.161309
10,1835340.0,0.09924,0.10514,0.109609,1.69117
11,1835340.0,0.00650522,0.128201,0.168105
10,1835340.0,0.09924,0.105573,0.10957,1.68589
11,1835340.0,0.00639,0.127514,0.168105
10,1835340.0,0.09924,0.105258,0.109767,1.66928
11,1835340.0,0.00639,0.127514,0.165706
10,1835340.0,0.09924,0.10514,0.10957,1.65954
11,1835340.0,0.00639,0.127057,0.173702
10,1835340.0,0.09924,0.105376,0.10957,1.66617
11,1835350.0,0.00639,0.127743,0.166506
10,1835350.0,0.09924,0.105612,0.109885,1.67646
11,1835350.0,0.00639,0.128429,0.171703
10,1835350.0,0.09924,0.10514,0.109609,1.67095
11,1835350.0,0.00639,0.127972,0.173702
10,1835350.0,0.09924,0.105809,0.10957,1.65325
-1930424573.0,1835350.0,11.6646,134,35,0,0,0,2,1
-1930424829.0,1835350.0,0,0,0,0
11,1835350.0,0.00639,0.128429,0.170903
10,1835350.0,0.09924,0.105337,0.109649,1.64192
11,1835350.0,0.00639,0.127286,0.1765
10,1835350.0,0.09924,0.105337,0.109885,1.64755
11,1835350.0,0.00662043,0.126599,0.172902
10,1835350.0,0.09924,0.105297,0.10957,1.65884
11,1835350.0,0.00639,0.127743,0.179698
10,1835350.0,0.09924,0.105258,0.109727,1.65744
11,1835350.0,0.00639,0.127743,0.173702
10,1835350.0,0.09924,0.105769,0.10957,1.64565
11,1835350.0,0.00639,0.127743,0.1777
10,1835350.0,0.09924,0.10514,0.109649,1.63761
11,1835350.0,0.00639,0.128658,0.1769
10,1835350.0,0.09924,0.105494,0.109609,1.64417
11,1835360.0,0.00658203,0.128201,0.170104
10,1835360.0,0.09924,0.10514,0.10957,1.65632
11,1835360.0,0.00639,0.128658,0.173302
10,1835360.0,0.09924,0.10514,0.10957,1.65709
11,1835360.0,0.00639,0.128201,0.1769
10,1835360.0,0.09924,0.10514,0.10957,1.64922
-1930424573.0,1835360.0,11.6666,131,35,0,0,0,2,1
-1930424829.0,1835360.0,0,0,0,0
11,1835360.0,0.00639,0.128201,0.173302
10,1835360.0,0.09924,0.105219,0.10957,1.64801
11,1835360.0,0.00639,0.126599,0.170104
10,1835360.0,0.09924,0.10514,0.10957,1.65931
11,1835360.0,0.00639,0.128201,0.165706
12,1835360.0
10,1835360.0,0.09924,0.10514,0.10957,1.67502
11,1835360.0,0.00639,0.127972,0.165706
10,1835360.0,0.09924,0.10514,0.109609,1.67568
11,1835360.0,0.00639,0.127057,0.165307
10,1835360.0,0.09924,0.10514,0.10957,1.66536
11,1835360.0,0.00639,0.127514,0.172902
10,1835360.0,0.09924,0.105376,0.10957,1.66097
11,1835360.0,0.00639,0.128201,0.166506
10,1835360.0,0.09924,0.105179,0.109688,1.67235
11,1835370.0,0.00646681,0.126599,0.164507
10,1835370.0,0.09924,0.10573,0.109609,1.68694
11,1835370.0,0.00639,0.127743,0.165706
10,1835370.0,0.09924,0.10514,0.10957,1.68597
11,1835370.0,0.00642841,0.127286,0.164107
10,1835370.0,0.09924,0.105219,0.10957,1.67285
-1930424573.0,1835370.0,11.6666,138,35,0,0,0,2,1
-1930424829.0,1835370.0,0,0,0,0
11,1835370.0,0.00681246,0.128429,0.168505
10,1835370.0,0.09924,0.10514,0.10957,1.66451
11,1835370.0,0.00639,0.128201,0.162108
10,1835370.0,0.09924,0.105297,0.10957,1.67145
11,1835370.0,0.00639,0.127514,0.163708
10,1835370.0,0.09924,0.10514,0.10957,1.68364
11,1835370.0,0.00646681,0.127743,0.170903
10,1835370.0,0.09924,0.10514,0.109649,1.68201
11,1835370.0,0.00639,0.128429,0.168105
10,1835370.0,0.09924,0.10514,0.109767,1.66885
11,1835370.0,0.00658203,0.127286,0.166906
10,1835370.0,0.09924,0.10514,0.10957,1.66109
11,1835370.0,0.00658203,0.127972,0.173302
10,1835370.0,0.09924,0.105651,0.10957,1.66792
11,1835380.0,0.00639,0.127286,0.166106
10,1835380.0,0.09924,0.105887,0.109609,1.67952
11,1835380.0,0.00639,0.128201,0.169704
10,1835380.0,0.09924,0.10514,0.109688,1.67588
11,1835380.0,0.00639,0.127972,0.175301
-1930424573.0,1835380.0,11.6333,135,35,0,0,0,2,1
-1930424829.0,1835380.0,0,0,0,0
10,1835380.0,0.09924,0.105494,0.10957,1.66012
11,1835380.0,0.00639,0.127972,0.169304
10,1835380.0,0.09924,0.105573,0.10957,1.65088
11,1835380.0,0.00639,0.128201,0.171303
10,1835380.0,0.09924,0.105415,0.10957,1.65659
11,1835380.0,0.00639,0.128429,0.1765
10,1835380.0,0.09924,0.10514,0.10957,1.67006
11,1835380.0,0.00639,0.126599,0.179299
10,1835380.0,0.09924,0.105533,0.10957,1.66839
11,1835380.0,0.00639,0.127972,0.178099
10,1835380.0,0.09924,0.10514,0.109609,1.6557
11,1835380.0,0.00639,0.127514,0.1773
10,1835380.0,0.09924,0.105179,0.109806,1.64615
11,1835380.0,0.00669725,0.128201,0.170104
10,1835380.0,0.09924,0.10514,0.10957,1.65088
11,1835390.0,0.00639,0.127743,0.179698
10,1835390.0,0.09924,0.105258,0.109609,1.66218
11,1835390.0,0.00639,0.128887,0.174901
10,1835390.0,0.09924,0.10514,0.10957,1.66226
11,1835390.0,0.00639,0.128887,0.1765
10,1835390.0,0.09924,0.105494,0.10957,1.65197
-1930424573.0,1835390.0,11.6333,133,34,0,0,0,2,1
-1930424829.0,1835390.0,0,0,0,0
11,1835390.0,0.00639,0.128658,0.168905
10,1835390.0,0.09924,0.10514,0.10957,1.64747
11,1835390.0,0.00639,0.127286,0.167305
10,1835390.0,0.09924,0.105337,0.10957,1.65593
11,1835390.0,0.00639,0.129115,0.174901
10,1835390.0,0.09924,0.105573,0.10957,1.668
11,1835390.0,0.00639,0.127972,0.166106
10,1835390.0,0.09924,0.10514,0.10957,1.66909
11,1835390.0,0.00669725,0.126828,0.168505
10,1835390.0,0.09924,0.10514,0.10957,1.65818
11,1835390.0,0.00639,0.127286,0.165307
10,1835390.0,0.09924,0.10514,0.10957,1.65391
11,1835390.0,0.00639,0.127514,0.170903
10,1835390.0,0.09924,0.10514,0.109727,1.66505
11,1835400.0,0.00646681,0.128887,0.168905
10,1835400.0,0.09924,0.10514,0.10957,1.68081
11,1835400.0,0.00639,0.127286,0.161309
10,1835400.0,0.09924,0.10514,0.10957,1.68205
11,1835400.0,0.00658203,0.128887,0.172503
10,1835400.0,0.09924,0.105455,0.10957,1.67126
11,1835400.0,0.00639,0.127972,0.162908
-1930424573.0,1835400.0,11.6333,138,34,0,0,0,2,1
-1930424829.0,1835400.0,0,0,0,0
10,1835400.0,0.09924,0.10514,0.10957,1.66505
11,1835400.0,0.00654362,0.126599,0.158111
10,1835400.0,0.09924,0.105573,0.10957,1.67363
11,1835400.0,0.00639,0.127514,0.173302
10,1835400.0,0.09924,0.105415,0.109885,1.6888
11,1835400.0,0.00639,0.128201,0.163308
10,1835400.0,0.09924,0.105179,0.10957,1.68977
11,1835400.0,0.00654362,0.127514,0.165706
10,1835400.0,0.09924,0.105179,0.10957,1.67747
11,1835400.0,0.00639,0.128429,0.165307
10,1835400.0,0.09924,0.10514,0.10957,1.66978
11,1835400.0,0.00646681,0.127972,0.179698
10,1835400.0,0.09924,0.10514,0.10957,1.67603
11,1835410.0,0.00639,0.128201,0.1765
10,1835410.0,0.09924,0.105179,0.10957,1.68682
11,1835410.0,0.00688928,0.126599,0.174102
10,1835410.0,0.09924,0.10514,0.10957,1.68244
11,1835410.0,0.00639,0.127286,0.178499
10,1835410.0,0.09924,0.10514,0.109649,1.66676
-1930424573.0,1835410.0,11.6333,133,34,0,0,0,2,1
-1930424829.0,1835410.0,0,0,0,0
11,1835410.0,0.00639,0.127743,0.180898
10,1835410.0,0.09924,0.105415,0.10957,1.65655
11,1835410.0,0.00639,0.128201,0.1773
10,1835410.0,0.09924,0.10514,0.109688,1.66144
11,1835410.0,0.00639,0.126599,0.169304
12,1835410.0
10,1835410.0,0.09924,0.10514,0.109649,1.67157
11,1835410.0,0.00665884,0.126599,0.171303
10,1835410.0,0.09924,0.10514,0.110003,1.66676
11,1835410.0,0.00665884,0.126828,0.170903
10,1835410.0,0.09924,0.105219,0.110161,1.65158
11,1835410.0,0.00654362,0.127057,0.167705
10,1835410.0,0.09924,0.10514,0.109688,1.64045
11,1835410.0,0.00639,0.127743,0.164507
10,1835410.0,0.09924,0.10514,0.109688,1.64483
11,1835420.0,0.00654362,0.126371,0.167705
10,1835420.0,0.09924,0.105612,0.10957,1.65457
11,1835420.0,0.00639,0.128429,0.167305
10,1835420.0,0.09924,0.10514,0.109609,1.65356
11,1835420.0,0.00639,0.128429,0.172503
10,1835420.0,0.09924,0.106123,0.10957,1.6432
-1930424573.0,1835420.0,11.6416,133,34,0,0,0,2,1
-1930424829.0,1835420.0,0,0,0,0
11,1835420.0,0.00639,0.127743,0.1765
10,1835420.0,0.09924,0.10514,0.10957,1.63785
11,1835420.0,0.00658203,0.126371,0.172902
10,1835420.0,0.09924,0.105612,0.10957,1.64495
11,1835420.0,0.00639,0.127743,0.168105
10,1835420.0,0.09924,0.10514,0.10957,1.65527
11,1835420.0,0.00639,0.128201,0.166506
10,1835420.0,0.09924,0.105966,0.10957,1.65445
11,1835420.0,0.00662043,0.128429,0.169304
10,1835420.0,0.09924,0.10514,0.109688,1.64471
11,1835420.0,0.00639,0.128429,0.173702
10,1835420.0,0.09924,0.105337,0.10957,1.64239
11,1835420.0,0.00665884,0.126828,0.15891
10,1835420.0,0.09924,0.10514,0.10957,1.6529
11,1835430.0,0.00639,0.128201,0.163308
10,1835430.0,0.09924,0.10514,0.10957,1.66594
11,1835430.0,0.00639,0.127057,0.161709
10,1835430.0,0.09924,0.105887,0.10957,1.66423
11,1835430.0,0.00639,0.127743,0.163708
10,1835430.0,0.09924,0.10514,0.10957,1.65275
-1930424573.0,1835430.0,11.6416,136,34,0,0,0,2,1
-1930424829.0,1835430.0,0,0,0,0
11,1835430.0,0.00639,0.128429,0.174501
10,1835430.0,0.09924,0.105533,0.10957,1.64817
11,1835430.0,0.00719652,0.127514,0.165307
10,1835430.0,0.09924,0.105455,0.10957,1.65682
11,1835430.0,0.00639,0.128658,0.171303
10,1835430.0,0.09924,0.105533,0.109649,1.66924
11,1835430.0,0.00639,0.128201,0.170903
10,1835430.0,0.09924,0.10514,0.109885,1.66839
11,1835430.0,0.00665884,0.127057,0.166906
10,1835430.0,0.09924,0.10514,0.109806,1.65593
11,1835430.0,0.00639,0.127286,0.174901
10,1835430.0,0.09924,0.105376,0.10957,1.64844
11,1835430.0,0.00639,0.127057,0.169304
10,1835430.0,0.09924,0.105533,0.109767,1.65434
11,1835440.0,0.00639,0.127972,0.170104
10,1835440.0,0.09924,0.10514,0.109688,1.6628
11,1835440.0,0.00639,0.128201,0.178899
10,1835440.0,0.09924,0.105179,0.109846,1.65853
11,1835440.0,0.00677406,0.127743,0.172503
10,1835440.0,0.09924,0.105297,0.109806,1.64452
-1930424573.0,1835440.0,11.6812,132,34,0,0,0,2,1
-1930424829.0,1835440.0,0,0,0,0
11,1835440.0,0.00642841,0.126599,0.172902
10,1835440.0,0.09924,0.105179,0.10957,1.63684
11,1835440.0,0.00639,0.128887,0.175301
10,1835440.0,0.09924,0.105573,0.10957,1.64336
11,1835440.0,0.00639,0.127972,0.174102
10,1835440.0,0.09924,0.10514,0.10957,1.65302
11,1835440.0,0.00639,0.127514,0.176101
10,1835440.0,0.09924,0.10514,0.109688,1.64852
11,1835440.0,0.00639,0.128429,0.179698
10,1835440.0,0.09924,0.10514,0.10957,1.63672
11,1835440.0,0.00639,0.127286,0.172503
10,1835440.0,0.09924,0.10514,0.10957,1.63055
11,1835440.0,0.00639,0.128201,0.173702
10,1835440.0,0.09924,0.10514,0.10957,1.63901
11,1835450.0,0.00639,0.127972,0.175301
10,1835450.0,0.09924,0.10514,0.109609,1.65061
11,1835450.0,0.00639,0.127286,0.169304
10,1835450.0,0.09924,0.105179,0.109609,1.65054
11,1835450.0,0.00639,0.127286,0.168505
-1930424573.0,1835450.0,11.6812,135,34,0,0,0,2,1
-1930424829.0,1835450.0,0,0,0,0
10,1835450.0,0.09924,0.105573,0.10957,1.64211
11,1835450.0,0.00673565,0.127743,0.162108
10,1835450.0,0.09924,0.10514,0.10957,1.63986
11,1835450.0,0.00639,0.128201,0.167705
10,1835450.0,0.09924,0.105179,0.10957,1.64957
11,1835450.0,0.00673565,0.127286,0.166906
10,1835450.0,0.09924,0.105179,0.10957,1.66016
11,1835450.0,0.00673565,0.127972,0.172503
10,1835450.0,0.09924,0.10514,0.10957,1.6588
11,1835450.0,0.00639,0.128201,0.164107
10,1835450.0,0.09924,0.105337,0.10957,1.65015
11,1835450.0,0.00639,0.127972,0.165307
10,1835450.0,0.09924,0.105219,0.10957,1.64875
11,1835450.0,0.00685087,0.127057,0.163708
10,1835450.0,0.09924,0.105258,0.109846,1.66086
11,1835460.0,0.00711971,0.127743,0.164107
10,1835460.0,0.09924,0.105258,0.10957,1.67161
11,1835460.0,0.00639,0.128658,0.166506
10,1835460.0,0.09924,0.10514,0.109609,1.66742
11,1835460.0,0.00642841,0.128429,0.171703
10,1835460.0,0.09924,0.10514,0.10957,1.65519
-1930424573.0,1835460.0,11.6437,138,34,0,0,0,2,1
-1930424829.0,1835460.0,0,0,0,0
11,1835460.0,0.00639,0.128201,0.167705
10,1835460.0,0.09924,0.105691,0.10957,1.6503
11,1835460.0,0.00639,0.127286,0.169304
10,1835460.0,0.09924,0.10514,0.10957,1.66008
11,1835460.0,0.00639,0.127286,0.167705
12,1835460.0
10,1835460.0,0.09924,0.10514,0.10957,1.67087
11,1835460.0,0.00639,0.127743,0.176101
10,1835460.0,0.09924,0.105337,0.109964,1.66571
11,1835460.0,0.00639,0.128201,0.172103
10,1835460.0,0.09924,0.105258,0.10957,1.6517
11,1835460.0,0.00642841,0.126828,0.165307
10,1835460.0,0.09924,0.105494,0.10957,1.64328
11,1835460.0,0.00639,0.128201,0.166906
10,1835460.0,0.09924,0.10514,0.10957,1.64836
11,1835470.0,0.00642841,0.127057,0.161309
10,1835470.0,0.09924,0.10514,0.109924,1.65577
11,1835470.0,0.00673565,0.126599,0.173302
10,1835470.0,0.09924,0.10514,0.10957,1.65042
11,1835470.0,0.00642841,0.128887,0.189693
-1930424573.0,1835470.0,11.6437,133,34,0,0,0,2,1
-1930424829.0,1835470.0,0,0,0,0
10,1835470.0,0.09924,0.10573,0.109609,1.6392
11,1835470.0,0.00639,0.127972,0.169304
10,1835470.0,0.09924,0.105415,0.109727,1.63466
11,1835470.0,0.00669725,0.128658,0.164507
10,1835470.0,0.09924,0.10514,0.109846,1.64262
11,1835470.0,0.00639,0.128658,0.154513
10,1835470.0,0.09924,0.10514,0.10957,1.65046
11,1835470.0,0.00639,0.128201,0.161309
10,1835470.0,0.09924,0.105691,0.109885,1.64514
11,1835470.0,0.00677406,0.128429,0.167305
10,1835470.0,0.09924,0.10514,0.109649,1.63354
11,1835470.0,0.00639,0.127057,0.173302
10,1835470.0,0.09924,0.106241,0.109846,1.63012
11,1835470.0,0.00639,0.127514,0.184496
10,1835470.0,0.09924,0.10514,0.10957,1.64149
11,1835480.0,0.00639,0.128429,0.172503
10,1835480.0,0.09924,0.105337,0.10957,1.65403
11,1835480.0,0.00665884,0.127972,0.157711
10,1835480.0,0.09924,0.10514,0.10957,1.65348
11,1835480.0,0.00639,0.127972,0.161309
10,1835480.0,0.09924,0.105494,0.10957,1.64557
-1930424573.0,1835480.0,11.6437,137,34,0,0,0,2,1
-1930424829.0,1835480.0,0,0,0,0
11,1835480.0,0.00639,0.128429,0.15971
10,1835480.0,0.09924,0.10573,0.10957,1.64405
11,1835480.0,0.00639,0.127286,0.163708
10,1835480.0,0.09924,0.10514,0.10957,1.65414
11,1835480.0,0.00639,0.128887,0.169304
10,1835480.0,0.09924,0.10514,0.10957,1.66482
11,1835480.0,0.00650522,0.127286,0.15971
10,1835480.0,0.09924,0.105533,0.10957,1.6626
11,1835480.0,0.00639,0.127972,0.170104
10,1835480.0,0.09924,0.105415,0.10957,1.65508
11,1835480.0,0.00639,0.127972,0.164907
10,1835480.0,0.09924,0.10514,0.109846,1.65484
11,1835480.0,0.00639,0.127972,0.162508
10,1835480.0,0.09924,0.105219,0.10957,1.66668
11,1835490.0,0.00639,0.127286,0.15851
10,1835490.0,0.09924,0.105337,0.10957,1.67568
11,1835490.0,0.00639,0.127514,0.163708
10,1835490.0,0.09924,0.10514,0.10957,1.66936
11,1835490.0,0.00639,0.127972,0.167305
-1930424573.0,1835490.0,11.6437,137,35,0,0,0,2,1
-1930424829.0,1835490.0,0,0,0,0
10,1835490.0,0.09924,0.105337,0.109649,1.65756
11,1835490.0,0.00662043,0.126371,0.168105
10,1835490.0,0.09924,0.10514,0.109688,1.65329
11,1835490.0,0.00658203,0.128658,0.172503
10,1835490.0,0.09924,0.105179,0.109688,1.66315
11,1835490.0,0.00665884,0.127972,0.180898
10,1835490.0,0.09924,0.10514,0.109727,1.67188
11,1835490.0,0.00681246,0.127743,0.164907
10,1835490.0,0.09924,0.105337,0.10957,1.664
11,1835490.0,0.00639,0.128429,0.168105
10,1835490.0,0.09924,0.10514,0.109649,1.65054
11,1835490.0,0.00639,0.127972,0.1769
10,1835490.0,0.09924,0.105455,0.110082,1.6439
11,1835490.0,0.00673565,0.127057,0.170504
10,1835490.0,0.09924,0.10514,0.10957,1.64957
11,1835500.0,0.00642841,0.127972,0.178499
10,1835500.0,0.09924,0.10514,0.109609,1.65612
11,1835500.0,0.00639,0.128429,0.178499
10,1835500.0,0.09924,0.10514,0.10957,1.65019
11,1835500.0,0.00639,0.128429,0.169704
10,1835500.0,0.09924,0.10514,0.10957,1.63854
11,1835500.0,0.00658203,0.127057,0.166106
-1930424573.0,1835500.0,11.6708,125,35,0,0,0,2,1
-1930424829.0,1835500.0,0.460416,0.906249,1.01875,0
10,1835500.0,0.09924,0.10514,0.10957,1.63412
11,1835500.0,0.00646681,0.128658,0.168905
10,1835500.0,0.09924,0.10514,0.109767,1.64149
11,1835500.0,0.00639,0.127514,0.168505
10,1835500.0,0.09924,0.105612,0.10957,1.64782
11,1835500.0,0.00639,0.128658,0.166506
10,1835500.0,0.09924,0.10514,0.10957,1.64312
11,1835500.0,0.00639,0.127057,0.164907
10,1835500.0,0.09924,0.10514,0.10957,1.63424
11,1835500.0,0.00639,0.128887,0.169304
10,1835500.0,0.09924,0.105219,0.10957,1.63377
11,1835500.0,0.00639,0.128429,0.166906
10,1835500.0,0.09924,0.105258,0.109609,1.64545
11,1835510.0,0.00685087,0.126599,0.165706
10,1835510.0,0.09924,0.10514,0.109885,1.65422
11,1835510.0,0.00639,0.127514,0.167305
10,1835510.0,0.09924,0.10573,0.10957,1.65088
11,1835510.0,0.00646681,0.126371,0.160909
10,1835510.0,0.09924,0.105297,0.10957,1.64429
-1930424573.0,1835510.0,11.6708,131,35,0,0,0,2,1
-1930424829.0,1835510.0,0.460416,0.906249,1.01875,0
11,1835510.0,0.00662043,0.127743,0.157711
10,1835510.0,0.09924,0.10514,0.10957,1.64359
11,1835510.0,0.00639,0.129115,0.170903
10,1835510.0,0.09924,0.10514,0.10957,1.65543
11,1835510.0,0.00665884,0.127514,0.157711
12,1835510.0
10,1835510.0,0.09924,0.10514,0.109609,1.66583
11,1835510.0,0.00639,0.127972,0.170104
10,1835510.0,0.09924,0.10514,0.10957,1.66392
11,1835510.0,0.00669725,0.126599,0.160909
10,1835510.0,0.09924,0.105927,0.109964,1.65841
11,1835510.0,0.00658203,0.126828,0.160509
10,1835510.0,0.09924,0.10514,0.10957,1.65892
11,1835510.0,0.00642841,0.128429,0.166506
10,1835510.0,0.09924,0.10514,0.109767,1.67013
11,1835520.0,0.00673565,0.127057,0.157711
10,1835520.0,0.09924,0.105533,0.10957,1.67611
11,1835520.0,0.00639,0.128201,0.163308
10,1835520.0,0.09924,0.10514,0.10957,1.66932
11,1835520.0,0.00639,0.127972,0.168905
10,1835520.0,0.09924,0.105573,0.10957,1.66016
-1930424573.0,1835520.0,11.6854,124,35,0,0,0,2,3
-1930424829.0,1835520.0,0.774999,1.52083,1.70833,0
11,1835520.0,0.00681246,0.127743,0.168105
10,1835520.0,0.09924,0.10514,0.10957,1.65849
11,1835520.0,0.00639,0.127972,0.164507
10,1835520.0,0.09924,0.105966,0.109767,1.66909
11,1835520.0,0.00639,0.128429,0.164107
10,1835520.0,0.09924,0.10514,0.110161,1.67498
11,1835520.0,0.00639,0.126371,0.170104
10,1835520.0,0.09924,0.105337,0.109767,1.66687
11,1835520.0,0.00639,0.127972,0.178099
10,1835520.0,0.09924,0.10514,0.109846,1.65434
11,1835520.0,0.00639,0.128429,0.171703
10,1835520.0,0.09924,0.10514,0.109885,1.64867
11,1835520.0,0.00681246,0.126599,0.171703
10,1835520.0,0.09924,0.105848,0.10957,1.65403
11,1835530.0,0.00639,0.128429,0.168505
10,1835530.0,0.09924,0.10514,0.109609,1.6595
11,1835530.0,0.00639,0.127972,0.1773
10,1835530.0,0.09924,0.105494,0.10957,1.65511
11,1835530.0,0.0070429,0.127743,0.171303
10,1835530.0,0.09924,0.10514,0.10957,1.64576
-1930424573.0,1835530.0,11.6854,117,35,0,0,0,2,3
-1930424829.0,1835530.0,0.956248,1.87708,2.10833,0
11,1835530.0,0.00639,0.126599,0.170504
10,1835530.0,0.09924,0.10514,0.109649,1.64339
11,1835530.0,0.00673565,0.128658,0.172503
10,1835530.0,0.09924,0.105297,0.109964,1.65088
11,1835530.0,0.00700449,0.127514,0.168905
10,1835530.0,0.09924,0.10514,0.10957,1.65488
11,1835530.0,0.00642841,0.127514,0.170903
10,1835530.0,0.09924,0.10514,0.10957,1.65205
11,1835530.0,0.00639,0.127514,0.165307
10,1835530.0,0.09924,0.105415,0.109688,1.64731
11,1835530.0,0.00639,0.127743,0.164107
10,1835530.0,0.09924,0.10514,0.10957,1.64991
11,1835530.0,0.00639,0.128201,0.170104
10,1835530.0,0.09924,0.105297,0.10957,1.6626
11,1835540.0,0.00642841,0.128201,0.165706
10,1835540.0,0.09924,0.105533,0.10957,1.67184
11,1835540.0,0.00662043,0.126599,0.164907
10,1835540.0,0.09924,0.10514,0.10957,1.6699
11,1835540.0,0.00639,0.127743,0.166106
10,1835540.0,0.09924,0.105573,0.10957,1.66392
-1930424573.0,1835540.0,11.6854,123,35,0,0,0,2,1
-1930424829.0,1835540.0,1.06458,2.09375,2.35,0
11,1835540.0,0.00639,0.128658,0.163308
10,1835540.0,0.09924,0.10514,0.10957,1.6647
11,1835540.0,0.00639,0.127972,0.164907
10,1835540.0,0.09924,0.10514,0.10957,1.67467
11,1835540.0,0.00639,0.127743,0.166506
10,1835540.0,0.09924,0.105533,0.10957,1.68368
11,1835540.0,0.00639,0.127743,0.166506
10,1835540.0,0.09924,0.105297,0.109609,1.68321
11,1835540.0,0.00654362,0.127743,0.165706
10,1835540.0,0.09924,0.10514,0.10957,1.67708
11,1835540.0,0.00639,0.128429,0.170104
10,1835540.0,0.09924,0.105376,0.10957,1.67774
11,1835540.0,0.00688928,0.127286,0.167305
10,1835540.0,0.09924,0.105769,0.109885,1.68861
11,1835550.0,0.00639,0.128429,0.164507
10,1835550.0,0.09924,0.10514,0.10957,1.69334
11,1835550.0,0.00639,0.127972,0.171303
10,1835550.0,0.09924,0.105533,0.109609,1.68647
11,1835550.0,0.00639,0.127743,0.174102
10,1835550.0,0.09924,0.10514,0.109846,1.67778
-1930424573.0,1835550.0,11.6854,121,35,0,0,0,2,1
-1930424829.0,1835550.0,1.0875,2.1375,2.4,0
11,1835550.0,0.00665884,0.126828,0.170104
10,1835550.0,0.09924,0.10514,0.109846,1.67793
11,1835550.0,0.00639,0.127514,0.170903
10,1835550.0,0.09924,0.105337,0.109846,1.68694
11,1835550.0,0.00715812,0.127057,0.172902
10,1835550.0,0.09924,0.10514,0.10957,1.6919
11,1835550.0,0.00673565,0.128429,0.182097
10,1835550.0,0.09924,0.105258,0.10957,1.68558
11,1835550.0,0.00639,0.128887,0.174901
10,1835550.0,0.09924,0.10514,0.10957,1.67545
11,1835550.0,0.00639,0.127286,0.170104
10,1835550.0,0.09924,0.10514,0.10957,1.67405
11,1835550.0,0.00646681,0.127743,0.174501
10,1835550.0,0.09924,0.10514,0.10957,1.68201
11,1835560.0,0.00639,0.128201,0.168905
10,1835560.0,0.09924,0.105415,0.109767,1.68849
11,1835560.0,0.00688928,0.126599,0.174901
10,1835560.0,0.09924,0.10514,0.10957,1.68589
11,1835560.0,0.00639,0.127514,0.180898
10,1835560.0,0.09924,0.10514,0.10957,1.68127
-1930424573.0,1835560.0,11.6625,119,35,0,0,0,2,1
-1930424829.0,1835560.0,1.00625,1.97708,2.21875,0
11,1835560.0,0.00692768,0.128429,0.171303
10,1835560.0,0.09924,0.105533,0.10957,1.68352
11,1835560.0,0.00692768,0.126828,0.168505
10,1835560.0,0.09924,0.10514,0.10957,1.6921
11,1835560.0,0.00639,0.128429,0.170104
12,1835560.0
10,1835560.0,0.09924,0.10514,0.109609,1.69831
11,1835560.0,0.00639,0.127514,0.171303
10,1835560.0,0.09924,0.10514,0.10957,1.69811
11,1835560.0,0.00650522,0.128201,0.162108
10,1835560.0,0.09924,0.10514,0.10957,1.69617
11,1835560.0,0.00639,0.127286,0.164507
10,1835560.0,0.09924,0.10514,0.10957,1.7013
11,1835560.0,0.00639,0.128887,0.166906
10,1835560.0,0.09924,0.10514,0.10957,1.71038
11,1835570.0,0.00639,0.127514,0.170504
10,1835570.0,0.09924,0.105219,0.10957,1.71558
11,1835570.0,0.00639,0.127286,0.166906
10,1835570.0,0.09924,0.10514,0.10957,1.71088
11,1835570.0,0.00639,0.128201,0.169704
10,1835570.0,0.09924,0.10514,0.10957,1.7049
-1930424573.0,1835570.0,11.6625,124,35,0,0,0,2,1
-1930424829.0,1835570.0,0.964582,1.89583,2.12916,0
11,1835570.0,0.00639,0.127972,0.168505
10,1835570.0,0.09924,0.105573,0.109609,1.70545
11,1835570.0,0.00665884,0.127743,0.163708
10,1835570.0,0.09924,0.10514,0.10957,1.71166
11,1835570.0,0.00646681,0.127286,0.160909
10,1835570.0,0.09924,0.10514,0.109649,1.71457
11,1835570.0,0.00642841,0.127514,0.167705
10,1835570.0,0.09924,0.105455,0.10957,1.70948
11,1835570.0,0.00639,0.128887,0.166506
10,1835570.0,0.09924,0.10514,0.10957,1.70203
11,1835570.0,0.00639,0.127286,0.163708
10,1835570.0,0.09924,0.106005,0.10957,1.69815
11,1835570.0,0.00639,0.128658,0.167705
10,1835570.0,0.09924,0.10514,0.109649,1.70017
11,1835580.0,0.00639,0.127286,0.174102
10,1835580.0,0.09924,0.105337,0.109885,1.70114
11,1835580.0,0.00639,0.127057,0.168105
10,1835580.0,0.09924,0.105415,0.10957,1.69575
11,1835580.0,0.00639,0.127743,0.176101
10,1835580.0,0.09924,0.105455,0.10957,1.68853
-1930424573.0,1835580.0,11.675,125,35,0,0,0,2,1
-1930424829.0,1835580.0,0.733332,1.44166,1.61875,0
11,1835580.0,0.00639,0.127057,0.174501
10,1835580.0,0.09924,0.105966,0.109688,1.6867
11,1835580.0,0.00639,0.128201,0.172103
10,1835580.0,0.09924,0.10514,0.10957,1.68868
11,1835580.0,0.00639,0.128887,0.183696
10,1835580.0,0.09924,0.105455,0.109688,1.69012
11,1835580.0,0.00685087,0.126599,0.1765
10,1835580.0,0.09924,0.10514,0.109649,1.68453
11,1835580.0,0.00639,0.128429,0.174901
10,1835580.0,0.09924,0.105848,0.109727,1.67875
11,1835580.0,0.00692768,0.127286,0.175701
10,1835580.0,0.09924,0.10514,0.10957,1.67642
11,1835580.0,0.00639,0.128887,0.1773
10,1835580.0,0.09924,0.105337,0.10957,1.68158
11,1835590.0,0.00639,0.127743,0.175301
10,1835590.0,0.09924,0.10514,0.10957,1.68566
11,1835590.0,0.00639,0.127057,0.171303
10,1835590.0,0.09924,0.10514,0.109846,1.68535
11,1835590.0,0.00650522,0.128887,0.180498
10,1835590.0,0.09924,0.105691,0.109688,1.68209
-1930424573.0,1835590.0,11.675,122,34,0,0,0,2,1
-1930424829.0,1835590.0,0.733332,1.44166,1.61875,0
11,1835590.0,0.00639,0.128658,0.173702
10,1835590.0,0.09924,0.10514,0.10957,1.68178
11,1835590.0,0.00639,0.128887,0.179299
10,1835590.0,0.09924,0.10514,0.10957,1.68783
11,1835590.0,0.00662043,0.128201,0.179299
10,1835590.0,0.09924,0.105179,0.10957,1.69408
11,1835590.0,0.00662043,0.127286,0.167305
10,1835590.0,0.09924,0.10514,0.10957,1.69582
11,1835590.0,0.00646681,0.128429,0.168105
10,1835590.0,0.09924,0.10514,0.109924,1.69435
11,1835590.0,0.00639,0.129115,0.162508
10,1835590.0,0.09924,0.10514,0.10957,1.69606
11,1835590.0,0.00639,0.127743,0.15931
10,1835590.0,0.09924,0.10514,0.10957,1.69967
11,1835600.0,0.00642841,0.128429,0.170104
10,1835600.0,0.09924,0.105219,0.10957,1.70304
11,1835600.0,0.00639,0.127743,0.160509
10,1835600.0,0.09924,0.10514,0.109609,1.70153
11,1835600.0,0.00658203,0.128429,0.163708
10,1835600.0,0.09924,0.105179,0.10957,1.69695
11,1835600.0,0.00639,0.127743,0.158111
-1930424573.0,1835600.0,11.675,130,34,0,0,0,2,1
-1930424829.0,1835600.0,0.502083,0.987498,1.10833,0
10,1835600.0,0.09924,0.105809,0.10957,1.69648
11,1835600.0,0.00639,0.127743,0.157311
10,1835600.0,0.09924,0.105455,0.10957,1.70126
11,1835600.0,0.00639,0.128201,0.164107
10,1835600.0,0.09924,0.10514,0.10957,1.70599
11,1835600.0,0.00642841,0.127972,0.180498
10,1835600.0,0.09924,0.105573,0.110082,1.7039
11,1835600.0,0.00639,0.127972,0.175301
10,1835600.0,0.09924,0.105297,0.10957,1.69695
11,1835600.0,0.00639,0.128658,0.164107
10,1835600.0,0.09924,0.106359,0.10957,1.69202
11,1835600.0,0.00639,0.127743,0.164507
10,1835600.0,0.09924,0.10514,0.109609,1.69256
11,1835610.0,0.00639,0.127972,0.178099
10,1835610.0,0.09924,0.105927,0.10957,1.69404
11,1835610.0,0.00639,0.128201,0.169304
10,1835610.0,0.09924,0.105219,0.10957,1.69155
11,1835610.0,0.00639,0.127514,0.175701
-1930424573.0,1835610.0,11.675,129,34,0,0,0,2,1
-1930424829.0,1835610.0,0.329166,0.647916,0.729166,0
10,1835610.0,0.09924,0.10514,0.10957,1.68418
11,1835610.0,0.00639,0.127743,0.1777
10,1835610.0,0.09924,0.10514,0.10957,1.67871
11,1835610.0,0.00639,0.127972,0.172503
10,1835610.0,0.09924,0.10573,0.10957,1.67805
11,1835610.0,0.00642841,0.127972,0.166906
12,1835610.0
10,1835610.0,0.09924,0.10514,0.10957,1.67692
11,1835610.0,0.00639,0.128887,0.173302
10,1835610.0,0.09924,0.10514,0.109806,1.67316
11,1835610.0,0.00673565,0.127972,0.165706
10,1835610.0,0.09924,0.10514,0.10957,1.66668
11,1835610.0,0.00639,0.128658,0.1765
10,1835610.0,0.09924,0.10514,0.10957,1.66497
11,1835610.0,0.0070429,0.126828,0.170104
10,1835610.0,0.09924,0.10514,0.10957,1.66827
11,1835620.0,0.00642841,0.128201,0.169704
10,1835620.0,0.09924,0.105219,0.10957,1.67312
11,1835620.0,0.00642841,0.128429,0.165706
10,1835620.0,0.09924,0.10514,0.10957,1.67332
11,1835620.0,0.00639,0.126828,0.15891
10,1835620.0,0.09924,0.10514,0.10957,1.67091
-1930424573.0,1835620.0,11.7062,131,34,0,0,0,2,1
-1930424829.0,1835620.0,0.247916,0.489583,0.549999,0
11,1835620.0,0.00646681,0.128201,0.172503
10,1835620.0,0.09924,0.10514,0.10957,1.67215
11,1835620.0,0.00639,0.127972,0.166506
10,1835620.0,0.09924,0.105809,0.10957,1.67817
11,1835620.0,0.00665884,0.127972,0.168105
10,1835620.0,0.09924,0.105179,0.10957,1.68624
11,1835620.0,0.00639,0.127972,0.165307
10,1835620.0,0.09924,0.10514,0.10957,1.69051
11,1835620.0,0.00639,0.128429,0.164107
10,1835620.0,0.09924,0.10514,0.109649,1.69074
11,1835620.0,0.00639,0.127286,0.168505
10,1835620.0,0.09924,0.105179,0.10957,1.69311
11,1835620.0,0.00662043,0.126142,0.15931
10,1835620.0,0.09924,0.10514,0.10957,1.69765
11,1835630.0,0.00646681,0.127743,0.166106
10,1835630.0,0.09924,0.105612,0.109846,1.70269
11,1835630.0,0.00639,0.128658,0.166106
10,1835630.0,0.09924,0.10514,0.10957,1.70378
11,1835630.0,0.00639,0.127286,0.160909
10,1835630.0,0.09924,0.10514,0.10957,1.70048
-1930424573.0,1835630.0,11.7062,136,34,0,0,0,2,1
-1930424829.0,1835630.0,0.197916,0.391666,0.439583,0
11,1835630.0,0.00639,0.128429,0.171303
10,1835630.0,0.09924,0.10514,0.10957,1.69947
11,1835630.0,0.00639,0.128201,0.166106
10,1835630.0,0.09924,0.105179,0.109649,1.70242
11,1835630.0,0.00639,0.127743,0.166506
10,1835630.0,0.09924,0.105415,0.109609,1.70487
11,1835630.0,0.00639,0.126599,0.167705
10,1835630.0,0.09924,0.105219,0.10957,1.70048
11,1835630.0,0.00639,0.128658,0.170104
10,1835630.0,0.09924,0.105612,0.10957,1.69206
11,1835630.0,0.00639,0.128201,0.170104
10,1835630.0,0.09924,0.10514,0.109609,1.68736
11,1835630.0,0.00654362,0.126599,0.171303
10,1835630.0,0.09924,0.105219,0.10957,1.68717
11,1835640.0,0.00639,0.128201,0.171703
10,1835640.0,0.09924,0.10514,0.10957,1.68868
11,1835640.0,0.00639,0.127972,0.167305
10,1835640.0,0.09924,0.105337,0.10957,1.68628
11,1835640.0,0.00677406,0.126599,0.1765
10,1835640.0,0.09924,0.105809,0.109885,1.6791
-1930424573.0,1835640.0,11.6541,132,34,0,0,0,2,1
-1930424829.0,1835640.0,0.166666,0.327083,0.368749,0
11,1835640.0,0.00658203,0.127972,0.172503
10,1835640.0,0.09924,0.10514,0.109649,1.67343
11,1835640.0,0.00639,0.127743,0.178899
10,1835640.0,0.09924,0.105179,0.10957,1.67339
11,1835640.0,0.00673565,0.127514,0.170504
10,1835640.0,0.09924,0.10514,0.10957,1.67398
11,1835640.0,0.00639,0.127972,0.1773
10,1835640.0,0.09924,0.10514,0.109609,1.67165
11,1835640.0,0.00639,0.127972,0.178099
10,1835640.0,0.09924,0.105573,0.109767,1.66815
11,1835640.0,0.00700449,0.127743,0.171703
10,1835640.0,0.09924,0.10573,0.10957,1.66544
11,1835640.0,0.00639,0.128429,0.172503
10,1835640.0,0.09924,0.10514,0.10957,1.66924
11,1835650.0,0.00639,0.128658,0.173302
10,1835650.0,0.09924,0.10514,0.109609,1.6739
11,1835650.0,0.00677406,0.127286,0.166906
10,1835650.0,0.09924,0.106084,0.109727,1.67417
11,1835650.0,0.00639,0.128201,0.164907
10,1835650.0,0.09924,0.10514,0.10957,1.67122
-1930424573.0,1835650.0,11.6541,135,34,0,0,0,2,1
-1930424829.0,1835650.0,0.139583,0.272916,0.308333,0
11,1835650.0,0.00639,0.128658,0.168105
10,1835650.0,0.09924,0.10514,0.109609,1.67231
11,1835650.0,0.00639,0.127743,0.162508
10,1835650.0,0.09924,0.105258,0.10957,1.67871
11,1835650.0,0.00639,0.126599,0.162508
10,1835650.0,0.09924,0.10514,0.10957,1.68554
11,1835650.0,0.00669725,0.128658,0.166106
10,1835650.0,0.09924,0.10514,0.10957,1.68771
11,1835650.0,0.00639,0.127972,0.160509
10,1835650.0,0.09924,0.10514,0.10957,1.68686
11,1835650.0,0.00639,0.127743,0.163708
10,1835650.0,0.09924,0.10514,0.10957,1.68701
11,1835650.0,0.00654362,0.128429,0.169304
10,1835650.0,0.09924,0.10514,0.10957,1.69132
11,1835660.0,0.00639,0.127972,0.170504
10,1835660.0,0.09924,0.105337,0.10957,1.69687
11,1835660.0,0.00681246,0.127286,0.163708
10,1835660.0,0.09924,0.105533,0.109688,1.69668
11,1835660.0,0.00639,0.127286,0.162108
10,1835660.0,0.09924,0.10514,0.10957,1.69419
-1930424573.0,1835660.0,11.6646,136,34,0,0,0,2,1
-1930424829.0,1835660.0,0.125,0.247916,0.279166,0
11,1835660.0,0.00665884,0.127972,0.173302
10,1835660.0,0.09924,0.105455,0.109767,1.69357
11,1835660.0,0.00646681,0.127972,0.172902
10,1835660.0,0.09924,0.10514,0.10957,1.69695
11,1835660.0,0.00639,0.128201,0.169304
12,1835660.0
10,1835660.0,0.09924,0.10514,0.10957,1.69932
11,1835660.0,0.00639,0.128201,0.168505
10,1835660.0,0.09924,0.105533,0.10957,1.6961
11,1835660.0,0.00711971,0.127972,0.171303
10,1835660.0,0.09924,0.105415,0.10957,1.68826
11,1835660.0,0.00639,0.127057,0.172503
10,1835660.0,0.09924,0.10514,0.109649,1.68403
11,1835660.0,0.00639,0.127514,0.178899
10,1835660.0,0.09924,0.10514,0.109767,1.68585
11,1835670.0,0.00639,0.127972,0.175301
10,1835670.0,0.09924,0.105494,0.109727,1.6881
11,1835670.0,0.00677406,0.128429,0.169704
10,1835670.0,0.09924,0.10514,0.109649,1.6843
11,1835670.0,0.00658203,0.126828,0.170903
-1930424573.0,1835670.0,11.6646,129,34,0,0,0,2,1
-1930424829.0,1835670.0,0.108333,0.2125,0.239583,0
10,1835670.0,0.09924,0.10514,0.10957,1.6756
11,1835670.0,0.00639,0.128658,0.175701
10,1835670.0,0.09924,0.10514,0.109609,1.66967
11,1835670.0,0.00639,0.128429,0.166906
10,1835670.0,0.09924,0.10514,0.109609,1.67013
11,1835670.0,0.00639,0.128201,0.180898
10,1835670.0,0.09924,0.105455,0.10957,1.67246
11,1835670.0,0.00639,0.127743,0.173302
10,1835670.0,0.09924,0.105258,0.10957,1.67021
11,1835670.0,0.00639,0.128201,0.169304
10,1835670.0,0.09924,0.105297,0.10957,1.66614
11,1835670.0,0.0070429,0.126828,0.174901
10,1835670.0,0.09924,0.10514,0.109924,1.66423
11,1835670.0,0.00639,0.128201,0.170504
10,1835670.0,0.09924,0.105297,0.10957,1.66901
11,1835680.0,0.00692768,0.127057,0.164907
10,1835680.0,0.09924,0.10514,0.10957,1.67289
11,1835680.0,0.00662043,0.127057,0.172103
10,1835680.0,0.09924,0.105258,0.10957,1.67157
11,1835680.0,0.00639,0.127743,0.166106
10,1835680.0,0.09924,0.10514,0.109846,1.66905
-1930424573.0,1835680.0,11.6646,134,34,0,0,0,2,1
-1930424829.0,1835680.0,0.0979165,0.19375,0.21875,0
11,1835680.0,0.00677406,0.126142,0.165706
10,1835680.0,0.09924,0.105494,0.10957,1.66901
11,1835680.0,0.00639,0.127514,0.167705
10,1835680.0,0.09924,0.105415,0.10957,1.67619
11,1835680.0,0.00646681,0.128429,0.164907
10,1835680.0,0.09924,0.105769,0.10957,1.68441
11,1835680.0,0.00639,0.128658,0.16011
10,1835680.0,0.09924,0.10514,0.109688,1.68504
11,1835680.0,0.00639,0.128201,0.164107
10,1835680.0,0.09924,0.10514,0.10957,1.68212
11,1835680.0,0.00639,0.128658,0.164907
10,1835680.0,0.09924,0.105533,0.109806,1.68232
11,1835680.0,0.00700449,0.127743,0.163708
10,1835680.0,0.09924,0.106045,0.10957,1.68767
11,1835690.0,0.00677406,0.127514,0.162508
10,1835690.0,0.09924,0.10514,0.109806,1.69357
11,1835690.0,0.00639,0.127514,0.166506
10,1835690.0,0.09924,0.105573,0.109649,1.69396
11,1835690.0,0.00646681,0.128658,0.167705
10,1835690.0,0.09924,0.105179,0.10957,1.69078
-1930424573.0,1835690.0,11.6646,135,35,0,0,0,2,1
-1930424829.0,1835690.0,0.0895832,0.177083,0.2,0
11,1835690.0,0.00639,0.128201,0.166106
10,1835690.0,0.09924,0.105691,0.10957,1.69008
11,1835690.0,0.00639,0.128658,0.165307
10,1835690.0,0.09924,0.105219,0.10957,1.69373
11,1835690.0,0.00639,0.127514,0.175701
10,1835690.0,0.09924,0.10514,0.109806,1.69676
11,1835690.0,0.00639,0.128201,0.171303
10,1835690.0,0.09924,0.106005,0.109846,1.69377
11,1835690.0,0.00639,0.126828,0.164507
10,1835690.0,0.09924,0.10514,0.10957,1.68674
11,1835690.0,0.00639,0.128201,0.168905
10,1835690.0,0.09924,0.105494,0.109609,1.68403
11,1835690.0,0.00654362,0.127743,0.164907
10,1835690.0,0.09924,0.105376,0.109964,1.68678
11,1835700.0,0.00646681,0.127514,0.172902
10,1835700.0,0.09924,0.10514,0.10957,1.68888
11,1835700.0,0.00639,0.128658,0.170104
10,1835700.0,0.09924,0.10514,0.10957,1.68476
11,1835700.0,0.00639,0.128201,0.173702
10,1835700.0,0.09924,0.105612,0.109649,1.67786
11,1835700.0,0.00639,0.127514,0.170104
-1930424573.0,1835700.0,11.6646,129,35,0,0,0,2,1
-1930424829.0,1835700.0,0.0749999,0.15,0.16875,0
10,1835700.0,0.09924,0.10514,0.109649,1.67297
11,1835700.0,0.00658203,0.127514,0.175701
10,1835700.0,0.09924,0.10514,0.10957,1.67529
11,1835700.0,0.00646681,0.128429,0.1773
10,1835700.0,0.09924,0.10514,0.109767,1.67956
11,1835700.0,0.00639,0.127743,0.172503
10,1835700.0,0.09924,0.105455,0.10957,1.67964
11,1835700.0,0.00639,0.128887,0.163308
10,1835700.0,0.09924,0.10514,0.10957,1.67611
11,1835700.0,0.00639,0.129115,0.168905
10,1835700.0,0.09924,0.105179,0.10957,1.67681
11,1835700.0,0.00639,0.127972,0.168905
10,1835700.0,0.09924,0.106084,0.10957,1.68251
11,1835710.0,0.00646681,0.126599,0.15971
10,1835710.0,0.09924,0.10514,0.10957,1.68795
11,1835710.0,0.00639,0.128429,0.168905
10,1835710.0,0.09924,0.105494,0.10957,1.68888
11,1835710.0,0.00639,0.128201,0.166906
-1930424573.0,1835710.0,11.6646,136,35,0,0,0,2,1
-1930424829.0,1835710.0,0.0749999,0.15,0.16875,0
10,1835710.0,0.09924,0.105219,0.10957,1.68682
11,1835710.0,0.00639,0.127972,0.164107
10,1835710.0,0.09924,0.105297,0.10957,1.68853
11,1835710.0,0.00639,0.128201,0.168105
10,1835710.0,0.09924,0.10514,0.10957,1.69703
11,1835710.0,0.00639,0.128658,0.167305
12,1835710.0
10,1835710.0,0.09924,0.10514,0.10957,1.70514
11,1835710.0,0.00639,0.128658,0.165706
10,1835710.0,0.09924,0.105691,0.109846,1.70568
11,1835710.0,0.00658203,0.126828,0.163708
10,1835710.0,0.09924,0.10514,0.10957,1.69994
11,1835710.0,0.00639,0.126828,0.168905
10,1835710.0,0.09924,0.105455,0.10957,1.69738
11,1835710.0,0.00639,0.128658,0.167305
10,1835720.0,0.09924,0.10514,0.10957,1.70176
11,1835720.0,0.00639,0.129115,0.162508
10,1835720.0,0.09924,0.10514,0.109964,1.70634
11,1835720.0,0.00639,0.128429,0.169704
10,1835720.0,0.09924,0.105219,0.109767,1.70475
11,1835720.0,0.00677406,0.127286,0.168105
-1930424573.0,1835720.0,11.6291,136,35,0,0,0,2,0
-1930424829.0,1835720.0,0.0666666,0.133333,0.15,0
11,1836860.0,0.00639,0.127514,0.165307
10,1836860.0,0.09924,0.105533,0.109767,1.69578
11,1836860.0,0.0070813,0.128201,0.169304
10,1836860.0,0.09924,0.10514,0.109767,1.69707
11,1836860.0,0.00639,0.128658,0.168105
12,1836860.0
10,1836860.0,0.09924,0.105219,0.10957,1.69699
11,1836860.0,0.00677406,0.127286,0.166506
10,1836860.0,0.09924,0.10514,0.109727,1.6952
11,1836860.0,0.00639,0.127743,0.172503
10,1836860.0,0.09924,0.105533,0.10957,1.69381
11,1836860.0,0.00639,0.127972,0.171303
10,1836860.0,0.09924,0.10514,0.109649,1.69326
11,1836860.0,0.00696609,0.127286,0.175701
10,1836870.0,0.09924,0.10514,0.109806,1.69214
11,1836870.0,0.00639,0.127514,0.1773
10,1836870.0,0.09924,0.105887,0.10957,1.69159
11,1836870.0,0.00639,0.128201,0.171303
10,1836870.0,0.09924,0.106005,0.109806,1.68965
11,1836870.0,0.00639,0.127743,0.171303
-1930424573.0,1836870.0,11.6729,133,35,0,0,0,1,1
-1930424829.0,1836870.0,0,0,0,0
10,1836870.0,0.09924,0.10514,0.10957,1.68729
11,1836870.0,0.00639,0.128201,0.178499
10,1836870.0,0.09924,0.105258,0.10957,1.68391
11,1836870.0,0.00639,0.126828,0.170903
10,1836870.0,0.09924,0.10514,0.10957,1.68123
11,1836870.0,0.00639,0.127972,0.180098
10,1836870.0,0.09924,0.10514,0.109649,1.67999
11,1836870.0,0.00639,0.128658,0.168105
10,1836870.0,0.09924,0.105376,0.10957,1.67898
11,1836870.0,0.00662043,0.127057,0.171703
10,1836870.0,0.09924,0.10514,0.10957,1.67952
11,1836870.0,0.00639,0.128429,0.166506
10,1836870.0,0.09924,0.10514,0.10957,1.67941
11,1836870.0,0.00639,0.127743,0.169704
10,1836880.0,0.09924,0.105337,0.109688,1.67976
11,1836880.0,0.00692768,0.127514,0.166906
10,1836880.0,0.09924,0.10514,0.10957,1.67914
11,1836880.0,0.00639,0.127743,0.166506
10,1836880.0,0.09924,0.10514,0.10957,1.67898
11,1836880.0,0.00639,0.128658,0.166906
-1930424573.0,1836880.0,11.6729,136,35,0,0,0,1,1
-1930424829.0,1836880.0,0,0,0,0
10,1836880.0,0.09924,0.10514,0.10957,1.68015
11,1836880.0,0.00639,0.128429,0.163308
10,1836880.0,0.09924,0.10514,0.10957,1.68267
11,1836880.0,0.00688928,0.127743,0.168905
10,1836880.0,0.09924,0.10514,0.10957,1.68515
11,1836880.0,0.00639,0.129115,0.170104
10,1836880.0,0.09924,0.105258,0.10957,1.68779
11,1836880.0,0.00639,0.128658,0.168905
10,1836880.0,0.09924,0.10514,0.10957,1.69047
11,1836880.0,0.00681246,0.126828,0.15891
10,1836880.0,0.09924,0.10514,0.10957,1.69152
11,1836880.0,0.00639,0.128429,0.164907
10,1836880.0,0.09924,0.10514,0.10957,1.69256
11,1836880.0,0.00639,0.127743,0.169704
10,1836890.0,0.09924,0.105494,0.10957,1.69423
11,1836890.0,0.00639,0.128658,0.170104
10,1836890.0,0.09924,0.105494,0.109924,1.69633
11,1836890.0,0.00650522,0.128429,0.163708
10,1836890.0,0.09924,0.10514,0.10957,1.69761
11,1836890.0,0.00639,0.128658,0.164107
-1930424573.0,1836890.0,11.6729,136,35,0,0,0,1,1
-1930424829.0,1836890.0,0,0,0,0
10,1836890.0,0.09924,0.105612,0.10957,1.70017
11,1836890.0,0.00639,0.128658,0.167705
10,1836890.0,0.09924,0.10514,0.10957,1.70145
11,1836890.0,0.00639,0.128201,0.168505
10,1836890.0,0.09924,0.105612,0.109688,1.70149
11,1836890.0,0.00669725,0.127743,0.170504
10,1836890.0,0.09924,0.105415,0.109727,1.7006
11,1836890.0,0.00639,0.127286,0.168105
10,1836890.0,0.09924,0.105651,0.10957,1.70009
11,1836890.0,0.00639,0.127972,0.1773
10,1836890.0,0.09924,0.10573,0.10957,1.69885
11,1836890.0,0.00639,0.128429,0.1773
10,1836890.0,0.09924,0.105337,0.109846,1.69804
11,1836890.0,0.00639,0.127743,0.178099
10,1836900.0,0.09924,0.105258,0.109727,1.69726
11,1836900.0,0.00646681,0.127057,0.168505
10,1836900.0,0.09924,0.106202,0.109767,1.69633
11,1836900.0,0.00650522,0.127286,0.172503
10,1836900.0,0.09924,0.105927,0.109688,1.69586
11,1836900.0,0.00639,0.127743,0.169704
10,1836900.0,0.09924,0.10514,0.10957,1.69233
11,1836900.0,0.00639,0.127972,0.175701
-1930424573.0,1836900.0,11.675,130,35,0,0,0,1,1
-1930424829.0,1836900.0,0,0,0,0
10,1836900.0,0.09924,0.106084,0.10957,1.68748
11,1836900.0,0.00639,0.128658,0.174102
10,1836900.0,0.09924,0.105455,0.109727,1.68438
11,1836900.0,0.00639,0.127972,0.168905
10,1836900.0,0.09924,0.10514,0.109649,1.68523
11,1836900.0,0.00639,0.127286,0.167305
10,1836900.0,0.09924,0.105533,0.10957,1.68694
11,1836900.0,0.00646681,0.128201,0.166106
10,1836900.0,0.09924,0.105966,0.10957,1.68639
11,1836900.0,0.00642841,0.128429,0.166106
10,1836900.0,0.09924,0.105573,0.10957,1.68434
11,1836900.0,0.00639,0.127057,0.164507
10,1836910.0,0.09924,0.10514,0.10957,1.68313
11,1836910.0,0.00639,0.127972,0.168105
10,1836910.0,0.09924,0.10514,0.10957,1.68453
11,1836910.0,0.00639,0.127743,0.169304
10,1836910.0,0.09924,0.10514,0.109767,1.68601
11,1836910.0,0.00639,0.127972,0.162108
-1930424573.0,1836910.0,11.675,136,35,0,0,0,1,1
-1930424829.0,1836910.0,0,0,0,0
10,1836910.0,0.09924,0.105691,0.10957,1.68612
11,1836910.0,0.00639,0.128887,0.163708
10,1836910.0,0.09924,0.105887,0.10957,1.68569
11,1836910.0,0.00639,0.127972,0.163308
10,1836910.0,0.09924,0.106005,0.10957,1.68783
11,1836910.0,0.00658203,0.127057,0.164507
12,1836910.0
10,1836910.0,0.09924,0.10514,0.10957,1.69058
11,1836910.0,0.00639,0.127514,0.168905
10,1836910.0,0.09924,0.105258,0.109609,1.6926
11,1836910.0,0.00639,0.127972,0.170104
10,1836910.0,0.09924,0.105415,0.109727,1.69206
11,1836910.0,0.00639,0.126828,0.163708
10,1836910.0,0.09924,0.10514,0.10957,1.69016
11,1836910.0,0.00639,0.126599,0.162508
10,1836920.0,0.09924,0.10514,0.10957,1.69004
11,1836920.0,0.00646681,0.127286,0.162508
10,1836920.0,0.09924,0.106005,0.109806,1.6926
11,1836920.0,0.00639,0.128201,0.166106
10,1836920.0,0.09924,0.10514,0.10957,1.69478
11,1836920.0,0.00677406,0.127972,0.174501
-1930424573.0,1836920.0,11.65,136,35,0,0,0,1,1
-1930424829.0,1836920.0,0,0,0,0
10,1836920.0,0.09924,0.105927,0.10957,1.69509
11,1836920.0,0.00639,0.128201,0.175701
10,1836920.0,0.09924,0.105848,0.110003,1.69276
11,1836920.0,0.00639,0.128658,0.173302
10,1836920.0,0.09924,0.10514,0.109924,1.6902
11,1836920.0,0.00639,0.127972,0.176101
10,1836920.0,0.09924,0.10514,0.109885,1.6883
11,1836920.0,0.00639,0.128201,0.173702
10,1836920.0,0.09924,0.10514,0.110042,1.68713
11,1836920.0,0.00642841,0.127514,0.173302
10,1836920.0,0.09924,0.10514,0.109846,1.68515
11,1836920.0,0.00639,0.128429,0.179299
10,1836920.0,0.09924,0.10514,0.10957,1.68302
11,1836920.0,0.00639,0.128429,0.1765
10,1836930.0,0.09924,0.105179,0.10957,1.68042
11,1836930.0,0.00681246,0.127514,0.172503
10,1836930.0,0.09924,0.10514,0.10957,1.67848
11,1836930.0,0.00650522,0.127743,0.1777
10,1836930.0,0.09924,0.10514,0.10957,1.67654
11,1836930.0,0.00639,0.128201,0.174102
-1930424573.0,1836930.0,11.65,132,35,0,0,0,1,1
-1930424829.0,1836930.0,0,0,0,0
10,1836930.0,0.09924,0.105455,0.109609,1.67421
11,1836930.0,0.00688928,0.126599,0.167705
10,1836930.0,0.09924,0.10514,0.109767,1.66955
11,1836930.0,0.00696609,0.127972,0.1765
10,1836930.0,0.09924,0.10514,0.10957,1.66381
11,1836930.0,0.00639,0.127743,0.172103
10,1836930.0,0.09924,0.10514,0.109649,1.65865
11,1836930.0,0.00711971,0.126828,0.171703
10,1836930.0,0.09924,0.10514,0.10957,1.65108
11,1836930.0,0.00639,0.128429,0.169304
10,1836930.0,0.09924,0.10514,0.10957,1.64297
11,1836930.0,0.00639,0.128201,0.173702
10,1836930.0,0.09924,0.105612,0.10957,1.62985
11,1836930.0,0.00639,0.129115,0.163308
10,1836940.0,0.09924,0.10514,0.10957,1.61503
11,1836940.0,0.00639,0.128429,0.167305
10,1836940.0,0.09924,0.105573,0.10957,1.59974
11,1836940.0,0.00639,0.128201,0.161309
10,1836940.0,0.09924,0.10514,0.109924,1.5846
11,1836940.0,0.00639,0.127743,0.164507
-1930424573.0,1836940.0,11.65,138,35,0,0,0,1,1
-1930424829.0,1836940.0,0,0,0,0
10,1836940.0,0.09924,0.10514,0.10957,1.57067
11,1836940.0,0.00639,0.127743,0.166106
10,1836940.0,0.09924,0.105848,0.10957,1.55697
11,1836940.0,0.00639,0.128429,0.162508
10,1836940.0,0.09924,0.10514,0.10957,1.54397
11,1836940.0,0.00639,0.127743,0.163708
10,1836940.0,0.09924,0.10514,0.109649,1.53182
11,1836940.0,0.00639,0.127514,0.170504
10,1836940.0,0.09924,0.10514,0.10957,1.52065
11,1836940.0,0.00639,0.127514,0.166906
10,1836940.0,0.09924,0.10514,0.10957,1.5106
11,1836940.0,0.00662043,0.127286,0.161709
10,1836940.0,0.09924,0.10514,0.10957,1.49996
11,1836940.0,0.00639,0.126599,0.162508
10,1836950.0,0.09924,0.10514,0.10957,1.49045
11,1836950.0,0.00639,0.127743,0.164907
10,1836950.0,0.09924,0.10514,0.10957,1.48199
11,1836950.0,0.00639,0.127057,0.161709
10,1836950.0,0.09924,0.105494,0.109688,1.47439
11,1836950.0,0.00658203,0.127743,0.165706
-1930424573.0,1836950.0,11.65,137,35,0,0,0,1,1
-1930424829.0,1836950.0,0,0,0,0
10,1836950.0,0.09924,0.106084,0.109688,1.46535
11,1836950.0,0.00650522,0.128658,0.170504
10,1836950.0,0.09924,0.10514,0.109688,1.4565
11,1836950.0,0.00639,0.127972,0.175701
10,1836950.0,0.09924,0.10514,0.109885,1.44757
11,1836950.0,0.00688928,0.126599,0.172503
10,1836950.0,0.09924,0.106163,0.109806,1.43826
11,1836950.0,0.00639,0.128429,0.1773
10,1836950.0,0.09924,0.105219,0.10957,1.43061
11,1836950.0,0.00639,0.128201,0.175701
10,1836950.0,0.09924,0.105258,0.10957,1.42409
11,1836950.0,0.00639,0.128201,0.169304
10,1836950.0,0.09924,0.10514,0.10957,1.41684
11,1836950.0,0.00639,0.128658,0.180898
10,1836960.0,0.09924,0.10514,0.110042,1.41047
11,1836960.0,0.00639,0.128658,0.174102
10,1836960.0,0.09924,0.10514,0.10957,1.40384
11,1836960.0,0.00639,0.128429,0.179299
10,1836960.0,0.09924,0.10514,0.109885,1.39836
11,1836960.0,0.00658203,0.127286,0.174102
-1930424573.0,1836960.0,11.6625,133,35,0,0,0,1,1
-1930424829.0,1836960.0,0,0,0,0
10,1836960.0,0.09924,0.10514,0.109767,1.39111
11,1836960.0,0.00639,0.128429,0.179698
10,1836960.0,0.09924,0.10514,0.10957,1.38598
11,1836960.0,0.00673565,0.127057,0.169704
10,1836960.0,0.09924,0.10514,0.109767,1.38144
11,1836960.0,0.00639,0.128658,0.170504
12,1836960.0
10,1836960.0,0.09924,0.105651,0.10957,1.37791
11,1836960.0,0.00639,0.128201,0.171703
10,1836960.0,0.09924,0.10514,0.109727,1.37586
11,1836960.0,0.00662043,0.127057,0.164907
10,1836960.0,0.09924,0.105494,0.10957,1.37314
11,1836960.0,0.00639,0.127972,0.166906
10,1836960.0,0.09924,0.105533,0.10957,1.36969
11,1836960.0,0.00639,0.128429,0.168105
10,1836970.0,0.09924,0.105769,0.109767,1.3665
11,1836970.0,0.00639,0.127514,0.164507
10,1836970.0,0.09924,0.10514,0.10957,1.36542
11,1836970.0,0.00639,0.128429,0.171303
10,1836970.0,0.09924,0.10514,0.10957,1.36619
11,1836970.0,0.00639,0.128429,0.164907
-1930424573.0,1836970.0,11.6625,138,35,0,0,0,1,1
-1930424829.0,1836970.0,0,0,0,0
10,1836970.0,0.09924,0.10573,0.109688,1.36701
11,1836970.0,0.00673565,0.127743,0.164907
10,1836970.0,0.09924,0.10514,0.10957,1.36573
11,1836970.0,0.00639,0.127743,0.174102
10,1836970.0,0.09924,0.105219,0.10957,1.36483
11,1836970.0,0.00696609,0.127286,0.160509
10,1836970.0,0.09924,0.10514,0.10957,1.36487
11,1836970.0,0.00639,0.127286,0.168505
10,1836970.0,0.09924,0.105966,0.10957,1.3667
11,1836970.0,0.00639,0.128658,0.165706
10,1836970.0,0.09924,0.105612,0.10957,1.3679
11,1836970.0,0.00639,0.127514,0.163708
10,1836970.0,0.09924,0.10514,0.10957,1.36732
11,1836970.0,0.00639,0.128887,0.168905
10,1836980.0,0.09924,0.105455,0.10957,1.36705
11,1836980.0,0.00654362,0.127286,0.15851
10,1836980.0,0.09924,0.106477,0.10957,1.36747
11,1836980.0,0.00639,0.128201,0.170104
10,1836980.0,0.09924,0.10514,0.109846,1.37139
11,1836980.0,0.00639,0.127514,0.175701
-1930424573.0,1836980.0,11.6958,134,35,0,0,0,1,1
-1930424829.0,1836980.0,0,0,0,0
10,1836980.0,0.09924,0.105455,0.109649,1.3736
11,1836980.0,0.00639,0.127972,0.170903
10,1836980.0,0.09924,0.105415,0.10957,1.37434
11,1836980.0,0.00677406,0.127514,0.168105
10,1836980.0,0.09924,0.10514,0.109806,1.37271
11,1836980.0,0.00639,0.129344,0.178099
10,1836980.0,0.09924,0.105297,0.10957,1.37489
11,1836980.0,0.00639,0.129344,0.178099
10,1836980.0,0.09924,0.10514,0.10957,1.37877
11,1836980.0,0.00639,0.128658,0.174102
10,1836980.0,0.09924,0.105533,0.10957,1.38292
11,1836980.0,0.00639,0.127743,0.173302
10,1836980.0,0.09924,0.10514,0.10957,1.38467
11,1836980.0,0.00673565,0.125913,0.168505
10,1836990.0,0.09924,0.105219,0.10957,1.38501
11,1836990.0,0.00639,0.128658,0.170104
10,1836990.0,0.09924,0.10514,0.10957,1.38812
11,1836990.0,0.00639,0.128201,0.175301
10,1836990.0,0.09924,0.105455,0.10957,1.39437
11,1836990.0,0.00654362,0.127057,0.168105
-1930424573.0,1836990.0,11.6958,132,35,0,0,0,1,1
-1930424829.0,1836990.0,0,0,0,0
10,1836990.0,0.09924,0.10514,0.10957,1.39933
11,1836990.0,0.00642841,0.127972,0.178899
10,1836990.0,0.09924,0.105376,0.10957,1.40201
11,1836990.0,0.00650522,0.127972,0.174102
10,1836990.0,0.09924,0.10514,0.10957,1.40523
11,1836990.0,0.00665884,0.126599,0.164507
10,1836990.0,0.09924,0.105258,0.10957,1.4123
11,1836990.0,0.00639,0.127743,0.164107
10,1836990.0,0.09924,0.10514,0.10957,1.42274
11,1836990.0,0.00639,0.128658,0.170104
10,1836990.0,0.09924,0.105612,0.10957,1.43073
11,1836990.0,0.0070429,0.127514,0.156911
10,1836990.0,0.09924,0.10514,0.10957,1.43341
11,1836990.0,0.00639,0.128201,0.169704
10,1837000.0,0.09924,0.10514,0.10957,1.43605
11,1837000.0,0.00639,0.127514,0.170104
10,1837000.0,0.09924,0.105494,0.10957,1.4459
11,1837000.0,0.00639,0.128201,0.167305
10,1837000.0,0.09924,0.105179,0.10957,1.45999
11,1837000.0,0.00639,0.127743,0.163708
10,1837000.0,0.09924,0.10514,0.10957,1.47066
11,1837000.0,0.00665884,0.127057,0.170504
-1930424573.0,1837000.0,11.6958,137,35,0,0,0,1,1
-1930424829.0,1837000.0,0,0,0,0
10,1837000.0,0.09924,0.105258,0.109767,1.4745
11,1837000.0,0.00639,0.127743,0.165706
10,1837000.0,0.09924,0.105179,0.10957,1.47893
11,1837000.0,0.00639,0.127514,0.166506
10,1837000.0,0.09924,0.10514,0.10957,1.49197
11,1837000.0,0.00639,0.128658,0.165307
10,1837000.0,0.09924,0.10514,0.109806,1.50908
11,1837000.0,0.00639,0.127514,0.167305
10,1837000.0,0.09924,0.105612,0.10957,1.51975
11,1837000.0,0.00639,0.127972,0.166106
10,1837000.0,0.09924,0.105573,0.10957,1.52298
11,1837000.0,0.00639,0.128658,0.170504
10,1837010.0,0.09924,0.10514,0.10957,1.52845
11,1837010.0,0.00639,0.127514,0.169704
10,1837010.0,0.09924,0.10514,0.109688,1.54455
11,1837010.0,0.00639,0.127743,0.167305
10,1837010.0,0.09924,0.10514,0.10957,1.5638
11,1837010.0,0.00696609,0.127057,0.173702
-1930424573.0,1837010.0,11.6958,134,35,0,0,0,1,1
-1930424829.0,1837010.0,0,0,0,0
10,1837010.0,0.09924,0.105966,0.109649,1.57187
11,1837010.0,0.00658203,0.127514,0.1769
10,1837010.0,0.09924,0.105297,0.110042,1.57098
11,1837010.0,0.0070813,0.127057,0.170504
10,1837010.0,0.09924,0.10514,0.10957,1.57381
11,1837010.0,0.00639,0.127743,0.167305
12,1837010.0
10,1837010.0,0.09924,0.105415,0.110042,1.58899
11,1837010.0,0.00650522,0.127514,0.170104
10,1837010.0,0.09924,0.105691,0.109688,1.60544
11,1837010.0,0.00639,0.128429,0.1777
10,1837010.0,0.09924,0.105494,0.10957,1.60777
11,1837010.0,0.00639,0.128429,0.1773
10,1837010.0,0.09924,0.10514,0.10957,1.60028
11,1837010.0,0.00650522,0.126599,0.167705
10,1837020.0,0.09924,0.105769,0.109649,1.59694
11,1837020.0,0.00639,0.128658,0.171703
10,1837020.0,0.09924,0.10514,0.10957,1.60595
11,1837020.0,0.00639,0.128658,0.168905
10,1837020.0,0.09924,0.10514,0.10957,1.61724
11,1837020.0,0.00639,0.128201,0.170104
-1930424573.0,1837020.0,11.6562,134,35,0,0,0,1,1
-1930424829.0,1837020.0,0,0,0,0
10,1837020.0,0.09924,0.105573,0.10957,1.61499
11,1837020.0,0.00639,0.128429,0.172902
10,1837020.0,0.09924,0.10514,0.109688,1.60478
11,1837020.0,0.00639,0.127972,0.162908
10,1837020.0,0.09924,0.10514,0.10957,1.60106
11,1837020.0,0.00639,0.127972,0.172503
10,1837020.0,0.09924,0.10514,0.10957,1.61173
11,1837020.0,0.00654362,0.128429,0.163308
10,1837020.0,0.09924,0.105179,0.10957,1.62321
11,1837020.0,0.00639,0.128201,0.165307
10,1837020.0,0.09924,0.10514,0.109846,1.62155
11,1837020.0,0.00639,0.127972,0.168105
10,1837020.0,0.09924,0.105297,0.10957,1.61301
11,1837020.0,0.00669725,0.126371,0.16011
10,1837030.0,0.09924,0.105219,0.10957,1.6134
11,1837030.0,0.00639,0.127057,0.164907
10,1837030.0,0.09924,0.105415,0.10957,1.62915
11,1837030.0,0.00639,0.127514,0.162508
10,1837030.0,0.09924,0.105848,0.109609,1.64584
11,1837030.0,0.00650522,0.128887,0.162908
-1930424573.0,1837030.0,11.6562,139,35,0,0,0,1,1
-1930424829.0,1837030.0,0,0,0,0
10,1837030.0,0.09924,0.10514,0.10957,1.64689
11,1837030.0,0.00662043,0.127743,0.170104
10,1837030.0,0.09924,0.10514,0.10957,1.64169
11,1837030.0,0.00650522,0.127057,0.162108
10,1837030.0,0.09924,0.10514,0.10957,1.64262
11,1837030.0,0.00639,0.127514,0.166506
10,1837030.0,0.09924,0.105297,0.10957,1.65663
11,1837030.0,0.00639,0.126599,0.167305
10,1837030.0,0.09924,0.105612,0.10957,1.66846
11,1837030.0,0.00639,0.127743,0.169304
10,1837030.0,0.09924,0.105337,0.109806,1.66544
11,1837030.0,0.00639,0.127743,0.170903
10,1837030.0,0.09924,0.105494,0.10957,1.65469
11,1837030.0,0.00639,0.127743,0.168905
10,1837040.0,0.09924,0.105179,0.109609,1.65306
11,1837040.0,0.00639,0.128658,0.172103
10,1837040.0,0.09924,0.105258,0.109924,1.66416
11,1837040.0,0.00639,0.128429,0.173702
10,1837040.0,0.09924,0.105769,0.10957,1.67196
11,1837040.0,0.00639,0.127514,0.1777
-1930424573.0,1837040.0,11.6771,133,35,0,0,0,1,1
-1930424829.0,1837040.0,0,0,0,0
10,1837040.0,0.09924,0.106084,0.109885,1.66439
11,1837040.0,0.00673565,0.126599,0.174501
10,1837040.0,0.09924,0.106045,0.10957,1.64902
11,1837040.0,0.00646681,0.127514,0.1765
10,1837040.0,0.09924,0.105848,0.110003,1.64526
11,1837040.0,0.00688928,0.126599,0.170504
10,1837040.0,0.09924,0.10514,0.109649,1.65539
11,1837040.0,0.00673565,0.127057,0.171703
10,1837040.0,0.09924,0.105927,0.109688,1.66315
11,1837040.0,0.00639,0.127972,0.174501
10,1837040.0,0.09924,0.105455,0.109609,1.65865
11,1837040.0,0.00639,0.127057,0.170104
10,1837040.0,0.09924,0.10514,0.109688,1.64914
11,1837040.0,0.00639,0.127286,0.174901
10,1837050.0,0.09924,0.10514,0.10957,1.64914
11,1837050.0,0.00639,0.128201,0.173302
10,1837050.0,0.09924,0.10514,0.109806,1.66156
11,1837050.0,0.00681246,0.127972,0.170903
10,1837050.0,0.09924,0.10514,0.10957,1.67262
11,1837050.0,0.00639,0.127514,0.171703
-1930424573.0,1837050.0,11.6771,135,35,0,0,0,1,1
-1930424829.0,1837050.0,0,0,0,0
10,1837050.0,0.09924,0.10514,0.109609,1.6706
11,1837050.0,0.00658203,0.128201,0.173302
10,1837050.0,0.09924,0.10514,0.10957,1.66524
11,1837050.0,0.00639,0.127972,0.178099
10,1837050.0,0.09924,0.10514,0.109609,1.66854
11,1837050.0,0.00688928,0.126828,0.164907
10,1837050.0,0.09924,0.10514,0.10957,1.68049
11,1837050.0,0.00639,0.127972,0.170104
10,1837050.0,0.09924,0.105376,0.10957,1.68709
11,1837050.0,0.00639,0.126828,0.162108
10,1837050.0,0.09924,0.105651,0.109846,1.6803
11,1837050.0,0.00662043,0.127743,0.169304
10,1837050.0,0.09924,0.10514,0.10957,1.66885
11,1837050.0,0.00639,0.127743,0.166506
10,1837060.0,0.09924,0.105415,0.10957,1.66703
11,1837060.0,0.00639,0.126599,0.165307
10,1837060.0,0.09924,0.10514,0.10957,1.67514
11,1837060.0,0.00654362,0.127514,0.165307
10,1837060.0,0.09924,0.105887,0.10957,1.6791
11,1837060.0,0.00639,0.127743,0.163308
-1930424573.0,1837060.0,11.6729,137,35,0,0,0,1,1
-1930424829.0,1837060.0,0,0,0,0
10,1837060.0,0.09924,0.10514,0.109885,1.67013
11,1837060.0,0.00639,0.127972,0.164107
10,1837060.0,0.09924,0.10514,0.109688,1.6555
11,1837060.0,0.00646681,0.127514,0.170903
10,1837060.0,0.09924,0.105337,0.109649,1.64976
11,1837060.0,0.00639,0.127286,0.163708
12,1837060.0
10,1837060.0,0.09924,0.105533,0.109964,1.65418
11,1837060.0,0.00639,0.128887,0.166106
10,1837060.0,0.09924,0.10514,0.10957,1.6576
11,1837060.0,0.00639,0.127057,0.173302
10,1837060.0,0.09924,0.105494,0.10957,1.65085
11,1837060.0,0.00662043,0.127286,0.170903
10,1837060.0,0.09924,0.105651,0.109846,1.64079
11,1837060.0,0.00681246,0.127286,0.168905
10,1837070.0,0.09924,0.10514,0.10957,1.6375
11,1837070.0,0.00639,0.128429,0.178899
10,1837070.0,0.09924,0.10514,0.110003,1.64347
11,1837070.0,0.00673565,0.127057,0.170903
10,1837070.0,0.09924,0.10514,0.109609,1.64677
11,1837070.0,0.00646681,0.127743,0.1773
-1930424573.0,1837070.0,11.6729,131,35,0,0,0,1,1
-1930424829.0,1837070.0,0,0,0,0
10,1837070.0,0.09924,0.105179,0.109688,1.64052
11,1837070.0,0.00681246,0.127743,0.173302
10,1837070.0,0.09924,0.10514,0.10957,1.63261
11,1837070.0,0.00639,0.127286,0.168905
10,1837070.0,0.09924,0.105297,0.109649,1.63276
11,1837070.0,0.00639,0.126828,0.172103
10,1837070.0,0.09924,0.106045,0.10957,1.64258
11,1837070.0,0.00639,0.127743,0.170504
10,1837070.0,0.09924,0.10514,0.109688,1.64991
11,1837070.0,0.00639,0.127057,0.166906
10,1837070.0,0.09924,0.10514,0.109649,1.64774
11,1837070.0,0.00639,0.128201,0.167705
10,1837070.0,0.09924,0.106123,0.109688,1.64196
11,1837070.0,0.00650522,0.127972,0.165706
10,1837080.0,0.09924,0.105848,0.109767,1.64417
11,1837080.0,0.00639,0.128658,0.169704
10,1837080.0,0.09924,0.105533,0.109767,1.6557
11,1837080.0,0.00639,0.127743,0.163708
10,1837080.0,0.09924,0.105691,0.10957,1.6659
11,1837080.0,0.00639,0.128429,0.171303
-1930424573.0,1837080.0,11.6729,134,35,0,0,0,1,1
-1930424829.0,1837080.0,0,0,0,0
10,1837080.0,0.09924,0.10514,0.10957,1.66571
11,1837080.0,0.00639,0.127972,0.168105
10,1837080.0,0.09924,0.105966,0.10957,1.66171
11,1837080.0,0.00639,0.128201,0.170504
10,1837080.0,0.09924,0.10514,0.10957,1.66458
11,1837080.0,0.00681246,0.127057,0.160509
10,1837080.0,0.09924,0.10514,0.10957,1.67378
11,1837080.0,0.00639,0.127972,0.161709
10,1837080.0,0.09924,0.105494,0.10957,1.67949
11,1837080.0,0.00646681,0.127057,0.163308
10,1837080.0,0.09924,0.10514,0.109767,1.67471
11,1837080.0,0.00639,0.127514,0.167705
10,1837080.0,0.09924,0.105337,0.10957,1.66629
11,1837080.0,0.00639,0.126828,0.164107
10,1837090.0,0.09924,0.106084,0.109767,1.66544
11,1837090.0,0.00639,0.127972,0.163708
10,1837090.0,0.09924,0.10514,0.110161,1.67289
11,1837090.0,0.00639,0.127514,0.168905
10,1837090.0,0.09924,0.10514,0.110003,1.67755
11,1837090.0,0.00677406,0.128201,0.171303
-1930424573.0,1837090.0,11.6729,136,35,0,0,0,1,1
-1930424829.0,1837090.0,0,0,0,0
10,1837090.0,0.09924,0.10514,0.109767,1.67033
11,1837090.0,0.00639,0.127743,0.167705
10,1837090.0,0.09924,0.105415,0.110042,1.65962
11,1837090.0,0.00696609,0.126599,0.167305
10,1837090.0,0.09924,0.105179,0.10957,1.65434
11,1837090.0,0.00639,0.128658,0.174102
10,1837090.0,0.09924,0.105455,0.109688,1.65915
11,1837090.0,0.00639,0.128201,0.174901
10,1837090.0,0.09924,0.105337,0.109688,1.66354
11,1837090.0,0.00639,0.127514,0.172902
10,1837090.0,0.09924,0.105533,0.110082,1.65748
11,1837090.0,0.00639,0.127972,0.181697
10,1837090.0,0.09924,0.10514,0.110121,1.64669
11,1837090.0,0.00639,0.127514,0.184096
10,1837100.0,0.09924,0.105376,0.109727,1.64312
11,1837100.0,0.00658203,0.126828,0.175701
10,1837100.0,0.09924,0.105769,0.109885,1.64607
11,1837100.0,0.00639,0.128201,0.1773
10,1837100.0,0.09924,0.105258,0.10957,1.64914
11,1837100.0,0.00639,0.128429,0.176101
10,1837100.0,0.09924,0.10514,0.109885,1.64363
11,1837100.0,0.00681246,0.126371,0.174102
-1930424573.0,1837100.0,11.6396,131,35,0,0,0,1,1
-1930424829.0,1837100.0,0,0,0,0
10,1837100.0,0.09924,0.106163,0.109688,1.63552
11,1837100.0,0.00639,0.127286,0.173702
10,1837100.0,0.09924,0.10514,0.109846,1.63416
11,1837100.0,0.00639,0.127972,0.167305
10,1837100.0,0.09924,0.10514,0.10957,1.6427
11,1837100.0,0.00639,0.127514,0.180498
10,1837100.0,0.09924,0.10514,0.10957,1.64813
11,1837100.0,0.00639,0.127743,0.179299
10,1837100.0,0.09924,0.105219,0.10957,1.64572
11,1837100.0,0.00639,0.127972,0.176101
10,1837100.0,0.09924,0.105455,0.10957,1.64033
11,1837100.0,0.00639,0.127286,0.170903
10,1837110.0,0.09924,0.105258,0.10957,1.64258
11,1837110.0,0.00639,0.128201,0.168105
10,1837110.0,0.09924,0.105612,0.109767,1.65333
11,1837110.0,0.00654362,0.127972,0.172503
10,1837110.0,0.09924,0.105219,0.109649,1.6633
11,1837110.0,0.00642841,0.127057,0.167305
-1930424573.0,1837110.0,11.6396,138,35,0,0,0,1,1
-1930424829.0,1837110.0,0,0,0,0
10,1837110.0,0.09924,0.10514,0.10957,1.66439
11,1837110.0,0.00662043,0.127057,0.160909
10,1837110.0,0.09924,0.10514,0.10957,1.66051
11,1837110.0,0.00639,0.127057,0.164507
10,1837110.0,0.09924,0.10514,0.10957,1.66288
11,1837110.0,0.00639,0.127057,0.163708
12,1837110.0
10,1837110.0,0.09924,0.10514,0.10957,1.67165
11,1837110.0,0.00639,0.127286,0.15931
10,1837110.0,0.09924,0.10514,0.10957,1.67894
11,1837110.0,0.00639,0.126828,0.155312
10,1837110.0,0.09924,0.10514,0.10957,1.67576
11,1837110.0,0.00639,0.126599,0.16011
10,1837110.0,0.09924,0.10514,0.10957,1.6694
11,1837110.0,0.00639,0.127057,0.161309
10,1837120.0,0.09924,0.10514,0.10957,1.66959
11,1837120.0,0.00639,0.127057,0.166506
10,1837120.0,0.09924,0.10514,0.10957,1.67735
11,1837120.0,0.00639,0.127514,0.168505
10,1837120.0,0.09924,0.105612,0.109767,1.68096
11,1837120.0,0.00639,0.127972,0.175301
-1930424573.0,1837120.0,11.6458,138,35,0,0,0,1,1
-1930424829.0,1837120.0,0,0,0,0
10,1837120.0,0.09924,0.105415,0.109846,1.67413
11,1837120.0,0.00646681,0.127972,0.176101
10,1837120.0,0.09924,0.10514,0.109885,1.66241
11,1837120.0,0.00639,0.127743,0.171703
10,1837120.0,0.09924,0.10514,0.10957,1.65791
11,1837120.0,0.00639,0.128658,0.174102
10,1837120.0,0.09924,0.106005,0.110003,1.66299
11,1837120.0,0.00658203,0.127514,0.168905
10,1837120.0,0.09924,0.105809,0.109964,1.66633
11,1837120.0,0.00658203,0.126828,0.172503
10,1837120.0,0.09924,0.10514,0.10957,1.65861
11,1837120.0,0.00639,0.127286,0.171703
10,1837120.0,0.09924,0.10514,0.109609,1.64774
11,1837120.0,0.00639,0.127972,0.173302
10,1837130.0,0.09924,0.10514,0.10957,1.64239
11,1837130.0,0.00639,0.127743,0.172902
10,1837130.0,0.09924,0.10514,0.10957,1.64534
11,1837130.0,0.00658203,0.127514,0.176101
10,1837130.0,0.09924,0.10514,0.10957,1.64755
11,1837130.0,0.00639,0.127972,0.171703
-1930424573.0,1837130.0,11.6458,132,35,0,0,0,1,1
-1930424829.0,1837130.0,0,0,0,0
10,1837130.0,0.09924,0.10514,0.10957,1.64254
11,1837130.0,0.00639,0.127286,0.168905
10,1837130.0,0.09924,0.105691,0.10957,1.63544
11,1837130.0,0.00639,0.128429,0.171703
10,1837130.0,0.09924,0.10514,0.109609,1.63431
11,1837130.0,0.00639,0.128201,0.174901
10,1837130.0,0.09924,0.10514,0.109609,1.64254
11,1837130.0,0.00719652,0.126828,0.172503
10,1837130.0,0.09924,0.10514,0.109649,1.64794
11,1837130.0,0.00639,0.127057,0.172103
10,1837130.0,0.09924,0.105415,0.10957,1.64576
11,1837130.0,0.00700449,0.127057,0.164107
10,1837130.0,0.09924,0.105415,0.10957,1.6399
11,1837130.0,0.00639,0.127743,0.171703
10,1837140.0,0.09924,0.105337,0.10957,1.64254
11,1837140.0,0.00639,0.127743,0.167705
10,1837140.0,0.09924,0.10514,0.10957,1.65442
11,1837140.0,0.00639,0.128201,0.172503
10,1837140.0,0.09924,0.10514,0.10957,1.66307
11,1837140.0,0.00639,0.127286,0.160909
-1930424573.0,1837140.0,11.6458,138,35,0,0,0,1,1
-1930424829.0,1837140.0,0,0,0,0
10,1837140.0,0.09924,0.105533,0.10957,1.66206
11,1837140.0,0.00639,0.128201,0.165307
10,1837140.0,0.09924,0.10514,0.10957,1.65589
11,1837140.0,0.00654362,0.127972,0.165706
10,1837140.0,0.09924,0.105691,0.109885,1.65616
11,1837140.0,0.00639,0.127743,0.170104
10,1837140.0,0.09924,0.10514,0.10957,1.66427
11,1837140.0,0.00639,0.128887,0.165307
10,1837140.0,0.09924,0.10514,0.10957,1.66998
11,1837140.0,0.00639,0.127743,0.174102
10,1837140.0,0.09924,0.10514,0.109649,1.66563
11,1837140.0,0.00662043,0.126599,0.162108
10,1837140.0,0.09924,0.105179,0.109767,1.65713
11,1837140.0,0.00658203,0.127743,0.171303
10,1837150.0,0.09924,0.105651,0.109885,1.65535
11,1837150.0,0.00742696,0.127743,0.174501
10,1837150.0,0.09924,0.105179,0.10957,1.66008
11,1837150.0,0.00639,0.127743,0.166906
10,1837150.0,0.09924,0.10514,0.109846,1.66194
11,1837150.0,0.00639,0.127743,0.176101
-1930424573.0,1837150.0,11.6458,135,35,0,0,0,1,1
-1930424829.0,1837150.0,0,0,0,0
10,1837150.0,0.09924,0.105494,0.110003,1.65294
11,1837150.0,0.00639,0.127972,0.170504
10,1837150.0,0.09924,0.105533,0.110121,1.64083
11,1837150.0,0.00639,0.126371,0.174102
10,1837150.0,0.09924,0.105179,0.109806,1.63571
11,1837150.0,0.00639,0.127743,0.1777
10,1837150.0,0.09924,0.105258,0.109649,1.64111
11,1837150.0,0.00639,0.127972,0.167705
10,1837150.0,0.09924,0.105612,0.109767,1.64436
11,1837150.0,0.00688928,0.127972,0.170903
10,1837150.0,0.09924,0.105297,0.10957,1.63688
11,1837150.0,0.00639,0.127514,0.172503
10,1837150.0,0.09924,0.10514,0.109964,1.62667
11,1837150.0,0.00650522,0.127972,0.179299
10,1837160.0,0.09924,0.105533,0.10957,1.62353
11,1837160.0,0.00639,0.128201,0.170903
10,1837160.0,0.09924,0.10514,0.10957,1.63039
11,1837160.0,0.00639,0.127286,0.168105
10,1837160.0,0.09924,0.105297,0.10957,1.63571
11,1837160.0,0.00639,0.128201,0.171303
-1930424573.0,1837160.0,11.6937,131,35,0,0,0,1,1
-1930424829.0,1837160.0,0,0,0,0
10,1837160.0,0.09924,0.10514,0.10957,1.63435
11,1837160.0,0.00639,0.127972,0.184496
10,1837160.0,0.09924,0.10514,0.109649,1.62939
11,1837160.0,0.00650522,0.127514,0.165706
10,1837160.0,0.09924,0.106045,0.109727,1.63183
11,1837160.0,0.00642841,0.127514,0.171303
12,1837160.0
10,1837160.0,0.09924,0.10514,0.10957,1.64246
11,1837160.0,0.00677406,0.128887,0.176101
10,1837160.0,0.09924,0.105258,0.10957,1.64964
11,1837160.0,0.00642841,0.126599,0.164507
10,1837160.0,0.09924,0.105533,0.10957,1.64739
11,1837160.0,0.00639,0.127743,0.168105
10,1837160.0,0.09924,0.10514,0.10957,1.64169
11,1837160.0,0.00639,0.127972,0.161309
10,1837170.0,0.09924,0.105297,0.10957,1.64464
11,1837170.0,0.00665884,0.127057,0.15971
10,1837170.0,0.09924,0.10514,0.10957,1.65585
11,1837170.0,0.00639,0.128201,0.172902
10,1837170.0,0.09924,0.10514,0.10957,1.66416
11,1837170.0,0.00658203,0.127514,0.160509
-1930424573.0,1837170.0,11.6937,137,35,0,0,0,1,1
-1930424829.0,1837170.0,0,0,0,0
10,1837170.0,0.09924,0.105848,0.10957,1.65981
11,1837170.0,0.00639,0.129115,0.167705
10,1837170.0,0.09924,0.10514,0.10957,1.65069
11,1837170.0,0.00639,0.128201,0.168105
10,1837170.0,0.09924,0.10514,0.10957,1.65011
11,1837170.0,0.00650522,0.126828,0.160509
10,1837170.0,0.09924,0.10514,0.109688,1.65818
11,1837170.0,0.00639,0.127972,0.163308
10,1837170.0,0.09924,0.105573,0.10957,1.66284
11,1837170.0,0.00639,0.128201,0.169304
10,1837170.0,0.09924,0.10514,0.109846,1.65756
11,1837170.0,0.00658203,0.127972,0.165307
10,1837170.0,0.09924,0.10514,0.10957,1.64728
11,1837170.0,0.00639,0.127514,0.174501
10,1837180.0,0.09924,0.105337,0.109727,1.64371
11,1837180.0,0.00658203,0.126371,0.166906
10,1837180.0,0.09924,0.105848,0.109964,1.64922
11,1837180.0,0.00639,0.127743,0.173302
10,1837180.0,0.09924,0.105376,0.10957,1.65061
11,1837180.0,0.00639,0.128658,0.171303
-1930424573.0,1837180.0,11.6521,134,35,0,0,0,1,1
-1930424829.0,1837180.0,0,0,0,0
10,1837180.0,0.09924,0.105219,0.10957,1.6413
11,1837180.0,0.00639,0.127743,0.170903
10,1837180.0,0.09924,0.10514,0.10957,1.62822
11,1837180.0,0.00639,0.127514,0.175301
10,1837180.0,0.09924,0.105573,0.109924,1.62504
11,1837180.0,0.00639,0.127743,0.171703
10,1837180.0,0.09924,0.105612,0.109609,1.63233
11,1837180.0,0.00639,0.128201,0.167305
10,1837180.0,0.09924,0.10514,0.109649,1.63602
11,1837180.0,0.00639,0.128429,0.170104
10,1837180.0,0.09924,0.105848,0.10957,1.62931
11,1837180.0,0.00639,0.128429,0.172902
10,1837180.0,0.09924,0.10514,0.109609,1.61945
11,1837180.0,0.00639,0.128429,0.169704
10,1837190.0,0.09924,0.10514,0.10957,1.61794
11,1837190.0,0.00639,0.127972,0.174102
10,1837190.0,0.09924,0.10514,0.109846,1.62826
11,1837190.0,0.00665884,0.127286,0.165706
10,1837190.0,0.09924,0.10514,0.109885,1.63594
11,1837190.0,0.00654362,0.128429,0.171703
-1930424573.0,1837190.0,11.6521,133,35,0,0,0,1,1
-1930424829.0,1837190.0,0,0,0,0
10,1837190.0,0.09924,0.10514,0.10957,1.63396
11,1837190.0,0.00658203,0.126599,0.168905
10,1837190.0,0.09924,0.105887,0.109688,1.62787
11,1837190.0,0.00639,0.128201,0.164907
10,1837190.0,0.09924,0.10514,0.10957,1.63102
11,1837190.0,0.00639,0.128201,0.175701
10,1837190.0,0.09924,0.105337,0.10957,1.64316
11,1837190.0,0.00669725,0.126599,0.167705
10,1837190.0,0.09924,0.10573,0.10957,1.65116
11,1837190.0,0.00639,0.128201,0.163708
10,1837190.0,0.09924,0.105376,0.10957,1.64825
11,1837190.0,0.00639,0.128658,0.15931
10,1837190.0,0.09924,0.10514,0.10957,1.6425
11,1837190.0,0.00669725,0.128201,0.15851
10,1837200.0,0.09924,0.10514,0.10957,1.64471
11,1837200.0,0.00646681,0.127743,0.167305
10,1837200.0,0.09924,0.10514,0.10957,1.65783
11,1837200.0,0.00669725,0.127743,0.160509
10,1837200.0,0.09924,0.105691,0.109806,1.66493
11,1837200.0,0.00639,0.127743,0.15891
10,1837200.0,0.09924,0.10514,0.10957,1.65868
11,1837200.0,0.00639,0.128658,0.171703
-1930424573.0,1837200.0,11.6521,139,35,0,0,0,1,1
-1930424829.0,1837200.0,0,0,0,0
10,1837200.0,0.09924,0.105573,0.109767,1.64743
11,1837200.0,0.00658203,0.127057,0.165307
10,1837200.0,0.09924,0.105612,0.10957,1.64568
11,1837200.0,0.00639,0.128201,0.16011
10,1837200.0,0.09924,0.106084,0.10957,1.65519
11,1837200.0,0.00639,0.128429,0.168905
10,1837200.0,0.09924,0.105297,0.109924,1.66276
11,1837200.0,0.00681246,0.127514,0.168105
10,1837200.0,0.09924,0.10514,0.109649,1.65527
11,1837200.0,0.00639,0.127743,0.162908
10,1837200.0,0.09924,0.105769,0.10957,1.64281
11,1837200.0,0.00639,0.128201,0.169704
10,1837210.0,0.09924,0.105494,0.109767,1.64111
11,1837210.0,0.00669725,0.127743,0.172503
10,1837210.0,0.09924,0.10514,0.109767,1.64762
11,1837210.0,0.00639,0.128201,0.165706
10,1837210.0,0.09924,0.105415,0.10957,1.65151
11,1837210.0,0.00639,0.127743,0.168505
-1930424573.0,1837210.0,11.6521,135,35,0,0,0,1,1
-1930424829.0,1837210.0,0,0,0,0
10,1837210.0,0.09924,0.105219,0.10957,1.64339
11,1837210.0,0.00639,0.128429,0.171303
10,1837210.0,0.09924,0.10514,0.109846,1.63167
11,1837210.0,0.00639,0.128658,0.171303
10,1837210.0,0.09924,0.105533,0.110003,1.62993
11,1837210.0,0.00639,0.127743,0.172902
12,1837210.0
10,1837210.0,0.09924,0.10514,0.109609,1.63924
11,1837210.0,0.00646681,0.127286,0.175301
10,1837210.0,0.09924,0.10514,0.109806,1.64433
11,1837210.0,0.00715812,0.126599,0.174501
10,1837210.0,0.09924,0.105533,0.109767,1.63719
11,1837210.0,0.00639,0.127972,0.172103
10,1837210.0,0.09924,0.105769,0.10957,1.62679
11,1837210.0,0.00639,0.127743,0.175701
10,1837220.0,0.09924,0.10514,0.110003,1.62667
11,1837220.0,0.00639,0.127057,0.171303
10,1837220.0,0.09924,0.10514,0.109767,1.63901
11,1837220.0,0.00639,0.127286,0.174901
10,1837220.0,0.09924,0.105258,0.10957,1.6484
11,1837220.0,0.00662043,0.127286,0.170504
-1930424573.0,1837220.0,11.6708,134,35,0,0,0,1,1
-1930424829.0,1837220.0,0,0,0,0
10,1837220.0,0.09924,0.105415,0.109846,1.6472
11,1837220.0,0.00665884,0.127514,0.166906
10,1837220.0,0.09924,0.10514,0.109767,1.64184
11,1837220.0,0.00658203,0.127972,0.170104
10,1837220.0,0.09924,0.10514,0.10957,1.64619
11,1837220.0,0.00719652,0.126828,0.161309
10,1837220.0,0.09924,0.105612,0.10957,1.66024
11,1837220.0,0.00639,0.127286,0.167305
10,1837220.0,0.09924,0.10514,0.10957,1.67075
11,1837220.0,0.00639,0.128201,0.167305
10,1837220.0,0.09924,0.10514,0.10957,1.66877
11,1837220.0,0.00696609,0.126828,0.166106
10,1837220.0,0.09924,0.10514,0.10957,1.6628
11,1837220.0,0.00650522,0.127743,0.178099
10,1837230.0,0.09924,0.105494,0.10957,1.66641
11,1837230.0,0.00665884,0.126828,0.163308
10,1837230.0,0.09924,0.10514,0.10957,1.68084
11,1837230.0,0.00639,0.128429,0.166106
10,1837230.0,0.09924,0.105455,0.109846,1.6888
11,1837230.0,0.00639,0.128201,0.172103
-1930424573.0,1837230.0,11.6708,131,35,0,0,0,1,3
-1930424829.0,1837230.0,0.502083,0.987498,1.10833,0
10,1837230.0,0.09924,0.105219,0.10957,1.68488
11,1837230.0,0.00646681,0.127057,0.162908
10,1837230.0,0.09924,0.105258,0.10957,1.67584
11,1837230.0,0.00639,0.127972,0.168505
10,1837230.0,0.09924,0.105533,0.10957,1.6777
11,1837230.0,0.00639,0.128201,0.170104
10,1837230.0,0.09924,0.10514,0.109924,1.68899
11,1837230.0,0.00639,0.127514,0.173702
10,1837230.0,0.09924,0.10514,0.109767,1.69481
11,1837230.0,0.00642841,0.128429,0.173302
10,1837230.0,0.09924,0.10514,0.109885,1.68752
11,1837230.0,0.00650522,0.127286,0.165706
10,1837230.0,0.09924,0.105966,0.10957,1.67619
11,1837230.0,0.00639,0.128429,0.1777
10,1837240.0,0.09924,0.105179,0.109806,1.67502
11,1837240.0,0.00639,0.128429,0.179299
10,1837240.0,0.09924,0.10514,0.10957,1.68632
11,1837240.0,0.00639,0.127057,0.169704
10,1837240.0,0.09924,0.10514,0.10957,1.69183
11,1837240.0,0.00639,0.127972,0.182497
-1930424573.0,1837240.0,11.6771,126,35,0,0,0,1,3
-1930424829.0,1837240.0,0.502083,0.987498,1.10833,0
10,1837240.0,0.09924,0.105573,0.109727,1.68403
11,1837240.0,0.00688928,0.127743,0.1769
10,1837240.0,0.09924,0.10514,0.109767,1.6739
11,1837240.0,0.00639,0.127972,0.176101
10,1837240.0,0.09924,0.105573,0.109846,1.67572
11,1837240.0,0.00639,0.128429,0.179698
10,1837240.0,0.09924,0.10514,0.109688,1.68795
11,1837240.0,0.00642841,0.127057,0.170104
10,1837240.0,0.09924,0.105612,0.109609,1.69598
11,1837240.0,0.00646681,0.128658,0.1769
10,1837240.0,0.09924,0.105455,0.10957,1.69062
11,1837240.0,0.00639,0.128887,0.173702
10,1837240.0,0.09924,0.10514,0.109767,1.68461
11,1837240.0,0.00639,0.128201,0.171703
10,1837250.0,0.09924,0.10514,0.10957,1.6888
11,1837250.0,0.00639,0.128201,0.174501
10,1837250.0,0.09924,0.105219,0.10957,1.7049
11,1837250.0,0.00688928,0.128201,0.165706
10,1837250.0,0.09924,0.10514,0.10957,1.71624
11,1837250.0,0.00642841,0.128429,0.168105
-1930424573.0,1837250.0,11.6771,126,35,0,0,0,1,3
-1930424829.0,1837250.0,0.560416,1.10416,1.23958,0
10,1837250.0,0.09924,0.105376,0.10957,1.71263
11,1837250.0,0.00639,0.128887,0.169304
10,1837250.0,0.09924,0.10514,0.10957,1.70514
11,1837250.0,0.00662043,0.127972,0.165706
10,1837250.0,0.09924,0.10514,0.10957,1.70607
11,1837250.0,0.00639,0.128429,0.176101
10,1837250.0,0.09924,0.105337,0.10957,1.71756
11,1837250.0,0.00639,0.127972,0.170504
10,1837250.0,0.09924,0.10514,0.10957,1.72345
11,1837250.0,0.00639,0.128887,0.169704
10,1837250.0,0.09924,0.10514,0.10957,1.71713
11,1837250.0,0.00639,0.128429,0.170104
10,1837250.0,0.09924,0.105219,0.10957,1.70774
11,1837250.0,0.00639,0.127057,0.163708
10,1837260.0,0.09924,0.105297,0.10957,1.70615
11,1837260.0,0.00639,0.128887,0.167705
10,1837260.0,0.09924,0.105573,0.10957,1.71084
11,1837260.0,0.00639,0.128201,0.169304
10,1837260.0,0.09924,0.105258,0.109767,1.71185
11,1837260.0,0.00677406,0.127514,0.173302
-1930424573.0,1837260.0,11.65,129,35,0,0,0,1,1
-1930424829.0,1837260.0,0.560416,1.10416,1.23958,0
10,1837260.0,0.09924,0.10514,0.109609,1.7013
11,1837260.0,0.00639,0.127743,0.178099
10,1837260.0,0.09924,0.10514,0.10957,1.68861
11,1837260.0,0.00658203,0.127743,0.169704
10,1837260.0,0.09924,0.105691,0.109688,1.68445
11,1837260.0,0.00639,0.127743,0.174501
12,1837260.0
10,1837260.0,0.09924,0.10514,0.109767,1.68954
11,1837260.0,0.00639,0.128201,0.181697
10,1837260.0,0.09924,0.10514,0.109767,1.69291
11,1837260.0,0.00692768,0.126599,0.174501
10,1837260.0,0.09924,0.105219,0.109649,1.68593
11,1837260.0,0.00639,0.127972,0.174501
10,1837260.0,0.09924,0.10573,0.109649,1.67595
11,1837260.0,0.00639,0.127286,0.185295
10,1837270.0,0.09924,0.10514,0.109924,1.67231
11,1837270.0,0.00639,0.128658,0.178099
10,1837270.0,0.09924,0.10514,0.10957,1.67658
11,1837270.0,0.00639,0.127972,0.186095
10,1837270.0,0.09924,0.10514,0.110042,1.68131
11,1837270.0,0.00692768,0.127514,0.175301
-1930424573.0,1837270.0,11.65,125,35,0,0,0,1,1
-1930424829.0,1837270.0,0.502083,0.987498,1.10833,0
10,1837270.0,0.09924,0.10514,0.109846,1.67797
11,1837270.0,0.00677406,0.127972,0.179299
10,1837270.0,0.09924,0.10573,0.109688,1.67254
11,1837270.0,0.00639,0.127514,0.170104
10,1837270.0,0.09924,0.105337,0.109885,1.673
11,1837270.0,0.00654362,0.126828,0.174501
10,1837270.0,0.09924,0.10514,0.10957,1.67793
11,1837270.0,0.00639,0.127514,0.1765
10,1837270.0,0.09924,0.105612,0.10957,1.68251
11,1837270.0,0.00639,0.128429,0.1769
10,1837270.0,0.09924,0.10514,0.10957,1.68131
11,1837270.0,0.00639,0.128658,0.1769
10,1837270.0,0.09924,0.10514,0.10957,1.67871
11,1837270.0,0.00639,0.128429,0.182897
10,1837280.0,0.09924,0.105258,0.109649,1.68325
11,1837280.0,0.00639,0.127057,0.168505
10,1837280.0,0.09924,0.10514,0.10957,1.69334
11,1837280.0,0.00639,0.127514,0.174501
10,1837280.0,0.09924,0.105415,0.10957,1.70114
11,1837280.0,0.00639,0.127972,0.165706
-1930424573.0,1837280.0,11.65,132,35,0,0,0,1,1
-1930424829.0,1837280.0,0.329166,0.647916,0.729166,0
10,1837280.0,0.09924,0.10514,0.10957,1.70071
11,1837280.0,0.00639,0.128658,0.167705
10,1837280.0,0.09924,0.105809,0.109688,1.6973
11,1837280.0,0.00639,0.128201,0.170104
10,1837280.0,0.09924,0.10514,0.10957,1.69807
11,1837280.0,0.00639,0.129344,0.168505
10,1837280.0,0.09924,0.105573,0.109609,1.70525
11,1837280.0,0.00639,0.128201,0.164107
10,1837280.0,0.09924,0.10514,0.10957,1.71146
11,1837280.0,0.00639,0.128429,0.172503
10,1837280.0,0.09924,0.10514,0.10957,1.71104
11,1837280.0,0.00639,0.126828,0.160909
10,1837280.0,0.09924,0.105415,0.10957,1.70584
11,1837280.0,0.00639,0.127743,0.166506
10,1837290.0,0.09924,0.10514,0.10957,1.70382
11,1837290.0,0.00665884,0.126828,0.164507
10,1837290.0,0.09924,0.10514,0.109609,1.70611
11,1837290.0,0.00639,0.127286,0.169304
10,1837290.0,0.09924,0.10514,0.10957,1.70696
11,1837290.0,0.00639,0.127514,0.170504
-1930424573.0,1837290.0,11.65,135,35,0,0,0,1,1
-1930424829.0,1837290.0,0.247916,0.489583,0.549999,0
10,1837290.0,0.09924,0.105337,0.10957,1.70289
11,1837290.0,0.00681246,0.126828,0.161709
10,1837290.0,0.09924,0.106045,0.109688,1.69544
11,1837290.0,0.00639,0.127743,0.174102
10,1837290.0,0.09924,0.10514,0.10957,1.69198
11,1837290.0,0.00639,0.129115,0.174102
10,1837290.0,0.09924,0.105533,0.10957,1.69326
11,1837290.0,0.00639,0.127514,0.172902
10,1837290.0,0.09924,0.10514,0.109767,1.69284
11,1837290.0,0.00639,0.127514,0.180498
10,1837290.0,0.09924,0.105219,0.10957,1.68566
11,1837290.0,0.00646681,0.127286,0.170903
10,1837290.0,0.09924,0.105573,0.10957,1.67549
11,1837290.0,0.00639,0.128658,0.179299
10,1837300.0,0.09924,0.10514,0.10957,1.67064
11,1837300.0,0.00639,0.127743,0.184096
10,1837300.0,0.09924,0.105612,0.10957,1.67242
11,1837300.0,0.00654362,0.127972,0.173702
10,1837300.0,0.09924,0.10514,0.109688,1.67456
11,1837300.0,0.00639,0.127286,0.175701
10,1837300.0,0.09924,0.105691,0.10957,1.67165
11,1837300.0,0.00639,0.127057,0.170104
-1930424573.0,1837300.0,11.6521,130,35,0,0,0,1,1
-1930424829.0,1837300.0,0.197916,0.391666,0.439583,0
10,1837300.0,0.09924,0.105494,0.109846,1.66711
11,1837300.0,0.00662043,0.127743,0.176101
10,1837300.0,0.09924,0.10514,0.10957,1.6647
11,1837300.0,0.00639,0.127743,0.179698
10,1837300.0,0.09924,0.10514,0.109609,1.67021
11,1837300.0,0.00685087,0.127057,0.169704
10,1837300.0,0.09924,0.106045,0.10957,1.67475
11,1837300.0,0.00639,0.128429,0.168505
10,1837300.0,0.09924,0.10514,0.10957,1.67529
11,1837300.0,0.00692768,0.128201,0.1765
10,1837300.0,0.09924,0.105455,0.109767,1.67522
11,1837300.0,0.00665884,0.127972,0.169304
10,1837310.0,0.09924,0.105612,0.10957,1.67883
11,1837310.0,0.00646681,0.127514,0.167305
10,1837310.0,0.09924,0.105533,0.10957,1.68861
11,1837310.0,0.00639,0.127972,0.168105
10,1837310.0,0.09924,0.10514,0.10957,1.69617
11,1837310.0,0.00665884,0.126828,0.15931
-1930424573.0,1837310.0,11.6521,135,35,0,0,0,1,1
-1930424829.0,1837310.0,0.166666,0.327083,0.368749,0
10,1837310.0,0.09924,0.10514,0.10957,1.69462
11,1837310.0,0.00639,0.128429,0.170504
10,1837310.0,0.09924,0.10514,0.10957,1.69171
11,1837310.0,0.00677406,0.126371,0.165706
10,1837310.0,0.09924,0.10514,0.109806,1.69202
11,1837310.0,0.00662043,0.127743,0.169704
12,1837310.0
10,1837310.0,0.09924,0.105337,0.10957,1.69835
11,1837310.0,0.00639,0.127514,0.166906
10,1837310.0,0.09924,0.10514,0.109649,1.703
11,1837310.0,0.00639,0.127514,0.170104
10,1837310.0,0.09924,0.10514,0.10957,1.69947
11,1837310.0,0.00646681,0.127972,0.168905
10,1837310.0,0.09924,0.10573,0.10957,1.69121
11,1837310.0,0.00639,0.128429,0.168905
10,1837320.0,0.09924,0.105415,0.109688,1.68798
11,1837320.0,0.00639,0.128887,0.169704
10,1837320.0,0.09924,0.10514,0.109688,1.68787
11,1837320.0,0.00639,0.128658,0.1773
10,1837320.0,0.09924,0.10514,0.109806,1.68841
11,1837320.0,0.00658203,0.126599,0.170903
-1930424573.0,1837320.0,11.6812,135,35,0,0,0,1,1
-1930424829.0,1837320.0,0.139583,0.272916,0.308333,0
10,1837320.0,0.09924,0.105494,0.109767,1.68193
11,1837320.0,0.00639,0.127972,0.172103
10,1837320.0,0.09924,0.105219,0.10957,1.67343
11,1837320.0,0.00639,0.127972,0.1777
10,1837320.0,0.09924,0.10514,0.10957,1.67006
11,1837320.0,0.00639,0.129344,0.1765
10,1837320.0,0.09924,0.10514,0.10957,1.67277
11,1837320.0,0.00639,0.128658,0.180098
10,1837320.0,0.09924,0.10514,0.109609,1.67351
11,1837320.0,0.00715812,0.128201,0.176101
10,1837320.0,0.09924,0.10514,0.109767,1.6678
11,1837320.0,0.00688928,0.128201,0.1765
10,1837320.0,0.09924,0.105455,0.109767,1.65977
11,1837320.0,0.00639,0.128429,0.178099
10,1837330.0,0.09924,0.10514,0.10957,1.6581
11,1837330.0,0.00639,0.127972,0.174501
10,1837330.0,0.09924,0.10514,0.10957,1.66307
11,1837330.0,0.00639,0.128429,0.178899
10,1837330.0,0.09924,0.105415,0.109609,1.66874
11,1837330.0,0.00688928,0.127514,0.172503
-1930424573.0,1837330.0,11.6812,129,35,0,0,0,1,1
-1930424829.0,1837330.0,0.125,0.247916,0.279166,0
10,1837330.0,0.09924,0.10514,0.109727,1.66656
11,1837330.0,0.00639,0.128429,0.170104
10,1837330.0,0.09924,0.10514,0.10957,1.66233
11,1837330.0,0.00654362,0.127057,0.174501
10,1837330.0,0.09924,0.106005,0.10957,1.66346
11,1837330.0,0.00639,0.128201,0.174501
10,1837330.0,0.09924,0.10514,0.10957,1.67075
11,1837330.0,0.00639,0.127514,0.172902
10,1837330.0,0.09924,0.105494,0.110239,1.67867
11,1837330.0,0.00639,0.126599,0.167305
10,1837330.0,0.09924,0.105691,0.10957,1.67983
11,1837330.0,0.00639,0.128887,0.170903
10,1837330.0,0.09924,0.10514,0.109609,1.67863
11,1837330.0,0.00639,0.128429,0.172503
10,1837340.0,0.09924,0.105297,0.10957,1.68341
11,1837340.0,0.00639,0.127972,0.164107
10,1837340.0,0.09924,0.10514,0.10957,1.69256
11,1837340.0,0.00654362,0.127743,0.175701
10,1837340.0,0.09924,0.105376,0.10957,1.69889
11,1837340.0,0.00685087,0.126828,0.165307
-1930424573.0,1837340.0,11.6812,135,35,0,0,0,1,1
-1930424829.0,1837340.0,0.108333,0.2125,0.239583,0
10,1837340.0,0.09924,0.10514,0.10957,1.69633
11,1837340.0,0.00639,0.127514,0.172503
10,1837340.0,0.09924,0.10514,0.10957,1.69171
11,1837340.0,0.00639,0.128887,0.175301
10,1837340.0,0.09924,0.10514,0.10957,1.69287
11,1837340.0,0.00658203,0.128201,0.163308
10,1837340.0,0.09924,0.105966,0.10957,1.69982
11,1837340.0,0.00639,0.129344,0.165706
10,1837340.0,0.09924,0.10514,0.10957,1.703
11,1837340.0,0.00639,0.128429,0.172503
10,1837340.0,0.09924,0.105415,0.109609,1.69838
11,1837340.0,0.00677406,0.127057,0.165307
10,1837340.0,0.09924,0.10514,0.109846,1.68911
11,1837340.0,0.00639,0.127514,0.170504
10,1837350.0,0.09924,0.10514,0.10957,1.68531
11,1837350.0,0.00639,0.126599,0.171303
10,1837350.0,0.09924,0.105337,0.109688,1.68744
11,1837350.0,0.00639,0.127743,0.173302
10,1837350.0,0.09924,0.10514,0.109609,1.68841
11,1837350.0,0.00639,0.128429,0.179299
-1930424573.0,1837350.0,11.6812,135,35,0,0,0,1,1
-1930424829.0,1837350.0,0.0979165,0.19375,0.21875,0
10,1837350.0,0.09924,0.105258,0.109609,1.6822
11,1837350.0,0.00646681,0.127286,0.173302
10,1837350.0,0.09924,0.10514,0.109649,1.67281
11,1837350.0,0.00639,0.127743,0.178899
10,1837350.0,0.09924,0.10514,0.10957,1.66943
11,1837350.0,0.00639,0.127057,0.172503
10,1837350.0,0.09924,0.105927,0.109806,1.67254
11,1837350.0,0.00639,0.127514,0.1777
10,1837350.0,0.09924,0.10514,0.10957,1.6718
11,1837350.0,0.00642841,0.127972,0.178099
10,1837350.0,0.09924,0.10514,0.10957,1.66555
11,1837350.0,0.00642841,0.127286,0.174102
10,1837350.0,0.09924,0.10514,0.10957,1.65709
11,1837350.0,0.00639,0.127972,0.174501
10,1837350.0,0.09924,0.105809,0.109688,1.65663
11,1837360.0,0.00639,0.128429,0.178099
10,1837360.0,0.09924,0.10514,0.10957,1.6635
11,1837360.0,0.00681246,0.126371,0.174102
10,1837360.0,0.09924,0.105219,0.10957,1.66885
11,1837360.0,0.00639,0.127743,0.175301
-1930424573.0,1837360.0,11.6437,131,35,0,0,0,1,1
-1930424829.0,1837360.0,0.0895832,0.177083,0.2,0
10,1837360.0,0.09924,0.105573,0.109727,1.66703
11,1837360.0,0.00639,0.127972,0.170504
10,1837360.0,0.09924,0.105337,0.109727,1.66295
11,1837360.0,0.00639,0.127972,0.173302
10,1837360.0,0.09924,0.10514,0.10957,1.66474
11,1837360.0,0.00639,0.129115,0.168905
12,1837360.0
10,1837360.0,0.09924,0.105337,0.10957,1.67537
11,1837360.0,0.00654362,0.127514,0.167705
10,1837360.0,0.09924,0.105651,0.10957,1.68325
11,1837360.0,0.00639,0.127743,0.166906
10,1837360.0,0.09924,0.105219,0.10957,1.68453
11,1837360.0,0.00639,0.127514,0.169304
10,1837360.0,0.09924,0.10514,0.10957,1.6829
11,1837360.0,0.00639,0.127972,0.166106
10,1837360.0,0.09924,0.10514,0.10957,1.68736
11,1837370.0,0.00639,0.128429,0.168905
10,1837370.0,0.09924,0.10514,0.10957,1.69738
11,1837370.0,0.00715812,0.127514,0.166106
10,1837370.0,0.09924,0.10514,0.10957,1.70223
11,1837370.0,0.00639,0.129115,0.171703
-1930424573.0,1837370.0,11.6437,137,35,0,0,0,1,1
-1930424829.0,1837370.0,0.0749999,0.15,0.16875,0
10,1837370.0,0.09924,0.10514,0.10957,1.69835
11,1837370.0,0.00654362,0.127286,0.167705
10,1837370.0,0.09924,0.105848,0.109885,1.69175
11,1837370.0,0.00642841,0.127743,0.163708
10,1837370.0,0.09924,0.105219,0.10957,1.69152
11,1837370.0,0.00654362,0.128429,0.172503
10,1837370.0,0.09924,0.10514,0.10957,1.69846
11,1837370.0,0.00650522,0.127286,0.163308
10,1837370.0,0.09924,0.106005,0.109649,1.70075
11,1837370.0,0.00639,0.128201,0.169304
10,1837370.0,0.09924,0.10514,0.10957,1.69225
11,1837370.0,0.00639,0.127743,0.168105
10,1837370.0,0.09924,0.105258,0.109688,1.68201
11,1837370.0,0.00688928,0.127057,0.166106
10,1837370.0,0.09924,0.10514,0.109649,1.67615
11,1837380.0,0.00639,0.127972,0.1765
10,1837380.0,0.09924,0.105769,0.109727,1.67921
11,1837380.0,0.00639,0.127743,0.176101
10,1837380.0,0.09924,0.105219,0.10957,1.68131
11,1837380.0,0.00639,0.127972,0.172103
-1930424573.0,1837380.0,11.6646,135,35,0,0,0,1,1
-1930424829.0,1837380.0,0.0749999,0.15,0.16875,0
10,1837380.0,0.09924,0.105809,0.10957,1.67448
11,1837380.0,0.00639,0.128201,0.176101
10,1837380.0,0.09924,0.10514,0.109846,1.66594
11,1837380.0,0.00658203,0.126828,0.178499
10,1837380.0,0.09924,0.10514,0.109806,1.66354
11,1837380.0,0.00654362,0.128201,0.179698
10,1837380.0,0.09924,0.10514,0.10957,1.66749
11,1837380.0,0.00692768,0.127057,0.1773
10,1837380.0,0.09924,0.10573,0.10957,1.66951
11,1837380.0,0.00658203,0.128658,0.180098
10,1837380.0,0.09924,0.10514,0.10957,1.66369
11,1837380.0,0.00639,0.128658,0.179299
10,1837380.0,0.09924,0.10514,0.10957,1.65888
11,1837380.0,0.00639,0.127514,0.1769
10,1837380.0,0.09924,0.10514,0.109846,1.66047
11,1837390.0,0.00639,0.128201,0.182097
10,1837390.0,0.09924,0.10514,0.10957,1.66971
11,1837390.0,0.00639,0.126828,0.170903
10,1837390.0,0.09924,0.105809,0.109924,1.6763
11,1837390.0,0.00677406,0.128201,0.171303
-1930424573.0,1837390.0,11.6646,133,35,0,0,0,1,0
-1930424829.0,1837390.0,0.0666666,0.133333,0.15,0
10,1838760.0,0.09924,0.106045,0.10957,1.66691
11,1838760.0,0.00642841,0.126828,0.168505
10,1838760.0,0.09924,0.10514,0.10957,1.66916
11,1838760.0,0.00658203,0.127743,0.174102
10,1838760.0,0.09924,0.105651,0.10957,1.6763
11,1838760.0,0.00639,0.127286,0.163708
12,1838760.0
10,1838760.0,0.09924,0.10514,0.10957,1.68643
11,1838760.0,0.00639,0.127514,0.174501
10,1838760.0,0.09924,0.105887,0.10957,1.69594
11,1838760.0,0.00639,0.127972,0.174501
10,1838760.0,0.09924,0.10514,0.10957,1.70281
11,1838760.0,0.00639,0.127972,0.168105
10,1838760.0,0.09924,0.105258,0.10957,1.70712
11,1838760.0,0.00639,0.128887,0.168905
10,1838770.0,0.09924,0.105455,0.10957,1.70801
11,1838770.0,0.00639,0.127743,0.166506
10,1838770.0,0.09924,0.10514,0.10957,1.70444
11,1838770.0,0.00639,0.128201,0.174501
10,1838770.0,0.09924,0.10514,0.10957,1.69916
11,1838770.0,0.00665884,0.126828,0.163308
-1930424573.0,1838770.0,11.6833,139,35,0,0,0,2,1
-1930424829.0,1838770.0,0,0,0,0
10,1838770.0,0.09924,0.10514,0.10957,1.69241
11,1838770.0,0.00639,0.127972,0.166906
10,1838770.0,0.09924,0.105258,0.10957,1.68445
11,1838770.0,0.00639,0.127743,0.164907
10,1838770.0,0.09924,0.10514,0.10957,1.67673
11,1838770.0,0.00639,0.126371,0.163708
10,1838770.0,0.09924,0.10514,0.109727,1.67056
11,1838770.0,0.00639,0.128201,0.169304
10,1838770.0,0.09924,0.105297,0.10957,1.66641
11,1838770.0,0.00650522,0.127743,0.165706
10,1838770.0,0.09924,0.105927,0.10957,1.66711
11,1838770.0,0.00639,0.128658,0.164107
10,1838770.0,0.09924,0.10514,0.10957,1.67153
11,1838770.0,0.00646681,0.128658,0.176101
10,1838770.0,0.09924,0.10514,0.109727,1.67972
11,1838780.0,0.00696609,0.126599,0.167305
10,1838780.0,0.09924,0.105258,0.109609,1.68954
11,1838780.0,0.00639,0.127514,0.172103
10,1838780.0,0.09924,0.10514,0.10957,1.69773
11,1838780.0,0.00639,0.128429,0.182897
-1930424573.0,1838780.0,11.6937,136,35,0,0,0,2,1
-1930424829.0,1838780.0,0,0,0,0
10,1838780.0,0.09924,0.10514,0.109609,1.70413
11,1838780.0,0.00650522,0.127057,0.173702
10,1838780.0,0.09924,0.105179,0.10957,1.70607
11,1838780.0,0.00642841,0.128429,0.178499
10,1838780.0,0.09924,0.10514,0.109609,1.7049
11,1838780.0,0.00685087,0.127057,0.172103
10,1838780.0,0.09924,0.10573,0.10957,1.70013
11,1838780.0,0.00639,0.127743,0.1773
10,1838780.0,0.09924,0.10514,0.109767,1.69315
11,1838780.0,0.00639,0.127514,0.1773
10,1838780.0,0.09924,0.105376,0.10957,1.68585
11,1838780.0,0.00646681,0.127972,0.180098
10,1838780.0,0.09924,0.10514,0.109688,1.6796
11,1838780.0,0.00692768,0.126371,0.170104
10,1838790.0,0.09924,0.105573,0.10957,1.67246
11,1838790.0,0.00639,0.128429,0.179299
10,1838790.0,0.09924,0.10514,0.10957,1.66901
11,1838790.0,0.00639,0.127743,0.172902
10,1838790.0,0.09924,0.10514,0.109806,1.66761
11,1838790.0,0.00639,0.127514,0.179698
-1930424573.0,1838790.0,11.6937,133,35,0,0,0,2,1
-1930424829.0,1838790.0,0,0,0,0
10,1838790.0,0.09924,0.105179,0.10957,1.67192
11,1838790.0,0.00639,0.128429,0.174901
10,1838790.0,0.09924,0.105691,0.10957,1.67898
11,1838790.0,0.00639,0.127972,0.178899
10,1838790.0,0.09924,0.10514,0.10957,1.68907
11,1838790.0,0.00646681,0.127972,0.172503
10,1838790.0,0.09924,0.10514,0.10957,1.69943
11,1838790.0,0.00639,0.127743,0.163708
10,1838790.0,0.09924,0.10514,0.10957,1.70805
11,1838790.0,0.00639,0.128887,0.166106
10,1838790.0,0.09924,0.10514,0.10957,1.71173
11,1838790.0,0.00639,0.128658,0.169704
10,1838790.0,0.09924,0.10514,0.10957,1.70948
11,1838790.0,0.00677406,0.127057,0.168505
10,1838790.0,0.09924,0.10514,0.10957,1.70102
11,1838800.0,0.00639,0.127286,0.167705
10,1838800.0,0.09924,0.105455,0.10957,1.6928
11,1838800.0,0.00639,0.127514,0.163308
10,1838800.0,0.09924,0.10514,0.10957,1.68806
11,1838800.0,0.00650522,0.127514,0.166106
10,1838800.0,0.09924,0.105809,0.10957,1.68391
11,1838800.0,0.00639,0.128887,0.173302
-1930424573.0,1838800.0,11.6937,138,35,0,0,0,2,1
-1930424829.0,1838800.0,0,0,0,0
10,1838800.0,0.09924,0.10514,0.10957,1.67576
11,1838800.0,0.00654362,0.127743,0.163308
10,1838800.0,0.09924,0.105337,0.109688,1.66641
11,1838800.0,0.00639,0.127743,0.164107
10,1838800.0,0.09924,0.105455,0.10957,1.66253
11,1838800.0,0.00639,0.128429,0.170903
10,1838800.0,0.09924,0.105219,0.109727,1.66718
11,1838800.0,0.00700449,0.127286,0.164107
10,1838800.0,0.09924,0.10514,0.109609,1.67557
11,1838800.0,0.00662043,0.128887,0.173702
10,1838800.0,0.09924,0.10573,0.109806,1.68441
11,1838800.0,0.00639,0.128201,0.171703
10,1838800.0,0.09924,0.105337,0.10957,1.69295
11,1838810.0,0.00639,0.127972,0.172103
10,1838810.0,0.09924,0.105337,0.109767,1.70219
11,1838810.0,0.00639,0.128887,0.170903
10,1838810.0,0.09924,0.10514,0.10957,1.7091
11,1838810.0,0.00639,0.128887,0.179299
-1930424573.0,1838810.0,11.6937,133,35,0,0,0,2,1
-1930424829.0,1838810.0,0,0,0,0
10,1838810.0,0.09924,0.105297,0.10957,1.71189
11,1838810.0,0.00639,0.127972,0.174901
10,1838810.0,0.09924,0.10514,0.10957,1.70525
11,1838810.0,0.00639,0.127743,0.1765
10,1838810.0,0.09924,0.105179,0.10957,1.69466
11,1838810.0,0.00639,0.127286,0.173702
12,1838810.0
10,1838810.0,0.09924,0.10514,0.10957,1.68593
11,1838810.0,0.00646681,0.127972,0.179698
10,1838810.0,0.09924,0.105887,0.109688,1.67921
11,1838810.0,0.00639,0.128658,0.1777
10,1838810.0,0.09924,0.10514,0.109727,1.67463
11,1838810.0,0.00639,0.128201,0.170903
10,1838810.0,0.09924,0.10514,0.109767,1.66652
11,1838810.0,0.00639,0.128429,0.181298
10,1838810.0,0.09924,0.10514,0.109727,1.66047
11,1838820.0,0.00719652,0.127057,0.172103
10,1838820.0,0.09924,0.10514,0.109649,1.65903
11,1838820.0,0.00665884,0.127514,0.170104
10,1838820.0,0.09924,0.105415,0.10957,1.66586
11,1838820.0,0.00639,0.127514,0.173702
-1930424573.0,1838820.0,11.6687,133,35,0,0,0,2,1
-1930424829.0,1838820.0,0,0,0,0
10,1838820.0,0.09924,0.10514,0.110042,1.67739
11,1838820.0,0.00665884,0.127743,0.171703
10,1838820.0,0.09924,0.105573,0.10957,1.68876
11,1838820.0,0.00639,0.128658,0.165706
10,1838820.0,0.09924,0.10514,0.10957,1.69827
11,1838820.0,0.00639,0.128429,0.178899
10,1838820.0,0.09924,0.105179,0.10957,1.70653
11,1838820.0,0.00669725,0.127286,0.163308
10,1838820.0,0.09924,0.10514,0.10957,1.71108
11,1838820.0,0.00681246,0.126828,0.162108
10,1838820.0,0.09924,0.10514,0.109767,1.70972
11,1838820.0,0.00639,0.127514,0.172503
10,1838820.0,0.09924,0.105612,0.10957,1.70366
11,1838820.0,0.00677406,0.127286,0.168505
10,1838820.0,0.09924,0.105415,0.10957,1.69427
11,1838830.0,0.00700449,0.127057,0.163308
10,1838830.0,0.09924,0.10514,0.10957,1.685
11,1838830.0,0.00639,0.127286,0.156911
10,1838830.0,0.09924,0.10514,0.109767,1.67836
11,1838830.0,0.00639,0.127514,0.168505
-1930424573.0,1838830.0,11.6687,137,35,0,0,0,2,1
-1930424829.0,1838830.0,0,0,0,0
10,1838830.0,0.09924,0.105691,0.10957,1.67196
11,1838830.0,0.00639,0.128201,0.168505
10,1838830.0,0.09924,0.105612,0.109924,1.66544
11,1838830.0,0.00715812,0.126599,0.170903
10,1838830.0,0.09924,0.10514,0.10957,1.6602
11,1838830.0,0.00639,0.128201,0.1777
10,1838830.0,0.09924,0.105455,0.109688,1.66101
11,1838830.0,0.00639,0.128201,0.169304
10,1838830.0,0.09924,0.10514,0.10957,1.66761
11,1838830.0,0.00639,0.128658,0.1769
10,1838830.0,0.09924,0.10514,0.109924,1.67929
11,1838830.0,0.00654362,0.128201,0.1765
10,1838830.0,0.09924,0.105376,0.109806,1.69155
11,1838830.0,0.00639,0.128887,0.172103
10,1838830.0,0.09924,0.10514,0.109609,1.70153
11,1838840.0,0.00700449,0.127057,0.174102
10,1838840.0,0.09924,0.105455,0.109727,1.70855
11,1838840.0,0.00642841,0.126599,0.172103
10,1838840.0,0.09924,0.105376,0.10957,1.71014
11,1838840.0,0.00639,0.128429,0.178499
-1930424573.0,1838840.0,11.6771,133,35,0,0,0,2,1
-1930424829.0,1838840.0,0,0,0,0
10,1838840.0,0.09924,0.10514,0.109688,1.70549
11,1838840.0,0.00665884,0.127286,0.176101
10,1838840.0,0.09924,0.10514,0.10957,1.68927
11,1838840.0,0.00639,0.129344,0.178099
10,1838840.0,0.09924,0.10514,0.10957,1.6678
11,1838840.0,0.00639,0.128429,0.178499
10,1838840.0,0.09924,0.10514,0.109806,1.64433
11,1838840.0,0.00639,0.127514,0.1777
10,1838840.0,0.09924,0.105258,0.109688,1.62333
11,1838840.0,0.00723493,0.127286,0.167705
10,1838840.0,0.09924,0.105258,0.10957,1.60137
11,1838840.0,0.00642841,0.128429,0.170903
10,1838840.0,0.09924,0.10514,0.109609,1.58033
11,1838840.0,0.00650522,0.127286,0.178899
10,1838840.0,0.09924,0.105337,0.109767,1.55891
11,1838850.0,0.00662043,0.127743,0.167305
10,1838850.0,0.09924,0.10514,0.10957,1.54024
11,1838850.0,0.00639,0.128429,0.170504
10,1838850.0,0.09924,0.105533,0.10957,1.52604
11,1838850.0,0.00639,0.128201,0.166106
-1930424573.0,1838850.0,11.6771,136,35,0,0,0,2,1
-1930424829.0,1838850.0,0,0,0,0
10,1838850.0,0.09924,0.10514,0.10957,1.5182
11,1838850.0,0.00639,0.128658,0.173702
10,1838850.0,0.09924,0.105573,0.10957,1.5123
11,1838850.0,0.00639,0.127972,0.164907
10,1838850.0,0.09924,0.10514,0.10957,1.50167
11,1838850.0,0.00665884,0.127286,0.166906
10,1838850.0,0.09924,0.10514,0.109727,1.48494
11,1838850.0,0.00662043,0.128658,0.171303
10,1838850.0,0.09924,0.10514,0.10957,1.4721
11,1838850.0,0.00639,0.127286,0.16011
10,1838850.0,0.09924,0.106084,0.10957,1.46278
11,1838850.0,0.00639,0.128887,0.164907
10,1838850.0,0.09924,0.10514,0.10957,1.45933
11,1838850.0,0.00639,0.128887,0.172103
10,1838850.0,0.09924,0.10514,0.10957,1.45549
11,1838860.0,0.00646681,0.126371,0.164107
10,1838860.0,0.09924,0.10573,0.10957,1.44839
11,1838860.0,0.00639,0.127743,0.169704
10,1838860.0,0.09924,0.105494,0.10957,1.43888
11,1838860.0,0.00639,0.128658,0.168505
-1930424573.0,1838860.0,11.7062,139,35,0,0,0,2,1
-1930424829.0,1838860.0,0,0,0,0
10,1838860.0,0.09924,0.105179,0.109649,1.42995
11,1838860.0,0.00639,0.127286,0.168105
10,1838860.0,0.09924,0.105651,0.10957,1.42363
11,1838860.0,0.00639,0.126371,0.163308
10,1838860.0,0.09924,0.105219,0.10957,1.41754
11,1838860.0,0.00639,0.127743,0.172503
12,1838860.0
10,1838860.0,0.09924,0.10514,0.109806,1.41265
11,1838860.0,0.00639,0.128429,0.172902
10,1838860.0,0.09924,0.105769,0.109885,1.4083
11,1838860.0,0.00696609,0.127743,0.1769
10,1838860.0,0.09924,0.105297,0.10957,1.40267
11,1838860.0,0.00639,0.127057,0.1777
10,1838860.0,0.09924,0.10514,0.109727,1.39774
11,1838860.0,0.00639,0.127743,0.180098
10,1838860.0,0.09924,0.10514,0.109649,1.39285
11,1838870.0,0.00681246,0.127286,0.176101
10,1838870.0,0.09924,0.105612,0.10957,1.38858
11,1838870.0,0.00639,0.128658,0.178099
10,1838870.0,0.09924,0.105415,0.109649,1.38575
11,1838870.0,0.00685087,0.127972,0.173702
-1930424573.0,1838870.0,11.7062,133,35,0,0,0,2,1
-1930424829.0,1838870.0,0,0,0,0
10,1838870.0,0.09924,0.10514,0.110121,1.38358
11,1838870.0,0.00639,0.126371,0.172902
10,1838870.0,0.09924,0.10514,0.10957,1.38203
11,1838870.0,0.00673565,0.128429,0.1773
10,1838870.0,0.09924,0.10514,0.109767,1.38125
11,1838870.0,0.00658203,0.127972,0.180898
10,1838870.0,0.09924,0.10514,0.109688,1.38032
11,1838870.0,0.00639,0.127743,0.170104
10,1838870.0,0.09924,0.10514,0.10957,1.38036
11,1838870.0,0.00639,0.127972,0.173702
10,1838870.0,0.09924,0.10514,0.109806,1.38253
11,1838870.0,0.00662043,0.127057,0.172902
10,1838870.0,0.09924,0.10514,0.10957,1.3828
11,1838870.0,0.00639,0.127972,0.172503
10,1838870.0,0.09924,0.105219,0.10957,1.38191
11,1838880.0,0.00639,0.128658,0.170903
10,1838880.0,0.09924,0.10514,0.109727,1.38249
11,1838880.0,0.00639,0.128658,0.168505
10,1838880.0,0.09924,0.10514,0.10957,1.38649
11,1838880.0,0.00639,0.127972,0.168905
-1930424573.0,1838880.0,11.7062,136,35,0,0,0,2,1
-1930424829.0,1838880.0,0,0,0,0
10,1838880.0,0.09924,0.105337,0.10957,1.3941
11,1838880.0,0.00639,0.127514,0.173302
10,1838880.0,0.09924,0.10514,0.10957,1.40007
11,1838880.0,0.00665884,0.127057,0.161709
10,1838880.0,0.09924,0.105297,0.109688,1.40407
11,1838880.0,0.00639,0.128201,0.168105
10,1838880.0,0.09924,0.10514,0.10957,1.4076
11,1838880.0,0.00639,0.128201,0.162108
10,1838880.0,0.09924,0.10514,0.10957,1.41591
11,1838880.0,0.00639,0.128429,0.167705
10,1838880.0,0.09924,0.10514,0.10957,1.42875
11,1838880.0,0.00642841,0.128429,0.164907
10,1838880.0,0.09924,0.105651,0.109767,1.44148
11,1838880.0,0.00654362,0.127972,0.164907
10,1838880.0,0.09924,0.105848,0.10957,1.45083
11,1838890.0,0.00650522,0.127286,0.164107
10,1838890.0,0.09924,0.10514,0.10957,1.46084
11,1838890.0,0.00639,0.127972,0.171703
10,1838890.0,0.09924,0.10514,0.10957,1.47513
11,1838890.0,0.00639,0.127972,0.165706
-1930424573.0,1838890.0,11.7062,137,35,0,0,0,2,1
-1930424829.0,1838890.0,0,0,0,0
10,1838890.0,0.09924,0.10514,0.10957,1.49344
11,1838890.0,0.00639,0.127057,0.166106
10,1838890.0,0.09924,0.10514,0.109727,1.50718
11,1838890.0,0.00639,0.128201,0.178099
10,1838890.0,0.09924,0.10514,0.10957,1.51692
11,1838890.0,0.00711971,0.127057,0.169704
10,1838890.0,0.09924,0.10514,0.10957,1.53004
11,1838890.0,0.00639,0.128429,0.179299
10,1838890.0,0.09924,0.105769,0.10957,1.55057
11,1838890.0,0.00639,0.127743,0.175701
10,1838890.0,0.09924,0.10514,0.109649,1.57331
11,1838890.0,0.00639,0.127972,0.180098
10,1838890.0,0.09924,0.10573,0.10957,1.59062
11,1838890.0,0.00639,0.127972,0.1777
10,1838890.0,0.09924,0.10514,0.110042,1.60005
11,1838900.0,0.00639,0.127972,0.1769
10,1838900.0,0.09924,0.10514,0.10957,1.61037
11,1838900.0,0.00642841,0.128429,0.178899
10,1838900.0,0.09924,0.105809,0.10957,1.62663
11,1838900.0,0.00665884,0.127743,0.176101
10,1838900.0,0.09924,0.10514,0.10957,1.64254
11,1838900.0,0.00650522,0.127972,0.182097
-1930424573.0,1838900.0,11.6604,131,35,0,0,0,2,1
-1930424829.0,1838900.0,0,0,0,0
10,1838900.0,0.09924,0.105415,0.10957,1.65077
11,1838900.0,0.00646681,0.126828,0.175701
10,1838900.0,0.09924,0.105769,0.109846,1.65185
11,1838900.0,0.00658203,0.128201,0.171703
10,1838900.0,0.09924,0.10514,0.10957,1.65314
11,1838900.0,0.00639,0.127514,0.179299
10,1838900.0,0.09924,0.105337,0.10957,1.65892
11,1838900.0,0.00650522,0.127743,0.167705
10,1838900.0,0.09924,0.105297,0.10957,1.66233
11,1838900.0,0.00639,0.127743,0.173302
10,1838900.0,0.09924,0.105573,0.10957,1.6595
11,1838900.0,0.00639,0.128887,0.171303
10,1838900.0,0.09924,0.10514,0.109846,1.65201
11,1838910.0,0.00677406,0.127514,0.15891
10,1838910.0,0.09924,0.10514,0.109688,1.64751
11,1838910.0,0.00646681,0.127514,0.170104
10,1838910.0,0.09924,0.10573,0.10957,1.65189
11,1838910.0,0.00639,0.127972,0.168105
-1930424573.0,1838910.0,11.6604,136,35,0,0,0,2,1
-1930424829.0,1838910.0,0,0,0,0
10,1838910.0,0.09924,0.10514,0.10957,1.65597
11,1838910.0,0.00639,0.127514,0.170504
10,1838910.0,0.09924,0.105651,0.10957,1.65414
11,1838910.0,0.00639,0.128658,0.173702
10,1838910.0,0.09924,0.10514,0.10957,1.65069
11,1838910.0,0.00685087,0.127057,0.165307
12,1838910.0
10,1838910.0,0.09924,0.105258,0.10957,1.6531
11,1838910.0,0.00639,0.128201,0.168505
10,1838910.0,0.09924,0.105179,0.109609,1.66552
11,1838910.0,0.00639,0.127286,0.166906
10,1838910.0,0.09924,0.10514,0.10957,1.67436
11,1838910.0,0.00639,0.127743,0.164107
10,1838910.0,0.09924,0.10514,0.10957,1.67541
11,1838910.0,0.00639,0.127514,0.172503
10,1838910.0,0.09924,0.105612,0.10957,1.67537
11,1838920.0,0.00639,0.126599,0.166906
10,1838920.0,0.09924,0.105848,0.10957,1.68166
11,1838920.0,0.00639,0.127743,0.169704
10,1838920.0,0.09924,0.10514,0.109806,1.69066
11,1838920.0,0.00639,0.127514,0.179698
-1930424573.0,1838920.0,11.6854,136,35,0,0,0,2,1
-1930424829.0,1838920.0,0,0,0,0
10,1838920.0,0.09924,0.105297,0.10957,1.69194
11,1838920.0,0.00650522,0.127057,0.170104
10,1838920.0,0.09924,0.106241,0.10957,1.6822
11,1838920.0,0.00639,0.128887,0.173702
10,1838920.0,0.09924,0.10514,0.10957,1.67394
11,1838920.0,0.00639,0.127972,0.178899
10,1838920.0,0.09924,0.105455,0.10957,1.67522
11,1838920.0,0.00639,0.127286,0.176101
10,1838920.0,0.09924,0.105651,0.10957,1.68375
11,1838920.0,0.00658203,0.127972,0.170903
10,1838920.0,0.09924,0.105179,0.109688,1.68162
11,1838920.0,0.00639,0.128429,0.181298
10,1838920.0,0.09924,0.105651,0.109649,1.66866
11,1838920.0,0.00646681,0.127743,0.179299
10,1838930.0,0.09924,0.105455,0.10957,1.65636
11,1838930.0,0.00662043,0.127286,0.171703
10,1838930.0,0.09924,0.10514,0.109885,1.65702
11,1838930.0,0.00639,0.127743,0.178499
10,1838930.0,0.09924,0.105219,0.109846,1.66788
11,1838930.0,0.00696609,0.126599,0.174501
-1930424573.0,1838930.0,11.6854,132,35,0,0,0,2,1
-1930424829.0,1838930.0,0,0,0,0
10,1838930.0,0.09924,0.10514,0.10957,1.67118
11,1838930.0,0.00650522,0.127972,0.176101
10,1838930.0,0.09924,0.10514,0.10957,1.6626
11,1838930.0,0.00677406,0.128201,0.178099
10,1838930.0,0.09924,0.10514,0.109688,1.65511
11,1838930.0,0.00639,0.127972,0.170903
10,1838930.0,0.09924,0.10514,0.10957,1.66082
11,1838930.0,0.00639,0.128201,0.168905
10,1838930.0,0.09924,0.10514,0.109727,1.67595
11,1838930.0,0.00639,0.127286,0.165307
10,1838930.0,0.09924,0.10514,0.10957,1.68329
11,1838930.0,0.00639,0.126599,0.172503
10,1838930.0,0.09924,0.10514,0.10957,1.67572
11,1838930.0,0.00639,0.127057,0.170903
10,1838940.0,0.09924,0.10514,0.10957,1.66928
11,1838940.0,0.0070429,0.126599,0.164907
10,1838940.0,0.09924,0.105337,0.10957,1.6737
11,1838940.0,0.00639,0.127743,0.163308
10,1838940.0,0.09924,0.10514,0.10957,1.69121
11,1838940.0,0.00665884,0.127972,0.170903
-1930424573.0,1838940.0,11.6854,138,35,0,0,0,2,1
-1930424829.0,1838940.0,0,0,0,0
10,1838940.0,0.09924,0.105258,0.109649,1.69901
11,1838940.0,0.00639,0.128201,0.165706
10,1838940.0,0.09924,0.10514,0.109688,1.6881
11,1838940.0,0.00688928,0.126599,0.165307
10,1838940.0,0.09924,0.105455,0.10957,1.67242
11,1838940.0,0.00639,0.128201,0.172902
10,1838940.0,0.09924,0.105809,0.109767,1.6678
11,1838940.0,0.00646681,0.128201,0.166106
10,1838940.0,0.09924,0.10514,0.10957,1.68046
11,1838940.0,0.00639,0.128429,0.164907
10,1838940.0,0.09924,0.10514,0.109609,1.68709
11,1838940.0,0.00639,0.128658,0.164107
10,1838940.0,0.09924,0.10514,0.10957,1.67533
11,1838940.0,0.00639,0.127057,0.16011
10,1838950.0,0.09924,0.10514,0.10957,1.65709
11,1838950.0,0.00639,0.128658,0.170504
10,1838950.0,0.09924,0.10514,0.10957,1.64922
11,1838950.0,0.00654362,0.126828,0.164507
10,1838950.0,0.09924,0.106045,0.109924,1.65667
11,1838950.0,0.00642841,0.128658,0.175301
-1930424573.0,1838950.0,11.6854,136,35,0,0,0,2,1
-1930424829.0,1838950.0,0,0,0,0
10,1838950.0,0.09924,0.10514,0.10957,1.66183
11,1838950.0,0.00639,0.128658,0.179698
10,1838950.0,0.09924,0.10514,0.109806,1.65399
11,1838950.0,0.00654362,0.127286,0.173702
10,1838950.0,0.09924,0.105887,0.109649,1.63967
11,1838950.0,0.00639,0.127972,0.1765
10,1838950.0,0.09924,0.10514,0.109767,1.63587
11,1838950.0,0.00639,0.127743,0.178899
10,1838950.0,0.09924,0.106241,0.10957,1.64631
11,1838950.0,0.00639,0.128201,0.182897
10,1838950.0,0.09924,0.105455,0.109885,1.65577
11,1838950.0,0.00650522,0.127743,0.175701
10,1838950.0,0.09924,0.105494,0.109806,1.6524
11,1838950.0,0.00658203,0.127286,0.168105
10,1838960.0,0.09924,0.10514,0.109688,1.64254
11,1838960.0,0.00688928,0.127514,0.178899
10,1838960.0,0.09924,0.105258,0.10957,1.64398
11,1838960.0,0.00639,0.128201,0.170903
10,1838960.0,0.09924,0.105297,0.10957,1.6588
11,1838960.0,0.00639,0.128429,0.170903
-1930424573.0,1838960.0,11.6854,133,35,0,0,0,2,1
-1930424829.0,1838960.0,0,0,0,0
10,1838960.0,0.09924,0.10514,0.10957,1.67374
11,1838960.0,0.00639,0.127743,0.168905
10,1838960.0,0.09924,0.105179,0.10957,1.67324
11,1838960.0,0.00639,0.128658,0.170504
10,1838960.0,0.09924,0.105415,0.109964,1.66493
11,1838960.0,0.00654362,0.127057,0.168505
12,1838960.0
10,1838960.0,0.09924,0.105376,0.109688,1.66478
11,1838960.0,0.00639,0.126142,0.168105
10,1838960.0,0.09924,0.10514,0.10957,1.67731
11,1838960.0,0.00639,0.128429,0.172103
10,1838960.0,0.09924,0.105219,0.10957,1.68713
11,1838960.0,0.00639,0.128429,0.169704
10,1838960.0,0.09924,0.10514,0.10957,1.68135
11,1838960.0,0.00639,0.128201,0.170903
10,1838970.0,0.09924,0.105691,0.10957,1.66808
11,1838970.0,0.00646681,0.128201,0.165307
10,1838970.0,0.09924,0.10514,0.10957,1.66326
11,1838970.0,0.00639,0.128429,0.166906
10,1838970.0,0.09924,0.105179,0.109688,1.67351
11,1838970.0,0.00639,0.128201,0.165307
-1930424573.0,1838970.0,11.6854,137,35,0,0,0,2,1
-1930424829.0,1838970.0,0,0,0,0
10,1838970.0,0.09924,0.105179,0.109609,1.67883
11,1838970.0,0.00639,0.127286,0.164107
10,1838970.0,0.09924,0.105258,0.10957,1.66773
11,1838970.0,0.00639,0.127743,0.165307
10,1838970.0,0.09924,0.105376,0.109727,1.651
11,1838970.0,0.00639,0.127972,0.168505
10,1838970.0,0.09924,0.10514,0.10957,1.64444
11,1838970.0,0.00639,0.127743,0.163308
10,1838970.0,0.09924,0.10514,0.109649,1.65418
11,1838970.0,0.00639,0.127743,0.173302
10,1838970.0,0.09924,0.10514,0.10957,1.66346
11,1838970.0,0.00692768,0.126371,0.169704
10,1838970.0,0.09924,0.105297,0.10957,1.65597
11,1838970.0,0.00639,0.127743,0.173302
10,1838980.0,0.09924,0.10514,0.109846,1.6432
11,1838980.0,0.00681246,0.127743,0.1769
10,1838980.0,0.09924,0.105258,0.10957,1.63812
11,1838980.0,0.00639,0.127972,0.172902
10,1838980.0,0.09924,0.105376,0.109924,1.64821
11,1838980.0,0.00654362,0.127514,0.174501
-1930424573.0,1838980.0,11.6521,133,35,0,0,0,2,1
-1930424829.0,1838980.0,0,0,0,0
10,1838980.0,0.09924,0.10514,0.10957,1.65768
11,1838980.0,0.00639,0.128658,0.185295
10,1838980.0,0.09924,0.10514,0.109688,1.65453
11,1838980.0,0.00677406,0.127057,0.174501
10,1838980.0,0.09924,0.105927,0.109688,1.64433
11,1838980.0,0.00639,0.127743,0.174102
10,1838980.0,0.09924,0.10514,0.109649,1.64235
11,1838980.0,0.00639,0.127972,0.180498
10,1838980.0,0.09924,0.10514,0.109609,1.6538
11,1838980.0,0.00639,0.127057,0.174501
10,1838980.0,0.09924,0.10514,0.10957,1.66342
11,1838980.0,0.00650522,0.126599,0.1777
10,1838980.0,0.09924,0.10514,0.10957,1.65849
11,1838980.0,0.00639,0.127972,0.179299
10,1838990.0,0.09924,0.105297,0.10957,1.6484
11,1838990.0,0.00662043,0.127286,0.175301
10,1838990.0,0.09924,0.10573,0.109806,1.64762
11,1838990.0,0.00639,0.128429,0.171703
10,1838990.0,0.09924,0.10514,0.10957,1.66086
11,1838990.0,0.00639,0.127286,0.170504
-1930424573.0,1838990.0,11.6521,131,35,0,0,0,2,1
-1930424829.0,1838990.0,0,0,0,0
10,1838990.0,0.09924,0.10514,0.10957,1.67308
11,1838990.0,0.00650522,0.127972,0.168905
10,1838990.0,0.09924,0.10514,0.10957,1.67009
11,1838990.0,0.00639,0.128201,0.169704
10,1838990.0,0.09924,0.105533,0.10957,1.65997
11,1838990.0,0.00639,0.127743,0.172503
10,1838990.0,0.09924,0.105337,0.10957,1.65865
11,1838990.0,0.00639,0.128201,0.169704
10,1838990.0,0.09924,0.10514,0.10957,1.67246
11,1838990.0,0.00654362,0.128201,0.1773
10,1838990.0,0.09924,0.10514,0.10957,1.68461
11,1838990.0,0.00669725,0.127972,0.170504
10,1838990.0,0.09924,0.105337,0.109885,1.6815
11,1838990.0,0.00673565,0.127514,0.168105
10,1839000.0,0.09924,0.10514,0.10957,1.6713
11,1839000.0,0.00639,0.127743,0.15971
10,1839000.0,0.09924,0.10514,0.10957,1.67083
11,1839000.0,0.00639,0.127743,0.169704
10,1839000.0,0.09924,0.10514,0.10957,1.68372
11,1839000.0,0.00639,0.127972,0.164907
10,1839000.0,0.09924,0.105533,0.10957,1.69334
11,1839000.0,0.00662043,0.128201,0.163308
-1930424573.0,1839000.0,11.6521,137,35,0,0,0,2,1
-1930424829.0,1839000.0,0,0,0,0
10,1839000.0,0.09924,0.10514,0.10957,1.68608
11,1839000.0,0.00639,0.128429,0.169704
10,1839000.0,0.09924,0.10514,0.109885,1.67316
11,1839000.0,0.00639,0.127286,0.170104
10,1839000.0,0.09924,0.105769,0.109609,1.66963
11,1839000.0,0.00646681,0.126142,0.163708
10,1839000.0,0.09924,0.10514,0.10957,1.68189
11,1839000.0,0.00639,0.126599,0.163708
10,1839000.0,0.09924,0.10514,0.10957,1.69062
11,1839000.0,0.00665884,0.127972,0.174901
10,1839000.0,0.09924,0.10514,0.10957,1.68247
11,1839000.0,0.00639,0.127972,0.176101
10,1839010.0,0.09924,0.105612,0.110042,1.66524
11,1839010.0,0.00639,0.126371,0.171303
10,1839010.0,0.09924,0.10514,0.10957,1.65667
11,1839010.0,0.00639,0.128201,0.175701
10,1839010.0,0.09924,0.105691,0.109964,1.66451
11,1839010.0,0.00639,0.127972,0.176101
-1930424573.0,1839010.0,11.6521,133,35,0,0,0,2,1
-1930424829.0,1839010.0,0,0,0,0
10,1839010.0,0.09924,0.10514,0.109846,1.67297
11,1839010.0,0.00681246,0.126371,0.180498
10,1839010.0,0.09924,0.105337,0.10957,1.66579
11,1839010.0,0.00639,0.126599,0.172103
10,1839010.0,0.09924,0.10514,0.10957,1.65022
11,1839010.0,0.00646681,0.127514,0.180098
12,1839010.0
10,1839010.0,0.09924,0.105887,0.109609,1.64285
11,1839010.0,0.00639,0.128887,0.1765
10,1839010.0,0.09924,0.105376,0.10957,1.64937
11,1839010.0,0.00639,0.128658,0.171703
10,1839010.0,0.09924,0.105179,0.109924,1.65663
11,1839010.0,0.00681246,0.127286,0.170104
10,1839010.0,0.09924,0.10514,0.109885,1.64902
11,1839010.0,0.00646681,0.127972,0.182497
10,1839020.0,0.09924,0.10514,0.109688,1.63823
11,1839020.0,0.00673565,0.126371,0.172503
10,1839020.0,0.09924,0.106163,0.10957,1.63536
11,1839020.0,0.00665884,0.127743,0.170504
10,1839020.0,0.09924,0.10514,0.10957,1.64669
11,1839020.0,0.00639,0.128658,0.174102
-1930424573.0,1839020.0,11.6562,134,35,0,0,0,2,1
-1930424829.0,1839020.0,0,0,0,0
10,1839020.0,0.09924,0.105179,0.10957,1.65601
11,1839020.0,0.00639,0.126828,0.166106
10,1839020.0,0.09924,0.10514,0.10957,1.65154
11,1839020.0,0.00639,0.127743,0.166106
10,1839020.0,0.09924,0.10514,0.10957,1.64277
11,1839020.0,0.00639,0.127743,0.170504
10,1839020.0,0.09924,0.10514,0.10957,1.64305
11,1839020.0,0.00662043,0.127286,0.170903
10,1839020.0,0.09924,0.10514,0.10957,1.65577
11,1839020.0,0.00639,0.127057,0.169704
10,1839020.0,0.09924,0.105494,0.10957,1.66777
11,1839020.0,0.00639,0.128429,0.169304
10,1839020.0,0.09924,0.105455,0.10957,1.66517
11,1839020.0,0.00639,0.127057,0.15971
10,1839030.0,0.09924,0.10514,0.10957,1.65717
11,1839030.0,0.00677406,0.128201,0.171303
10,1839030.0,0.09924,0.105769,0.10957,1.65783
11,1839030.0,0.00639,0.127743,0.166106
10,1839030.0,0.09924,0.10514,0.10957,1.67072
11,1839030.0,0.00639,0.127286,0.165307
-1930424573.0,1839030.0,11.6562,139,35,0,0,0,2,1
-1930424829.0,1839030.0,0,0,0,0
10,1839030.0,0.09924,0.10514,0.10957,1.67956
11,1839030.0,0.00639,0.127514,0.174901
10,1839030.0,0.09924,0.105179,0.10957,1.6732
11,1839030.0,0.00639,0.127972,0.166506
10,1839030.0,0.09924,0.10514,0.10957,1.6621
11,1839030.0,0.00639,0.126371,0.171303
10,1839030.0,0.09924,0.105179,0.10957,1.6602
11,1839030.0,0.00677406,0.127743,0.1777
10,1839030.0,0.09924,0.10514,0.109846,1.672
11,1839030.0,0.00639,0.127514,0.174102
10,1839030.0,0.09924,0.105337,0.109846,1.6791
11,1839030.0,0.00715812,0.126828,0.171703
10,1839030.0,0.09924,0.10514,0.109767,1.66909
11,1839030.0,0.00639,0.128201,0.175301
10,1839040.0,0.09924,0.105376,0.10957,1.65352
11,1839040.0,0.00639,0.128429,0.173302
10,1839040.0,0.09924,0.10514,0.109727,1.64708
11,1839040.0,0.00650522,0.127057,0.175301
10,1839040.0,0.09924,0.10514,0.109727,1.65558
11,1839040.0,0.00639,0.127743,0.179698
-1930424573.0,1839040.0,11.6958,133,35,0,0,0,2,1
-1930424829.0,1839040.0,0,0,0,0
10,1839040.0,0.09924,0.105376,0.109609,1.6614
11,1839040.0,0.00688928,0.128429,0.174901
10,1839040.0,0.09924,0.10514,0.109924,1.65271
11,1839040.0,0.00642841,0.128658,0.183296
10,1839040.0,0.09924,0.105455,0.109885,1.63905
11,1839040.0,0.00639,0.127286,0.181298
10,1839040.0,0.09924,0.105848,0.109964,1.634
11,1839040.0,0.00639,0.128429,0.170104
10,1839040.0,0.09924,0.105297,0.10957,1.64196
11,1839040.0,0.00639,0.128429,0.180498
10,1839040.0,0.09924,0.10514,0.10957,1.64728
11,1839040.0,0.00662043,0.127972,0.183696
10,1839040.0,0.09924,0.10514,0.10957,1.64169
11,1839040.0,0.00650522,0.126828,0.170104
10,1839050.0,0.09924,0.105219,0.10957,1.63233
11,1839050.0,0.00639,0.128658,0.175301
10,1839050.0,0.09924,0.10514,0.109924,1.63284
11,1839050.0,0.00658203,0.127514,0.171703
10,1839050.0,0.09924,0.10573,0.10957,1.64421
11,1839050.0,0.00639,0.128658,0.167705
-1930424573.0,1839050.0,11.6958,135,35,0,0,0,2,1
-1930424829.0,1839050.0,0,0,0,0
10,1839050.0,0.09924,0.105337,0.10957,1.65197
11,1839050.0,0.00646681,0.127514,0.172503
10,1839050.0,0.09924,0.10514,0.10957,1.64681
11,1839050.0,0.00665884,0.126599,0.165706
10,1839050.0,0.09924,0.105573,0.10957,1.63839
11,1839050.0,0.00639,0.127972,0.170104
10,1839050.0,0.09924,0.10514,0.10957,1.63998
11,1839050.0,0.00642841,0.128429,0.173302
10,1839050.0,0.09924,0.105691,0.10957,1.65314
11,1839050.0,0.00639,0.128429,0.164107
10,1839050.0,0.09924,0.10514,0.109846,1.66284
11,1839050.0,0.00658203,0.127743,0.170903
10,1839050.0,0.09924,0.105337,0.10957,1.6581
11,1839050.0,0.00639,0.128429,0.169304
10,1839060.0,0.09924,0.10514,0.10957,1.65069
11,1839060.0,0.00639,0.127972,0.166506
10,1839060.0,0.09924,0.105337,0.10957,1.65135
11,1839060.0,0.00639,0.127514,0.170504
10,1839060.0,0.09924,0.10514,0.10957,1.66288
11,1839060.0,0.00639,0.128201,0.164107
-1930424573.0,1839060.0,11.6541,137,35,0,0,0,2,1
-1930424829.0,1839060.0,0,0,0,0
10,1839060.0,0.09924,0.105258,0.109649,1.67137
11,1839060.0,0.00639,0.127057,0.169304
10,1839060.0,0.09924,0.105179,0.109885,1.66416
11,1839060.0,0.00639,0.127514,0.162508
10,1839060.0,0.09924,0.10514,0.109767,1.65488
11,1839060.0,0.00639,0.127286,0.174901
12,1839060.0
10,1839060.0,0.09924,0.105337,0.109767,1.6555
11,1839060.0,0.00692768,0.125913,0.1777
10,1839060.0,0.09924,0.10514,0.10957,1.6659
11,1839060.0,0.00639,0.128658,0.1769
10,1839060.0,0.09924,0.105612,0.10957,1.67122
11,1839060.0,0.00639,0.128658,0.174102
10,1839060.0,0.09924,0.10514,0.109688,1.66012
11,1839060.0,0.00696609,0.127286,0.166506
10,1839070.0,0.09924,0.105219,0.110003,1.64685
11,1839070.0,0.00639,0.126599,0.164507
10,1839070.0,0.09924,0.10514,0.110161,1.64277
11,1839070.0,0.00662043,0.127057,0.170504
10,1839070.0,0.09924,0.10514,0.109609,1.65205
11,1839070.0,0.00639,0.127057,0.170504
-1930424573.0,1839070.0,11.6541,131,35,0,0,0,2,1
-1930424829.0,1839070.0,0,0,0,0
10,1839070.0,0.09924,0.105573,0.10957,1.65799
11,1839070.0,0.00639,0.127972,0.181298
10,1839070.0,0.09924,0.105179,0.109885,1.65077
11,1839070.0,0.00696609,0.126828,0.173302
10,1839070.0,0.09924,0.105612,0.10957,1.63916
11,1839070.0,0.00639,0.127057,0.165307
10,1839070.0,0.09924,0.10514,0.10957,1.6359
11,1839070.0,0.00673565,0.128201,0.15891
10,1839070.0,0.09924,0.105612,0.109727,1.64444
11,1839070.0,0.00696609,0.127514,0.156112
10,1839070.0,0.09924,0.10514,0.10957,1.64743
11,1839070.0,0.00639,0.127514,0.171303
10,1839070.0,0.09924,0.10514,0.10957,1.63971
11,1839070.0,0.00688928,0.128429,0.183696
10,1839080.0,0.09924,0.105337,0.10957,1.63222
11,1839080.0,0.00639,0.127972,0.176101
10,1839080.0,0.09924,0.10514,0.10957,1.63443
11,1839080.0,0.00639,0.127286,0.162908
10,1839080.0,0.09924,0.10514,0.109649,1.64553
11,1839080.0,0.00658203,0.128658,0.164107
-1930424573.0,1839080.0,11.6541,135,35,0,0,0,2,1
-1930424829.0,1839080.0,0,0,0,0
10,1839080.0,0.09924,0.105258,0.10957,1.65158
11,1839080.0,0.00662043,0.127286,0.155712
10,1839080.0,0.09924,0.10514,0.10957,1.64413
11,1839080.0,0.00639,0.127743,0.161709
10,1839080.0,0.09924,0.105258,0.10957,1.63672
11,1839080.0,0.00639,0.126371,0.166106
10,1839080.0,0.09924,0.105769,0.10957,1.63858
11,1839080.0,0.00639,0.127743,0.170504
10,1839080.0,0.09924,0.10514,0.10957,1.65007
11,1839080.0,0.00639,0.127743,0.168905
10,1839080.0,0.09924,0.10573,0.10957,1.65694
11,1839080.0,0.00639,0.128658,0.170903
10,1839080.0,0.09924,0.10514,0.109649,1.6517
11,1839080.0,0.00639,0.127514,0.16011
10,1839090.0,0.09924,0.10514,0.10957,1.64417
11,1839090.0,0.00639,0.128201,0.167705
10,1839090.0,0.09924,0.105376,0.10957,1.64526
11,1839090.0,0.00639,0.127514,0.15971
10,1839090.0,0.09924,0.10514,0.10957,1.65682
11,1839090.0,0.00639,0.127972,0.169704
-1930424573.0,1839090.0,11.6541,136,35,0,0,0,2,1
-1930424829.0,1839090.0,0,0,0,0
10,1839090.0,0.09924,0.105337,0.109964,1.6628
11,1839090.0,0.00639,0.127057,0.166106
10,1839090.0,0.09924,0.10514,0.109767,1.65488
11,1839090.0,0.00639,0.127743,0.173302
10,1839090.0,0.09924,0.105573,0.10957,1.64712
11,1839090.0,0.00654362,0.126828,0.166106
10,1839090.0,0.09924,0.105179,0.109609,1.64751
11,1839090.0,0.00650522,0.128658,0.174901
10,1839090.0,0.09924,0.105966,0.109806,1.65686
11,1839090.0,0.00639,0.127972,0.168505
10,1839090.0,0.09924,0.10514,0.10957,1.66016
11,1839090.0,0.00677406,0.126828,0.168505
10,1839090.0,0.09924,0.10514,0.10957,1.6505
11,1839090.0,0.00639,0.127972,0.178899
10,1839100.0,0.09924,0.105337,0.109885,1.64114
11,1839100.0,0.00727333,0.127286,0.167305
10,1839100.0,0.09924,0.10514,0.10957,1.64169
11,1839100.0,0.00639,0.126828,0.170104
10,1839100.0,0.09924,0.105297,0.109609,1.6503
11,1839100.0,0.00639,0.128658,0.172902
10,1839100.0,0.09924,0.105376,0.10957,1.65383
11,1839100.0,0.00639,0.128658,0.169304
-1930424573.0,1839100.0,11.6729,126,35,0,0,0,2,1
-1930424829.0,1839100.0,0.420833,0.827082,0.929165,0
10,1839100.0,0.09924,0.10514,0.109609,1.64468
11,1839100.0,0.00639,0.127514,0.165307
10,1839100.0,0.09924,0.10514,0.109688,1.63525
11,1839100.0,0.00639,0.127972,0.174102
10,1839100.0,0.09924,0.105376,0.10957,1.63474
11,1839100.0,0.00639,0.128201,0.169704
10,1839100.0,0.09924,0.10514,0.10957,1.64425
11,1839100.0,0.00639,0.126371,0.164107
10,1839100.0,0.09924,0.105219,0.10957,1.64937
11,1839100.0,0.00639,0.127972,0.160509
10,1839100.0,0.09924,0.105415,0.109727,1.6444
11,1839100.0,0.00639,0.128429,0.166106
10,1839110.0,0.09924,0.105337,0.10957,1.64006
11,1839110.0,0.00639,0.127972,0.162908
10,1839110.0,0.09924,0.10514,0.10957,1.64308
11,1839110.0,0.00639,0.128658,0.167305
10,1839110.0,0.09924,0.105258,0.10957,1.65399
11,1839110.0,0.00639,0.127972,0.167305
-1930424573.0,1839110.0,11.6729,133,35,0,0,0,2,1
-1930424829.0,1839110.0,0.420833,0.827082,0.929165,0
10,1839110.0,0.09924,0.10514,0.10957,1.65872
11,1839110.0,0.00639,0.126142,0.166106
10,1839110.0,0.09924,0.10514,0.10957,1.65314
11,1839110.0,0.00646681,0.127514,0.168505
10,1839110.0,0.09924,0.105494,0.109846,1.64825
11,1839110.0,0.00639,0.128887,0.161709
12,1839110.0
10,1839110.0,0.09924,0.10514,0.10957,1.65422
11,1839110.0,0.00639,0.128429,0.169304
10,1839110.0,0.09924,0.10514,0.109964,1.66827
11,1839110.0,0.00700449,0.127286,0.162908
10,1839110.0,0.09924,0.105415,0.10957,1.67359
11,1839110.0,0.00639,0.127972,0.161309
10,1839110.0,0.09924,0.105415,0.10957,1.66718
11,1839110.0,0.00639,0.128887,0.166506
10,1839120.0,0.09924,0.105415,0.109609,1.66043
11,1839120.0,0.00639,0.127286,0.164907
10,1839120.0,0.09924,0.10514,0.109885,1.66245
11,1839120.0,0.00669725,0.128201,0.173302
10,1839120.0,0.09924,0.105809,0.109727,1.67297
11,1839120.0,0.00681246,0.127286,0.172503
-1930424573.0,1839120.0,11.6791,128,35,0,0,0,2,3
-1930424829.0,1839120.0,0.724999,1.425,1.6,0
10,1839120.0,0.09924,0.106477,0.109806,1.67646
11,1839120.0,0.00639,0.128658,0.167705
10,1839120.0,0.09924,0.10514,0.109727,1.66943
11,1839120.0,0.00639,0.128429,0.175701
10,1839120.0,0.09924,0.105691,0.109767,1.6616
11,1839120.0,0.00639,0.127972,0.172902
10,1839120.0,0.09924,0.105494,0.109727,1.66431
11,1839120.0,0.00639,0.127972,0.172902
10,1839120.0,0.09924,0.105258,0.109846,1.6732
11,1839120.0,0.00696609,0.126828,0.172503
10,1839120.0,0.09924,0.10514,0.10957,1.67405
11,1839120.0,0.00646681,0.128201,0.175301
10,1839120.0,0.09924,0.105573,0.109964,1.66544
11,1839120.0,0.00639,0.128887,0.173302
10,1839130.0,0.09924,0.10514,0.109924,1.65806
11,1839130.0,0.00639,0.126371,0.169704
10,1839130.0,0.09924,0.105494,0.10957,1.65993
11,1839130.0,0.00639,0.128201,0.174901
10,1839130.0,0.09924,0.10514,0.109846,1.66955
11,1839130.0,0.00639,0.127743,0.170504
-1930424573.0,1839130.0,11.6791,120,35,0,0,0,2,3
-1930424829.0,1839130.0,0.883332,1.7375,1.95,0
10,1839130.0,0.09924,0.10514,0.10957,1.67165
11,1839130.0,0.00639,0.127057,0.164907
10,1839130.0,0.09924,0.105415,0.10957,1.66454
11,1839130.0,0.00639,0.127972,0.168505
10,1839130.0,0.09924,0.10514,0.10957,1.65888
11,1839130.0,0.00639,0.128201,0.170903
10,1839130.0,0.09924,0.10514,0.10957,1.66268
11,1839130.0,0.00639,0.127514,0.164107
10,1839130.0,0.09924,0.105179,0.10957,1.67343
11,1839130.0,0.00639,0.128429,0.161309
10,1839130.0,0.09924,0.10514,0.10957,1.67991
11,1839130.0,0.00639,0.127743,0.167305
10,1839130.0,0.09924,0.105809,0.109767,1.67789
11,1839130.0,0.00688928,0.127057,0.163708
10,1839140.0,0.09924,0.10514,0.10957,1.6739
11,1839140.0,0.00639,0.127286,0.157711
10,1839140.0,0.09924,0.10514,0.10957,1.67685
11,1839140.0,0.00639,0.128887,0.166106
10,1839140.0,0.09924,0.105219,0.10957,1.68612
11,1839140.0,0.00669725,0.128201,0.164507
-1930424573.0,1839140.0,11.6791,124,35,0,0,0,2,1
-1930424829.0,1839140.0,0.956248,1.87708,2.10833,0
10,1839140.0,0.09924,0.10514,0.109688,1.69055
11,1839140.0,0.00642841,0.127286,0.162108
10,1839140.0,0.09924,0.10514,0.10957,1.68453
11,1839140.0,0.00639,0.128429,0.164907
10,1839140.0,0.09924,0.105455,0.10957,1.67894
11,1839140.0,0.00639,0.127972,0.15971
10,1839140.0,0.09924,0.10514,0.10957,1.68372
11,1839140.0,0.00639,0.127972,0.165706
10,1839140.0,0.09924,0.105258,0.109767,1.69439
11,1839140.0,0.00692768,0.128201,0.163708
10,1839140.0,0.09924,0.10514,0.109727,1.69435
11,1839140.0,0.00677406,0.127743,0.172503
10,1839140.0,0.09924,0.106045,0.10957,1.68523
11,1839140.0,0.00639,0.127972,0.169304
10,1839150.0,0.09924,0.105533,0.10957,1.67669
11,1839150.0,0.00639,0.127743,0.166106
10,1839150.0,0.09924,0.10514,0.109609,1.6784
11,1839150.0,0.00639,0.126828,0.170903
10,1839150.0,0.09924,0.10514,0.10957,1.68612
11,1839150.0,0.00639,0.128201,0.170903
-1930424573.0,1839150.0,11.6791,121,35,0,0,0,2,1
-1930424829.0,1839150.0,0.941665,1.85208,2.07916,0
10,1839150.0,0.09924,0.105415,0.10957,1.68694
11,1839150.0,0.00639,0.128429,0.175301
10,1839150.0,0.09924,0.10514,0.10957,1.68069
11,1839150.0,0.00658203,0.127286,0.174501
10,1839150.0,0.09924,0.10514,0.109649,1.67227
11,1839150.0,0.00639,0.128201,0.179299
10,1839150.0,0.09924,0.105966,0.109688,1.67289
11,1839150.0,0.00639,0.128887,0.173702
10,1839150.0,0.09924,0.105376,0.10957,1.67832
11,1839150.0,0.00639,0.128887,0.174102
10,1839150.0,0.09924,0.105376,0.10957,1.67914
11,1839150.0,0.00639,0.126828,0.172503
10,1839150.0,0.09924,0.10514,0.10957,1.67529
11,1839150.0,0.00654362,0.128429,0.176101
10,1839160.0,0.09924,0.10514,0.109924,1.67254
11,1839160.0,0.00665884,0.127514,0.175301
10,1839160.0,0.09924,0.105297,0.10957,1.67782
11,1839160.0,0.00639,0.127514,0.174901
10,1839160.0,0.09924,0.105494,0.10957,1.68546
11,1839160.0,0.00639,0.127286,0.170504
-1930424573.0,1839160.0,11.6541,120,35,0,0,0,2,1
-1930424829.0,1839160.0,0.824999,1.62083,1.81875,0
10,1839160.0,0.09924,0.10514,0.10957,1.6893
11,1839160.0,0.00646681,0.128658,0.178099
10,1839160.0,0.09924,0.10514,0.10957,1.68752
11,1839160.0,0.00639,0.127743,0.172902
10,1839160.0,0.09924,0.10514,0.109649,1.68647
11,1839160.0,0.00715812,0.126828,0.166906
12,1839160.0
10,1839160.0,0.09924,0.10514,0.10957,1.69256
11,1839160.0,0.00654362,0.128429,0.174102
10,1839160.0,0.09924,0.10514,0.10957,1.70413
11,1839160.0,0.00639,0.126828,0.170504
10,1839160.0,0.09924,0.105573,0.109688,1.71022
11,1839160.0,0.00700449,0.127286,0.167705
10,1839160.0,0.09924,0.10514,0.10957,1.70805
11,1839160.0,0.00639,0.128201,0.168505
10,1839170.0,0.09924,0.10514,0.10957,1.70572
11,1839170.0,0.00650522,0.128201,0.171703
10,1839170.0,0.09924,0.105494,0.10957,1.70851
11,1839170.0,0.00639,0.128201,0.162108
10,1839170.0,0.09924,0.10514,0.10957,1.71476
11,1839170.0,0.00665884,0.126371,0.165706
-1930424573.0,1839170.0,11.6541,125,35,0,0,0,2,1
-1930424829.0,1839170.0,0.824999,1.62083,1.81875,0
10,1839170.0,0.09924,0.10514,0.10957,1.71624
11,1839170.0,0.00639,0.128429,0.1765
10,1839170.0,0.09924,0.10514,0.10957,1.71232
11,1839170.0,0.00639,0.127972,0.162908
10,1839170.0,0.09924,0.10514,0.10957,1.70688
11,1839170.0,0.00639,0.127514,0.166106
10,1839170.0,0.09924,0.105376,0.109649,1.70692
11,1839170.0,0.00639,0.127286,0.168105
10,1839170.0,0.09924,0.105691,0.109688,1.70956
11,1839170.0,0.00642841,0.128658,0.166906
10,1839170.0,0.09924,0.105258,0.10957,1.70669
11,1839170.0,0.00639,0.127743,0.166106
10,1839170.0,0.09924,0.10514,0.109688,1.6978
11,1839170.0,0.00639,0.127286,0.171703
10,1839180.0,0.09924,0.10514,0.109688,1.68934
11,1839180.0,0.00673565,0.126142,0.174501
10,1839180.0,0.09924,0.105455,0.10957,1.68593
11,1839180.0,0.00646681,0.128887,0.178099
10,1839180.0,0.09924,0.10514,0.109727,1.68888
11,1839180.0,0.00639,0.127286,0.168105
-1930424573.0,1839180.0,11.6625,128,35,0,0,0,2,1
-1930424829.0,1839180.0,0.529166,1.04167,1.16875,0
10,1839180.0,0.09924,0.105887,0.109727,1.68795
11,1839180.0,0.00639,0.127286,0.174901
10,1839180.0,0.09924,0.10514,0.109964,1.68143
11,1839180.0,0.00639,0.128429,0.1765
10,1839180.0,0.09924,0.105337,0.109727,1.6746
11,1839180.0,0.00662043,0.126828,0.170104
10,1839180.0,0.09924,0.105415,0.109649,1.67242
11,1839180.0,0.00639,0.127514,0.180898
10,1839180.0,0.09924,0.10514,0.109609,1.67467
11,1839180.0,0.00639,0.127286,0.181697
10,1839180.0,0.09924,0.10514,0.109885,1.67778
11,1839180.0,0.00662043,0.127743,0.1765
10,1839180.0,0.09924,0.10514,0.109688,1.67568
11,1839180.0,0.00639,0.128429,0.181298
10,1839190.0,0.09924,0.105494,0.109688,1.67231
11,1839190.0,0.00669725,0.127514,0.172503
10,1839190.0,0.09924,0.10514,0.10957,1.673
11,1839190.0,0.00639,0.127972,0.174102
10,1839190.0,0.09924,0.105809,0.109609,1.67855
11,1839190.0,0.00639,0.127286,0.172103
-1930424573.0,1839190.0,11.6625,126,35,0,0,0,2,1
-1930424829.0,1839190.0,0.529166,1.04167,1.16875,0
10,1839190.0,0.09924,0.10514,0.10957,1.68228
11,1839190.0,0.00639,0.126371,0.170504
10,1839190.0,0.09924,0.10514,0.10957,1.68209
11,1839190.0,0.00665884,0.128429,0.167705
10,1839190.0,0.09924,0.105651,0.109806,1.68251
11,1839190.0,0.00639,0.127972,0.162108
10,1839190.0,0.09924,0.10514,0.10957,1.68601
11,1839190.0,0.00639,0.128658,0.164507
10,1839190.0,0.09924,0.10514,0.10957,1.69431
11,1839190.0,0.00639,0.128201,0.165307
10,1839190.0,0.09924,0.105494,0.10957,1.70145
11,1839190.0,0.00639,0.127972,0.170504
10,1839190.0,0.09924,0.10514,0.10957,1.70137
11,1839190.0,0.00639,0.128201,0.167705
10,1839200.0,0.09924,0.105573,0.10957,1.70009
11,1839200.0,0.00639,0.127057,0.170903
10,1839200.0,0.09924,0.105297,0.10957,1.6999
11,1839200.0,0.00639,0.127514,0.161709
10,1839200.0,0.09924,0.10514,0.10957,1.7044
11,1839200.0,0.00639,0.127972,0.168105
10,1839200.0,0.09924,0.106163,0.109924,1.70785
11,1839200.0,0.00639,0.128887,0.172902
-1930424573.0,1839200.0,11.6625,132,35,0,0,0,2,1
-1930424829.0,1839200.0,0.502083,0.987498,1.10833,0
10,1839200.0,0.09924,0.105376,0.10957,1.70599
11,1839200.0,0.00639,0.126371,0.169704
10,1839200.0,0.09924,0.10514,0.10957,1.7011
11,1839200.0,0.00639,0.128429,0.164907
10,1839200.0,0.09924,0.105376,0.10957,1.69986
11,1839200.0,0.00639,0.128201,0.170104
10,1839200.0,0.09924,0.105179,0.109846,1.6999
11,1839200.0,0.00669725,0.126371,0.165307
10,1839200.0,0.09924,0.105297,0.10957,1.69761
11,1839200.0,0.00642841,0.127972,0.178899
10,1839200.0,0.09924,0.105612,0.109806,1.69086
11,1839200.0,0.00685087,0.127057,0.172902
10,1839210.0,0.09924,0.10514,0.10957,1.68247
11,1839210.0,0.00639,0.128201,0.176101
10,1839210.0,0.09924,0.105494,0.110121,1.67894
11,1839210.0,0.00639,0.128201,0.180898
10,1839210.0,0.09924,0.105297,0.109924,1.68026
11,1839210.0,0.00696609,0.126371,0.172503
-1930424573.0,1839210.0,11.6625,131,35,0,0,0,2,1
-1930424829.0,1839210.0,0.329166,0.647916,0.729166,0
10,1839210.0,0.09924,0.105179,0.10957,1.6798
11,1839210.0,0.00639,0.128658,0.172503
10,1839210.0,0.09924,0.10514,0.10957,1.6739
11,1839210.0,0.00639,0.127057,0.171703
10,1839210.0,0.09924,0.106005,0.109688,1.66734
11,1839210.0,0.00669725,0.127972,0.175301
12,1839210.0
10,1839210.0,0.09924,0.106005,0.110042,1.66392
11,1839210.0,0.00700449,0.127743,0.174901
10,1839210.0,0.09924,0.106281,0.109806,1.66718
11,1839210.0,0.00639,0.127514,0.171703
10,1839210.0,0.09924,0.106084,0.109964,1.66978
11,1839210.0,0.00650522,0.127057,0.171703
10,1839210.0,0.09924,0.105966,0.10957,1.66924
11,1839210.0,0.00646681,0.127286,0.167705
10,1839220.0,0.09924,0.10573,0.109649,1.66695
11,1839220.0,0.00639,0.127057,0.170903
10,1839220.0,0.09924,0.10573,0.10957,1.668
11,1839220.0,0.00639,0.128429,0.163708
10,1839220.0,0.09924,0.10514,0.10957,1.67432
11,1839220.0,0.00639,0.128201,0.171303
-1930424573.0,1839220.0,11.6937,132,35,0,0,0,2,1
-1930424829.0,1839220.0,0.247916,0.489583,0.549999,0
10,1839220.0,0.09924,0.10514,0.10957,1.67941
11,1839220.0,0.00639,0.127057,0.167305
10,1839220.0,0.09924,0.105651,0.10957,1.68057
11,1839220.0,0.00639,0.127057,0.163708
10,1839220.0,0.09924,0.105691,0.10957,1.68178
11,1839220.0,0.00639,0.127972,0.167305
10,1839220.0,0.09924,0.10514,0.109846,1.68643
11,1839220.0,0.00650522,0.127743,0.168105
10,1839220.0,0.09924,0.105494,0.109767,1.69524
11,1839220.0,0.00639,0.128201,0.164507
10,1839220.0,0.09924,0.10514,0.10957,1.70141
11,1839220.0,0.00639,0.129573,0.168505
10,1839220.0,0.09924,0.10514,0.109688,1.70056
11,1839220.0,0.0070429,0.127743,0.163708
10,1839230.0,0.09924,0.10514,0.10957,1.6966
11,1839230.0,0.00642841,0.127286,0.173302
10,1839230.0,0.09924,0.10514,0.10957,1.69648
11,1839230.0,0.00654362,0.127057,0.164107
10,1839230.0,0.09924,0.105887,0.10957,1.7006
11,1839230.0,0.00639,0.128429,0.161709
-1930424573.0,1839230.0,11.6937,136,35,0,0,0,2,1
-1930424829.0,1839230.0,0.197916,0.391666,0.439583,0
10,1839230.0,0.09924,0.10514,0.10957,1.70296
11,1839230.0,0.00639,0.128201,0.15931
10,1839230.0,0.09924,0.10514,0.110121,1.69928
11,1839230.0,0.0070429,0.127514,0.170104
10,1839230.0,0.09924,0.10514,0.109609,1.69124
11,1839230.0,0.00639,0.127514,0.174501
10,1839230.0,0.09924,0.10573,0.10957,1.68725
11,1839230.0,0.00639,0.127972,0.171703
10,1839230.0,0.09924,0.105455,0.110161,1.68717
11,1839230.0,0.00639,0.127514,0.171303
10,1839230.0,0.09924,0.10514,0.109649,1.68469
11,1839230.0,0.00639,0.127972,0.172902
10,1839230.0,0.09924,0.105494,0.10957,1.67855
11,1839230.0,0.00669725,0.127743,0.169704
10,1839240.0,0.09924,0.106045,0.10957,1.67149
11,1839240.0,0.00639,0.127972,0.172902
10,1839240.0,0.09924,0.10514,0.10957,1.6699
11,1839240.0,0.00662043,0.128658,0.178899
10,1839240.0,0.09924,0.105258,0.109649,1.67262
11,1839240.0,0.00658203,0.126828,0.174501
-1930424573.0,1839240.0,11.65,130,35,0,0,0,2,1
-1930424829.0,1839240.0,0.166666,0.327083,0.368749,0
10,1839240.0,0.09924,0.105415,0.109885,1.67343
11,1839240.0,0.00639,0.127972,0.173702
10,1839240.0,0.09924,0.105337,0.10957,1.67009
11,1839240.0,0.00639,0.127057,0.170504
10,1839240.0,0.09924,0.10514,0.109649,1.66602
11,1839240.0,0.00639,0.128201,0.178899
10,1839240.0,0.09924,0.105337,0.109649,1.66711
11,1839240.0,0.00639,0.127972,0.173702
10,1839240.0,0.09924,0.10514,0.10957,1.67363
11,1839240.0,0.00639,0.127972,0.180498
10,1839240.0,0.09924,0.105258,0.110003,1.6798
11,1839240.0,0.00646681,0.127286,0.166506
10,1839240.0,0.09924,0.10514,0.109688,1.68143
11,1839240.0,0.00650522,0.126828,0.175301
10,1839250.0,0.09924,0.10514,0.10957,1.68003
11,1839250.0,0.00639,0.127972,0.175301
10,1839250.0,0.09924,0.105376,0.10957,1.68407
11,1839250.0,0.00650522,0.127057,0.167305
10,1839250.0,0.09924,0.105455,0.10957,1.69101
11,1839250.0,0.00639,0.128201,0.164907
-1930424573.0,1839250.0,11.65,132,35,0,0,0,2,1
-1930424829.0,1839250.0,0.139583,0.272916,0.308333,0
10,1839250.0,0.09924,0.10514,0.10957,1.6971
11,1839250.0,0.00639,0.128429,0.170903
10,1839250.0,0.09924,0.105494,0.109727,1.69932
11,1839250.0,0.00639,0.127514,0.164107
10,1839250.0,0.09924,0.10514,0.10957,1.69815
11,1839250.0,0.00639,0.128201,0.166906
10,1839250.0,0.09924,0.10514,0.10957,1.70095
11,1839250.0,0.00669725,0.127972,0.163308
10,1839250.0,0.09924,0.105376,0.10957,1.70739
11,1839250.0,0.00639,0.127743,0.166506
10,1839250.0,0.09924,0.10514,0.10957,1.7103
11,1839250.0,0.00639,0.126599,0.164507
10,1839250.0,0.09924,0.10514,0.10957,1.70677
11,1839250.0,0.00639,0.127743,0.168505
10,1839260.0,0.09924,0.10514,0.10957,1.70102
11,1839260.0,0.00665884,0.126828,0.163708
10,1839260.0,0.09924,0.10514,0.10957,1.69939
11,1839260.0,0.00658203,0.127972,0.168905
10,1839260.0,0.09924,0.105691,0.10957,1.70293
11,1839260.0,0.00639,0.128429,0.168105
-1930424573.0,1839260.0,11.6666,135,35,0,0,0,2,1
-1930424829.0,1839260.0,0.125,0.247916,0.279166,0
10,1839260.0,0.09924,0.105258,0.109649,1.7039
11,1839260.0,0.00639,0.127743,0.161309
10,1839260.0,0.09924,0.105494,0.10957,1.69881
11,1839260.0,0.00639,0.128429,0.165706
10,1839260.0,0.09924,0.105297,0.109806,1.6914
11,1839260.0,0.00639,0.125913,0.169704
12,1839260.0
10,1839260.0,0.09924,0.10514,0.10957,1.68667
11,1839260.0,0.00639,0.127514,0.163708
10,1839260.0,0.09924,0.105258,0.109767,1.68729
11,1839260.0,0.00639,0.127972,0.169704
10,1839260.0,0.09924,0.105691,0.10957,1.68628
11,1839260.0,0.00673565,0.128429,0.170504
10,1839260.0,0.09924,0.105337,0.10957,1.68146
11,1839260.0,0.00639,0.127057,0.172503
10,1839270.0,0.09924,0.10514,0.10957,1.67467
11,1839270.0,0.00650522,0.128429,0.183696
10,1839270.0,0.09924,0.10514,0.10957,1.67223
11,1839270.0,0.00639,0.127972,0.175301
10,1839270.0,0.09924,0.105219,0.109609,1.67382
11,1839270.0,0.00677406,0.126828,0.173302
-1930424573.0,1839270.0,11.6666,130,35,0,0,0,2,1
-1930424829.0,1839270.0,0.108333,0.2125,0.239583,0
10,1839270.0,0.09924,0.10514,0.109688,1.67328
11,1839270.0,0.00646681,0.128658,0.178499
10,1839270.0,0.09924,0.105533,0.109727,1.66901
11,1839270.0,0.00639,0.128201,0.172503
10,1839270.0,0.09924,0.105337,0.110397,1.66385
11,1839270.0,0.0070813,0.127286,0.173302
10,1839270.0,0.09924,0.105258,0.10957,1.66226
11,1839270.0,0.00639,0.127972,0.175701
10,1839270.0,0.09924,0.105887,0.10957,1.66699
11,1839270.0,0.00639,0.127972,0.172103
10,1839270.0,0.09924,0.10514,0.109767,1.67145
11,1839270.0,0.00662043,0.127286,0.174102
10,1839270.0,0.09924,0.105337,0.10957,1.67079
11,1839270.0,0.00639,0.128658,0.170903
10,1839280.0,0.09924,0.105376,0.109688,1.66905
11,1839280.0,0.00639,0.127972,0.174102
10,1839280.0,0.09924,0.105612,0.10957,1.67029
11,1839280.0,0.00639,0.129344,0.166106
10,1839280.0,0.09924,0.10514,0.10957,1.67619
11,1839280.0,0.00639,0.127972,0.164507
-1930424573.0,1839280.0,11.6666,136,35,0,0,0,2,1
-1930424829.0,1839280.0,0.0979165,0.19375,0.21875,0
10,1839280.0,0.09924,0.10514,0.10957,1.6829
11,1839280.0,0.00639,0.127972,0.169704
10,1839280.0,0.09924,0.10514,0.10957,1.68461
11,1839280.0,0.00639,0.127514,0.167305
10,1839280.0,0.09924,0.10514,0.10957,1.68566
11,1839280.0,0.00639,0.127286,0.15931
10,1839280.0,0.09924,0.10514,0.10957,1.68923
11,1839280.0,0.00639,0.126371,0.163308
10,1839280.0,0.09924,0.10514,0.10957,1.69621
11,1839280.0,0.00665884,0.127057,0.163708
10,1839280.0,0.09924,0.10514,0.10957,1.70067
11,1839280.0,0.00639,0.126599,0.163308
10,1839280.0,0.09924,0.105887,0.10957,1.69858
11,1839280.0,0.00639,0.127972,0.163308
10,1839290.0,0.09924,0.105455,0.10957,1.69528
11,1839290.0,0.00639,0.128201,0.166106
10,1839290.0,0.09924,0.105573,0.10957,1.69633
11,1839290.0,0.00639,0.127743,0.162908
10,1839290.0,0.09924,0.105258,0.10957,1.70126
11,1839290.0,0.00639,0.128201,0.171303
-1930424573.0,1839290.0,11.6666,137,35,0,0,0,2,1
-1930424829.0,1839290.0,0.0895832,0.177083,0.2,0
10,1839290.0,0.09924,0.105415,0.109688,1.70428
11,1839290.0,0.00639,0.128429,0.167705
10,1839290.0,0.09924,0.10514,0.109649,1.6997
11,1839290.0,0.00639,0.128658,0.174501
10,1839290.0,0.09924,0.10514,0.109806,1.69245
11,1839290.0,0.00677406,0.126828,0.168105
10,1839290.0,0.09924,0.106084,0.10957,1.68888
11,1839290.0,0.00639,0.128429,0.174901
10,1839290.0,0.09924,0.10514,0.10957,1.68973
11,1839290.0,0.00639,0.128201,0.179299
10,1839290.0,0.09924,0.10514,0.109609,1.68996
11,1839290.0,0.00639,0.126599,0.172103
10,1839290.0,0.09924,0.106005,0.109806,1.68542
11,1839290.0,0.00642841,0.127972,0.174501
10,1839300.0,0.09924,0.10514,0.10957,1.67751
11,1839300.0,0.00650522,0.128429,0.174102
10,1839300.0,0.09924,0.10514,0.110003,1.67398
11,1839300.0,0.00677406,0.126828,0.172902
10,1839300.0,0.09924,0.105376,0.109806,1.67483
11,1839300.0,0.00639,0.127743,0.175301
10,1839300.0,0.09924,0.105297,0.109727,1.67522
11,1839300.0,0.00639,0.127743,0.183696
-1930424573.0,1839300.0,11.6833,131,35,0,0,0,2,1
-1930424829.0,1839300.0,0.0749999,0.15,0.16875,0
10,1839300.0,0.09924,0.105297,0.109806,1.67064
11,1839300.0,0.00673565,0.127286,0.170903
10,1839300.0,0.09924,0.105415,0.10957,1.66443
11,1839300.0,0.00639,0.127057,0.175701
10,1839300.0,0.09924,0.10514,0.10957,1.66389
11,1839300.0,0.00673565,0.126828,0.168905
10,1839300.0,0.09924,0.105966,0.10957,1.66909
11,1839300.0,0.00639,0.127286,0.167705
10,1839300.0,0.09924,0.10514,0.109649,1.67258
11,1839300.0,0.00639,0.128429,0.176101
10,1839300.0,0.09924,0.105219,0.10957,1.67192
11,1839300.0,0.00665884,0.126599,0.162108
10,1839310.0,0.09924,0.10514,0.10957,1.66885
11,1839310.0,0.00639,0.127743,0.169704
10,1839310.0,0.09924,0.105179,0.10957,1.67009
11,1839310.0,0.00639,0.128201,0.170504
10,1839310.0,0.09924,0.10514,0.109767,1.67817
11,1839310.0,0.00639,0.127743,0.168105
-1930424573.0,1839310.0,11.6833,137,35,0,0,0,2,1
-1930424829.0,1839310.0,0.0749999,0.15,0.16875,0
10,1839310.0,0.09924,0.105179,0.10957,1.68441
11,1839310.0,0.00696609,0.126371,0.164107
10,1839310.0,0.09924,0.10514,0.10957,1.68604
11,1839310.0,0.00669725,0.127057,0.165706
10,1839310.0,0.09924,0.10514,0.10957,1.68438
11,1839310.0,0.00639,0.127743,0.167705
12,1839310.0
10,1839310.0,0.09924,0.10514,0.109767,1.68744
11,1839310.0,0.00639,0.127286,0.162508
10,1839310.0,0.09924,0.10514,0.10957,1.69361
11,1839310.0,0.00639,0.127514,0.162508
10,1839310.0,0.09924,0.10514,0.10957,1.69823
11,1839310.0,0.00639,0.127286,0.170104
10,1839310.0,0.09924,0.105612,0.10957,1.69718
11,1839310.0,0.00639,0.126828,0.16011
10,1839320.0,0.09924,0.10514,0.10957,1.69295
11,1839320.0,0.00639,0.127972,0.167305
10,1839320.0,0.09924,0.105573,0.10957,1.69412
11,1839320.0,0.00639,0.128887,0.1765
10,1839320.0,0.09924,0.10514,0.10957,1.69978
11,1839320.0,0.00639,0.128658,0.167305
-1930424573.0,1839320.0,11.6583,135,35,0,0,0,2,0
-1930424829.0,1839320.0,0.0666666,0.133333,0.15,0
10,1840460.0,0.09924,0.105415,0.109846,1.66517
11,1840460.0,0.00654362,0.127972,0.174901
10,1840460.0,0.09924,0.10514,0.109688,1.67235
11,1840460.0,0.00650522,0.128201,0.1769
10,1840460.0,0.09924,0.105179,0.110003,1.68178
11,1840460.0,0.00669725,0.127286,0.169304
12,1840460.0
10,1840460.0,0.09924,0.105573,0.10957,1.69256
11,1840460.0,0.00639,0.127743,0.169304
10,1840460.0,0.09924,0.106163,0.109727,1.70122
11,1840460.0,0.00639,0.127972,0.170504
10,1840460.0,0.09924,0.10514,0.10957,1.70894
11,1840460.0,0.00646681,0.127057,0.170104
10,1840460.0,0.09924,0.10514,0.10957,1.7117
11,1840460.0,0.00639,0.127972,0.178899
10,1840470.0,0.09924,0.106045,0.10957,1.71022
11,1840470.0,0.00639,0.129115,0.171703
10,1840470.0,0.09924,0.10514,0.109767,1.70273
11,1840470.0,0.00673565,0.126828,0.176101
10,1840470.0,0.09924,0.105494,0.109649,1.69121
11,1840470.0,0.00654362,0.127286,0.178899
-1930424573.0,1840470.0,11.6666,130,35,0,0,0,1,1
-1930424829.0,1840470.0,0,0,0,0
10,1840470.0,0.09924,0.10514,0.10957,1.67898
11,1840470.0,0.00639,0.127286,0.166106
10,1840470.0,0.09924,0.105612,0.110161,1.66936
11,1840470.0,0.00646681,0.125913,0.168905
10,1840470.0,0.09924,0.10514,0.10957,1.66311
11,1840470.0,0.00639,0.128201,0.167705
10,1840470.0,0.09924,0.10514,0.109885,1.66129
11,1840470.0,0.00723493,0.127057,0.166906
10,1840470.0,0.09924,0.105258,0.10957,1.66315
11,1840470.0,0.00639,0.127286,0.167305
10,1840470.0,0.09924,0.105415,0.109649,1.66905
11,1840470.0,0.00681246,0.127057,0.164907
10,1840470.0,0.09924,0.10514,0.10957,1.67918
11,1840470.0,0.00658203,0.127514,0.167705
10,1840480.0,0.09924,0.105258,0.10957,1.69047
11,1840480.0,0.00639,0.128201,0.168105
10,1840480.0,0.09924,0.105297,0.10957,1.69967
11,1840480.0,0.00639,0.128658,0.166906
10,1840480.0,0.09924,0.105179,0.109846,1.7089
11,1840480.0,0.00662043,0.127057,0.167705
-1930424573.0,1840480.0,11.6666,135,35,0,0,0,1,1
-1930424829.0,1840480.0,0,0,0,0
10,1840480.0,0.09924,0.10514,0.10957,1.71298
11,1840480.0,0.00639,0.127972,0.172503
10,1840480.0,0.09924,0.10514,0.109924,1.71414
11,1840480.0,0.00731174,0.126599,0.165307
10,1840480.0,0.09924,0.10514,0.10957,1.70828
11,1840480.0,0.00639,0.127743,0.170104
10,1840480.0,0.09924,0.105219,0.10957,1.69815
11,1840480.0,0.00639,0.127972,0.162908
10,1840480.0,0.09924,0.105966,0.109609,1.68616
11,1840480.0,0.00639,0.127972,0.168905
10,1840480.0,0.09924,0.10514,0.10957,1.67537
11,1840480.0,0.00639,0.127743,0.165706
10,1840480.0,0.09924,0.105455,0.109767,1.66718
11,1840480.0,0.00639,0.127972,0.166506
10,1840490.0,0.09924,0.10514,0.109609,1.66284
11,1840490.0,0.00639,0.127972,0.172103
10,1840490.0,0.09924,0.105927,0.10957,1.66214
11,1840490.0,0.00639,0.127972,0.163708
10,1840490.0,0.09924,0.105769,0.110082,1.66559
11,1840490.0,0.00639,0.128429,0.166906
-1930424573.0,1840490.0,11.6666,136,35,0,0,0,1,1
-1930424829.0,1840490.0,0,0,0,0
10,1840490.0,0.09924,0.10514,0.10957,1.673
11,1840490.0,0.00639,0.128201,0.168905
10,1840490.0,0.09924,0.105258,0.109885,1.68399
11,1840490.0,0.00673565,0.126371,0.165307
10,1840490.0,0.09924,0.106045,0.109885,1.69357
11,1840490.0,0.00639,0.128201,0.173702
10,1840490.0,0.09924,0.10514,0.10957,1.70285
11,1840490.0,0.00639,0.128201,0.176101
10,1840490.0,0.09924,0.105179,0.109924,1.71034
11,1840490.0,0.00662043,0.128658,0.167305
10,1840490.0,0.09924,0.10514,0.10957,1.71232
11,1840490.0,0.00639,0.127743,0.178899
10,1840490.0,0.09924,0.105258,0.109727,1.71034
11,1840490.0,0.00681246,0.126599,0.170104
10,1840500.0,0.09924,0.105769,0.10957,1.70207
11,1840500.0,0.00639,0.128429,0.173302
10,1840500.0,0.09924,0.105415,0.10957,1.68977
11,1840500.0,0.00639,0.128201,0.1769
10,1840500.0,0.09924,0.105573,0.10957,1.67755
11,1840500.0,0.00639,0.128658,0.174901
10,1840500.0,0.09924,0.10514,0.109885,1.66943
-1930424573.0,1840500.0,11.6771,131,35,0,0,0,1,1
-1930424829.0,1840500.0,0,0,0,0
11,1840500.0,0.00688928,0.126599,0.172503
10,1840500.0,0.09924,0.105573,0.109924,1.66536
11,1840500.0,0.00673565,0.127286,0.172902
10,1840500.0,0.09924,0.10514,0.10957,1.66276
11,1840500.0,0.00692768,0.126371,0.166506
10,1840500.0,0.09924,0.10514,0.10957,1.66334
11,1840500.0,0.00642841,0.127057,0.162508
10,1840500.0,0.09924,0.10514,0.10957,1.66912
11,1840500.0,0.00639,0.128429,0.165307
10,1840500.0,0.09924,0.105297,0.10957,1.68065
11,1840500.0,0.00639,0.128201,0.169304
10,1840500.0,0.09924,0.10514,0.10957,1.69369
11,1840500.0,0.00662043,0.128429,0.171303
10,1840510.0,0.09924,0.10514,0.10957,1.70223
11,1840510.0,0.00639,0.127743,0.171703
10,1840510.0,0.09924,0.10514,0.10957,1.70688
11,1840510.0,0.00639,0.127972,0.168505
10,1840510.0,0.09924,0.10514,0.10957,1.70979
11,1840510.0,0.00639,0.127514,0.166906
-1930424573.0,1840510.0,11.6771,138,35,0,0,0,1,1
-1930424829.0,1840510.0,0,0,0,0
10,1840510.0,0.09924,0.10514,0.10957,1.71026
11,1840510.0,0.00639,0.127743,0.162108
10,1840510.0,0.09924,0.10514,0.10957,1.70564
11,1840510.0,0.00639,0.127286,0.162108
10,1840510.0,0.09924,0.10514,0.10957,1.69392
11,1840510.0,0.00639,0.128429,0.167705
12,1840510.0
10,1840510.0,0.09924,0.105848,0.10957,1.68026
11,1840510.0,0.00665884,0.127743,0.152514
10,1840510.0,0.09924,0.10514,0.10957,1.66905
11,1840510.0,0.00639,0.127743,0.171303
10,1840510.0,0.09924,0.105691,0.10957,1.66373
11,1840510.0,0.00639,0.126828,0.164107
10,1840510.0,0.09924,0.105769,0.10957,1.66171
11,1840510.0,0.00685087,0.127057,0.163708
10,1840520.0,0.09924,0.10514,0.10957,1.66051
11,1840520.0,0.00639,0.128887,0.165307
10,1840520.0,0.09924,0.105809,0.109846,1.66447
11,1840520.0,0.00639,0.126599,0.15891
10,1840520.0,0.09924,0.105376,0.110318,1.6737
11,1840520.0,0.00685087,0.127514,0.170903
-1930424573.0,1840520.0,11.6479,137,35,0,0,0,1,1
-1930424829.0,1840520.0,0,0,0,0
10,1840520.0,0.09924,0.105494,0.109885,1.68593
11,1840520.0,0.00639,0.127743,0.163708
10,1840520.0,0.09924,0.105494,0.109846,1.69804
11,1840520.0,0.00639,0.128429,0.173302
10,1840520.0,0.09924,0.105297,0.10957,1.70525
11,1840520.0,0.00646681,0.128658,0.168105
10,1840520.0,0.09924,0.105494,0.10957,1.70836
11,1840520.0,0.00639,0.128201,0.174102
10,1840520.0,0.09924,0.10514,0.109767,1.70774
11,1840520.0,0.00639,0.127514,0.1765
10,1840520.0,0.09924,0.105337,0.109609,1.70343
11,1840520.0,0.00639,0.127514,0.174501
10,1840520.0,0.09924,0.105258,0.10957,1.69551
11,1840520.0,0.00639,0.128429,0.175301
10,1840530.0,0.09924,0.105533,0.109806,1.6841
11,1840530.0,0.0070813,0.127743,0.170504
10,1840530.0,0.09924,0.10514,0.10957,1.67072
11,1840530.0,0.00639,0.127972,0.169304
10,1840530.0,0.09924,0.10514,0.10957,1.66039
11,1840530.0,0.00639,0.128429,0.178499
-1930424573.0,1840530.0,11.6479,131,35,0,0,0,1,1
-1930424829.0,1840530.0,0,0,0,0
10,1840530.0,0.09924,0.10514,0.109688,1.65383
11,1840530.0,0.00639,0.127972,0.178499
10,1840530.0,0.09924,0.10514,0.10957,1.65154
11,1840530.0,0.00639,0.126828,0.172103
10,1840530.0,0.09924,0.10514,0.10957,1.65162
11,1840530.0,0.00639,0.127743,0.176101
10,1840530.0,0.09924,0.105297,0.10957,1.65337
11,1840530.0,0.00639,0.127743,0.167705
10,1840530.0,0.09924,0.10514,0.109688,1.6555
11,1840530.0,0.00688928,0.127057,0.166906
10,1840530.0,0.09924,0.105179,0.10957,1.65554
11,1840530.0,0.00639,0.128201,0.167705
10,1840530.0,0.09924,0.10514,0.10957,1.65151
11,1840530.0,0.00658203,0.127743,0.167705
10,1840540.0,0.09924,0.10514,0.10957,1.64157
11,1840540.0,0.00639,0.127972,0.162508
10,1840540.0,0.09924,0.10514,0.10957,1.62527
11,1840540.0,0.00639,0.127972,0.163308
10,1840540.0,0.09924,0.10514,0.109649,1.60369
11,1840540.0,0.00662043,0.126599,0.155312
-1930424573.0,1840540.0,11.6479,137,35,0,0,0,1,1
-1930424829.0,1840540.0,0,0,0,0
10,1840540.0,0.09924,0.105691,0.109649,1.58057
11,1840540.0,0.00639,0.127514,0.163308
10,1840540.0,0.09924,0.10514,0.10957,1.55802
11,1840540.0,0.00639,0.128658,0.166906
10,1840540.0,0.09924,0.10514,0.10957,1.53691
11,1840540.0,0.00639,0.127743,0.15971
10,1840540.0,0.09924,0.105809,0.10957,1.5175
11,1840540.0,0.00639,0.128429,0.161309
10,1840540.0,0.09924,0.105927,0.10957,1.49965
11,1840540.0,0.00665884,0.127057,0.164907
10,1840540.0,0.09924,0.106399,0.109806,1.48506
11,1840540.0,0.00639,0.127286,0.162908
10,1840540.0,0.09924,0.105219,0.10957,1.47237
11,1840540.0,0.00639,0.127972,0.164907
10,1840550.0,0.09924,0.10514,0.10957,1.46061
11,1840550.0,0.00639,0.128201,0.163708
10,1840550.0,0.09924,0.105219,0.10957,1.45072
11,1840550.0,0.00639,0.128887,0.171303
10,1840550.0,0.09924,0.105966,0.109885,1.44113
11,1840550.0,0.00639,0.128658,0.170104
-1930424573.0,1840550.0,11.6479,135,35,0,0,0,1,1
-1930424829.0,1840550.0,0,0,0,0
10,1840550.0,0.09924,0.106123,0.109609,1.43411
11,1840550.0,0.00639,0.128201,0.170104
10,1840550.0,0.09924,0.10514,0.10957,1.42836
11,1840550.0,0.00639,0.128887,0.173302
10,1840550.0,0.09924,0.10514,0.10957,1.42437
11,1840550.0,0.00639,0.128201,0.173302
10,1840550.0,0.09924,0.10573,0.109649,1.42083
11,1840550.0,0.00658203,0.128658,0.170104
10,1840550.0,0.09924,0.10514,0.10957,1.41785
11,1840550.0,0.00639,0.127743,0.1777
10,1840550.0,0.09924,0.105258,0.110042,1.41614
11,1840550.0,0.00677406,0.126828,0.174901
10,1840550.0,0.09924,0.105809,0.10957,1.41241
11,1840550.0,0.00639,0.128201,0.173302
10,1840560.0,0.09924,0.10514,0.10957,1.40919
11,1840560.0,0.00642841,0.127972,0.181298
10,1840560.0,0.09924,0.10514,0.10957,1.40578
11,1840560.0,0.00654362,0.128201,0.169704
10,1840560.0,0.09924,0.10514,0.10957,1.40124
11,1840560.0,0.00639,0.128887,0.179698
-1930424573.0,1840560.0,11.6521,131,35,0,0,0,1,1
-1930424829.0,1840560.0,0,0,0,0
10,1840560.0,0.09924,0.10514,0.10957,1.39778
11,1840560.0,0.00642841,0.127286,0.166906
10,1840560.0,0.09924,0.10514,0.10957,1.3953
11,1840560.0,0.00639,0.127972,0.167305
10,1840560.0,0.09924,0.105179,0.10957,1.39316
11,1840560.0,0.00639,0.128429,0.172503
12,1840560.0
10,1840560.0,0.09924,0.10514,0.10957,1.39002
11,1840560.0,0.00639,0.127972,0.162108
10,1840560.0,0.09924,0.10514,0.10957,1.38657
11,1840560.0,0.00639,0.128201,0.169704
10,1840560.0,0.09924,0.105258,0.109649,1.38408
11,1840560.0,0.00685087,0.127286,0.164107
10,1840560.0,0.09924,0.10514,0.109649,1.38133
11,1840560.0,0.00658203,0.127743,0.165706
10,1840570.0,0.09924,0.105415,0.10957,1.37989
11,1840570.0,0.00639,0.127972,0.161709
10,1840570.0,0.09924,0.10514,0.10957,1.3778
11,1840570.0,0.00639,0.128658,0.167305
10,1840570.0,0.09924,0.105769,0.10957,1.37648
11,1840570.0,0.00639,0.128429,0.167305
-1930424573.0,1840570.0,11.6521,137,35,0,0,0,1,1
-1930424829.0,1840570.0,0,0,0,0
10,1840570.0,0.09924,0.10514,0.10957,1.37667
11,1840570.0,0.00650522,0.126599,0.15851
10,1840570.0,0.09924,0.105297,0.10957,1.37733
11,1840570.0,0.00639,0.127972,0.166906
10,1840570.0,0.09924,0.10514,0.10957,1.37768
11,1840570.0,0.00639,0.129344,0.171303
10,1840570.0,0.09924,0.10514,0.109846,1.37752
11,1840570.0,0.00665884,0.127057,0.170104
10,1840570.0,0.09924,0.106281,0.109688,1.37659
11,1840570.0,0.00646681,0.127972,0.168905
10,1840570.0,0.09924,0.105769,0.109885,1.37725
11,1840570.0,0.00669725,0.126828,0.164107
10,1840570.0,0.09924,0.10514,0.109767,1.3802
11,1840570.0,0.00639,0.126142,0.165307
10,1840580.0,0.09924,0.106123,0.109727,1.38261
11,1840580.0,0.00639,0.126371,0.169304
10,1840580.0,0.09924,0.10514,0.10957,1.383
11,1840580.0,0.00639,0.127286,0.168505
10,1840580.0,0.09924,0.10514,0.10957,1.38238
11,1840580.0,0.00662043,0.127743,0.176101
-1930424573.0,1840580.0,11.6916,135,35,0,0,0,1,1
-1930424829.0,1840580.0,0,0,0,0
10,1840580.0,0.09924,0.10514,0.10957,1.38373
11,1840580.0,0.00658203,0.127057,0.166506
10,1840580.0,0.09924,0.10514,0.10957,1.38711
11,1840580.0,0.00654362,0.127743,0.173302
10,1840580.0,0.09924,0.105297,0.10957,1.38983
11,1840580.0,0.00688928,0.127057,0.166906
10,1840580.0,0.09924,0.10514,0.109688,1.38959
