#(0 0 101 32 0 0 1 65 347930 -1 -1 -1 -1 -1 -1)
#(0 0 102 29 0 0 0 20 106102 -1 -1 -1 -1 -1 -1)
#(0 0 103 29 0 0 1 41 221265 -1 -1 -1 -1 -1 -1)
#(0 0 104 26 0 0 0 31 164120 -1 -1 -1 -1 -1 -1)
#(0 0 105 27 0 0 0 48 253892 -1 -1 -1 -1 -1 -1)
#(0 0 106 23 0 0 0 34 179905 -1 -1 -1 -1 -1 -1)
#(0 0 107 27 0 0 0 19 100772 -1 -1 -1 -1 -1 -1)
#(0 0 108 34 0 0 1 47 252866 -1 -1 -1 -1 -1 -1)
#(0 0 109 23 0 0 1 16 89375 -1 -1 -1 -1 -1 -1)
#(0 0 110 25 0 0 1 91 485353 -1 -1 -1 -1 -1 -1)
#(0 0 111 28 0 0 1 80 427215 -1 -1 -1 -1 -1 -1)
#(0 0 112 26 0 0 1 52 279412 -1 -1 -1 -1 -1 -1)
#(0 0 113 27 0 0 1 37 200200 -1 -1 -1 -1 -1 -1)
#(0 0 114 23 0 0 1 97 517071 -1 -1 -1 -1 -1 -1)
#(0 0 137616 28 1 0 1 53 284636 119626 -1 -1 -1 -1 -1)
#(0 0 137617 28 1 0 0 14 74404 119626 -1 -1 -1 -1 -1)
#(0 0 137618 29 1 0 0 8 42742 119626 -1 -1 -1 -1 -1)
#(0 0 137619 20 1 0 1 63 337583 119626 -1 -1 -1 -1 -1)
#(0 0 137620 32 1 0 1 81 432432 119626 -1 -1 -1 -1 -1)
#(0 0 137621 26 1 0 1 75 400852 119626 -1 -1 -1 -1 -1)
#(0 0 137622 32 1 0 1 62 332112 119626 -1 -1 -1 -1 -1)
#(0 0 137623 27 1 0 1 76 406114 119626 -1 -1 -1 -1 -1)
#(0 0 137624 26 1 0 1 79 421972 119626 -1 -1 -1 -1 -1)
#(0 0 137626 20 1 0 0 7 37284 119626 -1 -1 -1 -1 -1)
#(0 0 275131 26 2 0 1 64 342754 239253 -1 -1 -1 -1 -1)
#(0 0 275132 20 2 0 0 43 227382 239253 -1 -1 -1 -1 -1)
#(0 0 275134 28 2 0 1 93 495842 239253 -1 -1 -1 -1 -1)
#(0 0 275135 20 2 0 0 51 269617 239253 -1 -1 -1 -1 -1)
#(0 0 275136 32 2 0 0 27 143103 239253 -1 -1 -1 -1 -1)
#(0 0 275137 30 2 0 0 39 206438 239253 -1 -1 -1 -1 -1)
#(0 0 275138 28 2 0 0 41 216957 239253 -1 -1 -1 -1 -1)
#(0 0 275139 27 2 0 1 76 406102 239253 -1 -1 -1 -1 -1)
#(0 0 275140 34 2 0 0 1 5855 239253 -1 -1 -1 -1 -1)
#(0 0 275141 34 2 0 0 9 48095 239253 -1 -1 -1 -1 -1)
#(0 0 275142 25 2 0 0 0 406 239253 -1 -1 -1 -1 -1)
#(0 0 275143 23 2 0 1 62 332266 239253 -1 -1 -1 -1 -1)
#(0 0 275144 30 2 0 1 59 316303 239253 -1 -1 -1 -1 -1)
#(0 0 275145 29 2 0 0 7 37435 239253 -1 -1 -1 -1 -1)
#(0 0 275146 23 2 0 1 95 506506 239253 -1 -1 -1 -1 -1)
#(0 0 275147 34 2 0 1 84 448248 239253 -1 -1 -1 -1 -1)
#(0 0 275148 20 2 0 0 18 95359 239253 -1 -1 -1 -1 -1)
#(0 0 412250 34 3 0 0 42 222343 359592 -1 -1 -1 -1 -1)
#(0 0 412251 26 3 0 0 12 63794 359592 -1 -1 -1 -1 -1)
#(0 0 412252 23 3 0 1 51 274175 359592 -1 -1 -1 -1 -1)
#(0 0 412253 34 3 0 0 29 153695 359592 -1 -1 -1 -1 -1)
#(0 0 412254 34 3 0 0 67 354336 359592 -1 -1 -1 -1 -1)
#(0 0 412255 20 3 0 1 49 263667 359592 -1 -1 -1 -1 -1)
#(0 0 412256 20 3 0 0 0 333 359592 -1 -1 -1 -1 -1)
#(0 0 412257 34 3 0 0 20 106166 359592 -1 -1 -1 -1 -1)
#(0 0 412258 23 3 0 0 65 343580 359592 -1 -1 -1 -1 -1)
#(0 0 412259 25 3 0 1 78 416714 359592 -1 -1 -1 -1 -1)
#(0 0 412260 26 3 0 1 79 421978 359592 -1 -1 -1 -1 -1)
#(0 0 412262 26 3 0 1 58 311098 359592 -1 -1 -1 -1 -1)
#(0 0 412263 29 3 0 1 87 464171 359592 -1 -1 -1 -1 -1)
#(0 0 412264 27 3 0 0 16 84913 359592 -1 -1 -1 -1 -1)
#(0 1 117 20 0 0 1 59 316467 -1 -1 -1 -1 -1 -1)
#(0 1 118 29 0 0 0 53 280329 -1 -1 -1 -1 -1 -1)
#(0 1 119 34 0 0 1 38 205345 -1 -1 -1 -1 -1 -1)
#(0 1 120 29 0 0 1 70 374391 -1 -1 -1 -1 -1 -1)
#(0 1 121 25 0 0 0 19 100727 -1 -1 -1 -1 -1 -1)
#(0 1 122 32 0 0 0 13 69169 -1 -1 -1 -1 -1 -1)
#(0 1 123 28 0 0 1 26 142102 -1 -1 -1 -1 -1 -1)
#(0 1 124 29 0 0 1 98 522244 -1 -1 -1 -1 -1 -1)
#(0 1 125 23 0 0 1 92 490665 -1 -1 -1 -1 -1 -1)
#(0 1 126 30 0 0 0 58 306738 -1 -1 -1 -1 -1 -1)
#(0 1 137625 23 1 0 1 81 432593 119626 -1 -1 -1 -1 -1)
#(0 1 137627 25 1 0 1 64 342776 119626 -1 -1 -1 -1 -1)
#(0 1 137628 23 1 0 1 79 422043 119626 -1 -1 -1 -1 -1)
#(0 1 137629 30 1 0 0 21 111398 119626 -1 -1 -1 -1 -1)
#(0 1 137631 28 1 0 1 70 374409 119626 -1 -1 -1 -1 -1)
#(0 1 137632 27 1 0 1 40 216028 119626 -1 -1 -1 -1 -1)
#(0 1 137633 26 1 0 1 83 443086 119626 -1 -1 -1 -1 -1)
#(0 1 137634 28 1 0 0 28 148311 119626 -1 -1 -1 -1 -1)
#(0 1 137635 28 1 0 0 2 11025 119626 -1 -1 -1 -1 -1)
#(0 1 137636 29 1 0 0 56 296162 119626 -1 -1 -1 -1 -1)
#(0 1 137637 30 1 0 0 51 269784 119626 -1 -1 -1 -1 -1)
#(0 1 137639 28 1 0 1 68 363862 119626 -1 -1 -1 -1 -1)
#(0 1 137640 30 1 0 0 17 90257 119626 -1 -1 -1 -1 -1)
#(0 1 137641 23 1 0 0 80 422774 119626 -1 -1 -1 -1 -1)
#(0 1 275133 27 2 0 1 64 342746 239253 -1 -1 -1 -1 -1)
#(0 1 275150 32 2 0 1 81 432410 239253 -1 -1 -1 -1 -1)
#(0 1 275151 32 2 0 0 44 232870 239253 -1 -1 -1 -1 -1)
#(0 1 275152 27 2 0 0 32 169418 239253 -1 -1 -1 -1 -1)
#(0 1 275153 20 2 0 0 81 428013 239253 -1 -1 -1 -1 -1)
#(0 1 275154 25 2 0 1 67 358628 239253 -1 -1 -1 -1 -1)
#(0 1 275155 25 2 0 0 8 42652 239253 -1 -1 -1 -1 -1)
#(0 1 275156 23 2 0 1 52 279460 239253 -1 -1 -1 -1 -1)
#(0 1 275157 32 2 0 0 62 327888 239253 -1 -1 -1 -1 -1)
#(0 1 275158 25 2 0 0 11 58481 239253 -1 -1 -1 -1 -1)
#(0 1 275159 34 2 0 0 19 100880 239253 -1 -1 -1 -1 -1)
#(0 1 275160 29 2 0 0 41 216956 239253 -1 -1 -1 -1 -1)
#(0 1 275161 32 2 0 1 75 400759 239253 -1 -1 -1 -1 -1)
#(0 1 275162 25 2 0 0 4 21521 239253 -1 -1 -1 -1 -1)
#(0 1 275163 26 2 0 0 34 179942 239253 -1 -1 -1 -1 -1)
#(0 1 275164 26 2 0 0 77 406982 239253 -1 -1 -1 -1 -1)
#(3 1 275164 -1 2 -1 -1 -1 -1 239254 -1 -1 -1 -1 48)
#(0 1 275165 26 2 0 0 53 280256 239253 -1 -1 -1 -1 -1)
#(0 1 412261 32 3 0 0 29 153645 359592 -1 -1 -1 -1 -1)
#(0 1 412265 29 3 0 0 10 53302 359592 -1 -1 -1 -1 -1)
#(0 1 412266 20 3 0 1 53 284783 359592 -1 -1 -1 -1 -1)
#(0 1 412267 26 3 0 1 74 395560 359592 -1 -1 -1 -1 -1)
#(0 1 412268 20 3 0 1 84 448463 359592 -1 -1 -1 -1 -1)
#(0 1 412269 25 3 0 1 95 506462 359592 -1 -1 -1 -1 -1)
#(0 1 412270 30 3 0 0 50 264518 359592 -1 -1 -1 -1 -1)
#(0 1 412271 25 3 0 0 14 74340 359592 -1 -1 -1 -1 -1)
#(0 1 412272 29 3 0 1 96 511671 359592 -1 -1 -1 -1 -1)
#(0 1 412274 23 3 0 0 7 37339 359592 -1 -1 -1 -1 -1)
#(0 1 412275 32 3 0 1 43 231799 359592 -1 -1 -1 -1 -1)
#(0 1 412276 30 3 0 1 93 495823 359592 -1 -1 -1 -1 -1)
#(0 1 412278 34 3 0 1 50 268721 359592 -1 -1 -1 -1 -1)
#(0 1 412279 34 3 0 0 51 269831 359592 -1 -1 -1 -1 -1)
#(0 1 412280 32 3 0 0 55 290914 359592 -1 -1 -1 -1 -1)
#(0 1 412281 26 3 0 0 6 32096 359592 -1 -1 -1 -1 -1)
#(0 2 115 26 0 0 1 80 427229 -1 -1 -1 -1 -1 -1)
#(0 2 127 30 0 0 1 89 474675 -1 -1 -1 -1 -1 -1)
#(0 2 128 32 0 0 0 13 69156 -1 -1 -1 -1 -1 -1)
#(0 2 130 26 0 0 0 33 174680 -1 -1 -1 -1 -1 -1)
#(0 2 132 23 0 0 1 81 432575 -1 -1 -1 -1 -1 -1)
#(0 2 133 28 0 0 0 54 285591 -1 -1 -1 -1 -1 -1)
#(0 2 134 32 0 0 0 35 185328 -1 -1 -1 -1 -1 -1)
#(0 2 135 26 0 0 0 1 5708 -1 -1 -1 -1 -1 -1)
#(0 2 136 30 0 0 0 17 90264 -1 -1 -1 -1 -1 -1)
#(0 2 137 32 0 0 1 82 437711 -1 -1 -1 -1 -1 -1)
#(0 2 138 20 0 0 1 24 131676 -1 -1 -1 -1 -1 -1)
#(0 2 139 26 0 0 0 7 37382 -1 -1 -1 -1 -1 -1)
#(0 2 137630 22 1 0 1 64 342830 119626 -1 -1 -1 -1 -1)
#(0 2 137642 34 1 0 1 43 231729 119626 -1 -1 -1 -1 -1)
#(0 2 137643 30 1 0 1 80 427162 119626 -1 -1 -1 -1 -1)
#(0 2 137644 20 1 0 1 59 316467 119626 -1 -1 -1 -1 -1)
#(0 2 137645 25 1 0 0 40 211606 119626 -1 -1 -1 -1 -1)
#(0 2 137646 20 1 0 0 10 53123 119626 -1 -1 -1 -1 -1)
#(0 2 137647 29 1 0 0 59 311989 119626 -1 -1 -1 -1 -1)
#(0 2 137648 20 1 0 0 5 26719 119626 -1 -1 -1 -1 -1)
#(0 2 275149 28 2 0 1 84 448322 239253 -1 -1 -1 -1 -1)
#(0 2 275166 29 2 0 0 54 285609 239253 -1 -1 -1 -1 -1)
#(0 2 275167 34 2 0 0 12 63933 239253 -1 -1 -1 -1 -1)
#(0 2 275168 25 2 0 1 79 421988 239253 -1 -1 -1 -1 -1)
#(0 2 275169 26 2 0 0 60 317228 239253 -1 -1 -1 -1 -1)
#(0 2 275170 26 2 0 1 74 395578 239253 -1 -1 -1 -1 -1)
#(0 2 275171 25 2 0 1 69 369199 239253 -1 -1 -1 -1 -1)
#(0 2 275172 25 2 0 0 63 333041 239253 -1 -1 -1 -1 -1)
#(0 2 275173 28 2 0 0 2 11018 239253 -1 -1 -1 -1 -1)
#(0 2 275174 25 2 0 0 24 127120 239253 -1 -1 -1 -1 -1)
#(0 2 275175 26 2 0 1 41 221344 239253 -1 -1 -1 -1 -1)
#(0 2 275176 28 2 0 0 57 301412 239253 -1 -1 -1 -1 -1)
#(0 2 412273 26 3 0 0 14 74351 359592 -1 -1 -1 -1 -1)
#(0 2 412277 23 3 0 1 58 311143 359592 -1 -1 -1 -1 -1)
#(0 2 412282 23 3 0 1 77 411445 359592 -1 -1 -1 -1 -1)
#(0 2 412284 27 3 0 1 90 480022 359592 -1 -1 -1 -1 -1)
#(0 2 412285 34 3 0 1 55 295098 359592 -1 -1 -1 -1 -1)
#(0 2 412286 29 3 0 0 57 301449 359592 -1 -1 -1 -1 -1)
#(0 2 412287 25 3 0 1 97 517028 359592 -1 -1 -1 -1 -1)
#(0 2 412288 32 3 0 1 89 474672 359592 -1 -1 -1 -1 -1)
#(0 2 412289 23 3 0 0 52 274940 359592 -1 -1 -1 -1 -1)
#(0 2 412290 27 3 0 0 20 106038 359592 -1 -1 -1 -1 -1)
#(0 2 412291 25 3 0 1 78 416708 359592 -1 -1 -1 -1 -1)
#(0 3 116 27 0 0 1 80 427236 -1 -1 -1 -1 -1 -1)
#(0 3 129 19 0 0 1 92 490726 -1 -1 -1 -1 -1 -1)
#(0 3 140 28 0 0 1 63 337442 -1 -1 -1 -1 -1 -1)
#(0 3 141 27 0 0 0 6 32132 -1 -1 -1 -1 -1 -1)
#(0 3 142 20 0 0 1 59 316469 -1 -1 -1 -1 -1 -1)
#(0 3 143 34 0 0 1 38 205342 -1 -1 -1 -1 -1 -1)
#(0 3 144 23 0 0 0 8 42625 -1 -1 -1 -1 -1 -1)
#(0 3 145 32 0 0 0 14 74449 -1 -1 -1 -1 -1 -1)
#(0 3 146 25 0 0 1 98 522317 -1 -1 -1 -1 -1 -1)
#(0 3 147 23 0 0 1 87 464261 -1 -1 -1 -1 -1 -1)
#(0 3 148 34 0 0 1 18 99761 -1 -1 -1 -1 -1 -1)
#(0 3 149 32 0 0 1 58 310999 -1 -1 -1 -1 -1 -1)
#(0 3 137638 19 1 0 1 79 422079 119626 -1 -1 -1 -1 -1)
#(0 3 137649 27 1 0 0 14 74376 119626 -1 -1 -1 -1 -1)
#(0 3 137650 32 1 0 0 11 58630 119626 -1 -1 -1 -1 -1)
#(0 3 137651 32 1 0 0 1 5831 119626 -1 -1 -1 -1 -1)
#(0 3 137652 30 1 0 1 57 305722 119626 -1 -1 -1 -1 -1)
#(0 3 137654 30 1 0 0 12 63878 119626 -1 -1 -1 -1 -1)
#(0 3 137655 27 1 0 1 56 300502 119626 -1 -1 -1 -1 -1)
#(0 3 137656 30 1 0 0 3 16351 119626 -1 -1 -1 -1 -1)
#(0 3 137657 20 1 0 1 64 342872 119626 -1 -1 -1 -1 -1)
#(0 3 137658 23 1 0 1 68 363942 119626 -1 -1 -1 -1 -1)
#(0 3 137659 26 1 0 0 54 285554 119626 -1 -1 -1 -1 -1)
#(0 3 137660 23 1 0 0 22 116545 119626 -1 -1 -1 -1 -1)
#(0 3 137662 20 1 0 0 33 174568 119626 -1 -1 -1 -1 -1)
#(0 3 137663 26 1 0 1 80 427258 119626 -1 -1 -1 -1 -1)
#(0 3 137664 34 1 0 1 92 490480 119626 -1 -1 -1 -1 -1)
#(0 3 137666 28 1 0 1 47 252982 119626 -1 -1 -1 -1 -1)
#(0 3 137667 29 1 0 1 71 379691 119626 -1 -1 -1 -1 -1)
#(0 3 275177 30 2 0 0 30 158921 239253 -1 -1 -1 -1 -1)
#(0 3 275179 25 2 0 0 15 79618 239253 -1 -1 -1 -1 -1)
#(0 3 275180 25 2 0 1 55 295262 239253 -1 -1 -1 -1 -1)
#(0 3 275181 25 2 0 0 29 153532 239253 -1 -1 -1 -1 -1)
#(0 3 275182 34 2 0 0 35 185375 239253 -1 -1 -1 -1 -1)
#(0 3 275183 22 2 0 0 43 227402 239253 -1 -1 -1 -1 -1)
#(0 3 275184 23 2 0 0 19 100696 239253 -1 -1 -1 -1 -1)
#(0 3 275185 26 2 0 0 31 164102 239253 -1 -1 -1 -1 -1)
#(0 3 275186 25 2 0 0 26 137681 239253 -1 -1 -1 -1 -1)
#(0 3 275188 20 2 0 0 27 142883 239253 -1 -1 -1 -1 -1)
#(0 3 412283 23 3 0 1 77 411459 359592 -1 -1 -1 -1 -1)
#(0 3 412292 24 3 0 1 90 480092 359592 -1 -1 -1 -1 -1)
#(0 3 412293 20 3 0 0 73 385777 359592 -1 -1 -1 -1 -1)
#(0 3 412294 34 3 0 0 9 48103 359592 -1 -1 -1 -1 -1)
#(0 3 412295 20 3 0 0 21 111217 359592 -1 -1 -1 -1 -1)
#(0 3 412296 23 3 0 0 16 84852 359592 -1 -1 -1 -1 -1)
#(0 3 412298 25 3 0 0 47 248567 359592 -1 -1 -1 -1 -1)
#(0 3 412300 34 3 0 0 26 137840 359592 -1 -1 -1 -1 -1)
#(0 3 412301 26 3 0 1 37 200218 359592 -1 -1 -1 -1 -1)
#(0 4 131 16 0 0 1 92 490781 -1 -1 -1 -1 -1 -1)
#(2 4 138 -1 -1 -1 -1 -1 -1 0 -1 -1 -1 -1 -1)
#(0 4 150 27 0 0 0 15 79664 -1 -1 -1 -1 -1 -1)
#(0 4 151 23 0 0 1 86 458964 -1 -1 -1 -1 -1 -1)
#(0 4 152 28 0 0 1 54 289922 -1 -1 -1 -1 -1 -1)
#(0 4 153 30 0 0 0 52 275078 -1 -1 -1 -1 -1 -1)
#(0 4 154 29 0 0 0 35 185289 -1 -1 -1 -1 -1 -1)
#(0 4 155 20 0 0 1 89 474864 -1 -1 -1 -1 -1 -1)
#(0 4 156 26 0 0 0 49 259154 -1 -1 -1 -1 -1 -1)
#(0 4 157 32 0 0 1 47 252909 -1 -1 -1 -1 -1 -1)
#(0 4 158 25 0 0 0 44 232726 -1 -1 -1 -1 -1 -1)
#(0 4 159 29 0 0 1 93 495838 -1 -1 -1 -1 -1 -1)
#(0 4 160 30 0 0 1 88 469416 -1 -1 -1 -1 -1 -1)
#(0 4 161 26 0 0 0 28 148268 -1 -1 -1 -1 -1 -1)
#(0 4 162 27 0 0 0 12 63806 -1 -1 -1 -1 -1 -1)
#(0 4 163 30 0 0 0 72 380651 -1 -1 -1 -1 -1 -1)
#(0 4 137653 19 1 0 0 5 26700 119626 -1 -1 -1 -1 -1)
#(0 4 137661 25 1 0 0 3 16259 119626 -1 -1 -1 -1 -1)
#(0 4 137665 22 1 0 0 59 311882 119626 -1 -1 -1 -1 -1)
#(0 4 137668 30 1 0 0 34 180045 119626 -1 -1 -1 -1 -1)
#(0 4 137669 23 1 0 0 35 185195 119626 -1 -1 -1 -1 -1)
#(0 4 137671 30 1 0 1 70 374368 119626 -1 -1 -1 -1 -1)
#(0 4 137672 27 1 0 1 84 448348 119626 -1 -1 -1 -1 -1)
#(0 4 137673 20 1 0 0 45 237928 119626 -1 -1 -1 -1 -1)
#(0 4 137674 34 1 0 0 20 106167 119626 -1 -1 -1 -1 -1)
#(0 4 137675 28 1 0 1 72 384975 119626 -1 -1 -1 -1 -1)
#(0 4 137677 32 1 0 0 0 528 119626 -1 -1 -1 -1 -1)
#(0 4 137678 20 1 0 1 75 400955 119626 -1 -1 -1 -1 -1)
#(0 4 137679 23 1 0 0 60 317180 119626 -1 -1 -1 -1 -1)
#(0 4 137680 28 1 0 1 53 284662 119626 -1 -1 -1 -1 -1)
#(0 4 137683 32 1 0 0 39 206434 119626 -1 -1 -1 -1 -1)
#(0 4 275178 25 2 0 0 30 158824 239253 -1 -1 -1 -1 -1)
#(0 4 275187 26 2 0 0 15 79622 239253 -1 -1 -1 -1 -1)
#(0 4 275190 27 2 0 1 88 469452 239253 -1 -1 -1 -1 -1)
#(0 4 275192 23 2 0 0 2 10950 239253 -1 -1 -1 -1 -1)
#(0 4 275193 20 2 0 1 53 284783 239253 -1 -1 -1 -1 -1)
#(0 4 275194 32 2 0 0 59 312063 239253 -1 -1 -1 -1 -1)
#(0 4 275195 22 2 0 1 55 295326 239253 -1 -1 -1 -1 -1)
#(0 4 275196 30 2 0 0 10 53304 239253 -1 -1 -1 -1 -1)
#(0 4 275197 29 2 0 0 57 301436 239253 -1 -1 -1 -1 -1)
#(0 4 275198 20 2 0 0 43 227352 239253 -1 -1 -1 -1 -1)
#(0 4 275199 20 2 0 1 61 327036 239253 -1 -1 -1 -1 -1)
#(0 4 275200 27 2 0 1 57 305800 239253 -1 -1 -1 -1 -1)
#(0 4 275201 30 2 0 1 96 511670 239253 -1 -1 -1 -1 -1)
#(0 4 412297 27 3 0 0 20 106056 359592 -1 -1 -1 -1 -1)
#(0 4 412299 25 3 0 1 78 416693 359592 -1 -1 -1 -1 -1)
#(0 4 412302 26 3 0 1 80 427234 359592 -1 -1 -1 -1 -1)
#(0 4 412303 25 3 0 0 22 116578 359592 -1 -1 -1 -1 -1)
#(0 4 412304 23 3 0 0 17 90150 359592 -1 -1 -1 -1 -1)
#(0 4 412305 20 3 0 0 0 345 359592 -1 -1 -1 -1 -1)
#(0 4 412306 20 3 0 1 95 506552 359592 -1 -1 -1 -1 -1)
#(0 4 412307 26 3 0 1 47 253006 359592 -1 -1 -1 -1 -1)
#(0 4 412308 32 3 0 0 58 306776 359592 -1 -1 -1 -1 -1)
#(0 4 412310 29 3 0 0 15 79682 359592 -1 -1 -1 -1 -1)
#(0 4 412311 23 3 0 1 57 305865 359592 -1 -1 -1 -1 -1)
#(0 4 412312 32 3 0 1 92 490519 359592 -1 -1 -1 -1 -1)
#(0 4 412313 30 3 0 1 91 485262 359592 -1 -1 -1 -1 -1)
#(0 4 412314 30 3 0 1 99 527509 359592 -1 -1 -1 -1 -1)
#(0 4 412315 26 3 0 1 63 337504 359592 -1 -1 -1 -1 -1)
#(0 5 164 23 0 0 1 94 501205 -1 -1 -1 -1 -1 -1)
#(0 5 165 34 0 0 0 30 158983 -1 -1 -1 -1 -1 -1)
#(0 5 166 19 0 0 1 80 427358 -1 -1 -1 -1 -1 -1)
#(0 5 167 26 0 0 0 34 179959 -1 -1 -1 -1 -1 -1)
#(0 5 168 22 0 0 0 15 79569 -1 -1 -1 -1 -1 -1)
#(0 5 169 20 0 0 0 20 105930 -1 -1 -1 -1 -1 -1)
#(0 5 170 20 0 0 0 10 53133 -1 -1 -1 -1 -1 -1)
#(0 5 171 32 0 0 0 5 26928 -1 -1 -1 -1 -1 -1)
#(0 5 173 26 0 0 1 50 268858 -1 -1 -1 -1 -1 -1)
#(0 5 174 19 0 0 1 88 469611 -1 -1 -1 -1 -1 -1)
#(0 5 175 26 0 0 0 16 84902 -1 -1 -1 -1 -1 -1)
#(0 5 176 29 0 0 0 50 264469 -1 -1 -1 -1 -1 -1)
#(0 5 177 25 0 0 0 3 16235 -1 -1 -1 -1 -1 -1)
#(0 5 137670 20 1 0 1 64 342859 119626 -1 -1 -1 -1 -1)
#(0 5 137676 26 1 0 1 84 448383 119626 -1 -1 -1 -1 -1)
#(0 5 137682 24 1 0 1 72 385051 119626 -1 -1 -1 -1 -1)
#(0 5 137684 26 1 0 0 65 343646 119626 -1 -1 -1 -1 -1)
#(0 5 137685 19 1 0 1 79 422078 119626 -1 -1 -1 -1 -1)
#(0 5 137686 28 1 0 1 73 390249 119626 -1 -1 -1 -1 -1)
#(0 5 137687 23 1 0 1 52 279455 119626 -1 -1 -1 -1 -1)
#(0 5 137688 27 1 0 1 70 374437 119626 -1 -1 -1 -1 -1)
#(0 5 137689 30 1 0 0 18 95544 119626 -1 -1 -1 -1 -1)
#(0 5 137690 27 1 0 0 15 79646 119626 -1 -1 -1 -1 -1)
#(0 5 137691 29 1 0 0 29 153596 119626 -1 -1 -1 -1 -1)
#(0 5 137692 30 1 0 0 6 32177 119626 -1 -1 -1 -1 -1)
#(0 5 137693 25 1 0 1 78 416720 119626 -1 -1 -1 -1 -1)
#(0 5 137694 19 1 0 0 10 53103 119626 -1 -1 -1 -1 -1)
#(0 5 137695 25 1 0 0 8 42633 119626 -1 -1 -1 -1 -1)
#(0 5 275189 19 2 0 0 15 79506 239253 -1 -1 -1 -1 -1)
#(0 5 275191 23 2 0 1 88 469530 239253 -1 -1 -1 -1 -1)
#(0 5 275202 24 2 0 0 59 311925 239253 -1 -1 -1 -1 -1)
#(0 5 275203 28 2 0 1 82 437763 239253 -1 -1 -1 -1 -1)
#(0 5 275204 20 2 0 1 64 342867 239253 -1 -1 -1 -1 -1)
#(0 5 275205 34 2 0 1 78 416538 239253 -1 -1 -1 -1 -1)
#(0 5 275206 27 2 0 1 56 300508 239253 -1 -1 -1 -1 -1)
#(0 5 275207 25 2 0 1 95 506473 239253 -1 -1 -1 -1 -1)
#(0 5 275208 25 2 0 1 46 247754 239253 -1 -1 -1 -1 -1)
#(0 5 275209 20 2 0 0 8 42565 239253 -1 -1 -1 -1 -1)
#(0 5 275210 20 2 0 0 41 216806 239253 -1 -1 -1 -1 -1)
#(0 5 275211 29 2 0 1 75 400807 239253 -1 -1 -1 -1 -1)
#(0 5 275212 30 2 0 0 25 132490 239253 -1 -1 -1 -1 -1)
#(0 5 275213 32 2 0 1 40 215966 239253 -1 -1 -1 -1 -1)
#(0 5 412309 23 3 0 0 17 90137 359592 -1 -1 -1 -1 -1)
#(0 5 412316 28 3 0 0 12 63845 359592 -1 -1 -1 -1 -1)
#(0 5 412317 25 3 0 0 72 380578 359592 -1 -1 -1 -1 -1)
#(0 5 412318 26 3 0 1 83 443080 359592 -1 -1 -1 -1 -1)
#(0 5 412319 26 3 0 1 61 326926 359592 -1 -1 -1 -1 -1)
#(0 5 412320 34 3 0 1 34 184225 359592 -1 -1 -1 -1 -1)
#(0 5 412321 32 3 0 0 28 148375 359592 -1 -1 -1 -1 -1)
#(0 5 412322 30 3 0 0 25 132511 359592 -1 -1 -1 -1 -1)
#(0 5 412323 29 3 0 1 64 342711 359592 -1 -1 -1 -1 -1)
#(0 5 412324 26 3 0 0 6 32102 359592 -1 -1 -1 -1 -1)
#(0 6 172 22 0 0 0 44 232692 -1 -1 -1 -1 -1 -1)
#(0 6 178 32 0 0 1 69 369050 -1 -1 -1 -1 -1 -1)
#(0 6 179 29 0 0 0 38 201136 -1 -1 -1 -1 -1 -1)
#(0 6 180 32 0 0 1 91 485213 -1 -1 -1 -1 -1 -1)
#(0 6 181 25 0 0 1 86 458943 -1 -1 -1 -1 -1 -1)
#(2 6 181 -1 -1 -1 -1 -1 -1 0 -1 -1 -1 -1 -1)
#(0 6 182 20 0 0 0 8 42575 -1 -1 -1 -1 -1 -1)
#(0 6 184 29 0 0 0 41 216976 -1 -1 -1 -1 -1 -1)
#(0 6 185 20 0 0 1 87 464306 -1 -1 -1 -1 -1 -1)
#(0 6 186 29 0 0 0 23 121936 -1 -1 -1 -1 -1 -1)
#(0 6 187 34 0 0 1 56 300385 -1 -1 -1 -1 -1 -1)
#(0 6 188 25 0 0 1 96 511748 -1 -1 -1 -1 -1 -1)
#(0 6 189 32 0 0 1 47 252905 -1 -1 -1 -1 -1 -1)
#(0 6 190 34 0 0 0 39 206494 -1 -1 -1 -1 -1 -1)
#(0 6 191 27 0 0 0 13 69091 -1 -1 -1 -1 -1 -1)
#(0 6 192 29 0 0 1 64 342711 -1 -1 -1 -1 -1 -1)
#(0 6 193 28 0 0 0 47 248631 -1 -1 -1 -1 -1 -1)
#(0 6 194 20 0 0 0 15 79520 -1 -1 -1 -1 -1 -1)
#(0 6 195 25 0 0 0 35 185208 -1 -1 -1 -1 -1 -1)
#(0 6 196 23 0 0 1 24 131630 -1 -1 -1 -1 -1 -1)
#(0 6 137696 26 1 0 1 65 348040 119626 -1 -1 -1 -1 -1)
#(0 6 137697 34 1 0 1 35 189505 119626 -1 -1 -1 -1 -1)
#(0 6 137698 30 1 0 1 58 311009 119626 -1 -1 -1 -1 -1)
#(0 6 137699 28 1 0 1 89 474729 119626 -1 -1 -1 -1 -1)
#(0 6 137700 25 1 0 1 87 464234 119626 -1 -1 -1 -1 -1)
#(0 6 137701 26 1 0 1 73 390306 119626 -1 -1 -1 -1 -1)
#(0 6 137702 27 1 0 0 2 10995 119626 -1 -1 -1 -1 -1)
#(0 6 137703 20 1 0 0 7 37282 119626 -1 -1 -1 -1 -1)
#(0 6 137704 31 1 0 1 71 379647 119626 -1 -1 -1 -1 -1)
#(0 6 137705 30 1 0 0 26 137777 119626 -1 -1 -1 -1 -1)
#(0 6 137706 25 1 0 1 76 406162 119626 -1 -1 -1 -1 -1)
#(0 6 137708 29 1 0 1 20 110411 119626 -1 -1 -1 -1 -1)
#(0 6 275214 17 2 0 1 61 327076 239253 -1 -1 -1 -1 -1)
#(0 6 275215 27 2 0 0 10 53255 239253 -1 -1 -1 -1 -1)
#(0 6 275216 27 2 0 0 20 106058 239253 -1 -1 -1 -1 -1)
#(0 6 275217 25 2 0 0 78 412258 239253 -1 -1 -1 -1 -1)
#(0 6 275218 25 2 0 0 33 174652 239253 -1 -1 -1 -1 -1)
#(0 6 275219 20 2 0 1 65 348147 239253 -1 -1 -1 -1 -1)
#(0 6 275220 28 2 0 1 59 316338 239253 -1 -1 -1 -1 -1)
#(0 6 275221 27 2 0 1 25 136834 239253 -1 -1 -1 -1 -1)
#(0 6 275222 20 2 0 0 43 227358 239253 -1 -1 -1 -1 -1)
#(0 6 275223 28 2 0 1 84 448345 239253 -1 -1 -1 -1 -1)
#(0 6 275224 32 2 0 1 97 516919 239253 -1 -1 -1 -1 -1)
#(0 6 275225 20 2 0 0 22 116483 239253 -1 -1 -1 -1 -1)
#(0 6 275226 32 2 0 1 86 458846 239253 -1 -1 -1 -1 -1)
#(0 6 412325 26 3 0 0 22 116609 359592 -1 -1 -1 -1 -1)
#(0 6 412326 34 3 0 1 65 347897 359592 -1 -1 -1 -1 -1)
#(0 6 412327 29 3 0 0 26 137775 359592 -1 -1 -1 -1 -1)
#(0 6 412328 23 3 0 1 79 422013 359592 -1 -1 -1 -1 -1)
#(0 6 412329 23 3 0 1 55 295290 359592 -1 -1 -1 -1 -1)
#(0 6 412330 20 3 0 1 97 517111 359592 -1 -1 -1 -1 -1)
#(0 6 412331 32 3 0 1 54 289872 359592 -1 -1 -1 -1 -1)
#(0 6 412333 26 3 0 0 5 26828 359592 -1 -1 -1 -1 -1)
#(0 6 412334 27 3 0 0 35 185246 359592 -1 -1 -1 -1 -1)
#(0 6 412335 28 3 0 0 10 53255 359592 -1 -1 -1 -1 -1)
#(0 6 412336 20 3 0 0 30 158723 359592 -1 -1 -1 -1 -1)
#(0 6 412337 22 3 0 1 63 337560 359592 -1 -1 -1 -1 -1)
#(0 6 412338 24 3 0 1 77 411454 359592 -1 -1 -1 -1 -1)
#(0 6 412339 23 3 0 0 17 90127 359592 -1 -1 -1 -1 -1)
#(0 6 412340 34 3 0 0 19 100872 359592 -1 -1 -1 -1 -1)
#(0 7 197 28 0 0 1 79 421916 -1 -1 -1 -1 -1 -1)
#(0 7 198 20 0 0 0 56 296022 -1 -1 -1 -1 -1 -1)
#(0 7 199 26 0 0 0 19 100755 -1 -1 -1 -1 -1 -1)
#(0 7 200 23 0 0 0 45 237985 -1 -1 -1 -1 -1 -1)
#(0 7 201 25 0 0 1 94 501178 -1 -1 -1 -1 -1 -1)
#(0 7 202 25 0 0 1 74 395588 -1 -1 -1 -1 -1 -1)
#(0 7 203 29 0 0 0 23 121915 -1 -1 -1 -1 -1 -1)
#(0 7 204 28 0 0 1 97 516976 -1 -1 -1 -1 -1 -1)
#(0 7 205 32 0 0 1 72 384912 -1 -1 -1 -1 -1 -1)
#(0 7 206 32 0 0 0 61 322601 -1 -1 -1 -1 -1 -1)
#(0 7 207 26 0 0 1 99 527578 -1 -1 -1 -1 -1 -1)
#(0 7 208 25 0 0 1 71 379759 -1 -1 -1 -1 -1 -1)
#(0 7 209 20 0 0 1 80 427358 -1 -1 -1 -1 -1 -1)
#(0 7 137681 27 1 0 1 84 448350 119626 -1 -1 -1 -1 -1)
#(0 7 137707 20 1 0 1 71 379847 119626 -1 -1 -1 -1 -1)
#(0 7 137709 23 1 0 0 35 185196 119626 -1 -1 -1 -1 -1)
#(0 7 137710 34 1 0 1 85 453490 119626 -1 -1 -1 -1 -1)
#(0 7 137711 29 1 0 1 89 474724 119626 -1 -1 -1 -1 -1)
#(0 7 137712 34 1 0 1 41 221177 119626 -1 -1 -1 -1 -1)
#(0 7 137713 21 1 0 0 45 237960 119626 -1 -1 -1 -1 -1)
#(0 7 137714 28 1 0 0 14 74398 119626 -1 -1 -1 -1 -1)
#(0 7 137715 28 1 0 0 4 21597 119626 -1 -1 -1 -1 -1)
#(0 7 137716 30 1 0 1 74 395482 119626 -1 -1 -1 -1 -1)
#(0 7 137717 30 1 0 0 9 48024 119626 -1 -1 -1 -1 -1)
#(0 7 137718 27 1 0 1 55 295234 119626 -1 -1 -1 -1 -1)
#(0 7 137719 27 1 0 1 81 432515 119626 -1 -1 -1 -1 -1)
#(0 7 137720 20 1 0 0 43 227364 119626 -1 -1 -1 -1 -1)
#(0 7 137721 25 1 0 0 19 100721 119626 -1 -1 -1 -1 -1)
#(0 7 137722 25 1 0 1 29 157999 119626 -1 -1 -1 -1 -1)
#(0 7 137723 23 1 0 1 77 411471 119626 -1 -1 -1 -1 -1)
#(0 7 137724 23 1 0 0 58 306609 119626 -1 -1 -1 -1 -1)
#(0 7 275227 25 2 0 0 20 106018 239253 -1 -1 -1 -1 -1)
#(0 7 275228 23 2 0 0 47 248545 239253 -1 -1 -1 -1 -1)
#(0 7 275229 30 2 0 0 3 16351 239253 -1 -1 -1 -1 -1)
#(0 7 275230 29 2 0 0 76 401762 239253 -1 -1 -1 -1 -1)
#(0 7 275231 28 2 0 1 32 173782 239253 -1 -1 -1 -1 -1)
#(0 7 275232 27 2 0 1 73 390280 239253 -1 -1 -1 -1 -1)
#(0 7 275233 20 2 0 1 60 321761 239253 -1 -1 -1 -1 -1)
#(0 7 275235 34 2 0 0 45 238152 239253 -1 -1 -1 -1 -1)
#(0 7 275236 30 2 0 1 77 411350 239253 -1 -1 -1 -1 -1)
#(0 7 412332 29 3 0 1 65 347994 359592 -1 -1 -1 -1 -1)
#(0 7 412341 27 3 0 0 6 32135 359592 -1 -1 -1 -1 -1)
#(0 7 412342 25 3 0 1 68 363902 359592 -1 -1 -1 -1 -1)
#(0 7 412343 28 3 0 1 23 126243 359592 -1 -1 -1 -1 -1)
#(0 7 412344 27 3 0 0 46 243338 359592 -1 -1 -1 -1 -1)
#(0 7 412345 26 3 0 0 22 116601 359592 -1 -1 -1 -1 -1)
#(0 7 412347 25 3 0 1 49 263575 359592 -1 -1 -1 -1 -1)
#(0 7 412348 29 3 0 1 44 237118 359592 -1 -1 -1 -1 -1)
#(0 7 412349 28 3 0 1 66 353295 359592 -1 -1 -1 -1 -1)
#(0 7 412350 20 3 0 1 39 210876 359592 -1 -1 -1 -1 -1)
#(0 7 412351 26 3 0 1 90 480063 359592 -1 -1 -1 -1 -1)
#(0 7 412353 28 3 0 1 93 495870 359592 -1 -1 -1 -1 -1)
#(0 7 412354 20 3 0 1 78 416804 359592 -1 -1 -1 -1 -1)
#(0 7 412355 32 3 0 1 89 474674 359592 -1 -1 -1 -1 -1)
#(0 8 183 17 0 0 0 8 42535 -1 -1 -1 -1 -1 -1)
#(2 8 183 -1 -1 -1 -1 -1 -1 0 -1 -1 -1 -1 -1)
#(0 8 210 27 0 0 0 2 11024 -1 -1 -1 -1 -1 -1)
#(0 8 211 23 0 0 1 97 517065 -1 -1 -1 -1 -1 -1)
#(0 8 212 20 0 0 1 82 437899 -1 -1 -1 -1 -1 -1)
#(0 8 213 28 0 0 0 1 5760 -1 -1 -1 -1 -1 -1)
#(0 8 214 20 0 0 1 94 501270 -1 -1 -1 -1 -1 -1)
#(0 8 215 32 0 0 1 69 369063 -1 -1 -1 -1 -1 -1)
#(0 8 216 26 0 0 0 54 285551 -1 -1 -1 -1 -1 -1)
#(0 8 217 25 0 0 0 35 185215 -1 -1 -1 -1 -1 -1)
#(0 8 218 29 0 0 1 83 443038 -1 -1 -1 -1 -1 -1)
#(0 8 219 23 0 0 0 17 90138 -1 -1 -1 -1 -1 -1)
#(0 8 220 28 0 0 1 75 400822 -1 -1 -1 -1 -1 -1)
#(0 8 221 29 0 0 1 78 416644 -1 -1 -1 -1 -1 -1)
#(0 8 222 20 0 0 1 89 474885 -1 -1 -1 -1 -1 -1)
#(0 8 223 26 0 0 1 34 184384 -1 -1 -1 -1 -1 -1)
#(0 8 137725 32 1 0 1 66 353218 119626 -1 -1 -1 -1 -1)
#(0 8 137726 27 1 0 0 12 63810 119626 -1 -1 -1 -1 -1)
#(0 8 137727 27 1 0 1 60 321634 119626 -1 -1 -1 -1 -1)
#(0 8 137728 28 1 0 0 64 338385 119626 -1 -1 -1 -1 -1)
#(0 8 275234 24 2 0 1 84 448393 239253 -1 -1 -1 -1 -1)
#(0 8 275237 34 2 0 0 23 122031 239253 -1 -1 -1 -1 -1)
#(0 8 275238 20 2 0 1 48 258383 239253 -1 -1 -1 -1 -1)
#(0 8 275239 22 2 0 0 27 142936 239253 -1 -1 -1 -1 -1)
#(0 8 275240 20 2 0 0 19 100654 239253 -1 -1 -1 -1 -1)
#(0 8 275241 34 2 0 0 9 48106 239253 -1 -1 -1 -1 -1)
#(0 8 275242 32 2 0 1 87 464104 239253 -1 -1 -1 -1 -1)
#(0 8 275243 29 2 0 1 71 379671 239253 -1 -1 -1 -1 -1)
#(0 8 275244 28 2 0 1 79 421923 239253 -1 -1 -1 -1 -1)
#(0 8 275245 28 2 0 1 85 453616 239253 -1 -1 -1 -1 -1)
#(0 8 275246 32 2 0 1 94 501072 239253 -1 -1 -1 -1 -1)
#(0 8 275247 26 2 0 0 84 443948 239253 -1 -1 -1 -1 -1)
#(0 8 275248 30 2 0 0 53 280324 239253 -1 -1 -1 -1 -1)
#(0 8 275249 19 2 0 1 65 348181 239253 -1 -1 -1 -1 -1)
#(0 8 275250 28 2 0 0 62 327817 239253 -1 -1 -1 -1 -1)
#(0 8 275251 27 2 0 0 35 185239 239253 -1 -1 -1 -1 -1)
#(0 8 275252 27 2 0 1 89 474766 239253 -1 -1 -1 -1 -1)
#(0 8 275253 20 2 0 0 61 322399 239253 -1 -1 -1 -1 -1)
#(0 8 412346 24 3 0 1 79 421986 359592 -1 -1 -1 -1 -1)
#(0 8 412352 28 3 0 0 6 32140 359592 -1 -1 -1 -1 -1)
#(0 8 412356 32 3 0 1 56 300409 359592 -1 -1 -1 -1 -1)
#(0 8 412357 23 3 0 1 59 316405 359592 -1 -1 -1 -1 -1)
#(0 8 412358 28 3 0 1 99 527518 359592 -1 -1 -1 -1 -1)
#(0 8 412359 23 3 0 0 48 253830 359592 -1 -1 -1 -1 -1)
#(0 8 412360 21 3 0 1 77 411493 359592 -1 -1 -1 -1 -1)
#(0 8 412361 30 3 0 1 69 369082 359592 -1 -1 -1 -1 -1)
#(0 8 412362 31 3 0 0 25 132528 359592 -1 -1 -1 -1 -1)
#(0 8 412363 30 3 0 0 15 79699 359592 -1 -1 -1 -1 -1)
#(0 8 412365 32 3 0 1 87 464110 359592 -1 -1 -1 -1 -1)
#(0 8 412366 27 3 0 0 66 348920 359592 -1 -1 -1 -1 -1)
#(0 8 412367 32 3 0 0 39 206441 359592 -1 -1 -1 -1 -1)
#(0 8 412368 20 3 0 0 1 5599 359592 -1 -1 -1 -1 -1)
#(0 9 224 32 0 0 0 32 169511 -1 -1 -1 -1 -1 -1)
#(0 9 225 32 0 0 1 90 479930 -1 -1 -1 -1 -1 -1)
#(0 9 226 26 0 0 0 28 148280 -1 -1 -1 -1 -1 -1)
#(0 9 227 25 0 0 1 59 316376 -1 -1 -1 -1 -1 -1)
#(2 9 227 -1 -1 -1 -1 -1 -1 1 -1 -1 -1 -1 -1)
#(0 9 228 29 0 0 0 7 37451 -1 -1 -1 -1 -1 -1)
#(0 9 229 20 0 0 1 80 427356 -1 -1 -1 -1 -1 -1)
#(0 9 231 30 0 0 0 41 216979 -1 -1 -1 -1 -1 -1)
#(0 9 232 23 0 0 0 45 237979 -1 -1 -1 -1 -1 -1)
#(0 9 234 27 0 0 1 54 289964 -1 -1 -1 -1 -1 -1)
#(0 9 235 27 0 0 1 96 511721 -1 -1 -1 -1 -1 -1)
#(0 9 236 34 0 0 1 84 448249 -1 -1 -1 -1 -1 -1)
#(0 9 238 26 0 0 0 26 137696 -1 -1 -1 -1 -1 -1)
#(0 9 137729 19 1 0 1 71 379854 119626 -1 -1 -1 -1 -1)
#(0 9 137730 25 1 0 0 14 74332 119626 -1 -1 -1 -1 -1)
#(0 9 137731 23 1 0 1 52 279450 119626 -1 -1 -1 -1 -1)
#(0 9 137732 25 1 0 1 64 342785 119626 -1 -1 -1 -1 -1)
#(0 9 137733 32 1 0 1 85 453554 119626 -1 -1 -1 -1 -1)
#(0 9 137734 26 1 0 0 24 127148 119626 -1 -1 -1 -1 -1)
#(0 9 137735 27 1 0 1 66 353315 119626 -1 -1 -1 -1 -1)
#(0 9 137736 32 1 0 1 50 268759 119626 -1 -1 -1 -1 -1)
#(0 9 137737 30 1 0 0 21 111379 119626 -1 -1 -1 -1 -1)
#(0 9 137738 29 1 0 0 26 137752 119626 -1 -1 -1 -1 -1)
#(0 9 275254 19 2 0 0 27 142876 239253 -1 -1 -1 -1 -1)
#(0 9 275255 25 2 0 0 46 243297 239253 -1 -1 -1 -1 -1)
#(0 9 275257 18 2 0 1 61 327052 239253 -1 -1 -1 -1 -1)
#(0 9 275258 27 2 0 1 87 464188 239253 -1 -1 -1 -1 -1)
#(0 9 275259 29 2 0 1 83 443031 239253 -1 -1 -1 -1 -1)
#(0 9 275260 25 2 0 1 88 469513 239253 -1 -1 -1 -1 -1)
#(0 9 275261 25 2 0 0 13 69046 239253 -1 -1 -1 -1 -1)
#(0 9 275262 25 2 0 1 24 131599 239253 -1 -1 -1 -1 -1)
#(0 9 275263 25 2 0 0 18 95441 239253 -1 -1 -1 -1 -1)
#(0 9 275264 22 2 0 1 71 379801 239253 -1 -1 -1 -1 -1)
#(0 9 275265 29 2 0 0 50 264476 239253 -1 -1 -1 -1 -1)
#(0 9 275266 25 2 0 0 55 290801 239253 -1 -1 -1 -1 -1)
#(0 9 275267 34 2 0 0 21 111439 239253 -1 -1 -1 -1 -1)
#(0 9 412364 30 3 0 1 69 369103 359592 -1 -1 -1 -1 -1)
#(0 9 412369 26 3 0 0 22 116599 359592 -1 -1 -1 -1 -1)
#(0 9 412370 26 3 0 0 6 32099 359592 -1 -1 -1 -1 -1)
#(0 9 412371 29 3 0 0 20 106084 359592 -1 -1 -1 -1 -1)
#(0 9 412372 25 3 0 1 47 253032 359592 -1 -1 -1 -1 -1)
#(0 9 412373 30 3 0 0 8 42751 359592 -1 -1 -1 -1 -1)
#(0 9 412374 23 3 0 1 89 474815 359592 -1 -1 -1 -1 -1)
#(0 9 412375 28 3 0 0 27 143024 359592 -1 -1 -1 -1 -1)
#(0 9 412376 25 3 0 0 32 169367 359592 -1 -1 -1 -1 -1)
#(0 9 412377 25 3 0 1 44 237192 359592 -1 -1 -1 -1 -1)
#(0 9 412378 28 3 0 1 46 247702 359592 -1 -1 -1 -1 -1)
#(0 9 412379 34 3 0 0 11 58639 359592 -1 -1 -1 -1 -1)
#(0 9 412380 28 3 0 1 53 284670 359592 -1 -1 -1 -1 -1)
#(0 9 412381 32 3 0 0 4 21634 359592 -1 -1 -1 -1 -1)
#(0 10 230 24 0 0 1 97 517032 -1 -1 -1 -1 -1 -1)
#(0 10 239 29 0 0 1 85 453578 -1 -1 -1 -1 -1 -1)
#(0 10 240 23 0 0 0 51 269676 -1 -1 -1 -1 -1 -1)
#(0 10 241 23 0 0 0 27 142950 -1 -1 -1 -1 -1 -1)
#(0 10 242 27 0 0 0 2 11012 -1 -1 -1 -1 -1 -1)
#(0 10 243 29 0 0 0 12 63843 -1 -1 -1 -1 -1 -1)
#(0 10 244 28 0 0 1 98 522256 -1 -1 -1 -1 -1 -1)
#(0 10 245 28 0 0 0 24 127185 -1 -1 -1 -1 -1 -1)
#(0 10 246 20 0 0 1 57 305912 -1 -1 -1 -1 -1 -1)
#(0 10 247 23 0 0 1 78 416748 -1 -1 -1 -1 -1 -1)
#(0 10 248 22 0 0 1 94 501247 -1 -1 -1 -1 -1 -1)
#(0 10 137739 28 1 0 1 98 522249 119626 -1 -1 -1 -1 -1)
#(0 10 137741 28 1 0 0 13 69105 119626 -1 -1 -1 -1 -1)
#(0 10 137742 20 1 0 0 56 296006 119626 -1 -1 -1 -1 -1)
#(0 10 137743 20 1 0 0 36 190404 119626 -1 -1 -1 -1 -1)
#(0 10 137744 28 1 0 0 47 248618 119626 -1 -1 -1 -1 -1)
#(0 10 137745 32 1 0 1 95 506360 119626 -1 -1 -1 -1 -1)
#(0 10 137746 23 1 0 0 62 327734 119626 -1 -1 -1 -1 -1)
#(0 10 137748 30 1 0 0 1 5769 119626 -1 -1 -1 -1 -1)
#(0 10 137749 20 1 0 0 15 79515 119626 -1 -1 -1 -1 -1)
#(0 10 137750 20 1 0 1 45 242561 119626 -1 -1 -1 -1 -1)
#(0 10 275256 26 2 0 1 89 474756 239253 -1 -1 -1 -1 -1)
#(0 10 275268 34 2 0 1 80 427090 239253 -1 -1 -1 -1 -1)
#(0 10 275269 21 2 0 1 48 258365 239253 -1 -1 -1 -1 -1)
#(0 10 275270 26 2 0 1 57 305804 239253 -1 -1 -1 -1 -1)
#(0 10 275271 26 2 0 0 38 201080 239253 -1 -1 -1 -1 -1)
#(0 10 275272 25 2 0 0 20 106022 239253 -1 -1 -1 -1 -1)
#(0 10 275273 26 2 0 1 88 469501 239253 -1 -1 -1 -1 -1)
#(0 10 275274 23 2 0 1 98 522335 239253 -1 -1 -1 -1 -1)
#(0 10 275275 23 2 0 1 58 311135 239253 -1 -1 -1 -1 -1)
#(0 10 275276 20 2 0 0 56 296008 239253 -1 -1 -1 -1 -1)
#(0 10 275277 28 2 0 0 2 11012 239253 -1 -1 -1 -1 -1)
#(0 10 275278 27 2 0 0 0 439 239253 -1 -1 -1 -1 -1)
#(0 10 275279 20 2 0 1 63 337596 239253 -1 -1 -1 -1 -1)
#(0 10 275280 25 2 0 0 25 132399 239253 -1 -1 -1 -1 -1)
#(0 10 275281 28 2 0 1 73 390267 239253 -1 -1 -1 -1 -1)
#(0 10 275282 25 2 0 0 22 116553 239253 -1 -1 -1 -1 -1)
#(0 10 412382 27 3 0 1 40 216016 359592 -1 -1 -1 -1 -1)
#(0 10 412383 25 3 0 0 20 106006 359592 -1 -1 -1 -1 -1)
#(0 10 412385 32 3 0 1 88 469384 359592 -1 -1 -1 -1 -1)
#(0 10 412386 30 3 0 0 7 37460 359592 -1 -1 -1 -1 -1)
#(0 10 412387 23 3 0 1 34 184415 359592 -1 -1 -1 -1 -1)
#(0 10 412388 20 3 0 1 41 221432 359592 -1 -1 -1 -1 -1)
#(0 10 412389 34 3 0 0 41 217047 359592 -1 -1 -1 -1 -1)
#(0 10 412390 18 3 0 0 1 5563 359592 -1 -1 -1 -1 -1)
#(0 11 233 25 0 0 1 97 517033 -1 -1 -1 -1 -1 -1)
#(0 11 237 24 0 0 0 45 238007 -1 -1 -1 -1 -1 -1)
#(0 11 249 20 0 0 0 2 10877 -1 -1 -1 -1 -1 -1)
#(0 11 250 23 0 0 0 58 306634 -1 -1 -1 -1 -1 -1)
#(0 11 251 34 0 0 1 43 231729 -1 -1 -1 -1 -1 -1)
#(0 11 252 29 0 0 0 16 84969 -1 -1 -1 -1 -1 -1)
#(0 11 253 23 0 0 0 38 201028 -1 -1 -1 -1 -1 -1)
#(0 11 255 28 0 0 1 85 453600 -1 -1 -1 -1 -1 -1)
#(0 11 256 28 0 0 0 61 322550 -1 -1 -1 -1 -1 -1)
#(0 11 257 29 0 0 1 69 369113 -1 -1 -1 -1 -1 -1)
#(0 11 258 28 0 0 0 28 148306 -1 -1 -1 -1 -1 -1)
#(0 11 259 32 0 0 1 73 390192 -1 -1 -1 -1 -1 -1)
#(0 11 260 23 0 0 1 60 321700 -1 -1 -1 -1 -1 -1)
#(0 11 261 29 0 0 0 22 116642 -1 -1 -1 -1 -1 -1)
#(0 11 262 27 0 0 1 90 480041 -1 -1 -1 -1 -1 -1)
#(0 11 263 18 0 0 0 8 42530 -1 -1 -1 -1 -1 -1)
#(0 11 264 25 0 0 1 76 406159 -1 -1 -1 -1 -1 -1)
#(0 11 265 23 0 0 0 13 69012 -1 -1 -1 -1 -1 -1)
#(0 11 266 27 0 0 0 3 16278 -1 -1 -1 -1 -1 -1)
#(0 11 267 34 0 0 1 61 326801 -1 -1 -1 -1 -1 -1)
#(0 11 268 20 0 0 0 50 264317 -1 -1 -1 -1 -1 -1)
#(0 11 137740 19 1 0 1 71 379834 119626 -1 -1 -1 -1 -1)
#(0 11 137751 33 1 0 1 83 442945 119626 -1 -1 -1 -1 -1)
#(0 11 137752 29 1 0 0 4 21620 119626 -1 -1 -1 -1 -1)
#(0 11 137753 23 1 0 0 65 343587 119626 -1 -1 -1 -1 -1)
#(0 11 137755 22 1 0 0 7 37330 119626 -1 -1 -1 -1 -1)
#(0 11 137756 30 1 0 1 91 485249 119626 -1 -1 -1 -1 -1)
#(0 11 137757 27 1 0 1 98 522286 119626 -1 -1 -1 -1 -1)
#(0 11 137759 30 1 0 1 57 305734 119626 -1 -1 -1 -1 -1)
#(0 11 137760 34 1 0 1 34 184240 119626 -1 -1 -1 -1 -1)
#(0 11 137761 28 1 0 1 74 395544 119626 -1 -1 -1 -1 -1)
#(0 11 137762 32 1 0 1 88 469407 119626 -1 -1 -1 -1 -1)
#(0 11 275283 25 2 0 0 1 5697 239253 -1 -1 -1 -1 -1)
#(0 11 275284 23 2 0 1 85 453693 239253 -1 -1 -1 -1 -1)
#(0 11 275285 25 2 0 1 62 332222 239253 -1 -1 -1 -1 -1)
#(0 11 275286 20 2 0 1 65 348144 239253 -1 -1 -1 -1 -1)
#(0 11 275287 26 2 0 1 69 369160 239253 -1 -1 -1 -1 -1)
#(0 11 275288 30 2 0 1 79 421888 239253 -1 -1 -1 -1 -1)
#(0 11 275289 28 2 0 0 10 53266 239253 -1 -1 -1 -1 -1)
#(0 11 275290 32 2 0 0 11 58617 239253 -1 -1 -1 -1 -1)
#(0 11 275291 25 2 0 1 84 448394 239253 -1 -1 -1 -1 -1)
#(0 11 275292 23 2 0 0 16 84855 239253 -1 -1 -1 -1 -1)
#(0 11 275293 25 2 0 1 43 231919 239253 -1 -1 -1 -1 -1)
#(0 11 275294 28 2 0 0 3 16296 239253 -1 -1 -1 -1 -1)
#(0 11 275295 23 2 0 1 70 374506 239253 -1 -1 -1 -1 -1)
#(0 11 275296 25 2 0 0 64 338315 239253 -1 -1 -1 -1 -1)
#(0 11 275297 27 2 0 0 8 42672 239253 -1 -1 -1 -1 -1)
#(0 11 412384 24 3 0 1 89 474787 359592 -1 -1 -1 -1 -1)
#(0 11 412391 25 3 0 0 7 37378 359592 -1 -1 -1 -1 -1)
#(0 11 412392 25 3 0 0 39 206340 359592 -1 -1 -1 -1 -1)
#(0 11 412393 30 3 0 1 75 400755 359592 -1 -1 -1 -1 -1)
#(0 11 412394 28 3 0 0 33 174717 359592 -1 -1 -1 -1 -1)
#(0 11 412395 32 3 0 1 81 432417 359592 -1 -1 -1 -1 -1)
#(0 11 412396 32 3 0 1 62 332097 359592 -1 -1 -1 -1 -1)
#(0 11 412397 17 3 0 0 1 5550 359592 -1 -1 -1 -1 -1)
#(0 11 412398 27 3 0 1 92 490589 359592 -1 -1 -1 -1 -1)
#(0 11 412399 29 3 0 1 86 458872 359592 -1 -1 -1 -1 -1)
#(0 11 412400 34 3 0 0 41 217034 359592 -1 -1 -1 -1 -1)
#(0 11 412401 25 3 0 1 33 179119 359592 -1 -1 -1 -1 -1)
#(0 11 412402 25 3 0 1 66 353368 359592 -1 -1 -1 -1 -1)
#(0 12 254 27 0 0 1 96 511695 -1 -1 -1 -1 -1 -1)
#(0 12 269 29 0 0 0 22 116624 -1 -1 -1 -1 -1 -1)
#(0 12 270 26 0 0 0 16 84910 -1 -1 -1 -1 -1 -1)
#(0 12 271 20 0 0 1 80 427352 -1 -1 -1 -1 -1 -1)
#(0 12 272 34 0 0 0 46 243462 -1 -1 -1 -1 -1 -1)
#(0 12 273 34 0 0 0 31 164265 -1 -1 -1 -1 -1 -1)
#(0 12 274 26 0 0 0 30 158840 -1 -1 -1 -1 -1 -1)
#(0 12 276 29 0 0 0 24 127216 -1 -1 -1 -1 -1 -1)
#(0 12 279 28 0 0 1 83 443056 -1 -1 -1 -1 -1 -1)
#(0 12 280 30 0 0 1 69 369117 -1 -1 -1 -1 -1 -1)
#(0 12 282 20 0 0 1 34 184475 -1 -1 -1 -1 -1 -1)
#(0 12 283 25 0 0 0 7 37368 -1 -1 -1 -1 -1 -1)
#(0 12 284 29 0 0 1 68 363845 -1 -1 -1 -1 -1 -1)
#(0 12 285 28 0 0 1 71 379699 -1 -1 -1 -1 -1 -1)
#(0 12 137747 21 1 0 0 36 190425 119626 -1 -1 -1 -1 -1)
#(0 12 137754 28 1 0 0 1 5748 119626 -1 -1 -1 -1 -1)
#(0 12 137758 30 1 0 0 4 21625 119626 -1 -1 -1 -1 -1)
#(0 12 137763 23 1 0 1 43 231925 119626 -1 -1 -1 -1 -1)
#(0 12 137764 27 1 0 0 33 174697 119626 -1 -1 -1 -1 -1)
#(0 12 137765 30 1 0 1 63 337403 119626 -1 -1 -1 -1 -1)
#(0 12 137766 25 1 0 0 41 216897 119626 -1 -1 -1 -1 -1)
#(0 12 137767 27 1 0 1 76 406095 119626 -1 -1 -1 -1 -1)
#(0 12 137768 27 1 0 1 34 184368 119626 -1 -1 -1 -1 -1)
#(0 12 137769 28 1 0 1 47 252969 119626 -1 -1 -1 -1 -1)
#(0 12 137770 27 1 0 0 8 42686 119626 -1 -1 -1 -1 -1)
#(0 12 137771 26 1 0 0 66 348908 119626 -1 -1 -1 -1 -1)
#(0 12 137772 20 1 0 1 72 385115 119626 -1 -1 -1 -1 -1)
#(0 12 137774 25 1 0 1 37 200245 119626 -1 -1 -1 -1 -1)
#(0 12 137775 32 1 0 1 41 221247 119626 -1 -1 -1 -1 -1)
#(0 12 137777 34 1 0 0 34 180074 119626 -1 -1 -1 -1 -1)
#(0 12 137778 29 1 0 0 18 95508 119626 -1 -1 -1 -1 -1)
#(0 12 275299 22 2 0 1 85 453722 239253 -1 -1 -1 -1 -1)
#(0 12 275300 29 2 0 1 78 416618 239253 -1 -1 -1 -1 -1)
#(0 12 275301 24 2 0 0 15 79600 239253 -1 -1 -1 -1 -1)
#(0 12 275302 29 2 0 1 92 490544 239253 -1 -1 -1 -1 -1)
#(0 12 275303 20 2 0 1 63 337584 239253 -1 -1 -1 -1 -1)
#(0 12 275304 28 2 0 1 82 437762 239253 -1 -1 -1 -1 -1)
#(0 12 275305 27 2 0 1 73 390267 239253 -1 -1 -1 -1 -1)
#(0 12 275307 30 2 0 0 7 37473 239253 -1 -1 -1 -1 -1)
#(0 12 275308 31 2 0 0 30 158922 239253 -1 -1 -1 -1 -1)
#(0 12 275309 34 2 0 0 39 206490 239253 -1 -1 -1 -1 -1)
#(0 12 275310 21 2 0 0 19 100667 239253 -1 -1 -1 -1 -1)
#(0 12 275311 25 2 0 1 98 522307 239253 -1 -1 -1 -1 -1)
#(0 12 275313 20 2 0 0 58 306564 239253 -1 -1 -1 -1 -1)
#(0 12 275314 25 2 0 1 36 194959 239253 -1 -1 -1 -1 -1)
#(0 12 275315 30 2 0 1 44 237103 239253 -1 -1 -1 -1 -1)
#(0 12 412403 30 3 0 0 43 227565 359592 -1 -1 -1 -1 -1)
#(0 12 412404 20 3 0 1 99 527660 359592 -1 -1 -1 -1 -1)
#(0 12 412405 25 3 0 0 23 121858 359592 -1 -1 -1 -1 -1)
#(0 12 412406 29 3 0 0 94 496816 359592 -1 -1 -1 -1 -1)
#(0 12 412407 26 3 0 1 40 216052 359592 -1 -1 -1 -1 -1)
#(0 12 412408 30 3 0 0 3 16351 359592 -1 -1 -1 -1 -1)
#(0 12 412409 29 3 0 0 16 84963 359592 -1 -1 -1 -1 -1)
#(0 12 412410 30 3 0 1 7 41736 359592 -1 -1 -1 -1 -1)
#(0 12 412411 27 3 0 0 49 259166 359592 -1 -1 -1 -1 -1)
#(0 12 412412 26 3 0 0 62 327788 359592 -1 -1 -1 -1 -1)
#(0 12 412413 32 3 0 1 74 395477 359592 -1 -1 -1 -1 -1)
#(2 13 269 -1 -1 -1 -1 -1 -1 1 -1 -1 -1 -1 -1)
#(0 13 275 23 0 0 0 13 69021 -1 -1 -1 -1 -1 -1)
#(2 13 276 -1 -1 -1 -1 -1 -1 2 -1 -1 -1 -1 -1)
#(0 13 277 32 0 0 0 46 243417 -1 -1 -1 -1 -1 -1)
#(0 13 286 26 0 0 0 56 296122 -1 -1 -1 -1 -1 -1)
#(0 13 287 29 0 0 1 61 326870 -1 -1 -1 -1 -1 -1)
#(0 13 288 25 0 0 0 34 179932 -1 -1 -1 -1 -1 -1)
#(0 13 289 30 0 0 0 18 95551 -1 -1 -1 -1 -1 -1)
#(0 13 290 25 0 0 0 0 412 -1 -1 -1 -1 -1 -1)
#(0 13 291 24 0 0 1 76 406153 -1 -1 -1 -1 -1 -1)
#(0 13 292 25 0 0 0 47 248564 -1 -1 -1 -1 -1 -1)
#(0 13 293 30 0 0 0 66 348984 -1 -1 -1 -1 -1 -1)
#(0 13 294 30 0 0 0 60 317305 -1 -1 -1 -1 -1 -1)
#(0 13 295 32 0 0 0 33 174763 -1 -1 -1 -1 -1 -1)
#(0 13 296 28 0 0 1 38 205469 -1 -1 -1 -1 -1 -1)
#(0 13 297 23 0 0 1 91 485394 -1 -1 -1 -1 -1 -1)
#(0 13 137773 23 1 0 0 8 42605 119626 -1 -1 -1 -1 -1)
#(0 13 137776 25 1 0 1 47 253034 119626 -1 -1 -1 -1 -1)
#(0 13 137779 27 1 0 0 48 253904 119626 -1 -1 -1 -1 -1)
#(0 13 137780 30 1 0 0 42 222285 119626 -1 -1 -1 -1 -1)
#(0 13 137781 20 1 0 1 94 501263 119626 -1 -1 -1 -1 -1)
#(0 13 137782 24 1 0 1 74 395595 119626 -1 -1 -1 -1 -1)
#(0 13 137783 28 1 0 1 93 495843 119626 -1 -1 -1 -1 -1)
#(0 13 137784 27 1 0 1 68 363862 119626 -1 -1 -1 -1 -1)
#(0 13 137786 23 1 0 1 62 332250 119626 -1 -1 -1 -1 -1)
#(0 13 137787 29 1 0 0 2 11050 119626 -1 -1 -1 -1 -1)
#(0 13 137789 30 1 0 0 37 195871 119626 -1 -1 -1 -1 -1)
#(0 13 137791 34 1 0 1 11 62785 119626 -1 -1 -1 -1 -1)
#(0 13 137792 20 1 0 0 34 179838 119626 -1 -1 -1 -1 -1)
#(0 13 137793 32 1 0 1 32 173711 119626 -1 -1 -1 -1 -1)
#(0 13 137794 23 1 0 1 67 358666 119626 -1 -1 -1 -1 -1)
#(0 13 137795 18 1 0 1 71 379877 119626 -1 -1 -1 -1 -1)
#(0 13 137796 27 1 0 0 54 285553 119626 -1 -1 -1 -1 -1)
#(0 13 275298 23 2 0 0 8 42618 239253 -1 -1 -1 -1 -1)
#(0 13 275312 29 2 0 0 7 37437 239253 -1 -1 -1 -1 -1)
#(0 13 275317 31 2 0 1 77 411305 239253 -1 -1 -1 -1 -1)
#(0 13 275318 29 2 0 1 86 458866 239253 -1 -1 -1 -1 -1)
#(0 13 275319 30 2 0 0 2 11076 239253 -1 -1 -1 -1 -1)
#(0 13 275320 22 2 0 0 39 206286 239253 -1 -1 -1 -1 -1)
#(0 13 275321 30 2 0 1 79 421888 239253 -1 -1 -1 -1 -1)
#(0 13 275322 24 2 0 0 15 79599 239253 -1 -1 -1 -1 -1)
#(0 13 275323 23 2 0 0 51 269659 239253 -1 -1 -1 -1 -1)
#(0 13 275324 20 2 0 0 28 148168 239253 -1 -1 -1 -1 -1)
#(0 13 275325 32 2 0 0 71 375408 239253 -1 -1 -1 -1 -1)
#(0 13 275326 19 2 0 0 27 142865 239253 -1 -1 -1 -1 -1)
#(0 13 275327 25 2 0 0 46 243277 239253 -1 -1 -1 -1 -1)
#(0 13 275328 31 2 0 0 21 111397 239253 -1 -1 -1 -1 -1)
#(0 13 275329 26 2 0 1 78 416694 239253 -1 -1 -1 -1 -1)
#(0 13 275330 28 2 0 1 93 495868 239253 -1 -1 -1 -1 -1)
#(0 13 412414 30 3 0 1 42 226515 359592 -1 -1 -1 -1 -1)
#(0 13 412415 25 3 0 0 66 348900 359592 -1 -1 -1 -1 -1)
#(0 13 412416 29 3 0 0 21 111380 359592 -1 -1 -1 -1 -1)
#(0 13 412417 26 3 0 1 86 458931 359592 -1 -1 -1 -1 -1)
#(0 13 412418 23 3 0 1 97 517058 359592 -1 -1 -1 -1 -1)
#(0 13 412419 26 3 0 0 49 259140 359592 -1 -1 -1 -1 -1)
#(0 13 412420 26 3 0 0 19 100754 359592 -1 -1 -1 -1 -1)
#(0 13 412421 25 3 0 1 98 522313 359592 -1 -1 -1 -1 -1)
#(0 13 412422 30 3 0 1 46 247655 359592 -1 -1 -1 -1 -1)
#(0 13 412423 28 3 0 0 0 473 359592 -1 -1 -1 -1 -1)
#(0 13 412424 28 3 0 1 80 427215 359592 -1 -1 -1 -1 -1)
#(0 13 412425 25 3 0 1 82 437840 359592 -1 -1 -1 -1 -1)
#(0 13 412426 26 3 0 0 8 42659 359592 -1 -1 -1 -1 -1)
#(0 13 412427 30 3 0 1 88 469436 359592 -1 -1 -1 -1 -1)
#(0 13 412428 26 3 0 0 43 227450 359592 -1 -1 -1 -1 -1)
#(0 13 412429 34 3 0 0 13 69192 359592 -1 -1 -1 -1 -1)
#(0 14 278 25 0 0 0 22 116571 -1 -1 -1 -1 -1 -1)
#(0 14 281 21 0 0 1 80 427329 -1 -1 -1 -1 -1 -1)
#(0 14 298 24 0 0 1 78 416707 -1 -1 -1 -1 -1 -1)
#(0 14 300 24 0 0 1 76 406171 -1 -1 -1 -1 -1 -1)
#(0 14 301 27 0 0 1 82 437775 -1 -1 -1 -1 -1 -1)
#(0 14 302 23 0 0 0 28 148221 -1 -1 -1 -1 -1 -1)
#(0 14 303 20 0 0 1 62 332307 -1 -1 -1 -1 -1 -1)
#(0 14 304 29 0 0 0 12 63846 -1 -1 -1 -1 -1 -1)
#(0 14 305 25 0 0 1 69 369194 -1 -1 -1 -1 -1 -1)
#(0 14 306 27 0 0 0 58 306678 -1 -1 -1 -1 -1 -1)
#(0 14 307 23 0 0 0 0 357 -1 -1 -1 -1 -1 -1)
#(0 14 308 25 0 0 0 26 137671 -1 -1 -1 -1 -1 -1)
#(0 14 137785 19 1 0 1 37 200323 119626 -1 -1 -1 -1 -1)
#(0 14 137788 23 1 0 1 62 332261 119626 -1 -1 -1 -1 -1)
#(0 14 137797 32 1 0 0 72 380709 119626 -1 -1 -1 -1 -1)
#(0 14 137798 26 1 0 1 51 274120 119626 -1 -1 -1 -1 -1)
#(0 14 137799 27 1 0 1 80 427226 119626 -1 -1 -1 -1 -1)
#(0 14 137800 23 1 0 0 4 21503 119626 -1 -1 -1 -1 -1)
#(0 14 137801 29 1 0 0 6 32167 119626 -1 -1 -1 -1 -1)
#(0 14 137802 20 1 0 0 51 269611 119626 -1 -1 -1 -1 -1)
#(0 14 137804 27 1 0 1 49 263554 119626 -1 -1 -1 -1 -1)
#(0 14 137806 25 1 0 0 7 37376 119626 -1 -1 -1 -1 -1)
#(0 14 137807 26 1 0 0 2 10981 119626 -1 -1 -1 -1 -1)
#(0 14 137808 27 1 0 0 45 238043 119626 -1 -1 -1 -1 -1)
#(0 14 137809 27 1 0 1 77 411403 119626 -1 -1 -1 -1 -1)
#(0 14 137810 22 1 0 1 72 385090 119626 -1 -1 -1 -1 -1)
#(0 14 137811 23 1 0 0 65 343569 119626 -1 -1 -1 -1 -1)
#(0 14 137812 29 1 0 1 81 432491 119626 -1 -1 -1 -1 -1)
#(0 14 137813 28 1 0 1 60 321628 119626 -1 -1 -1 -1 -1)
#(0 14 275306 19 2 0 1 85 453768 239253 -1 -1 -1 -1 -1)
#(0 14 275316 20 2 0 0 19 100664 239253 -1 -1 -1 -1 -1)
#(0 14 275331 25 2 0 0 30 158819 239253 -1 -1 -1 -1 -1)
#(0 14 275332 27 2 0 0 9 47984 239253 -1 -1 -1 -1 -1)
#(0 14 275333 23 2 0 0 40 211590 239253 -1 -1 -1 -1 -1)
#(0 14 275334 32 2 0 1 91 485217 239253 -1 -1 -1 -1 -1)
#(0 14 275335 34 2 0 1 54 289817 239253 -1 -1 -1 -1 -1)
#(0 14 275336 32 2 0 1 44 237066 239253 -1 -1 -1 -1 -1)
#(0 14 275337 32 2 0 0 78 412385 239253 -1 -1 -1 -1 -1)
#(0 14 275338 27 2 0 0 31 164132 239253 -1 -1 -1 -1 -1)
#(0 14 275339 20 2 0 1 75 400949 239253 -1 -1 -1 -1 -1)
#(0 14 275340 23 2 0 1 61 326982 239253 -1 -1 -1 -1 -1)
#(0 14 275341 20 2 0 1 38 205592 239253 -1 -1 -1 -1 -1)
#(0 14 275342 27 2 0 1 45 242440 239253 -1 -1 -1 -1 -1)
#(0 14 275343 28 2 0 0 13 69085 239253 -1 -1 -1 -1 -1)
#(0 14 275344 27 2 0 0 33 174673 239253 -1 -1 -1 -1 -1)
#(0 14 412430 25 3 0 0 48 253858 359592 -1 -1 -1 -1 -1)
#(0 14 412431 20 3 0 0 25 132335 359592 -1 -1 -1 -1 -1)
#(0 14 412434 20 3 0 0 37 195697 359592 -1 -1 -1 -1 -1)
#(0 14 412435 25 3 0 1 54 289989 359592 -1 -1 -1 -1 -1)
#(0 14 412436 27 3 0 1 52 279388 359592 -1 -1 -1 -1 -1)
#(0 14 412437 29 3 0 0 63 333129 359592 -1 -1 -1 -1 -1)
#(0 14 412438 26 3 0 1 31 168526 359592 -1 -1 -1 -1 -1)
#(0 14 412440 29 3 0 1 42 226561 359592 -1 -1 -1 -1 -1)
#(0 14 412441 30 3 0 0 24 127224 359592 -1 -1 -1 -1 -1)
#(0 14 412442 30 3 0 0 14 74418 359592 -1 -1 -1 -1 -1)
#(0 14 412443 34 3 0 1 85 453521 359592 -1 -1 -1 -1 -1)
#(0 14 412445 27 3 0 1 61 326927 359592 -1 -1 -1 -1 -1)
#(0 15 299 25 0 0 1 78 416705 -1 -1 -1 -1 -1 -1)
#(0 15 309 27 0 0 1 46 247696 -1 -1 -1 -1 -1 -1)
#(0 15 310 30 0 0 0 53 280366 -1 -1 -1 -1 -1 -1)
#(0 15 311 20 0 0 0 35 185134 -1 -1 -1 -1 -1 -1)
#(0 15 312 26 0 0 0 49 259160 -1 -1 -1 -1 -1 -1)
#(0 15 313 24 0 0 0 58 306625 -1 -1 -1 -1 -1 -1)
#(0 15 314 28 0 0 0 62 327825 -1 -1 -1 -1 -1 -1)
#(0 15 315 32 0 0 1 63 337390 -1 -1 -1 -1 -1 -1)
#(0 15 316 22 0 0 0 13 68995 -1 -1 -1 -1 -1 -1)
#(0 15 317 34 0 0 0 64 338479 -1 -1 -1 -1 -1 -1)
#(0 15 318 25 0 0 1 98 522323 -1 -1 -1 -1 -1 -1)
#(0 15 319 28 0 0 0 20 106055 -1 -1 -1 -1 -1 -1)
#(0 15 137790 20 1 0 0 8 42574 119626 -1 -1 -1 -1 -1)
#(0 15 137803 23 1 0 0 6 32056 119626 -1 -1 -1 -1 -1)
#(0 15 137805 17 1 0 1 71 379858 119626 -1 -1 -1 -1 -1)
#(0 15 137814 22 1 0 0 15 79564 119626 -1 -1 -1 -1 -1)
#(0 15 137816 29 1 0 0 47 248653 119626 -1 -1 -1 -1 -1)
#(0 15 137817 32 1 0 1 76 406030 119626 -1 -1 -1 -1 -1)
#(0 15 137818 28 1 0 0 1 5743 119626 -1 -1 -1 -1 -1)
#(0 15 137821 25 1 0 0 46 243275 119626 -1 -1 -1 -1 -1)
#(0 15 137822 23 1 0 1 74 395635 119626 -1 -1 -1 -1 -1)
#(0 15 275345 26 2 0 0 30 158821 239253 -1 -1 -1 -1 -1)
#(0 15 275346 32 2 0 0 24 127264 239253 -1 -1 -1 -1 -1)
#(0 15 275347 28 2 0 0 0 473 239253 -1 -1 -1 -1 -1)
#(0 15 275348 34 2 0 1 29 157817 239253 -1 -1 -1 -1 -1)
#(0 15 275349 30 2 0 1 79 421888 239253 -1 -1 -1 -1 -1)
#(0 15 275350 25 2 0 1 90 480068 239253 -1 -1 -1 -1 -1)
#(0 15 275351 24 2 0 0 31 164062 239253 -1 -1 -1 -1 -1)
#(0 15 275352 27 2 0 0 7 37405 239253 -1 -1 -1 -1 -1)
#(0 15 275353 28 2 0 0 17 90225 239253 -1 -1 -1 -1 -1)
#(0 15 275354 24 2 0 1 84 448403 239253 -1 -1 -1 -1 -1)
#(0 15 275355 26 2 0 1 55 295253 239253 -1 -1 -1 -1 -1)
#(0 15 275356 31 2 0 1 77 411330 239253 -1 -1 -1 -1 -1)
#(0 15 275357 23 2 0 1 59 316428 239253 -1 -1 -1 -1 -1)
#(0 15 275358 20 2 0 1 74 395685 239253 -1 -1 -1 -1 -1)
#(0 15 412432 23 3 0 0 8 42625 359592 -1 -1 -1 -1 -1)
#(0 15 412433 26 3 0 1 88 469492 359592 -1 -1 -1 -1 -1)
#(0 15 412439 26 3 0 1 82 437808 359592 -1 -1 -1 -1 -1)
#(0 15 412446 30 3 0 1 68 363805 359592 -1 -1 -1 -1 -1)
#(0 15 412447 25 3 0 0 18 95458 359592 -1 -1 -1 -1 -1)
#(0 15 412448 19 3 0 0 1 5596 359592 -1 -1 -1 -1 -1)
#(0 15 412449 23 3 0 0 54 285505 359592 -1 -1 -1 -1 -1)
#(0 15 412450 20 3 0 1 72 385107 359592 -1 -1 -1 -1 -1)
#(0 15 412451 20 3 0 1 93 495994 359592 -1 -1 -1 -1 -1)
#(0 15 412452 27 3 0 1 64 342756 359592 -1 -1 -1 -1 -1)
#(4 15 412452 -1 3 -1 -1 -1 -1 359596 0 0 0 0 -1)
#(0 15 412453 20 3 0 1 81 432633 359592 -1 -1 -1 -1 -1)
#(0 15 412454 29 3 0 0 6 32155 359592 -1 -1 -1 -1 -1)
#(0 16 320 18 0 0 0 0 291 -1 -1 -1 -1 -1 -1)
#(0 16 321 34 0 0 1 84 448207 -1 -1 -1 -1 -1 -1)
#(0 16 322 28 0 0 1 73 390237 -1 -1 -1 -1 -1 -1)
#(0 16 323 23 0 0 1 76 406167 -1 -1 -1 -1 -1 -1)
#(0 16 324 30 0 0 0 17 90274 -1 -1 -1 -1 -1 -1)
#(0 16 325 32 0 0 1 52 279304 -1 -1 -1 -1 -1 -1)
#(0 16 326 21 0 0 0 50 264347 -1 -1 -1 -1 -1 -1)
#(0 16 328 25 0 0 1 85 453676 -1 -1 -1 -1 -1 -1)
#(0 16 329 23 0 0 1 95 506500 -1 -1 -1 -1 -1 -1)
#(0 16 330 25 0 0 1 94 501182 -1 -1 -1 -1 -1 -1)
#(0 16 332 25 0 0 0 40 211601 -1 -1 -1 -1 -1 -1)
#(0 16 333 29 0 0 1 81 432491 -1 -1 -1 -1 -1 -1)
#(0 16 334 25 0 0 1 65 348087 -1 -1 -1 -1 -1 -1)
#(0 16 137815 18 1 0 0 8 42513 119626 -1 -1 -1 -1 -1)
#(0 16 137823 34 1 0 1 96 511569 119626 -1 -1 -1 -1 -1)
#(0 16 137824 25 1 0 1 80 427265 119626 -1 -1 -1 -1 -1)
#(0 16 137825 28 1 0 1 40 216002 119626 -1 -1 -1 -1 -1)
#(0 16 137826 27 1 0 0 53 280298 119626 -1 -1 -1 -1 -1)
#(0 16 137827 28 1 0 1 61 326883 119626 -1 -1 -1 -1 -1)
#(0 16 137828 30 1 0 0 67 354278 119626 -1 -1 -1 -1 -1)
#(0 16 137829 20 1 0 1 60 321754 119626 -1 -1 -1 -1 -1)
#(0 16 137830 30 1 0 1 39 210689 119626 -1 -1 -1 -1 -1)
#(0 16 137831 26 1 0 0 29 153544 119626 -1 -1 -1 -1 -1)
#(0 16 137832 20 1 0 1 92 490712 119626 -1 -1 -1 -1 -1)
#(0 16 137833 29 1 0 1 70 374397 119626 -1 -1 -1 -1 -1)
#(0 16 137834 30 1 0 0 27 143064 119626 -1 -1 -1 -1 -1)
#(0 16 137835 20 1 0 0 0 327 119626 -1 -1 -1 -1 -1)
#(0 16 137836 28 1 0 1 98 522255 119626 -1 -1 -1 -1 -1)
#(0 16 137837 28 1 0 0 54 285578 119626 -1 -1 -1 -1 -1)
#(0 16 137838 23 1 0 1 53 284755 119626 -1 -1 -1 -1 -1)
#(0 16 275359 25 2 0 1 89 474780 239253 -1 -1 -1 -1 -1)
#(0 16 275360 30 2 0 1 94 501077 239253 -1 -1 -1 -1 -1)
#(0 16 275361 20 2 0 1 97 517108 239253 -1 -1 -1 -1 -1)
#(0 16 275362 34 2 0 0 14 74478 239253 -1 -1 -1 -1 -1)
#(0 16 275363 32 2 0 1 99 527479 239253 -1 -1 -1 -1 -1)
#(0 16 275365 26 2 0 0 22 116582 239253 -1 -1 -1 -1 -1)
#(0 16 275366 29 2 0 1 70 374416 239253 -1 -1 -1 -1 -1)
#(0 16 275368 27 2 0 0 4 21553 239253 -1 -1 -1 -1 -1)
#(0 16 412444 26 3 0 1 88 469505 359592 -1 -1 -1 -1 -1)
#(0 16 412455 23 3 0 0 26 137669 359592 -1 -1 -1 -1 -1)
#(0 16 412456 20 3 0 1 73 390383 359592 -1 -1 -1 -1 -1)
#(0 16 412457 23 3 0 0 79 417505 359592 -1 -1 -1 -1 -1)
#(0 16 412458 25 3 0 0 69 364732 359592 -1 -1 -1 -1 -1)
#(0 16 412459 25 3 0 1 63 337508 359592 -1 -1 -1 -1 -1)
#(0 16 412460 26 3 0 0 49 259143 359592 -1 -1 -1 -1 -1)
#(0 16 412461 23 3 0 1 87 464267 359592 -1 -1 -1 -1 -1)
#(0 16 412462 20 3 0 0 4 21443 359592 -1 -1 -1 -1 -1)
#(0 16 412463 26 3 0 1 97 517019 359592 -1 -1 -1 -1 -1)
#(0 16 412464 23 3 0 0 15 79572 359592 -1 -1 -1 -1 -1)
#(0 16 412467 28 3 0 0 70 370051 359592 -1 -1 -1 -1 -1)
#(0 17 327 25 0 0 1 84 448380 -1 -1 -1 -1 -1 -1)
#(0 17 331 21 0 0 0 35 185156 -1 -1 -1 -1 -1 -1)
#(0 17 335 34 0 0 1 79 421815 -1 -1 -1 -1 -1 -1)
#(0 17 336 25 0 0 1 83 443105 -1 -1 -1 -1 -1 -1)
#(0 17 337 19 0 0 0 13 68948 -1 -1 -1 -1 -1 -1)
#(0 17 338 34 0 0 0 32 169538 -1 -1 -1 -1 -1 -1)
#(0 17 340 26 0 0 0 20 106034 -1 -1 -1 -1 -1 -1)
#(0 17 342 29 0 0 0 11 58569 -1 -1 -1 -1 -1 -1)
#(0 17 343 25 0 0 0 72 380563 -1 -1 -1 -1 -1 -1)
#(0 17 344 25 0 0 0 70 370001 -1 -1 -1 -1 -1 -1)
#(4 17 344 -1 0 -1 -1 -1 -1 2 0 0 0 0 -1)
#(0 17 345 23 0 0 1 59 316426 -1 -1 -1 -1 -1 -1)
#(0 17 346 26 0 0 1 44 237178 -1 -1 -1 -1 -1 -1)
#(0 17 137819 20 1 0 0 6 32019 119626 -1 -1 -1 -1 -1)
#(0 17 137839 29 1 0 1 83 443020 119626 -1 -1 -1 -1 -1)
#(0 17 137840 32 1 0 1 78 416576 119626 -1 -1 -1 -1 -1)
#(0 17 137841 34 1 0 0 11 58666 119626 -1 -1 -1 -1 -1)
#(0 17 137842 20 1 0 1 40 216151 119626 -1 -1 -1 -1 -1)
#(0 17 137843 23 1 0 0 36 190469 119626 -1 -1 -1 -1 -1)
#(0 17 137845 27 1 0 0 17 90210 119626 -1 -1 -1 -1 -1)
#(0 17 137846 27 1 0 0 1 5718 119626 -1 -1 -1 -1 -1)
#(0 17 275364 24 2 0 1 59 316399 239253 -1 -1 -1 -1 -1)
#(0 17 275369 27 2 0 0 20 106058 239253 -1 -1 -1 -1 -1)
#(0 17 275370 28 2 0 0 25 132484 239253 -1 -1 -1 -1 -1)
#(0 17 275371 25 2 0 1 69 369192 239253 -1 -1 -1 -1 -1)
#(0 17 275372 27 2 0 1 98 522259 239253 -1 -1 -1 -1 -1)
#(0 17 275373 25 2 0 1 43 231908 239253 -1 -1 -1 -1 -1)
#(0 17 275375 31 2 0 1 64 342684 239253 -1 -1 -1 -1 -1)
#(0 17 275376 27 2 0 1 34 184360 239253 -1 -1 -1 -1 -1)
#(0 17 275377 26 2 0 0 1 5698 239253 -1 -1 -1 -1 -1)
#(0 17 275379 25 2 0 1 90 480082 239253 -1 -1 -1 -1 -1)
#(0 17 412468 27 3 0 0 7 37424 359592 -1 -1 -1 -1 -1)
#(0 17 412469 28 3 0 0 52 275031 359592 -1 -1 -1 -1 -1)
#(0 17 412470 29 3 0 0 14 74403 359592 -1 -1 -1 -1 -1)
#(0 17 412471 28 3 0 0 34 179984 359592 -1 -1 -1 -1 -1)
#(0 17 412472 32 3 0 0 19 100843 359592 -1 -1 -1 -1 -1)
#(0 17 412475 23 3 0 1 62 332267 359592 -1 -1 -1 -1 -1)
#(0 17 412476 26 3 0 1 80 427262 359592 -1 -1 -1 -1 -1)
#(0 17 412477 27 3 0 1 45 242446 359592 -1 -1 -1 -1 -1)
#(0 18 339 31 0 0 1 52 279326 -1 -1 -1 -1 -1 -1)
#(0 18 341 19 0 0 0 0 296 -1 -1 -1 -1 -1 -1)
#(0 18 348 20 0 0 0 78 412182 -1 -1 -1 -1 -1 -1)
#(0 18 349 25 0 0 1 63 337501 -1 -1 -1 -1 -1 -1)
#(0 18 350 30 0 0 0 6 32199 -1 -1 -1 -1 -1 -1)
#(0 18 351 25 0 0 1 71 379752 -1 -1 -1 -1 -1 -1)
#(0 18 352 27 0 0 1 68 363870 -1 -1 -1 -1 -1 -1)
#(0 18 353 32 0 0 0 5 26937 -1 -1 -1 -1 -1 -1)
#(0 18 354 20 0 0 1 67 358712 -1 -1 -1 -1 -1 -1)
#(0 18 355 27 0 0 0 47 248611 -1 -1 -1 -1 -1 -1)
#(0 18 356 27 0 0 1 13 73474 -1 -1 -1 -1 -1 -1)
#(0 18 357 23 0 0 0 43 227414 -1 -1 -1 -1 -1 -1)
#(0 18 358 29 0 0 0 38 201116 -1 -1 -1 -1 -1 -1)
#(0 18 359 29 0 0 1 55 295204 -1 -1 -1 -1 -1 -1)
#(0 18 360 20 0 0 1 87 464320 -1 -1 -1 -1 -1 -1)
#(0 18 361 22 0 0 1 95 506523 -1 -1 -1 -1 -1 -1)
#(0 18 137820 17 1 0 0 8 42524 119626 -1 -1 -1 -1 -1)
#(0 18 137844 21 1 0 1 92 490689 119626 -1 -1 -1 -1 -1)
#(0 18 137847 20 1 0 1 90 480143 119626 -1 -1 -1 -1 -1)
#(0 18 137848 23 1 0 0 36 190454 119626 -1 -1 -1 -1 -1)
#(0 18 137849 28 1 0 1 76 406076 119626 -1 -1 -1 -1 -1)
#(0 18 137850 25 1 0 1 56 300550 119626 -1 -1 -1 -1 -1)
#(0 18 137851 34 1 0 1 42 226465 119626 -1 -1 -1 -1 -1)
#(0 18 137852 26 1 0 0 2 10998 119626 -1 -1 -1 -1 -1)
#(0 18 137853 28 1 0 1 70 374416 119626 -1 -1 -1 -1 -1)
#(0 18 137854 28 1 0 1 88 469464 119626 -1 -1 -1 -1 -1)
#(0 18 137855 29 1 0 0 13 69116 119626 -1 -1 -1 -1 -1)
#(0 18 137856 27 1 0 0 22 116599 119626 -1 -1 -1 -1 -1)
#(0 18 137857 29 1 0 1 33 179044 119626 -1 -1 -1 -1 -1)
#(0 18 137858 22 1 0 1 71 379812 119626 -1 -1 -1 -1 -1)
#(0 18 137859 27 1 0 0 14 74353 119626 -1 -1 -1 -1 -1)
#(0 18 275367 21 2 0 1 74 395638 239253 -1 -1 -1 -1 -1)
#(0 18 275374 25 2 0 0 20 106012 239253 -1 -1 -1 -1 -1)
#(0 18 275378 20 2 0 1 97 517091 239253 -1 -1 -1 -1 -1)
#(0 18 275380 29 2 0 0 55 290902 239253 -1 -1 -1 -1 -1)
#(0 18 275381 32 2 0 1 91 485215 239253 -1 -1 -1 -1 -1)
#(0 18 275382 30 2 0 1 82 437722 239253 -1 -1 -1 -1 -1)
#(0 18 275383 28 2 0 1 73 390243 239253 -1 -1 -1 -1 -1)
#(0 18 275384 30 2 0 1 64 342713 239253 -1 -1 -1 -1 -1)
#(0 18 275385 27 2 0 0 12 63812 239253 -1 -1 -1 -1 -1)
#(0 18 275386 27 2 0 0 9 47970 239253 -1 -1 -1 -1 -1)
#(0 18 275387 27 2 0 1 60 321635 239253 -1 -1 -1 -1 -1)
#(0 18 275388 28 2 0 0 21 111344 239253 -1 -1 -1 -1 -1)
#(0 18 275389 25 2 0 1 66 353354 239253 -1 -1 -1 -1 -1)
#(0 18 275390 32 2 0 1 94 501077 239253 -1 -1 -1 -1 -1)
#(0 18 275391 27 2 0 0 46 243327 239253 -1 -1 -1 -1 -1)
#(0 18 275393 32 2 0 0 3 16350 239253 -1 -1 -1 -1 -1)
#(0 18 412465 20 3 0 0 15 79527 359592 -1 -1 -1 -1 -1)
#(0 18 412466 20 3 0 1 87 464304 359592 -1 -1 -1 -1 -1)
#(0 18 412474 21 3 0 0 4 21465 359592 -1 -1 -1 -1 -1)
#(0 18 412478 26 3 0 0 63 333077 359592 -1 -1 -1 -1 -1)
#(0 18 412479 20 3 0 1 84 448469 359592 -1 -1 -1 -1 -1)
#(0 18 412480 23 3 0 0 30 158779 359592 -1 -1 -1 -1 -1)
#(0 18 412481 29 3 0 0 60 317282 359592 -1 -1 -1 -1 -1)
#(0 18 412483 25 3 0 0 75 396400 359592 -1 -1 -1 -1 -1)
#(0 18 412484 28 3 0 0 50 264450 359592 -1 -1 -1 -1 -1)
#(0 18 412485 20 3 0 1 69 369283 359592 -1 -1 -1 -1 -1)
#(0 19 347 24 0 0 1 59 316397 -1 -1 -1 -1 -1 -1)
#(0 19 363 25 0 0 1 43 231897 -1 -1 -1 -1 -1 -1)
#(0 19 364 28 0 0 1 41 221284 -1 -1 -1 -1 -1 -1)
#(0 19 365 25 0 0 1 84 448379 -1 -1 -1 -1 -1 -1)
#(0 19 366 29 0 0 0 7 37445 -1 -1 -1 -1 -1 -1)
#(0 19 367 26 0 0 0 16 84910 -1 -1 -1 -1 -1 -1)
#(0 19 368 23 0 0 1 65 348094 -1 -1 -1 -1 -1 -1)
#(0 19 369 27 0 0 1 52 279396 -1 -1 -1 -1 -1 -1)
#(0 19 371 34 0 0 0 9 48087 -1 -1 -1 -1 -1 -1)
#(0 19 372 28 0 0 1 49 263542 -1 -1 -1 -1 -1 -1)
#(0 19 373 25 0 0 1 85 453687 -1 -1 -1 -1 -1 -1)
#(0 19 374 28 0 0 1 86 458908 -1 -1 -1 -1 -1 -1)
#(0 19 137860 20 1 0 0 1 5621 119626 -1 -1 -1 -1 -1)
#(0 19 137861 28 1 0 0 3 16318 119626 -1 -1 -1 -1 -1)
#(0 19 137862 29 1 0 0 44 232816 119626 -1 -1 -1 -1 -1)
#(0 19 137863 26 1 0 1 51 274120 119626 -1 -1 -1 -1 -1)
#(0 19 137864 29 1 0 0 35 185289 119626 -1 -1 -1 -1 -1)
#(0 19 137865 32 1 0 1 82 437704 119626 -1 -1 -1 -1 -1)
#(0 19 137866 27 1 0 0 54 285577 119626 -1 -1 -1 -1 -1)
#(0 19 137867 29 1 0 1 89 474717 119626 -1 -1 -1 -1 -1)
#(0 19 137869 20 1 0 1 97 517112 119626 -1 -1 -1 -1 -1)
#(0 19 137870 28 1 0 0 19 100785 119626 -1 -1 -1 -1 -1)
#(0 19 137871 25 1 0 0 59 311922 119626 -1 -1 -1 -1 -1)
#(0 19 137873 25 1 0 1 38 205519 119626 -1 -1 -1 -1 -1)
#(0 19 137874 34 1 0 1 79 421847 119626 -1 -1 -1 -1 -1)
#(0 19 137875 29 1 0 1 80 427209 119626 -1 -1 -1 -1 -1)
#(0 19 137876 20 1 0 0 7 37278 119626 -1 -1 -1 -1 -1)
#(0 19 137878 30 1 0 0 30 158890 119626 -1 -1 -1 -1 -1)
#(0 19 275392 25 2 0 1 90 480058 239253 -1 -1 -1 -1 -1)
#(0 19 275394 32 2 0 1 67 358496 239253 -1 -1 -1 -1 -1)
#(0 19 275395 23 2 0 1 95 506496 239253 -1 -1 -1 -1 -1)
#(0 19 275396 27 2 0 0 33 174698 239253 -1 -1 -1 -1 -1)
#(0 19 275397 28 2 0 0 18 95511 239253 -1 -1 -1 -1 -1)
#(0 19 275398 25 2 0 0 51 269690 239253 -1 -1 -1 -1 -1)
#(0 19 275400 30 2 0 1 23 126216 239253 -1 -1 -1 -1 -1)
#(0 19 275401 28 2 0 1 86 458897 239253 -1 -1 -1 -1 -1)
#(0 19 275402 26 2 0 0 12 63777 239253 -1 -1 -1 -1 -1)
#(0 19 275403 25 2 0 1 69 369191 239253 -1 -1 -1 -1 -1)
#(0 19 275404 27 2 0 1 73 390285 239253 -1 -1 -1 -1 -1)
#(0 19 275405 29 2 0 0 34 179996 239253 -1 -1 -1 -1 -1)
#(0 19 275406 32 2 0 0 36 190601 239253 -1 -1 -1 -1 -1)
#(0 19 275407 27 2 0 1 55 295238 239253 -1 -1 -1 -1 -1)
#(0 19 275408 26 2 0 1 80 427258 239253 -1 -1 -1 -1 -1)
#(0 19 275409 26 2 0 1 35 189664 239253 -1 -1 -1 -1 -1)
#(0 19 275410 23 2 0 1 85 453719 239253 -1 -1 -1 -1 -1)
#(0 19 412473 20 3 0 1 87 464318 359592 -1 -1 -1 -1 -1)
#(0 19 412486 20 3 0 1 55 295341 359592 -1 -1 -1 -1 -1)
#(0 19 412487 26 3 0 0 61 322526 359592 -1 -1 -1 -1 -1)
#(0 19 412488 28 3 0 1 58 311042 359592 -1 -1 -1 -1 -1)
#(0 19 412489 30 3 0 1 85 453562 359592 -1 -1 -1 -1 -1)
#(0 19 412490 20 3 0 0 12 63695 359592 -1 -1 -1 -1 -1)
#(0 19 412491 28 3 0 1 65 348005 359592 -1 -1 -1 -1 -1)
#(0 19 412492 29 3 0 0 14 74409 359592 -1 -1 -1 -1 -1)
#(0 19 412493 27 3 0 1 59 316354 359592 -1 -1 -1 -1 -1)
#(0 19 412494 26 3 0 0 43 227459 359592 -1 -1 -1 -1 -1)
#(0 19 412495 32 3 0 0 27 143090 359592 -1 -1 -1 -1 -1)
#(0 19 412496 20 3 0 1 96 511834 359592 -1 -1 -1 -1 -1)
#(0 19 412497 20 3 0 0 48 253760 359592 -1 -1 -1 -1 -1)
#(0 19 412498 29 3 0 0 19 100792 359592 -1 -1 -1 -1 -1)
#(0 20 362 22 0 0 1 95 506508 -1 -1 -1 -1 -1 -1)
#(0 20 370 28 0 0 1 55 295204 -1 -1 -1 -1 -1 -1)
#(0 20 375 32 0 0 1 45 242330 -1 -1 -1 -1 -1 -1)
#(0 20 376 23 0 0 1 57 305845 -1 -1 -1 -1 -1 -1)
#(0 20 377 29 0 0 1 94 501111 -1 -1 -1 -1 -1 -1)
#(0 20 378 25 0 0 1 58 311103 -1 -1 -1 -1 -1 -1)
#(0 20 379 27 0 0 0 81 428138 -1 -1 -1 -1 -1 -1)
#(0 20 380 34 0 0 1 56 300382 -1 -1 -1 -1 -1 -1)
#(0 20 381 29 0 0 0 41 216961 -1 -1 -1 -1 -1 -1)
#(0 20 382 20 0 0 0 5 26727 -1 -1 -1 -1 -1 -1)
#(0 20 383 23 0 0 0 58 306617 -1 -1 -1 -1 -1 -1)
#(0 20 384 26 0 0 1 50 268852 -1 -1 -1 -1 -1 -1)
#(0 20 385 33 0 0 0 6 32228 -1 -1 -1 -1 -1 -1)
#(0 20 386 29 0 0 0 37 195829 -1 -1 -1 -1 -1 -1)
#(0 20 137868 25 1 0 1 56 300539 119626 -1 -1 -1 -1 -1)
#(0 20 137872 28 1 0 0 35 185261 119626 -1 -1 -1 -1 -1)
#(0 20 137879 20 1 0 1 91 485424 119626 -1 -1 -1 -1 -1)
#(0 20 137880 23 1 0 0 0 383 119626 -1 -1 -1 -1 -1)
#(0 20 137881 23 1 0 1 96 511775 119626 -1 -1 -1 -1 -1)
#(0 20 137882 20 1 0 1 82 437911 119626 -1 -1 -1 -1 -1)
#(0 20 137883 23 1 0 0 2 10950 119626 -1 -1 -1 -1 -1)
#(0 20 137884 25 1 0 1 12 68228 119626 -1 -1 -1 -1 -1)
#(0 20 137885 28 1 0 1 94 501130 119626 -1 -1 -1 -1 -1)
#(0 20 137886 20 1 0 1 92 490704 119626 -1 -1 -1 -1 -1)
#(0 20 137887 25 1 0 0 4 21530 119626 -1 -1 -1 -1 -1)
#(0 20 137888 22 1 0 1 88 469555 119626 -1 -1 -1 -1 -1)
#(0 20 137889 29 1 0 0 38 201122 119626 -1 -1 -1 -1 -1)
#(0 20 137890 26 1 0 0 31 164102 119626 -1 -1 -1 -1 -1)
#(0 20 137891 26 1 0 0 22 116576 119626 -1 -1 -1 -1 -1)
#(0 20 275399 25 2 0 0 51 269693 239253 -1 -1 -1 -1 -1)
#(0 20 275411 31 2 0 0 40 211735 239253 -1 -1 -1 -1 -1)
#(0 20 275412 27 2 0 0 10 53250 239253 -1 -1 -1 -1 -1)
#(0 20 275413 28 2 0 0 16 84944 239253 -1 -1 -1 -1 -1)
#(0 20 275414 20 2 0 1 97 517114 239253 -1 -1 -1 -1 -1)
#(0 20 275415 28 2 0 1 70 374422 239253 -1 -1 -1 -1 -1)
#(0 20 275416 25 2 0 0 9 47930 239253 -1 -1 -1 -1 -1)
#(0 20 275417 32 2 0 1 99 527484 239253 -1 -1 -1 -1 -1)
#(0 20 275418 25 2 0 0 65 343595 239253 -1 -1 -1 -1 -1)
#(0 20 275419 32 2 0 0 48 253954 239253 -1 -1 -1 -1 -1)
#(0 20 412482 24 3 0 0 30 158807 359592 -1 -1 -1 -1 -1)
#(0 20 412499 25 3 0 1 94 501182 359592 -1 -1 -1 -1 -1)
#(0 20 412500 34 3 0 1 79 421840 359592 -1 -1 -1 -1 -1)
#(0 20 412502 30 3 0 0 14 74415 359592 -1 -1 -1 -1 -1)
#(0 20 412503 25 3 0 1 80 427263 359592 -1 -1 -1 -1 -1)
#(0 20 412504 27 3 0 1 44 237165 359592 -1 -1 -1 -1 -1)
#(0 20 412505 23 3 0 1 76 406191 359592 -1 -1 -1 -1 -1)
#(0 21 387 26 0 0 1 73 390283 -1 -1 -1 -1 -1 -1)
#(0 21 388 23 0 0 1 97 517059 -1 -1 -1 -1 -1 -1)
#(0 21 389 32 0 0 1 26 142023 -1 -1 -1 -1 -1 -1)
#(0 21 390 26 0 0 0 19 100743 -1 -1 -1 -1 -1 -1)
#(0 21 391 29 0 0 0 3 16323 -1 -1 -1 -1 -1 -1)
#(0 21 392 22 0 0 1 50 268938 -1 -1 -1 -1 -1 -1)
#(0 21 393 27 0 0 1 84 448356 -1 -1 -1 -1 -1 -1)
#(0 21 395 23 0 0 0 4 21489 -1 -1 -1 -1 -1 -1)
#(0 21 137892 27 1 0 1 50 268817 119626 -1 -1 -1 -1 -1)
#(0 21 137893 25 1 0 1 79 421986 119626 -1 -1 -1 -1 -1)
#(0 21 137894 29 1 0 0 20 106082 119626 -1 -1 -1 -1 -1)
#(0 21 137895 32 1 0 0 10 53327 119626 -1 -1 -1 -1 -1)
#(0 21 137897 28 1 0 0 67 354216 119626 -1 -1 -1 -1 -1)
#(0 21 137898 19 1 0 1 92 490739 119626 -1 -1 -1 -1 -1)
#(0 21 137899 25 1 0 0 12 63752 119626 -1 -1 -1 -1 -1)
#(0 21 137900 25 1 0 0 37 195753 119626 -1 -1 -1 -1 -1)
#(0 21 275420 23 2 0 0 19 100727 239253 -1 -1 -1 -1 -1)
#(0 21 275421 25 2 0 0 49 259138 239253 -1 -1 -1 -1 -1)
#(0 21 275422 29 2 0 1 86 458869 239253 -1 -1 -1 -1 -1)
#(0 21 275424 29 2 0 1 58 311024 239253 -1 -1 -1 -1 -1)
#(0 21 275425 28 2 0 1 31 168489 239253 -1 -1 -1 -1 -1)
#(0 21 275426 23 2 0 0 17 90143 239253 -1 -1 -1 -1 -1)
#(0 21 275427 28 2 0 0 16 84928 239253 -1 -1 -1 -1 -1)
#(0 21 412501 21 3 0 0 48 253784 359592 -1 -1 -1 -1 -1)
#(0 21 412506 30 3 0 0 21 111406 359592 -1 -1 -1 -1 -1)
#(0 21 412507 34 3 0 1 29 157817 359592 -1 -1 -1 -1 -1)
#(0 21 412508 27 3 0 0 51 269738 359592 -1 -1 -1 -1 -1)
#(0 21 412509 28 3 0 0 3 16316 359592 -1 -1 -1 -1 -1)
#(0 21 412510 20 3 0 1 94 501273 359592 -1 -1 -1 -1 -1)
#(0 21 412511 24 3 0 0 1 5669 359592 -1 -1 -1 -1 -1)
#(0 21 412512 20 3 0 0 26 137605 359592 -1 -1 -1 -1 -1)
#(0 22 394 20 0 0 1 84 448476 -1 -1 -1 -1 -1 -1)
#(0 22 396 23 0 0 0 50 264388 -1 -1 -1 -1 -1 -1)
#(0 22 397 26 0 0 1 71 379721 -1 -1 -1 -1 -1 -1)
#(0 22 398 25 0 0 1 81 432545 -1 -1 -1 -1 -1 -1)
#(0 22 399 23 0 0 0 9 47905 -1 -1 -1 -1 -1 -1)
#(0 22 400 26 0 0 1 31 168526 -1 -1 -1 -1 -1 -1)
#(0 22 401 24 0 0 1 52 279448 -1 -1 -1 -1 -1 -1)
#(0 22 402 30 0 0 0 18 95539 -1 -1 -1 -1 -1 -1)
#(0 22 403 25 0 0 0 53 280233 -1 -1 -1 -1 -1 -1)
#(0 22 404 25 0 0 0 2 10955 -1 -1 -1 -1 -1 -1)
#(0 22 405 33 0 0 0 17 90297 -1 -1 -1 -1 -1 -1)
#(0 22 137877 28 1 0 0 35 185288 119626 -1 -1 -1 -1 -1)
#(0 22 137896 19 1 0 1 91 485434 119626 -1 -1 -1 -1 -1)
#(0 22 137901 27 1 0 0 70 370065 119626 -1 -1 -1 -1 -1)
#(0 22 137902 26 1 0 0 54 285561 119626 -1 -1 -1 -1 -1)
#(0 22 137903 21 1 0 1 90 480127 119626 -1 -1 -1 -1 -1)
#(4 22 137903 -1 1 -1 -1 -1 -1 119628 0 0 0 0 -1)
#(0 22 137904 25 1 0 0 25 132412 119626 -1 -1 -1 -1 -1)
#(0 22 137905 32 1 0 1 85 453546 119626 -1 -1 -1 -1 -1)
#(0 22 137906 23 1 0 0 13 69022 119626 -1 -1 -1 -1 -1)
#(0 22 137907 18 1 0 1 82 437951 119626 -1 -1 -1 -1 -1)
#(0 22 137908 20 1 0 0 60 317124 119626 -1 -1 -1 -1 -1)
#(0 22 137909 20 1 0 0 17 90086 119626 -1 -1 -1 -1 -1)
#(0 22 137910 25 1 0 0 44 232713 119626 -1 -1 -1 -1 -1)
#(0 22 137911 25 1 0 1 69 369205 119626 -1 -1 -1 -1 -1)
#(0 22 275423 20 2 0 1 97 517107 239253 -1 -1 -1 -1 -1)
#(0 22 275428 32 2 0 1 76 406008 239253 -1 -1 -1 -1 -1)
#(0 22 275429 24 2 0 0 19 100728 239253 -1 -1 -1 -1 -1)
#(0 22 275430 25 2 0 0 55 290814 239253 -1 -1 -1 -1 -1)
#(0 22 275431 34 2 0 0 14 74506 239253 -1 -1 -1 -1 -1)
#(0 22 275432 30 2 0 0 2 11079 239253 -1 -1 -1 -1 -1)
#(0 22 275433 27 2 0 0 21 111347 239253 -1 -1 -1 -1 -1)
#(0 22 275435 29 2 0 1 67 358557 239253 -1 -1 -1 -1 -1)
#(0 22 275436 28 2 0 0 8 42704 239253 -1 -1 -1 -1 -1)
#(0 22 275437 28 2 0 1 27 147382 239253 -1 -1 -1 -1 -1)
#(0 22 275438 26 2 0 1 70 374464 239253 -1 -1 -1 -1 -1)
#(0 22 275439 26 2 0 1 93 495902 239253 -1 -1 -1 -1 -1)
#(0 22 275440 28 2 0 0 29 153572 239253 -1 -1 -1 -1 -1)
#(0 22 275441 20 2 0 0 3 16157 239253 -1 -1 -1 -1 -1)
#(0 22 412513 26 3 0 0 21 111320 359592 -1 -1 -1 -1 -1)
#(0 22 412514 29 3 0 0 19 100816 359592 -1 -1 -1 -1 -1)
#(0 22 412515 28 3 0 1 75 400811 359592 -1 -1 -1 -1 -1)
#(0 22 412517 23 3 0 0 20 105982 359592 -1 -1 -1 -1 -1)
#(0 22 412518 23 3 0 0 39 206295 359592 -1 -1 -1 -1 -1)
#(0 22 412519 20 3 0 0 8 42565 359592 -1 -1 -1 -1 -1)
#(0 22 412520 23 3 0 1 92 490668 359592 -1 -1 -1 -1 -1)
#(0 22 412521 27 3 0 0 45 238040 359592 -1 -1 -1 -1 -1)
#(0 22 412522 25 3 0 1 81 432559 359592 -1 -1 -1 -1 -1)
#(0 22 412524 26 3 0 1 57 305824 359592 -1 -1 -1 -1 -1)
#(0 22 412525 29 3 0 0 28 148307 359592 -1 -1 -1 -1 -1)
#(0 22 412526 22 3 0 0 12 63704 359592 -1 -1 -1 -1 -1)
#(0 23 406 30 0 0 0 25 132525 -1 -1 -1 -1 -1 -1)
#(0 23 407 25 0 0 1 79 421984 -1 -1 -1 -1 -1 -1)
#(0 23 408 23 0 0 1 99 527613 -1 -1 -1 -1 -1 -1)
#(0 23 409 34 0 0 0 30 158982 -1 -1 -1 -1 -1 -1)
#(0 23 410 25 0 0 1 45 242470 -1 -1 -1 -1 -1 -1)
#(0 23 411 20 0 0 0 55 290733 -1 -1 -1 -1 -1 -1)
#(0 23 412 23 0 0 0 13 69021 -1 -1 -1 -1 -1 -1)
#(0 23 413 23 0 0 0 0 385 -1 -1 -1 -1 -1 -1)
#(2 23 413 -1 -1 -1 -1 -1 -1 1 -1 -1 -1 -1 -1)
#(0 23 414 20 0 0 1 85 453756 -1 -1 -1 -1 -1 -1)
#(0 23 415 20 0 0 1 89 474877 -1 -1 -1 -1 -1 -1)
#(0 23 416 20 0 0 0 1 5605 -1 -1 -1 -1 -1 -1)
#(0 23 417 20 0 0 0 39 206243 -1 -1 -1 -1 -1 -1)
#(0 23 418 29 0 0 0 52 275034 -1 -1 -1 -1 -1 -1)
#(0 23 420 28 0 0 0 45 238058 -1 -1 -1 -1 -1 -1)
#(0 23 421 20 0 0 0 7 37276 -1 -1 -1 -1 -1 -1)
#(0 23 422 30 0 0 0 28 148323 -1 -1 -1 -1 -1 -1)
#(0 23 137912 29 1 0 1 54 289898 119626 -1 -1 -1 -1 -1)
#(0 23 137913 27 1 0 0 21 111336 119626 -1 -1 -1 -1 -1)
#(0 23 137914 27 1 0 0 82 433418 119626 -1 -1 -1 -1 -1)
#(0 23 137917 20 1 0 1 95 506553 119626 -1 -1 -1 -1 -1)
#(0 23 137918 27 1 0 0 20 106037 119626 -1 -1 -1 -1 -1)
#(0 23 137919 25 1 0 1 93 495921 119626 -1 -1 -1 -1 -1)
#(0 23 275434 27 2 0 0 21 111333 239253 -1 -1 -1 -1 -1)
#(0 23 275442 26 2 0 1 80 427239 239253 -1 -1 -1 -1 -1)
#(0 23 275443 24 2 0 1 85 453680 239253 -1 -1 -1 -1 -1)
#(0 23 275444 30 2 0 0 15 79702 239253 -1 -1 -1 -1 -1)
#(0 23 275445 32 2 0 1 68 363784 239253 -1 -1 -1 -1 -1)
#(0 23 275447 25 2 0 1 95 506478 239253 -1 -1 -1 -1 -1)
#(0 23 275449 23 2 0 1 61 326981 239253 -1 -1 -1 -1 -1)
#(0 23 275450 30 2 0 1 79 421902 239253 -1 -1 -1 -1 -1)
#(0 23 275451 27 2 0 0 34 179955 239253 -1 -1 -1 -1 -1)
#(0 23 275452 29 2 0 1 76 406093 239253 -1 -1 -1 -1 -1)
#(0 23 275453 23 2 0 0 22 116529 239253 -1 -1 -1 -1 -1)
#(0 23 412516 21 3 0 0 48 253806 359592 -1 -1 -1 -1 -1)
#(0 23 412527 29 3 0 0 23 121943 359592 -1 -1 -1 -1 -1)
#(0 23 412528 23 3 0 0 29 153510 359592 -1 -1 -1 -1 -1)
#(0 23 412529 29 3 0 1 65 347982 359592 -1 -1 -1 -1 -1)
#(0 23 412531 20 3 0 0 26 137613 359592 -1 -1 -1 -1 -1)
#(0 23 412532 29 3 0 1 82 437751 359592 -1 -1 -1 -1 -1)
#(0 23 412533 32 3 0 1 25 136745 359592 -1 -1 -1 -1 -1)
#(0 23 412534 26 3 0 0 51 269713 359592 -1 -1 -1 -1 -1)
#(0 23 412535 23 3 0 1 42 226663 359592 -1 -1 -1 -1 -1)
#(0 23 412536 29 3 0 0 53 280322 359592 -1 -1 -1 -1 -1)
#(0 23 412538 25 3 0 0 30 158810 359592 -1 -1 -1 -1 -1)
#(0 23 412539 32 3 0 1 89 474677 359592 -1 -1 -1 -1 -1)
#(0 23 412540 29 3 0 0 65 343676 359592 -1 -1 -1 -1 -1)
#(0 23 412541 32 3 0 1 53 284606 359592 -1 -1 -1 -1 -1)
#(0 23 412542 25 3 0 0 2 10955 359592 -1 -1 -1 -1 -1)
#(0 23 412543 28 3 0 1 88 469468 359592 -1 -1 -1 -1 -1)
#(0 24 423 23 0 0 0 4 21507 -1 -1 -1 -1 -1 -1)
#(0 24 424 23 0 0 1 97 517055 -1 -1 -1 -1 -1 -1)
#(0 24 425 25 0 0 0 21 111298 -1 -1 -1 -1 -1 -1)
#(0 24 426 29 0 0 1 61 326866 -1 -1 -1 -1 -1 -1)
#(0 24 428 26 0 0 1 54 289966 -1 -1 -1 -1 -1 -1)
#(0 24 429 29 0 0 1 40 215991 -1 -1 -1 -1 -1 -1)
#(0 24 430 34 0 0 1 98 522157 -1 -1 -1 -1 -1 -1)
#(0 24 431 24 0 0 0 17 90158 -1 -1 -1 -1 -1 -1)
#(0 24 432 23 0 0 0 24 127091 -1 -1 -1 -1 -1 -1)
#(0 24 433 20 0 0 1 48 258396 -1 -1 -1 -1 -1 -1)
#(0 24 434 26 0 0 1 42 226618 -1 -1 -1 -1 -1 -1)
#(0 24 137915 26 1 0 1 69 369173 119626 -1 -1 -1 -1 -1)
#(0 24 137916 25 1 0 0 44 232727 119626 -1 -1 -1 -1 -1)
#(0 24 137920 23 1 0 1 71 379767 119626 -1 -1 -1 -1 -1)
#(0 24 137921 28 1 0 1 32 173757 119626 -1 -1 -1 -1 -1)
#(0 24 137922 25 1 0 0 70 370027 119626 -1 -1 -1 -1 -1)
#(0 24 137923 23 1 0 1 76 406173 119626 -1 -1 -1 -1 -1)
#(0 24 137924 29 1 0 1 67 358551 119626 -1 -1 -1 -1 -1)
#(0 24 137925 20 1 0 1 57 305909 119626 -1 -1 -1 -1 -1)
#(0 24 137927 25 1 0 1 73 390322 119626 -1 -1 -1 -1 -1)
#(0 24 275446 24 2 0 1 85 453679 239253 -1 -1 -1 -1 -1)
#(0 24 275448 27 2 0 0 15 79645 239253 -1 -1 -1 -1 -1)
#(0 24 275454 25 2 0 0 13 69059 239253 -1 -1 -1 -1 -1)
#(0 24 275455 30 2 0 0 47 248679 239253 -1 -1 -1 -1 -1)
#(0 24 275456 20 2 0 1 86 459029 239253 -1 -1 -1 -1 -1)
#(0 24 275457 27 2 0 0 25 132445 239253 -1 -1 -1 -1 -1)
#(0 24 275458 29 2 0 0 23 121927 239253 -1 -1 -1 -1 -1)
#(0 24 275459 23 2 0 1 52 279455 239253 -1 -1 -1 -1 -1)
#(0 24 275460 32 2 0 0 63 333162 239253 -1 -1 -1 -1 -1)
#(0 24 275461 28 2 0 0 0 458 239253 -1 -1 -1 -1 -1)
#(0 24 275462 25 2 0 1 74 395593 239253 -1 -1 -1 -1 -1)
#(0 24 275463 34 2 0 1 83 442966 239253 -1 -1 -1 -1 -1)
#(0 24 412523 22 3 0 0 20 105975 359592 -1 -1 -1 -1 -1)
#(0 24 412530 23 3 0 0 23 121826 359592 -1 -1 -1 -1 -1)
#(0 24 412537 16 3 0 0 26 137526 359592 -1 -1 -1 -1 -1)
#(0 24 412544 30 3 0 0 17 90279 359592 -1 -1 -1 -1 -1)
#(0 24 412545 23 3 0 0 22 116546 359592 -1 -1 -1 -1 -1)
#(0 24 412546 30 3 0 0 14 74430 359592 -1 -1 -1 -1 -1)
#(0 24 412547 26 3 0 1 63 337486 359592 -1 -1 -1 -1 -1)
#(0 24 412548 27 3 0 1 93 495860 359592 -1 -1 -1 -1 -1)
#(0 24 412549 34 3 0 1 68 363743 359592 -1 -1 -1 -1 -1)
#(0 24 412550 21 3 0 0 48 253787 359592 -1 -1 -1 -1 -1)
#(0 24 412551 22 3 0 1 96 511791 359592 -1 -1 -1 -1 -1)
#(0 24 412552 28 3 0 1 78 416655 359592 -1 -1 -1 -1 -1)
#(0 24 412553 30 3 0 0 19 100805 359592 -1 -1 -1 -1 -1)
#(0 25 419 21 0 0 1 85 453733 -1 -1 -1 -1 -1 -1)
#(0 25 435 21 0 0 1 84 448430 -1 -1 -1 -1 -1 -1)
#(0 25 436 25 0 0 0 44 232738 -1 -1 -1 -1 -1 -1)
#(2 25 436 -1 -1 -1 -1 -1 -1 3 -1 -1 -1 -1 -1)
#(0 25 437 25 0 0 0 21 111298 -1 -1 -1 -1 -1 -1)
#(0 25 438 23 0 0 1 64 342812 -1 -1 -1 -1 -1 -1)
#(0 25 439 29 0 0 1 46 247664 -1 -1 -1 -1 -1 -1)
#(0 25 440 29 0 0 1 94 501115 -1 -1 -1 -1 -1 -1)
#(0 25 441 26 0 0 1 91 485327 -1 -1 -1 -1 -1 -1)
#(0 25 443 25 0 0 0 5 26806 -1 -1 -1 -1 -1 -1)
#(0 25 444 20 0 0 0 40 211524 -1 -1 -1 -1 -1 -1)
#(0 25 445 25 0 0 0 0 411 -1 -1 -1 -1 -1 -1)
#(0 25 446 29 0 0 1 92 490558 -1 -1 -1 -1 -1 -1)
#(0 25 447 27 0 0 1 77 411400 -1 -1 -1 -1 -1 -1)
#(0 25 137926 24 1 0 1 71 379768 119626 -1 -1 -1 -1 -1)
#(0 25 137928 27 1 0 0 31 164150 119626 -1 -1 -1 -1 -1)
#(0 25 137929 34 1 0 1 66 353174 119626 -1 -1 -1 -1 -1)
#(0 25 137930 22 1 0 0 7 37339 119626 -1 -1 -1 -1 -1)
#(0 25 137931 25 1 0 0 20 106020 119626 -1 -1 -1 -1 -1)
#(0 25 137933 20 1 0 0 70 369936 119626 -1 -1 -1 -1 -1)
#(0 25 137934 24 1 0 1 76 406171 119626 -1 -1 -1 -1 -1)
#(0 25 137935 30 1 0 1 60 321583 119626 -1 -1 -1 -1 -1)
#(0 25 137936 30 1 0 1 78 416615 119626 -1 -1 -1 -1 -1)
#(0 25 137937 28 1 0 0 14 74385 119626 -1 -1 -1 -1 -1)
#(0 25 137938 25 1 0 1 47 253036 119626 -1 -1 -1 -1 -1)
#(0 25 137939 20 1 0 1 58 311194 119626 -1 -1 -1 -1 -1)
#(0 25 137940 23 1 0 0 22 116534 119626 -1 -1 -1 -1 -1)
#(0 25 137941 26 1 0 1 59 316385 119626 -1 -1 -1 -1 -1)
#(0 25 275464 29 2 0 1 73 390224 239253 -1 -1 -1 -1 -1)
#(0 25 275465 25 2 0 1 88 469506 239253 -1 -1 -1 -1 -1)
#(0 25 275466 26 2 0 0 52 274994 239253 -1 -1 -1 -1 -1)
#(0 25 275467 25 2 0 0 4 21528 239253 -1 -1 -1 -1 -1)
#(0 25 275468 28 2 0 0 47 248631 239253 -1 -1 -1 -1 -1)
#(0 25 275469 26 2 0 0 29 153560 239253 -1 -1 -1 -1 -1)
#(0 25 275470 27 2 0 0 9 47966 239253 -1 -1 -1 -1 -1)
#(0 25 275471 25 2 0 1 66 353348 239253 -1 -1 -1 -1 -1)
#(0 25 275472 32 2 0 1 87 464110 239253 -1 -1 -1 -1 -1)
#(0 25 275473 24 2 0 0 21 111266 239253 -1 -1 -1 -1 -1)
#(0 25 275474 27 2 0 1 98 522274 239253 -1 -1 -1 -1 -1)
#(0 25 275475 32 2 0 0 26 137810 239253 -1 -1 -1 -1 -1)
#(0 25 275477 25 2 0 0 13 69054 239253 -1 -1 -1 -1 -1)
#(0 25 275478 28 2 0 0 5 26858 239253 -1 -1 -1 -1 -1)
#(0 25 275480 28 2 0 1 94 501150 239253 -1 -1 -1 -1 -1)
#(0 25 412554 21 3 0 0 12 63720 359592 -1 -1 -1 -1 -1)
#(0 25 412555 34 3 0 0 13 69226 359592 -1 -1 -1 -1 -1)
#(0 25 412556 23 3 0 1 92 490659 359592 -1 -1 -1 -1 -1)
#(0 25 412557 32 3 0 1 89 474654 359592 -1 -1 -1 -1 -1)
#(0 25 412558 30 3 0 1 33 179008 359592 -1 -1 -1 -1 -1)
#(0 25 412559 20 3 0 1 75 400949 359592 -1 -1 -1 -1 -1)
#(0 25 412560 21 3 0 1 94 501263 359592 -1 -1 -1 -1 -1)
#(0 25 412561 23 3 0 0 14 74279 359592 -1 -1 -1 -1 -1)
#(0 25 412562 25 3 0 1 49 263605 359592 -1 -1 -1 -1 -1)
#(0 25 412563 31 3 0 0 63 333137 359592 -1 -1 -1 -1 -1)
#(0 25 412564 29 3 0 1 99 527531 359592 -1 -1 -1 -1 -1)
#(0 26 427 22 0 0 1 85 453733 -1 -1 -1 -1 -1 -1)
#(0 26 442 22 0 0 0 17 90130 -1 -1 -1 -1 -1 -1)
#(0 26 448 30 0 0 1 76 406041 -1 -1 -1 -1 -1 -1)
#(0 26 449 23 0 0 1 94 501230 -1 -1 -1 -1 -1 -1)
#(0 26 450 25 0 0 0 50 264428 -1 -1 -1 -1 -1 -1)
#(0 26 451 26 0 0 0 57 301400 -1 -1 -1 -1 -1 -1)
#(0 26 452 26 0 0 0 32 169394 -1 -1 -1 -1 -1 -1)
#(0 26 453 23 0 0 0 68 359425 -1 -1 -1 -1 -1 -1)
#(0 26 454 27 0 0 1 73 390266 -1 -1 -1 -1 -1 -1)
#(0 26 455 30 0 0 1 66 353256 -1 -1 -1 -1 -1 -1)
#(0 26 456 29 0 0 0 29 153602 -1 -1 -1 -1 -1 -1)
#(0 26 457 26 0 0 1 72 385013 -1 -1 -1 -1 -1 -1)
#(0 26 458 20 0 0 1 19 105272 -1 -1 -1 -1 -1 -1)
#(0 26 459 24 0 0 1 79 422007 -1 -1 -1 -1 -1 -1)
#(0 26 460 29 0 0 0 12 63836 -1 -1 -1 -1 -1 -1)
#(0 26 461 33 0 0 0 20 106137 -1 -1 -1 -1 -1 -1)
#(0 26 462 20 0 0 1 80 427361 -1 -1 -1 -1 -1 -1)
#(0 26 137932 21 1 0 1 57 305887 119626 -1 -1 -1 -1 -1)
#(0 26 137942 34 1 0 0 24 127305 119626 -1 -1 -1 -1 -1)
#(0 26 137943 29 1 0 0 36 190575 119626 -1 -1 -1 -1 -1)
#(0 26 137944 30 1 0 1 86 458849 119626 -1 -1 -1 -1 -1)
#(0 26 137945 30 1 0 0 28 148352 119626 -1 -1 -1 -1 -1)
#(0 26 137946 32 1 0 1 66 353223 119626 -1 -1 -1 -1 -1)
#(0 26 137947 27 1 0 1 97 516994 119626 -1 -1 -1 -1 -1)
#(0 26 137948 32 1 0 0 18 95570 119626 -1 -1 -1 -1 -1)
#(0 26 137949 31 1 0 1 74 395485 119626 -1 -1 -1 -1 -1)
#(0 26 137950 28 1 0 1 80 427222 119626 -1 -1 -1 -1 -1)
#(0 26 137951 20 1 0 0 2 10880 119626 -1 -1 -1 -1 -1)
#(0 26 137952 25 1 0 1 71 379767 119626 -1 -1 -1 -1 -1)
#(0 26 137953 26 1 0 0 34 179929 119626 -1 -1 -1 -1 -1)
#(0 26 137954 23 1 0 1 26 142191 119626 -1 -1 -1 -1 -1)
#(0 26 137955 26 1 0 1 81 432549 119626 -1 -1 -1 -1 -1)
#(0 26 275476 26 2 0 1 87 464215 239253 -1 -1 -1 -1 -1)
#(0 26 275481 26 2 0 0 26 137706 239253 -1 -1 -1 -1 -1)
#(0 26 275482 28 2 0 1 73 390253 239253 -1 -1 -1 -1 -1)
#(0 26 275483 30 2 0 1 82 437721 239253 -1 -1 -1 -1 -1)
#(0 26 275484 23 2 0 0 4 21489 239253 -1 -1 -1 -1 -1)
#(0 26 275485 28 2 0 0 15 79652 239253 -1 -1 -1 -1 -1)
#(0 26 275486 23 2 0 1 57 305864 239253 -1 -1 -1 -1 -1)
#(0 26 275487 28 2 0 0 65 343664 239253 -1 -1 -1 -1 -1)
#(0 26 275488 26 2 0 0 30 158824 239253 -1 -1 -1 -1 -1)
#(0 26 275489 29 2 0 1 69 369131 239253 -1 -1 -1 -1 -1)
#(0 26 412565 34 3 0 0 42 222353 359592 -1 -1 -1 -1 -1)
#(0 26 412566 25 3 0 1 69 369173 359592 -1 -1 -1 -1 -1)
#(0 26 412567 29 3 0 1 71 379664 359592 -1 -1 -1 -1 -1)
#(0 26 412568 32 3 0 1 29 157865 359592 -1 -1 -1 -1 -1)
#(0 26 412569 28 3 0 1 72 384971 359592 -1 -1 -1 -1 -1)
#(0 26 412570 23 3 0 0 5 26776 359592 -1 -1 -1 -1 -1)
#(0 26 412572 25 3 0 0 17 90167 359592 -1 -1 -1 -1 -1)
#(0 26 412573 29 3 0 1 76 406081 359592 -1 -1 -1 -1 -1)
#(0 26 412574 34 3 0 0 36 190638 359592 -1 -1 -1 -1 -1)
#(0 26 412575 24 3 0 0 25 132390 359592 -1 -1 -1 -1 -1)
#(0 26 412576 20 3 0 0 11 58398 359592 -1 -1 -1 -1 -1)
#(0 27 463 28 0 0 1 73 390262 -1 -1 -1 -1 -1 -1)
#(0 27 464 25 0 0 0 18 95456 -1 -1 -1 -1 -1 -1)
#(0 27 465 27 0 0 1 77 411381 -1 -1 -1 -1 -1 -1)
#(0 27 466 29 0 0 0 8 42736 -1 -1 -1 -1 -1 -1)
#(0 27 467 34 0 0 1 47 252862 -1 -1 -1 -1 -1 -1)
#(0 27 468 26 0 0 1 57 305795 -1 -1 -1 -1 -1 -1)
#(0 27 469 28 0 0 0 86 454545 -1 -1 -1 -1 -1 -1)
#(0 27 470 30 0 0 0 52 275058 -1 -1 -1 -1 -1 -1)
#(0 27 472 20 0 0 0 23 121766 -1 -1 -1 -1 -1 -1)
#(0 27 473 29 0 0 0 27 143042 -1 -1 -1 -1 -1 -1)
#(0 27 474 27 0 0 0 4 21562 -1 -1 -1 -1 -1 -1)
#(0 27 475 22 0 0 1 48 258355 -1 -1 -1 -1 -1 -1)
#(0 27 476 34 0 0 1 39 210640 -1 -1 -1 -1 -1 -1)
#(0 27 477 32 0 0 0 36 190594 -1 -1 -1 -1 -1 -1)
#(0 27 478 20 0 0 1 45 242564 -1 -1 -1 -1 -1 -1)
#(0 27 137956 30 1 0 0 45 238126 119626 -1 -1 -1 -1 -1)
#(0 27 137957 30 1 0 0 15 79718 119626 -1 -1 -1 -1 -1)
#(0 27 137958 28 1 0 0 5 26884 119626 -1 -1 -1 -1 -1)
#(0 27 137959 28 1 0 0 40 211678 119626 -1 -1 -1 -1 -1)
#(0 27 137960 26 1 0 1 54 289963 119626 -1 -1 -1 -1 -1)
#(0 27 137961 29 1 0 0 4 21605 119626 -1 -1 -1 -1 -1)
#(0 27 137962 21 1 0 0 70 369937 119626 -1 -1 -1 -1 -1)
#(0 27 137965 23 1 0 1 83 443154 119626 -1 -1 -1 -1 -1)
#(0 27 275479 25 2 0 0 13 69066 239253 -1 -1 -1 -1 -1)
#(0 27 275490 28 2 0 0 20 106084 239253 -1 -1 -1 -1 -1)
#(0 27 275491 26 2 0 1 44 237157 239253 -1 -1 -1 -1 -1)
#(0 27 275492 23 2 0 1 71 379773 239253 -1 -1 -1 -1 -1)
#(0 27 275493 34 2 0 1 48 258142 239253 -1 -1 -1 -1 -1)
#(0 27 275494 26 2 0 1 65 348041 239253 -1 -1 -1 -1 -1)
#(0 27 275495 30 2 0 0 44 232836 239253 -1 -1 -1 -1 -1)
#(0 27 275496 30 2 0 0 11 58599 239253 -1 -1 -1 -1 -1)
#(0 27 275497 34 2 0 1 92 490454 239253 -1 -1 -1 -1 -1)
#(0 27 275498 20 2 0 0 37 195693 239253 -1 -1 -1 -1 -1)
#(0 27 275499 25 2 0 1 27 147433 239253 -1 -1 -1 -1 -1)
#(0 27 275500 20 2 0 0 61 322411 239253 -1 -1 -1 -1 -1)
#(0 27 275502 28 2 0 1 46 247702 239253 -1 -1 -1 -1 -1)
#(0 27 275503 26 2 0 1 62 332218 239253 -1 -1 -1 -1 -1)
#(0 27 275504 32 2 0 0 0 522 239253 -1 -1 -1 -1 -1)
#(0 27 275505 34 2 0 0 59 312082 239253 -1 -1 -1 -1 -1)
#(0 27 412571 21 3 0 1 94 501246 359592 -1 -1 -1 -1 -1)
#(4 27 412571 -1 3 -1 -1 -1 -1 359597 0 0 0 0 -1)
#(0 27 412577 20 3 0 0 42 222097 359592 -1 -1 -1 -1 -1)
#(0 27 412578 28 3 0 0 41 216957 359592 -1 -1 -1 -1 -1)
#(0 27 412579 27 3 0 1 95 506428 359592 -1 -1 -1 -1 -1)
#(0 27 412582 28 3 0 0 45 238062 359592 -1 -1 -1 -1 -1)
#(0 27 412583 30 3 0 0 61 322578 359592 -1 -1 -1 -1 -1)
#(0 27 412584 20 3 0 1 63 337602 359592 -1 -1 -1 -1 -1)
#(0 27 412585 32 3 0 0 37 195879 359592 -1 -1 -1 -1 -1)
#(0 27 412586 29 3 0 1 97 516964 359592 -1 -1 -1 -1 -1)
#(0 27 412587 27 3 0 0 10 53237 359592 -1 -1 -1 -1 -1)
#(0 27 412588 27 3 0 1 68 363882 359592 -1 -1 -1 -1 -1)
#(0 27 412589 25 3 0 1 69 369197 359592 -1 -1 -1 -1 -1)
#(0 28 471 28 0 0 0 12 63844 -1 -1 -1 -1 -1 -1)
#(0 28 479 28 0 0 1 46 247676 -1 -1 -1 -1 -1 -1)
#(0 28 480 28 0 0 0 21 111351 -1 -1 -1 -1 -1 -1)
#(0 28 481 20 0 0 1 84 448466 -1 -1 -1 -1 -1 -1)
#(0 28 482 34 0 0 0 34 180105 -1 -1 -1 -1 -1 -1)
#(0 28 483 28 0 0 0 41 216955 -1 -1 -1 -1 -1 -1)
#(0 28 484 27 0 0 0 9 47977 -1 -1 -1 -1 -1 -1)
#(0 28 485 27 0 0 1 76 406108 -1 -1 -1 -1 -1 -1)
#(0 28 487 30 0 0 0 16 84992 -1 -1 -1 -1 -1 -1)
#(0 28 489 29 0 0 1 68 363837 -1 -1 -1 -1 -1 -1)
#(0 28 490 34 0 0 1 90 479910 -1 -1 -1 -1 -1 -1)
#(0 28 491 25 0 0 1 78 416713 -1 -1 -1 -1 -1 -1)
#(0 28 492 32 0 0 0 11 58610 -1 -1 -1 -1 -1 -1)
#(0 28 137964 28 1 0 1 97 516956 119626 -1 -1 -1 -1 -1)
#(0 28 137966 31 1 0 1 72 384908 119626 -1 -1 -1 -1 -1)
#(0 28 137967 28 1 0 1 49 263529 119626 -1 -1 -1 -1 -1)
#(0 28 137968 34 1 0 1 89 474623 119626 -1 -1 -1 -1 -1)
#(0 28 137969 27 1 0 0 66 348920 119626 -1 -1 -1 -1 -1)
#(0 28 137970 26 1 0 1 50 268869 119626 -1 -1 -1 -1 -1)
#(0 28 275501 26 2 0 1 69 369154 239253 -1 -1 -1 -1 -1)
#(0 28 275506 23 2 0 0 51 269665 239253 -1 -1 -1 -1 -1)
#(0 28 275507 25 2 0 0 26 137706 239253 -1 -1 -1 -1 -1)
#(0 28 275508 25 2 0 0 16 84894 239253 -1 -1 -1 -1 -1)
#(0 28 275509 30 2 0 0 47 248679 239253 -1 -1 -1 -1 -1)
#(0 28 275510 34 2 0 1 45 242295 239253 -1 -1 -1 -1 -1)
#(0 28 275511 23 2 0 0 25 132383 239253 -1 -1 -1 -1 -1)
#(0 28 275513 25 2 0 0 0 392 239253 -1 -1 -1 -1 -1)
#(0 28 275514 24 2 0 0 13 69040 239253 -1 -1 -1 -1 -1)
#(0 28 275515 27 2 0 1 85 453640 239253 -1 -1 -1 -1 -1)
#(0 28 275516 24 2 0 0 4 21514 239253 -1 -1 -1 -1 -1)
#(0 28 275517 28 2 0 0 74 391178 239253 -1 -1 -1 -1 -1)
#(0 28 412580 26 3 0 0 41 216908 359592 -1 -1 -1 -1 -1)
#(0 28 412581 20 3 0 1 94 501278 359592 -1 -1 -1 -1 -1)
#(0 28 412590 29 3 0 1 33 179024 359592 -1 -1 -1 -1 -1)
#(0 28 412591 23 3 0 0 14 74310 359592 -1 -1 -1 -1 -1)
#(0 28 412592 23 3 0 1 42 226653 359592 -1 -1 -1 -1 -1)
#(0 28 412593 31 3 0 1 76 406039 359592 -1 -1 -1 -1 -1)
#(0 28 412594 23 3 0 1 96 511763 359592 -1 -1 -1 -1 -1)
#(0 28 412595 20 3 0 1 99 527671 359592 -1 -1 -1 -1 -1)
#(0 28 412597 23 3 0 0 65 343581 359592 -1 -1 -1 -1 -1)
#(0 28 412598 27 3 0 0 29 153572 359592 -1 -1 -1 -1 -1)
#(0 28 412599 32 3 0 0 6 32217 359592 -1 -1 -1 -1 -1)
#(0 28 412600 26 3 0 1 47 253006 359592 -1 -1 -1 -1 -1)
#(0 28 412601 25 3 0 1 60 321674 359592 -1 -1 -1 -1 -1)
#(0 28 412602 27 3 0 1 49 263555 359592 -1 -1 -1 -1 -1)
#(0 28 412604 32 3 0 1 39 210678 359592 -1 -1 -1 -1 -1)
#(0 28 412605 28 3 0 0 40 211658 359592 -1 -1 -1 -1 -1)
#(0 28 412606 27 3 0 0 50 264438 359592 -1 -1 -1 -1 -1)
#(0 29 486 25 0 0 1 76 406157 -1 -1 -1 -1 -1 -1)
#(0 29 488 28 0 0 0 12 63835 -1 -1 -1 -1 -1 -1)
#(0 29 493 20 0 0 0 18 95378 -1 -1 -1 -1 -1 -1)
#(0 29 494 20 0 0 1 90 480155 -1 -1 -1 -1 -1 -1)
#(0 29 495 31 0 0 0 52 275098 -1 -1 -1 -1 -1 -1)
#(0 29 496 20 0 0 0 16 84810 -1 -1 -1 -1 -1 -1)
#(0 29 497 34 0 0 1 35 189505 -1 -1 -1 -1 -1 -1)
#(0 29 498 29 0 0 1 47 252959 -1 -1 -1 -1 -1 -1)
#(0 29 499 27 0 0 1 59 316361 -1 -1 -1 -1 -1 -1)
#(0 29 500 32 0 0 1 86 458838 -1 -1 -1 -1 -1 -1)
#(0 29 501 23 0 0 0 27 142924 -1 -1 -1 -1 -1 -1)
#(0 29 502 22 0 0 1 89 474845 -1 -1 -1 -1 -1 -1)
#(0 29 137963 26 1 0 0 34 179962 119626 -1 -1 -1 -1 -1)
#(0 29 137971 20 1 0 1 36 195023 119626 -1 -1 -1 -1 -1)
#(0 29 137972 25 1 0 1 54 289973 119626 -1 -1 -1 -1 -1)
#(0 29 137973 26 1 0 1 62 332201 119626 -1 -1 -1 -1 -1)
#(0 29 137974 32 1 0 1 35 189537 119626 -1 -1 -1 -1 -1)
#(0 29 137975 31 1 0 1 96 511626 119626 -1 -1 -1 -1 -1)
#(0 29 137976 20 1 0 0 74 391057 119626 -1 -1 -1 -1 -1)
#(0 29 137977 28 1 0 1 93 495844 119626 -1 -1 -1 -1 -1)
#(0 29 137978 30 1 0 1 75 400775 119626 -1 -1 -1 -1 -1)
#(0 29 137979 25 1 0 0 53 280242 119626 -1 -1 -1 -1 -1)
#(0 29 137980 20 1 0 0 81 428004 119626 -1 -1 -1 -1 -1)
#(0 29 275512 20 2 0 0 26 137603 239253 -1 -1 -1 -1 -1)
#(0 29 275518 24 2 0 0 16 84874 239253 -1 -1 -1 -1 -1)
#(0 29 275519 23 2 0 0 20 105987 239253 -1 -1 -1 -1 -1)
#(0 29 275520 26 2 0 1 25 136844 239253 -1 -1 -1 -1 -1)
#(0 29 275521 27 2 0 1 60 321622 239253 -1 -1 -1 -1 -1)
#(0 29 275522 23 2 0 0 9 47902 239253 -1 -1 -1 -1 -1)
#(0 29 275523 27 2 0 0 42 222212 239253 -1 -1 -1 -1 -1)
#(0 29 275524 28 2 0 1 80 427215 239253 -1 -1 -1 -1 -1)
#(0 29 275525 23 2 0 1 98 522350 239253 -1 -1 -1 -1 -1)
#(0 29 275526 30 2 0 0 17 90245 239253 -1 -1 -1 -1 -1)
#(0 29 275527 29 2 0 0 34 179997 239253 -1 -1 -1 -1 -1)
#(0 29 275528 26 2 0 0 35 185215 239253 -1 -1 -1 -1 -1)
#(0 29 275529 26 2 0 0 15 79621 239253 -1 -1 -1 -1 -1)
#(0 29 275530 28 2 0 0 24 127178 239253 -1 -1 -1 -1 -1)
#(0 29 412596 27 3 0 0 41 216910 359592 -1 -1 -1 -1 -1)
#(0 29 412603 21 3 0 1 96 511812 359592 -1 -1 -1 -1 -1)
#(0 29 412607 28 3 0 0 9 48003 359592 -1 -1 -1 -1 -1)
#(0 29 412608 28 3 0 0 24 127202 359592 -1 -1 -1 -1 -1)
#(0 29 412609 26 3 0 0 5 26829 359592 -1 -1 -1 -1 -1)
#(0 29 412610 20 3 0 1 37 200310 359592 -1 -1 -1 -1 -1)
#(0 29 412611 30 3 0 0 7 37465 359592 -1 -1 -1 -1 -1)
#(0 29 412612 23 3 0 1 76 406183 359592 -1 -1 -1 -1 -1)
#(0 29 412613 30 3 0 0 45 238098 359592 -1 -1 -1 -1 -1)
#(0 29 412616 25 3 0 0 73 385841 359592 -1 -1 -1 -1 -1)
#(0 30 101 49 0 1 1 65 345914 -1 -1 -1 -1 -1 -1)
#(0 30 102 39 0 1 0 20 107685 -1 -1 -1 -1 -1 -1)
#(0 30 103 40 0 1 1 41 219662 -1 -1 -1 -1 -1 -1)
#(0 30 104 34 0 3 0 31 165455 -1 -1 -1 -1 -1 -1)
#(0 30 105 34 0 3 0 48 255242 -1 -1 -1 -1 -1 -1)
#(0 30 106 28 0 2 0 34 180975 -1 -1 -1 -1 -1 -1)
#(0 30 107 38 0 1 0 19 102260 -1 -1 -1 -1 -1 -1)
#(0 30 108 49 0 1 1 47 250846 -1 -1 -1 -1 -1 -1)
#(0 30 109 29 0 2 1 16 88298 -1 -1 -1 -1 -1 -1)
#(0 30 110 32 0 2 1 91 484115 -1 -1 -1 -1 -1 -1)
#(0 30 111 41 0 3 1 80 425587 -1 -1 -1 -1 -1 -1)
#(0 30 112 34 0 1 1 52 278099 -1 -1 -1 -1 -1 -1)
#(0 30 113 34 0 1 1 37 198861 -1 -1 -1 -1 -1 -1)
#(0 30 114 26 0 2 1 97 516103 -1 -1 -1 -1 -1 -1)
#(2 30 501 -1 -1 -1 -1 -1 -1 2 -1 -1 -1 -1 -1)
#(0 30 503 27 0 0 0 8 42704 -1 -1 -1 -1 -1 -1)
#(0 30 504 34 0 0 0 3 16416 -1 -1 -1 -1 -1 -1)
#(0 30 506 27 0 0 1 97 516983 -1 -1 -1 -1 -1 -1)
#(0 30 507 20 0 0 1 72 385115 -1 -1 -1 -1 -1 -1)
#(0 30 508 25 0 0 0 47 248557 -1 -1 -1 -1 -1 -1)
#(0 30 509 25 0 0 0 54 285517 -1 -1 -1 -1 -1 -1)
#(0 30 510 25 0 0 1 99 527599 -1 -1 -1 -1 -1 -1)
#(0 30 512 26 0 0 1 79 421977 -1 -1 -1 -1 -1 -1)
#(0 30 514 26 0 0 0 28 148252 -1 -1 -1 -1 -1 -1)
#(0 30 137616 36 1 1 1 53 283199 119626 -1 -1 -1 -1 -1)
#(0 30 137617 41 1 1 0 14 76041 119626 -1 -1 -1 -1 -1)
#(0 30 137618 43 1 2 0 8 44468 119626 -1 -1 -1 -1 -1)
#(0 30 137619 21 1 2 1 63 336863 119626 -1 -1 -1 -1 -1)
#(0 30 137620 48 1 3 1 81 430473 119626 -1 -1 -1 -1 -1)
#(0 30 137621 36 1 1 1 75 399446 119626 -1 -1 -1 -1 -1)
#(0 30 137622 47 1 3 1 62 330195 119626 -1 -1 -1 -1 -1)
#(0 30 137623 36 1 1 1 76 404678 119626 -1 -1 -1 -1 -1)
#(0 30 137624 33 1 2 1 79 420681 119626 -1 -1 -1 -1 -1)
#(0 30 137626 21 1 2 0 7 37997 119626 -1 -1 -1 -1 -1)
#(0 30 137981 27 1 0 1 62 332195 119626 -1 -1 -1 -1 -1)
#(0 30 137982 25 1 0 0 21 111290 119626 -1 -1 -1 -1 -1)
#(0 30 137983 28 1 0 1 73 390260 119626 -1 -1 -1 -1 -1)
#(0 30 137984 23 1 0 1 61 326983 119626 -1 -1 -1 -1 -1)
#(0 30 137985 25 1 0 1 72 385033 119626 -1 -1 -1 -1 -1)
#(0 30 137986 28 1 0 1 93 495856 119626 -1 -1 -1 -1 -1)
#(0 30 137987 27 1 0 1 85 453635 119626 -1 -1 -1 -1 -1)
#(0 30 137988 30 1 0 1 97 516937 119626 -1 -1 -1 -1 -1)
#(0 30 137989 29 1 0 1 75 400804 119626 -1 -1 -1 -1 -1)
#(0 30 137990 23 1 0 0 10 53174 119626 -1 -1 -1 -1 -1)
#(0 30 137991 32 1 0 0 23 121961 119626 -1 -1 -1 -1 -1)
#(0 30 137992 20 1 0 0 46 243195 119626 -1 -1 -1 -1 -1)
#(0 30 275131 36 2 2 1 64 341353 239253 -1 -1 -1 -1 -1)
#(0 30 275132 21 2 2 0 43 228111 239253 -1 -1 -1 -1 -1)
#(0 30 275134 42 2 1 1 93 494180 239253 -1 -1 -1 -1 -1)
#(0 30 275135 21 2 2 0 51 270342 239253 -1 -1 -1 -1 -1)
#(0 30 275136 51 2 1 0 27 145209 239253 -1 -1 -1 -1 -1)
#(0 30 275137 39 2 1 0 39 208024 239253 -1 -1 -1 -1 -1)
#(0 30 275138 40 2 1 0 41 218550 239253 -1 -1 -1 -1 -1)
#(0 30 275139 35 2 1 1 76 404742 239253 -1 -1 -1 -1 -1)
#(0 30 275140 54 2 1 0 1 8093 239253 -1 -1 -1 -1 -1)
#(0 30 275141 56 2 1 0 9 50397 239253 -1 -1 -1 -1 -1)
#(0 30 275142 31 2 2 0 0 1606 239253 -1 -1 -1 -1 -1)
#(0 30 275143 27 2 2 1 62 331260 239253 -1 -1 -1 -1 -1)
#(0 30 275144 45 2 1 1 59 314470 239253 -1 -1 -1 -1 -1)
#(0 30 275145 37 2 1 0 7 38889 239253 -1 -1 -1 -1 -1)
#(0 30 275146 28 2 2 1 95 505474 239253 -1 -1 -1 -1 -1)
#(0 30 275147 55 2 2 1 84 445970 239253 -1 -1 -1 -1 -1)
#(0 30 275148 20 2 3 0 18 96068 239253 -1 -1 -1 -1 -1)
#(0 30 275531 23 2 0 1 74 395605 239253 -1 -1 -1 -1 -1)
#(0 30 275532 25 2 0 1 11 62937 239253 -1 -1 -1 -1 -1)
#(0 30 275533 27 2 0 0 2 11014 239253 -1 -1 -1 -1 -1)
#(0 30 275534 20 2 0 1 41 221426 239253 -1 -1 -1 -1 -1)
#(0 30 275535 23 2 0 0 43 227430 239253 -1 -1 -1 -1 -1)
#(0 30 275536 28 2 0 1 96 511692 239253 -1 -1 -1 -1 -1)
#(0 30 275537 25 2 0 1 67 358631 239253 -1 -1 -1 -1 -1)
#(0 30 275538 27 2 0 1 87 464187 239253 -1 -1 -1 -1 -1)
#(0 30 275539 28 2 0 0 32 169412 239253 -1 -1 -1 -1 -1)
#(0 30 412250 56 3 3 0 42 224659 359592 -1 -1 -1 -1 -1)
#(0 30 412251 36 3 2 0 12 65188 359592 -1 -1 -1 -1 -1)
#(0 30 412252 28 3 2 1 51 273105 359592 -1 -1 -1 -1 -1)
#(0 30 412253 54 3 3 0 29 155935 359592 -1 -1 -1 -1 -1)
#(0 30 412254 56 3 1 0 67 356674 359592 -1 -1 -1 -1 -1)
#(0 30 412255 20 3 2 1 49 262954 359592 -1 -1 -1 -1 -1)
#(0 30 412256 20 3 2 0 0 1048 359592 -1 -1 -1 -1 -1)
#(0 30 412257 45 3 1 0 20 108001 359592 -1 -1 -1 -1 -1)
#(0 30 412258 28 3 2 0 65 344621 359592 -1 -1 -1 -1 -1)
#(0 30 412259 31 3 2 1 78 415514 359592 -1 -1 -1 -1 -1)
#(0 30 412260 34 3 2 1 79 420635 359592 -1 -1 -1 -1 -1)
#(0 30 412262 35 3 2 1 58 309723 359592 -1 -1 -1 -1 -1)
#(0 30 412263 42 3 3 1 87 462495 359592 -1 -1 -1 -1 -1)
#(0 30 412264 36 3 1 0 16 86310 359592 -1 -1 -1 -1 -1)
#(0 30 412618 26 3 0 1 87 464195 359592 -1 -1 -1 -1 -1)
#(0 30 412619 20 3 0 0 27 142896 359592 -1 -1 -1 -1 -1)
#(0 30 412620 32 3 0 1 89 474645 359592 -1 -1 -1 -1 -1)
#(0 30 412622 25 3 0 0 47 248578 359592 -1 -1 -1 -1 -1)
#(0 30 412623 28 3 0 1 68 363856 359592 -1 -1 -1 -1 -1)
#(0 30 412624 28 3 0 0 71 375345 359592 -1 -1 -1 -1 -1)
#(0 30 412625 20 3 0 1 65 348154 359592 -1 -1 -1 -1 -1)
#(0 30 412626 30 3 0 0 43 227545 359592 -1 -1 -1 -1 -1)
#(0 30 412627 20 3 0 0 14 74244 359592 -1 -1 -1 -1 -1)
#(0 30 412630 20 3 0 1 73 390402 359592 -1 -1 -1 -1 -1)
#(0 31 117 21 0 2 1 59 315747 -1 -1 -1 -1 -1 -1)
#(0 31 118 43 0 1 0 53 282053 -1 -1 -1 -1 -1 -1)
#(0 31 119 53 0 2 1 38 203148 -1 -1 -1 -1 -1 -1)
#(0 31 120 41 0 3 1 70 372748 -1 -1 -1 -1 -1 -1)
#(0 31 121 36 0 2 0 19 102146 -1 -1 -1 -1 -1 -1)
#(0 31 122 50 0 1 0 13 71197 -1 -1 -1 -1 -1 -1)
#(0 31 123 38 0 1 1 26 140588 -1 -1 -1 -1 -1 -1)
#(0 31 124 42 0 3 1 98 520574 -1 -1 -1 -1 -1 -1)
#(0 31 125 28 0 2 1 92 489615 -1 -1 -1 -1 -1 -1)
#(0 31 126 46 0 3 0 58 308610 -1 -1 -1 -1 -1 -1)
#(2 31 479 -1 -1 -1 -1 -1 -1 2 -1 -1 -1 -1 -1)
#(0 31 505 28 0 0 1 59 316325 -1 -1 -1 -1 -1 -1)
#(0 31 513 23 0 0 0 8 42623 -1 -1 -1 -1 -1 -1)
#(0 31 515 27 0 0 0 49 259184 -1 -1 -1 -1 -1 -1)
#(0 31 516 25 0 0 0 14 74337 -1 -1 -1 -1 -1 -1)
#(0 31 517 32 0 0 1 68 363775 -1 -1 -1 -1 -1 -1)
#(0 31 518 27 0 0 1 86 458908 -1 -1 -1 -1 -1 -1)
#(0 31 519 28 0 0 1 64 342732 -1 -1 -1 -1 -1 -1)
#(0 31 520 28 0 0 1 73 390262 -1 -1 -1 -1 -1 -1)
#(0 31 521 27 0 0 0 4 21564 -1 -1 -1 -1 -1 -1)
#(0 31 522 28 0 0 1 98 522262 -1 -1 -1 -1 -1 -1)
#(0 31 523 29 0 0 1 49 263530 -1 -1 -1 -1 -1 -1)
#(2 31 523 -1 -1 -1 -1 -1 -1 4 -1 -1 -1 -1 -1)
#(0 31 137625 26 1 2 1 81 431628 119626 -1 -1 -1 -1 -1)
#(0 31 137627 33 1 3 1 64 341510 119626 -1 -1 -1 -1 -1)
#(0 31 137628 30 1 2 1 79 420900 119626 -1 -1 -1 -1 -1)
#(0 31 137629 44 1 1 0 21 113192 119626 -1 -1 -1 -1 -1)
#(0 31 137631 41 1 1 1 70 372786 119626 -1 -1 -1 -1 -1)
#(0 31 137632 37 1 3 1 40 214570 119626 -1 -1 -1 -1 -1)
#(0 31 137633 35 1 1 1 83 441721 119626 -1 -1 -1 -1 -1)
#(0 31 137634 40 1 1 0 28 149896 119626 -1 -1 -1 -1 -1)
#(0 31 137635 41 1 1 0 2 12653 119626 -1 -1 -1 -1 -1)
#(0 31 137636 43 1 1 0 56 297881 119626 -1 -1 -1 -1 -1)
#(0 31 137637 46 1 1 0 51 271631 119626 -1 -1 -1 -1 -1)
#(0 31 137639 40 1 1 1 68 362280 119626 -1 -1 -1 -1 -1)
#(0 31 137640 45 1 1 0 17 92091 119626 -1 -1 -1 -1 -1)
#(0 31 137641 27 1 3 0 80 423769 119626 -1 -1 -1 -1 -1)
#(0 31 137994 27 1 0 1 54 289945 119626 -1 -1 -1 -1 -1)
#(0 31 137996 25 1 0 1 82 437810 119626 -1 -1 -1 -1 -1)
#(0 31 137997 23 1 0 0 64 338303 119626 -1 -1 -1 -1 -1)
#(0 31 137998 34 1 0 0 24 127289 119626 -1 -1 -1 -1 -1)
#(0 31 137999 25 1 0 1 59 316393 119626 -1 -1 -1 -1 -1)
#(0 31 138000 28 1 0 0 17 90216 119626 -1 -1 -1 -1 -1)
#(0 31 138001 30 1 0 0 27 143059 119626 -1 -1 -1 -1 -1)
#(0 31 138002 23 1 0 0 39 206293 119626 -1 -1 -1 -1 -1)
#(0 31 138003 26 1 0 0 52 274976 119626 -1 -1 -1 -1 -1)
#(0 31 275133 33 2 1 1 64 341469 239253 -1 -1 -1 -1 -1)
#(0 31 275150 49 2 1 1 81 430392 239253 -1 -1 -1 -1 -1)
#(0 31 275151 50 2 3 0 44 234904 239253 -1 -1 -1 -1 -1)
#(0 31 275152 37 2 1 0 32 170878 239253 -1 -1 -1 -1 -1)
#(0 31 275153 20 2 2 0 81 428728 239253 -1 -1 -1 -1 -1)
#(0 31 275154 33 2 2 1 67 357358 239253 -1 -1 -1 -1 -1)
#(0 31 275155 30 2 2 0 8 43786 239253 -1 -1 -1 -1 -1)
#(0 31 275156 28 2 2 1 52 278393 239253 -1 -1 -1 -1 -1)
#(0 31 275157 48 2 2 0 62 329836 239253 -1 -1 -1 -1 -1)
#(0 31 275158 30 2 2 0 11 59646 239253 -1 -1 -1 -1 -1)
#(0 31 275159 54 2 1 0 19 103102 239253 -1 -1 -1 -1 -1)
#(0 31 275160 36 2 1 0 41 218402 239253 -1 -1 -1 -1 -1)
#(0 31 275161 46 2 1 1 75 398868 239253 -1 -1 -1 -1 -1)
#(0 31 275162 30 2 2 0 4 22666 239253 -1 -1 -1 -1 -1)
#(0 31 275163 34 2 1 0 34 181285 239253 -1 -1 -1 -1 -1)
#(0 31 275164 33 2 2 0 77 408245 239253 -1 -1 -1 -1 -1)
#(0 31 275165 32 2 1 0 53 281482 239253 -1 -1 -1 -1 -1)
#(0 31 275540 32 2 0 0 60 317352 239253 -1 -1 -1 -1 -1)
#(0 31 275541 30 2 0 1 46 247634 239253 -1 -1 -1 -1 -1)
#(0 31 275542 23 2 0 0 27 142955 239253 -1 -1 -1 -1 -1)
#(0 31 275543 27 2 0 1 78 416669 239253 -1 -1 -1 -1 -1)
#(0 31 275544 29 2 0 0 19 100805 239253 -1 -1 -1 -1 -1)
#(0 31 275545 26 2 0 0 39 206350 239253 -1 -1 -1 -1 -1)
#(0 31 275546 28 2 0 1 52 279379 239253 -1 -1 -1 -1 -1)
#(0 31 275547 25 2 0 0 22 116567 239253 -1 -1 -1 -1 -1)
#(0 31 275548 23 2 0 0 67 354140 239253 -1 -1 -1 -1 -1)
#(0 31 275549 23 2 0 0 24 127096 239253 -1 -1 -1 -1 -1)
#(0 31 275550 29 2 0 1 72 384958 239253 -1 -1 -1 -1 -1)
#(0 31 275551 26 2 0 0 31 164108 239253 -1 -1 -1 -1 -1)
#(0 31 275552 28 2 0 1 82 437791 239253 -1 -1 -1 -1 -1)
#(0 31 275553 25 2 0 1 81 432565 239253 -1 -1 -1 -1 -1)
#(0 31 275554 20 2 0 0 37 195678 239253 -1 -1 -1 -1 -1)
#(0 31 412261 47 3 2 0 29 155561 359592 -1 -1 -1 -1 -1)
#(0 31 412265 43 3 1 0 10 55050 359592 -1 -1 -1 -1 -1)
#(0 31 412266 21 3 2 1 53 284059 359592 -1 -1 -1 -1 -1)
#(0 31 412267 31 3 2 1 74 394353 359592 -1 -1 -1 -1 -1)
#(0 31 412268 20 3 2 1 84 447746 359592 -1 -1 -1 -1 -1)
#(0 31 412269 31 3 2 1 95 505286 359592 -1 -1 -1 -1 -1)
#(4 31 412269 -1 3 -1 -1 -1 -1 359598 0 0 0 0 -1)
#(0 31 412270 43 3 3 0 50 266276 359592 -1 -1 -1 -1 -1)
#(0 31 412271 33 3 2 0 14 75614 359592 -1 -1 -1 -1 -1)
#(0 31 412272 41 3 1 1 96 510033 359592 -1 -1 -1 -1 -1)
#(0 31 412274 25 3 2 0 7 38281 359592 -1 -1 -1 -1 -1)
#(0 31 412275 47 3 2 1 43 229893 359592 -1 -1 -1 -1 -1)
#(0 31 412276 45 3 3 1 93 494001 359592 -1 -1 -1 -1 -1)
#(0 31 412278 47 3 1 1 50 266774 359592 -1 -1 -1 -1 -1)
#(0 31 412279 48 3 1 0 51 271808 359592 -1 -1 -1 -1 -1)
#(0 31 412280 48 3 3 0 55 292864 359592 -1 -1 -1 -1 -1)
#(0 31 412281 32 3 2 0 6 33322 359592 -1 -1 -1 -1 -1)
#(0 31 412614 24 3 0 1 76 406154 359592 -1 -1 -1 -1 -1)
#(0 31 412615 24 3 0 0 41 216876 359592 -1 -1 -1 -1 -1)
#(0 31 412628 30 3 0 1 89 474688 359592 -1 -1 -1 -1 -1)
#(0 31 412631 24 3 0 1 60 321687 359592 -1 -1 -1 -1 -1)
#(0 31 412632 30 3 0 0 43 227538 359592 -1 -1 -1 -1 -1)
#(0 31 412633 26 3 0 0 4 21547 359592 -1 -1 -1 -1 -1)
#(0 31 412634 32 3 0 0 35 185315 359592 -1 -1 -1 -1 -1)
#(0 32 115 35 0 3 1 80 425858 -1 -1 -1 -1 -1 -1)
#(0 32 127 47 0 1 1 89 472769 -1 -1 -1 -1 -1 -1)
#(0 32 128 47 0 3 0 13 71049 -1 -1 -1 -1 -1 -1)
#(0 32 130 32 0 1 0 33 175916 -1 -1 -1 -1 -1 -1)
#(0 32 132 26 0 2 1 81 431627 -1 -1 -1 -1 -1 -1)
#(0 32 133 40 0 2 0 54 287197 -1 -1 -1 -1 -1 -1)
#(0 32 134 43 0 1 0 35 187093 -1 -1 -1 -1 -1 -1)
#(0 32 135 33 0 2 0 1 6987 -1 -1 -1 -1 -1 -1)
#(0 32 136 42 0 1 0 17 91952 -1 -1 -1 -1 -1 -1)
#(0 32 137 50 0 1 1 82 435663 -1 -1 -1 -1 -1 -1)
#(2 32 137 -1 -1 -1 -1 -1 -1 5 -1 -1 -1 -1 -1)
#(0 32 138 21 0 2 1 24 130963 -1 -1 -1 -1 -1 -1)
#(4 32 138 -1 0 -1 -1 -1 -1 6 0 0 0 0 -1)
#(0 32 139 33 0 3 0 7 38662 -1 -1 -1 -1 -1 -1)
#(0 32 511 25 0 0 1 59 316391 -1 -1 -1 -1 -1 -1)
#(0 32 524 34 0 0 0 59 312110 -1 -1 -1 -1 -1 -1)
#(0 32 525 23 0 0 1 87 464250 -1 -1 -1 -1 -1 -1)
#(0 32 526 25 0 0 0 51 269698 -1 -1 -1 -1 -1 -1)
#(0 32 527 23 0 0 0 7 37339 -1 -1 -1 -1 -1 -1)
#(0 32 528 24 0 0 0 53 280241 -1 -1 -1 -1 -1 -1)
#(0 32 529 20 0 0 1 74 395681 -1 -1 -1 -1 -1 -1)
#(0 32 530 27 0 0 0 86 454515 -1 -1 -1 -1 -1 -1)
#(0 32 531 25 0 0 0 43 227441 -1 -1 -1 -1 -1 -1)
#(0 32 532 23 0 0 0 23 121819 -1 -1 -1 -1 -1 -1)
#(0 32 533 29 0 0 0 19 100789 -1 -1 -1 -1 -1 -1)
#(0 32 137630 29 1 2 1 64 341726 119626 -1 -1 -1 -1 -1)
#(0 32 137642 55 1 1 1 43 229450 119626 -1 -1 -1 -1 -1)
#(0 32 137643 41 1 1 1 80 425485 119626 -1 -1 -1 -1 -1)
#(0 32 137644 20 1 2 1 59 315753 119626 -1 -1 -1 -1 -1)
#(0 32 137645 29 1 2 0 40 212730 119626 -1 -1 -1 -1 -1)
#(0 32 137646 20 1 3 0 10 53833 119626 -1 -1 -1 -1 -1)
#(0 32 137647 38 1 1 0 59 313501 119626 -1 -1 -1 -1 -1)
#(0 32 137648 20 1 2 0 5 27428 119626 -1 -1 -1 -1 -1)
#(0 32 137993 25 1 0 1 93 495899 119626 -1 -1 -1 -1 -1)
#(0 32 137995 28 1 0 1 54 289942 119626 -1 -1 -1 -1 -1)
#(0 32 138004 20 1 0 0 10 53127 119626 -1 -1 -1 -1 -1)
#(0 32 138005 27 1 0 1 73 390257 119626 -1 -1 -1 -1 -1)
#(0 32 138006 23 1 0 0 28 148232 119626 -1 -1 -1 -1 -1)
#(0 32 138007 26 1 0 1 37 200195 119626 -1 -1 -1 -1 -1)
#(0 32 138008 27 1 0 0 49 259184 119626 -1 -1 -1 -1 -1)
#(0 32 138009 27 1 0 1 94 501142 119626 -1 -1 -1 -1 -1)
#(0 32 138010 26 1 0 1 50 268848 119626 -1 -1 -1 -1 -1)
#(0 32 138012 26 1 0 0 23 121873 119626 -1 -1 -1 -1 -1)
#(0 32 138013 23 1 0 1 41 221386 119626 -1 -1 -1 -1 -1)
#(0 32 138014 28 1 0 0 32 169412 119626 -1 -1 -1 -1 -1)
#(0 32 138015 28 1 0 1 30 163228 119626 -1 -1 -1 -1 -1)
#(0 32 138016 28 1 0 1 95 506428 119626 -1 -1 -1 -1 -1)
#(0 32 138017 29 1 0 1 64 342731 119626 -1 -1 -1 -1 -1)
#(0 32 275149 41 2 1 1 84 446670 239253 -1 -1 -1 -1 -1)
#(0 32 275166 43 2 2 0 54 287321 239253 -1 -1 -1 -1 -1)
#(0 32 275167 42 2 3 0 12 65668 239253 -1 -1 -1 -1 -1)
#(0 32 275168 32 2 2 1 79 420767 239253 -1 -1 -1 -1 -1)
#(0 32 275169 35 2 1 0 60 318582 239253 -1 -1 -1 -1 -1)
#(0 32 275170 32 2 1 1 74 394342 239253 -1 -1 -1 -1 -1)
#(0 32 275171 31 2 2 1 69 368016 239253 -1 -1 -1 -1 -1)
#(0 32 275172 31 2 2 0 63 334230 239253 -1 -1 -1 -1 -1)
#(0 32 275173 40 2 1 0 2 12601 239253 -1 -1 -1 -1 -1)
#(0 32 275174 28 2 2 0 24 128192 239253 -1 -1 -1 -1 -1)
#(4 32 275174 -1 2 -1 -1 -1 -1 239257 0 0 0 0 -1)
#(0 32 275175 32 2 1 1 41 220118 239253 -1 -1 -1 -1 -1)
#(0 32 275176 39 2 3 0 57 302974 239253 -1 -1 -1 -1 -1)
#(0 32 275555 20 2 0 0 22 116477 239253 -1 -1 -1 -1 -1)
#(0 32 275556 26 2 0 0 17 90209 239253 -1 -1 -1 -1 -1)
#(0 32 275557 23 2 0 0 13 69033 239253 -1 -1 -1 -1 -1)
#(0 32 275558 20 2 0 1 58 311183 239253 -1 -1 -1 -1 -1)
#(0 32 275560 30 2 0 0 19 100810 239253 -1 -1 -1 -1 -1)
#(0 32 275561 27 2 0 0 44 232770 239253 -1 -1 -1 -1 -1)
#(0 32 275562 29 2 0 0 18 95523 239253 -1 -1 -1 -1 -1)
#(0 32 275563 30 2 0 1 93 495815 239253 -1 -1 -1 -1 -1)
#(0 32 275565 28 2 0 0 32 169413 239253 -1 -1 -1 -1 -1)
#(0 32 275566 23 2 0 0 1 5645 239253 -1 -1 -1 -1 -1)
#(0 32 412273 30 3 2 0 14 75516 359592 -1 -1 -1 -1 -1)
#(0 32 412277 30 3 2 1 58 310002 359592 -1 -1 -1 -1 -1)
#(0 32 412282 26 3 2 1 77 410454 359592 -1 -1 -1 -1 -1)
#(0 32 412284 38 3 1 1 90 478501 359592 -1 -1 -1 -1 -1)
#(0 32 412285 48 3 2 1 55 293114 359592 -1 -1 -1 -1 -1)
#(4 32 412285 -1 3 -1 -1 -1 -1 359599 0 0 0 0 -1)
#(0 32 412286 44 3 3 0 57 303222 359592 -1 -1 -1 -1 -1)
#(0 32 412287 30 3 2 1 97 515862 359592 -1 -1 -1 -1 -1)
#(0 32 412288 46 3 3 1 89 472810 359592 -1 -1 -1 -1 -1)
#(0 32 412289 26 3 2 0 52 275924 359592 -1 -1 -1 -1 -1)
#(0 32 412290 32 3 2 0 20 107304 359592 -1 -1 -1 -1 -1)
#(0 32 412291 33 3 2 1 78 415424 359592 -1 -1 -1 -1 -1)
#(0 32 412617 25 3 0 0 41 216879 359592 -1 -1 -1 -1 -1)
#(0 32 412629 21 3 0 0 14 74270 359592 -1 -1 -1 -1 -1)
#(0 32 412635 26 3 0 1 44 237158 359592 -1 -1 -1 -1 -1)
#(0 32 412636 27 3 0 0 12 63817 359592 -1 -1 -1 -1 -1)
#(0 32 412637 24 3 0 1 75 400868 359592 -1 -1 -1 -1 -1)
#(0 32 412638 32 3 0 1 80 427136 359592 -1 -1 -1 -1 -1)
#(0 32 412639 34 3 0 1 90 479895 359592 -1 -1 -1 -1 -1)
#(0 32 412640 27 3 0 1 49 263543 359592 -1 -1 -1 -1 -1)
#(0 32 412641 23 3 0 0 31 164065 359592 -1 -1 -1 -1 -1)
#(0 32 412642 23 3 0 0 58 306624 359592 -1 -1 -1 -1 -1)
#(0 32 412643 20 3 0 0 6 32010 359592 -1 -1 -1 -1 -1)
#(0 32 412645 20 3 0 0 23 121765 359592 -1 -1 -1 -1 -1)
#(0 32 412646 27 3 0 0 48 253882 359592 -1 -1 -1 -1 -1)
#(0 32 412647 26 3 0 1 69 369182 359592 -1 -1 -1 -1 -1)
#(0 32 412648 20 3 0 0 21 111200 359592 -1 -1 -1 -1 -1)
#(0 33 116 32 0 2 1 80 426005 -1 -1 -1 -1 -1 -1)
#(0 33 129 25 0 2 1 92 489833 -1 -1 -1 -1 -1 -1)
#(0 33 140 41 0 3 1 63 335804 -1 -1 -1 -1 -1 -1)
#(0 33 141 35 0 2 0 6 33505 -1 -1 -1 -1 -1 -1)
#(0 33 142 20 0 2 1 59 315755 -1 -1 -1 -1 -1 -1)
#(0 33 143 47 0 1 1 38 203408 -1 -1 -1 -1 -1 -1)
#(0 33 144 28 0 2 0 8 43695 -1 -1 -1 -1 -1 -1)
#(0 33 145 48 0 1 0 14 76425 -1 -1 -1 -1 -1 -1)
#(0 33 146 34 0 2 1 98 520981 -1 -1 -1 -1 -1 -1)
#(0 33 147 26 0 2 1 87 463291 -1 -1 -1 -1 -1 -1)
#(0 33 148 51 0 1 1 18 97671 -1 -1 -1 -1 -1 -1)
#(0 33 149 44 0 1 1 58 309208 -1 -1 -1 -1 -1 -1)
#(0 33 534 27 0 0 1 38 205466 -1 -1 -1 -1 -1 -1)
#(0 33 535 30 0 0 0 3 16359 -1 -1 -1 -1 -1 -1)
#(0 33 536 22 0 0 1 84 448428 -1 -1 -1 -1 -1 -1)
#(0 33 537 26 0 0 0 30 158831 -1 -1 -1 -1 -1 -1)
#(0 33 538 27 0 0 1 73 390265 -1 -1 -1 -1 -1 -1)
#(0 33 539 29 0 0 1 14 78724 -1 -1 -1 -1 -1 -1)
#(0 33 540 30 0 0 1 42 226549 -1 -1 -1 -1 -1 -1)
#(0 33 137638 29 1 2 1 79 421018 119626 -1 -1 -1 -1 -1)
#(0 33 137649 36 1 1 0 14 75783 119626 -1 -1 -1 -1 -1)
#(0 33 137650 47 1 3 0 11 60537 119626 -1 -1 -1 -1 -1)
#(0 33 137651 51 1 1 0 1 7935 119626 -1 -1 -1 -1 -1)
#(0 33 137652 46 1 3 1 57 303862 119626 -1 -1 -1 -1 -1)
#(0 33 137654 44 1 1 0 12 65669 119626 -1 -1 -1 -1 -1)
#(0 33 137655 37 1 1 1 56 299052 119626 -1 -1 -1 -1 -1)
#(0 33 137656 40 1 1 0 3 17968 119626 -1 -1 -1 -1 -1)
#(0 33 137657 28 1 2 1 64 341820 119626 -1 -1 -1 -1 -1)
#(0 33 137658 27 1 2 1 68 362947 119626 -1 -1 -1 -1 -1)
#(0 33 137659 33 1 1 0 54 286838 119626 -1 -1 -1 -1 -1)
#(0 33 137660 26 1 2 0 22 117493 119626 -1 -1 -1 -1 -1)
#(0 33 137662 20 1 2 0 33 175283 119626 -1 -1 -1 -1 -1)
#(0 33 137663 32 1 3 1 80 426026 119626 -1 -1 -1 -1 -1)
#(0 33 137664 54 1 1 1 92 488239 119626 -1 -1 -1 -1 -1)
#(0 33 137666 32 1 2 1 47 251709 119626 -1 -1 -1 -1 -1)
#(0 33 137667 39 1 1 1 71 378137 119626 -1 -1 -1 -1 -1)
#(0 33 138011 20 1 0 1 73 390380 119626 -1 -1 -1 -1 -1)
#(0 33 138018 29 1 0 0 19 100823 119626 -1 -1 -1 -1 -1)
#(0 33 138019 20 1 0 0 15 79534 119626 -1 -1 -1 -1 -1)
#(0 33 138020 27 1 0 1 45 242422 119626 -1 -1 -1 -1 -1)
#(0 33 138021 19 1 0 0 46 243207 119626 -1 -1 -1 -1 -1)
#(0 33 138022 22 1 0 0 23 121789 119626 -1 -1 -1 -1 -1)
#(0 33 138023 23 1 0 0 30 158778 119626 -1 -1 -1 -1 -1)
#(0 33 138024 32 1 0 1 52 279311 119626 -1 -1 -1 -1 -1)
#(0 33 138025 25 1 0 0 42 222159 119626 -1 -1 -1 -1 -1)
#(0 33 275177 42 2 1 0 30 160640 239253 -1 -1 -1 -1 -1)
#(0 33 275179 32 2 2 0 15 80860 239253 -1 -1 -1 -1 -1)
#(0 33 275180 30 2 2 1 55 294090 239253 -1 -1 -1 -1 -1)
#(0 33 275181 32 2 2 0 29 154765 239253 -1 -1 -1 -1 -1)
#(0 33 275182 52 2 2 0 35 187530 239253 -1 -1 -1 -1 -1)
#(0 33 275183 22 2 3 0 43 228196 239253 -1 -1 -1 -1 -1)
#(0 33 275184 28 2 2 0 19 101738 239253 -1 -1 -1 -1 -1)
#(0 33 275185 35 2 2 0 31 165489 239253 -1 -1 -1 -1 -1)
#(0 33 275186 31 2 2 0 26 138869 239253 -1 -1 -1 -1 -1)
#(0 33 275188 20 2 2 0 27 143594 239253 -1 -1 -1 -1 -1)
#(0 33 275559 19 2 0 0 67 354085 239253 -1 -1 -1 -1 -1)
#(0 33 275564 20 2 0 1 93 496004 239253 -1 -1 -1 -1 -1)
#(0 33 275568 25 2 0 0 12 63780 239253 -1 -1 -1 -1 -1)
#(0 33 275569 25 2 0 1 86 458947 239253 -1 -1 -1 -1 -1)
#(0 33 275570 29 2 0 0 35 185293 239253 -1 -1 -1 -1 -1)
#(0 33 275571 25 2 0 1 91 485344 239253 -1 -1 -1 -1 -1)
#(0 33 275572 20 2 0 1 98 522387 239253 -1 -1 -1 -1 -1)
#(0 33 275573 23 2 0 0 29 153501 239253 -1 -1 -1 -1 -1)
#(0 33 275574 30 2 0 1 64 342695 239253 -1 -1 -1 -1 -1)
#(0 33 275575 20 2 0 0 7 37281 239253 -1 -1 -1 -1 -1)
#(0 33 275576 23 2 0 0 51 269654 239253 -1 -1 -1 -1 -1)
#(0 33 275577 23 2 0 0 0 366 239253 -1 -1 -1 -1 -1)
#(0 33 412283 26 3 2 1 77 410480 359592 -1 -1 -1 -1 -1)
#(0 33 412292 35 3 2 1 90 478714 359592 -1 -1 -1 -1 -1)
#(0 33 412293 21 3 2 0 73 386500 359592 -1 -1 -1 -1 -1)
#(0 33 412294 56 3 1 0 9 50419 359592 -1 -1 -1 -1 -1)
#(0 33 412295 21 3 2 0 21 111943 359592 -1 -1 -1 -1 -1)
#(0 33 412296 26 3 2 0 16 85798 359592 -1 -1 -1 -1 -1)
#(0 33 412298 32 3 2 0 47 249805 359592 -1 -1 -1 -1 -1)
#(0 33 412300 55 3 1 0 26 140108 359592 -1 -1 -1 -1 -1)
#(0 33 412301 36 3 1 1 37 198822 359592 -1 -1 -1 -1 -1)
#(0 33 412649 28 3 0 0 46 243364 359592 -1 -1 -1 -1 -1)
#(0 33 412650 32 3 0 1 53 284568 359592 -1 -1 -1 -1 -1)
#(0 33 412651 25 3 0 1 43 231902 359592 -1 -1 -1 -1 -1)
#(0 33 412652 27 3 0 0 7 37418 359592 -1 -1 -1 -1 -1)
#(0 33 412653 20 3 0 0 0 329 359592 -1 -1 -1 -1 -1)
#(0 33 412654 27 3 0 0 39 206378 359592 -1 -1 -1 -1 -1)
#(0 33 412655 20 3 0 1 89 474865 359592 -1 -1 -1 -1 -1)
#(0 33 412656 23 3 0 0 13 69025 359592 -1 -1 -1 -1 -1)
#(0 33 412657 30 3 0 0 35 185313 359592 -1 -1 -1 -1 -1)
#(0 33 412658 24 3 0 0 37 195766 359592 -1 -1 -1 -1 -1)
#(0 33 412659 18 3 0 0 31 163969 359592 -1 -1 -1 -1 -1)
#(0 33 412660 29 3 0 1 95 506389 359592 -1 -1 -1 -1 -1)
#(0 33 412661 34 3 0 1 27 147273 359592 -1 -1 -1 -1 -1)
#(0 33 412662 20 3 0 1 97 517117 359592 -1 -1 -1 -1 -1)
#(0 33 412663 23 3 0 1 67 358660 359592 -1 -1 -1 -1 -1)
#(0 33 412664 30 3 0 1 71 379655 359592 -1 -1 -1 -1 -1)
#(0 33 412665 25 3 0 1 85 453681 359592 -1 -1 -1 -1 -1)
#(0 34 131 25 0 3 1 92 489914 -1 -1 -1 -1 -1 -1)
#(0 34 150 38 0 3 0 15 81162 -1 -1 -1 -1 -1 -1)
#(0 34 151 29 0 2 1 86 457868 -1 -1 -1 -1 -1 -1)
#(0 34 152 42 0 3 1 54 288260 -1 -1 -1 -1 -1 -1)
#(0 34 153 44 0 3 0 52 276869 -1 -1 -1 -1 -1 -1)
#(0 34 154 39 0 3 0 35 186849 -1 -1 -1 -1 -1 -1)
#(0 34 155 20 0 2 1 89 474147 -1 -1 -1 -1 -1 -1)
#(0 34 156 32 0 2 0 49 260409 -1 -1 -1 -1 -1 -1)
#(0 34 157 49 0 2 1 47 250909 -1 -1 -1 -1 -1 -1)
#(0 34 158 31 0 2 0 44 233938 -1 -1 -1 -1 -1 -1)
#(0 34 159 38 0 1 1 93 494304 -1 -1 -1 -1 -1 -1)
#(0 34 160 43 0 3 1 88 467686 -1 -1 -1 -1 -1 -1)
#(0 34 161 36 0 2 0 28 149674 -1 -1 -1 -1 -1 -1)
#(0 34 162 38 0 1 0 12 65304 -1 -1 -1 -1 -1 -1)
#(0 34 163 47 0 1 0 72 382537 -1 -1 -1 -1 -1 -1)
#(2 34 520 -1 -1 -1 -1 -1 -1 4 -1 -1 -1 -1 -1)
#(0 34 541 28 0 0 0 40 211689 -1 -1 -1 -1 -1 -1)
#(0 34 542 20 0 0 0 18 95374 -1 -1 -1 -1 -1 -1)
#(0 34 543 27 0 0 0 14 74372 -1 -1 -1 -1 -1 -1)
#(0 34 544 34 0 0 0 67 354335 -1 -1 -1 -1 -1 -1)
#(0 34 545 26 0 0 0 22 116589 -1 -1 -1 -1 -1 -1)
#(0 34 546 20 0 0 0 26 137604 -1 -1 -1 -1 -1 -1)
#(0 34 547 26 0 0 0 52 274984 -1 -1 -1 -1 -1 -1)
#(0 34 548 32 0 0 1 65 347950 -1 -1 -1 -1 -1 -1)
#(0 34 549 28 0 0 1 78 416653 -1 -1 -1 -1 -1 -1)
#(0 34 550 20 0 0 1 74 395676 -1 -1 -1 -1 -1 -1)
#(0 34 551 20 0 0 1 92 490720 -1 -1 -1 -1 -1 -1)
#(0 34 552 28 0 0 0 51 269729 -1 -1 -1 -1 -1 -1)
#(0 34 553 24 0 0 0 30 158789 -1 -1 -1 -1 -1 -1)
#(0 34 555 27 0 0 0 34 179953 -1 -1 -1 -1 -1 -1)
#(0 34 137653 20 1 0 0 5 27390 119626 -1 -1 -1 -1 -1)
#(0 34 137661 35 1 2 0 3 17621 119626 -1 -1 -1 -1 -1)
#(0 34 137665 26 1 2 0 59 312855 119626 -1 -1 -1 -1 -1)
#(0 34 137668 48 1 1 0 34 181997 119626 -1 -1 -1 -1 -1)
#(0 34 137669 26 1 2 0 35 186186 119626 -1 -1 -1 -1 -1)
#(0 34 137671 36 1 1 1 70 372921 119626 -1 -1 -1 -1 -1)
#(0 34 137672 37 1 1 1 84 446887 119626 -1 -1 -1 -1 -1)
#(0 34 137673 20 1 2 0 45 238642 119626 -1 -1 -1 -1 -1)
#(0 34 137674 52 1 1 0 20 108302 119626 -1 -1 -1 -1 -1)
#(0 34 137675 40 1 1 1 72 383360 119626 -1 -1 -1 -1 -1)
#(0 34 137677 48 1 2 0 0 2506 119626 -1 -1 -1 -1 -1)
#(3 34 137677 -1 1 -1 -1 -1 -1 119630 -1 -1 -1 -1 3)
#(0 34 137678 20 1 2 1 75 400243 119626 -1 -1 -1 -1 -1)
#(0 34 137679 28 1 2 0 60 318218 119626 -1 -1 -1 -1 -1)
#(0 34 137680 35 1 3 1 53 283277 119626 -1 -1 -1 -1 -1)
#(0 34 137683 47 1 1 0 39 208366 119626 -1 -1 -1 -1 -1)
#(0 34 138026 19 1 0 1 73 390414 119626 -1 -1 -1 -1 -1)
#(0 34 138027 29 1 0 0 9 48019 119626 -1 -1 -1 -1 -1)
#(0 34 138028 32 1 0 1 69 369038 119626 -1 -1 -1 -1 -1)
#(0 34 138029 27 1 0 1 94 501128 119626 -1 -1 -1 -1 -1)
#(0 34 138030 26 1 0 1 35 189647 119626 -1 -1 -1 -1 -1)
#(0 34 138032 25 1 0 1 68 363918 119626 -1 -1 -1 -1 -1)
#(0 34 138033 22 1 0 1 64 342836 119626 -1 -1 -1 -1 -1)
#(0 34 138034 26 1 0 1 42 226612 119626 -1 -1 -1 -1 -1)
#(0 34 138035 29 1 0 1 44 237125 119626 -1 -1 -1 -1 -1)
#(0 34 275178 38 2 1 0 30 160321 239253 -1 -1 -1 -1 -1)
#(0 34 275187 33 2 2 0 15 80888 239253 -1 -1 -1 -1 -1)
#(0 34 275190 33 2 1 1 88 468142 239253 -1 -1 -1 -1 -1)
#(0 34 275192 32 2 2 0 2 12161 239253 -1 -1 -1 -1 -1)
#(0 34 275193 20 2 2 1 53 284065 239253 -1 -1 -1 -1 -1)
#(0 34 275194 50 2 3 0 59 314095 239253 -1 -1 -1 -1 -1)
#(0 34 275195 28 2 2 1 55 294258 239253 -1 -1 -1 -1 -1)
#(0 34 275196 40 2 3 0 10 54910 239253 -1 -1 -1 -1 -1)
#(0 34 275197 38 2 1 0 57 302944 239253 -1 -1 -1 -1 -1)
#(0 34 275198 21 2 3 0 43 228103 239253 -1 -1 -1 -1 -1)
#(0 34 275199 20 2 2 1 61 326325 239253 -1 -1 -1 -1 -1)
#(0 34 275200 38 2 2 1 57 304304 239253 -1 -1 -1 -1 -1)
#(0 34 275201 41 2 1 1 96 510001 239253 -1 -1 -1 -1 -1)
#(0 34 275567 26 2 0 0 44 232758 239253 -1 -1 -1 -1 -1)
#(0 34 275578 26 2 0 0 25 132453 239253 -1 -1 -1 -1 -1)
#(0 34 275580 26 2 0 0 16 84914 239253 -1 -1 -1 -1 -1)
#(0 34 275581 33 2 0 1 73 390165 239253 -1 -1 -1 -1 -1)
#(0 34 275582 32 2 0 0 33 174777 239253 -1 -1 -1 -1 -1)
#(0 34 275583 28 2 0 0 2 11016 239253 -1 -1 -1 -1 -1)
#(0 34 275585 25 2 0 0 43 227456 239253 -1 -1 -1 -1 -1)
#(0 34 275586 20 2 0 1 24 131686 239253 -1 -1 -1 -1 -1)
#(0 34 275587 31 2 0 1 44 237101 239253 -1 -1 -1 -1 -1)
#(0 34 412297 32 3 1 0 20 107289 359592 -1 -1 -1 -1 -1)
#(0 34 412299 32 3 1 1 78 415448 359592 -1 -1 -1 -1 -1)
#(0 34 412302 35 3 2 1 80 425869 359592 -1 -1 -1 -1 -1)
#(0 34 412303 31 3 2 0 22 117771 359592 -1 -1 -1 -1 -1)
#(0 34 412304 28 3 2 0 17 91209 359592 -1 -1 -1 -1 -1)
#(0 34 412305 22 3 3 0 0 1106 359592 -1 -1 -1 -1 -1)
#(0 34 412306 20 3 2 1 95 505841 359592 -1 -1 -1 -1 -1)
#(0 34 412307 35 3 1 1 47 251641 359592 -1 -1 -1 -1 -1)
#(0 34 412308 50 3 1 0 58 308818 359592 -1 -1 -1 -1 -1)
#(0 34 412310 42 3 2 0 15 81365 359592 -1 -1 -1 -1 -1)
#(0 34 412311 28 3 2 1 57 304808 359592 -1 -1 -1 -1 -1)
#(0 34 412312 45 3 1 1 92 488671 359592 -1 -1 -1 -1 -1)
#(0 34 412313 47 3 1 1 91 483375 359592 -1 -1 -1 -1 -1)
#(0 34 412314 46 3 2 1 99 525635 359592 -1 -1 -1 -1 -1)
#(0 34 412315 32 3 2 1 63 336247 359592 -1 -1 -1 -1 -1)
#(0 34 412621 23 3 0 0 41 216861 359592 -1 -1 -1 -1 -1)
#(0 34 412644 19 3 0 0 6 31999 359592 -1 -1 -1 -1 -1)
#(0 34 412666 30 3 0 1 27 147345 359592 -1 -1 -1 -1 -1)
#(0 34 412667 29 3 0 1 53 284624 359592 -1 -1 -1 -1 -1)
#(0 34 412668 20 3 0 0 16 84813 359592 -1 -1 -1 -1 -1)
#(0 34 412669 23 3 0 1 64 342813 359592 -1 -1 -1 -1 -1)
#(0 34 412670 27 3 0 0 1 5725 359592 -1 -1 -1 -1 -1)
#(0 34 412671 25 3 0 0 34 179923 359592 -1 -1 -1 -1 -1)
#(0 34 412672 32 3 0 1 9 52286 359592 -1 -1 -1 -1 -1)
#(0 35 164 26 0 2 1 94 500243 -1 -1 -1 -1 -1 -1)
#(0 35 165 54 0 1 0 30 161217 -1 -1 -1 -1 -1 -1)
#(0 35 166 20 0 2 1 80 426648 -1 -1 -1 -1 -1 -1)
#(0 35 167 29 0 2 0 34 181079 -1 -1 -1 -1 -1 -1)
#(0 35 168 28 0 2 0 15 80602 -1 -1 -1 -1 -1 -1)
#(0 35 169 20 0 2 0 20 106645 -1 -1 -1 -1 -1 -1)
#(0 35 170 21 0 2 0 10 53855 -1 -1 -1 -1 -1 -1)
#(0 35 171 48 0 1 0 5 28906 -1 -1 -1 -1 -1 -1)
#(0 35 173 35 0 2 1 50 267487 -1 -1 -1 -1 -1 -1)
#(0 35 174 20 0 3 1 88 468907 -1 -1 -1 -1 -1 -1)
#(0 35 175 34 0 1 0 16 86225 -1 -1 -1 -1 -1 -1)
#(0 35 176 41 0 3 0 50 266102 -1 -1 -1 -1 -1 -1)
#(0 35 177 31 0 2 0 3 17440 -1 -1 -1 -1 -1 -1)
#(0 35 556 20 0 0 1 59 316459 -1 -1 -1 -1 -1 -1)
#(0 35 557 25 0 0 1 91 485342 -1 -1 -1 -1 -1 -1)
#(0 35 558 29 0 0 0 0 494 -1 -1 -1 -1 -1 -1)
#(0 35 559 20 0 0 1 96 511826 -1 -1 -1 -1 -1 -1)
#(0 35 560 29 0 0 0 41 216976 -1 -1 -1 -1 -1 -1)
#(0 35 561 20 0 0 0 56 296005 -1 -1 -1 -1 -1 -1)
#(0 35 563 25 0 0 1 49 263582 -1 -1 -1 -1 -1 -1)
#(0 35 565 28 0 0 1 75 400822 -1 -1 -1 -1 -1 -1)
#(0 35 566 30 0 0 0 24 127218 -1 -1 -1 -1 -1 -1)
#(0 35 568 23 0 0 0 68 359414 -1 -1 -1 -1 -1 -1)
#(0 35 569 27 0 0 0 64 338359 -1 -1 -1 -1 -1 -1)
#(0 35 570 30 0 0 1 94 501110 -1 -1 -1 -1 -1 -1)
#(0 35 571 28 0 0 1 85 453632 -1 -1 -1 -1 -1 -1)
#(0 35 137670 26 1 2 1 64 341892 119626 -1 -1 -1 -1 -1)
#(0 35 137676 34 1 2 1 84 447073 119626 -1 -1 -1 -1 -1)
#(0 35 137682 33 1 2 1 72 383769 119626 -1 -1 -1 -1 -1)
#(0 35 137684 32 1 1 0 65 344899 119626 -1 -1 -1 -1 -1)
#(0 35 137685 29 1 2 1 79 420988 119626 -1 -1 -1 -1 -1)
#(0 35 137686 38 1 1 1 73 388728 119626 -1 -1 -1 -1 -1)
#(0 35 137687 28 1 2 1 52 278420 119626 -1 -1 -1 -1 -1)
#(0 35 137688 34 1 2 1 70 373108 119626 -1 -1 -1 -1 -1)
#(0 35 137689 46 1 1 0 18 97412 119626 -1 -1 -1 -1 -1)
#(0 35 137690 37 1 3 0 15 81092 119626 -1 -1 -1 -1 -1)
#(0 35 137691 43 1 1 0 29 155344 119626 -1 -1 -1 -1 -1)
#(0 35 137692 43 1 2 0 6 33897 119626 -1 -1 -1 -1 -1)
#(0 35 137693 28 1 2 1 78 415648 119626 -1 -1 -1 -1 -1)
#(0 35 137694 23 1 2 0 10 53899 119626 -1 -1 -1 -1 -1)
#(0 35 137695 32 1 2 0 8 43867 119626 -1 -1 -1 -1 -1)
#(0 35 138031 27 1 0 1 69 369141 119626 -1 -1 -1 -1 -1)
#(0 35 138036 32 1 0 1 87 464096 119626 -1 -1 -1 -1 -1)
#(0 35 138037 25 1 0 1 72 385022 119626 -1 -1 -1 -1 -1)
#(0 35 138038 28 1 0 0 57 301431 119626 -1 -1 -1 -1 -1)
#(0 35 138039 26 1 0 1 74 395576 119626 -1 -1 -1 -1 -1)
#(0 35 138040 20 1 0 0 23 121752 119626 -1 -1 -1 -1 -1)
#(0 35 138041 23 1 0 1 49 263628 119626 -1 -1 -1 -1 -1)
#(0 35 275189 20 2 2 0 15 80209 239253 -1 -1 -1 -1 -1)
#(0 35 275191 27 2 2 1 88 468502 239253 -1 -1 -1 -1 -1)
#(0 35 275202 31 2 1 0 59 313107 239253 -1 -1 -1 -1 -1)
#(0 35 275203 37 2 1 1 82 436293 239253 -1 -1 -1 -1 -1)
#(0 35 275204 20 2 2 1 64 342154 239253 -1 -1 -1 -1 -1)
#(0 35 275205 51 2 1 1 78 414438 239253 -1 -1 -1 -1 -1)
#(0 35 275206 36 2 1 1 56 299090 239253 -1 -1 -1 -1 -1)
#(0 35 275207 30 2 2 1 95 505339 239253 -1 -1 -1 -1 -1)
#(0 35 275208 31 2 2 1 46 246579 239253 -1 -1 -1 -1 -1)
#(0 35 275209 20 2 3 0 8 43278 239253 -1 -1 -1 -1 -1)
#(0 35 275210 21 2 2 0 41 217520 239253 -1 -1 -1 -1 -1)
#(0 35 275211 34 2 2 1 75 399458 239253 -1 -1 -1 -1 -1)
#(0 35 275212 41 2 1 0 25 134129 239253 -1 -1 -1 -1 -1)
#(0 35 275213 46 2 1 1 40 214086 239253 -1 -1 -1 -1 -1)
#(0 35 275579 24 2 0 0 0 393 239253 -1 -1 -1 -1 -1)
#(0 35 275584 27 2 0 1 73 390272 239253 -1 -1 -1 -1 -1)
#(0 35 275588 30 2 0 1 64 342674 239253 -1 -1 -1 -1 -1)
#(0 35 275589 30 2 0 1 92 490516 239253 -1 -1 -1 -1 -1)
#(0 35 275590 28 2 0 1 71 379685 239253 -1 -1 -1 -1 -1)
#(0 35 275591 25 2 0 1 65 348062 239253 -1 -1 -1 -1 -1)
#(0 35 275592 23 2 0 0 4 21506 239253 -1 -1 -1 -1 -1)
#(0 35 275593 25 2 0 1 96 511750 239253 -1 -1 -1 -1 -1)
#(0 35 275594 20 2 0 1 25 136950 239253 -1 -1 -1 -1 -1)
#(0 35 275595 20 2 0 0 58 306571 239253 -1 -1 -1 -1 -1)
#(0 35 275596 28 2 0 0 53 280305 239253 -1 -1 -1 -1 -1)
#(0 35 275597 28 2 0 1 88 469455 239253 -1 -1 -1 -1 -1)
#(0 35 275598 29 2 0 1 78 416641 239253 -1 -1 -1 -1 -1)
#(0 35 275599 29 2 0 1 90 480004 239253 -1 -1 -1 -1 -1)
#(0 35 275600 26 2 0 0 81 428101 239253 -1 -1 -1 -1 -1)
#(0 35 275601 29 2 0 1 52 279373 239253 -1 -1 -1 -1 -1)
#(0 35 275602 28 2 0 1 67 358578 239253 -1 -1 -1 -1 -1)
#(0 35 275603 24 2 0 1 59 316404 239253 -1 -1 -1 -1 -1)
#(0 35 275604 32 2 0 1 28 152606 239253 -1 -1 -1 -1 -1)
#(0 35 412309 25 3 2 0 17 91072 359592 -1 -1 -1 -1 -1)
#(0 35 412316 39 3 2 0 12 65399 359592 -1 -1 -1 -1 -1)
#(0 35 412317 31 3 2 0 72 381792 359592 -1 -1 -1 -1 -1)
#(0 35 412318 32 3 2 1 83 441815 359592 -1 -1 -1 -1 -1)
#(0 35 412319 35 3 1 1 61 325548 359592 -1 -1 -1 -1 -1)
#(0 35 412320 56 3 1 1 34 181928 359592 -1 -1 -1 -1 -1)
#(0 35 412321 43 3 2 0 28 150115 359592 -1 -1 -1 -1 -1)
#(0 35 412322 45 3 1 0 25 134347 359592 -1 -1 -1 -1 -1)
#(0 35 412323 42 3 1 1 64 341016 359592 -1 -1 -1 -1 -1)
#(0 35 412324 32 3 2 0 6 33355 359592 -1 -1 -1 -1 -1)
#(0 35 412673 20 3 0 1 45 242541 359592 -1 -1 -1 -1 -1)
#(0 35 412674 24 3 0 1 85 453674 359592 -1 -1 -1 -1 -1)
#(0 35 412675 25 3 0 1 99 527572 359592 -1 -1 -1 -1 -1)
#(0 35 412676 20 3 0 0 43 227375 359592 -1 -1 -1 -1 -1)
#(0 35 412677 28 3 0 1 75 400818 359592 -1 -1 -1 -1 -1)
#(0 35 412678 25 3 0 0 24 127119 359592 -1 -1 -1 -1 -1)
#(0 35 412679 24 3 0 0 8 42635 359592 -1 -1 -1 -1 -1)
#(0 35 412680 20 3 0 0 13 68967 359592 -1 -1 -1 -1 -1)
#(0 35 412681 29 3 0 1 60 321611 359592 -1 -1 -1 -1 -1)
#(0 35 412682 25 3 0 0 7 37362 359592 -1 -1 -1 -1 -1)
#(0 36 172 30 0 2 0 44 233832 -1 -1 -1 -1 -1 -1)
#(0 36 178 49 0 1 1 69 367032 -1 -1 -1 -1 -1 -1)
#(0 36 179 42 0 3 0 38 202817 -1 -1 -1 -1 -1 -1)
#(0 36 180 32 0 1 1 91 483908 -1 -1 -1 -1 -1 -1)
#(0 36 181 24 0 2 1 86 458026 -1 -1 -1 -1 -1 -1)
#(0 36 182 21 0 2 0 8 43295 -1 -1 -1 -1 -1 -1)
#(0 36 184 42 0 1 0 41 218661 -1 -1 -1 -1 -1 -1)
#(0 36 185 26 0 2 1 87 463360 -1 -1 -1 -1 -1 -1)
#(0 36 186 44 0 3 0 23 123695 -1 -1 -1 -1 -1 -1)
#(0 36 187 56 0 1 1 56 298083 -1 -1 -1 -1 -1 -1)
#(0 36 188 32 0 2 1 96 510499 -1 -1 -1 -1 -1 -1)
#(0 36 189 45 0 1 1 47 251072 -1 -1 -1 -1 -1 -1)
#(0 36 190 49 0 1 0 39 208514 -1 -1 -1 -1 -1 -1)
#(0 36 191 38 0 2 0 13 70608 -1 -1 -1 -1 -1 -1)
#(0 36 192 43 0 1 1 64 340964 -1 -1 -1 -1 -1 -1)
#(0 36 193 40 0 2 0 47 250212 -1 -1 -1 -1 -1 -1)
#(0 36 194 20 0 3 0 15 80229 -1 -1 -1 -1 -1 -1)
#(0 36 195 33 0 2 0 35 186496 -1 -1 -1 -1 -1 -1)
#(0 36 196 21 0 2 1 24 130868 -1 -1 -1 -1 -1 -1)
#(0 36 554 26 0 0 0 51 269726 -1 -1 -1 -1 -1 -1)
#(0 36 562 20 0 0 1 74 395667 -1 -1 -1 -1 -1 -1)
#(0 36 564 27 0 0 0 0 451 -1 -1 -1 -1 -1 -1)
#(0 36 567 23 0 0 1 91 485387 -1 -1 -1 -1 -1 -1)
#(0 36 572 25 0 0 0 52 274979 -1 -1 -1 -1 -1 -1)
#(0 36 573 26 0 0 0 16 84929 -1 -1 -1 -1 -1 -1)
#(0 36 574 23 0 0 1 66 353371 -1 -1 -1 -1 -1 -1)
#(0 36 575 30 0 0 1 71 379649 -1 -1 -1 -1 -1 -1)
#(0 36 576 32 0 0 0 35 185337 -1 -1 -1 -1 -1 -1)
#(0 36 577 25 0 0 1 93 495908 -1 -1 -1 -1 -1 -1)
#(0 36 578 34 0 0 1 60 321503 -1 -1 -1 -1 -1 -1)
#(0 36 579 20 0 0 1 48 258393 -1 -1 -1 -1 -1 -1)
#(0 36 580 24 0 0 0 22 116559 -1 -1 -1 -1 -1 -1)
#(0 36 581 25 0 0 0 2 10967 -1 -1 -1 -1 -1 -1)
#(0 36 582 29 0 0 0 20 106083 -1 -1 -1 -1 -1 -1)
#(0 36 584 23 0 0 1 90 480105 -1 -1 -1 -1 -1 -1)
#(0 36 585 34 0 0 1 33 178960 -1 -1 -1 -1 -1 -1)
#(2 36 585 -1 -1 -1 -1 -1 -1 7 -1 -1 -1 -1 -1)
#(0 36 137696 32 1 1 1 65 346775 119626 -1 -1 -1 -1 -1)
#(0 36 137697 54 1 1 1 35 187285 119626 -1 -1 -1 -1 -1)
#(0 36 137698 45 1 1 1 58 309192 119626 -1 -1 -1 -1 -1)
#(0 36 137699 36 1 3 1 89 473313 119626 -1 -1 -1 -1 -1)
#(0 36 137700 31 1 2 1 87 463026 119626 -1 -1 -1 -1 -1)
#(0 36 137701 32 1 3 1 73 389064 119626 -1 -1 -1 -1 -1)
#(0 36 137702 37 1 1 0 2 12442 119626 -1 -1 -1 -1 -1)
#(0 36 137703 20 1 2 0 7 37993 119626 -1 -1 -1 -1 -1)
#(0 36 137704 39 1 3 1 71 378101 119626 -1 -1 -1 -1 -1)
#(0 36 137705 46 1 2 0 26 139632 119626 -1 -1 -1 -1 -1)
#(0 36 137706 32 1 3 1 76 404920 119626 -1 -1 -1 -1 -1)
#(0 36 137708 38 1 2 1 20 108899 119626 -1 -1 -1 -1 -1)
#(0 36 138042 28 1 0 1 57 305751 119626 -1 -1 -1 -1 -1)
#(0 36 138043 28 1 0 1 46 247683 119626 -1 -1 -1 -1 -1)
#(0 36 138044 25 1 0 1 31 168542 119626 -1 -1 -1 -1 -1)
#(0 36 138045 20 1 0 0 10 53133 119626 -1 -1 -1 -1 -1)
#(0 36 138046 30 1 0 0 56 296192 119626 -1 -1 -1 -1 -1)
#(0 36 138048 32 1 0 1 50 268748 119626 -1 -1 -1 -1 -1)
#(0 36 138049 20 1 0 0 12 63685 119626 -1 -1 -1 -1 -1)
#(0 36 138050 23 1 0 1 64 342812 119626 -1 -1 -1 -1 -1)
#(0 36 138051 27 1 0 0 19 100761 119626 -1 -1 -1 -1 -1)
#(0 36 138052 30 1 0 0 9 48026 119626 -1 -1 -1 -1 -1)
#(0 36 138053 28 1 0 0 34 179978 119626 -1 -1 -1 -1 -1)
#(0 36 138054 26 1 0 1 67 358618 119626 -1 -1 -1 -1 -1)
#(0 36 138055 23 1 0 0 27 142933 119626 -1 -1 -1 -1 -1)
#(0 36 138056 25 1 0 0 20 105992 119626 -1 -1 -1 -1 -1)
#(0 36 138057 20 1 0 0 29 153436 119626 -1 -1 -1 -1 -1)
#(0 36 275214 21 2 2 1 61 326352 239253 -1 -1 -1 -1 -1)
#(0 36 275215 33 2 1 0 10 54548 239253 -1 -1 -1 -1 -1)
#(0 36 275216 33 2 1 0 20 107355 239253 -1 -1 -1 -1 -1)
#(0 36 275217 33 2 2 0 78 413517 239253 -1 -1 -1 -1 -1)
#(0 36 275218 30 2 2 0 33 175786 239253 -1 -1 -1 -1 -1)
#(0 36 275219 21 2 2 1 65 347428 239253 -1 -1 -1 -1 -1)
#(0 36 275220 35 2 2 1 59 314971 239253 -1 -1 -1 -1 -1)
#(0 36 275221 34 2 3 1 25 135488 239253 -1 -1 -1 -1 -1)
#(0 36 275222 22 2 2 0 43 228161 239253 -1 -1 -1 -1 -1)
#(0 36 275223 34 2 1 1 84 446987 239253 -1 -1 -1 -1 -1)
#(0 36 275224 46 2 1 1 97 515065 239253 -1 -1 -1 -1 -1)
#(0 36 275225 20 2 2 0 22 117193 239253 -1 -1 -1 -1 -1)
#(0 36 275226 45 2 1 1 86 457011 239253 -1 -1 -1 -1 -1)
#(0 36 275605 23 2 0 1 90 480116 239253 -1 -1 -1 -1 -1)
#(0 36 275606 27 2 0 1 51 274096 239253 -1 -1 -1 -1 -1)
#(0 36 275608 31 2 0 0 42 222289 239253 -1 -1 -1 -1 -1)
#(0 36 275609 28 2 0 1 74 395534 239253 -1 -1 -1 -1 -1)
#(0 36 275610 28 2 0 1 62 332182 239253 -1 -1 -1 -1 -1)
#(0 36 275611 26 2 0 0 24 127144 239253 -1 -1 -1 -1 -1)
#(0 36 275612 30 2 0 1 72 384956 239253 -1 -1 -1 -1 -1)
#(0 36 412325 36 3 1 0 22 118036 359592 -1 -1 -1 -1 -1)
#(0 36 412326 52 3 1 1 65 345765 359592 -1 -1 -1 -1 -1)
#(0 36 412327 43 3 1 0 26 139488 359592 -1 -1 -1 -1 -1)
#(0 36 412328 27 3 3 1 79 420988 359592 -1 -1 -1 -1 -1)
#(0 36 412329 29 3 2 1 55 294210 359592 -1 -1 -1 -1 -1)
#(0 36 412330 20 3 2 1 97 516398 359592 -1 -1 -1 -1 -1)
#(0 36 412331 46 3 1 1 54 288010 359592 -1 -1 -1 -1 -1)
#(0 36 412333 34 3 1 0 5 28141 359592 -1 -1 -1 -1 -1)
#(0 36 412334 34 3 2 0 35 186585 359592 -1 -1 -1 -1 -1)
#(0 36 412335 35 3 1 0 10 54647 359592 -1 -1 -1 -1 -1)
#(0 36 412336 20 3 2 0 30 159433 359592 -1 -1 -1 -1 -1)
#(0 36 412337 27 3 2 1 63 336558 359592 -1 -1 -1 -1 -1)
#(0 36 412338 27 3 2 1 77 410437 359592 -1 -1 -1 -1 -1)
#(0 36 412339 26 3 2 0 17 91101 359592 -1 -1 -1 -1 -1)
#(0 36 412340 54 3 1 0 19 103080 359592 -1 -1 -1 -1 -1)
#(0 36 412683 16 3 0 0 31 163953 359592 -1 -1 -1 -1 -1)
#(0 36 412684 26 3 0 1 44 237148 359592 -1 -1 -1 -1 -1)
#(0 36 412685 28 3 0 0 59 311997 359592 -1 -1 -1 -1 -1)
#(0 36 412686 23 3 0 0 2 10941 359592 -1 -1 -1 -1 -1)
#(0 36 412687 20 3 0 1 34 184472 359592 -1 -1 -1 -1 -1)
#(0 36 412688 23 3 0 1 72 385061 359592 -1 -1 -1 -1 -1)
#(0 36 412690 24 3 0 1 75 400894 359592 -1 -1 -1 -1 -1)
#(0 36 412691 28 3 0 1 58 311062 359592 -1 -1 -1 -1 -1)
#(0 36 412692 30 3 0 0 83 438737 359592 -1 -1 -1 -1 -1)
#(0 37 197 39 0 1 1 79 420355 -1 -1 -1 -1 -1 -1)
#(0 37 198 20 0 2 0 56 296740 -1 -1 -1 -1 -1 -1)
#(0 37 199 32 0 1 0 19 102011 -1 -1 -1 -1 -1 -1)
#(0 37 200 26 0 2 0 45 238933 -1 -1 -1 -1 -1 -1)
#(0 37 201 25 0 2 1 94 500256 -1 -1 -1 -1 -1 -1)
#(0 37 202 31 0 2 1 74 394379 -1 -1 -1 -1 -1 -1)
#(0 37 203 37 0 1 0 23 123394 -1 -1 -1 -1 -1 -1)
#(0 37 204 32 0 1 1 97 515743 -1 -1 -1 -1 -1 -1)
#(0 37 205 48 0 3 1 72 382934 -1 -1 -1 -1 -1 -1)
#(0 37 206 47 0 3 0 61 324495 -1 -1 -1 -1 -1 -1)
#(0 37 207 36 0 1 1 99 526182 -1 -1 -1 -1 -1 -1)
#(0 37 208 32 0 2 1 71 378521 -1 -1 -1 -1 -1 -1)
#(0 37 209 21 0 3 1 80 426642 -1 -1 -1 -1 -1 -1)
#(0 37 583 26 0 0 0 35 185228 -1 -1 -1 -1 -1 -1)
#(0 37 586 29 0 0 0 38 201129 -1 -1 -1 -1 -1 -1)
#(0 37 587 28 0 0 1 83 443049 -1 -1 -1 -1 -1 -1)
#(0 37 588 26 0 0 1 77 411417 -1 -1 -1 -1 -1 -1)
#(0 37 589 30 0 0 0 4 21611 -1 -1 -1 -1 -1 -1)
#(0 37 590 32 0 0 1 62 332118 -1 -1 -1 -1 -1 -1)
#(0 37 591 26 0 0 1 45 242458 -1 -1 -1 -1 -1 -1)
#(0 37 592 34 0 0 0 21 111424 -1 -1 -1 -1 -1 -1)
#(0 37 593 29 0 0 0 27 143022 -1 -1 -1 -1 -1 -1)
#(2 37 593 -1 -1 -1 -1 -1 -1 8 -1 -1 -1 -1 -1)
#(0 37 137681 34 1 2 1 84 447011 119626 -1 -1 -1 -1 -1)
#(0 37 137707 20 1 3 1 71 379142 119626 -1 -1 -1 -1 -1)
#(0 37 137709 26 1 2 0 35 186166 119626 -1 -1 -1 -1 -1)
#(0 37 137710 51 1 1 1 85 451390 119626 -1 -1 -1 -1 -1)
#(0 37 137711 33 1 1 1 89 473405 119626 -1 -1 -1 -1 -1)
#(0 37 137712 57 1 3 1 41 218824 119626 -1 -1 -1 -1 -1)
#(0 37 137713 21 1 2 0 45 238703 119626 -1 -1 -1 -1 -1)
#(0 37 137714 35 1 1 0 14 75799 119626 -1 -1 -1 -1 -1)
#(0 37 137715 38 1 1 0 4 23130 119626 -1 -1 -1 -1 -1)
#(0 37 137716 41 1 3 1 74 393805 119626 -1 -1 -1 -1 -1)
#(0 37 137717 45 1 2 0 9 49828 119626 -1 -1 -1 -1 -1)
#(0 37 137718 38 1 1 1 55 293724 119626 -1 -1 -1 -1 -1)
#(0 37 137719 31 1 2 1 81 431337 119626 -1 -1 -1 -1 -1)
#(0 37 137720 21 1 2 0 43 228078 119626 -1 -1 -1 -1 -1)
#(0 37 137721 32 1 2 0 19 101962 119626 -1 -1 -1 -1 -1)
#(0 37 137722 30 1 2 1 29 156833 119626 -1 -1 -1 -1 -1)
#(0 37 137723 27 1 2 1 77 410465 119626 -1 -1 -1 -1 -1)
#(0 37 137724 26 1 2 0 58 307571 119626 -1 -1 -1 -1 -1)
#(0 37 138047 23 1 0 1 49 263618 119626 -1 -1 -1 -1 -1)
#(0 37 138058 20 1 0 0 48 253775 119626 -1 -1 -1 -1 -1)
#(0 37 138059 32 1 0 0 76 401823 119626 -1 -1 -1 -1 -1)
#(0 37 138060 23 1 0 1 41 221373 119626 -1 -1 -1 -1 -1)
#(0 37 138061 25 1 0 0 5 26818 119626 -1 -1 -1 -1 -1)
#(0 37 138062 29 1 0 0 1 5769 119626 -1 -1 -1 -1 -1)
#(0 37 138063 34 1 0 0 13 69217 119626 -1 -1 -1 -1 -1)
#(0 37 138064 30 1 0 0 57 301459 119626 -1 -1 -1 -1 -1)
#(0 37 138065 32 1 0 1 79 421870 119626 -1 -1 -1 -1 -1)
#(0 37 138066 25 1 0 1 66 353354 119626 -1 -1 -1 -1 -1)
#(0 37 138067 20 1 0 1 99 527672 119626 -1 -1 -1 -1 -1)
#(0 37 138068 25 1 0 0 32 169358 119626 -1 -1 -1 -1 -1)
#(0 37 138069 28 1 0 1 45 242417 119626 -1 -1 -1 -1 -1)
#(0 37 275227 33 2 2 0 20 107279 239253 -1 -1 -1 -1 -1)
#(0 37 275228 27 2 2 0 47 249545 239253 -1 -1 -1 -1 -1)
#(0 37 275229 47 2 1 0 3 18249 239253 -1 -1 -1 -1 -1)
#(0 37 275230 42 2 1 0 76 403463 239253 -1 -1 -1 -1 -1)
#(0 37 275231 37 2 1 1 32 172320 239253 -1 -1 -1 -1 -1)
#(0 37 275232 37 2 2 1 73 388823 239253 -1 -1 -1 -1 -1)
#(0 37 275233 20 2 2 1 60 321051 239253 -1 -1 -1 -1 -1)
#(0 37 275235 52 2 3 0 45 240306 239253 -1 -1 -1 -1 -1)
#(0 37 275236 42 2 1 1 77 409645 239253 -1 -1 -1 -1 -1)
#(0 37 275607 29 2 0 1 78 416617 239253 -1 -1 -1 -1 -1)
#(0 37 275613 21 2 0 1 93 495957 239253 -1 -1 -1 -1 -1)
#(0 37 275614 32 2 0 0 41 217031 239253 -1 -1 -1 -1 -1)
#(0 37 275615 31 2 0 0 3 16370 239253 -1 -1 -1 -1 -1)
#(0 37 275616 20 2 0 1 92 490698 239253 -1 -1 -1 -1 -1)
#(0 37 275618 27 2 0 0 63 333093 239253 -1 -1 -1 -1 -1)
#(0 37 275619 23 2 0 1 51 274182 239253 -1 -1 -1 -1 -1)
#(0 37 275620 27 2 0 1 75 400829 239253 -1 -1 -1 -1 -1)
#(0 37 275621 20 2 0 1 55 295352 239253 -1 -1 -1 -1 -1)
#(0 37 275622 26 2 0 0 50 264425 239253 -1 -1 -1 -1 -1)
#(0 37 275623 29 2 0 0 42 222238 239253 -1 -1 -1 -1 -1)
#(0 37 275624 28 2 0 1 84 448335 239253 -1 -1 -1 -1 -1)
#(0 37 275625 25 2 0 0 29 153523 239253 -1 -1 -1 -1 -1)
#(0 37 412332 42 3 1 1 65 346294 359592 -1 -1 -1 -1 -1)
#(0 37 412341 34 3 3 0 6 33468 359592 -1 -1 -1 -1 -1)
#(0 37 412342 31 3 2 1 68 362705 359592 -1 -1 -1 -1 -1)
#(0 37 412343 32 3 1 1 23 124998 359592 -1 -1 -1 -1 -1)
#(0 37 412344 37 3 1 0 46 244797 359592 -1 -1 -1 -1 -1)
#(0 37 412345 30 3 2 0 22 117784 359592 -1 -1 -1 -1 -1)
#(0 37 412347 24 3 3 1 49 262681 359592 -1 -1 -1 -1 -1)
#(0 37 412348 42 3 3 1 44 235417 359592 -1 -1 -1 -1 -1)
#(0 37 412349 41 3 1 1 66 351667 359592 -1 -1 -1 -1 -1)
#(0 37 412350 20 3 2 1 39 210166 359592 -1 -1 -1 -1 -1)
#(0 37 412351 33 3 2 1 90 478779 359592 -1 -1 -1 -1 -1)
#(0 37 412353 38 3 3 1 93 494349 359592 -1 -1 -1 -1 -1)
#(0 37 412354 20 3 3 1 78 416098 359592 -1 -1 -1 -1 -1)
#(0 37 412355 43 3 3 1 89 472948 359592 -1 -1 -1 -1 -1)
#(0 37 412689 15 3 0 0 31 163924 359592 -1 -1 -1 -1 -1)
#(0 37 412693 20 3 0 1 45 242533 359592 -1 -1 -1 -1 -1)
#(0 37 412694 29 3 0 0 56 296182 359592 -1 -1 -1 -1 -1)
#(0 37 412695 26 3 0 0 51 269721 359592 -1 -1 -1 -1 -1)
#(0 37 412696 20 3 0 0 33 174575 359592 -1 -1 -1 -1 -1)
#(0 37 412697 26 3 0 0 59 311946 359592 -1 -1 -1 -1 -1)
#(0 37 412698 25 3 0 1 67 358609 359592 -1 -1 -1 -1 -1)
#(0 37 412699 27 3 0 1 76 406102 359592 -1 -1 -1 -1 -1)
#(0 37 412700 24 3 0 0 27 142964 359592 -1 -1 -1 -1 -1)
#(0 37 412701 30 3 0 0 35 185312 359592 -1 -1 -1 -1 -1)
#(0 37 412702 24 3 0 0 41 216879 359592 -1 -1 -1 -1 -1)
#(0 37 412703 26 3 0 1 66 353331 359592 -1 -1 -1 -1 -1)
#(0 37 412704 27 3 0 1 78 416668 359592 -1 -1 -1 -1 -1)
#(0 37 412705 29 3 0 0 11 58564 359592 -1 -1 -1 -1 -1)
#(0 37 412706 25 3 0 0 14 74320 359592 -1 -1 -1 -1 -1)
#(0 37 412707 30 3 0 1 48 258223 359592 -1 -1 -1 -1 -1)
#(0 37 412708 30 3 0 0 19 100818 359592 -1 -1 -1 -1 -1)
#(0 37 412709 30 3 0 0 9 48012 359592 -1 -1 -1 -1 -1)
#(0 38 183 22 0 3 0 8 43309 -1 -1 -1 -1 -1 -1)
#(0 38 210 38 0 2 0 2 12514 -1 -1 -1 -1 -1 -1)
#(0 38 211 28 0 2 1 97 516015 -1 -1 -1 -1 -1 -1)
#(0 38 212 21 0 2 1 82 437173 -1 -1 -1 -1 -1 -1)
#(0 38 213 35 0 2 0 1 7158 -1 -1 -1 -1 -1 -1)
#(0 38 214 21 0 3 1 94 500553 -1 -1 -1 -1 -1 -1)
#(0 38 215 49 0 3 1 69 367065 -1 -1 -1 -1 -1 -1)
#(0 38 216 36 0 2 0 54 286952 -1 -1 -1 -1 -1 -1)
#(0 38 217 32 0 2 0 35 186436 -1 -1 -1 -1 -1 -1)
#(2 38 217 -1 -1 -1 -1 -1 -1 9 -1 -1 -1 -1 -1)
#(0 38 218 43 0 1 1 83 441319 -1 -1 -1 -1 -1 -1)
#(0 38 219 28 0 2 0 17 91175 -1 -1 -1 -1 -1 -1)
#(0 38 220 36 0 1 1 75 399384 -1 -1 -1 -1 -1 -1)
#(0 38 221 42 0 1 1 78 414956 -1 -1 -1 -1 -1 -1)
#(0 38 222 20 0 2 1 89 474177 -1 -1 -1 -1 -1 -1)
#(0 38 223 34 0 2 1 34 183051 -1 -1 -1 -1 -1 -1)
#(0 38 596 21 0 0 1 74 395655 -1 -1 -1 -1 -1 -1)
#(0 38 597 29 0 0 1 54 289911 -1 -1 -1 -1 -1 -1)
#(0 38 598 20 0 0 1 69 369270 -1 -1 -1 -1 -1 -1)
#(0 38 599 25 0 0 0 35 185195 -1 -1 -1 -1 -1 -1)
#(0 38 600 27 0 0 0 32 169398 -1 -1 -1 -1 -1 -1)
#(0 38 601 26 0 0 1 95 506464 -1 -1 -1 -1 -1 -1)
#(0 38 137725 42 1 1 1 66 351530 119626 -1 -1 -1 -1 -1)
#(0 38 137726 34 1 1 0 12 65148 119626 -1 -1 -1 -1 -1)
#(0 38 137727 36 1 2 1 60 320198 119626 -1 -1 -1 -1 -1)
#(0 38 137728 37 1 1 0 64 339869 119626 -1 -1 -1 -1 -1)
#(0 38 138070 23 1 0 0 1 5656 119626 -1 -1 -1 -1 -1)
#(0 38 138071 26 1 0 1 43 231875 119626 -1 -1 -1 -1 -1)
#(4 38 138071 -1 1 -1 -1 -1 -1 119632 0 0 0 0 -1)
#(0 38 138072 20 1 0 1 67 358709 119626 -1 -1 -1 -1 -1)
#(0 38 138073 30 1 0 0 17 90283 119626 -1 -1 -1 -1 -1)
#(0 38 138074 23 1 0 1 70 374498 119626 -1 -1 -1 -1 -1)
#(0 38 138075 25 1 0 0 46 243301 119626 -1 -1 -1 -1 -1)
#(0 38 138077 26 1 0 1 89 474775 119626 -1 -1 -1 -1 -1)
#(0 38 138078 30 1 0 1 95 506389 119626 -1 -1 -1 -1 -1)
#(0 38 138079 32 1 0 0 14 74443 119626 -1 -1 -1 -1 -1)
#(0 38 138080 27 1 0 0 7 37393 119626 -1 -1 -1 -1 -1)
#(0 38 138081 31 1 0 1 36 194857 119626 -1 -1 -1 -1 -1)
#(0 38 138082 28 1 0 0 0 452 119626 -1 -1 -1 -1 -1)
#(0 38 275234 30 2 2 1 84 447246 239253 -1 -1 -1 -1 -1)
#(0 38 275237 55 2 2 0 23 124297 239253 -1 -1 -1 -1 -1)
#(0 38 275238 21 2 2 1 48 257664 239253 -1 -1 -1 -1 -1)
#(0 38 275239 22 2 2 0 27 143737 239253 -1 -1 -1 -1 -1)
#(0 38 275240 20 2 2 0 19 101368 239253 -1 -1 -1 -1 -1)
#(0 38 275241 51 2 1 0 9 50229 239253 -1 -1 -1 -1 -1)
#(0 38 275242 51 2 1 1 87 462011 239253 -1 -1 -1 -1 -1)
#(0 38 275243 42 2 1 1 71 377970 239253 -1 -1 -1 -1 -1)
#(0 38 275244 36 2 3 1 79 420498 239253 -1 -1 -1 -1 -1)
#(0 38 275245 35 2 1 1 85 452244 239253 -1 -1 -1 -1 -1)
#(0 38 275246 43 2 1 1 94 499343 239253 -1 -1 -1 -1 -1)
#(0 38 275247 32 2 1 0 84 445194 239253 -1 -1 -1 -1 -1)
#(0 38 275248 37 2 2 0 53 281805 239253 -1 -1 -1 -1 -1)
#(0 38 275249 21 2 2 1 65 347466 239253 -1 -1 -1 -1 -1)
#(0 38 275250 40 2 2 0 62 329410 239253 -1 -1 -1 -1 -1)
#(0 38 275251 35 2 2 0 35 186598 239253 -1 -1 -1 -1 -1)
#(0 38 275252 37 2 3 1 89 473320 239253 -1 -1 -1 -1 -1)
#(0 38 275253 20 2 2 0 61 323107 239253 -1 -1 -1 -1 -1)
#(0 38 275617 20 2 0 1 92 490708 239253 -1 -1 -1 -1 -1)
#(0 38 275626 28 2 0 1 72 384967 239253 -1 -1 -1 -1 -1)
#(0 38 275627 32 2 0 0 49 259271 239253 -1 -1 -1 -1 -1)
#(0 38 275628 27 2 0 0 77 407025 239253 -1 -1 -1 -1 -1)
#(0 38 275630 20 2 0 0 5 26735 239253 -1 -1 -1 -1 -1)
#(0 38 275631 20 2 0 1 79 422072 239253 -1 -1 -1 -1 -1)
#(0 38 275632 20 2 0 1 62 332315 239253 -1 -1 -1 -1 -1)
#(0 38 275633 27 2 0 0 44 232781 239253 -1 -1 -1 -1 -1)
#(0 38 275634 25 2 0 1 65 348060 239253 -1 -1 -1 -1 -1)
#(0 38 275635 30 2 0 1 32 173728 239253 -1 -1 -1 -1 -1)
#(0 38 275636 26 2 0 0 47 248590 239253 -1 -1 -1 -1 -1)
#(0 38 275637 34 2 0 1 47 252873 239253 -1 -1 -1 -1 -1)
#(0 38 275638 28 2 0 1 83 443057 239253 -1 -1 -1 -1 -1)
#(0 38 275639 25 2 0 0 60 317205 239253 -1 -1 -1 -1 -1)
#(0 38 275640 28 2 0 0 17 90218 239253 -1 -1 -1 -1 -1)
#(0 38 275641 27 2 0 1 91 485325 239253 -1 -1 -1 -1 -1)
#(0 38 275642 32 2 0 0 15 79723 239253 -1 -1 -1 -1 -1)
#(0 38 275643 27 2 0 1 53 284687 239253 -1 -1 -1 -1 -1)
#(0 38 412346 30 3 2 1 79 420853 359592 -1 -1 -1 -1 -1)
#(0 38 412352 34 3 2 0 6 33493 359592 -1 -1 -1 -1 -1)
#(0 38 412356 51 3 3 1 56 298321 359592 -1 -1 -1 -1 -1)
#(0 38 412357 26 3 2 1 59 315443 359592 -1 -1 -1 -1 -1)
#(0 38 412358 39 3 3 1 99 525942 359592 -1 -1 -1 -1 -1)
#(0 38 412359 27 3 2 0 48 254852 359592 -1 -1 -1 -1 -1)
#(0 38 412360 25 3 2 1 77 410568 359592 -1 -1 -1 -1 -1)
#(0 38 412361 45 3 1 1 69 367252 359592 -1 -1 -1 -1 -1)
#(0 38 412362 45 3 1 0 25 134359 359592 -1 -1 -1 -1 -1)
#(0 38 412363 44 3 3 0 15 81469 359592 -1 -1 -1 -1 -1)
#(0 38 412365 48 3 1 1 87 462143 359592 -1 -1 -1 -1 -1)
#(0 38 412366 38 3 3 0 66 350419 359592 -1 -1 -1 -1 -1)
#(0 38 412367 47 3 3 0 39 208335 359592 -1 -1 -1 -1 -1)
#(0 38 412368 20 3 2 0 1 6307 359592 -1 -1 -1 -1 -1)
#(0 38 412710 27 3 0 0 1 5730 359592 -1 -1 -1 -1 -1)
#(0 38 412711 32 3 0 1 57 305696 359592 -1 -1 -1 -1 -1)
#(0 38 412713 26 3 0 1 95 506446 359592 -1 -1 -1 -1 -1)
#(0 38 412714 30 3 0 0 15 79705 359592 -1 -1 -1 -1 -1)
#(0 38 412715 30 3 0 0 26 137783 359592 -1 -1 -1 -1 -1)
#(0 38 412716 30 3 0 1 62 332135 359592 -1 -1 -1 -1 -1)
#(0 38 412717 28 3 0 0 8 42691 359592 -1 -1 -1 -1 -1)
#(0 38 412719 22 3 0 1 45 242526 359592 -1 -1 -1 -1 -1)
#(0 38 412720 23 3 0 0 2 10926 359592 -1 -1 -1 -1 -1)
#(2 39 222 -1 -1 -1 -1 -1 -1 6 -1 -1 -1 -1 -1)
#(0 39 224 51 0 2 0 32 171599 -1 -1 -1 -1 -1 -1)
#(0 39 225 45 0 1 1 90 478073 -1 -1 -1 -1 -1 -1)
#(0 39 226 32 0 3 0 28 149543 -1 -1 -1 -1 -1 -1)
#(0 39 227 23 0 2 1 59 315531 -1 -1 -1 -1 -1 -1)
#(0 39 228 37 0 1 0 7 38929 -1 -1 -1 -1 -1 -1)
#(0 39 229 20 0 3 1 80 426653 -1 -1 -1 -1 -1 -1)
#(0 39 231 44 0 2 0 41 218742 -1 -1 -1 -1 -1 -1)
#(0 39 232 24 0 2 0 45 238852 -1 -1 -1 -1 -1 -1)
#(0 39 234 37 0 3 1 54 288512 -1 -1 -1 -1 -1 -1)
#(0 39 235 26 0 2 1 96 510714 -1 -1 -1 -1 -1 -1)
#(0 39 236 50 0 1 1 84 446206 -1 -1 -1 -1 -1 -1)
#(0 39 238 32 0 2 0 26 138922 -1 -1 -1 -1 -1 -1)
#(0 39 594 27 0 0 1 45 242423 -1 -1 -1 -1 -1 -1)
#(0 39 595 27 0 0 0 21 111339 -1 -1 -1 -1 -1 -1)
#(0 39 602 30 0 0 0 42 222285 -1 -1 -1 -1 -1 -1)
#(0 39 603 25 0 0 0 53 280269 -1 -1 -1 -1 -1 -1)
#(0 39 604 29 0 0 1 61 326870 -1 -1 -1 -1 -1 -1)
#(0 39 605 33 0 0 0 55 290952 -1 -1 -1 -1 -1 -1)
#(0 39 606 34 0 0 0 72 380729 -1 -1 -1 -1 -1 -1)
#(0 39 607 23 0 0 0 0 368 -1 -1 -1 -1 -1 -1)
#(0 39 608 26 0 0 1 91 485340 -1 -1 -1 -1 -1 -1)
#(0 39 609 28 0 0 0 78 412291 -1 -1 -1 -1 -1 -1)
#(0 39 610 25 0 0 1 41 221367 -1 -1 -1 -1 -1 -1)
#(0 39 611 28 0 0 0 14 74372 -1 -1 -1 -1 -1 -1)
#(0 39 137729 20 1 0 1 71 379178 119626 -1 -1 -1 -1 -1)
#(0 39 137730 31 1 2 0 14 75541 119626 -1 -1 -1 -1 -1)
#(0 39 137731 28 1 2 1 52 278413 119626 -1 -1 -1 -1 -1)
#(0 39 137732 31 1 3 1 64 341586 119626 -1 -1 -1 -1 -1)
#(0 39 137733 46 1 3 1 85 451684 119626 -1 -1 -1 -1 -1)
#(0 39 137734 33 1 1 0 24 128426 119626 -1 -1 -1 -1 -1)
#(0 39 137735 37 1 1 1 66 351839 119626 -1 -1 -1 -1 -1)
#(0 39 137736 49 1 1 1 50 266779 119626 -1 -1 -1 -1 -1)
#(0 39 137737 46 1 3 0 21 113251 119626 -1 -1 -1 -1 -1)
#(0 39 137738 37 1 1 0 26 139238 119626 -1 -1 -1 -1 -1)
#(0 39 138076 26 1 0 0 32 169384 119626 -1 -1 -1 -1 -1)
#(0 39 138083 30 1 0 1 95 506382 119626 -1 -1 -1 -1 -1)
#(0 39 138084 32 1 0 0 8 42784 119626 -1 -1 -1 -1 -1)
#(0 39 138085 28 1 0 0 31 164158 119626 -1 -1 -1 -1 -1)
#(0 39 138086 27 1 0 1 52 279382 119626 -1 -1 -1 -1 -1)
#(0 39 138087 28 1 0 1 59 316329 119626 -1 -1 -1 -1 -1)
#(0 39 138090 32 1 0 1 51 274023 119626 -1 -1 -1 -1 -1)
#(0 39 138091 20 1 0 0 22 116484 119626 -1 -1 -1 -1 -1)
#(0 39 138092 26 1 0 0 18 95465 119626 -1 -1 -1 -1 -1)
#(0 39 138093 23 1 0 1 92 490671 119626 -1 -1 -1 -1 -1)
#(0 39 138094 22 1 0 0 15 79556 119626 -1 -1 -1 -1 -1)
#(0 39 275254 20 2 2 0 27 143583 239253 -1 -1 -1 -1 -1)
#(0 39 275255 29 2 2 0 46 244391 239253 -1 -1 -1 -1 -1)
#(0 39 275257 22 2 2 1 61 326278 239253 -1 -1 -1 -1 -1)
#(0 39 275258 38 2 3 1 87 462702 239253 -1 -1 -1 -1 -1)
#(0 39 275259 44 2 1 1 83 441270 239253 -1 -1 -1 -1 -1)
#(0 39 275260 29 2 2 1 88 468424 239253 -1 -1 -1 -1 -1)
#(0 39 275261 31 2 2 0 13 70254 239253 -1 -1 -1 -1 -1)
#(0 39 275262 32 2 2 1 24 130371 239253 -1 -1 -1 -1 -1)
#(0 39 275263 26 2 2 0 18 96425 239253 -1 -1 -1 -1 -1)
#(0 39 275264 31 2 2 1 71 378640 239253 -1 -1 -1 -1 -1)
#(0 39 275265 42 2 1 0 50 266182 239253 -1 -1 -1 -1 -1)
#(0 39 275266 31 2 2 0 55 292003 239253 -1 -1 -1 -1 -1)
#(0 39 275267 47 2 1 0 21 113386 239253 -1 -1 -1 -1 -1)
#(0 39 275629 23 2 0 1 72 385062 239253 -1 -1 -1 -1 -1)
#(0 39 275644 34 2 0 1 66 353168 239253 -1 -1 -1 -1 -1)
#(0 39 275645 26 2 0 1 54 289960 239253 -1 -1 -1 -1 -1)
#(0 39 275646 29 2 0 1 88 469436 239253 -1 -1 -1 -1 -1)
#(0 39 275647 26 2 0 1 96 511720 239253 -1 -1 -1 -1 -1)
#(0 39 275648 29 2 0 1 35 189591 239253 -1 -1 -1 -1 -1)
#(0 39 275649 25 2 0 1 41 221359 239253 -1 -1 -1 -1 -1)
#(0 39 275650 29 2 0 1 81 432486 239253 -1 -1 -1 -1 -1)
#(0 39 275651 29 2 0 0 1 5740 239253 -1 -1 -1 -1 -1)
#(0 39 275653 29 2 0 1 40 216011 239253 -1 -1 -1 -1 -1)
#(0 39 275654 22 2 0 1 93 495975 239253 -1 -1 -1 -1 -1)
#(0 39 412364 43 3 3 1 69 367384 359592 -1 -1 -1 -1 -1)
#(0 39 412369 32 3 1 0 22 117858 359592 -1 -1 -1 -1 -1)
#(0 39 412370 32 3 2 0 6 33324 359592 -1 -1 -1 -1 -1)
#(0 39 412371 35 3 1 0 20 107463 359592 -1 -1 -1 -1 -1)
#(0 39 412372 30 3 2 1 47 251868 359592 -1 -1 -1 -1 -1)
#(0 39 412373 40 3 1 0 8 44368 359592 -1 -1 -1 -1 -1)
#(0 39 412374 29 3 2 1 89 473739 359592 -1 -1 -1 -1 -1)
#(0 39 412375 37 3 3 0 27 144498 359592 -1 -1 -1 -1 -1)
#(0 39 412376 32 3 2 0 32 170615 359592 -1 -1 -1 -1 -1)
#(0 39 412377 34 3 2 1 44 235866 359592 -1 -1 -1 -1 -1)
#(0 39 412378 37 3 3 1 46 246240 359592 -1 -1 -1 -1 -1)
#(0 39 412379 46 3 1 0 11 60529 359592 -1 -1 -1 -1 -1)
#(0 39 412380 26 3 2 1 53 283675 359592 -1 -1 -1 -1 -1)
#(0 39 412381 48 3 3 0 4 23584 359592 -1 -1 -1 -1 -1)
#(0 39 412712 25 3 0 1 57 305830 359592 -1 -1 -1 -1 -1)
#(0 39 412721 30 3 0 0 58 306736 359592 -1 -1 -1 -1 -1)
#(0 39 412722 20 3 0 0 1 5607 359592 -1 -1 -1 -1 -1)
#(0 39 412723 34 3 0 0 18 95617 359592 -1 -1 -1 -1 -1)
#(0 39 412724 28 3 0 0 20 106071 359592 -1 -1 -1 -1 -1)
#(0 39 412725 23 3 0 0 15 79571 359592 -1 -1 -1 -1 -1)
#(0 39 412726 32 3 0 1 83 442999 359592 -1 -1 -1 -1 -1)
#(0 39 412727 26 3 0 0 12 63782 359592 -1 -1 -1 -1 -1)
#(0 39 412729 27 3 0 1 65 348037 359592 -1 -1 -1 -1 -1)
#(0 40 230 31 0 3 1 97 515831 -1 -1 -1 -1 -1 -1)
#(0 40 239 41 0 1 1 85 451916 -1 -1 -1 -1 -1 -1)
#(0 40 240 29 0 2 0 51 270775 -1 -1 -1 -1 -1 -1)
#(0 40 241 27 0 2 0 27 143944 -1 -1 -1 -1 -1 -1)
#(0 40 242 33 0 1 0 2 12293 -1 -1 -1 -1 -1 -1)
#(0 40 243 38 0 1 0 12 65362 -1 -1 -1 -1 -1 -1)
#(0 40 244 37 0 1 1 98 520781 -1 -1 -1 -1 -1 -1)
#(0 40 245 39 0 3 0 24 128754 -1 -1 -1 -1 -1 -1)
#(0 40 246 20 0 2 1 57 305199 -1 -1 -1 -1 -1 -1)
#(0 40 247 27 0 2 1 78 415724 -1 -1 -1 -1 -1 -1)
#(0 40 248 22 0 2 1 94 500479 -1 -1 -1 -1 -1 -1)
#(0 40 612 23 0 0 1 73 390332 -1 -1 -1 -1 -1 -1)
#(0 40 613 32 0 0 0 33 174777 -1 -1 -1 -1 -1 -1)
#(0 40 614 22 0 0 0 56 296039 -1 -1 -1 -1 -1 -1)
#(0 40 615 29 0 0 1 86 458877 -1 -1 -1 -1 -1 -1)
#(0 40 616 28 0 0 0 29 153582 -1 -1 -1 -1 -1 -1)
#(0 40 617 20 0 0 0 11 58406 -1 -1 -1 -1 -1 -1)
#(0 40 618 23 0 0 1 57 305866 -1 -1 -1 -1 -1 -1)
#(0 40 619 20 0 0 1 83 443200 -1 -1 -1 -1 -1 -1)
#(0 40 620 26 0 0 1 72 385018 -1 -1 -1 -1 -1 -1)
#(0 40 621 34 0 0 0 58 306802 -1 -1 -1 -1 -1 -1)
#(0 40 137739 40 1 2 1 98 520635 119626 -1 -1 -1 -1 -1)
#(0 40 137741 39 1 1 0 13 70678 119626 -1 -1 -1 -1 -1)
#(0 40 137742 20 1 2 0 56 296721 119626 -1 -1 -1 -1 -1)
#(0 40 137743 20 1 2 0 36 191116 119626 -1 -1 -1 -1 -1)
#(0 40 137744 39 1 2 0 47 250154 119626 -1 -1 -1 -1 -1)
#(3 40 137744 -1 1 -1 -1 -1 -1 119634 -1 -1 -1 -1 2)
#(0 40 137745 42 1 3 1 95 504642 119626 -1 -1 -1 -1 -1)
#(0 40 137746 28 1 2 0 62 328766 119626 -1 -1 -1 -1 -1)
#(0 40 137748 45 1 3 0 1 7605 119626 -1 -1 -1 -1 -1)
#(0 40 137749 20 1 2 0 15 80221 119626 -1 -1 -1 -1 -1)
#(0 40 137750 20 1 2 1 45 241852 119626 -1 -1 -1 -1 -1)
#(0 40 138088 27 1 0 1 52 279394 119626 -1 -1 -1 -1 -1)
#(0 40 138089 22 1 0 1 70 374504 119626 -1 -1 -1 -1 -1)
#(0 40 138095 31 1 0 0 9 48050 119626 -1 -1 -1 -1 -1)
#(0 40 138096 25 1 0 1 77 411422 119626 -1 -1 -1 -1 -1)
#(0 40 138097 23 1 0 0 41 216867 119626 -1 -1 -1 -1 -1)
#(0 40 138098 27 1 0 1 72 384983 119626 -1 -1 -1 -1 -1)
#(0 40 138099 28 1 0 0 66 348951 119626 -1 -1 -1 -1 -1)
#(0 40 138100 26 1 0 1 60 321652 119626 -1 -1 -1 -1 -1)
#(0 40 138101 24 1 0 0 20 105992 119626 -1 -1 -1 -1 -1)
#(0 40 138102 23 1 0 0 8 42616 119626 -1 -1 -1 -1 -1)
#(0 40 138103 23 1 0 1 32 173862 119626 -1 -1 -1 -1 -1)
#(0 40 138104 22 1 0 0 10 53162 119626 -1 -1 -1 -1 -1)
#(0 40 138105 20 1 0 0 6 31999 119626 -1 -1 -1 -1 -1)
#(0 40 138106 29 1 0 0 0 474 119626 -1 -1 -1 -1 -1)
#(0 40 138107 23 1 0 1 38 205551 119626 -1 -1 -1 -1 -1)
#(0 40 138108 27 1 0 0 7 37393 119626 -1 -1 -1 -1 -1)
#(0 40 275256 33 2 2 1 89 473479 239253 -1 -1 -1 -1 -1)
#(0 40 275268 53 2 3 1 80 424912 239253 -1 -1 -1 -1 -1)
#(0 40 275269 21 2 2 1 48 257628 239253 -1 -1 -1 -1 -1)
#(0 40 275270 35 2 1 1 57 304415 239253 -1 -1 -1 -1 -1)
#(4 40 275270 -1 2 -1 -1 -1 -1 239258 0 0 0 0 -1)
#(0 40 275271 35 2 2 0 38 202438 239253 -1 -1 -1 -1 -1)
#(0 40 275272 32 2 1 0 20 107243 239253 -1 -1 -1 -1 -1)
#(0 40 275273 27 2 2 1 88 468470 239253 -1 -1 -1 -1 -1)
#(0 40 275274 27 2 2 1 98 521335 239253 -1 -1 -1 -1 -1)
#(0 40 275275 28 2 2 1 58 310074 239253 -1 -1 -1 -1 -1)
#(0 40 275276 20 2 2 0 56 296721 239253 -1 -1 -1 -1 -1)
#(0 40 275277 35 2 2 0 2 12389 239253 -1 -1 -1 -1 -1)
#(0 40 275278 35 2 1 0 0 1833 239253 -1 -1 -1 -1 -1)
#(0 40 275279 21 2 2 1 63 336882 239253 -1 -1 -1 -1 -1)
#(0 40 275280 31 2 2 0 25 133596 239253 -1 -1 -1 -1 -1)
#(0 40 275281 37 2 1 1 73 388804 239253 -1 -1 -1 -1 -1)
#(0 40 275282 22 2 3 0 22 117353 239253 -1 -1 -1 -1 -1)
#(0 40 275652 23 2 0 1 88 469540 239253 -1 -1 -1 -1 -1)
#(0 40 275655 27 2 0 0 6 32144 239253 -1 -1 -1 -1 -1)
#(0 40 275656 23 2 0 0 14 74315 239253 -1 -1 -1 -1 -1)
#(0 40 275657 32 2 0 1 50 268738 239253 -1 -1 -1 -1 -1)
#(0 40 275658 20 2 0 1 54 290070 239253 -1 -1 -1 -1 -1)
#(0 40 275659 28 2 0 0 12 63831 239253 -1 -1 -1 -1 -1)
#(0 40 275660 25 2 0 0 4 21526 239253 -1 -1 -1 -1 -1)
#(0 40 275661 28 2 0 1 89 474735 239253 -1 -1 -1 -1 -1)
#(0 40 275662 23 2 0 1 86 458985 239253 -1 -1 -1 -1 -1)
#(0 40 275663 27 2 0 0 28 148279 239253 -1 -1 -1 -1 -1)
#(0 40 412382 37 3 3 1 40 214546 359592 -1 -1 -1 -1 -1)
#(0 40 412383 31 3 2 0 20 107194 359592 -1 -1 -1 -1 -1)
#(0 40 412385 49 3 1 1 88 467394 359592 -1 -1 -1 -1 -1)
#(0 40 412386 34 3 2 0 7 38792 359592 -1 -1 -1 -1 -1)
#(0 40 412387 27 3 2 1 34 183403 359592 -1 -1 -1 -1 -1)
#(0 40 412388 20 3 2 1 41 220717 359592 -1 -1 -1 -1 -1)
#(0 40 412389 49 3 3 0 41 219052 359592 -1 -1 -1 -1 -1)
#(0 40 412390 21 3 3 0 1 6281 359592 -1 -1 -1 -1 -1)
#(0 40 412730 23 3 0 0 2 10948 359592 -1 -1 -1 -1 -1)
#(0 40 412731 23 3 0 1 99 527615 359592 -1 -1 -1 -1 -1)
#(0 40 412732 23 3 0 0 47 248541 359592 -1 -1 -1 -1 -1)
#(0 40 412733 25 3 0 1 98 522308 359592 -1 -1 -1 -1 -1)
#(0 40 412734 23 3 0 0 43 227419 359592 -1 -1 -1 -1 -1)
#(0 40 412735 27 3 0 0 18 95483 359592 -1 -1 -1 -1 -1)
#(0 40 412736 25 3 0 0 27 142970 359592 -1 -1 -1 -1 -1)
#(0 40 412737 32 3 0 1 80 427157 359592 -1 -1 -1 -1 -1)
#(0 40 412738 23 3 0 1 45 242513 359592 -1 -1 -1 -1 -1)
#(0 40 412739 28 3 0 1 63 337462 359592 -1 -1 -1 -1 -1)
#(0 41 233 27 0 2 1 97 516023 -1 -1 -1 -1 -1 -1)
#(0 41 237 23 0 2 0 45 238855 -1 -1 -1 -1 -1 -1)
#(0 41 249 20 0 3 0 2 11585 -1 -1 -1 -1 -1 -1)
#(0 41 250 27 0 2 0 58 307657 -1 -1 -1 -1 -1 -1)
#(0 41 251 57 0 1 1 43 229380 -1 -1 -1 -1 -1 -1)
#(0 41 252 38 0 1 0 16 86495 -1 -1 -1 -1 -1 -1)
#(0 41 253 27 0 2 0 38 202042 -1 -1 -1 -1 -1 -1)
#(0 41 255 35 0 1 1 85 452217 -1 -1 -1 -1 -1 -1)
#(0 41 256 39 0 3 0 61 324104 -1 -1 -1 -1 -1 -1)
#(0 41 257 38 0 2 1 69 367606 -1 -1 -1 -1 -1 -1)
#(0 41 258 35 0 1 0 28 149666 -1 -1 -1 -1 -1 -1)
#(0 41 259 48 0 3 1 73 388214 -1 -1 -1 -1 -1 -1)
#(0 41 260 28 0 2 1 60 320649 -1 -1 -1 -1 -1 -1)
#(0 41 261 39 0 1 0 22 118220 -1 -1 -1 -1 -1 -1)
#(0 41 262 36 0 1 1 90 478617 -1 -1 -1 -1 -1 -1)
#(0 41 263 23 0 2 0 8 43325 -1 -1 -1 -1 -1 -1)
#(0 41 264 30 0 2 1 76 404993 -1 -1 -1 -1 -1 -1)
#(0 41 265 27 0 2 0 13 70023 -1 -1 -1 -1 -1 -1)
#(0 41 266 31 0 2 0 3 17481 -1 -1 -1 -1 -1 -1)
#(0 41 267 50 0 1 1 61 324758 -1 -1 -1 -1 -1 -1)
#(0 41 268 20 0 2 0 50 265025 -1 -1 -1 -1 -1 -1)
#(0 41 622 30 0 0 1 76 406041 -1 -1 -1 -1 -1 -1)
#(0 41 623 30 0 0 0 40 211717 -1 -1 -1 -1 -1 -1)
#(0 41 624 25 0 0 1 95 506468 -1 -1 -1 -1 -1 -1)
#(0 41 625 27 0 0 0 75 396452 -1 -1 -1 -1 -1 -1)
#(0 41 626 23 0 0 0 51 269661 -1 -1 -1 -1 -1 -1)
#(0 41 627 34 0 0 0 1 5843 -1 -1 -1 -1 -1 -1)
#(0 41 628 32 0 0 0 37 195890 -1 -1 -1 -1 -1 -1)
#(0 41 629 20 0 0 0 15 79518 -1 -1 -1 -1 -1 -1)
#(0 41 630 30 0 0 0 27 143051 -1 -1 -1 -1 -1 -1)
#(0 41 137740 21 1 3 1 71 379114 119626 -1 -1 -1 -1 -1)
#(0 41 137751 47 1 3 1 83 441006 119626 -1 -1 -1 -1 -1)
#(0 41 137752 37 1 1 0 4 23101 119626 -1 -1 -1 -1 -1)
#(0 41 137753 28 1 2 0 65 344642 119626 -1 -1 -1 -1 -1)
#(0 41 137755 22 1 2 0 7 38130 119626 -1 -1 -1 -1 -1)
#(0 41 137756 43 1 1 1 91 483504 119626 -1 -1 -1 -1 -1)
#(0 41 137757 36 1 1 1 98 520893 119626 -1 -1 -1 -1 -1)
#(0 41 137759 43 1 3 1 57 304009 119626 -1 -1 -1 -1 -1)
#(0 41 137760 54 1 2 1 34 182018 119626 -1 -1 -1 -1 -1)
#(0 41 137761 38 1 1 1 74 394051 119626 -1 -1 -1 -1 -1)
#(0 41 137762 44 1 1 1 88 467629 119626 -1 -1 -1 -1 -1)
#(0 41 138109 20 1 0 1 78 416781 119626 -1 -1 -1 -1 -1)
#(0 41 138110 22 1 0 0 10 53152 119626 -1 -1 -1 -1 -1)
#(0 41 138111 32 1 0 1 93 495774 119626 -1 -1 -1 -1 -1)
#(0 41 138112 26 1 0 1 35 189650 119626 -1 -1 -1 -1 -1)
#(0 41 138113 22 1 0 0 1 5641 119626 -1 -1 -1 -1 -1)
#(0 41 138114 26 1 0 0 35 185234 119626 -1 -1 -1 -1 -1)
#(0 41 138115 30 1 0 0 14 74432 119626 -1 -1 -1 -1 -1)
#(0 41 138116 23 1 0 0 2 10936 119626 -1 -1 -1 -1 -1)
#(0 41 138117 30 1 0 0 31 164185 119626 -1 -1 -1 -1 -1)
#(3 41 138117 -1 1 -1 -1 -1 -1 119635 -1 -1 -1 -1 53)
#(0 41 138118 23 1 0 1 65 348100 119626 -1 -1 -1 -1 -1)
#(0 41 138119 29 1 0 0 4 21596 119626 -1 -1 -1 -1 -1)
#(0 41 138120 23 1 0 0 60 317174 119626 -1 -1 -1 -1 -1)
#(0 41 138121 29 1 0 0 65 343676 119626 -1 -1 -1 -1 -1)
#(0 41 275283 32 2 2 0 1 6916 239253 -1 -1 -1 -1 -1)
#(0 41 275284 27 2 2 1 85 452666 239253 -1 -1 -1 -1 -1)
#(0 41 275285 33 2 2 1 62 330950 239253 -1 -1 -1 -1 -1)
#(0 41 275286 21 2 2 1 65 347384 239253 -1 -1 -1 -1 -1)
#(0 41 275287 34 2 2 1 69 367810 239253 -1 -1 -1 -1 -1)
#(0 41 275288 32 2 2 1 79 420610 239253 -1 -1 -1 -1 -1)
#(0 41 275289 36 2 3 0 10 54704 239253 -1 -1 -1 -1 -1)
#(0 41 275290 43 2 1 0 11 60346 239253 -1 -1 -1 -1 -1)
#(0 41 275291 30 2 2 1 84 447246 239253 -1 -1 -1 -1 -1)
#(0 41 275292 28 2 2 0 16 85896 239253 -1 -1 -1 -1 -1)
#(0 41 275293 31 2 2 1 43 230718 239253 -1 -1 -1 -1 -1)
#(0 41 275294 36 2 1 0 3 17728 239253 -1 -1 -1 -1 -1)
#(0 41 275295 26 2 2 1 70 373536 239253 -1 -1 -1 -1 -1)
#(0 41 275296 31 2 2 0 64 339517 239253 -1 -1 -1 -1 -1)
#(0 41 275297 20 2 2 0 8 43424 239253 -1 -1 -1 -1 -1)
#(0 41 275664 26 2 0 1 41 221331 239253 -1 -1 -1 -1 -1)
#(0 41 275665 20 2 0 1 71 379827 239253 -1 -1 -1 -1 -1)
#(0 41 275666 26 2 0 1 53 284687 239253 -1 -1 -1 -1 -1)
#(0 41 275667 23 2 0 1 32 173861 239253 -1 -1 -1 -1 -1)
#(0 41 275668 25 2 0 0 27 142972 239253 -1 -1 -1 -1 -1)
#(0 41 275669 34 2 0 0 8 42808 239253 -1 -1 -1 -1 -1)
#(0 41 275670 20 2 0 1 72 385123 239253 -1 -1 -1 -1 -1)
#(0 41 275671 27 2 0 0 9 47966 239253 -1 -1 -1 -1 -1)
#(0 41 275672 28 2 0 1 61 326902 239253 -1 -1 -1 -1 -1)
#(0 41 275673 20 2 0 1 85 453766 239253 -1 -1 -1 -1 -1)
#(0 41 412384 28 3 2 1 89 473738 359592 -1 -1 -1 -1 -1)
#(0 41 412391 32 3 2 0 7 38606 359592 -1 -1 -1 -1 -1)
#(0 41 412392 33 3 2 0 39 207616 359592 -1 -1 -1 -1 -1)
#(0 41 412393 44 3 1 1 75 398949 359592 -1 -1 -1 -1 -1)
#(0 41 412394 40 3 1 0 33 176314 359592 -1 -1 -1 -1 -1)
#(0 41 412395 43 3 1 1 81 430652 359592 -1 -1 -1 -1 -1)
#(0 41 412396 45 3 3 1 62 330253 359592 -1 -1 -1 -1 -1)
#(0 41 412397 21 3 0 0 1 6255 359592 -1 -1 -1 -1 -1)
#(0 41 412398 36 3 3 1 92 489164 359592 -1 -1 -1 -1 -1)
#(0 41 412399 34 3 2 1 86 457540 359592 -1 -1 -1 -1 -1)
#(0 41 412400 38 3 1 0 41 218562 359592 -1 -1 -1 -1 -1)
#(0 41 412401 32 3 2 1 33 177878 359592 -1 -1 -1 -1 -1)
#(0 41 412402 31 3 2 1 66 352183 359592 -1 -1 -1 -1 -1)
#(0 41 412718 24 3 0 1 57 305831 359592 -1 -1 -1 -1 -1)
#(0 41 412728 18 3 0 0 1 5585 359592 -1 -1 -1 -1 -1)
#(0 41 412740 26 3 0 1 95 506441 359592 -1 -1 -1 -1 -1)
#(0 41 412741 25 3 0 0 37 195778 359592 -1 -1 -1 -1 -1)
#(0 41 412742 20 3 0 0 10 53135 359592 -1 -1 -1 -1 -1)
#(0 41 412743 30 3 0 1 94 501078 359592 -1 -1 -1 -1 -1)
#(0 41 412744 23 3 0 0 16 84865 359592 -1 -1 -1 -1 -1)
#(0 41 412745 29 3 0 0 38 201129 359592 -1 -1 -1 -1 -1)
#(0 41 412746 27 3 0 0 92 486206 359592 -1 -1 -1 -1 -1)
#(0 41 412747 34 3 0 0 29 153682 359592 -1 -1 -1 -1 -1)
#(0 41 412748 34 3 0 1 92 490478 359592 -1 -1 -1 -1 -1)
#(0 41 412749 34 3 0 1 79 421839 359592 -1 -1 -1 -1 -1)
#(0 41 412750 26 3 0 0 19 100738 359592 -1 -1 -1 -1 -1)
#(0 41 412751 32 3 0 0 63 333163 359592 -1 -1 -1 -1 -1)
#(0 42 254 42 0 2 1 96 510009 -1 -1 -1 -1 -1 -1)
#(2 42 262 -1 -1 -1 -1 -1 -1 9 -1 -1 -1 -1 -1)
#(0 42 269 38 0 1 0 22 118135 -1 -1 -1 -1 -1 -1)
#(0 42 270 31 0 3 0 16 86124 -1 -1 -1 -1 -1 -1)
#(0 42 271 20 0 2 1 80 426648 -1 -1 -1 -1 -1 -1)
#(0 42 272 47 0 1 0 46 245387 -1 -1 -1 -1 -1 -1)
#(0 42 273 46 0 1 0 31 166139 -1 -1 -1 -1 -1 -1)
#(0 42 274 34 0 1 0 30 160152 -1 -1 -1 -1 -1 -1)
#(0 42 276 36 0 1 0 24 128645 -1 -1 -1 -1 -1 -1)
#(0 42 279 39 0 1 1 83 441510 -1 -1 -1 -1 -1 -1)
#(0 42 280 34 0 3 1 69 367790 -1 -1 -1 -1 -1 -1)
#(0 42 282 20 0 3 1 34 183765 -1 -1 -1 -1 -1 -1)
#(0 42 283 34 0 2 0 7 38692 -1 -1 -1 -1 -1 -1)
#(0 42 284 39 0 1 1 68 362278 -1 -1 -1 -1 -1 -1)
#(0 42 285 39 0 3 1 71 378149 -1 -1 -1 -1 -1 -1)
#(0 42 631 29 0 0 1 88 469418 -1 -1 -1 -1 -1 -1)
#(0 42 632 20 0 0 1 65 348141 -1 -1 -1 -1 -1 -1)
#(0 42 633 34 0 0 0 39 206501 -1 -1 -1 -1 -1 -1)
#(0 42 634 29 0 0 0 69 364816 -1 -1 -1 -1 -1 -1)
#(0 42 635 31 0 0 1 71 379642 -1 -1 -1 -1 -1 -1)
#(0 42 636 26 0 0 1 64 342772 -1 -1 -1 -1 -1 -1)
#(0 42 637 27 0 0 0 61 322520 -1 -1 -1 -1 -1 -1)
#(0 42 638 31 0 0 0 40 211719 -1 -1 -1 -1 -1 -1)
#(0 42 639 20 0 0 0 64 338240 -1 -1 -1 -1 -1 -1)
#(0 42 137747 21 1 2 0 36 191152 119626 -1 -1 -1 -1 -1)
#(0 42 137754 35 1 1 0 1 7124 119626 -1 -1 -1 -1 -1)
#(0 42 137758 37 1 3 0 4 23127 119626 -1 -1 -1 -1 -1)
#(0 42 137763 26 1 2 1 43 230966 119626 -1 -1 -1 -1 -1)
#(0 42 137764 25 1 2 0 33 175647 119626 -1 -1 -1 -1 -1)
#(0 42 137765 28 1 1 1 63 336329 119626 -1 -1 -1 -1 -1)
#(0 42 137766 30 1 2 0 41 218040 119626 -1 -1 -1 -1 -1)
#(0 42 137767 33 1 1 1 76 404820 119626 -1 -1 -1 -1 -1)
#(0 42 137768 37 1 1 1 34 182911 119626 -1 -1 -1 -1 -1)
#(0 42 137769 41 1 3 1 47 251332 119626 -1 -1 -1 -1 -1)
#(0 42 137770 36 1 1 0 8 44086 119626 -1 -1 -1 -1 -1)
#(0 42 137771 35 1 2 0 66 350291 119626 -1 -1 -1 -1 -1)
#(0 42 137772 20 1 2 1 72 384405 119626 -1 -1 -1 -1 -1)
#(0 42 137774 29 1 2 1 37 199123 119626 -1 -1 -1 -1 -1)
#(0 42 137775 47 1 1 1 41 219352 119626 -1 -1 -1 -1 -1)
#(0 42 137777 53 1 1 0 34 182274 119626 -1 -1 -1 -1 -1)
#(0 42 137778 43 1 1 0 18 97238 119626 -1 -1 -1 -1 -1)
#(0 42 138122 31 1 0 0 14 74435 119626 -1 -1 -1 -1 -1)
#(0 42 138123 30 1 0 1 97 516914 119626 -1 -1 -1 -1 -1)
#(0 42 138124 26 1 0 0 53 280286 119626 -1 -1 -1 -1 -1)
#(0 42 138126 22 1 0 0 22 116530 119626 -1 -1 -1 -1 -1)
#(0 42 138127 20 1 0 0 55 290737 119626 -1 -1 -1 -1 -1)
#(0 42 138128 28 1 0 0 13 69118 119626 -1 -1 -1 -1 -1)
#(0 42 138129 26 1 0 1 19 105160 119626 -1 -1 -1 -1 -1)
#(0 42 138130 20 1 0 0 23 121763 119626 -1 -1 -1 -1 -1)
#(0 42 138132 27 1 0 0 89 470360 119626 -1 -1 -1 -1 -1)
#(0 42 138133 30 1 0 1 44 237101 119626 -1 -1 -1 -1 -1)
#(0 42 138134 26 1 0 0 7 37373 119626 -1 -1 -1 -1 -1)
#(0 42 275299 25 2 2 1 85 452814 239253 -1 -1 -1 -1 -1)
#(0 42 275300 43 2 1 1 78 414881 239253 -1 -1 -1 -1 -1)
#(0 42 275301 23 2 3 0 15 80438 239253 -1 -1 -1 -1 -1)
#(0 42 275302 43 2 1 1 92 488820 239253 -1 -1 -1 -1 -1)
#(0 42 275303 20 2 2 1 63 336869 239253 -1 -1 -1 -1 -1)
#(0 42 275304 38 2 1 1 82 436268 239253 -1 -1 -1 -1 -1)
#(0 42 275305 32 2 3 1 73 389002 239253 -1 -1 -1 -1 -1)
#(0 42 275307 45 2 3 0 7 39290 239253 -1 -1 -1 -1 -1)
#(0 42 275308 43 2 3 0 30 160673 239253 -1 -1 -1 -1 -1)
#(0 42 275309 50 2 3 0 39 208551 239253 -1 -1 -1 -1 -1)
#(0 42 275310 22 2 2 0 19 101443 239253 -1 -1 -1 -1 -1)
#(0 42 275311 27 2 2 1 98 521286 239253 -1 -1 -1 -1 -1)
#(0 42 275313 21 2 2 0 58 307277 239253 -1 -1 -1 -1 -1)
#(0 42 275314 32 2 2 1 36 193721 239253 -1 -1 -1 -1 -1)
#(0 42 275315 42 2 1 1 44 235427 239253 -1 -1 -1 -1 -1)
#(0 42 275674 29 2 0 1 21 115665 239253 -1 -1 -1 -1 -1)
#(0 42 275675 25 2 0 1 82 437825 239253 -1 -1 -1 -1 -1)
#(0 42 275676 20 2 0 0 14 74255 239253 -1 -1 -1 -1 -1)
#(0 42 275677 22 2 0 1 88 469564 239253 -1 -1 -1 -1 -1)
#(0 42 275678 34 2 0 0 38 201209 239253 -1 -1 -1 -1 -1)
#(0 42 275679 34 2 0 1 68 363750 239253 -1 -1 -1 -1 -1)
#(0 42 275680 26 2 0 0 12 63779 239253 -1 -1 -1 -1 -1)
#(0 42 275681 28 2 0 0 42 222215 239253 -1 -1 -1 -1 -1)
#(0 42 412403 46 3 1 0 43 229449 359592 -1 -1 -1 -1 -1)
#(0 42 412404 21 3 2 1 99 526940 359592 -1 -1 -1 -1 -1)
#(0 42 412405 31 3 2 0 23 123052 359592 -1 -1 -1 -1 -1)
#(0 42 412406 40 3 3 0 94 498433 359592 -1 -1 -1 -1 -1)
#(0 42 412407 35 3 2 1 40 214701 359592 -1 -1 -1 -1 -1)
#(0 42 412408 45 3 3 0 3 18168 359592 -1 -1 -1 -1 -1)
#(0 42 412409 31 3 2 0 16 86174 359592 -1 -1 -1 -1 -1)
#(0 42 412410 44 3 1 1 7 39970 359592 -1 -1 -1 -1 -1)
#(0 42 412411 37 3 1 0 49 260636 359592 -1 -1 -1 -1 -1)
#(0 42 412412 35 3 2 0 62 329153 359592 -1 -1 -1 -1 -1)
#(0 42 412413 41 3 1 1 74 393813 359592 -1 -1 -1 -1 -1)
#(0 42 412752 26 3 0 1 68 363879 359592 -1 -1 -1 -1 -1)
#(0 42 412753 23 3 0 0 43 227441 359592 -1 -1 -1 -1 -1)
#(0 42 412754 20 3 0 0 14 74259 359592 -1 -1 -1 -1 -1)
#(0 42 412755 20 3 0 1 92 490721 359592 -1 -1 -1 -1 -1)
#(0 42 412756 23 3 0 0 4 21510 359592 -1 -1 -1 -1 -1)
#(0 42 412757 20 3 0 1 45 242553 359592 -1 -1 -1 -1 -1)
#(0 42 412758 20 3 0 0 27 142890 359592 -1 -1 -1 -1 -1)
#(0 42 412759 28 3 0 1 63 337450 359592 -1 -1 -1 -1 -1)
#(0 42 412760 34 3 0 0 22 116737 359592 -1 -1 -1 -1 -1)
#(0 42 412761 20 3 0 0 10 53119 359592 -1 -1 -1 -1 -1)
#(0 42 412762 24 3 0 0 16 84860 359592 -1 -1 -1 -1 -1)
#(0 42 412763 20 3 0 0 13 68962 359592 -1 -1 -1 -1 -1)
#(0 42 412764 27 3 0 1 77 411394 359592 -1 -1 -1 -1 -1)
#(0 42 412765 25 3 0 0 37 195768 359592 -1 -1 -1 -1 -1)
#(0 42 412766 25 3 0 1 97 517034 359592 -1 -1 -1 -1 -1)
#(0 42 412767 28 3 0 1 82 437775 359592 -1 -1 -1 -1 -1)
#(0 42 412768 27 3 0 1 75 400834 359592 -1 -1 -1 -1 -1)
#(0 42 412769 23 3 0 1 98 522346 359592 -1 -1 -1 -1 -1)
#(0 42 412770 28 3 0 0 46 243345 359592 -1 -1 -1 -1 -1)
#(0 42 412771 23 3 0 0 21 111254 359592 -1 -1 -1 -1 -1)
#(0 42 412772 34 3 0 1 61 326798 359592 -1 -1 -1 -1 -1)
#(0 42 412773 28 3 0 1 91 485302 359592 -1 -1 -1 -1 -1)
#(0 42 412774 32 3 0 0 5 26915 359592 -1 -1 -1 -1 -1)
#(0 42 412775 29 3 0 1 73 390244 359592 -1 -1 -1 -1 -1)
#(4 42 412775 -1 3 -1 -1 -1 -1 359600 0 0 0 0 -1)
#(0 43 275 26 0 2 0 13 69993 -1 -1 -1 -1 -1 -1)
#(0 43 277 45 0 1 0 46 245251 -1 -1 -1 -1 -1 -1)
#(0 43 286 23 0 2 0 56 296974 -1 -1 -1 -1 -1 -1)
#(2 43 286 -1 -1 -1 -1 -1 -1 10 -1 -1 -1 -1 -1)
#(0 43 287 39 0 1 1 61 325313 -1 -1 -1 -1 -1 -1)
#(0 43 288 32 0 2 0 34 181175 -1 -1 -1 -1 -1 -1)
#(0 43 289 44 0 1 0 18 97332 -1 -1 -1 -1 -1 -1)
#(0 43 290 30 0 2 0 0 1545 -1 -1 -1 -1 -1 -1)
#(0 43 291 27 0 2 1 76 405117 -1 -1 -1 -1 -1 -1)
#(0 43 292 31 0 2 0 47 249769 -1 -1 -1 -1 -1 -1)
#(0 43 293 43 0 1 0 66 350717 -1 -1 -1 -1 -1 -1)
#(0 43 294 47 0 2 0 60 319205 -1 -1 -1 -1 -1 -1)
#(0 43 295 47 0 3 0 33 176676 -1 -1 -1 -1 -1 -1)
#(0 43 296 34 0 1 1 38 204119 -1 -1 -1 -1 -1 -1)
#(0 43 297 26 0 2 1 91 484432 -1 -1 -1 -1 -1 -1)
#(0 43 640 20 0 0 1 33 179178 -1 -1 -1 -1 -1 -1)
#(0 43 641 25 0 0 1 46 247739 -1 -1 -1 -1 -1 -1)
#(0 43 643 29 0 0 1 75 400784 -1 -1 -1 -1 -1 -1)
#(0 43 644 25 0 0 1 79 421985 -1 -1 -1 -1 -1 -1)
#(0 43 645 34 0 0 1 70 374297 -1 -1 -1 -1 -1 -1)
#(0 43 646 20 0 0 1 83 443184 -1 -1 -1 -1 -1 -1)
#(0 43 647 34 0 0 1 97 516871 -1 -1 -1 -1 -1 -1)
#(0 43 648 25 0 0 0 13 69047 -1 -1 -1 -1 -1 -1)
#(0 43 650 29 0 0 1 82 437758 -1 -1 -1 -1 -1 -1)
#(0 43 651 32 0 0 0 10 53329 -1 -1 -1 -1 -1 -1)
#(0 43 652 26 0 0 0 45 238016 -1 -1 -1 -1 -1 -1)
#(0 43 653 23 0 0 1 96 511791 -1 -1 -1 -1 -1 -1)
#(0 43 137773 25 1 2 0 8 43529 119626 -1 -1 -1 -1 -1)
#(0 43 137776 36 1 2 1 47 251607 119626 -1 -1 -1 -1 -1)
#(0 43 137779 35 1 1 0 48 255300 119626 -1 -1 -1 -1 -1)
#(0 43 137780 47 1 1 0 42 224209 119626 -1 -1 -1 -1 -1)
#(0 43 137781 21 1 2 1 94 500541 119626 -1 -1 -1 -1 -1)
#(0 43 137782 30 1 2 1 74 394436 119626 -1 -1 -1 -1 -1)
#(0 43 137783 35 1 1 1 93 494453 119626 -1 -1 -1 -1 -1)
#(0 43 137784 35 1 2 1 68 362496 119626 -1 -1 -1 -1 -1)
#(0 43 137786 26 1 2 1 62 331279 119626 -1 -1 -1 -1 -1)
#(0 43 137787 38 1 3 0 2 12569 119626 -1 -1 -1 -1 -1)
#(0 43 137789 47 1 1 0 37 197798 119626 -1 -1 -1 -1 -1)
#(0 43 137791 49 1 3 1 11 60781 119626 -1 -1 -1 -1 -1)
#(0 43 137792 20 1 2 0 34 180545 119626 -1 -1 -1 -1 -1)
#(0 43 137793 48 1 1 1 32 171735 119626 -1 -1 -1 -1 -1)
#(0 43 137794 27 1 2 1 67 357640 119626 -1 -1 -1 -1 -1)
#(0 43 137795 20 1 0 1 71 379183 119626 -1 -1 -1 -1 -1)
#(0 43 137796 32 1 2 0 54 286789 119626 -1 -1 -1 -1 -1)
#(0 43 138125 30 1 0 0 4 21637 119626 -1 -1 -1 -1 -1)
#(0 43 138131 22 1 0 1 65 348106 119626 -1 -1 -1 -1 -1)
#(0 43 138135 23 1 0 0 2 10947 119626 -1 -1 -1 -1 -1)
#(0 43 138136 34 1 0 0 63 333223 119626 -1 -1 -1 -1 -1)
#(0 43 138137 28 1 0 1 79 421925 119626 -1 -1 -1 -1 -1)
#(0 43 138138 20 1 0 1 88 469587 119626 -1 -1 -1 -1 -1)
#(0 43 138139 28 1 0 1 46 247689 119626 -1 -1 -1 -1 -1)
#(0 43 138140 29 1 0 0 45 238082 119626 -1 -1 -1 -1 -1)
#(0 43 138141 29 1 0 1 34 184317 119626 -1 -1 -1 -1 -1)
#(0 43 138142 20 1 0 0 15 79523 119626 -1 -1 -1 -1 -1)
#(0 43 138143 30 1 0 0 57 301459 119626 -1 -1 -1 -1 -1)
#(0 43 138144 20 1 0 1 57 305921 119626 -1 -1 -1 -1 -1)
#(0 43 138145 20 1 0 1 98 522404 119626 -1 -1 -1 -1 -1)
#(0 43 275298 23 2 2 0 8 43458 239253 -1 -1 -1 -1 -1)
#(0 43 275312 38 2 3 0 7 38962 239253 -1 -1 -1 -1 -1)
#(0 43 275317 47 2 2 1 77 409403 239253 -1 -1 -1 -1 -1)
#(0 43 275318 42 2 1 1 86 457190 239253 -1 -1 -1 -1 -1)
#(0 43 275319 33 2 1 0 2 12378 239253 -1 -1 -1 -1 -1)
#(0 43 275320 28 2 2 0 39 207329 239253 -1 -1 -1 -1 -1)
#(0 43 275321 34 2 1 1 79 420519 239253 -1 -1 -1 -1 -1)
#(0 43 275322 23 2 2 0 15 80424 239253 -1 -1 -1 -1 -1)
#(0 43 275323 28 2 2 0 51 270725 239253 -1 -1 -1 -1 -1)
#(0 43 275324 20 2 2 0 28 148880 239253 -1 -1 -1 -1 -1)
#(3 43 275324 -1 2 -1 -1 -1 -1 239259 -1 -1 -1 -1 19)
#(0 43 275325 48 2 1 0 71 377367 239253 -1 -1 -1 -1 -1)
#(0 43 275326 21 2 3 0 27 143584 239253 -1 -1 -1 -1 -1)
#(0 43 275327 30 2 2 0 46 244404 239253 -1 -1 -1 -1 -1)
#(0 43 275328 48 2 1 0 21 113339 239253 -1 -1 -1 -1 -1)
#(0 43 275329 38 2 2 1 78 415179 239253 -1 -1 -1 -1 -1)
#(0 43 275330 38 2 1 1 93 494366 239253 -1 -1 -1 -1 -1)
#(0 43 275682 20 2 0 0 15 79529 239253 -1 -1 -1 -1 -1)
#(0 43 275683 30 2 0 1 87 464127 239253 -1 -1 -1 -1 -1)
#(0 43 275684 34 2 0 0 59 312098 239253 -1 -1 -1 -1 -1)
#(0 43 275685 32 2 0 1 47 252912 239253 -1 -1 -1 -1 -1)
#(0 43 275686 30 2 0 0 40 211705 239253 -1 -1 -1 -1 -1)
#(0 43 275687 25 2 0 0 2 10957 239253 -1 -1 -1 -1 -1)
#(0 43 275688 32 2 0 1 67 358526 239253 -1 -1 -1 -1 -1)
#(0 43 275689 26 2 0 1 95 506464 239253 -1 -1 -1 -1 -1)
#(0 43 412414 46 3 1 1 42 224654 359592 -1 -1 -1 -1 -1)
#(0 43 412415 31 3 2 0 66 350075 359592 -1 -1 -1 -1 -1)
#(0 43 412416 24 3 2 0 21 112309 359592 -1 -1 -1 -1 -1)
#(0 43 412417 30 3 2 1 86 457757 359592 -1 -1 -1 -1 -1)
#(0 43 412418 22 3 2 1 97 516259 359592 -1 -1 -1 -1 -1)
#(0 43 412419 31 3 2 0 49 260354 359592 -1 -1 -1 -1 -1)
#(0 43 412420 33 3 2 0 19 102037 359592 -1 -1 -1 -1 -1)
#(0 43 412421 31 3 2 1 98 521103 359592 -1 -1 -1 -1 -1)
#(0 43 412422 40 3 1 1 46 246041 359592 -1 -1 -1 -1 -1)
#(0 43 412423 27 3 2 0 0 1517 359592 -1 -1 -1 -1 -1)
#(0 43 412424 37 3 1 1 80 425767 359592 -1 -1 -1 -1 -1)
#(0 43 412425 29 3 2 1 82 436748 359592 -1 -1 -1 -1 -1)
#(0 43 412426 33 3 2 0 8 43933 359592 -1 -1 -1 -1 -1)
#(0 43 412427 45 3 1 1 88 467612 359592 -1 -1 -1 -1 -1)
#(0 43 412428 33 3 2 0 43 228746 359592 -1 -1 -1 -1 -1)
#(0 43 412429 55 3 1 0 13 71446 359592 -1 -1 -1 -1 -1)
#(0 43 412776 23 3 0 1 61 326989 359592 -1 -1 -1 -1 -1)
#(0 43 412777 31 3 0 0 9 48053 359592 -1 -1 -1 -1 -1)
#(0 43 412778 34 3 0 0 54 285705 359592 -1 -1 -1 -1 -1)
#(0 43 412779 21 3 0 0 14 74258 359592 -1 -1 -1 -1 -1)
#(0 43 412780 29 3 0 0 3 16330 359592 -1 -1 -1 -1 -1)
#(0 43 412781 29 3 0 1 78 416624 359592 -1 -1 -1 -1 -1)
#(0 43 412782 28 3 0 1 88 469455 359592 -1 -1 -1 -1 -1)
#(0 43 412783 23 3 0 1 25 136901 359592 -1 -1 -1 -1 -1)
#(0 43 412784 28 3 0 1 13 73462 359592 -1 -1 -1 -1 -1)
#(0 44 278 31 0 2 0 22 117784 -1 -1 -1 -1 -1 -1)
#(0 44 281 21 0 3 1 80 426592 -1 -1 -1 -1 -1 -1)
#(0 44 298 30 0 2 1 78 415558 -1 -1 -1 -1 -1 -1)
#(0 44 300 26 0 2 1 76 405202 -1 -1 -1 -1 -1 -1)
#(0 44 301 22 0 2 1 82 436950 -1 -1 -1 -1 -1 -1)
#(0 44 302 26 0 2 0 28 149203 -1 -1 -1 -1 -1 -1)
#(0 44 303 20 0 2 1 62 331593 -1 -1 -1 -1 -1 -1)
#(0 44 304 39 0 1 0 12 65401 -1 -1 -1 -1 -1 -1)
#(0 44 305 28 0 2 1 69 368114 -1 -1 -1 -1 -1 -1)
#(0 44 306 26 0 2 0 58 307653 -1 -1 -1 -1 -1 -1)
#(0 44 307 26 0 2 0 0 1331 -1 -1 -1 -1 -1 -1)
#(0 44 308 29 0 3 0 26 138792 -1 -1 -1 -1 -1 -1)
#(0 44 642 20 0 0 1 65 348126 -1 -1 -1 -1 -1 -1)
#(0 44 649 29 0 0 1 97 516964 -1 -1 -1 -1 -1 -1)
#(0 44 654 25 0 0 0 21 111299 -1 -1 -1 -1 -1 -1)
#(0 44 655 34 0 0 1 80 427104 -1 -1 -1 -1 -1 -1)
#(0 44 656 30 0 0 0 16 84989 -1 -1 -1 -1 -1 -1)
#(0 44 657 23 0 0 1 95 506503 -1 -1 -1 -1 -1 -1)
#(0 44 658 27 0 0 1 35 189628 -1 -1 -1 -1 -1 -1)
#(0 44 659 27 0 0 1 98 522271 -1 -1 -1 -1 -1 -1)
#(0 44 660 34 0 0 0 1 5856 -1 -1 -1 -1 -1 -1)
#(0 44 662 32 0 0 1 26 142030 -1 -1 -1 -1 -1 -1)
#(0 44 663 23 0 0 1 88 469547 -1 -1 -1 -1 -1 -1)
#(0 44 664 28 0 0 1 73 390247 -1 -1 -1 -1 -1 -1)
#(0 44 665 30 0 0 1 42 226535 -1 -1 -1 -1 -1 -1)
#(0 44 666 30 0 0 1 21 115656 -1 -1 -1 -1 -1 -1)
#(0 44 667 29 0 0 1 7 41764 -1 -1 -1 -1 -1 -1)
#(0 44 668 32 0 0 0 25 132523 -1 -1 -1 -1 -1 -1)
#(0 44 669 32 0 0 0 36 190603 -1 -1 -1 -1 -1 -1)
#(0 44 671 32 0 0 0 12 63875 -1 -1 -1 -1 -1 -1)
#(0 44 137785 20 1 2 1 37 199615 119626 -1 -1 -1 -1 -1)
#(0 44 137788 25 1 2 1 62 331332 119626 -1 -1 -1 -1 -1)
#(0 44 137797 42 1 3 0 72 382410 119626 -1 -1 -1 -1 -1)
#(0 44 137798 35 1 1 1 51 272748 119626 -1 -1 -1 -1 -1)
#(0 44 137799 36 1 1 1 80 425786 119626 -1 -1 -1 -1 -1)
#(0 44 137800 28 1 2 0 4 22549 119626 -1 -1 -1 -1 -1)
#(0 44 137801 37 1 1 0 6 33637 119626 -1 -1 -1 -1 -1)
#(0 44 137802 21 1 2 0 51 270329 119626 -1 -1 -1 -1 -1)
#(0 44 137804 36 1 1 1 49 262118 119626 -1 -1 -1 -1 -1)
#(0 44 137806 24 1 2 0 7 38250 119626 -1 -1 -1 -1 -1)
#(0 44 137807 33 1 2 0 2 12270 119626 -1 -1 -1 -1 -1)
#(0 44 137808 24 1 2 0 45 238959 119626 -1 -1 -1 -1 -1)
#(0 44 137809 29 1 2 1 77 410273 119626 -1 -1 -1 -1 -1)
#(0 44 137810 20 1 2 1 72 384374 119626 -1 -1 -1 -1 -1)
#(0 44 137811 26 1 2 0 65 344522 119626 -1 -1 -1 -1 -1)
#(0 44 137812 37 1 1 1 81 431034 119626 -1 -1 -1 -1 -1)
#(0 44 137813 38 1 2 1 60 320113 119626 -1 -1 -1 -1 -1)
#(0 44 138146 26 1 0 0 21 111320 119626 -1 -1 -1 -1 -1)
#(0 44 138147 30 1 0 0 9 48039 119626 -1 -1 -1 -1 -1)
#(0 44 138148 28 1 0 0 32 169430 119626 -1 -1 -1 -1 -1)
#(0 44 138149 20 1 0 1 74 395672 119626 -1 -1 -1 -1 -1)
#(0 44 138150 30 1 0 1 69 369088 119626 -1 -1 -1 -1 -1)
#(0 44 138151 20 1 0 0 17 90084 119626 -1 -1 -1 -1 -1)
#(0 44 138152 29 1 0 1 48 258238 119626 -1 -1 -1 -1 -1)
#(0 44 138153 20 1 0 0 3 16166 119626 -1 -1 -1 -1 -1)
#(0 44 138155 27 1 0 0 42 222199 119626 -1 -1 -1 -1 -1)
#(0 44 138156 25 1 0 1 86 458961 119626 -1 -1 -1 -1 -1)
#(0 44 138159 28 1 0 0 36 190532 119626 -1 -1 -1 -1 -1)
#(0 44 275306 24 2 2 1 85 452896 239253 -1 -1 -1 -1 -1)
#(0 44 275316 21 2 2 0 19 101405 239253 -1 -1 -1 -1 -1)
#(0 44 275331 30 2 2 0 30 159963 239253 -1 -1 -1 -1 -1)
#(0 44 275332 34 2 1 0 9 49324 239253 -1 -1 -1 -1 -1)
#(0 44 275333 27 2 2 0 40 212592 239253 -1 -1 -1 -1 -1)
#(0 44 275334 51 2 3 1 91 483111 239253 -1 -1 -1 -1 -1)
#(0 44 275335 56 2 3 1 54 287482 239253 -1 -1 -1 -1 -1)
#(0 44 275336 36 2 1 1 44 235616 239253 -1 -1 -1 -1 -1)
#(0 44 275337 39 2 1 0 78 413976 239253 -1 -1 -1 -1 -1)
#(0 44 275338 37 2 3 0 31 165579 239253 -1 -1 -1 -1 -1)
#(0 44 275339 21 2 2 1 75 400232 239253 -1 -1 -1 -1 -1)
#(0 44 275340 23 2 2 1 61 326127 239253 -1 -1 -1 -1 -1)
#(0 44 275341 20 2 2 1 38 204880 239253 -1 -1 -1 -1 -1)
#(0 44 275342 38 2 3 1 45 240933 239253 -1 -1 -1 -1 -1)
#(0 44 275343 30 2 1 0 13 70243 239253 -1 -1 -1 -1 -1)
#(0 44 275344 36 2 3 0 33 176084 239253 -1 -1 -1 -1 -1)
#(0 44 275690 28 2 0 0 40 211660 239253 -1 -1 -1 -1 -1)
#(0 44 275691 27 2 0 1 99 527537 239253 -1 -1 -1 -1 -1)
#(0 44 275692 20 2 0 0 58 306581 239253 -1 -1 -1 -1 -1)
#(0 44 275693 23 2 0 0 29 153506 239253 -1 -1 -1 -1 -1)
#(0 44 275694 26 2 0 1 76 406129 239253 -1 -1 -1 -1 -1)
#(0 44 275696 26 2 0 0 12 63802 239253 -1 -1 -1 -1 -1)
#(0 44 275697 30 2 0 0 35 185312 239253 -1 -1 -1 -1 -1)
#(0 44 275698 29 2 0 0 22 116636 239253 -1 -1 -1 -1 -1)
#(0 44 275699 30 2 0 0 13 69138 239253 -1 -1 -1 -1 -1)
#(0 44 412430 31 3 2 0 48 255048 359592 -1 -1 -1 -1 -1)
#(0 44 412431 20 3 2 0 25 133051 359592 -1 -1 -1 -1 -1)
#(0 44 412434 21 3 2 0 37 196420 359592 -1 -1 -1 -1 -1)
#(0 44 412435 31 3 2 1 54 288785 359592 -1 -1 -1 -1 -1)
#(0 44 412436 36 3 1 1 52 277958 359592 -1 -1 -1 -1 -1)
#(0 44 412437 38 3 1 0 63 334641 359592 -1 -1 -1 -1 -1)
#(0 44 412438 32 3 3 1 31 167263 359592 -1 -1 -1 -1 -1)
#(0 44 412440 39 3 2 1 42 225000 359592 -1 -1 -1 -1 -1)
#(0 44 412441 46 3 3 0 24 129110 359592 -1 -1 -1 -1 -1)
#(0 44 412442 41 3 1 0 14 76061 359592 -1 -1 -1 -1 -1)
#(0 44 412443 50 3 1 1 85 451478 359592 -1 -1 -1 -1 -1)
#(0 44 412445 37 3 1 1 61 325473 359592 -1 -1 -1 -1 -1)
#(0 44 412785 29 3 0 1 56 300458 359592 -1 -1 -1 -1 -1)
#(0 44 412786 25 3 0 1 68 363892 359592 -1 -1 -1 -1 -1)
#(0 44 412787 26 3 0 0 17 90200 359592 -1 -1 -1 -1 -1)
#(0 44 412788 23 3 0 0 26 137665 359592 -1 -1 -1 -1 -1)
#(0 44 412789 23 3 0 1 75 400900 359592 -1 -1 -1 -1 -1)
#(0 44 412790 32 3 0 1 26 142024 359592 -1 -1 -1 -1 -1)
#(0 44 412791 20 3 0 1 47 253111 359592 -1 -1 -1 -1 -1)
#(0 44 412792 29 3 0 0 3 16315 359592 -1 -1 -1 -1 -1)
#(0 44 412793 30 3 0 0 77 407064 359592 -1 -1 -1 -1 -1)
#(0 44 412794 30 3 0 0 9 48011 359592 -1 -1 -1 -1 -1)
#(0 44 412795 28 3 0 1 42 226582 359592 -1 -1 -1 -1 -1)
#(0 44 412796 29 3 0 0 23 121907 359592 -1 -1 -1 -1 -1)
#(0 45 299 30 0 2 1 78 415551 -1 -1 -1 -1 -1 -1)
#(2 45 306 -1 -1 -1 -1 -1 -1 10 -1 -1 -1 -1 -1)
#(0 45 309 36 0 1 1 46 246255 -1 -1 -1 -1 -1 -1)
#(0 45 310 48 0 1 0 53 282305 -1 -1 -1 -1 -1 -1)
#(0 45 311 21 0 2 0 35 185852 -1 -1 -1 -1 -1 -1)
#(0 45 312 36 0 2 0 49 260578 -1 -1 -1 -1 -1 -1)
#(0 45 313 25 0 2 0 58 307539 -1 -1 -1 -1 -1 -1)
#(0 45 314 40 0 1 0 62 329419 -1 -1 -1 -1 -1 -1)
#(0 45 315 43 0 3 1 63 335661 -1 -1 -1 -1 -1 -1)
#(0 45 316 25 0 2 0 13 69912 -1 -1 -1 -1 -1 -1)
#(0 45 317 47 0 1 0 64 340426 -1 -1 -1 -1 -1 -1)
#(0 45 318 30 0 2 1 98 521196 -1 -1 -1 -1 -1 -1)
#(0 45 319 27 0 2 0 20 107096 -1 -1 -1 -1 -1 -1)
#(0 45 661 20 0 0 1 65 348144 -1 -1 -1 -1 -1 -1)
#(0 45 670 31 0 0 0 16 84989 -1 -1 -1 -1 -1 -1)
#(0 45 673 25 0 0 0 35 185224 -1 -1 -1 -1 -1 -1)
#(0 45 674 22 0 0 1 57 305860 -1 -1 -1 -1 -1 -1)
#(0 45 675 20 0 0 1 43 231987 -1 -1 -1 -1 -1 -1)
#(0 45 676 29 0 0 1 51 274064 -1 -1 -1 -1 -1 -1)
#(0 45 677 20 0 0 1 76 406226 -1 -1 -1 -1 -1 -1)
#(0 45 678 34 0 0 0 10 53373 -1 -1 -1 -1 -1 -1)
#(0 45 679 32 0 0 1 50 268750 -1 -1 -1 -1 -1 -1)
#(0 45 680 23 0 0 1 32 173860 -1 -1 -1 -1 -1 -1)
#(0 45 681 27 0 0 0 23 121879 -1 -1 -1 -1 -1 -1)
#(0 45 682 29 0 0 0 46 243349 -1 -1 -1 -1 -1 -1)
#(0 45 683 23 0 0 0 54 285485 -1 -1 -1 -1 -1 -1)
#(0 45 137790 25 1 2 0 8 43478 119626 -1 -1 -1 -1 -1)
#(0 45 137803 28 1 2 0 6 33114 119626 -1 -1 -1 -1 -1)
#(0 45 137805 21 1 2 1 71 379117 119626 -1 -1 -1 -1 -1)
#(0 45 137814 22 1 3 0 15 80335 119626 -1 -1 -1 -1 -1)
#(0 45 137816 48 1 2 0 47 250582 119626 -1 -1 -1 -1 -1)
#(0 45 137817 36 1 3 1 76 404588 119626 -1 -1 -1 -1 -1)
#(0 45 137818 35 1 2 0 1 7122 119626 -1 -1 -1 -1 -1)
#(0 45 137821 29 1 2 0 46 244381 119626 -1 -1 -1 -1 -1)
#(0 45 137822 26 1 2 1 74 394662 119626 -1 -1 -1 -1 -1)
#(0 45 138154 30 1 0 1 48 258231 119626 -1 -1 -1 -1 -1)
#(0 45 138158 19 1 0 1 98 522409 119626 -1 -1 -1 -1 -1)
#(0 45 138161 29 1 0 1 76 406064 119626 -1 -1 -1 -1 -1)
#(0 45 138163 26 1 0 0 8 42668 119626 -1 -1 -1 -1 -1)
#(0 45 138164 28 1 0 1 83 443055 119626 -1 -1 -1 -1 -1)
#(0 45 138166 23 1 0 0 1 5645 119626 -1 -1 -1 -1 -1)
#(0 45 275345 27 2 2 0 30 159860 239253 -1 -1 -1 -1 -1)
#(0 45 275346 42 2 1 0 24 128966 239253 -1 -1 -1 -1 -1)
#(0 45 275347 40 2 2 0 0 2048 239253 -1 -1 -1 -1 -1)
#(0 45 275348 53 2 1 1 29 155606 239253 -1 -1 -1 -1 -1)
#(0 45 275349 40 2 3 1 79 420272 239253 -1 -1 -1 -1 -1)
#(0 45 275350 32 2 2 1 90 478835 239253 -1 -1 -1 -1 -1)
#(0 45 275351 33 2 2 0 31 165303 239253 -1 -1 -1 -1 -1)
#(0 45 275352 36 2 1 0 7 38820 239253 -1 -1 -1 -1 -1)
#(0 45 275353 38 2 3 0 17 91750 239253 -1 -1 -1 -1 -1)
#(0 45 275354 31 2 2 1 84 447217 239253 -1 -1 -1 -1 -1)
#(0 45 275355 35 2 2 1 55 293872 239253 -1 -1 -1 -1 -1)
#(0 45 275356 44 2 1 1 77 409549 239253 -1 -1 -1 -1 -1)
#(0 45 275357 27 2 2 1 59 315404 239253 -1 -1 -1 -1 -1)
#(0 45 275358 20 2 3 1 74 394980 239253 -1 -1 -1 -1 -1)
#(0 45 275695 20 2 0 0 58 306561 239253 -1 -1 -1 -1 -1)
#(0 45 275700 32 2 0 1 60 321528 239253 -1 -1 -1 -1 -1)
#(0 45 275701 34 2 0 1 78 416537 239253 -1 -1 -1 -1 -1)
#(0 45 275702 28 2 0 1 90 479996 239253 -1 -1 -1 -1 -1)
#(0 45 275703 29 2 0 1 86 458869 239253 -1 -1 -1 -1 -1)
#(0 45 275705 30 2 0 1 77 411323 239253 -1 -1 -1 -1 -1)
#(0 45 275706 21 2 0 1 54 290042 239253 -1 -1 -1 -1 -1)
#(0 45 275708 20 2 0 1 19 105267 239253 -1 -1 -1 -1 -1)
#(0 45 275709 25 2 0 1 74 395593 239253 -1 -1 -1 -1 -1)
#(0 45 275710 24 2 0 1 79 422000 239253 -1 -1 -1 -1 -1)
#(0 45 275711 32 2 0 0 46 243410 239253 -1 -1 -1 -1 -1)
#(0 45 275712 30 2 0 0 19 100825 239253 -1 -1 -1 -1 -1)
#(0 45 275713 27 2 0 0 16 84926 239253 -1 -1 -1 -1 -1)
#(0 45 275714 28 2 0 1 91 485302 239253 -1 -1 -1 -1 -1)
#(0 45 275715 34 2 0 0 31 164241 239253 -1 -1 -1 -1 -1)
#(0 45 275716 25 2 0 0 22 116561 239253 -1 -1 -1 -1 -1)
#(0 45 275717 20 2 0 0 73 385759 239253 -1 -1 -1 -1 -1)
#(0 45 275718 24 2 0 0 35 185176 239253 -1 -1 -1 -1 -1)
#(0 45 412432 30 3 2 0 8 43753 359592 -1 -1 -1 -1 -1)
#(0 45 412433 40 3 2 1 88 467926 359592 -1 -1 -1 -1 -1)
#(0 45 412439 28 3 2 1 82 436758 359592 -1 -1 -1 -1 -1)
#(0 45 412446 36 3 2 1 68 362383 359592 -1 -1 -1 -1 -1)
#(0 45 412447 32 3 2 0 18 96691 359592 -1 -1 -1 -1 -1)
#(0 45 412448 21 3 3 0 1 6324 359592 -1 -1 -1 -1 -1)
#(0 45 412449 26 3 2 0 54 286491 359592 -1 -1 -1 -1 -1)
#(0 45 412450 20 3 2 1 72 384392 359592 -1 -1 -1 -1 -1)
#(0 45 412451 20 3 2 1 93 495282 359592 -1 -1 -1 -1 -1)
#(0 45 412452 35 3 1 1 64 341373 359592 -1 -1 -1 -1 -1)
#(0 45 412453 20 3 3 1 81 431919 359592 -1 -1 -1 -1 -1)
#(0 45 412454 38 3 2 0 6 33672 359592 -1 -1 -1 -1 -1)
#(0 45 412797 27 3 0 0 12 63818 359592 -1 -1 -1 -1 -1)
#(0 45 412798 27 3 0 0 82 433418 359592 -1 -1 -1 -1 -1)
#(0 45 412799 34 3 0 1 52 279255 359592 -1 -1 -1 -1 -1)
#(0 45 412800 29 3 0 1 66 353277 359592 -1 -1 -1 -1 -1)
#(0 45 412801 28 3 0 1 91 485294 359592 -1 -1 -1 -1 -1)
#(0 45 412803 20 3 0 0 36 190408 359592 -1 -1 -1 -1 -1)
#(0 45 412804 28 3 0 1 69 369142 359592 -1 -1 -1 -1 -1)
#(0 45 412805 25 3 0 0 18 95438 359592 -1 -1 -1 -1 -1)
#(0 45 412806 30 3 0 1 90 479991 359592 -1 -1 -1 -1 -1)
#(0 46 320 20 0 0 0 0 986 -1 -1 -1 -1 -1 -1)
#(0 46 321 52 0 1 1 84 446064 -1 -1 -1 -1 -1 -1)
#(0 46 322 40 0 1 1 73 388622 -1 -1 -1 -1 -1 -1)
#(0 46 323 26 0 2 1 76 405221 -1 -1 -1 -1 -1 -1)
#(0 46 324 30 0 2 0 17 91483 -1 -1 -1 -1 -1 -1)
#(0 46 325 37 0 2 1 52 277829 -1 -1 -1 -1 -1 -1)
#(0 46 326 22 0 2 0 50 265116 -1 -1 -1 -1 -1 -1)
#(0 46 328 31 0 2 1 85 452507 -1 -1 -1 -1 -1 -1)
#(0 46 329 27 0 2 1 95 505500 -1 -1 -1 -1 -1 -1)
#(0 46 330 24 0 2 1 94 500293 -1 -1 -1 -1 -1 -1)
#(0 46 332 30 0 2 0 40 212767 -1 -1 -1 -1 -1 -1)
#(0 46 333 42 0 2 1 81 430786 -1 -1 -1 -1 -1 -1)
#(0 46 334 28 0 2 1 65 347026 -1 -1 -1 -1 -1 -1)
#(2 46 653 -1 -1 -1 -1 -1 -1 11 -1 -1 -1 -1 -1)
#(0 46 672 23 0 0 1 95 506484 -1 -1 -1 -1 -1 -1)
#(0 46 684 20 0 0 0 89 470262 -1 -1 -1 -1 -1 -1)
#(0 46 685 32 0 0 1 56 300410 -1 -1 -1 -1 -1 -1)
#(0 46 686 26 0 0 0 30 158835 -1 -1 -1 -1 -1 -1)
#(0 46 687 26 0 0 1 69 369167 -1 -1 -1 -1 -1 -1)
#(0 46 688 29 0 0 1 89 474704 -1 -1 -1 -1 -1 -1)
#(0 46 689 28 0 0 1 61 326885 -1 -1 -1 -1 -1 -1)
#(0 46 690 30 0 0 0 1 5799 -1 -1 -1 -1 -1 -1)
#(0 46 691 26 0 0 0 5 26833 -1 -1 -1 -1 -1 -1)
#(0 46 692 31 0 0 0 32 169481 -1 -1 -1 -1 -1 -1)
#(0 46 693 30 0 0 0 26 137771 -1 -1 -1 -1 -1 -1)
#(0 46 694 30 0 0 1 58 311015 -1 -1 -1 -1 -1 -1)
#(0 46 696 29 0 0 0 68 359516 -1 -1 -1 -1 -1 -1)
#(2 46 700 -1 -1 -1 -1 -1 -1 6 -1 -1 -1 -1 -1)
#(0 46 137815 25 1 2 0 8 43383 119626 -1 -1 -1 -1 -1)
#(0 46 137823 54 1 1 1 96 509342 119626 -1 -1 -1 -1 -1)
#(0 46 137824 31 1 2 1 80 426074 119626 -1 -1 -1 -1 -1)
#(0 46 137825 41 1 1 1 40 214351 119626 -1 -1 -1 -1 -1)
#(0 46 137826 35 1 1 0 53 281658 119626 -1 -1 -1 -1 -1)
#(0 46 137827 39 1 1 1 61 325334 119626 -1 -1 -1 -1 -1)
#(0 46 137828 42 1 1 0 67 355991 119626 -1 -1 -1 -1 -1)
#(0 46 137829 20 1 2 1 60 321041 119626 -1 -1 -1 -1 -1)
#(0 46 137830 46 1 1 1 39 208809 119626 -1 -1 -1 -1 -1)
#(0 46 137831 32 1 1 0 29 154780 119626 -1 -1 -1 -1 -1)
#(0 46 137832 21 1 3 1 92 489997 119626 -1 -1 -1 -1 -1)
#(0 46 137833 34 1 1 1 70 373070 119626 -1 -1 -1 -1 -1)
#(0 46 137834 41 1 1 0 27 144728 119626 -1 -1 -1 -1 -1)
#(0 46 137835 20 1 2 0 0 1038 119626 -1 -1 -1 -1 -1)
#(0 46 137836 40 1 1 1 98 520658 119626 -1 -1 -1 -1 -1)
#(0 46 137837 30 1 2 0 54 286762 119626 -1 -1 -1 -1 -1)
#(0 46 137838 25 1 2 1 53 283819 119626 -1 -1 -1 -1 -1)
#(0 46 138162 27 1 0 0 36 190533 119626 -1 -1 -1 -1 -1)
#(0 46 138167 29 1 0 1 82 437737 119626 -1 -1 -1 -1 -1)
#(0 46 138168 27 1 0 0 61 322544 119626 -1 -1 -1 -1 -1)
#(0 46 138169 32 1 0 1 51 274015 119626 -1 -1 -1 -1 -1)
#(0 46 138170 29 1 0 1 72 384944 119626 -1 -1 -1 -1 -1)
#(0 46 138171 23 1 0 1 91 485370 119626 -1 -1 -1 -1 -1)
#(0 46 138172 25 1 0 1 94 501188 119626 -1 -1 -1 -1 -1)
#(0 46 138173 27 1 0 1 37 200188 119626 -1 -1 -1 -1 -1)
#(0 46 138174 29 1 0 0 42 222236 119626 -1 -1 -1 -1 -1)
#(0 46 138175 32 1 0 1 56 300430 119626 -1 -1 -1 -1 -1)
#(0 46 138176 29 1 0 0 48 253925 119626 -1 -1 -1 -1 -1)
#(0 46 138177 20 1 0 0 14 74242 119626 -1 -1 -1 -1 -1)
#(0 46 138178 29 1 0 1 70 374417 119626 -1 -1 -1 -1 -1)
#(0 46 138179 27 1 0 1 99 527567 119626 -1 -1 -1 -1 -1)
#(0 46 275359 31 2 2 1 89 473579 239253 -1 -1 -1 -1 -1)
#(0 46 275360 42 2 3 1 94 499394 239253 -1 -1 -1 -1 -1)
#(0 46 275361 21 2 2 1 97 516391 239253 -1 -1 -1 -1 -1)
#(0 46 275362 45 2 1 0 14 76307 239253 -1 -1 -1 -1 -1)
#(0 46 275363 48 2 1 1 99 525533 239253 -1 -1 -1 -1 -1)
#(0 46 275365 25 2 2 0 22 117525 239253 -1 -1 -1 -1 -1)
#(0 46 275366 26 2 2 1 70 373415 239253 -1 -1 -1 -1 -1)
#(0 46 275368 34 2 3 0 4 22865 239253 -1 -1 -1 -1 -1)
#(0 46 275704 32 2 0 1 60 321544 239253 -1 -1 -1 -1 -1)
#(0 46 275707 25 2 0 1 78 416699 239253 -1 -1 -1 -1 -1)
#(0 46 275719 22 2 0 1 54 290042 239253 -1 -1 -1 -1 -1)
#(0 46 275720 32 2 0 0 32 169512 239253 -1 -1 -1 -1 -1)
#(0 46 275721 27 2 0 1 41 221297 239253 -1 -1 -1 -1 -1)
#(0 46 275722 23 2 0 0 14 74298 239253 -1 -1 -1 -1 -1)
#(0 46 275723 28 2 0 1 73 390249 239253 -1 -1 -1 -1 -1)
#(0 46 275724 29 2 0 1 87 464163 239253 -1 -1 -1 -1 -1)
#(0 46 275725 26 2 0 1 89 474776 239253 -1 -1 -1 -1 -1)
#(0 46 275726 26 2 0 1 42 226612 239253 -1 -1 -1 -1 -1)
#(0 46 275727 27 2 0 0 50 264440 239253 -1 -1 -1 -1 -1)
#(0 46 275728 30 2 0 1 75 400782 239253 -1 -1 -1 -1 -1)
#(0 46 275729 34 2 0 1 64 342639 239253 -1 -1 -1 -1 -1)
#(0 46 275730 30 2 0 1 46 247668 239253 -1 -1 -1 -1 -1)
#(0 46 412444 38 3 1 1 88 468028 359592 -1 -1 -1 -1 -1)
#(0 46 412455 27 3 2 0 26 138666 359592 -1 -1 -1 -1 -1)
#(0 46 412456 21 3 2 1 73 389660 359592 -1 -1 -1 -1 -1)
#(0 46 412457 28 3 2 0 79 418566 359592 -1 -1 -1 -1 -1)
#(0 46 412458 32 3 2 0 69 365981 359592 -1 -1 -1 -1 -1)
#(0 46 412459 29 3 2 1 63 336400 359592 -1 -1 -1 -1 -1)
#(0 46 412460 32 3 1 0 49 260369 359592 -1 -1 -1 -1 -1)
#(0 46 412461 28 3 2 1 87 463221 359592 -1 -1 -1 -1 -1)
#(0 46 412462 20 3 2 0 4 22155 359592 -1 -1 -1 -1 -1)
#(0 46 412463 20 3 2 1 97 516294 359592 -1 -1 -1 -1 -1)
#(0 46 412464 28 3 2 0 15 80610 359592 -1 -1 -1 -1 -1)
#(0 46 412467 36 3 1 0 70 371478 359592 -1 -1 -1 -1 -1)
#(0 46 412802 22 3 0 1 66 353399 359592 -1 -1 -1 -1 -1)
#(0 46 412807 29 3 0 1 73 390217 359592 -1 -1 -1 -1 -1)
#(0 46 412808 32 3 0 1 80 427135 359592 -1 -1 -1 -1 -1)
#(0 46 412809 28 3 0 0 30 158877 359592 -1 -1 -1 -1 -1)
#(0 46 412810 27 3 0 1 76 406102 359592 -1 -1 -1 -1 -1)
#(0 46 412811 20 3 0 0 6 32003 359592 -1 -1 -1 -1 -1)
#(0 46 412812 27 3 0 1 34 184358 359592 -1 -1 -1 -1 -1)
#(0 46 412813 29 3 0 1 48 258246 359592 -1 -1 -1 -1 -1)
#(0 46 412814 30 3 0 0 40 211699 359592 -1 -1 -1 -1 -1)
#(0 46 412815 24 3 0 0 10 53180 359592 -1 -1 -1 -1 -1)
#(0 46 412816 27 3 0 0 45 238031 359592 -1 -1 -1 -1 -1)
#(0 47 327 31 0 2 1 84 447178 -1 -1 -1 -1 -1 -1)
#(0 47 331 22 0 3 0 35 185923 -1 -1 -1 -1 -1 -1)
#(0 47 335 48 0 3 1 79 419829 -1 -1 -1 -1 -1 -1)
#(0 47 336 30 0 2 1 83 441951 -1 -1 -1 -1 -1 -1)
#(0 47 337 20 0 2 0 13 69648 -1 -1 -1 -1 -1 -1)
#(0 47 338 50 0 1 0 32 171605 -1 -1 -1 -1 -1 -1)
#(0 47 340 27 0 2 0 20 107060 -1 -1 -1 -1 -1 -1)
#(2 47 340 -1 -1 -1 -1 -1 -1 11 -1 -1 -1 -1 -1)
#(0 47 342 43 0 3 0 11 60293 -1 -1 -1 -1 -1 -1)
#(0 47 343 28 0 2 0 72 381629 -1 -1 -1 -1 -1 -1)
#(0 47 344 30 0 2 0 70 371165 -1 -1 -1 -1 -1 -1)
#(0 47 345 26 0 2 1 59 315439 -1 -1 -1 -1 -1 -1)
#(0 47 346 33 0 1 1 44 235916 -1 -1 -1 -1 -1 -1)
#(0 47 695 28 0 0 0 23 121914 -1 -1 -1 -1 -1 -1)
#(0 47 697 26 0 0 1 69 369167 -1 -1 -1 -1 -1 -1)
#(0 47 698 23 0 0 1 83 443131 -1 -1 -1 -1 -1 -1)
#(0 47 699 29 0 0 1 92 490542 -1 -1 -1 -1 -1 -1)
#(0 47 700 25 0 0 0 18 95464 -1 -1 -1 -1 -1 -1)
#(0 47 701 26 0 0 0 73 385880 -1 -1 -1 -1 -1 -1)
#(0 47 702 28 0 0 0 56 296151 -1 -1 -1 -1 -1 -1)
#(0 47 703 32 0 0 1 84 448265 -1 -1 -1 -1 -1 -1)
#(0 47 704 30 0 0 0 19 100825 -1 -1 -1 -1 -1 -1)
#(0 47 705 32 0 0 0 36 190610 -1 -1 -1 -1 -1 -1)
#(0 47 706 20 0 0 1 71 379834 -1 -1 -1 -1 -1 -1)
#(0 47 707 31 0 0 1 90 479971 -1 -1 -1 -1 -1 -1)
#(0 47 708 32 0 0 0 40 211718 -1 -1 -1 -1 -1 -1)
#(0 47 709 23 0 0 1 95 506516 -1 -1 -1 -1 -1 -1)
#(0 47 710 23 0 0 1 52 279477 -1 -1 -1 -1 -1 -1)
#(0 47 137819 26 1 2 0 6 32967 119626 -1 -1 -1 -1 -1)
#(0 47 137839 43 1 1 1 83 441281 119626 -1 -1 -1 -1 -1)
#(0 47 137840 49 1 2 1 78 414555 119626 -1 -1 -1 -1 -1)
#(0 47 137841 53 1 1 0 11 60842 119626 -1 -1 -1 -1 -1)
#(0 47 137842 20 1 2 1 40 215436 119626 -1 -1 -1 -1 -1)
#(0 47 137843 23 1 2 0 36 191296 119626 -1 -1 -1 -1 -1)
#(0 47 137845 35 1 3 0 17 91595 119626 -1 -1 -1 -1 -1)
#(0 47 137846 33 1 3 0 1 7003 119626 -1 -1 -1 -1 -1)
#(0 47 138157 27 1 0 1 48 258266 119626 -1 -1 -1 -1 -1)
#(0 47 138160 18 1 0 1 98 522414 119626 -1 -1 -1 -1 -1)
#(0 47 138180 24 1 0 1 72 385035 119626 -1 -1 -1 -1 -1)
#(0 47 138182 23 1 0 1 42 226658 119626 -1 -1 -1 -1 -1)
#(0 47 138183 25 1 0 1 32 173838 119626 -1 -1 -1 -1 -1)
#(0 47 138184 26 1 0 0 55 290831 119626 -1 -1 -1 -1 -1)
#(0 47 138185 29 1 0 1 79 421921 119626 -1 -1 -1 -1 -1)
#(0 47 138186 26 1 0 1 63 337498 119626 -1 -1 -1 -1 -1)
#(0 47 138187 25 1 0 0 43 227441 119626 -1 -1 -1 -1 -1)
#(0 47 275364 25 2 2 1 59 315467 239253 -1 -1 -1 -1 -1)
#(0 47 275369 35 2 1 0 20 107455 239253 -1 -1 -1 -1 -1)
#(0 47 275370 37 2 2 0 25 133928 239253 -1 -1 -1 -1 -1)
#(0 47 275371 31 2 2 1 69 367993 239253 -1 -1 -1 -1 -1)
#(0 47 275372 29 2 1 1 98 521116 239253 -1 -1 -1 -1 -1)
#(0 47 275373 30 2 2 1 43 230756 239253 -1 -1 -1 -1 -1)
#(0 47 275375 26 2 2 1 64 341689 239253 -1 -1 -1 -1 -1)
#(0 47 275376 34 2 1 1 34 183032 239253 -1 -1 -1 -1 -1)
#(0 47 275377 33 2 2 0 1 6998 239253 -1 -1 -1 -1 -1)
#(0 47 275379 31 2 2 1 90 478886 239253 -1 -1 -1 -1 -1)
#(0 47 275731 29 2 0 1 60 321597 239253 -1 -1 -1 -1 -1)
#(0 47 275732 27 2 0 0 52 275018 239253 -1 -1 -1 -1 -1)
#(0 47 275733 27 2 0 0 26 137738 239253 -1 -1 -1 -1 -1)
#(0 47 275734 28 2 0 1 86 458879 239253 -1 -1 -1 -1 -1)
#(0 47 275735 25 2 0 1 98 522308 239253 -1 -1 -1 -1 -1)
#(0 47 275736 29 2 0 0 27 143047 239253 -1 -1 -1 -1 -1)
#(0 47 275737 30 2 0 0 11 58586 239253 -1 -1 -1 -1 -1)
#(0 47 275738 23 2 0 0 17 90136 239253 -1 -1 -1 -1 -1)
#(0 47 275739 23 2 0 1 72 385070 239253 -1 -1 -1 -1 -1)
#(0 47 275740 29 2 0 1 95 506404 239253 -1 -1 -1 -1 -1)
#(0 47 275741 32 2 0 1 59 316278 239253 -1 -1 -1 -1 -1)
#(0 47 275742 28 2 0 0 29 153565 239253 -1 -1 -1 -1 -1)
#(0 47 275743 23 2 0 0 14 74285 239253 -1 -1 -1 -1 -1)
#(0 47 412468 35 3 2 0 7 38804 359592 -1 -1 -1 -1 -1)
#(0 47 412469 39 3 1 0 52 276592 359592 -1 -1 -1 -1 -1)
#(0 47 412470 40 3 2 0 14 75993 359592 -1 -1 -1 -1 -1)
#(0 47 412471 37 3 3 0 34 181433 359592 -1 -1 -1 -1 -1)
#(0 47 412472 41 3 2 0 19 102494 359592 -1 -1 -1 -1 -1)
#(0 47 412475 27 3 2 1 62 331256 359592 -1 -1 -1 -1 -1)
#(0 47 412476 35 3 2 1 80 425916 359592 -1 -1 -1 -1 -1)
#(0 47 412477 37 3 1 1 45 241000 359592 -1 -1 -1 -1 -1)
#(0 47 412817 23 3 0 1 68 363928 359592 -1 -1 -1 -1 -1)
#(0 47 412818 27 3 0 1 81 432502 359592 -1 -1 -1 -1 -1)
#(0 47 412819 25 3 0 1 52 279425 359592 -1 -1 -1 -1 -1)
#(0 47 412820 27 3 0 1 70 374428 359592 -1 -1 -1 -1 -1)
#(0 47 412821 23 3 0 0 7 37336 359592 -1 -1 -1 -1 -1)
#(0 47 412822 20 3 0 1 99 527677 359592 -1 -1 -1 -1 -1)
#(0 47 412823 25 3 0 1 61 326956 359592 -1 -1 -1 -1 -1)
#(0 47 412824 27 3 0 1 82 437800 359592 -1 -1 -1 -1 -1)
#(0 47 412825 23 3 0 0 21 111253 359592 -1 -1 -1 -1 -1)
#(0 47 412826 28 3 0 0 12 63810 359592 -1 -1 -1 -1 -1)
#(0 47 412827 27 3 0 0 23 121873 359592 -1 -1 -1 -1 -1)
#(0 48 339 38 0 3 1 52 277799 -1 -1 -1 -1 -1 -1)
#(0 48 341 21 0 2 0 0 1026 -1 -1 -1 -1 -1 -1)
#(0 48 348 21 0 2 0 78 412909 -1 -1 -1 -1 -1 -1)
#(0 48 349 31 0 2 1 63 336286 -1 -1 -1 -1 -1 -1)
#(0 48 350 43 0 1 0 6 33962 -1 -1 -1 -1 -1 -1)
#(0 48 351 30 0 2 1 71 378612 -1 -1 -1 -1 -1 -1)
#(0 48 352 38 0 2 1 68 362380 -1 -1 -1 -1 -1 -1)
#(0 48 353 50 0 1 0 5 29000 -1 -1 -1 -1 -1 -1)
#(0 48 354 21 0 2 1 67 357993 -1 -1 -1 -1 -1 -1)
#(0 48 355 35 0 1 0 47 249974 -1 -1 -1 -1 -1 -1)
#(0 48 356 35 0 1 1 13 72112 -1 -1 -1 -1 -1 -1)
#(0 48 357 27 0 2 0 43 228408 -1 -1 -1 -1 -1 -1)
#(0 48 358 32 0 1 0 38 202387 -1 -1 -1 -1 -1 -1)
#(0 48 359 42 0 1 1 55 293516 -1 -1 -1 -1 -1 -1)
#(0 48 360 20 0 3 1 87 463610 -1 -1 -1 -1 -1 -1)
#(0 48 361 26 0 2 1 95 505548 -1 -1 -1 -1 -1 -1)
#(2 48 677 -1 -1 -1 -1 -1 -1 13 -1 -1 -1 -1 -1)
#(2 48 685 -1 -1 -1 -1 -1 -1 12 -1 -1 -1 -1 -1)
#(0 48 711 23 0 0 1 57 305847 -1 -1 -1 -1 -1 -1)
#(0 48 712 29 0 0 0 0 489 -1 -1 -1 -1 -1 -1)
#(0 48 713 34 0 0 0 3 16418 -1 -1 -1 -1 -1 -1)
#(0 48 714 26 0 0 1 78 416686 -1 -1 -1 -1 -1 -1)
#(0 48 715 30 0 0 1 49 263488 -1 -1 -1 -1 -1 -1)
#(0 48 717 20 0 0 1 81 432636 -1 -1 -1 -1 -1 -1)
#(0 48 718 23 0 0 0 40 211572 -1 -1 -1 -1 -1 -1)
#(0 48 719 32 0 0 1 54 289877 -1 -1 -1 -1 -1 -1)
#(0 48 720 20 0 0 1 63 337600 -1 -1 -1 -1 -1 -1)
#(0 48 721 24 0 0 1 90 480091 -1 -1 -1 -1 -1 -1)
#(2 48 721 -1 -1 -1 -1 -1 -1 12 -1 -1 -1 -1 -1)
#(0 48 722 27 0 0 1 99 527561 -1 -1 -1 -1 -1 -1)
#(0 48 723 27 0 0 0 55 290833 -1 -1 -1 -1 -1 -1)
#(0 48 137820 24 1 2 0 8 43354 119626 -1 -1 -1 -1 -1)
#(0 48 137844 21 1 2 1 92 489944 119626 -1 -1 -1 -1 -1)
#(0 48 137847 20 1 2 1 90 479427 119626 -1 -1 -1 -1 -1)
#(0 48 137848 23 1 2 0 36 191298 119626 -1 -1 -1 -1 -1)
#(0 48 137849 35 1 1 1 76 404692 119626 -1 -1 -1 -1 -1)
#(0 48 137850 33 1 2 1 56 299288 119626 -1 -1 -1 -1 -1)
#(0 48 137851 54 1 2 1 42 224227 119626 -1 -1 -1 -1 -1)
#(0 48 137852 32 1 2 0 2 12232 119626 -1 -1 -1 -1 -1)
#(0 48 137853 33 1 1 1 70 373122 119626 -1 -1 -1 -1 -1)
#(0 48 137854 34 1 3 1 88 468105 119626 -1 -1 -1 -1 -1)
#(0 48 137855 42 1 1 0 13 70802 119626 -1 -1 -1 -1 -1)
#(0 48 137856 37 1 2 0 22 118064 119626 -1 -1 -1 -1 -1)
#(0 48 137857 42 1 1 1 33 177338 119626 -1 -1 -1 -1 -1)
#(0 48 137858 23 1 3 1 71 378996 119626 -1 -1 -1 -1 -1)
#(0 48 137859 36 1 1 0 14 75775 119626 -1 -1 -1 -1 -1)
#(0 48 138165 20 1 0 1 48 258390 119626 -1 -1 -1 -1 -1)
#(0 48 138181 27 1 0 1 99 527554 119626 -1 -1 -1 -1 -1)
#(0 48 138188 20 1 0 0 21 111213 119626 -1 -1 -1 -1 -1)
#(0 48 138189 29 1 0 1 67 358544 119626 -1 -1 -1 -1 -1)
#(0 48 138190 26 1 0 1 90 480047 119626 -1 -1 -1 -1 -1)
#(0 48 138191 30 1 0 0 42 222268 119626 -1 -1 -1 -1 -1)
#(0 48 138192 34 1 0 0 49 259297 119626 -1 -1 -1 -1 -1)
#(0 48 138193 23 1 0 0 45 237980 119626 -1 -1 -1 -1 -1)
#(0 48 138194 26 1 0 0 55 290814 119626 -1 -1 -1 -1 -1)
#(0 48 138195 32 1 0 1 39 210672 119626 -1 -1 -1 -1 -1)
#(0 48 138196 25 1 0 1 78 416709 119626 -1 -1 -1 -1 -1)
#(0 48 138197 34 1 0 1 93 495758 119626 -1 -1 -1 -1 -1)
#(0 48 138198 23 1 0 0 11 58454 119626 -1 -1 -1 -1 -1)
#(0 48 138200 26 1 0 0 41 216896 119626 -1 -1 -1 -1 -1)
#(0 48 138201 30 1 0 0 12 63842 119626 -1 -1 -1 -1 -1)
#(0 48 275367 22 2 3 1 74 394869 239253 -1 -1 -1 -1 -1)
#(0 48 275374 32 2 2 0 20 107231 239253 -1 -1 -1 -1 -1)
#(0 48 275378 21 2 2 1 97 516334 239253 -1 -1 -1 -1 -1)
#(0 48 275380 38 2 1 0 55 292437 239253 -1 -1 -1 -1 -1)
#(0 48 275381 48 2 1 1 91 483272 239253 -1 -1 -1 -1 -1)
#(0 48 275382 45 2 1 1 82 435909 239253 -1 -1 -1 -1 -1)
#(0 48 275383 35 2 1 1 73 388855 239253 -1 -1 -1 -1 -1)
#(0 48 275384 23 2 2 1 64 341813 239253 -1 -1 -1 -1 -1)
#(0 48 275385 34 2 1 0 12 65154 239253 -1 -1 -1 -1 -1)
#(0 48 275386 34 2 1 0 9 49292 239253 -1 -1 -1 -1 -1)
#(0 48 275387 28 2 2 1 60 320568 239253 -1 -1 -1 -1 -1)
#(0 48 275388 40 2 3 0 21 112932 239253 -1 -1 -1 -1 -1)
#(0 48 275389 28 2 2 1 66 352275 239253 -1 -1 -1 -1 -1)
#(0 48 275390 38 2 1 1 94 499565 239253 -1 -1 -1 -1 -1)
#(0 48 275391 32 2 1 0 46 244571 239253 -1 -1 -1 -1 -1)
#(0 48 275393 42 2 3 0 3 18051 239253 -1 -1 -1 -1 -1)
#(0 48 275744 27 2 0 0 20 106058 239253 -1 -1 -1 -1 -1)
#(0 48 275745 23 2 0 1 90 480094 239253 -1 -1 -1 -1 -1)
#(0 48 275746 20 2 0 0 37 195691 239253 -1 -1 -1 -1 -1)
#(0 48 275747 20 2 0 0 12 63690 239253 -1 -1 -1 -1 -1)
#(0 48 275748 27 2 0 0 26 137720 239253 -1 -1 -1 -1 -1)
#(0 48 275749 30 2 0 0 65 343712 239253 -1 -1 -1 -1 -1)
#(0 48 275750 26 2 0 1 88 469482 239253 -1 -1 -1 -1 -1)
#(0 48 275751 26 2 0 0 2 10984 239253 -1 -1 -1 -1 -1)
#(0 48 412465 28 3 2 0 15 80561 359592 -1 -1 -1 -1 -1)
#(0 48 412466 27 3 3 1 87 463316 359592 -1 -1 -1 -1 -1)
#(0 48 412474 21 3 2 0 4 22208 359592 -1 -1 -1 -1 -1)
#(0 48 412478 36 3 2 0 63 334489 359592 -1 -1 -1 -1 -1)
#(0 48 412479 20 3 2 1 84 447756 359592 -1 -1 -1 -1 -1)
#(0 48 412480 27 3 2 0 30 159804 359592 -1 -1 -1 -1 -1)
#(0 48 412481 39 3 1 0 60 318828 359592 -1 -1 -1 -1 -1)
#(0 48 412483 29 3 2 0 75 397492 359592 -1 -1 -1 -1 -1)
#(0 48 412484 40 3 1 0 50 266061 359592 -1 -1 -1 -1 -1)
#(0 48 412485 20 3 2 1 69 368576 359592 -1 -1 -1 -1 -1)
#(0 48 412828 26 3 0 1 98 522284 359592 -1 -1 -1 -1 -1)
#(0 48 412829 25 3 0 0 33 174658 359592 -1 -1 -1 -1 -1)
#(0 48 412830 25 3 0 0 48 253858 359592 -1 -1 -1 -1 -1)
#(0 48 412832 28 3 0 0 39 206391 359592 -1 -1 -1 -1 -1)
#(0 48 412833 28 3 0 1 86 458889 359592 -1 -1 -1 -1 -1)
#(0 48 412834 28 3 0 1 94 501135 359592 -1 -1 -1 -1 -1)
#(0 48 412835 25 3 0 0 22 116563 359592 -1 -1 -1 -1 -1)
#(0 48 412836 30 3 0 0 19 100811 359592 -1 -1 -1 -1 -1)
#(0 48 412837 20 3 0 0 36 190403 359592 -1 -1 -1 -1 -1)
#(0 48 412838 27 3 0 1 37 200201 359592 -1 -1 -1 -1 -1)
#(0 48 412839 32 3 0 0 24 127243 359592 -1 -1 -1 -1 -1)
#(0 48 412840 28 3 0 0 28 148296 359592 -1 -1 -1 -1 -1)
#(2 49 345 -1 -1 -1 -1 -1 -1 8 -1 -1 -1 -1 -1)
#(0 49 347 27 0 2 1 59 315394 -1 -1 -1 -1 -1 -1)
#(0 49 363 31 0 2 1 43 230711 -1 -1 -1 -1 -1 -1)
#(0 49 364 41 0 2 1 41 219655 -1 -1 -1 -1 -1 -1)
#(2 49 364 -1 -1 -1 -1 -1 -1 8 -1 -1 -1 -1 -1)
#(0 49 365 33 0 2 1 84 447109 -1 -1 -1 -1 -1 -1)
#(0 49 366 36 0 1 0 7 38888 -1 -1 -1 -1 -1 -1)
#(0 49 367 35 0 1 0 16 86264 -1 -1 -1 -1 -1 -1)
#(0 49 368 28 0 2 1 65 347027 -1 -1 -1 -1 -1 -1)
#(0 49 369 33 0 1 1 52 278102 -1 -1 -1 -1 -1 -1)
#(0 49 371 54 0 3 0 9 50324 -1 -1 -1 -1 -1 -1)
#(0 49 372 40 0 1 1 49 261951 -1 -1 -1 -1 -1 -1)
#(0 49 373 31 0 2 1 85 452514 -1 -1 -1 -1 -1 -1)
#(0 49 374 36 0 1 1 86 457468 -1 -1 -1 -1 -1 -1)
#(0 49 716 26 0 0 0 3 16269 -1 -1 -1 -1 -1 -1)
#(0 49 724 31 0 0 0 16 85016 -1 -1 -1 -1 -1 -1)
#(0 49 726 26 0 0 0 2 10999 -1 -1 -1 -1 -1 -1)
#(0 49 727 30 0 0 1 72 384929 -1 -1 -1 -1 -1 -1)
#(0 49 728 23 0 0 0 18 95419 -1 -1 -1 -1 -1 -1)
#(0 49 729 29 0 0 1 51 274070 -1 -1 -1 -1 -1 -1)
#(0 49 730 25 0 0 0 34 179928 -1 -1 -1 -1 -1 -1)
#(0 49 732 34 0 0 0 37 195930 -1 -1 -1 -1 -1 -1)
#(0 49 733 26 0 0 1 26 142133 -1 -1 -1 -1 -1 -1)
#(0 49 734 29 0 0 0 71 375355 -1 -1 -1 -1 -1 -1)
#(0 49 735 30 0 0 1 85 453582 -1 -1 -1 -1 -1 -1)
#(0 49 737 28 0 0 1 67 358582 -1 -1 -1 -1 -1 -1)
#(0 49 738 26 0 0 1 68 363908 -1 -1 -1 -1 -1 -1)
#(0 49 137860 21 1 2 0 1 6353 119626 -1 -1 -1 -1 -1)
#(0 49 137861 39 1 1 0 3 17867 119626 -1 -1 -1 -1 -1)
#(0 49 137862 44 1 1 0 44 234575 119626 -1 -1 -1 -1 -1)
#(0 49 137863 34 1 1 1 51 272794 119626 -1 -1 -1 -1 -1)
#(0 49 137864 38 1 2 0 35 186827 119626 -1 -1 -1 -1 -1)
#(0 49 137865 48 1 1 1 82 435732 119626 -1 -1 -1 -1 -1)
#(0 49 137866 41 1 3 0 54 287195 119626 -1 -1 -1 -1 -1)
#(0 49 137867 43 1 2 1 89 472991 119626 -1 -1 -1 -1 -1)
#(0 49 137869 20 1 2 1 97 516398 119626 -1 -1 -1 -1 -1)
#(0 49 137870 39 1 2 0 19 102357 119626 -1 -1 -1 -1 -1)
#(0 49 137871 31 1 2 0 59 313106 119626 -1 -1 -1 -1 -1)
#(0 49 137873 30 1 2 1 38 204377 119626 -1 -1 -1 -1 -1)
#(0 49 137874 44 1 1 1 79 420039 119626 -1 -1 -1 -1 -1)
#(0 49 137875 29 1 2 1 80 426106 119626 -1 -1 -1 -1 -1)
#(0 49 137876 20 1 2 0 7 37986 119626 -1 -1 -1 -1 -1)
#(0 49 137878 44 1 1 0 30 160684 119626 -1 -1 -1 -1 -1)
#(0 49 138203 32 1 0 1 75 400728 119626 -1 -1 -1 -1 -1)
#(0 49 138204 26 1 0 1 94 501157 119626 -1 -1 -1 -1 -1)
#(0 49 138205 27 1 0 0 33 174698 119626 -1 -1 -1 -1 -1)
#(0 49 138206 27 1 0 1 53 284674 119626 -1 -1 -1 -1 -1)
#(0 49 138207 31 1 0 0 48 253950 119626 -1 -1 -1 -1 -1)
#(0 49 138208 32 1 0 1 97 516919 119626 -1 -1 -1 -1 -1)
#(0 49 275392 28 2 2 1 90 479002 239253 -1 -1 -1 -1 -1)
#(0 49 275394 44 2 3 1 67 356706 239253 -1 -1 -1 -1 -1)
#(0 49 275395 26 2 2 1 95 505535 239253 -1 -1 -1 -1 -1)
#(0 49 275396 38 2 3 0 33 176193 239253 -1 -1 -1 -1 -1)
#(0 49 275397 35 2 3 0 18 96906 239253 -1 -1 -1 -1 -1)
#(0 49 275398 29 2 2 0 51 270805 239253 -1 -1 -1 -1 -1)
#(0 49 275400 44 2 2 1 23 124448 239253 -1 -1 -1 -1 -1)
#(0 49 275401 38 2 1 1 86 457380 239253 -1 -1 -1 -1 -1)
#(0 49 275402 30 2 2 0 12 64952 239253 -1 -1 -1 -1 -1)
#(0 49 275403 30 2 2 1 69 368050 239253 -1 -1 -1 -1 -1)
#(0 49 275404 31 2 2 1 73 389063 239253 -1 -1 -1 -1 -1)
#(0 49 275405 42 2 3 0 34 181702 239253 -1 -1 -1 -1 -1)
#(0 49 275406 47 2 2 0 36 192504 239253 -1 -1 -1 -1 -1)
#(0 49 275407 34 2 1 1 55 293928 239253 -1 -1 -1 -1 -1)
#(0 49 275408 33 2 2 1 80 425958 239253 -1 -1 -1 -1 -1)
#(0 49 275409 34 2 1 1 35 188355 239253 -1 -1 -1 -1 -1)
#(0 49 275410 28 2 2 1 85 452690 239253 -1 -1 -1 -1 -1)
#(0 49 275753 30 2 0 1 76 406034 239253 -1 -1 -1 -1 -1)
#(0 49 275754 26 2 0 1 40 216038 239253 -1 -1 -1 -1 -1)
#(0 49 275755 32 2 0 1 56 300417 239253 -1 -1 -1 -1 -1)
#(0 49 275756 27 2 0 1 93 495862 239253 -1 -1 -1 -1 -1)
#(0 49 275757 20 2 0 0 38 200972 239253 -1 -1 -1 -1 -1)
#(0 49 275758 23 2 0 0 81 428062 239253 -1 -1 -1 -1 -1)
#(0 49 275759 32 2 0 0 31 164217 239253 -1 -1 -1 -1 -1)
#(0 49 275761 28 2 0 0 20 106057 239253 -1 -1 -1 -1 -1)
#(4 49 275761 -1 2 -1 -1 -1 -1 239261 0 0 0 0 -1)
#(0 49 275762 25 2 0 1 59 316404 239253 -1 -1 -1 -1 -1)
#(0 49 275763 28 2 0 0 27 143020 239253 -1 -1 -1 -1 -1)
#(0 49 275764 26 2 0 0 45 238016 239253 -1 -1 -1 -1 -1)
#(0 49 275765 30 2 0 0 42 222252 239253 -1 -1 -1 -1 -1)
#(0 49 275766 29 2 0 0 66 348949 239253 -1 -1 -1 -1 -1)
#(0 49 412473 27 3 2 1 87 463332 359592 -1 -1 -1 -1 -1)
#(0 49 412486 21 3 2 1 55 294616 359592 -1 -1 -1 -1 -1)
#(0 49 412487 36 3 2 0 61 323924 359592 -1 -1 -1 -1 -1)
#(0 49 412488 36 3 3 1 58 309616 359592 -1 -1 -1 -1 -1)
#(0 49 412489 47 3 1 1 85 451671 359592 -1 -1 -1 -1 -1)
#(0 49 412490 21 3 2 0 12 64419 359592 -1 -1 -1 -1 -1)
#(0 49 412491 35 3 3 1 65 346619 359592 -1 -1 -1 -1 -1)
#(0 49 412492 40 3 3 0 14 76000 359592 -1 -1 -1 -1 -1)
#(0 49 412493 35 3 3 1 59 314990 359592 -1 -1 -1 -1 -1)
#(0 49 412494 28 3 1 0 43 228534 359592 -1 -1 -1 -1 -1)
#(0 49 412495 47 3 1 0 27 144989 359592 -1 -1 -1 -1 -1)
#(0 49 412496 21 3 2 1 96 511117 359592 -1 -1 -1 -1 -1)
#(4 49 412496 -1 3 -1 -1 -1 -1 359602 0 0 0 0 -1)
#(0 49 412497 20 3 2 0 48 254470 359592 -1 -1 -1 -1 -1)
#(0 49 412498 38 3 3 0 19 102287 359592 -1 -1 -1 -1 -1)
#(0 49 412831 23 3 0 0 7 37348 359592 -1 -1 -1 -1 -1)
#(0 49 412841 25 3 0 0 19 100718 359592 -1 -1 -1 -1 -1)
#(0 49 412842 26 3 0 1 98 522283 359592 -1 -1 -1 -1 -1)
#(0 49 412843 20 3 0 1 99 527672 359592 -1 -1 -1 -1 -1)
#(0 49 412844 24 3 0 0 24 127108 359592 -1 -1 -1 -1 -1)
#(0 49 412845 23 3 0 1 70 374495 359592 -1 -1 -1 -1 -1)
#(0 49 412846 27 3 0 1 72 384988 359592 -1 -1 -1 -1 -1)
#(0 49 412847 27 3 0 0 60 317246 359592 -1 -1 -1 -1 -1)
#(0 49 412848 34 3 0 1 62 332078 359592 -1 -1 -1 -1 -1)
#(0 49 412849 27 3 0 1 76 406131 359592 -1 -1 -1 -1 -1)
#(0 50 362 26 0 2 1 95 505529 -1 -1 -1 -1 -1 -1)
#(0 50 370 38 0 1 1 55 293679 -1 -1 -1 -1 -1 -1)
#(0 50 375 47 0 2 1 45 240423 -1 -1 -1 -1 -1 -1)
#(0 50 376 26 0 2 1 57 304876 -1 -1 -1 -1 -1 -1)
#(0 50 377 27 0 2 1 94 500096 -1 -1 -1 -1 -1 -1)
#(0 50 378 32 0 2 1 58 309880 -1 -1 -1 -1 -1 -1)
#(0 50 379 33 0 2 0 81 429435 -1 -1 -1 -1 -1 -1)
#(0 50 380 56 0 1 1 56 298074 -1 -1 -1 -1 -1 -1)
#(0 50 381 43 0 2 0 41 218703 -1 -1 -1 -1 -1 -1)
#(0 50 382 20 0 2 0 5 27440 -1 -1 -1 -1 -1 -1)
#(0 50 383 26 0 2 0 58 307571 -1 -1 -1 -1 -1 -1)
#(0 50 384 34 0 1 1 50 267513 -1 -1 -1 -1 -1 -1)
#(0 50 385 40 0 3 0 6 33870 -1 -1 -1 -1 -1 -1)
#(0 50 386 43 0 1 0 37 197565 -1 -1 -1 -1 -1 -1)
#(2 50 387 -1 -1 -1 -1 -1 -1 9 -1 -1 -1 -1 -1)
#(0 50 725 23 0 0 0 3 16211 -1 -1 -1 -1 -1 -1)
#(0 50 731 19 0 0 1 63 337610 -1 -1 -1 -1 -1 -1)
#(0 50 736 20 0 0 1 81 432635 -1 -1 -1 -1 -1 -1)
#(0 50 739 26 0 0 0 5 26848 -1 -1 -1 -1 -1 -1)
#(0 50 740 29 0 0 1 79 421899 -1 -1 -1 -1 -1 -1)
#(0 50 742 20 0 0 0 6 32013 -1 -1 -1 -1 -1 -1)
#(0 50 743 30 0 0 0 52 275072 -1 -1 -1 -1 -1 -1)
#(0 50 744 20 0 0 1 35 189754 -1 -1 -1 -1 -1 -1)
#(0 50 745 23 0 0 1 44 237225 -1 -1 -1 -1 -1 -1)
#(4 50 745 -1 0 -1 -1 -1 -1 13 0 0 0 0 -1)
#(0 50 746 29 0 0 0 63 333122 -1 -1 -1 -1 -1 -1)
#(0 50 748 28 0 0 1 84 448342 -1 -1 -1 -1 -1 -1)
#(0 50 749 29 0 0 0 42 222233 -1 -1 -1 -1 -1 -1)
#(0 50 750 26 0 0 1 31 168538 -1 -1 -1 -1 -1 -1)
#(4 50 750 -1 0 -1 -1 -1 -1 14 0 0 0 0 -1)
#(0 50 751 27 0 0 1 97 517000 -1 -1 -1 -1 -1 -1)
#(0 50 752 27 0 0 1 77 411407 -1 -1 -1 -1 -1 -1)
#(0 50 137868 30 1 2 1 56 299393 119626 -1 -1 -1 -1 -1)
#(0 50 137872 37 1 1 0 35 186739 119626 -1 -1 -1 -1 -1)
#(0 50 137879 21 1 2 1 91 484703 119626 -1 -1 -1 -1 -1)
#(0 50 137880 21 1 2 0 0 1131 119626 -1 -1 -1 -1 -1)
#(0 50 137881 28 1 2 1 96 510741 119626 -1 -1 -1 -1 -1)
#(0 50 137882 21 1 2 1 82 437191 119626 -1 -1 -1 -1 -1)
#(0 50 137883 31 1 2 0 2 12124 119626 -1 -1 -1 -1 -1)
#(0 50 137884 30 1 2 1 12 67066 119626 -1 -1 -1 -1 -1)
#(0 50 137885 28 1 3 1 94 500025 119626 -1 -1 -1 -1 -1)
#(0 50 137886 21 1 2 1 92 489953 119626 -1 -1 -1 -1 -1)
#(0 50 137887 30 1 3 0 4 22679 119626 -1 -1 -1 -1 -1)
#(0 50 137888 27 1 2 1 88 468549 119626 -1 -1 -1 -1 -1)
#(0 50 137889 43 1 1 0 38 202857 119626 -1 -1 -1 -1 -1)
#(0 50 137890 32 1 2 0 31 165338 119626 -1 -1 -1 -1 -1)
#(0 50 137891 35 1 3 0 22 117949 119626 -1 -1 -1 -1 -1)
#(0 50 138199 21 1 0 1 48 258368 119626 -1 -1 -1 -1 -1)
#(0 50 138202 25 1 0 0 55 290827 119626 -1 -1 -1 -1 -1)
#(0 50 138210 23 1 0 1 74 395608 119626 -1 -1 -1 -1 -1)
#(0 50 138211 26 1 0 1 97 517025 119626 -1 -1 -1 -1 -1)
#(0 50 138212 20 1 0 1 53 284808 119626 -1 -1 -1 -1 -1)
#(0 50 138213 29 1 0 1 82 437745 119626 -1 -1 -1 -1 -1)
#(0 50 138214 24 1 0 0 17 90156 119626 -1 -1 -1 -1 -1)
#(0 50 138215 21 1 0 0 14 74269 119626 -1 -1 -1 -1 -1)
#(0 50 138216 25 1 0 1 52 279437 119626 -1 -1 -1 -1 -1)
#(0 50 138217 30 1 0 0 34 180025 119626 -1 -1 -1 -1 -1)
#(0 50 138218 20 1 0 0 29 153443 119626 -1 -1 -1 -1 -1)
#(0 50 138219 27 1 0 1 69 369160 119626 -1 -1 -1 -1 -1)
#(0 50 138220 23 1 0 0 27 142931 119626 -1 -1 -1 -1 -1)
#(0 50 138221 22 1 0 0 11 58435 119626 -1 -1 -1 -1 -1)
#(0 50 275399 30 2 2 0 51 270832 239253 -1 -1 -1 -1 -1)
#(0 50 275411 26 2 2 0 40 212757 239253 -1 -1 -1 -1 -1)
#(0 50 275412 38 2 2 0 10 54750 239253 -1 -1 -1 -1 -1)
#(0 50 275413 33 2 3 0 16 86250 239253 -1 -1 -1 -1 -1)
#(0 50 275414 21 2 3 1 97 516375 239253 -1 -1 -1 -1 -1)
#(0 50 275415 31 2 2 1 70 373214 239253 -1 -1 -1 -1 -1)
#(0 50 275416 32 2 1 0 9 49157 239253 -1 -1 -1 -1 -1)
#(0 50 275417 44 2 1 1 99 525710 239253 -1 -1 -1 -1 -1)
#(0 50 275418 29 2 2 0 65 344717 239253 -1 -1 -1 -1 -1)
#(0 50 275419 49 2 3 0 48 255956 239253 -1 -1 -1 -1 -1)
#(0 50 275752 20 2 0 0 37 195704 239253 -1 -1 -1 -1 -1)
#(0 50 275760 25 2 0 0 26 137708 239253 -1 -1 -1 -1 -1)
#(0 50 275767 29 2 0 1 47 252945 239253 -1 -1 -1 -1 -1)
#(0 50 275768 28 2 0 0 30 158878 239253 -1 -1 -1 -1 -1)
#(0 50 275769 26 2 0 1 70 374446 239253 -1 -1 -1 -1 -1)
#(0 50 275770 26 2 0 0 59 311954 239253 -1 -1 -1 -1 -1)
#(0 50 275771 25 2 0 0 16 84892 239253 -1 -1 -1 -1 -1)
#(0 50 275772 28 2 0 0 29 153593 239253 -1 -1 -1 -1 -1)
#(0 50 275773 34 2 0 1 63 337352 239253 -1 -1 -1 -1 -1)
#(0 50 275774 23 2 0 1 92 490664 239253 -1 -1 -1 -1 -1)
#(0 50 275775 32 2 0 0 13 69164 239253 -1 -1 -1 -1 -1)
#(0 50 275776 26 2 0 1 39 210778 239253 -1 -1 -1 -1 -1)
#(0 50 412482 26 3 2 0 30 159776 359592 -1 -1 -1 -1 -1)
#(0 50 412499 31 3 2 1 94 499985 359592 -1 -1 -1 -1 -1)
#(0 50 412500 41 3 2 1 79 420181 359592 -1 -1 -1 -1 -1)
#(0 50 412502 40 3 1 0 14 76010 359592 -1 -1 -1 -1 -1)
#(0 50 412503 33 3 1 1 80 425984 359592 -1 -1 -1 -1 -1)
#(0 50 412504 37 3 2 1 44 235712 359592 -1 -1 -1 -1 -1)
#(0 50 412505 28 3 2 1 76 405150 359592 -1 -1 -1 -1 -1)
#(0 50 412850 29 3 0 0 11 58576 359592 -1 -1 -1 -1 -1)
#(0 50 412851 23 3 0 1 66 353374 359592 -1 -1 -1 -1 -1)
#(0 50 412853 23 3 0 1 98 522347 359592 -1 -1 -1 -1 -1)
#(0 50 412854 25 3 0 0 9 47924 359592 -1 -1 -1 -1 -1)
#(0 50 412855 23 3 0 0 27 142934 359592 -1 -1 -1 -1 -1)
#(0 50 412856 27 3 0 0 4 21559 359592 -1 -1 -1 -1 -1)
#(0 50 412857 28 3 0 1 39 210742 359592 -1 -1 -1 -1 -1)
#(0 50 412858 23 3 0 0 10 53169 359592 -1 -1 -1 -1 -1)
#(0 51 387 35 0 1 1 73 388928 -1 -1 -1 -1 -1 -1)
#(0 51 388 28 0 2 1 97 515999 -1 -1 -1 -1 -1 -1)
#(0 51 389 48 0 1 1 26 140050 -1 -1 -1 -1 -1 -1)
#(0 51 390 33 0 2 0 19 102033 -1 -1 -1 -1 -1 -1)
#(0 51 391 42 0 1 0 3 18020 -1 -1 -1 -1 -1 -1)
#(0 51 392 28 0 2 1 50 267898 -1 -1 -1 -1 -1 -1)
#(0 51 393 30 0 2 1 84 447202 -1 -1 -1 -1 -1 -1)
#(0 51 395 27 0 2 0 4 22503 -1 -1 -1 -1 -1 -1)
#(0 51 741 25 0 0 0 5 26818 -1 -1 -1 -1 -1 -1)
#(0 51 747 28 0 0 1 79 421929 -1 -1 -1 -1 -1 -1)
#(0 51 754 25 0 0 1 67 358616 -1 -1 -1 -1 -1 -1)
#(0 51 755 27 0 0 1 75 400824 -1 -1 -1 -1 -1 -1)
#(0 51 756 30 0 0 0 52 275065 -1 -1 -1 -1 -1 -1)
#(0 51 757 26 0 0 1 78 416690 -1 -1 -1 -1 -1 -1)
#(0 51 758 24 0 0 0 18 95442 -1 -1 -1 -1 -1 -1)
#(0 51 759 25 0 0 0 46 243284 -1 -1 -1 -1 -1 -1)
#(0 51 760 25 0 0 0 29 153523 -1 -1 -1 -1 -1 -1)
#(0 51 761 30 0 0 1 62 332135 -1 -1 -1 -1 -1 -1)
#(0 51 762 27 0 0 0 28 148280 -1 -1 -1 -1 -1 -1)
#(0 51 763 26 0 0 1 96 511738 -1 -1 -1 -1 -1 -1)
#(0 51 765 29 0 0 1 60 321605 -1 -1 -1 -1 -1 -1)
#(0 51 767 20 0 0 1 90 480164 -1 -1 -1 -1 -1 -1)
#(0 51 768 27 0 0 0 21 111313 -1 -1 -1 -1 -1 -1)
#(0 51 769 26 0 0 1 83 443108 -1 -1 -1 -1 -1 -1)
#(0 51 137892 34 1 2 1 50 267484 119626 -1 -1 -1 -1 -1)
#(0 51 137893 31 1 2 1 79 420779 119626 -1 -1 -1 -1 -1)
#(0 51 137894 41 1 1 0 20 107739 119626 -1 -1 -1 -1 -1)
#(0 51 137895 36 1 3 0 10 54774 119626 -1 -1 -1 -1 -1)
#(0 51 137897 39 1 1 0 67 355749 119626 -1 -1 -1 -1 -1)
#(0 51 137898 21 1 2 1 92 490018 119626 -1 -1 -1 -1 -1)
#(0 51 137899 30 1 2 0 12 64880 119626 -1 -1 -1 -1 -1)
#(0 51 137900 30 1 2 0 37 196903 119626 -1 -1 -1 -1 -1)
#(0 51 138209 18 1 0 1 48 258422 119626 -1 -1 -1 -1 -1)
#(0 51 138222 23 1 0 1 93 495927 119626 -1 -1 -1 -1 -1)
#(0 51 138223 28 1 0 1 57 305752 119626 -1 -1 -1 -1 -1)
#(0 51 138224 23 1 0 0 38 201025 119626 -1 -1 -1 -1 -1)
#(0 51 138225 22 1 0 1 98 522355 119626 -1 -1 -1 -1 -1)
#(0 51 275420 25 2 2 0 19 101660 239253 -1 -1 -1 -1 -1)
#(0 51 275421 32 2 2 0 49 260371 239253 -1 -1 -1 -1 -1)
#(0 51 275422 38 2 1 1 86 457333 239253 -1 -1 -1 -1 -1)
#(0 51 275424 37 2 1 1 58 309538 239253 -1 -1 -1 -1 -1)
#(0 51 275425 40 2 1 1 31 166875 239253 -1 -1 -1 -1 -1)
#(0 51 275426 28 2 2 0 17 91208 239253 -1 -1 -1 -1 -1)
#(0 51 275427 30 2 3 0 16 86095 239253 -1 -1 -1 -1 -1)
#(0 51 275777 20 2 0 0 17 90094 239253 -1 -1 -1 -1 -1)
#(0 51 275778 34 2 0 1 57 305655 239253 -1 -1 -1 -1 -1)
#(0 51 275779 23 2 0 1 45 242490 239253 -1 -1 -1 -1 -1)
#(0 51 275780 26 2 0 1 86 458920 239253 -1 -1 -1 -1 -1)
#(0 51 275785 29 2 0 1 60 321603 239253 -1 -1 -1 -1 -1)
#(0 51 275786 30 2 0 1 21 115668 239253 -1 -1 -1 -1 -1)
#(0 51 275787 25 2 0 0 23 121833 239253 -1 -1 -1 -1 -1)
#(0 51 412501 21 3 2 0 48 254507 359592 -1 -1 -1 -1 -1)
#(0 51 412506 33 3 1 0 21 112735 359592 -1 -1 -1 -1 -1)
#(0 51 412507 55 3 3 1 29 155552 359592 -1 -1 -1 -1 -1)
#(0 51 412508 36 3 1 0 51 271139 359592 -1 -1 -1 -1 -1)
#(0 51 412509 40 3 1 0 3 17928 359592 -1 -1 -1 -1 -1)
#(0 51 412510 20 3 2 1 94 500562 359592 -1 -1 -1 -1 -1)
#(0 51 412511 22 3 2 0 1 6482 359592 -1 -1 -1 -1 -1)
#(0 51 412512 20 3 2 0 26 138314 359592 -1 -1 -1 -1 -1)
#(0 51 412852 29 3 0 0 11 58563 359592 -1 -1 -1 -1 -1)
#(0 51 412859 23 3 0 1 92 490650 359592 -1 -1 -1 -1 -1)
#(0 51 412860 27 3 0 0 32 169425 359592 -1 -1 -1 -1 -1)
#(0 51 412861 30 3 0 0 49 259238 359592 -1 -1 -1 -1 -1)
#(0 51 412862 20 3 0 0 62 327693 359592 -1 -1 -1 -1 -1)
#(0 51 412863 28 3 0 0 81 428151 359592 -1 -1 -1 -1 -1)
#(0 51 412864 25 3 0 0 13 69052 359592 -1 -1 -1 -1 -1)
#(0 51 412865 20 3 0 1 88 469590 359592 -1 -1 -1 -1 -1)
#(0 51 412866 28 3 0 1 82 437779 359592 -1 -1 -1 -1 -1)
#(0 51 412867 23 3 0 0 67 354135 359592 -1 -1 -1 -1 -1)
#(0 51 412868 28 3 0 1 93 495862 359592 -1 -1 -1 -1 -1)
#(0 51 412869 28 3 0 0 23 121899 359592 -1 -1 -1 -1 -1)
#(0 51 412870 30 3 0 1 57 305749 359592 -1 -1 -1 -1 -1)
#(0 52 394 21 0 2 1 84 447762 -1 -1 -1 -1 -1 -1)
#(0 52 396 25 0 3 0 50 265324 -1 -1 -1 -1 -1 -1)
#(0 52 397 33 0 2 1 71 378437 -1 -1 -1 -1 -1 -1)
#(0 52 398 33 0 2 1 81 431280 -1 -1 -1 -1 -1 -1)
#(0 52 399 27 0 2 0 9 48914 -1 -1 -1 -1 -1 -1)
#(0 52 400 33 0 1 1 31 167242 -1 -1 -1 -1 -1 -1)
#(0 52 401 29 0 2 1 52 278330 -1 -1 -1 -1 -1 -1)
#(0 52 402 43 0 1 0 18 97256 -1 -1 -1 -1 -1 -1)
#(0 52 403 30 0 2 0 53 281383 -1 -1 -1 -1 -1 -1)
#(0 52 404 30 0 2 0 2 12086 -1 -1 -1 -1 -1 -1)
#(0 52 405 34 0 1 0 17 91658 -1 -1 -1 -1 -1 -1)
#(0 52 753 26 0 0 1 97 516991 -1 -1 -1 -1 -1 -1)
#(0 52 764 26 0 0 1 31 168520 -1 -1 -1 -1 -1 -1)
#(0 52 766 24 0 0 1 67 358636 -1 -1 -1 -1 -1 -1)
#(0 52 770 30 0 0 1 40 215954 -1 -1 -1 -1 -1 -1)
#(0 52 771 29 0 0 0 25 132495 -1 -1 -1 -1 -1 -1)
#(0 52 772 26 0 0 0 33 174679 -1 -1 -1 -1 -1 -1)
#(0 52 773 23 0 0 0 42 222131 -1 -1 -1 -1 -1 -1)
#(0 52 774 25 0 0 0 2 10970 -1 -1 -1 -1 -1 -1)
#(0 52 775 34 0 0 1 53 284545 -1 -1 -1 -1 -1 -1)
#(0 52 776 27 0 0 1 61 326916 -1 -1 -1 -1 -1 -1)
#(0 52 777 28 0 0 1 13 73455 -1 -1 -1 -1 -1 -1)
#(0 52 778 25 0 0 1 74 395599 -1 -1 -1 -1 -1 -1)
#(0 52 779 28 0 0 1 80 427222 -1 -1 -1 -1 -1 -1)
#(0 52 780 32 0 0 1 36 194839 -1 -1 -1 -1 -1 -1)
#(0 52 781 23 0 0 0 14 74290 -1 -1 -1 -1 -1 -1)
#(0 52 782 30 0 0 1 56 300472 -1 -1 -1 -1 -1 -1)
#(0 52 783 27 0 0 0 55 290833 -1 -1 -1 -1 -1 -1)
#(0 52 784 30 0 0 0 36 190569 -1 -1 -1 -1 -1 -1)
#(0 52 137877 39 1 1 0 35 186837 119626 -1 -1 -1 -1 -1)
#(0 52 137896 21 1 2 1 91 484703 119626 -1 -1 -1 -1 -1)
#(0 52 137901 39 1 3 0 70 371609 119626 -1 -1 -1 -1 -1)
#(0 52 137902 32 1 3 0 54 286817 119626 -1 -1 -1 -1 -1)
#(0 52 137903 21 1 2 1 90 479367 119626 -1 -1 -1 -1 -1)
#(0 52 137904 30 1 2 0 25 133574 119626 -1 -1 -1 -1 -1)
#(0 52 137905 41 1 1 1 85 451869 119626 -1 -1 -1 -1 -1)
#(0 52 137906 27 1 2 0 13 70040 119626 -1 -1 -1 -1 -1)
#(0 52 137907 22 1 2 1 82 437207 119626 -1 -1 -1 -1 -1)
#(0 52 137908 20 1 2 0 60 317837 119626 -1 -1 -1 -1 -1)
#(0 52 137909 20 1 2 0 17 90797 119626 -1 -1 -1 -1 -1)
#(0 52 137910 31 1 2 0 44 233911 119626 -1 -1 -1 -1 -1)
#(0 52 137911 31 1 2 1 69 368032 119626 -1 -1 -1 -1 -1)
#(0 52 138226 27 1 0 1 79 421938 119626 -1 -1 -1 -1 -1)
#(0 52 138227 32 1 0 1 82 437705 119626 -1 -1 -1 -1 -1)
#(0 52 138228 30 1 0 1 73 390208 119626 -1 -1 -1 -1 -1)
#(0 52 138229 20 1 0 0 19 100646 119626 -1 -1 -1 -1 -1)
#(0 52 138230 29 1 0 1 65 347990 119626 -1 -1 -1 -1 -1)
#(0 52 138231 23 1 0 0 0 375 119626 -1 -1 -1 -1 -1)
#(0 52 138232 20 1 0 0 61 322405 119626 -1 -1 -1 -1 -1)
#(0 52 138233 32 1 0 1 77 411317 119626 -1 -1 -1 -1 -1)
#(0 52 138234 24 1 0 1 74 395618 119626 -1 -1 -1 -1 -1)
#(0 52 138235 26 1 0 1 58 311099 119626 -1 -1 -1 -1 -1)
#(0 52 138236 29 1 0 0 15 79671 119626 -1 -1 -1 -1 -1)
#(0 52 275423 20 2 2 1 97 516405 239253 -1 -1 -1 -1 -1)
#(0 52 275428 52 2 1 1 76 403889 239253 -1 -1 -1 -1 -1)
#(0 52 275429 24 2 2 0 19 101593 239253 -1 -1 -1 -1 -1)
#(0 52 275430 32 2 2 0 55 292042 239253 -1 -1 -1 -1 -1)
#(0 52 275431 57 2 2 0 14 76863 239253 -1 -1 -1 -1 -1)
#(0 52 275432 45 2 2 0 2 12890 239253 -1 -1 -1 -1 -1)
#(0 52 275433 39 2 3 0 21 112917 239253 -1 -1 -1 -1 -1)
#(0 52 275435 41 2 1 1 67 356908 239253 -1 -1 -1 -1 -1)
#(0 52 275436 29 2 2 0 8 43810 239253 -1 -1 -1 -1 -1)
#(0 52 275437 37 2 1 1 27 145920 239253 -1 -1 -1 -1 -1)
#(0 52 275438 30 2 3 1 70 373294 239253 -1 -1 -1 -1 -1)
#(0 52 275439 34 2 1 1 93 494584 239253 -1 -1 -1 -1 -1)
#(0 52 275440 40 2 2 0 29 155164 239253 -1 -1 -1 -1 -1)
#(0 52 275441 20 2 2 0 3 16863 239253 -1 -1 -1 -1 -1)
#(0 52 275781 23 2 0 1 57 305853 239253 -1 -1 -1 -1 -1)
#(0 52 275782 27 2 0 1 86 458916 239253 -1 -1 -1 -1 -1)
#(0 52 275788 20 2 0 1 51 274221 239253 -1 -1 -1 -1 -1)
#(0 52 275789 23 2 0 1 19 105211 239253 -1 -1 -1 -1 -1)
#(0 52 275790 26 2 0 0 34 179947 239253 -1 -1 -1 -1 -1)
#(0 52 275791 23 2 0 1 69 369224 239253 -1 -1 -1 -1 -1)
#(0 52 275792 20 2 0 0 41 216807 239253 -1 -1 -1 -1 -1)
#(0 52 275793 23 2 0 1 61 326985 239253 -1 -1 -1 -1 -1)
#(0 52 275794 25 2 0 1 29 157994 239253 -1 -1 -1 -1 -1)
#(0 52 275795 32 2 0 1 55 295161 239253 -1 -1 -1 -1 -1)
#(0 52 275796 23 2 0 0 69 364694 239253 -1 -1 -1 -1 -1)
#(0 52 275797 26 2 0 1 90 480060 239253 -1 -1 -1 -1 -1)
#(0 52 275798 28 2 0 0 5 26858 239253 -1 -1 -1 -1 -1)
#(0 52 275799 32 2 0 0 1 5802 239253 -1 -1 -1 -1 -1)
#(0 52 412513 31 3 3 0 21 112516 359592 -1 -1 -1 -1 -1)
#(0 52 412514 39 3 1 0 19 102371 359592 -1 -1 -1 -1 -1)
#(0 52 412515 38 3 3 1 75 399320 359592 -1 -1 -1 -1 -1)
#(0 52 412517 27 3 2 0 20 106990 359592 -1 -1 -1 -1 -1)
#(0 52 412518 25 3 2 0 39 207232 359592 -1 -1 -1 -1 -1)
#(0 52 412519 21 3 2 0 8 43282 359592 -1 -1 -1 -1 -1)
#(0 52 412520 26 3 2 1 92 489702 359592 -1 -1 -1 -1 -1)
#(0 52 412521 38 3 2 0 45 239547 359592 -1 -1 -1 -1 -1)
#(0 52 412522 25 3 2 1 81 431638 359592 -1 -1 -1 -1 -1)
#(0 52 412524 34 3 2 1 57 304517 359592 -1 -1 -1 -1 -1)
#(0 52 412525 38 3 1 0 28 149815 359592 -1 -1 -1 -1 -1)
#(0 52 412526 21 3 2 0 12 64464 359592 -1 -1 -1 -1 -1)
#(0 52 412871 26 3 0 0 18 95482 359592 -1 -1 -1 -1 -1)
#(0 52 412872 30 3 0 1 52 279318 359592 -1 -1 -1 -1 -1)
#(0 52 412873 25 3 0 0 21 111303 359592 -1 -1 -1 -1 -1)
#(0 52 412875 34 3 0 1 95 506306 359592 -1 -1 -1 -1 -1)
#(0 52 412876 30 3 0 0 72 380671 359592 -1 -1 -1 -1 -1)
#(0 52 412877 28 3 0 0 43 227511 359592 -1 -1 -1 -1 -1)
#(0 52 412878 20 3 0 1 91 485430 359592 -1 -1 -1 -1 -1)
#(0 52 412879 26 3 0 0 5 26828 359592 -1 -1 -1 -1 -1)
#(0 52 412880 29 3 0 1 79 421918 359592 -1 -1 -1 -1 -1)
#(0 52 412881 28 3 0 1 73 390255 359592 -1 -1 -1 -1 -1)
#(0 52 412882 32 3 0 0 53 280370 359592 -1 -1 -1 -1 -1)
#(0 52 412883 25 3 0 0 33 174640 359592 -1 -1 -1 -1 -1)
#(0 52 412884 26 3 0 1 90 480059 359592 -1 -1 -1 -1 -1)
#(0 52 412885 20 3 0 1 78 416799 359592 -1 -1 -1 -1 -1)
#(0 53 406 46 0 3 0 25 134409 -1 -1 -1 -1 -1 -1)
#(0 53 407 32 0 2 1 79 420730 -1 -1 -1 -1 -1 -1)
#(0 53 408 29 0 2 1 99 526528 -1 -1 -1 -1 -1 -1)
#(0 53 409 44 0 1 0 30 160785 -1 -1 -1 -1 -1 -1)
#(0 53 410 28 0 2 1 45 241387 -1 -1 -1 -1 -1 -1)
#(0 53 411 21 0 2 0 55 291457 -1 -1 -1 -1 -1 -1)
#(0 53 412 23 0 2 0 13 69857 -1 -1 -1 -1 -1 -1)
#(0 53 413 23 0 3 0 0 1218 -1 -1 -1 -1 -1 -1)
#(0 53 414 20 0 3 1 85 453045 -1 -1 -1 -1 -1 -1)
#(0 53 415 20 0 2 1 89 474166 -1 -1 -1 -1 -1 -1)
#(0 53 416 20 0 2 0 1 6314 -1 -1 -1 -1 -1 -1)
#(0 53 417 21 0 2 0 39 206958 -1 -1 -1 -1 -1 -1)
#(0 53 418 42 0 1 0 52 276717 -1 -1 -1 -1 -1 -1)
#(0 53 420 34 0 1 0 45 239377 -1 -1 -1 -1 -1 -1)
#(0 53 421 20 0 3 0 7 37981 -1 -1 -1 -1 -1 -1)
#(0 53 422 35 0 3 0 28 149727 -1 -1 -1 -1 -1 -1)
#(0 53 785 23 0 0 1 94 501205 -1 -1 -1 -1 -1 -1)
#(0 53 786 23 0 0 1 71 379762 -1 -1 -1 -1 -1 -1)
#(0 53 787 27 0 0 0 4 21578 -1 -1 -1 -1 -1 -1)
#(0 53 788 25 0 0 1 76 406145 -1 -1 -1 -1 -1 -1)
#(0 53 789 23 0 0 0 8 42627 -1 -1 -1 -1 -1 -1)
#(0 53 790 29 0 0 1 73 390224 -1 -1 -1 -1 -1 -1)
#(0 53 791 27 0 0 0 30 158852 -1 -1 -1 -1 -1 -1)
#(0 53 792 23 0 0 1 54 290018 -1 -1 -1 -1 -1 -1)
#(0 53 793 34 0 0 1 86 458790 -1 -1 -1 -1 -1 -1)
#(0 53 794 31 0 0 0 37 195883 -1 -1 -1 -1 -1 -1)
#(0 53 795 32 0 0 0 10 53328 -1 -1 -1 -1 -1 -1)
#(0 53 796 26 0 0 1 61 326950 -1 -1 -1 -1 -1 -1)
#(0 53 137912 44 1 3 1 54 288113 119626 -1 -1 -1 -1 -1)
#(0 53 137913 35 1 1 0 21 112699 119626 -1 -1 -1 -1 -1)
#(0 53 137914 37 1 2 0 82 434867 119626 -1 -1 -1 -1 -1)
#(0 53 137917 20 1 2 1 95 505842 119626 -1 -1 -1 -1 -1)
#(0 53 137918 35 1 3 0 20 107397 119626 -1 -1 -1 -1 -1)
#(0 53 137919 32 1 2 1 93 494680 119626 -1 -1 -1 -1 -1)
#(0 53 138237 28 1 0 1 70 374409 119626 -1 -1 -1 -1 -1)
#(0 53 138238 30 1 0 1 56 300448 119626 -1 -1 -1 -1 -1)
#(0 53 138239 30 1 0 1 86 458846 119626 -1 -1 -1 -1 -1)
#(0 53 138241 27 1 0 1 66 353318 119626 -1 -1 -1 -1 -1)
#(0 53 138242 23 1 0 1 25 136906 119626 -1 -1 -1 -1 -1)
#(0 53 275434 38 2 1 0 21 112839 239253 -1 -1 -1 -1 -1)
#(0 53 275442 35 2 3 1 80 425887 239253 -1 -1 -1 -1 -1)
#(0 53 275443 30 2 3 1 85 452555 239253 -1 -1 -1 -1 -1)
#(0 53 275444 31 2 3 0 15 80919 239253 -1 -1 -1 -1 -1)
#(0 53 275445 47 2 1 1 68 361855 239253 -1 -1 -1 -1 -1)
#(0 53 275447 30 2 2 1 95 505348 239253 -1 -1 -1 -1 -1)
#(0 53 275449 27 2 2 1 61 325982 239253 -1 -1 -1 -1 -1)
#(0 53 275450 39 2 2 1 79 420345 239253 -1 -1 -1 -1 -1)
#(0 53 275451 36 2 1 0 34 181351 239253 -1 -1 -1 -1 -1)
#(0 53 275452 42 2 3 1 76 404430 239253 -1 -1 -1 -1 -1)
#(0 53 275453 26 2 2 0 22 117513 239253 -1 -1 -1 -1 -1)
#(0 53 275800 32 2 0 1 96 511608 239253 -1 -1 -1 -1 -1)
#(0 53 275801 29 2 0 0 0 503 239253 -1 -1 -1 -1 -1)
#(0 53 275802 29 2 0 0 4 21616 239253 -1 -1 -1 -1 -1)
#(0 53 275803 28 2 0 1 84 448322 239253 -1 -1 -1 -1 -1)
#(0 53 275804 30 2 0 1 76 406039 239253 -1 -1 -1 -1 -1)
#(0 53 275805 23 2 0 1 49 263610 239253 -1 -1 -1 -1 -1)
#(0 53 275806 25 2 0 0 9 47929 239253 -1 -1 -1 -1 -1)
#(0 53 275807 23 2 0 1 78 416739 239253 -1 -1 -1 -1 -1)
#(0 53 275808 29 2 0 1 64 342713 239253 -1 -1 -1 -1 -1)
#(0 53 275809 24 2 0 1 92 490649 239253 -1 -1 -1 -1 -1)
#(0 53 275810 23 2 0 1 98 522351 239253 -1 -1 -1 -1 -1)
#(0 53 275811 26 2 0 0 8 42662 239253 -1 -1 -1 -1 -1)
#(0 53 275812 28 2 0 0 43 227492 239253 -1 -1 -1 -1 -1)
#(0 53 412516 21 3 2 0 48 254550 359592 -1 -1 -1 -1 -1)
#(0 53 412527 42 3 1 0 23 123626 359592 -1 -1 -1 -1 -1)
#(0 53 412528 27 3 2 0 29 154538 359592 -1 -1 -1 -1 -1)
#(0 53 412529 37 3 1 1 65 346492 359592 -1 -1 -1 -1 -1)
#(0 53 412531 20 3 2 0 26 138320 359592 -1 -1 -1 -1 -1)
#(0 53 412532 35 3 1 1 82 436370 359592 -1 -1 -1 -1 -1)
#(0 53 412533 43 3 1 1 25 135005 359592 -1 -1 -1 -1 -1)
#(0 53 412534 36 3 3 0 51 271111 359592 -1 -1 -1 -1 -1)
#(0 53 412535 26 3 2 1 42 225682 359592 -1 -1 -1 -1 -1)
#(0 53 412536 37 3 2 0 53 281786 359592 -1 -1 -1 -1 -1)
#(0 53 412538 32 3 2 0 30 160032 359592 -1 -1 -1 -1 -1)
#(0 53 412539 41 3 3 1 89 473005 359592 -1 -1 -1 -1 -1)
#(0 53 412540 40 3 1 0 65 345295 359592 -1 -1 -1 -1 -1)
#(0 53 412541 40 3 1 1 53 282985 359592 -1 -1 -1 -1 -1)
#(0 53 412542 31 3 2 0 2 12145 359592 -1 -1 -1 -1 -1)
#(0 53 412543 38 3 3 1 88 467968 359592 -1 -1 -1 -1 -1)
#(0 53 412874 26 3 0 1 57 305793 359592 -1 -1 -1 -1 -1)
#(0 53 412886 30 3 0 0 26 137798 359592 -1 -1 -1 -1 -1)
#(0 53 412887 30 3 0 0 59 312039 359592 -1 -1 -1 -1 -1)
#(0 53 412888 25 3 0 1 55 295262 359592 -1 -1 -1 -1 -1)
#(0 53 412889 24 3 0 0 36 190493 359592 -1 -1 -1 -1 -1)
#(0 53 412890 29 3 0 1 64 342704 359592 -1 -1 -1 -1 -1)
#(0 53 412891 20 3 0 0 15 79529 359592 -1 -1 -1 -1 -1)
#(0 53 412892 25 3 0 1 92 490621 359592 -1 -1 -1 -1 -1)
#(0 53 412893 26 3 0 1 76 406126 359592 -1 -1 -1 -1 -1)
#(0 53 412894 32 3 0 0 79 417649 359592 -1 -1 -1 -1 -1)
#(0 53 412896 25 3 0 0 81 428090 359592 -1 -1 -1 -1 -1)
#(2 54 402 -1 -1 -1 -1 -1 -1 12 -1 -1 -1 -1 -1)
#(0 54 423 28 0 2 0 4 22545 -1 -1 -1 -1 -1 -1)
#(0 54 424 27 0 2 1 97 516028 -1 -1 -1 -1 -1 -1)
#(0 54 425 32 0 2 0 21 112544 -1 -1 -1 -1 -1 -1)
#(0 54 426 40 0 2 1 61 325255 -1 -1 -1 -1 -1 -1)
#(0 54 428 32 0 1 1 54 288714 -1 -1 -1 -1 -1 -1)
#(0 54 429 41 0 1 1 40 214348 -1 -1 -1 -1 -1 -1)
#(0 54 430 33 0 1 1 98 520824 -1 -1 -1 -1 -1 -1)
#(0 54 431 30 0 2 0 17 91286 -1 -1 -1 -1 -1 -1)
#(0 54 432 26 0 2 0 24 128048 -1 -1 -1 -1 -1 -1)
#(0 54 433 20 0 2 1 48 257685 -1 -1 -1 -1 -1 -1)
#(0 54 434 35 0 2 1 42 225242 -1 -1 -1 -1 -1 -1)
#(2 54 434 -1 -1 -1 -1 -1 -1 15 -1 -1 -1 -1 -1)
#(2 54 755 -1 -1 -1 -1 -1 -1 11 -1 -1 -1 -1 -1)
#(2 54 756 -1 -1 -1 -1 -1 -1 10 -1 -1 -1 -1 -1)
#(0 54 797 30 0 0 1 85 453562 -1 -1 -1 -1 -1 -1)
#(0 54 798 30 0 0 1 66 353234 -1 -1 -1 -1 -1 -1)
#(0 54 799 34 0 0 0 20 106185 -1 -1 -1 -1 -1 -1)
#(0 54 800 28 0 0 0 54 285596 -1 -1 -1 -1 -1 -1)
#(0 54 801 29 0 0 1 33 179025 -1 -1 -1 -1 -1 -1)
#(0 54 802 20 0 0 1 71 379835 -1 -1 -1 -1 -1 -1)
#(0 54 803 28 0 0 1 62 332172 -1 -1 -1 -1 -1 -1)
#(0 54 804 30 0 0 0 0 501 -1 -1 -1 -1 -1 -1)
#(0 54 805 20 0 0 0 19 100646 -1 -1 -1 -1 -1 -1)
#(0 54 806 30 0 0 0 10 53288 -1 -1 -1 -1 -1 -1)
#(0 54 807 30 0 0 1 56 300474 -1 -1 -1 -1 -1 -1)
#(0 54 808 34 0 0 1 89 474640 -1 -1 -1 -1 -1 -1)
#(0 54 137915 34 1 3 1 69 367860 119626 -1 -1 -1 -1 -1)
#(0 54 137916 31 1 2 0 44 233912 119626 -1 -1 -1 -1 -1)
#(0 54 137920 23 1 2 1 71 378921 119626 -1 -1 -1 -1 -1)
#(4 54 137920 -1 1 -1 -1 -1 -1 119641 0 0 0 0 -1)
#(0 54 137921 42 1 1 1 32 172088 119626 -1 -1 -1 -1 -1)
#(0 54 137922 36 1 1 0 70 371431 119626 -1 -1 -1 -1 -1)
#(0 54 137923 28 1 2 1 76 405133 119626 -1 -1 -1 -1 -1)
#(0 54 137924 35 1 1 1 67 357165 119626 -1 -1 -1 -1 -1)
#(0 54 137925 21 1 2 1 57 305188 119626 -1 -1 -1 -1 -1)
#(0 54 137927 31 1 2 1 73 389126 119626 -1 -1 -1 -1 -1)
#(0 54 138240 29 1 0 1 70 374402 119626 -1 -1 -1 -1 -1)
#(0 54 138243 32 1 0 1 76 406013 119626 -1 -1 -1 -1 -1)
#(0 54 138245 30 1 0 0 44 232839 119626 -1 -1 -1 -1 -1)
#(0 54 138246 30 1 0 0 63 333158 119626 -1 -1 -1 -1 -1)
#(0 54 138247 32 1 0 1 68 363776 119626 -1 -1 -1 -1 -1)
#(0 54 138248 27 1 0 0 21 111332 119626 -1 -1 -1 -1 -1)
#(0 54 138249 20 1 0 0 16 84813 119626 -1 -1 -1 -1 -1)
#(0 54 138250 27 1 0 1 37 200188 119626 -1 -1 -1 -1 -1)
#(0 54 138251 27 1 0 1 95 506434 119626 -1 -1 -1 -1 -1)
#(0 54 138252 28 1 0 0 26 137745 119626 -1 -1 -1 -1 -1)
#(0 54 138253 20 1 0 1 52 279516 119626 -1 -1 -1 -1 -1)
#(0 54 138254 25 1 0 0 49 259119 119626 -1 -1 -1 -1 -1)
#(0 54 138256 25 1 0 0 12 63755 119626 -1 -1 -1 -1 -1)
#(0 54 275446 30 2 2 1 85 452552 239253 -1 -1 -1 -1 -1)
#(0 54 275448 28 2 2 0 15 80723 239253 -1 -1 -1 -1 -1)
#(0 54 275454 30 2 2 0 13 70201 239253 -1 -1 -1 -1 -1)
#(0 54 275455 46 2 1 0 47 250553 239253 -1 -1 -1 -1 -1)
#(0 54 275456 21 2 2 1 86 458311 239253 -1 -1 -1 -1 -1)
#(0 54 275457 33 2 3 0 25 133725 239253 -1 -1 -1 -1 -1)
#(0 54 275458 33 2 1 0 23 123239 239253 -1 -1 -1 -1 -1)
#(0 54 275459 25 2 2 1 52 278507 239253 -1 -1 -1 -1 -1)
#(0 54 275460 48 2 1 0 63 335109 239253 -1 -1 -1 -1 -1)
#(0 54 275461 39 2 1 0 0 1995 239253 -1 -1 -1 -1 -1)
#(0 54 275462 25 2 2 1 74 394686 239253 -1 -1 -1 -1 -1)
#(0 54 275463 48 2 3 1 83 440982 239253 -1 -1 -1 -1 -1)
#(0 54 275783 28 2 0 1 86 458878 239253 -1 -1 -1 -1 -1)
#(0 54 275813 34 2 0 1 94 501007 239253 -1 -1 -1 -1 -1)
#(0 54 275814 27 2 0 1 72 384967 239253 -1 -1 -1 -1 -1)
#(0 54 275815 28 2 0 0 28 148317 239253 -1 -1 -1 -1 -1)
#(0 54 275816 23 2 0 1 44 237214 239253 -1 -1 -1 -1 -1)
#(0 54 275817 20 2 0 1 97 517104 239253 -1 -1 -1 -1 -1)
#(0 54 275818 32 2 0 0 32 169490 239253 -1 -1 -1 -1 -1)
#(0 54 275819 30 2 0 0 72 380664 239253 -1 -1 -1 -1 -1)
#(0 54 275820 30 2 0 0 79 417624 239253 -1 -1 -1 -1 -1)
#(0 54 275821 26 2 0 0 1 5703 239253 -1 -1 -1 -1 -1)
#(0 54 275822 23 2 0 1 89 474829 239253 -1 -1 -1 -1 -1)
#(0 54 275823 25 2 0 1 58 311119 239253 -1 -1 -1 -1 -1)
#(0 54 275824 23 2 0 1 54 290026 239253 -1 -1 -1 -1 -1)
#(0 54 412523 26 3 2 0 20 106938 359592 -1 -1 -1 -1 -1)
#(0 54 412530 28 3 2 0 23 122896 359592 -1 -1 -1 -1 -1)
#(0 54 412537 21 3 0 0 26 138228 359592 -1 -1 -1 -1 -1)
#(0 54 412544 39 3 1 0 17 91843 359592 -1 -1 -1 -1 -1)
#(0 54 412545 26 3 2 0 22 117524 359592 -1 -1 -1 -1 -1)
#(0 54 412546 41 3 3 0 14 76072 359592 -1 -1 -1 -1 -1)
#(0 54 412547 33 3 1 1 63 336212 359592 -1 -1 -1 -1 -1)
#(0 54 412548 27 3 2 1 93 494844 359592 -1 -1 -1 -1 -1)
#(0 54 412549 45 3 3 1 68 361914 359592 -1 -1 -1 -1 -1)
#(0 54 412550 21 3 2 0 48 254518 359592 -1 -1 -1 -1 -1)
#(0 54 412551 23 3 2 1 96 510974 359592 -1 -1 -1 -1 -1)
#(0 54 412552 34 3 1 1 78 415294 359592 -1 -1 -1 -1 -1)
#(0 54 412553 37 3 1 0 19 102273 359592 -1 -1 -1 -1 -1)
#(0 54 412897 27 3 0 1 72 384975 359592 -1 -1 -1 -1 -1)
#(0 54 412898 30 3 0 0 42 222279 359592 -1 -1 -1 -1 -1)
#(0 54 412899 26 3 0 1 70 374446 359592 -1 -1 -1 -1 -1)
#(4 54 412899 -1 3 -1 -1 -1 -1 359606 0 0 0 0 -1)
#(0 54 412900 32 3 0 0 56 296217 359592 -1 -1 -1 -1 -1)
#(0 54 412901 34 3 0 1 87 464064 359592 -1 -1 -1 -1 -1)
#(0 54 412902 27 3 0 0 4 21562 359592 -1 -1 -1 -1 -1)
#(0 54 412903 20 3 0 0 19 100641 359592 -1 -1 -1 -1 -1)
#(0 54 412904 26 3 0 0 9 47938 359592 -1 -1 -1 -1 -1)
#(0 54 412905 20 3 0 0 8 42559 359592 -1 -1 -1 -1 -1)
#(0 55 419 21 0 2 1 85 452984 -1 -1 -1 -1 -1 -1)
#(0 55 435 21 0 2 1 84 447676 -1 -1 -1 -1 -1 -1)
#(0 55 436 31 0 2 0 44 233952 -1 -1 -1 -1 -1 -1)
#(0 55 437 27 0 2 0 21 112333 -1 -1 -1 -1 -1 -1)
#(0 55 438 29 0 2 1 64 341729 -1 -1 -1 -1 -1 -1)
#(0 55 439 38 0 2 1 46 246133 -1 -1 -1 -1 -1 -1)
#(0 55 440 32 0 1 1 94 499836 -1 -1 -1 -1 -1 -1)
#(0 55 441 32 0 2 1 91 484075 -1 -1 -1 -1 -1 -1)
#(0 55 443 21 0 2 0 5 27560 -1 -1 -1 -1 -1 -1)
#(0 55 444 20 0 2 0 40 212235 -1 -1 -1 -1 -1 -1)
#(0 55 445 23 0 2 0 0 1247 -1 -1 -1 -1 -1 -1)
#(0 55 446 41 0 1 1 92 488921 -1 -1 -1 -1 -1 -1)
#(0 55 447 37 0 2 1 77 409935 -1 -1 -1 -1 -1 -1)
#(0 55 809 26 0 0 1 99 527554 -1 -1 -1 -1 -1 -1)
#(0 55 810 20 0 0 0 12 63700 -1 -1 -1 -1 -1 -1)
#(0 55 811 27 0 0 0 46 243338 -1 -1 -1 -1 -1 -1)
#(0 55 812 27 0 0 0 36 190536 -1 -1 -1 -1 -1 -1)
#(0 55 813 20 0 0 1 69 369267 -1 -1 -1 -1 -1 -1)
#(0 55 814 28 0 0 1 68 363850 -1 -1 -1 -1 -1 -1)
#(0 55 815 23 0 0 0 34 179902 -1 -1 -1 -1 -1 -1)
#(0 55 816 34 0 0 1 48 258146 -1 -1 -1 -1 -1 -1)
#(0 55 817 20 0 0 1 62 332318 -1 -1 -1 -1 -1 -1)
#(0 55 818 30 0 0 0 70 370104 -1 -1 -1 -1 -1 -1)
#(0 55 819 23 0 0 0 44 232690 -1 -1 -1 -1 -1 -1)
#(0 55 820 28 0 0 1 78 416670 -1 -1 -1 -1 -1 -1)
#(0 55 137926 24 1 2 1 71 378905 119626 -1 -1 -1 -1 -1)
#(0 55 137928 34 1 2 0 31 165507 119626 -1 -1 -1 -1 -1)
#(0 55 137929 50 1 2 1 66 351107 119626 -1 -1 -1 -1 -1)
#(0 55 137930 22 1 2 0 7 38141 119626 -1 -1 -1 -1 -1)
#(0 55 137931 32 1 2 0 20 107254 119626 -1 -1 -1 -1 -1)
#(0 55 137933 26 1 2 0 70 370875 119626 -1 -1 -1 -1 -1)
#(0 55 137934 24 1 2 1 76 405265 119626 -1 -1 -1 -1 -1)
#(0 55 137935 24 1 2 1 60 320662 119626 -1 -1 -1 -1 -1)
#(0 55 137936 44 1 1 1 78 414840 119626 -1 -1 -1 -1 -1)
#(0 55 137937 36 1 1 0 14 75827 119626 -1 -1 -1 -1 -1)
#(0 55 137938 32 1 2 1 47 251790 119626 -1 -1 -1 -1 -1)
#(0 55 137939 20 1 2 1 58 310483 119626 -1 -1 -1 -1 -1)
#(0 55 137940 25 1 2 0 22 117470 119626 -1 -1 -1 -1 -1)
#(0 55 137941 34 1 2 1 59 315078 119626 -1 -1 -1 -1 -1)
#(0 55 138244 32 1 0 1 76 406023 119626 -1 -1 -1 -1 -1)
#(0 55 138257 28 1 0 1 69 369125 119626 -1 -1 -1 -1 -1)
#(0 55 138259 34 1 0 0 24 127306 119626 -1 -1 -1 -1 -1)
#(0 55 138260 23 1 0 0 18 95421 119626 -1 -1 -1 -1 -1)
#(0 55 138261 20 1 0 1 53 284793 119626 -1 -1 -1 -1 -1)
#(0 55 138262 34 1 0 1 83 442943 119626 -1 -1 -1 -1 -1)
#(0 55 138263 28 1 0 0 41 216945 119626 -1 -1 -1 -1 -1)
#(0 55 138264 30 1 0 0 46 243385 119626 -1 -1 -1 -1 -1)
#(0 55 138265 20 1 0 1 56 300638 119626 -1 -1 -1 -1 -1)
#(0 55 138266 32 1 0 0 28 148363 119626 -1 -1 -1 -1 -1)
#(0 55 138267 26 1 0 1 67 358618 119626 -1 -1 -1 -1 -1)
#(0 55 138268 25 1 0 0 1 5681 119626 -1 -1 -1 -1 -1)
#(0 55 275464 40 2 1 1 73 388606 239253 -1 -1 -1 -1 -1)
#(0 55 275465 32 2 2 1 88 468273 239253 -1 -1 -1 -1 -1)
#(0 55 275466 35 2 1 0 52 276371 239253 -1 -1 -1 -1 -1)
#(0 55 275467 31 2 2 0 4 22730 239253 -1 -1 -1 -1 -1)
#(0 55 275468 39 2 1 0 47 250192 239253 -1 -1 -1 -1 -1)
#(0 55 275469 33 2 1 0 29 154860 239253 -1 -1 -1 -1 -1)
#(0 55 275470 35 2 2 0 9 49349 239253 -1 -1 -1 -1 -1)
#(0 55 275471 30 2 2 1 66 352213 239253 -1 -1 -1 -1 -1)
#(0 55 275472 43 2 1 1 87 462344 239253 -1 -1 -1 -1 -1)
#(0 55 275473 31 2 2 0 21 112451 239253 -1 -1 -1 -1 -1)
#(0 55 275474 34 2 3 1 98 520935 239253 -1 -1 -1 -1 -1)
#(0 55 275475 48 2 1 0 26 139769 239253 -1 -1 -1 -1 -1)
#(0 55 275477 27 2 2 0 13 70076 239253 -1 -1 -1 -1 -1)
#(0 55 275478 36 2 1 0 5 28289 239253 -1 -1 -1 -1 -1)
#(0 55 275480 38 2 3 1 94 499631 239253 -1 -1 -1 -1 -1)
#(0 55 275784 24 2 0 1 86 458947 239253 -1 -1 -1 -1 -1)
#(0 55 275825 23 2 0 1 32 173850 239253 -1 -1 -1 -1 -1)
#(0 55 275826 20 2 0 1 62 332302 239253 -1 -1 -1 -1 -1)
#(0 55 275827 25 2 0 1 75 400861 239253 -1 -1 -1 -1 -1)
#(0 55 275828 23 2 0 0 2 10942 239253 -1 -1 -1 -1 -1)
#(0 55 275830 28 2 0 0 43 227516 239253 -1 -1 -1 -1 -1)
#(0 55 275831 30 2 0 1 71 379651 239253 -1 -1 -1 -1 -1)
#(0 55 275832 23 2 0 0 42 222136 239253 -1 -1 -1 -1 -1)
#(0 55 275833 29 2 0 0 39 206403 239253 -1 -1 -1 -1 -1)
#(0 55 275834 23 2 0 1 45 242501 239253 -1 -1 -1 -1 -1)
#(0 55 275835 26 2 0 0 21 111303 239253 -1 -1 -1 -1 -1)
#(0 55 275836 29 2 0 0 35 185276 239253 -1 -1 -1 -1 -1)
#(0 55 275837 26 2 0 1 76 406142 239253 -1 -1 -1 -1 -1)
#(0 55 275838 26 2 0 1 60 321661 239253 -1 -1 -1 -1 -1)
#(0 55 275839 23 2 0 0 10 53169 239253 -1 -1 -1 -1 -1)
#(0 55 412554 22 3 2 0 12 64484 359592 -1 -1 -1 -1 -1)
#(0 55 412555 47 3 1 0 13 71151 359592 -1 -1 -1 -1 -1)
#(0 55 412556 27 3 2 1 92 489652 359592 -1 -1 -1 -1 -1)
#(0 55 412557 40 3 3 1 89 473048 359592 -1 -1 -1 -1 -1)
#(0 55 412558 47 3 3 1 33 177117 359592 -1 -1 -1 -1 -1)
#(0 55 412559 20 3 2 1 75 400235 359592 -1 -1 -1 -1 -1)
#(0 55 412560 21 3 2 1 94 500522 359592 -1 -1 -1 -1 -1)
#(0 55 412561 25 3 2 0 14 75218 359592 -1 -1 -1 -1 -1)
#(0 55 412562 30 3 2 1 49 262462 359592 -1 -1 -1 -1 -1)
#(0 55 412563 41 3 1 0 63 334778 359592 -1 -1 -1 -1 -1)
#(0 55 412564 32 3 3 1 99 526292 359592 -1 -1 -1 -1 -1)
#(0 55 412895 21 3 0 0 15 79550 359592 -1 -1 -1 -1 -1)
#(0 55 412907 28 3 0 1 97 516962 359592 -1 -1 -1 -1 -1)
#(0 55 412908 25 3 0 0 46 243295 359592 -1 -1 -1 -1 -1)
#(0 55 412909 21 3 0 1 78 416761 359592 -1 -1 -1 -1 -1)
#(0 55 412910 32 3 0 0 45 238135 359592 -1 -1 -1 -1 -1)
#(0 55 412913 32 3 0 0 34 180057 359592 -1 -1 -1 -1 -1)
#(0 55 412914 30 3 0 0 69 364831 359592 -1 -1 -1 -1 -1)
#(0 55 412915 34 3 0 1 69 369033 359592 -1 -1 -1 -1 -1)
#(0 55 412916 26 3 0 0 32 169376 359592 -1 -1 -1 -1 -1)
#(0 55 412917 25 3 0 1 79 422001 359592 -1 -1 -1 -1 -1)
#(0 55 412918 28 3 0 0 30 158858 359592 -1 -1 -1 -1 -1)
#(0 55 412919 26 3 0 0 59 311938 359592 -1 -1 -1 -1 -1)
#(0 55 412920 25 3 0 1 96 511759 359592 -1 -1 -1 -1 -1)
#(0 55 412921 30 3 0 0 48 253930 359592 -1 -1 -1 -1 -1)
#(0 56 427 21 0 2 1 85 452997 -1 -1 -1 -1 -1 -1)
#(0 56 442 29 0 2 0 17 91214 -1 -1 -1 -1 -1 -1)
#(0 56 448 33 0 2 1 76 404709 -1 -1 -1 -1 -1 -1)
#(0 56 449 26 0 2 1 94 500255 -1 -1 -1 -1 -1 -1)
#(0 56 450 25 0 2 0 50 265348 -1 -1 -1 -1 -1 -1)
#(0 56 451 36 0 3 0 57 302819 -1 -1 -1 -1 -1 -1)
#(0 56 452 36 0 1 0 32 170802 -1 -1 -1 -1 -1 -1)
#(0 56 453 27 0 2 0 68 360448 -1 -1 -1 -1 -1 -1)
#(0 56 454 36 0 1 1 73 388867 -1 -1 -1 -1 -1 -1)
#(0 56 455 38 0 1 1 66 351753 -1 -1 -1 -1 -1 -1)
#(0 56 456 43 0 3 0 29 155314 -1 -1 -1 -1 -1 -1)
#(0 56 457 33 0 1 1 72 383727 -1 -1 -1 -1 -1 -1)
#(0 56 458 21 0 2 1 19 104553 -1 -1 -1 -1 -1 -1)
#(0 56 459 31 0 2 1 79 420826 -1 -1 -1 -1 -1 -1)
#(0 56 460 42 0 1 0 12 65525 -1 -1 -1 -1 -1 -1)
#(0 56 461 33 0 1 0 20 107438 -1 -1 -1 -1 -1 -1)
#(0 56 462 20 0 3 1 80 426651 -1 -1 -1 -1 -1 -1)
#(0 56 821 27 0 0 1 84 448336 -1 -1 -1 -1 -1 -1)
#(0 56 822 27 0 0 0 24 127178 -1 -1 -1 -1 -1 -1)
#(0 56 823 26 0 0 0 21 111320 -1 -1 -1 -1 -1 -1)
#(0 56 824 28 0 0 1 92 490569 -1 -1 -1 -1 -1 -1)
#(0 56 825 30 0 0 0 9 48032 -1 -1 -1 -1 -1 -1)
#(0 56 826 28 0 0 1 98 522249 -1 -1 -1 -1 -1 -1)
#(0 56 828 29 0 0 0 32 169450 -1 -1 -1 -1 -1 -1)
#(0 56 829 23 0 0 1 51 274183 -1 -1 -1 -1 -1 -1)
#(0 56 830 30 0 0 1 93 495815 -1 -1 -1 -1 -1 -1)
#(0 56 831 27 0 0 1 80 427234 -1 -1 -1 -1 -1 -1)
#(0 56 832 29 0 0 0 71 375363 -1 -1 -1 -1 -1 -1)
#(0 56 833 32 0 0 0 10 53329 -1 -1 -1 -1 -1 -1)
#(0 56 834 30 0 0 0 39 206425 -1 -1 -1 -1 -1 -1)
#(0 56 835 25 0 0 1 79 422004 -1 -1 -1 -1 -1 -1)
#(0 56 836 25 0 0 0 17 90161 -1 -1 -1 -1 -1 -1)
#(0 56 837 34 0 0 0 27 143122 -1 -1 -1 -1 -1 -1)
#(0 56 838 20 0 0 0 12 63682 -1 -1 -1 -1 -1 -1)
#(0 56 839 28 0 0 0 50 264452 -1 -1 -1 -1 -1 -1)
#(0 56 840 30 0 0 1 52 279355 -1 -1 -1 -1 -1 -1)
#(0 56 841 29 0 0 1 58 311053 -1 -1 -1 -1 -1 -1)
#(0 56 137932 21 1 2 1 57 305140 119626 -1 -1 -1 -1 -1)
#(0 56 137942 54 1 3 0 24 129542 119626 -1 -1 -1 -1 -1)
#(0 56 137943 40 1 3 0 36 192185 119626 -1 -1 -1 -1 -1)
#(0 56 137944 46 1 3 1 86 456969 119626 -1 -1 -1 -1 -1)
#(0 56 137945 41 1 1 0 28 150018 119626 -1 -1 -1 -1 -1)
#(0 56 137946 46 1 1 1 66 351325 119626 -1 -1 -1 -1 -1)
#(0 56 137947 22 1 2 1 97 516183 119626 -1 -1 -1 -1 -1)
#(0 56 137948 46 1 1 0 18 97433 119626 -1 -1 -1 -1 -1)
#(0 56 137949 35 1 3 1 74 394094 119626 -1 -1 -1 -1 -1)
#(0 56 137950 36 1 1 1 80 425811 119626 -1 -1 -1 -1 -1)
#(0 56 137951 20 1 2 0 2 11588 119626 -1 -1 -1 -1 -1)
#(0 56 137952 23 1 2 1 71 378950 119626 -1 -1 -1 -1 -1)
#(3 56 137952 -1 1 -1 -1 -1 -1 119642 -1 -1 -1 -1 27)
#(0 56 137953 30 1 3 0 34 181064 119626 -1 -1 -1 -1 -1)
#(0 56 137954 27 1 2 1 26 141185 119626 -1 -1 -1 -1 -1)
#(0 56 137955 33 1 1 1 81 431268 119626 -1 -1 -1 -1 -1)
#(0 56 138255 28 1 0 0 26 137766 119626 -1 -1 -1 -1 -1)
#(0 56 138258 26 1 0 0 12 63787 119626 -1 -1 -1 -1 -1)
#(0 56 138269 23 1 0 1 62 332249 119626 -1 -1 -1 -1 -1)
#(0 56 138270 23 1 0 0 51 269675 119626 -1 -1 -1 -1 -1)
#(0 56 138272 23 1 0 0 21 111260 119626 -1 -1 -1 -1 -1)
#(0 56 138273 26 1 0 1 86 458930 119626 -1 -1 -1 -1 -1)
#(0 56 138274 27 1 0 0 59 311972 119626 -1 -1 -1 -1 -1)
#(0 56 138275 25 1 0 0 30 158812 119626 -1 -1 -1 -1 -1)
#(0 56 138276 27 1 0 0 10 53239 119626 -1 -1 -1 -1 -1)
#(0 56 138277 27 1 0 1 93 495893 119626 -1 -1 -1 -1 -1)
#(0 56 275476 37 2 1 1 87 462744 239253 -1 -1 -1 -1 -1)
#(0 56 275481 36 2 2 0 26 139137 239253 -1 -1 -1 -1 -1)
#(0 56 275482 36 2 1 1 73 388844 239253 -1 -1 -1 -1 -1)
#(0 56 275483 41 2 1 1 82 436045 239253 -1 -1 -1 -1 -1)
#(0 56 275484 29 2 2 0 4 22578 239253 -1 -1 -1 -1 -1)
#(0 56 275485 26 2 2 0 15 80646 239253 -1 -1 -1 -1 -1)
#(0 56 275486 27 2 2 1 57 304869 239253 -1 -1 -1 -1 -1)
#(0 56 275487 33 2 2 0 65 344971 239253 -1 -1 -1 -1 -1)
#(0 56 275488 33 2 2 0 30 160127 239253 -1 -1 -1 -1 -1)
#(0 56 275489 35 2 3 1 69 367734 239253 -1 -1 -1 -1 -1)
#(0 56 275829 21 2 0 1 62 332305 239253 -1 -1 -1 -1 -1)
#(0 56 275840 26 2 0 0 3 16279 239253 -1 -1 -1 -1 -1)
#(0 56 275841 25 2 0 1 98 522298 239253 -1 -1 -1 -1 -1)
#(0 56 275842 26 2 0 0 24 127160 239253 -1 -1 -1 -1 -1)
#(0 56 275843 20 2 0 1 65 348151 239253 -1 -1 -1 -1 -1)
#(0 56 275844 32 2 0 1 56 300423 239253 -1 -1 -1 -1 -1)
#(0 56 275845 30 2 0 1 79 421889 239253 -1 -1 -1 -1 -1)
#(0 56 275846 20 2 0 0 8 42566 239253 -1 -1 -1 -1 -1)
#(0 56 275847 20 2 0 0 1 5604 239253 -1 -1 -1 -1 -1)
#(0 56 275848 26 2 0 0 25 132428 239253 -1 -1 -1 -1 -1)
#(0 56 275849 22 2 0 1 97 517083 239253 -1 -1 -1 -1 -1)
#(0 56 275851 22 2 0 0 41 216836 239253 -1 -1 -1 -1 -1)
#(0 56 412565 55 3 3 0 42 224627 359592 -1 -1 -1 -1 -1)
#(0 56 412566 25 3 2 1 69 368246 359592 -1 -1 -1 -1 -1)
#(0 56 412567 43 3 1 1 71 377939 359592 -1 -1 -1 -1 -1)
#(0 56 412568 47 3 2 1 29 155945 359592 -1 -1 -1 -1 -1)
#(0 56 412569 34 3 3 1 72 383641 359592 -1 -1 -1 -1 -1)
#(0 56 412570 27 3 2 0 5 27783 359592 -1 -1 -1 -1 -1)
#(0 56 412572 32 3 2 0 17 91389 359592 -1 -1 -1 -1 -1)
#(0 56 412573 30 3 3 1 76 404882 359592 -1 -1 -1 -1 -1)
#(0 56 412574 45 3 3 0 36 192463 359592 -1 -1 -1 -1 -1)
#(0 56 412575 28 3 2 0 25 133461 359592 -1 -1 -1 -1 -1)
#(0 56 412576 20 3 2 0 11 59106 359592 -1 -1 -1 -1 -1)
#(0 56 412906 17 3 0 0 19 100598 359592 -1 -1 -1 -1 -1)
#(0 56 412911 22 3 0 0 15 79550 359592 -1 -1 -1 -1 -1)
#(0 56 412912 22 3 0 1 78 416763 359592 -1 -1 -1 -1 -1)
#(0 56 412923 28 3 0 1 52 279370 359592 -1 -1 -1 -1 -1)
#(0 56 412924 20 3 0 0 40 211526 359592 -1 -1 -1 -1 -1)
#(0 56 412925 24 3 0 1 77 411445 359592 -1 -1 -1 -1 -1)
#(0 56 412926 32 3 0 1 80 427157 359592 -1 -1 -1 -1 -1)
#(0 56 412927 30 3 0 1 42 226542 359592 -1 -1 -1 -1 -1)
#(0 57 463 31 0 2 1 73 389037 -1 -1 -1 -1 -1 -1)
#(0 57 464 31 0 2 0 18 96670 -1 -1 -1 -1 -1 -1)
#(0 57 465 38 0 2 1 77 409878 -1 -1 -1 -1 -1 -1)
#(0 57 466 37 0 2 0 8 44212 -1 -1 -1 -1 -1 -1)
#(0 57 467 53 0 3 1 47 250659 -1 -1 -1 -1 -1 -1)
#(0 57 468 30 0 2 1 57 304623 -1 -1 -1 -1 -1 -1)
#(0 57 469 39 0 1 0 86 456092 -1 -1 -1 -1 -1 -1)
#(0 57 470 44 0 1 0 52 276819 -1 -1 -1 -1 -1 -1)
#(0 57 472 21 0 2 0 23 122482 -1 -1 -1 -1 -1 -1)
#(0 57 473 37 0 1 0 27 144507 -1 -1 -1 -1 -1 -1)
#(0 57 474 28 0 2 0 4 22637 -1 -1 -1 -1 -1 -1)
#(0 57 475 21 0 2 1 48 257603 -1 -1 -1 -1 -1 -1)
#(0 57 476 54 0 3 1 39 208418 -1 -1 -1 -1 -1 -1)
#(0 57 477 50 0 2 0 36 192647 -1 -1 -1 -1 -1 -1)
#(2 57 477 -1 -1 -1 -1 -1 -1 16 -1 -1 -1 -1 -1)
#(0 57 478 20 0 3 1 45 241857 -1 -1 -1 -1 -1 -1)
#(0 57 827 24 0 0 0 34 179929 -1 -1 -1 -1 -1 -1)
#(0 57 842 26 0 0 1 96 511721 -1 -1 -1 -1 -1 -1)
#(0 57 843 34 0 0 0 69 364905 -1 -1 -1 -1 -1 -1)
#(0 57 844 26 0 0 0 30 158840 -1 -1 -1 -1 -1 -1)
#(0 57 845 28 0 0 0 32 169420 -1 -1 -1 -1 -1 -1)
#(0 57 846 23 0 0 1 93 495953 -1 -1 -1 -1 -1 -1)
#(0 57 847 30 0 0 0 41 216985 -1 -1 -1 -1 -1 -1)
#(0 57 848 25 0 0 0 10 53205 -1 -1 -1 -1 -1 -1)
#(0 57 849 23 0 0 0 13 69014 -1 -1 -1 -1 -1 -1)
#(0 57 850 30 0 0 1 85 453586 -1 -1 -1 -1 -1 -1)
#(0 57 851 34 0 0 1 91 485199 -1 -1 -1 -1 -1 -1)
#(0 57 852 29 0 0 1 72 384971 -1 -1 -1 -1 -1 -1)
#(0 57 137956 37 1 1 0 45 239621 119626 -1 -1 -1 -1 -1)
#(0 57 137957 32 1 1 0 15 80973 119626 -1 -1 -1 -1 -1)
#(0 57 137958 39 1 2 0 5 28443 119626 -1 -1 -1 -1 -1)
#(0 57 137959 38 1 1 0 40 213174 119626 -1 -1 -1 -1 -1)
#(0 57 137960 36 1 2 1 54 288566 119626 -1 -1 -1 -1 -1)
#(0 57 137961 36 1 2 0 4 23040 119626 -1 -1 -1 -1 -1)
#(0 57 137962 26 1 3 0 70 370901 119626 -1 -1 -1 -1 -1)
#(0 57 137965 27 1 2 1 83 442139 119626 -1 -1 -1 -1 -1)
#(0 57 138271 20 1 0 1 56 300628 119626 -1 -1 -1 -1 -1)
#(0 57 138278 20 1 0 0 53 280178 119626 -1 -1 -1 -1 -1)
#(0 57 138280 20 1 0 0 50 264337 119626 -1 -1 -1 -1 -1)
#(0 57 138281 25 1 0 0 47 248578 119626 -1 -1 -1 -1 -1)
#(0 57 138282 25 1 0 1 74 395588 119626 -1 -1 -1 -1 -1)
#(0 57 138283 32 1 0 1 35 189543 119626 -1 -1 -1 -1 -1)
#(0 57 138284 28 1 0 1 63 337455 119626 -1 -1 -1 -1 -1)
#(0 57 138285 20 1 0 1 66 353436 119626 -1 -1 -1 -1 -1)
#(0 57 138286 27 1 0 0 46 243325 119626 -1 -1 -1 -1 -1)
#(0 57 138287 20 1 0 0 26 137606 119626 -1 -1 -1 -1 -1)
#(0 57 138288 30 1 0 0 64 338418 119626 -1 -1 -1 -1 -1)
#(0 57 138289 27 1 0 0 15 79633 119626 -1 -1 -1 -1 -1)
#(0 57 275479 26 2 2 0 13 70050 239253 -1 -1 -1 -1 -1)
#(4 57 275479 -1 2 -1 -1 -1 -1 239264 0 0 0 0 -1)
#(0 57 275490 36 2 3 0 20 107523 239253 -1 -1 -1 -1 -1)
#(0 57 275491 35 2 2 1 44 235796 239253 -1 -1 -1 -1 -1)
#(0 57 275492 27 2 2 1 71 378743 239253 -1 -1 -1 -1 -1)
#(0 57 275493 37 2 2 1 48 256624 239253 -1 -1 -1 -1 -1)
#(0 57 275494 34 2 2 1 65 346710 239253 -1 -1 -1 -1 -1)
#(0 57 275495 39 2 2 0 44 234418 239253 -1 -1 -1 -1 -1)
#(0 57 275496 45 2 1 0 11 60444 239253 -1 -1 -1 -1 -1)
#(0 57 275497 55 2 1 1 92 488186 239253 -1 -1 -1 -1 -1)
#(0 57 275498 21 2 2 0 37 196412 239253 -1 -1 -1 -1 -1)
#(0 57 275499 28 2 2 1 27 146364 239253 -1 -1 -1 -1 -1)
#(0 57 275500 20 2 2 0 61 323126 239253 -1 -1 -1 -1 -1)
#(0 57 275502 34 2 2 1 46 246375 239253 -1 -1 -1 -1 -1)
#(0 57 275503 35 2 1 1 62 330863 239253 -1 -1 -1 -1 -1)
#(0 57 275504 34 2 1 0 0 1891 239253 -1 -1 -1 -1 -1)
#(0 57 275505 53 2 1 0 59 314274 239253 -1 -1 -1 -1 -1)
#(0 57 275852 24 2 0 0 2 10971 239253 -1 -1 -1 -1 -1)
#(0 57 275853 27 2 0 0 30 158864 239253 -1 -1 -1 -1 -1)
#(0 57 275855 20 2 0 1 93 495987 239253 -1 -1 -1 -1 -1)
#(0 57 275856 27 2 0 1 87 464184 239253 -1 -1 -1 -1 -1)
#(0 57 275857 27 2 0 0 24 127162 239253 -1 -1 -1 -1 -1)
#(0 57 275859 30 2 0 1 99 527488 239253 -1 -1 -1 -1 -1)
#(0 57 275860 23 2 0 0 36 190465 239253 -1 -1 -1 -1 -1)
#(0 57 275861 26 2 0 1 85 453652 239253 -1 -1 -1 -1 -1)
#(0 57 275862 25 2 0 1 80 427276 239253 -1 -1 -1 -1 -1)
#(0 57 275863 26 2 0 1 78 416704 239253 -1 -1 -1 -1 -1)
#(0 57 275864 20 2 0 0 28 148161 239253 -1 -1 -1 -1 -1)
#(0 57 275865 31 2 0 1 94 501091 239253 -1 -1 -1 -1 -1)
#(0 57 275866 29 2 0 1 4 25931 239253 -1 -1 -1 -1 -1)
#(0 57 275867 25 2 0 1 76 406153 239253 -1 -1 -1 -1 -1)
#(0 57 412571 22 3 3 1 94 500461 359592 -1 -1 -1 -1 -1)
#(0 57 412577 21 3 2 0 42 222820 359592 -1 -1 -1 -1 -1)
#(0 57 412578 41 3 3 0 41 218583 359592 -1 -1 -1 -1 -1)
#(0 57 412579 38 3 2 1 95 504930 359592 -1 -1 -1 -1 -1)
#(0 57 412582 39 3 1 0 45 239592 359592 -1 -1 -1 -1 -1)
#(0 57 412583 42 3 1 0 61 324252 359592 -1 -1 -1 -1 -1)
#(0 57 412584 20 3 2 1 63 336895 359592 -1 -1 -1 -1 -1)
#(0 57 412585 33 3 2 0 37 197192 359592 -1 -1 -1 -1 -1)
#(0 57 412586 29 3 1 1 97 515832 359592 -1 -1 -1 -1 -1)
#(0 57 412587 35 3 1 0 10 54613 359592 -1 -1 -1 -1 -1)
#(0 57 412588 38 3 1 1 68 362371 359592 -1 -1 -1 -1 -1)
#(0 57 412589 23 3 2 1 69 368361 359592 -1 -1 -1 -1 -1)
#(0 57 412928 23 3 0 1 96 511770 359592 -1 -1 -1 -1 -1)
#(0 57 412929 28 3 0 1 60 321596 359592 -1 -1 -1 -1 -1)
#(0 57 412930 32 3 0 1 37 200094 359592 -1 -1 -1 -1 -1)
#(0 57 412931 29 3 0 1 89 474704 359592 -1 -1 -1 -1 -1)
#(0 57 412932 28 3 0 0 20 106078 359592 -1 -1 -1 -1 -1)
#(0 57 412933 28 3 0 1 74 395523 359592 -1 -1 -1 -1 -1)
#(0 57 412934 29 3 0 0 43 227519 359592 -1 -1 -1 -1 -1)
#(0 57 412935 30 3 0 1 85 453568 359592 -1 -1 -1 -1 -1)
#(0 57 412936 27 3 0 0 68 359486 359592 -1 -1 -1 -1 -1)
#(0 57 412937 23 3 0 1 91 485384 359592 -1 -1 -1 -1 -1)
#(0 57 412939 25 3 0 0 26 137687 359592 -1 -1 -1 -1 -1)
#(0 57 412940 27 3 0 1 88 469473 359592 -1 -1 -1 -1 -1)
#(0 57 412941 34 3 0 0 29 153682 359592 -1 -1 -1 -1 -1)
#(2 58 456 -1 -1 -1 -1 -1 -1 14 -1 -1 -1 -1 -1)
#(0 58 471 39 0 2 0 12 65387 -1 -1 -1 -1 -1 -1)
#(0 58 479 37 0 1 1 46 246219 -1 -1 -1 -1 -1 -1)
#(0 58 480 35 0 2 0 21 112742 -1 -1 -1 -1 -1 -1)
#(0 58 481 21 0 2 1 84 447745 -1 -1 -1 -1 -1 -1)
#(0 58 482 44 0 1 0 34 181909 -1 -1 -1 -1 -1 -1)
#(0 58 483 40 0 1 0 41 218558 -1 -1 -1 -1 -1 -1)
#(0 58 484 30 0 1 0 9 49154 -1 -1 -1 -1 -1 -1)
#(0 58 485 34 0 2 1 76 404782 -1 -1 -1 -1 -1 -1)
#(0 58 487 44 0 1 0 16 86789 -1 -1 -1 -1 -1 -1)
#(0 58 489 43 0 3 1 68 362108 -1 -1 -1 -1 -1 -1)
#(0 58 490 51 0 1 1 90 477803 -1 -1 -1 -1 -1 -1)
#(0 58 491 31 0 2 1 78 415517 -1 -1 -1 -1 -1 -1)
#(0 58 492 46 0 1 0 11 60478 -1 -1 -1 -1 -1 -1)
#(2 58 764 -1 -1 -1 -1 -1 -1 16 -1 -1 -1 -1 -1)
#(0 58 853 28 0 0 0 69 364790 -1 -1 -1 -1 -1 -1)
#(0 58 854 20 0 0 0 34 179849 -1 -1 -1 -1 -1 -1)
#(0 58 855 27 0 0 0 33 174702 -1 -1 -1 -1 -1 -1)
#(0 58 856 24 0 0 1 98 522314 -1 -1 -1 -1 -1 -1)
#(0 58 857 21 0 0 0 19 100673 -1 -1 -1 -1 -1 -1)
#(0 58 858 26 0 0 1 45 242434 -1 -1 -1 -1 -1 -1)
#(0 58 859 29 0 0 1 32 173744 -1 -1 -1 -1 -1 -1)
#(0 58 860 24 0 0 0 9 47925 -1 -1 -1 -1 -1 -1)
#(0 58 863 30 0 0 0 35 185305 -1 -1 -1 -1 -1 -1)
#(0 58 864 25 0 0 0 17 90174 -1 -1 -1 -1 -1 -1)
#(0 58 865 26 0 0 1 96 511736 -1 -1 -1 -1 -1 -1)
#(0 58 137964 21 1 2 1 97 516169 119626 -1 -1 -1 -1 -1)
#(0 58 137966 30 1 1 1 72 383732 119626 -1 -1 -1 -1 -1)
#(0 58 137967 40 1 1 1 49 261915 119626 -1 -1 -1 -1 -1)
#(0 58 137968 52 1 1 1 89 472501 119626 -1 -1 -1 -1 -1)
#(0 58 137969 37 1 1 0 66 350364 119626 -1 -1 -1 -1 -1)
#(0 58 137970 31 1 2 1 50 267677 119626 -1 -1 -1 -1 -1)
#(0 58 138279 25 1 0 0 10 53224 119626 -1 -1 -1 -1 -1)
#(0 58 138290 20 1 0 0 49 259060 119626 -1 -1 -1 -1 -1)
#(0 58 138291 27 1 0 1 33 179055 119626 -1 -1 -1 -1 -1)
#(0 58 138292 20 1 0 0 36 190414 119626 -1 -1 -1 -1 -1)
#(0 58 138293 20 1 0 0 12 63690 119626 -1 -1 -1 -1 -1)
#(0 58 138294 23 1 0 1 87 464251 119626 -1 -1 -1 -1 -1)
#(0 58 138295 28 1 0 0 23 121911 119626 -1 -1 -1 -1 -1)
#(0 58 138296 29 1 0 0 25 132489 119626 -1 -1 -1 -1 -1)
#(0 58 138297 25 1 0 0 30 158804 119626 -1 -1 -1 -1 -1)
#(0 58 138298 20 1 0 0 63 332962 119626 -1 -1 -1 -1 -1)
#(0 58 138299 26 1 0 0 0 416 119626 -1 -1 -1 -1 -1)
#(0 58 275501 31 2 2 1 69 367966 239253 -1 -1 -1 -1 -1)
#(0 58 275506 27 2 2 0 51 270688 239253 -1 -1 -1 -1 -1)
#(0 58 275507 34 2 1 0 26 139013 239253 -1 -1 -1 -1 -1)
#(0 58 275508 30 2 2 0 16 86055 239253 -1 -1 -1 -1 -1)
#(0 58 275509 35 2 1 0 47 250075 239253 -1 -1 -1 -1 -1)
#(0 58 275510 53 2 1 1 45 240103 239253 -1 -1 -1 -1 -1)
#(0 58 275511 28 2 2 0 25 133455 239253 -1 -1 -1 -1 -1)
#(0 58 275513 30 2 2 0 0 1529 239253 -1 -1 -1 -1 -1)
#(0 58 275514 27 2 2 0 13 70060 239253 -1 -1 -1 -1 -1)
#(0 58 275515 33 2 3 1 85 452367 239253 -1 -1 -1 -1 -1)
#(0 58 275516 27 2 2 0 4 22538 239253 -1 -1 -1 -1 -1)
#(0 58 275517 40 2 3 0 74 392752 239253 -1 -1 -1 -1 -1)
#(0 58 275850 21 2 0 1 62 332283 239253 -1 -1 -1 -1 -1)
#(0 58 275854 20 2 0 0 1 5617 239253 -1 -1 -1 -1 -1)
#(0 58 275858 23 2 0 0 41 216860 239253 -1 -1 -1 -1 -1)
#(0 58 275868 32 2 0 0 40 211752 239253 -1 -1 -1 -1 -1)
#(0 58 275869 30 2 0 1 48 258195 239253 -1 -1 -1 -1 -1)
#(0 58 275870 20 2 0 1 71 379827 239253 -1 -1 -1 -1 -1)
#(0 58 275871 21 2 0 0 8 42589 239253 -1 -1 -1 -1 -1)
#(0 58 275873 25 2 0 1 92 490628 239253 -1 -1 -1 -1 -1)
#(0 58 275874 34 2 0 0 87 459935 239253 -1 -1 -1 -1 -1)
#(0 58 275875 30 2 0 0 31 164193 239253 -1 -1 -1 -1 -1)
#(0 58 275876 34 2 0 1 81 432391 239253 -1 -1 -1 -1 -1)
#(0 58 275878 26 2 0 1 50 268853 239253 -1 -1 -1 -1 -1)
#(0 58 275879 34 2 0 1 30 163120 239253 -1 -1 -1 -1 -1)
#(0 58 275880 20 2 0 1 69 369286 239253 -1 -1 -1 -1 -1)
#(0 58 275881 30 2 0 0 16 84967 239253 -1 -1 -1 -1 -1)
#(0 58 275882 28 2 0 0 4 21572 239253 -1 -1 -1 -1 -1)
#(0 58 412580 37 3 2 0 41 218378 359592 -1 -1 -1 -1 -1)
#(0 58 412581 20 3 2 1 94 500574 359592 -1 -1 -1 -1 -1)
#(0 58 412590 43 3 3 1 33 177301 359592 -1 -1 -1 -1 -1)
#(0 58 412591 27 3 2 0 14 75331 359592 -1 -1 -1 -1 -1)
#(0 58 412592 27 3 2 1 42 225654 359592 -1 -1 -1 -1 -1)
#(0 58 412593 31 3 2 1 76 404822 359592 -1 -1 -1 -1 -1)
#(0 58 412594 25 3 2 1 96 510832 359592 -1 -1 -1 -1 -1)
#(0 58 412595 20 3 2 1 99 526957 359592 -1 -1 -1 -1 -1)
#(0 58 412597 27 3 2 0 65 344572 359592 -1 -1 -1 -1 -1)
#(0 58 412598 31 3 3 0 29 154765 359592 -1 -1 -1 -1 -1)
#(0 58 412599 49 3 3 0 6 34214 359592 -1 -1 -1 -1 -1)
#(0 58 412600 34 3 1 1 47 251662 359592 -1 -1 -1 -1 -1)
#(0 58 412601 31 3 2 1 60 320499 359592 -1 -1 -1 -1 -1)
#(0 58 412602 29 3 1 1 49 262454 359592 -1 -1 -1 -1 -1)
#(0 58 412604 39 3 1 1 39 209114 359592 -1 -1 -1 -1 -1)
#(0 58 412605 40 3 3 0 40 213241 359592 -1 -1 -1 -1 -1)
#(0 58 412606 37 3 1 0 50 265898 359592 -1 -1 -1 -1 -1)
#(0 58 412922 22 3 0 1 78 416743 359592 -1 -1 -1 -1 -1)
#(0 58 412938 18 3 0 0 40 211493 359592 -1 -1 -1 -1 -1)
#(0 58 412942 23 3 0 1 92 490650 359592 -1 -1 -1 -1 -1)
#(0 58 412943 26 3 0 0 36 190528 359592 -1 -1 -1 -1 -1)
#(0 58 412944 27 3 0 0 20 106051 359592 -1 -1 -1 -1 -1)
#(0 58 412945 25 3 0 1 83 443098 359592 -1 -1 -1 -1 -1)
#(0 58 412946 28 3 0 0 31 164157 359592 -1 -1 -1 -1 -1)
#(0 58 412947 25 3 0 1 81 432542 359592 -1 -1 -1 -1 -1)
#(0 58 412948 28 3 0 1 57 305759 359592 -1 -1 -1 -1 -1)
#(0 58 412949 28 3 0 0 6 32149 359592 -1 -1 -1 -1 -1)
#(0 58 412950 27 3 0 0 29 153552 359592 -1 -1 -1 -1 -1)
#(0 58 412951 28 3 0 1 49 263529 359592 -1 -1 -1 -1 -1)
#(0 58 412953 20 3 0 0 1 5608 359592 -1 -1 -1 -1 -1)
#(0 58 412954 26 3 0 0 4 21548 359592 -1 -1 -1 -1 -1)
#(0 58 412956 34 3 0 0 2 11129 359592 -1 -1 -1 -1 -1)
#(0 58 412957 34 3 0 1 80 427118 359592 -1 -1 -1 -1 -1)
#(0 58 412958 25 3 0 0 11 58481 359592 -1 -1 -1 -1 -1)
#(0 58 412959 24 3 0 0 62 327747 359592 -1 -1 -1 -1 -1)
#(0 58 412960 26 3 0 1 22 121018 359592 -1 -1 -1 -1 -1)
#(0 58 412961 24 3 0 1 79 422004 359592 -1 -1 -1 -1 -1)
#(0 59 486 30 0 2 1 76 405017 -1 -1 -1 -1 -1 -1)
#(0 59 488 35 0 1 0 12 65237 -1 -1 -1 -1 -1 -1)
#(0 59 493 21 0 2 0 18 96100 -1 -1 -1 -1 -1 -1)
#(0 59 494 20 0 2 1 90 479443 -1 -1 -1 -1 -1 -1)
#(0 59 495 48 0 3 0 52 277043 -1 -1 -1 -1 -1 -1)
#(0 59 496 21 0 2 0 16 85527 -1 -1 -1 -1 -1 -1)
#(0 59 497 53 0 3 1 35 187307 -1 -1 -1 -1 -1 -1)
#(0 59 498 43 0 1 1 47 251247 -1 -1 -1 -1 -1 -1)
#(0 59 499 37 0 3 1 59 314896 -1 -1 -1 -1 -1 -1)
#(0 59 500 47 0 1 1 86 456927 -1 -1 -1 -1 -1 -1)
#(0 59 501 26 0 3 0 27 143889 -1 -1 -1 -1 -1 -1)
#(0 59 502 22 0 2 1 89 474046 -1 -1 -1 -1 -1 -1)
#(0 59 862 25 0 0 0 9 47924 -1 -1 -1 -1 -1 -1)
#(0 59 866 25 0 0 1 37 200216 -1 -1 -1 -1 -1 -1)
#(0 59 867 30 0 0 0 1 5799 -1 -1 -1 -1 -1 -1)
#(0 59 868 26 0 0 1 86 458923 -1 -1 -1 -1 -1 -1)
#(0 59 869 27 0 0 1 58 311065 -1 -1 -1 -1 -1 -1)
#(0 59 870 20 0 0 1 91 485431 -1 -1 -1 -1 -1 -1)
#(0 59 871 20 0 0 1 34 184467 -1 -1 -1 -1 -1 -1)
#(0 59 872 30 0 0 0 22 116672 -1 -1 -1 -1 -1 -1)
#(0 59 873 23 0 0 0 52 274937 -1 -1 -1 -1 -1 -1)
#(0 59 874 28 0 0 0 41 216940 -1 -1 -1 -1 -1 -1)
#(0 59 875 30 0 0 0 31 164184 -1 -1 -1 -1 -1 -1)
#(0 59 876 26 0 0 1 68 363897 -1 -1 -1 -1 -1 -1)
#(0 59 877 26 0 0 1 55 295258 -1 -1 -1 -1 -1 -1)
#(0 59 878 24 0 0 1 93 495928 -1 -1 -1 -1 -1 -1)
#(0 59 879 28 0 0 1 88 469462 -1 -1 -1 -1 -1 -1)
#(0 59 880 25 0 0 0 10 53193 -1 -1 -1 -1 -1 -1)
#(0 59 137963 32 1 2 0 34 181220 119626 -1 -1 -1 -1 -1)
#(0 59 137971 20 1 2 1 36 194305 119626 -1 -1 -1 -1 -1)
#(0 59 137972 34 1 3 1 54 288665 119626 -1 -1 -1 -1 -1)
#(0 59 137973 32 1 1 1 62 330935 119626 -1 -1 -1 -1 -1)
#(0 59 137974 49 1 1 1 35 187552 119626 -1 -1 -1 -1 -1)
#(0 59 137975 31 1 3 1 96 510378 119626 -1 -1 -1 -1 -1)
#(0 59 137976 21 1 2 0 74 391781 119626 -1 -1 -1 -1 -1)
#(0 59 137977 35 1 1 1 93 494468 119626 -1 -1 -1 -1 -1)
#(0 59 137978 41 1 1 1 75 399139 119626 -1 -1 -1 -1 -1)
#(0 59 137979 29 1 2 0 53 281359 119626 -1 -1 -1 -1 -1)
#(0 59 137980 21 1 2 0 81 428717 119626 -1 -1 -1 -1 -1)
#(0 59 138300 20 1 0 1 69 369261 119626 -1 -1 -1 -1 -1)
#(0 59 138301 30 1 0 0 6 32199 119626 -1 -1 -1 -1 -1)
#(0 59 138302 20 1 0 1 65 348147 119626 -1 -1 -1 -1 -1)
#(0 59 138303 30 1 0 0 60 317304 119626 -1 -1 -1 -1 -1)
#(0 59 138304 34 1 0 1 40 215911 119626 -1 -1 -1 -1 -1)
#(0 59 138305 28 1 0 1 86 458895 119626 -1 -1 -1 -1 -1)
#(0 59 138306 26 1 0 1 99 527578 119626 -1 -1 -1 -1 -1)
#(0 59 138308 27 1 0 0 3 16279 119626 -1 -1 -1 -1 -1)
#(0 59 138309 23 1 0 0 43 227411 119626 -1 -1 -1 -1 -1)
#(0 59 138310 23 1 0 1 52 279465 119626 -1 -1 -1 -1 -1)
#(0 59 138311 30 1 0 0 27 143051 119626 -1 -1 -1 -1 -1)
#(0 59 138312 27 1 0 1 96 511721 119626 -1 -1 -1 -1 -1)
#(0 59 138313 29 1 0 1 79 421924 119626 -1 -1 -1 -1 -1)
#(0 59 138314 26 1 0 0 16 84901 119626 -1 -1 -1 -1 -1)
#(0 59 138315 20 1 0 0 10 53112 119626 -1 -1 -1 -1 -1)
#(0 59 275512 20 2 3 0 26 138313 239253 -1 -1 -1 -1 -1)
#(0 59 275518 30 2 2 0 16 86018 239253 -1 -1 -1 -1 -1)
#(0 59 275519 28 2 2 0 20 107047 239253 -1 -1 -1 -1 -1)
#(0 59 275520 34 2 2 1 25 135505 239253 -1 -1 -1 -1 -1)
#(0 59 275521 36 2 1 1 60 320185 239253 -1 -1 -1 -1 -1)
#(0 59 275522 28 2 2 0 9 48945 239253 -1 -1 -1 -1 -1)
#(0 59 275523 37 2 1 0 42 223692 239253 -1 -1 -1 -1 -1)
#(0 59 275524 37 2 3 1 80 425731 239253 -1 -1 -1 -1 -1)
#(0 59 275525 27 2 2 1 98 521331 239253 -1 -1 -1 -1 -1)
#(0 59 275526 35 2 3 0 17 91643 239253 -1 -1 -1 -1 -1)
#(0 59 275527 39 2 1 0 34 181562 239253 -1 -1 -1 -1 -1)
#(0 59 275528 30 2 2 0 35 186389 239253 -1 -1 -1 -1 -1)
#(0 59 275529 26 2 2 0 15 80610 239253 -1 -1 -1 -1 -1)
#(0 59 275530 38 2 1 0 24 128692 239253 -1 -1 -1 -1 -1)
#(0 59 275872 21 2 0 1 93 495961 239253 -1 -1 -1 -1 -1)
#(0 59 275877 24 2 0 1 94 501188 239253 -1 -1 -1 -1 -1)
#(0 59 275883 20 2 0 0 1 5594 239253 -1 -1 -1 -1 -1)
#(0 59 275884 30 2 0 0 58 306763 239253 -1 -1 -1 -1 -1)
#(0 59 275885 30 2 0 0 9 48038 239253 -1 -1 -1 -1 -1)
#(0 59 275886 20 2 0 1 79 422067 239253 -1 -1 -1 -1 -1)
#(0 59 275887 20 2 0 1 57 305911 239253 -1 -1 -1 -1 -1)
#(0 59 275888 29 2 0 1 52 279351 239253 -1 -1 -1 -1 -1)
#(0 59 275889 26 2 0 0 74 391144 239253 -1 -1 -1 -1 -1)
#(0 59 275890 23 2 0 1 83 443143 239253 -1 -1 -1 -1 -1)
#(0 59 275891 25 2 0 1 44 237181 239253 -1 -1 -1 -1 -1)
#(0 59 275893 25 2 0 1 51 274159 239253 -1 -1 -1 -1 -1)
#(0 59 275894 20 2 0 1 36 195036 239253 -1 -1 -1 -1 -1)
#(0 59 275895 30 2 0 1 95 506389 239253 -1 -1 -1 -1 -1)
#(0 59 412596 33 3 3 0 41 218214 359592 -1 -1 -1 -1 -1)
#(0 59 412603 22 3 2 1 96 511048 359592 -1 -1 -1 -1 -1)
#(0 59 412607 38 3 2 0 9 49523 359592 -1 -1 -1 -1 -1)
#(0 59 412608 38 3 1 0 24 128717 359592 -1 -1 -1 -1 -1)
#(0 59 412609 26 3 2 0 5 27834 359592 -1 -1 -1 -1 -1)
#(0 59 412610 21 3 2 1 37 199594 359592 -1 -1 -1 -1 -1)
#(0 59 412611 45 3 2 0 7 39268 359592 -1 -1 -1 -1 -1)
#(0 59 412612 28 3 3 1 76 405126 359592 -1 -1 -1 -1 -1)
#(0 59 412613 40 3 1 0 45 239714 359592 -1 -1 -1 -1 -1)
#(0 59 412616 29 3 2 0 73 386955 359592 -1 -1 -1 -1 -1)
#(0 59 412955 25 3 0 1 81 432557 359592 -1 -1 -1 -1 -1)
#(0 59 412962 27 3 0 0 0 464 359592 -1 -1 -1 -1 -1)
#(0 59 412963 26 3 0 1 85 453630 359592 -1 -1 -1 -1 -1)
#(0 59 412965 25 3 0 0 46 243298 359592 -1 -1 -1 -1 -1)
#(0 59 412966 29 3 0 0 5 26892 359592 -1 -1 -1 -1 -1)
#(0 59 412967 22 3 0 0 8 42617 359592 -1 -1 -1 -1 -1)
#(0 59 412968 27 3 0 1 93 495868 359592 -1 -1 -1 -1 -1)
#(0 59 412969 20 3 0 0 36 190405 359592 -1 -1 -1 -1 -1)
#(0 59 412970 29 3 0 0 6 32154 359592 -1 -1 -1 -1 -1)
#(0 60 101 70 0 2 1 64 342830 -1 -1 -1 -1 -1 -1)
#(0 60 102 64 0 1 0 20 110506 -1 -1 -1 -1 -1 -1)
#(0 60 103 64 0 2 1 41 216841 -1 -1 -1 -1 -1 -1)
#(0 60 104 57 0 1 0 31 167970 -1 -1 -1 -1 -1 -1)
#(0 60 105 59 0 3 0 48 257854 -1 -1 -1 -1 -1 -1)
#(0 60 106 51 0 3 0 34 183224 -1 -1 -1 -1 -1 -1)
#(0 60 107 59 0 1 0 19 104876 -1 -1 -1 -1 -1 -1)
#(0 60 108 75 0 2 1 46 247542 -1 -1 -1 -1 -1 -1)
#(0 60 109 51 0 2 1 16 86049 -1 -1 -1 -1 -1 -1)
#(2 60 109 -1 -1 -1 -1 -1 -1 15 -1 -1 -1 -1 -1)
#(0 60 110 55 0 2 1 91 481716 -1 -1 -1 -1 -1 -1)
#(0 60 111 62 0 3 1 80 422865 -1 -1 -1 -1 -1 -1)
#(0 60 112 57 0 2 1 52 275583 -1 -1 -1 -1 -1 -1)
#(0 60 113 59 0 2 1 37 196247 -1 -1 -1 -1 -1 -1)
#(0 60 114 51 0 2 1 97 513865 -1 -1 -1 -1 -1 -1)
#(0 60 503 36 0 1 0 8 44135 -1 -1 -1 -1 -1 -1)
#(0 60 504 47 0 1 0 3 18330 -1 -1 -1 -1 -1 -1)
#(0 60 506 30 0 2 1 97 515831 -1 -1 -1 -1 -1 -1)
#(0 60 507 20 0 3 1 72 384404 -1 -1 -1 -1 -1 -1)
#(0 60 508 31 0 2 0 47 249753 -1 -1 -1 -1 -1 -1)
#(0 60 509 30 0 2 0 54 286657 -1 -1 -1 -1 -1 -1)
#(0 60 510 31 0 2 1 99 526407 -1 -1 -1 -1 -1 -1)
#(0 60 512 33 0 2 1 79 420714 -1 -1 -1 -1 -1 -1)
#(0 60 514 35 0 2 0 28 149601 -1 -1 -1 -1 -1 -1)
#(0 60 861 20 0 0 0 34 179858 -1 -1 -1 -1 -1 -1)
#(0 60 882 23 0 0 1 37 200265 -1 -1 -1 -1 -1 -1)
#(0 60 883 30 0 0 0 38 201153 -1 -1 -1 -1 -1 -1)
#(0 60 884 20 0 0 0 36 190411 -1 -1 -1 -1 -1 -1)
#(0 60 885 25 0 0 0 21 111309 -1 -1 -1 -1 -1 -1)
#(0 60 886 27 0 0 0 1 5712 -1 -1 -1 -1 -1 -1)
#(0 60 887 34 0 0 1 23 126161 -1 -1 -1 -1 -1 -1)
#(0 60 888 31 0 0 0 3 16355 -1 -1 -1 -1 -1 -1)
#(0 60 889 30 0 0 1 40 215981 -1 -1 -1 -1 -1 -1)
#(0 60 890 34 0 0 0 53 280402 -1 -1 -1 -1 -1 -1)
#(0 60 891 27 0 0 0 39 206360 -1 -1 -1 -1 -1 -1)
#(0 60 892 25 0 0 0 55 290795 -1 -1 -1 -1 -1 -1)
#(0 60 893 26 0 0 1 70 374464 -1 -1 -1 -1 -1 -1)
#(0 60 137616 62 1 3 1 53 280494 119626 -1 -1 -1 -1 -1)
#(0 60 137617 62 1 2 0 14 78763 119626 -1 -1 -1 -1 -1)
#(0 60 137618 64 1 3 0 8 47289 119626 -1 -1 -1 -1 -1)
#(0 60 137619 44 1 2 1 63 334962 119626 -1 -1 -1 -1 -1)
#(0 60 137620 70 1 2 1 80 427389 119626 -1 -1 -1 -1 -1)
#(0 60 137621 57 1 2 1 75 396930 119626 -1 -1 -1 -1 -1)
#(0 60 137622 70 1 2 1 61 327111 119626 -1 -1 -1 -1 -1)
#(0 60 137623 59 1 2 1 76 402062 119626 -1 -1 -1 -1 -1)
#(0 60 137624 57 1 2 1 79 418165 119626 -1 -1 -1 -1 -1)
#(0 60 137626 44 1 2 0 7 39927 119626 -1 -1 -1 -1 -1)
#(0 60 137981 33 1 2 1 62 330929 119626 -1 -1 -1 -1 -1)
#(0 60 137982 33 1 2 0 21 112547 119626 -1 -1 -1 -1 -1)
#(0 60 137983 33 1 1 1 73 388982 119626 -1 -1 -1 -1 -1)
#(0 60 137984 26 1 2 1 61 326003 119626 -1 -1 -1 -1 -1)
#(0 60 137985 29 1 2 1 72 383934 119626 -1 -1 -1 -1 -1)
#(0 60 137986 33 1 1 1 93 494549 119626 -1 -1 -1 -1 -1)
#(0 60 137987 36 1 1 1 85 452207 119626 -1 -1 -1 -1 -1)
#(0 60 137988 22 1 2 1 97 516114 119626 -1 -1 -1 -1 -1)
#(0 60 137989 39 1 1 1 75 399254 119626 -1 -1 -1 -1 -1)
#(0 60 137990 27 1 2 0 10 54168 119626 -1 -1 -1 -1 -1)
#(0 60 137991 44 1 3 0 23 123766 119626 -1 -1 -1 -1 -1)
#(0 60 137992 20 1 2 0 46 243901 119626 -1 -1 -1 -1 -1)
#(0 60 138307 25 1 0 0 6 32092 119626 -1 -1 -1 -1 -1)
#(0 60 138316 26 1 0 1 95 506435 119626 -1 -1 -1 -1 -1)
#(0 60 138317 25 1 0 1 93 495900 119626 -1 -1 -1 -1 -1)
#(0 60 138318 26 1 0 1 94 501161 119626 -1 -1 -1 -1 -1)
#(0 60 138319 27 1 0 0 19 100783 119626 -1 -1 -1 -1 -1)
#(0 60 138320 29 1 0 0 38 201132 119626 -1 -1 -1 -1 -1)
#(0 60 138321 27 1 0 1 70 374429 119626 -1 -1 -1 -1 -1)
#(0 60 138322 20 1 0 1 64 342867 119626 -1 -1 -1 -1 -1)
#(0 60 138323 30 1 0 1 89 474681 119626 -1 -1 -1 -1 -1)
#(0 60 138324 34 1 0 0 56 296258 119626 -1 -1 -1 -1 -1)
#(0 60 138327 23 1 0 0 64 338287 119626 -1 -1 -1 -1 -1)
#(0 60 138328 25 1 0 0 33 174637 119626 -1 -1 -1 -1 -1)
#(0 60 138329 23 1 0 1 50 268909 119626 -1 -1 -1 -1 -1)
#(0 60 138330 23 1 0 0 58 306609 119626 -1 -1 -1 -1 -1)
#(0 60 138331 23 1 0 1 87 464275 119626 -1 -1 -1 -1 -1)
#(0 60 275131 57 2 3 1 64 338837 239253 -1 -1 -1 -1 -1)
#(0 60 275132 44 2 2 0 43 230047 239253 -1 -1 -1 -1 -1)
#(0 60 275134 62 2 3 1 93 491458 239253 -1 -1 -1 -1 -1)
#(0 60 275135 44 2 2 0 51 272274 239253 -1 -1 -1 -1 -1)
#(0 60 275136 70 2 2 0 28 148293 239253 -1 -1 -1 -1 -1)
#(0 60 275137 66 2 2 0 39 210909 239253 -1 -1 -1 -1 -1)
#(0 60 275138 62 2 3 0 41 221272 239253 -1 -1 -1 -1 -1)
#(0 60 275139 59 2 2 1 76 402129 239253 -1 -1 -1 -1 -1)
#(0 60 275140 74 2 2 0 2 11365 239253 -1 -1 -1 -1 -1)
#(0 60 275141 75 2 2 0 10 53701 239253 -1 -1 -1 -1 -1)
#(0 60 275142 55 2 2 0 0 4006 239253 -1 -1 -1 -1 -1)
#(0 60 275143 51 2 2 1 62 329011 239253 -1 -1 -1 -1 -1)
#(0 60 275144 67 2 2 1 59 311522 239253 -1 -1 -1 -1 -1)
#(0 60 275145 63 2 2 0 7 41654 239253 -1 -1 -1 -1 -1)
#(0 60 275146 51 2 2 1 95 503226 239253 -1 -1 -1 -1 -1)
#(0 60 275147 75 2 2 1 83 442665 239253 -1 -1 -1 -1 -1)
#(0 60 275148 44 2 2 0 18 97972 239253 -1 -1 -1 -1 -1)
#(0 60 275531 27 2 2 1 74 394609 239253 -1 -1 -1 -1 -1)
#(0 60 275532 31 2 2 1 11 61754 239253 -1 -1 -1 -1 -1)
#(0 60 275533 38 2 3 0 2 12516 239253 -1 -1 -1 -1 -1)
#(0 60 275534 20 2 2 1 41 220709 239253 -1 -1 -1 -1 -1)
#(0 60 275535 28 2 2 0 43 228466 239253 -1 -1 -1 -1 -1)
#(0 60 275536 35 2 2 1 96 510315 239253 -1 -1 -1 -1 -1)
#(0 60 275537 31 2 2 1 67 357418 239253 -1 -1 -1 -1 -1)
#(0 60 275538 39 2 1 1 87 462644 239253 -1 -1 -1 -1 -1)
#(0 60 275539 36 2 2 0 32 170839 239253 -1 -1 -1 -1 -1)
#(0 60 275896 30 2 0 1 96 511634 239253 -1 -1 -1 -1 -1)
#(0 60 275897 26 2 0 0 17 90205 239253 -1 -1 -1 -1 -1)
#(0 60 275899 27 2 0 0 0 458 239253 -1 -1 -1 -1 -1)
#(0 60 275900 21 2 0 0 28 148190 239253 -1 -1 -1 -1 -1)
#(0 60 275901 19 2 0 1 52 279524 239253 -1 -1 -1 -1 -1)
#(0 60 275902 25 2 0 1 58 311108 239253 -1 -1 -1 -1 -1)
#(0 60 275903 20 2 0 1 67 358712 239253 -1 -1 -1 -1 -1)
#(0 60 275904 26 2 0 1 38 205492 239253 -1 -1 -1 -1 -1)
#(0 60 275905 23 2 0 0 11 58458 239253 -1 -1 -1 -1 -1)
#(0 60 275906 23 2 0 0 14 74294 239253 -1 -1 -1 -1 -1)
#(0 60 275907 34 2 0 0 20 106153 239253 -1 -1 -1 -1 -1)
#(0 60 412250 74 3 2 0 43 227934 359592 -1 -1 -1 -1 -1)
#(0 60 412251 57 3 1 0 12 67704 359592 -1 -1 -1 -1 -1)
#(0 60 412252 51 3 1 1 51 270857 359592 -1 -1 -1 -1 -1)
#(0 60 412253 60 3 4 0 29 158329 359592 -1 -1 -1 -1 -1)
#(0 60 412254 75 3 2 0 68 359978 359592 -1 -1 -1 -1 -1)
#(0 60 412255 42 3 2 1 49 261127 359592 -1 -1 -1 -1 -1)
#(0 60 412256 43 3 2 0 0 2932 359592 -1 -1 -1 -1 -1)
#(0 60 412257 73 3 1 0 21 111176 359592 -1 -1 -1 -1 -1)
#(0 60 412258 51 3 3 0 65 346869 359592 -1 -1 -1 -1 -1)
#(0 60 412259 55 3 3 1 78 413115 359592 -1 -1 -1 -1 -1)
#(0 60 412260 57 3 1 1 79 418119 359592 -1 -1 -1 -1 -1)
#(0 60 412262 57 3 2 1 58 307207 359592 -1 -1 -1 -1 -1)
#(0 60 412263 64 3 2 1 87 459674 359592 -1 -1 -1 -1 -1)
#(0 60 412264 59 3 2 0 16 88925 359592 -1 -1 -1 -1 -1)
#(0 60 412618 34 3 1 1 87 462874 359592 -1 -1 -1 -1 -1)
#(0 60 412619 21 3 3 0 27 143619 359592 -1 -1 -1 -1 -1)
#(0 60 412620 44 3 1 1 89 472834 359592 -1 -1 -1 -1 -1)
#(0 60 412622 33 3 2 0 47 249847 359592 -1 -1 -1 -1 -1)
#(0 60 412623 39 3 1 1 68 362313 359592 -1 -1 -1 -1 -1)
#(0 60 412624 40 3 3 0 71 376960 359592 -1 -1 -1 -1 -1)
#(0 60 412625 20 3 2 1 65 347442 359592 -1 -1 -1 -1 -1)
#(0 60 412626 37 3 3 0 43 229029 359592 -1 -1 -1 -1 -1)
#(0 60 412627 20 3 2 0 14 74954 359592 -1 -1 -1 -1 -1)
#(0 60 412630 20 3 3 1 73 389695 359592 -1 -1 -1 -1 -1)
#(0 60 412952 27 3 0 0 29 153568 359592 -1 -1 -1 -1 -1)
#(0 60 412964 25 3 0 0 4 21545 359592 -1 -1 -1 -1 -1)
#(0 60 412971 30 3 0 1 82 437714 359592 -1 -1 -1 -1 -1)
#(0 60 412972 27 3 0 1 75 400822 359592 -1 -1 -1 -1 -1)
#(0 60 412973 30 3 0 0 27 143068 359592 -1 -1 -1 -1 -1)
#(0 60 412974 25 3 0 0 28 148255 359592 -1 -1 -1 -1 -1)
#(0 60 412975 27 3 0 0 42 222206 359592 -1 -1 -1 -1 -1)
#(0 60 412976 32 3 0 0 52 275081 359592 -1 -1 -1 -1 -1)
#(0 60 412977 23 3 0 1 96 511786 359592 -1 -1 -1 -1 -1)
#(0 60 412978 26 3 0 0 44 232742 359592 -1 -1 -1 -1 -1)
#(0 60 412980 28 3 0 0 0 451 359592 -1 -1 -1 -1 -1)
#(0 61 117 44 0 2 1 59 313819 -1 -1 -1 -1 -1 -1)
#(0 61 118 64 0 2 0 53 284874 -1 -1 -1 -1 -1 -1)
#(0 61 119 75 0 3 1 37 199844 -1 -1 -1 -1 -1 -1)
#(0 61 120 64 0 1 1 70 369926 -1 -1 -1 -1 -1 -1)
#(0 61 121 65 0 2 0 19 105001 -1 -1 -1 -1 -1 -1)
#(0 61 122 70 0 1 0 14 74281 -1 -1 -1 -1 -1 -1)
#(0 61 123 62 0 1 1 26 137866 -1 -1 -1 -1 -1 -1)
#(0 61 124 64 0 2 1 98 517752 -1 -1 -1 -1 -1 -1)
#(0 61 125 51 0 1 1 92 487366 -1 -1 -1 -1 -1 -1)
#(0 61 126 67 0 3 0 59 311557 -1 -1 -1 -1 -1 -1)
#(2 61 479 -1 -1 -1 -1 -1 -1 16 -1 -1 -1 -1 -1)
#(0 61 505 38 0 1 1 59 314835 -1 -1 -1 -1 -1 -1)
#(0 61 513 30 0 2 0 8 43755 -1 -1 -1 -1 -1 -1)
#(0 61 515 39 0 3 0 49 260737 -1 -1 -1 -1 -1 -1)
#(0 61 516 33 0 2 0 14 75605 -1 -1 -1 -1 -1 -1)
#(0 61 517 45 0 1 1 68 361942 -1 -1 -1 -1 -1 -1)
#(0 61 518 39 0 2 1 86 457380 -1 -1 -1 -1 -1 -1)
#(0 61 519 30 0 2 1 64 341559 -1 -1 -1 -1 -1 -1)
#(0 61 520 31 0 1 1 73 389065 -1 -1 -1 -1 -1 -1)
#(0 61 521 29 0 2 0 4 22678 -1 -1 -1 -1 -1 -1)
#(0 61 522 40 0 1 1 98 520663 -1 -1 -1 -1 -1 -1)
#(0 61 523 43 0 3 1 49 261806 -1 -1 -1 -1 -1 -1)
#(0 61 881 29 0 0 0 41 216978 -1 -1 -1 -1 -1 -1)
#(4 61 881 -1 0 -1 -1 -1 -1 17 0 0 0 0 -1)
#(0 61 894 32 0 0 1 77 411288 -1 -1 -1 -1 -1 -1)
#(0 61 895 29 0 0 0 7 37462 -1 -1 -1 -1 -1 -1)
#(0 61 896 27 0 0 1 90 480013 -1 -1 -1 -1 -1 -1)
#(0 61 898 27 0 0 1 74 395542 -1 -1 -1 -1 -1 -1)
#(0 61 899 26 0 0 0 51 269714 -1 -1 -1 -1 -1 -1)
#(0 61 900 27 0 0 0 28 148286 -1 -1 -1 -1 -1 -1)
#(0 61 901 26 0 0 1 59 316378 -1 -1 -1 -1 -1 -1)
#(0 61 902 29 0 0 0 14 74389 -1 -1 -1 -1 -1 -1)
#(0 61 137625 51 1 2 1 81 429391 119626 -1 -1 -1 -1 -1)
#(0 61 137627 55 1 1 1 64 339110 119626 -1 -1 -1 -1 -1)
#(0 61 137628 59 1 2 1 79 418339 119626 -1 -1 -1 -1 -1)
#(0 61 137629 67 1 1 0 21 116139 119626 -1 -1 -1 -1 -1)
#(0 61 137631 62 1 2 1 70 370064 119626 -1 -1 -1 -1 -1)
#(0 61 137632 59 1 2 1 40 211954 119626 -1 -1 -1 -1 -1)
#(0 61 137633 57 1 3 1 83 439205 119626 -1 -1 -1 -1 -1)
#(0 61 137634 62 1 1 0 28 152618 119626 -1 -1 -1 -1 -1)
#(0 61 137635 62 1 2 0 2 15375 119626 -1 -1 -1 -1 -1)
#(0 61 137636 64 1 1 0 56 300702 119626 -1 -1 -1 -1 -1)
#(0 61 137637 67 1 2 0 52 274578 119626 -1 -1 -1 -1 -1)
#(0 61 137639 62 1 3 1 68 359558 119626 -1 -1 -1 -1 -1)
#(0 61 137640 67 1 2 0 17 95038 119626 -1 -1 -1 -1 -1)
#(0 61 137641 51 1 2 0 80 426017 119626 -1 -1 -1 -1 -1)
#(0 61 137994 34 1 2 1 54 288605 119626 -1 -1 -1 -1 -1)
#(0 61 137996 27 1 2 1 82 436802 119626 -1 -1 -1 -1 -1)
#(0 61 137997 29 1 2 0 64 339378 119626 -1 -1 -1 -1 -1)
#(0 61 137998 54 1 3 0 24 129513 119626 -1 -1 -1 -1 -1)
#(0 61 137999 31 1 2 1 59 315200 119626 -1 -1 -1 -1 -1)
#(0 61 138000 24 1 2 0 17 91124 119626 -1 -1 -1 -1 -1)
#(0 61 138001 43 1 1 0 27 144814 119626 -1 -1 -1 -1 -1)
#(0 61 138002 27 1 2 0 39 207283 119626 -1 -1 -1 -1 -1)
#(0 61 138003 32 1 2 0 52 276228 119626 -1 -1 -1 -1 -1)
#(0 61 138325 24 1 0 0 3 16252 119626 -1 -1 -1 -1 -1)
#(0 61 138326 26 1 0 1 94 501170 119626 -1 -1 -1 -1 -1)
#(0 61 138332 24 1 0 0 56 296087 119626 -1 -1 -1 -1 -1)
#(0 61 138333 29 1 0 0 31 164176 119626 -1 -1 -1 -1 -1)
#(0 61 138334 29 1 0 1 49 263511 119626 -1 -1 -1 -1 -1)
#(0 61 138335 29 1 0 0 24 127209 119626 -1 -1 -1 -1 -1)
#(0 61 138336 29 1 0 1 48 258246 119626 -1 -1 -1 -1 -1)
#(0 61 138337 27 1 0 1 60 321634 119626 -1 -1 -1 -1 -1)
#(0 61 138339 25 1 0 0 2 10967 119626 -1 -1 -1 -1 -1)
#(0 61 138340 30 1 0 1 91 485262 119626 -1 -1 -1 -1 -1)
#(0 61 138341 34 1 0 1 81 432401 119626 -1 -1 -1 -1 -1)
#(0 61 138342 28 1 0 1 80 427222 119626 -1 -1 -1 -1 -1)
#(0 61 138343 23 1 0 1 58 311151 119626 -1 -1 -1 -1 -1)
#(0 61 275133 66 2 2 1 64 338580 239253 -1 -1 -1 -1 -1)
#(0 61 275150 70 2 2 1 80 427308 239253 -1 -1 -1 -1 -1)
#(0 61 275151 70 2 2 0 45 237988 239253 -1 -1 -1 -1 -1)
#(0 61 275152 59 2 1 0 32 173494 239253 -1 -1 -1 -1 -1)
#(0 61 275153 43 2 2 0 81 430604 239253 -1 -1 -1 -1 -1)
#(0 61 275154 55 2 1 1 67 354958 239253 -1 -1 -1 -1 -1)
#(0 61 275155 55 2 3 0 8 46180 239253 -1 -1 -1 -1 -1)
#(0 61 275156 51 2 2 1 52 276144 239253 -1 -1 -1 -1 -1)
#(0 61 275157 70 2 2 0 63 332919 239253 -1 -1 -1 -1 -1)
#(0 61 275158 55 2 2 0 11 62046 239253 -1 -1 -1 -1 -1)
#(0 61 275159 75 2 1 0 20 106407 239253 -1 -1 -1 -1 -1)
#(4 61 275159 -1 2 -1 -1 -1 -1 239265 0 0 0 0 -1)
#(0 61 275160 64 2 2 0 41 221195 239253 -1 -1 -1 -1 -1)
#(0 61 275161 70 2 1 1 74 395784 239253 -1 -1 -1 -1 -1)
#(0 61 275162 55 2 1 0 4 25066 239253 -1 -1 -1 -1 -1)
#(0 61 275163 57 2 2 0 34 183801 239253 -1 -1 -1 -1 -1)
#(0 61 275164 57 2 1 0 77 410760 239253 -1 -1 -1 -1 -1)
#(0 61 275165 57 2 1 0 53 283992 239253 -1 -1 -1 -1 -1)
#(0 61 275540 50 2 1 0 60 319421 239253 -1 -1 -1 -1 -1)
#(0 61 275541 45 2 2 1 46 245814 239253 -1 -1 -1 -1 -1)
#(0 61 275542 26 2 2 0 27 143948 239253 -1 -1 -1 -1 -1)
#(0 61 275543 38 2 2 1 78 415179 239253 -1 -1 -1 -1 -1)
#(0 61 275544 34 2 3 0 19 102150 239253 -1 -1 -1 -1 -1)
#(0 61 275545 34 2 2 0 39 207683 239253 -1 -1 -1 -1 -1)
#(0 61 275546 30 2 1 1 52 278206 239253 -1 -1 -1 -1 -1)
#(0 61 275547 31 2 2 0 22 117739 239253 -1 -1 -1 -1 -1)
#(0 61 275548 27 2 2 0 67 355143 239253 -1 -1 -1 -1 -1)
#(0 61 275549 27 2 2 0 24 128104 239253 -1 -1 -1 -1 -1)
#(0 61 275550 41 2 1 1 72 383327 239253 -1 -1 -1 -1 -1)
#(0 61 275551 35 2 2 0 31 165474 239253 -1 -1 -1 -1 -1)
#(0 61 275552 37 2 1 1 82 436346 239253 -1 -1 -1 -1 -1)
#(0 61 275553 29 2 2 1 81 431460 239253 -1 -1 -1 -1 -1)
#(0 61 275554 20 2 3 0 37 196385 239253 -1 -1 -1 -1 -1)
#(0 61 275892 21 2 0 1 79 422044 239253 -1 -1 -1 -1 -1)
#(0 61 275898 24 2 0 1 83 443115 239253 -1 -1 -1 -1 -1)
#(0 61 275908 23 2 0 1 88 469533 239253 -1 -1 -1 -1 -1)
#(0 61 275909 28 2 0 1 89 474729 239253 -1 -1 -1 -1 -1)
#(0 61 275910 34 2 0 1 23 126145 239253 -1 -1 -1 -1 -1)
#(0 61 275911 20 2 0 0 29 153449 239253 -1 -1 -1 -1 -1)
#(0 61 275912 26 2 0 1 85 453646 239253 -1 -1 -1 -1 -1)
#(0 61 275913 21 2 0 1 65 348129 239253 -1 -1 -1 -1 -1)
#(0 61 275914 27 2 0 1 98 522270 239253 -1 -1 -1 -1 -1)
#(0 61 275915 23 2 0 0 18 95423 239253 -1 -1 -1 -1 -1)
#(0 61 275916 26 2 0 0 59 311951 239253 -1 -1 -1 -1 -1)
#(0 61 275917 27 2 0 0 40 211643 239253 -1 -1 -1 -1 -1)
#(0 61 275918 34 2 0 0 53 280402 239253 -1 -1 -1 -1 -1)
#(0 61 275919 25 2 0 0 37 195761 239253 -1 -1 -1 -1 -1)
#(0 61 275920 19 2 0 0 1 5584 239253 -1 -1 -1 -1 -1)
#(0 61 275921 23 2 0 1 61 326990 239253 -1 -1 -1 -1 -1)
#(0 61 275922 30 2 0 0 6 32178 239253 -1 -1 -1 -1 -1)
#(0 61 275923 28 2 0 1 84 448348 239253 -1 -1 -1 -1 -1)
#(0 61 412261 70 3 1 0 30 158645 359592 -1 -1 -1 -1 -1)
#(0 61 412265 64 3 1 0 10 57872 359592 -1 -1 -1 -1 -1)
#(0 61 412266 44 3 1 1 53 282128 359592 -1 -1 -1 -1 -1)
#(0 61 412267 57 3 1 1 74 391872 359592 -1 -1 -1 -1 -1)
#(0 61 412268 43 3 2 1 84 445886 359592 -1 -1 -1 -1 -1)
#(0 61 412269 55 3 3 1 95 502886 359592 -1 -1 -1 -1 -1)
#(0 61 412270 67 3 2 0 50 269223 359592 -1 -1 -1 -1 -1)
#(0 61 412271 55 3 2 0 14 78014 359592 -1 -1 -1 -1 -1)
#(0 61 412272 64 3 2 1 96 507212 359592 -1 -1 -1 -1 -1)
#(0 61 412274 50 3 1 0 7 40474 359592 -1 -1 -1 -1 -1)
#(0 61 412275 70 3 2 1 42 226809 359592 -1 -1 -1 -1 -1)
#(0 61 412276 67 3 2 1 93 491053 359592 -1 -1 -1 -1 -1)
#(0 61 412278 74 3 2 1 49 263507 359592 -1 -1 -1 -1 -1)
#(0 61 412279 75 3 2 0 52 275112 359592 -1 -1 -1 -1 -1)
#(0 61 412280 70 3 2 0 56 295948 359592 -1 -1 -1 -1 -1)
#(0 61 412281 57 3 1 0 6 35832 359592 -1 -1 -1 -1 -1)
#(0 61 412614 26 3 2 1 76 405170 359592 -1 -1 -1 -1 -1)
#(0 61 412615 31 3 2 0 41 218080 359592 -1 -1 -1 -1 -1)
#(0 61 412628 40 3 1 1 89 473061 359592 -1 -1 -1 -1 -1)
#(0 61 412631 30 3 2 1 60 320551 359592 -1 -1 -1 -1 -1)
#(0 61 412632 36 3 1 0 43 228981 359592 -1 -1 -1 -1 -1)
#(0 61 412633 32 3 3 0 4 22773 359592 -1 -1 -1 -1 -1)
#(0 61 412634 42 3 3 0 35 187023 359592 -1 -1 -1 -1 -1)
#(0 61 412979 20 3 0 0 36 190405 359592 -1 -1 -1 -1 -1)
#(0 61 412981 30 3 0 0 48 253957 359592 -1 -1 -1 -1 -1)
#(0 61 412982 25 3 0 0 67 354178 359592 -1 -1 -1 -1 -1)
#(0 61 412983 27 3 0 1 38 205462 359592 -1 -1 -1 -1 -1)
#(0 61 412984 25 3 0 1 44 237186 359592 -1 -1 -1 -1 -1)
#(0 61 412985 24 3 0 0 28 148236 359592 -1 -1 -1 -1 -1)
#(0 61 412986 21 3 0 0 1 5626 359592 -1 -1 -1 -1 -1)
#(0 61 412987 25 3 0 1 57 305831 359592 -1 -1 -1 -1 -1)
#(0 61 412988 28 3 0 0 14 74391 359592 -1 -1 -1 -1 -1)
#(0 61 412989 30 3 0 1 68 363815 359592 -1 -1 -1 -1 -1)
#(0 61 412990 26 3 0 0 26 137707 359592 -1 -1 -1 -1 -1)
#(0 61 412991 20 3 0 1 12 68316 359592 -1 -1 -1 -1 -1)
#(0 61 412992 20 3 0 0 12 63680 359592 -1 -1 -1 -1 -1)
#(0 61 412993 25 3 0 1 51 274159 359592 -1 -1 -1 -1 -1)
#(0 61 412994 34 3 0 0 73 386002 359592 -1 -1 -1 -1 -1)
#(0 61 412995 23 3 0 1 90 480109 359592 -1 -1 -1 -1 -1)
#(0 61 412996 32 3 0 1 95 506365 359592 -1 -1 -1 -1 -1)
#(0 62 115 64 0 2 1 80 423075 -1 -1 -1 -1 -1 -1)
#(0 62 127 67 0 2 1 88 469822 -1 -1 -1 -1 -1 -1)
#(0 62 128 70 0 2 0 14 74133 -1 -1 -1 -1 -1 -1)
#(0 62 130 57 0 1 0 33 178419 -1 -1 -1 -1 -1 -1)
#(0 62 132 50 0 2 1 81 429431 -1 -1 -1 -1 -1 -1)
#(0 62 133 62 0 2 0 54 289919 -1 -1 -1 -1 -1 -1)
#(0 62 134 70 0 2 0 36 190162 -1 -1 -1 -1 -1 -1)
#(0 62 135 57 0 2 0 1 9503 -1 -1 -1 -1 -1 -1)
#(0 62 136 67 0 2 0 17 94898 -1 -1 -1 -1 -1 -1)
#(0 62 137 70 0 1 1 81 432579 -1 -1 -1 -1 -1 -1)
#(0 62 138 44 0 2 1 24 129033 -1 -1 -1 -1 -1 -1)
#(0 62 139 57 0 1 0 7 41178 -1 -1 -1 -1 -1 -1)
#(0 62 511 34 0 3 1 59 315063 -1 -1 -1 -1 -1 -1)
#(0 62 524 47 0 3 0 59 314047 -1 -1 -1 -1 -1 -1)
#(0 62 525 28 0 2 1 87 463185 -1 -1 -1 -1 -1 -1)
#(0 62 526 31 0 2 0 51 270874 -1 -1 -1 -1 -1 -1)
#(0 62 527 25 0 2 0 7 38281 -1 -1 -1 -1 -1 -1)
#(0 62 528 28 0 2 0 53 281313 -1 -1 -1 -1 -1 -1)
#(0 62 529 20 0 2 1 74 394974 -1 -1 -1 -1 -1 -1)
#(0 62 530 36 0 2 0 86 455919 -1 -1 -1 -1 -1 -1)
#(0 62 531 31 0 2 0 43 228625 -1 -1 -1 -1 -1 -1)
#(0 62 532 23 0 2 0 23 122633 -1 -1 -1 -1 -1 -1)
#(0 62 533 40 0 1 0 19 102383 -1 -1 -1 -1 -1 -1)
#(0 62 897 27 0 0 1 70 374430 -1 -1 -1 -1 -1 -1)
#(0 62 903 20 0 0 1 45 242541 -1 -1 -1 -1 -1 -1)
#(0 62 904 28 0 0 1 96 511677 -1 -1 -1 -1 -1 -1)
#(0 62 905 23 0 0 1 86 458972 -1 -1 -1 -1 -1 -1)
#(0 62 906 25 0 0 1 75 400872 -1 -1 -1 -1 -1 -1)
#(0 62 907 20 0 0 0 42 222085 -1 -1 -1 -1 -1 -1)
#(0 62 908 30 0 0 1 54 289910 -1 -1 -1 -1 -1 -1)
#(0 62 909 29 0 0 0 88 465122 -1 -1 -1 -1 -1 -1)
#(3 62 909 -1 0 -1 -1 -1 -1 18 -1 -1 -1 -1 48)
#(0 62 910 20 0 0 1 91 485436 -1 -1 -1 -1 -1 -1)
#(0 62 911 28 0 0 1 99 527548 -1 -1 -1 -1 -1 -1)
#(0 62 137630 60 1 1 1 64 339086 119626 -1 -1 -1 -1 -1)
#(0 62 137642 72 1 2 1 42 226266 119626 -1 -1 -1 -1 -1)
#(0 62 137643 67 1 2 1 80 422545 119626 -1 -1 -1 -1 -1)
#(0 62 137644 42 1 2 1 59 313919 119626 -1 -1 -1 -1 -1)
#(4 62 137644 -1 1 -1 -1 -1 -1 119644 0 0 0 0 -1)
#(0 62 137645 54 1 2 0 40 215123 119626 -1 -1 -1 -1 -1)
#(0 62 137646 43 1 2 0 10 55691 119626 -1 -1 -1 -1 -1)
#(0 62 137647 64 1 1 0 59 316313 119626 -1 -1 -1 -1 -1)
#(0 62 137648 44 1 1 0 5 29342 119626 -1 -1 -1 -1 -1)
#(0 62 137993 32 1 3 1 93 494668 119626 -1 -1 -1 -1 -1)
#(0 62 137995 31 1 1 1 54 288717 119626 -1 -1 -1 -1 -1)
#(0 62 138004 20 1 2 0 10 53842 119626 -1 -1 -1 -1 -1)
#(0 62 138005 33 1 3 1 73 388972 119626 -1 -1 -1 -1 -1)
#(0 62 138006 26 1 2 0 28 149207 119626 -1 -1 -1 -1 -1)
#(0 62 138007 33 1 2 1 37 198891 119626 -1 -1 -1 -1 -1)
#(0 62 138008 37 1 1 0 49 260668 119626 -1 -1 -1 -1 -1)
#(0 62 138009 37 1 2 1 94 499683 119626 -1 -1 -1 -1 -1)
#(0 62 138010 30 1 1 1 50 267700 119626 -1 -1 -1 -1 -1)
#(0 62 138012 36 1 1 0 23 123306 119626 -1 -1 -1 -1 -1)
#(0 62 138013 27 1 2 1 41 220396 119626 -1 -1 -1 -1 -1)
#(0 62 138014 39 1 2 0 32 170961 119626 -1 -1 -1 -1 -1)
#(0 62 138015 40 1 3 1 30 161624 119626 -1 -1 -1 -1 -1)
#(0 62 138016 24 1 2 1 95 505524 119626 -1 -1 -1 -1 -1)
#(0 62 138017 43 1 3 1 64 341006 119626 -1 -1 -1 -1 -1)
#(0 62 138338 23 1 0 1 87 464256 119626 -1 -1 -1 -1 -1)
#(0 62 138344 34 1 0 0 91 481071 119626 -1 -1 -1 -1 -1)
#(0 62 138345 25 1 0 1 25 136856 119626 -1 -1 -1 -1 -1)
#(0 62 138346 22 1 0 0 56 296025 119626 -1 -1 -1 -1 -1)
#(0 62 138347 25 1 0 0 13 69055 119626 -1 -1 -1 -1 -1)
#(0 62 138349 27 1 0 0 16 84938 119626 -1 -1 -1 -1 -1)
#(0 62 138350 29 1 0 0 57 301450 119626 -1 -1 -1 -1 -1)
#(0 62 138351 24 1 0 0 64 338311 119626 -1 -1 -1 -1 -1)
#(0 62 138352 23 1 0 1 62 332265 119626 -1 -1 -1 -1 -1)
#(0 62 138354 34 1 0 1 76 405990 119626 -1 -1 -1 -1 -1)
#(0 62 138355 26 1 0 0 26 137698 119626 -1 -1 -1 -1 -1)
#(0 62 138356 29 1 0 1 44 237126 119626 -1 -1 -1 -1 -1)
#(0 62 138357 32 1 0 0 35 185323 119626 -1 -1 -1 -1 -1)
#(0 62 138358 34 1 0 0 20 106153 119626 -1 -1 -1 -1 -1)
#(0 62 138359 21 1 0 0 12 63699 119626 -1 -1 -1 -1 -1)
#(0 62 138360 27 1 0 1 82 437807 119626 -1 -1 -1 -1 -1)
#(0 62 275149 64 2 2 1 84 443848 239253 -1 -1 -1 -1 -1)
#(0 62 275166 64 2 2 0 54 290143 239253 -1 -1 -1 -1 -1)
#(0 62 275167 55 2 1 0 12 68068 239253 -1 -1 -1 -1 -1)
#(0 62 275168 55 2 1 1 79 418367 239253 -1 -1 -1 -1 -1)
#(0 62 275169 57 2 2 0 60 321098 239253 -1 -1 -1 -1 -1)
#(0 62 275170 57 2 2 1 74 391831 239253 -1 -1 -1 -1 -1)
#(0 62 275171 55 2 1 1 69 365616 239253 -1 -1 -1 -1 -1)
#(0 62 275172 55 2 3 0 63 336630 239253 -1 -1 -1 -1 -1)
#(0 62 275173 62 2 1 0 2 15322 239253 -1 -1 -1 -1 -1)
#(3 62 275173 -1 2 -1 -1 -1 -1 239266 -1 -1 -1 -1 33)
#(0 62 275174 54 2 1 0 24 130537 239253 -1 -1 -1 -1 -1)
#(0 62 275175 57 2 3 1 41 217608 239253 -1 -1 -1 -1 -1)
#(0 62 275176 60 2 4 0 57 305535 239253 -1 -1 -1 -1 -1)
#(0 62 275555 20 2 3 0 22 117185 239253 -1 -1 -1 -1 -1)
#(0 62 275556 34 2 1 0 17 91548 239253 -1 -1 -1 -1 -1)
#(0 62 275557 28 2 2 0 13 70104 239253 -1 -1 -1 -1 -1)
#(0 62 275558 20 2 3 1 58 310467 239253 -1 -1 -1 -1 -1)
#(0 62 275560 31 2 1 0 19 102035 239253 -1 -1 -1 -1 -1)
#(0 62 275561 36 2 1 0 44 234177 239253 -1 -1 -1 -1 -1)
#(0 62 275562 43 2 1 0 18 97232 239253 -1 -1 -1 -1 -1)
#(0 62 275563 44 2 1 1 93 494038 239253 -1 -1 -1 -1 -1)
#(0 62 275565 34 2 2 0 32 170741 239253 -1 -1 -1 -1 -1)
#(0 62 275566 27 2 2 0 1 6650 239253 -1 -1 -1 -1 -1)
#(0 62 275924 24 2 0 0 14 74320 239253 -1 -1 -1 -1 -1)
#(0 62 275925 29 2 0 1 66 353260 239253 -1 -1 -1 -1 -1)
#(0 62 275926 26 2 0 0 6 32088 239253 -1 -1 -1 -1 -1)
#(0 62 275927 31 2 0 0 34 180058 239253 -1 -1 -1 -1 -1)
#(0 62 275928 29 2 0 0 7 37442 239253 -1 -1 -1 -1 -1)
#(0 62 275929 25 2 0 0 23 121841 239253 -1 -1 -1 -1 -1)
#(0 62 275930 26 2 0 0 38 201062 239253 -1 -1 -1 -1 -1)
#(0 62 275931 23 2 0 0 62 327734 239253 -1 -1 -1 -1 -1)
#(0 62 275932 20 2 0 1 99 527679 239253 -1 -1 -1 -1 -1)
#(0 62 275933 34 2 0 1 43 231760 239253 -1 -1 -1 -1 -1)
#(0 62 275934 26 2 0 0 54 285536 239253 -1 -1 -1 -1 -1)
#(0 62 412273 55 3 1 0 14 77923 359592 -1 -1 -1 -1 -1)
#(0 62 412277 55 3 2 1 58 307603 359592 -1 -1 -1 -1 -1)
#(0 62 412282 51 3 1 1 77 408219 359592 -1 -1 -1 -1 -1)
#(0 62 412284 59 3 2 1 90 475886 359592 -1 -1 -1 -1 -1)
#(0 62 412285 75 3 1 1 54 289826 359592 -1 -1 -1 -1 -1)
#(0 62 412286 64 3 2 0 57 306043 359592 -1 -1 -1 -1 -1)
#(0 62 412287 55 3 3 1 97 513462 359592 -1 -1 -1 -1 -1)
#(0 62 412288 70 3 2 1 88 469732 359592 -1 -1 -1 -1 -1)
#(0 62 412289 51 3 2 0 52 278165 359592 -1 -1 -1 -1 -1)
#(0 62 412290 59 3 2 0 20 109870 359592 -1 -1 -1 -1 -1)
#(0 62 412291 59 3 2 1 78 412809 359592 -1 -1 -1 -1 -1)
#(0 62 412617 31 3 2 0 41 218065 359592 -1 -1 -1 -1 -1)
#(0 62 412629 21 3 2 0 14 74990 359592 -1 -1 -1 -1 -1)
#(0 62 412635 35 3 3 1 44 235806 359592 -1 -1 -1 -1 -1)
#(0 62 412636 26 3 2 0 12 64772 359592 -1 -1 -1 -1 -1)
#(0 62 412637 22 3 2 1 75 400045 359592 -1 -1 -1 -1 -1)
#(0 62 412638 43 3 1 1 80 425381 359592 -1 -1 -1 -1 -1)
#(0 62 412639 57 3 1 1 90 477536 359592 -1 -1 -1 -1 -1)
#(0 62 412640 31 3 2 1 49 262339 359592 -1 -1 -1 -1 -1)
#(0 62 412641 26 3 2 0 31 165013 359592 -1 -1 -1 -1 -1)
#(0 62 412642 28 3 2 0 58 307664 359592 -1 -1 -1 -1 -1)
#(0 62 412643 21 3 2 0 6 32726 359592 -1 -1 -1 -1 -1)
#(0 62 412645 21 3 3 0 23 122479 359592 -1 -1 -1 -1 -1)
#(0 62 412646 23 3 2 0 48 254737 359592 -1 -1 -1 -1 -1)
#(0 62 412647 25 3 2 1 69 368248 359592 -1 -1 -1 -1 -1)
#(0 62 412648 20 3 3 0 21 111910 359592 -1 -1 -1 -1 -1)
#(0 62 412997 31 3 0 1 62 332097 359592 -1 -1 -1 -1 -1)
#(0 62 412998 25 3 0 0 38 201060 359592 -1 -1 -1 -1 -1)
#(0 62 413000 27 3 0 0 7 37418 359592 -1 -1 -1 -1 -1)
#(0 62 413001 32 3 0 1 87 464103 359592 -1 -1 -1 -1 -1)
#(0 62 413002 32 3 0 1 46 247624 359592 -1 -1 -1 -1 -1)
#(0 62 413003 26 3 0 1 71 379735 359592 -1 -1 -1 -1 -1)
#(0 62 413004 23 3 0 0 44 232702 359592 -1 -1 -1 -1 -1)
#(0 62 413005 23 3 0 0 73 385818 359592 -1 -1 -1 -1 -1)
#(0 62 413006 30 3 0 0 43 227528 359592 -1 -1 -1 -1 -1)
#(0 62 413007 31 3 0 0 30 158914 359592 -1 -1 -1 -1 -1)
#(0 63 116 61 0 1 1 80 423338 -1 -1 -1 -1 -1 -1)
#(0 63 129 50 0 2 1 92 487632 -1 -1 -1 -1 -1 -1)
#(0 63 140 62 0 2 1 63 333082 -1 -1 -1 -1 -1 -1)
#(0 63 141 59 0 2 0 6 36121 -1 -1 -1 -1 -1 -1)
#(0 63 142 43 0 2 1 59 313898 -1 -1 -1 -1 -1 -1)
#(0 63 143 75 0 2 1 37 200103 -1 -1 -1 -1 -1 -1)
#(0 63 144 51 0 2 0 8 45944 -1 -1 -1 -1 -1 -1)
#(0 63 145 70 0 2 0 15 79509 -1 -1 -1 -1 -1 -1)
#(0 63 146 57 0 2 1 98 518465 -1 -1 -1 -1 -1 -1)
#(0 63 147 51 0 1 1 87 461060 -1 -1 -1 -1 -1 -1)
#(0 63 148 75 0 2 1 17 94366 -1 -1 -1 -1 -1 -1)
#(0 63 149 70 0 1 1 57 306124 -1 -1 -1 -1 -1 -1)
#(2 63 500 -1 -1 -1 -1 -1 -1 17 -1 -1 -1 -1 -1)
#(0 63 534 38 0 1 1 38 203964 -1 -1 -1 -1 -1 -1)
#(0 63 535 43 0 2 0 3 18115 -1 -1 -1 -1 -1 -1)
#(0 63 536 22 0 2 1 84 447634 -1 -1 -1 -1 -1 -1)
#(0 63 537 36 0 3 0 30 160243 -1 -1 -1 -1 -1 -1)
#(0 63 538 30 0 3 1 73 389099 -1 -1 -1 -1 -1 -1)
#(0 63 539 42 0 1 1 14 77036 -1 -1 -1 -1 -1 -1)
#(0 63 540 46 0 2 1 42 224689 -1 -1 -1 -1 -1 -1)
#(0 63 912 23 0 0 0 33 174626 -1 -1 -1 -1 -1 -1)
#(0 63 913 23 0 0 0 16 84862 -1 -1 -1 -1 -1 -1)
#(0 63 915 34 0 0 0 23 122017 -1 -1 -1 -1 -1 -1)
#(0 63 916 25 0 0 1 95 506468 -1 -1 -1 -1 -1 -1)
#(0 63 917 28 0 0 1 70 374430 -1 -1 -1 -1 -1 -1)
#(0 63 918 28 0 0 1 96 511698 -1 -1 -1 -1 -1 -1)
#(0 63 919 34 0 0 0 25 132562 -1 -1 -1 -1 -1 -1)
#(0 63 137638 55 1 3 1 79 418597 119626 -1 -1 -1 -1 -1)
#(0 63 137649 59 1 1 0 14 78397 119626 -1 -1 -1 -1 -1)
#(0 63 137650 70 1 1 0 12 63621 119626 -1 -1 -1 -1 -1)
#(0 63 137651 70 1 2 0 2 11008 119626 -1 -1 -1 -1 -1)
#(0 63 137652 67 1 2 1 56 300914 119626 -1 -1 -1 -1 -1)
#(0 63 137654 67 1 2 0 12 68616 119626 -1 -1 -1 -1 -1)
#(0 63 137655 59 1 2 1 56 296436 119626 -1 -1 -1 -1 -1)
#(0 63 137656 67 1 1 0 3 20885 119626 -1 -1 -1 -1 -1)
#(0 63 137657 61 1 2 1 64 339169 119626 -1 -1 -1 -1 -1)
#(0 63 137658 51 1 2 1 68 360701 119626 -1 -1 -1 -1 -1)
#(0 63 137659 57 1 1 0 54 289353 119626 -1 -1 -1 -1 -1)
#(0 63 137660 50 1 2 0 22 119689 119626 -1 -1 -1 -1 -1)
#(0 63 137662 44 1 1 0 33 177204 119626 -1 -1 -1 -1 -1)
#(0 63 137663 57 1 2 1 80 423517 119626 -1 -1 -1 -1 -1)
#(0 63 137664 73 1 2 1 91 485011 119626 -1 -1 -1 -1 -1)
#(0 63 137666 53 1 2 1 47 249381 119626 -1 -1 -1 -1 -1)
#(0 63 137667 64 1 1 1 71 375316 119626 -1 -1 -1 -1 -1)
#(0 63 138011 20 1 2 1 73 389661 119626 -1 -1 -1 -1 -1)
#(0 63 138018 40 1 1 0 19 102437 119626 -1 -1 -1 -1 -1)
#(0 63 138019 21 1 2 0 15 80256 119626 -1 -1 -1 -1 -1)
#(0 63 138020 35 1 3 1 45 241062 119626 -1 -1 -1 -1 -1)
#(0 63 138021 21 1 3 0 46 243950 119626 -1 -1 -1 -1 -1)
#(0 63 138022 26 1 2 0 23 122762 119626 -1 -1 -1 -1 -1)
#(0 63 138023 28 1 2 0 30 159841 119626 -1 -1 -1 -1 -1)
#(0 63 138024 46 1 1 1 52 277443 119626 -1 -1 -1 -1 -1)
#(0 63 138025 31 1 2 0 42 223354 119626 -1 -1 -1 -1 -1)
#(0 63 138348 23 1 0 1 87 464263 119626 -1 -1 -1 -1 -1)
#(4 63 138348 -1 1 -1 -1 -1 -1 119645 0 0 0 0 -1)
#(0 63 138353 25 1 0 0 2 10988 119626 -1 -1 -1 -1 -1)
#(0 63 138361 21 1 0 0 10 53160 119626 -1 -1 -1 -1 -1)
#(0 63 138362 25 1 0 0 25 132416 119626 -1 -1 -1 -1 -1)
#(0 63 138363 23 1 0 0 16 84849 119626 -1 -1 -1 -1 -1)
#(0 63 138364 23 1 0 0 5 26787 119626 -1 -1 -1 -1 -1)
#(0 63 138365 23 1 0 1 92 490661 119626 -1 -1 -1 -1 -1)
#(0 63 138366 26 1 0 0 32 169394 119626 -1 -1 -1 -1 -1)
#(0 63 138368 34 1 0 0 28 148417 119626 -1 -1 -1 -1 -1)
#(0 63 138369 26 1 0 1 55 295252 119626 -1 -1 -1 -1 -1)
#(0 63 138371 20 1 0 0 77 406884 119626 -1 -1 -1 -1 -1)
#(0 63 138372 27 1 0 0 11 58519 119626 -1 -1 -1 -1 -1)
#(0 63 138373 25 1 0 1 59 316403 119626 -1 -1 -1 -1 -1)
#(0 63 138375 26 1 0 1 57 305818 119626 -1 -1 -1 -1 -1)
#(0 63 275177 67 2 2 0 30 163587 239253 -1 -1 -1 -1 -1)
#(0 63 275179 54 2 1 0 15 83257 239253 -1 -1 -1 -1 -1)
#(0 63 275180 55 2 2 1 55 291690 239253 -1 -1 -1 -1 -1)
#(0 63 275181 55 2 2 0 29 157165 239253 -1 -1 -1 -1 -1)
#(0 63 275182 75 2 1 0 36 190835 239253 -1 -1 -1 -1 -1)
#(0 63 275183 51 2 3 0 43 230409 239253 -1 -1 -1 -1 -1)
#(0 63 275184 51 2 2 0 19 103987 239253 -1 -1 -1 -1 -1)
#(0 63 275185 57 2 3 0 31 168005 239253 -1 -1 -1 -1 -1)
#(0 63 275186 55 2 1 0 26 141269 239253 -1 -1 -1 -1 -1)
#(0 63 275188 44 2 2 0 27 145516 239253 -1 -1 -1 -1 -1)
#(0 63 275559 25 2 2 0 67 355005 239253 -1 -1 -1 -1 -1)
#(0 63 275564 20 2 2 1 93 495298 239253 -1 -1 -1 -1 -1)
#(0 63 275568 33 2 2 0 12 65043 239253 -1 -1 -1 -1 -1)
#(0 63 275569 25 2 2 1 86 458026 239253 -1 -1 -1 -1 -1)
#(0 63 275570 28 2 1 0 35 186353 239253 -1 -1 -1 -1 -1)
#(0 63 275571 30 2 2 1 91 484188 239253 -1 -1 -1 -1 -1)
#(0 63 275572 21 2 2 1 98 521669 239253 -1 -1 -1 -1 -1)
#(0 63 275573 27 2 2 0 29 154492 239253 -1 -1 -1 -1 -1)
#(0 63 275574 41 2 1 1 64 341035 239253 -1 -1 -1 -1 -1)
#(0 63 275575 20 2 2 0 7 37991 239253 -1 -1 -1 -1 -1)
#(0 63 275576 27 2 2 0 51 270668 239253 -1 -1 -1 -1 -1)
#(0 63 275577 26 2 3 0 0 1331 239253 -1 -1 -1 -1 -1)
#(0 63 275935 32 2 0 0 49 259272 239253 -1 -1 -1 -1 -1)
#(0 63 275936 28 2 0 1 80 427191 239253 -1 -1 -1 -1 -1)
#(0 63 275937 28 2 0 1 89 474706 239253 -1 -1 -1 -1 -1)
#(0 63 275938 28 2 0 0 2 11038 239253 -1 -1 -1 -1 -1)
#(0 63 275940 20 2 0 0 28 148174 239253 -1 -1 -1 -1 -1)
#(0 63 275941 28 2 0 0 33 174711 239253 -1 -1 -1 -1 -1)
#(0 63 275942 26 2 0 1 86 458932 239253 -1 -1 -1 -1 -1)
#(0 63 275943 20 2 0 0 18 95365 239253 -1 -1 -1 -1 -1)
#(0 63 412283 52 3 1 1 77 408223 359592 -1 -1 -1 -1 -1)
#(0 63 412292 62 3 2 1 90 475984 359592 -1 -1 -1 -1 -1)
#(0 63 412293 44 3 1 0 73 388424 359592 -1 -1 -1 -1 -1)
#(0 63 412294 75 3 2 0 10 53724 359592 -1 -1 -1 -1 -1)
#(0 63 412295 44 3 3 0 21 113880 359592 -1 -1 -1 -1 -1)
#(0 63 412296 51 3 2 0 16 88011 359592 -1 -1 -1 -1 -1)
#(0 63 412298 55 3 2 0 47 252205 359592 -1 -1 -1 -1 -1)
#(0 63 412300 75 3 2 0 27 143413 359592 -1 -1 -1 -1 -1)
#(0 63 412301 57 3 1 1 37 196307 359592 -1 -1 -1 -1 -1)
#(0 63 412649 40 3 1 0 46 244969 359592 -1 -1 -1 -1 -1)
#(0 63 412650 49 3 2 1 53 282564 359592 -1 -1 -1 -1 -1)
#(0 63 412651 31 3 2 1 43 230705 359592 -1 -1 -1 -1 -1)
#(0 63 412652 36 3 1 0 7 38819 359592 -1 -1 -1 -1 -1)
#(0 63 412653 20 3 2 0 0 1041 359592 -1 -1 -1 -1 -1)
#(0 63 412654 34 3 1 0 39 207705 359592 -1 -1 -1 -1 -1)
#(0 63 412655 20 3 2 1 89 474151 359592 -1 -1 -1 -1 -1)
#(0 63 412656 28 3 2 0 13 70067 359592 -1 -1 -1 -1 -1)
#(0 63 412657 41 3 3 0 35 186962 359592 -1 -1 -1 -1 -1)
#(0 63 412658 29 3 2 0 37 196866 359592 -1 -1 -1 -1 -1)
#(0 63 412659 20 3 0 0 31 164664 359592 -1 -1 -1 -1 -1)
#(0 63 412660 38 3 1 1 95 504864 359592 -1 -1 -1 -1 -1)
#(0 63 412661 54 3 3 1 27 145051 359592 -1 -1 -1 -1 -1)
#(0 63 412662 20 3 3 1 97 516405 359592 -1 -1 -1 -1 -1)
#(0 63 412663 28 3 2 1 67 357625 359592 -1 -1 -1 -1 -1)
#(0 63 412664 45 3 1 1 71 377811 359592 -1 -1 -1 -1 -1)
#(0 63 412665 30 3 2 1 85 452540 359592 -1 -1 -1 -1 -1)
#(0 63 412999 21 3 0 0 12 63703 359592 -1 -1 -1 -1 -1)
#(0 63 413008 29 3 0 0 16 84982 359592 -1 -1 -1 -1 -1)
#(0 63 413009 28 3 0 0 39 206398 359592 -1 -1 -1 -1 -1)
#(0 63 413010 27 3 0 1 79 421947 359592 -1 -1 -1 -1 -1)
#(0 63 413011 34 3 0 0 18 95622 359592 -1 -1 -1 -1 -1)
#(0 63 413012 30 3 0 1 86 458841 359592 -1 -1 -1 -1 -1)
#(0 63 413013 30 3 0 1 73 390208 359592 -1 -1 -1 -1 -1)
#(0 63 413015 34 3 0 0 61 322640 359592 -1 -1 -1 -1 -1)
#(0 63 413016 20 3 0 0 45 237921 359592 -1 -1 -1 -1 -1)
#(0 63 413017 30 3 0 1 95 506382 359592 -1 -1 -1 -1 -1)
#(0 63 413018 26 3 0 0 43 227456 359592 -1 -1 -1 -1 -1)
#(0 63 413019 28 3 0 1 93 495862 359592 -1 -1 -1 -1 -1)
#(0 64 131 62 0 3 1 92 487235 -1 -1 -1 -1 -1 -1)
#(0 64 150 59 0 2 0 15 83778 -1 -1 -1 -1 -1 -1)
#(0 64 151 51 0 2 1 86 455619 -1 -1 -1 -1 -1 -1)
#(0 64 152 62 0 2 1 54 285538 -1 -1 -1 -1 -1 -1)
#(0 64 153 67 0 2 0 52 279816 -1 -1 -1 -1 -1 -1)
#(0 64 154 64 0 2 0 35 189670 -1 -1 -1 -1 -1 -1)
#(0 64 155 43 0 2 1 89 472261 -1 -1 -1 -1 -1 -1)
#(0 64 156 57 0 1 0 49 262922 -1 -1 -1 -1 -1 -1)
#(0 64 157 70 0 1 1 46 247825 -1 -1 -1 -1 -1 -1)
#(0 64 158 55 0 2 0 44 236338 -1 -1 -1 -1 -1 -1)
#(0 64 159 64 0 1 1 93 491490 -1 -1 -1 -1 -1 -1)
#(0 64 160 67 0 2 1 88 464739 -1 -1 -1 -1 -1 -1)
#(0 64 161 57 0 2 0 28 152190 -1 -1 -1 -1 -1 -1)
#(0 64 162 59 0 3 0 12 67920 -1 -1 -1 -1 -1 -1)
#(0 64 163 67 0 1 0 73 385485 -1 -1 -1 -1 -1 -1)
#(0 64 541 29 0 3 0 40 212806 -1 -1 -1 -1 -1 -1)
#(0 64 542 21 0 3 0 18 96093 -1 -1 -1 -1 -1 -1)
#(0 64 543 31 0 2 0 14 75578 -1 -1 -1 -1 -1 -1)
#(0 64 544 49 0 1 0 67 356339 -1 -1 -1 -1 -1 -1)
#(0 64 545 32 0 1 0 22 117831 -1 -1 -1 -1 -1 -1)
#(2 64 545 -1 -1 -1 -1 -1 -1 19 -1 -1 -1 -1 -1)
#(0 64 546 20 0 3 0 26 138315 -1 -1 -1 -1 -1 -1)
#(0 64 547 31 0 1 0 52 276194 -1 -1 -1 -1 -1 -1)
#(0 64 548 41 0 2 1 65 346279 -1 -1 -1 -1 -1 -1)
#(0 64 549 35 0 1 1 78 415269 -1 -1 -1 -1 -1 -1)
#(0 64 550 21 0 2 1 74 394959 -1 -1 -1 -1 -1 -1)
#(0 64 551 20 0 2 1 92 490009 -1 -1 -1 -1 -1 -1)
#(0 64 552 28 0 3 0 51 270790 -1 -1 -1 -1 -1 -1)
#(0 64 553 30 0 2 0 30 159941 -1 -1 -1 -1 -1 -1)
#(0 64 555 36 0 2 0 34 181368 -1 -1 -1 -1 -1 -1)
#(0 64 914 19 0 0 1 91 485434 -1 -1 -1 -1 -1 -1)
#(0 64 920 28 0 0 0 29 153598 -1 -1 -1 -1 -1 -1)
#(0 64 921 20 0 0 1 64 342867 -1 -1 -1 -1 -1 -1)
#(4 64 921 -1 0 -1 -1 -1 -1 20 0 0 0 0 -1)
#(0 64 922 34 0 0 0 15 79776 -1 -1 -1 -1 -1 -1)
#(0 64 923 20 0 0 1 66 353436 -1 -1 -1 -1 -1 -1)
#(0 64 924 32 0 0 0 20 106130 -1 -1 -1 -1 -1 -1)
#(0 64 925 25 0 0 1 76 406153 -1 -1 -1 -1 -1 -1)
#(0 64 137653 47 1 2 0 5 29449 119626 -1 -1 -1 -1 -1)
#(0 64 137661 57 1 2 0 3 20136 119626 -1 -1 -1 -1 -1)
#(0 64 137665 51 1 3 0 59 315100 119626 -1 -1 -1 -1 -1)
#(0 64 137668 67 1 2 0 35 184944 119626 -1 -1 -1 -1 -1)
#(0 64 137669 51 1 2 0 35 188421 119626 -1 -1 -1 -1 -1)
#(0 64 137671 64 1 3 1 70 370120 119626 -1 -1 -1 -1 -1)
#(0 64 137672 59 1 2 1 84 444271 119626 -1 -1 -1 -1 -1)
#(0 64 137673 44 1 2 0 45 240547 119626 -1 -1 -1 -1 -1)
#(0 64 137674 75 1 2 0 21 111606 119626 -1 -1 -1 -1 -1)
#(0 64 137675 62 1 2 1 72 380638 119626 -1 -1 -1 -1 -1)
#(0 64 137677 70 1 2 0 1 5590 119626 -1 -1 -1 -1 -1)
#(0 64 137678 44 1 2 1 75 398333 119626 -1 -1 -1 -1 -1)
#(0 64 137679 51 1 2 0 60 320467 119626 -1 -1 -1 -1 -1)
#(0 64 137680 61 1 3 1 53 280585 119626 -1 -1 -1 -1 -1)
#(0 64 137683 70 1 2 0 40 211450 119626 -1 -1 -1 -1 -1)
#(0 64 138026 20 1 0 1 73 389735 119626 -1 -1 -1 -1 -1)
#(0 64 138027 37 1 3 0 9 49508 119626 -1 -1 -1 -1 -1)
#(0 64 138028 46 1 3 1 69 367140 119626 -1 -1 -1 -1 -1)
#(0 64 138029 38 1 3 1 94 499603 119626 -1 -1 -1 -1 -1)
#(0 64 138030 32 1 1 1 35 188400 119626 -1 -1 -1 -1 -1)
#(0 64 138032 31 1 2 1 68 362717 119626 -1 -1 -1 -1 -1)
#(0 64 138033 28 1 2 1 64 341798 119626 -1 -1 -1 -1 -1)
#(0 64 138034 32 1 1 1 42 225370 119626 -1 -1 -1 -1 -1)
#(0 64 138035 38 1 1 1 44 235602 119626 -1 -1 -1 -1 -1)
#(0 64 138367 26 1 0 0 25 132418 119626 -1 -1 -1 -1 -1)
#(0 64 138370 23 1 0 0 20 105992 119626 -1 -1 -1 -1 -1)
#(0 64 138374 23 1 0 0 5 26766 119626 -1 -1 -1 -1 -1)
#(0 64 138376 25 1 0 1 99 527582 119626 -1 -1 -1 -1 -1)
#(0 64 138377 32 1 0 1 40 215945 119626 -1 -1 -1 -1 -1)
#(0 64 138378 27 1 0 0 21 111341 119626 -1 -1 -1 -1 -1)
#(0 64 138379 24 1 0 1 66 353373 119626 -1 -1 -1 -1 -1)
#(0 64 138380 29 1 0 0 30 158877 119626 -1 -1 -1 -1 -1)
#(0 64 138381 25 1 0 0 26 137690 119626 -1 -1 -1 -1 -1)
#(0 64 138382 27 1 0 1 98 522281 119626 -1 -1 -1 -1 -1)
#(0 64 138383 23 1 0 1 90 480110 119626 -1 -1 -1 -1 -1)
#(0 64 138384 20 1 0 1 44 237278 119626 -1 -1 -1 -1 -1)
#(0 64 138385 20 1 0 0 31 164001 119626 -1 -1 -1 -1 -1)
#(0 64 138386 26 1 0 1 56 300541 119626 -1 -1 -1 -1 -1)
#(0 64 138387 20 1 0 1 21 115836 119626 -1 -1 -1 -1 -1)
#(0 64 275178 64 2 2 0 30 163142 239253 -1 -1 -1 -1 -1)
#(0 64 275187 57 2 1 0 15 83408 239253 -1 -1 -1 -1 -1)
#(0 64 275190 59 2 1 1 88 465559 239253 -1 -1 -1 -1 -1)
#(0 64 275192 57 2 2 0 2 14675 239253 -1 -1 -1 -1 -1)
#(0 64 275193 43 2 2 1 53 282190 239253 -1 -1 -1 -1 -1)
#(0 64 275194 70 2 1 0 60 317179 239253 -1 -1 -1 -1 -1)
#(0 64 275195 64 2 3 1 55 291455 239253 -1 -1 -1 -1 -1)
#(0 64 275196 66 2 2 0 10 57826 239253 -1 -1 -1 -1 -1)
#(0 64 275197 64 2 2 0 57 305744 239253 -1 -1 -1 -1 -1)
#(0 64 275198 49 2 3 0 43 230262 239253 -1 -1 -1 -1 -1)
#(0 64 275199 44 2 2 1 61 324409 239253 -1 -1 -1 -1 -1)
#(0 64 275200 59 2 2 1 57 301688 239253 -1 -1 -1 -1 -1)
#(0 64 275201 67 2 1 1 96 507071 239253 -1 -1 -1 -1 -1)
#(0 64 275567 33 2 2 0 44 234026 239253 -1 -1 -1 -1 -1)
#(0 64 275578 30 2 2 0 25 133628 239253 -1 -1 -1 -1 -1)
#(0 64 275580 31 2 2 0 16 86127 239253 -1 -1 -1 -1 -1)
#(0 64 275581 48 2 3 1 73 388182 239253 -1 -1 -1 -1 -1)
#(0 64 275582 50 2 1 0 33 176836 239253 -1 -1 -1 -1 -1)
#(0 64 275583 38 2 2 0 2 12543 239253 -1 -1 -1 -1 -1)
#(0 64 275585 31 2 2 0 43 228626 239253 -1 -1 -1 -1 -1)
#(0 64 275586 20 2 2 1 24 130980 239253 -1 -1 -1 -1 -1)
#(0 64 275587 37 2 1 1 44 235611 239253 -1 -1 -1 -1 -1)
#(0 64 275939 26 2 0 0 6 32116 239253 -1 -1 -1 -1 -1)
#(0 64 275944 20 2 0 0 22 116499 239253 -1 -1 -1 -1 -1)
#(0 64 275945 23 2 0 1 61 326968 239253 -1 -1 -1 -1 -1)
#(0 64 275946 26 2 0 1 74 395560 239253 -1 -1 -1 -1 -1)
#(0 64 275947 25 2 0 1 93 495902 239253 -1 -1 -1 -1 -1)
#(0 64 275949 34 2 0 1 25 136696 239253 -1 -1 -1 -1 -1)
#(0 64 275950 20 2 0 0 0 334 239253 -1 -1 -1 -1 -1)
#(0 64 275952 27 2 0 1 95 506425 239253 -1 -1 -1 -1 -1)
#(0 64 275953 18 2 0 0 1 5592 239253 -1 -1 -1 -1 -1)
#(0 64 275954 26 2 0 0 88 465074 239253 -1 -1 -1 -1 -1)
#(0 64 275956 30 2 0 1 51 274059 239253 -1 -1 -1 -1 -1)
#(0 64 275957 30 2 0 1 63 337416 239253 -1 -1 -1 -1 -1)
#(0 64 275958 20 2 0 1 78 416795 239253 -1 -1 -1 -1 -1)
#(0 64 275959 27 2 0 0 36 190511 239253 -1 -1 -1 -1 -1)
#(0 64 412297 61 3 2 0 20 109966 359592 -1 -1 -1 -1 -1)
#(0 64 412299 67 3 2 1 78 412508 359592 -1 -1 -1 -1 -1)
#(0 64 412302 57 3 3 1 80 423353 359592 -1 -1 -1 -1 -1)
#(0 64 412303 54 3 2 0 22 120166 359592 -1 -1 -1 -1 -1)
#(0 64 412304 51 3 2 0 17 93458 359592 -1 -1 -1 -1 -1)
#(0 64 412305 56 3 2 0 0 3532 359592 -1 -1 -1 -1 -1)
#(0 64 412306 43 3 2 1 95 503993 359592 -1 -1 -1 -1 -1)
#(0 64 412307 57 3 1 1 47 249125 359592 -1 -1 -1 -1 -1)
#(0 64 412308 70 3 3 0 59 311902 359592 -1 -1 -1 -1 -1)
#(0 64 412310 61 3 4 0 15 83911 359592 -1 -1 -1 -1 -1)
#(0 64 412311 51 3 2 1 57 302559 359592 -1 -1 -1 -1 -1)
#(4 64 412311 -1 3 -1 -1 -1 -1 359611 0 0 0 0 -1)
#(0 64 412312 70 3 2 1 91 485587 359592 -1 -1 -1 -1 -1)
#(0 64 412313 67 3 2 1 90 480428 359592 -1 -1 -1 -1 -1)
#(0 64 412314 67 3 1 1 98 522687 359592 -1 -1 -1 -1 -1)
#(0 64 412315 57 3 2 1 63 333731 359592 -1 -1 -1 -1 -1)
#(0 64 412621 30 3 2 0 41 218008 359592 -1 -1 -1 -1 -1)
#(0 64 412644 21 3 2 0 6 32741 359592 -1 -1 -1 -1 -1)
#(0 64 412666 42 3 3 1 27 145634 359592 -1 -1 -1 -1 -1)
#(0 64 412667 39 3 1 1 53 283067 359592 -1 -1 -1 -1 -1)
#(0 64 412668 20 3 2 0 16 85530 359592 -1 -1 -1 -1 -1)
#(0 64 412669 27 3 2 1 64 341808 359592 -1 -1 -1 -1 -1)
#(0 64 412670 34 3 2 0 1 7059 359592 -1 -1 -1 -1 -1)
#(0 64 412671 29 3 2 0 34 181041 359592 -1 -1 -1 -1 -1)
#(0 64 412672 45 3 3 1 9 50451 359592 -1 -1 -1 -1 -1)
#(4 64 412672 -1 3 -1 -1 -1 -1 359612 0 0 0 0 -1)
#(0 64 413014 28 3 0 0 39 206392 359592 -1 -1 -1 -1 -1)
#(0 64 413020 26 3 0 1 81 432518 359592 -1 -1 -1 -1 -1)
#(0 64 413021 20 3 0 1 30 163347 359592 -1 -1 -1 -1 -1)
#(0 64 413022 32 3 0 1 86 458834 359592 -1 -1 -1 -1 -1)
#(0 64 413023 24 3 0 0 38 201038 359592 -1 -1 -1 -1 -1)
#(0 64 413024 29 3 0 1 89 474717 359592 -1 -1 -1 -1 -1)
#(0 64 413025 26 3 0 0 5 26817 359592 -1 -1 -1 -1 -1)
#(0 64 413026 26 3 0 1 50 268858 359592 -1 -1 -1 -1 -1)
#(0 64 413027 31 3 0 1 77 411342 359592 -1 -1 -1 -1 -1)
#(0 65 164 50 0 1 1 94 498041 -1 -1 -1 -1 -1 -1)
#(0 65 165 75 0 1 0 31 164522 -1 -1 -1 -1 -1 -1)
#(0 65 166 44 0 2 1 80 424751 -1 -1 -1 -1 -1 -1)
#(0 65 167 57 0 2 0 34 183580 -1 -1 -1 -1 -1 -1)
#(0 65 168 53 0 1 0 15 82931 -1 -1 -1 -1 -1 -1)
#(0 65 169 44 0 2 0 20 108539 -1 -1 -1 -1 -1 -1)
#(0 65 170 44 0 2 0 10 55793 -1 -1 -1 -1 -1 -1)
#(0 65 171 70 0 2 0 6 31990 -1 -1 -1 -1 -1 -1)
#(0 65 173 57 0 2 1 50 264972 -1 -1 -1 -1 -1 -1)
#(0 65 174 43 0 2 1 88 467040 -1 -1 -1 -1 -1 -1)
#(0 65 175 57 0 2 0 16 88741 -1 -1 -1 -1 -1 -1)
#(2 65 175 -1 -1 -1 -1 -1 -1 20 -1 -1 -1 -1 -1)
#(0 65 176 64 0 3 0 50 268923 -1 -1 -1 -1 -1 -1)
#(0 65 177 55 0 1 0 3 19840 -1 -1 -1 -1 -1 -1)
#(0 65 556 21 0 2 1 59 315738 -1 -1 -1 -1 -1 -1)
#(0 65 557 32 0 2 1 91 484097 -1 -1 -1 -1 -1 -1)
#(0 65 558 30 0 1 0 0 1659 -1 -1 -1 -1 -1 -1)
#(0 65 559 21 0 2 1 96 511107 -1 -1 -1 -1 -1 -1)
#(0 65 560 42 0 3 0 41 218672 -1 -1 -1 -1 -1 -1)
#(0 65 561 20 0 2 0 56 296716 -1 -1 -1 -1 -1 -1)
#(0 65 563 33 0 1 1 49 262312 -1 -1 -1 -1 -1 -1)
#(0 65 565 39 0 1 1 75 399260 -1 -1 -1 -1 -1 -1)
#(0 65 566 36 0 1 0 24 128646 -1 -1 -1 -1 -1 -1)
#(0 65 568 26 0 2 0 68 360388 -1 -1 -1 -1 -1 -1)
#(0 65 569 34 0 3 0 64 339681 -1 -1 -1 -1 -1 -1)
#(0 65 570 42 0 2 1 94 499419 -1 -1 -1 -1 -1 -1)
#(4 65 570 -1 0 -1 -1 -1 -1 21 0 0 0 0 -1)
#(0 65 571 26 0 2 1 85 452632 -1 -1 -1 -1 -1 -1)
#(0 65 926 28 0 0 1 85 453596 -1 -1 -1 -1 -1 -1)
#(0 65 927 28 0 0 1 68 363832 -1 -1 -1 -1 -1 -1)
#(0 65 928 24 0 0 0 16 84890 -1 -1 -1 -1 -1 -1)
#(0 65 930 29 0 0 1 81 432471 -1 -1 -1 -1 -1 -1)
#(0 65 931 34 0 0 0 65 343774 -1 -1 -1 -1 -1 -1)
#(0 65 932 23 0 0 0 10 53183 -1 -1 -1 -1 -1 -1)
#(0 65 933 25 0 0 1 82 437837 -1 -1 -1 -1 -1 -1)
#(0 65 934 23 0 0 0 33 174604 -1 -1 -1 -1 -1 -1)
#(0 65 137670 54 1 2 1 64 339554 119626 -1 -1 -1 -1 -1)
#(0 65 137676 57 1 3 1 84 444557 119626 -1 -1 -1 -1 -1)
#(0 65 137682 57 1 2 1 72 381253 119626 -1 -1 -1 -1 -1)
#(0 65 137684 57 1 1 0 65 347380 119626 -1 -1 -1 -1 -1)
#(0 65 137685 64 1 1 1 79 418213 119626 -1 -1 -1 -1 -1)
#(0 65 137686 62 1 3 1 73 386006 119626 -1 -1 -1 -1 -1)
#(0 65 137687 51 1 2 1 52 276172 119626 -1 -1 -1 -1 -1)
#(0 65 137688 59 1 1 1 70 370492 119626 -1 -1 -1 -1 -1)
#(0 65 137689 67 1 3 0 19 100359 119626 -1 -1 -1 -1 -1)
#(0 65 137690 59 1 2 0 15 83708 119626 -1 -1 -1 -1 -1)
#(0 65 137691 64 1 2 0 29 158166 119626 -1 -1 -1 -1 -1)
#(0 65 137692 67 1 2 0 6 36844 119626 -1 -1 -1 -1 -1)
#(0 65 137693 54 1 3 1 78 413301 119626 -1 -1 -1 -1 -1)
#(0 65 137694 43 1 2 0 10 55768 119626 -1 -1 -1 -1 -1)
#(0 65 137695 55 1 2 0 8 46267 119626 -1 -1 -1 -1 -1)
#(0 65 138031 36 1 2 1 69 367729 119626 -1 -1 -1 -1 -1)
#(0 65 138036 50 1 1 1 87 462065 119626 -1 -1 -1 -1 -1)
#(0 65 138037 31 1 2 1 72 383830 119626 -1 -1 -1 -1 -1)
#(0 65 138038 39 1 1 0 57 302968 119626 -1 -1 -1 -1 -1)
#(0 65 138039 35 1 1 1 74 394203 119626 -1 -1 -1 -1 -1)
#(0 65 138040 25 1 2 0 23 122677 119626 -1 -1 -1 -1 -1)
#(0 65 138041 28 1 2 1 49 262582 119626 -1 -1 -1 -1 -1)
#(0 65 138388 23 1 0 0 14 74307 119626 -1 -1 -1 -1 -1)
#(0 65 138389 34 1 0 1 78 416543 119626 -1 -1 -1 -1 -1)
#(0 65 138390 26 1 0 1 86 458931 119626 -1 -1 -1 -1 -1)
#(0 65 138391 25 1 0 0 20 105993 119626 -1 -1 -1 -1 -1)
#(0 65 138392 30 1 0 0 47 248676 119626 -1 -1 -1 -1 -1)
#(0 65 138393 30 1 0 0 48 253945 119626 -1 -1 -1 -1 -1)
#(0 65 138394 27 1 0 1 52 279400 119626 -1 -1 -1 -1 -1)
#(0 65 138396 23 1 0 1 80 427303 119626 -1 -1 -1 -1 -1)
#(0 65 138397 29 1 0 1 89 474717 119626 -1 -1 -1 -1 -1)
#(0 65 138398 27 1 0 0 53 280284 119626 -1 -1 -1 -1 -1)
#(4 65 138398 -1 1 -1 -1 -1 -1 119646 0 0 0 0 -1)
#(0 65 138399 34 1 0 0 65 343754 119626 -1 -1 -1 -1 -1)
#(0 65 275189 43 2 2 0 15 82084 239253 -1 -1 -1 -1 -1)
#(0 65 275191 51 2 2 1 88 466254 239253 -1 -1 -1 -1 -1)
#(0 65 275202 57 2 1 0 59 315598 239253 -1 -1 -1 -1 -1)
#(0 65 275203 62 2 3 1 82 433575 239253 -1 -1 -1 -1 -1)
#(0 65 275204 40 2 2 1 64 340396 239253 -1 -1 -1 -1 -1)
#(0 65 275205 75 2 2 1 77 411134 239253 -1 -1 -1 -1 -1)
#(0 65 275206 59 2 3 1 56 296474 239253 -1 -1 -1 -1 -1)
#(0 65 275207 55 2 1 1 95 502941 239253 -1 -1 -1 -1 -1)
#(0 65 275208 55 2 2 1 46 244179 239253 -1 -1 -1 -1 -1)
#(0 65 275209 44 2 2 0 8 45202 239253 -1 -1 -1 -1 -1)
#(0 65 275210 44 2 2 0 41 219441 239253 -1 -1 -1 -1 -1)
#(0 65 275211 54 2 1 1 75 397103 239253 -1 -1 -1 -1 -1)
#(0 65 275212 67 2 2 0 25 137076 239253 -1 -1 -1 -1 -1)
#(0 65 275213 70 2 2 1 39 211002 239253 -1 -1 -1 -1 -1)
#(0 65 275579 28 2 2 0 0 1456 239253 -1 -1 -1 -1 -1)
#(0 65 275584 36 2 3 1 73 388842 239253 -1 -1 -1 -1 -1)
#(0 65 275588 37 2 1 1 64 341193 239253 -1 -1 -1 -1 -1)
#(0 65 275589 46 2 3 1 92 488638 239253 -1 -1 -1 -1 -1)
#(0 65 275590 32 2 3 1 71 378448 239253 -1 -1 -1 -1 -1)
#(0 65 275591 32 2 2 1 65 346845 239253 -1 -1 -1 -1 -1)
#(0 65 275592 28 2 2 0 4 22549 239253 -1 -1 -1 -1 -1)
#(0 65 275593 33 2 2 1 96 510490 239253 -1 -1 -1 -1 -1)
#(0 65 275594 20 2 2 1 25 136235 239253 -1 -1 -1 -1 -1)
#(0 65 275595 20 2 2 0 58 307285 239253 -1 -1 -1 -1 -1)
#(0 65 275596 39 2 1 0 53 281852 239253 -1 -1 -1 -1 -1)
#(0 65 275597 35 2 1 1 88 468058 239253 -1 -1 -1 -1 -1)
#(0 65 275598 39 2 2 1 78 415074 239253 -1 -1 -1 -1 -1)
#(0 65 275599 42 2 1 1 90 478318 239253 -1 -1 -1 -1 -1)
#(0 65 275600 34 2 2 0 81 429419 239253 -1 -1 -1 -1 -1)
#(0 65 275601 33 2 1 1 52 278078 239253 -1 -1 -1 -1 -1)
#(0 65 275602 34 2 1 1 67 357238 239253 -1 -1 -1 -1 -1)
#(0 65 275603 30 2 2 1 59 315268 239253 -1 -1 -1 -1 -1)
#(0 65 275604 48 2 1 1 28 150656 239253 -1 -1 -1 -1 -1)
#(0 65 275948 21 2 0 0 22 116498 239253 -1 -1 -1 -1 -1)
#(0 65 275955 21 2 0 0 28 148198 239253 -1 -1 -1 -1 -1)
#(0 65 275960 23 2 0 1 62 332245 239253 -1 -1 -1 -1 -1)
#(0 65 275961 32 2 0 0 7 37509 239253 -1 -1 -1 -1 -1)
#(0 65 275962 25 2 0 0 69 364744 239253 -1 -1 -1 -1 -1)
#(0 65 275963 26 2 0 0 4 21560 239253 -1 -1 -1 -1 -1)
#(0 65 275964 20 2 0 1 51 274235 239253 -1 -1 -1 -1 -1)
#(0 65 275965 23 2 0 0 33 174627 239253 -1 -1 -1 -1 -1)
#(0 65 275966 25 2 0 0 37 195772 239253 -1 -1 -1 -1 -1)
#(0 65 275967 27 2 0 0 31 164123 239253 -1 -1 -1 -1 -1)
#(0 65 275968 32 2 0 0 43 227570 239253 -1 -1 -1 -1 -1)
#(0 65 275969 24 2 0 1 61 326970 239253 -1 -1 -1 -1 -1)
#(0 65 275970 29 2 0 1 98 522238 239253 -1 -1 -1 -1 -1)
#(0 65 275971 25 2 0 1 60 321681 239253 -1 -1 -1 -1 -1)
#(0 65 412309 64 3 2 0 17 93862 359592 -1 -1 -1 -1 -1)
#(0 65 412316 70 3 3 0 12 68460 359592 -1 -1 -1 -1 -1)
#(0 65 412317 55 3 1 0 72 384192 359592 -1 -1 -1 -1 -1)
#(0 65 412318 57 3 2 1 83 439301 359592 -1 -1 -1 -1 -1)
#(0 65 412319 57 3 2 1 61 323032 359592 -1 -1 -1 -1 -1)
#(0 65 412320 75 3 2 1 33 178623 359592 -1 -1 -1 -1 -1)
#(0 65 412321 63 3 4 0 28 152726 359592 -1 -1 -1 -1 -1)
#(0 65 412322 67 3 1 0 26 137294 359592 -1 -1 -1 -1 -1)
#(0 65 412323 64 3 2 1 64 338194 359592 -1 -1 -1 -1 -1)
#(0 65 412324 57 3 1 0 6 35870 359592 -1 -1 -1 -1 -1)
#(0 65 412673 21 3 2 1 45 241816 359592 -1 -1 -1 -1 -1)
#(0 65 412674 27 3 2 1 85 452672 359592 -1 -1 -1 -1 -1)
#(0 65 412675 24 3 2 1 99 526693 359592 -1 -1 -1 -1 -1)
#(0 65 412676 21 3 2 0 43 228093 359592 -1 -1 -1 -1 -1)
#(0 65 412677 28 3 3 1 75 399767 359592 -1 -1 -1 -1 -1)
#(0 65 412678 31 3 2 0 24 128326 359592 -1 -1 -1 -1 -1)
#(0 65 412679 29 3 2 0 8 43747 359592 -1 -1 -1 -1 -1)
#(0 65 412680 26 3 2 0 13 69911 359592 -1 -1 -1 -1 -1)
#(0 65 412681 33 3 1 1 60 320327 359592 -1 -1 -1 -1 -1)
#(0 65 412682 34 3 2 0 7 38690 359592 -1 -1 -1 -1 -1)
#(0 65 413028 20 3 0 1 76 406221 359592 -1 -1 -1 -1 -1)
#(0 65 413029 29 3 0 1 62 332154 359592 -1 -1 -1 -1 -1)
#(0 65 413031 28 3 0 1 94 501123 359592 -1 -1 -1 -1 -1)
#(0 65 413032 26 3 0 0 48 253879 359592 -1 -1 -1 -1 -1)
#(0 65 413033 28 3 0 0 11 58553 359592 -1 -1 -1 -1 -1)
#(0 65 413034 28 3 0 1 72 384982 359592 -1 -1 -1 -1 -1)
#(0 65 413035 21 3 0 0 38 200974 359592 -1 -1 -1 -1 -1)
#(0 65 413036 23 3 0 0 44 232687 359592 -1 -1 -1 -1 -1)
#(0 65 413037 27 3 0 0 6 32113 359592 -1 -1 -1 -1 -1)
#(0 65 413038 28 3 0 1 39 210748 359592 -1 -1 -1 -1 -1)
#(0 65 413039 26 3 0 1 61 326949 359592 -1 -1 -1 -1 -1)
#(0 66 172 58 0 3 0 44 236391 -1 -1 -1 -1 -1 -1)
#(0 66 178 70 0 1 1 68 363948 -1 -1 -1 -1 -1 -1)
#(0 66 179 64 0 3 0 38 205638 -1 -1 -1 -1 -1 -1)
#(0 66 180 73 0 2 1 91 480708 -1 -1 -1 -1 -1 -1)
#(0 66 181 54 0 2 1 86 455666 -1 -1 -1 -1 -1 -1)
#(0 66 182 44 0 2 0 8 45217 -1 -1 -1 -1 -1 -1)
#(0 66 184 64 0 2 0 41 221483 -1 -1 -1 -1 -1 -1)
#(0 66 185 50 0 2 1 87 461179 -1 -1 -1 -1 -1 -1)
#(0 66 186 64 0 2 0 23 126516 -1 -1 -1 -1 -1 -1)
#(0 66 187 75 0 2 1 55 294779 -1 -1 -1 -1 -1 -1)
#(0 66 188 55 0 3 1 96 508100 -1 -1 -1 -1 -1 -1)
#(0 66 189 73 0 2 1 46 247863 -1 -1 -1 -1 -1 -1)
#(0 66 190 75 0 1 0 40 211818 -1 -1 -1 -1 -1 -1)
#(0 66 191 59 0 2 0 13 73224 -1 -1 -1 -1 -1 -1)
#(0 66 192 64 0 1 1 64 338143 -1 -1 -1 -1 -1 -1)
#(0 66 193 62 0 2 0 47 252934 -1 -1 -1 -1 -1 -1)
#(0 66 194 44 0 2 0 15 82144 -1 -1 -1 -1 -1 -1)
#(0 66 195 59 0 2 0 35 189105 -1 -1 -1 -1 -1 -1)
#(0 66 196 52 0 2 1 24 128614 -1 -1 -1 -1 -1 -1)
#(0 66 554 36 0 2 0 51 271135 -1 -1 -1 -1 -1 -1)
#(0 66 562 22 0 2 1 74 394910 -1 -1 -1 -1 -1 -1)
#(0 66 564 29 0 2 0 0 1552 -1 -1 -1 -1 -1 -1)
#(0 66 567 27 0 2 1 91 484372 -1 -1 -1 -1 -1 -1)
#(0 66 572 30 0 2 0 52 276145 -1 -1 -1 -1 -1 -1)
#(0 66 573 23 0 2 0 16 85796 -1 -1 -1 -1 -1 -1)
#(0 66 574 27 0 2 1 66 352341 -1 -1 -1 -1 -1 -1)
#(0 66 575 37 0 2 1 71 378172 -1 -1 -1 -1 -1 -1)
#(0 66 576 44 0 2 0 35 187150 -1 -1 -1 -1 -1 -1)
#(0 66 577 30 0 2 1 93 494757 -1 -1 -1 -1 -1 -1)
#(0 66 578 56 0 1 1 60 319195 -1 -1 -1 -1 -1 -1)
#(0 66 579 20 0 3 1 48 257680 -1 -1 -1 -1 -1 -1)
#(0 66 580 30 0 2 0 22 117711 -1 -1 -1 -1 -1 -1)
#(0 66 581 32 0 2 0 2 12218 -1 -1 -1 -1 -1 -1)
#(0 66 582 43 0 1 0 20 107810 -1 -1 -1 -1 -1 -1)
#(0 66 584 23 0 2 1 90 479259 -1 -1 -1 -1 -1 -1)
#(0 66 585 55 0 1 1 33 176692 -1 -1 -1 -1 -1 -1)
#(0 66 929 27 0 0 1 68 363868 -1 -1 -1 -1 -1 -1)
#(0 66 935 29 0 0 1 92 490544 -1 -1 -1 -1 -1 -1)
#(0 66 937 25 0 0 0 13 69058 -1 -1 -1 -1 -1 -1)
#(0 66 938 23 0 0 0 40 211590 -1 -1 -1 -1 -1 -1)
#(0 66 939 20 0 0 1 63 337589 -1 -1 -1 -1 -1 -1)
#(0 66 940 26 0 0 1 59 316366 -1 -1 -1 -1 -1 -1)
#(0 66 941 23 0 0 0 16 84861 -1 -1 -1 -1 -1 -1)
#(0 66 942 32 0 0 1 36 194830 -1 -1 -1 -1 -1 -1)
#(0 66 943 33 0 0 1 77 411302 -1 -1 -1 -1 -1 -1)
#(0 66 944 27 0 0 0 36 190520 -1 -1 -1 -1 -1 -1)
#(0 66 945 26 0 0 1 43 231898 -1 -1 -1 -1 -1 -1)
#(0 66 137696 57 1 1 1 65 344261 119626 -1 -1 -1 -1 -1)
#(0 66 137697 75 1 1 1 34 183980 119626 -1 -1 -1 -1 -1)
#(0 66 137698 67 1 2 1 58 306245 119626 -1 -1 -1 -1 -1)
#(0 66 137699 62 1 3 1 89 470610 119626 -1 -1 -1 -1 -1)
#(0 66 137700 55 1 2 1 87 460626 119626 -1 -1 -1 -1 -1)
#(0 66 137701 57 1 2 1 73 386550 119626 -1 -1 -1 -1 -1)
#(0 66 137702 59 1 2 0 2 15058 119626 -1 -1 -1 -1 -1)
#(0 66 137703 44 1 2 0 7 39908 119626 -1 -1 -1 -1 -1)
#(0 66 137704 70 1 2 1 71 375020 119626 -1 -1 -1 -1 -1)
#(0 66 137705 67 1 2 0 27 142579 119626 -1 -1 -1 -1 -1)
#(0 66 137706 55 1 1 1 76 402520 119626 -1 -1 -1 -1 -1)
#(0 66 137708 64 1 2 1 20 106088 119626 -1 -1 -1 -1 -1)
#(0 66 138042 28 1 1 1 57 304660 119626 -1 -1 -1 -1 -1)
#(0 66 138043 39 1 1 1 46 246134 119626 -1 -1 -1 -1 -1)
#(0 66 138044 33 1 2 1 31 167262 119626 -1 -1 -1 -1 -1)
#(0 66 138045 20 1 2 0 10 53850 119626 -1 -1 -1 -1 -1)
#(0 66 138046 41 1 2 0 56 297841 119626 -1 -1 -1 -1 -1)
#(0 66 138048 41 1 2 1 50 267115 119626 -1 -1 -1 -1 -1)
#(0 66 138049 20 1 3 0 12 64399 119626 -1 -1 -1 -1 -1)
#(0 66 138050 26 1 2 1 64 341852 119626 -1 -1 -1 -1 -1)
#(0 66 138051 37 1 2 0 19 102212 119626 -1 -1 -1 -1 -1)
#(0 66 138052 40 1 3 0 9 49641 119626 -1 -1 -1 -1 -1)
#(0 66 138053 36 1 1 0 34 181415 119626 -1 -1 -1 -1 -1)
#(0 66 138054 31 1 2 1 67 357410 119626 -1 -1 -1 -1 -1)
#(0 66 138055 27 1 2 0 27 143960 119626 -1 -1 -1 -1 -1)
#(0 66 138056 31 1 2 0 20 107189 119626 -1 -1 -1 -1 -1)
#(0 66 138057 20 1 2 0 29 154142 119626 -1 -1 -1 -1 -1)
#(4 66 138057 -1 1 -1 -1 -1 -1 119647 0 0 0 0 -1)
#(0 66 138395 20 1 0 0 14 74244 119626 -1 -1 -1 -1 -1)
#(0 66 138400 21 1 0 1 66 353404 119626 -1 -1 -1 -1 -1)
#(0 66 138401 25 1 0 1 78 416708 119626 -1 -1 -1 -1 -1)
#(0 66 138402 26 1 0 1 70 374446 119626 -1 -1 -1 -1 -1)
#(0 66 138403 27 1 0 1 98 522269 119626 -1 -1 -1 -1 -1)
#(0 66 138404 27 1 0 0 70 370052 119626 -1 -1 -1 -1 -1)
#(0 66 138406 24 1 0 0 26 137670 119626 -1 -1 -1 -1 -1)
#(0 66 138408 27 1 0 0 21 111315 119626 -1 -1 -1 -1 -1)
#(0 66 138409 29 1 0 0 72 380635 119626 -1 -1 -1 -1 -1)
#(0 66 138410 28 1 0 1 81 432503 119626 -1 -1 -1 -1 -1)
#(0 66 138411 30 1 0 1 77 411348 119626 -1 -1 -1 -1 -1)
#(0 66 275214 42 2 1 1 61 324528 239253 -1 -1 -1 -1 -1)
#(0 66 275215 59 2 3 0 10 57127 239253 -1 -1 -1 -1 -1)
#(0 66 275216 59 2 3 0 20 109935 239253 -1 -1 -1 -1 -1)
#(0 66 275217 54 2 2 0 78 415883 239253 -1 -1 -1 -1 -1)
#(0 66 275218 55 2 3 0 33 178180 239253 -1 -1 -1 -1 -1)
#(0 66 275219 44 2 2 1 65 345507 239253 -1 -1 -1 -1 -1)
#(0 66 275220 61 2 2 1 59 312299 239253 -1 -1 -1 -1 -1)
#(0 66 275221 59 2 3 1 25 132877 239253 -1 -1 -1 -1 -1)
#(0 66 275222 48 2 2 0 43 230242 239253 -1 -1 -1 -1 -1)
#(0 66 275223 61 2 3 1 84 444327 239253 -1 -1 -1 -1 -1)
#(0 66 275224 70 2 2 1 96 511981 239253 -1 -1 -1 -1 -1)
#(0 66 275225 42 2 2 0 22 119035 239253 -1 -1 -1 -1 -1)
#(0 66 275226 70 2 2 1 85 453927 239253 -1 -1 -1 -1 -1)
#(0 66 275605 26 2 2 1 90 479131 239253 -1 -1 -1 -1 -1)
#(0 66 275606 37 2 3 1 51 272633 239253 -1 -1 -1 -1 -1)
#(0 66 275608 42 2 1 0 42 223967 239253 -1 -1 -1 -1 -1)
#(0 66 275609 33 2 2 1 74 394258 239253 -1 -1 -1 -1 -1)
#(0 66 275610 40 2 3 1 62 330582 239253 -1 -1 -1 -1 -1)
#(0 66 275611 30 2 2 0 24 128299 239253 -1 -1 -1 -1 -1)
#(0 66 275612 43 2 1 1 72 383226 239253 -1 -1 -1 -1 -1)
#(0 66 275972 21 2 0 1 67 358687 239253 -1 -1 -1 -1 -1)
#(0 66 275973 26 2 0 0 37 195774 239253 -1 -1 -1 -1 -1)
#(0 66 275974 34 2 0 1 56 300382 239253 -1 -1 -1 -1 -1)
#(0 66 275975 34 2 0 0 45 238177 239253 -1 -1 -1 -1 -1)
#(0 66 275976 29 2 0 1 43 231832 239253 -1 -1 -1 -1 -1)
#(0 66 275977 30 2 0 0 15 79705 239253 -1 -1 -1 -1 -1)
#(0 66 275978 25 2 0 1 88 469513 239253 -1 -1 -1 -1 -1)
#(0 66 275979 28 2 0 1 87 464184 239253 -1 -1 -1 -1 -1)
#(0 66 275980 20 2 0 1 84 448479 239253 -1 -1 -1 -1 -1)
#(0 66 275981 27 2 0 1 94 501162 239253 -1 -1 -1 -1 -1)
#(0 66 275982 29 2 0 1 47 252966 239253 -1 -1 -1 -1 -1)
#(0 66 275983 27 2 0 1 80 427247 239253 -1 -1 -1 -1 -1)
#(0 66 275984 26 2 0 0 30 158812 239253 -1 -1 -1 -1 -1)
#(0 66 412325 67 3 1 0 22 120984 359592 -1 -1 -1 -1 -1)
#(0 66 412326 75 3 3 1 64 342472 359592 -1 -1 -1 -1 -1)
#(0 66 412327 64 3 1 0 26 142310 359592 -1 -1 -1 -1 -1)
#(0 66 412328 51 3 2 1 79 418739 359592 -1 -1 -1 -1 -1)
#(0 66 412329 51 3 1 1 55 291962 359592 -1 -1 -1 -1 -1)
#(0 66 412330 43 3 3 1 97 514508 359592 -1 -1 -1 -1 -1)
#(0 66 412331 70 3 2 1 53 284926 359592 -1 -1 -1 -1 -1)
#(0 66 412333 57 3 2 0 5 30657 359592 -1 -1 -1 -1 -1)
#(0 66 412334 59 3 3 0 35 189196 359592 -1 -1 -1 -1 -1)
#(0 66 412335 62 3 3 0 10 57345 359592 -1 -1 -1 -1 -1)
#(0 66 412336 43 3 2 0 30 161291 359592 -1 -1 -1 -1 -1)
#(0 66 412337 51 3 2 1 63 334310 359592 -1 -1 -1 -1 -1)
#(0 66 412338 55 3 2 1 77 408033 359592 -1 -1 -1 -1 -1)
#(0 66 412339 48 3 2 0 17 93188 359592 -1 -1 -1 -1 -1)
#(0 66 412340 74 3 2 0 20 106340 359592 -1 -1 -1 -1 -1)
#(3 66 412340 -1 3 -1 -1 -1 -1 359614 -1 -1 -1 -1 27)
#(0 66 412683 20 3 0 0 31 164630 359592 -1 -1 -1 -1 -1)
#(0 66 412684 36 3 1 1 44 235750 359592 -1 -1 -1 -1 -1)
#(0 66 412685 35 3 3 0 59 313387 359592 -1 -1 -1 -1 -1)
#(0 66 412686 28 3 2 0 2 11976 359592 -1 -1 -1 -1 -1)
#(0 66 412687 20 3 2 1 34 183757 359592 -1 -1 -1 -1 -1)
#(0 66 412688 26 3 2 1 72 384083 359592 -1 -1 -1 -1 -1)
#(0 66 412690 24 3 2 1 75 400020 359592 -1 -1 -1 -1 -1)
#(0 66 412691 38 3 1 1 58 309547 359592 -1 -1 -1 -1 -1)
#(0 66 412692 43 3 3 0 83 440490 359592 -1 -1 -1 -1 -1)
#(0 66 413030 24 3 0 1 50 268873 359592 -1 -1 -1 -1 -1)
#(0 66 413040 23 3 0 0 65 343590 359592 -1 -1 -1 -1 -1)
#(0 66 413041 29 3 0 1 52 279344 359592 -1 -1 -1 -1 -1)
#(0 66 413042 29 3 0 0 35 185293 359592 -1 -1 -1 -1 -1)
#(0 66 413043 27 3 0 1 80 427223 359592 -1 -1 -1 -1 -1)
#(0 66 413044 26 3 0 1 85 453646 359592 -1 -1 -1 -1 -1)
#(0 66 413045 30 3 0 0 14 74419 359592 -1 -1 -1 -1 -1)
#(0 66 413046 22 3 0 0 12 63729 359592 -1 -1 -1 -1 -1)
#(0 66 413048 27 3 0 0 24 127166 359592 -1 -1 -1 -1 -1)
#(0 66 413049 28 3 0 0 15 79656 359592 -1 -1 -1 -1 -1)
#(0 66 413051 20 3 0 1 98 522402 359592 -1 -1 -1 -1 -1)
#(0 66 413052 20 3 0 1 64 342885 359592 -1 -1 -1 -1 -1)
#(0 66 413053 20 3 0 0 49 259037 359592 -1 -1 -1 -1 -1)
#(0 67 197 62 0 3 1 79 417633 -1 -1 -1 -1 -1 -1)
#(0 67 198 42 0 2 0 56 298579 -1 -1 -1 -1 -1 -1)
#(0 67 199 57 0 2 0 19 104517 -1 -1 -1 -1 -1 -1)
#(0 67 200 50 0 3 0 45 241129 -1 -1 -1 -1 -1 -1)
#(0 67 201 55 0 3 1 94 497857 -1 -1 -1 -1 -1 -1)
#(0 67 202 55 0 2 1 74 391979 -1 -1 -1 -1 -1 -1)
#(0 67 203 72 0 1 0 23 126559 -1 -1 -1 -1 -1 -1)
#(0 67 204 62 0 2 1 97 513039 -1 -1 -1 -1 -1 -1)
#(0 67 205 70 0 3 1 71 379850 -1 -1 -1 -1 -1 -1)
#(0 67 206 70 0 3 0 62 327579 -1 -1 -1 -1 -1 -1)
#(0 67 207 57 0 3 1 99 523667 -1 -1 -1 -1 -1 -1)
#(0 67 208 55 0 2 1 71 376121 -1 -1 -1 -1 -1 -1)
#(0 67 209 61 0 3 1 80 424011 -1 -1 -1 -1 -1 -1)
#(0 67 583 35 0 3 0 35 186616 -1 -1 -1 -1 -1 -1)
#(0 67 586 43 0 1 0 38 202842 -1 -1 -1 -1 -1 -1)
#(0 67 587 41 0 2 1 83 441409 -1 -1 -1 -1 -1 -1)
#(0 67 588 34 0 2 1 77 410078 -1 -1 -1 -1 -1 -1)
#(0 67 589 34 0 1 0 4 22937 -1 -1 -1 -1 -1 -1)
#(0 67 590 49 0 3 1 62 330120 -1 -1 -1 -1 -1 -1)
#(0 67 591 34 0 2 1 45 241154 -1 -1 -1 -1 -1 -1)
#(0 67 592 39 0 3 0 21 112987 -1 -1 -1 -1 -1 -1)
#(0 67 593 42 0 2 0 27 144686 -1 -1 -1 -1 -1 -1)
#(2 67 913 -1 -1 -1 -1 -1 -1 22 -1 -1 -1 -1 -1)
#(0 67 936 21 0 0 1 66 353416 -1 -1 -1 -1 -1 -1)
#(0 67 946 23 0 0 0 36 190445 -1 -1 -1 -1 -1 -1)
#(0 67 947 23 0 0 0 8 42626 -1 -1 -1 -1 -1 -1)
#(0 67 948 26 0 0 1 90 480041 -1 -1 -1 -1 -1 -1)
#(0 67 949 29 0 0 0 2 11056 -1 -1 -1 -1 -1 -1)
#(0 67 951 30 0 0 1 19 105082 -1 -1 -1 -1 -1 -1)
#(0 67 952 23 0 0 1 76 406180 -1 -1 -1 -1 -1 -1)
#(0 67 953 24 0 0 1 75 400874 -1 -1 -1 -1 -1 -1)
#(0 67 954 26 0 0 0 12 63793 -1 -1 -1 -1 -1 -1)
#(0 67 955 28 0 0 1 77 411391 -1 -1 -1 -1 -1 -1)
#(0 67 956 26 0 0 0 19 100759 -1 -1 -1 -1 -1 -1)
#(0 67 957 30 0 0 1 94 501095 -1 -1 -1 -1 -1 -1)
#(0 67 959 20 0 0 0 7 37279 -1 -1 -1 -1 -1 -1)
#(0 67 137681 63 1 2 1 84 444256 119626 -1 -1 -1 -1 -1)
#(0 67 137707 44 1 2 1 71 377241 119626 -1 -1 -1 -1 -1)
#(0 67 137709 63 1 2 0 35 188919 119626 -1 -1 -1 -1 -1)
#(0 67 137710 75 1 2 1 84 448085 119626 -1 -1 -1 -1 -1)
#(0 67 137711 62 1 1 1 89 470703 119626 -1 -1 -1 -1 -1)
#(0 67 137712 75 1 2 1 40 215520 119626 -1 -1 -1 -1 -1)
#(0 67 137713 54 1 2 0 45 241038 119626 -1 -1 -1 -1 -1)
#(0 67 137714 62 1 2 0 14 78521 119626 -1 -1 -1 -1 -1)
#(0 67 137715 62 1 2 0 4 25852 119626 -1 -1 -1 -1 -1)
#(0 67 137716 67 1 1 1 74 390865 119626 -1 -1 -1 -1 -1)
#(0 67 137717 67 1 2 0 9 52776 119626 -1 -1 -1 -1 -1)
#(0 67 137718 59 1 1 1 55 291108 119626 -1 -1 -1 -1 -1)
#(0 67 137719 73 1 3 1 81 428156 119626 -1 -1 -1 -1 -1)
#(0 67 137720 44 1 2 0 43 230016 119626 -1 -1 -1 -1 -1)
#(0 67 137721 55 1 3 0 19 104362 119626 -1 -1 -1 -1 -1)
#(0 67 137722 55 1 2 1 29 154433 119626 -1 -1 -1 -1 -1)
#(0 67 137723 51 1 1 1 77 408217 119626 -1 -1 -1 -1 -1)
#(0 67 137724 51 1 1 0 58 309804 119626 -1 -1 -1 -1 -1)
#(0 67 138047 25 1 2 1 49 262707 119626 -1 -1 -1 -1 -1)
#(0 67 138058 21 1 2 0 48 254495 119626 -1 -1 -1 -1 -1)
#(0 67 138059 49 1 1 0 76 403827 119626 -1 -1 -1 -1 -1)
#(0 67 138060 27 1 2 1 41 220355 119626 -1 -1 -1 -1 -1)
#(0 67 138061 32 1 2 0 5 28035 119626 -1 -1 -1 -1 -1)
#(0 67 138062 37 1 3 0 1 7234 119626 -1 -1 -1 -1 -1)
#(0 67 138063 49 1 3 0 13 71247 119626 -1 -1 -1 -1 -1)
#(0 67 138064 36 1 2 0 57 302892 119626 -1 -1 -1 -1 -1)
#(0 67 138065 47 1 1 1 79 419957 119626 -1 -1 -1 -1 -1)
#(0 67 138066 32 1 2 1 66 352107 119626 -1 -1 -1 -1 -1)
#(0 67 138067 21 1 2 1 99 526956 119626 -1 -1 -1 -1 -1)
#(0 67 138068 30 1 2 0 32 170498 119626 -1 -1 -1 -1 -1)
#(0 67 138069 40 1 2 1 45 240841 119626 -1 -1 -1 -1 -1)
#(0 67 138405 26 1 0 1 70 374460 119626 -1 -1 -1 -1 -1)
#(0 67 138407 20 1 0 1 78 416797 119626 -1 -1 -1 -1 -1)
#(0 67 138412 25 1 0 1 65 348043 119626 -1 -1 -1 -1 -1)
#(0 67 138413 23 1 0 1 84 448404 119626 -1 -1 -1 -1 -1)
#(0 67 138414 20 1 0 1 57 305899 119626 -1 -1 -1 -1 -1)
#(0 67 138415 26 1 0 0 18 95480 119626 -1 -1 -1 -1 -1)
#(0 67 138416 27 1 0 0 68 359492 119626 -1 -1 -1 -1 -1)
#(0 67 138417 27 1 0 1 96 511708 119626 -1 -1 -1 -1 -1)
#(0 67 138418 20 1 0 0 10 53127 119626 -1 -1 -1 -1 -1)
#(0 67 138419 34 1 0 0 54 285687 119626 -1 -1 -1 -1 -1)
#(0 67 138420 18 1 0 1 66 353460 119626 -1 -1 -1 -1 -1)
#(0 67 138421 29 1 0 1 60 321595 119626 -1 -1 -1 -1 -1)
#(0 67 138422 29 1 0 0 43 227524 119626 -1 -1 -1 -1 -1)
#(0 67 138423 28 1 0 0 11 58538 119626 -1 -1 -1 -1 -1)
#(0 67 138424 25 1 0 0 3 16247 119626 -1 -1 -1 -1 -1)
#(0 67 138425 20 1 0 1 64 342881 119626 -1 -1 -1 -1 -1)
#(0 67 138426 20 1 0 0 25 132316 119626 -1 -1 -1 -1 -1)
#(0 67 275227 62 2 3 0 20 109969 239253 -1 -1 -1 -1 -1)
#(0 67 275228 51 2 2 0 47 251791 239253 -1 -1 -1 -1 -1)
#(0 67 275229 67 2 1 0 4 21197 239253 -1 -1 -1 -1 -1)
#(0 67 275230 64 2 1 0 76 406285 239253 -1 -1 -1 -1 -1)
#(0 67 275231 62 2 2 1 32 169599 239253 -1 -1 -1 -1 -1)
#(0 67 275232 59 2 2 1 73 386207 239253 -1 -1 -1 -1 -1)
#(0 67 275233 44 2 1 1 60 319121 239253 -1 -1 -1 -1 -1)
#(0 67 275235 74 2 2 0 46 243581 239253 -1 -1 -1 -1 -1)
#(0 67 275236 67 2 2 1 77 406698 239253 -1 -1 -1 -1 -1)
#(0 67 275607 40 2 1 1 78 415019 239253 -1 -1 -1 -1 -1)
#(0 67 275613 21 2 2 1 93 495220 239253 -1 -1 -1 -1 -1)
#(0 67 275614 45 2 1 0 41 218888 239253 -1 -1 -1 -1 -1)
#(0 67 275615 31 2 1 0 3 17596 239253 -1 -1 -1 -1 -1)
#(0 67 275616 21 2 2 1 92 489973 239253 -1 -1 -1 -1 -1)
#(0 67 275618 34 2 3 0 63 334436 239253 -1 -1 -1 -1 -1)
#(0 67 275619 32 2 2 1 51 272960 239253 -1 -1 -1 -1 -1)
#(0 67 275620 32 2 2 1 75 399571 239253 -1 -1 -1 -1 -1)
#(0 67 275621 20 2 2 1 55 294640 239253 -1 -1 -1 -1 -1)
#(0 67 275622 35 2 1 0 50 265802 239253 -1 -1 -1 -1 -1)
#(0 67 275623 38 2 1 0 42 223751 239253 -1 -1 -1 -1 -1)
#(0 67 275624 38 2 1 1 84 446809 239253 -1 -1 -1 -1 -1)
#(0 67 275625 29 2 2 0 29 154632 239253 -1 -1 -1 -1 -1)
#(0 67 275951 21 2 0 0 22 116520 239253 -1 -1 -1 -1 -1)
#(0 67 275985 28 2 0 1 50 268799 239253 -1 -1 -1 -1 -1)
#(0 67 275986 27 2 0 0 51 269738 239253 -1 -1 -1 -1 -1)
#(0 67 275987 32 2 0 0 26 137824 239253 -1 -1 -1 -1 -1)
#(0 67 275988 26 2 0 0 20 106033 239253 -1 -1 -1 -1 -1)
#(0 67 275989 23 2 0 0 23 121815 239253 -1 -1 -1 -1 -1)
#(0 67 275990 27 2 0 0 5 26839 239253 -1 -1 -1 -1 -1)
#(0 67 275991 26 2 0 0 56 296102 239253 -1 -1 -1 -1 -1)
#(0 67 412332 64 3 2 1 65 343473 359592 -1 -1 -1 -1 -1)
#(0 67 412341 64 3 2 0 6 36284 359592 -1 -1 -1 -1 -1)
#(0 67 412342 55 3 3 1 68 360305 359592 -1 -1 -1 -1 -1)
#(0 67 412343 51 3 1 1 23 122765 359592 -1 -1 -1 -1 -1)
#(0 67 412344 59 3 1 0 46 247413 359592 -1 -1 -1 -1 -1)
#(0 67 412345 64 3 2 0 22 120565 359592 -1 -1 -1 -1 -1)
#(0 67 412347 60 3 3 1 49 260070 359592 -1 -1 -1 -1 -1)
#(0 67 412348 64 3 2 1 44 232595 359592 -1 -1 -1 -1 -1)
#(0 67 412349 62 3 1 1 66 348945 359592 -1 -1 -1 -1 -1)
#(0 67 412350 44 3 2 1 39 208262 359592 -1 -1 -1 -1 -1)
#(0 67 412351 57 3 1 1 90 476263 359592 -1 -1 -1 -1 -1)
#(0 67 412353 62 3 3 1 93 491628 359592 -1 -1 -1 -1 -1)
#(0 67 412354 44 3 2 1 78 414200 359592 -1 -1 -1 -1 -1)
#(0 67 412355 68 3 2 1 89 469983 359592 -1 -1 -1 -1 -1)
#(0 67 412689 20 3 0 0 31 164598 359592 -1 -1 -1 -1 -1)
#(0 67 412693 22 3 3 1 45 241770 359592 -1 -1 -1 -1 -1)
#(0 67 412694 40 3 3 0 56 297797 359592 -1 -1 -1 -1 -1)
#(0 67 412695 35 3 1 0 51 271074 359592 -1 -1 -1 -1 -1)
#(0 67 412696 20 3 2 0 33 175291 359592 -1 -1 -1 -1 -1)
#(0 67 412697 31 3 2 0 59 313163 359592 -1 -1 -1 -1 -1)
#(0 67 412698 28 3 2 1 67 357572 359592 -1 -1 -1 -1 -1)
#(0 67 412699 30 3 2 1 76 404917 359592 -1 -1 -1 -1 -1)
#(0 67 412700 25 3 3 0 27 143898 359592 -1 -1 -1 -1 -1)
#(0 67 412701 42 3 2 0 35 187024 359592 -1 -1 -1 -1 -1)
#(0 67 412702 32 3 2 0 41 218096 359592 -1 -1 -1 -1 -1)
#(0 67 412703 35 3 2 1 66 351980 359592 -1 -1 -1 -1 -1)
#(0 67 412704 35 3 1 1 78 415278 359592 -1 -1 -1 -1 -1)
#(0 67 412705 25 3 2 0 11 59515 359592 -1 -1 -1 -1 -1)
#(0 67 412706 27 3 3 0 14 75317 359592 -1 -1 -1 -1 -1)
#(0 67 412707 41 3 1 1 48 256581 359592 -1 -1 -1 -1 -1)
#(0 67 412708 41 3 2 0 19 102461 359592 -1 -1 -1 -1 -1)
#(0 67 412709 42 3 1 0 9 49700 359592 -1 -1 -1 -1 -1)
#(0 67 413047 25 3 0 1 85 453679 359592 -1 -1 -1 -1 -1)
#(0 67 413054 27 3 0 0 26 137737 359592 -1 -1 -1 -1 -1)
#(0 67 413055 29 3 0 0 22 116656 359592 -1 -1 -1 -1 -1)
#(0 67 413056 29 3 0 0 46 243375 359592 -1 -1 -1 -1 -1)
#(0 67 413057 25 3 0 1 51 274148 359592 -1 -1 -1 -1 -1)
#(0 67 413058 24 3 0 1 52 279437 359592 -1 -1 -1 -1 -1)
#(0 67 413059 29 3 0 0 56 296161 359592 -1 -1 -1 -1 -1)
#(0 67 413060 34 3 0 1 37 200071 359592 -1 -1 -1 -1 -1)
#(0 67 413061 26 3 0 0 50 264422 359592 -1 -1 -1 -1 -1)
#(0 67 413062 23 3 0 0 45 237973 359592 -1 -1 -1 -1 -1)
#(0 67 413063 26 3 0 1 55 295258 359592 -1 -1 -1 -1 -1)
#(0 67 413065 29 3 0 0 17 90229 359592 -1 -1 -1 -1 -1)
#(0 67 413066 20 3 0 1 67 358722 359592 -1 -1 -1 -1 -1)
#(0 68 183 66 0 1 0 8 46203 -1 -1 -1 -1 -1 -1)
#(0 68 210 59 0 2 0 2 15130 -1 -1 -1 -1 -1 -1)
#(0 68 211 53 0 2 1 97 513694 -1 -1 -1 -1 -1 -1)
#(0 68 212 44 0 1 1 82 435246 -1 -1 -1 -1 -1 -1)
#(0 68 213 66 0 1 0 1 10058 -1 -1 -1 -1 -1 -1)
#(0 68 214 44 0 3 1 94 498630 -1 -1 -1 -1 -1 -1)
#(0 68 215 70 0 2 1 68 363981 -1 -1 -1 -1 -1 -1)
#(0 68 216 57 0 3 0 54 289467 -1 -1 -1 -1 -1 -1)
#(0 68 217 61 0 1 0 35 189086 -1 -1 -1 -1 -1 -1)
#(0 68 218 64 0 3 1 83 438498 -1 -1 -1 -1 -1 -1)
#(0 68 219 51 0 3 0 17 93423 -1 -1 -1 -1 -1 -1)
#(0 68 220 62 0 3 1 75 396669 -1 -1 -1 -1 -1 -1)
#(0 68 221 64 0 2 1 78 412134 -1 -1 -1 -1 -1 -1)
#(0 68 222 43 0 3 1 89 472295 -1 -1 -1 -1 -1 -1)
#(0 68 223 57 0 2 1 34 180536 -1 -1 -1 -1 -1 -1)
#(0 68 596 22 0 2 1 74 394874 -1 -1 -1 -1 -1 -1)
#(0 68 597 42 0 3 1 54 288207 -1 -1 -1 -1 -1 -1)
#(0 68 598 21 0 2 1 69 368551 -1 -1 -1 -1 -1 -1)
#(0 68 599 29 0 2 0 35 186280 -1 -1 -1 -1 -1 -1)
#(0 68 600 37 0 1 0 32 170850 -1 -1 -1 -1 -1 -1)
#(0 68 601 34 0 2 1 95 505148 -1 -1 -1 -1 -1 -1)
#(2 68 913 -1 -1 -1 -1 -1 -1 21 -1 -1 -1 -1 -1)
#(0 68 950 26 0 0 0 2 11001 -1 -1 -1 -1 -1 -1)
#(0 68 960 27 0 0 1 57 305782 -1 -1 -1 -1 -1 -1)
#(0 68 961 27 0 0 1 37 200176 -1 -1 -1 -1 -1 -1)
#(0 68 962 30 0 0 0 52 275060 -1 -1 -1 -1 -1 -1)
#(0 68 963 25 0 0 0 38 201050 -1 -1 -1 -1 -1 -1)
#(0 68 964 27 0 0 1 73 390268 -1 -1 -1 -1 -1 -1)
#(0 68 965 30 0 0 0 39 206425 -1 -1 -1 -1 -1 -1)
#(0 68 966 31 0 0 0 28 148351 -1 -1 -1 -1 -1 -1)
#(0 68 967 26 0 0 0 41 216905 -1 -1 -1 -1 -1 -1)
#(0 68 968 28 0 0 0 0 458 -1 -1 -1 -1 -1 -1)
#(0 68 969 20 0 0 0 37 195678 -1 -1 -1 -1 -1 -1)
#(0 68 970 23 0 0 0 4 21487 -1 -1 -1 -1 -1 -1)
#(0 68 971 32 0 0 1 35 189565 -1 -1 -1 -1 -1 -1)
#(0 68 137725 68 1 3 1 66 348533 119626 -1 -1 -1 -1 -1)
#(0 68 137726 59 1 2 0 12 67761 119626 -1 -1 -1 -1 -1)
#(0 68 137727 59 1 2 1 60 317582 119626 -1 -1 -1 -1 -1)
#(0 68 137728 62 1 1 0 64 342591 119626 -1 -1 -1 -1 -1)
#(0 68 138070 27 1 2 0 1 6676 119626 -1 -1 -1 -1 -1)
#(0 68 138071 36 1 2 1 43 230438 119626 -1 -1 -1 -1 -1)
#(0 68 138072 20 1 2 1 67 357996 119626 -1 -1 -1 -1 -1)
#(0 68 138073 36 1 2 0 17 91710 119626 -1 -1 -1 -1 -1)
#(0 68 138074 26 1 2 1 70 373527 119626 -1 -1 -1 -1 -1)
#(0 68 138075 24 1 2 0 46 244197 119626 -1 -1 -1 -1 -1)
#(0 68 138077 34 1 1 1 89 473467 119626 -1 -1 -1 -1 -1)
#(0 68 138078 28 1 1 1 95 505275 119626 -1 -1 -1 -1 -1)
#(0 68 138079 49 1 3 0 14 76423 119626 -1 -1 -1 -1 -1)
#(0 68 138080 33 1 1 0 7 38696 119626 -1 -1 -1 -1 -1)
#(0 68 138081 25 1 2 1 36 193885 119626 -1 -1 -1 -1 -1)
#(0 68 138082 38 1 3 0 0 1978 119626 -1 -1 -1 -1 -1)
#(0 68 138427 32 1 0 0 39 206471 119626 -1 -1 -1 -1 -1)
#(0 68 138428 25 1 0 1 82 437825 119626 -1 -1 -1 -1 -1)
#(0 68 138429 23 1 0 0 24 127109 119626 -1 -1 -1 -1 -1)
#(0 68 138430 27 1 0 0 1 5738 119626 -1 -1 -1 -1 -1)
#(0 68 138431 26 1 0 1 92 490606 119626 -1 -1 -1 -1 -1)
#(0 68 138432 20 1 0 1 62 332313 119626 -1 -1 -1 -1 -1)
#(0 68 138433 23 1 0 0 18 95415 119626 -1 -1 -1 -1 -1)
#(0 68 138434 23 1 0 1 45 242507 119626 -1 -1 -1 -1 -1)
#(0 68 275234 55 2 2 1 84 444847 239253 -1 -1 -1 -1 -1)
#(0 68 275237 75 2 3 0 24 127602 239253 -1 -1 -1 -1 -1)
#(0 68 275238 43 2 2 1 48 255783 239253 -1 -1 -1 -1 -1)
#(0 68 275239 56 2 1 0 27 146155 239253 -1 -1 -1 -1 -1)
#(0 68 275240 42 2 1 0 19 103195 239253 -1 -1 -1 -1 -1)
#(0 68 275241 75 2 1 0 10 53534 239253 -1 -1 -1 -1 -1)
#(0 68 275242 69 2 3 1 86 458960 239253 -1 -1 -1 -1 -1)
#(0 68 275243 64 2 2 1 71 375148 239253 -1 -1 -1 -1 -1)
#(0 68 275244 67 2 2 1 79 417557 239253 -1 -1 -1 -1 -1)
#(0 68 275245 61 2 2 1 85 449570 239253 -1 -1 -1 -1 -1)
#(0 68 275246 69 2 2 1 93 496298 239253 -1 -1 -1 -1 -1)
#(0 68 275247 57 2 2 0 84 447706 239253 -1 -1 -1 -1 -1)
#(0 68 275248 67 2 2 0 53 284752 239253 -1 -1 -1 -1 -1)
#(0 68 275249 51 2 3 1 65 345276 239253 -1 -1 -1 -1 -1)
#(0 68 275250 62 2 2 0 62 332132 239253 -1 -1 -1 -1 -1)
#(0 68 275251 59 2 2 0 35 189212 239253 -1 -1 -1 -1 -1)
#(0 68 275252 59 2 1 1 89 470704 239253 -1 -1 -1 -1 -1)
#(0 68 275253 44 2 1 0 61 325005 239253 -1 -1 -1 -1 -1)
#(0 68 275617 20 2 2 1 92 490000 239253 -1 -1 -1 -1 -1)
#(0 68 275626 38 2 1 1 72 383434 239253 -1 -1 -1 -1 -1)
#(0 68 275627 42 2 3 0 49 260974 239253 -1 -1 -1 -1 -1)
#(0 68 275628 38 2 1 0 77 408527 239253 -1 -1 -1 -1 -1)
#(0 68 275630 21 2 2 0 5 27456 239253 -1 -1 -1 -1 -1)
#(0 68 275631 20 2 3 1 79 421358 239253 -1 -1 -1 -1 -1)
#(0 68 275632 20 2 2 1 62 331603 239253 -1 -1 -1 -1 -1)
#(0 68 275633 37 2 2 0 44 234235 239253 -1 -1 -1 -1 -1)
#(0 68 275634 31 2 2 1 65 346856 239253 -1 -1 -1 -1 -1)
#(0 68 275635 47 2 1 1 32 171801 239253 -1 -1 -1 -1 -1)
#(0 68 275636 35 2 2 0 47 249956 239253 -1 -1 -1 -1 -1)
#(0 68 275637 51 2 1 1 47 250772 239253 -1 -1 -1 -1 -1)
#(0 68 275638 39 2 2 1 83 441490 239253 -1 -1 -1 -1 -1)
#(0 68 275639 32 2 3 0 60 318426 239253 -1 -1 -1 -1 -1)
#(0 68 275640 38 2 1 0 17 91730 239253 -1 -1 -1 -1 -1)
#(0 68 275641 31 2 1 1 91 484111 239253 -1 -1 -1 -1 -1)
#(0 68 275642 34 2 1 0 15 81086 239253 -1 -1 -1 -1 -1)
#(0 68 275643 36 2 3 1 53 283263 239253 -1 -1 -1 -1 -1)
#(0 68 275992 20 2 0 1 78 416767 239253 -1 -1 -1 -1 -1)
#(0 68 275993 23 2 0 0 17 90152 239253 -1 -1 -1 -1 -1)
#(0 68 275994 25 2 0 0 61 322503 239253 -1 -1 -1 -1 -1)
#(0 68 275995 28 2 0 0 54 285598 239253 -1 -1 -1 -1 -1)
#(0 68 275996 30 2 0 0 43 227558 239253 -1 -1 -1 -1 -1)
#(0 68 275997 25 2 0 0 12 63772 239253 -1 -1 -1 -1 -1)
#(0 68 275998 22 2 0 1 67 358665 239253 -1 -1 -1 -1 -1)
#(0 68 275999 25 2 0 0 20 106013 239253 -1 -1 -1 -1 -1)
#(0 68 276000 28 2 0 1 95 506419 239253 -1 -1 -1 -1 -1)
#(0 68 276001 29 2 0 1 91 485277 239253 -1 -1 -1 -1 -1)
#(0 68 276002 27 2 0 1 87 464193 239253 -1 -1 -1 -1 -1)
#(0 68 276003 20 2 0 0 47 248480 239253 -1 -1 -1 -1 -1)
#(0 68 276004 26 2 0 0 14 74341 239253 -1 -1 -1 -1 -1)
#(0 68 276005 21 2 0 0 28 148174 239253 -1 -1 -1 -1 -1)
#(0 68 412346 70 3 2 1 79 417790 359592 -1 -1 -1 -1 -1)
#(0 68 412352 64 3 2 0 6 36322 359592 -1 -1 -1 -1 -1)
#(0 68 412356 70 3 2 1 55 295237 359592 -1 -1 -1 -1 -1)
#(0 68 412357 50 3 2 1 59 313241 359592 -1 -1 -1 -1 -1)
#(0 68 412358 62 3 1 1 99 523221 359592 -1 -1 -1 -1 -1)
#(0 68 412359 51 3 2 0 48 257100 359592 -1 -1 -1 -1 -1)
#(0 68 412360 51 3 3 1 77 408347 359592 -1 -1 -1 -1 -1)
#(0 68 412361 67 3 2 1 68 364305 359592 -1 -1 -1 -1 -1)
#(0 68 412362 73 3 3 0 26 137551 359592 -1 -1 -1 -1 -1)
#(0 68 412363 74 3 2 0 16 84734 359592 -1 -1 -1 -1 -1)
#(0 68 412365 70 3 3 1 86 459073 359592 -1 -1 -1 -1 -1)
#(0 68 412366 59 3 1 0 66 353035 359592 -1 -1 -1 -1 -1)
#(0 68 412367 70 3 3 0 40 211419 359592 -1 -1 -1 -1 -1)
#(0 68 412368 43 3 2 0 1 8186 359592 -1 -1 -1 -1 -1)
#(0 68 412710 33 3 2 0 1 7040 359592 -1 -1 -1 -1 -1)
#(0 68 412711 42 3 1 1 57 304004 359592 -1 -1 -1 -1 -1)
#(0 68 412713 36 3 1 1 95 505049 359592 -1 -1 -1 -1 -1)
#(0 68 412714 45 3 1 0 15 81517 359592 -1 -1 -1 -1 -1)
#(0 68 412715 24 3 2 0 26 138683 359592 -1 -1 -1 -1 -1)
#(0 68 412716 47 3 3 1 62 330221 359592 -1 -1 -1 -1 -1)
#(0 68 412717 29 3 2 0 8 43813 359592 -1 -1 -1 -1 -1)
#(0 68 412719 21 3 2 1 45 241774 359592 -1 -1 -1 -1 -1)
#(0 68 412720 25 3 2 0 2 11848 359592 -1 -1 -1 -1 -1)
#(0 68 413050 21 3 0 0 12 63720 359592 -1 -1 -1 -1 -1)
#(0 68 413067 20 3 0 0 34 179859 359592 -1 -1 -1 -1 -1)
#(0 68 413068 28 3 0 0 41 216964 359592 -1 -1 -1 -1 -1)
#(0 68 413070 34 3 0 0 74 391311 359592 -1 -1 -1 -1 -1)
#(0 68 413071 20 3 0 0 19 100657 359592 -1 -1 -1 -1 -1)
#(0 68 413072 23 3 0 1 53 284729 359592 -1 -1 -1 -1 -1)
#(0 68 413073 22 3 0 1 72 385069 359592 -1 -1 -1 -1 -1)
#(0 68 413074 25 3 0 0 5 26815 359592 -1 -1 -1 -1 -1)
#(0 68 413075 27 3 0 1 87 464189 359592 -1 -1 -1 -1 -1)
#(0 68 413076 20 3 0 0 26 137605 359592 -1 -1 -1 -1 -1)
#(0 68 413077 28 3 0 0 20 106065 359592 -1 -1 -1 -1 -1)
#(0 68 413078 27 3 0 0 7 37406 359592 -1 -1 -1 -1 -1)
#(0 68 413079 20 3 0 1 80 427353 359592 -1 -1 -1 -1 -1)
#(0 68 413081 28 3 0 1 54 289948 359592 -1 -1 -1 -1 -1)
#(0 69 224 70 0 2 0 33 174683 -1 -1 -1 -1 -1 -1)
#(0 69 225 70 0 2 1 89 474990 -1 -1 -1 -1 -1 -1)
#(0 69 226 56 0 2 0 28 152014 -1 -1 -1 -1 -1 -1)
#(0 69 227 49 0 1 1 59 313420 -1 -1 -1 -1 -1 -1)
#(0 69 228 67 0 2 0 7 41870 -1 -1 -1 -1 -1 -1)
#(0 69 229 42 0 2 1 80 424818 -1 -1 -1 -1 -1 -1)
#(0 69 231 63 0 4 0 41 221354 -1 -1 -1 -1 -1 -1)
#(0 69 232 48 0 3 0 45 240954 -1 -1 -1 -1 -1 -1)
#(0 69 234 59 0 2 1 54 285897 -1 -1 -1 -1 -1 -1)
#(0 69 235 50 0 1 1 96 508519 -1 -1 -1 -1 -1 -1)
#(0 69 236 75 0 2 1 83 442902 -1 -1 -1 -1 -1 -1)
#(0 69 238 57 0 2 0 26 141432 -1 -1 -1 -1 -1 -1)
#(0 69 594 33 0 2 1 45 241141 -1 -1 -1 -1 -1 -1)
#(0 69 595 36 0 3 0 21 112753 -1 -1 -1 -1 -1 -1)
#(0 69 602 43 0 3 0 42 224010 -1 -1 -1 -1 -1 -1)
#(0 69 603 28 0 2 0 53 281352 -1 -1 -1 -1 -1 -1)
#(0 69 604 44 0 1 1 61 325098 -1 -1 -1 -1 -1 -1)
#(0 69 605 34 0 1 0 55 292321 -1 -1 -1 -1 -1 -1)
#(0 69 606 46 0 1 0 72 382632 -1 -1 -1 -1 -1 -1)
#(0 69 607 27 0 2 0 0 1372 -1 -1 -1 -1 -1 -1)
#(0 69 608 25 0 2 1 91 484400 -1 -1 -1 -1 -1 -1)
#(0 69 609 38 0 3 0 78 413794 -1 -1 -1 -1 -1 -1)
#(0 69 610 32 0 2 1 41 220135 -1 -1 -1 -1 -1 -1)
#(0 69 611 33 0 3 0 14 75675 -1 -1 -1 -1 -1 -1)
#(0 69 972 24 0 0 1 45 242468 -1 -1 -1 -1 -1 -1)
#(0 69 973 22 0 0 1 63 337544 -1 -1 -1 -1 -1 -1)
#(0 69 974 30 0 0 1 42 226514 -1 -1 -1 -1 -1 -1)
#(0 69 975 31 0 0 1 99 527476 -1 -1 -1 -1 -1 -1)
#(0 69 976 23 0 0 1 96 511781 -1 -1 -1 -1 -1 -1)
#(0 69 977 27 0 0 0 5 26846 -1 -1 -1 -1 -1 -1)
#(0 69 978 26 0 0 1 30 163252 -1 -1 -1 -1 -1 -1)
#(0 69 979 32 0 0 1 88 469390 -1 -1 -1 -1 -1 -1)
#(0 69 980 29 0 0 1 65 347998 -1 -1 -1 -1 -1 -1)
#(0 69 981 27 0 0 0 9 47966 -1 -1 -1 -1 -1 -1)
#(0 69 982 27 0 0 0 27 143005 -1 -1 -1 -1 -1 -1)
#(0 69 984 27 0 0 0 26 137719 -1 -1 -1 -1 -1 -1)
#(0 69 985 32 0 0 0 21 111395 -1 -1 -1 -1 -1 -1)
#(0 69 986 28 0 0 0 1 5732 -1 -1 -1 -1 -1 -1)
#(0 69 137729 53 1 2 1 71 376869 119626 -1 -1 -1 -1 -1)
#(0 69 137730 55 1 1 0 14 77941 119626 -1 -1 -1 -1 -1)
#(0 69 137731 51 1 2 1 52 276177 119626 -1 -1 -1 -1 -1)
#(0 69 137732 65 1 3 1 64 338750 119626 -1 -1 -1 -1 -1)
#(0 69 137733 70 1 2 1 84 448600 119626 -1 -1 -1 -1 -1)
#(0 69 137734 57 1 2 0 24 130937 119626 -1 -1 -1 -1 -1)
#(0 69 137735 65 1 2 1 66 348989 119626 -1 -1 -1 -1 -1)
#(0 69 137736 70 1 3 1 49 263695 119626 -1 -1 -1 -1 -1)
#(0 69 137737 67 1 3 0 22 116198 119626 -1 -1 -1 -1 -1)
#(0 69 137738 64 1 1 0 26 142033 119626 -1 -1 -1 -1 -1)
#(0 69 138076 31 1 2 0 32 170581 119626 -1 -1 -1 -1 -1)
#(0 69 138083 28 1 2 1 95 505306 119626 -1 -1 -1 -1 -1)
#(0 69 138084 43 1 1 0 8 44538 119626 -1 -1 -1 -1 -1)
#(0 69 138085 39 1 2 0 31 165727 119626 -1 -1 -1 -1 -1)
#(0 69 138086 38 1 1 1 52 277875 119626 -1 -1 -1 -1 -1)
#(0 69 138087 38 1 1 1 59 314816 119626 -1 -1 -1 -1 -1)
#(0 69 138090 47 1 3 1 51 272102 119626 -1 -1 -1 -1 -1)
#(0 69 138091 20 1 3 0 22 117197 119626 -1 -1 -1 -1 -1)
#(0 69 138092 34 1 2 0 18 96798 119626 -1 -1 -1 -1 -1)
#(0 69 138093 26 1 2 1 92 489716 119626 -1 -1 -1 -1 -1)
#(0 69 138094 22 1 2 0 15 80350 119626 -1 -1 -1 -1 -1)
#(0 69 138435 28 1 0 1 88 469436 119626 -1 -1 -1 -1 -1)
#(0 69 138436 23 1 0 0 61 322470 119626 -1 -1 -1 -1 -1)
#(0 69 138437 20 1 0 1 59 316467 119626 -1 -1 -1 -1 -1)
#(0 69 138438 23 1 0 0 30 158779 119626 -1 -1 -1 -1 -1)
#(0 69 138439 27 1 0 1 89 474751 119626 -1 -1 -1 -1 -1)
#(0 69 138440 34 1 0 0 35 185368 119626 -1 -1 -1 -1 -1)
#(0 69 138441 30 1 0 0 39 206425 119626 -1 -1 -1 -1 -1)
#(0 69 138442 23 1 0 1 40 216106 119626 -1 -1 -1 -1 -1)
#(0 69 138443 25 1 0 1 73 390319 119626 -1 -1 -1 -1 -1)
#(0 69 275254 43 2 2 0 27 145457 239253 -1 -1 -1 -1 -1)
#(0 69 275255 54 2 1 0 46 246747 239253 -1 -1 -1 -1 -1)
#(0 69 275257 51 2 3 1 61 324086 239253 -1 -1 -1 -1 -1)
#(0 69 275258 62 2 3 1 87 459980 239253 -1 -1 -1 -1 -1)
#(0 69 275259 64 2 2 1 83 438449 239253 -1 -1 -1 -1 -1)
#(0 69 275260 64 2 3 1 88 465651 239253 -1 -1 -1 -1 -1)
#(0 69 275261 55 2 1 0 13 72654 239253 -1 -1 -1 -1 -1)
#(0 69 275262 55 2 1 1 24 127972 239253 -1 -1 -1 -1 -1)
#(0 69 275263 47 2 2 0 18 98505 239253 -1 -1 -1 -1 -1)
#(0 69 275264 55 2 2 1 71 376240 239253 -1 -1 -1 -1 -1)
#(0 69 275265 64 2 2 0 50 269004 239253 -1 -1 -1 -1 -1)
#(0 69 275266 55 2 2 0 55 294402 239253 -1 -1 -1 -1 -1)
#(0 69 275267 74 2 2 0 22 116630 239253 -1 -1 -1 -1 -1)
#(0 69 275629 27 2 2 1 72 384066 239253 -1 -1 -1 -1 -1)
#(0 69 275644 47 2 1 1 66 351230 239253 -1 -1 -1 -1 -1)
#(0 69 275645 35 2 3 1 54 288573 239253 -1 -1 -1 -1 -1)
#(0 69 275646 40 2 1 1 88 467845 239253 -1 -1 -1 -1 -1)
#(0 69 275647 34 2 2 1 96 510401 239253 -1 -1 -1 -1 -1)
#(0 69 275648 44 2 2 1 35 187819 239253 -1 -1 -1 -1 -1)
#(0 69 275649 31 2 3 1 41 220155 239253 -1 -1 -1 -1 -1)
#(0 69 275650 36 2 1 1 81 431037 239253 -1 -1 -1 -1 -1)
#(0 69 275651 33 2 2 0 1 7025 239253 -1 -1 -1 -1 -1)
#(0 69 275653 39 2 1 1 40 214442 239253 -1 -1 -1 -1 -1)
#(0 69 275654 22 2 2 1 93 495193 239253 -1 -1 -1 -1 -1)
#(0 69 276006 31 2 0 0 8 42776 239253 -1 -1 -1 -1 -1)
#(0 69 276007 32 2 0 1 72 384896 239253 -1 -1 -1 -1 -1)
#(0 69 276008 25 2 0 1 89 474785 239253 -1 -1 -1 -1 -1)
#(0 69 276009 27 2 0 1 18 99868 239253 -1 -1 -1 -1 -1)
#(0 69 276010 28 2 0 1 92 490569 239253 -1 -1 -1 -1 -1)
#(0 69 276011 28 2 0 1 46 247691 239253 -1 -1 -1 -1 -1)
#(0 69 276012 20 2 0 1 78 416798 239253 -1 -1 -1 -1 -1)
#(0 69 276013 25 2 0 1 33 179113 239253 -1 -1 -1 -1 -1)
#(0 69 276014 32 2 0 0 3 16363 239253 -1 -1 -1 -1 -1)
#(0 69 412364 70 3 1 1 68 364308 359592 -1 -1 -1 -1 -1)
#(0 69 412369 59 3 1 0 22 120455 359592 -1 -1 -1 -1 -1)
#(0 69 412370 57 3 1 0 6 35838 359592 -1 -1 -1 -1 -1)
#(0 69 412371 67 3 2 0 20 110385 359592 -1 -1 -1 -1 -1)
#(0 69 412372 55 3 2 1 47 249468 359592 -1 -1 -1 -1 -1)
#(0 69 412373 67 3 3 0 8 47285 359592 -1 -1 -1 -1 -1)
#(0 69 412374 51 3 3 1 89 471490 359592 -1 -1 -1 -1 -1)
#(0 69 412375 62 3 3 0 27 147219 359592 -1 -1 -1 -1 -1)
#(0 69 412376 55 3 1 0 32 173015 359592 -1 -1 -1 -1 -1)
#(0 69 412377 59 3 1 1 44 233251 359592 -1 -1 -1 -1 -1)
#(0 69 412378 62 3 2 1 46 243519 359592 -1 -1 -1 -1 -1)
#(0 69 412379 74 3 2 0 12 63773 359592 -1 -1 -1 -1 -1)
#(0 69 412380 56 3 2 1 53 281219 359592 -1 -1 -1 -1 -1)
#(0 69 412381 70 3 2 0 5 26668 359592 -1 -1 -1 -1 -1)
#(0 69 412712 35 3 2 1 57 304478 359592 -1 -1 -1 -1 -1)
#(0 69 412721 29 3 2 0 58 307893 359592 -1 -1 -1 -1 -1)
#(0 69 412722 20 3 2 0 1 6321 359592 -1 -1 -1 -1 -1)
#(0 69 412723 50 3 1 0 18 97671 359592 -1 -1 -1 -1 -1)
#(0 69 412724 40 3 3 0 20 107665 359592 -1 -1 -1 -1 -1)
#(0 69 412725 26 3 2 0 15 80545 359592 -1 -1 -1 -1 -1)
#(0 69 412726 49 3 2 1 83 440985 359592 -1 -1 -1 -1 -1)
#(0 69 412727 31 3 2 0 12 64965 359592 -1 -1 -1 -1 -1)
#(0 69 412729 25 3 2 1 65 347106 359592 -1 -1 -1 -1 -1)
#(0 69 413064 25 3 0 1 85 453654 359592 -1 -1 -1 -1 -1)
#(0 69 413069 22 3 0 0 45 237979 359592 -1 -1 -1 -1 -1)
#(0 69 413080 26 3 0 0 41 216916 359592 -1 -1 -1 -1 -1)
#(0 69 413082 20 3 0 0 60 317139 359592 -1 -1 -1 -1 -1)
#(0 69 413083 23 3 0 0 6 32070 359592 -1 -1 -1 -1 -1)
#(0 69 413084 23 3 0 0 28 148226 359592 -1 -1 -1 -1 -1)
#(0 69 413085 28 3 0 1 94 501122 359592 -1 -1 -1 -1 -1)
#(0 69 413086 23 3 0 0 57 301345 359592 -1 -1 -1 -1 -1)
#(0 69 413087 32 3 0 1 91 485232 359592 -1 -1 -1 -1 -1)
#(0 69 413088 23 3 0 1 44 237223 359592 -1 -1 -1 -1 -1)
#(0 69 413089 29 3 0 1 48 258237 359592 -1 -1 -1 -1 -1)
#(0 69 413090 32 3 0 1 74 395470 359592 -1 -1 -1 -1 -1)
#(0 69 413092 27 3 0 1 56 300522 359592 -1 -1 -1 -1 -1)
#(0 69 413093 28 3 0 1 86 458910 359592 -1 -1 -1 -1 -1)
#(0 70 230 67 0 3 1 97 512871 -1 -1 -1 -1 -1 -1)
#(0 70 239 64 0 2 1 85 449094 -1 -1 -1 -1 -1 -1)
#(0 70 240 51 0 2 0 51 273023 -1 -1 -1 -1 -1 -1)
#(0 70 241 51 0 3 0 27 146184 -1 -1 -1 -1 -1 -1)
#(0 70 242 59 0 3 0 2 14908 -1 -1 -1 -1 -1 -1)
#(0 70 243 62 0 3 0 12 68079 -1 -1 -1 -1 -1 -1)
#(0 70 244 57 0 2 1 98 518254 -1 -1 -1 -1 -1 -1)
#(0 70 245 62 0 2 0 24 131476 -1 -1 -1 -1 -1 -1)
#(0 70 246 43 0 2 1 57 303321 -1 -1 -1 -1 -1 -1)
#(0 70 247 51 0 2 1 78 413476 -1 -1 -1 -1 -1 -1)
#(0 70 248 61 0 2 1 94 497815 -1 -1 -1 -1 -1 -1)
#(0 70 612 28 0 2 1 73 389268 -1 -1 -1 -1 -1 -1)
#(0 70 613 46 0 1 0 33 176659 -1 -1 -1 -1 -1 -1)
#(0 70 614 22 0 3 0 56 296838 -1 -1 -1 -1 -1 -1)
#(0 70 615 42 0 1 1 86 457200 -1 -1 -1 -1 -1 -1)
#(0 70 616 37 0 2 0 29 155061 -1 -1 -1 -1 -1 -1)
#(0 70 617 20 0 2 0 11 59119 -1 -1 -1 -1 -1 -1)
#(0 70 618 27 0 2 1 57 304851 -1 -1 -1 -1 -1 -1)
#(0 70 619 20 0 3 1 83 442490 -1 -1 -1 -1 -1 -1)
#(0 70 620 27 0 2 1 72 383982 -1 -1 -1 -1 -1 -1)
#(0 70 621 54 0 3 0 58 309030 -1 -1 -1 -1 -1 -1)
#(2 70 627 -1 -1 -1 -1 -1 -1 13 -1 -1 -1 -1 -1)
#(0 70 958 24 0 0 1 75 400858 -1 -1 -1 -1 -1 -1)
#(0 70 983 25 0 0 1 42 226625 -1 -1 -1 -1 -1 -1)
#(0 70 987 32 0 0 0 31 164232 -1 -1 -1 -1 -1 -1)
#(0 70 988 25 0 0 1 91 485329 -1 -1 -1 -1 -1 -1)
#(0 70 990 26 0 0 0 28 148278 -1 -1 -1 -1 -1 -1)
#(0 70 991 28 0 0 1 74 395523 -1 -1 -1 -1 -1 -1)
#(0 70 992 26 0 0 0 10 53237 -1 -1 -1 -1 -1 -1)
#(0 70 994 34 0 0 1 87 464080 -1 -1 -1 -1 -1 -1)
#(0 70 995 32 0 0 1 88 469397 -1 -1 -1 -1 -1 -1)
#(0 70 996 28 0 0 0 12 63812 -1 -1 -1 -1 -1 -1)
#(0 70 997 30 0 0 1 65 347992 -1 -1 -1 -1 -1 -1)
#(0 70 998 28 0 0 1 48 258268 -1 -1 -1 -1 -1 -1)
#(0 70 137739 62 1 2 1 98 517913 119626 -1 -1 -1 -1 -1)
#(0 70 137741 62 1 1 0 13 73399 119626 -1 -1 -1 -1 -1)
#(0 70 137742 44 1 2 0 56 298641 119626 -1 -1 -1 -1 -1)
#(0 70 137743 44 1 3 0 36 193025 119626 -1 -1 -1 -1 -1)
#(0 70 137744 62 1 1 0 47 252875 119626 -1 -1 -1 -1 -1)
#(0 70 137745 69 1 1 1 94 501599 119626 -1 -1 -1 -1 -1)
#(0 70 137746 51 1 1 0 62 331014 119626 -1 -1 -1 -1 -1)
#(0 70 137748 67 1 2 0 1 10553 119626 -1 -1 -1 -1 -1)
#(0 70 137749 42 1 2 0 15 82048 119626 -1 -1 -1 -1 -1)
#(0 70 137750 44 1 2 1 45 239938 119626 -1 -1 -1 -1 -1)
#(0 70 138088 36 1 2 1 52 277961 119626 -1 -1 -1 -1 -1)
#(0 70 138089 25 1 2 1 70 373569 119626 -1 -1 -1 -1 -1)
#(0 70 138095 43 1 1 0 9 49772 119626 -1 -1 -1 -1 -1)
#(0 70 138096 31 1 2 1 77 410225 119626 -1 -1 -1 -1 -1)
#(0 70 138097 28 1 2 0 41 217916 119626 -1 -1 -1 -1 -1)
#(0 70 138098 33 1 2 1 72 383706 119626 -1 -1 -1 -1 -1)
#(0 70 138099 40 1 2 0 66 350565 119626 -1 -1 -1 -1 -1)
#(0 70 138100 33 1 1 1 60 320380 119626 -1 -1 -1 -1 -1)
#(0 70 138101 30 1 2 0 20 107134 119626 -1 -1 -1 -1 -1)
#(0 70 138102 28 1 2 0 8 43663 119626 -1 -1 -1 -1 -1)
#(0 70 138103 27 1 2 1 32 172832 119626 -1 -1 -1 -1 -1)
#(0 70 138104 22 1 2 0 10 53934 119626 -1 -1 -1 -1 -1)
#(0 70 138105 20 1 2 0 6 32708 119626 -1 -1 -1 -1 -1)
#(0 70 138106 34 1 1 0 0 1833 119626 -1 -1 -1 -1 -1)
#(0 70 138107 26 1 2 1 38 204596 119626 -1 -1 -1 -1 -1)
#(0 70 138108 33 1 2 0 7 38680 119626 -1 -1 -1 -1 -1)
#(0 70 138444 21 1 0 0 25 132363 119626 -1 -1 -1 -1 -1)
#(0 70 138445 21 1 0 1 64 342857 119626 -1 -1 -1 -1 -1)
#(0 70 138446 26 1 0 0 42 222189 119626 -1 -1 -1 -1 -1)
#(0 70 138447 22 1 0 0 24 127083 119626 -1 -1 -1 -1 -1)
#(0 70 138448 26 1 0 0 60 317222 119626 -1 -1 -1 -1 -1)
#(0 70 138449 26 1 0 0 34 179945 119626 -1 -1 -1 -1 -1)
#(0 70 138450 26 1 0 0 41 216908 119626 -1 -1 -1 -1 -1)
#(0 70 138451 32 1 0 1 95 506365 119626 -1 -1 -1 -1 -1)
#(0 70 275256 63 2 2 1 89 470702 239253 -1 -1 -1 -1 -1)
#(0 70 275268 75 2 2 1 79 421608 239253 -1 -1 -1 -1 -1)
#(0 70 275269 52 2 2 1 48 255382 239253 -1 -1 -1 -1 -1)
#(0 70 275270 57 2 2 1 57 301899 239253 -1 -1 -1 -1 -1)
#(0 70 275271 57 2 2 0 38 204954 239253 -1 -1 -1 -1 -1)
#(0 70 275272 60 2 1 0 20 109859 239253 -1 -1 -1 -1 -1)
#(0 70 275273 49 2 1 1 88 466311 239253 -1 -1 -1 -1 -1)
#(0 70 275274 51 2 2 1 98 519089 239253 -1 -1 -1 -1 -1)
#(0 70 275275 51 2 2 1 58 307827 239253 -1 -1 -1 -1 -1)
#(0 70 275276 44 2 1 0 56 298612 239253 -1 -1 -1 -1 -1)
#(0 70 275277 62 2 2 0 2 15110 239253 -1 -1 -1 -1 -1)
#(0 70 275278 57 2 3 0 0 4351 239253 -1 -1 -1 -1 -1)
#(0 70 275279 44 2 2 1 63 334948 239253 -1 -1 -1 -1 -1)
#(0 70 275280 55 2 3 0 25 135996 239253 -1 -1 -1 -1 -1)
#(0 70 275281 63 2 2 1 73 386020 239253 -1 -1 -1 -1 -1)
#(0 70 275282 53 2 2 0 22 119681 239253 -1 -1 -1 -1 -1)
#(0 70 275652 27 2 2 1 88 468524 239253 -1 -1 -1 -1 -1)
#(0 70 275655 38 2 1 0 6 33655 239253 -1 -1 -1 -1 -1)
#(0 70 275656 28 2 2 0 14 75383 239253 -1 -1 -1 -1 -1)
#(0 70 275657 45 2 1 1 50 266906 239253 -1 -1 -1 -1 -1)
#(0 70 275658 21 2 2 1 54 289351 239253 -1 -1 -1 -1 -1)
#(0 70 275659 36 2 1 0 12 65271 239253 -1 -1 -1 -1 -1)
#(0 70 275660 29 2 2 0 4 22625 239253 -1 -1 -1 -1 -1)
#(0 70 275661 39 2 3 1 89 473166 239253 -1 -1 -1 -1 -1)
#(0 70 275662 26 2 2 1 86 458016 239253 -1 -1 -1 -1 -1)
#(0 70 275663 37 2 3 0 28 149736 239253 -1 -1 -1 -1 -1)
#(0 70 276015 20 2 0 1 89 474884 239253 -1 -1 -1 -1 -1)
#(0 70 276016 23 2 0 0 18 95435 239253 -1 -1 -1 -1 -1)
#(0 70 276017 25 2 0 0 17 90180 239253 -1 -1 -1 -1 -1)
#(0 70 276018 28 2 0 1 50 268816 239253 -1 -1 -1 -1 -1)
#(0 70 276019 30 2 0 1 66 353255 239253 -1 -1 -1 -1 -1)
#(0 70 276020 20 2 0 1 47 253119 239253 -1 -1 -1 -1 -1)
#(0 70 276021 29 2 0 0 49 259194 239253 -1 -1 -1 -1 -1)
#(0 70 412382 59 3 3 1 40 211930 359592 -1 -1 -1 -1 -1)
#(0 70 412383 57 3 2 0 20 109696 359592 -1 -1 -1 -1 -1)
#(0 70 412385 70 3 2 1 87 464319 359592 -1 -1 -1 -1 -1)
#(0 70 412386 67 3 2 0 7 41736 359592 -1 -1 -1 -1 -1)
#(0 70 412387 51 3 2 1 34 181155 359592 -1 -1 -1 -1 -1)
#(0 70 412388 44 3 3 1 41 218796 359592 -1 -1 -1 -1 -1)
#(0 70 412389 75 3 2 0 42 222356 359592 -1 -1 -1 -1 -1)
#(0 70 412390 55 3 2 0 1 8660 359592 -1 -1 -1 -1 -1)
#(0 70 412730 25 3 2 0 2 11849 359592 -1 -1 -1 -1 -1)
#(0 70 412731 26 3 2 1 99 526651 359592 -1 -1 -1 -1 -1)
#(0 70 412732 28 3 2 0 47 249573 359592 -1 -1 -1 -1 -1)
#(0 70 412733 30 3 2 1 98 521173 359592 -1 -1 -1 -1 -1)
#(0 70 412734 23 3 2 0 43 228256 359592 -1 -1 -1 -1 -1)
#(0 70 412735 37 3 2 0 18 96926 359592 -1 -1 -1 -1 -1)
#(0 70 412736 23 3 2 0 27 143802 359592 -1 -1 -1 -1 -1)
#(0 70 412737 46 3 1 1 80 425271 359592 -1 -1 -1 -1 -1)
#(0 70 412738 22 3 2 1 45 241727 359592 -1 -1 -1 -1 -1)
#(0 70 412739 27 3 1 1 63 336428 359592 -1 -1 -1 -1 -1)
#(0 70 413091 27 3 0 1 94 501152 359592 -1 -1 -1 -1 -1)
#(0 70 413094 27 3 0 0 59 311978 359592 -1 -1 -1 -1 -1)
#(0 70 413095 20 3 0 1 62 332299 359592 -1 -1 -1 -1 -1)
#(0 70 413096 30 3 0 0 68 359566 359592 -1 -1 -1 -1 -1)
#(0 70 413097 31 3 0 0 8 42773 359592 -1 -1 -1 -1 -1)
#(0 70 413098 26 3 0 0 14 74359 359592 -1 -1 -1 -1 -1)
#(0 70 413099 29 3 0 0 17 90248 359592 -1 -1 -1 -1 -1)
#(0 70 413100 32 3 0 0 76 401808 359592 -1 -1 -1 -1 -1)
#(0 70 413101 27 3 0 1 60 321646 359592 -1 -1 -1 -1 -1)
#(0 70 413102 32 3 0 1 97 516918 359592 -1 -1 -1 -1 -1)
#(0 70 413104 27 3 0 1 26 142121 359592 -1 -1 -1 -1 -1)
#(0 70 413105 32 3 0 1 63 337405 359592 -1 -1 -1 -1 -1)
#(0 71 233 54 0 3 1 97 513645 -1 -1 -1 -1 -1 -1)
#(0 71 237 50 0 3 0 45 241005 -1 -1 -1 -1 -1 -1)
#(2 71 237 -1 -1 -1 -1 -1 -1 22 -1 -1 -1 -1 -1)
#(2 71 242 -1 -1 -1 -1 -1 -1 23 -1 -1 -1 -1 -1)
#(0 71 249 44 0 2 0 2 13492 -1 -1 -1 -1 -1 -1)
#(0 71 250 51 0 2 0 58 309905 -1 -1 -1 -1 -1 -1)
#(0 71 251 75 0 2 1 42 226084 -1 -1 -1 -1 -1 -1)
#(0 71 252 61 0 2 0 16 89173 -1 -1 -1 -1 -1 -1)
#(0 71 253 51 0 1 0 38 204289 -1 -1 -1 -1 -1 -1)
#(0 71 255 71 0 3 1 85 449121 -1 -1 -1 -1 -1 -1)
#(0 71 256 60 0 4 0 61 326661 -1 -1 -1 -1 -1 -1)
#(0 71 257 64 0 1 1 69 364808 -1 -1 -1 -1 -1 -1)
#(0 71 258 62 0 2 0 28 152403 -1 -1 -1 -1 -1 -1)
#(0 71 259 70 0 3 1 72 385130 -1 -1 -1 -1 -1 -1)
#(0 71 260 51 0 2 1 60 318400 -1 -1 -1 -1 -1 -1)
#(0 71 261 64 0 1 0 22 121042 -1 -1 -1 -1 -1 -1)
#(0 71 262 59 0 2 1 90 476001 -1 -1 -1 -1 -1 -1)
#(0 71 263 50 0 2 0 8 45510 -1 -1 -1 -1 -1 -1)
#(0 71 264 55 0 2 1 76 402593 -1 -1 -1 -1 -1 -1)
#(0 71 265 51 0 1 0 13 72272 -1 -1 -1 -1 -1 -1)
#(0 71 266 57 0 2 0 3 19991 -1 -1 -1 -1 -1 -1)
#(0 71 267 75 0 2 1 60 321466 -1 -1 -1 -1 -1 -1)
#(0 71 268 44 0 3 0 50 266936 -1 -1 -1 -1 -1 -1)
#(0 71 622 40 0 3 1 76 404405 -1 -1 -1 -1 -1 -1)
#(0 71 623 31 0 3 0 40 212954 -1 -1 -1 -1 -1 -1)
#(0 71 624 31 0 2 1 95 505257 -1 -1 -1 -1 -1 -1)
#(0 71 625 38 0 3 0 75 397940 -1 -1 -1 -1 -1 -1)
#(0 71 626 27 0 2 0 51 270664 -1 -1 -1 -1 -1 -1)
#(0 71 627 36 0 3 0 1 7295 -1 -1 -1 -1 -1 -1)
#(0 71 628 50 0 1 0 37 197919 -1 -1 -1 -1 -1 -1)
#(0 71 629 20 0 3 0 15 80225 -1 -1 -1 -1 -1 -1)
#(0 71 630 36 0 1 0 27 144479 -1 -1 -1 -1 -1 -1)
#(0 71 989 25 0 0 1 75 400856 -1 -1 -1 -1 -1 -1)
#(0 71 993 26 0 0 1 91 485332 -1 -1 -1 -1 -1 -1)
#(0 71 999 25 0 0 1 99 527577 -1 -1 -1 -1 -1 -1)
#(0 71 1001 30 0 0 1 83 443002 -1 -1 -1 -1 -1 -1)
#(0 71 1002 25 0 0 1 87 464241 -1 -1 -1 -1 -1 -1)
#(0 71 1003 25 0 0 0 65 343618 -1 -1 -1 -1 -1 -1)
#(0 71 1004 25 0 0 0 51 269692 -1 -1 -1 -1 -1 -1)
#(0 71 1005 32 0 0 0 14 74457 -1 -1 -1 -1 -1 -1)
#(0 71 1006 25 0 0 1 21 115755 -1 -1 -1 -1 -1 -1)
#(0 71 1007 34 0 0 0 18 95609 -1 -1 -1 -1 -1 -1)
#(0 71 1008 30 0 0 1 95 506389 -1 -1 -1 -1 -1 -1)
#(0 71 1009 32 0 0 0 77 407081 -1 -1 -1 -1 -1 -1)
#(0 71 137740 60 1 2 1 71 376492 119626 -1 -1 -1 -1 -1)
#(0 71 137751 75 1 3 1 82 437701 119626 -1 -1 -1 -1 -1)
#(0 71 137752 62 1 3 0 4 25817 119626 -1 -1 -1 -1 -1)
#(0 71 137753 51 1 2 0 65 346891 119626 -1 -1 -1 -1 -1)
#(0 71 137755 52 1 2 0 7 40412 119626 -1 -1 -1 -1 -1)
#(0 71 137756 67 1 2 1 91 480557 119626 -1 -1 -1 -1 -1)
#(0 71 137757 59 1 2 1 98 518278 119626 -1 -1 -1 -1 -1)
#(0 71 137759 67 1 2 1 57 301072 119626 -1 -1 -1 -1 -1)
#(0 71 137760 75 1 3 1 33 178714 119626 -1 -1 -1 -1 -1)
#(0 71 137761 62 1 2 1 74 391330 119626 -1 -1 -1 -1 -1)
#(0 71 137762 70 1 2 1 87 464545 119626 -1 -1 -1 -1 -1)
#(0 71 138109 20 1 2 1 78 416063 119626 -1 -1 -1 -1 -1)
#(0 71 138110 22 1 2 0 10 53937 119626 -1 -1 -1 -1 -1)
#(0 71 138111 42 1 1 1 93 494066 119626 -1 -1 -1 -1 -1)
#(0 71 138112 34 1 2 1 35 188316 119626 -1 -1 -1 -1 -1)
#(0 71 138113 26 1 3 0 1 6596 119626 -1 -1 -1 -1 -1)
#(0 71 138114 32 1 2 0 35 186460 119626 -1 -1 -1 -1 -1)
#(0 71 138115 45 1 1 0 14 76265 119626 -1 -1 -1 -1 -1)
#(0 71 138116 28 1 2 0 2 11996 119626 -1 -1 -1 -1 -1)
#(0 71 138117 39 1 1 0 31 165756 119626 -1 -1 -1 -1 -1)
#(0 71 138118 28 1 2 1 65 347030 119626 -1 -1 -1 -1 -1)
#(0 71 138119 42 1 3 0 4 23285 119626 -1 -1 -1 -1 -1)
#(0 71 138120 26 1 2 0 60 318144 119626 -1 -1 -1 -1 -1)
#(0 71 138121 40 1 1 0 65 345257 119626 -1 -1 -1 -1 -1)
#(0 71 138452 29 1 0 1 87 464147 119626 -1 -1 -1 -1 -1)
#(0 71 138453 20 1 0 0 8 42573 119626 -1 -1 -1 -1 -1)
#(0 71 138454 26 1 0 0 20 106045 119626 -1 -1 -1 -1 -1)
#(0 71 138455 26 1 0 0 29 153559 119626 -1 -1 -1 -1 -1)
#(0 71 138456 30 1 0 1 96 511648 119626 -1 -1 -1 -1 -1)
#(0 71 138457 26 1 0 0 0 416 119626 -1 -1 -1 -1 -1)
#(0 71 138458 32 1 0 0 4 21643 119626 -1 -1 -1 -1 -1)
#(0 71 138459 26 1 0 1 28 152698 119626 -1 -1 -1 -1 -1)
#(0 71 138460 23 1 0 1 85 453711 119626 -1 -1 -1 -1 -1)
#(0 71 138461 20 1 0 0 55 290718 119626 -1 -1 -1 -1 -1)
#(0 71 275283 55 2 3 0 1 9316 239253 -1 -1 -1 -1 -1)
#(0 71 275284 51 2 1 1 85 450417 239253 -1 -1 -1 -1 -1)
#(0 71 275285 54 2 3 1 62 328569 239253 -1 -1 -1 -1 -1)
#(0 71 275286 47 2 1 1 65 345354 239253 -1 -1 -1 -1 -1)
#(0 71 275287 57 2 2 1 69 365295 239253 -1 -1 -1 -1 -1)
#(0 71 275288 60 2 3 1 79 417976 239253 -1 -1 -1 -1 -1)
#(0 71 275289 64 2 2 0 10 57514 239253 -1 -1 -1 -1 -1)
#(0 71 275290 75 2 3 0 12 63650 239253 -1 -1 -1 -1 -1)
#(0 71 275291 56 2 3 1 84 444801 239253 -1 -1 -1 -1 -1)
#(0 71 275292 51 2 2 0 16 88145 239253 -1 -1 -1 -1 -1)
#(0 71 275293 55 2 1 1 43 228318 239253 -1 -1 -1 -1 -1)
#(0 71 275294 62 2 3 0 3 20444 239253 -1 -1 -1 -1 -1)
#(0 71 275295 51 2 1 1 70 371301 239253 -1 -1 -1 -1 -1)
#(0 71 275296 55 2 2 0 64 341917 239253 -1 -1 -1 -1 -1)
#(0 71 275297 47 2 2 0 8 45489 239253 -1 -1 -1 -1 -1)
#(0 71 275664 33 2 3 1 41 220045 239253 -1 -1 -1 -1 -1)
#(0 71 275665 20 2 2 1 71 379112 239253 -1 -1 -1 -1 -1)
#(0 71 275666 33 2 2 1 53 283393 239253 -1 -1 -1 -1 -1)
#(0 71 275667 26 2 2 1 32 172908 239253 -1 -1 -1 -1 -1)
#(0 71 275668 31 2 2 0 27 144182 239253 -1 -1 -1 -1 -1)
#(0 71 275669 46 2 1 0 8 44707 239253 -1 -1 -1 -1 -1)
#(0 71 275670 20 2 2 1 72 384416 239253 -1 -1 -1 -1 -1)
#(0 71 275671 35 2 3 0 9 49345 239253 -1 -1 -1 -1 -1)
#(0 71 275672 40 2 2 1 61 325299 239253 -1 -1 -1 -1 -1)
#(0 71 275673 20 2 3 1 85 453060 239253 -1 -1 -1 -1 -1)
#(0 71 276022 30 2 0 0 62 327867 239253 -1 -1 -1 -1 -1)
#(0 71 276023 34 2 0 1 49 263423 239253 -1 -1 -1 -1 -1)
#(0 71 276024 20 2 0 0 26 137609 239253 -1 -1 -1 -1 -1)
#(0 71 276025 25 2 0 1 26 142153 239253 -1 -1 -1 -1 -1)
#(0 71 276026 32 2 0 0 39 206450 239253 -1 -1 -1 -1 -1)
#(0 71 276027 25 2 0 0 66 348878 239253 -1 -1 -1 -1 -1)
#(0 71 276028 26 2 0 0 27 142978 239253 -1 -1 -1 -1 -1)
#(0 71 276029 28 2 0 1 80 427225 239253 -1 -1 -1 -1 -1)
#(0 71 412384 61 3 2 1 89 471092 359592 -1 -1 -1 -1 -1)
#(0 71 412391 59 3 1 0 7 41173 359592 -1 -1 -1 -1 -1)
#(0 71 412392 55 3 1 0 39 210016 359592 -1 -1 -1 -1 -1)
#(0 71 412393 67 3 2 1 75 396001 359592 -1 -1 -1 -1 -1)
#(0 71 412394 62 3 3 0 33 179036 359592 -1 -1 -1 -1 -1)
#(0 71 412395 67 3 2 1 81 427693 359592 -1 -1 -1 -1 -1)
#(0 71 412396 70 3 1 1 61 327170 359592 -1 -1 -1 -1 -1)
#(0 71 412397 41 3 2 0 1 8033 359592 -1 -1 -1 -1 -1)
#(0 71 412398 59 3 2 1 92 486549 359592 -1 -1 -1 -1 -1)
#(0 71 412399 53 3 2 1 86 455230 359592 -1 -1 -1 -1 -1)
#(0 71 412400 67 3 2 0 41 221479 359592 -1 -1 -1 -1 -1)
#(0 71 412401 55 3 2 1 33 175478 359592 -1 -1 -1 -1 -1)
#(0 71 412402 55 3 1 1 66 349783 359592 -1 -1 -1 -1 -1)
#(0 71 412718 33 3 2 1 57 304548 359592 -1 -1 -1 -1 -1)
#(0 71 412728 20 3 0 0 1 6257 359592 -1 -1 -1 -1 -1)
#(0 71 412740 35 3 2 1 95 505076 359592 -1 -1 -1 -1 -1)
#(0 71 412741 31 3 2 0 37 196974 359592 -1 -1 -1 -1 -1)
#(0 71 412742 21 3 2 0 10 53857 359592 -1 -1 -1 -1 -1)
#(0 71 412743 28 3 2 1 94 499983 359592 -1 -1 -1 -1 -1)
#(0 71 412744 24 3 2 0 16 85740 359592 -1 -1 -1 -1 -1)
#(0 71 412745 43 3 1 0 38 202842 359592 -1 -1 -1 -1 -1)
#(0 71 412746 37 3 1 0 92 487675 359592 -1 -1 -1 -1 -1)
#(0 71 412747 46 3 1 0 29 155566 359592 -1 -1 -1 -1 -1)
#(0 71 412748 46 3 3 1 92 488576 359592 -1 -1 -1 -1 -1)
#(0 71 412749 50 3 1 1 79 419775 359592 -1 -1 -1 -1 -1)
#(0 71 412750 32 3 2 0 19 101964 359592 -1 -1 -1 -1 -1)
#(0 71 412751 48 3 1 0 63 335127 359592 -1 -1 -1 -1 -1)
#(0 71 413103 20 3 0 0 17 90084 359592 -1 -1 -1 -1 -1)
#(0 71 413106 31 3 0 1 74 395463 359592 -1 -1 -1 -1 -1)
#(0 71 413107 24 3 0 0 44 232717 359592 -1 -1 -1 -1 -1)
#(0 71 413108 29 3 0 0 15 79686 359592 -1 -1 -1 -1 -1)
#(0 71 413109 34 3 0 0 37 195937 359592 -1 -1 -1 -1 -1)
#(0 71 413110 26 3 0 0 2 10988 359592 -1 -1 -1 -1 -1)
#(0 71 413111 20 3 0 1 65 348157 359592 -1 -1 -1 -1 -1)
#(0 71 413112 21 3 0 0 49 259072 359592 -1 -1 -1 -1 -1)
#(0 71 413113 34 3 0 0 31 164241 359592 -1 -1 -1 -1 -1)
#(0 71 413114 26 3 0 1 72 385019 359592 -1 -1 -1 -1 -1)
#(0 71 413115 28 3 0 1 84 448349 359592 -1 -1 -1 -1 -1)
#(0 72 254 75 0 1 1 95 506704 -1 -1 -1 -1 -1 -1)
#(0 72 269 64 0 2 0 22 120951 -1 -1 -1 -1 -1 -1)
#(0 72 270 57 0 1 0 16 88627 -1 -1 -1 -1 -1 -1)
#(0 72 271 41 0 2 1 80 424850 -1 -1 -1 -1 -1 -1)
#(0 72 272 74 0 2 0 47 248643 -1 -1 -1 -1 -1 -1)
#(0 72 273 71 0 2 0 32 169263 -1 -1 -1 -1 -1 -1)
#(0 72 274 57 0 1 0 30 162666 -1 -1 -1 -1 -1 -1)
#(0 72 276 64 0 3 0 24 131467 -1 -1 -1 -1 -1 -1)
#(0 72 279 62 0 2 1 83 438788 -1 -1 -1 -1 -1 -1)
#(0 72 280 67 0 3 1 69 364873 -1 -1 -1 -1 -1 -1)
#(0 72 282 44 0 2 1 34 181869 -1 -1 -1 -1 -1 -1)
#(0 72 283 57 0 3 0 7 41208 -1 -1 -1 -1 -1 -1)
#(0 72 284 64 0 2 1 68 359457 -1 -1 -1 -1 -1 -1)
#(0 72 285 75 0 2 1 70 374845 -1 -1 -1 -1 -1 -1)
#(0 72 631 44 0 1 1 88 467647 -1 -1 -1 -1 -1 -1)
#(0 72 632 21 0 2 1 65 347421 -1 -1 -1 -1 -1 -1)
#(0 72 633 36 0 2 0 39 207942 -1 -1 -1 -1 -1 -1)
#(0 72 634 41 0 1 0 69 366466 -1 -1 -1 -1 -1 -1)
#(0 72 635 41 0 3 1 71 377979 -1 -1 -1 -1 -1 -1)
#(0 72 636 34 0 2 1 64 341436 -1 -1 -1 -1 -1 -1)
#(0 72 637 33 0 1 0 61 323822 -1 -1 -1 -1 -1 -1)
#(0 72 638 31 0 2 0 40 212959 -1 -1 -1 -1 -1 -1)
#(0 72 639 20 0 2 0 64 338950 -1 -1 -1 -1 -1 -1)
#(2 72 949 -1 -1 -1 -1 -1 -1 23 -1 -1 -1 -1 -1)
#(0 72 1000 30 0 0 1 65 347962 -1 -1 -1 -1 -1 -1)
#(0 72 1010 26 0 0 1 83 443087 -1 -1 -1 -1 -1 -1)
#(0 72 1011 29 0 0 0 29 153623 -1 -1 -1 -1 -1 -1)
#(0 72 1012 30 0 0 1 86 458833 -1 -1 -1 -1 -1 -1)
#(0 72 1013 25 0 0 1 63 337493 -1 -1 -1 -1 -1 -1)
#(0 72 1014 32 0 0 0 22 116697 -1 -1 -1 -1 -1 -1)
#(0 72 1015 26 0 0 1 57 305807 -1 -1 -1 -1 -1 -1)
#(0 72 1016 28 0 0 0 44 232791 -1 -1 -1 -1 -1 -1)
#(0 72 1017 27 0 0 0 4 21568 -1 -1 -1 -1 -1 -1)
#(0 72 1018 22 0 0 1 96 511788 -1 -1 -1 -1 -1 -1)
#(0 72 1019 26 0 0 0 30 158809 -1 -1 -1 -1 -1 -1)
#(0 72 1020 23 0 0 1 93 495954 -1 -1 -1 -1 -1 -1)
#(0 72 1021 26 0 0 0 65 343620 -1 -1 -1 -1 -1 -1)
#(0 72 137747 54 1 2 0 36 193480 119626 -1 -1 -1 -1 -1)
#(0 72 137754 61 1 1 0 1 9799 119626 -1 -1 -1 -1 -1)
#(0 72 137758 61 1 3 0 4 25794 119626 -1 -1 -1 -1 -1)
#(0 72 137763 50 1 1 1 43 228766 119626 -1 -1 -1 -1 -1)
#(0 72 137764 52 1 3 0 33 177926 119626 -1 -1 -1 -1 -1)
#(0 72 137765 68 1 2 1 63 333378 119626 -1 -1 -1 -1 -1)
#(0 72 137766 55 1 1 0 41 220435 119626 -1 -1 -1 -1 -1)
#(0 72 137767 60 1 1 1 76 402180 119626 -1 -1 -1 -1 -1)
#(0 72 137768 59 1 2 1 34 180295 119626 -1 -1 -1 -1 -1)
#(0 72 137769 62 1 3 1 47 248621 119626 -1 -1 -1 -1 -1)
#(0 72 137770 58 1 3 0 8 46645 119626 -1 -1 -1 -1 -1)
#(0 72 137771 57 1 3 0 66 352807 119626 -1 -1 -1 -1 -1)
#(0 72 137772 43 1 1 1 72 382541 119626 -1 -1 -1 -1 -1)
#(0 72 137774 55 1 2 1 37 196727 119626 -1 -1 -1 -1 -1)
#(0 72 137775 70 1 2 1 40 216274 119626 -1 -1 -1 -1 -1)
#(0 72 137777 71 1 2 0 35 185423 119626 -1 -1 -1 -1 -1)
#(0 72 137778 64 1 2 0 18 100060 119626 -1 -1 -1 -1 -1)
#(0 72 138122 39 1 3 0 14 76015 119626 -1 -1 -1 -1 -1)
#(0 72 138123 34 1 1 1 97 515560 119626 -1 -1 -1 -1 -1)
#(0 72 138124 34 1 1 0 53 281597 119626 -1 -1 -1 -1 -1)
#(0 72 138126 22 1 3 0 22 117315 119626 -1 -1 -1 -1 -1)
#(0 72 138127 21 1 2 0 55 291456 119626 -1 -1 -1 -1 -1)
#(0 72 138128 41 1 1 0 13 70747 119626 -1 -1 -1 -1 -1)
#(0 72 138129 35 1 1 1 19 103799 119626 -1 -1 -1 -1 -1)
#(0 72 138130 20 1 2 0 23 122473 119626 -1 -1 -1 -1 -1)
#(0 72 138132 35 1 3 0 89 471741 119626 -1 -1 -1 -1 -1)
#(0 72 138133 43 1 3 1 44 235351 119626 -1 -1 -1 -1 -1)
#(0 72 138134 32 1 1 0 7 38598 119626 -1 -1 -1 -1 -1)
#(0 72 138462 26 1 0 0 68 359482 119626 -1 -1 -1 -1 -1)
#(0 72 138463 28 1 0 0 5 26883 119626 -1 -1 -1 -1 -1)
#(0 72 138464 25 1 0 1 36 194942 119626 -1 -1 -1 -1 -1)
#(0 72 138465 27 1 0 0 51 269732 119626 -1 -1 -1 -1 -1)
#(0 72 138466 29 1 0 1 37 200164 119626 -1 -1 -1 -1 -1)
#(0 72 138467 31 1 0 1 56 300459 119626 -1 -1 -1 -1 -1)
#(0 72 138468 27 1 0 0 37 195800 119626 -1 -1 -1 -1 -1)
#(0 72 138469 27 1 0 0 45 238033 119626 -1 -1 -1 -1 -1)
#(0 72 275299 50 2 1 1 85 450607 239253 -1 -1 -1 -1 -1)
#(0 72 275300 64 2 2 1 78 412059 239253 -1 -1 -1 -1 -1)
#(0 72 275301 53 2 2 0 15 82750 239253 -1 -1 -1 -1 -1)
#(0 72 275302 64 2 2 1 92 485998 239253 -1 -1 -1 -1 -1)
#(0 72 275303 42 2 2 1 63 335038 239253 -1 -1 -1 -1 -1)
#(0 72 275304 62 2 2 1 82 433560 239253 -1 -1 -1 -1 -1)
#(0 72 275305 59 2 2 1 73 386407 239253 -1 -1 -1 -1 -1)
#(0 72 275307 66 2 3 0 7 42202 239253 -1 -1 -1 -1 -1)
#(0 72 275308 70 2 2 0 31 163753 239253 -1 -1 -1 -1 -1)
#(0 72 275309 75 2 3 0 40 211841 239253 -1 -1 -1 -1 -1)
#(0 72 275310 53 2 3 0 19 103746 239253 -1 -1 -1 -1 -1)
#(0 72 275311 72 2 2 1 98 518160 239253 -1 -1 -1 -1 -1)
#(0 72 275313 44 2 2 0 58 309207 239253 -1 -1 -1 -1 -1)
#(0 72 275314 55 2 2 1 36 191321 239253 -1 -1 -1 -1 -1)
#(0 72 275315 67 2 2 1 44 232482 239253 -1 -1 -1 -1 -1)
#(0 72 275674 39 2 2 1 21 114096 239253 -1 -1 -1 -1 -1)
#(0 72 275675 32 2 2 1 82 436598 239253 -1 -1 -1 -1 -1)
#(0 72 275676 21 2 2 0 14 74975 239253 -1 -1 -1 -1 -1)
#(0 72 275677 26 2 2 1 88 468600 239253 -1 -1 -1 -1 -1)
#(0 72 275678 52 2 1 0 38 203351 239253 -1 -1 -1 -1 -1)
#(0 72 275679 50 2 3 1 68 361686 239253 -1 -1 -1 -1 -1)
#(0 72 275680 34 2 2 0 12 65095 239253 -1 -1 -1 -1 -1)
#(0 72 275681 37 2 3 0 42 223700 239253 -1 -1 -1 -1 -1)
#(0 72 276030 27 2 0 1 99 527534 239253 -1 -1 -1 -1 -1)
#(0 72 276031 34 2 0 0 2 11127 239253 -1 -1 -1 -1 -1)
#(0 72 276032 29 2 0 0 4 21596 239253 -1 -1 -1 -1 -1)
#(0 72 276033 28 2 0 1 39 210748 239253 -1 -1 -1 -1 -1)
#(0 72 412403 67 3 1 0 44 232396 359592 -1 -1 -1 -1 -1)
#(0 72 412404 43 3 2 1 99 525048 359592 -1 -1 -1 -1 -1)
#(0 72 412405 55 3 2 0 23 125452 359592 -1 -1 -1 -1 -1)
#(0 72 412406 61 3 4 0 94 501007 359592 -1 -1 -1 -1 -1)
#(0 72 412407 57 3 2 1 40 212185 359592 -1 -1 -1 -1 -1)
#(0 72 412408 67 3 2 0 3 21115 359592 -1 -1 -1 -1 -1)
#(0 72 412409 64 3 2 0 16 88964 359592 -1 -1 -1 -1 -1)
#(0 72 412410 67 3 2 1 7 37023 359592 -1 -1 -1 -1 -1)
#(0 72 412411 59 3 2 0 49 263252 359592 -1 -1 -1 -1 -1)
#(0 72 412412 57 3 2 0 62 331669 359592 -1 -1 -1 -1 -1)
#(0 72 412413 68 3 2 1 74 390819 359592 -1 -1 -1 -1 -1)
#(0 72 412752 34 3 1 1 68 362544 359592 -1 -1 -1 -1 -1)
#(0 72 412753 24 3 2 0 43 228338 359592 -1 -1 -1 -1 -1)
#(0 72 412754 21 3 3 0 14 74984 359592 -1 -1 -1 -1 -1)
#(0 72 412755 20 3 2 1 92 490010 359592 -1 -1 -1 -1 -1)
#(0 72 412756 27 3 2 0 4 22504 359592 -1 -1 -1 -1 -1)
#(0 72 412757 20 3 2 1 45 241841 359592 -1 -1 -1 -1 -1)
#(0 72 412758 20 3 3 0 27 143604 359592 -1 -1 -1 -1 -1)
#(0 72 412759 26 3 1 1 63 336433 359592 -1 -1 -1 -1 -1)
#(0 72 412760 53 3 2 0 22 118911 359592 -1 -1 -1 -1 -1)
#(0 72 412761 20 3 3 0 10 53828 359592 -1 -1 -1 -1 -1)
#(0 72 412762 23 3 2 0 16 85708 359592 -1 -1 -1 -1 -1)
#(0 72 412763 20 3 2 0 13 69671 359592 -1 -1 -1 -1 -1)
#(0 72 412764 35 3 2 1 77 410025 359592 -1 -1 -1 -1 -1)
#(0 72 412765 30 3 2 0 37 196903 359592 -1 -1 -1 -1 -1)
#(0 72 412766 26 3 2 1 97 516065 359592 -1 -1 -1 -1 -1)
#(0 72 412767 40 3 1 1 82 436190 359592 -1 -1 -1 -1 -1)
#(0 72 412768 26 3 2 1 75 399840 359592 -1 -1 -1 -1 -1)
#(0 72 412769 27 3 2 1 98 521344 359592 -1 -1 -1 -1 -1)
#(0 72 412770 41 3 2 0 46 244984 359592 -1 -1 -1 -1 -1)
#(0 72 412771 26 3 2 0 21 112206 359592 -1 -1 -1 -1 -1)
#(0 72 412772 51 3 3 1 61 324702 359592 -1 -1 -1 -1 -1)
#(0 72 412773 39 3 2 1 91 483744 359592 -1 -1 -1 -1 -1)
#(0 72 412774 41 3 1 0 5 28558 359592 -1 -1 -1 -1 -1)
#(0 72 412775 27 3 2 1 73 389212 359592 -1 -1 -1 -1 -1)
#(0 72 413116 27 3 0 1 88 469456 359592 -1 -1 -1 -1 -1)
#(0 72 413117 26 3 0 1 95 506444 359592 -1 -1 -1 -1 -1)
#(0 72 413118 28 3 0 0 76 401756 359592 -1 -1 -1 -1 -1)
#(0 72 413119 25 3 0 1 93 495905 359592 -1 -1 -1 -1 -1)
#(0 72 413120 23 3 0 1 31 168570 359592 -1 -1 -1 -1 -1)
#(0 72 413121 23 3 0 1 90 480098 359592 -1 -1 -1 -1 -1)
#(0 72 413122 20 3 0 0 35 185131 359592 -1 -1 -1 -1 -1)
#(0 72 413123 25 3 0 1 67 358621 359592 -1 -1 -1 -1 -1)
#(0 72 413124 20 3 0 1 69 369269 359592 -1 -1 -1 -1 -1)
#(0 72 413125 21 3 0 0 12 63719 359592 -1 -1 -1 -1 -1)
#(0 72 413127 20 3 0 1 96 511840 359592 -1 -1 -1 -1 -1)
#(0 72 413128 25 3 0 0 58 306637 359592 -1 -1 -1 -1 -1)
#(0 72 413129 25 3 0 0 61 322480 359592 -1 -1 -1 -1 -1)
#(0 72 413130 28 3 0 1 87 464197 359592 -1 -1 -1 -1 -1)
#(0 73 275 51 0 3 0 13 72227 -1 -1 -1 -1 -1 -1)
#(0 73 277 70 0 2 0 47 248335 -1 -1 -1 -1 -1 -1)
#(0 73 286 54 0 3 0 56 299322 -1 -1 -1 -1 -1 -1)
#(0 73 287 64 0 2 1 61 322491 -1 -1 -1 -1 -1 -1)
#(0 73 288 55 0 2 0 34 183574 -1 -1 -1 -1 -1 -1)
#(0 73 289 67 0 3 0 18 100279 -1 -1 -1 -1 -1 -1)
#(0 73 290 55 0 2 0 0 3939 -1 -1 -1 -1 -1 -1)
#(0 73 291 55 0 2 1 76 402710 -1 -1 -1 -1 -1 -1)
#(0 73 292 55 0 2 0 47 252169 -1 -1 -1 -1 -1 -1)
#(0 73 293 67 0 2 0 66 353664 -1 -1 -1 -1 -1 -1)
#(0 73 294 67 0 2 0 61 322152 -1 -1 -1 -1 -1 -1)
#(0 73 295 63 0 3 0 33 179455 -1 -1 -1 -1 -1 -1)
#(0 73 296 61 0 3 1 38 201452 -1 -1 -1 -1 -1 -1)
#(0 73 297 51 0 3 1 91 482199 -1 -1 -1 -1 -1 -1)
#(0 73 640 21 0 2 1 33 178453 -1 -1 -1 -1 -1 -1)
#(0 73 641 32 0 2 1 46 246493 -1 -1 -1 -1 -1 -1)
#(0 73 643 43 0 1 1 75 399039 -1 -1 -1 -1 -1 -1)
#(0 73 644 32 0 2 1 79 420744 -1 -1 -1 -1 -1 -1)
#(0 73 645 55 0 1 1 70 372014 -1 -1 -1 -1 -1 -1)
#(0 73 646 21 0 3 1 83 442446 -1 -1 -1 -1 -1 -1)
#(0 73 647 44 0 1 1 97 515068 -1 -1 -1 -1 -1 -1)
#(0 73 648 31 0 2 0 13 70246 -1 -1 -1 -1 -1 -1)
#(0 73 650 40 0 3 1 82 436164 -1 -1 -1 -1 -1 -1)
#(0 73 651 48 0 1 0 10 55306 -1 -1 -1 -1 -1 -1)
#(0 73 652 35 0 1 0 45 239363 -1 -1 -1 -1 -1 -1)
#(0 73 653 25 0 2 1 96 510850 -1 -1 -1 -1 -1 -1)
#(2 73 1014 -1 -1 -1 -1 -1 -1 14 -1 -1 -1 -1 -1)
#(0 73 1022 20 0 0 0 77 406899 -1 -1 -1 -1 -1 -1)
#(0 73 1023 27 0 0 0 57 301418 -1 -1 -1 -1 -1 -1)
#(0 73 1024 23 0 0 1 65 348100 -1 -1 -1 -1 -1 -1)
#(0 73 1025 26 0 0 1 56 300539 -1 -1 -1 -1 -1 -1)
#(0 73 1026 32 0 0 1 60 321550 -1 -1 -1 -1 -1 -1)
#(0 73 1027 32 0 0 0 14 74450 -1 -1 -1 -1 -1 -1)
#(0 73 1028 20 0 0 0 7 37284 -1 -1 -1 -1 -1 -1)
#(0 73 1029 29 0 0 1 90 480004 -1 -1 -1 -1 -1 -1)
#(0 73 1030 27 0 0 1 83 443089 -1 -1 -1 -1 -1 -1)
#(0 73 1031 31 0 0 0 22 116674 -1 -1 -1 -1 -1 -1)
#(0 73 1032 28 0 0 1 37 200188 -1 -1 -1 -1 -1 -1)
#(0 73 137773 50 1 3 0 8 45712 119626 -1 -1 -1 -1 -1)
#(0 73 137776 59 1 3 1 47 249012 119626 -1 -1 -1 -1 -1)
#(0 73 137779 59 1 3 0 48 257916 119626 -1 -1 -1 -1 -1)
#(0 73 137780 67 1 1 0 43 227156 119626 -1 -1 -1 -1 -1)
#(0 73 137781 44 1 3 1 94 498627 119626 -1 -1 -1 -1 -1)
#(0 73 137782 55 1 3 1 74 392036 119626 -1 -1 -1 -1 -1)
#(0 73 137783 61 1 2 1 93 491774 119626 -1 -1 -1 -1 -1)
#(0 73 137784 56 1 1 1 68 360012 119626 -1 -1 -1 -1 -1)
#(0 73 137786 51 1 3 1 62 329056 119626 -1 -1 -1 -1 -1)
#(0 73 137787 63 1 2 0 2 15331 119626 -1 -1 -1 -1 -1)
#(0 73 137789 67 1 2 0 38 200745 119626 -1 -1 -1 -1 -1)
#(0 73 137791 75 1 3 1 10 57482 119626 -1 -1 -1 -1 -1)
#(0 73 137792 43 1 2 0 34 182408 119626 -1 -1 -1 -1 -1)
#(0 73 137793 70 1 2 1 31 168651 119626 -1 -1 -1 -1 -1)
#(0 73 137794 51 1 2 1 67 355392 119626 -1 -1 -1 -1 -1)
#(0 73 137795 53 1 1 1 71 376879 119626 -1 -1 -1 -1 -1)
#(0 73 137796 54 1 2 0 54 289150 119626 -1 -1 -1 -1 -1)
#(0 73 138125 41 1 3 0 4 23287 119626 -1 -1 -1 -1 -1)
#(0 73 138131 27 1 2 1 65 347118 119626 -1 -1 -1 -1 -1)
#(4 73 138131 -1 1 -1 -1 -1 -1 119651 0 0 0 0 -1)
#(0 73 138135 26 1 2 0 2 11930 119626 -1 -1 -1 -1 -1)
#(0 73 138136 51 1 2 0 63 335308 119626 -1 -1 -1 -1 -1)
#(0 73 138137 39 1 3 1 79 420382 119626 -1 -1 -1 -1 -1)
#(0 73 138138 20 1 2 1 88 468873 119626 -1 -1 -1 -1 -1)
#(0 73 138139 41 1 2 1 46 246067 119626 -1 -1 -1 -1 -1)
#(0 73 138140 41 1 1 0 45 239743 119626 -1 -1 -1 -1 -1)
#(0 73 138141 39 1 2 1 34 182741 119626 -1 -1 -1 -1 -1)
#(0 73 138142 20 1 2 0 15 80232 119626 -1 -1 -1 -1 -1)
#(0 73 138143 38 1 3 0 57 302979 119626 -1 -1 -1 -1 -1)
#(0 73 138144 20 1 3 1 57 305211 119626 -1 -1 -1 -1 -1)
#(0 73 138145 20 1 2 1 98 521695 119626 -1 -1 -1 -1 -1)
#(0 73 138470 28 1 0 1 88 469432 119626 -1 -1 -1 -1 -1)
#(0 73 138471 20 1 0 0 29 153445 119626 -1 -1 -1 -1 -1)
#(0 73 138472 27 1 0 0 27 143012 119626 -1 -1 -1 -1 -1)
#(0 73 138473 27 1 0 1 49 263554 119626 -1 -1 -1 -1 -1)
#(0 73 138474 25 1 0 0 0 420 119626 -1 -1 -1 -1 -1)
#(0 73 138475 26 1 0 1 82 437825 119626 -1 -1 -1 -1 -1)
#(0 73 275298 47 2 2 0 8 45501 239253 -1 -1 -1 -1 -1)
#(0 73 275312 68 2 2 0 7 41954 239253 -1 -1 -1 -1 -1)
#(0 73 275317 75 2 3 1 76 406098 239253 -1 -1 -1 -1 -1)
#(0 73 275318 64 2 3 1 86 454368 239253 -1 -1 -1 -1 -1)
#(0 73 275319 58 2 2 0 2 14908 239253 -1 -1 -1 -1 -1)
#(0 73 275320 51 2 2 0 39 209577 239253 -1 -1 -1 -1 -1)
#(0 73 275321 62 2 1 1 79 417809 239253 -1 -1 -1 -1 -1)
#(0 73 275322 47 2 2 0 15 82496 239253 -1 -1 -1 -1 -1)
#(0 73 275323 51 2 2 0 51 272974 239253 -1 -1 -1 -1 -1)
#(0 73 275324 43 2 2 0 28 150728 239253 -1 -1 -1 -1 -1)
#(0 73 275325 70 2 2 0 72 380447 239253 -1 -1 -1 -1 -1)
#(0 73 275326 43 2 2 0 27 145447 239253 -1 -1 -1 -1 -1)
#(0 73 275327 57 2 2 0 46 246915 239253 -1 -1 -1 -1 -1)
#(0 73 275328 70 2 2 0 22 116402 239253 -1 -1 -1 -1 -1)
#(0 73 275329 64 2 2 1 78 412358 239253 -1 -1 -1 -1 -1)
#(0 73 275330 62 2 2 1 93 491644 239253 -1 -1 -1 -1 -1)
#(0 73 275682 21 2 2 0 15 80247 239253 -1 -1 -1 -1 -1)
#(0 73 275683 45 2 2 1 87 462281 239253 -1 -1 -1 -1 -1)
#(0 73 275684 49 2 1 0 59 314124 239253 -1 -1 -1 -1 -1)
#(0 73 275685 48 2 2 1 47 250943 239253 -1 -1 -1 -1 -1)
#(0 73 275686 45 2 3 0 40 213524 239253 -1 -1 -1 -1 -1)
#(0 73 275687 29 2 2 0 2 12044 239253 -1 -1 -1 -1 -1)
#(0 73 275688 42 2 1 1 67 356822 239253 -1 -1 -1 -1 -1)
#(0 73 275689 35 2 3 1 95 505089 239253 -1 -1 -1 -1 -1)
#(0 73 276035 25 2 0 0 3 16260 239253 -1 -1 -1 -1 -1)
#(0 73 276036 30 2 0 0 31 164201 239253 -1 -1 -1 -1 -1)
#(0 73 276037 34 2 0 0 60 317385 239253 -1 -1 -1 -1 -1)
#(0 73 276038 29 2 0 0 41 216969 239253 -1 -1 -1 -1 -1)
#(0 73 276039 27 2 0 0 14 74374 239253 -1 -1 -1 -1 -1)
#(0 73 276040 30 2 0 1 69 369095 239253 -1 -1 -1 -1 -1)
#(0 73 276041 21 2 0 1 89 474855 239253 -1 -1 -1 -1 -1)
#(0 73 276042 30 2 0 1 63 337417 239253 -1 -1 -1 -1 -1)
#(0 73 276043 31 2 0 1 94 501096 239253 -1 -1 -1 -1 -1)
#(0 73 276044 25 2 0 0 21 111277 239253 -1 -1 -1 -1 -1)
#(0 73 276045 26 2 0 0 58 306661 239253 -1 -1 -1 -1 -1)
#(0 73 412414 67 3 1 1 41 221706 359592 -1 -1 -1 -1 -1)
#(0 73 412415 55 3 2 0 66 352475 359592 -1 -1 -1 -1 -1)
#(0 73 412416 62 3 1 0 21 115026 359592 -1 -1 -1 -1 -1)
#(0 73 412417 57 3 3 1 86 455277 359592 -1 -1 -1 -1 -1)
#(0 73 412418 52 3 2 1 97 513984 359592 -1 -1 -1 -1 -1)
#(0 73 412419 60 3 2 0 49 262972 359592 -1 -1 -1 -1 -1)
#(0 73 412420 57 3 1 0 19 104550 359592 -1 -1 -1 -1 -1)
#(0 73 412421 55 3 2 1 98 518703 359592 -1 -1 -1 -1 -1)
#(0 73 412422 67 3 1 1 46 243096 359592 -1 -1 -1 -1 -1)
#(0 73 412423 55 3 1 0 0 3931 359592 -1 -1 -1 -1 -1)
#(0 73 412424 62 3 1 1 80 423050 359592 -1 -1 -1 -1 -1)
#(0 73 412425 54 3 2 1 82 434375 359592 -1 -1 -1 -1 -1)
#(0 73 412426 57 3 1 0 8 46448 359592 -1 -1 -1 -1 -1)
#(0 73 412427 67 3 2 1 88 464666 359592 -1 -1 -1 -1 -1)
#(0 73 412428 57 3 2 0 43 231262 359592 -1 -1 -1 -1 -1)
#(0 73 412429 74 3 2 0 14 74711 359592 -1 -1 -1 -1 -1)
#(0 73 412776 26 3 2 1 61 326011 359592 -1 -1 -1 -1 -1)
#(0 73 412777 45 3 1 0 9 49873 359592 -1 -1 -1 -1 -1)
#(0 73 412778 54 3 1 0 54 287933 359592 -1 -1 -1 -1 -1)
#(0 73 412779 21 3 3 0 14 74978 359592 -1 -1 -1 -1 -1)
#(0 73 412780 41 3 2 0 3 17979 359592 -1 -1 -1 -1 -1)
#(0 73 412781 42 3 1 1 78 414928 359592 -1 -1 -1 -1 -1)
#(0 73 412782 40 3 1 1 88 467870 359592 -1 -1 -1 -1 -1)
#(0 73 412783 28 3 2 1 25 135867 359592 -1 -1 -1 -1 -1)
#(0 73 412784 39 3 1 1 13 71924 359592 -1 -1 -1 -1 -1)
#(0 73 413126 20 3 0 0 17 90093 359592 -1 -1 -1 -1 -1)
#(0 73 413131 27 3 0 1 85 453617 359592 -1 -1 -1 -1 -1)
#(0 73 413132 23 3 0 0 2 10950 359592 -1 -1 -1 -1 -1)
#(0 73 413133 23 3 0 1 98 522335 359592 -1 -1 -1 -1 -1)
#(0 73 413134 26 3 0 1 86 458923 359592 -1 -1 -1 -1 -1)
#(0 73 413135 23 3 0 1 64 342808 359592 -1 -1 -1 -1 -1)
#(0 73 413136 20 3 0 0 35 185112 359592 -1 -1 -1 -1 -1)
#(0 73 413137 25 3 0 1 97 517033 359592 -1 -1 -1 -1 -1)
#(0 73 413138 20 3 0 1 28 152797 359592 -1 -1 -1 -1 -1)
#(0 73 413139 28 3 0 0 5 26857 359592 -1 -1 -1 -1 -1)
#(0 73 413140 25 3 0 1 56 300562 359592 -1 -1 -1 -1 -1)
#(0 73 413141 25 3 0 0 37 195758 359592 -1 -1 -1 -1 -1)
#(0 73 413142 29 3 0 0 24 127196 359592 -1 -1 -1 -1 -1)
#(0 74 278 57 0 2 0 22 120289 -1 -1 -1 -1 -1 -1)
#(0 74 281 64 0 3 1 80 423823 -1 -1 -1 -1 -1 -1)
#(2 74 293 -1 -1 -1 -1 -1 -1 24 -1 -1 -1 -1 -1)
#(0 74 298 60 0 2 1 78 412911 -1 -1 -1 -1 -1 -1)
#(0 74 300 54 0 2 1 76 402864 -1 -1 -1 -1 -1 -1)
#(0 74 301 52 0 2 1 82 434693 -1 -1 -1 -1 -1 -1)
#(0 74 302 51 0 2 0 28 151442 -1 -1 -1 -1 -1 -1)
#(0 74 303 43 0 3 1 62 329723 -1 -1 -1 -1 -1 -1)
#(0 74 304 63 0 3 0 12 68173 -1 -1 -1 -1 -1 -1)
#(0 74 305 54 0 3 1 69 365764 -1 -1 -1 -1 -1 -1)
#(0 74 306 56 0 2 0 58 310110 -1 -1 -1 -1 -1 -1)
#(0 74 307 51 0 2 0 0 3572 -1 -1 -1 -1 -1 -1)
#(0 74 308 55 0 2 0 26 141190 -1 -1 -1 -1 -1 -1)
#(2 74 638 -1 -1 -1 -1 -1 -1 25 -1 -1 -1 -1 -1)
#(0 74 642 21 0 2 1 65 347388 -1 -1 -1 -1 -1 -1)
#(0 74 649 41 0 1 1 97 515340 -1 -1 -1 -1 -1 -1)
#(0 74 654 30 0 3 0 21 112471 -1 -1 -1 -1 -1 -1)
#(0 74 655 39 0 3 1 80 425523 -1 -1 -1 -1 -1 -1)
#(0 74 656 37 0 2 0 16 86489 -1 -1 -1 -1 -1 -1)
#(0 74 657 26 0 2 1 95 505551 -1 -1 -1 -1 -1 -1)
#(0 74 658 38 0 1 1 35 188132 -1 -1 -1 -1 -1 -1)
#(0 74 659 34 0 3 1 98 520919 -1 -1 -1 -1 -1 -1)
#(0 74 660 36 0 1 0 1 7330 -1 -1 -1 -1 -1 -1)
#(0 74 662 43 0 1 1 26 140264 -1 -1 -1 -1 -1 -1)
#(0 74 663 26 0 2 1 88 468601 -1 -1 -1 -1 -1 -1)
#(0 74 664 32 0 2 1 73 389003 -1 -1 -1 -1 -1 -1)
#(0 74 665 47 0 1 1 42 224634 -1 -1 -1 -1 -1 -1)
#(0 74 666 46 0 1 1 21 113771 -1 -1 -1 -1 -1 -1)
#(0 74 667 42 0 3 1 7 40076 -1 -1 -1 -1 -1 -1)
#(0 74 668 51 0 1 0 25 134589 -1 -1 -1 -1 -1 -1)
#(0 74 669 50 0 2 0 36 192655 -1 -1 -1 -1 -1 -1)
#(0 74 671 46 0 1 0 12 65766 -1 -1 -1 -1 -1 -1)
#(0 74 1033 28 0 0 1 67 358556 -1 -1 -1 -1 -1 -1)
#(0 74 1034 32 0 0 1 54 289855 -1 -1 -1 -1 -1 -1)
#(0 74 1035 32 0 0 1 52 279303 -1 -1 -1 -1 -1 -1)
#(0 74 1037 23 0 0 0 13 69019 -1 -1 -1 -1 -1 -1)
#(0 74 1038 26 0 0 1 74 395567 -1 -1 -1 -1 -1 -1)
#(0 74 1039 23 0 0 1 78 416744 -1 -1 -1 -1 -1 -1)
#(0 74 1041 28 0 0 1 36 194897 -1 -1 -1 -1 -1 -1)
#(0 74 1042 30 0 0 0 47 248650 -1 -1 -1 -1 -1 -1)
#(0 74 137785 44 1 2 1 37 197708 119626 -1 -1 -1 -1 -1)
#(0 74 137788 59 1 1 1 62 328772 119626 -1 -1 -1 -1 -1)
#(0 74 137797 69 1 2 0 72 385416 119626 -1 -1 -1 -1 -1)
#(0 74 137798 57 1 2 1 51 270232 119626 -1 -1 -1 -1 -1)
#(0 74 137799 59 1 1 1 80 423192 119626 -1 -1 -1 -1 -1)
#(0 74 137800 51 1 2 0 4 24797 119626 -1 -1 -1 -1 -1)
#(0 74 137801 63 1 1 0 6 36406 119626 -1 -1 -1 -1 -1)
#(0 74 137802 44 1 2 0 51 272247 119626 -1 -1 -1 -1 -1)
#(0 74 137804 59 1 2 1 49 259502 119626 -1 -1 -1 -1 -1)
#(0 74 137806 54 1 3 0 7 40619 119626 -1 -1 -1 -1 -1)
#(0 74 137807 57 1 2 0 2 14785 119626 -1 -1 -1 -1 -1)
#(0 74 137808 53 1 2 0 45 241269 119626 -1 -1 -1 -1 -1)
#(0 74 137809 59 1 3 1 77 407663 119626 -1 -1 -1 -1 -1)
#(0 74 137810 47 1 2 1 72 382350 119626 -1 -1 -1 -1 -1)
#(0 74 137811 51 1 2 0 65 346738 119626 -1 -1 -1 -1 -1)
#(0 74 137812 57 1 1 1 81 428507 119626 -1 -1 -1 -1 -1)
#(0 74 137813 61 1 2 1 60 317425 119626 -1 -1 -1 -1 -1)
#(0 74 138146 35 1 2 0 21 112677 119626 -1 -1 -1 -1 -1)
#(0 74 138147 43 1 1 0 9 49772 119626 -1 -1 -1 -1 -1)
#(0 74 138148 33 1 3 0 32 170742 119626 -1 -1 -1 -1 -1)
#(0 74 138149 20 1 2 1 74 394960 119626 -1 -1 -1 -1 -1)
#(0 74 138150 44 1 3 1 69 367299 119626 -1 -1 -1 -1 -1)
#(0 74 138151 20 1 2 0 17 90796 119626 -1 -1 -1 -1 -1)
#(0 74 138152 42 1 1 1 48 256538 119626 -1 -1 -1 -1 -1)
#(0 74 138153 20 1 3 0 3 16879 119626 -1 -1 -1 -1 -1)
#(0 74 138155 38 1 2 0 42 223717 119626 -1 -1 -1 -1 -1)
#(0 74 138156 31 1 2 1 86 457766 119626 -1 -1 -1 -1 -1)
#(0 74 138159 36 1 3 0 36 191958 119626 -1 -1 -1 -1 -1)
#(0 74 138476 20 1 0 0 53 280178 119626 -1 -1 -1 -1 -1)
#(0 74 138477 27 1 0 0 22 116611 119626 -1 -1 -1 -1 -1)
#(0 74 138478 34 1 0 1 39 210630 119626 -1 -1 -1 -1 -1)
#(0 74 138479 34 1 0 0 32 169520 119626 -1 -1 -1 -1 -1)
#(0 74 138480 23 1 0 0 5 26764 119626 -1 -1 -1 -1 -1)
#(0 74 275306 65 2 3 1 85 450081 239253 -1 -1 -1 -1 -1)
#(0 74 275316 44 2 2 0 19 103310 239253 -1 -1 -1 -1 -1)
#(0 74 275331 55 2 1 0 30 162358 239253 -1 -1 -1 -1 -1)
#(0 74 275332 59 2 1 0 9 51928 239253 -1 -1 -1 -1 -1)
#(0 74 275333 51 2 2 0 40 214829 239253 -1 -1 -1 -1 -1)
#(0 74 275334 70 2 2 1 90 480027 239253 -1 -1 -1 -1 -1)
#(0 74 275335 75 2 2 1 53 284194 239253 -1 -1 -1 -1 -1)
#(0 74 275336 69 2 2 1 44 232587 239253 -1 -1 -1 -1 -1)
#(0 74 275337 75 2 2 0 79 417258 239253 -1 -1 -1 -1 -1)
#(0 74 275338 59 2 1 0 31 168192 239253 -1 -1 -1 -1 -1)
#(0 74 275339 44 2 1 1 75 398308 239253 -1 -1 -1 -1 -1)
#(0 74 275340 45 2 2 1 61 324177 239253 -1 -1 -1 -1 -1)
#(0 74 275341 43 2 2 1 38 203032 239253 -1 -1 -1 -1 -1)
#(0 74 275342 59 2 2 1 45 238317 239253 -1 -1 -1 -1 -1)
#(0 74 275343 56 2 2 0 13 72689 239253 -1 -1 -1 -1 -1)
#(0 74 275344 58 2 1 0 33 178638 239253 -1 -1 -1 -1 -1)
#(0 74 275690 37 2 3 0 40 213116 239253 -1 -1 -1 -1 -1)
#(0 74 275691 37 2 1 1 99 526057 239253 -1 -1 -1 -1 -1)
#(0 74 275692 21 2 3 0 58 307304 239253 -1 -1 -1 -1 -1)
#(0 74 275693 27 2 2 0 29 154507 239253 -1 -1 -1 -1 -1)
#(0 74 275694 34 2 1 1 76 404804 239253 -1 -1 -1 -1 -1)
#(0 74 275696 36 2 3 0 12 65198 239253 -1 -1 -1 -1 -1)
#(0 74 275697 41 2 3 0 35 186973 239253 -1 -1 -1 -1 -1)
#(0 74 275698 32 2 3 0 22 117901 239253 -1 -1 -1 -1 -1)
#(0 74 275699 37 2 3 0 13 70607 239253 -1 -1 -1 -1 -1)
#(0 74 276034 30 2 0 0 4 21635 239253 -1 -1 -1 -1 -1)
#(0 74 276046 26 2 0 1 87 464206 239253 -1 -1 -1 -1 -1)
#(0 74 276047 27 2 0 1 64 342745 239253 -1 -1 -1 -1 -1)
#(0 74 276048 23 2 0 1 54 290010 239253 -1 -1 -1 -1 -1)
#(0 74 276049 25 2 0 0 25 132412 239253 -1 -1 -1 -1 -1)
#(0 74 276050 27 2 0 0 0 453 239253 -1 -1 -1 -1 -1)
#(0 74 276051 29 2 0 0 54 285610 239253 -1 -1 -1 -1 -1)
#(0 74 276052 23 2 0 0 56 296060 239253 -1 -1 -1 -1 -1)
#(0 74 276053 31 2 0 1 91 485242 239253 -1 -1 -1 -1 -1)
#(0 74 276054 28 2 0 0 20 106068 239253 -1 -1 -1 -1 -1)
#(0 74 276055 29 2 0 0 13 69126 239253 -1 -1 -1 -1 -1)
#(0 74 276056 32 2 0 0 39 206456 239253 -1 -1 -1 -1 -1)
#(0 74 276057 26 2 0 0 3 16262 239253 -1 -1 -1 -1 -1)
#(0 74 276058 29 2 0 0 31 164159 239253 -1 -1 -1 -1 -1)
#(0 74 276059 20 2 0 0 19 100642 239253 -1 -1 -1 -1 -1)
#(0 74 276060 32 2 0 1 75 400757 239253 -1 -1 -1 -1 -1)
#(0 74 276061 30 2 0 0 27 143038 239253 -1 -1 -1 -1 -1)
#(0 74 412430 55 3 2 0 48 257448 359592 -1 -1 -1 -1 -1)
#(0 74 412431 43 3 1 0 25 134908 359592 -1 -1 -1 -1 -1)
#(0 74 412434 44 3 2 0 37 198350 359592 -1 -1 -1 -1 -1)
#(0 74 412435 55 3 3 1 54 286385 359592 -1 -1 -1 -1 -1)
#(0 74 412436 59 3 1 1 52 275342 359592 -1 -1 -1 -1 -1)
#(0 74 412437 64 3 2 0 63 337440 359592 -1 -1 -1 -1 -1)
#(0 74 412438 57 3 2 1 31 164764 359592 -1 -1 -1 -1 -1)
#(0 74 412440 64 3 3 1 42 222178 359592 -1 -1 -1 -1 -1)
#(0 74 412441 67 3 2 0 25 132057 359592 -1 -1 -1 -1 -1)
#(0 74 412442 67 3 3 0 14 78985 359592 -1 -1 -1 -1 -1)
#(0 74 412443 75 3 2 1 84 448173 359592 -1 -1 -1 -1 -1)
#(0 74 412445 59 3 1 1 61 322889 359592 -1 -1 -1 -1 -1)
#(0 74 412785 39 3 3 1 56 298890 359592 -1 -1 -1 -1 -1)
#(0 74 412786 34 3 3 1 68 362571 359592 -1 -1 -1 -1 -1)
#(0 74 412787 32 3 3 0 17 91436 359592 -1 -1 -1 -1 -1)
#(0 74 412788 27 3 3 0 26 138657 359592 -1 -1 -1 -1 -1)
#(0 74 412789 25 3 2 1 75 399973 359592 -1 -1 -1 -1 -1)
#(0 74 412790 49 3 1 1 26 140006 359592 -1 -1 -1 -1 -1)
#(0 74 412791 21 3 2 1 47 252395 359592 -1 -1 -1 -1 -1)
#(0 74 412792 38 3 1 0 3 17821 359592 -1 -1 -1 -1 -1)
#(0 74 412793 46 3 3 0 77 408932 359592 -1 -1 -1 -1 -1)
#(0 74 412794 39 3 1 0 9 49575 359592 -1 -1 -1 -1 -1)
#(0 74 412795 41 3 2 1 42 224957 359592 -1 -1 -1 -1 -1)
#(0 74 412796 29 3 3 0 23 123031 359592 -1 -1 -1 -1 -1)
#(0 74 413143 29 3 0 1 78 416625 359592 -1 -1 -1 -1 -1)
#(0 74 413144 32 3 0 0 0 544 359592 -1 -1 -1 -1 -1)
#(0 74 413145 24 3 0 0 5 26775 359592 -1 -1 -1 -1 -1)
#(0 74 413146 30 3 0 0 64 338424 359592 -1 -1 -1 -1 -1)
#(0 74 413147 20 3 0 0 52 274887 359592 -1 -1 -1 -1 -1)
#(0 74 413148 30 3 0 0 65 343701 359592 -1 -1 -1 -1 -1)
#(0 74 413149 27 3 0 1 29 157954 359592 -1 -1 -1 -1 -1)
#(0 74 413150 20 3 0 1 45 242560 359592 -1 -1 -1 -1 -1)
#(0 74 413151 32 3 0 1 71 379637 359592 -1 -1 -1 -1 -1)
#(0 74 413152 21 3 0 1 64 342875 359592 -1 -1 -1 -1 -1)
#(0 75 299 68 0 2 1 78 412585 -1 -1 -1 -1 -1 -1)
#(0 75 309 59 0 2 1 46 243639 -1 -1 -1 -1 -1 -1)
#(0 75 310 67 0 1 0 54 285248 -1 -1 -1 -1 -1 -1)
#(0 75 311 44 0 2 0 35 187772 -1 -1 -1 -1 -1 -1)
#(0 75 312 57 0 2 0 49 263094 -1 -1 -1 -1 -1 -1)
#(0 75 313 50 0 2 0 58 309731 -1 -1 -1 -1 -1 -1)
#(0 75 314 62 0 1 0 62 332140 -1 -1 -1 -1 -1 -1)
#(0 75 315 67 0 2 1 63 332704 -1 -1 -1 -1 -1 -1)
#(0 75 316 53 0 1 0 13 72217 -1 -1 -1 -1 -1 -1)
#(0 75 317 75 0 2 0 65 343708 -1 -1 -1 -1 -1 -1)
#(0 75 318 55 0 2 1 98 518799 -1 -1 -1 -1 -1 -1)
#(0 75 319 61 0 3 0 20 109746 -1 -1 -1 -1 -1 -1)
#(0 75 661 20 0 3 1 65 347446 -1 -1 -1 -1 -1 -1)
#(0 75 670 32 0 3 0 16 86239 -1 -1 -1 -1 -1 -1)
#(0 75 673 32 0 2 0 35 186454 -1 -1 -1 -1 -1 -1)
#(0 75 674 28 0 2 1 57 304826 -1 -1 -1 -1 -1 -1)
#(0 75 675 20 0 2 1 43 231273 -1 -1 -1 -1 -1 -1)
#(0 75 676 42 0 1 1 51 272383 -1 -1 -1 -1 -1 -1)
#(0 75 677 21 0 3 1 76 405509 -1 -1 -1 -1 -1 -1)
#(0 75 678 38 0 3 0 10 54926 -1 -1 -1 -1 -1 -1)
#(0 75 679 48 0 1 1 50 266803 -1 -1 -1 -1 -1 -1)
#(0 75 680 26 0 2 1 32 172893 -1 -1 -1 -1 -1 -1)
#(0 75 681 33 0 1 0 23 123158 -1 -1 -1 -1 -1 -1)
#(0 75 682 37 0 1 0 46 244830 -1 -1 -1 -1 -1 -1)
#(0 75 683 27 0 2 0 54 286481 -1 -1 -1 -1 -1 -1)
#(2 75 1005 -1 -1 -1 -1 -1 -1 25 -1 -1 -1 -1 -1)
#(0 75 1036 23 0 0 1 54 290014 -1 -1 -1 -1 -1 -1)
#(2 75 1039 -1 -1 -1 -1 -1 -1 15 -1 -1 -1 -1 -1)
#(0 75 1043 20 0 0 0 16 84817 -1 -1 -1 -1 -1 -1)
#(0 75 1044 27 0 0 0 36 190548 -1 -1 -1 -1 -1 -1)
#(0 75 1045 26 0 0 0 2 11001 -1 -1 -1 -1 -1 -1)
#(0 75 1046 28 0 0 0 18 95517 -1 -1 -1 -1 -1 -1)
#(0 75 1047 32 0 0 1 68 363762 -1 -1 -1 -1 -1 -1)
#(0 75 1048 34 0 0 1 85 453495 -1 -1 -1 -1 -1 -1)
#(0 75 1049 34 0 0 0 76 401863 -1 -1 -1 -1 -1 -1)
#(0 75 1051 29 0 0 1 82 437751 -1 -1 -1 -1 -1 -1)
#(0 75 1052 27 0 0 0 71 375329 -1 -1 -1 -1 -1 -1)
#(0 75 1054 25 0 0 1 63 337515 -1 -1 -1 -1 -1 -1)
#(0 75 1055 34 0 0 1 38 205353 -1 -1 -1 -1 -1 -1)
#(0 75 1056 27 0 0 1 67 358589 -1 -1 -1 -1 -1 -1)
#(0 75 1057 20 0 0 1 93 496001 -1 -1 -1 -1 -1 -1)
#(0 75 1058 30 0 0 1 47 252943 -1 -1 -1 -1 -1 -1)
#(0 75 1059 23 0 0 1 58 311148 -1 -1 -1 -1 -1 -1)
#(0 75 1060 26 0 0 1 57 305817 -1 -1 -1 -1 -1 -1)
#(0 75 1061 30 0 0 1 89 474701 -1 -1 -1 -1 -1 -1)
#(0 75 1062 28 0 0 0 44 232773 -1 -1 -1 -1 -1 -1)
#(0 75 137790 57 1 2 0 8 45969 119626 -1 -1 -1 -1 -1)
#(0 75 137803 51 1 2 0 6 35363 119626 -1 -1 -1 -1 -1)
#(0 75 137805 57 1 3 1 71 376652 119626 -1 -1 -1 -1 -1)
#(0 75 137814 50 1 3 0 15 82537 119626 -1 -1 -1 -1 -1)
#(0 75 137816 75 1 1 0 48 253886 119626 -1 -1 -1 -1 -1)
#(0 75 137817 69 1 2 1 76 401554 119626 -1 -1 -1 -1 -1)
#(0 75 137818 66 1 2 0 1 10013 119626 -1 -1 -1 -1 -1)
#(0 75 137821 54 1 1 0 46 246771 119626 -1 -1 -1 -1 -1)
#(0 75 137822 51 1 2 1 74 392424 119626 -1 -1 -1 -1 -1)
#(0 75 138154 40 1 1 1 48 256627 119626 -1 -1 -1 -1 -1)
#(0 75 138158 20 1 0 1 98 521728 119626 -1 -1 -1 -1 -1)
#(0 75 138161 40 1 1 1 76 404461 119626 -1 -1 -1 -1 -1)
#(0 75 138163 29 1 2 0 8 43791 119626 -1 -1 -1 -1 -1)
#(0 75 138164 39 1 2 1 83 441506 119626 -1 -1 -1 -1 -1)
#(0 75 138166 26 1 2 0 1 6617 119626 -1 -1 -1 -1 -1)
#(0 75 138481 32 1 0 0 11 58639 119626 -1 -1 -1 -1 -1)
#(0 75 138482 20 1 0 0 22 116482 119626 -1 -1 -1 -1 -1)
#(0 75 138483 29 1 0 1 80 427191 119626 -1 -1 -1 -1 -1)
#(0 75 138484 34 1 0 0 28 148410 119626 -1 -1 -1 -1 -1)
#(0 75 138485 20 1 0 1 57 305917 119626 -1 -1 -1 -1 -1)
#(0 75 138486 27 1 0 1 98 522281 119626 -1 -1 -1 -1 -1)
#(0 75 138487 30 1 0 1 44 237102 119626 -1 -1 -1 -1 -1)
#(0 75 138489 26 1 0 0 30 158819 119626 -1 -1 -1 -1 -1)
#(0 75 138490 27 1 0 1 87 464207 119626 -1 -1 -1 -1 -1)
#(0 75 138491 28 1 0 0 34 179973 119626 -1 -1 -1 -1 -1)
#(0 75 275345 55 2 3 0 30 162271 239253 -1 -1 -1 -1 -1)
#(0 75 275346 70 2 2 0 25 132043 239253 -1 -1 -1 -1 -1)
#(0 75 275347 59 2 2 0 0 4632 239253 -1 -1 -1 -1 -1)
#(0 75 275348 75 2 2 1 28 152302 239253 -1 -1 -1 -1 -1)
#(0 75 275349 66 2 1 1 79 417355 239253 -1 -1 -1 -1 -1)
#(0 75 275350 55 2 2 1 90 476435 239253 -1 -1 -1 -1 -1)
#(0 75 275351 68 2 3 0 31 168304 239253 -1 -1 -1 -1 -1)
#(0 75 275352 59 2 1 0 7 41435 239253 -1 -1 -1 -1 -1)
#(0 75 275353 62 2 2 0 17 94472 239253 -1 -1 -1 -1 -1)
#(0 75 275354 58 2 2 1 84 444654 239253 -1 -1 -1 -1 -1)
#(0 75 275355 57 2 3 1 55 291381 239253 -1 -1 -1 -1 -1)
#(0 75 275356 69 2 1 1 76 406509 239253 -1 -1 -1 -1 -1)
#(0 75 275357 51 2 1 1 59 313155 239253 -1 -1 -1 -1 -1)
#(0 75 275358 43 2 1 1 74 393135 239253 -1 -1 -1 -1 -1)
#(0 75 275695 20 2 3 0 58 307265 239253 -1 -1 -1 -1 -1)
#(0 75 275700 51 2 3 1 60 319428 239253 -1 -1 -1 -1 -1)
#(0 75 275701 46 2 3 1 78 414653 239253 -1 -1 -1 -1 -1)
#(0 75 275702 32 2 2 1 90 478724 239253 -1 -1 -1 -1 -1)
#(0 75 275703 27 2 2 1 86 457844 239253 -1 -1 -1 -1 -1)
#(0 75 275705 38 2 3 1 77 409780 239253 -1 -1 -1 -1 -1)
#(0 75 275706 24 2 2 1 54 289166 239253 -1 -1 -1 -1 -1)
#(0 75 275708 21 2 2 1 19 104548 239253 -1 -1 -1 -1 -1)
#(0 75 275709 31 2 2 1 74 394381 239253 -1 -1 -1 -1 -1)
#(0 75 275710 24 2 3 1 79 421115 239253 -1 -1 -1 -1 -1)
#(0 75 275711 51 2 3 0 46 245488 239253 -1 -1 -1 -1 -1)
#(0 75 275712 44 2 1 0 19 102593 239253 -1 -1 -1 -1 -1)
#(0 75 275713 33 2 2 0 16 86235 239253 -1 -1 -1 -1 -1)
#(0 75 275714 37 2 3 1 91 483820 239253 -1 -1 -1 -1 -1)
#(0 75 275715 42 2 1 0 31 165964 239253 -1 -1 -1 -1 -1)
#(0 75 275716 31 2 2 0 22 117736 239253 -1 -1 -1 -1 -1)
#(0 75 275717 20 2 3 0 73 386468 239253 -1 -1 -1 -1 -1)
#(0 75 275718 29 2 2 0 35 186275 239253 -1 -1 -1 -1 -1)
#(0 75 276062 23 2 0 1 72 385049 239253 -1 -1 -1 -1 -1)
#(0 75 276063 27 2 0 1 68 363862 239253 -1 -1 -1 -1 -1)
#(0 75 276064 29 2 0 0 41 216976 239253 -1 -1 -1 -1 -1)
#(0 75 276065 32 2 0 1 85 453536 239253 -1 -1 -1 -1 -1)
#(0 75 276066 27 2 0 0 23 121889 239253 -1 -1 -1 -1 -1)
#(0 75 276067 30 2 0 0 38 201152 239253 -1 -1 -1 -1 -1)
#(0 75 276068 22 2 0 1 54 290043 239253 -1 -1 -1 -1 -1)
#(0 75 276069 20 2 0 0 48 253764 239253 -1 -1 -1 -1 -1)
#(0 75 276070 26 2 0 0 15 79622 239253 -1 -1 -1 -1 -1)
#(0 75 276071 27 2 0 1 77 411407 239253 -1 -1 -1 -1 -1)
#(0 75 412432 54 3 2 0 8 46146 359592 -1 -1 -1 -1 -1)
#(0 75 412433 62 3 2 1 88 465205 359592 -1 -1 -1 -1 -1)
#(0 75 412439 63 3 3 1 82 434010 359592 -1 -1 -1 -1 -1)
#(0 75 412446 68 3 2 1 68 359414 359592 -1 -1 -1 -1 -1)
#(0 75 412447 55 3 2 0 18 99090 359592 -1 -1 -1 -1 -1)
#(0 75 412448 47 3 1 0 1 8373 359592 -1 -1 -1 -1 -1)
#(0 75 412449 51 3 2 0 54 288729 359592 -1 -1 -1 -1 -1)
#(0 75 412450 43 3 2 1 72 382508 359592 -1 -1 -1 -1 -1)
#(0 75 412451 44 3 2 1 93 493375 359592 -1 -1 -1 -1 -1)
#(0 75 412452 59 3 1 1 64 338757 359592 -1 -1 -1 -1 -1)
#(0 75 412453 44 3 1 1 81 430001 359592 -1 -1 -1 -1 -1)
#(0 75 412454 59 3 1 0 6 36276 359592 -1 -1 -1 -1 -1)
#(0 75 412797 39 3 2 0 12 65368 359592 -1 -1 -1 -1 -1)
#(0 75 412798 35 3 3 0 82 434778 359592 -1 -1 -1 -1 -1)
#(0 75 412799 55 3 1 1 52 276996 359592 -1 -1 -1 -1 -1)
#(0 75 412800 39 3 1 1 66 351728 359592 -1 -1 -1 -1 -1)
#(0 75 412801 43 3 3 1 91 483561 359592 -1 -1 -1 -1 -1)
#(0 75 412803 20 3 3 0 36 191121 359592 -1 -1 -1 -1 -1)
#(0 75 412804 39 3 1 1 69 367583 359592 -1 -1 -1 -1 -1)
#(0 75 412805 32 3 2 0 18 96648 359592 -1 -1 -1 -1 -1)
#(0 75 412806 39 3 3 1 90 478448 359592 -1 -1 -1 -1 -1)
#(0 75 413153 32 3 0 0 9 48072 359592 -1 -1 -1 -1 -1)
#(0 75 413154 27 3 0 0 1 5744 359592 -1 -1 -1 -1 -1)
#(0 75 413155 29 3 0 0 31 164175 359592 -1 -1 -1 -1 -1)
#(0 75 413156 24 3 0 1 72 385033 359592 -1 -1 -1 -1 -1)
#(0 75 413157 27 3 0 1 88 469462 359592 -1 -1 -1 -1 -1)
#(0 75 413159 23 3 0 1 87 464257 359592 -1 -1 -1 -1 -1)
#(0 75 413160 23 3 0 0 25 132374 359592 -1 -1 -1 -1 -1)
#(0 75 413161 27 3 0 0 6 32130 359592 -1 -1 -1 -1 -1)
#(0 75 413162 27 3 0 1 86 458915 359592 -1 -1 -1 -1 -1)
#(0 75 413163 32 3 0 0 21 111394 359592 -1 -1 -1 -1 -1)
#(0 76 320 43 0 3 0 0 2862 -1 -1 -1 -1 -1 -1)
#(0 76 321 75 0 2 1 83 442763 -1 -1 -1 -1 -1 -1)
#(0 76 322 62 0 2 1 73 385900 -1 -1 -1 -1 -1 -1)
#(4 76 322 -1 0 -1 -1 -1 -1 22 0 0 0 0 -1)
#(0 76 323 53 0 2 1 76 402940 -1 -1 -1 -1 -1 -1)
#(0 76 324 66 0 2 0 17 94379 -1 -1 -1 -1 -1 -1)
#(0 76 325 53 0 3 1 52 275527 -1 -1 -1 -1 -1 -1)
#(0 76 326 49 0 2 0 50 267255 -1 -1 -1 -1 -1 -1)
#(0 76 328 55 0 1 1 85 450107 -1 -1 -1 -1 -1 -1)
#(0 76 329 51 0 2 1 95 503254 -1 -1 -1 -1 -1 -1)
#(0 76 330 54 0 1 1 94 497945 -1 -1 -1 -1 -1 -1)
#(0 76 332 55 0 1 0 40 215167 -1 -1 -1 -1 -1 -1)
#(0 76 333 64 0 2 1 81 427972 -1 -1 -1 -1 -1 -1)
#(0 76 334 54 0 2 1 65 344683 -1 -1 -1 -1 -1 -1)
#(0 76 672 25 0 2 1 95 505536 -1 -1 -1 -1 -1 -1)
#(0 76 684 21 0 2 0 89 470984 -1 -1 -1 -1 -1 -1)
#(0 76 685 50 0 1 1 56 298342 -1 -1 -1 -1 -1 -1)
#(0 76 686 33 0 2 0 30 160122 -1 -1 -1 -1 -1 -1)
#(0 76 687 24 0 2 1 69 368250 -1 -1 -1 -1 -1 -1)
#(0 76 688 37 0 1 1 89 473212 -1 -1 -1 -1 -1 -1)
#(0 76 689 37 0 1 1 61 325426 -1 -1 -1 -1 -1 -1)
#(0 76 690 39 0 1 0 1 7389 -1 -1 -1 -1 -1 -1)
#(0 76 691 33 0 2 0 5 28115 -1 -1 -1 -1 -1 -1)
#(0 76 692 43 0 3 0 32 171210 -1 -1 -1 -1 -1 -1)
#(0 76 693 29 0 2 0 26 138890 -1 -1 -1 -1 -1 -1)
#(0 76 694 45 0 2 1 58 309180 -1 -1 -1 -1 -1 -1)
#(0 76 696 36 0 1 0 68 360934 -1 -1 -1 -1 -1 -1)
#(0 76 1040 26 0 0 1 56 300516 -1 -1 -1 -1 -1 -1)
#(0 76 1050 23 0 0 1 78 416728 -1 -1 -1 -1 -1 -1)
#(0 76 1053 24 0 0 0 13 69047 -1 -1 -1 -1 -1 -1)
#(0 76 1063 26 0 0 1 98 522278 -1 -1 -1 -1 -1 -1)
#(0 76 1064 25 0 0 1 46 247742 -1 -1 -1 -1 -1 -1)
#(0 76 1065 23 0 0 0 28 148228 -1 -1 -1 -1 -1 -1)
#(0 76 1067 25 0 0 0 49 259138 -1 -1 -1 -1 -1 -1)
#(0 76 1068 34 0 0 1 79 421823 -1 -1 -1 -1 -1 -1)
#(0 76 1069 25 0 0 0 33 174652 -1 -1 -1 -1 -1 -1)
#(0 76 1070 26 0 0 0 52 274990 -1 -1 -1 -1 -1 -1)
#(0 76 1071 20 0 0 0 11 58411 -1 -1 -1 -1 -1 -1)
#(0 76 1072 27 0 0 1 87 464193 -1 -1 -1 -1 -1 -1)
#(0 76 1073 23 0 0 0 24 127102 -1 -1 -1 -1 -1 -1)
#(0 76 1075 21 0 0 0 7 37296 -1 -1 -1 -1 -1 -1)
#(0 76 1076 23 0 0 1 75 400915 -1 -1 -1 -1 -1 -1)
#(0 76 1077 28 0 0 1 80 427228 -1 -1 -1 -1 -1 -1)
#(0 76 1078 30 0 0 0 12 63849 -1 -1 -1 -1 -1 -1)
#(0 76 137815 51 1 2 0 8 45592 119626 -1 -1 -1 -1 -1)
#(0 76 137823 75 1 2 1 95 506038 119626 -1 -1 -1 -1 -1)
#(0 76 137824 54 1 2 1 80 423678 119626 -1 -1 -1 -1 -1)
#(0 76 137825 62 1 3 1 40 211629 119626 -1 -1 -1 -1 -1)
#(0 76 137826 59 1 3 0 53 284271 119626 -1 -1 -1 -1 -1)
#(0 76 137827 62 1 2 1 61 322612 119626 -1 -1 -1 -1 -1)
#(0 76 137828 62 1 4 0 67 358570 119626 -1 -1 -1 -1 -1)
#(0 76 137829 44 1 2 1 60 319122 119626 -1 -1 -1 -1 -1)
#(0 76 137830 67 1 2 1 38 205861 119626 -1 -1 -1 -1 -1)
#(0 76 137831 57 1 3 0 29 157291 119626 -1 -1 -1 -1 -1)
#(0 76 137832 44 1 2 1 92 488073 119626 -1 -1 -1 -1 -1)
#(0 76 137833 53 1 3 1 70 370763 119626 -1 -1 -1 -1 -1)
#(0 76 137834 67 1 2 0 27 147675 119626 -1 -1 -1 -1 -1)
#(0 76 137835 43 1 2 0 0 2882 119626 -1 -1 -1 -1 -1)
#(0 76 137836 64 1 1 1 98 517854 119626 -1 -1 -1 -1 -1)
#(0 76 137837 56 1 2 0 54 289198 119626 -1 -1 -1 -1 -1)
#(0 76 137838 50 1 2 1 53 281609 119626 -1 -1 -1 -1 -1)
#(0 76 138162 32 1 1 0 36 191788 119626 -1 -1 -1 -1 -1)
#(0 76 138167 38 1 1 1 82 436208 119626 -1 -1 -1 -1 -1)
#(0 76 138168 37 1 1 0 61 323997 119626 -1 -1 -1 -1 -1)
#(0 76 138169 49 1 1 1 51 272029 119626 -1 -1 -1 -1 -1)
#(0 76 138170 39 1 2 1 72 383393 119626 -1 -1 -1 -1 -1)
#(0 76 138171 28 1 2 1 91 484326 119626 -1 -1 -1 -1 -1)
#(0 76 138172 31 1 2 1 94 500002 119626 -1 -1 -1 -1 -1)
#(0 76 138173 37 1 1 1 37 198708 119626 -1 -1 -1 -1 -1)
#(0 76 138174 39 1 1 0 42 223787 119626 -1 -1 -1 -1 -1)
#(0 76 138175 47 1 1 1 56 298523 119626 -1 -1 -1 -1 -1)
#(0 76 138176 25 1 2 0 48 254892 119626 -1 -1 -1 -1 -1)
#(0 76 138177 20 1 2 0 14 74951 119626 -1 -1 -1 -1 -1)
#(0 76 138178 28 1 2 1 70 373347 119626 -1 -1 -1 -1 -1)
#(0 76 138179 27 1 2 1 99 526551 119626 -1 -1 -1 -1 -1)
#(0 76 138488 33 1 0 0 28 148390 119626 -1 -1 -1 -1 -1)
#(0 76 138493 28 1 0 0 21 111364 119626 -1 -1 -1 -1 -1)
#(0 76 138494 26 1 0 1 89 474763 119626 -1 -1 -1 -1 -1)
#(0 76 138495 34 1 0 0 35 185386 119626 -1 -1 -1 -1 -1)
#(0 76 138496 25 1 0 1 55 295266 119626 -1 -1 -1 -1 -1)
#(0 76 138497 23 1 0 1 83 443132 119626 -1 -1 -1 -1 -1)
#(0 76 138498 28 1 0 1 95 506402 119626 -1 -1 -1 -1 -1)
#(0 76 138499 22 1 0 0 29 153484 119626 -1 -1 -1 -1 -1)
#(4 76 138499 -1 1 -1 -1 -1 -1 119653 0 0 0 0 -1)
#(0 76 138500 26 1 0 1 74 395567 119626 -1 -1 -1 -1 -1)
#(0 76 138501 28 1 0 1 27 147369 119626 -1 -1 -1 -1 -1)
#(0 76 138502 28 1 0 0 44 232783 119626 -1 -1 -1 -1 -1)
#(4 76 138502 -1 1 -1 -1 -1 -1 119654 0 0 0 0 -1)
#(0 76 138503 34 1 0 1 77 411278 119626 -1 -1 -1 -1 -1)
#(0 76 138504 28 1 0 1 63 337462 119626 -1 -1 -1 -1 -1)
#(0 76 138505 31 1 0 1 96 511648 119626 -1 -1 -1 -1 -1)
#(0 76 138506 24 1 0 0 5 26788 119626 -1 -1 -1 -1 -1)
#(0 76 138507 30 1 0 1 90 479982 119626 -1 -1 -1 -1 -1)
#(0 76 138508 29 1 0 0 23 121909 119626 -1 -1 -1 -1 -1)
#(0 76 275359 55 2 2 1 89 471179 239253 -1 -1 -1 -1 -1)
#(0 76 275360 67 2 2 1 94 496470 239253 -1 -1 -1 -1 -1)
#(0 76 275361 44 2 2 1 97 514474 239253 -1 -1 -1 -1 -1)
#(0 76 275362 73 2 1 0 15 79486 239253 -1 -1 -1 -1 -1)
#(0 76 275363 70 2 1 1 98 522449 239253 -1 -1 -1 -1 -1)
#(0 76 275365 55 2 2 0 22 119919 239253 -1 -1 -1 -1 -1)
#(0 76 275366 62 2 2 1 70 370708 239253 -1 -1 -1 -1 -1)
#(0 76 275368 59 2 2 0 4 25475 239253 -1 -1 -1 -1 -1)
#(0 76 275704 47 2 3 1 60 319607 239253 -1 -1 -1 -1 -1)
#(0 76 275707 32 2 2 1 78 415451 239253 -1 -1 -1 -1 -1)
#(0 76 275719 22 2 2 1 54 289229 239253 -1 -1 -1 -1 -1)
#(0 76 275720 46 2 3 0 32 171401 239253 -1 -1 -1 -1 -1)
#(0 76 275721 31 2 1 1 41 220078 239253 -1 -1 -1 -1 -1)
#(0 76 275722 21 2 2 0 14 75064 239253 -1 -1 -1 -1 -1)
#(0 76 275723 35 2 1 1 73 388868 239253 -1 -1 -1 -1 -1)
#(0 76 275724 37 2 3 1 87 462709 239253 -1 -1 -1 -1 -1)
#(0 76 275725 36 2 1 1 89 473380 239253 -1 -1 -1 -1 -1)
#(0 76 275726 33 2 2 1 42 225323 239253 -1 -1 -1 -1 -1)
#(0 76 275727 36 2 1 0 50 265864 239253 -1 -1 -1 -1 -1)
#(0 76 275728 39 2 1 1 75 399213 239253 -1 -1 -1 -1 -1)
#(0 76 275729 48 2 1 1 64 340648 239253 -1 -1 -1 -1 -1)
#(0 76 275730 41 2 1 1 46 246005 239253 -1 -1 -1 -1 -1)
#(0 76 276072 32 2 0 0 42 222297 239253 -1 -1 -1 -1 -1)
#(0 76 276073 21 2 0 0 19 100665 239253 -1 -1 -1 -1 -1)
#(0 76 276074 25 2 0 1 79 421988 239253 -1 -1 -1 -1 -1)
#(0 76 276075 32 2 0 0 2 11097 239253 -1 -1 -1 -1 -1)
#(0 76 276076 30 2 0 0 44 232831 239253 -1 -1 -1 -1 -1)
#(0 76 276077 26 2 0 1 78 416680 239253 -1 -1 -1 -1 -1)
#(0 76 276078 20 2 0 1 64 342875 239253 -1 -1 -1 -1 -1)
#(0 76 276079 34 2 0 1 97 516871 239253 -1 -1 -1 -1 -1)
#(0 76 276080 21 2 0 1 72 385095 239253 -1 -1 -1 -1 -1)
#(0 76 412444 62 3 2 1 88 465308 359592 -1 -1 -1 -1 -1)
#(0 76 412455 51 3 2 0 26 140909 359592 -1 -1 -1 -1 -1)
#(0 76 412456 44 3 3 1 73 387730 359592 -1 -1 -1 -1 -1)
#(0 76 412457 51 3 1 0 79 420815 359592 -1 -1 -1 -1 -1)
#(0 76 412458 55 3 3 0 69 368381 359592 -1 -1 -1 -1 -1)
#(0 76 412459 54 3 1 1 63 334029 359592 -1 -1 -1 -1 -1)
#(0 76 412460 60 3 1 0 49 263014 359592 -1 -1 -1 -1 -1)
#(0 76 412461 51 3 2 1 87 460973 359592 -1 -1 -1 -1 -1)
#(0 76 412462 44 3 2 0 4 24082 359592 -1 -1 -1 -1 -1)
#(0 76 412463 50 3 2 1 97 514110 359592 -1 -1 -1 -1 -1)
#(0 76 412464 51 3 3 0 15 82858 359592 -1 -1 -1 -1 -1)
#(0 76 412467 62 3 2 0 70 374193 359592 -1 -1 -1 -1 -1)
#(0 76 412802 26 3 2 1 66 352429 359592 -1 -1 -1 -1 -1)
#(0 76 412807 28 3 1 1 73 389106 359592 -1 -1 -1 -1 -1)
#(0 76 412808 46 3 1 1 80 425272 359592 -1 -1 -1 -1 -1)
#(0 76 412809 33 3 3 0 30 160189 359592 -1 -1 -1 -1 -1)
#(0 76 412810 34 3 1 1 76 404767 359592 -1 -1 -1 -1 -1)
#(0 76 412811 20 3 2 0 6 32715 359592 -1 -1 -1 -1 -1)
#(0 76 412812 25 3 2 1 34 183435 359592 -1 -1 -1 -1 -1)
#(0 76 412813 42 3 3 1 48 256575 359592 -1 -1 -1 -1 -1)
#(0 76 412814 47 3 1 0 40 213586 359592 -1 -1 -1 -1 -1)
#(0 76 412815 22 3 2 0 10 53986 359592 -1 -1 -1 -1 -1)
#(0 76 412816 37 3 2 0 45 239467 359592 -1 -1 -1 -1 -1)
#(0 76 413158 27 3 0 1 88 469485 359592 -1 -1 -1 -1 -1)
#(0 76 413164 30 3 0 1 82 437714 359592 -1 -1 -1 -1 -1)
#(4 76 413164 -1 3 -1 -1 -1 -1 359619 0 0 0 0 -1)
#(0 76 413165 26 3 0 1 54 289964 359592 -1 -1 -1 -1 -1)
#(0 76 413166 26 3 0 0 13 69079 359592 -1 -1 -1 -1 -1)
#(0 76 413167 28 3 0 1 35 189602 359592 -1 -1 -1 -1 -1)
#(0 76 413169 29 3 0 0 34 180008 359592 -1 -1 -1 -1 -1)
#(0 76 413170 28 3 0 0 42 222221 359592 -1 -1 -1 -1 -1)
#(0 76 413171 25 3 0 1 97 517027 359592 -1 -1 -1 -1 -1)
#(0 77 327 55 0 2 1 84 444778 -1 -1 -1 -1 -1 -1)
#(0 77 331 59 0 3 0 35 188506 -1 -1 -1 -1 -1 -1)
#(0 77 335 74 0 2 1 78 416592 -1 -1 -1 -1 -1 -1)
#(0 77 336 55 0 2 1 83 439552 -1 -1 -1 -1 -1 -1)
#(0 77 337 44 0 2 0 13 71561 -1 -1 -1 -1 -1 -1)
#(0 77 338 73 0 3 0 33 174794 -1 -1 -1 -1 -1 -1)
#(0 77 340 46 0 2 0 20 109068 -1 -1 -1 -1 -1 -1)
#(0 77 342 64 0 2 0 11 63114 -1 -1 -1 -1 -1 -1)
#(0 77 343 52 0 3 0 72 383896 -1 -1 -1 -1 -1 -1)
#(0 77 344 55 0 1 0 70 373565 -1 -1 -1 -1 -1 -1)
#(0 77 345 50 0 2 1 59 313230 -1 -1 -1 -1 -1 -1)
#(0 77 346 57 0 2 1 44 233400 -1 -1 -1 -1 -1 -1)
#(0 77 695 40 0 2 0 23 123502 -1 -1 -1 -1 -1 -1)
#(0 77 697 24 0 2 1 69 368280 -1 -1 -1 -1 -1 -1)
#(0 77 698 23 0 3 1 83 442309 -1 -1 -1 -1 -1 -1)
#(0 77 699 32 0 3 1 92 489275 -1 -1 -1 -1 -1 -1)
#(0 77 700 29 0 2 0 18 96582 -1 -1 -1 -1 -1 -1)
#(0 77 701 35 0 3 0 73 387256 -1 -1 -1 -1 -1 -1)
#(0 77 702 24 0 2 0 56 297078 -1 -1 -1 -1 -1 -1)
#(0 77 703 35 0 3 1 84 446862 -1 -1 -1 -1 -1 -1)
#(0 77 704 44 0 1 0 19 102591 -1 -1 -1 -1 -1 -1)
#(0 77 705 46 0 1 0 36 192498 -1 -1 -1 -1 -1 -1)
#(0 77 706 21 0 2 1 71 379119 -1 -1 -1 -1 -1 -1)
#(0 77 707 38 0 2 1 90 478443 -1 -1 -1 -1 -1 -1)
#(0 77 708 38 0 3 0 40 213226 -1 -1 -1 -1 -1 -1)
#(0 77 709 26 0 2 1 95 505563 -1 -1 -1 -1 -1 -1)
#(2 77 709 -1 -1 -1 -1 -1 -1 16 -1 -1 -1 -1 -1)
#(0 77 710 25 0 2 1 52 278553 -1 -1 -1 -1 -1 -1)
#(0 77 1066 23 0 0 0 28 148216 -1 -1 -1 -1 -1 -1)
#(0 77 1074 21 0 0 1 56 300607 -1 -1 -1 -1 -1 -1)
#(0 77 1079 24 0 0 1 96 511744 -1 -1 -1 -1 -1 -1)
#(0 77 1080 34 0 0 0 15 79785 -1 -1 -1 -1 -1 -1)
#(0 77 1081 20 0 0 0 31 164012 -1 -1 -1 -1 -1 -1)
#(0 77 1082 26 0 0 1 94 501177 -1 -1 -1 -1 -1 -1)
#(0 77 1083 20 0 0 1 47 253116 -1 -1 -1 -1 -1 -1)
#(0 77 1084 31 0 0 0 26 137787 -1 -1 -1 -1 -1 -1)
#(0 77 1085 23 0 0 0 35 185171 -1 -1 -1 -1 -1 -1)
#(0 77 1086 25 0 0 1 87 464241 -1 -1 -1 -1 -1 -1)
#(0 77 1088 27 0 0 0 22 116598 -1 -1 -1 -1 -1 -1)
#(0 77 1089 29 0 0 1 86 458890 -1 -1 -1 -1 -1 -1)
#(0 77 137819 53 1 1 0 6 35296 119626 -1 -1 -1 -1 -1)
#(0 77 137839 64 1 1 1 83 438470 119626 -1 -1 -1 -1 -1)
#(0 77 137840 70 1 3 1 77 411471 119626 -1 -1 -1 -1 -1)
#(0 77 137841 73 1 2 0 12 64056 119626 -1 -1 -1 -1 -1)
#(0 77 137842 44 1 2 1 40 213515 119626 -1 -1 -1 -1 -1)
#(0 77 137843 49 1 2 0 36 193434 119626 -1 -1 -1 -1 -1)
#(0 77 137845 59 1 2 0 17 94211 119626 -1 -1 -1 -1 -1)
#(0 77 137846 60 1 3 0 1 9610 119626 -1 -1 -1 -1 -1)
#(0 77 138157 36 1 1 1 48 256848 119626 -1 -1 -1 -1 -1)
#(0 77 138160 20 1 0 1 98 521741 119626 -1 -1 -1 -1 -1)
#(0 77 138180 31 1 2 1 72 383868 119626 -1 -1 -1 -1 -1)
#(0 77 138182 28 1 2 1 42 225602 119626 -1 -1 -1 -1 -1)
#(0 77 138183 30 1 2 1 32 172710 119626 -1 -1 -1 -1 -1)
#(0 77 138184 23 1 2 0 55 291666 119626 -1 -1 -1 -1 -1)
#(0 77 138185 41 1 1 1 79 420287 119626 -1 -1 -1 -1 -1)
#(0 77 138186 35 1 2 1 63 336143 119626 -1 -1 -1 -1 -1)
#(0 77 138187 29 1 2 0 43 228532 119626 -1 -1 -1 -1 -1)
#(0 77 138492 28 1 0 1 98 522244 119626 -1 -1 -1 -1 -1)
#(0 77 138509 25 1 0 1 10 57656 119626 -1 -1 -1 -1 -1)
#(0 77 138510 34 1 0 1 50 268696 119626 -1 -1 -1 -1 -1)
#(0 77 138511 28 1 0 1 16 89282 119626 -1 -1 -1 -1 -1)
#(0 77 138512 28 1 0 0 4 21596 119626 -1 -1 -1 -1 -1)
#(0 77 138513 34 1 0 1 69 369021 119626 -1 -1 -1 -1 -1)
#(0 77 138514 26 1 0 0 2 10994 119626 -1 -1 -1 -1 -1)
#(0 77 138515 26 1 0 1 96 511746 119626 -1 -1 -1 -1 -1)
#(0 77 138516 23 1 0 0 56 296061 119626 -1 -1 -1 -1 -1)
#(0 77 138517 26 1 0 1 70 374452 119626 -1 -1 -1 -1 -1)
#(0 77 138518 28 1 0 0 37 195816 119626 -1 -1 -1 -1 -1)
#(0 77 138519 25 1 0 0 8 42640 119626 -1 -1 -1 -1 -1)
#(0 77 275364 53 2 2 1 59 313156 239253 -1 -1 -1 -1 -1)
#(0 77 275369 59 2 1 0 20 110071 239253 -1 -1 -1 -1 -1)
#(0 77 275370 75 2 2 0 25 137233 239253 -1 -1 -1 -1 -1)
#(0 77 275371 55 2 1 1 69 365593 239253 -1 -1 -1 -1 -1)
#(0 77 275372 57 2 1 1 98 518617 239253 -1 -1 -1 -1 -1)
#(0 77 275373 55 2 1 1 43 228358 239253 -1 -1 -1 -1 -1)
#(0 77 275375 69 2 2 1 64 338680 239253 -1 -1 -1 -1 -1)
#(0 77 275376 59 2 1 1 34 180421 239253 -1 -1 -1 -1 -1)
#(0 77 275377 57 2 2 0 1 9513 239253 -1 -1 -1 -1 -1)
#(0 77 275379 56 2 3 1 90 476435 239253 -1 -1 -1 -1 -1)
#(0 77 275731 38 2 1 1 60 320063 239253 -1 -1 -1 -1 -1)
#(0 77 275732 34 2 1 0 52 276371 239253 -1 -1 -1 -1 -1)
#(0 77 275733 34 2 3 0 26 139084 239253 -1 -1 -1 -1 -1)
#(0 77 275734 26 2 2 1 86 457869 239253 -1 -1 -1 -1 -1)
#(0 77 275735 30 2 2 1 98 521158 239253 -1 -1 -1 -1 -1)
#(0 77 275736 36 2 1 0 27 144487 239253 -1 -1 -1 -1 -1)
#(0 77 275737 43 2 3 0 11 60318 239253 -1 -1 -1 -1 -1)
#(0 77 275738 27 2 2 0 17 91139 239253 -1 -1 -1 -1 -1)
#(0 77 275739 25 2 3 1 72 384127 239253 -1 -1 -1 -1 -1)
#(0 77 275740 35 2 2 1 95 505031 239253 -1 -1 -1 -1 -1)
#(0 77 275741 46 2 1 1 59 314403 239253 -1 -1 -1 -1 -1)
#(4 77 275741 -1 2 -1 -1 -1 -1 239271 0 0 0 0 -1)
#(0 77 275742 28 2 2 0 29 154641 239253 -1 -1 -1 -1 -1)
#(0 77 275743 21 2 2 0 14 75051 239253 -1 -1 -1 -1 -1)
#(0 77 276081 25 2 0 1 98 522296 239253 -1 -1 -1 -1 -1)
#(0 77 276082 28 2 0 1 48 258251 239253 -1 -1 -1 -1 -1)
#(0 77 276083 20 2 0 1 57 305917 239253 -1 -1 -1 -1 -1)
#(0 77 276085 32 2 0 0 60 317314 239253 -1 -1 -1 -1 -1)
#(0 77 276086 26 2 0 0 7 37372 239253 -1 -1 -1 -1 -1)
#(0 77 412468 58 3 2 0 7 41365 359592 -1 -1 -1 -1 -1)
#(0 77 412469 61 3 1 0 52 279266 359592 -1 -1 -1 -1 -1)
#(0 77 412470 63 3 1 0 14 78753 359592 -1 -1 -1 -1 -1)
#(0 77 412471 62 3 3 0 34 184149 359592 -1 -1 -1 -1 -1)
#(0 77 412472 70 3 1 0 19 105578 359592 -1 -1 -1 -1 -1)
#(0 77 412475 51 3 2 1 62 329007 359592 -1 -1 -1 -1 -1)
#(0 77 412476 57 3 2 1 80 423400 359592 -1 -1 -1 -1 -1)
#(0 77 412477 59 3 2 1 45 238384 359592 -1 -1 -1 -1 -1)
#(0 77 412817 28 3 2 1 68 362858 359592 -1 -1 -1 -1 -1)
#(0 77 412818 37 3 1 1 81 431051 359592 -1 -1 -1 -1 -1)
#(0 77 412819 32 3 2 1 52 278199 359592 -1 -1 -1 -1 -1)
#(0 77 412820 34 3 1 1 70 373086 359592 -1 -1 -1 -1 -1)
#(0 77 412821 26 3 2 0 7 38306 359592 -1 -1 -1 -1 -1)
#(0 77 412822 20 3 2 1 99 526966 359592 -1 -1 -1 -1 -1)
#(0 77 412823 26 3 2 1 61 325967 359592 -1 -1 -1 -1 -1)
#(0 77 412824 36 3 2 1 82 436385 359592 -1 -1 -1 -1 -1)
#(0 77 412825 26 3 2 0 21 112226 359592 -1 -1 -1 -1 -1)
#(0 77 412826 39 3 2 0 12 65343 359592 -1 -1 -1 -1 -1)
#(0 77 412827 34 3 2 0 23 123209 359592 -1 -1 -1 -1 -1)
#(0 77 413168 28 3 0 0 13 69089 359592 -1 -1 -1 -1 -1)
#(0 77 413172 26 3 0 1 86 458910 359592 -1 -1 -1 -1 -1)
#(0 77 413173 25 3 0 0 3 16264 359592 -1 -1 -1 -1 -1)
#(0 77 413174 23 3 0 0 49 259115 359592 -1 -1 -1 -1 -1)
#(0 77 413175 26 3 0 0 1 5719 359592 -1 -1 -1 -1 -1)
#(0 77 413176 20 3 0 1 89 474866 359592 -1 -1 -1 -1 -1)
#(0 77 413177 26 3 0 1 92 490601 359592 -1 -1 -1 -1 -1)
#(0 77 413178 20 3 0 0 17 90099 359592 -1 -1 -1 -1 -1)
#(0 77 413179 26 3 0 1 38 205492 359592 -1 -1 -1 -1 -1)
#(0 77 413180 23 3 0 0 5 26782 359592 -1 -1 -1 -1 -1)
#(0 77 413181 30 3 0 1 93 495824 359592 -1 -1 -1 -1 -1)
#(0 77 413182 27 3 0 1 58 311068 359592 -1 -1 -1 -1 -1)
#(0 77 413183 30 3 0 0 27 143072 359592 -1 -1 -1 -1 -1)
#(0 77 413184 28 3 0 0 20 106071 359592 -1 -1 -1 -1 -1)
#(0 77 413185 25 3 0 0 36 190487 359592 -1 -1 -1 -1 -1)
#(0 77 413186 27 3 0 0 30 158843 359592 -1 -1 -1 -1 -1)
#(0 77 413187 28 3 0 1 37 200178 359592 -1 -1 -1 -1 -1)
#(0 77 413188 20 3 0 0 35 185121 359592 -1 -1 -1 -1 -1)
#(0 77 413189 30 3 0 1 60 321581 359592 -1 -1 -1 -1 -1)
#(0 77 413190 23 3 0 1 68 363948 359592 -1 -1 -1 -1 -1)
#(0 77 413191 32 3 0 1 63 337404 359592 -1 -1 -1 -1 -1)
#(0 77 413192 26 3 0 1 80 427268 359592 -1 -1 -1 -1 -1)
#(2 78 331 -1 -1 -1 -1 -1 -1 27 -1 -1 -1 -1 -1)
#(0 78 339 68 0 3 1 52 274844 -1 -1 -1 -1 -1 -1)
#(0 78 341 58 0 1 0 0 3523 -1 -1 -1 -1 -1 -1)
#(0 78 348 44 0 2 0 78 414837 -1 -1 -1 -1 -1 -1)
#(0 78 349 55 0 2 1 63 333886 -1 -1 -1 -1 -1 -1)
#(0 78 350 64 0 1 0 6 36764 -1 -1 -1 -1 -1 -1)
#(0 78 351 55 0 2 1 71 376214 -1 -1 -1 -1 -1 -1)
#(0 78 352 59 0 2 1 68 359765 -1 -1 -1 -1 -1 -1)
#(0 78 353 70 0 2 0 6 32084 -1 -1 -1 -1 -1 -1)
#(0 78 354 44 0 2 1 67 356055 -1 -1 -1 -1 -1 -1)
#(0 78 355 74 0 2 0 47 253192 -1 -1 -1 -1 -1 -1)
#(2 78 355 -1 -1 -1 -1 -1 -1 23 -1 -1 -1 -1 -1)
#(0 78 356 59 0 3 1 13 69497 -1 -1 -1 -1 -1 -1)
#(0 78 357 51 0 2 0 43 230655 -1 -1 -1 -1 -1 -1)
#(0 78 358 69 0 2 0 38 205417 -1 -1 -1 -1 -1 -1)
#(0 78 359 64 0 2 1 55 290694 -1 -1 -1 -1 -1 -1)
#(0 78 360 44 0 2 1 87 461677 -1 -1 -1 -1 -1 -1)
#(0 78 361 55 0 1 1 95 503130 -1 -1 -1 -1 -1 -1)
#(0 78 711 28 0 2 1 57 304779 -1 -1 -1 -1 -1 -1)
#(0 78 712 35 0 1 0 0 1867 -1 -1 -1 -1 -1 -1)
#(0 78 713 51 0 3 0 3 18525 -1 -1 -1 -1 -1 -1)
#(0 78 714 31 0 1 1 78 415487 -1 -1 -1 -1 -1 -1)
#(0 78 715 46 0 3 1 49 261640 -1 -1 -1 -1 -1 -1)
#(0 78 717 20 0 2 1 81 431924 -1 -1 -1 -1 -1 -1)
#(0 78 718 27 0 2 0 40 212597 -1 -1 -1 -1 -1 -1)
#(0 78 719 49 0 3 1 54 287871 -1 -1 -1 -1 -1 -1)
#(0 78 720 20 0 2 1 63 336890 -1 -1 -1 -1 -1 -1)
#(0 78 721 30 0 3 1 90 478931 -1 -1 -1 -1 -1 -1)
#(0 78 722 36 0 1 1 99 526153 -1 -1 -1 -1 -1 -1)
#(0 78 723 36 0 2 0 55 292236 -1 -1 -1 -1 -1 -1)
#(0 78 1087 20 0 0 0 11 58412 -1 -1 -1 -1 -1 -1)
#(0 78 1090 29 0 0 0 45 238096 -1 -1 -1 -1 -1 -1)
#(0 78 1091 30 0 0 1 45 242370 -1 -1 -1 -1 -1 -1)
#(0 78 1092 26 0 0 1 57 305797 -1 -1 -1 -1 -1 -1)
#(0 78 1093 23 0 0 0 48 253819 -1 -1 -1 -1 -1 -1)
#(0 78 1094 24 0 0 0 26 137674 -1 -1 -1 -1 -1 -1)
#(0 78 1095 29 0 0 0 39 206394 -1 -1 -1 -1 -1 -1)
#(0 78 1096 30 0 0 0 21 111378 -1 -1 -1 -1 -1 -1)
#(0 78 1097 29 0 0 1 84 448331 -1 -1 -1 -1 -1 -1)
#(0 78 137820 46 1 2 0 8 45359 119626 -1 -1 -1 -1 -1)
#(0 78 137844 61 1 2 1 92 487289 119626 -1 -1 -1 -1 -1)
#(0 78 137847 42 1 2 1 90 477594 119626 -1 -1 -1 -1 -1)
#(0 78 137848 44 1 2 0 36 193224 119626 -1 -1 -1 -1 -1)
#(0 78 137849 61 1 3 1 76 402039 119626 -1 -1 -1 -1 -1)
#(0 78 137850 55 1 3 1 56 296888 119626 -1 -1 -1 -1 -1)
#(0 78 137851 75 1 1 1 41 220922 119626 -1 -1 -1 -1 -1)
#(0 78 137852 57 1 1 0 2 14734 119626 -1 -1 -1 -1 -1)
#(0 78 137853 59 1 2 1 70 370558 119626 -1 -1 -1 -1 -1)
#(0 78 137854 61 1 2 1 88 465435 119626 -1 -1 -1 -1 -1)
#(0 78 137855 64 1 2 0 13 73622 119626 -1 -1 -1 -1 -1)
#(0 78 137856 59 1 2 0 22 120679 119626 -1 -1 -1 -1 -1)
#(0 78 137857 64 1 2 1 33 174516 119626 -1 -1 -1 -1 -1)
#(0 78 137858 57 1 1 1 71 376509 119626 -1 -1 -1 -1 -1)
#(0 78 137859 58 1 1 0 14 78342 119626 -1 -1 -1 -1 -1)
#(0 78 138165 20 1 2 1 48 257676 119626 -1 -1 -1 -1 -1)
#(0 78 138181 26 1 2 1 99 526559 119626 -1 -1 -1 -1 -1)
#(0 78 138188 20 1 2 0 21 111926 119626 -1 -1 -1 -1 -1)
#(0 78 138189 26 1 2 1 67 357533 119626 -1 -1 -1 -1 -1)
#(0 78 138190 36 1 2 1 90 478631 119626 -1 -1 -1 -1 -1)
#(0 78 138191 33 1 3 0 42 223574 119626 -1 -1 -1 -1 -1)
#(0 78 138192 54 1 3 0 49 261524 119626 -1 -1 -1 -1 -1)
#(0 78 138193 28 1 2 0 45 239019 119626 -1 -1 -1 -1 -1)
#(0 78 138194 21 1 2 0 55 291584 119626 -1 -1 -1 -1 -1)
#(0 78 138195 48 1 3 1 39 208713 119626 -1 -1 -1 -1 -1)
#(0 78 138196 23 1 2 1 78 415869 119626 -1 -1 -1 -1 -1)
#(0 78 138197 47 1 1 1 93 493819 119626 -1 -1 -1 -1 -1)
#(0 78 138198 27 1 2 0 11 59462 119626 -1 -1 -1 -1 -1)
#(0 78 138200 32 1 2 0 41 218148 119626 -1 -1 -1 -1 -1)
#(0 78 138201 28 1 2 0 12 64945 119626 -1 -1 -1 -1 -1)
#(0 78 138520 25 1 0 0 21 111304 119626 -1 -1 -1 -1 -1)
#(0 78 138521 29 1 0 0 36 190583 119626 -1 -1 -1 -1 -1)
#(0 78 138522 34 1 0 1 71 379569 119626 -1 -1 -1 -1 -1)
#(0 78 138523 23 1 0 1 91 485368 119626 -1 -1 -1 -1 -1)
#(0 78 138524 29 1 0 1 80 427178 119626 -1 -1 -1 -1 -1)
#(0 78 138525 29 1 0 0 3 16336 119626 -1 -1 -1 -1 -1)
#(0 78 138526 28 1 0 1 49 263537 119626 -1 -1 -1 -1 -1)
#(0 78 138527 28 1 0 1 90 480017 119626 -1 -1 -1 -1 -1)
#(0 78 138528 25 1 0 0 39 206325 119626 -1 -1 -1 -1 -1)
#(0 78 138530 29 1 0 1 99 527518 119626 -1 -1 -1 -1 -1)
#(0 78 138531 26 1 0 1 89 474779 119626 -1 -1 -1 -1 -1)
#(0 78 138532 31 1 0 0 41 216996 119626 -1 -1 -1 -1 -1)
#(0 78 138533 26 1 0 1 67 358619 119626 -1 -1 -1 -1 -1)
#(0 78 138534 29 1 0 1 98 522243 119626 -1 -1 -1 -1 -1)
#(0 78 138535 23 1 0 0 5 26774 119626 -1 -1 -1 -1 -1)
#(0 78 138536 29 1 0 1 76 406092 119626 -1 -1 -1 -1 -1)
#(0 78 138537 20 1 0 1 41 221441 119626 -1 -1 -1 -1 -1)
#(0 78 275367 66 2 1 1 74 392006 239253 -1 -1 -1 -1 -1)
#(0 78 275374 55 2 2 0 20 109631 239253 -1 -1 -1 -1 -1)
#(0 78 275378 57 2 1 1 97 513858 239253 -1 -1 -1 -1 -1)
#(0 78 275380 62 2 2 0 55 295137 239253 -1 -1 -1 -1 -1)
#(0 78 275381 70 2 2 1 90 480192 239253 -1 -1 -1 -1 -1)
#(0 78 275382 75 2 1 1 81 432604 239253 -1 -1 -1 -1 -1)
#(0 78 275383 60 2 2 1 73 386226 239253 -1 -1 -1 -1 -1)
#(0 78 275384 47 2 2 1 64 339773 239253 -1 -1 -1 -1 -1)
#(4 78 275384 -1 2 -1 -1 -1 -1 239272 0 0 0 0 -1)
#(0 78 275385 59 2 2 0 12 67767 239253 -1 -1 -1 -1 -1)
#(0 78 275386 59 2 1 0 9 51882 239253 -1 -1 -1 -1 -1)
#(0 78 275387 48 2 2 1 60 318446 239253 -1 -1 -1 -1 -1)
#(0 78 275388 62 2 2 0 21 115654 239253 -1 -1 -1 -1 -1)
#(0 78 275389 54 2 2 1 66 349925 239253 -1 -1 -1 -1 -1)
#(0 78 275390 70 2 2 1 94 496519 239253 -1 -1 -1 -1 -1)
#(0 78 275391 62 2 2 0 46 247297 239253 -1 -1 -1 -1 -1)
#(0 78 275393 70 2 2 0 4 21135 239253 -1 -1 -1 -1 -1)
#(0 78 275744 37 2 1 0 20 107529 239253 -1 -1 -1 -1 -1)
#(0 78 275745 27 2 2 1 90 479071 239253 -1 -1 -1 -1 -1)
#(0 78 275746 20 2 2 0 37 196407 239253 -1 -1 -1 -1 -1)
#(0 78 275747 21 2 2 0 12 64410 239253 -1 -1 -1 -1 -1)
#(0 78 275748 33 2 2 0 26 139014 239253 -1 -1 -1 -1 -1)
#(0 78 275749 46 2 1 0 65 345560 239253 -1 -1 -1 -1 -1)
#(0 78 275750 30 2 2 1 88 468337 239253 -1 -1 -1 -1 -1)
#(0 78 275751 30 2 1 0 2 12127 239253 -1 -1 -1 -1 -1)
#(0 78 276084 21 2 0 1 64 342857 239253 -1 -1 -1 -1 -1)
#(0 78 276087 34 2 0 0 52 275153 239253 -1 -1 -1 -1 -1)
#(0 78 276088 32 2 0 0 34 180065 239253 -1 -1 -1 -1 -1)
#(0 78 276090 25 2 0 0 77 406978 239253 -1 -1 -1 -1 -1)
#(0 78 276091 28 2 0 1 90 480002 239253 -1 -1 -1 -1 -1)
#(0 78 276092 33 2 0 1 50 268728 239253 -1 -1 -1 -1 -1)
#(0 78 276093 28 2 0 0 10 53271 239253 -1 -1 -1 -1 -1)
#(0 78 276094 28 2 0 1 78 416650 239253 -1 -1 -1 -1 -1)
#(0 78 276095 28 2 0 1 31 168495 239253 -1 -1 -1 -1 -1)
#(0 78 276096 31 2 0 0 3 16352 239253 -1 -1 -1 -1 -1)
#(0 78 276097 23 2 0 0 64 338300 239253 -1 -1 -1 -1 -1)
#(0 78 276098 25 2 0 0 2 10963 239253 -1 -1 -1 -1 -1)
#(0 78 276099 27 2 0 0 21 111323 239253 -1 -1 -1 -1 -1)
#(0 78 276100 34 2 0 1 93 495761 239253 -1 -1 -1 -1 -1)
#(0 78 276101 29 2 0 1 86 458884 239253 -1 -1 -1 -1 -1)
#(0 78 276102 25 2 0 1 29 157999 239253 -1 -1 -1 -1 -1)
#(0 78 412465 69 3 2 0 15 83544 359592 -1 -1 -1 -1 -1)
#(0 78 412466 61 3 3 1 87 460636 359592 -1 -1 -1 -1 -1)
#(0 78 412474 56 3 2 0 4 24629 359592 -1 -1 -1 -1 -1)
#(0 78 412478 57 3 2 0 63 337005 359592 -1 -1 -1 -1 -1)
#(0 78 412479 42 3 2 1 84 445932 359592 -1 -1 -1 -1 -1)
#(0 78 412480 47 3 3 0 30 161866 359592 -1 -1 -1 -1 -1)
#(0 78 412481 64 3 3 0 60 321650 359592 -1 -1 -1 -1 -1)
#(0 78 412483 54 3 1 0 75 399864 359592 -1 -1 -1 -1 -1)
#(0 78 412484 62 3 2 0 50 268782 359592 -1 -1 -1 -1 -1)
#(0 78 412485 43 3 3 1 69 366721 359592 -1 -1 -1 -1 -1)
#(0 78 412828 29 3 2 1 98 521186 359592 -1 -1 -1 -1 -1)
#(0 78 412829 29 3 2 0 33 175769 359592 -1 -1 -1 -1 -1)
#(0 78 412830 30 3 2 0 48 255000 359592 -1 -1 -1 -1 -1)
#(0 78 412832 40 3 1 0 39 207976 359592 -1 -1 -1 -1 -1)
#(0 78 412833 39 3 2 1 86 457331 359592 -1 -1 -1 -1 -1)
#(0 78 412834 35 3 1 1 94 499767 359592 -1 -1 -1 -1 -1)
#(0 78 412835 31 3 2 0 22 117734 359592 -1 -1 -1 -1 -1)
#(0 78 412836 38 3 1 0 19 102319 359592 -1 -1 -1 -1 -1)
#(0 78 412837 20 3 2 0 36 191112 359592 -1 -1 -1 -1 -1)
#(0 78 412838 37 3 2 1 37 198736 359592 -1 -1 -1 -1 -1)
#(0 78 412839 42 3 1 0 24 128934 359592 -1 -1 -1 -1 -1)
#(0 78 412840 40 3 3 0 28 149873 359592 -1 -1 -1 -1 -1)
#(0 78 413193 27 3 0 1 49 263539 359592 -1 -1 -1 -1 -1)
#(0 78 413194 29 3 0 1 77 411337 359592 -1 -1 -1 -1 -1)
#(0 78 413195 22 3 0 1 65 348118 359592 -1 -1 -1 -1 -1)
#(0 78 413196 23 3 0 1 94 501224 359592 -1 -1 -1 -1 -1)
#(0 78 413197 30 3 0 1 60 321587 359592 -1 -1 -1 -1 -1)
#(0 78 413198 29 3 0 0 77 407036 359592 -1 -1 -1 -1 -1)
#(4 78 413198 -1 3 -1 -1 -1 -1 359621 0 0 0 0 -1)
#(0 78 413199 32 3 0 0 22 116683 359592 -1 -1 -1 -1 -1)
#(0 78 413200 29 3 0 1 74 395526 359592 -1 -1 -1 -1 -1)
#(0 79 347 52 0 3 1 59 313129 -1 -1 -1 -1 -1 -1)
#(0 79 363 55 0 3 1 43 228311 -1 -1 -1 -1 -1 -1)
#(0 79 364 62 0 2 1 41 216934 -1 -1 -1 -1 -1 -1)
#(0 79 365 62 0 2 1 84 444397 -1 -1 -1 -1 -1 -1)
#(0 79 366 59 0 3 0 7 41476 -1 -1 -1 -1 -1 -1)
#(0 79 367 57 0 3 0 16 88778 -1 -1 -1 -1 -1 -1)
#(0 79 368 60 0 2 1 65 344410 -1 -1 -1 -1 -1 -1)
#(0 79 369 54 0 1 1 52 275736 -1 -1 -1 -1 -1 -1)
#(0 79 371 73 0 2 0 10 53544 -1 -1 -1 -1 -1 -1)
#(0 79 372 62 0 3 1 49 259230 -1 -1 -1 -1 -1 -1)
#(0 79 373 58 0 1 1 85 449943 -1 -1 -1 -1 -1 -1)
#(0 79 374 55 0 3 1 86 455023 -1 -1 -1 -1 -1 -1)
#(0 79 716 35 0 2 0 3 17652 -1 -1 -1 -1 -1 -1)
#(0 79 724 35 0 3 0 16 86403 -1 -1 -1 -1 -1 -1)
#(0 79 726 32 0 2 0 2 12263 -1 -1 -1 -1 -1 -1)
#(0 79 727 42 0 3 1 72 383249 -1 -1 -1 -1 -1 -1)
#(0 79 728 26 0 2 0 18 96382 -1 -1 -1 -1 -1 -1)
#(0 79 729 39 0 1 1 51 272522 -1 -1 -1 -1 -1 -1)
#(0 79 730 30 0 2 0 34 181057 -1 -1 -1 -1 -1 -1)
#(0 79 732 51 0 1 0 37 198018 -1 -1 -1 -1 -1 -1)
#(2 79 732 -1 -1 -1 -1 -1 -1 19 -1 -1 -1 -1 -1)
#(0 79 733 32 0 2 1 26 140892 -1 -1 -1 -1 -1 -1)
#(0 79 734 39 0 3 0 71 376922 -1 -1 -1 -1 -1 -1)
#(0 79 735 44 0 2 1 85 451805 -1 -1 -1 -1 -1 -1)
#(0 79 737 39 0 1 1 67 357047 -1 -1 -1 -1 -1 -1)
#(0 79 738 34 0 2 1 68 362603 -1 -1 -1 -1 -1 -1)
#(0 79 1098 25 0 0 1 75 400859 -1 -1 -1 -1 -1 -1)
#(0 79 1099 20 0 0 1 86 459025 -1 -1 -1 -1 -1 -1)
#(0 79 1100 23 0 0 0 38 201028 -1 -1 -1 -1 -1 -1)
#(0 79 1101 25 0 0 0 10 53214 -1 -1 -1 -1 -1 -1)
#(0 79 1102 28 0 0 0 15 79668 -1 -1 -1 -1 -1 -1)
#(0 79 1103 26 0 0 1 58 311076 -1 -1 -1 -1 -1 -1)
#(0 79 1104 24 0 0 0 16 84869 -1 -1 -1 -1 -1 -1)
#(0 79 1105 27 0 0 1 81 432515 -1 -1 -1 -1 -1 -1)
#(0 79 1106 27 0 0 1 35 189634 -1 -1 -1 -1 -1 -1)
#(0 79 1107 27 0 0 1 66 353321 -1 -1 -1 -1 -1 -1)
#(0 79 1108 32 0 0 1 95 506358 -1 -1 -1 -1 -1 -1)
#(0 79 1109 19 0 0 0 31 163979 -1 -1 -1 -1 -1 -1)
#(0 79 1111 32 0 0 0 27 143076 -1 -1 -1 -1 -1 -1)
#(0 79 1112 27 0 0 0 89 470353 -1 -1 -1 -1 -1 -1)
#(0 79 137860 44 1 2 0 1 8302 119626 -1 -1 -1 -1 -1)
#(0 79 137861 62 1 2 0 3 20576 119626 -1 -1 -1 -1 -1)
#(0 79 137862 64 1 1 0 44 237396 119626 -1 -1 -1 -1 -1)
#(0 79 137863 57 1 3 1 51 270278 119626 -1 -1 -1 -1 -1)
#(0 79 137864 61 1 2 0 35 189510 119626 -1 -1 -1 -1 -1)
#(0 79 137865 70 1 2 1 81 432648 119626 -1 -1 -1 -1 -1)
#(0 79 137866 67 1 1 0 54 290164 119626 -1 -1 -1 -1 -1)
#(0 79 137867 64 1 2 1 89 470185 119626 -1 -1 -1 -1 -1)
#(0 79 137869 44 1 1 1 97 514498 119626 -1 -1 -1 -1 -1)
#(0 79 137870 62 1 2 0 19 105074 119626 -1 -1 -1 -1 -1)
#(0 79 137871 55 1 2 0 59 315506 119626 -1 -1 -1 -1 -1)
#(0 79 137873 55 1 2 1 38 201978 119626 -1 -1 -1 -1 -1)
#(0 79 137874 66 1 2 1 79 417155 119626 -1 -1 -1 -1 -1)
#(0 79 137875 64 1 2 1 80 423300 119626 -1 -1 -1 -1 -1)
#(0 79 137876 43 1 2 0 7 39865 119626 -1 -1 -1 -1 -1)
#(0 79 137878 67 1 2 0 30 163632 119626 -1 -1 -1 -1 -1)
#(0 79 138203 45 1 1 1 75 398883 119626 -1 -1 -1 -1 -1)
#(0 79 138204 34 1 2 1 94 499837 119626 -1 -1 -1 -1 -1)
#(0 79 138205 38 1 1 0 33 176197 119626 -1 -1 -1 -1 -1)
#(0 79 138206 38 1 3 1 53 283177 119626 -1 -1 -1 -1 -1)
#(0 79 138207 24 1 2 0 48 254871 119626 -1 -1 -1 -1 -1)
#(0 79 138208 49 1 2 1 97 514915 119626 -1 -1 -1 -1 -1)
#(0 79 138529 24 1 0 0 8 42643 119626 -1 -1 -1 -1 -1)
#(0 79 138538 27 1 0 0 2 11027 119626 -1 -1 -1 -1 -1)
#(0 79 138539 32 1 0 1 75 400737 119626 -1 -1 -1 -1 -1)
#(0 79 138540 26 1 0 1 98 522307 119626 -1 -1 -1 -1 -1)
#(0 79 138541 26 1 0 0 48 253868 119626 -1 -1 -1 -1 -1)
#(0 79 138542 27 1 0 0 17 90199 119626 -1 -1 -1 -1 -1)
#(0 79 138543 26 1 0 0 14 74342 119626 -1 -1 -1 -1 -1)
#(0 79 138544 27 1 0 0 45 238033 119626 -1 -1 -1 -1 -1)
#(0 79 138545 26 1 0 1 90 480065 119626 -1 -1 -1 -1 -1)
#(0 79 275392 56 2 1 1 90 476550 239253 -1 -1 -1 -1 -1)
#(0 79 275394 61 2 1 1 67 354036 239253 -1 -1 -1 -1 -1)
#(0 79 275395 51 2 1 1 95 503317 239253 -1 -1 -1 -1 -1)
#(0 79 275396 59 2 1 0 33 178798 239253 -1 -1 -1 -1 -1)
#(0 79 275397 62 2 2 0 18 99620 239253 -1 -1 -1 -1 -1)
#(0 79 275398 53 2 1 0 51 273111 239253 -1 -1 -1 -1 -1)
#(0 79 275400 67 2 2 1 23 121500 239253 -1 -1 -1 -1 -1)
#(0 79 275401 62 2 2 1 86 454658 239253 -1 -1 -1 -1 -1)
#(0 79 275402 56 2 2 0 12 67419 239253 -1 -1 -1 -1 -1)
#(0 79 275403 58 2 1 1 69 365492 239253 -1 -1 -1 -1 -1)
#(0 79 275404 63 2 2 1 73 386313 239253 -1 -1 -1 -1 -1)
#(0 79 275405 64 2 2 0 34 184524 239253 -1 -1 -1 -1 -1)
#(0 79 275406 70 2 1 0 37 195588 239253 -1 -1 -1 -1 -1)
#(0 79 275407 60 2 1 1 55 291290 239253 -1 -1 -1 -1 -1)
#(0 79 275408 57 2 3 1 80 423442 239253 -1 -1 -1 -1 -1)
#(0 79 275409 57 2 1 1 35 185839 239253 -1 -1 -1 -1 -1)
#(0 79 275410 63 2 2 1 85 449928 239253 -1 -1 -1 -1 -1)
#(0 79 275753 32 2 2 1 76 404738 239253 -1 -1 -1 -1 -1)
#(0 79 275754 35 2 3 1 40 214658 239253 -1 -1 -1 -1 -1)
#(0 79 275755 49 2 1 1 56 298413 239253 -1 -1 -1 -1 -1)
#(0 79 275756 26 2 2 1 93 494855 239253 -1 -1 -1 -1 -1)
#(0 79 275757 20 2 2 0 38 201686 239253 -1 -1 -1 -1 -1)
#(0 79 275758 28 2 2 0 81 429117 239253 -1 -1 -1 -1 -1)
#(0 79 275759 42 2 3 0 31 165906 239253 -1 -1 -1 -1 -1)
#(0 79 275761 35 2 1 0 20 107423 239253 -1 -1 -1 -1 -1)
#(0 79 275762 30 2 2 1 59 315268 239253 -1 -1 -1 -1 -1)
#(0 79 275763 36 2 1 0 27 144459 239253 -1 -1 -1 -1 -1)
#(0 79 275764 34 2 1 0 45 239347 239253 -1 -1 -1 -1 -1)
#(0 79 275765 41 2 3 0 42 223914 239253 -1 -1 -1 -1 -1)
#(0 79 275766 40 2 1 0 66 350543 239253 -1 -1 -1 -1 -1)
#(0 79 276089 20 2 0 1 64 342889 239253 -1 -1 -1 -1 -1)
#(0 79 276103 32 2 0 1 75 400740 239253 -1 -1 -1 -1 -1)
#(0 79 276104 26 2 0 1 99 527560 239253 -1 -1 -1 -1 -1)
#(0 79 276105 20 2 0 1 92 490712 239253 -1 -1 -1 -1 -1)
#(0 79 276106 25 2 0 1 91 485350 239253 -1 -1 -1 -1 -1)
#(0 79 276107 29 2 0 1 62 332158 239253 -1 -1 -1 -1 -1)
#(0 79 276108 20 2 0 1 40 216155 239253 -1 -1 -1 -1 -1)
#(0 79 276109 20 2 0 1 94 501278 239253 -1 -1 -1 -1 -1)
#(0 79 276110 32 2 0 1 69 369067 239253 -1 -1 -1 -1 -1)
#(0 79 276112 25 2 0 0 44 232713 239253 -1 -1 -1 -1 -1)
#(0 79 412473 57 3 2 1 87 460863 359592 -1 -1 -1 -1 -1)
#(0 79 412486 44 3 2 1 55 292684 359592 -1 -1 -1 -1 -1)
#(0 79 412487 57 3 2 0 61 326440 359592 -1 -1 -1 -1 -1)
#(0 79 412488 61 3 3 1 58 306926 359592 -1 -1 -1 -1 -1)
#(0 79 412489 67 3 2 1 84 448724 359592 -1 -1 -1 -1 -1)
#(0 79 412490 44 3 2 0 12 66359 359592 -1 -1 -1 -1 -1)
#(0 79 412491 61 3 3 1 65 343941 359592 -1 -1 -1 -1 -1)
#(0 79 412492 62 3 2 0 14 78730 359592 -1 -1 -1 -1 -1)
#(0 79 412493 57 3 1 1 59 312479 359592 -1 -1 -1 -1 -1)
#(0 79 412494 47 3 2 0 43 230585 359592 -1 -1 -1 -1 -1)
#(0 79 412495 70 3 2 0 28 148073 359592 -1 -1 -1 -1 -1)
#(0 79 412496 44 3 2 1 96 509181 359592 -1 -1 -1 -1 -1)
#(0 79 412497 44 3 2 0 48 256400 359592 -1 -1 -1 -1 -1)
#(0 79 412498 62 3 3 0 19 105016 359592 -1 -1 -1 -1 -1)
#(0 79 412831 27 3 2 0 7 38355 359592 -1 -1 -1 -1 -1)
#(0 79 412841 31 3 2 0 19 101905 359592 -1 -1 -1 -1 -1)
#(0 79 412842 29 3 2 1 98 521183 359592 -1 -1 -1 -1 -1)
#(0 79 412843 20 3 2 1 99 526961 359592 -1 -1 -1 -1 -1)
#(0 79 412844 29 3 2 0 24 128222 359592 -1 -1 -1 -1 -1)
#(0 79 412845 27 3 2 1 70 373468 359592 -1 -1 -1 -1 -1)
#(0 79 412846 35 3 1 1 72 383594 359592 -1 -1 -1 -1 -1)
#(0 79 412847 33 3 1 0 60 318557 359592 -1 -1 -1 -1 -1)
#(0 79 412848 54 3 1 1 62 329832 359592 -1 -1 -1 -1 -1)
#(0 79 412849 37 3 2 1 76 404695 359592 -1 -1 -1 -1 -1)
#(0 79 413202 34 3 0 1 83 442927 359592 -1 -1 -1 -1 -1)
#(0 79 413203 32 3 0 0 10 53344 359592 -1 -1 -1 -1 -1)
#(0 79 413204 34 3 0 0 40 211783 359592 -1 -1 -1 -1 -1)
#(0 79 413205 26 3 0 0 55 290840 359592 -1 -1 -1 -1 -1)
#(0 79 413206 30 3 0 1 95 506379 359592 -1 -1 -1 -1 -1)
#(0 79 413207 27 3 0 0 2 11006 359592 -1 -1 -1 -1 -1)
#(0 79 413208 32 3 0 1 79 421863 359592 -1 -1 -1 -1 -1)
#(0 79 413209 25 3 0 1 56 300552 359592 -1 -1 -1 -1 -1)
#(0 79 413210 16 3 0 0 35 185061 359592 -1 -1 -1 -1 -1)
#(0 79 413211 29 3 0 0 63 333115 359592 -1 -1 -1 -1 -1)
#(0 79 413212 20 3 0 1 63 337598 359592 -1 -1 -1 -1 -1)
#(0 79 413213 28 3 0 1 73 390262 359592 -1 -1 -1 -1 -1)
#(4 79 413213 -1 3 -1 -1 -1 -1 359622 0 0 0 0 -1)
#(0 80 362 51 0 2 1 95 503285 -1 -1 -1 -1 -1 -1)
#(0 80 370 66 0 1 1 55 290787 -1 -1 -1 -1 -1 -1)
#(2 80 373 -1 -1 -1 -1 -1 -1 28 -1 -1 -1 -1 -1)
#(0 80 375 70 0 3 1 44 237339 -1 -1 -1 -1 -1 -1)
#(0 80 376 49 0 2 1 57 302718 -1 -1 -1 -1 -1 -1)
#(0 80 377 62 0 1 1 94 497400 -1 -1 -1 -1 -1 -1)
#(0 80 378 55 0 2 1 58 307480 -1 -1 -1 -1 -1 -1)
#(0 80 379 59 0 3 0 81 432015 -1 -1 -1 -1 -1 -1)
#(0 80 380 75 0 2 1 55 294769 -1 -1 -1 -1 -1 -1)
#(0 80 381 64 0 2 0 41 221525 -1 -1 -1 -1 -1 -1)
#(0 80 382 44 0 2 0 5 29353 -1 -1 -1 -1 -1 -1)
#(0 80 383 51 0 2 0 58 309794 -1 -1 -1 -1 -1 -1)
#(0 80 384 57 0 3 1 50 264997 -1 -1 -1 -1 -1 -1)
#(0 80 385 68 0 2 0 6 36858 -1 -1 -1 -1 -1 -1)
#(0 80 386 64 0 3 0 37 200387 -1 -1 -1 -1 -1 -1)
#(0 80 725 26 0 2 0 3 17170 -1 -1 -1 -1 -1 -1)
#(0 80 731 21 0 3 1 63 336894 -1 -1 -1 -1 -1 -1)
#(0 80 736 20 0 2 1 81 431928 -1 -1 -1 -1 -1 -1)
#(0 80 739 33 0 2 0 5 28125 -1 -1 -1 -1 -1 -1)
#(0 80 740 40 0 1 1 79 420274 -1 -1 -1 -1 -1 -1)
#(0 80 742 20 0 3 0 6 32727 -1 -1 -1 -1 -1 -1)
#(0 80 743 42 0 3 0 52 276773 -1 -1 -1 -1 -1 -1)
#(0 80 744 20 0 2 1 35 189044 -1 -1 -1 -1 -1 -1)
#(0 80 745 26 0 2 1 44 236264 -1 -1 -1 -1 -1 -1)
#(0 80 746 41 0 1 0 63 334748 -1 -1 -1 -1 -1 -1)
#(0 80 748 35 0 3 1 84 446973 -1 -1 -1 -1 -1 -1)
#(0 80 749 36 0 1 0 42 223645 -1 -1 -1 -1 -1 -1)
#(0 80 750 35 0 1 1 31 167162 -1 -1 -1 -1 -1 -1)
#(0 80 751 36 0 2 1 97 515586 -1 -1 -1 -1 -1 -1)
#(0 80 752 36 0 1 1 77 409983 -1 -1 -1 -1 -1 -1)
#(0 80 1110 24 0 0 0 26 137681 -1 -1 -1 -1 -1 -1)
#(0 80 1113 20 0 0 0 64 338256 -1 -1 -1 -1 -1 -1)
#(0 80 1114 32 0 0 0 8 42777 -1 -1 -1 -1 -1 -1)
#(0 80 1115 17 0 0 0 11 58358 -1 -1 -1 -1 -1 -1)
#(0 80 1116 28 0 0 0 30 158865 -1 -1 -1 -1 -1 -1)
#(0 80 1117 30 0 0 0 3 16345 -1 -1 -1 -1 -1 -1)
#(0 80 1118 23 0 0 0 32 169337 -1 -1 -1 -1 -1 -1)
#(0 80 1119 23 0 0 0 15 79577 -1 -1 -1 -1 -1 -1)
#(0 80 1122 29 0 0 1 73 390237 -1 -1 -1 -1 -1 -1)
#(0 80 1123 20 0 0 1 76 406241 -1 -1 -1 -1 -1 -1)
#(0 80 1124 25 0 0 0 6 32081 -1 -1 -1 -1 -1 -1)
#(0 80 1125 25 0 0 1 93 495909 -1 -1 -1 -1 -1 -1)
#(0 80 137868 61 1 2 1 56 296721 119626 -1 -1 -1 -1 -1)
#(0 80 137872 59 1 3 0 35 189345 119626 -1 -1 -1 -1 -1)
#(0 80 137879 44 1 2 1 91 482773 119626 -1 -1 -1 -1 -1)
#(0 80 137880 41 1 3 0 0 2906 119626 -1 -1 -1 -1 -1)
#(0 80 137881 51 1 1 1 96 508493 119626 -1 -1 -1 -1 -1)
#(0 80 137882 44 1 3 1 82 435250 119626 -1 -1 -1 -1 -1)
#(0 80 137883 63 1 2 0 2 14864 119626 -1 -1 -1 -1 -1)
#(0 80 137884 55 1 1 1 12 64666 119626 -1 -1 -1 -1 -1)
#(0 80 137885 62 1 3 1 94 497303 119626 -1 -1 -1 -1 -1)
#(0 80 137886 53 1 2 1 92 487639 119626 -1 -1 -1 -1 -1)
#(0 80 137887 66 1 3 0 4 25546 119626 -1 -1 -1 -1 -1)
#(0 80 137888 51 1 2 1 88 466300 119626 -1 -1 -1 -1 -1)
#(0 80 137889 64 1 1 0 38 205679 119626 -1 -1 -1 -1 -1)
#(0 80 137890 57 1 2 0 31 167848 119626 -1 -1 -1 -1 -1)
#(0 80 137891 55 1 1 0 22 120387 119626 -1 -1 -1 -1 -1)
#(0 80 138199 21 1 3 1 48 257611 119626 -1 -1 -1 -1 -1)
#(0 80 138202 23 1 3 0 55 291688 119626 -1 -1 -1 -1 -1)
#(0 80 138210 22 1 2 1 74 394808 119626 -1 -1 -1 -1 -1)
#(0 80 138211 33 1 2 1 97 515763 119626 -1 -1 -1 -1 -1)
#(0 80 138212 20 1 3 1 53 284104 119626 -1 -1 -1 -1 -1)
#(0 80 138213 39 1 1 1 82 436198 119626 -1 -1 -1 -1 -1)
#(0 80 138214 23 1 2 0 17 91006 119626 -1 -1 -1 -1 -1)
#(0 80 138215 21 1 2 0 14 75015 119626 -1 -1 -1 -1 -1)
#(0 80 138216 30 1 2 1 52 278291 119626 -1 -1 -1 -1 -1)
#(0 80 138217 44 1 1 0 34 181790 119626 -1 -1 -1 -1 -1)
#(0 80 138218 20 1 2 0 29 154154 119626 -1 -1 -1 -1 -1)
#(0 80 138219 38 1 3 1 69 367661 119626 -1 -1 -1 -1 -1)
#(0 80 138220 28 1 3 0 27 143975 119626 -1 -1 -1 -1 -1)
#(0 80 138221 26 1 2 0 11 59375 119626 -1 -1 -1 -1 -1)
#(0 80 138546 32 1 0 1 88 469384 119626 -1 -1 -1 -1 -1)
#(0 80 138547 20 1 0 1 55 295365 119626 -1 -1 -1 -1 -1)
#(0 80 275399 60 2 2 0 51 273446 239253 -1 -1 -1 -1 -1)
#(0 80 275411 67 2 1 0 40 215685 239253 -1 -1 -1 -1 -1)
#(0 80 275412 59 2 1 0 10 57365 239253 -1 -1 -1 -1 -1)
#(0 80 275413 59 2 1 0 16 88842 239253 -1 -1 -1 -1 -1)
#(0 80 275414 54 2 2 1 97 514012 239253 -1 -1 -1 -1 -1)
#(0 80 275415 56 2 3 1 70 370758 239253 -1 -1 -1 -1 -1)
#(0 80 275416 57 2 1 0 9 51668 239253 -1 -1 -1 -1 -1)
#(0 80 275417 70 2 2 1 98 522635 239253 -1 -1 -1 -1 -1)
#(0 80 275418 55 2 2 0 65 347114 239253 -1 -1 -1 -1 -1)
#(0 80 275419 70 2 1 0 49 259038 239253 -1 -1 -1 -1 -1)
#(0 80 275752 21 2 3 0 37 196461 239253 -1 -1 -1 -1 -1)
#(0 80 275760 33 2 2 0 26 138970 239253 -1 -1 -1 -1 -1)
#(0 80 275767 43 2 1 1 47 251203 239253 -1 -1 -1 -1 -1)
#(0 80 275768 40 2 1 0 30 160495 239253 -1 -1 -1 -1 -1)
#(0 80 275769 35 2 1 1 70 373067 239253 -1 -1 -1 -1 -1)
#(0 80 275770 34 2 2 0 59 313298 239253 -1 -1 -1 -1 -1)
#(0 80 275771 30 2 2 0 16 86044 239253 -1 -1 -1 -1 -1)
#(0 80 275772 30 2 1 0 29 154768 239253 -1 -1 -1 -1 -1)
#(0 80 275773 53 2 3 1 63 335180 239253 -1 -1 -1 -1 -1)
#(0 80 275774 27 2 2 1 92 489646 239253 -1 -1 -1 -1 -1)
#(0 80 275775 41 2 1 0 13 70816 239253 -1 -1 -1 -1 -1)
#(0 80 275776 33 2 1 1 39 209475 239253 -1 -1 -1 -1 -1)
#(0 80 276111 25 2 0 0 2 10988 239253 -1 -1 -1 -1 -1)
#(0 80 276113 22 2 0 1 72 385070 239253 -1 -1 -1 -1 -1)
#(0 80 276114 28 2 0 0 46 243345 239253 -1 -1 -1 -1 -1)
#(0 80 276115 26 2 0 1 51 274133 239253 -1 -1 -1 -1 -1)
#(0 80 276116 20 2 0 0 47 248487 239253 -1 -1 -1 -1 -1)
#(0 80 276117 30 2 0 1 88 469422 239253 -1 -1 -1 -1 -1)
#(0 80 276118 29 2 0 0 59 311989 239253 -1 -1 -1 -1 -1)
#(0 80 276119 23 2 0 1 2 15471 239253 -1 -1 -1 -1 -1)
#(0 80 412482 49 3 1 0 30 161902 359592 -1 -1 -1 -1 -1)
#(0 80 412499 55 3 3 1 94 497585 359592 -1 -1 -1 -1 -1)
#(0 80 412500 67 3 2 1 79 417258 359592 -1 -1 -1 -1 -1)
#(0 80 412502 64 3 1 0 14 78823 359592 -1 -1 -1 -1 -1)
#(0 80 412503 57 3 3 1 80 423474 359592 -1 -1 -1 -1 -1)
#(0 80 412504 59 3 3 1 44 233096 359592 -1 -1 -1 -1 -1)
#(0 80 412505 51 3 2 1 76 402901 359592 -1 -1 -1 -1 -1)
#(0 80 412850 37 3 1 0 11 60074 359592 -1 -1 -1 -1 -1)
#(0 80 412851 28 3 2 1 66 352335 359592 -1 -1 -1 -1 -1)
#(0 80 412853 25 3 2 1 98 521412 359592 -1 -1 -1 -1 -1)
#(0 80 412854 31 3 2 0 9 49131 359592 -1 -1 -1 -1 -1)
#(0 80 412855 25 3 2 0 27 143852 359592 -1 -1 -1 -1 -1)
#(0 80 412856 34 3 1 0 4 22875 359592 -1 -1 -1 -1 -1)
#(0 80 412857 40 3 1 1 39 209168 359592 -1 -1 -1 -1 -1)
#(0 80 412858 24 3 2 0 10 54046 359592 -1 -1 -1 -1 -1)
#(0 80 413201 25 3 0 1 74 395579 359592 -1 -1 -1 -1 -1)
#(0 80 413214 22 3 0 1 28 152743 359592 -1 -1 -1 -1 -1)
#(0 80 413215 23 3 0 1 94 501223 359592 -1 -1 -1 -1 -1)
#(0 80 413216 26 3 0 1 79 421977 359592 -1 -1 -1 -1 -1)
#(0 80 413217 26 3 0 0 22 116588 359592 -1 -1 -1 -1 -1)
#(0 80 413218 29 3 0 0 10 53289 359592 -1 -1 -1 -1 -1)
#(0 80 413219 27 3 0 1 72 384988 359592 -1 -1 -1 -1 -1)
#(0 80 413220 29 3 0 1 14 78718 359592 -1 -1 -1 -1 -1)
#(0 80 413221 34 3 0 0 74 391290 359592 -1 -1 -1 -1 -1)
#(0 80 413222 30 3 0 1 57 305735 359592 -1 -1 -1 -1 -1)
#(0 80 413223 25 3 0 1 49 263579 359592 -1 -1 -1 -1 -1)
#(0 80 413224 27 3 0 0 29 153557 359592 -1 -1 -1 -1 -1)
#(0 80 413225 20 3 0 1 83 443199 359592 -1 -1 -1 -1 -1)
#(0 81 387 57 0 2 1 73 386412 -1 -1 -1 -1 -1 -1)
#(0 81 388 51 0 2 1 97 513751 -1 -1 -1 -1 -1 -1)
#(0 81 389 70 0 2 1 25 136971 -1 -1 -1 -1 -1 -1)
#(0 81 390 57 0 2 0 19 104547 -1 -1 -1 -1 -1 -1)
#(0 81 391 59 0 2 0 3 20604 -1 -1 -1 -1 -1 -1)
#(0 81 392 54 0 2 1 50 265517 -1 -1 -1 -1 -1 -1)
#(0 81 393 55 0 2 1 84 444799 -1 -1 -1 -1 -1 -1)
#(0 81 395 51 0 2 0 4 24751 -1 -1 -1 -1 -1 -1)
#(0 81 741 30 0 2 0 5 27969 -1 -1 -1 -1 -1 -1)
#(0 81 747 40 0 2 1 79 420347 -1 -1 -1 -1 -1 -1)
#(0 81 754 32 0 2 1 67 357368 -1 -1 -1 -1 -1 -1)
#(0 81 755 37 0 1 1 75 399357 -1 -1 -1 -1 -1 -1)
#(0 81 756 41 0 3 0 52 276699 -1 -1 -1 -1 -1 -1)
#(0 81 757 32 0 2 1 78 415452 -1 -1 -1 -1 -1 -1)
#(0 81 758 28 0 3 0 18 96506 -1 -1 -1 -1 -1 -1)
#(0 81 759 31 0 2 0 46 244473 -1 -1 -1 -1 -1 -1)
#(0 81 760 29 0 2 0 29 154642 -1 -1 -1 -1 -1 -1)
#(0 81 761 45 0 3 1 62 330312 -1 -1 -1 -1 -1 -1)
#(0 81 762 35 0 1 0 28 149661 -1 -1 -1 -1 -1 -1)
#(0 81 763 30 0 3 1 96 510570 -1 -1 -1 -1 -1 -1)
#(0 81 765 43 0 3 1 60 319856 -1 -1 -1 -1 -1 -1)
#(0 81 767 20 0 3 1 90 479458 -1 -1 -1 -1 -1 -1)
#(0 81 768 34 0 2 0 21 112650 -1 -1 -1 -1 -1 -1)
#(0 81 769 25 0 2 1 83 442176 -1 -1 -1 -1 -1 -1)
#(0 81 1120 30 0 0 0 27 143074 -1 -1 -1 -1 -1 -1)
#(0 81 1121 28 0 0 1 81 432475 -1 -1 -1 -1 -1 -1)
#(0 81 1126 21 0 0 0 64 338250 -1 -1 -1 -1 -1 -1)
#(0 81 1127 20 0 0 0 24 127049 -1 -1 -1 -1 -1 -1)
#(0 81 1128 27 0 0 1 66 353317 -1 -1 -1 -1 -1 -1)
#(0 81 1129 25 0 0 0 25 132405 -1 -1 -1 -1 -1 -1)
#(0 81 1130 23 0 0 0 35 185172 -1 -1 -1 -1 -1 -1)
#(0 81 1131 27 0 0 0 14 74363 -1 -1 -1 -1 -1 -1)
#(0 81 1132 19 0 0 0 16 84794 -1 -1 -1 -1 -1 -1)
#(0 81 1133 31 0 0 1 82 437724 -1 -1 -1 -1 -1 -1)
#(0 81 1134 20 0 0 1 63 337602 -1 -1 -1 -1 -1 -1)
#(0 81 1135 20 0 0 0 33 174555 -1 -1 -1 -1 -1 -1)
#(0 81 1136 26 0 0 1 42 226628 -1 -1 -1 -1 -1 -1)
#(0 81 1137 20 0 0 1 73 390404 -1 -1 -1 -1 -1 -1)
#(0 81 137892 59 1 3 1 50 264884 119626 -1 -1 -1 -1 -1)
#(0 81 137893 55 1 2 1 79 418379 119626 -1 -1 -1 -1 -1)
#(0 81 137894 64 1 3 0 20 110560 119626 -1 -1 -1 -1 -1)
#(0 81 137895 69 1 1 0 10 57785 119626 -1 -1 -1 -1 -1)
#(0 81 137897 62 1 3 0 67 358470 119626 -1 -1 -1 -1 -1)
#(0 81 137898 46 1 2 1 92 488012 119626 -1 -1 -1 -1 -1)
#(0 81 137899 55 1 2 0 12 67278 119626 -1 -1 -1 -1 -1)
#(0 81 137900 55 1 2 0 37 199303 119626 -1 -1 -1 -1 -1)
#(0 81 138209 20 1 0 1 48 257731 119626 -1 -1 -1 -1 -1)
#(0 81 138222 27 1 2 1 93 494914 119626 -1 -1 -1 -1 -1)
#(0 81 138223 27 1 2 1 57 304721 119626 -1 -1 -1 -1 -1)
#(0 81 138224 28 1 3 0 38 202066 119626 -1 -1 -1 -1 -1)
#(0 81 138225 22 1 2 1 98 521592 119626 -1 -1 -1 -1 -1)
#(0 81 138548 30 1 0 1 54 289882 119626 -1 -1 -1 -1 -1)
#(0 81 138549 26 1 0 0 45 238042 119626 -1 -1 -1 -1 -1)
#(0 81 138550 27 1 0 0 16 84938 119626 -1 -1 -1 -1 -1)
#(0 81 138551 28 1 0 1 87 464166 119626 -1 -1 -1 -1 -1)
#(0 81 138552 28 1 0 0 11 58545 119626 -1 -1 -1 -1 -1)
#(0 81 138553 26 1 0 1 70 374452 119626 -1 -1 -1 -1 -1)
#(0 81 138554 27 1 0 1 74 395561 119626 -1 -1 -1 -1 -1)
#(0 81 138555 26 1 0 0 24 127135 119626 -1 -1 -1 -1 -1)
#(0 81 138556 26 1 0 0 14 74341 119626 -1 -1 -1 -1 -1)
#(0 81 138557 24 1 0 0 29 153516 119626 -1 -1 -1 -1 -1)
#(0 81 138558 34 1 0 1 56 300398 119626 -1 -1 -1 -1 -1)
#(0 81 138559 31 1 0 1 16 89256 119626 -1 -1 -1 -1 -1)
#(0 81 138560 28 1 0 0 28 148291 119626 -1 -1 -1 -1 -1)
#(0 81 275420 56 2 2 0 19 104112 239253 -1 -1 -1 -1 -1)
#(0 81 275421 55 2 1 0 49 262770 239253 -1 -1 -1 -1 -1)
#(0 81 275422 64 2 2 1 86 454533 239253 -1 -1 -1 -1 -1)
#(0 81 275424 64 2 3 1 58 306740 239253 -1 -1 -1 -1 -1)
#(0 81 275425 62 2 1 1 31 164153 239253 -1 -1 -1 -1 -1)
#(0 81 275426 51 2 2 0 17 93456 239253 -1 -1 -1 -1 -1)
#(0 81 275427 60 2 3 0 16 88704 239253 -1 -1 -1 -1 -1)
#(0 81 275777 21 2 3 0 17 90813 239253 -1 -1 -1 -1 -1)
#(0 81 275778 56 2 3 1 57 303333 239253 -1 -1 -1 -1 -1)
#(0 81 275779 28 2 2 1 45 241438 239253 -1 -1 -1 -1 -1)
#(0 81 275780 28 2 1 1 86 457829 239253 -1 -1 -1 -1 -1)
#(0 81 275785 39 2 1 1 60 320039 239253 -1 -1 -1 -1 -1)
#(0 81 275786 42 2 2 1 21 113993 239253 -1 -1 -1 -1 -1)
#(0 81 275787 32 2 2 0 23 123056 239253 -1 -1 -1 -1 -1)
#(0 81 276120 26 2 0 0 18 95485 239253 -1 -1 -1 -1 -1)
#(0 81 276121 31 2 0 0 28 148374 239253 -1 -1 -1 -1 -1)
#(0 81 276122 25 2 0 1 96 511744 239253 -1 -1 -1 -1 -1)
#(0 81 276123 29 2 0 0 10 53289 239253 -1 -1 -1 -1 -1)
#(0 81 276124 32 2 0 0 12 63897 239253 -1 -1 -1 -1 -1)
#(0 81 276125 29 2 0 0 55 290889 239253 -1 -1 -1 -1 -1)
#(0 81 276126 29 2 0 0 17 90242 239253 -1 -1 -1 -1 -1)
#(0 81 276127 25 2 0 0 6 32084 239253 -1 -1 -1 -1 -1)
#(0 81 276128 27 2 0 1 41 221314 239253 -1 -1 -1 -1 -1)
#(0 81 276129 30 2 0 1 76 406062 239253 -1 -1 -1 -1 -1)
#(0 81 276130 23 2 0 1 99 527630 239253 -1 -1 -1 -1 -1)
#(0 81 276132 34 2 0 1 36 194808 239253 -1 -1 -1 -1 -1)
#(0 81 412501 47 3 3 0 48 256544 359592 -1 -1 -1 -1 -1)
#(0 81 412506 65 3 2 0 21 115582 359592 -1 -1 -1 -1 -1)
#(0 81 412507 75 3 1 1 28 152247 359592 -1 -1 -1 -1 -1)
#(0 81 412508 59 3 3 0 51 273755 359592 -1 -1 -1 -1 -1)
#(0 81 412509 62 3 2 0 3 20650 359592 -1 -1 -1 -1 -1)
#(0 81 412510 43 3 2 1 94 498701 359592 -1 -1 -1 -1 -1)
#(0 81 412511 51 3 2 0 1 8704 359592 -1 -1 -1 -1 -1)
#(0 81 412512 42 3 3 0 26 140129 359592 -1 -1 -1 -1 -1)
#(0 81 412852 36 3 2 0 11 59979 359592 -1 -1 -1 -1 -1)
#(0 81 412859 26 3 2 1 92 489675 359592 -1 -1 -1 -1 -1)
#(0 81 412860 39 3 3 0 32 170987 359592 -1 -1 -1 -1 -1)
#(0 81 412861 43 3 3 0 49 260993 359592 -1 -1 -1 -1 -1)
#(0 81 412862 20 3 2 0 62 328409 359592 -1 -1 -1 -1 -1)
#(0 81 412863 41 3 1 0 81 429791 359592 -1 -1 -1 -1 -1)
#(0 81 412864 24 3 2 0 13 69939 359592 -1 -1 -1 -1 -1)
#(0 81 412865 20 3 2 1 88 468876 359592 -1 -1 -1 -1 -1)
#(0 81 412866 36 3 1 1 82 436362 359592 -1 -1 -1 -1 -1)
#(0 81 412867 28 3 2 0 67 355192 359592 -1 -1 -1 -1 -1)
#(0 81 412868 40 3 1 1 93 494272 359592 -1 -1 -1 -1 -1)
#(0 81 412869 36 3 3 0 23 123308 359592 -1 -1 -1 -1 -1)
#(0 81 412870 41 3 2 1 57 304091 359592 -1 -1 -1 -1 -1)
#(0 81 413226 26 3 0 0 22 116576 359592 -1 -1 -1 -1 -1)
#(0 81 413227 28 3 0 0 64 338402 359592 -1 -1 -1 -1 -1)
#(0 81 413228 27 3 0 1 85 453616 359592 -1 -1 -1 -1 -1)
#(0 81 413229 31 3 0 0 13 69179 359592 -1 -1 -1 -1 -1)
#(0 81 413230 25 3 0 1 86 458940 359592 -1 -1 -1 -1 -1)
#(0 81 413231 32 3 0 1 43 231777 359592 -1 -1 -1 -1 -1)
#(0 81 413232 28 3 0 1 64 342728 359592 -1 -1 -1 -1 -1)
#(0 81 413233 30 3 0 1 55 295161 359592 -1 -1 -1 -1 -1)
#(0 81 413234 29 3 0 0 40 211689 359592 -1 -1 -1 -1 -1)
#(0 81 413235 34 3 0 0 32 169537 359592 -1 -1 -1 -1 -1)
#(0 81 413236 30 3 0 1 20 110369 359592 -1 -1 -1 -1 -1)
#(0 81 413237 25 3 0 0 31 164088 359592 -1 -1 -1 -1 -1)
#(0 81 413238 29 3 0 1 82 437766 359592 -1 -1 -1 -1 -1)
#(0 81 413239 29 3 0 0 47 248636 359592 -1 -1 -1 -1 -1)
#(0 81 413240 20 3 0 1 66 353441 359592 -1 -1 -1 -1 -1)
#(0 81 413241 26 3 0 1 72 385011 359592 -1 -1 -1 -1 -1)
#(0 82 394 44 0 3 1 84 445828 -1 -1 -1 -1 -1 -1)
#(0 82 396 51 0 2 0 50 267571 -1 -1 -1 -1 -1 -1)
#(0 82 397 57 0 1 1 71 375946 -1 -1 -1 -1 -1 -1)
#(0 82 398 55 0 1 1 81 428880 -1 -1 -1 -1 -1 -1)
#(0 82 399 51 0 3 0 9 51161 -1 -1 -1 -1 -1 -1)
#(0 82 400 57 0 3 1 31 164727 -1 -1 -1 -1 -1 -1)
#(0 82 401 54 0 2 1 52 275939 -1 -1 -1 -1 -1 -1)
#(0 82 402 67 0 2 0 18 100204 -1 -1 -1 -1 -1 -1)
#(0 82 403 55 0 2 0 53 283783 -1 -1 -1 -1 -1 -1)
#(0 82 404 47 0 3 0 2 14168 -1 -1 -1 -1 -1 -1)
#(0 82 405 73 0 2 0 17 94839 -1 -1 -1 -1 -1 -1)
#(0 82 753 29 0 2 1 97 515852 -1 -1 -1 -1 -1 -1)
#(0 82 764 31 0 3 1 31 167321 -1 -1 -1 -1 -1 -1)
#(0 82 766 31 0 2 1 67 357435 -1 -1 -1 -1 -1 -1)
#(0 82 770 45 0 3 1 40 214111 -1 -1 -1 -1 -1 -1)
#(0 82 771 44 0 1 0 25 134279 -1 -1 -1 -1 -1 -1)
#(0 82 772 33 0 2 0 33 175985 -1 -1 -1 -1 -1 -1)
#(0 82 773 27 0 2 0 42 223156 -1 -1 -1 -1 -1 -1)
#(0 82 774 31 0 2 0 2 12143 -1 -1 -1 -1 -1 -1)
#(0 82 775 51 0 3 1 53 282430 -1 -1 -1 -1 -1 -1)
#(0 82 776 38 0 1 1 61 325421 -1 -1 -1 -1 -1 -1)
#(0 82 777 38 0 3 1 13 71946 -1 -1 -1 -1 -1 -1)
#(0 82 778 29 0 2 1 74 394477 -1 -1 -1 -1 -1 -1)
#(0 82 779 36 0 1 1 80 425784 -1 -1 -1 -1 -1 -1)
#(0 82 780 47 0 1 1 36 192936 -1 -1 -1 -1 -1 -1)
#(0 82 781 26 0 2 0 14 75244 -1 -1 -1 -1 -1 -1)
#(0 82 782 39 0 3 1 56 298929 -1 -1 -1 -1 -1 -1)
#(0 82 783 35 0 1 0 55 292198 -1 -1 -1 -1 -1 -1)
#(0 82 784 45 0 2 0 36 192383 -1 -1 -1 -1 -1 -1)
#(0 82 1138 20 0 0 1 56 300622 -1 -1 -1 -1 -1 -1)
#(0 82 1139 31 0 0 0 37 195886 -1 -1 -1 -1 -1 -1)
#(0 82 1140 34 0 0 1 33 178936 -1 -1 -1 -1 -1 -1)
#(0 82 1141 17 0 0 0 11 58377 -1 -1 -1 -1 -1 -1)
#(0 82 1142 27 0 0 0 17 90218 -1 -1 -1 -1 -1 -1)
#(0 82 1143 27 0 0 0 5 26858 -1 -1 -1 -1 -1 -1)
#(0 82 1144 27 0 0 1 50 268828 -1 -1 -1 -1 -1 -1)
#(0 82 1145 32 0 0 0 4 21656 -1 -1 -1 -1 -1 -1)
#(0 82 1146 28 0 0 0 9 47991 -1 -1 -1 -1 -1 -1)
#(0 82 1147 34 0 0 0 19 100888 -1 -1 -1 -1 -1 -1)
#(0 82 1149 30 0 0 0 42 222265 -1 -1 -1 -1 -1 -1)
#(0 82 1150 31 0 0 0 2 11066 -1 -1 -1 -1 -1 -1)
#(0 82 1151 27 0 0 1 15 84046 -1 -1 -1 -1 -1 -1)
#(0 82 137877 60 1 1 0 35 189495 119626 -1 -1 -1 -1 -1)
#(0 82 137896 46 1 3 1 91 482690 119626 -1 -1 -1 -1 -1)
#(0 82 137901 59 1 3 0 70 374225 119626 -1 -1 -1 -1 -1)
#(0 82 137902 57 1 1 0 54 289300 119626 -1 -1 -1 -1 -1)
#(0 82 137903 50 1 2 1 90 477178 119626 -1 -1 -1 -1 -1)
#(0 82 137904 55 1 2 0 25 135974 119626 -1 -1 -1 -1 -1)
#(0 82 137905 68 1 2 1 85 448875 119626 -1 -1 -1 -1 -1)
#(0 82 137906 51 1 2 0 13 72289 119626 -1 -1 -1 -1 -1)
#(0 82 137907 51 1 1 1 82 434996 119626 -1 -1 -1 -1 -1)
#(0 82 137908 44 1 2 0 60 319755 119626 -1 -1 -1 -1 -1)
#(0 82 137909 43 1 2 0 17 92661 119626 -1 -1 -1 -1 -1)
#(0 82 137910 55 1 3 0 44 236311 119626 -1 -1 -1 -1 -1)
#(0 82 137911 55 1 3 1 69 365632 119626 -1 -1 -1 -1 -1)
#(0 82 138226 36 1 2 1 79 420510 119626 -1 -1 -1 -1 -1)
#(0 82 138227 34 1 1 1 82 436368 119626 -1 -1 -1 -1 -1)
#(0 82 138228 45 1 1 1 73 388380 119626 -1 -1 -1 -1 -1)
#(0 82 138229 20 1 2 0 19 101360 119626 -1 -1 -1 -1 -1)
#(0 82 138230 33 1 3 1 65 346682 119626 -1 -1 -1 -1 -1)
#(0 82 138231 26 1 2 0 0 1351 119626 -1 -1 -1 -1 -1)
#(4 82 138231 -1 1 -1 -1 -1 -1 119656 0 0 0 0 -1)
#(0 82 138232 20 1 2 0 61 323119 119626 -1 -1 -1 -1 -1)
#(0 82 138233 44 1 1 1 77 409528 119626 -1 -1 -1 -1 -1)
#(0 82 138234 23 1 2 1 74 394777 119626 -1 -1 -1 -1 -1)
#(0 82 138235 34 1 1 1 58 309770 119626 -1 -1 -1 -1 -1)
#(0 82 138236 30 1 2 0 15 80833 119626 -1 -1 -1 -1 -1)
#(0 82 138561 25 1 0 0 39 206340 119626 -1 -1 -1 -1 -1)
#(0 82 138562 26 1 0 1 46 247720 119626 -1 -1 -1 -1 -1)
#(0 82 138563 28 1 0 1 82 437769 119626 -1 -1 -1 -1 -1)
#(0 82 138564 20 1 0 1 70 374558 119626 -1 -1 -1 -1 -1)
#(0 82 138565 29 1 0 1 71 379685 119626 -1 -1 -1 -1 -1)
#(0 82 138566 20 1 0 0 12 63674 119626 -1 -1 -1 -1 -1)
#(0 82 275423 49 2 2 1 97 514254 239253 -1 -1 -1 -1 -1)
#(0 82 275428 68 2 1 1 75 400898 239253 -1 -1 -1 -1 -1)
#(0 82 275429 50 2 3 0 19 103776 239253 -1 -1 -1 -1 -1)
#(0 82 275430 55 2 2 0 55 294442 239253 -1 -1 -1 -1 -1)
#(0 82 275431 72 2 2 0 15 80047 239253 -1 -1 -1 -1 -1)
#(0 82 275432 66 2 1 0 2 15789 239253 -1 -1 -1 -1 -1)
#(0 82 275433 63 2 1 0 21 115700 239253 -1 -1 -1 -1 -1)
#(0 82 275435 64 2 3 1 67 354089 239253 -1 -1 -1 -1 -1)
#(0 82 275436 51 2 1 0 8 46022 239253 -1 -1 -1 -1 -1)
#(0 82 275437 62 2 2 1 27 143199 239253 -1 -1 -1 -1 -1)
#(0 82 275438 57 2 2 1 70 370793 239253 -1 -1 -1 -1 -1)
#(0 82 275439 57 2 1 1 93 492068 239253 -1 -1 -1 -1 -1)
#(0 82 275440 62 2 2 0 29 157885 239253 -1 -1 -1 -1 -1)
#(0 82 275441 43 2 3 0 3 18712 239253 -1 -1 -1 -1 -1)
#(0 82 275781 26 2 2 1 57 304878 239253 -1 -1 -1 -1 -1)
#(0 82 275782 27 2 2 1 86 457866 239253 -1 -1 -1 -1 -1)
#(0 82 275788 21 2 2 1 51 273496 239253 -1 -1 -1 -1 -1)
#(0 82 275789 25 2 2 1 19 104283 239253 -1 -1 -1 -1 -1)
#(0 82 275790 30 2 2 0 34 181092 239253 -1 -1 -1 -1 -1)
#(0 82 275791 27 2 2 1 69 368220 239253 -1 -1 -1 -1 -1)
#(0 82 275792 20 2 3 0 41 217521 239253 -1 -1 -1 -1 -1)
#(0 82 275793 26 2 2 1 61 326025 239253 -1 -1 -1 -1 -1)
#(0 82 275794 29 2 2 1 29 156894 239253 -1 -1 -1 -1 -1)
#(0 82 275795 34 2 3 1 55 293789 239253 -1 -1 -1 -1 -1)
#(0 82 275796 25 2 2 0 69 365630 239253 -1 -1 -1 -1 -1)
#(0 82 275797 29 2 2 1 90 478943 239253 -1 -1 -1 -1 -1)
#(0 82 275798 35 2 3 0 5 28253 239253 -1 -1 -1 -1 -1)
#(3 82 275798 -1 2 -1 -1 -1 -1 239274 -1 -1 -1 -1 54)
#(0 82 275799 46 2 1 0 1 7656 239253 -1 -1 -1 -1 -1)
#(0 82 276133 25 2 0 1 67 358616 239253 -1 -1 -1 -1 -1)
#(0 82 276134 27 2 0 1 44 237154 239253 -1 -1 -1 -1 -1)
#(0 82 276135 26 2 0 1 77 411418 239253 -1 -1 -1 -1 -1)
#(0 82 276136 27 2 0 0 25 132446 239253 -1 -1 -1 -1 -1)
#(0 82 276137 23 2 0 1 71 379781 239253 -1 -1 -1 -1 -1)
#(0 82 276138 27 2 0 1 59 316354 239253 -1 -1 -1 -1 -1)
#(0 82 276139 24 2 0 0 19 100718 239253 -1 -1 -1 -1 -1)
#(0 82 276140 27 2 0 0 72 380592 239253 -1 -1 -1 -1 -1)
#(0 82 412513 57 3 3 0 21 114996 359592 -1 -1 -1 -1 -1)
#(0 82 412514 65 3 1 0 19 105232 359592 -1 -1 -1 -1 -1)
#(0 82 412515 62 3 3 1 75 396598 359592 -1 -1 -1 -1 -1)
#(0 82 412517 51 3 2 0 20 109238 359592 -1 -1 -1 -1 -1)
#(0 82 412518 50 3 3 0 39 209421 359592 -1 -1 -1 -1 -1)
#(0 82 412519 44 3 2 0 8 45221 359592 -1 -1 -1 -1 -1)
#(0 82 412520 51 3 2 1 92 487468 359592 -1 -1 -1 -1 -1)
#(0 82 412521 59 3 2 0 45 242163 359592 -1 -1 -1 -1 -1)
#(0 82 412522 53 3 2 1 81 429311 359592 -1 -1 -1 -1 -1)
#(0 82 412524 57 3 3 1 57 302002 359592 -1 -1 -1 -1 -1)
#(0 82 412525 64 3 1 0 28 152626 359592 -1 -1 -1 -1 -1)
#(0 82 412526 53 3 2 0 12 66791 359592 -1 -1 -1 -1 -1)
#(0 82 412871 34 3 1 0 18 96807 359592 -1 -1 -1 -1 -1)
#(0 82 412872 43 3 1 1 52 277575 359592 -1 -1 -1 -1 -1)
#(0 82 412873 28 3 2 0 21 112365 359592 -1 -1 -1 -1 -1)
#(0 82 412875 44 3 1 1 95 504514 359592 -1 -1 -1 -1 -1)
#(0 82 412876 45 3 1 0 72 382507 359592 -1 -1 -1 -1 -1)
#(0 82 412877 35 3 1 0 43 228892 359592 -1 -1 -1 -1 -1)
#(0 82 412878 20 3 2 1 91 484716 359592 -1 -1 -1 -1 -1)
#(0 82 412879 32 3 3 0 5 28068 359592 -1 -1 -1 -1 -1)
#(0 82 412880 43 3 1 1 79 420207 359592 -1 -1 -1 -1 -1)
#(0 82 412881 34 3 1 1 73 388901 359592 -1 -1 -1 -1 -1)
#(0 82 412882 47 3 3 0 53 282287 359592 -1 -1 -1 -1 -1)
#(0 82 412883 30 3 2 0 33 175773 359592 -1 -1 -1 -1 -1)
#(0 82 412884 36 3 2 1 90 478666 359592 -1 -1 -1 -1 -1)
#(0 82 412885 20 3 3 1 78 416088 359592 -1 -1 -1 -1 -1)
#(0 82 413242 25 3 0 0 17 90197 359592 -1 -1 -1 -1 -1)
#(0 82 413243 28 3 0 1 97 516959 359592 -1 -1 -1 -1 -1)
#(0 82 413244 29 3 0 1 98 522224 359592 -1 -1 -1 -1 -1)
#(0 82 413246 28 3 0 0 29 153582 359592 -1 -1 -1 -1 -1)
#(0 82 413247 20 3 0 0 56 296011 359592 -1 -1 -1 -1 -1)
#(0 82 413248 20 3 0 0 41 216810 359592 -1 -1 -1 -1 -1)
#(0 82 413249 27 3 0 0 6 32132 359592 -1 -1 -1 -1 -1)
#(0 82 413250 28 3 0 1 92 490572 359592 -1 -1 -1 -1 -1)
#(0 82 413251 29 3 0 0 38 201116 359592 -1 -1 -1 -1 -1)
#(0 83 406 67 0 3 0 26 137357 -1 -1 -1 -1 -1 -1)
#(0 83 407 55 0 2 1 79 418330 -1 -1 -1 -1 -1 -1)
#(0 83 408 51 0 3 1 99 524280 -1 -1 -1 -1 -1 -1)
#(0 83 409 74 0 2 0 31 164002 -1 -1 -1 -1 -1 -1)
#(0 83 410 54 0 2 1 45 239035 -1 -1 -1 -1 -1 -1)
#(0 83 411 44 0 1 0 55 293402 -1 -1 -1 -1 -1 -1)
#(0 83 412 55 0 2 0 13 72262 -1 -1 -1 -1 -1 -1)
#(0 83 413 59 0 3 0 0 3806 -1 -1 -1 -1 -1 -1)
#(0 83 414 43 0 3 1 85 451160 -1 -1 -1 -1 -1 -1)
#(0 83 415 44 0 1 1 89 472271 -1 -1 -1 -1 -1 -1)
#(0 83 416 42 0 2 0 1 8156 -1 -1 -1 -1 -1 -1)
#(0 83 417 44 0 1 0 39 208896 -1 -1 -1 -1 -1 -1)
#(0 83 418 63 0 1 0 52 279511 -1 -1 -1 -1 -1 -1)
#(0 83 420 61 0 1 0 45 242029 -1 -1 -1 -1 -1 -1)
#(0 83 421 43 0 2 0 7 39832 -1 -1 -1 -1 -1 -1)
#(0 83 422 64 0 1 0 28 152547 -1 -1 -1 -1 -1 -1)
#(0 83 785 29 0 2 1 94 500124 -1 -1 -1 -1 -1 -1)
#(0 83 786 24 0 2 1 71 378871 -1 -1 -1 -1 -1 -1)
#(0 83 787 37 0 3 0 4 23029 -1 -1 -1 -1 -1 -1)
#(0 83 788 29 0 2 1 76 405032 -1 -1 -1 -1 -1 -1)
#(0 83 789 28 0 2 0 8 43700 -1 -1 -1 -1 -1 -1)
#(0 83 790 38 0 3 1 73 388693 -1 -1 -1 -1 -1 -1)
#(0 83 791 36 0 1 0 30 160253 -1 -1 -1 -1 -1 -1)
#(0 83 792 27 0 2 1 54 289013 -1 -1 -1 -1 -1 -1)
#(0 83 793 54 0 1 1 86 456563 -1 -1 -1 -1 -1 -1)
#(0 83 794 47 0 1 0 37 197784 -1 -1 -1 -1 -1 -1)
#(0 83 795 47 0 1 0 10 55243 -1 -1 -1 -1 -1 -1)
#(0 83 796 34 0 2 1 61 325615 -1 -1 -1 -1 -1 -1)
#(0 83 1152 24 0 0 1 93 495903 -1 -1 -1 -1 -1 -1)
#(0 83 1153 25 0 0 1 96 511736 -1 -1 -1 -1 -1 -1)
#(0 83 1154 29 0 0 0 83 438736 -1 -1 -1 -1 -1 -1)
#(0 83 1155 27 0 0 1 66 353309 -1 -1 -1 -1 -1 -1)
#(0 83 1156 20 0 0 1 43 232006 -1 -1 -1 -1 -1 -1)
#(0 83 137912 64 1 2 1 54 285291 119626 -1 -1 -1 -1 -1)
#(0 83 137913 59 1 3 0 21 115311 119626 -1 -1 -1 -1 -1)
#(0 83 137914 59 1 4 0 82 437404 119626 -1 -1 -1 -1 -1)
#(0 83 137917 43 1 2 1 95 503966 119626 -1 -1 -1 -1 -1)
#(0 83 137918 59 1 1 0 20 110013 119626 -1 -1 -1 -1 -1)
#(0 83 137919 54 1 2 1 93 492286 119626 -1 -1 -1 -1 -1)
#(0 83 138237 41 1 2 1 70 372778 119626 -1 -1 -1 -1 -1)
#(0 83 138238 42 1 2 1 56 298771 119626 -1 -1 -1 -1 -1)
#(0 83 138239 39 1 1 1 86 457285 119626 -1 -1 -1 -1 -1)
#(0 83 138241 37 1 1 1 66 351865 119626 -1 -1 -1 -1 -1)
#(0 83 138242 26 1 2 1 25 135923 119626 -1 -1 -1 -1 -1)
#(0 83 138567 25 1 0 1 76 406138 119626 -1 -1 -1 -1 -1)
#(0 83 138568 28 1 0 0 11 58556 119626 -1 -1 -1 -1 -1)
#(0 83 138569 32 1 0 0 32 169505 119626 -1 -1 -1 -1 -1)
#(0 83 138570 25 1 0 1 57 305810 119626 -1 -1 -1 -1 -1)
#(0 83 138571 26 1 0 0 25 132434 119626 -1 -1 -1 -1 -1)
#(0 83 138572 20 1 0 0 63 332969 119626 -1 -1 -1 -1 -1)
#(0 83 138574 27 1 0 1 91 485317 119626 -1 -1 -1 -1 -1)
#(0 83 138575 26 1 0 1 44 237178 119626 -1 -1 -1 -1 -1)
#(0 83 138576 25 1 0 1 68 363919 119626 -1 -1 -1 -1 -1)
#(0 83 275434 68 2 2 0 21 115832 239253 -1 -1 -1 -1 -1)
#(0 83 275442 58 2 1 1 80 423337 239253 -1 -1 -1 -1 -1)
#(0 83 275443 57 2 3 1 85 450053 239253 -1 -1 -1 -1 -1)
#(0 83 275444 58 2 3 0 15 83486 239253 -1 -1 -1 -1 -1)
#(0 83 275445 70 2 1 1 67 358771 239253 -1 -1 -1 -1 -1)
#(0 83 275447 52 2 2 1 95 503049 239253 -1 -1 -1 -1 -1)
#(0 83 275449 49 2 2 1 61 323814 239253 -1 -1 -1 -1 -1)
#(0 83 275450 62 2 1 1 79 417629 239253 -1 -1 -1 -1 -1)
#(0 83 275451 59 2 2 0 34 183967 239253 -1 -1 -1 -1 -1)
#(0 83 275452 64 2 2 1 76 401608 239253 -1 -1 -1 -1 -1)
#(0 83 275453 51 2 2 0 22 119759 239253 -1 -1 -1 -1 -1)
#(0 83 275800 46 2 2 1 96 509717 239253 -1 -1 -1 -1 -1)
#(0 83 275801 42 2 3 0 0 2199 239253 -1 -1 -1 -1 -1)
#(0 83 275802 41 2 3 0 4 23284 239253 -1 -1 -1 -1 -1)
#(0 83 275803 41 2 3 1 84 446688 239253 -1 -1 -1 -1 -1)
#(0 83 275804 35 2 1 1 76 404643 239253 -1 -1 -1 -1 -1)
#(0 83 275805 26 2 2 1 49 262627 239253 -1 -1 -1 -1 -1)
#(0 83 275806 32 2 2 0 9 49158 239253 -1 -1 -1 -1 -1)
#(0 83 275807 25 2 2 1 78 415797 239253 -1 -1 -1 -1 -1)
#(0 83 275808 41 2 1 1 64 341081 239253 -1 -1 -1 -1 -1)
#(0 83 275809 26 2 2 1 92 489666 239253 -1 -1 -1 -1 -1)
#(0 83 275810 26 2 2 1 98 521383 239253 -1 -1 -1 -1 -1)
#(0 83 275811 35 2 1 0 8 44034 239253 -1 -1 -1 -1 -1)
#(0 83 275812 39 2 1 0 43 229038 239253 -1 -1 -1 -1 -1)
#(0 83 276131 24 2 0 1 99 527602 239253 -1 -1 -1 -1 -1)
#(0 83 276141 30 2 0 1 28 152595 239253 -1 -1 -1 -1 -1)
#(0 83 276142 23 2 0 1 92 490645 239253 -1 -1 -1 -1 -1)
#(0 83 276143 32 2 0 0 81 428224 239253 -1 -1 -1 -1 -1)
#(0 83 276144 30 2 0 0 15 79724 239253 -1 -1 -1 -1 -1)
#(0 83 276146 31 2 0 0 12 63888 239253 -1 -1 -1 -1 -1)
#(0 83 276148 25 2 0 1 67 358631 239253 -1 -1 -1 -1 -1)
#(0 83 276149 30 2 0 1 73 390216 239253 -1 -1 -1 -1 -1)
#(0 83 276150 34 2 0 0 54 285682 239253 -1 -1 -1 -1 -1)
#(0 83 276151 20 2 0 0 33 174560 239253 -1 -1 -1 -1 -1)
#(0 83 276152 32 2 0 0 5 26923 239253 -1 -1 -1 -1 -1)
#(0 83 276153 22 2 0 1 72 385092 239253 -1 -1 -1 -1 -1)
#(0 83 276154 30 2 0 1 79 421923 239253 -1 -1 -1 -1 -1)
#(0 83 276155 27 2 0 1 62 332207 239253 -1 -1 -1 -1 -1)
#(0 83 412516 57 3 2 0 48 257027 359592 -1 -1 -1 -1 -1)
#(0 83 412527 63 3 3 0 23 126379 359592 -1 -1 -1 -1 -1)
#(0 83 412528 51 3 3 0 29 156786 359592 -1 -1 -1 -1 -1)
#(0 83 412529 74 3 2 1 65 343237 359592 -1 -1 -1 -1 -1)
#(0 83 412531 41 3 2 0 26 140094 359592 -1 -1 -1 -1 -1)
#(0 83 412532 61 3 3 1 82 433692 359592 -1 -1 -1 -1 -1)
#(0 83 412533 69 3 2 1 24 131957 359592 -1 -1 -1 -1 -1)
#(0 83 412534 61 3 3 0 51 273821 359592 -1 -1 -1 -1 -1)
#(0 83 412535 51 3 1 1 42 223442 359592 -1 -1 -1 -1 -1)
#(0 83 412536 63 3 2 0 53 284553 359592 -1 -1 -1 -1 -1)
#(0 83 412538 59 3 3 0 30 162637 359592 -1 -1 -1 -1 -1)
#(0 83 412539 67 3 1 1 89 470075 359592 -1 -1 -1 -1 -1)
#(0 83 412540 64 3 1 0 65 348117 359592 -1 -1 -1 -1 -1)
#(0 83 412541 60 3 2 1 53 280366 359592 -1 -1 -1 -1 -1)
#(0 83 412542 55 3 3 0 2 14545 359592 -1 -1 -1 -1 -1)
#(0 83 412543 62 3 3 1 88 465252 359592 -1 -1 -1 -1 -1)
#(0 83 412874 36 3 1 1 57 304373 359592 -1 -1 -1 -1 -1)
#(0 83 412886 36 3 1 0 26 139259 359592 -1 -1 -1 -1 -1)
#(0 83 412887 41 3 2 0 59 313707 359592 -1 -1 -1 -1 -1)
#(0 83 412888 33 3 2 1 55 293990 359592 -1 -1 -1 -1 -1)
#(0 83 412889 22 3 2 0 36 191274 359592 -1 -1 -1 -1 -1)
#(0 83 412890 41 3 2 1 64 341054 359592 -1 -1 -1 -1 -1)
#(0 83 412891 21 3 2 0 15 80247 359592 -1 -1 -1 -1 -1)
#(0 83 412892 27 3 2 1 92 489608 359592 -1 -1 -1 -1 -1)
#(0 83 412893 35 3 1 1 76 404762 359592 -1 -1 -1 -1 -1)
#(0 83 412894 43 3 3 0 79 419413 359592 -1 -1 -1 -1 -1)
#(0 83 412896 33 3 1 0 81 429370 359592 -1 -1 -1 -1 -1)
#(0 83 413245 26 3 0 0 17 90195 359592 -1 -1 -1 -1 -1)
#(0 83 413252 30 3 0 0 11 58606 359592 -1 -1 -1 -1 -1)
#(0 83 413253 26 3 0 0 32 169396 359592 -1 -1 -1 -1 -1)
#(0 83 413254 29 3 0 0 40 211690 359592 -1 -1 -1 -1 -1)
#(0 83 413255 25 3 0 0 14 74333 359592 -1 -1 -1 -1 -1)
#(0 83 413256 23 3 0 1 53 284735 359592 -1 -1 -1 -1 -1)
#(0 83 413257 20 3 0 1 47 253109 359592 -1 -1 -1 -1 -1)
#(0 83 413258 26 3 0 0 49 259147 359592 -1 -1 -1 -1 -1)
#(0 83 413259 20 3 0 0 54 285448 359592 -1 -1 -1 -1 -1)
#(0 83 413260 23 3 0 1 48 258348 359592 -1 -1 -1 -1 -1)
#(0 83 413261 28 3 0 0 9 47978 359592 -1 -1 -1 -1 -1)
#(0 83 413262 20 3 0 0 75 396319 359592 -1 -1 -1 -1 -1)
#(0 84 423 56 0 3 0 4 25000 -1 -1 -1 -1 -1 -1)
#(0 84 424 51 0 2 1 97 513780 -1 -1 -1 -1 -1 -1)
#(0 84 425 55 0 1 0 21 114944 -1 -1 -1 -1 -1 -1)
#(0 84 426 64 0 2 1 61 322433 -1 -1 -1 -1 -1 -1)
#(0 84 428 57 0 1 1 54 286202 -1 -1 -1 -1 -1 -1)
#(0 84 429 64 0 1 1 40 211526 -1 -1 -1 -1 -1 -1)
#(0 84 430 71 0 1 1 98 517719 -1 -1 -1 -1 -1 -1)
#(0 84 431 55 0 1 0 17 93682 -1 -1 -1 -1 -1 -1)
#(0 84 432 51 0 3 0 24 130273 -1 -1 -1 -1 -1 -1)
#(0 84 433 44 0 2 1 48 255775 -1 -1 -1 -1 -1 -1)
#(0 84 434 57 0 2 1 42 222726 -1 -1 -1 -1 -1 -1)
#(2 84 783 -1 -1 -1 -1 -1 -1 21 -1 -1 -1 -1 -1)
#(0 84 797 41 0 1 1 85 451911 -1 -1 -1 -1 -1 -1)
#(0 84 798 39 0 1 1 66 351643 -1 -1 -1 -1 -1 -1)
#(0 84 799 51 0 2 0 20 108305 -1 -1 -1 -1 -1 -1)
#(0 84 800 32 0 3 0 54 286869 -1 -1 -1 -1 -1 -1)
#(0 84 801 27 0 2 1 33 177981 -1 -1 -1 -1 -1 -1)
#(0 84 802 20 0 2 1 71 379125 -1 -1 -1 -1 -1 -1)
#(0 84 803 41 0 1 1 62 330539 -1 -1 -1 -1 -1 -1)
#(0 84 804 38 0 1 0 0 2005 -1 -1 -1 -1 -1 -1)
#(0 84 805 20 0 3 0 19 101358 -1 -1 -1 -1 -1 -1)
#(0 84 806 40 0 2 0 10 54905 -1 -1 -1 -1 -1 -1)
#(0 84 807 39 0 2 1 56 298920 -1 -1 -1 -1 -1 -1)
#(0 84 808 55 0 2 1 89 472385 -1 -1 -1 -1 -1 -1)
#(2 84 1114 -1 -1 -1 -1 -1 -1 30 -1 -1 -1 -1 -1)
#(0 84 1148 20 0 0 0 33 174590 -1 -1 -1 -1 -1 -1)
#(0 84 1157 20 0 0 0 39 206260 -1 -1 -1 -1 -1 -1)
#(0 84 1158 27 0 0 1 81 432493 -1 -1 -1 -1 -1 -1)
#(0 84 1159 23 0 0 1 93 495945 -1 -1 -1 -1 -1 -1)
#(0 84 1160 20 0 0 0 70 369936 -1 -1 -1 -1 -1 -1)
#(0 84 1161 31 0 0 1 65 347943 -1 -1 -1 -1 -1 -1)
#(0 84 1162 25 0 0 1 90 480068 -1 -1 -1 -1 -1 -1)
#(0 84 1163 29 0 0 0 10 53294 -1 -1 -1 -1 -1 -1)
#(0 84 1164 32 0 0 1 79 421870 -1 -1 -1 -1 -1 -1)
#(0 84 1165 27 0 0 1 74 395554 -1 -1 -1 -1 -1 -1)
#(0 84 1166 29 0 0 1 87 464161 -1 -1 -1 -1 -1 -1)
#(0 84 1167 28 0 0 1 95 506428 -1 -1 -1 -1 -1 -1)
#(0 84 137915 70 1 2 1 69 364777 119626 -1 -1 -1 -1 -1)
#(0 84 137916 60 1 1 0 44 236517 119626 -1 -1 -1 -1 -1)
#(0 84 137920 50 1 2 1 71 376726 119626 -1 -1 -1 -1 -1)
#(0 84 137921 62 1 2 1 32 169366 119626 -1 -1 -1 -1 -1)
#(0 84 137922 60 1 2 0 70 374088 119626 -1 -1 -1 -1 -1)
#(0 84 137923 51 1 2 1 76 402885 119626 -1 -1 -1 -1 -1)
#(0 84 137924 51 1 1 1 67 354940 119626 -1 -1 -1 -1 -1)
#(0 84 137925 44 1 2 1 57 303248 119626 -1 -1 -1 -1 -1)
#(0 84 137927 55 1 2 1 73 386726 119626 -1 -1 -1 -1 -1)
#(0 84 138240 33 1 3 1 70 373122 119626 -1 -1 -1 -1 -1)
#(0 84 138243 43 1 1 1 76 404266 119626 -1 -1 -1 -1 -1)
#(0 84 138245 40 1 1 0 44 234467 119626 -1 -1 -1 -1 -1)
#(0 84 138246 45 1 1 0 63 335006 119626 -1 -1 -1 -1 -1)
#(0 84 138247 49 1 3 1 68 361771 119626 -1 -1 -1 -1 -1)
#(0 84 138248 22 1 2 0 21 112141 119626 -1 -1 -1 -1 -1)
#(0 84 138249 21 1 2 0 16 85534 119626 -1 -1 -1 -1 -1)
#(0 84 138250 39 1 1 1 37 198649 119626 -1 -1 -1 -1 -1)
#(0 84 138251 37 1 2 1 95 504981 119626 -1 -1 -1 -1 -1)
#(0 84 138252 38 1 1 0 26 139254 119626 -1 -1 -1 -1 -1)
#(0 84 138253 20 1 3 1 52 278807 119626 -1 -1 -1 -1 -1)
#(0 84 138254 31 1 2 0 49 260297 119626 -1 -1 -1 -1 -1)
#(0 84 138256 31 1 3 0 12 64940 119626 -1 -1 -1 -1 -1)
#(0 84 138573 21 1 0 1 70 374535 119626 -1 -1 -1 -1 -1)
#(0 84 138577 30 1 0 0 33 174752 119626 -1 -1 -1 -1 -1)
#(0 84 138578 20 1 0 1 95 506550 119626 -1 -1 -1 -1 -1)
#(0 84 138579 25 1 0 1 94 501191 119626 -1 -1 -1 -1 -1)
#(0 84 138580 34 1 0 1 65 347911 119626 -1 -1 -1 -1 -1)
#(0 84 138581 27 1 0 1 60 321646 119626 -1 -1 -1 -1 -1)
#(0 84 138582 20 1 0 0 47 248480 119626 -1 -1 -1 -1 -1)
#(0 84 275446 57 2 2 1 85 450069 239253 -1 -1 -1 -1 -1)
#(0 84 275448 51 2 2 0 15 82942 239253 -1 -1 -1 -1 -1)
#(0 84 275454 55 2 1 0 13 72595 239253 -1 -1 -1 -1 -1)
#(0 84 275455 67 2 2 0 48 253501 239253 -1 -1 -1 -1 -1)
#(0 84 275456 44 2 2 1 86 456385 239253 -1 -1 -1 -1 -1)
#(0 84 275457 59 2 1 0 25 136299 239253 -1 -1 -1 -1 -1)
#(0 84 275458 52 2 1 0 23 125504 239253 -1 -1 -1 -1 -1)
#(0 84 275459 50 2 1 1 52 276311 239253 -1 -1 -1 -1 -1)
#(0 84 275460 65 2 3 0 64 337980 239253 -1 -1 -1 -1 -1)
#(0 84 275461 61 2 3 0 0 4689 239253 -1 -1 -1 -1 -1)
#(0 84 275462 56 2 2 1 74 392259 239253 -1 -1 -1 -1 -1)
#(0 84 275463 72 2 2 1 82 437808 239253 -1 -1 -1 -1 -1)
#(0 84 275783 28 2 1 1 86 457803 239253 -1 -1 -1 -1 -1)
#(0 84 275813 54 2 1 1 94 498775 239253 -1 -1 -1 -1 -1)
#(0 84 275814 29 2 2 1 72 383856 239253 -1 -1 -1 -1 -1)
#(0 84 275815 39 2 1 0 28 149867 239253 -1 -1 -1 -1 -1)
#(0 84 275816 26 2 2 1 44 236238 239253 -1 -1 -1 -1 -1)
#(0 84 275817 20 2 3 1 97 516387 239253 -1 -1 -1 -1 -1)
#(0 84 275818 48 2 1 0 32 171466 239253 -1 -1 -1 -1 -1)
#(0 84 275819 46 2 1 0 72 382511 239253 -1 -1 -1 -1 -1)
#(0 84 275820 43 2 1 0 79 419357 239253 -1 -1 -1 -1 -1)
#(0 84 275821 35 2 3 0 1 7089 239253 -1 -1 -1 -1 -1)
#(0 84 275822 27 2 2 1 89 473802 239253 -1 -1 -1 -1 -1)
#(0 84 275823 32 2 2 1 58 309883 239253 -1 -1 -1 -1 -1)
#(0 84 275824 26 2 2 1 54 289065 239253 -1 -1 -1 -1 -1)
#(0 84 276145 23 2 0 1 92 490665 239253 -1 -1 -1 -1 -1)
#(0 84 276147 23 2 0 1 99 527633 239253 -1 -1 -1 -1 -1)
#(0 84 276156 34 2 0 0 14 74510 239253 -1 -1 -1 -1 -1)
#(0 84 276157 29 2 0 0 24 127216 239253 -1 -1 -1 -1 -1)
#(0 84 276158 20 2 0 1 53 284783 239253 -1 -1 -1 -1 -1)
#(0 84 276159 25 2 0 0 43 227447 239253 -1 -1 -1 -1 -1)
#(0 84 276160 34 2 0 1 52 279263 239253 -1 -1 -1 -1 -1)
#(0 84 276162 20 2 0 1 64 342879 239253 -1 -1 -1 -1 -1)
#(0 84 276163 27 2 0 0 5 26841 239253 -1 -1 -1 -1 -1)
#(0 84 276165 30 2 0 1 78 416630 239253 -1 -1 -1 -1 -1)
#(0 84 276166 25 2 0 0 35 185198 239253 -1 -1 -1 -1 -1)
#(0 84 276167 29 2 0 1 88 469451 239253 -1 -1 -1 -1 -1)
#(0 84 412523 69 3 2 0 20 109926 359592 -1 -1 -1 -1 -1)
#(0 84 412530 51 3 3 0 23 125145 359592 -1 -1 -1 -1 -1)
#(0 84 412537 41 3 1 0 26 140002 359592 -1 -1 -1 -1 -1)
#(0 84 412544 63 3 2 0 17 94594 359592 -1 -1 -1 -1 -1)
#(0 84 412545 51 3 2 0 22 119757 359592 -1 -1 -1 -1 -1)
#(0 84 412546 61 3 2 0 14 78777 359592 -1 -1 -1 -1 -1)
#(0 84 412547 56 3 1 1 63 333745 359592 -1 -1 -1 -1 -1)
#(0 84 412548 66 3 2 1 93 491962 359592 -1 -1 -1 -1 -1)
#(0 84 412549 75 3 2 1 67 358624 359592 -1 -1 -1 -1 -1)
#(0 84 412550 42 3 2 0 48 256373 359592 -1 -1 -1 -1 -1)
#(0 84 412551 55 3 1 1 96 508563 359592 -1 -1 -1 -1 -1)
#(0 84 412552 58 3 2 1 78 412775 359592 -1 -1 -1 -1 -1)
#(0 84 412553 65 3 3 0 19 105126 359592 -1 -1 -1 -1 -1)
#(0 84 412897 37 3 1 1 72 383528 359592 -1 -1 -1 -1 -1)
#(0 84 412898 45 3 2 0 42 224097 359592 -1 -1 -1 -1 -1)
#(0 84 412899 29 3 2 1 70 373311 359592 -1 -1 -1 -1 -1)
#(0 84 412900 38 3 1 0 56 297754 359592 -1 -1 -1 -1 -1)
#(0 84 412901 45 3 1 1 87 462214 359592 -1 -1 -1 -1 -1)
#(0 84 412902 37 3 3 0 4 23005 359592 -1 -1 -1 -1 -1)
#(0 84 412903 20 3 2 0 19 101354 359592 -1 -1 -1 -1 -1)
#(0 84 412904 32 3 2 0 9 49168 359592 -1 -1 -1 -1 -1)
#(0 84 412905 20 3 3 0 8 43268 359592 -1 -1 -1 -1 -1)
#(0 84 413263 23 3 0 1 93 495930 359592 -1 -1 -1 -1 -1)
#(0 84 413264 26 3 0 1 71 379718 359592 -1 -1 -1 -1 -1)
#(0 84 413265 26 3 0 0 16 84916 359592 -1 -1 -1 -1 -1)
#(0 84 413266 30 3 0 0 37 195879 359592 -1 -1 -1 -1 -1)
#(0 84 413267 20 3 0 1 30 163349 359592 -1 -1 -1 -1 -1)
#(0 84 413268 30 3 0 1 57 305731 359592 -1 -1 -1 -1 -1)
#(0 84 413269 26 3 0 1 73 390289 359592 -1 -1 -1 -1 -1)
#(0 84 413270 34 3 0 1 91 485191 359592 -1 -1 -1 -1 -1)
#(0 84 413271 28 3 0 0 5 26870 359592 -1 -1 -1 -1 -1)
#(0 84 413272 20 3 0 1 65 348157 359592 -1 -1 -1 -1 -1)
#(0 84 413273 28 3 0 1 75 400815 359592 -1 -1 -1 -1 -1)
#(0 84 413274 28 3 0 0 21 111338 359592 -1 -1 -1 -1 -1)
#(0 84 413275 21 3 0 1 66 353421 359592 -1 -1 -1 -1 -1)
#(0 84 413277 23 3 0 0 32 169323 359592 -1 -1 -1 -1 -1)
#(0 84 413278 28 3 0 0 18 95498 359592 -1 -1 -1 -1 -1)
#(0 85 419 60 0 2 1 85 450358 -1 -1 -1 -1 -1 -1)
#(0 85 435 56 0 2 1 84 445248 -1 -1 -1 -1 -1 -1)
#(0 85 436 55 0 1 0 44 236352 -1 -1 -1 -1 -1 -1)
#(0 85 437 56 0 1 0 21 114796 -1 -1 -1 -1 -1 -1)
#(0 85 438 51 0 3 1 64 339481 -1 -1 -1 -1 -1 -1)
#(0 85 439 63 0 2 1 46 243380 -1 -1 -1 -1 -1 -1)
#(0 85 440 60 0 3 1 94 497196 -1 -1 -1 -1 -1 -1)
#(0 85 441 56 0 2 1 91 481595 -1 -1 -1 -1 -1 -1)
#(0 85 443 52 0 2 0 5 29819 -1 -1 -1 -1 -1 -1)
#(0 85 444 44 0 2 0 40 214130 -1 -1 -1 -1 -1 -1)
#(0 85 445 59 0 2 0 0 3788 -1 -1 -1 -1 -1 -1)
#(0 85 446 62 0 2 1 92 486190 -1 -1 -1 -1 -1 -1)
#(0 85 447 59 0 2 1 77 407319 -1 -1 -1 -1 -1 -1)
#(0 85 809 34 0 1 1 99 526209 -1 -1 -1 -1 -1 -1)
#(0 85 810 21 0 2 0 12 64430 -1 -1 -1 -1 -1 -1)
#(0 85 811 31 0 3 0 46 244551 -1 -1 -1 -1 -1 -1)
#(0 85 812 37 0 1 0 36 192003 -1 -1 -1 -1 -1 -1)
#(0 85 813 21 0 2 1 69 368550 -1 -1 -1 -1 -1 -1)
#(0 85 814 37 0 2 1 68 362371 -1 -1 -1 -1 -1 -1)
#(0 85 815 28 0 3 0 34 180956 -1 -1 -1 -1 -1 -1)
#(0 85 816 43 0 1 1 48 256375 -1 -1 -1 -1 -1 -1)
#(0 85 817 20 0 3 1 62 331608 -1 -1 -1 -1 -1 -1)
#(0 85 818 44 0 1 0 70 371870 -1 -1 -1 -1 -1 -1)
#(0 85 819 27 0 2 0 44 233708 -1 -1 -1 -1 -1 -1)
#(0 85 820 33 0 1 1 78 415375 -1 -1 -1 -1 -1 -1)
#(0 85 1168 26 0 0 0 6 32125 -1 -1 -1 -1 -1 -1)
#(0 85 1169 26 0 0 1 72 385004 -1 -1 -1 -1 -1 -1)
#(0 85 1170 20 0 0 1 88 469585 -1 -1 -1 -1 -1 -1)
#(0 85 1171 20 0 0 1 71 379824 -1 -1 -1 -1 -1 -1)
#(0 85 1172 20 0 0 0 61 322413 -1 -1 -1 -1 -1 -1)
#(0 85 1173 29 0 0 0 28 148329 -1 -1 -1 -1 -1 -1)
#(0 85 1174 28 0 0 1 81 432489 -1 -1 -1 -1 -1 -1)
#(0 85 1175 29 0 0 1 79 421939 -1 -1 -1 -1 -1 -1)
#(0 85 1176 30 0 0 0 57 301458 -1 -1 -1 -1 -1 -1)
#(0 85 1177 25 0 0 0 22 116559 -1 -1 -1 -1 -1 -1)
#(0 85 1178 26 0 0 1 58 311103 -1 -1 -1 -1 -1 -1)
#(0 85 137926 55 1 2 1 71 376489 119626 -1 -1 -1 -1 -1)
#(0 85 137928 66 1 2 0 31 168397 119626 -1 -1 -1 -1 -1)
#(0 85 137929 72 1 2 1 65 347925 119626 -1 -1 -1 -1 -1)
#(0 85 137930 56 1 2 0 7 40599 119626 -1 -1 -1 -1 -1)
#(0 85 137931 57 1 1 0 20 109769 119626 -1 -1 -1 -1 -1)
#(0 85 137933 51 1 2 0 70 373116 119626 -1 -1 -1 -1 -1)
#(0 85 137934 55 1 1 1 76 402870 119626 -1 -1 -1 -1 -1)
#(0 85 137935 67 1 2 1 60 317753 119626 -1 -1 -1 -1 -1)
#(0 85 137936 67 1 2 1 78 411902 119626 -1 -1 -1 -1 -1)
#(0 85 137937 61 1 2 0 14 78522 119626 -1 -1 -1 -1 -1)
#(0 85 137938 55 1 1 1 47 249390 119626 -1 -1 -1 -1 -1)
#(0 85 137939 43 1 2 1 58 308622 119626 -1 -1 -1 -1 -1)
#(0 85 137940 50 1 1 0 22 119659 119626 -1 -1 -1 -1 -1)
#(0 85 137941 56 1 2 1 59 312592 119626 -1 -1 -1 -1 -1)
#(0 85 138244 43 1 3 1 76 404255 119626 -1 -1 -1 -1 -1)
#(0 85 138257 37 1 3 1 69 367638 119626 -1 -1 -1 -1 -1)
#(0 85 138259 56 1 1 0 24 129628 119626 -1 -1 -1 -1 -1)
#(0 85 138260 27 1 2 0 18 96413 119626 -1 -1 -1 -1 -1)
#(0 85 138261 20 1 2 1 53 284082 119626 -1 -1 -1 -1 -1)
#(0 85 138262 50 1 3 1 83 440892 119626 -1 -1 -1 -1 -1)
#(0 85 138263 35 1 2 0 41 218315 119626 -1 -1 -1 -1 -1)
#(0 85 138264 43 1 1 0 46 245104 119626 -1 -1 -1 -1 -1)
#(0 85 138265 20 1 2 1 56 299928 119626 -1 -1 -1 -1 -1)
#(0 85 138266 44 1 1 0 28 150143 119626 -1 -1 -1 -1 -1)
#(0 85 138267 31 1 2 1 67 357410 119626 -1 -1 -1 -1 -1)
#(0 85 138268 31 1 2 0 1 6867 119626 -1 -1 -1 -1 -1)
#(0 85 138583 29 1 0 1 25 136777 119626 -1 -1 -1 -1 -1)
#(0 85 138584 23 1 0 0 31 164072 119626 -1 -1 -1 -1 -1)
#(0 85 138585 32 1 0 0 18 95591 119626 -1 -1 -1 -1 -1)
#(0 85 138586 28 1 0 0 80 422871 119626 -1 -1 -1 -1 -1)
#(0 85 138587 20 1 0 0 50 264331 119626 -1 -1 -1 -1 -1)
#(0 85 138588 26 1 0 1 73 390292 119626 -1 -1 -1 -1 -1)
#(0 85 138589 27 1 0 1 76 406107 119626 -1 -1 -1 -1 -1)
#(0 85 138590 27 1 0 1 92 490594 119626 -1 -1 -1 -1 -1)
#(0 85 138591 26 1 0 0 24 127148 119626 -1 -1 -1 -1 -1)
#(0 85 138592 27 1 0 0 23 121880 119626 -1 -1 -1 -1 -1)
#(0 85 138593 23 1 0 1 88 469554 119626 -1 -1 -1 -1 -1)
#(0 85 275464 63 2 2 1 73 385870 239253 -1 -1 -1 -1 -1)
#(0 85 275465 55 2 2 1 88 465873 239253 -1 -1 -1 -1 -1)
#(0 85 275466 57 2 3 0 52 278887 239253 -1 -1 -1 -1 -1)
#(0 85 275467 55 2 2 0 4 25130 239253 -1 -1 -1 -1 -1)
#(0 85 275468 59 2 2 0 47 252804 239253 -1 -1 -1 -1 -1)
#(0 85 275469 59 2 1 0 29 157455 239253 -1 -1 -1 -1 -1)
#(0 85 275470 61 2 2 0 9 52039 239253 -1 -1 -1 -1 -1)
#(0 85 275471 54 2 2 1 66 349838 239253 -1 -1 -1 -1 -1)
#(0 85 275472 70 2 2 1 86 459285 239253 -1 -1 -1 -1 -1)
#(0 85 275473 55 2 3 0 21 114850 239253 -1 -1 -1 -1 -1)
#(0 85 275474 58 2 1 1 98 518369 239253 -1 -1 -1 -1 -1)
#(0 85 275475 64 2 2 0 27 142609 239253 -1 -1 -1 -1 -1)
#(0 85 275477 61 2 2 0 13 72747 239253 -1 -1 -1 -1 -1)
#(0 85 275478 62 2 3 0 5 31009 239253 -1 -1 -1 -1 -1)
#(0 85 275480 62 2 2 1 94 496909 239253 -1 -1 -1 -1 -1)
#(0 85 275784 26 2 2 1 86 457952 239253 -1 -1 -1 -1 -1)
#(0 85 275825 26 2 2 1 32 172895 239253 -1 -1 -1 -1 -1)
#(0 85 275826 21 2 3 1 62 331578 239253 -1 -1 -1 -1 -1)
#(0 85 275827 31 2 2 1 75 399647 239253 -1 -1 -1 -1 -1)
#(0 85 275828 29 2 3 0 2 12019 239253 -1 -1 -1 -1 -1)
#(0 85 275830 37 2 1 0 43 228985 239253 -1 -1 -1 -1 -1)
#(0 85 275831 30 2 2 1 71 378485 239253 -1 -1 -1 -1 -1)
#(0 85 275832 26 2 3 0 42 223086 239253 -1 -1 -1 -1 -1)
#(0 85 275833 37 2 1 0 39 207867 239253 -1 -1 -1 -1 -1)
#(0 85 275834 27 2 3 1 45 241489 239253 -1 -1 -1 -1 -1)
#(0 85 275835 33 2 2 0 21 112572 239253 -1 -1 -1 -1 -1)
#(0 85 275836 38 2 1 0 35 186771 239253 -1 -1 -1 -1 -1)
#(0 85 275837 33 2 2 1 76 404879 239253 -1 -1 -1 -1 -1)
#(0 85 275838 35 2 2 1 60 320292 239253 -1 -1 -1 -1 -1)
#(0 85 275839 25 2 2 0 10 54111 239253 -1 -1 -1 -1 -1)
#(0 85 276161 23 2 0 1 72 385061 239253 -1 -1 -1 -1 -1)
#(0 85 276164 29 2 0 0 24 127194 239253 -1 -1 -1 -1 -1)
#(0 85 276168 26 2 0 1 82 437794 239253 -1 -1 -1 -1 -1)
#(0 85 276169 26 2 0 0 63 333086 239253 -1 -1 -1 -1 -1)
#(0 85 276170 28 2 0 1 77 411354 239253 -1 -1 -1 -1 -1)
#(0 85 276171 30 2 0 1 90 479961 239253 -1 -1 -1 -1 -1)
#(0 85 276172 30 2 0 1 54 289896 239253 -1 -1 -1 -1 -1)
#(0 85 276173 20 2 0 1 46 247826 239253 -1 -1 -1 -1 -1)
#(0 85 276175 30 2 0 0 28 148340 239253 -1 -1 -1 -1 -1)
#(0 85 276176 30 2 0 0 1 5784 239253 -1 -1 -1 -1 -1)
#(0 85 276177 23 2 0 0 21 111255 239253 -1 -1 -1 -1 -1)
#(0 85 276178 19 2 0 1 92 490745 239253 -1 -1 -1 -1 -1)
#(0 85 276179 21 2 0 1 53 284787 239253 -1 -1 -1 -1 -1)
#(0 85 276180 23 2 0 1 44 237242 239253 -1 -1 -1 -1 -1)
#(0 85 412554 47 3 2 0 12 66551 359592 -1 -1 -1 -1 -1)
#(0 85 412555 73 3 2 0 14 74360 359592 -1 -1 -1 -1 -1)
#(0 85 412556 57 3 2 1 92 487177 359592 -1 -1 -1 -1 -1)
#(0 85 412557 63 3 3 1 89 470306 359592 -1 -1 -1 -1 -1)
#(0 85 412558 66 3 2 1 32 174194 359592 -1 -1 -1 -1 -1)
#(0 85 412559 44 3 2 1 75 398341 359592 -1 -1 -1 -1 -1)
#(0 85 412560 46 3 1 1 94 498517 359592 -1 -1 -1 -1 -1)
#(0 85 412561 51 3 3 0 14 77437 359592 -1 -1 -1 -1 -1)
#(0 85 412562 54 3 3 1 49 260083 359592 -1 -1 -1 -1 -1)
#(0 85 412563 62 3 2 0 63 337499 359592 -1 -1 -1 -1 -1)
#(0 85 412564 64 3 3 1 99 523473 359592 -1 -1 -1 -1 -1)
#(0 85 412895 21 3 2 0 15 80306 359592 -1 -1 -1 -1 -1)
#(0 85 412907 37 3 1 1 97 515484 359592 -1 -1 -1 -1 -1)
#(0 85 412908 31 3 2 0 46 244509 359592 -1 -1 -1 -1 -1)
#(0 85 412909 20 3 3 1 78 416056 359592 -1 -1 -1 -1 -1)
#(0 85 412910 43 3 1 0 45 239891 359592 -1 -1 -1 -1 -1)
#(0 85 412913 49 3 1 0 34 182047 359592 -1 -1 -1 -1 -1)
#(0 85 412914 46 3 2 0 69 366679 359592 -1 -1 -1 -1 -1)
#(0 85 412915 43 3 1 1 69 367255 359592 -1 -1 -1 -1 -1)
#(0 85 412916 32 3 1 0 32 170599 359592 -1 -1 -1 -1 -1)
#(0 85 412917 30 3 2 1 79 420840 359592 -1 -1 -1 -1 -1)
#(0 85 412918 38 3 1 0 30 160374 359592 -1 -1 -1 -1 -1)
#(0 85 412919 34 3 2 0 59 313273 359592 -1 -1 -1 -1 -1)
#(0 85 412920 32 3 2 1 96 510515 359592 -1 -1 -1 -1 -1)
#(0 85 412921 37 3 1 0 48 255386 359592 -1 -1 -1 -1 -1)
#(0 85 413276 21 3 0 0 54 285473 359592 -1 -1 -1 -1 -1)
#(0 85 413279 25 3 0 1 28 152709 359592 -1 -1 -1 -1 -1)
#(0 85 413280 28 3 0 1 85 453618 359592 -1 -1 -1 -1 -1)
#(0 85 413281 28 3 0 1 62 332169 359592 -1 -1 -1 -1 -1)
#(0 85 413282 20 3 0 1 73 390399 359592 -1 -1 -1 -1 -1)
#(0 85 413283 20 3 0 1 76 406237 359592 -1 -1 -1 -1 -1)
#(0 85 413284 29 3 0 1 58 311037 359592 -1 -1 -1 -1 -1)
#(0 85 413285 23 3 0 1 74 395623 359592 -1 -1 -1 -1 -1)
#(0 85 413286 26 3 0 0 2 10988 359592 -1 -1 -1 -1 -1)
#(0 85 413287 29 3 0 0 5 26874 359592 -1 -1 -1 -1 -1)
#(0 85 413288 28 3 0 1 50 268822 359592 -1 -1 -1 -1 -1)
#(0 85 413289 23 3 0 0 15 79574 359592 -1 -1 -1 -1 -1)
#(0 85 413290 28 3 0 0 37 195815 359592 -1 -1 -1 -1 -1)
#(0 85 413291 23 3 0 1 97 517069 359592 -1 -1 -1 -1 -1)
#(0 85 413292 30 3 0 0 30 158892 359592 -1 -1 -1 -1 -1)
#(0 86 427 50 0 2 1 85 450834 -1 -1 -1 -1 -1 -1)
#(0 86 442 56 0 2 0 17 93670 -1 -1 -1 -1 -1 -1)
#(0 86 448 63 0 1 1 76 401940 -1 -1 -1 -1 -1 -1)
#(0 86 449 51 0 1 1 94 498012 -1 -1 -1 -1 -1 -1)
#(0 86 450 53 0 2 0 50 267669 -1 -1 -1 -1 -1 -1)
#(0 86 451 57 0 1 0 57 305335 -1 -1 -1 -1 -1 -1)
#(0 86 452 57 0 1 0 32 173317 -1 -1 -1 -1 -1 -1)
#(0 86 453 51 0 2 0 68 362696 -1 -1 -1 -1 -1 -1)
#(0 86 454 64 0 1 1 73 386072 -1 -1 -1 -1 -1 -1)
#(0 86 455 60 0 1 1 66 349131 -1 -1 -1 -1 -1 -1)
#(0 86 456 64 0 2 0 29 158136 -1 -1 -1 -1 -1 -1)
#(0 86 457 57 0 2 1 72 381211 -1 -1 -1 -1 -1 -1)
#(0 86 458 44 0 2 1 19 102615 -1 -1 -1 -1 -1 -1)
#(0 86 459 55 0 1 1 79 418426 -1 -1 -1 -1 -1 -1)
#(0 86 460 64 0 3 0 12 68346 -1 -1 -1 -1 -1 -1)
#(0 86 461 48 0 2 0 20 109535 -1 -1 -1 -1 -1 -1)
#(0 86 462 44 0 1 1 80 424727 -1 -1 -1 -1 -1 -1)
#(0 86 821 37 0 1 1 84 446866 -1 -1 -1 -1 -1 -1)
#(0 86 822 37 0 2 0 24 128655 -1 -1 -1 -1 -1 -1)
#(0 86 823 33 0 1 0 21 112596 -1 -1 -1 -1 -1 -1)
#(0 86 824 40 0 1 1 92 488970 -1 -1 -1 -1 -1 -1)
#(0 86 825 39 0 1 0 9 49609 -1 -1 -1 -1 -1 -1)
#(0 86 826 35 0 1 1 98 520868 -1 -1 -1 -1 -1 -1)
#(0 86 828 42 0 3 0 32 171122 -1 -1 -1 -1 -1 -1)
#(0 86 829 26 0 2 1 51 273202 -1 -1 -1 -1 -1 -1)
#(0 86 830 39 0 1 1 93 494248 -1 -1 -1 -1 -1 -1)
#(0 86 831 35 0 3 1 80 425842 -1 -1 -1 -1 -1 -1)
#(0 86 832 40 0 1 0 71 376981 -1 -1 -1 -1 -1 -1)
#(0 86 833 40 0 2 0 10 54958 -1 -1 -1 -1 -1 -1)
#(0 86 834 45 0 1 0 39 208243 -1 -1 -1 -1 -1 -1)
#(0 86 835 29 0 2 1 79 420881 -1 -1 -1 -1 -1 -1)
#(0 86 836 30 0 2 0 17 91307 -1 -1 -1 -1 -1 -1)
#(0 86 837 45 0 3 0 27 144951 -1 -1 -1 -1 -1 -1)
#(0 86 838 20 0 2 0 12 64390 -1 -1 -1 -1 -1 -1)
#(0 86 839 38 0 3 0 50 265975 -1 -1 -1 -1 -1 -1)
#(0 86 840 31 0 1 1 52 278151 -1 -1 -1 -1 -1 -1)
#(0 86 841 40 0 1 1 58 309452 -1 -1 -1 -1 -1 -1)
#(0 86 1179 28 0 0 1 81 432495 -1 -1 -1 -1 -1 -1)
#(0 86 1180 29 0 0 0 8 42736 -1 -1 -1 -1 -1 -1)
#(0 86 1181 30 0 0 0 29 153639 -1 -1 -1 -1 -1 -1)
#(0 86 1182 25 0 0 0 23 121852 -1 -1 -1 -1 -1 -1)
#(0 86 1183 28 0 0 1 83 443049 -1 -1 -1 -1 -1 -1)
#(0 86 1185 31 0 0 0 27 143071 -1 -1 -1 -1 -1 -1)
#(0 86 1186 27 0 0 0 17 90206 -1 -1 -1 -1 -1 -1)
#(0 86 1188 25 0 0 1 93 495923 -1 -1 -1 -1 -1 -1)
#(0 86 137932 46 1 2 1 57 303143 119626 -1 -1 -1 -1 -1)
#(0 86 137942 72 1 1 0 25 132697 119626 -1 -1 -1 -1 -1)
#(0 86 137943 75 1 2 0 37 195489 119626 -1 -1 -1 -1 -1)
#(0 86 137944 67 1 2 1 85 454021 119626 -1 -1 -1 -1 -1)
#(0 86 137945 67 1 2 0 28 152957 119626 -1 -1 -1 -1 -1)
#(0 86 137946 70 1 2 1 65 348244 119626 -1 -1 -1 -1 -1)
#(0 86 137947 54 1 2 1 97 513831 119626 -1 -1 -1 -1 -1)
#(0 86 137948 70 1 3 0 19 100498 119626 -1 -1 -1 -1 -1)
#(0 86 137949 51 1 1 1 74 391834 119626 -1 -1 -1 -1 -1)
#(0 86 137950 58 1 2 1 80 423274 119626 -1 -1 -1 -1 -1)
#(0 86 137951 43 1 2 0 2 13467 119626 -1 -1 -1 -1 -1)
#(0 86 137952 48 1 1 1 71 376867 119626 -1 -1 -1 -1 -1)
#(4 86 137952 -1 1 -1 -1 -1 -1 119657 0 0 0 0 -1)
#(0 86 137953 49 1 3 0 34 183204 119626 -1 -1 -1 -1 -1)
#(0 86 137954 51 1 1 1 26 138937 119626 -1 -1 -1 -1 -1)
#(0 86 137955 57 1 3 1 81 428752 119626 -1 -1 -1 -1 -1)
#(0 86 138255 36 1 2 0 26 139201 119626 -1 -1 -1 -1 -1)
#(0 86 138258 33 1 2 0 12 65060 119626 -1 -1 -1 -1 -1)
#(0 86 138269 26 1 2 1 62 331263 119626 -1 -1 -1 -1 -1)
#(0 86 138270 27 1 2 0 51 270682 119626 -1 -1 -1 -1 -1)
#(0 86 138272 22 1 2 0 21 112051 119626 -1 -1 -1 -1 -1)
#(0 86 138273 34 1 2 1 86 457587 119626 -1 -1 -1 -1 -1)
#(0 86 138274 34 1 1 0 59 313293 119626 -1 -1 -1 -1 -1)
#(0 86 138275 30 1 2 0 30 159973 119626 -1 -1 -1 -1 -1)
#(0 86 138276 34 1 1 0 10 54586 119626 -1 -1 -1 -1 -1)
#(0 86 138277 29 1 2 1 93 494780 119626 -1 -1 -1 -1 -1)
#(0 86 138594 20 1 0 0 7 37302 119626 -1 -1 -1 -1 -1)
#(0 86 138595 28 1 0 1 32 173756 119626 -1 -1 -1 -1 -1)
#(0 86 138596 34 1 0 0 15 79784 119626 -1 -1 -1 -1 -1)
#(0 86 138597 21 1 0 1 95 506535 119626 -1 -1 -1 -1 -1)
#(0 86 138598 28 1 0 1 34 184323 119626 -1 -1 -1 -1 -1)
#(0 86 138599 29 1 0 0 8 42729 119626 -1 -1 -1 -1 -1)
#(0 86 138600 21 1 0 1 70 374530 119626 -1 -1 -1 -1 -1)
#(0 86 138601 26 1 0 0 46 243302 119626 -1 -1 -1 -1 -1)
#(0 86 138602 30 1 0 1 4 25903 119626 -1 -1 -1 -1 -1)
#(0 86 138603 29 1 0 0 51 269756 119626 -1 -1 -1 -1 -1)
#(0 86 138604 28 1 0 1 74 395546 119626 -1 -1 -1 -1 -1)
#(0 86 275476 62 2 2 1 87 460023 239253 -1 -1 -1 -1 -1)
#(0 86 275481 59 2 2 0 26 141753 239253 -1 -1 -1 -1 -1)
#(0 86 275482 63 2 3 1 73 386108 239253 -1 -1 -1 -1 -1)
#(0 86 275483 67 2 2 1 82 433106 239253 -1 -1 -1 -1 -1)
#(0 86 275484 54 2 2 0 4 24965 239253 -1 -1 -1 -1 -1)
#(0 86 275485 53 2 3 0 15 82979 239253 -1 -1 -1 -1 -1)
#(0 86 275486 51 2 1 1 57 302622 239253 -1 -1 -1 -1 -1)
#(0 86 275487 56 2 2 0 65 347432 239253 -1 -1 -1 -1 -1)
#(0 86 275488 57 2 3 0 30 162643 239253 -1 -1 -1 -1 -1)
#(0 86 275489 63 2 2 1 69 364983 239253 -1 -1 -1 -1 -1)
#(0 86 275829 21 2 2 1 62 331564 239253 -1 -1 -1 -1 -1)
#(4 86 275829 -1 2 -1 -1 -1 -1 239276 0 0 0 0 -1)
#(0 86 275840 34 2 3 0 3 17614 239253 -1 -1 -1 -1 -1)
#(0 86 275841 26 2 2 1 98 521322 239253 -1 -1 -1 -1 -1)
#(0 86 275842 35 2 1 0 24 128533 239253 -1 -1 -1 -1 -1)
#(0 86 275843 21 2 3 1 65 347435 239253 -1 -1 -1 -1 -1)
#(0 86 275844 39 2 3 1 56 298843 239253 -1 -1 -1 -1 -1)
#(0 86 275845 35 2 3 1 79 420491 239253 -1 -1 -1 -1 -1)
#(0 86 275846 20 2 2 0 8 43279 239253 -1 -1 -1 -1 -1)
#(0 86 275847 20 2 3 0 1 6315 239253 -1 -1 -1 -1 -1)
#(0 86 275848 31 2 2 0 25 133645 239253 -1 -1 -1 -1 -1)
#(0 86 275849 21 2 3 1 97 516338 239253 -1 -1 -1 -1 -1)
#(0 86 275851 22 2 2 0 41 217615 239253 -1 -1 -1 -1 -1)
#(0 86 276181 30 2 0 0 1 5778 239253 -1 -1 -1 -1 -1)
#(0 86 276182 23 2 0 1 29 158019 239253 -1 -1 -1 -1 -1)
#(0 86 276183 20 2 0 1 83 443193 239253 -1 -1 -1 -1 -1)
#(0 86 276184 29 2 0 0 82 433442 239253 -1 -1 -1 -1 -1)
#(0 86 276185 23 2 0 0 4 21497 239253 -1 -1 -1 -1 -1)
#(0 86 276186 22 2 0 0 47 248529 239253 -1 -1 -1 -1 -1)
#(0 86 276187 23 2 0 0 33 174606 239253 -1 -1 -1 -1 -1)
#(0 86 276188 23 2 0 1 70 374511 239253 -1 -1 -1 -1 -1)
#(0 86 276189 20 2 0 1 97 517126 239253 -1 -1 -1 -1 -1)
#(0 86 412565 73 3 2 0 43 227835 359592 -1 -1 -1 -1 -1)
#(0 86 412566 66 3 2 1 69 365371 359592 -1 -1 -1 -1 -1)
#(0 86 412567 64 3 3 1 71 375118 359592 -1 -1 -1 -1 -1)
#(0 86 412568 70 3 1 1 28 152861 359592 -1 -1 -1 -1 -1)
#(0 86 412569 62 3 3 1 72 380919 359592 -1 -1 -1 -1 -1)
#(0 86 412570 51 3 2 0 5 30031 359592 -1 -1 -1 -1 -1)
#(0 86 412572 55 3 3 0 17 93789 359592 -1 -1 -1 -1 -1)
#(0 86 412573 64 3 2 1 76 402072 359592 -1 -1 -1 -1 -1)
#(0 86 412574 72 3 2 0 37 195627 359592 -1 -1 -1 -1 -1)
#(0 86 412575 54 3 1 0 25 135825 359592 -1 -1 -1 -1 -1)
#(0 86 412576 42 3 3 0 11 60941 359592 -1 -1 -1 -1 -1)
#(0 86 412906 20 3 0 0 19 101292 359592 -1 -1 -1 -1 -1)
#(0 86 412911 21 3 2 0 15 80302 359592 -1 -1 -1 -1 -1)
#(0 86 412912 19 3 3 1 78 416120 359592 -1 -1 -1 -1 -1)
#(0 86 412923 39 3 3 1 52 277816 359592 -1 -1 -1 -1 -1)
#(0 86 412924 20 3 2 0 40 212240 359592 -1 -1 -1 -1 -1)
#(0 86 412925 28 3 2 1 77 410380 359592 -1 -1 -1 -1 -1)
#(0 86 412926 48 3 1 1 80 425211 359592 -1 -1 -1 -1 -1)
#(0 86 412927 44 3 3 1 42 224748 359592 -1 -1 -1 -1 -1)
#(0 86 413293 20 3 0 1 88 469586 359592 -1 -1 -1 -1 -1)
#(0 86 413294 20 3 0 0 3 16173 359592 -1 -1 -1 -1 -1)
#(0 86 413295 26 3 0 0 49 259144 359592 -1 -1 -1 -1 -1)
#(0 86 413296 26 3 0 1 57 305818 359592 -1 -1 -1 -1 -1)
#(0 86 413297 28 3 0 1 60 321625 359592 -1 -1 -1 -1 -1)
#(0 87 463 61 0 2 1 73 386373 -1 -1 -1 -1 -1 -1)
#(0 87 464 55 0 3 0 18 99070 -1 -1 -1 -1 -1 -1)
#(0 87 465 73 0 3 1 77 406687 -1 -1 -1 -1 -1 -1)
#(0 87 466 64 0 2 0 8 47024 -1 -1 -1 -1 -1 -1)
#(0 87 467 75 0 2 1 46 247354 -1 -1 -1 -1 -1 -1)
#(0 87 468 53 0 1 1 57 302295 -1 -1 -1 -1 -1 -1)
#(0 87 469 62 0 1 0 86 458814 -1 -1 -1 -1 -1 -1)
#(0 87 470 73 0 3 0 53 280003 -1 -1 -1 -1 -1 -1)
#(0 87 472 44 0 1 0 23 124417 -1 -1 -1 -1 -1 -1)
#(0 87 473 62 0 2 0 27 147211 -1 -1 -1 -1 -1 -1)
#(0 87 474 56 0 2 0 4 25097 -1 -1 -1 -1 -1 -1)
#(0 87 475 59 0 2 1 48 255053 -1 -1 -1 -1 -1 -1)
#(0 87 476 75 0 2 1 38 205114 -1 -1 -1 -1 -1 -1)
#(0 87 477 70 0 1 0 37 195731 -1 -1 -1 -1 -1 -1)
#(0 87 478 43 0 1 1 45 239973 -1 -1 -1 -1 -1 -1)
#(0 87 827 30 0 2 0 34 181077 -1 -1 -1 -1 -1 -1)
#(0 87 842 35 0 2 1 96 510346 -1 -1 -1 -1 -1 -1)
#(0 87 843 54 0 3 0 69 367123 -1 -1 -1 -1 -1 -1)
#(0 87 844 34 0 1 0 30 160176 -1 -1 -1 -1 -1 -1)
#(0 87 845 38 0 3 0 32 170934 -1 -1 -1 -1 -1 -1)
#(0 87 846 27 0 2 1 93 494959 -1 -1 -1 -1 -1 -1)
#(0 87 847 46 0 1 0 41 218871 -1 -1 -1 -1 -1 -1)
#(0 87 848 32 0 2 0 10 54452 -1 -1 -1 -1 -1 -1)
#(0 87 849 26 0 2 0 13 69963 -1 -1 -1 -1 -1 -1)
#(0 87 850 41 0 1 1 85 451926 -1 -1 -1 -1 -1 -1)
#(0 87 851 51 0 3 1 91 483113 -1 -1 -1 -1 -1 -1)
#(0 87 852 42 0 1 1 72 383287 -1 -1 -1 -1 -1 -1)
#(0 87 1184 27 0 0 0 57 301420 -1 -1 -1 -1 -1 -1)
#(0 87 1187 26 0 0 1 79 421955 -1 -1 -1 -1 -1 -1)
#(0 87 1189 27 0 0 0 34 179984 -1 -1 -1 -1 -1 -1)
#(0 87 1190 34 0 0 0 0 585 -1 -1 -1 -1 -1 -1)
#(0 87 1191 31 0 0 1 78 416588 -1 -1 -1 -1 -1 -1)
#(0 87 1192 26 0 0 0 51 269714 -1 -1 -1 -1 -1 -1)
#(0 87 1193 28 0 0 0 38 201108 -1 -1 -1 -1 -1 -1)
#(0 87 1194 23 0 0 1 62 332261 -1 -1 -1 -1 -1 -1)
#(0 87 1195 25 0 0 0 26 137676 -1 -1 -1 -1 -1 -1)
#(0 87 1196 26 0 0 1 90 480059 -1 -1 -1 -1 -1 -1)
#(0 87 1197 29 0 0 1 45 242404 -1 -1 -1 -1 -1 -1)
#(0 87 137956 58 1 2 0 45 242154 119626 -1 -1 -1 -1 -1)
#(0 87 137957 59 1 3 0 15 83564 119626 -1 -1 -1 -1 -1)
#(0 87 137958 50 1 1 0 5 30657 119626 -1 -1 -1 -1 -1)
#(0 87 137959 62 1 2 0 40 215896 119626 -1 -1 -1 -1 -1)
#(0 87 137960 57 1 2 1 54 286050 119626 -1 -1 -1 -1 -1)
#(0 87 137961 65 1 3 0 4 25890 119626 -1 -1 -1 -1 -1)
#(0 87 137962 54 1 2 0 70 373291 119626 -1 -1 -1 -1 -1)
#(0 87 137965 51 1 2 1 83 439891 119626 -1 -1 -1 -1 -1)
#(0 87 138271 21 1 2 1 56 299912 119626 -1 -1 -1 -1 -1)
#(0 87 138278 21 1 2 0 53 280897 119626 -1 -1 -1 -1 -1)
#(0 87 138280 21 1 2 0 50 265057 119626 -1 -1 -1 -1 -1)
#(0 87 138281 33 1 2 0 47 249837 119626 -1 -1 -1 -1 -1)
#(0 87 138282 26 1 3 1 74 394596 119626 -1 -1 -1 -1 -1)
#(0 87 138283 44 1 1 1 35 187765 119626 -1 -1 -1 -1 -1)
#(0 87 138284 36 1 2 1 63 336014 119626 -1 -1 -1 -1 -1)
#(0 87 138285 20 1 2 1 66 352725 119626 -1 -1 -1 -1 -1)
#(0 87 138286 36 1 3 0 46 244759 119626 -1 -1 -1 -1 -1)
#(0 87 138287 20 1 2 0 26 138319 119626 -1 -1 -1 -1 -1)
#(0 87 138288 47 1 1 0 64 340306 119626 -1 -1 -1 -1 -1)
#(0 87 138289 32 1 2 0 15 80857 119626 -1 -1 -1 -1 -1)
#(0 87 138605 27 1 0 1 63 337460 119626 -1 -1 -1 -1 -1)
#(0 87 138606 25 1 0 1 93 495896 119626 -1 -1 -1 -1 -1)
#(0 87 138607 28 1 0 1 76 406081 119626 -1 -1 -1 -1 -1)
#(0 87 138608 27 1 0 0 24 127181 119626 -1 -1 -1 -1 -1)
#(0 87 138609 29 1 0 1 83 443024 119626 -1 -1 -1 -1 -1)
#(0 87 138610 28 1 0 0 19 100797 119626 -1 -1 -1 -1 -1)
#(0 87 138611 23 1 0 0 67 354145 119626 -1 -1 -1 -1 -1)
#(0 87 138612 28 1 0 0 14 74394 119626 -1 -1 -1 -1 -1)
#(0 87 138613 20 1 0 0 47 248487 119626 -1 -1 -1 -1 -1)
#(0 87 138614 27 1 0 1 52 279395 119626 -1 -1 -1 -1 -1)
#(0 87 138615 21 1 0 0 31 164017 119626 -1 -1 -1 -1 -1)
#(0 87 138616 26 1 0 0 29 153542 119626 -1 -1 -1 -1 -1)
#(0 87 138617 27 1 0 0 42 222193 119626 -1 -1 -1 -1 -1)
#(0 87 275479 65 2 3 0 13 72847 239253 -1 -1 -1 -1 -1)
#(0 87 275490 61 2 2 0 20 110207 239253 -1 -1 -1 -1 -1)
#(0 87 275491 57 2 3 1 44 233280 239253 -1 -1 -1 -1 -1)
#(0 87 275492 51 2 1 1 71 376494 239253 -1 -1 -1 -1 -1)
#(0 87 275493 75 2 1 1 47 253320 239253 -1 -1 -1 -1 -1)
#(0 87 275494 57 2 2 1 65 344194 239253 -1 -1 -1 -1 -1)
#(0 87 275495 66 2 2 0 44 237301 239253 -1 -1 -1 -1 -1)
#(0 87 275496 67 2 2 0 12 63392 239253 -1 -1 -1 -1 -1)
#(0 87 275497 73 2 2 1 91 484967 239253 -1 -1 -1 -1 -1)
#(0 87 275498 44 2 2 0 37 198333 239253 -1 -1 -1 -1 -1)
#(0 87 275499 52 2 2 1 27 144096 239253 -1 -1 -1 -1 -1)
#(0 87 275500 44 2 2 0 61 325020 239253 -1 -1 -1 -1 -1)
#(0 87 275502 56 2 2 1 46 243935 239253 -1 -1 -1 -1 -1)
#(0 87 275503 57 2 3 1 62 328348 239253 -1 -1 -1 -1 -1)
#(0 87 275504 66 2 1 0 0 4790 239253 -1 -1 -1 -1 -1)
#(0 87 275505 71 2 2 0 60 317409 239253 -1 -1 -1 -1 -1)
#(0 87 275852 30 2 2 0 2 12126 239253 -1 -1 -1 -1 -1)
#(0 87 275853 38 2 1 0 30 160367 239253 -1 -1 -1 -1 -1)
#(0 87 275855 21 2 3 1 93 495268 239253 -1 -1 -1 -1 -1)
#(0 87 275856 34 2 3 1 87 462837 239253 -1 -1 -1 -1 -1)
#(0 87 275857 31 2 1 0 24 128383 239253 -1 -1 -1 -1 -1)
#(0 87 275859 40 2 1 1 99 525870 239253 -1 -1 -1 -1 -1)
#(4 87 275859 -1 2 -1 -1 -1 -1 239277 0 0 0 0 -1)
#(0 87 275860 26 2 2 0 36 191413 239253 -1 -1 -1 -1 -1)
#(0 87 275861 32 2 2 1 85 452419 239253 -1 -1 -1 -1 -1)
#(0 87 275862 32 2 2 1 80 426043 239253 -1 -1 -1 -1 -1)
#(0 87 275863 29 2 2 1 78 415601 239253 -1 -1 -1 -1 -1)
#(0 87 275864 20 2 2 0 28 148871 239253 -1 -1 -1 -1 -1)
#(0 87 275865 44 2 1 1 94 499311 239253 -1 -1 -1 -1 -1)
#(0 87 275866 42 2 2 1 4 24255 239253 -1 -1 -1 -1 -1)
#(0 87 275867 31 2 2 1 76 404943 239253 -1 -1 -1 -1 -1)
#(0 87 276174 21 2 0 1 46 247802 239253 -1 -1 -1 -1 -1)
#(0 87 276190 28 2 0 0 26 137764 239253 -1 -1 -1 -1 -1)
#(0 87 276191 32 2 0 0 75 396543 239253 -1 -1 -1 -1 -1)
#(0 87 276192 20 2 0 1 59 316470 239253 -1 -1 -1 -1 -1)
#(0 87 276193 20 2 0 0 47 248477 239253 -1 -1 -1 -1 -1)
#(0 87 276196 29 2 0 0 17 90229 239253 -1 -1 -1 -1 -1)
#(0 87 276197 25 2 0 0 76 401675 239253 -1 -1 -1 -1 -1)
#(0 87 412571 58 3 3 1 94 497940 359592 -1 -1 -1 -1 -1)
#(0 87 412577 44 3 2 0 42 224745 359592 -1 -1 -1 -1 -1)
#(0 87 412578 62 3 2 0 41 221305 359592 -1 -1 -1 -1 -1)
#(0 87 412579 50 3 2 1 95 502721 359592 -1 -1 -1 -1 -1)
#(0 87 412582 62 3 3 0 45 242329 359592 -1 -1 -1 -1 -1)
#(0 87 412583 57 3 2 0 61 326784 359592 -1 -1 -1 -1 -1)
#(0 87 412584 42 3 2 1 63 335087 359592 -1 -1 -1 -1 -1)
#(0 87 412585 71 3 1 0 37 200312 359592 -1 -1 -1 -1 -1)
#(0 87 412586 62 3 2 1 97 513111 359592 -1 -1 -1 -1 -1)
#(0 87 412587 59 3 3 0 10 57228 359592 -1 -1 -1 -1 -1)
#(0 87 412588 59 3 3 1 68 359755 359592 -1 -1 -1 -1 -1)
#(0 87 412589 55 3 2 1 69 365985 359592 -1 -1 -1 -1 -1)
#(0 87 412928 28 3 2 1 96 510714 359592 -1 -1 -1 -1 -1)
#(0 87 412929 40 3 3 1 60 320014 359592 -1 -1 -1 -1 -1)
#(0 87 412930 43 3 1 1 37 198355 359592 -1 -1 -1 -1 -1)
#(0 87 412931 41 3 2 1 89 473054 359592 -1 -1 -1 -1 -1)
#(0 87 412932 40 3 1 0 20 107695 359592 -1 -1 -1 -1 -1)
#(0 87 412933 37 3 2 1 74 394053 359592 -1 -1 -1 -1 -1)
#(0 87 412934 40 3 3 0 43 229132 359592 -1 -1 -1 -1 -1)
#(0 87 412935 46 3 1 1 85 451716 359592 -1 -1 -1 -1 -1)
#(0 87 412936 36 3 1 0 68 360893 359592 -1 -1 -1 -1 -1)
#(0 87 412937 23 3 2 1 91 484551 359592 -1 -1 -1 -1 -1)
#(0 87 412939 32 3 2 0 26 138900 359592 -1 -1 -1 -1 -1)
#(0 87 412940 22 3 2 1 88 468681 359592 -1 -1 -1 -1 -1)
#(0 87 412941 52 3 1 0 29 155809 359592 -1 -1 -1 -1 -1)
#(0 87 413299 23 3 0 0 30 158786 359592 -1 -1 -1 -1 -1)
#(0 87 413300 27 3 0 0 17 90222 359592 -1 -1 -1 -1 -1)
#(0 87 413301 27 3 0 0 12 63805 359592 -1 -1 -1 -1 -1)
#(0 87 413302 23 3 0 0 18 95417 359592 -1 -1 -1 -1 -1)
#(0 87 413303 29 3 0 1 59 316318 359592 -1 -1 -1 -1 -1)
#(0 87 413304 20 3 0 0 27 142884 359592 -1 -1 -1 -1 -1)
#(0 87 413305 25 3 0 0 56 296087 359592 -1 -1 -1 -1 -1)
#(0 87 413306 29 3 0 0 29 153594 359592 -1 -1 -1 -1 -1)
#(0 87 413307 30 3 0 1 78 416616 359592 -1 -1 -1 -1 -1)
#(0 87 413308 27 3 0 1 93 495874 359592 -1 -1 -1 -1 -1)
#(0 87 413309 20 3 0 1 82 437914 359592 -1 -1 -1 -1 -1)
#(0 87 413310 28 3 0 1 1 10102 359592 -1 -1 -1 -1 -1)
#(0 87 413311 20 3 0 0 4 21440 359592 -1 -1 -1 -1 -1)
#(0 87 413312 26 3 0 0 5 26824 359592 -1 -1 -1 -1 -1)
#(0 87 413314 28 3 0 0 11 58532 359592 -1 -1 -1 -1 -1)
#(0 88 471 62 0 2 0 12 68109 -1 -1 -1 -1 -1 -1)
#(2 88 476 -1 -1 -1 -1 -1 -1 24 -1 -1 -1 -1 -1)
#(0 88 479 62 0 3 1 46 243500 -1 -1 -1 -1 -1 -1)
#(0 88 480 64 0 1 0 21 115563 -1 -1 -1 -1 -1 -1)
#(0 88 481 44 0 2 1 84 445837 -1 -1 -1 -1 -1 -1)
#(0 88 482 62 0 3 0 34 184640 -1 -1 -1 -1 -1 -1)
#(0 88 483 62 0 1 0 41 221280 -1 -1 -1 -1 -1 -1)
#(0 88 484 54 0 1 0 9 51530 -1 -1 -1 -1 -1 -1)
#(0 88 485 57 0 2 1 76 402273 -1 -1 -1 -1 -1 -1)
#(0 88 487 65 0 2 0 16 89644 -1 -1 -1 -1 -1 -1)
#(0 88 489 64 0 2 1 68 359297 -1 -1 -1 -1 -1 -1)
#(0 88 490 75 0 2 1 89 474498 -1 -1 -1 -1 -1 -1)
#(0 88 491 55 0 3 1 78 413117 -1 -1 -1 -1 -1 -1)
#(0 88 492 69 0 3 0 12 63506 -1 -1 -1 -1 -1 -1)
#(2 88 492 -1 -1 -1 -1 -1 -1 24 -1 -1 -1 -1 -1)
#(0 88 853 41 0 3 0 69 366415 -1 -1 -1 -1 -1 -1)
#(0 88 854 20 0 3 0 34 180562 -1 -1 -1 -1 -1 -1)
#(0 88 855 38 0 1 0 33 176192 -1 -1 -1 -1 -1 -1)
#(0 88 856 38 0 2 1 98 520833 -1 -1 -1 -1 -1 -1)
#(0 88 857 22 0 2 0 19 101452 -1 -1 -1 -1 -1 -1)
#(0 88 858 35 0 3 1 45 241072 -1 -1 -1 -1 -1 -1)
#(0 88 859 43 0 3 1 32 171996 -1 -1 -1 -1 -1 -1)
#(0 88 860 30 0 3 0 9 49093 -1 -1 -1 -1 -1 -1)
#(0 88 863 43 0 3 0 35 187045 -1 -1 -1 -1 -1 -1)
#(0 88 864 30 0 2 0 17 91316 -1 -1 -1 -1 -1 -1)
#(0 88 865 35 0 2 1 96 510369 -1 -1 -1 -1 -1 -1)
#(0 88 1199 32 0 0 1 60 321550 -1 -1 -1 -1 -1 -1)
#(0 88 1200 20 0 0 0 39 206246 -1 -1 -1 -1 -1 -1)
#(0 88 1201 20 0 0 1 92 490715 -1 -1 -1 -1 -1 -1)
#(0 88 137964 57 1 3 1 97 513699 119626 -1 -1 -1 -1 -1)
#(0 88 137966 51 1 3 1 72 381492 119626 -1 -1 -1 -1 -1)
#(0 88 137967 62 1 3 1 49 259193 119626 -1 -1 -1 -1 -1)
#(0 88 137968 70 1 2 1 88 469421 119626 -1 -1 -1 -1 -1)
#(0 88 137969 59 1 2 0 66 352980 119626 -1 -1 -1 -1 -1)
#(0 88 137970 57 1 2 1 50 265184 119626 -1 -1 -1 -1 -1)
#(0 88 138279 30 1 2 0 10 54390 119626 -1 -1 -1 -1 -1)
#(0 88 138290 21 1 2 0 49 259782 119626 -1 -1 -1 -1 -1)
#(0 88 138291 39 1 3 1 33 177511 119626 -1 -1 -1 -1 -1)
#(0 88 138292 21 1 2 0 36 191133 119626 -1 -1 -1 -1 -1)
#(0 88 138293 20 1 2 0 12 64405 119626 -1 -1 -1 -1 -1)
#(0 88 138294 27 1 2 1 87 463219 119626 -1 -1 -1 -1 -1)
#(0 88 138295 35 1 2 0 23 123307 119626 -1 -1 -1 -1 -1)
#(0 88 138296 38 1 2 0 25 134002 119626 -1 -1 -1 -1 -1)
#(0 88 138297 33 1 3 0 30 160082 119626 -1 -1 -1 -1 -1)
#(0 88 138298 20 1 2 0 63 333670 119626 -1 -1 -1 -1 -1)
#(0 88 138299 29 1 2 0 0 1533 119626 -1 -1 -1 -1 -1)
#(0 88 138618 27 1 0 1 83 443068 119626 -1 -1 -1 -1 -1)
#(0 88 138619 25 1 0 1 58 311102 119626 -1 -1 -1 -1 -1)
#(0 88 138620 27 1 0 1 84 448342 119626 -1 -1 -1 -1 -1)
#(0 88 138621 30 1 0 1 99 527481 119626 -1 -1 -1 -1 -1)
#(0 88 138622 27 1 0 1 85 453622 119626 -1 -1 -1 -1 -1)
#(0 88 138623 20 1 0 0 27 142893 119626 -1 -1 -1 -1 -1)
#(0 88 138624 20 1 0 1 86 459026 119626 -1 -1 -1 -1 -1)
#(0 88 138625 28 1 0 0 14 74385 119626 -1 -1 -1 -1 -1)
#(0 88 138626 28 1 0 0 10 53271 119626 -1 -1 -1 -1 -1)
#(0 88 138627 27 1 0 1 71 379716 119626 -1 -1 -1 -1 -1)
#(0 88 138628 27 1 0 0 24 127162 119626 -1 -1 -1 -1 -1)
#(0 88 138630 23 1 0 0 44 232686 119626 -1 -1 -1 -1 -1)
#(0 88 138631 32 1 0 1 80 427165 119626 -1 -1 -1 -1 -1)
#(0 88 275501 54 2 2 1 69 365607 239253 -1 -1 -1 -1 -1)
#(0 88 275506 51 2 2 0 51 272937 239253 -1 -1 -1 -1 -1)
#(0 88 275507 57 2 2 0 26 141529 239253 -1 -1 -1 -1 -1)
#(0 88 275508 55 2 3 0 16 88454 239253 -1 -1 -1 -1 -1)
#(0 88 275509 64 2 3 0 47 252885 239253 -1 -1 -1 -1 -1)
#(0 88 275510 63 2 1 1 44 237292 239253 -1 -1 -1 -1 -1)
#(0 88 275511 51 2 2 0 25 135703 239253 -1 -1 -1 -1 -1)
#(0 88 275513 55 2 3 0 0 3928 239253 -1 -1 -1 -1 -1)
#(0 88 275514 56 2 1 0 13 72453 239253 -1 -1 -1 -1 -1)
#(0 88 275515 63 2 2 1 85 449614 239253 -1 -1 -1 -1 -1)
#(0 88 275516 53 2 3 0 4 24849 239253 -1 -1 -1 -1 -1)
#(0 88 275517 60 2 4 0 74 395305 239253 -1 -1 -1 -1 -1)
#(0 88 275850 21 2 2 1 62 331525 239253 -1 -1 -1 -1 -1)
#(0 88 275854 20 2 3 0 1 6310 239253 -1 -1 -1 -1 -1)
#(0 88 275858 22 2 2 0 41 217660 239253 -1 -1 -1 -1 -1)
#(0 88 275868 42 2 3 0 40 213454 239253 -1 -1 -1 -1 -1)
#(0 88 275869 44 2 1 1 48 256427 239253 -1 -1 -1 -1 -1)
#(0 88 275870 21 2 3 1 71 379110 239253 -1 -1 -1 -1 -1)
#(0 88 275871 21 2 2 0 8 43324 239253 -1 -1 -1 -1 -1)
#(0 88 275873 32 2 3 1 92 489409 239253 -1 -1 -1 -1 -1)
#(0 88 275874 56 2 3 0 87 462237 239253 -1 -1 -1 -1 -1)
#(0 88 275875 43 2 3 0 31 165941 239253 -1 -1 -1 -1 -1)
#(0 88 275876 52 2 1 1 81 430264 239253 -1 -1 -1 -1 -1)
#(0 88 275878 35 2 1 1 50 267466 239253 -1 -1 -1 -1 -1)
#(0 88 275879 56 2 1 1 30 160828 239253 -1 -1 -1 -1 -1)
#(0 88 275880 20 2 2 1 69 368580 239253 -1 -1 -1 -1 -1)
#(0 88 275881 37 2 3 0 16 86450 239253 -1 -1 -1 -1 -1)
#(0 88 275882 40 2 3 0 4 23146 239253 -1 -1 -1 -1 -1)
#(0 88 276194 18 2 0 1 97 517157 239253 -1 -1 -1 -1 -1)
#(0 88 276195 24 2 0 1 70 374485 239253 -1 -1 -1 -1 -1)
#(0 88 276198 20 2 0 1 63 337580 239253 -1 -1 -1 -1 -1)
#(0 88 276199 24 2 0 1 67 358630 239253 -1 -1 -1 -1 -1)
#(0 88 276200 21 2 0 1 46 247815 239253 -1 -1 -1 -1 -1)
#(0 88 276201 26 2 0 0 29 153559 239253 -1 -1 -1 -1 -1)
#(0 88 276202 20 2 0 1 33 179186 239253 -1 -1 -1 -1 -1)
#(0 88 276203 32 2 0 1 13 73377 239253 -1 -1 -1 -1 -1)
#(0 88 276204 30 2 0 1 80 427168 239253 -1 -1 -1 -1 -1)
#(0 88 276205 29 2 0 0 6 32159 239253 -1 -1 -1 -1 -1)
#(0 88 412580 64 3 2 0 41 221200 359592 -1 -1 -1 -1 -1)
#(0 88 412581 44 3 1 1 94 498678 359592 -1 -1 -1 -1 -1)
#(0 88 412590 64 3 2 1 33 174493 359592 -1 -1 -1 -1 -1)
#(0 88 412591 52 3 2 0 14 77595 359592 -1 -1 -1 -1 -1)
#(0 88 412592 51 3 3 1 42 223412 359592 -1 -1 -1 -1 -1)
#(0 88 412593 63 3 2 1 76 402060 359592 -1 -1 -1 -1 -1)
#(0 88 412594 56 3 2 1 96 508368 359592 -1 -1 -1 -1 -1)
#(0 88 412595 44 3 2 1 99 525066 359592 -1 -1 -1 -1 -1)
#(0 88 412597 51 3 2 0 65 346817 359592 -1 -1 -1 -1 -1)
#(0 88 412598 54 3 3 0 29 157130 359592 -1 -1 -1 -1 -1)
#(0 88 412599 67 3 3 0 7 37153 359592 -1 -1 -1 -1 -1)
#(0 88 412600 57 3 1 1 47 249146 359592 -1 -1 -1 -1 -1)
#(0 88 412601 55 3 2 1 60 318099 359592 -1 -1 -1 -1 -1)
#(0 88 412602 59 3 1 1 49 259886 359592 -1 -1 -1 -1 -1)
#(0 88 412604 49 3 1 1 39 206969 359592 -1 -1 -1 -1 -1)
#(0 88 412605 62 3 2 0 40 215962 359592 -1 -1 -1 -1 -1)
#(0 88 412606 59 3 1 0 50 268513 359592 -1 -1 -1 -1 -1)
#(0 88 412922 19 3 3 1 78 416100 359592 -1 -1 -1 -1 -1)
#(0 88 412938 20 3 0 0 40 212188 359592 -1 -1 -1 -1 -1)
#(0 88 412942 26 3 3 1 92 489658 359592 -1 -1 -1 -1 -1)
#(0 88 412943 24 3 2 0 36 191419 359592 -1 -1 -1 -1 -1)
#(0 88 412944 35 3 3 0 20 107430 359592 -1 -1 -1 -1 -1)
#(0 88 412945 30 3 2 1 83 441942 359592 -1 -1 -1 -1 -1)
#(0 88 412946 37 3 1 0 31 165641 359592 -1 -1 -1 -1 -1)
#(0 88 412947 29 3 2 1 81 431448 359592 -1 -1 -1 -1 -1)
#(0 88 412948 41 3 3 1 57 304126 359592 -1 -1 -1 -1 -1)
#(0 88 412949 29 3 1 0 6 33276 359592 -1 -1 -1 -1 -1)
#(0 88 412950 35 3 2 0 29 154931 359592 -1 -1 -1 -1 -1)
#(0 88 412951 41 3 1 1 49 261906 359592 -1 -1 -1 -1 -1)
#(0 88 412953 21 3 3 0 1 6324 359592 -1 -1 -1 -1 -1)
#(0 88 412954 31 3 2 0 4 22765 359592 -1 -1 -1 -1 -1)
#(0 88 412956 51 3 2 0 2 13213 359592 -1 -1 -1 -1 -1)
#(0 88 412957 50 3 1 1 80 425065 359592 -1 -1 -1 -1 -1)
#(0 88 412958 32 3 2 0 11 59692 359592 -1 -1 -1 -1 -1)
#(0 88 412959 23 3 2 0 62 328568 359592 -1 -1 -1 -1 -1)
#(0 88 412960 34 3 1 1 22 119689 359592 -1 -1 -1 -1 -1)
#(0 88 412961 31 3 2 1 79 420834 359592 -1 -1 -1 -1 -1)
#(0 88 413298 21 3 0 0 3 16195 359592 -1 -1 -1 -1 -1)
#(0 88 413313 24 3 0 1 93 495926 359592 -1 -1 -1 -1 -1)
#(0 88 413315 32 3 0 1 78 416609 359592 -1 -1 -1 -1 -1)
#(0 88 413316 20 3 0 0 30 158719 359592 -1 -1 -1 -1 -1)
#(0 88 413317 30 3 0 0 69 364838 359592 -1 -1 -1 -1 -1)
#(0 88 413318 25 3 0 1 80 427262 359592 -1 -1 -1 -1 -1)
#(0 88 413319 28 3 0 0 60 317277 359592 -1 -1 -1 -1 -1)
#(0 88 413320 27 3 0 0 1 5738 359592 -1 -1 -1 -1 -1)
#(0 88 413321 32 3 0 0 19 100856 359592 -1 -1 -1 -1 -1)
#(0 88 413322 29 3 0 0 59 312009 359592 -1 -1 -1 -1 -1)
#(0 88 413323 26 3 0 1 35 189656 359592 -1 -1 -1 -1 -1)
#(0 88 413324 27 3 0 1 59 316365 359592 -1 -1 -1 -1 -1)
#(0 88 413325 32 3 0 0 64 338449 359592 -1 -1 -1 -1 -1)
#(0 88 413326 27 3 0 0 34 179966 359592 -1 -1 -1 -1 -1)
#(0 88 413327 34 3 0 0 48 254009 359592 -1 -1 -1 -1 -1)
#(0 88 413328 23 3 0 0 26 137650 359592 -1 -1 -1 -1 -1)
#(0 88 413329 28 3 0 1 58 311062 359592 -1 -1 -1 -1 -1)
#(0 88 413330 26 3 0 1 64 342784 359592 -1 -1 -1 -1 -1)
#(0 89 486 55 0 2 1 76 402620 -1 -1 -1 -1 -1 -1)
#(0 89 488 62 0 3 0 12 67971 -1 -1 -1 -1 -1 -1)
#(0 89 493 44 0 2 0 18 98025 -1 -1 -1 -1 -1 -1)
#(0 89 494 43 0 2 1 90 477551 -1 -1 -1 -1 -1 -1)
#(0 89 495 75 0 1 0 53 280348 -1 -1 -1 -1 -1 -1)
#(0 89 496 44 0 2 0 16 87450 -1 -1 -1 -1 -1 -1)
#(0 89 497 75 0 2 1 34 184002 -1 -1 -1 -1 -1 -1)
#(0 89 498 64 0 3 1 47 248426 -1 -1 -1 -1 -1 -1)
#(0 89 499 54 0 3 1 59 312524 -1 -1 -1 -1 -1 -1)
#(0 89 500 62 0 2 1 86 454219 -1 -1 -1 -1 -1 -1)
#(0 89 501 51 0 2 0 27 146129 -1 -1 -1 -1 -1 -1)
#(0 89 502 44 0 2 1 89 472147 -1 -1 -1 -1 -1 -1)
#(0 89 862 32 0 2 0 9 49148 -1 -1 -1 -1 -1 -1)
#(0 89 866 32 0 2 1 37 198986 -1 -1 -1 -1 -1 -1)
#(0 89 867 47 0 1 0 1 7699 -1 -1 -1 -1 -1 -1)
#(0 89 868 35 0 2 1 86 457540 -1 -1 -1 -1 -1 -1)
#(0 89 869 36 0 2 1 58 309640 -1 -1 -1 -1 -1 -1)
#(0 89 870 20 0 2 1 91 484716 -1 -1 -1 -1 -1 -1)
#(0 89 871 20 0 3 1 34 183754 -1 -1 -1 -1 -1 -1)
#(0 89 872 40 0 1 0 22 118290 -1 -1 -1 -1 -1 -1)
#(0 89 873 28 0 2 0 52 275970 -1 -1 -1 -1 -1 -1)
#(0 89 874 40 0 1 0 41 218519 -1 -1 -1 -1 -1 -1)
#(0 89 875 46 0 1 0 31 166030 -1 -1 -1 -1 -1 -1)
#(0 89 876 33 0 2 1 68 362613 -1 -1 -1 -1 -1 -1)
#(0 89 877 35 0 2 1 55 293884 -1 -1 -1 -1 -1 -1)
#(0 89 878 26 0 2 1 93 494952 -1 -1 -1 -1 -1 -1)
#(0 89 879 38 0 2 1 88 467936 -1 -1 -1 -1 -1 -1)
#(0 89 880 29 0 2 0 10 54306 -1 -1 -1 -1 -1 -1)
#(2 89 1188 -1 -1 -1 -1 -1 -1 31 -1 -1 -1 -1 -1)
#(0 89 1202 32 0 0 1 98 522168 -1 -1 -1 -1 -1 -1)
#(0 89 1203 20 0 0 0 29 153455 -1 -1 -1 -1 -1 -1)
#(0 89 1204 27 0 0 0 41 216926 -1 -1 -1 -1 -1 -1)
#(0 89 1205 27 0 0 1 80 427233 -1 -1 -1 -1 -1 -1)
#(0 89 1206 29 0 0 1 87 464149 -1 -1 -1 -1 -1 -1)
#(0 89 1207 20 0 0 1 61 327027 -1 -1 -1 -1 -1 -1)
#(0 89 1208 22 0 0 1 88 469564 -1 -1 -1 -1 -1 -1)
#(0 89 1209 27 0 0 1 69 369155 -1 -1 -1 -1 -1 -1)
#(0 89 1210 26 0 0 0 40 211622 -1 -1 -1 -1 -1 -1)
#(0 89 1211 30 0 0 0 18 95536 -1 -1 -1 -1 -1 -1)
#(0 89 1212 29 0 0 1 86 458897 -1 -1 -1 -1 -1 -1)
#(0 89 1213 26 0 0 0 63 333062 -1 -1 -1 -1 -1 -1)
#(0 89 137963 58 1 2 0 34 183786 119626 -1 -1 -1 -1 -1)
#(0 89 137971 43 1 2 1 36 192430 119626 -1 -1 -1 -1 -1)
#(0 89 137972 57 1 2 1 54 286157 119626 -1 -1 -1 -1 -1)
#(0 89 137973 57 1 3 1 62 328434 119626 -1 -1 -1 -1 -1)
#(0 89 137974 70 1 3 1 34 184468 119626 -1 -1 -1 -1 -1)
#(0 89 137975 71 1 2 1 96 507297 119626 -1 -1 -1 -1 -1)
#(0 89 137976 44 1 1 0 74 393712 119626 -1 -1 -1 -1 -1)
#(0 89 137977 64 1 2 1 93 491661 119626 -1 -1 -1 -1 -1)
#(0 89 137978 67 1 1 1 75 396215 119626 -1 -1 -1 -1 -1)
#(0 89 137979 54 1 1 0 53 283751 119626 -1 -1 -1 -1 -1)
#(0 89 137980 44 1 2 0 81 430647 119626 -1 -1 -1 -1 -1)
#(0 89 138300 21 1 3 1 69 368535 119626 -1 -1 -1 -1 -1)
#(0 89 138301 43 1 1 0 6 33920 119626 -1 -1 -1 -1 -1)
#(0 89 138302 21 1 3 1 65 347426 119626 -1 -1 -1 -1 -1)
#(0 89 138303 40 1 3 0 60 318911 119626 -1 -1 -1 -1 -1)
#(0 89 138304 53 1 1 1 40 213723 119626 -1 -1 -1 -1 -1)
#(0 89 138305 35 1 2 1 86 457529 119626 -1 -1 -1 -1 -1)
#(0 89 138306 33 1 2 1 99 526305 119626 -1 -1 -1 -1 -1)
#(0 89 138308 33 1 3 0 3 17549 119626 -1 -1 -1 -1 -1)
#(0 89 138309 28 1 2 0 43 228442 119626 -1 -1 -1 -1 -1)
#(0 89 138310 21 1 2 1 52 278694 119626 -1 -1 -1 -1 -1)
#(0 89 138311 34 1 2 0 27 144420 119626 -1 -1 -1 -1 -1)
#(0 89 138312 33 1 1 1 96 510450 119626 -1 -1 -1 -1 -1)
#(0 89 138313 39 1 1 1 79 420353 119626 -1 -1 -1 -1 -1)
#(0 89 138314 21 1 2 0 16 85657 119626 -1 -1 -1 -1 -1)
#(0 89 138315 20 1 2 0 10 53816 119626 -1 -1 -1 -1 -1)
#(0 89 138629 26 1 0 1 58 311104 119626 -1 -1 -1 -1 -1)
#(0 89 138632 27 1 0 0 28 148303 119626 -1 -1 -1 -1 -1)
#(0 89 138633 27 1 0 0 30 158864 119626 -1 -1 -1 -1 -1)
#(0 89 138634 22 1 0 0 31 164042 119626 -1 -1 -1 -1 -1)
#(0 89 138635 23 1 0 0 35 185189 119626 -1 -1 -1 -1 -1)
#(0 89 138636 24 1 0 1 63 337510 119626 -1 -1 -1 -1 -1)
#(0 89 138637 26 1 0 0 79 417554 119626 -1 -1 -1 -1 -1)
#(0 89 138638 23 1 0 0 49 259105 119626 -1 -1 -1 -1 -1)
#(0 89 138639 23 1 0 1 72 385055 119626 -1 -1 -1 -1 -1)
#(0 89 138640 20 1 0 1 82 437915 119626 -1 -1 -1 -1 -1)
#(0 89 138641 32 1 0 1 56 300430 119626 -1 -1 -1 -1 -1)
#(0 89 138642 20 1 0 0 74 391044 119626 -1 -1 -1 -1 -1)
#(0 89 138643 29 1 0 0 21 111349 119626 -1 -1 -1 -1 -1)
#(0 89 138644 25 1 0 1 67 358648 119626 -1 -1 -1 -1 -1)
#(0 89 138645 23 1 0 0 40 211569 119626 -1 -1 -1 -1 -1)
#(0 89 275512 42 2 2 0 26 140154 239253 -1 -1 -1 -1 -1)
#(0 89 275518 56 2 2 0 16 88499 239253 -1 -1 -1 -1 -1)
#(0 89 275519 51 2 1 0 20 109295 239253 -1 -1 -1 -1 -1)
#(0 89 275520 57 2 3 1 25 132989 239253 -1 -1 -1 -1 -1)
#(0 89 275521 48 2 3 1 60 318062 239253 -1 -1 -1 -1 -1)
#(0 89 275522 51 2 2 0 9 51193 239253 -1 -1 -1 -1 -1)
#(0 89 275523 59 2 1 0 42 226308 239253 -1 -1 -1 -1 -1)
#(0 89 275524 62 2 2 1 80 423015 239253 -1 -1 -1 -1 -1)
#(0 89 275525 51 2 2 1 98 519082 239253 -1 -1 -1 -1 -1)
#(0 89 275526 70 2 3 0 17 94715 239253 -1 -1 -1 -1 -1)
#(0 89 275527 64 2 1 0 34 184362 239253 -1 -1 -1 -1 -1)
#(0 89 275528 56 2 3 0 35 188860 239253 -1 -1 -1 -1 -1)
#(0 89 275529 55 2 3 0 15 83036 239253 -1 -1 -1 -1 -1)
#(0 89 275530 62 2 2 0 24 131414 239253 -1 -1 -1 -1 -1)
#(0 89 275872 21 2 3 1 93 495220 239253 -1 -1 -1 -1 -1)
#(0 89 275877 30 2 2 1 94 500055 239253 -1 -1 -1 -1 -1)
#(0 89 275883 21 2 3 0 1 6329 239253 -1 -1 -1 -1 -1)
#(0 89 275884 30 2 2 0 58 307941 239253 -1 -1 -1 -1 -1)
#(0 89 275885 32 2 1 0 9 49302 239253 -1 -1 -1 -1 -1)
#(0 89 275886 21 2 2 1 79 421348 239253 -1 -1 -1 -1 -1)
#(0 89 275887 20 2 2 1 57 305196 239253 -1 -1 -1 -1 -1)
#(0 89 275888 43 2 1 1 52 277638 239253 -1 -1 -1 -1 -1)
#(0 89 275889 35 2 1 0 74 392490 239253 -1 -1 -1 -1 -1)
#(0 89 275890 28 2 2 1 83 442077 239253 -1 -1 -1 -1 -1)
#(0 89 275891 30 2 2 1 44 236050 239253 -1 -1 -1 -1 -1)
#(0 89 275893 23 2 2 1 51 273303 239253 -1 -1 -1 -1 -1)
#(0 89 275894 20 2 2 1 36 194324 239253 -1 -1 -1 -1 -1)
#(0 89 275895 45 2 1 1 95 504588 239253 -1 -1 -1 -1 -1)
#(0 89 276206 24 2 0 1 67 358648 239253 -1 -1 -1 -1 -1)
#(0 89 276207 30 2 0 0 13 69159 239253 -1 -1 -1 -1 -1)
#(0 89 276208 25 2 0 0 28 148258 239253 -1 -1 -1 -1 -1)
#(0 89 276209 23 2 0 0 55 290788 239253 -1 -1 -1 -1 -1)
#(0 89 276210 25 2 0 1 23 126302 239253 -1 -1 -1 -1 -1)
#(0 89 276211 26 2 0 0 19 100774 239253 -1 -1 -1 -1 -1)
#(0 89 276212 20 2 0 1 26 142231 239253 -1 -1 -1 -1 -1)
#(0 89 276213 34 2 0 0 7 37535 239253 -1 -1 -1 -1 -1)
#(0 89 276214 29 2 0 1 76 406070 239253 -1 -1 -1 -1 -1)
#(0 89 276215 27 2 0 0 39 206371 239253 -1 -1 -1 -1 -1)
#(0 89 276216 27 2 0 0 10 53246 239253 -1 -1 -1 -1 -1)
#(0 89 276217 30 2 0 1 60 321575 239253 -1 -1 -1 -1 -1)
#(0 89 276219 34 2 0 0 65 343759 239253 -1 -1 -1 -1 -1)
#(0 89 276220 28 2 0 1 58 311068 239253 -1 -1 -1 -1 -1)
#(0 89 412596 62 3 3 0 41 220936 359592 -1 -1 -1 -1 -1)
#(0 89 412603 52 3 2 1 96 508765 359592 -1 -1 -1 -1 -1)
#(0 89 412607 62 3 1 0 9 52245 359592 -1 -1 -1 -1 -1)
#(0 89 412608 62 3 2 0 24 131438 359592 -1 -1 -1 -1 -1)
#(0 89 412609 59 3 1 0 5 30427 359592 -1 -1 -1 -1 -1)
#(0 89 412610 44 3 2 1 37 197670 359592 -1 -1 -1 -1 -1)
#(0 89 412611 59 3 1 0 7 41877 359592 -1 -1 -1 -1 -1)
#(0 89 412612 51 3 3 1 76 402878 359592 -1 -1 -1 -1 -1)
#(0 89 412613 62 3 3 0 45 242462 359592 -1 -1 -1 -1 -1)
#(0 89 412616 54 3 2 0 73 389346 359592 -1 -1 -1 -1 -1)
#(0 89 412955 26 3 2 1 81 431578 359592 -1 -1 -1 -1 -1)
#(0 89 412962 36 3 1 0 0 1890 359592 -1 -1 -1 -1 -1)
#(0 89 412963 38 3 1 1 85 452116 359592 -1 -1 -1 -1 -1)
#(0 89 412965 31 3 2 0 46 244475 359592 -1 -1 -1 -1 -1)
#(0 89 412966 40 3 3 0 5 28514 359592 -1 -1 -1 -1 -1)
#(0 89 412967 23 3 2 0 8 43431 359592 -1 -1 -1 -1 -1)
#(0 89 412968 36 3 2 1 93 494431 359592 -1 -1 -1 -1 -1)
#(0 89 412969 20 3 2 0 36 191117 359592 -1 -1 -1 -1 -1)
#(0 89 412970 32 3 3 0 6 33401 359592 -1 -1 -1 -1 -1)
#(0 89 413331 26 3 0 1 90 480041 359592 -1 -1 -1 -1 -1)
#(0 89 413332 26 3 0 1 28 152689 359592 -1 -1 -1 -1 -1)
#(0 89 413333 34 3 0 1 44 237023 359592 -1 -1 -1 -1 -1)
#(0 89 413334 30 3 0 0 40 211705 359592 -1 -1 -1 -1 -1)
#(0 89 413335 25 3 0 0 37 195758 359592 -1 -1 -1 -1 -1)
#(0 89 413336 26 3 0 0 42 222172 359592 -1 -1 -1 -1 -1)
#(0 89 413337 27 3 0 1 83 443082 359592 -1 -1 -1 -1 -1)
#(0 90 101 68 0 2 1 64 339843 -1 -1 -1 -1 -1 -1)
#(0 90 102 64 0 2 0 21 113320 -1 -1 -1 -1 -1 -1)
#(0 90 103 64 0 1 1 40 214019 -1 -1 -1 -1 -1 -1)
#(0 90 104 57 0 2 0 32 170486 -1 -1 -1 -1 -1 -1)
#(0 90 105 59 0 1 0 49 260470 -1 -1 -1 -1 -1 -1)
#(4 90 105 -1 0 -1 -1 -1 -1 25 0 0 0 0 -1)
#(0 90 106 51 0 2 0 35 185472 -1 -1 -1 -1 -1 -1)
#(0 90 107 59 0 1 0 20 107491 -1 -1 -1 -1 -1 -1)
#(0 90 108 75 0 2 1 46 244238 -1 -1 -1 -1 -1 -1)
#(0 90 109 51 0 2 1 15 83801 -1 -1 -1 -1 -1 -1)
#(0 90 110 54 0 1 1 90 479318 -1 -1 -1 -1 -1 -1)
#(0 90 111 59 0 3 1 79 420253 -1 -1 -1 -1 -1 -1)
#(0 90 112 57 0 2 1 51 273067 -1 -1 -1 -1 -1 -1)
#(0 90 113 59 0 2 1 36 193638 -1 -1 -1 -1 -1 -1)
#(0 90 114 51 0 2 1 96 511617 -1 -1 -1 -1 -1 -1)
#(0 90 503 70 0 1 0 8 47182 -1 -1 -1 -1 -1 -1)
#(0 90 504 61 0 3 0 3 21016 -1 -1 -1 -1 -1 -1)
#(0 90 506 51 0 3 1 97 513591 -1 -1 -1 -1 -1 -1)
#(0 90 507 43 0 1 1 72 382547 -1 -1 -1 -1 -1 -1)
#(0 90 508 55 0 1 0 47 252153 -1 -1 -1 -1 -1 -1)
#(0 90 509 55 0 2 0 54 289057 -1 -1 -1 -1 -1 -1)
#(0 90 510 55 0 2 1 99 524007 -1 -1 -1 -1 -1 -1)
#(0 90 512 62 0 2 1 79 417997 -1 -1 -1 -1 -1 -1)
#(0 90 514 57 0 3 0 28 152102 -1 -1 -1 -1 -1 -1)
#(0 90 861 20 0 2 0 34 180572 -1 -1 -1 -1 -1 -1)
#(0 90 882 29 0 2 1 37 199192 -1 -1 -1 -1 -1 -1)
#(0 90 883 46 0 1 0 38 203033 -1 -1 -1 -1 -1 -1)
#(0 90 884 20 0 3 0 36 191127 -1 -1 -1 -1 -1 -1)
#(0 90 885 33 0 2 0 21 112595 -1 -1 -1 -1 -1 -1)
#(0 90 886 37 0 2 0 1 7186 -1 -1 -1 -1 -1 -1)
#(0 90 887 50 0 1 1 23 124104 -1 -1 -1 -1 -1 -1)
#(0 90 888 31 0 3 0 3 17606 -1 -1 -1 -1 -1 -1)
#(0 90 889 43 0 2 1 40 214259 -1 -1 -1 -1 -1 -1)
#(0 90 890 49 0 1 0 53 282404 -1 -1 -1 -1 -1 -1)
#(0 90 891 36 0 1 0 39 207775 -1 -1 -1 -1 -1 -1)
#(0 90 892 29 0 2 0 55 291903 -1 -1 -1 -1 -1 -1)
#(0 90 893 33 0 2 1 70 373173 -1 -1 -1 -1 -1 -1)
#(2 90 1192 -1 -1 -1 -1 -1 -1 32 -1 -1 -1 -1 -1)
#(0 90 1198 23 0 0 1 62 332249 -1 -1 -1 -1 -1 -1)
#(0 90 1215 20 0 0 1 75 400942 -1 -1 -1 -1 -1 -1)
#(0 90 1216 28 0 0 1 78 416649 -1 -1 -1 -1 -1 -1)
#(0 90 1217 28 0 0 0 10 53271 -1 -1 -1 -1 -1 -1)
#(0 90 1218 32 0 0 1 98 522184 -1 -1 -1 -1 -1 -1)
#(0 90 1219 25 0 0 0 14 74328 -1 -1 -1 -1 -1 -1)
#(0 90 1220 29 0 0 0 3 16329 -1 -1 -1 -1 -1 -1)
#(0 90 1221 29 0 0 1 65 347990 -1 -1 -1 -1 -1 -1)
#(0 90 1222 30 0 0 1 73 390226 -1 -1 -1 -1 -1 -1)
#(0 90 1223 23 0 0 0 30 158771 -1 -1 -1 -1 -1 -1)
#(0 90 1224 23 0 0 1 99 527629 -1 -1 -1 -1 -1 -1)
#(0 90 1225 33 0 0 0 5 26942 -1 -1 -1 -1 -1 -1)
#(0 90 1226 27 0 0 0 38 201078 -1 -1 -1 -1 -1 -1)
#(0 90 1227 28 0 0 1 74 395548 -1 -1 -1 -1 -1 -1)
#(0 90 137616 61 1 2 1 52 277807 119626 -1 -1 -1 -1 -1)
#(0 90 137617 55 1 2 0 15 81190 119626 -1 -1 -1 -1 -1)
#(0 90 137618 64 1 2 0 9 50111 119626 -1 -1 -1 -1 -1)
#(0 90 137619 44 1 2 1 63 333004 119626 -1 -1 -1 -1 -1)
#(0 90 137620 70 1 2 1 80 424305 119626 -1 -1 -1 -1 -1)
#(0 90 137621 54 1 2 1 74 394547 119626 -1 -1 -1 -1 -1)
#(0 90 137622 68 1 2 1 61 324132 119626 -1 -1 -1 -1 -1)
#(0 90 137623 59 1 2 1 75 399447 119626 -1 -1 -1 -1 -1)
#(0 90 137624 56 1 2 1 78 415681 119626 -1 -1 -1 -1 -1)
#(0 90 137626 44 1 1 0 7 41884 119626 -1 -1 -1 -1 -1)
#(0 90 137981 61 1 2 1 62 328251 119626 -1 -1 -1 -1 -1)
#(0 90 137982 55 1 2 0 21 114947 119626 -1 -1 -1 -1 -1)
#(0 90 137983 55 1 1 1 73 386568 119626 -1 -1 -1 -1 -1)
#(0 90 137984 51 1 3 1 61 323763 119626 -1 -1 -1 -1 -1)
#(0 90 137985 53 1 2 1 72 381629 119626 -1 -1 -1 -1 -1)
#(0 90 137986 61 1 2 1 93 491871 119626 -1 -1 -1 -1 -1)
#(0 90 137987 59 1 1 1 85 449591 119626 -1 -1 -1 -1 -1)
#(0 90 137988 51 1 3 1 97 513924 119626 -1 -1 -1 -1 -1)
#(0 90 137989 64 1 2 1 75 396452 119626 -1 -1 -1 -1 -1)
#(0 90 137990 51 1 2 0 10 56415 119626 -1 -1 -1 -1 -1)
#(0 90 137991 70 1 2 0 24 126848 119626 -1 -1 -1 -1 -1)
#(0 90 137992 43 1 2 0 46 245773 119626 -1 -1 -1 -1 -1)
#(0 90 138307 30 1 2 0 6 33253 119626 -1 -1 -1 -1 -1)
#(0 90 138316 34 1 3 1 95 505100 119626 -1 -1 -1 -1 -1)
#(0 90 138317 30 1 2 1 93 494730 119626 -1 -1 -1 -1 -1)
#(0 90 138318 32 1 1 1 94 499930 119626 -1 -1 -1 -1 -1)
#(0 90 138319 23 1 2 0 19 101669 119626 -1 -1 -1 -1 -1)
#(0 90 138320 38 1 2 0 38 202657 119626 -1 -1 -1 -1 -1)
#(0 90 138321 33 1 1 1 70 373143 119626 -1 -1 -1 -1 -1)
#(0 90 138322 21 1 3 1 64 342149 119626 -1 -1 -1 -1 -1)
#(0 90 138323 42 1 1 1 89 472991 119626 -1 -1 -1 -1 -1)
#(0 90 138324 47 1 1 0 56 298177 119626 -1 -1 -1 -1 -1)
#(0 90 138327 26 1 2 0 64 339266 119626 -1 -1 -1 -1 -1)
#(0 90 138328 31 1 2 0 33 175821 119626 -1 -1 -1 -1 -1)
#(0 90 138329 26 1 2 1 50 267924 119626 -1 -1 -1 -1 -1)
#(0 90 138330 26 1 2 0 58 307564 119626 -1 -1 -1 -1 -1)
#(0 90 138331 27 1 2 1 87 463249 119626 -1 -1 -1 -1 -1)
#(0 90 138647 26 1 0 0 41 216915 119626 -1 -1 -1 -1 -1)
#(0 90 138648 29 1 0 0 61 322576 119626 -1 -1 -1 -1 -1)
#(0 90 138649 23 1 0 0 6 32066 119626 -1 -1 -1 -1 -1)
#(0 90 138650 23 1 0 1 78 416733 119626 -1 -1 -1 -1 -1)
#(0 90 138651 20 1 0 1 73 390396 119626 -1 -1 -1 -1 -1)
#(0 90 138652 28 1 0 1 74 395536 119626 -1 -1 -1 -1 -1)
#(0 90 138653 22 1 0 1 84 448448 119626 -1 -1 -1 -1 -1)
#(0 90 138654 27 1 0 0 17 90206 119626 -1 -1 -1 -1 -1)
#(0 90 138656 23 1 0 0 59 311895 119626 -1 -1 -1 -1 -1)
#(0 90 138657 20 1 0 0 23 121756 119626 -1 -1 -1 -1 -1)
#(0 90 138658 29 1 0 1 44 237131 119626 -1 -1 -1 -1 -1)
#(0 90 138659 34 1 0 0 60 317353 119626 -1 -1 -1 -1 -1)
#(0 90 138660 27 1 0 1 60 321653 119626 -1 -1 -1 -1 -1)
#(0 90 275131 56 2 3 1 63 336355 239253 -1 -1 -1 -1 -1)
#(0 90 275132 44 2 2 0 43 232004 239253 -1 -1 -1 -1 -1)
#(0 90 275134 60 2 2 1 92 488822 239253 -1 -1 -1 -1 -1)
#(0 90 275135 44 2 3 0 51 274231 239253 -1 -1 -1 -1 -1)
#(0 90 275136 67 2 3 0 28 151245 239253 -1 -1 -1 -1 -1)
#(0 90 275137 66 2 2 0 40 213808 239253 -1 -1 -1 -1 -1)
#(0 90 275138 62 2 1 0 42 223994 239253 -1 -1 -1 -1 -1)
#(0 90 275139 59 2 3 1 75 399525 239253 -1 -1 -1 -1 -1)
#(0 90 275140 70 2 2 0 2 14452 239253 -1 -1 -1 -1 -1)
#(0 90 275141 75 2 3 0 10 57006 239253 -1 -1 -1 -1 -1)
#(0 90 275142 55 2 2 0 1 6406 239253 -1 -1 -1 -1 -1)
#(0 90 275143 51 2 2 1 61 326768 239253 -1 -1 -1 -1 -1)
#(0 90 275144 63 2 2 1 58 308732 239253 -1 -1 -1 -1 -1)
#(0 90 275145 63 2 2 0 8 44445 239253 -1 -1 -1 -1 -1)
#(0 90 275146 51 2 2 1 94 500977 239253 -1 -1 -1 -1 -1)
#(0 90 275147 75 2 2 1 83 439360 239253 -1 -1 -1 -1 -1)
#(0 90 275148 44 2 1 0 18 99930 239253 -1 -1 -1 -1 -1)
#(0 90 275531 50 2 1 1 74 392396 239253 -1 -1 -1 -1 -1)
#(0 90 275532 55 2 2 1 11 59354 239253 -1 -1 -1 -1 -1)
#(0 90 275533 59 2 2 0 2 15132 239253 -1 -1 -1 -1 -1)
#(0 90 275534 44 2 3 1 41 218814 239253 -1 -1 -1 -1 -1)
#(0 90 275535 51 2 3 0 43 230715 239253 -1 -1 -1 -1 -1)
#(0 90 275536 61 2 2 1 96 507641 239253 -1 -1 -1 -1 -1)
#(0 90 275537 55 2 2 1 67 355018 239253 -1 -1 -1 -1 -1)
#(0 90 275538 63 2 2 1 87 459871 239253 -1 -1 -1 -1 -1)
#(0 90 275539 62 2 2 0 32 173553 239253 -1 -1 -1 -1 -1)
#(0 90 275896 44 2 2 1 96 509828 239253 -1 -1 -1 -1 -1)
#(0 90 275897 26 2 2 0 17 91210 239253 -1 -1 -1 -1 -1)
#(0 90 275899 36 2 3 0 0 1859 239253 -1 -1 -1 -1 -1)
#(0 90 275900 21 2 2 0 28 148945 239253 -1 -1 -1 -1 -1)
#(0 90 275901 20 2 2 1 52 278818 239253 -1 -1 -1 -1 -1)
#(0 90 275902 30 2 2 1 58 309957 239253 -1 -1 -1 -1 -1)
#(0 90 275903 20 2 2 1 67 358000 239253 -1 -1 -1 -1 -1)
#(4 90 275903 -1 2 -1 -1 -1 -1 239279 0 0 0 0 -1)
#(0 90 275904 33 2 2 1 38 204219 239253 -1 -1 -1 -1 -1)
#(0 90 275905 28 2 2 0 11 59504 239253 -1 -1 -1 -1 -1)
#(0 90 275906 28 2 2 0 14 75334 239253 -1 -1 -1 -1 -1)
#(0 90 275907 44 2 3 0 20 107944 239253 -1 -1 -1 -1 -1)
#(0 90 276218 25 2 0 0 19 100749 239253 -1 -1 -1 -1 -1)
#(0 90 276222 28 2 0 0 62 327844 239253 -1 -1 -1 -1 -1)
#(0 90 276223 30 2 0 1 98 522208 239253 -1 -1 -1 -1 -1)
#(0 90 276224 26 2 0 1 66 353335 239253 -1 -1 -1 -1 -1)
#(0 90 276225 23 2 0 1 79 422025 239253 -1 -1 -1 -1 -1)
#(0 90 276226 30 2 0 0 22 116658 239253 -1 -1 -1 -1 -1)
#(0 90 276227 27 2 0 0 5 26837 239253 -1 -1 -1 -1 -1)
#(0 90 276228 28 2 0 0 2 11012 239253 -1 -1 -1 -1 -1)
#(0 90 412250 66 3 2 0 43 230858 359592 -1 -1 -1 -1 -1)
#(0 90 412251 57 3 2 0 13 70218 359592 -1 -1 -1 -1 -1)
#(0 90 412252 51 3 2 1 50 268608 359592 -1 -1 -1 -1 -1)
#(0 90 412254 75 3 3 0 68 363283 359592 -1 -1 -1 -1 -1)
#(0 90 412255 44 3 2 1 49 259170 359592 -1 -1 -1 -1 -1)
#(0 90 412256 44 3 3 0 0 4890 359592 -1 -1 -1 -1 -1)
#(0 90 412257 75 3 2 0 21 114474 359592 -1 -1 -1 -1 -1)
#(0 90 412258 34 3 4 0 65 348178 359592 -1 -1 -1 -1 -1)
#(0 90 412259 54 3 3 1 77 410718 359592 -1 -1 -1 -1 -1)
#(0 90 412260 57 3 2 1 78 415603 359592 -1 -1 -1 -1 -1)
#(0 90 412262 57 3 2 1 57 304692 359592 -1 -1 -1 -1 -1)
#(0 90 412263 63 3 2 1 86 456886 359592 -1 -1 -1 -1 -1)
#(0 90 412264 59 3 2 0 17 91541 359592 -1 -1 -1 -1 -1)
#(0 90 412618 57 3 2 1 87 460376 359592 -1 -1 -1 -1 -1)
#(0 90 412619 44 3 2 0 27 145553 359592 -1 -1 -1 -1 -1)
#(0 90 412620 66 3 1 1 89 469940 359592 -1 -1 -1 -1 -1)
#(0 90 412622 55 3 1 0 47 252247 359592 -1 -1 -1 -1 -1)
#(0 90 412623 64 3 2 1 68 359510 359592 -1 -1 -1 -1 -1)
#(0 90 412624 62 3 2 0 71 379682 359592 -1 -1 -1 -1 -1)
#(0 90 412625 43 3 3 1 65 345554 359592 -1 -1 -1 -1 -1)
#(0 90 412626 67 3 2 0 43 231949 359592 -1 -1 -1 -1 -1)
#(0 90 412627 42 3 2 0 14 76794 359592 -1 -1 -1 -1 -1)
#(0 90 412630 44 3 1 1 73 387804 359592 -1 -1 -1 -1 -1)
#(0 90 412952 34 3 2 0 29 154919 359592 -1 -1 -1 -1 -1)
#(0 90 412964 30 3 3 0 4 22690 359592 -1 -1 -1 -1 -1)
#(0 90 412971 40 3 1 1 82 436080 359592 -1 -1 -1 -1 -1)
#(0 90 412972 35 3 3 1 75 399462 359592 -1 -1 -1 -1 -1)
#(0 90 412973 35 3 2 0 27 144443 359592 -1 -1 -1 -1 -1)
#(0 90 412974 30 3 2 0 28 149419 359592 -1 -1 -1 -1 -1)
#(0 90 412975 37 3 1 0 42 223655 359592 -1 -1 -1 -1 -1)
#(0 90 412976 48 3 1 0 52 277025 359592 -1 -1 -1 -1 -1)
#(0 90 412977 27 3 2 1 96 510793 359592 -1 -1 -1 -1 -1)
#(0 90 412978 33 3 3 0 44 234038 359592 -1 -1 -1 -1 -1)
#(0 90 412980 30 3 1 0 0 1601 359592 -1 -1 -1 -1 -1)
#(0 90 413338 25 3 0 1 89 474776 359592 -1 -1 -1 -1 -1)
#(0 90 413340 24 3 0 1 88 469515 359592 -1 -1 -1 -1 -1)
#(0 90 413341 26 3 0 1 79 421972 359592 -1 -1 -1 -1 -1)
#(0 90 413342 30 3 0 0 86 454591 359592 -1 -1 -1 -1 -1)
#(0 90 413343 24 3 0 1 66 353352 359592 -1 -1 -1 -1 -1)
#(0 90 413344 25 3 0 0 25 132407 359592 -1 -1 -1 -1 -1)
#(0 90 413345 28 3 0 0 10 53265 359592 -1 -1 -1 -1 -1)
#(0 90 413346 25 3 0 0 54 285525 359592 -1 -1 -1 -1 -1)
#(0 90 413347 29 3 0 0 38 201116 359592 -1 -1 -1 -1 -1)
#(0 90 413348 34 3 0 1 54 289846 359592 -1 -1 -1 -1 -1)
#(0 90 413349 26 3 0 1 38 205508 359592 -1 -1 -1 -1 -1)
#(0 90 413350 20 3 0 1 27 147521 359592 -1 -1 -1 -1 -1)
#(0 91 117 44 0 3 1 59 311862 -1 -1 -1 -1 -1 -1)
#(0 91 118 64 0 2 0 54 287679 -1 -1 -1 -1 -1 -1)
#(0 91 119 75 0 3 1 37 196539 -1 -1 -1 -1 -1 -1)
#(0 91 120 64 0 1 1 69 367105 -1 -1 -1 -1 -1 -1)
#(0 91 121 60 0 2 0 20 107659 -1 -1 -1 -1 -1 -1)
#(0 91 122 69 0 3 0 14 77333 -1 -1 -1 -1 -1 -1)
#(0 91 123 62 0 1 1 25 135145 -1 -1 -1 -1 -1 -1)
#(0 91 124 63 0 1 1 97 514983 -1 -1 -1 -1 -1 -1)
#(0 91 125 51 0 3 1 91 485118 -1 -1 -1 -1 -1 -1)
#(0 91 126 67 0 1 0 59 314505 -1 -1 -1 -1 -1 -1)
#(0 91 505 54 0 2 1 59 312457 -1 -1 -1 -1 -1 -1)
#(0 91 513 56 0 2 0 8 46209 -1 -1 -1 -1 -1 -1)
#(0 91 515 59 0 3 0 49 263353 -1 -1 -1 -1 -1 -1)
#(0 91 516 55 0 2 0 14 78005 -1 -1 -1 -1 -1 -1)
#(0 91 517 64 0 2 1 68 359113 -1 -1 -1 -1 -1 -1)
#(0 91 518 59 0 3 1 86 454798 -1 -1 -1 -1 -1 -1)
#(0 91 519 64 0 2 1 64 338782 -1 -1 -1 -1 -1 -1)
#(0 91 520 57 0 1 1 73 386559 -1 -1 -1 -1 -1 -1)
#(0 91 521 56 0 2 0 4 25151 -1 -1 -1 -1 -1 -1)
#(0 91 522 60 0 1 1 98 518038 -1 -1 -1 -1 -1 -1)
#(0 91 523 64 0 1 1 49 258986 -1 -1 -1 -1 -1 -1)
#(0 91 881 37 0 1 0 41 218465 -1 -1 -1 -1 -1 -1)
#(0 91 894 48 0 3 1 77 409319 -1 -1 -1 -1 -1 -1)
#(0 91 895 44 0 3 0 7 39246 -1 -1 -1 -1 -1 -1)
#(0 91 896 27 0 2 1 90 478969 -1 -1 -1 -1 -1 -1)
#(0 91 898 38 0 2 1 74 394049 -1 -1 -1 -1 -1 -1)
#(0 91 899 34 0 2 0 51 271043 -1 -1 -1 -1 -1 -1)
#(0 91 900 34 0 2 0 28 149625 -1 -1 -1 -1 -1 -1)
#(0 91 901 34 0 2 1 59 315037 -1 -1 -1 -1 -1 -1)
#(0 91 902 35 0 1 0 14 75759 -1 -1 -1 -1 -1 -1)
#(2 91 1151 -1 -1 -1 -1 -1 -1 32 -1 -1 -1 -1 -1)
#(0 91 1214 23 0 0 0 63 333034 -1 -1 -1 -1 -1 -1)
#(0 91 1228 28 0 0 0 6 32161 -1 -1 -1 -1 -1 -1)
#(0 91 1229 30 0 0 0 21 111406 -1 -1 -1 -1 -1 -1)
#(0 91 1230 32 0 0 0 19 100864 -1 -1 -1 -1 -1 -1)
#(0 91 1231 29 0 0 0 42 222256 -1 -1 -1 -1 -1 -1)
#(0 91 1232 32 0 0 0 13 69184 -1 -1 -1 -1 -1 -1)
#(0 91 1233 20 0 0 0 68 359377 -1 -1 -1 -1 -1 -1)
#(0 91 1234 20 0 0 1 88 469579 -1 -1 -1 -1 -1 -1)
#(0 91 1235 29 0 0 0 43 227529 -1 -1 -1 -1 -1 -1)
#(0 91 1236 23 0 0 0 45 237982 -1 -1 -1 -1 -1 -1)
#(0 91 1237 20 0 0 1 89 474874 -1 -1 -1 -1 -1 -1)
#(0 91 1238 28 0 0 1 77 411384 -1 -1 -1 -1 -1 -1)
#(0 91 1239 30 0 0 0 25 132491 -1 -1 -1 -1 -1 -1)
#(0 91 137625 51 1 2 1 80 427143 119626 -1 -1 -1 -1 -1)
#(0 91 137627 55 1 2 1 63 336710 119626 -1 -1 -1 -1 -1)
#(0 91 137628 64 1 1 1 78 415517 119626 -1 -1 -1 -1 -1)
#(0 91 137629 67 1 3 0 22 119086 119626 -1 -1 -1 -1 -1)
#(0 91 137631 62 1 2 1 69 367352 119626 -1 -1 -1 -1 -1)
#(0 91 137632 59 1 2 1 39 209339 119626 -1 -1 -1 -1 -1)
#(0 91 137633 57 1 3 1 82 436696 119626 -1 -1 -1 -1 -1)
#(0 91 137634 61 1 3 0 29 155315 119626 -1 -1 -1 -1 -1)
#(0 91 137635 62 1 2 0 3 18096 119626 -1 -1 -1 -1 -1)
#(0 91 137636 64 1 3 0 57 303524 119626 -1 -1 -1 -1 -1)
#(0 91 137637 67 1 2 0 52 277525 119626 -1 -1 -1 -1 -1)
#(0 91 137639 55 1 1 1 67 357127 119626 -1 -1 -1 -1 -1)
#(0 91 137640 67 1 3 0 18 97967 119626 -1 -1 -1 -1 -1)
#(0 91 137641 51 1 2 0 81 428265 119626 -1 -1 -1 -1 -1)
#(0 91 137994 70 1 3 1 54 285561 119626 -1 -1 -1 -1 -1)
#(0 91 137996 61 1 2 1 82 434156 119626 -1 -1 -1 -1 -1)
#(0 91 137997 51 1 2 0 64 341626 119626 -1 -1 -1 -1 -1)
#(0 91 137998 73 1 3 0 25 132727 119626 -1 -1 -1 -1 -1)
#(0 91 137999 55 1 2 1 59 312801 119626 -1 -1 -1 -1 -1)
#(0 91 138000 58 1 2 0 17 93635 119626 -1 -1 -1 -1 -1)
#(0 91 138001 67 1 2 0 27 147762 119626 -1 -1 -1 -1 -1)
#(0 91 138002 51 1 1 0 39 209530 119626 -1 -1 -1 -1 -1)
#(0 91 138003 57 1 1 0 52 278743 119626 -1 -1 -1 -1 -1)
#(0 91 138325 35 1 1 0 3 17618 119626 -1 -1 -1 -1 -1)
#(0 91 138326 31 1 2 1 94 499969 119626 -1 -1 -1 -1 -1)
#(0 91 138332 29 1 2 0 56 297212 119626 -1 -1 -1 -1 -1)
#(0 91 138333 42 1 1 0 31 165884 119626 -1 -1 -1 -1 -1)
#(0 91 138334 41 1 3 1 49 261862 119626 -1 -1 -1 -1 -1)
#(0 91 138335 43 1 1 0 24 128939 119626 -1 -1 -1 -1 -1)
#(0 91 138336 23 1 2 1 48 257359 119626 -1 -1 -1 -1 -1)
#(0 91 138337 38 1 3 1 60 320124 119626 -1 -1 -1 -1 -1)
#(0 91 138339 31 1 2 0 2 12159 119626 -1 -1 -1 -1 -1)
#(0 91 138340 44 1 1 1 91 483498 119626 -1 -1 -1 -1 -1)
#(0 91 138341 50 1 3 1 81 430358 119626 -1 -1 -1 -1 -1)
#(0 91 138342 41 1 1 1 80 425594 119626 -1 -1 -1 -1 -1)
#(0 91 138343 27 1 2 1 58 310132 119626 -1 -1 -1 -1 -1)
#(0 91 138646 22 1 0 0 31 164070 119626 -1 -1 -1 -1 -1)
#(0 91 138661 32 1 0 0 20 106152 119626 -1 -1 -1 -1 -1)
#(3 91 138661 -1 1 -1 -1 -1 -1 119658 -1 -1 -1 -1 58)
#(0 91 138662 23 1 0 0 49 259120 119626 -1 -1 -1 -1 -1)
#(0 91 138663 32 1 0 1 89 474655 119626 -1 -1 -1 -1 -1)
#(0 91 138664 26 1 0 1 97 517000 119626 -1 -1 -1 -1 -1)
#(0 91 138665 28 1 0 0 54 285590 119626 -1 -1 -1 -1 -1)
#(0 91 138666 32 1 0 0 43 227577 119626 -1 -1 -1 -1 -1)
#(0 91 138667 32 1 0 0 55 290936 119626 -1 -1 -1 -1 -1)
#(0 91 138668 27 1 0 0 53 280291 119626 -1 -1 -1 -1 -1)
#(0 91 138669 34 1 0 0 15 79773 119626 -1 -1 -1 -1 -1)
#(0 91 138670 25 1 0 1 96 511756 119626 -1 -1 -1 -1 -1)
#(0 91 138671 24 1 0 0 47 248553 119626 -1 -1 -1 -1 -1)
#(0 91 138672 34 1 0 0 78 412400 119626 -1 -1 -1 -1 -1)
#(0 91 138673 34 1 0 0 18 95600 119626 -1 -1 -1 -1 -1)
#(0 91 275133 67 2 2 1 63 335633 239253 -1 -1 -1 -1 -1)
#(0 91 275150 70 2 2 1 80 424224 239253 -1 -1 -1 -1 -1)
#(0 91 275151 70 2 2 0 45 241072 239253 -1 -1 -1 -1 -1)
#(0 91 275152 59 2 1 0 33 176110 239253 -1 -1 -1 -1 -1)
#(0 91 275153 44 2 1 0 81 432561 239253 -1 -1 -1 -1 -1)
#(0 91 275154 54 2 2 1 66 352576 239253 -1 -1 -1 -1 -1)
#(0 91 275155 55 2 2 0 9 48580 239253 -1 -1 -1 -1 -1)
#(0 91 275156 51 2 2 1 51 273896 239253 -1 -1 -1 -1 -1)
#(0 91 275157 68 2 2 0 63 335923 239253 -1 -1 -1 -1 -1)
#(0 91 275158 55 2 2 0 12 64446 239253 -1 -1 -1 -1 -1)
#(0 91 275159 75 2 3 0 20 109687 239253 -1 -1 -1 -1 -1)
#(0 91 275160 64 2 2 0 42 224012 239253 -1 -1 -1 -1 -1)
#(0 91 275161 66 2 3 1 74 392861 239253 -1 -1 -1 -1 -1)
#(0 91 275162 54 2 3 0 5 27452 239253 -1 -1 -1 -1 -1)
#(0 91 275163 57 2 2 0 35 186317 239253 -1 -1 -1 -1 -1)
#(0 91 275164 57 2 3 0 78 413276 239253 -1 -1 -1 -1 -1)
#(0 91 275165 57 2 1 0 54 286486 239253 -1 -1 -1 -1 -1)
#(0 91 275540 70 2 1 0 61 322505 239253 -1 -1 -1 -1 -1)
#(0 91 275541 67 2 1 1 45 242871 239253 -1 -1 -1 -1 -1)
#(0 91 275542 51 2 2 0 27 146168 239253 -1 -1 -1 -1 -1)
#(0 91 275543 59 2 2 1 78 412563 239253 -1 -1 -1 -1 -1)
#(0 91 275544 55 2 2 0 19 104588 239253 -1 -1 -1 -1 -1)
#(0 91 275545 57 2 3 0 39 210199 239253 -1 -1 -1 -1 -1)
#(0 91 275546 61 2 2 1 52 275529 239253 -1 -1 -1 -1 -1)
#(0 91 275547 53 2 3 0 22 120076 239253 -1 -1 -1 -1 -1)
#(0 91 275548 51 2 1 0 67 357390 239253 -1 -1 -1 -1 -1)
#(0 91 275549 51 2 3 0 24 130353 239253 -1 -1 -1 -1 -1)
#(0 91 275550 64 2 2 1 72 380505 239253 -1 -1 -1 -1 -1)
#(0 91 275551 57 2 1 0 31 167990 239253 -1 -1 -1 -1 -1)
#(0 91 275552 62 2 3 1 82 433630 239253 -1 -1 -1 -1 -1)
#(0 91 275553 54 2 2 1 81 429070 239253 -1 -1 -1 -1 -1)
#(0 91 275554 43 2 1 0 37 198269 239253 -1 -1 -1 -1 -1)
#(0 91 275892 21 2 2 1 79 421303 239253 -1 -1 -1 -1 -1)
#(0 91 275898 26 2 2 1 83 442159 239253 -1 -1 -1 -1 -1)
#(0 91 275908 28 2 3 1 88 468484 239253 -1 -1 -1 -1 -1)
#(0 91 275909 33 2 1 1 89 473454 239253 -1 -1 -1 -1 -1)
#(0 91 275910 56 2 1 1 23 123848 239253 -1 -1 -1 -1 -1)
#(0 91 275911 20 2 2 0 29 154162 239253 -1 -1 -1 -1 -1)
#(0 91 275912 32 2 2 1 85 452415 239253 -1 -1 -1 -1 -1)
#(0 91 275913 22 2 2 1 65 347328 239253 -1 -1 -1 -1 -1)
#(0 91 275914 28 2 2 1 98 521206 239253 -1 -1 -1 -1 -1)
#(0 91 275915 27 2 2 0 18 96429 239253 -1 -1 -1 -1 -1)
#(0 91 275916 34 2 1 0 59 313295 239253 -1 -1 -1 -1 -1)
#(0 91 275917 33 2 1 0 40 212950 239253 -1 -1 -1 -1 -1)
#(0 91 275918 53 2 3 0 53 282579 239253 -1 -1 -1 -1 -1)
#(0 91 275919 30 2 2 0 37 196895 239253 -1 -1 -1 -1 -1)
#(0 91 275920 21 2 2 0 1 6314 239253 -1 -1 -1 -1 -1)
#(0 91 275921 26 2 2 1 61 326022 239253 -1 -1 -1 -1 -1)
#(0 91 275922 44 2 1 0 6 33970 239253 -1 -1 -1 -1 -1)
#(0 91 275923 39 2 3 1 84 446786 239253 -1 -1 -1 -1 -1)
#(0 91 276221 24 2 0 1 67 358617 239253 -1 -1 -1 -1 -1)
#(0 91 276229 25 2 0 0 36 190504 239253 -1 -1 -1 -1 -1)
#(0 91 276230 29 2 0 0 7 37463 239253 -1 -1 -1 -1 -1)
#(0 91 276231 23 2 0 1 59 316403 239253 -1 -1 -1 -1 -1)
#(0 91 276232 28 2 0 0 13 69114 239253 -1 -1 -1 -1 -1)
#(0 91 276233 28 2 0 0 0 477 239253 -1 -1 -1 -1 -1)
#(0 91 276235 32 2 0 0 46 243425 239253 -1 -1 -1 -1 -1)
#(0 91 276236 25 2 0 1 88 469506 239253 -1 -1 -1 -1 -1)
#(0 91 276237 29 2 0 1 89 474711 239253 -1 -1 -1 -1 -1)
#(0 91 276238 27 2 0 1 91 485314 239253 -1 -1 -1 -1 -1)
#(0 91 276239 34 2 0 0 69 364889 239253 -1 -1 -1 -1 -1)
#(0 91 276241 29 2 0 1 10 57598 239253 -1 -1 -1 -1 -1)
#(0 91 276242 28 2 0 1 93 495868 239253 -1 -1 -1 -1 -1)
#(0 91 412261 70 3 2 0 30 161728 359592 -1 -1 -1 -1 -1)
#(0 91 412265 64 3 2 0 11 60693 359592 -1 -1 -1 -1 -1)
#(0 91 412266 44 3 2 1 53 280170 359592 -1 -1 -1 -1 -1)
#(0 91 412267 57 3 1 1 73 389356 359592 -1 -1 -1 -1 -1)
#(0 91 412268 44 3 1 1 84 443929 359592 -1 -1 -1 -1 -1)
#(0 91 412269 54 3 2 1 94 500517 359592 -1 -1 -1 -1 -1)
#(0 91 412270 67 3 1 0 51 272170 359592 -1 -1 -1 -1 -1)
#(0 91 412271 52 3 3 0 15 80292 359592 -1 -1 -1 -1 -1)
#(0 91 412272 61 3 1 1 95 504533 359592 -1 -1 -1 -1 -1)
#(0 91 412274 51 3 2 0 8 42723 359592 -1 -1 -1 -1 -1)
#(0 91 412275 68 3 2 1 42 223816 359592 -1 -1 -1 -1 -1)
#(0 91 412276 63 3 3 1 92 488282 359592 -1 -1 -1 -1 -1)
#(0 91 412278 70 3 3 1 49 260416 359592 -1 -1 -1 -1 -1)
#(0 91 412279 75 3 2 0 52 278417 359592 -1 -1 -1 -1 -1)
#(0 91 412280 70 3 2 0 56 299018 359592 -1 -1 -1 -1 -1)
#(0 91 412281 57 3 1 0 7 38348 359592 -1 -1 -1 -1 -1)
#(0 91 412614 56 3 1 1 76 402710 359592 -1 -1 -1 -1 -1)
#(0 91 412615 57 3 2 0 41 220588 359592 -1 -1 -1 -1 -1)
#(0 91 412628 64 3 2 1 89 470253 359592 -1 -1 -1 -1 -1)
#(0 91 412631 66 3 2 1 60 317686 359592 -1 -1 -1 -1 -1)
#(0 91 412632 66 3 2 0 43 231860 359592 -1 -1 -1 -1 -1)
#(0 91 412633 57 3 2 0 4 25279 359592 -1 -1 -1 -1 -1)
#(0 91 412634 69 3 1 0 35 190063 359592 -1 -1 -1 -1 -1)
#(0 91 412979 20 3 2 0 36 191104 359592 -1 -1 -1 -1 -1)
#(0 91 412981 43 3 2 0 48 255690 359592 -1 -1 -1 -1 -1)
#(0 91 412982 29 3 2 0 67 355295 359592 -1 -1 -1 -1 -1)
#(0 91 412983 38 3 1 1 38 203970 359592 -1 -1 -1 -1 -1)
#(0 91 412984 31 3 2 1 44 236012 359592 -1 -1 -1 -1 -1)
#(0 91 412985 29 3 2 0 28 149320 359592 -1 -1 -1 -1 -1)
#(0 91 412986 21 3 2 0 1 6363 359592 -1 -1 -1 -1 -1)
#(0 91 412987 31 3 3 1 57 304619 359592 -1 -1 -1 -1 -1)
#(0 91 412988 36 3 1 0 14 75827 359592 -1 -1 -1 -1 -1)
#(0 91 412989 41 3 2 1 68 362167 359592 -1 -1 -1 -1 -1)
#(0 91 412990 31 3 2 0 26 138904 359592 -1 -1 -1 -1 -1)
#(0 91 412991 20 3 2 1 12 67604 359592 -1 -1 -1 -1 -1)
#(0 91 412992 20 3 2 0 12 64390 359592 -1 -1 -1 -1 -1)
#(0 91 412993 32 3 2 1 51 272918 359592 -1 -1 -1 -1 -1)
#(0 91 412994 56 3 3 0 73 388317 359592 -1 -1 -1 -1 -1)
#(0 91 412995 27 3 2 1 90 479110 359592 -1 -1 -1 -1 -1)
#(0 91 412996 47 3 3 1 95 504446 359592 -1 -1 -1 -1 -1)
#(0 91 413339 24 3 0 1 83 443110 359592 -1 -1 -1 -1 -1)
#(0 91 413351 30 3 0 0 68 359566 359592 -1 -1 -1 -1 -1)
#(0 91 413352 27 3 0 0 34 179990 359592 -1 -1 -1 -1 -1)
#(0 91 413353 28 3 0 1 56 300482 359592 -1 -1 -1 -1 -1)
#(0 91 413354 34 3 0 1 19 105026 359592 -1 -1 -1 -1 -1)
#(0 91 413355 24 3 0 1 88 469516 359592 -1 -1 -1 -1 -1)
#(0 91 413356 29 3 0 1 68 363837 359592 -1 -1 -1 -1 -1)
#(0 91 413357 34 3 0 0 28 148409 359592 -1 -1 -1 -1 -1)
#(0 91 413358 30 3 0 1 78 416619 359592 -1 -1 -1 -1 -1)
#(0 91 413359 20 3 0 1 66 353438 359592 -1 -1 -1 -1 -1)
#(0 91 413360 27 3 0 0 52 274993 359592 -1 -1 -1 -1 -1)
#(0 92 115 66 0 2 1 79 420141 -1 -1 -1 -1 -1 -1)
#(0 92 127 67 0 2 1 88 466875 -1 -1 -1 -1 -1 -1)
#(0 92 128 68 0 2 0 14 77118 -1 -1 -1 -1 -1 -1)
#(0 92 130 57 0 2 0 34 180924 -1 -1 -1 -1 -1 -1)
#(0 92 132 51 0 2 1 80 427182 -1 -1 -1 -1 -1 -1)
#(0 92 133 61 0 3 0 55 292613 -1 -1 -1 -1 -1 -1)
#(0 92 134 68 0 2 0 36 193149 -1 -1 -1 -1 -1 -1)
#(0 92 135 54 0 2 0 2 11899 -1 -1 -1 -1 -1 -1)
#(0 92 136 63 0 2 0 18 97658 -1 -1 -1 -1 -1 -1)
#(0 92 137 70 0 1 1 81 429495 -1 -1 -1 -1 -1 -1)
#(0 92 138 44 0 3 1 24 127084 -1 -1 -1 -1 -1 -1)
#(0 92 139 56 0 1 0 8 43653 -1 -1 -1 -1 -1 -1)
#(0 92 511 57 0 1 1 59 312554 -1 -1 -1 -1 -1 -1)
#(0 92 524 74 0 3 0 60 317305 -1 -1 -1 -1 -1 -1)
#(0 92 525 50 0 2 1 87 460963 -1 -1 -1 -1 -1 -1)
#(0 92 526 55 0 3 0 51 273274 -1 -1 -1 -1 -1 -1)
#(0 92 527 49 0 1 0 7 40423 -1 -1 -1 -1 -1 -1)
#(0 92 528 54 0 3 0 53 283660 -1 -1 -1 -1 -1 -1)
#(0 92 529 43 0 1 1 74 393122 -1 -1 -1 -1 -1 -1)
#(0 92 530 59 0 4 0 86 458477 -1 -1 -1 -1 -1 -1)
#(0 92 531 55 0 2 0 43 231025 -1 -1 -1 -1 -1 -1)
#(0 92 532 49 0 2 0 23 124795 -1 -1 -1 -1 -1 -1)
#(0 92 533 60 0 1 0 19 105039 -1 -1 -1 -1 -1 -1)
#(0 92 897 33 0 2 1 70 373133 -1 -1 -1 -1 -1 -1)
#(0 92 903 21 0 3 1 45 241813 -1 -1 -1 -1 -1 -1)
#(0 92 904 36 0 2 1 96 510251 -1 -1 -1 -1 -1 -1)
#(0 92 905 28 0 2 1 86 457932 -1 -1 -1 -1 -1 -1)
#(0 92 906 30 0 2 1 75 399743 -1 -1 -1 -1 -1 -1)
#(0 92 907 20 0 3 0 42 222798 -1 -1 -1 -1 -1 -1)
#(0 92 908 34 0 2 1 54 288572 -1 -1 -1 -1 -1 -1)
#(0 92 909 41 0 1 0 88 466783 -1 -1 -1 -1 -1 -1)
#(0 92 910 21 0 2 1 91 484705 -1 -1 -1 -1 -1 -1)
#(0 92 911 38 0 3 1 99 526040 -1 -1 -1 -1 -1 -1)
#(0 92 1240 20 0 0 0 45 237918 -1 -1 -1 -1 -1 -1)
#(0 92 1241 32 0 0 1 91 485217 -1 -1 -1 -1 -1 -1)
#(0 92 1242 26 0 0 0 21 111314 -1 -1 -1 -1 -1 -1)
#(0 92 1243 30 0 0 1 40 215962 -1 -1 -1 -1 -1 -1)
#(0 92 1244 32 0 0 1 42 226495 -1 -1 -1 -1 -1 -1)
#(0 92 1245 30 0 0 1 69 369094 -1 -1 -1 -1 -1 -1)
#(0 92 1246 25 0 0 1 30 163272 -1 -1 -1 -1 -1 -1)
#(0 92 1247 20 0 0 1 88 469598 -1 -1 -1 -1 -1 -1)
#(0 92 1248 32 0 0 0 27 143090 -1 -1 -1 -1 -1 -1)
#(0 92 1249 30 0 0 1 96 511662 -1 -1 -1 -1 -1 -1)
#(0 92 1250 32 0 0 1 59 316277 -1 -1 -1 -1 -1 -1)
#(0 92 1251 32 0 0 0 7 37482 -1 -1 -1 -1 -1 -1)
#(0 92 1252 25 0 0 1 83 443122 -1 -1 -1 -1 -1 -1)
#(0 92 1253 25 0 0 0 6 32075 -1 -1 -1 -1 -1 -1)
#(0 92 137630 62 1 2 1 63 336364 119626 -1 -1 -1 -1 -1)
#(0 92 137642 68 1 2 1 42 223304 119626 -1 -1 -1 -1 -1)
#(0 92 137643 64 1 2 1 79 419716 119626 -1 -1 -1 -1 -1)
#(0 92 137644 44 1 3 1 59 311961 119626 -1 -1 -1 -1 -1)
#(0 92 137645 55 1 1 0 41 217523 119626 -1 -1 -1 -1 -1)
#(0 92 137646 44 1 2 0 10 57648 119626 -1 -1 -1 -1 -1)
#(0 92 137647 59 1 1 0 60 318931 119626 -1 -1 -1 -1 -1)
#(0 92 137648 44 1 2 0 5 31299 119626 -1 -1 -1 -1 -1)
#(0 92 137993 56 1 3 1 93 492197 119626 -1 -1 -1 -1 -1)
#(0 92 137995 71 1 2 1 54 285622 119626 -1 -1 -1 -1 -1)
#(0 92 138004 44 1 1 0 10 55755 119626 -1 -1 -1 -1 -1)
#(0 92 138005 70 1 2 1 73 385896 119626 -1 -1 -1 -1 -1)
#(0 92 138006 51 1 2 0 28 151430 119626 -1 -1 -1 -1 -1)
#(0 92 138007 57 1 2 1 37 196388 119626 -1 -1 -1 -1 -1)
#(0 92 138008 59 1 3 0 49 263284 119626 -1 -1 -1 -1 -1)
#(0 92 138009 59 1 1 1 94 497074 119626 -1 -1 -1 -1 -1)
#(0 92 138010 58 1 1 1 50 265172 119626 -1 -1 -1 -1 -1)
#(0 92 138012 59 1 2 0 23 125922 119626 -1 -1 -1 -1 -1)
#(0 92 138013 51 1 2 1 41 218150 119626 -1 -1 -1 -1 -1)
#(0 92 138014 62 1 2 0 32 173683 119626 -1 -1 -1 -1 -1)
#(0 92 138015 62 1 1 1 30 158902 119626 -1 -1 -1 -1 -1)
#(0 92 138016 52 1 1 1 95 503249 119626 -1 -1 -1 -1 -1)
#(0 92 138017 64 1 3 1 64 338185 119626 -1 -1 -1 -1 -1)
#(0 92 138338 26 1 2 1 87 463266 119626 -1 -1 -1 -1 -1)
#(0 92 138344 55 1 2 0 91 483350 119626 -1 -1 -1 -1 -1)
#(0 92 138345 32 1 2 1 25 135606 119626 -1 -1 -1 -1 -1)
#(0 92 138346 28 1 2 0 56 297069 119626 -1 -1 -1 -1 -1)
#(0 92 138347 30 1 2 0 13 70193 119626 -1 -1 -1 -1 -1)
#(0 92 138349 22 1 2 0 16 85745 119626 -1 -1 -1 -1 -1)
#(0 92 138350 39 1 1 0 57 303007 119626 -1 -1 -1 -1 -1)
#(0 92 138351 29 1 3 0 64 339415 119626 -1 -1 -1 -1 -1)
#(0 92 138352 27 1 2 1 62 331270 119626 -1 -1 -1 -1 -1)
#(0 92 138354 49 1 3 1 76 403988 119626 -1 -1 -1 -1 -1)
#(0 92 138355 22 1 3 0 26 138495 119626 -1 -1 -1 -1 -1)
#(0 92 138356 41 1 1 1 44 235483 119626 -1 -1 -1 -1 -1)
#(0 92 138357 46 1 2 0 35 187201 119626 -1 -1 -1 -1 -1)
#(0 92 138358 48 1 3 0 20 108106 119626 -1 -1 -1 -1 -1)
#(0 92 138359 22 1 2 0 12 64484 119626 -1 -1 -1 -1 -1)
#(0 92 138360 37 1 2 1 82 436361 119626 -1 -1 -1 -1 -1)
#(0 92 138655 20 1 0 0 6 32029 119626 -1 -1 -1 -1 -1)
#(0 92 138674 26 1 0 1 67 358588 119626 -1 -1 -1 -1 -1)
#(0 92 138675 28 1 0 1 55 295199 119626 -1 -1 -1 -1 -1)
#(0 92 138676 28 1 0 1 76 406079 119626 -1 -1 -1 -1 -1)
#(0 92 138677 26 1 0 0 29 153566 119626 -1 -1 -1 -1 -1)
#(0 92 138678 25 1 0 0 24 127132 119626 -1 -1 -1 -1 -1)
#(0 92 138679 26 1 0 1 81 432524 119626 -1 -1 -1 -1 -1)
#(0 92 138680 27 1 0 1 46 247702 119626 -1 -1 -1 -1 -1)
#(0 92 138681 20 1 0 0 27 142905 119626 -1 -1 -1 -1 -1)
#(0 92 138682 20 1 0 0 23 121763 119626 -1 -1 -1 -1 -1)
#(0 92 138683 27 1 0 1 97 516997 119626 -1 -1 -1 -1 -1)
#(0 92 138684 30 1 0 0 72 380673 119626 -1 -1 -1 -1 -1)
#(0 92 138685 25 1 0 1 47 253029 119626 -1 -1 -1 -1 -1)
#(0 92 138687 30 1 0 1 61 326863 119626 -1 -1 -1 -1 -1)
#(0 92 138688 28 1 0 0 54 285567 119626 -1 -1 -1 -1 -1)
#(0 92 138689 34 1 0 1 62 332087 119626 -1 -1 -1 -1 -1)
#(0 92 275149 64 2 2 1 83 441026 239253 -1 -1 -1 -1 -1)
#(0 92 275166 64 2 2 0 55 292965 239253 -1 -1 -1 -1 -1)
#(0 92 275167 55 2 1 0 13 70468 239253 -1 -1 -1 -1 -1)
#(0 92 275168 55 2 3 1 78 415967 239253 -1 -1 -1 -1 -1)
#(0 92 275169 57 2 2 0 61 323614 239253 -1 -1 -1 -1 -1)
#(0 92 275170 57 2 2 1 73 389315 239253 -1 -1 -1 -1 -1)
#(0 92 275171 55 2 3 1 68 363216 239253 -1 -1 -1 -1 -1)
#(0 92 275172 55 2 1 0 64 339030 239253 -1 -1 -1 -1 -1)
#(0 92 275173 62 2 2 0 3 18044 239253 -1 -1 -1 -1 -1)
#(0 92 275174 55 2 2 0 25 132937 239253 -1 -1 -1 -1 -1)
#(0 92 275175 57 2 3 1 40 215092 239253 -1 -1 -1 -1 -1)
#(0 92 275555 44 2 2 0 22 119101 239253 -1 -1 -1 -1 -1)
#(0 92 275556 54 2 3 0 17 93941 239253 -1 -1 -1 -1 -1)
#(0 92 275557 58 2 1 0 13 72647 239253 -1 -1 -1 -1 -1)
#(0 92 275558 42 2 2 1 58 308634 239253 -1 -1 -1 -1 -1)
#(0 92 275560 50 2 1 0 19 104250 239253 -1 -1 -1 -1 -1)
#(0 92 275561 59 2 1 0 44 236785 239253 -1 -1 -1 -1 -1)
#(4 92 275561 -1 2 -1 -1 -1 -1 239280 0 0 0 0 -1)
#(0 92 275562 61 2 3 0 18 99926 239253 -1 -1 -1 -1 -1)
#(0 92 275563 60 2 1 1 93 491396 239253 -1 -1 -1 -1 -1)
#(0 92 275565 62 2 2 0 32 173462 239253 -1 -1 -1 -1 -1)
#(0 92 275566 51 2 3 0 1 8898 239253 -1 -1 -1 -1 -1)
#(0 92 275924 26 2 2 0 14 75290 239253 -1 -1 -1 -1 -1)
#(0 92 275925 43 2 2 1 66 351519 239253 -1 -1 -1 -1 -1)
#(0 92 275926 35 2 1 0 6 33435 239253 -1 -1 -1 -1 -1)
#(0 92 275927 42 2 2 0 34 181745 239253 -1 -1 -1 -1 -1)
#(0 92 275928 41 2 1 0 7 39107 239253 -1 -1 -1 -1 -1)
#(0 92 275929 31 2 2 0 23 123030 239253 -1 -1 -1 -1 -1)
#(0 92 275930 29 2 1 0 38 202185 239253 -1 -1 -1 -1 -1)
#(0 92 275931 26 2 2 0 62 328711 239253 -1 -1 -1 -1 -1)
#(0 92 275932 20 2 2 1 99 526969 239253 -1 -1 -1 -1 -1)
#(0 92 275933 56 2 3 1 43 229468 239253 -1 -1 -1 -1 -1)
#(0 92 275934 35 2 2 0 54 286919 239253 -1 -1 -1 -1 -1)
#(0 92 276234 24 2 0 1 66 353350 239253 -1 -1 -1 -1 -1)
#(0 92 276240 26 2 0 0 36 190507 239253 -1 -1 -1 -1 -1)
#(0 92 276243 25 2 0 0 0 411 239253 -1 -1 -1 -1 -1)
#(0 92 276244 29 2 0 0 82 433456 239253 -1 -1 -1 -1 -1)
#(0 92 276245 27 2 0 1 87 464182 239253 -1 -1 -1 -1 -1)
#(0 92 276246 20 2 0 0 16 84817 239253 -1 -1 -1 -1 -1)
#(0 92 276247 27 2 0 1 94 501142 239253 -1 -1 -1 -1 -1)
#(0 92 276248 30 2 0 1 71 379646 239253 -1 -1 -1 -1 -1)
#(0 92 276249 26 2 0 0 75 396427 239253 -1 -1 -1 -1 -1)
#(0 92 276250 25 2 0 0 52 274966 239253 -1 -1 -1 -1 -1)
#(0 92 276251 29 2 0 0 50 264482 239253 -1 -1 -1 -1 -1)
#(0 92 276252 34 2 0 1 47 252871 239253 -1 -1 -1 -1 -1)
#(0 92 276253 20 2 0 0 40 211520 239253 -1 -1 -1 -1 -1)
#(0 92 276254 25 2 0 0 24 127119 239253 -1 -1 -1 -1 -1)
#(0 92 276255 32 2 0 0 69 364835 239253 -1 -1 -1 -1 -1)
#(0 92 412273 72 3 2 0 15 81070 359592 -1 -1 -1 -1 -1)
#(0 92 412277 55 3 2 1 57 305203 359592 -1 -1 -1 -1 -1)
#(0 92 412282 51 3 2 1 76 405971 359592 -1 -1 -1 -1 -1)
#(0 92 412284 59 3 1 1 89 473270 359592 -1 -1 -1 -1 -1)
#(0 92 412285 75 3 2 1 54 286521 359592 -1 -1 -1 -1 -1)
#(0 92 412286 64 3 1 0 58 308865 359592 -1 -1 -1 -1 -1)
#(0 92 412287 54 3 3 1 96 511100 359592 -1 -1 -1 -1 -1)
#(0 92 412288 67 3 2 1 88 466804 359592 -1 -1 -1 -1 -1)
#(0 92 412289 51 3 2 0 53 280413 359592 -1 -1 -1 -1 -1)
#(0 92 412290 59 3 1 0 21 112469 359592 -1 -1 -1 -1 -1)
#(0 92 412291 59 3 1 1 77 410193 359592 -1 -1 -1 -1 -1)
#(0 92 412617 57 3 1 0 41 220573 359592 -1 -1 -1 -1 -1)
#(0 92 412629 44 3 2 0 14 76882 359592 -1 -1 -1 -1 -1)
#(0 92 412635 57 3 2 1 44 233290 359592 -1 -1 -1 -1 -1)
#(0 92 412636 53 3 2 0 12 67096 359592 -1 -1 -1 -1 -1)
#(0 92 412637 50 3 2 1 75 397887 359592 -1 -1 -1 -1 -1)
#(0 92 412638 69 3 2 1 79 422371 359592 -1 -1 -1 -1 -1)
#(0 92 412639 74 3 2 1 89 474292 359592 -1 -1 -1 -1 -1)
#(0 92 412640 56 3 1 1 49 259872 359592 -1 -1 -1 -1 -1)
#(0 92 412641 50 3 3 0 31 167209 359592 -1 -1 -1 -1 -1)
#(0 92 412642 51 3 3 0 58 309913 359592 -1 -1 -1 -1 -1)
#(0 92 412643 44 3 2 0 6 34643 359592 -1 -1 -1 -1 -1)
#(0 92 412645 44 3 3 0 23 124408 359592 -1 -1 -1 -1 -1)
#(0 92 412646 49 3 3 0 48 256871 359592 -1 -1 -1 -1 -1)
#(0 92 412647 51 3 1 1 69 366005 359592 -1 -1 -1 -1 -1)
#(0 92 412648 44 3 2 0 21 113828 359592 -1 -1 -1 -1 -1)
#(0 92 412997 36 3 1 1 62 330642 359592 -1 -1 -1 -1 -1)
#(0 92 412998 30 3 2 0 38 202207 359592 -1 -1 -1 -1 -1)
#(0 92 413000 35 3 2 0 7 38809 359592 -1 -1 -1 -1 -1)
#(0 92 413001 44 3 3 1 87 462305 359592 -1 -1 -1 -1 -1)
#(0 92 413002 49 3 1 1 46 245618 359592 -1 -1 -1 -1 -1)
#(0 92 413003 33 3 1 1 71 378462 359592 -1 -1 -1 -1 -1)
#(0 92 413004 32 3 2 0 44 233924 359592 -1 -1 -1 -1 -1)
#(0 92 413005 30 3 2 0 73 386978 359592 -1 -1 -1 -1 -1)
#(4 92 413005 -1 3 -1 -1 -1 -1 359626 0 0 0 0 -1)
#(0 92 413006 41 3 1 0 43 229187 359592 -1 -1 -1 -1 -1)
#(0 92 413007 39 3 3 0 30 160483 359592 -1 -1 -1 -1 -1)
#(0 92 413361 28 3 0 0 15 79676 359592 -1 -1 -1 -1 -1)
#(0 92 413362 28 3 0 0 35 185277 359592 -1 -1 -1 -1 -1)
#(0 92 413363 20 3 0 0 55 290734 359592 -1 -1 -1 -1 -1)
#(0 92 413364 26 3 0 1 79 421961 359592 -1 -1 -1 -1 -1)
#(0 92 413365 27 3 0 1 86 458919 359592 -1 -1 -1 -1 -1)
#(0 92 413366 25 3 0 0 22 116564 359592 -1 -1 -1 -1 -1)
#(0 92 413367 27 3 0 1 89 474753 359592 -1 -1 -1 -1 -1)
#(0 92 413368 27 3 0 0 31 164116 359592 -1 -1 -1 -1 -1)
#(0 92 413369 30 3 0 1 60 321591 359592 -1 -1 -1 -1 -1)
#(0 92 413370 34 3 0 1 36 194808 359592 -1 -1 -1 -1 -1)
#(0 93 116 59 0 1 1 79 420752 -1 -1 -1 -1 -1 -1)
#(0 93 129 51 0 3 1 91 485384 -1 -1 -1 -1 -1 -1)
#(0 93 140 62 0 2 1 62 330360 -1 -1 -1 -1 -1 -1)
#(0 93 141 59 0 2 0 7 38707 -1 -1 -1 -1 -1 -1)
#(0 93 142 44 0 2 1 59 311941 -1 -1 -1 -1 -1 -1)
#(0 93 143 75 0 2 1 37 196799 -1 -1 -1 -1 -1 -1)
#(0 93 144 51 0 3 0 9 48192 -1 -1 -1 -1 -1 -1)
#(0 93 145 70 0 2 0 15 82594 -1 -1 -1 -1 -1 -1)
#(0 93 146 57 0 2 1 97 515949 -1 -1 -1 -1 -1 -1)
#(0 93 147 51 0 2 1 86 458811 -1 -1 -1 -1 -1 -1)
#(0 93 148 75 0 3 1 17 91061 -1 -1 -1 -1 -1 -1)
#(0 93 149 62 0 2 1 57 303403 -1 -1 -1 -1 -1 -1)
#(0 93 534 59 0 1 1 38 201348 -1 -1 -1 -1 -1 -1)
#(0 93 535 63 0 1 0 3 20912 -1 -1 -1 -1 -1 -1)
#(0 93 536 50 0 1 1 84 445441 -1 -1 -1 -1 -1 -1)
#(0 93 537 57 0 2 0 30 162759 -1 -1 -1 -1 -1 -1)
#(0 93 538 60 0 2 1 73 386486 -1 -1 -1 -1 -1 -1)
#(0 93 539 64 0 2 1 14 74214 -1 -1 -1 -1 -1 -1)
#(0 93 540 67 0 1 1 41 221742 -1 -1 -1 -1 -1 -1)
#(2 93 854 -1 -1 -1 -1 -1 -1 33 -1 -1 -1 -1 -1)
#(0 93 912 25 0 2 0 33 175566 -1 -1 -1 -1 -1 -1)
#(0 93 913 28 0 2 0 16 85911 -1 -1 -1 -1 -1 -1)
#(0 93 915 48 0 1 0 23 124006 -1 -1 -1 -1 -1 -1)
#(0 93 916 32 0 2 1 95 505249 -1 -1 -1 -1 -1 -1)
#(0 93 917 30 0 1 1 70 373273 -1 -1 -1 -1 -1 -1)
#(0 93 918 35 0 3 1 96 510313 -1 -1 -1 -1 -1 -1)
#(0 93 919 45 0 3 0 25 134392 -1 -1 -1 -1 -1 -1)
#(0 93 1254 21 0 0 0 39 206269 -1 -1 -1 -1 -1 -1)
#(0 93 1255 28 0 0 1 36 194884 -1 -1 -1 -1 -1 -1)
#(0 93 1256 26 0 0 1 85 453643 -1 -1 -1 -1 -1 -1)
#(0 93 1257 30 0 0 0 12 63879 -1 -1 -1 -1 -1 -1)
#(0 93 1258 26 0 0 0 11 58513 -1 -1 -1 -1 -1 -1)
#(0 93 1259 20 0 0 0 47 248491 -1 -1 -1 -1 -1 -1)
#(0 93 1260 26 0 0 1 37 200206 -1 -1 -1 -1 -1 -1)
#(0 93 1261 29 0 0 1 54 289917 -1 -1 -1 -1 -1 -1)
#(0 93 1262 26 0 0 1 77 411417 -1 -1 -1 -1 -1 -1)
#(0 93 1263 34 0 0 1 50 268718 -1 -1 -1 -1 -1 -1)
#(0 93 137638 57 1 1 1 78 416086 119626 -1 -1 -1 -1 -1)
#(0 93 137649 57 1 2 0 15 80929 119626 -1 -1 -1 -1 -1)
#(0 93 137650 70 1 2 0 12 66705 119626 -1 -1 -1 -1 -1)
#(0 93 137651 64 1 2 0 2 13818 119626 -1 -1 -1 -1 -1)
#(0 93 137652 66 1 1 1 56 298003 119626 -1 -1 -1 -1 -1)
#(0 93 137654 67 1 3 0 13 71564 119626 -1 -1 -1 -1 -1)
#(0 93 137655 59 1 2 1 55 293820 119626 -1 -1 -1 -1 -1)
#(0 93 137656 67 1 2 0 4 23833 119626 -1 -1 -1 -1 -1)
#(0 93 137657 58 1 2 1 63 336612 119626 -1 -1 -1 -1 -1)
#(0 93 137658 51 1 2 1 67 358452 119626 -1 -1 -1 -1 -1)
#(0 93 137659 57 1 3 0 55 291845 119626 -1 -1 -1 -1 -1)
#(0 93 137660 51 1 1 0 23 121938 119626 -1 -1 -1 -1 -1)
#(0 93 137662 44 1 2 0 33 179162 119626 -1 -1 -1 -1 -1)
#(0 93 137663 57 1 2 1 79 421001 119626 -1 -1 -1 -1 -1)
#(0 93 137664 75 1 2 1 91 481741 119626 -1 -1 -1 -1 -1)
#(0 93 137666 55 1 1 1 46 246981 119626 -1 -1 -1 -1 -1)
#(0 93 137667 62 1 3 1 70 372587 119626 -1 -1 -1 -1 -1)
#(0 93 138011 43 1 1 1 73 387799 119626 -1 -1 -1 -1 -1)
#(0 93 138018 64 1 2 0 19 105259 119626 -1 -1 -1 -1 -1)
#(0 93 138019 44 1 2 0 15 82194 119626 -1 -1 -1 -1 -1)
#(0 93 138020 58 1 1 1 45 238502 119626 -1 -1 -1 -1 -1)
#(0 93 138021 65 1 1 0 46 246760 119626 -1 -1 -1 -1 -1)
#(0 93 138022 51 1 3 0 23 125011 119626 -1 -1 -1 -1 -1)
#(0 93 138023 51 1 3 0 30 162090 119626 -1 -1 -1 -1 -1)
#(0 93 138024 67 1 2 1 51 274480 119626 -1 -1 -1 -1 -1)
#(0 93 138025 55 1 1 0 42 225754 119626 -1 -1 -1 -1 -1)
#(0 93 138348 30 1 2 1 87 463143 119626 -1 -1 -1 -1 -1)
#(0 93 138353 28 1 2 0 2 12073 119626 -1 -1 -1 -1 -1)
#(0 93 138361 21 1 3 0 10 53890 119626 -1 -1 -1 -1 -1)
#(0 93 138362 33 1 2 0 25 133678 119626 -1 -1 -1 -1 -1)
#(0 93 138363 23 1 3 0 16 85688 119626 -1 -1 -1 -1 -1)
#(0 93 138364 28 1 2 0 5 27863 119626 -1 -1 -1 -1 -1)
#(0 93 138365 26 1 2 1 92 489683 119626 -1 -1 -1 -1 -1)
#(0 93 138366 34 1 2 0 32 170743 119626 -1 -1 -1 -1 -1)
#(0 93 138368 47 1 1 0 28 150359 119626 -1 -1 -1 -1 -1)
#(0 93 138369 35 1 2 1 55 293891 119626 -1 -1 -1 -1 -1)
#(0 93 138371 20 1 2 0 77 407594 119626 -1 -1 -1 -1 -1)
#(0 93 138372 33 1 2 0 11 59819 119626 -1 -1 -1 -1 -1)
#(0 93 138373 31 1 2 1 59 315222 119626 -1 -1 -1 -1 -1)
#(0 93 138375 35 1 2 1 57 304437 119626 -1 -1 -1 -1 -1)
#(0 93 138686 21 1 0 0 27 142906 119626 -1 -1 -1 -1 -1)
#(0 93 138690 26 1 0 1 93 495864 119626 -1 -1 -1 -1 -1)
#(0 93 138691 32 1 0 0 38 201191 119626 -1 -1 -1 -1 -1)
#(0 93 138692 20 1 0 1 84 448469 119626 -1 -1 -1 -1 -1)
#(0 93 138693 26 1 0 0 30 158834 119626 -1 -1 -1 -1 -1)
#(0 93 138694 28 1 0 1 69 369129 119626 -1 -1 -1 -1 -1)
#(0 93 138695 25 1 0 1 92 490628 119626 -1 -1 -1 -1 -1)
#(0 93 138696 28 1 0 0 45 238071 119626 -1 -1 -1 -1 -1)
#(0 93 138697 28 1 0 0 8 42711 119626 -1 -1 -1 -1 -1)
#(0 93 138698 23 1 0 0 12 63734 119626 -1 -1 -1 -1 -1)
#(0 93 138700 24 1 0 1 96 511781 119626 -1 -1 -1 -1 -1)
#(0 93 275177 66 2 2 0 31 166500 239253 -1 -1 -1 -1 -1)
#(0 93 275179 55 2 2 0 16 85657 239253 -1 -1 -1 -1 -1)
#(0 93 275180 55 2 3 1 54 289290 239253 -1 -1 -1 -1 -1)
#(0 93 275181 54 2 2 0 30 159550 239253 -1 -1 -1 -1 -1)
#(0 93 275182 75 2 2 0 36 194140 239253 -1 -1 -1 -1 -1)
#(0 93 275183 64 2 3 0 44 233231 239253 -1 -1 -1 -1 -1)
#(0 93 275184 51 2 1 0 20 106235 239253 -1 -1 -1 -1 -1)
#(0 93 275185 57 2 2 0 32 170521 239253 -1 -1 -1 -1 -1)
#(0 93 275186 55 2 1 0 27 143669 239253 -1 -1 -1 -1 -1)
#(0 93 275188 44 2 1 0 27 147473 239253 -1 -1 -1 -1 -1)
#(0 93 275559 49 2 3 0 67 357130 239253 -1 -1 -1 -1 -1)
#(0 93 275564 43 2 1 1 93 493415 239253 -1 -1 -1 -1 -1)
#(0 93 275568 55 2 2 0 12 67443 239253 -1 -1 -1 -1 -1)
#(0 93 275569 53 2 2 1 86 455723 239253 -1 -1 -1 -1 -1)
#(0 93 275570 58 2 3 0 35 188871 239253 -1 -1 -1 -1 -1)
#(0 93 275571 55 2 2 1 91 481789 239253 -1 -1 -1 -1 -1)
#(0 93 275572 44 2 2 1 98 519749 239253 -1 -1 -1 -1 -1)
#(0 93 275573 51 2 3 0 29 156734 239253 -1 -1 -1 -1 -1)
#(0 93 275574 65 2 1 1 64 338175 239253 -1 -1 -1 -1 -1)
#(0 93 275575 44 2 2 0 7 39899 239253 -1 -1 -1 -1 -1)
#(0 93 275576 51 2 3 0 51 272909 239253 -1 -1 -1 -1 -1)
#(0 93 275577 51 2 1 0 0 3572 239253 -1 -1 -1 -1 -1)
#(0 93 275935 47 2 3 0 49 261180 239253 -1 -1 -1 -1 -1)
#(0 93 275936 38 2 1 1 80 425697 239253 -1 -1 -1 -1 -1)
#(0 93 275937 32 2 2 1 89 473462 239253 -1 -1 -1 -1 -1)
#(0 93 275938 34 2 2 0 2 12394 239253 -1 -1 -1 -1 -1)
#(0 93 275940 21 2 3 0 28 148896 239253 -1 -1 -1 -1 -1)
#(0 93 275941 37 2 2 0 33 176163 239253 -1 -1 -1 -1 -1)
#(0 93 275942 31 2 2 1 86 457715 239253 -1 -1 -1 -1 -1)
#(0 93 275943 25 2 3 0 18 96292 239253 -1 -1 -1 -1 -1)
#(0 93 276256 24 2 0 1 79 421998 239253 -1 -1 -1 -1 -1)
#(0 93 276258 26 2 0 1 70 374434 239253 -1 -1 -1 -1 -1)
#(0 93 276259 24 2 0 1 92 490646 239253 -1 -1 -1 -1 -1)
#(0 93 276260 27 2 0 1 83 443068 239253 -1 -1 -1 -1 -1)
#(0 93 276261 24 2 0 1 94 501194 239253 -1 -1 -1 -1 -1)
#(0 93 276262 28 2 0 0 25 132471 239253 -1 -1 -1 -1 -1)
#(0 93 276263 23 2 0 1 48 258343 239253 -1 -1 -1 -1 -1)
#(0 93 276265 26 2 0 0 23 121868 239253 -1 -1 -1 -1 -1)
#(0 93 276266 25 2 0 1 89 474793 239253 -1 -1 -1 -1 -1)
#(0 93 412283 57 3 1 1 76 405714 359592 -1 -1 -1 -1 -1)
#(0 93 412292 63 3 3 1 89 473209 359592 -1 -1 -1 -1 -1)
#(0 93 412293 44 3 2 0 73 390382 359592 -1 -1 -1 -1 -1)
#(0 93 412294 75 3 2 0 10 57027 359592 -1 -1 -1 -1 -1)
#(0 93 412295 44 3 2 0 21 115837 359592 -1 -1 -1 -1 -1)
#(0 93 412296 51 3 2 0 17 90259 359592 -1 -1 -1 -1 -1)
#(0 93 412298 54 3 1 0 48 254567 359592 -1 -1 -1 -1 -1)
#(0 93 412300 71 3 2 0 27 146557 359592 -1 -1 -1 -1 -1)
#(0 93 412301 57 3 1 1 36 193791 359592 -1 -1 -1 -1 -1)
#(0 93 412649 62 3 2 0 46 247690 359592 -1 -1 -1 -1 -1)
#(0 93 412650 62 3 1 1 52 279809 359592 -1 -1 -1 -1 -1)
#(0 93 412651 55 3 2 1 43 228305 359592 -1 -1 -1 -1 -1)
#(0 93 412652 59 3 2 0 7 41435 359592 -1 -1 -1 -1 -1)
#(0 93 412653 42 3 2 0 0 2862 359592 -1 -1 -1 -1 -1)
#(0 93 412654 57 3 3 0 39 210199 359592 -1 -1 -1 -1 -1)
#(0 93 412655 42 3 3 1 89 472321 359592 -1 -1 -1 -1 -1)
#(0 93 412656 51 3 1 0 13 72316 359592 -1 -1 -1 -1 -1)
#(0 93 412657 67 3 2 0 35 189898 359592 -1 -1 -1 -1 -1)
#(0 93 412658 54 3 2 0 37 199224 359592 -1 -1 -1 -1 -1)
#(0 93 412659 43 3 2 0 31 166536 359592 -1 -1 -1 -1 -1)
#(0 93 412660 69 3 1 1 95 501820 359592 -1 -1 -1 -1 -1)
#(0 93 412661 75 3 2 1 26 141746 359592 -1 -1 -1 -1 -1)
#(0 93 412662 44 3 2 1 97 514489 359592 -1 -1 -1 -1 -1)
#(0 93 412663 51 3 2 1 67 355377 359592 -1 -1 -1 -1 -1)
#(0 93 412664 66 3 3 1 71 374894 359592 -1 -1 -1 -1 -1)
#(0 93 412665 55 3 2 1 85 450140 359592 -1 -1 -1 -1 -1)
#(0 93 412999 20 3 2 0 12 64413 359592 -1 -1 -1 -1 -1)
#(0 93 413008 41 3 3 0 16 86627 359592 -1 -1 -1 -1 -1)
#(0 93 413009 40 3 3 0 39 207994 359592 -1 -1 -1 -1 -1)
#(0 93 413010 33 3 2 1 79 420678 359592 -1 -1 -1 -1 -1)
#(0 93 413011 50 3 3 0 18 97676 359592 -1 -1 -1 -1 -1)
#(0 93 413012 47 3 3 1 86 456937 359592 -1 -1 -1 -1 -1)
#(0 93 413013 41 3 2 1 73 388557 359592 -1 -1 -1 -1 -1)
#(0 93 413015 56 3 3 0 61 324950 359592 -1 -1 -1 -1 -1)
#(0 93 413016 20 3 2 0 45 238630 359592 -1 -1 -1 -1 -1)
#(0 93 413017 44 3 1 1 95 504585 359592 -1 -1 -1 -1 -1)
#(0 93 413018 31 3 2 0 43 228655 359592 -1 -1 -1 -1 -1)
#(0 93 413019 38 3 1 1 93 494343 359592 -1 -1 -1 -1 -1)
#(0 93 413371 25 3 0 1 69 369176 359592 -1 -1 -1 -1 -1)
#(0 93 413372 25 3 0 1 56 300543 359592 -1 -1 -1 -1 -1)
#(0 93 413373 20 3 0 0 48 253775 359592 -1 -1 -1 -1 -1)
#(0 93 413374 23 3 0 1 72 385054 359592 -1 -1 -1 -1 -1)
#(0 93 413375 30 3 0 1 61 326841 359592 -1 -1 -1 -1 -1)
#(0 93 413376 27 3 0 1 90 480021 359592 -1 -1 -1 -1 -1)
#(0 93 413377 25 3 0 1 68 363896 359592 -1 -1 -1 -1 -1)
#(0 93 413378 27 3 0 1 62 332194 359592 -1 -1 -1 -1 -1)
#(0 93 413379 25 3 0 1 93 495897 359592 -1 -1 -1 -1 -1)
#(0 93 413380 20 3 0 1 50 268955 359592 -1 -1 -1 -1 -1)
#(0 93 413381 26 3 0 1 98 522298 359592 -1 -1 -1 -1 -1)
#(0 93 413382 27 3 0 1 51 274127 359592 -1 -1 -1 -1 -1)
#(0 94 131 67 0 3 1 91 484287 -1 -1 -1 -1 -1 -1)
#(2 94 138 -1 -1 -1 -1 -1 -1 34 -1 -1 -1 -1 -1)
#(0 94 150 59 0 2 0 16 86394 -1 -1 -1 -1 -1 -1)
#(0 94 151 51 0 3 1 85 453371 -1 -1 -1 -1 -1 -1)
#(0 94 152 62 0 1 1 53 282816 -1 -1 -1 -1 -1 -1)
#(0 94 153 60 0 1 0 53 282463 -1 -1 -1 -1 -1 -1)
#(0 94 154 64 0 2 0 36 192491 -1 -1 -1 -1 -1 -1)
#(0 94 155 44 0 2 1 89 470303 -1 -1 -1 -1 -1 -1)
#(0 94 156 57 0 2 0 50 265438 -1 -1 -1 -1 -1 -1)
#(0 94 157 70 0 2 1 46 244741 -1 -1 -1 -1 -1 -1)
#(0 94 158 52 0 2 0 45 238635 -1 -1 -1 -1 -1 -1)
#(0 94 159 63 0 1 1 92 488733 -1 -1 -1 -1 -1 -1)
#(0 94 160 67 0 2 1 87 461793 -1 -1 -1 -1 -1 -1)
#(0 94 161 56 0 3 0 29 154659 -1 -1 -1 -1 -1 -1)
#(0 94 162 54 0 2 0 13 70309 -1 -1 -1 -1 -1 -1)
#(0 94 163 67 0 1 0 73 388414 -1 -1 -1 -1 -1 -1)
#(0 94 541 64 0 1 0 40 215627 -1 -1 -1 -1 -1 -1)
#(0 94 542 44 0 1 0 18 98010 -1 -1 -1 -1 -1 -1)
#(0 94 543 59 0 3 0 14 78144 -1 -1 -1 -1 -1 -1)
#(0 94 544 75 0 1 0 68 359638 -1 -1 -1 -1 -1 -1)
#(0 94 545 57 0 2 0 22 120342 -1 -1 -1 -1 -1 -1)
#(0 94 546 43 0 2 0 26 140200 -1 -1 -1 -1 -1 -1)
#(0 94 547 57 0 3 0 52 278691 -1 -1 -1 -1 -1 -1)
#(0 94 548 68 0 1 1 65 343293 -1 -1 -1 -1 -1 -1)
#(0 94 549 60 0 2 1 78 412641 -1 -1 -1 -1 -1 -1)
#(0 94 550 42 0 2 1 74 393152 -1 -1 -1 -1 -1 -1)
#(0 94 551 44 0 2 1 92 488076 -1 -1 -1 -1 -1 -1)
#(0 94 552 61 0 2 0 51 273457 -1 -1 -1 -1 -1 -1)
#(0 94 553 55 0 2 0 30 162341 -1 -1 -1 -1 -1 -1)
#(0 94 555 59 0 2 0 34 183984 -1 -1 -1 -1 -1 -1)
#(0 94 914 20 0 3 1 91 484754 -1 -1 -1 -1 -1 -1)
#(0 94 920 40 0 2 0 29 155178 -1 -1 -1 -1 -1 -1)
#(2 94 920 -1 -1 -1 -1 -1 -1 27 -1 -1 -1 -1 -1)
#(0 94 921 20 0 2 1 64 342151 -1 -1 -1 -1 -1 -1)
#(0 94 922 49 0 3 0 15 81782 -1 -1 -1 -1 -1 -1)
#(0 94 923 20 0 2 1 66 352727 -1 -1 -1 -1 -1 -1)
#(0 94 924 44 0 3 0 20 107934 -1 -1 -1 -1 -1 -1)
#(0 94 925 31 0 2 1 76 404947 -1 -1 -1 -1 -1 -1)
#(0 94 1265 23 0 0 1 99 527600 -1 -1 -1 -1 -1 -1)
#(0 94 1266 29 0 0 1 33 179025 -1 -1 -1 -1 -1 -1)
#(0 94 1267 31 0 0 1 76 406044 -1 -1 -1 -1 -1 -1)
#(0 94 1268 23 0 0 1 97 517055 -1 -1 -1 -1 -1 -1)
#(0 94 1269 29 0 0 1 45 242391 -1 -1 -1 -1 -1 -1)
#(0 94 1270 27 0 0 1 82 437793 -1 -1 -1 -1 -1 -1)
#(0 94 1271 27 0 0 0 13 69092 -1 -1 -1 -1 -1 -1)
#(0 94 1272 27 0 0 1 31 168508 -1 -1 -1 -1 -1 -1)
#(0 94 1273 30 0 0 1 56 300463 -1 -1 -1 -1 -1 -1)
#(0 94 1275 29 0 0 1 91 485279 -1 -1 -1 -1 -1 -1)
#(0 94 137653 51 1 2 0 6 31698 119626 -1 -1 -1 -1 -1)
#(0 94 137661 57 1 1 0 4 22649 119626 -1 -1 -1 -1 -1)
#(0 94 137665 51 1 3 0 60 317348 119626 -1 -1 -1 -1 -1)
#(0 94 137668 64 1 1 0 35 187765 119626 -1 -1 -1 -1 -1)
#(0 94 137669 49 1 2 0 36 190597 119626 -1 -1 -1 -1 -1)
#(0 94 137671 67 1 3 1 69 367184 119626 -1 -1 -1 -1 -1)
#(0 94 137672 59 1 1 1 83 441655 119626 -1 -1 -1 -1 -1)
#(0 94 137673 43 1 2 0 45 242424 119626 -1 -1 -1 -1 -1)
#(0 94 137674 70 1 2 0 21 114697 119626 -1 -1 -1 -1 -1)
#(0 94 137675 62 1 1 1 71 377917 119626 -1 -1 -1 -1 -1)
#(0 94 137677 61 1 1 0 1 8279 119626 -1 -1 -1 -1 -1)
#(0 94 137678 44 1 3 1 75 396376 119626 -1 -1 -1 -1 -1)
#(0 94 137679 51 1 3 0 61 322712 119626 -1 -1 -1 -1 -1)
#(0 94 137680 61 1 2 1 52 277883 119626 -1 -1 -1 -1 -1)
#(0 94 137683 70 1 2 0 40 214534 119626 -1 -1 -1 -1 -1)
#(0 94 138026 38 1 2 1 73 388068 119626 -1 -1 -1 -1 -1)
#(0 94 138027 63 1 1 0 9 52281 119626 -1 -1 -1 -1 -1)
#(0 94 138028 72 1 2 1 68 363965 119626 -1 -1 -1 -1 -1)
#(0 94 138029 62 1 2 1 94 496882 119626 -1 -1 -1 -1 -1)
#(0 94 138030 57 1 2 1 35 185889 119626 -1 -1 -1 -1 -1)
#(0 94 138032 55 1 2 1 68 360317 119626 -1 -1 -1 -1 -1)
#(0 94 138033 51 1 3 1 64 339550 119626 -1 -1 -1 -1 -1)
#(0 94 138034 57 1 3 1 42 222860 119626 -1 -1 -1 -1 -1)
#(0 94 138035 64 1 1 1 44 232789 119626 -1 -1 -1 -1 -1)
#(0 94 138367 33 1 2 0 25 133713 119626 -1 -1 -1 -1 -1)
#(0 94 138370 27 1 2 0 20 107001 119626 -1 -1 -1 -1 -1)
#(0 94 138374 26 1 2 0 5 27729 119626 -1 -1 -1 -1 -1)
#(0 94 138376 30 1 2 1 99 526440 119626 -1 -1 -1 -1 -1)
#(0 94 138377 45 1 3 1 40 214122 119626 -1 -1 -1 -1 -1)
#(0 94 138378 24 1 2 0 21 112262 119626 -1 -1 -1 -1 -1)
#(0 94 138379 23 1 2 1 66 352517 119626 -1 -1 -1 -1 -1)
#(0 94 138380 37 1 1 0 30 160365 119626 -1 -1 -1 -1 -1)
#(0 94 138381 23 1 2 0 26 138536 119626 -1 -1 -1 -1 -1)
#(0 94 138382 34 1 2 1 98 520943 119626 -1 -1 -1 -1 -1)
#(0 94 138383 26 1 2 1 90 479141 119626 -1 -1 -1 -1 -1)
#(0 94 138384 20 1 3 1 44 236568 119626 -1 -1 -1 -1 -1)
#(0 94 138385 20 1 2 0 31 164709 119626 -1 -1 -1 -1 -1)
#(0 94 138386 23 1 2 1 56 299693 119626 -1 -1 -1 -1 -1)
#(0 94 138387 21 1 2 1 21 115123 119626 -1 -1 -1 -1 -1)
#(0 94 138699 20 1 0 0 38 200979 119626 -1 -1 -1 -1 -1)
#(0 94 138701 30 1 0 1 91 485241 119626 -1 -1 -1 -1 -1)
#(0 94 138702 28 1 0 0 3 16318 119626 -1 -1 -1 -1 -1)
#(0 94 138703 29 1 0 0 2 11049 119626 -1 -1 -1 -1 -1)
#(0 94 138704 26 1 0 1 68 363886 119626 -1 -1 -1 -1 -1)
#(0 94 138705 28 1 0 0 90 475665 119626 -1 -1 -1 -1 -1)
#(0 94 138706 23 1 0 0 54 285497 119626 -1 -1 -1 -1 -1)
#(0 94 138708 26 1 0 0 9 47942 119626 -1 -1 -1 -1 -1)
#(0 94 138711 34 1 0 0 28 148401 119626 -1 -1 -1 -1 -1)
#(0 94 138712 30 1 0 1 45 242382 119626 -1 -1 -1 -1 -1)
#(0 94 275178 61 2 2 0 31 165811 239253 -1 -1 -1 -1 -1)
#(0 94 275187 59 2 3 0 16 86024 239253 -1 -1 -1 -1 -1)
#(0 94 275190 59 2 2 1 87 462954 239253 -1 -1 -1 -1 -1)
#(0 94 275192 57 2 2 0 3 17191 239253 -1 -1 -1 -1 -1)
#(0 94 275193 44 2 3 1 53 280233 239253 -1 -1 -1 -1 -1)
#(0 94 275194 69 2 1 0 60 320205 239253 -1 -1 -1 -1 -1)
#(0 94 275195 75 2 3 1 54 288154 239253 -1 -1 -1 -1 -1)
#(0 94 275196 67 2 2 0 11 60773 239253 -1 -1 -1 -1 -1)
#(0 94 275197 64 2 1 0 58 308542 239253 -1 -1 -1 -1 -1)
#(0 94 275198 51 2 2 0 44 232510 239253 -1 -1 -1 -1 -1)
#(0 94 275199 44 2 2 1 61 322455 239253 -1 -1 -1 -1 -1)
#(0 94 275200 59 2 2 1 56 299073 239253 -1 -1 -1 -1 -1)
#(0 94 275201 66 2 1 1 95 504180 239253 -1 -1 -1 -1 -1)
#(0 94 275567 70 2 1 0 44 237068 239253 -1 -1 -1 -1 -1)
#(0 94 275578 56 2 3 0 25 136077 239253 -1 -1 -1 -1 -1)
#(0 94 275580 57 2 2 0 16 88606 239253 -1 -1 -1 -1 -1)
#(0 94 275581 69 2 1 1 72 385156 239253 -1 -1 -1 -1 -1)
#(0 94 275582 67 2 2 0 34 179788 239253 -1 -1 -1 -1 -1)
#(0 94 275583 60 2 1 0 2 15193 239253 -1 -1 -1 -1 -1)
#(0 94 275585 63 2 2 0 43 231404 239253 -1 -1 -1 -1 -1)
#(0 94 275586 43 2 2 1 24 129135 239253 -1 -1 -1 -1 -1)
#(0 94 275587 67 2 2 1 44 232665 239253 -1 -1 -1 -1 -1)
#(0 94 275939 30 2 2 0 6 33263 239253 -1 -1 -1 -1 -1)
#(0 94 275944 21 2 3 0 22 117227 239253 -1 -1 -1 -1 -1)
#(0 94 275945 26 2 2 1 61 325982 239253 -1 -1 -1 -1 -1)
#(0 94 275946 35 2 2 1 74 394173 239253 -1 -1 -1 -1 -1)
#(0 94 275947 22 2 2 1 93 495072 239253 -1 -1 -1 -1 -1)
#(0 94 275949 54 2 1 1 25 134457 239253 -1 -1 -1 -1 -1)
#(0 94 275950 20 2 2 0 0 1050 239253 -1 -1 -1 -1 -1)
#(0 94 275952 38 2 1 1 95 504912 239253 -1 -1 -1 -1 -1)
#(0 94 275953 23 2 2 0 1 6385 239253 -1 -1 -1 -1 -1)
#(0 94 275954 34 2 3 0 88 466419 239253 -1 -1 -1 -1 -1)
#(0 94 275956 30 2 3 1 51 272889 239253 -1 -1 -1 -1 -1)
#(0 94 275957 42 2 1 1 63 335716 239253 -1 -1 -1 -1 -1)
#(0 94 275958 20 2 2 1 78 416085 239253 -1 -1 -1 -1 -1)
#(0 94 275959 30 2 3 0 36 191666 239253 -1 -1 -1 -1 -1)
#(0 94 276257 26 2 0 0 52 274997 239253 -1 -1 -1 -1 -1)
#(0 94 276264 21 2 0 0 40 211537 239253 -1 -1 -1 -1 -1)
#(0 94 276268 23 2 0 0 35 185192 239253 -1 -1 -1 -1 -1)
#(0 94 276269 19 2 0 0 23 121749 239253 -1 -1 -1 -1 -1)
#(0 94 276271 23 2 0 1 93 495930 239253 -1 -1 -1 -1 -1)
#(0 94 276272 26 2 0 0 19 100765 239253 -1 -1 -1 -1 -1)
#(0 94 276273 33 2 0 0 63 333193 239253 -1 -1 -1 -1 -1)
#(0 94 276274 27 2 0 1 77 411394 239253 -1 -1 -1 -1 -1)
#(0 94 276275 27 2 0 1 64 342762 239253 -1 -1 -1 -1 -1)
#(0 94 412297 63 3 2 0 21 112713 359592 -1 -1 -1 -1 -1)
#(0 94 412299 70 3 1 1 77 409424 359592 -1 -1 -1 -1 -1)
#(0 94 412302 56 3 1 1 79 420896 359592 -1 -1 -1 -1 -1)
#(0 94 412303 53 3 2 0 23 122506 359592 -1 -1 -1 -1 -1)
#(0 94 412304 51 3 3 0 18 95706 359592 -1 -1 -1 -1 -1)
#(0 94 412305 58 3 2 0 1 6096 359592 -1 -1 -1 -1 -1)
#(0 94 412306 44 3 2 1 95 502035 359592 -1 -1 -1 -1 -1)
#(0 94 412307 57 3 3 1 46 246609 359592 -1 -1 -1 -1 -1)
#(0 94 412308 70 3 3 0 59 314972 359592 -1 -1 -1 -1 -1)
#(0 94 412311 51 3 1 1 56 300311 359592 -1 -1 -1 -1 -1)
#(0 94 412312 70 3 2 1 91 482519 359592 -1 -1 -1 -1 -1)
#(0 94 412313 67 3 2 1 90 477482 359592 -1 -1 -1 -1 -1)
#(0 94 412314 66 3 2 1 98 519776 359592 -1 -1 -1 -1 -1)
#(0 94 412315 57 3 2 1 62 331215 359592 -1 -1 -1 -1 -1)
#(0 94 412621 57 3 3 0 41 220497 359592 -1 -1 -1 -1 -1)
#(0 94 412644 51 3 2 0 6 34937 359592 -1 -1 -1 -1 -1)
#(0 94 412666 67 3 2 1 27 142687 359592 -1 -1 -1 -1 -1)
#(0 94 412667 59 3 2 1 53 280472 359592 -1 -1 -1 -1 -1)
#(0 94 412668 44 3 2 0 16 87436 359592 -1 -1 -1 -1 -1)
#(0 94 412669 51 3 2 1 64 339562 359592 -1 -1 -1 -1 -1)
#(0 94 412670 54 3 2 0 1 9423 359592 -1 -1 -1 -1 -1)
#(0 94 412671 54 3 2 0 34 183433 359592 -1 -1 -1 -1 -1)
#(0 94 412672 70 3 1 1 8 47367 359592 -1 -1 -1 -1 -1)
#(0 94 413014 37 3 1 0 39 207873 359592 -1 -1 -1 -1 -1)
#(0 94 413020 30 3 2 1 81 431348 359592 -1 -1 -1 -1 -1)
#(0 94 413021 20 3 2 1 30 162633 359592 -1 -1 -1 -1 -1)
#(0 94 413022 39 3 1 1 86 457246 359592 -1 -1 -1 -1 -1)
#(0 94 413023 30 3 2 0 38 202171 359592 -1 -1 -1 -1 -1)
#(0 94 413024 39 3 1 1 89 473152 359592 -1 -1 -1 -1 -1)
#(0 94 413025 33 3 2 0 5 28085 359592 -1 -1 -1 -1 -1)
#(0 94 413026 35 3 2 1 50 267487 359592 -1 -1 -1 -1 -1)
#(0 94 413027 33 3 2 1 77 410015 359592 -1 -1 -1 -1 -1)
#(0 94 413383 25 3 0 1 62 332246 359592 -1 -1 -1 -1 -1)
#(0 94 413384 23 3 0 0 26 137665 359592 -1 -1 -1 -1 -1)
#(0 94 413385 27 3 0 0 8 42692 359592 -1 -1 -1 -1 -1)
#(0 94 413386 26 3 0 1 68 363901 359592 -1 -1 -1 -1 -1)
#(0 94 413387 32 3 0 0 14 74457 359592 -1 -1 -1 -1 -1)
#(0 94 413388 32 3 0 1 81 432423 359592 -1 -1 -1 -1 -1)
#(0 94 413389 27 3 0 0 34 179968 359592 -1 -1 -1 -1 -1)
#(0 94 413390 26 3 0 1 94 501166 359592 -1 -1 -1 -1 -1)
#(0 94 413391 28 3 0 0 78 412311 359592 -1 -1 -1 -1 -1)
#(0 94 413392 26 3 0 0 22 116594 359592 -1 -1 -1 -1 -1)
#(0 94 413393 23 3 0 0 63 333012 359592 -1 -1 -1 -1 -1)
#(0 94 413394 29 3 0 0 19 100796 359592 -1 -1 -1 -1 -1)
#(0 94 413395 25 3 0 0 9 47918 359592 -1 -1 -1 -1 -1)
#(0 94 413397 26 3 0 1 85 453664 359592 -1 -1 -1 -1 -1)
#(0 94 413398 23 3 0 1 9 52431 359592 -1 -1 -1 -1 -1)
#(0 94 413399 24 3 0 1 88 469540 359592 -1 -1 -1 -1 -1)
#(0 95 164 51 0 1 1 93 495793 -1 -1 -1 -1 -1 -1)
#(0 95 165 75 0 1 0 31 167827 -1 -1 -1 -1 -1 -1)
#(0 95 166 44 0 1 1 80 422794 -1 -1 -1 -1 -1 -1)
#(0 95 167 57 0 1 0 35 186096 -1 -1 -1 -1 -1 -1)
#(0 95 168 54 0 2 0 16 85319 -1 -1 -1 -1 -1 -1)
#(0 95 169 44 0 2 0 20 110496 -1 -1 -1 -1 -1 -1)
#(0 95 170 44 0 1 0 10 57750 -1 -1 -1 -1 -1 -1)
#(0 95 171 70 0 2 0 6 35074 -1 -1 -1 -1 -1 -1)
#(0 95 173 57 0 2 1 49 262456 -1 -1 -1 -1 -1 -1)
#(0 95 174 44 0 2 1 88 465083 -1 -1 -1 -1 -1 -1)
#(0 95 175 57 0 2 0 17 91257 -1 -1 -1 -1 -1 -1)
#(0 95 176 63 0 1 0 51 271711 -1 -1 -1 -1 -1 -1)
#(0 95 177 54 0 2 0 4 22232 -1 -1 -1 -1 -1 -1)
#(0 95 556 44 0 2 1 59 313835 -1 -1 -1 -1 -1 -1)
#(0 95 557 55 0 1 1 91 481697 -1 -1 -1 -1 -1 -1)
#(0 95 558 61 0 2 0 0 4314 -1 -1 -1 -1 -1 -1)
#(0 95 559 44 0 2 1 96 509181 -1 -1 -1 -1 -1 -1)
#(0 95 560 63 0 1 0 41 221449 -1 -1 -1 -1 -1 -1)
#(0 95 561 43 0 2 0 56 298561 -1 -1 -1 -1 -1 -1)
#(0 95 563 57 0 1 1 49 259797 -1 -1 -1 -1 -1 -1)
#(0 95 565 62 0 3 1 75 396538 -1 -1 -1 -1 -1 -1)
#(0 95 566 64 0 2 0 24 131442 -1 -1 -1 -1 -1 -1)
#(0 95 568 51 0 3 0 68 362625 -1 -1 -1 -1 -1 -1)
#(0 95 569 59 0 2 0 64 342292 -1 -1 -1 -1 -1 -1)
#(0 95 570 59 0 1 1 94 496811 -1 -1 -1 -1 -1 -1)
#(0 95 571 51 0 3 1 85 450405 -1 -1 -1 -1 -1 -1)
#(0 95 926 39 0 1 1 85 452035 -1 -1 -1 -1 -1 -1)
#(0 95 927 37 0 3 1 68 362348 -1 -1 -1 -1 -1 -1)
#(0 95 928 28 0 2 0 16 85960 -1 -1 -1 -1 -1 -1)
#(0 95 930 32 0 1 1 81 431209 -1 -1 -1 -1 -1 -1)
#(0 95 931 49 0 3 0 65 345791 -1 -1 -1 -1 -1 -1)
#(0 95 932 27 0 2 0 10 54204 -1 -1 -1 -1 -1 -1)
#(0 95 933 29 0 2 1 82 436741 -1 -1 -1 -1 -1 -1)
#(0 95 934 25 0 2 0 33 175503 -1 -1 -1 -1 -1 -1)
#(0 95 1264 27 0 0 1 77 411381 -1 -1 -1 -1 -1 -1)
#(0 95 1274 25 0 0 0 13 69045 -1 -1 -1 -1 -1 -1)
#(0 95 1276 27 0 0 0 4 21572 -1 -1 -1 -1 -1 -1)
#(0 95 1277 20 0 0 1 83 443195 -1 -1 -1 -1 -1 -1)
#(0 95 1278 28 0 0 0 42 222218 -1 -1 -1 -1 -1 -1)
#(0 95 1279 24 0 0 1 97 517052 -1 -1 -1 -1 -1 -1)
#(0 95 1280 25 0 0 0 16 84881 -1 -1 -1 -1 -1 -1)
#(0 95 1281 25 0 0 0 5 26793 -1 -1 -1 -1 -1 -1)
#(0 95 137670 55 1 2 1 63 337154 119626 -1 -1 -1 -1 -1)
#(0 95 137676 57 1 3 1 83 442041 119626 -1 -1 -1 -1 -1)
#(0 95 137682 57 1 2 1 71 378764 119626 -1 -1 -1 -1 -1)
#(0 95 137684 57 1 2 0 66 349896 119626 -1 -1 -1 -1 -1)
#(0 95 137685 65 1 1 1 78 415349 119626 -1 -1 -1 -1 -1)
#(0 95 137686 62 1 1 1 72 383284 119626 -1 -1 -1 -1 -1)
#(0 95 137687 51 1 2 1 51 273923 119626 -1 -1 -1 -1 -1)
#(0 95 137688 59 1 2 1 69 367876 119626 -1 -1 -1 -1 -1)
#(0 95 137689 67 1 1 0 19 103306 119626 -1 -1 -1 -1 -1)
#(0 95 137690 56 1 2 0 16 86181 119626 -1 -1 -1 -1 -1)
#(0 95 137691 64 1 2 0 30 160987 119626 -1 -1 -1 -1 -1)
#(0 95 137692 66 1 2 0 7 39757 119626 -1 -1 -1 -1 -1)
#(0 95 137693 54 1 3 1 77 410903 119626 -1 -1 -1 -1 -1)
#(0 95 137694 70 1 1 0 11 58794 119626 -1 -1 -1 -1 -1)
#(0 95 137695 55 1 2 0 9 48667 119626 -1 -1 -1 -1 -1)
#(0 95 138031 59 1 2 1 69 365149 119626 -1 -1 -1 -1 -1)
#(0 95 138036 70 1 2 1 86 458993 119626 -1 -1 -1 -1 -1)
#(0 95 138037 54 1 2 1 72 381477 119626 -1 -1 -1 -1 -1)
#(0 95 138038 62 1 3 0 57 305690 119626 -1 -1 -1 -1 -1)
#(0 95 138039 57 1 1 1 74 391694 119626 -1 -1 -1 -1 -1)
#(0 95 138040 63 1 2 0 23 125430 119626 -1 -1 -1 -1 -1)
#(0 95 138041 51 1 2 1 49 260334 119626 -1 -1 -1 -1 -1)
#(0 95 138388 28 1 2 0 14 75349 119626 -1 -1 -1 -1 -1)
#(0 95 138389 50 1 2 1 78 414488 119626 -1 -1 -1 -1 -1)
#(0 95 138390 34 1 2 1 86 457624 119626 -1 -1 -1 -1 -1)
#(0 95 138391 27 1 2 0 20 106994 119626 -1 -1 -1 -1 -1)
#(0 95 138392 41 1 3 0 47 250344 119626 -1 -1 -1 -1 -1)
#(0 95 138393 43 1 1 0 48 255667 119626 -1 -1 -1 -1 -1)
#(0 95 138394 29 1 3 1 52 278293 119626 -1 -1 -1 -1 -1)
#(0 95 138396 27 1 2 1 80 426275 119626 -1 -1 -1 -1 -1)
#(0 95 138397 38 1 1 1 89 473180 119626 -1 -1 -1 -1 -1)
#(0 95 138398 24 1 2 0 53 281177 119626 -1 -1 -1 -1 -1)
#(0 95 138399 46 1 1 0 65 345639 119626 -1 -1 -1 -1 -1)
#(0 95 138707 25 1 0 0 45 238009 119626 -1 -1 -1 -1 -1)
#(0 95 138709 28 1 0 0 3 16303 119626 -1 -1 -1 -1 -1)
#(0 95 138714 20 1 0 1 74 395665 119626 -1 -1 -1 -1 -1)
#(0 95 138715 28 1 0 0 26 137751 119626 -1 -1 -1 -1 -1)
#(0 95 138716 28 1 0 1 10 57609 119626 -1 -1 -1 -1 -1)
#(0 95 138717 27 1 0 0 36 190532 119626 -1 -1 -1 -1 -1)
#(0 95 138718 18 1 0 0 38 200928 119626 -1 -1 -1 -1 -1)
#(0 95 138719 27 1 0 1 90 480034 119626 -1 -1 -1 -1 -1)
#(0 95 138720 20 1 0 1 76 406236 119626 -1 -1 -1 -1 -1)
#(0 95 138721 30 1 0 1 77 411337 119626 -1 -1 -1 -1 -1)
#(0 95 138722 25 1 0 0 11 58483 119626 -1 -1 -1 -1 -1)
#(0 95 138724 32 1 0 0 10 53320 119626 -1 -1 -1 -1 -1)
#(0 95 138725 22 1 0 1 84 448456 119626 -1 -1 -1 -1 -1)
#(0 95 275189 44 2 2 0 15 84041 239253 -1 -1 -1 -1 -1)
#(0 95 275191 51 2 1 1 87 464005 239253 -1 -1 -1 -1 -1)
#(0 95 275202 56 2 3 0 60 318051 239253 -1 -1 -1 -1 -1)
#(0 95 275203 62 2 1 1 81 430853 239253 -1 -1 -1 -1 -1)
#(0 95 275204 44 2 1 1 64 338439 239253 -1 -1 -1 -1 -1)
#(0 95 275205 75 2 2 1 77 407829 239253 -1 -1 -1 -1 -1)
#(0 95 275206 59 2 3 1 55 293858 239253 -1 -1 -1 -1 -1)
#(0 95 275207 55 2 2 1 94 500542 239253 -1 -1 -1 -1 -1)
#(0 95 275208 55 2 2 1 45 241779 239253 -1 -1 -1 -1 -1)
#(0 95 275209 44 2 2 0 8 47159 239253 -1 -1 -1 -1 -1)
#(0 95 275210 44 2 1 0 41 221398 239253 -1 -1 -1 -1 -1)
#(0 95 275211 55 2 3 1 74 394703 239253 -1 -1 -1 -1 -1)
#(0 95 275212 65 2 2 0 26 139923 239253 -1 -1 -1 -1 -1)
#(0 95 275213 70 2 3 1 39 207923 239253 -1 -1 -1 -1 -1)
#(0 95 275579 60 2 1 0 0 4094 239253 -1 -1 -1 -1 -1)
#(0 95 275584 59 2 2 1 73 386227 239253 -1 -1 -1 -1 -1)
#(0 95 275588 55 2 3 1 64 338761 239253 -1 -1 -1 -1 -1)
#(0 95 275589 67 2 2 1 91 485691 239253 -1 -1 -1 -1 -1)
#(0 95 275590 62 2 2 1 71 375751 239253 -1 -1 -1 -1 -1)
#(0 95 275591 55 2 3 1 65 344445 239253 -1 -1 -1 -1 -1)
