#(1 1 1 83)
#(1 2 0 16)
#(1 3 1 2)
#(1 4 0 72)
#(1 5 0 92)
#(1 6 0 14)
#(1 7 1 85)
#(1 8 0 18)
#(1 9 0 6)
#(1 10 0 96)
#(1 11 0 65)
#(1 12 0 87)
#(1 13 0 48)
#(1 14 1 62)
#(1 15 1 31)
#(1 16 0 38)
#(1 17 0 72)
#(1 18 0 14)
#(1 19 0 33)
#(1 20 0 75)
#(1 21 0 0)
#(1 22 0 79)
#(1 23 1 33)
#(1 24 0 93)
#(1 25 0 50)
#(1 26 0 74)
#(1 27 0 48)
#(1 28 1 2)
#(1 29 0 63)
#(1 30 0 79)
#(1 31 1 3)
#(1 32 1 72)
#(1 33 1 27)
#(1 34 1 2)
#(1 35 0 36)
#(1 36 0 70)
#(1 37 0 58)
#(1 38 1 62)
#(1 39 0 86)
#(1 40 0 59)
#(1 41 1 83)
#(1 42 0 6)
#(1 43 1 77)
#(1 44 0 74)
#(1 45 0 73)
#(1 46 0 49)
#(1 47 0 27)
#(1 48 0 17)
#(1 49 1 56)
#(1 50 0 41)
#(1 51 1 34)
#(1 52 1 2)
#(1 53 1 40)
#(1 54 0 79)
#(1 55 1 14)
#(1 56 0 76)
#(1 57 1 22)
#(1 58 0 5)
#(1 59 0 44)
#(1 60 1 54)
#(1 61 1 52)
#(1 62 1 97)
#(1 63 1 95)
#(1 64 0 49)
#(1 65 0 25)
#(1 66 0 33)
#(1 67 0 96)
#(1 68 0 93)
#(1 69 0 78)
#(2 1 0 40)
#(2 2 0 40)
#(2 3 1 33)
#(2 4 0 42)
#(2 5 0 8)
#(2 6 0 51)
#(2 7 0 47)
#(2 8 1 69)
#(2 9 1 5)
#(2 10 0 39)
#(2 11 1 18)
#(2 12 0 47)
#(2 13 0 76)
#(2 14 0 49)
#(2 15 0 0)
#(2 16 0 20)
#(2 17 0 68)
#(2 18 1 21)
#(2 19 0 78)
#(2 20 1 27)
#(2 21 0 44)
#(2 22 1 51)
#(2 23 0 79)
#(2 24 0 83)
#(2 25 1 68)
#(2 26 0 4)
#(2 27 1 17)
#(2 28 0 56)
#(2 29 1 4)
#(2 30 0 91)
#(2 31 0 21)
#(2 32 0 14)
#(2 33 0 79)
#(2 34 0 93)
#(2 35 0 4)
#(2 36 0 25)
#(2 37 0 2)
#(2 38 0 15)
#(2 39 0 32)
#(2 40 1 94)
#(2 41 0 44)
#(2 42 0 33)
#(2 43 1 14)
#(2 44 0 3)
#(2 45 0 52)
#(2 46 0 76)
#(2 47 1 33)
#(2 48 1 92)
#(2 49 0 41)
#(2 50 0 39)
#(2 51 0 77)
#(2 52 1 48)
#(2 53 0 60)
#(2 54 0 77)
#(2 55 0 20)
#(2 56 0 15)
#(2 57 1 97)
#(2 58 1 86)
#(2 59 1 70)
#(2 60 1 26)
#(2 61 0 9)
#(2 62 0 95)
#(2 63 0 76)
#(2 64 0 92)
#(2 65 0 82)
#(2 66 0 29)
#(2 67 1 20)
#(2 68 0 79)
#(2 69 0 18)
#(3 1 1 24)
#(3 2 0 51)
#(3 3 1 96)
#(3 4 0 30)
#(3 5 0 62)
#(3 6 0 17)
#(3 7 0 59)
#(3 8 0 89)
#(3 9 0 22)
#(3 10 1 50)
#(3 11 1 62)
#(3 12 0 94)
#(3 13 0 80)
#(3 14 0 38)
#(3 15 0 34)
#(3 16 1 83)
#(3 17 0 55)
#(3 18 0 29)
#(3 19 0 87)
#(3 20 0 17)
#(3 21 0 58)
#(3 22 0 26)
#(3 23 0 5)
#(3 24 0 0)
#(3 25 0 63)
#(3 26 0 77)
#(3 27 0 15)
#(3 28 1 70)
#(3 29 0 87)
#(3 30 1 94)
#(3 31 0 17)
#(3 32 0 61)
#(3 33 0 89)
#(3 34 1 36)
#(3 35 0 36)
#(3 36 0 12)
#(3 37 0 32)
#(3 38 0 34)
#(3 39 0 37)
#(3 40 0 18)
#(3 41 0 69)
#(3 42 0 77)
#(3 43 0 58)
#(3 44 0 42)
#(3 45 0 75)
#(3 46 1 48)
#(3 47 1 35)
#(3 48 1 7)
#(3 49 1 44)
#(3 50 0 55)
#(3 51 0 23)
#(3 52 0 75)
#(3 53 0 5)
#(3 54 1 55)
#(3 55 0 90)
#(3 56 0 68)
#(3 57 0 56)
#(3 58 1 95)
#(3 59 1 81)
#(3 60 0 56)
#(3 61 1 18)
#(3 62 1 11)
#(3 63 0 14)
#(3 64 1 72)
#(3 65 1 51)
#(3 66 0 79)
#(3 67 1 50)
#(3 68 1 68)
#(3 69 0 67)
#(4 1 0 57)
#(4 2 0 60)
#(4 3 1 17)
#(4 4 0 75)
#(4 5 0 52)
#(4 6 1 16)
#(4 7 1 45)
#(4 8 1 82)
#(4 9 0 91)
#(4 10 0 58)
#(4 11 0 15)
#(4 12 0 58)
#(4 13 0 52)
#(4 14 1 47)
#(4 15 0 58)
#(4 16 0 22)
#(4 17 0 24)
#(4 18 0 94)
#(4 19 0 52)
#(4 20 0 6)
#(4 21 0 45)
#(4 22 1 46)
#(4 23 1 41)
#(4 24 0 45)
#(4 25 0 52)
#(4 26 0 27)
#(4 27 0 13)
#(4 28 1 59)
#(4 29 1 3)
#(4 30 0 40)
#(4 31 1 97)
#(4 32 1 27)
#(4 33 1 75)
#(4 34 0 6)
#(4 35 0 89)
#(4 36 0 89)
#(4 37 1 70)
#(4 38 1 1)
#(4 39 1 77)
#(4 40 0 23)
#(4 41 0 41)
#(4 42 0 46)
#(4 43 0 28)
#(4 44 0 15)
#(4 45 0 9)
#(4 46 0 36)
#(4 47 0 23)
#(4 48 1 85)
#(4 49 0 76)
#(4 50 0 57)
#(4 51 1 66)
#(4 52 0 89)
#(4 53 0 0)
#(4 54 0 92)
#(4 55 1 38)
#(4 56 0 77)
#(4 57 1 56)
#(4 58 1 36)
#(4 59 1 83)
#(4 60 0 93)
#(4 61 0 53)
#(4 62 0 72)
#(4 63 0 12)
#(4 64 0 28)
#(4 65 0 9)
#(4 66 1 83)
#(4 67 0 55)
#(4 68 0 96)
#(4 69 1 68)
#(5 1 1 41)
#(5 2 1 2)
#(5 3 0 42)
#(5 4 1 71)
#(5 5 0 83)
#(5 6 0 84)
#(5 7 0 12)
#(5 8 0 11)
#(5 9 0 83)
#(5 10 1 69)
#(5 11 1 43)
#(5 12 0 26)
#(5 13 0 79)
#(5 14 0 63)
#(5 15 1 45)
#(5 16 0 31)
#(5 17 0 38)
#(5 18 1 18)
#(5 19 0 20)
#(5 20 1 95)
#(5 21 1 16)
#(5 22 1 59)
#(5 23 0 95)
#(5 24 1 26)
#(5 25 1 21)
#(5 26 1 70)
#(5 27 1 2)
#(5 28 0 72)
#(5 29 0 29)
#(5 30 0 64)
#(5 31 0 90)
#(5 32 0 20)
#(5 33 0 1)
#(5 34 0 87)
#(5 35 1 94)
#(5 36 0 5)
#(5 37 0 30)
#(5 38 0 37)
#(5 39 1 31)
#(5 40 0 22)
#(5 41 0 4)
#(5 42 1 29)
#(5 43 0 30)
#(5 44 0 84)
#(5 45 0 91)
#(5 46 1 8)
#(5 47 0 96)
#(5 48 1 73)
#(5 49 1 62)
#(5 50 1 80)
#(5 51 0 27)
#(5 52 0 86)
#(5 53 0 24)
#(5 54 0 51)
#(5 55 1 42)
#(5 56 0 5)
#(5 57 0 20)
#(5 58 0 30)
#(5 59 0 73)
#(5 60 1 59)
#(5 61 0 34)
#(5 62 0 51)
#(5 63 1 69)
#(5 64 1 66)
#(5 65 1 61)
#(5 66 0 44)
#(5 67 1 56)
#(5 68 1 78)
#(5 69 0 74)
#(6 1 0 79)
#(6 2 0 61)
#(6 3 0 92)
#(6 4 0 49)
#(6 5 0 81)
#(6 6 1 12)
#(6 7 0 6)
#(6 8 1 33)
#(6 9 0 89)
#(6 10 0 17)
#(6 11 0 14)
#(6 12 1 58)
#(6 13 1 57)
#(6 14 0 78)
#(6 15 1 12)
#(6 16 0 25)
#(6 17 1 0)
#(6 18 0 25)
#(6 19 1 40)
#(6 20 1 50)
#(6 21 1 29)
#(6 22 0 64)
#(6 23 1 56)
#(6 24 1 94)
#(6 25 0 95)
#(6 26 0 52)
#(6 27 1 69)
#(6 28 0 46)
#(6 29 0 76)
#(6 30 1 55)
#(6 31 1 39)
#(6 32 1 18)
#(6 33 1 96)
#(6 34 0 52)
#(6 35 0 93)
#(6 36 1 58)
#(6 37 0 95)
#(6 38 1 48)
#(6 39 0 66)
#(6 40 1 71)
#(6 41 0 53)
#(6 42 0 9)
#(6 43 1 6)
#(6 44 0 9)
#(6 45 0 26)
#(6 46 1 72)
#(6 47 1 83)
#(6 48 0 31)
#(6 49 0 77)
#(6 50 0 66)
#(6 51 0 38)
#(6 52 1 51)
#(6 53 0 84)
#(6 54 0 24)
#(6 55 1 76)
#(6 56 0 83)
#(6 57 0 19)
#(6 58 0 24)
#(6 59 0 85)
#(6 60 0 54)
#(6 61 0 75)
#(6 62 1 41)
#(6 63 0 58)
#(6 64 1 73)
#(6 65 0 40)
#(6 66 0 87)
#(6 67 0 75)
#(6 68 0 28)
#(6 69 1 97)
#(7 1 1 91)
#(7 2 0 59)
#(7 3 0 37)
#(7 4 0 56)
#(7 5 1 12)
#(7 6 1 10)
#(7 7 0 96)
#(7 8 1 66)
#(7 9 0 51)
#(7 10 0 17)
#(7 11 1 70)
#(7 12 1 40)
#(7 13 0 64)
#(7 14 0 87)
#(7 15 0 50)
#(7 16 1 26)
#(7 17 0 82)
#(7 18 0 24)
#(7 19 1 52)
#(7 20 0 8)
#(7 21 0 11)
#(7 22 0 68)
#(7 23 0 27)
#(7 24 1 24)
#(7 25 1 61)
#(7 26 0 72)
#(7 27 0 8)
#(7 28 0 29)
#(7 29 1 90)
#(7 30 1 47)
#(7 31 0 6)
#(7 32 0 57)
#(7 33 1 96)
#(7 34 1 19)
#(7 35 0 83)
#(7 36 0 46)
#(7 37 1 33)
#(7 38 1 55)
#(7 39 0 21)
#(7 40 1 24)
#(7 41 1 47)
#(7 42 0 40)
#(7 43 0 80)
#(7 44 0 79)
#(7 45 0 49)
#(7 46 1 0)
#(7 47 0 24)
#(7 48 1 46)
#(7 49 1 32)
#(7 50 0 77)
#(7 51 0 54)
#(7 52 0 52)
#(7 53 0 69)
#(7 54 0 97)
#(7 55 0 39)
#(7 56 0 34)
#(7 57 1 78)
#(7 58 1 58)
#(7 59 0 86)
#(7 60 1 76)
#(7 61 1 45)
#(7 62 1 91)
#(7 63 0 18)
#(7 64 1 9)
#(7 65 0 67)
#(7 66 0 70)
#(7 67 0 77)
#(7 68 0 73)
#(7 69 0 10)
#(8 1 0 36)
#(8 2 0 62)
#(8 3 1 15)
#(8 4 0 60)
#(8 5 0 24)
#(8 6 1 28)
#(8 7 0 14)
#(8 8 1 72)
#(8 9 1 83)
#(8 10 1 82)
#(8 11 0 79)
#(8 12 0 29)
#(8 13 1 2)
#(8 14 0 96)
#(8 15 0 18)
#(8 16 1 11)
#(8 17 1 30)
#(8 18 0 17)
#(8 19 0 4)
#(8 20 1 3)
#(8 21 0 17)
#(8 22 0 60)
#(8 23 0 39)
#(8 24 0 53)
#(8 25 0 93)
#(8 26 0 12)
#(8 27 0 89)
#(8 28 0 20)
#(8 29 0 6)
#(8 30 1 10)
#(8 31 0 20)
#(8 32 1 85)
#(8 33 0 17)
#(8 34 0 49)
#(8 35 1 44)
#(8 36 1 53)
#(8 37 0 32)
#(8 38 0 50)
#(8 39 0 6)
#(8 40 0 26)
#(8 41 0 39)
#(8 42 0 77)
#(8 43 1 9)
#(8 44 1 26)
#(8 45 0 88)
#(8 46 1 14)
#(8 47 1 41)
#(8 48 0 41)
#(8 49 0 77)
#(8 50 0 72)
#(8 51 0 7)
#(8 52 1 54)
#(8 53 0 97)
#(8 54 0 73)
#(8 55 1 88)
#(8 56 1 5)
#(8 57 0 0)
#(8 58 0 28)
#(8 59 1 8)
#(8 60 0 80)
#(8 61 1 77)
#(8 62 0 32)
#(8 63 0 53)
#(8 64 0 25)
#(8 65 0 78)
#(8 66 1 70)
#(8 67 1 53)
#(8 68 1 72)
#(8 69 1 9)
#(9 1 1 27)
#(9 2 1 92)
#(9 3 1 77)
#(9 4 0 79)
#(9 5 0 39)
#(9 6 0 89)
#(9 7 0 22)
#(9 8 0 12)
#(9 9 0 65)
#(9 10 1 46)
#(9 11 0 36)
#(9 12 0 7)
#(9 13 0 74)
#(9 14 0 96)
#(9 15 0 46)
#(9 16 0 39)
#(9 17 1 87)
#(9 18 1 22)
#(9 19 1 84)
#(9 20 1 1)
#(9 21 0 97)
#(9 22 0 32)
#(9 23 0 93)
#(9 24 0 30)
#(9 25 0 20)
#(9 26 1 16)
#(9 27 0 39)
#(9 28 0 81)
#(9 29 1 95)
#(9 30 0 95)
#(9 31 1 2)
#(9 32 0 77)
#(9 33 0 70)
#(9 34 0 55)
#(9 35 1 33)
#(9 36 0 77)
#(9 37 1 31)
#(9 38 0 7)
#(9 39 0 45)
#(9 40 0 18)
#(9 41 0 64)
#(9 42 0 89)
#(9 43 0 35)
#(9 44 0 68)
#(9 45 0 34)
#(9 46 0 48)
#(9 47 0 97)
#(9 48 0 35)
#(9 49 0 44)
#(9 50 0 76)
#(9 51 0 93)
#(9 52 0 41)
#(9 53 1 64)
#(9 54 1 8)
#(9 55 0 73)
#(9 56 0 41)
#(9 57 0 60)
#(9 58 0 24)
#(9 59 1 47)
#(9 60 0 55)
#(9 61 0 34)
#(9 62 0 29)
#(9 63 0 31)
#(9 64 1 76)
#(9 65 1 44)
#(9 66 0 4)
#(9 67 0 28)
#(9 68 0 34)
#(9 69 1 36)
#(10 1 1 52)
#(10 2 0 59)
#(10 3 0 36)
#(10 4 0 25)
#(10 5 0 33)
#(10 6 0 57)
#(10 7 0 47)
#(10 8 1 25)
#(10 9 1 11)
#(10 10 0 69)
#(10 11 0 28)
#(10 12 1 41)
#(10 13 0 85)
#(10 14 1 5)
#(10 15 0 53)
#(10 16 1 30)
#(10 17 0 98)
#(10 18 0 61)
#(10 19 1 98)
#(10 20 0 63)
#(10 21 0 3)
#(10 22 0 58)
#(10 23 0 11)
#(10 24 1 8)
#(10 25 0 41)
#(10 26 0 55)
#(10 27 1 7)
#(10 28 1 8)
#(10 29 0 89)
#(10 30 1 41)
#(10 31 0 75)
#(10 32 1 67)
#(10 33 0 29)
#(10 34 0 87)
#(10 35 1 16)
#(10 36 1 36)
#(10 37 0 30)
#(10 38 0 53)
#(10 39 0 42)
#(10 40 0 20)
#(10 41 0 97)
#(10 42 0 23)
#(10 43 0 27)
#(10 44 0 42)
#(10 45 0 55)
#(10 46 0 35)
#(10 47 0 14)
#(10 48 0 25)
#(10 49 0 54)
#(10 50 0 27)
#(10 51 1 3)
#(10 52 0 97)
#(10 53 0 44)
#(10 54 1 78)
#(10 55 0 84)
#(10 56 0 55)
#(10 57 0 97)
#(10 58 0 98)
#(10 59 1 23)
#(10 60 0 86)
#(10 61 1 46)
#(10 62 1 29)
#(10 63 0 73)
#(10 64 0 1)
#(10 65 0 79)
#(10 66 1 70)
#(10 67 1 85)
#(10 68 0 63)
#(10 69 0 54)
#(11 1 1 68)
#(11 2 0 66)
#(11 3 0 57)
#(11 4 0 92)
#(11 5 1 8)
#(11 6 0 52)
#(11 7 0 7)
#(11 8 0 61)
#(11 9 0 51)
#(11 10 0 27)
#(11 11 0 8)
#(11 12 0 96)
#(11 13 0 78)
#(11 14 0 84)
#(11 15 0 55)
#(11 16 1 85)
#(11 17 0 43)
#(11 18 0 96)
#(11 19 0 63)
#(11 20 0 11)
#(11 21 1 64)
#(11 22 0 26)
#(11 23 0 62)
#(11 24 0 49)
#(11 25 1 96)
#(11 26 0 92)
#(11 27 0 30)
#(11 28 1 37)
#(11 29 1 44)
#(11 30 0 42)
#(11 31 0 72)
#(11 32 1 37)
#(11 33 0 43)
#(11 34 1 72)
#(11 35 0 33)
#(11 36 0 88)
#(11 37 0 71)
#(11 38 0 1)
#(11 39 0 42)
#(11 40 0 77)
#(11 41 0 91)
#(11 42 0 34)
#(11 43 1 85)
#(11 44 0 43)
#(11 45 0 6)
#(11 46 0 58)
#(11 47 1 39)
#(11 48 0 22)
#(11 49 0 76)
#(11 50 0 47)
#(11 51 0 15)
#(11 52 1 43)
#(11 53 1 2)
#(11 54 0 5)
#(11 55 0 90)
#(11 56 0 7)
#(11 57 1 81)
#(11 58 0 58)
#(11 59 1 60)
#(11 60 0 9)
#(11 61 0 46)
#(11 62 1 62)
#(11 63 0 79)
#(11 64 0 39)
#(11 65 0 28)
#(11 66 0 9)
#(11 67 0 11)
#(11 68 1 44)
#(11 69 0 92)
#(12 1 1 37)
#(12 2 0 91)
#(12 3 0 23)
#(12 4 1 19)
#(12 5 1 45)
#(12 6 0 58)
#(12 7 0 40)
#(12 8 0 49)
#(12 9 1 94)
#(12 10 1 72)
#(12 11 0 28)
#(12 12 0 70)
#(12 13 0 26)
#(12 14 0 69)
#(12 15 0 21)
#(12 16 0 12)
#(12 17 1 84)
#(12 18 1 50)
#(12 19 0 70)
#(12 20 1 68)
#(12 21 0 57)
#(12 22 1 9)
#(12 23 0 76)
#(12 24 1 43)
#(12 25 1 34)
#(12 26 0 26)
#(12 27 1 45)
#(12 28 0 35)
#(12 29 1 94)
#(12 30 0 71)
#(12 31 0 69)
#(12 32 0 47)
#(12 33 0 16)
#(12 34 0 34)
#(12 35 0 42)
#(12 36 0 1)
#(12 37 0 0)
#(12 38 0 93)
#(12 39 0 36)
#(12 40 1 91)
#(12 41 1 20)
#(12 42 0 38)
#(12 43 0 27)
#(12 44 1 95)
#(12 45 1 55)
#(12 46 0 63)
#(12 47 0 91)
#(12 48 1 65)
#(12 49 0 6)
#(12 50 0 6)
#(12 51 1 74)
#(12 52 0 27)
#(12 53 0 53)
#(12 54 0 41)
#(12 55 1 25)
#(12 56 1 85)
#(12 57 0 26)
#(12 58 0 76)
#(12 59 1 82)
#(12 60 0 3)
#(12 61 1 20)
#(12 62 1 67)
#(12 63 1 38)
#(12 64 0 89)
#(12 65 0 20)
#(12 66 1 18)
#(12 67 0 1)
#(12 68 0 3)
#(12 69 0 49)
#(13 1 0 23)
#(13 2 0 66)
#(13 3 1 72)
#(13 4 0 37)
#(13 5 0 40)
#(13 6 0 62)
#(13 7 0 32)
#(13 8 0 52)
#(13 9 0 42)
#(13 10 1 87)
#(13 11 1 52)
#(13 12 0 37)
#(13 13 0 4)
#(13 14 0 0)
#(13 15 1 78)
#(13 16 1 34)
#(13 17 0 32)
#(13 18 0 95)
#(13 19 0 88)
#(13 20 0 67)
#(13 21 1 45)
#(13 22 0 64)
#(13 23 1 89)
#(13 24 1 74)
#(13 25 0 23)
#(13 26 0 18)
#(13 27 1 65)
#(13 28 1 32)
#(13 29 1 18)
#(13 30 0 13)
#(13 31 1 23)
#(13 32 0 63)
#(13 33 0 59)
#(13 34 0 74)
#(13 35 0 31)
#(13 36 1 80)
#(13 37 1 91)
#(13 38 0 10)
#(13 39 0 26)
#(13 40 0 19)
#(13 41 0 11)
#(13 42 0 28)
#(13 43 0 57)
#(13 44 1 96)
#(13 45 0 89)
#(13 46 0 57)
#(13 47 0 83)
#(13 48 1 86)
#(13 49 0 48)
#(13 50 0 69)
#(13 51 1 34)
#(13 52 1 62)
#(13 53 1 47)
#(13 54 0 61)
#(13 55 1 3)
#(13 56 0 2)
#(13 57 0 42)
#(13 58 1 36)
#(13 59 0 44)
#(13 60 1 22)
#(13 61 1 13)
#(13 62 1 94)
#(13 63 0 36)
#(13 64 0 65)
#(13 65 0 50)
#(13 66 1 51)
#(13 67 1 76)
#(13 68 0 84)
#(13 69 0 25)
#(14 1 0 9)
#(14 2 0 75)
#(14 3 0 55)
#(14 4 1 9)
#(14 5 1 40)
#(14 6 0 54)
#(14 7 0 14)
#(14 8 0 53)
#(14 9 1 8)
#(14 10 1 53)
#(14 11 0 84)
#(14 12 0 58)
#(14 13 0 62)
#(14 14 0 2)
#(14 15 0 25)
#(14 16 1 69)
#(14 17 0 94)
#(14 18 1 32)
#(14 19 0 71)
#(14 20 0 53)
#(14 21 1 57)
#(14 22 0 85)
#(14 23 1 71)
#(14 24 0 93)
#(14 25 0 34)
#(14 26 0 74)
#(14 27 0 89)
#(14 28 0 43)
#(14 29 1 0)
#(14 30 1 73)
#(14 31 1 83)
#(14 32 0 33)
#(14 33 0 15)
#(14 34 1 34)
#(14 35 1 5)
#(14 36 0 18)
#(14 37 1 9)
#(14 38 0 30)
#(14 39 0 6)
#(14 40 0 95)
#(14 41 0 95)
#(14 42 0 91)
#(14 43 1 19)
#(14 44 1 64)
#(14 45 1 62)
#(14 46 1 25)
#(14 47 1 43)
#(14 48 0 72)
#(14 49 0 53)
#(14 50 0 28)
#(14 51 0 87)
#(14 52 0 73)
#(14 53 1 1)
#(14 54 1 18)
#(14 55 1 12)
#(14 56 0 95)
#(14 57 0 95)
#(14 58 0 29)
#(14 59 0 66)
#(14 60 0 86)
#(14 61 1 27)
#(14 62 1 64)
#(14 63 0 38)
#(14 64 0 26)
#(14 65 0 88)
#(14 66 0 47)
#(14 67 0 10)
#(14 68 0 88)
#(14 69 0 43)
#(15 1 0 35)
#(15 2 0 83)
#(15 3 0 23)
#(15 4 0 11)
#(15 5 0 56)
#(15 6 1 35)
#(15 7 0 65)
#(15 8 0 76)
#(15 9 1 65)
#(15 10 1 62)
#(15 11 0 14)
#(15 12 0 42)
#(15 13 1 92)
#(15 14 0 8)
#(15 15 0 96)
#(15 16 0 68)
#(15 17 0 56)
#(15 18 0 90)
#(15 19 0 51)
#(15 20 1 44)
#(15 21 0 74)
#(15 22 0 27)
#(15 23 1 49)
#(15 24 0 61)
#(15 25 0 9)
#(15 26 0 82)
#(15 27 0 22)
#(15 28 0 95)
#(15 29 0 6)
#(15 30 1 10)
#(15 31 0 89)
#(15 32 0 81)
#(15 33 1 55)
#(15 34 0 82)
#(15 35 0 65)
#(15 36 1 80)
#(15 37 1 49)
#(15 38 1 11)
#(15 39 1 37)
#(15 40 0 14)
#(15 41 0 21)
#(15 42 0 97)
#(15 43 1 2)
#(15 44 1 48)
#(15 45 1 5)
#(15 46 0 3)
#(15 47 0 13)
#(15 48 1 13)
#(15 49 0 32)
#(15 50 0 69)
#(15 51 0 73)
#(15 52 0 96)
#(15 53 0 18)
#(15 54 1 39)
#(15 55 1 66)
#(15 56 1 92)
#(15 57 0 51)
#(15 58 0 98)
#(15 59 0 60)
#(15 60 0 43)
#(15 61 1 31)
#(15 62 0 51)
#(15 63 0 90)
#(15 64 1 7)
#(15 65 0 10)
#(15 66 1 19)
#(15 67 0 21)
#(15 68 0 79)
#(15 69 1 31)
#(16 1 0 44)
#(16 2 1 44)
#(16 3 0 86)
#(16 4 1 55)
#(16 5 0 72)
#(16 6 1 65)
#(16 7 0 36)
#(16 8 0 55)
#(16 9 0 30)
#(16 10 0 45)
#(16 11 0 12)
#(16 12 1 56)
#(16 13 0 37)
#(16 14 0 61)
#(16 15 0 95)
#(16 16 1 79)
#(16 17 0 67)
#(16 18 0 14)
#(16 19 0 38)
#(16 20 0 14)
#(16 21 0 14)
#(16 22 0 35)
#(16 23 1 33)
#(16 24 1 82)
#(16 25 1 25)
#(16 26 1 60)
#(16 27 1 98)
#(16 28 0 73)
#(16 29 0 65)
#(16 30 0 22)
#(16 31 1 68)
#(16 32 1 56)
#(16 33 0 82)
#(16 34 0 70)
#(16 35 1 40)
#(16 36 1 52)
#(16 37 0 75)
#(16 38 0 54)
#(16 39 1 66)
#(16 40 0 28)
#(16 41 0 34)
#(16 42 0 19)
#(16 43 0 86)
#(16 44 0 6)
#(16 45 1 55)
#(16 46 0 29)
#(16 47 1 11)
#(16 48 1 93)
#(16 49 0 51)
#(16 50 0 2)
#(16 51 1 36)
#(16 52 0 9)
#(16 53 1 27)
#(16 54 0 61)
#(16 55 1 46)
#(16 56 0 89)
#(16 57 1 37)
#(16 58 0 98)
#(16 59 0 3)
#(16 60 1 26)
#(16 61 0 63)
#(16 62 1 29)
#(16 63 1 58)
#(16 64 0 43)
#(16 65 0 64)
#(16 66 1 83)
#(16 67 1 6)
#(16 68 1 91)
#(16 69 1 52)
#(17 1 0 68)
#(17 2 1 41)
#(17 3 1 87)
#(17 4 0 76)
#(17 5 1 45)
#(17 6 0 35)
#(17 7 1 32)
#(17 8 0 24)
#(17 9 0 64)
#(17 10 1 65)
#(17 11 0 31)
#(17 12 0 19)
#(17 13 0 98)
#(17 14 1 55)
#(17 15 0 86)
#(17 16 1 56)
#(17 17 1 58)
#(17 18 1 47)
#(17 19 1 8)
#(17 20 1 95)
#(17 21 1 87)
#(17 22 0 32)
#(17 23 1 25)
#(17 24 0 45)
#(17 25 1 52)
#(17 26 0 96)
#(17 27 1 55)
#(17 28 0 87)
#(17 29 0 14)
#(17 30 0 79)
#(17 31 0 59)
#(17 32 0 12)
#(17 33 0 2)
#(17 34 1 73)
#(17 35 1 3)
#(17 36 1 88)
#(17 37 0 44)
#(17 38 0 88)
#(17 39 0 98)
#(17 40 0 74)
#(17 41 1 10)
#(17 42 0 84)
#(17 43 0 54)
#(17 44 0 16)
#(17 45 1 75)
#(17 46 1 44)
#(17 47 0 1)
#(17 48 0 12)
#(17 49 0 63)
#(17 50 0 19)
#(17 51 1 4)
#(17 52 1 21)
#(17 53 1 67)
#(17 54 0 82)
#(17 55 0 5)
#(17 56 1 95)
#(17 57 1 91)
#(17 58 0 81)
#(17 59 0 21)
#(17 60 0 12)
#(17 61 0 66)
#(17 62 0 28)
#(17 63 0 71)
#(17 64 0 66)
#(17 65 1 21)
#(17 66 0 77)
#(17 67 0 88)
#(17 68 0 45)
#(17 69 1 79)
#(18 1 0 97)
#(18 2 0 40)
#(18 3 0 89)
#(18 4 0 66)
#(18 5 1 74)
#(18 6 0 90)
#(18 7 0 67)
#(18 8 0 79)
#(18 9 1 92)
#(18 10 0 94)
#(18 11 0 98)
#(18 12 0 72)
#(18 13 1 17)
#(18 14 1 61)
#(18 15 0 92)
#(18 16 0 43)
#(18 17 0 89)
#(18 18 1 98)
#(18 19 0 29)
#(18 20 1 7)
#(18 21 0 98)
#(18 22 1 68)
#(18 23 1 71)
#(18 24 1 54)
#(18 25 1 12)
#(18 26 0 33)
#(18 27 1 92)
#(18 28 1 63)
#(18 29 0 94)
#(18 30 0 81)
#(18 31 1 68)
#(18 32 0 27)
#(18 33 0 46)
#(18 34 1 50)
#(18 35 0 42)
#(18 36 1 24)
#(18 37 0 16)
#(18 38 0 36)
#(18 39 1 56)
#(18 40 0 29)
#(18 41 0 23)
#(18 42 0 27)
#(18 43 0 36)
#(18 44 0 95)
#(18 45 0 51)
#(18 46 0 14)
#(18 47 0 10)
#(18 48 0 9)
#(18 49 0 91)
#(18 50 0 86)
#(18 51 1 96)
#(18 52 0 10)
#(18 53 0 85)
#(18 54 1 92)
#(18 55 1 29)
#(18 56 0 57)
#(18 57 0 44)
#(18 58 0 14)
#(18 59 0 16)
#(18 60 0 61)
#(18 61 0 32)
#(18 62 0 28)
#(18 63 1 55)
#(18 64 1 64)
#(18 65 1 79)
#(18 66 0 88)
#(18 67 1 65)
#(18 68 0 22)
#(18 69 0 0)
#(19 1 1 80)
#(19 2 0 40)
#(19 3 0 37)
#(19 4 0 8)
#(19 5 0 7)
#(19 6 1 9)
#(19 7 1 51)
#(19 8 0 93)
#(19 9 0 5)
#(19 10 1 78)
#(19 11 0 3)
#(19 12 1 32)
#(19 13 1 67)
#(19 14 0 13)
#(19 15 0 84)
#(19 16 0 20)
#(19 17 0 42)
#(19 18 1 40)
#(19 19 1 8)
#(19 20 0 66)
#(19 21 1 55)
#(19 22 0 24)
#(19 23 0 93)
#(19 24 0 34)
#(19 25 0 9)
#(19 26 0 29)
#(19 27 0 84)
#(19 28 0 69)
#(19 29 0 21)
#(19 30 0 47)
#(19 31 0 26)
#(19 32 0 68)
#(19 33 0 60)
#(19 34 0 73)
#(19 35 1 56)
#(19 36 1 10)
#(19 37 0 63)
#(19 38 0 41)
#(19 39 0 71)
#(19 40 1 10)
#(19 41 0 64)
#(19 42 0 33)
#(19 43 1 83)
#(19 44 0 82)
#(19 45 0 63)
#(19 46 0 14)
#(19 47 0 30)
#(19 48 1 29)
#(19 49 1 33)
#(19 50 0 52)
#(19 51 0 94)
#(19 52 0 54)
#(19 53 0 97)
#(19 54 0 1)
#(19 55 1 59)
#(19 56 0 77)
#(19 57 1 84)
#(19 58 0 15)
#(19 59 0 38)
#(19 60 0 97)
#(19 61 0 76)
#(19 62 0 43)
#(19 63 1 33)
#(19 64 1 95)
#(19 65 0 30)
#(19 66 1 75)
#(19 67 0 49)
#(19 68 0 48)
#(19 69 1 39)
#(20 1 0 93)
#(20 2 0 45)
#(20 3 1 16)
#(20 4 1 21)
#(20 5 0 68)
#(20 6 1 36)
#(20 7 0 87)
#(20 8 1 32)
#(20 9 1 37)
#(20 10 1 27)
#(20 11 0 33)
#(20 12 1 86)
#(20 13 0 25)
#(20 14 0 7)
#(20 15 0 43)
#(20 16 0 38)
#(20 17 0 92)
#(20 18 0 75)
#(20 19 1 86)
#(20 20 0 60)
#(20 21 0 46)
#(20 22 0 98)
#(20 23 1 65)
#(20 24 0 33)
#(20 25 0 22)
#(20 26 0 8)
#(20 27 0 87)
#(20 28 1 71)
#(20 29 1 9)
#(20 30 0 88)
#(20 31 0 89)
#(20 32 1 5)
#(20 33 1 90)
#(20 34 0 77)
#(20 35 1 60)
#(20 36 1 35)
#(20 37 1 10)
#(20 38 1 94)
#(20 39 0 36)
#(20 40 1 26)
#(20 41 0 27)
#(20 42 0 34)
#(20 43 1 4)
#(20 44 0 96)
#(20 45 1 76)
#(20 46 0 80)
#(20 47 0 86)
#(20 48 1 5)
#(20 49 0 87)
#(20 50 0 7)
#(20 51 0 84)
#(20 52 0 88)
#(20 53 1 87)
#(20 54 1 51)
#(20 55 1 27)
#(20 56 0 33)
#(20 57 0 35)
#(20 58 0 33)
#(20 59 0 4)
#(20 60 0 10)
#(20 61 0 87)
#(20 62 0 77)
#(20 63 1 66)
#(20 64 0 97)
#(20 65 0 67)
#(20 66 0 76)
#(20 67 0 28)
#(20 68 0 53)
#(20 69 0 98)
#(21 1 0 98)
#(21 2 0 65)
#(21 3 1 58)
#(21 4 0 62)
#(21 5 0 6)
#(21 6 1 55)
#(21 7 0 15)
#(21 8 1 51)
#(21 9 1 94)
#(21 10 1 29)
#(21 11 1 67)
#(21 12 0 34)
#(21 13 0 10)
#(21 14 1 55)
#(21 15 0 81)
#(21 16 1 86)
#(21 17 0 10)
#(21 18 1 51)
#(21 19 1 11)
#(21 20 0 6)
#(21 21 1 92)
#(21 22 1 14)
#(21 23 0 76)
#(21 24 1 13)
#(21 25 0 93)
#(21 26 0 13)
#(21 27 1 98)
#(21 28 1 42)
#(21 29 0 67)
#(21 30 0 77)
#(21 31 1 91)
#(21 32 0 11)
#(21 33 0 72)
#(21 34 0 73)
#(21 35 0 3)
#(21 36 0 16)
#(21 37 0 33)
#(21 38 0 55)
#(21 39 1 65)
#(21 40 0 20)
#(21 41 0 71)
#(21 42 0 14)
#(21 43 0 59)
#(21 44 1 73)
#(21 45 0 11)
#(21 46 1 41)
#(21 47 0 62)
#(21 48 0 55)
#(21 49 0 57)
#(21 50 0 8)
#(21 51 0 62)
#(21 52 0 47)
#(21 53 0 79)
#(21 54 0 69)
#(21 55 0 75)
#(21 56 0 29)
#(21 57 1 63)
#(21 58 0 37)
#(21 59 0 14)
#(21 60 1 19)
#(21 61 0 28)
#(21 62 0 91)
#(21 63 1 46)
#(21 64 0 92)
#(21 65 0 22)
#(21 66 0 75)
#(21 67 0 20)
#(21 68 1 29)
#(21 69 0 15)
#(22 1 0 62)
#(22 2 0 83)
#(22 3 0 97)
#(22 4 1 14)
#(22 5 0 9)
#(22 6 1 40)
#(22 7 1 1)
#(22 8 0 5)
#(22 9 0 64)
#(22 10 0 31)
#(22 11 0 66)
#(22 12 1 8)
#(22 13 0 73)
#(22 14 0 22)
#(22 15 0 8)
#(22 16 1 22)
#(22 17 0 5)
#(22 18 0 89)
#(22 19 1 10)
#(22 20 1 58)
#(22 21 0 8)
#(22 22 1 94)
#(22 23 0 7)
#(22 24 1 52)
#(22 25 0 64)
#(22 26 0 21)
#(22 27 0 28)
#(22 28 1 70)
#(22 29 0 69)
#(22 30 0 1)
#(22 31 0 22)
#(22 32 0 52)
#(22 33 0 93)
#(22 34 0 83)
#(22 35 0 91)
#(22 36 0 67)
#(22 37 1 64)
#(22 38 1 68)
#(22 39 0 54)
#(22 40 1 79)
#(22 41 0 67)
#(22 42 0 62)
#(22 43 0 86)
#(22 44 1 4)
#(22 45 0 69)
#(22 46 0 80)
#(22 47 0 37)
#(22 48 0 46)
#(22 49 1 62)
#(22 50 0 6)
#(22 51 0 62)
#(22 52 0 15)
#(22 53 0 73)
#(22 54 0 85)
#(22 55 1 73)
#(22 56 0 34)
#(22 57 1 5)
#(22 58 0 88)
#(22 59 0 25)
#(22 60 1 4)
#(22 61 0 40)
#(22 62 0 41)
#(22 63 0 21)
#(22 64 1 62)
#(22 65 1 5)
#(22 66 0 38)
#(22 67 1 69)
#(22 68 0 97)
#(22 69 0 84)
#(23 1 0 9)
#(23 2 0 23)
#(23 3 0 68)
#(23 4 1 82)
#(23 5 0 21)
#(23 6 0 22)
#(23 7 0 22)
#(23 8 0 21)
#(23 9 0 16)
#(23 10 0 78)
#(23 11 0 49)
#(23 12 0 43)
#(23 13 0 68)
#(23 14 0 63)
#(23 15 1 82)
#(23 16 1 0)
#(23 17 0 79)
#(23 18 1 16)
#(23 19 0 86)
#(23 20 1 69)
#(23 21 1 72)
#(23 22 0 36)
#(23 23 0 54)
#(23 24 1 75)
#(23 25 1 43)
#(23 26 1 17)
#(23 27 1 27)
#(23 28 1 12)
#(23 29 0 2)
#(23 30 0 57)
#(23 31 1 7)
#(23 32 0 41)
#(23 33 0 61)
#(23 34 0 87)
#(23 35 1 19)
#(23 36 0 28)
#(23 37 0 14)
#(23 38 1 2)
#(23 39 0 23)
#(23 40 1 40)
#(23 41 1 57)
#(23 42 0 86)
#(23 43 0 13)
#(23 44 0 84)
#(23 45 0 49)
#(23 46 0 19)
#(23 47 0 96)
#(23 48 0 40)
#(23 49 0 22)
#(23 50 0 62)
#(23 51 0 70)
#(23 52 0 17)
#(23 53 0 52)
#(23 54 0 89)
#(23 55 0 0)
#(23 56 0 15)
#(23 57 0 34)
#(23 58 1 40)
#(23 59 0 57)
#(23 60 1 22)
#(23 61 0 46)
#(23 62 0 57)
#(23 63 1 59)
#(23 64 0 90)
#(23 65 0 17)
#(23 66 1 76)
#(23 67 0 98)
#(23 68 0 27)
#(23 69 0 55)
#(24 1 0 73)
#(24 2 1 11)
#(24 3 0 40)
#(24 4 0 67)
#(24 5 0 70)
#(24 6 1 28)
#(24 7 0 57)
#(24 8 0 57)
#(24 9 1 42)
#(24 10 0 72)
#(24 11 1 23)
#(24 12 0 18)
#(24 13 0 91)
#(24 14 0 64)
#(24 15 0 94)
#(24 16 0 98)
#(24 17 1 61)
#(24 18 1 91)
#(24 19 0 25)
#(24 20 0 15)
#(24 21 0 69)
#(24 22 0 90)
#(24 23 0 2)
#(24 24 0 19)
#(24 25 0 1)
#(24 26 1 51)
#(24 27 1 38)
#(24 28 0 34)
#(24 29 0 58)
#(24 30 1 17)
#(24 31 0 51)
#(24 32 0 61)
#(24 33 1 37)
#(24 34 1 23)
#(24 35 0 65)
#(24 36 1 57)
#(24 37 0 62)
#(24 38 0 55)
#(24 39 0 93)
#(24 40 0 57)
#(24 41 0 67)
#(24 42 0 27)
#(24 43 0 70)
#(24 44 1 80)
#(24 45 1 85)
#(24 46 0 47)
#(24 47 0 42)
#(24 48 0 31)
#(24 49 1 61)
#(24 50 1 11)
#(24 51 0 96)
#(24 52 0 38)
#(24 53 0 62)
#(24 54 1 6)
#(24 55 1 61)
#(24 56 0 42)
#(24 57 0 8)
#(24 58 0 84)
#(24 59 0 8)
#(24 60 0 45)
#(24 61 0 48)
#(24 62 0 74)
#(24 63 0 88)
#(24 64 1 72)
#(24 65 1 90)
#(24 66 0 51)
#(24 67 0 53)
#(24 68 1 17)
#(24 69 0 7)
#(25 1 1 3)
#(25 2 0 35)
#(25 3 0 27)
#(25 4 0 81)
#(25 5 1 26)
#(25 6 0 38)
#(25 7 1 95)
#(25 8 1 4)
#(25 9 1 9)
#(25 10 0 21)
#(25 11 0 97)
#(25 12 0 47)
#(25 13 1 42)
#(25 14 0 61)
#(25 15 0 98)
#(25 16 0 7)
#(25 17 0 68)
#(25 18 0 68)
#(25 19 0 18)
#(25 20 0 94)
#(25 21 0 82)
#(25 22 1 53)
#(25 23 0 86)
#(25 24 1 48)
#(25 25 0 39)
#(25 26 0 42)
#(25 27 1 98)
#(25 28 1 12)
#(25 29 0 76)
#(25 30 1 21)
#(25 31 0 79)
#(25 32 0 82)
#(25 33 1 36)
#(25 34 0 11)
#(25 35 0 29)
#(25 36 0 82)
#(25 37 0 58)
#(25 38 0 82)
#(25 39 0 11)
#(25 40 0 79)
#(25 41 0 94)
#(25 42 1 77)
#(25 43 1 85)
#(25 44 0 66)
#(25 45 0 79)
#(25 46 0 45)
#(25 47 0 65)
#(25 48 0 8)
#(25 49 1 97)
#(25 50 0 88)
#(25 51 0 70)
#(25 52 1 85)
#(25 53 0 21)
#(25 54 0 81)
#(25 55 1 49)
#(25 56 0 4)
#(25 57 0 44)
#(25 58 0 45)
#(25 59 0 86)
#(25 60 1 58)
#(25 61 0 36)
#(25 62 0 73)
#(25 63 0 8)
#(25 64 1 43)
#(25 65 1 3)
#(25 66 0 38)
#(25 67 0 16)
#(25 68 1 59)
#(25 69 0 27)
#(26 1 1 49)
#(26 2 0 58)
#(26 3 0 45)
#(26 4 0 60)
#(26 5 0 17)
#(26 6 1 51)
#(26 7 0 18)
#(26 8 0 52)
#(26 9 0 40)
#(26 10 1 20)
#(26 11 0 84)
#(26 12 0 61)
#(26 13 0 46)
#(26 14 0 10)
#(26 15 1 64)
#(26 16 0 88)
#(26 17 0 7)
#(26 18 1 62)
#(26 19 0 96)
#(26 20 0 17)
#(26 21 1 4)
#(26 22 0 17)
#(26 23 0 93)
#(26 24 0 13)
#(26 25 1 35)
#(26 26 0 0)
#(26 27 0 85)
#(26 28 1 95)
#(26 29 0 45)
#(26 30 1 52)
#(26 31 0 5)
#(26 32 0 75)
#(26 33 1 93)
#(26 34 1 90)
#(26 35 0 80)
#(26 36 0 61)
#(26 37 0 17)
#(26 38 0 79)
#(26 39 0 43)
#(26 40 1 76)
#(26 41 0 98)
#(26 42 0 37)
#(26 43 1 7)
#(26 44 0 95)
#(26 45 0 11)
#(26 46 0 20)
#(26 47 0 42)
#(26 48 1 69)
#(26 49 0 33)
#(26 50 0 97)
#(26 51 0 49)
#(26 52 0 20)
#(26 53 0 72)
#(26 54 0 25)
#(26 55 0 41)
#(26 56 0 54)
#(26 57 1 17)
#(26 58 1 31)
#(26 59 0 39)
#(26 60 1 28)
#(26 61 0 22)
#(26 62 1 69)
#(26 63 0 49)
#(26 64 0 34)
#(26 65 0 17)
#(26 66 0 52)
#(26 67 0 88)
#(26 68 0 68)
#(26 69 1 56)
#(27 1 0 67)
#(27 2 0 43)
#(27 3 0 38)
#(27 4 0 56)
#(27 5 0 82)
#(27 6 0 48)
#(27 7 0 45)
#(27 8 0 14)
#(27 9 1 73)
#(27 10 0 53)
#(27 11 0 54)
#(27 12 1 53)
#(27 13 0 95)
#(27 14 0 68)
#(27 15 1 37)
#(27 16 1 42)
#(27 17 0 44)
#(27 18 0 62)
#(27 19 0 9)
#(27 20 1 94)
#(27 21 0 9)
#(27 22 1 90)
#(27 23 0 43)
#(27 24 0 0)
#(27 25 0 41)
#(27 26 0 12)
#(27 27 0 86)
#(27 28 0 37)
#(27 29 0 69)
#(27 30 0 92)
#(27 31 0 97)
#(27 32 0 70)
#(27 33 0 25)
#(27 34 1 12)
#(27 35 1 90)
#(27 36 0 84)
#(27 37 0 29)
#(27 38 1 64)
#(27 39 0 32)
#(27 40 1 84)
#(27 41 0 69)
#(27 42 0 77)
#(27 43 0 73)
#(27 44 0 81)
#(27 45 0 21)
#(27 46 0 0)
#(27 47 0 64)
#(27 48 0 65)
#(27 49 0 74)
#(27 50 0 53)
#(27 51 0 91)
#(27 52 0 23)
#(27 53 0 63)
#(27 54 0 19)
#(27 55 0 43)
#(27 56 1 46)
#(27 57 1 82)
#(27 58 0 94)
#(27 59 1 73)
#(27 60 1 75)
#(27 61 1 66)
#(27 62 0 59)
#(27 63 0 82)
#(27 64 1 35)
#(27 65 0 19)
#(27 66 0 8)
#(27 67 0 85)
#(27 68 0 53)
#(27 69 1 13)
#(28 1 0 2)
#(28 2 1 53)
#(28 3 0 13)
#(28 4 0 97)
#(28 5 1 86)
#(28 6 1 55)
#(28 7 0 2)
#(28 8 0 43)
#(28 9 1 20)
#(28 10 0 38)
#(28 11 0 94)
#(28 12 0 81)
#(28 13 0 78)
#(28 14 0 78)
#(28 15 1 67)
#(28 16 1 54)
#(28 17 0 68)
#(28 18 1 46)
#(28 19 1 95)
#(28 20 0 79)
#(28 21 1 79)
#(28 22 0 8)
#(28 23 1 76)
#(28 24 0 9)
#(28 25 0 51)
#(28 26 0 50)
#(28 27 1 73)
#(28 28 0 18)
#(28 29 0 38)
#(28 30 0 23)
#(28 31 0 40)
#(28 32 0 5)
#(28 33 0 25)
#(28 34 1 93)
#(28 35 1 36)
#(28 36 1 26)
#(28 37 1 11)
#(28 38 0 11)
#(28 39 0 53)
#(28 40 0 40)
#(28 41 0 43)
#(28 42 1 83)
#(28 43 0 53)
#(28 44 0 14)
#(28 45 1 19)
#(28 46 0 15)
#(28 47 1 67)
#(28 48 1 10)
#(28 49 1 39)
#(28 50 0 67)
#(28 51 0 94)
#(28 52 0 38)
#(28 53 0 71)
#(28 54 0 26)
#(28 55 0 47)
#(28 56 0 71)
#(28 57 0 96)
#(28 58 1 43)
#(28 59 1 84)
#(28 60 1 86)
#(28 61 0 75)
#(28 62 1 32)
#(28 63 0 41)
#(28 64 1 3)
#(28 65 1 74)
#(28 66 0 73)
#(28 67 0 56)
#(28 68 1 19)
#(28 69 0 41)
#(29 1 0 45)
#(29 2 0 27)
#(29 3 0 30)
#(29 4 0 63)
#(29 5 0 91)
#(29 6 0 33)
#(29 7 1 49)
#(29 8 0 49)
#(29 9 0 63)
#(29 10 0 17)
#(29 11 0 82)
#(29 12 0 4)
#(29 13 1 23)
#(29 14 0 82)
#(29 15 0 61)
#(29 16 0 50)
#(29 17 1 58)
#(29 18 1 23)
#(29 19 1 25)
#(29 20 0 90)
#(29 21 1 50)
#(29 22 1 7)
#(29 23 0 82)
#(29 24 1 97)
#(29 25 0 73)
#(29 26 0 26)
#(29 27 1 62)
#(29 28 0 42)
#(29 29 0 14)
#(29 30 0 74)
#(29 31 0 67)
#(29 32 0 42)
#(29 33 0 85)
#(29 34 1 1)
#(29 35 0 20)
#(29 36 0 9)
#(29 37 0 17)
#(29 38 0 11)
#(29 39 1 62)
#(29 40 0 40)
#(29 41 0 63)
#(29 42 0 78)
#(29 43 0 41)
#(29 44 1 52)
#(29 45 0 63)
#(29 46 0 87)
#(29 47 0 49)
#(29 48 0 56)
#(29 49 0 23)
#(29 50 0 59)
#(29 51 0 60)
#(29 52 0 19)
#(29 53 1 72)
#(29 54 0 90)
#(29 55 1 97)
#(29 56 0 53)
#(29 57 0 65)
#(29 58 1 9)
#(29 59 0 42)
#(29 60 0 81)
#(29 61 0 35)
#(29 62 0 54)
#(29 63 1 63)
#(29 64 0 7)
#(29 65 0 48)
#(29 66 0 88)
#(29 67 0 90)
#(29 68 0 34)
#(29 69 1 2)
#(30 1 0 91)
#(30 2 0 24)
#(30 3 0 88)
#(30 4 0 26)
#(30 5 0 15)
#(30 6 0 76)
#(30 7 1 60)
#(30 8 0 29)
#(30 9 0 56)
#(30 10 0 29)
#(30 11 1 97)
#(30 12 0 50)
#(30 13 0 49)
#(30 14 1 24)
#(30 15 0 8)
#(30 16 0 7)
#(30 17 1 12)
#(30 18 1 10)
#(30 19 0 46)
#(30 20 1 36)
#(30 21 1 42)
#(30 22 0 74)
#(30 23 1 36)
#(30 24 1 66)
#(30 25 0 10)
#(30 26 0 80)
#(30 27 0 19)
#(30 28 0 15)
#(30 29 1 19)
#(30 30 1 0)
#(30 31 0 28)
#(30 32 0 29)
#(30 33 1 79)
#(30 34 0 16)
#(30 35 0 63)
#(30 36 0 43)
#(30 37 0 53)
#(30 38 0 39)
#(30 39 0 76)
#(30 40 1 30)
#(30 41 0 0)
#(30 42 0 1)
#(30 43 1 85)
#(30 44 0 30)
#(30 45 0 60)
#(30 46 0 90)
#(30 47 0 93)
#(30 48 0 63)
#(30 49 0 4)
#(30 50 1 67)
#(30 51 0 57)
#(30 52 0 6)
#(30 53 0 45)
#(30 54 0 67)
#(30 55 1 94)
#(30 56 0 1)
#(30 57 1 20)
#(30 58 0 89)
#(30 59 0 55)
#(30 60 0 49)
#(30 61 0 44)
#(30 62 0 8)
#(30 63 0 53)
#(30 64 0 91)
#(30 65 0 71)
#(30 66 0 80)
#(30 67 0 88)
#(30 68 0 36)
#(30 69 1 62)
#(31 1 0 98)
#(31 2 0 48)
#(31 3 0 53)
#(31 4 1 72)
#(31 5 0 17)
#(31 6 0 91)
#(31 7 0 79)
#(31 8 0 6)
#(31 9 0 49)
#(31 10 0 29)
#(31 11 0 95)
#(31 12 0 8)
#(31 13 0 98)
#(31 14 1 79)
#(31 15 0 84)
#(31 16 1 44)
#(31 17 0 25)
#(31 18 0 69)
#(31 19 1 51)
#(31 20 1 66)
#(31 21 1 2)
#(31 22 0 3)
#(31 23 1 24)
#(31 24 0 59)
#(31 25 0 39)
#(31 26 0 5)
#(31 27 0 97)
#(31 28 1 77)
#(31 29 1 88)
#(31 30 1 43)
#(31 31 0 13)
#(31 32 0 70)
#(31 33 0 32)
#(31 34 0 57)
#(31 35 0 92)
#(31 36 1 73)
#(31 37 0 85)
#(31 38 0 29)
#(31 39 1 44)
#(31 40 0 32)
#(31 41 0 24)
#(31 42 1 0)
#(31 43 0 71)
#(31 44 0 61)
#(31 45 1 41)
#(31 46 0 81)
#(31 47 0 4)
#(31 48 1 50)
#(31 49 0 98)
#(31 50 0 5)
#(31 51 1 56)
#(31 52 1 92)
#(31 53 0 26)
#(31 54 1 5)
#(31 55 0 85)
#(31 56 1 66)
#(31 57 0 53)
#(31 58 1 97)
#(31 59 0 91)
#(31 60 1 63)
#(31 61 0 34)
#(31 62 0 85)
#(31 63 0 64)
#(31 64 0 96)
#(31 65 0 31)
#(31 66 1 91)
#(31 67 0 6)
#(31 68 1 66)
#(31 69 0 90)
#(32 1 0 64)
#(32 2 0 16)
#(32 3 0 37)
#(32 4 0 15)
#(32 5 0 76)
#(32 6 0 51)
#(32 7 0 1)
#(32 8 1 0)
#(32 9 0 2)
#(32 10 0 66)
#(32 11 1 55)
#(32 12 0 55)
#(32 13 0 5)
#(32 14 0 88)
#(32 15 0 0)
#(32 16 0 62)
#(32 17 1 33)
#(32 18 1 33)
#(32 19 0 44)
#(32 20 0 56)
#(32 21 1 78)
#(32 22 0 7)
#(32 23 0 21)
#(32 24 1 54)
#(32 25 0 9)
#(32 26 1 77)
#(32 27 0 12)
#(32 28 0 40)
#(32 29 0 35)
#(32 30 0 93)
#(32 31 0 37)
#(32 32 0 49)
#(32 33 0 50)
#(32 34 1 80)
#(32 35 1 11)
#(32 36 0 64)
#(32 37 0 90)
#(32 38 0 6)
#(32 39 0 96)
#(32 40 0 31)
#(32 41 0 58)
#(32 42 0 28)
#(32 43 0 53)
#(32 44 0 80)
#(32 45 0 90)
#(32 46 0 4)
#(32 47 1 49)
#(32 48 0 13)
#(32 49 0 83)
#(32 50 0 33)
#(32 51 0 58)
#(32 52 1 28)
#(32 53 0 62)
#(32 54 0 37)
#(32 55 0 61)
#(32 56 0 75)
#(32 57 1 19)
#(32 58 0 73)
#(32 59 0 19)
#(32 60 0 15)
#(32 61 0 88)
#(32 62 0 8)
#(32 63 1 64)
#(32 64 0 86)
#(32 65 1 79)
#(32 66 1 92)
#(32 67 0 97)
#(32 68 0 52)
#(32 69 0 31)
#(33 1 1 54)
#(33 2 1 8)
#(33 3 0 49)
#(33 4 0 91)
#(33 5 0 93)
#(33 6 1 87)
#(33 7 0 0)
#(33 8 0 75)
#(33 9 0 8)
#(33 10 0 12)
#(33 11 1 23)
#(33 12 0 95)
#(33 13 1 50)
#(33 14 1 85)
#(33 15 1 72)
#(33 16 1 91)
#(33 17 0 37)
#(33 18 0 35)
#(33 19 0 84)
#(33 20 1 31)
#(33 21 0 77)
#(33 22 1 69)
#(33 23 0 12)
#(33 24 0 10)
#(33 25 0 81)
#(33 26 0 20)
#(33 27 1 32)
#(33 28 0 74)
#(33 29 0 65)
#(33 30 0 95)
#(33 31 1 6)
#(33 32 0 67)
#(33 33 0 20)
#(33 34 0 62)
#(33 35 0 59)
#(33 36 1 28)
#(33 37 0 54)
#(33 38 0 27)
#(33 39 1 24)
#(33 40 1 78)
#(33 41 1 48)
#(33 42 0 21)
#(33 43 1 43)
#(33 44 0 98)
#(33 45 0 5)
#(33 46 0 69)
#(33 47 0 4)
#(33 48 1 26)
#(33 49 0 50)
#(33 50 0 77)
#(33 51 0 20)
#(33 52 0 4)
#(33 53 0 6)
#(33 54 0 96)
#(33 55 0 93)
#(33 56 0 82)
#(33 57 0 84)
#(33 58 0 0)
#(33 59 0 54)
#(33 60 1 90)
#(33 61 0 98)
#(33 62 1 65)
#(33 63 0 48)
#(33 64 1 1)
#(33 65 0 26)
#(33 66 1 67)
#(33 67 0 16)
#(33 68 0 68)
#(33 69 1 31)
#(34 1 0 55)
#(34 2 0 29)
#(34 3 0 47)
#(34 4 1 38)
#(34 5 1 66)
#(34 6 0 18)
#(34 7 0 84)
#(34 8 0 61)
#(34 9 0 97)
#(34 10 1 46)
#(34 11 0 52)
#(34 12 1 55)
#(34 13 1 74)
#(34 14 0 94)
#(34 15 1 85)
#(34 16 0 81)
#(34 17 1 71)
#(34 18 1 69)
#(34 19 1 8)
#(34 20 1 4)
#(34 21 0 66)
#(34 22 0 5)
#(34 23 0 52)
#(34 24 0 23)
#(34 25 0 73)
#(34 26 0 63)
#(34 27 0 37)
#(34 28 1 0)
#(34 29 1 37)
#(34 30 0 2)
#(34 31 0 4)
#(34 32 0 58)
#(34 33 1 3)
#(34 34 0 45)
#(34 35 1 16)
#(34 36 0 91)
#(34 37 1 7)
#(34 38 0 2)
#(34 39 1 1)
#(34 40 1 33)
#(34 41 0 9)
#(34 42 0 64)
#(34 43 0 20)
#(34 44 1 40)
#(34 45 1 58)
#(34 46 1 40)
#(34 47 0 94)
#(34 48 0 76)
#(34 49 1 90)
#(34 50 0 51)
#(34 51 0 23)
#(34 52 0 52)
#(34 53 0 32)
#(34 54 1 97)
#(34 55 0 12)
#(34 56 0 70)
#(34 57 1 58)
#(34 58 0 86)
#(34 59 1 85)
#(34 60 0 17)
#(34 61 0 54)
#(34 62 0 38)
#(34 63 0 55)
#(34 64 1 86)
#(34 65 0 87)
#(34 66 0 89)
#(34 67 1 86)
#(34 68 0 1)
#(34 69 0 6)
#(35 1 0 94)
#(35 2 0 71)
#(35 3 1 21)
#(35 4 0 16)
#(35 5 0 19)
#(35 6 0 3)
#(35 7 0 5)
#(35 8 0 31)
#(35 9 0 76)
#(35 10 1 20)
#(35 11 0 74)
#(35 12 1 86)
#(35 13 0 43)
#(35 14 0 45)
#(35 15 1 95)
#(35 16 0 52)
#(35 17 1 11)
#(35 18 0 29)
#(35 19 0 71)
#(35 20 1 24)
#(35 21 1 22)
#(35 22 1 82)
#(35 23 1 57)
#(35 24 1 48)
#(35 25 0 20)
#(35 26 0 36)
#(35 27 0 8)
#(35 28 0 88)
#(35 29 0 7)
#(35 30 1 31)
#(35 31 0 21)
#(35 32 1 95)
#(35 33 0 9)
#(35 34 0 46)
#(35 35 0 67)
#(35 36 0 64)
#(35 37 1 45)
#(35 38 0 88)
#(35 39 1 83)
#(35 40 1 2)
#(35 41 0 10)
#(35 42 1 48)
#(35 43 0 63)
#(35 44 0 62)
#(35 45 0 51)
#(35 46 0 36)
#(35 47 0 13)
#(35 48 0 58)
#(35 49 1 12)
#(35 50 1 82)
#(35 51 1 78)
#(35 52 0 52)
#(35 53 0 86)
#(35 54 0 42)
#(35 55 1 97)
#(35 56 0 1)
#(35 57 0 67)
#(35 58 0 45)
#(35 59 0 8)
#(35 60 1 47)
#(35 61 1 46)
#(35 62 1 25)
#(35 63 0 96)
#(35 64 0 65)
#(35 65 1 54)
#(35 66 1 67)
#(35 67 1 43)
#(35 68 0 9)
#(35 69 1 55)
#(36 1 0 83)
#(36 2 1 96)
#(36 3 1 59)
#(36 4 0 48)
#(36 5 0 18)
#(36 6 0 49)
#(36 7 0 50)
#(36 8 0 18)
#(36 9 0 97)
#(36 10 1 73)
#(36 11 1 1)
#(36 12 1 10)
#(36 13 0 5)
#(36 14 0 10)
#(36 15 0 46)
#(36 16 0 73)
#(36 17 0 27)
#(36 18 0 20)
#(36 19 0 82)
#(36 20 1 12)
#(36 21 0 79)
#(36 22 0 47)
#(36 23 1 83)
#(36 24 1 59)
#(36 25 0 0)
#(36 26 0 1)
#(36 27 1 73)
#(36 28 0 57)
#(36 29 0 69)
#(36 30 1 57)
#(36 31 1 17)
#(36 32 1 73)
#(36 33 1 58)
#(36 34 1 24)
#(36 35 1 68)
#(36 36 0 48)
#(36 37 0 93)
#(36 38 0 96)
#(36 39 1 96)
#(36 40 1 82)
#(36 41 0 86)
#(36 42 0 43)
#(36 43 0 31)
#(36 44 1 29)
#(36 45 1 35)
#(36 46 0 22)
#(36 47 0 93)
#(36 48 0 46)
#(36 49 0 49)
#(36 50 1 50)
#(36 51 0 6)
#(36 52 0 5)
#(36 53 1 71)
#(36 54 1 63)
#(36 55 0 48)
#(36 56 0 22)
#(36 57 0 25)
#(36 58 0 3)
#(36 59 0 87)
#(36 60 0 92)
#(36 61 0 93)
#(36 62 1 89)
#(36 63 0 97)
#(36 64 0 81)
#(36 65 0 1)
#(36 66 1 4)
#(36 67 0 85)
#(36 68 1 85)
#(36 69 0 68)
#(37 1 1 96)
#(37 2 0 72)
#(37 3 0 69)
#(37 4 1 60)
#(37 5 0 20)
#(37 6 1 98)
#(37 7 0 14)
#(37 8 0 7)
#(37 9 0 8)
#(37 10 1 62)
#(37 11 0 55)
#(37 12 0 96)
#(37 13 1 21)
#(37 14 0 7)
#(37 15 1 46)
#(37 16 1 56)
#(37 17 0 95)
#(37 18 0 91)
#(37 19 1 81)
#(37 20 1 13)
#(37 21 1 64)
#(37 22 1 45)
#(37 23 1 55)
#(37 24 1 42)
#(37 25 0 51)
#(37 26 1 55)
#(37 27 0 9)
#(37 28 1 6)
#(37 29 0 57)
#(37 30 0 4)
#(37 31 0 51)
#(37 32 1 93)
#(37 33 1 52)
#(37 34 1 10)
#(37 35 0 96)
#(37 36 0 44)
#(37 37 1 84)
#(37 38 1 75)
#(37 39 1 54)
#(37 40 0 54)
#(37 41 1 16)
#(37 42 0 15)
#(37 43 0 80)
#(37 44 0 77)
#(37 45 0 57)
#(37 46 0 54)
#(37 47 0 45)
#(37 48 0 63)
#(37 49 1 41)
#(37 50 0 64)
#(37 51 0 35)
#(37 52 0 48)
#(37 53 0 55)
#(37 54 1 43)
#(37 55 1 41)
#(37 56 1 41)
#(37 57 1 66)
#(37 58 0 67)
#(37 59 0 28)
#(37 60 1 88)
#(37 61 1 43)
#(37 62 0 23)
#(37 63 0 70)
#(37 64 0 27)
#(37 65 1 97)
#(37 66 0 58)
#(37 67 0 11)
#(37 68 1 20)
#(37 69 0 82)
#(38 1 0 10)
#(38 2 0 34)
#(38 3 0 47)
#(38 4 0 0)
#(38 5 1 46)
#(38 6 0 96)
#(38 7 1 93)
#(38 8 1 90)
#(38 9 0 79)
#(38 10 1 3)
#(38 11 1 26)
#(38 12 0 32)
#(38 13 1 38)
#(38 14 0 20)
#(38 15 0 42)
#(38 16 0 1)
#(38 17 0 48)
#(38 18 1 67)
#(38 19 1 43)
#(38 20 0 82)
#(38 21 0 90)
#(38 22 0 86)
#(38 23 1 17)
#(38 24 1 24)
#(38 25 1 46)
#(38 26 0 44)
#(38 27 0 13)
#(38 28 0 38)
#(38 29 1 71)
#(38 30 1 48)
#(38 31 0 49)
#(38 32 1 33)
#(38 33 1 0)
#(38 34 0 10)
#(38 35 1 49)
#(38 36 0 86)
#(38 37 1 54)
#(38 38 0 64)
#(38 39 0 46)
#(38 40 0 94)
#(38 41 0 32)
#(38 42 1 17)
#(38 43 0 24)
#(38 44 1 37)
#(38 45 1 53)
#(38 46 0 45)
#(38 47 1 15)
#(38 48 0 45)
#(38 49 0 39)
#(38 50 1 7)
#(38 51 0 41)
#(38 52 0 6)
#(38 53 0 86)
#(38 54 1 66)
#(38 55 0 77)
#(38 56 0 75)
#(38 57 0 92)
#(38 58 0 25)
#(38 59 0 82)
#(38 60 0 14)
#(38 61 0 19)
#(38 62 1 24)
#(38 63 0 13)
#(38 64 0 56)
#(38 65 1 93)
#(38 66 0 13)
#(38 67 0 96)
#(38 68 0 75)
#(38 69 0 28)
#(39 1 0 52)
#(39 2 0 53)
#(39 3 1 47)
#(39 4 0 66)
#(39 5 0 17)
#(39 6 0 47)
#(39 7 1 89)
#(39 8 1 89)
#(39 9 1 31)
#(39 10 0 1)
#(39 11 0 49)
#(39 12 1 67)
#(39 13 1 54)
#(39 14 1 21)
#(39 15 1 59)
#(39 16 0 75)
#(39 17 1 55)
#(39 18 0 57)
#(39 19 0 1)
#(39 20 1 49)
#(39 21 0 10)
#(39 22 0 82)
#(39 23 0 89)
#(39 24 1 18)
#(39 25 0 36)
#(39 26 1 79)
#(39 27 0 32)
#(39 28 0 17)
#(39 29 1 73)
#(39 30 1 16)
#(39 31 1 57)
#(39 32 1 65)
#(39 33 0 72)
#(39 34 0 1)
#(39 35 0 19)
#(39 36 0 42)
#(39 37 0 22)
#(39 38 0 85)
#(39 39 0 42)
#(39 40 0 66)
#(39 41 0 90)
#(39 42 0 76)
#(39 43 0 7)
#(39 44 1 42)
#(39 45 1 13)
#(39 46 0 28)
#(39 47 0 65)
#(39 48 0 20)
#(39 49 0 57)
#(39 50 0 59)
#(39 51 0 89)
#(39 52 1 34)
#(39 53 0 59)
#(39 54 1 25)
#(39 55 1 74)
#(39 56 0 93)
#(39 57 0 9)
#(39 58 0 98)
#(39 59 1 79)
#(39 60 0 20)
#(39 61 0 73)
#(39 62 0 45)
#(39 63 0 64)
#(39 64 0 15)
#(39 65 1 51)
#(39 66 0 15)
#(39 67 0 86)
#(39 68 0 60)
#(39 69 1 19)
#(40 1 1 44)
#(40 2 1 43)
#(40 3 0 63)
#(40 4 0 21)
#(40 5 0 17)
#(40 6 0 87)
#(40 7 0 49)
#(40 8 0 12)
#(40 9 1 63)
#(40 10 0 58)
#(40 11 0 19)
#(40 12 0 18)
#(40 13 0 37)
#(40 14 1 87)
#(40 15 0 94)
#(40 16 1 41)
#(40 17 0 67)
#(40 18 0 56)
#(40 19 0 65)
#(40 20 1 45)
#(40 21 0 16)
#(40 22 0 63)
#(40 23 0 55)
#(40 24 0 20)
#(40 25 0 3)
#(40 26 0 40)
#(40 27 0 39)
#(40 28 0 19)
#(40 29 0 66)
#(40 30 0 63)
#(40 31 0 18)
#(40 32 0 76)
#(40 33 1 80)
#(40 34 0 38)
#(40 35 0 66)
#(40 36 0 31)
#(40 37 0 75)
#(40 38 0 9)
#(40 39 0 86)
#(40 40 0 40)
#(40 41 0 6)
#(40 42 1 14)
#(40 43 1 46)
#(40 44 0 82)
#(40 45 0 53)
#(40 46 0 96)
#(40 47 1 23)
#(40 48 0 5)
#(40 49 0 11)
#(40 50 0 72)
#(40 51 0 57)
#(40 52 0 20)
#(40 53 0 20)
#(40 54 0 24)
#(40 55 0 80)
#(40 56 0 52)
#(40 57 0 66)
#(40 58 0 35)
#(40 59 0 8)
#(40 60 1 28)
#(40 61 0 86)
#(40 62 0 72)
#(40 63 1 91)
#(40 64 1 71)
#(40 65 0 73)
#(40 66 0 1)
#(40 67 1 45)
#(40 68 0 85)
#(40 69 0 91)
#(41 1 0 26)
#(41 2 1 24)
#(41 3 1 14)
#(41 4 0 57)
#(41 5 0 13)
#(41 6 1 97)
#(41 7 1 73)
#(41 8 0 74)
#(41 9 0 3)
#(41 10 0 6)
#(41 11 1 72)
#(41 12 1 30)
#(41 13 1 94)
#(41 14 0 31)
#(41 15 1 84)
#(41 16 1 6)
#(41 17 0 34)
#(41 18 1 77)
#(41 19 0 62)
#(41 20 0 80)
#(41 21 0 29)
#(41 22 0 14)
#(41 23 1 96)
#(41 24 0 23)
#(41 25 0 23)
#(41 26 0 41)
#(41 27 0 51)
#(41 28 1 7)
#(41 29 0 83)
#(41 30 0 43)
#(41 31 1 84)
#(41 32 0 17)
#(41 33 1 48)
#(41 34 1 96)
#(41 35 0 65)
#(41 36 1 14)
#(41 37 1 22)
#(41 38 0 72)
#(41 39 0 93)
#(41 40 0 71)
#(41 41 0 20)
#(41 42 0 87)
#(41 43 0 59)
#(41 44 0 24)
#(41 45 0 51)
#(41 46 0 45)
#(41 47 0 8)
#(41 48 1 70)
#(41 49 1 81)
#(41 50 1 11)
#(41 51 1 48)
#(41 52 0 89)
#(41 53 1 79)
#(41 54 1 14)
#(41 55 0 72)
#(41 56 0 10)
#(41 57 0 29)
#(41 58 1 46)
#(41 59 1 14)
#(41 60 0 89)
#(41 61 0 95)
#(41 62 0 6)
#(41 63 0 53)
#(41 64 0 71)
#(41 65 0 91)
#(41 66 1 13)
#(41 67 0 53)
#(41 68 0 60)
#(41 69 0 5)
#(42 1 0 77)
#(42 2 1 57)
#(42 3 1 64)
#(42 4 0 70)
#(42 5 0 68)
#(42 6 0 23)
#(42 7 1 95)
#(42 8 0 59)
#(42 9 0 43)
#(42 10 0 31)
#(42 11 1 30)
#(42 12 0 71)
#(42 13 0 95)
#(42 14 1 90)
#(42 15 0 0)
#(42 16 1 88)
#(42 17 0 94)
#(42 18 0 24)
#(42 19 0 66)
#(42 20 0 46)
#(42 21 0 58)
#(42 22 1 15)
#(42 23 0 90)
#(42 24 0 8)
#(42 25 0 27)
#(42 26 0 72)
#(42 27 1 27)
#(42 28 1 35)
#(42 29 1 97)
#(42 30 1 7)
#(42 31 0 91)
#(42 32 0 54)
#(42 33 1 51)
#(42 34 1 44)
#(42 35 0 80)
#(42 36 1 82)
#(42 37 0 22)
#(42 38 1 27)
#(42 39 1 49)
#(42 40 1 96)
#(42 41 1 60)
#(42 42 0 59)
#(42 43 1 60)
#(42 44 0 59)
#(42 45 1 4)
#(42 46 0 54)
#(42 47 1 57)
#(42 48 1 6)
#(42 49 0 63)
#(42 50 0 62)
#(42 51 0 25)
#(42 52 0 31)
#(42 53 0 83)
#(42 54 0 2)
#(42 55 1 9)
#(42 56 0 77)
#(42 57 0 18)
#(42 58 1 23)
#(42 59 1 8)
#(42 60 0 25)
#(42 61 0 50)
#(42 62 0 81)
#(42 63 1 61)
#(42 64 1 54)
#(42 65 0 24)
#(42 66 1 80)
#(42 67 0 42)
#(42 68 0 14)
#(42 69 0 40)
#(43 1 0 41)
#(43 2 0 20)
#(43 3 0 89)
#(43 4 0 60)
#(43 5 1 67)
#(43 6 0 68)
#(43 7 0 10)
#(43 8 0 85)
#(43 9 1 13)
#(43 10 0 63)
#(43 11 1 44)
#(43 12 0 66)
#(43 13 0 78)
#(43 14 0 73)
#(43 15 0 30)
#(43 16 0 91)
#(43 17 0 70)
#(43 18 0 55)
#(43 19 0 2)
#(43 20 0 9)
#(43 21 1 58)
#(43 22 0 24)
#(43 23 0 86)
#(43 24 0 35)
#(43 25 0 58)
#(43 26 0 48)
#(43 27 0 60)
#(43 28 0 92)
#(43 29 0 39)
#(43 30 0 75)
#(43 31 0 3)
#(43 32 0 3)
#(43 33 0 58)
#(43 34 0 29)
#(43 35 0 29)
#(43 36 0 94)
#(43 37 0 38)
#(43 38 0 81)
#(43 39 0 70)
#(43 40 0 22)
#(43 41 1 4)
#(43 42 1 98)
#(43 43 0 30)
#(43 44 1 26)
#(43 45 1 11)
#(43 46 1 37)
#(43 47 0 91)
#(43 48 1 45)
#(43 49 0 47)
#(43 50 0 76)
#(43 51 0 98)
#(43 52 0 67)
#(43 53 0 6)
#(43 54 1 27)
#(43 55 1 69)
#(43 56 0 93)
#(43 57 1 47)
#(43 58 0 52)
#(43 59 1 11)
#(43 60 0 24)
#(43 61 1 72)
#(43 62 1 50)
#(43 63 0 42)
#(43 64 1 70)
#(43 65 0 41)
#(43 66 1 53)
#(43 67 0 7)
#(43 68 1 85)
#(43 69 0 23)
#(44 1 0 66)
#(44 2 1 84)
#(44 3 0 2)
#(44 4 1 0)
#(44 5 1 90)
#(44 6 0 73)
#(44 7 0 12)
#(44 8 0 39)
#(44 9 1 70)
#(44 10 0 5)
#(44 11 1 60)
#(44 12 0 98)
#(44 13 1 85)
#(44 14 1 6)
#(44 15 0 51)
#(44 16 1 87)
#(44 17 1 84)
#(44 18 0 17)
#(44 19 0 85)
#(44 20 0 35)
#(44 21 0 20)
#(44 22 1 63)
#(44 23 0 84)
#(44 24 0 67)
#(44 25 0 38)
#(44 26 0 81)
#(44 27 1 7)
#(44 28 0 90)
#(44 29 0 36)
#(44 30 1 88)
#(44 31 1 40)
#(44 32 0 27)
#(44 33 1 73)
#(44 34 1 20)
#(44 35 1 18)
#(44 36 0 13)
#(44 37 0 88)
#(44 38 1 65)
#(44 39 0 26)
#(44 40 0 2)
#(44 41 0 85)
#(44 42 1 57)
#(44 43 0 80)
#(44 44 1 60)
#(44 45 0 33)
#(44 46 1 11)
#(44 47 0 74)
#(44 48 1 67)
#(44 49 0 92)
#(44 50 0 58)
#(44 51 0 46)
#(44 52 0 41)
#(44 53 0 85)
#(44 54 0 46)
#(44 55 1 93)
#(44 56 0 21)
#(44 57 0 2)
#(44 58 0 47)
#(44 59 1 17)
#(44 60 1 43)
#(44 61 1 7)
#(44 62 1 97)
#(44 63 0 82)
#(44 64 0 18)
#(44 65 0 0)
#(44 66 0 22)
#(44 67 0 96)
#(44 68 0 20)
#(44 69 0 80)
#(45 1 0 97)
#(45 2 0 25)
#(45 3 1 32)
#(45 4 1 96)
#(45 5 0 27)
#(45 6 0 92)
#(45 7 0 96)
#(45 8 0 92)
#(45 9 0 2)
#(45 10 1 8)
#(45 11 0 28)
#(45 12 0 3)
#(45 13 0 29)
#(45 14 1 78)
#(45 15 0 13)
#(45 16 0 45)
#(45 17 0 52)
#(45 18 0 4)
#(45 19 1 49)
#(45 20 1 6)
#(45 21 0 94)
#(45 22 1 24)
#(45 23 0 88)
#(45 24 0 38)
#(45 25 1 34)
#(45 26 1 11)
#(45 27 0 65)
#(45 28 0 88)
#(45 29 0 98)
#(45 30 1 46)
#(45 31 1 14)
#(45 32 0 17)
#(45 33 0 12)
#(45 34 0 56)
#(45 35 1 33)
#(45 36 1 1)
#(45 37 0 93)
#(45 38 0 52)
#(45 39 1 85)
#(45 40 0 77)
#(45 41 0 49)
#(45 42 0 3)
#(45 43 0 65)
#(45 44 0 75)
#(45 45 1 11)
#(45 46 1 65)
#(45 47 1 34)
#(45 48 0 47)
#(45 49 0 40)
#(45 50 0 2)
#(45 51 1 13)
#(45 52 1 50)
#(45 53 0 84)
#(45 54 0 56)
#(45 55 1 16)
#(45 56 0 18)
#(45 57 1 11)
#(45 58 0 88)
#(45 59 0 98)
#(45 60 0 39)
#(45 61 0 26)
#(45 62 0 33)
#(45 63 0 81)
#(45 64 0 79)
#(45 65 0 69)
#(45 66 0 29)
#(45 67 0 63)
#(45 68 1 70)
#(45 69 1 73)
#(46 1 1 43)
#(46 2 0 22)
#(46 3 0 80)
#(46 4 0 4)
#(46 5 0 36)
#(46 6 1 13)
#(46 7 1 63)
#(46 8 0 4)
#(46 9 0 6)
#(46 10 0 67)
#(46 11 0 22)
#(46 12 0 72)
#(46 13 1 37)
#(46 14 0 73)
#(46 15 1 36)
#(46 16 1 81)
#(46 17 0 73)
#(46 18 1 85)
#(46 19 0 58)
#(46 20 0 26)
#(46 21 1 50)
#(46 22 1 92)
#(46 23 1 58)
#(46 24 1 75)
#(46 25 0 81)
#(46 26 1 2)
#(46 27 0 54)
#(46 28 1 49)
#(46 29 0 97)
#(46 30 0 57)
#(46 31 1 79)
#(46 32 1 82)
#(46 33 0 59)
#(46 34 0 52)
#(46 35 1 35)
#(46 36 1 29)
#(46 37 0 82)
#(46 38 1 91)
#(46 39 0 14)
#(46 40 0 18)
#(46 41 0 82)
#(46 42 0 17)
#(46 43 0 19)
#(46 44 1 74)
#(46 45 0 78)
#(46 46 0 71)
#(46 47 1 49)
#(46 48 1 75)
#(46 49 1 4)
#(46 50 1 19)
#(46 51 0 15)
#(46 52 1 44)
#(46 53 0 36)
#(46 54 0 81)
#(46 55 1 19)
#(46 56 0 74)
#(46 57 0 1)
#(46 58 0 75)
#(46 59 0 48)
#(46 60 0 67)
#(46 61 1 88)
#(46 62 1 65)
#(46 63 0 55)
#(46 64 1 25)
#(46 65 0 9)
#(46 66 0 30)
#(46 67 1 11)
#(46 68 0 49)
#(46 69 1 14)
#(47 1 1 79)
#(47 2 0 3)
#(47 3 0 90)
#(47 4 0 43)
#(47 5 0 16)
#(47 6 1 81)
#(47 7 0 16)
#(47 8 0 90)
#(47 9 0 36)
#(47 10 0 73)
#(47 11 1 37)
#(47 12 0 20)
#(47 13 0 25)
#(47 14 1 46)
#(47 15 0 21)
#(47 16 1 54)
#(47 17 0 88)
#(47 18 1 58)
#(47 19 0 84)
#(47 20 0 33)
#(47 21 1 73)
#(47 22 0 16)
#(47 23 1 26)
#(47 24 1 32)
#(47 25 0 22)
#(47 26 1 45)
#(47 27 0 6)
#(47 28 0 48)
#(47 29 1 3)
#(47 30 0 22)
#(47 31 1 33)
#(47 32 0 19)
#(47 33 0 14)
#(47 34 0 84)
#(47 35 0 35)
#(47 36 1 18)
#(47 37 1 43)
#(47 38 0 43)
#(47 39 0 23)
#(47 40 1 38)
#(47 41 0 4)
#(47 42 0 24)
#(47 43 1 88)
#(47 44 0 28)
#(47 45 0 39)
#(47 46 0 85)
#(47 47 1 37)
#(47 48 0 63)
#(47 49 1 93)
#(47 50 0 96)
#(47 51 0 8)
#(47 52 0 32)
#(47 53 0 15)
#(47 54 1 23)
#(47 55 0 82)
#(47 56 1 31)
#(47 57 0 36)
#(47 58 0 23)
#(47 59 1 63)
#(47 60 1 41)
#(47 61 0 15)
#(47 62 0 70)
#(47 63 0 89)
#(47 64 0 54)
#(47 65 0 10)
#(47 66 0 76)
#(47 67 1 0)
#(47 68 0 58)
#(47 69 0 57)
#(48 1 0 46)
#(48 2 0 11)
#(48 3 1 11)
#(48 4 1 85)
#(48 5 0 13)
#(48 6 0 5)
#(48 7 0 88)
#(48 8 1 98)
#(48 9 1 44)
#(48 10 0 63)
#(48 11 1 82)
#(48 12 0 13)
#(48 13 0 75)
#(48 14 1 18)
#(48 15 0 59)
#(48 16 0 68)
#(48 17 0 27)
#(48 18 0 50)
#(48 19 1 55)
#(48 20 0 9)
#(48 21 0 12)
#(48 22 1 39)
#(48 23 0 33)
#(48 24 0 42)
#(48 25 0 11)
#(48 26 1 2)
#(48 27 1 13)
#(48 28 0 15)
#(48 29 1 62)
#(48 30 0 73)
#(48 31 0 96)
#(48 32 1 67)
#(48 33 1 89)
#(48 34 1 43)
#(48 35 0 85)
#(48 36 0 35)
#(48 37 1 33)
#(48 38 0 35)
#(48 39 1 65)
#(48 40 0 33)
#(48 41 0 39)
#(48 42 0 57)
#(48 43 1 30)
#(48 44 0 12)
#(48 45 0 28)
#(48 46 0 18)
#(48 47 0 17)
#(48 48 0 75)
#(48 49 1 85)
#(48 50 0 14)
#(48 51 1 54)
#(48 52 1 77)
#(48 53 0 26)
#(48 54 1 58)
#(48 55 0 65)
#(48 56 0 51)
#(48 57 0 36)
#(48 58 0 77)
#(48 59 0 24)
#(48 60 0 73)
#(48 61 1 24)
#(48 62 1 91)
#(48 63 1 36)
#(48 64 0 15)
#(48 65 0 98)
#(48 66 0 15)
#(48 67 1 96)
#(48 68 1 60)
#(48 69 0 68)
#(49 1 1 60)
#(49 2 0 83)
#(49 3 1 88)
#(49 4 1 45)
#(49 5 1 72)
#(49 6 0 76)
#(49 7 0 44)
#(49 8 0 71)
#(49 9 1 16)
#(49 10 1 87)
#(49 11 0 7)
#(49 12 1 90)
#(49 13 0 82)
#(49 14 0 0)
#(49 15 0 77)
#(49 16 0 54)
#(49 17 0 45)
#(49 18 0 4)
#(49 19 0 76)
#(49 20 1 96)
#(49 21 1 26)
#(49 22 1 75)
#(49 23 0 33)
#(49 24 1 93)
#(49 25 0 89)
#(49 26 0 63)
#(49 27 0 90)
#(49 28 0 23)
#(49 29 0 63)
#(49 30 0 42)
#(49 31 0 51)
#(49 32 0 35)
#(49 33 0 58)
#(49 34 0 37)
#(49 35 0 69)
#(49 36 0 73)
#(49 37 0 98)
#(49 38 0 36)
#(49 39 0 6)
#(49 40 1 23)
#(49 41 0 38)
#(49 42 0 20)
#(49 43 0 34)
#(49 44 0 26)
#(49 45 0 54)
#(49 46 0 50)
#(49 47 0 39)
#(49 48 0 54)
#(49 49 0 58)
#(49 50 0 95)
#(49 51 0 35)
#(49 52 0 37)
#(49 53 0 63)
#(49 54 1 57)
#(49 55 1 62)
#(49 56 0 35)
#(49 57 0 65)
#(49 58 0 86)
#(49 59 0 73)
#(49 60 1 51)
#(49 61 1 3)
#(49 62 0 16)
#(49 63 0 32)
#(49 64 0 37)
#(49 65 1 10)
#(49 66 0 98)
#(49 67 0 9)
#(49 68 0 68)
#(49 69 1 34)
#(50 1 0 71)
#(50 2 0 26)
#(50 3 0 47)
#(50 4 1 55)
#(50 5 1 24)
#(50 6 0 35)
#(50 7 0 52)
#(50 8 0 22)
#(50 9 0 44)
#(50 10 1 2)
#(50 11 1 74)
#(50 12 0 57)
#(50 13 0 51)
#(50 14 0 52)
#(50 15 0 63)
#(50 16 0 37)
#(50 17 0 40)
#(50 18 1 4)
#(50 19 1 52)
#(50 20 1 76)
#(50 21 1 96)
#(50 22 1 93)
#(50 23 0 64)
#(50 24 1 78)
#(50 25 1 54)
#(50 26 0 42)
#(50 27 0 56)
#(50 28 0 23)
#(50 29 0 66)
#(50 30 0 66)
#(50 31 0 42)
#(50 32 1 66)
#(50 33 0 34)
#(50 34 1 74)
#(50 35 0 18)
#(50 36 0 40)
#(50 37 1 95)
#(50 38 0 14)
#(50 39 1 12)
#(50 40 1 84)
#(50 41 0 14)
#(50 42 0 56)
#(50 43 1 7)
#(50 44 0 84)
#(50 45 1 50)
#(50 46 1 23)
#(50 47 1 27)
#(50 48 0 81)
#(50 49 0 68)
#(50 50 0 40)
#(50 51 0 15)
#(50 52 1 55)
#(50 53 0 61)
#(50 54 1 22)
#(50 55 0 3)
#(50 56 0 58)
#(50 57 1 23)
#(50 58 0 41)
#(50 59 0 63)
#(50 60 0 77)
#(50 61 0 35)
#(50 62 0 44)
#(50 63 0 19)
#(50 64 0 94)
#(50 65 0 18)
#(50 66 1 1)
#(50 67 1 15)
#(50 68 1 45)
#(50 69 0 72)
#(51 1 0 61)
#(51 2 0 65)
#(51 3 0 1)
#(51 4 1 30)
#(51 5 0 14)
#(51 6 0 59)
#(51 7 0 78)
#(51 8 1 75)
#(51 9 0 95)
#(51 10 0 46)
#(51 11 0 94)
#(51 12 0 83)
#(51 13 0 0)
#(51 14 1 15)
#(51 15 0 55)
#(51 16 0 29)
#(51 17 1 83)
#(51 18 0 61)
#(51 19 1 35)
#(51 20 1 12)
#(51 21 0 38)
#(51 22 0 52)
#(51 23 0 8)
#(51 24 0 88)
#(51 25 0 36)
#(51 26 0 18)
#(51 27 0 66)
#(51 28 0 48)
#(51 29 0 91)
#(51 30 0 38)
#(51 31 0 16)
#(51 32 0 2)
#(51 33 1 21)
#(51 34 1 48)
#(51 35 0 59)
#(51 36 0 64)
#(51 37 1 93)
#(51 38 0 54)
#(51 39 0 16)
#(51 40 0 65)
#(51 41 0 74)
#(51 42 0 42)
#(51 43 0 42)
#(51 44 1 72)
#(51 45 0 75)
#(51 46 0 49)
#(51 47 1 16)
#(51 48 0 74)
#(51 49 0 94)
#(51 50 0 13)
#(51 51 0 65)
#(51 52 0 70)
#(51 53 1 44)
#(51 54 0 6)
#(51 55 0 94)
#(51 56 1 19)
#(51 57 0 91)
#(51 58 0 53)
#(51 59 0 46)
#(51 60 0 90)
#(51 61 1 56)
#(51 62 0 54)
#(51 63 0 13)
#(51 64 0 50)
#(51 65 1 0)
#(51 66 0 55)
#(51 67 0 73)
#(51 68 0 81)
#(51 69 1 44)
#(52 1 0 54)
#(52 2 1 66)
#(52 3 0 3)
#(52 4 0 58)
#(52 5 1 3)
#(52 6 0 82)
#(52 7 1 39)
#(52 8 0 72)
#(52 9 0 20)
#(52 10 0 60)
#(52 11 0 58)
#(52 12 0 31)
#(52 13 0 50)
#(52 14 0 27)
#(52 15 1 60)
#(52 16 0 53)
#(52 17 0 77)
#(52 18 1 95)
#(52 19 0 71)
#(52 20 0 20)
#(52 21 0 59)
#(52 22 1 3)
#(52 23 0 86)
#(52 24 1 42)
#(52 25 0 63)
#(52 26 0 75)
#(52 27 0 19)
#(52 28 0 86)
#(52 29 0 48)
#(52 30 0 5)
#(52 31 0 56)
#(52 32 1 82)
#(52 33 0 9)
#(52 34 1 85)
#(52 35 0 14)
#(52 36 0 91)
#(52 37 0 73)
#(52 38 0 22)
#(52 39 0 1)
#(52 40 0 85)
#(52 41 0 70)
#(52 42 0 13)
#(52 43 0 13)
#(52 44 0 11)
#(52 45 1 61)
#(52 46 0 0)
#(52 47 0 31)
#(52 48 0 48)
#(52 49 0 6)
#(52 50 1 91)
#(52 51 0 15)
#(52 52 1 2)
#(52 53 1 47)
#(52 54 1 23)
#(52 55 1 10)
#(52 56 1 63)
#(52 57 1 88)
#(52 58 0 96)
#(52 59 1 3)
#(52 60 0 10)
#(52 61 0 88)
#(52 62 1 8)
#(52 63 0 14)
#(52 64 0 62)
#(52 65 1 27)
#(52 66 0 24)
#(52 67 0 5)
#(52 68 1 52)
#(52 69 0 72)
#(53 1 0 93)
#(53 2 0 11)
#(53 3 1 90)
#(53 4 0 36)
#(53 5 1 40)
#(53 6 0 63)
#(53 7 1 13)
#(53 8 0 22)
#(53 9 0 81)
#(53 10 1 24)
#(53 11 0 26)
#(53 12 0 49)
#(53 13 0 64)
#(53 14 0 32)
#(53 15 0 36)
#(53 16 1 76)
#(53 17 1 59)
#(53 18 0 58)
#(53 19 1 66)
#(53 20 0 96)
#(53 21 0 33)
#(53 22 1 62)
#(53 23 0 9)
#(53 24 1 96)
#(53 25 1 4)
#(53 26 0 97)
#(53 27 0 64)
#(53 28 1 82)
#(53 29 0 67)
#(53 30 0 18)
#(53 31 0 57)
#(53 32 0 28)
#(53 33 1 56)
#(53 34 0 9)
#(53 35 1 76)
#(53 36 1 25)
#(53 37 0 20)
#(53 38 0 54)
#(53 39 1 15)
#(53 40 0 19)
#(53 41 1 16)
#(53 42 1 4)
#(53 43 0 56)
#(53 44 0 47)
#(53 45 0 90)
#(53 46 1 43)
#(53 47 0 16)
#(53 48 1 61)
#(53 49 0 87)
#(53 50 1 54)
#(53 51 1 15)
#(53 52 0 40)
#(53 53 0 34)
#(53 54 0 22)
#(53 55 0 37)
#(53 56 0 35)
#(53 57 1 74)
#(53 58 0 57)
#(53 59 1 15)
#(53 60 1 31)
#(53 61 0 94)
#(53 62 0 12)
#(53 63 1 94)
#(53 64 1 47)
#(53 65 1 26)
#(53 66 0 90)
#(53 67 0 83)
#(53 68 0 26)
#(53 69 0 36)
#(54 1 0 23)
#(54 2 0 53)
#(54 3 0 90)
#(54 4 0 55)
#(54 5 1 12)
#(54 6 0 58)
#(54 7 0 10)
#(54 8 0 74)
#(54 9 1 47)
#(54 10 0 14)
#(54 11 0 94)
#(54 12 1 0)
#(54 13 1 88)
#(54 14 0 0)
#(54 15 0 25)
#(54 16 1 0)
#(54 17 1 98)
#(54 18 1 89)
#(54 19 0 17)
#(54 20 0 87)
#(54 21 1 66)
#(54 22 1 28)
#(54 23 0 61)
#(54 24 0 68)
#(54 25 1 68)
#(54 26 0 81)
#(54 27 0 98)
#(54 28 0 26)
#(54 29 0 4)
#(54 30 0 84)
#(54 31 0 36)
#(54 32 1 0)
#(54 33 0 80)
#(54 34 1 19)
#(54 35 1 7)
#(54 36 1 42)
#(54 37 0 40)
#(54 38 0 6)
#(54 39 0 27)
#(54 40 1 90)
#(54 41 1 92)
#(54 42 1 12)
#(54 43 1 5)
#(54 44 0 22)
#(54 45 0 75)
#(54 46 1 71)
#(54 47 0 3)
#(54 48 0 57)
#(54 49 0 54)
#(54 50 0 52)
#(54 51 0 36)
#(54 52 0 39)
#(54 53 0 64)
#(54 54 1 70)
#(54 55 0 71)
#(54 56 0 46)
#(54 57 0 26)
#(54 58 0 47)
#(54 59 0 34)
#(54 60 1 67)
#(54 61 1 74)
#(54 62 0 78)
#(54 63 0 15)
#(54 64 0 84)
#(54 65 1 30)
#(54 66 0 62)
#(54 67 0 56)
#(54 68 1 19)
#(54 69 0 42)
#(55 1 0 57)
#(55 2 1 2)
#(55 3 0 64)
#(55 4 0 72)
#(55 5 0 38)
#(55 6 0 25)
#(55 7 1 50)
#(55 8 1 37)
#(55 9 0 9)
#(55 10 0 89)
#(55 11 1 73)
#(55 12 0 65)
#(55 13 1 80)
#(55 14 1 33)
#(55 15 0 28)
#(55 16 1 23)
#(55 17 0 55)
#(55 18 1 64)
#(55 19 0 18)
#(55 20 0 35)
#(55 21 0 38)
#(55 22 0 24)
#(55 23 0 51)
#(55 24 0 50)
#(55 25 1 16)
#(55 26 1 69)
#(55 27 0 3)
#(55 28 1 97)
#(55 29 1 40)
#(55 30 0 70)
#(55 31 0 65)
#(55 32 0 53)
#(55 33 0 9)
#(55 34 0 17)
#(55 35 1 65)
#(55 36 1 39)
#(55 37 0 43)
#(55 38 0 3)
#(55 39 0 21)
#(55 40 0 17)
#(55 41 0 96)
#(55 42 0 6)
#(55 43 0 79)
#(55 44 0 27)
#(55 45 0 95)
#(55 46 1 69)
#(55 47 0 51)
#(55 48 0 33)
#(55 49 1 57)
#(55 50 0 74)
#(55 51 1 68)
#(55 52 0 40)
#(55 53 0 54)
#(55 54 0 23)
#(55 55 0 93)
#(55 56 0 75)
#(55 57 0 45)
#(55 58 1 54)
#(55 59 1 96)
#(55 60 0 5)
#(55 61 1 75)
#(55 62 1 70)
#(55 63 0 53)
#(55 64 0 51)
#(55 65 0 74)
#(55 66 0 21)
#(55 67 0 38)
#(55 68 1 56)
#(55 69 0 88)
#(56 1 0 23)
#(56 2 0 94)
#(56 3 1 9)
#(56 4 0 40)
#(56 5 1 48)
#(56 6 0 31)
#(56 7 0 79)
#(56 8 1 19)
#(56 9 0 41)
#(56 10 0 27)
#(56 11 0 27)
#(56 12 0 55)
#(56 13 0 13)
#(56 14 1 62)
#(56 15 0 87)
#(56 16 1 4)
#(56 17 0 59)
#(56 18 1 81)
#(56 19 1 89)
#(56 20 1 87)
#(56 21 1 3)
#(56 22 0 54)
#(56 23 0 47)
#(56 24 0 46)
#(56 25 0 36)
#(56 26 0 30)
#(56 27 1 32)
#(56 28 0 92)
#(56 29 0 34)
#(56 30 1 48)
#(56 31 0 60)
#(56 32 1 74)
#(56 33 0 61)
#(56 34 0 79)
#(56 35 0 26)
#(56 36 1 0)
#(56 37 0 78)
#(56 38 0 86)
#(56 39 1 55)
#(56 40 1 14)
#(56 41 1 11)
#(56 42 1 38)
#(56 43 1 16)
#(56 44 1 3)
#(56 45 1 46)
#(56 46 1 58)
#(56 47 0 54)
#(56 48 0 86)
#(56 49 0 50)
#(56 50 0 51)
#(56 51 0 45)
#(56 52 0 33)
#(56 53 1 84)
#(56 54 0 57)
#(56 55 0 14)
#(56 56 0 98)
#(56 57 0 4)
#(56 58 0 34)
#(56 59 0 14)
#(56 60 0 50)
#(56 61 0 91)
#(56 62 0 57)
#(56 63 1 58)
#(56 64 0 79)
#(56 65 1 61)
#(56 66 1 63)
#(56 67 0 74)
#(56 68 1 53)
#(56 69 1 44)
#(57 1 1 16)
#(57 2 1 58)
#(57 3 1 70)
#(57 4 0 68)
#(57 5 0 7)
#(57 6 0 56)
#(57 7 1 12)
#(57 8 0 92)
#(57 9 0 48)
#(57 10 1 8)
#(57 11 1 3)
#(57 12 0 39)
#(57 13 0 86)
#(57 14 0 58)
#(57 15 1 67)
#(57 16 1 85)
#(57 17 0 46)
#(57 18 0 22)
#(57 19 0 89)
#(57 20 0 84)
#(57 21 1 21)
#(57 22 1 63)
#(57 23 1 42)
#(57 24 1 1)
#(57 25 0 25)
#(57 26 1 49)
#(57 27 0 30)
#(57 28 0 34)
#(57 29 0 85)
#(57 30 0 72)
#(57 31 0 79)
#(57 32 0 17)
#(57 33 0 29)
#(57 34 0 61)
#(57 35 0 2)
#(57 36 0 9)
#(57 37 1 90)
#(57 38 0 41)
#(57 39 1 78)
#(57 40 1 46)
#(57 41 0 15)
#(57 42 1 87)
#(57 43 1 82)
#(57 44 1 63)
#(57 45 0 53)
#(57 46 0 80)
#(57 47 1 15)
#(57 48 1 9)
#(57 49 0 13)
#(57 50 1 83)
#(57 51 0 46)
#(57 52 0 11)
#(57 53 0 28)
#(57 54 1 55)
#(57 55 0 48)
#(57 56 1 30)
#(57 57 0 31)
#(57 58 1 63)
#(57 59 1 2)
#(57 60 0 88)
#(57 61 0 25)
#(57 62 1 80)
#(57 63 0 67)
#(57 64 1 66)
#(57 65 1 31)
#(57 66 0 34)
#(57 67 0 70)
#(57 68 1 45)
#(57 69 1 2)
#(58 1 0 17)
#(58 2 1 18)
#(58 3 0 25)
#(58 4 1 21)
#(58 5 0 9)
#(58 6 0 45)
#(58 7 1 43)
#(58 8 0 45)
#(58 9 1 96)
#(58 10 0 16)
#(58 11 0 11)
#(58 12 0 24)
#(58 13 0 86)
#(58 14 1 56)
#(58 15 1 10)
#(58 16 0 57)
#(58 17 0 43)
#(58 18 1 39)
#(58 19 0 16)
#(58 20 0 26)
#(58 21 0 34)
#(58 22 0 30)
#(58 23 1 83)
#(58 24 0 12)
#(58 25 1 63)
#(58 26 0 57)
#(58 27 1 47)
#(58 28 1 9)
#(58 29 1 90)
#(58 30 1 43)
#(58 31 0 40)
#(58 32 1 57)
#(58 33 1 25)
#(58 34 1 37)
#(58 35 0 46)
#(58 36 0 24)
#(58 37 0 96)
#(58 38 0 84)
#(58 39 0 92)
#(58 40 0 67)
#(58 41 1 47)
#(58 42 0 23)
#(58 43 0 50)
#(58 44 0 59)
#(58 45 0 17)
#(58 46 1 81)
#(58 47 0 94)
#(58 48 1 81)
#(58 49 0 69)
#(58 50 1 3)
#(58 51 1 6)
#(58 52 0 5)
#(58 53 0 93)
#(58 54 0 63)
#(58 55 0 2)
#(58 56 0 75)
#(58 57 1 71)
#(58 58 0 96)
#(58 59 0 22)
#(58 60 0 30)
#(58 61 0 68)
#(58 62 0 63)
#(58 63 0 65)
#(58 64 0 47)
#(58 65 0 63)
#(58 66 0 21)
#(58 67 1 26)
#(58 68 0 11)
#(58 69 0 44)
#(59 1 0 69)
#(59 2 0 64)
#(59 3 1 37)
#(59 4 0 73)
#(59 5 0 25)
#(59 6 0 75)
#(59 7 0 83)
#(59 8 0 87)
#(59 9 1 96)
#(59 10 0 89)
#(59 11 0 83)
#(59 12 0 91)
#(59 13 1 3)
#(59 14 0 15)
#(59 15 0 12)
#(59 16 0 89)
#(59 17 0 30)
#(59 18 1 53)
#(59 19 1 2)
#(59 20 0 57)
#(59 21 0 27)
#(59 22 0 96)
#(59 23 0 77)
#(59 24 1 25)
#(59 25 1 53)
#(59 26 1 83)
#(59 27 0 34)
#(59 28 0 86)
#(59 29 0 55)
#(59 30 0 1)
#(59 31 0 58)
#(59 32 0 89)
#(59 33 1 84)
#(59 34 0 10)
#(59 35 0 10)
#(59 36 1 91)
#(59 37 1 94)
#(59 38 0 22)
#(59 39 1 38)
#(59 40 1 9)
#(59 41 0 55)
#(59 42 1 73)
#(59 43 0 11)
#(59 44 0 35)
#(59 45 1 54)
#(59 46 1 14)
#(59 47 0 56)
#(59 48 0 31)
#(59 49 0 31)
#(59 50 0 6)
#(59 51 1 30)
#(59 52 0 2)
#(59 53 0 95)
#(59 54 0 95)
#(59 55 0 5)
#(59 56 0 68)
#(59 57 1 43)
#(59 58 0 56)
#(59 59 1 72)
#(59 60 1 12)
#(59 61 0 61)
#(59 62 0 77)
#(59 63 1 23)
#(59 64 0 30)
#(59 65 0 80)
#(59 66 0 71)
#(59 67 1 34)
#(59 68 0 92)
#(59 69 1 61)
#(60 1 0 49)
#(60 2 0 58)
#(60 3 1 70)
#(60 4 0 75)
#(60 5 1 49)
#(60 6 0 61)
#(60 7 0 72)
#(60 8 0 31)
#(60 9 1 40)
#(60 10 0 69)
#(60 11 0 56)
#(60 12 0 64)
#(60 13 1 30)
#(60 14 0 63)
#(60 15 0 80)
#(60 16 0 88)
#(60 17 1 51)
#(60 18 0 17)
#(60 19 0 2)
#(60 20 0 17)
#(60 21 0 78)
#(60 22 1 56)
#(60 23 0 67)
#(60 24 0 70)
#(60 25 0 9)
#(60 26 0 56)
#(60 27 0 45)
#(60 28 0 61)
#(60 29 0 95)
#(60 30 1 30)
#(60 31 0 58)
#(60 32 1 11)
#(60 33 1 90)
#(60 34 1 21)
#(60 35 0 60)
#(60 36 0 53)
#(60 37 0 45)
#(60 38 1 91)
#(60 39 0 27)
#(60 40 0 92)
#(60 41 0 34)
#(60 42 0 78)
#(60 43 1 29)
#(60 44 0 67)
#(60 45 0 82)
#(60 46 0 14)
#(60 47 0 49)
#(60 48 1 95)
#(60 49 0 21)
#(60 50 0 78)
#(60 51 1 4)
#(60 52 0 94)
#(60 53 0 39)
#(60 54 1 89)
#(60 55 0 55)
#(60 56 0 12)
#(60 57 0 89)
#(60 58 1 33)
#(60 59 1 59)
#(60 60 1 89)
#(60 61 0 74)
#(60 62 0 90)
#(60 63 0 15)
#(60 64 0 6)
#(60 65 1 38)
#(60 66 1 9)
#(60 67 1 97)
#(60 68 0 6)
#(60 69 1 29)
#(61 1 1 54)
#(61 2 0 3)
#(61 3 1 40)
#(61 4 0 3)
#(61 5 0 2)
#(61 6 0 53)
#(61 7 0 86)
#(61 8 0 7)
#(61 9 0 61)
#(61 10 0 46)
#(61 11 0 90)
#(61 12 1 30)
#(61 13 0 39)
#(61 14 0 26)
#(61 15 0 29)
#(61 16 0 97)
#(61 17 0 85)
#(61 18 0 44)
#(61 19 0 28)
#(61 20 0 83)
#(61 21 0 23)
#(61 22 0 22)
#(61 23 0 22)
#(61 24 0 9)
#(61 25 0 9)
#(61 26 0 2)
#(61 27 0 37)
#(61 28 0 45)
#(61 29 0 5)
#(61 30 0 97)
#(61 31 1 29)
#(61 32 0 56)
#(61 33 0 52)
#(61 34 1 36)
#(61 35 1 95)
#(61 36 0 3)
#(61 37 0 78)
#(61 38 1 25)
#(61 39 0 74)
#(61 40 0 58)
#(61 41 0 51)
#(61 42 1 35)
#(61 43 0 48)
#(61 44 0 40)
#(61 45 0 96)
#(61 46 0 19)
#(61 47 1 34)
#(61 48 1 0)
#(61 49 1 84)
#(61 50 0 82)
#(61 51 1 20)
#(61 52 0 68)
#(61 53 0 70)
#(61 54 1 14)
#(61 55 0 60)
#(61 56 0 95)
#(61 57 0 33)
#(61 58 1 70)
#(61 59 0 92)
#(61 60 0 54)
#(61 61 1 14)
#(61 62 0 60)
#(61 63 0 92)
#(61 64 0 45)
#(61 65 0 26)
#(61 66 0 74)
#(61 67 0 7)
#(61 68 0 52)
#(61 69 1 15)
#(62 1 1 94)
#(62 2 0 8)
#(62 3 0 55)
#(62 4 0 5)
#(62 5 0 62)
#(62 6 1 72)
#(62 7 0 43)
#(62 8 0 70)
#(62 9 0 86)
#(62 10 0 36)
#(62 11 0 7)
#(62 12 1 4)
#(62 13 0 43)
#(62 14 1 15)
#(62 15 1 14)
#(62 16 0 14)
#(62 17 0 79)
#(62 18 1 43)
#(62 19 0 48)
#(62 20 0 43)
#(62 21 0 7)
#(62 22 0 61)
#(62 23 0 57)
#(62 24 0 1)
#(62 25 1 83)
#(62 26 1 49)
#(62 27 0 63)
#(62 28 0 61)
#(62 29 0 83)
#(62 30 0 73)
#(62 31 0 71)
#(62 32 1 61)
#(62 33 1 63)
#(62 34 0 34)
#(62 35 0 62)
#(62 36 1 59)
#(62 37 0 39)
#(62 38 1 64)
#(62 39 1 75)
#(62 40 0 16)
#(62 41 0 53)
#(62 42 1 49)
#(62 43 1 53)
#(62 44 0 8)
#(62 45 0 89)
#(62 46 0 51)
#(62 47 1 78)
#(62 48 0 16)
#(62 49 0 83)
#(62 50 1 44)
#(62 51 0 28)
#(62 52 0 51)
#(62 53 0 76)
#(62 54 0 51)
#(62 55 0 73)
#(62 56 0 64)
#(62 57 0 98)
#(62 58 0 74)
#(62 59 0 59)
#(62 60 0 26)
#(62 61 0 68)
#(62 62 0 8)
#(62 63 0 39)
#(62 64 0 11)
#(62 65 0 5)
#(62 66 1 40)
#(62 67 0 84)
#(62 68 0 38)
#(62 69 0 55)
#(63 1 1 3)
#(63 2 0 63)
#(63 3 0 46)
#(63 4 0 74)
#(63 5 0 77)
#(63 6 0 33)
#(63 7 0 4)
#(63 8 1 61)
#(63 9 0 5)
#(63 10 0 33)
#(63 11 0 31)
#(63 12 0 92)
#(63 13 1 12)
#(63 14 1 18)
#(63 15 0 37)
#(63 16 0 2)
#(63 17 0 39)
#(63 18 0 53)
#(63 19 0 26)
#(63 20 1 37)
#(63 21 0 32)
#(63 22 1 1)
#(63 23 0 23)
#(63 24 1 36)
#(63 25 1 6)
#(63 26 0 80)
#(63 27 1 25)
#(63 28 1 7)
#(63 29 1 48)
#(63 30 0 1)
#(63 31 0 34)
#(63 32 1 11)
#(63 33 1 57)
#(63 34 0 89)
#(63 35 0 96)
#(63 36 1 53)
#(63 37 1 41)
#(63 38 0 7)
#(63 39 1 65)
#(63 40 0 97)
#(63 41 0 23)
#(63 42 0 12)
#(63 43 0 88)
#(63 44 0 81)
#(63 45 0 23)
#(63 46 1 4)
#(63 47 0 90)
#(63 48 0 53)
#(63 49 0 46)
#(63 50 0 11)
#(63 51 0 51)
#(63 52 0 14)
#(63 53 0 61)
#(63 54 0 46)
#(63 55 0 81)
#(63 56 0 67)
#(63 57 0 59)
#(63 58 1 80)
#(63 59 1 80)
#(63 60 1 38)
#(63 61 0 35)
#(63 62 1 11)
#(63 63 1 33)
#(63 64 0 80)
#(63 65 0 22)
#(63 66 0 86)
#(63 67 0 98)
#(63 68 0 96)
#(63 69 1 26)
#(64 1 1 32)
#(64 2 1 77)
#(64 3 0 74)
#(64 4 0 96)
#(64 5 1 82)
#(64 6 1 9)
#(64 7 0 66)
#(64 8 0 65)
#(64 9 1 96)
#(64 10 0 96)
#(64 11 0 75)
#(64 12 0 32)
#(64 13 0 75)
#(64 14 0 91)
#(64 15 1 44)
#(64 16 0 89)
#(64 17 0 45)
#(64 18 0 61)
#(64 19 1 23)
#(64 20 0 81)
#(64 21 1 18)
#(64 22 0 48)
#(64 23 0 49)
#(64 24 0 78)
#(64 25 0 17)
#(64 26 1 45)
#(64 27 1 91)
#(64 28 0 79)
#(64 29 0 54)
#(64 30 1 91)
#(64 31 0 88)
#(64 32 1 63)
#(64 33 1 26)
#(64 34 0 9)
#(64 35 0 69)
#(64 36 0 50)
#(64 37 0 51)
#(64 38 1 36)
#(64 39 0 59)
#(64 40 0 47)
#(64 41 1 63)
#(64 42 1 37)
#(64 43 0 34)
#(64 44 0 21)
#(64 45 1 76)
#(64 46 0 54)
#(64 47 1 82)
#(64 48 1 75)
#(64 49 1 53)
#(64 50 1 88)
#(64 51 0 73)
#(64 52 1 61)
#(64 53 1 27)
#(64 54 0 89)
#(64 55 0 86)
#(64 56 0 25)
#(64 57 0 22)
#(64 58 0 79)
#(64 59 0 40)
#(64 60 1 82)
#(64 61 1 2)
#(64 62 0 49)
#(64 63 1 90)
#(64 64 0 27)
#(64 65 0 48)
#(64 66 1 8)
#(64 67 0 57)
#(64 68 0 58)
#(64 69 1 79)
#(65 1 0 6)
#(65 2 1 51)
#(65 3 1 30)
#(65 4 0 0)
#(65 5 1 18)
#(65 6 0 89)
#(65 7 0 48)
#(65 8 0 47)
#(65 9 1 94)
#(65 10 1 80)
#(65 11 1 67)
#(65 12 0 81)
#(65 13 1 16)
#(65 14 0 49)
#(65 15 0 43)
#(65 16 0 87)
#(65 17 1 83)
#(65 18 0 39)
#(65 19 0 87)
#(65 20 0 58)
#(65 21 1 25)
#(65 22 0 23)
#(65 23 0 67)
#(65 24 1 17)
#(65 25 0 37)
#(65 26 0 69)
#(65 27 0 63)
#(65 28 0 5)
#(65 29 0 26)
#(65 30 0 23)
#(65 31 1 86)
#(65 32 0 38)
#(65 33 0 27)
#(65 34 0 21)
#(65 35 1 82)
#(65 36 0 14)
#(65 37 1 18)
#(65 38 1 90)
#(65 39 0 34)
#(65 40 1 51)
#(65 41 1 36)
#(65 42 1 78)
#(65 43 1 95)
#(65 44 0 69)
#(65 45 0 3)
#(65 46 0 24)
#(65 47 1 34)
#(65 48 0 29)
#(65 49 0 73)
#(65 50 1 4)
#(65 51 1 64)
#(65 52 0 41)
#(65 53 0 73)
#(65 54 1 98)
#(65 55 1 87)
#(65 56 0 55)
#(65 57 0 96)
#(65 58 0 42)
#(65 59 0 40)
#(65 60 0 86)
#(65 61 1 61)
#(65 62 0 2)
#(65 63 0 62)
#(65 64 1 78)
#(65 65 0 97)
#(65 66 0 60)
#(65 67 1 67)
#(65 68 0 46)
#(65 69 1 74)
#(66 1 0 0)
#(66 2 0 81)
#(66 3 0 42)
#(66 4 0 11)
#(66 5 0 19)
#(66 6 1 84)
#(66 7 1 72)
#(66 8 0 30)
#(66 9 0 14)
#(66 10 1 27)
#(66 11 0 75)
#(66 12 0 45)
#(66 13 0 86)
#(66 14 0 82)
#(66 15 1 43)
#(66 16 1 56)
#(66 17 0 70)
#(66 18 1 76)
#(66 19 0 62)
#(66 20 0 46)
#(66 21 0 59)
#(66 22 0 23)
#(66 23 0 25)
#(66 24 0 33)
#(66 25 1 47)
#(66 26 0 61)
#(66 27 0 35)
#(66 28 0 41)
#(66 29 1 40)
#(66 30 0 44)
#(66 31 0 3)
#(66 32 0 80)
#(66 33 0 39)
#(66 34 0 2)
#(66 35 0 43)
#(66 36 0 32)
#(66 37 1 81)
#(66 38 0 91)
#(66 39 0 92)
#(66 40 1 29)
#(66 41 1 8)
#(66 42 0 61)
#(66 43 0 0)
#(66 44 0 25)
#(66 45 0 15)
#(66 46 0 69)
#(66 47 0 97)
#(66 48 0 11)
#(66 49 0 97)
#(66 50 0 34)
#(66 51 0 14)
#(66 52 0 13)
#(66 53 0 98)
#(66 54 1 79)
#(66 55 0 75)
#(66 56 0 75)
#(66 57 0 24)
#(66 58 0 29)
#(66 59 1 43)
#(66 60 0 66)
#(66 61 0 83)
#(66 62 1 8)
#(66 63 0 25)
#(66 64 1 15)
#(66 65 1 64)
#(66 66 1 56)
#(66 67 0 48)
#(66 68 0 83)
#(66 69 1 51)
#(67 1 1 74)
#(67 2 0 17)
#(67 3 0 43)
#(67 4 1 23)
#(67 5 0 0)
#(67 6 1 15)
#(67 7 0 4)
#(67 8 0 84)
#(67 9 1 48)
#(67 10 1 25)
#(67 11 0 69)
#(67 12 0 31)
#(67 13 1 30)
#(67 14 0 82)
#(67 15 1 92)
#(67 16 0 95)
#(67 17 1 0)
#(67 18 0 26)
#(67 19 0 61)
#(67 20 0 20)
#(67 21 1 21)
#(67 22 0 94)
#(67 23 1 59)
#(67 24 0 77)
#(67 25 0 40)
#(67 26 0 76)
#(67 27 1 93)
#(67 28 0 61)
#(67 29 0 38)
#(67 30 1 57)
#(67 31 0 40)
#(67 32 0 98)
#(67 33 0 73)
#(67 34 0 92)
#(67 35 1 13)
#(67 36 0 78)
#(67 37 0 31)
#(67 38 0 83)
#(67 39 0 86)
#(67 40 1 33)
#(67 41 0 58)
#(67 42 0 86)
#(67 43 1 76)
#(67 44 0 72)
#(67 45 0 51)
#(67 46 1 34)
#(67 47 0 28)
#(67 48 0 87)
#(67 49 0 55)
#(67 50 0 31)
#(67 51 0 50)
#(67 52 1 88)
#(67 53 0 69)
#(67 54 0 7)
#(67 55 1 89)
#(67 56 0 4)
#(67 57 1 95)
#(67 58 1 58)
#(67 59 0 48)
#(67 60 1 67)
#(67 61 0 63)
#(67 62 1 30)
#(67 63 0 13)
#(67 64 0 1)
#(67 65 0 29)
#(67 66 0 20)
#(67 67 0 79)
#(67 68 0 7)
#(67 69 0 2)
#(68 1 1 53)
#(68 2 1 70)
#(68 3 0 24)
#(68 4 0 97)
#(68 5 0 58)
#(68 6 0 28)
#(68 7 0 56)
#(68 8 1 51)
#(68 9 0 40)
#(68 10 0 12)
#(68 11 0 98)
#(68 12 1 66)
#(68 13 1 69)
#(68 14 0 54)
#(68 15 1 20)
#(68 16 1 74)
#(68 17 1 23)
#(68 18 1 54)
#(68 19 0 92)
#(68 20 1 11)
#(68 21 0 50)
#(68 22 0 29)
#(68 23 1 20)
#(68 24 1 98)
#(68 25 1 64)
#(68 26 1 12)
#(68 27 0 74)
#(68 28 0 22)
#(68 29 0 76)
#(68 30 1 29)
#(68 31 1 73)
#(68 32 0 72)
#(68 33 1 19)
#(68 34 1 40)
#(68 35 0 77)
#(68 36 1 94)
#(68 37 0 38)
#(68 38 1 36)
#(68 39 0 65)
#(68 40 0 44)
#(68 41 1 25)
#(68 42 1 24)
#(68 43 0 30)
#(68 44 0 13)
#(68 45 1 26)
#(68 46 0 40)
#(68 47 0 22)
#(68 48 0 22)
#(68 49 0 39)
#(68 50 1 33)
#(68 51 1 11)
#(68 52 0 32)
#(68 53 1 71)
#(68 54 1 34)
#(68 55 0 28)
#(68 56 0 5)
#(68 57 0 1)
#(68 58 1 47)
#(68 59 0 41)
#(68 60 0 33)
#(68 61 0 59)
#(68 62 1 40)
#(68 63 0 37)
#(68 64 0 90)
#(68 65 0 13)
#(68 66 0 95)
#(68 67 0 7)
#(68 68 1 4)
#(68 69 1 65)
#(69 1 0 20)
#(69 2 1 61)
#(69 3 0 10)
#(69 4 1 33)
#(69 5 0 80)
#(69 6 0 92)
#(69 7 0 51)
#(69 8 0 3)
#(69 9 0 49)
#(69 10 0 46)
#(69 11 0 27)
#(69 12 1 47)
#(69 13 0 82)
#(69 14 1 62)
#(69 15 1 74)
#(69 16 1 73)
#(69 17 1 59)
#(69 18 0 71)
#(69 19 0 15)
#(69 20 0 58)
#(69 21 0 41)
#(69 22 0 12)
#(69 23 1 37)
#(69 24 0 58)
#(69 25 0 76)
#(69 26 1 25)
#(69 27 0 3)
#(69 28 0 8)
#(69 29 0 0)
#(69 30 1 89)
#(69 31 0 25)
#(69 32 1 81)
#(69 33 1 23)
#(69 34 0 45)
#(69 35 1 32)
#(69 36 1 18)
#(69 37 0 23)
#(69 38 0 55)
#(69 39 0 74)
#(69 40 1 51)
#(69 41 0 44)
#(69 42 0 23)
#(69 43 1 96)
#(69 44 1 13)
#(69 45 1 41)
#(69 46 0 23)
#(69 47 1 7)
#(69 48 1 54)
#(69 49 0 77)
#(69 50 0 20)
#(69 51 0 30)
#(69 52 0 82)
#(69 53 0 75)
#(69 54 0 5)
#(69 55 0 10)
#(69 56 0 49)
#(69 57 0 91)
#(69 58 1 39)
#(69 59 0 76)
#(69 60 0 63)
#(69 61 1 53)
#(69 62 1 63)
#(69 63 1 46)
#(69 64 1 0)
#(69 65 0 50)
#(69 66 0 44)
#(69 67 0 59)
#(69 68 0 63)
#(69 69 1 16)
#(70 1 1 19)
#(70 2 0 80)
#(70 3 0 29)
#(70 4 1 78)
#(70 5 0 30)
#(70 6 0 25)
#(70 7 1 76)
#(70 8 0 72)
#(70 9 1 95)
#(70 10 0 58)
#(70 11 0 94)
#(70 12 1 43)
#(70 13 1 83)
#(70 14 0 41)
#(70 15 0 31)
#(70 16 0 58)
#(70 17 0 81)
#(70 18 1 74)
#(70 19 1 18)
#(70 20 0 65)
#(70 21 1 80)
#(70 22 0 61)
#(70 23 0 77)
#(70 24 1 96)
#(70 25 0 43)
#(70 26 0 19)
#(70 27 0 13)
#(70 28 0 34)
#(70 29 1 19)
#(70 30 0 88)
#(70 31 1 25)
#(70 32 0 83)
#(70 33 0 20)
#(70 34 1 79)
#(70 35 0 84)
#(70 36 0 96)
#(70 37 0 84)
#(70 38 0 10)
#(70 39 1 71)
#(70 40 1 25)
#(70 41 0 93)
#(70 42 0 48)
#(70 43 1 27)
#(70 44 1 17)
#(70 45 1 84)
#(70 46 0 80)
#(70 47 0 75)
#(70 48 0 17)
#(70 49 0 9)
#(70 50 1 59)
#(70 51 0 5)
#(70 52 0 60)
#(70 53 1 9)
#(70 54 1 64)
#(70 55 1 81)
#(70 56 0 33)
#(70 57 0 66)
#(70 58 0 48)
#(70 59 0 14)
#(70 60 0 28)
#(70 61 0 2)
#(70 62 0 78)
#(70 63 1 0)
#(70 64 0 61)
#(70 65 0 51)
#(70 66 1 17)
#(70 67 0 68)
#(70 68 0 51)
#(70 69 1 56)
#(71 1 0 95)
#(71 2 0 75)
#(71 3 1 19)
#(71 4 0 48)
#(71 5 0 48)
#(71 6 1 23)
#(71 7 0 21)
#(71 8 1 53)
#(71 9 1 92)
#(71 10 0 31)
#(71 11 1 19)
#(71 12 0 46)
#(71 13 0 89)
#(71 14 1 73)
#(71 15 0 8)
#(71 16 0 15)
#(71 17 0 56)
#(71 18 1 47)
#(71 19 0 77)
#(71 20 0 64)
#(71 21 0 14)
#(71 22 0 56)
#(71 23 0 18)
#(71 24 0 51)
#(71 25 0 83)
#(71 26 0 13)
#(71 27 0 81)
#(71 28 0 20)
#(71 29 0 26)
#(71 30 0 58)
#(71 31 1 55)
#(71 32 0 9)
#(71 33 0 34)
#(71 34 1 87)
#(71 35 0 57)
#(71 36 1 35)
#(71 37 0 59)
#(71 38 1 10)
#(71 39 0 15)
#(71 40 1 50)
#(71 41 0 30)
#(71 42 0 18)
#(71 43 1 12)
#(71 44 0 62)
#(71 45 1 0)
#(71 46 0 11)
#(71 47 1 18)
#(71 48 0 29)
#(71 49 1 97)
#(71 50 0 22)
#(71 51 0 33)
#(71 52 0 51)
#(71 53 1 18)
#(71 54 1 24)
#(71 55 1 63)
#(71 56 0 44)
#(71 57 0 14)
#(71 58 1 44)
#(71 59 0 77)
#(71 60 1 15)
#(71 61 0 3)
#(71 62 0 26)
#(71 63 0 48)
#(71 64 0 70)
#(71 65 0 86)
#(71 66 0 23)
#(71 67 0 67)
#(71 68 1 39)
#(71 69 0 25)
#(72 1 0 4)
#(72 2 1 0)
#(72 3 0 17)
#(72 4 0 82)
#(72 5 0 33)
#(72 6 0 93)
#(72 7 1 67)
#(72 8 0 73)
#(72 9 1 42)
#(72 10 0 12)
#(72 11 0 47)
#(72 12 1 0)
#(72 13 0 94)
#(72 14 1 89)
#(72 15 1 49)
#(72 16 1 52)
#(72 17 0 36)
#(72 18 1 63)
#(72 19 0 77)
#(72 20 1 24)
#(72 21 1 62)
#(72 22 0 12)
#(72 23 0 11)
#(72 24 1 10)
#(72 25 1 17)
#(72 26 0 95)
#(72 27 0 19)
#(72 28 1 31)
#(72 29 0 38)
#(72 30 0 59)
#(72 31 1 29)
#(72 32 1 58)
#(72 33 1 83)
#(72 34 0 47)
#(72 35 0 43)
#(72 36 0 21)
#(72 37 0 61)
#(72 38 0 9)
#(72 39 0 84)
#(72 40 1 8)
#(72 41 0 83)
#(72 42 0 78)
#(72 43 1 85)
#(72 44 0 95)
#(72 45 1 78)
#(72 46 0 49)
#(72 47 0 26)
#(72 48 1 92)
#(72 49 1 75)
#(72 50 1 48)
#(72 51 1 10)
#(72 52 0 19)
#(72 53 1 98)
#(72 54 0 36)
#(72 55 0 94)
#(72 56 1 97)
#(72 57 1 57)
#(72 58 1 11)
#(72 59 0 3)
#(72 60 1 9)
#(72 61 0 80)
#(72 62 1 13)
#(72 63 0 67)
#(72 64 0 5)
#(72 65 0 73)
#(72 66 0 49)
#(72 67 1 69)
#(72 68 0 69)
#(72 69 1 2)
#(73 1 0 61)
#(73 2 0 27)
#(73 3 1 98)
#(73 4 0 9)
#(73 5 0 66)
#(73 6 0 58)
#(73 7 0 52)
#(73 8 0 23)
#(73 9 0 73)
#(73 10 0 72)
#(73 11 0 22)
#(73 12 0 37)
#(73 13 0 93)
#(73 14 0 18)
#(73 15 0 93)
#(73 16 1 37)
#(73 17 0 69)
#(73 18 0 16)
#(73 19 0 64)
#(73 20 0 90)
#(73 21 0 1)
#(73 22 1 77)
#(73 23 0 92)
#(73 24 1 61)
#(73 25 0 92)
#(73 26 0 43)
#(73 27 0 21)
#(73 28 0 59)
#(73 29 0 98)
#(73 30 1 6)
#(73 31 0 10)
#(73 32 1 26)
#(73 33 0 62)
#(73 34 1 22)
#(73 35 0 59)
#(73 36 0 43)
#(73 37 0 83)
#(73 38 0 81)
#(73 39 1 94)
#(73 40 1 51)
#(73 41 0 63)
#(73 42 0 89)
#(73 43 0 73)
#(73 44 0 9)
#(73 45 0 59)
#(73 46 0 82)
#(73 47 0 92)
#(73 48 1 30)
#(73 49 0 7)
#(73 50 0 60)
#(73 51 0 22)
#(73 52 0 33)
#(73 53 0 35)
#(73 54 1 77)
#(73 55 0 75)
#(73 56 0 57)
#(73 57 1 83)
#(73 58 1 26)
#(73 59 0 83)
#(73 60 0 31)
#(73 61 0 89)
#(73 62 0 80)
#(73 63 0 94)
#(73 64 0 57)
#(73 65 0 95)
#(73 66 0 40)
#(73 67 0 56)
#(73 68 0 88)
#(73 69 1 37)
#(74 1 0 3)
#(74 2 0 61)
#(74 3 0 22)
#(74 4 1 53)
#(74 5 1 11)
#(74 6 0 0)
#(74 7 0 70)
#(74 8 1 56)
#(74 9 0 97)
#(74 10 0 93)
#(74 11 0 46)
#(74 12 0 47)
#(74 13 1 51)
#(74 14 0 6)
#(74 15 0 59)
#(74 16 1 48)
#(74 17 1 2)
#(74 18 0 87)
#(74 19 1 29)
#(74 20 1 51)
#(74 21 1 50)
#(74 22 1 21)
#(74 23 0 42)
#(74 24 1 47)
#(74 25 1 13)
#(74 26 1 6)
#(74 27 0 74)
#(74 28 1 16)
#(74 29 0 63)
#(74 30 0 71)
#(74 31 0 68)
#(74 32 1 92)
#(74 33 1 53)
#(74 34 0 88)
#(74 35 0 14)
#(74 36 0 39)
#(74 37 1 46)
#(74 38 0 70)
#(74 39 1 24)
#(74 40 0 37)
#(74 41 0 6)
#(74 42 0 23)
#(74 43 1 34)
#(74 44 0 51)
#(74 45 0 74)
#(74 46 0 95)
#(74 47 0 7)
#(74 48 1 57)
#(74 49 1 32)
#(74 50 0 41)
#(74 51 0 75)
#(74 52 0 34)
#(74 53 0 18)
#(74 54 1 71)
#(74 55 0 4)
#(74 56 1 81)
#(74 57 0 9)
#(74 58 0 21)
#(74 59 1 43)
#(74 60 0 60)
#(74 61 0 70)
#(74 62 0 95)
#(74 63 0 96)
#(74 64 0 55)
#(74 65 0 27)
#(74 66 0 5)
#(74 67 1 38)
#(74 68 0 26)
#(74 69 0 52)
#(75 1 1 88)
#(75 2 1 42)
#(75 3 0 11)
#(75 4 0 58)
#(75 5 0 85)
#(75 6 1 16)
#(75 7 0 21)
#(75 8 0 32)
#(75 9 0 69)
#(75 10 1 14)
#(75 11 0 7)
#(75 12 0 77)
#(75 13 1 95)
#(75 14 0 7)
#(75 15 0 51)
#(75 16 0 37)
#(75 17 1 67)
#(75 18 0 96)
#(75 19 1 60)
#(75 20 0 85)
#(75 21 0 13)
#(75 22 0 71)
#(75 23 0 97)
#(75 24 0 53)
#(75 25 1 39)
#(75 26 1 74)
#(75 27 0 80)
#(75 28 0 85)
#(75 29 1 70)
#(75 30 0 76)
#(75 31 0 7)
#(75 32 0 25)
#(75 33 0 40)
#(75 34 0 49)
#(75 35 0 83)
#(75 36 0 0)
#(75 37 0 28)
#(75 38 0 5)
#(75 39 1 9)
#(75 40 0 13)
#(75 41 0 77)
#(75 42 0 75)
#(75 43 1 47)
#(75 44 0 34)
#(75 45 0 47)
#(75 46 1 39)
#(75 47 0 39)
#(75 48 0 72)
#(75 49 1 39)
#(75 50 1 11)
#(75 51 1 18)
#(75 52 1 17)
#(75 53 0 74)
#(75 54 1 88)
#(75 55 1 95)
#(75 56 0 49)
#(75 57 0 69)
#(75 58 0 11)
#(75 59 0 7)
#(75 60 0 83)
#(75 61 0 26)
#(75 62 0 38)
#(75 63 0 55)
#(75 64 0 17)
#(75 65 0 61)
#(75 66 0 19)
#(75 67 1 24)
#(75 68 0 77)
#(75 69 1 26)
#(76 1 1 47)
#(76 2 0 45)
#(76 3 0 95)
#(76 4 0 49)
#(76 5 0 27)
#(76 6 1 23)
#(76 7 1 79)
#(76 8 0 51)
#(76 9 0 24)
#(76 10 0 18)
#(76 11 1 28)
#(76 12 1 50)
#(76 13 0 12)
#(76 14 1 79)
#(76 15 0 8)
#(76 16 0 67)
#(76 17 1 52)
#(76 18 0 11)
#(76 19 0 11)
#(76 20 0 79)
#(76 21 1 68)
#(76 22 1 19)
#(76 23 0 28)
#(76 24 1 73)
#(76 25 0 53)
#(76 26 0 58)
#(76 27 1 88)
#(76 28 0 31)
#(76 29 0 4)
#(76 30 0 52)
#(76 31 0 76)
#(76 32 1 93)
#(76 33 1 93)
#(76 34 1 93)
#(76 35 0 75)
#(76 36 0 11)
#(76 37 0 53)
#(76 38 0 0)
#(76 39 0 90)
#(76 40 0 58)
#(76 41 0 93)
#(76 42 1 76)
#(76 43 0 58)
#(76 44 1 54)
#(76 45 0 29)
#(76 46 1 15)
#(76 47 0 88)
#(76 48 0 89)
#(76 49 0 77)
#(76 50 0 13)
#(76 51 0 87)
#(76 52 0 71)
#(76 53 0 36)
#(76 54 0 26)
#(76 55 1 49)
#(76 56 0 81)
#(76 57 0 75)
#(76 58 0 60)
#(76 59 0 69)
#(76 60 0 97)
#(76 61 0 88)
#(76 62 0 56)
#(76 63 0 79)
#(76 64 1 17)
#(76 65 1 88)
#(76 66 0 38)
#(76 67 0 13)
#(76 68 0 44)
#(76 69 0 18)
#(77 1 0 10)
#(77 2 0 81)
#(77 3 0 83)
#(77 4 1 37)
#(77 5 0 83)
#(77 6 0 94)
#(77 7 1 77)
#(77 8 1 69)
#(77 9 0 18)
#(77 10 0 41)
#(77 11 1 80)
#(77 12 1 89)
#(77 13 0 22)
#(77 14 0 43)
#(77 15 1 73)
#(77 16 0 22)
#(77 17 1 74)
#(77 18 0 11)
#(77 19 0 11)
#(77 20 1 27)
#(77 21 1 37)
#(77 22 0 56)
#(77 23 0 18)
#(77 24 0 64)
#(77 25 1 34)
#(77 26 1 53)
#(77 27 0 16)
#(77 28 1 85)
#(77 29 1 80)
#(77 30 0 8)
#(77 31 0 59)
#(77 32 0 28)
#(77 33 0 24)
#(77 34 0 71)
#(77 35 0 2)
#(77 36 0 97)
#(77 37 0 27)
#(77 38 0 5)
#(77 39 0 26)
#(77 40 0 60)
#(77 41 0 4)
#(77 42 0 44)
#(77 43 0 41)
#(77 44 0 10)
#(77 45 0 81)
#(77 46 1 91)
#(77 47 0 77)
#(77 48 1 75)
#(77 49 0 82)
#(77 50 0 36)
#(77 51 0 74)
#(77 52 1 54)
#(77 53 0 4)
#(77 54 0 33)
#(77 55 0 30)
#(77 56 1 33)
#(77 57 0 55)
#(77 58 1 55)
#(77 59 0 34)
#(77 60 0 95)
#(77 61 1 77)
#(77 62 0 5)
#(77 63 1 94)
#(77 64 0 14)
#(77 65 0 45)
#(77 66 1 74)
#(77 67 1 58)
#(77 68 1 96)
#(77 69 1 72)
#(78 1 0 72)
#(78 2 1 19)
#(78 3 1 8)
#(78 4 0 45)
#(78 5 1 43)
#(78 6 0 81)
#(78 7 1 56)
#(78 8 1 50)
#(78 9 1 61)
#(78 10 1 3)
#(78 11 0 33)
#(78 12 0 94)
#(78 13 0 61)
#(78 14 0 14)
#(78 15 0 16)
#(78 16 0 27)
#(78 17 1 14)
#(78 18 0 47)
#(78 19 1 31)
#(78 20 0 53)
#(78 21 0 72)
#(78 22 0 43)
#(78 23 1 52)
#(78 24 1 95)
#(78 25 0 12)
#(78 26 0 47)
#(78 27 0 35)
#(78 28 0 34)
#(78 29 0 18)
#(78 30 0 14)
#(78 31 0 84)
#(78 32 0 56)
#(78 33 0 10)
#(78 34 0 43)
#(78 35 1 94)
#(78 36 1 17)
#(78 37 0 54)
#(78 38 0 93)
#(78 39 0 73)
#(78 40 0 22)
#(78 41 0 81)
#(78 42 0 84)
#(78 43 0 88)
#(78 44 0 74)
#(78 45 0 13)
#(78 46 0 3)
#(78 47 0 96)
#(78 48 0 86)
#(78 49 0 11)
#(78 50 0 78)
#(78 51 0 86)
#(78 52 1 44)
#(78 53 0 77)
#(78 54 0 80)
#(78 55 0 3)
#(78 56 0 89)
#(78 57 0 58)
#(78 58 0 21)
#(78 59 0 20)
#(78 60 1 52)
#(78 61 0 82)
#(78 62 0 14)
#(78 63 0 11)
#(78 64 0 92)
#(78 65 1 80)
#(78 66 1 41)
#(78 67 0 87)
#(78 68 1 80)
#(78 69 0 79)
#(79 1 1 52)
#(79 2 0 91)
#(79 3 0 64)
#(79 4 0 96)
#(79 5 1 89)
#(79 6 1 91)
#(79 7 0 2)
#(79 8 1 16)
#(79 9 0 78)
#(79 10 0 38)
#(79 11 0 43)
#(79 12 0 32)
#(79 13 0 73)
#(79 14 0 91)
#(79 15 1 58)
#(79 16 0 15)
#(79 17 0 12)
#(79 18 0 27)
#(79 19 0 11)
#(79 20 0 64)
#(79 21 1 5)
#(79 22 0 18)
#(79 23 0 39)
#(79 24 0 65)
#(79 25 1 76)
#(79 26 1 28)
#(79 27 0 14)
#(79 28 0 62)
#(79 29 1 14)
#(79 30 0 78)
#(79 31 0 82)
#(79 32 0 58)
#(79 33 1 35)
#(79 34 0 4)
#(79 35 0 94)
#(79 36 1 4)
#(79 37 0 54)
#(79 38 1 64)
#(79 39 1 19)
#(79 40 0 16)
#(79 41 0 93)
#(79 42 0 7)
#(79 43 0 38)
#(79 44 1 96)
#(79 45 0 94)
#(79 46 0 7)
#(79 47 0 14)
#(79 48 1 12)
#(79 49 0 16)
#(79 50 1 82)
#(79 51 1 37)
#(79 52 0 44)
#(79 53 0 71)
#(79 54 0 84)
#(79 55 0 0)
#(79 56 0 77)
#(79 57 1 10)
#(79 58 0 13)
#(79 59 0 29)
#(79 60 0 29)
#(79 61 1 54)
#(79 62 1 55)
#(79 63 0 84)
#(79 64 0 40)
#(79 65 0 73)
#(79 66 0 70)
#(79 67 1 67)
#(79 68 0 16)
#(79 69 1 45)
#(80 1 0 48)
#(80 2 0 79)
#(80 3 0 39)
#(80 4 1 98)
#(80 5 1 76)
#(80 6 0 23)
#(80 7 0 82)
#(80 8 1 6)
#(80 9 0 88)
#(80 10 0 5)
#(80 11 1 13)
#(80 12 0 92)
#(80 13 0 68)
#(80 14 0 30)
#(80 15 0 30)
#(80 16 0 6)
#(80 17 1 93)
#(80 18 0 36)
#(80 19 0 52)
#(80 20 0 57)
#(80 21 0 13)
#(80 22 1 15)
#(80 23 0 54)
#(80 24 0 8)
#(80 25 1 79)
#(80 26 0 15)
#(80 27 0 78)
#(80 28 0 23)
#(80 29 0 51)
#(80 30 1 93)
#(80 31 0 50)
#(80 32 0 52)
#(80 33 0 79)
#(80 34 0 42)
#(80 35 0 67)
#(80 36 1 45)
#(80 37 1 41)
#(80 38 0 5)
#(80 39 0 92)
#(80 40 0 2)
#(80 41 0 39)
#(80 42 1 15)
#(80 43 0 38)
#(80 44 1 4)
#(80 45 1 18)
#(80 46 1 13)
#(80 47 0 27)
#(80 48 0 55)
#(80 49 1 64)
#(80 50 1 86)
#(80 51 1 94)
#(80 52 1 60)
#(80 53 1 25)
#(80 54 1 29)
#(80 55 1 45)
#(80 56 0 51)
#(80 57 1 13)
#(80 58 0 47)
#(80 59 1 56)
#(80 60 0 62)
#(80 61 1 61)
#(80 62 1 88)
#(80 63 0 38)
#(80 64 1 1)
#(80 65 0 77)
#(80 66 1 68)
#(80 67 1 40)
#(80 68 1 14)
#(80 69 0 48)
#(81 1 1 20)
#(81 2 0 50)
#(81 3 1 44)
#(81 4 1 85)
#(81 5 0 57)
#(81 6 0 70)
#(81 7 0 29)
#(81 8 0 21)
#(81 9 0 81)
#(81 10 0 80)
#(81 11 0 7)
#(81 12 0 23)
#(81 13 0 0)
#(81 14 0 41)
#(81 15 1 52)
#(81 16 0 92)
#(81 17 0 40)
#(81 18 0 97)
#(81 19 0 0)
#(81 20 0 49)
#(81 21 0 3)
#(81 22 0 34)
#(81 23 1 20)
#(81 24 1 49)
#(81 25 1 34)
#(81 26 0 68)
#(81 27 0 88)
#(81 28 1 70)
#(81 29 0 69)
#(81 30 0 87)
#(81 31 0 70)
#(81 32 0 65)
#(81 33 1 39)
#(81 34 1 22)
#(81 35 1 36)
#(81 36 1 81)
#(81 37 0 44)
#(81 38 0 63)
#(81 39 0 52)
#(81 40 1 61)
#(81 41 0 31)
#(81 42 0 86)
#(81 43 1 87)
#(81 44 0 85)
#(81 45 1 32)
#(81 46 1 51)
#(81 47 1 76)
#(81 48 0 27)
#(81 49 1 97)
#(81 50 0 80)
#(81 51 0 43)
#(81 52 0 82)
#(81 53 0 79)
#(81 54 1 18)
#(81 55 1 16)
#(81 56 0 2)
#(81 57 1 76)
#(81 58 0 47)
#(81 59 0 53)
#(81 60 1 42)
#(81 61 0 53)
#(81 62 0 82)
#(81 63 0 45)
#(81 64 0 64)
#(81 65 1 88)
#(81 66 1 54)
#(81 67 0 18)
#(81 68 0 32)
#(81 69 1 70)
#(82 1 1 77)
#(82 2 0 75)
#(82 3 1 87)
#(82 4 0 12)
#(82 5 0 7)
#(82 6 0 91)
#(82 7 0 69)
#(82 8 0 69)
#(82 9 1 28)
#(82 10 0 26)
#(82 11 1 61)
#(82 12 1 18)
#(82 13 1 38)
#(82 14 1 3)
#(82 15 1 94)
#(82 16 0 3)
#(82 17 1 61)
#(82 18 1 39)
#(82 19 0 75)
#(82 20 1 43)
#(82 21 0 83)
#(82 22 0 57)
#(82 23 0 96)
#(82 24 1 17)
#(82 25 0 17)
#(82 26 0 36)
#(82 27 1 30)
#(82 28 1 97)
#(82 29 0 50)
#(82 30 0 85)
#(82 31 0 48)
#(82 32 0 37)
#(82 33 1 39)
#(82 34 1 50)
#(82 35 0 4)
#(82 36 0 14)
#(82 37 0 30)
#(82 38 1 29)
#(82 39 0 19)
#(82 40 0 71)
#(82 41 1 56)
#(82 42 0 10)
#(82 43 0 20)
#(82 44 0 89)
#(82 45 1 29)
#(82 46 0 9)
#(82 47 0 69)
#(82 48 0 5)
#(82 49 1 84)
#(82 50 0 46)
#(82 51 0 54)
#(82 52 0 85)
#(82 53 0 10)
#(82 54 0 6)
#(82 55 1 61)
#(82 56 0 52)
#(82 57 0 7)
#(82 58 1 38)
#(82 59 0 0)
#(82 60 0 78)
#(82 61 0 58)
#(82 62 0 34)
#(82 63 0 26)
#(82 64 1 85)
#(82 65 1 24)
#(82 66 1 42)
#(82 67 0 90)
#(82 68 0 69)
#(82 69 1 37)
#(83 1 0 6)
#(83 2 0 71)
#(83 3 0 45)
#(83 4 1 66)
#(83 5 1 50)
#(83 6 1 19)
#(83 7 1 20)
#(83 8 0 74)
#(83 9 1 15)
#(83 10 0 37)
#(83 11 0 28)
#(83 12 1 24)
#(83 13 0 81)
#(83 14 1 23)
#(83 15 0 52)
#(83 16 1 11)
#(83 17 1 80)
#(83 18 0 4)
#(83 19 1 81)
#(83 20 0 24)
#(83 21 1 0)
#(83 22 0 27)
#(83 23 0 22)
#(83 24 0 96)
#(83 25 0 31)
#(83 26 0 41)
#(83 27 0 63)
#(83 28 0 71)
#(83 29 0 12)
#(83 30 1 43)
#(83 31 0 85)
#(83 32 0 9)
#(83 33 1 24)
#(83 34 1 37)
#(83 35 0 41)
#(83 36 0 31)
#(83 37 1 91)
#(83 38 0 90)
#(83 39 1 91)
#(83 40 0 46)
#(83 41 0 27)
#(83 42 0 30)
#(83 43 0 50)
#(83 44 1 3)
#(83 45 0 27)
#(83 46 0 80)
#(83 47 0 72)
#(83 48 0 91)
#(83 49 0 9)
#(83 50 0 77)
#(83 51 0 14)
#(83 52 0 44)
#(83 53 0 2)
#(83 54 0 60)
#(83 55 1 24)
#(83 56 0 90)
#(83 57 0 11)
#(83 58 1 85)
#(83 59 0 17)
#(83 60 0 16)
#(83 61 0 32)
#(83 62 1 41)
#(83 63 0 1)
#(83 64 0 50)
#(83 65 0 6)
#(83 66 1 5)
#(83 67 1 75)
#(83 68 0 76)
#(83 69 0 48)
#(84 1 0 32)
#(84 2 1 52)
#(84 3 1 69)
#(84 4 0 60)
#(84 5 0 82)
#(84 6 1 39)
#(84 7 0 32)
#(84 8 1 77)
#(84 9 0 61)
#(84 10 0 86)
#(84 11 0 67)
#(84 12 1 45)
#(84 13 1 93)
#(84 14 1 32)
#(84 15 0 28)
#(84 16 1 57)
#(84 17 0 62)
#(84 18 1 36)
#(84 19 1 49)
#(84 20 0 89)
#(84 21 1 10)
#(84 22 1 7)
#(84 23 0 46)
#(84 24 0 16)
#(84 25 1 42)
#(84 26 1 63)
#(84 27 0 36)
#(84 28 1 47)
#(84 29 1 81)
#(84 30 0 75)
#(84 31 0 24)
#(84 32 0 69)
#(84 33 0 78)
#(84 34 0 24)
#(84 35 0 58)
#(84 36 0 23)
#(84 37 0 37)
#(84 38 1 32)
#(84 39 1 26)
#(84 40 0 32)
#(84 41 0 0)
#(84 42 0 79)
#(84 43 1 72)
#(84 44 0 95)
#(84 45 1 17)
#(84 46 1 1)
#(84 47 0 27)
#(84 48 0 49)
#(84 49 0 42)
#(84 50 0 37)
#(84 51 1 54)
#(84 52 0 20)
#(84 53 0 9)
#(84 54 0 46)
#(84 55 0 92)
#(84 56 0 84)
#(84 57 1 98)
#(84 58 0 40)
#(84 59 1 93)
#(84 60 1 92)
#(84 61 0 46)
#(84 62 0 49)
#(84 63 0 60)
#(84 64 0 32)
#(84 65 1 4)
#(84 66 0 42)
#(84 67 0 68)
#(84 68 1 24)
#(84 69 0 87)
#(85 1 0 36)
#(85 2 0 56)
#(85 3 0 27)
#(85 4 0 3)
#(85 5 0 56)
#(85 6 0 97)
#(85 7 0 46)
#(85 8 1 86)
#(85 9 1 0)
#(85 10 0 9)
#(85 11 0 77)
#(85 12 0 18)
#(85 13 0 36)
#(85 14 0 82)
#(85 15 0 51)
#(85 16 0 18)
#(85 17 0 68)
#(85 18 0 36)
#(85 19 0 47)
#(85 20 0 2)
#(85 21 0 45)
#(85 22 0 97)
#(85 23 1 38)
#(85 24 1 34)
#(85 25 1 88)
#(85 26 0 24)
#(85 27 0 56)
#(85 28 0 42)
#(85 29 1 21)
#(85 30 1 83)
#(85 31 1 5)
#(85 32 0 44)
#(85 33 0 55)
#(85 34 1 22)
#(85 35 0 75)
#(85 36 0 60)
#(85 37 0 31)
#(85 38 0 58)
#(85 39 0 32)
#(85 40 0 60)
#(85 41 0 84)
#(85 42 0 12)
#(85 43 0 42)
#(85 44 0 3)
#(85 45 0 94)
#(85 46 0 49)
#(85 47 1 31)
#(85 48 1 43)
#(85 49 0 13)
#(85 50 0 40)
#(85 51 0 15)
#(85 52 0 45)
#(85 53 1 97)
#(85 54 0 97)
#(85 55 0 55)
#(85 56 0 43)
#(85 57 0 84)
#(85 58 1 24)
#(85 59 1 46)
#(85 60 0 39)
#(85 61 0 33)
#(85 62 0 16)
#(85 63 0 97)
#(85 64 1 21)
#(85 65 0 47)
#(85 66 1 46)
#(85 67 0 43)
#(85 68 0 71)
#(85 69 1 47)
#(86 1 0 78)
#(86 2 1 24)
#(86 3 1 87)
#(86 4 0 68)
#(86 5 0 25)
#(86 6 0 45)
#(86 7 0 17)
#(86 8 0 78)
#(86 9 0 75)
#(86 10 1 21)
#(86 11 0 13)
#(86 12 0 45)
#(86 13 0 19)
#(86 14 1 35)
#(86 15 1 23)
#(86 16 0 3)
#(86 17 0 70)
#(86 18 0 44)
#(86 19 1 73)
#(86 20 0 74)
#(86 21 0 78)
#(86 22 1 60)
#(86 23 0 24)
#(86 24 1 28)
#(86 25 0 45)
#(86 26 0 7)
#(86 27 1 52)
#(86 28 0 95)
#(86 29 1 97)
#(86 30 0 50)
#(86 31 0 1)
#(86 32 0 21)
#(86 33 0 5)
#(86 34 1 47)
#(86 35 1 4)
#(86 36 0 34)
#(86 37 0 90)
#(86 38 1 25)
#(86 39 0 25)
#(86 40 1 31)
#(86 41 0 83)
#(86 42 0 46)
#(86 43 0 51)
#(86 44 0 98)
#(86 45 0 10)
#(86 46 0 52)
#(86 47 0 42)
#(86 48 0 54)
#(86 49 0 91)
#(86 50 0 10)
#(86 51 1 77)
#(86 52 1 19)
#(86 53 0 84)
#(86 54 1 3)
#(86 55 0 10)
#(86 56 0 69)
#(86 57 0 68)
#(86 58 0 19)
#(86 59 0 32)
#(86 60 0 20)
#(86 61 0 40)
#(86 62 0 88)
#(86 63 0 62)
#(86 64 1 10)
#(86 65 0 43)
#(86 66 0 11)
#(86 67 0 53)
#(86 68 1 64)
#(86 69 0 32)
#(87 1 0 3)
#(87 2 1 93)
#(87 3 0 71)
#(87 4 1 19)
#(87 5 0 60)
#(87 6 1 85)
#(87 7 0 32)
#(87 8 1 95)
#(87 9 0 94)
#(87 10 0 71)
#(87 11 0 70)
#(87 12 0 40)
#(87 13 1 62)
#(87 14 0 50)
#(87 15 1 91)
#(87 16 0 8)
#(87 17 1 36)
#(87 18 0 16)
#(87 19 1 92)
#(87 20 0 87)
#(87 21 0 31)
#(87 22 1 77)
#(87 23 1 95)
#(87 24 0 6)
#(87 25 1 73)
#(87 26 1 19)
#(87 27 0 6)
#(87 28 0 23)
#(87 29 1 81)
#(87 30 0 31)
#(87 31 0 7)
#(87 32 0 9)
#(87 33 0 70)
#(87 34 0 82)
#(87 35 1 26)
#(87 36 1 90)
#(87 37 0 45)
#(87 38 0 71)
#(87 39 1 28)
#(87 40 1 30)
#(87 41 0 84)
#(87 42 1 3)
#(87 43 0 47)
#(87 44 1 20)
#(87 45 0 43)
#(87 46 0 31)
#(87 47 0 5)
#(87 48 0 94)
#(87 49 1 30)
#(87 50 1 18)
#(87 51 0 94)
#(87 52 0 12)
#(87 53 0 12)
#(87 54 0 17)
#(87 55 0 13)
#(87 56 1 88)
#(87 57 0 17)
#(87 58 0 15)
#(87 59 0 53)
#(87 60 0 88)
#(87 61 1 64)
#(87 62 1 58)
#(87 63 1 50)
#(87 64 1 92)
#(87 65 0 89)
#(87 66 0 53)
#(87 67 0 67)
#(87 68 1 41)
#(87 69 0 28)
#(88 1 0 42)
#(88 2 1 3)
#(88 3 0 3)
#(88 4 0 72)
#(88 5 0 47)
#(88 6 1 39)
#(88 7 0 14)
#(88 8 1 77)
#(88 9 1 43)
#(88 10 1 55)
#(88 11 0 21)
#(88 12 0 19)
#(88 13 1 23)
#(88 14 1 49)
#(88 15 0 91)
#(88 16 0 83)
#(88 17 0 11)
#(88 18 0 52)
#(88 19 0 68)
#(88 20 0 24)
#(88 21 0 33)
#(88 22 0 93)
#(88 23 1 5)
#(88 24 1 24)
#(88 25 0 72)
#(88 26 0 40)
#(88 27 0 76)
#(88 28 1 20)
#(88 29 1 7)
#(88 30 1 1)
#(88 31 0 44)
#(88 32 0 26)
#(88 33 0 90)
#(88 34 0 50)
#(88 35 0 24)
#(88 36 1 97)
#(88 37 1 53)
#(88 38 1 64)
#(88 39 1 55)
#(88 40 0 49)
#(88 41 0 50)
#(88 42 0 94)
#(88 43 0 50)
#(88 44 0 6)
#(88 45 0 66)
#(88 46 0 37)
#(88 47 1 75)
#(88 48 0 27)
#(88 49 1 82)
#(88 50 0 86)
#(88 51 0 61)
#(88 52 0 17)
#(88 53 0 72)
#(88 54 0 32)
#(88 55 0 1)
#(88 56 1 15)
#(88 57 1 55)
#(88 58 0 11)
#(88 59 0 96)
#(88 60 0 80)
#(88 61 0 42)
#(88 62 0 52)
#(88 63 1 18)
#(88 64 0 18)
#(88 65 1 65)
#(88 66 0 6)
#(88 67 0 31)
#(88 68 0 77)
#(88 69 0 47)
#(89 1 1 41)
#(89 2 0 34)
#(89 3 0 4)
#(89 4 0 34)
#(89 5 1 28)
#(89 6 0 31)
#(89 7 0 66)
#(89 8 0 35)
#(89 9 0 16)
#(89 10 1 90)
#(89 11 0 19)
#(89 12 1 90)
#(89 13 0 9)
#(89 14 1 87)
#(89 15 0 83)
#(89 16 1 54)
#(89 17 0 34)
#(89 18 0 30)
#(89 19 0 53)
#(89 20 0 73)
#(89 21 0 42)
#(89 22 0 90)
#(89 23 0 21)
#(89 24 0 47)
#(89 25 1 3)
#(89 26 1 73)
#(89 27 1 40)
#(89 28 0 4)
#(89 29 1 36)
#(89 30 1 27)
#(89 31 1 14)
#(89 32 1 2)
#(89 33 0 35)
#(89 34 0 18)
#(89 35 1 74)
#(89 36 1 13)
#(89 37 0 33)
#(89 38 1 10)
#(89 39 0 3)
#(89 40 1 19)
#(89 41 0 1)
#(89 42 0 50)
#(89 43 1 83)
#(89 44 0 13)
#(89 45 0 89)
#(89 46 0 70)
#(89 47 1 50)
#(89 48 1 52)
#(89 49 0 39)
#(89 50 0 62)
#(89 51 0 1)
#(89 52 1 49)
#(89 53 0 48)
#(89 54 1 73)
#(89 55 0 32)
#(89 56 0 9)
#(89 57 0 34)
#(89 58 1 85)
#(89 59 1 4)
#(89 60 0 79)
#(89 61 1 54)
#(89 62 0 38)
#(89 63 0 31)
#(89 64 1 30)
#(89 65 0 47)
#(89 66 0 2)
#(89 67 0 29)
#(89 68 1 66)
#(89 69 0 10)
#(90 1 0 73)
#(90 2 1 0)
#(90 3 1 83)
#(90 4 0 80)
#(90 5 0 85)
#(90 6 0 79)
#(90 7 0 64)
#(90 8 0 47)
#(90 9 0 61)
#(90 10 0 77)
#(90 11 0 46)
#(90 12 0 10)
#(90 13 0 89)
#(90 14 0 79)
#(90 15 0 59)
#(90 16 0 80)
#(90 17 0 44)
#(90 18 1 70)
#(90 19 0 46)
#(90 20 1 2)
#(90 21 1 81)
#(90 22 0 42)
#(90 23 0 83)
#(90 24 0 63)
#(90 25 0 98)
#(90 26 1 35)
#(90 27 0 1)
#(90 28 1 18)
#(90 29 0 87)
#(90 30 0 53)
#(90 31 1 96)
#(90 32 1 48)
#(90 33 1 12)
#(90 34 0 26)
#(90 35 1 69)
#(90 36 1 56)
#(90 37 0 2)
#(90 38 0 7)
#(90 39 0 34)
#(90 40 1 57)
#(90 41 1 82)
#(90 42 0 89)
#(90 43 0 6)
#(90 44 1 95)
#(90 45 0 70)
#(90 46 0 13)
#(90 47 1 55)
#(90 48 0 69)
#(90 49 0 11)
#(90 50 0 17)
#(90 51 0 75)
#(90 52 1 38)
#(90 53 1 64)
#(90 54 0 77)
#(90 55 0 22)
#(90 56 0 16)
#(90 57 0 64)
#(90 58 0 2)
#(90 59 0 83)
#(90 60 1 54)
#(90 61 1 81)
#(90 62 1 48)
#(90 63 0 12)
#(90 64 1 30)
#(90 65 1 16)
#(90 66 0 45)
#(90 67 0 16)
#(90 68 1 96)
#(90 69 0 60)
#(91 1 1 37)
#(91 2 0 53)
#(91 3 0 74)
#(91 4 0 3)
#(91 5 0 15)
#(91 6 0 91)
#(91 7 0 30)
#(91 8 0 92)
#(91 9 0 83)
#(91 10 0 5)
#(91 11 0 75)
#(91 12 0 47)
#(91 13 0 54)
#(91 14 0 96)
#(91 15 0 74)
#(91 16 0 57)
#(91 17 0 20)
#(91 18 0 45)
#(91 19 0 12)
#(91 20 0 41)
#(91 21 1 82)
#(91 22 0 15)
#(91 23 1 91)
#(91 24 1 22)
#(91 25 0 55)
#(91 26 0 37)
#(91 27 0 44)
#(91 28 1 86)
#(91 29 1 58)
#(91 30 1 8)
#(91 31 1 33)
#(91 32 0 87)
#(91 33 0 73)
#(91 34 0 81)
#(91 35 1 93)
#(91 36 0 33)
#(91 37 0 65)
#(91 38 0 89)
#(91 39 1 43)
#(91 40 0 56)
#(91 41 1 30)
#(91 42 0 69)
#(91 43 1 78)
#(91 44 0 68)
#(91 45 1 69)
#(91 46 0 0)
#(91 47 0 93)
#(91 48 1 68)
#(91 49 0 87)
#(91 50 1 1)
#(91 51 0 5)
#(91 52 0 51)
#(91 53 1 47)
#(91 54 0 91)
#(91 55 0 72)
#(91 56 1 27)
#(91 57 0 10)
#(91 58 0 42)
#(91 59 1 39)
#(91 60 0 80)
#(91 61 0 72)
#(91 62 0 54)
#(91 63 1 67)
#(91 64 0 1)
#(91 65 1 31)
#(91 66 1 23)
#(91 67 1 17)
#(91 68 0 50)
#(91 69 0 30)
#(92 1 1 61)
#(92 2 0 14)
#(92 3 0 91)
#(92 4 0 56)
#(92 5 1 93)
#(92 6 0 87)
#(92 7 1 38)
#(92 8 1 87)
#(92 9 1 10)
#(92 10 0 1)
#(92 11 1 92)
#(92 12 0 46)
#(92 13 1 9)
#(92 14 1 50)
#(92 15 0 14)
#(92 16 1 38)
#(92 17 0 87)
#(92 18 0 50)
#(92 19 1 72)
#(92 20 0 17)
#(92 21 0 3)
#(92 22 1 87)
#(92 23 0 73)
#(92 24 0 92)
#(92 25 0 83)
#(92 26 1 10)
#(92 27 0 71)
#(92 28 0 48)
#(92 29 0 64)
#(92 30 1 68)
#(92 31 0 44)
#(92 32 0 2)
#(92 33 1 28)
#(92 34 0 30)
#(92 35 0 94)
#(92 36 0 68)
#(92 37 1 31)
#(92 38 1 68)
#(92 39 0 93)
#(92 40 1 23)
#(92 41 0 40)
#(92 42 0 27)
#(92 43 1 23)
#(92 44 0 85)
#(92 45 1 65)
#(92 46 0 68)
#(92 47 0 55)
#(92 48 0 58)
#(92 49 0 96)
#(92 50 0 24)
#(92 51 0 89)
#(92 52 0 53)
#(92 53 1 85)
#(92 54 0 93)
#(92 55 0 54)
#(92 56 0 37)
#(92 57 1 66)
#(92 58 0 41)
#(92 59 0 5)
#(92 60 1 12)
#(92 61 0 42)
#(92 62 1 10)
#(92 63 1 89)
#(92 64 0 23)
#(92 65 1 75)
#(92 66 1 88)
#(92 67 0 91)
#(92 68 0 43)
#(92 69 0 86)
#(93 1 1 10)
#(93 2 1 3)
#(93 3 0 59)
#(93 4 1 84)
#(93 5 1 50)
#(93 6 1 0)
#(93 7 0 10)
#(93 8 0 69)
#(93 9 0 31)
#(93 10 1 47)
#(93 11 1 83)
#(93 12 1 3)
#(93 13 0 88)
#(93 14 0 95)
#(93 15 0 90)
#(93 16 0 53)
#(93 17 0 2)
#(93 18 1 38)
#(93 19 1 81)
#(93 20 1 70)
#(93 21 1 2)
#(93 22 1 42)
#(93 23 1 25)
#(93 24 0 30)
#(93 25 0 5)
#(93 26 0 42)
#(93 27 0 60)
#(93 28 0 81)
#(93 29 0 9)
#(93 30 1 24)
#(93 31 0 13)
#(93 32 0 89)
#(93 33 1 6)
#(93 34 0 39)
#(93 35 1 53)
#(93 36 0 24)
#(93 37 1 50)
#(93 38 0 77)
#(93 39 0 60)
#(93 40 1 73)
#(93 41 0 83)
#(93 42 1 62)
#(93 43 0 93)
#(93 44 1 67)
#(93 45 0 24)
#(93 46 0 39)
#(93 47 1 52)
#(93 48 0 0)
#(93 49 0 53)
#(93 50 0 9)
#(93 51 0 22)
#(93 52 1 28)
#(93 53 0 1)
#(93 54 1 1)
#(93 55 0 79)
#(93 56 1 54)
#(93 57 0 87)
#(93 58 1 63)
#(93 59 0 0)
#(93 60 1 73)
#(93 61 1 77)
#(93 62 0 66)
#(93 63 1 81)
#(93 64 1 88)
#(93 65 0 61)
#(93 66 0 88)
#(93 67 0 65)
#(93 68 0 66)
#(93 69 0 75)
#(94 1 1 23)
#(94 2 1 61)
#(94 3 0 62)
#(94 4 0 77)
#(94 5 1 62)
#(94 6 0 40)
#(94 7 1 53)
#(94 8 0 94)
#(94 9 0 75)
#(94 10 1 82)
#(94 11 0 7)
#(94 12 1 52)
#(94 13 0 85)
#(94 14 0 71)
#(94 15 1 37)
#(94 16 1 56)
#(94 17 1 23)
#(94 18 0 70)
#(94 19 1 32)
#(94 20 0 70)
#(94 21 0 67)
#(94 22 0 75)
#(94 23 0 8)
#(94 24 0 19)
#(94 25 1 59)
#(94 26 0 62)
#(94 27 0 72)
#(94 28 0 30)
#(94 29 0 74)
#(94 30 0 14)
#(94 31 0 10)
#(94 32 0 52)
#(94 33 0 28)
#(94 34 0 84)
#(94 35 0 52)
#(94 36 0 43)
#(94 37 0 6)
#(94 38 0 26)
#(94 39 0 63)
#(94 40 0 81)
#(94 41 0 73)
#(94 42 1 53)
#(94 43 0 32)
#(94 44 0 67)
#(94 45 1 12)
#(94 46 1 74)
#(94 47 0 87)
#(94 48 0 54)
#(94 49 1 64)
#(94 50 0 25)
#(94 51 1 39)
#(94 52 0 72)
#(94 53 0 91)
#(94 54 0 12)
#(94 55 0 75)
#(94 56 1 87)
#(94 57 0 76)
#(94 58 0 43)
#(94 59 1 14)
#(94 60 0 71)
#(94 61 0 17)
#(94 62 0 55)
#(94 63 0 21)
#(94 64 0 2)
#(94 65 0 58)
#(94 66 0 52)
#(94 67 1 23)
#(94 68 1 74)
#(94 69 1 83)
#(95 1 0 16)
#(95 2 0 9)
#(95 3 0 41)
#(95 4 0 33)
#(95 5 0 89)
#(95 6 0 10)
#(95 7 1 47)
#(95 8 0 75)
#(95 9 0 48)
#(95 10 0 8)
#(95 11 0 39)
#(95 12 0 95)
#(95 13 0 62)
#(95 14 0 95)
#(95 15 0 69)
#(95 16 1 94)
#(95 17 1 2)
#(95 18 0 32)
#(95 19 0 84)
#(95 20 0 10)
#(95 21 0 71)
#(95 22 0 46)
#(95 23 0 37)
#(95 24 1 6)
#(95 25 0 85)
#(95 26 1 56)
#(95 27 0 91)
#(95 28 0 24)
#(95 29 0 49)
#(95 30 0 66)
#(95 31 0 48)
#(95 32 0 80)
#(95 33 0 76)
#(95 34 0 2)
#(95 35 0 81)
#(95 36 0 41)
#(95 37 1 17)
#(95 38 0 90)
#(95 39 0 69)
#(95 40 0 46)
#(95 41 0 50)
#(95 42 0 37)
#(95 43 1 23)
#(95 44 0 34)
#(95 45 0 72)
#(95 46 0 82)
#(95 47 0 71)
#(95 48 0 81)
#(95 49 1 1)
#(95 50 0 52)
#(95 51 0 5)
#(95 52 0 83)
#(95 53 0 72)
#(95 54 0 50)
#(95 55 0 75)
#(95 56 0 7)
#(95 57 0 72)
#(95 58 1 90)
#(95 59 0 15)
#(95 60 1 67)
#(95 61 0 76)
#(95 62 1 61)
#(95 63 0 61)
#(95 64 0 55)
#(95 65 0 35)
#(95 66 0 74)
#(95 67 0 73)
#(95 68 0 44)
#(95 69 0 44)
#(96 1 0 96)
#(96 2 0 16)
#(96 3 0 42)
#(96 4 0 72)
#(96 5 0 29)
#(96 6 1 27)
#(96 7 1 6)
#(96 8 0 29)
#(96 9 0 80)
#(96 10 0 30)
#(96 11 0 47)
#(96 12 1 51)
#(96 13 1 10)
#(96 14 1 1)
#(96 15 0 93)
#(96 16 0 86)
#(96 17 0 85)
#(96 18 0 73)
#(96 19 0 89)
#(96 20 0 8)
#(96 21 1 85)
#(96 22 0 84)
#(96 23 0 90)
#(96 24 1 11)
#(96 25 1 82)
#(96 26 0 98)
#(96 27 1 58)
#(96 28 0 63)
#(96 29 0 21)
#(96 30 0 78)
#(96 31 1 51)
#(96 32 0 59)
#(96 33 1 6)
#(96 34 0 63)
#(96 35 0 24)
#(96 36 1 54)
#(96 37 1 71)
#(96 38 1 38)
#(96 39 0 23)
#(96 40 0 16)
#(96 41 0 36)
#(96 42 0 60)
#(96 43 1 51)
#(96 44 0 33)
#(96 45 1 84)
#(96 46 0 81)
#(96 47 0 66)
#(96 48 1 31)
#(96 49 0 25)
#(96 50 0 5)
#(96 51 0 81)
#(96 52 1 89)
#(96 53 0 69)
#(96 54 0 59)
#(96 55 0 92)
#(96 56 0 10)
#(96 57 0 20)
#(96 58 0 22)
#(96 59 0 57)
#(96 60 1 90)
#(96 61 0 63)
#(96 62 1 6)
#(96 63 1 57)
#(96 64 0 56)
#(96 65 0 59)
#(96 66 0 9)
#(96 67 0 6)
#(96 68 1 25)
#(96 69 1 37)
#(97 1 1 1)
#(97 2 0 89)
#(97 3 0 91)
#(97 4 1 50)
#(97 5 0 97)
#(97 6 0 14)
#(97 7 0 33)
#(97 8 1 92)
#(97 9 0 25)
#(97 10 1 52)
#(97 11 0 91)
#(97 12 1 37)
#(97 13 0 26)
#(97 14 1 47)
#(97 15 0 25)
#(97 16 0 52)
#(97 17 0 95)
#(97 18 1 42)
#(97 19 1 25)
#(97 20 0 37)
#(97 21 0 83)
#(97 22 0 5)
#(97 23 0 37)
#(97 24 1 48)
#(97 25 0 90)
#(97 26 0 93)
#(97 27 1 90)
#(97 28 0 96)
#(97 29 0 16)
#(97 30 1 1)
#(97 31 1 76)
#(97 32 0 58)
#(97 33 0 25)
#(97 34 0 38)
#(97 35 1 65)
#(97 36 1 90)
#(97 37 0 75)
#(97 38 0 38)
#(97 39 0 45)
#(97 40 1 38)
#(97 41 0 29)
#(97 42 0 35)
#(97 43 1 34)
#(97 44 0 72)
#(97 45 1 75)
#(97 46 0 91)
#(97 47 0 57)
#(97 48 0 60)
#(97 49 0 20)
#(97 50 0 72)
#(97 51 0 51)
#(97 52 1 44)
#(97 53 0 72)
#(97 54 0 19)
#(97 55 0 75)
#(97 56 0 60)
#(97 57 0 4)
#(97 58 0 5)
#(97 59 0 48)
#(97 60 0 12)
#(97 61 0 83)
#(97 62 1 87)
#(97 63 0 45)
#(97 64 0 22)
#(97 65 0 29)
#(97 66 1 80)
#(97 67 1 7)
#(97 68 0 35)
#(97 69 0 26)
#(98 1 1 60)
#(98 2 0 94)
#(98 3 0 95)
#(98 4 0 70)
#(98 5 0 69)
#(98 6 1 45)
#(98 7 0 87)
#(98 8 1 13)
#(98 9 0 84)
#(98 10 0 25)
#(98 11 1 3)
#(98 12 0 29)
#(98 13 0 97)
#(98 14 1 93)
#(98 15 0 1)
#(98 16 1 72)
#(98 17 0 93)
#(98 18 0 20)
#(98 19 0 66)
#(98 20 0 82)
#(98 21 1 49)
#(98 22 0 56)
#(98 23 1 38)
#(98 24 0 48)
#(98 25 0 96)
#(98 26 0 39)
#(98 27 1 1)
#(98 28 1 96)
#(98 29 1 95)
#(98 30 1 81)
#(98 31 0 33)
#(98 32 0 9)
#(98 33 0 18)
#(98 34 1 83)
#(98 35 0 18)
#(98 36 1 7)
#(98 37 0 47)
#(98 38 0 94)
#(98 39 0 94)
#(98 40 0 78)
#(98 41 0 23)
#(98 42 0 38)
#(98 43 1 48)
#(98 44 0 18)
#(98 45 0 59)
#(98 46 0 64)
#(98 47 0 44)
#(98 48 0 56)
#(98 49 0 37)
#(98 50 0 30)
#(98 51 1 84)
#(98 52 0 82)
#(98 53 0 24)
#(98 54 1 1)
#(98 55 0 54)
#(98 56 0 97)
#(98 57 1 31)
#(98 58 0 71)
#(98 59 0 94)
#(98 60 1 67)
#(98 61 0 31)
#(98 62 0 3)
#(98 63 0 97)
#(98 64 1 64)
#(98 65 1 49)
#(98 66 1 65)
#(98 67 1 62)
#(98 68 0 90)
#(98 69 0 83)
#(99 1 0 23)
#(99 2 0 27)
#(99 3 0 73)
#(99 4 0 3)
#(99 5 0 81)
#(99 6 1 46)
#(99 7 0 23)
#(99 8 0 94)
#(99 9 0 3)
#(99 10 1 42)
#(99 11 0 2)
#(99 12 0 25)
#(99 13 0 51)
#(99 14 0 74)
#(99 15 0 64)
#(99 16 1 13)
#(99 17 1 81)
#(99 18 0 23)
#(99 19 1 25)
#(99 20 0 5)
#(99 21 0 33)
#(99 22 0 7)
#(99 23 0 46)
#(99 24 0 36)
#(99 25 1 20)
#(99 26 1 19)
#(99 27 0 92)
#(99 28 0 19)
#(99 29 0 44)
#(99 30 0 45)
#(99 31 1 14)
#(99 32 1 27)
#(99 33 1 60)
#(99 34 0 35)
#(99 35 0 73)
#(99 36 0 22)
#(99 37 0 49)
#(99 38 1 58)
#(99 39 0 1)
#(99 40 1 32)
#(99 41 0 17)
#(99 42 0 66)
#(99 43 0 31)
#(99 44 0 90)
#(99 45 0 75)
#(99 46 0 58)
#(99 47 0 93)
#(99 48 1 66)
#(99 49 0 89)
#(99 50 1 43)
#(99 51 0 96)
#(99 52 0 11)
#(99 53 0 82)
#(99 54 0 48)
#(99 55 0 42)
#(99 56 0 22)
#(99 57 0 22)
#(99 58 0 2)
#(99 59 1 52)
#(99 60 0 57)
#(99 61 1 93)
#(99 62 0 28)
#(99 63 0 76)
#(99 64 0 4)
#(99 65 0 57)
#(99 66 0 13)
#(99 67 0 59)
#(99 68 0 16)
#(99 69 0 92)
#(100 1 0 21)
#(100 2 0 31)
#(100 3 0 9)
#(100 4 0 59)
#(100 5 0 97)
#(100 6 0 74)
#(100 7 1 35)
#(100 8 1 25)
#(100 9 1 58)
#(100 10 0 77)
#(100 11 0 1)
#(100 12 1 6)
#(100 13 0 34)
#(100 14 1 48)
#(100 15 1 11)
#(100 16 0 60)
#(100 17 1 52)
#(100 18 0 31)
#(100 19 0 39)
#(100 20 1 72)
#(100 21 0 34)
#(100 22 0 93)
#(100 23 0 39)
#(100 24 1 11)
#(100 25 1 15)
#(100 26 0 79)
#(100 27 0 75)
#(100 28 1 57)
#(100 29 0 37)
#(100 30 0 77)
#(100 31 0 3)
#(100 32 0 4)
#(100 33 0 29)
#(100 34 0 32)
#(100 35 1 16)
#(100 36 0 19)
#(100 37 0 52)
#(100 38 1 62)
#(100 39 0 58)
#(100 40 0 62)
#(100 41 0 71)
#(100 42 0 16)
#(100 43 0 20)
#(100 44 0 29)
#(100 45 0 49)
#(100 46 1 8)
#(100 47 1 52)
#(100 48 0 36)
#(100 49 0 31)
#(100 50 1 44)
#(100 51 1 85)
#(100 52 1 64)
#(100 53 0 74)
#(100 54 0 8)
#(100 55 1 82)
#(100 56 0 86)
#(100 57 1 88)
#(100 58 0 44)
#(100 59 0 28)
#(100 60 0 78)
#(100 61 1 41)
#(100 62 0 25)
#(100 63 0 68)
#(100 64 1 21)
#(100 65 0 54)
#(100 66 1 22)
#(100 67 0 66)
#(100 68 0 40)
#(100 69 0 33)
#(101 1 1 41)
#(101 2 1 21)
#(101 3 1 30)
#(101 4 0 55)
#(101 5 1 85)
#(101 6 0 71)
#(101 7 1 28)
#(101 8 0 3)
#(101 9 0 41)
#(101 10 0 10)
#(101 11 0 72)
#(101 12 1 44)
#(101 13 0 73)
#(101 14 0 40)
#(101 15 0 5)
#(101 16 1 64)
#(101 17 1 6)
#(101 18 0 62)
#(101 19 0 2)
#(101 20 0 63)
#(101 21 0 54)
#(101 22 0 87)
#(101 23 0 30)
#(101 24 0 11)
#(101 25 0 56)
#(101 26 0 65)
#(101 27 0 53)
#(101 28 0 72)
#(101 29 1 82)
#(101 30 0 91)
#(101 31 1 69)
#(101 32 0 8)
#(101 33 0 12)
#(101 34 1 29)
#(101 35 0 7)
#(101 36 0 49)
#(101 37 0 45)
#(101 38 0 19)
#(101 39 0 13)
#(101 40 0 31)
#(101 41 0 27)
#(101 42 1 47)
#(101 43 0 15)
#(101 44 1 5)
#(101 45 1 19)
#(101 46 0 16)
#(101 47 0 23)
#(101 48 0 71)
#(101 49 0 19)
#(101 50 0 69)
#(101 51 1 55)
#(101 52 0 65)
#(101 53 0 25)
#(101 54 0 56)
#(101 55 0 53)
#(101 56 0 6)
#(101 57 0 18)
#(101 58 1 47)
#(101 59 0 38)
#(101 60 0 32)
#(101 61 0 67)
#(101 62 0 60)
#(101 63 0 25)
#(101 64 0 10)
#(101 65 1 96)
#(101 66 1 46)
#(101 67 1 94)
#(101 68 0 17)
#(101 69 0 66)
#(102 1 1 41)
#(102 2 0 44)
#(102 3 0 77)
#(102 4 0 48)
#(102 5 0 17)
#(102 6 0 13)
#(102 7 1 92)
#(102 8 1 41)
#(102 9 0 45)
#(102 10 0 0)
#(102 11 0 54)
#(102 12 1 33)
#(102 13 0 70)
#(102 14 1 7)
#(102 15 0 36)
#(102 16 0 97)
#(102 17 0 72)
#(102 18 0 81)
#(102 19 0 4)
#(102 20 0 12)
#(102 21 1 15)
#(102 22 0 22)
#(102 23 0 40)
#(102 24 1 20)
#(102 25 1 19)
#(102 26 0 91)
#(102 27 0 67)
#(102 28 1 29)
#(102 29 0 23)
#(102 30 1 30)
#(102 31 1 14)
#(102 32 0 89)
#(102 33 1 62)
#(102 34 0 51)
#(102 35 1 97)
#(102 36 0 15)
#(102 37 1 67)
#(102 38 0 59)
#(102 39 1 15)
#(102 40 0 57)
#(102 41 0 84)
#(102 42 1 28)
#(102 43 1 48)
#(102 44 0 33)
#(102 45 1 18)
#(102 46 0 52)
#(102 47 0 67)
#(102 48 0 56)
#(102 49 1 6)
#(102 50 0 31)
#(102 51 0 70)
#(102 52 1 71)
#(102 53 0 1)
#(102 54 0 60)
#(102 55 0 67)
#(102 56 0 29)
#(102 57 0 66)
#(102 58 1 41)
#(102 59 0 53)
#(102 60 0 67)
#(102 61 1 63)
#(102 62 1 21)
#(102 63 0 78)
#(102 64 1 3)
#(102 65 1 97)
#(102 66 0 90)
#(102 67 0 92)
#(102 68 1 16)
#(102 69 0 88)
#(103 1 1 59)
#(103 2 0 71)
#(103 3 1 45)
#(103 4 0 47)
#(103 5 0 95)
#(103 6 0 81)
#(103 7 0 88)
#(103 8 0 62)
#(103 9 1 25)
#(103 10 0 52)
#(103 11 0 72)
#(103 12 0 62)
#(103 13 0 14)
#(103 14 1 58)
#(103 15 0 78)
#(103 16 0 70)
#(103 17 0 53)
#(103 18 1 92)
#(103 19 0 0)
#(103 20 0 45)
#(103 21 0 77)
#(103 22 1 63)
#(103 23 1 40)
#(103 24 0 5)
#(103 25 0 3)
#(103 26 0 52)
#(103 27 1 52)
#(103 28 0 31)
#(103 29 0 15)
#(103 30 1 71)
#(103 31 0 82)
#(103 32 0 79)
#(103 33 0 17)
#(103 34 0 55)
#(103 35 0 86)
#(103 36 1 60)
#(103 37 0 88)
#(103 38 1 17)
#(103 39 0 49)
#(103 40 1 5)
#(103 41 0 13)
#(103 42 1 64)
#(103 43 0 74)
#(103 44 0 29)
#(103 45 0 77)
#(103 46 0 27)
#(103 47 0 92)
#(103 48 0 51)
#(103 49 0 94)
#(103 50 0 58)
#(103 51 0 54)
#(103 52 0 60)
#(103 53 1 4)
#(103 54 0 17)
#(103 55 0 5)
#(103 56 0 28)
#(103 57 0 30)
#(103 58 1 22)
#(103 59 0 70)
#(103 60 0 16)
#(103 61 1 82)
#(103 62 1 29)
#(103 63 0 90)
#(103 64 0 36)
#(103 65 0 59)
#(103 66 1 82)
#(103 67 0 27)
#(103 68 0 43)
#(103 69 0 29)
#(104 1 1 15)
#(104 2 1 79)
#(104 3 0 66)
#(104 4 0 11)
#(104 5 1 67)
#(104 6 0 36)
#(104 7 0 32)
#(104 8 0 68)
#(104 9 1 86)
#(104 10 0 10)
#(104 11 0 87)
#(104 12 0 51)
#(104 13 0 61)
#(104 14 0 57)
#(104 15 0 25)
#(104 16 1 24)
#(104 17 1 85)
#(104 18 1 43)
#(104 19 0 97)
#(104 20 1 82)
#(104 21 0 83)
#(104 22 1 32)
#(104 23 0 0)
#(104 24 0 75)
#(104 25 0 57)
#(104 26 0 81)
#(104 27 0 67)
#(104 28 0 73)
#(104 29 1 33)
#(104 30 0 60)
#(104 31 1 19)
#(104 32 0 29)
#(104 33 0 21)
#(104 34 0 8)
#(104 35 0 91)
#(104 36 0 94)
#(104 37 0 43)
#(104 38 0 2)
#(104 39 0 28)
#(104 40 0 20)
#(104 41 0 69)
#(104 42 0 52)
#(104 43 1 15)
#(104 44 0 72)
#(104 45 0 60)
#(104 46 0 64)
#(104 47 1 30)
#(104 48 1 54)
#(104 49 1 45)
#(104 50 0 73)
#(104 51 0 14)
#(104 52 0 3)
#(104 53 1 41)
#(104 54 0 33)
#(104 55 0 75)
#(104 56 0 56)
#(104 57 1 79)
#(104 58 0 8)
#(104 59 1 39)
#(104 60 0 75)
#(104 61 0 29)
#(104 62 0 48)
#(104 63 0 44)
#(104 64 0 73)
#(104 65 1 83)
#(104 66 0 3)
#(104 67 0 61)
#(104 68 0 14)
#(104 69 0 45)
#(105 1 0 25)
#(105 2 0 15)
#(105 3 0 68)
#(105 4 0 27)
#(105 5 0 69)
#(105 6 1 69)
#(105 7 1 15)
#(105 8 0 15)
#(105 9 0 97)
#(105 10 0 36)
#(105 11 0 77)
#(105 12 0 51)
#(105 13 1 92)
#(105 14 1 3)
#(105 15 0 56)
#(105 16 1 21)
#(105 17 0 3)
#(105 18 0 55)
#(105 19 0 43)
#(105 20 0 7)
#(105 21 1 2)
#(105 22 1 38)
#(105 23 1 3)
#(105 24 0 34)
#(105 25 0 49)
#(105 26 0 65)
#(105 27 0 32)
#(105 28 0 93)
#(105 29 1 80)
#(105 30 1 49)
#(105 31 0 20)
#(105 32 0 81)
#(105 33 1 40)
#(105 34 1 70)
#(105 35 0 86)
#(105 36 1 50)
#(105 37 0 79)
#(105 38 0 13)
#(105 39 0 97)
#(105 40 1 48)
#(105 41 0 45)
#(105 42 1 94)
#(105 43 1 4)
#(105 44 0 44)
#(105 45 1 43)
#(105 46 1 26)
#(105 47 0 17)
#(105 48 0 13)
#(105 49 0 28)
#(105 50 0 74)
#(105 51 0 10)
#(105 52 1 22)
#(105 53 1 77)
#(105 54 0 63)
#(105 55 1 26)
#(105 56 0 73)
#(105 57 0 84)
#(105 58 0 98)
#(105 59 0 83)
#(105 60 0 44)
#(105 61 0 30)
#(105 62 1 86)
#(105 63 0 14)
#(105 64 0 17)
#(105 65 0 52)
#(105 66 0 15)
#(105 67 0 56)
#(105 68 1 16)
#(105 69 1 22)
#(106 1 0 84)
#(106 2 0 84)
#(106 3 1 28)
#(106 4 0 85)
#(106 5 0 91)
#(106 6 0 72)
#(106 7 0 70)
#(106 8 1 96)
#(106 9 0 13)
#(106 10 0 79)
#(106 11 0 40)
#(106 12 0 14)
#(106 13 0 12)
#(106 14 1 12)
#(106 15 0 85)
#(106 16 0 51)
#(106 17 0 43)
#(106 18 0 0)
#(106 19 1 87)
#(106 20 1 29)
#(106 21 0 43)
#(106 22 0 80)
#(106 23 0 27)
#(106 24 1 64)
#(106 25 0 65)
#(106 26 0 16)
#(106 27 0 8)
#(106 28 0 60)
#(106 29 0 2)
#(106 30 0 46)
#(106 31 0 55)
#(106 32 1 48)
#(106 33 1 86)
#(106 34 0 82)
#(106 35 1 83)
#(106 36 0 37)
#(106 37 0 18)
#(106 38 1 70)
#(106 39 0 43)
#(106 40 1 78)
#(106 41 0 22)
#(106 42 1 92)
#(106 43 1 52)
#(106 44 0 61)
#(106 45 0 45)
#(106 46 0 40)
#(106 47 0 74)
#(106 48 1 84)
#(106 49 0 76)
#(106 50 0 22)
#(106 51 0 5)
#(106 52 1 16)
#(106 53 0 3)
#(106 54 0 29)
#(106 55 1 41)
#(106 56 1 2)
#(106 57 1 59)
#(106 58 0 67)
#(106 59 1 51)
#(106 60 1 94)
#(106 61 1 27)
#(106 62 0 37)
#(106 63 1 52)
#(106 64 0 25)
#(106 65 0 81)
#(106 66 1 78)
#(106 67 0 41)
#(106 68 0 35)
#(106 69 0 59)
#(107 1 1 75)
#(107 2 0 10)
#(107 3 1 1)
#(107 4 1 27)
#(107 5 1 20)
#(107 6 0 43)
#(107 7 0 75)
#(107 8 0 24)
#(107 9 1 94)
#(107 10 1 35)
#(107 11 0 57)
#(107 12 0 95)
#(107 13 1 28)
#(107 14 0 37)
#(107 15 1 79)
#(107 16 0 53)
#(107 17 0 95)
#(107 18 0 37)
#(107 19 1 67)
#(107 20 0 67)
#(107 21 0 53)
#(107 22 1 70)
#(107 23 0 92)
#(107 24 0 68)
#(107 25 0 51)
#(107 26 0 62)
#(107 27 0 72)
#(107 28 0 21)
#(107 29 1 88)
#(107 30 0 81)
#(107 31 0 28)
#(107 32 1 23)
#(107 33 0 25)
#(107 34 0 62)
#(107 35 0 32)
#(107 36 0 23)
#(107 37 0 27)
#(107 38 0 90)
#(107 39 0 95)
#(107 40 1 71)
#(107 41 0 87)
#(107 42 0 69)
#(107 43 0 68)
#(107 44 0 63)
#(107 45 0 9)
#(107 46 0 7)
#(107 47 0 14)
#(107 48 0 18)
#(107 49 0 42)
#(107 50 0 78)
#(107 51 0 18)
#(107 52 0 90)
#(107 53 0 48)
#(107 54 0 17)
#(107 55 0 84)
#(107 56 0 49)
#(107 57 0 20)
#(107 58 0 61)
#(107 59 0 19)
#(107 60 1 4)
#(107 61 1 39)
#(107 62 1 31)
#(107 63 0 4)
#(107 64 1 74)
#(107 65 0 18)
#(107 66 0 58)
#(107 67 0 83)
#(107 68 1 66)
#(107 69 1 91)
#(108 1 1 27)
#(108 2 0 50)
#(108 3 0 8)
#(108 4 1 69)
#(108 5 0 41)
#(108 6 0 50)
#(108 7 0 81)
#(108 8 0 53)
#(108 9 0 97)
#(108 10 0 63)
#(108 11 0 72)
#(108 12 0 79)
#(108 13 1 31)
#(108 14 0 1)
#(108 15 0 30)
#(108 16 0 90)
#(108 17 0 1)
#(108 18 0 17)
#(108 19 1 26)
#(108 20 1 74)
#(108 21 0 11)
#(108 22 0 89)
#(108 23 0 49)
#(108 24 0 69)
#(108 25 0 71)
#(108 26 0 41)
#(108 27 1 12)
#(108 28 1 27)
#(108 29 0 77)
#(108 30 1 30)
#(108 31 0 30)
#(108 32 0 40)
#(108 33 0 30)
#(108 34 1 40)
#(108 35 0 2)
#(108 36 0 77)
#(108 37 1 14)
#(108 38 1 22)
#(108 39 0 40)
#(108 40 0 11)
#(108 41 0 23)
#(108 42 0 34)
#(108 43 0 83)
#(108 44 1 55)
#(108 45 0 81)
#(108 46 0 27)
#(108 47 0 4)
#(108 48 1 82)
#(108 49 1 49)
#(108 50 1 96)
#(108 51 1 0)
#(108 52 0 54)
#(108 53 0 61)
#(108 54 0 15)
#(108 55 0 7)
#(108 56 0 65)
#(108 57 0 74)
#(108 58 1 80)
#(108 59 0 57)
#(108 60 0 46)
#(108 61 0 95)
#(108 62 0 45)
#(108 63 0 92)
#(108 64 1 6)
#(108 65 0 44)
#(108 66 0 43)
#(108 67 0 49)
#(108 68 0 17)
#(108 69 0 2)
#(109 1 0 56)
#(109 2 0 77)
#(109 3 0 89)
#(109 4 0 30)
#(109 5 0 28)
#(109 6 0 61)
#(109 7 0 55)
#(109 8 0 69)
#(109 9 0 74)
#(109 10 0 0)
#(109 11 0 12)
#(109 12 1 82)
#(109 13 0 56)
#(109 14 0 58)
#(109 15 0 53)
#(109 16 1 65)
#(109 17 0 60)
#(109 18 0 77)
#(109 19 0 10)
#(109 20 0 67)
#(109 21 0 28)
#(109 22 0 78)
#(109 23 0 65)
#(109 24 0 86)
#(109 25 0 69)
#(109 26 1 43)
#(109 27 0 14)
#(109 28 0 18)
#(109 29 0 45)
#(109 30 1 68)
#(109 31 0 56)
#(109 32 0 58)
#(109 33 0 79)
#(109 34 1 72)
#(109 35 1 67)
#(109 36 0 20)
#(109 37 1 9)
#(109 38 0 39)
#(109 39 0 42)
#(109 40 0 62)
#(109 41 1 18)
#(109 42 0 45)
#(109 43 0 97)
#(109 44 0 19)
#(109 45 0 48)
#(109 46 1 33)
#(109 47 1 75)
#(109 48 1 30)
#(109 49 0 90)
#(109 50 1 74)
#(109 51 1 62)
#(109 52 1 15)
#(109 53 0 75)
#(109 54 1 29)
#(109 55 1 56)
#(109 56 1 53)
#(109 57 0 98)
#(109 58 0 20)
#(109 59 1 98)
#(109 60 1 74)
#(109 61 1 94)
#(109 62 0 29)
#(109 63 0 59)
#(109 64 0 85)
#(109 65 1 89)
#(109 66 0 65)
#(109 67 0 38)
#(109 68 1 0)
#(109 69 0 87)
#(110 1 1 85)
#(110 2 0 7)
#(110 3 1 34)
#(110 4 1 79)
#(110 5 0 4)
#(110 6 0 67)
#(110 7 1 12)
#(110 8 0 63)
#(110 9 1 92)
#(110 10 1 30)
#(110 11 0 81)
#(110 12 1 51)
#(110 13 0 95)
#(110 14 1 65)
#(110 15 0 33)
#(110 16 0 56)
#(110 17 0 23)
#(110 18 0 2)
#(110 19 0 74)
#(110 20 0 2)
#(110 21 1 70)
#(110 22 1 32)
#(110 23 1 5)
#(110 24 1 88)
#(110 25 0 98)
#(110 26 0 34)
#(110 27 0 61)
#(110 28 1 6)
#(110 29 0 90)
#(110 30 0 74)
#(110 31 1 54)
#(110 32 0 34)
#(110 33 0 33)
#(110 34 0 56)
#(110 35 0 88)
#(110 36 0 9)
#(110 37 0 1)
#(110 38 1 53)
#(110 39 1 93)
#(110 40 0 76)
#(110 41 1 52)
#(110 42 0 41)
#(110 43 0 68)
#(110 44 0 77)
#(110 45 0 31)
#(110 46 0 74)
#(110 47 0 25)
#(110 48 0 15)
#(110 49 0 25)
#(110 50 0 36)
#(110 51 1 85)
#(110 52 0 59)
#(110 53 0 33)
#(110 54 0 85)
#(110 55 0 84)
#(110 56 1 70)
#(110 57 1 27)
#(110 58 1 8)
#(110 59 0 5)
#(110 60 0 39)
#(110 61 1 50)
#(110 62 0 26)
#(110 63 0 46)
#(110 64 0 18)
#(110 65 0 33)
#(110 66 0 19)
#(110 67 1 92)
#(110 68 0 84)
#(110 69 1 67)
#(111 1 0 16)
#(111 2 1 67)
#(111 3 0 13)
#(111 4 1 15)
#(111 5 0 89)
#(111 6 0 73)
#(111 7 0 30)
#(111 8 0 92)
#(111 9 0 8)
#(111 10 0 44)
#(111 11 0 6)
#(111 12 0 70)
#(111 13 0 12)
#(111 14 1 78)
#(111 15 0 30)
#(111 16 1 50)
#(111 17 0 20)
#(111 18 0 16)
#(111 19 0 68)
#(111 20 0 34)
#(111 21 0 28)
#(111 22 1 54)
#(111 23 0 88)
#(111 24 1 2)
#(111 25 0 28)
#(111 26 0 39)
#(111 27 0 64)
#(111 28 0 42)
#(111 29 0 75)
#(111 30 0 46)
#(111 31 0 42)
#(111 32 1 15)
#(111 33 0 91)
#(111 34 0 4)
#(111 35 0 41)
#(111 36 0 31)
#(111 37 1 74)
#(111 38 0 68)
#(111 39 0 51)
#(111 40 0 62)
#(111 41 0 31)
#(111 42 1 77)
#(111 43 1 24)
#(111 44 0 11)
#(111 45 0 5)
#(111 46 0 30)
#(111 47 0 39)
#(111 48 0 2)
#(111 49 0 90)
#(111 50 0 97)
#(111 51 0 48)
#(111 52 1 47)
#(111 53 1 92)
#(111 54 0 78)
#(111 55 1 62)
#(111 56 0 73)
#(111 57 1 50)
#(111 58 1 47)
#(111 59 0 48)
#(111 60 0 25)
#(111 61 0 21)
#(111 62 1 65)
#(111 63 0 26)
#(111 64 0 32)
#(111 65 1 65)
#(111 66 0 75)
#(111 67 0 93)
#(111 68 0 87)
#(111 69 0 3)
#(112 1 0 77)
#(112 2 1 53)
#(112 3 0 76)
#(112 4 1 58)
#(112 5 1 58)
#(112 6 0 51)
#(112 7 0 83)
#(112 8 0 22)
#(112 9 0 54)
#(112 10 0 94)
#(112 11 1 64)
#(112 12 1 87)
#(112 13 0 15)
#(112 14 0 93)
#(112 15 0 44)
#(112 16 0 98)
#(112 17 0 8)
#(112 18 0 28)
#(112 19 0 9)
#(112 20 1 60)
#(112 21 0 9)
#(112 22 0 0)
#(112 23 0 86)
#(112 24 0 40)
#(112 25 1 6)
#(112 26 1 68)
#(112 27 0 5)
#(112 28 1 70)
#(112 29 1 11)
#(112 30 0 8)
#(112 31 0 23)
#(112 32 1 5)
#(112 33 1 76)
#(112 34 0 24)
#(112 35 0 25)
#(112 36 0 83)
#(112 37 0 6)
#(112 38 1 29)
#(112 39 0 3)
#(112 40 0 56)
#(112 41 1 77)
#(112 42 1 30)
#(112 43 1 96)
#(112 44 0 93)
#(112 45 1 59)
#(112 46 0 15)
#(112 47 0 30)
#(112 48 0 16)
#(112 49 0 95)
#(112 50 0 77)
#(112 51 0 30)
#(112 52 1 16)
#(112 53 1 84)
#(112 54 1 47)
#(112 55 0 31)
#(112 56 0 24)
#(112 57 0 91)
#(112 58 0 94)
#(112 59 0 66)
#(112 60 0 10)
#(112 61 0 73)
#(112 62 0 96)
#(112 63 0 61)
#(112 64 0 68)
#(112 65 0 16)
#(112 66 0 60)
#(112 67 0 84)
#(112 68 0 34)
#(112 69 0 79)
#(113 1 0 60)
#(113 2 1 81)
#(113 3 0 51)
#(113 4 0 43)
#(113 5 1 66)
#(113 6 1 51)
#(113 7 0 69)
#(113 8 0 69)
#(113 9 0 75)
#(113 10 0 41)
#(113 11 0 93)
#(113 12 1 97)
#(113 13 1 29)
#(113 14 1 28)
#(113 15 1 82)
#(113 16 0 83)
#(113 17 1 76)
#(113 18 1 42)
#(113 19 0 93)
#(113 20 0 88)
#(113 21 0 44)
#(113 22 1 71)
#(113 23 0 8)
#(113 24 0 70)
#(113 25 0 42)
#(113 26 0 79)
#(113 27 0 7)
#(113 28 0 62)
#(113 29 0 33)
#(113 30 1 67)
#(113 31 0 49)
#(113 32 0 72)
#(113 33 0 35)
#(113 34 0 75)
#(113 35 1 98)
#(113 36 1 35)
#(113 37 0 4)
#(113 38 0 5)
#(113 39 1 66)
#(113 40 1 0)
#(113 41 1 51)
#(113 42 0 66)
#(113 43 0 81)
#(113 44 1 83)
#(113 45 0 47)
#(113 46 0 82)
#(113 47 1 77)
#(113 48 0 11)
#(113 49 1 18)
#(113 50 0 90)
#(113 51 0 64)
#(113 52 0 90)
#(113 53 0 31)
#(113 54 1 88)
#(113 55 0 76)
#(113 56 0 78)
#(113 57 0 9)
#(113 58 0 91)
#(113 59 1 47)
#(113 60 0 69)
#(113 61 0 62)
#(113 62 0 4)
#(113 63 0 86)
#(113 64 0 20)
#(113 65 0 78)
#(113 66 0 52)
#(113 67 0 55)
#(113 68 1 33)
#(113 69 0 37)
#(114 1 0 24)
#(114 2 0 62)
#(114 3 0 14)
#(114 4 0 13)
#(114 5 0 1)
#(114 6 0 85)
#(114 7 0 69)
#(114 8 1 89)
#(114 9 0 0)
#(114 10 0 29)
#(114 11 0 38)
#(114 12 0 59)
#(114 13 0 64)
#(114 14 0 23)
#(114 15 0 33)
#(114 16 0 17)
#(114 17 0 24)
#(114 18 0 21)
#(114 19 1 1)
#(114 20 0 96)
#(114 21 1 66)
#(114 22 0 43)
#(114 23 0 78)
#(114 24 1 34)
#(114 25 0 42)
#(114 26 0 49)
#(114 27 0 34)
#(114 28 0 27)
#(114 29 0 84)
#(114 30 0 91)
#(114 31 1 89)
#(114 32 1 95)
#(114 33 0 46)
#(114 34 0 19)
#(114 35 1 1)
#(114 36 1 27)
#(114 37 1 16)
#(114 38 1 41)
#(114 39 0 74)
#(114 40 0 77)
#(114 41 0 79)
#(114 42 0 79)
#(114 43 1 11)
#(114 44 1 85)
#(114 45 0 25)
#(114 46 0 41)
#(114 47 0 33)
#(114 48 0 15)
#(114 49 1 73)
#(114 50 1 59)
#(114 51 0 48)
#(114 52 0 0)
#(114 53 0 59)
#(114 54 1 12)
#(114 55 0 35)
#(114 56 0 30)
#(114 57 0 81)
#(114 58 0 42)
#(114 59 1 70)
#(114 60 0 25)
#(114 61 0 70)
#(114 62 0 61)
#(114 63 1 31)
#(114 64 0 8)
#(114 65 1 88)
#(114 66 1 71)
#(114 67 0 20)
#(114 68 1 91)
#(114 69 0 69)
#(115 1 0 17)
#(115 2 0 5)
#(115 3 0 93)
#(115 4 0 6)
#(115 5 0 91)
#(115 6 0 64)
#(115 7 1 35)
#(115 8 0 92)
#(115 9 1 2)
#(115 10 1 57)
#(115 11 0 18)
#(115 12 1 87)
#(115 13 1 70)
#(115 14 1 43)
#(115 15 1 7)
#(115 16 1 79)
#(115 17 0 2)
#(115 18 1 35)
#(115 19 0 89)
#(115 20 1 23)
#(115 21 0 50)
#(115 22 0 8)
#(115 23 1 54)
#(115 24 0 77)
#(115 25 0 92)
#(115 26 0 81)
#(115 27 0 95)
#(115 28 1 87)
#(115 29 0 36)
#(115 30 1 65)
#(115 31 0 88)
#(115 32 0 21)
#(115 33 0 36)
#(115 34 1 65)
#(115 35 0 3)
#(115 36 0 66)
#(115 37 0 96)
#(115 38 1 75)
#(115 39 0 91)
#(115 40 1 50)
#(115 41 1 61)
#(115 42 1 5)
#(115 43 1 52)
#(115 44 0 75)
#(115 45 0 66)
#(115 46 0 52)
#(115 47 1 16)
#(115 48 1 77)
#(115 49 0 78)
#(115 50 0 96)
#(115 51 0 89)
#(115 52 0 47)
#(115 53 0 43)
#(115 54 0 64)
#(115 55 1 78)
#(115 56 0 12)
#(115 57 1 14)
#(115 58 0 21)
#(115 59 0 83)
#(115 60 0 53)
#(115 61 1 46)
#(115 62 0 60)
#(115 63 1 67)
#(115 64 0 88)
#(115 65 0 35)
#(115 66 1 88)
#(115 67 1 0)
#(115 68 0 87)
#(115 69 0 62)
#(116 1 0 38)
#(116 2 0 95)
#(116 3 1 75)
#(116 4 0 28)
#(116 5 0 28)
#(116 6 1 53)
#(116 7 1 22)
#(116 8 0 93)
#(116 9 1 35)
#(116 10 1 77)
#(116 11 0 58)
#(116 12 0 41)
#(116 13 0 55)
#(116 14 0 60)
#(116 15 1 20)
#(116 16 1 6)
#(116 17 1 33)
#(116 18 0 23)
#(116 19 1 13)
#(116 20 0 93)
#(116 21 1 59)
#(116 22 0 44)
#(116 23 1 59)
#(116 24 1 17)
#(116 25 1 76)
#(116 26 0 50)
#(116 27 1 22)
#(116 28 0 33)
#(116 29 1 92)
#(116 30 1 79)
#(116 31 0 6)
#(116 32 0 77)
#(116 33 0 58)
#(116 34 0 79)
#(116 35 0 97)
#(116 36 1 73)
#(116 37 0 69)
#(116 38 0 70)
#(116 39 0 40)
#(116 40 1 53)
#(116 41 0 34)
#(116 42 0 67)
#(116 43 0 17)
#(116 44 0 55)
#(116 45 0 87)
#(116 46 0 11)
#(116 47 0 21)
#(116 48 0 89)
#(116 49 1 43)
#(116 50 0 71)
#(116 51 0 70)
#(116 52 1 14)
#(116 53 0 37)
#(116 54 0 60)
#(116 55 0 49)
#(116 56 0 23)
#(116 57 1 73)
#(116 58 1 61)
#(116 59 0 4)
#(116 60 0 38)
#(116 61 1 69)
#(116 62 1 33)
#(116 63 0 57)
#(116 64 1 77)
#(116 65 0 83)
#(116 66 0 34)
#(116 67 0 81)
#(116 68 1 64)
#(116 69 1 25)
#(117 1 0 93)
#(117 2 0 38)
#(117 3 0 51)
#(117 4 0 69)
#(117 5 0 75)
#(117 6 0 3)
#(117 7 1 25)
#(117 8 1 50)
#(117 9 1 95)
#(117 10 0 95)
#(117 11 0 96)
#(117 12 1 44)
#(117 13 0 89)
#(117 14 1 72)
#(117 15 0 62)
#(117 16 0 54)
#(117 17 1 17)
#(117 18 0 72)
#(117 19 1 18)
#(117 20 0 68)
#(117 21 0 86)
#(117 22 1 74)
#(117 23 0 70)
#(117 24 1 88)
#(117 25 0 73)
#(117 26 0 91)
#(117 27 0 79)
#(117 28 0 47)
#(117 29 1 89)
#(117 30 1 29)
#(117 31 0 17)
#(117 32 1 37)
#(117 33 0 7)
#(117 34 1 22)
#(117 35 0 70)
#(117 36 0 77)
#(117 37 0 25)
#(117 38 0 12)
#(117 39 0 76)
#(117 40 0 58)
#(117 41 0 94)
#(117 42 1 35)
#(117 43 0 77)
#(117 44 0 22)
#(117 45 0 77)
#(117 46 0 71)
#(117 47 0 56)
#(117 48 0 23)
#(117 49 0 17)
#(117 50 0 44)
#(117 51 0 64)
#(117 52 0 29)
#(117 53 0 48)
#(117 54 0 84)
#(117 55 1 13)
#(117 56 0 33)
#(117 57 1 76)
#(117 58 0 18)
#(117 59 1 53)
#(117 60 1 43)
#(117 61 1 34)
#(117 62 1 17)
#(117 63 0 82)
#(117 64 0 7)
#(117 65 1 66)
#(117 66 0 13)
#(117 67 0 68)
#(117 68 0 62)
#(117 69 0 18)
#(118 1 0 90)
#(118 2 1 70)
#(118 3 0 76)
#(118 4 0 25)
#(118 5 0 79)
#(118 6 0 68)
#(118 7 1 29)
#(118 8 0 45)
#(118 9 0 79)
#(118 10 0 83)
#(118 11 0 43)
#(118 12 0 20)
#(118 13 0 31)
#(118 14 0 95)
#(118 15 0 88)
#(118 16 0 20)
#(118 17 1 65)
#(118 18 0 92)
#(118 19 1 54)
#(118 20 1 55)
#(118 21 0 65)
#(118 22 0 13)
#(118 23 0 27)
#(118 24 0 47)
#(118 25 1 47)
#(118 26 0 54)
#(118 27 1 31)
#(118 28 0 2)
#(118 29 1 97)
#(118 30 1 2)
#(118 31 0 74)
#(118 32 0 2)
#(118 33 1 83)
#(118 34 0 46)
#(118 35 1 42)
#(118 36 1 70)
#(118 37 1 47)
#(118 38 1 39)
#(118 39 1 54)
#(118 40 0 6)
#(118 41 0 88)
#(118 42 0 75)
#(118 43 0 3)
#(118 44 0 7)
#(118 45 0 58)
#(118 46 1 3)
#(118 47 0 93)
#(118 48 0 48)
#(118 49 1 36)
#(118 50 0 75)
#(118 51 0 61)
#(118 52 0 57)
#(118 53 0 76)
#(118 54 1 32)
#(118 55 0 37)
#(118 56 0 62)
#(118 57 0 37)
#(118 58 0 1)
#(118 59 0 74)
#(118 60 1 44)
#(118 61 0 3)
#(118 62 0 71)
#(118 63 0 19)
#(118 64 0 64)
#(118 65 0 90)
#(118 66 0 81)
#(118 67 0 9)
#(118 68 0 47)
#(118 69 0 86)
#(119 1 1 77)
#(119 2 1 0)
#(119 3 1 11)
#(119 4 1 14)
#(119 5 0 1)
#(119 6 1 10)
#(119 7 0 74)
#(119 8 1 50)
#(119 9 0 42)
#(119 10 0 66)
#(119 11 0 14)
#(119 12 1 24)
#(119 13 0 96)
#(119 14 0 21)
#(119 15 0 86)
#(119 16 1 27)
#(119 17 0 84)
#(119 18 0 46)
#(119 19 1 55)
#(119 20 1 18)
#(119 21 0 19)
#(119 22 1 50)
#(119 23 1 82)
#(119 24 0 85)
#(119 25 1 0)
#(119 26 1 84)
#(119 27 0 52)
#(119 28 0 53)
#(119 29 0 81)
#(119 30 0 19)
#(119 31 1 80)
#(119 32 0 56)
#(119 33 0 88)
#(119 34 1 0)
#(119 35 0 88)
#(119 36 0 61)
#(119 37 0 83)
#(119 38 1 41)
#(119 39 0 46)
#(119 40 0 80)
#(119 41 0 76)
#(119 42 0 1)
#(119 43 1 15)
#(119 44 1 19)
#(119 45 0 11)
#(119 46 0 0)
#(119 47 0 45)
#(119 48 1 60)
#(119 49 1 15)
#(119 50 1 33)
#(119 51 1 55)
#(119 52 0 70)
#(119 53 1 24)
#(119 54 1 40)
#(119 55 1 36)
#(119 56 0 62)
#(119 57 0 28)
#(119 58 1 0)
#(119 59 0 11)
#(119 60 1 76)
#(119 61 0 93)
#(119 62 0 1)
#(119 63 0 22)
#(119 64 0 29)
#(119 65 0 28)
#(119 66 0 53)
#(119 67 0 28)
#(119 68 1 26)
#(119 69 0 52)
#(120 1 0 19)
#(120 2 1 15)
#(120 3 0 69)
#(120 4 1 29)
#(120 5 0 76)
#(120 6 0 64)
#(120 7 0 45)
#(120 8 0 68)
#(120 9 1 15)
#(120 10 0 12)
#(120 11 1 58)
#(120 12 0 30)
#(120 13 0 82)
#(120 14 0 82)
#(120 15 0 80)
#(120 16 0 50)
#(120 17 1 35)
#(120 18 0 62)
#(120 19 0 55)
#(120 20 1 37)
#(120 21 0 10)
#(120 22 0 57)
#(120 23 1 56)
#(120 24 0 46)
#(120 25 0 83)
#(120 26 0 74)
#(120 27 0 18)
#(120 28 0 55)
#(120 29 1 87)
#(120 30 0 73)
#(120 31 1 7)
#(120 32 1 9)
#(120 33 0 14)
#(120 34 0 7)
#(120 35 0 83)
#(120 36 0 75)
#(120 37 0 8)
#(120 38 1 30)
#(120 39 1 62)
#(120 40 0 18)
#(120 41 0 25)
#(120 42 0 34)
#(120 43 1 32)
#(120 44 0 12)
#(120 45 0 11)
#(120 46 1 11)
#(120 47 1 24)
#(120 48 1 87)
#(120 49 0 92)
#(120 50 0 80)
#(120 51 0 61)
#(120 52 1 94)
#(120 53 0 84)
#(120 54 0 73)
#(120 55 0 49)
#(120 56 0 13)
#(120 57 0 51)
#(120 58 0 59)
#(120 59 1 33)
#(120 60 1 13)
#(120 61 0 43)
#(120 62 1 49)
#(120 63 0 55)
#(120 64 1 20)
#(120 65 0 72)
#(120 66 0 74)
#(120 67 0 73)
#(120 68 1 48)
#(120 69 0 5)
#(121 1 1 84)
#(121 2 1 96)
#(121 3 0 28)
#(121 4 0 29)
#(121 5 0 51)
#(121 6 0 34)
#(121 7 0 63)
#(121 8 0 10)
#(121 9 0 55)
#(121 10 0 68)
#(121 11 0 37)
#(121 12 1 36)
#(121 13 0 27)
#(121 14 0 51)
#(121 15 1 35)
#(121 16 0 50)
#(121 17 0 19)
#(121 18 1 57)
#(121 19 1 98)
#(121 20 0 8)
#(121 21 0 96)
#(121 22 0 59)
#(121 23 0 31)
#(121 24 1 85)
#(121 25 0 12)
#(121 26 0 40)
#(121 27 0 41)
#(121 28 1 70)
#(121 29 0 7)
#(121 30 0 37)
#(121 31 0 77)
#(121 32 1 69)
#(121 33 0 91)
#(121 34 1 80)
#(121 35 1 45)
#(121 36 1 8)
#(121 37 0 40)
#(121 38 0 5)
#(121 39 1 74)
#(121 40 1 27)
#(121 41 0 83)
#(121 42 0 7)
#(121 43 0 94)
#(121 44 0 60)
#(121 45 1 32)
#(121 46 0 92)
#(121 47 0 50)
#(121 48 1 40)
#(121 49 0 83)
#(121 50 0 44)
#(121 51 0 57)
#(121 52 1 74)
#(121 53 0 15)
#(121 54 0 57)
#(121 55 1 56)
#(121 56 0 41)
#(121 57 1 24)
#(121 58 0 44)
#(121 59 0 60)
#(121 60 0 84)
#(121 61 0 76)
#(121 62 0 0)
#(121 63 0 48)
#(121 64 1 14)
#(121 65 1 5)
#(121 66 0 41)
#(121 67 0 64)
#(121 68 1 79)
#(121 69 0 88)
#(122 1 0 35)
#(122 2 1 12)
#(122 3 0 60)
#(122 4 0 51)
#(122 5 1 19)
#(122 6 0 57)
#(122 7 1 77)
#(122 8 0 23)
#(122 9 1 0)
#(122 10 0 15)
#(122 11 0 78)
#(122 12 0 47)
#(122 13 0 70)
#(122 14 0 28)
#(122 15 0 10)
#(122 16 1 81)
#(122 17 0 95)
#(122 18 0 7)
#(122 19 0 60)
#(122 20 0 52)
#(122 21 0 83)
#(122 22 0 68)
#(122 23 0 1)
#(122 24 1 98)
#(122 25 0 29)
#(122 26 0 90)
#(122 27 0 1)
#(122 28 0 5)
#(122 29 0 87)
#(122 30 1 33)
#(122 31 0 82)
#(122 32 0 88)
#(122 33 0 59)
#(122 34 0 40)
#(122 35 1 82)
#(122 36 0 67)
#(122 37 1 43)
#(122 38 0 58)
#(122 39 0 77)
#(122 40 0 53)
#(122 41 1 98)
#(122 42 0 38)
#(122 43 1 83)
#(122 44 0 79)
#(122 45 0 55)
#(122 46 1 98)
#(122 47 0 57)
#(122 48 0 71)
#(122 49 1 4)
#(122 50 0 51)
#(122 51 0 2)
#(122 52 0 95)
#(122 53 1 52)
#(122 54 0 53)
#(122 55 1 38)
#(122 56 0 27)
#(122 57 1 62)
#(122 58 1 83)
#(122 59 1 11)
#(122 60 0 53)
#(122 61 1 48)
#(122 62 0 79)
#(122 63 1 81)
#(122 64 1 62)
#(122 65 0 70)
#(122 66 0 59)
#(122 67 0 92)
#(122 68 0 82)
#(122 69 0 93)
#(123 1 0 21)
#(123 2 0 22)
#(123 3 1 53)
#(123 4 0 32)
#(123 5 0 31)
#(123 6 1 0)
#(123 7 0 53)
#(123 8 1 69)
#(123 9 0 96)
#(123 10 0 17)
#(123 11 0 39)
#(123 12 0 48)
#(123 13 0 14)
#(123 14 0 46)
#(123 15 1 31)
#(123 16 1 88)
#(123 17 0 20)
#(123 18 0 1)
#(123 19 1 63)
#(123 20 1 76)
#(123 21 0 95)
#(123 22 0 40)
#(123 23 1 72)
#(123 24 0 14)
#(123 25 0 57)
#(123 26 0 7)
#(123 27 1 5)
#(123 28 0 61)
#(123 29 1 74)
#(123 30 0 86)
#(123 31 0 94)
#(123 32 0 84)
#(123 33 1 43)
#(123 34 0 53)
#(123 35 0 10)
#(123 36 0 76)
#(123 37 0 9)
#(123 38 0 50)
#(123 39 0 92)
#(123 40 1 43)
#(123 41 0 0)
#(123 42 0 34)
#(123 43 0 38)
#(123 44 0 38)
#(123 45 0 3)
#(123 46 0 32)
#(123 47 0 90)
#(123 48 1 74)
#(123 49 1 36)
#(123 50 0 57)
#(123 51 0 3)
#(123 52 1 62)
#(123 53 0 45)
#(123 54 0 11)
#(123 55 0 54)
#(123 56 1 14)
#(123 57 0 29)
#(123 58 1 7)
#(123 59 1 58)
#(123 60 0 88)
#(123 61 0 85)
#(123 62 0 58)
#(123 63 1 93)
#(123 64 0 92)
#(123 65 0 7)
#(123 66 1 39)
#(123 67 1 66)
#(123 68 1 94)
#(123 69 0 14)
#(124 1 1 19)
#(124 2 1 38)
#(124 3 0 8)
#(124 4 1 79)
#(124 5 1 32)
#(124 6 0 49)
#(124 7 1 54)
#(124 8 0 65)
#(124 9 0 14)
#(124 10 0 60)
#(124 11 0 49)
#(124 12 0 4)
#(124 13 0 39)
#(124 14 1 96)
#(124 15 0 42)
#(124 16 0 82)
#(124 17 1 19)
#(124 18 0 87)
#(124 19 0 21)
#(124 20 0 64)
#(124 21 0 33)
#(124 22 0 6)
#(124 23 0 70)
#(124 24 0 7)
#(124 25 1 24)
#(124 26 0 20)
#(124 27 0 33)
#(124 28 0 5)
#(124 29 1 33)
#(124 30 1 53)
#(124 31 1 2)
#(124 32 1 61)
#(124 33 0 55)
#(124 34 0 41)
#(124 35 1 55)
#(124 36 1 58)
#(124 37 1 45)
#(124 38 0 39)
#(124 39 0 2)
#(124 40 0 67)
#(124 41 0 53)
#(124 42 1 6)
#(124 43 0 56)
#(124 44 0 50)
#(124 45 1 70)
#(124 46 0 43)
#(124 47 0 3)
#(124 48 0 8)
#(124 49 0 1)
#(124 50 1 16)
#(124 51 0 70)
#(124 52 0 64)
#(124 53 0 50)
#(124 54 0 96)
#(124 55 1 93)
#(124 56 0 7)
#(124 57 0 66)
#(124 58 0 50)
#(124 59 0 70)
#(124 60 0 4)
#(124 61 1 67)
#(124 62 0 42)
#(124 63 0 68)
#(124 64 0 13)
#(124 65 0 7)
#(124 66 0 85)
#(124 67 0 31)
#(124 68 1 6)
#(124 69 0 0)
#(125 1 0 48)
#(125 2 0 88)
#(125 3 1 96)
#(125 4 1 29)
#(125 5 0 20)
#(125 6 1 14)
#(125 7 1 52)
#(125 8 0 19)
#(125 9 0 5)
#(125 10 1 53)
#(125 11 0 96)
#(125 12 0 26)
#(125 13 0 20)
#(125 14 0 17)
#(125 15 0 16)
#(125 16 0 69)
#(125 17 0 89)
#(125 18 0 63)
#(125 19 0 75)
#(125 20 1 17)
#(125 21 0 14)
#(125 22 1 48)
#(125 23 0 27)
#(125 24 0 65)
#(125 25 0 19)
#(125 26 0 39)
#(125 27 0 78)
#(125 28 1 67)
#(125 29 0 23)
#(125 30 1 40)
#(125 31 0 46)
#(125 32 0 6)
#(125 33 0 98)
#(125 34 0 30)
#(125 35 1 94)
#(125 36 1 70)
#(125 37 0 1)
#(125 38 0 8)
#(125 39 0 78)
#(125 40 1 74)
#(125 41 0 43)
#(125 42 0 11)
#(125 43 0 69)
#(125 44 0 12)
#(125 45 0 20)
#(125 46 1 6)
#(125 47 1 67)
#(125 48 1 3)
#(125 49 0 26)
#(125 50 0 61)
#(125 51 0 17)
#(125 52 0 47)
#(125 53 0 27)
#(125 54 1 48)
#(125 55 1 57)
#(125 56 0 82)
#(125 57 0 89)
#(125 58 1 82)
#(125 59 0 33)
#(125 60 1 64)
#(125 61 0 50)
#(125 62 1 92)
#(125 63 0 0)
#(125 64 0 74)
#(125 65 0 27)
#(125 66 0 76)
#(125 67 0 7)
#(125 68 0 23)
#(125 69 0 49)
#(126 1 1 10)
#(126 2 1 59)
#(126 3 0 49)
#(126 4 0 90)
#(126 5 1 12)
#(126 6 1 71)
#(126 7 1 71)
#(126 8 0 11)
#(126 9 0 75)
#(126 10 0 28)
#(126 11 1 50)
#(126 12 0 27)
#(126 13 0 45)
#(126 14 0 66)
#(126 15 1 95)
#(126 16 1 54)
#(126 17 0 69)
#(126 18 1 71)
#(126 19 0 69)
#(126 20 0 10)
#(126 21 0 60)
#(126 22 0 73)
#(126 23 0 63)
#(126 24 0 98)
#(126 25 1 62)
#(126 26 0 48)
#(126 27 1 70)
#(126 28 0 41)
#(126 29 0 66)
#(126 30 1 66)
#(126 31 0 33)
#(126 32 1 92)
#(126 33 1 22)
#(126 34 0 83)
#(126 35 0 5)
#(126 36 1 38)
#(126 37 1 45)
#(126 38 1 89)
#(126 39 1 76)
#(126 40 0 14)
#(126 41 0 81)
#(126 42 1 97)
#(126 43 0 7)
#(126 44 0 13)
#(126 45 0 55)
#(126 46 1 29)
#(126 47 0 20)
#(126 48 0 0)
#(126 49 1 36)
#(126 50 0 1)
#(126 51 1 63)
#(126 52 0 34)
#(126 53 0 29)
#(126 54 0 80)
#(126 55 0 91)
#(126 56 0 52)
#(126 57 0 74)
#(126 58 1 20)
#(126 59 1 78)
#(126 60 0 12)
#(126 61 0 7)
#(126 62 1 96)
#(126 63 0 58)
#(126 64 0 36)
#(126 65 1 48)
#(126 66 0 19)
#(126 67 1 5)
#(126 68 0 49)
#(126 69 0 13)
#(127 1 0 78)
#(127 2 0 53)
#(127 3 0 61)
#(127 4 0 46)
#(127 5 1 13)
#(127 6 0 96)
#(127 7 1 52)
#(127 8 1 65)
#(127 9 1 53)
#(127 10 1 62)
#(127 11 1 14)
#(127 12 0 29)
#(127 13 0 9)
#(127 14 0 98)
#(127 15 0 94)
#(127 16 0 59)
#(127 17 0 27)
#(127 18 1 3)
#(127 19 1 91)
#(127 20 0 20)
#(127 21 0 8)
#(127 22 1 1)
#(127 23 1 73)
#(127 24 0 76)
#(127 25 0 39)
#(127 26 1 5)
#(127 27 0 39)
#(127 28 1 85)
#(127 29 1 54)
#(127 30 1 94)
#(127 31 1 1)
#(127 32 0 16)
#(127 33 0 32)
#(127 34 0 0)
#(127 35 0 1)
#(127 36 1 40)
#(127 37 0 30)
#(127 38 1 29)
#(127 39 1 32)
#(127 40 0 42)
#(127 41 1 15)
#(127 42 0 58)
#(127 43 0 37)
#(127 44 0 42)
#(127 45 1 3)
#(127 46 1 54)
#(127 47 0 7)
#(127 48 0 82)
#(127 49 1 96)
#(127 50 1 50)
#(127 51 0 63)
#(127 52 0 93)
#(127 53 0 2)
#(127 54 0 76)
#(127 55 1 63)
#(127 56 0 53)
#(127 57 0 12)
#(127 58 0 90)
#(127 59 0 10)
#(127 60 1 47)
#(127 61 1 72)
#(127 62 0 97)
#(127 63 0 51)
#(127 64 1 63)
#(127 65 0 61)
#(127 66 0 25)
#(127 67 0 25)
#(127 68 1 74)
#(127 69 1 19)
#(128 1 0 85)
#(128 2 0 53)
#(128 3 0 36)
#(128 4 0 39)
#(128 5 0 54)
#(128 6 1 55)
#(128 7 1 66)
#(128 8 0 64)
#(128 9 0 8)
#(128 10 0 92)
#(128 11 0 67)
#(128 12 0 30)
#(128 13 0 91)
#(128 14 0 70)
#(128 15 0 58)
#(128 16 0 61)
#(128 17 0 29)
#(128 18 0 78)
#(128 19 1 68)
#(128 20 1 82)
#(128 21 1 28)
#(128 22 1 34)
#(128 23 0 2)
#(128 24 0 42)
#(128 25 0 46)
#(128 26 0 27)
#(128 27 1 3)
#(128 28 0 7)
#(128 29 1 22)
#(128 30 0 30)
#(128 31 0 31)
#(128 32 1 94)
#(128 33 0 24)
#(128 34 0 56)
#(128 35 1 5)
#(128 36 0 43)
#(128 37 1 57)
#(128 38 1 92)
#(128 39 0 92)
#(128 40 0 7)
#(128 41 0 34)
#(128 42 1 38)
#(128 43 1 11)
#(128 44 0 4)
#(128 45 0 27)
#(128 46 0 97)
#(128 47 0 28)
#(128 48 0 96)
#(128 49 0 35)
#(128 50 1 61)
#(128 51 1 84)
#(128 52 0 81)
#(128 53 0 39)
#(128 54 0 26)
#(128 55 0 46)
#(128 56 0 41)
#(128 57 0 35)
#(128 58 0 41)
#(128 59 0 90)
#(128 60 0 77)
#(128 61 0 58)
#(128 62 1 95)
#(128 63 1 14)
#(128 64 0 68)
#(128 65 0 14)
#(128 66 0 61)
#(128 67 0 44)
#(128 68 0 98)
#(128 69 0 12)
#(129 1 0 18)
#(129 2 1 46)
#(129 3 0 57)
#(129 4 1 15)
#(129 5 0 66)
#(129 6 0 68)
#(129 7 0 23)
#(129 8 0 44)
#(129 9 1 45)
#(129 10 0 86)
#(129 11 0 85)
#(129 12 0 23)
#(129 13 1 8)
#(129 14 0 3)
#(129 15 0 22)
#(129 16 0 88)
#(129 17 1 98)
#(129 18 0 97)
#(129 19 0 2)
#(129 20 0 94)
#(129 21 0 30)
#(129 22 0 65)
#(129 23 1 6)
#(129 24 0 89)
#(129 25 0 88)
#(129 26 1 20)
#(129 27 0 21)
#(129 28 0 96)
#(129 29 1 48)
#(129 30 0 63)
#(129 31 0 27)
#(129 32 0 94)
#(129 33 0 88)
#(129 34 1 44)
#(129 35 0 68)
#(129 36 1 80)
#(129 37 0 45)
#(129 38 0 94)
#(129 39 0 47)
#(129 40 0 6)
#(129 41 0 7)
#(129 42 1 22)
#(129 43 0 12)
#(129 44 1 91)
#(129 45 0 1)
#(129 46 1 85)
#(129 47 1 62)
#(129 48 0 48)
#(129 49 0 65)
#(129 50 1 18)
#(129 51 0 75)
#(129 52 0 94)
#(129 53 0 23)
#(129 54 1 64)
#(129 55 0 40)
#(129 56 0 9)
#(129 57 0 98)
#(129 58 0 44)
#(129 59 1 5)
#(129 60 0 65)
#(129 61 1 44)
#(129 62 1 69)
#(129 63 0 15)
#(129 64 1 44)
#(129 65 0 9)
#(129 66 1 73)
#(129 67 1 43)
#(129 68 0 72)
#(129 69 0 12)
#(130 1 0 18)
#(130 2 0 36)
#(130 3 0 51)
#(130 4 0 55)
#(130 5 0 92)
#(130 6 0 31)
#(130 7 0 55)
#(130 8 1 70)
#(130 9 1 14)
#(130 10 1 78)
#(130 11 0 82)
#(130 12 0 68)
#(130 13 1 48)
#(130 14 0 34)
#(130 15 0 71)
#(130 16 1 28)
#(130 17 0 59)
#(130 18 0 48)
#(130 19 0 12)
#(130 20 0 90)
#(130 21 0 4)
#(130 22 0 72)
#(130 23 0 75)
#(130 24 0 52)
#(130 25 1 86)
#(130 26 1 57)
#(130 27 0 2)
#(130 28 0 16)
#(130 29 1 2)
#(130 30 0 0)
#(130 31 0 35)
#(130 32 0 25)
#(130 33 1 38)
#(130 34 1 28)
#(130 35 1 28)
#(130 36 0 67)
#(130 37 0 12)
#(130 38 0 55)
#(130 39 0 17)
#(130 40 0 77)
#(130 41 0 65)
#(130 42 1 74)
#(130 43 0 56)
#(130 44 1 20)
#(130 45 1 87)
#(130 46 1 86)
#(130 47 1 80)
#(130 48 0 52)
#(130 49 1 11)
#(130 50 1 59)
#(130 51 1 86)
#(130 52 0 84)
#(130 53 1 86)
#(130 54 0 26)
#(130 55 0 74)
#(130 56 0 93)
#(130 57 1 97)
#(130 58 1 22)
#(130 59 0 93)
#(130 60 0 95)
#(130 61 0 7)
#(130 62 0 50)
#(130 63 0 30)
#(130 64 1 48)
#(130 65 0 51)
#(130 66 0 31)
#(130 67 0 47)
#(130 68 0 61)
#(130 69 0 61)
#(131 1 0 68)
#(131 2 1 63)
#(131 3 1 22)
#(131 4 0 20)
#(131 5 0 8)
#(131 6 1 79)
#(131 7 1 85)
#(131 8 1 84)
#(131 9 1 25)
#(131 10 1 72)
#(131 11 0 37)
#(131 12 0 57)
#(131 13 0 20)
#(131 14 0 35)
#(131 15 0 67)
#(131 16 1 29)
#(131 17 0 93)
#(131 18 0 68)
#(131 19 0 81)
#(131 20 0 8)
#(131 21 1 45)
#(131 22 0 24)
#(131 23 0 17)
#(131 24 0 34)
#(131 25 0 9)
#(131 26 0 71)
#(131 27 0 45)
#(131 28 1 92)
#(131 29 0 52)
#(131 30 1 61)
#(131 31 0 70)
#(131 32 1 33)
#(131 33 1 69)
#(131 34 1 84)
#(131 35 0 79)
#(131 36 1 82)
#(131 37 0 45)
#(131 38 1 58)
#(131 39 0 80)
#(131 40 0 50)
#(131 41 0 94)
#(131 42 1 95)
#(131 43 1 27)
#(131 44 0 25)
#(131 45 0 82)
#(131 46 0 14)
#(131 47 1 17)
#(131 48 0 18)
#(131 49 1 31)
#(131 50 0 93)
#(131 51 0 17)
#(131 52 0 39)
#(131 53 0 46)
#(131 54 0 3)
#(131 55 0 95)
#(131 56 1 77)
#(131 57 0 25)
#(131 58 0 98)
#(131 59 0 14)
#(131 60 0 10)
#(131 61 0 42)
#(131 62 1 72)
#(131 63 0 33)
#(131 64 0 86)
#(131 65 1 27)
#(131 66 0 22)
#(131 67 1 58)
#(131 68 0 43)
#(131 69 1 43)
#(132 1 0 91)
#(132 2 0 93)
#(132 3 0 14)
#(132 4 0 88)
#(132 5 0 23)
#(132 6 0 60)
#(132 7 0 60)
#(132 8 0 13)
#(132 9 1 3)
#(132 10 1 62)
#(132 11 1 10)
#(132 12 0 46)
#(132 13 0 36)
#(132 14 0 12)
#(132 15 0 43)
#(132 16 0 67)
#(132 17 1 91)
#(132 18 0 81)
#(132 19 1 88)
#(132 20 0 39)
#(132 21 0 57)
#(132 22 0 33)
#(132 23 1 63)
#(132 24 0 67)
#(132 25 0 62)
#(132 26 0 14)
#(132 27 1 41)
#(132 28 0 77)
#(132 29 1 35)
#(132 30 0 82)
#(132 31 0 51)
#(132 32 0 50)
#(132 33 0 74)
#(132 34 0 36)
#(132 35 0 80)
#(132 36 0 65)
#(132 37 1 6)
#(132 38 1 80)
#(132 39 0 90)
#(132 40 0 31)
#(132 41 1 95)
#(132 42 0 62)
#(132 43 0 87)
#(132 44 0 55)
#(132 45 0 58)
#(132 46 0 31)
#(132 47 1 43)
#(132 48 0 45)
#(132 49 0 79)
#(132 50 0 67)
#(132 51 0 4)
#(132 52 0 69)
#(132 53 0 20)
#(132 54 1 47)
#(132 55 1 45)
#(132 56 1 14)
#(132 57 0 43)
#(132 58 1 45)
#(132 59 0 86)
#(132 60 0 34)
#(132 61 0 2)
#(132 62 0 4)
#(132 63 1 22)
#(132 64 1 37)
#(132 65 0 38)
#(132 66 0 19)
#(132 67 0 34)
#(132 68 0 2)
#(132 69 1 45)
#(133 1 0 79)
#(133 2 0 11)
#(133 3 0 66)
#(133 4 0 23)
#(133 5 1 15)
#(133 6 1 35)
#(133 7 0 52)
#(133 8 0 56)
#(133 9 0 70)
#(133 10 0 3)
#(133 11 0 0)
#(133 12 0 81)
#(133 13 1 33)
#(133 14 0 7)
#(133 15 1 13)
#(133 16 0 22)
#(133 17 1 65)
#(133 18 0 31)
#(133 19 0 3)
#(133 20 1 44)
#(133 21 0 94)
#(133 22 0 24)
#(133 23 0 24)
#(133 24 0 37)
#(133 25 1 34)
#(133 26 0 63)
#(133 27 0 51)
#(133 28 1 12)
#(133 29 0 53)
#(133 30 0 52)
#(133 31 0 52)
#(133 32 1 2)
#(133 33 0 65)
#(133 34 1 92)
#(133 35 1 47)
#(133 36 1 87)
#(133 37 1 83)
#(133 38 0 34)
#(133 39 0 16)
#(133 40 0 50)
#(133 41 0 47)
#(133 42 0 14)
#(133 43 0 52)
#(133 44 1 62)
#(133 45 1 0)
#(133 46 0 5)
#(133 47 0 83)
#(133 48 0 28)
#(133 49 1 87)
#(133 50 0 45)
#(133 51 0 45)
#(133 52 0 13)
#(133 53 0 62)
#(133 54 0 25)
#(133 55 1 57)
#(133 56 0 40)
#(133 57 0 4)
#(133 58 1 30)
#(133 59 1 97)
#(133 60 1 9)
#(133 61 0 71)
#(133 62 0 50)
#(133 63 0 52)
#(133 64 0 19)
#(133 65 0 46)
#(133 66 0 16)
#(133 67 0 8)
#(133 68 1 37)
#(133 69 1 57)
#(134 1 1 92)
#(134 2 1 33)
#(134 3 1 84)
#(134 4 0 28)
#(134 5 0 12)
#(134 6 0 64)
#(134 7 0 84)
#(134 8 1 23)
#(134 9 1 40)
#(134 10 0 67)
#(134 11 1 21)
#(134 12 1 61)
#(134 13 1 65)
#(134 14 0 12)
#(134 15 0 43)
#(134 16 0 95)
#(134 17 0 22)
#(134 18 1 12)
#(134 19 0 62)
#(134 20 1 47)
#(134 21 0 2)
#(134 22 0 40)
#(134 23 0 35)
#(134 24 1 77)
#(134 25 0 53)
#(134 26 1 34)
#(134 27 1 71)
#(134 28 0 51)
#(134 29 0 35)
#(134 30 1 29)
#(134 31 1 55)
#(134 32 0 28)
#(134 33 1 96)
#(134 34 0 51)
#(134 35 1 68)
#(134 36 0 67)
#(134 37 0 23)
#(134 38 0 10)
#(134 39 1 83)
#(134 40 0 4)
#(134 41 1 19)
#(134 42 0 5)
#(134 43 1 18)
#(134 44 0 58)
#(134 45 1 40)
#(134 46 1 29)
#(134 47 1 38)
#(134 48 0 35)
#(134 49 0 21)
#(134 50 0 46)
#(134 51 0 6)
#(134 52 0 13)
#(134 53 1 88)
#(134 54 1 33)
#(134 55 1 32)
#(134 56 0 27)
#(134 57 0 87)
#(134 58 0 74)
#(134 59 0 51)
#(134 60 0 69)
#(134 61 1 56)
#(134 62 0 94)
#(134 63 0 78)
#(134 64 0 0)
#(134 65 0 82)
#(134 66 0 51)
#(134 67 1 27)
#(134 68 1 87)
#(134 69 0 23)
#(135 1 0 63)
#(135 2 0 68)
#(135 3 1 21)
#(135 4 0 67)
#(135 5 1 0)
#(135 6 0 5)
#(135 7 1 74)
#(135 8 0 40)
#(135 9 0 10)
#(135 10 0 81)
#(135 11 0 79)
#(135 12 0 38)
#(135 13 0 43)
#(135 14 0 43)
#(135 15 0 93)
#(135 16 0 56)
#(135 17 0 74)
#(135 18 0 29)
#(135 19 1 18)
#(135 20 1 2)
#(135 21 1 61)
#(135 22 1 59)
#(135 23 1 13)
#(135 24 0 55)
#(135 25 0 76)
#(135 26 0 43)
#(135 27 0 19)
#(135 28 1 38)
#(135 29 0 57)
#(135 30 0 89)
#(135 31 0 69)
#(135 32 1 32)
#(135 33 0 19)
#(135 34 0 42)
#(135 35 0 2)
#(135 36 0 17)
#(135 37 1 49)
#(135 38 0 9)
#(135 39 0 61)
#(135 40 0 27)
#(135 41 0 92)
#(135 42 1 48)
#(135 43 0 83)
#(135 44 1 65)
#(135 45 1 68)
#(135 46 1 62)
#(135 47 1 88)
#(135 48 1 83)
#(135 49 0 89)
#(135 50 0 38)
#(135 51 1 23)
#(135 52 0 10)
#(135 53 0 92)
#(135 54 0 42)
#(135 55 0 10)
#(135 56 1 5)
#(135 57 0 51)
#(135 58 1 45)
#(135 59 0 28)
#(135 60 0 29)
#(135 61 1 51)
#(135 62 1 97)
#(135 63 1 77)
#(135 64 0 30)
#(135 65 1 28)
#(135 66 0 50)
#(135 67 1 1)
#(135 68 0 7)
#(135 69 0 6)
#(136 1 0 80)
#(136 2 1 77)
#(136 3 1 52)
#(136 4 1 20)
#(136 5 0 34)
#(136 6 0 75)
#(136 7 1 57)
#(136 8 0 64)
#(136 9 1 40)
#(136 10 0 88)
#(136 11 0 38)
#(136 12 1 26)
#(136 13 0 62)
#(136 14 1 37)
#(136 15 1 60)
#(136 16 1 92)
#(136 17 1 35)
#(136 18 0 18)
#(136 19 1 40)
#(136 20 0 28)
#(136 21 1 41)
#(136 22 0 48)
#(136 23 0 50)
#(136 24 0 34)
#(136 25 0 37)
#(136 26 0 3)
#(136 27 0 0)
#(136 28 1 71)
#(136 29 1 60)
#(136 30 0 20)
#(136 31 1 19)
#(136 32 1 53)
#(136 33 0 14)
#(136 34 0 66)
#(136 35 0 79)
#(136 36 0 35)
#(136 37 1 8)
#(136 38 0 97)
#(136 39 0 41)
#(136 40 1 57)
#(136 41 0 35)
#(136 42 0 80)
#(136 43 0 81)
#(136 44 0 93)
#(136 45 1 30)
#(136 46 0 49)
#(136 47 0 33)
#(136 48 0 58)
#(136 49 1 48)
#(136 50 1 68)
#(136 51 0 41)
#(136 52 1 15)
#(136 53 0 60)
#(136 54 0 86)
#(136 55 0 1)
#(136 56 0 96)
#(136 57 0 94)
#(136 58 0 39)
#(136 59 0 88)
#(136 60 1 50)
#(136 61 1 54)
#(136 62 0 39)
#(136 63 0 34)
#(136 64 0 21)
#(136 65 0 80)
#(136 66 0 58)
#(136 67 1 31)
#(136 68 0 8)
#(136 69 0 95)
#(137 1 1 76)
#(137 2 1 59)
#(137 3 0 3)
#(137 4 0 10)
#(137 5 0 85)
#(137 6 1 97)
#(137 7 0 13)
#(137 8 0 59)
#(137 9 0 46)
#(137 10 0 53)
#(137 11 1 33)
#(137 12 0 59)
#(137 13 1 24)
#(137 14 0 42)
#(137 15 0 2)
#(137 16 1 50)
#(137 17 0 63)
#(137 18 0 80)
#(137 19 0 23)
#(137 20 0 45)
#(137 21 0 75)
#(137 22 1 5)
#(137 23 0 98)
#(137 24 0 57)
#(137 25 0 80)
#(137 26 0 12)
#(137 27 0 11)
#(137 28 0 98)
#(137 29 0 2)
#(137 30 1 63)
#(137 31 0 75)
#(137 32 1 82)
#(137 33 1 17)
#(137 34 0 32)
#(137 35 0 45)
#(137 36 1 76)
#(137 37 0 19)
#(137 38 1 45)
#(137 39 1 94)
#(137 40 0 42)
#(137 41 1 34)
#(137 42 0 43)
#(137 43 1 95)
#(137 44 0 48)
#(137 45 0 76)
#(137 46 1 68)
#(137 47 0 71)
#(137 48 0 41)
#(137 49 0 72)
#(137 50 1 23)
#(137 51 0 17)
#(137 52 0 55)
#(137 53 0 20)
#(137 54 0 28)
#(137 55 1 30)
#(137 56 0 81)
#(137 57 0 96)
#(137 58 0 98)
#(137 59 1 60)
#(137 60 1 23)
#(137 61 1 10)
#(137 62 0 60)
#(137 63 0 26)
#(137 64 0 45)
#(137 65 1 21)
#(137 66 0 40)
#(137 67 0 8)
#(137 68 1 68)
#(137 69 1 67)
#(138 1 0 38)
#(138 2 1 46)
#(138 3 1 58)
#(138 4 0 90)
#(138 5 0 82)
#(138 6 0 82)
#(138 7 0 47)
#(138 8 1 60)
#(138 9 0 94)
#(138 10 0 36)
#(138 11 0 44)
#(138 12 0 59)
#(138 13 0 39)
#(138 14 0 50)
#(138 15 0 23)
#(138 16 0 46)
#(138 17 1 57)
#(138 18 0 4)
#(138 19 0 7)
#(138 20 1 85)
#(138 21 0 60)
#(138 22 1 19)
#(138 23 1 55)
#(138 24 0 45)
#(138 25 0 57)
#(138 26 1 86)
#(138 27 1 5)
#(138 28 0 30)
#(138 29 1 43)
#(138 30 0 8)
#(138 31 0 33)
#(138 32 1 8)
#(138 33 0 48)
#(138 34 0 98)
#(138 35 1 9)
#(138 36 0 39)
#(138 37 0 10)
#(138 38 0 36)
#(138 39 0 13)
#(138 40 1 90)
#(138 41 0 28)
#(138 42 0 97)
#(138 43 0 63)
#(138 44 1 28)
#(138 45 1 96)
#(138 46 0 42)
#(138 47 0 29)
#(138 48 0 63)
#(138 49 1 68)
#(138 50 1 14)
#(138 51 0 74)
#(138 52 1 19)
#(138 53 0 37)
#(138 54 1 60)
#(138 55 1 86)
#(138 56 1 18)
#(138 57 0 89)
#(138 58 0 53)
#(138 59 0 10)
#(138 60 1 93)
#(138 61 0 18)
#(138 62 0 93)
#(138 63 0 58)
#(138 64 0 33)
#(138 65 1 34)
#(138 66 1 66)
#(138 67 1 81)
#(138 68 0 46)
#(138 69 0 38)
#(139 1 0 70)
#(139 2 0 36)
#(139 3 0 29)
#(139 4 0 24)
#(139 5 0 33)
#(139 6 0 41)
#(139 7 0 71)
#(139 8 0 19)
#(139 9 0 61)
#(139 10 0 24)
#(139 11 0 15)
#(139 12 1 15)
#(139 13 1 9)
#(139 14 0 12)
#(139 15 1 15)
#(139 16 0 27)
#(139 17 0 13)
#(139 18 1 61)
#(139 19 0 16)
#(139 20 0 62)
#(139 21 0 36)
#(139 22 0 40)
#(139 23 1 61)
#(139 24 0 17)
#(139 25 0 8)
#(139 26 1 11)
#(139 27 1 16)
#(139 28 0 92)
#(139 29 0 19)
#(139 30 1 33)
#(139 31 0 48)
#(139 32 0 2)
#(139 33 1 66)
#(139 34 1 63)
#(139 35 0 75)
#(139 36 1 15)
#(139 37 0 5)
#(139 38 1 26)
#(139 39 0 28)
#(139 40 0 11)
#(139 41 0 49)
#(139 42 1 38)
#(139 43 0 98)
#(139 44 0 35)
#(139 45 0 34)
#(139 46 0 83)
#(139 47 1 18)
#(139 48 0 90)
#(139 49 0 17)
#(139 50 0 67)
#(139 51 0 55)
#(139 52 1 52)
#(139 53 0 34)
#(139 54 0 34)
#(139 55 1 6)
#(139 56 0 58)
#(139 57 0 77)
#(139 58 0 13)
#(139 59 0 91)
#(139 60 0 41)
#(139 61 1 89)
#(139 62 1 3)
#(139 63 1 3)
#(139 64 0 23)
#(139 65 0 94)
#(139 66 1 52)
#(139 67 0 85)
#(139 68 0 73)
#(139 69 0 96)
#(140 1 0 64)
#(140 2 0 62)
#(140 3 1 10)
#(140 4 1 70)
#(140 5 0 10)
#(140 6 0 14)
#(140 7 0 0)
#(140 8 0 93)
#(140 9 1 62)
#(140 10 0 14)
#(140 11 1 84)
#(140 12 0 11)
#(140 13 0 49)
#(140 14 0 60)
#(140 15 0 23)
#(140 16 0 33)
#(140 17 0 51)
#(140 18 0 61)
#(140 19 0 43)
#(140 20 0 28)
#(140 21 1 37)
#(140 22 0 66)
#(140 23 0 20)
#(140 24 0 6)
#(140 25 0 47)
#(140 26 0 59)
#(140 27 0 6)
#(140 28 0 60)
#(140 29 1 44)
#(140 30 1 3)
#(140 31 0 94)
#(140 32 1 73)
#(140 33 1 18)
#(140 34 0 72)
#(140 35 1 60)
#(140 36 0 95)
#(140 37 1 47)
#(140 38 1 33)
#(140 39 0 75)
#(140 40 0 50)
#(140 41 0 32)
#(140 42 1 68)
#(140 43 0 19)
#(140 44 1 31)
#(140 45 0 48)
#(140 46 0 67)
#(140 47 0 80)
#(140 48 1 24)
#(140 49 1 44)
#(140 50 0 94)
#(140 51 0 85)
#(140 52 0 21)
#(140 53 1 24)
#(140 54 1 52)
#(140 55 0 19)
#(140 56 1 41)
#(140 57 1 6)
#(140 58 1 61)
#(140 59 1 59)
#(140 60 1 69)
#(140 61 0 71)
#(140 62 0 36)
#(140 63 1 10)
#(140 64 0 71)
#(140 65 0 10)
#(140 66 0 18)
#(140 67 1 15)
#(140 68 0 93)
#(140 69 0 13)
#(141 1 0 97)
#(141 2 0 15)
#(141 3 0 35)
#(141 4 1 6)
#(141 5 0 83)
#(141 6 1 35)
#(141 7 0 54)
#(141 8 0 68)
#(141 9 1 49)
#(141 10 0 38)
#(141 11 0 61)
#(141 12 1 67)
#(141 13 0 97)
#(141 14 0 81)
#(141 15 0 18)
#(141 16 1 32)
#(141 17 1 27)
#(141 18 1 34)
#(141 19 1 95)
#(141 20 0 82)
#(141 21 1 72)
#(141 22 0 37)
#(141 23 0 28)
#(141 24 1 82)
#(141 25 1 37)
#(141 26 0 18)
#(141 27 0 0)
#(141 28 0 84)
#(141 29 1 77)
#(141 30 0 60)
#(141 31 0 66)
#(141 32 0 27)
#(141 33 0 41)
#(141 34 0 74)
#(141 35 0 92)
#(141 36 0 80)
#(141 37 0 94)
#(141 38 0 18)
#(141 39 0 44)
#(141 40 0 64)
#(141 41 1 70)
#(141 42 1 20)
#(141 43 1 24)
#(141 44 0 10)
#(141 45 1 8)
#(141 46 0 95)
#(141 47 0 70)
#(141 48 0 5)
#(141 49 0 15)
#(141 50 0 43)
#(141 51 0 1)
#(141 52 0 58)
#(141 53 0 22)
#(141 54 0 11)
#(141 55 0 60)
#(141 56 0 91)
#(141 57 0 25)
#(141 58 1 45)
#(141 59 0 86)
#(141 60 0 11)
#(141 61 1 30)
#(141 62 0 66)
#(141 63 1 93)
#(141 64 0 7)
#(141 65 1 33)
#(141 66 0 56)
#(141 67 0 47)
#(141 68 1 8)
#(141 69 1 71)
#(142 1 1 22)
#(142 2 0 46)
#(142 3 0 56)
#(142 4 0 64)
#(142 5 0 78)
#(142 6 0 24)
#(142 7 0 45)
#(142 8 0 48)
#(142 9 0 72)
#(142 10 1 33)
#(142 11 0 69)
#(142 12 0 0)
#(142 13 1 11)
#(142 14 0 48)
#(142 15 0 30)
#(142 16 1 83)
#(142 17 0 59)
#(142 18 0 52)
#(142 19 0 59)
#(142 20 0 25)
#(142 21 0 34)
#(142 22 1 32)
#(142 23 0 91)
#(142 24 0 61)
#(142 25 0 62)
#(142 26 0 12)
#(142 27 0 20)
#(142 28 1 54)
#(142 29 1 70)
#(142 30 1 96)
#(142 31 1 94)
#(142 32 0 65)
#(142 33 0 34)
#(142 34 0 81)
#(142 35 0 69)
#(142 36 1 36)
#(142 37 1 46)
#(142 38 1 24)
#(142 39 1 16)
#(142 40 1 97)
#(142 41 0 76)
#(142 42 0 0)
#(142 43 0 57)
#(142 44 0 58)
#(142 45 1 19)
#(142 46 1 44)
#(142 47 0 69)
#(142 48 0 73)
#(142 49 1 94)
#(142 50 0 24)
#(142 51 1 91)
#(142 52 0 29)
#(142 53 0 49)
#(142 54 0 97)
#(142 55 0 8)
#(142 56 0 94)
#(142 57 0 39)
#(142 58 0 17)
#(142 59 1 70)
#(142 60 0 91)
#(142 61 0 31)
#(142 62 0 26)
#(142 63 0 26)
#(142 64 0 63)
#(142 65 0 48)
#(142 66 1 93)
#(142 67 0 98)
#(142 68 1 89)
#(142 69 0 5)
#(143 1 1 85)
#(143 2 1 37)
#(143 3 0 86)
#(143 4 0 55)
#(143 5 1 73)
#(143 6 0 46)
#(143 7 0 16)
#(143 8 0 16)
#(143 9 0 87)
#(143 10 0 12)
#(143 11 1 73)
#(143 12 0 98)
#(143 13 0 26)
#(143 14 1 70)
#(143 15 0 91)
#(143 16 0 14)
#(143 17 0 14)
#(143 18 0 89)
#(143 19 0 44)
#(143 20 0 70)
#(143 21 0 88)
#(143 22 1 6)
#(143 23 0 56)
#(143 24 0 69)
#(143 25 1 51)
#(143 26 0 12)
#(143 27 1 81)
#(143 28 0 78)
#(143 29 1 92)
#(143 30 0 98)
#(143 31 1 81)
#(143 32 0 81)
#(143 33 0 44)
#(143 34 0 25)
#(143 35 0 11)
#(143 36 0 24)
#(143 37 0 48)
#(143 38 1 36)
#(143 39 0 35)
#(143 40 0 1)
#(143 41 0 78)
#(143 42 0 63)
#(143 43 1 85)
#(143 44 1 0)
#(143 45 0 55)
#(143 46 1 2)
#(143 47 0 42)
#(143 48 0 67)
#(143 49 0 21)
#(143 50 0 7)
#(143 51 1 98)
#(143 52 1 68)
#(143 53 0 40)
#(143 54 0 51)
#(143 55 0 37)
#(143 56 0 74)
#(143 57 1 85)
#(143 58 0 66)
#(143 59 0 71)
#(143 60 1 89)
#(143 61 0 47)
#(143 62 0 98)
#(143 63 0 1)
#(143 64 0 77)
#(143 65 0 7)
#(143 66 1 56)
#(143 67 1 78)
#(143 68 1 82)
#(143 69 0 28)
#(144 1 1 43)
#(144 2 0 22)
#(144 3 0 21)
#(144 4 1 42)
#(144 5 0 43)
#(144 6 0 0)
#(144 7 0 59)
#(144 8 0 2)
#(144 9 0 95)
#(144 10 0 27)
#(144 11 1 55)
#(144 12 1 24)
#(144 13 0 84)
#(144 14 1 28)
#(144 15 0 54)
#(144 16 0 0)
#(144 17 0 68)
#(144 18 0 66)
#(144 19 0 61)
#(144 20 0 31)
#(144 21 0 2)
#(144 22 1 65)
#(144 23 0 48)
#(144 24 0 89)
#(144 25 1 39)
#(144 26 0 66)
#(144 27 0 9)
#(144 28 0 74)
#(144 29 1 43)
#(144 30 1 77)
#(144 31 0 52)
#(144 32 0 61)
#(144 33 1 19)
#(144 34 0 60)
#(144 35 1 6)
#(144 36 0 88)
#(144 37 0 39)
#(144 38 0 98)
#(144 39 0 98)
#(144 40 1 20)
#(144 41 0 67)
#(144 42 1 71)
#(144 43 0 34)
#(144 44 0 80)
#(144 45 1 50)
#(144 46 0 11)
#(144 47 1 64)
#(144 48 0 5)
#(144 49 0 35)
#(144 50 1 21)
#(144 51 1 61)
#(144 52 0 98)
#(144 53 0 54)
#(144 54 0 29)
#(144 55 1 13)
#(144 56 0 45)
#(144 57 0 39)
#(144 58 0 60)
#(144 59 1 80)
#(144 60 1 91)
#(144 61 0 42)
#(144 62 0 68)
#(144 63 0 37)
#(144 64 0 11)
#(144 65 0 96)
#(144 66 0 71)
#(144 67 1 17)
#(144 68 1 86)
#(144 69 0 0)
#(145 1 1 82)
#(145 2 1 38)
#(145 3 0 23)
#(145 4 1 63)
#(145 5 0 75)
#(145 6 0 7)
#(145 7 0 15)
#(145 8 0 97)
#(145 9 0 95)
#(145 10 0 69)
#(145 11 0 35)
#(145 12 1 59)
#(145 13 1 37)
#(145 14 1 37)
#(145 15 0 46)
#(145 16 0 36)
#(145 17 0 56)
#(145 18 0 34)
#(145 19 0 92)
#(145 20 0 87)
#(145 21 0 76)
#(145 22 0 85)
#(145 23 1 17)
#(145 24 0 84)
#(145 25 1 4)
#(145 26 0 14)
#(145 27 1 34)
#(145 28 1 65)
#(145 29 0 0)
#(145 30 1 29)
#(145 31 0 73)
#(145 32 1 39)
#(145 33 0 16)
#(145 34 1 67)
#(145 35 1 2)
#(145 36 0 14)
#(145 37 1 24)
#(145 38 0 88)
#(145 39 0 46)
#(145 40 1 81)
#(145 41 0 74)
#(145 42 0 30)
#(145 43 0 60)
#(145 44 0 7)
#(145 45 1 67)
#(145 46 0 25)
#(145 47 1 44)
#(145 48 0 1)
#(145 49 1 76)
#(145 50 1 90)
#(145 51 0 47)
#(145 52 1 53)
#(145 53 0 2)
#(145 54 1 27)
#(145 55 0 24)
#(145 56 0 28)
#(145 57 0 71)
#(145 58 0 45)
#(145 59 0 5)
#(145 60 1 60)
#(145 61 0 17)
#(145 62 0 33)
#(145 63 0 80)
#(145 64 1 80)
#(145 65 0 4)
#(145 66 0 42)
#(145 67 0 70)
#(145 68 1 12)
#(145 69 1 31)
#(146 1 0 81)
#(146 2 0 57)
#(146 3 0 35)
#(146 4 0 96)
#(146 5 0 68)
#(146 6 0 15)
#(146 7 1 64)
#(146 8 1 41)
#(146 9 0 2)
#(146 10 0 72)
#(146 11 0 53)
#(146 12 0 95)
#(146 13 0 42)
#(146 14 1 65)
#(146 15 0 27)
#(146 16 0 18)
#(146 17 0 64)
#(146 18 1 23)
#(146 19 1 39)
#(146 20 1 61)
#(146 21 0 14)
#(146 22 0 48)
#(146 23 0 86)
#(146 24 0 63)
#(146 25 0 61)
#(146 26 0 89)
#(146 27 0 13)
#(146 28 0 91)
#(146 29 1 0)
#(146 30 1 38)
#(146 31 1 14)
#(146 32 0 1)
#(146 33 0 92)
#(146 34 1 73)
#(146 35 0 12)
#(146 36 0 94)
#(146 37 0 72)
#(146 38 0 5)
#(146 39 1 20)
#(146 40 0 69)
#(146 41 0 73)
#(146 42 1 36)
#(146 43 0 65)
#(146 44 0 55)
#(146 45 0 15)
#(146 46 0 80)
#(146 47 1 84)
#(146 48 0 27)
#(146 49 1 85)
#(146 50 0 10)
#(146 51 1 1)
#(146 52 0 63)
#(146 53 0 93)
#(146 54 1 3)
#(146 55 0 68)
#(146 56 0 0)
#(146 57 0 48)
#(146 58 1 11)
#(146 59 1 77)
#(146 60 0 89)
#(146 61 1 4)
#(146 62 0 1)
#(146 63 0 64)
#(146 64 1 24)
#(146 65 1 67)
#(146 66 1 78)
#(146 67 0 52)
#(146 68 1 41)
#(146 69 0 19)
#(147 1 0 27)
#(147 2 0 71)
#(147 3 1 61)
#(147 4 0 92)
#(147 5 0 4)
#(147 6 0 26)
#(147 7 0 22)
#(147 8 1 6)
#(147 9 0 58)
#(147 10 0 80)
#(147 11 0 8)
#(147 12 1 6)
#(147 13 0 38)
#(147 14 1 38)
#(147 15 0 79)
#(147 16 0 27)
#(147 17 0 14)
#(147 18 1 12)
#(147 19 0 96)
#(147 20 0 3)
#(147 21 0 89)
#(147 22 1 83)
#(147 23 0 23)
#(147 24 0 19)
#(147 25 1 63)
#(147 26 1 53)
#(147 27 1 85)
#(147 28 1 46)
#(147 29 0 46)
#(147 30 0 79)
#(147 31 1 31)
#(147 32 0 23)
#(147 33 0 26)
#(147 34 1 61)
#(147 35 0 74)
#(147 36 0 0)
#(147 37 0 76)
#(147 38 0 20)
#(147 39 1 97)
#(147 40 0 16)
#(147 41 0 80)
#(147 42 0 56)
#(147 43 0 90)
#(147 44 0 87)
#(147 45 1 17)
#(147 46 1 76)
#(147 47 1 73)
#(147 48 1 46)
#(147 49 1 45)
#(147 50 1 9)
#(147 51 0 41)
#(147 52 1 14)
#(147 53 1 34)
#(147 54 1 39)
#(147 55 0 6)
#(147 56 1 95)
#(147 57 0 86)
#(147 58 0 85)
#(147 59 1 13)
#(147 60 0 51)
#(147 61 1 3)
#(147 62 0 17)
#(147 63 0 87)
#(147 64 0 18)
#(147 65 0 67)
#(147 66 1 33)
#(147 67 0 84)
#(147 68 0 91)
#(147 69 0 81)
#(148 1 0 22)
#(148 2 0 58)
#(148 3 0 6)
#(148 4 0 50)
#(148 5 0 85)
#(148 6 1 62)
#(148 7 0 91)
#(148 8 0 38)
#(148 9 0 18)
#(148 10 0 34)
#(148 11 0 9)
#(148 12 1 15)
#(148 13 1 51)
#(148 14 0 69)
#(148 15 1 78)
#(148 16 0 66)
#(148 17 0 16)
#(148 18 0 41)
#(148 19 0 0)
#(148 20 0 51)
#(148 21 0 92)
#(148 22 1 34)
#(148 23 1 98)
#(148 24 0 14)
#(148 25 1 27)
#(148 26 0 89)
#(148 27 0 50)
#(148 28 0 40)
#(148 29 1 15)
#(148 30 0 79)
#(148 31 0 7)
#(148 32 0 86)
#(148 33 0 22)
#(148 34 1 16)
#(148 35 0 76)
#(148 36 1 27)
#(148 37 0 36)
#(148 38 0 94)
#(148 39 0 45)
#(148 40 0 17)
#(148 41 1 54)
#(148 42 0 72)
#(148 43 0 58)
#(148 44 1 62)
#(148 45 1 81)
#(148 46 0 30)
#(148 47 0 58)
#(148 48 0 10)
#(148 49 0 34)
#(148 50 0 47)
#(148 51 0 47)
#(148 52 1 60)
#(148 53 1 51)
#(148 54 0 74)
#(148 55 0 28)
#(148 56 0 92)
#(148 57 0 80)
#(148 58 0 34)
#(148 59 0 9)
#(148 60 1 83)
#(148 61 0 31)
#(148 62 0 87)
#(148 63 1 46)
#(148 64 1 43)
#(148 65 1 74)
#(148 66 1 5)
#(148 67 0 79)
#(148 68 0 84)
#(148 69 0 57)
#(149 1 0 92)
#(149 2 0 44)
#(149 3 0 73)
#(149 4 0 86)
#(149 5 0 39)
#(149 6 0 17)
#(149 7 0 39)
#(149 8 1 62)
#(149 9 1 65)
#(149 10 0 55)
#(149 11 0 87)
#(149 12 0 76)
#(149 13 1 2)
#(149 14 0 79)
#(149 15 1 51)
#(149 16 0 40)
#(149 17 0 68)
#(149 18 0 69)
#(149 19 0 37)
#(149 20 0 53)
#(149 21 0 10)
#(149 22 0 75)
#(149 23 0 36)
#(149 24 0 31)
#(149 25 0 18)
#(149 26 0 13)
#(149 27 0 52)
#(149 28 0 71)
#(149 29 0 95)
#(149 30 1 46)
#(149 31 1 91)
#(149 32 1 1)
#(149 33 1 77)
#(149 34 1 70)
#(149 35 1 25)
#(149 36 0 90)
#(149 37 1 65)
#(149 38 1 93)
#(149 39 0 17)
#(149 40 1 69)
#(149 41 0 19)
#(149 42 0 15)
#(149 43 0 52)
#(149 44 1 20)
#(149 45 0 26)
#(149 46 0 57)
#(149 47 0 49)
#(149 48 1 15)
#(149 49 0 98)
#(149 50 1 20)
#(149 51 0 89)
#(149 52 0 38)
#(149 53 1 10)
#(149 54 1 96)
#(149 55 0 14)
#(149 56 1 48)
#(149 57 0 34)
#(149 58 0 78)
#(149 59 1 58)
#(149 60 1 44)
#(149 61 1 29)
#(149 62 0 43)
#(149 63 0 17)
#(149 64 1 52)
#(149 65 0 88)
#(149 66 0 42)
#(149 67 1 10)
#(149 68 0 89)
#(149 69 1 35)
#(150 1 0 24)
#(150 2 1 30)
#(150 3 1 16)
#(150 4 0 74)
#(150 5 0 57)
#(150 6 1 42)
#(150 7 0 4)
#(150 8 0 75)
#(150 9 1 76)
#(150 10 0 31)
#(150 11 0 10)
#(150 12 0 63)
#(150 13 0 61)
#(150 14 0 24)
#(150 15 0 91)
#(150 16 0 59)
#(150 17 0 89)
#(150 18 0 11)
#(150 19 1 86)
#(150 20 0 52)
#(150 21 0 74)
#(150 22 0 64)
#(150 23 0 82)
#(150 24 0 83)
#(150 25 0 57)
#(150 26 1 70)
#(150 27 0 3)
#(150 28 0 7)
#(150 29 1 85)
#(150 30 0 38)
#(150 31 1 63)
#(150 32 1 77)
#(150 33 0 36)
#(150 34 1 40)
#(150 35 1 98)
#(150 36 1 11)
#(150 37 0 28)
#(150 38 1 60)
#(150 39 1 9)
#(150 40 0 67)
#(150 41 0 16)
#(150 42 0 22)
#(150 43 1 68)
#(150 44 1 69)
#(150 45 1 89)
#(150 46 0 54)
#(150 47 0 97)
#(150 48 0 68)
#(150 49 0 62)
#(150 50 0 27)
#(150 51 1 26)
#(150 52 1 60)
#(150 53 0 7)
#(150 54 1 73)
#(150 55 0 87)
#(150 56 0 56)
#(150 57 1 2)
#(150 58 0 49)
#(150 59 0 35)
#(150 60 1 14)
#(150 61 0 33)
#(150 62 0 64)
#(150 63 1 76)
#(150 64 0 84)
#(150 65 0 34)
#(150 66 1 21)
#(150 67 0 63)
#(150 68 0 85)
#(150 69 0 79)
#(151 1 0 77)
#(151 2 1 73)
#(151 3 0 35)
#(151 4 1 4)
#(151 5 1 18)
#(151 6 1 91)
#(151 7 1 42)
#(151 8 1 77)
#(151 9 0 71)
#(151 10 0 66)
#(151 11 0 19)
#(151 12 0 68)
#(151 13 1 16)
#(151 14 1 56)
#(151 15 0 64)
#(151 16 0 98)
#(151 17 0 56)
#(151 18 0 45)
#(151 19 0 79)
#(151 20 1 44)
#(151 21 0 31)
#(151 22 0 36)
#(151 23 1 65)
#(151 24 0 43)
#(151 25 0 81)
#(151 26 1 35)
#(151 27 0 54)
#(151 28 1 12)
#(151 29 0 76)
#(151 30 0 9)
#(151 31 0 49)
#(151 32 0 72)
#(151 33 1 65)
#(151 34 0 29)
#(151 35 0 96)
#(151 36 0 13)
#(151 37 1 26)
#(151 38 0 16)
#(151 39 1 67)
#(151 40 1 57)
#(151 41 1 7)
#(151 42 0 44)
#(151 43 0 69)
#(151 44 0 79)
#(151 45 1 64)
#(151 46 0 36)
#(151 47 0 64)
#(151 48 0 56)
#(151 49 0 46)
#(151 50 0 23)
#(151 51 1 58)
#(151 52 0 69)
#(151 53 0 73)
#(151 54 0 43)
#(151 55 0 96)
#(151 56 0 50)
#(151 57 1 51)
#(151 58 0 64)
#(151 59 1 58)
#(151 60 0 95)
#(151 61 0 77)
#(151 62 1 0)
#(151 63 0 72)
#(151 64 0 6)
#(151 65 0 43)
#(151 66 1 62)
#(151 67 0 55)
#(151 68 0 83)
#(151 69 0 38)
#(152 1 0 16)
#(152 2 0 60)
#(152 3 0 34)
#(152 4 1 11)
#(152 5 1 63)
#(152 6 0 82)
#(152 7 1 88)
#(152 8 1 91)
#(152 9 0 75)
#(152 10 0 46)
#(152 11 0 59)
#(152 12 0 50)
#(152 13 0 94)
#(152 14 1 28)
#(152 15 1 54)
#(152 16 1 50)
#(152 17 0 2)
#(152 18 0 47)
#(152 19 1 36)
#(152 20 1 44)
#(152 21 1 18)
#(152 22 0 40)
#(152 23 0 0)
#(152 24 1 24)
#(152 25 0 17)
#(152 26 0 11)
#(152 27 1 70)
#(152 28 0 67)
#(152 29 1 97)
#(152 30 1 28)
#(152 31 1 60)
#(152 32 0 27)
#(152 33 0 32)
#(152 34 0 50)
#(152 35 0 17)
#(152 36 0 69)
#(152 37 0 5)
#(152 38 1 81)
#(152 39 1 32)
#(152 40 0 78)
#(152 41 0 44)
#(152 42 0 4)
#(152 43 0 77)
#(152 44 1 94)
#(152 45 0 91)
#(152 46 0 48)
#(152 47 0 81)
#(152 48 0 10)
#(152 49 0 57)
#(152 50 1 18)
#(152 51 0 29)
#(152 52 1 20)
#(152 53 1 5)
#(152 54 1 27)
#(152 55 0 20)
#(152 56 1 36)
#(152 57 1 29)
#(152 58 0 87)
#(152 59 0 26)
#(152 60 0 27)
#(152 61 0 14)
#(152 62 0 91)
#(152 63 0 66)
#(152 64 0 60)
#(152 65 1 19)
#(152 66 1 2)
#(152 67 1 79)
#(152 68 0 38)
#(152 69 1 92)
#(153 1 1 36)
#(153 2 1 42)
#(153 3 1 15)
#(153 4 0 7)
#(153 5 0 88)
#(153 6 0 13)
#(153 7 0 90)
#(153 8 0 74)
#(153 9 1 8)
#(153 10 0 65)
#(153 11 1 56)
#(153 12 1 71)
#(153 13 1 44)
#(153 14 0 22)
#(153 15 0 22)
#(153 16 1 44)
#(153 17 0 79)
#(153 18 0 46)
#(153 19 0 69)
#(153 20 0 83)
#(153 21 0 97)
#(153 22 1 5)
#(153 23 0 79)
#(153 24 1 77)
#(153 25 1 59)
#(153 26 1 0)
#(153 27 0 53)
#(153 28 1 29)
#(153 29 0 50)
#(153 30 1 48)
#(153 31 0 4)
#(153 32 1 15)
#(153 33 0 62)
#(153 34 0 24)
#(153 35 1 77)
#(153 36 0 75)
#(153 37 1 79)
#(153 38 0 63)
#(153 39 1 29)
#(153 40 0 30)
#(153 41 1 67)
#(153 42 0 13)
#(153 43 0 54)
#(153 44 1 60)
#(153 45 0 4)
#(153 46 1 23)
#(153 47 1 97)
#(153 48 0 48)
#(153 49 1 53)
#(153 50 0 97)
#(153 51 0 50)
#(153 52 0 33)
#(153 53 0 51)
#(153 54 0 45)
#(153 55 1 0)
#(153 56 0 5)
#(153 57 0 80)
#(153 58 0 46)
#(153 59 0 32)
#(153 60 0 8)
#(153 61 0 69)
#(153 62 1 8)
#(153 63 0 66)
#(153 64 0 58)
#(153 65 0 57)
#(153 66 0 53)
#(153 67 1 33)
#(153 68 1 2)
#(153 69 0 76)
#(154 1 1 16)
#(154 2 0 91)
#(154 3 0 1)
#(154 4 0 21)
#(154 5 0 2)
#(154 6 1 66)
#(154 7 0 57)
#(154 8 1 39)
#(154 9 0 29)
#(154 10 0 55)
#(154 11 0 26)
#(154 12 0 0)
#(154 13 0 87)
#(154 14 1 39)
#(154 15 1 76)
#(154 16 0 23)
#(154 17 0 36)
#(154 18 0 64)
#(154 19 0 50)
#(154 20 0 62)
#(154 21 0 28)
#(154 22 1 33)
#(154 23 0 26)
#(154 24 1 61)
#(154 25 1 39)
#(154 26 0 54)
#(154 27 0 84)
#(154 28 1 55)
#(154 29 0 3)
#(154 30 0 61)
#(154 31 0 78)
#(154 32 0 29)
#(154 33 0 61)
#(154 34 0 98)
#(154 35 0 29)
#(154 36 1 79)
#(154 37 0 90)
#(154 38 0 8)
#(154 39 0 6)
#(154 40 0 16)
#(154 41 0 19)
#(154 42 0 27)
#(154 43 0 14)
#(154 44 0 80)
#(154 45 0 11)
#(154 46 1 23)
#(154 47 0 34)
#(154 48 0 44)
#(154 49 0 6)
#(154 50 0 54)
#(154 51 1 13)
#(154 52 0 25)
#(154 53 1 71)
#(154 54 0 22)
#(154 55 1 27)
#(154 56 1 72)
#(154 57 0 75)
#(154 58 0 58)
#(154 59 0 18)
#(154 60 1 4)
#(154 61 1 92)
#(154 62 1 9)
#(154 63 0 74)
#(154 64 1 75)
#(154 65 0 36)
#(154 66 0 72)
#(154 67 0 32)
#(154 68 0 87)
#(154 69 0 49)
#(155 1 0 31)
#(155 2 1 72)
#(155 3 1 94)
#(155 4 0 79)
#(155 5 0 74)
#(155 6 0 27)
#(155 7 1 10)
#(155 8 0 57)
#(155 9 0 28)
#(155 10 0 39)
#(155 11 1 5)
#(155 12 0 17)
#(155 13 1 80)
#(155 14 1 77)
#(155 15 0 70)
#(155 16 1 4)
#(155 17 0 38)
#(155 18 1 10)
#(155 19 0 31)
#(155 20 0 93)
#(155 21 0 89)
#(155 22 1 64)
#(155 23 1 77)
#(155 24 0 66)
#(155 25 0 64)
#(155 26 0 94)
#(155 27 0 18)
#(155 28 0 88)
#(155 29 1 31)
#(155 30 0 3)
#(155 31 1 56)
#(155 32 0 13)
#(155 33 0 29)
#(155 34 1 85)
#(155 35 0 41)
#(155 36 0 50)
#(155 37 0 9)
#(155 38 1 47)
#(155 39 0 25)
#(155 40 0 51)
#(155 41 0 55)
#(155 42 0 61)
#(155 43 0 94)
#(155 44 0 1)
#(155 45 1 45)
#(155 46 0 76)
#(155 47 0 87)
#(155 48 0 67)
#(155 49 0 63)
#(155 50 0 25)
#(155 51 0 18)
#(155 52 1 16)
#(155 53 1 69)
#(155 54 0 54)
#(155 55 0 1)
#(155 56 0 93)
#(155 57 1 59)
#(155 58 0 60)
#(155 59 0 21)
#(155 60 1 71)
#(155 61 1 2)
#(155 62 0 32)
#(155 63 0 31)
#(155 64 0 70)
#(155 65 0 72)
#(155 66 1 1)
#(155 67 0 45)
#(155 68 0 0)
#(155 69 0 37)
#(156 1 0 22)
#(156 2 0 80)
#(156 3 1 10)
#(156 4 1 49)
#(156 5 0 53)
#(156 6 0 57)
#(156 7 0 9)
#(156 8 0 16)
#(156 9 1 70)
#(156 10 0 71)
#(156 11 1 68)
#(156 12 0 20)
#(156 13 1 6)
#(156 14 0 50)
#(156 15 0 52)
#(156 16 0 37)
#(156 17 1 10)
#(156 18 1 11)
#(156 19 1 88)
#(156 20 0 96)
#(156 21 1 20)
#(156 22 0 29)
#(156 23 0 53)
#(156 24 1 69)
#(156 25 0 56)
#(156 26 0 73)
#(156 27 1 62)
#(156 28 0 64)
#(156 29 0 91)
#(156 30 1 83)
#(156 31 0 17)
#(156 32 1 41)
#(156 33 0 95)
#(156 34 1 64)
#(156 35 0 35)
#(156 36 1 82)
#(156 37 1 18)
#(156 38 0 75)
#(156 39 1 89)
#(156 40 0 32)
#(156 41 1 66)
#(156 42 0 77)
#(156 43 1 45)
#(156 44 0 88)
#(156 45 0 18)
#(156 46 0 3)
#(156 47 1 56)
#(156 48 0 88)
#(156 49 0 38)
#(156 50 1 35)
#(156 51 0 68)
#(156 52 0 98)
#(156 53 0 82)
#(156 54 1 15)
#(156 55 0 66)
#(156 56 0 36)
#(156 57 1 35)
#(156 58 0 74)
#(156 59 1 22)
#(156 60 0 26)
#(156 61 0 61)
#(156 62 1 87)
#(156 63 0 39)
#(156 64 0 69)
#(156 65 0 66)
#(156 66 1 44)
#(156 67 1 27)
#(156 68 1 71)
#(156 69 0 9)
#(157 1 0 79)
#(157 2 1 95)
#(157 3 0 34)
#(157 4 0 50)
#(157 5 1 95)
#(157 6 0 60)
#(157 7 1 55)
#(157 8 0 38)
#(157 9 1 44)
#(157 10 1 8)
#(157 11 0 32)
#(157 12 0 47)
#(157 13 0 95)
#(157 14 0 25)
#(157 15 1 84)
#(157 16 1 73)
#(157 17 1 53)
#(157 18 0 64)
#(157 19 1 18)
#(157 20 1 46)
#(157 21 1 95)
#(157 22 1 23)
#(157 23 0 97)
#(157 24 0 84)
#(157 25 0 53)
#(157 26 0 96)
#(157 27 0 63)
#(157 28 0 65)
#(157 29 0 32)
#(157 30 0 19)
#(157 31 1 15)
#(157 32 1 45)
#(157 33 0 84)
#(157 34 1 12)
#(157 35 0 18)
#(157 36 0 48)
#(157 37 0 48)
#(157 38 0 23)
#(157 39 1 77)
#(157 40 0 55)
#(157 41 1 4)
#(157 42 0 31)
#(157 43 0 79)
#(157 44 0 90)
#(157 45 1 45)
#(157 46 1 25)
#(157 47 1 73)
#(157 48 1 21)
#(157 49 0 12)
#(157 50 1 24)
#(157 51 0 59)
#(157 52 0 13)
#(157 53 0 27)
#(157 54 1 68)
#(157 55 0 80)
#(157 56 0 72)
#(157 57 0 68)
#(157 58 1 84)
#(157 59 0 5)
#(157 60 0 61)
#(157 61 0 82)
#(157 62 0 43)
#(157 63 1 58)
#(157 64 0 63)
#(157 65 0 46)
#(157 66 0 4)
#(157 67 1 12)
#(157 68 0 18)
#(157 69 0 13)
#(158 1 1 30)
#(158 2 1 83)
#(158 3 0 97)
#(158 4 0 64)
#(158 5 0 19)
#(158 6 0 53)
#(158 7 0 37)
#(158 8 0 16)
#(158 9 1 36)
#(158 10 0 9)
#(158 11 1 61)
#(158 12 1 79)
#(158 13 0 50)
#(158 14 0 78)
#(158 15 0 50)
#(158 16 0 74)
#(158 17 0 93)
#(158 18 0 84)
#(158 19 1 59)
#(158 20 0 60)
#(158 21 0 63)
#(158 22 0 91)
#(158 23 0 91)
#(158 24 0 5)
#(158 25 0 16)
#(158 26 0 80)
#(158 27 0 85)
#(158 28 1 46)
#(158 29 1 5)
#(158 30 0 88)
#(158 31 0 50)
#(158 32 0 77)
#(158 33 1 38)
#(158 34 1 90)
#(158 35 1 86)
#(158 36 0 70)
#(158 37 0 1)
#(158 38 0 21)
#(158 39 0 58)
#(158 40 1 9)
#(158 41 0 78)
#(158 42 0 10)
#(158 43 0 75)
#(158 44 1 9)
#(158 45 0 25)
#(158 46 1 29)
#(158 47 0 41)
#(158 48 0 74)
#(158 49 0 98)
#(158 50 1 19)
#(158 51 1 19)
#(158 52 1 80)
#(158 53 0 77)
#(158 54 0 30)
#(158 55 1 17)
#(158 56 1 13)
#(158 57 0 53)
#(158 58 1 10)
#(158 59 0 15)
#(158 60 0 2)
#(158 61 0 13)
#(158 62 1 82)
#(158 63 0 17)
#(158 64 1 13)
#(158 65 0 55)
#(158 66 1 49)
#(158 67 0 11)
#(158 68 0 76)
#(158 69 1 24)
#(159 1 0 62)
#(159 2 0 47)
#(159 3 1 93)
#(159 4 1 98)
#(159 5 0 49)
#(159 6 0 44)
#(159 7 0 88)
#(159 8 0 71)
#(159 9 0 95)
#(159 10 0 32)
#(159 11 0 31)
#(159 12 0 6)
#(159 13 1 93)
#(159 14 1 7)
#(159 15 1 2)
#(159 16 1 4)
#(159 17 0 63)
#(159 18 0 3)
#(159 19 0 91)
#(159 20 0 9)
#(159 21 1 62)
#(159 22 0 55)
#(159 23 0 95)
#(159 24 0 22)
#(159 25 0 57)
#(159 26 0 25)
#(159 27 0 70)
#(159 28 1 64)
#(159 29 0 15)
#(159 30 0 28)
#(159 31 0 9)
#(159 32 1 65)
#(159 33 0 46)
#(159 34 1 66)
#(159 35 0 40)
#(159 36 1 70)
#(159 37 1 51)
#(159 38 1 32)
#(159 39 1 41)
#(159 40 1 43)
#(159 41 1 11)
#(159 42 0 61)
#(159 43 1 74)
#(159 44 0 41)
#(159 45 0 58)
#(159 46 0 18)
#(159 47 0 49)
#(159 48 1 26)
#(159 49 0 19)
#(159 50 1 23)
#(159 51 1 87)
#(159 52 0 33)
#(159 53 1 5)
#(159 54 1 61)
#(159 55 0 43)
#(159 56 0 74)
#(159 57 0 73)
#(159 58 0 5)
#(159 59 1 7)
#(159 60 1 60)
#(159 61 1 42)
#(159 62 0 97)
#(159 63 1 54)
#(159 64 1 63)
#(159 65 0 48)
#(159 66 0 9)
#(159 67 0 77)
#(159 68 0 23)
#(159 69 0 21)
#(160 1 1 98)
#(160 2 0 41)
#(160 3 1 41)
#(160 4 0 92)
#(160 5 0 4)
#(160 6 0 52)
#(160 7 0 40)
#(160 8 0 52)
#(160 9 0 84)
#(160 10 1 52)
#(160 11 0 30)
#(160 12 0 78)
#(160 13 0 88)
#(160 14 1 30)
#(160 15 0 68)
#(160 16 1 44)
#(160 17 1 4)
#(160 18 0 70)
#(160 19 1 41)
#(160 20 1 2)
#(160 21 0 20)
#(160 22 0 38)
#(160 23 1 26)
#(160 24 0 3)
#(160 25 1 25)
#(160 26 0 79)
#(160 27 1 80)
#(160 28 0 83)
#(160 29 0 95)
#(160 30 0 72)
#(160 31 0 84)
#(160 32 0 95)
#(160 33 1 27)
#(160 34 0 65)
#(160 35 1 56)
#(160 36 0 20)
#(160 37 0 49)
#(160 38 0 41)
#(160 39 0 81)
#(160 40 0 92)
#(160 41 1 83)
#(160 42 1 24)
#(160 43 1 25)
#(160 44 0 79)
#(160 45 0 8)
#(160 46 0 75)
#(160 47 0 54)
#(160 48 0 39)
#(160 49 1 70)
#(160 50 0 22)
#(160 51 1 25)
#(160 52 1 48)
#(160 53 0 8)
#(160 54 0 11)
#(160 55 0 25)
#(160 56 0 35)
#(160 57 0 45)
#(160 58 1 67)
#(160 59 1 87)
#(160 60 0 66)
#(160 61 0 89)
#(160 62 0 37)
#(160 63 0 67)
#(160 64 0 20)
#(160 65 0 87)
#(160 66 0 65)
#(160 67 1 35)
#(160 68 1 15)
#(160 69 1 97)
#(161 1 0 80)
#(161 2 0 39)
#(161 3 1 80)
#(161 4 0 80)
#(161 5 0 59)
#(161 6 0 95)
#(161 7 0 36)
#(161 8 0 61)
#(161 9 1 72)
#(161 10 0 69)
#(161 11 0 44)
#(161 12 0 81)
#(161 13 0 1)
#(161 14 0 87)
#(161 15 1 8)
#(161 16 1 38)
#(161 17 0 0)
#(161 18 0 17)
#(161 19 1 11)
#(161 20 0 21)
#(161 21 0 85)
#(161 22 0 72)
#(161 23 0 98)
#(161 24 1 41)
#(161 25 0 55)
#(161 26 1 59)
#(161 27 0 44)
#(161 28 0 17)
#(161 29 1 58)
#(161 30 1 69)
#(161 31 0 65)
#(161 32 0 83)
#(161 33 0 40)
#(161 34 0 72)
#(161 35 0 32)
#(161 36 1 92)
#(161 37 0 69)
#(161 38 0 67)
#(161 39 0 88)
#(161 40 0 10)
#(161 41 0 58)
#(161 42 0 95)
#(161 43 0 67)
#(161 44 0 41)
#(161 45 0 22)
#(161 46 1 5)
#(161 47 0 48)
#(161 48 0 98)
#(161 49 0 37)
#(161 50 0 6)
#(161 51 0 30)
#(161 52 1 69)
#(161 53 0 73)
#(161 54 1 77)
#(161 55 1 78)
#(161 56 0 53)
#(161 57 0 47)
#(161 58 0 55)
#(161 59 0 57)
#(161 60 1 26)
#(161 61 0 55)
#(161 62 0 13)
#(161 63 0 67)
#(161 64 1 26)
#(161 65 0 2)
#(161 66 1 25)
#(161 67 1 36)
#(161 68 0 78)
#(161 69 0 29)
#(162 1 0 13)
#(162 2 1 76)
#(162 3 0 24)
#(162 4 0 77)
#(162 5 0 3)
#(162 6 0 63)
#(162 7 1 4)
#(162 8 1 2)
#(162 9 0 44)
#(162 10 1 8)
#(162 11 0 8)
#(162 12 1 61)
#(162 13 0 10)
#(162 14 0 44)
#(162 15 0 19)
#(162 16 1 61)
#(162 17 1 56)
#(162 18 0 36)
#(162 19 0 78)
#(162 20 0 41)
#(162 21 0 6)
#(162 22 0 33)
#(162 23 0 37)
#(162 24 0 2)
#(162 25 0 24)
#(162 26 1 88)
#(162 27 0 3)
#(162 28 1 76)
#(162 29 0 58)
#(162 30 1 40)
#(162 31 0 51)
#(162 32 0 56)
#(162 33 0 64)
#(162 34 0 37)
#(162 35 0 40)
#(162 36 0 21)
#(162 37 0 65)
#(162 38 0 44)
#(162 39 1 73)
#(162 40 0 62)
#(162 41 1 70)
#(162 42 1 31)
#(162 43 0 53)
#(162 44 0 88)
#(162 45 0 52)
#(162 46 0 95)
#(162 47 0 81)
#(162 48 0 9)
#(162 49 0 59)
#(162 50 0 94)
#(162 51 1 31)
#(162 52 1 85)
#(162 53 1 91)
#(162 54 0 8)
#(162 55 1 40)
#(162 56 0 54)
#(162 57 0 29)
#(162 58 1 62)
#(162 59 0 49)
#(162 60 0 39)
#(162 61 0 13)
#(162 62 1 54)
#(162 63 1 21)
#(162 64 1 17)
#(162 65 0 68)
#(162 66 0 27)
#(162 67 0 37)
#(162 68 0 1)
#(162 69 0 95)
#(163 1 1 20)
#(163 2 0 22)
#(163 3 0 65)
#(163 4 0 71)
#(163 5 0 20)
#(163 6 0 48)
#(163 7 1 17)
#(163 8 1 80)
#(163 9 1 92)
#(163 10 0 53)
#(163 11 0 67)
#(163 12 1 47)
#(163 13 0 55)
#(163 14 0 34)
#(163 15 0 77)
#(163 16 0 25)
#(163 17 0 81)
#(163 18 0 75)
#(163 19 0 73)
#(163 20 0 17)
#(163 21 0 3)
#(163 22 1 80)
#(163 23 0 88)
#(163 24 1 82)
#(163 25 0 82)
#(163 26 1 58)
#(163 27 0 50)
#(163 28 0 55)
#(163 29 1 69)
#(163 30 1 48)
#(163 31 0 38)
#(163 32 0 12)
#(163 33 1 62)
#(163 34 0 33)
#(163 35 0 77)
#(163 36 0 14)
#(163 37 0 13)
#(163 38 1 21)
#(163 39 1 46)
#(163 40 0 16)
#(163 41 1 5)
#(163 42 1 50)
#(163 43 1 76)
#(163 44 0 19)
#(163 45 0 11)
#(163 46 0 83)
#(163 47 0 19)
#(163 48 1 74)
#(163 49 0 43)
#(163 50 1 41)
#(163 51 0 49)
#(163 52 1 51)
#(163 53 0 50)
#(163 54 0 43)
#(163 55 0 40)
#(163 56 1 29)
#(163 57 0 85)
#(163 58 0 81)
#(163 59 0 23)
#(163 60 1 37)
#(163 61 1 32)
#(163 62 0 82)
#(163 63 1 85)
#(163 64 1 22)
#(163 65 1 92)
#(163 66 0 80)
#(163 67 1 46)
#(163 68 0 21)
#(163 69 0 92)
#(164 1 0 29)
#(164 2 1 33)
#(164 3 0 16)
#(164 4 0 77)
#(164 5 0 50)
#(164 6 0 75)
#(164 7 0 79)
#(164 8 0 76)
#(164 9 0 45)
#(164 10 0 97)
#(164 11 0 18)
#(164 12 0 25)
#(164 13 0 30)
#(164 14 0 42)
#(164 15 0 14)
#(164 16 0 34)
#(164 17 0 84)
#(164 18 0 34)
#(164 19 0 7)
#(164 20 0 58)
#(164 21 0 74)
#(164 22 1 6)
#(164 23 1 30)
#(164 24 1 22)
#(164 25 0 87)
#(164 26 0 69)
#(164 27 0 41)
#(164 28 0 96)
#(164 29 0 15)
#(164 30 0 16)
#(164 31 1 74)
#(164 32 0 10)
#(164 33 1 89)
#(164 34 1 60)
#(164 35 0 73)
#(164 36 1 82)
#(164 37 1 75)
#(164 38 0 42)
#(164 39 0 18)
#(164 40 0 54)
#(164 41 0 67)
#(164 42 0 93)
#(164 43 0 14)
#(164 44 1 76)
#(164 45 0 85)
#(164 46 0 60)
#(164 47 0 73)
#(164 48 1 68)
#(164 49 1 59)
#(164 50 1 72)
#(164 51 1 25)
#(164 52 1 41)
#(164 53 1 23)
#(164 54 0 77)
#(164 55 0 0)
#(164 56 0 6)
#(164 57 0 28)
#(164 58 0 56)
#(164 59 0 24)
#(164 60 0 61)
#(164 61 0 90)
#(164 62 0 55)
#(164 63 0 49)
#(164 64 1 43)
#(164 65 1 45)
#(164 66 1 41)
#(164 67 0 33)
#(164 68 0 84)
#(164 69 0 93)
#(165 1 0 63)
#(165 2 0 22)
#(165 3 0 17)
#(165 4 1 28)
#(165 5 0 10)
#(165 6 0 7)
#(165 7 0 64)
#(165 8 0 83)
#(165 9 1 52)
#(165 10 1 69)
#(165 11 1 65)
#(165 12 0 45)
#(165 13 0 84)
#(165 14 1 27)
#(165 15 1 48)
#(165 16 0 83)
#(165 17 0 52)
#(165 18 0 38)
#(165 19 1 65)
#(165 20 0 85)
#(165 21 0 48)
#(165 22 0 33)
#(165 23 0 42)
#(165 24 0 10)
#(165 25 1 25)
#(165 26 0 57)
#(165 27 0 74)
#(165 28 0 49)
#(165 29 0 40)
#(165 30 0 36)
#(165 31 0 39)
#(165 32 0 44)
#(165 33 0 21)
#(165 34 0 10)
#(165 35 0 20)
#(165 36 0 0)
#(165 37 0 28)
#(165 38 1 48)
#(165 39 1 3)
#(165 40 1 43)
#(165 41 1 32)
#(165 42 0 35)
#(165 43 1 78)
#(165 44 1 97)
#(165 45 0 10)
#(165 46 0 96)
#(165 47 0 30)
#(165 48 0 68)
#(165 49 0 34)
#(165 50 0 57)
#(165 51 0 63)
#(165 52 0 95)
#(165 53 0 2)
#(165 54 0 23)
#(165 55 0 48)
#(165 56 1 91)
#(165 57 0 51)
#(165 58 0 36)
#(165 59 0 97)
#(165 60 1 76)
#(165 61 1 27)
#(165 62 1 93)
#(165 63 0 11)
#(165 64 0 93)
#(165 65 1 6)
#(165 66 0 92)
#(165 67 0 35)
#(165 68 0 43)
#(165 69 0 90)
#(166 1 1 50)
#(166 2 1 0)
#(166 3 0 59)
#(166 4 1 21)
#(166 5 1 35)
#(166 6 1 70)
#(166 7 0 20)
#(166 8 0 13)
#(166 9 0 88)
#(166 10 0 51)
#(166 11 1 63)
#(166 12 1 90)
#(166 13 1 11)
#(166 14 0 46)
#(166 15 0 1)
#(166 16 0 71)
#(166 17 0 55)
#(166 18 1 57)
#(166 19 1 71)
#(166 20 0 45)
#(166 21 0 45)
#(166 22 0 43)
#(166 23 0 59)
#(166 24 0 47)
#(166 25 1 72)
#(166 26 0 18)
#(166 27 1 6)
#(166 28 0 65)
#(166 29 0 56)
#(166 30 1 14)
#(166 31 1 26)
#(166 32 1 5)
#(166 33 0 57)
#(166 34 0 38)
#(166 35 0 60)
#(166 36 0 23)
#(166 37 0 33)
#(166 38 0 6)
#(166 39 1 66)
#(166 40 0 23)
#(166 41 0 91)
#(166 42 1 1)
#(166 43 1 64)
#(166 44 0 59)
#(166 45 1 45)
#(166 46 1 65)
#(166 47 0 27)
#(166 48 1 74)
#(166 49 0 36)
#(166 50 0 55)
#(166 51 0 18)
#(166 52 0 29)
#(166 53 0 0)
#(166 54 0 34)
#(166 55 0 52)
#(166 56 0 25)
#(166 57 0 22)
#(166 58 0 3)
#(166 59 0 50)
#(166 60 1 61)
#(166 61 0 73)
#(166 62 0 69)
#(166 63 1 63)
#(166 64 0 73)
#(166 65 0 53)
#(166 66 1 73)
#(166 67 1 93)
#(166 68 1 21)
#(166 69 0 82)
#(167 1 1 63)
#(167 2 0 60)
#(167 3 0 89)
#(167 4 0 2)
#(167 5 0 25)
#(167 6 0 46)
#(167 7 0 75)
#(167 8 0 69)
#(167 9 0 26)
#(167 10 1 94)
#(167 11 0 91)
#(167 12 0 79)
#(167 13 1 1)
#(167 14 1 80)
#(167 15 0 0)
#(167 16 0 21)
#(167 17 1 67)
#(167 18 1 13)
#(167 19 0 84)
#(167 20 0 15)
#(167 21 1 28)
#(167 22 0 28)
#(167 23 1 63)
#(167 24 0 38)
#(167 25 1 91)
#(167 26 0 85)
#(167 27 0 55)
#(167 28 0 79)
#(167 29 0 62)
#(167 30 0 30)
#(167 31 0 96)
#(167 32 0 41)
#(167 33 0 82)
#(167 34 0 50)
#(167 35 0 74)
#(167 36 1 35)
#(167 37 0 83)
#(167 38 1 47)
#(167 39 1 24)
#(167 40 0 52)
#(167 41 1 60)
#(167 42 0 45)
#(167 43 0 76)
#(167 44 1 94)
#(167 45 0 10)
#(167 46 1 61)
#(167 47 1 12)
#(167 48 1 14)
#(167 49 0 18)
#(167 50 0 21)
#(167 51 1 4)
#(167 52 0 17)
#(167 53 0 95)
#(167 54 1 21)
#(167 55 0 65)
#(167 56 0 27)
#(167 57 1 78)
#(167 58 0 34)
#(167 59 0 40)
#(167 60 0 89)
#(167 61 0 11)
#(167 62 0 1)
#(167 63 0 78)
#(167 64 1 16)
#(167 65 1 29)
#(167 66 1 76)
#(167 67 0 64)
#(167 68 0 56)
#(167 69 0 30)
#(168 1 0 87)
#(168 2 0 17)
#(168 3 0 47)
#(168 4 0 23)
#(168 5 1 97)
#(168 6 0 7)
#(168 7 0 98)
#(168 8 0 74)
#(168 9 1 10)
#(168 10 0 85)
#(168 11 0 74)
#(168 12 0 65)
#(168 13 0 6)
#(168 14 0 85)
#(168 15 0 82)
#(168 16 0 92)
#(168 17 0 70)
#(168 18 0 24)
#(168 19 0 79)
#(168 20 0 1)
#(168 21 1 74)
#(168 22 1 57)
#(168 23 1 25)
#(168 24 0 56)
#(168 25 0 52)
#(168 26 0 13)
#(168 27 1 22)
#(168 28 0 85)
#(168 29 0 76)
#(168 30 1 5)
#(168 31 0 37)
#(168 32 1 25)
#(168 33 0 7)
#(168 34 0 94)
#(168 35 1 35)
#(168 36 0 20)
#(168 37 0 27)
#(168 38 1 48)
#(168 39 0 55)
#(168 40 1 0)
#(168 41 0 43)
#(168 42 0 41)
#(168 43 0 17)
#(168 44 0 50)
#(168 45 1 16)
#(168 46 0 60)
#(168 47 0 72)
#(168 48 0 58)
#(168 49 1 81)
#(168 50 0 23)
#(168 51 1 14)
#(168 52 0 83)
#(168 53 1 43)
#(168 54 0 9)
#(168 55 1 15)
#(168 56 0 62)
#(168 57 0 35)
#(168 58 0 61)
#(168 59 1 84)
#(168 60 1 71)
#(168 61 0 3)
#(168 62 0 65)
#(168 63 1 38)
#(168 64 1 65)
#(168 65 1 30)
#(168 66 0 59)
#(168 67 0 2)
#(168 68 0 51)
#(168 69 1 70)
#(169 1 1 50)
#(169 2 0 39)
#(169 3 1 66)
#(169 4 1 92)
#(169 5 0 60)
#(169 6 0 27)
#(169 7 0 54)
#(169 8 0 97)
#(169 9 1 8)
#(169 10 1 96)
#(169 11 0 83)
#(169 12 0 46)
#(169 13 0 67)
#(169 14 1 56)
#(169 15 0 21)
#(169 16 0 13)
#(169 17 1 21)
#(169 18 1 97)
#(169 19 1 47)
#(169 20 1 4)
#(169 21 0 19)
#(169 22 0 45)
#(169 23 0 81)
#(169 24 0 77)
#(169 25 0 25)
#(169 26 0 14)
#(169 27 0 39)
#(169 28 1 56)
#(169 29 0 22)
#(169 30 0 32)
#(169 31 1 86)
#(169 32 0 60)
#(169 33 0 64)
#(169 34 0 20)
#(169 35 1 20)
#(169 36 1 74)
#(169 37 0 68)
#(169 38 0 37)
#(169 39 0 2)
#(169 40 1 16)
#(169 41 0 9)
#(169 42 0 86)
#(169 43 0 28)
#(169 44 0 97)
#(169 45 0 94)
#(169 46 1 5)
#(169 47 1 8)
#(169 48 0 86)
#(169 49 0 30)
#(169 50 1 79)
#(169 51 0 39)
#(169 52 1 60)
#(169 53 0 66)
#(169 54 1 7)
#(169 55 0 54)
#(169 56 1 63)
#(169 57 0 85)
#(169 58 0 46)
#(169 59 1 13)
#(169 60 1 71)
#(169 61 0 81)
#(169 62 0 33)
#(169 63 1 62)
#(169 64 0 74)
#(169 65 0 85)
#(169 66 0 80)
#(169 67 0 85)
#(169 68 0 85)
#(169 69 1 40)
#(170 1 1 38)
#(170 2 0 93)
#(170 3 0 80)
#(170 4 0 21)
#(170 5 0 89)
#(170 6 0 66)
#(170 7 0 88)
#(170 8 0 18)
#(170 9 1 14)
#(170 10 1 4)
#(170 11 0 12)
#(170 12 1 82)
#(170 13 0 3)
#(170 14 0 45)
#(170 15 0 2)
#(170 16 0 37)
#(170 17 0 0)
#(170 18 0 62)
#(170 19 0 62)
#(170 20 0 7)
#(170 21 1 0)
#(170 22 1 36)
#(170 23 0 92)
#(170 24 0 32)
#(170 25 0 81)
#(170 26 0 7)
#(170 27 0 18)
#(170 28 0 22)
#(170 29 0 49)
#(170 30 0 7)
#(170 31 1 24)
#(170 32 0 42)
#(170 33 1 1)
#(170 34 0 56)
#(170 35 1 16)
#(170 36 1 73)
#(170 37 0 84)
#(170 38 1 57)
#(170 39 1 87)
#(170 40 0 90)
#(170 41 0 0)
#(170 42 1 17)
#(170 43 1 30)
#(170 44 0 71)
#(170 45 0 49)
#(170 46 0 59)
#(170 47 0 12)
#(170 48 1 16)
#(170 49 0 75)
#(170 50 0 34)
#(170 51 0 39)
#(170 52 0 73)
#(170 53 1 5)
#(170 54 0 76)
#(170 55 1 28)
#(170 56 1 82)
#(170 57 0 95)
#(170 58 0 85)
#(170 59 0 32)
#(170 60 1 88)
#(170 61 1 68)
#(170 62 0 8)
#(170 63 0 35)
#(170 64 0 84)
#(170 65 1 31)
#(170 66 0 26)
#(170 67 0 43)
#(170 68 0 98)
#(170 69 0 28)
#(171 1 0 38)
#(171 2 1 15)
#(171 3 0 94)
#(171 4 1 82)
#(171 5 0 15)
#(171 6 0 38)
#(171 7 0 90)
#(171 8 0 67)
#(171 9 0 84)
#(171 10 0 67)
#(171 11 1 58)
#(171 12 0 16)
#(171 13 0 88)
#(171 14 0 74)
#(171 15 0 74)
#(171 16 1 64)
#(171 17 1 73)
#(171 18 0 67)
#(171 19 1 19)
#(171 20 1 33)
#(171 21 0 77)
#(171 22 0 18)
#(171 23 1 28)
#(171 24 0 77)
#(171 25 0 84)
#(171 26 0 81)
#(171 27 1 6)
#(171 28 0 50)
#(171 29 0 51)
#(171 30 0 91)
#(171 31 1 76)
#(171 32 1 27)
#(171 33 1 48)
#(171 34 0 86)
#(171 35 1 59)
#(171 36 0 40)
#(171 37 0 59)
#(171 38 1 81)
#(171 39 1 14)
#(171 40 1 18)
#(171 41 1 86)
#(171 42 1 67)
#(171 43 1 42)
#(171 44 1 80)
#(171 45 0 10)
#(171 46 1 32)
#(171 47 0 24)
#(171 48 0 82)
#(171 49 1 24)
#(171 50 0 98)
#(171 51 0 72)
#(171 52 1 16)
#(171 53 0 69)
#(171 54 0 96)
#(171 55 0 49)
#(171 56 0 30)
#(171 57 1 15)
#(171 58 0 42)
#(171 59 0 86)
#(171 60 0 97)
#(171 61 1 20)
#(171 62 1 36)
#(171 63 0 10)
#(171 64 0 25)
#(171 65 1 69)
#(171 66 0 96)
#(171 67 1 98)
#(171 68 1 94)
#(171 69 1 71)
#(172 1 0 76)
#(172 2 0 3)
#(172 3 1 55)
#(172 4 0 68)
#(172 5 1 96)
#(172 6 0 33)
#(172 7 1 72)
#(172 8 0 31)
#(172 9 0 64)
#(172 10 0 92)
#(172 11 0 28)
#(172 12 0 88)
#(172 13 0 47)
#(172 14 0 32)
#(172 15 0 70)
#(172 16 0 83)
#(172 17 0 89)
#(172 18 0 96)
#(172 19 0 29)
#(172 20 1 1)
#(172 21 1 28)
#(172 22 0 79)
#(172 23 0 60)
#(172 24 1 17)
#(172 25 0 61)
#(172 26 0 29)
#(172 27 1 31)
#(172 28 0 98)
#(172 29 1 16)
#(172 30 1 80)
#(172 31 0 26)
#(172 32 0 9)
#(172 33 1 48)
#(172 34 1 37)
#(172 35 0 22)
#(172 36 1 70)
#(172 37 1 7)
#(172 38 0 84)
#(172 39 1 24)
#(172 40 0 57)
#(172 41 0 30)
#(172 42 0 72)
#(172 43 0 8)
#(172 44 1 25)
#(172 45 0 38)
#(172 46 0 64)
#(172 47 1 10)
#(172 48 1 22)
#(172 49 1 19)
#(172 50 0 50)
#(172 51 0 91)
#(172 52 1 32)
#(172 53 0 32)
#(172 54 0 69)
#(172 55 0 23)
#(172 56 0 5)
#(172 57 0 42)
#(172 58 0 9)
#(172 59 0 56)
#(172 60 1 44)
#(172 61 1 20)
#(172 62 0 10)
#(172 63 1 1)
#(172 64 1 86)
#(172 65 0 2)
#(172 66 1 70)
#(172 67 0 81)
#(172 68 0 2)
#(172 69 1 23)
#(173 1 0 58)
#(173 2 0 19)
#(173 3 0 7)
#(173 4 0 50)
#(173 5 0 60)
#(173 6 1 78)
#(173 7 0 44)
#(173 8 0 85)
#(173 9 1 71)
#(173 10 0 20)
#(173 11 0 41)
#(173 12 0 42)
#(173 13 1 34)
#(173 14 1 35)
#(173 15 0 71)
#(173 16 0 96)
#(173 17 0 58)
#(173 18 0 52)
#(173 19 0 21)
#(173 20 0 58)
#(173 21 0 24)
#(173 22 0 85)
#(173 23 0 40)
#(173 24 0 43)
#(173 25 1 53)
#(173 26 0 34)
#(173 27 1 4)
#(173 28 1 11)
#(173 29 0 13)
#(173 30 0 60)
#(173 31 0 86)
#(173 32 0 80)
#(173 33 0 72)
#(173 34 0 32)
#(173 35 0 73)
#(173 36 0 75)
#(173 37 1 77)
#(173 38 1 79)
#(173 39 0 94)
#(173 40 0 11)
#(173 41 0 64)
#(173 42 0 94)
#(173 43 1 50)
#(173 44 0 7)
#(173 45 1 67)
#(173 46 0 92)
#(173 47 1 73)
#(173 48 0 13)
#(173 49 0 71)
#(173 50 0 96)
#(173 51 0 16)
#(173 52 1 32)
#(173 53 0 23)
#(173 54 1 73)
#(173 55 0 0)
#(173 56 0 53)
#(173 57 0 70)
#(173 58 0 78)
#(173 59 1 10)
#(173 60 1 39)
#(173 61 0 35)
#(173 62 0 29)
#(173 63 1 41)
#(173 64 1 80)
#(173 65 0 72)
#(173 66 0 90)
#(173 67 0 26)
#(173 68 0 88)
#(173 69 0 98)
#(174 1 0 85)
#(174 2 1 68)
#(174 3 1 80)
#(174 4 0 72)
#(174 5 1 70)
#(174 6 1 34)
#(174 7 0 28)
#(174 8 0 30)
#(174 9 1 49)
#(174 10 0 19)
#(174 11 1 39)
#(174 12 0 95)
#(174 13 0 13)
#(174 14 0 3)
#(174 15 0 89)
#(174 16 0 25)
#(174 17 0 62)
#(174 18 1 78)
#(174 19 1 55)
#(174 20 1 87)
#(174 21 1 29)
#(174 22 0 86)
#(174 23 1 81)
#(174 24 0 97)
#(174 25 1 3)
#(174 26 1 76)
#(174 27 1 75)
#(174 28 0 25)
#(174 29 1 73)
#(174 30 1 16)
#(174 31 0 27)
#(174 32 0 21)
#(174 33 1 90)
#(174 34 0 33)
#(174 35 1 68)
#(174 36 0 63)
#(174 37 0 8)
#(174 38 1 1)
#(174 39 0 96)
#(174 40 0 56)
#(174 41 1 3)
#(174 42 1 80)
#(174 43 0 48)
#(174 44 1 37)
#(174 45 0 27)
#(174 46 0 37)
#(174 47 0 43)
#(174 48 0 49)
#(174 49 0 25)
#(174 50 1 70)
#(174 51 0 16)
#(174 52 0 80)
#(174 53 1 59)
#(174 54 0 62)
#(174 55 0 32)
#(174 56 0 12)
#(174 57 0 64)
#(174 58 0 26)
#(174 59 0 75)
#(174 60 0 44)
#(174 61 0 20)
#(174 62 0 28)
#(174 63 0 34)
#(174 64 0 44)
#(174 65 0 14)
#(174 66 0 91)
#(174 67 1 47)
#(174 68 0 2)
#(174 69 0 85)
#(175 1 1 57)
#(175 2 0 8)
#(175 3 0 53)
#(175 4 0 58)
#(175 5 1 13)
#(175 6 1 95)
#(175 7 0 2)
#(175 8 0 6)
#(175 9 0 21)
#(175 10 1 7)
#(175 11 0 58)
#(175 12 0 37)
#(175 13 0 33)
#(175 14 0 18)
#(175 15 0 96)
#(175 16 0 81)
#(175 17 0 46)
#(175 18 0 76)
#(175 19 0 17)
#(175 20 0 16)
#(175 21 1 92)
#(175 22 0 81)
#(175 23 1 33)
#(175 24 0 76)
#(175 25 0 42)
#(175 26 0 29)
#(175 27 0 90)
#(175 28 0 35)
#(175 29 1 63)
#(175 30 0 6)
#(175 31 1 24)
#(175 32 0 21)
#(175 33 1 5)
#(175 34 0 17)
#(175 35 1 42)
#(175 36 1 35)
#(175 37 0 62)
#(175 38 0 19)
#(175 39 1 11)
#(175 40 0 63)
#(175 41 0 34)
#(175 42 0 31)
#(175 43 1 39)
#(175 44 0 67)
#(175 45 1 26)
#(175 46 0 37)
#(175 47 0 87)
#(175 48 1 33)
#(175 49 0 86)
#(175 50 1 9)
#(175 51 0 86)
#(175 52 0 52)
#(175 53 1 29)
#(175 54 1 45)
#(175 55 0 61)
#(175 56 0 56)
#(175 57 0 25)
#(175 58 0 9)
#(175 59 1 36)
#(175 60 0 45)
#(175 61 0 92)
#(175 62 0 81)
#(175 63 1 43)
#(175 64 1 23)
#(175 65 0 60)
#(175 66 1 19)
#(175 67 0 34)
#(175 68 0 7)
#(175 69 0 12)
#(176 1 0 55)
#(176 2 0 28)
#(176 3 1 88)
#(176 4 0 87)
#(176 5 0 67)
#(176 6 0 0)
#(176 7 0 2)
#(176 8 0 82)
#(176 9 0 44)
#(176 10 0 83)
#(176 11 0 84)
#(176 12 0 59)
#(176 13 0 75)
#(176 14 0 62)
#(176 15 1 67)
#(176 16 1 34)
#(176 17 1 53)
#(176 18 0 55)
#(176 19 0 39)
#(176 20 1 50)
#(176 21 0 72)
#(176 22 0 75)
#(176 23 0 33)
#(176 24 0 78)
#(176 25 1 33)
#(176 26 1 75)
#(176 27 1 56)
#(176 28 1 10)
#(176 29 1 53)
#(176 30 1 13)
#(176 31 0 64)
#(176 32 0 37)
#(176 33 0 88)
#(176 34 1 25)
#(176 35 0 2)
#(176 36 1 2)
#(176 37 0 48)
#(176 38 0 93)
#(176 39 0 81)
#(176 40 0 9)
#(176 41 1 29)
#(176 42 0 76)
#(176 43 0 72)
#(176 44 0 77)
#(176 45 0 43)
#(176 46 0 5)
#(176 47 1 72)
#(176 48 0 85)
#(176 49 0 31)
#(176 50 1 24)
#(176 51 0 78)
#(176 52 1 39)
#(176 53 0 68)
#(176 54 1 11)
#(176 55 0 87)
#(176 56 0 36)
#(176 57 1 23)
#(176 58 0 94)
#(176 59 0 48)
#(176 60 0 79)
#(176 61 0 37)
#(176 62 0 61)
#(176 63 0 4)
#(176 64 1 3)
#(176 65 0 22)
#(176 66 0 61)
#(176 67 0 30)
#(176 68 0 14)
#(176 69 0 5)
#(177 1 0 71)
#(177 2 0 79)
#(177 3 0 0)
#(177 4 0 58)
#(177 5 1 38)
#(177 6 0 65)
#(177 7 0 28)
#(177 8 1 90)
#(177 9 1 79)
#(177 10 1 51)
#(177 11 0 87)
#(177 12 0 79)
#(177 13 0 6)
#(177 14 1 50)
#(177 15 0 24)
#(177 16 0 68)
#(177 17 1 57)
#(177 18 0 37)
#(177 19 0 75)
#(177 20 1 38)
#(177 21 0 5)
#(177 22 0 2)
#(177 23 0 31)
#(177 24 1 15)
#(177 25 1 5)
#(177 26 1 40)
#(177 27 0 71)
#(177 28 1 71)
#(177 29 1 93)
#(177 30 0 11)
#(177 31 0 3)
#(177 32 0 1)
#(177 33 0 51)
#(177 34 0 89)
#(177 35 0 83)
#(177 36 0 46)
#(177 37 0 59)
#(177 38 1 43)
#(177 39 1 30)
#(177 40 0 28)
#(177 41 0 60)
#(177 42 0 34)
#(177 43 1 47)
#(177 44 0 35)
#(177 45 1 37)
#(177 46 1 14)
#(177 47 0 46)
#(177 48 0 66)
#(177 49 0 88)
#(177 50 0 95)
#(177 51 0 12)
#(177 52 0 24)
#(177 53 0 50)
#(177 54 0 50)
#(177 55 0 88)
#(177 56 0 44)
#(177 57 0 73)
#(177 58 1 44)
#(177 59 0 43)
#(177 60 1 85)
#(177 61 0 12)
#(177 62 0 23)
#(177 63 0 47)
#(177 64 1 91)
#(177 65 1 26)
#(177 66 0 45)
#(177 67 0 94)
#(177 68 0 62)
#(177 69 0 18)
#(178 1 0 8)
#(178 2 0 23)
#(178 3 1 34)
#(178 4 0 59)
#(178 5 0 97)
#(178 6 1 73)
#(178 7 1 49)
#(178 8 0 49)
#(178 9 0 4)
#(178 10 0 67)
#(178 11 0 4)
#(178 12 1 94)
#(178 13 0 53)
#(178 14 1 98)
#(178 15 1 54)
#(178 16 1 40)
#(178 17 1 25)
#(178 18 1 84)
#(178 19 0 98)
#(178 20 0 1)
#(178 21 0 6)
#(178 22 1 21)
#(178 23 0 94)
#(178 24 1 96)
#(178 25 0 38)
#(178 26 0 5)
#(178 27 0 16)
#(178 28 1 78)
#(178 29 0 69)
#(178 30 0 68)
#(178 31 0 55)
#(178 32 0 67)
#(178 33 0 21)
#(178 34 0 75)
#(178 35 0 33)
#(178 36 1 86)
#(178 37 0 92)
#(178 38 1 9)
#(178 39 0 96)
#(178 40 0 92)
#(178 41 1 50)
#(178 42 1 15)
#(178 43 1 17)
#(178 44 0 68)
#(178 45 1 80)
#(178 46 0 80)
#(178 47 0 14)
#(178 48 0 1)
#(178 49 0 56)
#(178 50 0 32)
#(178 51 1 97)
#(178 52 0 42)
#(178 53 1 22)
#(178 54 1 0)
#(178 55 1 79)
#(178 56 0 5)
#(178 57 1 3)
#(178 58 1 15)
#(178 59 0 3)
#(178 60 0 41)
#(178 61 1 36)
#(178 62 0 56)
#(178 63 0 4)
#(178 64 0 51)
#(178 65 0 60)
#(178 66 0 23)
#(178 67 0 78)
#(178 68 1 27)
#(178 69 1 90)
#(179 1 0 78)
#(179 2 0 12)
#(179 3 0 83)
#(179 4 0 13)
#(179 5 0 48)
#(179 6 0 13)
#(179 7 1 21)
#(179 8 0 57)
#(179 9 0 81)
#(179 10 0 22)
#(179 11 0 51)
#(179 12 0 93)
#(179 13 0 28)
#(179 14 1 59)
#(179 15 1 16)
#(179 16 0 11)
#(179 17 0 74)
#(179 18 1 68)
#(179 19 0 78)
#(179 20 1 35)
#(179 21 0 29)
#(179 22 0 11)
#(179 23 0 62)
#(179 24 0 71)
#(179 25 1 79)
#(179 26 1 98)
#(179 27 0 44)
#(179 28 0 8)
#(179 29 1 26)
#(179 30 0 75)
#(179 31 0 49)
#(179 32 1 63)
#(179 33 1 62)
#(179 34 0 46)
#(179 35 1 71)
#(179 36 0 55)
#(179 37 0 48)
#(179 38 0 67)
#(179 39 0 15)
#(179 40 0 33)
#(179 41 0 8)
#(179 42 0 64)
#(179 43 0 14)
#(179 44 1 51)
#(179 45 1 68)
#(179 46 0 86)
#(179 47 1 71)
#(179 48 0 46)
#(179 49 0 89)
#(179 50 0 55)
#(179 51 0 74)
#(179 52 1 61)
#(179 53 0 63)
#(179 54 0 87)
#(179 55 0 11)
#(179 56 0 68)
#(179 57 1 91)
#(179 58 0 38)
#(179 59 1 17)
#(179 60 0 57)
#(179 61 0 57)
#(179 62 0 25)
#(179 63 1 34)
#(179 64 1 81)
#(179 65 1 2)
#(179 66 1 49)
#(179 67 0 40)
#(179 68 0 27)
#(179 69 0 38)
#(180 1 0 45)
#(180 2 0 31)
#(180 3 0 7)
#(180 4 0 84)
#(180 5 0 61)
#(180 6 0 34)
#(180 7 1 85)
#(180 8 0 6)
#(180 9 0 68)
#(180 10 0 86)
#(180 11 0 27)
#(180 12 0 90)
#(180 13 0 47)
#(180 14 0 32)
#(180 15 0 63)
#(180 16 0 81)
#(180 17 1 56)
#(180 18 0 0)
#(180 19 1 34)
#(180 20 0 75)
#(180 21 0 60)
#(180 22 0 28)
#(180 23 0 49)
#(180 24 0 12)
#(180 25 1 85)
#(180 26 0 34)
#(180 27 0 41)
#(180 28 0 25)
#(180 29 0 80)
#(180 30 0 25)
#(180 31 0 88)
#(180 32 0 23)
#(180 33 1 56)
#(180 34 1 51)
#(180 35 0 34)
#(180 36 1 10)
#(180 37 0 55)
#(180 38 1 35)
#(180 39 0 87)
#(180 40 0 13)
#(180 41 0 9)
#(180 42 0 82)
#(180 43 0 57)
#(180 44 0 23)
#(180 45 0 38)
#(180 46 0 49)
#(180 47 1 62)
#(180 48 0 96)
#(180 49 0 29)
#(180 50 1 33)
#(180 51 0 55)
#(180 52 0 65)
#(180 53 1 92)
#(180 54 1 39)
#(180 55 1 31)
#(180 56 1 43)
#(180 57 1 71)
#(180 58 0 49)
#(180 59 0 10)
#(180 60 0 95)
#(180 61 0 39)
#(180 62 0 65)
#(180 63 0 45)
#(180 64 0 56)
#(180 65 1 24)
#(180 66 0 73)
#(180 67 1 58)
#(180 68 0 39)
#(180 69 0 29)
#(181 1 1 0)
#(181 2 0 8)
#(181 3 0 86)
#(181 4 0 84)
#(181 5 0 67)
#(181 6 0 66)
#(181 7 1 38)
#(181 8 0 98)
#(181 9 0 95)
#(181 10 1 18)
#(181 11 0 1)
#(181 12 0 40)
#(181 13 0 86)
#(181 14 0 96)
#(181 15 0 90)
#(181 16 1 32)
#(181 17 1 53)
#(181 18 1 43)
#(181 19 0 24)
#(181 20 1 68)
#(181 21 0 40)
#(181 22 0 11)
#(181 23 0 90)
#(181 24 1 24)
#(181 25 0 70)
#(181 26 1 20)
#(181 27 0 32)
#(181 28 1 86)
#(181 29 0 48)
#(181 30 0 70)
#(181 31 0 92)
#(181 32 1 41)
#(181 33 1 69)
#(181 34 0 4)
#(181 35 0 71)
#(181 36 0 25)
#(181 37 0 6)
#(181 38 0 41)
#(181 39 0 40)
#(181 40 0 2)
#(181 41 1 44)
#(181 42 0 58)
#(181 43 0 20)
#(181 44 0 11)
#(181 45 1 2)
#(181 46 0 18)
#(181 47 1 44)
#(181 48 0 40)
#(181 49 1 81)
#(181 50 1 29)
#(181 51 0 29)
#(181 52 0 74)
#(181 53 0 49)
#(181 54 0 13)
#(181 55 0 3)
#(181 56 0 18)
#(181 57 0 19)
#(181 58 0 36)
#(181 59 0 4)
#(181 60 1 18)
#(181 61 1 40)
#(181 62 0 84)
#(181 63 1 86)
#(181 64 0 91)
#(181 65 1 71)
#(181 66 0 12)
#(181 67 0 4)
#(181 68 0 18)
#(181 69 0 14)
#(182 1 0 93)
#(182 2 0 41)
#(182 3 1 66)
#(182 4 0 35)
#(182 5 0 37)
#(182 6 0 93)
#(182 7 0 36)
#(182 8 1 14)
#(182 9 0 19)
#(182 10 0 80)
#(182 11 0 78)
#(182 12 1 33)
#(182 13 0 66)
#(182 14 1 51)
#(182 15 0 72)
#(182 16 0 67)
#(182 17 1 66)
#(182 18 1 63)
#(182 19 0 93)
#(182 20 1 80)
#(182 21 1 43)
#(182 22 0 22)
#(182 23 1 83)
#(182 24 1 16)
#(182 25 0 52)
#(182 26 0 91)
#(182 27 0 14)
#(182 28 0 76)
#(182 29 1 43)
#(182 30 0 89)
#(182 31 0 35)
#(182 32 0 73)
#(182 33 1 46)
#(182 34 1 56)
#(182 35 0 29)
#(182 36 0 54)
#(182 37 0 6)
#(182 38 0 79)
#(182 39 0 88)
#(182 40 0 98)
#(182 41 1 8)
#(182 42 1 33)
#(182 43 0 55)
#(182 44 0 31)
#(182 45 0 31)
#(182 46 0 33)
#(182 47 0 17)
#(182 48 0 7)
#(182 49 1 45)
#(182 50 1 98)
#(182 51 0 50)
#(182 52 0 59)
#(182 53 1 49)
#(182 54 1 8)
#(182 55 1 4)
#(182 56 1 57)
#(182 57 0 87)
#(182 58 0 16)
#(182 59 1 86)
#(182 60 0 71)
#(182 61 0 8)
#(182 62 0 98)
#(182 63 0 95)
#(182 64 0 79)
#(182 65 0 46)
#(182 66 0 14)
#(182 67 1 38)
#(182 68 0 45)
#(182 69 0 23)
#(183 1 1 81)
#(183 2 0 67)
#(183 3 0 51)
#(183 4 0 95)
#(183 5 1 60)
#(183 6 1 5)
#(183 7 1 52)
#(183 8 0 79)
#(183 9 1 28)
#(183 10 0 55)
#(183 11 0 12)
#(183 12 0 27)
#(183 13 0 1)
#(183 14 1 66)
#(183 15 1 71)
#(183 16 1 92)
#(183 17 0 38)
#(183 18 0 65)
#(183 19 1 94)
#(183 20 0 29)
#(183 21 0 12)
#(183 22 1 73)
#(183 23 1 64)
#(183 24 1 63)
#(183 25 0 88)
#(183 26 0 37)
#(183 27 0 8)
#(183 28 1 0)
#(183 29 1 97)
#(183 30 0 77)
#(183 31 1 41)
#(183 32 1 79)
#(183 33 0 5)
#(183 34 0 47)
#(183 35 0 80)
#(183 36 1 16)
#(183 37 1 18)
#(183 38 0 86)
#(183 39 0 92)
#(183 40 1 61)
#(183 41 0 87)
#(183 42 0 70)
#(183 43 0 85)
#(183 44 0 92)
#(183 45 1 33)
#(183 46 0 91)
#(183 47 0 37)
#(183 48 1 32)
#(183 49 0 66)
#(183 50 1 33)
#(183 51 0 75)
#(183 52 1 17)
#(183 53 0 10)
#(183 54 1 89)
#(183 55 1 11)
#(183 56 1 82)
#(183 57 0 56)
#(183 58 1 27)
#(183 59 1 6)
#(183 60 0 43)
#(183 61 1 7)
#(183 62 0 10)
#(183 63 1 29)
#(183 64 0 54)
#(183 65 0 35)
#(183 66 1 73)
#(183 67 1 41)
#(183 68 0 69)
#(183 69 0 48)
#(184 1 1 17)
#(184 2 0 59)
#(184 3 1 49)
#(184 4 1 68)
#(184 5 0 48)
#(184 6 0 51)
#(184 7 1 49)
#(184 8 0 54)
#(184 9 0 46)
#(184 10 1 1)
#(184 11 0 60)
#(184 12 0 61)
#(184 13 1 9)
#(184 14 0 44)
#(184 15 1 3)
#(184 16 0 72)
#(184 17 1 88)
#(184 18 1 70)
#(184 19 0 55)
#(184 20 1 7)
#(184 21 1 92)
#(184 22 1 13)
#(184 23 1 21)
#(184 24 0 46)
#(184 25 1 48)
#(184 26 1 27)
#(184 27 1 89)
#(184 28 0 44)
#(184 29 1 70)
#(184 30 0 75)
#(184 31 0 91)
#(184 32 0 7)
#(184 33 0 18)
#(184 34 1 81)
#(184 35 0 6)
#(184 36 0 73)
#(184 37 1 67)
#(184 38 1 27)
#(184 39 0 86)
#(184 40 0 70)
#(184 41 1 58)
#(184 42 1 82)
#(184 43 0 47)
#(184 44 0 79)
#(184 45 1 96)
#(184 46 0 60)
#(184 47 1 81)
#(184 48 0 81)
#(184 49 0 80)
#(184 50 0 81)
#(184 51 1 11)
#(184 52 0 52)
#(184 53 0 72)
#(184 54 1 7)
#(184 55 0 8)
#(184 56 1 42)
#(184 57 1 52)
#(184 58 1 98)
#(184 59 0 1)
#(184 60 0 17)
#(184 61 1 77)
#(184 62 0 91)
#(184 63 0 50)
#(184 64 0 3)
#(184 65 0 94)
#(184 66 0 55)
#(184 67 0 62)
#(184 68 1 8)
#(184 69 1 22)
#(185 1 0 37)
#(185 2 0 46)
#(185 3 1 10)
#(185 4 0 24)
#(185 5 0 47)
#(185 6 0 7)
#(185 7 0 50)
#(185 8 1 11)
#(185 9 1 35)
#(185 10 1 46)
#(185 11 0 42)
#(185 12 0 66)
#(185 13 0 63)
#(185 14 1 61)
#(185 15 0 38)
#(185 16 0 97)
#(185 17 0 65)
#(185 18 0 39)
#(185 19 0 78)
#(185 20 0 49)
#(185 21 1 83)
#(185 22 0 97)
#(185 23 0 10)
#(185 24 1 9)
#(185 25 0 66)
#(185 26 0 59)
#(185 27 1 71)
#(185 28 0 38)
#(185 29 0 8)
#(185 30 0 30)
#(185 31 1 66)
#(185 32 1 60)
#(185 33 0 42)
#(185 34 0 25)
#(185 35 0 27)
#(185 36 0 87)
#(185 37 0 1)
#(185 38 0 85)
#(185 39 0 97)
#(185 40 1 92)
#(185 41 1 86)
#(185 42 0 69)
#(185 43 1 17)
#(185 44 0 8)
#(185 45 1 46)
#(185 46 0 76)
#(185 47 0 87)
#(185 48 0 1)
#(185 49 1 67)
#(185 50 0 78)
#(185 51 0 59)
#(185 52 0 76)
#(185 53 1 58)
#(185 54 0 42)
#(185 55 0 25)
#(185 56 0 46)
#(185 57 0 62)
#(185 58 0 28)
#(185 59 0 66)
#(185 60 1 51)
#(185 61 0 86)
#(185 62 0 39)
#(185 63 1 46)
#(185 64 0 54)
#(185 65 0 89)
#(185 66 1 0)
#(185 67 1 28)
#(185 68 0 50)
#(185 69 1 12)
#(186 1 0 82)
#(186 2 0 81)
#(186 3 1 61)
#(186 4 0 39)
#(186 5 0 15)
#(186 6 1 82)
#(186 7 0 13)
#(186 8 1 25)
#(186 9 0 83)
#(186 10 0 77)
#(186 11 0 43)
#(186 12 0 4)
#(186 13 1 6)
#(186 14 0 4)
#(186 15 0 58)
#(186 16 0 21)
#(186 17 0 29)
#(186 18 0 18)
#(186 19 0 41)
#(186 20 1 87)
#(186 21 0 29)
#(186 22 0 82)
#(186 23 0 2)
#(186 24 0 74)
#(186 25 0 91)
#(186 26 0 76)
#(186 27 0 91)
#(186 28 0 3)
#(186 29 1 79)
#(186 30 0 19)
#(186 31 1 6)
#(186 32 0 59)
#(186 33 1 85)
#(186 34 1 61)
#(186 35 0 89)
#(186 36 0 24)
#(186 37 0 62)
#(186 38 0 15)
#(186 39 0 54)
#(186 40 0 31)
#(186 41 0 85)
#(186 42 0 34)
#(186 43 1 66)
#(186 44 0 29)
#(186 45 0 27)
#(186 46 0 51)
#(186 47 0 96)
#(186 48 0 98)
#(186 49 1 82)
#(186 50 0 28)
#(186 51 0 60)
#(186 52 0 59)
#(186 53 0 91)
#(186 54 0 2)
#(186 55 0 1)
#(186 56 0 32)
#(186 57 0 52)
#(186 58 0 87)
#(186 59 0 91)
#(186 60 0 81)
#(186 61 1 80)
#(186 62 1 85)
#(186 63 1 96)
#(186 64 1 2)
#(186 65 0 40)
#(186 66 0 90)
#(186 67 0 0)
#(186 68 1 22)
#(186 69 1 67)
#(187 1 0 90)
#(187 2 0 5)
#(187 3 0 45)
#(187 4 0 9)
#(187 5 0 57)
#(187 6 0 81)
#(187 7 0 22)
#(187 8 0 16)
#(187 9 1 9)
#(187 10 1 94)
#(187 11 0 82)
#(187 12 1 93)
#(187 13 1 29)
#(187 14 0 41)
#(187 15 0 12)
#(187 16 0 20)
#(187 17 1 58)
#(187 18 0 1)
#(187 19 0 61)
#(187 20 0 55)
#(187 21 0 87)
#(187 22 0 54)
#(187 23 1 33)
#(187 24 1 22)
#(187 25 0 93)
#(187 26 0 95)
#(187 27 0 77)
#(187 28 0 42)
#(187 29 0 36)
#(187 30 0 91)
#(187 31 0 27)
#(187 32 0 47)
#(187 33 0 27)
#(187 34 1 5)
#(187 35 1 14)
#(187 36 0 78)
#(187 37 0 69)
#(187 38 0 65)
#(187 39 0 82)
#(187 40 0 72)
#(187 41 0 9)
#(187 42 0 1)
#(187 43 0 87)
#(187 44 0 64)
#(187 45 0 12)
#(187 46 0 80)
#(187 47 1 20)
#(187 48 0 40)
#(187 49 0 39)
#(187 50 1 26)
#(187 51 0 95)
#(187 52 0 41)
#(187 53 0 79)
#(187 54 1 19)
#(187 55 0 32)
#(187 56 1 58)
#(187 57 1 16)
#(187 58 0 20)
#(187 59 0 24)
#(187 60 0 50)
#(187 61 0 14)
#(187 62 0 88)
#(187 63 0 31)
#(187 64 0 78)
#(187 65 0 35)
#(187 66 0 50)
#(187 67 1 12)
#(187 68 0 15)
#(187 69 0 88)
#(188 1 0 95)
#(188 2 0 54)
#(188 3 1 18)
#(188 4 0 98)
#(188 5 0 80)
#(188 6 1 33)
#(188 7 0 96)
#(188 8 0 87)
#(188 9 1 45)
#(188 10 1 45)
#(188 11 0 67)
#(188 12 0 98)
#(188 13 0 24)
#(188 14 0 19)
#(188 15 0 13)
#(188 16 0 94)
#(188 17 1 63)
#(188 18 1 97)
#(188 19 1 28)
#(188 20 0 79)
#(188 21 0 59)
#(188 22 0 22)
#(188 23 0 30)
#(188 24 1 60)
#(188 25 1 9)
#(188 26 1 33)
#(188 27 1 38)
#(188 28 1 2)
#(188 29 0 9)
#(188 30 1 14)
#(188 31 1 54)
#(188 32 0 25)
#(188 33 1 5)
#(188 34 0 59)
#(188 35 1 98)
#(188 36 1 58)
#(188 37 0 13)
#(188 38 0 57)
#(188 39 0 86)
#(188 40 0 17)
#(188 41 0 9)
#(188 42 1 13)
#(188 43 0 1)
#(188 44 1 10)
#(188 45 0 41)
#(188 46 0 1)
#(188 47 0 26)
#(188 48 0 55)
#(188 49 1 21)
#(188 50 0 1)
#(188 51 1 24)
#(188 52 0 47)
#(188 53 1 35)
#(188 54 0 73)
#(188 55 1 18)
#(188 56 0 25)
#(188 57 0 72)
#(188 58 0 85)
#(188 59 1 54)
#(188 60 1 98)
#(188 61 1 57)
#(188 62 1 2)
#(188 63 0 94)
#(188 64 0 5)
#(188 65 1 60)
#(188 66 1 73)
#(188 67 0 33)
#(188 68 1 33)
#(188 69 0 8)
#(189 1 1 48)
#(189 2 0 59)
#(189 3 1 63)
#(189 4 0 15)
#(189 5 1 11)
#(189 6 1 44)
#(189 7 0 28)
#(189 8 0 27)
#(189 9 1 62)
#(189 10 1 94)
#(189 11 0 54)
#(189 12 1 20)
#(189 13 0 93)
#(189 14 0 2)
#(189 15 0 18)
#(189 16 1 84)
#(189 17 1 92)
#(189 18 1 15)
#(189 19 0 82)
#(189 20 0 18)
#(189 21 1 46)
#(189 22 1 89)
#(189 23 1 18)
#(189 24 1 48)
#(189 25 0 87)
#(189 26 1 74)
#(189 27 1 21)
#(189 28 1 69)
#(189 29 1 18)
#(189 30 0 67)
#(189 31 0 3)
#(189 32 0 58)
#(189 33 1 2)
#(189 34 0 18)
#(189 35 0 75)
#(189 36 0 60)
#(189 37 1 17)
#(189 38 0 47)
#(189 39 0 91)
#(189 40 0 58)
#(189 41 1 71)
#(189 42 1 27)
#(189 43 0 72)
#(189 44 0 53)
#(189 45 0 70)
#(189 46 0 98)
#(189 47 0 48)
#(189 48 0 70)
#(189 49 1 28)
#(189 50 1 98)
#(189 51 1 80)
#(189 52 0 51)
#(189 53 0 71)
#(189 54 0 48)
#(189 55 1 22)
#(189 56 0 98)
#(189 57 1 69)
#(189 58 0 64)
#(189 59 0 0)
#(189 60 0 11)
#(189 61 0 76)
#(189 62 1 68)
#(189 63 0 68)
#(189 64 0 4)
#(189 65 0 9)
#(189 66 0 27)
#(189 67 1 90)
#(189 68 1 7)
#(189 69 0 46)
#(190 1 1 75)
#(190 2 0 37)
#(190 3 1 95)
#(190 4 1 54)
#(190 5 0 86)
#(190 6 0 12)
#(190 7 0 72)
#(190 8 0 42)
#(190 9 0 87)
#(190 10 0 11)
#(190 11 0 12)
#(190 12 1 14)
#(190 13 0 69)
#(190 14 0 2)
#(190 15 1 27)
#(190 16 0 27)
#(190 17 0 9)
#(190 18 1 33)
#(190 19 0 3)
#(190 20 0 12)
#(190 21 1 91)
#(190 22 0 7)
#(190 23 1 85)
#(190 24 1 40)
#(190 25 1 35)
#(190 26 0 65)
#(190 27 0 32)
#(190 28 1 60)
#(190 29 0 14)
#(190 30 1 61)
#(190 31 0 22)
#(190 32 1 24)
#(190 33 0 9)
#(190 34 0 47)
#(190 35 1 54)
#(190 36 0 34)
#(190 37 1 76)
#(190 38 0 56)
#(190 39 1 3)
#(190 40 0 45)
#(190 41 0 52)
#(190 42 0 64)
#(190 43 0 43)
#(190 44 1 34)
#(190 45 0 13)
#(190 46 0 58)
#(190 47 1 39)
#(190 48 1 27)
#(190 49 0 77)
#(190 50 0 38)
#(190 51 1 75)
#(190 52 1 41)
#(190 53 0 85)
#(190 54 1 66)
#(190 55 0 5)
#(190 56 0 74)
#(190 57 0 36)
#(190 58 0 3)
#(190 59 0 96)
#(190 60 1 85)
#(190 61 1 94)
#(190 62 1 13)
#(190 63 0 34)
#(190 64 0 89)
#(190 65 1 53)
#(190 66 1 22)
#(190 67 0 12)
#(190 68 0 1)
#(190 69 0 47)
#(191 1 0 55)
#(191 2 0 88)
#(191 3 1 75)
#(191 4 1 87)
#(191 5 0 58)
#(191 6 0 97)
#(191 7 1 27)
#(191 8 1 90)
#(191 9 1 9)
#(191 10 1 48)
#(191 11 0 90)
#(191 12 0 75)
#(191 13 0 21)
#(191 14 0 14)
#(191 15 1 81)
#(191 16 1 53)
#(191 17 1 8)
#(191 18 0 86)
#(191 19 0 17)
#(191 20 0 71)
#(191 21 1 27)
#(191 22 0 62)
#(191 23 0 10)
#(191 24 0 32)
#(191 25 0 22)
#(191 26 1 24)
#(191 27 0 19)
#(191 28 0 92)
#(191 29 0 67)
#(191 30 1 34)
#(191 31 0 98)
#(191 32 1 35)
#(191 33 0 39)
#(191 34 1 57)
#(191 35 0 37)
#(191 36 0 22)
#(191 37 0 58)
#(191 38 0 17)
#(191 39 1 1)
#(191 40 0 61)
#(191 41 1 96)
#(191 42 0 31)
#(191 43 0 37)
#(191 44 1 39)
#(191 45 0 19)
#(191 46 0 87)
#(191 47 0 1)
#(191 48 1 74)
#(191 49 0 41)
#(191 50 0 93)
#(191 51 1 88)
#(191 52 0 63)
#(191 53 1 11)
#(191 54 0 80)
#(191 55 0 37)
#(191 56 1 13)
#(191 57 0 19)
#(191 58 0 33)
#(191 59 0 73)
#(191 60 0 51)
#(191 61 0 25)
#(191 62 1 22)
#(191 63 0 42)
#(191 64 1 19)
#(191 65 1 47)
#(191 66 0 16)
#(191 67 0 32)
#(191 68 1 74)
#(191 69 0 98)
#(192 1 0 82)
#(192 2 0 82)
#(192 3 0 14)
#(192 4 1 25)
#(192 5 0 55)
#(192 6 0 90)
#(192 7 1 56)
#(192 8 0 9)
#(192 9 1 52)
#(192 10 0 94)
#(192 11 1 26)
#(192 12 0 57)
#(192 13 1 80)
#(192 14 0 43)
#(192 15 0 68)
#(192 16 0 67)
#(192 17 0 76)
#(192 18 1 59)
#(192 19 0 49)
#(192 20 0 21)
#(192 21 0 2)
#(192 22 0 77)
#(192 23 0 94)
#(192 24 0 7)
#(192 25 0 97)
#(192 26 0 56)
#(192 27 0 9)
#(192 28 1 97)
#(192 29 0 66)
#(192 30 0 58)
#(192 31 0 23)
#(192 32 0 55)
#(192 33 1 74)
#(192 34 0 88)
#(192 35 1 42)
#(192 36 0 38)
#(192 37 0 73)
#(192 38 0 22)
#(192 39 1 22)
#(192 40 0 12)
#(192 41 0 92)
#(192 42 0 85)
#(192 43 0 25)
#(192 44 0 45)
#(192 45 1 82)
#(192 46 1 33)
#(192 47 1 14)
#(192 48 0 87)
#(192 49 0 80)
#(192 50 0 93)
#(192 51 0 10)
#(192 52 1 84)
#(192 53 0 30)
#(192 54 0 13)
#(192 55 1 43)
#(192 56 0 75)
#(192 57 0 98)
#(192 58 0 41)
#(192 59 1 51)
#(192 60 1 67)
#(192 61 0 50)
#(192 62 0 46)
#(192 63 1 10)
#(192 64 1 51)
#(192 65 0 55)
#(192 66 0 24)
#(192 67 0 29)
#(192 68 0 47)
#(192 69 0 53)
#(193 1 0 11)
#(193 2 1 20)
#(193 3 0 25)
#(193 4 0 82)
#(193 5 1 49)
#(193 6 1 6)
#(193 7 0 44)
#(193 8 1 13)
#(193 9 1 5)
#(193 10 0 62)
#(193 11 0 6)
#(193 12 0 66)
#(193 13 0 38)
#(193 14 1 73)
#(193 15 0 84)
#(193 16 1 63)
#(193 17 0 52)
#(193 18 0 19)
#(193 19 0 30)
#(193 20 0 8)
#(193 21 0 64)
#(193 22 0 65)
#(193 23 0 2)
#(193 24 0 14)
#(193 25 0 10)
#(193 26 0 65)
#(193 27 0 78)
#(193 28 0 77)
#(193 29 0 2)
#(193 30 1 66)
#(193 31 0 67)
#(193 32 0 24)
#(193 33 0 29)
#(193 34 1 29)
#(193 35 0 82)
#(193 36 1 78)
#(193 37 0 72)
#(193 38 1 17)
#(193 39 0 19)
#(193 40 1 0)
#(193 41 1 14)
#(193 42 0 1)
#(193 43 1 87)
#(193 44 1 24)
#(193 45 0 54)
#(193 46 1 5)
#(193 47 0 17)
#(193 48 1 6)
#(193 49 1 97)
#(193 50 0 15)
#(193 51 0 32)
#(193 52 0 7)
#(193 53 1 75)
#(193 54 0 7)
#(193 55 1 55)
#(193 56 0 2)
#(193 57 0 35)
#(193 58 0 58)
#(193 59 0 54)
#(193 60 0 19)
#(193 61 1 86)
#(193 62 0 94)
#(193 63 1 85)
#(193 64 0 46)
#(193 65 0 58)
#(193 66 0 53)
#(193 67 0 34)
#(193 68 0 30)
#(193 69 0 26)
#(194 1 0 38)
#(194 2 0 51)
#(194 3 1 35)
#(194 4 0 71)
#(194 5 0 47)
#(194 6 0 43)
#(194 7 0 55)
#(194 8 1 82)
#(194 9 1 62)
#(194 10 0 33)
#(194 11 0 54)
#(194 12 0 66)
#(194 13 0 89)
#(194 14 0 48)
#(194 15 0 50)
#(194 16 0 43)
#(194 17 0 47)
#(194 18 1 46)
#(194 19 0 75)
#(194 20 1 75)
#(194 21 1 71)
#(194 22 0 91)
#(194 23 0 36)
#(194 24 0 75)
#(194 25 1 71)
#(194 26 0 52)
#(194 27 0 19)
#(194 28 1 22)
#(194 29 1 84)
#(194 30 0 55)
#(194 31 0 24)
#(194 32 1 70)
#(194 33 0 35)
#(194 34 0 69)
#(194 35 1 60)
#(194 36 1 13)
#(194 37 0 0)
#(194 38 1 66)
#(194 39 0 95)
#(194 40 0 70)
#(194 41 1 23)
#(194 42 1 88)
#(194 43 0 62)
#(194 44 0 81)
#(194 45 0 84)
#(194 46 0 21)
#(194 47 0 71)
#(194 48 1 26)
#(194 49 0 86)
#(194 50 0 48)
#(194 51 0 57)
#(194 52 0 92)
#(194 53 0 3)
#(194 54 1 7)
#(194 55 0 54)
#(194 56 1 82)
#(194 57 0 58)
#(194 58 0 2)
#(194 59 0 96)
#(194 60 0 51)
#(194 61 0 76)
#(194 62 0 78)
#(194 63 1 45)
#(194 64 1 84)
#(194 65 1 28)
#(194 66 0 92)
#(194 67 1 67)
#(194 68 0 87)
#(194 69 0 88)
#(195 1 0 1)
#(195 2 1 60)
#(195 3 0 34)
#(195 4 1 38)
#(195 5 0 28)
#(195 6 0 25)
#(195 7 0 4)
#(195 8 0 69)
#(195 9 1 62)
#(195 10 0 6)
#(195 11 0 59)
#(195 12 0 87)
#(195 13 0 95)
#(195 14 1 92)
#(195 15 1 8)
#(195 16 0 91)
#(195 17 1 41)
#(195 18 0 71)
#(195 19 0 71)
#(195 20 0 40)
#(195 21 0 87)
#(195 22 0 42)
#(195 23 0 71)
#(195 24 1 57)
#(195 25 1 52)
#(195 26 0 66)
#(195 27 0 14)
#(195 28 0 87)
#(195 29 1 7)
#(195 30 0 32)
#(195 31 0 81)
#(195 32 0 70)
#(195 33 0 23)
#(195 34 0 14)
#(195 35 0 42)
#(195 36 0 13)
#(195 37 0 84)
#(195 38 0 88)
#(195 39 1 74)
#(195 40 0 12)
#(195 41 1 75)
#(195 42 0 44)
#(195 43 0 71)
#(195 44 1 37)
#(195 45 0 24)
#(195 46 0 49)
#(195 47 1 81)
#(195 48 0 64)
#(195 49 0 13)
#(195 50 1 90)
#(195 51 0 93)
#(195 52 0 65)
#(195 53 0 55)
#(195 54 0 97)
#(195 55 0 13)
#(195 56 0 58)
#(195 57 0 21)
#(195 58 0 67)
#(195 59 1 54)
#(195 60 1 61)
#(195 61 0 60)
#(195 62 1 66)
#(195 63 1 59)
#(195 64 1 41)
#(195 65 0 61)
#(195 66 1 64)
#(195 67 0 25)
#(195 68 0 6)
#(195 69 0 12)
#(196 1 0 92)
#(196 2 1 97)
#(196 3 1 73)
#(196 4 1 1)
#(196 5 0 10)
#(196 6 0 23)
#(196 7 0 28)
#(196 8 0 27)
#(196 9 0 31)
#(196 10 0 24)
#(196 11 1 17)
#(196 12 0 93)
#(196 13 0 83)
#(196 14 0 64)
#(196 15 0 12)
#(196 16 0 30)
#(196 17 1 85)
#(196 18 0 49)
#(196 19 1 72)
#(196 20 1 35)
#(196 21 0 68)
#(196 22 1 48)
#(196 23 0 16)
#(196 24 1 88)
#(196 25 1 2)
#(196 26 1 31)
#(196 27 1 68)
#(196 28 0 34)
#(196 29 0 88)
#(196 30 0 7)
#(196 31 0 61)
#(196 32 1 37)
#(196 33 1 24)
#(196 34 1 32)
#(196 35 1 22)
#(196 36 1 81)
#(196 37 1 63)
#(196 38 1 74)
#(196 39 1 72)
#(196 40 0 42)
#(196 41 1 21)
#(196 42 0 20)
#(196 43 0 10)
#(196 44 1 13)
#(196 45 0 66)
#(196 46 0 60)
#(196 47 0 79)
#(196 48 1 38)
#(196 49 0 33)
#(196 50 0 59)
#(196 51 1 33)
#(196 52 0 82)
#(196 53 0 97)
#(196 54 0 20)
#(196 55 0 16)
#(196 56 0 60)
#(196 57 1 91)
#(196 58 0 50)
#(196 59 0 63)
#(196 60 1 11)
#(196 61 0 75)
#(196 62 1 68)
#(196 63 1 62)
#(196 64 1 45)
#(196 65 0 10)
#(196 66 0 23)
#(196 67 0 85)
#(196 68 0 64)
#(196 69 1 24)
#(197 1 0 74)
#(197 2 0 33)
#(197 3 0 64)
#(197 4 0 49)
#(197 5 0 91)
#(197 6 1 97)
#(197 7 1 79)
#(197 8 0 17)
#(197 9 0 36)
#(197 10 1 5)
#(197 11 1 45)
#(197 12 0 18)
#(197 13 0 13)
#(197 14 1 27)
#(197 15 1 47)
#(197 16 1 79)
#(197 17 0 23)
#(197 18 1 15)
#(197 19 0 55)
#(197 20 1 42)
#(197 21 0 25)
#(197 22 0 60)
#(197 23 1 4)
#(197 24 1 93)
#(197 25 0 28)
#(197 26 0 8)
#(197 27 0 73)
#(197 28 0 25)
#(197 29 0 47)
#(197 30 0 13)
#(197 31 0 14)
#(197 32 0 26)
#(197 33 0 75)
#(197 34 0 86)
#(197 35 1 79)
#(197 36 1 88)
#(197 37 1 74)
#(197 38 0 75)
#(197 39 0 36)
#(197 40 0 97)
#(197 41 1 75)
#(197 42 0 98)
#(197 43 0 22)
#(197 44 0 46)
#(197 45 1 88)
#(197 46 1 17)
#(197 47 0 87)
#(197 48 1 53)
#(197 49 0 20)
#(197 50 0 81)
#(197 51 1 55)
#(197 52 0 67)
#(197 53 0 67)
#(197 54 0 35)
#(197 55 1 78)
#(197 56 0 92)
#(197 57 0 52)
#(197 58 0 18)
#(197 59 1 51)
#(197 60 0 30)
#(197 61 1 88)
#(197 62 1 74)
#(197 63 1 63)
#(197 64 0 95)
#(197 65 0 76)
#(197 66 1 6)
#(197 67 0 25)
#(197 68 1 67)
#(197 69 0 25)
#(198 1 0 57)
#(198 2 1 33)
#(198 3 1 25)
#(198 4 0 62)
#(198 5 0 22)
#(198 6 0 42)
#(198 7 0 49)
#(198 8 1 3)
#(198 9 0 7)
#(198 10 1 51)
#(198 11 1 7)
#(198 12 1 83)
#(198 13 0 45)
#(198 14 0 75)
#(198 15 1 71)
#(198 16 0 63)
#(198 17 0 40)
#(198 18 1 95)
#(198 19 0 23)
#(198 20 1 90)
#(198 21 0 61)
#(198 22 1 48)
#(198 23 0 33)
#(198 24 0 39)
#(198 25 0 76)
#(198 26 0 78)
#(198 27 1 50)
#(198 28 1 82)
#(198 29 0 69)
#(198 30 0 77)
#(198 31 0 13)
#(198 32 1 50)
#(198 33 0 76)
#(198 34 0 31)
#(198 35 0 42)
#(198 36 0 73)
#(198 37 0 67)
#(198 38 0 91)
#(198 39 1 6)
#(198 40 0 77)
#(198 41 0 19)
#(198 42 0 98)
#(198 43 0 45)
#(198 44 0 29)
#(198 45 0 70)
#(198 46 0 4)
#(198 47 0 51)
#(198 48 0 58)
#(198 49 0 70)
#(198 50 0 75)
#(198 51 0 78)
#(198 52 1 30)
#(198 53 0 11)
#(198 54 0 55)
#(198 55 0 72)
#(198 56 0 22)
#(198 57 0 9)
#(198 58 0 58)
#(198 59 0 28)
#(198 60 1 4)
#(198 61 1 1)
#(198 62 0 59)
#(198 63 1 25)
#(198 64 1 67)
#(198 65 1 10)
#(198 66 0 29)
#(198 67 0 36)
#(198 68 1 6)
#(198 69 0 78)
#(199 1 1 18)
#(199 2 1 96)
#(199 3 0 26)
#(199 4 0 2)
#(199 5 1 70)
#(199 6 0 77)
#(199 7 0 60)
#(199 8 0 52)
#(199 9 0 83)
#(199 10 1 28)
#(199 11 0 81)
#(199 12 1 47)
#(199 13 0 80)
#(199 14 1 68)
#(199 15 0 85)
#(199 16 0 18)
#(199 17 0 89)
#(199 18 0 36)
#(199 19 1 44)
#(199 20 0 12)
#(199 21 0 51)
#(199 22 0 40)
#(199 23 0 61)
#(199 24 0 24)
#(199 25 0 78)
#(199 26 0 60)
#(199 27 0 81)
#(199 28 0 29)
#(199 29 0 12)
#(199 30 0 64)
#(199 31 0 18)
#(199 32 0 93)
#(199 33 1 90)
#(199 34 0 71)
#(199 35 0 65)
#(199 36 0 62)
#(199 37 1 61)
#(199 38 0 33)
#(199 39 0 53)
#(199 40 0 38)
#(199 41 1 4)
#(199 42 0 1)
#(199 43 1 91)
#(199 44 0 35)
#(199 45 0 38)
#(199 46 0 16)
#(199 47 0 5)
#(199 48 0 20)
#(199 49 1 25)
#(199 50 0 88)
#(199 51 0 67)
#(199 52 0 72)
#(199 53 0 3)
#(199 54 0 45)
#(199 55 0 34)
#(199 56 0 47)
#(199 57 0 87)
#(199 58 1 55)
#(199 59 1 91)
#(199 60 0 74)
#(199 61 0 30)
#(199 62 1 19)
#(199 63 0 6)
#(199 64 0 7)
#(199 65 1 98)
#(199 66 1 52)
#(199 67 0 53)
#(199 68 1 21)
#(199 69 1 32)
#(200 1 1 4)
#(200 2 0 57)
#(200 3 0 78)
#(200 4 1 24)
#(200 5 0 29)
#(200 6 0 37)
#(200 7 1 78)
#(200 8 0 71)
#(200 9 0 74)
#(200 10 0 5)
#(200 11 0 70)
#(200 12 0 41)
#(200 13 1 38)
#(200 14 0 11)
#(200 15 0 41)
#(200 16 0 23)
#(200 17 0 54)
#(200 18 0 24)
#(200 19 0 78)
#(200 20 1 69)
#(200 21 0 68)
#(200 22 0 23)
#(200 23 0 58)
#(200 24 0 97)
#(200 25 0 6)
#(200 26 0 96)
#(200 27 0 65)
#(200 28 1 61)
#(200 29 0 56)
#(200 30 0 50)
#(200 31 0 95)
#(200 32 0 43)
#(200 33 0 0)
#(200 34 0 22)
#(200 35 1 94)
#(200 36 0 27)
#(200 37 0 36)
#(200 38 0 57)
#(200 39 1 62)
#(200 40 0 68)
#(200 41 0 78)
#(200 42 0 29)
#(200 43 1 85)
#(200 44 0 9)
#(200 45 1 24)
#(200 46 0 71)
#(200 47 1 80)
#(200 48 1 83)
#(200 49 0 55)
#(200 50 0 42)
#(200 51 0 55)
#(200 52 0 45)
#(200 53 1 46)
#(200 54 1 82)
#(200 55 0 88)
#(200 56 1 23)
#(200 57 1 51)
#(200 58 0 70)
#(200 59 0 78)
#(200 60 0 76)
#(200 61 0 44)
#(200 62 1 6)
#(200 63 1 9)
#(200 64 0 6)
#(200 65 0 51)
#(200 66 1 49)
#(200 67 0 81)
#(200 68 0 86)
#(200 69 0 39)
#(201 1 0 97)
#(201 2 1 4)
#(201 3 0 67)
#(201 4 1 10)
#(201 5 0 32)
#(201 6 0 30)
#(201 7 0 94)
#(201 8 0 23)
#(201 9 0 81)
#(201 10 0 28)
#(201 11 0 36)
#(201 12 0 67)
#(201 13 0 26)
#(201 14 0 6)
#(201 15 1 17)
#(201 16 0 16)
#(201 17 0 39)
#(201 18 0 20)
#(201 19 0 53)
#(201 20 0 42)
#(201 21 0 10)
#(201 22 0 65)
#(201 23 1 82)
#(201 24 0 95)
#(201 25 0 74)
#(201 26 1 14)
#(201 27 0 73)
#(201 28 0 11)
#(201 29 0 73)
#(201 30 0 24)
#(201 31 1 68)
#(201 32 1 6)
#(201 33 0 53)
#(201 34 0 65)
#(201 35 0 73)
#(201 36 0 96)
#(201 37 0 89)
#(201 38 1 18)
#(201 39 1 83)
#(201 40 0 90)
#(201 41 1 76)
#(201 42 0 95)
#(201 43 1 58)
#(201 44 0 17)
#(201 45 0 82)
#(201 46 0 37)
#(201 47 0 20)
#(201 48 0 4)
#(201 49 0 31)
#(201 50 0 28)
#(201 51 1 58)
#(201 52 0 78)
#(201 53 0 66)
#(201 54 0 17)
#(201 55 0 53)
#(201 56 1 6)
#(201 57 1 47)
#(201 58 0 60)
#(201 59 0 42)
#(201 60 0 3)
#(201 61 0 63)
#(201 62 1 48)
#(201 63 0 52)
#(201 64 0 34)
#(201 65 0 37)
#(201 66 0 87)
#(201 67 1 93)
#(201 68 0 32)
#(201 69 0 31)
#(202 1 1 41)
#(202 2 0 40)
#(202 3 0 20)
#(202 4 1 93)
#(202 5 0 87)
#(202 6 1 24)
#(202 7 0 40)
#(202 8 1 50)
#(202 9 1 39)
#(202 10 0 15)
#(202 11 0 80)
#(202 12 1 94)
#(202 13 0 13)
#(202 14 1 27)
#(202 15 0 58)
#(202 16 0 62)
#(202 17 0 88)
#(202 18 0 13)
#(202 19 0 12)
#(202 20 0 20)
#(202 21 0 67)
#(202 22 0 87)
#(202 23 1 82)
#(202 24 0 50)
#(202 25 1 94)
#(202 26 0 79)
#(202 27 0 55)
#(202 28 0 74)
#(202 29 1 58)
#(202 30 1 5)
#(202 31 0 21)
#(202 32 0 98)
#(202 33 0 21)
#(202 34 1 84)
#(202 35 0 28)
#(202 36 0 7)
#(202 37 0 42)
#(202 38 1 0)
#(202 39 0 9)
#(202 40 0 88)
#(202 41 0 23)
#(202 42 0 94)
#(202 43 0 25)
#(202 44 0 25)
#(202 45 1 20)
#(202 46 0 95)
#(202 47 0 86)
#(202 48 1 9)
#(202 49 1 16)
#(202 50 0 79)
#(202 51 0 41)
#(202 52 0 73)
#(202 53 0 36)
#(202 54 0 19)
#(202 55 1 26)
#(202 56 0 79)
#(202 57 0 12)
#(202 58 1 29)
#(202 59 0 69)
#(202 60 0 21)
#(202 61 0 95)
#(202 62 0 41)
#(202 63 0 51)
#(202 64 0 35)
#(202 65 0 92)
#(202 66 0 0)
#(202 67 1 68)
#(202 68 0 62)
#(202 69 0 7)
#(203 1 0 59)
#(203 2 0 83)
#(203 3 1 98)
#(203 4 0 82)
#(203 5 1 22)
#(203 6 0 16)
#(203 7 0 49)
#(203 8 1 96)
#(203 9 0 96)
#(203 10 1 7)
#(203 11 0 52)
#(203 12 1 55)
#(203 13 0 32)
#(203 14 0 81)
#(203 15 0 94)
#(203 16 1 80)
#(203 17 0 63)
#(203 18 0 47)
#(203 19 0 88)
#(203 20 0 82)
#(203 21 0 13)
#(203 22 0 91)
#(203 23 0 7)
#(203 24 1 66)
#(203 25 0 4)
#(203 26 0 89)
#(203 27 1 86)
#(203 28 1 2)
#(203 29 1 56)
#(203 30 0 67)
#(203 31 0 65)
#(203 32 1 24)
#(203 33 0 34)
#(203 34 0 89)
#(203 35 0 57)
#(203 36 1 74)
#(203 37 0 87)
#(203 38 1 54)
#(203 39 0 40)
#(203 40 1 60)
#(203 41 0 40)
#(203 42 0 63)
#(203 43 0 50)
#(203 44 1 51)
#(203 45 0 98)
#(203 46 1 86)
#(203 47 1 5)
#(203 48 0 81)
#(203 49 0 74)
#(203 50 1 35)
#(203 51 1 12)
#(203 52 0 66)
#(203 53 0 97)
#(203 54 0 43)
#(203 55 0 2)
#(203 56 0 19)
#(203 57 0 8)
#(203 58 1 98)
#(203 59 0 42)
#(203 60 1 38)
#(203 61 1 72)
#(203 62 0 85)
#(203 63 0 72)
#(203 64 1 58)
#(203 65 0 83)
#(203 66 1 22)
#(203 67 0 86)
#(203 68 0 33)
#(203 69 0 0)
#(204 1 0 5)
#(204 2 0 42)
#(204 3 0 6)
#(204 4 0 7)
#(204 5 0 78)
#(204 6 0 62)
#(204 7 1 26)
#(204 8 0 78)
#(204 9 1 96)
#(204 10 1 27)
#(204 11 0 70)
#(204 12 0 63)
#(204 13 0 20)
#(204 14 0 7)
#(204 15 0 78)
#(204 16 0 59)
#(204 17 0 46)
#(204 18 0 15)
#(204 19 0 47)
#(204 20 1 37)
#(204 21 1 91)
#(204 22 0 89)
#(204 23 0 87)
#(204 24 0 87)
#(204 25 0 2)
#(204 26 0 20)
#(204 27 1 36)
#(204 28 0 84)
#(204 29 1 67)
#(204 30 0 43)
#(204 31 0 1)
#(204 32 1 90)
#(204 33 0 58)
#(204 34 0 29)
#(204 35 0 26)
#(204 36 0 83)
#(204 37 0 66)
#(204 38 1 76)
#(204 39 0 98)
#(204 40 1 80)
#(204 41 0 84)
#(204 42 0 73)
#(204 43 1 36)
#(204 44 0 56)
#(204 45 1 60)
#(204 46 0 6)
#(204 47 1 82)
#(204 48 0 49)
#(204 49 0 62)
#(204 50 0 6)
#(204 51 1 82)
#(204 52 0 39)
#(204 53 0 90)
#(204 54 1 3)
#(204 55 1 10)
#(204 56 0 72)
#(204 57 1 30)
#(204 58 0 73)
#(204 59 1 16)
#(204 60 0 57)
#(204 61 1 61)
#(204 62 0 31)
#(204 63 0 91)
#(204 64 0 57)
#(204 65 0 33)
#(204 66 1 85)
#(204 67 1 66)
#(204 68 1 8)
#(204 69 1 63)
#(205 1 0 52)
#(205 2 0 23)
#(205 3 0 92)
#(205 4 0 35)
#(205 5 0 54)
#(205 6 0 56)
#(205 7 1 76)
#(205 8 1 61)
#(205 9 1 97)
#(205 10 0 12)
#(205 11 0 94)
#(205 12 0 43)
#(205 13 0 35)
#(205 14 1 1)
#(205 15 0 38)
#(205 16 1 35)
#(205 17 1 45)
#(205 18 1 44)
#(205 19 0 53)
#(205 20 0 50)
#(205 21 1 97)
#(205 22 0 84)
#(205 23 1 8)
#(205 24 0 61)
#(205 25 0 46)
#(205 26 1 73)
#(205 27 0 15)
#(205 28 1 85)
#(205 29 1 12)
#(205 30 1 94)
#(205 31 0 47)
#(205 32 1 87)
#(205 33 0 92)
#(205 34 1 52)
#(205 35 0 70)
#(205 36 1 39)
#(205 37 1 18)
#(205 38 0 55)
#(205 39 0 54)
#(205 40 1 11)
#(205 41 0 26)
#(205 42 0 22)
#(205 43 0 25)
#(205 44 1 12)
#(205 45 1 27)
#(205 46 1 65)
#(205 47 0 71)
#(205 48 1 93)
#(205 49 0 10)
#(205 50 0 35)
#(205 51 0 70)
#(205 52 0 71)
#(205 53 0 64)
#(205 54 0 71)
#(205 55 0 96)
#(205 56 0 54)
#(205 57 0 39)
#(205 58 0 81)
#(205 59 0 90)
#(205 60 0 54)
#(205 61 1 56)
#(205 62 0 9)
#(205 63 0 1)
#(205 64 1 20)
#(205 65 0 45)
#(205 66 0 37)
#(205 67 0 56)
#(205 68 0 23)
#(205 69 1 12)
#(206 1 1 81)
#(206 2 1 57)
#(206 3 1 46)
#(206 4 0 20)
#(206 5 0 59)
#(206 6 1 14)
#(206 7 1 65)
#(206 8 1 65)
#(206 9 0 87)
#(206 10 0 53)
#(206 11 0 13)
#(206 12 0 76)
#(206 13 0 87)
#(206 14 0 55)
#(206 15 0 20)
#(206 16 1 70)
#(206 17 0 1)
#(206 18 0 37)
#(206 19 0 74)
#(206 20 1 7)
#(206 21 1 46)
#(206 22 0 26)
#(206 23 0 31)
#(206 24 1 69)
#(206 25 0 57)
#(206 26 0 22)
#(206 27 0 18)
#(206 28 0 17)
#(206 29 0 34)
#(206 30 0 22)
#(206 31 1 89)
#(206 32 1 71)
#(206 33 0 21)
#(206 34 0 48)
#(206 35 0 43)
#(206 36 0 47)
#(206 37 0 57)
#(206 38 0 57)
#(206 39 0 12)
#(206 40 1 13)
#(206 41 0 15)
#(206 42 1 65)
#(206 43 0 89)
#(206 44 1 92)
#(206 45 0 48)
#(206 46 0 34)
#(206 47 1 49)
#(206 48 0 89)
#(206 49 0 50)
#(206 50 0 13)
#(206 51 0 65)
#(206 52 1 4)
#(206 53 0 62)
#(206 54 1 21)
#(206 55 1 51)
#(206 56 0 85)
#(206 57 0 89)
#(206 58 1 74)
#(206 59 1 41)
#(206 60 0 25)
#(206 61 1 51)
#(206 62 0 33)
#(206 63 1 2)
#(206 64 0 30)
#(206 65 1 24)
#(206 66 0 66)
#(206 67 0 28)
#(206 68 0 88)
#(206 69 1 63)
#(207 1 0 72)
#(207 2 0 18)
#(207 3 1 53)
#(207 4 0 45)
#(207 5 0 72)
#(207 6 0 65)
#(207 7 1 87)
#(207 8 0 4)
#(207 9 0 61)
#(207 10 1 77)
#(207 11 1 49)
#(207 12 0 55)
#(207 13 0 23)
#(207 14 0 51)
#(207 15 1 89)
#(207 16 0 64)
#(207 17 1 88)
#(207 18 0 10)
#(207 19 0 31)
#(207 20 0 35)
#(207 21 0 6)
#(207 22 0 15)
#(207 23 0 67)
#(207 24 1 13)
#(207 25 0 43)
#(207 26 0 73)
#(207 27 0 55)
#(207 28 1 62)
#(207 29 1 40)
#(207 30 0 23)
#(207 31 1 44)
#(207 32 0 81)
#(207 33 1 15)
#(207 34 1 92)
#(207 35 1 61)
#(207 36 0 63)
#(207 37 0 56)
#(207 38 0 46)
#(207 39 0 2)
#(207 40 0 13)
#(207 41 1 68)
#(207 42 0 46)
#(207 43 0 26)
#(207 44 0 23)
#(207 45 0 54)
#(207 46 0 39)
#(207 47 0 89)
#(207 48 0 46)
#(207 49 0 40)
#(207 50 0 7)
#(207 51 0 49)
#(207 52 0 0)
#(207 53 1 48)
#(207 54 0 14)
#(207 55 0 20)
#(207 56 1 52)
#(207 57 1 10)
#(207 58 1 95)
#(207 59 1 15)
#(207 60 1 14)
#(207 61 0 13)
#(207 62 0 5)
#(207 63 1 62)
#(207 64 0 49)
#(207 65 0 33)
#(207 66 1 94)
#(207 67 0 92)
#(207 68 1 4)
#(207 69 0 81)
#(208 1 1 49)
#(208 2 0 51)
#(208 3 0 59)
#(208 4 0 49)
#(208 5 0 9)
#(208 6 1 74)
#(208 7 0 76)
#(208 8 1 73)
#(208 9 0 48)
#(208 10 0 83)
#(208 11 0 85)
#(208 12 1 3)
#(208 13 1 13)
#(208 14 0 64)
#(208 15 0 94)
#(208 16 0 47)
#(208 17 0 67)
#(208 18 0 56)
#(208 19 1 22)
#(208 20 0 37)
#(208 21 0 89)
#(208 22 0 62)
#(208 23 1 66)
#(208 24 0 4)
#(208 25 1 95)
#(208 26 1 85)
#(208 27 0 30)
#(208 28 0 37)
#(208 29 0 56)
#(208 30 0 6)
#(208 31 0 40)
#(208 32 0 85)
#(208 33 0 74)
#(208 34 1 7)
#(208 35 0 31)
#(208 36 1 58)
#(208 37 0 45)
#(208 38 1 73)
#(208 39 0 27)
#(208 40 0 48)
#(208 41 0 60)
#(208 42 0 25)
#(208 43 0 13)
#(208 44 0 47)
#(208 45 1 64)
#(208 46 1 57)
#(208 47 1 85)
#(208 48 1 12)
#(208 49 0 94)
#(208 50 0 96)
#(208 51 0 45)
#(208 52 0 38)
#(208 53 0 73)
#(208 54 0 48)
#(208 55 1 51)
#(208 56 0 91)
#(208 57 0 82)
#(208 58 0 38)
#(208 59 0 39)
#(208 60 0 98)
#(208 61 1 45)
#(208 62 0 6)
#(208 63 0 98)
#(208 64 0 91)
#(208 65 0 0)
#(208 66 0 5)
#(208 67 0 22)
#(208 68 0 44)
#(208 69 0 90)
#(209 1 0 5)
#(209 2 0 64)
#(209 3 0 93)
#(209 4 0 96)
#(209 5 0 81)
#(209 6 1 91)
#(209 7 1 52)
#(209 8 0 78)
#(209 9 0 72)
#(209 10 0 65)
#(209 11 0 87)
#(209 12 1 61)
#(209 13 0 77)
#(209 14 0 70)
#(209 15 1 36)
#(209 16 1 67)
#(209 17 0 57)
#(209 18 0 97)
#(209 19 0 20)
#(209 20 0 48)
#(209 21 0 20)
#(209 22 0 90)
#(209 23 0 76)
#(209 24 1 39)
#(209 25 0 10)
#(209 26 1 92)
#(209 27 0 47)
#(209 28 0 2)
#(209 29 1 80)
#(209 30 0 63)
#(209 31 1 5)
#(209 32 1 4)
#(209 33 0 49)
#(209 34 1 78)
#(209 35 0 40)
#(209 36 0 24)
#(209 37 0 95)
#(209 38 0 29)
#(209 39 0 88)
#(209 40 0 97)
#(209 41 1 48)
#(209 42 0 61)
#(209 43 0 64)
#(209 44 0 66)
#(209 45 0 51)
#(209 46 0 72)
#(209 47 0 71)
#(209 48 0 15)
#(209 49 0 72)
#(209 50 1 17)
#(209 51 0 30)
#(209 52 0 44)
#(209 53 0 41)
#(209 54 1 67)
#(209 55 0 59)
#(209 56 0 37)
#(209 57 1 42)
#(209 58 0 89)
#(209 59 0 87)
#(209 60 0 1)
#(209 61 0 31)
#(209 62 1 73)
#(209 63 1 63)
#(209 64 0 50)
#(209 65 0 11)
#(209 66 0 5)
#(209 67 0 30)
#(209 68 0 72)
#(209 69 0 79)
#(210 1 0 9)
#(210 2 0 34)
#(210 3 0 56)
#(210 4 0 74)
#(210 5 0 52)
#(210 6 1 96)
#(210 7 0 45)
#(210 8 0 2)
#(210 9 0 62)
#(210 10 0 50)
#(210 11 0 31)
#(210 12 0 60)
#(210 13 0 10)
#(210 14 1 18)
#(210 15 0 75)
#(210 16 1 69)
#(210 17 0 22)
#(210 18 0 42)
#(210 19 0 84)
#(210 20 0 54)
#(210 21 0 97)
#(210 22 1 26)
#(210 23 0 32)
#(210 24 0 93)
#(210 25 0 42)
#(210 26 0 72)
#(210 27 0 15)
#(210 28 0 72)
#(210 29 0 89)
#(210 30 1 35)
#(210 31 1 0)
#(210 32 1 30)
#(210 33 0 55)
#(210 34 1 4)
#(210 35 0 75)
#(210 36 0 74)
#(210 37 0 27)
#(210 38 0 59)
#(210 39 1 8)
#(210 40 0 98)
#(210 41 0 29)
#(210 42 1 9)
#(210 43 1 78)
#(210 44 1 83)
#(210 45 1 94)
#(210 46 0 20)
#(210 47 0 15)
#(210 48 0 14)
#(210 49 0 95)
#(210 50 0 26)
#(210 51 1 28)
#(210 52 0 65)
#(210 53 0 76)
#(210 54 0 66)
#(210 55 0 45)
#(210 56 1 59)
#(210 57 1 26)
#(210 58 0 49)
#(210 59 0 37)
#(210 60 0 63)
#(210 61 0 88)
#(210 62 0 5)
#(210 63 0 57)
#(210 64 0 65)
#(210 65 0 17)
#(210 66 0 11)
#(210 67 0 75)
#(210 68 1 7)
#(210 69 0 53)
#(211 1 1 19)
#(211 2 1 94)
#(211 3 1 62)
#(211 4 0 9)
#(211 5 1 5)
#(211 6 0 65)
#(211 7 0 40)
#(211 8 0 66)
#(211 9 0 16)
#(211 10 1 45)
#(211 11 0 20)
#(211 12 1 69)
#(211 13 1 37)
#(211 14 1 0)
#(211 15 1 32)
#(211 16 1 77)
#(211 17 0 40)
#(211 18 0 18)
#(211 19 1 4)
#(211 20 0 86)
#(211 21 0 23)
#(211 22 0 72)
#(211 23 0 61)
#(211 24 1 83)
#(211 25 0 35)
#(211 26 1 98)
#(211 27 1 93)
#(211 28 0 72)
#(211 29 0 58)
#(211 30 1 25)
#(211 31 1 98)
#(211 32 0 82)
#(211 33 0 39)
#(211 34 0 60)
#(211 35 0 63)
#(211 36 0 74)
#(211 37 0 36)
#(211 38 0 67)
#(211 39 0 22)
#(211 40 0 79)
#(211 41 0 65)
#(211 42 0 23)
#(211 43 1 7)
#(211 44 0 33)
#(211 45 1 78)
#(211 46 1 22)
#(211 47 1 43)
#(211 48 0 10)
#(211 49 1 75)
#(211 50 0 7)
#(211 51 0 49)
#(211 52 0 37)
#(211 53 1 18)
#(211 54 0 80)
#(211 55 0 22)
#(211 56 0 25)
#(211 57 0 62)
#(211 58 0 5)
#(211 59 1 4)
#(211 60 0 70)
#(211 61 0 42)
#(211 62 0 4)
#(211 63 0 3)
#(211 64 0 73)
#(211 65 0 8)
#(211 66 0 80)
#(211 67 1 46)
#(211 68 1 49)
#(211 69 0 79)
#(212 1 0 80)
#(212 2 0 5)
#(212 3 0 51)
#(212 4 0 63)
#(212 5 1 67)
#(212 6 1 11)
#(212 7 0 81)
#(212 8 1 1)
#(212 9 1 32)
#(212 10 1 34)
#(212 11 0 20)
#(212 12 1 79)
#(212 13 1 18)
#(212 14 0 46)
#(212 15 1 22)
#(212 16 1 58)
#(212 17 1 37)
#(212 18 0 20)
#(212 19 1 7)
#(212 20 0 84)
#(212 21 0 37)
#(212 22 0 79)
#(212 23 0 88)
#(212 24 0 92)
#(212 25 0 0)
#(212 26 0 78)
#(212 27 1 43)
#(212 28 0 82)
#(212 29 0 88)
#(212 30 1 72)
#(212 31 0 51)
#(212 32 0 62)
#(212 33 0 91)
#(212 34 1 60)
#(212 35 1 97)
#(212 36 0 22)
#(212 37 0 73)
#(212 38 0 71)
#(212 39 1 43)
#(212 40 0 2)
#(212 41 0 43)
#(212 42 0 38)
#(212 43 1 13)
#(212 44 0 57)
#(212 45 0 0)
#(212 46 0 84)
#(212 47 0 25)
#(212 48 1 96)
#(212 49 0 66)
#(212 50 1 32)
#(212 51 1 56)
#(212 52 0 7)
#(212 53 0 11)
#(212 54 1 37)
#(212 55 1 14)
#(212 56 0 30)
#(212 57 0 22)
#(212 58 0 95)
#(212 59 1 43)
#(212 60 1 73)
#(212 61 1 32)
#(212 62 0 90)
#(212 63 0 59)
#(212 64 0 50)
#(212 65 1 78)
#(212 66 0 92)
#(212 67 0 87)
#(212 68 0 79)
#(212 69 0 55)
#(213 1 1 27)
#(213 2 0 21)
#(213 3 0 48)
#(213 4 0 23)
#(213 5 0 44)
#(213 6 0 85)
#(213 7 1 47)
#(213 8 1 68)
#(213 9 1 25)
#(213 10 1 92)
#(213 11 0 66)
#(213 12 1 5)
#(213 13 1 29)
#(213 14 0 53)
#(213 15 0 10)
#(213 16 0 2)
#(213 17 0 95)
#(213 18 0 59)
#(213 19 0 56)
#(213 20 0 45)
#(213 21 0 64)
#(213 22 1 58)
#(213 23 0 39)
#(213 24 0 54)
#(213 25 1 40)
#(213 26 0 2)
#(213 27 0 65)
#(213 28 1 36)
#(213 29 0 0)
#(213 30 1 24)
#(213 31 0 33)
#(213 32 0 7)
#(213 33 1 48)
#(213 34 0 68)
#(213 35 1 27)
#(213 36 1 97)
#(213 37 0 1)
#(213 38 0 92)
#(213 39 0 86)
#(213 40 1 48)
#(213 41 0 62)
#(213 42 0 87)
#(213 43 0 63)
#(213 44 0 90)
#(213 45 0 9)
#(213 46 0 75)
#(213 47 0 45)
#(213 48 1 71)
#(213 49 0 66)
#(213 50 0 93)
#(213 51 1 59)
#(213 52 0 80)
#(213 53 1 95)
#(213 54 0 32)
#(213 55 0 18)
#(213 56 1 5)
#(213 57 0 65)
#(213 58 0 74)
#(213 59 0 31)
#(213 60 0 20)
#(213 61 1 61)
#(213 62 0 52)
#(213 63 0 95)
#(213 64 0 92)
#(213 65 0 86)
#(213 66 1 85)
#(213 67 1 13)
#(213 68 0 83)
#(213 69 1 26)
#(214 1 0 33)
#(214 2 0 1)
#(214 3 1 47)
#(214 4 0 5)
#(214 5 0 74)
#(214 6 0 52)
#(214 7 0 69)
#(214 8 0 38)
#(214 9 0 70)
#(214 10 1 56)
#(214 11 1 18)
#(214 12 0 62)
#(214 13 0 3)
#(214 14 1 52)
#(214 15 1 63)
#(214 16 0 80)
#(214 17 0 21)
#(214 18 0 74)
#(214 19 0 72)
#(214 20 1 66)
#(214 21 0 80)
#(214 22 0 31)
#(214 23 0 27)
#(214 24 0 52)
#(214 25 1 92)
#(214 26 1 77)
#(214 27 0 65)
#(214 28 1 57)
#(214 29 1 41)
#(214 30 0 72)
#(214 31 0 41)
#(214 32 0 57)
#(214 33 0 60)
#(214 34 0 14)
#(214 35 1 49)
#(214 36 0 84)
#(214 37 0 14)
#(214 38 1 89)
#(214 39 0 34)
#(214 40 0 32)
#(214 41 1 43)
#(214 42 0 23)
#(214 43 1 55)
#(214 44 0 46)
#(214 45 1 75)
#(214 46 1 35)
#(214 47 1 74)
#(214 48 0 93)
#(214 49 0 65)
#(214 50 0 77)
#(214 51 0 43)
#(214 52 0 69)
#(214 53 1 98)
#(214 54 0 12)
#(214 55 0 86)
#(214 56 0 78)
#(214 57 0 92)
#(214 58 1 95)
#(214 59 1 2)
#(214 60 1 37)
#(214 61 1 22)
#(214 62 0 83)
#(214 63 1 54)
#(214 64 1 16)
#(214 65 1 26)
#(214 66 1 90)
#(214 67 1 38)
#(214 68 0 96)
#(214 69 1 97)
#(215 1 0 85)
#(215 2 1 86)
#(215 3 0 53)
#(215 4 1 80)
#(215 5 0 32)
#(215 6 1 14)
#(215 7 0 92)
#(215 8 0 13)
#(215 9 1 75)
#(215 10 0 78)
#(215 11 0 26)
#(215 12 1 90)
#(215 13 1 6)
#(215 14 0 84)
#(215 15 0 22)
#(215 16 1 72)
#(215 17 0 90)
#(215 18 0 93)
#(215 19 1 39)
#(215 20 1 15)
#(215 21 0 4)
#(215 22 1 65)
#(215 23 0 92)
#(215 24 0 1)
#(215 25 1 85)
#(215 26 0 40)
#(215 27 1 3)
#(215 28 1 40)
#(215 29 0 2)
#(215 30 0 41)
#(215 31 0 48)
#(215 32 1 1)
#(215 33 0 78)
#(215 34 1 24)
#(215 35 1 35)
#(215 36 0 96)
#(215 37 0 71)
#(215 38 1 67)
#(215 39 0 77)
#(215 40 1 62)
#(215 41 1 27)
#(215 42 0 98)
#(215 43 0 42)
#(215 44 0 36)
#(215 45 0 65)
#(215 46 1 50)
#(215 47 0 17)
#(215 48 1 26)
#(215 49 1 3)
#(215 50 1 49)
#(215 51 0 15)
#(215 52 0 38)
#(215 53 0 54)
#(215 54 0 4)
#(215 55 0 39)
#(215 56 0 39)
#(215 57 0 50)
#(215 58 0 72)
#(215 59 0 14)
#(215 60 0 56)
#(215 61 1 6)
#(215 62 0 0)
#(215 63 0 54)
#(215 64 0 58)
#(215 65 0 40)
#(215 66 1 47)
#(215 67 0 32)
#(215 68 0 96)
#(215 69 0 50)
#(216 1 0 84)
#(216 2 0 94)
#(216 3 1 78)
#(216 4 0 55)
#(216 5 0 3)
#(216 6 0 58)
#(216 7 0 2)
#(216 8 1 49)
#(216 9 0 20)
#(216 10 0 39)
#(216 11 0 7)
#(216 12 0 65)
#(216 13 0 40)
#(216 14 0 78)
#(216 15 0 95)
#(216 16 1 74)
#(216 17 0 54)
#(216 18 0 8)
#(216 19 0 7)
#(216 20 0 81)
#(216 21 0 43)
#(216 22 0 88)
#(216 23 0 90)
#(216 24 0 70)
#(216 25 0 67)
#(216 26 1 36)
#(216 27 1 70)
#(216 28 1 8)
#(216 29 0 0)
#(216 30 1 94)
#(216 31 0 75)
#(216 32 0 44)
#(216 33 1 11)
#(216 34 1 93)
#(216 35 1 7)
#(216 36 1 9)
#(216 37 1 24)
#(216 38 1 49)
#(216 39 0 26)
#(216 40 0 8)
#(216 41 1 49)
#(216 42 1 34)
#(216 43 1 51)
#(216 44 0 71)
#(216 45 0 34)
#(216 46 1 34)
#(216 47 0 23)
#(216 48 0 80)
#(216 49 0 90)
#(216 50 0 61)
#(216 51 1 28)
#(216 52 1 39)
#(216 53 0 38)
#(216 54 1 72)
#(216 55 1 54)
#(216 56 0 8)
#(216 57 0 28)
#(216 58 0 62)
#(216 59 0 32)
#(216 60 0 34)
#(216 61 0 32)
#(216 62 0 70)
#(216 63 1 34)
#(216 64 1 65)
#(216 65 0 62)
#(216 66 0 51)
#(216 67 0 95)
#(216 68 1 94)
#(216 69 1 3)
#(217 1 1 83)
#(217 2 0 85)
#(217 3 1 54)
#(217 4 0 62)
#(217 5 1 7)
#(217 6 1 74)
#(217 7 0 5)
#(217 8 0 6)
#(217 9 1 75)
#(217 10 0 49)
#(217 11 1 5)
#(217 12 1 81)
#(217 13 1 10)
#(217 14 0 57)
#(217 15 0 84)
#(217 16 1 44)
#(217 17 1 16)
#(217 18 1 19)
#(217 19 1 36)
#(217 20 1 42)
#(217 21 0 6)
#(217 22 0 83)
#(217 23 1 69)
#(217 24 0 80)
#(217 25 1 25)
#(217 26 1 27)
#(217 27 1 56)
#(217 28 0 58)
#(217 29 0 54)
#(217 30 0 29)
#(217 31 1 97)
#(217 32 1 55)
#(217 33 0 72)
#(217 34 0 19)
#(217 35 1 88)
#(217 36 0 52)
#(217 37 0 43)
#(217 38 0 88)
#(217 39 0 84)
#(217 40 0 84)
#(217 41 0 79)
#(217 42 0 94)
#(217 43 0 57)
#(217 44 0 84)
#(217 45 0 71)
#(217 46 0 74)
#(217 47 0 57)
#(217 48 0 79)
#(217 49 0 89)
#(217 50 1 5)
#(217 51 0 75)
#(217 52 0 21)
#(217 53 0 26)
#(217 54 0 92)
#(217 55 0 67)
#(217 56 0 86)
#(217 57 0 95)
#(217 58 1 29)
#(217 59 0 15)
#(217 60 0 74)
#(217 61 0 19)
#(217 62 1 86)
#(217 63 0 10)
#(217 64 0 65)
#(217 65 1 54)
#(217 66 0 81)
#(217 67 0 49)
#(217 68 0 18)
#(217 69 1 56)
#(218 1 0 42)
#(218 2 0 29)
#(218 3 0 31)
#(218 4 0 13)
#(218 5 1 12)
#(218 6 0 5)
#(218 7 0 61)
#(218 8 0 48)
#(218 9 0 6)
#(218 10 1 70)
#(218 11 0 47)
#(218 12 1 26)
#(218 13 1 93)
#(218 14 1 52)
#(218 15 0 18)
#(218 16 0 82)
#(218 17 1 57)
#(218 18 0 10)
#(218 19 1 28)
#(218 20 0 64)
#(218 21 0 29)
#(218 22 1 31)
#(218 23 0 15)
#(218 24 0 32)
#(218 25 0 30)
#(218 26 0 95)
#(218 27 0 1)
#(218 28 0 3)
#(218 29 0 17)
#(218 30 0 89)
#(218 31 0 22)
#(218 32 0 57)
#(218 33 1 86)
#(218 34 1 50)
#(218 35 0 33)
#(218 36 0 70)
#(218 37 0 35)
#(218 38 0 81)
#(218 39 0 11)
#(218 40 0 26)
#(218 41 1 74)
#(218 42 0 33)
#(218 43 0 17)
#(218 44 0 95)
#(218 45 1 66)
#(218 46 1 46)
#(218 47 0 50)
#(218 48 1 64)
#(218 49 0 30)
#(218 50 1 67)
#(218 51 0 82)
#(218 52 0 56)
#(218 53 0 53)
#(218 54 1 63)
#(218 55 1 18)
#(218 56 0 14)
#(218 57 0 12)
#(218 58 0 74)
#(218 59 0 59)
#(218 60 1 53)
#(218 61 0 56)
#(218 62 0 78)
#(218 63 0 75)
#(218 64 1 54)
#(218 65 0 68)
#(218 66 0 69)
#(218 67 0 28)
#(218 68 0 41)
#(218 69 0 63)
#(219 1 0 20)
#(219 2 0 41)
#(219 3 0 6)
#(219 4 1 70)
#(219 5 1 2)
#(219 6 0 31)
#(219 7 0 89)
#(219 8 1 65)
#(219 9 1 48)
#(219 10 0 47)
#(219 11 0 51)
#(219 12 0 77)
#(219 13 0 71)
#(219 14 0 14)
#(219 15 1 66)
#(219 16 0 5)
#(219 17 1 32)
#(219 18 0 81)
#(219 19 0 11)
#(219 20 1 11)
#(219 21 0 32)
#(219 22 0 34)
#(219 23 0 61)
#(219 24 0 51)
#(219 25 0 28)
#(219 26 0 44)
#(219 27 1 69)
#(219 28 0 44)
#(219 29 0 57)
#(219 30 0 59)
#(219 31 1 89)
#(219 32 1 70)
#(219 33 0 7)
#(219 34 0 54)
#(219 35 0 57)
#(219 36 0 51)
#(219 37 1 52)
#(219 38 1 32)
#(219 39 1 48)
#(219 40 1 83)
#(219 41 0 53)
#(219 42 1 19)
#(219 43 0 97)
#(219 44 1 58)
#(219 45 0 27)
#(219 46 0 83)
#(219 47 1 10)
#(219 48 0 33)
#(219 49 1 38)
#(219 50 0 18)
#(219 51 0 6)
#(219 52 1 89)
#(219 53 1 57)
#(219 54 0 7)
#(219 55 1 84)
#(219 56 0 16)
#(219 57 1 44)
#(219 58 1 80)
#(219 59 1 91)
#(219 60 0 21)
#(219 61 1 5)
#(219 62 1 40)
#(219 63 0 72)
#(219 64 1 35)
#(219 65 1 69)
#(219 66 0 64)
#(219 67 1 91)
#(219 68 0 58)
#(219 69 1 75)
#(220 1 1 20)
#(220 2 0 96)
#(220 3 1 76)
#(220 4 1 71)
#(220 5 1 53)
#(220 6 1 42)
#(220 7 1 20)
#(220 8 1 34)
#(220 9 1 86)
#(220 10 1 93)
#(220 11 0 32)
#(220 12 0 12)
#(220 13 1 26)
#(220 14 0 66)
#(220 15 0 82)
#(220 16 0 2)
#(220 17 0 65)
#(220 18 0 86)
#(220 19 0 7)
#(220 20 0 1)
#(220 21 1 84)
#(220 22 0 43)
#(220 23 0 24)
#(220 24 0 14)
#(220 25 0 62)
#(220 26 1 73)
#(220 27 0 94)
#(220 28 0 79)
#(220 29 0 34)
#(220 30 0 70)
#(220 31 1 71)
#(220 32 0 5)
#(220 33 0 31)
#(220 34 0 20)
#(220 35 0 4)
#(220 36 1 69)
#(220 37 1 33)
#(220 38 1 40)
#(220 39 1 38)
#(220 40 0 46)
#(220 41 0 12)
#(220 42 0 20)
#(220 43 1 56)
#(220 44 0 75)
#(220 45 0 97)
#(220 46 0 4)
#(220 47 0 7)
#(220 48 0 63)
#(220 49 1 46)
#(220 50 0 68)
#(220 51 0 23)
#(220 52 0 46)
#(220 53 1 89)
#(220 54 0 78)
#(220 55 0 87)
#(220 56 1 11)
#(220 57 0 11)
#(220 58 1 66)
#(220 59 0 32)
#(220 60 1 89)
#(220 61 0 39)
#(220 62 0 28)
#(220 63 0 74)
#(220 64 1 60)
#(220 65 0 44)
#(220 66 0 50)
#(220 67 0 84)
#(220 68 0 30)
#(220 69 0 89)
#(221 1 0 26)
#(221 2 1 60)
#(221 3 0 50)
#(221 4 0 33)
#(221 5 1 7)
#(221 6 1 67)
#(221 7 0 48)
#(221 8 1 42)
#(221 9 1 65)
#(221 10 0 89)
#(221 11 0 4)
#(221 12 0 3)
#(221 13 0 25)
#(221 14 0 30)
#(221 15 0 23)
#(221 16 1 63)
#(221 17 0 5)
#(221 18 1 70)
#(221 19 1 92)
#(221 20 0 22)
#(221 21 1 5)
#(221 22 0 77)
#(221 23 1 85)
#(221 24 0 61)
#(221 25 1 30)
#(221 26 1 58)
#(221 27 0 23)
#(221 28 0 9)
#(221 29 1 90)
#(221 30 0 92)
#(221 31 1 45)
#(221 32 1 65)
#(221 33 0 91)
#(221 34 1 89)
#(221 35 1 70)
#(221 36 0 14)
#(221 37 0 40)
#(221 38 0 0)
#(221 39 0 56)
#(221 40 1 41)
#(221 41 0 51)
#(221 42 0 38)
#(221 43 1 75)
#(221 44 1 96)
#(221 45 0 27)
#(221 46 0 13)
#(221 47 1 25)
#(221 48 0 47)
#(221 49 1 29)
#(221 50 0 96)
#(221 51 1 90)
#(221 52 0 49)
#(221 53 1 26)
#(221 54 0 44)
#(221 55 0 73)
#(221 56 0 1)
#(221 57 0 44)
#(221 58 1 39)
#(221 59 0 35)
#(221 60 0 6)
#(221 61 0 54)
#(221 62 0 67)
#(221 63 1 28)
#(221 64 0 13)
#(221 65 0 2)
#(221 66 0 90)
#(221 67 0 94)
#(221 68 0 48)
#(221 69 0 51)
#(222 1 0 57)
#(222 2 0 86)
#(222 3 0 23)
#(222 4 0 52)
#(222 5 0 17)
#(222 6 1 88)
#(222 7 0 18)
#(222 8 1 25)
#(222 9 1 48)
#(222 10 0 68)
#(222 11 1 12)
#(222 12 0 30)
#(222 13 0 25)
#(222 14 0 66)
#(222 15 1 67)
#(222 16 1 1)
#(222 17 1 82)
#(222 18 0 84)
#(222 19 0 13)
#(222 20 1 50)
#(222 21 0 9)
#(222 22 1 20)
#(222 23 1 19)
#(222 24 1 36)
#(222 25 1 50)
#(222 26 1 51)
#(222 27 1 18)
#(222 28 0 24)
#(222 29 1 11)
#(222 30 0 34)
#(222 31 0 23)
#(222 32 0 10)
#(222 33 0 34)
#(222 34 0 48)
#(222 35 1 63)
#(222 36 0 17)
#(222 37 0 62)
#(222 38 1 93)
#(222 39 0 26)
#(222 40 0 80)
#(222 41 0 9)
#(222 42 0 0)
#(222 43 1 43)
#(222 44 0 54)
#(222 45 1 33)
#(222 46 1 23)
#(222 47 1 94)
#(222 48 0 83)
#(222 49 0 64)
#(222 50 0 11)
#(222 51 0 78)
#(222 52 0 63)
#(222 53 1 6)
#(222 54 0 32)
#(222 55 0 48)
#(222 56 0 6)
#(222 57 0 49)
#(222 58 1 13)
#(222 59 0 42)
#(222 60 0 89)
#(222 61 0 39)
#(222 62 0 97)
#(222 63 0 98)
#(222 64 1 54)
#(222 65 1 54)
#(222 66 0 77)
#(222 67 0 17)
#(222 68 0 40)
#(222 69 1 13)
#(223 1 0 93)
#(223 2 1 16)
#(223 3 0 24)
#(223 4 0 85)
#(223 5 0 13)
#(223 6 1 47)
#(223 7 0 39)
#(223 8 0 41)
#(223 9 1 52)
#(223 10 0 41)
#(223 11 0 8)
#(223 12 1 86)
#(223 13 0 57)
#(223 14 1 89)
#(223 15 0 88)
#(223 16 0 11)
#(223 17 0 32)
#(223 18 1 35)
#(223 19 0 23)
#(223 20 0 26)
#(223 21 0 20)
#(223 22 1 94)
#(223 23 0 76)
#(223 24 0 86)
#(223 25 0 0)
#(223 26 0 29)
#(223 27 0 40)
#(223 28 0 46)
#(223 29 0 48)
#(223 30 0 68)
#(223 31 0 80)
#(223 32 1 74)
#(223 33 1 76)
#(223 34 1 14)
#(223 35 0 32)
#(223 36 1 38)
#(223 37 0 10)
#(223 38 1 84)
#(223 39 0 56)
#(223 40 0 48)
#(223 41 0 98)
#(223 42 0 83)
#(223 43 0 92)
#(223 44 0 5)
#(223 45 0 30)
#(223 46 0 63)
#(223 47 1 97)
#(223 48 1 73)
#(223 49 0 79)
#(223 50 0 19)
#(223 51 0 84)
#(223 52 0 10)
#(223 53 0 10)
#(223 54 0 28)
#(223 55 0 19)
#(223 56 0 82)
#(223 57 0 87)
#(223 58 0 89)
#(223 59 1 12)
#(223 60 1 32)
#(223 61 1 22)
#(223 62 1 4)
#(223 63 1 1)
#(223 64 0 1)
#(223 65 0 82)
#(223 66 0 93)
#(223 67 0 38)
#(223 68 0 74)
#(223 69 0 71)
#(224 1 0 30)
#(224 2 0 86)
#(224 3 1 1)
#(224 4 0 52)
#(224 5 1 63)
#(224 6 0 85)
#(224 7 0 89)
#(224 8 0 40)
#(224 9 0 84)
#(224 10 1 34)
#(224 11 0 54)
#(224 12 0 61)
#(224 13 1 18)
#(224 14 0 92)
#(224 15 0 35)
#(224 16 0 82)
#(224 17 0 59)
#(224 18 0 43)
#(224 19 1 12)
#(224 20 0 98)
#(224 21 0 44)
#(224 22 0 8)
#(224 23 0 52)
#(224 24 0 19)
#(224 25 0 22)
#(224 26 0 29)
#(224 27 0 5)
#(224 28 0 82)
#(224 29 1 20)
#(224 30 1 60)
#(224 31 0 46)
#(224 32 0 58)
#(224 33 1 55)
#(224 34 0 14)
#(224 35 1 81)
#(224 36 1 64)
#(224 37 1 12)
#(224 38 0 21)
#(224 39 0 10)
#(224 40 1 38)
#(224 41 1 69)
#(224 42 0 37)
#(224 43 1 4)
#(224 44 0 37)
#(224 45 0 34)
#(224 46 0 45)
#(224 47 1 3)
#(224 48 0 67)
#(224 49 0 17)
#(224 50 1 23)
#(224 51 0 61)
#(224 52 1 35)
#(224 53 0 29)
#(224 54 0 80)
#(224 55 1 3)
#(224 56 1 10)
#(224 57 0 52)
#(224 58 0 56)
#(224 59 0 94)
#(224 60 1 91)
#(224 61 1 14)
#(224 62 0 58)
#(224 63 0 77)
#(224 64 1 40)
#(224 65 0 35)
#(224 66 0 49)
#(224 67 0 29)
#(224 68 1 91)
#(224 69 0 0)
#(225 1 0 6)
#(225 2 1 35)
#(225 3 0 70)
#(225 4 0 52)
#(225 5 1 98)
#(225 6 0 53)
#(225 7 1 13)
#(225 8 1 82)
#(225 9 0 57)
#(225 10 0 71)
#(225 11 1 11)
#(225 12 0 7)
#(225 13 0 66)
#(225 14 0 3)
#(225 15 1 71)
#(225 16 0 65)
#(225 17 0 47)
#(225 18 0 13)
#(225 19 0 36)
#(225 20 0 14)
#(225 21 0 44)
#(225 22 0 31)
#(225 23 0 8)
#(225 24 1 47)
#(225 25 0 14)
#(225 26 0 14)
#(225 27 0 45)
#(225 28 1 84)
#(225 29 1 75)
#(225 30 0 73)
#(225 31 0 60)
#(225 32 0 7)
#(225 33 1 37)
#(225 34 0 72)
#(225 35 1 60)
#(225 36 1 4)
#(225 37 0 38)
#(225 38 0 39)
#(225 39 0 40)
#(225 40 1 47)
#(225 41 0 4)
#(225 42 0 68)
#(225 43 0 93)
#(225 44 0 16)
#(225 45 0 24)
#(225 46 0 95)
#(225 47 0 86)
#(225 48 0 93)
#(225 49 0 66)
#(225 50 1 31)
#(225 51 1 57)
#(225 52 0 88)
#(225 53 0 70)
#(225 54 1 17)
#(225 55 1 66)
#(225 56 0 62)
#(225 57 1 36)
#(225 58 0 97)
#(225 59 0 37)
#(225 60 1 15)
#(225 61 1 20)
#(225 62 0 9)
#(225 63 0 60)
#(225 64 0 27)
#(225 65 0 35)
#(225 66 0 21)
#(225 67 0 22)
#(225 68 0 68)
#(225 69 1 7)
#(226 1 0 53)
#(226 2 1 37)
#(226 3 0 61)
#(226 4 0 88)
#(226 5 0 28)
#(226 6 0 62)
#(226 7 0 26)
#(226 8 1 23)
#(226 9 0 15)
#(226 10 1 11)
#(226 11 0 39)
#(226 12 0 36)
#(226 13 0 51)
#(226 14 1 21)
#(226 15 0 25)
#(226 16 0 92)
#(226 17 0 98)
#(226 18 0 30)
#(226 19 0 11)
#(226 20 1 94)
#(226 21 1 71)
#(226 22 0 16)
#(226 23 0 16)
#(226 24 0 49)
#(226 25 0 79)
#(226 26 0 61)
#(226 27 1 87)
#(226 28 0 7)
#(226 29 0 52)
#(226 30 0 83)
#(226 31 0 29)
#(226 32 1 16)
#(226 33 1 13)
#(226 34 0 40)
#(226 35 0 13)
#(226 36 0 35)
#(226 37 1 53)
#(226 38 0 0)
#(226 39 0 62)
#(226 40 1 28)
#(226 41 0 3)
#(226 42 0 12)
#(226 43 0 95)
#(226 44 0 18)
#(226 45 0 50)
#(226 46 0 53)
#(226 47 0 63)
#(226 48 0 38)
#(226 49 0 12)
#(226 50 1 1)
#(226 51 1 22)
#(226 52 1 74)
#(226 53 0 97)
#(226 54 0 44)
#(226 55 1 67)
#(226 56 1 93)
#(226 57 0 0)
#(226 58 0 55)
#(226 59 1 98)
#(226 60 0 31)
#(226 61 1 19)
#(226 62 0 51)
#(226 63 0 98)
#(226 64 0 87)
#(226 65 0 56)
#(226 66 0 71)
#(226 67 0 73)
#(226 68 1 9)
#(226 69 0 8)
#(227 1 0 13)
#(227 2 0 65)
#(227 3 1 22)
#(227 4 1 54)
#(227 5 1 97)
#(227 6 0 34)
#(227 7 1 88)
#(227 8 0 64)
#(227 9 0 86)
#(227 10 0 90)
#(227 11 0 20)
#(227 12 0 31)
#(227 13 1 49)
#(227 14 0 97)
#(227 15 1 56)
#(227 16 1 16)
#(227 17 0 97)
#(227 18 0 67)
#(227 19 0 92)
#(227 20 0 90)
#(227 21 0 21)
#(227 22 0 30)
#(227 23 0 75)
#(227 24 0 87)
#(227 25 1 91)
#(227 26 0 31)
#(227 27 0 36)
#(227 28 0 68)
#(227 29 0 44)
#(227 30 0 53)
#(227 31 0 57)
#(227 32 0 24)
#(227 33 0 42)
#(227 34 0 84)
#(227 35 0 16)
#(227 36 0 12)
#(227 37 0 42)
#(227 38 1 45)
#(227 39 1 14)
#(227 40 0 78)
#(227 41 0 97)
#(227 42 0 15)
#(227 43 1 76)
#(227 44 1 63)
#(227 45 0 82)
#(227 46 0 30)
#(227 47 0 22)
#(227 48 0 13)
#(227 49 0 45)
#(227 50 0 96)
#(227 51 1 65)
#(227 52 0 51)
#(227 53 1 18)
#(227 54 0 8)
#(227 55 0 30)
#(227 56 1 90)
#(227 57 0 35)
#(227 58 0 64)
#(227 59 0 65)
#(227 60 0 28)
#(227 61 1 78)
#(227 62 1 84)
#(227 63 1 81)
#(227 64 0 44)
#(227 65 0 5)
#(227 66 1 0)
#(227 67 0 85)
#(227 68 0 1)
#(227 69 0 45)
#(228 1 1 97)
#(228 2 0 48)
#(228 3 0 45)
#(228 4 0 79)
#(228 5 0 69)
#(228 6 1 37)
#(228 7 0 50)
#(228 8 0 25)
#(228 9 0 40)
#(228 10 1 88)
#(228 11 1 27)
#(228 12 0 43)
#(228 13 0 97)
#(228 14 1 7)
#(228 15 1 45)
#(228 16 1 6)
#(228 17 1 37)
#(228 18 1 68)
#(228 19 0 14)
#(228 20 0 13)
#(228 21 0 82)
#(228 22 0 4)
#(228 23 0 76)
#(228 24 1 56)
#(228 25 0 22)
#(228 26 0 26)
#(228 27 0 81)
#(228 28 1 57)
#(228 29 0 69)
#(228 30 0 28)
#(228 31 1 77)
#(228 32 0 8)
#(228 33 1 22)
#(228 34 1 59)
#(228 35 0 33)
#(228 36 0 39)
#(228 37 0 37)
#(228 38 1 14)
#(228 39 1 8)
#(228 40 1 31)
#(228 41 1 51)
#(228 42 0 60)
#(228 43 0 69)
#(228 44 0 67)
#(228 45 0 84)
#(228 46 0 13)
#(228 47 0 19)
#(228 48 0 78)
#(228 49 0 55)
#(228 50 1 38)
#(228 51 0 0)
#(228 52 0 11)
#(228 53 0 8)
#(228 54 0 49)
#(228 55 0 20)
#(228 56 0 88)
#(228 57 0 77)
#(228 58 1 1)
#(228 59 0 11)
#(228 60 0 83)
#(228 61 0 96)
#(228 62 1 48)
#(228 63 0 15)
#(228 64 0 40)
#(228 65 0 28)
#(228 66 0 75)
#(228 67 0 92)
#(228 68 0 14)
#(228 69 0 5)
#(229 1 0 14)
#(229 2 1 87)
#(229 3 1 20)
#(229 4 0 75)
#(229 5 0 11)
#(229 6 1 78)
#(229 7 1 65)
#(229 8 0 75)
#(229 9 1 23)
#(229 10 0 44)
#(229 11 1 41)
#(229 12 1 1)
#(229 13 1 72)
#(229 14 0 78)
#(229 15 1 55)
#(229 16 0 12)
#(229 17 0 54)
#(229 18 0 47)
#(229 19 0 17)
#(229 20 1 71)
#(229 21 0 22)
#(229 22 0 78)
#(229 23 0 9)
#(229 24 0 29)
#(229 25 1 64)
#(229 26 0 98)
#(229 27 0 85)
#(229 28 0 35)
#(229 29 1 67)
#(229 30 0 49)
#(229 31 1 19)
#(229 32 0 42)
#(229 33 0 82)
#(229 34 0 54)
#(229 35 0 37)
#(229 36 0 38)
#(229 37 0 93)
#(229 38 1 95)
#(229 39 0 25)
#(229 40 0 53)
#(229 41 0 94)
#(229 42 1 79)
#(229 43 1 94)
#(229 44 1 17)
#(229 45 0 24)
#(229 46 1 29)
#(229 47 0 19)
#(229 48 0 57)
#(229 49 0 24)
#(229 50 0 79)
#(229 51 0 38)
#(229 52 0 17)
#(229 53 0 82)
#(229 54 0 42)
#(229 55 0 39)
#(229 56 1 78)
#(229 57 0 45)
#(229 58 0 60)
#(229 59 0 80)
#(229 60 1 38)
#(229 61 0 39)
#(229 62 0 27)
#(229 63 1 17)
#(229 64 0 96)
#(229 65 0 67)
#(229 66 0 4)
#(229 67 1 38)
#(229 68 0 14)
#(229 69 0 64)
#(230 1 1 61)
#(230 2 0 84)
#(230 3 0 44)
#(230 4 1 95)
#(230 5 1 67)
#(230 6 0 53)
#(230 7 0 70)
#(230 8 0 32)
#(230 9 1 55)
#(230 10 0 51)
#(230 11 1 63)
#(230 12 0 46)
#(230 13 0 45)
#(230 14 0 46)
#(230 15 0 19)
#(230 16 0 45)
#(230 17 0 34)
#(230 18 1 23)
#(230 19 0 65)
#(230 20 1 66)
#(230 21 0 31)
#(230 22 0 31)
#(230 23 1 90)
#(230 24 0 59)
#(230 25 0 89)
#(230 26 0 13)
#(230 27 0 29)
#(230 28 0 10)
#(230 29 0 92)
#(230 30 0 4)
#(230 31 1 98)
#(230 32 0 43)
#(230 33 1 44)
#(230 34 1 53)
#(230 35 0 30)
#(230 36 1 33)
#(230 37 1 47)
#(230 38 0 89)
#(230 39 0 5)
#(230 40 0 6)
#(230 41 0 97)
#(230 42 1 40)
#(230 43 0 92)
#(230 44 0 42)
#(230 45 1 71)
#(230 46 0 13)
#(230 47 1 13)
#(230 48 0 58)
#(230 49 1 47)
#(230 50 0 45)
#(230 51 0 90)
#(230 52 0 98)
#(230 53 0 17)
#(230 54 0 18)
#(230 55 0 19)
#(230 56 0 7)
#(230 57 0 10)
#(230 58 1 71)
#(230 59 0 59)
#(230 60 0 57)
#(230 61 0 3)
#(230 62 0 70)
#(230 63 0 3)
#(230 64 0 96)
#(230 65 0 91)
#(230 66 1 65)
#(230 67 1 82)
#(230 68 1 91)
#(230 69 0 93)
#(231 1 0 2)
#(231 2 0 13)
#(231 3 0 39)
#(231 4 0 61)
#(231 5 1 93)
#(231 6 0 69)
#(231 7 0 46)
#(231 8 1 11)
#(231 9 0 80)
#(231 10 0 11)
#(231 11 1 3)
#(231 12 0 50)
#(231 13 0 33)
#(231 14 0 34)
#(231 15 0 13)
#(231 16 1 6)
#(231 17 0 25)
#(231 18 0 57)
#(231 19 0 49)
#(231 20 0 66)
#(231 21 1 66)
#(231 22 0 47)
#(231 23 0 6)
#(231 24 1 19)
#(231 25 1 91)
#(231 26 0 63)
#(231 27 0 38)
#(231 28 0 2)
#(231 29 1 56)
#(231 30 0 16)
#(231 31 1 12)
#(231 32 1 89)
#(231 33 0 0)
#(231 34 0 36)
#(231 35 0 46)
#(231 36 0 75)
#(231 37 0 42)
#(231 38 0 13)
#(231 39 0 10)
#(231 40 0 86)
#(231 41 0 88)
#(231 42 1 88)
#(231 43 0 59)
#(231 44 0 24)
#(231 45 0 3)
#(231 46 0 70)
#(231 47 1 15)
#(231 48 0 94)
#(231 49 1 97)
#(231 50 0 10)
#(231 51 1 37)
#(231 52 1 58)
#(231 53 1 49)
#(231 54 1 93)
#(231 55 1 68)
#(231 56 0 46)
#(231 57 0 27)
#(231 58 1 94)
#(231 59 0 61)
#(231 60 1 30)
#(231 61 0 60)
#(231 62 0 77)
#(231 63 0 81)
#(231 64 1 9)
#(231 65 1 29)
#(231 66 0 85)
#(231 67 0 23)
#(231 68 0 72)
#(231 69 0 79)
#(232 1 0 10)
#(232 2 0 27)
#(232 3 0 68)
#(232 4 1 19)
#(232 5 0 86)
#(232 6 0 2)
#(232 7 0 26)
#(232 8 0 18)
#(232 9 0 16)
#(232 10 0 8)
#(232 11 1 44)
#(232 12 0 15)
#(232 13 0 34)
#(232 14 0 35)
#(232 15 1 54)
#(232 16 1 42)
#(232 17 1 65)
#(232 18 1 58)
#(232 19 1 40)
#(232 20 0 50)
#(232 21 0 48)
#(232 22 0 98)
#(232 23 0 8)
#(232 24 0 43)
#(232 25 1 48)
#(232 26 1 61)
#(232 27 0 42)
#(232 28 0 7)
#(232 29 0 97)
#(232 30 0 38)
#(232 31 0 97)
#(232 32 0 14)
#(232 33 0 98)
#(232 34 1 86)
#(232 35 0 65)
#(232 36 0 69)
#(232 37 0 44)
#(232 38 0 15)
#(232 39 0 76)
#(232 40 1 80)
#(232 41 1 4)
#(232 42 0 70)
#(232 43 1 53)
#(232 44 0 1)
#(232 45 0 58)
#(232 46 0 67)
#(232 47 0 58)
#(232 48 0 59)
#(232 49 1 50)
#(232 50 1 10)
#(232 51 0 70)
#(232 52 0 86)
#(232 53 0 11)
#(232 54 0 0)
#(232 55 1 98)
#(232 56 0 46)
#(232 57 1 84)
#(232 58 1 30)
#(232 59 0 27)
#(232 60 1 94)
#(232 61 0 98)
#(232 62 0 40)
#(232 63 0 38)
#(232 64 0 52)
#(232 65 0 84)
#(232 66 1 52)
#(232 67 1 50)
#(232 68 1 55)
#(232 69 0 50)
#(233 1 1 37)
#(233 2 1 75)
#(233 3 1 43)
#(233 4 0 74)
#(233 5 0 72)
#(233 6 0 69)
#(233 7 0 50)
#(233 8 1 12)
#(233 9 0 92)
#(233 10 0 5)
#(233 11 0 54)
#(233 12 1 31)
#(233 13 1 17)
#(233 14 1 1)
#(233 15 0 69)
#(233 16 0 20)
#(233 17 0 37)
#(233 18 0 69)
#(233 19 1 69)
#(233 20 0 68)
#(233 21 0 54)
#(233 22 0 24)
#(233 23 0 85)
#(233 24 0 12)
#(233 25 0 98)
#(233 26 1 82)
#(233 27 0 9)
#(233 28 0 80)
#(233 29 0 65)
#(233 30 0 6)
#(233 31 0 29)
#(233 32 1 26)
#(233 33 1 34)
#(233 34 1 33)
#(233 35 0 51)
#(233 36 1 0)
#(233 37 0 4)
#(233 38 1 13)
#(233 39 0 82)
#(233 40 1 90)
#(233 41 0 7)
#(233 42 0 80)
#(233 43 0 84)
#(233 44 0 92)
#(233 45 1 98)
#(233 46 1 3)
#(233 47 0 31)
#(233 48 1 7)
#(233 49 0 38)
#(233 50 0 93)
#(233 51 0 67)
#(233 52 1 95)
#(233 53 0 87)
#(233 54 0 3)
#(233 55 1 22)
#(233 56 0 77)
#(233 57 1 65)
#(233 58 1 98)
#(233 59 1 36)
#(233 60 0 71)
#(233 61 1 70)
#(233 62 1 2)
#(233 63 0 29)
#(233 64 0 30)
#(233 65 0 85)
#(233 66 0 41)
#(233 67 1 3)
#(233 68 0 27)
#(233 69 1 36)
#(234 1 0 30)
#(234 2 1 26)
#(234 3 0 42)
#(234 4 0 64)
#(234 5 0 64)
#(234 6 0 14)
#(234 7 0 43)
#(234 8 1 90)
#(234 9 0 89)
#(234 10 0 11)
#(234 11 0 65)
#(234 12 0 41)
#(234 13 0 75)
#(234 14 1 79)
#(234 15 1 84)
#(234 16 0 90)
#(234 17 0 56)
#(234 18 1 40)
#(234 19 0 2)
#(234 20 0 60)
#(234 21 0 46)
#(234 22 1 85)
#(234 23 0 3)
#(234 24 0 70)
#(234 25 0 85)
#(234 26 0 53)
#(234 27 1 87)
#(234 28 0 6)
#(234 29 1 55)
#(234 30 1 38)
#(234 31 0 51)
#(234 32 1 7)
#(234 33 1 74)
#(234 34 0 15)
#(234 35 0 75)
#(234 36 1 28)
#(234 37 1 0)
#(234 38 0 23)
#(234 39 0 68)
#(234 40 0 57)
#(234 41 0 75)
#(234 42 1 90)
#(234 43 0 42)
#(234 44 1 74)
#(234 45 0 2)
#(234 46 1 78)
#(234 47 0 6)
#(234 48 0 78)
#(234 49 0 48)
#(234 50 1 32)
#(234 51 0 34)
#(234 52 1 84)
#(234 53 1 0)
#(234 54 1 85)
#(234 55 0 97)
#(234 56 1 4)
#(234 57 0 8)
#(234 58 0 57)
#(234 59 1 46)
#(234 60 1 91)
#(234 61 0 11)
#(234 62 0 55)
#(234 63 0 11)
#(234 64 0 26)
#(234 65 1 9)
#(234 66 0 25)
#(234 67 1 2)
#(234 68 1 46)
#(234 69 1 88)
#(235 1 1 65)
#(235 2 0 12)
#(235 3 0 35)
#(235 4 0 61)
#(235 5 0 54)
#(235 6 0 55)
#(235 7 0 66)
#(235 8 0 16)
#(235 9 0 46)
#(235 10 0 42)
#(235 11 0 92)
#(235 12 1 73)
#(235 13 0 44)
#(235 14 0 59)
#(235 15 0 58)
#(235 16 0 16)
#(235 17 0 50)
#(235 18 0 91)
#(235 19 0 46)
#(235 20 0 71)
#(235 21 0 78)
#(235 22 1 56)
#(235 23 0 83)
#(235 24 0 59)
#(235 25 0 50)
#(235 26 1 4)
#(235 27 0 15)
#(235 28 0 33)
#(235 29 0 25)
#(235 30 0 89)
#(235 31 0 52)
#(235 32 0 7)
#(235 33 0 29)
#(235 34 0 70)
#(235 35 0 97)
#(235 36 0 42)
#(235 37 0 78)
#(235 38 0 38)
#(235 39 0 70)
#(235 40 0 18)
#(235 41 1 78)
#(235 42 0 74)
#(235 43 0 95)
#(235 44 0 52)
#(235 45 1 89)
#(235 46 0 28)
#(235 47 1 82)
#(235 48 0 7)
#(235 49 0 16)
#(235 50 0 2)
#(235 51 1 40)
#(235 52 1 1)
#(235 53 0 80)
#(235 54 0 76)
#(235 55 0 64)
#(235 56 0 33)
#(235 57 0 73)
#(235 58 0 43)
#(235 59 0 58)
#(235 60 0 40)
#(235 61 0 56)
#(235 62 0 57)
#(235 63 0 85)
#(235 64 0 56)
#(235 65 0 33)
#(235 66 1 28)
#(235 67 1 43)
#(235 68 0 47)
#(235 69 0 36)
#(236 1 1 7)
#(236 2 1 28)
#(236 3 0 93)
#(236 4 0 8)
#(236 5 1 85)
#(236 6 0 94)
#(236 7 0 42)
#(236 8 1 88)
#(236 9 0 5)
#(236 10 0 24)
#(236 11 0 50)
#(236 12 1 93)
#(236 13 0 16)
#(236 14 1 46)
#(236 15 1 41)
#(236 16 1 33)
#(236 17 0 3)
#(236 18 0 75)
#(236 19 0 30)
#(236 20 0 27)
#(236 21 0 18)
#(236 22 0 96)
#(236 23 0 92)
#(236 24 1 38)
#(236 25 0 82)
#(236 26 1 46)
#(236 27 1 25)
#(236 28 0 51)
#(236 29 1 3)
#(236 30 1 14)
#(236 31 1 92)
#(236 32 1 38)
#(236 33 1 50)
#(236 34 0 43)
#(236 35 1 58)
#(236 36 0 58)
#(236 37 1 95)
#(236 38 0 87)
#(236 39 0 86)
#(236 40 1 39)
#(236 41 0 36)
#(236 42 0 33)
#(236 43 1 23)
#(236 44 0 53)
#(236 45 0 4)
#(236 46 1 22)
#(236 47 1 80)
#(236 48 1 2)
#(236 49 1 24)
#(236 50 1 62)
#(236 51 1 31)
#(236 52 0 73)
#(236 53 1 93)
#(236 54 1 28)
#(236 55 0 27)
#(236 56 0 95)
#(236 57 1 35)
#(236 58 0 66)
#(236 59 0 89)
#(236 60 0 53)
#(236 61 0 28)
#(236 62 0 35)
#(236 63 0 74)
#(236 64 0 89)
#(236 65 0 53)
#(236 66 0 91)
#(236 67 1 41)
#(236 68 0 17)
#(236 69 0 23)
#(237 1 1 32)
#(237 2 0 74)
#(237 3 1 10)
#(237 4 1 58)
#(237 5 0 74)
#(237 6 0 52)
#(237 7 0 33)
#(237 8 1 59)
#(237 9 0 25)
#(237 10 1 95)
#(237 11 0 78)
#(237 12 1 3)
#(237 13 0 40)
#(237 14 1 35)
#(237 15 0 77)
#(237 16 1 35)
#(237 17 1 47)
#(237 18 0 82)
#(237 19 0 17)
#(237 20 1 43)
#(237 21 0 10)
#(237 22 0 27)
#(237 23 1 78)
#(237 24 0 49)
#(237 25 1 77)
#(237 26 1 70)
#(237 27 0 78)
#(237 28 0 33)
#(237 29 0 52)
#(237 30 0 76)
#(237 31 0 39)
#(237 32 0 62)
#(237 33 0 48)
#(237 34 0 33)
#(237 35 1 52)
#(237 36 1 15)
#(237 37 0 94)
#(237 38 1 4)
#(237 39 0 69)
#(237 40 1 64)
#(237 41 0 39)
#(237 42 0 26)
#(237 43 0 25)
#(237 44 0 79)
#(237 45 0 88)
#(237 46 1 22)
#(237 47 0 66)
#(237 48 0 46)
#(237 49 0 1)
#(237 50 0 55)
#(237 51 1 28)
#(237 52 0 78)
#(237 53 0 1)
#(237 54 1 64)
#(237 55 0 24)
#(237 56 1 56)
#(237 57 1 51)
#(237 58 0 80)
#(237 59 0 86)
#(237 60 0 10)
#(237 61 1 61)
#(237 62 1 38)
#(237 63 0 72)
#(237 64 0 97)
#(237 65 1 33)
#(237 66 0 46)
#(237 67 0 44)
#(237 68 0 6)
#(237 69 0 4)
#(238 1 0 82)
#(238 2 1 55)
#(238 3 0 80)
#(238 4 1 29)
#(238 5 1 72)
#(238 6 1 49)
#(238 7 1 3)
#(238 8 0 70)
#(238 9 1 42)
#(238 10 0 21)
#(238 11 0 47)
#(238 12 0 74)
#(238 13 1 74)
#(238 14 0 2)
#(238 15 1 66)
#(238 16 0 67)
#(238 17 0 47)
#(238 18 0 75)
#(238 19 0 34)
#(238 20 0 20)
#(238 21 0 85)
#(238 22 0 20)
#(238 23 0 1)
#(238 24 0 94)
#(238 25 0 81)
#(238 26 0 10)
#(238 27 0 32)
#(238 28 0 12)
#(238 29 0 91)
#(238 30 0 59)
#(238 31 0 65)
#(238 32 0 94)
#(238 33 0 71)
#(238 34 1 23)
#(238 35 0 57)
#(238 36 0 17)
#(238 37 0 16)
#(238 38 1 0)
#(238 39 0 86)
#(238 40 0 76)
#(238 41 0 28)
#(238 42 1 89)
#(238 43 0 65)
#(238 44 0 3)
#(238 45 0 10)
#(238 46 0 85)
#(238 47 0 23)
#(238 48 0 21)
#(238 49 0 31)
#(238 50 0 40)
#(238 51 0 37)
#(238 52 1 41)
#(238 53 0 30)
#(238 54 0 76)
#(238 55 0 35)
#(238 56 1 72)
#(238 57 0 25)
#(238 58 0 64)
#(238 59 0 47)
#(238 60 0 9)
#(238 61 0 10)
#(238 62 0 57)
#(238 63 1 58)
#(238 64 1 72)
#(238 65 0 80)
#(238 66 1 53)
#(238 67 1 80)
#(238 68 1 85)
#(238 69 1 67)
#(239 1 0 93)
#(239 2 0 86)
#(239 3 0 91)
#(239 4 0 34)
#(239 5 1 26)
#(239 6 0 57)
#(239 7 0 96)
#(239 8 1 97)
#(239 9 1 54)
#(239 10 0 18)
#(239 11 1 56)
#(239 12 0 3)
#(239 13 0 26)
#(239 14 0 94)
#(239 15 0 31)
#(239 16 0 34)
#(239 17 0 29)
#(239 18 0 98)
#(239 19 1 92)
#(239 20 0 48)
#(239 21 1 72)
#(239 22 0 88)
#(239 23 0 42)
#(239 24 0 95)
#(239 25 0 98)
#(239 26 1 4)
#(239 27 0 24)
#(239 28 0 35)
#(239 29 0 4)
#(239 30 0 30)
#(239 31 0 9)
#(239 32 1 40)
#(239 33 0 59)
#(239 34 0 11)
#(239 35 0 87)
#(239 36 1 96)
#(239 37 0 54)
#(239 38 0 59)
#(239 39 0 11)
#(239 40 0 92)
#(239 41 1 91)
#(239 42 1 56)
#(239 43 0 70)
#(239 44 1 25)
#(239 45 0 33)
#(239 46 0 35)
#(239 47 0 54)
#(239 48 1 27)
#(239 49 1 32)
#(239 50 0 0)
#(239 51 0 83)
#(239 52 0 18)
#(239 53 1 16)
#(239 54 0 71)
#(239 55 0 46)
#(239 56 0 12)
#(239 57 0 90)
#(239 58 0 25)
#(239 59 0 98)
#(239 60 1 75)
#(239 61 0 71)
#(239 62 1 70)
#(239 63 0 98)
#(239 64 1 45)
#(239 65 0 14)
#(239 66 1 43)
#(239 67 0 44)
#(239 68 0 26)
#(239 69 0 55)
#(240 1 0 50)
#(240 2 0 23)
#(240 3 0 50)
#(240 4 1 92)
#(240 5 0 97)
#(240 6 0 21)
#(240 7 0 5)
#(240 8 0 72)
#(240 9 1 39)
#(240 10 1 43)
#(240 11 1 10)
#(240 12 0 62)
#(240 13 0 65)
#(240 14 0 86)
#(240 15 1 39)
#(240 16 0 79)
#(240 17 0 16)
#(240 18 1 19)
#(240 19 0 33)
#(240 20 1 51)
#(240 21 0 23)
#(240 22 0 27)
#(240 23 1 98)
#(240 24 0 69)
#(240 25 0 70)
#(240 26 0 87)
#(240 27 0 16)
#(240 28 0 61)
#(240 29 1 5)
#(240 30 0 91)
#(240 31 0 14)
#(240 32 0 83)
#(240 33 1 51)
#(240 34 0 45)
#(240 35 1 31)
#(240 36 1 96)
#(240 37 0 84)
#(240 38 0 91)
#(240 39 0 86)
#(240 40 1 16)
#(240 41 1 20)
#(240 42 0 32)
#(240 43 1 35)
#(240 44 0 80)
#(240 45 1 54)
#(240 46 1 62)
#(240 47 0 28)
#(240 48 0 21)
#(240 49 0 1)
#(240 50 0 93)
#(240 51 0 8)
#(240 52 1 2)
#(240 53 0 73)
#(240 54 1 50)
#(240 55 1 4)
#(240 56 0 41)
#(240 57 0 34)
#(240 58 0 30)
#(240 59 0 55)
#(240 60 0 10)
#(240 61 1 29)
#(240 62 0 80)
#(240 63 0 76)
#(240 64 1 2)
#(240 65 1 50)
#(240 66 0 54)
#(240 67 1 23)
#(240 68 0 38)
#(240 69 0 9)
#(241 1 0 1)
#(241 2 0 74)
#(241 3 1 58)
#(241 4 0 19)
#(241 5 0 26)
#(241 6 0 22)
#(241 7 1 9)
#(241 8 0 2)
#(241 9 0 22)
#(241 10 0 16)
#(241 11 0 76)
#(241 12 1 55)
#(241 13 0 35)
#(241 14 0 56)
#(241 15 1 83)
#(241 16 1 56)
#(241 17 1 90)
#(241 18 0 83)
#(241 19 0 86)
#(241 20 1 74)
#(241 21 0 32)
#(241 22 0 7)
#(241 23 0 28)
#(241 24 0 70)
#(241 25 1 70)
#(241 26 0 17)
#(241 27 0 50)
#(241 28 0 41)
#(241 29 0 56)
#(241 30 1 3)
#(241 31 0 25)
#(241 32 0 97)
#(241 33 0 20)
#(241 34 1 73)
#(241 35 0 21)
#(241 36 0 39)
#(241 37 0 93)
#(241 38 0 87)
#(241 39 0 52)
#(241 40 1 88)
#(241 41 1 81)
#(241 42 0 72)
#(241 43 0 85)
#(241 44 1 57)
#(241 45 0 58)
#(241 46 1 79)
#(241 47 0 2)
#(241 48 0 98)
#(241 49 1 32)
#(241 50 1 24)
#(241 51 0 24)
#(241 52 0 95)
#(241 53 0 1)
#(241 54 0 52)
#(241 55 0 14)
#(241 56 1 33)
#(241 57 0 53)
#(241 58 0 10)
#(241 59 0 31)
#(241 60 0 98)
#(241 61 0 67)
#(241 62 0 8)
#(241 63 0 49)
#(241 64 0 23)
#(241 65 1 24)
#(241 66 0 60)
#(241 67 0 65)
#(241 68 0 90)
#(241 69 0 77)
#(242 1 1 10)
#(242 2 0 27)
#(242 3 0 32)
#(242 4 1 44)
#(242 5 1 57)
#(242 6 1 41)
#(242 7 0 76)
#(242 8 0 81)
#(242 9 1 4)
#(242 10 1 89)
#(242 11 0 50)
#(242 12 1 36)
#(242 13 0 41)
#(242 14 0 72)
#(242 15 0 11)
#(242 16 1 23)
#(242 17 0 35)
#(242 18 1 91)
#(242 19 0 27)
#(242 20 1 94)
#(242 21 1 17)
#(242 22 1 23)
#(242 23 0 71)
#(242 24 0 21)
#(242 25 1 44)
#(242 26 0 10)
#(242 27 1 39)
#(242 28 0 69)
#(242 29 0 78)
#(242 30 0 41)
#(242 31 0 74)
#(242 32 0 35)
#(242 33 1 10)
#(242 34 0 21)
#(242 35 0 4)
#(242 36 0 5)
#(242 37 0 93)
#(242 38 1 69)
#(242 39 1 24)
#(242 40 0 91)
#(242 41 1 47)
#(242 42 1 1)
#(242 43 0 85)
#(242 44 1 79)
#(242 45 1 34)
#(242 46 0 55)
#(242 47 1 82)
#(242 48 1 72)
#(242 49 0 6)
#(242 50 0 37)
#(242 51 1 47)
#(242 52 0 5)
#(242 53 0 25)
#(242 54 0 22)
#(242 55 0 7)
#(242 56 1 8)
#(242 57 0 15)
#(242 58 1 70)
#(242 59 0 43)
#(242 60 0 92)
#(242 61 0 53)
#(242 62 0 57)
#(242 63 0 80)
#(242 64 0 10)
#(242 65 0 61)
#(242 66 1 85)
#(242 67 1 72)
#(242 68 0 85)
#(242 69 1 71)
#(243 1 0 25)
#(243 2 1 41)
#(243 3 0 42)
#(243 4 0 8)
#(243 5 0 27)
#(243 6 1 24)
#(243 7 0 12)
#(243 8 0 69)
#(243 9 0 36)
#(243 10 1 84)
#(243 11 0 31)
#(243 12 0 96)
#(243 13 0 26)
#(243 14 0 78)
#(243 15 0 27)
#(243 16 1 8)
#(243 17 0 3)
#(243 18 0 92)
#(243 19 0 28)
#(243 20 0 71)
#(243 21 1 37)
#(243 22 1 63)
#(243 23 0 32)
#(243 24 0 43)
#(243 25 0 71)
#(243 26 0 16)
#(243 27 0 12)
#(243 28 0 28)
#(243 29 0 39)
#(243 30 1 72)
#(243 31 1 83)
#(243 32 0 72)
#(243 33 1 25)
#(243 34 0 7)
#(243 35 0 79)
#(243 36 0 86)
#(243 37 0 42)
#(243 38 0 78)
#(243 39 0 48)
#(243 40 0 85)
#(243 41 0 77)
#(243 42 0 94)
#(243 43 0 45)
#(243 44 0 18)
#(243 45 0 6)
#(243 46 0 26)
#(243 47 0 61)
#(243 48 0 16)
#(243 49 1 9)
#(243 50 0 30)
#(243 51 1 80)
#(243 52 1 92)
#(243 53 0 65)
#(243 54 1 71)
#(243 55 0 79)
#(243 56 0 2)
#(243 57 0 18)
#(243 58 1 54)
#(243 59 0 44)
#(243 60 1 23)
#(243 61 0 8)
#(243 62 0 95)
#(243 63 1 59)
#(243 64 0 17)
#(243 65 0 93)
#(243 66 0 68)
#(243 67 1 82)
#(243 68 0 19)
#(243 69 1 64)
#(244 1 0 35)
#(244 2 0 78)
#(244 3 0 27)
#(244 4 0 19)
#(244 5 0 6)
#(244 6 0 4)
#(244 7 1 80)
#(244 8 0 95)
#(244 9 1 73)
#(244 10 0 4)
#(244 11 0 86)
#(244 12 0 64)
#(244 13 1 30)
#(244 14 0 69)
#(244 15 0 90)
#(244 16 1 84)
#(244 17 0 12)
#(244 18 0 58)
#(244 19 0 77)
#(244 20 0 47)
#(244 21 1 20)
#(244 22 1 34)
#(244 23 1 90)
#(244 24 0 82)
#(244 25 0 9)
#(244 26 1 39)
#(244 27 0 44)
#(244 28 1 42)
#(244 29 0 5)
#(244 30 0 38)
#(244 31 0 47)
#(244 32 0 51)
#(244 33 1 44)
#(244 34 0 6)
#(244 35 1 98)
#(244 36 0 88)
#(244 37 0 68)
#(244 38 0 42)
#(244 39 1 41)
#(244 40 1 6)
#(244 41 0 57)
#(244 42 0 18)
#(244 43 0 84)
#(244 44 0 18)
#(244 45 0 32)
#(244 46 1 39)
#(244 47 1 36)
#(244 48 0 60)
#(244 49 0 73)
#(244 50 0 16)
#(244 51 0 28)
#(244 52 0 95)
#(244 53 1 79)
#(244 54 0 3)
#(244 55 0 21)
#(244 56 1 9)
#(244 57 0 97)
#(244 58 0 47)
#(244 59 0 11)
#(244 60 0 67)
#(244 61 0 3)
#(244 62 0 38)
#(244 63 1 13)
#(244 64 1 16)
#(244 65 1 49)
#(244 66 0 6)
#(244 67 0 50)
#(244 68 1 33)
#(244 69 1 53)
#(245 1 0 65)
#(245 2 0 79)
#(245 3 0 91)
#(245 4 0 78)
#(245 5 0 28)
#(245 6 1 65)
#(245 7 0 0)
#(245 8 0 50)
#(245 9 0 34)
#(245 10 0 17)
#(245 11 0 64)
#(245 12 0 69)
#(245 13 0 54)
#(245 14 0 69)
#(245 15 0 86)
#(245 16 1 80)
#(245 17 0 54)
#(245 18 1 79)
#(245 19 0 91)
#(245 20 0 33)
#(245 21 1 60)
#(245 22 0 17)
#(245 23 1 82)
#(245 24 0 72)
#(245 25 1 0)
#(245 26 0 66)
#(245 27 1 68)
#(245 28 0 35)
#(245 29 1 19)
#(245 30 1 79)
#(245 31 0 77)
#(245 32 0 41)
#(245 33 1 6)
#(245 34 0 90)
#(245 35 0 20)
#(245 36 0 25)
#(245 37 1 36)
#(245 38 0 59)
#(245 39 1 14)
#(245 40 1 46)
#(245 41 1 80)
#(245 42 0 11)
#(245 43 0 85)
#(245 44 1 48)
#(245 45 0 79)
#(245 46 1 42)
#(245 47 0 41)
#(245 48 0 93)
#(245 49 0 92)
#(245 50 0 73)
#(245 51 1 36)
#(245 52 1 63)
#(245 53 0 92)
#(245 54 0 54)
#(245 55 1 62)
#(245 56 0 74)
#(245 57 1 11)
#(245 58 0 13)
#(245 59 0 84)
#(245 60 0 3)
#(245 61 1 58)
#(245 62 0 67)
#(245 63 1 5)
#(245 64 0 39)
#(245 65 0 97)
#(245 66 0 11)
#(245 67 0 74)
#(245 68 0 36)
#(245 69 1 65)
#(246 1 0 88)
#(246 2 0 52)
#(246 3 1 23)
#(246 4 0 96)
#(246 5 0 91)
#(246 6 0 59)
#(246 7 1 34)
#(246 8 0 71)
#(246 9 0 7)
#(246 10 1 31)
#(246 11 0 93)
#(246 12 1 61)
#(246 13 1 30)
#(246 14 1 7)
#(246 15 1 33)
#(246 16 0 93)
#(246 17 0 83)
#(246 18 0 25)
#(246 19 0 85)
#(246 20 1 5)
#(246 21 0 80)
#(246 22 0 93)
#(246 23 1 63)
#(246 24 0 49)
#(246 25 0 35)
#(246 26 0 65)
#(246 27 0 19)
#(246 28 0 82)
#(246 29 0 63)
#(246 30 1 70)
#(246 31 0 75)
#(246 32 1 28)
#(246 33 0 5)
#(246 34 1 34)
#(246 35 0 46)
#(246 36 1 28)
#(246 37 0 60)
#(246 38 0 17)
#(246 39 1 85)
#(246 40 0 89)
#(246 41 0 61)
#(246 42 0 45)
#(246 43 0 64)
#(246 44 0 5)
#(246 45 1 9)
#(246 46 0 13)
#(246 47 0 28)
#(246 48 0 88)
#(246 49 0 37)
#(246 50 0 29)
#(246 51 1 72)
#(246 52 0 54)
#(246 53 1 4)
#(246 54 0 2)
#(246 55 1 68)
#(246 56 1 89)
#(246 57 0 19)
#(246 58 1 12)
#(246 59 0 79)
#(246 60 0 37)
#(246 61 1 29)
#(246 62 0 13)
#(246 63 0 38)
#(246 64 1 24)
#(246 65 1 51)
#(246 66 0 65)
#(246 67 0 90)
#(246 68 1 7)
#(246 69 0 93)
#(247 1 1 69)
#(247 2 0 83)
#(247 3 0 94)
#(247 4 0 86)
#(247 5 1 85)
#(247 6 0 21)
#(247 7 0 67)
#(247 8 0 40)
#(247 9 0 18)
#(247 10 0 37)
#(247 11 1 28)
#(247 12 0 39)
#(247 13 1 3)
#(247 14 1 8)
#(247 15 0 93)
#(247 16 0 48)
#(247 17 0 28)
#(247 18 1 55)
#(247 19 1 38)
#(247 20 1 87)
#(247 21 1 50)
#(247 22 0 40)
#(247 23 1 21)
#(247 24 1 49)
#(247 25 0 59)
#(247 26 1 81)
#(247 27 0 52)
#(247 28 0 47)
#(247 29 0 34)
#(247 30 1 10)
#(247 31 0 31)
#(247 32 1 27)
#(247 33 1 12)
#(247 34 0 40)
#(247 35 0 97)
#(247 36 0 19)
#(247 37 0 87)
#(247 38 1 64)
#(247 39 0 98)
#(247 40 0 79)
#(247 41 0 77)
#(247 42 0 51)
#(247 43 0 71)
#(247 44 0 62)
#(247 45 0 95)
#(247 46 0 2)
#(247 47 0 66)
#(247 48 1 45)
#(247 49 0 71)
#(247 50 1 22)
#(247 51 1 29)
#(247 52 1 65)
#(247 53 1 29)
#(247 54 0 52)
#(247 55 0 62)
#(247 56 1 41)
#(247 57 1 26)
#(247 58 0 82)
#(247 59 0 57)
#(247 60 1 9)
#(247 61 1 18)
#(247 62 0 33)
#(247 63 0 81)
#(247 64 0 56)
#(247 65 0 49)
#(247 66 0 39)
#(247 67 0 36)
#(247 68 0 37)
#(247 69 0 61)
#(248 1 0 56)
#(248 2 1 2)
#(248 3 0 93)
#(248 4 0 96)
#(248 5 1 74)
#(248 6 0 92)
#(248 7 1 96)
#(248 8 0 50)
#(248 9 0 57)
#(248 10 0 95)
#(248 11 0 60)
#(248 12 1 9)
#(248 13 0 26)
#(248 14 1 4)
#(248 15 0 92)
#(248 16 1 41)
#(248 17 0 42)
#(248 18 1 53)
#(248 19 0 50)
#(248 20 1 8)
#(248 21 0 13)
#(248 22 0 98)
#(248 23 0 79)
#(248 24 1 27)
#(248 25 1 84)
#(248 26 1 48)
#(248 27 1 67)
#(248 28 1 55)
#(248 29 1 92)
#(248 30 1 72)
#(248 31 0 88)
#(248 32 0 68)
#(248 33 0 26)
#(248 34 1 94)
#(248 35 1 75)
#(248 36 1 20)
#(248 37 0 73)
#(248 38 1 10)
#(248 39 0 57)
#(248 40 0 8)
#(248 41 1 57)
#(248 42 1 81)
#(248 43 0 87)
#(248 44 0 5)
#(248 45 0 8)
#(248 46 0 77)
#(248 47 0 9)
#(248 48 0 63)
#(248 49 0 71)
#(248 50 1 85)
#(248 51 0 23)
#(248 52 0 24)
#(248 53 1 47)
#(248 54 0 45)
#(248 55 0 97)
#(248 56 0 64)
#(248 57 0 31)
#(248 58 0 95)
#(248 59 0 87)
#(248 60 0 48)
#(248 61 0 31)
#(248 62 0 22)
#(248 63 1 28)
#(248 64 1 11)
#(248 65 0 92)
#(248 66 0 1)
#(248 67 1 71)
#(248 68 1 40)
#(248 69 0 40)
#(249 1 1 42)
#(249 2 0 2)
#(249 3 1 35)
#(249 4 1 70)
#(249 5 0 21)
#(249 6 0 59)
#(249 7 1 58)
#(249 8 1 41)
#(249 9 1 25)
#(249 10 0 54)
#(249 11 0 6)
#(249 12 0 29)
#(249 13 0 94)
#(249 14 1 97)
#(249 15 1 97)
#(249 16 0 94)
#(249 17 1 87)
#(249 18 0 82)
#(249 19 1 21)
#(249 20 0 51)
#(249 21 0 43)
#(249 22 0 65)
#(249 23 0 96)
#(249 24 0 14)
#(249 25 0 97)
#(249 26 1 92)
#(249 27 0 56)
#(249 28 1 18)
#(249 29 0 64)
#(249 30 1 45)
#(249 31 0 31)
#(249 32 0 87)
#(249 33 1 92)
#(249 34 1 89)
#(249 35 0 69)
#(249 36 0 84)
#(249 37 1 56)
#(249 38 1 92)
#(249 39 1 65)
#(249 40 0 4)
#(249 41 0 93)
#(249 42 1 7)
#(249 43 0 0)
#(249 44 0 45)
#(249 45 0 44)
#(249 46 0 35)
#(249 47 1 47)
#(249 48 1 50)
#(249 49 1 88)
#(249 50 1 49)
#(249 51 1 80)
#(249 52 1 33)
#(249 53 1 73)
#(249 54 0 76)
#(249 55 0 51)
#(249 56 0 65)
#(249 57 1 88)
#(249 58 1 90)
#(249 59 1 75)
#(249 60 1 86)
#(249 61 0 94)
#(249 62 1 65)
#(249 63 0 13)
#(249 64 0 65)
#(249 65 1 51)
#(249 66 0 50)
#(249 67 1 4)
#(249 68 0 65)
#(249 69 0 48)
#(250 1 0 51)
#(250 2 0 17)
#(250 3 0 81)
#(250 4 0 37)
#(250 5 0 36)
#(250 6 0 4)
#(250 7 0 31)
#(250 8 0 27)
#(250 9 0 61)
#(250 10 0 14)
#(250 11 0 79)
#(250 12 0 49)
#(250 13 0 42)
#(250 14 1 66)
#(250 15 0 93)
#(250 16 1 70)
#(250 17 0 50)
#(250 18 0 93)
#(250 19 0 36)
#(250 20 0 57)
#(250 21 0 23)
#(250 22 1 23)
#(250 23 1 3)
#(250 24 1 24)
#(250 25 1 9)
#(250 26 0 35)
#(250 27 1 4)
#(250 28 0 27)
#(250 29 1 85)
#(250 30 1 81)
#(250 31 0 43)
#(250 32 0 67)
#(250 33 1 41)
#(250 34 0 9)
#(250 35 0 87)
#(250 36 1 84)
#(250 37 0 87)
#(250 38 0 37)
#(250 39 1 45)
#(250 40 0 91)
#(250 41 0 39)
#(250 42 1 8)
#(250 43 0 20)
#(250 44 0 1)
#(250 45 1 5)
#(250 46 0 98)
#(250 47 1 23)
#(250 48 1 74)
#(250 49 0 20)
#(250 50 0 21)
#(250 51 0 89)
#(250 52 0 67)
#(250 53 0 28)
#(250 54 0 21)
#(250 55 0 23)
#(250 56 0 5)
#(250 57 1 0)
#(250 58 1 86)
#(250 59 0 79)
#(250 60 0 3)
#(250 61 0 0)
#(250 62 0 25)
#(250 63 0 15)
#(250 64 1 20)
#(250 65 0 23)
#(250 66 0 88)
#(250 67 0 13)
#(250 68 1 21)
#(250 69 0 84)
#(251 1 1 34)
#(251 2 0 78)
#(251 3 0 94)
#(251 4 0 70)
#(251 5 0 82)
#(251 6 1 11)
#(251 7 1 25)
#(251 8 1 61)
#(251 9 0 88)
#(251 10 0 60)
#(251 11 0 70)
#(251 12 1 9)
#(251 13 0 48)
#(251 14 1 14)
#(251 15 1 29)
#(251 16 0 51)
#(251 17 0 88)
#(251 18 0 4)
#(251 19 1 20)
#(251 20 1 70)
#(251 21 1 33)
#(251 22 1 12)
#(251 23 0 20)
#(251 24 0 42)
#(251 25 0 85)
#(251 26 0 81)
#(251 27 1 95)
#(251 28 1 56)
#(251 29 0 22)
#(251 30 1 2)
#(251 31 0 2)
#(251 32 1 66)
#(251 33 1 32)
#(251 34 1 72)
#(251 35 0 82)
#(251 36 0 12)
#(251 37 1 31)
#(251 38 0 54)
#(251 39 0 96)
#(251 40 0 33)
#(251 41 0 50)
#(251 42 0 84)
#(251 43 1 92)
#(251 44 0 28)
#(251 45 0 37)
#(251 46 0 57)
#(251 47 0 78)
#(251 48 0 37)
#(251 49 1 80)
#(251 50 1 82)
#(251 51 0 28)
#(251 52 0 42)
#(251 53 1 78)
#(251 54 0 75)
#(251 55 0 78)
#(251 56 0 89)
#(251 57 0 22)
#(251 58 1 5)
#(251 59 0 32)
#(251 60 1 60)
#(251 61 0 80)
#(251 62 0 47)
#(251 63 1 91)
#(251 64 0 39)
#(251 65 1 71)
#(251 66 0 59)
#(251 67 0 91)
#(251 68 0 29)
#(251 69 1 12)
#(252 1 1 86)
#(252 2 0 52)
#(252 3 0 75)
#(252 4 0 36)
#(252 5 0 35)
#(252 6 1 59)
#(252 7 0 8)
#(252 8 0 52)
#(252 9 0 90)
#(252 10 0 73)
#(252 11 0 50)
#(252 12 0 61)
#(252 13 1 74)
#(252 14 0 25)
#(252 15 1 39)
#(252 16 1 46)
#(252 17 0 50)
#(252 18 0 74)
#(252 19 0 44)
#(252 20 0 1)
#(252 21 1 90)
#(252 22 0 19)
#(252 23 1 13)
#(252 24 0 65)
#(252 25 0 19)
#(252 26 0 25)
#(252 27 0 61)
#(252 28 1 37)
#(252 29 0 23)
#(252 30 1 73)
#(252 31 1 61)
#(252 32 0 93)
#(252 33 0 92)
#(252 34 1 83)
#(252 35 1 42)
#(252 36 0 7)
#(252 37 0 62)
#(252 38 0 37)
#(252 39 1 47)
#(252 40 0 39)
#(252 41 0 92)
#(252 42 0 22)
#(252 43 0 19)
#(252 44 1 94)
#(252 45 0 7)
#(252 46 0 33)
#(252 47 1 20)
#(252 48 0 95)
#(252 49 0 79)
#(252 50 1 51)
#(252 51 0 56)
#(252 52 1 21)
#(252 53 0 1)
#(252 54 1 19)
#(252 55 1 59)
#(252 56 0 42)
#(252 57 0 10)
#(252 58 1 92)
#(252 59 0 48)
#(252 60 0 9)
#(252 61 1 90)
#(252 62 0 53)
#(252 63 0 28)
#(252 64 0 33)
#(252 65 1 27)
#(252 66 0 55)
#(252 67 1 71)
#(252 68 0 15)
#(252 69 0 94)
#(253 1 0 17)
#(253 2 1 0)
#(253 3 0 26)
#(253 4 0 64)
#(253 5 0 27)
#(253 6 1 5)
#(253 7 0 73)
#(253 8 1 62)
#(253 9 0 23)
#(253 10 0 41)
#(253 11 0 53)
#(253 12 0 71)
#(253 13 1 81)
#(253 14 1 79)
#(253 15 1 68)
#(253 16 0 80)
#(253 17 1 7)
#(253 18 1 58)
#(253 19 0 12)
#(253 20 1 10)
#(253 21 1 56)
#(253 22 0 7)
#(253 23 0 46)
#(253 24 0 50)
#(253 25 0 3)
#(253 26 0 43)
#(253 27 1 67)
#(253 28 1 77)
#(253 29 0 50)
#(253 30 0 0)
#(253 31 0 21)
#(253 32 1 36)
#(253 33 1 30)
#(253 34 1 71)
#(253 35 0 61)
#(253 36 0 61)
#(253 37 1 65)
#(253 38 1 97)
#(253 39 1 52)
#(253 40 0 63)
#(253 41 0 45)
#(253 42 0 37)
#(253 43 0 74)
#(253 44 0 11)
#(253 45 0 74)
#(253 46 0 44)
#(253 47 1 88)
#(253 48 1 19)
#(253 49 0 51)
#(253 50 1 45)
#(253 51 1 5)
#(253 52 1 6)
#(253 53 0 82)
#(253 54 0 88)
#(253 55 0 96)
#(253 56 0 82)
#(253 57 0 48)
#(253 58 0 66)
#(253 59 0 43)
#(253 60 1 40)
#(253 61 1 37)
#(253 62 0 0)
#(253 63 1 32)
#(253 64 0 84)
#(253 65 0 78)
#(253 66 0 49)
#(253 67 0 58)
#(253 68 1 55)
#(253 69 0 87)
#(254 1 0 32)
#(254 2 1 29)
#(254 3 0 70)
#(254 4 1 4)
#(254 5 0 36)
#(254 6 1 30)
#(254 7 0 6)
#(254 8 0 6)
#(254 9 0 57)
#(254 10 0 90)
#(254 11 0 37)
#(254 12 0 3)
#(254 13 1 24)
#(254 14 0 90)
#(254 15 0 5)
#(254 16 0 10)
#(254 17 1 72)
#(254 18 0 27)
#(254 19 1 35)
#(254 20 1 90)
#(254 21 0 75)
#(254 22 0 58)
#(254 23 0 24)
#(254 24 0 62)
#(254 25 0 45)
#(254 26 0 65)
#(254 27 1 79)
#(254 28 0 94)
#(254 29 0 58)
#(254 30 1 81)
#(254 31 0 27)
#(254 32 1 39)
#(254 33 1 34)
#(254 34 1 30)
#(254 35 0 11)
#(254 36 0 41)
#(254 37 0 89)
#(254 38 0 18)
#(254 39 0 52)
#(254 40 0 73)
#(254 41 1 28)
#(254 42 1 72)
#(254 43 0 86)
#(254 44 1 23)
#(254 45 1 84)
#(254 46 0 27)
#(254 47 0 84)
#(254 48 1 29)
#(254 49 0 75)
#(254 50 0 83)
#(254 51 0 3)
#(254 52 1 66)
#(254 53 1 60)
#(254 54 0 41)
#(254 55 1 85)
#(254 56 1 70)
#(254 57 1 94)
#(254 58 1 38)
#(254 59 0 73)
#(254 60 0 28)
#(254 61 0 39)
#(254 62 1 46)
#(254 63 0 69)
#(254 64 1 13)
#(254 65 0 90)
#(254 66 1 39)
#(254 67 1 30)
#(254 68 0 55)
#(254 69 0 34)
#(255 1 1 95)
#(255 2 0 28)
#(255 3 1 79)
#(255 4 0 19)
#(255 5 1 71)
#(255 6 1 93)
#(255 7 0 23)
#(255 8 0 43)
#(255 9 0 24)
#(255 10 1 63)
#(255 11 0 4)
#(255 12 1 77)
#(255 13 1 70)
#(255 14 0 48)
#(255 15 1 22)
#(255 16 0 53)
#(255 17 0 46)
#(255 18 0 80)
#(255 19 1 48)
#(255 20 0 9)
#(255 21 0 76)
#(255 22 0 28)
#(255 23 0 47)
#(255 24 1 48)
#(255 25 0 54)
#(255 26 1 29)
#(255 27 0 22)
#(255 28 1 42)
#(255 29 1 36)
#(255 30 0 67)
#(255 31 0 39)
#(255 32 1 79)
#(255 33 0 42)
#(255 34 0 12)
#(255 35 1 34)
#(255 36 0 22)
#(255 37 1 42)
#(255 38 0 9)
#(255 39 1 42)
#(255 40 0 6)
#(255 41 1 33)
#(255 42 0 6)
#(255 43 0 98)
#(255 44 1 83)
#(255 45 1 59)
#(255 46 0 41)
#(255 47 0 14)
#(255 48 0 64)
#(255 49 0 74)
#(255 50 0 44)
#(255 51 0 88)
#(255 52 1 84)
#(255 53 0 63)
#(255 54 0 30)
#(255 55 0 84)
#(255 56 0 92)
#(255 57 0 39)
#(255 58 0 63)
#(255 59 0 3)
#(255 60 0 4)
#(255 61 1 66)
#(255 62 0 61)
#(255 63 0 47)
#(255 64 0 11)
#(255 65 0 46)
#(255 66 1 23)
#(255 67 0 90)
#(255 68 0 58)
#(255 69 0 55)
#(256 1 1 94)
#(256 2 0 41)
#(256 3 0 65)
#(256 4 1 68)
#(256 5 0 39)
#(256 6 0 50)
#(256 7 0 4)
#(256 8 0 24)
#(256 9 0 19)
#(256 10 1 41)
#(256 11 1 67)
#(256 12 0 26)
#(256 13 1 98)
#(256 14 0 89)
#(256 15 1 22)
#(256 16 0 91)
#(256 17 0 44)
#(256 18 1 84)
#(256 19 0 76)
#(256 20 0 56)
#(256 21 0 35)
#(256 22 0 35)
#(256 23 0 6)
#(256 24 0 44)
#(256 25 1 72)
#(256 26 1 86)
#(256 27 0 32)
#(256 28 1 13)
#(256 29 0 91)
#(256 30 0 96)
#(256 31 1 2)
#(256 32 1 28)
#(256 33 0 33)
#(256 34 0 24)
#(256 35 0 11)
#(256 36 0 49)
#(256 37 1 8)
#(256 38 0 46)
#(256 39 1 59)
#(256 40 0 94)
#(256 41 1 80)
#(256 42 0 96)
#(256 43 0 84)
#(256 44 0 72)
#(256 45 1 79)
#(256 46 1 71)
#(256 47 0 9)
#(256 48 0 61)
#(256 49 0 79)
#(256 50 1 96)
#(256 51 1 86)
#(256 52 0 76)
#(256 53 0 13)
#(256 54 0 95)
#(256 55 1 68)
#(256 56 1 63)
#(256 57 0 40)
#(256 58 0 29)
#(256 59 0 20)
#(256 60 0 1)
#(256 61 0 51)
#(256 62 1 77)
#(256 63 0 33)
#(256 64 0 71)
#(256 65 0 60)
#(256 66 1 83)
#(256 67 1 74)
#(256 68 0 60)
#(256 69 0 43)
#(257 1 0 44)
#(257 2 1 15)
#(257 3 0 39)
#(257 4 0 96)
#(257 5 0 44)
#(257 6 1 18)
#(257 7 0 51)
#(257 8 1 94)
#(257 9 1 18)
#(257 10 1 37)
#(257 11 1 90)
#(257 12 1 86)
#(257 13 0 78)
#(257 14 1 89)
#(257 15 0 25)
#(257 16 1 17)
#(257 17 0 31)
#(257 18 0 91)
#(257 19 0 44)
#(257 20 0 55)
#(257 21 0 55)
#(257 22 0 11)
#(257 23 0 84)
#(257 24 1 53)
#(257 25 1 43)
#(257 26 0 13)
#(257 27 0 67)
#(257 28 0 20)
#(257 29 0 76)
#(257 30 0 92)
#(257 31 0 51)
#(257 32 1 66)
#(257 33 0 5)
#(257 34 0 36)
#(257 35 1 76)
#(257 36 0 56)
#(257 37 0 20)
#(257 38 1 91)
#(257 39 0 92)
#(257 40 0 4)
#(257 41 0 45)
#(257 42 1 37)
#(257 43 0 51)
#(257 44 1 75)
#(257 45 0 31)
#(257 46 0 66)
#(257 47 1 28)
#(257 48 1 74)
#(257 49 0 57)
#(257 50 0 76)
#(257 51 0 10)
#(257 52 0 64)
#(257 53 1 17)
#(257 54 0 13)
#(257 55 1 38)
#(257 56 0 15)
#(257 57 0 16)
#(257 58 1 84)
#(257 59 0 71)
#(257 60 0 53)
#(257 61 0 17)
#(257 62 0 2)
#(257 63 0 49)
#(257 64 1 10)
#(257 65 1 56)
#(257 66 0 70)
#(257 67 1 5)
#(257 68 1 21)
#(257 69 0 64)
#(258 1 0 29)
#(258 2 1 68)
#(258 3 0 21)
#(258 4 1 96)
#(258 5 0 44)
#(258 6 0 38)
#(258 7 0 67)
#(258 8 0 61)
#(258 9 0 60)
#(258 10 1 0)
#(258 11 0 11)
#(258 12 1 85)
#(258 13 0 67)
#(258 14 0 73)
#(258 15 1 98)
#(258 16 1 28)
#(258 17 1 35)
#(258 18 0 47)
#(258 19 0 80)
#(258 20 0 89)
#(258 21 0 94)
#(258 22 1 37)
#(258 23 1 3)
#(258 24 0 96)
#(258 25 1 49)
#(258 26 0 1)
#(258 27 0 67)
#(258 28 0 79)
#(258 29 0 53)
#(258 30 1 58)
#(258 31 0 25)
#(258 32 0 70)
#(258 33 0 44)
#(258 34 1 61)
#(258 35 0 47)
#(258 36 1 62)
#(258 37 0 81)
#(258 38 0 52)
#(258 39 0 60)
#(258 40 0 63)
#(258 41 1 62)
#(258 42 0 38)
#(258 43 0 56)
#(258 44 0 70)
#(258 45 0 25)
#(258 46 0 63)
#(258 47 0 20)
#(258 48 0 82)
#(258 49 0 54)
#(258 50 1 42)
#(258 51 0 22)
#(258 52 1 11)
#(258 53 1 49)
#(258 54 0 70)
#(258 55 1 45)
#(258 56 1 38)
#(258 57 0 41)
#(258 58 0 42)
#(258 59 0 67)
#(258 60 0 23)
#(258 61 1 42)
#(258 62 1 93)
#(258 63 1 82)
#(258 64 1 66)
#(258 65 0 67)
#(258 66 0 65)
#(258 67 1 26)
#(258 68 1 20)
#(258 69 1 80)
#(259 1 0 22)
#(259 2 0 28)
#(259 3 1 25)
#(259 4 0 6)
#(259 5 0 62)
#(259 6 1 85)
#(259 7 0 87)
#(259 8 1 16)
#(259 9 1 62)
#(259 10 1 5)
#(259 11 0 92)
#(259 12 0 92)
#(259 13 0 61)
#(259 14 0 48)
#(259 15 0 79)
#(259 16 0 87)
#(259 17 0 3)
#(259 18 1 54)
#(259 19 1 57)
#(259 20 1 1)
#(259 21 0 86)
#(259 22 1 69)
#(259 23 0 37)
#(259 24 0 69)
#(259 25 1 93)
#(259 26 0 31)
#(259 27 0 13)
#(259 28 0 93)
#(259 29 0 9)
#(259 30 1 20)
#(259 31 0 2)
#(259 32 0 13)
#(259 33 1 32)
#(259 34 0 37)
#(259 35 0 67)
#(259 36 0 5)
#(259 37 1 61)
#(259 38 0 78)
#(259 39 1 28)
#(259 40 0 35)
#(259 41 0 87)
#(259 42 1 43)
#(259 43 1 50)
#(259 44 0 34)
#(259 45 0 37)
#(259 46 0 55)
#(259 47 0 87)
#(259 48 0 80)
#(259 49 0 90)
#(259 50 0 79)
#(259 51 0 68)
#(259 52 0 67)
#(259 53 0 46)
#(259 54 0 95)
#(259 55 1 37)
#(259 56 0 28)
#(259 57 1 1)
#(259 58 0 93)
#(259 59 0 36)
#(259 60 0 54)
#(259 61 0 5)
#(259 62 0 22)
#(259 63 0 94)
#(259 64 1 54)
#(259 65 0 95)
#(259 66 0 96)
#(259 67 0 2)
#(259 68 0 1)
#(259 69 0 76)
#(260 1 0 6)
#(260 2 1 28)
#(260 3 0 50)
#(260 4 0 74)
#(260 5 1 63)
#(260 6 0 28)
#(260 7 0 55)
#(260 8 0 2)
#(260 9 0 86)
#(260 10 0 67)
#(260 11 0 56)
#(260 12 0 50)
#(260 13 0 57)
#(260 14 0 0)
#(260 15 0 5)
#(260 16 1 67)
#(260 17 1 69)
#(260 18 0 92)
#(260 19 1 76)
#(260 20 1 76)
#(260 21 0 69)
#(260 22 0 77)
#(260 23 0 12)
#(260 24 0 18)
#(260 25 0 78)
#(260 26 1 53)
#(260 27 1 76)
#(260 28 1 39)
#(260 29 1 27)
#(260 30 0 11)
#(260 31 0 43)
#(260 32 0 7)
#(260 33 1 42)
#(260 34 0 19)
#(260 35 0 68)
#(260 36 1 3)
#(260 37 1 90)
#(260 38 0 81)
#(260 39 1 86)
#(260 40 0 30)
#(260 41 0 32)
#(260 42 0 80)
#(260 43 0 54)
#(260 44 0 98)
#(260 45 0 41)
#(260 46 1 42)
#(260 47 1 49)
#(260 48 1 5)
#(260 49 1 98)
#(260 50 0 37)
#(260 51 0 70)
#(260 52 0 82)
#(260 53 0 50)
#(260 54 0 71)
#(260 55 0 84)
#(260 56 0 69)
#(260 57 0 51)
#(260 58 1 42)
#(260 59 1 54)
#(260 60 0 18)
#(260 61 0 58)
#(260 62 0 62)
#(260 63 1 93)
#(260 64 0 33)
#(260 65 0 0)
#(260 66 1 95)
#(260 67 1 33)
#(260 68 0 43)
#(260 69 0 15)
#(261 1 1 0)
#(261 2 1 97)
#(261 3 0 95)
#(261 4 0 44)
#(261 5 0 17)
#(261 6 0 97)
#(261 7 0 35)
#(261 8 1 62)
#(261 9 0 22)
#(261 10 0 71)
#(261 11 0 8)
#(261 12 1 67)
#(261 13 0 7)
#(261 14 0 19)
#(261 15 1 87)
#(261 16 1 54)
#(261 17 0 52)
#(261 18 0 94)
#(261 19 1 56)
#(261 20 0 92)
#(261 21 0 9)
#(261 22 0 8)
#(261 23 0 52)
#(261 24 0 44)
#(261 25 0 39)
#(261 26 0 55)
#(261 27 1 77)
#(261 28 0 93)
#(261 29 0 25)
#(261 30 0 40)
#(261 31 1 22)
#(261 32 0 3)
#(261 33 1 65)
#(261 34 1 5)
#(261 35 1 55)
#(261 36 1 78)
#(261 37 1 28)
#(261 38 0 95)
#(261 39 0 44)
#(261 40 0 16)
#(261 41 1 95)
#(261 42 1 68)
#(261 43 1 42)
#(261 44 0 65)
#(261 45 1 1)
#(261 46 0 69)
#(261 47 1 1)
#(261 48 1 97)
#(261 49 0 74)
#(261 50 1 40)
#(261 51 0 1)
#(261 52 0 52)
#(261 53 0 75)
#(261 54 0 65)
#(261 55 1 94)
#(261 56 0 18)
#(261 57 0 2)
#(261 58 0 24)
#(261 59 1 81)
#(261 60 0 25)
#(261 61 0 62)
#(261 62 0 86)
#(261 63 0 20)
#(261 64 0 16)
#(261 65 0 48)
#(261 66 1 11)
#(261 67 0 64)
#(261 68 0 61)
#(261 69 0 84)
#(262 1 1 65)
#(262 2 1 18)
#(262 3 0 61)
#(262 4 1 72)
#(262 5 0 80)
#(262 6 0 25)
#(262 7 0 34)
#(262 8 0 70)
#(262 9 0 8)
#(262 10 1 29)
#(262 11 0 79)
#(262 12 0 72)
#(262 13 1 88)
#(262 14 1 23)
#(262 15 0 9)
#(262 16 0 57)
#(262 17 1 49)
#(262 18 0 14)
#(262 19 1 54)
#(262 20 1 70)
#(262 21 0 68)
#(262 22 0 11)
#(262 23 0 91)
#(262 24 0 7)
#(262 25 1 36)
#(262 26 1 91)
#(262 27 0 69)
#(262 28 0 16)
#(262 29 1 56)
#(262 30 0 9)
#(262 31 1 84)
#(262 32 1 57)
#(262 33 1 86)
#(262 34 0 8)
#(262 35 1 64)
#(262 36 0 61)
#(262 37 0 31)
#(262 38 0 1)
#(262 39 0 41)
#(262 40 0 32)
#(262 41 1 98)
#(262 42 0 60)
#(262 43 1 0)
#(262 44 0 36)
#(262 45 1 5)
#(262 46 0 40)
#(262 47 0 23)
#(262 48 1 4)
#(262 49 0 88)
#(262 50 0 16)
#(262 51 1 69)
#(262 52 1 35)
#(262 53 0 34)
#(262 54 1 82)
#(262 55 0 30)
#(262 56 1 75)
#(262 57 0 13)
#(262 58 1 8)
#(262 59 0 6)
#(262 60 1 79)
#(262 61 0 16)
#(262 62 0 66)
#(262 63 0 25)
#(262 64 0 18)
#(262 65 0 76)
#(262 66 1 4)
#(262 67 0 47)
#(262 68 0 40)
#(262 69 0 94)
#(263 1 0 24)
#(263 2 0 76)
#(263 3 0 0)
#(263 4 0 34)
#(263 5 0 68)
#(263 6 0 92)
#(263 7 0 13)
#(263 8 0 96)
#(263 9 0 87)
#(263 10 0 18)
#(263 11 1 70)
#(263 12 1 62)
#(263 13 0 74)
#(263 14 1 42)
#(263 15 1 86)
#(263 16 0 71)
#(263 17 1 20)
#(263 18 0 70)
#(263 19 1 97)
#(263 20 0 26)
#(263 21 1 31)
#(263 22 1 96)
#(263 23 0 54)
#(263 24 0 98)
#(263 25 0 93)
#(263 26 1 79)
#(263 27 0 78)
#(263 28 0 86)
#(263 29 1 34)
#(263 30 1 79)
#(263 31 0 55)
#(263 32 0 84)
#(263 33 0 83)
#(263 34 1 84)
#(263 35 0 54)
#(263 36 0 22)
#(263 37 1 50)
#(263 38 0 0)
#(263 39 0 35)
#(263 40 0 84)
#(263 41 1 70)
#(263 42 0 87)
#(263 43 0 11)
#(263 44 0 55)
#(263 45 0 2)
#(263 46 0 58)
#(263 47 0 80)
#(263 48 1 89)
#(263 49 0 37)
#(263 50 0 27)
#(263 51 1 48)
#(263 52 1 8)
#(263 53 1 6)
#(263 54 0 71)
#(263 55 1 55)
#(263 56 1 85)
#(263 57 0 34)
#(263 58 1 43)
#(263 59 0 40)
#(263 60 0 33)
#(263 61 0 89)
#(263 62 1 81)
#(263 63 1 41)
#(263 64 0 75)
#(263 65 1 41)
#(263 66 1 2)
#(263 67 0 24)
#(263 68 1 88)
#(263 69 0 78)
#(264 1 0 53)
#(264 2 0 76)
#(264 3 0 2)
#(264 4 1 31)
#(264 5 1 22)
#(264 6 0 95)
#(264 7 1 49)
#(264 8 0 31)
#(264 9 0 80)
#(264 10 1 19)
#(264 11 1 34)
#(264 12 0 34)
#(264 13 1 7)
#(264 14 0 90)
#(264 15 0 85)
#(264 16 0 79)
#(264 17 0 69)
#(264 18 1 6)
#(264 19 0 93)
#(264 20 1 57)
#(264 21 1 91)
#(264 22 0 76)
#(264 23 0 44)
#(264 24 1 77)
#(264 25 1 59)
#(264 26 0 69)
#(264 27 1 37)
#(264 28 1 97)
#(264 29 1 40)
#(264 30 0 1)
#(264 31 0 11)
#(264 32 0 87)
#(264 33 0 90)
#(264 34 0 23)
#(264 35 0 17)
#(264 36 0 53)
#(264 37 0 64)
#(264 38 1 54)
#(264 39 1 37)
#(264 40 0 38)
#(264 41 1 46)
#(264 42 0 58)
#(264 43 0 90)
#(264 44 0 35)
#(264 45 1 50)
#(264 46 0 53)
#(264 47 1 75)
#(264 48 1 48)
#(264 49 0 15)
#(264 50 0 85)
#(264 51 1 53)
#(264 52 0 16)
#(264 53 0 8)
#(264 54 0 41)
#(264 55 0 36)
#(264 56 1 97)
#(264 57 1 62)
#(264 58 0 16)
#(264 59 0 3)
#(264 60 1 84)
#(264 61 0 82)
#(264 62 1 75)
#(264 63 0 73)
#(264 64 0 78)
#(264 65 1 0)
#(264 66 1 84)
#(264 67 0 78)
#(264 68 0 82)
#(264 69 0 93)
#(265 1 0 46)
#(265 2 1 61)
#(265 3 1 71)
#(265 4 0 88)
#(265 5 1 46)
#(265 6 1 17)
#(265 7 1 37)
#(265 8 0 86)
#(265 9 0 31)
#(265 10 1 3)
#(265 11 1 27)
#(265 12 1 21)
#(265 13 0 87)
#(265 14 0 26)
#(265 15 0 35)
#(265 16 1 16)
#(265 17 0 97)
#(265 18 0 16)
#(265 19 0 41)
#(265 20 0 66)
#(265 21 0 61)
#(265 22 0 65)
#(265 23 1 86)
#(265 24 1 5)
#(265 25 0 3)
#(265 26 0 54)
#(265 27 0 52)
#(265 28 0 77)
#(265 29 0 16)
#(265 30 1 90)
#(265 31 0 74)
#(265 32 0 27)
#(265 33 0 52)
#(265 34 1 71)
#(265 35 0 22)
#(265 36 0 80)
#(265 37 0 76)
#(265 38 1 91)
#(265 39 1 92)
#(265 40 1 25)
#(265 41 0 8)
#(265 42 0 45)
#(265 43 0 45)
#(265 44 1 17)
#(265 45 0 17)
#(265 46 1 32)
#(265 47 0 18)
#(265 48 1 57)
#(265 49 1 73)
#(265 50 0 2)
#(265 51 1 19)
#(265 52 1 84)
#(265 53 0 13)
#(265 54 1 86)
#(265 55 1 74)
#(265 56 0 26)
#(265 57 1 84)
#(265 58 0 23)
#(265 59 0 71)
#(265 60 1 20)
#(265 61 0 72)
#(265 62 0 9)
#(265 63 0 66)
#(265 64 1 50)
#(265 65 1 93)
#(265 66 1 20)
#(265 67 1 10)
#(265 68 0 7)
#(265 69 1 77)
#(266 1 0 94)
#(266 2 1 12)
#(266 3 0 67)
#(266 4 0 9)
#(266 5 0 2)
#(266 6 1 64)
#(266 7 0 96)
#(266 8 1 98)
#(266 9 1 16)
#(266 10 1 88)
#(266 11 0 77)
#(266 12 0 43)
#(266 13 0 78)
#(266 14 1 14)
#(266 15 0 97)
#(266 16 0 47)
#(266 17 1 40)
#(266 18 1 79)
#(266 19 1 85)
#(266 20 0 85)
#(266 21 0 79)
#(266 22 1 34)
#(266 23 0 41)
#(266 24 0 85)
#(266 25 0 61)
#(266 26 1 80)
#(266 27 0 74)
#(266 28 1 74)
#(266 29 1 68)
#(266 30 0 97)
#(266 31 1 58)
#(266 32 0 20)
#(266 33 0 13)
#(266 34 0 92)
#(266 35 0 36)
#(266 36 1 70)
#(266 37 0 87)
#(266 38 0 25)
#(266 39 0 2)
#(266 40 0 24)
#(266 41 0 29)
#(266 42 0 44)
#(266 43 0 47)
#(266 44 1 35)
#(266 45 0 72)
#(266 46 1 55)
#(266 47 0 12)
#(266 48 0 85)
#(266 49 0 80)
#(266 50 0 82)
#(266 51 0 36)
#(266 52 0 66)
#(266 53 1 11)
#(266 54 0 88)
#(266 55 0 10)
#(266 56 1 71)
#(266 57 1 98)
#(266 58 0 39)
#(266 59 1 13)
#(266 60 1 53)
#(266 61 0 30)
#(266 62 0 31)
#(266 63 0 55)
#(266 64 0 50)
#(266 65 1 64)
#(266 66 0 77)
#(266 67 0 48)
#(266 68 0 46)
#(266 69 1 53)
#(267 1 0 16)
#(267 2 1 19)
#(267 3 1 12)
#(267 4 0 39)
#(267 5 0 48)
#(267 6 0 3)
#(267 7 0 60)
#(267 8 0 50)
#(267 9 1 19)
#(267 10 1 47)
#(267 11 1 88)
#(267 12 1 32)
#(267 13 0 29)
#(267 14 0 73)
#(267 15 0 51)
#(267 16 1 67)
#(267 17 1 66)
#(267 18 0 12)
#(267 19 1 51)
#(267 20 1 63)
#(267 21 0 22)
#(267 22 1 92)
#(267 23 1 32)
#(267 24 1 31)
#(267 25 1 0)
#(267 26 0 89)
#(267 27 0 48)
#(267 28 0 58)
#(267 29 0 28)
#(267 30 0 88)
#(267 31 0 26)
#(267 32 1 29)
#(267 33 1 70)
#(267 34 0 8)
#(267 35 0 2)
#(267 36 0 64)
#(267 37 1 36)
#(267 38 0 13)
#(267 39 0 68)
#(267 40 0 42)
#(267 41 1 57)
#(267 42 0 38)
#(267 43 1 78)
#(267 44 1 5)
#(267 45 0 74)
#(267 46 0 80)
#(267 47 0 12)
#(267 48 0 76)
#(267 49 1 32)
#(267 50 1 43)
#(267 51 1 9)
#(267 52 0 92)
#(267 53 0 30)
#(267 54 0 75)
#(267 55 0 80)
#(267 56 0 97)
#(267 57 0 30)
#(267 58 1 1)
#(267 59 0 15)
#(267 60 1 66)
#(267 61 0 34)
#(267 62 1 32)
#(267 63 1 89)
#(267 64 0 93)
#(267 65 1 85)
#(267 66 1 54)
#(267 67 1 66)
#(267 68 1 35)
#(267 69 1 52)
#(268 1 0 76)
#(268 2 1 31)
#(268 3 1 98)
#(268 4 0 46)
#(268 5 0 74)
#(268 6 1 85)
#(268 7 1 35)
#(268 8 0 48)
#(268 9 0 5)
#(268 10 1 78)
#(268 11 0 66)
#(268 12 1 73)
#(268 13 0 25)
#(268 14 0 67)
#(268 15 0 32)
#(268 16 1 91)
#(268 17 0 23)
#(268 18 1 72)
#(268 19 1 70)
#(268 20 1 93)
#(268 21 0 66)
#(268 22 1 77)
#(268 23 0 32)
#(268 24 1 38)
#(268 25 0 73)
#(268 26 1 78)
#(268 27 0 68)
#(268 28 0 66)
#(268 29 0 46)
#(268 30 1 53)
#(268 31 0 80)
#(268 32 1 13)
#(268 33 0 35)
#(268 34 0 43)
#(268 35 0 60)
#(268 36 1 66)
#(268 37 0 53)
#(268 38 0 19)
#(268 39 1 54)
#(268 40 1 49)
#(268 41 0 55)
#(268 42 1 79)
#(268 43 1 30)
#(268 44 0 7)
#(268 45 0 38)
#(268 46 0 91)
#(268 47 1 90)
#(268 48 0 80)
#(268 49 0 68)
#(268 50 0 59)
#(268 51 0 41)
#(268 52 1 52)
#(268 53 0 26)
#(268 54 0 28)
#(268 55 1 95)
#(268 56 0 96)
#(268 57 0 92)
#(268 58 0 0)
#(268 59 0 37)
#(268 60 0 96)
#(268 61 0 77)
#(268 62 0 52)
#(268 63 0 31)
#(268 64 0 88)
#(268 65 1 17)
#(268 66 0 61)
#(268 67 0 63)
#(268 68 0 98)
#(268 69 0 68)
#(269 1 0 67)
#(269 2 1 77)
#(269 3 1 57)
#(269 4 0 28)
#(269 5 1 4)
#(269 6 0 5)
#(269 7 1 7)
#(269 8 0 93)
#(269 9 0 17)
#(269 10 1 11)
#(269 11 1 67)
#(269 12 0 28)
#(269 13 0 63)
#(269 14 1 19)
#(269 15 0 16)
#(269 16 1 26)
#(269 17 0 77)
#(269 18 0 51)
#(269 19 0 52)
#(269 20 0 38)
#(269 21 1 45)
#(269 22 0 90)
#(269 23 1 34)
#(269 24 0 72)
#(269 25 1 82)
#(269 26 1 63)
#(269 27 0 15)
#(269 28 0 6)
#(269 29 1 52)
#(269 30 1 58)
#(269 31 0 56)
#(269 32 0 12)
#(269 33 0 12)
#(269 34 1 20)
#(269 35 1 80)
#(269 36 0 53)
#(269 37 1 86)
#(269 38 0 77)
#(269 39 0 69)
#(269 40 1 19)
#(269 41 0 1)
#(269 42 0 64)
#(269 43 0 90)
#(269 44 0 26)
#(269 45 1 92)
#(269 46 0 13)
#(269 47 0 35)
#(269 48 0 91)
#(269 49 1 43)
#(269 50 0 22)
#(269 51 0 44)
#(269 52 0 40)
#(269 53 1 45)
#(269 54 1 94)
#(269 55 0 29)
#(269 56 0 39)
#(269 57 0 9)
#(269 58 1 51)
#(269 59 0 33)
#(269 60 0 33)
#(269 61 1 78)
#(269 62 1 68)
#(269 63 1 30)
#(269 64 1 13)
#(269 65 1 81)
#(269 66 1 39)
#(269 67 0 20)
#(269 68 1 70)
#(269 69 1 21)
#(270 1 1 16)
#(270 2 1 88)
#(270 3 0 72)
#(270 4 1 1)
#(270 5 0 75)
#(270 6 0 53)
#(270 7 1 55)
#(270 8 0 88)
#(270 9 0 49)
#(270 10 0 14)
#(270 11 1 19)
#(270 12 0 58)
#(270 13 0 65)
#(270 14 1 31)
#(270 15 1 47)
#(270 16 0 41)
#(270 17 1 85)
#(270 18 0 73)
#(270 19 0 47)
#(270 20 0 83)
#(270 21 0 56)
#(270 22 1 42)
#(270 23 0 95)
#(270 24 0 1)
#(270 25 1 57)
#(270 26 1 71)
#(270 27 0 94)
#(270 28 0 21)
#(270 29 1 0)
#(270 30 0 58)
#(270 31 0 26)
#(270 32 0 96)
#(270 33 0 28)
#(270 34 0 66)
#(270 35 1 85)
#(270 36 0 79)
#(270 37 0 69)
#(270 38 1 51)
#(270 39 1 51)
#(270 40 0 92)
#(270 41 1 9)
#(270 42 0 48)
#(270 43 0 2)
#(270 44 0 2)
#(270 45 0 2)
#(270 46 0 52)
#(270 47 0 86)
#(270 48 1 87)
#(270 49 0 87)
#(270 50 0 64)
#(270 51 0 29)
#(270 52 0 10)
#(270 53 1 35)
#(270 54 0 92)
#(270 55 0 96)
#(270 56 0 13)
#(270 57 0 36)
#(270 58 0 86)
#(270 59 1 54)
#(270 60 1 87)
#(270 61 0 66)
#(270 62 1 83)
#(270 63 0 0)
#(270 64 1 62)
#(270 65 1 43)
#(270 66 1 47)
#(270 67 1 22)
#(270 68 0 28)
#(270 69 0 44)
#(271 1 0 16)
#(271 2 1 3)
#(271 3 1 38)
#(271 4 0 87)
#(271 5 0 89)
#(271 6 0 71)
#(271 7 1 63)
#(271 8 0 67)
#(271 9 0 3)
#(271 10 1 51)
#(271 11 1 74)
#(271 12 0 60)
#(271 13 0 6)
#(271 14 1 6)
#(271 15 0 33)
#(271 16 0 75)
#(271 17 0 93)
#(271 18 0 17)
#(271 19 1 94)
#(271 20 1 85)
#(271 21 1 69)
#(271 22 1 76)
#(271 23 1 71)
#(271 24 0 18)
#(271 25 0 26)
#(271 26 1 52)
#(271 27 0 14)
#(271 28 0 17)
#(271 29 1 73)
#(271 30 0 74)
#(271 31 0 25)
#(271 32 0 64)
#(271 33 1 91)
#(271 34 1 79)
#(271 35 1 71)
#(271 36 0 88)
#(271 37 1 33)
#(271 38 1 72)
#(271 39 0 23)
#(271 40 0 94)
#(271 41 0 39)
#(271 42 0 11)
#(271 43 0 76)
#(271 44 0 63)
#(271 45 1 24)
#(271 46 0 43)
#(271 47 0 55)
#(271 48 1 54)
#(271 49 0 47)
#(271 50 0 4)
#(271 51 0 93)
#(271 52 1 8)
#(271 53 1 47)
#(271 54 1 63)
#(271 55 0 43)
#(271 56 0 89)
#(271 57 0 26)
#(271 58 1 95)
#(271 59 0 1)
#(271 60 0 63)
#(271 61 0 66)
#(271 62 0 74)
#(271 63 1 8)
#(271 64 0 92)
#(271 65 0 30)
#(271 66 1 86)
#(271 67 0 94)
#(271 68 1 30)
#(271 69 1 35)
#(272 1 1 54)
#(272 2 0 61)
#(272 3 0 14)
#(272 4 0 9)
#(272 5 1 49)
#(272 6 0 33)
#(272 7 1 57)
#(272 8 0 13)
#(272 9 0 23)
#(272 10 1 77)
#(272 11 1 25)
#(272 12 0 12)
#(272 13 0 90)
#(272 14 1 34)
#(272 15 1 98)
#(272 16 0 61)
#(272 17 0 92)
#(272 18 0 28)
#(272 19 1 38)
#(272 20 0 25)
#(272 21 0 0)
#(272 22 0 71)
#(272 23 0 14)
#(272 24 0 38)
#(272 25 0 32)
#(272 26 0 80)
#(272 27 0 26)
#(272 28 1 17)
#(272 29 0 48)
#(272 30 0 32)
#(272 31 0 89)
#(272 32 1 46)
#(272 33 0 94)
#(272 34 1 93)
#(272 35 0 81)
#(272 36 1 5)
#(272 37 0 25)
#(272 38 0 39)
#(272 39 0 13)
#(272 40 0 8)
#(272 41 0 50)
#(272 42 0 62)
#(272 43 0 25)
#(272 44 0 85)
#(272 45 1 41)
#(272 46 0 42)
#(272 47 1 53)
#(272 48 1 64)
#(272 49 1 4)
#(272 50 0 98)
#(272 51 0 35)
#(272 52 0 86)
#(272 53 1 11)
#(272 54 0 29)
#(272 55 0 97)
#(272 56 0 18)
#(272 57 0 2)
#(272 58 1 39)
#(272 59 0 74)
#(272 60 0 17)
#(272 61 0 7)
#(272 62 1 28)
#(272 63 0 59)
#(272 64 0 78)
#(272 65 0 45)
#(272 66 1 30)
#(272 67 0 37)
#(272 68 0 42)
#(272 69 0 58)
#(273 1 0 79)
#(273 2 0 67)
#(273 3 0 77)
#(273 4 0 76)
#(273 5 0 28)
#(273 6 0 13)
#(273 7 0 20)
#(273 8 0 13)
#(273 9 1 5)
#(273 10 1 88)
#(273 11 1 50)
#(273 12 1 4)
#(273 13 0 96)
#(273 14 0 80)
#(273 15 1 33)
#(273 16 1 98)
#(273 17 0 23)
#(273 18 0 47)
#(273 19 0 16)
#(273 20 0 71)
#(273 21 0 24)
#(273 22 1 60)
#(273 23 1 48)
#(273 24 1 59)
#(273 25 1 61)
#(273 26 1 42)
#(273 27 0 94)
#(273 28 1 1)
#(273 29 1 59)
#(273 30 1 77)
#(273 31 1 69)
#(273 32 0 41)
#(273 33 1 69)
#(273 34 1 83)
#(273 35 1 42)
#(273 36 0 54)
#(273 37 0 58)
#(273 38 0 26)
#(273 39 0 50)
#(273 40 0 53)
#(273 41 0 53)
#(273 42 0 93)
#(273 43 1 4)
#(273 44 0 0)
#(273 45 0 84)
#(273 46 1 45)
#(273 47 0 16)
#(273 48 0 36)
#(273 49 0 58)
#(273 50 0 30)
#(273 51 0 4)
#(273 52 0 77)
#(273 53 0 1)
#(273 54 0 34)
#(273 55 0 83)
#(273 56 0 9)
#(273 57 1 87)
#(273 58 0 57)
#(273 59 1 20)
#(273 60 0 97)
#(273 61 1 56)
#(273 62 0 62)
#(273 63 0 89)
#(273 64 0 75)
#(273 65 0 38)
#(273 66 1 50)
#(273 67 1 23)
#(273 68 0 14)
#(273 69 1 48)
#(274 1 0 66)
#(274 2 0 62)
#(274 3 1 18)
#(274 4 1 64)
#(274 5 0 5)
#(274 6 1 76)
#(274 7 0 59)
#(274 8 0 10)
#(274 9 1 37)
#(274 10 0 6)
#(274 11 0 96)
#(274 12 0 33)
#(274 13 0 10)
#(274 14 0 20)
#(274 15 0 44)
#(274 16 0 58)
#(274 17 1 27)
#(274 18 0 67)
#(274 19 0 46)
#(274 20 1 15)
#(274 21 0 84)
#(274 22 0 83)
#(274 23 0 31)
#(274 24 0 18)
#(274 25 0 46)
#(274 26 0 19)
#(274 27 0 34)
#(274 28 1 22)
#(274 29 0 96)
#(274 30 0 10)
#(274 31 0 63)
#(274 32 1 66)
#(274 33 0 13)
#(274 34 0 75)
#(274 35 1 8)
#(274 36 0 95)
#(274 37 0 8)
#(274 38 0 87)
#(274 39 0 94)
#(274 40 0 6)
#(274 41 0 90)
#(274 42 0 10)
#(274 43 0 73)
#(274 44 0 4)
#(274 45 1 21)
#(274 46 1 3)
#(274 47 0 46)
#(274 48 0 43)
#(274 49 0 21)
#(274 50 0 67)
#(274 51 0 55)
#(274 52 0 87)
#(274 53 0 24)
#(274 54 0 77)
#(274 55 1 5)
#(274 56 0 20)
#(274 57 1 24)
#(274 58 0 67)
#(274 59 0 46)
#(274 60 0 89)
#(274 61 0 43)
#(274 62 0 57)
#(274 63 1 19)
#(274 64 0 46)
#(274 65 0 51)
#(274 66 1 50)
#(274 67 0 46)
#(274 68 1 38)
#(274 69 1 64)
#(275 1 0 53)
#(275 2 0 67)
#(275 3 0 14)
#(275 4 1 86)
#(275 5 1 16)
#(275 6 0 33)
#(275 7 0 67)
#(275 8 1 82)
#(275 9 0 51)
#(275 10 1 2)
#(275 11 1 5)
#(275 12 0 47)
#(275 13 0 50)
#(275 14 0 40)
#(275 15 1 14)
#(275 16 1 82)
#(275 17 0 51)
#(275 18 1 97)
#(275 19 1 4)
#(275 20 1 19)
#(275 21 0 40)
#(275 22 0 9)
#(275 23 1 96)
#(275 24 1 63)
#(275 25 0 2)
#(275 26 1 54)
#(275 27 1 0)
#(275 28 0 36)
#(275 29 0 29)
#(275 30 0 60)
#(275 31 1 98)
#(275 32 0 57)
#(275 33 1 33)
#(275 34 0 24)
#(275 35 0 29)
#(275 36 0 88)
#(275 37 1 55)
#(275 38 1 89)
#(275 39 0 79)
#(275 40 1 25)
#(275 41 0 3)
#(275 42 0 85)
#(275 43 0 79)
#(275 44 0 7)
#(275 45 0 73)
#(275 46 0 84)
#(275 47 0 1)
#(275 48 0 91)
#(275 49 0 21)
#(275 50 1 64)
#(275 51 0 85)
#(275 52 1 79)
#(275 53 0 68)
#(275 54 0 27)
#(275 55 0 56)
#(275 56 1 82)
#(275 57 0 10)
#(275 58 0 77)
#(275 59 0 63)
#(275 60 0 79)
#(275 61 1 94)
#(275 62 0 9)
#(275 63 0 6)
#(275 64 0 73)
#(275 65 0 10)
#(275 66 0 55)
#(275 67 1 69)
#(275 68 0 12)
#(275 69 0 96)
#(276 1 1 1)
#(276 2 0 84)
#(276 3 0 48)
#(276 4 0 45)
#(276 5 1 66)
#(276 6 0 89)
#(276 7 0 21)
#(276 8 0 14)
#(276 9 1 31)
#(276 10 1 31)
#(276 11 1 40)
#(276 12 1 12)
#(276 13 0 52)
#(276 14 0 85)
#(276 15 0 11)
#(276 16 0 64)
#(276 17 1 67)
#(276 18 0 38)
#(276 19 1 96)
#(276 20 1 48)
#(276 21 0 36)
#(276 22 1 53)
#(276 23 1 54)
#(276 24 0 54)
#(276 25 0 18)
#(276 26 1 40)
#(276 27 1 96)
#(276 28 1 90)
#(276 29 0 77)
#(276 30 0 74)
#(276 31 1 14)
#(276 32 0 64)
#(276 33 0 93)
#(276 34 0 85)
#(276 35 1 4)
#(276 36 0 46)
#(276 37 0 75)
#(276 38 0 74)
#(276 39 0 2)
#(276 40 0 14)
#(276 41 0 84)
#(276 42 0 49)
#(276 43 1 40)
#(276 44 1 20)
#(276 45 0 48)
#(276 46 0 95)
#(276 47 0 27)
#(276 48 0 0)
#(276 49 0 53)
#(276 50 0 96)
#(276 51 0 16)
#(276 52 0 75)
#(276 53 0 41)
#(276 54 1 66)
#(276 55 1 33)
#(276 56 0 53)
#(276 57 0 54)
#(276 58 1 92)
#(276 59 0 39)
#(276 60 1 32)
#(276 61 1 41)
#(276 62 1 30)
#(276 63 0 12)
#(276 64 0 79)
#(276 65 1 13)
#(276 66 0 25)
#(276 67 0 2)
#(276 68 1 13)
#(276 69 1 91)
#(277 1 1 39)
#(277 2 0 47)
#(277 3 1 55)
#(277 4 1 42)
#(277 5 0 85)
#(277 6 0 16)
#(277 7 0 98)
#(277 8 0 49)
#(277 9 0 53)
#(277 10 0 32)
#(277 11 0 9)
#(277 12 1 70)
#(277 13 1 18)
#(277 14 1 33)
#(277 15 0 65)
#(277 16 0 20)
#(277 17 0 89)
#(277 18 0 48)
#(277 19 0 8)
#(277 20 1 11)
#(277 21 0 42)
#(277 22 1 88)
#(277 23 0 90)
#(277 24 0 64)
#(277 25 0 8)
#(277 26 1 21)
#(277 27 0 24)
#(277 28 0 94)
#(277 29 0 1)
#(277 30 0 43)
#(277 31 0 70)
#(277 32 0 60)
#(277 33 0 36)
#(277 34 0 68)
#(277 35 0 55)
#(277 36 0 50)
#(277 37 1 94)
#(277 38 0 14)
#(277 39 0 77)
#(277 40 0 59)
#(277 41 0 58)
#(277 42 0 19)
#(277 43 0 21)
#(277 44 0 7)
#(277 45 0 94)
#(277 46 0 20)
#(277 47 1 50)
#(277 48 1 94)
#(277 49 0 40)
#(277 50 1 75)
#(277 51 1 68)
#(277 52 0 32)
#(277 53 0 62)
#(277 54 0 85)
#(277 55 1 3)
#(277 56 0 93)
#(277 57 1 43)
#(277 58 1 23)
#(277 59 1 36)
#(277 60 0 66)
#(277 61 0 3)
#(277 62 0 74)
#(277 63 0 76)
#(277 64 0 30)
#(277 65 0 65)
#(277 66 0 32)
#(277 67 0 90)
#(277 68 0 85)
#(277 69 1 28)
#(278 1 0 42)
#(278 2 0 97)
#(278 3 1 12)
#(278 4 0 6)
#(278 5 1 5)
#(278 6 0 14)
#(278 7 0 9)
#(278 8 1 29)
#(278 9 1 44)
#(278 10 0 93)
#(278 11 1 80)
#(278 12 1 33)
#(278 13 1 42)
#(278 14 1 2)
#(278 15 0 51)
#(278 16 0 56)
#(278 17 0 23)
#(278 18 0 79)
#(278 19 0 81)
#(278 20 1 29)
#(278 21 1 54)
#(278 22 1 27)
#(278 23 1 70)
#(278 24 1 72)
#(278 25 0 70)
#(278 26 0 47)
#(278 27 0 18)
#(278 28 1 6)
#(278 29 0 38)
#(278 30 0 49)
#(278 31 0 56)
#(278 32 0 26)
#(278 33 0 35)
#(278 34 1 76)
#(278 35 0 10)
#(278 36 0 41)
#(278 37 0 79)
#(278 38 1 90)
#(278 39 0 75)
#(278 40 1 51)
#(278 41 1 15)
#(278 42 0 78)
#(278 43 0 20)
#(278 44 1 71)
#(278 45 1 66)
#(278 46 0 7)
#(278 47 0 61)
#(278 48 0 7)
#(278 49 0 71)
#(278 50 0 42)
#(278 51 1 2)
#(278 52 0 35)
#(278 53 0 28)
#(278 54 1 20)
#(278 55 0 12)
#(278 56 1 95)
#(278 57 1 43)
#(278 58 0 18)
#(278 59 0 98)
#(278 60 0 62)
#(278 61 0 12)
#(278 62 1 97)
#(278 63 0 36)
#(278 64 0 37)
#(278 65 0 38)
#(278 66 1 96)
#(278 67 0 2)
#(278 68 0 48)
#(278 69 0 83)
#(279 1 0 86)
#(279 2 0 62)
#(279 3 1 76)
#(279 4 1 51)
#(279 5 0 38)
#(279 6 0 25)
#(279 7 0 61)
#(279 8 0 14)
#(279 9 1 44)
#(279 10 0 5)
#(279 11 0 60)
#(279 12 1 30)
#(279 13 0 62)
#(279 14 0 75)
#(279 15 1 61)
#(279 16 1 67)
#(279 17 0 20)
#(279 18 0 32)
#(279 19 0 8)
#(279 20 0 67)
#(279 21 1 24)
#(279 22 1 21)
#(279 23 1 50)
#(279 24 1 29)
#(279 25 0 82)
#(279 26 1 17)
#(279 27 0 58)
#(279 28 0 22)
#(279 29 1 18)
#(279 30 1 75)
#(279 31 0 58)
#(279 32 1 18)
#(279 33 1 0)
#(279 34 0 24)
#(279 35 0 74)
#(279 36 0 79)
#(279 37 0 89)
#(279 38 0 63)
#(279 39 0 49)
#(279 40 0 82)
#(279 41 1 2)
#(279 42 1 92)
#(279 43 1 34)
#(279 44 1 3)
#(279 45 1 48)
#(279 46 0 38)
#(279 47 0 3)
#(279 48 0 78)
#(279 49 0 4)
#(279 50 0 13)
#(279 51 0 37)
#(279 52 0 47)
#(279 53 0 10)
#(279 54 1 45)
#(279 55 0 91)
#(279 56 0 62)
#(279 57 0 54)
#(279 58 1 90)
#(279 59 0 6)
#(279 60 0 24)
#(279 61 0 19)
#(279 62 0 78)
#(279 63 0 79)
#(279 64 0 64)
#(279 65 0 41)
#(279 66 1 71)
#(279 67 0 69)
#(279 68 0 46)
#(279 69 0 11)
#(280 1 0 55)
#(280 2 0 91)
#(280 3 0 13)
#(280 4 0 79)
#(280 5 1 49)
#(280 6 0 44)
#(280 7 0 97)
#(280 8 1 39)
#(280 9 0 12)
#(280 10 0 48)
#(280 11 0 36)
#(280 12 1 39)
#(280 13 0 92)
#(280 14 0 63)
#(280 15 0 87)
#(280 16 0 62)
#(280 17 1 9)
#(280 18 0 49)
#(280 19 0 56)
#(280 20 0 12)
#(280 21 1 54)
#(280 22 0 12)
#(280 23 1 4)
#(280 24 0 58)
#(280 25 0 65)
#(280 26 0 62)
#(280 27 1 46)
#(280 28 0 19)
#(280 29 0 59)
#(280 30 0 68)
#(280 31 0 68)
#(280 32 0 36)
#(280 33 1 1)
#(280 34 0 45)
#(280 35 0 25)
#(280 36 1 96)
#(280 37 0 76)
#(280 38 0 63)
#(280 39 1 51)
#(280 40 0 38)
#(280 41 1 25)
#(280 42 0 4)
#(280 43 0 4)
#(280 44 0 24)
#(280 45 0 19)
#(280 46 1 5)
#(280 47 1 8)
#(280 48 1 65)
#(280 49 0 14)
#(280 50 0 76)
#(280 51 1 20)
#(280 52 0 81)
#(280 53 0 38)
#(280 54 0 36)
#(280 55 0 40)
#(280 56 0 66)
#(280 57 0 69)
#(280 58 1 80)
#(280 59 0 4)
#(280 60 0 39)
#(280 61 1 98)
#(280 62 0 7)
#(280 63 1 1)
#(280 64 1 70)
#(280 65 1 36)
#(280 66 0 78)
#(280 67 0 74)
#(280 68 0 30)
#(280 69 1 49)
#(281 1 0 1)
#(281 2 1 83)
#(281 3 0 54)
#(281 4 0 38)
#(281 5 0 37)
#(281 6 0 74)
#(281 7 0 55)
#(281 8 0 26)
#(281 9 0 35)
#(281 10 1 69)
#(281 11 0 83)
#(281 12 1 45)
#(281 13 0 91)
#(281 14 0 53)
#(281 15 0 8)
#(281 16 0 65)
#(281 17 0 13)
#(281 18 1 35)
#(281 19 0 57)
#(281 20 0 92)
#(281 21 1 37)
#(281 22 0 95)
#(281 23 1 36)
#(281 24 1 93)
#(281 25 0 26)
#(281 26 0 28)
#(281 27 0 40)
#(281 28 1 4)
#(281 29 1 14)
#(281 30 1 42)
#(281 31 0 77)
#(281 32 0 29)
#(281 33 0 11)
#(281 34 0 67)
#(281 35 1 88)
#(281 36 0 3)
#(281 37 0 50)
#(281 38 1 32)
#(281 39 1 20)
#(281 40 0 26)
#(281 41 0 14)
#(281 42 1 37)
#(281 43 1 71)
#(281 44 1 8)
#(281 45 0 88)
#(281 46 0 92)
#(281 47 0 82)
#(281 48 1 25)
#(281 49 0 23)
#(281 50 0 59)
#(281 51 0 64)
#(281 52 0 33)
#(281 53 0 7)
#(281 54 0 33)
#(281 55 0 28)
#(281 56 0 97)
#(281 57 0 72)
#(281 58 1 85)
#(281 59 0 61)
#(281 60 0 60)
#(281 61 0 94)
#(281 62 0 39)
#(281 63 0 36)
#(281 64 0 13)
#(281 65 0 21)
#(281 66 1 35)
#(281 67 1 28)
#(281 68 0 50)
#(281 69 1 73)
#(282 1 1 51)
#(282 2 0 11)
#(282 3 1 41)
#(282 4 0 52)
#(282 5 0 55)
#(282 6 1 5)
#(282 7 0 91)
#(282 8 0 58)
#(282 9 1 82)
#(282 10 0 90)
#(282 11 1 84)
#(282 12 0 79)
#(282 13 0 11)
#(282 14 0 11)
#(282 15 1 29)
#(282 16 0 85)
#(282 17 0 29)
#(282 18 0 94)
#(282 19 0 10)
#(282 20 0 21)
#(282 21 0 7)
#(282 22 1 32)
#(282 23 0 2)
#(282 24 0 73)
#(282 25 0 45)
#(282 26 0 21)
#(282 27 0 95)
#(282 28 0 86)
#(282 29 1 97)
#(282 30 1 76)
#(282 31 1 90)
#(282 32 1 93)
#(282 33 0 4)
#(282 34 1 71)
#(282 35 0 44)
#(282 36 1 3)
#(282 37 1 59)
#(282 38 0 36)
#(282 39 0 60)
#(282 40 0 45)
#(282 41 0 77)
#(282 42 0 83)
#(282 43 1 16)
#(282 44 0 53)
#(282 45 0 6)
#(282 46 1 93)
#(282 47 0 27)
#(282 48 0 81)
#(282 49 0 77)
#(282 50 0 84)
#(282 51 1 75)
#(282 52 0 26)
#(282 53 0 86)
#(282 54 0 56)
#(282 55 1 15)
#(282 56 0 30)
#(282 57 1 64)
#(282 58 0 94)
#(282 59 0 64)
#(282 60 1 77)
#(282 61 0 3)
#(282 62 0 3)
#(282 63 1 57)
#(282 64 1 91)
#(282 65 0 8)
#(282 66 0 60)
#(282 67 0 40)
#(282 68 0 64)
#(282 69 1 5)
#(283 1 0 79)
#(283 2 0 67)
#(283 3 0 21)
#(283 4 1 57)
#(283 5 1 77)
#(283 6 0 52)
#(283 7 1 12)
#(283 8 1 86)
#(283 9 1 98)
#(283 10 1 81)
#(283 11 0 20)
#(283 12 0 59)
#(283 13 0 40)
#(283 14 0 31)
#(283 15 1 94)
#(283 16 0 79)
#(283 17 1 87)
#(283 18 1 54)
#(283 19 1 8)
#(283 20 1 16)
#(283 21 0 33)
#(283 22 1 17)
#(283 23 0 77)
#(283 24 1 2)
#(283 25 1 18)
#(283 26 0 56)
#(283 27 1 22)
#(283 28 1 86)
#(283 29 0 45)
#(283 30 0 60)
#(283 31 0 29)
#(283 32 1 25)
#(283 33 0 21)
#(283 34 0 94)
#(283 35 0 91)
#(283 36 0 78)
#(283 37 1 76)
#(283 38 0 66)
#(283 39 0 89)
#(283 40 0 66)
#(283 41 0 39)
#(283 42 1 71)
#(283 43 0 81)
#(283 44 0 67)
#(283 45 0 55)
#(283 46 1 60)
#(283 47 0 88)
#(283 48 0 19)
#(283 49 1 97)
#(283 50 1 44)
#(283 51 0 80)
#(283 52 1 39)
#(283 53 1 4)
#(283 54 0 5)
#(283 55 1 22)
#(283 56 1 56)
#(283 57 0 80)
#(283 58 0 52)
#(283 59 1 4)
#(283 60 0 67)
#(283 61 0 16)
#(283 62 1 89)
#(283 63 1 35)
#(283 64 1 12)
#(283 65 1 43)
#(283 66 0 17)
#(283 67 1 24)
#(283 68 0 49)
#(283 69 0 19)
#(284 1 0 77)
#(284 2 1 83)
#(284 3 1 88)
#(284 4 0 20)
#(284 5 0 51)
#(284 6 0 56)
#(284 7 0 63)
#(284 8 0 54)
#(284 9 1 83)
#(284 10 0 47)
#(284 11 0 57)
#(284 12 0 73)
#(284 13 1 9)
#(284 14 0 45)
#(284 15 0 31)
#(284 16 0 86)
#(284 17 0 97)
#(284 18 1 45)
#(284 19 0 63)
#(284 20 0 13)
#(284 21 0 78)
#(284 22 0 45)
#(284 23 0 90)
#(284 24 0 31)
#(284 25 0 10)
#(284 26 0 60)
#(284 27 0 24)
#(284 28 0 90)
#(284 29 0 93)
#(284 30 0 98)
#(284 31 1 20)
#(284 32 0 55)
#(284 33 0 82)
#(284 34 0 65)
#(284 35 1 13)
#(284 36 1 26)
#(284 37 0 16)
#(284 38 1 32)
#(284 39 0 54)
#(284 40 1 94)
#(284 41 1 66)
#(284 42 0 39)
#(284 43 0 41)
#(284 44 0 36)
#(284 45 0 20)
#(284 46 1 34)
#(284 47 0 5)
#(284 48 1 1)
#(284 49 1 80)
#(284 50 0 70)
#(284 51 0 1)
#(284 52 1 65)
#(284 53 0 68)
#(284 54 0 89)
#(284 55 1 56)
#(284 56 0 80)
#(284 57 0 81)
#(284 58 0 29)
#(284 59 0 19)
#(284 60 1 48)
#(284 61 0 78)
#(284 62 0 85)
#(284 63 0 11)
#(284 64 0 40)
#(284 65 0 7)
#(284 66 0 34)
#(284 67 0 32)
#(284 68 1 36)
#(284 69 1 2)
#(285 1 0 2)
#(285 2 0 97)
#(285 3 0 1)
#(285 4 0 60)
#(285 5 1 33)
#(285 6 0 3)
#(285 7 0 84)
#(285 8 0 74)
#(285 9 1 57)
#(285 10 1 74)
#(285 11 0 67)
#(285 12 0 67)
#(285 13 0 11)
#(285 14 0 10)
#(285 15 0 81)
#(285 16 0 15)
#(285 17 1 88)
#(285 18 1 87)
#(285 19 0 83)
#(285 20 1 36)
#(285 21 0 57)
#(285 22 0 6)
#(285 23 0 48)
#(285 24 0 63)
#(285 25 0 49)
#(285 26 0 58)
#(285 27 0 60)
#(285 28 1 90)
#(285 29 1 73)
#(285 30 0 9)
#(285 31 1 61)
#(285 32 0 4)
#(285 33 0 95)
#(285 34 1 29)
#(285 35 1 11)
#(285 36 1 60)
#(285 37 0 1)
#(285 38 1 76)
#(285 39 0 70)
#(285 40 1 0)
#(285 41 0 67)
#(285 42 0 65)
#(285 43 0 1)
#(285 44 0 47)
#(285 45 1 0)
#(285 46 0 90)
#(285 47 0 6)
#(285 48 0 53)
#(285 49 0 92)
#(285 50 0 20)
#(285 51 1 95)
#(285 52 0 3)
#(285 53 0 7)
#(285 54 0 33)
#(285 55 0 6)
#(285 56 0 43)
#(285 57 0 77)
#(285 58 1 87)
#(285 59 0 80)
#(285 60 1 87)
#(285 61 1 56)
#(285 62 1 37)
#(285 63 0 10)
#(285 64 0 23)
#(285 65 0 44)
#(285 66 1 17)
#(285 67 0 62)
#(285 68 0 92)
#(285 69 0 44)
#(286 1 0 47)
#(286 2 1 85)
#(286 3 0 79)
#(286 4 1 49)
#(286 5 1 51)
#(286 6 0 11)
#(286 7 0 50)
#(286 8 1 49)
#(286 9 0 29)
#(286 10 0 6)
#(286 11 0 67)
#(286 12 1 81)
#(286 13 0 22)
#(286 14 0 63)
#(286 15 0 58)
#(286 16 0 74)
#(286 17 0 90)
#(286 18 0 74)
#(286 19 1 2)
#(286 20 1 32)
#(286 21 0 8)
#(286 22 0 17)
#(286 23 0 0)
#(286 24 0 56)
#(286 25 0 33)
#(286 26 0 74)
#(286 27 0 38)
#(286 28 0 59)
#(286 29 0 37)
#(286 30 1 97)
#(286 31 1 25)
#(286 32 0 37)
#(286 33 1 20)
#(286 34 0 90)
#(286 35 0 3)
#(286 36 0 33)
#(286 37 0 9)
#(286 38 1 44)
#(286 39 0 38)
#(286 40 0 30)
#(286 41 0 46)
#(286 42 0 29)
#(286 43 0 29)
#(286 44 0 5)
#(286 45 0 33)
#(286 46 1 77)
#(286 47 0 98)
#(286 48 1 10)
#(286 49 0 43)
#(286 50 1 30)
#(286 51 0 28)
#(286 52 0 25)
#(286 53 0 36)
#(286 54 0 36)
#(286 55 1 32)
#(286 56 1 91)
#(286 57 0 44)
#(286 58 1 47)
#(286 59 0 0)
#(286 60 0 46)
#(286 61 0 84)
#(286 62 0 85)
#(286 63 0 8)
#(286 64 0 7)
#(286 65 0 10)
#(286 66 0 52)
#(286 67 0 44)
#(286 68 0 43)
#(286 69 0 8)
#(287 1 1 42)
#(287 2 1 27)
#(287 3 1 78)
#(287 4 0 78)
#(287 5 0 72)
#(287 6 1 48)
#(287 7 0 52)
#(287 8 0 30)
#(287 9 0 77)
#(287 10 0 40)
#(287 11 0 44)
#(287 12 1 87)
#(287 13 0 74)
#(287 14 1 58)
#(287 15 1 27)
#(287 16 1 45)
#(287 17 1 78)
#(287 18 0 70)
#(287 19 0 96)
#(287 20 0 90)
#(287 21 0 58)
#(287 22 0 51)
#(287 23 1 33)
#(287 24 0 92)
#(287 25 0 83)
#(287 26 0 28)
#(287 27 0 33)
#(287 28 0 64)
#(287 29 0 19)
#(287 30 0 64)
#(287 31 0 51)
#(287 32 1 17)
#(287 33 0 29)
#(287 34 0 25)
#(287 35 0 25)
#(287 36 1 70)
#(287 37 0 89)
#(287 38 1 61)
#(287 39 0 57)
#(287 40 0 19)
#(287 41 1 58)
#(287 42 1 39)
#(287 43 0 58)
#(287 44 0 33)
#(287 45 1 74)
#(287 46 1 36)
#(287 47 0 90)
#(287 48 1 35)
#(287 49 0 3)
#(287 50 0 88)
#(287 51 0 14)
#(287 52 1 27)
#(287 53 0 39)
#(287 54 0 74)
#(287 55 1 35)
#(287 56 0 92)
#(287 57 1 15)
#(287 58 0 3)
#(287 59 0 70)
#(287 60 0 6)
#(287 61 0 13)
#(287 62 1 40)
#(287 63 0 77)
#(287 64 0 41)
#(287 65 0 20)
#(287 66 1 4)
#(287 67 0 51)
#(287 68 1 8)
#(287 69 0 12)
#(288 1 1 41)
#(288 2 0 12)
#(288 3 1 53)
#(288 4 1 20)
#(288 5 0 48)
#(288 6 0 67)
#(288 7 1 9)
#(288 8 0 13)
#(288 9 0 6)
#(288 10 1 3)
#(288 11 0 32)
#(288 12 0 63)
#(288 13 0 78)
#(288 14 0 12)
#(288 15 1 30)
#(288 16 1 12)
#(288 17 0 63)
#(288 18 0 34)
#(288 19 1 92)
#(288 20 0 70)
#(288 21 1 84)
#(288 22 1 97)
#(288 23 1 5)
#(288 24 0 48)
#(288 25 0 11)
#(288 26 0 98)
#(288 27 0 82)
#(288 28 0 57)
#(288 29 1 88)
#(288 30 1 72)
#(288 31 1 62)
#(288 32 1 4)
#(288 33 1 25)
#(288 34 1 17)
#(288 35 0 67)
#(288 36 0 28)
#(288 37 0 83)
#(288 38 1 35)
#(288 39 0 97)
#(288 40 0 75)
#(288 41 0 24)
#(288 42 0 67)
#(288 43 0 8)
#(288 44 0 9)
#(288 45 0 3)
#(288 46 0 27)
#(288 47 0 13)
#(288 48 0 1)
#(288 49 0 14)
#(288 50 0 90)
#(288 51 0 76)
#(288 52 0 41)
#(288 53 1 4)
#(288 54 0 94)
#(288 55 0 68)
#(288 56 0 83)
#(288 57 0 61)
#(288 58 0 93)
#(288 59 0 21)
#(288 60 0 74)
#(288 61 0 77)
#(288 62 0 43)
#(288 63 1 71)
#(288 64 0 37)
#(288 65 1 75)
#(288 66 0 51)
#(288 67 1 54)
#(288 68 0 12)
#(288 69 1 26)
#(289 1 0 9)
#(289 2 1 87)
#(289 3 0 55)
#(289 4 0 3)
#(289 5 1 3)
#(289 6 0 29)
#(289 7 0 0)
#(289 8 1 79)
#(289 9 0 37)
#(289 10 1 60)
#(289 11 0 74)
#(289 12 0 52)
#(289 13 0 77)
#(289 14 0 37)
#(289 15 1 69)
#(289 16 0 25)
#(289 17 0 43)
#(289 18 1 63)
#(289 19 1 83)
#(289 20 0 20)
#(289 21 0 3)
#(289 22 0 28)
#(289 23 0 75)
#(289 24 0 81)
#(289 25 0 85)
#(289 26 0 35)
#(289 27 0 92)
#(289 28 0 65)
#(289 29 0 69)
#(289 30 0 45)
#(289 31 1 75)
#(289 32 1 46)
#(289 33 0 82)
#(289 34 0 60)
#(289 35 0 89)
#(289 36 0 68)
#(289 37 0 71)
#(289 38 0 31)
#(289 39 1 63)
#(289 40 0 82)
#(289 41 0 50)
#(289 42 1 94)
#(289 43 1 10)
#(289 44 1 74)
#(289 45 1 39)
#(289 46 1 29)
#(289 47 0 34)
#(289 48 0 35)
#(289 49 0 47)
#(289 50 1 59)
#(289 51 0 17)
#(289 52 0 86)
#(289 53 0 25)
#(289 54 0 0)
#(289 55 0 50)
#(289 56 0 97)
#(289 57 0 47)
#(289 58 0 44)
#(289 59 1 87)
#(289 60 1 83)
#(289 61 1 26)
#(289 62 0 35)
#(289 63 0 44)
#(289 64 1 53)
#(289 65 0 83)
#(289 66 1 91)
#(289 67 0 13)
#(289 68 1 58)
#(289 69 0 35)
#(290 1 0 11)
#(290 2 0 62)
#(290 3 1 76)
#(290 4 0 24)
#(290 5 0 62)
#(290 6 0 75)
#(290 7 0 21)
#(290 8 1 72)
#(290 9 0 43)
#(290 10 1 48)
#(290 11 0 57)
#(290 12 0 84)
#(290 13 1 0)
#(290 14 1 80)
#(290 15 1 87)
#(290 16 1 29)
#(290 17 0 18)
#(290 18 1 9)
#(290 19 1 94)
#(290 20 1 83)
#(290 21 1 29)
#(290 22 1 25)
#(290 23 0 68)
#(290 24 0 17)
#(290 25 1 15)
#(290 26 0 27)
#(290 27 1 66)
#(290 28 0 85)
#(290 29 1 86)
#(290 30 0 40)
#(290 31 1 30)
#(290 32 1 30)
#(290 33 1 54)
#(290 34 0 93)
#(290 35 0 67)
#(290 36 1 12)
#(290 37 0 48)
#(290 38 0 51)
#(290 39 0 68)
#(290 40 0 42)
#(290 41 1 16)
#(290 42 0 91)
#(290 43 0 83)
#(290 44 1 85)
#(290 45 0 91)
#(290 46 0 38)
#(290 47 1 47)
#(290 48 0 92)
#(290 49 0 33)
#(290 50 0 44)
#(290 51 0 36)
#(290 52 1 60)
#(290 53 0 37)
#(290 54 1 69)
#(290 55 1 69)
#(290 56 0 53)
#(290 57 0 47)
#(290 58 0 14)
#(290 59 1 16)
#(290 60 1 47)
#(290 61 1 38)
#(290 62 1 76)
#(290 63 1 3)
#(290 64 0 69)
#(290 65 1 80)
#(290 66 0 15)
#(290 67 0 85)
#(290 68 0 26)
#(290 69 1 11)
#(291 1 1 65)
#(291 2 0 57)
#(291 3 1 7)
#(291 4 0 55)
#(291 5 0 65)
#(291 6 1 39)
#(291 7 0 25)
#(291 8 1 29)
#(291 9 0 92)
#(291 10 0 93)
#(291 11 0 71)
#(291 12 1 75)
#(291 13 0 12)
#(291 14 0 22)
#(291 15 1 87)
#(291 16 1 30)
#(291 17 0 52)
#(291 18 1 26)
#(291 19 0 61)
#(291 20 0 50)
#(291 21 0 87)
#(291 22 1 66)
#(291 23 1 70)
#(291 24 1 3)
#(291 25 0 48)
#(291 26 1 21)
#(291 27 1 72)
#(291 28 0 16)
#(291 29 0 86)
#(291 30 0 90)
#(291 31 0 38)
#(291 32 0 47)
#(291 33 1 57)
#(291 34 1 30)
#(291 35 1 86)
#(291 36 1 95)
#(291 37 0 71)
#(291 38 0 64)
#(291 39 0 55)
#(291 40 0 36)
#(291 41 0 82)
#(291 42 1 87)
#(291 43 0 88)
#(291 44 0 90)
#(291 45 1 48)
#(291 46 0 53)
#(291 47 0 75)
#(291 48 0 13)
#(291 49 1 93)
#(291 50 1 77)
#(291 51 0 97)
#(291 52 1 16)
#(291 53 0 69)
#(291 54 0 66)
#(291 55 1 89)
#(291 56 1 13)
#(291 57 1 62)
#(291 58 1 46)
#(291 59 1 18)
#(291 60 1 89)
#(291 61 1 51)
#(291 62 1 0)
#(291 63 0 91)
#(291 64 0 82)
#(291 65 0 65)
#(291 66 0 6)
#(291 67 0 40)
#(291 68 0 71)
#(291 69 0 16)
#(292 1 0 35)
#(292 2 0 49)
#(292 3 0 35)
#(292 4 1 3)
#(292 5 0 69)
#(292 6 1 47)
#(292 7 0 98)
#(292 8 1 1)
#(292 9 0 28)
#(292 10 0 13)
#(292 11 1 82)
#(292 12 1 55)
#(292 13 0 97)
#(292 14 1 2)
#(292 15 0 50)
#(292 16 0 83)
#(292 17 0 23)
#(292 18 0 87)
#(292 19 1 6)
#(292 20 1 85)
#(292 21 0 69)
#(292 22 0 20)
#(292 23 0 56)
#(292 24 0 28)
#(292 25 1 47)
#(292 26 1 47)
#(292 27 1 78)
#(292 28 1 44)
#(292 29 0 78)
#(292 30 0 77)
#(292 31 0 28)
#(292 32 1 40)
#(292 33 0 87)
#(292 34 0 78)
#(292 35 1 44)
#(292 36 0 45)
#(292 37 0 39)
#(292 38 1 74)
#(292 39 1 78)
#(292 40 0 89)
#(292 41 0 58)
#(292 42 1 75)
#(292 43 0 3)
#(292 44 0 18)
#(292 45 1 52)
#(292 46 0 63)
#(292 47 1 44)
#(292 48 1 49)
#(292 49 0 96)
#(292 50 0 26)
#(292 51 0 81)
#(292 52 0 53)
#(292 53 1 49)
#(292 54 0 34)
#(292 55 1 46)
#(292 56 0 36)
#(292 57 0 57)
#(292 58 1 52)
#(292 59 0 77)
#(292 60 0 1)
#(292 61 1 30)
#(292 62 0 94)
#(292 63 1 47)
#(292 64 0 71)
#(292 65 0 89)
#(292 66 0 11)
#(292 67 0 90)
#(292 68 0 72)
#(292 69 1 58)
#(293 1 0 83)
#(293 2 0 76)
#(293 3 0 96)
#(293 4 0 12)
#(293 5 0 55)
#(293 6 1 7)
#(293 7 1 79)
#(293 8 0 82)
#(293 9 1 21)
#(293 10 0 57)
#(293 11 0 0)
#(293 12 1 31)
#(293 13 0 11)
#(293 14 0 84)
#(293 15 1 4)
#(293 16 0 82)
#(293 17 1 80)
#(293 18 0 35)
#(293 19 1 44)
#(293 20 0 58)
#(293 21 1 34)
#(293 22 0 59)
#(293 23 0 57)
#(293 24 0 86)
#(293 25 0 28)
#(293 26 1 97)
#(293 27 1 7)
#(293 28 1 21)
#(293 29 1 40)
#(293 30 1 61)
#(293 31 0 11)
#(293 32 0 78)
#(293 33 0 66)
#(293 34 0 46)
#(293 35 0 71)
#(293 36 0 80)
#(293 37 0 18)
#(293 38 0 20)
#(293 39 1 86)
#(293 40 0 10)
#(293 41 0 83)
#(293 42 1 40)
#(293 43 0 22)
#(293 44 0 96)
#(293 45 1 80)
#(293 46 1 10)
#(293 47 0 34)
#(293 48 0 87)
#(293 49 1 2)
#(293 50 0 41)
#(293 51 0 43)
#(293 52 1 5)
#(293 53 0 17)
#(293 54 0 33)
#(293 55 0 44)
#(293 56 0 78)
#(293 57 0 45)
#(293 58 1 20)
#(293 59 0 16)
#(293 60 0 88)
#(293 61 0 28)
#(293 62 0 66)
#(293 63 0 74)
#(293 64 0 88)
#(293 65 0 8)
#(293 66 1 2)
#(293 67 0 68)
#(293 68 0 72)
#(293 69 0 82)
#(294 1 0 14)
#(294 2 0 80)
#(294 3 0 77)
#(294 4 0 77)
#(294 5 0 70)
#(294 6 0 24)
#(294 7 0 69)
#(294 8 0 19)
#(294 9 0 34)
#(294 10 0 82)
#(294 11 0 19)
#(294 12 0 35)
#(294 13 0 47)
#(294 14 1 43)
#(294 15 0 37)
#(294 16 1 66)
#(294 17 0 50)
#(294 18 0 10)
#(294 19 0 45)
#(294 20 0 47)
#(294 21 0 23)
#(294 22 0 69)
#(294 23 0 59)
#(294 24 0 85)
#(294 25 1 40)
#(294 26 0 5)
#(294 27 0 97)
#(294 28 0 27)
#(294 29 1 9)
#(294 30 0 11)
#(294 31 0 32)
#(294 32 1 29)
#(294 33 0 77)
#(294 34 0 76)
#(294 35 1 98)
#(294 36 1 16)
#(294 37 0 24)
#(294 38 1 27)
#(294 39 1 25)
#(294 40 0 86)
#(294 41 1 74)
#(294 42 0 37)
#(294 43 0 14)
#(294 44 1 21)
#(294 45 1 52)
#(294 46 0 98)
#(294 47 0 62)
#(294 48 0 58)
#(294 49 1 40)
#(294 50 1 60)
#(294 51 1 49)
#(294 52 0 10)
#(294 53 0 20)
#(294 54 0 92)
#(294 55 1 25)
#(294 56 1 68)
#(294 57 1 53)
#(294 58 0 42)
#(294 59 0 32)
#(294 60 0 41)
#(294 61 0 89)
#(294 62 0 70)
#(294 63 0 77)
#(294 64 0 28)
#(294 65 0 22)
#(294 66 0 62)
#(294 67 0 49)
#(294 68 0 96)
#(294 69 0 62)
#(295 1 0 83)
#(295 2 0 65)
#(295 3 0 92)
#(295 4 0 68)
#(295 5 0 66)
#(295 6 0 48)
#(295 7 0 27)
#(295 8 0 37)
#(295 9 0 54)
#(295 10 0 55)
#(295 11 0 72)
#(295 12 0 74)
#(295 13 1 23)
#(295 14 0 28)
#(295 15 0 35)
#(295 16 0 75)
#(295 17 0 49)
#(295 18 0 87)
#(295 19 0 5)
#(295 20 0 62)
#(295 21 0 24)
#(295 22 1 66)
#(295 23 0 57)
#(295 24 1 60)
#(295 25 0 84)
#(295 26 0 73)
#(295 27 1 96)
#(295 28 0 2)
#(295 29 1 28)
#(295 30 1 68)
#(295 31 1 26)
#(295 32 1 49)
#(295 33 1 18)
#(295 34 0 69)
#(295 35 0 71)
#(295 36 0 82)
#(295 37 1 79)
#(295 38 0 32)
#(295 39 0 5)
#(295 40 1 67)
#(295 41 0 21)
#(295 42 0 92)
#(295 43 0 8)
#(295 44 0 55)
#(295 45 0 38)
#(295 46 0 60)
#(295 47 0 41)
#(295 48 0 88)
#(295 49 1 41)
#(295 50 1 68)
#(295 51 0 44)
#(295 52 1 73)
#(295 53 0 1)
#(295 54 0 73)
#(295 55 0 87)
#(295 56 0 90)
#(295 57 0 85)
#(295 58 0 23)
#(295 59 0 79)
#(295 60 0 70)
#(295 61 1 15)
#(295 62 1 96)
#(295 63 1 60)
#(295 64 0 93)
#(295 65 0 90)
#(295 66 1 63)
#(295 67 1 4)
#(295 68 1 40)
#(295 69 0 7)
#(296 1 0 19)
#(296 2 0 60)
#(296 3 0 14)
#(296 4 0 69)
#(296 5 0 7)
#(296 6 0 31)
#(296 7 0 28)
#(296 8 1 68)
#(296 9 0 60)
#(296 10 0 69)
#(296 11 0 94)
#(296 12 0 39)
#(296 13 0 47)
#(296 14 0 29)
#(296 15 0 45)
#(296 16 1 84)
#(296 17 1 2)
#(296 18 0 87)
#(296 19 0 89)
#(296 20 0 65)
#(296 21 1 81)
#(296 22 1 55)
#(296 23 0 51)
#(296 24 0 93)
#(296 25 1 34)
#(296 26 1 82)
#(296 27 0 14)
#(296 28 1 96)
#(296 29 0 20)
#(296 30 1 47)
#(296 31 1 84)
#(296 32 0 8)
#(296 33 0 51)
#(296 34 0 65)
#(296 35 0 98)
#(296 36 0 60)
#(296 37 0 64)
#(296 38 0 42)
#(296 39 0 21)
#(296 40 0 40)
#(296 41 0 7)
#(296 42 0 18)
#(296 43 0 92)
#(296 44 1 38)
#(296 45 0 24)
#(296 46 0 1)
#(296 47 0 97)
#(296 48 0 16)
#(296 49 1 76)
#(296 50 0 24)
#(296 51 0 11)
#(296 52 1 61)
#(296 53 0 5)
#(296 54 1 67)
#(296 55 0 39)
#(296 56 0 62)
#(296 57 1 19)
#(296 58 0 95)
#(296 59 0 31)
#(296 60 0 77)
#(296 61 1 86)
#(296 62 1 4)
#(296 63 0 53)
#(296 64 0 3)
#(296 65 0 22)
#(296 66 1 79)
#(296 67 0 70)
#(296 68 0 83)
#(296 69 0 73)
#(297 1 1 67)
#(297 2 0 3)
#(297 3 0 6)
#(297 4 0 80)
#(297 5 1 0)
#(297 6 0 3)
#(297 7 0 36)
#(297 8 0 3)
#(297 9 1 17)
#(297 10 1 65)
#(297 11 1 60)
#(297 12 0 29)
#(297 13 0 65)
#(297 14 1 94)
#(297 15 1 64)
#(297 16 0 13)
#(297 17 1 79)
#(297 18 0 27)
#(297 19 1 75)
#(297 20 0 41)
#(297 21 1 47)
#(297 22 0 80)
#(297 23 0 62)
#(297 24 1 28)
#(297 25 1 3)
#(297 26 0 91)
#(297 27 0 33)
#(297 28 1 63)
#(297 29 0 8)
#(297 30 1 97)
#(297 31 0 40)
#(297 32 1 16)
#(297 33 0 77)
#(297 34 0 78)
#(297 35 0 36)
#(297 36 0 37)
#(297 37 0 30)
#(297 38 0 39)
#(297 39 1 39)
#(297 40 1 5)
#(297 41 0 8)
#(297 42 1 60)
#(297 43 0 29)
#(297 44 1 47)
#(297 45 1 93)
#(297 46 1 21)
#(297 47 0 56)
#(297 48 0 82)
#(297 49 1 58)
#(297 50 0 57)
#(297 51 1 95)
#(297 52 0 74)
#(297 53 1 71)
#(297 54 0 60)
#(297 55 0 41)
#(297 56 0 5)
#(297 57 1 17)
#(297 58 1 78)
#(297 59 0 41)
#(297 60 0 61)
#(297 61 1 71)
#(297 62 1 95)
#(297 63 0 35)
#(297 64 0 94)
#(297 65 0 35)
#(297 66 1 95)
#(297 67 1 27)
#(297 68 0 6)
#(297 69 0 34)
#(298 1 1 20)
#(298 2 1 88)
#(298 3 1 6)
#(298 4 1 45)
#(298 5 1 70)
#(298 6 0 23)
#(298 7 0 51)
#(298 8 1 48)
#(298 9 0 1)
#(298 10 1 71)
#(298 11 0 68)
#(298 12 1 76)
#(298 13 1 94)
#(298 14 1 66)
#(298 15 1 34)
#(298 16 0 64)
#(298 17 0 88)
#(298 18 1 47)
#(298 19 1 72)
#(298 20 0 95)
#(298 21 0 90)
#(298 22 1 77)
#(298 23 1 97)
#(298 24 0 19)
#(298 25 0 69)
#(298 26 0 1)
#(298 27 1 25)
#(298 28 1 57)
#(298 29 1 85)
#(298 30 0 47)
#(298 31 0 8)
#(298 32 0 79)
#(298 33 1 92)
#(298 34 1 19)
#(298 35 1 93)
#(298 36 1 48)
#(298 37 1 76)
#(298 38 1 2)
#(298 39 0 0)
#(298 40 0 90)
#(298 41 0 78)
#(298 42 0 79)
#(298 43 0 42)
#(298 44 0 47)
#(298 45 1 27)
#(298 46 1 19)
#(298 47 0 57)
#(298 48 1 81)
#(298 49 1 3)
#(298 50 0 83)
#(298 51 1 2)
#(298 52 0 30)
#(298 53 0 73)
#(298 54 0 37)
#(298 55 1 14)
#(298 56 1 46)
#(298 57 0 89)
#(298 58 0 46)
#(298 59 0 28)
#(298 60 0 14)
#(298 61 0 26)
#(298 62 0 94)
#(298 63 0 4)
#(298 64 0 35)
#(298 65 1 84)
#(298 66 0 33)
#(298 67 1 59)
#(298 68 0 4)
#(298 69 1 95)
#(299 1 1 81)
#(299 2 0 13)
#(299 3 0 93)
#(299 4 0 74)
#(299 5 0 96)
#(299 6 0 63)
#(299 7 1 74)
#(299 8 1 94)
#(299 9 1 90)
#(299 10 0 18)
#(299 11 0 54)
#(299 12 0 70)
#(299 13 0 56)
#(299 14 0 31)
#(299 15 0 39)
#(299 16 0 60)
#(299 17 1 11)
#(299 18 0 97)
#(299 19 0 57)
#(299 20 0 89)
#(299 21 1 31)
#(299 22 0 71)
#(299 23 1 44)
#(299 24 0 29)
#(299 25 1 88)
#(299 26 1 59)
#(299 27 1 59)
#(299 28 1 89)
#(299 29 0 12)
#(299 30 0 8)
#(299 31 0 14)
#(299 32 1 55)
#(299 33 1 53)
#(299 34 0 25)
#(299 35 0 58)
#(299 36 0 39)
#(299 37 0 25)
#(299 38 0 67)
#(299 39 1 42)
#(299 40 0 34)
#(299 41 0 85)
#(299 42 1 53)
#(299 43 0 42)
#(299 44 0 31)
#(299 45 0 50)
#(299 46 0 37)
#(299 47 0 82)
#(299 48 0 92)
#(299 49 0 74)
#(299 50 0 0)
#(299 51 1 35)
#(299 52 0 83)
#(299 53 1 64)
#(299 54 0 18)
#(299 55 1 0)
#(299 56 0 53)
#(299 57 1 82)
#(299 58 1 49)
#(299 59 0 4)
#(299 60 1 62)
#(299 61 1 36)
#(299 62 1 89)
#(299 63 1 79)
#(299 64 1 80)
#(299 65 1 26)
#(299 66 0 65)
#(299 67 0 51)
#(299 68 0 39)
#(299 69 1 9)
#(300 1 1 87)
#(300 2 0 13)
#(300 3 0 59)
#(300 4 0 44)
#(300 5 0 27)
#(300 6 0 0)
#(300 7 1 67)
#(300 8 1 12)
#(300 9 0 37)
#(300 10 1 96)
#(300 11 0 85)
#(300 12 0 91)
#(300 13 0 74)
#(300 14 0 47)
#(300 15 0 20)
#(300 16 0 22)
#(300 17 0 6)
#(300 18 0 12)
#(300 19 0 43)
#(300 20 0 4)
#(300 21 1 72)
#(300 22 0 52)
#(300 23 0 55)
#(300 24 0 51)
#(300 25 0 68)
#(300 26 0 89)
#(300 27 0 19)
#(300 28 1 2)
#(300 29 1 54)
#(300 30 0 74)
#(300 31 1 71)
#(300 32 0 21)
#(300 33 0 97)
#(300 34 1 62)
#(300 35 1 62)
#(300 36 0 45)
#(300 37 0 10)
#(300 38 0 76)
#(300 39 1 86)
#(300 40 0 72)
#(300 41 0 13)
#(300 42 0 57)
#(300 43 0 5)
#(300 44 0 48)
#(300 45 0 43)
#(300 46 0 75)
#(300 47 0 50)
#(300 48 0 2)
#(300 49 0 57)
#(300 50 0 88)
#(300 51 1 91)
#(300 52 1 17)
#(300 53 0 0)
#(300 54 0 75)
#(300 55 1 65)
#(300 56 0 35)
#(300 57 0 5)
#(300 58 0 53)
#(300 59 0 80)
#(300 60 1 65)
#(300 61 1 34)
#(300 62 0 50)
#(300 63 0 92)
#(300 64 0 77)
#(300 65 0 76)
#(300 66 0 35)
#(300 67 1 33)
#(300 68 0 34)
#(300 69 0 88)
#(301 1 0 39)
#(301 2 0 47)
#(301 3 1 88)
#(301 4 0 54)
#(301 5 0 68)
#(301 6 0 74)
#(301 7 1 10)
#(301 8 1 82)
#(301 9 1 65)
#(301 10 0 26)
#(301 11 0 93)
#(301 12 1 9)
#(301 13 1 32)
#(301 14 0 26)
#(301 15 0 12)
#(301 16 0 41)
#(301 17 1 19)
#(301 18 0 18)
#(301 19 0 13)
#(301 20 0 64)
#(301 21 1 47)
#(301 22 0 13)
#(301 23 0 8)
#(301 24 1 22)
#(301 25 1 43)
#(301 26 0 79)
#(301 27 1 66)
#(301 28 0 3)
#(301 29 0 23)
#(301 30 1 15)
#(301 31 0 75)
#(301 32 0 2)
#(301 33 0 12)
#(301 34 0 90)
#(301 35 1 8)
#(301 36 1 42)
#(301 37 1 72)
#(301 38 0 10)
#(301 39 1 4)
#(301 40 0 42)
#(301 41 0 6)
#(301 42 0 23)
#(301 43 0 78)
#(301 44 0 61)
#(301 45 0 77)
#(301 46 0 23)
#(301 47 1 17)
#(301 48 1 50)
#(301 49 1 9)
#(301 50 0 67)
#(301 51 0 78)
#(301 52 0 62)
#(301 53 0 87)
#(301 54 0 88)
#(301 55 0 70)
#(301 56 1 83)
#(301 57 0 92)
#(301 58 0 18)
#(301 59 0 14)
#(301 60 0 72)
#(301 61 1 74)
#(301 62 0 79)
#(301 63 0 24)
#(301 64 1 91)
#(301 65 0 56)
#(301 66 0 17)
#(301 67 0 61)
#(301 68 1 36)
#(301 69 0 87)
#(302 1 0 73)
#(302 2 1 26)
#(302 3 0 81)
#(302 4 0 32)
#(302 5 0 88)
#(302 6 1 48)
#(302 7 1 65)
#(302 8 0 69)
#(302 9 0 49)
#(302 10 0 42)
#(302 11 0 34)
#(302 12 0 88)
#(302 13 0 26)
#(302 14 1 53)
#(302 15 0 17)
#(302 16 0 36)
#(302 17 0 28)
#(302 18 0 13)
#(302 19 0 37)
#(302 20 1 86)
#(302 21 0 9)
#(302 22 1 68)
#(302 23 1 40)
#(302 24 0 26)
#(302 25 0 25)
#(302 26 0 30)
#(302 27 0 95)
#(302 28 1 63)
#(302 29 0 65)
#(302 30 0 80)
#(302 31 1 11)
#(302 32 1 69)
#(302 33 1 55)
#(302 34 0 75)
#(302 35 1 34)
#(302 36 0 53)
#(302 37 0 11)
#(302 38 0 59)
#(302 39 0 23)
#(302 40 0 47)
#(302 41 0 17)
#(302 42 1 37)
#(302 43 0 8)
#(302 44 1 75)
#(302 45 0 19)
#(302 46 1 65)
#(302 47 0 39)
#(302 48 1 18)
#(302 49 0 44)
#(302 50 0 11)
#(302 51 0 80)
#(302 52 0 43)
#(302 53 0 5)
#(302 54 0 12)
#(302 55 1 90)
#(302 56 1 53)
#(302 57 1 4)
#(302 58 0 67)
#(302 59 0 48)
#(302 60 0 73)
#(302 61 1 39)
#(302 62 0 39)
#(302 63 1 93)
#(302 64 0 4)
#(302 65 0 82)
#(302 66 1 11)
#(302 67 1 0)
#(302 68 0 5)
#(302 69 0 22)
#(303 1 1 2)
#(303 2 0 22)
#(303 3 1 69)
#(303 4 1 80)
#(303 5 0 82)
#(303 6 1 60)
#(303 7 0 48)
#(303 8 1 62)
#(303 9 1 52)
#(303 10 0 44)
#(303 11 0 74)
#(303 12 0 11)
#(303 13 1 76)
#(303 14 1 44)
#(303 15 0 34)
#(303 16 1 69)
#(303 17 0 91)
#(303 18 0 26)
#(303 19 0 56)
#(303 20 0 72)
#(303 21 1 78)
#(303 22 0 16)
#(303 23 0 29)
#(303 24 0 43)
#(303 25 0 22)
#(303 26 0 46)
#(303 27 1 8)
#(303 28 1 49)
#(303 29 1 32)
#(303 30 0 57)
#(303 31 1 27)
#(303 32 0 13)
#(303 33 1 97)
#(303 34 0 86)
#(303 35 0 53)
#(303 36 0 43)
#(303 37 0 4)
#(303 38 0 53)
#(303 39 0 52)
#(303 40 1 64)
#(303 41 0 89)
#(303 42 0 89)
#(303 43 0 40)
#(303 44 1 56)
#(303 45 1 1)
#(303 46 1 64)
#(303 47 0 19)
#(303 48 0 61)
#(303 49 0 85)
#(303 50 0 88)
#(303 51 0 64)
#(303 52 0 66)
#(303 53 1 55)
#(303 54 0 59)
#(303 55 1 38)
#(303 56 0 50)
#(303 57 1 11)
#(303 58 0 59)
#(303 59 1 79)
#(303 60 0 71)
#(303 61 0 88)
#(303 62 0 5)
#(303 63 0 66)
#(303 64 0 88)
#(303 65 0 28)
#(303 66 0 60)
#(303 67 1 48)
#(303 68 0 97)
#(303 69 0 10)
#(304 1 0 39)
#(304 2 1 36)
#(304 3 1 59)
#(304 4 0 49)
#(304 5 0 33)
#(304 6 0 38)
#(304 7 0 82)
#(304 8 0 24)
#(304 9 0 90)
#(304 10 1 15)
#(304 11 0 47)
#(304 12 1 87)
#(304 13 1 98)
#(304 14 0 66)
#(304 15 0 2)
#(304 16 1 40)
#(304 17 0 12)
#(304 18 0 79)
#(304 19 1 90)
#(304 20 1 10)
#(304 21 0 80)
#(304 22 1 50)
#(304 23 1 75)
#(304 24 0 12)
#(304 25 1 22)
#(304 26 0 7)
#(304 27 0 34)
#(304 28 0 74)
#(304 29 1 10)
#(304 30 0 24)
#(304 31 1 87)
#(304 32 1 58)
#(304 33 1 7)
#(304 34 0 11)
#(304 35 0 55)
#(304 36 1 75)
#(304 37 0 19)
#(304 38 0 8)
#(304 39 0 12)
#(304 40 1 35)
#(304 41 0 9)
#(304 42 0 82)
#(304 43 1 33)
#(304 44 0 15)
#(304 45 1 27)
#(304 46 0 67)
#(304 47 1 98)
#(304 48 1 51)
#(304 49 0 87)
#(304 50 1 17)
#(304 51 1 71)
#(304 52 1 81)
#(304 53 0 57)
#(304 54 1 79)
#(304 55 0 95)
#(304 56 0 74)
#(304 57 0 63)
#(304 58 0 17)
#(304 59 1 16)
#(304 60 1 0)
#(304 61 0 55)
#(304 62 0 88)
#(304 63 1 0)
#(304 64 0 41)
#(304 65 1 58)
#(304 66 0 31)
#(304 67 1 18)
#(304 68 0 90)
#(304 69 0 94)
#(305 1 1 53)
#(305 2 1 53)
#(305 3 0 82)
#(305 4 0 93)
#(305 5 1 46)
#(305 6 1 25)
#(305 7 0 47)
#(305 8 0 84)
#(305 9 1 70)
#(305 10 0 34)
#(305 11 0 34)
#(305 12 0 19)
#(305 13 0 48)
#(305 14 1 15)
#(305 15 0 14)
#(305 16 1 17)
#(305 17 1 59)
#(305 18 0 13)
#(305 19 0 68)
#(305 20 0 69)
#(305 21 1 34)
#(305 22 0 3)
#(305 23 1 39)
#(305 24 1 28)
#(305 25 0 40)
#(305 26 0 70)
#(305 27 1 1)
#(305 28 0 95)
#(305 29 0 8)
#(305 30 1 68)
#(305 31 1 23)
#(305 32 0 42)
#(305 33 0 17)
#(305 34 0 96)
#(305 35 0 32)
#(305 36 0 88)
#(305 37 0 30)
#(305 38 1 14)
#(305 39 0 82)
#(305 40 0 39)
#(305 41 0 78)
#(305 42 1 16)
#(305 43 1 37)
#(305 44 0 12)
#(305 45 0 81)
#(305 46 0 28)
#(305 47 1 15)
#(305 48 0 63)
#(305 49 1 58)
#(305 50 0 9)
#(305 51 1 18)
#(305 52 1 11)
#(305 53 0 62)
#(305 54 1 12)
#(305 55 0 29)
#(305 56 0 46)
#(305 57 1 24)
#(305 58 0 29)
#(305 59 0 66)
#(305 60 0 47)
#(305 61 0 40)
#(305 62 0 19)
#(305 63 0 64)
#(305 64 0 41)
#(305 65 0 82)
#(305 66 0 36)
#(305 67 1 23)
#(305 68 0 4)
#(305 69 1 25)
#(306 1 0 88)
#(306 2 0 30)
#(306 3 0 63)
#(306 4 1 32)
#(306 5 0 85)
#(306 6 0 14)
#(306 7 0 30)
#(306 8 0 24)
#(306 9 0 87)
#(306 10 0 29)
#(306 11 1 97)
#(306 12 0 81)
#(306 13 0 48)
#(306 14 1 8)
#(306 15 0 46)
#(306 16 0 3)
#(306 17 1 83)
#(306 18 1 51)
#(306 19 1 24)
#(306 20 1 35)
#(306 21 1 57)
#(306 22 0 23)
#(306 23 0 15)
#(306 24 1 76)
#(306 25 1 19)
#(306 26 0 45)
#(306 27 1 54)
#(306 28 0 97)
#(306 29 0 9)
#(306 30 0 73)
#(306 31 1 46)
#(306 32 0 81)
#(306 33 1 66)
#(306 34 1 14)
#(306 35 1 94)
#(306 36 0 58)
#(306 37 0 39)
#(306 38 1 49)
#(306 39 0 3)
#(306 40 0 7)
#(306 41 1 63)
#(306 42 0 76)
#(306 43 0 73)
#(306 44 0 56)
#(306 45 0 83)
#(306 46 0 43)
#(306 47 0 17)
#(306 48 0 6)
#(306 49 1 77)
#(306 50 0 7)
#(306 51 1 0)
#(306 52 0 31)
#(306 53 0 81)
#(306 54 0 92)
#(306 55 1 39)
#(306 56 0 96)
#(306 57 0 41)
#(306 58 0 44)
#(306 59 0 42)
#(306 60 0 24)
#(306 61 1 67)
#(306 62 1 97)
#(306 63 1 70)
#(306 64 1 20)
#(306 65 1 53)
#(306 66 0 14)
#(306 67 0 35)
#(306 68 0 57)
#(306 69 0 82)
#(307 1 0 10)
#(307 2 0 57)
#(307 3 0 36)
#(307 4 0 54)
#(307 5 1 22)
#(307 6 1 64)
#(307 7 0 45)
#(307 8 1 91)
#(307 9 1 30)
#(307 10 0 61)
#(307 11 1 50)
#(307 12 0 95)
#(307 13 0 17)
#(307 14 0 91)
#(307 15 0 79)
#(307 16 0 80)
#(307 17 0 56)
#(307 18 0 0)
#(307 19 1 19)
#(307 20 1 77)
#(307 21 0 12)
#(307 22 1 94)
#(307 23 0 9)
#(307 24 0 72)
#(307 25 0 47)
#(307 26 1 55)
#(307 27 0 75)
#(307 28 0 33)
#(307 29 0 22)
#(307 30 0 64)
#(307 31 0 6)
#(307 32 0 4)
#(307 33 0 21)
#(307 34 1 81)
#(307 35 0 55)
#(307 36 0 56)
#(307 37 0 69)
#(307 38 1 69)
#(307 39 0 84)
#(307 40 0 25)
#(307 41 0 86)
#(307 42 0 50)
#(307 43 0 41)
#(307 44 0 28)
#(307 45 0 44)
#(307 46 0 76)
#(307 47 0 24)
#(307 48 0 27)
#(307 49 0 84)
#(307 50 0 35)
#(307 51 0 41)
#(307 52 1 76)
#(307 53 0 29)
#(307 54 0 95)
#(307 55 0 91)
#(307 56 0 16)
#(307 57 1 86)
#(307 58 0 8)
#(307 59 1 59)
#(307 60 0 71)
#(307 61 0 30)
#(307 62 0 84)
#(307 63 1 85)
#(307 64 0 76)
#(307 65 1 67)
#(307 66 1 0)
#(307 67 0 51)
#(307 68 1 53)
#(307 69 1 71)
#(308 1 0 30)
#(308 2 1 44)
#(308 3 1 95)
#(308 4 0 70)
#(308 5 0 56)
#(308 6 1 46)
#(308 7 0 26)
#(308 8 1 38)
#(308 9 0 98)
#(308 10 0 76)
#(308 11 0 49)
#(308 12 1 8)
#(308 13 1 87)
#(308 14 0 91)
#(308 15 1 86)
#(308 16 1 85)
#(308 17 1 11)
#(308 18 1 23)
#(308 19 1 58)
#(308 20 0 83)
#(308 21 0 88)
#(308 22 1 54)
#(308 23 0 56)
#(308 24 1 42)
#(308 25 0 87)
#(308 26 0 46)
#(308 27 1 80)
#(308 28 1 23)
#(308 29 0 89)
#(308 30 0 69)
#(308 31 0 33)
#(308 32 0 78)
#(308 33 0 85)
#(308 34 1 19)
#(308 35 1 83)
#(308 36 1 41)
#(308 37 0 41)
#(308 38 1 40)
#(308 39 0 3)
#(308 40 0 13)
#(308 41 1 95)
#(308 42 1 40)
#(308 43 0 20)
#(308 44 1 3)
#(308 45 1 73)
#(308 46 0 21)
#(308 47 1 45)
#(308 48 0 82)
#(308 49 0 92)
#(308 50 0 15)
#(308 51 0 5)
#(308 52 0 34)
#(308 53 1 64)
#(308 54 1 25)
#(308 55 0 52)
#(308 56 0 8)
#(308 57 0 46)
#(308 58 0 79)
#(308 59 0 58)
#(308 60 0 94)
#(308 61 0 8)
#(308 62 0 62)
#(308 63 0 30)
#(308 64 1 3)
#(308 65 1 40)
#(308 66 0 34)
#(308 67 0 65)
#(308 68 0 40)
#(308 69 0 70)
#(309 1 1 87)
#(309 2 0 48)
#(309 3 0 43)
#(309 4 1 57)
#(309 5 0 47)
#(309 6 0 67)
#(309 7 0 6)
#(309 8 0 80)
#(309 9 0 2)
#(309 10 1 74)
#(309 11 0 66)
#(309 12 0 26)
#(309 13 1 19)
#(309 14 0 94)
#(309 15 0 1)
#(309 16 0 83)
#(309 17 0 59)
#(309 18 1 90)
#(309 19 1 80)
#(309 20 1 36)
#(309 21 1 26)
#(309 22 0 86)
#(309 23 1 5)
#(309 24 0 52)
#(309 25 0 62)
#(309 26 1 88)
#(309 27 0 11)
#(309 28 0 69)
#(309 29 1 89)
#(309 30 0 74)
#(309 31 1 96)
#(309 32 0 53)
#(309 33 0 44)
#(309 34 0 84)
#(309 35 1 86)
#(309 36 0 3)
#(309 37 0 33)
#(309 38 1 18)
#(309 39 1 49)
#(309 40 0 90)
#(309 41 0 73)
#(309 42 1 14)
#(309 43 0 76)
#(309 44 0 81)
#(309 45 1 24)
#(309 46 0 24)
#(309 47 1 89)
#(309 48 0 81)
#(309 49 1 38)
#(309 50 1 75)
#(309 51 0 10)
#(309 52 0 73)
#(309 53 1 12)
#(309 54 1 78)
#(309 55 0 92)
#(309 56 0 47)
#(309 57 0 77)
#(309 58 0 54)
#(309 59 1 38)
#(309 60 0 39)
#(309 61 1 19)
#(309 62 1 78)
#(309 63 1 64)
#(309 64 0 7)
#(309 65 0 83)
#(309 66 1 33)
#(309 67 0 34)
#(309 68 0 86)
#(309 69 1 26)
#(310 1 0 52)
#(310 2 0 32)
#(310 3 1 19)
#(310 4 0 93)
#(310 5 0 71)
#(310 6 0 32)
#(310 7 0 6)
#(310 8 0 77)
#(310 9 1 86)
#(310 10 1 40)
#(310 11 0 5)
#(310 12 1 19)
#(310 13 0 21)
#(310 14 0 46)
#(310 15 0 84)
#(310 16 0 98)
#(310 17 0 6)
#(310 18 0 36)
#(310 19 0 45)
#(310 20 0 10)
#(310 21 1 94)
#(310 22 0 34)
#(310 23 0 54)
#(310 24 0 73)
#(310 25 0 90)
#(310 26 0 76)
#(310 27 0 45)
#(310 28 1 54)
#(310 29 0 15)
#(310 30 0 80)
#(310 31 0 31)
#(310 32 0 64)
#(310 33 0 98)
#(310 34 1 3)
#(310 35 0 91)
#(310 36 0 24)
#(310 37 0 6)
#(310 38 1 29)
#(310 39 1 33)
#(310 40 0 41)
#(310 41 0 45)
#(310 42 1 49)
#(310 43 0 64)
#(310 44 0 55)
#(310 45 0 10)
#(310 46 1 79)
#(310 47 0 98)
#(310 48 1 64)
#(310 49 1 56)
#(310 50 1 6)
#(310 51 1 68)
#(310 52 1 10)
#(310 53 0 34)
#(310 54 0 27)
#(310 55 1 36)
#(310 56 0 43)
#(310 57 0 98)
#(310 58 1 28)
#(310 59 1 95)
#(310 60 0 51)
#(310 61 0 70)
#(310 62 1 25)
#(310 63 0 78)
#(310 64 0 46)
#(310 65 0 45)
#(310 66 0 72)
#(310 67 0 39)
#(310 68 0 42)
#(310 69 1 26)
#(311 1 1 76)
#(311 2 0 21)
#(311 3 0 63)
#(311 4 0 26)
#(311 5 1 13)
#(311 6 0 14)
#(311 7 0 38)
#(311 8 0 76)
#(311 9 0 97)
#(311 10 1 67)
#(311 11 0 16)
#(311 12 0 2)
#(311 13 1 42)
#(311 14 1 60)
#(311 15 0 39)
#(311 16 0 24)
#(311 17 1 18)
#(311 18 0 19)
#(311 19 1 82)
#(311 20 0 22)
#(311 21 0 83)
#(311 22 0 37)
#(311 23 1 23)
#(311 24 0 8)
#(311 25 0 92)
#(311 26 0 73)
#(311 27 0 91)
#(311 28 0 73)
#(311 29 0 60)
#(311 30 1 15)
#(311 31 1 70)
#(311 32 1 22)
#(311 33 0 45)
#(311 34 1 10)
#(311 35 0 75)
#(311 36 0 38)
#(311 37 1 98)
#(311 38 1 47)
#(311 39 1 56)
#(311 40 0 22)
#(311 41 1 74)
#(311 42 1 3)
#(311 43 1 11)
#(311 44 0 3)
#(311 45 1 55)
#(311 46 0 71)
#(311 47 0 73)
#(311 48 0 31)
#(311 49 0 95)
#(311 50 0 74)
#(311 51 0 83)
#(311 52 0 92)
#(311 53 0 11)
#(311 54 1 62)
#(311 55 0 0)
#(311 56 1 77)
#(311 57 0 83)
#(311 58 1 65)
#(311 59 0 38)
#(311 60 0 28)
#(311 61 1 50)
#(311 62 0 43)
#(311 63 0 41)
#(311 64 1 19)
#(311 65 0 51)
#(311 66 0 14)
#(311 67 1 21)
#(311 68 0 15)
#(311 69 0 37)
#(312 1 1 31)
#(312 2 1 92)
#(312 3 1 45)
#(312 4 0 79)
#(312 5 1 51)
#(312 6 1 21)
#(312 7 0 32)
#(312 8 1 52)
#(312 9 1 69)
#(312 10 1 20)
#(312 11 1 58)
#(312 12 0 77)
#(312 13 1 58)
#(312 14 0 54)
#(312 15 1 65)
#(312 16 0 37)
#(312 17 0 74)
#(312 18 1 45)
#(312 19 1 66)
#(312 20 0 45)
#(312 21 0 41)
#(312 22 0 59)
#(312 23 0 0)
#(312 24 0 82)
#(312 25 1 92)
#(312 26 0 75)
#(312 27 0 54)
#(312 28 0 59)
#(312 29 0 28)
#(312 30 0 5)
#(312 31 1 87)
#(312 32 1 47)
#(312 33 0 54)
#(312 34 0 34)
#(312 35 0 2)
#(312 36 0 14)
#(312 37 1 80)
#(312 38 1 11)
#(312 39 0 28)
#(312 40 1 85)
#(312 41 0 69)
#(312 42 0 67)
#(312 43 1 78)
#(312 44 0 81)
#(312 45 1 88)
#(312 46 0 37)
#(312 47 0 44)
#(312 48 0 31)
#(312 49 1 91)
#(312 50 0 31)
#(312 51 0 23)
#(312 52 0 70)
#(312 53 0 81)
#(312 54 0 11)
#(312 55 0 42)
#(312 56 0 69)
#(312 57 0 65)
#(312 58 0 95)
#(312 59 0 81)
#(312 60 1 9)
#(312 61 1 66)
#(312 62 0 65)
#(312 63 0 76)
#(312 64 0 77)
#(312 65 0 5)
#(312 66 0 17)
#(312 67 1 92)
#(312 68 0 69)
#(312 69 0 1)
#(313 1 1 40)
#(313 2 0 67)
#(313 3 0 33)
#(313 4 0 92)
#(313 5 0 55)
#(313 6 1 9)
#(313 7 0 11)
#(313 8 0 43)
#(313 9 1 44)
#(313 10 0 45)
#(313 11 1 14)
#(313 12 0 96)
#(313 13 0 46)
#(313 14 0 0)
#(313 15 0 23)
#(313 16 1 37)
#(313 17 0 92)
#(313 18 1 6)
#(313 19 0 29)
#(313 20 0 24)
#(313 21 0 58)
#(313 22 1 1)
#(313 23 0 74)
#(313 24 0 24)
#(313 25 1 77)
#(313 26 0 9)
#(313 27 0 76)
#(313 28 0 71)
#(313 29 0 87)
#(313 30 1 70)
#(313 31 0 15)
#(313 32 0 5)
#(313 33 1 0)
#(313 34 0 65)
#(313 35 0 98)
#(313 36 0 53)
#(313 37 1 70)
#(313 38 0 94)
#(313 39 1 76)
#(313 40 0 80)
#(313 41 1 16)
#(313 42 0 72)
#(313 43 1 86)
#(313 44 0 93)
#(313 45 1 19)
#(313 46 1 34)
#(313 47 0 80)
#(313 48 1 35)
#(313 49 0 49)
#(313 50 0 2)
#(313 51 0 55)
#(313 52 0 34)
#(313 53 1 13)
#(313 54 0 9)
#(313 55 0 39)
#(313 56 0 62)
#(313 57 0 71)
#(313 58 1 68)
#(313 59 0 88)
#(313 60 1 73)
#(313 61 1 96)
#(313 62 0 76)
#(313 63 0 9)
#(313 64 1 39)
#(313 65 0 66)
#(313 66 0 5)
#(313 67 0 36)
#(313 68 0 61)
#(313 69 0 71)
#(314 1 1 30)
#(314 2 0 38)
#(314 3 0 91)
#(314 4 0 15)
#(314 5 0 27)
#(314 6 0 91)
#(314 7 0 3)
#(314 8 0 74)
#(314 9 0 37)
#(314 10 0 14)
#(314 11 0 12)
#(314 12 1 84)
#(314 13 1 94)
#(314 14 1 1)
#(314 15 0 35)
#(314 16 0 85)
#(314 17 0 81)
#(314 18 0 4)
#(314 19 0 21)
#(314 20 0 92)
#(314 21 0 61)
#(314 22 0 73)
#(314 23 0 10)
#(314 24 1 11)
#(314 25 1 98)
#(314 26 0 33)
#(314 27 0 93)
#(314 28 0 80)
#(314 29 0 80)
#(314 30 0 1)
#(314 31 1 61)
#(314 32 1 32)
#(314 33 0 98)
#(314 34 0 68)
#(314 35 0 74)
#(314 36 0 32)
#(314 37 0 42)
#(314 38 1 92)
#(314 39 0 70)
#(314 40 0 10)
#(314 41 0 21)
#(314 42 1 82)
#(314 43 0 66)
#(314 44 0 4)
#(314 45 0 10)
#(314 46 1 94)
#(314 47 0 39)
#(314 48 1 90)
#(314 49 1 76)
#(314 50 1 12)
#(314 51 0 55)
#(314 52 0 64)
#(314 53 0 7)
#(314 54 0 53)
#(314 55 0 36)
#(314 56 1 57)
#(314 57 0 59)
#(314 58 0 53)
#(314 59 0 19)
#(314 60 1 57)
#(314 61 1 82)
#(314 62 0 31)
#(314 63 0 86)
#(314 64 0 12)
#(314 65 1 36)
#(314 66 0 48)
#(314 67 0 32)
#(314 68 1 28)
#(314 69 1 34)
#(315 1 0 85)
#(315 2 0 14)
#(315 3 1 94)
#(315 4 0 43)
#(315 5 0 56)
#(315 6 0 39)
#(315 7 0 86)
#(315 8 1 72)
#(315 9 1 79)
#(315 10 0 48)
#(315 11 0 60)
#(315 12 0 57)
#(315 13 0 10)
#(315 14 1 94)
#(315 15 0 98)
#(315 16 1 64)
#(315 17 0 78)
#(315 18 0 68)
#(315 19 0 83)
#(315 20 0 23)
#(315 21 0 6)
#(315 22 0 73)
#(315 23 0 14)
#(315 24 0 90)
#(315 25 0 40)
#(315 26 0 43)
#(315 27 0 58)
#(315 28 1 27)
#(315 29 1 79)
#(315 30 0 92)
#(315 31 0 93)
#(315 32 0 87)
#(315 33 1 26)
#(315 34 0 79)
#(315 35 1 6)
#(315 36 1 82)
#(315 37 0 63)
#(315 38 1 19)
#(315 39 0 77)
#(315 40 0 71)
#(315 41 0 77)
#(315 42 0 1)
#(315 43 0 10)
#(315 44 1 55)
#(315 45 1 19)
#(315 46 0 33)
#(315 47 0 11)
#(315 48 0 71)
#(315 49 0 26)
#(315 50 0 11)
#(315 51 0 54)
#(315 52 0 30)
#(315 53 0 7)
#(315 54 0 84)
#(315 55 1 25)
#(315 56 1 1)
#(315 57 0 51)
#(315 58 0 22)
#(315 59 1 23)
#(315 60 0 15)
#(315 61 0 33)
#(315 62 1 66)
#(315 63 1 35)
#(315 64 0 61)
#(315 65 1 91)
#(315 66 0 40)
#(315 67 0 71)
#(315 68 0 34)
#(315 69 0 67)
#(316 1 0 73)
#(316 2 0 4)
#(316 3 0 51)
#(316 4 0 73)
#(316 5 0 43)
#(316 6 0 14)
#(316 7 1 40)
#(316 8 0 46)
#(316 9 0 37)
#(316 10 1 78)
#(316 11 0 16)
#(316 12 0 19)
#(316 13 1 5)
#(316 14 1 62)
#(316 15 1 58)
#(316 16 0 90)
#(316 17 0 47)
#(316 18 0 8)
#(316 19 1 77)
#(316 20 1 45)
#(316 21 1 25)
#(316 22 0 10)
#(316 23 0 49)
#(316 24 0 9)
#(316 25 0 13)
#(316 26 0 91)
#(316 27 1 20)
#(316 28 1 63)
#(316 29 0 2)
#(316 30 0 58)
#(316 31 1 32)
#(316 32 0 62)
#(316 33 0 4)
#(316 34 1 21)
#(316 35 0 15)
#(316 36 1 36)
#(316 37 0 28)
#(316 38 0 24)
#(316 39 0 29)
#(316 40 0 11)
#(316 41 0 83)
#(316 42 0 9)
#(316 43 0 28)
#(316 44 0 71)
#(316 45 1 7)
#(316 46 1 69)
#(316 47 0 11)
#(316 48 0 66)
#(316 49 0 39)
#(316 50 0 22)
#(316 51 0 29)
#(316 52 0 36)
#(316 53 0 31)
#(316 54 0 47)
#(316 55 0 45)
#(316 56 0 32)
#(316 57 0 42)
#(316 58 0 65)
#(316 59 1 90)
#(316 60 0 28)
#(316 61 0 48)
#(316 62 0 67)
#(316 63 0 94)
#(316 64 1 96)
#(316 65 1 23)
#(316 66 1 79)
#(316 67 0 73)
#(316 68 0 50)
#(316 69 0 30)
#(317 1 0 96)
#(317 2 0 12)
#(317 3 0 98)
#(317 4 0 23)
#(317 5 1 43)
#(317 6 0 5)
#(317 7 1 56)
#(317 8 1 94)
#(317 9 1 71)
#(317 10 1 20)
#(317 11 1 7)
#(317 12 0 61)
#(317 13 1 8)
#(317 14 1 6)
#(317 15 0 71)
#(317 16 0 74)
#(317 17 1 84)
#(317 18 0 82)
#(317 19 1 70)
#(317 20 1 39)
#(317 21 0 91)
#(317 22 0 47)
#(317 23 1 21)
#(317 24 0 6)
#(317 25 0 62)
#(317 26 0 4)
#(317 27 1 20)
#(317 28 0 64)
#(317 29 0 20)
#(317 30 0 2)
#(317 31 0 86)
#(317 32 0 93)
#(317 33 0 52)
#(317 34 0 8)
#(317 35 0 42)
#(317 36 1 62)
#(317 37 0 79)
#(317 38 0 45)
#(317 39 1 4)
#(317 40 0 88)
#(317 41 0 91)
#(317 42 1 83)
#(317 43 1 59)
#(317 44 0 9)
#(317 45 1 35)
#(317 46 0 29)
#(317 47 0 64)
#(317 48 0 53)
#(317 49 1 14)
#(317 50 0 13)
#(317 51 1 72)
#(317 52 0 12)
#(317 53 0 20)
#(317 54 0 12)
#(317 55 0 72)
#(317 56 1 27)
#(317 57 0 27)
#(317 58 0 92)
#(317 59 0 57)
#(317 60 1 9)
#(317 61 0 88)
#(317 62 0 27)
#(317 63 1 83)
#(317 64 0 6)
#(317 65 1 65)
#(317 66 0 40)
#(317 67 0 24)
#(317 68 0 78)
#(317 69 0 23)
#(318 1 0 28)
#(318 2 0 19)
#(318 3 0 6)
#(318 4 0 91)
#(318 5 0 30)
#(318 6 0 77)
#(318 7 0 65)
#(318 8 0 90)
#(318 9 0 38)
#(318 10 0 37)
#(318 11 0 67)
#(318 12 0 15)
#(318 13 1 8)
#(318 14 0 37)
#(318 15 1 64)
#(318 16 0 27)
#(318 17 0 90)
#(318 18 1 98)
#(318 19 0 13)
#(318 20 0 39)
#(318 21 0 76)
#(318 22 1 9)
#(318 23 0 41)
#(318 24 1 86)
#(318 25 0 45)
#(318 26 1 69)
#(318 27 0 89)
#(318 28 1 67)
#(318 29 0 43)
#(318 30 1 8)
#(318 31 0 54)
#(318 32 1 58)
#(318 33 0 2)
#(318 34 1 30)
#(318 35 1 38)
#(318 36 0 17)
#(318 37 0 96)
#(318 38 0 85)
#(318 39 0 13)
#(318 40 0 77)
#(318 41 1 67)
#(318 42 0 3)
#(318 43 0 68)
#(318 44 1 29)
#(318 45 0 23)
#(318 46 0 7)
#(318 47 1 0)
#(318 48 0 58)
#(318 49 1 30)
#(318 50 1 5)
#(318 51 1 47)
#(318 52 0 74)
#(318 53 1 93)
#(318 54 0 71)
#(318 55 0 33)
#(318 56 0 30)
#(318 57 0 55)
#(318 58 0 91)
#(318 59 0 27)
#(318 60 1 80)
#(318 61 0 90)
#(318 62 0 92)
#(318 63 0 41)
#(318 64 1 53)
#(318 65 1 6)
#(318 66 0 53)
#(318 67 0 54)
#(318 68 0 55)
#(318 69 0 43)
#(319 1 0 65)
#(319 2 0 83)
#(319 3 0 51)
#(319 4 0 47)
#(319 5 1 63)
#(319 6 0 52)
#(319 7 1 54)
#(319 8 1 86)
#(319 9 1 79)
#(319 10 0 38)
#(319 11 1 85)
#(319 12 1 96)
#(319 13 0 18)
#(319 14 1 64)
#(319 15 1 33)
#(319 16 0 82)
#(319 17 0 84)
#(319 18 1 41)
#(319 19 0 52)
#(319 20 0 25)
#(319 21 0 89)
#(319 22 0 2)
#(319 23 0 84)
#(319 24 1 47)
#(319 25 0 89)
#(319 26 1 43)
#(319 27 0 81)
#(319 28 0 13)
#(319 29 0 90)
#(319 30 0 25)
#(319 31 1 34)
#(319 32 1 84)
#(319 33 1 60)
#(319 34 1 21)
#(319 35 0 74)
#(319 36 0 29)
#(319 37 1 40)
#(319 38 0 60)
#(319 39 0 67)
#(319 40 1 20)
#(319 41 1 56)
#(319 42 1 71)
#(319 43 0 95)
#(319 44 0 87)
#(319 45 0 47)
#(319 46 0 36)
#(319 47 0 96)
#(319 48 1 76)
#(319 49 0 8)
#(319 50 1 45)
#(319 51 0 14)
#(319 52 0 77)
#(319 53 1 76)
#(319 54 0 73)
#(319 55 0 90)
#(319 56 0 48)
#(319 57 0 28)
#(319 58 1 29)
#(319 59 0 72)
#(319 60 0 98)
#(319 61 1 52)
#(319 62 1 77)
#(319 63 1 30)
#(319 64 0 53)
#(319 65 0 18)
#(319 66 0 78)
#(319 67 0 96)
#(319 68 0 37)
#(319 69 0 20)
#(320 1 1 18)
#(320 2 1 69)
#(320 3 1 74)
#(320 4 0 6)
#(320 5 1 32)
#(320 6 1 2)
#(320 7 1 57)
#(320 8 1 63)
#(320 9 1 87)
#(320 10 0 1)
#(320 11 0 28)
#(320 12 1 17)
#(320 13 1 97)
#(320 14 0 54)
#(320 15 0 4)
#(320 16 0 57)
#(320 17 0 69)
#(320 18 0 57)
#(320 19 1 5)
#(320 20 0 87)
#(320 21 0 72)
#(320 22 0 84)
#(320 23 1 37)
#(320 24 1 98)
#(320 25 0 69)
#(320 26 0 16)
#(320 27 0 81)
#(320 28 0 48)
#(320 29 1 29)
#(320 30 0 60)
#(320 31 1 39)
#(320 32 0 34)
#(320 33 1 88)
#(320 34 0 60)
#(320 35 0 0)
#(320 36 0 53)
#(320 37 0 94)
#(320 38 0 84)
#(320 39 0 77)
#(320 40 1 8)
#(320 41 1 37)
#(320 42 1 41)
#(320 43 0 52)
#(320 44 0 27)
#(320 45 0 7)
#(320 46 0 54)
#(320 47 0 3)
#(320 48 0 67)
#(320 49 0 11)
#(320 50 1 24)
#(320 51 0 29)
#(320 52 0 47)
#(320 53 0 8)
#(320 54 0 6)
#(320 55 0 19)
#(320 56 0 8)
#(320 57 0 94)
#(320 58 0 17)
#(320 59 0 15)
#(320 60 0 9)
#(320 61 0 15)
#(320 62 1 33)
#(320 63 0 53)
#(320 64 0 59)
#(320 65 1 59)
#(320 66 0 32)
#(320 67 0 37)
#(320 68 1 4)
#(320 69 1 2)
#(321 1 1 48)
#(321 2 0 19)
#(321 3 1 23)
#(321 4 0 59)
#(321 5 1 1)
#(321 6 0 5)
#(321 7 0 39)
#(321 8 0 41)
#(321 9 1 32)
#(321 10 0 43)
#(321 11 1 31)
#(321 12 0 53)
#(321 13 1 66)
#(321 14 0 90)
#(321 15 0 70)
#(321 16 0 18)
#(321 17 0 82)
#(321 18 0 96)
#(321 19 1 78)
#(321 20 0 7)
#(321 21 0 11)
#(321 22 0 41)
#(321 23 0 14)
#(321 24 0 14)
#(321 25 0 64)
#(321 26 1 71)
#(321 27 0 45)
#(321 28 1 48)
#(321 29 1 90)
#(321 30 1 29)
#(321 31 0 77)
#(321 32 1 9)
#(321 33 1 13)
#(321 34 1 58)
#(321 35 0 14)
#(321 36 0 75)
#(321 37 1 2)
#(321 38 1 76)
#(321 39 0 16)
#(321 40 1 59)
#(321 41 0 60)
#(321 42 0 48)
#(321 43 1 58)
#(321 44 0 61)
#(321 45 1 84)
#(321 46 0 94)
#(321 47 0 4)
#(321 48 0 51)
#(321 49 0 61)
#(321 50 1 52)
#(321 51 1 43)
#(321 52 0 75)
#(321 53 0 35)
#(321 54 1 56)
#(321 55 0 73)
#(321 56 0 30)
#(321 57 0 61)
#(321 58 1 5)
#(321 59 0 62)
#(321 60 0 38)
#(321 61 0 5)
#(321 62 0 68)
#(321 63 0 81)
#(321 64 1 59)
#(321 65 1 25)
#(321 66 0 7)
#(321 67 0 28)
#(321 68 0 70)
#(321 69 1 84)
#(322 1 0 12)
#(322 2 1 80)
#(322 3 1 63)
#(322 4 1 11)
#(322 5 1 15)
#(322 6 0 53)
#(322 7 0 1)
#(322 8 1 8)
#(322 9 1 84)
#(322 10 0 10)
#(322 11 0 48)
#(322 12 0 70)
#(322 13 0 92)
#(322 14 0 14)
#(322 15 0 58)
#(322 16 0 33)
#(322 17 1 46)
#(322 18 0 51)
#(322 19 0 11)
#(322 20 0 2)
#(322 21 1 68)
#(322 22 0 83)
#(322 23 1 36)
#(322 24 1 77)
#(322 25 0 57)
#(322 26 1 98)
#(322 27 0 86)
#(322 28 0 92)
#(322 29 0 71)
#(322 30 1 62)
#(322 31 0 27)
#(322 32 1 10)
#(322 33 0 64)
#(322 34 1 35)
#(322 35 0 84)
#(322 36 0 23)
#(322 37 1 49)
#(322 38 1 53)
#(322 39 0 65)
#(322 40 0 34)
#(322 41 0 72)
#(322 42 0 22)
#(322 43 1 12)
#(322 44 1 16)
#(322 45 0 69)
#(322 46 1 55)
#(322 47 0 7)
#(322 48 0 16)
#(322 49 1 96)
#(322 50 1 53)
#(322 51 0 92)
#(322 52 1 60)
#(322 53 1 73)
#(322 54 0 78)
#(322 55 0 54)
#(322 56 0 39)
#(322 57 0 3)
#(322 58 1 7)
#(322 59 1 33)
#(322 60 1 52)
#(322 61 0 34)
#(322 62 0 96)
#(322 63 1 96)
#(322 64 0 87)
#(322 65 0 62)
#(322 66 0 13)
#(322 67 0 81)
#(322 68 1 97)
#(322 69 1 25)
#(323 1 0 94)
#(323 2 1 14)
#(323 3 0 83)
#(323 4 1 88)
#(323 5 0 23)
#(323 6 0 88)
#(323 7 0 7)
#(323 8 0 20)
#(323 9 0 77)
#(323 10 1 91)
#(323 11 1 53)
#(323 12 1 29)
#(323 13 1 34)
#(323 14 0 67)
#(323 15 0 67)
#(323 16 0 56)
#(323 17 0 45)
#(323 18 1 21)
#(323 19 0 73)
#(323 20 0 32)
#(323 21 0 19)
#(323 22 0 3)
#(323 23 0 49)
#(323 24 0 56)
#(323 25 0 51)
#(323 26 0 82)
#(323 27 0 27)
#(323 28 0 10)
#(323 29 1 51)
#(323 30 0 76)
#(323 31 0 12)
#(323 32 0 79)
#(323 33 1 1)
#(323 34 0 48)
#(323 35 0 88)
#(323 36 0 65)
#(323 37 0 48)
#(323 38 1 84)
#(323 39 0 9)
#(323 40 1 41)
#(323 41 0 58)
#(323 42 0 54)
#(323 43 1 91)
#(323 44 0 60)
#(323 45 0 37)
#(323 46 1 74)
#(323 47 1 86)
#(323 48 1 30)
#(323 49 0 61)
#(323 50 1 11)
#(323 51 1 59)
#(323 52 0 33)
#(323 53 1 49)
#(323 54 0 34)
#(323 55 0 57)
#(323 56 1 17)
#(323 57 1 69)
#(323 58 0 59)
#(323 59 0 19)
#(323 60 0 8)
#(323 61 1 89)
#(323 62 0 6)
#(323 63 0 69)
#(323 64 0 21)
#(323 65 0 94)
#(323 66 0 8)
#(323 67 0 97)
#(323 68 0 39)
#(323 69 0 15)
#(324 1 0 94)
#(324 2 1 10)
#(324 3 1 80)
#(324 4 0 82)
#(324 5 1 87)
#(324 6 0 88)
#(324 7 0 85)
#(324 8 0 50)
#(324 9 1 18)
#(324 10 1 24)
#(324 11 0 59)
#(324 12 0 56)
#(324 13 0 5)
#(324 14 0 49)
#(324 15 1 19)
#(324 16 1 9)
#(324 17 0 0)
#(324 18 0 10)
#(324 19 1 64)
#(324 20 1 26)
#(324 21 0 11)
#(324 22 1 35)
#(324 23 1 0)
#(324 24 0 87)
#(324 25 0 3)
#(324 26 1 61)
#(324 27 0 67)
#(324 28 0 39)
#(324 29 0 88)
#(324 30 1 11)
#(324 31 0 74)
#(324 32 0 79)
#(324 33 1 72)
#(324 34 1 32)
#(324 35 0 56)
#(324 36 0 21)
#(324 37 0 31)
#(324 38 1 86)
#(324 39 1 91)
#(324 40 0 97)
#(324 41 0 12)
#(324 42 0 57)
#(324 43 0 57)
#(324 44 0 16)
#(324 45 0 74)
#(324 46 0 57)
#(324 47 0 24)
#(324 48 0 18)
#(324 49 0 26)
#(324 50 1 68)
#(324 51 0 97)
#(324 52 0 56)
#(324 53 0 93)
#(324 54 0 54)
#(324 55 0 47)
#(324 56 0 83)
#(324 57 1 2)
#(324 58 0 65)
#(324 59 0 11)
#(324 60 0 1)
#(324 61 1 87)
#(324 62 0 40)
#(324 63 0 26)
#(324 64 1 14)
#(324 65 0 9)
#(324 66 0 44)
#(324 67 0 4)
#(324 68 1 17)
#(324 69 0 6)
#(325 1 0 94)
#(325 2 1 89)
#(325 3 0 46)
#(325 4 0 45)
#(325 5 1 91)
#(325 6 1 17)
#(325 7 0 9)
#(325 8 0 88)
#(325 9 0 88)
#(325 10 1 14)
#(325 11 0 53)
#(325 12 0 49)
#(325 13 0 2)
#(325 14 0 76)
#(325 15 1 19)
#(325 16 0 28)
#(325 17 0 23)
#(325 18 1 26)
#(325 19 1 56)
#(325 20 1 70)
#(325 21 1 61)
#(325 22 0 7)
#(325 23 0 37)
#(325 24 0 78)
#(325 25 1 92)
#(325 26 0 8)
#(325 27 0 13)
#(325 28 0 51)
#(325 29 0 20)
#(325 30 1 38)
#(325 31 0 10)
#(325 32 1 61)
#(325 33 1 11)
#(325 34 0 74)
#(325 35 0 39)
#(325 36 0 74)
#(325 37 0 44)
#(325 38 0 55)
#(325 39 0 35)
#(325 40 0 47)
#(325 41 0 81)
#(325 42 0 31)
#(325 43 1 8)
#(325 44 0 84)
#(325 45 0 6)
#(325 46 0 50)
#(325 47 1 71)
#(325 48 1 12)
#(325 49 0 24)
#(325 50 0 47)
#(325 51 0 31)
#(325 52 0 61)
#(325 53 1 76)
#(325 54 1 80)
#(325 55 1 10)
#(325 56 0 3)
#(325 57 0 80)
#(325 58 1 6)
#(325 59 0 20)
#(325 60 0 32)
#(325 61 1 11)
#(325 62 0 57)
#(325 63 0 82)
#(325 64 0 54)
#(325 65 0 55)
#(325 66 0 12)
#(325 67 0 62)
#(325 68 1 45)
#(325 69 0 42)
#(326 1 0 96)
#(326 2 0 7)
#(326 3 1 40)
#(326 4 1 77)
#(326 5 0 59)
#(326 6 0 88)
#(326 7 0 26)
#(326 8 0 34)
#(326 9 0 18)
#(326 10 0 87)
#(326 11 1 61)
#(326 12 0 84)
#(326 13 0 6)
#(326 14 1 2)
#(326 15 0 94)
#(326 16 0 50)
#(326 17 1 75)
#(326 18 1 29)
#(326 19 0 93)
#(326 20 0 53)
#(326 21 1 0)
#(326 22 0 84)
#(326 23 0 37)
#(326 24 0 42)
#(326 25 1 56)
#(326 26 1 27)
#(326 27 1 49)
#(326 28 1 43)
#(326 29 0 43)
#(326 30 1 28)
#(326 31 0 30)
#(326 32 0 64)
#(326 33 0 65)
#(326 34 0 43)
#(326 35 0 29)
#(326 36 1 26)
#(326 37 0 13)
#(326 38 0 33)
#(326 39 0 68)
#(326 40 0 67)
#(326 41 0 5)
#(326 42 0 78)
#(326 43 1 73)
#(326 44 0 4)
#(326 45 1 54)
#(326 46 0 73)
#(326 47 1 63)
#(326 48 1 34)
#(326 49 0 7)
#(326 50 0 9)
#(326 51 0 20)
#(326 52 0 60)
#(326 53 0 21)
#(326 54 1 38)
#(326 55 0 87)
#(326 56 0 42)
#(326 57 1 68)
#(326 58 1 43)
#(326 59 1 47)
#(326 60 0 71)
#(326 61 1 29)
#(326 62 1 81)
#(326 63 0 97)
#(326 64 0 86)
#(326 65 1 15)
#(326 66 0 3)
#(326 67 0 58)
#(326 68 0 94)
#(326 69 0 58)
#(327 1 1 46)
#(327 2 0 62)
#(327 3 0 94)
#(327 4 0 74)
#(327 5 0 58)
#(327 6 0 16)
#(327 7 1 4)
#(327 8 0 97)
#(327 9 0 43)
#(327 10 1 61)
#(327 11 1 4)
#(327 12 0 54)
#(327 13 0 63)
#(327 14 1 57)
#(327 15 1 28)
#(327 16 0 26)
#(327 17 0 5)
#(327 18 1 51)
#(327 19 1 89)
#(327 20 0 44)
#(327 21 1 54)
#(327 22 0 39)
#(327 23 0 32)
#(327 24 0 2)
#(327 25 1 43)
#(327 26 0 7)
#(327 27 0 70)
#(327 28 0 79)
#(327 29 0 31)
#(327 30 0 84)
#(327 31 0 25)
#(327 32 0 49)
#(327 33 0 73)
#(327 34 1 81)
#(327 35 0 28)
#(327 36 1 56)
#(327 37 0 25)
#(327 38 0 44)
#(327 39 0 8)
#(327 40 1 15)
#(327 41 0 92)
#(327 42 1 42)
#(327 43 0 6)
#(327 44 1 73)
#(327 45 0 15)
#(327 46 1 85)
#(327 47 0 78)
#(327 48 0 9)
#(327 49 0 24)
#(327 50 0 83)
#(327 51 0 88)
#(327 52 0 34)
#(327 53 0 57)
#(327 54 0 78)
#(327 55 1 55)
#(327 56 0 50)
#(327 57 1 63)
#(327 58 1 25)
#(327 59 1 65)
#(327 60 0 47)
#(327 61 0 40)
#(327 62 0 39)
#(327 63 0 0)
#(327 64 0 95)
#(327 65 0 88)
#(327 66 0 24)
#(327 67 0 38)
#(327 68 0 8)
#(327 69 0 66)
#(328 1 0 37)
#(328 2 0 45)
#(328 3 0 10)
#(328 4 0 13)
#(328 5 0 94)
#(328 6 0 26)
#(328 7 0 36)
#(328 8 1 37)
#(328 9 1 6)
#(328 10 0 56)
#(328 11 0 20)
#(328 12 0 7)
#(328 13 0 84)
#(328 14 1 69)
#(328 15 0 17)
#(328 16 0 89)
#(328 17 0 87)
#(328 18 0 75)
#(328 19 1 35)
#(328 20 1 12)
#(328 21 0 65)
#(328 22 1 41)
#(328 23 1 61)
#(328 24 1 5)
#(328 25 0 8)
#(328 26 1 40)
#(328 27 0 53)
#(328 28 0 13)
#(328 29 1 39)
#(328 30 1 20)
#(328 31 0 86)
#(328 32 1 92)
#(328 33 0 67)
#(328 34 1 76)
#(328 35 0 83)
#(328 36 1 55)
#(328 37 0 51)
#(328 38 0 81)
#(328 39 0 88)
#(328 40 1 16)
#(328 41 0 92)
#(328 42 0 89)
#(328 43 0 26)
#(328 44 1 20)
#(328 45 0 85)
#(328 46 1 12)
#(328 47 0 38)
#(328 48 0 25)
#(328 49 0 82)
#(328 50 0 19)
#(328 51 0 19)
#(328 52 0 86)
#(328 53 0 61)
#(328 54 0 42)
#(328 55 0 46)
#(328 56 1 94)
#(328 57 0 41)
#(328 58 1 29)
#(328 59 0 45)
#(328 60 0 54)
#(328 61 0 70)
#(328 62 0 75)
#(328 63 0 69)
#(328 64 0 94)
#(328 65 0 82)
#(328 66 1 48)
#(328 67 1 27)
#(328 68 0 98)
#(328 69 1 20)
#(329 1 0 41)
#(329 2 0 45)
#(329 3 0 39)
#(329 4 0 56)
#(329 5 0 75)
#(329 6 0 85)
#(329 7 0 82)
#(329 8 0 64)
#(329 9 0 94)
#(329 10 1 82)
#(329 11 0 92)
#(329 12 1 26)
#(329 13 1 21)
#(329 14 1 30)
#(329 15 0 50)
#(329 16 0 57)
#(329 17 0 71)
#(329 18 0 57)
#(329 19 1 20)
#(329 20 1 86)
#(329 21 0 54)
#(329 22 0 93)
#(329 23 0 78)
#(329 24 0 36)
#(329 25 0 30)
#(329 26 1 74)
#(329 27 0 27)
#(329 28 1 27)
#(329 29 0 69)
#(329 30 1 47)
#(329 31 1 54)
#(329 32 0 32)
#(329 33 0 65)
#(329 34 1 96)
#(329 35 1 12)
#(329 36 0 45)
#(329 37 1 86)
#(329 38 1 55)
#(329 39 1 1)
#(329 40 1 76)
#(329 41 0 72)
#(329 42 1 68)
#(329 43 0 23)
#(329 44 0 2)
#(329 45 0 65)
#(329 46 0 42)
#(329 47 0 90)
#(329 48 1 21)
#(329 49 0 93)
#(329 50 1 57)
#(329 51 0 13)
#(329 52 1 50)
#(329 53 0 83)
#(329 54 1 93)
#(329 55 1 97)
#(329 56 1 21)
#(329 57 1 67)
#(329 58 0 21)
#(329 59 0 16)
#(329 60 1 78)
#(329 61 0 15)
#(329 62 1 15)
#(329 63 0 83)
#(329 64 0 32)
#(329 65 0 80)
#(329 66 0 53)
#(329 67 0 91)
#(329 68 0 66)
#(329 69 0 9)
#(330 1 1 17)
#(330 2 0 22)
#(330 3 0 21)
#(330 4 1 73)
#(330 5 0 62)
#(330 6 1 19)
#(330 7 0 22)
#(330 8 0 49)
#(330 9 0 88)
#(330 10 0 5)
#(330 11 0 95)
#(330 12 0 65)
#(330 13 1 16)
#(330 14 1 24)
#(330 15 0 73)
#(330 16 0 58)
#(330 17 0 1)
#(330 18 1 85)
#(330 19 0 9)
#(330 20 1 91)
#(330 21 0 13)
#(330 22 0 87)
#(330 23 0 14)
#(330 24 0 53)
#(330 25 0 35)
#(330 26 0 47)
#(330 27 1 75)
#(330 28 0 66)
#(330 29 1 0)
#(330 30 0 56)
#(330 31 0 27)
#(330 32 1 96)
#(330 33 0 29)
#(330 34 1 11)
#(330 35 1 23)
#(330 36 0 25)
#(330 37 0 31)
#(330 38 0 49)
#(330 39 0 50)
#(330 40 0 77)
#(330 41 0 95)
#(330 42 0 14)
#(330 43 1 58)
#(330 44 0 94)
#(330 45 0 35)
#(330 46 0 54)
#(330 47 0 47)
#(330 48 1 17)
#(330 49 0 50)
#(330 50 1 26)
#(330 51 0 22)
#(330 52 0 15)
#(330 53 0 43)
#(330 54 0 33)
#(330 55 0 95)
#(330 56 1 0)
#(330 57 0 45)
#(330 58 1 83)
#(330 59 0 62)
#(330 60 0 77)
#(330 61 0 92)
#(330 62 0 88)
#(330 63 0 8)
#(330 64 1 59)
#(330 65 1 10)
#(330 66 0 58)
#(330 67 0 49)
#(330 68 1 2)
#(330 69 0 3)
#(331 1 1 68)
#(331 2 0 53)
#(331 3 1 70)
#(331 4 1 43)
#(331 5 0 93)
#(331 6 0 20)
#(331 7 0 22)
#(331 8 0 0)
#(331 9 0 98)
#(331 10 1 44)
#(331 11 1 43)
#(331 12 0 92)
#(331 13 1 72)
#(331 14 0 3)
#(331 15 1 68)
#(331 16 1 27)
#(331 17 0 82)
#(331 18 1 90)
#(331 19 0 95)
#(331 20 0 36)
#(331 21 0 97)
#(331 22 1 90)
#(331 23 1 88)
#(331 24 0 66)
#(331 25 0 93)
#(331 26 0 61)
#(331 27 1 69)
#(331 28 1 37)
#(331 29 0 6)
#(331 30 0 42)
#(331 31 0 3)
#(331 32 1 67)
#(331 33 1 62)
#(331 34 1 81)
#(331 35 1 12)
#(331 36 0 46)
#(331 37 1 38)
#(331 38 1 37)
#(331 39 0 20)
#(331 40 0 55)
#(331 41 0 31)
#(331 42 1 72)
#(331 43 0 32)
#(331 44 1 65)
#(331 45 1 45)
#(331 46 0 9)
#(331 47 1 44)
#(331 48 0 58)
#(331 49 1 19)
#(331 50 0 7)
#(331 51 0 6)
#(331 52 0 3)
#(331 53 0 93)
#(331 54 1 38)
#(331 55 0 58)
#(331 56 0 74)
#(331 57 1 36)
#(331 58 0 27)
#(331 59 0 96)
#(331 60 0 80)
#(331 61 0 5)
#(331 62 0 81)
#(331 63 0 51)
#(331 64 1 92)
#(331 65 0 18)
#(331 66 1 68)
#(331 67 0 10)
#(331 68 1 70)
#(331 69 0 45)
#(332 1 1 60)
#(332 2 1 31)
#(332 3 0 6)
#(332 4 1 97)
#(332 5 0 67)
#(332 6 1 91)
#(332 7 1 81)
#(332 8 0 45)
#(332 9 1 39)
#(332 10 0 51)
#(332 11 0 88)
#(332 12 1 10)
#(332 13 0 59)
#(332 14 0 53)
#(332 15 1 14)
#(332 16 0 16)
#(332 17 0 67)
#(332 18 0 25)
#(332 19 1 52)
#(332 20 0 3)
#(332 21 0 82)
#(332 22 0 67)
#(332 23 1 50)
#(332 24 1 92)
#(332 25 0 69)
#(332 26 0 15)
#(332 27 0 69)
#(332 28 0 21)
#(332 29 1 55)
#(332 30 0 88)
#(332 31 1 62)
#(332 32 1 26)
#(332 33 0 95)
#(332 34 1 21)
#(332 35 0 37)
#(332 36 1 49)
#(332 37 0 90)
#(332 38 0 64)
#(332 39 0 46)
#(332 40 0 97)
#(332 41 0 78)
#(332 42 0 7)
#(332 43 0 39)
#(332 44 0 60)
#(332 45 0 57)
#(332 46 0 67)
#(332 47 1 9)
#(332 48 0 26)
#(332 49 0 55)
#(332 50 0 27)
#(332 51 0 4)
#(332 52 1 95)
#(332 53 0 12)
#(332 54 0 50)
#(332 55 1 79)
#(332 56 0 97)
#(332 57 0 45)
#(332 58 0 62)
#(332 59 0 79)
#(332 60 0 70)
#(332 61 0 50)
#(332 62 0 2)
#(332 63 0 11)
#(332 64 0 42)
#(332 65 0 4)
#(332 66 1 61)
#(332 67 0 74)
#(332 68 0 89)
#(332 69 0 71)
#(333 1 0 69)
#(333 2 0 96)
#(333 3 0 18)
#(333 4 1 77)
#(333 5 0 46)
#(333 6 1 28)
#(333 7 0 1)
#(333 8 0 24)
#(333 9 0 63)
#(333 10 0 24)
#(333 11 0 0)
#(333 12 0 47)
#(333 13 0 43)
#(333 14 0 15)
#(333 15 1 38)
#(333 16 0 0)
#(333 17 1 60)
#(333 18 0 29)
#(333 19 0 70)
#(333 20 1 19)
#(333 21 0 31)
#(333 22 0 91)
#(333 23 0 28)
#(333 24 1 0)
#(333 25 0 77)
#(333 26 0 33)
#(333 27 0 63)
#(333 28 0 11)
#(333 29 0 30)
#(333 30 1 51)
#(333 31 0 51)
#(333 32 0 57)
#(333 33 0 80)
#(333 34 0 70)
#(333 35 0 4)
#(333 36 1 47)
#(333 37 1 61)
#(333 38 0 30)
#(333 39 0 92)
#(333 40 1 28)
#(333 41 1 46)
#(333 42 0 33)
#(333 43 1 49)
#(333 44 1 39)
#(333 45 0 62)
#(333 46 0 92)
#(333 47 0 23)
#(333 48 0 56)
#(333 49 0 0)
#(333 50 1 10)
#(333 51 0 36)
#(333 52 0 33)
#(333 53 0 34)
#(333 54 1 81)
#(333 55 0 86)
#(333 56 1 89)
#(333 57 1 77)
#(333 58 0 82)
#(333 59 1 57)
#(333 60 1 59)
#(333 61 1 51)
#(333 62 0 12)
#(333 63 0 97)
#(333 64 0 6)
#(333 65 0 14)
#(333 66 0 93)
#(333 67 0 51)
#(333 68 0 85)
#(333 69 0 64)
#(334 1 0 56)
#(334 2 1 59)
#(334 3 0 57)
#(334 4 0 36)
#(334 5 0 26)
#(334 6 1 74)
#(334 7 0 81)
#(334 8 0 77)
#(334 9 0 27)
#(334 10 1 67)
#(334 11 1 59)
#(334 12 0 11)
#(334 13 1 44)
#(334 14 0 73)
#(334 15 0 52)
#(334 16 0 77)
#(334 17 0 72)
#(334 18 0 66)
#(334 19 1 77)
#(334 20 0 94)
#(334 21 0 84)
#(334 22 1 97)
#(334 23 0 66)
#(334 24 1 41)
#(334 25 0 40)
#(334 26 0 51)
#(334 27 0 84)
#(334 28 0 61)
#(334 29 0 3)
#(334 30 0 1)
#(334 31 0 22)
#(334 32 1 71)
#(334 33 0 61)
#(334 34 0 45)
#(334 35 0 2)
#(334 36 1 22)
#(334 37 0 6)
#(334 38 0 31)
#(334 39 0 12)
#(334 40 0 5)
#(334 41 0 79)
#(334 42 1 9)
#(334 43 0 28)
#(334 44 0 65)
#(334 45 0 39)
#(334 46 0 22)
#(334 47 0 69)
#(334 48 1 15)
#(334 49 1 9)
#(334 50 1 33)
#(334 51 1 40)
#(334 52 0 60)
#(334 53 0 96)
#(334 54 1 0)
#(334 55 0 25)
#(334 56 0 98)
#(334 57 0 3)
#(334 58 0 40)
#(334 59 0 11)
#(334 60 0 25)
#(334 61 0 77)
#(334 62 0 95)
#(334 63 1 98)
#(334 64 1 16)
#(334 65 0 76)
#(334 66 0 1)
#(334 67 0 69)
#(334 68 0 41)
#(334 69 0 6)
#(335 1 1 35)
#(335 2 0 6)
#(335 3 0 24)
#(335 4 0 95)
#(335 5 0 14)
#(335 6 0 16)
#(335 7 0 68)
#(335 8 1 90)
#(335 9 1 8)
#(335 10 0 45)
#(335 11 1 21)
#(335 12 1 47)
#(335 13 1 43)
#(335 14 1 54)
#(335 15 1 91)
#(335 16 1 91)
#(335 17 0 81)
#(335 18 0 15)
#(335 19 0 5)
#(335 20 0 33)
#(335 21 0 80)
#(335 22 0 7)
#(335 23 0 97)
#(335 24 0 13)
#(335 25 1 85)
#(335 26 1 63)
#(335 27 0 88)
#(335 28 1 62)
#(335 29 0 82)
#(335 30 0 29)
#(335 31 0 79)
#(335 32 1 41)
#(335 33 1 78)
#(335 34 0 59)
#(335 35 0 49)
#(335 36 0 42)
#(335 37 0 20)
#(335 38 0 34)
#(335 39 0 96)
#(335 40 0 16)
#(335 41 0 2)
#(335 42 0 71)
#(335 43 0 91)
#(335 44 0 76)
#(335 45 1 18)
#(335 46 0 93)
#(335 47 0 51)
#(335 48 0 71)
#(335 49 1 50)
#(335 50 1 52)
#(335 51 0 55)
#(335 52 0 24)
#(335 53 1 72)
#(335 54 1 81)
#(335 55 0 55)
#(335 56 1 9)
#(335 57 1 30)
#(335 58 0 93)
#(335 59 1 95)
#(335 60 0 97)
#(335 61 0 94)
#(335 62 0 69)
#(335 63 0 2)
#(335 64 1 82)
#(335 65 0 83)
#(335 66 0 96)
#(335 67 0 23)
#(335 68 1 73)
#(335 69 0 98)
#(336 1 0 94)
#(336 2 0 56)
#(336 3 0 2)
#(336 4 0 93)
#(336 5 0 51)
#(336 6 0 67)
#(336 7 0 62)
#(336 8 0 30)
#(336 9 1 62)
#(336 10 1 42)
#(336 11 0 97)
#(336 12 0 12)
#(336 13 0 48)
#(336 14 0 17)
#(336 15 1 61)
#(336 16 1 28)
#(336 17 0 44)
#(336 18 1 79)
#(336 19 0 85)
#(336 20 0 54)
#(336 21 0 50)
#(336 22 0 50)
#(336 23 0 79)
#(336 24 0 40)
#(336 25 0 93)
#(336 26 1 2)
#(336 27 0 48)
#(336 28 0 75)
#(336 29 1 94)
#(336 30 1 33)
#(336 31 0 15)
#(336 32 1 40)
#(336 33 0 83)
#(336 34 0 67)
#(336 35 1 86)
#(336 36 0 5)
#(336 37 0 19)
#(336 38 1 83)
#(336 39 0 17)
#(336 40 0 33)
#(336 41 1 40)
#(336 42 1 22)
#(336 43 0 52)
#(336 44 1 6)
#(336 45 0 12)
#(336 46 0 11)
#(336 47 0 64)
#(336 48 1 25)
#(336 49 0 33)
#(336 50 1 5)
#(336 51 0 28)
#(336 52 0 4)
#(336 53 1 46)
#(336 54 0 79)
#(336 55 0 57)
#(336 56 0 6)
#(336 57 1 32)
#(336 58 0 84)
#(336 59 0 31)
#(336 60 0 74)
#(336 61 0 44)
#(336 62 0 57)
#(336 63 0 79)
#(336 64 1 76)
#(336 65 1 56)
#(336 66 1 68)
#(336 67 1 65)
#(336 68 0 7)
#(336 69 1 68)
#(337 1 0 45)
#(337 2 1 91)
#(337 3 1 0)
#(337 4 1 65)
#(337 5 1 39)
#(337 6 1 25)
#(337 7 0 68)
#(337 8 0 59)
#(337 9 0 14)
#(337 10 1 72)
#(337 11 0 77)
#(337 12 1 73)
#(337 13 0 86)
#(337 14 0 44)
#(337 15 1 44)
#(337 16 0 49)
#(337 17 0 66)
#(337 18 0 90)
#(337 19 1 69)
#(337 20 1 79)
#(337 21 0 61)
#(337 22 0 45)
#(337 23 1 28)
#(337 24 0 24)
#(337 25 0 30)
#(337 26 0 3)
#(337 27 1 10)
#(337 28 0 56)
#(337 29 0 60)
#(337 30 1 14)
#(337 31 0 87)
#(337 32 1 19)
#(337 33 0 29)
#(337 34 1 0)
#(337 35 0 96)
#(337 36 0 35)
#(337 37 1 5)
#(337 38 1 21)
#(337 39 1 17)
#(337 40 0 60)
#(337 41 0 90)
#(337 42 1 37)
#(337 43 0 45)
#(337 44 1 64)
#(337 45 0 5)
#(337 46 0 66)
#(337 47 1 74)
#(337 48 1 3)
#(337 49 0 10)
#(337 50 0 29)
#(337 51 0 32)
#(337 52 0 63)
#(337 53 0 88)
#(337 54 0 94)
#(337 55 1 52)
#(337 56 0 13)
#(337 57 1 39)
#(337 58 0 10)
#(337 59 0 82)
#(337 60 1 64)
#(337 61 1 54)
#(337 62 1 44)
#(337 63 0 19)
#(337 64 0 2)
#(337 65 0 3)
#(337 66 1 56)
#(337 67 0 74)
#(337 68 1 28)
#(337 69 1 78)
#(338 1 1 97)
#(338 2 1 60)
#(338 3 1 7)
#(338 4 0 54)
#(338 5 0 49)
#(338 6 1 52)
#(338 7 0 86)
#(338 8 0 77)
#(338 9 0 58)
#(338 10 0 71)
#(338 11 1 76)
#(338 12 1 12)
#(338 13 0 22)
#(338 14 1 75)
#(338 15 0 33)
#(338 16 1 9)
#(338 17 1 77)
#(338 18 0 5)
#(338 19 0 14)
#(338 20 1 39)
#(338 21 0 98)
#(338 22 0 65)
#(338 23 0 67)
#(338 24 0 63)
#(338 25 1 84)
#(338 26 0 71)
#(338 27 0 70)
#(338 28 0 79)
#(338 29 0 49)
#(338 30 0 91)
#(338 31 1 63)
#(338 32 1 85)
#(338 33 1 19)
#(338 34 0 33)
#(338 35 1 4)
#(338 36 0 42)
#(338 37 0 94)
#(338 38 1 41)
#(338 39 0 31)
#(338 40 1 14)
#(338 41 1 63)
#(338 42 0 53)
#(338 43 1 41)
#(338 44 0 88)
#(338 45 1 45)
#(338 46 1 47)
#(338 47 1 69)
#(338 48 0 39)
#(338 49 0 2)
#(338 50 0 89)
#(338 51 0 12)
#(338 52 1 0)
#(338 53 1 56)
#(338 54 0 68)
#(338 55 0 52)
#(338 56 0 10)
#(338 57 0 82)
#(338 58 0 37)
#(338 59 0 36)
#(338 60 0 91)
#(338 61 0 33)
#(338 62 0 58)
#(338 63 1 74)
#(338 64 1 56)
#(338 65 0 50)
#(338 66 1 59)
#(338 67 0 86)
#(338 68 0 21)
#(338 69 0 22)
#(339 1 1 50)
#(339 2 0 62)
#(339 3 1 82)
#(339 4 1 64)
#(339 5 0 74)
#(339 6 0 66)
#(339 7 1 13)
#(339 8 0 62)
#(339 9 0 62)
#(339 10 1 32)
#(339 11 1 64)
#(339 12 0 35)
#(339 13 0 72)
#(339 14 0 55)
#(339 15 0 73)
#(339 16 0 96)
#(339 17 1 83)
#(339 18 0 31)
#(339 19 0 58)
#(339 20 1 32)
#(339 21 1 85)
#(339 22 1 31)
#(339 23 1 88)
#(339 24 0 51)
#(339 25 0 6)
#(339 26 0 9)
#(339 27 0 91)
#(339 28 0 57)
#(339 29 1 37)
#(339 30 0 65)
#(339 31 1 24)
#(339 32 0 49)
#(339 33 0 16)
#(339 34 0 0)
#(339 35 0 9)
#(339 36 0 80)
#(339 37 1 41)
#(339 38 1 42)
#(339 39 0 69)
#(339 40 1 6)
#(339 41 1 42)
#(339 42 0 17)
#(339 43 1 74)
#(339 44 0 79)
#(339 45 0 35)
#(339 46 0 56)
#(339 47 1 84)
#(339 48 0 21)
#(339 49 0 44)
#(339 50 0 84)
#(339 51 0 73)
#(339 52 1 29)
#(339 53 0 45)
#(339 54 0 93)
#(339 55 1 62)
#(339 56 0 75)
#(339 57 0 83)
#(339 58 0 61)
#(339 59 0 53)
#(339 60 0 48)
#(339 61 0 47)
#(339 62 1 91)
#(339 63 1 2)
#(339 64 0 84)
#(339 65 0 92)
#(339 66 0 28)
#(339 67 0 93)
#(339 68 0 79)
#(339 69 1 54)
#(340 1 0 33)
#(340 2 0 45)
#(340 3 0 80)
#(340 4 1 67)
#(340 5 0 50)
#(340 6 1 9)
#(340 7 0 63)
#(340 8 0 42)
#(340 9 0 28)
#(340 10 0 54)
#(340 11 1 10)
#(340 12 1 20)
#(340 13 1 32)
#(340 14 0 9)
#(340 15 0 49)
#(340 16 0 5)
#(340 17 0 80)
#(340 18 0 1)
#(340 19 1 78)
#(340 20 0 75)
#(340 21 1 18)
#(340 22 1 81)
#(340 23 0 32)
#(340 24 0 90)
#(340 25 0 50)
#(340 26 0 3)
#(340 27 1 82)
#(340 28 0 13)
#(340 29 0 26)
#(340 30 0 68)
#(340 31 1 20)
#(340 32 1 73)
#(340 33 0 48)
#(340 34 0 43)
#(340 35 0 1)
#(340 36 1 63)
#(340 37 0 2)
#(340 38 0 40)
#(340 39 0 71)
#(340 40 0 46)
#(340 41 0 34)
#(340 42 0 39)
#(340 43 0 33)
#(340 44 0 21)
#(340 45 0 27)
#(340 46 0 11)
#(340 47 1 51)
#(340 48 0 44)
#(340 49 0 4)
#(340 50 0 56)
#(340 51 0 27)
#(340 52 1 48)
#(340 53 0 39)
#(340 54 0 31)
#(340 55 0 2)
#(340 56 0 50)
#(340 57 0 79)
#(340 58 0 84)
#(340 59 1 14)
#(340 60 0 57)
#(340 61 1 28)
#(340 62 0 55)
#(340 63 0 18)
#(340 64 1 13)
#(340 65 0 41)
#(340 66 0 17)
#(340 67 0 40)
#(340 68 1 6)
#(340 69 0 22)
#(341 1 0 73)
#(341 2 0 83)
#(341 3 1 6)
#(341 4 1 70)
#(341 5 0 0)
#(341 6 0 87)
#(341 7 0 48)
#(341 8 0 81)
#(341 9 1 55)
#(341 10 1 6)
#(341 11 0 91)
#(341 12 0 89)
#(341 13 0 47)
#(341 14 1 2)
#(341 15 0 21)
#(341 16 1 61)
#(341 17 0 40)
#(341 18 0 45)
#(341 19 0 72)
#(341 20 1 10)
#(341 21 0 38)
#(341 22 1 67)
#(341 23 0 57)
#(341 24 0 10)
#(341 25 0 72)
#(341 26 0 37)
#(341 27 0 56)
#(341 28 0 34)
#(341 29 1 35)
#(341 30 0 20)
#(341 31 1 54)
#(341 32 0 13)
#(341 33 1 77)
#(341 34 0 53)
#(341 35 0 35)
#(341 36 0 72)
#(341 37 1 0)
#(341 38 0 62)
#(341 39 1 48)
#(341 40 0 9)
#(341 41 0 8)
#(341 42 1 49)
#(341 43 0 95)
#(341 44 0 69)
#(341 45 1 88)
#(341 46 0 38)
#(341 47 0 59)
#(341 48 1 20)
#(341 49 0 19)
#(341 50 1 79)
#(341 51 0 84)
#(341 52 0 38)
#(341 53 0 48)
#(341 54 0 78)
#(341 55 0 23)
#(341 56 0 88)
#(341 57 0 52)
#(341 58 1 5)
#(341 59 0 97)
#(341 60 0 67)
#(341 61 0 65)
#(341 62 0 12)
#(341 63 0 11)
#(341 64 0 10)
#(341 65 1 32)
#(341 66 0 4)
#(341 67 0 78)
#(341 68 0 42)
#(341 69 1 17)
#(342 1 0 26)
#(342 2 0 5)
#(342 3 1 93)
#(342 4 0 3)
#(342 5 1 61)
#(342 6 0 37)
#(342 7 0 84)
#(342 8 0 32)
#(342 9 0 4)
#(342 10 0 93)
#(342 11 0 6)
#(342 12 1 64)
#(342 13 0 14)
#(342 14 0 22)
#(342 15 0 11)
#(342 16 1 74)
#(342 17 1 76)
#(342 18 1 91)
#(342 19 1 66)
#(342 20 0 87)
#(342 21 0 56)
#(342 22 0 10)
#(342 23 0 71)
#(342 24 0 90)
#(342 25 0 71)
#(342 26 0 98)
#(342 27 1 2)
#(342 28 0 14)
#(342 29 0 47)
#(342 30 0 8)
#(342 31 1 6)
#(342 32 0 89)
#(342 33 0 37)
#(342 34 1 54)
#(342 35 0 90)
#(342 36 1 60)
#(342 37 1 70)
#(342 38 1 56)
#(342 39 0 29)
#(342 40 0 47)
#(342 41 0 81)
#(342 42 1 69)
#(342 43 0 41)
#(342 44 1 4)
#(342 45 0 28)
#(342 46 0 94)
#(342 47 0 51)
#(342 48 0 53)
#(342 49 0 61)
#(342 50 0 8)
#(342 51 1 80)
#(342 52 0 6)
#(342 53 1 95)
#(342 54 1 37)
#(342 55 1 67)
#(342 56 0 43)
#(342 57 0 94)
#(342 58 0 73)
#(342 59 1 67)
#(342 60 0 90)
#(342 61 1 38)
#(342 62 1 42)
#(342 63 0 89)
#(342 64 0 88)
#(342 65 0 86)
#(342 66 1 24)
#(342 67 0 43)
#(342 68 0 13)
#(342 69 1 80)
#(343 1 1 3)
#(343 2 1 9)
#(343 3 0 22)
#(343 4 0 97)
#(343 5 0 12)
#(343 6 1 77)
#(343 7 0 57)
#(343 8 0 90)
#(343 9 1 73)
#(343 10 0 96)
#(343 11 0 33)
#(343 12 0 5)
#(343 13 0 22)
#(343 14 0 90)
#(343 15 0 60)
#(343 16 1 90)
#(343 17 0 9)
#(343 18 0 92)
#(343 19 0 68)
#(343 20 0 0)
#(343 21 1 54)
#(343 22 1 42)
#(343 23 0 55)
#(343 24 1 39)
#(343 25 1 3)
#(343 26 1 34)
#(343 27 0 4)
#(343 28 0 57)
#(343 29 0 92)
#(343 30 1 29)
#(343 31 0 67)
#(343 32 0 28)
#(343 33 0 24)
#(343 34 0 27)
#(343 35 0 80)
#(343 36 1 64)
#(343 37 0 23)
#(343 38 1 31)
#(343 39 0 27)
#(343 40 0 84)
#(343 41 1 95)
#(343 42 0 66)
#(343 43 1 29)
#(343 44 1 72)
#(343 45 0 14)
#(343 46 0 87)
#(343 47 0 58)
#(343 48 0 86)
#(343 49 1 85)
#(343 50 1 44)
#(343 51 0 12)
#(343 52 1 30)
#(343 53 1 83)
#(343 54 0 8)
#(343 55 0 75)
#(343 56 0 22)
#(343 57 0 80)
#(343 58 1 13)
#(343 59 1 69)
#(343 60 1 13)
#(343 61 1 83)
#(343 62 0 34)
#(343 63 1 91)
#(343 64 0 55)
#(343 65 0 58)
#(343 66 1 96)
#(343 67 0 42)
#(343 68 0 45)
#(343 69 0 2)
#(344 1 1 27)
#(344 2 0 16)
#(344 3 0 76)
#(344 4 0 4)
#(344 5 0 57)
#(344 6 0 2)
#(344 7 0 78)
#(344 8 0 52)
#(344 9 0 24)
#(344 10 0 4)
#(344 11 0 51)
#(344 12 0 23)
#(344 13 1 58)
#(344 14 0 30)
#(344 15 0 93)
#(344 16 0 4)
#(344 17 1 3)
#(344 18 0 74)
#(344 19 0 90)
#(344 20 0 36)
#(344 21 0 96)
#(344 22 1 1)
#(344 23 0 12)
#(344 24 1 75)
#(344 25 1 43)
#(344 26 0 19)
#(344 27 0 17)
#(344 28 0 75)
#(344 29 0 75)
#(344 30 0 86)
#(344 31 0 51)
#(344 32 1 90)
#(344 33 0 78)
#(344 34 0 66)
#(344 35 0 94)
#(344 36 1 10)
#(344 37 0 56)
#(344 38 0 68)
#(344 39 1 60)
#(344 40 1 62)
#(344 41 0 74)
#(344 42 1 69)
#(344 43 0 36)
#(344 44 1 64)
#(344 45 0 8)
#(344 46 1 29)
#(344 47 1 14)
#(344 48 0 70)
#(344 49 1 66)
#(344 50 0 29)
#(344 51 1 26)
#(344 52 0 23)
#(344 53 0 29)
#(344 54 0 71)
#(344 55 1 45)
#(344 56 0 43)
#(344 57 1 65)
#(344 58 0 85)
#(344 59 0 11)
#(344 60 1 23)
#(344 61 0 30)
#(344 62 0 61)
#(344 63 1 63)
#(344 64 0 41)
#(344 65 0 92)
#(344 66 0 26)
#(344 67 0 40)
#(344 68 0 71)
#(344 69 1 89)
#(345 1 1 27)
#(345 2 0 77)
#(345 3 0 33)
#(345 4 0 19)
#(345 5 0 93)
#(345 6 1 69)
#(345 7 1 56)
#(345 8 0 23)
#(345 9 0 29)
#(345 10 0 12)
#(345 11 0 83)
#(345 12 0 5)
#(345 13 0 4)
#(345 14 1 59)
#(345 15 0 37)
#(345 16 0 33)
#(345 17 1 95)
#(345 18 1 95)
#(345 19 0 19)
#(345 20 1 78)
#(345 21 1 87)
#(345 22 0 27)
#(345 23 0 10)
#(345 24 0 20)
#(345 25 1 4)
#(345 26 1 72)
#(345 27 0 15)
#(345 28 0 92)
#(345 29 0 35)
#(345 30 0 24)
#(345 31 0 12)
#(345 32 1 85)
#(345 33 0 18)
#(345 34 0 38)
#(345 35 0 38)
#(345 36 0 48)
#(345 37 0 3)
#(345 38 0 73)
#(345 39 1 95)
#(345 40 0 46)
#(345 41 1 45)
#(345 42 0 15)
#(345 43 0 44)
#(345 44 1 72)
#(345 45 1 97)
#(345 46 0 72)
#(345 47 0 85)
#(345 48 0 41)
#(345 49 0 58)
#(345 50 0 34)
#(345 51 0 83)
#(345 52 1 96)
#(345 53 0 66)
#(345 54 0 29)
#(345 55 1 9)
#(345 56 1 11)
#(345 57 0 88)
#(345 58 0 50)
#(345 59 1 97)
#(345 60 0 72)
#(345 61 0 46)
#(345 62 0 26)
#(345 63 0 52)
#(345 64 1 69)
#(345 65 0 2)
#(345 66 0 47)
#(345 67 1 94)
#(345 68 1 2)
#(345 69 0 55)
#(346 1 1 7)
#(346 2 1 90)
#(346 3 0 0)
#(346 4 0 6)
#(346 5 0 89)
#(346 6 1 37)
#(346 7 1 94)
#(346 8 0 25)
#(346 9 0 13)
#(346 10 1 90)
#(346 11 0 50)
#(346 12 0 49)
#(346 13 0 22)
#(346 14 0 80)
#(346 15 1 72)
#(346 16 0 18)
#(346 17 1 57)
#(346 18 1 86)
#(346 19 0 9)
#(346 20 0 5)
#(346 21 0 43)
#(346 22 0 48)
#(346 23 0 72)
#(346 24 0 64)
#(346 25 0 79)
#(346 26 1 68)
#(346 27 0 79)
#(346 28 0 66)
#(346 29 1 86)
#(346 30 0 30)
#(346 31 0 23)
#(346 32 1 16)
#(346 33 1 23)
#(346 34 0 53)
#(346 35 0 88)
#(346 36 0 87)
#(346 37 0 92)
#(346 38 1 36)
#(346 39 1 4)
#(346 40 0 20)
#(346 41 1 50)
#(346 42 1 9)
#(346 43 0 2)
#(346 44 1 35)
#(346 45 1 59)
#(346 46 0 51)
#(346 47 1 13)
#(346 48 0 26)
#(346 49 0 59)
#(346 50 1 58)
#(346 51 1 24)
#(346 52 1 55)
#(346 53 0 93)
#(346 54 0 68)
#(346 55 0 83)
#(346 56 0 7)
#(346 57 0 79)
#(346 58 0 84)
#(346 59 1 12)
#(346 60 0 57)
#(346 61 0 12)
#(346 62 0 92)
#(346 63 0 43)
#(346 64 1 53)
#(346 65 0 73)
#(346 66 1 22)
#(346 67 0 24)
#(346 68 0 75)
#(346 69 0 59)
#(347 1 0 42)
#(347 2 1 6)
#(347 3 0 60)
#(347 4 0 43)
#(347 5 0 80)
#(347 6 0 87)
#(347 7 0 56)
#(347 8 0 39)
#(347 9 1 3)
#(347 10 0 25)
#(347 11 0 21)
#(347 12 0 38)
#(347 13 0 65)
#(347 14 0 55)
#(347 15 0 82)
#(347 16 0 79)
#(347 17 1 95)
#(347 18 0 71)
#(347 19 1 0)
#(347 20 1 22)
#(347 21 1 77)
#(347 22 0 86)
#(347 23 0 35)
#(347 24 1 79)
#(347 25 1 69)
#(347 26 0 90)
#(347 27 0 57)
#(347 28 1 12)
#(347 29 0 94)
#(347 30 1 71)
#(347 31 0 53)
#(347 32 1 8)
#(347 33 0 36)
#(347 34 1 65)
#(347 35 0 23)
#(347 36 0 34)
#(347 37 1 3)
#(347 38 0 78)
#(347 39 0 38)
#(347 40 0 43)
#(347 41 1 93)
#(347 42 1 90)
#(347 43 0 64)
#(347 44 0 37)
#(347 45 1 84)
#(347 46 1 2)
#(347 47 1 14)
#(347 48 0 89)
#(347 49 1 24)
#(347 50 0 31)
#(347 51 0 91)
#(347 52 0 56)
#(347 53 0 12)
#(347 54 0 40)
#(347 55 0 55)
#(347 56 1 96)
#(347 57 0 45)
#(347 58 0 23)
#(347 59 0 87)
#(347 60 0 44)
#(347 61 0 5)
#(347 62 0 25)
#(347 63 0 16)
#(347 64 1 67)
#(347 65 0 62)
#(347 66 1 25)
#(347 67 0 61)
#(347 68 0 80)
#(347 69 1 27)
#(348 1 0 82)
#(348 2 1 41)
#(348 3 1 48)
#(348 4 1 51)
#(348 5 0 57)
#(348 6 1 59)
#(348 7 0 39)
#(348 8 1 50)
#(348 9 0 3)
#(348 10 0 44)
#(348 11 0 13)
#(348 12 0 51)
#(348 13 0 63)
#(348 14 0 91)
#(348 15 0 79)
#(348 16 0 8)
#(348 17 1 45)
#(348 18 0 73)
#(348 19 0 95)
#(348 20 0 72)
#(348 21 0 84)
#(348 22 0 48)
#(348 23 1 89)
#(348 24 1 6)
#(348 25 1 6)
#(348 26 0 3)
#(348 27 0 41)
#(348 28 0 39)
#(348 29 1 43)
#(348 30 0 7)
#(348 31 0 94)
#(348 32 1 83)
#(348 33 0 21)
#(348 34 1 25)
#(348 35 0 68)
#(348 36 0 6)
#(348 37 0 62)
#(348 38 0 81)
#(348 39 1 97)
#(348 40 0 16)
#(348 41 0 92)
#(348 42 1 26)
#(348 43 0 59)
#(348 44 0 45)
#(348 45 0 73)
#(348 46 0 37)
#(348 47 0 38)
#(348 48 1 18)
#(348 49 1 49)
#(348 50 0 77)
#(348 51 0 36)
#(348 52 1 76)
#(348 53 1 91)
#(348 54 0 77)
#(348 55 1 73)
#(348 56 0 92)
#(348 57 1 85)
#(348 58 1 64)
#(348 59 1 84)
#(348 60 0 83)
#(348 61 1 59)
#(348 62 0 1)
#(348 63 1 17)
#(348 64 0 28)
#(348 65 0 37)
#(348 66 0 44)
#(348 67 0 16)
#(348 68 1 58)
#(348 69 1 79)
#(349 1 0 42)
#(349 2 0 89)
#(349 3 1 28)
#(349 4 1 92)
#(349 5 0 2)
#(349 6 0 5)
#(349 7 1 43)
#(349 8 1 6)
#(349 9 0 82)
#(349 10 0 67)
#(349 11 0 43)
#(349 12 0 48)
#(349 13 0 42)
#(349 14 0 32)
#(349 15 0 80)
#(349 16 1 41)
#(349 17 0 78)
#(349 18 1 43)
#(349 19 0 41)
#(349 20 1 37)
#(349 21 1 46)
#(349 22 0 11)
#(349 23 0 80)
#(349 24 0 80)
#(349 25 0 41)
#(349 26 0 17)
#(349 27 0 16)
#(349 28 0 24)
#(349 29 0 66)
#(349 30 0 90)
#(349 31 0 66)
#(349 32 1 86)
#(349 33 0 68)
#(349 34 0 93)
#(349 35 1 33)
#(349 36 0 22)
#(349 37 0 50)
#(349 38 0 60)
#(349 39 1 67)
#(349 40 0 86)
#(349 41 0 16)
#(349 42 0 51)
#(349 43 0 68)
#(349 44 0 72)
#(349 45 0 14)
#(349 46 0 97)
#(349 47 0 56)
#(349 48 0 42)
#(349 49 1 57)
#(349 50 1 10)
#(349 51 1 76)
#(349 52 1 9)
#(349 53 1 4)
#(349 54 0 26)
#(349 55 0 53)
#(349 56 0 0)
#(349 57 1 64)
#(349 58 0 13)
#(349 59 0 0)
#(349 60 0 82)
#(349 61 0 14)
#(349 62 0 91)
#(349 63 1 60)
#(349 64 1 61)
#(349 65 0 15)
#(349 66 0 93)
#(349 67 1 8)
#(349 68 0 31)
#(349 69 0 60)
#(350 1 1 65)
#(350 2 0 73)
#(350 3 0 10)
#(350 4 0 98)
#(350 5 0 3)
#(350 6 0 20)
#(350 7 0 11)
#(350 8 0 10)
#(350 9 0 25)
#(350 10 1 1)
#(350 11 0 72)
#(350 12 1 98)
#(350 13 0 13)
#(350 14 0 63)
#(350 15 0 20)
#(350 16 1 36)
#(350 17 1 82)
#(350 18 1 80)
#(350 19 1 33)
#(350 20 0 49)
#(350 21 0 18)
#(350 22 0 53)
#(350 23 1 96)
#(350 24 0 37)
#(350 25 1 56)
#(350 26 0 79)
#(350 27 1 6)
#(350 28 0 95)
#(350 29 0 8)
#(350 30 1 11)
#(350 31 0 65)
#(350 32 0 35)
#(350 33 0 7)
#(350 34 0 19)
#(350 35 0 31)
#(350 36 1 31)
#(350 37 0 80)
#(350 38 0 56)
#(350 39 0 47)
#(350 40 1 57)
#(350 41 1 87)
#(350 42 0 38)
#(350 43 1 67)
#(350 44 0 63)
#(350 45 1 13)
#(350 46 0 26)
#(350 47 1 87)
#(350 48 1 53)
#(350 49 0 64)
#(350 50 1 22)
#(350 51 1 86)
#(350 52 0 40)
#(350 53 0 16)
#(350 54 0 18)
#(350 55 1 45)
#(350 56 0 0)
#(350 57 0 22)
#(350 58 0 39)
#(350 59 1 89)
#(350 60 1 47)
#(350 61 1 43)
#(350 62 1 64)
#(350 63 1 50)
#(350 64 0 11)
#(350 65 1 66)
#(350 66 1 57)
#(350 67 0 2)
#(350 68 0 43)
#(350 69 0 18)
#(351 1 0 71)
#(351 2 0 33)
#(351 3 0 42)
#(351 4 0 61)
#(351 5 0 45)
#(351 6 0 25)
#(351 7 0 7)
#(351 8 1 6)
#(351 9 0 84)
#(351 10 1 74)
#(351 11 0 57)
#(351 12 0 89)
#(351 13 1 82)
#(351 14 1 44)
#(351 15 1 5)
#(351 16 0 57)
#(351 17 0 78)
#(351 18 0 25)
#(351 19 0 6)
#(351 20 1 17)
#(351 21 0 17)
#(351 22 1 21)
#(351 23 0 8)
#(351 24 1 72)
#(351 25 0 58)
#(351 26 1 5)
#(351 27 0 11)
#(351 28 1 83)
#(351 29 1 60)
#(351 30 1 17)
#(351 31 0 8)
#(351 32 0 85)
#(351 33 1 37)
#(351 34 1 79)
#(351 35 0 93)
#(351 36 1 76)
#(351 37 1 4)
#(351 38 1 36)
#(351 39 0 28)
#(351 40 0 68)
#(351 41 0 30)
#(351 42 0 64)
#(351 43 1 61)
#(351 44 0 47)
#(351 45 1 86)
#(351 46 0 80)
#(351 47 0 9)
#(351 48 1 79)
#(351 49 1 58)
#(351 50 1 12)
#(351 51 1 37)
#(351 52 0 69)
#(351 53 0 66)
#(351 54 0 41)
#(351 55 0 28)
#(351 56 1 37)
#(351 57 0 77)
#(351 58 0 75)
#(351 59 1 19)
#(351 60 0 56)
#(351 61 0 63)
#(351 62 0 91)
#(351 63 1 84)
#(351 64 1 76)
#(351 65 0 62)
#(351 66 0 70)
#(351 67 1 89)
#(351 68 1 94)
#(351 69 1 75)
#(352 1 1 49)
#(352 2 1 39)
#(352 3 1 17)
#(352 4 1 8)
#(352 5 1 59)
#(352 6 0 20)
#(352 7 1 49)
#(352 8 0 93)
#(352 9 0 3)
#(352 10 0 20)
#(352 11 0 57)
#(352 12 0 45)
#(352 13 1 38)
#(352 14 0 25)
#(352 15 1 47)
#(352 16 0 56)
#(352 17 1 48)
#(352 18 1 9)
#(352 19 0 80)
#(352 20 1 59)
#(352 21 0 2)
#(352 22 0 77)
#(352 23 0 58)
#(352 24 1 30)
#(352 25 1 68)
#(352 26 1 81)
#(352 27 0 16)
#(352 28 0 73)
#(352 29 1 11)
#(352 30 0 87)
#(352 31 1 7)
#(352 32 0 4)
#(352 33 0 49)
#(352 34 0 66)
#(352 35 0 5)
#(352 36 0 41)
#(352 37 0 4)
#(352 38 0 95)
#(352 39 0 14)
#(352 40 0 26)
#(352 41 0 18)
#(352 42 0 35)
#(352 43 0 74)
#(352 44 0 37)
#(352 45 1 97)
#(352 46 0 43)
#(352 47 0 23)
#(352 48 1 37)
#(352 49 0 41)
#(352 50 0 53)
#(352 51 0 94)
#(352 52 1 71)
#(352 53 0 95)
#(352 54 1 17)
#(352 55 0 80)
#(352 56 1 55)
#(352 57 0 38)
#(352 58 0 47)
#(352 59 1 92)
#(352 60 0 34)
#(352 61 0 92)
#(352 62 1 81)
#(352 63 0 62)
#(352 64 1 39)
#(352 65 1 67)
#(352 66 0 64)
#(352 67 0 36)
#(352 68 0 66)
#(352 69 0 33)
#(353 1 0 46)
#(353 2 1 72)
#(353 3 0 28)
#(353 4 0 15)
#(353 5 1 33)
#(353 6 0 18)
#(353 7 0 18)
#(353 8 0 76)
#(353 9 0 25)
#(353 10 0 58)
#(353 11 0 24)
#(353 12 0 91)
#(353 13 0 57)
#(353 14 0 6)
#(353 15 0 15)
#(353 16 1 59)
#(353 17 1 98)
#(353 18 1 3)
#(353 19 0 78)
#(353 20 1 93)
#(353 21 0 87)
#(353 22 0 26)
#(353 23 0 72)
#(353 24 1 84)
#(353 25 0 80)
#(353 26 1 16)
#(353 27 0 92)
#(353 28 0 12)
#(353 29 0 70)
#(353 30 1 7)
#(353 31 0 8)
#(353 32 0 50)
#(353 33 0 33)
#(353 34 0 5)
#(353 35 1 47)
#(353 36 0 87)
#(353 37 1 56)
#(353 38 0 6)
#(353 39 0 52)
#(353 40 1 8)
#(353 41 0 7)
#(353 42 0 20)
#(353 43 1 16)
#(353 44 0 38)
#(353 45 0 15)
#(353 46 0 71)
#(353 47 1 57)
#(353 48 1 21)
#(353 49 1 95)
#(353 50 0 90)
#(353 51 1 33)
#(353 52 0 11)
#(353 53 0 3)
#(353 54 0 42)
#(353 55 1 46)
#(353 56 0 54)
#(353 57 1 17)
#(353 58 1 3)
#(353 59 0 11)
#(353 60 1 31)
#(353 61 1 70)
#(353 62 0 72)
#(353 63 1 64)
#(353 64 0 21)
#(353 65 0 62)
#(353 66 1 87)
#(353 67 0 44)
#(353 68 0 65)
#(353 69 0 7)
#(354 1 0 30)
#(354 2 0 12)
#(354 3 0 52)
#(354 4 0 98)
#(354 5 1 14)
#(354 6 1 33)
#(354 7 1 8)
#(354 8 0 54)
#(354 9 0 15)
#(354 10 1 81)
#(354 11 0 90)
#(354 12 1 88)
#(354 13 0 7)
#(354 14 1 14)
#(354 15 1 44)
#(354 16 0 55)
#(354 17 0 91)
#(354 18 0 28)
#(354 19 0 9)
#(354 20 0 75)
#(354 21 1 43)
#(354 22 0 76)
#(354 23 0 93)
#(354 24 1 98)
#(354 25 0 35)
#(354 26 0 25)
#(354 27 0 1)
#(354 28 0 48)
#(354 29 0 84)
#(354 30 1 21)
#(354 31 0 87)
#(354 32 0 77)
#(354 33 0 30)
#(354 34 1 21)
#(354 35 0 5)
#(354 36 0 75)
#(354 37 1 53)
#(354 38 0 78)
#(354 39 0 60)
#(354 40 1 95)
#(354 41 0 74)
#(354 42 1 72)
#(354 43 0 54)
#(354 44 0 92)
#(354 45 1 64)
#(354 46 1 72)
#(354 47 0 61)
#(354 48 0 60)
#(354 49 0 79)
#(354 50 0 14)
#(354 51 0 60)
#(354 52 1 51)
#(354 53 1 64)
#(354 54 0 35)
#(354 55 0 96)
#(354 56 0 57)
#(354 57 1 64)
#(354 58 0 18)
#(354 59 0 80)
#(354 60 0 93)
#(354 61 0 49)
#(354 62 1 85)
#(354 63 0 85)
#(354 64 0 9)
#(354 65 0 91)
#(354 66 0 34)
#(354 67 1 22)
#(354 68 0 97)
#(354 69 1 44)
#(355 1 0 28)
#(355 2 0 64)
#(355 3 0 36)
#(355 4 1 84)
#(355 5 0 14)
#(355 6 0 79)
#(355 7 1 5)
#(355 8 1 90)
#(355 9 0 40)
#(355 10 0 86)
#(355 11 0 97)
#(355 12 0 26)
#(355 13 0 60)
#(355 14 0 23)
#(355 15 0 29)
#(355 16 0 54)
#(355 17 0 48)
#(355 18 0 98)
#(355 19 1 65)
#(355 20 0 36)
#(355 21 0 67)
#(355 22 0 64)
#(355 23 0 9)
#(355 24 0 55)
#(355 25 0 27)
#(355 26 1 98)
#(355 27 0 58)
#(355 28 0 68)
#(355 29 1 26)
#(355 30 1 76)
#(355 31 1 51)
#(355 32 1 97)
#(355 33 0 46)
#(355 34 0 86)
#(355 35 0 58)
#(355 36 0 79)
#(355 37 0 23)
#(355 38 0 55)
#(355 39 0 81)
#(355 40 0 22)
#(355 41 0 67)
#(355 42 1 85)
#(355 43 0 57)
#(355 44 1 54)
#(355 45 1 48)
#(355 46 0 28)
#(355 47 1 90)
#(355 48 1 30)
#(355 49 0 67)
#(355 50 1 82)
#(355 51 0 28)
#(355 52 0 97)
#(355 53 1 95)
#(355 54 0 66)
#(355 55 1 46)
#(355 56 0 56)
#(355 57 1 27)
#(355 58 0 17)
#(355 59 0 12)
#(355 60 0 28)
#(355 61 1 25)
#(355 62 0 44)
#(355 63 0 21)
#(355 64 1 67)
#(355 65 0 22)
#(355 66 0 17)
#(355 67 0 64)
#(355 68 1 19)
#(355 69 0 3)
#(356 1 0 51)
#(356 2 0 38)
#(356 3 0 24)
#(356 4 1 98)
#(356 5 0 62)
#(356 6 0 0)
#(356 7 0 95)
#(356 8 0 60)
#(356 9 0 67)
#(356 10 1 44)
#(356 11 0 49)
#(356 12 0 34)
#(356 13 0 31)
#(356 14 0 33)
#(356 15 0 62)
#(356 16 1 33)
#(356 17 0 34)
#(356 18 0 62)
#(356 19 0 68)
#(356 20 0 90)
#(356 21 1 41)
#(356 22 0 5)
#(356 23 1 24)
#(356 24 0 51)
#(356 25 0 0)
#(356 26 0 77)
#(356 27 0 15)
#(356 28 0 32)
#(356 29 0 11)
#(356 30 1 34)
#(356 31 0 46)
#(356 32 1 21)
#(356 33 1 5)
#(356 34 1 68)
#(356 35 0 36)
#(356 36 0 66)
#(356 37 1 89)
#(356 38 1 50)
#(356 39 1 28)
#(356 40 1 1)
#(356 41 0 57)
#(356 42 0 81)
#(356 43 1 26)
#(356 44 0 11)
#(356 45 1 42)
#(356 46 0 75)
#(356 47 1 20)
#(356 48 1 61)
#(356 49 0 98)
#(356 50 0 6)
#(356 51 0 70)
#(356 52 1 6)
#(356 53 1 78)
#(356 54 0 78)
#(356 55 0 98)
#(356 56 0 97)
#(356 57 1 52)
#(356 58 0 3)
#(356 59 1 96)
#(356 60 0 35)
#(356 61 1 64)
#(356 62 0 13)
#(356 63 0 61)
#(356 64 1 17)
#(356 65 0 35)
#(356 66 0 3)
#(356 67 0 40)
#(356 68 0 10)
#(356 69 0 58)
#(357 1 0 11)
#(357 2 0 33)
#(357 3 0 24)
#(357 4 1 40)
#(357 5 1 59)
#(357 6 1 84)
#(357 7 1 27)
#(357 8 0 56)
#(357 9 0 2)
#(357 10 1 85)
#(357 11 0 82)
#(357 12 1 48)
#(357 13 1 28)
#(357 14 0 45)
#(357 15 0 25)
#(357 16 1 49)
#(357 17 1 57)
#(357 18 0 97)
#(357 19 0 24)
#(357 20 0 3)
#(357 21 1 30)
#(357 22 0 77)
#(357 23 0 79)
#(357 24 0 7)
#(357 25 1 16)
#(357 26 0 31)
#(357 27 0 29)
#(357 28 0 72)
#(357 29 0 75)
#(357 30 1 54)
#(357 31 1 20)
#(357 32 1 56)
#(357 33 0 5)
#(357 34 0 85)
#(357 35 1 1)
#(357 36 1 92)
#(357 37 0 2)
#(357 38 0 39)
#(357 39 0 59)
#(357 40 0 22)
#(357 41 1 79)
#(357 42 0 57)
#(357 43 1 10)
#(357 44 1 25)
#(357 45 1 24)
#(357 46 0 27)
#(357 47 1 71)
#(357 48 0 33)
#(357 49 1 53)
#(357 50 1 22)
#(357 51 1 80)
#(357 52 0 16)
#(357 53 1 10)
#(357 54 0 64)
#(357 55 1 44)
#(357 56 0 22)
#(357 57 1 64)
#(357 58 1 12)
#(357 59 0 48)
#(357 60 0 30)
#(357 61 0 30)
#(357 62 0 53)
#(357 63 1 10)
#(357 64 0 69)
#(357 65 1 37)
#(357 66 0 57)
#(357 67 0 98)
#(357 68 0 73)
#(357 69 0 37)
#(358 1 1 85)
#(358 2 1 32)
#(358 3 1 71)
#(358 4 1 0)
#(358 5 1 14)
#(358 6 1 82)
#(358 7 0 54)
#(358 8 0 89)
#(358 9 1 89)
#(358 10 0 72)
#(358 11 1 30)
#(358 12 1 87)
#(358 13 1 1)
#(358 14 0 57)
#(358 15 1 36)
#(358 16 1 9)
#(358 17 0 78)
#(358 18 0 2)
#(358 19 1 94)
#(358 20 1 46)
#(358 21 0 8)
#(358 22 1 98)
#(358 23 0 81)
#(358 24 0 38)
#(358 25 0 11)
#(358 26 1 13)
#(358 27 1 10)
#(358 28 0 86)
#(358 29 0 56)
#(358 30 0 97)
#(358 31 1 90)
#(358 32 1 48)
#(358 33 0 35)
#(358 34 0 41)
#(358 35 0 34)
#(358 36 0 91)
#(358 37 0 28)
#(358 38 0 12)
#(358 39 1 88)
#(358 40 1 13)
#(358 41 0 52)
#(358 42 1 20)
#(358 43 0 50)
#(358 44 0 53)
#(358 45 1 85)
#(358 46 1 54)
#(358 47 1 9)
#(358 48 1 24)
#(358 49 1 32)
#(358 50 0 12)
#(358 51 0 82)
#(358 52 0 97)
#(358 53 0 44)
#(358 54 0 43)
#(358 55 0 74)
#(358 56 0 54)
#(358 57 1 72)
#(358 58 1 96)
#(358 59 1 66)
#(358 60 0 26)
#(358 61 0 83)
#(358 62 0 21)
#(358 63 0 91)
#(358 64 1 58)
#(358 65 0 59)
#(358 66 0 7)
#(358 67 0 67)
#(358 68 1 74)
#(358 69 0 8)
#(359 1 0 43)
#(359 2 1 82)
#(359 3 1 81)
#(359 4 0 7)
#(359 5 0 45)
#(359 6 0 32)
#(359 7 0 83)
#(359 8 0 75)
#(359 9 0 86)
#(359 10 0 38)
#(359 11 0 29)
#(359 12 0 51)
#(359 13 0 27)
#(359 14 0 8)
#(359 15 1 13)
#(359 16 0 77)
#(359 17 1 10)
#(359 18 0 71)
#(359 19 0 89)
#(359 20 0 43)
#(359 21 1 12)
#(359 22 0 82)
#(359 23 0 54)
#(359 24 0 23)
#(359 25 1 0)
#(359 26 0 84)
#(359 27 0 33)
#(359 28 1 70)
#(359 29 0 51)
#(359 30 1 17)
#(359 31 0 28)
#(359 32 1 61)
#(359 33 0 52)
#(359 34 1 92)
#(359 35 1 28)
#(359 36 1 80)
#(359 37 0 37)
#(359 38 0 75)
#(359 39 1 61)
#(359 40 0 63)
#(359 41 0 96)
#(359 42 0 70)
#(359 43 0 40)
#(359 44 0 7)
#(359 45 1 37)
#(359 46 0 83)
#(359 47 1 78)
#(359 48 0 20)
#(359 49 0 50)
#(359 50 1 6)
#(359 51 0 8)
#(359 52 0 16)
#(359 53 1 64)
#(359 54 1 59)
#(359 55 1 65)
#(359 56 1 45)
#(359 57 0 55)
#(359 58 1 78)
#(359 59 0 12)
#(359 60 0 17)
#(359 61 1 98)
#(359 62 0 97)
#(359 63 0 85)
#(359 64 0 91)
#(359 65 0 60)
#(359 66 0 2)
#(359 67 0 82)
#(359 68 1 14)
#(359 69 0 64)
#(360 1 0 12)
#(360 2 1 42)
#(360 3 1 7)
#(360 4 1 14)
#(360 5 1 95)
#(360 6 0 11)
#(360 7 0 82)
#(360 8 1 31)
#(360 9 0 55)
#(360 10 1 32)
#(360 11 1 90)
#(360 12 0 15)
#(360 13 1 70)
#(360 14 0 56)
#(360 15 0 7)
#(360 16 0 5)
#(360 17 0 80)
#(360 18 0 43)
#(360 19 0 45)
#(360 20 0 16)
#(360 21 0 51)
#(360 22 0 68)
#(360 23 1 12)
#(360 24 0 2)
#(360 25 1 4)
#(360 26 0 61)
#(360 27 0 10)
#(360 28 1 73)
#(360 29 0 67)
#(360 30 0 68)
#(360 31 0 69)
#(360 32 0 40)
#(360 33 1 90)
#(360 34 0 11)
#(360 35 0 29)
#(360 36 0 20)
#(360 37 1 78)
#(360 38 0 51)
#(360 39 0 59)
#(360 40 1 88)
#(360 41 0 73)
#(360 42 0 49)
#(360 43 0 3)
#(360 44 0 60)
#(360 45 0 30)
#(360 46 0 9)
#(360 47 0 30)
#(360 48 0 51)
#(360 49 0 64)
#(360 50 1 68)
#(360 51 1 4)
#(360 52 1 42)
#(360 53 0 44)
#(360 54 0 84)
#(360 55 0 83)
#(360 56 1 91)
#(360 57 1 42)
#(360 58 0 90)
#(360 59 1 76)
#(360 60 1 55)
#(360 61 1 92)
#(360 62 1 7)
#(360 63 1 60)
#(360 64 1 1)
#(360 65 0 96)
#(360 66 0 58)
#(360 67 0 39)
#(360 68 1 49)
#(360 69 0 13)
#(361 1 1 69)
#(361 2 0 30)
#(361 3 0 87)
#(361 4 0 89)
#(361 5 0 47)
#(361 6 1 57)
#(361 7 0 76)
#(361 8 1 54)
#(361 9 1 46)
#(361 10 1 91)
#(361 11 1 37)
#(361 12 0 46)
#(361 13 0 65)
#(361 14 0 69)
#(361 15 1 96)
#(361 16 0 76)
#(361 17 0 61)
#(361 18 0 49)
#(361 19 0 56)
#(361 20 0 87)
#(361 21 0 9)
#(361 22 0 67)
#(361 23 1 13)
#(361 24 1 33)
#(361 25 0 60)
#(361 26 0 13)
#(361 27 0 16)
#(361 28 0 86)
#(361 29 0 82)
#(361 30 1 76)
#(361 31 0 14)
#(361 32 1 7)
#(361 33 1 42)
#(361 34 0 36)
#(361 35 0 49)
#(361 36 0 75)
#(361 37 0 23)
#(361 38 0 77)
#(361 39 0 44)
#(361 40 0 84)
#(361 41 1 51)
#(361 42 1 5)
#(361 43 0 74)
#(361 44 0 70)
#(361 45 1 64)
#(361 46 0 68)
#(361 47 0 27)
#(361 48 1 89)
#(361 49 1 49)
#(361 50 0 16)
#(361 51 0 40)
#(361 52 1 71)
#(361 53 0 39)
#(361 54 1 67)
#(361 55 1 17)
#(361 56 0 10)
#(361 57 1 90)
#(361 58 1 42)
#(361 59 1 18)
#(361 60 0 53)
#(361 61 0 19)
#(361 62 0 91)
#(361 63 0 47)
#(361 64 0 78)
#(361 65 0 6)
#(361 66 0 35)
#(361 67 0 0)
#(361 68 1 71)
#(361 69 0 12)
#(362 1 0 63)
#(362 2 0 10)
#(362 3 1 15)
#(362 4 0 39)
#(362 5 0 38)
#(362 6 0 57)
#(362 7 0 28)
#(362 8 0 92)
#(362 9 0 44)
#(362 10 0 75)
#(362 11 0 18)
#(362 12 1 2)
#(362 13 0 10)
#(362 14 1 71)
#(362 15 1 85)
#(362 16 1 24)
#(362 17 1 83)
#(362 18 1 44)
#(362 19 0 68)
#(362 20 0 50)
#(362 21 0 61)
#(362 22 0 62)
#(362 23 0 21)
#(362 24 1 91)
#(362 25 1 32)
#(362 26 0 83)
#(362 27 0 96)
#(362 28 0 77)
#(362 29 1 80)
#(362 30 0 58)
#(362 31 0 55)
#(362 32 1 71)
#(362 33 0 64)
#(362 34 0 94)
#(362 35 0 8)
#(362 36 1 0)
#(362 37 1 83)
#(362 38 0 72)
#(362 39 0 2)
#(362 40 0 90)
#(362 41 1 10)
#(362 42 0 14)
#(362 43 1 74)
#(362 44 0 60)
#(362 45 0 20)
#(362 46 0 13)
#(362 47 0 16)
#(362 48 0 63)
#(362 49 1 87)
#(362 50 0 41)
#(362 51 1 46)
#(362 52 0 89)
#(362 53 1 14)
#(362 54 1 10)
#(362 55 0 51)
#(362 56 0 90)
#(362 57 0 74)
#(362 58 0 50)
#(362 59 1 28)
#(362 60 0 97)
#(362 61 0 42)
#(362 62 0 49)
#(362 63 0 38)
#(362 64 0 87)
#(362 65 0 89)
#(362 66 1 21)
#(362 67 0 27)
#(362 68 0 79)
#(362 69 0 52)
#(363 1 0 54)
#(363 2 0 45)
#(363 3 1 52)
#(363 4 0 41)
#(363 5 0 7)
#(363 6 1 75)
#(363 7 0 55)
#(363 8 1 78)
#(363 9 0 39)
#(363 10 1 5)
#(363 11 1 89)
#(363 12 0 79)
#(363 13 0 20)
#(363 14 1 74)
#(363 15 0 97)
#(363 16 0 31)
#(363 17 1 31)
#(363 18 0 90)
#(363 19 0 78)
#(363 20 0 68)
#(363 21 0 93)
#(363 22 0 21)
#(363 23 1 97)
#(363 24 0 41)
#(363 25 0 45)
#(363 26 0 85)
#(363 27 0 14)
#(363 28 0 31)
#(363 29 0 67)
#(363 30 0 1)
#(363 31 1 75)
#(363 32 0 88)
#(363 33 0 47)
#(363 34 1 85)
#(363 35 1 85)
#(363 36 1 77)
#(363 37 1 95)
#(363 38 1 78)
#(363 39 0 41)
#(363 40 0 60)
#(363 41 0 35)
#(363 42 0 29)
#(363 43 0 65)
#(363 44 0 85)
#(363 45 0 71)
#(363 46 1 3)
#(363 47 0 62)
#(363 48 0 12)
#(363 49 0 43)
#(363 50 0 30)
#(363 51 0 12)
#(363 52 0 6)
#(363 53 0 28)
#(363 54 1 11)
#(363 55 0 93)
#(363 56 0 13)
#(363 57 1 28)
#(363 58 1 63)
#(363 59 0 27)
#(363 60 0 24)
#(363 61 1 49)
#(363 62 1 11)
#(363 63 0 64)
#(363 64 0 21)
#(363 65 0 2)
#(363 66 0 51)
#(363 67 1 12)
#(363 68 0 64)
#(363 69 0 9)
#(364 1 0 52)
#(364 2 0 51)
#(364 3 0 10)
#(364 4 0 26)
#(364 5 0 12)
#(364 6 0 3)
#(364 7 0 64)
#(364 8 1 10)
#(364 9 0 43)
#(364 10 0 60)
#(364 11 0 28)
#(364 12 1 64)
#(364 13 0 94)
#(364 14 0 1)
#(364 15 0 25)
#(364 16 1 6)
#(364 17 0 48)
#(364 18 0 4)
#(364 19 0 93)
#(364 20 0 77)
#(364 21 1 10)
#(364 22 0 13)
#(364 23 0 16)
#(364 24 0 22)
#(364 25 1 96)
#(364 26 1 49)
#(364 27 0 27)
#(364 28 0 1)
#(364 29 1 20)
#(364 30 0 73)
#(364 31 1 11)
#(364 32 0 0)
#(364 33 1 70)
#(364 34 1 77)
#(364 35 0 85)
#(364 36 1 25)
#(364 37 0 53)
#(364 38 1 13)
#(364 39 1 57)
#(364 40 0 39)
#(364 41 0 49)
#(364 42 0 66)
#(364 43 0 61)
#(364 44 1 97)
#(364 45 0 61)
#(364 46 0 81)
#(364 47 1 25)
#(364 48 0 20)
#(364 49 0 57)
#(364 50 1 94)
#(364 51 0 38)
#(364 52 0 86)
#(364 53 0 30)
#(364 54 0 72)
#(364 55 0 79)
#(364 56 0 10)
#(364 57 1 1)
#(364 58 0 36)
#(364 59 0 28)
#(364 60 0 94)
#(364 61 1 1)
#(364 62 1 78)
#(364 63 1 71)
#(364 64 0 4)
#(364 65 0 26)
#(364 66 0 76)
#(364 67 1 44)
#(364 68 1 14)
#(364 69 0 91)
#(365 1 0 72)
#(365 2 0 48)
#(365 3 0 44)
#(365 4 1 16)
#(365 5 0 91)
#(365 6 1 55)
#(365 7 0 38)
#(365 8 0 97)
#(365 9 0 23)
#(365 10 0 20)
#(365 11 1 22)
#(365 12 0 11)
#(365 13 1 49)
#(365 14 1 52)
#(365 15 0 97)
#(365 16 0 14)
#(365 17 0 60)
#(365 18 0 35)
#(365 19 0 62)
#(365 20 1 22)
#(365 21 0 32)
#(365 22 1 12)
#(365 23 1 81)
#(365 24 0 34)
#(365 25 1 61)
#(365 26 1 60)
#(365 27 0 27)
#(365 28 1 74)
#(365 29 1 3)
#(365 30 0 34)
#(365 31 0 40)
#(365 32 1 85)
#(365 33 0 26)
#(365 34 1 59)
#(365 35 0 7)
#(365 36 0 96)
#(365 37 0 46)
#(365 38 1 98)
#(365 39 1 6)
#(365 40 0 22)
#(365 41 0 52)
#(365 42 0 7)
#(365 43 0 74)
#(365 44 0 41)
#(365 45 0 55)
#(365 46 1 59)
#(365 47 1 70)
#(365 48 0 88)
#(365 49 0 39)
#(365 50 1 8)
#(365 51 0 31)
#(365 52 0 9)
#(365 53 1 71)
#(365 54 0 70)
#(365 55 0 92)
#(365 56 0 17)
#(365 57 1 79)
#(365 58 0 84)
#(365 59 1 57)
#(365 60 1 6)
#(365 61 1 62)
#(365 62 0 24)
#(365 63 1 43)
#(365 64 0 19)
#(365 65 0 4)
#(365 66 1 62)
#(365 67 0 50)
#(365 68 0 58)
#(365 69 0 25)
#(366 1 1 34)
#(366 2 1 3)
#(366 3 0 98)
#(366 4 0 8)
#(366 5 0 66)
#(366 6 0 22)
#(366 7 0 66)
#(366 8 0 33)
#(366 9 1 87)
#(366 10 0 65)
#(366 11 0 83)
#(366 12 0 69)
#(366 13 0 4)
#(366 14 0 75)
#(366 15 0 65)
#(366 16 0 64)
#(366 17 1 77)
#(366 18 0 20)
#(366 19 0 58)
#(366 20 0 24)
#(366 21 0 2)
#(366 22 0 94)
#(366 23 1 31)
#(366 24 0 95)
#(366 25 1 55)
#(366 26 1 11)
#(366 27 0 42)
#(366 28 0 69)
#(366 29 1 25)
#(366 30 0 4)
#(366 31 0 54)
#(366 32 0 22)
#(366 33 0 84)
#(366 34 1 95)
#(366 35 0 50)
#(366 36 0 19)
#(366 37 0 83)
#(366 38 1 88)
#(366 39 0 48)
#(366 40 1 68)
#(366 41 0 81)
#(366 42 0 62)
#(366 43 0 30)
#(366 44 1 12)
#(366 45 1 16)
#(366 46 1 93)
#(366 47 0 91)
#(366 48 1 72)
#(366 49 0 73)
#(366 50 0 58)
#(366 51 0 53)
#(366 52 1 61)
#(366 53 0 9)
#(366 54 0 20)
#(366 55 1 7)
#(366 56 0 79)
#(366 57 0 12)
#(366 58 0 48)
#(366 59 0 21)
#(366 60 0 92)
#(366 61 1 70)
#(366 62 0 96)
#(366 63 0 20)
#(366 64 0 67)
#(366 65 0 16)
#(366 66 0 24)
#(366 67 0 95)
#(366 68 1 6)
#(366 69 0 91)
#(367 1 0 6)
#(367 2 0 68)
#(367 3 1 88)
#(367 4 0 42)
#(367 5 0 96)
#(367 6 1 77)
#(367 7 0 67)
#(367 8 0 51)
#(367 9 0 74)
#(367 10 1 42)
#(367 11 1 9)
#(367 12 0 92)
#(367 13 0 73)
#(367 14 0 87)
#(367 15 0 98)
#(367 16 0 49)
#(367 17 1 74)
#(367 18 0 69)
#(367 19 0 63)
#(367 20 0 25)
#(367 21 1 86)
#(367 22 0 28)
#(367 23 1 43)
#(367 24 1 77)
#(367 25 0 72)
#(367 26 0 1)
#(367 27 0 87)
#(367 28 1 17)
#(367 29 0 30)
#(367 30 0 18)
#(367 31 0 11)
#(367 32 1 52)
#(367 33 0 52)
#(367 34 0 40)
#(367 35 0 54)
#(367 36 0 87)
#(367 37 0 23)
#(367 38 0 44)
#(367 39 1 32)
#(367 40 1 82)
#(367 41 0 78)
#(367 42 0 14)
#(367 43 1 59)
#(367 44 0 3)
#(367 45 0 0)
#(367 46 0 62)
#(367 47 0 74)
#(367 48 1 48)
#(367 49 0 70)
#(367 50 0 11)
#(367 51 0 24)
#(367 52 0 98)
#(367 53 0 3)
#(367 54 0 44)
#(367 55 0 16)
#(367 56 1 86)
#(367 57 0 34)
#(367 58 1 1)
#(367 59 0 91)
#(367 60 0 3)
#(367 61 0 20)
#(367 62 0 51)
#(367 63 1 48)
#(367 64 0 45)
#(367 65 0 36)
#(367 66 0 30)
#(367 67 0 75)
#(367 68 0 45)
#(367 69 0 6)
#(368 1 0 85)
#(368 2 0 82)
#(368 3 0 33)
#(368 4 0 39)
#(368 5 0 59)
#(368 6 0 38)
#(368 7 0 78)
#(368 8 1 61)
#(368 9 0 49)
#(368 10 0 74)
#(368 11 0 73)
#(368 12 0 32)
#(368 13 1 65)
#(368 14 0 41)
#(368 15 1 59)
#(368 16 1 75)
#(368 17 0 97)
#(368 18 0 72)
#(368 19 1 50)
#(368 20 0 6)
#(368 21 1 51)
#(368 22 0 90)
#(368 23 1 52)
#(368 24 1 44)
#(368 25 0 95)
#(368 26 0 82)
#(368 27 0 96)
#(368 28 0 84)
#(368 29 0 21)
#(368 30 0 57)
#(368 31 0 57)
#(368 32 1 30)
#(368 33 1 91)
#(368 34 0 87)
#(368 35 0 72)
#(368 36 0 97)
#(368 37 1 19)
#(368 38 0 58)
#(368 39 0 88)
#(368 40 1 12)
#(368 41 1 62)
#(368 42 1 69)
#(368 43 0 18)
#(368 44 0 50)
#(368 45 0 33)
#(368 46 0 11)
#(368 47 0 29)
#(368 48 0 57)
#(368 49 0 18)
#(368 50 0 19)
#(368 51 1 90)
#(368 52 0 31)
#(368 53 0 17)
#(368 54 1 24)
#(368 55 1 58)
#(368 56 1 7)
#(368 57 0 58)
#(368 58 0 33)
#(368 59 0 22)
#(368 60 0 74)
#(368 61 0 87)
#(368 62 0 68)
#(368 63 0 29)
#(368 64 0 43)
#(368 65 1 4)
#(368 66 1 37)
#(368 67 0 52)
#(368 68 0 54)
#(368 69 0 84)
#(369 1 1 30)
#(369 2 1 23)
#(369 3 1 11)
#(369 4 0 65)
#(369 5 0 82)
#(369 6 1 14)
#(369 7 0 71)
#(369 8 0 15)
#(369 9 0 72)
#(369 10 0 30)
#(369 11 0 81)
#(369 12 1 23)
#(369 13 0 97)
#(369 14 0 97)
#(369 15 1 86)
#(369 16 1 16)
#(369 17 0 32)
#(369 18 0 15)
#(369 19 0 93)
#(369 20 0 16)
#(369 21 0 1)
#(369 22 0 1)
#(369 23 0 75)
#(369 24 0 3)
#(369 25 1 32)
#(369 26 0 80)
#(369 27 0 19)
#(369 28 1 65)
#(369 29 0 7)
#(369 30 0 52)
#(369 31 1 45)
#(369 32 0 86)
#(369 33 0 91)
#(369 34 1 32)
#(369 35 0 15)
#(369 36 0 96)
#(369 37 1 81)
#(369 38 0 64)
#(369 39 1 10)
#(369 40 1 87)
#(369 41 0 65)
#(369 42 0 9)
#(369 43 0 82)
#(369 44 0 25)
#(369 45 1 11)
#(369 46 1 41)
#(369 47 1 22)
#(369 48 1 69)
#(369 49 0 36)
#(369 50 1 23)
#(369 51 0 36)
#(369 52 0 5)
#(369 53 0 20)
#(369 54 0 74)
#(369 55 1 27)
#(369 56 1 68)
#(369 57 0 47)
#(369 58 0 43)
#(369 59 1 42)
#(369 60 0 89)
#(369 61 0 38)
#(369 62 0 68)
#(369 63 1 52)
#(369 64 1 6)
#(369 65 1 52)
#(369 66 0 97)
#(369 67 1 96)
#(369 68 1 21)
#(369 69 1 87)
#(370 1 1 2)
#(370 2 0 75)
#(370 3 1 92)
#(370 4 1 9)
#(370 5 0 83)
#(370 6 1 51)
#(370 7 0 61)
#(370 8 0 67)
#(370 9 0 15)
#(370 10 1 31)
#(370 11 0 74)
#(370 12 1 53)
#(370 13 0 20)
#(370 14 1 88)
#(370 15 0 38)
#(370 16 0 40)
#(370 17 1 65)
#(370 18 1 31)
#(370 19 0 70)
#(370 20 0 33)
#(370 21 1 70)
#(370 22 1 26)
#(370 23 0 57)
#(370 24 1 49)
#(370 25 0 7)
#(370 26 1 28)
#(370 27 1 7)
#(370 28 0 72)
#(370 29 1 27)
#(370 30 0 94)
#(370 31 0 8)
#(370 32 0 24)
#(370 33 0 76)
#(370 34 1 46)
#(370 35 0 55)
#(370 36 1 10)
#(370 37 1 24)
#(370 38 0 8)
#(370 39 0 59)
#(370 40 0 52)
#(370 41 1 97)
#(370 42 1 41)
#(370 43 1 5)
#(370 44 1 35)
#(370 45 0 36)
#(370 46 0 37)
#(370 47 0 41)
#(370 48 0 21)
#(370 49 0 27)
#(370 50 0 80)
#(370 51 1 57)
#(370 52 1 91)
#(370 53 0 73)
#(370 54 0 51)
#(370 55 0 36)
#(370 56 0 67)
#(370 57 1 19)
#(370 58 1 53)
#(370 59 0 4)
#(370 60 1 58)
#(370 61 0 72)
#(370 62 1 78)
#(370 63 0 30)
#(370 64 0 76)
#(370 65 1 65)
#(370 66 0 42)
#(370 67 1 24)
#(370 68 0 94)
#(370 69 1 51)
#(371 1 1 7)
#(371 2 0 14)
#(371 3 0 27)
#(371 4 0 50)
#(371 5 1 29)
#(371 6 1 34)
#(371 7 1 26)
#(371 8 1 81)
#(371 9 0 35)
#(371 10 0 19)
#(371 11 0 70)
#(371 12 0 19)
#(371 13 0 6)
#(371 14 0 47)
#(371 15 0 9)
#(371 16 0 85)
#(371 17 1 28)
#(371 18 1 26)
#(371 19 1 90)
#(371 20 1 53)
#(371 21 1 13)
#(371 22 1 40)
#(371 23 0 90)
#(371 24 1 73)
#(371 25 0 47)
#(371 26 0 96)
#(371 27 0 82)
#(371 28 0 7)
#(371 29 0 45)
#(371 30 0 44)
#(371 31 1 60)
#(371 32 0 58)
#(371 33 1 62)
#(371 34 0 0)
#(371 35 0 46)
#(371 36 0 28)
#(371 37 1 66)
#(371 38 0 84)
#(371 39 0 54)
#(371 40 0 44)
#(371 41 0 56)
#(371 42 1 44)
#(371 43 1 88)
#(371 44 0 96)
#(371 45 0 46)
#(371 46 0 58)
#(371 47 0 67)
#(371 48 1 53)
#(371 49 0 83)
#(371 50 0 32)
#(371 51 0 70)
#(371 52 1 32)
#(371 53 0 6)
#(371 54 0 11)
#(371 55 0 73)
#(371 56 0 29)
#(371 57 1 45)
#(371 58 0 97)
#(371 59 0 51)
#(371 60 0 56)
#(371 61 0 29)
#(371 62 0 44)
#(371 63 0 61)
#(371 64 0 69)
#(371 65 0 95)
#(371 66 1 1)
#(371 67 0 9)
#(371 68 0 22)
#(371 69 1 83)
#(372 1 1 1)
#(372 2 1 43)
#(372 3 1 32)
#(372 4 0 80)
#(372 5 1 72)
#(372 6 1 49)
#(372 7 1 41)
#(372 8 0 50)
#(372 9 0 62)
#(372 10 0 92)
#(372 11 0 41)
#(372 12 1 79)
#(372 13 0 58)
#(372 14 1 20)
#(372 15 0 58)
#(372 16 1 66)
#(372 17 0 85)
#(372 18 1 7)
#(372 19 0 91)
#(372 20 1 14)
#(372 21 0 90)
#(372 22 1 98)
#(372 23 0 79)
#(372 24 0 21)
#(372 25 0 59)
#(372 26 1 10)
#(372 27 1 6)
#(372 28 0 16)
#(372 29 0 70)
#(372 30 1 28)
#(372 31 1 29)
#(372 32 0 61)
#(372 33 0 48)
#(372 34 1 46)
#(372 35 0 20)
#(372 36 0 97)
#(372 37 0 82)
#(372 38 1 6)
#(372 39 0 2)
#(372 40 1 97)
#(372 41 0 65)
#(372 42 1 20)
#(372 43 1 80)
#(372 44 0 48)
#(372 45 0 31)
#(372 46 0 50)
#(372 47 0 42)
#(372 48 1 27)
#(372 49 0 81)
#(372 50 0 89)
#(372 51 0 81)
#(372 52 1 53)
#(372 53 0 90)
#(372 54 0 18)
#(372 55 0 55)
#(372 56 1 91)
#(372 57 0 69)
#(372 58 1 14)
#(372 59 0 93)
#(372 60 0 22)
#(372 61 1 18)
#(372 62 0 27)
#(372 63 1 36)
#(372 64 0 50)
#(372 65 1 40)
#(372 66 1 11)
#(372 67 1 39)
#(372 68 0 47)
#(372 69 0 39)
#(373 1 0 12)
#(373 2 0 71)
#(373 3 1 49)
#(373 4 1 15)
#(373 5 0 89)
#(373 6 1 24)
#(373 7 0 58)
#(373 8 0 40)
#(373 9 0 27)
#(373 10 0 55)
#(373 11 0 92)
#(373 12 0 44)
#(373 13 0 41)
#(373 14 1 40)
#(373 15 0 26)
#(373 16 0 9)
#(373 17 0 65)
#(373 18 0 14)
#(373 19 0 58)
#(373 20 0 69)
#(373 21 1 26)
#(373 22 0 86)
#(373 23 1 22)
#(373 24 1 10)
#(373 25 1 60)
#(373 26 1 43)
#(373 27 0 11)
#(373 28 0 81)
#(373 29 0 68)
#(373 30 0 78)
#(373 31 0 65)
#(373 32 0 83)
#(373 33 0 80)
#(373 34 0 82)
#(373 35 0 16)
#(373 36 1 25)
#(373 37 1 62)
#(373 38 1 37)
#(373 39 1 1)
#(373 40 0 14)
#(373 41 0 56)
#(373 42 0 8)
#(373 43 0 46)
#(373 44 0 58)
#(373 45 1 54)
#(373 46 0 88)
#(373 47 1 69)
#(373 48 1 97)
#(373 49 1 79)
#(373 50 0 95)
#(373 51 0 26)
#(373 52 1 60)
#(373 53 0 27)
#(373 54 1 15)
#(373 55 0 92)
#(373 56 0 10)
#(373 57 0 61)
#(373 58 0 97)
#(373 59 0 80)
#(373 60 0 47)
#(373 61 1 39)
#(373 62 0 19)
#(373 63 0 78)
#(373 64 0 50)
#(373 65 0 58)
#(373 66 0 29)
#(373 67 0 61)
#(373 68 0 38)
#(373 69 1 68)
#(374 1 0 10)
#(374 2 1 5)
#(374 3 0 15)
#(374 4 0 92)
#(374 5 0 54)
#(374 6 0 76)
#(374 7 1 86)
#(374 8 1 65)
#(374 9 1 31)
#(374 10 0 45)
#(374 11 1 30)
#(374 12 0 17)
#(374 13 0 36)
#(374 14 1 48)
#(374 15 0 68)
#(374 16 0 35)
#(374 17 0 64)
#(374 18 1 51)
#(374 19 0 32)
#(374 20 0 15)
#(374 21 1 68)
#(374 22 0 67)
#(374 23 1 78)
#(374 24 0 78)
#(374 25 0 89)
#(374 26 0 3)
#(374 27 0 1)
#(374 28 0 33)
#(374 29 0 16)
#(374 30 0 24)
#(374 31 0 1)
#(374 32 0 68)
#(374 33 1 97)
#(374 34 0 75)
#(374 35 0 58)
#(374 36 1 75)
#(374 37 0 22)
#(374 38 0 38)
#(374 39 1 32)
#(374 40 0 59)
#(374 41 1 69)
#(374 42 1 8)
#(374 43 1 1)
#(374 44 0 24)
#(374 45 0 74)
#(374 46 1 10)
#(374 47 0 86)
#(374 48 0 32)
#(374 49 1 73)
#(374 50 0 57)
#(374 51 1 30)
#(374 52 0 53)
#(374 53 1 30)
#(374 54 0 62)
#(374 55 1 9)
#(374 56 0 31)
#(374 57 0 51)
#(374 58 0 78)
#(374 59 0 94)
#(374 60 0 53)
#(374 61 0 28)
#(374 62 0 62)
#(374 63 0 68)
#(374 64 0 54)
#(374 65 0 80)
#(374 66 0 58)
#(374 67 0 58)
#(374 68 0 82)
#(374 69 0 63)
#(375 1 1 24)
#(375 2 0 19)
#(375 3 0 90)
#(375 4 1 46)
#(375 5 0 0)
#(375 6 0 53)
#(375 7 1 19)
#(375 8 0 92)
#(375 9 0 38)
#(375 10 1 42)
#(375 11 0 20)
#(375 12 0 61)
#(375 13 0 41)
#(375 14 0 97)
#(375 15 1 74)
#(375 16 1 81)
#(375 17 0 87)
#(375 18 1 11)
#(375 19 0 22)
#(375 20 1 98)
#(375 21 1 31)
#(375 22 0 74)
#(375 23 0 88)
#(375 24 0 30)
#(375 25 0 32)
#(375 26 0 41)
#(375 27 0 61)
#(375 28 0 52)
#(375 29 0 29)
#(375 30 1 1)
#(375 31 0 21)
#(375 32 0 35)
#(375 33 0 72)
#(375 34 1 13)
#(375 35 0 34)
#(375 36 1 19)
#(375 37 0 74)
#(375 38 0 34)
#(375 39 0 16)
#(375 40 1 70)
#(375 41 0 39)
#(375 42 0 92)
#(375 43 1 6)
#(375 44 1 75)
#(375 45 1 49)
#(375 46 0 9)
#(375 47 0 94)
#(375 48 1 87)
#(375 49 0 58)
#(375 50 1 72)
#(375 51 1 72)
#(375 52 1 97)
#(375 53 1 50)
#(375 54 0 82)
#(375 55 0 5)
#(375 56 0 88)
#(375 57 0 81)
#(375 58 1 10)
#(375 59 0 18)
#(375 60 0 35)
#(375 61 0 5)
#(375 62 1 35)
#(375 63 1 32)
#(375 64 1 3)
#(375 65 1 0)
#(375 66 0 48)
#(375 67 0 61)
#(375 68 0 49)
#(375 69 0 34)
#(376 1 0 67)
#(376 2 1 57)
#(376 3 0 71)
#(376 4 0 61)
#(376 5 0 38)
#(376 6 0 4)
#(376 7 1 71)
#(376 8 1 30)
#(376 9 0 73)
#(376 10 0 15)
#(376 11 0 46)
#(376 12 0 76)
#(376 13 0 92)
#(376 14 0 27)
#(376 15 0 37)
#(376 16 0 96)
#(376 17 1 1)
#(376 18 0 66)
#(376 19 0 20)
#(376 20 1 77)
#(376 21 1 45)
#(376 22 0 7)
#(376 23 0 16)
#(376 24 0 84)
#(376 25 0 3)
#(376 26 0 27)
#(376 27 1 65)
#(376 28 1 48)
#(376 29 1 94)
#(376 30 0 36)
#(376 31 0 26)
#(376 32 0 6)
#(376 33 1 57)
#(376 34 1 87)
#(376 35 1 56)
#(376 36 0 73)
#(376 37 0 67)
#(376 38 0 66)
#(376 39 0 9)
#(376 40 0 24)
#(376 41 0 21)
#(376 42 0 19)
#(376 43 0 75)
#(376 44 1 48)
#(376 45 1 10)
#(376 46 0 26)
#(376 47 0 16)
#(376 48 0 37)
#(376 49 1 14)
#(376 50 0 64)
#(376 51 0 60)
#(376 52 0 48)
#(376 53 0 96)
#(376 54 1 66)
#(376 55 1 11)
#(376 56 0 12)
#(376 57 1 72)
#(376 58 0 43)
#(376 59 1 17)
#(376 60 0 72)
#(376 61 0 44)
#(376 62 0 45)
#(376 63 0 6)
#(376 64 0 37)
#(376 65 1 16)
#(376 66 0 33)
#(376 67 0 12)
#(376 68 0 85)
#(376 69 0 25)
#(377 1 0 44)
#(377 2 0 79)
#(377 3 1 1)
#(377 4 0 6)
#(377 5 0 96)
#(377 6 0 34)
#(377 7 1 24)
#(377 8 1 44)
#(377 9 0 86)
#(377 10 0 42)
#(377 11 0 3)
#(377 12 0 97)
#(377 13 0 70)
#(377 14 1 65)
#(377 15 0 62)
#(377 16 0 27)
#(377 17 0 2)
#(377 18 0 49)
#(377 19 0 65)
#(377 20 0 19)
#(377 21 0 34)
#(377 22 0 17)
#(377 23 0 38)
#(377 24 0 20)
#(377 25 1 40)
#(377 26 0 86)
#(377 27 0 11)
#(377 28 0 15)
#(377 29 0 28)
#(377 30 0 18)
#(377 31 0 74)
#(377 32 0 5)
#(377 33 1 61)
#(377 34 0 59)
#(377 35 1 2)
#(377 36 0 45)
#(377 37 0 89)
#(377 38 1 60)
#(377 39 0 67)
#(377 40 0 79)
#(377 41 0 19)
#(377 42 0 73)
#(377 43 1 66)
#(377 44 0 38)
#(377 45 0 13)
#(377 46 0 30)
#(377 47 1 25)
#(377 48 1 64)
#(377 49 1 33)
#(377 50 0 93)
#(377 51 0 71)
#(377 52 0 17)
#(377 53 0 71)
#(377 54 0 96)
#(377 55 1 54)
#(377 56 0 12)
#(377 57 0 21)
#(377 58 0 96)
#(377 59 0 94)
#(377 60 1 62)
#(377 61 0 48)
#(377 62 0 26)
#(377 63 0 51)
#(377 64 1 63)
#(377 65 1 25)
#(377 66 0 77)
#(377 67 1 21)
#(377 68 0 76)
#(377 69 0 61)
#(378 1 1 38)
#(378 2 1 48)
#(378 3 0 57)
#(378 4 0 59)
#(378 5 0 68)
#(378 6 1 57)
#(378 7 0 67)
#(378 8 0 81)
#(378 9 0 41)
#(378 10 0 0)
#(378 11 0 82)
#(378 12 0 62)
#(378 13 0 70)
#(378 14 1 42)
#(378 15 0 61)
#(378 16 0 85)
#(378 17 0 91)
#(378 18 0 26)
#(378 19 1 43)
#(378 20 0 28)
#(378 21 1 19)
#(378 22 0 10)
#(378 23 0 5)
#(378 24 0 78)
#(378 25 0 70)
#(378 26 0 44)
#(378 27 0 69)
#(378 28 0 55)
#(378 29 1 25)
#(378 30 0 6)
#(378 31 0 37)
#(378 32 1 94)
#(378 33 1 89)
#(378 34 0 53)
#(378 35 1 1)
#(378 36 0 36)
#(378 37 0 68)
#(378 38 0 86)
#(378 39 0 29)
#(378 40 0 54)
#(378 41 0 44)
#(378 42 0 56)
#(378 43 0 9)
#(378 44 0 68)
#(378 45 1 38)
#(378 46 0 41)
#(378 47 0 11)
#(378 48 0 18)
#(378 49 0 88)
#(378 50 0 37)
#(378 51 1 50)
#(378 52 1 73)
#(378 53 1 32)
#(378 54 1 24)
#(378 55 0 55)
#(378 56 0 1)
#(378 57 1 8)
#(378 58 0 11)
#(378 59 1 66)
#(378 60 0 43)
#(378 61 1 73)
#(378 62 0 82)
#(378 63 0 77)
#(378 64 1 15)
#(378 65 0 88)
#(378 66 0 35)
#(378 67 0 65)
#(378 68 0 54)
#(378 69 0 7)
#(379 1 1 10)
#(379 2 0 66)
#(379 3 0 48)
#(379 4 0 41)
#(379 5 0 47)
#(379 6 0 53)
#(379 7 0 22)
#(379 8 0 72)
#(379 9 0 69)
#(379 10 0 62)
#(379 11 0 12)
#(379 12 0 11)
#(379 13 0 50)
#(379 14 0 1)
#(379 15 0 83)
#(379 16 0 82)
#(379 17 1 75)
#(379 18 0 43)
#(379 19 1 15)
#(379 20 0 70)
#(379 21 1 70)
#(379 22 0 67)
#(379 23 0 27)
#(379 24 0 32)
#(379 25 1 8)
#(379 26 0 90)
#(379 27 1 34)
#(379 28 1 5)
#(379 29 0 75)
#(379 30 0 12)
#(379 31 0 8)
#(379 32 0 39)
#(379 33 0 8)
#(379 34 1 41)
#(379 35 1 1)
#(379 36 0 18)
#(379 37 1 3)
#(379 38 0 60)
#(379 39 1 33)
#(379 40 1 81)
#(379 41 1 82)
#(379 42 0 46)
#(379 43 0 18)
#(379 44 0 15)
#(379 45 1 38)
#(379 46 0 24)
#(379 47 1 81)
#(379 48 0 72)
#(379 49 0 14)
#(379 50 0 94)
#(379 51 0 71)
#(379 52 0 54)
#(379 53 1 70)
#(379 54 0 71)
#(379 55 0 3)
#(379 56 0 16)
#(379 57 0 44)
#(379 58 0 72)
#(379 59 0 24)
#(379 60 0 68)
#(379 61 0 80)
#(379 62 0 4)
#(379 63 0 20)
#(379 64 0 0)
#(379 65 0 93)
#(379 66 0 68)
#(379 67 1 72)
#(379 68 0 85)
#(379 69 1 55)
#(380 1 1 93)
#(380 2 0 15)
#(380 3 0 39)
#(380 4 1 28)
#(380 5 0 46)
#(380 6 1 27)
#(380 7 0 26)
#(380 8 0 41)
#(380 9 0 75)
#(380 10 0 78)
#(380 11 1 88)
#(380 12 0 73)
#(380 13 0 31)
#(380 14 1 44)
#(380 15 0 32)
#(380 16 0 65)
#(380 17 0 7)
#(380 18 1 52)
#(380 19 0 52)
#(380 20 1 62)
#(380 21 1 4)
#(380 22 1 11)
#(380 23 0 59)
#(380 24 0 89)
#(380 25 0 36)
#(380 26 0 2)
#(380 27 1 83)
#(380 28 1 45)
#(380 29 0 82)
#(380 30 0 71)
#(380 31 0 56)
#(380 32 1 85)
#(380 33 1 40)
#(380 34 0 83)
#(380 35 0 56)
#(380 36 0 7)
#(380 37 0 42)
#(380 38 0 34)
#(380 39 0 86)
#(380 40 0 41)
#(380 41 1 24)
#(380 42 0 7)
#(380 43 1 39)
#(380 44 0 66)
#(380 45 0 97)
#(380 46 0 17)
#(380 47 0 80)
#(380 48 0 33)
#(380 49 0 1)
#(380 50 0 3)
#(380 51 0 4)
#(380 52 0 68)
#(380 53 0 60)
#(380 54 0 2)
#(380 55 0 28)
#(380 56 1 28)
#(380 57 0 78)
#(380 58 0 41)
#(380 59 0 53)
#(380 60 1 65)
#(380 61 0 29)
#(380 62 0 8)
#(380 63 0 41)
#(380 64 0 0)
#(380 65 0 37)
#(380 66 0 70)
#(380 67 0 59)
#(380 68 0 64)
#(380 69 0 86)
#(381 1 0 16)
#(381 2 1 36)
#(381 3 0 67)
#(381 4 1 60)
#(381 5 0 64)
#(381 6 0 23)
#(381 7 0 5)
#(381 8 1 18)
#(381 9 0 96)
#(381 10 0 46)
#(381 11 1 5)
#(381 12 0 66)
#(381 13 0 3)
#(381 14 0 17)
#(381 15 0 53)
#(381 16 1 44)
#(381 17 0 24)
#(381 18 0 33)
#(381 19 1 66)
#(381 20 1 53)
#(381 21 0 15)
#(381 22 0 73)
#(381 23 1 59)
#(381 24 0 75)
#(381 25 0 73)
#(381 26 0 67)
#(381 27 0 24)
#(381 28 0 31)
#(381 29 1 68)
#(381 30 0 12)
#(381 31 0 7)
#(381 32 0 98)
#(381 33 0 46)
#(381 34 1 19)
#(381 35 0 30)
#(381 36 0 35)
#(381 37 0 90)
#(381 38 0 29)
#(381 39 0 42)
#(381 40 0 65)
#(381 41 0 59)
#(381 42 1 29)
#(381 43 0 33)
#(381 44 0 28)
#(381 45 1 32)
#(381 46 1 2)
#(381 47 0 68)
#(381 48 1 45)
#(381 49 0 4)
#(381 50 0 5)
#(381 51 0 14)
#(381 52 0 31)
#(381 53 0 24)
#(381 54 1 60)
#(381 55 0 46)
#(381 56 0 54)
#(381 57 1 44)
#(381 58 1 35)
#(381 59 1 29)
#(381 60 0 58)
#(381 61 0 2)
#(381 62 0 44)
#(381 63 0 34)
#(381 64 0 81)
#(381 65 0 25)
#(381 66 0 5)
#(381 67 0 69)
#(381 68 0 23)
#(381 69 1 66)
#(382 1 0 52)
#(382 2 0 45)
#(382 3 0 69)
#(382 4 0 11)
#(382 5 0 92)
#(382 6 0 69)
#(382 7 0 57)
#(382 8 1 30)
#(382 9 0 30)
#(382 10 0 29)
#(382 11 0 19)
#(382 12 1 56)
#(382 13 0 45)
#(382 14 0 38)
#(382 15 0 58)
#(382 16 1 60)
#(382 17 0 70)
#(382 18 1 92)
#(382 19 0 24)
#(382 20 1 3)
#(382 21 0 78)
#(382 22 0 79)
#(382 23 0 45)
#(382 24 0 15)
#(382 25 1 24)
#(382 26 1 8)
#(382 27 0 72)
#(382 28 1 40)
#(382 29 1 50)
#(382 30 1 38)
#(382 31 0 5)
#(382 32 0 38)
#(382 33 1 37)
#(382 34 1 90)
#(382 35 0 43)
#(382 36 0 77)
#(382 37 0 95)
#(382 38 0 82)
#(382 39 0 46)
#(382 40 1 53)
#(382 41 1 60)
#(382 42 0 41)
#(382 43 0 0)
#(382 44 1 13)
#(382 45 1 34)
#(382 46 0 3)
#(382 47 0 4)
#(382 48 0 89)
#(382 49 1 6)
#(382 50 1 63)
#(382 51 1 63)
#(382 52 0 0)
#(382 53 1 72)
#(382 54 1 3)
#(382 55 0 43)
#(382 56 0 96)
#(382 57 1 41)
#(382 58 0 38)
#(382 59 0 12)
#(382 60 1 53)
#(382 61 1 71)
#(382 62 1 5)
#(382 63 0 78)
#(382 64 0 68)
#(382 65 0 49)
#(382 66 1 83)
#(382 67 1 33)
#(382 68 0 26)
#(382 69 1 56)
#(383 1 0 86)
#(383 2 1 94)
#(383 3 0 58)
#(383 4 0 89)
#(383 5 0 48)
#(383 6 0 32)
#(383 7 1 64)
#(383 8 0 76)
#(383 9 1 38)
#(383 10 0 32)
#(383 11 0 64)
#(383 12 1 42)
#(383 13 0 14)
#(383 14 0 80)
#(383 15 1 26)
#(383 16 0 50)
#(383 17 1 93)
#(383 18 1 82)
#(383 19 0 21)
#(383 20 1 17)
#(383 21 1 98)
#(383 22 0 37)
#(383 23 0 4)
#(383 24 0 53)
#(383 25 0 83)
#(383 26 0 1)
#(383 27 0 10)
#(383 28 1 65)
#(383 29 1 3)
#(383 30 0 94)
#(383 31 0 97)
#(383 32 0 36)
#(383 33 0 10)
#(383 34 0 32)
#(383 35 0 2)
#(383 36 1 29)
#(383 37 0 13)
#(383 38 1 30)
#(383 39 0 35)
#(383 40 0 66)
#(383 41 0 31)
#(383 42 1 5)
#(383 43 0 62)
#(383 44 1 91)
#(383 45 0 88)
#(383 46 0 57)
#(383 47 0 16)
#(383 48 1 50)
#(383 49 0 31)
#(383 50 0 52)
#(383 51 0 12)
#(383 52 0 50)
#(383 53 1 65)
#(383 54 1 8)
#(383 55 1 45)
#(383 56 1 72)
#(383 57 0 87)
#(383 58 1 45)
#(383 59 0 8)
#(383 60 1 0)
#(383 61 1 68)
#(383 62 0 0)
#(383 63 0 77)
#(383 64 1 46)
#(383 65 0 71)
#(383 66 0 57)
#(383 67 1 76)
#(383 68 1 0)
#(383 69 0 16)
#(384 1 0 59)
#(384 2 1 74)
#(384 3 1 78)
#(384 4 1 42)
#(384 5 0 4)
#(384 6 1 49)
#(384 7 1 77)
#(384 8 0 60)
#(384 9 0 10)
#(384 10 0 77)
#(384 11 1 93)
#(384 12 0 31)
#(384 13 0 5)
#(384 14 0 45)
#(384 15 0 72)
#(384 16 1 80)
#(384 17 0 49)
#(384 18 0 8)
#(384 19 0 55)
#(384 20 0 11)
#(384 21 0 87)
#(384 22 0 18)
#(384 23 0 41)
#(384 24 0 41)
#(384 25 1 59)
#(384 26 1 82)
#(384 27 0 85)
#(384 28 0 98)
#(384 29 0 10)
#(384 30 0 67)
#(384 31 0 68)
#(384 32 0 81)
#(384 33 0 44)
#(384 34 0 86)
#(384 35 1 83)
#(384 36 0 47)
#(384 37 0 76)
#(384 38 0 63)
#(384 39 0 47)
#(384 40 0 80)
#(384 41 0 81)
#(384 42 0 41)
#(384 43 1 74)
#(384 44 0 16)
#(384 45 0 86)
#(384 46 0 58)
#(384 47 1 40)
#(384 48 1 37)
#(384 49 0 20)
#(384 50 1 78)
#(384 51 0 53)
#(384 52 0 30)
#(384 53 0 18)
#(384 54 1 65)
#(384 55 0 26)
#(384 56 0 40)
#(384 57 0 75)
#(384 58 0 79)
#(384 59 1 3)
#(384 60 0 62)
#(384 61 0 58)
#(384 62 1 28)
#(384 63 0 86)
#(384 64 1 29)
#(384 65 1 6)
#(384 66 0 68)
#(384 67 1 91)
#(384 68 0 7)
#(384 69 0 17)
#(385 1 0 30)
#(385 2 0 1)
#(385 3 0 71)
#(385 4 0 55)
#(385 5 0 43)
#(385 6 0 86)
#(385 7 1 16)
#(385 8 1 93)
#(385 9 0 0)
#(385 10 0 48)
#(385 11 1 1)
#(385 12 1 15)
#(385 13 0 9)
#(385 14 0 49)
#(385 15 0 33)
#(385 16 0 80)
#(385 17 0 11)
#(385 18 0 32)
#(385 19 0 87)
#(385 20 0 23)
#(385 21 1 24)
#(385 22 0 76)
#(385 23 0 33)
#(385 24 0 20)
#(385 25 1 92)
#(385 26 0 72)
#(385 27 0 50)
#(385 28 0 14)
#(385 29 1 86)
#(385 30 0 14)
#(385 31 0 53)
#(385 32 1 58)
#(385 33 0 98)
#(385 34 1 47)
#(385 35 1 25)
#(385 36 1 93)
#(385 37 0 25)
#(385 38 0 71)
#(385 39 1 91)
#(385 40 0 52)
#(385 41 0 94)
#(385 42 0 65)
#(385 43 1 41)
#(385 44 1 77)
#(385 45 0 53)
#(385 46 0 84)
#(385 47 0 78)
#(385 48 0 30)
#(385 49 0 55)
#(385 50 0 96)
#(385 51 0 79)
#(385 52 0 44)
#(385 53 0 23)
#(385 54 0 25)
#(385 55 0 69)
#(385 56 0 5)
#(385 57 0 1)
#(385 58 1 12)
#(385 59 1 11)
#(385 60 1 76)
#(385 61 0 72)
#(385 62 0 60)
#(385 63 0 13)
#(385 64 0 98)
#(385 65 0 4)
#(385 66 1 89)
#(385 67 0 39)
#(385 68 0 5)
#(385 69 0 60)
#(386 1 0 87)
#(386 2 0 79)
#(386 3 0 22)
#(386 4 0 38)
#(386 5 1 96)
#(386 6 0 0)
#(386 7 1 55)
#(386 8 0 27)
#(386 9 0 12)
#(386 10 0 70)
#(386 11 0 21)
#(386 12 0 63)
#(386 13 0 62)
#(386 14 1 80)
#(386 15 0 81)
#(386 16 0 32)
#(386 17 1 47)
#(386 18 0 32)
#(386 19 0 82)
#(386 20 1 58)
#(386 21 1 80)
#(386 22 0 74)
#(386 23 0 43)
#(386 24 0 45)
#(386 25 0 49)
#(386 26 0 43)
#(386 27 0 51)
#(386 28 0 52)
#(386 29 1 26)
#(386 30 1 74)
#(386 31 1 28)
#(386 32 0 11)
#(386 33 0 11)
#(386 34 0 67)
#(386 35 0 28)
#(386 36 0 17)
#(386 37 0 76)
#(386 38 1 76)
#(386 39 0 59)
#(386 40 1 88)
#(386 41 0 77)
#(386 42 0 62)
#(386 43 0 20)
#(386 44 0 15)
#(386 45 0 45)
#(386 46 0 44)
#(386 47 0 30)
#(386 48 1 62)
#(386 49 0 76)
#(386 50 0 11)
#(386 51 1 71)
#(386 52 0 17)
#(386 53 0 94)
#(386 54 1 57)
#(386 55 0 42)
#(386 56 0 56)
#(386 57 0 52)
#(386 58 0 4)
#(386 59 0 19)
#(386 60 0 36)
#(386 61 0 88)
#(386 62 1 39)
#(386 63 1 55)
#(386 64 0 0)
#(386 65 0 53)
#(386 66 0 92)
#(386 67 0 16)
#(386 68 1 47)
#(386 69 0 75)
#(387 1 0 45)
#(387 2 0 71)
#(387 3 0 49)
#(387 4 0 20)
#(387 5 0 91)
#(387 6 0 37)
#(387 7 0 74)
#(387 8 0 28)
#(387 9 0 57)
#(387 10 1 10)
#(387 11 1 27)
#(387 12 0 66)
#(387 13 1 94)
#(387 14 0 62)
#(387 15 0 77)
#(387 16 1 90)
#(387 17 0 0)
#(387 18 0 34)
#(387 19 1 59)
#(387 20 0 58)
#(387 21 0 46)
#(387 22 0 89)
#(387 23 1 72)
#(387 24 1 94)
#(387 25 1 90)
#(387 26 0 61)
#(387 27 0 21)
#(387 28 0 14)
#(387 29 0 64)
#(387 30 0 31)
#(387 31 0 50)
#(387 32 1 42)
#(387 33 0 91)
#(387 34 0 57)
#(387 35 0 8)
#(387 36 1 2)
#(387 37 0 27)
#(387 38 0 95)
#(387 39 0 97)
#(387 40 0 82)
#(387 41 0 11)
#(387 42 1 70)
#(387 43 1 5)
#(387 44 0 5)
#(387 45 0 51)
#(387 46 1 58)
#(387 47 1 26)
#(387 48 1 21)
#(387 49 0 73)
#(387 50 0 0)
#(387 51 1 13)
#(387 52 0 67)
#(387 53 0 28)
#(387 54 0 62)
#(387 55 0 59)
#(387 56 0 28)
#(387 57 0 76)
#(387 58 1 79)
#(387 59 0 60)
#(387 60 1 50)
#(387 61 0 12)
#(387 62 0 23)
#(387 63 0 38)
#(387 64 0 65)
#(387 65 0 78)
#(387 66 0 14)
#(387 67 0 10)
#(387 68 0 62)
#(387 69 1 55)
#(388 1 0 10)
#(388 2 0 50)
#(388 3 0 13)
#(388 4 0 93)
#(388 5 0 20)
#(388 6 0 29)
#(388 7 1 42)
#(388 8 0 40)
#(388 9 1 40)
#(388 10 0 84)
#(388 11 1 80)
#(388 12 1 3)
#(388 13 0 48)
#(388 14 0 95)
#(388 15 0 3)
#(388 16 1 62)
#(388 17 1 98)
#(388 18 1 67)
#(388 19 0 52)
#(388 20 1 84)
#(388 21 0 79)
#(388 22 0 52)
#(388 23 0 74)
#(388 24 1 59)
#(388 25 0 78)
#(388 26 1 38)
#(388 27 1 60)
#(388 28 1 29)
#(388 29 0 41)
#(388 30 0 31)
#(388 31 0 98)
#(388 32 1 78)
#(388 33 1 4)
#(388 34 0 61)
#(388 35 0 20)
#(388 36 1 14)
#(388 37 1 74)
#(388 38 0 5)
#(388 39 0 58)
#(388 40 1 47)
#(388 41 0 61)
#(388 42 0 95)
#(388 43 0 61)
#(388 44 0 19)
#(388 45 1 45)
#(388 46 1 57)
#(388 47 0 57)
#(388 48 0 78)
#(388 49 0 90)
#(388 50 0 54)
#(388 51 1 35)
#(388 52 0 28)
#(388 53 0 91)
#(388 54 1 58)
#(388 55 0 76)
#(388 56 0 20)
#(388 57 0 75)
#(388 58 0 34)
#(388 59 0 85)
#(388 60 1 50)
#(388 61 0 40)
#(388 62 0 85)
#(388 63 0 62)
#(388 64 1 50)
#(388 65 0 40)
#(388 66 1 97)
#(388 67 1 3)
#(388 68 0 43)
#(388 69 0 36)
#(389 1 0 48)
#(389 2 0 40)
#(389 3 0 46)
#(389 4 1 67)
#(389 5 1 25)
#(389 6 0 20)
#(389 7 0 33)
#(389 8 0 78)
#(389 9 1 88)
#(389 10 1 55)
#(389 11 0 13)
#(389 12 0 66)
#(389 13 0 94)
#(389 14 1 10)
#(389 15 0 54)
#(389 16 1 41)
#(389 17 1 66)
#(389 18 1 72)
#(389 19 0 24)
#(389 20 0 60)
#(389 21 0 35)
#(389 22 1 76)
#(389 23 0 61)
#(389 24 0 27)
#(389 25 1 64)
#(389 26 0 96)
#(389 27 0 23)
#(389 28 0 89)
#(389 29 1 60)
#(389 30 0 73)
#(389 31 0 88)
#(389 32 0 93)
#(389 33 0 53)
#(389 34 0 98)
#(389 35 0 84)
#(389 36 1 36)
#(389 37 1 96)
#(389 38 0 87)
#(389 39 1 43)
#(389 40 0 34)
#(389 41 1 16)
#(389 42 0 43)
#(389 43 0 31)
#(389 44 0 8)
#(389 45 0 49)
#(389 46 0 53)
#(389 47 0 76)
#(389 48 0 14)
#(389 49 0 22)
#(389 50 0 73)
#(389 51 0 63)
#(389 52 0 57)
#(389 53 1 67)
#(389 54 0 11)
#(389 55 0 66)
#(389 56 1 87)
#(389 57 0 87)
#(389 58 1 85)
#(389 59 0 34)
#(389 60 0 12)
#(389 61 1 15)
#(389 62 0 3)
#(389 63 0 81)
#(389 64 0 52)
#(389 65 0 78)
#(389 66 0 98)
#(389 67 0 93)
#(389 68 1 45)
#(389 69 0 47)
#(390 1 0 85)
#(390 2 0 52)
#(390 3 0 10)
#(390 4 0 26)
#(390 5 0 11)
#(390 6 1 68)
#(390 7 1 6)
#(390 8 0 48)
#(390 9 0 97)
#(390 10 0 31)
#(390 11 0 45)
#(390 12 0 77)
#(390 13 0 87)
#(390 14 0 66)
#(390 15 0 96)
#(390 16 0 94)
#(390 17 0 96)
#(390 18 1 35)
#(390 19 0 40)
#(390 20 0 94)
#(390 21 0 31)
#(390 22 0 7)
#(390 23 0 69)
#(390 24 0 36)
#(390 25 0 90)
#(390 26 0 9)
#(390 27 1 83)
#(390 28 0 66)
#(390 29 0 20)
#(390 30 0 22)
#(390 31 0 64)
#(390 32 1 3)
#(390 33 0 86)
#(390 34 1 28)
#(390 35 1 47)
#(390 36 0 12)
#(390 37 1 26)
#(390 38 0 92)
#(390 39 0 28)
#(390 40 0 5)
#(390 41 1 55)
#(390 42 1 58)
#(390 43 0 37)
#(390 44 0 74)
#(390 45 1 39)
#(390 46 0 95)
#(390 47 0 69)
#(390 48 0 62)
#(390 49 0 84)
#(390 50 1 23)
#(390 51 1 37)
#(390 52 0 48)
#(390 53 1 60)
#(390 54 1 78)
#(390 55 0 61)
#(390 56 1 83)
#(390 57 0 54)
#(390 58 0 44)
#(390 59 1 3)
#(390 60 1 82)
#(390 61 0 44)
#(390 62 0 1)
#(390 63 1 77)
#(390 64 0 91)
#(390 65 1 79)
#(390 66 0 73)
#(390 67 0 88)
#(390 68 0 42)
#(390 69 1 7)
#(391 1 0 0)
#(391 2 1 22)
#(391 3 0 52)
#(391 4 1 84)
#(391 5 0 15)
#(391 6 1 95)
#(391 7 0 42)
#(391 8 1 19)
#(391 9 1 70)
#(391 10 1 10)
#(391 11 0 62)
#(391 12 1 6)
#(391 13 0 8)
#(391 14 1 81)
#(391 15 1 73)
#(391 16 0 52)
#(391 17 1 57)
#(391 18 1 89)
#(391 19 1 6)
#(391 20 1 57)
#(391 21 0 31)
#(391 22 1 71)
#(391 23 0 78)
#(391 24 0 61)
#(391 25 1 26)
#(391 26 0 19)
#(391 27 0 72)
#(391 28 0 78)
#(391 29 0 30)
#(391 30 0 59)
#(391 31 0 61)
#(391 32 0 7)
#(391 33 0 32)
#(391 34 0 37)
#(391 35 0 7)
#(391 36 0 61)
#(391 37 1 0)
#(391 38 0 94)
#(391 39 0 31)
#(391 40 0 51)
#(391 41 0 16)
#(391 42 1 96)
#(391 43 0 31)
#(391 44 0 37)
#(391 45 1 52)
#(391 46 0 76)
#(391 47 1 15)
#(391 48 0 91)
#(391 49 0 4)
#(391 50 0 39)
#(391 51 0 57)
#(391 52 0 46)
#(391 53 0 67)
#(391 54 0 25)
#(391 55 0 87)
#(391 56 0 8)
#(391 57 0 70)
#(391 58 1 46)
#(391 59 0 86)
#(391 60 0 42)
#(391 61 0 6)
#(391 62 1 82)
#(391 63 1 8)
#(391 64 0 36)
#(391 65 0 15)
#(391 66 0 76)
#(391 67 0 52)
#(391 68 0 94)
#(391 69 0 18)
#(392 1 0 67)
#(392 2 0 57)
#(392 3 1 97)
#(392 4 0 35)
#(392 5 0 86)
#(392 6 0 64)
#(392 7 1 83)
#(392 8 1 93)
#(392 9 0 94)
#(392 10 0 16)
#(392 11 1 48)
#(392 12 0 27)
#(392 13 1 95)
#(392 14 0 55)
#(392 15 0 21)
#(392 16 0 32)
#(392 17 0 24)
#(392 18 0 33)
#(392 19 1 25)
#(392 20 0 19)
#(392 21 1 29)
#(392 22 1 45)
#(392 23 0 29)
#(392 24 0 21)
#(392 25 1 4)
#(392 26 0 63)
#(392 27 0 98)
#(392 28 0 28)
#(392 29 1 65)
#(392 30 0 56)
#(392 31 0 52)
#(392 32 0 57)
#(392 33 1 19)
#(392 34 0 88)
#(392 35 0 74)
#(392 36 0 11)
#(392 37 1 70)
#(392 38 0 62)
#(392 39 0 97)
#(392 40 1 58)
#(392 41 1 70)
#(392 42 0 37)
#(392 43 0 78)
#(392 44 0 24)
#(392 45 0 78)
#(392 46 0 51)
#(392 47 0 33)
#(392 48 0 29)
#(392 49 0 29)
#(392 50 1 73)
#(392 51 0 41)
#(392 52 1 28)
#(392 53 0 70)
#(392 54 1 31)
#(392 55 0 69)
#(392 56 0 91)
#(392 57 0 54)
#(392 58 0 21)
#(392 59 0 63)
#(392 60 1 95)
#(392 61 1 55)
#(392 62 0 5)
#(392 63 0 20)
#(392 64 0 4)
#(392 65 0 70)
#(392 66 1 41)
#(392 67 0 4)
#(392 68 0 22)
#(392 69 1 47)
#(393 1 0 98)
#(393 2 0 15)
#(393 3 1 1)
#(393 4 0 28)
#(393 5 1 83)
#(393 6 1 56)
#(393 7 0 28)
#(393 8 0 1)
#(393 9 0 31)
#(393 10 0 0)
#(393 11 1 53)
#(393 12 0 8)
#(393 13 1 68)
#(393 14 1 88)
#(393 15 0 14)
#(393 16 0 46)
#(393 17 0 31)
#(393 18 0 68)
#(393 19 0 25)
#(393 20 0 34)
#(393 21 1 87)
#(393 22 0 47)
#(393 23 1 5)
#(393 24 1 46)
#(393 25 0 62)
#(393 26 0 85)
#(393 27 0 63)
#(393 28 0 16)
#(393 29 0 13)
#(393 30 0 81)
#(393 31 1 96)
#(393 32 0 36)
#(393 33 0 13)
#(393 34 0 15)
#(393 35 0 63)
#(393 36 0 21)
#(393 37 0 63)
#(393 38 0 27)
#(393 39 1 88)
#(393 40 0 58)
#(393 41 1 37)
#(393 42 0 52)
#(393 43 0 89)
#(393 44 1 57)
#(393 45 0 65)
#(393 46 0 30)
#(393 47 0 60)
#(393 48 0 75)
#(393 49 0 90)
#(393 50 0 28)
#(393 51 0 49)
#(393 52 0 20)
#(393 53 0 97)
#(393 54 1 39)
#(393 55 1 46)
#(393 56 0 33)
#(393 57 0 65)
#(393 58 0 40)
#(393 59 0 29)
#(393 60 0 19)
#(393 61 1 31)
#(393 62 0 80)
#(393 63 1 85)
#(393 64 0 5)
#(393 65 0 28)
#(393 66 0 12)
#(393 67 0 70)
#(393 68 1 6)
#(393 69 1 78)
#(394 1 1 82)
#(394 2 0 76)
#(394 3 0 42)
#(394 4 0 25)
#(394 5 0 2)
#(394 6 0 35)
#(394 7 0 59)
#(394 8 0 16)
#(394 9 0 24)
#(394 10 1 58)
#(394 11 0 12)
#(394 12 0 98)
#(394 13 1 3)
#(394 14 0 62)
#(394 15 0 96)
#(394 16 0 67)
#(394 17 1 38)
#(394 18 0 78)
#(394 19 1 83)
#(394 20 0 29)
#(394 21 0 14)
#(394 22 0 58)
#(394 23 0 23)
#(394 24 0 34)
#(394 25 0 68)
#(394 26 0 56)
#(394 27 0 22)
#(394 28 0 95)
#(394 29 1 67)
#(394 30 1 40)
#(394 31 0 37)
#(394 32 0 25)
#(394 33 0 67)
#(394 34 0 16)
#(394 35 0 72)
#(394 36 0 29)
#(394 37 0 36)
#(394 38 1 35)
#(394 39 1 56)
#(394 40 0 20)
#(394 41 0 10)
#(394 42 0 60)
#(394 43 0 59)
#(394 44 1 86)
#(394 45 0 69)
#(394 46 0 12)
#(394 47 0 19)
#(394 48 1 60)
#(394 49 0 19)
#(394 50 0 27)
#(394 51 1 36)
#(394 52 1 85)
#(394 53 0 33)
#(394 54 0 83)
#(394 55 1 93)
#(394 56 1 71)
#(394 57 0 54)
#(394 58 0 22)
#(394 59 0 39)
#(394 60 1 66)
#(394 61 0 27)
#(394 62 0 23)
#(394 63 0 88)
#(394 64 0 35)
#(394 65 0 10)
#(394 66 0 34)
#(394 67 0 58)
#(394 68 0 71)
#(394 69 0 39)
#(395 1 0 63)
#(395 2 0 50)
#(395 3 0 85)
#(395 4 0 14)
#(395 5 0 72)
#(395 6 0 20)
#(395 7 0 68)
#(395 8 0 34)
#(395 9 0 90)
#(395 10 1 91)
#(395 11 0 89)
#(395 12 1 23)
#(395 13 0 92)
#(395 14 0 21)
#(395 15 0 48)
#(395 16 1 97)
#(395 17 1 40)
#(395 18 0 79)
#(395 19 0 33)
#(395 20 0 65)
#(395 21 1 83)
#(395 22 1 96)
#(395 23 1 76)
#(395 24 1 84)
#(395 25 0 63)
#(395 26 1 98)
#(395 27 0 30)
#(395 28 1 70)
#(395 29 0 43)
#(395 30 1 90)
#(395 31 1 77)
#(395 32 0 31)
#(395 33 1 11)
#(395 34 0 37)
#(395 35 0 22)
#(395 36 1 86)
#(395 37 1 62)
#(395 38 0 54)
#(395 39 0 86)
#(395 40 0 50)
#(395 41 0 68)
#(395 42 1 78)
#(395 43 1 33)
#(395 44 0 76)
#(395 45 0 0)
#(395 46 0 13)
#(395 47 0 96)
#(395 48 1 92)
#(395 49 1 31)
#(395 50 1 8)
#(395 51 1 3)
#(395 52 0 42)
#(395 53 1 8)
#(395 54 0 53)
#(395 55 0 73)
#(395 56 0 68)
#(395 57 1 91)
#(395 58 1 42)
#(395 59 0 9)
#(395 60 0 24)
#(395 61 1 44)
#(395 62 0 46)
#(395 63 0 34)
#(395 64 0 44)
#(395 65 0 8)
#(395 66 0 50)
#(395 67 0 56)
#(395 68 1 62)
#(395 69 0 93)
#(396 1 0 82)
#(396 2 1 3)
#(396 3 1 75)
#(396 4 0 41)
#(396 5 1 37)
#(396 6 1 86)
#(396 7 0 28)
#(396 8 1 59)
#(396 9 0 2)
#(396 10 0 90)
#(396 11 0 20)
#(396 12 0 1)
#(396 13 0 91)
#(396 14 1 34)
#(396 15 0 60)
#(396 16 1 21)
#(396 17 1 42)
#(396 18 1 56)
#(396 19 1 56)
#(396 20 0 39)
#(396 21 0 23)
#(396 22 0 54)
#(396 23 0 62)
#(396 24 1 58)
#(396 25 0 29)
#(396 26 0 57)
#(396 27 0 12)
#(396 28 0 69)
#(396 29 0 44)
#(396 30 0 71)
#(396 31 0 44)
#(396 32 1 88)
#(396 33 0 95)
#(396 34 0 95)
#(396 35 0 42)
#(396 36 1 6)
#(396 37 0 77)
#(396 38 0 28)
#(396 39 1 18)
#(396 40 1 64)
#(396 41 0 95)
#(396 42 1 4)
#(396 43 0 48)
#(396 44 0 49)
#(396 45 0 75)
#(396 46 1 55)
#(396 47 0 76)
#(396 48 0 37)
#(396 49 1 49)
#(396 50 0 43)
#(396 51 0 14)
#(396 52 1 70)
#(396 53 0 0)
#(396 54 1 68)
#(396 55 0 21)
#(396 56 0 78)
#(396 57 1 29)
#(396 58 1 97)
#(396 59 0 87)
#(396 60 1 64)
#(396 61 0 93)
#(396 62 0 70)
#(396 63 0 15)
#(396 64 0 12)
#(396 65 0 1)
#(396 66 0 97)
#(396 67 1 62)
#(396 68 0 65)
#(396 69 1 41)
#(397 1 0 23)
#(397 2 0 69)
#(397 3 1 3)
#(397 4 0 40)
#(397 5 0 93)
#(397 6 0 5)
#(397 7 1 63)
#(397 8 0 95)
#(397 9 1 94)
#(397 10 0 6)
#(397 11 1 1)
#(397 12 0 18)
#(397 13 0 67)
#(397 14 0 54)
#(397 15 0 54)
#(397 16 0 27)
#(397 17 0 30)
#(397 18 0 37)
#(397 19 0 49)
#(397 20 0 11)
#(397 21 1 60)
#(397 22 0 94)
#(397 23 0 9)
#(397 24 0 21)
#(397 25 0 72)
#(397 26 0 67)
#(397 27 0 84)
#(397 28 1 86)
#(397 29 1 46)
#(397 30 0 50)
#(397 31 1 49)
#(397 32 0 15)
#(397 33 1 38)
#(397 34 1 1)
#(397 35 1 3)
#(397 36 1 70)
#(397 37 0 77)
#(397 38 0 73)
#(397 39 1 72)
#(397 40 0 73)
#(397 41 1 37)
#(397 42 0 14)
#(397 43 1 65)
#(397 44 0 83)
#(397 45 0 93)
#(397 46 0 30)
#(397 47 0 48)
#(397 48 0 31)
#(397 49 1 82)
#(397 50 0 25)
#(397 51 1 72)
#(397 52 1 24)
#(397 53 0 59)
#(397 54 1 89)
#(397 55 0 90)
#(397 56 1 48)
#(397 57 0 21)
#(397 58 1 71)
#(397 59 0 15)
#(397 60 1 21)
#(397 61 1 69)
#(397 62 0 73)
#(397 63 1 70)
#(397 64 0 60)
#(397 65 0 91)
#(397 66 0 73)
#(397 67 0 96)
#(397 68 0 82)
#(397 69 1 56)
#(398 1 1 32)
#(398 2 1 31)
#(398 3 0 26)
#(398 4 1 98)
#(398 5 1 42)
#(398 6 1 88)
#(398 7 1 23)
#(398 8 0 63)
#(398 9 0 43)
#(398 10 0 14)
#(398 11 0 1)
#(398 12 1 39)
#(398 13 0 80)
#(398 14 0 36)
#(398 15 0 38)
#(398 16 0 86)
#(398 17 0 58)
#(398 18 1 10)
#(398 19 0 73)
#(398 20 0 29)
#(398 21 0 53)
#(398 22 0 63)
#(398 23 1 63)
#(398 24 0 87)
#(398 25 0 29)
#(398 26 1 0)
#(398 27 1 73)
#(398 28 1 25)
#(398 29 1 48)
#(398 30 0 17)
#(398 31 1 37)
#(398 32 1 41)
#(398 33 0 6)
#(398 34 0 28)
#(398 35 1 10)
#(398 36 1 29)
#(398 37 0 54)
#(398 38 0 52)
#(398 39 0 40)
#(398 40 0 61)
#(398 41 0 86)
#(398 42 1 54)
#(398 43 0 9)
#(398 44 1 17)
#(398 45 1 7)
#(398 46 1 68)
#(398 47 1 6)
#(398 48 0 17)
#(398 49 1 36)
#(398 50 0 52)
#(398 51 0 76)
#(398 52 0 42)
#(398 53 0 6)
#(398 54 0 26)
#(398 55 1 11)
#(398 56 1 49)
#(398 57 0 43)
#(398 58 0 64)
#(398 59 0 69)
#(398 60 1 0)
#(398 61 1 87)
#(398 62 1 9)
#(398 63 0 76)
#(398 64 0 26)
#(398 65 0 52)
#(398 66 0 19)
#(398 67 0 80)
#(398 68 1 43)
#(398 69 0 8)
#(399 1 1 19)
#(399 2 0 65)
#(399 3 0 10)
#(399 4 0 1)
#(399 5 1 78)
#(399 6 1 62)
#(399 7 0 0)
#(399 8 1 74)
#(399 9 0 19)
#(399 10 1 50)
#(399 11 0 31)
#(399 12 1 53)
#(399 13 0 82)
#(399 14 0 38)
#(399 15 1 31)
#(399 16 0 27)
#(399 17 0 45)
#(399 18 0 62)
#(399 19 0 81)
#(399 20 1 96)
#(399 21 1 78)
#(399 22 0 86)
#(399 23 0 16)
#(399 24 0 63)
#(399 25 1 73)
#(399 26 1 78)
#(399 27 0 64)
#(399 28 1 63)
#(399 29 1 82)
#(399 30 0 87)
#(399 31 0 68)
#(399 32 0 55)
#(399 33 0 96)
#(399 34 0 92)
#(399 35 0 86)
#(399 36 1 69)
#(399 37 0 93)
#(399 38 1 68)
#(399 39 1 18)
#(399 40 0 94)
#(399 41 1 57)
#(399 42 0 73)
#(399 43 0 63)
#(399 44 0 98)
#(399 45 0 62)
#(399 46 0 3)
#(399 47 1 3)
#(399 48 1 75)
#(399 49 0 46)
#(399 50 0 17)
#(399 51 0 74)
#(399 52 0 77)
#(399 53 0 91)
#(399 54 0 26)
#(399 55 1 62)
#(399 56 1 1)
#(399 57 1 36)
#(399 58 0 31)
#(399 59 1 91)
#(399 60 0 3)
#(399 61 0 3)
#(399 62 1 84)
#(399 63 0 30)
#(399 64 0 59)
#(399 65 0 41)
#(399 66 0 27)
#(399 67 0 71)
#(399 68 0 28)
#(399 69 0 12)
#(400 1 0 33)
#(400 2 1 62)
#(400 3 0 24)
#(400 4 0 12)
#(400 5 0 95)
#(400 6 0 79)
#(400 7 1 22)
#(400 8 0 1)
#(400 9 0 45)
#(400 10 1 47)
#(400 11 0 59)
#(400 12 0 96)
#(400 13 1 84)
#(400 14 1 85)
#(400 15 0 53)
#(400 16 1 66)
#(400 17 1 4)
#(400 18 0 86)
#(400 19 0 46)
#(400 20 0 38)
#(400 21 0 27)
#(400 22 1 53)
#(400 23 0 57)
#(400 24 1 77)
#(400 25 0 71)
#(400 26 0 46)
#(400 27 0 48)
#(400 28 0 79)
#(400 29 1 71)
#(400 30 0 9)
#(400 31 0 2)
#(400 32 1 93)
#(400 33 1 79)
#(400 34 1 11)
#(400 35 1 93)
#(400 36 1 16)
#(400 37 0 14)
#(400 38 1 74)
#(400 39 0 46)
#(400 40 0 20)
#(400 41 1 80)
#(400 42 0 94)
#(400 43 1 43)
#(400 44 0 94)
#(400 45 0 34)
#(400 46 0 73)
#(400 47 0 72)
#(400 48 0 78)
#(400 49 0 38)
#(400 50 0 90)
#(400 51 0 54)
#(400 52 1 50)
#(400 53 0 89)
#(400 54 1 72)
#(400 55 0 24)
#(400 56 1 51)
#(400 57 0 58)
#(400 58 0 59)
#(400 59 0 82)
#(400 60 0 56)
#(400 61 1 28)
#(400 62 0 8)
#(400 63 0 69)
#(400 64 1 14)
#(400 65 0 97)
#(400 66 1 95)
#(400 67 1 64)
#(400 68 0 90)
#(400 69 0 92)
#(401 1 1 95)
#(401 2 1 15)
#(401 3 0 49)
#(401 4 1 86)
#(401 5 0 15)
#(401 6 1 83)
#(401 7 0 73)
#(401 8 1 59)
#(401 9 0 50)
#(401 10 0 92)
#(401 11 0 44)
#(401 12 1 55)
#(401 13 1 56)
#(401 14 1 10)
#(401 15 1 21)
#(401 16 0 26)
#(401 17 0 38)
#(401 18 1 10)
#(401 19 1 72)
#(401 20 0 53)
#(401 21 1 91)
#(401 22 0 54)
#(401 23 0 8)
#(401 24 1 29)
#(401 25 0 55)
#(401 26 1 52)
#(401 27 0 42)
#(401 28 0 10)
#(401 29 1 81)
#(401 30 0 1)
#(401 31 0 49)
#(401 32 1 70)
#(401 33 0 97)
#(401 34 0 61)
#(401 35 0 50)
#(401 36 0 57)
#(401 37 1 24)
#(401 38 0 88)
#(401 39 0 47)
#(401 40 1 70)
#(401 41 1 63)
#(401 42 0 26)
#(401 43 0 70)
#(401 44 0 25)
#(401 45 0 85)
#(401 46 0 60)
#(401 47 0 37)
#(401 48 0 91)
#(401 49 1 12)
#(401 50 1 71)
#(401 51 1 75)
#(401 52 0 81)
#(401 53 0 18)
#(401 54 0 10)
#(401 55 0 59)
#(401 56 0 92)
#(401 57 1 61)
#(401 58 1 26)
#(401 59 0 67)
#(401 60 0 71)
#(401 61 0 79)
#(401 62 0 80)
#(401 63 1 27)
#(401 64 1 0)
#(401 65 1 12)
#(401 66 0 2)
#(401 67 0 58)
#(401 68 1 79)
#(401 69 0 31)
#(402 1 1 5)
#(402 2 0 59)
#(402 3 0 14)
#(402 4 0 4)
#(402 5 1 20)
#(402 6 0 32)
#(402 7 0 17)
#(402 8 0 78)
#(402 9 1 93)
#(402 10 0 19)
#(402 11 0 0)
#(402 12 0 68)
#(402 13 0 66)
#(402 14 1 87)
#(402 15 1 19)
#(402 16 0 71)
#(402 17 0 97)
#(402 18 1 50)
#(402 19 0 4)
#(402 20 0 30)
#(402 21 0 58)
#(402 22 0 27)
#(402 23 0 89)
#(402 24 0 76)
#(402 25 0 18)
#(402 26 1 34)
#(402 27 0 6)
#(402 28 0 49)
#(402 29 1 56)
#(402 30 0 51)
#(402 31 1 37)
#(402 32 0 1)
#(402 33 0 25)
#(402 34 0 80)
#(402 35 1 13)
#(402 36 0 35)
#(402 37 0 55)
#(402 38 0 72)
#(402 39 0 86)
#(402 40 0 26)
#(402 41 1 17)
#(402 42 1 35)
#(402 43 0 37)
#(402 44 1 61)
#(402 45 0 38)
#(402 46 0 62)
#(402 47 0 60)
#(402 48 1 69)
#(402 49 1 39)
#(402 50 0 79)
#(402 51 0 17)
#(402 52 1 48)
#(402 53 0 73)
#(402 54 0 75)
#(402 55 0 67)
#(402 56 0 95)
#(402 57 1 22)
#(402 58 0 34)
#(402 59 0 76)
#(402 60 0 22)
#(402 61 0 90)
#(402 62 0 47)
#(402 63 1 34)
#(402 64 1 43)
#(402 65 0 23)
#(402 66 0 8)
#(402 67 1 37)
#(402 68 1 50)
#(402 69 0 69)
#(403 1 0 32)
#(403 2 0 79)
#(403 3 0 31)
#(403 4 0 82)
#(403 5 0 48)
#(403 6 1 18)
#(403 7 0 2)
#(403 8 1 18)
#(403 9 0 37)
#(403 10 1 10)
#(403 11 0 69)
#(403 12 1 26)
#(403 13 0 80)
#(403 14 0 87)
#(403 15 1 7)
#(403 16 0 37)
#(403 17 0 75)
#(403 18 0 77)
#(403 19 0 84)
#(403 20 0 71)
#(403 21 0 52)
#(403 22 1 69)
#(403 23 0 96)
#(403 24 0 88)
#(403 25 0 24)
#(403 26 1 50)
#(403 27 0 31)
#(403 28 1 15)
#(403 29 0 10)
#(403 30 1 93)
#(403 31 1 49)
#(403 32 1 12)
#(403 33 0 95)
#(403 34 1 69)
#(403 35 1 58)
#(403 36 0 22)
#(403 37 1 77)
#(403 38 1 54)
#(403 39 0 78)
#(403 40 1 63)
#(403 41 0 18)
#(403 42 0 91)
#(403 43 0 44)
#(403 44 1 45)
#(403 45 0 20)
#(403 46 0 30)
#(403 47 0 47)
#(403 48 0 73)
#(403 49 0 4)
#(403 50 0 57)
#(403 51 0 17)
#(403 52 1 20)
#(403 53 0 3)
#(403 54 0 53)
#(403 55 0 68)
#(403 56 1 43)
#(403 57 0 65)
#(403 58 0 17)
#(403 59 0 39)
#(403 60 1 43)
#(403 61 0 81)
#(403 62 0 44)
#(403 63 0 50)
#(403 64 1 15)
#(403 65 1 70)
#(403 66 1 11)
#(403 67 1 5)
#(403 68 0 19)
#(403 69 1 93)
#(404 1 0 58)
#(404 2 0 92)
#(404 3 0 9)
#(404 4 0 79)
#(404 5 1 92)
#(404 6 0 85)
#(404 7 0 21)
#(404 8 1 19)
#(404 9 1 92)
#(404 10 0 21)
#(404 11 0 2)
#(404 12 0 0)
#(404 13 0 28)
#(404 14 0 34)
#(404 15 0 24)
#(404 16 1 40)
#(404 17 1 63)
#(404 18 1 58)
#(404 19 0 77)
#(404 20 0 25)
#(404 21 1 18)
#(404 22 0 8)
#(404 23 0 86)
#(404 24 1 32)
#(404 25 1 52)
#(404 26 0 20)
#(404 27 0 97)
#(404 28 1 88)
#(404 29 0 29)
#(404 30 0 92)
#(404 31 1 92)
#(404 32 0 34)
#(404 33 1 64)
#(404 34 1 16)
#(404 35 0 52)
#(404 36 0 9)
#(404 37 0 28)
#(404 38 0 33)
#(404 39 1 94)
#(404 40 0 1)
#(404 41 0 65)
#(404 42 0 94)
#(404 43 1 95)
#(404 44 0 20)
#(404 45 0 43)
#(404 46 0 0)
#(404 47 0 98)
#(404 48 0 45)
#(404 49 0 94)
#(404 50 0 38)
#(404 51 1 89)
#(404 52 0 31)
#(404 53 0 18)
#(404 54 1 37)
#(404 55 1 94)
#(404 56 0 95)
#(404 57 0 45)
#(404 58 0 23)
#(404 59 1 90)
#(404 60 0 32)
#(404 61 1 23)
#(404 62 1 95)
#(404 63 0 21)
#(404 64 0 45)
#(404 65 1 76)
#(404 66 1 83)
#(404 67 0 57)
#(404 68 0 51)
#(404 69 0 25)
#(405 1 0 25)
#(405 2 0 16)
#(405 3 0 68)
#(405 4 0 12)
#(405 5 0 56)
#(405 6 0 76)
#(405 7 0 33)
#(405 8 0 55)
#(405 9 0 82)
#(405 10 0 93)
#(405 11 1 23)
#(405 12 1 7)
#(405 13 1 83)
#(405 14 1 19)
#(405 15 1 97)
#(405 16 0 16)
#(405 17 1 0)
#(405 18 0 48)
#(405 19 0 64)
#(405 20 0 8)
#(405 21 1 12)
#(405 22 0 83)
#(405 23 0 84)
#(405 24 0 1)
#(405 25 0 84)
#(405 26 0 77)
#(405 27 0 49)
#(405 28 0 47)
#(405 29 1 6)
#(405 30 1 90)
#(405 31 0 2)
#(405 32 1 45)
#(405 33 0 76)
#(405 34 0 66)
#(405 35 0 97)
#(405 36 0 22)
#(405 37 0 70)
#(405 38 0 25)
#(405 39 1 33)
#(405 40 0 18)
#(405 41 0 71)
#(405 42 0 96)
#(405 43 0 36)
#(405 44 0 65)
#(405 45 1 47)
#(405 46 0 43)
#(405 47 0 75)
#(405 48 0 18)
#(405 49 0 80)
#(405 50 1 44)
#(405 51 0 54)
#(405 52 0 5)
#(405 53 0 26)
#(405 54 1 4)
#(405 55 1 8)
#(405 56 0 37)
#(405 57 0 97)
#(405 58 0 97)
#(405 59 0 38)
#(405 60 0 70)
#(405 61 1 1)
#(405 62 1 71)
#(405 63 1 9)
#(405 64 0 17)
#(405 65 0 84)
#(405 66 0 12)
#(405 67 1 62)
#(405 68 0 92)
#(405 69 1 37)
#(406 1 1 16)
#(406 2 0 73)
#(406 3 1 1)
#(406 4 1 4)
#(406 5 0 65)
#(406 6 0 57)
#(406 7 1 1)
#(406 8 0 54)
#(406 9 1 98)
#(406 10 1 18)
#(406 11 1 42)
#(406 12 1 43)
#(406 13 0 6)
#(406 14 0 84)
#(406 15 0 17)
#(406 16 0 28)
#(406 17 0 17)
#(406 18 0 42)
#(406 19 1 58)
#(406 20 0 36)
#(406 21 0 72)
#(406 22 0 85)
#(406 23 1 9)
#(406 24 0 60)
#(406 25 0 60)
#(406 26 1 5)
#(406 27 0 6)
#(406 28 1 54)
#(406 29 0 64)
#(406 30 0 82)
#(406 31 1 32)
#(406 32 1 92)
#(406 33 0 85)
#(406 34 0 37)
#(406 35 0 36)
#(406 36 0 26)
#(406 37 0 78)
#(406 38 0 50)
#(406 39 0 94)
#(406 40 0 35)
#(406 41 1 20)
#(406 42 0 77)
#(406 43 0 47)
#(406 44 0 21)
#(406 45 1 14)
#(406 46 0 94)
#(406 47 0 15)
#(406 48 1 54)
#(406 49 0 50)
#(406 50 0 32)
#(406 51 1 48)
#(406 52 0 88)
#(406 53 0 62)
#(406 54 0 95)
#(406 55 1 42)
#(406 56 0 37)
#(406 57 0 61)
#(406 58 0 70)
#(406 59 1 2)
#(406 60 0 50)
#(406 61 1 92)
#(406 62 1 97)
#(406 63 0 93)
#(406 64 0 21)
#(406 65 1 16)
#(406 66 1 22)
#(406 67 0 93)
#(406 68 0 80)
#(406 69 1 13)
#(407 1 0 71)
#(407 2 0 95)
#(407 3 0 67)
#(407 4 1 13)
#(407 5 1 30)
#(407 6 0 82)
#(407 7 0 32)
#(407 8 1 74)
#(407 9 0 74)
#(407 10 1 46)
#(407 11 0 0)
#(407 12 0 46)
#(407 13 1 80)
#(407 14 1 85)
#(407 15 1 76)
#(407 16 0 39)
#(407 17 0 62)
#(407 18 0 43)
#(407 19 0 54)
#(407 20 1 54)
#(407 21 0 9)
#(407 22 0 29)
#(407 23 0 75)
#(407 24 0 33)
#(407 25 0 64)
#(407 26 1 26)
#(407 27 0 5)
#(407 28 1 51)
#(407 29 0 52)
#(407 30 0 72)
#(407 31 0 10)
#(407 32 0 50)
#(407 33 0 5)
#(407 34 1 47)
#(407 35 0 55)
#(407 36 0 48)
#(407 37 0 12)
#(407 38 0 62)
#(407 39 0 18)
#(407 40 0 94)
#(407 41 0 27)
#(407 42 0 57)
#(407 43 1 24)
#(407 44 1 33)
#(407 45 0 22)
#(407 46 0 95)
#(407 47 0 25)
#(407 48 0 51)
#(407 49 0 67)
#(407 50 1 70)
#(407 51 1 46)
#(407 52 0 56)
#(407 53 1 58)
#(407 54 1 96)
#(407 55 1 78)
#(407 56 0 42)
#(407 57 1 79)
#(407 58 1 57)
#(407 59 0 86)
#(407 60 1 32)
#(407 61 1 23)
#(407 62 0 24)
#(407 63 0 96)
#(407 64 0 6)
#(407 65 0 9)
#(407 66 0 56)
#(407 67 1 28)
#(407 68 1 80)
#(407 69 0 94)
#(408 1 0 73)
#(408 2 0 10)
#(408 3 1 0)
#(408 4 1 56)
#(408 5 0 33)
#(408 6 1 79)
#(408 7 0 31)
#(408 8 0 26)
#(408 9 1 40)
#(408 10 1 61)
#(408 11 1 18)
#(408 12 0 94)
#(408 13 1 1)
#(408 14 0 19)
#(408 15 1 94)
#(408 16 0 24)
#(408 17 1 50)
#(408 18 1 73)
#(408 19 1 70)
#(408 20 0 31)
#(408 21 0 97)
#(408 22 0 68)
#(408 23 0 63)
#(408 24 1 60)
#(408 25 0 95)
#(408 26 0 16)
#(408 27 1 78)
#(408 28 1 2)
#(408 29 0 79)
#(408 30 1 64)
#(408 31 0 90)
#(408 32 1 81)
#(408 33 1 0)
#(408 34 1 20)
#(408 35 0 62)
#(408 36 1 73)
#(408 37 1 66)
#(408 38 1 69)
#(408 39 0 74)
#(408 40 1 21)
#(408 41 0 21)
#(408 42 1 32)
#(408 43 0 39)
#(408 44 0 73)
#(408 45 0 71)
#(408 46 0 36)
#(408 47 1 21)
#(408 48 0 34)
#(408 49 0 73)
#(408 50 1 98)
#(408 51 1 57)
#(408 52 0 64)
#(408 53 0 71)
#(408 54 0 25)
#(408 55 0 95)
#(408 56 0 9)
#(408 57 1 4)
#(408 58 1 26)
#(408 59 0 34)
#(408 60 1 64)
#(408 61 0 29)
#(408 62 1 43)
#(408 63 1 58)
#(408 64 0 23)
#(408 65 1 73)
#(408 66 0 57)
#(408 67 0 68)
#(408 68 0 37)
#(408 69 0 52)
#(409 1 1 29)
#(409 2 0 61)
#(409 3 1 49)
#(409 4 1 17)
#(409 5 0 55)
#(409 6 1 43)
#(409 7 0 40)
#(409 8 0 55)
#(409 9 1 33)
#(409 10 0 43)
#(409 11 0 25)
#(409 12 1 91)
#(409 13 0 90)
#(409 14 0 51)
#(409 15 0 88)
#(409 16 1 71)
#(409 17 0 52)
#(409 18 0 44)
#(409 19 0 49)
#(409 20 0 27)
#(409 21 0 71)
#(409 22 1 4)
#(409 23 0 66)
#(409 24 0 16)
#(409 25 0 14)
#(409 26 0 54)
#(409 27 1 65)
#(409 28 1 51)
#(409 29 0 64)
#(409 30 0 95)
#(409 31 0 11)
#(409 32 1 2)
#(409 33 1 29)
#(409 34 0 33)
#(409 35 1 38)
#(409 36 0 40)
#(409 37 1 89)
#(409 38 0 49)
#(409 39 0 39)
#(409 40 0 63)
#(409 41 0 54)
#(409 42 0 73)
#(409 43 1 45)
#(409 44 1 19)
#(409 45 0 91)
#(409 46 0 63)
#(409 47 0 93)
#(409 48 0 38)
#(409 49 1 32)
#(409 50 1 25)
#(409 51 0 35)
#(409 52 1 32)
#(409 53 0 23)
#(409 54 1 17)
#(409 55 1 25)
#(409 56 1 4)
#(409 57 1 6)
#(409 58 0 60)
#(409 59 1 20)
#(409 60 0 21)
#(409 61 0 87)
#(409 62 1 27)
#(409 63 0 49)
#(409 64 0 85)
#(409 65 1 11)
#(409 66 0 69)
#(409 67 1 7)
#(409 68 0 18)
#(409 69 1 30)
#(410 1 0 61)
#(410 2 1 32)
#(410 3 1 64)
#(410 4 1 13)
#(410 5 1 22)
#(410 6 0 91)
#(410 7 0 23)
#(410 8 0 72)
#(410 9 1 35)
#(410 10 0 3)
#(410 11 0 65)
#(410 12 1 27)
#(410 13 0 16)
#(410 14 0 55)
#(410 15 0 11)
#(410 16 0 31)
#(410 17 0 53)
#(410 18 1 84)
#(410 19 0 5)
#(410 20 0 40)
#(410 21 0 11)
#(410 22 0 56)
#(410 23 0 24)
#(410 24 0 61)
#(410 25 1 86)
#(410 26 0 10)
#(410 27 0 5)
#(410 28 1 39)
#(410 29 1 19)
#(410 30 0 88)
#(410 31 0 6)
#(410 32 1 30)
#(410 33 0 79)
#(410 34 0 43)
#(410 35 0 36)
#(410 36 1 81)
#(410 37 0 94)
#(410 38 0 62)
#(410 39 1 7)
#(410 40 0 89)
#(410 41 0 35)
#(410 42 0 41)
#(410 43 0 34)
#(410 44 0 96)
#(410 45 0 47)
#(410 46 0 26)
#(410 47 1 62)
#(410 48 0 14)
#(410 49 0 21)
#(410 50 0 17)
#(410 51 1 81)
#(410 52 0 91)
#(410 53 0 67)
#(410 54 0 24)
#(410 55 1 8)
#(410 56 0 31)
#(410 57 1 95)
#(410 58 0 87)
#(410 59 0 79)
#(410 60 1 81)
#(410 61 1 46)
#(410 62 0 83)
#(410 63 1 15)
#(410 64 1 49)
#(410 65 0 45)
#(410 66 1 25)
#(410 67 0 39)
#(410 68 0 2)
#(410 69 0 29)
#(411 1 1 45)
#(411 2 1 33)
#(411 3 0 59)
#(411 4 0 84)
#(411 5 0 37)
#(411 6 0 61)
#(411 7 0 48)
#(411 8 1 13)
#(411 9 1 0)
#(411 10 0 77)
#(411 11 0 64)
#(411 12 0 62)
#(411 13 0 53)
#(411 14 0 91)
#(411 15 1 55)
#(411 16 0 8)
#(411 17 0 98)
#(411 18 1 6)
#(411 19 0 87)
#(411 20 0 61)
#(411 21 1 75)
#(411 22 0 71)
#(411 23 1 21)
#(411 24 0 11)
#(411 25 0 35)
#(411 26 1 74)
#(411 27 0 24)
#(411 28 0 7)
#(411 29 1 52)
#(411 30 0 16)
#(411 31 1 23)
#(411 32 1 49)
#(411 33 0 20)
#(411 34 1 56)
#(411 35 0 62)
#(411 36 1 5)
#(411 37 0 48)
#(411 38 0 83)
#(411 39 0 93)
#(411 40 1 9)
#(411 41 0 10)
#(411 42 0 68)
#(411 43 0 86)
#(411 44 1 78)
#(411 45 0 38)
#(411 46 0 42)
#(411 47 0 48)
#(411 48 0 48)
#(411 49 0 49)
#(411 50 1 38)
#(411 51 0 33)
#(411 52 0 85)
#(411 53 0 52)
#(411 54 1 21)
#(411 55 1 78)
#(411 56 1 62)
#(411 57 0 29)
#(411 58 0 14)
#(411 59 0 63)
#(411 60 1 9)
#(411 61 0 34)
#(411 62 0 11)
#(411 63 0 62)
#(411 64 0 50)
#(411 65 0 93)
#(411 66 1 92)
#(411 67 1 72)
#(411 68 0 83)
#(411 69 1 0)
#(412 1 1 63)
#(412 2 1 54)
#(412 3 1 98)
#(412 4 0 31)
#(412 5 0 9)
#(412 6 0 51)
#(412 7 1 87)
#(412 8 0 10)
#(412 9 0 80)
#(412 10 1 36)
#(412 11 0 87)
#(412 12 0 35)
#(412 13 0 36)
#(412 14 0 75)
#(412 15 0 95)
#(412 16 0 90)
#(412 17 0 18)
#(412 18 1 74)
#(412 19 1 70)
#(412 20 0 25)
#(412 21 0 70)
#(412 22 1 72)
#(412 23 0 11)
#(412 24 0 62)
#(412 25 1 28)
#(412 26 0 96)
#(412 27 1 0)
#(412 28 0 57)
#(412 29 0 4)
#(412 30 1 8)
#(412 31 0 82)
#(412 32 1 68)
#(412 33 0 17)
#(412 34 0 71)
#(412 35 0 96)
#(412 36 1 66)
#(412 37 0 9)
#(412 38 0 83)
#(412 39 0 97)
#(412 40 0 3)
#(412 41 0 5)
#(412 42 1 82)
#(412 43 1 74)
#(412 44 0 24)
#(412 45 1 98)
#(412 46 1 38)
#(412 47 1 12)
#(412 48 0 91)
#(412 49 0 93)
#(412 50 1 11)
#(412 51 0 74)
#(412 52 0 3)
#(412 53 1 24)
#(412 54 0 97)
#(412 55 0 24)
#(412 56 1 74)
#(412 57 0 93)
#(412 58 1 68)
#(412 59 0 76)
#(412 60 0 69)
#(412 61 0 17)
#(412 62 1 9)
#(412 63 0 48)
#(412 64 1 75)
#(412 65 0 71)
#(412 66 1 54)
#(412 67 1 83)
#(412 68 0 65)
#(412 69 0 7)
#(413 1 1 68)
#(413 2 0 19)
#(413 3 0 79)
#(413 4 0 1)
#(413 5 0 20)
#(413 6 0 3)
#(413 7 1 41)
#(413 8 1 66)
#(413 9 0 4)
#(413 10 1 26)
#(413 11 1 51)
#(413 12 0 39)
#(413 13 0 69)
#(413 14 1 57)
#(413 15 1 39)
#(413 16 0 54)
#(413 17 0 96)
#(413 18 1 84)
#(413 19 0 45)
#(413 20 0 64)
#(413 21 0 26)
#(413 22 0 21)
#(413 23 1 60)
#(413 24 1 62)
#(413 25 0 44)
#(413 26 1 70)
#(413 27 1 8)
#(413 28 0 42)
#(413 29 1 45)
#(413 30 1 46)
#(413 31 0 60)
#(413 32 0 92)
#(413 33 0 89)
#(413 34 0 82)
#(413 35 0 82)
#(413 36 0 1)
#(413 37 0 55)
#(413 38 0 32)
#(413 39 0 34)
#(413 40 0 23)
#(413 41 1 81)
#(413 42 0 14)
#(413 43 0 39)
#(413 44 0 48)
#(413 45 1 52)
#(413 46 1 48)
#(413 47 0 11)
#(413 48 0 23)
#(413 49 1 41)
#(413 50 1 37)
#(413 51 0 4)
#(413 52 1 49)
#(413 53 0 89)
#(413 54 0 21)
#(413 55 1 71)
#(413 56 0 36)
#(413 57 1 32)
#(413 58 1 46)
#(413 59 1 72)
#(413 60 0 40)
#(413 61 1 17)
#(413 62 0 37)
#(413 63 0 30)
#(413 64 0 55)
#(413 65 0 81)
#(413 66 0 2)
#(413 67 1 16)
#(413 68 0 72)
#(413 69 0 88)
#(414 1 0 29)
#(414 2 0 70)
#(414 3 1 26)
#(414 4 0 92)
#(414 5 0 68)
#(414 6 0 14)
#(414 7 0 82)
#(414 8 0 32)
#(414 9 0 47)
#(414 10 0 21)
#(414 11 0 83)
#(414 12 0 31)
#(414 13 0 54)
#(414 14 0 78)
#(414 15 0 52)
#(414 16 1 30)
#(414 17 0 16)
#(414 18 0 3)
#(414 19 0 93)
#(414 20 1 1)
#(414 21 0 80)
#(414 22 0 63)
#(414 23 0 5)
#(414 24 0 86)
#(414 25 0 64)
#(414 26 0 87)
#(414 27 0 47)
#(414 28 0 23)
#(414 29 0 46)
#(414 30 0 46)
#(414 31 0 31)
#(414 32 1 69)
#(414 33 1 41)
#(414 34 0 58)
#(414 35 0 56)
#(414 36 1 86)
#(414 37 0 64)
#(414 38 0 55)
#(414 39 0 68)
#(414 40 0 33)
#(414 41 0 73)
#(414 42 0 49)
#(414 43 1 18)
#(414 44 0 44)
#(414 45 0 79)
#(414 46 0 61)
#(414 47 0 56)
#(414 48 0 88)
#(414 49 0 33)
#(414 50 0 5)
#(414 51 1 59)
#(414 52 0 59)
#(414 53 0 10)
#(414 54 0 62)
#(414 55 1 51)
#(414 56 0 64)
#(414 57 0 5)
#(414 58 0 97)
#(414 59 0 87)
#(414 60 0 35)
#(414 61 1 47)
#(414 62 1 38)
#(414 63 0 72)
#(414 64 1 64)
#(414 65 0 85)
#(414 66 0 91)
#(414 67 0 92)
#(414 68 0 84)
#(414 69 0 35)
#(415 1 1 28)
#(415 2 1 9)
#(415 3 0 39)
#(415 4 1 44)
#(415 5 0 29)
#(415 6 0 85)
#(415 7 0 9)
#(415 8 1 91)
#(415 9 1 97)
#(415 10 0 14)
#(415 11 0 12)
#(415 12 0 35)
#(415 13 0 81)
#(415 14 1 70)
#(415 15 1 6)
#(415 16 0 46)
#(415 17 1 63)
#(415 18 0 58)
#(415 19 0 16)
#(415 20 0 41)
#(415 21 1 13)
#(415 22 1 79)
#(415 23 1 27)
#(415 24 0 28)
#(415 25 0 0)
#(415 26 0 39)
#(415 27 1 61)
#(415 28 1 70)
#(415 29 1 18)
#(415 30 1 21)
#(415 31 0 44)
#(415 32 1 90)
#(415 33 0 67)
#(415 34 1 34)
#(415 35 0 25)
#(415 36 0 73)
#(415 37 1 45)
#(415 38 0 17)
#(415 39 1 0)
#(415 40 0 92)
#(415 41 0 10)
#(415 42 0 74)
#(415 43 1 11)
#(415 44 1 14)
#(415 45 0 23)
#(415 46 0 39)
#(415 47 0 53)
#(415 48 0 53)
#(415 49 1 19)
#(415 50 1 70)
#(415 51 1 60)
#(415 52 0 24)
#(415 53 1 35)
#(415 54 0 54)
#(415 55 1 45)
#(415 56 0 51)
#(415 57 1 72)
#(415 58 0 0)
#(415 59 0 95)
#(415 60 1 43)
#(415 61 0 34)
#(415 62 0 52)
#(415 63 0 47)
#(415 64 0 46)
#(415 65 1 85)
#(415 66 1 60)
#(415 67 0 9)
#(415 68 0 98)
#(415 69 0 67)
#(416 1 1 16)
#(416 2 0 59)
#(416 3 0 30)
#(416 4 1 30)
#(416 5 1 35)
#(416 6 0 52)
#(416 7 0 87)
#(416 8 0 63)
#(416 9 0 42)
#(416 10 0 80)
#(416 11 1 41)
#(416 12 0 12)
#(416 13 0 29)
#(416 14 0 88)
#(416 15 0 63)
#(416 16 1 10)
#(416 17 0 45)
#(416 18 0 62)
#(416 19 0 7)
#(416 20 1 27)
#(416 21 1 70)
#(416 22 0 93)
#(416 23 1 53)
#(416 24 0 8)
#(416 25 1 82)
#(416 26 1 15)
#(416 27 1 87)
#(416 28 0 14)
#(416 29 0 89)
#(416 30 0 37)
#(416 31 1 29)
#(416 32 1 94)
#(416 33 0 92)
#(416 34 1 43)
#(416 35 0 33)
#(416 36 0 74)
#(416 37 0 9)
#(416 38 0 69)
#(416 39 0 35)
#(416 40 0 65)
#(416 41 1 37)
#(416 42 0 15)
#(416 43 1 88)
#(416 44 0 58)
#(416 45 1 23)
#(416 46 1 3)
#(416 47 0 40)
#(416 48 1 36)
#(416 49 0 82)
#(416 50 1 85)
#(416 51 0 8)
#(416 52 1 97)
#(416 53 0 42)
#(416 54 0 53)
#(416 55 1 49)
#(416 56 0 21)
#(416 57 0 66)
#(416 58 0 52)
#(416 59 1 51)
#(416 60 0 55)
#(416 61 0 24)
#(416 62 0 87)
#(416 63 0 23)
#(416 64 0 34)
#(416 65 0 27)
#(416 66 1 93)
#(416 67 0 81)
#(416 68 0 34)
#(416 69 0 32)
#(417 1 1 0)
#(417 2 0 55)
#(417 3 1 25)
#(417 4 0 1)
#(417 5 1 29)
#(417 6 1 92)
#(417 7 0 25)
#(417 8 0 77)
#(417 9 1 89)
#(417 10 1 39)
#(417 11 1 6)
#(417 12 0 14)
#(417 13 1 92)
#(417 14 1 22)
#(417 15 1 32)
#(417 16 0 45)
#(417 17 1 40)
#(417 18 1 1)
#(417 19 0 41)
#(417 20 1 19)
#(417 21 0 9)
#(417 22 0 35)
#(417 23 0 79)
#(417 24 1 8)
#(417 25 1 3)
#(417 26 0 87)
#(417 27 1 4)
#(417 28 0 46)
#(417 29 0 36)
#(417 30 0 95)
#(417 31 0 86)
#(417 32 1 77)
#(417 33 0 44)
#(417 34 0 48)
#(417 35 0 3)
#(417 36 1 92)
#(417 37 0 73)
#(417 38 1 39)
#(417 39 0 82)
#(417 40 0 50)
#(417 41 1 12)
#(417 42 0 20)
#(417 43 0 67)
#(417 44 1 50)
#(417 45 1 85)
#(417 46 0 25)
#(417 47 0 76)
#(417 48 0 37)
#(417 49 0 15)
#(417 50 1 37)
#(417 51 1 17)
#(417 52 0 41)
#(417 53 0 74)
#(417 54 0 37)
#(417 55 1 25)
#(417 56 1 97)
#(417 57 0 44)
#(417 58 1 5)
#(417 59 0 56)
#(417 60 1 36)
#(417 61 1 97)
#(417 62 1 52)
#(417 63 1 45)
#(417 64 0 15)
#(417 65 0 59)
#(417 66 1 17)
#(417 67 0 87)
#(417 68 0 46)
#(417 69 0 26)
#(418 1 0 1)
#(418 2 1 74)
#(418 3 0 69)
#(418 4 0 25)
#(418 5 0 1)
#(418 6 0 16)
#(418 7 1 34)
#(418 8 0 79)
#(418 9 0 80)
#(418 10 0 77)
#(418 11 0 15)
#(418 12 0 82)
#(418 13 1 21)
#(418 14 1 93)
#(418 15 1 77)
#(418 16 0 86)
#(418 17 0 11)
#(418 18 1 41)
#(418 19 0 55)
#(418 20 0 74)
#(418 21 1 82)
#(418 22 1 31)
#(418 23 1 74)
#(418 24 1 58)
#(418 25 0 27)
#(418 26 0 21)
#(418 27 1 75)
#(418 28 1 65)
#(418 29 0 7)
#(418 30 0 73)
#(418 31 0 83)
#(418 32 0 74)
#(418 33 1 59)
#(418 34 1 18)
#(418 35 0 82)
#(418 36 0 23)
#(418 37 1 71)
#(418 38 0 7)
#(418 39 0 42)
#(418 40 0 12)
#(418 41 0 42)
#(418 42 1 8)
#(418 43 1 46)
#(418 44 1 63)
#(418 45 0 41)
#(418 46 0 65)
#(418 47 0 88)
#(418 48 0 79)
#(418 49 1 51)
#(418 50 1 43)
#(418 51 1 60)
#(418 52 0 61)
#(418 53 0 27)
#(418 54 1 33)
#(418 55 1 86)
#(418 56 0 20)
#(418 57 1 57)
#(418 58 0 15)
#(418 59 0 56)
#(418 60 0 85)
#(418 61 0 54)
#(418 62 0 66)
#(418 63 0 53)
#(418 64 0 12)
#(418 65 0 50)
#(418 66 1 27)
#(418 67 0 40)
#(418 68 0 7)
#(418 69 0 32)
#(419 1 0 90)
#(419 2 0 98)
#(419 3 0 73)
#(419 4 1 82)
#(419 5 0 26)
#(419 6 0 36)
#(419 7 0 97)
#(419 8 0 32)
#(419 9 1 38)
#(419 10 0 51)
#(419 11 0 41)
#(419 12 0 8)
#(419 13 0 4)
#(419 14 0 58)
#(419 15 0 12)
#(419 16 1 46)
#(419 17 0 29)
#(419 18 1 35)
#(419 19 0 3)
#(419 20 0 38)
#(419 21 0 37)
#(419 22 1 41)
#(419 23 0 8)
#(419 24 0 77)
#(419 25 0 24)
#(419 26 0 96)
#(419 27 0 72)
#(419 28 0 42)
#(419 29 1 57)
#(419 30 1 0)
#(419 31 1 77)
#(419 32 1 55)
#(419 33 1 84)
#(419 34 0 25)
#(419 35 0 68)
#(419 36 0 45)
#(419 37 1 54)
#(419 38 0 12)
#(419 39 1 68)
#(419 40 0 17)
#(419 41 1 29)
#(419 42 0 92)
#(419 43 0 13)
#(419 44 0 13)
#(419 45 0 58)
#(419 46 0 28)
#(419 47 1 23)
#(419 48 0 76)
#(419 49 0 78)
#(419 50 0 18)
#(419 51 0 66)
#(419 52 0 35)
#(419 53 0 47)
#(419 54 0 51)
#(419 55 1 70)
#(419 56 0 73)
#(419 57 0 4)
#(419 58 1 36)
#(419 59 0 79)
#(419 60 1 28)
#(419 61 0 83)
#(419 62 0 56)
#(419 63 0 51)
#(419 64 1 75)
#(419 65 0 52)
#(419 66 0 10)
#(419 67 0 0)
#(419 68 0 27)
#(419 69 0 82)
#(420 1 0 33)
#(420 2 1 50)
#(420 3 0 78)
#(420 4 0 86)
#(420 5 0 35)
#(420 6 0 94)
#(420 7 0 49)
#(420 8 0 44)
#(420 9 1 71)
#(420 10 0 69)
#(420 11 0 30)
#(420 12 0 80)
#(420 13 0 13)
#(420 14 1 59)
#(420 15 1 26)
#(420 16 0 21)
#(420 17 0 21)
#(420 18 0 79)
#(420 19 0 58)
#(420 20 0 54)
#(420 21 1 89)
#(420 22 1 23)
#(420 23 0 46)
#(420 24 0 96)
#(420 25 0 98)
#(420 26 0 10)
#(420 27 0 2)
#(420 28 0 24)
#(420 29 0 5)
#(420 30 0 77)
#(420 31 0 79)
#(420 32 0 95)
#(420 33 0 29)
#(420 34 0 84)
#(420 35 0 53)
#(420 36 1 33)
#(420 37 0 78)
#(420 38 0 93)
#(420 39 0 30)
#(420 40 1 60)
#(420 41 1 31)
#(420 42 0 5)
#(420 43 0 69)
#(420 44 0 56)
#(420 45 0 26)
#(420 46 0 87)
#(420 47 0 66)
#(420 48 0 44)
#(420 49 0 90)
#(420 50 0 38)
#(420 51 0 18)
#(420 52 0 15)
#(420 53 1 12)
#(420 54 0 65)
#(420 55 0 36)
#(420 56 0 24)
#(420 57 0 86)
#(420 58 1 62)
#(420 59 0 54)
#(420 60 0 34)
#(420 61 1 47)
#(420 62 0 53)
#(420 63 0 36)
#(420 64 1 32)
#(420 65 1 61)
#(420 66 1 79)
#(420 67 1 48)
#(420 68 0 35)
#(420 69 1 97)
#(421 1 0 83)
#(421 2 0 7)
#(421 3 1 52)
#(421 4 0 37)
#(421 5 0 94)
#(421 6 0 13)
#(421 7 0 43)
#(421 8 0 84)
#(421 9 0 12)
#(421 10 0 82)
#(421 11 1 27)
#(421 12 0 36)
#(421 13 0 15)
#(421 14 0 92)
#(421 15 1 53)
#(421 16 0 58)
#(421 17 0 69)
#(421 18 0 2)
#(421 19 1 81)
#(421 20 0 60)
#(421 21 0 43)
#(421 22 0 28)
#(421 23 0 82)
#(421 24 0 0)
#(421 25 1 79)
#(421 26 0 69)
#(421 27 1 60)
#(421 28 1 8)
#(421 29 0 37)
#(421 30 0 89)
#(421 31 1 1)
#(421 32 1 73)
#(421 33 0 2)
#(421 34 1 13)
#(421 35 1 22)
#(421 36 1 69)
#(421 37 1 69)
#(421 38 1 56)
#(421 39 1 27)
#(421 40 0 35)
#(421 41 0 71)
#(421 42 0 85)
#(421 43 1 46)
#(421 44 0 18)
#(421 45 1 30)
#(421 46 0 85)
#(421 47 1 24)
#(421 48 1 72)
#(421 49 1 45)
#(421 50 0 14)
#(421 51 0 43)
#(421 52 1 65)
#(421 53 1 28)
#(421 54 1 81)
#(421 55 1 27)
#(421 56 0 30)
#(421 57 1 90)
#(421 58 0 64)
#(421 59 1 83)
#(421 60 1 75)
#(421 61 0 96)
#(421 62 1 86)
#(421 63 0 97)
#(421 64 0 43)
#(421 65 0 56)
#(421 66 1 12)
#(421 67 0 67)
#(421 68 0 56)
#(421 69 1 10)
#(422 1 0 24)
#(422 2 0 88)
#(422 3 0 84)
#(422 4 0 25)
#(422 5 1 16)
#(422 6 0 14)
#(422 7 1 51)
#(422 8 1 64)
#(422 9 0 87)
#(422 10 1 43)
#(422 11 1 3)
#(422 12 1 36)
#(422 13 1 31)
#(422 14 1 43)
#(422 15 0 12)
#(422 16 0 77)
#(422 17 0 50)
#(422 18 1 91)
#(422 19 0 0)
#(422 20 0 16)
#(422 21 1 30)
#(422 22 0 69)
#(422 23 0 38)
#(422 24 1 16)
#(422 25 1 30)
#(422 26 1 0)
#(422 27 0 77)
#(422 28 0 72)
#(422 29 0 93)
#(422 30 0 37)
#(422 31 0 85)
#(422 32 0 51)
#(422 33 0 45)
#(422 34 1 83)
#(422 35 0 56)
#(422 36 0 31)
#(422 37 0 3)
#(422 38 0 67)
#(422 39 0 5)
#(422 40 0 0)
#(422 41 1 43)
#(422 42 0 8)
#(422 43 0 43)
#(422 44 0 17)
#(422 45 1 46)
#(422 46 0 94)
#(422 47 1 55)
#(422 48 0 7)
#(422 49 0 82)
#(422 50 0 13)
#(422 51 1 86)
#(422 52 1 13)
#(422 53 1 19)
#(422 54 0 5)
#(422 55 1 95)
#(422 56 0 67)
#(422 57 0 11)
#(422 58 0 54)
#(422 59 0 81)
#(422 60 0 56)
#(422 61 1 74)
#(422 62 0 23)
#(422 63 0 52)
#(422 64 0 12)
#(422 65 0 55)
#(422 66 1 42)
#(422 67 0 72)
#(422 68 0 36)
#(422 69 1 62)
#(423 1 0 89)
#(423 2 0 31)
#(423 3 0 82)
#(423 4 0 25)
#(423 5 0 18)
#(423 6 0 92)
#(423 7 0 21)
#(423 8 0 61)
#(423 9 1 42)
#(423 10 0 97)
#(423 11 0 77)
#(423 12 0 5)
#(423 13 0 96)
#(423 14 0 35)
#(423 15 0 26)
#(423 16 0 86)
#(423 17 0 76)
#(423 18 0 60)
#(423 19 0 64)
#(423 20 0 61)
#(423 21 1 79)
#(423 22 0 23)
#(423 23 0 83)
#(423 24 0 39)
#(423 25 0 63)
#(423 26 0 25)
#(423 27 0 52)
#(423 28 0 16)
#(423 29 1 95)
#(423 30 0 61)
#(423 31 0 0)
#(423 32 1 11)
#(423 33 0 45)
#(423 34 0 7)
#(423 35 0 4)
#(423 36 1 44)
#(423 37 0 38)
#(423 38 1 51)
#(423 39 1 95)
#(423 40 0 82)
#(423 41 0 30)
#(423 42 1 21)
#(423 43 1 20)
#(423 44 1 6)
#(423 45 0 12)
#(423 46 0 18)
#(423 47 1 67)
#(423 48 0 70)
#(423 49 0 72)
#(423 50 1 70)
#(423 51 1 9)
#(423 52 1 29)
#(423 53 0 83)
#(423 54 0 86)
#(423 55 0 17)
#(423 56 1 96)
#(423 57 0 85)
#(423 58 0 38)
#(423 59 0 54)
#(423 60 0 74)
#(423 61 0 26)
#(423 62 0 94)
#(423 63 0 43)
#(423 64 1 4)
#(423 65 0 52)
#(423 66 0 15)
#(423 67 0 21)
#(423 68 1 80)
#(423 69 0 82)
#(424 1 0 30)
#(424 2 0 80)
#(424 3 0 44)
#(424 4 1 7)
#(424 5 0 39)
#(424 6 0 70)
#(424 7 1 56)
#(424 8 0 1)
#(424 9 1 41)
#(424 10 0 32)
#(424 11 0 89)
#(424 12 0 12)
#(424 13 0 25)
#(424 14 1 69)
#(424 15 0 66)
#(424 16 0 12)
#(424 17 1 46)
#(424 18 0 47)
#(424 19 0 66)
#(424 20 1 61)
#(424 21 1 8)
#(424 22 1 28)
#(424 23 0 32)
#(424 24 0 46)
#(424 25 1 41)
#(424 26 1 18)
#(424 27 1 8)
#(424 28 1 71)
#(424 29 0 37)
#(424 30 0 88)
#(424 31 1 40)
#(424 32 1 17)
#(424 33 1 93)
#(424 34 0 6)
#(424 35 0 53)
#(424 36 1 40)
#(424 37 0 83)
#(424 38 1 43)
#(424 39 0 40)
#(424 40 1 19)
#(424 41 1 61)
#(424 42 0 27)
#(424 43 0 74)
#(424 44 0 2)
#(424 45 0 45)
#(424 46 1 77)
#(424 47 0 52)
#(424 48 0 12)
#(424 49 0 70)
#(424 50 0 54)
#(424 51 0 89)
#(424 52 0 96)
#(424 53 0 77)
#(424 54 0 43)
#(424 55 1 47)
#(424 56 1 97)
#(424 57 0 53)
#(424 58 0 2)
#(424 59 0 83)
#(424 60 0 26)
#(424 61 0 80)
#(424 62 1 22)
#(424 63 0 38)
#(424 64 1 97)
#(424 65 0 21)
#(424 66 0 25)
#(424 67 1 66)
#(424 68 0 73)
#(424 69 0 3)
#(425 1 0 27)
#(425 2 0 21)
#(425 3 0 0)
#(425 4 0 28)
#(425 5 0 35)
#(425 6 1 25)
#(425 7 0 16)
#(425 8 0 61)
#(425 9 0 54)
#(425 10 0 39)
#(425 11 1 33)
#(425 12 1 49)
#(425 13 1 2)
#(425 14 0 61)
#(425 15 0 38)
#(425 16 0 85)
#(425 17 0 82)
#(425 18 0 60)
#(425 19 1 76)
#(425 20 0 73)
#(425 21 0 24)
#(425 22 0 11)
#(425 23 0 39)
#(425 24 1 27)
#(425 25 0 84)
#(425 26 0 3)
#(425 27 0 22)
#(425 28 1 98)
#(425 29 1 66)
#(425 30 0 82)
#(425 31 0 94)
#(425 32 0 96)
#(425 33 0 96)
#(425 34 0 29)
#(425 35 1 43)
#(425 36 1 59)
#(425 37 0 91)
#(425 38 1 81)
#(425 39 0 96)
#(425 40 0 25)
#(425 41 0 59)
#(425 42 0 15)
#(425 43 0 46)
#(425 44 0 43)
#(425 45 1 50)
#(425 46 0 90)
#(425 47 0 12)
#(425 48 0 56)
#(425 49 1 26)
#(425 50 1 45)
#(425 51 0 89)
#(425 52 1 70)
#(425 53 1 9)
#(425 54 0 21)
#(425 55 1 7)
#(425 56 0 5)
#(425 57 0 1)
#(425 58 1 8)
#(425 59 0 18)
#(425 60 1 35)
#(425 61 0 10)
#(425 62 0 69)
#(425 63 1 32)
#(425 64 1 67)
#(425 65 1 62)
#(425 66 0 75)
#(425 67 0 29)
#(425 68 0 37)
#(425 69 0 1)
#(426 1 0 37)
#(426 2 0 86)
#(426 3 0 45)
#(426 4 0 67)
#(426 5 0 4)
#(426 6 0 84)
#(426 7 0 66)
#(426 8 0 0)
#(426 9 0 88)
#(426 10 0 83)
#(426 11 1 17)
#(426 12 1 55)
#(426 13 1 84)
#(426 14 1 25)
#(426 15 1 92)
#(426 16 1 48)
#(426 17 1 69)
#(426 18 1 82)
#(426 19 1 91)
#(426 20 1 94)
#(426 21 1 32)
#(426 22 0 44)
#(426 23 0 95)
#(426 24 0 87)
#(426 25 0 8)
#(426 26 0 82)
#(426 27 0 5)
#(426 28 1 34)
#(426 29 1 89)
#(426 30 0 54)
#(426 31 0 25)
#(426 32 1 67)
#(426 33 0 57)
#(426 34 0 83)
#(426 35 0 45)
#(426 36 0 63)
#(426 37 0 83)
#(426 38 0 19)
#(426 39 1 80)
#(426 40 1 51)
#(426 41 0 74)
#(426 42 0 42)
#(426 43 1 43)
#(426 44 0 83)
#(426 45 0 69)
#(426 46 1 55)
#(426 47 0 56)
#(426 48 0 97)
#(426 49 0 25)
#(426 50 1 0)
#(426 51 1 35)
#(426 52 0 46)
#(426 53 0 37)
#(426 54 1 32)
#(426 55 1 73)
#(426 56 1 20)
#(426 57 0 64)
#(426 58 0 58)
#(426 59 0 86)
#(426 60 0 19)
#(426 61 1 79)
#(426 62 0 1)
#(426 63 0 17)
#(426 64 1 55)
#(426 65 0 41)
#(426 66 0 18)
#(426 67 0 57)
#(426 68 0 73)
#(426 69 1 28)
#(427 1 0 50)
#(427 2 0 30)
#(427 3 0 2)
#(427 4 0 13)
#(427 5 1 14)
#(427 6 1 25)
#(427 7 1 14)
#(427 8 0 23)
#(427 9 0 65)
#(427 10 0 49)
#(427 11 1 0)
#(427 12 0 84)
#(427 13 0 14)
#(427 14 0 2)
#(427 15 1 86)
#(427 16 0 78)
#(427 17 0 31)
#(427 18 1 75)
#(427 19 0 57)
#(427 20 0 91)
#(427 21 1 56)
#(427 22 0 13)
#(427 23 1 35)
#(427 24 0 24)
#(427 25 0 19)
#(427 26 1 6)
#(427 27 0 69)
#(427 28 0 93)
#(427 29 0 57)
#(427 30 0 29)
#(427 31 0 9)
#(427 32 1 77)
#(427 33 0 29)
#(427 34 0 87)
#(427 35 1 55)
#(427 36 0 73)
#(427 37 1 94)
#(427 38 1 60)
#(427 39 1 19)
#(427 40 1 57)
#(427 41 1 3)
#(427 42 0 69)
#(427 43 1 27)
#(427 44 0 16)
#(427 45 0 63)
#(427 46 1 52)
#(427 47 1 3)
#(427 48 1 31)
#(427 49 0 4)
#(427 50 0 37)
#(427 51 0 68)
#(427 52 0 46)
#(427 53 0 62)
#(427 54 0 57)
#(427 55 0 59)
#(427 56 0 84)
#(427 57 0 44)
#(427 58 1 80)
#(427 59 0 69)
#(427 60 0 37)
#(427 61 1 37)
#(427 62 0 59)
#(427 63 0 44)
#(427 64 1 37)
#(427 65 0 2)
#(427 66 0 37)
#(427 67 1 65)
#(427 68 0 13)
#(427 69 1 12)
#(428 1 0 69)
#(428 2 0 45)
#(428 3 1 42)
#(428 4 0 51)
#(428 5 0 79)
#(428 6 0 57)
#(428 7 0 23)
#(428 8 1 68)
#(428 9 0 40)
#(428 10 0 81)
#(428 11 0 53)
#(428 12 0 25)
#(428 13 1 61)
#(428 14 1 34)
#(428 15 0 39)
#(428 16 0 68)
#(428 17 0 51)
#(428 18 1 94)
#(428 19 0 39)
#(428 20 1 38)
#(428 21 1 48)
#(428 22 0 2)
#(428 23 1 30)
#(428 24 0 16)
#(428 25 1 61)
#(428 26 0 17)
#(428 27 1 85)
#(428 28 0 79)
#(428 29 1 69)
#(428 30 0 0)
#(428 31 0 89)
#(428 32 0 12)
#(428 33 0 43)
#(428 34 0 48)
#(428 35 0 8)
#(428 36 0 39)
#(428 37 0 88)
#(428 38 1 69)
#(428 39 1 35)
#(428 40 0 44)
#(428 41 0 36)
#(428 42 0 66)
#(428 43 0 63)
#(428 44 0 16)
#(428 45 0 87)
#(428 46 1 80)
#(428 47 1 8)
#(428 48 0 25)
#(428 49 0 84)
#(428 50 0 60)
#(428 51 1 53)
#(428 52 0 48)
#(428 53 0 77)
#(428 54 0 55)
#(428 55 0 29)
#(428 56 1 51)
#(428 57 0 49)
#(428 58 0 49)
#(428 59 0 33)
#(428 60 0 35)
#(428 61 0 14)
#(428 62 1 33)
#(428 63 0 93)
#(428 64 1 66)
#(428 65 1 6)
#(428 66 0 43)
#(428 67 1 71)
#(428 68 0 55)
#(428 69 0 67)
#(429 1 0 63)
#(429 2 0 29)
#(429 3 0 44)
#(429 4 0 74)
#(429 5 0 48)
#(429 6 0 48)
#(429 7 1 4)
#(429 8 1 72)
#(429 9 0 34)
#(429 10 1 14)
#(429 11 0 12)
#(429 12 0 39)
#(429 13 0 15)
#(429 14 0 59)
#(429 15 1 97)
#(429 16 0 69)
#(429 17 1 53)
#(429 18 0 62)
#(429 19 1 8)
#(429 20 1 48)
#(429 21 0 3)
#(429 22 1 77)
#(429 23 0 22)
#(429 24 0 88)
#(429 25 0 58)
#(429 26 1 13)
#(429 27 1 14)
#(429 28 1 11)
#(429 29 0 91)
#(429 30 0 87)
#(429 31 0 11)
#(429 32 0 73)
#(429 33 0 8)
#(429 34 1 62)
#(429 35 0 24)
#(429 36 0 32)
#(429 37 0 74)
#(429 38 0 95)
#(429 39 1 4)
#(429 40 1 16)
#(429 41 0 90)
#(429 42 1 62)
#(429 43 1 38)
#(429 44 0 45)
#(429 45 0 96)
#(429 46 0 75)
#(429 47 0 1)
#(429 48 0 54)
#(429 49 0 54)
#(429 50 1 37)
#(429 51 1 83)
#(429 52 1 33)
#(429 53 1 46)
#(429 54 0 8)
#(429 55 1 16)
#(429 56 1 80)
#(429 57 0 29)
#(429 58 1 9)
#(429 59 1 15)
#(429 60 0 56)
#(429 61 0 3)
#(429 62 1 22)
#(429 63 0 9)
#(429 64 1 16)
#(429 65 0 12)
#(429 66 0 47)
#(429 67 1 40)
#(429 68 1 20)
#(429 69 0 89)
#(430 1 1 49)
#(430 2 0 24)
#(430 3 0 88)
#(430 4 0 27)
#(430 5 0 53)
#(430 6 0 64)
#(430 7 0 54)
#(430 8 1 94)
#(430 9 0 42)
#(430 10 0 0)
#(430 11 1 15)
#(430 12 0 90)
#(430 13 1 64)
#(430 14 1 66)
#(430 15 0 86)
#(430 16 0 63)
#(430 17 1 19)
#(430 18 1 92)
#(430 19 0 40)
#(430 20 0 26)
#(430 21 0 36)
#(430 22 0 40)
#(430 23 0 29)
#(430 24 0 66)
#(430 25 0 54)
#(430 26 0 45)
#(430 27 0 33)
#(430 28 0 20)
#(430 29 0 34)
#(430 30 0 56)
#(430 31 0 16)
#(430 32 0 93)
#(430 33 0 91)
#(430 34 0 2)
#(430 35 0 7)
#(430 36 0 25)
#(430 37 1 51)
#(430 38 0 49)
#(430 39 1 55)
#(430 40 0 38)
#(430 41 0 82)
#(430 42 0 29)
#(430 43 0 25)
#(430 44 0 27)
#(430 45 0 16)
#(430 46 0 15)
#(430 47 0 89)
#(430 48 0 71)
#(430 49 0 59)
#(430 50 0 15)
#(430 51 0 19)
#(430 52 0 44)
#(430 53 0 69)
#(430 54 1 81)
#(430 55 0 72)
#(430 56 0 9)
#(430 57 0 2)
#(430 58 0 42)
#(430 59 1 7)
#(430 60 1 38)
#(430 61 1 33)
#(430 62 1 98)
#(430 63 0 5)
#(430 64 0 34)
#(430 65 1 52)
#(430 66 1 59)
#(430 67 0 16)
#(430 68 0 24)
#(430 69 1 84)
#(431 1 0 25)
#(431 2 0 93)
#(431 3 0 21)
#(431 4 0 94)
#(431 5 1 7)
#(431 6 0 29)
#(431 7 1 43)
#(431 8 1 0)
#(431 9 0 56)
#(431 10 1 29)
#(431 11 0 72)
#(431 12 0 94)
#(431 13 0 58)
#(431 14 0 10)
#(431 15 0 13)
#(431 16 0 68)
#(431 17 1 87)
#(431 18 1 78)
#(431 19 0 73)
#(431 20 1 68)
#(431 21 1 89)
#(431 22 0 90)
#(431 23 0 73)
#(431 24 1 54)
#(431 25 0 9)
#(431 26 1 59)
#(431 27 1 14)
#(431 28 1 35)
#(431 29 1 83)
#(431 30 1 7)
#(431 31 0 0)
#(431 32 0 64)
#(431 33 1 96)
#(431 34 0 36)
#(431 35 0 38)
#(431 36 0 62)
#(431 37 0 42)
#(431 38 1 31)
#(431 39 0 44)
#(431 40 0 68)
#(431 41 1 25)
#(431 42 0 35)
#(431 43 0 30)
#(431 44 0 9)
#(431 45 0 52)
#(431 46 0 36)
#(431 47 1 31)
#(431 48 0 62)
#(431 49 0 21)
#(431 50 0 4)
#(431 51 1 27)
#(431 52 1 26)
#(431 53 0 28)
#(431 54 0 70)
#(431 55 0 12)
#(431 56 0 71)
#(431 57 0 46)
#(431 58 1 36)
#(431 59 1 30)
#(431 60 0 79)
#(431 61 0 40)
#(431 62 0 54)
#(431 63 1 67)
#(431 64 1 36)
#(431 65 0 60)
#(431 66 0 43)
#(431 67 1 60)
#(431 68 0 91)
#(431 69 0 81)
#(432 1 0 20)
#(432 2 0 95)
#(432 3 1 41)
#(432 4 1 8)
#(432 5 0 46)
#(432 6 1 66)
#(432 7 0 16)
#(432 8 0 52)
#(432 9 0 43)
#(432 10 0 35)
#(432 11 0 56)
#(432 12 1 51)
#(432 13 0 16)
#(432 14 0 89)
#(432 15 1 8)
#(432 16 1 49)
#(432 17 0 48)
#(432 18 1 12)
#(432 19 1 15)
#(432 20 1 1)
#(432 21 1 98)
#(432 22 0 36)
#(432 23 0 40)
#(432 24 1 98)
#(432 25 0 84)
#(432 26 0 8)
#(432 27 0 51)
#(432 28 0 55)
#(432 29 0 79)
#(432 30 1 22)
#(432 31 0 76)
#(432 32 0 67)
#(432 33 0 13)
#(432 34 1 79)
#(432 35 1 63)
#(432 36 1 33)
#(432 37 1 88)
#(432 38 0 88)
#(432 39 1 13)
#(432 40 0 34)
#(432 41 1 33)
#(432 42 0 88)
#(432 43 0 68)
#(432 44 1 56)
#(432 45 0 59)
#(432 46 0 93)
#(432 47 1 40)
#(432 48 1 20)
#(432 49 0 48)
#(432 50 0 27)
#(432 51 0 87)
#(432 52 0 35)
#(432 53 0 67)
#(432 54 1 30)
#(432 55 0 93)
#(432 56 0 97)
#(432 57 0 61)
#(432 58 0 22)
#(432 59 0 62)
#(432 60 1 36)
#(432 61 0 41)
#(432 62 0 46)
#(432 63 0 85)
#(432 64 0 30)
#(432 65 0 26)
#(432 66 1 80)
#(432 67 0 80)
#(432 68 1 64)
#(432 69 0 96)
#(433 1 0 38)
#(433 2 1 40)
#(433 3 0 17)
#(433 4 0 11)
#(433 5 1 1)
#(433 6 0 90)
#(433 7 0 66)
#(433 8 0 45)
#(433 9 0 59)
#(433 10 0 87)
#(433 11 0 35)
#(433 12 0 54)
#(433 13 0 51)
#(433 14 1 7)
#(433 15 1 50)
#(433 16 0 94)
#(433 17 0 65)
#(433 18 0 72)
#(433 19 0 19)
#(433 20 0 3)
#(433 21 0 10)
#(433 22 0 45)
#(433 23 0 72)
#(433 24 1 13)
#(433 25 0 80)
#(433 26 1 74)
#(433 27 0 97)
#(433 28 0 71)
#(433 29 0 96)
#(433 30 1 47)
#(433 31 1 38)
#(433 32 0 39)
#(433 33 0 64)
#(433 34 1 82)
#(433 35 0 1)
#(433 36 0 66)
#(433 37 1 61)
#(433 38 0 73)
#(433 39 0 20)
#(433 40 0 74)
#(433 41 0 8)
#(433 42 1 32)
#(433 43 1 93)
#(433 44 0 62)
#(433 45 0 91)
#(433 46 0 68)
#(433 47 0 80)
#(433 48 1 61)
#(433 49 0 88)
#(433 50 0 16)
#(433 51 0 2)
#(433 52 0 20)
#(433 53 0 68)
#(433 54 1 49)
#(433 55 0 68)
#(433 56 1 45)
#(433 57 1 72)
#(433 58 1 27)
#(433 59 1 39)
#(433 60 0 76)
#(433 61 0 68)
#(433 62 1 51)
#(433 63 1 16)
#(433 64 1 90)
#(433 65 1 26)
#(433 66 0 84)
#(433 67 0 44)
#(433 68 0 72)
#(433 69 1 8)
#(434 1 0 32)
#(434 2 0 50)
#(434 3 0 78)
#(434 4 1 83)
#(434 5 1 72)
#(434 6 0 98)
#(434 7 0 68)
#(434 8 1 65)
#(434 9 0 40)
#(434 10 0 7)
#(434 11 1 3)
#(434 12 0 2)
#(434 13 0 60)
#(434 14 1 72)
#(434 15 0 80)
#(434 16 1 25)
#(434 17 0 68)
#(434 18 1 14)
#(434 19 0 63)
#(434 20 0 59)
#(434 21 0 12)
#(434 22 1 26)
#(434 23 1 34)
#(434 24 0 44)
#(434 25 0 66)
#(434 26 1 61)
#(434 27 0 10)
#(434 28 1 15)
#(434 29 0 96)
#(434 30 1 57)
#(434 31 1 16)
#(434 32 0 20)
#(434 33 0 86)
#(434 34 1 95)
#(434 35 0 81)
#(434 36 1 20)
#(434 37 0 47)
#(434 38 0 86)
#(434 39 0 76)
#(434 40 0 20)
#(434 41 0 75)
#(434 42 0 4)
#(434 43 1 56)
#(434 44 0 48)
#(434 45 1 38)
#(434 46 0 3)
#(434 47 1 0)
#(434 48 0 87)
#(434 49 1 37)
#(434 50 1 56)
#(434 51 0 95)
#(434 52 0 85)
#(434 53 0 77)
#(434 54 0 19)
#(434 55 0 65)
#(434 56 0 57)
#(434 57 0 36)
#(434 58 0 46)
#(434 59 0 56)
#(434 60 1 5)
#(434 61 0 44)
#(434 62 0 18)
#(434 63 0 45)
#(434 64 1 29)
#(434 65 0 19)
#(434 66 0 38)
#(434 67 0 4)
#(434 68 0 13)
#(434 69 1 91)
#(435 1 1 74)
#(435 2 0 27)
#(435 3 1 79)
#(435 4 1 57)
#(435 5 0 0)
#(435 6 0 37)
#(435 7 1 26)
#(435 8 0 14)
#(435 9 0 90)
#(435 10 1 56)
#(435 11 1 22)
#(435 12 0 55)
#(435 13 0 98)
#(435 14 0 28)
#(435 15 1 49)
#(435 16 0 62)
#(435 17 0 87)
#(435 18 0 23)
#(435 19 0 42)
#(435 20 0 74)
#(435 21 1 81)
#(435 22 0 25)
#(435 23 1 29)
#(435 24 0 21)
#(435 25 1 23)
#(435 26 0 50)
#(435 27 0 62)
#(435 28 0 57)
#(435 29 1 59)
#(435 30 1 67)
#(435 31 0 27)
#(435 32 0 5)
#(435 33 0 39)
#(435 34 0 63)
#(435 35 0 20)
#(435 36 1 60)
#(435 37 0 73)
#(435 38 0 34)
#(435 39 0 28)
#(435 40 0 41)
#(435 41 1 71)
#(435 42 0 29)
#(435 43 0 57)
#(435 44 0 33)
#(435 45 0 25)
#(435 46 0 84)
#(435 47 0 68)
#(435 48 0 29)
#(435 49 1 43)
#(435 50 0 9)
#(435 51 0 62)
#(435 52 1 92)
#(435 53 1 69)
#(435 54 0 5)
#(435 55 0 77)
#(435 56 0 7)
#(435 57 0 51)
#(435 58 0 66)
#(435 59 0 5)
#(435 60 0 86)
#(435 61 0 29)
#(435 62 0 50)
#(435 63 0 33)
#(435 64 0 57)
#(435 65 1 19)
#(435 66 0 8)
#(435 67 0 59)
#(435 68 0 47)
#(435 69 1 71)
#(436 1 0 36)
#(436 2 1 97)
#(436 3 1 40)
#(436 4 0 45)
#(436 5 0 61)
#(436 6 0 10)
#(436 7 1 64)
#(436 8 0 44)
#(436 9 0 34)
#(436 10 0 77)
#(436 11 0 35)
#(436 12 1 4)
#(436 13 0 19)
#(436 14 0 74)
#(436 15 0 55)
#(436 16 0 83)
#(436 17 0 71)
#(436 18 0 21)
#(436 19 1 17)
#(436 20 0 66)
#(436 21 1 94)
#(436 22 0 94)
#(436 23 0 85)
#(436 24 1 17)
#(436 25 0 45)
#(436 26 0 57)
#(436 27 0 12)
#(436 28 0 37)
#(436 29 0 72)
#(436 30 0 86)
#(436 31 1 79)
#(436 32 0 45)
#(436 33 0 81)
#(436 34 0 21)
#(436 35 1 10)
#(436 36 0 39)
#(436 37 1 53)
#(436 38 0 41)
#(436 39 1 26)
#(436 40 0 68)
#(436 41 1 18)
#(436 42 0 40)
#(436 43 0 14)
#(436 44 0 86)
#(436 45 0 16)
#(436 46 1 9)
#(436 47 1 58)
#(436 48 0 71)
#(436 49 0 93)
#(436 50 1 64)
#(436 51 0 65)
#(436 52 0 29)
#(436 53 1 61)
#(436 54 0 33)
#(436 55 0 83)
#(436 56 0 24)
#(436 57 0 56)
#(436 58 0 64)
#(436 59 1 78)
#(436 60 0 55)
#(436 61 1 95)
#(436 62 0 3)
#(436 63 1 63)
#(436 64 0 24)
#(436 65 1 29)
#(436 66 0 39)
#(436 67 0 56)
#(436 68 0 87)
#(436 69 0 75)
#(437 1 0 29)
#(437 2 1 95)
#(437 3 0 5)
#(437 4 1 9)
#(437 5 0 98)
#(437 6 0 91)
#(437 7 0 18)
#(437 8 0 26)
#(437 9 1 79)
#(437 10 1 33)
#(437 11 1 89)
#(437 12 0 72)
#(437 13 1 16)
#(437 14 0 65)
#(437 15 1 49)
#(437 16 1 90)
#(437 17 0 29)
#(437 18 1 45)
#(437 19 0 47)
#(437 20 0 16)
#(437 21 0 63)
#(437 22 1 84)
#(437 23 0 49)
#(437 24 1 93)
#(437 25 1 94)
#(437 26 0 13)
#(437 27 0 2)
#(437 28 0 59)
#(437 29 1 80)
#(437 30 1 50)
#(437 31 0 41)
#(437 32 0 7)
#(437 33 0 77)
#(437 34 0 5)
#(437 35 0 86)
#(437 36 1 84)
#(437 37 0 39)
#(437 38 1 25)
#(437 39 1 73)
#(437 40 1 54)
#(437 41 0 21)
#(437 42 1 74)
#(437 43 0 52)
#(437 44 0 98)
#(437 45 0 93)
#(437 46 0 40)
#(437 47 0 49)
#(437 48 0 9)
#(437 49 0 61)
#(437 50 0 82)
#(437 51 0 64)
#(437 52 1 29)
#(437 53 0 41)
#(437 54 1 78)
#(437 55 0 9)
#(437 56 1 51)
#(437 57 0 31)
#(437 58 0 41)
#(437 59 0 56)
#(437 60 1 0)
#(437 61 1 30)
#(437 62 0 8)
#(437 63 0 94)
#(437 64 1 2)
#(437 65 0 39)
#(437 66 0 5)
#(437 67 0 13)
#(437 68 1 42)
#(437 69 0 85)
#(438 1 0 60)
#(438 2 1 40)
#(438 3 0 38)
#(438 4 0 42)
#(438 5 1 92)
#(438 6 0 11)
#(438 7 0 45)
#(438 8 1 43)
#(438 9 0 75)
#(438 10 0 64)
#(438 11 0 68)
#(438 12 0 70)
#(438 13 0 90)
#(438 14 0 44)
#(438 15 0 38)
#(438 16 1 14)
#(438 17 0 55)
#(438 18 0 69)
#(438 19 0 23)
#(438 20 0 83)
#(438 21 1 76)
#(438 22 1 92)
#(438 23 0 68)
#(438 24 0 10)
#(438 25 0 0)
#(438 26 0 53)
#(438 27 0 75)
#(438 28 0 71)
#(438 29 0 71)
#(438 30 0 28)
#(438 31 0 19)
#(438 32 0 18)
#(438 33 0 28)
#(438 34 0 9)
#(438 35 0 12)
#(438 36 0 16)
#(438 37 0 95)
#(438 38 0 62)
#(438 39 0 72)
#(438 40 1 93)
#(438 41 0 85)
#(438 42 0 61)
#(438 43 1 4)
#(438 44 1 74)
#(438 45 0 4)
#(438 46 0 78)
#(438 47 0 17)
#(438 48 0 12)
#(438 49 0 7)
#(438 50 0 53)
#(438 51 0 73)
#(438 52 0 75)
#(438 53 0 7)
#(438 54 0 6)
#(438 55 0 53)
#(438 56 0 96)
#(438 57 1 82)
#(438 58 0 5)
#(438 59 0 26)
#(438 60 0 13)
#(438 61 0 21)
#(438 62 1 18)
#(438 63 0 55)
#(438 64 0 16)
#(438 65 0 51)
#(438 66 0 83)
#(438 67 0 6)
#(438 68 0 81)
#(438 69 0 91)
#(439 1 1 76)
#(439 2 0 69)
#(439 3 1 27)
#(439 4 1 7)
#(439 5 0 79)
#(439 6 0 7)
#(439 7 0 8)
#(439 8 0 82)
#(439 9 0 52)
#(439 10 0 89)
#(439 11 1 83)
#(439 12 1 95)
#(439 13 0 57)
#(439 14 0 28)
#(439 15 0 52)
#(439 16 0 41)
#(439 17 0 77)
#(439 18 0 11)
#(439 19 0 55)
#(439 20 0 51)
#(439 21 0 35)
#(439 22 0 63)
#(439 23 0 86)
#(439 24 1 60)
#(439 25 1 31)
#(439 26 0 68)
#(439 27 0 31)
#(439 28 0 82)
#(439 29 0 26)
#(439 30 0 65)
#(439 31 1 87)
#(439 32 0 13)
#(439 33 0 49)
#(439 34 1 14)
#(439 35 0 82)
#(439 36 1 16)
#(439 37 1 8)
#(439 38 0 28)
#(439 39 0 89)
#(439 40 1 23)
#(439 41 1 17)
#(439 42 1 70)
#(439 43 0 26)
#(439 44 1 57)
#(439 45 0 45)
#(439 46 1 64)
#(439 47 0 74)
#(439 48 0 2)
#(439 49 0 89)
#(439 50 0 84)
#(439 51 0 3)
#(439 52 1 27)
#(439 53 1 58)
#(439 54 0 84)
#(439 55 1 26)
#(439 56 0 59)
#(439 57 1 31)
#(439 58 1 62)
#(439 59 0 71)
#(439 60 1 71)
#(439 61 0 11)
#(439 62 0 0)
#(439 63 0 43)
#(439 64 0 76)
#(439 65 0 83)
#(439 66 1 56)
#(439 67 0 77)
#(439 68 0 77)
#(439 69 0 74)
#(440 1 0 5)
#(440 2 1 8)
#(440 3 0 93)
#(440 4 0 13)
#(440 5 0 35)
#(440 6 1 42)
#(440 7 0 28)
#(440 8 0 79)
#(440 9 0 14)
#(440 10 1 47)
#(440 11 0 42)
#(440 12 0 67)
#(440 13 0 60)
#(440 14 0 95)
#(440 15 1 59)
#(440 16 0 72)
#(440 17 0 55)
#(440 18 0 31)
#(440 19 0 48)
#(440 20 1 63)
#(440 21 1 57)
#(440 22 0 28)
#(440 23 1 49)
#(440 24 0 23)
#(440 25 0 47)
#(440 26 0 6)
#(440 27 0 59)
#(440 28 1 93)
#(440 29 0 35)
#(440 30 0 58)
#(440 31 0 12)
#(440 32 0 67)
#(440 33 0 12)
#(440 34 0 42)
#(440 35 1 92)
#(440 36 1 95)
#(440 37 1 10)
#(440 38 0 23)
#(440 39 1 86)
#(440 40 0 69)
#(440 41 1 98)
#(440 42 0 59)
#(440 43 0 89)
#(440 44 0 44)
#(440 45 0 38)
#(440 46 0 41)
#(440 47 0 61)
#(440 48 0 43)
#(440 49 0 31)
#(440 50 1 45)
#(440 51 0 39)
#(440 52 0 61)
#(440 53 0 41)
#(440 54 0 18)
#(440 55 1 43)
#(440 56 0 68)
#(440 57 1 78)
#(440 58 0 89)
#(440 59 1 2)
#(440 60 0 33)
#(440 61 0 9)
#(440 62 1 77)
#(440 63 1 87)
#(440 64 0 82)
#(440 65 0 40)
#(440 66 1 98)
#(440 67 0 32)
#(440 68 1 2)
#(440 69 1 91)
#(441 1 0 49)
#(441 2 1 42)
#(441 3 0 49)
#(441 4 0 89)
#(441 5 1 57)
#(441 6 0 5)
#(441 7 0 59)
#(441 8 0 27)
#(441 9 0 34)
#(441 10 1 64)
#(441 11 0 12)
#(441 12 0 88)
#(441 13 0 55)
#(441 14 0 74)
#(441 15 0 62)
#(441 16 1 54)
#(441 17 1 45)
#(441 18 0 13)
#(441 19 0 8)
#(441 20 1 9)
#(441 21 1 0)
#(441 22 0 35)
#(441 23 0 52)
#(441 24 0 22)
#(441 25 0 90)
#(441 26 0 42)
#(441 27 0 91)
#(441 28 0 0)
#(441 29 1 79)
#(441 30 0 52)
#(441 31 0 33)
#(441 32 0 90)
#(441 33 0 26)
#(441 34 1 24)
#(441 35 0 77)
#(441 36 0 87)
#(441 37 0 45)
#(441 38 0 78)
#(441 39 1 66)
#(441 40 0 76)
#(441 41 1 21)
#(441 42 1 97)
#(441 43 1 28)
#(441 44 0 98)
#(441 45 0 23)
#(441 46 0 98)
#(441 47 1 59)
#(441 48 0 92)
#(441 49 0 4)
#(441 50 0 18)
#(441 51 0 30)
#(441 52 0 51)
#(441 53 0 91)
#(441 54 1 40)
#(441 55 1 72)
#(441 56 0 88)
#(441 57 0 80)
#(441 58 1 26)
#(441 59 1 35)
#(441 60 0 43)
#(441 61 1 69)
#(441 62 0 51)
#(441 63 1 69)
#(441 64 0 95)
#(441 65 0 38)
#(441 66 0 12)
#(441 67 0 66)
#(441 68 1 33)
#(441 69 0 0)
#(442 1 0 47)
#(442 2 0 83)
#(442 3 0 20)
#(442 4 1 85)
#(442 5 0 2)
#(442 6 1 7)
#(442 7 0 12)
#(442 8 0 36)
#(442 9 1 54)
#(442 10 0 75)
#(442 11 0 37)
#(442 12 0 90)
#(442 13 1 96)
#(442 14 0 33)
#(442 15 0 84)
#(442 16 1 52)
#(442 17 1 18)
#(442 18 0 95)
#(442 19 0 5)
#(442 20 0 10)
#(442 21 0 74)
#(442 22 0 48)
#(442 23 0 19)
#(442 24 1 52)
#(442 25 0 49)
#(442 26 0 98)
#(442 27 0 70)
#(442 28 0 31)
#(442 29 0 88)
#(442 30 0 29)
#(442 31 0 40)
#(442 32 1 24)
#(442 33 1 34)
#(442 34 1 54)
#(442 35 0 49)
#(442 36 0 62)
#(442 37 1 51)
#(442 38 0 11)
#(442 39 0 71)
#(442 40 1 85)
#(442 41 0 10)
#(442 42 1 57)
#(442 43 0 12)
#(442 44 0 49)
#(442 45 0 90)
#(442 46 1 41)
#(442 47 0 48)
#(442 48 0 16)
#(442 49 1 1)
#(442 50 1 32)
#(442 51 1 83)
#(442 52 0 93)
#(442 53 0 96)
#(442 54 0 97)
#(442 55 1 52)
#(442 56 0 52)
#(442 57 0 70)
#(442 58 0 83)
#(442 59 1 65)
#(442 60 0 14)
#(442 61 0 10)
#(442 62 1 60)
#(442 63 0 54)
#(442 64 1 13)
#(442 65 1 10)
#(442 66 0 42)
#(442 67 1 15)
#(442 68 0 72)
#(442 69 1 21)
#(443 1 1 58)
#(443 2 0 56)
#(443 3 0 70)
#(443 4 1 97)
#(443 5 0 4)
#(443 6 0 60)
#(443 7 1 39)
#(443 8 0 74)
#(443 9 1 41)
#(443 10 1 63)
#(443 11 1 90)
#(443 12 0 77)
#(443 13 0 54)
#(443 14 1 21)
#(443 15 0 98)
#(443 16 0 97)
#(443 17 0 59)
#(443 18 0 42)
#(443 19 0 0)
#(443 20 0 52)
#(443 21 1 44)
#(443 22 0 69)
#(443 23 1 96)
#(443 24 0 10)
#(443 25 0 33)
#(443 26 1 36)
#(443 27 1 53)
#(443 28 0 93)
#(443 29 1 47)
#(443 30 1 51)
#(443 31 0 85)
#(443 32 0 60)
#(443 33 0 53)
#(443 34 0 43)
#(443 35 0 24)
#(443 36 0 95)
#(443 37 1 8)
#(443 38 0 52)
#(443 39 0 32)
#(443 40 1 20)
#(443 41 0 50)
#(443 42 1 80)
#(443 43 0 22)
#(443 44 0 47)
#(443 45 1 73)
#(443 46 0 74)
#(443 47 0 71)
#(443 48 0 25)
#(443 49 0 9)
#(443 50 0 90)
#(443 51 1 19)
#(443 52 1 85)
#(443 53 1 68)
#(443 54 0 68)
#(443 55 0 39)
#(443 56 1 22)
#(443 57 0 28)
#(443 58 1 67)
#(443 59 0 45)
#(443 60 0 60)
#(443 61 0 48)
#(443 62 1 22)
#(443 63 0 10)
#(443 64 0 2)
#(443 65 0 49)
#(443 66 0 97)
#(443 67 1 66)
#(443 68 0 19)
#(443 69 1 37)
#(444 1 0 15)
#(444 2 0 25)
#(444 3 0 87)
#(444 4 1 3)
#(444 5 0 47)
#(444 6 1 74)
#(444 7 0 96)
#(444 8 1 51)
#(444 9 0 82)
#(444 10 0 84)
#(444 11 1 31)
#(444 12 0 45)
#(444 13 1 54)
#(444 14 0 47)
#(444 15 0 66)
#(444 16 1 50)
#(444 17 0 43)
#(444 18 0 37)
#(444 19 0 36)
#(444 20 0 85)
#(444 21 0 87)
#(444 22 0 48)
#(444 23 0 85)
#(444 24 0 67)
#(444 25 0 96)
#(444 26 0 1)
#(444 27 1 96)
#(444 28 1 24)
#(444 29 0 87)
#(444 30 0 84)
#(444 31 0 45)
#(444 32 0 26)
#(444 33 0 88)
#(444 34 0 86)
#(444 35 0 37)
#(444 36 0 61)
#(444 37 0 9)
#(444 38 1 45)
#(444 39 1 8)
#(444 40 0 23)
#(444 41 0 96)
#(444 42 1 10)
#(444 43 1 76)
#(444 44 0 30)
#(444 45 1 23)
#(444 46 0 70)
#(444 47 0 89)
#(444 48 0 46)
#(444 49 0 85)
#(444 50 0 25)
#(444 51 0 65)
#(444 52 0 77)
#(444 53 0 50)
#(444 54 1 50)
#(444 55 0 12)
#(444 56 0 66)
#(444 57 0 48)
#(444 58 1 1)
#(444 59 1 66)
#(444 60 0 93)
#(444 61 1 23)
#(444 62 0 33)
#(444 63 0 59)
#(444 64 0 1)
#(444 65 1 2)
#(444 66 0 26)
#(444 67 0 64)
#(444 68 0 58)
#(444 69 1 23)
#(445 1 1 89)
#(445 2 1 82)
#(445 3 0 52)
#(445 4 0 41)
#(445 5 1 25)
#(445 6 0 41)
#(445 7 0 63)
#(445 8 1 20)
#(445 9 0 92)
#(445 10 0 49)
#(445 11 0 64)
#(445 12 1 43)
#(445 13 1 11)
#(445 14 1 55)
#(445 15 0 13)
#(445 16 0 5)
#(445 17 0 70)
#(445 18 0 40)
#(445 19 0 59)
#(445 20 0 77)
#(445 21 0 0)
#(445 22 0 87)
#(445 23 0 40)
#(445 24 0 22)
#(445 25 0 61)
#(445 26 1 29)
#(445 27 1 30)
#(445 28 0 85)
#(445 29 0 85)
#(445 30 1 66)
#(445 31 0 62)
#(445 32 0 11)
#(445 33 0 91)
#(445 34 1 97)
#(445 35 1 15)
#(445 36 1 7)
#(445 37 1 31)
#(445 38 0 74)
#(445 39 0 74)
#(445 40 0 27)
#(445 41 1 25)
#(445 42 0 83)
#(445 43 1 75)
#(445 44 1 81)
#(445 45 0 25)
#(445 46 1 3)
#(445 47 0 63)
#(445 48 0 10)
#(445 49 0 72)
#(445 50 0 44)
#(445 51 0 56)
#(445 52 0 63)
#(445 53 0 24)
#(445 54 1 98)
#(445 55 1 71)
#(445 56 0 96)
#(445 57 1 69)
#(445 58 0 97)
#(445 59 0 93)
#(445 60 0 92)
#(445 61 1 59)
#(445 62 1 30)
#(445 63 0 60)
#(445 64 0 23)
#(445 65 1 37)
#(445 66 0 84)
#(445 67 0 97)
#(445 68 1 52)
#(445 69 0 6)
#(446 1 0 61)
#(446 2 0 47)
#(446 3 1 43)
#(446 4 0 98)
#(446 5 0 26)
#(446 6 0 44)
#(446 7 0 84)
#(446 8 0 11)
#(446 9 1 9)
#(446 10 0 14)
#(446 11 1 61)
#(446 12 0 19)
#(446 13 1 11)
#(446 14 0 31)
#(446 15 1 33)
#(446 16 0 45)
#(446 17 0 28)
#(446 18 1 5)
#(446 19 1 73)
#(446 20 1 83)
#(446 21 0 13)
#(446 22 1 82)
#(446 23 0 62)
#(446 24 0 37)
#(446 25 0 40)
#(446 26 0 75)
#(446 27 0 42)
#(446 28 0 30)
#(446 29 0 29)
#(446 30 1 32)
#(446 31 0 50)
#(446 32 1 77)
#(446 33 0 16)
#(446 34 0 57)
#(446 35 0 54)
#(446 36 1 10)
#(446 37 0 96)
#(446 38 0 95)
#(446 39 0 65)
#(446 40 0 22)
#(446 41 1 56)
#(446 42 0 36)
#(446 43 1 53)
#(446 44 1 39)
#(446 45 0 10)
#(446 46 1 11)
#(446 47 0 66)
#(446 48 1 23)
#(446 49 0 57)
#(446 50 1 70)
#(446 51 0 27)
#(446 52 1 58)
#(446 53 0 67)
#(446 54 1 25)
#(446 55 1 94)
#(446 56 0 71)
#(446 57 0 25)
#(446 58 0 8)
#(446 59 1 94)
#(446 60 1 23)
#(446 61 1 6)
#(446 62 0 48)
#(446 63 0 42)
#(446 64 0 25)
#(446 65 1 2)
#(446 66 0 50)
#(446 67 0 40)
#(446 68 0 80)
#(446 69 1 7)
#(447 1 0 95)
#(447 2 1 12)
#(447 3 0 58)
#(447 4 0 7)
#(447 5 0 94)
#(447 6 0 61)
#(447 7 0 24)
#(447 8 0 83)
#(447 9 1 94)
#(447 10 1 15)
#(447 11 0 63)
#(447 12 0 94)
#(447 13 1 50)
#(447 14 0 46)
#(447 15 0 8)
#(447 16 0 76)
#(447 17 0 29)
#(447 18 0 58)
#(447 19 1 72)
#(447 20 0 14)
#(447 21 1 93)
#(447 22 1 6)
#(447 23 1 77)
#(447 24 0 28)
#(447 25 1 49)
#(447 26 1 27)
#(447 27 0 2)
#(447 28 0 80)
#(447 29 0 31)
#(447 30 0 0)
#(447 31 1 53)
#(447 32 0 98)
#(447 33 0 65)
#(447 34 0 55)
#(447 35 1 20)
#(447 36 0 28)
#(447 37 1 72)
#(447 38 1 49)
#(447 39 0 51)
#(447 40 1 60)
#(447 41 1 95)
#(447 42 0 52)
#(447 43 0 4)
#(447 44 1 91)
#(447 45 1 29)
#(447 46 0 28)
#(447 47 0 54)
#(447 48 0 73)
#(447 49 0 61)
#(447 50 1 20)
#(447 51 1 26)
#(447 52 1 24)
#(447 53 0 95)
#(447 54 0 64)
#(447 55 0 50)
#(447 56 0 25)
#(447 57 0 24)
#(447 58 0 73)
#(447 59 0 85)
#(447 60 0 71)
#(447 61 0 85)
#(447 62 0 3)
#(447 63 1 2)
#(447 64 0 1)
#(447 65 0 14)
#(447 66 0 62)
#(447 67 1 89)
#(447 68 0 44)
#(447 69 1 18)
#(448 1 1 5)
#(448 2 0 32)
#(448 3 0 97)
#(448 4 0 8)
#(448 5 0 51)
#(448 6 0 32)
#(448 7 1 65)
#(448 8 0 80)
#(448 9 0 84)
#(448 10 0 10)
#(448 11 1 30)
#(448 12 1 41)
#(448 13 1 0)
#(448 14 0 38)
#(448 15 0 79)
#(448 16 1 19)
#(448 17 1 18)
#(448 18 0 95)
#(448 19 1 51)
#(448 20 0 68)
#(448 21 0 54)
#(448 22 0 55)
#(448 23 0 54)
#(448 24 1 26)
#(448 25 0 66)
#(448 26 1 75)
#(448 27 1 16)
#(448 28 1 1)
#(448 29 1 51)
#(448 30 0 36)
#(448 31 0 11)
#(448 32 0 24)
#(448 33 0 94)
#(448 34 0 77)
#(448 35 1 51)
#(448 36 0 94)
#(448 37 0 76)
#(448 38 1 18)
#(448 39 0 60)
#(448 40 1 72)
#(448 41 0 88)
#(448 42 0 76)
#(448 43 1 6)
#(448 44 0 65)
#(448 45 1 49)
#(448 46 0 98)
#(448 47 0 44)
#(448 48 1 48)
#(448 49 1 1)
#(448 50 0 10)
#(448 51 0 9)
#(448 52 1 46)
#(448 53 0 10)
#(448 54 1 88)
#(448 55 0 85)
#(448 56 0 63)
#(448 57 0 59)
#(448 58 0 61)
#(448 59 0 30)
#(448 60 0 24)
#(448 61 0 35)
#(448 62 1 48)
#(448 63 0 16)
#(448 64 0 32)
#(448 65 0 51)
#(448 66 0 1)
#(448 67 0 59)
#(448 68 0 12)
#(448 69 1 15)
#(449 1 0 75)
#(449 2 0 31)
#(449 3 0 5)
#(449 4 0 38)
#(449 5 0 74)
#(449 6 0 23)
#(449 7 0 55)
#(449 8 0 62)
#(449 9 0 82)
#(449 10 1 86)
#(449 11 0 10)
#(449 12 0 69)
#(449 13 0 78)
#(449 14 0 4)
#(449 15 1 63)
#(449 16 1 35)
#(449 17 0 84)
#(449 18 0 42)
#(449 19 1 95)
#(449 20 0 28)
#(449 21 0 76)
#(449 22 1 48)
#(449 23 0 23)
#(449 24 0 91)
#(449 25 0 89)
#(449 26 0 5)
#(449 27 0 54)
#(449 28 0 79)
#(449 29 0 38)
#(449 30 0 66)
#(449 31 0 45)
#(449 32 1 19)
#(449 33 0 54)
#(449 34 0 43)
#(449 35 0 59)
#(449 36 1 39)
#(449 37 0 96)
#(449 38 0 58)
#(449 39 1 32)
#(449 40 0 97)
#(449 41 0 63)
#(449 42 1 67)
#(449 43 0 63)
#(449 44 1 84)
#(449 45 0 69)
#(449 46 0 25)
#(449 47 0 75)
#(449 48 0 85)
#(449 49 1 20)
#(449 50 0 90)
#(449 51 0 36)
#(449 52 1 48)
#(449 53 1 82)
#(449 54 0 51)
#(449 55 1 22)
#(449 56 0 53)
#(449 57 0 77)
#(449 58 1 33)
#(449 59 0 25)
#(449 60 1 88)
#(449 61 0 89)
#(449 62 0 57)
#(449 63 1 77)
#(449 64 0 86)
#(449 65 0 49)
#(449 66 0 14)
#(449 67 0 86)
#(449 68 1 30)
#(449 69 0 84)
#(450 1 1 68)
#(450 2 1 14)
#(450 3 1 40)
#(450 4 0 55)
#(450 5 0 52)
#(450 6 0 15)
#(450 7 0 96)
#(450 8 0 40)
#(450 9 0 48)
#(450 10 1 17)
#(450 11 0 22)
#(450 12 1 15)
#(450 13 0 82)
#(450 14 1 51)
#(450 15 0 1)
#(450 16 0 28)
#(450 17 0 83)
#(450 18 1 88)
#(450 19 0 26)
#(450 20 1 92)
#(450 21 0 37)
#(450 22 0 79)
#(450 23 1 54)
#(450 24 0 0)
#(450 25 0 28)
#(450 26 0 81)
#(450 27 1 53)
#(450 28 0 35)
#(450 29 1 59)
#(450 30 0 15)
#(450 31 1 13)
#(450 32 0 32)
#(450 33 0 38)
#(450 34 1 36)
#(450 35 0 77)
#(450 36 1 85)
#(450 37 0 50)
#(450 38 0 52)
#(450 39 1 73)
#(450 40 0 67)
#(450 41 1 63)
#(450 42 1 54)
#(450 43 0 64)
#(450 44 0 43)
#(450 45 0 72)
#(450 46 0 36)
#(450 47 1 76)
#(450 48 0 10)
#(450 49 1 64)
#(450 50 0 18)
#(450 51 1 33)
#(450 52 0 7)
#(450 53 0 39)
#(450 54 1 53)
#(450 55 1 96)
#(450 56 1 47)
#(450 57 1 76)
#(450 58 0 37)
#(450 59 0 22)
#(450 60 0 35)
#(450 61 1 82)
#(450 62 0 78)
#(450 63 1 23)
#(450 64 0 13)
#(450 65 0 52)
#(450 66 1 6)
#(450 67 0 9)
#(450 68 1 86)
#(450 69 1 78)
#(451 1 0 16)
#(451 2 0 43)
#(451 3 0 12)
#(451 4 1 28)
#(451 5 0 66)
#(451 6 0 83)
#(451 7 1 46)
#(451 8 0 63)
#(451 9 0 6)
#(451 10 0 1)
#(451 11 0 66)
#(451 12 0 16)
#(451 13 1 42)
#(451 14 0 78)
#(451 15 1 42)
#(451 16 1 71)
#(451 17 0 9)
#(451 18 1 93)
#(451 19 1 68)
#(451 20 0 17)
#(451 21 1 74)
#(451 22 1 8)
#(451 23 0 1)
#(451 24 1 78)
#(451 25 1 79)
#(451 26 0 15)
#(451 27 0 35)
#(451 28 1 90)
#(451 29 0 67)
#(451 30 0 70)
#(451 31 0 13)
#(451 32 0 47)
#(451 33 1 80)
#(451 34 1 64)
#(451 35 0 98)
#(451 36 1 47)
#(451 37 0 48)
#(451 38 0 10)
#(451 39 0 90)
#(451 40 0 75)
#(451 41 1 18)
#(451 42 0 88)
#(451 43 1 91)
#(451 44 1 32)
#(451 45 0 70)
#(451 46 0 45)
#(451 47 0 47)
#(451 48 1 25)
#(451 49 0 89)
#(451 50 0 12)
#(451 51 1 5)
#(451 52 0 19)
#(451 53 1 35)
#(451 54 0 16)
#(451 55 1 30)
#(451 56 1 66)
#(451 57 1 66)
#(451 58 1 80)
#(451 59 0 15)
#(451 60 1 52)
#(451 61 0 8)
#(451 62 0 94)
#(451 63 0 86)
#(451 64 1 72)
#(451 65 0 71)
#(451 66 1 26)
#(451 67 1 28)
#(451 68 0 76)
#(451 69 0 41)
#(452 1 0 70)
#(452 2 0 39)
#(452 3 1 39)
#(452 4 1 16)
#(452 5 1 18)
#(452 6 0 78)
#(452 7 0 55)
#(452 8 0 46)
#(452 9 1 11)
#(452 10 1 8)
#(452 11 0 27)
#(452 12 0 88)
#(452 13 0 64)
#(452 14 1 73)
#(452 15 0 81)
#(452 16 1 72)
#(452 17 0 36)
#(452 18 0 2)
#(452 19 1 45)
#(452 20 0 44)
#(452 21 1 85)
#(452 22 0 83)
#(452 23 1 5)
#(452 24 0 74)
#(452 25 0 86)
#(452 26 1 64)
#(452 27 0 17)
#(452 28 0 7)
#(452 29 1 63)
#(452 30 1 9)
#(452 31 1 51)
#(452 32 0 84)
#(452 33 1 50)
#(452 34 1 52)
#(452 35 0 18)
#(452 36 0 98)
#(452 37 0 34)
#(452 38 1 78)
#(452 39 0 94)
#(452 40 0 34)
#(452 41 1 86)
#(452 42 0 77)
#(452 43 0 41)
#(452 44 0 60)
#(452 45 0 95)
#(452 46 0 65)
#(452 47 1 15)
#(452 48 0 61)
#(452 49 0 70)
#(452 50 0 39)
#(452 51 0 74)
#(452 52 0 6)
#(452 53 0 37)
#(452 54 0 15)
#(452 55 1 53)
#(452 56 0 25)
#(452 57 1 35)
#(452 58 0 32)
#(452 59 1 52)
#(452 60 1 54)
#(452 61 0 6)
#(452 62 1 18)
#(452 63 0 37)
#(452 64 1 2)
#(452 65 0 79)
#(452 66 0 12)
#(452 67 1 45)
#(452 68 1 19)
#(452 69 0 75)
#(453 1 0 97)
#(453 2 0 51)
#(453 3 1 29)
#(453 4 0 90)
#(453 5 0 28)
#(453 6 0 94)
#(453 7 0 38)
#(453 8 0 87)
#(453 9 1 64)
#(453 10 1 61)
#(453 11 0 44)
#(453 12 0 80)
#(453 13 0 92)
#(453 14 0 84)
#(453 15 0 90)
#(453 16 0 69)
#(453 17 0 73)
#(453 18 1 38)
#(453 19 0 3)
#(453 20 1 35)
#(453 21 0 23)
#(453 22 1 46)
#(453 23 1 26)
#(453 24 0 47)
#(453 25 1 84)
#(453 26 0 15)
#(453 27 1 94)
#(453 28 0 44)
#(453 29 0 68)
#(453 30 0 5)
#(453 31 0 97)
#(453 32 0 28)
#(453 33 1 8)
#(453 34 0 85)
#(453 35 0 93)
#(453 36 0 38)
#(453 37 1 38)
#(453 38 0 22)
#(453 39 0 89)
#(453 40 0 96)
#(453 41 1 96)
#(453 42 1 38)
#(453 43 0 94)
#(453 44 1 59)
#(453 45 0 60)
#(453 46 0 5)
#(453 47 0 67)
#(453 48 1 61)
#(453 49 0 0)
#(453 50 0 60)
#(453 51 0 30)
#(453 52 1 49)
#(453 53 1 59)
#(453 54 0 74)
#(453 55 0 90)
#(453 56 0 44)
#(453 57 0 96)
#(453 58 0 76)
#(453 59 0 83)
#(453 60 0 22)
#(453 61 1 23)
#(453 62 0 14)
#(453 63 1 74)
#(453 64 0 98)
#(453 65 0 89)
#(453 66 0 0)
#(453 67 0 20)
#(453 68 1 58)
#(453 69 1 93)
#(454 1 1 50)
#(454 2 0 92)
#(454 3 1 9)
#(454 4 0 98)
#(454 5 0 97)
#(454 6 0 13)
#(454 7 1 35)
#(454 8 1 18)
#(454 9 0 24)
#(454 10 0 38)
#(454 11 0 75)
#(454 12 0 6)
#(454 13 0 25)
#(454 14 0 37)
#(454 15 1 84)
#(454 16 1 24)
#(454 17 0 60)
#(454 18 0 10)
#(454 19 0 32)
#(454 20 0 42)
#(454 21 0 61)
#(454 22 1 53)
#(454 23 0 45)
#(454 24 0 18)
#(454 25 1 49)
#(454 26 0 76)
#(454 27 0 22)
#(454 28 1 96)
#(454 29 0 47)
#(454 30 0 12)
#(454 31 0 37)
#(454 32 0 21)
#(454 33 1 91)
#(454 34 1 35)
#(454 35 0 22)
#(454 36 1 18)
#(454 37 0 24)
#(454 38 0 42)
#(454 39 0 90)
#(454 40 0 83)
#(454 41 0 67)
#(454 42 0 74)
#(454 43 1 22)
#(454 44 1 9)
#(454 45 0 17)
#(454 46 0 6)
#(454 47 0 0)
#(454 48 0 51)
#(454 49 0 38)
#(454 50 0 5)
#(454 51 1 76)
#(454 52 1 57)
#(454 53 0 2)
#(454 54 1 37)
#(454 55 0 85)
#(454 56 1 68)
#(454 57 1 89)
#(454 58 1 9)
#(454 59 1 80)
#(454 60 0 47)
#(454 61 0 66)
#(454 62 0 96)
#(454 63 1 87)
#(454 64 0 42)
#(454 65 0 73)
#(454 66 0 43)
#(454 67 1 58)
#(454 68 0 31)
#(454 69 1 48)
#(455 1 0 6)
#(455 2 0 15)
#(455 3 1 5)
#(455 4 0 9)
#(455 5 0 75)
#(455 6 0 49)
#(455 7 1 80)
#(455 8 0 95)
#(455 9 0 43)
#(455 10 0 34)
#(455 11 1 46)
#(455 12 0 40)
#(455 13 0 44)
#(455 14 0 39)
#(455 15 0 21)
#(455 16 0 10)
#(455 17 0 19)
#(455 18 1 68)
#(455 19 0 10)
#(455 20 0 83)
#(455 21 1 81)
#(455 22 0 65)
#(455 23 0 35)
#(455 24 0 45)
#(455 25 1 62)
#(455 26 0 40)
#(455 27 0 58)
#(455 28 0 86)
#(455 29 0 31)
#(455 30 0 93)
#(455 31 0 93)
#(455 32 1 86)
#(455 33 1 81)
#(455 34 0 77)
#(455 35 0 72)
#(455 36 0 95)
#(455 37 1 46)
#(455 38 0 55)
#(455 39 0 25)
#(455 40 0 20)
#(455 41 1 83)
#(455 42 0 61)
#(455 43 0 31)
#(455 44 1 10)
#(455 45 0 56)
#(455 46 0 75)
#(455 47 1 56)
#(455 48 0 73)
#(455 49 1 65)
#(455 50 0 4)
#(455 51 0 70)
#(455 52 0 45)
#(455 53 1 50)
#(455 54 1 45)
#(455 55 0 76)
#(455 56 0 0)
#(455 57 0 18)
#(455 58 0 58)
#(455 59 1 50)
#(455 60 1 60)
#(455 61 1 78)
#(455 62 1 21)
#(455 63 0 9)
#(455 64 1 9)
#(455 65 1 87)
#(455 66 0 23)
#(455 67 1 55)
#(455 68 1 14)
#(455 69 1 9)
#(456 1 0 33)
#(456 2 1 85)
#(456 3 1 93)
#(456 4 0 6)
#(456 5 0 74)
#(456 6 0 7)
#(456 7 0 40)
#(456 8 1 72)
#(456 9 1 56)
#(456 10 0 71)
#(456 11 0 92)
#(456 12 0 77)
#(456 13 1 54)
#(456 14 1 74)
#(456 15 0 73)
#(456 16 1 85)
#(456 17 0 74)
#(456 18 1 71)
#(456 19 1 87)
#(456 20 0 76)
#(456 21 1 87)
#(456 22 0 16)
#(456 23 0 66)
#(456 24 1 30)
#(456 25 0 26)
#(456 26 0 24)
#(456 27 0 29)
#(456 28 0 2)
#(456 29 1 0)
#(456 30 1 63)
#(456 31 0 62)
#(456 32 1 33)
#(456 33 0 29)
#(456 34 0 65)
#(456 35 0 36)
#(456 36 1 86)
#(456 37 1 85)
#(456 38 1 52)
#(456 39 0 34)
#(456 40 0 84)
#(456 41 0 14)
#(456 42 0 11)
#(456 43 0 26)
#(456 44 0 70)
#(456 45 1 18)
#(456 46 0 65)
#(456 47 0 96)
#(456 48 0 72)
#(456 49 1 16)
#(456 50 0 93)
#(456 51 0 43)
#(456 52 1 70)
#(456 53 1 16)
#(456 54 1 21)
#(456 55 1 39)
#(456 56 0 25)
#(456 57 1 2)
#(456 58 1 56)
#(456 59 0 21)
#(456 60 0 4)
#(456 61 0 9)
#(456 62 0 35)
#(456 63 0 63)
#(456 64 1 96)
#(456 65 0 35)
#(456 66 0 88)
#(456 67 0 85)
#(456 68 1 70)
#(456 69 1 58)
#(457 1 0 42)
#(457 2 1 98)
#(457 3 1 38)
#(457 4 1 10)
#(457 5 0 47)
#(457 6 1 72)
#(457 7 0 79)
#(457 8 0 39)
#(457 9 1 55)
#(457 10 0 39)
#(457 11 1 25)
#(457 12 0 95)
#(457 13 0 7)
#(457 14 1 36)
#(457 15 0 81)
#(457 16 0 71)
#(457 17 0 82)
#(457 18 1 33)
#(457 19 1 43)
#(457 20 0 79)
#(457 21 0 33)
#(457 22 1 62)
#(457 23 0 41)
#(457 24 0 72)
#(457 25 1 49)
#(457 26 1 94)
#(457 27 0 64)
#(457 28 0 6)
#(457 29 0 70)
#(457 30 0 16)
#(457 31 1 68)
#(457 32 1 64)
#(457 33 0 88)
#(457 34 1 50)
#(457 35 1 45)
#(457 36 0 34)
#(457 37 1 84)
#(457 38 0 76)
#(457 39 1 87)
#(457 40 0 46)
#(457 41 0 0)
#(457 42 1 20)
#(457 43 0 35)
#(457 44 0 78)
#(457 45 0 8)
#(457 46 1 55)
#(457 47 1 6)
#(457 48 0 39)
#(457 49 1 75)
#(457 50 0 89)
#(457 51 1 86)
#(457 52 1 87)
#(457 53 0 70)
#(457 54 1 95)
#(457 55 0 22)
#(457 56 0 41)
#(457 57 0 62)
#(457 58 1 44)
#(457 59 1 96)
#(457 60 0 92)
#(457 61 0 26)
#(457 62 0 85)
#(457 63 1 83)
#(457 64 1 61)
#(457 65 0 11)
#(457 66 0 59)
#(457 67 1 21)
#(457 68 0 25)
#(457 69 1 95)
#(458 1 0 54)
#(458 2 0 81)
#(458 3 1 13)
#(458 4 0 96)
#(458 5 1 67)
#(458 6 0 41)
#(458 7 0 71)
#(458 8 0 85)
#(458 9 0 24)
#(458 10 0 38)
#(458 11 1 1)
#(458 12 1 60)
#(458 13 0 45)
#(458 14 0 77)
#(458 15 0 34)
#(458 16 0 62)
#(458 17 0 23)
#(458 18 1 30)
#(458 19 0 10)
#(458 20 0 73)
#(458 21 1 92)
#(458 22 1 83)
#(458 23 1 14)
#(458 24 0 95)
#(458 25 0 10)
#(458 26 0 54)
#(458 27 1 98)
#(458 28 0 26)
#(458 29 0 9)
#(458 30 0 51)
#(458 31 0 13)
#(458 32 0 80)
#(458 33 0 48)
#(458 34 0 30)
#(458 35 0 46)
#(458 36 0 14)
#(458 37 0 67)
#(458 38 0 23)
#(458 39 0 48)
#(458 40 0 18)
#(458 41 0 25)
#(458 42 0 83)
#(458 43 0 6)
#(458 44 0 43)
#(458 45 0 52)
#(458 46 0 86)
#(458 47 1 18)
#(458 48 0 9)
#(458 49 1 21)
#(458 50 1 71)
#(458 51 0 72)
#(458 52 0 5)
#(458 53 0 21)
#(458 54 0 1)
#(458 55 0 39)
#(458 56 1 95)
#(458 57 0 59)
#(458 58 0 34)
#(458 59 0 48)
#(458 60 0 73)
#(458 61 0 83)
#(458 62 1 79)
#(458 63 0 94)
#(458 64 0 49)
#(458 65 0 4)
#(458 66 0 88)
#(458 67 0 93)
#(458 68 1 36)
#(458 69 0 28)
#(459 1 0 23)
#(459 2 0 7)
#(459 3 0 82)
#(459 4 0 70)
#(459 5 0 89)
#(459 6 0 63)
#(459 7 1 54)
#(459 8 0 33)
#(459 9 0 81)
#(459 10 0 54)
#(459 11 0 59)
#(459 12 0 82)
#(459 13 0 33)
#(459 14 1 90)
#(459 15 1 21)
#(459 16 0 42)
#(459 17 0 91)
#(459 18 0 10)
#(459 19 1 2)
#(459 20 0 83)
#(459 21 0 83)
#(459 22 0 61)
#(459 23 1 51)
#(459 24 0 84)
#(459 25 0 19)
#(459 26 0 25)
#(459 27 0 32)
#(459 28 0 78)
#(459 29 0 28)
#(459 30 1 83)
#(459 31 0 39)
#(459 32 1 78)
#(459 33 0 88)
#(459 34 1 38)
#(459 35 0 1)
#(459 36 0 82)
#(459 37 0 10)
#(459 38 0 60)
#(459 39 0 55)
#(459 40 1 52)
#(459 41 1 7)
#(459 42 0 45)
#(459 43 0 83)
#(459 44 0 83)
#(459 45 1 83)
#(459 46 0 0)
#(459 47 0 61)
#(459 48 0 56)
#(459 49 1 76)
#(459 50 1 70)
#(459 51 0 45)
#(459 52 1 52)
#(459 53 0 95)
#(459 54 0 44)
#(459 55 1 90)
#(459 56 0 66)
#(459 57 0 92)
#(459 58 1 42)
#(459 59 1 13)
#(459 60 0 63)
#(459 61 0 91)
#(459 62 1 85)
#(459 63 0 93)
#(459 64 0 86)
#(459 65 0 47)
#(459 66 1 36)
#(459 67 1 0)
#(459 68 1 1)
#(459 69 1 91)
#(460 1 0 0)
#(460 2 1 67)
#(460 3 1 17)
#(460 4 0 81)
#(460 5 0 51)
#(460 6 0 69)
#(460 7 1 71)
#(460 8 1 84)
#(460 9 1 25)
#(460 10 0 6)
#(460 11 1 33)
#(460 12 0 85)
#(460 13 1 42)
#(460 14 0 46)
#(460 15 0 35)
#(460 16 0 45)
#(460 17 1 66)
#(460 18 0 44)
#(460 19 0 96)
#(460 20 1 98)
#(460 21 0 11)
#(460 22 1 89)
#(460 23 1 40)
#(460 24 0 70)
#(460 25 0 95)
#(460 26 0 84)
#(460 27 1 2)
#(460 28 1 93)
#(460 29 0 18)
#(460 30 0 3)
#(460 31 0 22)
#(460 32 0 80)
#(460 33 0 74)
#(460 34 0 31)
#(460 35 1 6)
#(460 36 0 30)
#(460 37 0 6)
#(460 38 0 46)
#(460 39 0 83)
#(460 40 1 34)
#(460 41 1 36)
#(460 42 1 60)
#(460 43 0 19)
#(460 44 0 13)
#(460 45 0 8)
#(460 46 1 64)
#(460 47 1 94)
#(460 48 0 60)
#(460 49 0 91)
#(460 50 1 9)
#(460 51 0 51)
#(460 52 0 98)
#(460 53 1 91)
#(460 54 1 58)
#(460 55 0 63)
#(460 56 1 12)
#(460 57 0 49)
#(460 58 1 65)
#(460 59 0 26)
#(460 60 1 17)
#(460 61 0 84)
#(460 62 1 49)
#(460 63 0 55)
#(460 64 0 61)
#(460 65 0 57)
#(460 66 1 84)
#(460 67 1 16)
#(460 68 1 27)
#(460 69 0 49)
#(461 1 0 26)
#(461 2 0 86)
#(461 3 0 33)
#(461 4 1 18)
#(461 5 1 67)
#(461 6 0 69)
#(461 7 0 3)
#(461 8 0 24)
#(461 9 0 74)
#(461 10 0 11)
#(461 11 0 23)
#(461 12 1 31)
#(461 13 1 66)
#(461 14 0 20)
#(461 15 0 27)
#(461 16 0 40)
#(461 17 0 19)
#(461 18 0 56)
#(461 19 0 44)
#(461 20 0 57)
#(461 21 1 29)
#(461 22 1 7)
#(461 23 1 44)
#(461 24 0 86)
#(461 25 0 29)
#(461 26 1 11)
#(461 27 0 18)
#(461 28 1 19)
#(461 29 0 71)
#(461 30 0 43)
#(461 31 0 79)
#(461 32 0 82)
#(461 33 0 82)
#(461 34 0 46)
#(461 35 1 80)
#(461 36 0 72)
#(461 37 1 46)
#(461 38 0 5)
#(461 39 1 54)
#(461 40 1 65)
#(461 41 0 74)
#(461 42 0 24)
#(461 43 0 89)
#(461 44 0 24)
#(461 45 1 54)
#(461 46 0 49)
#(461 47 0 37)
#(461 48 0 26)
#(461 49 1 13)
#(461 50 1 45)
#(461 51 1 37)
#(461 52 0 66)
#(461 53 0 11)
#(461 54 0 58)
#(461 55 0 6)
#(461 56 0 38)
#(461 57 0 51)
#(461 58 0 8)
#(461 59 1 16)
#(461 60 0 68)
#(461 61 0 69)
#(461 62 0 74)
#(461 63 1 25)
#(461 64 0 54)
#(461 65 1 40)
#(461 66 0 13)
#(461 67 0 84)
#(461 68 1 39)
#(461 69 0 53)
#(462 1 1 92)
#(462 2 1 57)
#(462 3 1 87)
#(462 4 1 8)
#(462 5 0 16)
#(462 6 0 38)
#(462 7 0 42)
#(462 8 1 55)
#(462 9 1 4)
#(462 10 0 59)
#(462 11 0 79)
#(462 12 1 81)
#(462 13 0 11)
#(462 14 0 75)
#(462 15 0 46)
#(462 16 1 11)
#(462 17 0 2)
#(462 18 0 37)
#(462 19 1 33)
#(462 20 0 34)
#(462 21 1 10)
#(462 22 0 15)
#(462 23 1 24)
#(462 24 1 49)
#(462 25 0 21)
#(462 26 1 59)
#(462 27 0 69)
#(462 28 1 3)
#(462 29 0 42)
#(462 30 1 8)
#(462 31 0 46)
#(462 32 1 71)
#(462 33 0 53)
#(462 34 0 44)
#(462 35 1 17)
#(462 36 0 20)
#(462 37 1 97)
#(462 38 0 45)
#(462 39 1 24)
#(462 40 1 21)
#(462 41 0 51)
#(462 42 0 89)
#(462 43 0 61)
#(462 44 1 50)
#(462 45 1 68)
#(462 46 1 67)
#(462 47 0 3)
#(462 48 1 45)
#(462 49 0 38)
#(462 50 0 94)
#(462 51 0 7)
#(462 52 0 19)
#(462 53 0 83)
#(462 54 0 8)
#(462 55 0 5)
#(462 56 1 51)
#(462 57 0 65)
#(462 58 1 86)
#(462 59 0 18)
#(462 60 1 94)
#(462 61 0 35)
#(462 62 1 35)
#(462 63 0 83)
#(462 64 1 18)
#(462 65 0 91)
#(462 66 1 81)
#(462 67 0 61)
#(462 68 0 36)
#(462 69 0 39)
#(463 1 1 81)
#(463 2 0 24)
#(463 3 0 12)
#(463 4 1 83)
#(463 5 0 11)
#(463 6 0 58)
#(463 7 0 36)
#(463 8 0 70)
#(463 9 1 71)
#(463 10 0 10)
#(463 11 0 20)
#(463 12 0 44)
#(463 13 0 0)
#(463 14 1 5)
#(463 15 0 14)
#(463 16 1 85)
#(463 17 0 75)
#(463 18 0 48)
#(463 19 1 97)
#(463 20 1 38)
#(463 21 1 95)
#(463 22 0 39)
#(463 23 0 33)
#(463 24 0 2)
#(463 25 0 63)
#(463 26 0 3)
#(463 27 0 86)
#(463 28 1 57)
#(463 29 1 67)
#(463 30 1 58)
#(463 31 1 60)
#(463 32 0 10)
#(463 33 0 36)
#(463 34 1 96)
#(463 35 0 65)
#(463 36 0 44)
#(463 37 0 20)
#(463 38 0 7)
#(463 39 1 83)
#(463 40 0 35)
#(463 41 0 52)
#(463 42 0 77)
#(463 43 1 31)
#(463 44 1 85)
#(463 45 1 13)
#(463 46 0 91)
#(463 47 0 54)
#(463 48 0 70)
#(463 49 0 74)
#(463 50 1 52)
#(463 51 1 17)
#(463 52 1 17)
#(463 53 0 63)
#(463 54 1 1)
#(463 55 0 29)
#(463 56 0 56)
#(463 57 0 19)
#(463 58 1 40)
#(463 59 0 6)
#(463 60 0 21)
#(463 61 0 69)
#(463 62 0 29)
#(463 63 0 7)
#(463 64 1 57)
#(463 65 0 63)
#(463 66 0 1)
#(463 67 0 91)
#(463 68 0 1)
#(463 69 1 2)
#(464 1 0 33)
#(464 2 1 21)
#(464 3 0 98)
#(464 4 0 58)
#(464 5 0 31)
#(464 6 1 87)
#(464 7 0 65)
#(464 8 0 26)
#(464 9 0 72)
#(464 10 1 97)
#(464 11 1 29)
#(464 12 1 51)
#(464 13 1 43)
#(464 14 1 5)
#(464 15 0 52)
#(464 16 1 77)
#(464 17 0 9)
#(464 18 1 2)
#(464 19 0 29)
#(464 20 0 1)
#(464 21 0 65)
#(464 22 1 31)
#(464 23 0 84)
#(464 24 0 84)
#(464 25 0 76)
#(464 26 0 55)
#(464 27 0 4)
#(464 28 1 56)
#(464 29 1 29)
#(464 30 1 90)
#(464 31 0 27)
#(464 32 0 12)
#(464 33 0 31)
#(464 34 1 49)
#(464 35 0 97)
#(464 36 0 30)
#(464 37 0 28)
#(464 38 0 64)
#(464 39 0 92)
#(464 40 0 82)
#(464 41 0 48)
#(464 42 0 34)
#(464 43 0 40)
#(464 44 1 72)
#(464 45 1 69)
#(464 46 1 1)
#(464 47 0 20)
#(464 48 0 91)
#(464 49 0 41)
#(464 50 1 34)
#(464 51 1 11)
#(464 52 1 45)
#(464 53 0 57)
#(464 54 1 50)
#(464 55 0 13)
#(464 56 0 16)
#(464 57 0 95)
#(464 58 0 20)
#(464 59 0 62)
#(464 60 1 47)
#(464 61 0 64)
#(464 62 1 96)
#(464 63 1 18)
#(464 64 0 94)
#(464 65 0 52)
#(464 66 0 47)
#(464 67 0 68)
#(464 68 0 24)
#(464 69 1 90)
#(465 1 0 75)
#(465 2 1 76)
#(465 3 0 24)
#(465 4 1 93)
#(465 5 0 33)
#(465 6 0 67)
#(465 7 0 88)
#(465 8 0 18)
#(465 9 0 0)
#(465 10 1 94)
#(465 11 1 97)
#(465 12 1 6)
#(465 13 0 36)
#(465 14 0 18)
#(465 15 0 21)
#(465 16 1 0)
#(465 17 0 25)
#(465 18 1 90)
#(465 19 0 83)
#(465 20 0 13)
#(465 21 1 62)
#(465 22 1 92)
#(465 23 1 28)
#(465 24 0 59)
#(465 25 0 43)
#(465 26 1 27)
#(465 27 0 16)
#(465 28 1 29)
#(465 29 1 7)
#(465 30 0 78)
#(465 31 1 72)
#(465 32 1 72)
#(465 33 0 72)
#(465 34 1 46)
#(465 35 0 57)
#(465 36 0 55)
#(465 37 1 2)
#(465 38 1 58)
#(465 39 1 19)
#(465 40 1 56)
#(465 41 1 76)
#(465 42 0 50)
#(465 43 1 29)
#(465 44 0 21)
#(465 45 0 45)
#(465 46 1 82)
#(465 47 1 41)
#(465 48 0 7)
#(465 49 1 54)
#(465 50 0 1)
#(465 51 0 55)
#(465 52 0 54)
#(465 53 1 13)
#(465 54 0 67)
#(465 55 0 96)
#(465 56 0 40)
#(465 57 0 63)
#(465 58 1 30)
#(465 59 1 35)
#(465 60 1 23)
#(465 61 0 92)
#(465 62 0 79)
#(465 63 1 59)
#(465 64 0 38)
#(465 65 0 70)
#(465 66 1 92)
#(465 67 1 51)
#(465 68 0 83)
#(465 69 0 82)
#(466 1 0 85)
#(466 2 0 62)
#(466 3 1 5)
#(466 4 0 47)
#(466 5 1 85)
#(466 6 0 89)
#(466 7 0 30)
#(466 8 1 47)
#(466 9 1 69)
#(466 10 0 11)
#(466 11 0 75)
#(466 12 0 58)
#(466 13 0 35)
#(466 14 1 7)
#(466 15 1 30)
#(466 16 0 24)
#(466 17 1 72)
#(466 18 1 37)
#(466 19 0 39)
#(466 20 1 1)
#(466 21 0 14)
#(466 22 0 84)
#(466 23 1 88)
#(466 24 1 23)
#(466 25 0 86)
#(466 26 1 24)
#(466 27 0 80)
#(466 28 0 97)
#(466 29 0 40)
#(466 30 0 58)
#(466 31 0 78)
#(466 32 0 61)
#(466 33 0 3)
#(466 34 1 34)
#(466 35 0 23)
#(466 36 0 46)
#(466 37 1 77)
#(466 38 0 0)
#(466 39 0 28)
#(466 40 0 24)
#(466 41 1 18)
#(466 42 1 89)
#(466 43 1 52)
#(466 44 1 90)
#(466 45 0 25)
#(466 46 0 3)
#(466 47 0 53)
#(466 48 0 53)
#(466 49 0 28)
#(466 50 1 10)
#(466 51 0 50)
#(466 52 0 58)
#(466 53 1 86)
#(466 54 0 93)
#(466 55 0 77)
#(466 56 1 85)
#(466 57 0 77)
#(466 58 0 94)
#(466 59 0 52)
#(466 60 0 69)
#(466 61 0 41)
#(466 62 0 56)
#(466 63 0 74)
#(466 64 0 12)
#(466 65 0 34)
#(466 66 0 23)
#(466 67 1 30)
#(466 68 0 35)
#(466 69 0 51)
#(467 1 1 75)
#(467 2 0 24)
#(467 3 0 25)
#(467 4 0 6)
#(467 5 1 86)
#(467 6 1 38)
#(467 7 1 79)
#(467 8 0 96)
#(467 9 1 4)
#(467 10 1 76)
#(467 11 1 58)
#(467 12 1 37)
#(467 13 0 79)
#(467 14 0 5)
#(467 15 1 63)
#(467 16 0 18)
#(467 17 0 16)
#(467 18 0 52)
#(467 19 0 63)
#(467 20 0 29)
#(467 21 1 40)
#(467 22 0 33)
#(467 23 1 90)
#(467 24 0 92)
#(467 25 0 22)
#(467 26 0 35)
#(467 27 0 62)
#(467 28 0 78)
#(467 29 1 81)
#(467 30 1 47)
#(467 31 0 33)
#(467 32 0 85)
#(467 33 0 31)
#(467 34 0 24)
#(467 35 0 59)
#(467 36 0 43)
#(467 37 1 72)
#(467 38 0 10)
#(467 39 0 86)
#(467 40 0 55)
#(467 41 1 0)
#(467 42 0 58)
#(467 43 1 31)
#(467 44 0 56)
#(467 45 1 62)
#(467 46 0 81)
#(467 47 0 62)
#(467 48 0 2)
#(467 49 0 5)
#(467 50 0 38)
#(467 51 0 2)
#(467 52 0 63)
#(467 53 1 48)
#(467 54 0 11)
#(467 55 0 76)
#(467 56 0 82)
#(467 57 1 22)
#(467 58 1 85)
#(467 59 1 80)
#(467 60 1 50)
#(467 61 0 32)
#(467 62 0 69)
#(467 63 0 69)
#(467 64 0 36)
#(467 65 1 1)
#(467 66 1 37)
#(467 67 1 26)
#(467 68 1 86)
#(467 69 0 29)
#(468 1 1 70)
#(468 2 1 92)
#(468 3 0 88)
#(468 4 0 64)
#(468 5 0 52)
#(468 6 0 48)
#(468 7 0 94)
#(468 8 0 98)
#(468 9 0 35)
#(468 10 0 42)
#(468 11 1 43)
#(468 12 0 92)
#(468 13 1 87)
#(468 14 1 85)
#(468 15 0 30)
#(468 16 0 31)
#(468 17 0 93)
#(468 18 1 5)
#(468 19 0 59)
#(468 20 0 37)
#(468 21 0 62)
#(468 22 1 95)
#(468 23 0 35)
#(468 24 0 7)
#(468 25 0 50)
#(468 26 1 69)
#(468 27 1 87)
#(468 28 0 94)
#(468 29 0 11)
#(468 30 0 50)
#(468 31 1 80)
#(468 32 1 9)
#(468 33 1 22)
#(468 34 1 16)
#(468 35 0 4)
#(468 36 0 45)
#(468 37 0 22)
#(468 38 0 48)
#(468 39 0 36)
#(468 40 0 51)
#(468 41 0 50)
#(468 42 0 66)
#(468 43 0 72)
#(468 44 1 10)
#(468 45 0 82)
#(468 46 0 53)
#(468 47 0 12)
#(468 48 1 56)
#(468 49 1 52)
#(468 50 0 88)
#(468 51 1 25)
#(468 52 0 4)
#(468 53 0 88)
#(468 54 1 32)
#(468 55 0 75)
#(468 56 0 6)
#(468 57 0 25)
#(468 58 0 57)
#(468 59 0 25)
#(468 60 0 74)
#(468 61 1 88)
#(468 62 1 65)
#(468 63 0 25)
#(468 64 1 32)
#(468 65 0 61)
#(468 66 0 41)
#(468 67 0 77)
#(468 68 1 62)
#(468 69 1 77)
#(469 1 0 36)
#(469 2 0 84)
#(469 3 1 28)
#(469 4 1 24)
#(469 5 0 53)
#(469 6 0 82)
#(469 7 1 23)
#(469 8 0 49)
#(469 9 0 28)
#(469 10 1 48)
#(469 11 0 98)
#(469 12 0 71)
#(469 13 0 78)
#(469 14 1 52)
#(469 15 0 85)
#(469 16 0 79)
#(469 17 0 80)
#(469 18 0 79)
#(469 19 1 81)
#(469 20 1 52)
#(469 21 0 88)
#(469 22 0 39)
#(469 23 1 50)
#(469 24 0 93)
#(469 25 1 1)
#(469 26 0 62)
#(469 27 0 98)
#(469 28 0 13)
#(469 29 0 89)
#(469 30 0 42)
#(469 31 0 46)
#(469 32 1 44)
#(469 33 0 10)
#(469 34 1 38)
#(469 35 1 31)
#(469 36 0 69)
#(469 37 1 59)
#(469 38 0 93)
#(469 39 0 95)
#(469 40 0 9)
#(469 41 1 76)
#(469 42 0 90)
#(469 43 0 23)
#(469 44 0 45)
#(469 45 1 85)
#(469 46 0 36)
#(469 47 0 69)
#(469 48 0 68)
#(469 49 0 84)
#(469 50 1 61)
#(469 51 1 54)
#(469 52 0 81)
#(469 53 0 7)
#(469 54 1 51)
#(469 55 1 14)
#(469 56 0 37)
#(469 57 1 8)
#(469 58 0 1)
#(469 59 1 35)
#(469 60 0 67)
#(469 61 1 2)
#(469 62 0 92)
#(469 63 0 93)
#(469 64 0 51)
#(469 65 0 12)
#(469 66 0 88)
#(469 67 0 29)
#(469 68 1 44)
#(469 69 0 7)
#(470 1 1 37)
#(470 2 1 82)
#(470 3 0 46)
#(470 4 0 97)
#(470 5 0 84)
#(470 6 0 83)
#(470 7 0 83)
#(470 8 0 33)
#(470 9 0 53)
#(470 10 1 83)
#(470 11 0 57)
#(470 12 1 58)
#(470 13 0 94)
#(470 14 1 40)
#(470 15 1 45)
#(470 16 0 19)
#(470 17 1 58)
#(470 18 0 84)
#(470 19 1 49)
#(470 20 0 8)
#(470 21 1 48)
#(470 22 0 59)
#(470 23 0 62)
#(470 24 0 49)
#(470 25 1 16)
#(470 26 0 51)
#(470 27 0 44)
#(470 28 0 11)
#(470 29 0 38)
#(470 30 0 56)
#(470 31 1 10)
#(470 32 1 20)
#(470 33 1 73)
#(470 34 1 36)
#(470 35 0 4)
#(470 36 1 27)
#(470 37 0 69)
#(470 38 0 57)
#(470 39 0 51)
#(470 40 0 28)
#(470 41 1 63)
#(470 42 0 43)
#(470 43 0 96)
#(470 44 1 24)
#(470 45 0 98)
#(470 46 1 22)
#(470 47 1 77)
#(470 48 0 9)
#(470 49 0 17)
#(470 50 1 84)
#(470 51 0 43)
#(470 52 1 58)
#(470 53 0 80)
#(470 54 1 71)
#(470 55 0 80)
#(470 56 0 74)
#(470 57 1 49)
#(470 58 1 22)
#(470 59 0 26)
#(470 60 0 3)
#(470 61 0 53)
#(470 62 0 34)
#(470 63 0 9)
#(470 64 1 97)
#(470 65 0 28)
#(470 66 0 52)
#(470 67 0 6)
#(470 68 1 69)
#(470 69 1 8)
#(471 1 0 97)
#(471 2 1 27)
#(471 3 0 62)
#(471 4 1 28)
#(471 5 1 21)
#(471 6 1 82)
#(471 7 0 80)
#(471 8 0 51)
#(471 9 1 24)
#(471 10 0 57)
#(471 11 1 65)
#(471 12 0 36)
#(471 13 1 48)
#(471 14 1 90)
#(471 15 0 54)
#(471 16 0 37)
#(471 17 0 71)
#(471 18 0 69)
#(471 19 0 51)
#(471 20 0 60)
#(471 21 0 95)
#(471 22 0 22)
#(471 23 0 34)
#(471 24 0 30)
#(471 25 1 21)
#(471 26 0 71)
#(471 27 1 7)
#(471 28 0 51)
#(471 29 0 30)
#(471 30 0 3)
#(471 31 1 64)
#(471 32 0 40)
#(471 33 0 12)
#(471 34 0 92)
#(471 35 1 38)
#(471 36 0 49)
#(471 37 1 42)
#(471 38 0 89)
#(471 39 0 90)
#(471 40 1 21)
#(471 41 1 30)
#(471 42 0 71)
#(471 43 1 36)
#(471 44 1 8)
#(471 45 1 37)
#(471 46 0 37)
#(471 47 1 49)
#(471 48 0 29)
#(471 49 0 2)
#(471 50 1 94)
#(471 51 0 73)
#(471 52 0 56)
#(471 53 0 13)
#(471 54 0 66)
#(471 55 0 64)
#(471 56 0 98)
#(471 57 1 85)
#(471 58 1 43)
#(471 59 0 96)
#(471 60 1 13)
#(471 61 0 62)
#(471 62 0 43)
#(471 63 0 65)
#(471 64 0 63)
#(471 65 0 69)
#(471 66 1 40)
#(471 67 1 18)
#(471 68 1 46)
#(471 69 0 4)
#(472 1 0 20)
#(472 2 1 98)
#(472 3 1 27)
#(472 4 0 18)
#(472 5 1 14)
#(472 6 1 12)
#(472 7 0 54)
#(472 8 1 3)
#(472 9 1 31)
#(472 10 0 98)
#(472 11 0 87)
#(472 12 0 15)
#(472 13 0 13)
#(472 14 1 64)
#(472 15 0 15)
#(472 16 0 39)
#(472 17 0 23)
#(472 18 0 34)
#(472 19 0 41)
#(472 20 0 3)
#(472 21 0 44)
#(472 22 0 48)
#(472 23 0 9)
#(472 24 0 48)
#(472 25 0 64)
#(472 26 0 50)
#(472 27 0 32)
#(472 28 1 28)
#(472 29 1 16)
#(472 30 0 97)
#(472 31 0 44)
#(472 32 1 20)
#(472 33 0 80)
#(472 34 1 71)
#(472 35 0 27)
#(472 36 0 17)
#(472 37 0 1)
#(472 38 0 28)
#(472 39 0 7)
#(472 40 0 52)
#(472 41 1 83)
#(472 42 0 36)
#(472 43 0 26)
#(472 44 0 60)
#(472 45 1 70)
#(472 46 1 18)
#(472 47 1 39)
#(472 48 1 78)
#(472 49 1 18)
#(472 50 1 74)
#(472 51 0 40)
#(472 52 0 78)
#(472 53 1 46)
#(472 54 0 38)
#(472 55 0 4)
#(472 56 0 32)
#(472 57 0 22)
#(472 58 0 55)
#(472 59 1 89)
#(472 60 0 86)
#(472 61 0 71)
#(472 62 0 7)
#(472 63 0 94)
#(472 64 0 92)
#(472 65 1 83)
#(472 66 0 60)
#(472 67 0 22)
#(472 68 0 96)
#(472 69 0 11)
#(473 1 1 1)
#(473 2 1 4)
#(473 3 0 56)
#(473 4 0 52)
#(473 5 0 66)
#(473 6 0 32)
#(473 7 0 10)
#(473 8 0 26)
#(473 9 0 56)
#(473 10 0 41)
#(473 11 0 6)
#(473 12 0 9)
#(473 13 1 31)
#(473 14 0 50)
#(473 15 1 97)
#(473 16 1 78)
#(473 17 0 35)
#(473 18 0 90)
#(473 19 0 67)
#(473 20 0 27)
#(473 21 0 33)
#(473 22 1 24)
#(473 23 0 70)
#(473 24 0 58)
#(473 25 1 35)
#(473 26 1 22)
#(473 27 1 7)
#(473 28 0 78)
#(473 29 0 93)
#(473 30 0 94)
#(473 31 0 75)
#(473 32 1 55)
#(473 33 1 80)
#(473 34 0 15)
#(473 35 0 76)
#(473 36 0 47)
#(473 37 0 86)
#(473 38 0 83)
#(473 39 0 91)
#(473 40 0 1)
#(473 41 0 22)
#(473 42 0 49)
#(473 43 1 20)
#(473 44 1 71)
#(473 45 0 20)
#(473 46 1 98)
#(473 47 0 98)
#(473 48 0 57)
#(473 49 0 16)
#(473 50 1 80)
#(473 51 0 7)
#(473 52 1 23)
#(473 53 1 40)
#(473 54 0 38)
#(473 55 0 30)
#(473 56 1 38)
#(473 57 0 77)
#(473 58 1 91)
#(473 59 1 48)
#(473 60 0 98)
#(473 61 0 92)
#(473 62 1 69)
#(473 63 0 58)
#(473 64 0 72)
#(473 65 0 32)
#(473 66 0 94)
#(473 67 1 9)
#(473 68 1 68)
#(473 69 0 36)
#(474 1 0 90)
#(474 2 0 62)
#(474 3 1 53)
#(474 4 0 84)
#(474 5 0 38)
#(474 6 1 30)
#(474 7 0 16)
#(474 8 0 2)
#(474 9 0 3)
#(474 10 0 68)
#(474 11 0 44)
#(474 12 0 10)
#(474 13 1 16)
#(474 14 0 14)
#(474 15 0 79)
#(474 16 0 41)
#(474 17 1 64)
#(474 18 1 74)
#(474 19 1 16)
#(474 20 1 17)
#(474 21 0 1)
#(474 22 0 50)
#(474 23 1 41)
#(474 24 1 11)
#(474 25 0 96)
#(474 26 0 96)
#(474 27 1 39)
#(474 28 0 42)
#(474 29 0 58)
#(474 30 1 68)
#(474 31 0 58)
#(474 32 0 66)
#(474 33 1 59)
#(474 34 0 94)
#(474 35 0 76)
#(474 36 0 84)
#(474 37 0 86)
#(474 38 0 61)
#(474 39 0 28)
#(474 40 1 87)
#(474 41 0 20)
#(474 42 0 66)
#(474 43 0 23)
#(474 44 0 68)
#(474 45 1 7)
#(474 46 1 4)
#(474 47 0 11)
#(474 48 0 47)
#(474 49 0 83)
#(474 50 0 22)
#(474 51 0 3)
#(474 52 1 14)
#(474 53 0 5)
#(474 54 0 63)
#(474 55 1 67)
#(474 56 1 98)
#(474 57 0 60)
#(474 58 0 72)
#(474 59 1 22)
#(474 60 0 49)
#(474 61 1 77)
#(474 62 1 86)
#(474 63 0 91)
#(474 64 0 38)
#(474 65 1 87)
#(474 66 0 98)
#(474 67 0 22)
#(474 68 1 89)
#(474 69 0 57)
#(475 1 0 89)
#(475 2 1 30)
#(475 3 1 66)
#(475 4 0 23)
#(475 5 1 75)
#(475 6 0 5)
#(475 7 0 56)
#(475 8 0 95)
#(475 9 0 5)
#(475 10 0 26)
#(475 11 0 72)
#(475 12 1 84)
#(475 13 1 81)
#(475 14 1 4)
#(475 15 0 39)
#(475 16 0 52)
#(475 17 1 52)
#(475 18 0 33)
#(475 19 0 95)
#(475 20 0 16)
#(475 21 0 11)
#(475 22 0 36)
#(475 23 0 1)
#(475 24 0 12)
#(475 25 0 37)
#(475 26 0 77)
#(475 27 0 39)
#(475 28 0 74)
#(475 29 0 59)
#(475 30 0 50)
#(475 31 0 83)
#(475 32 0 6)
#(475 33 1 96)
#(475 34 0 69)
#(475 35 0 56)
#(475 36 1 89)
#(475 37 0 72)
#(475 38 0 59)
#(475 39 0 73)
#(475 40 0 44)
#(475 41 1 50)
#(475 42 0 95)
#(475 43 0 19)
#(475 44 0 42)
#(475 45 0 59)
#(475 46 1 29)
#(475 47 0 21)
#(475 48 0 64)
#(475 49 0 13)
#(475 50 1 37)
#(475 51 1 44)
#(475 52 0 50)
#(475 53 0 15)
#(475 54 1 46)
#(475 55 0 32)
#(475 56 1 55)
#(475 57 0 88)
#(475 58 1 98)
#(475 59 1 38)
#(475 60 0 68)
#(475 61 0 9)
#(475 62 0 5)
#(475 63 0 81)
#(475 64 0 15)
#(475 65 1 54)
#(475 66 1 41)
#(475 67 1 84)
#(475 68 1 33)
#(475 69 0 27)
#(476 1 1 73)
#(476 2 0 93)
#(476 3 0 48)
#(476 4 1 87)
#(476 5 1 50)
#(476 6 1 86)
#(476 7 0 16)
#(476 8 0 83)
#(476 9 0 27)
#(476 10 0 17)
#(476 11 0 21)
#(476 12 0 17)
#(476 13 1 0)
#(476 14 0 30)
#(476 15 1 62)
#(476 16 0 26)
#(476 17 0 76)
#(476 18 0 74)
#(476 19 1 12)
#(476 20 0 79)
#(476 21 0 64)
#(476 22 0 49)
#(476 23 1 27)
#(476 24 0 12)
#(476 25 0 8)
#(476 26 0 61)
#(476 27 0 43)
#(476 28 0 28)
#(476 29 0 17)
#(476 30 1 88)
#(476 31 0 46)
#(476 32 0 24)
#(476 33 1 23)
#(476 34 0 38)
#(476 35 1 72)
#(476 36 1 23)
#(476 37 0 1)
#(476 38 0 4)
#(476 39 1 86)
#(476 40 0 61)
#(476 41 0 51)
#(476 42 0 20)
#(476 43 0 83)
#(476 44 0 86)
#(476 45 1 63)
#(476 46 1 49)
#(476 47 1 78)
#(476 48 0 11)
#(476 49 0 59)
#(476 50 1 85)
#(476 51 0 0)
#(476 52 0 23)
#(476 53 1 97)
#(476 54 0 32)
#(476 55 1 13)
#(476 56 0 87)
#(476 57 0 87)
#(476 58 1 34)
#(476 59 0 15)
#(476 60 1 18)
#(476 61 0 18)
#(476 62 1 43)
#(476 63 0 70)
#(476 64 0 14)
#(476 65 0 86)
#(476 66 0 63)
#(476 67 0 17)
#(476 68 1 80)
#(476 69 0 83)
#(477 1 0 92)
#(477 2 1 4)
#(477 3 0 59)
#(477 4 0 43)
#(477 5 1 75)
#(477 6 1 38)
#(477 7 1 84)
#(477 8 0 23)
#(477 9 0 96)
#(477 10 0 83)
#(477 11 0 70)
#(477 12 0 1)
#(477 13 0 4)
#(477 14 1 70)
#(477 15 1 27)
#(477 16 0 40)
#(477 17 0 13)
#(477 18 0 8)
#(477 19 0 50)
#(477 20 1 25)
#(477 21 1 20)
#(477 22 1 22)
#(477 23 0 7)
#(477 24 0 1)
#(477 25 0 17)
#(477 26 1 0)
#(477 27 1 81)
#(477 28 1 70)
#(477 29 0 85)
#(477 30 1 1)
#(477 31 0 91)
#(477 32 1 31)
#(477 33 0 46)
#(477 34 1 65)
#(477 35 0 6)
#(477 36 0 43)
#(477 37 1 38)
#(477 38 0 66)
#(477 39 0 37)
#(477 40 0 75)
#(477 41 0 80)
#(477 42 0 84)
#(477 43 1 76)
#(477 44 1 72)
#(477 45 0 32)
#(477 46 0 67)
#(477 47 0 51)
#(477 48 0 88)
#(477 49 1 33)
#(477 50 1 54)
#(477 51 1 74)
#(477 52 0 32)
#(477 53 1 73)
#(477 54 1 57)
#(477 55 1 47)
#(477 56 0 70)
#(477 57 0 46)
#(477 58 1 97)
#(477 59 0 51)
#(477 60 0 66)
#(477 61 1 21)
#(477 62 1 80)
#(477 63 0 12)
#(477 64 1 68)
#(477 65 0 43)
#(477 66 1 22)
#(477 67 0 20)
#(477 68 0 28)
#(477 69 1 41)
#(478 1 0 39)
#(478 2 0 75)
#(478 3 0 97)
#(478 4 1 67)
#(478 5 0 90)
#(478 6 0 31)
#(478 7 0 30)
#(478 8 1 41)
#(478 9 0 92)
#(478 10 0 80)
#(478 11 1 52)
#(478 12 0 16)
#(478 13 0 20)
#(478 14 0 89)
#(478 15 0 42)
#(478 16 0 9)
#(478 17 1 73)
#(478 18 0 71)
#(478 19 0 25)
#(478 20 1 40)
#(478 21 0 47)
#(478 22 1 2)
#(478 23 0 29)
#(478 24 0 52)
#(478 25 0 84)
#(478 26 1 57)
#(478 27 0 34)
#(478 28 1 78)
#(478 29 1 9)
#(478 30 1 69)
#(478 31 0 75)
#(478 32 0 98)
#(478 33 1 32)
#(478 34 0 12)
#(478 35 1 45)
#(478 36 0 42)
#(478 37 1 25)
#(478 38 1 55)
#(478 39 0 54)
#(478 40 0 1)
#(478 41 0 16)
#(478 42 0 26)
#(478 43 0 36)
#(478 44 0 67)
#(478 45 0 90)
#(478 46 1 93)
#(478 47 1 44)
#(478 48 1 71)
#(478 49 0 60)
#(478 50 1 18)
#(478 51 0 14)
#(478 52 0 8)
#(478 53 0 23)
#(478 54 1 20)
#(478 55 1 84)
#(478 56 0 28)
#(478 57 1 75)
#(478 58 0 66)
#(478 59 1 24)
#(478 60 1 23)
#(478 61 0 93)
#(478 62 1 45)
#(478 63 1 44)
#(478 64 0 31)
#(478 65 0 76)
#(478 66 0 30)
#(478 67 0 86)
#(478 68 0 0)
#(478 69 0 61)
#(479 1 1 96)
#(479 2 1 23)
#(479 3 0 39)
#(479 4 1 91)
#(479 5 0 54)
#(479 6 1 46)
#(479 7 0 94)
#(479 8 0 87)
#(479 9 0 0)
#(479 10 1 23)
#(479 11 1 17)
#(479 12 1 53)
#(479 13 0 93)
#(479 14 1 33)
#(479 15 0 10)
#(479 16 0 86)
#(479 17 1 74)
#(479 18 0 59)
#(479 19 0 73)
#(479 20 1 41)
#(479 21 0 93)
#(479 22 1 66)
#(479 23 0 10)
#(479 24 1 57)
#(479 25 0 70)
#(479 26 0 90)
#(479 27 0 12)
#(479 28 0 23)
#(479 29 0 4)
#(479 30 0 49)
#(479 31 1 61)
#(479 32 0 82)
#(479 33 0 65)
#(479 34 1 0)
#(479 35 0 19)
#(479 36 0 18)
#(479 37 1 33)
#(479 38 1 29)
#(479 39 1 58)
#(479 40 0 4)
#(479 41 0 96)
#(479 42 0 39)
#(479 43 0 31)
#(479 44 0 68)
#(479 45 0 54)
#(479 46 0 36)
#(479 47 1 39)
#(479 48 1 13)
#(479 49 0 9)
#(479 50 1 33)
#(479 51 0 40)
#(479 52 0 6)
#(479 53 1 18)
#(479 54 1 13)
#(479 55 0 40)
#(479 56 1 1)
#(479 57 0 27)
#(479 58 0 3)
#(479 59 0 44)
#(479 60 0 39)
#(479 61 0 48)
#(479 62 0 95)
#(479 63 0 17)
#(479 64 1 65)
#(479 65 0 96)
#(479 66 0 52)
#(479 67 0 47)
#(479 68 0 5)
#(479 69 0 16)
#(480 1 0 24)
#(480 2 0 34)
#(480 3 0 76)
#(480 4 0 47)
#(480 5 1 24)
#(480 6 0 62)
#(480 7 1 53)
#(480 8 0 14)
#(480 9 0 75)
#(480 10 1 22)
#(480 11 0 33)
#(480 12 1 69)
#(480 13 0 22)
#(480 14 0 73)
#(480 15 1 66)
#(480 16 0 86)
#(480 17 0 63)
#(480 18 0 20)
#(480 19 0 67)
#(480 20 0 10)
#(480 21 1 62)
#(480 22 0 61)
#(480 23 0 26)
#(480 24 0 82)
#(480 25 0 34)
#(480 26 0 85)
#(480 27 1 89)
#(480 28 0 34)
#(480 29 1 96)
#(480 30 0 3)
#(480 31 1 79)
#(480 32 0 32)
#(480 33 1 49)
#(480 34 1 22)
#(480 35 0 73)
#(480 36 0 1)
#(480 37 0 7)
#(480 38 0 83)
#(480 39 1 75)
#(480 40 0 73)
#(480 41 0 64)
#(480 42 0 43)
#(480 43 0 10)
#(480 44 0 50)
#(480 45 1 82)
#(480 46 0 2)
#(480 47 1 61)
#(480 48 1 75)
#(480 49 0 8)
#(480 50 0 17)
#(480 51 0 3)
#(480 52 1 9)
#(480 53 0 32)
#(480 54 0 52)
#(480 55 1 64)
#(480 56 1 32)
#(480 57 0 33)
#(480 58 1 11)
#(480 59 0 75)
#(480 60 0 42)
#(480 61 1 61)
#(480 62 0 96)
#(480 63 0 9)
#(480 64 0 26)
#(480 65 0 12)
#(480 66 1 55)
#(480 67 0 11)
#(480 68 1 36)
#(480 69 1 59)
#(481 1 0 82)
#(481 2 1 21)
#(481 3 0 84)
#(481 4 1 71)
#(481 5 0 7)
#(481 6 0 34)
#(481 7 1 70)
#(481 8 0 43)
#(481 9 1 60)
#(481 10 0 49)
#(481 11 1 78)
#(481 12 1 1)
#(481 13 0 46)
#(481 14 0 29)
#(481 15 0 9)
#(481 16 0 63)
#(481 17 1 5)
#(481 18 0 84)
#(481 19 0 42)
#(481 20 0 85)
#(481 21 0 69)
#(481 22 0 41)
#(481 23 0 40)
#(481 24 0 86)
#(481 25 1 48)
#(481 26 0 51)
#(481 27 1 96)
#(481 28 0 37)
#(481 29 1 56)
#(481 30 0 93)
#(481 31 1 30)
#(481 32 0 75)
#(481 33 0 72)
#(481 34 0 35)
#(481 35 0 24)
#(481 36 0 28)
#(481 37 0 4)
#(481 38 1 47)
#(481 39 1 67)
#(481 40 1 55)
#(481 41 0 32)
#(481 42 1 33)
#(481 43 0 23)
#(481 44 0 53)
#(481 45 0 78)
#(481 46 1 52)
#(481 47 1 26)
#(481 48 0 39)
#(481 49 1 90)
#(481 50 0 56)
#(481 51 1 26)
#(481 52 0 76)
#(481 53 0 22)
#(481 54 0 85)
#(481 55 0 66)
#(481 56 0 35)
#(481 57 0 93)
#(481 58 1 34)
#(481 59 1 81)
#(481 60 0 30)
#(481 61 0 5)
#(481 62 0 83)
#(481 63 1 46)
#(481 64 0 65)
#(481 65 0 28)
#(481 66 0 72)
#(481 67 0 10)
#(481 68 1 76)
#(481 69 1 23)
#(482 1 0 88)
#(482 2 0 21)
#(482 3 0 79)
#(482 4 0 15)
#(482 5 1 87)
#(482 6 1 5)
#(482 7 0 59)
#(482 8 1 74)
#(482 9 0 86)
#(482 10 1 53)
#(482 11 1 30)
#(482 12 1 54)
#(482 13 1 15)
#(482 14 0 37)
#(482 15 1 91)
#(482 16 0 66)
#(482 17 0 6)
#(482 18 1 59)
#(482 19 0 37)
#(482 20 0 19)
#(482 21 0 49)
#(482 22 0 53)
#(482 23 0 55)
#(482 24 0 32)
#(482 25 0 87)
#(482 26 1 56)
#(482 27 0 81)
#(482 28 0 50)
#(482 29 0 80)
#(482 30 1 26)
#(482 31 0 26)
#(482 32 1 74)
#(482 33 0 65)
#(482 34 0 7)
#(482 35 1 86)
#(482 36 1 18)
#(482 37 0 30)
#(482 38 0 58)
#(482 39 0 36)
#(482 40 0 45)
#(482 41 0 11)
#(482 42 1 48)
#(482 43 0 82)
#(482 44 0 47)
#(482 45 0 0)
#(482 46 0 57)
#(482 47 0 41)
#(482 48 1 37)
#(482 49 0 23)
#(482 50 1 68)
#(482 51 1 60)
#(482 52 0 11)
#(482 53 0 83)
#(482 54 0 51)
#(482 55 1 51)
#(482 56 0 47)
#(482 57 0 75)
#(482 58 0 78)
#(482 59 0 66)
#(482 60 1 50)
#(482 61 0 8)
#(482 62 0 86)
#(482 63 0 49)
#(482 64 0 44)
#(482 65 0 55)
#(482 66 0 62)
#(482 67 1 86)
#(482 68 0 79)
#(482 69 0 3)
#(483 1 1 36)
#(483 2 0 96)
#(483 3 0 34)
#(483 4 0 47)
#(483 5 0 31)
#(483 6 0 30)
#(483 7 1 72)
#(483 8 1 25)
#(483 9 0 24)
#(483 10 1 10)
#(483 11 1 17)
#(483 12 0 48)
#(483 13 0 94)
#(483 14 0 2)
#(483 15 0 42)
#(483 16 1 66)
#(483 17 1 27)
#(483 18 1 57)
#(483 19 1 81)
#(483 20 0 22)
#(483 21 0 42)
#(483 22 0 30)
#(483 23 0 64)
#(483 24 0 34)
#(483 25 0 13)
#(483 26 0 91)
#(483 27 0 71)
#(483 28 0 25)
#(483 29 0 89)
#(483 30 0 89)
#(483 31 0 7)
#(483 32 0 91)
#(483 33 1 34)
#(483 34 0 46)
#(483 35 0 26)
#(483 36 0 64)
#(483 37 1 18)
#(483 38 1 30)
#(483 39 0 57)
#(483 40 0 75)
#(483 41 0 72)
#(483 42 0 41)
#(483 43 1 77)
#(483 44 0 66)
#(483 45 1 47)
#(483 46 0 1)
#(483 47 0 74)
#(483 48 1 46)
#(483 49 1 24)
#(483 50 0 74)
#(483 51 0 58)
#(483 52 0 71)
#(483 53 0 88)
#(483 54 1 43)
#(483 55 1 90)
#(483 56 1 29)
#(483 57 0 45)
#(483 58 1 16)
#(483 59 1 51)
#(483 60 1 77)
#(483 61 0 74)
#(483 62 0 80)
#(483 63 0 49)
#(483 64 0 58)
#(483 65 0 19)
#(483 66 0 5)
#(483 67 1 83)
#(483 68 0 3)
#(483 69 0 73)
#(484 1 0 25)
#(484 2 0 60)
#(484 3 0 25)
#(484 4 1 5)
#(484 5 0 30)
#(484 6 0 44)
#(484 7 1 42)
#(484 8 0 29)
#(484 9 1 88)
#(484 10 0 92)
#(484 11 0 90)
#(484 12 1 76)
#(484 13 0 49)
#(484 14 0 92)
#(484 15 1 28)
#(484 16 0 77)
#(484 17 0 65)
#(484 18 1 50)
#(484 19 0 31)
#(484 20 0 72)
#(484 21 0 60)
#(484 22 0 63)
#(484 23 0 26)
#(484 24 0 40)
#(484 25 0 26)
#(484 26 0 90)
#(484 27 0 8)
#(484 28 0 1)
#(484 29 1 47)
#(484 30 0 3)
#(484 31 0 36)
#(484 32 0 91)
#(484 33 0 29)
#(484 34 0 88)
#(484 35 1 78)
#(484 36 1 86)
#(484 37 0 58)
#(484 38 1 88)
#(484 39 0 61)
#(484 40 0 48)
#(484 41 1 51)
#(484 42 0 58)
#(484 43 1 12)
#(484 44 1 40)
#(484 45 1 82)
#(484 46 1 10)
#(484 47 1 73)
#(484 48 0 35)
#(484 49 0 92)
#(484 50 0 75)
#(484 51 1 56)
#(484 52 1 90)
#(484 53 0 35)
#(484 54 0 23)
#(484 55 0 90)
#(484 56 0 16)
#(484 57 0 6)
#(484 58 0 64)
#(484 59 0 72)
#(484 60 0 17)
#(484 61 0 81)
#(484 62 0 2)
#(484 63 0 40)
#(484 64 0 97)
#(484 65 1 38)
#(484 66 0 51)
#(484 67 0 45)
#(484 68 0 65)
#(484 69 0 42)
#(485 1 1 41)
#(485 2 1 84)
#(485 3 1 55)
#(485 4 0 24)
#(485 5 0 90)
#(485 6 0 19)
#(485 7 0 38)
#(485 8 0 59)
#(485 9 1 95)
#(485 10 1 9)
#(485 11 1 21)
#(485 12 1 33)
#(485 13 0 22)
#(485 14 1 29)
#(485 15 0 84)
#(485 16 0 31)
#(485 17 0 62)
#(485 18 0 20)
#(485 19 1 36)
#(485 20 1 65)
#(485 21 0 4)
#(485 22 0 30)
#(485 23 1 45)
#(485 24 0 38)
#(485 25 1 26)
#(485 26 0 6)
#(485 27 0 81)
#(485 28 0 70)
#(485 29 0 34)
#(485 30 0 31)
#(485 31 1 17)
#(485 32 0 10)
#(485 33 0 32)
#(485 34 0 36)
#(485 35 1 2)
#(485 36 0 11)
#(485 37 0 73)
#(485 38 0 89)
#(485 39 0 40)
#(485 40 0 13)
#(485 41 0 63)
#(485 42 1 19)
#(485 43 1 16)
#(485 44 0 2)
#(485 45 1 5)
#(485 46 1 39)
#(485 47 1 39)
#(485 48 1 65)
#(485 49 0 28)
#(485 50 0 42)
#(485 51 0 66)
#(485 52 0 0)
#(485 53 1 1)
#(485 54 1 35)
#(485 55 0 48)
#(485 56 0 94)
#(485 57 1 82)
#(485 58 0 60)
#(485 59 0 46)
#(485 60 0 22)
#(485 61 0 97)
#(485 62 1 54)
#(485 63 0 15)
#(485 64 1 3)
#(485 65 1 59)
#(485 66 0 12)
#(485 67 1 26)
#(485 68 0 23)
#(485 69 1 86)
#(486 1 1 73)
#(486 2 0 64)
#(486 3 1 1)
#(486 4 0 56)
#(486 5 0 63)
#(486 6 1 44)
#(486 7 0 48)
#(486 8 0 62)
#(486 9 0 23)
#(486 10 0 66)
#(486 11 1 38)
#(486 12 1 13)
#(486 13 0 30)
#(486 14 1 46)
#(486 15 1 54)
#(486 16 0 10)
#(486 17 0 89)
#(486 18 0 31)
#(486 19 0 21)
#(486 20 0 3)
#(486 21 0 26)
#(486 22 0 94)
#(486 23 0 56)
#(486 24 1 5)
#(486 25 1 97)
#(486 26 0 25)
#(486 27 0 6)
#(486 28 0 76)
#(486 29 1 16)
#(486 30 0 64)
#(486 31 1 48)
#(486 32 0 59)
#(486 33 0 19)
#(486 34 0 2)
#(486 35 0 22)
#(486 36 1 62)
#(486 37 0 93)
#(486 38 1 9)
#(486 39 1 5)
#(486 40 1 41)
#(486 41 0 74)
#(486 42 0 67)
#(486 43 0 29)
#(486 44 0 11)
#(486 45 1 7)
#(486 46 0 66)
#(486 47 0 59)
#(486 48 0 58)
#(486 49 0 23)
#(486 50 0 33)
#(486 51 0 47)
#(486 52 1 22)
#(486 53 0 93)
#(486 54 1 27)
#(486 55 0 18)
#(486 56 0 67)
#(486 57 0 69)
#(486 58 1 27)
#(486 59 0 96)
#(486 60 0 7)
#(486 61 1 18)
#(486 62 0 86)
#(486 63 0 45)
#(486 64 0 53)
#(486 65 0 19)
#(486 66 0 67)
#(486 67 1 40)
#(486 68 0 66)
#(486 69 0 94)
#(487 1 1 66)
#(487 2 1 59)
#(487 3 0 12)
#(487 4 0 68)
#(487 5 0 10)
#(487 6 0 9)
#(487 7 0 86)
#(487 8 1 61)
#(487 9 0 67)
#(487 10 1 82)
#(487 11 0 93)
#(487 12 1 13)
#(487 13 1 40)
#(487 14 0 63)
#(487 15 0 89)
#(487 16 0 32)
#(487 17 0 74)
#(487 18 0 63)
#(487 19 0 20)
#(487 20 1 5)
#(487 21 0 59)
#(487 22 1 24)
#(487 23 0 86)
#(487 24 0 40)
#(487 25 1 56)
#(487 26 0 62)
#(487 27 1 70)
#(487 28 0 91)
#(487 29 0 78)
#(487 30 0 50)
#(487 31 1 19)
#(487 32 1 50)
#(487 33 0 13)
#(487 34 0 54)
#(487 35 1 3)
#(487 36 0 25)
#(487 37 0 42)
#(487 38 0 79)
#(487 39 0 87)
#(487 40 0 1)
#(487 41 0 58)
#(487 42 0 9)
#(487 43 0 52)
#(487 44 1 17)
#(487 45 0 26)
#(487 46 1 41)
#(487 47 1 6)
#(487 48 0 14)
#(487 49 0 53)
#(487 50 0 27)
#(487 51 0 25)
#(487 52 1 77)
#(487 53 0 84)
#(487 54 1 9)
#(487 55 0 29)
#(487 56 0 66)
#(487 57 1 19)
#(487 58 0 73)
#(487 59 1 79)
#(487 60 0 75)
#(487 61 0 55)
#(487 62 0 58)
#(487 63 0 33)
#(487 64 0 33)
#(487 65 0 3)
#(487 66 0 13)
#(487 67 0 62)
#(487 68 1 86)
#(487 69 0 21)
#(488 1 1 37)
#(488 2 0 66)
#(488 3 0 20)
#(488 4 0 70)
#(488 5 1 47)
#(488 6 0 51)
#(488 7 0 37)
#(488 8 0 12)
#(488 9 0 71)
#(488 10 1 79)
#(488 11 1 65)
#(488 12 0 41)
#(488 13 0 8)
#(488 14 1 92)
#(488 15 1 52)
#(488 16 1 92)
#(488 17 0 71)
#(488 18 1 15)
#(488 19 1 76)
#(488 20 1 8)
#(488 21 0 53)
#(488 22 0 73)
#(488 23 1 61)
#(488 24 1 45)
#(488 25 0 89)
#(488 26 1 8)
#(488 27 0 22)
#(488 28 1 90)
#(488 29 0 85)
#(488 30 0 51)
#(488 31 0 30)
#(488 32 0 70)
#(488 33 1 64)
#(488 34 0 35)
#(488 35 1 0)
#(488 36 0 26)
#(488 37 1 59)
#(488 38 0 6)
#(488 39 0 13)
#(488 40 0 61)
#(488 41 0 46)
#(488 42 0 11)
#(488 43 1 53)
#(488 44 0 86)
#(488 45 0 75)
#(488 46 0 32)
#(488 47 1 47)
#(488 48 0 15)
#(488 49 0 83)
#(488 50 0 7)
#(488 51 0 9)
#(488 52 0 83)
#(488 53 0 66)
#(488 54 1 55)
#(488 55 0 36)
#(488 56 0 76)
#(488 57 0 22)
#(488 58 1 72)
#(488 59 0 44)
#(488 60 1 97)
#(488 61 0 23)
#(488 62 0 47)
#(488 63 0 90)
#(488 64 0 64)
#(488 65 0 43)
#(488 66 1 43)
#(488 67 0 29)
#(488 68 1 38)
#(488 69 0 17)
#(489 1 1 78)
#(489 2 0 26)
#(489 3 0 87)
#(489 4 0 46)
#(489 5 0 98)
#(489 6 0 81)
#(489 7 0 33)
#(489 8 0 13)
#(489 9 0 26)
#(489 10 0 31)
#(489 11 0 68)
#(489 12 1 47)
#(489 13 0 92)
#(489 14 0 39)
#(489 15 0 94)
#(489 16 0 85)
#(489 17 0 35)
#(489 18 1 62)
#(489 19 0 35)
#(489 20 0 45)
#(489 21 1 57)
#(489 22 0 38)
#(489 23 0 5)
#(489 24 0 79)
#(489 25 1 86)
#(489 26 0 25)
#(489 27 0 34)
#(489 28 1 93)
#(489 29 1 80)
#(489 30 0 52)
#(489 31 0 34)
#(489 32 0 80)
#(489 33 0 39)
#(489 34 1 44)
#(489 35 0 95)
#(489 36 0 66)
#(489 37 1 81)
#(489 38 0 23)
#(489 39 0 77)
#(489 40 0 75)
#(489 41 0 32)
#(489 42 0 44)
#(489 43 1 31)
#(489 44 0 93)
#(489 45 0 45)
#(489 46 0 97)
#(489 47 0 59)
#(489 48 0 34)
#(489 49 0 68)
#(489 50 0 79)
#(489 51 0 61)
#(489 52 1 44)
#(489 53 0 94)
#(489 54 0 49)
#(489 55 0 69)
#(489 56 1 33)
#(489 57 0 27)
#(489 58 0 90)
#(489 59 0 2)
#(489 60 1 42)
#(489 61 0 5)
#(489 62 0 41)
#(489 63 0 5)
#(489 64 0 3)
#(489 65 0 66)
#(489 66 0 82)
#(489 67 0 46)
#(489 68 0 56)
#(489 69 1 89)
#(490 1 0 72)
#(490 2 0 46)
#(490 3 0 76)
#(490 4 0 4)
#(490 5 1 39)
#(490 6 0 33)
#(490 7 0 13)
#(490 8 1 19)
#(490 9 0 0)
#(490 10 0 80)
#(490 11 1 53)
#(490 12 0 9)
#(490 13 0 26)
#(490 14 1 81)
#(490 15 0 6)
#(490 16 1 35)
#(490 17 0 41)
#(490 18 0 63)
#(490 19 0 34)
#(490 20 1 34)
#(490 21 0 54)
#(490 22 0 35)
#(490 23 0 6)
#(490 24 0 92)
#(490 25 0 94)
#(490 26 0 74)
#(490 27 0 63)
#(490 28 1 59)
#(490 29 0 92)
#(490 30 0 43)
#(490 31 0 98)
#(490 32 0 33)
#(490 33 1 24)
#(490 34 0 2)
#(490 35 1 97)
#(490 36 1 43)
#(490 37 0 51)
#(490 38 1 76)
#(490 39 1 6)
#(490 40 1 61)
#(490 41 0 6)
#(490 42 0 80)
#(490 43 0 97)
#(490 44 1 89)
#(490 45 0 90)
#(490 46 0 57)
#(490 47 0 54)
#(490 48 0 0)
#(490 49 0 40)
#(490 50 1 48)
#(490 51 1 82)
#(490 52 1 89)
#(490 53 0 20)
#(490 54 0 32)
#(490 55 1 10)
#(490 56 0 23)
#(490 57 0 57)
#(490 58 0 1)
#(490 59 0 18)
#(490 60 1 87)
#(490 61 0 70)
#(490 62 0 47)
#(490 63 1 98)
#(490 64 1 8)
#(490 65 0 76)
#(490 66 0 73)
#(490 67 1 30)
#(490 68 0 75)
#(490 69 1 93)
#(491 1 1 83)
#(491 2 1 58)
#(491 3 0 54)
#(491 4 0 8)
#(491 5 0 60)
#(491 6 0 48)
#(491 7 0 31)
#(491 8 0 92)
#(491 9 0 59)
#(491 10 1 6)
#(491 11 0 45)
#(491 12 1 1)
#(491 13 0 57)
#(491 14 0 23)
#(491 15 0 35)
#(491 16 1 88)
#(491 17 0 30)
#(491 18 0 29)
#(491 19 0 72)
#(491 20 1 70)
#(491 21 1 0)
#(491 22 0 84)
#(491 23 0 53)
#(491 24 1 4)
#(491 25 1 18)
#(491 26 0 8)
#(491 27 0 34)
#(491 28 1 62)
#(491 29 0 7)
#(491 30 0 31)
#(491 31 1 48)
#(491 32 0 77)
#(491 33 0 61)
#(491 34 1 46)
#(491 35 0 78)
#(491 36 1 38)
#(491 37 1 84)
#(491 38 1 59)
#(491 39 0 68)
#(491 40 0 73)
#(491 41 0 73)
#(491 42 0 58)
#(491 43 1 66)
#(491 44 0 94)
#(491 45 0 21)
#(491 46 1 72)
#(491 47 0 31)
#(491 48 1 41)
#(491 49 0 34)
#(491 50 1 47)
#(491 51 0 49)
#(491 52 1 41)
#(491 53 1 88)
#(491 54 0 45)
#(491 55 0 89)
#(491 56 0 25)
#(491 57 0 72)
#(491 58 0 69)
#(491 59 0 10)
#(491 60 0 98)
#(491 61 0 49)
#(491 62 1 13)
#(491 63 0 55)
#(491 64 0 52)
#(491 65 1 5)
#(491 66 1 61)
#(491 67 0 7)
#(491 68 1 5)
#(491 69 0 95)
#(492 1 0 23)
#(492 2 0 10)
#(492 3 0 31)
#(492 4 1 23)
#(492 5 0 92)
#(492 6 0 14)
#(492 7 1 30)
#(492 8 0 2)
#(492 9 0 67)
#(492 10 1 42)
#(492 11 1 40)
#(492 12 1 77)
#(492 13 1 51)
#(492 14 0 43)
#(492 15 1 42)
#(492 16 1 67)
#(492 17 1 76)
#(492 18 0 75)
#(492 19 0 7)
#(492 20 1 78)
#(492 21 0 86)
#(492 22 0 0)
#(492 23 0 68)
#(492 24 1 49)
#(492 25 1 52)
#(492 26 0 85)
#(492 27 0 80)
#(492 28 0 7)
#(492 29 0 64)
#(492 30 0 16)
#(492 31 0 49)
#(492 32 0 45)
#(492 33 0 63)
#(492 34 1 18)
#(492 35 0 64)
#(492 36 0 21)
#(492 37 0 11)
#(492 38 0 43)
#(492 39 0 90)
#(492 40 1 67)
#(492 41 0 35)
#(492 42 0 52)
#(492 43 0 68)
#(492 44 0 4)
#(492 45 0 44)
#(492 46 0 3)
#(492 47 1 33)
#(492 48 0 8)
#(492 49 0 5)
#(492 50 0 82)
#(492 51 0 69)
#(492 52 0 65)
#(492 53 1 22)
#(492 54 0 41)
#(492 55 0 23)
#(492 56 0 87)
#(492 57 0 29)
#(492 58 1 3)
#(492 59 0 25)
#(492 60 0 11)
#(492 61 1 59)
#(492 62 0 28)
#(492 63 0 37)
#(492 64 0 58)
#(492 65 0 55)
#(492 66 0 15)
#(492 67 0 52)
#(492 68 1 49)
#(492 69 1 91)
#(493 1 1 82)
#(493 2 1 2)
#(493 3 0 78)
#(493 4 0 96)
#(493 5 0 2)
#(493 6 0 78)
#(493 7 0 74)
#(493 8 0 85)
#(493 9 0 41)
#(493 10 0 9)
#(493 11 0 81)
#(493 12 1 87)
#(493 13 0 41)
#(493 14 1 25)
#(493 15 0 63)
#(493 16 0 19)
#(493 17 0 82)
#(493 18 1 10)
#(493 19 0 34)
#(493 20 0 87)
#(493 21 0 40)
#(493 22 1 75)
#(493 23 0 79)
#(493 24 0 1)
#(493 25 0 77)
#(493 26 0 60)
#(493 27 0 17)
#(493 28 1 64)
#(493 29 1 12)
#(493 30 0 52)
#(493 31 1 55)
#(493 32 0 76)
#(493 33 0 36)
#(493 34 0 24)
#(493 35 1 5)
#(493 36 0 90)
#(493 37 0 47)
#(493 38 1 79)
#(493 39 0 98)
#(493 40 1 51)
#(493 41 0 61)
#(493 42 0 70)
#(493 43 1 9)
#(493 44 1 18)
#(493 45 0 34)
#(493 46 1 33)
#(493 47 0 70)
#(493 48 0 43)
#(493 49 1 35)
#(493 50 0 30)
#(493 51 0 22)
#(493 52 0 21)
#(493 53 1 24)
#(493 54 0 88)
#(493 55 0 87)
#(493 56 0 14)
#(493 57 0 98)
#(493 58 1 77)
#(493 59 1 72)
#(493 60 0 18)
#(493 61 0 67)
#(493 62 1 26)
#(493 63 1 79)
#(493 64 1 73)
#(493 65 0 97)
#(493 66 0 63)
#(493 67 0 71)
#(493 68 0 19)
#(493 69 0 52)
#(494 1 0 43)
#(494 2 0 96)
#(494 3 0 32)
#(494 4 0 9)
#(494 5 0 22)
#(494 6 0 31)
#(494 7 0 53)
#(494 8 0 16)
#(494 9 0 94)
#(494 10 0 35)
#(494 11 1 54)
#(494 12 0 64)
#(494 13 0 10)
#(494 14 1 58)
#(494 15 1 83)
#(494 16 0 31)
#(494 17 0 58)
#(494 18 1 42)
#(494 19 0 53)
#(494 20 1 44)
#(494 21 0 71)
#(494 22 1 77)
#(494 23 0 94)
#(494 24 0 69)
#(494 25 0 91)
#(494 26 0 10)
#(494 27 1 94)
#(494 28 1 5)
#(494 29 1 22)
#(494 30 1 23)
#(494 31 0 22)
#(494 32 1 94)
#(494 33 1 34)
#(494 34 0 76)
#(494 35 0 38)
#(494 36 1 51)
#(494 37 0 95)
#(494 38 0 5)
#(494 39 0 73)
#(494 40 0 55)
#(494 41 0 62)
#(494 42 0 75)
#(494 43 0 7)
#(494 44 1 93)
#(494 45 1 12)
#(494 46 0 48)
#(494 47 0 29)
#(494 48 0 53)
#(494 49 1 7)
#(494 50 1 29)
#(494 51 0 73)
#(494 52 0 23)
#(494 53 0 34)
#(494 54 1 52)
#(494 55 0 43)
#(494 56 0 35)
#(494 57 0 95)
#(494 58 1 55)
#(494 59 1 15)
#(494 60 0 3)
#(494 61 1 53)
#(494 62 0 15)
#(494 63 0 80)
#(494 64 0 10)
#(494 65 1 66)
#(494 66 1 43)
#(494 67 0 47)
#(494 68 1 81)
#(494 69 1 98)
#(495 1 0 31)
#(495 2 0 57)
#(495 3 1 5)
#(495 4 0 79)
#(495 5 0 17)
#(495 6 1 64)
#(495 7 0 44)
#(495 8 1 57)
#(495 9 1 52)
#(495 10 1 68)
#(495 11 0 7)
#(495 12 0 12)
#(495 13 0 82)
#(495 14 0 38)
#(495 15 0 65)
#(495 16 1 78)
#(495 17 0 64)
#(495 18 1 25)
#(495 19 0 49)
#(495 20 0 17)
#(495 21 0 46)
#(495 22 1 50)
#(495 23 0 47)
#(495 24 0 61)
#(495 25 1 32)
#(495 26 1 35)
#(495 27 1 48)
#(495 28 0 87)
#(495 29 0 34)
#(495 30 1 63)
#(495 31 0 41)
#(495 32 0 81)
#(495 33 0 0)
#(495 34 1 90)
#(495 35 1 93)
#(495 36 0 42)
#(495 37 0 54)
#(495 38 0 49)
#(495 39 0 85)
#(495 40 0 86)
#(495 41 0 63)
#(495 42 0 59)
#(495 43 1 50)
#(495 44 0 42)
#(495 45 0 80)
#(495 46 0 41)
#(495 47 1 16)
#(495 48 0 70)
#(495 49 0 44)
#(495 50 0 84)
#(495 51 0 15)
#(495 52 0 91)
#(495 53 0 64)
#(495 54 1 71)
#(495 55 0 24)
#(495 56 1 15)
#(495 57 0 28)
#(495 58 0 38)
#(495 59 1 64)
#(495 60 0 81)
#(495 61 0 73)
#(495 62 0 9)
#(495 63 1 79)
#(495 64 1 40)
#(495 65 1 64)
#(495 66 0 97)
#(495 67 0 46)
#(495 68 1 86)
#(495 69 0 40)
#(496 1 0 13)
#(496 2 0 30)
#(496 3 0 30)
#(496 4 0 15)
#(496 5 1 18)
#(496 6 1 35)
#(496 7 0 32)
#(496 8 1 64)
#(496 9 1 61)
#(496 10 0 46)
#(496 11 0 90)
#(496 12 1 17)
#(496 13 0 36)
#(496 14 1 39)
#(496 15 1 62)
#(496 16 1 88)
#(496 17 0 34)
#(496 18 0 95)
#(496 19 1 83)
#(496 20 0 96)
#(496 21 0 27)
#(496 22 0 27)
#(496 23 1 5)
#(496 24 0 53)
#(496 25 0 40)
#(496 26 0 27)
#(496 27 1 38)
#(496 28 0 38)
#(496 29 0 90)
#(496 30 0 26)
#(496 31 0 7)
#(496 32 0 1)
#(496 33 1 30)
#(496 34 0 32)
#(496 35 0 17)
#(496 36 1 7)
#(496 37 0 52)
#(496 38 1 84)
#(496 39 0 73)
#(496 40 0 82)
#(496 41 1 40)
#(496 42 0 97)
#(496 43 0 20)
#(496 44 1 66)
#(496 45 1 86)
#(496 46 0 33)
#(496 47 1 53)
#(496 48 0 76)
#(496 49 1 37)
#(496 50 0 70)
#(496 51 1 13)
#(496 52 0 58)
#(496 53 1 21)
#(496 54 0 61)
#(496 55 0 40)
#(496 56 0 47)
#(496 57 0 81)
#(496 58 1 1)
#(496 59 1 47)
#(496 60 0 21)
#(496 61 1 55)
#(496 62 1 1)
#(496 63 0 83)
#(496 64 0 76)
#(496 65 0 22)
#(496 66 0 30)
#(496 67 0 4)
#(496 68 1 60)
#(496 69 1 25)
#(497 1 1 88)
#(497 2 0 35)
#(497 3 0 61)
#(497 4 1 81)
#(497 5 0 43)
#(497 6 0 45)
#(497 7 0 18)
#(497 8 1 77)
#(497 9 0 47)
#(497 10 1 73)
#(497 11 0 63)
#(497 12 0 10)
#(497 13 0 3)
#(497 14 0 7)
#(497 15 0 80)
#(497 16 0 48)
#(497 17 0 7)
#(497 18 0 80)
#(497 19 1 35)
#(497 20 0 98)
#(497 21 1 29)
#(497 22 0 32)
#(497 23 0 42)
#(497 24 0 55)
#(497 25 0 43)
#(497 26 0 57)
#(497 27 0 78)
#(497 28 0 0)
#(497 29 0 0)
#(497 30 1 23)
#(497 31 1 1)
#(497 32 0 41)
#(497 33 0 32)
#(497 34 0 8)
#(497 35 0 3)
#(497 36 0 80)
#(497 37 0 81)
#(497 38 0 0)
#(497 39 1 50)
#(497 40 0 51)
#(497 41 0 28)
#(497 42 0 39)
#(497 43 1 88)
#(497 44 0 14)
#(497 45 0 13)
#(497 46 0 51)
#(497 47 0 20)
#(497 48 0 93)
#(497 49 0 3)
#(497 50 1 33)
#(497 51 1 68)
#(497 52 0 79)
#(497 53 0 9)
#(497 54 1 34)
#(497 55 0 39)
#(497 56 1 58)
#(497 57 0 40)
#(497 58 0 10)
#(497 59 0 85)
#(497 60 0 35)
#(497 61 0 42)
#(497 62 0 70)
#(497 63 1 56)
#(497 64 1 59)
#(497 65 0 42)
#(497 66 0 75)
#(497 67 0 1)
#(497 68 0 74)
#(497 69 0 50)
#(498 1 0 20)
#(498 2 1 33)
#(498 3 1 41)
#(498 4 0 92)
#(498 5 1 25)
#(498 6 1 47)
#(498 7 0 81)
#(498 8 1 35)
#(498 9 0 47)
#(498 10 1 86)
#(498 11 0 73)
#(498 12 0 8)
#(498 13 1 52)
#(498 14 0 45)
#(498 15 1 56)
#(498 16 1 77)
#(498 17 0 4)
#(498 18 1 51)
#(498 19 0 97)
#(498 20 0 46)
#(498 21 1 78)
#(498 22 0 52)
#(498 23 1 61)
#(498 24 0 91)
#(498 25 1 98)
#(498 26 0 91)
#(498 27 0 26)
#(498 28 0 64)
#(498 29 1 5)
#(498 30 0 87)
#(498 31 1 22)
#(498 32 0 66)
#(498 33 0 31)
#(498 34 0 83)
#(498 35 1 96)
#(498 36 0 44)
#(498 37 0 42)
#(498 38 1 63)
#(498 39 0 72)
#(498 40 1 85)
#(498 41 0 84)
#(498 42 0 38)
#(498 43 0 30)
#(498 44 1 30)
#(498 45 0 98)
#(498 46 0 25)
#(498 47 0 37)
#(498 48 0 23)
#(498 49 0 43)
#(498 50 0 46)
#(498 51 0 46)
#(498 52 0 42)
#(498 53 0 96)
#(498 54 0 51)
#(498 55 0 85)
#(498 56 1 47)
#(498 57 1 55)
#(498 58 0 61)
#(498 59 0 39)
#(498 60 0 59)
#(498 61 0 65)
#(498 62 0 3)
#(498 63 1 2)
#(498 64 1 91)
#(498 65 0 54)
#(498 66 0 54)
#(498 67 0 20)
#(498 68 0 93)
#(498 69 0 35)
#(499 1 0 97)
#(499 2 0 57)
#(499 3 0 62)
#(499 4 0 29)
#(499 5 0 94)
#(499 6 0 62)
#(499 7 0 91)
#(499 8 0 16)
#(499 9 1 53)
#(499 10 0 79)
#(499 11 1 5)
#(499 12 0 79)
#(499 13 1 65)
#(499 14 0 25)
#(499 15 0 35)
#(499 16 0 53)
#(499 17 1 35)
#(499 18 0 42)
#(499 19 0 36)
#(499 20 0 28)
#(499 21 0 89)
#(499 22 0 33)
#(499 23 0 33)
#(499 24 0 80)
#(499 25 0 91)
#(499 26 1 42)
#(499 27 0 23)
#(499 28 0 48)
#(499 29 0 44)
#(499 30 0 33)
#(499 31 0 23)
#(499 32 1 10)
#(499 33 0 67)
#(499 34 0 26)
#(499 35 0 68)
#(499 36 0 38)
#(499 37 1 85)
#(499 38 1 69)
#(499 39 0 17)
#(499 40 0 41)
#(499 41 0 26)
#(499 42 1 71)
#(499 43 0 13)
#(499 44 0 64)
#(499 45 1 98)
#(499 46 0 35)
#(499 47 0 75)
#(499 48 0 81)
#(499 49 0 25)
#(499 50 0 59)
#(499 51 0 95)
#(499 52 0 30)
#(499 53 0 72)
#(499 54 0 91)
#(499 55 0 83)
#(499 56 0 85)
#(499 57 0 21)
#(499 58 1 72)
#(499 59 0 11)
#(499 60 0 60)
#(499 61 1 34)
#(499 62 1 75)
#(499 63 0 61)
#(499 64 1 81)
#(499 65 0 2)
#(499 66 0 18)
#(499 67 0 50)
#(499 68 0 5)
#(499 69 0 8)
#(500 1 1 28)
#(500 2 0 44)
#(500 3 1 39)
#(500 4 0 70)
#(500 5 1 51)
#(500 6 0 38)
#(500 7 0 91)
#(500 8 0 82)
#(500 9 1 8)
#(500 10 1 98)
#(500 11 0 75)
#(500 12 1 27)
#(500 13 0 55)
#(500 14 0 80)
#(500 15 0 0)
#(500 16 0 11)
#(500 17 0 82)
#(500 18 1 72)
#(500 19 0 33)
#(500 20 0 28)
#(500 21 1 1)
#(500 22 0 92)
#(500 23 0 20)
#(500 24 1 48)
#(500 25 1 19)
#(500 26 0 93)
#(500 27 0 55)
#(500 28 0 17)
#(500 29 1 85)
#(500 30 0 81)
#(500 31 0 20)
#(500 32 1 26)
#(500 33 0 89)
#(500 34 0 62)
#(500 35 0 50)
#(500 36 0 48)
#(500 37 0 47)
#(500 38 0 84)
#(500 39 0 48)
#(500 40 0 24)
#(500 41 0 87)
#(500 42 1 95)
#(500 43 0 22)
#(500 44 0 65)
#(500 45 0 61)
#(500 46 0 0)
#(500 47 0 30)
#(500 48 0 60)
#(500 49 0 22)
#(500 50 0 29)
#(500 51 0 3)
#(500 52 1 85)
#(500 53 0 13)
#(500 54 0 64)
#(500 55 1 41)
#(500 56 0 35)
#(500 57 1 8)
#(500 58 0 89)
#(500 59 0 19)
#(500 60 0 14)
#(500 61 1 76)
#(500 62 1 47)
#(500 63 0 67)
#(500 64 1 84)
#(500 65 1 3)
#(500 66 0 73)
#(500 67 0 82)
#(500 68 0 95)
#(500 69 0 37)
#(501 1 0 87)
#(501 2 1 87)
#(501 3 0 45)
#(501 4 0 39)
#(501 5 1 5)
#(501 6 0 70)
#(501 7 0 54)
#(501 8 0 65)
#(501 9 0 76)
#(501 10 0 23)
#(501 11 1 16)
#(501 12 1 56)
#(501 13 0 76)
#(501 14 1 52)
#(501 15 0 3)
#(501 16 0 5)
#(501 17 1 68)
#(501 18 0 61)
#(501 19 0 85)
#(501 20 0 32)
#(501 21 0 62)
#(501 22 0 76)
#(501 23 0 13)
#(501 24 0 36)
#(501 25 1 75)
#(501 26 0 38)
#(501 27 1 53)
#(501 28 1 66)
#(501 29 0 78)
#(501 30 1 10)
#(501 31 1 72)
#(501 32 0 44)
#(501 33 0 74)
#(501 34 1 22)
#(501 35 1 59)
#(501 36 1 74)
#(501 37 0 33)
#(501 38 0 15)
#(501 39 1 77)
#(501 40 0 84)
#(501 41 1 28)
#(501 42 0 68)
#(501 43 1 11)
#(501 44 1 78)
#(501 45 1 74)
#(501 46 0 84)
#(501 47 1 40)
#(501 48 0 29)
#(501 49 0 9)
#(501 50 1 4)
#(501 51 0 62)
#(501 52 0 15)
#(501 53 0 45)
#(501 54 1 91)
#(501 55 1 95)
#(501 56 0 50)
#(501 57 1 78)
#(501 58 1 69)
#(501 59 0 89)
#(501 60 0 1)
#(501 61 0 92)
#(501 62 0 11)
#(501 63 0 51)
#(501 64 1 47)
#(501 65 0 37)
#(501 66 0 52)
#(501 67 1 71)
#(501 68 1 9)
#(501 69 0 94)
#(502 1 1 9)
#(502 2 1 12)
#(502 3 0 57)
#(502 4 1 76)
#(502 5 1 45)
#(502 6 0 52)
#(502 7 0 59)
#(502 8 0 0)
#(502 9 1 39)
#(502 10 0 58)
#(502 11 0 76)
#(502 12 0 92)
#(502 13 0 54)
#(502 14 0 63)
#(502 15 1 34)
#(502 16 0 3)
#(502 17 0 69)
#(502 18 0 87)
#(502 19 0 93)
#(502 20 1 24)
#(502 21 1 16)
#(502 22 1 35)
#(502 23 0 45)
#(502 24 0 80)
#(502 25 0 19)
#(502 26 0 23)
#(502 27 1 23)
#(502 28 1 37)
#(502 29 0 6)
#(502 30 0 94)
#(502 31 0 40)
#(502 32 0 83)
#(502 33 1 6)
#(502 34 0 56)
#(502 35 0 69)
#(502 36 0 87)
#(502 37 0 54)
#(502 38 0 67)
#(502 39 0 15)
#(502 40 0 46)
#(502 41 0 17)
#(502 42 0 84)
#(502 43 0 74)
#(502 44 0 94)
#(502 45 1 78)
#(502 46 0 8)
#(502 47 0 61)
#(502 48 1 57)
#(502 49 1 51)
#(502 50 0 56)
#(502 51 0 22)
#(502 52 1 34)
#(502 53 1 36)
#(502 54 0 27)
#(502 55 1 86)
#(502 56 1 19)
#(502 57 1 11)
#(502 58 1 28)
#(502 59 1 9)
#(502 60 0 35)
#(502 61 1 19)
#(502 62 0 5)
#(502 63 1 59)
#(502 64 0 67)
#(502 65 0 20)
#(502 66 1 3)
#(502 67 1 97)
#(502 68 0 21)
#(502 69 0 65)
#(503 1 0 92)
#(503 2 0 88)
#(503 3 1 45)
#(503 4 0 19)
#(503 5 0 12)
#(503 6 0 17)
#(503 7 1 46)
#(503 8 1 54)
#(503 9 0 45)
#(503 10 1 35)
#(503 11 1 48)
#(503 12 0 44)
#(503 13 0 39)
#(503 14 1 74)
#(503 15 0 8)
#(503 16 0 9)
#(503 17 0 46)
#(503 18 0 3)
#(503 19 0 82)
#(503 20 1 6)
#(503 21 1 14)
#(503 22 0 90)
#(503 23 1 40)
#(503 24 1 27)
#(503 25 0 10)
#(503 26 0 71)
#(503 27 0 1)
#(503 28 0 14)
#(503 29 1 23)
#(503 30 0 76)
#(503 31 0 24)
#(503 32 0 4)
#(503 33 0 69)
#(503 34 0 62)
#(503 35 0 18)
#(503 36 0 18)
#(503 37 1 16)
#(503 38 0 15)
#(503 39 0 53)
#(503 40 1 31)
#(503 41 0 91)
#(503 42 0 45)
#(503 43 1 11)
#(503 44 0 70)
#(503 45 1 94)
#(503 46 0 10)
#(503 47 0 62)
#(503 48 1 78)
#(503 49 1 81)
#(503 50 0 40)
#(503 51 0 58)
#(503 52 0 4)
#(503 53 0 20)
#(503 54 0 23)
#(503 55 1 88)
#(503 56 0 88)
#(503 57 0 50)
#(503 58 1 59)
#(503 59 1 75)
#(503 60 0 12)
#(503 61 0 80)
#(503 62 1 2)
#(503 63 0 30)
#(503 64 0 48)
#(503 65 0 79)
#(503 66 0 95)
#(503 67 0 51)
#(503 68 0 55)
#(503 69 0 1)
#(504 1 0 72)
#(504 2 1 36)
#(504 3 0 16)
#(504 4 0 92)
#(504 5 1 59)
#(504 6 0 82)
#(504 7 1 42)
#(504 8 1 77)
#(504 9 1 63)
#(504 10 0 12)
#(504 11 0 18)
#(504 12 0 19)
#(504 13 0 12)
#(504 14 0 80)
#(504 15 0 40)
#(504 16 0 83)
#(504 17 0 64)
#(504 18 0 48)
#(504 19 0 36)
#(504 20 0 20)
#(504 21 0 60)
#(504 22 0 84)
#(504 23 0 38)
#(504 24 0 71)
#(504 25 0 45)
#(504 26 0 4)
#(504 27 1 62)
#(504 28 0 94)
#(504 29 0 87)
#(504 30 1 93)
#(504 31 1 55)
#(504 32 1 68)
#(504 33 1 91)
#(504 34 0 92)
#(504 35 0 81)
#(504 36 0 3)
#(504 37 1 59)
#(504 38 1 35)
#(504 39 1 61)
#(504 40 0 40)
#(504 41 0 29)
#(504 42 1 58)
#(504 43 1 18)
#(504 44 0 63)
#(504 45 0 22)
#(504 46 1 96)
#(504 47 0 66)
#(504 48 1 71)
#(504 49 0 40)
#(504 50 0 47)
#(504 51 0 43)
#(504 52 0 16)
#(504 53 0 67)
#(504 54 0 16)
#(504 55 0 81)
#(504 56 0 87)
#(504 57 0 3)
#(504 58 0 92)
#(504 59 0 45)
#(504 60 0 61)
#(504 61 0 58)
#(504 62 1 85)
#(504 63 0 72)
#(504 64 0 16)
#(504 65 0 98)
#(504 66 0 89)
#(504 67 1 4)
#(504 68 0 4)
#(504 69 0 13)
#(505 1 1 28)
#(505 2 1 48)
#(505 3 1 61)
#(505 4 0 72)
#(505 5 1 16)
#(505 6 0 6)
#(505 7 0 75)
#(505 8 0 13)
#(505 9 0 50)
#(505 10 1 56)
#(505 11 1 39)
#(505 12 1 37)
#(505 13 0 22)
#(505 14 0 24)
#(505 15 0 12)
#(505 16 0 69)
#(505 17 0 72)
#(505 18 0 78)
#(505 19 0 5)
#(505 20 1 64)
#(505 21 0 13)
#(505 22 1 13)
#(505 23 1 0)
#(505 24 0 65)
#(505 25 0 4)
#(505 26 0 59)
#(505 27 1 52)
#(505 28 1 92)
#(505 29 1 80)
#(505 30 1 17)
#(505 31 0 36)
#(505 32 1 62)
#(505 33 0 93)
#(505 34 0 88)
#(505 35 0 92)
#(505 36 0 58)
#(505 37 1 55)
#(505 38 0 89)
#(505 39 1 44)
#(505 40 1 39)
#(505 41 0 94)
#(505 42 0 40)
#(505 43 1 13)
#(505 44 0 16)
#(505 45 0 98)
#(505 46 1 59)
#(505 47 0 53)
#(505 48 1 94)
#(505 49 0 15)
#(505 50 0 34)
#(505 51 1 96)
#(505 52 1 11)
#(505 53 1 60)
#(505 54 0 3)
#(505 55 1 37)
#(505 56 0 37)
#(505 57 1 38)
#(505 58 0 62)
#(505 59 1 48)
#(505 60 1 29)
#(505 61 0 43)
#(505 62 0 5)
#(505 63 0 58)
#(505 64 1 47)
#(505 65 0 38)
#(505 66 0 11)
#(505 67 1 39)
#(505 68 1 13)
#(505 69 1 79)
#(506 1 0 16)
#(506 2 0 73)
#(506 3 0 70)
#(506 4 1 32)
#(506 5 0 60)
#(506 6 0 96)
#(506 7 0 48)
#(506 8 0 98)
#(506 9 0 36)
#(506 10 0 85)
#(506 11 1 1)
#(506 12 0 31)
#(506 13 1 51)
#(506 14 0 75)
#(506 15 1 35)
#(506 16 0 41)
#(506 17 0 98)
#(506 18 0 59)
#(506 19 0 38)
#(506 20 0 92)
#(506 21 1 40)
#(506 22 1 98)
#(506 23 0 14)
#(506 24 0 44)
#(506 25 0 7)
#(506 26 1 37)
#(506 27 0 41)
#(506 28 1 77)
#(506 29 0 85)
#(506 30 0 60)
#(506 31 0 7)
#(506 32 0 15)
#(506 33 0 68)
#(506 34 0 2)
#(506 35 0 11)
#(506 36 0 72)
#(506 37 0 52)
#(506 38 0 5)
#(506 39 0 84)
#(506 40 1 60)
#(506 41 1 29)
#(506 42 0 96)
#(506 43 1 73)
#(506 44 0 26)
#(506 45 0 0)
#(506 46 1 52)
#(506 47 0 85)
#(506 48 0 34)
#(506 49 0 86)
#(506 50 1 93)
#(506 51 0 51)
#(506 52 0 7)
#(506 53 0 7)
#(506 54 1 27)
#(506 55 1 38)
#(506 56 0 33)
#(506 57 1 52)
#(506 58 1 53)
#(506 59 0 25)
#(506 60 0 89)
#(506 61 0 53)
#(506 62 0 92)
#(506 63 0 59)
#(506 64 0 37)
#(506 65 1 80)
#(506 66 0 44)
#(506 67 0 48)
#(506 68 1 25)
#(506 69 0 52)
#(507 1 0 19)
#(507 2 0 41)
#(507 3 1 94)
#(507 4 0 88)
#(507 5 0 96)
#(507 6 0 59)
#(507 7 0 45)
#(507 8 0 2)
#(507 9 1 29)
#(507 10 1 39)
#(507 11 0 73)
#(507 12 0 33)
#(507 13 0 9)
#(507 14 0 88)
#(507 15 0 9)
#(507 16 0 3)
#(507 17 0 96)
#(507 18 1 25)
#(507 19 1 53)
#(507 20 0 23)
#(507 21 0 40)
#(507 22 0 75)
#(507 23 0 95)
#(507 24 0 72)
#(507 25 1 6)
#(507 26 1 78)
#(507 27 0 18)
#(507 28 0 79)
#(507 29 0 57)
#(507 30 1 32)
#(507 31 0 6)
#(507 32 0 29)
#(507 33 0 74)
#(507 34 1 19)
#(507 35 0 64)
#(507 36 1 71)
#(507 37 1 8)
#(507 38 0 21)
#(507 39 1 15)
#(507 40 1 46)
#(507 41 1 10)
#(507 42 0 95)
#(507 43 0 58)
#(507 44 0 88)
#(507 45 0 47)
#(507 46 0 34)
#(507 47 0 88)
#(507 48 0 89)
#(507 49 0 61)
#(507 50 0 8)
#(507 51 1 86)
#(507 52 0 34)
#(507 53 1 45)
#(507 54 0 85)
#(507 55 1 68)
#(507 56 0 94)
#(507 57 0 75)
#(507 58 0 14)
#(507 59 0 90)
#(507 60 0 46)
#(507 61 1 34)
#(507 62 1 67)
#(507 63 1 77)
#(507 64 0 39)
#(507 65 0 61)
#(507 66 1 37)
#(507 67 0 84)
#(507 68 0 82)
#(507 69 0 96)
#(508 1 0 17)
#(508 2 0 11)
#(508 3 0 23)
#(508 4 0 42)
#(508 5 1 1)
#(508 6 1 84)
#(508 7 0 17)
#(508 8 0 81)
#(508 9 1 97)
#(508 10 0 97)
#(508 11 1 65)
#(508 12 0 34)
#(508 13 1 36)
#(508 14 0 14)
#(508 15 1 49)
#(508 16 0 11)
#(508 17 0 7)
#(508 18 0 60)
#(508 19 0 67)
#(508 20 0 84)
#(508 21 1 41)
#(508 22 0 55)
#(508 23 1 15)
#(508 24 0 18)
#(508 25 0 44)
#(508 26 0 12)
#(508 27 0 10)
#(508 28 1 62)
#(508 29 1 2)
#(508 30 0 52)
#(508 31 1 50)
#(508 32 0 13)
#(508 33 0 7)
#(508 34 0 53)
#(508 35 0 92)
#(508 36 1 78)
#(508 37 1 89)
#(508 38 0 8)
#(508 39 0 49)
#(508 40 0 87)
#(508 41 1 6)
#(508 42 0 75)
#(508 43 0 14)
#(508 44 0 80)
#(508 45 1 94)
#(508 46 1 12)
#(508 47 0 11)
#(508 48 0 92)
#(508 49 0 14)
#(508 50 0 64)
#(508 51 1 58)
#(508 52 1 51)
#(508 53 0 71)
#(508 54 0 93)
#(508 55 1 81)
#(508 56 1 46)
#(508 57 0 78)
#(508 58 0 75)
#(508 59 1 48)
#(508 60 1 7)
#(508 61 1 93)
#(508 62 0 98)
#(508 63 0 22)
#(508 64 1 71)
#(508 65 0 80)
#(508 66 0 23)
#(508 67 0 69)
#(508 68 1 65)
#(508 69 1 57)
#(509 1 1 26)
#(509 2 0 58)
#(509 3 0 54)
#(509 4 0 14)
#(509 5 1 93)
#(509 6 0 70)
#(509 7 0 40)
#(509 8 0 64)
#(509 9 0 60)
#(509 10 0 2)
#(509 11 0 85)
#(509 12 0 1)
#(509 13 0 86)
#(509 14 0 5)
#(509 15 0 80)
#(509 16 0 84)
#(509 17 1 19)
#(509 18 0 49)
#(509 19 0 17)
#(509 20 0 94)
#(509 21 0 43)
#(509 22 0 67)
#(509 23 0 56)
#(509 24 0 84)
#(509 25 0 67)
#(509 26 0 87)
#(509 27 0 43)
#(509 28 0 17)
#(509 29 1 8)
#(509 30 0 34)
#(509 31 1 58)
#(509 32 0 57)
#(509 33 0 84)
#(509 34 0 68)
#(509 35 1 12)
#(509 36 0 38)
#(509 37 0 38)
#(509 38 0 18)
#(509 39 0 72)
#(509 40 1 91)
#(509 41 0 90)
#(509 42 1 32)
#(509 43 0 94)
#(509 44 0 0)
#(509 45 0 61)
#(509 46 0 92)
#(509 47 1 39)
#(509 48 1 86)
#(509 49 0 46)
#(509 50 0 94)
#(509 51 0 78)
#(509 52 1 19)
#(509 53 0 35)
#(509 54 0 47)
#(509 55 1 10)
#(509 56 1 75)
#(509 57 0 15)
#(509 58 1 28)
#(509 59 0 83)
#(509 60 0 58)
#(509 61 0 68)
#(509 62 0 73)
#(509 63 0 60)
#(509 64 0 19)
#(509 65 0 17)
#(509 66 0 80)
#(509 67 0 84)
#(509 68 0 22)
#(509 69 0 4)
#(510 1 0 4)
#(510 2 1 25)
#(510 3 0 97)
#(510 4 1 43)
#(510 5 0 43)
#(510 6 1 12)
#(510 7 0 17)
#(510 8 0 75)
#(510 9 0 53)
#(510 10 1 56)
#(510 11 0 93)
#(510 12 1 90)
#(510 13 0 56)
#(510 14 1 52)
#(510 15 0 7)
#(510 16 0 77)
#(510 17 0 17)
#(510 18 0 37)
#(510 19 1 60)
#(510 20 0 40)
#(510 21 1 83)
#(510 22 1 77)
#(510 23 0 21)
#(510 24 0 32)
#(510 25 0 44)
#(510 26 0 85)
#(510 27 0 96)
#(510 28 0 0)
#(510 29 0 25)
#(510 30 0 72)
#(510 31 0 17)
#(510 32 0 22)
#(510 33 0 87)
#(510 34 0 28)
#(510 35 0 97)
#(510 36 0 64)
#(510 37 1 51)
#(510 38 0 32)
#(510 39 1 9)
#(510 40 0 27)
#(510 41 0 88)
#(510 42 1 51)
#(510 43 0 41)
#(510 44 0 86)
#(510 45 0 52)
#(510 46 0 67)
#(510 47 0 87)
#(510 48 1 92)
#(510 49 1 58)
#(510 50 0 36)
#(510 51 0 18)
#(510 52 0 41)
#(510 53 0 54)
#(510 54 0 13)
#(510 55 1 21)
#(510 56 1 14)
#(510 57 1 60)
#(510 58 0 46)
#(510 59 1 39)
#(510 60 0 37)
#(510 61 1 43)
#(510 62 1 52)
#(510 63 0 2)
#(510 64 0 8)
#(510 65 0 8)
#(510 66 1 19)
#(510 67 0 61)
#(510 68 0 20)
#(510 69 0 97)
#(511 1 0 88)
#(511 2 0 69)
#(511 3 0 6)
#(511 4 0 25)
#(511 5 0 84)
#(511 6 0 12)
#(511 7 0 35)
#(511 8 1 22)
#(511 9 1 33)
#(511 10 0 44)
#(511 11 0 8)
#(511 12 0 39)
#(511 13 0 16)
#(511 14 1 23)
#(511 15 1 83)
#(511 16 0 24)
#(511 17 1 81)
#(511 18 0 35)
#(511 19 1 56)
#(511 20 0 4)
#(511 21 0 68)
#(511 22 0 82)
#(511 23 1 72)
#(511 24 0 89)
#(511 25 1 11)
#(511 26 0 10)
#(511 27 0 36)
#(511 28 0 77)
#(511 29 0 80)
#(511 30 0 81)
#(511 31 1 32)
#(511 32 0 42)
#(511 33 1 10)
#(511 34 0 47)
#(511 35 0 2)
#(511 36 1 87)
#(511 37 1 34)
#(511 38 0 4)
#(511 39 0 78)
#(511 40 0 91)
#(511 41 0 26)
#(511 42 1 6)
#(511 43 1 95)
#(511 44 0 70)
#(511 45 1 4)
#(511 46 0 90)
#(511 47 0 14)
#(511 48 0 4)
#(511 49 1 97)
#(511 50 0 74)
#(511 51 1 1)
#(511 52 0 65)
#(511 53 1 32)
#(511 54 0 77)
#(511 55 0 17)
#(511 56 1 58)
#(511 57 0 97)
#(511 58 0 0)
#(511 59 1 40)
#(511 60 0 0)
#(511 61 1 16)
#(511 62 0 83)
#(511 63 0 48)
#(511 64 1 66)
#(511 65 0 9)
#(511 66 1 94)
#(511 67 0 30)
#(511 68 1 98)
#(511 69 0 95)
#(512 1 1 5)
#(512 2 0 89)
#(512 3 1 63)
#(512 4 0 12)
#(512 5 0 75)
#(512 6 0 33)
#(512 7 0 87)
#(512 8 1 77)
#(512 9 0 36)
#(512 10 0 80)
#(512 11 0 6)
#(512 12 0 50)
#(512 13 1 92)
#(512 14 1 78)
#(512 15 0 7)
#(512 16 1 32)
#(512 17 0 28)
#(512 18 1 14)
#(512 19 0 41)
#(512 20 0 4)
#(512 21 0 32)
#(512 22 0 40)
#(512 23 0 20)
#(512 24 1 43)
#(512 25 0 46)
#(512 26 0 32)
#(512 27 0 14)
#(512 28 1 93)
#(512 29 0 26)
#(512 30 0 93)
#(512 31 0 5)
#(512 32 0 9)
#(512 33 1 4)
#(512 34 0 4)
#(512 35 0 35)
#(512 36 1 84)
#(512 37 0 80)
#(512 38 0 92)
#(512 39 0 59)
#(512 40 0 23)
#(512 41 1 67)
#(512 42 0 88)
#(512 43 0 43)
#(512 44 0 72)
#(512 45 0 17)
#(512 46 1 31)
#(512 47 0 47)
#(512 48 1 66)
#(512 49 0 67)
#(512 50 1 23)
#(512 51 1 3)
#(512 52 0 66)
#(512 53 0 90)
#(512 54 0 86)
#(512 55 0 85)
#(512 56 0 12)
#(512 57 1 60)
#(512 58 0 75)
#(512 59 0 45)
#(512 60 0 98)
#(512 61 1 18)
#(512 62 1 58)
#(512 63 0 28)
#(512 64 0 13)
#(512 65 0 27)
#(512 66 0 54)
#(512 67 0 41)
#(512 68 0 33)
#(512 69 0 41)
#(513 1 0 50)
#(513 2 1 14)
#(513 3 0 18)
#(513 4 0 0)
#(513 5 1 76)
#(513 6 0 47)
#(513 7 0 45)
#(513 8 0 3)
#(513 9 0 54)
#(513 10 1 80)
#(513 11 1 55)
#(513 12 0 51)
#(513 13 1 24)
#(513 14 1 83)
#(513 15 0 1)
#(513 16 0 12)
#(513 17 1 41)
#(513 18 0 47)
#(513 19 1 54)
#(513 20 0 98)
#(513 21 1 40)
#(513 22 0 26)
#(513 23 0 53)
#(513 24 0 25)
#(513 25 0 64)
#(513 26 0 40)
#(513 27 0 15)
#(513 28 1 90)
#(513 29 0 52)
#(513 30 0 13)
#(513 31 0 34)
#(513 32 0 75)
#(513 33 0 25)
#(513 34 1 3)
#(513 35 1 37)
#(513 36 1 90)
#(513 37 0 23)
#(513 38 0 19)
#(513 39 0 13)
#(513 40 1 12)
#(513 41 1 62)
#(513 42 0 7)
#(513 43 1 71)
#(513 44 1 79)
#(513 45 1 57)
#(513 46 0 34)
#(513 47 1 49)
#(513 48 0 47)
#(513 49 0 71)
#(513 50 1 74)
#(513 51 0 47)
#(513 52 0 23)
#(513 53 0 26)
#(513 54 0 35)
#(513 55 0 59)
#(513 56 0 20)
#(513 57 0 53)
#(513 58 0 63)
#(513 59 0 96)
#(513 60 0 87)
#(513 61 0 80)
#(513 62 1 76)
#(513 63 0 68)
#(513 64 0 19)
#(513 65 0 41)
#(513 66 1 74)
#(513 67 0 88)
#(513 68 1 12)
#(513 69 0 69)
#(514 1 0 2)
#(514 2 0 39)
#(514 3 1 22)
#(514 4 0 87)
#(514 5 0 1)
#(514 6 0 13)
#(514 7 0 43)
#(514 8 0 77)
#(514 9 0 59)
#(514 10 0 66)
#(514 11 0 53)
#(514 12 0 80)
#(514 13 0 2)
#(514 14 0 15)
#(514 15 0 10)
#(514 16 1 56)
#(514 17 0 4)
#(514 18 0 5)
#(514 19 1 64)
#(514 20 1 24)
#(514 21 1 95)
#(514 22 0 43)
#(514 23 1 98)
#(514 24 0 15)
#(514 25 0 68)
#(514 26 0 64)
#(514 27 0 74)
#(514 28 0 15)
#(514 29 1 91)
#(514 30 0 64)
#(514 31 0 33)
#(514 32 0 76)
#(514 33 1 73)
#(514 34 0 72)
#(514 35 0 51)
#(514 36 0 93)
#(514 37 1 97)
#(514 38 0 85)
#(514 39 1 89)
#(514 40 0 41)
#(514 41 0 8)
#(514 42 1 20)
#(514 43 0 1)
#(514 44 1 51)
#(514 45 0 97)
#(514 46 0 45)
#(514 47 0 2)
#(514 48 0 97)
#(514 49 0 66)
#(514 50 0 3)
#(514 51 0 98)
#(514 52 1 17)
#(514 53 0 63)
#(514 54 1 85)
#(514 55 1 19)
#(514 56 1 68)
#(514 57 0 70)
#(514 58 1 61)
#(514 59 1 87)
#(514 60 0 67)
#(514 61 0 52)
#(514 62 0 33)
#(514 63 0 39)
#(514 64 0 0)
#(514 65 0 77)
#(514 66 0 53)
#(514 67 0 17)
#(514 68 0 23)
#(514 69 0 6)
#(515 1 1 20)
#(515 2 0 29)
#(515 3 0 15)
#(515 4 0 66)
#(515 5 0 20)
#(515 6 0 9)
#(515 7 0 26)
#(515 8 0 56)
#(515 9 0 32)
#(515 10 0 84)
#(515 11 0 95)
#(515 12 0 56)
#(515 13 0 48)
#(515 14 0 63)
#(515 15 0 18)
#(515 16 1 92)
#(515 17 0 84)
#(515 18 0 20)
#(515 19 0 68)
#(515 20 0 82)
#(515 21 0 5)
#(515 22 0 44)
#(515 23 0 61)
#(515 24 0 52)
#(515 25 0 37)
#(515 26 1 68)
#(515 27 0 94)
#(515 28 1 61)
#(515 29 1 26)
#(515 30 0 18)
#(515 31 0 61)
#(515 32 0 47)
#(515 33 0 6)
#(515 34 1 43)
#(515 35 0 9)
#(515 36 0 94)
#(515 37 0 76)
#(515 38 0 11)
#(515 39 0 2)
#(515 40 1 22)
#(515 41 0 53)
#(515 42 0 91)
#(515 43 0 47)
#(515 44 0 7)
#(515 45 0 2)
#(515 46 0 37)
#(515 47 1 87)
#(515 48 0 13)
#(515 49 0 31)
#(515 50 0 35)
#(515 51 0 49)
#(515 52 0 11)
#(515 53 0 62)
#(515 54 1 95)
#(515 55 1 60)
#(515 56 1 67)
#(515 57 1 31)
#(515 58 1 78)
#(515 59 1 42)
#(515 60 1 53)
#(515 61 0 0)
#(515 62 0 32)
#(515 63 1 35)
#(515 64 1 16)
#(515 65 0 63)
#(515 66 1 39)
#(515 67 1 36)
#(515 68 0 74)
#(515 69 0 74)
#(516 1 0 38)
#(516 2 0 59)
#(516 3 0 26)
#(516 4 0 56)
#(516 5 1 27)
#(516 6 0 81)
#(516 7 1 89)
#(516 8 0 8)
#(516 9 0 11)
#(516 10 0 21)
#(516 11 0 82)
#(516 12 1 68)
#(516 13 1 62)
#(516 14 0 73)
#(516 15 0 84)
#(516 16 1 65)
#(516 17 1 6)
#(516 18 0 24)
#(516 19 1 57)
#(516 20 0 41)
#(516 21 1 34)
#(516 22 1 3)
#(516 23 1 60)
#(516 24 1 9)
#(516 25 0 55)
#(516 26 1 25)
#(516 27 0 69)
#(516 28 1 25)
#(516 29 0 18)
#(516 30 0 97)
#(516 31 1 91)
#(516 32 0 84)
#(516 33 0 30)
#(516 34 0 10)
#(516 35 0 64)
#(516 36 1 85)
#(516 37 0 20)
#(516 38 1 84)
#(516 39 1 78)
#(516 40 0 22)
#(516 41 1 71)
#(516 42 0 24)
#(516 43 0 38)
#(516 44 0 48)
#(516 45 1 5)
#(516 46 0 80)
#(516 47 0 97)
#(516 48 1 76)
#(516 49 0 26)
#(516 50 0 9)
#(516 51 0 97)
#(516 52 0 39)
#(516 53 0 24)
#(516 54 1 95)
#(516 55 1 89)
#(516 56 1 21)
#(516 57 0 52)
#(516 58 0 17)
#(516 59 0 42)
#(516 60 1 52)
#(516 61 0 70)
#(516 62 1 88)
#(516 63 1 38)
#(516 64 1 82)
#(516 65 1 75)
#(516 66 0 72)
#(516 67 0 85)
#(516 68 0 23)
#(516 69 1 3)
#(517 1 0 32)
#(517 2 0 25)
#(517 3 0 75)
#(517 4 1 28)
#(517 5 1 23)
#(517 6 1 69)
#(517 7 0 1)
#(517 8 1 20)
#(517 9 1 58)
#(517 10 1 71)
#(517 11 0 79)
#(517 12 0 94)
#(517 13 0 18)
#(517 14 0 41)
#(517 15 0 59)
#(517 16 1 97)
#(517 17 0 96)
#(517 18 0 93)
#(517 19 0 56)
#(517 20 1 34)
#(517 21 1 62)
#(517 22 1 81)
#(517 23 1 75)
#(517 24 0 96)
#(517 25 0 37)
#(517 26 1 40)
#(517 27 0 16)
#(517 28 0 67)
#(517 29 1 67)
#(517 30 0 11)
#(517 31 0 61)
#(517 32 0 10)
#(517 33 1 61)
#(517 34 0 76)
#(517 35 1 64)
#(517 36 0 50)
#(517 37 0 96)
#(517 38 0 21)
#(517 39 0 44)
#(517 40 0 12)
#(517 41 1 37)
#(517 42 1 50)
#(517 43 0 98)
#(517 44 0 60)
#(517 45 0 52)
#(517 46 0 92)
#(517 47 0 26)
#(517 48 1 33)
#(517 49 0 73)
#(517 50 0 48)
#(517 51 0 33)
#(517 52 0 69)
#(517 53 0 76)
#(517 54 0 11)
#(517 55 1 54)
#(517 56 1 54)
#(517 57 1 58)
#(517 58 0 15)
#(517 59 0 71)
#(517 60 0 96)
#(517 61 0 51)
#(517 62 1 83)
#(517 63 1 95)
#(517 64 0 8)
#(517 65 0 54)
#(517 66 0 9)
#(517 67 0 51)
#(517 68 0 37)
#(517 69 0 28)
#(518 1 0 18)
#(518 2 1 6)
#(518 3 0 35)
#(518 4 0 16)
#(518 5 0 17)
#(518 6 0 39)
#(518 7 0 29)
#(518 8 0 6)
#(518 9 0 19)
#(518 10 0 12)
#(518 11 0 23)
#(518 12 1 31)
#(518 13 0 43)
#(518 14 1 47)
#(518 15 0 12)
#(518 16 0 55)
#(518 17 0 18)
#(518 18 1 68)
#(518 19 1 26)
#(518 20 0 42)
#(518 21 0 43)
#(518 22 1 88)
#(518 23 0 56)
#(518 24 0 57)
#(518 25 0 30)
#(518 26 1 46)
#(518 27 0 45)
#(518 28 0 61)
#(518 29 1 83)
#(518 30 0 9)
#(518 31 0 7)
#(518 32 0 85)
#(518 33 1 15)
#(518 34 1 71)
#(518 35 0 27)
#(518 36 0 1)
#(518 37 0 30)
#(518 38 1 55)
#(518 39 0 43)
#(518 40 0 71)
#(518 41 0 84)
#(518 42 0 21)
#(518 43 1 92)
#(518 44 0 95)
#(518 45 0 9)
#(518 46 0 63)
#(518 47 0 52)
#(518 48 0 20)
#(518 49 1 69)
#(518 50 0 33)
#(518 51 1 20)
#(518 52 1 61)
#(518 53 1 80)
#(518 54 1 84)
#(518 55 0 84)
#(518 56 1 74)
#(518 57 1 61)
#(518 58 0 3)
#(518 59 0 33)
#(518 60 0 34)
#(518 61 0 36)
#(518 62 0 79)
#(518 63 0 22)
#(518 64 0 34)
#(518 65 0 74)
#(518 66 1 67)
#(518 67 1 67)
#(518 68 0 87)
#(518 69 1 95)
#(519 1 0 41)
#(519 2 0 75)
#(519 3 0 82)
#(519 4 0 1)
#(519 5 0 95)
#(519 6 1 36)
#(519 7 1 13)
#(519 8 0 61)
#(519 9 0 43)
#(519 10 0 3)
#(519 11 1 84)
#(519 12 0 47)
#(519 13 0 34)
#(519 14 0 86)
#(519 15 1 3)
#(519 16 0 78)
#(519 17 0 10)
#(519 18 1 21)
#(519 19 0 46)
#(519 20 1 87)
#(519 21 0 93)
#(519 22 1 41)
#(519 23 1 93)
#(519 24 0 83)
#(519 25 0 55)
#(519 26 0 22)
#(519 27 0 61)
#(519 28 0 64)
#(519 29 0 58)
#(519 30 0 64)
#(519 31 0 49)
#(519 32 1 52)
#(519 33 0 47)
#(519 34 0 54)
#(519 35 1 75)
#(519 36 0 13)
#(519 37 1 48)
#(519 38 0 82)
#(519 39 0 78)
#(519 40 0 78)
#(519 41 1 91)
#(519 42 0 4)
#(519 43 1 48)
#(519 44 1 11)
#(519 45 0 94)
#(519 46 0 64)
#(519 47 0 32)
#(519 48 0 44)
#(519 49 0 26)
#(519 50 0 94)
#(519 51 1 95)
#(519 52 1 65)
#(519 53 0 82)
#(519 54 0 30)
#(519 55 1 24)
#(519 56 1 60)
#(519 57 1 94)
#(519 58 0 0)
#(519 59 0 33)
#(519 60 1 82)
#(519 61 1 71)
#(519 62 0 57)
#(519 63 0 61)
#(519 64 1 91)
#(519 65 0 25)
#(519 66 0 13)
#(519 67 0 72)
#(519 68 1 5)
#(519 69 0 22)
#(520 1 0 86)
#(520 2 1 89)
#(520 3 0 91)
#(520 4 0 29)
#(520 5 0 46)
#(520 6 1 18)
#(520 7 1 88)
#(520 8 0 63)
#(520 9 1 53)
#(520 10 0 72)
#(520 11 0 14)
#(520 12 1 14)
#(520 13 1 38)
#(520 14 0 74)
#(520 15 1 64)
#(520 16 0 84)
#(520 17 0 2)
#(520 18 0 80)
#(520 19 1 78)
#(520 20 1 56)
#(520 21 1 88)
#(520 22 1 80)
#(520 23 0 13)
#(520 24 0 53)
#(520 25 0 55)
#(520 26 0 49)
#(520 27 1 0)
#(520 28 0 88)
#(520 29 0 65)
#(520 30 0 98)
#(520 31 1 32)
#(520 32 0 70)
#(520 33 0 43)
#(520 34 0 24)
#(520 35 0 14)
#(520 36 0 90)
#(520 37 0 35)
#(520 38 1 45)
#(520 39 0 84)
#(520 40 1 26)
#(520 41 1 11)
#(520 42 1 18)
#(520 43 1 62)
#(520 44 0 97)
#(520 45 0 19)
#(520 46 1 38)
#(520 47 1 63)
#(520 48 0 18)
#(520 49 0 77)
#(520 50 0 38)
#(520 51 0 12)
#(520 52 0 60)
#(520 53 0 82)
#(520 54 0 96)
#(520 55 0 94)
#(520 56 1 41)
#(520 57 1 92)
#(520 58 0 56)
#(520 59 0 19)
#(520 60 0 14)
#(520 61 0 2)
#(520 62 0 16)
#(520 63 0 76)
#(520 64 1 65)
#(520 65 0 22)
#(520 66 0 41)
#(520 67 0 82)
#(520 68 1 51)
#(520 69 0 65)
#(521 1 0 2)
#(521 2 0 25)
#(521 3 1 47)
#(521 4 1 69)
#(521 5 0 63)
#(521 6 0 26)
#(521 7 0 5)
#(521 8 0 6)
#(521 9 1 47)
#(521 10 0 69)
#(521 11 0 67)
#(521 12 1 95)
#(521 13 0 49)
#(521 14 1 5)
#(521 15 0 69)
#(521 16 1 78)
#(521 17 1 76)
#(521 18 1 27)
#(521 19 1 68)
#(521 20 1 11)
#(521 21 0 45)
#(521 22 0 44)
#(521 23 0 47)
#(521 24 0 14)
#(521 25 0 86)
#(521 26 1 30)
#(521 27 0 29)
#(521 28 1 39)
#(521 29 1 12)
#(521 30 0 35)
#(521 31 1 69)
#(521 32 0 27)
#(521 33 1 67)
#(521 34 1 13)
#(521 35 0 33)
#(521 36 0 82)
#(521 37 0 66)
#(521 38 1 59)
#(521 39 1 40)
#(521 40 0 53)
#(521 41 0 88)
#(521 42 0 62)
#(521 43 0 84)
#(521 44 1 44)
#(521 45 0 40)
#(521 46 1 11)
#(521 47 1 8)
#(521 48 1 43)
#(521 49 0 67)
#(521 50 0 91)
#(521 51 0 84)
#(521 52 1 71)
#(521 53 1 15)
#(521 54 0 34)
#(521 55 1 55)
#(521 56 0 45)
#(521 57 0 60)
#(521 58 0 2)
#(521 59 1 94)
#(521 60 0 43)
#(521 61 0 69)
#(521 62 0 3)
#(521 63 1 64)
#(521 64 0 37)
#(521 65 1 51)
#(521 66 0 21)
#(521 67 0 20)
#(521 68 0 2)
#(521 69 1 32)
#(522 1 0 13)
#(522 2 1 94)
#(522 3 0 10)
#(522 4 1 27)
#(522 5 0 60)
#(522 6 0 2)
#(522 7 0 11)
#(522 8 0 22)
#(522 9 1 48)
#(522 10 0 88)
#(522 11 0 8)
#(522 12 1 51)
#(522 13 0 6)
#(522 14 0 15)
#(522 15 1 86)
#(522 16 0 52)
#(522 17 0 56)
#(522 18 0 85)
#(522 19 1 62)
#(522 20 0 86)
#(522 21 1 46)
#(522 22 1 85)
#(522 23 1 28)
#(522 24 0 90)
#(522 25 0 38)
#(522 26 0 12)
#(522 27 0 93)
#(522 28 1 36)
#(522 29 0 6)
#(522 30 0 86)
#(522 31 1 63)
#(522 32 1 17)
#(522 33 0 36)
#(522 34 0 73)
#(522 35 1 61)
#(522 36 1 81)
#(522 37 0 20)
#(522 38 0 83)
#(522 39 0 58)
#(522 40 0 33)
#(522 41 1 87)
#(522 42 0 80)
#(522 43 0 83)
#(522 44 1 50)
#(522 45 0 96)
#(522 46 0 29)
#(522 47 0 74)
#(522 48 0 96)
#(522 49 0 51)
#(522 50 0 62)
#(522 51 1 57)
#(522 52 0 52)
#(522 53 0 24)
#(522 54 1 22)
#(522 55 1 77)
#(522 56 0 92)
#(522 57 0 56)
#(522 58 0 66)
#(522 59 0 57)
#(522 60 0 43)
#(522 61 0 39)
#(522 62 1 95)
#(522 63 0 17)
#(522 64 0 72)
#(522 65 1 9)
#(522 66 1 48)
#(522 67 0 86)
#(522 68 0 20)
#(522 69 1 51)
#(523 1 0 93)
#(523 2 0 28)
#(523 3 1 7)
#(523 4 0 59)
#(523 5 1 88)
#(523 6 0 4)
#(523 7 1 60)
#(523 8 0 0)
#(523 9 0 48)
#(523 10 1 48)
#(523 11 0 43)
#(523 12 0 25)
#(523 13 1 2)
#(523 14 0 68)
#(523 15 0 42)
#(523 16 0 82)
#(523 17 0 58)
#(523 18 0 24)
#(523 19 0 66)
#(523 20 1 14)
#(523 21 1 14)
#(523 22 0 54)
#(523 23 0 29)
#(523 24 0 78)
#(523 25 1 55)
#(523 26 0 64)
#(523 27 1 92)
#(523 28 0 92)
#(523 29 0 40)
#(523 30 0 45)
#(523 31 0 92)
#(523 32 1 64)
#(523 33 0 89)
#(523 34 0 69)
#(523 35 1 55)
#(523 36 0 91)
#(523 37 0 70)
#(523 38 1 95)
#(523 39 0 3)
#(523 40 0 89)
#(523 41 0 65)
#(523 42 1 21)
#(523 43 0 62)
#(523 44 0 63)
#(523 45 0 53)
#(523 46 0 29)
#(523 47 1 27)
#(523 48 0 60)
#(523 49 0 37)
#(523 50 0 42)
#(523 51 0 29)
#(523 52 0 1)
#(523 53 0 40)
#(523 54 1 8)
#(523 55 0 2)
#(523 56 0 50)
#(523 57 0 12)
#(523 58 0 38)
#(523 59 0 7)
#(523 60 0 7)
#(523 61 0 20)
#(523 62 0 89)
#(523 63 0 70)
#(523 64 1 37)
#(523 65 0 43)
#(523 66 1 85)
#(523 67 1 89)
#(523 68 1 69)
#(523 69 1 66)
#(524 1 0 68)
#(524 2 1 10)
#(524 3 1 25)
#(524 4 0 5)
#(524 5 1 40)
#(524 6 0 44)
#(524 7 1 73)
#(524 8 0 69)
#(524 9 0 45)
#(524 10 0 78)
#(524 11 1 23)
#(524 12 0 70)
#(524 13 0 61)
#(524 14 0 96)
#(524 15 1 65)
#(524 16 1 31)
#(524 17 1 92)
#(524 18 0 67)
#(524 19 0 66)
#(524 20 0 56)
#(524 21 0 89)
#(524 22 1 86)
#(524 23 0 37)
#(524 24 1 41)
#(524 25 0 3)
#(524 26 0 31)
#(524 27 1 8)
#(524 28 0 85)
#(524 29 0 17)
#(524 30 1 61)
#(524 31 0 15)
#(524 32 0 62)
#(524 33 0 34)
#(524 34 0 26)
#(524 35 1 26)
#(524 36 0 87)
#(524 37 1 44)
#(524 38 0 73)
#(524 39 1 50)
#(524 40 0 92)
#(524 41 0 91)
#(524 42 0 1)
#(524 43 0 15)
#(524 44 0 51)
#(524 45 0 8)
#(524 46 0 93)
#(524 47 1 59)
#(524 48 0 96)
#(524 49 1 17)
#(524 50 0 94)
#(524 51 0 57)
#(524 52 1 69)
#(524 53 0 15)
#(524 54 0 77)
#(524 55 0 63)
#(524 56 0 94)
#(524 57 1 56)
#(524 58 0 49)
#(524 59 0 1)
#(524 60 0 77)
#(524 61 1 40)
#(524 62 0 24)
#(524 63 0 5)
#(524 64 1 77)
#(524 65 0 45)
#(524 66 0 43)
#(524 67 1 77)
#(524 68 0 45)
#(524 69 1 48)
#(525 1 0 21)
#(525 2 1 68)
#(525 3 1 79)
#(525 4 0 35)
#(525 5 0 97)
#(525 6 1 46)
#(525 7 0 82)
#(525 8 1 65)
#(525 9 1 76)
#(525 10 0 16)
#(525 11 0 15)
#(525 12 0 26)
#(525 13 0 11)
#(525 14 1 40)
#(525 15 0 85)
#(525 16 0 1)
#(525 17 0 59)
#(525 18 0 9)
#(525 19 1 83)
#(525 20 0 0)
#(525 21 0 28)
#(525 22 1 63)
#(525 23 1 5)
#(525 24 0 94)
#(525 25 0 24)
#(525 26 1 0)
#(525 27 0 71)
#(525 28 0 72)
#(525 29 0 55)
#(525 30 0 51)
#(525 31 1 34)
#(525 32 1 50)
#(525 33 0 73)
#(525 34 1 98)
#(525 35 0 33)
#(525 36 0 85)
#(525 37 0 57)
#(525 38 1 94)
#(525 39 1 36)
#(525 40 1 67)
#(525 41 1 87)
#(525 42 0 39)
#(525 43 1 12)
#(525 44 0 32)
#(525 45 0 19)
#(525 46 0 3)
#(525 47 0 75)
#(525 48 1 90)
#(525 49 1 33)
#(525 50 1 23)
#(525 51 0 31)
#(525 52 0 72)
#(525 53 1 44)
#(525 54 0 37)
#(525 55 0 97)
#(525 56 0 37)
#(525 57 1 19)
#(525 58 0 7)
#(525 59 1 82)
#(525 60 1 84)
#(525 61 0 35)
#(525 62 0 55)
#(525 63 0 94)
#(525 64 0 66)
#(525 65 1 71)
#(525 66 1 45)
#(525 67 0 79)
#(525 68 0 67)
#(525 69 1 66)
#(526 1 1 43)
#(526 2 0 37)
#(526 3 0 12)
#(526 4 0 33)
#(526 5 1 33)
#(526 6 0 53)
#(526 7 0 69)
#(526 8 1 43)
#(526 9 0 21)
#(526 10 1 65)
#(526 11 0 86)
#(526 12 0 25)
#(526 13 0 85)
#(526 14 0 11)
#(526 15 1 35)
#(526 16 0 27)
#(526 17 0 56)
#(526 18 0 75)
#(526 19 1 16)
#(526 20 0 16)
#(526 21 0 61)
#(526 22 1 86)
#(526 23 0 77)
#(526 24 0 49)
#(526 25 0 14)
#(526 26 0 25)
#(526 27 0 85)
#(526 28 0 85)
#(526 29 1 17)
#(526 30 0 53)
#(526 31 1 22)
#(526 32 0 44)
#(526 33 0 29)
#(526 34 0 67)
#(526 35 0 0)
#(526 36 1 85)
#(526 37 0 45)
#(526 38 0 72)
#(526 39 0 77)
#(526 40 0 94)
#(526 41 0 91)
#(526 42 1 76)
#(526 43 0 63)
#(526 44 0 24)
#(526 45 0 31)
#(526 46 0 0)
#(526 47 1 37)
#(526 48 0 54)
#(526 49 0 61)
#(526 50 0 17)
#(526 51 0 74)
#(526 52 0 35)
#(526 53 1 40)
#(526 54 0 84)
#(526 55 0 10)
#(526 56 1 78)
#(526 57 1 63)
#(526 58 0 82)
#(526 59 0 60)
#(526 60 1 14)
#(526 61 0 16)
#(526 62 1 17)
#(526 63 0 28)
#(526 64 0 8)
#(526 65 1 32)
#(526 66 0 2)
#(526 67 0 98)
#(526 68 0 14)
#(526 69 0 40)
#(527 1 0 13)
#(527 2 0 3)
#(527 3 0 68)
#(527 4 1 97)
#(527 5 0 83)
#(527 6 0 23)
#(527 7 1 40)
#(527 8 0 7)
#(527 9 0 55)
#(527 10 0 2)
#(527 11 0 78)
#(527 12 1 47)
#(527 13 0 56)
#(527 14 0 79)
#(527 15 0 4)
#(527 16 0 96)
#(527 17 1 10)
#(527 18 0 71)
#(527 19 0 82)
#(527 20 1 83)
#(527 21 1 9)
#(527 22 0 5)
#(527 23 1 1)
#(527 24 0 52)
#(527 25 1 1)
#(527 26 0 52)
#(527 27 0 58)
#(527 28 0 78)
#(527 29 0 62)
#(527 30 0 35)
#(527 31 0 32)
#(527 32 0 96)
#(527 33 0 10)
#(527 34 0 29)
#(527 35 1 56)
#(527 36 1 0)
#(527 37 1 10)
#(527 38 0 55)
#(527 39 0 89)
#(527 40 0 48)
#(527 41 0 24)
#(527 42 0 32)
#(527 43 0 75)
#(527 44 1 29)
#(527 45 0 1)
#(527 46 0 69)
#(527 47 1 69)
#(527 48 0 17)
#(527 49 0 68)
#(527 50 0 80)
#(527 51 0 75)
#(527 52 0 40)
#(527 53 1 83)
#(527 54 0 38)
#(527 55 0 83)
#(527 56 1 88)
#(527 57 1 73)
#(527 58 0 23)
#(527 59 0 91)
#(527 60 1 74)
#(527 61 0 5)
#(527 62 0 6)
#(527 63 0 79)
#(527 64 0 32)
#(527 65 0 78)
#(527 66 0 35)
#(527 67 0 97)
#(527 68 1 42)
#(527 69 0 33)
#(528 1 0 43)
#(528 2 1 1)
#(528 3 0 85)
#(528 4 1 68)
#(528 5 0 56)
#(528 6 0 22)
#(528 7 0 41)
#(528 8 0 78)
#(528 9 0 36)
#(528 10 0 41)
#(528 11 0 8)
#(528 12 0 95)
#(528 13 0 95)
#(528 14 0 35)
#(528 15 1 67)
#(528 16 1 98)
#(528 17 1 33)
#(528 18 0 67)
#(528 19 1 4)
#(528 20 0 32)
#(528 21 0 31)
#(528 22 1 39)
#(528 23 1 59)
#(528 24 0 21)
#(528 25 0 22)
#(528 26 0 25)
#(528 27 0 45)
#(528 28 0 46)
#(528 29 0 71)
#(528 30 0 40)
#(528 31 0 95)
#(528 32 1 34)
#(528 33 0 75)
#(528 34 0 51)
#(528 35 0 67)
#(528 36 0 23)
#(528 37 0 82)
#(528 38 0 93)
#(528 39 0 50)
#(528 40 0 7)
#(528 41 1 22)
#(528 42 0 51)
#(528 43 0 6)
#(528 44 0 45)
#(528 45 1 63)
#(528 46 1 32)
#(528 47 0 64)
#(528 48 1 59)
#(528 49 1 9)
#(528 50 0 16)
#(528 51 0 82)
#(528 52 1 15)
#(528 53 0 48)
#(528 54 1 25)
#(528 55 0 90)
#(528 56 1 77)
#(528 57 0 67)
#(528 58 0 91)
#(528 59 0 91)
#(528 60 0 93)
#(528 61 0 70)
#(528 62 1 40)
#(528 63 1 21)
#(528 64 0 51)
#(528 65 1 0)
#(528 66 0 27)
#(528 67 1 22)
#(528 68 1 69)
#(528 69 0 85)
#(529 1 1 87)
#(529 2 0 7)
#(529 3 1 88)
#(529 4 0 52)
#(529 5 0 53)
#(529 6 0 11)
#(529 7 0 94)
#(529 8 0 79)
#(529 9 0 85)
#(529 10 1 24)
#(529 11 1 13)
#(529 12 0 33)
#(529 13 0 81)
#(529 14 1 37)
#(529 15 0 52)
#(529 16 0 83)
#(529 17 0 59)
#(529 18 0 50)
#(529 19 0 67)
#(529 20 1 92)
#(529 21 1 13)
#(529 22 1 83)
#(529 23 0 34)
#(529 24 0 69)
#(529 25 0 75)
#(529 26 1 53)
#(529 27 0 76)
#(529 28 1 88)
#(529 29 0 3)
#(529 30 0 28)
#(529 31 1 48)
#(529 32 0 24)
#(529 33 0 76)
#(529 34 0 6)
#(529 35 0 29)
#(529 36 0 83)
#(529 37 1 29)
#(529 38 0 48)
#(529 39 0 88)
#(529 40 1 91)
#(529 41 0 44)
#(529 42 1 77)
#(529 43 0 96)
#(529 44 1 56)
#(529 45 1 43)
#(529 46 0 41)
#(529 47 1 24)
#(529 48 0 50)
#(529 49 0 44)
#(529 50 0 74)
#(529 51 0 97)
#(529 52 0 29)
#(529 53 0 6)
#(529 54 0 6)
#(529 55 1 4)
#(529 56 1 73)
#(529 57 1 94)
#(529 58 0 19)
#(529 59 0 64)
#(529 60 0 35)
#(529 61 0 55)
#(529 62 0 24)
#(529 63 1 80)
#(529 64 1 69)
#(529 65 0 78)
#(529 66 1 89)
#(529 67 0 86)
#(529 68 1 79)
#(529 69 0 34)
#(530 1 1 53)
#(530 2 1 91)
#(530 3 0 5)
#(530 4 0 95)
#(530 5 1 78)
#(530 6 0 18)
#(530 7 0 70)
#(530 8 0 81)
#(530 9 0 4)
#(530 10 0 57)
#(530 11 0 69)
#(530 12 0 16)
#(530 13 0 14)
#(530 14 1 90)
#(530 15 0 27)
#(530 16 0 80)
#(530 17 0 68)
#(530 18 0 93)
#(530 19 0 30)
#(530 20 1 79)
#(530 21 1 68)
#(530 22 1 72)
#(530 23 1 77)
#(530 24 1 97)
#(530 25 0 34)
#(530 26 0 28)
#(530 27 1 71)
#(530 28 0 60)
#(530 29 0 61)
#(530 30 0 35)
#(530 31 1 18)
#(530 32 0 62)
#(530 33 1 78)
#(530 34 1 78)
#(530 35 1 34)
#(530 36 0 91)
#(530 37 1 94)
#(530 38 0 50)
#(530 39 0 95)
#(530 40 0 78)
#(530 41 1 53)
#(530 42 0 43)
#(530 43 1 92)
#(530 44 1 3)
#(530 45 0 10)
#(530 46 0 25)
#(530 47 1 22)
#(530 48 1 61)
#(530 49 0 78)
#(530 50 1 92)
#(530 51 1 37)
#(530 52 1 41)
#(530 53 1 46)
#(530 54 1 25)
#(530 55 0 41)
#(530 56 0 32)
#(530 57 0 21)
#(530 58 0 69)
#(530 59 1 46)
#(530 60 0 62)
#(530 61 0 31)
#(530 62 1 66)
#(530 63 0 14)
#(530 64 1 33)
#(530 65 0 33)
#(530 66 0 45)
#(530 67 0 68)
#(530 68 0 8)
#(530 69 0 40)
#(531 1 1 66)
#(531 2 0 81)
#(531 3 0 35)
#(531 4 0 57)
#(531 5 0 74)
#(531 6 1 50)
#(531 7 0 17)
#(531 8 0 9)
#(531 9 0 84)
#(531 10 0 21)
#(531 11 0 44)
#(531 12 0 34)
#(531 13 0 59)
#(531 14 0 70)
#(531 15 1 41)
#(531 16 0 72)
#(531 17 0 3)
#(531 18 1 11)
#(531 19 0 43)
#(531 20 0 66)
#(531 21 0 7)
#(531 22 0 81)
#(531 23 0 46)
#(531 24 0 84)
#(531 25 0 7)
#(531 26 0 73)
#(531 27 0 12)
#(531 28 1 36)
#(531 29 0 41)
#(531 30 0 62)
#(531 31 1 25)
#(531 32 0 22)
#(531 33 0 82)
#(531 34 1 47)
#(531 35 1 17)
#(531 36 0 63)
#(531 37 1 18)
#(531 38 0 26)
#(531 39 0 63)
#(531 40 0 85)
#(531 41 0 47)
#(531 42 0 22)
#(531 43 0 72)
#(531 44 1 49)
#(531 45 1 25)
#(531 46 1 43)
#(531 47 1 30)
#(531 48 1 60)
#(531 49 0 54)
#(531 50 0 29)
#(531 51 0 1)
#(531 52 1 75)
#(531 53 1 91)
#(531 54 0 80)
#(531 55 1 68)
#(531 56 0 79)
#(531 57 1 60)
#(531 58 1 68)
#(531 59 0 46)
#(531 60 1 10)
#(531 61 1 33)
#(531 62 0 55)
#(531 63 0 32)
#(531 64 0 18)
#(531 65 0 40)
#(531 66 0 36)
#(531 67 0 29)
#(531 68 0 63)
#(531 69 0 2)
#(532 1 1 54)
#(532 2 0 78)
#(532 3 0 8)
#(532 4 0 88)
#(532 5 0 49)
#(532 6 0 38)
#(532 7 1 4)
#(532 8 0 13)
#(532 9 0 81)
#(532 10 1 19)
#(532 11 0 51)
#(532 12 1 38)
#(532 13 1 10)
#(532 14 0 92)
#(532 15 0 2)
#(532 16 0 83)
#(532 17 0 18)
#(532 18 1 85)
#(532 19 1 60)
#(532 20 0 82)
#(532 21 1 42)
#(532 22 0 32)
#(532 23 1 81)
#(532 24 1 89)
#(532 25 0 12)
#(532 26 1 59)
#(532 27 0 73)
#(532 28 0 5)
#(532 29 0 97)
#(532 30 0 13)
#(532 31 0 87)
#(532 32 0 35)
#(532 33 1 47)
#(532 34 0 90)
#(532 35 0 13)
#(532 36 0 17)
#(532 37 0 20)
#(532 38 0 16)
#(532 39 0 10)
#(532 40 0 89)
#(532 41 0 34)
#(532 42 1 71)
#(532 43 0 79)
#(532 44 0 81)
#(532 45 1 92)
#(532 46 0 90)
#(532 47 0 5)
#(532 48 0 26)
#(532 49 0 28)
#(532 50 0 70)
#(532 51 1 9)
#(532 52 1 73)
#(532 53 0 33)
#(532 54 0 6)
#(532 55 0 23)
#(532 56 0 89)
#(532 57 0 94)
#(532 58 0 36)
#(532 59 0 33)
#(532 60 0 90)
#(532 61 1 2)
#(532 62 0 64)
#(532 63 0 19)
#(532 64 1 48)
#(532 65 1 42)
#(532 66 0 10)
#(532 67 0 15)
#(532 68 1 29)
#(532 69 0 34)
#(533 1 1 8)
#(533 2 1 12)
#(533 3 0 32)
#(533 4 0 96)
#(533 5 1 24)
#(533 6 0 58)
#(533 7 0 75)
#(533 8 1 9)
#(533 9 0 30)
#(533 10 0 27)
#(533 11 0 55)
#(533 12 0 18)
#(533 13 0 71)
#(533 14 0 7)
#(533 15 0 98)
#(533 16 0 29)
#(533 17 1 59)
#(533 18 1 10)
#(533 19 1 62)
#(533 20 1 51)
#(533 21 1 66)
#(533 22 1 84)
#(533 23 0 17)
#(533 24 0 66)
#(533 25 1 82)
#(533 26 0 34)
#(533 27 0 61)
#(533 28 0 71)
#(533 29 0 38)
#(533 30 1 38)
#(533 31 0 92)
#(533 32 1 85)
#(533 33 0 26)
#(533 34 1 13)
#(533 35 0 34)
#(533 36 1 73)
#(533 37 1 28)
#(533 38 1 95)
#(533 39 0 84)
#(533 40 1 77)
#(533 41 1 17)
#(533 42 0 94)
#(533 43 0 24)
#(533 44 1 1)
#(533 45 1 80)
#(533 46 0 35)
#(533 47 0 31)
#(533 48 1 44)
#(533 49 0 76)
#(533 50 0 6)
#(533 51 0 44)
#(533 52 0 35)
#(533 53 0 39)
#(533 54 1 38)
#(533 55 0 77)
#(533 56 0 16)
#(533 57 0 42)
#(533 58 1 69)
#(533 59 0 75)
#(533 60 1 70)
#(533 61 1 7)
#(533 62 0 74)
#(533 63 1 58)
#(533 64 1 7)
#(533 65 0 96)
#(533 66 1 16)
#(533 67 0 24)
#(533 68 0 53)
#(533 69 1 18)
#(534 1 0 30)
#(534 2 0 85)
#(534 3 0 27)
#(534 4 1 65)
#(534 5 0 52)
#(534 6 0 58)
#(534 7 0 59)
#(534 8 0 34)
#(534 9 1 90)
#(534 10 0 26)
#(534 11 1 19)
#(534 12 0 4)
#(534 13 1 71)
#(534 14 0 66)
#(534 15 0 46)
#(534 16 0 58)
#(534 17 1 27)
#(534 18 1 48)
#(534 19 1 69)
#(534 20 0 86)
#(534 21 0 13)
#(534 22 0 89)
#(534 23 0 92)
#(534 24 0 40)
#(534 25 1 61)
#(534 26 1 82)
#(534 27 0 29)
#(534 28 0 84)
#(534 29 1 97)
#(534 30 1 13)
#(534 31 0 15)
#(534 32 1 7)
#(534 33 1 94)
#(534 34 0 33)
#(534 35 0 42)
#(534 36 0 57)
#(534 37 0 11)
#(534 38 0 39)
#(534 39 1 32)
#(534 40 1 39)
#(534 41 0 29)
#(534 42 1 13)
#(534 43 0 49)
#(534 44 0 37)
#(534 45 0 3)
#(534 46 1 66)
#(534 47 0 1)
#(534 48 1 98)
#(534 49 1 32)
#(534 50 1 10)
#(534 51 0 44)
#(534 52 0 56)
#(534 53 0 21)
#(534 54 0 41)
#(534 55 1 62)
#(534 56 0 41)
#(534 57 1 93)
#(534 58 0 96)
#(534 59 0 76)
#(534 60 0 45)
#(534 61 0 11)
#(534 62 1 71)
#(534 63 0 61)
#(534 64 1 0)
#(534 65 1 4)
#(534 66 0 46)
#(534 67 0 30)
#(534 68 0 25)
#(534 69 0 31)
#(535 1 1 5)
#(535 2 1 25)
#(535 3 0 24)
#(535 4 1 40)
#(535 5 0 16)
#(535 6 0 37)
#(535 7 0 40)
#(535 8 0 85)
#(535 9 1 19)
#(535 10 0 25)
#(535 11 0 86)
#(535 12 0 29)
#(535 13 1 0)
#(535 14 0 90)
#(535 15 1 26)
#(535 16 0 57)
#(535 17 0 74)
#(535 18 0 50)
#(535 19 0 4)
#(535 20 1 50)
#(535 21 0 80)
#(535 22 0 75)
#(535 23 0 7)
#(535 24 0 97)
#(535 25 0 22)
#(535 26 1 68)
#(535 27 0 44)
#(535 28 0 68)
#(535 29 1 26)
#(535 30 0 25)
#(535 31 0 57)
#(535 32 0 22)
#(535 33 1 78)
#(535 34 1 45)
#(535 35 0 9)
#(535 36 0 34)
#(535 37 1 98)
#(535 38 0 69)
#(535 39 1 79)
#(535 40 0 84)
#(535 41 0 4)
#(535 42 0 66)
#(535 43 0 5)
#(535 44 0 72)
#(535 45 0 87)
#(535 46 0 50)
#(535 47 1 84)
#(535 48 0 59)
#(535 49 0 33)
#(535 50 1 69)
#(535 51 0 51)
#(535 52 1 54)
#(535 53 0 73)
#(535 54 0 96)
#(535 55 0 70)
#(535 56 0 47)
#(535 57 0 68)
#(535 58 1 69)
#(535 59 0 94)
#(535 60 1 32)
#(535 61 0 87)
#(535 62 0 97)
#(535 63 1 39)
#(535 64 1 73)
#(535 65 1 28)
#(535 66 1 67)
#(535 67 0 10)
#(535 68 1 67)
#(535 69 0 36)
#(536 1 0 19)
#(536 2 0 96)
#(536 3 0 51)
#(536 4 1 84)
#(536 5 0 45)
#(536 6 0 27)
#(536 7 1 86)
#(536 8 1 81)
#(536 9 0 41)
#(536 10 0 28)
#(536 11 0 32)
#(536 12 0 74)
#(536 13 0 98)
#(536 14 1 98)
#(536 15 0 54)
#(536 16 0 9)
#(536 17 1 22)
#(536 18 1 38)
#(536 19 0 60)
#(536 20 1 40)
#(536 21 0 59)
#(536 22 1 5)
#(536 23 0 34)
#(536 24 0 32)
#(536 25 0 12)
#(536 26 0 8)
#(536 27 0 9)
#(536 28 0 37)
#(536 29 1 15)
#(536 30 1 60)
#(536 31 0 80)
#(536 32 1 7)
#(536 33 1 71)
#(536 34 0 93)
#(536 35 1 62)
#(536 36 0 24)
#(536 37 1 16)
#(536 38 1 68)
#(536 39 0 97)
#(536 40 0 45)
#(536 41 1 61)
#(536 42 0 79)
#(536 43 1 61)
#(536 44 0 15)
#(536 45 0 35)
#(536 46 1 36)
#(536 47 1 31)
#(536 48 0 66)
#(536 49 0 28)
#(536 50 0 66)
#(536 51 1 48)
#(536 52 0 67)
#(536 53 0 27)
#(536 54 0 48)
#(536 55 0 97)
#(536 56 0 30)
#(536 57 0 88)
#(536 58 0 37)
#(536 59 0 62)
#(536 60 0 19)
#(536 61 1 74)
#(536 62 0 63)
#(536 63 1 75)
#(536 64 0 15)
#(536 65 0 75)
#(536 66 0 49)
#(536 67 1 71)
#(536 68 0 17)
#(536 69 0 60)
#(537 1 0 71)
#(537 2 1 80)
#(537 3 1 56)
#(537 4 1 27)
#(537 5 0 40)
#(537 6 0 56)
#(537 7 0 93)
#(537 8 0 66)
#(537 9 1 47)
#(537 10 0 25)
#(537 11 0 60)
#(537 12 1 8)
#(537 13 1 42)
#(537 14 1 58)
#(537 15 0 74)
#(537 16 0 4)
#(537 17 1 63)
#(537 18 0 45)
#(537 19 0 35)
#(537 20 0 2)
#(537 21 1 46)
#(537 22 0 82)
#(537 23 0 38)
#(537 24 0 34)
#(537 25 0 64)
#(537 26 1 3)
#(537 27 0 34)
#(537 28 0 26)
#(537 29 0 60)
#(537 30 0 5)
#(537 31 1 53)
#(537 32 0 9)
#(537 33 0 10)
#(537 34 0 36)
#(537 35 1 83)
#(537 36 0 30)
#(537 37 0 56)
#(537 38 0 15)
#(537 39 1 66)
#(537 40 0 67)
#(537 41 1 40)
#(537 42 1 3)
#(537 43 0 42)
#(537 44 0 4)
#(537 45 0 87)
#(537 46 0 20)
#(537 47 0 12)
#(537 48 0 53)
#(537 49 1 17)
#(537 50 0 31)
#(537 51 1 26)
#(537 52 0 4)
#(537 53 0 33)
#(537 54 0 65)
#(537 55 0 70)
#(537 56 1 39)
#(537 57 0 52)
#(537 58 0 82)
#(537 59 0 77)
#(537 60 1 57)
#(537 61 1 8)
#(537 62 0 61)
#(537 63 1 2)
#(537 64 0 81)
#(537 65 1 21)
#(537 66 0 90)
#(537 67 0 80)
#(537 68 0 18)
#(537 69 0 21)
#(538 1 1 16)
#(538 2 0 22)
#(538 3 0 28)
#(538 4 0 15)
#(538 5 0 28)
#(538 6 1 37)
#(538 7 1 78)
#(538 8 0 88)
#(538 9 0 14)
#(538 10 0 94)
#(538 11 1 67)
#(538 12 1 3)
#(538 13 0 10)
#(538 14 0 68)
#(538 15 1 68)
#(538 16 0 38)
#(538 17 0 2)
#(538 18 1 76)
#(538 19 1 83)
#(538 20 0 84)
#(538 21 1 51)
#(538 22 0 96)
#(538 23 1 78)
#(538 24 1 44)
#(538 25 1 54)
#(538 26 0 21)
#(538 27 0 52)
#(538 28 1 57)
#(538 29 1 24)
#(538 30 0 20)
#(538 31 0 5)
#(538 32 1 87)
#(538 33 0 32)
#(538 34 0 22)
#(538 35 1 98)
#(538 36 0 47)
#(538 37 1 74)
#(538 38 0 98)
#(538 39 1 98)
#(538 40 0 44)
#(538 41 1 72)
#(538 42 1 83)
#(538 43 0 2)
#(538 44 1 56)
#(538 45 1 22)
#(538 46 0 3)
#(538 47 0 58)
#(538 48 0 22)
#(538 49 0 59)
#(538 50 0 15)
#(538 51 0 19)
#(538 52 0 33)
#(538 53 1 30)
#(538 54 0 93)
#(538 55 0 21)
#(538 56 0 11)
#(538 57 0 67)
#(538 58 1 94)
#(538 59 0 46)
#(538 60 0 73)
#(538 61 0 15)
#(538 62 0 40)
#(538 63 0 7)
#(538 64 1 27)
#(538 65 1 77)
#(538 66 0 72)
#(538 67 1 65)
#(538 68 0 3)
#(538 69 0 56)
#(539 1 0 91)
#(539 2 0 53)
#(539 3 1 49)
#(539 4 1 3)
#(539 5 0 77)
#(539 6 1 31)
#(539 7 1 1)
#(539 8 1 7)
#(539 9 0 59)
#(539 10 0 29)
#(539 11 0 76)
#(539 12 0 85)
#(539 13 0 59)
#(539 14 0 91)
#(539 15 1 65)
#(539 16 0 15)
#(539 17 0 73)
#(539 18 1 15)
#(539 19 1 77)
#(539 20 1 41)
#(539 21 0 94)
#(539 22 0 56)
#(539 23 0 28)
#(539 24 0 22)
#(539 25 0 24)
#(539 26 0 94)
#(539 27 1 89)
#(539 28 0 66)
#(539 29 0 12)
#(539 30 1 51)
#(539 31 0 72)
#(539 32 0 86)
#(539 33 1 3)
#(539 34 1 90)
#(539 35 0 90)
#(539 36 0 32)
#(539 37 1 40)
#(539 38 1 27)
#(539 39 0 14)
#(539 40 1 40)
#(539 41 1 97)
#(539 42 1 41)
#(539 43 0 63)
#(539 44 1 36)
#(539 45 1 66)
#(539 46 1 5)
#(539 47 0 38)
#(539 48 1 3)
#(539 49 1 10)
#(539 50 0 93)
#(539 51 0 11)
#(539 52 1 82)
#(539 53 0 62)
#(539 54 0 84)
#(539 55 0 16)
#(539 56 0 81)
#(539 57 1 97)
#(539 58 1 82)
#(539 59 0 9)
#(539 60 0 8)
#(539 61 0 29)
#(539 62 0 36)
#(539 63 0 36)
#(539 64 0 54)
#(539 65 1 68)
#(539 66 0 87)
#(539 67 1 83)
#(539 68 0 79)
#(539 69 1 47)
#(540 1 0 62)
#(540 2 1 21)
#(540 3 0 0)
#(540 4 0 69)
#(540 5 1 12)
#(540 6 1 65)
#(540 7 0 29)
#(540 8 0 44)
#(540 9 0 4)
#(540 10 0 25)
#(540 11 0 29)
#(540 12 0 43)
#(540 13 0 22)
#(540 14 0 59)
#(540 15 0 0)
#(540 16 0 25)
#(540 17 0 10)
#(540 18 0 24)
#(540 19 0 32)
#(540 20 0 58)
#(540 21 1 32)
#(540 22 0 17)
#(540 23 0 25)
#(540 24 0 5)
#(540 25 0 8)
#(540 26 1 49)
#(540 27 1 35)
#(540 28 0 35)
#(540 29 1 31)
#(540 30 1 17)
#(540 31 1 58)
#(540 32 1 56)
#(540 33 0 45)
#(540 34 1 16)
#(540 35 0 49)
#(540 36 0 5)
#(540 37 1 81)
#(540 38 0 78)
#(540 39 0 23)
#(540 40 0 63)
#(540 41 1 87)
#(540 42 1 66)
#(540 43 1 43)
#(540 44 1 96)
#(540 45 0 42)
#(540 46 1 72)
#(540 47 0 61)
#(540 48 0 25)
#(540 49 1 81)
#(540 50 0 14)
#(540 51 0 67)
#(540 52 1 27)
#(540 53 0 89)
#(540 54 0 96)
#(540 55 1 87)
#(540 56 1 80)
#(540 57 0 36)
#(540 58 0 54)
#(540 59 0 23)
#(540 60 1 41)
#(540 61 1 42)
#(540 62 0 34)
#(540 63 0 89)
#(540 64 0 13)
#(540 65 0 73)
#(540 66 0 3)
#(540 67 1 55)
#(540 68 1 33)
#(540 69 1 16)
#(541 1 1 15)
#(541 2 0 22)
#(541 3 0 81)
#(541 4 0 47)
#(541 5 0 43)
#(541 6 0 96)
#(541 7 0 26)
#(541 8 1 58)
#(541 9 0 40)
#(541 10 0 83)
#(541 11 0 86)
#(541 12 0 38)
#(541 13 0 24)
#(541 14 0 9)
#(541 15 1 21)
#(541 16 1 40)
#(541 17 0 50)
#(541 18 1 88)
#(541 19 0 46)
#(541 20 0 71)
#(541 21 0 22)
#(541 22 1 84)
#(541 23 0 26)
#(541 24 0 6)
#(541 25 0 38)
#(541 26 1 59)
#(541 27 1 64)
#(541 28 1 9)
#(541 29 1 64)
#(541 30 0 21)
#(541 31 0 12)
#(541 32 1 19)
#(541 33 0 39)
#(541 34 0 1)
#(541 35 0 3)
#(541 36 1 22)
#(541 37 1 77)
#(541 38 1 67)
#(541 39 0 85)
#(541 40 0 34)
#(541 41 0 56)
#(541 42 0 36)
#(541 43 1 95)
#(541 44 0 47)
#(541 45 0 3)
#(541 46 0 10)
#(541 47 1 59)
#(541 48 0 94)
#(541 49 0 94)
#(541 50 1 26)
#(541 51 0 62)
#(541 52 0 69)
#(541 53 1 7)
#(541 54 0 43)
#(541 55 1 59)
#(541 56 1 45)
#(541 57 0 14)
#(541 58 0 83)
#(541 59 0 15)
#(541 60 1 91)
#(541 61 0 55)
#(541 62 0 53)
#(541 63 1 1)
#(541 64 0 83)
#(541 65 0 28)
#(541 66 0 61)
#(541 67 0 54)
#(541 68 0 93)
#(541 69 1 55)
#(542 1 0 2)
#(542 2 1 25)
#(542 3 0 19)
#(542 4 1 14)
#(542 5 0 81)
#(542 6 1 15)
#(542 7 0 74)
#(542 8 1 68)
#(542 9 1 77)
#(542 10 0 84)
#(542 11 0 97)
#(542 12 1 87)
#(542 13 0 25)
#(542 14 1 98)
#(542 15 0 36)
#(542 16 0 39)
#(542 17 0 85)
#(542 18 1 0)
#(542 19 1 3)
#(542 20 0 85)
#(542 21 1 9)
#(542 22 0 93)
#(542 23 1 63)
#(542 24 0 22)
#(542 25 1 50)
#(542 26 1 41)
#(542 27 1 62)
#(542 28 1 55)
#(542 29 0 13)
#(542 30 0 88)
#(542 31 1 91)
#(542 32 0 79)
#(542 33 0 81)
#(542 34 0 11)
#(542 35 0 6)
#(542 36 0 13)
#(542 37 0 32)
#(542 38 1 18)
#(542 39 0 77)
#(542 40 0 80)
#(542 41 1 27)
#(542 42 1 20)
#(542 43 0 57)
#(542 44 1 68)
#(542 45 1 76)
#(542 46 0 2)
#(542 47 0 9)
#(542 48 0 35)
#(542 49 1 89)
#(542 50 0 80)
#(542 51 0 61)
#(542 52 0 95)
#(542 53 1 34)
#(542 54 0 59)
#(542 55 0 25)
#(542 56 1 44)
#(542 57 1 10)
#(542 58 1 77)
#(542 59 0 60)
#(542 60 0 96)
#(542 61 1 69)
#(542 62 0 19)
#(542 63 0 32)
#(542 64 1 41)
#(542 65 1 23)
#(542 66 0 67)
#(542 67 1 0)
#(542 68 0 9)
#(542 69 0 35)
#(543 1 1 50)
#(543 2 0 21)
#(543 3 0 55)
#(543 4 0 52)
#(543 5 0 38)
#(543 6 0 8)
#(543 7 1 35)
#(543 8 0 5)
#(543 9 0 85)
#(543 10 1 48)
#(543 11 1 37)
#(543 12 0 88)
#(543 13 0 14)
#(543 14 0 78)
#(543 15 0 1)
#(543 16 0 58)
#(543 17 0 15)
#(543 18 1 18)
#(543 19 0 6)
#(543 20 0 73)
#(543 21 0 90)
#(543 22 0 60)
#(543 23 0 68)
#(543 24 0 85)
#(543 25 0 67)
#(543 26 0 77)
#(543 27 1 21)
#(543 28 0 93)
#(543 29 1 51)
#(543 30 0 27)
#(543 31 1 72)
#(543 32 1 83)
#(543 33 1 14)
#(543 34 0 22)
#(543 35 1 92)
#(543 36 0 30)
#(543 37 1 69)
#(543 38 1 89)
#(543 39 0 38)
#(543 40 0 55)
#(543 41 1 52)
#(543 42 0 65)
#(543 43 0 72)
#(543 44 0 44)
#(543 45 0 21)
#(543 46 1 54)
#(543 47 0 7)
#(543 48 1 52)
#(543 49 0 63)
#(543 50 0 26)
#(543 51 0 84)
#(543 52 0 86)
#(543 53 1 65)
#(543 54 0 64)
#(543 55 1 85)
#(543 56 1 7)
#(543 57 1 48)
#(543 58 0 26)
#(543 59 0 14)
#(543 60 0 55)
#(543 61 0 43)
#(543 62 0 61)
#(543 63 0 80)
#(543 64 0 51)
#(543 65 1 77)
#(543 66 0 17)
#(543 67 0 31)
#(543 68 0 45)
#(543 69 0 24)
#(544 1 1 59)
#(544 2 1 1)
#(544 3 0 16)
#(544 4 0 29)
#(544 5 0 73)
#(544 6 0 40)
#(544 7 0 60)
#(544 8 1 97)
#(544 9 0 21)
#(544 10 0 19)
#(544 11 0 55)
#(544 12 0 76)
#(544 13 0 10)
#(544 14 0 76)
#(544 15 0 84)
#(544 16 1 75)
#(544 17 0 66)
#(544 18 0 43)
#(544 19 0 45)
#(544 20 0 70)
#(544 21 1 20)
#(544 22 1 78)
#(544 23 0 35)
#(544 24 1 69)
#(544 25 0 70)
#(544 26 0 35)
#(544 27 0 50)
#(544 28 0 16)
#(544 29 0 52)
#(544 30 1 30)
#(544 31 0 40)
#(544 32 1 46)
#(544 33 0 24)
#(544 34 0 68)
#(544 35 0 54)
#(544 36 0 38)
#(544 37 0 54)
#(544 38 0 26)
#(544 39 0 12)
#(544 40 0 88)
#(544 41 0 55)
#(544 42 1 18)
#(544 43 0 1)
#(544 44 0 93)
#(544 45 1 57)
#(544 46 0 32)
#(544 47 1 9)
#(544 48 0 3)
#(544 49 0 48)
#(544 50 0 28)
#(544 51 0 88)
#(544 52 0 67)
#(544 53 0 84)
#(544 54 0 13)
#(544 55 0 19)
#(544 56 0 46)
#(544 57 1 98)
#(544 58 1 98)
#(544 59 0 18)
#(544 60 1 66)
#(544 61 1 5)
#(544 62 1 75)
#(544 63 0 90)
#(544 64 1 85)
#(544 65 1 94)
#(544 66 0 78)
#(544 67 1 83)
#(544 68 1 89)
#(544 69 0 65)
#(545 1 0 40)
#(545 2 0 1)
#(545 3 1 98)
#(545 4 0 20)
#(545 5 0 65)
#(545 6 0 59)
#(545 7 0 47)
#(545 8 0 68)
#(545 9 0 30)
#(545 10 1 45)
#(545 11 0 68)
#(545 12 0 2)
#(545 13 0 53)
#(545 14 0 27)
#(545 15 0 53)
#(545 16 1 87)
#(545 17 0 52)
#(545 18 0 71)
#(545 19 0 50)
#(545 20 0 69)
#(545 21 1 63)
#(545 22 0 28)
#(545 23 1 16)
#(545 24 0 22)
#(545 25 0 13)
#(545 26 1 5)
#(545 27 1 5)
#(545 28 0 78)
#(545 29 0 57)
#(545 30 1 56)
#(545 31 1 94)
#(545 32 0 56)
#(545 33 0 76)
#(545 34 0 40)
#(545 35 0 26)
#(545 36 0 27)
#(545 37 0 32)
#(545 38 0 14)
#(545 39 1 7)
#(545 40 1 58)
#(545 41 0 68)
#(545 42 0 83)
#(545 43 0 6)
#(545 44 0 71)
#(545 45 0 16)
#(545 46 1 4)
#(545 47 1 98)
#(545 48 1 26)
#(545 49 1 95)
#(545 50 0 78)
#(545 51 1 15)
#(545 52 0 7)
#(545 53 1 39)
#(545 54 0 23)
#(545 55 0 12)
#(545 56 1 93)
#(545 57 0 98)
#(545 58 0 51)
#(545 59 0 2)
#(545 60 0 75)
#(545 61 1 44)
#(545 62 0 78)
#(545 63 1 11)
#(545 64 1 26)
#(545 65 0 98)
#(545 66 0 57)
#(545 67 1 17)
#(545 68 1 27)
#(545 69 1 46)
#(546 1 1 56)
#(546 2 0 56)
#(546 3 1 86)
#(546 4 1 86)
#(546 5 0 8)
#(546 6 0 39)
#(546 7 0 26)
#(546 8 0 79)
#(546 9 1 97)
#(546 10 0 39)
#(546 11 0 41)
#(546 12 1 53)
#(546 13 0 19)
#(546 14 0 47)
#(546 15 1 91)
#(546 16 0 70)
#(546 17 0 73)
#(546 18 0 97)
#(546 19 0 38)
#(546 20 0 85)
#(546 21 0 10)
#(546 22 0 59)
#(546 23 1 24)
#(546 24 1 31)
#(546 25 0 52)
#(546 26 0 7)
#(546 27 1 88)
#(546 28 0 58)
#(546 29 0 30)
#(546 30 1 51)
#(546 31 0 27)
#(546 32 1 77)
#(546 33 1 9)
#(546 34 0 90)
#(546 35 0 12)
#(546 36 0 1)
#(546 37 1 10)
#(546 38 0 7)
#(546 39 0 56)
#(546 40 0 87)
#(546 41 0 25)
#(546 42 1 0)
#(546 43 0 46)
#(546 44 0 24)
#(546 45 0 58)
#(546 46 1 75)
#(546 47 1 39)
#(546 48 0 74)
#(546 49 0 66)
#(546 50 1 74)
#(546 51 1 26)
#(546 52 1 27)
#(546 53 1 43)
#(546 54 0 28)
#(546 55 1 48)
#(546 56 1 44)
#(546 57 1 40)
#(546 58 1 56)
#(546 59 0 76)
#(546 60 0 27)
#(546 61 0 39)
#(546 62 1 48)
#(546 63 1 26)
#(546 64 0 35)
#(546 65 0 73)
#(546 66 0 36)
#(546 67 1 76)
#(546 68 0 82)
#(546 69 0 25)
#(547 1 1 94)
#(547 2 0 95)
#(547 3 0 92)
#(547 4 1 68)
#(547 5 0 56)
#(547 6 0 98)
#(547 7 0 93)
#(547 8 0 64)
#(547 9 0 18)
#(547 10 0 0)
#(547 11 1 11)
#(547 12 0 12)
#(547 13 1 84)
#(547 14 1 21)
#(547 15 0 7)
#(547 16 0 1)
#(547 17 0 21)
#(547 18 0 48)
#(547 19 1 30)
#(547 20 1 57)
#(547 21 0 53)
#(547 22 0 64)
#(547 23 1 60)
#(547 24 0 53)
#(547 25 1 98)
#(547 26 0 79)
#(547 27 0 96)
#(547 28 1 3)
#(547 29 0 5)
#(547 30 0 6)
#(547 31 0 45)
#(547 32 1 98)
#(547 33 0 1)
#(547 34 0 63)
#(547 35 1 21)
#(547 36 0 29)
#(547 37 0 6)
#(547 38 1 78)
#(547 39 0 60)
#(547 40 0 56)
#(547 41 1 78)
#(547 42 1 84)
#(547 43 0 67)
#(547 44 0 78)
#(547 45 0 24)
#(547 46 1 46)
#(547 47 1 97)
#(547 48 0 43)
#(547 49 0 42)
#(547 50 0 7)
#(547 51 0 85)
#(547 52 0 87)
#(547 53 0 52)
#(547 54 1 18)
#(547 55 0 85)
#(547 56 1 35)
#(547 57 0 26)
#(547 58 1 94)
#(547 59 0 65)
#(547 60 0 97)
#(547 61 1 60)
#(547 62 0 44)
#(547 63 0 63)
#(547 64 1 69)
#(547 65 0 23)
#(547 66 0 37)
#(547 67 0 49)
#(547 68 1 8)
#(547 69 1 80)
#(548 1 1 3)
#(548 2 0 80)
#(548 3 0 73)
#(548 4 1 66)
#(548 5 1 20)
#(548 6 0 75)
#(548 7 0 54)
#(548 8 0 76)
#(548 9 1 76)
#(548 10 0 39)
#(548 11 0 92)
#(548 12 0 39)
#(548 13 0 22)
#(548 14 0 1)
#(548 15 1 25)
#(548 16 0 42)
#(548 17 0 65)
#(548 18 0 11)
#(548 19 1 71)
#(548 20 0 60)
#(548 21 0 36)
#(548 22 0 39)
#(548 23 0 29)
#(548 24 0 21)
#(548 25 1 4)
#(548 26 0 19)
#(548 27 0 86)
#(548 28 0 77)
#(548 29 1 48)
#(548 30 0 23)
#(548 31 0 7)
#(548 32 1 68)
#(548 33 0 63)
#(548 34 1 52)
#(548 35 0 64)
#(548 36 1 41)
#(548 37 0 23)
#(548 38 0 55)
#(548 39 0 32)
#(548 40 0 75)
#(548 41 0 59)
#(548 42 0 46)
#(548 43 0 10)
#(548 44 0 78)
#(548 45 0 64)
#(548 46 0 30)
#(548 47 1 37)
#(548 48 0 28)
#(548 49 0 1)
#(548 50 0 67)
#(548 51 1 30)
#(548 52 0 58)
#(548 53 1 72)
#(548 54 0 23)
#(548 55 0 87)
#(548 56 0 82)
#(548 57 0 51)
#(548 58 0 67)
#(548 59 0 45)
#(548 60 1 30)
#(548 61 1 6)
#(548 62 0 80)
#(548 63 0 61)
#(548 64 1 75)
#(548 65 1 85)
#(548 66 1 4)
#(548 67 0 13)
#(548 68 0 84)
#(548 69 0 5)
#(549 1 0 75)
#(549 2 1 17)
#(549 3 1 89)
#(549 4 1 54)
#(549 5 0 39)
#(549 6 0 90)
#(549 7 1 45)
#(549 8 0 63)
#(549 9 1 89)
#(549 10 1 61)
#(549 11 1 56)
#(549 12 0 3)
#(549 13 1 67)
#(549 14 0 43)
#(549 15 0 24)
#(549 16 0 40)
#(549 17 0 49)
#(549 18 1 53)
#(549 19 0 64)
#(549 20 0 8)
#(549 21 1 33)
#(549 22 1 52)
#(549 23 1 68)
#(549 24 1 36)
#(549 25 0 21)
#(549 26 0 88)
#(549 27 0 98)
#(549 28 0 16)
#(549 29 0 28)
#(549 30 1 77)
#(549 31 0 89)
#(549 32 0 95)
#(549 33 0 47)
#(549 34 0 62)
#(549 35 0 33)
#(549 36 0 3)
#(549 37 0 98)
#(549 38 0 97)
#(549 39 0 72)
#(549 40 1 14)
#(549 41 0 79)
#(549 42 0 17)
#(549 43 0 53)
#(549 44 0 87)
#(549 45 1 94)
#(549 46 0 16)
#(549 47 1 74)
#(549 48 1 29)
#(549 49 1 35)
#(549 50 0 93)
#(549 51 1 83)
#(549 52 1 81)
#(549 53 0 24)
#(549 54 1 10)
#(549 55 1 83)
#(549 56 1 57)
#(549 57 0 82)
#(549 58 1 68)
#(549 59 0 33)
#(549 60 1 34)
#(549 61 1 26)
#(549 62 0 62)
#(549 63 0 90)
#(549 64 1 1)
#(549 65 0 37)
#(549 66 1 32)
#(549 67 1 0)
#(549 68 0 19)
#(549 69 0 49)
#(550 1 0 3)
#(550 2 1 89)
#(550 3 1 7)
#(550 4 1 30)
#(550 5 0 46)
#(550 6 1 92)
#(550 7 1 83)
#(550 8 0 12)
#(550 9 0 51)
#(550 10 1 17)
#(550 11 1 98)
#(550 12 0 58)
#(550 13 0 87)
#(550 14 1 54)
#(550 15 0 23)
#(550 16 1 80)
#(550 17 1 33)
#(550 18 1 86)
#(550 19 0 77)
#(550 20 1 53)
#(550 21 0 48)
#(550 22 0 4)
#(550 23 0 87)
#(550 24 0 84)
#(550 25 0 12)
#(550 26 1 97)
#(550 27 0 71)
#(550 28 0 10)
#(550 29 0 80)
#(550 30 0 28)
#(550 31 0 10)
#(550 32 0 62)
#(550 33 1 71)
#(550 34 0 1)
#(550 35 0 93)
#(550 36 0 70)
#(550 37 0 83)
#(550 38 1 85)
#(550 39 1 24)
#(550 40 1 5)
#(550 41 1 13)
#(550 42 0 58)
#(550 43 1 21)
#(550 44 0 60)
#(550 45 0 69)
#(550 46 0 7)
#(550 47 0 5)
#(550 48 0 40)
#(550 49 0 83)
#(550 50 1 49)
#(550 51 0 10)
#(550 52 0 7)
#(550 53 1 70)
#(550 54 0 15)
#(550 55 0 54)
#(550 56 1 75)
#(550 57 0 31)
#(550 58 0 73)
#(550 59 0 13)
#(550 60 0 91)
#(550 61 0 67)
#(550 62 0 82)
#(550 63 1 15)
#(550 64 1 88)
#(550 65 0 55)
#(550 66 1 83)
#(550 67 0 64)
#(550 68 0 31)
#(550 69 0 43)
#(551 1 0 0)
#(551 2 1 77)
#(551 3 1 37)
#(551 4 1 7)
#(551 5 0 42)
#(551 6 0 41)
#(551 7 1 75)
#(551 8 0 5)
#(551 9 1 42)
#(551 10 0 27)
#(551 11 0 31)
#(551 12 0 36)
#(551 13 1 64)
#(551 14 0 24)
#(551 15 0 58)
#(551 16 1 27)
#(551 17 0 33)
#(551 18 0 31)
#(551 19 0 79)
#(551 20 1 25)
#(551 21 0 26)
#(551 22 0 9)
#(551 23 0 61)
#(551 24 1 87)
#(551 25 0 64)
#(551 26 0 76)
#(551 27 0 15)
#(551 28 0 24)
#(551 29 0 20)
#(551 30 0 58)
#(551 31 1 61)
#(551 32 0 36)
#(551 33 0 3)
#(551 34 0 94)
#(551 35 0 43)
#(551 36 0 82)
#(551 37 0 95)
#(551 38 1 68)
#(551 39 0 81)
#(551 40 0 87)
#(551 41 0 98)
#(551 42 0 45)
#(551 43 1 91)
#(551 44 0 66)
#(551 45 0 37)
#(551 46 0 11)
#(551 47 0 52)
#(551 48 0 35)
#(551 49 0 90)
#(551 50 0 41)
#(551 51 0 37)
#(551 52 0 74)
#(551 53 0 29)
#(551 54 0 73)
#(551 55 1 65)
#(551 56 1 38)
#(551 57 1 51)
#(551 58 0 30)
#(551 59 0 43)
#(551 60 1 11)
#(551 61 1 40)
#(551 62 0 94)
#(551 63 0 76)
#(551 64 0 15)
#(551 65 1 24)
#(551 66 0 81)
#(551 67 1 39)
#(551 68 0 72)
#(551 69 0 24)
#(552 1 0 90)
#(552 2 1 78)
#(552 3 1 60)
#(552 4 0 55)
#(552 5 0 31)
#(552 6 1 15)
#(552 7 0 60)
#(552 8 1 96)
#(552 9 0 84)
#(552 10 1 68)
#(552 11 0 45)
#(552 12 0 15)
#(552 13 1 71)
#(552 14 0 22)
#(552 15 0 25)
#(552 16 0 67)
#(552 17 0 27)
#(552 18 1 59)
#(552 19 0 93)
#(552 20 1 53)
#(552 21 0 24)
#(552 22 1 97)
#(552 23 1 90)
#(552 24 0 9)
#(552 25 0 37)
#(552 26 0 29)
#(552 27 0 34)
#(552 28 0 51)
#(552 29 1 0)
#(552 30 0 56)
#(552 31 1 42)
#(552 32 1 10)
#(552 33 0 13)
#(552 34 1 92)
#(552 35 0 60)
#(552 36 0 52)
#(552 37 0 45)
#(552 38 0 14)
#(552 39 0 57)
#(552 40 1 38)
#(552 41 0 1)
#(552 42 0 56)
#(552 43 0 65)
#(552 44 0 81)
#(552 45 1 38)
#(552 46 1 40)
#(552 47 0 8)
#(552 48 1 5)
#(552 49 1 1)
#(552 50 0 72)
#(552 51 0 25)
#(552 52 0 2)
#(552 53 1 61)
#(552 54 0 55)
#(552 55 0 79)
#(552 56 0 16)
#(552 57 1 67)
#(552 58 0 6)
#(552 59 1 45)
#(552 60 1 45)
#(552 61 1 87)
#(552 62 0 8)
#(552 63 0 75)
#(552 64 0 48)
#(552 65 1 24)
#(552 66 0 3)
#(552 67 0 98)
#(552 68 0 38)
#(552 69 1 49)
#(553 1 1 19)
#(553 2 0 8)
#(553 3 0 81)
#(553 4 0 1)
#(553 5 0 96)
#(553 6 0 20)
#(553 7 0 97)
#(553 8 0 67)
#(553 9 0 59)
#(553 10 0 87)
#(553 11 1 81)
#(553 12 1 64)
#(553 13 0 95)
#(553 14 0 30)
#(553 15 1 57)
#(553 16 1 66)
#(553 17 0 3)
#(553 18 1 62)
#(553 19 1 10)
#(553 20 1 5)
#(553 21 0 50)
#(553 22 1 11)
#(553 23 0 81)
#(553 24 1 12)
#(553 25 1 75)
#(553 26 0 81)
#(553 27 0 4)
#(553 28 0 84)
#(553 29 0 94)
#(553 30 0 49)
#(553 31 0 46)
#(553 32 1 31)
#(553 33 0 92)
#(553 34 0 66)
#(553 35 0 66)
#(553 36 1 82)
#(553 37 1 82)
#(553 38 0 21)
#(553 39 1 0)
#(553 40 0 10)
#(553 41 0 52)
#(553 42 0 25)
#(553 43 0 36)
#(553 44 0 73)
#(553 45 0 1)
#(553 46 0 92)
#(553 47 1 48)
#(553 48 0 81)
#(553 49 0 15)
#(553 50 0 41)
#(553 51 0 47)
#(553 52 0 29)
#(553 53 1 10)
#(553 54 1 48)
#(553 55 1 20)
#(553 56 1 43)
#(553 57 0 18)
#(553 58 0 24)
#(553 59 0 96)
#(553 60 0 43)
#(553 61 0 34)
#(553 62 0 77)
#(553 63 0 89)
#(553 64 0 62)
#(553 65 0 76)
#(553 66 0 1)
#(553 67 1 59)
#(553 68 0 2)
#(553 69 0 30)
#(554 1 0 78)
#(554 2 1 89)
#(554 3 0 76)
#(554 4 0 74)
#(554 5 1 75)
#(554 6 1 42)
#(554 7 0 51)
#(554 8 0 79)
#(554 9 0 68)
#(554 10 0 30)
#(554 11 1 79)
#(554 12 1 66)
#(554 13 0 9)
#(554 14 0 68)
#(554 15 1 45)
#(554 16 1 4)
#(554 17 0 90)
#(554 18 0 90)
#(554 19 1 48)
#(554 20 1 14)
#(554 21 0 80)
#(554 22 1 4)
#(554 23 1 72)
#(554 24 0 79)
#(554 25 0 83)
#(554 26 1 85)
#(554 27 0 78)
#(554 28 0 55)
#(554 29 0 32)
#(554 30 0 97)
#(554 31 0 84)
#(554 32 0 12)
#(554 33 1 27)
#(554 34 0 86)
#(554 35 0 2)
#(554 36 1 66)
#(554 37 0 8)
#(554 38 0 90)
#(554 39 0 88)
#(554 40 0 9)
#(554 41 0 95)
#(554 42 1 69)
#(554 43 0 7)
#(554 44 0 53)
#(554 45 0 54)
#(554 46 0 97)
#(554 47 0 66)
#(554 48 0 23)
#(554 49 1 85)
#(554 50 0 20)
#(554 51 0 22)
#(554 52 0 19)
#(554 53 0 22)
#(554 54 1 96)
#(554 55 0 37)
#(554 56 0 97)
#(554 57 0 77)
#(554 58 1 5)
#(554 59 0 84)
#(554 60 0 56)
#(554 61 0 95)
#(554 62 0 52)
#(554 63 1 79)
#(554 64 0 19)
#(554 65 0 78)
#(554 66 0 5)
#(554 67 0 24)
#(554 68 0 71)
#(554 69 0 49)
#(555 1 1 72)
#(555 2 1 70)
#(555 3 0 37)
#(555 4 1 32)
#(555 5 0 57)
#(555 6 0 58)
#(555 7 0 58)
#(555 8 0 84)
#(555 9 0 72)
#(555 10 0 18)
#(555 11 0 49)
#(555 12 0 5)
#(555 13 0 62)
#(555 14 1 31)
#(555 15 1 55)
#(555 16 1 21)
#(555 17 0 95)
#(555 18 0 81)
#(555 19 1 27)
#(555 20 0 75)
#(555 21 1 41)
#(555 22 1 81)
#(555 23 0 60)
#(555 24 1 33)
#(555 25 0 15)
#(555 26 0 25)
#(555 27 1 38)
#(555 28 0 97)
#(555 29 0 58)
#(555 30 0 7)
#(555 31 1 93)
#(555 32 0 51)
#(555 33 0 7)
#(555 34 0 31)
#(555 35 0 9)
#(555 36 0 7)
#(555 37 0 43)
#(555 38 0 59)
#(555 39 1 28)
#(555 40 0 76)
#(555 41 1 91)
#(555 42 0 75)
#(555 43 1 7)
#(555 44 0 85)
#(555 45 0 76)
#(555 46 1 89)
#(555 47 0 25)
#(555 48 0 84)
#(555 49 1 54)
#(555 50 0 47)
#(555 51 0 49)
#(555 52 0 22)
#(555 53 0 16)
#(555 54 1 26)
#(555 55 0 53)
#(555 56 0 2)
#(555 57 0 11)
#(555 58 1 47)
#(555 59 0 68)
#(555 60 0 15)
#(555 61 0 94)
#(555 62 1 66)
#(555 63 0 66)
#(555 64 1 86)
#(555 65 0 85)
#(555 66 0 27)
#(555 67 0 95)
#(555 68 0 16)
#(555 69 1 97)
#(556 1 0 91)
#(556 2 0 75)
#(556 3 1 51)
#(556 4 0 94)
#(556 5 0 22)
#(556 6 1 28)
#(556 7 0 3)
#(556 8 1 9)
#(556 9 0 56)
#(556 10 0 44)
#(556 11 0 6)
#(556 12 1 66)
#(556 13 0 7)
#(556 14 1 92)
#(556 15 0 37)
#(556 16 0 94)
#(556 17 0 11)
#(556 18 0 88)
#(556 19 0 12)
#(556 20 0 41)
#(556 21 1 80)
#(556 22 0 51)
#(556 23 0 45)
#(556 24 0 43)
#(556 25 0 36)
#(556 26 0 55)
#(556 27 0 68)
#(556 28 0 38)
#(556 29 0 40)
#(556 30 1 66)
#(556 31 0 23)
#(556 32 1 93)
#(556 33 0 31)
#(556 34 1 17)
#(556 35 1 76)
#(556 36 0 60)
#(556 37 1 28)
#(556 38 0 50)
#(556 39 0 53)
#(556 40 0 17)
#(556 41 1 63)
#(556 42 0 8)
#(556 43 0 53)
#(556 44 0 97)
#(556 45 1 35)
#(556 46 1 64)
#(556 47 0 88)
#(556 48 0 36)
#(556 49 1 64)
#(556 50 0 81)
#(556 51 0 94)
#(556 52 0 46)
#(556 53 1 11)
#(556 54 0 29)
#(556 55 0 47)
#(556 56 1 97)
#(556 57 0 55)
#(556 58 0 81)
#(556 59 1 95)
#(556 60 0 30)
#(556 61 1 8)
#(556 62 1 76)
#(556 63 1 0)
#(556 64 0 22)
#(556 65 0 21)
#(556 66 1 25)
#(556 67 1 90)
#(556 68 0 34)
#(556 69 1 63)
#(557 1 0 44)
#(557 2 0 75)
#(557 3 0 8)
#(557 4 1 59)
#(557 5 0 74)
#(557 6 1 71)
#(557 7 1 46)
#(557 8 1 94)
#(557 9 0 98)
#(557 10 0 92)
#(557 11 1 71)
#(557 12 0 86)
#(557 13 1 32)
#(557 14 0 82)
#(557 15 0 89)
#(557 16 0 50)
#(557 17 0 33)
#(557 18 0 98)
#(557 19 1 22)
#(557 20 0 77)
#(557 21 1 70)
#(557 22 0 17)
#(557 23 0 85)
#(557 24 0 72)
#(557 25 1 83)
#(557 26 0 84)
#(557 27 0 24)
#(557 28 0 57)
#(557 29 0 10)
#(557 30 1 53)
#(557 31 0 79)
#(557 32 0 31)
#(557 33 1 52)
#(557 34 0 89)
#(557 35 0 8)
#(557 36 0 86)
#(557 37 1 83)
#(557 38 1 16)
#(557 39 0 21)
#(557 40 1 48)
#(557 41 0 35)
#(557 42 1 30)
#(557 43 0 94)
#(557 44 0 3)
#(557 45 0 62)
#(557 46 0 31)
#(557 47 0 77)
#(557 48 0 29)
#(557 49 0 86)
#(557 50 0 4)
#(557 51 1 74)
#(557 52 0 8)
#(557 53 1 31)
#(557 54 0 31)
#(557 55 1 27)
#(557 56 0 55)
#(557 57 0 86)
#(557 58 0 65)
#(557 59 1 55)
#(557 60 0 11)
#(557 61 0 25)
#(557 62 1 22)
#(557 63 0 53)
#(557 64 0 21)
#(557 65 1 65)
#(557 66 0 64)
#(557 67 0 50)
#(557 68 1 78)
#(557 69 1 85)
#(558 1 0 7)
#(558 2 0 51)
#(558 3 0 7)
#(558 4 0 23)
#(558 5 1 97)
#(558 6 0 89)
#(558 7 0 42)
#(558 8 0 89)
#(558 9 1 49)
#(558 10 0 94)
#(558 11 0 21)
#(558 12 0 46)
#(558 13 0 18)
#(558 14 1 69)
#(558 15 0 65)
#(558 16 0 49)
#(558 17 0 4)
#(558 18 0 48)
#(558 19 0 67)
#(558 20 0 91)
#(558 21 0 90)
#(558 22 0 66)
#(558 23 1 71)
#(558 24 0 96)
#(558 25 1 49)
#(558 26 1 10)
#(558 27 0 98)
#(558 28 0 16)
#(558 29 0 7)
#(558 30 0 95)
#(558 31 0 85)
#(558 32 1 9)
#(558 33 1 15)
#(558 34 0 19)
#(558 35 0 83)
#(558 36 0 50)
#(558 37 0 82)
#(558 38 0 79)
#(558 39 1 44)
#(558 40 0 16)
#(558 41 0 67)
#(558 42 0 69)
#(558 43 0 84)
#(558 44 1 53)
#(558 45 0 6)
#(558 46 0 49)
#(558 47 0 68)
#(558 48 0 16)
#(558 49 1 11)
#(558 50 1 10)
#(558 51 0 26)
#(558 52 1 5)
#(558 53 0 8)
#(558 54 0 18)
#(558 55 0 11)
#(558 56 1 85)
#(558 57 0 15)
#(558 58 1 24)
#(558 59 1 11)
#(558 60 1 4)
#(558 61 0 80)
#(558 62 0 72)
#(558 63 0 22)
#(558 64 1 46)
#(558 65 1 65)
#(558 66 0 18)
#(558 67 0 91)
#(558 68 0 92)
#(558 69 1 54)
#(559 1 0 95)
#(559 2 0 87)
#(559 3 0 51)
#(559 4 1 23)
#(559 5 0 60)
#(559 6 0 36)
#(559 7 0 25)
#(559 8 0 13)
#(559 9 1 95)
#(559 10 1 45)
#(559 11 0 79)
#(559 12 0 10)
#(559 13 1 57)
#(559 14 0 16)
#(559 15 0 44)
#(559 16 0 16)
#(559 17 1 14)
#(559 18 1 80)
#(559 19 1 59)
#(559 20 0 67)
#(559 21 0 42)
#(559 22 1 16)
#(559 23 1 39)
#(559 24 0 43)
#(559 25 0 45)
#(559 26 1 41)
#(559 27 1 66)
#(559 28 0 69)
#(559 29 1 32)
#(559 30 0 53)
#(559 31 0 94)
#(559 32 0 89)
#(559 33 0 79)
#(559 34 0 47)
#(559 35 1 52)
#(559 36 1 74)
#(559 37 1 73)
#(559 38 1 45)
#(559 39 0 58)
#(559 40 0 77)
#(559 41 1 53)
#(559 42 0 74)
#(559 43 0 14)
#(559 44 0 31)
#(559 45 1 67)
#(559 46 1 60)
#(559 47 0 80)
#(559 48 0 57)
#(559 49 1 62)
#(559 50 0 24)
#(559 51 0 7)
#(559 52 1 7)
#(559 53 1 61)
#(559 54 1 49)
#(559 55 0 15)
#(559 56 1 17)
#(559 57 0 4)
#(559 58 0 34)
#(559 59 0 51)
#(559 60 0 83)
#(559 61 0 48)
#(559 62 0 44)
#(559 63 0 72)
#(559 64 1 22)
#(559 65 0 6)
#(559 66 0 75)
#(559 67 0 92)
#(559 68 1 37)
#(559 69 0 97)
#(560 1 0 55)
#(560 2 1 66)
#(560 3 1 53)
#(560 4 1 86)
#(560 5 1 40)
#(560 6 0 23)
#(560 7 0 1)
#(560 8 0 18)
#(560 9 0 25)
#(560 10 0 4)
#(560 11 0 24)
#(560 12 0 65)
#(560 13 0 25)
#(560 14 1 62)
#(560 15 0 82)
#(560 16 0 30)
#(560 17 0 1)
#(560 18 0 4)
#(560 19 1 78)
#(560 20 1 82)
#(560 21 0 53)
#(560 22 0 58)
#(560 23 0 88)
#(560 24 1 83)
#(560 25 0 53)
#(560 26 0 38)
#(560 27 0 11)
#(560 28 1 25)
#(560 29 1 3)
#(560 30 0 59)
#(560 31 0 49)
#(560 32 0 68)
#(560 33 0 31)
#(560 34 0 37)
#(560 35 0 66)
#(560 36 0 60)
#(560 37 0 25)
#(560 38 1 65)
#(560 39 1 80)
#(560 40 0 82)
#(560 41 0 45)
#(560 42 1 15)
#(560 43 0 92)
#(560 44 1 21)
#(560 45 1 70)
#(560 46 1 66)
#(560 47 1 20)
#(560 48 0 71)
#(560 49 1 26)
#(560 50 1 81)
#(560 51 1 70)
#(560 52 0 2)
#(560 53 1 60)
#(560 54 0 8)
#(560 55 0 96)
#(560 56 0 49)
#(560 57 0 74)
#(560 58 1 56)
#(560 59 0 41)
#(560 60 0 46)
#(560 61 0 70)
#(560 62 0 65)
#(560 63 0 58)
#(560 64 1 62)
#(560 65 1 25)
#(560 66 0 19)
#(560 67 0 90)
#(560 68 0 42)
#(560 69 0 15)
#(561 1 1 2)
#(561 2 0 43)
#(561 3 1 51)
#(561 4 0 78)
#(561 5 0 38)
#(561 6 1 84)
#(561 7 0 67)
#(561 8 1 46)
#(561 9 0 42)
#(561 10 0 66)
#(561 11 1 37)
#(561 12 1 76)
#(561 13 0 68)
#(561 14 0 50)
#(561 15 0 35)
#(561 16 0 3)
#(561 17 0 95)
#(561 18 1 85)
#(561 19 1 26)
#(561 20 0 24)
#(561 21 1 21)
#(561 22 1 42)
#(561 23 0 25)
#(561 24 0 87)
#(561 25 0 97)
#(561 26 0 36)
#(561 27 0 2)
#(561 28 0 80)
#(561 29 0 26)
#(561 30 0 54)
#(561 31 1 32)
#(561 32 0 43)
#(561 33 0 71)
#(561 34 1 58)
#(561 35 1 75)
#(561 36 0 82)
#(561 37 1 60)
#(561 38 0 52)
#(561 39 0 39)
#(561 40 0 53)
#(561 41 0 8)
#(561 42 0 72)
#(561 43 0 85)
#(561 44 1 62)
#(561 45 0 9)
#(561 46 0 50)
#(561 47 0 97)
#(561 48 0 12)
#(561 49 0 29)
#(561 50 1 51)
#(561 51 1 75)
#(561 52 1 73)
#(561 53 0 58)
#(561 54 1 41)
#(561 55 1 95)
#(561 56 0 10)
#(561 57 0 85)
#(561 58 1 11)
#(561 59 0 1)
#(561 60 0 43)
#(561 61 0 75)
#(561 62 0 67)
#(561 63 0 20)
#(561 64 1 43)
#(561 65 1 90)
#(561 66 0 22)
#(561 67 0 35)
#(561 68 0 12)
#(561 69 0 3)
#(562 1 0 88)
#(562 2 0 52)
#(562 3 0 51)
#(562 4 0 0)
#(562 5 0 91)
#(562 6 0 76)
#(562 7 0 32)
#(562 8 0 57)
#(562 9 0 70)
#(562 10 1 69)
#(562 11 1 24)
#(562 12 0 89)
#(562 13 0 94)
#(562 14 0 73)
#(562 15 1 21)
#(562 16 1 52)
#(562 17 1 29)
#(562 18 1 13)
#(562 19 1 41)
#(562 20 0 90)
#(562 21 1 39)
#(562 22 1 27)
#(562 23 0 16)
#(562 24 0 47)
#(562 25 0 76)
#(562 26 0 58)
#(562 27 0 42)
#(562 28 0 78)
#(562 29 0 88)
#(562 30 1 40)
#(562 31 0 53)
#(562 32 1 4)
#(562 33 0 58)
#(562 34 0 19)
#(562 35 1 26)
#(562 36 1 36)
#(562 37 0 1)
#(562 38 1 6)
#(562 39 0 81)
#(562 40 1 12)
#(562 41 1 96)
#(562 42 1 33)
#(562 43 0 33)
#(562 44 0 21)
#(562 45 0 24)
#(562 46 0 64)
#(562 47 0 77)
#(562 48 0 2)
#(562 49 1 62)
#(562 50 0 26)
#(562 51 1 71)
#(562 52 0 28)
#(562 53 1 84)
#(562 54 1 88)
#(562 55 0 23)
#(562 56 0 64)
#(562 57 1 40)
#(562 58 0 74)
#(562 59 0 70)
#(562 60 0 7)
#(562 61 0 53)
#(562 62 0 43)
#(562 63 1 70)
#(562 64 0 39)
#(562 65 0 62)
#(562 66 1 79)
#(562 67 0 80)
#(562 68 1 90)
#(562 69 0 56)
#(563 1 0 48)
#(563 2 0 87)
#(563 3 1 51)
#(563 4 0 38)
#(563 5 0 38)
#(563 6 1 62)
#(563 7 0 42)
#(563 8 0 87)
#(563 9 0 49)
#(563 10 0 79)
#(563 11 0 94)
#(563 12 0 83)
#(563 13 0 80)
#(563 14 0 24)
#(563 15 0 9)
#(563 16 0 38)
#(563 17 0 50)
#(563 18 0 9)
#(563 19 0 5)
#(563 20 0 35)
#(563 21 0 93)
#(563 22 0 94)
#(563 23 0 72)
#(563 24 1 36)
#(563 25 0 89)
#(563 26 1 84)
#(563 27 0 61)
#(563 28 1 23)
#(563 29 0 63)
#(563 30 0 55)
#(563 31 0 5)
#(563 32 0 67)
#(563 33 0 42)
#(563 34 1 69)
#(563 35 1 11)
#(563 36 0 97)
#(563 37 1 2)
#(563 38 1 65)
#(563 39 0 79)
#(563 40 0 34)
#(563 41 0 84)
#(563 42 0 33)
#(563 43 0 13)
#(563 44 1 67)
#(563 45 0 39)
#(563 46 0 41)
#(563 47 0 12)
#(563 48 0 53)
#(563 49 1 70)
#(563 50 0 59)
#(563 51 1 36)
#(563 52 0 86)
#(563 53 1 97)
#(563 54 0 83)
#(563 55 0 1)
#(563 56 0 5)
#(563 57 0 85)
#(563 58 1 76)
#(563 59 0 62)
#(563 60 0 88)
#(563 61 1 75)
#(563 62 0 70)
#(563 63 1 14)
#(563 64 0 95)
#(563 65 0 83)
#(563 66 0 65)
#(563 67 1 78)
#(563 68 1 58)
#(563 69 1 15)
#(564 1 1 48)
#(564 2 0 36)
#(564 3 1 89)
#(564 4 1 23)
#(564 5 0 75)
#(564 6 0 58)
#(564 7 0 95)
#(564 8 1 28)
#(564 9 0 85)
#(564 10 1 70)
#(564 11 0 7)
#(564 12 1 66)
#(564 13 0 46)
#(564 14 0 72)
#(564 15 0 17)
#(564 16 1 2)
#(564 17 0 91)
#(564 18 0 67)
#(564 19 0 20)
#(564 20 1 93)
#(564 21 0 12)
#(564 22 0 68)
#(564 23 0 72)
#(564 24 1 9)
#(564 25 0 90)
#(564 26 1 7)
#(564 27 0 82)
#(564 28 1 56)
#(564 29 0 46)
#(564 30 0 16)
#(564 31 0 3)
#(564 32 0 91)
#(564 33 1 16)
#(564 34 0 72)
#(564 35 0 64)
#(564 36 1 68)
#(564 37 0 65)
#(564 38 0 7)
#(564 39 0 56)
#(564 40 0 13)
#(564 41 0 74)
#(564 42 1 96)
#(564 43 0 90)
#(564 44 1 1)
#(564 45 0 96)
#(564 46 0 58)
#(564 47 0 29)
#(564 48 0 60)
#(564 49 0 73)
#(564 50 0 49)
#(564 51 0 4)
#(564 52 0 51)
#(564 53 0 95)
#(564 54 0 50)
#(564 55 1 14)
#(564 56 0 75)
#(564 57 1 21)
#(564 58 0 5)
#(564 59 1 98)
#(564 60 0 83)
#(564 61 1 48)
#(564 62 0 5)
#(564 63 1 54)
#(564 64 0 35)
#(564 65 0 53)
#(564 66 0 25)
#(564 67 0 90)
#(564 68 0 54)
#(564 69 0 96)
#(565 1 1 88)
#(565 2 1 58)
#(565 3 1 94)
#(565 4 1 31)
#(565 5 1 23)
#(565 6 0 23)
#(565 7 1 98)
#(565 8 1 94)
#(565 9 0 81)
#(565 10 0 7)
#(565 11 0 95)
#(565 12 1 15)
#(565 13 0 97)
#(565 14 0 34)
#(565 15 1 19)
#(565 16 0 48)
#(565 17 0 69)
#(565 18 0 57)
#(565 19 1 73)
#(565 20 0 24)
#(565 21 1 67)
#(565 22 0 19)
#(565 23 0 1)
#(565 24 0 29)
#(565 25 0 21)
#(565 26 0 40)
#(565 27 0 26)
#(565 28 1 18)
#(565 29 1 38)
#(565 30 0 70)
#(565 31 0 58)
#(565 32 0 41)
#(565 33 0 83)
#(565 34 0 86)
#(565 35 0 36)
#(565 36 0 65)
#(565 37 0 69)
#(565 38 0 85)
#(565 39 0 84)
#(565 40 0 92)
#(565 41 0 4)
#(565 42 0 45)
#(565 43 0 52)
#(565 44 0 2)
#(565 45 0 40)
#(565 46 0 61)
#(565 47 0 47)
#(565 48 0 6)
#(565 49 1 36)
#(565 50 0 70)
#(565 51 1 65)
#(565 52 0 62)
#(565 53 1 25)
#(565 54 0 23)
#(565 55 1 59)
#(565 56 1 52)
#(565 57 1 26)
#(565 58 0 86)
#(565 59 0 41)
#(565 60 0 65)
#(565 61 1 28)
#(565 62 0 66)
#(565 63 0 29)
#(565 64 0 8)
#(565 65 1 58)
#(565 66 1 71)
#(565 67 0 6)
#(565 68 0 83)
#(565 69 1 40)
#(566 1 0 89)
#(566 2 0 45)
#(566 3 0 66)
#(566 4 0 19)
#(566 5 0 5)
#(566 6 1 77)
#(566 7 1 98)
#(566 8 0 6)
#(566 9 0 57)
#(566 10 1 73)
#(566 11 0 49)
#(566 12 0 8)
#(566 13 1 70)
#(566 14 1 94)
#(566 15 0 63)
#(566 16 0 33)
#(566 17 1 23)
#(566 18 0 55)
#(566 19 1 95)
#(566 20 1 93)
#(566 21 1 32)
#(566 22 1 98)
#(566 23 0 1)
#(566 24 0 71)
#(566 25 1 1)
#(566 26 0 46)
#(566 27 1 37)
#(566 28 0 13)
#(566 29 0 86)
#(566 30 0 54)
#(566 31 1 12)
#(566 32 1 37)
#(566 33 0 59)
#(566 34 1 19)
#(566 35 1 81)
#(566 36 1 42)
#(566 37 0 85)
#(566 38 1 23)
#(566 39 0 66)
#(566 40 0 70)
#(566 41 0 80)
#(566 42 1 39)
#(566 43 1 56)
#(566 44 1 98)
#(566 45 1 90)
#(566 46 0 18)
#(566 47 0 16)
#(566 48 0 53)
#(566 49 0 12)
#(566 50 0 76)
#(566 51 1 84)
#(566 52 0 55)
#(566 53 1 67)
#(566 54 0 19)
#(566 55 0 49)
#(566 56 0 15)
#(566 57 0 92)
#(566 58 1 3)
#(566 59 0 12)
#(566 60 0 61)
#(566 61 0 67)
#(566 62 0 12)
#(566 63 0 55)
#(566 64 0 8)
#(566 65 1 49)
#(566 66 1 13)
#(566 67 0 88)
#(566 68 1 12)
#(566 69 0 39)
#(567 1 1 77)
#(567 2 0 94)
#(567 3 0 36)
#(567 4 0 73)
#(567 5 1 40)
#(567 6 0 76)
#(567 7 1 22)
#(567 8 0 61)
#(567 9 0 68)
#(567 10 0 88)
#(567 11 1 60)
#(567 12 0 37)
#(567 13 0 77)
#(567 14 1 52)
#(567 15 0 69)
#(567 16 0 8)
#(567 17 0 22)
#(567 18 0 56)
#(567 19 1 15)
#(567 20 0 11)
#(567 21 0 12)
#(567 22 1 2)
#(567 23 0 31)
#(567 24 1 67)
#(567 25 1 9)
#(567 26 0 77)
#(567 27 0 13)
#(567 28 1 78)
#(567 29 1 34)
#(567 30 0 45)
#(567 31 1 30)
#(567 32 0 87)
#(567 33 0 20)
#(567 34 1 66)
#(567 35 0 30)
#(567 36 0 78)
#(567 37 0 92)
#(567 38 1 37)
#(567 39 0 53)
#(567 40 0 21)
#(567 41 0 39)
#(567 42 0 67)
#(567 43 0 73)
#(567 44 1 7)
#(567 45 1 88)
#(567 46 0 18)
#(567 47 0 18)
#(567 48 0 75)
#(567 49 1 40)
#(567 50 0 11)
#(567 51 1 98)
#(567 52 0 57)
#(567 53 0 41)
#(567 54 0 21)
#(567 55 0 95)
#(567 56 0 21)
#(567 57 0 27)
#(567 58 1 6)
#(567 59 1 19)
#(567 60 1 95)
#(567 61 0 61)
#(567 62 0 62)
#(567 63 0 19)
#(567 64 0 86)
#(567 65 0 98)
#(567 66 0 42)
#(567 67 0 26)
#(567 68 0 84)
#(567 69 0 27)
#(568 1 1 66)
#(568 2 0 26)
#(568 3 1 51)
#(568 4 0 93)
#(568 5 0 27)
#(568 6 0 12)
#(568 7 0 10)
#(568 8 0 34)
#(568 9 1 1)
#(568 10 0 33)
#(568 11 1 23)
#(568 12 1 62)
#(568 13 0 97)
#(568 14 0 51)
#(568 15 1 76)
#(568 16 0 66)
#(568 17 1 24)
#(568 18 1 26)
#(568 19 1 45)
#(568 20 0 73)
#(568 21 0 62)
#(568 22 0 16)
#(568 23 0 69)
#(568 24 1 30)
#(568 25 0 73)
#(568 26 1 3)
#(568 27 0 94)
#(568 28 0 36)
#(568 29 0 70)
#(568 30 0 98)
#(568 31 0 95)
#(568 32 0 13)
#(568 33 0 46)
#(568 34 1 40)
#(568 35 0 38)
#(568 36 0 4)
#(568 37 0 24)
#(568 38 1 71)
#(568 39 0 68)
#(568 40 1 85)
#(568 41 0 49)
#(568 42 0 38)
#(568 43 0 70)
#(568 44 0 2)
#(568 45 1 67)
#(568 46 0 27)
#(568 47 0 81)
#(568 48 0 59)
#(568 49 1 17)
#(568 50 0 63)
#(568 51 1 64)
#(568 52 1 74)
#(568 53 1 16)
#(568 54 0 61)
#(568 55 0 95)
#(568 56 0 45)
#(568 57 0 32)
#(568 58 0 22)
#(568 59 1 84)
#(568 60 0 55)
#(568 61 0 28)
#(568 62 0 92)
#(568 63 0 26)
#(568 64 0 0)
#(568 65 1 91)
#(568 66 0 10)
#(568 67 0 52)
#(568 68 1 8)
#(568 69 0 13)
#(569 1 1 39)
#(569 2 0 13)
#(569 3 1 43)
#(569 4 0 1)
#(569 5 1 21)
#(569 6 0 73)
#(569 7 0 83)
#(569 8 0 35)
#(569 9 0 91)
#(569 10 0 16)
#(569 11 1 91)
#(569 12 0 98)
#(569 13 0 31)
#(569 14 1 52)
#(569 15 0 2)
#(569 16 1 66)
#(569 17 0 51)
#(569 18 0 39)
#(569 19 0 23)
#(569 20 0 33)
#(569 21 0 63)
#(569 22 1 67)
#(569 23 1 40)
#(569 24 1 77)
#(569 25 0 30)
#(569 26 1 17)
#(569 27 0 87)
#(569 28 0 51)
#(569 29 1 20)
#(569 30 0 65)
#(569 31 0 98)
#(569 32 0 87)
#(569 33 0 18)
#(569 34 0 85)
#(569 35 0 30)
#(569 36 1 67)
#(569 37 1 32)
#(569 38 1 12)
#(569 39 1 67)
#(569 40 1 9)
#(569 41 0 75)
#(569 42 1 31)
#(569 43 0 66)
#(569 44 0 23)
#(569 45 1 53)
#(569 46 1 9)
#(569 47 0 21)
#(569 48 1 47)
#(569 49 0 10)
#(569 50 1 98)
#(569 51 1 51)
#(569 52 0 54)
#(569 53 0 20)
#(569 54 0 47)
#(569 55 0 11)
#(569 56 1 56)
#(569 57 0 27)
#(569 58 1 84)
#(569 59 0 24)
#(569 60 1 32)
#(569 61 0 25)
#(569 62 0 79)
#(569 63 0 31)
#(569 64 0 53)
#(569 65 1 82)
#(569 66 1 60)
#(569 67 0 22)
#(569 68 1 38)
#(569 69 0 3)
#(570 1 1 11)
#(570 2 0 85)
#(570 3 1 33)
#(570 4 0 68)
#(570 5 0 97)
#(570 6 0 79)
#(570 7 0 89)
#(570 8 1 15)
#(570 9 0 54)
#(570 10 0 62)
#(570 11 0 55)
#(570 12 0 9)
#(570 13 0 88)
#(570 14 1 80)
#(570 15 1 32)
#(570 16 0 74)
#(570 17 1 2)
#(570 18 1 28)
#(570 19 0 87)
#(570 20 0 48)
#(570 21 0 84)
#(570 22 0 24)
#(570 23 1 56)
#(570 24 1 57)
#(570 25 0 88)
#(570 26 1 63)
#(570 27 1 15)
#(570 28 0 63)
#(570 29 0 97)
#(570 30 0 97)
#(570 31 0 20)
#(570 32 0 95)
#(570 33 0 73)
#(570 34 0 9)
#(570 35 0 66)
#(570 36 0 30)
#(570 37 0 33)
#(570 38 0 98)
#(570 39 1 61)
#(570 40 0 36)
#(570 41 0 54)
#(570 42 0 22)
#(570 43 0 9)
#(570 44 0 13)
#(570 45 0 57)
#(570 46 0 39)
#(570 47 0 55)
#(570 48 1 11)
#(570 49 1 82)
#(570 50 1 24)
#(570 51 0 14)
#(570 52 0 80)
#(570 53 0 12)
#(570 54 1 12)
#(570 55 1 35)
#(570 56 1 75)
#(570 57 0 66)
#(570 58 1 9)
#(570 59 0 96)
#(570 60 1 52)
#(570 61 0 18)
#(570 62 1 17)
#(570 63 0 88)
#(570 64 0 75)
#(570 65 0 58)
#(570 66 1 45)
#(570 67 1 78)
#(570 68 0 25)
#(570 69 0 61)
#(571 1 0 74)
#(571 2 1 0)
#(571 3 0 73)
#(571 4 1 64)
#(571 5 1 82)
#(571 6 1 24)
#(571 7 1 48)
#(571 8 1 25)
#(571 9 0 68)
#(571 10 1 85)
#(571 11 1 47)
#(571 12 0 45)
#(571 13 0 56)
#(571 14 0 62)
#(571 15 0 34)
#(571 16 1 14)
#(571 17 1 93)
#(571 18 0 71)
#(571 19 0 20)
#(571 20 1 71)
#(571 21 1 30)
#(571 22 0 85)
#(571 23 0 31)
#(571 24 0 4)
#(571 25 0 20)
#(571 26 0 78)
#(571 27 1 1)
#(571 28 1 58)
#(571 29 0 46)
#(571 30 0 75)
#(571 31 0 87)
#(571 32 0 92)
#(571 33 1 69)
#(571 34 0 29)
#(571 35 0 52)
#(571 36 0 7)
#(571 37 0 62)
#(571 38 1 24)
#(571 39 0 91)
#(571 40 0 41)
#(571 41 1 86)
#(571 42 0 5)
#(571 43 0 93)
#(571 44 1 5)
#(571 45 0 85)
#(571 46 0 31)
#(571 47 0 63)
#(571 48 0 40)
#(571 49 1 53)
#(571 50 0 86)
#(571 51 1 11)
#(571 52 0 84)
#(571 53 0 44)
#(571 54 1 96)
#(571 55 0 27)
#(571 56 0 24)
#(571 57 0 52)
#(571 58 0 84)
#(571 59 0 54)
#(571 60 0 27)
#(571 61 1 58)
#(571 62 0 48)
#(571 63 1 6)
#(571 64 0 31)
#(571 65 1 16)
#(571 66 1 31)
#(571 67 1 17)
#(571 68 0 61)
#(571 69 0 87)
#(572 1 0 66)
#(572 2 0 93)
#(572 3 1 81)
#(572 4 1 82)
#(572 5 1 81)
#(572 6 0 36)
#(572 7 0 11)
#(572 8 0 83)
#(572 9 0 96)
#(572 10 0 19)
#(572 11 0 9)
#(572 12 0 69)
#(572 13 0 72)
#(572 14 1 60)
#(572 15 1 68)
#(572 16 0 63)
#(572 17 0 68)
#(572 18 1 1)
#(572 19 0 84)
#(572 20 1 22)
#(572 21 0 2)
#(572 22 0 79)
#(572 23 0 13)
#(572 24 0 84)
#(572 25 1 45)
#(572 26 1 38)
#(572 27 0 7)
#(572 28 0 1)
#(572 29 1 53)
#(572 30 0 8)
#(572 31 0 94)
#(572 32 0 92)
#(572 33 1 97)
#(572 34 1 20)
#(572 35 0 51)
#(572 36 1 24)
#(572 37 1 75)
#(572 38 1 47)
#(572 39 0 54)
#(572 40 0 58)
#(572 41 0 55)
#(572 42 0 25)
#(572 43 0 1)
#(572 44 1 62)
#(572 45 1 70)
#(572 46 0 13)
#(572 47 0 54)
#(572 48 1 49)
#(572 49 1 77)
#(572 50 1 41)
#(572 51 1 4)
#(572 52 1 67)
#(572 53 1 79)
#(572 54 0 62)
#(572 55 1 30)
#(572 56 0 80)
#(572 57 1 73)
#(572 58 1 47)
#(572 59 1 33)
#(572 60 0 72)
#(572 61 0 55)
#(572 62 0 64)
#(572 63 1 3)
#(572 64 0 41)
#(572 65 1 37)
#(572 66 1 22)
#(572 67 0 32)
#(572 68 0 0)
#(572 69 1 47)
#(573 1 0 22)
#(573 2 0 93)
#(573 3 0 14)
#(573 4 1 79)
#(573 5 1 74)
#(573 6 0 79)
#(573 7 0 66)
#(573 8 0 70)
#(573 9 1 14)
#(573 10 1 46)
#(573 11 1 5)
#(573 12 1 83)
#(573 13 1 6)
#(573 14 0 13)
#(573 15 1 67)
#(573 16 1 7)
#(573 17 1 19)
#(573 18 1 47)
#(573 19 0 63)
#(573 20 0 21)
#(573 21 1 62)
#(573 22 0 84)
#(573 23 0 70)
#(573 24 0 64)
#(573 25 1 56)
#(573 26 0 85)
#(573 27 1 75)
#(573 28 0 78)
#(573 29 0 26)
#(573 30 0 37)
#(573 31 0 80)
#(573 32 1 13)
#(573 33 0 32)
#(573 34 0 10)
#(573 35 1 23)
#(573 36 0 9)
#(573 37 1 54)
#(573 38 0 35)
#(573 39 0 20)
#(573 40 1 39)
#(573 41 0 91)
#(573 42 1 62)
#(573 43 1 78)
#(573 44 0 98)
#(573 45 1 72)
#(573 46 1 82)
#(573 47 0 58)
#(573 48 1 17)
#(573 49 0 23)
#(573 50 1 1)
#(573 51 0 64)
#(573 52 0 5)
#(573 53 0 68)
#(573 54 0 8)
#(573 55 0 88)
#(573 56 0 75)
#(573 57 1 31)
#(573 58 1 42)
#(573 59 0 87)
#(573 60 0 21)
#(573 61 0 55)
#(573 62 0 5)
#(573 63 1 10)
#(573 64 0 12)
#(573 65 1 12)
#(573 66 1 85)
#(573 67 1 36)
#(573 68 0 59)
#(573 69 0 0)
#(574 1 0 54)
#(574 2 0 87)
#(574 3 1 74)
#(574 4 0 84)
#(574 5 0 91)
#(574 6 0 6)
#(574 7 1 74)
#(574 8 0 21)
#(574 9 0 71)
#(574 10 0 93)
#(574 11 0 26)
#(574 12 1 50)
#(574 13 0 44)
#(574 14 0 88)
#(574 15 1 49)
#(574 16 0 16)
#(574 17 0 54)
#(574 18 0 51)
#(574 19 0 57)
#(574 20 0 96)
#(574 21 0 97)
#(574 22 0 20)
#(574 23 1 25)
#(574 24 1 72)
#(574 25 0 10)
#(574 26 0 19)
#(574 27 0 0)
#(574 28 1 70)
#(574 29 0 6)
#(574 30 0 11)
#(574 31 1 60)
#(574 32 1 63)
#(574 33 1 13)
#(574 34 0 6)
#(574 35 0 78)
#(574 36 0 70)
#(574 37 0 79)
#(574 38 0 69)
#(574 39 0 25)
#(574 40 0 39)
#(574 41 0 5)
#(574 42 0 17)
#(574 43 0 89)
#(574 44 0 48)
#(574 45 1 5)
#(574 46 1 6)
#(574 47 1 77)
#(574 48 0 61)
#(574 49 1 30)
#(574 50 1 25)
#(574 51 0 96)
#(574 52 1 22)
#(574 53 0 45)
#(574 54 0 89)
#(574 55 1 92)
#(574 56 0 48)
#(574 57 1 1)
#(574 58 0 61)
#(574 59 0 74)
#(574 60 0 22)
#(574 61 0 91)
#(574 62 1 63)
#(574 63 1 15)
#(574 64 1 18)
#(574 65 0 98)
#(574 66 0 55)
#(574 67 0 62)
#(574 68 0 38)
#(574 69 0 36)
#(575 1 1 78)
#(575 2 0 66)
#(575 3 0 53)
#(575 4 0 69)
#(575 5 0 59)
#(575 6 0 83)
#(575 7 1 38)
#(575 8 0 81)
#(575 9 0 75)
#(575 10 0 45)
#(575 11 0 26)
#(575 12 0 86)
#(575 13 0 49)
#(575 14 0 60)
#(575 15 1 63)
#(575 16 0 21)
#(575 17 0 30)
#(575 18 0 73)
#(575 19 0 55)
#(575 20 1 63)
#(575 21 0 80)
#(575 22 0 19)
#(575 23 0 47)
#(575 24 0 48)
#(575 25 1 52)
#(575 26 1 86)
#(575 27 0 81)
#(575 28 1 50)
#(575 29 0 50)
#(575 30 1 70)
#(575 31 0 78)
#(575 32 0 73)
#(575 33 1 87)
#(575 34 0 85)
#(575 35 0 84)
#(575 36 0 46)
#(575 37 1 72)
#(575 38 0 14)
#(575 39 0 30)
#(575 40 0 57)
#(575 41 0 79)
#(575 42 1 79)
#(575 43 0 84)
#(575 44 0 21)
#(575 45 1 94)
#(575 46 0 85)
#(575 47 1 21)
#(575 48 1 2)
#(575 49 0 72)
#(575 50 0 90)
#(575 51 0 83)
#(575 52 0 9)
#(575 53 0 98)
#(575 54 0 72)
#(575 55 0 73)
#(575 56 1 47)
#(575 57 0 76)
#(575 58 0 14)
#(575 59 0 63)
#(575 60 1 30)
#(575 61 1 62)
#(575 62 1 38)
#(575 63 1 93)
#(575 64 0 63)
#(575 65 1 27)
#(575 66 0 35)
#(575 67 0 32)
#(575 68 0 55)
#(575 69 0 75)
#(576 1 0 51)
#(576 2 0 73)
#(576 3 0 43)
#(576 4 0 93)
#(576 5 1 59)
#(576 6 0 77)
#(576 7 0 9)
#(576 8 1 45)
#(576 9 0 96)
#(576 10 1 13)
#(576 11 1 27)
#(576 12 1 37)
#(576 13 0 2)
#(576 14 0 88)
#(576 15 1 85)
#(576 16 0 27)
#(576 17 1 24)
#(576 18 0 90)
#(576 19 1 29)
#(576 20 1 12)
#(576 21 0 41)
#(576 22 0 44)
#(576 23 0 19)
#(576 24 1 65)
#(576 25 1 62)
#(576 26 0 44)
#(576 27 1 25)
#(576 28 0 65)
#(576 29 0 46)
#(576 30 1 73)
#(576 31 0 34)
#(576 32 0 34)
#(576 33 0 86)
#(576 34 1 30)
#(576 35 0 41)
#(576 36 0 80)
#(576 37 1 13)
#(576 38 0 47)
#(576 39 0 63)
#(576 40 1 7)
#(576 41 0 40)
#(576 42 0 81)
#(576 43 1 46)
#(576 44 1 61)
#(576 45 1 74)
#(576 46 1 57)
#(576 47 0 18)
#(576 48 1 8)
#(576 49 0 39)
#(576 50 0 79)
#(576 51 1 30)
#(576 52 0 60)
#(576 53 0 84)
#(576 54 1 70)
#(576 55 0 32)
#(576 56 1 5)
#(576 57 0 7)
#(576 58 0 10)
#(576 59 0 30)
#(576 60 0 93)
#(576 61 1 75)
#(576 62 0 1)
#(576 63 0 36)
#(576 64 0 56)
#(576 65 0 18)
#(576 66 0 65)
#(576 67 0 37)
#(576 68 1 3)
#(576 69 1 41)
#(577 1 0 5)
#(577 2 0 17)
#(577 3 1 38)
#(577 4 1 54)
#(577 5 0 17)
#(577 6 0 90)
#(577 7 1 45)
#(577 8 0 95)
#(577 9 0 0)
#(577 10 0 71)
#(577 11 0 76)
#(577 12 0 1)
#(577 13 0 72)
#(577 14 1 40)
#(577 15 0 32)
#(577 16 1 17)
#(577 17 0 84)
#(577 18 1 67)
#(577 19 0 90)
#(577 20 1 30)
#(577 21 0 82)
#(577 22 1 44)
#(577 23 0 39)
#(577 24 0 70)
#(577 25 1 75)
#(577 26 0 57)
#(577 27 0 28)
#(577 28 1 56)
#(577 29 0 74)
#(577 30 1 18)
#(577 31 0 67)
#(577 32 0 65)
#(577 33 0 8)
#(577 34 0 23)
#(577 35 0 9)
#(577 36 0 54)
#(577 37 0 16)
#(577 38 0 71)
#(577 39 0 25)
#(577 40 0 96)
#(577 41 1 72)
#(577 42 1 38)
#(577 43 1 50)
#(577 44 0 79)
#(577 45 0 38)
#(577 46 0 78)
#(577 47 1 48)
#(577 48 1 78)
#(577 49 0 69)
#(577 50 0 72)
#(577 51 1 24)
#(577 52 0 34)
#(577 53 0 79)
#(577 54 1 79)
#(577 55 0 96)
#(577 56 0 62)
#(577 57 1 8)
#(577 58 1 88)
#(577 59 0 53)
#(577 60 0 58)
#(577 61 0 28)
#(577 62 1 10)
#(577 63 1 93)
#(577 64 0 4)
#(577 65 0 83)
#(577 66 1 94)
#(577 67 1 82)
#(577 68 0 49)
#(577 69 0 53)
#(578 1 1 1)
#(578 2 1 71)
#(578 3 0 14)
#(578 4 0 17)
#(578 5 0 47)
#(578 6 0 45)
#(578 7 1 33)
#(578 8 1 89)
#(578 9 0 95)
#(578 10 0 71)
#(578 11 1 14)
#(578 12 0 26)
#(578 13 1 36)
#(578 14 0 33)
#(578 15 0 44)
#(578 16 0 86)
#(578 17 1 85)
#(578 18 1 94)
#(578 19 0 85)
#(578 20 1 63)
#(578 21 0 87)
#(578 22 1 41)
#(578 23 0 87)
#(578 24 0 40)
#(578 25 1 47)
#(578 26 0 2)
#(578 27 0 69)
#(578 28 0 58)
#(578 29 0 57)
#(578 30 1 23)
#(578 31 0 82)
#(578 32 1 89)
#(578 33 0 41)
#(578 34 1 14)
#(578 35 1 64)
#(578 36 1 32)
#(578 37 1 11)
#(578 38 1 9)
#(578 39 0 26)
#(578 40 0 21)
#(578 41 0 6)
#(578 42 1 60)
#(578 43 0 35)
#(578 44 0 72)
#(578 45 0 15)
#(578 46 0 50)
#(578 47 0 12)
#(578 48 0 20)
#(578 49 1 56)
#(578 50 0 75)
#(578 51 0 19)
#(578 52 1 94)
#(578 53 0 81)
#(578 54 1 97)
#(578 55 0 93)
#(578 56 0 71)
#(578 57 0 62)
#(578 58 0 31)
#(578 59 1 92)
#(578 60 1 22)
#(578 61 1 29)
#(578 62 0 29)
#(578 63 0 92)
#(578 64 0 96)
#(578 65 1 76)
#(578 66 0 86)
#(578 67 1 55)
#(578 68 1 62)
#(578 69 0 77)
#(579 1 0 91)
#(579 2 1 73)
#(579 3 1 62)
#(579 4 0 39)
#(579 5 1 48)
#(579 6 0 5)
#(579 7 0 68)
#(579 8 0 70)
#(579 9 1 6)
#(579 10 0 37)
#(579 11 0 18)
#(579 12 1 64)
#(579 13 1 7)
#(579 14 1 51)
#(579 15 0 96)
#(579 16 0 90)
#(579 17 0 59)
#(579 18 1 25)
#(579 19 1 45)
#(579 20 1 1)
#(579 21 0 85)
#(579 22 0 73)
#(579 23 0 16)
#(579 24 0 33)
#(579 25 0 90)
#(579 26 0 8)
#(579 27 0 9)
#(579 28 1 10)
#(579 29 1 2)
#(579 30 1 8)
#(579 31 0 23)
#(579 32 1 29)
#(579 33 1 27)
#(579 34 0 13)
#(579 35 1 66)
#(579 36 1 19)
#(579 37 1 47)
#(579 38 0 50)
#(579 39 1 65)
#(579 40 0 40)
#(579 41 1 43)
#(579 42 1 27)
#(579 43 0 59)
#(579 44 0 25)
#(579 45 0 22)
#(579 46 1 78)
#(579 47 1 89)
#(579 48 1 81)
#(579 49 1 40)
#(579 50 1 59)
#(579 51 0 95)
#(579 52 1 65)
#(579 53 0 94)
#(579 54 0 49)
#(579 55 1 46)
#(579 56 0 24)
#(579 57 0 69)
#(579 58 0 54)
#(579 59 0 6)
#(579 60 0 86)
#(579 61 0 52)
#(579 62 0 21)
#(579 63 0 38)
#(579 64 0 85)
#(579 65 1 53)
#(579 66 1 1)
#(579 67 0 19)
#(579 68 1 65)
#(579 69 1 78)
#(580 1 1 0)
#(580 2 1 81)
#(580 3 1 36)
#(580 4 0 70)
#(580 5 0 67)
#(580 6 0 0)
#(580 7 0 73)
#(580 8 0 76)
#(580 9 0 21)
#(580 10 1 20)
#(580 11 0 42)
#(580 12 0 10)
#(580 13 0 62)
#(580 14 0 42)
#(580 15 0 77)
#(580 16 0 9)
#(580 17 1 3)
#(580 18 1 19)
#(580 19 0 45)
#(580 20 0 10)
#(580 21 0 4)
#(580 22 1 12)
#(580 23 1 38)
#(580 24 0 27)
#(580 25 0 44)
#(580 26 0 13)
#(580 27 0 50)
#(580 28 0 47)
#(580 29 0 34)
#(580 30 0 68)
#(580 31 0 28)
#(580 32 0 26)
#(580 33 1 41)
#(580 34 0 0)
#(580 35 1 57)
#(580 36 1 27)
#(580 37 0 26)
#(580 38 0 36)
#(580 39 0 82)
#(580 40 0 34)
#(580 41 0 59)
#(580 42 0 96)
#(580 43 0 79)
#(580 44 0 93)
#(580 45 0 71)
#(580 46 0 80)
#(580 47 0 75)
#(580 48 0 15)
#(580 49 1 77)
#(137406 40 1 12)
#(138059 31 1 45)
#(1486 5 0 34)
#(138793 48 1 2)
#(932 9 0 9)
#(138894 65 1 34)
#(1377 13 0 32)
#(137999 6 1 6)
#(1140 50 0 32)
#(1256 3 0 5)
#(139312 53 1 67)
#(138853 49 1 4)
#(137840 32 1 34)
#(138295 6 1 12)
#(762 46 0 32)
#(139354 5 1 7)
#(2255 27 0 14)
#(1734 26 0 26)
#(1892 63 0 14)
#(2740 41 0 87)
#(1319 7 0 7)
#(137491 37 1 37)
#(2210 31 0 12)
#(1374 10 0 10)
#(140245 41 1 41)
#(140011 67 1 1)
#(138939 38 1 23)
#(1699 5 0 6)
#(140424 47 1 23)
#(795 32 0 5)
#(1522 5 0 5)
#(139950 22 1 0)
#(137377 54 1 12)
#(139139 41 1 1)
#(138837 54 1 1)
#(2994 56 0 1)