#(0 101 0 104.406 -1 0.0)
#(0 102 0 104.406 -1 0.0)
#(0 106 0 104.406 -1 0.0)
#(0 137371 0 104.406 -1 0.0)
#(0 137372 0 104.406 -1 0.0)
#(0 137373 0 104.406 -1 0.0)
#(0 137374 0 104.406 -1 0.0)
#(0 137375 0 104.406 -1 0.0)
#(0 137376 0 104.406 -1 0.0)
#(0 137377 0 104.406 -1 0.0)
#(0 137378 0 104.406 -1 0.0)
#(0 137379 0 104.406 -1 0.0)
#(0 137380 0 104.406 -1 0.0)
#(0 137381 0 104.406 -1 0.0)
#(0 137382 0 104.406 -1 0.0)
#(0 108 1 104.406 -1 0.0)
#(0 112 1 104.406 -1 0.0)
#(0 114 1 104.406 -1 0.0)
#(0 117 1 104.406 -1 0.0)
#(0 119 1 104.422 -1 0.0)
#(0 120 1 104.422 -1 0.0)
#(0 121 1 104.422 -1 0.0)
#(0 137383 1 104.422 -1 0.0)
#(0 137384 1 104.422 -1 0.0)
#(0 137385 1 104.422 -1 0.0)
#(0 137386 1 104.422 -1 0.0)
#(0 137387 1 104.422 -1 0.0)
#(0 137388 1 104.422 -1 0.0)
#(0 137389 1 104.422 -1 0.0)
#(0 137390 1 104.422 -1 0.0)
#(0 137392 1 104.422 -1 0.0)
#(0 137393 1 104.422 -1 0.0)
#(0 137394 1 104.422 -1 0.0)
#(0 137395 1 104.422 -1 0.0)
#(0 122 2 104.422 -1 0.0)
#(0 123 2 104.422 -1 0.0)
#(0 124 2 104.422 -1 0.0)
#(0 125 2 104.422 -1 0.0)
#(0 129 2 104.422 -1 0.0)
#(0 133 2 104.422 -1 0.0)
#(0 137391 2 104.422 -1 0.0)
#(0 137396 2 104.422 -1 0.0)
#(0 137397 2 104.422 -1 0.0)
#(0 137398 2 104.422 -1 0.0)
#(0 137399 2 104.422 -1 0.0)
#(0 137401 2 104.422 -1 0.0)
#(0 137402 2 104.422 -1 0.0)
#(0 137404 2 104.422 -1 0.0)
#(0 137405 2 104.422 -1 0.0)
#(0 137406 2 104.422 -1 0.0)
#(0 137408 2 104.422 -1 0.0)
#(0 137409 2 104.422 -1 0.0)
#(0 134 3 104.422 -1 0.0)
#(0 137 3 104.422 -1 0.0)
#(0 140 3 104.422 -1 0.0)
#(0 141 3 104.422 -1 0.0)
#(0 137400 3 104.422 -1 0.0)
#(0 137410 3 104.422 -1 0.0)
#(0 137411 3 104.422 -1 0.0)
#(0 137412 3 104.422 -1 0.0)
#(0 137413 3 104.422 -1 0.0)
#(0 137414 3 104.422 -1 0.0)
#(0 137415 3 104.422 -1 0.0)
#(0 137416 3 104.422 -1 0.0)
#(0 137417 3 104.422 -1 0.0)
#(0 137418 3 104.422 -1 0.0)
#(0 137419 3 104.422 -1 0.0)
#(0 137420 3 104.422 -1 0.0)
#(0 144 4 104.422 -1 0.0)
#(0 145 4 104.422 -1 0.0)
#(0 147 4 104.422 -1 0.0)
#(0 151 4 104.422 -1 0.0)
#(0 153 4 104.422 -1 0.0)
#(0 154 4 104.422 -1 0.0)
#(0 155 4 104.422 -1 0.0)
#(0 156 4 104.422 -1 0.0)
#(0 158 4 104.422 -1 0.0)
#(0 137403 4 104.422 -1 0.0)
#(0 137421 4 104.422 -1 0.0)
#(0 137422 4 104.422 -1 0.0)
#(0 137423 4 104.422 -1 0.0)
#(0 137424 4 104.422 -1 0.0)
#(0 137425 4 104.422 -1 0.0)
#(0 137426 4 104.422 -1 0.0)
#(0 137427 4 104.422 -1 0.0)
#(0 137428 4 104.422 -1 0.0)
#(0 137429 4 104.422 -1 0.0)
#(0 137430 4 104.422 -1 0.0)
#(0 137431 4 104.422 -1 0.0)
#(0 137432 4 104.422 -1 0.0)
#(0 137433 4 104.422 -1 0.0)
#(0 137434 4 104.422 -1 0.0)
#(0 137435 4 104.422 -1 0.0)
#(0 137436 4 104.422 -1 0.0)
#(0 162 5 104.422 -1 0.0)
#(0 164 5 104.422 -1 0.0)
#(0 166 5 104.422 -1 0.0)
#(0 168 5 104.422 -1 0.0)
#(0 169 5 104.422 -1 0.0)
#(0 170 5 104.422 -1 0.0)
#(0 174 5 104.422 -1 0.0)
#(0 175 5 104.422 -1 0.0)
#(0 176 5 104.422 -1 0.0)
#(0 137407 5 104.422 -1 0.0)
#(0 137438 5 104.422 -1 0.0)
#(0 137439 5 104.422 -1 0.0)
#(0 137440 5 104.422 -1 0.0)
#(0 137441 5 104.422 -1 0.0)
#(0 137442 5 104.422 -1 0.0)
#(0 137443 5 104.422 -1 0.0)
#(0 137444 5 104.422 -1 0.0)
#(0 137445 5 104.422 -1 0.0)
#(0 137446 5 104.422 -1 0.0)
#(0 137448 5 104.422 -1 0.0)
#(0 137449 5 104.422 -1 0.0)
#(0 172 6 104.422 -1 0.0)
#(0 181 6 104.422 -1 0.0)
#(0 137437 6 104.422 -1 0.0)
#(0 137450 6 104.422 -1 0.0)
#(0 137451 6 104.422 -1 0.0)
#(0 137452 6 104.437 -1 0.0)
#(0 137453 6 104.437 -1 0.0)
#(0 137454 6 104.437 -1 0.0)
#(0 137455 6 104.437 -1 0.0)
#(0 137457 6 104.437 -1 0.0)
#(0 137458 6 104.437 -1 0.0)
#(0 137459 6 104.437 -1 0.0)
#(0 178 7 104.437 -1 0.0)
#(0 189 7 104.437 -1 0.0)
#(0 190 7 104.437 -1 0.0)
#(0 192 7 104.437 -1 0.0)
#(0 195 7 104.437 -1 0.0)
#(0 137447 7 104.437 -1 0.0)
#(0 137456 7 104.437 -1 0.0)
#(0 137460 7 104.437 -1 0.0)
#(0 137461 7 104.437 -1 0.0)
#(0 137462 7 104.437 -1 0.0)
#(0 137463 7 104.437 -1 0.0)
#(0 137464 7 104.437 -1 0.0)
#(0 137465 7 104.437 -1 0.0)
#(0 137466 7 104.437 -1 0.0)
#(0 137468 7 104.437 -1 0.0)
#(0 137469 7 104.437 -1 0.0)
#(0 137470 7 104.437 -1 0.0)
#(0 180 8 104.437 -1 0.0)
#(0 186 8 104.437 -1 0.0)
#(0 202 8 104.437 -1 0.0)
#(0 207 8 104.437 -1 0.0)
#(0 210 8 104.437 -1 0.0)
#(0 211 8 104.437 -1 0.0)
#(0 137471 8 104.437 -1 0.0)
#(0 137472 8 104.437 -1 0.0)
#(0 137473 8 104.437 -1 0.0)
#(0 137474 8 104.437 -1 0.0)
#(0 137476 8 104.437 -1 0.0)
#(0 137477 8 104.437 -1 0.0)
#(0 137478 8 104.437 -1 0.0)
#(0 137479 8 104.437 -1 0.0)
#(0 137480 8 104.437 -1 0.0)
#(0 137482 8 104.437 -1 0.0)
#(0 137483 8 104.437 -1 0.0)
#(0 137484 8 104.437 -1 0.0)
#(0 137485 8 104.437 -1 0.0)
#(0 137486 8 104.437 -1 0.0)
#(0 137487 8 104.437 -1 0.0)
#(0 137488 8 104.437 -1 0.0)
#(0 212 9 104.437 -1 0.0)
#(0 215 9 104.437 -1 0.0)
#(0 219 9 104.437 -1 0.0)
#(0 221 9 104.437 -1 0.0)
#(0 222 9 104.437 -1 0.0)
#(0 137467 9 104.437 -1 0.0)
#(0 137481 9 104.437 -1 0.0)
#(0 137489 9 104.437 -1 0.0)
#(0 137490 9 104.437 -1 0.0)
#(0 137491 9 104.437 -1 0.0)
#(0 137492 9 104.437 -1 0.0)
#(0 137493 9 104.437 -1 0.0)
#(0 137494 9 104.437 -1 0.0)
#(0 137495 9 104.437 -1 0.0)
#(0 137496 9 104.437 -1 0.0)
#(0 137497 9 104.437 -1 0.0)
#(0 137498 9 104.437 -1 0.0)
#(0 137499 9 104.437 -1 0.0)
#(0 137500 9 104.437 -1 0.0)
#(0 137501 9 104.437 -1 0.0)
#(0 137502 9 104.437 -1 0.0)
#(0 137503 9 104.437 -1 0.0)
#(0 200 10 104.437 -1 0.0)
#(0 224 10 104.437 -1 0.0)
#(0 231 10 104.437 -1 0.0)
#(0 232 10 104.437 -1 0.0)
#(0 233 10 104.437 -1 0.0)
#(0 137475 10 104.437 -1 0.0)
#(0 137504 10 104.437 -1 0.0)
#(0 137505 10 104.437 -1 0.0)
#(0 137507 10 104.437 -1 0.0)
#(0 137508 10 104.437 -1 0.0)
#(0 137509 10 104.437 -1 0.0)
#(0 137510 10 104.437 -1 0.0)
#(0 137511 10 104.437 -1 0.0)
#(0 137512 10 104.437 -1 0.0)
#(0 137513 10 104.437 -1 0.0)
#(0 137514 10 104.437 -1 0.0)
#(0 228 11 104.437 -1 0.0)
#(0 235 11 104.437 -1 0.0)
#(0 238 11 104.437 -1 0.0)
#(0 240 11 104.437 -1 0.0)
#(0 244 11 104.437 -1 0.0)
#(0 245 11 104.437 -1 0.0)
#(0 248 11 104.437 -1 0.0)
#(0 251 11 104.437 -1 0.0)
#(0 252 11 104.437 -1 0.0)
#(0 137506 11 104.437 -1 0.0)
#(0 137515 11 104.437 -1 0.0)
#(0 137516 11 104.437 -1 0.0)
#(0 137517 11 104.437 -1 0.0)
#(0 137518 11 104.437 -1 0.0)
#(0 137519 11 104.437 -1 0.0)
#(0 137520 11 104.437 -1 0.0)
#(0 137521 11 104.437 -1 0.0)
#(0 137523 11 104.453 -1 0.0)
#(0 137524 11 104.453 -1 0.0)
#(0 137525 11 104.453 -1 0.0)
#(0 236 12 104.453 -1 0.0)
#(0 255 12 104.453 -1 0.0)
#(0 257 12 104.453 -1 0.0)
#(0 261 12 104.453 -1 0.0)
#(0 262 12 104.453 -1 0.0)
#(0 263 12 104.453 -1 0.0)
#(0 137522 12 104.453 -1 0.0)
#(0 137526 12 104.453 -1 0.0)
#(0 137527 12 104.453 -1 0.0)
#(0 137528 12 104.453 -1 0.0)
#(0 137529 12 104.453 -1 0.0)
#(0 137531 12 104.453 -1 0.0)
#(0 137532 12 104.453 -1 0.0)
#(0 137533 12 104.453 -1 0.0)
#(0 137534 12 104.453 -1 0.0)
#(0 137535 12 104.453 -1 0.0)
#(0 137536 12 104.453 -1 0.0)
#(0 137537 12 104.453 -1 0.0)
#(0 137538 12 104.453 -1 0.0)
#(0 137539 12 104.453 -1 0.0)
#(0 265 13 104.453 -1 0.0)
#(0 269 13 104.453 -1 0.0)
#(0 272 13 104.453 -1 0.0)
#(0 137530 13 104.453 -1 0.0)
#(0 137540 13 104.453 -1 0.0)
#(0 137541 13 104.453 -1 0.0)
#(0 137542 13 104.453 -1 0.0)
#(0 137543 13 104.453 -1 0.0)
#(0 137544 13 104.453 -1 0.0)
#(0 137545 13 104.453 -1 0.0)
#(0 137546 13 104.453 -1 0.0)
#(0 137547 13 104.453 -1 0.0)
#(0 137548 13 104.453 -1 0.0)
#(0 137549 13 104.453 -1 0.0)
#(0 137550 13 104.453 -1 0.0)
#(0 137551 13 104.453 -1 0.0)
#(0 137552 13 104.453 -1 0.0)
#(0 137553 13 104.453 -1 0.0)
#(0 137554 13 104.453 -1 0.0)
#(0 137555 13 104.453 -1 0.0)
#(0 275 14 104.453 -1 0.0)
#(0 278 14 104.453 -1 0.0)
#(0 279 14 104.453 -1 0.0)
#(0 281 14 104.453 -1 0.0)
#(0 282 14 104.453 -1 0.0)
#(0 284 14 104.453 -1 0.0)
#(0 137556 14 104.453 -1 0.0)
#(0 137557 14 104.453 -1 0.0)
#(0 137558 14 104.453 -1 0.0)
#(0 137559 14 104.453 -1 0.0)
#(0 137560 14 104.453 -1 0.0)
#(0 137562 14 104.453 -1 0.0)
#(0 137563 14 104.453 -1 0.0)
#(0 137564 14 104.453 -1 0.0)
#(0 137565 14 104.453 -1 0.0)
#(0 137566 14 104.453 -1 0.0)
#(0 137567 14 104.453 -1 0.0)
#(0 137568 14 104.453 -1 0.0)
#(0 137569 14 104.453 -1 0.0)
#(0 137570 14 104.453 -1 0.0)
#(0 137571 14 104.453 -1 0.0)
#(0 137572 14 104.453 -1 0.0)
#(0 137573 14 104.453 -1 0.0)
#(0 137574 14 104.453 -1 0.0)
#(0 137575 14 104.453 -1 0.0)
#(0 137578 14 104.453 -1 0.0)
#(0 137579 14 104.453 -1 0.0)
#(0 137580 14 104.468 -1 0.0)
#(0 276 15 104.468 -1 0.0)
#(0 280 15 104.468 -1 0.0)
#(0 286 15 104.468 -1 0.0)
#(0 289 15 104.468 -1 0.0)
#(0 290 15 104.468 -1 0.0)
#(0 293 15 104.468 -1 0.0)
#(0 295 15 104.468 -1 0.0)
#(0 301 15 104.468 -1 0.0)
#(0 137561 15 104.468 -1 0.0)
#(0 137576 15 104.468 -1 0.0)
#(0 137577 15 104.468 -1 0.0)
#(0 137581 15 104.468 -1 0.0)
#(0 137582 15 104.468 -1 0.0)
#(0 137584 15 104.468 -1 0.0)
#(0 137585 15 104.468 -1 0.0)
#(0 137586 15 104.468 -1 0.0)
#(0 137587 15 104.468 -1 0.0)
#(0 137588 15 104.468 -1 0.0)
#(0 137589 15 104.468 -1 0.0)
#(0 137590 15 104.468 -1 0.0)
#(0 137591 15 104.468 -1 0.0)
#(0 137592 15 104.468 -1 0.0)
#(0 137593 15 104.468 -1 0.0)
#(0 137594 15 104.468 -1 0.0)
#(0 137595 15 104.468 -1 0.0)
#(0 285 16 104.468 -1 0.0)
#(0 297 16 104.468 -1 0.0)
#(0 299 16 104.468 -1 0.0)
#(0 305 16 104.468 -1 0.0)
#(0 311 16 104.468 -1 0.0)
#(0 137583 16 104.468 -1 0.0)
#(0 137596 16 104.468 -1 0.0)
#(0 137597 16 104.468 -1 0.0)
#(0 137598 16 104.468 -1 0.0)
#(0 137599 16 104.468 -1 0.0)
#(0 137600 16 104.468 -1 0.0)
#(0 137601 16 104.468 -1 0.0)
#(0 137602 16 104.468 -1 0.0)
#(0 137603 16 104.468 -1 0.0)
#(0 137604 16 104.468 -1 0.0)
#(0 137605 16 104.468 -1 0.0)
#(0 315 17 104.468 -1 0.0)
#(0 318 17 104.468 -1 0.0)
#(0 321 17 104.468 -1 0.0)
#(0 322 17 104.468 -1 0.0)
#(0 323 17 104.468 -1 0.0)
#(0 324 17 104.468 -1 0.0)
#(0 327 17 104.468 -1 0.0)
#(0 137606 17 104.468 -1 0.0)
#(0 137607 17 104.468 -1 0.0)
#(0 137608 17 104.468 -1 0.0)
#(0 137609 17 104.468 -1 0.0)
#(0 137610 17 104.468 -1 0.0)
#(0 137611 17 104.468 -1 0.0)
#(0 137612 17 104.468 -1 0.0)
#(0 137613 17 104.468 -1 0.0)
#(0 137614 17 104.468 -1 0.0)
#(0 137615 17 104.468 -1 0.0)
#(0 137616 17 104.468 -1 0.0)
#(0 314 18 104.468 -1 0.0)
#(0 330 18 104.468 -1 0.0)
#(0 331 18 104.468 -1 0.0)
#(0 332 18 104.468 -1 0.0)
#(0 339 18 104.468 -1 0.0)
#(0 340 18 104.468 -1 0.0)
#(0 341 18 104.468 -1 0.0)
#(0 137617 18 104.468 -1 0.0)
#(0 137618 18 104.468 -1 0.0)
#(0 137619 18 104.468 -1 0.0)
#(0 137620 18 104.468 -1 0.0)
#(0 137621 18 104.468 -1 0.0)
#(0 137622 18 104.468 -1 0.0)
#(0 137623 18 104.468 -1 0.0)
#(0 137624 18 104.468 -1 0.0)
#(0 137625 18 104.468 -1 0.0)
#(0 137626 18 104.468 -1 0.0)
#(0 137627 18 104.468 -1 0.0)
#(0 137628 18 104.468 -1 0.0)
#(0 334 19 104.468 -1 0.0)
#(0 346 19 104.468 -1 0.0)
#(0 347 19 104.468 -1 0.0)
#(0 348 19 104.468 -1 0.0)
#(0 350 19 104.468 -1 0.0)
#(0 137629 19 104.468 -1 0.0)
#(0 137630 19 104.468 -1 0.0)
#(0 137631 19 104.468 -1 0.0)
#(0 137632 19 104.468 -1 0.0)
#(0 137633 19 104.468 -1 0.0)
#(0 137634 19 104.468 -1 0.0)
#(0 137635 19 104.468 -1 0.0)
#(0 137636 19 104.468 -1 0.0)
#(0 137637 19 104.468 -1 0.0)
#(0 137638 19 104.468 -1 0.0)
#(0 352 20 104.468 -1 0.0)
#(0 354 20 104.484 -1 0.0)
#(0 355 20 104.484 -1 0.0)
#(0 356 20 104.484 -1 0.0)
#(0 137640 20 104.484 -1 0.0)
#(0 137641 20 104.484 -1 0.0)
#(0 137642 20 104.484 -1 0.0)
#(0 137643 20 104.484 -1 0.0)
#(0 137645 20 104.484 -1 0.0)
#(0 137646 20 104.484 -1 0.0)
#(0 137647 20 104.484 -1 0.0)
#(0 137648 20 104.484 -1 0.0)
#(0 137649 20 104.484 -1 0.0)
#(0 137650 20 104.484 -1 0.0)
#(0 137651 20 104.484 -1 0.0)
#(0 137652 20 104.484 -1 0.0)
#(0 137653 20 104.484 -1 0.0)
#(0 137654 20 104.484 -1 0.0)
#(0 137655 20 104.484 -1 0.0)
#(0 137656 20 104.484 -1 0.0)
#(0 137658 20 104.484 -1 0.0)
#(0 358 21 104.484 -1 0.0)
#(0 360 21 104.484 -1 0.0)
#(0 361 21 104.484 -1 0.0)
#(0 365 21 104.484 -1 0.0)
#(0 366 21 104.484 -1 0.0)
#(0 137639 21 104.484 -1 0.0)
#(0 137644 21 104.484 -1 0.0)
#(0 137657 21 104.484 -1 0.0)
#(0 137659 21 104.484 -1 0.0)
#(0 137660 21 104.484 -1 0.0)
#(0 137661 21 104.484 -1 0.0)
#(0 137662 21 104.484 -1 0.0)
#(0 137663 21 104.484 -1 0.0)
#(0 137664 21 104.484 -1 0.0)
#(0 137665 21 104.484 -1 0.0)
#(0 137667 21 104.484 -1 0.0)
#(0 137668 21 104.484 -1 0.0)
#(0 137669 21 104.484 -1 0.0)
#(0 137670 21 104.484 -1 0.0)
#(0 137671 21 104.484 -1 0.0)
#(0 137672 21 104.484 -1 0.0)
#(0 370 22 104.484 -1 0.0)
#(0 371 22 104.484 -1 0.0)
#(0 372 22 104.484 -1 0.0)
#(0 373 22 104.484 -1 0.0)
#(0 374 22 104.484 -1 0.0)
#(0 375 22 104.484 -1 0.0)
#(0 376 22 104.484 -1 0.0)
#(0 378 22 104.484 -1 0.0)
#(0 137666 22 104.484 -1 0.0)
#(0 137673 22 104.484 -1 0.0)
#(0 137674 22 104.484 -1 0.0)
#(0 137675 22 104.484 -1 0.0)
#(0 137676 22 104.484 -1 0.0)
#(0 137677 22 104.484 -1 0.0)
#(0 137678 22 104.484 -1 0.0)
#(0 137679 22 104.484 -1 0.0)
#(0 380 23 104.484 -1 0.0)
#(0 382 23 104.484 -1 0.0)
#(0 384 23 104.484 -1 0.0)
#(0 137680 23 104.484 -1 0.0)
#(0 137681 23 104.484 -1 0.0)
#(0 137682 23 104.484 -1 0.0)
#(0 137683 23 104.484 -1 0.0)
#(0 137685 23 104.484 -1 0.0)
#(0 137686 23 104.484 -1 0.0)
#(0 137687 23 104.484 -1 0.0)
#(0 137688 23 104.484 -1 0.0)
#(0 137689 23 104.484 -1 0.0)
#(0 137690 23 104.484 -1 0.0)
#(0 137691 23 104.484 -1 0.0)
#(0 137692 23 104.484 -1 0.0)
#(0 137693 23 104.484 -1 0.0)
#(0 137694 23 104.484 -1 0.0)
#(0 137695 23 104.484 -1 0.0)
#(0 393 24 104.484 -1 0.0)
#(0 397 24 104.484 -1 0.0)
#(0 399 24 104.484 -1 0.0)
#(0 400 24 104.484 -1 0.0)
#(0 401 24 104.484 -1 0.0)
#(0 137696 24 104.484 -1 0.0)
#(0 137697 24 104.484 -1 0.0)
#(0 137698 24 104.484 -1 0.0)
#(0 137699 24 104.484 -1 0.0)
#(0 137700 24 104.484 -1 0.0)
#(0 137701 24 104.484 -1 0.0)
#(0 137702 24 104.484 -1 0.0)
#(0 137704 24 104.484 -1 0.0)
#(0 137705 24 104.484 -1 0.0)
#(0 137706 24 104.484 -1 0.0)
#(0 137708 24 104.484 -1 0.0)
#(0 137709 24 104.484 -1 0.0)
#(0 137710 24 104.484 -1 0.0)
#(0 137711 24 104.484 -1 0.0)
#(0 137713 24 104.5 -1 0.0)
#(0 137714 24 104.5 -1 0.0)
#(0 402 25 104.5 -1 0.0)
#(0 406 25 104.5 -1 0.0)
#(0 137684 25 104.5 -1 0.0)
#(0 137707 25 104.5 -1 0.0)
#(0 137715 25 104.5 -1 0.0)
#(0 137716 25 104.5 -1 0.0)
#(0 137717 25 104.5 -1 0.0)
#(0 137718 25 104.5 -1 0.0)
#(0 137719 25 104.5 -1 0.0)
#(0 137720 25 104.5 -1 0.0)
#(0 137721 25 104.5 -1 0.0)
#(0 137723 25 104.5 -1 0.0)
#(0 137724 25 104.5 -1 0.0)
#(0 137725 25 104.5 -1 0.0)
#(0 137727 25 104.5 -1 0.0)
#(0 137728 25 104.5 -1 0.0)
#(0 137729 25 104.5 -1 0.0)
#(0 137730 25 104.5 -1 0.0)
#(0 403 26 104.5 -1 0.0)
#(0 416 26 104.5 -1 0.0)
#(0 417 26 104.5 -1 0.0)
#(0 418 26 104.5 -1 0.0)
#(0 422 26 104.5 -1 0.0)
#(0 137703 26 104.5 -1 0.0)
#(0 137712 26 104.5 -1 0.0)
#(0 137732 26 104.5 -1 0.0)
#(0 137733 26 104.5 -1 0.0)
#(0 137734 26 104.5 -1 0.0)
#(0 137735 26 104.5 -1 0.0)
#(0 137736 26 104.5 -1 0.0)
#(0 137737 26 104.5 -1 0.0)
#(0 137738 26 104.5 -1 0.0)
#(0 137739 26 104.5 -1 0.0)
#(0 137740 26 104.5 -1 0.0)
#(0 137741 26 104.5 -1 0.0)
#(0 137742 26 104.5 -1 0.0)
#(0 137743 26 104.5 -1 0.0)
#(0 137744 26 104.5 -1 0.0)
#(0 419 27 104.5 -1 0.0)
#(0 424 27 104.5 -1 0.0)
#(0 427 27 104.5 -1 0.0)
#(0 429 27 104.5 -1 0.0)
#(0 137726 27 104.5 -1 0.0)
#(0 137745 27 104.5 -1 0.0)
#(0 137746 27 104.5 -1 0.0)
#(0 137747 27 104.5 -1 0.0)
#(0 137748 27 104.5 -1 0.0)
#(0 137749 27 104.5 -1 0.0)
#(0 137750 27 104.5 -1 0.0)
#(0 137751 27 104.5 -1 0.0)
#(0 137752 27 104.5 -1 0.0)
#(0 137753 27 104.5 -1 0.0)
#(0 137754 27 104.5 -1 0.0)
#(0 137755 27 104.5 -1 0.0)
#(0 137756 27 104.5 -1 0.0)
#(0 137757 27 104.5 -1 0.0)
#(0 137758 27 104.5 -1 0.0)
#(0 137759 27 104.5 -1 0.0)
#(0 137760 27 104.5 -1 0.0)
#(0 137761 27 104.5 -1 0.0)
#(0 137762 27 104.5 -1 0.0)
#(0 137763 27 104.5 -1 0.0)
#(0 432 28 104.5 -1 0.0)
#(0 434 28 104.5 -1 0.0)
#(0 437 28 104.5 -1 0.0)
#(0 438 28 104.5 -1 0.0)
#(0 440 28 104.5 -1 0.0)
#(0 441 28 104.5 -1 0.0)
#(0 442 28 104.5 -1 0.0)
#(0 137722 28 104.5 -1 0.0)
#(0 137764 28 104.5 -1 0.0)
#(0 137765 28 104.5 -1 0.0)
#(0 137766 28 104.5 -1 0.0)
#(0 137767 28 104.5 -1 0.0)
#(0 137768 28 104.5 -1 0.0)
#(0 137769 28 104.5 -1 0.0)
#(0 137770 28 104.5 -1 0.0)
#(0 137771 28 104.5 -1 0.0)
#(0 137772 28 104.5 -1 0.0)
#(0 137773 28 104.5 -1 0.0)
#(0 137775 28 104.5 -1 0.0)
#(0 137776 28 104.5 -1 0.0)
#(0 137777 28 104.5 -1 0.0)
#(0 137778 28 104.5 -1 0.0)
#(0 137779 28 104.5 -1 0.0)
#(0 443 29 104.5 -1 0.0)
#(0 444 29 104.5 -1 0.0)
#(0 445 29 104.5 -1 0.0)
#(0 446 29 104.5 -1 0.0)
#(0 448 29 104.5 -1 0.0)
#(0 450 29 104.5 -1 0.0)
#(0 452 29 104.5 -1 0.0)
#(0 454 29 104.5 -1 0.0)
#(0 455 29 104.5 -1 0.0)
#(0 456 29 104.5 -1 0.0)
#(0 457 29 104.515 -1 0.0)
#(0 458 29 104.515 -1 0.0)
#(0 459 29 104.515 -1 0.0)
#(0 137731 29 104.515 -1 0.0)
#(0 137780 29 104.515 -1 0.0)
#(0 137781 29 104.515 -1 0.0)
#(0 137782 29 104.515 -1 0.0)
#(0 137783 29 104.515 -1 0.0)
#(0 137784 29 104.515 -1 0.0)
#(0 137785 29 104.515 -1 0.0)
#(0 137786 29 104.515 -1 0.0)
#(0 137787 29 104.515 -1 0.0)
#(0 137788 29 104.515 -1 0.0)
#(0 137789 29 104.515 -1 0.0)
#(0 137790 29 104.515 -1 0.0)
#(0 137791 29 104.515 -1 0.0)
#(0 137792 29 104.515 -1 0.0)
#(0 449 30 104.515 -1 0.0)
#(0 462 30 104.515 -1 0.0)
#(0 466 30 104.515 -1 0.0)
#(0 137793 30 104.515 -1 0.0)
#(0 137794 30 104.515 -1 0.0)
#(0 137795 30 104.515 -1 0.0)
#(0 137796 30 104.515 -1 0.0)
#(0 137797 30 104.515 -1 0.0)
#(0 137798 30 104.515 -1 0.0)
#(0 137799 30 104.515 -1 0.0)
#(0 137800 30 104.515 -1 0.0)
#(0 137801 30 104.515 -1 0.0)
#(0 137802 30 104.515 -1 0.0)
#(0 137803 30 104.515 -1 0.0)
#(0 468 31 104.515 -1 0.0)
#(0 471 31 104.515 -1 0.0)
#(0 472 31 104.515 -1 0.0)
#(0 474 31 104.515 -1 0.0)
#(0 475 31 104.515 -1 0.0)
#(0 476 31 104.515 -1 0.0)
#(0 477 31 104.515 -1 0.0)
#(0 479 31 104.515 -1 0.0)
#(0 480 31 104.515 -1 0.0)
#(0 481 31 104.515 -1 0.0)
#(0 483 31 104.515 -1 0.0)
#(0 485 31 104.515 -1 0.0)
#(0 137774 31 104.515 -1 0.0)
#(0 137804 31 104.515 -1 0.0)
#(0 137805 31 104.515 -1 0.0)
#(0 137806 31 104.515 -1 0.0)
#(0 137807 31 104.515 -1 0.0)
#(0 137809 31 104.515 -1 0.0)
#(0 137810 31 104.515 -1 0.0)
#(0 137811 31 104.515 -1 0.0)
#(0 137812 31 104.515 -1 0.0)
#(0 137813 31 104.515 -1 0.0)
#(0 486 32 104.515 -1 0.0)
#(0 487 32 104.515 -1 0.0)
#(0 490 32 104.515 -1 0.0)
#(0 493 32 104.515 -1 0.0)
#(0 495 32 104.515 -1 0.0)
#(0 500 32 104.515 -1 0.0)
#(0 137808 32 104.515 -1 0.0)
#(0 137814 32 104.515 -1 0.0)
#(0 137815 32 104.515 -1 0.0)
#(0 137816 32 104.515 -1 0.0)
#(0 137817 32 104.515 -1 0.0)
#(0 137818 32 104.515 -1 0.0)
#(0 137819 32 104.515 -1 0.0)
#(0 137820 32 104.515 -1 0.0)
#(0 137821 32 104.515 -1 0.0)
#(0 137822 32 104.531 -1 0.0)
#(0 137823 32 104.531 -1 0.0)
#(0 137824 32 104.531 -1 0.0)
#(0 137825 32 104.531 -1 0.0)
#(0 488 33 104.531 -1 0.0)
#(0 503 33 104.531 -1 0.0)
#(0 504 33 104.531 -1 0.0)
#(0 505 33 104.531 -1 0.0)
#(0 506 33 104.531 -1 0.0)
#(0 510 33 104.531 -1 0.0)
#(0 514 33 104.531 -1 0.0)
#(0 137826 33 104.531 -1 0.0)
#(0 137827 33 104.531 -1 0.0)
#(0 137828 33 104.531 -1 0.0)
#(0 137829 33 104.531 -1 0.0)
#(0 137830 33 104.531 -1 0.0)
#(0 137831 33 104.531 -1 0.0)
#(0 137832 33 104.531 -1 0.0)
#(0 137833 33 104.531 -1 0.0)
#(0 137834 33 104.531 -1 0.0)
#(0 137835 33 104.531 -1 0.0)
#(0 137836 33 104.531 -1 0.0)
#(0 137837 33 104.531 -1 0.0)
#(0 137838 33 104.531 -1 0.0)
#(0 137839 33 104.531 -1 0.0)
#(0 498 34 104.531 -1 0.0)
#(0 516 34 104.531 -1 0.0)
#(0 518 34 104.531 -1 0.0)
#(0 519 34 104.531 -1 0.0)
#(0 521 34 104.531 -1 0.0)
#(0 137841 34 104.531 -1 0.0)
#(0 137842 34 104.531 -1 0.0)
#(0 137843 34 104.531 -1 0.0)
#(0 137844 34 104.531 -1 0.0)
#(0 137845 34 104.531 -1 0.0)
#(0 137846 34 104.531 -1 0.0)
#(0 137847 34 104.531 -1 0.0)
#(0 137848 34 104.531 -1 0.0)
#(0 137849 34 104.531 -1 0.0)
#(0 137850 34 104.531 -1 0.0)
#(0 137851 34 104.531 -1 0.0)
#(0 137852 34 104.531 -1 0.0)
#(0 137853 34 104.531 -1 0.0)
#(0 137854 34 104.531 -1 0.0)
#(0 524 35 104.531 -1 0.0)
#(0 525 35 104.531 -1 0.0)
#(0 526 35 104.531 -1 0.0)
#(0 527 35 104.531 -1 0.0)
#(0 531 35 104.531 -1 0.0)
#(0 137840 35 104.531 -1 0.0)
#(0 137856 35 104.531 -1 0.0)
#(0 137858 35 104.531 -1 0.0)
#(0 137859 35 104.531 -1 0.0)
#(0 137860 35 104.531 -1 0.0)
#(0 137861 35 104.531 -1 0.0)
#(0 137862 35 104.531 -1 0.0)
#(0 137863 35 104.531 -1 0.0)
#(0 137864 35 104.531 -1 0.0)
#(0 137866 35 104.531 -1 0.0)
#(0 515 36 104.531 -1 0.0)
#(0 533 36 104.531 -1 0.0)
#(0 537 36 104.531 -1 0.0)
#(0 538 36 104.531 -1 0.0)
#(0 137855 36 104.531 -1 0.0)
#(0 137857 36 104.531 -1 0.0)
#(0 137865 36 104.531 -1 0.0)
#(0 137867 36 104.531 -1 0.0)
#(0 137868 36 104.531 -1 0.0)
#(0 137869 36 104.531 -1 0.0)
#(0 137870 36 104.531 -1 0.0)
#(0 137871 36 104.531 -1 0.0)
#(0 137872 36 104.531 -1 0.0)
#(0 137873 36 104.531 -1 0.0)
#(0 137874 36 104.531 -1 0.0)
#(0 137876 36 104.547 -1 0.0)
#(0 137877 36 104.547 -1 0.0)
#(0 137878 36 104.547 -1 0.0)
#(0 137879 36 104.547 -1 0.0)
#(0 137880 36 104.547 -1 0.0)
#(0 137881 36 104.547 -1 0.0)
#(0 137882 36 104.547 -1 0.0)
#(0 137883 36 104.547 -1 0.0)
#(0 137884 36 104.547 -1 0.0)
#(0 137886 36 104.547 -1 0.0)
#(0 534 37 104.547 -1 0.0)
#(0 539 37 104.547 -1 0.0)
#(0 542 37 104.547 -1 0.0)
#(0 543 37 104.547 -1 0.0)
#(0 548 37 104.547 -1 0.0)
#(0 553 37 104.547 -1 0.0)
#(0 137885 37 104.547 -1 0.0)
#(0 137887 37 104.547 -1 0.0)
#(0 137888 37 104.547 -1 0.0)
#(0 137889 37 104.547 -1 0.0)
#(0 137890 37 104.547 -1 0.0)
#(0 137891 37 104.547 -1 0.0)
#(0 137892 37 104.547 -1 0.0)
#(0 137893 37 104.547 -1 0.0)
#(0 137894 37 104.547 -1 0.0)
#(0 137895 37 104.547 -1 0.0)
#(0 547 38 104.547 -1 0.0)
#(0 554 38 104.547 -1 0.0)
#(0 555 38 104.547 -1 0.0)
#(0 556 38 104.547 -1 0.0)
#(0 559 38 104.547 -1 0.0)
#(0 137875 38 104.547 -1 0.0)
#(0 137896 38 104.547 -1 0.0)
#(0 137897 38 104.547 -1 0.0)
#(0 137898 38 104.547 -1 0.0)
#(0 137899 38 104.547 -1 0.0)
#(0 137900 38 104.547 -1 0.0)
#(0 137901 38 104.547 -1 0.0)
#(0 137903 38 104.547 -1 0.0)
#(0 137904 38 104.547 -1 0.0)
#(0 137905 38 104.547 -1 0.0)
#(0 137906 38 104.547 -1 0.0)
#(0 137908 38 104.547 -1 0.0)
#(0 563 39 104.547 -1 0.0)
#(0 564 39 104.547 -1 0.0)
#(0 565 39 104.547 -1 0.0)
#(0 567 39 104.547 -1 0.0)
#(0 568 39 104.547 -1 0.0)
#(0 569 39 104.547 -1 0.0)
#(0 572 39 104.547 -1 0.0)
#(0 573 39 104.547 -1 0.0)
#(0 575 39 104.547 -1 0.0)
#(0 576 39 104.547 -1 0.0)
#(0 577 39 104.547 -1 0.0)
#(0 137902 39 104.547 -1 0.0)
#(0 137909 39 104.547 -1 0.0)
#(0 137910 39 104.547 -1 0.0)
#(0 137911 39 104.547 -1 0.0)
#(0 137913 39 104.547 -1 0.0)
#(0 137914 39 104.547 -1 0.0)
#(0 137915 39 104.547 -1 0.0)
#(0 137916 39 104.547 -1 0.0)
#(0 137917 39 104.547 -1 0.0)
#(0 137918 39 104.547 -1 0.0)
#(0 137919 39 104.547 -1 0.0)
#(0 137920 39 104.547 -1 0.0)
#(0 137921 39 104.547 -1 0.0)
#(0 137922 39 104.547 -1 0.0)
#(0 137923 39 104.547 -1 0.0)
#(0 137924 39 104.547 -1 0.0)
#(0 137925 39 104.547 -1 0.0)
#(0 560 40 104.547 -1 0.0)
#(0 571 40 104.547 -1 0.0)
#(0 579 40 104.547 -1 0.0)
#(0 581 40 104.547 -1 0.0)
#(0 582 40 104.547 -1 0.0)
#(0 583 40 104.547 -1 0.0)
#(0 584 40 104.547 -1 0.0)
#(0 587 40 104.562 -1 0.0)
#(0 591 40 104.562 -1 0.0)
#(0 137907 40 104.562 -1 0.0)
#(0 137912 40 104.562 -1 0.0)
#(0 137926 40 104.562 -1 0.0)
#(0 137927 40 104.562 -1 0.0)
#(0 137928 40 104.562 -1 0.0)
#(0 137929 40 104.562 -1 0.0)
#(0 137930 40 104.562 -1 0.0)
#(0 137931 40 104.562 -1 0.0)
#(0 137932 40 104.562 -1 0.0)
#(0 137933 40 104.562 -1 0.0)
#(0 137934 40 104.562 -1 0.0)
#(0 137935 40 104.562 -1 0.0)
#(0 137936 40 104.562 -1 0.0)
#(0 590 41 104.562 -1 0.0)
#(0 593 41 104.562 -1 0.0)
#(0 594 41 104.562 -1 0.0)
#(0 599 41 104.562 -1 0.0)
#(0 600 41 104.562 -1 0.0)
#(0 601 41 104.562 -1 0.0)
#(0 602 41 104.562 -1 0.0)
#(0 603 41 104.562 -1 0.0)
#(0 137937 41 104.562 -1 0.0)
#(0 137938 41 104.562 -1 0.0)
#(0 137939 41 104.562 -1 0.0)
#(0 137940 41 104.562 -1 0.0)
#(0 137942 41 104.562 -1 0.0)
#(0 137944 41 104.562 -1 0.0)
#(0 137945 41 104.562 -1 0.0)
#(0 604 42 104.562 -1 0.0)
#(0 606 42 104.562 -1 0.0)
#(0 607 42 104.562 -1 0.0)
#(0 608 42 104.562 -1 0.0)
#(0 609 42 104.562 -1 0.0)
#(0 611 42 104.562 -1 0.0)
#(0 614 42 104.562 -1 0.0)
#(0 137941 42 104.562 -1 0.0)
#(0 137943 42 104.562 -1 0.0)
#(0 137946 42 104.562 -1 0.0)
#(0 137947 42 104.562 -1 0.0)
#(0 137949 42 104.562 -1 0.0)
#(0 137950 42 104.562 -1 0.0)
#(0 137952 42 104.562 -1 0.0)
#(0 137953 42 104.562 -1 0.0)
#(0 137954 42 104.562 -1 0.0)
#(0 137955 42 104.562 -1 0.0)
#(0 137956 42 104.562 -1 0.0)
#(0 137957 42 104.562 -1 0.0)
#(0 137958 42 104.562 -1 0.0)
#(0 137959 42 104.562 -1 0.0)
#(0 137960 42 104.562 -1 0.0)
#(0 592 43 104.562 -1 0.0)
#(0 617 43 104.562 -1 0.0)
#(0 622 43 104.562 -1 0.0)
#(0 623 43 104.562 -1 0.0)
#(0 624 43 104.562 -1 0.0)
#(0 625 43 104.562 -1 0.0)
#(0 137951 43 104.562 -1 0.0)
#(0 137961 43 104.562 -1 0.0)
#(0 137962 43 104.562 -1 0.0)
#(0 137963 43 104.562 -1 0.0)
#(0 137964 43 104.562 -1 0.0)
#(0 137965 43 104.562 -1 0.0)
#(0 137966 43 104.562 -1 0.0)
#(0 137967 43 104.562 -1 0.0)
#(0 137968 43 104.562 -1 0.0)
#(0 137969 43 104.562 -1 0.0)
#(0 137970 43 104.562 -1 0.0)
#(0 137971 43 104.562 -1 0.0)
#(0 137972 43 104.562 -1 0.0)
#(0 628 44 104.562 -1 0.0)
#(0 629 44 104.562 -1 0.0)
#(0 630 44 104.562 -1 0.0)
#(0 631 44 104.578 -1 0.0)
#(0 635 44 104.578 -1 0.0)
#(0 636 44 104.578 -1 0.0)
#(0 637 44 104.578 -1 0.0)
#(0 638 44 104.578 -1 0.0)
#(0 639 44 104.578 -1 0.0)
#(0 137948 44 104.578 -1 0.0)
#(0 137973 44 104.578 -1 0.0)
#(0 137974 44 104.578 -1 0.0)
#(0 137975 44 104.578 -1 0.0)
#(0 137976 44 104.578 -1 0.0)
#(0 137977 44 104.578 -1 0.0)
#(0 137978 44 104.578 -1 0.0)
#(0 137979 44 104.578 -1 0.0)
#(0 633 45 104.578 -1 0.0)
#(0 644 45 104.578 -1 0.0)
#(0 645 45 104.578 -1 0.0)
#(0 646 45 104.578 -1 0.0)
#(0 647 45 104.578 -1 0.0)
#(0 649 45 104.578 -1 0.0)
#(0 650 45 104.578 -1 0.0)
#(0 653 45 104.578 -1 0.0)
#(0 656 45 104.578 -1 0.0)
#(0 657 45 104.578 -1 0.0)
#(0 137980 45 104.578 -1 0.0)
#(0 137981 45 104.578 -1 0.0)
#(0 137982 45 104.578 -1 0.0)
#(0 137983 45 104.578 -1 0.0)
#(0 137984 45 104.578 -1 0.0)
#(0 137985 45 104.578 -1 0.0)
#(0 137986 45 104.578 -1 0.0)
#(0 137987 45 104.578 -1 0.0)
#(0 137988 45 104.578 -1 0.0)
#(0 137989 45 104.578 -1 0.0)
#(0 137990 45 104.578 -1 0.0)
#(0 137991 45 104.578 -1 0.0)
#(0 137992 45 104.578 -1 0.0)
#(0 137993 45 104.578 -1 0.0)
#(0 659 46 104.578 -1 0.0)
#(0 660 46 104.578 -1 0.0)
#(0 667 46 104.578 -1 0.0)
#(0 668 46 104.578 -1 0.0)
#(0 671 46 104.578 -1 0.0)
#(0 137994 46 104.578 -1 0.0)
#(0 137995 46 104.578 -1 0.0)
#(0 137996 46 104.578 -1 0.0)
#(0 137997 46 104.578 -1 0.0)
#(0 137998 46 104.578 -1 0.0)
#(0 137999 46 104.578 -1 0.0)
#(0 138000 46 104.578 -1 0.0)
#(0 138001 46 104.578 -1 0.0)
#(0 138002 46 104.578 -1 0.0)
#(0 138003 46 104.578 -1 0.0)
#(0 138004 46 104.578 -1 0.0)
#(0 658 47 104.578 -1 0.0)
#(0 673 47 104.578 -1 0.0)
#(0 675 47 104.578 -1 0.0)
#(0 676 47 104.578 -1 0.0)
#(0 677 47 104.578 -1 0.0)
#(0 678 47 104.578 -1 0.0)
#(0 679 47 104.578 -1 0.0)
#(0 682 47 104.578 -1 0.0)
#(0 685 47 104.578 -1 0.0)
#(0 138005 47 104.578 -1 0.0)
#(0 138006 47 104.578 -1 0.0)
#(0 138007 47 104.578 -1 0.0)
#(0 138008 47 104.578 -1 0.0)
#(0 138009 47 104.578 -1 0.0)
#(0 138010 47 104.578 -1 0.0)
#(0 138011 47 104.578 -1 0.0)
#(0 138012 47 104.578 -1 0.0)
#(0 138014 47 104.578 -1 0.0)
#(0 138015 47 104.578 -1 0.0)
#(0 686 48 104.593 -1 0.0)
#(0 687 48 104.593 -1 0.0)
#(0 690 48 104.593 -1 0.0)
#(0 692 48 104.593 -1 0.0)
#(0 138013 48 104.593 -1 0.0)
#(0 138016 48 104.593 -1 0.0)
#(0 138017 48 104.593 -1 0.0)
#(0 138018 48 104.593 -1 0.0)
#(0 138020 48 104.593 -1 0.0)
#(0 138021 48 104.593 -1 0.0)
#(0 138022 48 104.593 -1 0.0)
#(0 138023 48 104.593 -1 0.0)
#(0 138024 48 104.593 -1 0.0)
#(0 138025 48 104.593 -1 0.0)
#(0 138026 48 104.593 -1 0.0)
#(0 138027 48 104.593 -1 0.0)
#(0 138028 48 104.593 -1 0.0)
#(0 138029 48 104.593 -1 0.0)
#(0 683 49 104.593 -1 0.0)
#(0 697 49 104.593 -1 0.0)
#(0 698 49 104.593 -1 0.0)
#(0 699 49 104.593 -1 0.0)
#(0 700 49 104.593 -1 0.0)
#(0 701 49 104.593 -1 0.0)
#(0 705 49 104.593 -1 0.0)
#(0 708 49 104.593 -1 0.0)
#(0 710 49 104.593 -1 0.0)
#(0 138030 49 104.593 -1 0.0)
#(0 138031 49 104.593 -1 0.0)
#(0 138032 49 104.593 -1 0.0)
#(0 138033 49 104.593 -1 0.0)
#(0 138034 49 104.593 -1 0.0)
#(0 138035 49 104.593 -1 0.0)
#(0 138036 49 104.593 -1 0.0)
#(0 138037 49 104.593 -1 0.0)
#(0 138038 49 104.593 -1 0.0)
#(0 138039 49 104.593 -1 0.0)
#(0 138040 49 104.593 -1 0.0)
#(0 138043 49 104.593 -1 0.0)
#(0 138044 49 104.593 -1 0.0)
#(0 138045 49 104.593 -1 0.0)
#(0 138046 49 104.593 -1 0.0)
#(0 138048 49 104.593 -1 0.0)
#(0 707 50 104.593 -1 0.0)
#(0 709 50 104.593 -1 0.0)
#(0 711 50 104.593 -1 0.0)
#(0 714 50 104.593 -1 0.0)
#(0 717 50 104.593 -1 0.0)
#(0 722 50 104.593 -1 0.0)
#(0 138019 50 104.593 -1 0.0)
#(0 138041 50 104.593 -1 0.0)
#(0 138042 50 104.593 -1 0.0)
#(0 138047 50 104.593 -1 0.0)
#(0 138050 50 104.593 -1 0.0)
#(0 138051 50 104.593 -1 0.0)
#(0 138052 50 104.593 -1 0.0)
#(0 138053 50 104.593 -1 0.0)
#(0 138054 50 104.593 -1 0.0)
#(0 138056 50 104.593 -1 0.0)
#(0 138057 50 104.593 -1 0.0)
#(0 138058 50 104.593 -1 0.0)
#(0 138061 50 104.593 -1 0.0)
#(0 728 51 104.593 -1 0.0)
#(0 729 51 104.593 -1 0.0)
#(0 138049 51 104.593 -1 0.0)
#(0 138055 51 104.593 -1 0.0)
#(0 138059 51 104.593 -1 0.0)
#(0 138060 51 104.593 -1 0.0)
#(0 138062 51 104.593 -1 0.0)
#(0 138063 51 104.593 -1 0.0)
#(0 138064 51 104.609 -1 0.0)
#(0 138065 51 104.609 -1 0.0)
#(0 138066 51 104.609 -1 0.0)
#(0 138068 51 104.609 -1 0.0)
#(0 138069 51 104.609 -1 0.0)
#(0 138070 51 104.609 -1 0.0)
#(0 138071 51 104.609 -1 0.0)
#(0 138073 51 104.609 -1 0.0)
#(0 138075 51 104.609 -1 0.0)
#(0 138076 51 104.609 -1 0.0)
#(0 733 52 104.609 -1 0.0)
#(0 734 52 104.609 -1 0.0)
#(0 742 52 104.609 -1 0.0)
#(0 744 52 104.609 -1 0.0)
#(0 138067 52 104.609 -1 0.0)
#(0 138077 52 104.609 -1 0.0)
#(0 138078 52 104.609 -1 0.0)
#(0 138079 52 104.609 -1 0.0)
#(0 138080 52 104.609 -1 0.0)
#(0 138081 52 104.609 -1 0.0)
#(0 138082 52 104.609 -1 0.0)
#(0 138083 52 104.609 -1 0.0)
#(0 138084 52 104.609 -1 0.0)
#(0 138085 52 104.609 -1 0.0)
#(0 138086 52 104.609 -1 0.0)
#(0 138087 52 104.609 -1 0.0)
#(0 138088 52 104.609 -1 0.0)
#(0 138089 52 104.609 -1 0.0)
#(0 746 53 104.609 -1 0.0)
#(0 747 53 104.609 -1 0.0)
#(0 749 53 104.609 -1 0.0)
#(0 750 53 104.609 -1 0.0)
#(0 751 53 104.609 -1 0.0)
#(0 753 53 104.609 -1 0.0)
#(0 755 53 104.609 -1 0.0)
#(0 757 53 104.609 -1 0.0)
#(0 758 53 104.609 -1 0.0)
#(0 759 53 104.609 -1 0.0)
#(0 138072 53 104.609 -1 0.0)
#(0 138074 53 104.609 -1 0.0)
#(0 138090 53 104.609 -1 0.0)
#(0 138091 53 104.609 -1 0.0)
#(0 138092 53 104.609 -1 0.0)
#(0 138093 53 104.609 -1 0.0)
#(0 138094 53 104.609 -1 0.0)
#(0 138095 53 104.609 -1 0.0)
#(0 138096 53 104.609 -1 0.0)
#(0 138097 53 104.609 -1 0.0)
#(0 138098 53 104.609 -1 0.0)
#(0 138099 53 104.609 -1 0.0)
#(0 138100 53 104.609 -1 0.0)
#(0 752 54 104.609 -1 0.0)
#(0 761 54 104.609 -1 0.0)
#(0 762 54 104.609 -1 0.0)
#(0 765 54 104.609 -1 0.0)
#(0 767 54 104.609 -1 0.0)
#(0 768 54 104.609 -1 0.0)
#(0 770 54 104.609 -1 0.0)
#(0 772 54 104.609 -1 0.0)
#(0 774 54 104.609 -1 0.0)
#(0 138101 54 104.609 -1 0.0)
#(0 138102 54 104.609 -1 0.0)
#(0 138103 54 104.609 -1 0.0)
#(0 138104 54 104.609 -1 0.0)
#(0 138105 54 104.609 -1 0.0)
#(0 138106 54 104.625 -1 0.0)
#(0 776 55 104.625 -1 0.0)
#(0 779 55 104.625 -1 0.0)
#(0 780 55 104.625 -1 0.0)
#(0 781 55 104.625 -1 0.0)
#(0 784 55 104.625 -1 0.0)
#(0 785 55 104.625 -1 0.0)
#(0 786 55 104.625 -1 0.0)
#(0 788 55 104.625 -1 0.0)
#(0 792 55 104.625 -1 0.0)
#(0 138108 55 104.625 -1 0.0)
#(0 138109 55 104.625 -1 0.0)
#(0 138110 55 104.625 -1 0.0)
#(0 138111 55 104.625 -1 0.0)
#(0 138112 55 104.625 -1 0.0)
#(0 138113 55 104.625 -1 0.0)
#(0 138114 55 104.625 -1 0.0)
#(0 138115 55 104.625 -1 0.0)
#(0 138116 55 104.625 -1 0.0)
#(0 138117 55 104.625 -1 0.0)
#(0 783 56 104.625 -1 0.0)
#(0 787 56 104.625 -1 0.0)
#(0 798 56 104.625 -1 0.0)
#(0 799 56 104.625 -1 0.0)
#(0 800 56 104.625 -1 0.0)
#(0 803 56 104.625 -1 0.0)
#(0 138107 56 104.625 -1 0.0)
#(0 138118 56 104.625 -1 0.0)
#(0 138119 56 104.625 -1 0.0)
#(0 138120 56 104.625 -1 0.0)
#(0 138121 56 104.625 -1 0.0)
#(0 138122 56 104.625 -1 0.0)
#(0 138123 56 104.625 -1 0.0)
#(0 138124 56 104.625 -1 0.0)
#(0 138125 56 104.625 -1 0.0)
#(0 801 57 104.625 -1 0.0)
#(0 807 57 104.625 -1 0.0)
#(0 808 57 104.625 -1 0.0)
#(0 809 57 104.625 -1 0.0)
#(0 810 57 104.625 -1 0.0)
#(0 811 57 104.625 -1 0.0)
#(0 813 57 104.625 -1 0.0)
#(0 815 57 104.625 -1 0.0)
#(0 817 57 104.625 -1 0.0)
#(0 138126 57 104.625 -1 0.0)
#(0 138127 57 104.625 -1 0.0)
#(0 138128 57 104.625 -1 0.0)
#(0 138129 57 104.625 -1 0.0)
#(0 138130 57 104.625 -1 0.0)
#(0 138131 57 104.625 -1 0.0)
#(0 138132 57 104.625 -1 0.0)
#(0 138133 57 104.625 -1 0.0)
#(0 138134 57 104.625 -1 0.0)
#(0 138135 57 104.625 -1 0.0)
#(0 138136 57 104.625 -1 0.0)
#(0 821 58 104.625 -1 0.0)
#(0 827 58 104.625 -1 0.0)
#(0 828 58 104.625 -1 0.0)
#(0 829 58 104.625 -1 0.0)
#(0 830 58 104.625 -1 0.0)
#(0 138137 58 104.625 -1 0.0)
#(0 138138 58 104.625 -1 0.0)
#(0 138139 58 104.625 -1 0.0)
#(0 138140 58 104.625 -1 0.0)
#(0 138141 58 104.625 -1 0.0)
#(0 138142 58 104.625 -1 0.0)
#(0 138143 58 104.625 -1 0.0)
#(0 138144 58 104.625 -1 0.0)
#(0 138145 58 104.625 -1 0.0)
#(0 138146 58 104.625 -1 0.0)
#(0 138147 58 104.625 -1 0.0)
#(0 138148 58 104.64 -1 0.0)
#(0 138149 58 104.64 -1 0.0)
#(0 831 59 104.64 -1 0.0)
#(0 833 59 104.64 -1 0.0)
#(0 834 59 104.64 -1 0.0)
#(0 835 59 104.64 -1 0.0)
#(0 837 59 104.64 -1 0.0)
#(0 839 59 104.64 -1 0.0)
#(0 138150 59 104.64 -1 0.0)
#(0 138151 59 104.64 -1 0.0)
#(0 138152 59 104.64 -1 0.0)
#(0 138153 59 104.64 -1 0.0)
#(0 138154 59 104.64 -1 0.0)
#(0 138155 59 104.64 -1 0.0)
#(0 138157 59 104.64 -1 0.0)
#(0 138158 59 104.64 -1 0.0)
#(0 138159 59 104.64 -1 0.0)
#(0 138160 59 104.64 -1 0.0)
#(0 138161 59 104.64 -1 0.0)
#(0 841 60 104.64 -1 0.0)
#(0 845 60 104.64 27.7 0.0)
#(0 846 60 104.64 28.5 0.0)
#(0 848 60 104.64 28.2142857142857 0.0)
#(0 849 60 104.64 26.25 0.0)
#(0 137371 60 104.64 29.6428571428571 0.0)
#(0 137372 60 104.64 36.0 0.0)
#(0 137381 60 104.64 29.7857142857143 0.0)
#(0 137382 60 104.64 31.0 0.0)
#(0 138156 60 104.64 32.7 0.0)
#(0 138162 60 104.64 29.125 0.0)
#(0 138163 60 104.64 27.9 0.0)
#(0 138164 60 104.64 34.0 0.0)
#(0 138165 60 104.64 27.6666666666667 0.0)
#(0 138166 60 104.64 31.3888888888889 0.0)
#(0 138167 60 104.64 24.5833333333333 0.0)
#(0 138168 60 104.64 29.7 0.0)
#(0 138169 60 104.64 32.0 0.0)
#(0 108 61 104.64 31.0 0.0)
#(0 112 61 104.64 29.25 0.0)
#(0 850 61 104.64 25.9375 0.0)
#(0 856 61 104.64 30.8333333333333 0.0)
#(0 861 61 104.64 22.625 0.0)
#(0 864 61 104.64 24.3333333333333 0.0)
#(0 137386 61 104.64 28.0555555555556 0.0)
#(0 137388 61 104.64 29.0 0.0)
#(0 137390 61 104.64 31.5 0.0)
#(0 137395 61 104.64 25.1428571428571 0.0)
#(0 138170 61 104.64 26.1 0.0)
#(0 138171 61 104.64 29.6428571428571 0.0)
#(0 138172 61 104.64 26.5 0.0)
#(0 138173 61 104.64 32.0 0.0)
#(0 138174 61 104.64 29.7857142857143 0.0)
#(0 138175 61 104.64 31.1666666666667 0.0)
#(0 138176 61 104.64 29.2 0.0)
#(0 138177 61 104.64 34.5 0.0)
#(0 138178 61 104.64 25.0 0.0)
#(0 138179 61 104.64 29.2 0.0)
#(0 138180 61 104.64 26.7142857142857 0.0)
#(0 138182 61 104.64 27.9 0.0)
#(0 123 62 104.64 31.5 0.0)
#(0 133 62 104.64 26.25 0.0)
#(0 868 62 104.64 -1 0.0)
#(0 869 62 104.656 30.2 0.0)
#(0 871 62 104.656 31.875 0.0)
#(0 873 62 104.656 36.0 0.0)
#(0 874 62 104.656 28.5 0.0)
#(0 876 62 104.656 27.4444444444444 0.0)
#(0 877 62 104.656 28.5 0.0)
#(0 880 62 104.656 30.25 0.0)
#(0 881 62 104.656 27.7 0.0)
#(0 137404 62 104.656 29.875 0.0)
#(0 137406 62 104.656 26.4166666666667 0.0)
#(0 137409 62 104.656 28.8333333333333 0.0)
#(0 138181 62 104.656 24.5833333333333 0.0)
#(0 138183 62 104.656 26.1 0.0)
#(0 138184 62 104.656 31.0 0.0)
#(0 138185 62 104.656 36.1875 0.0)
#(0 138186 62 104.656 32.1666666666667 0.0)
#(0 138187 62 104.656 27.6666666666667 0.0)
#(0 138188 62 104.656 30.4444444444444 0.0)
#(0 138189 62 104.656 32.7 0.0)
#(0 138190 62 104.656 26.5 0.0)
#(0 140 63 104.656 28.5 0.0)
#(0 141 63 104.656 29.8571428571429 0.0)
#(0 883 63 104.656 22.625 0.0)
#(0 884 63 104.656 36.5 0.0)
#(0 890 63 104.656 28.5 0.0)
#(0 895 63 104.656 27.1 0.0)
#(0 137414 63 104.656 24.3181818181818 0.0)
#(0 137420 63 104.656 27.9 0.0)
#(0 138191 63 104.656 31.0 0.0)
#(0 138192 63 104.656 29.4285714285714 0.0)
#(0 138193 63 104.656 35.3333333333333 0.0)
#(0 138194 63 104.656 30.25 0.0)
#(0 138195 63 104.656 30.4444444444444 0.0)
#(0 138196 63 104.656 26.1 0.0)
#(0 138197 63 104.656 24.6 0.0)
#(0 138198 63 104.656 25.625 0.0)
#(0 138199 63 104.656 35.125 0.0)
#(0 138200 63 104.656 27.3 0.0)
#(0 138203 63 104.656 25.0 0.0)
#(0 138204 63 104.656 28.0625 0.0)
#(0 138205 63 104.656 36.0 0.0)
#(0 138206 63 104.656 27.25 0.0)
#(0 138207 63 104.656 31.8333333333333 0.0)
#(0 156 64 104.656 36.5 0.0)
#(0 158 64 104.656 27.1666666666667 0.0)
#(0 892 64 104.656 28.5 0.0)
#(0 897 64 104.656 31.5 0.0)
#(0 901 64 104.656 24.3333333333333 0.0)
#(0 902 64 104.656 31.375 0.0)
#(0 903 64 104.656 34.3333333333333 0.0)
#(0 905 64 104.656 25.6428571428571 0.0)
#(0 910 64 104.656 30.5714285714286 0.0)
#(0 137424 64 104.656 29.875 0.0)
#(0 137428 64 104.656 26.1 0.0)
#(0 137430 64 104.656 31.7222222222222 0.0)
#(0 137431 64 104.656 29.7 0.0)
#(0 137433 64 104.656 25.375 0.0)
#(0 137434 64 104.656 32.1875 0.0)
#(0 137436 64 104.656 29.4285714285714 0.0)
#(0 138201 64 104.672 30.25 0.0)
#(0 138202 64 104.672 31.0 0.0)
#(0 138208 64 104.672 27.7857142857143 0.0)
#(0 138209 64 104.672 23.6875 0.0)
#(0 138211 64 104.672 25.625 0.0)
#(0 138212 64 104.672 25.7083333333333 0.0)
#(0 138213 64 104.672 29.0 0.0)
#(0 138214 64 104.672 29.1 0.0)
#(0 138215 64 104.672 30.4285714285714 0.0)
#(0 138216 64 104.672 26.0 0.0)
#(0 138217 64 104.672 32.2142857142857 0.0)
#(0 138218 64 104.672 36.1875 0.0)
#(0 168 65 104.672 23.1 0.0)
#(0 911 65 104.672 31.375 0.0)
#(0 912 65 104.672 -1 0.0)
#(0 913 65 104.672 30.0625 0.0)
#(0 915 65 104.672 25.625 0.0)
#(0 916 65 104.672 22.7222222222222 0.0)
#(0 917 65 104.672 36.5 0.0)
#(0 918 65 104.672 36.25 0.0)
#(0 137439 65 104.672 25.0 0.0)
#(0 137446 65 104.672 28.5 0.0)
#(0 138210 65 104.672 30.25 0.0)
#(0 138219 65 104.672 35.125 0.0)
#(0 138220 65 104.672 27.3 0.0)
#(0 138221 65 104.672 31.9285714285714 0.0)
#(0 138222 65 104.672 24.4 0.0)
#(0 138223 65 104.672 29.1 0.0)
#(0 138224 65 104.672 27.9 0.0)
#(0 138225 65 104.672 28.0555555555556 0.0)
#(0 138227 65 104.672 23.0 0.0)
#(0 138228 65 104.672 25.75 0.0)
#(0 138229 65 104.672 26.5 0.0)
#(0 923 66 104.672 33.125 0.0)
#(0 924 66 104.672 34.3333333333333 0.0)
#(0 925 66 104.672 26.9444444444444 0.0)
#(0 926 66 104.672 25.6428571428571 0.0)
#(0 932 66 104.672 30.8 0.0)
#(0 137454 66 104.672 25.7 0.0)
#(0 137457 66 104.672 30.4166666666667 0.0)
#(0 138226 66 104.672 26.0 0.0)
#(0 138230 66 104.672 29.2 0.0)
#(0 138231 66 104.672 31.7222222222222 0.0)
#(0 138232 66 104.672 28.3333333333333 0.0)
#(0 138233 66 104.672 29.7 0.0)
#(0 138234 66 104.672 31.1666666666667 0.0)
#(0 138235 66 104.672 29.4285714285714 0.0)
#(0 138236 66 104.672 25.625 0.0)
#(0 138237 66 104.672 26.7142857142857 0.0)
#(0 138238 66 104.672 23.2857142857143 0.0)
#(0 138239 66 104.672 28.4 0.0)
#(0 138241 66 104.687 32.7 0.0)
#(0 138242 66 104.687 30.4444444444444 0.0)
#(0 138243 66 104.687 27.8333333333333 0.0)
#(0 138244 66 104.687 25.875 0.0)
#(0 922 67 104.687 22.7222222222222 0.0)
#(0 927 67 104.687 36.25 0.0)
#(0 937 67 104.687 29.8571428571429 0.0)
#(0 943 67 104.687 26.1666666666667 0.0)
#(0 945 67 104.687 26.5 0.0)
#(0 950 67 104.687 31.5 0.0)
#(0 952 67 104.687 32.8333333333333 0.0)
#(0 954 67 104.687 32.75 0.0)
#(0 955 67 104.687 23.0 0.0)
#(0 138240 67 104.687 26.7142857142857 0.0)
#(0 138245 67 104.687 31.3888888888889 0.0)
#(0 138246 67 104.687 29.7 0.0)
#(0 138247 67 104.687 26.1 0.0)
#(0 138248 67 104.687 -1 0.0)
#(0 138249 67 104.687 29.8333333333333 0.0)
#(0 138250 67 104.687 34.5 0.0)
#(0 138251 67 104.687 29.125 0.0)
#(0 138252 67 104.687 25.0 0.0)
#(0 138253 67 104.687 -1 0.0)
#(0 138254 67 104.687 27.1428571428571 0.0)
#(0 138255 67 104.687 27.5625 0.0)
#(0 138256 67 104.687 29.2857142857143 0.0)
#(0 207 68 104.687 27.75 0.0)
#(0 936 68 104.687 22.7222222222222 0.0)
#(0 941 68 104.687 29.8571428571429 0.0)
#(0 958 68 104.687 34.5 0.0)
#(0 960 68 104.687 23.1 0.0)
#(0 961 68 104.687 30.0625 0.0)
#(0 966 68 104.687 29.0 0.0)
#(0 968 68 104.687 26.7857142857143 0.0)
#(0 969 68 104.687 30.5714285714286 0.0)
#(0 971 68 104.687 26.0 0.0)
#(0 972 68 104.687 28.5 0.0)
#(0 973 68 104.687 28.2142857142857 0.0)
#(0 137488 68 104.687 29.1 0.0)
#(0 138257 68 104.687 25.6428571428571 0.0)
#(0 138258 68 104.687 32.1875 0.0)
#(0 138259 68 104.687 31.9285714285714 0.0)
#(0 138260 68 104.687 27.6 0.0)
#(0 138261 68 104.687 29.0 0.0)
#(0 138262 68 104.687 27.6666666666667 0.0)
#(0 138263 68 104.687 29.875 0.0)
#(0 138264 68 104.687 27.5 0.0)
#(0 138265 68 104.687 28.0 0.0)
#(0 138266 68 104.687 27.3 0.0)
#(0 138267 68 104.687 29.0 0.0)
#(0 212 69 104.687 27.75 0.0)
#(0 974 69 104.687 23.1666666666667 0.0)
#(0 977 69 104.687 27.75 0.0)
#(0 979 69 104.687 24.2 0.0)
#(0 981 69 104.687 32.8333333333333 0.0)
#(0 982 69 104.687 25.0 0.0)
#(0 984 69 104.687 26.1666666666667 0.0)
#(0 989 69 104.687 26.5 0.0)
#(0 137492 69 104.703 27.9 0.0)
#(0 137494 69 104.703 27.6666666666667 0.0)
#(0 137503 69 104.703 30.4166666666667 0.0)
#(0 138268 69 104.703 27.5625 0.0)
#(0 138269 69 104.703 31.6666666666667 0.0)
#(0 138270 69 104.703 30.4285714285714 0.0)
#(0 138271 69 104.703 29.125 0.0)
#(0 138272 69 104.703 30.7777777777778 0.0)
#(0 138273 69 104.703 35.125 0.0)
#(0 138274 69 104.703 31.1666666666667 0.0)
#(0 138276 69 104.703 31.6666666666667 0.0)
#(0 138277 69 104.703 26.4166666666667 0.0)
#(0 138278 69 104.703 29.1 0.0)
#(0 138279 69 104.703 23.625 0.0)
#(0 138280 69 104.703 25.875 0.0)
#(0 983 70 104.703 28.2142857142857 0.0)
#(0 992 70 104.703 31.0 0.0)
#(0 994 70 104.703 28.5 0.0)
#(0 996 70 104.703 34.3333333333333 0.0)
#(0 1001 70 104.703 25.0 0.0)
#(0 1004 70 104.703 25.625 0.0)
#(0 1005 70 104.703 27.75 0.0)
#(0 1009 70 104.703 31.875 0.0)
#(0 137510 70 104.703 31.9285714285714 0.0)
#(0 137513 70 104.703 25.625 0.0)
#(0 138281 70 104.703 25.1428571428571 0.0)
#(0 138282 70 104.703 26.0 0.0)
#(0 138283 70 104.703 27.9 0.0)
#(0 138284 70 104.703 27.25 0.0)
#(0 138285 70 104.703 27.8333333333333 0.0)
#(0 138286 70 104.703 27.5714285714286 0.0)
#(0 138287 70 104.703 29.6428571428571 0.0)
#(0 138288 70 104.703 25.7222222222222 0.0)
#(0 138289 70 104.703 29.875 0.0)
#(0 138290 70 104.703 28.0625 0.0)
#(0 138291 70 104.703 27.125 0.0)
#(0 138292 70 104.703 -1 0.0)
#(0 240 71 104.703 22.7222222222222 0.0)
#(0 245 71 104.703 34.6666666666667 0.0)
#(0 1012 71 104.703 22.6818181818182 0.0)
#(0 1014 71 104.703 36.5 0.0)
#(0 1015 71 104.703 29.0 0.0)
#(0 137517 71 104.703 32.1875 0.0)
#(0 138275 71 104.718 30.4285714285714 0.0)
#(0 138293 71 104.718 32.0 0.0)
#(0 138294 71 104.718 36.1875 0.0)
#(0 138295 71 104.718 34.0 0.0)
#(0 138296 71 104.718 25.875 0.0)
#(0 138297 71 104.718 34.0 0.0)
#(0 261 72 104.718 28.85 0.0)
#(0 263 72 104.718 30.2 0.0)
#(0 1018 72 104.718 34.5 0.0)
#(0 1019 72 104.718 30.8333333333333 0.0)
#(0 1020 72 104.718 28.5 0.0)
#(0 1024 72 104.718 27.75 0.0)
#(0 1026 72 104.718 30.5833333333333 0.0)
#(0 1027 72 104.718 27.4444444444444 0.0)
#(0 1028 72 104.718 27.1666666666667 0.0)
#(0 137533 72 104.718 33.8333333333333 0.0)
#(0 137537 72 104.718 27.5 0.0)
#(0 137538 72 104.718 32.1666666666667 0.0)
#(0 138298 72 104.718 32.2142857142857 0.0)
#(0 138299 72 104.718 29.0 0.0)
#(0 138300 72 104.718 31.9285714285714 0.0)
#(0 138301 72 104.718 29.7857142857143 0.0)
#(0 138302 72 104.718 29.7 0.0)
#(0 138303 72 104.718 30.4444444444444 0.0)
#(0 138304 72 104.718 25.75 0.0)
#(0 138305 72 104.718 31.0555555555556 0.0)
#(0 138306 72 104.718 30.4166666666667 0.0)
#(0 138307 72 104.718 25.625 0.0)
#(0 1025 73 104.718 30.8333333333333 0.0)
#(0 1033 73 104.718 23.0 0.0)
#(0 1034 73 104.718 29.8571428571429 0.0)
#(0 1038 73 104.718 27.7777777777778 0.0)
#(0 1039 73 104.718 28.5 0.0)
#(0 1041 73 104.718 26.5 0.0)
#(0 137546 73 104.718 30.4285714285714 0.0)
#(0 138308 73 104.718 27.05 0.0)
#(0 138309 73 104.718 27.6 0.0)
#(0 138310 73 104.718 31.1666666666667 0.0)
#(0 138311 73 104.718 30.25 0.0)
#(0 138312 73 104.718 26.0 0.0)
#(0 138313 73 104.718 24.0 0.0)
#(0 138314 73 104.718 28.0625 0.0)
#(0 279 74 104.718 32.75 0.0)
#(0 1042 74 104.718 25.0 0.0)
#(0 1043 74 104.718 24.3333333333333 0.0)
#(0 1044 74 104.718 26.7857142857143 0.0)
#(0 1046 74 104.718 30.8333333333333 0.0)
#(0 1048 74 104.718 36.0 0.0)
#(0 1050 74 104.718 26.9444444444444 0.0)
#(0 137567 74 104.718 30.4166666666667 0.0)
#(0 138315 74 104.734 27.125 0.0)
#(0 138316 74 104.734 34.0 0.0)
#(0 138317 74 104.734 29.7 0.0)
#(0 138318 74 104.734 31.8333333333333 0.0)
#(0 138319 74 104.734 25.7083333333333 0.0)
#(0 138320 74 104.734 25.75 0.0)
#(0 138321 74 104.734 31.3888888888889 0.0)
#(0 138322 74 104.734 26.5 0.0)
#(0 138323 74 104.734 29.7 0.0)
#(0 138326 74 104.734 29.6428571428571 0.0)
#(0 290 75 104.734 28.5 0.0)
#(0 1053 75 104.734 27.0 0.0)
#(0 1056 75 104.734 22.625 0.0)
#(0 1059 75 104.734 26.5 0.0)
#(0 1060 75 104.734 27.1 0.0)
#(0 137581 75 104.734 32.0 0.0)
#(0 137582 75 104.734 25.7083333333333 0.0)
#(0 137586 75 104.734 28.875 0.0)
#(0 137587 75 104.734 30.4285714285714 0.0)
#(0 138324 75 104.734 25.7083333333333 0.0)
#(0 138325 75 104.734 26.5 0.0)
#(0 138327 75 104.734 25.2 0.0)
#(0 138328 75 104.734 27.125 0.0)
#(0 138329 75 104.734 27.7857142857143 0.0)
#(0 138330 75 104.734 30.4444444444444 0.0)
#(0 138331 75 104.734 29.7857142857143 0.0)
#(0 138332 75 104.734 25.7 0.0)
#(0 138333 75 104.734 29.0 0.0)
#(0 138334 75 104.734 28.5 0.0)
#(0 138335 75 104.734 28.875 0.0)
#(0 138336 75 104.734 26.1363636363636 0.0)
#(0 138337 75 104.734 29.2 0.0)
#(0 138338 75 104.734 25.5833333333333 0.0)
#(0 138339 75 104.734 23.6875 0.0)
#(0 305 76 104.734 22.7222222222222 0.0)
#(0 1064 76 104.734 29.8571428571429 0.0)
#(0 1066 76 104.734 27.4444444444444 0.0)
#(0 1071 76 104.734 30.0625 0.0)
#(0 1072 76 104.734 34.3333333333333 0.0)
#(0 1073 76 104.734 30.8333333333333 0.0)
#(0 1074 76 104.734 36.5 0.0)
#(0 1075 76 104.734 -1 0.0)
#(0 1078 76 104.734 28.85 0.0)
#(0 137600 76 104.734 28.2142857142857 0.0)
#(0 138340 76 104.734 28.3333333333333 0.0)
#(0 138342 76 104.734 25.1428571428571 0.0)
#(0 138343 76 104.734 31.0 0.0)
#(0 138344 76 104.734 27.3333333333333 0.0)
#(0 138345 76 104.734 26.7142857142857 0.0)
#(0 138347 76 104.734 24.8 0.0)
#(0 138348 76 104.734 32.5 0.0)
#(0 138349 76 104.734 31.9285714285714 0.0)
#(0 138350 76 104.734 30.4166666666667 0.0)
#(0 138351 76 104.734 28.875 0.0)
#(0 1069 77 104.734 26.5 0.0)
#(0 1076 77 104.734 27.1 0.0)
#(0 1079 77 104.734 22.625 0.0)
#(0 1080 77 104.734 25.6428571428571 0.0)
#(0 1081 77 104.734 30.5833333333333 0.0)
#(0 1086 77 104.75 23.1 0.0)
#(0 1088 77 104.75 32.8333333333333 0.0)
#(0 1089 77 104.75 36.0 0.0)
#(0 1090 77 104.75 28.5 0.0)
#(0 137612 77 104.75 27.6 0.0)
#(0 137615 77 104.75 27.7857142857143 0.0)
#(0 138341 77 104.75 25.7 0.0)
#(0 138346 77 104.75 31.0 0.0)
#(0 138352 77 104.75 28.8333333333333 0.0)
#(0 138353 77 104.75 27.3333333333333 0.0)
#(0 138355 77 104.75 29.2857142857143 0.0)
#(0 138356 77 104.75 35.125 0.0)
#(0 138357 77 104.75 25.6428571428571 0.0)
#(0 138358 77 104.75 28.0 0.0)
#(0 138359 77 104.75 29.1 0.0)
#(0 138360 77 104.75 24.3181818181818 0.0)
#(0 138362 77 104.75 27.25 0.0)
#(0 138363 77 104.75 31.1666666666667 0.0)
#(0 138365 77 104.75 27.5 0.0)
#(0 138366 77 104.75 28.4 0.0)
#(0 138367 77 104.75 25.0 0.0)
#(0 138368 77 104.75 28.6 0.0)
#(0 330 78 104.75 24.2 0.0)
#(0 1085 78 104.75 34.3333333333333 0.0)
#(0 1092 78 104.75 29.0714285714286 0.0)
#(0 1093 78 104.75 25.9444444444444 0.0)
#(0 1094 78 104.75 27.1 0.0)
#(0 1096 78 104.75 26.9444444444444 0.0)
#(0 138364 78 104.75 28.875 0.0)
#(0 138369 78 104.75 32.2142857142857 0.0)
#(0 138370 78 104.75 33.0 0.0)
#(0 138371 78 104.75 26.95 0.0)
#(0 138372 78 104.75 24.0833333333333 0.0)
#(0 138373 78 104.75 31.3888888888889 0.0)
#(0 138374 78 104.75 24.5833333333333 0.0)
#(0 138375 78 104.75 23.625 0.0)
#(0 138376 78 104.75 28.8888888888889 0.0)
#(0 138377 78 104.75 28.0 0.0)
#(0 138378 78 104.75 26.0 0.0)
#(0 347 79 104.75 24.8333333333333 0.0)
#(0 350 79 104.75 26.6666666666667 0.0)
#(0 1103 79 104.75 30.8 0.0)
#(0 1105 79 104.75 30.25 0.0)
#(0 1109 79 104.75 36.25 0.0)
#(0 1110 79 104.75 -1 0.0)
#(0 138354 79 104.75 27.3333333333333 0.0)
#(0 138361 79 104.75 35.125 0.0)
#(0 138379 79 104.75 28.2142857142857 0.0)
#(0 138380 79 104.75 31.6666666666667 0.0)
#(0 138381 79 104.75 30.4166666666667 0.0)
#(0 138382 79 104.75 35.3333333333333 0.0)
#(0 138383 79 104.75 27.9 0.0)
#(0 138384 79 104.75 27.6 0.0)
#(0 138386 79 104.75 29.4285714285714 0.0)
#(0 1112 80 104.75 28.5 0.0)
#(0 1117 80 104.75 29.0 0.0)
#(0 1120 80 104.765 29.8571428571429 0.0)
#(0 137645 80 104.765 29.2857142857143 0.0)
#(0 137653 80 104.765 24.3181818181818 0.0)
#(0 137654 80 104.765 29.4285714285714 0.0)
#(0 138385 80 104.765 29.2857142857143 0.0)
#(0 138387 80 104.765 28.4 0.0)
#(0 138388 80 104.765 36.1875 0.0)
#(0 138389 80 104.765 27.7857142857143 0.0)
#(0 138390 80 104.765 26.3333333333333 0.0)
#(0 138391 80 104.765 25.5 0.0)
#(0 138392 80 104.765 31.1666666666667 0.0)
#(0 138393 80 104.765 24.3181818181818 0.0)
#(0 138394 80 104.765 30.4444444444444 0.0)
#(0 358 81 104.765 24.2 0.0)
#(0 1125 81 104.765 34.6666666666667 0.0)
#(0 1126 81 104.765 34.3333333333333 0.0)
#(0 1128 81 104.765 29.25 0.0)
#(0 1129 81 104.765 23.1 0.0)
#(0 1134 81 104.765 36.5 0.0)
#(0 1137 81 104.765 27.7 0.0)
#(0 1138 81 104.765 25.6428571428571 0.0)
#(0 137662 81 104.765 34.5 0.0)
#(0 137664 81 104.765 30.4166666666667 0.0)
#(0 137669 81 104.765 32.3333333333333 0.0)
#(0 138395 81 104.765 43.5 0.0)
#(0 138396 81 104.765 29.2 0.0)
#(0 138397 81 104.765 42.0 0.0)
#(0 138398 81 104.765 -1 0.0)
#(0 138399 81 104.765 26.5 0.0)
#(0 138400 81 104.765 29.0 0.0)
#(0 138401 81 104.765 -1 0.0)
#(0 138402 81 104.765 28.8888888888889 0.0)
#(0 138403 81 104.765 29.7 0.0)
#(0 138404 81 104.765 31.1666666666667 0.0)
#(0 374 82 104.765 27.7777777777778 0.0)
#(0 378 82 104.765 29.25 0.0)
#(0 1139 82 104.765 30.25 0.0)
#(0 1140 82 104.765 29.0 0.0)
#(0 1141 82 104.765 26.5 0.0)
#(0 1145 82 104.765 30.0 0.0)
#(0 1146 82 104.765 28.5 0.0)
#(0 1147 82 104.765 31.0 0.0)
#(0 1150 82 104.765 26.25 0.0)
#(0 138405 82 104.765 28.2857142857143 0.0)
#(0 138406 82 104.765 32.0 0.0)
#(0 138407 82 104.765 25.5833333333333 0.0)
#(0 138408 82 104.765 25.875 0.0)
#(0 138409 82 104.765 31.0555555555556 0.0)
#(0 138411 82 104.765 25.1428571428571 0.0)
#(0 138413 82 104.765 24.5833333333333 0.0)
#(0 138414 82 104.765 30.6666666666667 0.0)
#(0 1154 83 104.765 25.6428571428571 0.0)
#(0 1155 83 104.765 32.75 0.0)
#(0 1156 83 104.765 36.0 0.0)
#(0 1157 83 104.765 28.5 0.0)
#(0 137690 83 104.781 31.5 0.0)
#(0 138410 83 104.781 25.5833333333333 0.0)
#(0 138415 83 104.781 24.3181818181818 0.0)
#(0 138416 83 104.781 30.4444444444444 0.0)
#(0 138417 83 104.781 29.125 0.0)
#(0 138418 83 104.781 27.5714285714286 0.0)
#(0 138419 83 104.781 28.3333333333333 0.0)
#(0 138420 83 104.781 30.7777777777778 0.0)
#(0 138421 83 104.781 29.2857142857143 0.0)
#(0 138422 83 104.781 25.7 0.0)
#(0 138423 83 104.781 29.1 0.0)
#(0 138424 83 104.781 31.0555555555556 0.0)
#(0 138425 83 104.781 29.2 0.0)
#(0 138426 83 104.781 31.5 0.0)
#(0 138427 83 104.781 28.8333333333333 0.0)
#(0 401 84 104.781 24.8333333333333 0.0)
#(0 1160 84 104.781 28.2142857142857 0.0)
#(0 1165 84 104.781 29.8571428571429 0.0)
#(0 1168 84 104.781 23.0 0.0)
#(0 1170 84 104.781 33.125 0.0)
#(0 137700 84 104.781 29.1 0.0)
#(0 137708 84 104.781 35.125 0.0)
#(0 138428 84 104.781 28.2857142857143 0.0)
#(0 138429 84 104.781 29.0 0.0)
#(0 138430 84 104.781 23.1666666666667 0.0)
#(0 138431 84 104.781 27.25 0.0)
#(0 138432 84 104.781 30.6666666666667 0.0)
#(0 138433 84 104.781 27.8333333333333 0.0)
#(0 138434 84 104.781 24.6 0.0)
#(0 138435 84 104.781 29.1 0.0)
#(0 402 85 104.781 31.375 0.0)
#(0 1173 85 104.781 26.7857142857143 0.0)
#(0 1175 85 104.781 30.1875 0.0)
#(0 1178 85 104.781 27.4444444444444 0.0)
#(0 1181 85 104.781 24.2 0.0)
#(0 137716 85 104.781 28.7 0.0)
#(0 138412 85 104.781 25.5833333333333 0.0)
#(0 138436 85 104.781 -1 0.0)
#(0 138437 85 104.781 24.0 0.0)
#(0 138438 85 104.781 25.35 0.0)
#(0 138439 85 104.781 35.3333333333333 0.0)
#(0 138440 85 104.781 31.5 0.0)
#(0 138441 85 104.781 29.7 0.0)
#(0 138442 85 104.781 23.6875 0.0)
#(0 138443 85 104.781 29.125 0.0)
#(0 138444 85 104.781 31.7222222222222 0.0)
#(0 138445 85 104.781 26.1 0.0)
#(0 138446 85 104.781 30.7777777777778 0.0)
#(0 138447 85 104.781 24.8 0.0)
#(0 138448 85 104.781 31.9285714285714 0.0)
#(0 1182 86 104.781 30.1875 0.0)
#(0 1183 86 104.781 26.7857142857143 0.0)
#(0 1184 86 104.781 28.5 0.0)
#(0 1185 86 104.781 36.0 0.0)
#(0 1186 86 104.781 30.25 0.0)
#(0 1187 86 104.781 25.6428571428571 0.0)
#(0 1188 86 104.797 36.5 0.0)
#(0 1189 86 104.797 30.5833333333333 0.0)
#(0 1190 86 104.797 28.2142857142857 0.0)
#(0 137733 86 104.797 26.7142857142857 0.0)
#(0 138450 86 104.797 30.75 0.0)
#(0 138451 86 104.797 30.4444444444444 0.0)
#(0 138453 86 104.797 33.8333333333333 0.0)
#(0 138454 86 104.797 26.0 0.0)
#(0 138455 86 104.797 25.0 0.0)
#(0 138456 86 104.797 27.25 0.0)
#(0 138457 86 104.797 42.0 0.0)
#(0 138458 86 104.797 28.6 0.0)
#(0 138459 86 104.797 29.2 0.0)
#(0 138460 86 104.797 29.0 0.0)
#(0 138461 86 104.797 26.4166666666667 0.0)
#(0 138462 86 104.797 25.7222222222222 0.0)
#(0 138463 86 104.797 28.4 0.0)
#(0 138464 86 104.797 25.375 0.0)
#(0 138465 86 104.797 27.5 0.0)
#(0 1194 87 104.797 23.0 0.0)
#(0 1197 87 104.797 26.5 0.0)
#(0 1198 87 104.797 33.125 0.0)
#(0 1201 87 104.797 26.25 0.0)
#(0 1202 87 104.797 23.1 0.0)
#(0 137745 87 104.797 29.4285714285714 0.0)
#(0 138449 87 104.797 23.6875 0.0)
#(0 138466 87 104.797 28.0 0.0)
#(0 138467 87 104.797 27.4285714285714 0.0)
#(0 138468 87 104.797 27.3333333333333 0.0)
#(0 138470 87 104.797 26.5 0.0)
#(0 138471 87 104.797 -1 0.0)
#(0 138472 87 104.797 26.7142857142857 0.0)
#(0 138473 87 104.797 30.6666666666667 0.0)
#(0 1203 88 104.797 30.8333333333333 0.0)
#(0 1205 88 104.797 22.625 0.0)
#(0 1208 88 104.797 25.5 0.0)
#(0 1209 88 104.797 22.6818181818182 0.0)
#(0 1212 88 104.797 30.5714285714286 0.0)
#(0 1213 88 104.797 32.8333333333333 0.0)
#(0 1216 88 104.797 30.0625 0.0)
#(0 1218 88 104.797 24.3333333333333 0.0)
#(0 1219 88 104.797 24.2 0.0)
#(0 137777 88 104.797 27.4285714285714 0.0)
#(0 138452 88 104.797 23.6875 0.0)
#(0 138474 88 104.797 35.3333333333333 0.0)
#(0 138475 88 104.797 30.4285714285714 0.0)
#(0 138476 88 104.797 27.25 0.0)
#(0 138477 88 104.797 30.25 0.0)
#(0 138478 88 104.797 28.2142857142857 0.0)
#(0 138479 88 104.797 29.4285714285714 0.0)
#(0 138480 88 104.797 26.3333333333333 0.0)
#(0 138481 88 104.797 27.5 0.0)
#(0 138482 88 104.812 32.7 0.0)
#(0 138483 88 104.812 24.0 0.0)
#(0 138485 88 104.812 29.6428571428571 0.0)
#(0 138487 88 104.812 28.7 0.0)
#(0 138488 88 104.812 24.0833333333333 0.0)
#(0 138489 88 104.812 35.125 0.0)
#(0 138490 88 104.812 27.5714285714286 0.0)
#(0 444 89 104.812 29.25 0.0)
#(0 452 89 104.812 31.5 0.0)
#(0 1220 89 104.812 26.875 0.0)
#(0 1222 89 104.812 32.75 0.0)
#(0 1223 89 104.812 28.5 0.0)
#(0 1224 89 104.812 36.5 0.0)
#(0 1228 89 104.812 30.8 0.0)
#(0 1229 89 104.812 27.7777777777778 0.0)
#(0 1230 89 104.812 25.9444444444444 0.0)
#(0 1233 89 104.812 25.6428571428571 0.0)
#(0 1234 89 104.812 28.5 0.0)
#(0 137790 89 104.812 32.0 0.0)
#(0 137792 89 104.812 28.0 0.0)
#(0 138469 89 104.812 23.6875 0.0)
#(0 138484 89 104.812 30.4285714285714 0.0)
#(0 138486 89 104.812 30.6666666666667 0.0)
#(0 138491 89 104.812 28.875 0.0)
#(0 138492 89 104.828 26.5 0.0)
#(0 138493 89 104.828 30.7777777777778 0.0)
#(0 138494 89 104.828 42.0 0.0)
#(0 138495 89 104.828 23.375 0.0)
#(0 138497 89 104.828 28.0 0.0)
#(0 138498 89 104.828 27.25 0.0)
#(0 138499 89 104.828 26.0 0.0)
#(0 138500 89 104.828 28.5 0.0)
#(0 138501 89 104.828 -1 0.0)
#(0 138502 89 104.828 25.875 0.0)
#(0 138503 89 104.828 27.25 0.0)
#(0 138504 89 104.828 25.2 0.0)
#(0 138505 89 104.828 31.5 0.0)
#(0 101 90 104.828 25.5 0.0)
#(0 102 90 104.828 27.7 0.0)
#(0 106 90 104.828 24.25 0.0)
#(0 1210 90 104.828 22.625 0.0)
#(0 1232 90 104.828 36.5 0.0)
#(0 1236 90 104.828 26.7857142857143 0.0)
#(0 1238 90 104.828 27.1666666666667 0.0)
#(0 1241 90 104.828 29.0 0.0)
#(0 1243 90 104.828 23.1666666666667 0.0)
#(0 137373 90 104.828 29.4285714285714 0.0)
#(0 137374 90 104.828 27.0 0.0)
#(0 137375 90 104.828 29.2857142857143 0.0)
#(0 137376 90 104.828 32.2142857142857 0.0)
#(0 137377 90 104.828 23.2857142857143 0.0)
#(0 137378 90 104.828 28.2142857142857 0.0)
#(0 137379 90 104.828 28.75 0.0)
#(0 137380 90 104.828 24.4 0.0)
#(0 137797 90 104.828 29.8333333333333 0.0)
#(0 138496 90 104.828 32.7 0.0)
#(0 138507 90 104.828 43.0 0.0)
#(0 138508 90 104.828 42.0 0.0)
#(0 138509 90 104.828 -1 0.0)
#(0 138510 90 104.828 29.7 0.0)
#(0 138511 90 104.828 29.0 0.0)
#(0 138512 90 104.828 -1 0.0)
#(0 138513 90 104.828 29.2857142857143 0.0)
#(0 138515 90 104.828 28.75 0.0)
#(0 138517 90 104.828 28.875 0.0)
#(0 138518 90 104.828 25.35 0.0)
#(0 138519 90 104.828 29.4285714285714 0.0)
#(0 114 91 104.828 24.8333333333333 0.0)
#(0 117 91 104.828 25.0 0.0)
#(0 119 91 104.828 -1 0.0)
#(0 120 91 104.828 -1 0.0)
#(0 121 91 104.828 23.1666666666667 0.0)
#(0 472 91 104.922 26.875 0.0)
#(0 1246 91 104.922 31.0 0.0)
#(0 1254 91 104.922 23.1666666666667 0.0)
#(0 1255 91 104.922 28.0 0.0)
#(0 1256 91 104.922 30.0625 0.0)
#(0 1257 91 104.922 27.7 0.0)
#(0 1259 91 104.922 28.5 0.0)
#(0 137383 91 104.922 23.625 0.0)
#(0 137384 91 104.922 35.125 0.0)
#(0 137385 91 104.922 29.0 0.0)
#(0 137387 91 104.922 26.1363636363636 0.0)
#(0 137389 91 104.922 34.5 0.0)
#(0 137392 91 104.922 28.3333333333333 0.0)
#(0 137393 91 104.922 29.2 0.0)
#(0 138506 91 104.937 28.5 0.0)
#(0 138514 91 104.937 25.2 0.0)
#(0 138516 91 104.937 29.7 0.0)
#(0 138520 91 104.937 27.5 0.0)
#(0 138521 91 104.937 30.4166666666667 0.0)
#(0 138522 91 104.937 27.25 0.0)
#(0 138523 91 104.937 28.0555555555556 0.0)
#(0 138524 91 104.937 25.5833333333333 0.0)
#(0 138525 91 104.937 34.0 0.0)
#(0 138526 91 104.937 31.1666666666667 0.0)
#(0 138527 91 104.937 28.3333333333333 0.0)
#(0 122 92 104.937 25.9444444444444 0.0)
#(0 124 92 104.937 24.5 0.0)
#(0 125 92 104.937 34.3333333333333 0.0)
#(0 129 92 104.937 26.0 0.0)
#(0 490 92 104.937 22.6818181818182 0.0)
#(0 1247 92 104.937 36.5 0.0)
#(0 1261 92 104.937 30.2 0.0)
#(0 1264 92 104.937 38.0 0.0)
#(0 1265 92 104.937 26.5 0.0)
#(0 1268 92 104.937 30.1875 0.0)
#(0 137391 92 104.937 31.5 0.0)
#(0 137396 92 104.937 30.4285714285714 0.0)
#(0 137398 92 104.937 30.4444444444444 0.0)
#(0 137401 92 104.937 27.5625 0.0)
#(0 137402 92 104.937 28.0555555555556 0.0)
#(0 137405 92 104.937 -1 0.0)
#(0 137408 92 104.937 32.5 0.0)
#(0 137817 92 104.937 30.6666666666667 0.0)
#(0 137822 92 104.937 34.0 0.0)
#(0 138528 92 104.937 28.2857142857143 0.0)
#(0 138529 92 104.937 30.4444444444444 0.0)
#(0 138530 92 104.937 31.1666666666667 0.0)
#(0 138531 92 104.937 30.5 0.0)
#(0 138532 92 104.937 28.7 0.0)
#(0 138533 92 104.937 29.0 0.0)
#(0 138534 92 104.937 29.8 0.0)
#(0 138535 92 104.937 25.7222222222222 0.0)
#(0 138536 92 104.937 27.25 0.0)
#(0 138537 92 104.937 27.6666666666667 0.0)
#(0 138538 92 104.937 31.8333333333333 0.0)
#(0 138539 92 104.937 29.1 0.0)
#(0 138540 92 104.937 28.75 0.0)
#(0 134 93 104.937 25.9444444444444 0.0)
#(0 137 93 104.937 33.125 0.0)
#(0 506 93 104.937 31.375 0.0)
#(0 1262 93 104.937 23.1666666666667 0.0)
#(0 1269 93 104.937 28.5 0.0)
#(0 1270 93 104.937 26.5 0.0)
#(0 1274 93 104.937 29.0714285714286 0.0)
#(0 1276 93 104.937 30.5714285714286 0.0)
#(0 1278 93 104.937 31.375 0.0)
#(0 137400 93 104.937 28.3333333333333 0.0)
#(0 137410 93 104.937 29.2857142857143 0.0)
#(0 137411 93 104.937 25.7222222222222 0.0)
#(0 137413 93 104.937 31.1666666666667 0.0)
#(0 137415 93 104.937 28.7 0.0)
#(0 137416 93 104.937 29.0 0.0)
#(0 137417 93 104.937 31.0 0.0)
#(0 137418 93 104.937 27.05 0.0)
#(0 137419 93 104.937 26.1363636363636 0.0)
#(0 138541 93 104.953 28.0 0.0)
#(0 138542 93 104.953 29.0 0.0)
#(0 138544 93 104.953 27.9 0.0)
#(0 138545 93 104.953 29.1 0.0)
#(0 138546 93 104.953 24.0 0.0)
#(0 138547 93 104.953 27.6 0.0)
#(0 138548 93 104.953 24.0833333333333 0.0)
#(0 138549 93 104.953 24.3181818181818 0.0)
#(0 138550 93 104.953 29.7 0.0)
#(0 138552 93 104.953 43.5 0.0)
#(0 138553 93 104.953 33.8333333333333 0.0)
#(0 145 94 104.953 30.25 0.0)
#(0 147 94 104.953 26.875 0.0)
#(0 151 94 104.953 30.8333333333333 0.0)
#(0 153 94 104.953 29.25 0.0)
#(0 155 94 104.953 22.6818181818182 0.0)
#(0 1280 94 104.953 29.25 0.0)
#(0 1281 94 104.953 27.4444444444444 0.0)
#(0 1287 94 104.953 26.25 0.0)
#(0 1289 94 104.953 30.0625 0.0)
#(0 137403 94 104.953 27.6666666666667 0.0)
#(0 137422 94 104.953 28.75 0.0)
#(0 137423 94 104.953 26.95 0.0)
#(0 137425 94 104.953 31.3888888888889 0.0)
#(0 137426 94 104.953 27.3 0.0)
#(0 137427 94 104.953 25.2 0.0)
#(0 137429 94 104.953 43.0 0.0)
#(0 137432 94 104.953 24.1666666666667 0.0)
#(0 137435 94 104.953 26.3333333333333 0.0)
#(0 137843 94 104.953 30.4166666666667 0.0)
#(0 137849 94 104.953 28.75 0.0)
#(0 138543 94 104.953 28.75 0.0)
#(0 138554 94 104.953 30.0 0.0)
#(0 138555 94 104.953 31.7222222222222 0.0)
#(0 138556 94 104.953 28.0625 0.0)
#(0 138557 94 104.953 32.1875 0.0)
#(0 138558 94 104.953 36.1875 0.0)
#(0 138559 94 104.953 27.6 0.0)
#(0 164 95 104.953 28.5 0.0)
#(0 166 95 104.953 31.875 0.0)
#(0 169 95 104.953 30.5714285714286 0.0)
#(0 170 95 104.953 25.625 0.0)
#(0 174 95 104.953 25.9444444444444 0.0)
#(0 175 95 104.953 27.7 0.0)
#(0 176 95 104.953 29.0 0.0)
#(0 1293 95 104.953 24.3333333333333 0.0)
#(0 1294 95 104.953 25.625 0.0)
#(0 1295 95 104.953 26.0 0.0)
#(0 1296 95 104.953 26.9444444444444 0.0)
#(0 1298 95 104.953 -1 0.0)
#(0 137407 95 104.953 27.6666666666667 0.0)
#(0 137438 95 104.953 31.1666666666667 0.0)
#(0 137440 95 104.953 28.6 0.0)
#(0 137441 95 104.953 31.3888888888889 0.0)
#(0 137442 95 104.953 29.6428571428571 0.0)
#(0 137443 95 104.953 23.2857142857143 0.0)
#(0 137444 95 104.953 29.125 0.0)
#(0 137445 95 104.953 24.4 0.0)
#(0 137448 95 104.953 26.1 0.0)
#(0 137449 95 104.968 25.0 0.0)
#(0 138551 95 104.968 29.0 0.0)
#(0 138560 95 104.968 33.0 0.0)
#(0 138561 95 104.968 29.4285714285714 0.0)
#(0 138562 95 104.968 25.75 0.0)
#(0 138563 95 104.968 24.5833333333333 0.0)
#(0 138564 95 104.968 29.125 0.0)
#(0 138565 95 104.968 27.7857142857143 0.0)
#(0 138566 95 104.968 29.875 0.0)
#(0 138567 95 104.968 28.2142857142857 0.0)
#(0 138568 95 104.968 29.7 0.0)
#(0 138569 95 104.968 31.0 0.0)
#(0 138570 95 104.968 24.6 0.0)
#(0 138571 95 104.968 -1 0.0)
#(0 172 96 104.968 30.5714285714286 0.0)
#(0 181 96 104.968 24.3333333333333 0.0)
#(0 533 96 104.968 28.85 0.0)
#(0 1299 96 104.968 29.8571428571429 0.0)
#(0 1300 96 104.968 34.3333333333333 0.0)
#(0 1301 96 104.968 33.125 0.0)
#(0 1302 96 104.968 28.85 0.0)
#(0 1306 96 104.968 30.1875 0.0)
#(0 137437 96 104.968 24.1666666666667 0.0)
#(0 137450 96 104.968 43.5 0.0)
#(0 137451 96 104.968 24.3181818181818 0.0)
#(0 137452 96 104.968 25.75 0.0)
#(0 137453 96 104.968 31.0 0.0)
#(0 137455 96 104.968 27.7857142857143 0.0)
#(0 137458 96 104.968 26.6666666666667 0.0)
#(0 137459 96 104.968 29.7857142857143 0.0)
#(0 138573 96 104.968 31.8333333333333 0.0)
#(0 138575 96 104.968 28.0625 0.0)
#(0 138576 96 104.968 26.5 0.0)
#(0 189 97 104.968 29.25 0.0)
#(0 190 97 104.968 36.0 0.0)
#(0 192 97 104.968 26.7857142857143 0.0)
#(0 195 97 104.968 24.3333333333333 0.0)
#(0 539 97 104.968 32.8333333333333 0.0)
#(0 1313 97 104.968 22.6818181818182 0.0)
#(0 1314 97 104.968 27.7 0.0)
#(0 1315 97 104.968 30.5833333333333 0.0)
#(0 1316 97 104.968 31.875 0.0)
#(0 1317 97 104.968 36.0 0.0)
#(0 1318 97 104.968 30.8 0.0)
#(0 1321 97 104.968 31.5 0.0)
#(0 1322 97 104.968 26.7857142857143 0.0)
#(0 137447 97 104.968 24.4 0.0)
#(0 137456 97 104.968 25.75 0.0)
#(0 137460 97 104.968 25.375 0.0)
#(0 137461 97 104.968 35.3333333333333 0.0)
#(0 137462 97 104.968 27.6 0.0)
#(0 137463 97 104.968 23.2857142857143 0.0)
#(0 137464 97 104.968 28.875 0.0)
#(0 137465 97 104.968 27.5714285714286 0.0)
#(0 137466 97 104.968 29.7 0.0)
#(0 137468 97 104.968 27.7857142857143 0.0)
#(0 137469 97 104.968 36.0 0.0)
#(0 137470 97 104.968 28.2857142857143 0.0)
#(0 138572 97 104.984 29.875 0.0)
#(0 138574 97 104.984 24.6 0.0)
#(0 138577 97 104.984 27.6666666666667 0.0)
#(0 138578 97 104.984 32.0 0.0)
#(0 138579 97 104.984 25.1428571428571 0.0)
#(0 138580 97 104.984 25.625 0.0)
#(0 138581 97 104.984 28.2857142857143 0.0)
#(0 138582 97 104.984 27.5 0.0)
#(0 138583 97 104.984 25.35 0.0)
#(0 138584 97 104.984 29.7857142857143 0.0)
#(0 138585 97 104.984 23.0 0.0)
#(0 138586 97 104.984 26.7142857142857 0.0)
#(0 138588 97 104.984 30.0 0.0)
#(0 202 98 104.984 27.1666666666667 0.0)
#(0 210 98 104.984 26.875 0.0)
#(0 211 98 104.984 28.2142857142857 0.0)
#(0 1324 98 104.984 25.6428571428571 0.0)
#(0 1325 98 104.984 28.2142857142857 0.0)
#(0 1326 98 104.984 22.625 0.0)
#(0 1327 98 104.984 30.2 0.0)
#(0 1329 98 104.984 24.3333333333333 0.0)
#(0 1330 98 104.984 31.375 0.0)
#(0 1331 98 104.984 26.875 0.0)
#(0 137471 98 104.984 29.0 0.0)
#(0 137472 98 104.984 30.7777777777778 0.0)
#(0 137473 98 104.984 32.2142857142857 0.0)
#(0 137474 98 104.984 30.5 0.0)
#(0 137476 98 104.984 32.7 0.0)
#(0 137478 98 104.984 26.1363636363636 0.0)
#(0 137479 98 104.984 27.8333333333333 0.0)
#(0 137480 98 104.984 28.7 0.0)
#(0 137483 98 104.984 27.1428571428571 0.0)
#(0 137484 98 104.984 29.125 0.0)
#(0 137485 98 104.984 29.2 0.0)
#(0 137486 98 104.984 25.6428571428571 0.0)
#(0 137487 98 104.984 24.3181818181818 0.0)
#(0 137897 98 104.984 29.5625 0.0)
#(0 137908 98 104.984 -1 0.0)
#(0 138590 98 104.984 29.2857142857143 0.0)
#(0 138591 98 104.984 28.2142857142857 0.0)
#(0 138592 98 104.984 29.4285714285714 0.0)
#(0 138593 98 104.984 27.9 0.0)
#(0 138594 98 104.984 28.7 0.0)
#(0 138595 98 104.984 29.0 0.0)
#(0 138596 98 104.984 29.0 0.0)
#(0 138597 98 104.984 27.6666666666667 0.0)
#(0 138598 98 104.984 31.5 0.0)
#(0 138599 98 104.984 28.0555555555556 0.0)
#(0 138600 98 104.984 26.95 0.0)
#(0 138601 98 104.984 27.9 0.0)
#(0 138602 98 104.984 28.75 0.0)
#(0 219 99 104.984 22.6818181818182 0.0)
#(0 222 99 104.984 28.2142857142857 0.0)
#(0 575 99 104.984 25.5 0.0)
#(0 1328 99 105.0 22.6818181818182 0.0)
#(0 1334 99 105.0 29.25 0.0)
#(0 1335 99 105.0 23.1 0.0)
#(0 1336 99 105.0 29.0714285714286 0.0)
#(0 1337 99 105.0 32.75 0.0)
#(0 1338 99 105.0 30.0 0.0)
#(0 137467 99 105.0 29.7 0.0)
#(0 137489 99 105.0 24.4 0.0)
#(0 137490 99 105.0 30.75 0.0)
#(0 137491 99 105.0 27.5714285714286 0.0)
#(0 137493 99 105.0 29.5625 0.0)
#(0 137495 99 105.0 33.0 0.0)
#(0 137496 99 105.0 20.0 0.0)
#(0 137498 99 105.0 28.0 0.0)
#(0 137499 99 105.0 25.5833333333333 0.0)
#(0 137500 99 105.0 27.3 0.0)
#(0 137502 99 105.0 -1 0.0)
#(0 137914 99 105.0 29.0 0.0)
#(0 138587 99 105.0 26.7142857142857 0.0)
#(0 138589 99 105.0 30.0 0.0)
#(0 138603 99 105.0 28.7 0.0)
#(0 138604 99 105.0 26.0 0.0)
#(0 138605 99 105.0 24.6 0.0)
#(0 138606 99 105.0 27.25 0.0)
#(0 138607 99 105.0 24.1666666666667 0.0)
#(0 138608 99 105.0 35.3333333333333 0.0)
#(0 138609 99 105.0 23.6875 0.0)
#(0 138610 99 105.0 25.2 0.0)
#(0 138611 99 105.0 29.5625 0.0)
#(0 200 100 105.0 30.5714285714286 0.0)
#(0 231 100 105.0 24.3333333333333 0.0)
#(0 232 100 105.0 29.0714285714286 0.0)
#(0 233 100 105.0 26.9444444444444 0.0)
#(0 583 100 105.0 30.5833333333333 0.0)
#(0 1339 100 105.0 23.1 0.0)
#(0 1341 100 105.0 29.0 0.0)
#(0 1342 100 105.0 30.5714285714286 0.0)
#(0 1343 100 105.0 26.1666666666667 0.0)
#(0 1345 100 105.0 27.1666666666667 0.0)
#(0 1346 100 105.0 34.6666666666667 0.0)
#(0 1347 100 105.0 31.5 0.0)
#(0 1348 100 105.0 27.7777777777778 0.0)
#(0 137475 100 105.0 29.7 0.0)
#(0 137504 100 105.0 27.9 0.0)
#(0 137505 100 105.0 25.0 0.0)
#(0 137507 100 105.0 24.5 0.0)
#(0 137509 100 105.0 26.1 0.0)
#(0 137512 100 105.0 25.0 0.0)
#(0 137514 100 105.0 29.2 0.0)
#(0 137933 100 105.0 26.0 0.0)
#(0 138612 100 105.0 28.4 0.0)
#(0 138613 100 105.0 24.3181818181818 0.0)
#(0 138614 100 105.0 28.8888888888889 0.0)
#(0 138615 100 105.0 27.9 0.0)
#(0 138616 100 105.0 35.125 0.0)
#(0 138617 100 105.0 29.7 0.0)
#(0 138619 100 105.0 31.7222222222222 0.0)
#(0 138620 100 105.0 26.1 0.0)
#(0 138621 100 105.0 28.75 0.0)
#(0 138622 100 105.0 31.1666666666667 0.0)
#(0 138623 100 105.015 27.6666666666667 0.0)
#(0 138624 100 105.015 24.0833333333333 0.0)
#(0 138625 100 105.015 27.6 0.0)
#(0 228 101 105.015 30.5714285714286 0.0)
#(0 235 101 105.015 33.125 0.0)
#(0 238 101 105.015 30.25 0.0)
#(0 244 101 105.015 28.2142857142857 0.0)
#(0 248 101 105.015 30.8 0.0)
#(0 251 101 105.015 28.1 0.0)
#(0 593 101 105.015 -1 0.0)
#(0 1344 101 105.015 26.1666666666667 0.0)
#(0 1350 101 105.015 27.7 0.0)
#(0 1351 101 105.015 29.0 0.0)
#(0 1352 101 105.015 39.0 0.0)
#(0 1353 101 105.015 36.5 0.0)
#(0 1354 101 105.015 25.625 0.0)
#(0 1357 101 105.015 31.5 0.0)
#(0 1358 101 105.015 29.0714285714286 0.0)
#(0 1363 101 105.015 26.0 0.0)
#(0 137506 101 105.015 27.9 0.0)
#(0 137515 101 105.015 29.8 0.0)
#(0 137516 101 105.015 25.2 0.0)
#(0 137518 101 105.015 27.125 0.0)
#(0 137519 101 105.015 29.0 0.0)
#(0 137521 101 105.015 28.0555555555556 0.0)
#(0 137523 101 105.015 25.375 0.0)
#(0 137524 101 105.015 26.1363636363636 0.0)
#(0 137525 101 105.015 27.25 0.0)
#(0 138618 101 105.015 24.3181818181818 0.0)
#(0 138626 101 105.015 29.1 0.0)
#(0 138627 101 105.015 30.4166666666667 0.0)
#(0 138628 101 105.015 31.8333333333333 0.0)
#(0 138629 101 105.015 31.0 0.0)
#(0 138630 101 105.015 25.7 0.0)
#(0 138631 101 105.015 28.8333333333333 0.0)
#(0 138632 101 105.015 34.0 0.0)
#(0 138633 101 105.015 30.75 0.0)
#(0 138634 101 105.015 25.7083333333333 0.0)
#(0 138635 101 105.015 24.4 0.0)
#(0 138636 101 105.015 30.4285714285714 0.0)
#(0 138637 101 105.015 31.0555555555556 0.0)
#(0 138638 101 105.015 28.4 0.0)
#(0 138639 101 105.015 24.1666666666667 0.0)
#(0 236 102 105.015 26.9444444444444 0.0)
#(0 257 102 105.015 26.1666666666667 0.0)
#(0 262 102 105.015 30.25 0.0)
#(0 608 102 105.015 29.75 0.0)
#(0 609 102 105.015 26.5 0.0)
#(0 614 102 105.015 25.0 0.0)
#(0 1364 102 105.015 28.1 0.0)
#(0 1365 102 105.015 26.1666666666667 0.0)
#(0 1366 102 105.015 29.8571428571429 0.0)
#(0 1368 102 105.015 24.3333333333333 0.0)
#(0 1369 102 105.015 26.5 0.0)
#(0 137522 102 105.015 29.2 0.0)
#(0 137526 102 105.015 27.6666666666667 0.0)
#(0 137527 102 105.015 24.0833333333333 0.0)
#(0 137528 102 105.015 42.0 0.0)
#(0 137529 102 105.015 28.8888888888889 0.0)
#(0 137532 102 105.015 27.8333333333333 0.0)
#(0 137534 102 105.015 33.0 0.0)
#(0 137535 102 105.015 29.6428571428571 0.0)
#(0 137536 102 105.015 27.7857142857143 0.0)
#(0 137539 102 105.015 28.4 0.0)
#(0 137958 102 105.031 31.9285714285714 0.0)
#(0 138640 102 105.031 34.0 0.0)
#(0 138641 102 105.031 27.9 0.0)
#(0 138642 102 105.031 30.4166666666667 0.0)
#(0 138643 102 105.031 -1 0.0)
#(0 138644 102 105.031 -1 0.0)
#(0 138645 102 105.031 29.0 0.0)
#(0 138646 102 105.031 26.4166666666667 0.0)
#(0 138647 102 105.031 25.7 0.0)
#(0 269 103 105.031 26.7857142857143 0.0)
#(0 1359 103 105.031 29.0714285714286 0.0)
#(0 1374 103 105.031 26.5 0.0)
#(0 1375 103 105.031 36.5 0.0)
#(0 1376 103 105.031 30.25 0.0)
#(0 1377 103 105.031 20.5 0.0)
#(0 1379 103 105.031 31.875 0.0)
#(0 1381 103 105.031 25.9444444444444 0.0)
#(0 1382 103 105.031 29.6 0.0)
#(0 137530 103 105.031 26.1363636363636 0.0)
#(0 137540 103 105.031 29.2 0.0)
#(0 137541 103 105.031 27.125 0.0)
#(0 137542 103 105.031 31.5 0.0)
#(0 137543 103 105.031 25.0 0.0)
#(0 137544 103 105.031 30.6666666666667 0.0)
#(0 137545 103 105.031 25.7 0.0)
#(0 137547 103 105.031 25.7222222222222 0.0)
#(0 137548 103 105.031 27.5714285714286 0.0)
#(0 137549 103 105.031 31.8333333333333 0.0)
#(0 137550 103 105.031 29.875 0.0)
#(0 137551 103 105.031 27.9 0.0)
#(0 137552 103 105.031 31.7222222222222 0.0)
#(0 137554 103 105.031 31.6666666666667 0.0)
#(0 137555 103 105.031 28.75 0.0)
#(0 137962 103 105.031 29.2 0.0)
#(0 138648 103 105.031 26.0 0.0)
#(0 138649 103 105.031 30.0 0.0)
#(0 138650 103 105.031 28.0 0.0)
#(0 138651 103 105.031 29.125 0.0)
#(0 138652 103 105.031 24.4 0.0)
#(0 138653 103 105.031 20.0 0.0)
#(0 275 104 105.031 28.2142857142857 0.0)
#(0 278 104 105.031 36.5 0.0)
#(0 281 104 105.031 31.875 0.0)
#(0 282 104 105.031 36.0 0.0)
#(0 629 104 105.031 25.625 0.0)
#(0 630 104 105.031 26.875 0.0)
#(0 1386 104 105.031 34.5 0.0)
#(0 1387 104 105.031 26.9444444444444 0.0)
#(0 1391 104 105.031 28.85 0.0)
#(0 1392 104 105.031 24.2 0.0)
#(0 1393 104 105.031 28.2142857142857 0.0)
#(0 137556 104 105.031 25.2 0.0)
#(0 137557 104 105.031 27.05 0.0)
#(0 137558 104 105.031 30.5 0.0)
#(0 137559 104 105.031 26.95 0.0)
#(0 137560 104 105.031 27.6 0.0)
#(0 137562 104 105.031 27.125 0.0)
#(0 137563 104 105.031 29.6428571428571 0.0)
#(0 137564 104 105.031 25.375 0.0)
#(0 137565 104 105.031 32.7 0.0)
#(0 137566 104 105.031 30.0 0.0)
#(0 137568 104 105.031 29.2 0.0)
#(0 137569 104 105.031 31.1666666666667 0.0)
#(0 137570 104 105.031 30.7777777777778 0.0)
#(0 137571 104 105.031 -1 0.0)
#(0 137573 104 105.047 35.3333333333333 0.0)
#(0 137574 104 105.047 23.6875 0.0)
#(0 137575 104 105.047 35.125 0.0)
#(0 137579 104 105.047 24.4 0.0)
#(0 137977 104 105.047 30.4166666666667 0.0)
#(0 138654 104 105.047 27.05 0.0)
#(0 138655 104 105.047 32.1875 0.0)
#(0 138656 104 105.047 35.125 0.0)
#(0 138657 104 105.047 31.0 0.0)
#(0 138658 104 105.047 29.5625 0.0)
#(0 138659 104 105.047 30.75 0.0)
#(0 138660 104 105.047 36.1875 0.0)
#(0 138661 104 105.047 29.7857142857143 0.0)
#(0 138662 104 105.047 24.8 0.0)
#(0 138663 104 105.047 24.5833333333333 0.0)
#(0 138664 104 105.047 33.0 0.0)
#(0 280 105 105.047 36.5 0.0)
#(0 295 105 105.047 26.0 0.0)
#(0 301 105 105.047 23.1 0.0)
#(0 1395 105 105.047 26.1666666666667 0.0)
#(0 1398 105 105.047 23.1666666666667 0.0)
#(0 1399 105 105.047 30.5833333333333 0.0)
#(0 1400 105 105.047 26.875 0.0)
#(0 1404 105 105.047 22.7222222222222 0.0)
#(0 137561 105 105.047 25.2 0.0)
#(0 137576 105 105.047 27.05 0.0)
#(0 137577 105 105.047 29.2 0.0)
#(0 137584 105 105.047 27.5 0.0)
#(0 137585 105 105.047 32.2142857142857 0.0)
#(0 137588 105 105.047 29.125 0.0)
#(0 137589 105 105.047 31.3888888888889 0.0)
#(0 137590 105 105.047 43.5 0.0)
#(0 137591 105 105.047 27.125 0.0)
#(0 137592 105 105.047 33.0 0.0)
#(0 137593 105 105.047 31.9285714285714 0.0)
#(0 137594 105 105.047 26.0 0.0)
#(0 137595 105 105.047 32.1666666666667 0.0)
#(0 137985 105 105.047 -1 0.0)
#(0 137993 105 105.047 28.7 0.0)
#(0 138665 105 105.047 25.6428571428571 0.0)
#(0 138666 105 105.047 29.8 0.0)
#(0 138667 105 105.047 27.6666666666667 0.0)
#(0 138668 105 105.047 27.25 0.0)
#(0 138669 105 105.047 31.0555555555556 0.0)
#(0 138670 105 105.047 25.1428571428571 0.0)
#(0 297 106 105.047 28.5 0.0)
#(0 299 106 105.047 22.625 0.0)
#(0 311 106 105.047 27.1 0.0)
#(0 1401 106 105.047 26.1666666666667 0.0)
#(0 1406 106 105.047 34.5 0.0)
#(0 1407 106 105.047 28.2142857142857 0.0)
#(0 1412 106 105.047 29.25 0.0)
#(0 1415 106 105.047 30.8333333333333 0.0)
#(0 137583 106 105.047 25.7083333333333 0.0)
#(0 137596 106 105.047 27.9 0.0)
#(0 137597 106 105.047 27.6 0.0)
#(0 137598 106 105.047 27.3333333333333 0.0)
#(0 137599 106 105.047 26.95 0.0)
#(0 137601 106 105.047 36.1875 0.0)
#(0 137602 106 105.047 28.75 0.0)
#(0 137603 106 105.062 24.5 0.0)
#(0 138000 106 105.062 29.7 0.0)
#(0 138671 106 105.062 29.7 0.0)
#(0 138672 106 105.062 30.4285714285714 0.0)
#(0 138673 106 105.062 27.9 0.0)
#(0 138674 106 105.062 26.3333333333333 0.0)
#(0 138675 106 105.062 29.125 0.0)
#(0 138676 106 105.062 31.5 0.0)
#(0 138677 106 105.062 32.0 0.0)
#(0 138678 106 105.062 26.1363636363636 0.0)
#(0 138679 106 105.062 28.0625 0.0)
#(0 315 107 105.062 28.2142857142857 0.0)
#(0 318 107 105.062 26.5 0.0)
#(0 321 107 105.062 25.9375 0.0)
#(0 324 107 105.062 30.5714285714286 0.0)
#(0 327 107 105.062 29.8571428571429 0.0)
#(0 682 107 105.062 27.0 0.0)
#(0 1416 107 105.062 28.5 0.0)
#(0 1422 107 105.062 28.5 0.0)
#(0 1423 107 105.062 27.7777777777778 0.0)
#(0 1424 107 105.062 24.2 0.0)
#(0 1425 107 105.062 30.5714285714286 0.0)
#(0 1427 107 105.062 25.125 0.0)
#(0 1428 107 105.062 26.25 0.0)
#(0 137606 107 105.062 24.0 0.0)
#(0 137607 107 105.062 25.1428571428571 0.0)
#(0 137608 107 105.062 27.6666666666667 0.0)
#(0 137609 107 105.062 29.8 0.0)
#(0 137611 107 105.062 29.125 0.0)
#(0 137613 107 105.062 32.1875 0.0)
#(0 137614 107 105.062 25.7222222222222 0.0)
#(0 137616 107 105.062 28.8333333333333 0.0)
#(0 138007 107 105.062 24.8 0.0)
#(0 138014 107 105.062 26.0 0.0)
#(0 138680 107 105.062 29.2 0.0)
#(0 138681 107 105.062 29.875 0.0)
#(0 138683 107 105.062 36.1875 0.0)
#(0 138684 107 105.062 31.6666666666667 0.0)
#(0 138685 107 105.062 29.7 0.0)
#(0 138686 107 105.062 34.5 0.0)
#(0 138687 107 105.062 25.0 0.0)
#(0 314 108 105.062 22.625 0.0)
#(0 332 108 105.062 26.5 0.0)
#(0 339 108 105.062 26.1666666666667 0.0)
#(0 340 108 105.062 33.125 0.0)
#(0 341 108 105.062 26.9444444444444 0.0)
#(0 687 108 105.062 23.0 0.0)
#(0 1435 108 105.062 29.8571428571429 0.0)
#(0 137617 108 105.062 35.125 0.0)
#(0 137618 108 105.062 43.0 0.0)
#(0 137619 108 105.062 -1 0.0)
#(0 137620 108 105.062 27.6 0.0)
#(0 137621 108 105.062 31.1666666666667 0.0)
#(0 137622 108 105.062 32.0 0.0)
#(0 137623 108 105.062 30.4444444444444 0.0)
#(0 137625 108 105.062 28.5 0.0)
#(0 137626 108 105.062 25.7083333333333 0.0)
#(0 137627 108 105.062 26.3333333333333 0.0)
#(0 137628 108 105.062 31.3888888888889 0.0)
#(0 138020 108 105.062 30.4166666666667 0.0)
#(0 138682 108 105.078 29.125 0.0)
#(0 138688 108 105.078 31.9285714285714 0.0)
#(0 138689 108 105.078 -1 0.0)
#(0 138690 108 105.078 30.6666666666667 0.0)
#(0 138691 108 105.078 28.7 0.0)
#(0 138692 108 105.078 32.1875 0.0)
#(0 138693 108 105.078 43.0 0.0)
#(0 138694 108 105.078 25.2 0.0)
#(0 138695 108 105.078 31.1666666666667 0.0)
#(0 138696 108 105.078 27.5714285714286 0.0)
#(0 346 109 105.078 28.5 0.0)
#(0 348 109 105.078 34.6666666666667 0.0)
#(0 697 109 105.078 32.8333333333333 0.0)
#(0 708 109 105.078 22.625 0.0)
#(0 1437 109 105.078 26.7857142857143 0.0)
#(0 1439 109 105.078 22.7222222222222 0.0)
#(0 1440 109 105.078 36.5 0.0)
#(0 1441 109 105.078 28.85 0.0)
#(0 1442 109 105.078 25.6428571428571 0.0)
#(0 1444 109 105.078 25.0 0.0)
#(0 1445 109 105.078 26.25 0.0)
#(0 137629 109 105.078 27.5 0.0)
#(0 137631 109 105.078 27.9 0.0)
#(0 137633 109 105.078 31.7222222222222 0.0)
#(0 137634 109 105.078 30.25 0.0)
#(0 137635 109 105.078 31.9285714285714 0.0)
#(0 137636 109 105.078 23.0 0.0)
#(0 137637 109 105.078 33.0 0.0)
#(0 137638 109 105.078 27.9 0.0)
#(0 138037 109 105.078 27.0 0.0)
#(0 138038 109 105.078 26.7142857142857 0.0)
#(0 138697 109 105.078 31.0 0.0)
#(0 138698 109 105.078 24.0833333333333 0.0)
#(0 138699 109 105.078 36.1875 0.0)
#(0 138700 109 105.078 26.95 0.0)
#(0 138701 109 105.078 32.2142857142857 0.0)
#(0 138702 109 105.078 29.4285714285714 0.0)
#(0 138703 109 105.078 31.9285714285714 0.0)
#(0 138704 109 105.078 27.9 0.0)
#(0 138705 109 105.078 28.75 0.0)
#(0 138706 109 105.078 27.3 0.0)
#(0 138707 109 105.078 25.75 0.0)
#(0 138708 109 105.078 35.125 0.0)
#(0 354 110 105.078 29.0 0.0)
#(0 355 110 105.078 36.5 0.0)
#(0 356 110 105.078 30.25 0.0)
#(0 1447 110 105.078 31.875 0.0)
#(0 1448 110 105.078 28.85 0.0)
#(0 137640 110 105.078 26.95 0.0)
#(0 137641 110 105.078 28.8888888888889 0.0)
#(0 137642 110 105.078 23.2857142857143 0.0)
#(0 137643 110 105.078 26.1 0.0)
#(0 137646 110 105.078 29.5625 0.0)
#(0 137647 110 105.078 24.6 0.0)
#(0 137648 110 105.078 31.1666666666667 0.0)
#(0 137649 110 105.078 25.5833333333333 0.0)
#(0 137650 110 105.078 20.0 0.0)
#(0 137652 110 105.078 30.5 0.0)
#(0 137655 110 105.078 23.1666666666667 0.0)
#(0 137656 110 105.078 31.1666666666667 0.0)
#(0 137658 110 105.078 28.4 0.0)
#(0 138054 110 105.078 43.0 0.0)
#(0 138057 110 105.093 30.0 0.0)
#(0 138709 110 105.093 25.1428571428571 0.0)
#(0 138710 110 105.093 28.7 0.0)
#(0 138711 110 105.093 27.05 0.0)
#(0 138712 110 105.093 27.3333333333333 0.0)
#(0 138713 110 105.093 25.7083333333333 0.0)
#(0 138714 110 105.093 24.6 0.0)
#(0 138715 110 105.093 27.9 0.0)
#(0 138716 110 105.093 30.4285714285714 0.0)
#(0 360 111 105.093 24.3333333333333 0.0)
#(0 361 111 105.093 28.5 0.0)
#(0 365 111 105.093 32.75 0.0)
#(0 1456 111 105.093 22.625 0.0)
#(0 1457 111 105.093 29.6 0.0)
#(0 1460 111 105.093 30.8333333333333 0.0)
#(0 137639 111 105.093 27.9 0.0)
#(0 137644 111 105.093 28.8888888888889 0.0)
#(0 137657 111 105.093 29.2857142857143 0.0)
#(0 137659 111 105.093 34.0 0.0)
#(0 137661 111 105.093 30.4444444444444 0.0)
#(0 137663 111 105.093 29.6428571428571 0.0)
#(0 137665 111 105.093 30.5 0.0)
#(0 137667 111 105.093 31.3888888888889 0.0)
#(0 137668 111 105.093 28.0555555555556 0.0)
#(0 137670 111 105.093 26.5 0.0)
#(0 137671 111 105.093 25.75 0.0)
#(0 137672 111 105.093 32.5 0.0)
#(0 138063 111 105.093 27.4285714285714 0.0)
#(0 138070 111 105.093 30.7777777777778 0.0)
#(0 138717 111 105.093 29.2 0.0)
#(0 138718 111 105.093 30.0 0.0)
#(0 138719 111 105.093 29.7 0.0)
#(0 138720 111 105.093 35.3333333333333 0.0)
#(0 138722 111 105.093 32.2142857142857 0.0)
#(0 138723 111 105.093 27.6666666666667 0.0)
#(0 138724 111 105.093 24.8 0.0)
#(0 138725 111 105.093 29.6428571428571 0.0)
#(0 138726 111 105.093 30.25 0.0)
#(0 138727 111 105.093 30.7777777777778 0.0)
#(0 138728 111 105.093 32.0 0.0)
#(0 370 112 105.093 23.1 0.0)
#(0 371 112 105.093 29.8571428571429 0.0)
#(0 372 112 105.093 22.6818181818182 0.0)
#(0 375 112 105.093 33.125 0.0)
#(0 376 112 105.093 24.25 0.0)
#(0 742 112 105.093 26.875 0.0)
#(0 1461 112 105.093 22.625 0.0)
#(0 1465 112 105.093 29.6 0.0)
#(0 1468 112 105.093 27.7777777777778 0.0)
#(0 1470 112 105.093 30.2 0.0)
#(0 1473 112 105.093 27.75 0.0)
#(0 1474 112 105.093 25.0 0.0)
#(0 1476 112 105.093 28.1 0.0)
#(0 1477 112 105.093 29.0 0.0)
#(0 137666 112 105.093 27.9 0.0)
#(0 137674 112 105.093 25.5 0.0)
#(0 137675 112 105.093 27.3333333333333 0.0)
#(0 137676 112 105.093 34.0 0.0)
#(0 137677 112 105.093 28.3333333333333 0.0)
#(0 137678 112 105.093 29.6428571428571 0.0)
#(0 137679 112 105.093 29.7 0.0)
#(0 138085 112 105.093 30.4285714285714 0.0)
#(0 138087 112 105.109 34.5 0.0)
#(0 138721 112 105.109 30.0 0.0)
#(0 138729 112 105.109 28.0 0.0)
#(0 138730 112 105.109 -1 0.0)
#(0 138731 112 105.109 32.0 0.0)
#(0 138732 112 105.109 27.25 0.0)
#(0 138733 112 105.109 27.6666666666667 0.0)
#(0 138734 112 105.109 29.4285714285714 0.0)
#(0 138735 112 105.109 25.2 0.0)
#(0 138736 112 105.109 30.0 0.0)
#(0 138737 112 105.109 -1 0.0)
#(0 138738 112 105.109 31.5 0.0)
#(0 380 113 105.109 38.0 0.0)
#(0 382 113 105.109 28.85 0.0)
#(0 384 113 105.109 26.7857142857143 0.0)
#(0 751 113 105.109 25.9444444444444 0.0)
#(0 1483 113 105.109 27.1666666666667 0.0)
#(0 137681 113 105.109 26.95 0.0)
#(0 137682 113 105.109 24.6 0.0)
#(0 137683 113 105.109 -1 0.0)
#(0 137685 113 105.109 -1 0.0)
#(0 137686 113 105.109 30.4444444444444 0.0)
#(0 137687 113 105.109 31.9285714285714 0.0)
#(0 137689 113 105.109 30.7777777777778 0.0)
#(0 137691 113 105.109 24.5833333333333 0.0)
#(0 137692 113 105.109 30.4285714285714 0.0)
#(0 137693 113 105.109 32.0 0.0)
#(0 137694 113 105.109 27.6 0.0)
#(0 137695 113 105.109 29.6428571428571 0.0)
#(0 138739 113 105.109 29.1 0.0)
#(0 138740 113 105.109 27.8333333333333 0.0)
#(0 138741 113 105.109 29.2 0.0)
#(0 138742 113 105.109 28.2142857142857 0.0)
#(0 138743 113 105.109 31.0555555555556 0.0)
#(0 138744 113 105.109 29.5625 0.0)
#(0 138745 113 105.109 29.7 0.0)
#(0 393 114 105.109 31.0 0.0)
#(0 397 114 105.109 25.6428571428571 0.0)
#(0 399 114 105.109 24.2 0.0)
#(0 400 114 105.109 25.5 0.0)
#(0 762 114 105.109 25.9444444444444 0.0)
#(0 767 114 105.109 29.8571428571429 0.0)
#(0 1486 114 105.109 29.0 0.0)
#(0 1487 114 105.109 23.1666666666667 0.0)
#(0 1488 114 105.109 28.85 0.0)
#(0 1489 114 105.109 31.875 0.0)
#(0 1490 114 105.109 27.7777777777778 0.0)
#(0 1492 114 105.109 22.7222222222222 0.0)
#(0 1493 114 105.109 30.1875 0.0)
#(0 1496 114 105.109 30.25 0.0)
#(0 137696 114 105.109 32.7 0.0)
#(0 137697 114 105.109 23.6875 0.0)
#(0 137698 114 105.109 23.1666666666667 0.0)
#(0 137699 114 105.109 31.7222222222222 0.0)
#(0 137701 114 105.109 28.8888888888889 0.0)
#(0 137702 114 105.109 26.1363636363636 0.0)
#(0 137704 114 105.109 31.1666666666667 0.0)
#(0 137705 114 105.109 25.0 0.0)
#(0 137706 114 105.109 27.7857142857143 0.0)
#(0 137709 114 105.109 27.5 0.0)
#(0 137710 114 105.109 27.6666666666667 0.0)
#(0 137711 114 105.109 32.5 0.0)
#(0 137713 114 105.109 25.75 0.0)
#(0 137714 114 105.109 25.7083333333333 0.0)
#(0 138104 114 105.125 35.125 0.0)
#(0 138746 114 105.125 27.6666666666667 0.0)
#(0 138748 114 105.125 27.125 0.0)
#(0 138749 114 105.125 25.35 0.0)
#(0 138750 114 105.125 28.5 0.0)
#(0 138751 114 105.125 26.1363636363636 0.0)
#(0 138752 114 105.125 31.8 0.0)
#(0 138753 114 105.125 31.1666666666667 0.0)
#(0 138754 114 105.125 26.4166666666667 0.0)
#(0 138755 114 105.125 27.7857142857143 0.0)
#(0 138757 114 105.125 31.8333333333333 0.0)
#(0 138758 114 105.125 28.2142857142857 0.0)
#(0 776 115 105.125 36.25 0.0)
#(0 1497 115 105.125 30.2 0.0)
#(0 1498 115 105.125 36.25 0.0)
#(0 1499 115 105.125 26.5 0.0)
#(0 1502 115 105.125 25.6428571428571 0.0)
#(0 1504 115 105.125 30.8333333333333 0.0)
#(0 137707 115 105.125 28.8888888888889 0.0)
#(0 137715 115 105.125 29.7 0.0)
#(0 137717 115 105.125 23.6875 0.0)
#(0 137719 115 105.125 34.0 0.0)
#(0 137720 115 105.125 27.6666666666667 0.0)
#(0 137723 115 105.125 34.0 0.0)
#(0 137724 115 105.125 25.0 0.0)
#(0 137725 115 105.125 26.4166666666667 0.0)
#(0 137727 115 105.125 27.25 0.0)
#(0 137728 115 105.125 27.9 0.0)
#(0 137729 115 105.125 26.0 0.0)
#(0 137730 115 105.125 25.875 0.0)
#(0 138109 115 105.125 29.4285714285714 0.0)
#(0 138747 115 105.125 27.6666666666667 0.0)
#(0 138759 115 105.125 26.95 0.0)
#(0 138761 115 105.125 29.0 0.0)
#(0 138762 115 105.125 -1 0.0)
#(0 138763 115 105.125 30.5 0.0)
#(0 138765 115 105.125 32.1666666666667 0.0)
#(0 138767 115 105.125 34.0 0.0)
#(0 138768 115 105.125 31.0 0.0)
#(0 403 116 105.125 25.5 0.0)
#(0 416 116 105.125 23.1666666666667 0.0)
#(0 417 116 105.125 25.625 0.0)
#(0 418 116 105.125 30.2 0.0)
#(0 422 116 105.125 -1 0.0)
#(0 787 116 105.125 -1 0.0)
#(0 1503 116 105.125 26.5 0.0)
#(0 1506 116 105.125 28.2142857142857 0.0)
#(0 1508 116 105.125 34.6666666666667 0.0)
#(0 1509 116 105.125 30.25 0.0)
#(0 1510 116 105.125 25.9444444444444 0.0)
#(0 1511 116 105.125 29.0 0.0)
#(0 1512 116 105.125 31.5 0.0)
#(0 137703 116 105.14 26.1363636363636 0.0)
#(0 137712 116 105.14 28.8888888888889 0.0)
#(0 137732 116 105.14 31.1666666666667 0.0)
#(0 137734 116 105.14 25.7222222222222 0.0)
#(0 137735 116 105.14 30.7777777777778 0.0)
#(0 137736 116 105.14 27.7857142857143 0.0)
#(0 137737 116 105.14 28.5 0.0)
#(0 137738 116 105.14 24.5833333333333 0.0)
#(0 137739 116 105.14 27.3333333333333 0.0)
#(0 137740 116 105.14 32.0 0.0)
#(0 137741 116 105.14 27.5 0.0)
#(0 137743 116 105.14 30.4285714285714 0.0)
#(0 137744 116 105.14 27.3 0.0)
#(0 138123 116 105.14 29.5625 0.0)
#(0 138756 116 105.14 26.4166666666667 0.0)
#(0 138760 116 105.14 28.2142857142857 0.0)
#(0 138764 116 105.14 29.0 0.0)
#(0 138770 116 105.14 31.5 0.0)
#(0 138771 116 105.14 24.0 0.0)
#(0 138772 116 105.14 27.25 0.0)
#(0 138773 116 105.14 24.8 0.0)
#(0 419 117 105.14 26.25 0.0)
#(0 424 117 105.14 33.125 0.0)
#(0 427 117 105.14 26.9444444444444 0.0)
#(0 429 117 105.14 24.25 0.0)
#(0 810 117 105.14 24.8333333333333 0.0)
#(0 1513 117 105.14 30.0625 0.0)
#(0 1517 117 105.14 26.25 0.0)
#(0 1518 117 105.14 27.1666666666667 0.0)
#(0 1519 117 105.14 22.7222222222222 0.0)
#(0 1520 117 105.14 23.1666666666667 0.0)
#(0 137726 117 105.14 30.0 0.0)
#(0 137746 117 105.14 27.5625 0.0)
#(0 137747 117 105.14 32.2142857142857 0.0)
#(0 137748 117 105.14 28.2142857142857 0.0)
#(0 137749 117 105.14 -1 0.0)
#(0 137750 117 105.14 25.5833333333333 0.0)
#(0 137751 117 105.14 29.7 0.0)
#(0 137753 117 105.14 36.1875 0.0)
#(0 137754 117 105.14 31.5 0.0)
#(0 137755 117 105.14 27.05 0.0)
#(0 137756 117 105.14 -1 0.0)
#(0 137757 117 105.14 31.1666666666667 0.0)
#(0 137758 117 105.14 -1 0.0)
#(0 137759 117 105.14 29.0 0.0)
#(0 137760 117 105.14 23.2857142857143 0.0)
#(0 137762 117 105.14 27.6 0.0)
#(0 137763 117 105.14 27.6666666666667 0.0)
#(0 138130 117 105.14 -1 0.0)
#(0 138135 117 105.14 24.6 0.0)
#(0 138766 117 105.14 27.6666666666667 0.0)
#(0 138774 117 105.14 29.4285714285714 0.0)
#(0 138775 117 105.14 29.7857142857143 0.0)
#(0 138776 117 105.14 29.1 0.0)
#(0 138777 117 105.14 30.7777777777778 0.0)
#(0 138778 117 105.14 28.4 0.0)
#(0 138779 117 105.14 25.2 0.0)
#(0 138780 117 105.14 27.125 0.0)
#(0 138781 117 105.14 29.7 0.0)
#(0 138782 117 105.14 28.8888888888889 0.0)
#(0 138783 117 105.14 29.125 0.0)
#(0 432 118 105.14 31.5 0.0)
#(0 434 118 105.14 22.6818181818182 0.0)
#(0 437 118 105.14 26.5 0.0)
#(0 438 118 105.14 30.5833333333333 0.0)
#(0 440 118 105.14 29.0 0.0)
#(0 441 118 105.156 30.1875 0.0)
#(0 442 118 105.156 33.125 0.0)
#(0 829 118 105.156 26.5 0.0)
#(0 1521 118 105.156 34.6666666666667 0.0)
#(0 1526 118 105.156 25.0 0.0)
#(0 137722 118 105.156 28.8888888888889 0.0)
#(0 137764 118 105.156 29.4285714285714 0.0)
#(0 137767 118 105.156 29.2857142857143 0.0)
#(0 137768 118 105.156 25.7 0.0)
#(0 137771 118 105.156 27.3333333333333 0.0)
#(0 137772 118 105.156 25.0 0.0)
#(0 137773 118 105.156 26.5 0.0)
#(0 137775 118 105.156 32.7 0.0)
#(0 137776 118 105.156 25.375 0.0)
#(0 137778 118 105.156 23.375 0.0)
#(0 137779 118 105.156 24.3181818181818 0.0)
#(0 138144 118 105.156 36.0 0.0)
#(0 138148 118 105.156 27.4285714285714 0.0)
#(0 138769 118 105.156 27.6666666666667 0.0)
#(0 138784 118 105.156 27.5625 0.0)
#(0 138785 118 105.156 33.0 0.0)
#(0 138786 118 105.156 26.1363636363636 0.0)
#(0 138787 118 105.156 30.6666666666667 0.0)
#(0 138788 118 105.156 24.0833333333333 0.0)
#(0 138789 118 105.156 31.6666666666667 0.0)
#(0 138790 118 105.156 28.4 0.0)
#(0 138791 118 105.156 31.5 0.0)
#(0 443 119 105.156 24.2 0.0)
#(0 445 119 105.156 -1 0.0)
#(0 446 119 105.156 27.0 0.0)
#(0 448 119 105.156 34.6666666666667 0.0)
#(0 450 119 105.156 28.2142857142857 0.0)
#(0 454 119 105.156 30.8333333333333 0.0)
#(0 455 119 105.156 26.7857142857143 0.0)
#(0 457 119 105.156 26.5 0.0)
#(0 458 119 105.156 29.0 0.0)
#(0 459 119 105.156 29.6 0.0)
#(0 833 119 105.156 26.1666666666667 0.0)
#(0 1527 119 105.156 30.5833333333333 0.0)
#(0 1529 119 105.156 26.25 0.0)
#(0 1530 119 105.156 29.75 0.0)
#(0 1531 119 105.156 25.9444444444444 0.0)
#(0 1532 119 105.156 30.8333333333333 0.0)
#(0 1533 119 105.156 26.9444444444444 0.0)
#(0 1534 119 105.156 22.7222222222222 0.0)
#(0 1536 119 105.156 30.5714285714286 0.0)
#(0 137780 119 105.156 34.0 0.0)
#(0 137781 119 105.156 27.1428571428571 0.0)
#(0 137782 119 105.156 28.0 0.0)
#(0 137783 119 105.156 29.7 0.0)
#(0 137784 119 105.156 29.875 0.0)
#(0 137786 119 105.156 27.6 0.0)
#(0 137787 119 105.156 32.1875 0.0)
#(0 137788 119 105.156 31.9285714285714 0.0)
#(0 137789 119 105.156 29.1 0.0)
#(0 137791 119 105.156 36.0 0.0)
#(0 138792 119 105.172 30.75 0.0)
#(0 138793 119 105.172 23.0 0.0)
#(0 138794 119 105.172 25.7 0.0)
#(0 138795 119 105.172 27.25 0.0)
#(0 138796 119 105.172 25.7083333333333 0.0)
#(0 138797 119 105.172 34.0 0.0)
#(0 138798 119 105.172 26.6666666666667 0.0)
#(0 138799 119 105.172 32.2142857142857 0.0)
#(0 138800 119 105.172 30.25 0.0)
#(0 138801 119 105.172 28.75 0.0)
#(0 138802 119 105.172 24.6 0.0)
#(0 138803 119 105.172 29.1 0.0)
#(0 138805 119 105.172 25.2 0.0)
#(0 138806 119 105.172 28.0625 0.0)
#(0 138807 119 105.172 33.8333333333333 0.0)
#(0 138808 119 105.172 27.8333333333333 0.0)
#(0 138809 119 105.172 34.0 0.0)
#(0 138810 119 105.172 28.875 0.0)
#(0 101 120 105.172 39.75 0.0)
#(0 449 120 105.172 42.4333333333333 0.0)
#(0 466 120 105.172 38.0580357142857 0.0)
#(0 841 120 105.172 -1 0.0)
#(0 1539 120 105.172 34.35 0.0)
#(0 1541 120 105.172 36.3626373626374 0.0)
#(0 1542 120 105.172 39.75 0.0)
#(0 1545 120 105.172 31.4345238095238 0.0)
#(0 1547 120 105.172 29.7295321637427 0.0)
#(0 137371 120 105.172 39.1289682539683 0.0)
#(0 137372 120 105.172 35.0333333333333 0.0)
#(0 137378 120 105.172 35.3291666666667 0.0)
#(0 137379 120 105.172 35.5694444444444 0.0)
#(0 137381 120 105.172 37.3193277310924 0.0)
#(0 137382 120 105.172 36.5105042016807 0.0)
#(0 137793 120 105.172 37.7777777777778 0.0)
#(0 137794 120 105.172 35.0659340659341 0.0)
#(0 137795 120 105.172 37.9333333333333 0.0)
#(0 137796 120 105.172 37.4444444444444 0.0)
#(0 137798 120 105.172 35.4285714285714 0.0)
#(0 137799 120 105.172 36.2 0.0)
#(0 137800 120 105.172 36.6666666666667 0.0)
#(0 137801 120 105.172 35.3291666666667 0.0)
#(0 137802 120 105.172 35.375 0.0)
#(0 138156 120 105.172 40.6116071428571 0.0)
#(0 138169 120 105.172 37.4704861111111 0.0)
#(0 138804 120 105.187 35.1107142857143 0.0)
#(0 138811 120 105.187 36.5282608695652 0.0)
#(0 138812 120 105.187 35.6392857142857 0.0)
#(0 138813 120 105.187 35.5125 0.0)
#(0 138814 120 105.187 36.0104166666667 0.0)
#(0 138815 120 105.187 39.4 0.0)
#(0 138816 120 105.187 40.4007352941177 0.0)
#(0 138817 120 105.187 34.875 0.0)
#(0 108 121 105.187 36.5 0.0)
#(0 112 121 105.187 36.3626373626374 0.0)
#(0 468 121 105.187 34.6178571428571 0.0)
#(0 471 121 105.187 31.65 0.0)
#(0 474 121 105.187 31.202380952381 0.0)
#(0 475 121 105.187 34.35 0.0)
#(0 476 121 105.187 38.0580357142857 0.0)
#(0 477 121 105.187 57.0 0.0)
#(0 479 121 105.187 37.8251879699248 0.0)
#(0 480 121 105.187 37.25 0.0)
#(0 481 121 105.187 29.7295321637427 0.0)
#(0 483 121 105.187 33.9957983193277 0.0)
#(0 485 121 105.187 32.78125 0.0)
#(0 1549 121 105.187 34.0 0.0)
#(0 1551 121 105.187 40.1958333333333 0.0)
#(0 1552 121 105.187 36.8083333333333 0.0)
#(0 1553 121 105.187 39.0416666666667 0.0)
#(0 1555 121 105.187 38.0178571428571 0.0)
#(0 1556 121 105.187 37.7041666666667 0.0)
#(0 1557 121 105.187 34.35 0.0)
#(0 137386 121 105.187 39.1294117647059 0.0)
#(0 137388 121 105.187 35.6291666666667 0.0)
#(0 137390 121 105.187 34.1383928571429 0.0)
#(0 137395 121 105.187 34.1458333333333 0.0)
#(0 137804 121 105.187 34.8125 0.0)
#(0 137805 121 105.187 40.6209150326797 0.0)
#(0 137806 121 105.187 37.7875 0.0)
#(0 137810 121 105.187 37.7777777777778 0.0)
#(0 137812 121 105.187 30.2147435897436 0.0)
#(0 137813 121 105.187 35.1107142857143 0.0)
#(0 138171 121 105.187 39.1289682539683 0.0)
#(0 138175 121 105.187 37.7406015037594 0.0)
#(0 138818 121 105.187 37.9333333333333 0.0)
#(0 138819 121 105.187 37.1136363636364 0.0)
#(0 138820 121 105.187 34.7 0.0)
#(0 138821 121 105.187 43.4375 0.0)
#(0 138822 121 105.187 36.4659090909091 0.0)
#(0 138823 121 105.187 35.6392857142857 0.0)
#(0 138824 121 105.187 37.7777777777778 0.0)
#(0 138825 121 105.187 36.4884615384615 0.0)
#(0 138826 121 105.187 48.0714285714286 0.0)
#(0 138827 121 105.187 42.875 0.0)
#(0 138828 121 105.187 36.7795031055901 0.0)
#(0 138829 121 105.187 36.2470238095238 0.0)
#(0 138830 121 105.187 38.2161764705882 0.0)
#(0 138832 121 105.187 36.2 0.0)
#(0 123 122 105.187 34.3666666666667 0.0)
#(0 133 122 105.187 33.6875 0.0)
#(0 486 122 105.187 35.825 0.0)
#(0 487 122 105.187 33.46875 0.0)
#(0 493 122 105.187 35.875 0.0)
#(0 495 122 105.187 34.1222222222222 0.0)
#(0 500 122 105.203 40.1958333333333 0.0)
#(0 1558 122 105.203 28.0 0.0)
#(0 1560 122 105.203 33.9957983193277 0.0)
#(0 1566 122 105.203 31.65 0.0)
#(0 1569 122 105.203 34.1222222222222 0.0)
#(0 137397 122 105.203 35.0294117647059 0.0)
#(0 137399 122 105.203 35.8733333333333 0.0)
#(0 137401 122 105.203 34.7985294117647 0.0)
#(0 137402 122 105.203 39.1294117647059 0.0)
#(0 137404 122 105.203 42.35 0.0)
#(0 137405 122 105.203 26.0 0.0)
#(0 137406 122 105.203 36.4659090909091 0.0)
#(0 137408 122 105.203 37.7166666666667 0.0)
#(0 137409 122 105.203 39.9444444444444 0.0)
#(0 137808 122 105.203 34.8125 0.0)
#(0 137814 122 105.203 38.780303030303 0.0)
#(0 137815 122 105.203 39.4761904761905 0.0)
#(0 137816 122 105.203 70.0 0.0)
#(0 137818 122 105.203 37.5166666666667 0.0)
#(0 137819 122 105.203 34.1178571428571 0.0)
#(0 137820 122 105.203 34.1383928571429 0.0)
#(0 137821 122 105.203 32.9235294117647 0.0)
#(0 137823 122 105.203 27.5 0.0)
#(0 137824 122 105.203 48.0714285714286 0.0)
#(0 137825 122 105.203 36.2772727272727 0.0)
#(0 138831 122 105.203 34.7 0.0)
#(0 138834 122 105.203 32.0357142857143 0.0)
#(0 138835 122 105.203 36.5833333333333 0.0)
#(0 138836 122 105.203 48.5416666666667 0.0)
#(0 138837 122 105.203 30.2147435897436 0.0)
#(0 138838 122 105.203 38.9285714285714 0.0)
#(0 138839 122 105.203 33.40625 0.0)
#(0 138840 122 105.203 39.0625 0.0)
#(0 138841 122 105.203 34.6136363636364 0.0)
#(0 138842 122 105.203 52.0 0.0)
#(0 138843 122 105.203 40.2 0.0)
#(0 138844 122 105.203 35.8733333333333 0.0)
#(0 138845 122 105.203 36.2470238095238 0.0)
#(0 138847 122 105.203 38.3444444444444 0.0)
#(0 138848 122 105.203 36.2772727272727 0.0)
#(0 138850 122 105.203 39.6238095238095 0.0)
#(0 140 123 105.203 33.1761363636364 0.0)
#(0 141 123 105.203 39.9642857142857 0.0)
#(0 488 123 105.203 38.0580357142857 0.0)
#(0 503 123 105.203 35.7284090909091 0.0)
#(0 504 123 105.203 35.375 0.0)
#(0 505 123 105.203 39.325 0.0)
#(0 510 123 105.203 29.7295321637427 0.0)
#(0 514 123 105.203 40.9416666666667 0.0)
#(0 884 123 105.203 36.9375 0.0)
#(0 895 123 105.203 39.6136363636364 0.0)
#(0 1562 123 105.203 34.35 0.0)
#(0 1563 123 105.203 28.0 0.0)
#(0 1570 123 105.218 37.7934210526316 0.0)
#(0 1571 123 105.218 36.7083333333333 0.0)
#(0 137411 123 105.218 38.3444444444444 0.0)
#(0 137412 123 105.218 48.0714285714286 0.0)
#(0 137414 123 105.218 34.6909090909091 0.0)
#(0 137416 123 105.218 31.625 0.0)
#(0 137420 123 105.218 34.1178571428571 0.0)
#(0 137826 123 105.218 39.9833333333333 0.0)
#(0 137828 123 105.218 37.4444444444444 0.0)
#(0 137829 123 105.218 40.2 0.0)
#(0 137830 123 105.218 37.0 0.0)
#(0 137832 123 105.218 36.4884615384615 0.0)
#(0 137833 123 105.218 39.4 0.0)
#(0 137836 123 105.218 35.2559523809524 0.0)
#(0 137837 123 105.218 34.1458333333333 0.0)
#(0 137838 123 105.218 39.44375 0.0)
#(0 137839 123 105.218 42.35 0.0)
#(0 138204 123 105.218 48.0714285714286 0.0)
#(0 138205 123 105.218 35.0333333333333 0.0)
#(0 138833 123 105.218 34.7 0.0)
#(0 138846 123 105.218 37.7777777777778 0.0)
#(0 138849 123 105.218 36.4884615384615 0.0)
#(0 138851 123 105.218 40.6209150326797 0.0)
#(0 138852 123 105.218 30.0625 0.0)
#(0 138854 123 105.218 36.9333333333333 0.0)
#(0 138855 123 105.218 35.25 0.0)
#(0 138856 123 105.218 35.0294117647059 0.0)
#(0 138857 123 105.218 36.2 0.0)
#(0 138859 123 105.218 34.900641025641 0.0)
#(0 144 124 105.218 32.78125 0.0)
#(0 145 124 105.218 33.0 0.0)
#(0 154 124 105.218 -1 0.0)
#(0 156 124 105.218 36.9375 0.0)
#(0 158 124 105.218 35.375 0.0)
#(0 498 124 105.218 38.0580357142857 0.0)
#(0 516 124 105.218 39.3928571428571 0.0)
#(0 518 124 105.218 39.4903846153846 0.0)
#(0 521 124 105.218 36.0416666666667 0.0)
#(0 1572 124 105.218 37.7934210526316 0.0)
#(0 1573 124 105.218 34.1222222222222 0.0)
#(0 1575 124 105.218 34.7375 0.0)
#(0 1576 124 105.218 40.9416666666667 0.0)
#(0 137421 124 105.218 36.2470238095238 0.0)
#(0 137424 124 105.218 42.35 0.0)
#(0 137425 124 105.218 39.0625 0.0)
#(0 137428 124 105.234 36.4884615384615 0.0)
#(0 137430 124 105.234 36.7795031055901 0.0)
#(0 137431 124 105.234 42.45 0.0)
#(0 137433 124 105.234 37.4444444444444 0.0)
#(0 137434 124 105.234 36.2 0.0)
#(0 137841 124 105.234 37.7406015037594 0.0)
#(0 137842 124 105.234 37.0 0.0)
#(0 137844 124 105.234 37.1666666666667 0.0)
#(0 137845 124 105.234 38.780303030303 0.0)
#(0 137846 124 105.234 35.0294117647059 0.0)
#(0 137848 124 105.234 39.6238095238095 0.0)
#(0 137850 124 105.234 39.1289682539683 0.0)
#(0 137851 124 105.234 37.8538461538461 0.0)
#(0 137852 124 105.234 36.7795031055901 0.0)
#(0 137854 124 105.234 34.900641025641 0.0)
#(0 138853 124 105.234 39.0625 0.0)
#(0 138858 124 105.234 40.6209150326797 0.0)
#(0 138860 124 105.234 34.875 0.0)
#(0 138861 124 105.234 40.59375 0.0)
#(0 138862 124 105.234 30.0625 0.0)
#(0 138864 124 105.234 36.2470238095238 0.0)
#(0 138865 124 105.234 -1 0.0)
#(0 138866 124 105.234 32.8125 0.0)
#(0 138867 124 105.234 32.0357142857143 0.0)
#(0 138868 124 105.234 40.2 0.0)
#(0 138869 124 105.234 36.5105042016807 0.0)
#(0 162 125 105.234 39.9642857142857 0.0)
#(0 168 125 105.234 39.325 0.0)
#(0 175 125 105.234 36.0416666666667 0.0)
#(0 524 125 105.234 36.8083333333333 0.0)
#(0 525 125 105.234 34.35 0.0)
#(0 526 125 105.234 42.75 0.0)
#(0 527 125 105.234 35.9007936507937 0.0)
#(0 531 125 105.234 35.7284090909091 0.0)
#(0 912 125 105.234 -1 0.0)
#(0 918 125 105.234 40.625 0.0)
#(0 1583 125 105.234 35.15625 0.0)
#(0 1585 125 105.234 30.671875 0.0)
#(0 1586 125 105.234 37.9821428571429 0.0)
#(0 1589 125 105.234 38.0833333333333 0.0)
#(0 137439 125 105.234 31.175 0.0)
#(0 137441 125 105.234 39.0625 0.0)
#(0 137446 125 105.234 33.5267857142857 0.0)
#(0 137840 125 105.234 39.44375 0.0)
#(0 137856 125 105.234 39.1333333333333 0.0)
#(0 137859 125 105.234 39.1289682539683 0.0)
#(0 137861 125 105.234 35.1107142857143 0.0)
#(0 137862 125 105.234 39.9444444444444 0.0)
#(0 137863 125 105.234 38.7464285714286 0.0)
#(0 137864 125 105.234 41.9166666666667 0.0)
#(0 137866 125 105.234 33.5833333333333 0.0)
#(0 138863 125 105.234 36.2 0.0)
#(0 138870 125 105.234 35.1107142857143 0.0)
#(0 138871 125 105.234 36.8214285714286 0.0)
#(0 138872 125 105.234 41.9166666666667 0.0)
#(0 138873 125 105.234 43.0625 0.0)
#(0 138874 125 105.234 35.1160714285714 0.0)
#(0 138875 125 105.25 34.5096153846154 0.0)
#(0 138876 125 105.25 36.90625 0.0)
#(0 138877 125 105.25 34.875 0.0)
#(0 181 126 105.25 33.46875 0.0)
#(0 515 126 105.25 38.0580357142857 0.0)
#(0 537 126 105.25 39.6136363636364 0.0)
#(0 538 126 105.25 36.8083333333333 0.0)
#(0 1597 126 105.25 34.4900793650794 0.0)
#(0 1598 126 105.25 38.7222222222222 0.0)
#(0 137454 126 105.25 36.0104166666667 0.0)
#(0 137457 126 105.25 39.2573099415205 0.0)
#(0 137855 126 105.25 37.8538461538461 0.0)
#(0 137857 126 105.25 36.7795031055901 0.0)
#(0 137865 126 105.25 39.9444444444444 0.0)
#(0 137867 126 105.25 37.1136363636364 0.0)
#(0 137868 126 105.25 37.3193277310924 0.0)
#(0 137869 126 105.25 36.90625 0.0)
#(0 137870 126 105.25 33.6125 0.0)
#(0 137871 126 105.25 35.0333333333333 0.0)
#(0 137872 126 105.25 34.7 0.0)
#(0 137873 126 105.25 36.8214285714286 0.0)
#(0 137876 126 105.25 36.0104166666667 0.0)
#(0 137877 126 105.25 38.9285714285714 0.0)
#(0 137879 126 105.25 39.3777777777778 0.0)
#(0 137880 126 105.25 37.2142857142857 0.0)
#(0 137881 126 105.25 38.780303030303 0.0)
#(0 137883 126 105.25 35.4471153846154 0.0)
#(0 137884 126 105.25 33.8854166666667 0.0)
#(0 137886 126 105.25 34.6909090909091 0.0)
#(0 138233 126 105.25 36.5282608695652 0.0)
#(0 138878 126 105.25 48.0714285714286 0.0)
#(0 138879 126 105.25 36.2772727272727 0.0)
#(0 138880 126 105.25 40.59375 0.0)
#(0 138881 126 105.25 35.4285714285714 0.0)
#(0 138882 126 105.25 34.8382352941177 0.0)
#(0 138883 126 105.25 39.9444444444444 0.0)
#(0 138884 126 105.25 40.4007352941177 0.0)
#(0 138885 126 105.25 38.2161764705882 0.0)
#(0 138886 126 105.25 36.6212121212121 0.0)
#(0 138887 126 105.25 34.1383928571429 0.0)
#(0 138888 126 105.25 35.1107142857143 0.0)
#(0 138889 126 105.25 37.2142857142857 0.0)
#(0 178 127 105.25 34.35 0.0)
#(0 534 127 105.25 37.7934210526316 0.0)
#(0 542 127 105.25 31.9642857142857 0.0)
#(0 543 127 105.25 34.4900793650794 0.0)
#(0 548 127 105.25 36.0416666666667 0.0)
#(0 553 127 105.25 36.3626373626374 0.0)
#(0 943 127 105.25 36.8083333333333 0.0)
#(0 952 127 105.25 32.8 0.0)
#(0 1600 127 105.25 34.6794871794872 0.0)
#(0 1601 127 105.25 39.4903846153846 0.0)
#(0 1603 127 105.25 39.325 0.0)
#(0 1604 127 105.25 35.9791666666667 0.0)
#(0 1606 127 105.25 36.0416666666667 0.0)
#(0 1607 127 105.265 32.0992063492063 0.0)
#(0 1609 127 105.265 40.9416666666667 0.0)
#(0 1610 127 105.265 38.0833333333333 0.0)
#(0 1611 127 105.265 51.0 0.0)
#(0 1613 127 105.265 33.9957983193277 0.0)
#(0 137888 127 105.265 36.5282608695652 0.0)
#(0 137889 127 105.265 39.1294117647059 0.0)
#(0 137890 127 105.265 34.8125 0.0)
#(0 137891 127 105.265 39.9444444444444 0.0)
#(0 137892 127 105.265 40.6209150326797 0.0)
#(0 137893 127 105.265 37.4444444444444 0.0)
#(0 137894 127 105.265 37.5166666666667 0.0)
#(0 137895 127 105.265 36.4884615384615 0.0)
#(0 138890 127 105.265 34.875 0.0)
#(0 138891 127 105.265 37.7938596491228 0.0)
#(0 138892 127 105.265 36.2 0.0)
#(0 138893 127 105.265 41.1820175438597 0.0)
#(0 138894 127 105.265 40.6116071428571 0.0)
#(0 138895 127 105.265 34.8125 0.0)
#(0 138896 127 105.265 40.4007352941177 0.0)
#(0 138897 127 105.265 36.90625 0.0)
#(0 138899 127 105.265 38.7464285714286 0.0)
#(0 138900 127 105.265 34.1383928571429 0.0)
#(0 138901 127 105.265 31.175 0.0)
#(0 180 128 105.265 37.8251879699248 0.0)
#(0 186 128 105.265 34.35 0.0)
#(0 207 128 105.265 33.9722222222222 0.0)
#(0 210 128 105.265 31.9642857142857 0.0)
#(0 211 128 105.265 39.3928571428571 0.0)
#(0 547 128 105.265 34.4900793650794 0.0)
#(0 554 128 105.265 40.1958333333333 0.0)
#(0 555 128 105.265 37.25 0.0)
#(0 556 128 105.265 37.7934210526316 0.0)
#(0 559 128 105.265 31.65 0.0)
#(0 958 128 105.265 39.375 0.0)
#(0 1602 128 105.265 39.4903846153846 0.0)
#(0 1614 128 105.265 35.775 0.0)
#(0 1615 128 105.265 31.202380952381 0.0)
#(0 1617 128 105.265 37.8251879699248 0.0)
#(0 1619 128 105.265 31.65 0.0)
#(0 1620 128 105.265 35.9007936507937 0.0)
#(0 1622 128 105.265 33.6875 0.0)
#(0 137474 128 105.265 37.3333333333333 0.0)
#(0 137477 128 105.265 35.4285714285714 0.0)
#(0 137480 128 105.265 31.7559523809524 0.0)
#(0 137482 128 105.265 40.9375 0.0)
#(0 137486 128 105.265 37.7875 0.0)
#(0 137488 128 105.265 33.6125 0.0)
#(0 137875 128 105.265 33.4659090909091 0.0)
#(0 137896 128 105.265 37.7777777777778 0.0)
#(0 137898 128 105.265 37.9151785714286 0.0)
#(0 137899 128 105.265 35.6806722689076 0.0)
#(0 137900 128 105.265 30.0625 0.0)
#(0 137901 128 105.265 -1 0.0)
#(0 137903 128 105.265 39.0625 0.0)
#(0 137904 128 105.265 36.6212121212121 0.0)
#(0 137905 128 105.265 33.4 0.0)
#(0 137906 128 105.265 39.4 0.0)
#(0 138261 128 105.281 33.5833333333333 0.0)
#(0 138264 128 105.281 34.5096153846154 0.0)
#(0 138902 128 105.281 37.8538461538461 0.0)
#(0 138903 128 105.281 37.1136363636364 0.0)
#(0 138904 128 105.281 37.1666666666667 0.0)
#(0 138905 128 105.281 34.1458333333333 0.0)
#(0 138906 128 105.281 31.7559523809524 0.0)
#(0 138907 128 105.281 37.0 0.0)
#(0 138908 128 105.281 35.6291666666667 0.0)
#(0 138909 128 105.281 36.4659090909091 0.0)
#(0 138910 128 105.281 34.7985294117647 0.0)
#(0 138911 128 105.281 36.2 0.0)
#(0 138912 128 105.281 39.9444444444444 0.0)
#(0 212 129 105.281 33.9722222222222 0.0)
#(0 215 129 105.281 33.0555555555556 0.0)
#(0 221 129 105.281 30.671875 0.0)
#(0 565 129 105.281 44.0 0.0)
#(0 568 129 105.281 39.9642857142857 0.0)
#(0 569 129 105.281 39.4903846153846 0.0)
#(0 572 129 105.281 32.78125 0.0)
#(0 573 129 105.281 34.1222222222222 0.0)
#(0 576 129 105.281 31.9642857142857 0.0)
#(0 577 129 105.281 34.25 0.0)
#(0 974 129 105.281 30.671875 0.0)
#(0 979 129 105.281 34.4900793650794 0.0)
#(0 981 129 105.281 32.8 0.0)
#(0 984 129 105.281 36.8083333333333 0.0)
#(0 1626 129 105.281 33.0 0.0)
#(0 1628 129 105.281 37.8251879699248 0.0)
#(0 1629 129 105.281 38.0178571428571 0.0)
#(0 1630 129 105.281 42.4333333333333 0.0)
#(0 1632 129 105.281 35.9791666666667 0.0)
#(0 1634 129 105.281 39.0416666666667 0.0)
#(0 137481 129 105.281 34.8382352941177 0.0)
#(0 137492 129 105.281 34.1178571428571 0.0)
#(0 137494 129 105.281 35.1107142857143 0.0)
#(0 137497 129 105.281 35.375 0.0)
#(0 137500 129 105.281 30.0625 0.0)
#(0 137501 129 105.281 44.5 0.0)
#(0 137503 129 105.281 39.2573099415205 0.0)
#(0 137909 129 105.281 36.0104166666667 0.0)
#(0 137910 129 105.281 40.2 0.0)
#(0 137913 129 105.281 35.8733333333333 0.0)
#(0 137915 129 105.281 35.5125 0.0)
#(0 137916 129 105.281 41.2272727272727 0.0)
#(0 137917 129 105.281 31.7559523809524 0.0)
#(0 137918 129 105.281 34.6909090909091 0.0)
#(0 137919 129 105.281 37.9151785714286 0.0)
#(0 137920 129 105.281 34.7 0.0)
#(0 137922 129 105.281 39.9444444444444 0.0)
#(0 137924 129 105.281 38.780303030303 0.0)
#(0 137925 129 105.281 32.9083333333333 0.0)
#(0 138269 129 105.281 40.1222222222222 0.0)
#(0 138276 129 105.297 43.4375 0.0)
#(0 138898 129 105.297 40.4007352941177 0.0)
#(0 138913 129 105.297 37.8538461538461 0.0)
#(0 138915 129 105.297 39.4 0.0)
#(0 138916 129 105.297 36.90625 0.0)
#(0 138917 129 105.297 48.0714285714286 0.0)
#(0 138918 129 105.297 35.0333333333333 0.0)
#(0 138920 129 105.297 40.6209150326797 0.0)
#(0 138921 129 105.297 33.40625 0.0)
#(0 138922 129 105.297 37.9151785714286 0.0)
#(0 138924 129 105.297 35.4285714285714 0.0)
#(0 224 130 105.297 39.325 0.0)
#(0 560 130 105.297 31.65 0.0)
#(0 571 130 105.297 34.4900793650794 0.0)
#(0 579 130 105.297 32.125 0.0)
#(0 581 130 105.297 31.0125 0.0)
#(0 584 130 105.297 37.7934210526316 0.0)
#(0 587 130 105.297 35.6 0.0)
#(0 591 130 105.297 33.0 0.0)
#(0 1636 130 105.297 39.9642857142857 0.0)
#(0 1637 130 105.297 36.8083333333333 0.0)
#(0 1639 130 105.297 40.1958333333333 0.0)
#(0 1641 130 105.297 34.6794871794872 0.0)
#(0 1643 130 105.297 37.9821428571429 0.0)
#(0 1645 130 105.297 33.9722222222222 0.0)
#(0 137507 130 105.297 32.8125 0.0)
#(0 137508 130 105.297 36.4659090909091 0.0)
#(0 137510 130 105.297 40.4007352941177 0.0)
#(0 137511 130 105.297 40.6209150326797 0.0)
#(0 137512 130 105.297 38.4166666666667 0.0)
#(0 137513 130 105.297 35.375 0.0)
#(0 137907 130 105.297 39.0625 0.0)
#(0 137912 130 105.297 36.6212121212121 0.0)
#(0 137926 130 105.297 32.1458333333333 0.0)
#(0 137927 130 105.297 40.6209150326797 0.0)
#(0 137928 130 105.297 36.4884615384615 0.0)
#(0 137929 130 105.297 34.6909090909091 0.0)
#(0 137930 130 105.297 34.7985294117647 0.0)
#(0 137931 130 105.297 38.2161764705882 0.0)
#(0 137932 130 105.297 37.7777777777778 0.0)
#(0 137935 130 105.297 39.9833333333333 0.0)
#(0 137936 130 105.297 39.6238095238095 0.0)
#(0 138286 130 105.297 36.1865079365079 0.0)
#(0 138914 130 105.297 31.175 0.0)
#(0 138919 130 105.297 34.7985294117647 0.0)
#(0 138923 130 105.297 33.40625 0.0)
#(0 138926 130 105.312 37.9333333333333 0.0)
#(0 138927 130 105.312 39.75 0.0)
#(0 138928 130 105.312 39.44375 0.0)
#(0 138929 130 105.312 39.3777777777778 0.0)
#(0 138930 130 105.312 37.0 0.0)
#(0 240 131 105.312 38.0580357142857 0.0)
#(0 245 131 105.312 35.775 0.0)
#(0 252 131 105.312 33.6875 0.0)
#(0 590 131 105.312 34.4900793650794 0.0)
#(0 594 131 105.312 34.25 0.0)
#(0 599 131 105.312 34.6178571428571 0.0)
#(0 600 131 105.312 33.46875 0.0)
#(0 601 131 105.312 31.65 0.0)
#(0 602 131 105.312 34.6794871794872 0.0)
#(0 603 131 105.312 31.4345238095238 0.0)
#(0 1014 131 105.312 36.9375 0.0)
#(0 1642 131 105.312 36.8083333333333 0.0)
#(0 1648 131 105.312 37.7934210526316 0.0)
#(0 1655 131 105.312 40.1958333333333 0.0)
#(0 1656 131 105.312 31.202380952381 0.0)
#(0 1659 131 105.312 32.125 0.0)
#(0 137515 131 105.312 38.7464285714286 0.0)
#(0 137517 131 105.312 36.2 0.0)
#(0 137521 131 105.312 39.1294117647059 0.0)
#(0 137937 131 105.312 40.9230769230769 0.0)
#(0 137938 131 105.312 34.8125 0.0)
#(0 137939 131 105.312 31.0 0.0)
#(0 137940 131 105.312 36.4884615384615 0.0)
#(0 137945 131 105.312 35.4471153846154 0.0)
#(0 138932 131 105.312 35.0 0.0)
#(0 138933 131 105.312 37.3193277310924 0.0)
#(0 138934 131 105.312 35.5694444444444 0.0)
#(0 138935 131 105.312 38.3444444444444 0.0)
#(0 138936 131 105.312 39.1294117647059 0.0)
#(0 138937 131 105.312 36.4884615384615 0.0)
#(0 138938 131 105.312 35.1160714285714 0.0)
#(0 138939 131 105.312 35.0294117647059 0.0)
#(0 138941 131 105.312 36.7795031055901 0.0)
#(0 138942 131 105.312 38.1850961538462 0.0)
#(0 138943 131 105.312 39.8145833333333 0.0)
#(0 138944 131 105.312 38.2161764705882 0.0)
#(0 255 132 105.312 34.6794871794872 0.0)
#(0 261 132 105.312 31.4345238095238 0.0)
#(0 263 132 105.312 36.4459064327485 0.0)
#(0 604 132 105.312 39.325 0.0)
#(0 606 132 105.312 33.9722222222222 0.0)
#(0 607 132 105.312 33.9957983193277 0.0)
#(0 611 132 105.328 36.0416666666667 0.0)
#(0 1666 132 105.328 37.25 0.0)
#(0 1671 132 105.328 31.4345238095238 0.0)
#(0 137531 132 105.328 35.6291666666667 0.0)
#(0 137533 132 105.328 36.5833333333333 0.0)
#(0 137537 132 105.328 34.5096153846154 0.0)
#(0 137538 132 105.328 38.9 0.0)
#(0 137941 132 105.328 31.0 0.0)
#(0 137946 132 105.328 37.8538461538461 0.0)
#(0 137947 132 105.328 34.1047619047619 0.0)
#(0 137949 132 105.328 32.9235294117647 0.0)
#(0 137950 132 105.328 39.9444444444444 0.0)
#(0 137952 132 105.328 37.7166666666667 0.0)
#(0 137954 132 105.328 39.4761904761905 0.0)
#(0 137955 132 105.328 35.0 0.0)
#(0 137956 132 105.328 35.0659340659341 0.0)
#(0 137957 132 105.328 35.5694444444444 0.0)
#(0 137959 132 105.328 37.5166666666667 0.0)
#(0 137960 132 105.328 45.75 0.0)
#(0 138301 132 105.328 37.3193277310924 0.0)
#(0 138925 132 105.328 33.40625 0.0)
#(0 138940 132 105.328 37.9333333333333 0.0)
#(0 138945 132 105.328 35.5694444444444 0.0)
#(0 138946 132 105.328 37.4444444444444 0.0)
#(0 138947 132 105.328 40.2 0.0)
#(0 138948 132 105.328 41.1820175438597 0.0)
#(0 138949 132 105.328 34.1178571428571 0.0)
#(0 138950 132 105.328 38.9285714285714 0.0)
#(0 138951 132 105.328 34.7985294117647 0.0)
#(0 138953 132 105.328 35.0333333333333 0.0)
#(0 138954 132 105.328 31.7559523809524 0.0)
#(0 138955 132 105.328 37.7875 0.0)
#(0 138956 132 105.328 70.0 0.0)
#(0 138957 132 105.328 37.7777777777778 0.0)
#(0 265 133 105.328 37.8251879699248 0.0)
#(0 272 133 105.328 41.25 0.0)
#(0 592 133 105.328 34.4900793650794 0.0)
#(0 617 133 105.328 39.325 0.0)
#(0 622 133 105.328 37.7934210526316 0.0)
#(0 624 133 105.328 34.6178571428571 0.0)
#(0 625 133 105.328 38.7222222222222 0.0)
#(0 1672 133 105.328 35.6 0.0)
#(0 1674 133 105.328 35.375 0.0)
#(0 1676 133 105.328 34.1222222222222 0.0)
#(0 1683 133 105.328 37.7934210526316 0.0)
#(0 137542 133 105.328 52.75 0.0)
#(0 137546 133 105.328 40.9375 0.0)
#(0 137547 133 105.328 38.3444444444444 0.0)
#(0 137548 133 105.328 36.1865079365079 0.0)
#(0 137553 133 105.328 70.0 0.0)
#(0 137951 133 105.328 32.9235294117647 0.0)
#(0 137961 133 105.328 34.7985294117647 0.0)
#(0 137963 133 105.328 48.0714285714286 0.0)
#(0 137964 133 105.328 34.875 0.0)
#(0 137965 133 105.328 36.8214285714286 0.0)
#(0 137966 133 105.328 35.4285714285714 0.0)
#(0 137967 133 105.343 39.75 0.0)
#(0 137968 133 105.343 27.5 0.0)
#(0 137970 133 105.343 31.625 0.0)
#(0 137971 133 105.343 34.1458333333333 0.0)
#(0 137972 133 105.343 36.2470238095238 0.0)
#(0 138931 133 105.343 33.40625 0.0)
#(0 138958 133 105.343 38.780303030303 0.0)
#(0 138959 133 105.343 36.4884615384615 0.0)
#(0 138960 133 105.343 40.59375 0.0)
#(0 138961 133 105.343 50.75 0.0)
#(0 138962 133 105.343 52.0 0.0)
#(0 138963 133 105.343 39.44375 0.0)
#(0 138964 133 105.343 30.3125 0.0)
#(0 138965 133 105.343 40.9375 0.0)
#(0 278 134 105.343 36.9375 0.0)
#(0 279 134 105.343 36.1875 0.0)
#(0 284 134 105.343 30.671875 0.0)
#(0 628 134 105.343 31.65 0.0)
#(0 631 134 105.343 33.9957983193277 0.0)
#(0 635 134 105.343 36.3626373626374 0.0)
#(0 636 134 105.343 42.4333333333333 0.0)
#(0 638 134 105.343 33.0555555555556 0.0)
#(0 1678 134 105.343 31.4345238095238 0.0)
#(0 1684 134 105.343 33.6875 0.0)
#(0 1685 134 105.343 45.25 0.0)
#(0 1690 134 105.343 34.1222222222222 0.0)
#(0 1691 134 105.343 37.8251879699248 0.0)
#(0 137566 134 105.343 40.2583333333333 0.0)
#(0 137567 134 105.343 39.2573099415205 0.0)
#(0 137568 134 105.343 36.2772727272727 0.0)
#(0 137572 134 105.343 38.780303030303 0.0)
#(0 137578 134 105.343 35.0659340659341 0.0)
#(0 137580 134 105.343 37.5166666666667 0.0)
#(0 137948 134 105.343 37.8538461538461 0.0)
#(0 137974 134 105.343 37.7406015037594 0.0)
#(0 137975 134 105.343 40.6209150326797 0.0)
#(0 137976 134 105.343 35.8733333333333 0.0)
#(0 137978 134 105.343 38.780303030303 0.0)
#(0 137979 134 105.343 38.9 0.0)
#(0 138318 134 105.343 37.3721804511278 0.0)
#(0 138952 134 105.343 33.40625 0.0)
#(0 138966 134 105.343 42.875 0.0)
#(0 138967 134 105.343 36.2470238095238 0.0)
#(0 138968 134 105.343 35.2559523809524 0.0)
#(0 138969 134 105.343 40.9375 0.0)
#(0 138970 134 105.343 42.45 0.0)
#(0 138971 134 105.343 38.1850961538462 0.0)
#(0 138972 134 105.343 32.0357142857143 0.0)
#(0 138973 134 105.343 48.5416666666667 0.0)
#(0 276 135 105.343 37.8251879699248 0.0)
#(0 286 135 105.343 36.8083333333333 0.0)
#(0 289 135 105.343 31.202380952381 0.0)
#(0 290 135 105.343 31.65 0.0)
#(0 293 135 105.343 35.9007936507937 0.0)
#(0 633 135 105.343 34.6178571428571 0.0)
#(0 644 135 105.359 31.9642857142857 0.0)
#(0 645 135 105.359 33.9722222222222 0.0)
#(0 646 135 105.359 40.0416666666667 0.0)
#(0 647 135 105.359 37.7041666666667 0.0)
#(0 649 135 105.359 37.25 0.0)
#(0 650 135 105.359 33.0555555555556 0.0)
#(0 653 135 105.359 31.65 0.0)
#(0 656 135 105.359 34.25 0.0)
#(0 657 135 105.359 33.1761363636364 0.0)
#(0 1692 135 105.359 33.46875 0.0)
#(0 1694 135 105.359 42.4333333333333 0.0)
#(0 1696 135 105.359 35.15625 0.0)
#(0 1700 135 105.359 31.65 0.0)
#(0 137576 135 105.359 35.0659340659341 0.0)
#(0 137581 135 105.359 37.4704861111111 0.0)
#(0 137582 135 105.359 38.780303030303 0.0)
#(0 137585 135 105.359 37.2142857142857 0.0)
#(0 137586 135 105.359 38.1850961538462 0.0)
#(0 137587 135 105.359 40.9375 0.0)
#(0 137981 135 105.359 37.7938596491228 0.0)
#(0 137982 135 105.359 34.8125 0.0)
#(0 137983 135 105.359 39.0625 0.0)
#(0 137984 135 105.359 35.4285714285714 0.0)
#(0 137986 135 105.359 36.7795031055901 0.0)
#(0 137987 135 105.359 33.8916666666667 0.0)
#(0 137988 135 105.359 34.6909090909091 0.0)
#(0 137989 135 105.359 38.9285714285714 0.0)
#(0 137990 135 105.359 37.1136363636364 0.0)
#(0 137991 135 105.359 37.7875 0.0)
#(0 137992 135 105.359 39.8145833333333 0.0)
#(0 138339 135 105.359 37.7938596491228 0.0)
#(0 138974 135 105.359 37.7406015037594 0.0)
#(0 138975 135 105.359 37.9151785714286 0.0)
#(0 138977 135 105.359 41.9166666666667 0.0)
#(0 138978 135 105.359 34.900641025641 0.0)
#(0 138979 135 105.359 37.4444444444444 0.0)
#(0 138980 135 105.359 35.25 0.0)
#(0 138981 135 105.359 37.7938596491228 0.0)
#(0 138982 135 105.359 35.0294117647059 0.0)
#(0 138983 135 105.359 38.3444444444444 0.0)
#(0 138984 135 105.359 35.6806722689076 0.0)
#(0 138985 135 105.359 38.780303030303 0.0)
#(0 138986 135 105.359 31.0 0.0)
#(0 138987 135 105.359 40.5779220779221 0.0)
#(0 138988 135 105.359 34.8382352941177 0.0)
#(0 285 136 105.359 39.6136363636364 0.0)
#(0 297 136 105.359 31.65 0.0)
#(0 305 136 105.359 38.0580357142857 0.0)
#(0 659 136 105.359 42.4333333333333 0.0)
#(0 660 136 105.359 33.46875 0.0)
#(0 667 136 105.359 38.0580357142857 0.0)
#(0 668 136 105.359 31.4345238095238 0.0)
#(0 671 136 105.359 39.9642857142857 0.0)
#(0 1701 136 105.359 42.4333333333333 0.0)
#(0 1702 136 105.359 34.25 0.0)
#(0 1704 136 105.359 33.9722222222222 0.0)
#(0 1705 136 105.359 33.46875 0.0)
#(0 1706 136 105.359 38.0580357142857 0.0)
#(0 1708 136 105.359 34.0 0.0)
#(0 1710 136 105.375 39.9642857142857 0.0)
#(0 137597 136 105.375 35.5125 0.0)
#(0 137600 136 105.375 35.3291666666667 0.0)
#(0 137604 136 105.375 37.1666666666667 0.0)
#(0 137605 136 105.375 32.0357142857143 0.0)
#(0 137994 136 105.375 35.1107142857143 0.0)
#(0 137995 136 105.375 32.9235294117647 0.0)
#(0 137997 136 105.375 40.2 0.0)
#(0 137998 136 105.375 35.0659340659341 0.0)
#(0 137999 136 105.375 40.1222222222222 0.0)
#(0 138001 136 105.375 36.4659090909091 0.0)
#(0 138003 136 105.375 32.9083333333333 0.0)
#(0 138004 136 105.375 34.6136363636364 0.0)
#(0 138342 136 105.375 34.1458333333333 0.0)
#(0 138348 136 105.375 37.7166666666667 0.0)
#(0 138976 136 105.375 40.9375 0.0)
#(0 138989 136 105.375 37.7406015037594 0.0)
#(0 138992 136 105.375 30.0625 0.0)
#(0 138993 136 105.375 36.4659090909091 0.0)
#(0 138994 136 105.375 37.7916666666667 0.0)
#(0 138996 136 105.375 37.9333333333333 0.0)
#(0 138997 136 105.375 39.9833333333333 0.0)
#(0 138998 136 105.375 40.5779220779221 0.0)
#(0 138999 136 105.375 33.8854166666667 0.0)
#(0 315 137 105.375 35.9007936507937 0.0)
#(0 322 137 105.375 39.3928571428571 0.0)
#(0 323 137 105.375 32.0992063492063 0.0)
#(0 327 137 105.375 39.9642857142857 0.0)
#(0 658 137 105.375 34.25 0.0)
#(0 675 137 105.375 34.7375 0.0)
#(0 676 137 105.375 42.4333333333333 0.0)
#(0 677 137 105.375 37.9821428571429 0.0)
#(0 679 137 105.375 37.7041666666667 0.0)
#(0 685 137 105.375 35.375 0.0)
#(0 1080 137 105.375 31.202380952381 0.0)
#(0 1088 137 105.375 32.8 0.0)
#(0 1718 137 105.375 36.6055555555556 0.0)
#(0 1719 137 105.375 38.7222222222222 0.0)
#(0 1720 137 105.375 35.7284090909091 0.0)
#(0 137610 137 105.375 30.3125 0.0)
#(0 137612 137 105.375 35.5125 0.0)
#(0 137615 137 105.375 35.1160714285714 0.0)
#(0 138005 137 105.375 36.4659090909091 0.0)
#(0 138006 137 105.375 37.4444444444444 0.0)
#(0 138008 137 105.375 34.8125 0.0)
#(0 138009 137 105.375 40.9375 0.0)
#(0 138011 137 105.375 37.2142857142857 0.0)
#(0 138012 137 105.375 34.9123376623377 0.0)
#(0 138352 137 105.375 39.9444444444444 0.0)
#(0 138357 137 105.375 37.7875 0.0)
#(0 138359 137 105.375 36.8214285714286 0.0)
#(0 138365 137 105.375 34.5096153846154 0.0)
#(0 138367 137 105.375 39.1333333333333 0.0)
#(0 138990 137 105.39 38.3444444444444 0.0)
#(0 138991 137 105.39 35.6806722689076 0.0)
#(0 138995 137 105.39 38.780303030303 0.0)
#(0 139000 137 105.39 35.6392857142857 0.0)
#(0 139001 137 105.39 37.1666666666667 0.0)
#(0 139002 137 105.39 29.2083333333333 0.0)
#(0 139003 137 105.39 38.9285714285714 0.0)
#(0 139004 137 105.39 39.9444444444444 0.0)
#(0 139006 137 105.39 37.7938596491228 0.0)
#(0 139007 137 105.39 43.6666666666667 0.0)
#(0 139008 137 105.39 40.4007352941177 0.0)
#(0 330 138 105.39 34.4900793650794 0.0)
#(0 331 138 105.39 39.6136363636364 0.0)
#(0 332 138 105.39 34.7375 0.0)
#(0 686 138 105.39 -1 0.0)
#(0 692 138 105.39 35.825 0.0)
#(0 1721 138 105.39 31.202380952381 0.0)
#(0 1722 138 105.39 32.0992063492063 0.0)
#(0 1723 138 105.39 34.0 0.0)
#(0 1724 138 105.39 34.25 0.0)
#(0 1726 138 105.39 34.4900793650794 0.0)
#(0 1729 138 105.39 35.825 0.0)
#(0 1730 138 105.39 31.4345238095238 0.0)
#(0 1731 138 105.39 45.25 0.0)
#(0 1732 138 105.39 36.9375 0.0)
#(0 137624 138 105.39 35.25 0.0)
#(0 137625 138 105.39 35.65625 0.0)
#(0 138013 138 105.39 40.9375 0.0)
#(0 138016 138 105.39 35.35 0.0)
#(0 138017 138 105.39 48.0714285714286 0.0)
#(0 138018 138 105.39 33.4659090909091 0.0)
#(0 138021 138 105.39 35.1160714285714 0.0)
#(0 138022 138 105.39 34.1458333333333 0.0)
#(0 138023 138 105.39 36.6875 0.0)
#(0 138024 138 105.39 34.7985294117647 0.0)
#(0 138025 138 105.39 32.9235294117647 0.0)
#(0 138026 138 105.39 37.3193277310924 0.0)
#(0 138027 138 105.39 40.6209150326797 0.0)
#(0 138028 138 105.39 39.3777777777778 0.0)
#(0 138029 138 105.39 43.0625 0.0)
#(0 138369 138 105.39 37.2142857142857 0.0)
#(0 138370 138 105.39 42.125 0.0)
#(0 138372 138 105.39 40.2 0.0)
#(0 139005 138 105.39 37.1666666666667 0.0)
#(0 139009 138 105.39 35.6392857142857 0.0)
#(0 139010 138 105.39 37.8538461538461 0.0)
#(0 139011 138 105.39 37.7406015037594 0.0)
#(0 139012 138 105.39 36.2470238095238 0.0)
#(0 139013 138 105.39 39.0625 0.0)
#(0 139014 138 105.39 40.9375 0.0)
#(0 139015 138 105.39 42.45 0.0)
#(0 139016 138 105.39 38.9285714285714 0.0)
#(0 139017 138 105.39 35.8733333333333 0.0)
#(0 139018 138 105.39 33.40625 0.0)
#(0 334 139 105.39 32.0992063492063 0.0)
#(0 347 139 105.39 33.0555555555556 0.0)
#(0 350 139 105.39 32.125 0.0)
#(0 683 139 105.39 62.0 0.0)
#(0 698 139 105.39 33.9722222222222 0.0)
#(0 699 139 105.39 34.35 0.0)
#(0 701 139 105.39 37.9821428571429 0.0)
#(0 705 139 105.39 34.0 0.0)
#(0 710 139 105.39 35.375 0.0)
#(0 1725 139 105.406 31.202380952381 0.0)
#(0 1733 139 105.406 38.7222222222222 0.0)
#(0 1735 139 105.406 33.0555555555556 0.0)
#(0 1740 139 105.406 36.4459064327485 0.0)
#(0 1742 139 105.406 36.7083333333333 0.0)
#(0 137630 139 105.406 52.0 0.0)
#(0 137632 139 105.406 40.2 0.0)
#(0 138030 139 105.406 36.90625 0.0)
#(0 138031 139 105.406 35.25 0.0)
#(0 138032 139 105.406 37.7406015037594 0.0)
#(0 138033 139 105.406 35.3291666666667 0.0)
#(0 138034 139 105.406 36.2610294117647 0.0)
#(0 138035 139 105.406 35.5125 0.0)
#(0 138036 139 105.406 32.0357142857143 0.0)
#(0 138039 139 105.406 38.7464285714286 0.0)
#(0 138040 139 105.406 37.7938596491228 0.0)
#(0 138043 139 105.406 39.4761904761905 0.0)
#(0 138044 139 105.406 37.4444444444444 0.0)
#(0 138045 139 105.406 40.2583333333333 0.0)
#(0 138046 139 105.406 34.8382352941177 0.0)
#(0 138048 139 105.406 34.6909090909091 0.0)
#(0 139019 139 105.406 32.875 0.0)
#(0 139020 139 105.406 35.0659340659341 0.0)
#(0 139021 139 105.406 36.2470238095238 0.0)
#(0 139022 139 105.406 40.9375 0.0)
#(0 139023 139 105.406 39.6238095238095 0.0)
#(0 139024 139 105.406 45.75 0.0)
#(0 139025 139 105.406 35.25 0.0)
#(0 139026 139 105.406 37.7777777777778 0.0)
#(0 139027 139 105.406 40.6116071428571 0.0)
#(0 352 140 105.406 36.8083333333333 0.0)
#(0 707 140 105.406 34.35 0.0)
#(0 709 140 105.406 33.9722222222222 0.0)
#(0 711 140 105.406 39.9642857142857 0.0)
#(0 714 140 105.406 38.0178571428571 0.0)
#(0 717 140 105.406 31.4345238095238 0.0)
#(0 1727 140 105.422 31.202380952381 0.0)
#(0 1741 140 105.422 38.7222222222222 0.0)
#(0 1743 140 105.422 37.7041666666667 0.0)
#(0 1745 140 105.422 33.0 0.0)
#(0 1746 140 105.422 39.9642857142857 0.0)
#(0 1749 140 105.422 38.0178571428571 0.0)
#(0 1750 140 105.422 37.8251879699248 0.0)
#(0 1753 140 105.422 34.3666666666667 0.0)
#(0 137645 140 105.422 36.2610294117647 0.0)
#(0 137646 140 105.422 39.44375 0.0)
#(0 137651 140 105.422 39.1294117647059 0.0)
#(0 137654 140 105.422 35.0294117647059 0.0)
#(0 137655 140 105.422 32.1458333333333 0.0)
#(0 137658 140 105.422 35.25 0.0)
#(0 138019 140 105.422 40.9375 0.0)
#(0 138041 140 105.422 37.7938596491228 0.0)
#(0 138042 140 105.422 39.3777777777778 0.0)
#(0 138047 140 105.422 35.5125 0.0)
#(0 138050 140 105.422 34.8125 0.0)
#(0 138051 140 105.422 39.75 0.0)
#(0 138052 140 105.422 38.780303030303 0.0)
#(0 138053 140 105.422 33.4 0.0)
#(0 138056 140 105.422 35.25 0.0)
#(0 138058 140 105.422 36.1865079365079 0.0)
#(0 138061 140 105.422 34.7 0.0)
#(0 138388 140 105.422 41.1820175438597 0.0)
#(0 138390 140 105.422 33.8916666666667 0.0)
#(0 139028 140 105.422 37.1136363636364 0.0)
#(0 139029 140 105.422 37.0 0.0)
#(0 139031 140 105.422 33.8854166666667 0.0)
#(0 139032 140 105.422 39.1294117647059 0.0)
#(0 139033 140 105.422 34.1383928571429 0.0)
#(0 139034 140 105.422 39.8145833333333 0.0)
#(0 139035 140 105.422 34.1047619047619 0.0)
#(0 139036 140 105.422 42.125 0.0)
#(0 358 141 105.422 34.4900793650794 0.0)
#(0 360 141 105.422 33.46875 0.0)
#(0 366 141 105.422 42.4333333333333 0.0)
#(0 728 141 105.422 33.9957983193277 0.0)
#(0 729 141 105.422 37.8251879699248 0.0)
#(0 1138 141 105.422 31.202380952381 0.0)
#(0 1744 141 105.422 36.7083333333333 0.0)
#(0 1755 141 105.422 33.0 0.0)
#(0 1760 141 105.422 38.7083333333333 0.0)
#(0 1761 141 105.422 31.9642857142857 0.0)
#(0 137660 141 105.422 33.8854166666667 0.0)
#(0 137661 141 105.422 39.3777777777778 0.0)
#(0 137662 141 105.422 42.875 0.0)
#(0 137663 141 105.422 39.1289682539683 0.0)
#(0 137664 141 105.422 39.2573099415205 0.0)
#(0 137669 141 105.422 43.0833333333333 0.0)
#(0 138049 141 105.422 39.3777777777778 0.0)
#(0 138055 141 105.422 46.2 0.0)
#(0 138059 141 105.422 37.4444444444444 0.0)
#(0 138060 141 105.422 43.4375 0.0)
#(0 138062 141 105.422 34.6909090909091 0.0)
#(0 138065 141 105.422 36.4884615384615 0.0)
#(0 138066 141 105.422 32.0357142857143 0.0)
#(0 138068 141 105.422 34.8382352941177 0.0)
#(0 138069 141 105.422 36.6212121212121 0.0)
#(0 138071 141 105.422 38.780303030303 0.0)
#(0 138073 141 105.422 39.4761904761905 0.0)
#(0 138075 141 105.437 42.45 0.0)
#(0 138076 141 105.437 36.8214285714286 0.0)
#(0 138398 141 105.437 34.5 0.0)
#(0 138404 141 105.437 34.9123376623377 0.0)
#(0 139030 141 105.437 37.7777777777778 0.0)
#(0 139037 141 105.437 41.1820175438597 0.0)
#(0 139038 141 105.437 35.4471153846154 0.0)
#(0 139039 141 105.437 39.8145833333333 0.0)
#(0 139040 141 105.437 42.5625 0.0)
#(0 139041 141 105.437 37.2142857142857 0.0)
#(0 139042 141 105.437 33.4659090909091 0.0)
#(0 139043 141 105.437 37.0 0.0)
#(0 139045 141 105.437 31.7559523809524 0.0)
#(0 139046 141 105.437 37.4444444444444 0.0)
#(0 373 142 105.437 35.6 0.0)
#(0 374 142 105.437 37.7934210526316 0.0)
#(0 378 142 105.437 36.3626373626374 0.0)
#(0 733 142 105.437 37.7934210526316 0.0)
#(0 734 142 105.437 31.9642857142857 0.0)
#(0 744 142 105.437 35.9791666666667 0.0)
#(0 1139 142 105.437 33.0 0.0)
#(0 1765 142 105.437 36.9375 0.0)
#(0 1766 142 105.437 33.46875 0.0)
#(0 1767 142 105.437 34.3666666666667 0.0)
#(0 1768 142 105.437 39.375 0.0)
#(0 1770 142 105.437 35.375 0.0)
#(0 1771 142 105.437 36.8083333333333 0.0)
#(0 137673 142 105.437 37.7938596491228 0.0)
#(0 138067 142 105.437 34.6909090909091 0.0)
#(0 138077 142 105.437 37.9151785714286 0.0)
#(0 138078 142 105.437 34.875 0.0)
#(0 138079 142 105.437 36.6875 0.0)
#(0 138080 142 105.437 36.2 0.0)
#(0 138081 142 105.437 37.2142857142857 0.0)
#(0 138082 142 105.437 35.8733333333333 0.0)
#(0 138083 142 105.437 33.6125 0.0)
#(0 138084 142 105.437 36.5833333333333 0.0)
#(0 138086 142 105.437 35.5125 0.0)
#(0 138088 142 105.437 34.1383928571429 0.0)
#(0 138089 142 105.437 36.1865079365079 0.0)
#(0 138405 142 105.437 39.6238095238095 0.0)
#(0 139044 142 105.437 37.0 0.0)
#(0 139047 142 105.437 37.7777777777778 0.0)
#(0 139048 142 105.437 36.8214285714286 0.0)
#(0 139049 142 105.437 40.5779220779221 0.0)
#(0 139050 142 105.437 34.6909090909091 0.0)
#(0 139051 142 105.437 42.875 0.0)
#(0 139052 142 105.437 35.0333333333333 0.0)
#(0 139054 142 105.437 37.7406015037594 0.0)
#(0 139055 142 105.437 33.8916666666667 0.0)
#(0 139056 142 105.437 36.5105042016807 0.0)
#(0 746 143 105.437 38.0178571428571 0.0)
#(0 747 143 105.437 38.7222222222222 0.0)
#(0 749 143 105.437 34.6794871794872 0.0)
#(0 757 143 105.437 39.9642857142857 0.0)
#(0 758 143 105.437 31.202380952381 0.0)
#(0 759 143 105.453 37.8251879699248 0.0)
#(0 1155 143 105.453 36.1875 0.0)
#(0 1756 143 105.453 33.0 0.0)
#(0 1773 143 105.453 38.7083333333333 0.0)
#(0 1774 143 105.453 38.0178571428571 0.0)
#(0 1777 143 105.453 34.35 0.0)
#(0 1778 143 105.453 36.0416666666667 0.0)
#(0 137680 143 105.453 31.175 0.0)
#(0 137688 143 105.453 33.4 0.0)
#(0 137690 143 105.453 34.1383928571429 0.0)
#(0 137691 143 105.453 37.1666666666667 0.0)
#(0 137693 143 105.453 37.4704861111111 0.0)
#(0 138072 143 105.453 39.3777777777778 0.0)
#(0 138074 143 105.453 38.780303030303 0.0)
#(0 138091 143 105.453 29.2083333333333 0.0)
#(0 138092 143 105.453 35.3291666666667 0.0)
#(0 138093 143 105.453 36.2470238095238 0.0)
#(0 138094 143 105.453 38.7464285714286 0.0)
#(0 138095 143 105.453 37.1666666666667 0.0)
#(0 138096 143 105.453 35.1160714285714 0.0)
#(0 138098 143 105.453 37.4444444444444 0.0)
#(0 138099 143 105.453 32.9235294117647 0.0)
#(0 138100 143 105.453 46.2 0.0)
#(0 138423 143 105.453 33.6125 0.0)
#(0 139053 143 105.453 36.8214285714286 0.0)
#(0 139057 143 105.453 35.375 0.0)
#(0 139058 143 105.453 30.5 0.0)
#(0 139059 143 105.453 39.1289682539683 0.0)
#(0 139060 143 105.453 36.90625 0.0)
#(0 139061 143 105.453 40.9230769230769 0.0)
#(0 139062 143 105.453 35.0333333333333 0.0)
#(0 139063 143 105.453 39.44375 0.0)
#(0 139064 143 105.453 33.6125 0.0)
#(0 139065 143 105.453 36.7795031055901 0.0)
#(0 139066 143 105.453 34.900641025641 0.0)
#(0 401 144 105.453 33.0555555555556 0.0)
#(0 752 144 105.453 35.9791666666667 0.0)
#(0 761 144 105.453 31.202380952381 0.0)
#(0 765 144 105.453 42.4333333333333 0.0)
#(0 768 144 105.453 34.6794871794872 0.0)
#(0 770 144 105.453 31.4345238095238 0.0)
#(0 772 144 105.453 28.0 0.0)
#(0 774 144 105.453 36.5 0.0)
#(0 1160 144 105.453 39.3928571428571 0.0)
#(0 1168 144 105.453 35.4166666666667 0.0)
#(0 1775 144 105.453 36.9375 0.0)
#(0 1779 144 105.453 34.3666666666667 0.0)
#(0 1780 144 105.453 35.375 0.0)
#(0 1782 144 105.453 34.7375 0.0)
#(0 1783 144 105.453 39.375 0.0)
#(0 1784 144 105.453 32.78125 0.0)
#(0 1788 144 105.453 35.6 0.0)
#(0 137700 144 105.453 36.8214285714286 0.0)
#(0 137708 144 105.453 35.6806722689076 0.0)
#(0 137709 144 105.453 34.5096153846154 0.0)
#(0 137710 144 105.453 34.8125 0.0)
#(0 137711 144 105.453 37.7166666666667 0.0)
#(0 138101 144 105.453 37.9151785714286 0.0)
#(0 138102 144 105.468 36.5282608695652 0.0)
#(0 138103 144 105.468 34.6909090909091 0.0)
#(0 138105 144 105.468 34.5096153846154 0.0)
#(0 138106 144 105.468 37.7777777777778 0.0)
#(0 139067 144 105.468 38.8492063492063 0.0)
#(0 139068 144 105.468 40.2 0.0)
#(0 139069 144 105.468 48.0714285714286 0.0)
#(0 139070 144 105.468 34.875 0.0)
#(0 139071 144 105.468 39.44375 0.0)
#(0 139072 144 105.468 42.5625 0.0)
#(0 139073 144 105.468 39.3777777777778 0.0)
#(0 139074 144 105.468 37.3721804511278 0.0)
#(0 139075 144 105.468 33.4659090909091 0.0)
#(0 402 145 105.468 34.6178571428571 0.0)
#(0 406 145 105.468 31.9642857142857 0.0)
#(0 779 145 105.468 31.9642857142857 0.0)
#(0 781 145 105.468 37.7934210526316 0.0)
#(0 784 145 105.468 36.1875 0.0)
#(0 785 145 105.468 35.825 0.0)
#(0 786 145 105.468 31.65 0.0)
#(0 788 145 105.468 37.25 0.0)
#(0 792 145 105.468 31.4345238095238 0.0)
#(0 1173 145 105.468 34.6794871794872 0.0)
#(0 1781 145 105.468 34.3666666666667 0.0)
#(0 1789 145 105.468 36.9375 0.0)
#(0 1793 145 105.468 34.7375 0.0)
#(0 1794 145 105.468 39.4903846153846 0.0)
#(0 1795 145 105.468 34.0 0.0)
#(0 1798 145 105.468 33.0 0.0)
#(0 1801 145 105.468 35.9007936507937 0.0)
#(0 1802 145 105.468 44.0 0.0)
#(0 137684 145 105.468 31.175 0.0)
#(0 137716 145 105.468 31.7559523809524 0.0)
#(0 137718 145 105.468 32.1458333333333 0.0)
#(0 137721 145 105.468 34.6136363636364 0.0)
#(0 137723 145 105.468 40.9230769230769 0.0)
#(0 137724 145 105.468 38.4166666666667 0.0)
#(0 138108 145 105.468 38.1850961538462 0.0)
#(0 138110 145 105.468 41.1820175438597 0.0)
#(0 138112 145 105.468 37.4444444444444 0.0)
#(0 138113 145 105.468 36.4659090909091 0.0)
#(0 138114 145 105.468 40.4007352941177 0.0)
#(0 138115 145 105.468 40.6209150326797 0.0)
#(0 138116 145 105.468 35.1107142857143 0.0)
#(0 138117 145 105.468 32.9235294117647 0.0)
#(0 138438 145 105.468 35.8733333333333 0.0)
#(0 138447 145 105.468 32.0357142857143 0.0)
#(0 139076 145 105.468 35.1107142857143 0.0)
#(0 139077 145 105.468 37.4444444444444 0.0)
#(0 139078 145 105.468 38.4166666666667 0.0)
#(0 139079 145 105.468 37.3193277310924 0.0)
#(0 139080 145 105.468 33.8854166666667 0.0)
#(0 139081 145 105.468 34.9123376623377 0.0)
#(0 139082 145 105.468 40.2 0.0)
#(0 139084 145 105.468 35.5694444444444 0.0)
#(0 139085 145 105.484 39.9444444444444 0.0)
#(0 416 146 105.484 30.671875 0.0)
#(0 783 146 105.484 31.202380952381 0.0)
#(0 799 146 105.484 38.7222222222222 0.0)
#(0 800 146 105.484 34.3666666666667 0.0)
#(0 803 146 105.484 41.2604166666667 0.0)
#(0 1803 146 105.484 37.8251879699248 0.0)
#(0 1804 146 105.484 37.7934210526316 0.0)
#(0 1809 146 105.484 29.7295321637427 0.0)
#(0 1810 146 105.484 36.8083333333333 0.0)
#(0 1811 146 105.484 -1 0.0)
#(0 137733 146 105.484 37.7777777777778 0.0)
#(0 137737 146 105.484 35.65625 0.0)
#(0 137741 146 105.484 34.5096153846154 0.0)
#(0 137742 146 105.484 39.4761904761905 0.0)
#(0 138107 146 105.484 37.7777777777778 0.0)
#(0 138119 146 105.484 52.75 0.0)
#(0 138120 146 105.484 42.35 0.0)
#(0 138121 146 105.484 35.5125 0.0)
#(0 138122 146 105.484 42.45 0.0)
#(0 138125 146 105.484 33.6125 0.0)
#(0 138450 146 105.484 39.8145833333333 0.0)
#(0 138457 146 105.484 34.3625 0.0)
#(0 138461 146 105.484 36.4659090909091 0.0)
#(0 139083 146 105.484 35.1107142857143 0.0)
#(0 139086 146 105.484 36.2610294117647 0.0)
#(0 139087 146 105.484 36.8214285714286 0.0)
#(0 139088 146 105.484 33.6125 0.0)
#(0 139089 146 105.484 32.9235294117647 0.0)
#(0 139090 146 105.484 34.6136363636364 0.0)
#(0 139091 146 105.484 36.7795031055901 0.0)
#(0 139092 146 105.484 34.5096153846154 0.0)
#(0 139094 146 105.484 35.2559523809524 0.0)
#(0 801 147 105.484 31.4345238095238 0.0)
#(0 807 147 105.484 62.0 0.0)
#(0 808 147 105.484 36.3626373626374 0.0)
#(0 811 147 105.484 32.78125 0.0)
#(0 813 147 105.484 38.0178571428571 0.0)
#(0 815 147 105.484 39.4903846153846 0.0)
#(0 817 147 105.484 38.0580357142857 0.0)
#(0 1799 147 105.484 34.3666666666667 0.0)
#(0 1812 147 105.484 34.1222222222222 0.0)
#(0 1813 147 105.484 31.4345238095238 0.0)
#(0 1814 147 105.484 33.0 0.0)
#(0 1815 147 105.484 36.9375 0.0)
#(0 1820 147 105.484 31.65 0.0)
#(0 137745 147 105.484 35.0294117647059 0.0)
#(0 137752 147 105.484 40.59375 0.0)
#(0 137761 147 105.484 34.1047619047619 0.0)
#(0 138126 147 105.484 36.2772727272727 0.0)
#(0 138128 147 105.5 34.1383928571429 0.0)
#(0 138129 147 105.5 38.780303030303 0.0)
#(0 138131 147 105.5 33.4 0.0)
#(0 138132 147 105.5 37.8538461538461 0.0)
#(0 138133 147 105.5 37.7777777777778 0.0)
#(0 138134 147 105.5 36.2610294117647 0.0)
#(0 138136 147 105.5 35.375 0.0)
#(0 138470 147 105.5 70.0 0.0)
#(0 139093 147 105.5 34.5096153846154 0.0)
#(0 139095 147 105.5 34.1047619047619 0.0)
#(0 139096 147 105.5 36.8214285714286 0.0)
#(0 139097 147 105.5 39.2573099415205 0.0)
#(0 139098 147 105.5 43.0625 0.0)
#(0 139099 147 105.5 35.35 0.0)
#(0 139100 147 105.5 35.1160714285714 0.0)
#(0 139101 147 105.5 36.1865079365079 0.0)
#(0 139102 147 105.5 38.8492063492063 0.0)
#(0 139103 147 105.5 42.875 0.0)
#(0 139104 147 105.5 37.7406015037594 0.0)
#(0 139105 147 105.5 48.0714285714286 0.0)
#(0 139106 147 105.5 33.6125 0.0)
#(0 139107 147 105.5 34.1458333333333 0.0)
#(0 139108 147 105.5 70.0 0.0)
#(0 139109 147 105.5 34.1178571428571 0.0)
#(0 139111 147 105.5 37.1666666666667 0.0)
#(0 437 148 105.5 34.7375 0.0)
#(0 821 148 105.5 30.671875 0.0)
#(0 827 148 105.5 38.7083333333333 0.0)
#(0 828 148 105.5 35.9007936507937 0.0)
#(0 830 148 105.5 34.35 0.0)
#(0 1209 148 105.5 37.8251879699248 0.0)
#(0 1216 148 105.5 38.7222222222222 0.0)
#(0 1218 148 105.5 33.46875 0.0)
#(0 1817 148 105.5 34.3666666666667 0.0)
#(0 1823 148 105.5 31.9642857142857 0.0)
#(0 1825 148 105.5 36.4459064327485 0.0)
#(0 1828 148 105.5 33.6875 0.0)
#(0 137765 148 105.5 34.6909090909091 0.0)
#(0 137766 148 105.5 33.6125 0.0)
#(0 137769 148 105.5 32.9235294117647 0.0)
#(0 137770 148 105.5 37.1666666666667 0.0)
#(0 137777 148 105.5 37.5166666666667 0.0)
#(0 138137 148 105.5 36.2772727272727 0.0)
#(0 138138 148 105.5 35.4471153846154 0.0)
#(0 138139 148 105.5 31.7559523809524 0.0)
#(0 138140 148 105.5 34.1458333333333 0.0)
#(0 138141 148 105.5 37.8538461538461 0.0)
#(0 138143 148 105.5 37.4428571428571 0.0)
#(0 138146 148 105.5 36.1865079365079 0.0)
#(0 139112 148 105.515 34.7985294117647 0.0)
#(0 139113 148 105.515 38.780303030303 0.0)
#(0 139114 148 105.515 36.4884615384615 0.0)
#(0 139115 148 105.515 36.2772727272727 0.0)
#(0 139116 148 105.515 34.1047619047619 0.0)
#(0 139117 148 105.515 45.75 0.0)
#(0 139118 148 105.515 36.2 0.0)
#(0 139119 148 105.515 36.6666666666667 0.0)
#(0 139120 148 105.515 40.5779220779221 0.0)
#(0 444 149 105.515 36.3626373626374 0.0)
#(0 446 149 105.515 28.0 0.0)
#(0 448 149 105.515 35.775 0.0)
#(0 452 149 105.515 34.3666666666667 0.0)
#(0 456 149 105.515 37.25 0.0)
#(0 458 149 105.515 32.78125 0.0)
#(0 831 149 105.515 41.0 0.0)
#(0 834 149 105.515 38.7222222222222 0.0)
#(0 837 149 105.515 38.0178571428571 0.0)
#(0 839 149 105.515 32.0992063492063 0.0)
#(0 1228 149 105.515 37.9821428571429 0.0)
#(0 1229 149 105.515 37.7934210526316 0.0)
#(0 1829 149 105.515 31.9642857142857 0.0)
#(0 1833 149 105.515 38.0178571428571 0.0)
#(0 1836 149 105.515 38.0580357142857 0.0)
#(0 1837 149 105.515 30.671875 0.0)
#(0 137731 149 105.515 38.3444444444444 0.0)
#(0 137781 149 105.515 35.4471153846154 0.0)
#(0 137785 149 105.515 38.8492063492063 0.0)
#(0 137790 149 105.515 37.4704861111111 0.0)
#(0 137792 149 105.515 31.3166666666667 0.0)
#(0 138150 149 105.515 34.9123376623377 0.0)
#(0 138151 149 105.515 39.1294117647059 0.0)
#(0 138152 149 105.515 40.6116071428571 0.0)
#(0 138153 149 105.515 39.8145833333333 0.0)
#(0 138154 149 105.515 40.9230769230769 0.0)
#(0 138155 149 105.515 36.4659090909091 0.0)
#(0 138157 149 105.515 39.2573099415205 0.0)
#(0 138158 149 105.515 34.6136363636364 0.0)
#(0 138159 149 105.515 35.65625 0.0)
#(0 138160 149 105.515 34.8125 0.0)
#(0 138161 149 105.515 34.875 0.0)
#(0 139110 149 105.515 33.6125 0.0)
#(0 139121 149 105.515 38.780303030303 0.0)
#(0 139122 149 105.515 37.4704861111111 0.0)
#(0 139123 149 105.515 37.8538461538461 0.0)
#(0 139124 149 105.515 37.1666666666667 0.0)
#(0 139125 149 105.515 33.40625 0.0)
#(0 139126 149 105.515 37.1136363636364 0.0)
#(0 139127 149 105.515 37.4444444444444 0.0)
#(0 139128 149 105.515 34.7985294117647 0.0)
#(0 139129 149 105.515 34.900641025641 0.0)
#(0 139130 149 105.531 36.90625 0.0)
#(0 139131 149 105.531 35.8733333333333 0.0)
#(0 139132 149 105.531 36.5105042016807 0.0)
#(0 139133 149 105.531 38.1850961538462 0.0)
#(0 139134 149 105.531 35.0659340659341 0.0)
#(0 102 150 105.531 36.0416666666667 0.0)
#(0 106 150 105.531 35.6 0.0)
#(0 462 150 105.531 32.125 0.0)
#(0 845 150 105.531 36.0416666666667 0.0)
#(0 846 150 105.531 31.65 0.0)
#(0 848 150 105.531 39.3928571428571 0.0)
#(0 849 150 105.531 33.6875 0.0)
#(0 1839 150 105.531 31.9642857142857 0.0)
#(0 1842 150 105.531 31.4345238095238 0.0)
#(0 1844 150 105.531 33.0 0.0)
#(0 1847 150 105.531 38.0178571428571 0.0)
#(0 137373 150 105.531 35.0294117647059 0.0)
#(0 137376 150 105.531 37.2142857142857 0.0)
#(0 137377 150 105.531 34.7 0.0)
#(0 137380 150 105.531 33.8854166666667 0.0)
#(0 137794 150 105.531 34.7 0.0)
#(0 137795 150 105.531 31.7559523809524 0.0)
#(0 137797 150 105.531 41.0833333333333 0.0)
#(0 137798 150 105.531 35.5694444444444 0.0)
#(0 137801 150 105.531 40.6209150326797 0.0)
#(0 138162 150 105.531 35.35 0.0)
#(0 138163 150 105.531 34.1178571428571 0.0)
#(0 138164 150 105.531 40.9230769230769 0.0)
#(0 138165 150 105.531 34.8125 0.0)
#(0 138167 150 105.531 37.1666666666667 0.0)
#(0 138168 150 105.531 42.45 0.0)
#(0 138507 150 105.531 41.0 0.0)
#(0 139135 150 105.531 37.2142857142857 0.0)
#(0 139136 150 105.531 38.8492063492063 0.0)
#(0 139137 150 105.531 35.4471153846154 0.0)
#(0 139138 150 105.531 38.3444444444444 0.0)
#(0 139139 150 105.531 35.6806722689076 0.0)
#(0 139141 150 105.531 42.125 0.0)
#(0 114 151 105.531 33.0555555555556 0.0)
#(0 117 151 105.531 39.0416666666667 0.0)
#(0 119 151 105.531 33.25 0.0)
#(0 120 151 105.531 27.0 0.0)
#(0 121 151 105.531 30.671875 0.0)
#(0 471 151 105.531 30.671875 0.0)
#(0 472 151 105.531 31.9642857142857 0.0)
#(0 861 151 105.531 32.0992063492063 0.0)
#(0 1255 151 105.531 -1 0.0)
#(0 1256 151 105.531 38.7222222222222 0.0)
#(0 1848 151 105.531 31.202380952381 0.0)
#(0 1850 151 105.531 40.1958333333333 0.0)
#(0 1852 151 105.531 37.7934210526316 0.0)
#(0 1856 151 105.531 34.1222222222222 0.0)
#(0 137383 151 105.531 52.0 0.0)
#(0 137384 151 105.547 35.6806722689076 0.0)
#(0 137385 151 105.547 37.9151785714286 0.0)
#(0 137387 151 105.547 37.8538461538461 0.0)
#(0 137392 151 105.547 40.59375 0.0)
#(0 137393 151 105.547 38.2161764705882 0.0)
#(0 137774 151 105.547 38.3444444444444 0.0)
#(0 137807 151 105.547 49.25 0.0)
#(0 137809 151 105.547 37.4428571428571 0.0)
#(0 137811 151 105.547 30.0625 0.0)
#(0 138170 151 105.547 36.4884615384615 0.0)
#(0 138173 151 105.547 37.7916666666667 0.0)
#(0 138174 151 105.547 37.3193277310924 0.0)
#(0 138176 151 105.547 36.2772727272727 0.0)
#(0 138177 151 105.547 42.875 0.0)
#(0 138178 151 105.547 39.1333333333333 0.0)
#(0 138180 151 105.547 37.7777777777778 0.0)
#(0 138182 151 105.547 38.9285714285714 0.0)
#(0 139142 151 105.547 35.3291666666667 0.0)
#(0 139143 151 105.547 37.3721804511278 0.0)
#(0 139144 151 105.547 37.4704861111111 0.0)
#(0 139145 151 105.547 34.3625 0.0)
#(0 139146 151 105.547 39.1294117647059 0.0)
#(0 139147 151 105.547 35.6291666666667 0.0)
#(0 139148 151 105.547 36.2470238095238 0.0)
#(0 122 152 105.547 33.9957983193277 0.0)
#(0 124 152 105.547 51.0 0.0)
#(0 125 152 105.547 38.7083333333333 0.0)
#(0 490 152 105.547 37.8251879699248 0.0)
#(0 868 152 105.547 38.0833333333333 0.0)
#(0 869 152 105.547 36.4459064327485 0.0)
#(0 873 152 105.547 40.9416666666667 0.0)
#(0 874 152 105.547 37.7041666666667 0.0)
#(0 876 152 105.547 34.35 0.0)
#(0 877 152 105.547 33.1761363636364 0.0)
#(0 880 152 105.547 33.0 0.0)
#(0 881 152 105.547 36.0416666666667 0.0)
#(0 1264 152 105.547 37.55 0.0)
#(0 1855 152 105.547 40.1958333333333 0.0)
#(0 1859 152 105.547 36.9375 0.0)
#(0 1860 152 105.547 40.0416666666667 0.0)
#(0 137396 152 105.547 40.9375 0.0)
#(0 137817 152 105.547 39.4 0.0)
#(0 137822 152 105.547 40.9230769230769 0.0)
#(0 138181 152 105.547 37.1666666666667 0.0)
#(0 138183 152 105.547 36.4884615384615 0.0)
#(0 138184 152 105.547 36.5105042016807 0.0)
#(0 138185 152 105.547 41.1820175438597 0.0)
#(0 138188 152 105.547 39.3777777777778 0.0)
#(0 138189 152 105.547 40.6116071428571 0.0)
#(0 138190 152 105.547 30.3125 0.0)
#(0 138531 152 105.547 48.1666666666667 0.0)
#(0 138532 152 105.547 31.7559523809524 0.0)
#(0 138533 152 105.547 37.9151785714286 0.0)
#(0 139140 152 105.562 38.3444444444444 0.0)
#(0 139149 152 105.562 34.8382352941177 0.0)
#(0 139150 152 105.562 38.780303030303 0.0)
#(0 139151 152 105.562 35.35 0.0)
#(0 139152 152 105.562 37.4428571428571 0.0)
#(0 139153 152 105.562 37.3193277310924 0.0)
#(0 139154 152 105.562 -1 0.0)
#(0 134 153 105.562 33.9957983193277 0.0)
#(0 137 153 105.562 39.4903846153846 0.0)
#(0 506 153 105.562 34.6178571428571 0.0)
#(0 514 153 105.562 33.0555555555556 0.0)
#(0 883 153 105.562 32.0992063492063 0.0)
#(0 890 153 105.562 31.65 0.0)
#(0 1861 153 105.562 40.0416666666667 0.0)
#(0 1862 153 105.562 34.25 0.0)
#(0 1863 153 105.562 35.9007936507937 0.0)
#(0 1864 153 105.562 34.6178571428571 0.0)
#(0 1866 153 105.562 39.0416666666667 0.0)
#(0 1869 153 105.562 35.15625 0.0)
#(0 137400 153 105.562 40.59375 0.0)
#(0 137410 153 105.562 36.2610294117647 0.0)
#(0 137415 153 105.562 31.7559523809524 0.0)
#(0 137417 153 105.562 36.5105042016807 0.0)
#(0 137418 153 105.562 35.0659340659341 0.0)
#(0 137419 153 105.562 37.8538461538461 0.0)
#(0 137826 153 105.562 34.9123376623377 0.0)
#(0 137827 153 105.562 34.7 0.0)
#(0 137831 153 105.562 34.1178571428571 0.0)
#(0 137833 153 105.562 31.3166666666667 0.0)
#(0 137834 153 105.562 35.3291666666667 0.0)
#(0 137835 153 105.562 40.4007352941177 0.0)
#(0 138191 153 105.562 36.5105042016807 0.0)
#(0 138192 153 105.562 35.0294117647059 0.0)
#(0 138194 153 105.562 34.900641025641 0.0)
#(0 138195 153 105.562 39.3777777777778 0.0)
#(0 138197 153 105.562 33.4 0.0)
#(0 138198 153 105.562 35.375 0.0)
#(0 138199 153 105.562 35.6806722689076 0.0)
#(0 138200 153 105.562 30.0625 0.0)
#(0 138203 153 105.562 31.175 0.0)
#(0 138206 153 105.562 34.1047619047619 0.0)
#(0 138207 153 105.562 37.3721804511278 0.0)
#(0 138553 153 105.562 36.5833333333333 0.0)
#(0 139155 153 105.562 33.40625 0.0)
#(0 139156 153 105.562 37.7166666666667 0.0)
#(0 139157 153 105.562 39.3777777777778 0.0)
#(0 139158 153 105.562 36.5282608695652 0.0)
#(0 139159 153 105.562 38.2161764705882 0.0)
#(0 139161 153 105.562 36.5833333333333 0.0)
#(0 139162 153 105.562 39.9833333333333 0.0)
#(0 147 154 105.578 31.9642857142857 0.0)
#(0 153 154 105.578 36.3626373626374 0.0)
#(0 519 154 105.578 34.0 0.0)
#(0 892 154 105.578 31.65 0.0)
#(0 901 154 105.578 33.46875 0.0)
#(0 902 154 105.578 34.6178571428571 0.0)
#(0 903 154 105.578 38.7083333333333 0.0)
#(0 905 154 105.578 31.202380952381 0.0)
#(0 910 154 105.578 34.25 0.0)
#(0 1868 154 105.578 34.6178571428571 0.0)
#(0 1870 154 105.578 35.875 0.0)
#(0 1872 154 105.578 34.25 0.0)
#(0 1875 154 105.578 41.2604166666667 0.0)
#(0 1876 154 105.578 39.3928571428571 0.0)
#(0 1877 154 105.578 36.8083333333333 0.0)
#(0 1878 154 105.578 42.4333333333333 0.0)
#(0 137403 154 105.578 34.8125 0.0)
#(0 137423 154 105.578 33.4659090909091 0.0)
#(0 137426 154 105.578 30.0625 0.0)
#(0 137427 154 105.578 34.875 0.0)
#(0 137429 154 105.578 41.0 0.0)
#(0 137432 154 105.578 37.4428571428571 0.0)
#(0 137435 154 105.578 33.8916666666667 0.0)
#(0 137843 154 105.578 39.2573099415205 0.0)
#(0 137849 154 105.578 35.5694444444444 0.0)
#(0 137853 154 105.578 38.8492063492063 0.0)
#(0 138201 154 105.578 34.900641025641 0.0)
#(0 138202 154 105.578 36.5105042016807 0.0)
#(0 138209 154 105.578 37.7938596491228 0.0)
#(0 138211 154 105.578 35.375 0.0)
#(0 138212 154 105.578 38.780303030303 0.0)
#(0 138213 154 105.578 37.9151785714286 0.0)
#(0 138214 154 105.578 36.8214285714286 0.0)
#(0 138215 154 105.578 40.9375 0.0)
#(0 138216 154 105.578 35.2559523809524 0.0)
#(0 138217 154 105.578 37.2142857142857 0.0)
#(0 138218 154 105.578 41.1820175438597 0.0)
#(0 138558 154 105.578 41.1820175438597 0.0)
#(0 139160 154 105.578 38.2161764705882 0.0)
#(0 139163 154 105.578 37.1666666666667 0.0)
#(0 139164 154 105.578 39.2573099415205 0.0)
#(0 139165 154 105.578 37.9333333333333 0.0)
#(0 139166 154 105.578 35.35 0.0)
#(0 139167 154 105.578 36.4659090909091 0.0)
#(0 139168 154 105.578 42.35 0.0)
#(0 139169 154 105.578 40.9230769230769 0.0)
#(0 139170 154 105.578 39.1294117647059 0.0)
#(0 139171 154 105.578 36.1865079365079 0.0)
#(0 164 155 105.578 33.1761363636364 0.0)
#(0 169 155 105.578 34.25 0.0)
#(0 170 155 105.578 35.825 0.0)
#(0 174 155 105.578 33.9957983193277 0.0)
#(0 176 155 105.578 38.0178571428571 0.0)
#(0 524 155 105.578 36.4459064327485 0.0)
#(0 526 155 105.578 44.0 0.0)
#(0 911 155 105.578 34.6178571428571 0.0)
#(0 913 155 105.593 38.7222222222222 0.0)
#(0 916 155 105.593 38.0580357142857 0.0)
#(0 917 155 105.593 36.9375 0.0)
#(0 1295 155 105.593 41.2604166666667 0.0)
#(0 1879 155 105.593 35.15625 0.0)
#(0 1882 155 105.593 39.0416666666667 0.0)
#(0 1884 155 105.593 32.8 0.0)
#(0 1885 155 105.593 33.6875 0.0)
#(0 1886 155 105.593 36.3626373626374 0.0)
#(0 137407 155 105.593 34.8125 0.0)
#(0 137438 155 105.593 34.9123376623377 0.0)
#(0 137442 155 105.593 39.1289682539683 0.0)
#(0 137443 155 105.593 34.7 0.0)
#(0 137444 155 105.593 35.35 0.0)
#(0 137448 155 105.593 36.4884615384615 0.0)
#(0 137858 155 105.593 -1 0.0)
#(0 137860 155 105.593 34.1047619047619 0.0)
#(0 138210 155 105.593 34.900641025641 0.0)
#(0 138219 155 105.593 35.6806722689076 0.0)
#(0 138220 155 105.593 30.0625 0.0)
#(0 138222 155 105.593 33.8854166666667 0.0)
#(0 138223 155 105.593 33.6125 0.0)
#(0 138224 155 105.593 38.9285714285714 0.0)
#(0 138225 155 105.593 39.1294117647059 0.0)
#(0 138227 155 105.593 36.6875 0.0)
#(0 138228 155 105.593 36.2470238095238 0.0)
#(0 138229 155 105.593 30.3125 0.0)
#(0 139172 155 105.593 40.4007352941177 0.0)
#(0 139173 155 105.593 36.9333333333333 0.0)
#(0 139174 155 105.593 33.40625 0.0)
#(0 139175 155 105.593 37.3193277310924 0.0)
#(0 139176 155 105.593 39.9444444444444 0.0)
#(0 139178 155 105.593 35.8733333333333 0.0)
#(0 139179 155 105.593 37.1136363636364 0.0)
#(0 139180 155 105.593 36.8214285714286 0.0)
#(0 139181 155 105.593 36.2610294117647 0.0)
#(0 139182 155 105.593 37.2142857142857 0.0)
#(0 172 156 105.593 34.25 0.0)
#(0 533 156 105.593 31.4345238095238 0.0)
#(0 924 156 105.593 38.7083333333333 0.0)
#(0 925 156 105.593 42.4333333333333 0.0)
#(0 926 156 105.593 31.202380952381 0.0)
#(0 932 156 105.593 37.9821428571429 0.0)
#(0 1880 156 105.593 42.4333333333333 0.0)
#(0 1887 156 105.593 40.1958333333333 0.0)
#(0 1890 156 105.593 36.0416666666667 0.0)
#(0 1893 156 105.593 31.4345238095238 0.0)
#(0 1897 156 105.593 35.875 0.0)
#(0 137437 156 105.593 37.4428571428571 0.0)
#(0 137450 156 105.593 48.5416666666667 0.0)
#(0 137451 156 105.609 34.6909090909091 0.0)
#(0 137452 156 105.609 36.2470238095238 0.0)
#(0 137453 156 105.609 36.5105042016807 0.0)
#(0 137455 156 105.609 35.1160714285714 0.0)
#(0 137458 156 105.609 33.4404761904762 0.0)
#(0 137871 156 105.609 35.1107142857143 0.0)
#(0 137874 156 105.609 33.4659090909091 0.0)
#(0 137878 156 105.609 34.900641025641 0.0)
#(0 137882 156 105.609 36.6666666666667 0.0)
#(0 138226 156 105.609 35.2559523809524 0.0)
#(0 138230 156 105.609 36.2772727272727 0.0)
#(0 138231 156 105.609 36.7795031055901 0.0)
#(0 138232 156 105.609 40.59375 0.0)
#(0 138234 156 105.609 37.7406015037594 0.0)
#(0 138235 156 105.609 35.0294117647059 0.0)
#(0 138236 156 105.609 35.375 0.0)
#(0 138237 156 105.609 37.7777777777778 0.0)
#(0 138238 156 105.609 34.7 0.0)
#(0 138239 156 105.609 35.25 0.0)
#(0 138241 156 105.609 40.6116071428571 0.0)
#(0 138242 156 105.609 39.3777777777778 0.0)
#(0 138243 156 105.609 39.75 0.0)
#(0 138244 156 105.609 32.9235294117647 0.0)
#(0 139177 156 105.609 37.3193277310924 0.0)
#(0 139183 156 105.609 38.780303030303 0.0)
#(0 139184 156 105.609 31.0 0.0)
#(0 139185 156 105.609 35.0294117647059 0.0)
#(0 139186 156 105.609 35.4471153846154 0.0)
#(0 139187 156 105.609 37.8538461538461 0.0)
#(0 139188 156 105.609 34.900641025641 0.0)
#(0 139189 156 105.609 34.8382352941177 0.0)
#(0 139190 156 105.609 34.9123376623377 0.0)
#(0 139191 156 105.609 36.2772727272727 0.0)
#(0 139192 156 105.609 52.0 0.0)
#(0 139193 156 105.609 -1 0.0)
#(0 139194 156 105.609 37.4428571428571 0.0)
#(0 139195 156 105.609 33.8916666666667 0.0)
#(0 189 157 105.609 36.3626373626374 0.0)
#(0 190 157 105.609 40.9416666666667 0.0)
#(0 192 157 105.609 34.6794871794872 0.0)
#(0 195 157 105.609 33.46875 0.0)
#(0 539 157 105.609 32.8 0.0)
#(0 922 157 105.609 38.0580357142857 0.0)
#(0 927 157 105.609 40.625 0.0)
#(0 937 157 105.609 39.9642857142857 0.0)
#(0 945 157 105.609 34.7375 0.0)
#(0 950 157 105.609 36.6055555555556 0.0)
#(0 954 157 105.609 36.1875 0.0)
#(0 955 157 105.609 31.0125 0.0)
#(0 1317 157 105.609 40.9416666666667 0.0)
#(0 1321 157 105.609 34.3666666666667 0.0)
#(0 1895 157 105.609 39.0416666666667 0.0)
#(0 1898 157 105.609 34.0 0.0)
#(0 1899 157 105.609 39.9642857142857 0.0)
#(0 1901 157 105.609 40.625 0.0)
#(0 1904 157 105.609 35.9007936507937 0.0)
#(0 137447 157 105.609 33.8854166666667 0.0)
#(0 137456 157 105.609 36.2470238095238 0.0)
#(0 137460 157 105.609 37.4444444444444 0.0)
#(0 137461 157 105.625 40.5779220779221 0.0)
#(0 137462 157 105.625 35.5125 0.0)
#(0 137463 157 105.625 34.7 0.0)
#(0 137464 157 105.625 38.1850961538462 0.0)
#(0 137465 157 105.625 36.1865079365079 0.0)
#(0 137466 157 105.625 42.45 0.0)
#(0 137468 157 105.625 35.1160714285714 0.0)
#(0 137469 157 105.625 35.0333333333333 0.0)
#(0 137885 157 105.625 34.7 0.0)
#(0 137887 157 105.625 39.1289682539683 0.0)
#(0 138240 157 105.625 37.7777777777778 0.0)
#(0 138246 157 105.625 42.45 0.0)
#(0 138247 157 105.625 36.4884615384615 0.0)
#(0 138248 157 105.625 -1 0.0)
#(0 138249 157 105.625 41.0833333333333 0.0)
#(0 138250 157 105.625 38.3 0.0)
#(0 138251 157 105.625 35.35 0.0)
#(0 138252 157 105.625 39.1333333333333 0.0)
#(0 138253 157 105.625 26.25 0.0)
#(0 138255 157 105.625 34.7985294117647 0.0)
#(0 138256 157 105.625 36.2610294117647 0.0)
#(0 138579 157 105.625 34.1458333333333 0.0)
#(0 139196 157 105.625 34.9123376623377 0.0)
#(0 139197 157 105.625 32.1458333333333 0.0)
#(0 139198 157 105.625 37.9151785714286 0.0)
#(0 139199 157 105.625 34.6909090909091 0.0)
#(0 139200 157 105.625 41.1820175438597 0.0)
#(0 139201 157 105.625 35.8733333333333 0.0)
#(0 139202 157 105.625 35.5125 0.0)
#(0 139203 157 105.625 37.7777777777778 0.0)
#(0 139204 157 105.625 36.1865079365079 0.0)
#(0 139205 157 105.625 39.1289682539683 0.0)
#(0 202 158 105.625 35.375 0.0)
#(0 936 158 105.625 38.0580357142857 0.0)
#(0 941 158 105.625 39.9642857142857 0.0)
#(0 960 158 105.625 39.325 0.0)
#(0 961 158 105.625 38.7222222222222 0.0)
#(0 968 158 105.625 34.6794871794872 0.0)
#(0 969 158 105.625 34.25 0.0)
#(0 971 158 105.625 41.2604166666667 0.0)
#(0 972 158 105.625 33.1761363636364 0.0)
#(0 973 158 105.625 35.9007936507937 0.0)
#(0 1325 158 105.625 39.3928571428571 0.0)
#(0 1894 158 105.625 31.4345238095238 0.0)
#(0 1905 158 105.625 36.4459064327485 0.0)
#(0 1906 158 105.64 34.35 0.0)
#(0 1907 158 105.64 39.4903846153846 0.0)
#(0 1910 158 105.64 31.9642857142857 0.0)
#(0 137471 158 105.64 35.6291666666667 0.0)
#(0 137472 158 105.64 38.8492063492063 0.0)
#(0 137473 158 105.64 37.2142857142857 0.0)
#(0 137478 158 105.64 37.8538461538461 0.0)
#(0 137479 158 105.64 39.75 0.0)
#(0 137483 158 105.64 35.4471153846154 0.0)
#(0 137484 158 105.64 35.35 0.0)
#(0 137487 158 105.64 34.6909090909091 0.0)
#(0 137897 158 105.64 39.44375 0.0)
#(0 137898 158 105.64 41.1820175438597 0.0)
#(0 137901 158 105.64 -1 0.0)
#(0 137903 158 105.64 34.5096153846154 0.0)
#(0 137904 158 105.64 37.3721804511278 0.0)
#(0 137908 158 105.64 -1 0.0)
#(0 138257 158 105.64 37.7875 0.0)
#(0 138258 158 105.64 36.2 0.0)
#(0 138259 158 105.64 40.4007352941177 0.0)
#(0 138260 158 105.64 35.5125 0.0)
#(0 138263 158 105.64 42.35 0.0)
#(0 138265 158 105.64 30.2147435897436 0.0)
#(0 138266 158 105.64 30.0625 0.0)
#(0 138267 158 105.64 35.6291666666667 0.0)
#(0 138594 158 105.64 31.7559523809524 0.0)
#(0 139206 158 105.64 41.1820175438597 0.0)
#(0 139207 158 105.64 36.2470238095238 0.0)
#(0 139208 158 105.64 35.5694444444444 0.0)
#(0 139209 158 105.64 35.1107142857143 0.0)
#(0 139210 158 105.64 40.6209150326797 0.0)
#(0 139211 158 105.64 36.6212121212121 0.0)
#(0 139212 158 105.64 35.3291666666667 0.0)
#(0 139213 158 105.64 35.8733333333333 0.0)
#(0 139214 158 105.64 34.1458333333333 0.0)
#(0 139215 158 105.64 39.9444444444444 0.0)
#(0 139216 158 105.64 34.6136363636364 0.0)
#(0 219 159 105.64 37.8251879699248 0.0)
#(0 222 159 105.64 35.9007936507937 0.0)
#(0 563 159 105.64 29.7295321637427 0.0)
#(0 564 159 105.64 33.9957983193277 0.0)
#(0 565 159 105.64 -1 0.0)
#(0 567 159 105.64 34.6794871794872 0.0)
#(0 568 159 105.64 34.3666666666667 0.0)
#(0 572 159 105.64 37.25 0.0)
#(0 575 159 105.64 39.75 0.0)
#(0 977 159 105.64 33.9722222222222 0.0)
#(0 982 159 105.64 33.0 0.0)
#(0 989 159 105.64 35.875 0.0)
#(0 1912 159 105.64 34.6178571428571 0.0)
#(0 1913 159 105.64 36.9375 0.0)
#(0 1914 159 105.64 33.9957983193277 0.0)
#(0 1916 159 105.64 41.0 0.0)
#(0 1919 159 105.64 34.3666666666667 0.0)
#(0 137467 159 105.64 42.45 0.0)
#(0 137489 159 105.64 33.8854166666667 0.0)
#(0 137490 159 105.64 39.8145833333333 0.0)
#(0 137493 159 105.64 39.44375 0.0)
#(0 137495 159 105.64 42.125 0.0)
#(0 137496 159 105.656 44.5 0.0)
#(0 137499 159 105.656 40.6209150326797 0.0)
#(0 137502 159 105.656 32.875 0.0)
#(0 137902 159 105.656 33.4659090909091 0.0)
#(0 137910 159 105.656 36.90625 0.0)
#(0 137911 159 105.656 34.1458333333333 0.0)
#(0 137914 159 105.656 31.625 0.0)
#(0 137921 159 105.656 32.8125 0.0)
#(0 137922 159 105.656 37.9333333333333 0.0)
#(0 137923 159 105.656 33.4404761904762 0.0)
#(0 137925 159 105.656 39.4 0.0)
#(0 138268 159 105.656 34.7985294117647 0.0)
#(0 138271 159 105.656 35.35 0.0)
#(0 138272 159 105.656 38.8492063492063 0.0)
#(0 138273 159 105.656 35.6806722689076 0.0)
#(0 138274 159 105.656 37.7406015037594 0.0)
#(0 138277 159 105.656 36.4659090909091 0.0)
#(0 138278 159 105.656 33.6125 0.0)
#(0 138280 159 105.656 32.9235294117647 0.0)
#(0 138608 159 105.656 40.5779220779221 0.0)
#(0 139217 159 105.656 40.6209150326797 0.0)
#(0 139218 159 105.656 39.6238095238095 0.0)
#(0 139219 159 105.656 34.7985294117647 0.0)
#(0 139220 159 105.656 31.0 0.0)
#(0 139221 159 105.656 37.4704861111111 0.0)
#(0 139222 159 105.656 37.7777777777778 0.0)
#(0 139223 159 105.656 34.3625 0.0)
#(0 139224 159 105.656 35.2559523809524 0.0)
#(0 200 160 105.656 34.25 0.0)
#(0 232 160 105.656 35.7284090909091 0.0)
#(0 582 160 105.656 35.375 0.0)
#(0 583 160 105.656 29.7295321637427 0.0)
#(0 587 160 105.656 36.6055555555556 0.0)
#(0 992 160 105.656 36.5 0.0)
#(0 994 160 105.656 31.65 0.0)
#(0 996 160 105.656 38.7083333333333 0.0)
#(0 1001 160 105.656 33.0 0.0)
#(0 1004 160 105.656 35.825 0.0)
#(0 1005 160 105.656 33.9722222222222 0.0)
#(0 1009 160 105.656 35.9791666666667 0.0)
#(0 1343 160 105.656 36.8083333333333 0.0)
#(0 1346 160 105.656 35.775 0.0)
#(0 1347 160 105.656 36.6055555555556 0.0)
#(0 1922 160 105.656 34.25 0.0)
#(0 1925 160 105.656 35.9007936507937 0.0)
#(0 1926 160 105.656 32.8 0.0)
#(0 1927 160 105.656 33.6875 0.0)
#(0 1929 160 105.656 30.671875 0.0)
#(0 137475 160 105.656 42.45 0.0)
#(0 137504 160 105.656 38.9285714285714 0.0)
#(0 137505 160 105.672 39.1333333333333 0.0)
#(0 137514 160 105.672 38.2161764705882 0.0)
#(0 137907 160 105.672 34.5096153846154 0.0)
#(0 137912 160 105.672 37.3721804511278 0.0)
#(0 137933 160 105.672 35.2559523809524 0.0)
#(0 138281 160 105.672 34.1458333333333 0.0)
#(0 138282 160 105.672 35.2559523809524 0.0)
#(0 138283 160 105.672 38.9285714285714 0.0)
#(0 138284 160 105.672 34.1047619047619 0.0)
#(0 138285 160 105.672 39.75 0.0)
#(0 138287 160 105.672 39.1289682539683 0.0)
#(0 138289 160 105.672 42.35 0.0)
#(0 138290 160 105.672 48.0714285714286 0.0)
#(0 138291 160 105.672 36.6666666666667 0.0)
#(0 138292 160 105.672 -1 0.0)
#(0 139225 160 105.672 37.3721804511278 0.0)
#(0 139226 160 105.672 39.0625 0.0)
#(0 139228 160 105.672 32.9083333333333 0.0)
#(0 139229 160 105.672 36.2470238095238 0.0)
#(0 139230 160 105.672 35.8733333333333 0.0)
#(0 139231 160 105.672 34.8125 0.0)
#(0 139232 160 105.672 35.3291666666667 0.0)
#(0 139233 160 105.672 39.75 0.0)
#(0 139234 160 105.672 36.0104166666667 0.0)
#(0 228 161 105.672 34.25 0.0)
#(0 235 161 105.672 39.4903846153846 0.0)
#(0 244 161 105.672 35.9007936507937 0.0)
#(0 248 161 105.672 37.9821428571429 0.0)
#(0 593 161 105.672 27.0 0.0)
#(0 594 161 105.672 36.8083333333333 0.0)
#(0 599 161 105.672 34.4900793650794 0.0)
#(0 1012 161 105.672 37.8251879699248 0.0)
#(0 1932 161 105.672 39.325 0.0)
#(0 1933 161 105.672 34.6178571428571 0.0)
#(0 1935 161 105.672 31.65 0.0)
#(0 1936 161 105.672 34.1222222222222 0.0)
#(0 1938 161 105.672 28.0 0.0)
#(0 1940 161 105.672 39.3928571428571 0.0)
#(0 1941 161 105.672 35.825 0.0)
#(0 137516 161 105.672 34.875 0.0)
#(0 137518 161 105.672 36.6666666666667 0.0)
#(0 137519 161 105.672 35.6291666666667 0.0)
#(0 137523 161 105.672 37.4444444444444 0.0)
#(0 137524 161 105.672 37.8538461538461 0.0)
#(0 137525 161 105.672 34.1047619047619 0.0)
#(0 137942 161 105.672 35.5125 0.0)
#(0 137944 161 105.672 34.7 0.0)
#(0 137945 161 105.672 36.6666666666667 0.0)
#(0 138275 161 105.672 40.9375 0.0)
#(0 138293 161 105.672 37.0 0.0)
#(0 138294 161 105.672 41.1820175438597 0.0)
#(0 138295 161 105.672 37.9333333333333 0.0)
#(0 138296 161 105.672 32.9235294117647 0.0)
#(0 138297 161 105.672 41.9166666666667 0.0)
#(0 138630 161 105.687 36.0104166666667 0.0)
#(0 138638 161 105.687 35.25 0.0)
#(0 139227 161 105.687 39.0625 0.0)
#(0 139235 161 105.687 37.2142857142857 0.0)
#(0 139236 161 105.687 37.9151785714286 0.0)
#(0 139237 161 105.687 37.7875 0.0)
#(0 139238 161 105.687 35.0294117647059 0.0)
#(0 139239 161 105.687 36.6875 0.0)
#(0 139240 161 105.687 35.5694444444444 0.0)
#(0 139241 161 105.687 35.1107142857143 0.0)
#(0 139242 161 105.687 33.4659090909091 0.0)
#(0 139243 161 105.687 38.780303030303 0.0)
#(0 139245 161 105.687 36.2610294117647 0.0)
#(0 139246 161 105.687 39.9833333333333 0.0)
#(0 139247 161 105.687 36.7795031055901 0.0)
#(0 139248 161 105.687 39.1294117647059 0.0)
#(0 257 162 105.687 36.8083333333333 0.0)
#(0 262 162 105.687 33.0 0.0)
#(0 608 162 105.687 41.0 0.0)
#(0 609 162 105.687 34.7375 0.0)
#(0 614 162 105.687 39.0416666666667 0.0)
#(0 1018 162 105.687 39.375 0.0)
#(0 1019 162 105.687 34.1222222222222 0.0)
#(0 1020 162 105.687 33.1761363636364 0.0)
#(0 1024 162 105.687 33.9722222222222 0.0)
#(0 1028 162 105.687 35.375 0.0)
#(0 1944 162 105.687 37.7934210526316 0.0)
#(0 1946 162 105.687 33.9722222222222 0.0)
#(0 1947 162 105.687 32.0992063492063 0.0)
#(0 1948 162 105.687 35.9007936507937 0.0)
#(0 137522 162 105.687 38.2161764705882 0.0)
#(0 137526 162 105.687 35.1107142857143 0.0)
#(0 137527 162 105.687 40.2 0.0)
#(0 137528 162 105.687 34.3625 0.0)
#(0 137533 162 105.687 32.1458333333333 0.0)
#(0 137534 162 105.687 42.125 0.0)
#(0 137535 162 105.687 39.1289682539683 0.0)
#(0 137536 162 105.687 35.1160714285714 0.0)
#(0 137539 162 105.687 35.25 0.0)
#(0 137943 162 105.687 39.6238095238095 0.0)
#(0 137950 162 105.687 37.9333333333333 0.0)
#(0 137953 162 105.687 37.4444444444444 0.0)
#(0 137956 162 105.687 34.7 0.0)
#(0 137958 162 105.687 40.4007352941177 0.0)
#(0 138298 162 105.687 37.2142857142857 0.0)
#(0 138299 162 105.687 37.9151785714286 0.0)
#(0 138300 162 105.687 40.4007352941177 0.0)
#(0 138302 162 105.687 42.45 0.0)
#(0 138303 162 105.687 39.3777777777778 0.0)
#(0 138304 162 105.687 36.2470238095238 0.0)
#(0 138305 162 105.687 37.1136363636364 0.0)
#(0 138306 162 105.703 39.2573099415205 0.0)
#(0 138307 162 105.703 35.375 0.0)
#(0 138644 162 105.703 32.875 0.0)
#(0 138645 162 105.703 31.625 0.0)
#(0 139244 162 105.703 34.8125 0.0)
#(0 139249 162 105.703 37.9151785714286 0.0)
#(0 139250 162 105.703 35.5694444444444 0.0)
#(0 139251 162 105.703 39.6238095238095 0.0)
#(0 139252 162 105.703 30.0625 0.0)
#(0 139253 162 105.703 32.9235294117647 0.0)
#(0 139254 162 105.703 40.2 0.0)
#(0 139255 162 105.703 34.7 0.0)
#(0 139256 162 105.703 37.8538461538461 0.0)
#(0 139257 162 105.703 38.1850961538462 0.0)
#(0 139258 162 105.703 36.8214285714286 0.0)
#(0 139259 162 105.703 37.1136363636364 0.0)
#(0 269 163 105.703 34.6794871794872 0.0)
#(0 623 163 105.703 37.25 0.0)
#(0 1025 163 105.703 34.1222222222222 0.0)
#(0 1033 163 105.703 31.0125 0.0)
#(0 1034 163 105.703 39.9642857142857 0.0)
#(0 1038 163 105.703 37.7934210526316 0.0)
#(0 1039 163 105.703 37.7041666666667 0.0)
#(0 1041 163 105.703 35.875 0.0)
#(0 1949 163 105.703 39.0416666666667 0.0)
#(0 1950 163 105.703 38.0580357142857 0.0)
#(0 1951 163 105.703 39.3928571428571 0.0)
#(0 1952 163 105.703 34.25 0.0)
#(0 1957 163 105.703 29.7295321637427 0.0)
#(0 1959 163 105.703 35.375 0.0)
#(0 1961 163 105.703 31.65 0.0)
#(0 1963 163 105.703 39.4903846153846 0.0)
#(0 1965 163 105.703 31.9642857142857 0.0)
#(0 1967 163 105.703 40.625 0.0)
#(0 137530 163 105.703 37.8538461538461 0.0)
#(0 137540 163 105.703 38.2161764705882 0.0)
#(0 137541 163 105.703 36.6666666666667 0.0)
#(0 137543 163 105.703 38.4166666666667 0.0)
#(0 137544 163 105.703 39.4 0.0)
#(0 137549 163 105.703 37.3721804511278 0.0)
#(0 137550 163 105.703 32.9083333333333 0.0)
#(0 137551 163 105.703 38.9285714285714 0.0)
#(0 137552 163 105.703 36.7795031055901 0.0)
#(0 137554 163 105.703 40.1222222222222 0.0)
#(0 137555 163 105.703 35.5694444444444 0.0)
#(0 137962 163 105.703 38.2161764705882 0.0)
#(0 137969 163 105.703 33.4659090909091 0.0)
#(0 137970 163 105.703 35.0 0.0)
#(0 137972 163 105.703 39.6238095238095 0.0)
#(0 138308 163 105.703 35.0659340659341 0.0)
#(0 138309 163 105.703 35.5125 0.0)
#(0 138310 163 105.703 34.9123376623377 0.0)
#(0 138311 163 105.703 34.900641025641 0.0)
#(0 138312 163 105.703 35.2559523809524 0.0)
#(0 138313 163 105.703 34.6136363636364 0.0)
#(0 138314 163 105.703 48.0714285714286 0.0)
#(0 139260 163 105.703 38.780303030303 0.0)
#(0 139261 163 105.718 34.7985294117647 0.0)
#(0 139262 163 105.718 40.9375 0.0)
#(0 139263 163 105.718 36.5833333333333 0.0)
#(0 139264 163 105.718 36.6212121212121 0.0)
#(0 139265 163 105.718 35.1107142857143 0.0)
#(0 139266 163 105.718 37.7406015037594 0.0)
#(0 275 164 105.718 35.9007936507937 0.0)
#(0 281 164 105.718 35.9791666666667 0.0)
#(0 282 164 105.718 40.9416666666667 0.0)
#(0 629 164 105.718 35.825 0.0)
#(0 630 164 105.718 31.9642857142857 0.0)
#(0 637 164 105.718 38.0580357142857 0.0)
#(0 638 164 105.718 41.2604166666667 0.0)
#(0 639 164 105.718 35.6 0.0)
#(0 1042 164 105.718 39.0416666666667 0.0)
#(0 1043 164 105.718 33.46875 0.0)
#(0 1044 164 105.718 34.6794871794872 0.0)
#(0 1046 164 105.718 34.1222222222222 0.0)
#(0 1048 164 105.718 40.9416666666667 0.0)
#(0 1050 164 105.718 42.4333333333333 0.0)
#(0 1386 164 105.718 39.375 0.0)
#(0 1969 164 105.718 37.25 0.0)
#(0 1972 164 105.718 36.8083333333333 0.0)
#(0 1973 164 105.718 35.875 0.0)
#(0 1974 164 105.718 37.7041666666667 0.0)
#(0 1976 164 105.718 39.3928571428571 0.0)
#(0 137556 164 105.718 34.875 0.0)
#(0 137557 164 105.718 35.0659340659341 0.0)
#(0 137558 164 105.718 48.1666666666667 0.0)
#(0 137560 164 105.718 35.5125 0.0)
#(0 137562 164 105.718 36.6666666666667 0.0)
#(0 137563 164 105.718 39.1289682539683 0.0)
#(0 137564 164 105.718 37.4444444444444 0.0)
#(0 137569 164 105.718 34.9123376623377 0.0)
#(0 137570 164 105.718 38.8492063492063 0.0)
#(0 137571 164 105.718 38.0 0.0)
#(0 137573 164 105.718 40.5779220779221 0.0)
#(0 137574 164 105.718 37.7938596491228 0.0)
#(0 137575 164 105.718 35.6806722689076 0.0)
#(0 137579 164 105.718 33.8854166666667 0.0)
#(0 137973 164 105.718 34.1458333333333 0.0)
#(0 137977 164 105.718 39.2573099415205 0.0)
#(0 138315 164 105.718 36.6666666666667 0.0)
#(0 138316 164 105.718 37.9333333333333 0.0)
#(0 138317 164 105.718 36.5282608695652 0.0)
#(0 138319 164 105.718 38.780303030303 0.0)
#(0 138320 164 105.718 36.2470238095238 0.0)
#(0 138321 164 105.718 39.0625 0.0)
#(0 138322 164 105.718 30.3125 0.0)
#(0 138323 164 105.718 42.45 0.0)
#(0 138326 164 105.718 39.1289682539683 0.0)
#(0 139267 164 105.734 39.1289682539683 0.0)
#(0 139269 164 105.734 35.1875 0.0)
#(0 139270 164 105.734 32.9235294117647 0.0)
#(0 139271 164 105.734 36.2 0.0)
#(0 280 165 105.734 36.9375 0.0)
#(0 295 165 105.734 41.2604166666667 0.0)
#(0 301 165 105.734 39.325 0.0)
#(0 653 165 105.734 30.671875 0.0)
#(0 656 165 105.734 36.8083333333333 0.0)
#(0 1053 165 105.734 28.0 0.0)
#(0 1056 165 105.734 32.0992063492063 0.0)
#(0 1059 165 105.734 34.7375 0.0)
#(0 1060 165 105.734 39.6136363636364 0.0)
#(0 1979 165 105.734 34.4900793650794 0.0)
#(0 1984 165 105.734 31.9642857142857 0.0)
#(0 1985 165 105.734 35.15625 0.0)
#(0 1987 165 105.734 45.25 0.0)
#(0 1990 165 105.734 40.1958333333333 0.0)
#(0 137561 165 105.734 34.875 0.0)
#(0 137577 165 105.734 38.2161764705882 0.0)
#(0 137584 165 105.734 34.5096153846154 0.0)
#(0 137588 165 105.734 35.35 0.0)
#(0 137590 165 105.734 48.5416666666667 0.0)
#(0 137592 165 105.734 42.125 0.0)
#(0 137593 165 105.734 40.4007352941177 0.0)
#(0 137594 165 105.734 35.2559523809524 0.0)
#(0 137595 165 105.734 38.9 0.0)
#(0 137980 165 105.734 34.1047619047619 0.0)
#(0 137983 165 105.734 34.5096153846154 0.0)
#(0 137985 165 105.734 -1 0.0)
#(0 137986 165 105.734 35.0294117647059 0.0)
#(0 137993 165 105.734 31.7559523809524 0.0)
#(0 138324 165 105.734 38.780303030303 0.0)
#(0 138325 165 105.734 30.3125 0.0)
#(0 138327 165 105.734 34.875 0.0)
#(0 138328 165 105.734 36.6666666666667 0.0)
#(0 138329 165 105.734 35.1160714285714 0.0)
#(0 138330 165 105.734 39.3777777777778 0.0)
#(0 138332 165 105.734 36.0104166666667 0.0)
#(0 138333 165 105.734 35.6291666666667 0.0)
#(0 138334 165 105.734 33.5267857142857 0.0)
#(0 138335 165 105.734 38.1850961538462 0.0)
#(0 138336 165 105.734 37.8538461538461 0.0)
#(0 138337 165 105.734 38.2161764705882 0.0)
#(0 138338 165 105.734 40.6209150326797 0.0)
#(0 138666 165 105.734 38.7464285714286 0.0)
#(0 138667 165 105.734 34.8125 0.0)
#(0 138670 165 105.734 34.1458333333333 0.0)
#(0 139268 165 105.734 39.1289682539683 0.0)
#(0 139272 165 105.734 39.9444444444444 0.0)
#(0 139273 165 105.734 40.6209150326797 0.0)
#(0 139274 165 105.734 37.0 0.0)
#(0 139275 165 105.734 34.1458333333333 0.0)
#(0 139276 165 105.734 36.1865079365079 0.0)
#(0 139277 165 105.734 36.90625 0.0)
#(0 139278 165 105.734 35.375 0.0)
#(0 299 166 105.75 32.0992063492063 0.0)
#(0 311 166 105.75 39.6136363636364 0.0)
#(0 1064 166 105.75 39.9642857142857 0.0)
#(0 1071 166 105.75 38.7222222222222 0.0)
#(0 1072 166 105.75 38.7083333333333 0.0)
#(0 1073 166 105.75 34.1222222222222 0.0)
#(0 1074 166 105.75 36.9375 0.0)
#(0 1075 166 105.75 38.0833333333333 0.0)
#(0 1078 166 105.75 31.4345238095238 0.0)
#(0 1991 166 105.75 36.0416666666667 0.0)
#(0 1992 166 105.75 29.7295321637427 0.0)
#(0 1996 166 105.75 35.775 0.0)
#(0 1998 166 105.75 38.0580357142857 0.0)
#(0 137583 166 105.75 38.780303030303 0.0)
#(0 137596 166 105.75 38.9285714285714 0.0)
#(0 137599 166 105.75 33.4659090909091 0.0)
#(0 137601 166 105.75 41.1820175438597 0.0)
#(0 137603 166 105.75 32.8125 0.0)
#(0 137996 166 105.75 35.1160714285714 0.0)
#(0 137999 166 105.75 38.7464285714286 0.0)
#(0 138000 166 105.75 36.5282608695652 0.0)
#(0 138002 166 105.75 31.7559523809524 0.0)
#(0 138340 166 105.75 40.59375 0.0)
#(0 138343 166 105.75 36.5105042016807 0.0)
#(0 138344 166 105.75 34.8382352941177 0.0)
#(0 138345 166 105.75 37.7777777777778 0.0)
#(0 138347 166 105.75 32.0357142857143 0.0)
#(0 138351 166 105.75 38.1850961538462 0.0)
#(0 139279 166 105.75 39.1294117647059 0.0)
#(0 139280 166 105.75 40.5779220779221 0.0)
#(0 139281 166 105.75 32.9235294117647 0.0)
#(0 139282 166 105.75 35.35 0.0)
#(0 318 167 105.75 35.875 0.0)
#(0 321 167 105.75 37.25 0.0)
#(0 324 167 105.75 34.25 0.0)
#(0 673 167 105.75 35.4166666666667 0.0)
#(0 677 167 105.75 35.6 0.0)
#(0 678 167 105.75 62.0 0.0)
#(0 1069 167 105.75 34.7375 0.0)
#(0 1076 167 105.75 39.6136363636364 0.0)
#(0 1079 167 105.75 32.0992063492063 0.0)
#(0 1086 167 105.75 39.325 0.0)
#(0 1089 167 105.75 40.9416666666667 0.0)
#(0 1090 167 105.75 37.7041666666667 0.0)
#(0 2004 167 105.75 35.9791666666667 0.0)
#(0 2005 167 105.75 33.0555555555556 0.0)
#(0 137606 167 105.75 34.6136363636364 0.0)
#(0 137607 167 105.75 34.1458333333333 0.0)
#(0 137609 167 105.75 38.7464285714286 0.0)
#(0 137613 167 105.75 36.2 0.0)
#(0 137616 167 105.75 39.9444444444444 0.0)
#(0 138007 167 105.75 32.0357142857143 0.0)
#(0 138010 167 105.765 36.0104166666667 0.0)
#(0 138012 167 105.765 37.7875 0.0)
#(0 138014 167 105.765 35.2559523809524 0.0)
#(0 138015 167 105.765 44.5 0.0)
#(0 138341 167 105.765 36.0104166666667 0.0)
#(0 138346 167 105.765 36.5105042016807 0.0)
#(0 138353 167 105.765 34.8382352941177 0.0)
#(0 138355 167 105.765 36.2610294117647 0.0)
#(0 138356 167 105.765 35.6806722689076 0.0)
#(0 138360 167 105.765 34.6909090909091 0.0)
#(0 138362 167 105.765 34.1047619047619 0.0)
#(0 138363 167 105.765 43.0625 0.0)
#(0 138366 167 105.765 35.25 0.0)
#(0 139283 167 105.765 36.4884615384615 0.0)
#(0 139284 167 105.765 39.75 0.0)
#(0 139285 167 105.765 37.7875 0.0)
#(0 139286 167 105.765 34.9123376623377 0.0)
#(0 139287 167 105.765 33.4659090909091 0.0)
#(0 314 168 105.765 32.0992063492063 0.0)
#(0 331 168 105.765 40.9416666666667 0.0)
#(0 339 168 105.765 36.8083333333333 0.0)
#(0 340 168 105.765 39.4903846153846 0.0)
#(0 341 168 105.765 42.4333333333333 0.0)
#(0 687 168 105.765 31.0125 0.0)
#(0 690 168 105.765 57.0 0.0)
#(0 1085 168 105.765 38.7083333333333 0.0)
#(0 1092 168 105.765 35.7284090909091 0.0)
#(0 1093 168 105.765 33.9957983193277 0.0)
#(0 1094 168 105.765 39.6136363636364 0.0)
#(0 1096 168 105.765 42.4333333333333 0.0)
#(0 2011 168 105.765 40.1958333333333 0.0)
#(0 137617 168 105.765 35.6806722689076 0.0)
#(0 137618 168 105.765 41.0 0.0)
#(0 137620 168 105.765 35.5125 0.0)
#(0 137621 168 105.765 37.7406015037594 0.0)
#(0 137622 168 105.765 37.0 0.0)
#(0 137623 168 105.765 39.3777777777778 0.0)
#(0 137626 168 105.765 38.780303030303 0.0)
#(0 137627 168 105.765 33.8916666666667 0.0)
#(0 138020 168 105.765 39.2573099415205 0.0)
#(0 138364 168 105.765 38.1850961538462 0.0)
#(0 138373 168 105.765 39.0625 0.0)
#(0 138375 168 105.765 52.0 0.0)
#(0 138376 168 105.765 35.4285714285714 0.0)
#(0 138378 168 105.765 35.2559523809524 0.0)
#(0 138691 168 105.765 31.7559523809524 0.0)
#(0 138696 168 105.765 36.1865079365079 0.0)
#(0 139288 168 105.765 39.8145833333333 0.0)
#(0 139289 168 105.765 38.2161764705882 0.0)
#(0 139290 168 105.765 35.5694444444444 0.0)
#(0 139291 168 105.765 48.5416666666667 0.0)
#(0 139292 168 105.765 33.8854166666667 0.0)
#(0 139293 168 105.765 31.7559523809524 0.0)
#(0 139294 168 105.765 34.900641025641 0.0)
#(0 139295 168 105.765 38.1850961538462 0.0)
#(0 139296 168 105.781 -1 0.0)
#(0 139297 168 105.781 37.7875 0.0)
#(0 139298 168 105.781 38.7464285714286 0.0)
#(0 139299 168 105.781 35.25 0.0)
#(0 139300 168 105.781 35.2559523809524 0.0)
#(0 346 169 105.781 31.65 0.0)
#(0 348 169 105.781 35.775 0.0)
#(0 697 169 105.781 32.8 0.0)
#(0 700 169 105.781 33.0555555555556 0.0)
#(0 708 169 105.781 32.0992063492063 0.0)
#(0 1103 169 105.781 37.9821428571429 0.0)
#(0 1105 169 105.781 33.0 0.0)
#(0 1109 169 105.781 40.625 0.0)
#(0 1110 169 105.781 38.0833333333333 0.0)
#(0 2016 169 105.781 34.4900793650794 0.0)
#(0 2017 169 105.781 36.0416666666667 0.0)
#(0 2019 169 105.781 36.3626373626374 0.0)
#(0 137629 169 105.781 34.5096153846154 0.0)
#(0 137631 169 105.781 45.75 0.0)
#(0 137633 169 105.781 36.7795031055901 0.0)
#(0 137634 169 105.781 34.900641025641 0.0)
#(0 137635 169 105.781 40.4007352941177 0.0)
#(0 137636 169 105.781 36.6875 0.0)
#(0 137637 169 105.781 42.125 0.0)
#(0 137638 169 105.781 34.1178571428571 0.0)
#(0 138030 169 105.781 31.175 0.0)
#(0 138031 169 105.781 38.1850961538462 0.0)
#(0 138037 169 105.781 39.4761904761905 0.0)
#(0 138038 169 105.781 37.7777777777778 0.0)
#(0 138040 169 105.781 37.7406015037594 0.0)
#(0 138045 169 105.781 41.2272727272727 0.0)
#(0 138354 169 105.781 34.8382352941177 0.0)
#(0 138361 169 105.781 35.6806722689076 0.0)
#(0 138379 169 105.781 35.3291666666667 0.0)
#(0 138380 169 105.781 43.4375 0.0)
#(0 138381 169 105.781 39.2573099415205 0.0)
#(0 138382 169 105.781 40.5779220779221 0.0)
#(0 138383 169 105.781 34.1178571428571 0.0)
#(0 138384 169 105.781 35.5125 0.0)
#(0 138386 169 105.781 35.0294117647059 0.0)
#(0 138706 169 105.781 30.0625 0.0)
#(0 139301 169 105.781 38.780303030303 0.0)
#(0 139302 169 105.781 39.0625 0.0)
#(0 139303 169 105.781 38.9285714285714 0.0)
#(0 139304 169 105.781 33.4 0.0)
#(0 139305 169 105.781 31.0 0.0)
#(0 139306 169 105.781 40.6209150326797 0.0)
#(0 139307 169 105.781 33.4659090909091 0.0)
#(0 354 170 105.781 32.78125 0.0)
#(0 355 170 105.781 36.9375 0.0)
#(0 714 170 105.781 39.3928571428571 0.0)
#(0 722 170 105.781 41.2604166666667 0.0)
#(0 1112 170 105.781 31.65 0.0)
#(0 1117 170 105.781 32.78125 0.0)
#(0 1120 170 105.781 39.9642857142857 0.0)
#(0 1448 170 105.781 31.4345238095238 0.0)
#(0 2021 170 105.797 31.202380952381 0.0)
#(0 2022 170 105.797 39.375 0.0)
#(0 2023 170 105.797 39.0416666666667 0.0)
#(0 2024 170 105.797 35.6 0.0)
#(0 2025 170 105.797 33.0 0.0)
#(0 2026 170 105.797 35.875 0.0)
#(0 2027 170 105.797 31.9642857142857 0.0)
#(0 137640 170 105.797 33.4659090909091 0.0)
#(0 137641 170 105.797 35.4285714285714 0.0)
#(0 137642 170 105.797 34.7 0.0)
#(0 137643 170 105.797 36.4884615384615 0.0)
#(0 137648 170 105.797 37.7406015037594 0.0)
#(0 137649 170 105.797 40.6209150326797 0.0)
#(0 137653 170 105.797 34.6909090909091 0.0)
#(0 137656 170 105.797 34.9123376623377 0.0)
#(0 138054 170 105.797 41.0 0.0)
#(0 138057 170 105.797 40.2583333333333 0.0)
#(0 138385 170 105.797 36.2610294117647 0.0)
#(0 138387 170 105.797 35.25 0.0)
#(0 138389 170 105.797 35.1160714285714 0.0)
#(0 138392 170 105.797 37.7406015037594 0.0)
#(0 138394 170 105.797 39.3777777777778 0.0)
#(0 138709 170 105.797 34.1458333333333 0.0)
#(0 138713 170 105.797 38.780303030303 0.0)
#(0 139308 170 105.797 39.44375 0.0)
#(0 139309 170 105.797 35.6392857142857 0.0)
#(0 139310 170 105.797 34.1047619047619 0.0)
#(0 139311 170 105.797 31.175 0.0)
#(0 139312 170 105.797 38.9285714285714 0.0)
#(0 139313 170 105.797 39.8145833333333 0.0)
#(0 139314 170 105.797 40.4007352941177 0.0)
#(0 139316 170 105.797 39.4 0.0)
#(0 139317 170 105.797 40.9230769230769 0.0)
#(0 139318 170 105.797 38.7464285714286 0.0)
#(0 365 171 105.797 36.1875 0.0)
#(0 1125 171 105.797 35.775 0.0)
#(0 1126 171 105.797 38.7083333333333 0.0)
#(0 1128 171 105.797 36.3626373626374 0.0)
#(0 1129 171 105.797 39.325 0.0)
#(0 1134 171 105.797 36.9375 0.0)
#(0 1137 171 105.797 36.0416666666667 0.0)
#(0 2031 171 105.797 35.15625 0.0)
#(0 2033 171 105.797 35.7284090909091 0.0)
#(0 2034 171 105.797 35.375 0.0)
#(0 2035 171 105.797 38.0580357142857 0.0)
#(0 2036 171 105.797 34.0 0.0)
#(0 2037 171 105.797 35.775 0.0)
#(0 137639 171 105.797 34.1178571428571 0.0)
#(0 137644 171 105.797 35.4285714285714 0.0)
#(0 137657 171 105.797 36.2610294117647 0.0)
#(0 137659 171 105.797 41.9166666666667 0.0)
#(0 137665 171 105.797 48.1666666666667 0.0)
#(0 137667 171 105.797 39.0625 0.0)
#(0 137668 171 105.797 39.1294117647059 0.0)
#(0 137670 171 105.812 30.3125 0.0)
#(0 137671 171 105.812 36.2470238095238 0.0)
#(0 137672 171 105.812 37.7166666666667 0.0)
#(0 138063 171 105.812 37.5166666666667 0.0)
#(0 138064 171 105.812 30.0625 0.0)
#(0 138070 171 105.812 38.8492063492063 0.0)
#(0 138073 171 105.812 40.1222222222222 0.0)
#(0 138396 171 105.812 38.2161764705882 0.0)
#(0 138397 171 105.812 34.3625 0.0)
#(0 138400 171 105.812 35.6291666666667 0.0)
#(0 138401 171 105.812 -1 0.0)
#(0 138403 171 105.812 36.5282608695652 0.0)
#(0 139315 171 105.828 38.9285714285714 0.0)
#(0 139319 171 105.828 39.2573099415205 0.0)
#(0 139320 171 105.828 35.6291666666667 0.0)
#(0 139321 171 105.828 36.8214285714286 0.0)
#(0 139322 171 105.828 33.8916666666667 0.0)
#(0 139323 171 105.828 40.25 0.0)
#(0 139324 171 105.828 38.3444444444444 0.0)
#(0 139325 171 105.828 37.2142857142857 0.0)
#(0 139326 171 105.828 40.2 0.0)
#(0 139327 171 105.828 31.0 0.0)
#(0 139328 171 105.828 37.7938596491228 0.0)
#(0 139329 171 105.828 42.5625 0.0)
#(0 139330 171 105.828 36.2 0.0)
#(0 371 172 105.828 39.9642857142857 0.0)
#(0 372 172 105.828 37.8251879699248 0.0)
#(0 375 172 105.828 39.4903846153846 0.0)
#(0 376 172 105.828 35.6 0.0)
#(0 742 172 105.828 31.9642857142857 0.0)
#(0 1140 172 105.828 32.78125 0.0)
#(0 1141 172 105.828 34.7375 0.0)
#(0 1145 172 105.828 40.375 0.0)
#(0 1146 172 105.828 33.1761363636364 0.0)
#(0 1147 172 105.828 39.0 0.0)
#(0 1150 172 105.828 33.6875 0.0)
#(0 2039 172 105.828 38.7083333333333 0.0)
#(0 2040 172 105.828 33.46875 0.0)
#(0 2041 172 105.828 40.625 0.0)
#(0 2042 172 105.828 41.2604166666667 0.0)
#(0 2044 172 105.828 33.0555555555556 0.0)
#(0 2045 172 105.828 40.9416666666667 0.0)
#(0 2046 172 105.828 39.375 0.0)
#(0 2049 172 105.828 36.0416666666667 0.0)
#(0 2050 172 105.828 40.1958333333333 0.0)
#(0 137666 172 105.828 34.1178571428571 0.0)
#(0 137674 172 105.828 31.0 0.0)
#(0 137675 172 105.828 34.8382352941177 0.0)
#(0 137676 172 105.828 40.9230769230769 0.0)
#(0 137677 172 105.828 40.59375 0.0)
#(0 137678 172 105.828 39.1289682539683 0.0)
#(0 137679 172 105.828 42.45 0.0)
#(0 138085 172 105.828 40.9375 0.0)
#(0 138087 172 105.828 38.3 0.0)
#(0 138406 172 105.828 37.4704861111111 0.0)
#(0 138407 172 105.828 40.6209150326797 0.0)
#(0 138408 172 105.828 32.9235294117647 0.0)
#(0 138409 172 105.828 37.1136363636364 0.0)
#(0 138411 172 105.828 34.1458333333333 0.0)
#(0 138413 172 105.828 37.1666666666667 0.0)
#(0 138736 172 105.828 40.2583333333333 0.0)
#(0 139331 172 105.828 42.35 0.0)
#(0 139332 172 105.828 37.7875 0.0)
#(0 139333 172 105.828 39.6238095238095 0.0)
#(0 139334 172 105.828 36.1865079365079 0.0)
#(0 139335 172 105.828 34.5096153846154 0.0)
#(0 139336 172 105.828 35.375 0.0)
#(0 139337 172 105.828 38.4166666666667 0.0)
#(0 139338 172 105.843 36.0104166666667 0.0)
#(0 382 173 105.843 31.4345238095238 0.0)
#(0 384 173 105.843 34.6794871794872 0.0)
#(0 750 173 105.843 35.4166666666667 0.0)
#(0 751 173 105.843 33.9957983193277 0.0)
#(0 753 173 105.843 33.6875 0.0)
#(0 755 173 105.843 29.7295321637427 0.0)
#(0 1154 173 105.843 31.202380952381 0.0)
#(0 1156 173 105.843 40.9416666666667 0.0)
#(0 1157 173 105.843 37.7041666666667 0.0)
#(0 2038 173 105.843 35.7284090909091 0.0)
#(0 2051 173 105.843 36.1875 0.0)
#(0 2052 173 105.843 37.25 0.0)
#(0 2056 173 105.843 31.65 0.0)
#(0 137681 173 105.843 33.4659090909091 0.0)
#(0 137682 173 105.843 33.4 0.0)
#(0 137683 173 105.843 46.625 0.0)
#(0 137686 173 105.843 39.3777777777778 0.0)
#(0 137687 173 105.843 40.4007352941177 0.0)
#(0 137689 173 105.843 38.8492063492063 0.0)
#(0 137695 173 105.843 39.1289682539683 0.0)
#(0 138072 173 105.843 39.1294117647059 0.0)
#(0 138090 173 105.843 40.2 0.0)
#(0 138097 173 105.843 37.7875 0.0)
#(0 138410 173 105.843 40.6209150326797 0.0)
#(0 138416 173 105.843 39.3777777777778 0.0)
#(0 138417 173 105.843 35.35 0.0)
#(0 138418 173 105.843 36.1865079365079 0.0)
#(0 138419 173 105.843 40.59375 0.0)
#(0 138420 173 105.843 38.8492063492063 0.0)
#(0 138421 173 105.843 36.2610294117647 0.0)
#(0 138422 173 105.843 36.0104166666667 0.0)
#(0 138424 173 105.843 37.1136363636364 0.0)
#(0 138425 173 105.843 36.2772727272727 0.0)
#(0 138426 173 105.843 34.1383928571429 0.0)
#(0 138427 173 105.843 39.9444444444444 0.0)
#(0 139339 173 105.843 39.3777777777778 0.0)
#(0 139340 173 105.843 40.1222222222222 0.0)
#(0 139341 173 105.843 33.8854166666667 0.0)
#(0 139342 173 105.843 39.0625 0.0)
#(0 139343 173 105.843 38.9285714285714 0.0)
#(0 139344 173 105.843 35.2559523809524 0.0)
#(0 139345 173 105.843 37.2142857142857 0.0)
#(0 139346 173 105.843 37.4704861111111 0.0)
#(0 139347 173 105.843 52.0 0.0)
#(0 139348 173 105.843 39.8145833333333 0.0)
#(0 139349 173 105.843 38.780303030303 0.0)
#(0 393 174 105.843 39.0 0.0)
#(0 397 174 105.843 31.202380952381 0.0)
#(0 399 174 105.843 34.4900793650794 0.0)
#(0 762 174 105.843 33.9957983193277 0.0)
#(0 767 174 105.843 39.9642857142857 0.0)
#(0 774 174 105.843 38.0833333333333 0.0)
#(0 1165 174 105.843 39.9642857142857 0.0)
#(0 1170 174 105.843 39.4903846153846 0.0)
#(0 2059 174 105.859 31.4345238095238 0.0)
#(0 2063 174 105.859 29.7295321637427 0.0)
#(0 2065 174 105.859 39.325 0.0)
#(0 2067 174 105.859 31.65 0.0)
#(0 137696 174 105.859 40.6116071428571 0.0)
#(0 137697 174 105.859 37.7938596491228 0.0)
#(0 137699 174 105.859 36.7795031055901 0.0)
#(0 137701 174 105.859 35.4285714285714 0.0)
#(0 137702 174 105.859 37.8538461538461 0.0)
#(0 137704 174 105.859 37.7406015037594 0.0)
#(0 137705 174 105.859 31.175 0.0)
#(0 137706 174 105.859 35.1160714285714 0.0)
#(0 137714 174 105.859 38.780303030303 0.0)
#(0 138101 174 105.859 41.1820175438597 0.0)
#(0 138104 174 105.859 35.6806722689076 0.0)
#(0 138105 174 105.859 36.2470238095238 0.0)
#(0 138429 174 105.859 35.6291666666667 0.0)
#(0 138430 174 105.859 32.1458333333333 0.0)
#(0 138431 174 105.859 34.1047619047619 0.0)
#(0 138432 174 105.859 39.4 0.0)
#(0 138433 174 105.859 39.75 0.0)
#(0 138434 174 105.859 33.4 0.0)
#(0 138435 174 105.859 33.6125 0.0)
#(0 138750 174 105.859 35.65625 0.0)
#(0 138752 174 105.859 36.90625 0.0)
#(0 139350 174 105.859 35.0294117647059 0.0)
#(0 139351 174 105.859 39.0625 0.0)
#(0 139352 174 105.859 38.9 0.0)
#(0 139353 174 105.859 39.4 0.0)
#(0 139354 174 105.859 30.2147435897436 0.0)
#(0 139355 174 105.859 36.2610294117647 0.0)
#(0 139356 174 105.859 30.0625 0.0)
#(0 139357 174 105.859 31.3166666666667 0.0)
#(0 139358 174 105.859 34.9123376623377 0.0)
#(0 776 175 105.859 40.625 0.0)
#(0 780 175 105.859 35.875 0.0)
#(0 784 175 105.859 33.1761363636364 0.0)
#(0 1175 175 105.859 40.1958333333333 0.0)
#(0 1178 175 105.859 34.35 0.0)
#(0 1181 175 105.859 34.4900793650794 0.0)
#(0 2070 175 105.859 31.4345238095238 0.0)
#(0 2071 175 105.859 36.7083333333333 0.0)
#(0 2072 175 105.859 39.0416666666667 0.0)
#(0 2075 175 105.859 41.2604166666667 0.0)
#(0 2076 175 105.859 37.7041666666667 0.0)
#(0 137707 175 105.859 35.4285714285714 0.0)
#(0 137715 175 105.859 36.5282608695652 0.0)
#(0 137719 175 105.859 41.9166666666667 0.0)
#(0 137720 175 105.859 34.8125 0.0)
#(0 137725 175 105.859 36.4659090909091 0.0)
#(0 137727 175 105.859 39.9833333333333 0.0)
#(0 137728 175 105.859 38.9285714285714 0.0)
#(0 137729 175 105.859 35.2559523809524 0.0)
#(0 137730 175 105.859 32.9235294117647 0.0)
#(0 138109 175 105.859 35.0294117647059 0.0)
#(0 138111 175 105.875 39.0625 0.0)
#(0 138412 175 105.875 40.6209150326797 0.0)
#(0 138436 175 105.875 46.625 0.0)
#(0 138437 175 105.875 34.6136363636364 0.0)
#(0 138439 175 105.875 40.5779220779221 0.0)
#(0 138440 175 105.875 34.1383928571429 0.0)
#(0 138441 175 105.875 42.45 0.0)
#(0 138442 175 105.875 37.7938596491228 0.0)
#(0 138443 175 105.875 35.35 0.0)
#(0 138445 175 105.875 36.4884615384615 0.0)
#(0 138446 175 105.875 38.8492063492063 0.0)
#(0 138448 175 105.875 40.4007352941177 0.0)
#(0 138768 175 105.875 36.5105042016807 0.0)
#(0 139359 175 105.875 36.8214285714286 0.0)
#(0 139360 175 105.875 36.5282608695652 0.0)
#(0 139361 175 105.875 35.25 0.0)
#(0 139362 175 105.875 48.0714285714286 0.0)
#(0 403 176 105.875 39.75 0.0)
#(0 417 176 105.875 35.825 0.0)
#(0 422 176 105.875 28.625 0.0)
#(0 787 176 105.875 38.0833333333333 0.0)
#(0 798 176 105.875 37.7041666666667 0.0)
#(0 800 176 105.875 38.7083333333333 0.0)
#(0 1182 176 105.875 40.1958333333333 0.0)
#(0 1183 176 105.875 34.6794871794872 0.0)
#(0 1184 176 105.875 31.65 0.0)
#(0 1185 176 105.875 40.9416666666667 0.0)
#(0 1186 176 105.875 33.0 0.0)
#(0 1187 176 105.875 31.202380952381 0.0)
#(0 1188 176 105.875 36.9375 0.0)
#(0 1189 176 105.875 29.7295321637427 0.0)
#(0 1190 176 105.875 39.3928571428571 0.0)
#(0 1506 176 105.875 35.9007936507937 0.0)
#(0 2077 176 105.875 37.7934210526316 0.0)
#(0 2079 176 105.875 34.25 0.0)
#(0 2081 176 105.875 38.7222222222222 0.0)
#(0 2083 176 105.875 35.9791666666667 0.0)
#(0 2085 176 105.875 33.9957983193277 0.0)
#(0 2086 176 105.875 41.25 0.0)
#(0 2087 176 105.875 36.8083333333333 0.0)
#(0 2089 176 105.875 36.9375 0.0)
#(0 2090 176 105.875 35.375 0.0)
#(0 2091 176 105.875 40.625 0.0)
#(0 137703 176 105.875 37.8538461538461 0.0)
#(0 137712 176 105.875 35.4285714285714 0.0)
#(0 137732 176 105.875 37.7406015037594 0.0)
#(0 137734 176 105.875 38.3444444444444 0.0)
#(0 137735 176 105.875 38.8492063492063 0.0)
#(0 137738 176 105.875 37.1666666666667 0.0)
#(0 137739 176 105.875 34.8382352941177 0.0)
#(0 137740 176 105.875 37.4704861111111 0.0)
#(0 137743 176 105.875 40.9375 0.0)
#(0 137744 176 105.875 30.0625 0.0)
#(0 138118 176 105.875 40.2 0.0)
#(0 138119 176 105.875 -1 0.0)
#(0 138123 176 105.875 39.44375 0.0)
#(0 138124 176 105.875 45.75 0.0)
#(0 138451 176 105.875 39.3777777777778 0.0)
#(0 138453 176 105.875 36.5833333333333 0.0)
#(0 138454 176 105.875 35.2559523809524 0.0)
#(0 138456 176 105.875 39.9833333333333 0.0)
#(0 138458 176 105.89 41.2272727272727 0.0)
#(0 138459 176 105.89 38.2161764705882 0.0)
#(0 138460 176 105.89 35.6291666666667 0.0)
#(0 138462 176 105.89 38.3444444444444 0.0)
#(0 138463 176 105.89 35.25 0.0)
#(0 138464 176 105.89 37.4444444444444 0.0)
#(0 138465 176 105.89 34.5096153846154 0.0)
#(0 139363 176 105.89 42.45 0.0)
#(0 139364 176 105.89 36.7795031055901 0.0)
#(0 139365 176 105.89 35.3291666666667 0.0)
#(0 139366 176 105.89 37.5166666666667 0.0)
#(0 139367 176 105.89 37.7406015037594 0.0)
#(0 139368 176 105.89 38.8492063492063 0.0)
#(0 139369 176 105.89 48.1666666666667 0.0)
#(0 139370 176 105.89 33.40625 0.0)
#(0 139371 176 105.89 55.0 0.0)
#(0 139372 176 105.89 36.6875 0.0)
#(0 424 177 105.89 39.4903846153846 0.0)
#(0 427 177 105.89 42.4333333333333 0.0)
#(0 429 177 105.89 35.6 0.0)
#(0 809 177 105.89 39.0416666666667 0.0)
#(0 810 177 105.89 33.0555555555556 0.0)
#(0 811 177 105.89 37.25 0.0)
#(0 1194 177 105.89 35.4166666666667 0.0)
#(0 1197 177 105.89 35.875 0.0)
#(0 1201 177 105.89 33.6875 0.0)
#(0 1202 177 105.89 39.325 0.0)
#(0 1513 177 105.89 38.7222222222222 0.0)
#(0 2078 177 105.89 37.7934210526316 0.0)
#(0 2092 177 105.89 35.875 0.0)
#(0 2094 177 105.89 35.7284090909091 0.0)
#(0 2095 177 105.89 36.4459064327485 0.0)
#(0 2098 177 105.89 35.775 0.0)
#(0 2102 177 105.89 39.3928571428571 0.0)
#(0 2103 177 105.89 35.9791666666667 0.0)
#(0 137726 177 105.89 36.6212121212121 0.0)
#(0 137746 177 105.89 34.7985294117647 0.0)
#(0 137747 177 105.89 37.2142857142857 0.0)
#(0 137748 177 105.89 35.3291666666667 0.0)
#(0 137749 177 105.89 32.875 0.0)
#(0 137750 177 105.89 40.6209150326797 0.0)
#(0 137753 177 105.89 41.1820175438597 0.0)
#(0 137754 177 105.89 34.1383928571429 0.0)
#(0 137755 177 105.89 35.0659340659341 0.0)
#(0 137756 177 105.89 35.1875 0.0)
#(0 137758 177 105.89 46.625 0.0)
#(0 137759 177 105.89 37.9151785714286 0.0)
#(0 137760 177 105.89 34.7 0.0)
#(0 137762 177 105.89 35.5125 0.0)
#(0 138127 177 105.89 29.2083333333333 0.0)
#(0 138130 177 105.89 38.0 0.0)
#(0 138134 177 105.89 37.4444444444444 0.0)
#(0 138135 177 105.89 33.4 0.0)
#(0 138449 177 105.89 37.7938596491228 0.0)
#(0 138466 177 105.89 30.2147435897436 0.0)
#(0 138471 177 105.89 -1 0.0)
#(0 138473 177 105.89 39.4 0.0)
#(0 138778 177 105.89 35.25 0.0)
#(0 139373 177 105.906 34.6909090909091 0.0)
#(0 139374 177 105.906 37.4428571428571 0.0)
#(0 139375 177 105.906 38.9285714285714 0.0)
#(0 139376 177 105.906 48.5416666666667 0.0)
#(0 139377 177 105.906 32.875 0.0)
#(0 139378 177 105.906 37.1666666666667 0.0)
#(0 139379 177 105.906 39.4761904761905 0.0)
#(0 139380 177 105.906 42.125 0.0)
#(0 139381 177 105.906 34.8382352941177 0.0)
#(0 139382 177 105.906 30.0625 0.0)
#(0 139383 177 105.906 37.1136363636364 0.0)
#(0 139384 177 105.906 39.1289682539683 0.0)
#(0 139385 177 105.906 34.1458333333333 0.0)
#(0 432 178 105.906 36.6055555555556 0.0)
#(0 434 178 105.906 37.8251879699248 0.0)
#(0 438 178 105.906 29.7295321637427 0.0)
#(0 440 178 105.906 38.0178571428571 0.0)
#(0 441 178 105.906 40.1958333333333 0.0)
#(0 442 178 105.906 39.4903846153846 0.0)
#(0 827 178 105.906 34.6178571428571 0.0)
#(0 829 178 105.906 35.875 0.0)
#(0 1203 178 105.906 34.1222222222222 0.0)
#(0 1208 178 105.906 39.75 0.0)
#(0 1212 178 105.906 34.25 0.0)
#(0 1213 178 105.906 32.8 0.0)
#(0 1219 178 105.906 34.4900793650794 0.0)
#(0 1526 178 105.906 33.0 0.0)
#(0 2105 178 105.906 33.9957983193277 0.0)
#(0 2108 178 105.906 39.9642857142857 0.0)
#(0 137722 178 105.906 35.4285714285714 0.0)
#(0 137764 178 105.906 35.0294117647059 0.0)
#(0 137767 178 105.906 36.2610294117647 0.0)
#(0 137768 178 105.906 36.0104166666667 0.0)
#(0 137771 178 105.906 34.8382352941177 0.0)
#(0 137773 178 105.906 30.3125 0.0)
#(0 137775 178 105.906 40.6116071428571 0.0)
#(0 137776 178 105.906 37.4444444444444 0.0)
#(0 138142 178 105.906 41.0833333333333 0.0)
#(0 138144 178 105.906 35.0333333333333 0.0)
#(0 138145 178 105.906 38.1850961538462 0.0)
#(0 138147 178 105.906 29.2083333333333 0.0)
#(0 138148 178 105.906 37.5166666666667 0.0)
#(0 138149 178 105.906 35.0659340659341 0.0)
#(0 138452 178 105.906 37.7938596491228 0.0)
#(0 138474 178 105.906 40.5779220779221 0.0)
#(0 138475 178 105.906 40.9375 0.0)
#(0 138476 178 105.906 34.1047619047619 0.0)
#(0 138477 178 105.906 36.9333333333333 0.0)
#(0 138478 178 105.906 35.3291666666667 0.0)
#(0 138480 178 105.906 33.8916666666667 0.0)
#(0 138481 178 105.906 34.5096153846154 0.0)
#(0 138483 178 105.906 34.6136363636364 0.0)
#(0 138485 178 105.906 39.1289682539683 0.0)
#(0 138487 178 105.906 31.7559523809524 0.0)
#(0 138488 178 105.906 40.2 0.0)
#(0 138489 178 105.906 35.6806722689076 0.0)
#(0 138490 178 105.906 36.1865079365079 0.0)
#(0 138790 178 105.906 35.25 0.0)
#(0 139386 178 105.922 40.9230769230769 0.0)
#(0 139387 178 105.922 35.25 0.0)
#(0 139388 178 105.922 40.6209150326797 0.0)
#(0 139389 178 105.922 42.125 0.0)
#(0 139390 178 105.922 34.1383928571429 0.0)
#(0 139391 178 105.922 39.6238095238095 0.0)
#(0 139392 178 105.922 35.6806722689076 0.0)
#(0 139393 178 105.922 40.4007352941177 0.0)
#(0 139394 178 105.922 36.1865079365079 0.0)
#(0 139395 178 105.922 41.2272727272727 0.0)
#(0 139396 178 105.922 35.375 0.0)
#(0 139397 178 105.922 39.2573099415205 0.0)
#(0 139398 178 105.922 35.6392857142857 0.0)
#(0 139399 178 105.922 35.3291666666667 0.0)
#(0 139400 178 105.922 43.0625 0.0)
#(0 139401 178 105.922 37.7938596491228 0.0)
#(0 450 179 105.922 35.9007936507937 0.0)
#(0 454 179 105.922 34.1222222222222 0.0)
#(0 457 179 105.922 35.875 0.0)
#(0 459 179 105.922 40.0416666666667 0.0)
#(0 833 179 105.922 36.8083333333333 0.0)
#(0 835 179 105.922 37.7041666666667 0.0)
#(0 1220 179 105.922 31.9642857142857 0.0)
#(0 1222 179 105.922 36.1875 0.0)
#(0 1223 179 105.922 31.65 0.0)
#(0 1224 179 105.922 36.9375 0.0)
#(0 1230 179 105.922 33.9957983193277 0.0)
#(0 1233 179 105.922 31.202380952381 0.0)
#(0 1234 179 105.922 37.7041666666667 0.0)
#(0 1530 179 105.922 41.0 0.0)
#(0 1531 179 105.922 33.9957983193277 0.0)
#(0 2109 179 105.922 39.3928571428571 0.0)
#(0 2112 179 105.922 33.46875 0.0)
#(0 2114 179 105.922 35.375 0.0)
#(0 2115 179 105.922 39.375 0.0)
#(0 2118 179 105.922 36.4459064327485 0.0)
#(0 137780 179 105.922 37.9333333333333 0.0)
#(0 137782 179 105.922 55.0 0.0)
#(0 137783 179 105.922 42.45 0.0)
#(0 137784 179 105.922 42.35 0.0)
#(0 137786 179 105.922 35.5125 0.0)
#(0 137788 179 105.922 40.4007352941177 0.0)
#(0 137789 179 105.922 33.6125 0.0)
#(0 137791 179 105.922 35.0333333333333 0.0)
#(0 138159 179 105.922 32.9083333333333 0.0)
#(0 138469 179 105.922 37.7938596491228 0.0)
#(0 138484 179 105.937 40.9375 0.0)
#(0 138491 179 105.937 38.1850961538462 0.0)
#(0 138493 179 105.937 38.8492063492063 0.0)
#(0 138494 179 105.937 34.3625 0.0)
#(0 138495 179 105.937 29.2083333333333 0.0)
#(0 138497 179 105.937 30.2147435897436 0.0)
#(0 138498 179 105.937 34.1047619047619 0.0)
#(0 138499 179 105.937 35.0 0.0)
#(0 138500 179 105.937 35.65625 0.0)
#(0 138501 179 105.937 37.375 0.0)
#(0 138502 179 105.937 32.9235294117647 0.0)
#(0 138503 179 105.937 39.9833333333333 0.0)
#(0 138504 179 105.937 34.875 0.0)
#(0 138505 179 105.937 34.1383928571429 0.0)
#(0 138794 179 105.937 36.0104166666667 0.0)
#(0 139402 179 105.937 36.5282608695652 0.0)
#(0 139403 179 105.937 39.0625 0.0)
#(0 139404 179 105.937 34.8382352941177 0.0)
#(0 139405 179 105.937 39.1289682539683 0.0)
#(0 139406 179 105.937 39.3777777777778 0.0)
#(0 139407 179 105.937 36.2610294117647 0.0)
#(0 139408 179 105.937 40.2583333333333 0.0)
#(0 139409 179 105.937 33.4 0.0)
#(0 76 180 105.937 43.1645962732919 0.0)
#(0 101 180 105.937 43.1444444444444 0.0)
#(0 449 180 105.937 41.6722222222222 0.0)
#(0 466 180 105.937 41.4222222222222 0.0)
#(0 841 180 105.937 -1 0.0)
#(0 1210 180 105.937 38.7858345358345 0.0)
#(0 1232 180 105.937 41.6130952380952 0.0)
#(0 1236 180 105.937 40.040293040293 0.0)
#(0 1238 180 105.937 39.0833333333333 0.0)
#(0 1241 180 105.937 40.2013888888889 0.0)
#(0 1243 180 105.937 37.9551630434783 0.0)
#(0 2119 180 105.937 37.709375 0.0)
#(0 2121 180 105.937 40.2954545454545 0.0)
#(0 2122 180 105.937 36.8849206349206 0.0)
#(0 2125 180 105.937 41.2079831932773 0.0)
#(0 2129 180 105.937 39.3602693602694 0.0)
#(0 2130 180 105.937 43.1645962732919 0.0)
#(0 2132 180 105.937 43.6964285714286 0.0)
#(0 137371 180 105.937 40.6208592132505 0.0)
#(0 137372 180 105.937 39.6571428571429 0.0)
#(0 137375 180 105.937 41.0549719887955 0.0)
#(0 137378 180 105.937 42.5913627099585 0.0)
#(0 137379 180 105.937 38.0911680911681 0.0)
#(0 137381 180 105.937 41.0549719887955 0.0)
#(0 137382 180 105.937 41.4031385281385 0.0)
#(0 137796 180 105.937 42.3113506272074 0.0)
#(0 137799 180 105.937 41.2785714285714 0.0)
#(0 137800 180 105.937 44.6666666666667 0.0)
#(0 137802 180 105.937 45.6944444444445 0.0)
#(0 138156 180 105.937 39.0916666666667 0.0)
#(0 138162 180 105.953 41.2341183574879 0.0)
#(0 138163 180 105.953 41.7324346405229 0.0)
#(0 138166 180 105.953 41.1875 0.0)
#(0 138169 180 105.953 41.2435185185185 0.0)
#(0 138496 180 105.953 43.6934523809524 0.0)
#(0 138508 180 105.953 41.0143939393939 0.0)
#(0 138510 180 105.953 41.2341183574879 0.0)
#(0 138511 180 105.953 64.0 0.0)
#(0 138512 180 105.953 37.2916666666667 0.0)
#(0 138513 180 105.953 41.0549719887955 0.0)
#(0 138515 180 105.953 39.8269980506823 0.0)
#(0 138517 180 105.953 42.0400641025641 0.0)
#(0 138518 180 105.953 39.61 0.0)
#(0 138519 180 105.953 41.2265043948614 0.0)
#(0 139410 180 105.953 40.646218487395 0.0)
#(0 139411 180 105.953 39.2654934437543 0.0)
#(0 139412 180 105.953 47.485119047619 0.0)
#(0 139413 180 105.953 45.8106481481481 0.0)
#(0 139414 180 105.953 43.6934523809524 0.0)
#(0 139415 180 105.953 42.3317089018843 0.0)
#(0 139416 180 105.953 43.6613756613757 0.0)
#(0 139417 180 105.953 41.1550671550672 0.0)
#(0 139418 180 105.953 42.9225589225589 0.0)
#(0 139419 180 105.953 41.1503086419753 0.0)
#(0 139420 180 105.953 41.5083333333333 0.0)
#(0 139421 180 105.953 39.1923076923077 0.0)
#(0 139422 180 105.953 45.6944444444445 0.0)
#(0 8 181 105.953 43.1645962732919 0.0)
#(0 108 181 105.953 43.0055555555556 0.0)
#(0 112 181 105.953 40.5168560606061 0.0)
#(0 114 181 105.953 44.7013888888889 0.0)
#(0 475 181 105.953 39.0883838383838 0.0)
#(0 476 181 105.953 41.4222222222222 0.0)
#(0 477 181 105.953 37.5833333333333 0.0)
#(0 479 181 105.953 39.0432098765432 0.0)
#(0 480 181 105.953 39.3602693602694 0.0)
#(0 481 181 105.953 41.8998015873016 0.0)
#(0 485 181 105.953 41.84375 0.0)
#(0 850 181 105.953 41.84375 0.0)
#(0 856 181 105.953 37.5231481481481 0.0)
#(0 861 181 105.953 36.8849206349206 0.0)
#(0 864 181 105.953 38.3269927536232 0.0)
#(0 1254 181 105.953 37.9551630434783 0.0)
#(0 1257 181 105.953 39.0883838383838 0.0)
#(0 1259 181 105.953 41.8694444444444 0.0)
#(0 2134 181 105.953 40.2013888888889 0.0)
#(0 2136 181 105.953 41.0541666666667 0.0)
#(0 2138 181 105.953 39.0833333333333 0.0)
#(0 2143 181 105.953 42.4777167277167 0.0)
#(0 2144 181 105.953 34.3038150932888 0.0)
#(0 2145 181 105.953 39.1380952380952 0.0)
#(0 2146 181 105.953 41.8998015873016 0.0)
#(0 137386 181 105.953 47.315873015873 0.0)
#(0 137388 181 105.953 36.0224358974359 0.0)
#(0 137389 181 105.953 45.3541666666667 0.0)
#(0 137390 181 105.953 40.7901234567901 0.0)
#(0 137392 181 105.953 45.0174603174603 0.0)
#(0 137395 181 105.968 38.0601307189542 0.0)
#(0 137806 181 105.968 43.6934523809524 0.0)
#(0 137812 181 105.968 41.7117647058824 0.0)
#(0 137813 181 105.968 40.4166666666667 0.0)
#(0 138171 181 105.968 40.6208592132505 0.0)
#(0 138172 181 105.968 37.2003968253968 0.0)
#(0 138173 181 105.968 44.9722222222222 0.0)
#(0 138175 181 105.968 43.9494485294118 0.0)
#(0 138176 181 105.968 39.0583333333333 0.0)
#(0 138177 181 105.968 39.1923076923077 0.0)
#(0 138178 181 105.968 47.7361111111111 0.0)
#(0 138179 181 105.968 41.7528132992327 0.0)
#(0 138506 181 105.968 42.3819444444445 0.0)
#(0 138514 181 105.968 39.5 0.0)
#(0 138516 181 105.968 41.2341183574879 0.0)
#(0 138520 181 105.968 41.724358974359 0.0)
#(0 138521 181 105.968 44.8446168840906 0.0)
#(0 138522 181 105.968 39.2654934437543 0.0)
#(0 138523 181 105.968 43.111915535445 0.0)
#(0 138524 181 105.968 42.5913627099585 0.0)
#(0 138525 181 105.968 41.2555555555556 0.0)
#(0 138526 181 105.968 41.9572760025063 0.0)
#(0 138527 181 105.968 44.4791666666667 0.0)
#(0 139423 181 105.968 40.9958592132505 0.0)
#(0 139424 181 105.968 40.9628571428571 0.0)
#(0 139425 181 105.968 43.0833333333333 0.0)
#(0 139426 181 105.968 42.5397869674185 0.0)
#(0 139427 181 105.968 41.5566603535354 0.0)
#(0 139428 181 105.968 45.1041666666667 0.0)
#(0 139430 181 105.968 38.2272727272727 0.0)
#(0 139431 181 105.968 40.646218487395 0.0)
#(0 139432 181 105.968 42.2912784679089 0.0)
#(0 139433 181 105.968 36.0224358974359 0.0)
#(0 123 182 105.968 43.7957516339869 0.0)
#(0 129 182 105.968 44.7013888888889 0.0)
#(0 133 182 105.968 34.3038150932888 0.0)
#(0 493 182 105.968 37.5185185185185 0.0)
#(0 495 182 105.968 41.2148448043185 0.0)
#(0 500 182 105.968 42.4777167277167 0.0)
#(0 871 182 105.968 39.8305555555556 0.0)
#(0 1247 182 105.968 41.6130952380952 0.0)
#(0 1261 182 105.968 40.4727095516569 0.0)
#(0 1268 182 105.968 41.4222222222222 0.0)
#(0 1558 182 105.968 41.5111111111111 0.0)
#(0 2148 182 105.968 40.2013888888889 0.0)
#(0 2149 182 105.968 39.0432098765432 0.0)
#(0 2153 182 105.968 41.6130952380952 0.0)
#(0 2155 182 105.968 70.0 0.0)
#(0 2156 182 105.968 43.7957516339869 0.0)
#(0 137391 182 105.968 40.1636904761905 0.0)
#(0 137397 182 105.968 40.5506349206349 0.0)
#(0 137398 182 105.968 43.7785185185185 0.0)
#(0 137399 182 105.984 41.4126344086022 0.0)
#(0 137401 182 105.984 38.2272727272727 0.0)
#(0 137402 182 105.984 47.315873015873 0.0)
#(0 137404 182 105.984 45.3541666666667 0.0)
#(0 137405 182 105.984 39.25 0.0)
#(0 137408 182 105.984 44.4329004329004 0.0)
#(0 137409 182 105.984 41.2555555555556 0.0)
#(0 137808 182 105.984 39.5666666666667 0.0)
#(0 137815 182 105.984 45.8106481481481 0.0)
#(0 137816 182 105.984 48.0 0.0)
#(0 137819 182 105.984 41.7324346405229 0.0)
#(0 137821 182 105.984 39.5 0.0)
#(0 137824 182 105.984 39.8740740740741 0.0)
#(0 137825 182 105.984 39.0583333333333 0.0)
#(0 138186 182 105.984 43.1555555555556 0.0)
#(0 138187 182 105.984 41.4126344086022 0.0)
#(0 138528 182 105.984 41.9948203842941 0.0)
#(0 138530 182 105.984 39.6707251082251 0.0)
#(0 138534 182 105.984 43.7615079365079 0.0)
#(0 138535 182 105.984 41.2435185185185 0.0)
#(0 138536 182 105.984 39.2654934437543 0.0)
#(0 138537 182 105.984 39.6571428571429 0.0)
#(0 138538 182 105.984 42.5397869674185 0.0)
#(0 138539 182 105.984 39.0555555555556 0.0)
#(0 139429 182 105.984 41.5083333333333 0.0)
#(0 139434 182 105.984 40.7901234567901 0.0)
#(0 139435 182 105.984 38.2887631975867 0.0)
#(0 139436 182 105.984 39.61 0.0)
#(0 139437 182 105.984 41.4361111111111 0.0)
#(0 139439 182 105.984 45.2222222222222 0.0)
#(0 139440 182 105.984 42.3819444444445 0.0)
#(0 140 183 105.984 41.6141025641026 0.0)
#(0 141 183 105.984 38.4277777777778 0.0)
#(0 488 183 105.984 41.4222222222222 0.0)
#(0 503 183 105.984 41.3029988765016 0.0)
#(0 504 183 105.984 41.2079831932773 0.0)
#(0 510 183 105.984 41.8998015873016 0.0)
#(0 883 183 105.984 36.8849206349206 0.0)
#(0 884 183 105.984 37.709375 0.0)
#(0 895 183 105.984 46.2111111111111 0.0)
#(0 1262 183 105.984 37.9551630434783 0.0)
#(0 1269 183 105.984 41.8694444444444 0.0)
#(0 1274 183 105.984 40.5168560606061 0.0)
#(0 1278 183 105.984 39.8417293233083 0.0)
#(0 1571 183 105.984 40.2738095238095 0.0)
#(0 2161 183 106.0 41.8998015873016 0.0)
#(0 2166 183 106.0 38.7858345358345 0.0)
#(0 137411 183 106.0 40.3829365079365 0.0)
#(0 137412 183 106.0 39.8740740740741 0.0)
#(0 137413 183 106.0 43.7824074074074 0.0)
#(0 137414 183 106.0 41.8827651515152 0.0)
#(0 137416 183 106.0 44.2 0.0)
#(0 137420 183 106.0 41.7324346405229 0.0)
#(0 137828 183 106.0 42.3113506272074 0.0)
#(0 137830 183 106.0 42.3819444444445 0.0)
#(0 137836 183 106.0 38.7254901960784 0.0)
#(0 137837 183 106.0 38.0601307189542 0.0)
#(0 137838 183 106.0 41.7528132992327 0.0)
#(0 137839 183 106.0 45.3541666666667 0.0)
#(0 138191 183 106.0 41.4031385281385 0.0)
#(0 138193 183 106.0 44.4329004329004 0.0)
#(0 138196 183 106.0 40.8320512820513 0.0)
#(0 138204 183 106.0 39.8740740740741 0.0)
#(0 138205 183 106.0 39.6571428571429 0.0)
#(0 138541 183 106.0 35.4169719169719 0.0)
#(0 138544 183 106.0 45.6944444444445 0.0)
#(0 138545 183 106.0 39.0583333333333 0.0)
#(0 138546 183 106.0 38.4483065953654 0.0)
#(0 138547 183 106.0 41.1503086419753 0.0)
#(0 138549 183 106.0 40.1417654808959 0.0)
#(0 138550 183 106.0 41.2341183574879 0.0)
#(0 138552 183 106.0 45.7222222222222 0.0)
#(0 139438 183 106.0 36.0224358974359 0.0)
#(0 139441 183 106.0 42.0400641025641 0.0)
#(0 139442 183 106.0 41.9861111111111 0.0)
#(0 139443 183 106.0 39.2081196581197 0.0)
#(0 139444 183 106.0 41.0143939393939 0.0)
#(0 139445 183 106.0 41.4361111111111 0.0)
#(0 139446 183 106.0 39.0583333333333 0.0)
#(0 139447 183 106.0 43.0512820512821 0.0)
#(0 139448 183 106.0 43.111915535445 0.0)
#(0 139449 183 106.0 40.7004481792717 0.0)
#(0 144 184 106.0 41.84375 0.0)
#(0 145 184 106.0 39.6111111111111 0.0)
#(0 151 184 106.0 37.5231481481481 0.0)
#(0 154 184 106.0 -1 0.0)
#(0 155 184 106.0 41.3029988765016 0.0)
#(0 156 184 106.0 37.709375 0.0)
#(0 158 184 106.0 41.2079831932773 0.0)
#(0 498 184 106.0 41.4222222222222 0.0)
#(0 516 184 106.0 40.5202821869489 0.0)
#(0 518 184 106.0 41.2047212047212 0.0)
#(0 521 184 106.0 39.8305555555556 0.0)
#(0 897 184 106.0 41.2185185185185 0.0)
#(0 1280 184 106.0 41.2047212047212 0.0)
#(0 1281 184 106.0 39.1380952380952 0.0)
#(0 1287 184 106.0 37.7043650793651 0.0)
#(0 2168 184 106.015 46.2215909090909 0.0)
#(0 2171 184 106.015 43.0055555555556 0.0)
#(0 2172 184 106.015 40.2954545454545 0.0)
#(0 137421 184 106.015 41.9948203842941 0.0)
#(0 137425 184 106.015 41.724358974359 0.0)
#(0 137428 184 106.015 38.9712301587302 0.0)
#(0 137430 184 106.015 41.2265043948614 0.0)
#(0 137431 184 106.015 42.9153846153846 0.0)
#(0 137433 184 106.015 42.3113506272074 0.0)
#(0 137434 184 106.015 41.2785714285714 0.0)
#(0 137841 184 106.015 43.9494485294118 0.0)
#(0 137842 184 106.015 42.3819444444445 0.0)
#(0 137844 184 106.015 42.2912784679089 0.0)
#(0 137845 184 106.015 43.6613756613757 0.0)
#(0 137846 184 106.015 40.5506349206349 0.0)
#(0 137850 184 106.015 40.6208592132505 0.0)
#(0 137854 184 106.015 40.0360962566845 0.0)
#(0 138208 184 106.015 41.4031385281385 0.0)
#(0 138209 184 106.015 41.9572760025063 0.0)
#(0 138214 184 106.015 40.646218487395 0.0)
#(0 138215 184 106.015 46.8027777777778 0.0)
#(0 138218 184 106.015 44.8446168840906 0.0)
#(0 138543 184 106.015 39.8269980506823 0.0)
#(0 138554 184 106.015 40.478243978244 0.0)
#(0 138555 184 106.015 40.6208592132505 0.0)
#(0 138556 184 106.015 47.485119047619 0.0)
#(0 138557 184 106.015 39.0916666666667 0.0)
#(0 138559 184 106.015 41.1503086419753 0.0)
#(0 138861 184 106.015 45.0174603174603 0.0)
#(0 139450 184 106.015 41.4126344086022 0.0)
#(0 139451 184 106.015 38.2887631975867 0.0)
#(0 139452 184 106.015 39.8055555555556 0.0)
#(0 139453 184 106.015 38.9712301587302 0.0)
#(0 139454 184 106.015 43.7785185185185 0.0)
#(0 139455 184 106.015 44.8446168840906 0.0)
#(0 139458 184 106.015 41.7178571428571 0.0)
#(0 139459 184 106.015 45.3541666666667 0.0)
#(0 139460 184 106.015 39.0916666666667 0.0)
#(0 139461 184 106.015 51.6547619047619 0.0)
#(0 139462 184 106.031 64.0 0.0)
#(0 139463 184 106.031 41.2511574074074 0.0)
#(0 162 185 106.031 38.4277777777778 0.0)
#(0 168 185 106.031 43.6964285714286 0.0)
#(0 175 185 106.031 39.8305555555556 0.0)
#(0 525 185 106.031 39.0883838383838 0.0)
#(0 527 185 106.031 43.1645962732919 0.0)
#(0 531 185 106.031 41.3029988765016 0.0)
#(0 912 185 106.031 40.25 0.0)
#(0 915 185 106.031 41.6141025641026 0.0)
#(0 917 185 106.031 37.709375 0.0)
#(0 918 185 106.031 43.2559523809524 0.0)
#(0 1293 185 106.031 38.3269927536232 0.0)
#(0 1298 185 106.031 43.0055555555556 0.0)
#(0 2173 185 106.031 40.4727095516569 0.0)
#(0 2175 185 106.031 40.5361111111111 0.0)
#(0 2176 185 106.031 40.040293040293 0.0)
#(0 2177 185 106.031 41.2047212047212 0.0)
#(0 2179 185 106.031 41.5111111111111 0.0)
#(0 2180 185 106.031 41.8998015873016 0.0)
#(0 2183 185 106.031 43.7957516339869 0.0)
#(0 137439 185 106.031 38.4483065953654 0.0)
#(0 137440 185 106.031 49.5380952380952 0.0)
#(0 137441 185 106.031 41.724358974359 0.0)
#(0 137444 185 106.031 41.2341183574879 0.0)
#(0 137445 185 106.031 38.9712301587302 0.0)
#(0 137446 185 106.031 49.1818181818182 0.0)
#(0 137449 185 106.031 45.3666666666667 0.0)
#(0 137840 185 106.031 41.7528132992327 0.0)
#(0 137856 185 106.031 47.7361111111111 0.0)
#(0 137859 185 106.031 40.6208592132505 0.0)
#(0 137861 185 106.031 40.4166666666667 0.0)
#(0 137862 185 106.031 41.2555555555556 0.0)
#(0 137863 185 106.031 41.0017806267806 0.0)
#(0 137866 185 106.031 42.0944444444444 0.0)
#(0 138221 185 106.031 43.9494485294118 0.0)
#(0 138225 185 106.031 47.315873015873 0.0)
#(0 138551 185 106.031 41.4361111111111 0.0)
#(0 138560 185 106.031 44.6666666666667 0.0)
#(0 138562 185 106.031 38.2619047619048 0.0)
#(0 138563 185 106.031 40.1111111111111 0.0)
#(0 138564 185 106.031 39.5666666666667 0.0)
#(0 138565 185 106.031 41.4031385281385 0.0)
#(0 138566 185 106.031 39.2081196581197 0.0)
#(0 138567 185 106.031 40.3936868686869 0.0)
#(0 138568 185 106.031 41.2341183574879 0.0)
#(0 138569 185 106.031 42.3113506272074 0.0)
#(0 138570 185 106.031 38.7 0.0)
#(0 139456 185 106.031 44.8446168840906 0.0)
#(0 139457 185 106.031 41.4361111111111 0.0)
#(0 139464 185 106.031 34.0845588235294 0.0)
#(0 139465 185 106.031 43.0512820512821 0.0)
#(0 139466 185 106.047 36.0187830687831 0.0)
#(0 139467 185 106.047 41.2555555555556 0.0)
#(0 139468 185 106.047 41.5566603535354 0.0)
#(0 139469 185 106.047 42.3317089018843 0.0)
#(0 139470 185 106.047 39.2805555555556 0.0)
#(0 139471 185 106.047 41.0922619047619 0.0)
#(0 139472 185 106.047 40.8166666666667 0.0)
#(0 139473 185 106.047 41.1550671550672 0.0)
#(0 139474 185 106.047 39.8740740740741 0.0)
#(0 515 186 106.047 41.4222222222222 0.0)
#(0 537 186 106.047 46.2111111111111 0.0)
#(0 923 186 106.047 42.4777167277167 0.0)
#(0 926 186 106.047 37.5231481481481 0.0)
#(0 1299 186 106.047 43.1645962732919 0.0)
#(0 1300 186 106.047 43.7957516339869 0.0)
#(0 1302 186 106.047 36.2724411603722 0.0)
#(0 1306 186 106.047 41.4222222222222 0.0)
#(0 2188 186 106.047 37.5231481481481 0.0)
#(0 2189 186 106.047 40.5168560606061 0.0)
#(0 2190 186 106.047 68.5 0.0)
#(0 137437 186 106.047 49.5380952380952 0.0)
#(0 137454 186 106.047 39.8055555555556 0.0)
#(0 137455 186 106.047 41.5566603535354 0.0)
#(0 137457 186 106.047 43.0594708994709 0.0)
#(0 137459 186 106.047 40.646218487395 0.0)
#(0 137855 186 106.047 40.9958592132505 0.0)
#(0 137857 186 106.047 41.2265043948614 0.0)
#(0 137867 186 106.047 41.682326007326 0.0)
#(0 137868 186 106.047 41.0549719887955 0.0)
#(0 137870 186 106.047 39.0555555555556 0.0)
#(0 137872 186 106.047 35.1041666666667 0.0)
#(0 137873 186 106.047 40.646218487395 0.0)
#(0 137876 186 106.047 39.8055555555556 0.0)
#(0 137877 186 106.047 40.8465608465608 0.0)
#(0 137879 186 106.047 43.111915535445 0.0)
#(0 137880 186 106.047 40.1636904761905 0.0)
#(0 137881 186 106.047 43.6613756613757 0.0)
#(0 137883 186 106.047 42.7 0.0)
#(0 137884 186 106.047 42.3317089018843 0.0)
#(0 137886 186 106.047 41.8827651515152 0.0)
#(0 138226 186 106.047 38.7254901960784 0.0)
#(0 138233 186 106.047 41.1503086419753 0.0)
#(0 138238 186 106.047 35.1041666666667 0.0)
#(0 138241 186 106.047 39.0916666666667 0.0)
#(0 138573 186 106.047 42.5397869674185 0.0)
#(0 138575 186 106.047 47.485119047619 0.0)
#(0 138576 186 106.047 37.2003968253968 0.0)
#(0 138885 186 106.047 41.1550671550672 0.0)
#(0 138887 186 106.047 40.7901234567901 0.0)
#(0 139475 186 106.047 41.5566603535354 0.0)
#(0 139476 186 106.047 37.2916666666667 0.0)
#(0 139477 186 106.062 40.5506349206349 0.0)
#(0 139478 186 106.062 41.724358974359 0.0)
#(0 139479 186 106.062 42.5913627099585 0.0)
#(0 139480 186 106.062 41.1503086419753 0.0)
#(0 139481 186 106.062 35.1041666666667 0.0)
#(0 178 187 106.062 39.0883838383838 0.0)
#(0 534 187 106.062 36.2724411603722 0.0)
#(0 542 187 106.062 37.7043650793651 0.0)
#(0 543 187 106.062 39.1380952380952 0.0)
#(0 548 187 106.062 39.8305555555556 0.0)
#(0 553 187 106.062 40.5168560606061 0.0)
#(0 927 187 106.062 43.2559523809524 0.0)
#(0 943 187 106.062 40.4727095516569 0.0)
#(0 945 187 106.062 36.9333333333333 0.0)
#(0 952 187 106.062 44.1578431372549 0.0)
#(0 954 187 106.062 40.6840909090909 0.0)
#(0 1313 187 106.062 41.3029988765016 0.0)
#(0 1314 187 106.062 39.0883838383838 0.0)
#(0 1315 187 106.062 34.3038150932888 0.0)
#(0 1316 187 106.062 39.8305555555556 0.0)
#(0 1318 187 106.062 43.6964285714286 0.0)
#(0 1322 187 106.062 40.040293040293 0.0)
#(0 1604 187 106.062 40.2013888888889 0.0)
#(0 2192 187 106.062 37.5185185185185 0.0)
#(0 2195 187 106.062 41.3029988765016 0.0)
#(0 2196 187 106.062 41.4222222222222 0.0)
#(0 2199 187 106.062 39.8417293233083 0.0)
#(0 2200 187 106.062 41.6130952380952 0.0)
#(0 137470 187 106.062 41.9948203842941 0.0)
#(0 137888 187 106.062 41.1503086419753 0.0)
#(0 137889 187 106.062 47.315873015873 0.0)
#(0 137890 187 106.062 39.5666666666667 0.0)
#(0 137891 187 106.062 41.2555555555556 0.0)
#(0 137892 187 106.062 41.1875 0.0)
#(0 137893 187 106.062 42.3113506272074 0.0)
#(0 137894 187 106.062 44.4791666666667 0.0)
#(0 137895 187 106.062 38.9712301587302 0.0)
#(0 138245 187 106.062 41.1875 0.0)
#(0 138254 187 106.062 41.0017806267806 0.0)
#(0 138572 187 106.062 39.2081196581197 0.0)
#(0 138574 187 106.062 38.7 0.0)
#(0 138577 187 106.062 41.4126344086022 0.0)
#(0 138578 187 106.062 41.2511574074074 0.0)
#(0 138580 187 106.062 39.5555555555556 0.0)
#(0 138581 187 106.062 41.9948203842941 0.0)
#(0 138582 187 106.062 41.724358974359 0.0)
#(0 138583 187 106.062 39.61 0.0)
#(0 138584 187 106.062 40.646218487395 0.0)
#(0 138585 187 106.062 39.7083333333333 0.0)
#(0 138586 187 106.062 40.7901234567901 0.0)
#(0 138588 187 106.062 40.478243978244 0.0)
#(0 138899 187 106.062 41.0017806267806 0.0)
#(0 139482 187 106.078 44.8019005847953 0.0)
#(0 139483 187 106.078 41.7117647058824 0.0)
#(0 139484 187 106.078 38.4483065953654 0.0)
#(0 139486 187 106.078 41.4361111111111 0.0)
#(0 139487 187 106.078 39.1923076923077 0.0)
#(0 139488 187 106.078 44.4444444444444 0.0)
#(0 139489 187 106.078 39.6571428571429 0.0)
#(0 139490 187 106.078 38.0601307189542 0.0)
#(0 139492 187 106.078 38.4166666666667 0.0)
#(0 180 188 106.078 39.0432098765432 0.0)
#(0 186 188 106.078 39.0883838383838 0.0)
#(0 207 188 106.078 43.7809523809524 0.0)
#(0 210 188 106.078 37.7043650793651 0.0)
#(0 211 188 106.078 40.5202821869489 0.0)
#(0 547 188 106.078 39.1380952380952 0.0)
#(0 555 188 106.078 39.3602693602694 0.0)
#(0 559 188 106.078 37.9551630434783 0.0)
#(0 958 188 106.078 34.1296296296296 0.0)
#(0 966 188 106.078 41.2079831932773 0.0)
#(0 1324 188 106.078 36.8849206349206 0.0)
#(0 1326 188 106.078 38.7858345358345 0.0)
#(0 1327 188 106.078 40.4727095516569 0.0)
#(0 1329 188 106.078 38.3269927536232 0.0)
#(0 1330 188 106.078 39.8417293233083 0.0)
#(0 2203 188 106.078 36.9333333333333 0.0)
#(0 2204 188 106.078 40.2013888888889 0.0)
#(0 2207 188 106.078 39.8305555555556 0.0)
#(0 137474 188 106.078 37.2916666666667 0.0)
#(0 137476 188 106.078 43.6934523809524 0.0)
#(0 137477 188 106.078 39.8269980506823 0.0)
#(0 137480 188 106.078 40.1111111111111 0.0)
#(0 137482 188 106.078 46.8027777777778 0.0)
#(0 137485 188 106.078 41.8827651515152 0.0)
#(0 137486 188 106.078 43.6934523809524 0.0)
#(0 137488 188 106.078 39.0555555555556 0.0)
#(0 137875 188 106.078 40.1417654808959 0.0)
#(0 137896 188 106.078 40.0974967061924 0.0)
#(0 137899 188 106.078 40.3936868686869 0.0)
#(0 137900 188 106.078 37.2003968253968 0.0)
#(0 137908 188 106.078 -1 0.0)
#(0 138261 188 106.078 42.0944444444444 0.0)
#(0 138262 188 106.078 41.4126344086022 0.0)
#(0 138264 188 106.078 38.2619047619048 0.0)
#(0 138265 188 106.078 41.7117647058824 0.0)
#(0 138591 188 106.078 40.3936868686869 0.0)
#(0 138592 188 106.078 41.2265043948614 0.0)
#(0 138593 188 106.078 41.2785714285714 0.0)
#(0 138595 188 106.078 42.2912784679089 0.0)
#(0 138596 188 106.078 41.4361111111111 0.0)
#(0 138597 188 106.078 41.4126344086022 0.0)
#(0 138598 188 106.078 59.5 0.0)
#(0 138599 188 106.078 43.111915535445 0.0)
#(0 138600 188 106.078 38.2272727272727 0.0)
#(0 138601 188 106.078 45.6944444444445 0.0)
#(0 138602 188 106.078 39.8269980506823 0.0)
#(0 138905 188 106.093 38.0601307189542 0.0)
#(0 138907 188 106.093 42.3819444444445 0.0)
#(0 139485 188 106.093 41.7117647058824 0.0)
#(0 139493 188 106.093 36.0224358974359 0.0)
#(0 139494 188 106.093 37.2003968253968 0.0)
#(0 139495 188 106.093 42.3113506272074 0.0)
#(0 139496 188 106.093 43.7615079365079 0.0)
#(0 139497 188 106.093 39.8269980506823 0.0)
#(0 139499 188 106.093 39.5666666666667 0.0)
#(0 139500 188 106.093 36.125 0.0)
#(0 139501 188 106.093 41.0922619047619 0.0)
#(0 212 189 106.093 43.7809523809524 0.0)
#(0 215 189 106.093 44.7013888888889 0.0)
#(0 221 189 106.093 38.7858345358345 0.0)
#(0 569 189 106.093 41.2047212047212 0.0)
#(0 573 189 106.093 41.2148448043185 0.0)
#(0 576 189 106.093 37.7043650793651 0.0)
#(0 577 189 106.093 40.6991452991453 0.0)
#(0 979 189 106.093 39.1380952380952 0.0)
#(0 981 189 106.093 44.1578431372549 0.0)
#(0 984 189 106.093 40.4727095516569 0.0)
#(0 1328 189 106.093 41.3029988765016 0.0)
#(0 1334 189 106.093 41.2047212047212 0.0)
#(0 1335 189 106.093 44.1578431372549 0.0)
#(0 1336 189 106.093 40.5168560606061 0.0)
#(0 1337 189 106.093 43.2559523809524 0.0)
#(0 1338 189 106.093 46.3611111111111 0.0)
#(0 2208 189 106.093 41.8694444444444 0.0)
#(0 2209 189 106.093 37.5231481481481 0.0)
#(0 2211 189 106.093 49.1875 0.0)
#(0 2212 189 106.093 34.4055555555556 0.0)
#(0 2213 189 106.093 37.5185185185185 0.0)
#(0 2216 189 106.093 39.5 0.0)
#(0 137467 189 106.093 42.9153846153846 0.0)
#(0 137481 189 106.093 41.4361111111111 0.0)
#(0 137491 189 106.093 40.8465608465608 0.0)
#(0 137492 189 106.093 41.7324346405229 0.0)
#(0 137494 189 106.093 40.4166666666667 0.0)
#(0 137497 189 106.093 45.6944444444445 0.0)
#(0 137498 189 106.093 35.4169719169719 0.0)
#(0 137500 189 106.093 37.2003968253968 0.0)
#(0 137501 189 106.093 43.4166666666667 0.0)
#(0 137503 189 106.093 43.0594708994709 0.0)
#(0 137909 189 106.093 39.8055555555556 0.0)
#(0 137913 189 106.093 41.4126344086022 0.0)
#(0 137915 189 106.093 40.8320512820513 0.0)
#(0 137916 189 106.093 44.6666666666667 0.0)
#(0 137917 189 106.093 40.1111111111111 0.0)
#(0 137918 189 106.093 41.8827651515152 0.0)
#(0 137919 189 106.093 44.8019005847953 0.0)
#(0 137920 189 106.093 35.1041666666667 0.0)
#(0 138269 189 106.093 43.7615079365079 0.0)
#(0 138270 189 106.109 44.8295454545455 0.0)
#(0 138276 189 106.109 47.45 0.0)
#(0 138278 189 106.109 39.0555555555556 0.0)
#(0 138279 189 106.109 49.1818181818182 0.0)
#(0 138587 189 106.109 40.7901234567901 0.0)
#(0 138589 189 106.109 40.478243978244 0.0)
#(0 138603 189 106.109 38.1199102829538 0.0)
#(0 138604 189 106.109 40.5506349206349 0.0)
#(0 138606 189 106.109 43.8222222222222 0.0)
#(0 138607 189 106.109 39.9989417989418 0.0)
#(0 138609 189 106.109 42.3317089018843 0.0)
#(0 138611 189 106.109 43.7655303030303 0.0)
#(0 138915 189 106.109 37.4931623931624 0.0)
#(0 139491 189 106.109 39.6571428571429 0.0)
#(0 139498 189 106.109 42.3113506272074 0.0)
#(0 139503 189 106.109 40.8166666666667 0.0)
#(0 139504 189 106.109 41.2435185185185 0.0)
#(0 139505 189 106.109 38.2272727272727 0.0)
#(0 139506 189 106.109 38.2887631975867 0.0)
#(0 139507 189 106.109 38.1199102829538 0.0)
#(0 139508 189 106.109 44.8019005847953 0.0)
#(0 139510 189 106.109 45.0174603174603 0.0)
#(0 139511 189 106.109 37.4931623931624 0.0)
#(0 139512 189 106.109 40.4166666666667 0.0)
#(0 139513 189 106.109 39.0666666666667 0.0)
#(0 139514 189 106.109 41.7324346405229 0.0)
#(0 224 190 106.109 43.6964285714286 0.0)
#(0 233 190 106.109 43.7809523809524 0.0)
#(0 560 190 106.109 37.9551630434783 0.0)
#(0 571 190 106.109 39.1380952380952 0.0)
#(0 584 190 106.109 36.2724411603722 0.0)
#(0 591 190 106.109 34.4055555555556 0.0)
#(0 983 190 106.109 40.5202821869489 0.0)
#(0 1339 190 106.109 44.1578431372549 0.0)
#(0 1341 190 106.109 41.2079831932773 0.0)
#(0 1342 190 106.109 39.0432098765432 0.0)
#(0 1345 190 106.109 39.0833333333333 0.0)
#(0 1348 190 106.109 41.2148448043185 0.0)
#(0 2210 190 106.109 39.8305555555556 0.0)
#(0 2217 190 106.109 37.5 0.0)
#(0 2218 190 106.109 42.5952380952381 0.0)
#(0 2222 190 106.125 41.2148448043185 0.0)
#(0 2227 190 106.125 43.6964285714286 0.0)
#(0 2228 190 106.125 36.2724411603722 0.0)
#(0 2229 190 106.125 41.4222222222222 0.0)
#(0 137507 190 106.125 45.9166666666667 0.0)
#(0 137508 190 106.125 41.9909722222222 0.0)
#(0 137509 190 106.125 40.8320512820513 0.0)
#(0 137510 190 106.125 40.7004481792717 0.0)
#(0 137511 190 106.125 41.1875 0.0)
#(0 137512 190 106.125 43.7824074074074 0.0)
#(0 137513 190 106.125 45.6944444444445 0.0)
#(0 137926 190 106.125 35.1574074074074 0.0)
#(0 137928 190 106.125 38.9712301587302 0.0)
#(0 137929 190 106.125 41.8827651515152 0.0)
#(0 137930 190 106.125 38.2272727272727 0.0)
#(0 137931 190 106.125 41.1550671550672 0.0)
#(0 137932 190 106.125 40.0974967061924 0.0)
#(0 137935 190 106.125 39.6707251082251 0.0)
#(0 137936 190 106.125 40.9628571428571 0.0)
#(0 138286 190 106.125 43.7785185185185 0.0)
#(0 138288 190 106.125 41.2435185185185 0.0)
#(0 138612 190 106.125 40.4166666666667 0.0)
#(0 138613 190 106.125 40.1417654808959 0.0)
#(0 138614 190 106.125 40.3829365079365 0.0)
#(0 138615 190 106.125 45.6944444444445 0.0)
#(0 138616 190 106.125 40.7004481792717 0.0)
#(0 138617 190 106.125 41.2341183574879 0.0)
#(0 138620 190 106.125 40.8320512820513 0.0)
#(0 138621 190 106.125 39.8269980506823 0.0)
#(0 138623 190 106.125 39.6571428571429 0.0)
#(0 138624 190 106.125 41.7117647058824 0.0)
#(0 138625 190 106.125 41.1503086419753 0.0)
#(0 138928 190 106.125 41.7528132992327 0.0)
#(0 138930 190 106.125 42.3819444444445 0.0)
#(0 139502 190 106.125 39.6571428571429 0.0)
#(0 139509 190 106.125 38.2272727272727 0.0)
#(0 139515 190 106.125 40.646218487395 0.0)
#(0 139516 190 106.125 41.9572760025063 0.0)
#(0 139518 190 106.125 43.6613756613757 0.0)
#(0 139519 190 106.125 41.4361111111111 0.0)
#(0 139520 190 106.125 39.61 0.0)
#(0 139521 190 106.125 39.8269980506823 0.0)
#(0 139522 190 106.125 44.8446168840906 0.0)
#(0 139523 190 106.125 44.8019005847953 0.0)
#(0 235 191 106.125 41.2047212047212 0.0)
#(0 238 191 106.125 37.5185185185185 0.0)
#(0 240 191 106.125 41.4222222222222 0.0)
#(0 244 191 106.125 43.1645962732919 0.0)
#(0 245 191 106.125 40.5361111111111 0.0)
#(0 251 191 106.125 36.9333333333333 0.0)
#(0 252 191 106.125 34.3038150932888 0.0)
#(0 600 191 106.14 41.8694444444444 0.0)
#(0 601 191 106.14 37.9551630434783 0.0)
#(0 602 191 106.14 39.0833333333333 0.0)
#(0 603 191 106.14 38.3269927536232 0.0)
#(0 1014 191 106.14 37.709375 0.0)
#(0 1015 191 106.14 40.2013888888889 0.0)
#(0 1344 191 106.14 40.6991452991453 0.0)
#(0 1350 191 106.14 39.0883838383838 0.0)
#(0 1351 191 106.14 40.2013888888889 0.0)
#(0 1352 191 106.14 34.4055555555556 0.0)
#(0 1353 191 106.14 41.6130952380952 0.0)
#(0 1354 191 106.14 41.6141025641026 0.0)
#(0 1357 191 106.14 38.4277777777778 0.0)
#(0 1358 191 106.14 40.5168560606061 0.0)
#(0 1659 191 106.14 37.5638888888889 0.0)
#(0 2231 191 106.14 42.7777777777778 0.0)
#(0 2236 191 106.14 43.7809523809524 0.0)
#(0 137506 191 106.14 40.9958592132505 0.0)
#(0 137515 191 106.14 41.0017806267806 0.0)
#(0 137517 191 106.14 41.2785714285714 0.0)
#(0 137521 191 106.14 47.315873015873 0.0)
#(0 137937 191 106.14 41.2511574074074 0.0)
#(0 137938 191 106.14 39.5666666666667 0.0)
#(0 137940 191 106.14 38.9712301587302 0.0)
#(0 138618 191 106.14 40.1417654808959 0.0)
#(0 138626 191 106.14 39.0555555555556 0.0)
#(0 138627 191 106.14 44.8446168840906 0.0)
#(0 138629 191 106.14 42.3113506272074 0.0)
#(0 138631 191 106.14 43.6613756613757 0.0)
#(0 138632 191 106.14 41.2555555555556 0.0)
#(0 138633 191 106.14 41.9909722222222 0.0)
#(0 138634 191 106.14 41.5566603535354 0.0)
#(0 138635 191 106.14 38.9712301587302 0.0)
#(0 138636 191 106.14 44.8295454545455 0.0)
#(0 138637 191 106.14 40.0974967061924 0.0)
#(0 138639 191 106.14 39.9989417989418 0.0)
#(0 138934 191 106.14 38.0911680911681 0.0)
#(0 138942 191 106.14 38.2887631975867 0.0)
#(0 138944 191 106.14 41.1550671550672 0.0)
#(0 139517 191 106.14 41.9572760025063 0.0)
#(0 139524 191 106.14 40.3829365079365 0.0)
#(0 139526 191 106.14 40.4166666666667 0.0)
#(0 139527 191 106.14 42.3113506272074 0.0)
#(0 139528 191 106.14 42.2912784679089 0.0)
#(0 139529 191 106.14 40.8465608465608 0.0)
#(0 139530 191 106.14 44.4444444444444 0.0)
#(0 139531 191 106.14 39.0555555555556 0.0)
#(0 139532 191 106.14 43.0833333333333 0.0)
#(0 236 192 106.14 43.7809523809524 0.0)
#(0 255 192 106.14 39.0833333333333 0.0)
#(0 261 192 106.14 38.3269927536232 0.0)
#(0 263 192 106.14 40.0891529025403 0.0)
#(0 604 192 106.14 43.6964285714286 0.0)
#(0 606 192 106.156 43.7809523809524 0.0)
#(0 1026 192 106.156 34.3038150932888 0.0)
#(0 1027 192 106.156 39.1380952380952 0.0)
#(0 1364 192 106.156 36.9333333333333 0.0)
#(0 1365 192 106.156 40.6991452991453 0.0)
#(0 1366 192 106.156 43.1645962732919 0.0)
#(0 1368 192 106.156 38.3269927536232 0.0)
#(0 1369 192 106.156 40.2954545454545 0.0)
#(0 2238 192 106.156 41.8694444444444 0.0)
#(0 2239 192 106.156 40.4727095516569 0.0)
#(0 2242 192 106.156 41.2047212047212 0.0)
#(0 2243 192 106.156 40.5361111111111 0.0)
#(0 2247 192 106.156 36.2724411603722 0.0)
#(0 2248 192 106.156 36.8849206349206 0.0)
#(0 137526 192 106.156 40.4166666666667 0.0)
#(0 137529 192 106.156 40.3829365079365 0.0)
#(0 137531 192 106.156 36.0224358974359 0.0)
#(0 137532 192 106.156 43.0512820512821 0.0)
#(0 137536 192 106.156 41.5566603535354 0.0)
#(0 137537 192 106.156 38.2619047619048 0.0)
#(0 137538 192 106.156 38.875 0.0)
#(0 137941 192 106.156 35.4169719169719 0.0)
#(0 137947 192 106.156 41.0172222222222 0.0)
#(0 137949 192 106.156 39.5 0.0)
#(0 137952 192 106.156 44.4329004329004 0.0)
#(0 137954 192 106.156 45.8106481481481 0.0)
#(0 137955 192 106.156 46.25 0.0)
#(0 137957 192 106.156 38.0911680911681 0.0)
#(0 137959 192 106.156 44.4791666666667 0.0)
#(0 138298 192 106.156 40.1636904761905 0.0)
#(0 138301 192 106.156 41.0549719887955 0.0)
#(0 138640 192 106.156 42.9153846153846 0.0)
#(0 138642 192 106.156 44.8446168840906 0.0)
#(0 138643 192 106.156 37.2916666666667 0.0)
#(0 138646 192 106.156 40.0360962566845 0.0)
#(0 138647 192 106.156 41.7324346405229 0.0)
#(0 138946 192 106.156 42.3113506272074 0.0)
#(0 138949 192 106.156 41.7324346405229 0.0)
#(0 138955 192 106.156 43.6934523809524 0.0)
#(0 139525 192 106.156 39.8269980506823 0.0)
#(0 139533 192 106.156 41.4361111111111 0.0)
#(0 139534 192 106.156 40.478243978244 0.0)
#(0 139535 192 106.156 39.0916666666667 0.0)
#(0 139536 192 106.156 44.8446168840906 0.0)
#(0 139537 192 106.156 45.2222222222222 0.0)
#(0 139538 192 106.156 45.3541666666667 0.0)
#(0 265 193 106.156 39.0432098765432 0.0)
#(0 272 193 106.156 49.8333333333333 0.0)
#(0 592 193 106.156 39.1380952380952 0.0)
#(0 617 193 106.156 43.6964285714286 0.0)
#(0 622 193 106.156 36.2724411603722 0.0)
#(0 624 193 106.172 40.1203703703704 0.0)
#(0 625 193 106.172 41.6130952380952 0.0)
#(0 1038 193 106.172 36.2724411603722 0.0)
#(0 1359 193 106.172 40.5168560606061 0.0)
#(0 1374 193 106.172 40.2954545454545 0.0)
#(0 1375 193 106.172 41.6130952380952 0.0)
#(0 1376 193 106.172 37.5185185185185 0.0)
#(0 1377 193 106.172 39.5 0.0)
#(0 2246 193 106.172 43.7809523809524 0.0)
#(0 2252 193 106.172 41.8694444444444 0.0)
#(0 137542 193 106.172 56.75 0.0)
#(0 137545 193 106.172 41.7324346405229 0.0)
#(0 137546 193 106.172 46.8027777777778 0.0)
#(0 137547 193 106.172 40.3829365079365 0.0)
#(0 137548 193 106.172 43.7785185185185 0.0)
#(0 137553 193 106.172 48.0 0.0)
#(0 137951 193 106.172 39.5 0.0)
#(0 137961 193 106.172 38.2272727272727 0.0)
#(0 137963 193 106.172 39.8740740740741 0.0)
#(0 137964 193 106.172 43.8222222222222 0.0)
#(0 137965 193 106.172 40.646218487395 0.0)
#(0 137966 193 106.172 39.8269980506823 0.0)
#(0 137968 193 106.172 55.0 0.0)
#(0 137969 193 106.172 40.1417654808959 0.0)
#(0 137971 193 106.172 38.0601307189542 0.0)
#(0 138310 193 106.172 41.5083333333333 0.0)
#(0 138648 193 106.187 40.5506349206349 0.0)
#(0 138649 193 106.187 40.478243978244 0.0)
#(0 138650 193 106.187 35.4169719169719 0.0)
#(0 138651 193 106.187 39.5666666666667 0.0)
#(0 138652 193 106.187 38.9712301587302 0.0)
#(0 138653 193 106.187 44.0 0.0)
#(0 138963 193 106.187 41.7528132992327 0.0)
#(0 138965 193 106.187 46.8027777777778 0.0)
#(0 139539 193 106.187 39.6707251082251 0.0)
#(0 139540 193 106.187 40.1417654808959 0.0)
#(0 139541 193 106.187 55.0 0.0)
#(0 139542 193 106.187 45.2727272727273 0.0)
#(0 139543 193 106.187 41.4031385281385 0.0)
#(0 139544 193 106.187 39.1507936507937 0.0)
#(0 139545 193 106.187 43.0512820512821 0.0)
#(0 139547 193 106.187 38.0601307189542 0.0)
#(0 278 194 106.187 37.709375 0.0)
#(0 279 194 106.187 40.6840909090909 0.0)
#(0 284 194 106.187 38.7858345358345 0.0)
#(0 628 194 106.187 37.9551630434783 0.0)
#(0 631 194 106.187 40.040293040293 0.0)
#(0 635 194 106.187 40.5168560606061 0.0)
#(0 1044 194 106.187 39.0833333333333 0.0)
#(0 1387 194 106.187 43.7809523809524 0.0)
#(0 1391 194 106.187 36.2724411603722 0.0)
#(0 1392 194 106.187 40.1203703703704 0.0)
#(0 1393 194 106.187 42.5952380952381 0.0)
#(0 2259 194 106.187 36.9333333333333 0.0)
#(0 2261 194 106.187 40.6991452991453 0.0)
#(0 2264 194 106.187 39.0883838383838 0.0)
#(0 2269 194 106.187 40.1142857142857 0.0)
#(0 2270 194 106.187 37.5185185185185 0.0)
#(0 137559 194 106.187 38.2272727272727 0.0)
#(0 137565 194 106.187 43.6934523809524 0.0)
#(0 137566 194 106.187 45.2727272727273 0.0)
#(0 137567 194 106.187 43.0594708994709 0.0)
#(0 137568 194 106.187 39.0583333333333 0.0)
#(0 137572 194 106.187 43.6613756613757 0.0)
#(0 137573 194 106.187 44.4444444444444 0.0)
#(0 137578 194 106.187 40.8166666666667 0.0)
#(0 137580 194 106.187 44.4791666666667 0.0)
#(0 137948 194 106.187 40.9958592132505 0.0)
#(0 137974 194 106.187 43.9494485294118 0.0)
#(0 137975 194 106.187 41.1875 0.0)
#(0 137976 194 106.187 41.4126344086022 0.0)
#(0 137978 194 106.187 43.6613756613757 0.0)
#(0 137979 194 106.187 38.875 0.0)
#(0 138318 194 106.187 44.8295454545455 0.0)
#(0 138322 194 106.187 39.2654934437543 0.0)
#(0 138654 194 106.187 41.1550671550672 0.0)
#(0 138656 194 106.203 40.7004481792717 0.0)
#(0 138657 194 106.203 42.3113506272074 0.0)
#(0 138658 194 106.203 43.7655303030303 0.0)
#(0 138659 194 106.203 41.9909722222222 0.0)
#(0 138660 194 106.203 44.8019005847953 0.0)
#(0 138661 194 106.203 40.646218487395 0.0)
#(0 138662 194 106.203 38.4166666666667 0.0)
#(0 138663 194 106.203 40.1111111111111 0.0)
#(0 138664 194 106.203 44.6666666666667 0.0)
#(0 138966 194 106.203 39.1923076923077 0.0)
#(0 139546 194 106.203 45.3541666666667 0.0)
#(0 139548 194 106.203 38.4583333333333 0.0)
#(0 139549 194 106.203 43.6613756613757 0.0)
#(0 139550 194 106.203 41.5083333333333 0.0)
#(0 139551 194 106.203 39.2081196581197 0.0)
#(0 139552 194 106.203 41.1550671550672 0.0)
#(0 139553 194 106.203 41.724358974359 0.0)
#(0 139554 194 106.203 40.4166666666667 0.0)
#(0 276 195 106.203 39.0432098765432 0.0)
#(0 286 195 106.203 40.4727095516569 0.0)
#(0 289 195 106.203 37.5231481481481 0.0)
#(0 290 195 106.203 37.9551630434783 0.0)
#(0 293 195 106.203 43.1645962732919 0.0)
#(0 633 195 106.203 40.1203703703704 0.0)
#(0 644 195 106.203 37.7043650793651 0.0)
#(0 645 195 106.203 43.7809523809524 0.0)
#(0 646 195 106.203 45.3095238095238 0.0)
#(0 647 195 106.203 37.2150793650794 0.0)
#(0 649 195 106.203 39.3602693602694 0.0)
#(0 650 195 106.203 44.7013888888889 0.0)
#(0 657 195 106.203 41.6141025641026 0.0)
#(0 1400 195 106.203 37.2150793650794 0.0)
#(0 1696 195 106.203 42.7777777777778 0.0)
#(0 2276 195 106.203 37.2150793650794 0.0)
#(0 2281 195 106.203 39.1380952380952 0.0)
#(0 137576 195 106.203 40.8166666666667 0.0)
#(0 137581 195 106.203 41.2435185185185 0.0)
#(0 137582 195 106.203 43.6613756613757 0.0)
#(0 137585 195 106.203 40.1636904761905 0.0)
#(0 137586 195 106.203 38.2887631975867 0.0)
#(0 137587 195 106.203 46.8027777777778 0.0)
#(0 137589 195 106.203 41.1875 0.0)
#(0 137591 195 106.218 42.7 0.0)
#(0 137592 195 106.218 41.9861111111111 0.0)
#(0 137594 195 106.218 38.7254901960784 0.0)
#(0 137981 195 106.218 41.9572760025063 0.0)
#(0 137982 195 106.218 39.5666666666667 0.0)
#(0 137984 195 106.218 39.8269980506823 0.0)
#(0 137987 195 106.218 43.0512820512821 0.0)
#(0 137988 195 106.218 41.8827651515152 0.0)
#(0 137989 195 106.218 40.8465608465608 0.0)
#(0 137990 195 106.218 41.682326007326 0.0)
#(0 137991 195 106.218 43.6934523809524 0.0)
#(0 137992 195 106.218 43.7655303030303 0.0)
#(0 138328 195 106.218 44.6666666666667 0.0)
#(0 138331 195 106.218 40.646218487395 0.0)
#(0 138339 195 106.218 41.9572760025063 0.0)
#(0 138668 195 106.218 39.2654934437543 0.0)
#(0 138669 195 106.218 40.0974967061924 0.0)
#(0 138987 195 106.218 44.4444444444444 0.0)
#(0 139555 195 106.218 40.0360962566845 0.0)
#(0 139556 195 106.218 41.2555555555556 0.0)
#(0 139557 195 106.218 41.4126344086022 0.0)
#(0 139558 195 106.218 40.1417654808959 0.0)
#(0 139559 195 106.218 39.1507936507937 0.0)
#(0 139560 195 106.218 44.8295454545455 0.0)
#(0 139561 195 106.218 41.2435185185185 0.0)
#(0 139562 195 106.218 37.4931623931624 0.0)
#(0 139563 195 106.218 42.0400641025641 0.0)
#(0 139564 195 106.218 37.45 0.0)
#(0 285 196 106.218 46.2111111111111 0.0)
#(0 305 196 106.218 41.4222222222222 0.0)
#(0 660 196 106.218 41.8694444444444 0.0)
#(0 667 196 106.218 41.4222222222222 0.0)
#(0 668 196 106.218 38.3269927536232 0.0)
#(0 671 196 106.218 38.4277777777778 0.0)
#(0 1066 196 106.218 39.1380952380952 0.0)
#(0 1406 196 106.218 42.6166666666667 0.0)
#(0 1407 196 106.218 42.5952380952381 0.0)
#(0 1412 196 106.218 41.2047212047212 0.0)
#(0 1415 196 106.218 37.5231481481481 0.0)
#(0 1702 196 106.218 40.6991452991453 0.0)
#(0 2278 196 106.218 39.0883838383838 0.0)
#(0 2284 196 106.218 41.3029988765016 0.0)
#(0 2285 196 106.218 40.2738095238095 0.0)
#(0 2287 196 106.218 43.1645962732919 0.0)
#(0 2288 196 106.218 43.4027777777778 0.0)
#(0 137597 196 106.218 40.8320512820513 0.0)
#(0 137598 196 106.218 38.7254901960784 0.0)
#(0 137599 196 106.218 40.1417654808959 0.0)
#(0 137600 196 106.234 42.5913627099585 0.0)
#(0 137602 196 106.234 39.8269980506823 0.0)
#(0 137604 196 106.234 42.2912784679089 0.0)
#(0 137605 196 106.234 45.3666666666667 0.0)
#(0 137994 196 106.234 40.4166666666667 0.0)
#(0 137997 196 106.234 41.0922619047619 0.0)
#(0 137998 196 106.234 40.8166666666667 0.0)
#(0 138001 196 106.234 41.9909722222222 0.0)
#(0 138003 196 106.234 43.3638888888889 0.0)
#(0 138342 196 106.234 38.0601307189542 0.0)
#(0 138348 196 106.234 44.4329004329004 0.0)
#(0 138349 196 106.234 43.9494485294118 0.0)
#(0 138350 196 106.234 44.8446168840906 0.0)
#(0 138672 196 106.234 44.8295454545455 0.0)
#(0 138673 196 106.234 45.6944444444445 0.0)
#(0 138675 196 106.234 39.5666666666667 0.0)
#(0 138676 196 106.234 40.1636904761905 0.0)
#(0 138678 196 106.234 41.682326007326 0.0)
#(0 138679 196 106.234 47.485119047619 0.0)
#(0 138997 196 106.234 39.6707251082251 0.0)
#(0 139565 196 106.234 42.3317089018843 0.0)
#(0 139566 196 106.234 41.9948203842941 0.0)
#(0 139567 196 106.234 40.1111111111111 0.0)
#(0 139568 196 106.234 39.5666666666667 0.0)
#(0 139569 196 106.234 42.5913627099585 0.0)
#(0 315 197 106.234 43.1645962732919 0.0)
#(0 322 197 106.234 40.5202821869489 0.0)
#(0 323 197 106.234 36.8849206349206 0.0)
#(0 327 197 106.234 38.4277777777778 0.0)
#(0 658 197 106.234 40.6991452991453 0.0)
#(0 675 197 106.234 36.9333333333333 0.0)
#(0 676 197 106.234 41.6722222222222 0.0)
#(0 679 197 106.234 37.2150793650794 0.0)
#(0 685 197 106.234 41.2079831932773 0.0)
#(0 1081 197 106.234 34.3038150932888 0.0)
#(0 1086 197 106.234 43.6964285714286 0.0)
#(0 1088 197 106.234 44.1578431372549 0.0)
#(0 1089 197 106.234 38.8240740740741 0.0)
#(0 1416 197 106.234 37.709375 0.0)
#(0 1423 197 106.234 41.2148448043185 0.0)
#(0 1424 197 106.234 40.1203703703704 0.0)
#(0 1425 197 106.234 39.0432098765432 0.0)
#(0 1428 197 106.234 37.7043650793651 0.0)
#(0 2289 197 106.234 41.2185185185185 0.0)
#(0 2290 197 106.234 41.6722222222222 0.0)
#(0 2291 197 106.234 39.0432098765432 0.0)
#(0 2292 197 106.234 41.6141025641026 0.0)
#(0 2293 197 106.234 40.040293040293 0.0)
#(0 2295 197 106.234 42.4777167277167 0.0)
#(0 2296 197 106.234 37.5231481481481 0.0)
#(0 137608 197 106.25 41.4126344086022 0.0)
#(0 137610 197 106.25 39.2654934437543 0.0)
#(0 137611 197 106.25 39.5666666666667 0.0)
#(0 137612 197 106.25 40.8320512820513 0.0)
#(0 137614 197 106.25 41.2435185185185 0.0)
#(0 137615 197 106.25 41.5566603535354 0.0)
#(0 138005 197 106.25 41.9909722222222 0.0)
#(0 138006 197 106.25 42.3113506272074 0.0)
#(0 138008 197 106.25 39.5666666666667 0.0)
#(0 138009 197 106.25 46.8027777777778 0.0)
#(0 138011 197 106.25 40.1636904761905 0.0)
#(0 138341 197 106.25 39.8055555555556 0.0)
#(0 138352 197 106.25 41.2555555555556 0.0)
#(0 138357 197 106.25 43.6934523809524 0.0)
#(0 138358 197 106.25 37.4931623931624 0.0)
#(0 138359 197 106.25 40.646218487395 0.0)
#(0 138365 197 106.25 38.2619047619048 0.0)
#(0 138367 197 106.25 47.7361111111111 0.0)
#(0 138368 197 106.25 49.5380952380952 0.0)
#(0 138680 197 106.25 41.7528132992327 0.0)
#(0 138681 197 106.25 39.2081196581197 0.0)
#(0 138683 197 106.25 44.8019005847953 0.0)
#(0 138686 197 106.25 45.3541666666667 0.0)
#(0 138687 197 106.25 45.3666666666667 0.0)
#(0 139000 197 106.25 39.61 0.0)
#(0 139570 197 106.25 40.8465608465608 0.0)
#(0 139571 197 106.25 46.8027777777778 0.0)
#(0 139572 197 106.25 42.5913627099585 0.0)
#(0 139573 197 106.25 43.111915535445 0.0)
#(0 139574 197 106.25 42.9225589225589 0.0)
#(0 139575 197 106.25 40.6208592132505 0.0)
#(0 139576 197 106.25 39.5666666666667 0.0)
#(0 139577 197 106.25 39.8269980506823 0.0)
#(0 139578 197 106.25 49.5380952380952 0.0)
#(0 330 198 106.25 39.1380952380952 0.0)
#(0 332 198 106.25 36.9333333333333 0.0)
#(0 692 198 106.25 46.2215909090909 0.0)
#(0 1435 198 106.25 43.1645962732919 0.0)
#(0 1724 198 106.25 40.6991452991453 0.0)
#(0 2297 198 106.25 41.2185185185185 0.0)
#(0 2301 198 106.25 39.0833333333333 0.0)
#(0 137622 198 106.25 42.3819444444445 0.0)
#(0 137624 198 106.25 42.0400641025641 0.0)
#(0 137625 198 106.25 39.2081196581197 0.0)
#(0 137628 198 106.25 41.1875 0.0)
#(0 138013 198 106.25 46.8027777777778 0.0)
#(0 138016 198 106.25 41.2341183574879 0.0)
#(0 138017 198 106.25 39.8740740740741 0.0)
#(0 138018 198 106.25 40.1417654808959 0.0)
#(0 138021 198 106.25 41.5566603535354 0.0)
#(0 138022 198 106.25 38.0601307189542 0.0)
#(0 138024 198 106.265 38.2272727272727 0.0)
#(0 138025 198 106.265 39.5 0.0)
#(0 138026 198 106.265 41.0549719887955 0.0)
#(0 138027 198 106.265 41.1875 0.0)
#(0 138028 198 106.265 43.111915535445 0.0)
#(0 138029 198 106.265 45.7222222222222 0.0)
#(0 138369 198 106.265 40.1636904761905 0.0)
#(0 138370 198 106.265 41.9861111111111 0.0)
#(0 138371 198 106.265 38.2272727272727 0.0)
#(0 138372 198 106.265 41.0922619047619 0.0)
#(0 138374 198 106.265 40.1111111111111 0.0)
#(0 138377 198 106.265 35.4169719169719 0.0)
#(0 138682 198 106.265 39.5666666666667 0.0)
#(0 138688 198 106.265 43.9494485294118 0.0)
#(0 138689 198 106.265 41.75 0.0)
#(0 138690 198 106.265 43.3638888888889 0.0)
#(0 138692 198 106.265 39.0916666666667 0.0)
#(0 138694 198 106.265 39.5 0.0)
#(0 138695 198 106.265 41.9572760025063 0.0)
#(0 139009 198 106.265 39.61 0.0)
#(0 139011 198 106.265 43.9494485294118 0.0)
#(0 139017 198 106.265 41.4126344086022 0.0)
#(0 139579 198 106.265 36.0187830687831 0.0)
#(0 139580 198 106.265 31.0 0.0)
#(0 139581 198 106.265 43.6613756613757 0.0)
#(0 139582 198 106.265 41.9572760025063 0.0)
#(0 139583 198 106.265 40.7901234567901 0.0)
#(0 139584 198 106.265 44.8019005847953 0.0)
#(0 139585 198 106.265 41.75 0.0)
#(0 139586 198 106.265 41.4361111111111 0.0)
#(0 334 199 106.265 36.8849206349206 0.0)
#(0 347 199 106.265 44.7013888888889 0.0)
#(0 350 199 106.265 37.5638888888889 0.0)
#(0 683 199 106.265 42.1666666666667 0.0)
#(0 698 199 106.265 43.7809523809524 0.0)
#(0 699 199 106.265 39.0883838383838 0.0)
#(0 705 199 106.265 40.2954545454545 0.0)
#(0 1437 199 106.265 40.040293040293 0.0)
#(0 1439 199 106.265 41.8998015873016 0.0)
#(0 1440 199 106.265 41.6130952380952 0.0)
#(0 1441 199 106.265 36.2724411603722 0.0)
#(0 1444 199 106.265 39.6111111111111 0.0)
#(0 1445 199 106.265 37.7043650793651 0.0)
#(0 1740 199 106.265 40.0891529025403 0.0)
#(0 2299 199 106.265 37.5231481481481 0.0)
#(0 2304 199 106.265 70.0 0.0)
#(0 2306 199 106.265 38.8240740740741 0.0)
#(0 2307 199 106.265 34.4055555555556 0.0)
#(0 2309 199 106.265 39.0833333333333 0.0)
#(0 137629 199 106.265 38.2619047619048 0.0)
#(0 137630 199 106.265 38.35 0.0)
#(0 137632 199 106.265 41.0922619047619 0.0)
#(0 137638 199 106.265 41.7324346405229 0.0)
#(0 138032 199 106.265 43.9494485294118 0.0)
#(0 138033 199 106.281 42.5913627099585 0.0)
#(0 138034 199 106.281 42.9225589225589 0.0)
#(0 138035 199 106.281 40.8320512820513 0.0)
#(0 138036 199 106.281 45.3666666666667 0.0)
#(0 138039 199 106.281 41.0017806267806 0.0)
#(0 138043 199 106.281 45.8106481481481 0.0)
#(0 138046 199 106.281 41.4361111111111 0.0)
#(0 138382 199 106.281 44.4444444444444 0.0)
#(0 138697 199 106.281 42.3113506272074 0.0)
#(0 138698 199 106.281 41.7117647058824 0.0)
#(0 138699 199 106.281 44.8019005847953 0.0)
#(0 138700 199 106.281 38.2272727272727 0.0)
#(0 138701 199 106.281 40.9628571428571 0.0)
#(0 138702 199 106.281 41.2265043948614 0.0)
#(0 138704 199 106.281 41.2785714285714 0.0)
#(0 138705 199 106.281 39.8269980506823 0.0)
#(0 138707 199 106.281 38.2619047619048 0.0)
#(0 138708 199 106.281 40.7004481792717 0.0)
#(0 139587 199 106.281 36.0187830687831 0.0)
#(0 139588 199 106.281 42.9225589225589 0.0)
#(0 139589 199 106.281 38.9712301587302 0.0)
#(0 139590 199 106.281 55.0 0.0)
#(0 139591 199 106.281 42.3317089018843 0.0)
#(0 139592 199 106.281 42.2912784679089 0.0)
#(0 139593 199 106.281 41.2435185185185 0.0)
#(0 352 200 106.281 40.4727095516569 0.0)
#(0 356 200 106.281 37.5185185185185 0.0)
#(0 707 200 106.281 39.0883838383838 0.0)
#(0 709 200 106.281 43.7809523809524 0.0)
#(0 711 200 106.281 38.4277777777778 0.0)
#(0 717 200 106.281 38.3269927536232 0.0)
#(0 1447 200 106.281 39.8305555555556 0.0)
#(0 2313 200 106.281 37.9551630434783 0.0)
#(0 2315 200 106.281 42.4777167277167 0.0)
#(0 2316 200 106.281 40.5361111111111 0.0)
#(0 137645 200 106.281 42.9225589225589 0.0)
#(0 137646 200 106.281 41.7528132992327 0.0)
#(0 137647 200 106.281 38.7 0.0)
#(0 137650 200 106.281 45.9166666666667 0.0)
#(0 137651 200 106.281 47.315873015873 0.0)
#(0 137654 200 106.281 40.5506349206349 0.0)
#(0 137655 200 106.281 35.1574074074074 0.0)
#(0 137658 200 106.281 42.0400641025641 0.0)
#(0 138019 200 106.281 46.8027777777778 0.0)
#(0 138041 200 106.281 41.9572760025063 0.0)
#(0 138042 200 106.281 43.111915535445 0.0)
#(0 138047 200 106.281 40.8320512820513 0.0)
#(0 138050 200 106.281 39.5666666666667 0.0)
#(0 138051 200 106.281 41.0143939393939 0.0)
#(0 138052 200 106.281 43.6613756613757 0.0)
#(0 138056 200 106.297 42.0400641025641 0.0)
#(0 138057 200 106.297 45.2727272727273 0.0)
#(0 138058 200 106.297 43.7785185185185 0.0)
#(0 138061 200 106.297 35.1041666666667 0.0)
#(0 138388 200 106.297 44.8446168840906 0.0)
#(0 138390 200 106.297 43.0512820512821 0.0)
#(0 138391 200 106.297 35.1041666666667 0.0)
#(0 138392 200 106.297 43.9494485294118 0.0)
#(0 138393 200 106.297 40.1417654808959 0.0)
#(0 138710 200 106.297 38.1199102829538 0.0)
#(0 138711 200 106.297 41.1550671550672 0.0)
#(0 138712 200 106.297 38.7254901960784 0.0)
#(0 138714 200 106.297 38.7 0.0)
#(0 138715 200 106.297 41.2785714285714 0.0)
#(0 138716 200 106.297 44.8295454545455 0.0)
#(0 139034 200 106.297 43.7655303030303 0.0)
#(0 139594 200 106.297 43.7824074074074 0.0)
#(0 139595 200 106.297 39.0666666666667 0.0)
#(0 139596 200 106.297 39.2654934437543 0.0)
#(0 139597 200 106.297 38.0911680911681 0.0)
#(0 139598 200 106.297 44.4791666666667 0.0)
#(0 139599 200 106.297 45.8106481481481 0.0)
#(0 139600 200 106.297 47.5 0.0)
#(0 139601 200 106.297 39.61 0.0)
#(0 139602 200 106.297 40.646218487395 0.0)
#(0 139603 200 106.297 40.7004481792717 0.0)
#(0 139604 200 106.297 44.8295454545455 0.0)
#(0 139605 200 106.297 41.7324346405229 0.0)
#(0 358 201 106.297 39.1380952380952 0.0)
#(0 360 201 106.297 41.8694444444444 0.0)
#(0 361 201 106.297 40.6840909090909 0.0)
#(0 366 201 106.297 41.6722222222222 0.0)
#(0 728 201 106.297 40.040293040293 0.0)
#(0 729 201 106.297 39.0432098765432 0.0)
#(0 1125 201 106.297 40.5361111111111 0.0)
#(0 1138 201 106.297 37.5231481481481 0.0)
#(0 1456 201 106.297 38.7858345358345 0.0)
#(0 1457 201 106.312 43.5694444444445 0.0)
#(0 2319 201 106.312 40.040293040293 0.0)
#(0 2320 201 106.312 41.2047212047212 0.0)
#(0 2322 201 106.312 42.5952380952381 0.0)
#(0 2325 201 106.312 41.2185185185185 0.0)
#(0 137639 201 106.312 41.7324346405229 0.0)
#(0 137660 201 106.312 42.3317089018843 0.0)
#(0 137662 201 106.312 39.1923076923077 0.0)
#(0 137663 201 106.312 40.6208592132505 0.0)
#(0 137664 201 106.312 43.0594708994709 0.0)
#(0 137669 201 106.312 51.6547619047619 0.0)
#(0 138049 201 106.312 43.111915535445 0.0)
#(0 138055 201 106.312 48.6666666666667 0.0)
#(0 138059 201 106.312 42.3113506272074 0.0)
#(0 138060 201 106.312 47.45 0.0)
#(0 138062 201 106.312 41.8827651515152 0.0)
#(0 138063 201 106.312 44.4791666666667 0.0)
#(0 138066 201 106.312 45.3666666666667 0.0)
#(0 138068 201 106.312 41.4361111111111 0.0)
#(0 138069 201 106.312 42.5397869674185 0.0)
#(0 138071 201 106.312 43.6613756613757 0.0)
#(0 138075 201 106.312 42.9153846153846 0.0)
#(0 138395 201 106.312 45.7222222222222 0.0)
#(0 138397 201 106.312 39.5555555555556 0.0)
#(0 138398 201 106.312 64.0 0.0)
#(0 138399 201 106.312 37.2003968253968 0.0)
#(0 138402 201 106.312 40.3829365079365 0.0)
#(0 138403 201 106.312 41.1503086419753 0.0)
#(0 138404 201 106.312 41.5083333333333 0.0)
#(0 138717 201 106.312 41.8827651515152 0.0)
#(0 138718 201 106.312 40.478243978244 0.0)
#(0 138722 201 106.312 40.9628571428571 0.0)
#(0 138723 201 106.312 39.6571428571429 0.0)
#(0 138724 201 106.312 38.4166666666667 0.0)
#(0 138726 201 106.312 38.0911680911681 0.0)
#(0 138727 201 106.312 43.0594708994709 0.0)
#(0 138728 201 106.312 41.2511574074074 0.0)
#(0 139606 201 106.312 40.6208592132505 0.0)
#(0 139607 201 106.312 41.724358974359 0.0)
#(0 139608 201 106.312 40.8166666666667 0.0)
#(0 139609 201 106.312 39.5666666666667 0.0)
#(0 139610 201 106.312 35.1574074074074 0.0)
#(0 139611 201 106.312 40.9958592132505 0.0)
#(0 139612 201 106.312 41.0549719887955 0.0)
#(0 139613 201 106.312 42.9153846153846 0.0)
#(0 139614 201 106.312 42.9225589225589 0.0)
#(0 139615 201 106.312 34.0845588235294 0.0)
#(0 139618 201 106.312 41.7528132992327 0.0)
#(0 139619 201 106.312 41.9948203842941 0.0)
#(0 370 202 106.312 44.1578431372549 0.0)
#(0 373 202 106.312 41.2185185185185 0.0)
#(0 374 202 106.312 36.2724411603722 0.0)
#(0 378 202 106.328 40.5168560606061 0.0)
#(0 733 202 106.328 36.2724411603722 0.0)
#(0 734 202 106.328 37.7043650793651 0.0)
#(0 744 202 106.328 40.2013888888889 0.0)
#(0 1139 202 106.328 39.6111111111111 0.0)
#(0 1147 202 106.328 49.0 0.0)
#(0 1461 202 106.328 38.7858345358345 0.0)
#(0 1465 202 106.328 43.5694444444445 0.0)
#(0 1468 202 106.328 41.2148448043185 0.0)
#(0 1470 202 106.328 40.4727095516569 0.0)
#(0 1474 202 106.328 39.6111111111111 0.0)
#(0 1476 202 106.328 36.9333333333333 0.0)
#(0 1477 202 106.328 41.2079831932773 0.0)
#(0 1768 202 106.328 34.1296296296296 0.0)
#(0 2328 202 106.328 41.2047212047212 0.0)
#(0 2330 202 106.328 43.7809523809524 0.0)
#(0 2331 202 106.328 36.5902777777778 0.0)
#(0 2335 202 106.328 41.4222222222222 0.0)
#(0 2337 202 106.328 58.0625 0.0)
#(0 137673 202 106.328 41.9572760025063 0.0)
#(0 137678 202 106.328 40.6208592132505 0.0)
#(0 138077 202 106.328 44.8019005847953 0.0)
#(0 138080 202 106.328 41.2785714285714 0.0)
#(0 138081 202 106.328 40.1636904761905 0.0)
#(0 138082 202 106.328 41.4126344086022 0.0)
#(0 138083 202 106.328 39.0555555555556 0.0)
#(0 138084 202 106.328 39.2805555555556 0.0)
#(0 138086 202 106.328 40.8320512820513 0.0)
#(0 138088 202 106.328 40.7901234567901 0.0)
#(0 138089 202 106.328 43.7785185185185 0.0)
#(0 138405 202 106.328 40.9628571428571 0.0)
#(0 138414 202 106.328 43.3638888888889 0.0)
#(0 138721 202 106.328 40.478243978244 0.0)
#(0 138729 202 106.328 35.4169719169719 0.0)
#(0 138731 202 106.328 42.0944444444444 0.0)
#(0 138733 202 106.328 41.4126344086022 0.0)
#(0 138734 202 106.328 41.2265043948614 0.0)
#(0 138735 202 106.328 39.5 0.0)
#(0 138737 202 106.328 55.0 0.0)
#(0 138738 202 106.328 40.1636904761905 0.0)
#(0 139055 202 106.328 43.0512820512821 0.0)
#(0 139616 202 106.328 41.7324346405229 0.0)
#(0 139617 202 106.328 40.8166666666667 0.0)
#(0 139620 202 106.328 39.8740740740741 0.0)
#(0 139621 202 106.328 45.6944444444445 0.0)
#(0 139622 202 106.328 42.3819444444445 0.0)
#(0 139623 202 106.328 41.7117647058824 0.0)
#(0 139624 202 106.328 35.4169719169719 0.0)
#(0 139625 202 106.328 42.2912784679089 0.0)
#(0 380 203 106.343 43.1444444444444 0.0)
#(0 384 203 106.343 39.0833333333333 0.0)
#(0 746 203 106.343 42.5952380952381 0.0)
#(0 758 203 106.343 37.5231481481481 0.0)
#(0 759 203 106.343 39.0432098765432 0.0)
#(0 1155 203 106.343 40.6840909090909 0.0)
#(0 1483 203 106.343 39.0833333333333 0.0)
#(0 1777 203 106.343 39.0883838383838 0.0)
#(0 2338 203 106.343 41.4222222222222 0.0)
#(0 2345 203 106.343 43.2559523809524 0.0)
#(0 2346 203 106.343 34.3038150932888 0.0)
#(0 137680 203 106.343 38.4483065953654 0.0)
#(0 137685 203 106.343 38.35 0.0)
#(0 137688 203 106.343 38.4166666666667 0.0)
#(0 137690 203 106.343 40.7901234567901 0.0)
#(0 137691 203 106.343 42.2912784679089 0.0)
#(0 137692 203 106.343 44.8295454545455 0.0)
#(0 137693 203 106.343 41.2435185185185 0.0)
#(0 137694 203 106.343 41.1503086419753 0.0)
#(0 138074 203 106.343 43.6613756613757 0.0)
#(0 138091 203 106.343 39.7083333333333 0.0)
#(0 138092 203 106.343 42.5913627099585 0.0)
#(0 138093 203 106.343 41.9948203842941 0.0)
#(0 138094 203 106.343 41.0017806267806 0.0)
#(0 138095 203 106.343 42.2912784679089 0.0)
#(0 138096 203 106.343 41.5566603535354 0.0)
#(0 138098 203 106.343 42.3113506272074 0.0)
#(0 138415 203 106.343 40.1417654808959 0.0)
#(0 138418 203 106.343 43.7785185185185 0.0)
#(0 138422 203 106.343 39.8055555555556 0.0)
#(0 138423 203 106.343 39.0555555555556 0.0)
#(0 138739 203 106.343 39.0555555555556 0.0)
#(0 138740 203 106.343 43.0512820512821 0.0)
#(0 138742 203 106.343 40.3936868686869 0.0)
#(0 138743 203 106.343 40.0974967061924 0.0)
#(0 138744 203 106.343 43.7655303030303 0.0)
#(0 138745 203 106.343 41.2341183574879 0.0)
#(0 139058 203 106.343 57.0 0.0)
#(0 139626 203 106.343 44.8295454545455 0.0)
#(0 139627 203 106.343 42.7 0.0)
#(0 139628 203 106.343 41.1503086419753 0.0)
#(0 139629 203 106.343 41.0143939393939 0.0)
#(0 139630 203 106.343 40.3829365079365 0.0)
#(0 139631 203 106.343 40.0974967061924 0.0)
#(0 139632 203 106.343 41.0172222222222 0.0)
#(0 139633 203 106.343 43.8222222222222 0.0)
#(0 139634 203 106.343 38.7254901960784 0.0)
#(0 139635 203 106.343 41.2785714285714 0.0)
#(0 139636 203 106.343 41.1875 0.0)
#(0 139637 203 106.359 45.3541666666667 0.0)
#(0 139638 203 106.359 41.1550671550672 0.0)
#(0 139639 203 106.359 41.0017806267806 0.0)
#(0 401 204 106.359 44.7013888888889 0.0)
#(0 752 204 106.359 40.2013888888889 0.0)
#(0 761 204 106.359 37.5231481481481 0.0)
#(0 765 204 106.359 41.6722222222222 0.0)
#(0 768 204 106.359 39.0833333333333 0.0)
#(0 770 204 106.359 38.3269927536232 0.0)
#(0 772 204 106.359 41.5111111111111 0.0)
#(0 1160 204 106.359 40.5202821869489 0.0)
#(0 1168 204 106.359 55.6666666666667 0.0)
#(0 1486 204 106.359 41.2079831932773 0.0)
#(0 1487 204 106.359 37.9551630434783 0.0)
#(0 1488 204 106.359 36.2724411603722 0.0)
#(0 1489 204 106.359 39.8305555555556 0.0)
#(0 1490 204 106.359 41.2148448043185 0.0)
#(0 1493 204 106.359 41.4222222222222 0.0)
#(0 1496 204 106.359 37.5185185185185 0.0)
#(0 2344 204 106.359 41.4222222222222 0.0)
#(0 2352 204 106.359 39.1380952380952 0.0)
#(0 2353 204 106.359 37.709375 0.0)
#(0 2356 204 106.359 36.5902777777778 0.0)
#(0 2359 204 106.359 41.8694444444444 0.0)
#(0 2362 204 106.359 36.8849206349206 0.0)
#(0 2363 204 106.359 42.7777777777778 0.0)
#(0 137700 204 106.359 40.646218487395 0.0)
#(0 137708 204 106.359 40.3936868686869 0.0)
#(0 137709 204 106.359 38.2619047619048 0.0)
#(0 137710 204 106.359 39.5666666666667 0.0)
#(0 137711 204 106.359 44.4329004329004 0.0)
#(0 137713 204 106.359 38.2619047619048 0.0)
#(0 138102 204 106.359 41.1503086419753 0.0)
#(0 138106 204 106.359 40.0974967061924 0.0)
#(0 138428 204 106.359 41.9948203842941 0.0)
#(0 138746 204 106.359 39.6571428571429 0.0)
#(0 138748 204 106.359 42.7 0.0)
#(0 138749 204 106.359 39.61 0.0)
#(0 138751 204 106.359 41.682326007326 0.0)
#(0 138753 204 106.359 43.7824074074074 0.0)
#(0 138754 204 106.359 40.0360962566845 0.0)
#(0 138755 204 106.359 41.4031385281385 0.0)
#(0 138757 204 106.359 42.5397869674185 0.0)
#(0 138758 204 106.359 40.3936868686869 0.0)
#(0 139073 204 106.359 43.111915535445 0.0)
#(0 139640 204 106.359 40.7901234567901 0.0)
#(0 139641 204 106.359 39.8269980506823 0.0)
#(0 139643 204 106.359 42.5365961199294 0.0)
#(0 139645 204 106.359 41.682326007326 0.0)
#(0 402 205 106.375 40.1203703703704 0.0)
#(0 406 205 106.375 37.7043650793651 0.0)
#(0 781 205 106.375 36.2724411603722 0.0)
#(0 786 205 106.375 37.9551630434783 0.0)
#(0 788 205 106.375 39.3602693602694 0.0)
#(0 792 205 106.375 38.3269927536232 0.0)
#(0 1173 205 106.375 39.0833333333333 0.0)
#(0 1497 205 106.375 40.4727095516569 0.0)
#(0 1498 205 106.375 43.4027777777778 0.0)
#(0 1499 205 106.375 40.2954545454545 0.0)
#(0 1502 205 106.375 36.8849206349206 0.0)
#(0 1504 205 106.375 37.5231481481481 0.0)
#(0 1798 205 106.375 34.4055555555556 0.0)
#(0 2367 205 106.375 37.709375 0.0)
#(0 2369 205 106.375 40.1203703703704 0.0)
#(0 2371 205 106.375 40.2013888888889 0.0)
#(0 2372 205 106.375 46.2215909090909 0.0)
#(0 2373 205 106.375 37.5231481481481 0.0)
#(0 2375 205 106.375 43.1444444444444 0.0)
#(0 137684 205 106.375 38.4483065953654 0.0)
#(0 137716 205 106.375 40.1111111111111 0.0)
#(0 137717 205 106.375 42.3317089018843 0.0)
#(0 137718 205 106.375 35.1574074074074 0.0)
#(0 137721 205 106.375 40.478243978244 0.0)
#(0 137723 205 106.375 41.2511574074074 0.0)
#(0 137724 205 106.375 43.7824074074074 0.0)
#(0 137727 205 106.375 39.6707251082251 0.0)
#(0 138108 205 106.375 38.2887631975867 0.0)
#(0 138110 205 106.375 44.8446168840906 0.0)
#(0 138112 205 106.375 42.3113506272074 0.0)
#(0 138113 205 106.375 41.9909722222222 0.0)
#(0 138114 205 106.375 40.7004481792717 0.0)
#(0 138115 205 106.375 41.1875 0.0)
#(0 138116 205 106.375 40.4166666666667 0.0)
#(0 138117 205 106.375 39.5 0.0)
#(0 138438 205 106.375 41.4126344086022 0.0)
#(0 138439 205 106.375 44.4444444444444 0.0)
#(0 138447 205 106.375 45.3666666666667 0.0)
#(0 138747 205 106.375 39.6571428571429 0.0)
#(0 138759 205 106.375 38.2272727272727 0.0)
#(0 138761 205 106.375 41.4361111111111 0.0)
#(0 138762 205 106.375 55.0 0.0)
#(0 138765 205 106.375 43.1555555555556 0.0)
#(0 138767 205 106.375 44.6666666666667 0.0)
#(0 139076 205 106.375 40.4166666666667 0.0)
#(0 139642 205 106.375 41.1550671550672 0.0)
#(0 139644 205 106.375 40.7901234567901 0.0)
#(0 139646 205 106.375 42.5365961199294 0.0)
#(0 139647 205 106.375 47.485119047619 0.0)
#(0 139648 205 106.375 38.35 0.0)
#(0 139649 205 106.375 41.724358974359 0.0)
#(0 139650 205 106.375 45.8106481481481 0.0)
#(0 139651 205 106.375 40.478243978244 0.0)
#(0 139652 205 106.375 39.2654934437543 0.0)
#(0 139653 205 106.39 39.5555555555556 0.0)
#(0 139654 205 106.39 37.2003968253968 0.0)
#(0 139655 205 106.39 40.3936868686869 0.0)
#(0 416 206 106.39 38.7858345358345 0.0)
#(0 418 206 106.39 40.4727095516569 0.0)
#(0 783 206 106.39 37.5231481481481 0.0)
#(0 799 206 106.39 41.6130952380952 0.0)
#(0 803 206 106.39 41.0541666666667 0.0)
#(0 1190 206 106.39 40.5202821869489 0.0)
#(0 1503 206 106.39 40.2954545454545 0.0)
#(0 1508 206 106.39 41.6722222222222 0.0)
#(0 1509 206 106.39 37.5185185185185 0.0)
#(0 1510 206 106.39 40.0891529025403 0.0)
#(0 1511 206 106.39 41.2079831932773 0.0)
#(0 1512 206 106.39 38.4277777777778 0.0)
#(0 2368 206 106.39 41.4222222222222 0.0)
#(0 2377 206 106.39 42.4777167277167 0.0)
#(0 2378 206 106.39 37.7043650793651 0.0)
#(0 2380 206 106.39 41.8998015873016 0.0)
#(0 2382 206 106.39 41.0541666666667 0.0)
#(0 2387 206 106.39 39.1380952380952 0.0)
#(0 2389 206 106.39 41.6722222222222 0.0)
#(0 2390 206 106.39 41.6130952380952 0.0)
#(0 137733 206 106.39 40.0974967061924 0.0)
#(0 137736 206 106.39 41.4031385281385 0.0)
#(0 137737 206 106.39 39.2081196581197 0.0)
#(0 137741 206 106.39 38.2619047619048 0.0)
#(0 137742 206 106.39 45.8106481481481 0.0)
#(0 138107 206 106.39 40.0974967061924 0.0)
#(0 138120 206 106.39 45.3541666666667 0.0)
#(0 138121 206 106.39 40.8320512820513 0.0)
#(0 138122 206 106.39 42.9153846153846 0.0)
#(0 138125 206 106.39 39.0555555555556 0.0)
#(0 138450 206 106.39 43.7655303030303 0.0)
#(0 138453 206 106.39 39.2805555555556 0.0)
#(0 138455 206 106.39 37.45 0.0)
#(0 138457 206 106.39 39.5555555555556 0.0)
#(0 138458 206 106.39 44.6666666666667 0.0)
#(0 138460 206 106.39 36.0224358974359 0.0)
#(0 138461 206 106.39 41.9909722222222 0.0)
#(0 138756 206 106.39 40.0360962566845 0.0)
#(0 138760 206 106.39 40.3936868686869 0.0)
#(0 138764 206 106.39 41.4361111111111 0.0)
#(0 138770 206 106.39 59.5 0.0)
#(0 138771 206 106.39 38.4483065953654 0.0)
#(0 138772 206 106.39 43.8222222222222 0.0)
#(0 139086 206 106.39 42.9225589225589 0.0)
#(0 139656 206 106.406 51.6547619047619 0.0)
#(0 139657 206 106.406 36.0224358974359 0.0)
#(0 139658 206 106.406 42.3317089018843 0.0)
#(0 139659 206 106.406 38.2887631975867 0.0)
#(0 139660 206 106.406 44.4791666666667 0.0)
#(0 139661 206 106.406 42.5913627099585 0.0)
#(0 139662 206 106.406 38.35 0.0)
#(0 139663 206 106.406 40.8320512820513 0.0)
#(0 419 207 106.406 37.7043650793651 0.0)
#(0 801 207 106.406 38.3269927536232 0.0)
#(0 808 207 106.406 40.5168560606061 0.0)
#(0 813 207 106.406 42.5952380952381 0.0)
#(0 815 207 106.406 41.2047212047212 0.0)
#(0 1198 207 106.406 42.4777167277167 0.0)
#(0 1201 207 106.406 34.3038150932888 0.0)
#(0 1202 207 106.406 43.6964285714286 0.0)
#(0 1517 207 106.406 37.7043650793651 0.0)
#(0 1519 207 106.406 41.8998015873016 0.0)
#(0 1520 207 106.406 37.9551630434783 0.0)
#(0 2392 207 106.406 40.6991452991453 0.0)
#(0 2393 207 106.406 40.5168560606061 0.0)
#(0 137745 207 106.406 40.5506349206349 0.0)
#(0 137751 207 106.406 41.2341183574879 0.0)
#(0 137752 207 106.406 45.0174603174603 0.0)
#(0 137757 207 106.406 39.6707251082251 0.0)
#(0 137761 207 106.406 41.0172222222222 0.0)
#(0 137763 207 106.406 41.4126344086022 0.0)
#(0 138129 207 106.406 43.6613756613757 0.0)
#(0 138131 207 106.406 38.4166666666667 0.0)
#(0 138132 207 106.406 40.9958592132505 0.0)
#(0 138133 207 106.406 40.0974967061924 0.0)
#(0 138136 207 106.406 45.6944444444445 0.0)
#(0 138467 207 106.406 44.4444444444444 0.0)
#(0 138468 207 106.406 38.7254901960784 0.0)
#(0 138470 207 106.406 48.0 0.0)
#(0 138472 207 106.406 40.7901234567901 0.0)
#(0 138766 207 106.406 39.6571428571429 0.0)
#(0 138774 207 106.406 41.2265043948614 0.0)
#(0 138775 207 106.406 40.646218487395 0.0)
#(0 138777 207 106.406 43.0594708994709 0.0)
#(0 138779 207 106.406 39.5 0.0)
#(0 138780 207 106.406 42.7 0.0)
#(0 138781 207 106.406 41.2341183574879 0.0)
#(0 138782 207 106.406 40.3829365079365 0.0)
#(0 138783 207 106.406 39.5666666666667 0.0)
#(0 139109 207 106.406 41.7324346405229 0.0)
#(0 139664 207 106.422 44.8019005847953 0.0)
#(0 139665 207 106.422 41.7528132992327 0.0)
#(0 139666 207 106.422 41.8827651515152 0.0)
#(0 139667 207 106.422 41.1503086419753 0.0)
#(0 139668 207 106.422 43.6613756613757 0.0)
#(0 437 208 106.422 36.9333333333333 0.0)
#(0 821 208 106.422 38.7858345358345 0.0)
#(0 828 208 106.422 43.1645962732919 0.0)
#(0 830 208 106.422 39.0883838383838 0.0)
#(0 1205 208 106.422 38.7858345358345 0.0)
#(0 1209 208 106.422 39.0432098765432 0.0)
#(0 1216 208 106.422 41.6130952380952 0.0)
#(0 1218 208 106.422 41.8694444444444 0.0)
#(0 1521 208 106.422 41.6722222222222 0.0)
#(0 2395 208 106.422 41.6130952380952 0.0)
#(0 137765 208 106.422 41.8827651515152 0.0)
#(0 137766 208 106.422 39.0555555555556 0.0)
#(0 137769 208 106.422 39.5 0.0)
#(0 137770 208 106.422 42.2912784679089 0.0)
#(0 137772 208 106.422 37.45 0.0)
#(0 137777 208 106.422 44.4791666666667 0.0)
#(0 137778 208 106.422 35.1574074074074 0.0)
#(0 137779 208 106.422 40.1417654808959 0.0)
#(0 138137 208 106.422 39.0583333333333 0.0)
#(0 138138 208 106.422 42.7 0.0)
#(0 138139 208 106.422 40.1111111111111 0.0)
#(0 138140 208 106.422 38.0601307189542 0.0)
#(0 138141 208 106.422 40.9958592132505 0.0)
#(0 138143 208 106.422 49.5380952380952 0.0)
#(0 138146 208 106.422 43.7785185185185 0.0)
#(0 138479 208 106.422 41.2265043948614 0.0)
#(0 138482 208 106.422 43.6934523809524 0.0)
#(0 138487 208 106.422 40.1111111111111 0.0)
#(0 138769 208 106.422 39.6571428571429 0.0)
#(0 138784 208 106.422 38.2887631975867 0.0)
#(0 138785 208 106.422 44.6666666666667 0.0)
#(0 138786 208 106.422 41.682326007326 0.0)
#(0 138789 208 106.422 45.8106481481481 0.0)
#(0 138791 208 106.422 40.1636904761905 0.0)
#(0 139669 208 106.437 40.8465608465608 0.0)
#(0 139670 208 106.437 43.8222222222222 0.0)
#(0 139671 208 106.437 39.5 0.0)
#(0 139672 208 106.437 42.5913627099585 0.0)
#(0 139673 208 106.437 44.2 0.0)
#(0 139674 208 106.437 42.5365961199294 0.0)
#(0 444 209 106.437 40.5168560606061 0.0)
#(0 445 209 106.437 39.8888888888889 0.0)
#(0 446 209 106.437 41.5111111111111 0.0)
#(0 448 209 106.437 40.5361111111111 0.0)
#(0 452 209 106.437 43.7957516339869 0.0)
#(0 455 209 106.437 40.040293040293 0.0)
#(0 456 209 106.437 39.3602693602694 0.0)
#(0 458 209 106.437 41.84375 0.0)
#(0 831 209 106.437 46.3333333333333 0.0)
#(0 834 209 106.437 41.6130952380952 0.0)
#(0 839 209 106.437 36.8849206349206 0.0)
#(0 1222 209 106.437 40.6840909090909 0.0)
#(0 1228 209 106.437 40.1142857142857 0.0)
#(0 1229 209 106.437 36.2724411603722 0.0)
#(0 1230 209 106.437 40.040293040293 0.0)
#(0 1527 209 106.437 34.3038150932888 0.0)
#(0 1529 209 106.437 37.7043650793651 0.0)
#(0 1532 209 106.437 37.5231481481481 0.0)
#(0 1533 209 106.437 43.7809523809524 0.0)
#(0 1534 209 106.437 41.8998015873016 0.0)
#(0 1536 209 106.437 39.0432098765432 0.0)
#(0 1833 209 106.437 42.5952380952381 0.0)
#(0 1837 209 106.437 38.7858345358345 0.0)
#(0 2403 209 106.437 37.2150793650794 0.0)
#(0 2406 209 106.437 37.5185185185185 0.0)
#(0 2407 209 106.437 40.6991452991453 0.0)
#(0 2409 209 106.437 36.5902777777778 0.0)
#(0 2410 209 106.437 41.8998015873016 0.0)
#(0 137731 209 106.437 40.3829365079365 0.0)
#(0 137781 209 106.437 42.7 0.0)
#(0 137785 209 106.437 42.5365961199294 0.0)
#(0 137787 209 106.437 39.0916666666667 0.0)
#(0 137790 209 106.437 41.2435185185185 0.0)
#(0 137792 209 106.437 38.7 0.0)
#(0 138150 209 106.437 41.5083333333333 0.0)
#(0 138151 209 106.437 47.315873015873 0.0)
#(0 138152 209 106.437 39.0916666666667 0.0)
#(0 138153 209 106.437 43.7655303030303 0.0)
#(0 138154 209 106.437 41.2511574074074 0.0)
#(0 138155 209 106.437 41.9909722222222 0.0)
#(0 138157 209 106.437 43.0594708994709 0.0)
#(0 138158 209 106.437 40.478243978244 0.0)
#(0 138160 209 106.437 39.5666666666667 0.0)
#(0 138486 209 106.437 43.3638888888889 0.0)
#(0 138492 209 106.437 37.2003968253968 0.0)
#(0 138501 209 106.453 42.4722222222222 0.0)
#(0 138793 209 106.453 39.7083333333333 0.0)
#(0 138795 209 106.453 43.8222222222222 0.0)
#(0 138796 209 106.453 41.5566603535354 0.0)
#(0 138797 209 106.453 44.6666666666667 0.0)
#(0 138798 209 106.453 39.1507936507937 0.0)
#(0 138799 209 106.453 40.9628571428571 0.0)
#(0 138800 209 106.453 39.0666666666667 0.0)
#(0 138801 209 106.453 39.8269980506823 0.0)
#(0 138802 209 106.453 38.7 0.0)
#(0 138803 209 106.453 39.0555555555556 0.0)
#(0 138805 209 106.453 39.5 0.0)
#(0 138806 209 106.453 47.485119047619 0.0)
#(0 138807 209 106.453 42.1481481481482 0.0)
#(0 138808 209 106.453 43.0512820512821 0.0)
#(0 138809 209 106.453 42.9153846153846 0.0)
#(0 138810 209 106.453 42.0400641025641 0.0)
#(0 139130 209 106.453 37.45 0.0)
#(0 139675 209 106.453 38.0911680911681 0.0)
#(0 139677 209 106.453 48.0 0.0)
#(0 139678 209 106.453 40.4166666666667 0.0)
#(0 139679 209 106.453 39.8269980506823 0.0)
#(0 139680 209 106.453 39.9989417989418 0.0)
#(0 139682 209 106.453 41.2511574074074 0.0)
#(0 139683 209 106.453 40.5506349206349 0.0)
#(0 102 210 106.453 39.8305555555556 0.0)
#(0 106 210 106.453 41.2185185185185 0.0)
#(0 462 210 106.453 37.5638888888889 0.0)
#(0 466 210 106.453 42.4777167277167 0.0)
#(0 846 210 106.453 37.9551630434783 0.0)
#(0 848 210 106.453 40.5202821869489 0.0)
#(0 849 210 106.453 34.3038150932888 0.0)
#(0 1241 210 106.453 41.84375 0.0)
#(0 1539 210 106.453 39.0883838383838 0.0)
#(0 1541 210 106.453 40.5168560606061 0.0)
#(0 1542 210 106.453 43.1444444444444 0.0)
#(0 1545 210 106.453 38.3269927536232 0.0)
#(0 2411 210 106.453 39.0432098765432 0.0)
#(0 2412 210 106.453 38.7858345358345 0.0)
#(0 2417 210 106.453 41.3029988765016 0.0)
#(0 2418 210 106.453 36.9333333333333 0.0)
#(0 137373 210 106.453 40.5506349206349 0.0)
#(0 137376 210 106.453 40.1636904761905 0.0)
#(0 137377 210 106.453 35.1041666666667 0.0)
#(0 137380 210 106.453 42.3317089018843 0.0)
#(0 137382 210 106.453 41.5566603535354 0.0)
#(0 137793 210 106.453 40.0974967061924 0.0)
#(0 137794 210 106.453 35.1041666666667 0.0)
#(0 137795 210 106.468 40.1111111111111 0.0)
#(0 137797 210 106.468 43.1555555555556 0.0)
#(0 137798 210 106.468 38.0911680911681 0.0)
#(0 137800 210 106.468 42.1481481481482 0.0)
#(0 137801 210 106.468 41.1875 0.0)
#(0 137802 210 106.468 43.715873015873 0.0)
#(0 138164 210 106.468 41.2511574074074 0.0)
#(0 138165 210 106.468 39.5666666666667 0.0)
#(0 138168 210 106.468 42.9153846153846 0.0)
#(0 138507 210 106.468 41.7178571428571 0.0)
#(0 138804 210 106.468 40.4166666666667 0.0)
#(0 138811 210 106.468 41.1503086419753 0.0)
#(0 138812 210 106.468 39.61 0.0)
#(0 138813 210 106.468 40.8320512820513 0.0)
#(0 138814 210 106.468 39.8055555555556 0.0)
#(0 138815 210 106.468 37.4931623931624 0.0)
#(0 138816 210 106.468 40.7004481792717 0.0)
#(0 138817 210 106.468 43.8222222222222 0.0)
#(0 139676 210 106.468 42.5365961199294 0.0)
#(0 139681 210 106.468 39.8269980506823 0.0)
#(0 139685 210 106.468 35.4169719169719 0.0)
#(0 139686 210 106.468 43.111915535445 0.0)
#(0 139687 210 106.468 43.0512820512821 0.0)
#(0 139688 210 106.468 41.2435185185185 0.0)
#(0 139689 210 106.468 41.5083333333333 0.0)
#(0 139690 210 106.468 41.9948203842941 0.0)
#(0 139691 210 106.468 41.8827651515152 0.0)
#(0 139692 210 106.468 45.6944444444445 0.0)
#(0 117 211 106.468 43.4027777777778 0.0)
#(0 120 211 106.468 39.5 0.0)
#(0 121 211 106.468 38.7858345358345 0.0)
#(0 468 211 106.468 40.1203703703704 0.0)
#(0 471 211 106.468 38.7858345358345 0.0)
#(0 472 211 106.468 37.7043650793651 0.0)
#(0 474 211 106.468 37.5231481481481 0.0)
#(0 483 211 106.468 40.040293040293 0.0)
#(0 1246 211 106.468 49.1875 0.0)
#(0 1255 211 106.468 36.5 0.0)
#(0 1256 211 106.468 41.6130952380952 0.0)
#(0 1549 211 106.468 40.2954545454545 0.0)
#(0 1551 211 106.468 42.4777167277167 0.0)
#(0 1552 211 106.468 40.4727095516569 0.0)
#(0 1553 211 106.468 43.4027777777778 0.0)
#(0 1555 211 106.468 42.5952380952381 0.0)
#(0 1556 211 106.468 37.2150793650794 0.0)
#(0 1557 211 106.468 39.0883838383838 0.0)
#(0 2421 211 106.468 42.4777167277167 0.0)
#(0 2425 211 106.468 38.8240740740741 0.0)
#(0 2426 211 106.468 43.2559523809524 0.0)
#(0 137383 211 106.468 38.35 0.0)
#(0 137384 211 106.484 40.3936868686869 0.0)
#(0 137385 211 106.484 44.8019005847953 0.0)
#(0 137387 211 106.484 40.9958592132505 0.0)
#(0 137393 211 106.484 41.1550671550672 0.0)
#(0 137774 211 106.484 40.3829365079365 0.0)
#(0 137804 211 106.484 39.5666666666667 0.0)
#(0 137805 211 106.484 41.1875 0.0)
#(0 137807 211 106.484 40.0833333333333 0.0)
#(0 137809 211 106.484 49.5380952380952 0.0)
#(0 137810 211 106.484 40.0974967061924 0.0)
#(0 137811 211 106.484 37.2003968253968 0.0)
#(0 138170 211 106.484 38.9712301587302 0.0)
#(0 138174 211 106.484 41.0549719887955 0.0)
#(0 138180 211 106.484 40.0974967061924 0.0)
#(0 138525 211 106.484 38.1199102829538 0.0)
#(0 138818 211 106.484 38.1199102829538 0.0)
#(0 138819 211 106.484 41.682326007326 0.0)
#(0 138820 211 106.484 35.1041666666667 0.0)
#(0 138821 211 106.484 47.45 0.0)
#(0 138823 211 106.484 39.61 0.0)
#(0 138825 211 106.484 38.9712301587302 0.0)
#(0 138827 211 106.484 39.1923076923077 0.0)
#(0 138828 211 106.484 41.2265043948614 0.0)
#(0 138829 211 106.484 41.9948203842941 0.0)
#(0 138830 211 106.484 41.1550671550672 0.0)
#(0 138832 211 106.484 41.2785714285714 0.0)
#(0 139684 211 106.484 42.5365961199294 0.0)
#(0 139693 211 106.484 55.0 0.0)
#(0 139694 211 106.484 39.2654934437543 0.0)
#(0 139695 211 106.484 43.0833333333333 0.0)
#(0 139696 211 106.484 39.9989417989418 0.0)
#(0 139697 211 106.484 47.485119047619 0.0)
#(0 139698 211 106.484 41.1875 0.0)
#(0 139699 211 106.484 40.4166666666667 0.0)
#(0 139700 211 106.484 38.2272727272727 0.0)
#(0 122 212 106.484 40.040293040293 0.0)
#(0 123 212 106.484 39.8417293233083 0.0)
#(0 124 212 106.484 39.8888888888889 0.0)
#(0 125 212 106.484 39.8417293233083 0.0)
#(0 133 212 106.484 41.8998015873016 0.0)
#(0 486 212 106.484 46.2215909090909 0.0)
#(0 487 212 106.484 41.8694444444444 0.0)
#(0 490 212 106.484 39.0432098765432 0.0)
#(0 868 212 106.484 42.6166666666667 0.0)
#(0 873 212 106.484 38.8240740740741 0.0)
#(0 874 212 106.484 37.2150793650794 0.0)
#(0 876 212 106.484 39.0883838383838 0.0)
#(0 877 212 106.484 41.6141025641026 0.0)
#(0 880 212 106.484 39.6111111111111 0.0)
#(0 881 212 106.484 39.8305555555556 0.0)
#(0 1264 212 106.484 49.1875 0.0)
#(0 1265 212 106.484 40.2954545454545 0.0)
#(0 1560 212 106.5 40.040293040293 0.0)
#(0 1566 212 106.5 37.9551630434783 0.0)
#(0 1569 212 106.5 41.2148448043185 0.0)
#(0 2430 212 106.5 40.6991452991453 0.0)
#(0 2431 212 106.5 39.0833333333333 0.0)
#(0 2433 212 106.5 46.3611111111111 0.0)
#(0 137396 212 106.5 46.8027777777778 0.0)
#(0 137814 212 106.5 43.6613756613757 0.0)
#(0 137815 212 106.5 43.7615079365079 0.0)
#(0 137817 212 106.5 37.4931623931624 0.0)
#(0 137818 212 106.5 44.4791666666667 0.0)
#(0 137822 212 106.5 41.2511574074074 0.0)
#(0 137823 212 106.5 55.0 0.0)
#(0 138181 212 106.5 42.2912784679089 0.0)
#(0 138183 212 106.5 38.9712301587302 0.0)
#(0 138184 212 106.5 41.4031385281385 0.0)
#(0 138185 212 106.5 44.8446168840906 0.0)
#(0 138188 212 106.5 43.111915535445 0.0)
#(0 138189 212 106.5 39.0916666666667 0.0)
#(0 138529 212 106.5 43.7785185185185 0.0)
#(0 138531 212 106.5 49.9722222222222 0.0)
#(0 138532 212 106.5 40.1111111111111 0.0)
#(0 138533 212 106.5 44.8019005847953 0.0)
#(0 138534 212 106.5 41.0017806267806 0.0)
#(0 138540 212 106.5 39.8269980506823 0.0)
#(0 138831 212 106.5 35.1041666666667 0.0)
#(0 138834 212 106.5 45.3666666666667 0.0)
#(0 138835 212 106.5 39.2805555555556 0.0)
#(0 138836 212 106.5 48.4888888888889 0.0)
#(0 138837 212 106.5 41.7117647058824 0.0)
#(0 138838 212 106.5 40.8465608465608 0.0)
#(0 138839 212 106.5 47.485119047619 0.0)
#(0 138840 212 106.5 41.724358974359 0.0)
#(0 138841 212 106.5 40.478243978244 0.0)
#(0 138842 212 106.5 38.35 0.0)
#(0 138843 212 106.5 41.0922619047619 0.0)
#(0 138844 212 106.5 41.4126344086022 0.0)
#(0 138847 212 106.5 40.3829365079365 0.0)
#(0 138848 212 106.5 39.0583333333333 0.0)
#(0 138850 212 106.5 40.9628571428571 0.0)
#(0 139701 212 106.5 43.7615079365079 0.0)
#(0 139702 212 106.5 41.0143939393939 0.0)
#(0 139703 212 106.5 39.0555555555556 0.0)
#(0 139704 212 106.5 45.8106481481481 0.0)
#(0 139705 212 106.5 42.1481481481482 0.0)
#(0 139706 212 106.5 44.8446168840906 0.0)
#(0 139707 212 106.5 -1 0.0)
#(0 139708 212 106.5 47.7361111111111 0.0)
#(0 139709 212 106.5 45.6944444444445 0.0)
#(0 139710 212 106.5 38.7254901960784 0.0)
#(0 139711 212 106.5 45.0174603174603 0.0)
#(0 139712 212 106.5 36.0187830687831 0.0)
#(0 137 213 106.5 41.2047212047212 0.0)
#(0 140 213 106.5 46.2215909090909 0.0)
#(0 505 213 106.515 43.6964285714286 0.0)
#(0 506 213 106.515 40.1203703703704 0.0)
#(0 514 213 106.515 44.7013888888889 0.0)
#(0 890 213 106.515 37.9551630434783 0.0)
#(0 1270 213 106.515 40.5361111111111 0.0)
#(0 1276 213 106.515 39.0432098765432 0.0)
#(0 1562 213 106.515 39.0883838383838 0.0)
#(0 1563 213 106.515 41.5111111111111 0.0)
#(0 1570 213 106.515 36.2724411603722 0.0)
#(0 2424 213 106.515 42.4777167277167 0.0)
#(0 137400 213 106.515 45.0174603174603 0.0)
#(0 137410 213 106.515 42.9225589225589 0.0)
#(0 137415 213 106.515 40.1111111111111 0.0)
#(0 137417 213 106.515 41.4031385281385 0.0)
#(0 137418 213 106.515 40.8166666666667 0.0)
#(0 137419 213 106.515 40.9958592132505 0.0)
#(0 137826 213 106.515 41.5083333333333 0.0)
#(0 137827 213 106.515 35.1041666666667 0.0)
#(0 137829 213 106.515 41.0922619047619 0.0)
#(0 137831 213 106.515 41.7324346405229 0.0)
#(0 137832 213 106.515 38.9712301587302 0.0)
#(0 137833 213 106.515 38.7 0.0)
#(0 137834 213 106.515 42.5913627099585 0.0)
#(0 137835 213 106.515 40.7004481792717 0.0)
#(0 138192 213 106.515 40.5506349206349 0.0)
#(0 138194 213 106.515 40.0360962566845 0.0)
#(0 138197 213 106.515 38.4166666666667 0.0)
#(0 138198 213 106.515 45.6944444444445 0.0)
#(0 138199 213 106.515 40.3936868686869 0.0)
#(0 138200 213 106.515 37.2003968253968 0.0)
#(0 138203 213 106.515 38.4483065953654 0.0)
#(0 138206 213 106.515 41.0172222222222 0.0)
#(0 138207 213 106.515 44.8295454545455 0.0)
#(0 138544 213 106.515 43.715873015873 0.0)
#(0 138547 213 106.515 40.8320512820513 0.0)
#(0 138548 213 106.515 41.7117647058824 0.0)
#(0 138553 213 106.515 39.2805555555556 0.0)
#(0 138833 213 106.515 35.1041666666667 0.0)
#(0 138846 213 106.515 40.0974967061924 0.0)
#(0 138849 213 106.515 38.9712301587302 0.0)
#(0 138851 213 106.515 41.1875 0.0)
#(0 138852 213 106.531 37.2003968253968 0.0)
#(0 138854 213 106.531 39.1507936507937 0.0)
#(0 138855 213 106.531 42.0400641025641 0.0)
#(0 138856 213 106.531 40.5506349206349 0.0)
#(0 138857 213 106.531 41.2785714285714 0.0)
#(0 138859 213 106.531 40.0360962566845 0.0)
#(0 139161 213 106.531 39.2805555555556 0.0)
#(0 139713 213 106.531 41.724358974359 0.0)
#(0 139714 213 106.531 40.3936868686869 0.0)
#(0 139715 213 106.531 38.0601307189542 0.0)
#(0 139716 213 106.531 43.7615079365079 0.0)
#(0 139717 213 106.531 39.2654934437543 0.0)
#(0 139718 213 106.531 49.1818181818182 0.0)
#(0 139719 213 106.531 43.6613756613757 0.0)
#(0 139720 213 106.531 36.0224358974359 0.0)
#(0 139721 213 106.531 44.8019005847953 0.0)
#(0 139722 213 106.531 43.8222222222222 0.0)
#(0 139723 213 106.531 37.4931623931624 0.0)
#(0 139725 213 106.531 42.7 0.0)
#(0 139726 213 106.531 39.8740740740741 0.0)
#(0 147 214 106.531 37.7043650793651 0.0)
#(0 153 214 106.531 40.5168560606061 0.0)
#(0 158 214 106.531 42.5952380952381 0.0)
#(0 519 214 106.531 40.2954545454545 0.0)
#(0 892 214 106.531 37.9551630434783 0.0)
#(0 901 214 106.531 41.8694444444444 0.0)
#(0 902 214 106.531 40.1203703703704 0.0)
#(0 903 214 106.531 39.8417293233083 0.0)
#(0 905 214 106.531 37.5231481481481 0.0)
#(0 910 214 106.531 40.6991452991453 0.0)
#(0 1289 214 106.531 42.7777777777778 0.0)
#(0 1572 214 106.531 36.2724411603722 0.0)
#(0 1573 214 106.531 41.2148448043185 0.0)
#(0 1575 214 106.531 36.9333333333333 0.0)
#(0 1576 214 106.531 38.8240740740741 0.0)
#(0 1870 214 106.531 37.5185185185185 0.0)
#(0 2437 214 106.531 40.6991452991453 0.0)
#(0 2442 214 106.531 39.8305555555556 0.0)
#(0 2444 214 106.531 38.7858345358345 0.0)
#(0 2445 214 106.531 40.0891529025403 0.0)
#(0 2446 214 106.531 39.0883838383838 0.0)
#(0 2447 214 106.531 42.4777167277167 0.0)
#(0 2449 214 106.531 38.4277777777778 0.0)
#(0 2450 214 106.531 39.6111111111111 0.0)
#(0 2451 214 106.531 39.8417293233083 0.0)
#(0 137403 214 106.531 39.5666666666667 0.0)
#(0 137423 214 106.531 40.1417654808959 0.0)
#(0 137426 214 106.531 37.2003968253968 0.0)
#(0 137427 214 106.531 43.8222222222222 0.0)
#(0 137429 214 106.531 41.7178571428571 0.0)
#(0 137432 214 106.531 49.5380952380952 0.0)
#(0 137843 214 106.531 43.0594708994709 0.0)
#(0 137848 214 106.547 40.9628571428571 0.0)
#(0 137849 214 106.547 38.0911680911681 0.0)
#(0 137851 214 106.547 40.9958592132505 0.0)
#(0 137852 214 106.547 41.2265043948614 0.0)
#(0 137853 214 106.547 42.5365961199294 0.0)
#(0 137854 214 106.547 41.9909722222222 0.0)
#(0 138201 214 106.547 40.0360962566845 0.0)
#(0 138202 214 106.547 41.4031385281385 0.0)
#(0 138211 214 106.547 45.6944444444445 0.0)
#(0 138212 214 106.547 43.6613756613757 0.0)
#(0 138216 214 106.547 38.7254901960784 0.0)
#(0 138217 214 106.547 40.1636904761905 0.0)
#(0 138853 214 106.547 41.724358974359 0.0)
#(0 138860 214 106.547 43.8222222222222 0.0)
#(0 138862 214 106.547 37.2003968253968 0.0)
#(0 138865 214 106.547 30.5833333333333 0.0)
#(0 138866 214 106.547 45.9166666666667 0.0)
#(0 138867 214 106.547 45.3666666666667 0.0)
#(0 138868 214 106.547 41.0922619047619 0.0)
#(0 138869 214 106.547 41.4031385281385 0.0)
#(0 139727 214 106.547 41.5566603535354 0.0)
#(0 139728 214 106.547 41.2341183574879 0.0)
#(0 139729 214 106.547 40.3936868686869 0.0)
#(0 139730 214 106.547 39.61 0.0)
#(0 139731 214 106.547 39.6707251082251 0.0)
#(0 139732 214 106.547 40.0974967061924 0.0)
#(0 139733 214 106.547 41.9572760025063 0.0)
#(0 169 215 106.547 40.6991452991453 0.0)
#(0 170 215 106.547 46.2215909090909 0.0)
#(0 176 215 106.547 42.5952380952381 0.0)
#(0 524 215 106.547 40.0891529025403 0.0)
#(0 526 215 106.547 71.0 0.0)
#(0 911 215 106.547 40.1203703703704 0.0)
#(0 912 215 106.547 55.1666666666667 0.0)
#(0 916 215 106.547 41.4222222222222 0.0)
#(0 1294 215 106.547 41.6141025641026 0.0)
#(0 1295 215 106.547 41.0541666666667 0.0)
#(0 1296 215 106.547 43.7809523809524 0.0)
#(0 1583 215 106.562 42.7777777777778 0.0)
#(0 1585 215 106.562 38.7858345358345 0.0)
#(0 1586 215 106.562 40.1142857142857 0.0)
#(0 1589 215 106.562 42.6166666666667 0.0)
#(0 1884 215 106.562 44.1578431372549 0.0)
#(0 2454 215 106.562 36.5902777777778 0.0)
#(0 2455 215 106.562 40.1203703703704 0.0)
#(0 2457 215 106.562 38.7858345358345 0.0)
#(0 2459 215 106.562 43.1645962732919 0.0)
#(0 2460 215 106.562 39.0833333333333 0.0)
#(0 137407 215 106.562 39.5666666666667 0.0)
#(0 137438 215 106.562 41.5083333333333 0.0)
#(0 137443 215 106.562 35.1041666666667 0.0)
#(0 137446 215 106.562 38.35 0.0)
#(0 137448 215 106.562 38.9712301587302 0.0)
#(0 137858 215 106.562 45.75 0.0)
#(0 137860 215 106.562 41.0172222222222 0.0)
#(0 137864 215 106.562 42.1481481481482 0.0)
#(0 137866 215 106.562 44.9722222222222 0.0)
#(0 138210 215 106.562 40.0360962566845 0.0)
#(0 138219 215 106.562 40.3936868686869 0.0)
#(0 138220 215 106.562 37.2003968253968 0.0)
#(0 138222 215 106.562 42.3317089018843 0.0)
#(0 138223 215 106.562 39.0555555555556 0.0)
#(0 138224 215 106.562 40.8465608465608 0.0)
#(0 138227 215 106.562 39.0666666666667 0.0)
#(0 138228 215 106.562 41.9948203842941 0.0)
#(0 138229 215 106.562 39.2654934437543 0.0)
#(0 138561 215 106.562 41.2265043948614 0.0)
#(0 138863 215 106.562 41.2785714285714 0.0)
#(0 138870 215 106.562 40.4166666666667 0.0)
#(0 138871 215 106.562 40.646218487395 0.0)
#(0 138872 215 106.562 42.1481481481482 0.0)
#(0 138873 215 106.562 45.7222222222222 0.0)
#(0 138874 215 106.562 41.5566603535354 0.0)
#(0 138875 215 106.562 38.2619047619048 0.0)
#(0 138876 215 106.562 37.45 0.0)
#(0 138877 215 106.562 43.8222222222222 0.0)
#(0 139724 215 106.562 43.8222222222222 0.0)
#(0 139734 215 106.562 38.1199102829538 0.0)
#(0 139735 215 106.562 40.1417654808959 0.0)
#(0 139736 215 106.562 45.8106481481481 0.0)
#(0 139737 215 106.562 41.9909722222222 0.0)
#(0 139738 215 106.562 44.4444444444444 0.0)
#(0 139739 215 106.562 39.8740740740741 0.0)
#(0 139740 215 106.562 39.5555555555556 0.0)
#(0 139741 215 106.562 44.8019005847953 0.0)
#(0 139742 215 106.562 39.0583333333333 0.0)
#(0 172 216 106.562 40.6991452991453 0.0)
#(0 181 216 106.562 41.8694444444444 0.0)
#(0 533 216 106.578 38.3269927536232 0.0)
#(0 537 216 106.578 38.8240740740741 0.0)
#(0 538 216 106.578 40.4727095516569 0.0)
#(0 925 216 106.578 41.6722222222222 0.0)
#(0 932 216 106.578 40.1142857142857 0.0)
#(0 1299 216 106.578 38.4277777777778 0.0)
#(0 1301 216 106.578 42.4777167277167 0.0)
#(0 1597 216 106.578 39.1380952380952 0.0)
#(0 1598 216 106.578 41.6130952380952 0.0)
#(0 2461 216 106.578 44.7013888888889 0.0)
#(0 2463 216 106.578 39.0432098765432 0.0)
#(0 2466 216 106.578 37.2150793650794 0.0)
#(0 2467 216 106.578 39.3602693602694 0.0)
#(0 2469 216 106.578 39.1380952380952 0.0)
#(0 137450 216 106.578 48.4888888888889 0.0)
#(0 137451 216 106.578 41.8827651515152 0.0)
#(0 137453 216 106.578 41.4031385281385 0.0)
#(0 137871 216 106.578 40.4166666666667 0.0)
#(0 137874 216 106.578 40.1417654808959 0.0)
#(0 137878 216 106.578 40.0360962566845 0.0)
#(0 137880 216 106.578 40.7901234567901 0.0)
#(0 137882 216 106.578 44.6666666666667 0.0)
#(0 138230 216 106.578 39.0583333333333 0.0)
#(0 138231 216 106.578 41.2265043948614 0.0)
#(0 138232 216 106.578 45.0174603174603 0.0)
#(0 138235 216 106.578 40.5506349206349 0.0)
#(0 138236 216 106.578 45.6944444444445 0.0)
#(0 138237 216 106.578 40.0974967061924 0.0)
#(0 138239 216 106.578 42.0400641025641 0.0)
#(0 138242 216 106.578 43.111915535445 0.0)
#(0 138244 216 106.578 39.5 0.0)
#(0 138878 216 106.578 39.8740740740741 0.0)
#(0 138879 216 106.578 39.0583333333333 0.0)
#(0 138880 216 106.578 45.0174603174603 0.0)
#(0 138881 216 106.578 39.8269980506823 0.0)
#(0 138882 216 106.578 41.4361111111111 0.0)
#(0 138883 216 106.578 41.2555555555556 0.0)
#(0 138884 216 106.578 40.7004481792717 0.0)
#(0 138886 216 106.578 42.5397869674185 0.0)
#(0 138888 216 106.578 40.4166666666667 0.0)
#(0 138889 216 106.578 40.1636904761905 0.0)
#(0 139190 216 106.578 41.5083333333333 0.0)
#(0 139743 216 106.578 41.8827651515152 0.0)
#(0 139744 216 106.578 42.2912784679089 0.0)
#(0 139745 216 106.578 39.5 0.0)
#(0 139746 216 106.578 40.9628571428571 0.0)
#(0 139747 216 106.578 35.1041666666667 0.0)
#(0 139748 216 106.578 -1 0.0)
#(0 139749 216 106.578 38.0911680911681 0.0)
#(0 139750 216 106.593 42.0400641025641 0.0)
#(0 139751 216 106.593 41.2341183574879 0.0)
#(0 139752 216 106.593 38.0601307189542 0.0)
#(0 139753 216 106.593 41.1875 0.0)
#(0 139754 216 106.593 43.7785185185185 0.0)
#(0 189 217 106.593 40.5168560606061 0.0)
#(0 190 217 106.593 38.8240740740741 0.0)
#(0 195 217 106.593 41.8694444444444 0.0)
#(0 539 217 106.593 44.1578431372549 0.0)
#(0 922 217 106.593 41.4222222222222 0.0)
#(0 937 217 106.593 38.4277777777778 0.0)
#(0 950 217 106.593 43.5694444444445 0.0)
#(0 955 217 106.593 58.0625 0.0)
#(0 1317 217 106.593 38.8240740740741 0.0)
#(0 1321 217 106.593 43.7957516339869 0.0)
#(0 1600 217 106.593 39.0833333333333 0.0)
#(0 1601 217 106.593 41.2047212047212 0.0)
#(0 1603 217 106.593 43.6964285714286 0.0)
#(0 1606 217 106.593 39.8305555555556 0.0)
#(0 1607 217 106.593 36.8849206349206 0.0)
#(0 1609 217 106.593 38.8240740740741 0.0)
#(0 1610 217 106.593 42.6166666666667 0.0)
#(0 1611 217 106.593 39.8888888888889 0.0)
#(0 1613 217 106.593 40.040293040293 0.0)
#(0 2471 217 106.593 40.040293040293 0.0)
#(0 2475 217 106.593 46.2111111111111 0.0)
#(0 2476 217 106.593 41.8998015873016 0.0)
#(0 137447 217 106.593 42.3317089018843 0.0)
#(0 137461 217 106.593 44.4444444444444 0.0)
#(0 137462 217 106.593 40.8320512820513 0.0)
#(0 137463 217 106.593 35.1041666666667 0.0)
#(0 137464 217 106.593 38.2887631975867 0.0)
#(0 137465 217 106.593 43.7785185185185 0.0)
#(0 137466 217 106.593 42.9153846153846 0.0)
#(0 137469 217 106.593 39.6571428571429 0.0)
#(0 137885 217 106.593 35.1041666666667 0.0)
#(0 137887 217 106.593 40.6208592132505 0.0)
#(0 138240 217 106.593 40.0974967061924 0.0)
#(0 138246 217 106.593 42.9153846153846 0.0)
#(0 138247 217 106.593 38.9712301587302 0.0)
#(0 138248 217 106.593 36.125 0.0)
#(0 138251 217 106.593 41.2341183574879 0.0)
#(0 138256 217 106.593 42.9225589225589 0.0)
#(0 138577 217 106.593 39.5666666666667 0.0)
#(0 138579 217 106.593 38.0601307189542 0.0)
#(0 138583 217 106.593 41.4126344086022 0.0)
#(0 138584 217 106.593 41.0549719887955 0.0)
#(0 138588 217 106.593 42.5397869674185 0.0)
#(0 138890 217 106.593 43.8222222222222 0.0)
#(0 138891 217 106.593 41.9572760025063 0.0)
#(0 138892 217 106.593 41.2785714285714 0.0)
#(0 138893 217 106.609 44.8446168840906 0.0)
#(0 138895 217 106.609 39.5666666666667 0.0)
#(0 138896 217 106.609 40.7004481792717 0.0)
#(0 138897 217 106.609 37.45 0.0)
#(0 138900 217 106.609 40.7901234567901 0.0)
#(0 138901 217 106.609 38.4483065953654 0.0)
#(0 139197 217 106.609 35.1574074074074 0.0)
#(0 139755 217 106.609 40.8320512820513 0.0)
#(0 139756 217 106.609 45.6944444444445 0.0)
#(0 139757 217 106.609 46.8027777777778 0.0)
#(0 139758 217 106.609 41.4126344086022 0.0)
#(0 139759 217 106.609 42.9225589225589 0.0)
#(0 139760 217 106.609 41.1503086419753 0.0)
#(0 139761 217 106.609 41.5083333333333 0.0)
#(0 139762 217 106.609 41.7528132992327 0.0)
#(0 139763 217 106.609 41.2511574074074 0.0)
#(0 139764 217 106.609 41.4361111111111 0.0)
#(0 202 218 106.609 41.2079831932773 0.0)
#(0 554 218 106.609 42.4777167277167 0.0)
#(0 556 218 106.609 36.2724411603722 0.0)
#(0 941 218 106.609 38.4277777777778 0.0)
#(0 960 218 106.609 43.6964285714286 0.0)
#(0 961 218 106.609 41.6130952380952 0.0)
#(0 968 218 106.609 39.0833333333333 0.0)
#(0 969 218 106.609 40.6991452991453 0.0)
#(0 971 218 106.609 41.0541666666667 0.0)
#(0 972 218 106.609 41.6141025641026 0.0)
#(0 973 218 106.609 43.1645962732919 0.0)
#(0 1325 218 106.609 40.5202821869489 0.0)
#(0 1330 218 106.609 40.1203703703704 0.0)
#(0 1331 218 106.609 37.2150793650794 0.0)
#(0 1602 218 106.609 41.2047212047212 0.0)
#(0 1614 218 106.609 40.5361111111111 0.0)
#(0 1615 218 106.609 37.5231481481481 0.0)
#(0 1617 218 106.609 39.0432098765432 0.0)
#(0 1619 218 106.609 37.9551630434783 0.0)
#(0 1622 218 106.609 34.3038150932888 0.0)
#(0 2482 218 106.609 37.7043650793651 0.0)
#(0 2483 218 106.609 40.4727095516569 0.0)
#(0 2490 218 106.609 37.709375 0.0)
#(0 137471 218 106.609 36.0224358974359 0.0)
#(0 137472 218 106.625 42.5365961199294 0.0)
#(0 137473 218 106.625 40.1636904761905 0.0)
#(0 137478 218 106.625 40.9958592132505 0.0)
#(0 137483 218 106.625 42.7 0.0)
#(0 137484 218 106.625 41.2341183574879 0.0)
#(0 137487 218 106.625 41.8827651515152 0.0)
#(0 137897 218 106.625 41.7528132992327 0.0)
#(0 137898 218 106.625 44.8446168840906 0.0)
#(0 137901 218 106.625 31.0 0.0)
#(0 137903 218 106.625 38.2619047619048 0.0)
#(0 137904 218 106.625 44.8295454545455 0.0)
#(0 137905 218 106.625 38.4166666666667 0.0)
#(0 137906 218 106.625 37.4931623931624 0.0)
#(0 138257 218 106.625 43.6934523809524 0.0)
#(0 138258 218 106.625 41.2785714285714 0.0)
#(0 138259 218 106.625 40.7004481792717 0.0)
#(0 138260 218 106.625 40.8320512820513 0.0)
#(0 138263 218 106.625 45.3541666666667 0.0)
#(0 138266 218 106.625 37.2003968253968 0.0)
#(0 138267 218 106.625 36.0224358974359 0.0)
#(0 138590 218 106.625 41.0549719887955 0.0)
#(0 138595 218 106.625 44.8019005847953 0.0)
#(0 138902 218 106.625 40.9958592132505 0.0)
#(0 138904 218 106.625 42.2912784679089 0.0)
#(0 138906 218 106.625 40.1111111111111 0.0)
#(0 138908 218 106.625 36.0224358974359 0.0)
#(0 138909 218 106.625 41.9909722222222 0.0)
#(0 138910 218 106.625 38.2272727272727 0.0)
#(0 138911 218 106.625 41.2785714285714 0.0)
#(0 138912 218 106.625 41.2555555555556 0.0)
#(0 139209 218 106.625 40.4166666666667 0.0)
#(0 139765 218 106.625 42.3113506272074 0.0)
#(0 139766 218 106.625 40.1636904761905 0.0)
#(0 139767 218 106.625 39.61 0.0)
#(0 139768 218 106.625 41.2555555555556 0.0)
#(0 139769 218 106.625 41.1503086419753 0.0)
#(0 139770 218 106.625 46.8027777777778 0.0)
#(0 139771 218 106.625 -1 0.0)
#(0 139772 218 106.625 43.3638888888889 0.0)
#(0 139773 218 106.625 41.7324346405229 0.0)
#(0 219 219 106.625 39.0432098765432 0.0)
#(0 222 219 106.625 43.1645962732919 0.0)
#(0 563 219 106.625 41.8998015873016 0.0)
#(0 564 219 106.625 40.040293040293 0.0)
#(0 565 219 106.625 40.25 0.0)
#(0 567 219 106.625 39.0833333333333 0.0)
#(0 568 219 106.625 43.7957516339869 0.0)
#(0 572 219 106.625 39.3602693602694 0.0)
#(0 575 219 106.625 43.1444444444444 0.0)
#(0 577 219 106.625 40.4727095516569 0.0)
#(0 974 219 106.64 38.7858345358345 0.0)
#(0 977 219 106.64 43.7809523809524 0.0)
#(0 982 219 106.64 34.4055555555556 0.0)
#(0 989 219 106.64 37.5185185185185 0.0)
#(0 1338 219 106.64 48.6 0.0)
#(0 1626 219 106.64 34.4055555555556 0.0)
#(0 1629 219 106.64 42.5952380952381 0.0)
#(0 1630 219 106.64 41.6722222222222 0.0)
#(0 1632 219 106.64 40.2013888888889 0.0)
#(0 1634 219 106.64 43.4027777777778 0.0)
#(0 1916 219 106.64 70.0 0.0)
#(0 2492 219 106.64 41.84375 0.0)
#(0 2495 219 106.64 38.3269927536232 0.0)
#(0 2497 219 106.64 41.2148448043185 0.0)
#(0 2498 219 106.64 37.2150793650794 0.0)
#(0 2499 219 106.64 34.3038150932888 0.0)
#(0 2500 219 106.64 44.1578431372549 0.0)
#(0 2501 219 106.64 40.5202821869489 0.0)
#(0 137489 219 106.64 42.3317089018843 0.0)
#(0 137490 219 106.64 43.7655303030303 0.0)
#(0 137493 219 106.64 41.7528132992327 0.0)
#(0 137495 219 106.64 41.9861111111111 0.0)
#(0 137499 219 106.64 41.1875 0.0)
#(0 137502 219 106.64 38.4583333333333 0.0)
#(0 137902 219 106.64 40.1417654808959 0.0)
#(0 137909 219 106.64 43.0512820512821 0.0)
#(0 137910 219 106.64 37.45 0.0)
#(0 137911 219 106.64 38.0601307189542 0.0)
#(0 137914 219 106.64 44.2 0.0)
#(0 137921 219 106.64 45.9166666666667 0.0)
#(0 137922 219 106.64 38.1199102829538 0.0)
#(0 137923 219 106.64 39.9989417989418 0.0)
#(0 137924 219 106.64 43.6613756613757 0.0)
#(0 137925 219 106.64 37.4931623931624 0.0)
#(0 138268 219 106.64 38.2272727272727 0.0)
#(0 138271 219 106.64 41.2341183574879 0.0)
#(0 138272 219 106.64 42.5365961199294 0.0)
#(0 138273 219 106.64 40.3936868686869 0.0)
#(0 138280 219 106.64 39.5 0.0)
#(0 138605 219 106.64 38.7 0.0)
#(0 138606 219 106.64 39.6707251082251 0.0)
#(0 138608 219 106.64 44.4444444444444 0.0)
#(0 138609 219 106.64 41.9572760025063 0.0)
#(0 138610 219 106.64 39.5 0.0)
#(0 138898 219 106.64 40.7004481792717 0.0)
#(0 138913 219 106.64 40.9958592132505 0.0)
#(0 138916 219 106.64 37.45 0.0)
#(0 138917 219 106.64 39.8740740740741 0.0)
#(0 138918 219 106.64 39.6571428571429 0.0)
#(0 138920 219 106.64 41.1875 0.0)
#(0 138922 219 106.64 44.8019005847953 0.0)
#(0 138924 219 106.64 39.8269980506823 0.0)
#(0 139774 219 106.656 40.1417654808959 0.0)
#(0 139776 219 106.656 44.2 0.0)
#(0 139777 219 106.656 42.5913627099585 0.0)
#(0 200 220 106.656 40.6991452991453 0.0)
#(0 232 220 106.656 41.3029988765016 0.0)
#(0 581 220 106.656 58.0625 0.0)
#(0 582 220 106.656 41.2079831932773 0.0)
#(0 583 220 106.656 41.8998015873016 0.0)
#(0 587 220 106.656 43.5694444444445 0.0)
#(0 992 220 106.656 43.0055555555556 0.0)
#(0 994 220 106.656 37.9551630434783 0.0)
#(0 996 220 106.656 39.8417293233083 0.0)
#(0 1001 220 106.656 34.4055555555556 0.0)
#(0 1004 220 106.656 46.2215909090909 0.0)
#(0 1005 220 106.656 43.7809523809524 0.0)
#(0 1009 220 106.656 40.2013888888889 0.0)
#(0 1343 220 106.656 40.4727095516569 0.0)
#(0 1346 220 106.656 40.5361111111111 0.0)
#(0 1347 220 106.656 43.5694444444445 0.0)
#(0 1636 220 106.656 38.4277777777778 0.0)
#(0 1637 220 106.656 40.4727095516569 0.0)
#(0 1639 220 106.656 42.4777167277167 0.0)
#(0 1641 220 106.656 39.0833333333333 0.0)
#(0 1643 220 106.656 40.1142857142857 0.0)
#(0 1645 220 106.656 43.7809523809524 0.0)
#(0 2503 220 106.656 39.8305555555556 0.0)
#(0 2504 220 106.656 49.0 0.0)
#(0 2505 220 106.656 44.7013888888889 0.0)
#(0 2508 220 106.656 41.2079831932773 0.0)
#(0 2510 220 106.656 38.8240740740741 0.0)
#(0 137475 220 106.656 42.9153846153846 0.0)
#(0 137504 220 106.656 40.8465608465608 0.0)
#(0 137513 220 106.656 43.715873015873 0.0)
#(0 137514 220 106.656 41.1550671550672 0.0)
#(0 137907 220 106.656 38.2619047619048 0.0)
#(0 137912 220 106.656 44.8295454545455 0.0)
#(0 137927 220 106.656 41.1875 0.0)
#(0 137933 220 106.656 38.7254901960784 0.0)
#(0 138281 220 106.656 38.0601307189542 0.0)
#(0 138282 220 106.656 38.7254901960784 0.0)
#(0 138283 220 106.656 40.8465608465608 0.0)
#(0 138284 220 106.656 41.0172222222222 0.0)
#(0 138285 220 106.656 41.0143939393939 0.0)
#(0 138287 220 106.656 40.6208592132505 0.0)
#(0 138289 220 106.656 45.3541666666667 0.0)
#(0 138290 220 106.656 39.8740740740741 0.0)
#(0 138291 220 106.656 44.6666666666667 0.0)
#(0 138612 220 106.656 42.0400641025641 0.0)
#(0 138619 220 106.672 40.6208592132505 0.0)
#(0 138622 220 106.672 41.9572760025063 0.0)
#(0 138923 220 106.672 47.485119047619 0.0)
#(0 138927 220 106.672 41.0143939393939 0.0)
#(0 138929 220 106.672 43.111915535445 0.0)
#(0 139225 220 106.672 44.8295454545455 0.0)
#(0 139228 220 106.672 43.3638888888889 0.0)
#(0 139775 220 106.672 41.7324346405229 0.0)
#(0 139778 220 106.672 45.3541666666667 0.0)
#(0 139779 220 106.672 37.45 0.0)
#(0 139780 220 106.672 38.2272727272727 0.0)
#(0 139781 220 106.672 42.0400641025641 0.0)
#(0 139782 220 106.672 40.646218487395 0.0)
#(0 139783 220 106.672 46.8027777777778 0.0)
#(0 139785 220 106.672 38.9712301587302 0.0)
#(0 139787 220 106.672 41.0922619047619 0.0)
#(0 228 221 106.672 40.6991452991453 0.0)
#(0 245 221 106.672 36.9333333333333 0.0)
#(0 248 221 106.672 40.1142857142857 0.0)
#(0 590 221 106.672 39.1380952380952 0.0)
#(0 593 221 106.672 39.5 0.0)
#(0 594 221 106.672 40.4727095516569 0.0)
#(0 599 221 106.672 39.1380952380952 0.0)
#(0 1012 221 106.672 39.0432098765432 0.0)
#(0 1351 221 106.672 41.84375 0.0)
#(0 1363 221 106.672 44.7013888888889 0.0)
#(0 1642 221 106.672 40.4727095516569 0.0)
#(0 1648 221 106.672 36.2724411603722 0.0)
#(0 1655 221 106.672 42.4777167277167 0.0)
#(0 1656 221 106.672 37.5231481481481 0.0)
#(0 1932 221 106.672 43.6964285714286 0.0)
#(0 2512 221 106.672 37.5638888888889 0.0)
#(0 2515 221 106.672 41.2148448043185 0.0)
#(0 2517 221 106.672 39.1380952380952 0.0)
#(0 2520 221 106.672 39.8417293233083 0.0)
#(0 137516 221 106.672 43.8222222222222 0.0)
#(0 137517 221 106.672 41.7324346405229 0.0)
#(0 137518 221 106.672 44.6666666666667 0.0)
#(0 137519 221 106.672 36.0224358974359 0.0)
#(0 137524 221 106.672 40.9958592132505 0.0)
#(0 137525 221 106.672 41.0172222222222 0.0)
#(0 137942 221 106.672 40.8320512820513 0.0)
#(0 137944 221 106.672 35.1041666666667 0.0)
#(0 137945 221 106.672 44.6666666666667 0.0)
#(0 138275 221 106.672 46.8027777777778 0.0)
#(0 138293 221 106.672 42.3819444444445 0.0)
#(0 138294 221 106.672 44.8446168840906 0.0)
#(0 138295 221 106.672 38.1199102829538 0.0)
#(0 138296 221 106.672 39.5 0.0)
#(0 138628 221 106.687 42.5397869674185 0.0)
#(0 138630 221 106.687 39.8055555555556 0.0)
#(0 138635 221 106.687 42.3317089018843 0.0)
#(0 138638 221 106.687 42.0400641025641 0.0)
#(0 138932 221 106.687 46.25 0.0)
#(0 138933 221 106.687 41.0549719887955 0.0)
#(0 138935 221 106.687 40.3829365079365 0.0)
#(0 138936 221 106.687 47.315873015873 0.0)
#(0 138938 221 106.687 41.5566603535354 0.0)
#(0 138939 221 106.687 40.5506349206349 0.0)
#(0 138941 221 106.687 41.2265043948614 0.0)
#(0 138943 221 106.687 43.7655303030303 0.0)
#(0 139788 221 106.687 39.6571428571429 0.0)
#(0 139789 221 106.687 40.1111111111111 0.0)
#(0 139790 221 106.687 43.7655303030303 0.0)
#(0 139791 221 106.687 39.8055555555556 0.0)
#(0 139792 221 106.687 44.4329004329004 0.0)
#(0 257 222 106.687 40.4727095516569 0.0)
#(0 262 222 106.687 39.6111111111111 0.0)
#(0 607 222 106.687 40.040293040293 0.0)
#(0 608 222 106.687 46.3333333333333 0.0)
#(0 609 222 106.687 36.9333333333333 0.0)
#(0 611 222 106.687 39.8305555555556 0.0)
#(0 614 222 106.687 43.4027777777778 0.0)
#(0 1018 222 106.687 34.1296296296296 0.0)
#(0 1019 222 106.687 41.2148448043185 0.0)
#(0 1020 222 106.687 41.6141025641026 0.0)
#(0 1028 222 106.687 41.2079831932773 0.0)
#(0 1666 222 106.687 39.3602693602694 0.0)
#(0 1671 222 106.687 38.3269927536232 0.0)
#(0 1944 222 106.687 36.2724411603722 0.0)
#(0 1946 222 106.687 43.7809523809524 0.0)
#(0 2526 222 106.687 41.3029988765016 0.0)
#(0 2529 222 106.687 40.5361111111111 0.0)
#(0 137522 222 106.687 41.1550671550672 0.0)
#(0 137528 222 106.687 39.5555555555556 0.0)
#(0 137533 222 106.687 35.1574074074074 0.0)
#(0 137534 222 106.687 41.9861111111111 0.0)
#(0 137943 222 106.687 40.9628571428571 0.0)
#(0 137946 222 106.687 40.9958592132505 0.0)
#(0 137950 222 106.687 38.1199102829538 0.0)
#(0 137953 222 106.687 42.3113506272074 0.0)
#(0 137954 222 106.687 43.7615079365079 0.0)
#(0 137956 222 106.703 35.1041666666667 0.0)
#(0 137958 222 106.703 40.7004481792717 0.0)
#(0 137959 222 106.703 45.0174603174603 0.0)
#(0 137960 222 106.703 43.715873015873 0.0)
#(0 138299 222 106.703 44.8019005847953 0.0)
#(0 138300 222 106.703 40.7004481792717 0.0)
#(0 138302 222 106.703 42.9153846153846 0.0)
#(0 138303 222 106.703 43.111915535445 0.0)
#(0 138304 222 106.703 41.9948203842941 0.0)
#(0 138305 222 106.703 41.682326007326 0.0)
#(0 138306 222 106.703 43.0594708994709 0.0)
#(0 138307 222 106.703 45.6944444444445 0.0)
#(0 138641 222 106.703 41.2785714285714 0.0)
#(0 138644 222 106.703 38.4583333333333 0.0)
#(0 138645 222 106.703 44.2 0.0)
#(0 138925 222 106.703 47.485119047619 0.0)
#(0 138940 222 106.703 38.1199102829538 0.0)
#(0 138945 222 106.703 38.0911680911681 0.0)
#(0 138948 222 106.703 44.8446168840906 0.0)
#(0 138950 222 106.703 40.8465608465608 0.0)
#(0 138951 222 106.703 38.2272727272727 0.0)
#(0 138953 222 106.703 39.6571428571429 0.0)
#(0 138956 222 106.703 48.0 0.0)
#(0 138957 222 106.703 40.0974967061924 0.0)
#(0 139784 222 106.703 46.8027777777778 0.0)
#(0 139793 222 106.703 34.0845588235294 0.0)
#(0 139794 222 106.703 35.1574074074074 0.0)
#(0 139795 222 106.703 38.9712301587302 0.0)
#(0 139796 222 106.703 39.6707251082251 0.0)
#(0 139797 222 106.703 42.5365961199294 0.0)
#(0 139798 222 106.703 37.4931623931624 0.0)
#(0 139799 222 106.703 42.9225589225589 0.0)
#(0 139800 222 106.703 36.0187830687831 0.0)
#(0 139801 222 106.703 38.4166666666667 0.0)
#(0 139802 222 106.718 41.1503086419753 0.0)
#(0 139803 222 106.718 41.2435185185185 0.0)
#(0 139805 222 106.718 37.2003968253968 0.0)
#(0 269 223 106.718 39.0833333333333 0.0)
#(0 623 223 106.718 39.3602693602694 0.0)
#(0 1025 223 106.718 41.2148448043185 0.0)
#(0 1041 223 106.718 37.5185185185185 0.0)
#(0 1379 223 106.718 39.8305555555556 0.0)
#(0 1381 223 106.718 40.0891529025403 0.0)
#(0 1382 223 106.718 43.5694444444445 0.0)
#(0 1672 223 106.718 41.2185185185185 0.0)
#(0 1674 223 106.718 41.2079831932773 0.0)
#(0 1676 223 106.718 41.2148448043185 0.0)
#(0 1683 223 106.718 36.2724411603722 0.0)
#(0 2533 223 106.718 37.9551630434783 0.0)
#(0 2534 223 106.718 36.2724411603722 0.0)
#(0 2535 223 106.718 41.4222222222222 0.0)
#(0 2539 223 106.718 40.5361111111111 0.0)
#(0 2541 223 106.718 43.7957516339869 0.0)
#(0 2542 223 106.718 42.7777777777778 0.0)
#(0 2543 223 106.718 46.2111111111111 0.0)
#(0 2544 223 106.718 37.5231481481481 0.0)
#(0 2545 223 106.718 46.3333333333333 0.0)
#(0 137530 223 106.718 40.9958592132505 0.0)
#(0 137541 223 106.718 44.6666666666667 0.0)
#(0 137543 223 106.718 43.7824074074074 0.0)
#(0 137544 223 106.718 37.4931623931624 0.0)
#(0 137549 223 106.718 44.8295454545455 0.0)
#(0 137551 223 106.718 40.8465608465608 0.0)
#(0 137552 223 106.718 41.2265043948614 0.0)
#(0 137554 223 106.718 43.7615079365079 0.0)
#(0 137555 223 106.718 38.0911680911681 0.0)
#(0 137970 223 106.718 46.25 0.0)
#(0 137972 223 106.718 40.9628571428571 0.0)
#(0 138309 223 106.718 40.8320512820513 0.0)
#(0 138311 223 106.718 40.0360962566845 0.0)
#(0 138312 223 106.718 38.7254901960784 0.0)
#(0 138313 223 106.718 40.478243978244 0.0)
#(0 138314 223 106.718 39.8740740740741 0.0)
#(0 138651 223 106.718 41.2341183574879 0.0)
#(0 138931 223 106.718 47.485119047619 0.0)
#(0 138958 223 106.718 43.6613756613757 0.0)
#(0 138960 223 106.718 45.0174603174603 0.0)
#(0 138961 223 106.718 59.25 0.0)
#(0 138962 223 106.718 38.35 0.0)
#(0 138964 223 106.718 39.2654934437543 0.0)
#(0 139786 223 106.734 46.8027777777778 0.0)
#(0 139804 223 106.734 39.6571428571429 0.0)
#(0 139806 223 106.734 36.0187830687831 0.0)
#(0 139807 223 106.734 43.715873015873 0.0)
#(0 139808 223 106.734 40.8320512820513 0.0)
#(0 139809 223 106.734 36.0224358974359 0.0)
#(0 139810 223 106.734 41.7117647058824 0.0)
#(0 139811 223 106.734 42.5913627099585 0.0)
#(0 139812 223 106.734 45.3541666666667 0.0)
#(0 139813 223 106.734 44.8295454545455 0.0)
#(0 139814 223 106.734 39.0916666666667 0.0)
#(0 139815 223 106.734 42.0400641025641 0.0)
#(0 139817 223 106.734 40.3829365079365 0.0)
#(0 139818 223 106.734 43.3638888888889 0.0)
#(0 139819 223 106.734 41.2341183574879 0.0)
#(0 139820 223 106.734 40.8166666666667 0.0)
#(0 139821 223 106.734 41.0172222222222 0.0)
#(0 275 224 106.734 43.1645962732919 0.0)
#(0 279 224 106.734 41.6141025641026 0.0)
#(0 281 224 106.734 40.2013888888889 0.0)
#(0 282 224 106.734 38.8240740740741 0.0)
#(0 629 224 106.734 46.2215909090909 0.0)
#(0 630 224 106.734 37.7043650793651 0.0)
#(0 636 224 106.734 41.6722222222222 0.0)
#(0 637 224 106.734 41.4222222222222 0.0)
#(0 638 224 106.734 41.0541666666667 0.0)
#(0 639 224 106.734 41.2185185185185 0.0)
#(0 1042 224 106.734 43.4027777777778 0.0)
#(0 1043 224 106.734 41.8694444444444 0.0)
#(0 1046 224 106.734 41.2148448043185 0.0)
#(0 1048 224 106.734 38.8240740740741 0.0)
#(0 1386 224 106.734 34.1296296296296 0.0)
#(0 1391 224 106.734 38.3269927536232 0.0)
#(0 1678 224 106.734 38.3269927536232 0.0)
#(0 1684 224 106.734 34.3038150932888 0.0)
#(0 1685 224 106.734 68.5 0.0)
#(0 2530 224 106.734 41.3029988765016 0.0)
#(0 2548 224 106.734 39.5952380952381 0.0)
#(0 2551 224 106.734 44.1578431372549 0.0)
#(0 137556 224 106.734 43.8222222222222 0.0)
#(0 137558 224 106.734 49.9722222222222 0.0)
#(0 137560 224 106.734 40.8320512820513 0.0)
#(0 137562 224 106.734 44.6666666666667 0.0)
#(0 137563 224 106.734 40.6208592132505 0.0)
#(0 137564 224 106.734 42.3113506272074 0.0)
#(0 137569 224 106.734 41.5083333333333 0.0)
#(0 137570 224 106.734 42.5365961199294 0.0)
#(0 137571 224 106.734 61.5 0.0)
#(0 137574 224 106.734 41.9572760025063 0.0)
#(0 137575 224 106.734 40.3936868686869 0.0)
#(0 137579 224 106.734 42.3317089018843 0.0)
#(0 137973 224 106.734 38.0601307189542 0.0)
#(0 137976 224 106.734 39.5666666666667 0.0)
#(0 137977 224 106.734 43.0594708994709 0.0)
#(0 138315 224 106.734 44.6666666666667 0.0)
#(0 138316 224 106.734 38.1199102829538 0.0)
#(0 138317 224 106.734 41.1503086419753 0.0)
#(0 138319 224 106.734 43.6613756613757 0.0)
#(0 138320 224 106.75 41.9948203842941 0.0)
#(0 138321 224 106.75 41.724358974359 0.0)
#(0 138323 224 106.75 42.9153846153846 0.0)
#(0 138326 224 106.75 40.6208592132505 0.0)
#(0 138655 224 106.75 39.0916666666667 0.0)
#(0 138952 224 106.75 47.485119047619 0.0)
#(0 138967 224 106.75 41.9948203842941 0.0)
#(0 138968 224 106.75 38.7254901960784 0.0)
#(0 138969 224 106.75 46.8027777777778 0.0)
#(0 138970 224 106.75 42.9153846153846 0.0)
#(0 138971 224 106.75 38.2887631975867 0.0)
#(0 138972 224 106.75 45.3666666666667 0.0)
#(0 138973 224 106.75 48.4888888888889 0.0)
#(0 139822 224 106.75 40.7004481792717 0.0)
#(0 139823 224 106.75 45.9166666666667 0.0)
#(0 139824 224 106.75 41.9948203842941 0.0)
#(0 139825 224 106.75 43.6613756613757 0.0)
#(0 139826 224 106.75 40.8320512820513 0.0)
#(0 139827 224 106.75 41.5566603535354 0.0)
#(0 139828 224 106.75 41.5083333333333 0.0)
#(0 139829 224 106.75 43.715873015873 0.0)
#(0 139830 224 106.75 40.1111111111111 0.0)
#(0 139831 224 106.75 49.5380952380952 0.0)
#(0 139832 224 106.75 38.0911680911681 0.0)
#(0 280 225 106.75 37.709375 0.0)
#(0 295 225 106.75 41.0541666666667 0.0)
#(0 301 225 106.75 43.6964285714286 0.0)
#(0 653 225 106.75 38.7858345358345 0.0)
#(0 656 225 106.75 40.4727095516569 0.0)
#(0 1056 225 106.75 36.8849206349206 0.0)
#(0 1059 225 106.75 36.9333333333333 0.0)
#(0 1060 225 106.75 46.2111111111111 0.0)
#(0 1395 225 106.75 40.6991452991453 0.0)
#(0 1398 225 106.75 37.9551630434783 0.0)
#(0 1399 225 106.75 34.3038150932888 0.0)
#(0 1404 225 106.75 41.8998015873016 0.0)
#(0 1694 225 106.75 41.6722222222222 0.0)
#(0 1700 225 106.75 37.9551630434783 0.0)
#(0 2555 225 106.75 42.7777777777778 0.0)
#(0 2559 225 106.75 39.0432098765432 0.0)
#(0 2560 225 106.75 39.8417293233083 0.0)
#(0 2563 225 106.75 42.4777167277167 0.0)
#(0 2564 225 106.75 41.6722222222222 0.0)
#(0 137577 225 106.75 41.1550671550672 0.0)
#(0 137584 225 106.75 38.2619047619048 0.0)
#(0 137588 225 106.75 41.2341183574879 0.0)
#(0 137590 225 106.75 48.4888888888889 0.0)
#(0 137593 225 106.75 40.7004481792717 0.0)
#(0 137595 225 106.75 38.875 0.0)
#(0 137980 225 106.75 41.0172222222222 0.0)
#(0 137983 225 106.765 38.2619047619048 0.0)
#(0 137985 225 106.765 30.5833333333333 0.0)
#(0 137986 225 106.765 40.5506349206349 0.0)
#(0 137993 225 106.765 40.1111111111111 0.0)
#(0 138324 225 106.765 43.6613756613757 0.0)
#(0 138325 225 106.765 39.2654934437543 0.0)
#(0 138327 225 106.765 43.8222222222222 0.0)
#(0 138329 225 106.765 41.5566603535354 0.0)
#(0 138330 225 106.765 43.111915535445 0.0)
#(0 138332 225 106.765 39.8055555555556 0.0)
#(0 138333 225 106.765 36.0224358974359 0.0)
#(0 138334 225 106.765 49.1818181818182 0.0)
#(0 138335 225 106.765 38.2887631975867 0.0)
#(0 138338 225 106.765 41.1875 0.0)
#(0 138666 225 106.765 41.0017806267806 0.0)
#(0 138667 225 106.765 39.5666666666667 0.0)
#(0 138670 225 106.765 38.0601307189542 0.0)
#(0 138974 225 106.765 43.9494485294118 0.0)
#(0 138975 225 106.765 44.8019005847953 0.0)
#(0 138977 225 106.765 42.1481481481482 0.0)
#(0 138979 225 106.765 42.3113506272074 0.0)
#(0 138980 225 106.765 42.0400641025641 0.0)
#(0 138981 225 106.765 41.9572760025063 0.0)
#(0 138982 225 106.765 40.5506349206349 0.0)
#(0 138983 225 106.765 40.3829365079365 0.0)
#(0 138985 225 106.765 43.6613756613757 0.0)
#(0 138986 225 106.765 35.4169719169719 0.0)
#(0 138988 225 106.765 41.4361111111111 0.0)
#(0 139277 225 106.765 37.45 0.0)
#(0 139278 225 106.765 45.6944444444445 0.0)
#(0 139816 225 106.765 36.0187830687831 0.0)
#(0 139833 225 106.765 40.8166666666667 0.0)
#(0 139834 225 106.765 44.6666666666667 0.0)
#(0 139835 225 106.765 42.3317089018843 0.0)
#(0 139836 225 106.765 40.7004481792717 0.0)
#(0 139837 225 106.765 41.0549719887955 0.0)
#(0 139838 225 106.765 39.1923076923077 0.0)
#(0 139839 225 106.765 47.485119047619 0.0)
#(0 139840 225 106.765 39.2654934437543 0.0)
#(0 297 226 106.765 37.9551630434783 0.0)
#(0 299 226 106.765 36.8849206349206 0.0)
#(0 305 226 106.765 42.4777167277167 0.0)
#(0 311 226 106.765 46.2111111111111 0.0)
#(0 659 226 106.765 41.6722222222222 0.0)
#(0 1071 226 106.765 41.6130952380952 0.0)
#(0 1074 226 106.765 37.709375 0.0)
#(0 1078 226 106.765 38.3269927536232 0.0)
#(0 1401 226 106.765 40.6991452991453 0.0)
#(0 1701 226 106.765 41.6722222222222 0.0)
#(0 1704 226 106.765 43.7809523809524 0.0)
#(0 1705 226 106.765 41.8694444444444 0.0)
#(0 1706 226 106.765 41.4222222222222 0.0)
#(0 1708 226 106.781 40.2954545454545 0.0)
#(0 1710 226 106.781 38.4277777777778 0.0)
#(0 2567 226 106.781 37.9551630434783 0.0)
#(0 2568 226 106.781 40.6991452991453 0.0)
#(0 2571 226 106.781 41.6141025641026 0.0)
#(0 2573 226 106.781 68.5 0.0)
#(0 137583 226 106.781 43.6613756613757 0.0)
#(0 137601 226 106.781 44.8446168840906 0.0)
#(0 137603 226 106.781 45.9166666666667 0.0)
#(0 137996 226 106.781 41.5566603535354 0.0)
#(0 137999 226 106.781 41.0017806267806 0.0)
#(0 138000 226 106.781 41.1503086419753 0.0)
#(0 138002 226 106.781 40.1111111111111 0.0)
#(0 138004 226 106.781 40.478243978244 0.0)
#(0 138340 226 106.781 45.0174603174603 0.0)
#(0 138343 226 106.781 41.4031385281385 0.0)
#(0 138344 226 106.781 41.4361111111111 0.0)
#(0 138345 226 106.781 40.0974967061924 0.0)
#(0 138347 226 106.781 45.3666666666667 0.0)
#(0 138351 226 106.781 38.2887631975867 0.0)
#(0 138671 226 106.781 41.2341183574879 0.0)
#(0 138674 226 106.781 39.8055555555556 0.0)
#(0 138677 226 106.781 41.2511574074074 0.0)
#(0 138976 226 106.781 46.8027777777778 0.0)
#(0 138989 226 106.781 43.9494485294118 0.0)
#(0 138992 226 106.781 37.2003968253968 0.0)
#(0 138993 226 106.781 41.9909722222222 0.0)
#(0 138994 226 106.781 44.9722222222222 0.0)
#(0 138996 226 106.781 38.1199102829538 0.0)
#(0 138998 226 106.781 44.4444444444444 0.0)
#(0 138999 226 106.781 42.3317089018843 0.0)
#(0 139842 226 106.781 41.724358974359 0.0)
#(0 139843 226 106.781 39.2081196581197 0.0)
#(0 139844 226 106.781 38.4483065953654 0.0)
#(0 139845 226 106.781 37.4931623931624 0.0)
#(0 139846 226 106.781 39.8740740740741 0.0)
#(0 139847 226 106.781 44.4791666666667 0.0)
#(0 139848 226 106.781 62.3 0.0)
#(0 139849 226 106.781 43.7655303030303 0.0)
#(0 139850 226 106.781 41.1875 0.0)
#(0 139851 226 106.781 39.5666666666667 0.0)
#(0 139852 226 106.781 47.45 0.0)
#(0 139853 226 106.781 41.4126344086022 0.0)
#(0 318 227 106.781 37.5185185185185 0.0)
#(0 321 227 106.781 39.3602693602694 0.0)
#(0 324 227 106.781 40.6991452991453 0.0)
#(0 658 227 106.781 40.4727095516569 0.0)
#(0 673 227 106.781 55.6666666666667 0.0)
#(0 677 227 106.781 41.2185185185185 0.0)
#(0 678 227 106.781 42.1666666666667 0.0)
#(0 685 227 106.781 42.5952380952381 0.0)
#(0 1069 227 106.797 36.9333333333333 0.0)
#(0 1076 227 106.797 46.2111111111111 0.0)
#(0 1079 227 106.797 36.8849206349206 0.0)
#(0 1080 227 106.797 37.5231481481481 0.0)
#(0 1090 227 106.797 37.2150793650794 0.0)
#(0 1422 227 106.797 40.6840909090909 0.0)
#(0 1427 227 106.797 58.0625 0.0)
#(0 1718 227 106.797 43.5694444444445 0.0)
#(0 1719 227 106.797 41.6130952380952 0.0)
#(0 1720 227 106.797 41.3029988765016 0.0)
#(0 2004 227 106.797 40.2013888888889 0.0)
#(0 2569 227 106.797 41.6722222222222 0.0)
#(0 2575 227 106.797 37.2150793650794 0.0)
#(0 2576 227 106.797 36.8849206349206 0.0)
#(0 2580 227 106.797 40.4727095516569 0.0)
#(0 2581 227 106.797 39.0883838383838 0.0)
#(0 137606 227 106.797 40.478243978244 0.0)
#(0 137607 227 106.797 38.0601307189542 0.0)
#(0 137609 227 106.797 41.0017806267806 0.0)
#(0 137613 227 106.797 41.2785714285714 0.0)
#(0 137616 227 106.797 41.2555555555556 0.0)
#(0 138007 227 106.797 45.3666666666667 0.0)
#(0 138010 227 106.797 39.8055555555556 0.0)
#(0 138012 227 106.797 43.6934523809524 0.0)
#(0 138014 227 106.797 38.7254901960784 0.0)
#(0 138015 227 106.797 43.4166666666667 0.0)
#(0 138346 227 106.797 41.4031385281385 0.0)
#(0 138353 227 106.797 41.4361111111111 0.0)
#(0 138356 227 106.797 40.3936868686869 0.0)
#(0 138360 227 106.797 41.8827651515152 0.0)
#(0 138366 227 106.797 42.0400641025641 0.0)
#(0 138685 227 106.797 41.2341183574879 0.0)
#(0 138990 227 106.797 40.3829365079365 0.0)
#(0 138991 227 106.797 40.3936868686869 0.0)
#(0 138995 227 106.797 43.6613756613757 0.0)
#(0 139001 227 106.797 42.2912784679089 0.0)
#(0 139002 227 106.797 39.7083333333333 0.0)
#(0 139003 227 106.797 40.8465608465608 0.0)
#(0 139004 227 106.797 41.2555555555556 0.0)
#(0 139006 227 106.797 41.9572760025063 0.0)
#(0 139007 227 106.797 42.575 0.0)
#(0 139008 227 106.797 40.7004481792717 0.0)
#(0 139841 227 106.797 47.485119047619 0.0)
#(0 139854 227 106.797 38.0601307189542 0.0)
#(0 139855 227 106.797 40.1417654808959 0.0)
#(0 139856 227 106.797 43.8222222222222 0.0)
#(0 139858 227 106.797 41.2555555555556 0.0)
#(0 139859 227 106.797 45.8106481481481 0.0)
#(0 314 228 106.797 36.8849206349206 0.0)
#(0 331 228 106.797 38.8240740740741 0.0)
#(0 339 228 106.812 40.4727095516569 0.0)
#(0 340 228 106.812 41.2047212047212 0.0)
#(0 341 228 106.812 41.6722222222222 0.0)
#(0 687 228 106.812 58.0625 0.0)
#(0 690 228 106.812 37.5833333333333 0.0)
#(0 1085 228 106.812 39.8417293233083 0.0)
#(0 1092 228 106.812 41.3029988765016 0.0)
#(0 1093 228 106.812 40.040293040293 0.0)
#(0 1094 228 106.812 46.2111111111111 0.0)
#(0 1096 228 106.812 41.6722222222222 0.0)
#(0 1721 228 106.812 37.5231481481481 0.0)
#(0 1723 228 106.812 40.2954545454545 0.0)
#(0 1726 228 106.812 39.1380952380952 0.0)
#(0 1729 228 106.812 46.2215909090909 0.0)
#(0 1730 228 106.812 38.3269927536232 0.0)
#(0 1731 228 106.812 68.5 0.0)
#(0 1732 228 106.812 37.709375 0.0)
#(0 2579 228 106.812 37.2150793650794 0.0)
#(0 2586 228 106.812 41.5111111111111 0.0)
#(0 2587 228 106.812 41.2148448043185 0.0)
#(0 2588 228 106.812 41.3029988765016 0.0)
#(0 137617 228 106.812 40.3936868686869 0.0)
#(0 137618 228 106.812 41.7178571428571 0.0)
#(0 137620 228 106.812 40.8320512820513 0.0)
#(0 137623 228 106.812 43.111915535445 0.0)
#(0 137627 228 106.812 43.0512820512821 0.0)
#(0 138013 228 106.812 45.3541666666667 0.0)
#(0 138020 228 106.812 43.0594708994709 0.0)
#(0 138023 228 106.812 39.0666666666667 0.0)
#(0 138364 228 106.812 38.2887631975867 0.0)
#(0 138370 228 106.812 43.7824074074074 0.0)
#(0 138373 228 106.812 41.724358974359 0.0)
#(0 138375 228 106.812 38.35 0.0)
#(0 138376 228 106.812 39.8269980506823 0.0)
#(0 138378 228 106.812 38.7254901960784 0.0)
#(0 138691 228 106.812 40.1111111111111 0.0)
#(0 138696 228 106.812 43.7785185185185 0.0)
#(0 139005 228 106.812 42.2912784679089 0.0)
#(0 139010 228 106.812 40.9958592132505 0.0)
#(0 139013 228 106.812 41.724358974359 0.0)
#(0 139014 228 106.812 46.8027777777778 0.0)
#(0 139015 228 106.812 42.9153846153846 0.0)
#(0 139018 228 106.812 47.485119047619 0.0)
#(0 139298 228 106.812 41.0017806267806 0.0)
#(0 139857 228 106.812 39.5666666666667 0.0)
#(0 139860 228 106.812 39.0583333333333 0.0)
#(0 139861 228 106.812 42.5913627099585 0.0)
#(0 139862 228 106.812 40.9628571428571 0.0)
#(0 139863 228 106.812 41.9909722222222 0.0)
#(0 139864 228 106.812 41.5566603535354 0.0)
#(0 139865 228 106.812 43.6613756613757 0.0)
#(0 139866 228 106.812 34.0845588235294 0.0)
#(0 346 229 106.828 37.9551630434783 0.0)
#(0 348 229 106.828 40.5361111111111 0.0)
#(0 697 229 106.828 44.1578431372549 0.0)
#(0 698 229 106.828 41.6722222222222 0.0)
#(0 700 229 106.828 44.7013888888889 0.0)
#(0 708 229 106.828 36.8849206349206 0.0)
#(0 710 229 106.828 41.2079831932773 0.0)
#(0 1103 229 106.828 40.1142857142857 0.0)
#(0 1105 229 106.828 39.6111111111111 0.0)
#(0 1109 229 106.828 43.2559523809524 0.0)
#(0 1110 229 106.828 42.6166666666667 0.0)
#(0 1437 229 106.828 39.0833333333333 0.0)
#(0 1442 229 106.828 36.8849206349206 0.0)
#(0 1725 229 106.828 37.5231481481481 0.0)
#(0 1733 229 106.828 41.6130952380952 0.0)
#(0 1735 229 106.828 44.7013888888889 0.0)
#(0 2589 229 106.828 41.2148448043185 0.0)
#(0 2592 229 106.828 43.2559523809524 0.0)
#(0 2596 229 106.828 40.6991452991453 0.0)
#(0 2598 229 106.828 55.6666666666667 0.0)
#(0 137631 229 106.843 43.715873015873 0.0)
#(0 137633 229 106.843 41.2265043948614 0.0)
#(0 137634 229 106.843 40.0360962566845 0.0)
#(0 137636 229 106.843 39.0666666666667 0.0)
#(0 137637 229 106.843 41.9861111111111 0.0)
#(0 138030 229 106.843 38.4483065953654 0.0)
#(0 138031 229 106.843 38.2887631975867 0.0)
#(0 138037 229 106.843 45.8106481481481 0.0)
#(0 138038 229 106.843 40.0974967061924 0.0)
#(0 138043 229 106.843 43.7615079365079 0.0)
#(0 138044 229 106.843 42.3113506272074 0.0)
#(0 138045 229 106.843 44.6666666666667 0.0)
#(0 138048 229 106.843 41.8827651515152 0.0)
#(0 138354 229 106.843 41.4361111111111 0.0)
#(0 138361 229 106.843 40.3936868686869 0.0)
#(0 138379 229 106.843 42.5913627099585 0.0)
#(0 138380 229 106.843 47.45 0.0)
#(0 138381 229 106.843 43.0594708994709 0.0)
#(0 138383 229 106.843 41.7324346405229 0.0)
#(0 138384 229 106.843 40.8320512820513 0.0)
#(0 138386 229 106.843 40.5506349206349 0.0)
#(0 138699 229 106.843 44.8446168840906 0.0)
#(0 138703 229 106.843 43.9494485294118 0.0)
#(0 138706 229 106.843 37.2003968253968 0.0)
#(0 139020 229 106.843 40.8166666666667 0.0)
#(0 139021 229 106.843 41.9948203842941 0.0)
#(0 139024 229 106.843 43.715873015873 0.0)
#(0 139025 229 106.843 42.0400641025641 0.0)
#(0 139026 229 106.843 40.0974967061924 0.0)
#(0 139027 229 106.843 39.0916666666667 0.0)
#(0 139303 229 106.843 40.8465608465608 0.0)
#(0 139867 229 106.843 41.1875 0.0)
#(0 139868 229 106.843 39.2805555555556 0.0)
#(0 139869 229 106.843 41.9948203842941 0.0)
#(0 139870 229 106.843 46.8027777777778 0.0)
#(0 139871 229 106.843 44.2 0.0)
#(0 139872 229 106.843 40.7901234567901 0.0)
#(0 139873 229 106.843 41.4031385281385 0.0)
#(0 139874 229 106.843 42.7 0.0)
#(0 354 230 106.843 41.84375 0.0)
#(0 355 230 106.843 37.709375 0.0)
#(0 714 230 106.843 40.5202821869489 0.0)
#(0 722 230 106.843 41.0541666666667 0.0)
#(0 1112 230 106.843 37.9551630434783 0.0)
#(0 1117 230 106.843 41.84375 0.0)
#(0 1448 230 106.843 38.3269927536232 0.0)
#(0 1727 230 106.843 37.5231481481481 0.0)
#(0 1741 230 106.843 41.6130952380952 0.0)
#(0 1743 230 106.843 37.2150793650794 0.0)
#(0 1745 230 106.843 39.6111111111111 0.0)
#(0 1746 230 106.843 38.4277777777778 0.0)
#(0 1749 230 106.859 42.5952380952381 0.0)
#(0 1750 230 106.859 39.0432098765432 0.0)
#(0 1753 230 106.859 43.7957516339869 0.0)
#(0 2599 230 106.859 41.84375 0.0)
#(0 2600 230 106.859 42.4777167277167 0.0)
#(0 2601 230 106.859 37.2150793650794 0.0)
#(0 137640 230 106.859 40.1417654808959 0.0)
#(0 137641 230 106.859 39.8269980506823 0.0)
#(0 137642 230 106.859 35.1041666666667 0.0)
#(0 137643 230 106.859 38.9712301587302 0.0)
#(0 137645 230 106.859 42.3113506272074 0.0)
#(0 137649 230 106.859 41.1875 0.0)
#(0 137653 230 106.859 41.8827651515152 0.0)
#(0 137656 230 106.859 41.5083333333333 0.0)
#(0 138053 230 106.859 38.4166666666667 0.0)
#(0 138054 230 106.859 41.7178571428571 0.0)
#(0 138385 230 106.859 42.9225589225589 0.0)
#(0 138387 230 106.859 42.0400641025641 0.0)
#(0 138389 230 106.859 41.5566603535354 0.0)
#(0 138709 230 106.859 38.0601307189542 0.0)
#(0 138713 230 106.859 43.6613756613757 0.0)
#(0 139029 230 106.859 42.3819444444445 0.0)
#(0 139032 230 106.859 47.315873015873 0.0)
#(0 139033 230 106.859 40.7901234567901 0.0)
#(0 139035 230 106.859 41.0172222222222 0.0)
#(0 139036 230 106.859 41.9861111111111 0.0)
#(0 139318 230 106.859 41.0017806267806 0.0)
#(0 139875 230 106.859 41.3083333333333 0.0)
#(0 139876 230 106.859 41.4126344086022 0.0)
#(0 139877 230 106.859 41.7178571428571 0.0)
#(0 139878 230 106.859 42.9225589225589 0.0)
#(0 139879 230 106.859 40.8320512820513 0.0)
#(0 139880 230 106.859 38.875 0.0)
#(0 139881 230 106.859 38.9712301587302 0.0)
#(0 139882 230 106.859 41.9948203842941 0.0)
#(0 139883 230 106.859 45.3541666666667 0.0)
#(0 139884 230 106.859 45.7222222222222 0.0)
#(0 365 231 106.875 40.6840909090909 0.0)
#(0 1128 231 106.875 40.5168560606061 0.0)
#(0 1129 231 106.875 43.6964285714286 0.0)
#(0 1137 231 106.875 39.8305555555556 0.0)
#(0 1460 231 106.875 37.5231481481481 0.0)
#(0 1744 231 106.875 40.2738095238095 0.0)
#(0 1755 231 106.875 39.6111111111111 0.0)
#(0 1760 231 106.875 39.8417293233083 0.0)
#(0 1761 231 106.875 37.7043650793651 0.0)
#(0 2605 231 106.875 37.5185185185185 0.0)
#(0 2606 231 106.875 39.1380952380952 0.0)
#(0 2608 231 106.875 43.1444444444444 0.0)
#(0 2609 231 106.875 46.2215909090909 0.0)
#(0 2613 231 106.875 40.1203703703704 0.0)
#(0 2615 231 106.875 41.2079831932773 0.0)
#(0 137644 231 106.875 39.8269980506823 0.0)
#(0 137657 231 106.875 42.9225589225589 0.0)
#(0 137659 231 106.875 42.1481481481482 0.0)
#(0 137665 231 106.875 49.9722222222222 0.0)
#(0 137669 231 106.875 49.9722222222222 0.0)
#(0 137670 231 106.875 39.2654934437543 0.0)
#(0 137671 231 106.875 41.9948203842941 0.0)
#(0 137672 231 106.875 44.4329004329004 0.0)
#(0 138064 231 106.875 37.2003968253968 0.0)
#(0 138065 231 106.875 38.9712301587302 0.0)
#(0 138070 231 106.875 42.5365961199294 0.0)
#(0 138073 231 106.875 43.7615079365079 0.0)
#(0 138076 231 106.875 40.646218487395 0.0)
#(0 138396 231 106.875 41.1550671550672 0.0)
#(0 138398 231 106.875 64.0 0.0)
#(0 138400 231 106.875 36.0224358974359 0.0)
#(0 138401 231 106.875 -1 0.0)
#(0 138719 231 106.875 47.315873015873 0.0)
#(0 138720 231 106.875 44.4329004329004 0.0)
#(0 138725 231 106.875 42.5365961199294 0.0)
#(0 138726 231 106.875 40.0360962566845 0.0)
#(0 139030 231 106.875 40.0974967061924 0.0)
#(0 139037 231 106.875 44.8446168840906 0.0)
#(0 139038 231 106.875 42.7 0.0)
#(0 139039 231 106.875 43.7655303030303 0.0)
#(0 139040 231 106.875 43.0833333333333 0.0)
#(0 139041 231 106.875 40.1636904761905 0.0)
#(0 139042 231 106.875 40.1417654808959 0.0)
#(0 139043 231 106.875 42.3819444444445 0.0)
#(0 139045 231 106.875 40.1111111111111 0.0)
#(0 139046 231 106.875 42.3113506272074 0.0)
#(0 139323 231 106.875 45.1041666666667 0.0)
#(0 139885 231 106.875 41.2265043948614 0.0)
#(0 139886 231 106.875 43.6613756613757 0.0)
#(0 139888 231 106.89 36.0187830687831 0.0)
#(0 139889 231 106.89 41.682326007326 0.0)
#(0 139891 231 106.89 42.3113506272074 0.0)
#(0 139892 231 106.89 46.8027777777778 0.0)
#(0 371 232 106.89 38.4277777777778 0.0)
#(0 372 232 106.89 39.0432098765432 0.0)
#(0 375 232 106.89 41.2047212047212 0.0)
#(0 376 232 106.89 41.2185185185185 0.0)
#(0 742 232 106.89 37.7043650793651 0.0)
#(0 1145 232 106.89 48.6 0.0)
#(0 1146 232 106.89 41.6141025641026 0.0)
#(0 1473 232 106.89 39.3602693602694 0.0)
#(0 1477 232 106.89 42.5952380952381 0.0)
#(0 1765 232 106.89 37.709375 0.0)
#(0 1766 232 106.89 41.8694444444444 0.0)
#(0 1770 232 106.89 41.2079831932773 0.0)
#(0 1771 232 106.89 40.4727095516569 0.0)
#(0 2045 232 106.89 38.8240740740741 0.0)
#(0 2616 232 106.89 40.0891529025403 0.0)
#(0 2619 232 106.89 40.2738095238095 0.0)
#(0 2620 232 106.89 45.3095238095238 0.0)
#(0 2622 232 106.89 39.1380952380952 0.0)
#(0 2623 232 106.89 37.2150793650794 0.0)
#(0 2624 232 106.89 42.4777167277167 0.0)
#(0 137666 232 106.89 41.7324346405229 0.0)
#(0 137674 232 106.89 35.4169719169719 0.0)
#(0 137676 232 106.89 41.2511574074074 0.0)
#(0 137677 232 106.89 45.0174603174603 0.0)
#(0 137679 232 106.89 42.9153846153846 0.0)
#(0 138067 232 106.89 41.8827651515152 0.0)
#(0 138078 232 106.89 43.8222222222222 0.0)
#(0 138079 232 106.89 39.0666666666667 0.0)
#(0 138085 232 106.89 46.8027777777778 0.0)
#(0 138087 232 106.89 59.5 0.0)
#(0 138407 232 106.89 41.1875 0.0)
#(0 138409 232 106.89 41.682326007326 0.0)
#(0 138413 232 106.89 42.2912784679089 0.0)
#(0 138732 232 106.89 39.2654934437543 0.0)
#(0 138736 232 106.89 45.2727272727273 0.0)
#(0 139044 232 106.89 42.3819444444445 0.0)
#(0 139047 232 106.89 40.0974967061924 0.0)
#(0 139048 232 106.89 40.646218487395 0.0)
#(0 139049 232 106.89 44.4444444444444 0.0)
#(0 139050 232 106.89 41.8827651515152 0.0)
#(0 139051 232 106.89 39.1923076923077 0.0)
#(0 139052 232 106.89 39.6571428571429 0.0)
#(0 139054 232 106.906 43.9494485294118 0.0)
#(0 139056 232 106.906 41.4031385281385 0.0)
#(0 139887 232 106.906 38.9712301587302 0.0)
#(0 139890 232 106.906 43.6613756613757 0.0)
#(0 139893 232 106.906 42.0400641025641 0.0)
#(0 139894 232 106.906 42.0 0.0)
#(0 139895 232 106.906 43.7655303030303 0.0)
#(0 139896 232 106.906 41.1550671550672 0.0)
#(0 139897 232 106.906 44.6666666666667 0.0)
#(0 139898 232 106.906 41.9948203842941 0.0)
#(0 139899 232 106.906 35.4169719169719 0.0)
#(0 139900 232 106.906 42.9153846153846 0.0)
#(0 139902 232 106.906 42.2912784679089 0.0)
#(0 382 233 106.906 38.3269927536232 0.0)
#(0 747 233 106.906 41.6130952380952 0.0)
#(0 749 233 106.906 39.0833333333333 0.0)
#(0 750 233 106.906 55.6666666666667 0.0)
#(0 751 233 106.906 40.040293040293 0.0)
#(0 753 233 106.906 34.3038150932888 0.0)
#(0 755 233 106.906 41.8998015873016 0.0)
#(0 1154 233 106.906 37.5231481481481 0.0)
#(0 1156 233 106.906 38.8240740740741 0.0)
#(0 1483 233 106.906 41.2079831932773 0.0)
#(0 1756 233 106.906 39.6111111111111 0.0)
#(0 1773 233 106.906 39.8417293233083 0.0)
#(0 1774 233 106.906 42.5952380952381 0.0)
#(0 1778 233 106.906 39.8305555555556 0.0)
#(0 2051 233 106.906 40.6840909090909 0.0)
#(0 2052 233 106.906 39.3602693602694 0.0)
#(0 2056 233 106.906 37.9551630434783 0.0)
#(0 2627 233 106.906 43.2559523809524 0.0)
#(0 2629 233 106.906 43.1645962732919 0.0)
#(0 2633 233 106.906 36.5902777777778 0.0)
#(0 2635 233 106.906 41.4222222222222 0.0)
#(0 137681 233 106.906 40.1417654808959 0.0)
#(0 137682 233 106.906 38.4166666666667 0.0)
#(0 137683 233 106.906 41.3083333333333 0.0)
#(0 137686 233 106.906 43.111915535445 0.0)
#(0 137687 233 106.906 40.7004481792717 0.0)
#(0 137689 233 106.906 42.5365961199294 0.0)
#(0 137695 233 106.906 40.6208592132505 0.0)
#(0 138072 233 106.906 47.315873015873 0.0)
#(0 138093 233 106.906 40.9628571428571 0.0)
#(0 138097 233 106.906 43.6934523809524 0.0)
#(0 138099 233 106.906 39.5 0.0)
#(0 138100 233 106.906 48.6666666666667 0.0)
#(0 138416 233 106.906 43.111915535445 0.0)
#(0 138417 233 106.906 41.2341183574879 0.0)
#(0 138419 233 106.906 45.0174603174603 0.0)
#(0 138420 233 106.906 42.5365961199294 0.0)
#(0 138421 233 106.906 42.9225589225589 0.0)
#(0 138425 233 106.922 39.0583333333333 0.0)
#(0 138426 233 106.922 40.7901234567901 0.0)
#(0 138427 233 106.922 41.2555555555556 0.0)
#(0 138740 233 106.922 41.0143939393939 0.0)
#(0 138741 233 106.922 41.8827651515152 0.0)
#(0 139053 233 106.922 40.646218487395 0.0)
#(0 139057 233 106.922 45.6944444444445 0.0)
#(0 139059 233 106.922 40.6208592132505 0.0)
#(0 139060 233 106.922 37.45 0.0)
#(0 139061 233 106.922 41.2511574074074 0.0)
#(0 139062 233 106.922 39.6571428571429 0.0)
#(0 139063 233 106.922 41.7528132992327 0.0)
#(0 139064 233 106.922 39.0555555555556 0.0)
#(0 139065 233 106.922 41.2265043948614 0.0)
#(0 139066 233 106.922 40.0360962566845 0.0)
#(0 139901 233 106.922 42.3113506272074 0.0)
#(0 139903 233 106.922 41.2435185185185 0.0)
#(0 139904 233 106.922 42.5913627099585 0.0)
#(0 139905 233 106.922 38.4166666666667 0.0)
#(0 139906 233 106.922 48.0 0.0)
#(0 139907 233 106.922 37.4931623931624 0.0)
#(0 139908 233 106.922 40.8320512820513 0.0)
#(0 139909 233 106.922 39.2081196581197 0.0)
#(0 393 234 106.922 49.0 0.0)
#(0 397 234 106.922 37.5231481481481 0.0)
#(0 762 234 106.922 40.040293040293 0.0)
#(0 1165 234 106.922 38.4277777777778 0.0)
#(0 1170 234 106.922 41.2047212047212 0.0)
#(0 1492 234 106.922 41.8998015873016 0.0)
#(0 1775 234 106.937 37.709375 0.0)
#(0 1779 234 106.937 43.7957516339869 0.0)
#(0 1780 234 106.937 41.2079831932773 0.0)
#(0 1782 234 106.937 36.9333333333333 0.0)
#(0 1783 234 106.953 34.1296296296296 0.0)
#(0 1784 234 106.953 41.84375 0.0)
#(0 1788 234 106.953 41.2185185185185 0.0)
#(0 2636 234 106.953 46.2111111111111 0.0)
#(0 2639 234 106.953 41.6722222222222 0.0)
#(0 2641 234 106.953 38.4277777777778 0.0)
#(0 137696 234 106.953 39.0916666666667 0.0)
#(0 137697 234 106.953 41.9572760025063 0.0)
#(0 137699 234 106.953 41.2265043948614 0.0)
#(0 137700 234 106.953 41.0549719887955 0.0)
#(0 137702 234 106.953 40.9958592132505 0.0)
#(0 137704 234 106.953 43.9494485294118 0.0)
#(0 137705 234 106.953 38.4483065953654 0.0)
#(0 137706 234 106.953 41.5566603535354 0.0)
#(0 137714 234 106.953 43.6613756613757 0.0)
#(0 138101 234 106.953 44.8446168840906 0.0)
#(0 138103 234 106.953 41.8827651515152 0.0)
#(0 138104 234 106.953 40.3936868686869 0.0)
#(0 138429 234 106.953 36.0224358974359 0.0)
#(0 138430 234 106.953 35.1574074074074 0.0)
#(0 138431 234 106.953 41.0172222222222 0.0)
#(0 138432 234 106.953 37.4931623931624 0.0)
#(0 138433 234 106.953 41.0143939393939 0.0)
#(0 138434 234 106.953 38.4166666666667 0.0)
#(0 138435 234 106.953 39.0555555555556 0.0)
#(0 138748 234 106.953 44.6666666666667 0.0)
#(0 138750 234 106.953 39.2081196581197 0.0)
#(0 138752 234 106.953 37.45 0.0)
#(0 138754 234 106.953 41.9909722222222 0.0)
#(0 139067 234 106.953 42.5365961199294 0.0)
#(0 139068 234 106.953 41.0922619047619 0.0)
#(0 139069 234 106.953 39.8740740740741 0.0)
#(0 139070 234 106.953 43.8222222222222 0.0)
#(0 139071 234 106.953 41.7528132992327 0.0)
#(0 139072 234 106.953 43.0833333333333 0.0)
#(0 139074 234 106.953 44.8295454545455 0.0)
#(0 139075 234 106.953 40.1417654808959 0.0)
#(0 139910 234 106.953 37.2003968253968 0.0)
#(0 139911 234 106.953 46.8027777777778 0.0)
#(0 139912 234 106.953 42.5397869674185 0.0)
#(0 139913 234 106.953 40.1111111111111 0.0)
#(0 139914 234 106.953 43.715873015873 0.0)
#(0 139915 234 106.953 39.0583333333333 0.0)
#(0 139916 234 106.953 43.6613756613757 0.0)
#(0 139917 234 106.953 41.9572760025063 0.0)
#(0 139918 234 106.953 39.0555555555556 0.0)
#(0 776 235 106.953 43.2559523809524 0.0)
#(0 779 235 106.953 37.7043650793651 0.0)
#(0 780 235 106.953 37.5185185185185 0.0)
#(0 784 235 106.953 41.6141025641026 0.0)
#(0 785 235 106.953 46.2215909090909 0.0)
#(0 786 235 106.953 38.7858345358345 0.0)
#(0 1175 235 106.968 42.4777167277167 0.0)
#(0 1178 235 106.968 39.0883838383838 0.0)
#(0 1781 235 106.968 43.7957516339869 0.0)
#(0 1789 235 106.968 37.709375 0.0)
#(0 1793 235 106.968 36.9333333333333 0.0)
#(0 1794 235 106.968 41.2047212047212 0.0)
#(0 1795 235 106.968 40.2954545454545 0.0)
#(0 1801 235 106.968 43.1645962732919 0.0)
#(0 1802 235 106.968 71.0 0.0)
#(0 2638 235 106.968 46.2111111111111 0.0)
#(0 2649 235 106.968 41.6722222222222 0.0)
#(0 137707 235 106.968 39.8269980506823 0.0)
#(0 137715 235 106.968 41.1503086419753 0.0)
#(0 137719 235 106.968 42.1481481481482 0.0)
#(0 137720 235 106.968 39.5666666666667 0.0)
#(0 137725 235 106.968 41.9909722222222 0.0)
#(0 137729 235 106.968 38.7254901960784 0.0)
#(0 137730 235 106.968 39.5 0.0)
#(0 138109 235 106.968 40.5506349206349 0.0)
#(0 138111 235 106.968 41.724358974359 0.0)
#(0 138412 235 106.968 41.1875 0.0)
#(0 138436 235 106.968 41.3083333333333 0.0)
#(0 138437 235 106.968 40.478243978244 0.0)
#(0 138441 235 106.968 42.9153846153846 0.0)
#(0 138442 235 106.968 41.9572760025063 0.0)
#(0 138443 235 106.968 41.2341183574879 0.0)
#(0 138445 235 106.968 38.9712301587302 0.0)
#(0 138446 235 106.968 42.5365961199294 0.0)
#(0 138448 235 106.968 40.7004481792717 0.0)
#(0 138761 235 106.968 36.0224358974359 0.0)
#(0 138768 235 106.968 41.4031385281385 0.0)
#(0 139077 235 106.968 42.3113506272074 0.0)
#(0 139078 235 106.968 43.7824074074074 0.0)
#(0 139079 235 106.968 41.0549719887955 0.0)
#(0 139080 235 106.968 42.3317089018843 0.0)
#(0 139081 235 106.968 41.5083333333333 0.0)
#(0 139084 235 106.968 38.0911680911681 0.0)
#(0 139085 235 106.968 41.2555555555556 0.0)
#(0 139361 235 106.968 42.0400641025641 0.0)
#(0 139919 235 106.968 42.3113506272074 0.0)
#(0 139920 235 106.984 39.2805555555556 0.0)
#(0 139921 235 106.984 36.0187830687831 0.0)
#(0 139922 235 106.984 39.5555555555556 0.0)
#(0 139923 235 106.984 39.8055555555556 0.0)
#(0 139924 235 106.984 41.5566603535354 0.0)
#(0 139925 235 106.984 41.4031385281385 0.0)
#(0 139926 235 106.984 40.5506349206349 0.0)
#(0 139927 235 106.984 41.7528132992327 0.0)
#(0 139928 235 106.984 41.0172222222222 0.0)
#(0 403 236 106.984 43.1444444444444 0.0)
#(0 417 236 106.984 46.2215909090909 0.0)
#(0 422 236 106.984 39.5952380952381 0.0)
#(0 787 236 106.984 42.6166666666667 0.0)
#(0 798 236 106.984 37.2150793650794 0.0)
#(0 800 236 106.984 39.8417293233083 0.0)
#(0 803 236 106.984 44.1578431372549 0.0)
#(0 1183 236 106.984 39.0833333333333 0.0)
#(0 1184 236 106.984 37.9551630434783 0.0)
#(0 1185 236 106.984 38.8240740740741 0.0)
#(0 1186 236 106.984 39.6111111111111 0.0)
#(0 1187 236 106.984 37.5231481481481 0.0)
#(0 1188 236 106.984 37.709375 0.0)
#(0 1189 236 106.984 41.8998015873016 0.0)
#(0 1506 236 106.984 43.1645962732919 0.0)
#(0 1510 236 106.984 40.040293040293 0.0)
#(0 1803 236 106.984 39.0432098765432 0.0)
#(0 1804 236 106.984 36.2724411603722 0.0)
#(0 1809 236 106.984 41.8998015873016 0.0)
#(0 1810 236 106.984 40.4727095516569 0.0)
#(0 1811 236 106.984 36.5 0.0)
#(0 2085 236 106.984 40.040293040293 0.0)
#(0 2648 236 106.984 38.4277777777778 0.0)
#(0 2655 236 106.984 43.1645962732919 0.0)
#(0 2659 236 106.984 40.040293040293 0.0)
#(0 2660 236 106.984 42.7777777777778 0.0)
#(0 137703 236 106.984 40.9958592132505 0.0)
#(0 137712 236 106.984 39.8269980506823 0.0)
#(0 137732 236 106.984 43.9494485294118 0.0)
#(0 137734 236 106.984 40.3829365079365 0.0)
#(0 137735 236 106.984 42.5365961199294 0.0)
#(0 137738 236 106.984 42.2912784679089 0.0)
#(0 137740 236 106.984 41.2435185185185 0.0)
#(0 137743 236 106.984 46.8027777777778 0.0)
#(0 137744 236 106.984 37.2003968253968 0.0)
#(0 138118 236 106.984 41.0922619047619 0.0)
#(0 138119 236 106.984 -1 0.0)
#(0 138123 236 106.984 41.7528132992327 0.0)
#(0 138451 236 106.984 43.111915535445 0.0)
#(0 138454 236 106.984 38.7254901960784 0.0)
#(0 138459 236 106.984 41.1550671550672 0.0)
#(0 138462 236 107.0 40.3829365079365 0.0)
#(0 138463 236 107.0 42.0400641025641 0.0)
#(0 138464 236 107.0 42.3113506272074 0.0)
#(0 138465 236 107.0 38.2619047619048 0.0)
#(0 138773 236 107.0 38.4166666666667 0.0)
#(0 139083 236 107.0 40.4166666666667 0.0)
#(0 139087 236 107.0 40.646218487395 0.0)
#(0 139088 236 107.0 39.0555555555556 0.0)
#(0 139089 236 107.0 39.5 0.0)
#(0 139090 236 107.0 40.478243978244 0.0)
#(0 139091 236 107.0 41.2265043948614 0.0)
#(0 139092 236 107.0 38.2619047619048 0.0)
#(0 139094 236 107.0 38.7254901960784 0.0)
#(0 139363 236 107.0 42.9153846153846 0.0)
#(0 139929 236 107.0 39.1507936507937 0.0)
#(0 139930 236 107.0 41.9909722222222 0.0)
#(0 139931 236 107.0 39.9989417989418 0.0)
#(0 139932 236 107.0 39.8055555555556 0.0)
#(0 424 237 107.0 41.2047212047212 0.0)
#(0 427 237 107.0 41.6722222222222 0.0)
#(0 429 237 107.0 41.2185185185185 0.0)
#(0 807 237 107.0 42.1666666666667 0.0)
#(0 809 237 107.0 43.4027777777778 0.0)
#(0 810 237 107.0 44.7013888888889 0.0)
#(0 811 237 107.0 39.3602693602694 0.0)
#(0 813 237 107.0 40.5202821869489 0.0)
#(0 817 237 107.0 41.4222222222222 0.0)
#(0 1197 237 107.0 37.5185185185185 0.0)
#(0 1513 237 107.0 41.6130952380952 0.0)
#(0 1518 237 107.0 39.0833333333333 0.0)
#(0 1799 237 107.0 43.7957516339869 0.0)
#(0 1812 237 107.0 41.2148448043185 0.0)
#(0 1813 237 107.0 38.3269927536232 0.0)
#(0 1814 237 107.0 39.6111111111111 0.0)
#(0 1815 237 107.0 37.709375 0.0)
#(0 1820 237 107.0 37.9551630434783 0.0)
#(0 2645 237 107.0 46.2111111111111 0.0)
#(0 2665 237 107.0 39.6111111111111 0.0)
#(0 2672 237 107.0 40.040293040293 0.0)
#(0 2673 237 107.0 40.4727095516569 0.0)
#(0 137726 237 107.0 42.5397869674185 0.0)
#(0 137746 237 107.0 38.2272727272727 0.0)
#(0 137747 237 107.0 40.1636904761905 0.0)
#(0 137748 237 107.0 42.5913627099585 0.0)
#(0 137749 237 107.0 38.4583333333333 0.0)
#(0 137753 237 107.0 44.8446168840906 0.0)
#(0 137754 237 107.0 40.7901234567901 0.0)
#(0 137755 237 107.0 40.8166666666667 0.0)
#(0 137756 237 107.0 62.3 0.0)
#(0 137758 237 107.0 41.3083333333333 0.0)
#(0 137760 237 107.015 35.1041666666667 0.0)
#(0 138126 237 107.015 39.0583333333333 0.0)
#(0 138127 237 107.015 39.7083333333333 0.0)
#(0 138128 237 107.015 40.7901234567901 0.0)
#(0 138130 237 107.015 45.2222222222222 0.0)
#(0 138134 237 107.015 42.3113506272074 0.0)
#(0 138135 237 107.015 38.4166666666667 0.0)
#(0 138449 237 107.015 41.9572760025063 0.0)
#(0 138471 237 107.015 -1 0.0)
#(0 138473 237 107.015 37.4931623931624 0.0)
#(0 138776 237 107.015 39.0555555555556 0.0)
#(0 138778 237 107.015 42.0400641025641 0.0)
#(0 139093 237 107.015 38.2619047619048 0.0)
#(0 139095 237 107.015 41.0172222222222 0.0)
#(0 139096 237 107.015 40.646218487395 0.0)
#(0 139097 237 107.015 43.0594708994709 0.0)
#(0 139099 237 107.015 41.2341183574879 0.0)
#(0 139100 237 107.015 41.5566603535354 0.0)
#(0 139102 237 107.015 42.5365961199294 0.0)
#(0 139103 237 107.015 39.1923076923077 0.0)
#(0 139104 237 107.015 43.9494485294118 0.0)
#(0 139105 237 107.015 39.8740740740741 0.0)
#(0 139106 237 107.015 39.0555555555556 0.0)
#(0 139107 237 107.015 38.0601307189542 0.0)
#(0 139108 237 107.015 49.25 0.0)
#(0 139111 237 107.015 42.2912784679089 0.0)
#(0 139933 237 107.015 41.8827651515152 0.0)
#(0 139934 237 107.015 40.1111111111111 0.0)
#(0 139935 237 107.015 42.3317089018843 0.0)
#(0 139937 237 107.015 43.7785185185185 0.0)
#(0 139938 237 107.015 43.0833333333333 0.0)
#(0 139939 237 107.015 43.111915535445 0.0)
#(0 432 238 107.015 43.5694444444445 0.0)
#(0 434 238 107.015 39.0432098765432 0.0)
#(0 438 238 107.015 41.8998015873016 0.0)
#(0 440 238 107.015 42.5952380952381 0.0)
#(0 441 238 107.015 42.4777167277167 0.0)
#(0 442 238 107.015 41.2047212047212 0.0)
#(0 827 238 107.015 40.1203703703704 0.0)
#(0 829 238 107.015 37.5185185185185 0.0)
#(0 1213 238 107.031 44.1578431372549 0.0)
#(0 1219 238 107.031 39.1380952380952 0.0)
#(0 1526 238 107.031 34.4055555555556 0.0)
#(0 1823 238 107.031 37.7043650793651 0.0)
#(0 1825 238 107.031 40.0891529025403 0.0)
#(0 1828 238 107.031 34.3038150932888 0.0)
#(0 2674 238 107.031 40.2954545454545 0.0)
#(0 2675 238 107.031 41.2047212047212 0.0)
#(0 2676 238 107.031 36.8849206349206 0.0)
#(0 2677 238 107.031 40.5202821869489 0.0)
#(0 2680 238 107.031 55.6666666666667 0.0)
#(0 2681 238 107.031 36.5 0.0)
#(0 2682 238 107.031 38.8240740740741 0.0)
#(0 2683 238 107.031 37.5231481481481 0.0)
#(0 137722 238 107.031 39.8269980506823 0.0)
#(0 137764 238 107.031 40.5506349206349 0.0)
#(0 137767 238 107.031 42.9225589225589 0.0)
#(0 137768 238 107.031 39.8055555555556 0.0)
#(0 137773 238 107.031 39.2654934437543 0.0)
#(0 137775 238 107.031 39.0916666666667 0.0)
#(0 137776 238 107.031 42.3113506272074 0.0)
#(0 138142 238 107.031 43.1555555555556 0.0)
#(0 138144 238 107.031 39.6571428571429 0.0)
#(0 138145 238 107.031 38.2887631975867 0.0)
#(0 138147 238 107.031 39.7083333333333 0.0)
#(0 138148 238 107.031 44.4791666666667 0.0)
#(0 138149 238 107.031 40.8166666666667 0.0)
#(0 138452 238 107.031 41.9572760025063 0.0)
#(0 138474 238 107.031 44.4444444444444 0.0)
#(0 138476 238 107.031 41.0172222222222 0.0)
#(0 138477 238 107.031 39.1507936507937 0.0)
#(0 138478 238 107.031 42.5913627099585 0.0)
#(0 138480 238 107.031 43.0512820512821 0.0)
#(0 138481 238 107.031 38.2619047619048 0.0)
#(0 138485 238 107.031 40.6208592132505 0.0)
#(0 138488 238 107.031 41.0922619047619 0.0)
#(0 138489 238 107.031 40.3936868686869 0.0)
#(0 138490 238 107.031 43.7785185185185 0.0)
#(0 138787 238 107.031 43.3638888888889 0.0)
#(0 138788 238 107.031 41.7117647058824 0.0)
#(0 138790 238 107.031 42.0400641025641 0.0)
#(0 139112 238 107.031 38.2272727272727 0.0)
#(0 139113 238 107.031 43.6613756613757 0.0)
#(0 139114 238 107.031 38.9712301587302 0.0)
#(0 139115 238 107.031 39.0583333333333 0.0)
#(0 139116 238 107.031 41.0172222222222 0.0)
#(0 139117 238 107.031 43.715873015873 0.0)
#(0 139118 238 107.031 41.2785714285714 0.0)
#(0 139119 238 107.031 44.6666666666667 0.0)
#(0 139120 238 107.031 44.4444444444444 0.0)
#(0 139387 238 107.031 42.0400641025641 0.0)
#(0 139936 238 107.047 41.9909722222222 0.0)
#(0 139941 238 107.047 45.0174603174603 0.0)
#(0 139942 238 107.047 41.4031385281385 0.0)
#(0 139943 238 107.047 36.0224358974359 0.0)
#(0 139944 238 107.047 43.4166666666667 0.0)
#(0 139945 238 107.047 41.7117647058824 0.0)
#(0 139946 238 107.047 41.0143939393939 0.0)
#(0 450 239 107.047 43.1645962732919 0.0)
#(0 454 239 107.047 41.2148448043185 0.0)
#(0 457 239 107.047 37.5185185185185 0.0)
#(0 459 239 107.047 45.3095238095238 0.0)
#(0 833 239 107.047 40.4727095516569 0.0)
#(0 835 239 107.047 37.2150793650794 0.0)
#(0 837 239 107.047 42.5952380952381 0.0)
#(0 1220 239 107.047 37.7043650793651 0.0)
#(0 1223 239 107.047 37.9551630434783 0.0)
#(0 1233 239 107.047 37.5231481481481 0.0)
#(0 1234 239 107.047 37.2150793650794 0.0)
#(0 1530 239 107.047 46.3333333333333 0.0)
#(0 1531 239 107.047 40.040293040293 0.0)
#(0 1829 239 107.047 37.7043650793651 0.0)
#(0 1836 239 107.047 41.4222222222222 0.0)
#(0 2686 239 107.047 41.2148448043185 0.0)
#(0 137780 239 107.047 38.1199102829538 0.0)
#(0 137782 239 107.047 43.6666666666667 0.0)
#(0 137783 239 107.047 42.9153846153846 0.0)
#(0 137784 239 107.047 45.3541666666667 0.0)
#(0 137788 239 107.047 40.7004481792717 0.0)
#(0 137789 239 107.047 39.0555555555556 0.0)
#(0 137791 239 107.047 39.6571428571429 0.0)
#(0 138159 239 107.047 43.3638888888889 0.0)
#(0 138161 239 107.047 43.8222222222222 0.0)
#(0 138484 239 107.047 46.8027777777778 0.0)
#(0 138491 239 107.047 38.2887631975867 0.0)
#(0 138493 239 107.047 42.5365961199294 0.0)
#(0 138494 239 107.047 39.5555555555556 0.0)
#(0 138495 239 107.047 39.7083333333333 0.0)
#(0 138499 239 107.047 46.25 0.0)
#(0 138500 239 107.047 39.2081196581197 0.0)
#(0 138502 239 107.047 39.5 0.0)
#(0 138504 239 107.047 43.8222222222222 0.0)
#(0 138505 239 107.047 40.7901234567901 0.0)
#(0 138792 239 107.047 41.9909722222222 0.0)
#(0 138794 239 107.047 39.8055555555556 0.0)
#(0 139110 239 107.047 39.0555555555556 0.0)
#(0 139121 239 107.062 43.6613756613757 0.0)
#(0 139124 239 107.062 42.2912784679089 0.0)
#(0 139125 239 107.062 47.485119047619 0.0)
#(0 139126 239 107.062 41.682326007326 0.0)
#(0 139127 239 107.062 42.3113506272074 0.0)
#(0 139128 239 107.062 38.2272727272727 0.0)
#(0 139129 239 107.062 40.0360962566845 0.0)
#(0 139131 239 107.062 41.4126344086022 0.0)
#(0 139132 239 107.062 41.4031385281385 0.0)
#(0 139133 239 107.062 38.2887631975867 0.0)
#(0 139134 239 107.062 40.8166666666667 0.0)
#(0 139940 239 107.062 39.8055555555556 0.0)
#(0 139947 239 107.062 44.4444444444444 0.0)
#(0 139948 239 107.062 41.0172222222222 0.0)
#(0 139950 239 107.062 41.7528132992327 0.0)
#(0 139951 239 107.062 43.7615079365079 0.0)
#(0 139952 239 107.062 40.478243978244 0.0)
#(0 139953 239 107.062 42.3113506272074 0.0)
#(0 139954 239 107.062 41.9909722222222 0.0)
#(0 101 240 107.062 50.1666666666667 0.0)
#(0 449 240 107.062 43.7178728070175 0.0)
#(0 841 240 107.062 -1 0.0)
#(0 845 240 107.062 42.5395833333333 0.0)
#(0 1210 240 107.062 40.4210434173669 0.0)
#(0 1232 240 107.062 41.5455447635135 0.0)
#(0 1236 240 107.062 41.9852941176471 0.0)
#(0 1238 240 107.062 44.3504318394024 0.0)
#(0 1243 240 107.062 41.9729965915311 0.0)
#(0 1541 240 107.062 42.6322491573762 0.0)
#(0 1547 240 107.062 43.5873511904762 0.0)
#(0 1839 240 107.062 41.6142113095238 0.0)
#(0 1842 240 107.062 42.4327445652174 0.0)
#(0 1844 240 107.062 42.4054487179487 0.0)
#(0 1847 240 107.062 45.1291208791209 0.0)
#(0 2129 240 107.062 45.630069124424 0.0)
#(0 2132 240 107.062 43.8690476190476 0.0)
#(0 2685 240 107.062 40.4210434173669 0.0)
#(0 2689 240 107.062 44.6688596491228 0.0)
#(0 2691 240 107.062 40.7668308702792 0.0)
#(0 2693 240 107.062 43.3732638888889 0.0)
#(0 2695 240 107.062 48.375 0.0)
#(0 2697 240 107.062 43.8850223850224 0.0)
#(0 2698 240 107.062 41.9729965915311 0.0)
#(0 137371 240 107.062 44.373003296146 0.0)
#(0 137372 240 107.062 43.9640151515152 0.0)
#(0 137375 240 107.062 44.611562049062 0.0)
#(0 137378 240 107.062 42.7081925675676 0.0)
#(0 137379 240 107.062 43.8736631016043 0.0)
#(0 137380 240 107.078 44.7144847796575 0.0)
#(0 137381 240 107.078 44.611562049062 0.0)
#(0 137796 240 107.078 43.8469967532468 0.0)
#(0 137799 240 107.078 44.4868259803922 0.0)
#(0 138156 240 107.078 45.0276785714286 0.0)
#(0 138162 240 107.078 43.2918981481482 0.0)
#(0 138163 240 107.078 42.8484848484848 0.0)
#(0 138166 240 107.078 44.1826923076923 0.0)
#(0 138167 240 107.078 44.4601255175983 0.0)
#(0 138169 240 107.078 43.4955357142857 0.0)
#(0 138496 240 107.078 42.34375 0.0)
#(0 138508 240 107.078 42.5182291666667 0.0)
#(0 138510 240 107.078 43.2918981481482 0.0)
#(0 138511 240 107.078 59.75 0.0)
#(0 138512 240 107.078 57.4222222222222 0.0)
#(0 138513 240 107.078 44.611562049062 0.0)
#(0 138515 240 107.078 41.4083760683761 0.0)
#(0 138518 240 107.078 43.9678091397849 0.0)
#(0 138814 240 107.078 44.9372710622711 0.0)
#(0 139135 240 107.078 43.8977678571429 0.0)
#(0 139136 240 107.078 43.38458994709 0.0)
#(0 139137 240 107.078 45.3539473684211 0.0)
#(0 139139 240 107.078 43.4369318181818 0.0)
#(0 139141 240 107.078 45.4020833333333 0.0)
#(0 139416 240 107.078 44.4224358974359 0.0)
#(0 139949 240 107.078 43.0888095238095 0.0)
#(0 139955 240 107.078 44.4204503506829 0.0)
#(0 139956 240 107.078 39.6358173076923 0.0)
#(0 139957 240 107.078 43.7371961340758 0.0)
#(0 139958 240 107.078 41.5616200828157 0.0)
#(0 139959 240 107.078 49.8564699792961 0.0)
#(0 139960 240 107.078 43.6862289915966 0.0)
#(0 139961 240 107.078 47.9271577380952 0.0)
#(0 139962 240 107.078 43.3903867102397 0.0)
#(0 139963 240 107.078 42.3067226890756 0.0)
#(0 139964 240 107.078 44.611562049062 0.0)
#(0 139965 240 107.078 37.6800857843137 0.0)
#(0 139966 240 107.078 45.0276785714286 0.0)
#(0 114 241 107.078 44.7233173076923 0.0)
#(0 475 241 107.078 42.5395833333333 0.0)
#(0 476 241 107.078 43.0098026973027 0.0)
#(0 477 241 107.078 43.7380952380952 0.0)
#(0 480 241 107.078 45.630069124424 0.0)
#(0 481 241 107.078 43.2269230769231 0.0)
#(0 485 241 107.078 42.7404401154401 0.0)
#(0 850 241 107.078 42.7404401154401 0.0)
#(0 856 241 107.093 43.4903002699055 0.0)
#(0 861 241 107.093 40.4349747474747 0.0)
#(0 864 241 107.093 44.1908764367816 0.0)
#(0 1254 241 107.093 41.9729965915311 0.0)
#(0 1257 241 107.093 42.5395833333333 0.0)
#(0 1553 241 107.093 44.0773809523809 0.0)
#(0 1555 241 107.093 43.4336899010812 0.0)
#(0 1848 241 107.093 40.4349747474747 0.0)
#(0 1850 241 107.093 43.0098026973027 0.0)
#(0 1852 241 107.093 40.7668308702792 0.0)
#(0 1856 241 107.093 43.4903002699055 0.0)
#(0 2136 241 107.093 47.2058823529412 0.0)
#(0 2146 241 107.093 43.2269230769231 0.0)
#(0 2700 241 107.093 43.5875 0.0)
#(0 2701 241 107.093 48.0021306818182 0.0)
#(0 2703 241 107.093 41.6142113095238 0.0)
#(0 2704 241 107.093 40.7668308702792 0.0)
#(0 137386 241 107.093 45.8695741758242 0.0)
#(0 137388 241 107.093 40.5520833333333 0.0)
#(0 137389 241 107.093 43.0460164835165 0.0)
#(0 137390 241 107.093 43.0617588932806 0.0)
#(0 137392 241 107.093 46.2829861111111 0.0)
#(0 137395 241 107.093 43.1286764705882 0.0)
#(0 137806 241 107.093 42.34375 0.0)
#(0 137812 241 107.093 44.3254464285714 0.0)
#(0 137813 241 107.093 44.6050480769231 0.0)
#(0 138171 241 107.093 44.373003296146 0.0)
#(0 138172 241 107.093 41.5616200828157 0.0)
#(0 138173 241 107.093 45.3666666666667 0.0)
#(0 138175 241 107.093 43.7440861344538 0.0)
#(0 138176 241 107.093 42.8151041666667 0.0)
#(0 138177 241 107.093 45.9203869047619 0.0)
#(0 138178 241 107.093 49.5160714285714 0.0)
#(0 138179 241 107.093 43.2313003663004 0.0)
#(0 138182 241 107.093 43.1661706349206 0.0)
#(0 138506 241 107.093 41.9060897435897 0.0)
#(0 138514 241 107.093 45.5166666666667 0.0)
#(0 138516 241 107.093 43.2918981481482 0.0)
#(0 138520 241 107.093 42.3067226890756 0.0)
#(0 138521 241 107.093 46.7901388888889 0.0)
#(0 138523 241 107.109 49.8564699792961 0.0)
#(0 138524 241 107.109 42.7081925675676 0.0)
#(0 138526 241 107.109 46.5567833667558 0.0)
#(0 138527 241 107.109 47.9271577380952 0.0)
#(0 138822 241 107.109 43.7032291666667 0.0)
#(0 138824 241 107.109 43.0617588932806 0.0)
#(0 138826 241 107.109 42.7425120772947 0.0)
#(0 139142 241 107.109 43.3324109213578 0.0)
#(0 139143 241 107.109 46.9693813131313 0.0)
#(0 139146 241 107.109 49.8564699792961 0.0)
#(0 139147 241 107.109 39.8254206730769 0.0)
#(0 139148 241 107.109 42.9616325295999 0.0)
#(0 139967 241 107.109 42.4310975609756 0.0)
#(0 139968 241 107.109 44.4868259803922 0.0)
#(0 139969 241 107.109 66.0 0.0)
#(0 139970 241 107.109 42.9616325295999 0.0)
#(0 139972 241 107.109 40.8371212121212 0.0)
#(0 129 242 107.109 44.7233173076923 0.0)
#(0 493 242 107.109 42.4054487179487 0.0)
#(0 495 242 107.109 40.7668308702792 0.0)
#(0 500 242 107.109 43.8850223850224 0.0)
#(0 869 242 107.109 43.5614298942966 0.0)
#(0 871 242 107.109 43.3732638888889 0.0)
#(0 874 242 107.109 41.6142113095238 0.0)
#(0 1247 242 107.109 41.5455447635135 0.0)
#(0 1261 242 107.109 43.5614298942966 0.0)
#(0 1268 242 107.109 43.0098026973027 0.0)
#(0 1558 242 107.109 52.75 0.0)
#(0 1855 242 107.109 43.0098026973027 0.0)
#(0 1859 242 107.109 41.5455447635135 0.0)
#(0 1860 242 107.109 48.6964285714286 0.0)
#(0 2702 242 107.125 43.3732638888889 0.0)
#(0 2705 242 107.125 41.6142113095238 0.0)
#(0 2709 242 107.125 43.5873511904762 0.0)
#(0 2710 242 107.125 43.2269230769231 0.0)
#(0 2712 242 107.125 37.329071969697 0.0)
#(0 137391 242 107.125 43.3903867102397 0.0)
#(0 137398 242 107.125 45.2649711343423 0.0)
#(0 137402 242 107.125 45.8695741758242 0.0)
#(0 137404 242 107.125 43.0460164835165 0.0)
#(0 137405 242 107.125 57.25 0.0)
#(0 137408 242 107.125 46.25 0.0)
#(0 137409 242 107.125 42.5013910455487 0.0)
#(0 137808 242 107.125 43.7481694132772 0.0)
#(0 137816 242 107.125 44.6979166666667 0.0)
#(0 137819 242 107.125 42.8484848484848 0.0)
#(0 137821 242 107.125 45.5166666666667 0.0)
#(0 137824 242 107.125 43.1911330049261 0.0)
#(0 137825 242 107.125 42.8151041666667 0.0)
#(0 138186 242 107.125 42.6205357142857 0.0)
#(0 138187 242 107.125 42.4310975609756 0.0)
#(0 138190 242 107.125 41.5616200828157 0.0)
#(0 138528 242 107.125 43.6856845238095 0.0)
#(0 138530 242 107.125 42.9323863636364 0.0)
#(0 138531 242 107.125 43.23125 0.0)
#(0 138536 242 107.125 43.0888095238095 0.0)
#(0 138537 242 107.125 43.9640151515152 0.0)
#(0 138539 242 107.125 42.9489495798319 0.0)
#(0 138834 242 107.125 49.6354166666667 0.0)
#(0 138836 242 107.125 51.9365079365079 0.0)
#(0 138845 242 107.125 42.9616325295999 0.0)
#(0 138848 242 107.125 42.8151041666667 0.0)
#(0 139140 242 107.125 43.4955357142857 0.0)
#(0 139150 242 107.125 44.4204503506829 0.0)
#(0 139152 242 107.125 48.9730158730159 0.0)
#(0 139153 242 107.125 43.6862289915966 0.0)
#(0 139154 242 107.125 66.0 0.0)
#(0 139971 242 107.125 42.9616325295999 0.0)
#(0 139973 242 107.125 43.8469967532468 0.0)
#(0 139974 242 107.125 43.2918981481482 0.0)
#(0 139975 242 107.125 42.6715097402597 0.0)
#(0 139976 242 107.125 39.8254206730769 0.0)
#(0 139977 242 107.125 41.4943501759678 0.0)
#(0 139978 242 107.125 43.8736631016043 0.0)
#(0 139979 242 107.125 42.34375 0.0)
#(0 139980 242 107.125 45.9203869047619 0.0)
#(0 134 243 107.14 42.7728668390433 0.0)
#(0 141 243 107.14 47.2272485080989 0.0)
#(0 503 243 107.14 41.2343304843305 0.0)
#(0 504 243 107.14 45.1291208791209 0.0)
#(0 510 243 107.14 43.2269230769231 0.0)
#(0 883 243 107.14 40.4349747474747 0.0)
#(0 884 243 107.14 42.3592294254658 0.0)
#(0 895 243 107.14 42.4826388888889 0.0)
#(0 1269 243 107.14 39.8090367965368 0.0)
#(0 1278 243 107.14 43.6337560386473 0.0)
#(0 1570 243 107.14 42.4327445652174 0.0)
#(0 1571 243 107.14 41.6590277777778 0.0)
#(0 1862 243 107.14 43.1662508662509 0.0)
#(0 1863 243 107.14 44.7006530873219 0.0)
#(0 1864 243 107.14 43.6337560386473 0.0)
#(0 1866 243 107.14 45.4002976190476 0.0)
#(0 1869 243 107.14 44.6688596491228 0.0)
#(0 2714 243 107.14 42.5395833333333 0.0)
#(0 2716 243 107.14 41.2343304843305 0.0)
#(0 2719 243 107.14 50.1666666666667 0.0)
#(0 2720 243 107.14 44.7233173076923 0.0)
#(0 137411 243 107.14 42.4202485380117 0.0)
#(0 137413 243 107.14 47.7916666666667 0.0)
#(0 137414 243 107.14 42.5763586956522 0.0)
#(0 137416 243 107.14 49.125 0.0)
#(0 137420 243 107.14 42.8484848484848 0.0)
#(0 137828 243 107.14 43.8469967532468 0.0)
#(0 137830 243 107.14 41.9060897435897 0.0)
#(0 137837 243 107.14 43.1286764705882 0.0)
#(0 137838 243 107.14 43.2313003663004 0.0)
#(0 137839 243 107.14 43.0460164835165 0.0)
#(0 138193 243 107.14 46.25 0.0)
#(0 138194 243 107.14 43.7032291666667 0.0)
#(0 138195 243 107.14 45.2649711343423 0.0)
#(0 138196 243 107.14 42.1218049719888 0.0)
#(0 138204 243 107.14 43.1911330049261 0.0)
#(0 138205 243 107.14 43.9640151515152 0.0)
#(0 138541 243 107.14 42.9400735294118 0.0)
#(0 138546 243 107.14 43.233682983683 0.0)
#(0 138550 243 107.14 43.2918981481482 0.0)
#(0 138552 243 107.14 51.7416666666667 0.0)
#(0 139155 243 107.14 48.4263392857143 0.0)
#(0 139156 243 107.14 46.7246753246753 0.0)
#(0 139157 243 107.14 45.2649711343423 0.0)
#(0 139158 243 107.14 43.2918981481482 0.0)
#(0 139159 243 107.14 43.2313003663004 0.0)
#(0 139162 243 107.156 42.1346227785372 0.0)
#(0 139981 243 107.156 43.8736631016043 0.0)
#(0 139982 243 107.156 42.0755555555556 0.0)
#(0 139983 243 107.156 43.7371961340758 0.0)
#(0 139984 243 107.156 43.0617588932806 0.0)
#(0 139985 243 107.156 45.0276785714286 0.0)
#(0 139986 243 107.156 46.7246753246753 0.0)
#(0 139987 243 107.156 41.6247628083491 0.0)
#(0 139988 243 107.156 45.2798402255639 0.0)
#(0 139989 243 107.156 45.9027777777778 0.0)
#(0 139990 243 107.156 44.373003296146 0.0)
#(0 139991 243 107.156 45.9082471804511 0.0)
#(0 139992 243 107.156 51.7416666666667 0.0)
#(0 139993 243 107.156 48.4263392857143 0.0)
#(0 145 244 107.156 45.4002976190476 0.0)
#(0 151 244 107.156 43.4903002699055 0.0)
#(0 155 244 107.156 41.2343304843305 0.0)
#(0 156 244 107.156 42.3592294254658 0.0)
#(0 498 244 107.156 43.0098026973027 0.0)
#(0 516 244 107.156 44.7006530873219 0.0)
#(0 518 244 107.156 43.2626420454545 0.0)
#(0 521 244 107.156 43.3732638888889 0.0)
#(0 897 244 107.156 46.0975378787879 0.0)
#(0 1280 244 107.156 43.2626420454545 0.0)
#(0 1287 244 107.156 38.1921470342523 0.0)
#(0 1868 244 107.156 43.6337560386473 0.0)
#(0 1875 244 107.156 44.7233173076923 0.0)
#(0 1876 244 107.156 43.4336899010812 0.0)
#(0 1877 244 107.156 43.2045321637427 0.0)
#(0 1878 244 107.156 43.4783045977011 0.0)
#(0 2168 244 107.156 47.2615942028986 0.0)
#(0 2722 244 107.156 37.329071969697 0.0)
#(0 2723 244 107.156 43.4903002699055 0.0)
#(0 2726 244 107.156 44.1908764367816 0.0)
#(0 137425 244 107.156 42.3067226890756 0.0)
#(0 137428 244 107.156 44.5270074828649 0.0)
#(0 137430 244 107.156 43.6395386904762 0.0)
#(0 137431 244 107.156 43.319947002924 0.0)
#(0 137433 244 107.156 43.8469967532468 0.0)
#(0 137434 244 107.156 44.4868259803922 0.0)
#(0 137435 244 107.156 44.9372710622711 0.0)
#(0 137841 244 107.156 43.7440861344538 0.0)
#(0 137842 244 107.156 41.9060897435897 0.0)
#(0 137845 244 107.156 44.4224358974359 0.0)
#(0 137846 244 107.172 41.6247628083491 0.0)
#(0 137850 244 107.172 44.373003296146 0.0)
#(0 138201 244 107.172 43.7032291666667 0.0)
#(0 138208 244 107.172 43.4532095508658 0.0)
#(0 138209 244 107.172 46.5567833667558 0.0)
#(0 138213 244 107.172 46.4389254385965 0.0)
#(0 138215 244 107.172 46.3511513157895 0.0)
#(0 138218 244 107.172 46.7901388888889 0.0)
#(0 138554 244 107.172 45.2798402255639 0.0)
#(0 138557 244 107.172 45.0276785714286 0.0)
#(0 138558 244 107.172 46.7503981469389 0.0)
#(0 138559 244 107.172 43.5887820512821 0.0)
#(0 138858 244 107.172 42.7081925675676 0.0)
#(0 138861 244 107.172 46.2829861111111 0.0)
#(0 138864 244 107.172 42.9616325295999 0.0)
#(0 138866 244 107.172 42.3958333333333 0.0)
#(0 138869 244 107.172 43.4532095508658 0.0)
#(0 139160 244 107.172 43.2313003663004 0.0)
#(0 139163 244 107.172 44.4601255175983 0.0)
#(0 139165 244 107.172 42.5013910455487 0.0)
#(0 139166 244 107.172 43.7481694132772 0.0)
#(0 139167 244 107.172 43.7032291666667 0.0)
#(0 139168 244 107.172 46.3511513157895 0.0)
#(0 139169 244 107.172 43.319947002924 0.0)
#(0 139171 244 107.172 46.4544246031746 0.0)
#(0 139459 244 107.172 43.0460164835165 0.0)
#(0 139994 244 107.172 43.859375 0.0)
#(0 139995 244 107.172 45.4861111111111 0.0)
#(0 139996 244 107.187 44.3254464285714 0.0)
#(0 139997 244 107.187 43.3903867102397 0.0)
#(0 139998 244 107.187 40.8371212121212 0.0)
#(0 139999 244 107.187 49.8564699792961 0.0)
#(0 140000 244 107.187 42.5763586956522 0.0)
#(0 140001 244 107.187 39.454594017094 0.0)
#(0 140002 244 107.187 42.6715097402597 0.0)
#(0 140004 244 107.187 49.53125 0.0)
#(0 140005 244 107.187 43.0888095238095 0.0)
#(0 140006 244 107.187 44.4601255175983 0.0)
#(0 140007 244 107.187 42.8151041666667 0.0)
#(0 140008 244 107.187 46.5567833667558 0.0)
#(0 140009 244 107.187 42.9616325295999 0.0)
#(0 168 245 107.187 43.8690476190476 0.0)
#(0 174 245 107.187 42.7728668390433 0.0)
#(0 175 245 107.187 43.3732638888889 0.0)
#(0 525 245 107.187 42.5395833333333 0.0)
#(0 527 245 107.187 41.4736111111111 0.0)
#(0 531 245 107.187 41.2343304843305 0.0)
#(0 913 245 107.187 44.6369047619048 0.0)
#(0 915 245 107.187 48.0021306818182 0.0)
#(0 917 245 107.187 42.3592294254658 0.0)
#(0 1298 245 107.187 46.18125 0.0)
#(0 1583 245 107.187 44.6369047619048 0.0)
#(0 1885 245 107.187 38.1921470342523 0.0)
#(0 1886 245 107.187 43.2626420454545 0.0)
#(0 2175 245 107.187 40.675 0.0)
#(0 2727 245 107.187 48.375 0.0)
#(0 2728 245 107.187 39.8090367965368 0.0)
#(0 2729 245 107.187 45.4002976190476 0.0)
#(0 2731 245 107.187 43.3732638888889 0.0)
#(0 2732 245 107.187 47.2272485080989 0.0)
#(0 2733 245 107.187 48.0021306818182 0.0)
#(0 2734 245 107.187 40.4349747474747 0.0)
#(0 2735 245 107.187 42.6322491573762 0.0)
#(0 137439 245 107.187 43.233682983683 0.0)
#(0 137440 245 107.187 51.7916666666667 0.0)
#(0 137441 245 107.187 42.3067226890756 0.0)
#(0 137442 245 107.187 43.7371961340758 0.0)
#(0 137444 245 107.187 43.2918981481482 0.0)
#(0 137445 245 107.187 44.5270074828649 0.0)
#(0 137449 245 107.187 49.6354166666667 0.0)
#(0 137840 245 107.187 43.2313003663004 0.0)
#(0 137856 245 107.187 49.5160714285714 0.0)
#(0 137859 245 107.187 44.373003296146 0.0)
#(0 137861 245 107.187 44.6050480769231 0.0)
#(0 137862 245 107.187 42.5013910455487 0.0)
#(0 137863 245 107.187 45.3539473684211 0.0)
#(0 138221 245 107.203 43.7440861344538 0.0)
#(0 138223 245 107.203 42.9489495798319 0.0)
#(0 138225 245 107.203 45.8695741758242 0.0)
#(0 138551 245 107.203 39.8254206730769 0.0)
#(0 138562 245 107.203 42.9616325295999 0.0)
#(0 138564 245 107.203 43.7481694132772 0.0)
#(0 138565 245 107.203 43.4532095508658 0.0)
#(0 138566 245 107.203 45.9881944444444 0.0)
#(0 138567 245 107.203 43.3324109213578 0.0)
#(0 138569 245 107.203 43.8469967532468 0.0)
#(0 139172 245 107.203 43.7440861344538 0.0)
#(0 139173 245 107.203 40.8318452380952 0.0)
#(0 139174 245 107.203 48.4263392857143 0.0)
#(0 139175 245 107.203 43.6862289915966 0.0)
#(0 139176 245 107.203 44.4224358974359 0.0)
#(0 139178 245 107.203 43.9678091397849 0.0)
#(0 139179 245 107.203 43.9145222832723 0.0)
#(0 139180 245 107.203 42.9489495798319 0.0)
#(0 139182 245 107.203 43.8977678571429 0.0)
#(0 139471 245 107.203 41.3722222222222 0.0)
#(0 140003 245 107.203 41.6247628083491 0.0)
#(0 140010 245 107.203 49.8564699792961 0.0)
#(0 140011 245 107.203 43.4369318181818 0.0)
#(0 140012 245 107.203 41.7897058823529 0.0)
#(0 140013 245 107.203 43.6856845238095 0.0)
#(0 140014 245 107.203 42.9323863636364 0.0)
#(0 515 246 107.203 43.0098026973027 0.0)
#(0 923 246 107.203 43.8850223850224 0.0)
#(0 924 246 107.203 43.1312969924812 0.0)
#(0 1300 246 107.203 43.1312969924812 0.0)
#(0 1302 246 107.203 42.4327445652174 0.0)
#(0 1306 246 107.203 43.0098026973027 0.0)
#(0 1880 246 107.203 43.4783045977011 0.0)
#(0 1887 246 107.203 43.0098026973027 0.0)
#(0 1890 246 107.218 42.5395833333333 0.0)
#(0 1897 246 107.218 40.8414750957854 0.0)
#(0 2739 246 107.218 44.4157072368421 0.0)
#(0 2741 246 107.218 43.2045321637427 0.0)
#(0 137437 246 107.218 51.7916666666667 0.0)
#(0 137452 246 107.218 42.9616325295999 0.0)
#(0 137454 246 107.218 44.9372710622711 0.0)
#(0 137457 246 107.218 43.38458994709 0.0)
#(0 137458 246 107.218 41.0219336219336 0.0)
#(0 137459 246 107.218 43.6862289915966 0.0)
#(0 137855 246 107.218 43.1661706349206 0.0)
#(0 137857 246 107.218 43.6395386904762 0.0)
#(0 137867 246 107.218 43.9361801242236 0.0)
#(0 137868 246 107.218 44.611562049062 0.0)
#(0 137870 246 107.218 42.9489495798319 0.0)
#(0 137872 246 107.218 38.6289054083172 0.0)
#(0 137873 246 107.218 43.6862289915966 0.0)
#(0 137876 246 107.218 44.9372710622711 0.0)
#(0 137877 246 107.218 46.4544246031746 0.0)
#(0 137879 246 107.218 49.8564699792961 0.0)
#(0 137881 246 107.218 44.4224358974359 0.0)
#(0 137883 246 107.218 47.3988095238095 0.0)
#(0 137884 246 107.218 44.7144847796575 0.0)
#(0 137886 246 107.218 42.5763586956522 0.0)
#(0 138232 246 107.218 46.2829861111111 0.0)
#(0 138233 246 107.218 43.5887820512821 0.0)
#(0 138234 246 107.218 46.5567833667558 0.0)
#(0 138238 246 107.218 38.6289054083172 0.0)
#(0 138241 246 107.218 45.0276785714286 0.0)
#(0 138243 246 107.218 42.6715097402597 0.0)
#(0 138573 246 107.218 46.9693813131313 0.0)
#(0 138576 246 107.218 41.5616200828157 0.0)
#(0 138880 246 107.218 46.2829861111111 0.0)
#(0 138883 246 107.218 42.5013910455487 0.0)
#(0 138885 246 107.218 42.9607142857143 0.0)
#(0 138887 246 107.218 43.0617588932806 0.0)
#(0 139177 246 107.218 43.6862289915966 0.0)
#(0 139183 246 107.218 44.4204503506829 0.0)
#(0 139184 246 107.218 38.6289054083172 0.0)
#(0 139185 246 107.218 43.6395386904762 0.0)
#(0 139186 246 107.218 45.3539473684211 0.0)
#(0 139188 246 107.218 43.8736631016043 0.0)
#(0 139192 246 107.218 41.9589285714286 0.0)
#(0 139194 246 107.218 48.9730158730159 0.0)
#(0 139195 246 107.218 44.9372710622711 0.0)
#(0 139478 246 107.234 42.3067226890756 0.0)
#(0 140015 246 107.234 43.9640151515152 0.0)
#(0 140016 246 107.234 44.4868259803922 0.0)
#(0 140017 246 107.234 44.7144847796575 0.0)
#(0 140018 246 107.234 43.1661706349206 0.0)
#(0 140019 246 107.234 43.8736631016043 0.0)
#(0 140020 246 107.234 41.1094919786096 0.0)
#(0 192 247 107.234 41.9852941176471 0.0)
#(0 534 247 107.234 42.4327445652174 0.0)
#(0 542 247 107.234 38.1921470342523 0.0)
#(0 543 247 107.234 41.8514441287879 0.0)
#(0 548 247 107.234 43.3732638888889 0.0)
#(0 553 247 107.234 42.6322491573762 0.0)
#(0 927 247 107.234 45.4297348484848 0.0)
#(0 943 247 107.234 43.5614298942966 0.0)
#(0 952 247 107.234 47.2535714285714 0.0)
#(0 954 247 107.234 44.5796245421245 0.0)
#(0 1314 247 107.234 42.5395833333333 0.0)
#(0 1315 247 107.234 43.5873511904762 0.0)
#(0 1316 247 107.234 43.3732638888889 0.0)
#(0 1318 247 107.234 43.8690476190476 0.0)
#(0 1322 247 107.234 41.9852941176471 0.0)
#(0 1895 247 107.234 45.4002976190476 0.0)
#(0 1898 247 107.234 42.8754370629371 0.0)
#(0 1899 247 107.234 41.4736111111111 0.0)
#(0 1901 247 107.234 44.0773809523809 0.0)
#(0 1904 247 107.234 44.7006530873219 0.0)
#(0 2742 247 107.234 44.4157072368421 0.0)
#(0 2745 247 107.234 43.6337560386473 0.0)
#(0 2748 247 107.234 42.3592294254658 0.0)
#(0 2750 247 107.234 44.6369047619048 0.0)
#(0 2751 247 107.234 41.2343304843305 0.0)
#(0 2752 247 107.234 43.8850223850224 0.0)
#(0 2757 247 107.234 42.7728668390433 0.0)
#(0 137456 247 107.234 42.9616325295999 0.0)
#(0 137460 247 107.234 44.5668463037389 0.0)
#(0 137468 247 107.234 43.4532095508658 0.0)
#(0 137470 247 107.234 43.6856845238095 0.0)
#(0 137889 247 107.234 45.8695741758242 0.0)
#(0 137890 247 107.234 43.7481694132772 0.0)
#(0 137891 247 107.234 42.5013910455487 0.0)
#(0 137892 247 107.234 44.1826923076923 0.0)
#(0 137893 247 107.25 43.8469967532468 0.0)
#(0 137894 247 107.25 47.9271577380952 0.0)
#(0 137895 247 107.25 44.5270074828649 0.0)
#(0 138245 247 107.25 44.1826923076923 0.0)
#(0 138249 247 107.25 45.3666666666667 0.0)
#(0 138250 247 107.25 58.1666666666667 0.0)
#(0 138252 247 107.25 49.6354166666667 0.0)
#(0 138253 247 107.25 45.5625 0.0)
#(0 138254 247 107.25 45.3539473684211 0.0)
#(0 138255 247 107.25 40.8371212121212 0.0)
#(0 138572 247 107.25 45.9881944444444 0.0)
#(0 138574 247 107.25 41.5296052631579 0.0)
#(0 138580 247 107.25 47.0416666666667 0.0)
#(0 138582 247 107.25 42.3067226890756 0.0)
#(0 138585 247 107.25 41.5375 0.0)
#(0 138586 247 107.25 43.0617588932806 0.0)
#(0 138891 247 107.25 46.5567833667558 0.0)
#(0 138894 247 107.25 42.34375 0.0)
#(0 139196 247 107.25 42.9323863636364 0.0)
#(0 139198 247 107.25 46.4389254385965 0.0)
#(0 139199 247 107.25 44.0456945532915 0.0)
#(0 139200 247 107.25 46.7503981469389 0.0)
#(0 139201 247 107.25 43.9678091397849 0.0)
#(0 139202 247 107.25 43.5887820512821 0.0)
#(0 139203 247 107.25 43.0617588932806 0.0)
#(0 139204 247 107.25 46.4544246031746 0.0)
#(0 140022 247 107.25 47.1703703703704 0.0)
#(0 140023 247 107.25 46.5567833667558 0.0)
#(0 140024 247 107.25 42.2654150197628 0.0)
#(0 140025 247 107.25 39.9948717948718 0.0)
#(0 140026 247 107.25 44.4771099744246 0.0)
#(0 140027 247 107.25 42.1218049719888 0.0)
#(0 140028 247 107.25 43.8977678571429 0.0)
#(0 140029 247 107.25 45.0276785714286 0.0)
#(0 140030 247 107.25 44.9372710622711 0.0)
#(0 186 248 107.25 42.5395833333333 0.0)
#(0 207 248 107.25 43.4783045977011 0.0)
#(0 210 248 107.25 38.1921470342523 0.0)
#(0 555 248 107.25 45.630069124424 0.0)
#(0 559 248 107.25 41.9729965915311 0.0)
#(0 1324 248 107.25 40.4349747474747 0.0)
#(0 1326 248 107.25 40.4210434173669 0.0)
#(0 1327 248 107.25 43.5614298942966 0.0)
#(0 1329 248 107.25 44.1908764367816 0.0)
#(0 1620 248 107.265 44.7006530873219 0.0)
#(0 1894 248 107.265 42.4327445652174 0.0)
#(0 1905 248 107.265 43.5614298942966 0.0)
#(0 1906 248 107.265 41.8514441287879 0.0)
#(0 1907 248 107.265 43.8850223850224 0.0)
#(0 1910 248 107.265 41.6142113095238 0.0)
#(0 2749 248 107.265 43.6337560386473 0.0)
#(0 2758 248 107.265 42.6322491573762 0.0)
#(0 2759 248 107.265 44.7006530873219 0.0)
#(0 2760 248 107.265 43.2626420454545 0.0)
#(0 2763 248 107.265 43.7380952380952 0.0)
#(0 2764 248 107.265 61.5416666666667 0.0)
#(0 2765 248 107.265 46.18125 0.0)
#(0 2768 248 107.265 40.4210434173669 0.0)
#(0 2769 248 107.265 45.4002976190476 0.0)
#(0 137474 248 107.265 57.4222222222222 0.0)
#(0 137476 248 107.265 42.34375 0.0)
#(0 137479 248 107.265 42.6715097402597 0.0)
#(0 137480 248 107.265 44.4601255175983 0.0)
#(0 137485 248 107.265 42.5763586956522 0.0)
#(0 137486 248 107.265 42.34375 0.0)
#(0 137488 248 107.265 42.9489495798319 0.0)
#(0 137896 248 107.265 43.9145222832723 0.0)
#(0 137899 248 107.265 43.3324109213578 0.0)
#(0 137900 248 107.265 41.5616200828157 0.0)
#(0 137908 248 107.265 31.0 0.0)
#(0 138261 248 107.265 48.3125 0.0)
#(0 138262 248 107.265 42.4310975609756 0.0)
#(0 138263 248 107.265 43.0460164835165 0.0)
#(0 138264 248 107.265 42.9616325295999 0.0)
#(0 138265 248 107.265 44.3254464285714 0.0)
#(0 138591 248 107.265 43.3324109213578 0.0)
#(0 138593 248 107.265 44.4868259803922 0.0)
#(0 138594 248 107.265 42.8880208333333 0.0)
#(0 138596 248 107.265 39.8254206730769 0.0)
#(0 138597 248 107.265 42.4310975609756 0.0)
#(0 138599 248 107.265 49.8564699792961 0.0)
#(0 138600 248 107.265 42.2654150197628 0.0)
#(0 138601 248 107.265 45.5561355311355 0.0)
#(0 138903 248 107.265 43.9145222832723 0.0)
#(0 138907 248 107.265 41.9060897435897 0.0)
#(0 139206 248 107.265 46.7503981469389 0.0)
#(0 139207 248 107.265 42.9616325295999 0.0)
#(0 139208 248 107.265 41.4083760683761 0.0)
#(0 139210 248 107.265 42.7081925675676 0.0)
#(0 139211 248 107.265 45.2798402255639 0.0)
#(0 139212 248 107.281 43.3324109213578 0.0)
#(0 139213 248 107.281 43.9678091397849 0.0)
#(0 139214 248 107.281 41.1094919786096 0.0)
#(0 139215 248 107.281 44.4224358974359 0.0)
#(0 139216 248 107.281 43.233682983683 0.0)
#(0 140021 248 107.281 43.8736631016043 0.0)
#(0 140031 248 107.281 44.7144847796575 0.0)
#(0 140032 248 107.281 42.824053030303 0.0)
#(0 140033 248 107.281 46.5567833667558 0.0)
#(0 140034 248 107.281 45.9082471804511 0.0)
#(0 140035 248 107.281 46.7901388888889 0.0)
#(0 140036 248 107.281 43.0617588932806 0.0)
#(0 140037 248 107.281 42.3067226890756 0.0)
#(0 140038 248 107.281 35.3698565323565 0.0)
#(0 140039 248 107.281 42.7081925675676 0.0)
#(0 212 249 107.281 43.4783045977011 0.0)
#(0 569 249 107.281 43.2626420454545 0.0)
#(0 573 249 107.281 40.7668308702792 0.0)
#(0 576 249 107.281 38.1921470342523 0.0)
#(0 974 249 107.281 40.4210434173669 0.0)
#(0 979 249 107.281 41.8514441287879 0.0)
#(0 981 249 107.281 47.2535714285714 0.0)
#(0 984 249 107.281 43.5614298942966 0.0)
#(0 1328 249 107.281 41.2343304843305 0.0)
#(0 1334 249 107.281 43.2626420454545 0.0)
#(0 1336 249 107.281 42.6322491573762 0.0)
#(0 1337 249 107.281 45.4297348484848 0.0)
#(0 1626 249 107.281 41.4803571428571 0.0)
#(0 1628 249 107.281 41.2343304843305 0.0)
#(0 1912 249 107.281 43.6337560386473 0.0)
#(0 1913 249 107.281 41.5455447635135 0.0)
#(0 1914 249 107.281 42.7728668390433 0.0)
#(0 1919 249 107.281 47.2272485080989 0.0)
#(0 2216 249 107.281 48.375 0.0)
#(0 2771 249 107.281 44.0773809523809 0.0)
#(0 2772 249 107.281 45.1291208791209 0.0)
#(0 2773 249 107.281 40.7668308702792 0.0)
#(0 2776 249 107.281 38.8770833333333 0.0)
#(0 2778 249 107.281 44.5796245421245 0.0)
#(0 2780 249 107.281 43.0098026973027 0.0)
#(0 2781 249 107.281 41.0173645320197 0.0)
#(0 137467 249 107.281 43.319947002924 0.0)
#(0 137491 249 107.281 46.4544246031746 0.0)
#(0 137492 249 107.281 42.8484848484848 0.0)
#(0 137494 249 107.281 44.6050480769231 0.0)
#(0 137498 249 107.297 42.9400735294118 0.0)
#(0 137500 249 107.297 41.5616200828157 0.0)
#(0 137503 249 107.297 43.38458994709 0.0)
#(0 137913 249 107.297 42.4310975609756 0.0)
#(0 137915 249 107.297 42.1218049719888 0.0)
#(0 137916 249 107.297 45.4020833333333 0.0)
#(0 137917 249 107.297 44.4601255175983 0.0)
#(0 137918 249 107.297 42.5763586956522 0.0)
#(0 137919 249 107.297 46.7503981469389 0.0)
#(0 137920 249 107.297 38.6289054083172 0.0)
#(0 138269 249 107.297 44.8469237053796 0.0)
#(0 138270 249 107.297 47.9145833333333 0.0)
#(0 138274 249 107.297 46.5567833667558 0.0)
#(0 138276 249 107.297 47.8920454545455 0.0)
#(0 138277 249 107.297 43.7032291666667 0.0)
#(0 138278 249 107.297 42.9489495798319 0.0)
#(0 138279 249 107.297 41.9589285714286 0.0)
#(0 138587 249 107.297 43.0617588932806 0.0)
#(0 138603 249 107.297 42.8880208333333 0.0)
#(0 138604 249 107.297 41.6247628083491 0.0)
#(0 138607 249 107.297 48.9730158730159 0.0)
#(0 138611 249 107.297 44.4771099744246 0.0)
#(0 138915 249 107.297 41.7897058823529 0.0)
#(0 138922 249 107.297 46.7503981469389 0.0)
#(0 139217 249 107.297 42.7081925675676 0.0)
#(0 139218 249 107.297 43.6856845238095 0.0)
#(0 139219 249 107.297 40.8371212121212 0.0)
#(0 139220 249 107.297 38.6289054083172 0.0)
#(0 139221 249 107.297 42.9534722222222 0.0)
#(0 139222 249 107.297 43.0617588932806 0.0)
#(0 139510 249 107.297 46.2829861111111 0.0)
#(0 140040 249 107.297 46.7901388888889 0.0)
#(0 140042 249 107.297 42.1218049719888 0.0)
#(0 140043 249 107.297 42.5763586956522 0.0)
#(0 140044 249 107.297 42.2654150197628 0.0)
#(0 140045 249 107.297 43.9145222832723 0.0)
#(0 140046 249 107.297 43.5887820512821 0.0)
#(0 140047 249 107.312 44.5668463037389 0.0)
#(0 140049 249 107.312 43.3324109213578 0.0)
#(0 140050 249 107.312 44.4601255175983 0.0)
#(0 140052 249 107.312 44.4224358974359 0.0)
#(0 140053 249 107.312 41.9060897435897 0.0)
#(0 140054 249 107.312 43.7371961340758 0.0)
#(0 233 250 107.312 43.4783045977011 0.0)
#(0 560 250 107.312 41.9729965915311 0.0)
#(0 571 250 107.312 41.8514441287879 0.0)
#(0 584 250 107.312 42.4327445652174 0.0)
#(0 591 250 107.312 41.4803571428571 0.0)
#(0 983 250 107.312 44.7006530873219 0.0)
#(0 996 250 107.312 43.6337560386473 0.0)
#(0 1339 250 107.312 47.2535714285714 0.0)
#(0 1341 250 107.312 45.1291208791209 0.0)
#(0 1345 250 107.312 44.3504318394024 0.0)
#(0 1348 250 107.312 40.7668308702792 0.0)
#(0 1922 250 107.312 43.1662508662509 0.0)
#(0 1925 250 107.312 44.7006530873219 0.0)
#(0 1926 250 107.312 47.2058823529412 0.0)
#(0 1927 250 107.312 38.1921470342523 0.0)
#(0 1929 250 107.312 41.9729965915311 0.0)
#(0 2217 250 107.312 42.675 0.0)
#(0 2227 250 107.312 43.8690476190476 0.0)
#(0 2770 250 107.312 42.6322491573762 0.0)
#(0 2783 250 107.312 41.5455447635135 0.0)
#(0 2785 250 107.312 41.4736111111111 0.0)
#(0 2786 250 107.312 44.7233173076923 0.0)
#(0 137505 250 107.312 49.6354166666667 0.0)
#(0 137507 250 107.312 42.3958333333333 0.0)
#(0 137509 250 107.312 42.1218049719888 0.0)
#(0 137510 250 107.312 43.4369318181818 0.0)
#(0 137512 250 107.312 47.7916666666667 0.0)
#(0 137926 250 107.312 42.3389423076923 0.0)
#(0 137928 250 107.312 44.5270074828649 0.0)
#(0 137929 250 107.312 42.5763586956522 0.0)
#(0 137930 250 107.312 42.2654150197628 0.0)
#(0 137931 250 107.312 42.9607142857143 0.0)
#(0 137932 250 107.312 43.9145222832723 0.0)
#(0 137935 250 107.312 42.9323863636364 0.0)
#(0 138286 250 107.312 45.2649711343423 0.0)
#(0 138288 250 107.312 43.4955357142857 0.0)
#(0 138613 250 107.312 44.0456945532915 0.0)
#(0 138614 250 107.312 42.4202485380117 0.0)
#(0 138616 250 107.312 43.4369318181818 0.0)
#(0 138617 250 107.328 43.2918981481482 0.0)
#(0 138620 250 107.328 42.1218049719888 0.0)
#(0 138621 250 107.328 41.4083760683761 0.0)
#(0 138623 250 107.328 43.9640151515152 0.0)
#(0 138624 250 107.328 44.3254464285714 0.0)
#(0 138625 250 107.328 43.5887820512821 0.0)
#(0 138914 250 107.328 41.7967562623135 0.0)
#(0 138919 250 107.328 40.8371212121212 0.0)
#(0 138926 250 107.328 42.5013910455487 0.0)
#(0 138928 250 107.328 43.2313003663004 0.0)
#(0 138930 250 107.328 41.9060897435897 0.0)
#(0 139226 250 107.328 44.1826923076923 0.0)
#(0 139229 250 107.328 42.9616325295999 0.0)
#(0 139230 250 107.328 43.9678091397849 0.0)
#(0 139231 250 107.328 42.4310975609756 0.0)
#(0 139232 250 107.328 43.3324109213578 0.0)
#(0 139233 250 107.328 42.6715097402597 0.0)
#(0 139234 250 107.328 42.8484848484848 0.0)
#(0 139516 250 107.328 46.5567833667558 0.0)
#(0 140041 250 107.328 42.7081925675676 0.0)
#(0 140048 250 107.328 42.2654150197628 0.0)
#(0 140055 250 107.328 43.6856845238095 0.0)
#(0 140056 250 107.328 44.0456945532915 0.0)
#(0 140057 250 107.328 43.3903867102397 0.0)
#(0 140058 250 107.328 44.1826923076923 0.0)
#(0 140060 250 107.328 44.373003296146 0.0)
#(0 140061 250 107.328 42.3067226890756 0.0)
#(0 235 251 107.328 43.2626420454545 0.0)
#(0 238 251 107.328 42.4054487179487 0.0)
#(0 240 251 107.328 43.0098026973027 0.0)
#(0 244 251 107.328 41.4736111111111 0.0)
#(0 251 251 107.328 42.8754370629371 0.0)
#(0 593 251 107.328 48.375 0.0)
#(0 600 251 107.328 39.8090367965368 0.0)
#(0 601 251 107.343 41.9729965915311 0.0)
#(0 602 251 107.343 44.3504318394024 0.0)
#(0 603 251 107.343 44.1908764367816 0.0)
#(0 1014 251 107.343 42.3592294254658 0.0)
#(0 1015 251 107.343 44.4157072368421 0.0)
#(0 1344 251 107.343 43.2045321637427 0.0)
#(0 1350 251 107.343 42.5395833333333 0.0)
#(0 1352 251 107.343 41.4803571428571 0.0)
#(0 1354 251 107.343 48.0021306818182 0.0)
#(0 1357 251 107.343 47.2272485080989 0.0)
#(0 1358 251 107.343 42.6322491573762 0.0)
#(0 1659 251 107.343 55.327380952381 0.0)
#(0 1933 251 107.343 43.6337560386473 0.0)
#(0 1935 251 107.343 42.3592294254658 0.0)
#(0 1936 251 107.343 43.4903002699055 0.0)
#(0 1938 251 107.343 44.0222222222222 0.0)
#(0 1941 251 107.343 48.0021306818182 0.0)
#(0 2788 251 107.343 44.0773809523809 0.0)
#(0 2789 251 107.343 44.7006530873219 0.0)
#(0 2790 251 107.343 43.4336899010812 0.0)
#(0 2791 251 107.343 43.5614298942966 0.0)
#(0 2793 251 107.343 43.6337560386473 0.0)
#(0 2794 251 107.343 43.8850223850224 0.0)
#(0 2795 251 107.343 41.0173645320197 0.0)
#(0 137506 251 107.343 43.1661706349206 0.0)
#(0 137515 251 107.343 45.3539473684211 0.0)
#(0 137521 251 107.343 45.8695741758242 0.0)
#(0 137523 251 107.343 44.5668463037389 0.0)
#(0 137938 251 107.343 43.7481694132772 0.0)
#(0 137940 251 107.343 44.5270074828649 0.0)
#(0 138618 251 107.343 44.0456945532915 0.0)
#(0 138626 251 107.343 42.9489495798319 0.0)
#(0 138629 251 107.343 43.8469967532468 0.0)
#(0 138631 251 107.343 44.4224358974359 0.0)
#(0 138632 251 107.343 42.5013910455487 0.0)
#(0 138634 251 107.343 44.4204503506829 0.0)
#(0 138637 251 107.343 43.9145222832723 0.0)
#(0 138639 251 107.343 48.9730158730159 0.0)
#(0 138934 251 107.343 43.8736631016043 0.0)
#(0 138937 251 107.343 42.1218049719888 0.0)
#(0 138942 251 107.343 40.8371212121212 0.0)
#(0 138944 251 107.343 42.9607142857143 0.0)
#(0 139235 251 107.343 43.8977678571429 0.0)
#(0 139236 251 107.343 46.4389254385965 0.0)
#(0 139237 251 107.343 45.9082471804511 0.0)
#(0 139238 251 107.343 43.6395386904762 0.0)
#(0 139239 251 107.359 41.5375 0.0)
#(0 139240 251 107.359 41.4083760683761 0.0)
#(0 139241 251 107.359 43.9640151515152 0.0)
#(0 139242 251 107.359 42.2654150197628 0.0)
#(0 139243 251 107.359 44.4204503506829 0.0)
#(0 139245 251 107.359 44.611562049062 0.0)
#(0 139246 251 107.359 42.1346227785372 0.0)
#(0 139247 251 107.359 44.373003296146 0.0)
#(0 139248 251 107.359 49.8564699792961 0.0)
#(0 139531 251 107.359 42.9489495798319 0.0)
#(0 140051 251 107.359 42.7081925675676 0.0)
#(0 140059 251 107.359 43.5887820512821 0.0)
#(0 140062 251 107.359 50.1878787878788 0.0)
#(0 140063 251 107.359 42.5013910455487 0.0)
#(0 140064 251 107.359 49.5160714285714 0.0)
#(0 140065 251 107.359 46.7503981469389 0.0)
#(0 140066 251 107.359 43.4532095508658 0.0)
#(0 140067 251 107.359 43.6862289915966 0.0)
#(0 236 252 107.359 43.4783045977011 0.0)
#(0 263 252 107.359 42.7728668390433 0.0)
#(0 604 252 107.359 43.8690476190476 0.0)
#(0 606 252 107.359 43.4783045977011 0.0)
#(0 1019 252 107.359 40.7668308702792 0.0)
#(0 1020 252 107.359 48.0021306818182 0.0)
#(0 1024 252 107.359 45.630069124424 0.0)
#(0 1026 252 107.359 43.5873511904762 0.0)
#(0 1027 252 107.359 41.8514441287879 0.0)
#(0 1028 252 107.359 45.1291208791209 0.0)
#(0 1365 252 107.359 43.2045321637427 0.0)
#(0 1366 252 107.359 41.4736111111111 0.0)
#(0 1368 252 107.359 44.1908764367816 0.0)
#(0 1369 252 107.359 40.8414750957854 0.0)
#(0 1947 252 107.359 40.4210434173669 0.0)
#(0 1948 252 107.359 44.7006530873219 0.0)
#(0 2801 252 107.359 42.8754370629371 0.0)
#(0 2804 252 107.359 41.6142113095238 0.0)
#(0 137526 252 107.359 44.6050480769231 0.0)
#(0 137527 252 107.359 44.3254464285714 0.0)
#(0 137529 252 107.359 42.4202485380117 0.0)
#(0 137532 252 107.359 42.6715097402597 0.0)
#(0 137534 252 107.359 46.7222222222222 0.0)
#(0 137535 252 107.359 43.7371961340758 0.0)
#(0 137536 252 107.359 44.4204503506829 0.0)
#(0 137537 252 107.359 42.9616325295999 0.0)
#(0 137538 252 107.359 47.4236111111111 0.0)
#(0 137539 252 107.359 44.6050480769231 0.0)
#(0 137947 252 107.375 41.1094919786096 0.0)
#(0 137949 252 107.375 45.5166666666667 0.0)
#(0 137952 252 107.375 46.25 0.0)
#(0 137955 252 107.375 47.8541666666667 0.0)
#(0 137957 252 107.375 43.8736631016043 0.0)
#(0 138301 252 107.375 44.611562049062 0.0)
#(0 138640 252 107.375 43.319947002924 0.0)
#(0 138642 252 107.375 46.7901388888889 0.0)
#(0 138643 252 107.375 57.4222222222222 0.0)
#(0 138644 252 107.375 49.53125 0.0)
#(0 138647 252 107.375 42.8484848484848 0.0)
#(0 138946 252 107.375 43.8469967532468 0.0)
#(0 138947 252 107.375 44.3254464285714 0.0)
#(0 138949 252 107.375 42.8484848484848 0.0)
#(0 138954 252 107.375 42.8880208333333 0.0)
#(0 138955 252 107.375 42.34375 0.0)
#(0 139244 252 107.375 42.4310975609756 0.0)
#(0 139249 252 107.375 46.4389254385965 0.0)
#(0 139250 252 107.375 41.4083760683761 0.0)
#(0 139252 252 107.375 40.5520833333333 0.0)
#(0 139253 252 107.375 43.1286764705882 0.0)
#(0 139254 252 107.375 44.3254464285714 0.0)
#(0 139255 252 107.375 39.6358173076923 0.0)
#(0 139256 252 107.375 43.9361801242236 0.0)
#(0 139257 252 107.375 41.4943501759678 0.0)
#(0 139258 252 107.375 42.9489495798319 0.0)
#(0 139259 252 107.375 43.9145222832723 0.0)
#(0 140068 252 107.375 42.9489495798319 0.0)
#(0 140069 252 107.375 46.4389254385965 0.0)
#(0 140070 252 107.375 43.9640151515152 0.0)
#(0 140071 252 107.375 45.2649711343423 0.0)
#(0 140072 252 107.375 43.9678091397849 0.0)
#(0 140073 252 107.375 43.2918981481482 0.0)
#(0 140074 252 107.375 49.8564699792961 0.0)
#(0 140075 252 107.375 35.3698565323565 0.0)
#(0 140076 252 107.375 44.1826923076923 0.0)
#(0 592 253 107.375 41.8514441287879 0.0)
#(0 617 253 107.375 43.8690476190476 0.0)
#(0 622 253 107.375 42.4327445652174 0.0)
#(0 625 253 107.375 41.5455447635135 0.0)
#(0 1033 253 107.375 55.327380952381 0.0)
#(0 1034 253 107.375 41.4736111111111 0.0)
#(0 1038 253 107.375 42.4327445652174 0.0)
#(0 1039 253 107.375 39.8090367965368 0.0)
#(0 1359 253 107.375 42.6322491573762 0.0)
#(0 1374 253 107.39 40.8414750957854 0.0)
#(0 1375 253 107.39 41.5455447635135 0.0)
#(0 1376 253 107.39 42.4054487179487 0.0)
#(0 1674 253 107.39 45.1291208791209 0.0)
#(0 1949 253 107.39 45.4002976190476 0.0)
#(0 1950 253 107.39 43.2269230769231 0.0)
#(0 1951 253 107.39 43.4336899010812 0.0)
#(0 1952 253 107.39 43.1662508662509 0.0)
#(0 1957 253 107.39 43.5873511904762 0.0)
#(0 1959 253 107.39 44.3504318394024 0.0)
#(0 1961 253 107.39 42.3592294254658 0.0)
#(0 1963 253 107.39 43.8850223850224 0.0)
#(0 1965 253 107.39 41.6142113095238 0.0)
#(0 1967 253 107.39 44.0773809523809 0.0)
#(0 2809 253 107.39 44.3504318394024 0.0)
#(0 137540 253 107.39 43.2313003663004 0.0)
#(0 137545 253 107.39 42.8484848484848 0.0)
#(0 137546 253 107.39 46.3511513157895 0.0)
#(0 137547 253 107.39 42.4202485380117 0.0)
#(0 137548 253 107.39 45.2649711343423 0.0)
#(0 137550 253 107.39 45.9881944444444 0.0)
#(0 137962 253 107.39 43.2313003663004 0.0)
#(0 137963 253 107.39 43.1911330049261 0.0)
#(0 137964 253 107.39 42.1346227785372 0.0)
#(0 137965 253 107.39 43.6862289915966 0.0)
#(0 137966 253 107.39 41.4083760683761 0.0)
#(0 137969 253 107.39 44.0456945532915 0.0)
#(0 138308 253 107.39 42.9607142857143 0.0)
#(0 138310 253 107.39 45.9082471804511 0.0)
#(0 138648 253 107.39 41.6247628083491 0.0)
#(0 138649 253 107.39 45.2798402255639 0.0)
#(0 138652 253 107.39 44.5270074828649 0.0)
#(0 138959 253 107.39 42.1218049719888 0.0)
#(0 138963 253 107.39 43.2313003663004 0.0)
#(0 138965 253 107.39 46.3511513157895 0.0)
#(0 139260 253 107.39 44.4204503506829 0.0)
#(0 139262 253 107.39 47.9145833333333 0.0)
#(0 139264 253 107.39 45.2798402255639 0.0)
#(0 139265 253 107.39 43.9640151515152 0.0)
#(0 139266 253 107.39 46.5567833667558 0.0)
#(0 140077 253 107.39 42.3067226890756 0.0)
#(0 140078 253 107.406 42.8151041666667 0.0)
#(0 140079 253 107.406 42.9607142857143 0.0)
#(0 140080 253 107.406 47.0416666666667 0.0)
#(0 140081 253 107.406 47.9271577380952 0.0)
#(0 140083 253 107.406 44.4204503506829 0.0)
#(0 140084 253 107.406 49.4166666666667 0.0)
#(0 140085 253 107.406 42.7425120772947 0.0)
#(0 140086 253 107.406 44.373003296146 0.0)
#(0 278 254 107.406 42.3592294254658 0.0)
#(0 628 254 107.406 41.9729965915311 0.0)
#(0 631 254 107.406 41.9852941176471 0.0)
#(0 635 254 107.406 42.6322491573762 0.0)
#(0 1044 254 107.406 44.3504318394024 0.0)
#(0 1050 254 107.406 43.4783045977011 0.0)
#(0 1392 254 107.406 41.0173645320197 0.0)
#(0 1393 254 107.406 43.4336899010812 0.0)
#(0 1690 254 107.406 43.4903002699055 0.0)
#(0 1691 254 107.406 41.2343304843305 0.0)
#(0 1969 254 107.406 42.7404401154401 0.0)
#(0 1972 254 107.406 43.2045321637427 0.0)
#(0 1973 254 107.406 40.8414750957854 0.0)
#(0 1974 254 107.406 39.8090367965368 0.0)
#(0 2811 254 107.406 43.8850223850224 0.0)
#(0 2812 254 107.406 41.5455447635135 0.0)
#(0 2813 254 107.406 38.1921470342523 0.0)
#(0 2814 254 107.406 43.1662508662509 0.0)
#(0 137557 254 107.406 42.9607142857143 0.0)
#(0 137559 254 107.406 42.2654150197628 0.0)
#(0 137565 254 107.406 42.34375 0.0)
#(0 137566 254 107.406 47.625 0.0)
#(0 137567 254 107.406 43.38458994709 0.0)
#(0 137568 254 107.406 42.8151041666667 0.0)
#(0 137573 254 107.406 47.3871527777778 0.0)
#(0 137948 254 107.406 43.1661706349206 0.0)
#(0 137974 254 107.406 43.7440861344538 0.0)
#(0 137975 254 107.406 44.1826923076923 0.0)
#(0 137978 254 107.406 44.4224358974359 0.0)
#(0 137979 254 107.406 47.4236111111111 0.0)
#(0 138318 254 107.406 47.9145833333333 0.0)
#(0 138322 254 107.406 43.0888095238095 0.0)
#(0 138654 254 107.406 42.9607142857143 0.0)
#(0 138656 254 107.406 43.4369318181818 0.0)
#(0 138657 254 107.406 43.8469967532468 0.0)
#(0 138658 254 107.422 44.4771099744246 0.0)
#(0 138660 254 107.422 46.7503981469389 0.0)
#(0 138661 254 107.422 43.6862289915966 0.0)
#(0 138663 254 107.422 44.4601255175983 0.0)
#(0 138664 254 107.422 45.4020833333333 0.0)
#(0 138966 254 107.422 45.9203869047619 0.0)
#(0 138969 254 107.422 46.3511513157895 0.0)
#(0 139267 254 107.422 43.7371961340758 0.0)
#(0 139269 254 107.422 57.4222222222222 0.0)
#(0 139270 254 107.422 43.1286764705882 0.0)
#(0 139271 254 107.422 45.0276785714286 0.0)
#(0 140082 254 107.422 42.8151041666667 0.0)
#(0 140087 254 107.422 41.5616200828157 0.0)
#(0 140088 254 107.422 43.7371961340758 0.0)
#(0 290 255 107.422 41.9729965915311 0.0)
#(0 633 255 107.422 41.0173645320197 0.0)
#(0 644 255 107.422 38.1921470342523 0.0)
#(0 645 255 107.422 43.4783045977011 0.0)
#(0 646 255 107.422 45.9694444444444 0.0)
#(0 647 255 107.422 41.6142113095238 0.0)
#(0 649 255 107.422 45.630069124424 0.0)
#(0 650 255 107.422 44.7233173076923 0.0)
#(0 657 255 107.422 48.0021306818182 0.0)
#(0 1053 255 107.422 44.0222222222222 0.0)
#(0 1692 255 107.422 44.1908764367816 0.0)
#(0 1696 255 107.422 44.6369047619048 0.0)
#(0 1979 255 107.422 41.0173645320197 0.0)
#(0 1984 255 107.422 41.6142113095238 0.0)
#(0 1985 255 107.422 44.6688596491228 0.0)
#(0 1987 255 107.422 61.5416666666667 0.0)
#(0 2817 255 107.422 43.3732638888889 0.0)
#(0 2818 255 107.422 42.4826388888889 0.0)
#(0 2819 255 107.422 46.6569940476191 0.0)
#(0 2820 255 107.422 44.0222222222222 0.0)
#(0 2823 255 107.422 40.675 0.0)
#(0 137561 255 107.437 45.5166666666667 0.0)
#(0 137576 255 107.437 39.6358173076923 0.0)
#(0 137581 255 107.437 43.4955357142857 0.0)
#(0 137585 255 107.437 43.3903867102397 0.0)
#(0 137586 255 107.437 40.8371212121212 0.0)
#(0 137587 255 107.437 46.3511513157895 0.0)
#(0 137589 255 107.437 44.1826923076923 0.0)
#(0 137591 255 107.437 47.3988095238095 0.0)
#(0 137592 255 107.437 46.7222222222222 0.0)
#(0 137981 255 107.437 46.5567833667558 0.0)
#(0 137984 255 107.437 41.4083760683761 0.0)
#(0 137987 255 107.437 42.6715097402597 0.0)
#(0 137989 255 107.437 46.4544246031746 0.0)
#(0 137991 255 107.437 42.34375 0.0)
#(0 137992 255 107.437 44.4771099744246 0.0)
#(0 138327 255 107.437 42.1346227785372 0.0)
#(0 138328 255 107.437 45.4861111111111 0.0)
#(0 138331 255 107.437 43.6862289915966 0.0)
#(0 138334 255 107.437 41.9589285714286 0.0)
#(0 138336 255 107.437 43.9361801242236 0.0)
#(0 138339 255 107.437 46.5567833667558 0.0)
#(0 138668 255 107.437 43.0888095238095 0.0)
#(0 138669 255 107.437 43.9145222832723 0.0)
#(0 138978 255 107.437 43.8736631016043 0.0)
#(0 138984 255 107.437 43.4369318181818 0.0)
#(0 138987 255 107.437 47.3871527777778 0.0)
#(0 139268 255 107.437 43.7371961340758 0.0)
#(0 139272 255 107.437 44.4224358974359 0.0)
#(0 139273 255 107.437 42.7081925675676 0.0)
#(0 139274 255 107.437 45.9203869047619 0.0)
#(0 139275 255 107.437 41.1094919786096 0.0)
#(0 139276 255 107.437 46.4544246031746 0.0)
#(0 140089 255 107.437 43.3324109213578 0.0)
#(0 140090 255 107.437 42.7425120772947 0.0)
#(0 140091 255 107.437 42.1218049719888 0.0)
#(0 140092 255 107.437 43.319947002924 0.0)
#(0 140093 255 107.437 44.5270074828649 0.0)
#(0 140094 255 107.437 42.9607142857143 0.0)
#(0 140095 255 107.437 20.0 0.0)
#(0 140096 255 107.437 46.7901388888889 0.0)
#(0 140098 255 107.437 39.9948717948718 0.0)
#(0 140099 255 107.453 43.2839798850575 0.0)
#(0 140100 255 107.453 44.4204503506829 0.0)
#(0 140101 255 107.453 46.4389254385965 0.0)
#(0 140102 255 107.453 45.2798402255639 0.0)
#(0 297 256 107.453 41.9729965915311 0.0)
#(0 660 256 107.453 39.8090367965368 0.0)
#(0 667 256 107.453 43.0098026973027 0.0)
#(0 668 256 107.453 44.1908764367816 0.0)
#(0 1064 256 107.453 41.4736111111111 0.0)
#(0 1066 256 107.453 41.8514441287879 0.0)
#(0 1072 256 107.453 43.1312969924812 0.0)
#(0 1073 256 107.453 43.4903002699055 0.0)
#(0 1407 256 107.453 43.4336899010812 0.0)
#(0 1412 256 107.453 43.2626420454545 0.0)
#(0 1415 256 107.453 43.4903002699055 0.0)
#(0 1702 256 107.453 43.2045321637427 0.0)
#(0 1992 256 107.453 43.5873511904762 0.0)
#(0 1996 256 107.453 43.7178728070175 0.0)
#(0 1998 256 107.453 43.2269230769231 0.0)
#(0 2285 256 107.453 41.6590277777778 0.0)
#(0 2825 256 107.453 43.2626420454545 0.0)
#(0 137596 256 107.453 43.1661706349206 0.0)
#(0 137597 256 107.453 42.1218049719888 0.0)
#(0 137598 256 107.453 43.2839798850575 0.0)
#(0 137600 256 107.453 42.7081925675676 0.0)
#(0 137602 256 107.453 41.4083760683761 0.0)
#(0 137994 256 107.453 44.6050480769231 0.0)
#(0 137997 256 107.453 41.3722222222222 0.0)
#(0 137998 256 107.453 39.6358173076923 0.0)
#(0 138003 256 107.453 39.9948717948718 0.0)
#(0 138340 256 107.453 46.2829861111111 0.0)
#(0 138342 256 107.453 43.1286764705882 0.0)
#(0 138348 256 107.453 46.25 0.0)
#(0 138349 256 107.453 43.7440861344538 0.0)
#(0 138350 256 107.453 46.7901388888889 0.0)
#(0 138672 256 107.453 47.9145833333333 0.0)
#(0 138673 256 107.453 45.5561355311355 0.0)
#(0 138675 256 107.453 43.7481694132772 0.0)
#(0 138676 256 107.453 43.3903867102397 0.0)
#(0 138678 256 107.453 43.9361801242236 0.0)
#(0 138679 256 107.453 42.7425120772947 0.0)
#(0 138989 256 107.453 43.7440861344538 0.0)
#(0 138997 256 107.453 42.9323863636364 0.0)
#(0 139279 256 107.468 49.8564699792961 0.0)
#(0 139280 256 107.468 46.25 0.0)
#(0 139282 256 107.468 43.7481694132772 0.0)
#(0 140097 256 107.468 43.3324109213578 0.0)
#(0 140103 256 107.468 42.6715097402597 0.0)
#(0 140104 256 107.468 43.7032291666667 0.0)
#(0 140105 256 107.468 43.6862289915966 0.0)
#(0 140106 256 107.468 44.8469237053796 0.0)
#(0 140107 256 107.468 45.4861111111111 0.0)
#(0 140108 256 107.468 43.6395386904762 0.0)
#(0 140109 256 107.468 41.4083760683761 0.0)
#(0 140110 256 107.468 47.4236111111111 0.0)
#(0 140111 256 107.468 38.6289054083172 0.0)
#(0 140112 256 107.468 42.4310975609756 0.0)
#(0 140113 256 107.468 43.233682983683 0.0)
#(0 140114 256 107.468 43.5887820512821 0.0)
#(0 315 257 107.468 41.4736111111111 0.0)
#(0 327 257 107.468 47.2272485080989 0.0)
#(0 675 257 107.468 42.8754370629371 0.0)
#(0 676 257 107.468 43.7178728070175 0.0)
#(0 679 257 107.468 41.6142113095238 0.0)
#(0 1081 257 107.468 43.5873511904762 0.0)
#(0 1086 257 107.468 43.8690476190476 0.0)
#(0 1089 257 107.468 46.6569940476191 0.0)
#(0 1416 257 107.468 42.3592294254658 0.0)
#(0 1423 257 107.468 40.7668308702792 0.0)
#(0 1425 257 107.468 43.1662508662509 0.0)
#(0 1428 257 107.468 38.1921470342523 0.0)
#(0 2005 257 107.468 46.6569940476191 0.0)
#(0 2828 257 107.468 42.6322491573762 0.0)
#(0 2834 257 107.468 45.4297348484848 0.0)
#(0 2836 257 107.468 42.4327445652174 0.0)
#(0 137608 257 107.468 42.4310975609756 0.0)
#(0 137611 257 107.468 43.7481694132772 0.0)
#(0 137612 257 107.468 42.1218049719888 0.0)
#(0 137614 257 107.468 43.4955357142857 0.0)
#(0 137615 257 107.468 44.4204503506829 0.0)
#(0 138007 257 107.468 49.6354166666667 0.0)
#(0 138008 257 107.468 43.7481694132772 0.0)
#(0 138009 257 107.468 46.3511513157895 0.0)
#(0 138011 257 107.468 43.3903867102397 0.0)
#(0 138341 257 107.468 44.9372710622711 0.0)
#(0 138352 257 107.468 42.5013910455487 0.0)
#(0 138355 257 107.484 44.611562049062 0.0)
#(0 138357 257 107.484 42.34375 0.0)
#(0 138358 257 107.484 41.7897058823529 0.0)
#(0 138359 257 107.484 43.6862289915966 0.0)
#(0 138362 257 107.484 43.0888095238095 0.0)
#(0 138363 257 107.484 47.7916666666667 0.0)
#(0 138365 257 107.484 42.9616325295999 0.0)
#(0 138367 257 107.484 49.5160714285714 0.0)
#(0 138368 257 107.484 51.7916666666667 0.0)
#(0 138680 257 107.484 43.2313003663004 0.0)
#(0 138681 257 107.484 45.9881944444444 0.0)
#(0 138683 257 107.484 46.7503981469389 0.0)
#(0 138686 257 107.484 43.0460164835165 0.0)
#(0 138687 257 107.484 49.6354166666667 0.0)
#(0 139000 257 107.484 43.9678091397849 0.0)
#(0 139284 257 107.484 42.6715097402597 0.0)
#(0 139285 257 107.484 45.9082471804511 0.0)
#(0 139286 257 107.484 42.9323863636364 0.0)
#(0 139287 257 107.484 42.2654150197628 0.0)
#(0 140115 257 107.484 46.4544246031746 0.0)
#(0 140116 257 107.484 45.9082471804511 0.0)
#(0 140118 257 107.484 44.9372710622711 0.0)
#(0 140119 257 107.484 42.9534722222222 0.0)
#(0 140120 257 107.484 42.6715097402597 0.0)
#(0 140121 257 107.484 46.0609898325359 0.0)
#(0 140122 257 107.484 46.3511513157895 0.0)
#(0 140123 257 107.484 42.7081925675676 0.0)
#(0 140124 257 107.484 44.611562049062 0.0)
#(0 140125 257 107.484 47.7916666666667 0.0)
#(0 140126 257 107.484 47.9271577380952 0.0)
#(0 140127 257 107.484 45.8695741758242 0.0)
#(0 330 258 107.484 41.8514441287879 0.0)
#(0 332 258 107.484 42.8754370629371 0.0)
#(0 687 258 107.484 45.0625 0.0)
#(0 692 258 107.484 47.2615942028986 0.0)
#(0 1085 258 107.484 43.6337560386473 0.0)
#(0 1435 258 107.484 41.4736111111111 0.0)
#(0 1722 258 107.484 40.4210434173669 0.0)
#(0 1724 258 107.484 43.2045321637427 0.0)
#(0 1729 258 107.484 47.2615942028986 0.0)
#(0 1731 258 107.484 42.2916666666667 0.0)
#(0 2011 258 107.484 43.0098026973027 0.0)
#(0 2838 258 107.484 42.3592294254658 0.0)
#(0 2840 258 107.5 43.7380952380952 0.0)
#(0 2841 258 107.5 41.5455447635135 0.0)
#(0 2845 258 107.5 44.6369047619048 0.0)
#(0 2847 258 107.5 47.2272485080989 0.0)
#(0 137621 258 107.5 46.5567833667558 0.0)
#(0 137622 258 107.5 41.9060897435897 0.0)
#(0 137626 258 107.5 44.4204503506829 0.0)
#(0 137628 258 107.5 44.1826923076923 0.0)
#(0 138016 258 107.5 43.2918981481482 0.0)
#(0 138017 258 107.5 43.1911330049261 0.0)
#(0 138021 258 107.5 44.4204503506829 0.0)
#(0 138022 258 107.5 43.1286764705882 0.0)
#(0 138024 258 107.5 42.2654150197628 0.0)
#(0 138025 258 107.5 45.5166666666667 0.0)
#(0 138026 258 107.5 44.611562049062 0.0)
#(0 138027 258 107.5 44.1826923076923 0.0)
#(0 138028 258 107.5 49.8564699792961 0.0)
#(0 138029 258 107.5 51.7416666666667 0.0)
#(0 138369 258 107.5 43.3903867102397 0.0)
#(0 138371 258 107.5 42.2654150197628 0.0)
#(0 138372 258 107.5 41.3722222222222 0.0)
#(0 138374 258 107.5 44.4601255175983 0.0)
#(0 138377 258 107.5 42.9400735294118 0.0)
#(0 138682 258 107.5 43.7481694132772 0.0)
#(0 138688 258 107.5 43.7440861344538 0.0)
#(0 138690 258 107.5 39.9948717948718 0.0)
#(0 138692 258 107.5 45.0276785714286 0.0)
#(0 138694 258 107.5 45.5166666666667 0.0)
#(0 138695 258 107.5 46.5567833667558 0.0)
#(0 139005 258 107.5 46.4389254385965 0.0)
#(0 139009 258 107.5 43.9678091397849 0.0)
#(0 139012 258 107.5 42.9616325295999 0.0)
#(0 139016 258 107.5 43.1661706349206 0.0)
#(0 139288 258 107.5 46.0609898325359 0.0)
#(0 139289 258 107.5 43.2313003663004 0.0)
#(0 139290 258 107.5 41.4083760683761 0.0)
#(0 139291 258 107.5 51.7416666666667 0.0)
#(0 139292 258 107.5 44.5270074828649 0.0)
#(0 139293 258 107.5 42.8880208333333 0.0)
#(0 139295 258 107.5 41.4943501759678 0.0)
#(0 139296 258 107.5 43.0 0.0)
#(0 139297 258 107.5 45.9082471804511 0.0)
#(0 139299 258 107.5 44.6050480769231 0.0)
#(0 139300 258 107.5 41.6247628083491 0.0)
#(0 139582 258 107.5 46.5567833667558 0.0)
#(0 139585 258 107.5 46.0 0.0)
#(0 140117 258 107.515 43.233682983683 0.0)
#(0 140128 258 107.515 42.4310975609756 0.0)
#(0 140129 258 107.515 44.4224358974359 0.0)
#(0 140130 258 107.515 42.5763586956522 0.0)
#(0 140131 258 107.515 42.7425120772947 0.0)
#(0 140132 258 107.515 66.0 0.0)
#(0 140134 258 107.515 49.5160714285714 0.0)
#(0 140135 258 107.515 46.5567833667558 0.0)
#(0 140136 258 107.515 43.2313003663004 0.0)
#(0 140137 258 107.515 42.1218049719888 0.0)
#(0 347 259 107.515 44.7233173076923 0.0)
#(0 350 259 107.515 55.327380952381 0.0)
#(0 683 259 107.515 48.1041666666667 0.0)
#(0 699 259 107.515 42.5395833333333 0.0)
#(0 705 259 107.515 40.8414750957854 0.0)
#(0 1110 259 107.515 41.0034722222222 0.0)
#(0 1439 259 107.515 43.2269230769231 0.0)
#(0 1440 259 107.515 41.5455447635135 0.0)
#(0 1441 259 107.515 42.4327445652174 0.0)
#(0 1444 259 107.515 45.4002976190476 0.0)
#(0 1445 259 107.515 38.1921470342523 0.0)
#(0 1740 259 107.515 42.7728668390433 0.0)
#(0 1742 259 107.515 41.4803571428571 0.0)
#(0 2016 259 107.515 41.0173645320197 0.0)
#(0 2017 259 107.515 42.5395833333333 0.0)
#(0 2019 259 107.515 43.2626420454545 0.0)
#(0 2851 259 107.515 44.6369047619048 0.0)
#(0 2852 259 107.515 41.7708333333333 0.0)
#(0 2854 259 107.515 43.8690476190476 0.0)
#(0 2855 259 107.515 43.4903002699055 0.0)
#(0 137629 259 107.515 42.9616325295999 0.0)
#(0 137635 259 107.515 43.7440861344538 0.0)
#(0 137638 259 107.515 42.8484848484848 0.0)
#(0 138032 259 107.531 43.7440861344538 0.0)
#(0 138033 259 107.531 42.7081925675676 0.0)
#(0 138034 259 107.531 44.5668463037389 0.0)
#(0 138036 259 107.531 49.6354166666667 0.0)
#(0 138037 259 107.531 46.274255952381 0.0)
#(0 138039 259 107.531 45.3539473684211 0.0)
#(0 138040 259 107.531 46.5567833667558 0.0)
#(0 138046 259 107.531 39.8254206730769 0.0)
#(0 138382 259 107.531 47.3871527777778 0.0)
#(0 138697 259 107.531 43.8469967532468 0.0)
#(0 138698 259 107.531 44.3254464285714 0.0)
#(0 138701 259 107.531 43.8977678571429 0.0)
#(0 138702 259 107.531 43.6395386904762 0.0)
#(0 138704 259 107.531 44.4868259803922 0.0)
#(0 138705 259 107.531 41.4083760683761 0.0)
#(0 138707 259 107.531 42.9616325295999 0.0)
#(0 138708 259 107.531 43.4369318181818 0.0)
#(0 139019 259 107.531 44.1388888888889 0.0)
#(0 139022 259 107.531 47.9145833333333 0.0)
#(0 139023 259 107.531 43.6856845238095 0.0)
#(0 139301 259 107.531 44.4204503506829 0.0)
#(0 139302 259 107.531 44.1826923076923 0.0)
#(0 139304 259 107.531 41.5296052631579 0.0)
#(0 139305 259 107.531 38.6289054083172 0.0)
#(0 139306 259 107.531 42.7081925675676 0.0)
#(0 139307 259 107.531 42.2654150197628 0.0)
#(0 140133 259 107.531 45.8695741758242 0.0)
#(0 140138 259 107.531 42.5182291666667 0.0)
#(0 140139 259 107.531 46.0609898325359 0.0)
#(0 140140 259 107.531 43.1286764705882 0.0)
#(0 140141 259 107.531 42.75 0.0)
#(0 356 260 107.531 42.4054487179487 0.0)
#(0 707 260 107.531 42.5395833333333 0.0)
#(0 711 260 107.531 47.2272485080989 0.0)
#(0 717 260 107.531 44.1908764367816 0.0)
#(0 1112 260 107.531 41.9729965915311 0.0)
#(0 1120 260 107.531 41.4736111111111 0.0)
#(0 1447 260 107.531 43.3732638888889 0.0)
#(0 1743 260 107.531 41.6142113095238 0.0)
#(0 2021 260 107.531 40.4349747474747 0.0)
#(0 2022 260 107.531 41.0034722222222 0.0)
#(0 2023 260 107.531 45.4002976190476 0.0)
#(0 2024 260 107.531 43.5875 0.0)
#(0 2026 260 107.531 40.8414750957854 0.0)
#(0 2027 260 107.531 41.6142113095238 0.0)
#(0 2857 260 107.547 40.675 0.0)
#(0 2858 260 107.547 44.6688596491228 0.0)
#(0 2859 260 107.547 43.8850223850224 0.0)
#(0 2861 260 107.547 41.4736111111111 0.0)
#(0 2862 260 107.547 41.5455447635135 0.0)
#(0 137646 260 107.547 43.2313003663004 0.0)
#(0 137647 260 107.547 41.5296052631579 0.0)
#(0 137648 260 107.547 46.5567833667558 0.0)
#(0 137650 260 107.547 42.3958333333333 0.0)
#(0 137654 260 107.547 41.6247628083491 0.0)
#(0 137655 260 107.547 42.3389423076923 0.0)
#(0 137658 260 107.547 41.4943501759678 0.0)
#(0 138019 260 107.547 46.3511513157895 0.0)
#(0 138041 260 107.547 46.5567833667558 0.0)
#(0 138042 260 107.547 49.8564699792961 0.0)
#(0 138047 260 107.547 42.1218049719888 0.0)
#(0 138050 260 107.547 43.7481694132772 0.0)
#(0 138057 260 107.547 47.625 0.0)
#(0 138058 260 107.547 45.2649711343423 0.0)
#(0 138061 260 107.547 38.6289054083172 0.0)
#(0 138388 260 107.547 46.7901388888889 0.0)
#(0 138390 260 107.547 42.6715097402597 0.0)
#(0 138391 260 107.547 38.6289054083172 0.0)
#(0 138392 260 107.547 43.7440861344538 0.0)
#(0 138393 260 107.547 44.0456945532915 0.0)
#(0 138394 260 107.547 45.2649711343423 0.0)
#(0 138711 260 107.547 42.9607142857143 0.0)
#(0 138712 260 107.547 43.2839798850575 0.0)
#(0 138715 260 107.547 44.4868259803922 0.0)
#(0 138716 260 107.547 47.9145833333333 0.0)
#(0 139028 260 107.547 43.9145222832723 0.0)
#(0 139031 260 107.547 44.5270074828649 0.0)
#(0 139034 260 107.547 44.4771099744246 0.0)
#(0 139308 260 107.547 44.4771099744246 0.0)
#(0 139310 260 107.547 43.0888095238095 0.0)
#(0 139311 260 107.547 41.7967562623135 0.0)
#(0 139312 260 107.547 43.1661706349206 0.0)
#(0 139313 260 107.547 46.0609898325359 0.0)
#(0 139314 260 107.547 43.7440861344538 0.0)
#(0 139316 260 107.547 39.9948717948718 0.0)
#(0 139317 260 107.562 43.319947002924 0.0)
#(0 139594 260 107.562 47.7916666666667 0.0)
#(0 140142 260 107.562 46.7901388888889 0.0)
#(0 140143 260 107.562 44.4224358974359 0.0)
#(0 140144 260 107.562 48.4263392857143 0.0)
#(0 140145 260 107.562 43.7481694132772 0.0)
#(0 140146 260 107.562 43.9145222832723 0.0)
#(0 140147 260 107.562 46.9693813131313 0.0)
#(0 140148 260 107.562 43.6856845238095 0.0)
#(0 140149 260 107.562 42.7081925675676 0.0)
#(0 140150 260 107.562 42.0755555555556 0.0)
#(0 358 261 107.562 41.8514441287879 0.0)
#(0 360 261 107.562 39.8090367965368 0.0)
#(0 361 261 107.562 44.5796245421245 0.0)
#(0 728 261 107.562 41.9852941176471 0.0)
#(0 729 261 107.562 43.1662508662509 0.0)
#(0 1125 261 107.562 40.675 0.0)
#(0 1126 261 107.562 43.1312969924812 0.0)
#(0 1134 261 107.562 41.5455447635135 0.0)
#(0 1457 261 107.562 48.6964285714286 0.0)
#(0 1760 261 107.562 43.6337560386473 0.0)
#(0 2031 261 107.562 44.6688596491228 0.0)
#(0 2033 261 107.562 42.6322491573762 0.0)
#(0 2034 261 107.562 44.3504318394024 0.0)
#(0 2035 261 107.562 43.2269230769231 0.0)
#(0 2036 261 107.562 42.8754370629371 0.0)
#(0 2037 261 107.562 43.7178728070175 0.0)
#(0 2863 261 107.562 43.8850223850224 0.0)
#(0 2864 261 107.562 43.4903002699055 0.0)
#(0 2868 261 107.562 50.1666666666667 0.0)
#(0 2870 261 107.562 42.7728668390433 0.0)
#(0 2871 261 107.562 47.2058823529412 0.0)
#(0 2872 261 107.562 46.18125 0.0)
#(0 2873 261 107.562 43.2626420454545 0.0)
#(0 2874 261 107.562 41.9852941176471 0.0)
#(0 2876 261 107.562 46.4132575757576 0.0)
#(0 2877 261 107.562 43.1662508662509 0.0)
#(0 2879 261 107.562 43.5873511904762 0.0)
#(0 2881 261 107.562 41.8514441287879 0.0)
#(0 2882 261 107.562 43.2269230769231 0.0)
#(0 137639 261 107.562 42.8484848484848 0.0)
#(0 137662 261 107.562 45.9203869047619 0.0)
#(0 137663 261 107.562 44.373003296146 0.0)
#(0 137664 261 107.562 43.38458994709 0.0)
#(0 137667 261 107.562 44.1826923076923 0.0)
#(0 137668 261 107.562 49.8564699792961 0.0)
#(0 138049 261 107.578 49.8564699792961 0.0)
#(0 138055 261 107.578 44.3598214285714 0.0)
#(0 138059 261 107.578 43.8469967532468 0.0)
#(0 138060 261 107.578 47.8920454545455 0.0)
#(0 138062 261 107.578 42.5763586956522 0.0)
#(0 138063 261 107.578 47.9271577380952 0.0)
#(0 138066 261 107.578 49.6354166666667 0.0)
#(0 138071 261 107.578 44.4224358974359 0.0)
#(0 138075 261 107.578 43.319947002924 0.0)
#(0 138395 261 107.578 51.7416666666667 0.0)
#(0 138397 261 107.578 47.0416666666667 0.0)
#(0 138399 261 107.578 41.5616200828157 0.0)
#(0 138402 261 107.578 42.4202485380117 0.0)
#(0 138403 261 107.578 43.5887820512821 0.0)
#(0 138404 261 107.578 45.9082471804511 0.0)
#(0 138717 261 107.578 42.5763586956522 0.0)
#(0 138722 261 107.578 43.8977678571429 0.0)
#(0 138723 261 107.578 43.9640151515152 0.0)
#(0 138724 261 107.578 48.6596153846154 0.0)
#(0 138727 261 107.578 43.38458994709 0.0)
#(0 138728 261 107.578 42.9534722222222 0.0)
#(0 139315 261 107.578 43.1661706349206 0.0)
#(0 139319 261 107.578 46.7901388888889 0.0)
#(0 139320 261 107.578 39.8254206730769 0.0)
#(0 139321 261 107.578 42.9489495798319 0.0)
#(0 139322 261 107.578 44.9372710622711 0.0)
#(0 139324 261 107.578 43.4955357142857 0.0)
#(0 139325 261 107.578 43.8977678571429 0.0)
#(0 139327 261 107.578 38.6289054083172 0.0)
#(0 139328 261 107.578 44.7144847796575 0.0)
#(0 140151 261 107.578 43.9145222832723 0.0)
#(0 140152 261 107.578 43.9678091397849 0.0)
#(0 140153 261 107.578 42.9323863636364 0.0)
#(0 140154 261 107.578 47.3988095238095 0.0)
#(0 140155 261 107.578 43.7371961340758 0.0)
#(0 140156 261 107.578 44.4204503506829 0.0)
#(0 370 262 107.578 47.2535714285714 0.0)
#(0 374 262 107.578 42.4327445652174 0.0)
#(0 378 262 107.578 42.6322491573762 0.0)
#(0 733 262 107.578 42.4327445652174 0.0)
#(0 734 262 107.578 38.1921470342523 0.0)
#(0 744 262 107.578 44.4157072368421 0.0)
#(0 1139 262 107.578 45.4002976190476 0.0)
#(0 1140 262 107.578 44.4157072368421 0.0)
#(0 1141 262 107.578 40.675 0.0)
#(0 1147 262 107.593 43.8125 0.0)
#(0 1150 262 107.593 38.1921470342523 0.0)
#(0 1461 262 107.593 40.4210434173669 0.0)
#(0 1465 262 107.593 48.6964285714286 0.0)
#(0 1470 262 107.593 43.5614298942966 0.0)
#(0 1767 262 107.593 47.2272485080989 0.0)
#(0 1768 262 107.593 44.0222222222222 0.0)
#(0 2039 262 107.593 43.1312969924812 0.0)
#(0 2040 262 107.593 44.1908764367816 0.0)
#(0 2041 262 107.593 44.0773809523809 0.0)
#(0 2042 262 107.593 44.7233173076923 0.0)
#(0 2044 262 107.593 46.6569940476191 0.0)
#(0 2046 262 107.593 41.0034722222222 0.0)
#(0 2049 262 107.593 42.5395833333333 0.0)
#(0 2050 262 107.593 43.0098026973027 0.0)
#(0 2331 262 107.593 44.6688596491228 0.0)
#(0 2883 262 107.593 42.4327445652174 0.0)
#(0 2887 262 107.593 41.9729965915311 0.0)
#(0 2888 262 107.593 38.1921470342523 0.0)
#(0 137675 262 107.593 43.2839798850575 0.0)
#(0 137677 262 107.593 46.2829861111111 0.0)
#(0 137678 262 107.593 44.373003296146 0.0)
#(0 138077 262 107.593 46.7503981469389 0.0)
#(0 138080 262 107.593 44.4868259803922 0.0)
#(0 138081 262 107.593 43.3903867102397 0.0)
#(0 138082 262 107.593 42.4310975609756 0.0)
#(0 138083 262 107.593 42.9489495798319 0.0)
#(0 138084 262 107.593 39.454594017094 0.0)
#(0 138086 262 107.593 42.1218049719888 0.0)
#(0 138088 262 107.593 43.0617588932806 0.0)
#(0 138089 262 107.593 45.2649711343423 0.0)
#(0 138405 262 107.593 43.8977678571429 0.0)
#(0 138406 262 107.593 42.9534722222222 0.0)
#(0 138408 262 107.593 43.1286764705882 0.0)
#(0 138414 262 107.593 39.9948717948718 0.0)
#(0 138721 262 107.593 45.2798402255639 0.0)
#(0 138729 262 107.593 42.9400735294118 0.0)
#(0 138733 262 107.593 42.4310975609756 0.0)
#(0 138735 262 107.593 45.5166666666667 0.0)
#(0 138737 262 107.593 37.5833333333333 0.0)
#(0 138738 262 107.593 43.3903867102397 0.0)
#(0 139051 262 107.593 45.9203869047619 0.0)
#(0 139052 262 107.593 43.9640151515152 0.0)
#(0 139055 262 107.593 42.6715097402597 0.0)
#(0 139331 262 107.593 46.3511513157895 0.0)
#(0 139332 262 107.593 45.9082471804511 0.0)
#(0 139333 262 107.593 43.6856845238095 0.0)
#(0 139335 262 107.609 42.3067226890756 0.0)
#(0 139336 262 107.609 47.0416666666667 0.0)
#(0 139338 262 107.609 42.8484848484848 0.0)
#(0 139622 262 107.609 41.9060897435897 0.0)
#(0 140157 262 107.609 43.2918981481482 0.0)
#(0 140158 262 107.609 45.5561355311355 0.0)
#(0 140159 262 107.609 43.2313003663004 0.0)
#(0 140160 262 107.609 44.4868259803922 0.0)
#(0 140161 262 107.609 51.7416666666667 0.0)
#(0 140162 262 107.609 46.5567833667558 0.0)
#(0 140163 262 107.609 35.3698565323565 0.0)
#(0 140164 262 107.609 43.7481694132772 0.0)
#(0 140165 262 107.609 43.859375 0.0)
#(0 140166 262 107.609 48.4263392857143 0.0)
#(0 380 263 107.609 50.1666666666667 0.0)
#(0 746 263 107.609 43.4336899010812 0.0)
#(0 758 263 107.609 43.4903002699055 0.0)
#(0 1155 263 107.609 44.5796245421245 0.0)
#(0 1157 263 107.609 39.8090367965368 0.0)
#(0 1777 263 107.609 42.5395833333333 0.0)
#(0 2038 263 107.609 42.6322491573762 0.0)
#(0 2893 263 107.609 42.6322491573762 0.0)
#(0 2895 263 107.609 40.7668308702792 0.0)
#(0 137690 263 107.609 43.0617588932806 0.0)
#(0 137691 263 107.609 46.4389254385965 0.0)
#(0 137692 263 107.609 47.9145833333333 0.0)
#(0 137693 263 107.609 43.4955357142857 0.0)
#(0 137694 263 107.609 43.5887820512821 0.0)
#(0 138074 263 107.609 44.4224358974359 0.0)
#(0 138090 263 107.609 44.3254464285714 0.0)
#(0 138091 263 107.609 41.5375 0.0)
#(0 138092 263 107.609 42.7081925675676 0.0)
#(0 138094 263 107.625 45.3539473684211 0.0)
#(0 138095 263 107.625 46.4389254385965 0.0)
#(0 138096 263 107.625 44.4204503506829 0.0)
#(0 138098 263 107.625 43.8469967532468 0.0)
#(0 138410 263 107.625 42.7081925675676 0.0)
#(0 138415 263 107.625 44.0456945532915 0.0)
#(0 138418 263 107.625 45.2649711343423 0.0)
#(0 138422 263 107.625 44.9372710622711 0.0)
#(0 138423 263 107.625 42.9489495798319 0.0)
#(0 138424 263 107.625 43.9145222832723 0.0)
#(0 138739 263 107.625 42.9489495798319 0.0)
#(0 138742 263 107.625 43.3324109213578 0.0)
#(0 138743 263 107.625 43.9145222832723 0.0)
#(0 138745 263 107.625 43.2918981481482 0.0)
#(0 139058 263 107.625 -1 0.0)
#(0 139064 263 107.625 42.9489495798319 0.0)
#(0 139339 263 107.625 45.2649711343423 0.0)
#(0 139340 263 107.625 46.274255952381 0.0)
#(0 139341 263 107.625 44.5270074828649 0.0)
#(0 139342 263 107.625 44.1826923076923 0.0)
#(0 139343 263 107.625 43.1661706349206 0.0)
#(0 139344 263 107.625 41.6247628083491 0.0)
#(0 139345 263 107.625 43.8977678571429 0.0)
#(0 139346 263 107.625 42.9534722222222 0.0)
#(0 139347 263 107.625 41.9589285714286 0.0)
#(0 139348 263 107.625 46.0609898325359 0.0)
#(0 139349 263 107.625 44.4204503506829 0.0)
#(0 139635 263 107.625 44.4868259803922 0.0)
#(0 140167 263 107.625 42.8484848484848 0.0)
#(0 140168 263 107.625 43.3903867102397 0.0)
#(0 140169 263 107.625 42.5763586956522 0.0)
#(0 140170 263 107.625 41.4083760683761 0.0)
#(0 140171 263 107.625 43.1286764705882 0.0)
#(0 140172 263 107.625 43.5887820512821 0.0)
#(0 140173 263 107.625 43.6862289915966 0.0)
#(0 140174 263 107.625 44.9372710622711 0.0)
#(0 399 264 107.625 41.0173645320197 0.0)
#(0 401 264 107.625 44.7233173076923 0.0)
#(0 752 264 107.625 44.4157072368421 0.0)
#(0 767 264 107.625 41.4736111111111 0.0)
#(0 768 264 107.625 44.3504318394024 0.0)
#(0 770 264 107.625 44.1908764367816 0.0)
#(0 772 264 107.625 52.75 0.0)
#(0 1160 264 107.625 44.7006530873219 0.0)
#(0 1168 264 107.625 41.7708333333333 0.0)
#(0 1486 264 107.625 45.1291208791209 0.0)
#(0 1487 264 107.64 41.9729965915311 0.0)
#(0 1488 264 107.64 42.4327445652174 0.0)
#(0 1489 264 107.64 43.3732638888889 0.0)
#(0 1490 264 107.64 40.7668308702792 0.0)
#(0 1493 264 107.64 43.0098026973027 0.0)
#(0 2059 264 107.64 42.4327445652174 0.0)
#(0 2063 264 107.64 43.5873511904762 0.0)
#(0 2065 264 107.64 47.2535714285714 0.0)
#(0 2067 264 107.64 42.3592294254658 0.0)
#(0 2356 264 107.64 44.6688596491228 0.0)
#(0 2898 264 107.64 47.2535714285714 0.0)
#(0 2899 264 107.64 44.6369047619048 0.0)
#(0 2900 264 107.64 45.4297348484848 0.0)
#(0 2901 264 107.64 45.1291208791209 0.0)
#(0 2902 264 107.64 44.1908764367816 0.0)
#(0 2904 264 107.64 42.8754370629371 0.0)
#(0 137701 264 107.64 42.4202485380117 0.0)
#(0 137705 264 107.64 43.233682983683 0.0)
#(0 137708 264 107.64 43.3324109213578 0.0)
#(0 137709 264 107.64 42.9616325295999 0.0)
#(0 137710 264 107.64 43.7481694132772 0.0)
#(0 137711 264 107.64 46.25 0.0)
#(0 137713 264 107.64 42.9616325295999 0.0)
#(0 138105 264 107.64 42.9616325295999 0.0)
#(0 138106 264 107.64 43.9145222832723 0.0)
#(0 138428 264 107.64 43.6856845238095 0.0)
#(0 138433 264 107.64 42.5182291666667 0.0)
#(0 138746 264 107.64 43.9640151515152 0.0)
#(0 138749 264 107.64 43.9678091397849 0.0)
#(0 138751 264 107.64 43.9361801242236 0.0)
#(0 138755 264 107.64 43.4532095508658 0.0)
#(0 138757 264 107.64 46.9693813131313 0.0)
#(0 138758 264 107.64 43.3324109213578 0.0)
#(0 139073 264 107.64 49.8564699792961 0.0)
#(0 139350 264 107.64 43.6395386904762 0.0)
#(0 139351 264 107.64 44.1826923076923 0.0)
#(0 139352 264 107.64 42.6205357142857 0.0)
#(0 139353 264 107.64 39.9948717948718 0.0)
#(0 139354 264 107.64 42.9400735294118 0.0)
#(0 139356 264 107.64 40.5520833333333 0.0)
#(0 139357 264 107.64 41.7897058823529 0.0)
#(0 139358 264 107.64 42.9323863636364 0.0)
#(0 139643 264 107.64 43.7371961340758 0.0)
#(0 140175 264 107.656 43.1661706349206 0.0)
#(0 140176 264 107.656 42.8151041666667 0.0)
#(0 140177 264 107.656 42.5182291666667 0.0)
#(0 140178 264 107.656 47.8920454545455 0.0)
#(0 140179 264 107.656 42.34375 0.0)
#(0 140180 264 107.656 -1 0.0)
#(0 140181 264 107.656 46.7503981469389 0.0)
#(0 402 265 107.656 41.0173645320197 0.0)
#(0 781 265 107.656 42.4327445652174 0.0)
#(0 788 265 107.656 45.630069124424 0.0)
#(0 792 265 107.656 44.1908764367816 0.0)
#(0 1173 265 107.656 44.3504318394024 0.0)
#(0 1497 265 107.656 43.5614298942966 0.0)
#(0 1498 265 107.656 44.0773809523809 0.0)
#(0 1499 265 107.656 40.8414750957854 0.0)
#(0 1502 265 107.656 40.4349747474747 0.0)
#(0 1798 265 107.656 41.4803571428571 0.0)
#(0 1802 265 107.656 47.9375 0.0)
#(0 2070 265 107.656 42.4327445652174 0.0)
#(0 2071 265 107.656 41.4803571428571 0.0)
#(0 2072 265 107.656 45.4002976190476 0.0)
#(0 2075 265 107.656 44.7233173076923 0.0)
#(0 2906 265 107.656 42.4054487179487 0.0)
#(0 2907 265 107.656 43.0098026973027 0.0)
#(0 2908 265 107.656 42.3592294254658 0.0)
#(0 2909 265 107.656 46.6569940476191 0.0)
#(0 2911 265 107.656 43.4783045977011 0.0)
#(0 2916 265 107.656 43.7178728070175 0.0)
#(0 137684 265 107.656 43.233682983683 0.0)
#(0 137716 265 107.656 44.4601255175983 0.0)
#(0 137717 265 107.656 44.7144847796575 0.0)
#(0 137724 265 107.656 47.7916666666667 0.0)
#(0 137727 265 107.656 42.9323863636364 0.0)
#(0 137728 265 107.656 43.1661706349206 0.0)
#(0 138108 265 107.656 40.8371212121212 0.0)
#(0 138110 265 107.656 46.7901388888889 0.0)
#(0 138112 265 107.656 43.8469967532468 0.0)
#(0 138113 265 107.656 46.0609898325359 0.0)
#(0 138114 265 107.656 43.4369318181818 0.0)
#(0 138115 265 107.656 44.1826923076923 0.0)
#(0 138116 265 107.656 44.6050480769231 0.0)
#(0 138117 265 107.656 45.5166666666667 0.0)
#(0 138440 265 107.672 43.3903867102397 0.0)
#(0 138447 265 107.672 49.6354166666667 0.0)
#(0 138747 265 107.672 43.9640151515152 0.0)
#(0 138759 265 107.672 42.2654150197628 0.0)
#(0 138765 265 107.672 42.6205357142857 0.0)
#(0 138767 265 107.672 45.4861111111111 0.0)
#(0 139076 265 107.672 44.6050480769231 0.0)
#(0 139082 265 107.672 44.3254464285714 0.0)
#(0 139359 265 107.672 42.9489495798319 0.0)
#(0 139360 265 107.672 43.2918981481482 0.0)
#(0 139362 265 107.672 42.7425120772947 0.0)
#(0 140182 265 107.672 42.8151041666667 0.0)
#(0 140183 265 107.672 44.4771099744246 0.0)
#(0 140184 265 107.672 43.8736631016043 0.0)
#(0 403 266 107.672 50.1666666666667 0.0)
#(0 418 266 107.672 43.5614298942966 0.0)
#(0 783 266 107.672 43.4903002699055 0.0)
#(0 799 266 107.672 41.5455447635135 0.0)
#(0 1182 266 107.672 43.0098026973027 0.0)
#(0 1190 266 107.672 44.7006530873219 0.0)
#(0 1503 266 107.672 40.8414750957854 0.0)
#(0 1508 266 107.672 43.7178728070175 0.0)
#(0 1509 266 107.672 42.4054487179487 0.0)
#(0 1811 266 107.672 55.5833333333333 0.0)
#(0 2077 266 107.672 40.7668308702792 0.0)
#(0 2079 266 107.672 43.1662508662509 0.0)
#(0 2083 266 107.672 43.3732638888889 0.0)
#(0 2086 266 107.672 48.375 0.0)
#(0 2087 266 107.672 43.2045321637427 0.0)
#(0 2089 266 107.672 41.5455447635135 0.0)
#(0 2090 266 107.672 44.3504318394024 0.0)
#(0 2091 266 107.672 44.0773809523809 0.0)
#(0 2910 266 107.672 42.3592294254658 0.0)
#(0 2913 266 107.672 45.1291208791209 0.0)
#(0 2919 266 107.672 41.0173645320197 0.0)
#(0 2920 266 107.672 41.8514441287879 0.0)
#(0 2921 266 107.672 44.4157072368421 0.0)
#(0 2922 266 107.672 43.1312969924812 0.0)
#(0 2924 266 107.672 43.8690476190476 0.0)
#(0 2926 266 107.672 38.1921470342523 0.0)
#(0 2927 266 107.672 43.4336899010812 0.0)
#(0 137733 266 107.687 43.9145222832723 0.0)
#(0 137736 266 107.687 43.4532095508658 0.0)
#(0 137737 266 107.687 45.9881944444444 0.0)
#(0 137739 266 107.687 43.2839798850575 0.0)
#(0 137741 266 107.687 42.9616325295999 0.0)
#(0 138107 266 107.687 43.9145222832723 0.0)
#(0 138120 266 107.687 43.0460164835165 0.0)
#(0 138121 266 107.687 42.1218049719888 0.0)
#(0 138122 266 107.687 43.319947002924 0.0)
#(0 138125 266 107.687 42.9489495798319 0.0)
#(0 138450 266 107.687 44.4771099744246 0.0)
#(0 138453 266 107.687 39.454594017094 0.0)
#(0 138455 266 107.687 41.7967562623135 0.0)
#(0 138456 266 107.687 42.1346227785372 0.0)
#(0 138457 266 107.687 47.0416666666667 0.0)
#(0 138458 266 107.687 45.4020833333333 0.0)
#(0 138460 266 107.687 40.5520833333333 0.0)
#(0 138461 266 107.687 46.0609898325359 0.0)
#(0 138756 266 107.687 43.7032291666667 0.0)
#(0 138764 266 107.687 39.8254206730769 0.0)
#(0 138770 266 107.687 58.5 0.0)
#(0 138771 266 107.687 43.233682983683 0.0)
#(0 138772 266 107.687 42.1346227785372 0.0)
#(0 139083 266 107.687 44.6050480769231 0.0)
#(0 139086 266 107.687 44.5668463037389 0.0)
#(0 139364 266 107.687 44.373003296146 0.0)
#(0 139366 266 107.687 47.3871527777778 0.0)
#(0 139367 266 107.687 46.5567833667558 0.0)
#(0 139368 266 107.687 43.38458994709 0.0)
#(0 139369 266 107.687 53.1220238095238 0.0)
#(0 139370 266 107.687 48.4263392857143 0.0)
#(0 139371 266 107.687 46.5 0.0)
#(0 139372 266 107.687 41.5375 0.0)
#(0 140185 266 107.687 43.3324109213578 0.0)
#(0 140186 266 107.687 41.4943501759678 0.0)
#(0 140187 266 107.687 37.6800857843137 0.0)
#(0 140188 266 107.687 46.9693813131313 0.0)
#(0 140189 266 107.687 42.4310975609756 0.0)
#(0 140190 266 107.687 43.38458994709 0.0)
#(0 140191 266 107.687 44.4204503506829 0.0)
#(0 140192 266 107.687 46.7901388888889 0.0)
#(0 419 267 107.687 38.1921470342523 0.0)
#(0 808 267 107.687 42.6322491573762 0.0)
#(0 810 267 107.687 44.7233173076923 0.0)
#(0 815 267 107.687 43.2626420454545 0.0)
#(0 1194 267 107.703 52.75 0.0)
#(0 1198 267 107.703 43.8850223850224 0.0)
#(0 1201 267 107.703 43.5873511904762 0.0)
#(0 1202 267 107.703 43.8690476190476 0.0)
#(0 1519 267 107.703 43.2269230769231 0.0)
#(0 1520 267 107.703 41.9729965915311 0.0)
#(0 2078 267 107.703 40.7668308702792 0.0)
#(0 2092 267 107.703 40.8414750957854 0.0)
#(0 2094 267 107.703 42.6322491573762 0.0)
#(0 2095 267 107.703 43.5614298942966 0.0)
#(0 2098 267 107.703 43.7178728070175 0.0)
#(0 2102 267 107.703 43.4336899010812 0.0)
#(0 2103 267 107.703 43.3732638888889 0.0)
#(0 2931 267 107.703 42.7728668390433 0.0)
#(0 2934 267 107.703 41.8514441287879 0.0)
#(0 137750 267 107.703 42.7081925675676 0.0)
#(0 137751 267 107.703 43.2918981481482 0.0)
#(0 137757 267 107.703 42.9323863636364 0.0)
#(0 137759 267 107.703 46.4389254385965 0.0)
#(0 137762 267 107.703 43.5887820512821 0.0)
#(0 137763 267 107.703 42.4310975609756 0.0)
#(0 138129 267 107.703 44.4224358974359 0.0)
#(0 138131 267 107.703 48.6596153846154 0.0)
#(0 138132 267 107.703 43.1661706349206 0.0)
#(0 138133 267 107.703 43.9145222832723 0.0)
#(0 138136 267 107.703 45.5561355311355 0.0)
#(0 138466 267 107.703 42.9400735294118 0.0)
#(0 138467 267 107.703 47.3871527777778 0.0)
#(0 138468 267 107.703 43.2839798850575 0.0)
#(0 138470 267 107.703 44.6979166666667 0.0)
#(0 138472 267 107.703 43.0617588932806 0.0)
#(0 138766 267 107.703 43.9640151515152 0.0)
#(0 138775 267 107.703 43.6862289915966 0.0)
#(0 138777 267 107.703 43.38458994709 0.0)
#(0 138780 267 107.703 47.3988095238095 0.0)
#(0 138782 267 107.703 42.4202485380117 0.0)
#(0 138783 267 107.718 43.7481694132772 0.0)
#(0 139098 267 107.718 47.7916666666667 0.0)
#(0 139101 267 107.718 46.4544246031746 0.0)
#(0 139103 267 107.718 45.9203869047619 0.0)
#(0 139108 267 107.718 38.5625 0.0)
#(0 139109 267 107.718 42.8484848484848 0.0)
#(0 139373 267 107.718 44.0456945532915 0.0)
#(0 139374 267 107.718 48.9730158730159 0.0)
#(0 139375 267 107.718 43.1661706349206 0.0)
#(0 139376 267 107.718 51.7416666666667 0.0)
#(0 139377 267 107.718 44.1388888888889 0.0)
#(0 139378 267 107.718 44.4601255175983 0.0)
#(0 139379 267 107.718 46.2829861111111 0.0)
#(0 139380 267 107.718 45.4020833333333 0.0)
#(0 139381 267 107.718 43.2839798850575 0.0)
#(0 139382 267 107.718 40.5520833333333 0.0)
#(0 139383 267 107.718 43.9145222832723 0.0)
#(0 139384 267 107.718 43.7371961340758 0.0)
#(0 139385 267 107.718 41.1094919786096 0.0)
#(0 139664 267 107.718 46.7503981469389 0.0)
#(0 140193 267 107.718 43.0617588932806 0.0)
#(0 140194 267 107.718 46.4544246031746 0.0)
#(0 140195 267 107.718 44.1388888888889 0.0)
#(0 140196 267 107.718 43.9678091397849 0.0)
#(0 140197 267 107.718 43.6856845238095 0.0)
#(0 140198 267 107.718 44.6050480769231 0.0)
#(0 140199 267 107.718 43.9640151515152 0.0)
#(0 140200 267 107.718 42.8151041666667 0.0)
#(0 140201 267 107.718 44.5270074828649 0.0)
#(0 140202 267 107.718 43.8469967532468 0.0)
#(0 140203 267 107.718 43.7371961340758 0.0)
#(0 437 268 107.718 42.8754370629371 0.0)
#(0 828 268 107.718 41.4736111111111 0.0)
#(0 830 268 107.718 42.5395833333333 0.0)
#(0 1203 268 107.718 43.4903002699055 0.0)
#(0 1205 268 107.718 40.4210434173669 0.0)
#(0 1209 268 107.718 43.1662508662509 0.0)
#(0 1212 268 107.718 43.1662508662509 0.0)
#(0 1216 268 107.718 41.5455447635135 0.0)
#(0 1218 268 107.718 39.8090367965368 0.0)
#(0 1521 268 107.718 43.7178728070175 0.0)
#(0 1817 268 107.718 47.2272485080989 0.0)
#(0 2105 268 107.718 42.7728668390433 0.0)
#(0 2108 268 107.718 41.4736111111111 0.0)
#(0 2930 268 107.718 38.1921470342523 0.0)
#(0 2937 268 107.718 45.4002976190476 0.0)
#(0 2941 268 107.734 40.7668308702792 0.0)
#(0 2942 268 107.734 48.8 0.0)
#(0 2943 268 107.734 43.7178728070175 0.0)
#(0 2944 268 107.734 40.4349747474747 0.0)
#(0 2945 268 107.734 44.3504318394024 0.0)
#(0 137771 268 107.734 43.2839798850575 0.0)
#(0 137772 268 107.734 41.7967562623135 0.0)
#(0 137777 268 107.734 47.9271577380952 0.0)
#(0 137778 268 107.734 42.3389423076923 0.0)
#(0 137779 268 107.734 44.0456945532915 0.0)
#(0 138137 268 107.734 42.8151041666667 0.0)
#(0 138138 268 107.734 47.3988095238095 0.0)
#(0 138140 268 107.734 43.1286764705882 0.0)
#(0 138141 268 107.734 43.1661706349206 0.0)
#(0 138143 268 107.734 51.7916666666667 0.0)
#(0 138146 268 107.734 45.2649711343423 0.0)
#(0 138148 268 107.734 47.9271577380952 0.0)
#(0 138479 268 107.734 43.6395386904762 0.0)
#(0 138482 268 107.734 42.34375 0.0)
#(0 138483 268 107.734 43.233682983683 0.0)
#(0 138490 268 107.734 45.2649711343423 0.0)
#(0 138769 268 107.734 43.9640151515152 0.0)
#(0 138784 268 107.734 40.8371212121212 0.0)
#(0 138785 268 107.734 45.4020833333333 0.0)
#(0 138786 268 107.734 43.9361801242236 0.0)
#(0 138789 268 107.734 46.274255952381 0.0)
#(0 139114 268 107.734 44.5270074828649 0.0)
#(0 139115 268 107.734 42.8151041666667 0.0)
#(0 139386 268 107.734 43.319947002924 0.0)
#(0 139388 268 107.734 42.7081925675676 0.0)
#(0 139389 268 107.734 45.4020833333333 0.0)
#(0 139390 268 107.734 43.3903867102397 0.0)
#(0 139391 268 107.734 43.6856845238095 0.0)
#(0 139392 268 107.734 43.4369318181818 0.0)
#(0 139394 268 107.734 46.4544246031746 0.0)
#(0 139396 268 107.734 47.0416666666667 0.0)
#(0 139397 268 107.734 46.7901388888889 0.0)
#(0 139398 268 107.734 42.0755555555556 0.0)
#(0 139399 268 107.734 43.3324109213578 0.0)
#(0 139400 268 107.734 47.7916666666667 0.0)
#(0 139401 268 107.734 44.7144847796575 0.0)
#(0 139673 268 107.734 49.125 0.0)
#(0 140204 268 107.734 46.4544246031746 0.0)
#(0 140205 268 107.734 -1 0.0)
#(0 140206 268 107.75 47.8920454545455 0.0)
#(0 140207 268 107.75 43.4532095508658 0.0)
#(0 140208 268 107.75 39.454594017094 0.0)
#(0 140209 268 107.75 44.611562049062 0.0)
#(0 444 269 107.75 42.6322491573762 0.0)
#(0 445 269 107.75 61.5416666666667 0.0)
#(0 446 269 107.75 52.75 0.0)
#(0 448 269 107.75 40.675 0.0)
#(0 452 269 107.75 43.1312969924812 0.0)
#(0 455 269 107.75 41.9852941176471 0.0)
#(0 458 269 107.75 42.7404401154401 0.0)
#(0 831 269 107.75 51.0 0.0)
#(0 834 269 107.75 41.5455447635135 0.0)
#(0 839 269 107.75 40.4349747474747 0.0)
#(0 1222 269 107.75 44.5796245421245 0.0)
#(0 1224 269 107.75 41.5455447635135 0.0)
#(0 1228 269 107.75 43.5875 0.0)
#(0 1229 269 107.75 42.4327445652174 0.0)
#(0 1230 269 107.75 41.9852941176471 0.0)
#(0 1527 269 107.75 43.5873511904762 0.0)
#(0 1529 269 107.75 38.1921470342523 0.0)
#(0 1534 269 107.75 43.2269230769231 0.0)
#(0 1536 269 107.75 43.1662508662509 0.0)
#(0 1833 269 107.75 43.4336899010812 0.0)
#(0 2109 269 107.75 43.4336899010812 0.0)
#(0 2112 269 107.75 44.1908764367816 0.0)
#(0 2114 269 107.75 44.3504318394024 0.0)
#(0 2115 269 107.75 41.0034722222222 0.0)
#(0 2118 269 107.75 43.5614298942966 0.0)
#(0 2947 269 107.75 43.2269230769231 0.0)
#(0 2949 269 107.75 41.6590277777778 0.0)
#(0 2950 269 107.75 42.7404401154401 0.0)
#(0 2952 269 107.75 38.1921470342523 0.0)
#(0 2960 269 107.75 41.6142113095238 0.0)
#(0 137781 269 107.75 47.3988095238095 0.0)
#(0 137786 269 107.75 43.5887820512821 0.0)
#(0 137787 269 107.75 45.0276785714286 0.0)
#(0 137790 269 107.75 43.4955357142857 0.0)
#(0 137792 269 107.75 41.5296052631579 0.0)
#(0 138150 269 107.75 45.9082471804511 0.0)
#(0 138151 269 107.75 45.8695741758242 0.0)
#(0 138152 269 107.75 45.0276785714286 0.0)
#(0 138153 269 107.75 44.4771099744246 0.0)
#(0 138154 269 107.75 42.9534722222222 0.0)
#(0 138155 269 107.75 46.0609898325359 0.0)
#(0 138157 269 107.75 43.38458994709 0.0)
#(0 138158 269 107.75 45.2798402255639 0.0)
#(0 138160 269 107.75 43.7481694132772 0.0)
#(0 138469 269 107.765 44.7144847796575 0.0)
#(0 138486 269 107.765 39.9948717948718 0.0)
#(0 138492 269 107.765 41.5616200828157 0.0)
#(0 138494 269 107.765 47.0416666666667 0.0)
#(0 138498 269 107.765 43.0888095238095 0.0)
#(0 138501 269 107.765 47.0083333333333 0.0)
#(0 138503 269 107.765 42.1346227785372 0.0)
#(0 138793 269 107.765 41.5375 0.0)
#(0 138795 269 107.765 42.1346227785372 0.0)
#(0 138796 269 107.765 44.4204503506829 0.0)
#(0 138797 269 107.765 45.4861111111111 0.0)
#(0 138798 269 107.765 41.0219336219336 0.0)
#(0 138799 269 107.765 43.8977678571429 0.0)
#(0 138800 269 107.765 40.8318452380952 0.0)
#(0 138801 269 107.765 41.4083760683761 0.0)
#(0 138802 269 107.765 41.5296052631579 0.0)
#(0 138805 269 107.765 45.5166666666667 0.0)
#(0 138806 269 107.765 42.7425120772947 0.0)
#(0 138807 269 107.765 42.824053030303 0.0)
#(0 138808 269 107.765 42.6715097402597 0.0)
#(0 138809 269 107.765 43.319947002924 0.0)
#(0 138810 269 107.765 41.4943501759678 0.0)
#(0 139122 269 107.765 42.9534722222222 0.0)
#(0 139123 269 107.765 43.9361801242236 0.0)
#(0 139130 269 107.765 41.7967562623135 0.0)
#(0 139402 269 107.765 43.2918981481482 0.0)
#(0 139404 269 107.765 43.2839798850575 0.0)
#(0 139405 269 107.765 43.7371961340758 0.0)
#(0 139406 269 107.765 45.2649711343423 0.0)
#(0 139407 269 107.765 44.611562049062 0.0)
#(0 139408 269 107.765 47.8920454545455 0.0)
#(0 139409 269 107.765 41.5296052631579 0.0)
#(0 140210 269 107.765 43.1911330049261 0.0)
#(0 140211 269 107.765 40.8371212121212 0.0)
#(0 140212 269 107.765 45.4020833333333 0.0)
#(0 140213 269 107.765 41.4943501759678 0.0)
#(0 140214 269 107.765 43.2918981481482 0.0)
#(0 140215 269 107.765 45.2649711343423 0.0)
#(0 140216 269 107.765 43.9145222832723 0.0)
#(0 140217 269 107.765 49.125 0.0)
#(0 140218 269 107.765 43.7440861344538 0.0)
#(0 140219 269 107.765 42.2654150197628 0.0)
#(0 140220 269 107.765 41.4083760683761 0.0)
#(0 140221 269 107.765 41.7897058823529 0.0)
#(0 102 270 107.765 43.3732638888889 0.0)
#(0 106 270 107.765 46.0975378787879 0.0)
#(0 466 270 107.781 43.8850223850224 0.0)
#(0 841 270 107.781 -1 0.0)
#(0 846 270 107.781 41.9729965915311 0.0)
#(0 848 270 107.781 44.7006530873219 0.0)
#(0 849 270 107.781 43.5873511904762 0.0)
#(0 1241 270 107.781 42.7404401154401 0.0)
#(0 1539 270 107.781 42.5395833333333 0.0)
#(0 1542 270 107.781 50.1666666666667 0.0)
#(0 1545 270 107.781 44.1908764367816 0.0)
#(0 2119 270 107.781 42.3592294254658 0.0)
#(0 2121 270 107.781 40.8414750957854 0.0)
#(0 2122 270 107.781 40.4349747474747 0.0)
#(0 2125 270 107.781 45.1291208791209 0.0)
#(0 2130 270 107.781 41.4736111111111 0.0)
#(0 2955 270 107.781 40.4349747474747 0.0)
#(0 2964 270 107.781 38.1921470342523 0.0)
#(0 2966 270 107.781 44.1908764367816 0.0)
#(0 2967 270 107.781 43.1662508662509 0.0)
#(0 2968 270 107.781 43.7178728070175 0.0)
#(0 137373 270 107.781 41.6247628083491 0.0)
#(0 137376 270 107.781 43.3903867102397 0.0)
#(0 137377 270 107.781 38.6289054083172 0.0)
#(0 137382 270 107.781 44.4204503506829 0.0)
#(0 137793 270 107.781 43.9145222832723 0.0)
#(0 137795 270 107.781 44.4601255175983 0.0)
#(0 137797 270 107.781 42.6205357142857 0.0)
#(0 137798 270 107.781 43.8736631016043 0.0)
#(0 137800 270 107.781 42.824053030303 0.0)
#(0 137802 270 107.781 46.7246753246753 0.0)
#(0 138164 270 107.781 42.9534722222222 0.0)
#(0 138165 270 107.781 43.7481694132772 0.0)
#(0 138168 270 107.781 43.319947002924 0.0)
#(0 138507 270 107.781 50.1878787878788 0.0)
#(0 138513 270 107.781 44.5668463037389 0.0)
#(0 138517 270 107.781 41.4943501759678 0.0)
#(0 138519 270 107.781 43.6395386904762 0.0)
#(0 138804 270 107.781 44.6050480769231 0.0)
#(0 138811 270 107.781 43.5887820512821 0.0)
#(0 138812 270 107.781 43.9678091397849 0.0)
#(0 138813 270 107.781 42.1218049719888 0.0)
#(0 138815 270 107.781 41.7897058823529 0.0)
#(0 138817 270 107.781 42.1346227785372 0.0)
#(0 139138 270 107.781 43.4955357142857 0.0)
#(0 139410 270 107.797 43.6862289915966 0.0)
#(0 139411 270 107.797 43.0888095238095 0.0)
#(0 139412 270 107.797 42.7425120772947 0.0)
#(0 139413 270 107.797 46.274255952381 0.0)
#(0 139414 270 107.797 42.34375 0.0)
#(0 139415 270 107.797 44.7144847796575 0.0)
#(0 139417 270 107.797 42.9607142857143 0.0)
#(0 139418 270 107.797 44.5668463037389 0.0)
#(0 139419 270 107.797 43.5887820512821 0.0)
#(0 139421 270 107.797 45.9203869047619 0.0)
#(0 139422 270 107.797 45.5561355311355 0.0)
#(0 140223 270 107.797 43.3324109213578 0.0)
#(0 140224 270 107.797 49.6354166666667 0.0)
#(0 140225 270 107.797 43.4955357142857 0.0)
#(0 140226 270 107.797 46.5 0.0)
#(0 140227 270 107.797 43.319947002924 0.0)
#(0 140228 270 107.797 40.8371212121212 0.0)
#(0 112 271 107.797 42.6322491573762 0.0)
#(0 117 271 107.797 44.0773809523809 0.0)
#(0 120 271 107.797 48.375 0.0)
#(0 121 271 107.797 40.4210434173669 0.0)
#(0 468 271 107.797 41.0173645320197 0.0)
#(0 472 271 107.797 38.1921470342523 0.0)
#(0 474 271 107.797 43.4903002699055 0.0)
#(0 479 271 107.797 43.1662508662509 0.0)
#(0 483 271 107.797 41.9852941176471 0.0)
#(0 1246 271 107.797 46.4132575757576 0.0)
#(0 1255 271 107.797 55.5833333333333 0.0)
#(0 1256 271 107.797 41.5455447635135 0.0)
#(0 1259 271 107.797 39.8090367965368 0.0)
#(0 1551 271 107.797 43.8850223850224 0.0)
#(0 1552 271 107.797 43.5614298942966 0.0)
#(0 1556 271 107.797 41.6142113095238 0.0)
#(0 1557 271 107.797 42.5395833333333 0.0)
#(0 2134 271 107.797 44.4157072368421 0.0)
#(0 2138 271 107.797 44.3504318394024 0.0)
#(0 2143 271 107.797 43.8850223850224 0.0)
#(0 2144 271 107.797 43.5873511904762 0.0)
#(0 2145 271 107.797 41.8514441287879 0.0)
#(0 2971 271 107.797 42.6322491573762 0.0)
#(0 2974 271 107.797 42.5395833333333 0.0)
#(0 2976 271 107.797 41.6142113095238 0.0)
#(0 2977 271 107.797 40.7668308702792 0.0)
#(0 137384 271 107.812 43.3324109213578 0.0)
#(0 137385 271 107.812 46.7503981469389 0.0)
#(0 137387 271 107.812 43.1661706349206 0.0)
#(0 137393 271 107.812 42.9607142857143 0.0)
#(0 137774 271 107.812 42.4202485380117 0.0)
#(0 137804 271 107.812 43.7481694132772 0.0)
#(0 137805 271 107.812 44.1826923076923 0.0)
#(0 137810 271 107.812 43.9145222832723 0.0)
#(0 138170 271 107.812 44.5270074828649 0.0)
#(0 138180 271 107.812 43.9145222832723 0.0)
#(0 138514 271 107.812 42.1346227785372 0.0)
#(0 138522 271 107.812 43.0888095238095 0.0)
#(0 138525 271 107.812 42.8880208333333 0.0)
#(0 138818 271 107.812 42.8880208333333 0.0)
#(0 138819 271 107.812 43.9361801242236 0.0)
#(0 138820 271 107.812 38.6289054083172 0.0)
#(0 138821 271 107.812 47.8920454545455 0.0)
#(0 138823 271 107.812 43.9678091397849 0.0)
#(0 138825 271 107.812 44.5270074828649 0.0)
#(0 138827 271 107.812 45.9203869047619 0.0)
#(0 138829 271 107.812 43.6856845238095 0.0)
#(0 138830 271 107.812 42.9607142857143 0.0)
#(0 139143 271 107.812 47.9145833333333 0.0)
#(0 139144 271 107.812 42.9534722222222 0.0)
#(0 139145 271 107.812 42.5182291666667 0.0)
#(0 139423 271 107.812 43.1661706349206 0.0)
#(0 139424 271 107.812 43.8977678571429 0.0)
#(0 139425 271 107.812 47.1703703703704 0.0)
#(0 139426 271 107.812 46.9693813131313 0.0)
#(0 139427 271 107.812 44.4204503506829 0.0)
#(0 139428 271 107.812 41.28125 0.0)
#(0 139431 271 107.812 43.6862289915966 0.0)
#(0 139432 271 107.812 46.4389254385965 0.0)
#(0 139433 271 107.812 40.5520833333333 0.0)
#(0 140229 271 107.812 43.9640151515152 0.0)
#(0 140230 271 107.812 35.3698565323565 0.0)
#(0 140231 271 107.812 46.4544246031746 0.0)
#(0 140232 271 107.812 42.7081925675676 0.0)
#(0 140233 271 107.812 44.0456945532915 0.0)
#(0 140234 271 107.812 43.1286764705882 0.0)
#(0 140235 271 107.828 42.2654150197628 0.0)
#(0 140236 271 107.828 43.3903867102397 0.0)
#(0 140237 271 107.828 43.9678091397849 0.0)
#(0 140238 271 107.828 38.6289054083172 0.0)
#(0 122 272 107.828 41.9852941176471 0.0)
#(0 123 272 107.828 43.6337560386473 0.0)
#(0 124 272 107.828 61.5416666666667 0.0)
#(0 125 272 107.828 43.6337560386473 0.0)
#(0 133 272 107.828 43.2269230769231 0.0)
#(0 486 272 107.828 47.2615942028986 0.0)
#(0 487 272 107.828 39.8090367965368 0.0)
#(0 490 272 107.828 43.1662508662509 0.0)
#(0 868 272 107.828 41.0034722222222 0.0)
#(0 873 272 107.828 46.6569940476191 0.0)
#(0 876 272 107.828 42.5395833333333 0.0)
#(0 877 272 107.828 48.0021306818182 0.0)
#(0 880 272 107.828 45.4002976190476 0.0)
#(0 881 272 107.843 43.3732638888889 0.0)
#(0 1264 272 107.843 46.4132575757576 0.0)
#(0 1265 272 107.843 40.8414750957854 0.0)
#(0 1560 272 107.843 41.9852941176471 0.0)
#(0 1566 272 107.843 41.9729965915311 0.0)
#(0 1569 272 107.843 40.7668308702792 0.0)
#(0 2148 272 107.843 44.4157072368421 0.0)
#(0 2149 272 107.843 43.1662508662509 0.0)
#(0 2153 272 107.843 41.5455447635135 0.0)
#(0 2155 272 107.843 70.0 0.0)
#(0 2156 272 107.843 43.1312969924812 0.0)
#(0 2978 272 107.843 43.0098026973027 0.0)
#(0 2981 272 107.843 44.1908764367816 0.0)
#(0 2982 272 107.843 47.2272485080989 0.0)
#(0 2983 272 107.843 44.5796245421245 0.0)
#(0 137396 272 107.843 46.3511513157895 0.0)
#(0 137397 272 107.843 41.6247628083491 0.0)
#(0 137399 272 107.843 42.4310975609756 0.0)
#(0 137401 272 107.843 42.2654150197628 0.0)
#(0 137404 272 107.843 45.9203869047619 0.0)
#(0 137814 272 107.843 44.4224358974359 0.0)
#(0 137815 272 107.843 44.8469237053796 0.0)
#(0 137817 272 107.843 41.7897058823529 0.0)
#(0 137818 272 107.843 47.9271577380952 0.0)
#(0 137822 272 107.843 42.9534722222222 0.0)
#(0 137823 272 107.843 37.5833333333333 0.0)
#(0 138181 272 107.843 46.4389254385965 0.0)
#(0 138183 272 107.843 44.5270074828649 0.0)
#(0 138184 272 107.843 43.4532095508658 0.0)
#(0 138185 272 107.843 46.7901388888889 0.0)
#(0 138188 272 107.843 49.8564699792961 0.0)
#(0 138189 272 107.843 45.0276785714286 0.0)
#(0 138532 272 107.843 44.4601255175983 0.0)
#(0 138533 272 107.843 46.7503981469389 0.0)
#(0 138534 272 107.843 45.3539473684211 0.0)
#(0 138539 272 107.843 43.6862289915966 0.0)
#(0 138540 272 107.843 41.4083760683761 0.0)
#(0 138831 272 107.843 38.6289054083172 0.0)
#(0 138835 272 107.843 39.454594017094 0.0)
#(0 138837 272 107.843 44.3254464285714 0.0)
#(0 138838 272 107.843 46.4544246031746 0.0)
#(0 138839 272 107.843 42.7425120772947 0.0)
#(0 138842 272 107.859 44.1388888888889 0.0)
#(0 138843 272 107.859 41.3722222222222 0.0)
#(0 138844 272 107.859 42.4310975609756 0.0)
#(0 138847 272 107.859 42.4202485380117 0.0)
#(0 138850 272 107.859 43.8977678571429 0.0)
#(0 139149 272 107.859 43.2839798850575 0.0)
#(0 139151 272 107.859 43.7481694132772 0.0)
#(0 139429 272 107.859 45.9082471804511 0.0)
#(0 139434 272 107.859 43.0617588932806 0.0)
#(0 139435 272 107.859 40.8371212121212 0.0)
#(0 139436 272 107.859 43.9678091397849 0.0)
#(0 139437 272 107.859 39.8254206730769 0.0)
#(0 139439 272 107.859 46.3479166666667 0.0)
#(0 139440 272 107.859 41.9060897435897 0.0)
#(0 139705 272 107.859 42.824053030303 0.0)
#(0 140222 272 107.859 41.4083760683761 0.0)
#(0 140239 272 107.859 46.5567833667558 0.0)
#(0 140240 272 107.859 42.5013910455487 0.0)
#(0 140241 272 107.859 42.9489495798319 0.0)
#(0 140242 272 107.859 43.1911330049261 0.0)
#(0 140244 272 107.859 43.2918981481482 0.0)
#(0 140245 272 107.859 44.7144847796575 0.0)
#(0 140247 272 107.859 50.1878787878788 0.0)
#(0 140249 272 107.859 43.8977678571429 0.0)
#(0 137 273 107.859 43.2626420454545 0.0)
#(0 140 273 107.859 47.2615942028986 0.0)
#(0 488 273 107.859 43.0098026973027 0.0)
#(0 505 273 107.859 43.8690476190476 0.0)
#(0 506 273 107.859 41.0173645320197 0.0)
#(0 514 273 107.859 44.7233173076923 0.0)
#(0 1262 273 107.859 41.9729965915311 0.0)
#(0 1269 273 107.859 41.6142113095238 0.0)
#(0 1270 273 107.859 40.675 0.0)
#(0 1274 273 107.859 42.6322491573762 0.0)
#(0 1562 273 107.859 42.5395833333333 0.0)
#(0 1563 273 107.859 52.75 0.0)
#(0 1861 273 107.859 48.6964285714286 0.0)
#(0 2161 273 107.859 43.2269230769231 0.0)
#(0 2166 273 107.859 40.4210434173669 0.0)
#(0 2986 273 107.859 46.4132575757576 0.0)
#(0 2987 273 107.859 41.5455447635135 0.0)
#(0 2988 273 107.859 47.2272485080989 0.0)
#(0 2991 273 107.859 42.7404401154401 0.0)
#(0 137400 273 107.859 46.2829861111111 0.0)
#(0 137410 273 107.859 44.5668463037389 0.0)
#(0 137412 273 107.875 43.1911330049261 0.0)
#(0 137415 273 107.875 44.4601255175983 0.0)
#(0 137417 273 107.875 43.4532095508658 0.0)
#(0 137419 273 107.875 43.1661706349206 0.0)
#(0 137826 273 107.875 45.9082471804511 0.0)
#(0 137829 273 107.875 41.3722222222222 0.0)
#(0 137832 273 107.875 44.5270074828649 0.0)
#(0 137833 273 107.875 41.5296052631579 0.0)
#(0 137836 273 107.875 43.2839798850575 0.0)
#(0 137839 273 107.875 45.9203869047619 0.0)
#(0 138191 273 107.875 43.4532095508658 0.0)
#(0 138192 273 107.875 41.6247628083491 0.0)
#(0 138197 273 107.875 48.6596153846154 0.0)
#(0 138199 273 107.875 43.3324109213578 0.0)
#(0 138200 273 107.875 41.5616200828157 0.0)
#(0 138203 273 107.875 43.233682983683 0.0)
#(0 138206 273 107.875 41.1094919786096 0.0)
#(0 138207 273 107.875 47.9145833333333 0.0)
#(0 138544 273 107.875 46.7246753246753 0.0)
#(0 138545 273 107.875 42.8151041666667 0.0)
#(0 138547 273 107.875 42.1218049719888 0.0)
#(0 138549 273 107.875 44.0456945532915 0.0)
#(0 138553 273 107.875 39.454594017094 0.0)
#(0 138833 273 107.875 38.6289054083172 0.0)
#(0 138849 273 107.875 44.5270074828649 0.0)
#(0 138851 273 107.875 44.1826923076923 0.0)
#(0 138852 273 107.875 41.5616200828157 0.0)
#(0 138854 273 107.875 41.0219336219336 0.0)
#(0 138855 273 107.875 41.4943501759678 0.0)
#(0 138856 273 107.875 41.6247628083491 0.0)
#(0 138857 273 107.875 44.4868259803922 0.0)
#(0 138859 273 107.875 43.7032291666667 0.0)
#(0 139156 273 107.875 46.25 0.0)
#(0 139157 273 107.875 49.8564699792961 0.0)
#(0 139161 273 107.875 39.454594017094 0.0)
#(0 139438 273 107.875 40.5520833333333 0.0)
#(0 139441 273 107.875 41.4943501759678 0.0)
#(0 139442 273 107.875 46.7222222222222 0.0)
#(0 139443 273 107.875 45.9881944444444 0.0)
#(0 139444 273 107.875 42.5182291666667 0.0)
#(0 139445 273 107.875 39.8254206730769 0.0)
#(0 139446 273 107.875 42.8151041666667 0.0)
#(0 139447 273 107.875 42.6715097402597 0.0)
#(0 139448 273 107.875 49.8564699792961 0.0)
#(0 139449 273 107.875 43.4369318181818 0.0)
#(0 139725 273 107.89 47.3988095238095 0.0)
#(0 140243 273 107.89 46.5567833667558 0.0)
#(0 140246 273 107.89 44.0456945532915 0.0)
#(0 140248 273 107.89 42.7081925675676 0.0)
#(0 140250 273 107.89 42.5013910455487 0.0)
#(0 140251 273 107.89 43.7371961340758 0.0)
#(0 140252 273 107.89 46.25 0.0)
#(0 140253 273 107.89 39.6358173076923 0.0)
#(0 140254 273 107.89 43.6395386904762 0.0)
#(0 140255 273 107.89 43.9361801242236 0.0)
#(0 140256 273 107.89 51.7916666666667 0.0)
#(0 140257 273 107.89 42.5763586956522 0.0)
#(0 144 274 107.89 42.7404401154401 0.0)
#(0 147 274 107.89 38.1921470342523 0.0)
#(0 153 274 107.89 42.6322491573762 0.0)
#(0 154 274 107.89 -1 0.0)
#(0 158 274 107.89 43.4336899010812 0.0)
#(0 892 274 107.89 41.9729965915311 0.0)
#(0 901 274 107.89 39.8090367965368 0.0)
#(0 902 274 107.89 41.0173645320197 0.0)
#(0 903 274 107.89 43.6337560386473 0.0)
#(0 905 274 107.89 43.4903002699055 0.0)
#(0 910 274 107.89 43.2045321637427 0.0)
#(0 1281 274 107.89 41.8514441287879 0.0)
#(0 1289 274 107.89 44.6369047619048 0.0)
#(0 1572 274 107.89 42.4327445652174 0.0)
#(0 1573 274 107.89 40.7668308702792 0.0)
#(0 1575 274 107.89 42.8754370629371 0.0)
#(0 1576 274 107.89 46.6569940476191 0.0)
#(0 1870 274 107.89 42.4054487179487 0.0)
#(0 1872 274 107.89 43.1662508662509 0.0)
#(0 2171 274 107.89 46.18125 0.0)
#(0 2172 274 107.89 40.8414750957854 0.0)
#(0 2993 274 107.89 47.2615942028986 0.0)
#(0 2994 274 107.89 41.0034722222222 0.0)
#(0 2997 274 107.89 37.329071969697 0.0)
#(0 2999 274 107.89 42.7728668390433 0.0)
#(0 3000 274 107.89 41.5455447635135 0.0)
#(0 3005 274 107.89 44.0222222222222 0.0)
#(0 137403 274 107.89 43.7481694132772 0.0)
#(0 137421 274 107.89 43.6856845238095 0.0)
#(0 137423 274 107.89 44.0456945532915 0.0)
#(0 137426 274 107.89 41.5616200828157 0.0)
#(0 137427 274 107.89 42.1346227785372 0.0)
#(0 137431 274 107.906 42.9534722222222 0.0)
#(0 137432 274 107.906 51.7916666666667 0.0)
#(0 137843 274 107.906 43.38458994709 0.0)
#(0 137844 274 107.906 46.4389254385965 0.0)
#(0 137848 274 107.906 43.8977678571429 0.0)
#(0 137849 274 107.906 43.8736631016043 0.0)
#(0 137851 274 107.906 43.1661706349206 0.0)
#(0 137852 274 107.906 43.6395386904762 0.0)
#(0 137853 274 107.906 43.7371961340758 0.0)
#(0 137854 274 107.906 46.0609898325359 0.0)
#(0 138202 274 107.906 43.4532095508658 0.0)
#(0 138211 274 107.906 45.5561355311355 0.0)
#(0 138212 274 107.906 44.4224358974359 0.0)
#(0 138214 274 107.906 43.6862289915966 0.0)
#(0 138216 274 107.906 43.2839798850575 0.0)
#(0 138217 274 107.906 43.3903867102397 0.0)
#(0 138555 274 107.906 44.373003296146 0.0)
#(0 138556 274 107.906 42.7425120772947 0.0)
#(0 138558 274 107.906 46.7901388888889 0.0)
#(0 138853 274 107.906 42.3067226890756 0.0)
#(0 138860 274 107.906 42.1346227785372 0.0)
#(0 138862 274 107.906 41.5616200828157 0.0)
#(0 138865 274 107.906 46.75 0.0)
#(0 138868 274 107.906 41.3722222222222 0.0)
#(0 139164 274 107.906 46.7901388888889 0.0)
#(0 139170 274 107.906 49.8564699792961 0.0)
#(0 139450 274 107.906 42.4310975609756 0.0)
#(0 139451 274 107.906 40.8371212121212 0.0)
#(0 139452 274 107.906 44.9372710622711 0.0)
#(0 139453 274 107.906 44.5270074828649 0.0)
#(0 139454 274 107.906 45.2649711343423 0.0)
#(0 139455 274 107.906 46.7901388888889 0.0)
#(0 139460 274 107.906 45.0276785714286 0.0)
#(0 139461 274 107.906 53.1220238095238 0.0)
#(0 139462 274 107.906 35.9166666666667 0.0)
#(0 139463 274 107.906 42.9534722222222 0.0)
#(0 139733 274 107.922 46.5567833667558 0.0)
#(0 140258 274 107.922 42.7081925675676 0.0)
#(0 140259 274 107.922 38.6289054083172 0.0)
#(0 140260 274 107.922 51.7416666666667 0.0)
#(0 140261 274 107.922 49.4166666666667 0.0)
#(0 140262 274 107.922 43.6862289915966 0.0)
#(0 140263 274 107.922 42.4202485380117 0.0)
#(0 140264 274 107.922 42.34375 0.0)
#(0 162 275 107.922 47.2272485080989 0.0)
#(0 176 275 107.922 43.4336899010812 0.0)
#(0 524 275 107.922 42.7728668390433 0.0)
#(0 526 275 107.922 47.9375 0.0)
#(0 911 275 107.922 41.0173645320197 0.0)
#(0 912 275 107.922 41.5833333333333 0.0)
#(0 1293 275 107.922 44.1908764367816 0.0)
#(0 1294 275 107.922 48.0021306818182 0.0)
#(0 1295 275 107.922 47.2058823529412 0.0)
#(0 1296 275 107.922 43.4783045977011 0.0)
#(0 1585 275 107.922 40.4210434173669 0.0)
#(0 1586 275 107.922 43.5875 0.0)
#(0 1589 275 107.922 41.0034722222222 0.0)
#(0 1879 275 107.922 44.6688596491228 0.0)
#(0 1882 275 107.922 45.4002976190476 0.0)
#(0 1884 275 107.922 47.2535714285714 0.0)
#(0 2173 275 107.922 43.5614298942966 0.0)
#(0 2176 275 107.922 41.9852941176471 0.0)
#(0 2177 275 107.922 43.2626420454545 0.0)
#(0 2179 275 107.922 52.75 0.0)
#(0 2180 275 107.922 43.2269230769231 0.0)
#(0 2183 275 107.922 43.1312969924812 0.0)
#(0 3008 275 107.922 42.4054487179487 0.0)
#(0 3009 275 107.922 42.3592294254658 0.0)
#(0 3010 275 107.922 43.8690476190476 0.0)
#(0 3014 275 107.922 46.0975378787879 0.0)
#(0 137443 275 107.922 38.6289054083172 0.0)
#(0 137446 275 107.922 44.1388888888889 0.0)
#(0 137860 275 107.922 41.1094919786096 0.0)
#(0 137864 275 107.922 42.824053030303 0.0)
#(0 137866 275 107.922 45.3666666666667 0.0)
#(0 138210 275 107.922 43.7032291666667 0.0)
#(0 138219 275 107.922 43.3324109213578 0.0)
#(0 138220 275 107.922 41.5616200828157 0.0)
#(0 138222 275 107.922 44.7144847796575 0.0)
#(0 138224 275 107.922 46.4544246031746 0.0)
#(0 138227 275 107.922 40.8318452380952 0.0)
#(0 138229 275 107.937 43.0888095238095 0.0)
#(0 138560 275 107.937 45.4020833333333 0.0)
#(0 138561 275 107.937 43.6395386904762 0.0)
#(0 138563 275 107.937 44.4601255175983 0.0)
#(0 138567 275 107.937 42.7081925675676 0.0)
#(0 138568 275 107.937 43.2918981481482 0.0)
#(0 138570 275 107.937 41.5296052631579 0.0)
#(0 138863 275 107.937 44.4868259803922 0.0)
#(0 138870 275 107.937 44.6050480769231 0.0)
#(0 138871 275 107.937 43.6862289915966 0.0)
#(0 138872 275 107.937 42.824053030303 0.0)
#(0 138873 275 107.937 51.7416666666667 0.0)
#(0 138874 275 107.937 44.4204503506829 0.0)
#(0 138875 275 107.937 42.9616325295999 0.0)
#(0 138876 275 107.937 41.7967562623135 0.0)
#(0 138877 275 107.937 42.1346227785372 0.0)
#(0 139181 275 107.937 44.611562049062 0.0)
#(0 139457 275 107.937 39.8254206730769 0.0)
#(0 139464 275 107.937 48.4263392857143 0.0)
#(0 139465 275 107.937 42.6715097402597 0.0)
#(0 139466 275 107.937 42.0755555555556 0.0)
#(0 139467 275 107.937 42.5013910455487 0.0)
#(0 139468 275 107.937 44.4204503506829 0.0)
#(0 139469 275 107.937 44.7144847796575 0.0)
#(0 139470 275 107.937 39.454594017094 0.0)
#(0 139472 275 107.937 39.6358173076923 0.0)
#(0 139473 275 107.937 42.9607142857143 0.0)
#(0 139474 275 107.937 43.1911330049261 0.0)
#(0 140265 275 107.937 51.9365079365079 0.0)
#(0 140266 275 107.937 50.1878787878788 0.0)
#(0 140267 275 107.937 42.7425120772947 0.0)
#(0 140268 275 107.937 44.7144847796575 0.0)
#(0 140269 275 107.937 42.4202485380117 0.0)
#(0 140270 275 107.937 66.0 0.0)
#(0 140271 275 107.937 42.5763586956522 0.0)
#(0 140272 275 107.937 42.9489495798319 0.0)
#(0 140273 275 107.937 43.8736631016043 0.0)
#(0 140274 275 107.937 41.3722222222222 0.0)
#(0 140275 275 107.937 43.2918981481482 0.0)
#(0 172 276 107.937 43.2045321637427 0.0)
#(0 181 276 107.937 39.8090367965368 0.0)
#(0 533 276 107.937 44.1908764367816 0.0)
#(0 538 276 107.937 43.5614298942966 0.0)
#(0 925 276 107.937 43.7178728070175 0.0)
#(0 926 276 107.937 43.4903002699055 0.0)
#(0 932 276 107.937 43.5875 0.0)
#(0 1299 276 107.937 47.2272485080989 0.0)
#(0 1300 276 107.953 43.6337560386473 0.0)
#(0 1301 276 107.953 43.8850223850224 0.0)
#(0 1597 276 107.953 41.8514441287879 0.0)
#(0 1598 276 107.953 41.5455447635135 0.0)
#(0 1890 276 107.953 43.3732638888889 0.0)
#(0 1893 276 107.953 42.4327445652174 0.0)
#(0 2188 276 107.953 43.4903002699055 0.0)
#(0 2189 276 107.953 42.6322491573762 0.0)
#(0 2190 276 107.953 42.2916666666667 0.0)
#(0 3017 276 107.953 45.1291208791209 0.0)
#(0 3019 276 107.953 45.4297348484848 0.0)
#(0 3020 276 107.953 41.5455447635135 0.0)
#(0 3021 276 107.953 42.4327445652174 0.0)
#(0 3023 276 107.953 43.8850223850224 0.0)
#(0 137450 276 107.953 51.9365079365079 0.0)
#(0 137451 276 107.953 42.5763586956522 0.0)
#(0 137455 276 107.953 44.4204503506829 0.0)
#(0 137871 276 107.953 44.6050480769231 0.0)
#(0 137880 276 107.953 43.0617588932806 0.0)
#(0 138226 276 107.953 43.2839798850575 0.0)
#(0 138230 276 107.953 42.8151041666667 0.0)
#(0 138235 276 107.953 41.6247628083491 0.0)
#(0 138236 276 107.953 45.5561355311355 0.0)
#(0 138239 276 107.953 41.4943501759678 0.0)
#(0 138242 276 107.953 49.8564699792961 0.0)
#(0 138575 276 107.953 42.7425120772947 0.0)
#(0 138878 276 107.953 43.1911330049261 0.0)
#(0 138879 276 107.953 42.8151041666667 0.0)
#(0 138881 276 107.953 41.4083760683761 0.0)
#(0 138882 276 107.953 39.8254206730769 0.0)
#(0 138884 276 107.953 43.4369318181818 0.0)
#(0 138888 276 107.953 44.6050480769231 0.0)
#(0 138889 276 107.953 43.3903867102397 0.0)
#(0 139187 276 107.953 43.9361801242236 0.0)
#(0 139189 276 107.953 43.2839798850575 0.0)
#(0 139190 276 107.953 45.9082471804511 0.0)
#(0 139191 276 107.953 42.5763586956522 0.0)
#(0 139195 276 107.953 42.6715097402597 0.0)
#(0 139475 276 107.953 44.4204503506829 0.0)
#(0 139476 276 107.953 57.4222222222222 0.0)
#(0 139477 276 107.953 41.6247628083491 0.0)
#(0 139479 276 107.953 42.7081925675676 0.0)
#(0 139480 276 107.968 43.5887820512821 0.0)
#(0 139481 276 107.968 38.6289054083172 0.0)
#(0 140276 276 107.968 44.6050480769231 0.0)
#(0 140277 276 107.968 43.319947002924 0.0)
#(0 140278 276 107.968 43.9678091397849 0.0)
#(0 140279 276 107.968 46.9693813131313 0.0)
#(0 140280 276 107.968 48.7142857142857 0.0)
#(0 140281 276 107.968 43.6856845238095 0.0)
#(0 140282 276 107.968 43.4532095508658 0.0)
#(0 140283 276 107.968 41.7897058823529 0.0)
#(0 178 277 107.968 42.5395833333333 0.0)
#(0 189 277 107.968 42.6322491573762 0.0)
#(0 190 277 107.968 46.6569940476191 0.0)
#(0 195 277 107.968 39.8090367965368 0.0)
#(0 539 277 107.968 47.2535714285714 0.0)
#(0 922 277 107.968 43.0098026973027 0.0)
#(0 937 277 107.968 47.2272485080989 0.0)
#(0 945 277 107.968 42.8754370629371 0.0)
#(0 1313 277 107.968 41.2343304843305 0.0)
#(0 1317 277 107.968 46.6569940476191 0.0)
#(0 1321 277 107.968 43.1312969924812 0.0)
#(0 1600 277 107.968 44.3504318394024 0.0)
#(0 1603 277 107.968 43.8690476190476 0.0)
#(0 1604 277 107.968 44.4157072368421 0.0)
#(0 1606 277 107.968 43.3732638888889 0.0)
#(0 1607 277 107.968 40.4349747474747 0.0)
#(0 1609 277 107.968 46.6569940476191 0.0)
#(0 1610 277 107.968 41.0034722222222 0.0)
#(0 1611 277 107.968 61.5416666666667 0.0)
#(0 1613 277 107.968 41.9852941176471 0.0)
#(0 2192 277 107.968 42.4054487179487 0.0)
#(0 2195 277 107.968 41.2343304843305 0.0)
#(0 2196 277 107.968 43.0098026973027 0.0)
#(0 2200 277 107.968 41.5455447635135 0.0)
#(0 3026 277 107.968 61.5416666666667 0.0)
#(0 3030 277 107.968 44.7006530873219 0.0)
#(0 3031 277 107.968 44.6369047619048 0.0)
#(0 3033 277 107.968 47.2058823529412 0.0)
#(0 3034 277 107.968 43.5614298942966 0.0)
#(0 137447 277 107.968 44.7144847796575 0.0)
#(0 137461 277 107.968 47.3871527777778 0.0)
#(0 137462 277 107.968 42.1218049719888 0.0)
#(0 137464 277 107.968 40.8371212121212 0.0)
#(0 137465 277 107.968 45.2649711343423 0.0)
#(0 137466 277 107.984 43.319947002924 0.0)
#(0 137469 277 107.984 43.9640151515152 0.0)
#(0 137888 277 107.984 43.5887820512821 0.0)
#(0 138240 277 107.984 43.9145222832723 0.0)
#(0 138246 277 107.984 43.319947002924 0.0)
#(0 138247 277 107.984 44.5270074828649 0.0)
#(0 138248 277 107.984 37.75 0.0)
#(0 138251 277 107.984 43.2918981481482 0.0)
#(0 138256 277 107.984 44.5668463037389 0.0)
#(0 138572 277 107.984 39.9948717948718 0.0)
#(0 138577 277 107.984 43.7481694132772 0.0)
#(0 138578 277 107.984 42.9534722222222 0.0)
#(0 138579 277 107.984 43.1286764705882 0.0)
#(0 138581 277 107.984 43.6856845238095 0.0)
#(0 138583 277 107.984 42.4310975609756 0.0)
#(0 138890 277 107.984 42.1346227785372 0.0)
#(0 138892 277 107.984 44.4868259803922 0.0)
#(0 138895 277 107.984 43.7481694132772 0.0)
#(0 138896 277 107.984 43.4369318181818 0.0)
#(0 138897 277 107.984 41.7967562623135 0.0)
#(0 139205 277 107.984 43.7371961340758 0.0)
#(0 139482 277 107.984 46.7503981469389 0.0)
#(0 139483 277 107.984 44.3254464285714 0.0)
#(0 139484 277 107.984 43.233682983683 0.0)
#(0 139487 277 107.984 45.9203869047619 0.0)
#(0 139488 277 107.984 47.3871527777778 0.0)
#(0 139489 277 107.984 43.9640151515152 0.0)
#(0 139490 277 107.984 43.1286764705882 0.0)
#(0 139492 277 107.984 48.6596153846154 0.0)
#(0 139757 277 107.984 46.3511513157895 0.0)
#(0 140284 277 107.984 42.4310975609756 0.0)
#(0 140285 277 107.984 48.6596153846154 0.0)
#(0 140286 277 107.984 45.2798402255639 0.0)
#(0 140287 277 107.984 41.3722222222222 0.0)
#(0 140288 277 107.984 46.7503981469389 0.0)
#(0 140289 277 107.984 43.6862289915966 0.0)
#(0 180 278 107.984 43.1662508662509 0.0)
#(0 202 278 107.984 45.1291208791209 0.0)
#(0 547 278 107.984 41.8514441287879 0.0)
#(0 554 278 107.984 43.8850223850224 0.0)
#(0 556 278 108.0 42.4327445652174 0.0)
#(0 960 278 108.0 43.8690476190476 0.0)
#(0 961 278 108.0 41.5455447635135 0.0)
#(0 969 278 108.0 43.2045321637427 0.0)
#(0 971 278 108.0 47.2058823529412 0.0)
#(0 972 278 108.0 48.0021306818182 0.0)
#(0 1325 278 108.0 44.7006530873219 0.0)
#(0 1330 278 108.0 41.0173645320197 0.0)
#(0 1331 278 108.0 41.6142113095238 0.0)
#(0 1602 278 108.0 43.2626420454545 0.0)
#(0 1614 278 108.0 40.675 0.0)
#(0 1615 278 108.0 43.4903002699055 0.0)
#(0 1617 278 108.0 43.1662508662509 0.0)
#(0 1619 278 108.0 41.9729965915311 0.0)
#(0 1622 278 108.0 43.5873511904762 0.0)
#(0 2203 278 108.0 42.8754370629371 0.0)
#(0 2204 278 108.0 44.4157072368421 0.0)
#(0 2207 278 108.0 43.3732638888889 0.0)
#(0 3037 278 108.0 45.1291208791209 0.0)
#(0 3040 278 108.0 43.2626420454545 0.0)
#(0 3041 278 108.0 42.8754370629371 0.0)
#(0 3043 278 108.0 44.7233173076923 0.0)
#(0 137471 278 108.0 40.5520833333333 0.0)
#(0 137472 278 108.0 43.7371961340758 0.0)
#(0 137473 278 108.0 43.3903867102397 0.0)
#(0 137477 278 108.0 41.4083760683761 0.0)
#(0 137478 278 108.0 43.1661706349206 0.0)
#(0 137482 278 108.0 46.3511513157895 0.0)
#(0 137483 278 108.015 47.3988095238095 0.0)
#(0 137487 278 108.015 42.5763586956522 0.0)
#(0 137875 278 108.015 44.0456945532915 0.0)
#(0 137897 278 108.015 43.2313003663004 0.0)
#(0 137901 278 108.015 42.75 0.0)
#(0 137903 278 108.015 42.9616325295999 0.0)
#(0 137904 278 108.015 47.9145833333333 0.0)
#(0 137905 278 108.015 48.6596153846154 0.0)
#(0 137906 278 108.015 41.7897058823529 0.0)
#(0 138257 278 108.015 42.34375 0.0)
#(0 138258 278 108.015 44.4868259803922 0.0)
#(0 138259 278 108.015 43.4369318181818 0.0)
#(0 138260 278 108.015 42.1218049719888 0.0)
#(0 138261 278 108.015 45.3666666666667 0.0)
#(0 138267 278 108.015 40.5520833333333 0.0)
#(0 138590 278 108.015 44.611562049062 0.0)
#(0 138591 278 108.015 42.7081925675676 0.0)
#(0 138592 278 108.015 43.6395386904762 0.0)
#(0 138595 278 108.015 46.7503981469389 0.0)
#(0 138598 278 108.015 58.5 0.0)
#(0 138602 278 108.015 41.4083760683761 0.0)
#(0 138902 278 108.015 43.1661706349206 0.0)
#(0 138904 278 108.015 46.4389254385965 0.0)
#(0 138905 278 108.015 43.1286764705882 0.0)
#(0 138906 278 108.015 44.4601255175983 0.0)
#(0 138908 278 108.015 40.5520833333333 0.0)
#(0 138911 278 108.015 44.4868259803922 0.0)
#(0 139209 278 108.015 44.6050480769231 0.0)
#(0 139493 278 108.015 40.5520833333333 0.0)
#(0 139494 278 108.015 41.5616200828157 0.0)
#(0 139495 278 108.015 43.8469967532468 0.0)
#(0 139496 278 108.015 44.8469237053796 0.0)
#(0 139497 278 108.015 41.4083760683761 0.0)
#(0 139499 278 108.015 43.7481694132772 0.0)
#(0 139500 278 108.015 37.75 0.0)
#(0 139501 278 108.015 41.3722222222222 0.0)
#(0 139770 278 108.015 46.3511513157895 0.0)
#(0 140290 278 108.015 47.3871527777778 0.0)
#(0 140291 278 108.015 43.4532095508658 0.0)
#(0 140292 278 108.015 43.0888095238095 0.0)
#(0 140293 278 108.015 41.6247628083491 0.0)
#(0 140294 278 108.015 43.233682983683 0.0)
#(0 215 279 108.015 44.7233173076923 0.0)
#(0 219 279 108.015 43.1662508662509 0.0)
#(0 221 279 108.031 40.4210434173669 0.0)
#(0 222 279 108.031 41.4736111111111 0.0)
#(0 565 279 108.031 62.4166666666667 0.0)
#(0 568 279 108.031 43.1312969924812 0.0)
#(0 572 279 108.031 45.630069124424 0.0)
#(0 575 279 108.031 50.1666666666667 0.0)
#(0 977 279 108.031 43.4783045977011 0.0)
#(0 981 279 108.031 43.8690476190476 0.0)
#(0 982 279 108.031 41.4803571428571 0.0)
#(0 984 279 108.031 42.7728668390433 0.0)
#(0 989 279 108.031 42.4054487179487 0.0)
#(0 1335 279 108.031 47.2535714285714 0.0)
#(0 1336 279 108.031 41.2343304843305 0.0)
#(0 1338 279 108.031 48.8 0.0)
#(0 1632 279 108.031 44.4157072368421 0.0)
#(0 1916 279 108.031 70.0 0.0)
#(0 2208 279 108.031 39.8090367965368 0.0)
#(0 2209 279 108.031 43.4903002699055 0.0)
#(0 2211 279 108.031 46.4132575757576 0.0)
#(0 2212 279 108.031 41.4803571428571 0.0)
#(0 3049 279 108.031 43.4903002699055 0.0)
#(0 137481 279 108.031 39.8254206730769 0.0)
#(0 137489 279 108.031 44.7144847796575 0.0)
#(0 137493 279 108.031 43.2313003663004 0.0)
#(0 137497 279 108.031 45.5561355311355 0.0)
#(0 137501 279 108.031 65.5 0.0)
#(0 137502 279 108.031 49.53125 0.0)
#(0 137902 279 108.031 44.0456945532915 0.0)
#(0 137910 279 108.031 41.7967562623135 0.0)
#(0 137914 279 108.031 49.125 0.0)
#(0 137922 279 108.031 42.8880208333333 0.0)
#(0 137924 279 108.031 44.4224358974359 0.0)
#(0 137925 279 108.031 41.7897058823529 0.0)
#(0 138268 279 108.031 42.2654150197628 0.0)
#(0 138273 279 108.031 43.3324109213578 0.0)
#(0 138276 279 108.031 47.625 0.0)
#(0 138280 279 108.031 45.5166666666667 0.0)
#(0 138589 279 108.031 45.2798402255639 0.0)
#(0 138605 279 108.031 41.5296052631579 0.0)
#(0 138606 279 108.031 42.9323863636364 0.0)
#(0 138608 279 108.031 47.3871527777778 0.0)
#(0 138609 279 108.031 46.5567833667558 0.0)
#(0 138610 279 108.047 45.5166666666667 0.0)
#(0 138898 279 108.047 43.4369318181818 0.0)
#(0 138913 279 108.047 43.1661706349206 0.0)
#(0 138916 279 108.047 41.7967562623135 0.0)
#(0 138917 279 108.047 43.1911330049261 0.0)
#(0 138920 279 108.047 44.1826923076923 0.0)
#(0 138924 279 108.047 41.4083760683761 0.0)
#(0 139220 279 108.047 42.9400735294118 0.0)
#(0 139221 279 108.047 43.4955357142857 0.0)
#(0 139223 279 108.047 42.5182291666667 0.0)
#(0 139224 279 108.047 41.6247628083491 0.0)
#(0 139491 279 108.047 43.9640151515152 0.0)
#(0 139503 279 108.047 39.6358173076923 0.0)
#(0 139504 279 108.047 43.4955357142857 0.0)
#(0 139505 279 108.047 42.2654150197628 0.0)
#(0 139506 279 108.047 40.8371212121212 0.0)
#(0 139507 279 108.047 42.8880208333333 0.0)
#(0 139508 279 108.047 46.7503981469389 0.0)
#(0 139511 279 108.047 41.7897058823529 0.0)
#(0 139512 279 108.047 44.6050480769231 0.0)
#(0 139513 279 108.047 40.8318452380952 0.0)
#(0 139776 279 108.047 49.125 0.0)
#(0 140295 279 108.047 41.7967562623135 0.0)
#(0 140296 279 108.047 45.0276785714286 0.0)
#(0 140297 279 108.047 40.5520833333333 0.0)
#(0 140298 279 108.047 42.5013910455487 0.0)
#(0 140299 279 108.047 44.6050480769231 0.0)
#(0 140300 279 108.047 44.373003296146 0.0)
#(0 140301 279 108.047 51.9365079365079 0.0)
#(0 140302 279 108.047 46.274255952381 0.0)
#(0 140303 279 108.047 46.9693813131313 0.0)
#(0 200 280 108.047 43.2045321637427 0.0)
#(0 224 280 108.047 43.8690476190476 0.0)
#(0 232 280 108.047 41.2343304843305 0.0)
#(0 581 280 108.047 45.0625 0.0)
#(0 583 280 108.047 43.2269230769231 0.0)
#(0 587 280 108.047 48.6964285714286 0.0)
#(0 992 280 108.047 46.18125 0.0)
#(0 994 280 108.047 41.9729965915311 0.0)
#(0 1001 280 108.047 41.4803571428571 0.0)
#(0 1004 280 108.047 47.2615942028986 0.0)
#(0 1005 280 108.047 43.4783045977011 0.0)
#(0 1009 280 108.047 44.4157072368421 0.0)
#(0 1342 280 108.047 43.1662508662509 0.0)
#(0 1343 280 108.047 43.5614298942966 0.0)
#(0 1346 280 108.047 40.675 0.0)
#(0 1347 280 108.047 48.6964285714286 0.0)
#(0 1636 280 108.047 47.2272485080989 0.0)
#(0 1637 280 108.047 43.5614298942966 0.0)
#(0 1639 280 108.047 43.8850223850224 0.0)
#(0 1643 280 108.062 43.5875 0.0)
#(0 2218 280 108.062 43.4336899010812 0.0)
#(0 2222 280 108.062 40.7668308702792 0.0)
#(0 2228 280 108.062 42.4327445652174 0.0)
#(0 2229 280 108.062 43.0098026973027 0.0)
#(0 3056 280 108.062 43.5614298942966 0.0)
#(0 3058 280 108.062 45.0625 0.0)
#(0 137475 280 108.062 43.319947002924 0.0)
#(0 137504 280 108.062 46.4544246031746 0.0)
#(0 137508 280 108.062 46.0609898325359 0.0)
#(0 137511 280 108.062 44.1826923076923 0.0)
#(0 137513 280 108.062 46.7246753246753 0.0)
#(0 137514 280 108.062 42.9607142857143 0.0)
#(0 137907 280 108.062 42.9616325295999 0.0)
#(0 137912 280 108.062 47.9145833333333 0.0)
#(0 137926 280 108.062 41.5375 0.0)
#(0 137927 280 108.062 44.1826923076923 0.0)
#(0 137933 280 108.062 43.2839798850575 0.0)
#(0 137936 280 108.062 43.8977678571429 0.0)
#(0 138281 280 108.062 43.1286764705882 0.0)
#(0 138282 280 108.062 43.2839798850575 0.0)
#(0 138284 280 108.062 41.1094919786096 0.0)
#(0 138289 280 108.062 43.0460164835165 0.0)
#(0 138290 280 108.062 43.1911330049261 0.0)
#(0 138291 280 108.062 45.4861111111111 0.0)
#(0 138615 280 108.062 45.5561355311355 0.0)
#(0 138616 280 108.062 43.3324109213578 0.0)
#(0 138619 280 108.062 44.373003296146 0.0)
#(0 138622 280 108.062 46.5567833667558 0.0)
#(0 138923 280 108.062 42.7425120772947 0.0)
#(0 138927 280 108.062 42.5182291666667 0.0)
#(0 138929 280 108.062 49.8564699792961 0.0)
#(0 139225 280 108.062 47.9145833333333 0.0)
#(0 139228 280 108.062 39.9948717948718 0.0)
#(0 139502 280 108.062 43.9640151515152 0.0)
#(0 139509 280 108.062 42.2654150197628 0.0)
#(0 139515 280 108.062 43.6862289915966 0.0)
#(0 139518 280 108.062 44.4224358974359 0.0)
#(0 139520 280 108.062 43.9678091397849 0.0)
#(0 139521 280 108.062 41.4083760683761 0.0)
#(0 139522 280 108.062 46.7901388888889 0.0)
#(0 139523 280 108.062 46.7503981469389 0.0)
#(0 139775 280 108.062 42.8484848484848 0.0)
#(0 140305 280 108.078 43.2918981481482 0.0)
#(0 140306 280 108.078 44.9372710622711 0.0)
#(0 140307 280 108.078 43.1661706349206 0.0)
#(0 140309 280 108.078 42.9489495798319 0.0)
#(0 140310 280 108.078 41.5616200828157 0.0)
#(0 140311 280 108.078 45.5166666666667 0.0)
#(0 140312 280 108.078 43.1911330049261 0.0)
#(0 245 281 108.078 42.8754370629371 0.0)
#(0 248 281 108.078 43.5875 0.0)
#(0 252 281 108.078 43.5873511904762 0.0)
#(0 599 281 108.078 41.8514441287879 0.0)
#(0 1012 281 108.078 43.1662508662509 0.0)
#(0 1014 281 108.078 41.9729965915311 0.0)
#(0 1351 281 108.078 42.7404401154401 0.0)
#(0 1353 281 108.078 41.5455447635135 0.0)
#(0 1357 281 108.078 43.1312969924812 0.0)
#(0 1363 281 108.078 44.7233173076923 0.0)
#(0 1642 281 108.078 43.5614298942966 0.0)
#(0 1648 281 108.078 42.4327445652174 0.0)
#(0 1655 281 108.078 43.8850223850224 0.0)
#(0 1932 281 108.078 43.8690476190476 0.0)
#(0 1940 281 108.078 43.4336899010812 0.0)
#(0 2231 281 108.078 44.6369047619048 0.0)
#(0 2236 281 108.078 43.4783045977011 0.0)
#(0 3059 281 108.078 45.1291208791209 0.0)
#(0 3061 281 108.078 43.1312969924812 0.0)
#(0 3065 281 108.078 43.2626420454545 0.0)
#(0 3066 281 108.078 40.4349747474747 0.0)
#(0 137516 281 108.078 42.1346227785372 0.0)
#(0 137517 281 108.078 42.8484848484848 0.0)
#(0 137519 281 108.078 40.5520833333333 0.0)
#(0 137524 281 108.078 43.1661706349206 0.0)
#(0 137937 281 108.078 42.9534722222222 0.0)
#(0 137944 281 108.078 38.6289054083172 0.0)
#(0 137945 281 108.078 45.4861111111111 0.0)
#(0 138275 281 108.078 46.3511513157895 0.0)
#(0 138293 281 108.078 41.9060897435897 0.0)
#(0 138294 281 108.078 46.7901388888889 0.0)
#(0 138295 281 108.078 42.8880208333333 0.0)
#(0 138296 281 108.078 45.5166666666667 0.0)
#(0 138627 281 108.078 46.7901388888889 0.0)
#(0 138628 281 108.078 46.9693813131313 0.0)
#(0 138630 281 108.078 44.9372710622711 0.0)
#(0 138635 281 108.093 44.7144847796575 0.0)
#(0 138636 281 108.093 47.9145833333333 0.0)
#(0 138638 281 108.093 41.4943501759678 0.0)
#(0 138933 281 108.093 44.611562049062 0.0)
#(0 138935 281 108.093 42.4202485380117 0.0)
#(0 138938 281 108.093 44.4204503506829 0.0)
#(0 138939 281 108.093 41.6247628083491 0.0)
#(0 138941 281 108.093 43.6395386904762 0.0)
#(0 138943 281 108.093 44.4771099744246 0.0)
#(0 139227 281 108.093 44.1826923076923 0.0)
#(0 139240 281 108.093 43.8736631016043 0.0)
#(0 139517 281 108.093 46.5567833667558 0.0)
#(0 139524 281 108.093 42.4202485380117 0.0)
#(0 139526 281 108.093 44.6050480769231 0.0)
#(0 139527 281 108.093 43.8469967532468 0.0)
#(0 139528 281 108.093 46.4389254385965 0.0)
#(0 139529 281 108.093 46.4544246031746 0.0)
#(0 139530 281 108.093 47.3871527777778 0.0)
#(0 139532 281 108.093 47.1703703703704 0.0)
#(0 140304 281 108.093 40.5520833333333 0.0)
#(0 140308 281 108.093 43.2918981481482 0.0)
#(0 140313 281 108.093 43.1661706349206 0.0)
#(0 140314 281 108.093 43.38458994709 0.0)
#(0 140315 281 108.093 43.8736631016043 0.0)
#(0 140316 281 108.093 46.9693813131313 0.0)
#(0 140317 281 108.093 41.4943501759678 0.0)
#(0 255 282 108.093 44.3504318394024 0.0)
#(0 257 282 108.093 43.5614298942966 0.0)
#(0 261 282 108.093 44.1908764367816 0.0)
#(0 262 282 108.093 45.4002976190476 0.0)
#(0 607 282 108.093 41.9852941176471 0.0)
#(0 608 282 108.093 51.0 0.0)
#(0 609 282 108.093 42.8754370629371 0.0)
#(0 611 282 108.093 43.3732638888889 0.0)
#(0 614 282 108.093 44.0773809523809 0.0)
#(0 1018 282 108.093 44.0222222222222 0.0)
#(0 1364 282 108.093 42.8754370629371 0.0)
#(0 1671 282 108.093 44.1908764367816 0.0)
#(0 1944 282 108.093 42.4327445652174 0.0)
#(0 1946 282 108.093 43.4783045977011 0.0)
#(0 2238 282 108.109 39.8090367965368 0.0)
#(0 2242 282 108.109 43.2626420454545 0.0)
#(0 2243 282 108.109 40.675 0.0)
#(0 2247 282 108.109 42.4327445652174 0.0)
#(0 2248 282 108.109 40.4349747474747 0.0)
#(0 3070 282 108.109 41.4803571428571 0.0)
#(0 3072 282 108.109 43.8850223850224 0.0)
#(0 3073 282 108.109 61.5416666666667 0.0)
#(0 137522 282 108.109 42.9607142857143 0.0)
#(0 137531 282 108.109 40.5520833333333 0.0)
#(0 137538 282 108.109 42.3958333333333 0.0)
#(0 137941 282 108.109 42.9400735294118 0.0)
#(0 137946 282 108.109 43.1661706349206 0.0)
#(0 137950 282 108.109 42.8880208333333 0.0)
#(0 137952 282 108.109 47.3871527777778 0.0)
#(0 137954 282 108.109 44.8469237053796 0.0)
#(0 137956 282 108.109 38.6289054083172 0.0)
#(0 137958 282 108.109 43.4369318181818 0.0)
#(0 137959 282 108.109 46.2829861111111 0.0)
#(0 137960 282 108.109 46.7246753246753 0.0)
#(0 138298 282 108.109 43.3903867102397 0.0)
#(0 138300 282 108.109 43.4369318181818 0.0)
#(0 138302 282 108.109 43.319947002924 0.0)
#(0 138303 282 108.109 49.8564699792961 0.0)
#(0 138304 282 108.109 43.6856845238095 0.0)
#(0 138305 282 108.109 43.9361801242236 0.0)
#(0 138306 282 108.109 43.38458994709 0.0)
#(0 138307 282 108.109 45.5561355311355 0.0)
#(0 138641 282 108.109 44.4868259803922 0.0)
#(0 138645 282 108.109 49.125 0.0)
#(0 138646 282 108.109 43.7032291666667 0.0)
#(0 138925 282 108.109 42.7425120772947 0.0)
#(0 138940 282 108.109 42.8880208333333 0.0)
#(0 138948 282 108.109 46.7901388888889 0.0)
#(0 138951 282 108.109 42.2654150197628 0.0)
#(0 138953 282 108.109 43.9640151515152 0.0)
#(0 138956 282 108.109 44.6979166666667 0.0)
#(0 139251 282 108.109 43.6856845238095 0.0)
#(0 139525 282 108.109 41.4083760683761 0.0)
#(0 139534 282 108.109 45.2798402255639 0.0)
#(0 139535 282 108.109 45.0276785714286 0.0)
#(0 139536 282 108.109 46.7901388888889 0.0)
#(0 139538 282 108.109 43.0460164835165 0.0)
#(0 139800 282 108.109 42.0755555555556 0.0)
#(0 140319 282 108.125 46.7901388888889 0.0)
#(0 140320 282 108.125 45.9203869047619 0.0)
#(0 140321 282 108.125 46.4389254385965 0.0)
#(0 140322 282 108.125 44.4771099744246 0.0)
#(0 140323 282 108.125 49.8564699792961 0.0)
#(0 140324 282 108.125 35.3698565323565 0.0)
#(0 140325 282 108.125 45.1666666666667 0.0)
#(0 140327 282 108.125 47.4236111111111 0.0)
#(0 265 283 108.125 43.1662508662509 0.0)
#(0 269 283 108.125 44.3504318394024 0.0)
#(0 272 283 108.125 54.5555555555556 0.0)
#(0 624 283 108.125 41.0173645320197 0.0)
#(0 1025 283 108.125 40.7668308702792 0.0)
#(0 1041 283 108.125 42.4054487179487 0.0)
#(0 1377 283 108.125 48.375 0.0)
#(0 1379 283 108.125 43.3732638888889 0.0)
#(0 1381 283 108.125 42.7728668390433 0.0)
#(0 1382 283 108.125 48.6964285714286 0.0)
#(0 1672 283 108.125 46.0975378787879 0.0)
#(0 1676 283 108.125 40.7668308702792 0.0)
#(0 1683 283 108.125 42.4327445652174 0.0)
#(0 2246 283 108.125 43.4783045977011 0.0)
#(0 2252 283 108.125 39.8090367965368 0.0)
#(0 3074 283 108.125 40.7668308702792 0.0)
#(0 3078 283 108.125 42.6322491573762 0.0)
#(0 3079 283 108.125 62.4166666666667 0.0)
#(0 3080 283 108.125 44.3504318394024 0.0)
#(0 137530 283 108.125 43.1661706349206 0.0)
#(0 137541 283 108.125 45.4861111111111 0.0)
#(0 137544 283 108.125 41.7897058823529 0.0)
#(0 137549 283 108.125 47.9145833333333 0.0)
#(0 137552 283 108.125 43.6395386904762 0.0)
#(0 137554 283 108.125 44.8469237053796 0.0)
#(0 137555 283 108.125 43.8736631016043 0.0)
#(0 137951 283 108.125 45.5166666666667 0.0)
#(0 137961 283 108.125 42.2654150197628 0.0)
#(0 137968 283 108.14 37.5833333333333 0.0)
#(0 137970 283 108.14 47.8541666666667 0.0)
#(0 137971 283 108.14 43.1286764705882 0.0)
#(0 137972 283 108.14 43.8977678571429 0.0)
#(0 138309 283 108.14 42.1218049719888 0.0)
#(0 138311 283 108.14 43.7032291666667 0.0)
#(0 138313 283 108.14 45.2798402255639 0.0)
#(0 138650 283 108.14 42.9400735294118 0.0)
#(0 138931 283 108.14 42.7425120772947 0.0)
#(0 138958 283 108.14 44.4224358974359 0.0)
#(0 138961 283 108.14 40.25 0.0)
#(0 138962 283 108.14 44.1388888888889 0.0)
#(0 138964 283 108.14 43.0888095238095 0.0)
#(0 139261 283 108.14 40.8371212121212 0.0)
#(0 139264 283 108.14 46.9693813131313 0.0)
#(0 139539 283 108.14 42.9323863636364 0.0)
#(0 139540 283 108.14 44.0456945532915 0.0)
#(0 139541 283 108.14 37.5833333333333 0.0)
#(0 139542 283 108.14 47.625 0.0)
#(0 139543 283 108.14 43.4532095508658 0.0)
#(0 139544 283 108.14 41.0219336219336 0.0)
#(0 139545 283 108.14 42.6715097402597 0.0)
#(0 139813 283 108.14 47.9145833333333 0.0)
#(0 140318 283 108.14 41.4943501759678 0.0)
#(0 140326 283 108.14 46.7901388888889 0.0)
#(0 140328 283 108.14 44.5668463037389 0.0)
#(0 140329 283 108.14 42.9534722222222 0.0)
#(0 140330 283 108.14 44.4771099744246 0.0)
#(0 140331 283 108.14 42.3067226890756 0.0)
#(0 140332 283 108.14 46.25 0.0)
#(0 140333 283 108.14 44.4204503506829 0.0)
#(0 140335 283 108.14 42.7425120772947 0.0)
#(0 140336 283 108.14 47.625 0.0)
#(0 140337 283 108.14 38.6289054083172 0.0)
#(0 140338 283 108.14 43.4369318181818 0.0)
#(0 140339 283 108.14 43.0617588932806 0.0)
#(0 140340 283 108.14 45.8695741758242 0.0)
#(0 140341 283 108.14 43.7032291666667 0.0)
#(0 140342 283 108.14 46.7503981469389 0.0)
#(0 140343 283 108.14 42.9400735294118 0.0)
#(0 275 284 108.14 41.4736111111111 0.0)
#(0 279 284 108.14 48.0021306818182 0.0)
#(0 281 284 108.14 44.4157072368421 0.0)
#(0 282 284 108.14 46.6569940476191 0.0)
#(0 284 284 108.14 40.4210434173669 0.0)
#(0 629 284 108.14 47.2615942028986 0.0)
#(0 636 284 108.156 43.7178728070175 0.0)
#(0 638 284 108.156 47.2058823529412 0.0)
#(0 1042 284 108.156 44.0773809523809 0.0)
#(0 1043 284 108.156 39.8090367965368 0.0)
#(0 1046 284 108.156 40.7668308702792 0.0)
#(0 1048 284 108.156 46.6569940476191 0.0)
#(0 1386 284 108.156 44.0222222222222 0.0)
#(0 1387 284 108.156 43.4783045977011 0.0)
#(0 1391 284 108.156 44.1908764367816 0.0)
#(0 1678 284 108.156 44.1908764367816 0.0)
#(0 1684 284 108.156 43.5873511904762 0.0)
#(0 1685 284 108.156 42.2916666666667 0.0)
#(0 1976 284 108.156 43.4336899010812 0.0)
#(0 2259 284 108.156 42.8754370629371 0.0)
#(0 2261 284 108.156 43.2045321637427 0.0)
#(0 2269 284 108.156 43.5875 0.0)
#(0 2270 284 108.156 42.4054487179487 0.0)
#(0 3081 284 108.156 42.4327445652174 0.0)
#(0 3083 284 108.156 43.5873511904762 0.0)
#(0 3084 284 108.156 40.4210434173669 0.0)
#(0 3087 284 108.156 44.4157072368421 0.0)
#(0 3088 284 108.156 41.4736111111111 0.0)
#(0 137556 284 108.156 42.1346227785372 0.0)
#(0 137558 284 108.156 43.23125 0.0)
#(0 137560 284 108.156 42.1218049719888 0.0)
#(0 137562 284 108.156 45.4861111111111 0.0)
#(0 137564 284 108.156 43.8469967532468 0.0)
#(0 137570 284 108.156 43.7371961340758 0.0)
#(0 137572 284 108.156 44.4224358974359 0.0)
#(0 137575 284 108.156 43.3324109213578 0.0)
#(0 137578 284 108.156 39.6358173076923 0.0)
#(0 137579 284 108.156 44.7144847796575 0.0)
#(0 137580 284 108.156 47.9271577380952 0.0)
#(0 137973 284 108.156 43.1286764705882 0.0)
#(0 137976 284 108.156 43.7481694132772 0.0)
#(0 137977 284 108.156 43.38458994709 0.0)
#(0 138315 284 108.156 45.4861111111111 0.0)
#(0 138316 284 108.156 42.8880208333333 0.0)
#(0 138317 284 108.156 43.5887820512821 0.0)
#(0 138319 284 108.156 44.4224358974359 0.0)
#(0 138320 284 108.156 43.6856845238095 0.0)
#(0 138321 284 108.156 42.3067226890756 0.0)
#(0 138323 284 108.156 43.319947002924 0.0)
#(0 138655 284 108.156 45.0276785714286 0.0)
#(0 138659 284 108.172 46.0609898325359 0.0)
#(0 138952 284 108.172 42.7425120772947 0.0)
#(0 138967 284 108.172 43.6856845238095 0.0)
#(0 138968 284 108.172 43.2839798850575 0.0)
#(0 138970 284 108.172 43.319947002924 0.0)
#(0 138971 284 108.172 40.8371212121212 0.0)
#(0 138972 284 108.172 49.6354166666667 0.0)
#(0 138973 284 108.172 51.9365079365079 0.0)
#(0 139546 284 108.172 43.0460164835165 0.0)
#(0 139548 284 108.172 49.53125 0.0)
#(0 139549 284 108.172 44.4224358974359 0.0)
#(0 139550 284 108.172 45.9082471804511 0.0)
#(0 139551 284 108.172 45.9881944444444 0.0)
#(0 139552 284 108.172 42.9607142857143 0.0)
#(0 139553 284 108.172 42.3067226890756 0.0)
#(0 139554 284 108.172 44.6050480769231 0.0)
#(0 140334 284 108.172 42.3067226890756 0.0)
#(0 140344 284 108.172 42.1218049719888 0.0)
#(0 140345 284 108.172 43.6862289915966 0.0)
#(0 140346 284 108.172 46.2829861111111 0.0)
#(0 140347 284 108.172 35.3698565323565 0.0)
#(0 140348 284 108.172 47.0083333333333 0.0)
#(0 140349 284 108.172 39.8254206730769 0.0)
#(0 140350 284 108.172 46.7901388888889 0.0)
#(0 140351 284 108.172 43.3903867102397 0.0)
#(0 140352 284 108.172 41.28125 0.0)
#(0 140355 284 108.172 41.9589285714286 0.0)
#(0 140356 284 108.172 49.5160714285714 0.0)
#(0 276 285 108.172 43.1662508662509 0.0)
#(0 280 285 108.172 42.3592294254658 0.0)
#(0 286 285 108.172 43.5614298942966 0.0)
#(0 289 285 108.187 43.4903002699055 0.0)
#(0 293 285 108.187 41.4736111111111 0.0)
#(0 295 285 108.187 47.2058823529412 0.0)
#(0 301 285 108.187 43.8690476190476 0.0)
#(0 653 285 108.187 40.4210434173669 0.0)
#(0 1056 285 108.187 40.4349747474747 0.0)
#(0 1059 285 108.187 42.8754370629371 0.0)
#(0 1060 285 108.187 42.4826388888889 0.0)
#(0 1395 285 108.187 43.2045321637427 0.0)
#(0 1398 285 108.187 41.9729965915311 0.0)
#(0 1399 285 108.187 43.5873511904762 0.0)
#(0 1400 285 108.187 41.6142113095238 0.0)
#(0 1404 285 108.187 43.2269230769231 0.0)
#(0 1694 285 108.187 43.7178728070175 0.0)
#(0 1700 285 108.187 41.9729965915311 0.0)
#(0 1990 285 108.187 43.0098026973027 0.0)
#(0 2276 285 108.187 41.6142113095238 0.0)
#(0 3082 285 108.187 42.4327445652174 0.0)
#(0 3090 285 108.187 43.1662508662509 0.0)
#(0 3091 285 108.187 48.1041666666667 0.0)
#(0 3092 285 108.187 44.6369047619048 0.0)
#(0 3093 285 108.187 41.8514441287879 0.0)
#(0 3094 285 108.187 43.5614298942966 0.0)
#(0 3095 285 108.187 41.9852941176471 0.0)
#(0 137577 285 108.187 42.9607142857143 0.0)
#(0 137582 285 108.187 44.4224358974359 0.0)
#(0 137584 285 108.187 42.9616325295999 0.0)
#(0 137588 285 108.187 43.2918981481482 0.0)
#(0 137590 285 108.187 51.9365079365079 0.0)
#(0 137593 285 108.187 43.4369318181818 0.0)
#(0 137594 285 108.187 43.2839798850575 0.0)
#(0 137595 285 108.187 47.4236111111111 0.0)
#(0 137982 285 108.187 43.7481694132772 0.0)
#(0 137983 285 108.187 42.9616325295999 0.0)
#(0 137985 285 108.187 46.75 0.0)
#(0 137986 285 108.187 41.6247628083491 0.0)
#(0 137988 285 108.187 42.5763586956522 0.0)
#(0 137990 285 108.203 43.9361801242236 0.0)
#(0 137993 285 108.203 44.4601255175983 0.0)
#(0 138324 285 108.203 44.4224358974359 0.0)
#(0 138325 285 108.203 43.0888095238095 0.0)
#(0 138329 285 108.203 44.4204503506829 0.0)
#(0 138333 285 108.203 40.5520833333333 0.0)
#(0 138335 285 108.203 40.8371212121212 0.0)
#(0 138338 285 108.203 44.1826923076923 0.0)
#(0 138666 285 108.203 45.3539473684211 0.0)
#(0 138667 285 108.203 43.7481694132772 0.0)
#(0 138670 285 108.203 43.1286764705882 0.0)
#(0 138974 285 108.203 43.7440861344538 0.0)
#(0 138975 285 108.203 46.7503981469389 0.0)
#(0 138977 285 108.203 42.824053030303 0.0)
#(0 138979 285 108.203 43.8469967532468 0.0)
#(0 138980 285 108.203 41.4943501759678 0.0)
#(0 138981 285 108.203 46.5567833667558 0.0)
#(0 138982 285 108.203 41.6247628083491 0.0)
#(0 138983 285 108.203 42.4202485380117 0.0)
#(0 138985 285 108.203 44.4224358974359 0.0)
#(0 138986 285 108.203 42.9400735294118 0.0)
#(0 138988 285 108.203 39.8254206730769 0.0)
#(0 139277 285 108.203 41.7967562623135 0.0)
#(0 139278 285 108.203 45.5561355311355 0.0)
#(0 139555 285 108.203 43.7032291666667 0.0)
#(0 139556 285 108.203 42.5013910455487 0.0)
#(0 139557 285 108.203 42.4310975609756 0.0)
#(0 139558 285 108.203 44.0456945532915 0.0)
#(0 139559 285 108.203 41.0219336219336 0.0)
#(0 139560 285 108.203 47.9145833333333 0.0)
#(0 139561 285 108.203 43.4955357142857 0.0)
#(0 139563 285 108.203 41.4943501759678 0.0)
#(0 139838 285 108.203 45.9203869047619 0.0)
#(0 140353 285 108.203 46.7503981469389 0.0)
#(0 140354 285 108.203 43.6862289915966 0.0)
#(0 140357 285 108.203 43.6395386904762 0.0)
#(0 140358 285 108.203 43.3903867102397 0.0)
#(0 140359 285 108.203 43.2839798850575 0.0)
#(0 140360 285 108.203 43.7032291666667 0.0)
#(0 140361 285 108.203 44.5668463037389 0.0)
#(0 140362 285 108.203 37.6800857843137 0.0)
#(0 285 286 108.203 42.4826388888889 0.0)
#(0 299 286 108.218 40.4349747474747 0.0)
#(0 311 286 108.218 42.4826388888889 0.0)
#(0 659 286 108.218 43.7178728070175 0.0)
#(0 671 286 108.218 47.2272485080989 0.0)
#(0 1071 286 108.218 41.5455447635135 0.0)
#(0 1074 286 108.218 42.3592294254658 0.0)
#(0 1078 286 108.218 44.1908764367816 0.0)
#(0 1401 286 108.218 43.2045321637427 0.0)
#(0 1406 286 108.218 41.0034722222222 0.0)
#(0 1701 286 108.218 43.7178728070175 0.0)
#(0 1704 286 108.218 43.4783045977011 0.0)
#(0 1708 286 108.218 40.8414750957854 0.0)
#(0 1710 286 108.218 47.2272485080989 0.0)
#(0 1991 286 108.218 42.5395833333333 0.0)
#(0 2278 286 108.218 42.5395833333333 0.0)
#(0 2284 286 108.218 41.2343304843305 0.0)
#(0 2287 286 108.218 41.4736111111111 0.0)
#(0 2288 286 108.218 44.0773809523809 0.0)
#(0 3097 286 108.218 43.3732638888889 0.0)
#(0 3099 286 108.218 50.1666666666667 0.0)
#(0 3102 286 108.218 43.2626420454545 0.0)
#(0 3103 286 108.218 43.4336899010812 0.0)
#(0 3105 286 108.218 44.6688596491228 0.0)
#(0 137583 286 108.218 44.4224358974359 0.0)
#(0 137599 286 108.218 44.0456945532915 0.0)
#(0 137601 286 108.218 46.7901388888889 0.0)
#(0 137603 286 108.218 42.3958333333333 0.0)
#(0 137604 286 108.218 46.4389254385965 0.0)
#(0 137605 286 108.218 49.6354166666667 0.0)
#(0 137997 286 108.218 41.7967562623135 0.0)
#(0 137999 286 108.218 45.3539473684211 0.0)
#(0 138000 286 108.218 43.5887820512821 0.0)
#(0 138004 286 108.218 45.2798402255639 0.0)
#(0 138343 286 108.218 43.4532095508658 0.0)
#(0 138344 286 108.218 39.8254206730769 0.0)
#(0 138347 286 108.218 49.6354166666667 0.0)
#(0 138671 286 108.218 43.2918981481482 0.0)
#(0 138674 286 108.218 44.9372710622711 0.0)
#(0 138677 286 108.218 42.9534722222222 0.0)
#(0 138976 286 108.218 46.3511513157895 0.0)
#(0 138992 286 108.218 41.5616200828157 0.0)
#(0 138993 286 108.218 46.0609898325359 0.0)
#(0 138994 286 108.218 45.3666666666667 0.0)
#(0 138996 286 108.234 42.8880208333333 0.0)
#(0 138999 286 108.234 44.7144847796575 0.0)
#(0 139281 286 108.234 43.1286764705882 0.0)
#(0 139565 286 108.234 44.7144847796575 0.0)
#(0 139566 286 108.234 43.6856845238095 0.0)
#(0 139567 286 108.234 44.4601255175983 0.0)
#(0 139568 286 108.234 43.7481694132772 0.0)
#(0 139569 286 108.234 42.7081925675676 0.0)
#(0 139849 286 108.234 44.4771099744246 0.0)
#(0 139850 286 108.234 44.1826923076923 0.0)
#(0 140363 286 108.234 43.7481694132772 0.0)
#(0 140364 286 108.234 43.7440861344538 0.0)
#(0 140365 286 108.234 48.7142857142857 0.0)
#(0 140366 286 108.234 43.38458994709 0.0)
#(0 140367 286 108.234 42.1218049719888 0.0)
#(0 140368 286 108.234 41.4083760683761 0.0)
#(0 140369 286 108.234 42.1346227785372 0.0)
#(0 140370 286 108.234 43.4955357142857 0.0)
#(0 140371 286 108.234 42.0755555555556 0.0)
#(0 140372 286 108.234 41.7897058823529 0.0)
#(0 318 287 108.234 42.4054487179487 0.0)
#(0 321 287 108.234 45.630069124424 0.0)
#(0 322 287 108.234 44.7006530873219 0.0)
#(0 323 287 108.234 40.4349747474747 0.0)
#(0 324 287 108.234 43.2045321637427 0.0)
#(0 677 287 108.234 46.0975378787879 0.0)
#(0 685 287 108.234 43.4336899010812 0.0)
#(0 1069 287 108.234 42.8754370629371 0.0)
#(0 1076 287 108.234 42.4826388888889 0.0)
#(0 1079 287 108.234 40.4349747474747 0.0)
#(0 1080 287 108.234 43.4903002699055 0.0)
#(0 1090 287 108.234 41.6142113095238 0.0)
#(0 1422 287 108.234 44.5796245421245 0.0)
#(0 1424 287 108.234 41.0173645320197 0.0)
#(0 1427 287 108.234 45.0625 0.0)
#(0 1718 287 108.234 48.6964285714286 0.0)
#(0 1719 287 108.234 41.5455447635135 0.0)
#(0 2004 287 108.234 44.4157072368421 0.0)
#(0 2289 287 108.234 46.0975378787879 0.0)
#(0 2290 287 108.234 43.7178728070175 0.0)
#(0 2292 287 108.234 48.0021306818182 0.0)
#(0 2293 287 108.234 41.9852941176471 0.0)
#(0 2295 287 108.234 43.8850223850224 0.0)
#(0 2296 287 108.234 43.4903002699055 0.0)
#(0 3109 287 108.25 44.0773809523809 0.0)
#(0 3110 287 108.25 41.0173645320197 0.0)
#(0 3111 287 108.25 43.5873511904762 0.0)
#(0 137606 287 108.25 45.2798402255639 0.0)
#(0 137607 287 108.25 43.1286764705882 0.0)
#(0 137609 287 108.25 45.3539473684211 0.0)
#(0 137610 287 108.25 43.0888095238095 0.0)
#(0 137616 287 108.25 42.5013910455487 0.0)
#(0 138005 287 108.25 46.0609898325359 0.0)
#(0 138006 287 108.25 43.8469967532468 0.0)
#(0 138009 287 108.25 43.0460164835165 0.0)
#(0 138012 287 108.25 42.34375 0.0)
#(0 138014 287 108.25 43.2839798850575 0.0)
#(0 138346 287 108.25 43.4532095508658 0.0)
#(0 138352 287 108.25 42.8880208333333 0.0)
#(0 138353 287 108.25 39.8254206730769 0.0)
#(0 138356 287 108.25 43.3324109213578 0.0)
#(0 138360 287 108.25 42.5763586956522 0.0)
#(0 138366 287 108.25 41.4943501759678 0.0)
#(0 138685 287 108.25 43.2918981481482 0.0)
#(0 138686 287 108.25 45.9203869047619 0.0)
#(0 138990 287 108.25 42.4202485380117 0.0)
#(0 138991 287 108.25 43.3324109213578 0.0)
#(0 138995 287 108.25 44.4224358974359 0.0)
#(0 139001 287 108.25 46.4389254385965 0.0)
#(0 139003 287 108.25 46.4544246031746 0.0)
#(0 139004 287 108.25 42.5013910455487 0.0)
#(0 139006 287 108.25 46.5567833667558 0.0)
#(0 139007 287 108.25 58.1666666666667 0.0)
#(0 139008 287 108.25 43.4369318181818 0.0)
#(0 139283 287 108.25 42.1218049719888 0.0)
#(0 139285 287 108.25 42.34375 0.0)
#(0 139570 287 108.25 46.4544246031746 0.0)
#(0 139571 287 108.25 46.3511513157895 0.0)
#(0 139572 287 108.25 42.7081925675676 0.0)
#(0 139573 287 108.25 49.8564699792961 0.0)
#(0 139575 287 108.25 44.373003296146 0.0)
#(0 139576 287 108.25 43.7481694132772 0.0)
#(0 139577 287 108.25 41.4083760683761 0.0)
#(0 139578 287 108.25 51.7916666666667 0.0)
#(0 140373 287 108.25 45.9082471804511 0.0)
#(0 140374 287 108.25 42.7081925675676 0.0)
#(0 140375 287 108.25 42.8880208333333 0.0)
#(0 140376 287 108.25 41.9060897435897 0.0)
#(0 140377 287 108.265 43.7481694132772 0.0)
#(0 140378 287 108.265 44.5270074828649 0.0)
#(0 140379 287 108.265 41.28125 0.0)
#(0 314 288 108.265 40.4349747474747 0.0)
#(0 331 288 108.265 46.6569940476191 0.0)
#(0 339 288 108.265 43.5614298942966 0.0)
#(0 340 288 108.265 43.2626420454545 0.0)
#(0 341 288 108.265 43.7178728070175 0.0)
#(0 1094 288 108.265 42.4826388888889 0.0)
#(0 1721 288 108.265 43.4903002699055 0.0)
#(0 1726 288 108.265 41.8514441287879 0.0)
#(0 1730 288 108.265 44.1908764367816 0.0)
#(0 1732 288 108.265 42.3592294254658 0.0)
#(0 2301 288 108.265 44.3504318394024 0.0)
#(0 3113 288 108.265 40.675 0.0)
#(0 3115 288 108.265 43.0098026973027 0.0)
#(0 3117 288 108.265 47.2272485080989 0.0)
#(0 137617 288 108.265 43.3324109213578 0.0)
#(0 137618 288 108.265 50.1878787878788 0.0)
#(0 137620 288 108.265 42.1218049719888 0.0)
#(0 137624 288 108.265 41.4943501759678 0.0)
#(0 137627 288 108.265 42.6715097402597 0.0)
#(0 138013 288 108.265 43.0460164835165 0.0)
#(0 138018 288 108.265 44.0456945532915 0.0)
#(0 138020 288 108.265 43.38458994709 0.0)
#(0 138023 288 108.265 40.8318452380952 0.0)
#(0 138370 288 108.265 47.7916666666667 0.0)
#(0 138375 288 108.265 44.1388888888889 0.0)
#(0 138376 288 108.265 41.4083760683761 0.0)
#(0 138378 288 108.265 43.2839798850575 0.0)
#(0 138689 288 108.265 46.0 0.0)
#(0 138691 288 108.265 44.4601255175983 0.0)
#(0 138696 288 108.265 45.2649711343423 0.0)
#(0 139010 288 108.265 43.1661706349206 0.0)
#(0 139011 288 108.265 43.7440861344538 0.0)
#(0 139013 288 108.265 42.3067226890756 0.0)
#(0 139014 288 108.265 46.3511513157895 0.0)
#(0 139015 288 108.265 43.319947002924 0.0)
#(0 139017 288 108.265 42.4310975609756 0.0)
#(0 139018 288 108.265 42.7425120772947 0.0)
#(0 139289 288 108.265 42.9607142857143 0.0)
#(0 139294 288 108.265 43.8736631016043 0.0)
#(0 139295 288 108.265 40.8371212121212 0.0)
#(0 139298 288 108.281 45.3539473684211 0.0)
#(0 139579 288 108.281 42.0755555555556 0.0)
#(0 139580 288 108.281 42.75 0.0)
#(0 139581 288 108.281 44.4224358974359 0.0)
#(0 139584 288 108.281 46.7503981469389 0.0)
#(0 139586 288 108.281 39.8254206730769 0.0)
#(0 140380 288 108.281 45.9027777777778 0.0)
#(0 140381 288 108.281 42.1218049719888 0.0)
#(0 140382 288 108.281 43.8977678571429 0.0)
#(0 140383 288 108.281 42.5182291666667 0.0)
#(0 140384 288 108.281 43.3324109213578 0.0)
#(0 140385 288 108.281 41.5375 0.0)
#(0 334 289 108.281 40.4349747474747 0.0)
#(0 346 289 108.281 41.9729965915311 0.0)
#(0 348 289 108.281 40.675 0.0)
#(0 350 289 108.281 45.0625 0.0)
#(0 697 289 108.281 47.2535714285714 0.0)
#(0 698 289 108.281 43.7178728070175 0.0)
#(0 708 289 108.281 40.4349747474747 0.0)
#(0 710 289 108.281 45.1291208791209 0.0)
#(0 1103 289 108.281 43.5875 0.0)
#(0 1105 289 108.281 45.4002976190476 0.0)
#(0 1109 289 108.281 45.4297348484848 0.0)
#(0 1442 289 108.281 40.4349747474747 0.0)
#(0 1725 289 108.281 43.4903002699055 0.0)
#(0 1733 289 108.281 41.5455447635135 0.0)
#(0 1735 289 108.281 44.7233173076923 0.0)
#(0 2299 289 108.281 43.4903002699055 0.0)
#(0 2304 289 108.281 70.0 0.0)
#(0 2306 289 108.281 46.6569940476191 0.0)
#(0 2307 289 108.281 41.4803571428571 0.0)
#(0 2309 289 108.281 44.3504318394024 0.0)
#(0 3121 289 108.281 45.1291208791209 0.0)
#(0 3123 289 108.281 42.5395833333333 0.0)
#(0 3124 289 108.281 42.8754370629371 0.0)
#(0 3127 289 108.281 40.675 0.0)
#(0 137630 289 108.281 44.1388888888889 0.0)
#(0 137631 289 108.281 46.7246753246753 0.0)
#(0 137632 289 108.281 41.3722222222222 0.0)
#(0 137633 289 108.281 43.6395386904762 0.0)
#(0 137634 289 108.281 43.7032291666667 0.0)
#(0 137637 289 108.281 46.7222222222222 0.0)
#(0 138030 289 108.281 43.233682983683 0.0)
#(0 138031 289 108.297 40.8371212121212 0.0)
#(0 138035 289 108.297 42.1218049719888 0.0)
#(0 138038 289 108.297 43.9145222832723 0.0)
#(0 138043 289 108.297 44.8469237053796 0.0)
#(0 138044 289 108.297 43.8469967532468 0.0)
#(0 138045 289 108.297 45.4020833333333 0.0)
#(0 138048 289 108.297 42.5763586956522 0.0)
#(0 138354 289 108.297 39.8254206730769 0.0)
#(0 138361 289 108.297 43.3324109213578 0.0)
#(0 138379 289 108.297 42.7081925675676 0.0)
#(0 138380 289 108.297 47.8920454545455 0.0)
#(0 138381 289 108.297 43.38458994709 0.0)
#(0 138383 289 108.297 42.8484848484848 0.0)
#(0 138384 289 108.297 42.1218049719888 0.0)
#(0 138386 289 108.297 41.6247628083491 0.0)
#(0 138700 289 108.297 42.2654150197628 0.0)
#(0 138703 289 108.297 43.7440861344538 0.0)
#(0 138706 289 108.297 41.5616200828157 0.0)
#(0 139020 289 108.297 39.6358173076923 0.0)
#(0 139021 289 108.297 43.6856845238095 0.0)
#(0 139024 289 108.297 46.7246753246753 0.0)
#(0 139025 289 108.297 41.4943501759678 0.0)
#(0 139026 289 108.297 43.9145222832723 0.0)
#(0 139587 289 108.297 42.0755555555556 0.0)
#(0 139588 289 108.297 44.5668463037389 0.0)
#(0 139589 289 108.297 44.5270074828649 0.0)
#(0 139590 289 108.297 37.5833333333333 0.0)
#(0 139591 289 108.297 44.7144847796575 0.0)
#(0 139592 289 108.297 46.4389254385965 0.0)
#(0 139593 289 108.297 43.4955357142857 0.0)
#(0 140386 289 108.297 44.373003296146 0.0)
#(0 140387 289 108.297 35.3698565323565 0.0)
#(0 140388 289 108.297 45.0276785714286 0.0)
#(0 140390 289 108.297 44.5270074828649 0.0)
#(0 140391 289 108.297 43.4369318181818 0.0)
#(0 140392 289 108.312 43.6856845238095 0.0)
#(0 140393 289 108.312 45.9203869047619 0.0)
#(0 140394 289 108.312 43.6862289915966 0.0)
#(0 140395 289 108.312 43.7440861344538 0.0)
#(0 352 290 108.312 43.5614298942966 0.0)
#(0 354 290 108.312 42.7404401154401 0.0)
#(0 355 290 108.312 42.3592294254658 0.0)
#(0 709 290 108.312 43.4783045977011 0.0)
#(0 714 290 108.312 44.7006530873219 0.0)
#(0 1117 290 108.312 42.7404401154401 0.0)
#(0 1447 290 108.312 44.4157072368421 0.0)
#(0 1448 290 108.312 44.1908764367816 0.0)
#(0 1727 290 108.312 43.4903002699055 0.0)
#(0 1741 290 108.312 41.5455447635135 0.0)
#(0 1745 290 108.312 45.4002976190476 0.0)
#(0 1746 290 108.312 47.2272485080989 0.0)
#(0 1749 290 108.312 43.4336899010812 0.0)
#(0 1750 290 108.312 43.1662508662509 0.0)
#(0 1753 290 108.312 43.1312969924812 0.0)
#(0 2025 290 108.312 42.4054487179487 0.0)
#(0 2313 290 108.312 41.9729965915311 0.0)
#(0 2315 290 108.312 43.8850223850224 0.0)
#(0 2316 290 108.312 40.675 0.0)
#(0 3131 290 108.312 41.2343304843305 0.0)
#(0 3136 290 108.312 41.9729965915311 0.0)
#(0 137641 290 108.312 41.4083760683761 0.0)
#(0 137642 290 108.312 38.6289054083172 0.0)
#(0 137643 290 108.312 44.5270074828649 0.0)
#(0 137645 290 108.312 43.8469967532468 0.0)
#(0 137649 290 108.312 44.1826923076923 0.0)
#(0 137651 290 108.312 45.8695741758242 0.0)
#(0 137653 290 108.312 42.5763586956522 0.0)
#(0 138019 290 108.312 43.0460164835165 0.0)
#(0 138052 290 108.312 44.4224358974359 0.0)
#(0 138053 290 108.312 48.6596153846154 0.0)
#(0 138054 290 108.328 50.1878787878788 0.0)
#(0 138056 290 108.328 41.4943501759678 0.0)
#(0 138387 290 108.328 41.4943501759678 0.0)
#(0 138388 290 108.328 43.38458994709 0.0)
#(0 138389 290 108.328 44.4204503506829 0.0)
#(0 138709 290 108.328 43.1286764705882 0.0)
#(0 138710 290 108.328 42.8880208333333 0.0)
#(0 138713 290 108.328 44.4224358974359 0.0)
#(0 138714 290 108.328 41.5296052631579 0.0)
#(0 139032 290 108.328 45.8695741758242 0.0)
#(0 139033 290 108.328 43.0617588932806 0.0)
#(0 139035 290 108.328 41.1094919786096 0.0)
#(0 139036 290 108.328 46.7222222222222 0.0)
#(0 139309 290 108.328 42.0755555555556 0.0)
#(0 139318 290 108.328 45.3539473684211 0.0)
#(0 139595 290 108.328 40.8318452380952 0.0)
#(0 139596 290 108.328 43.0888095238095 0.0)
#(0 139597 290 108.328 43.8736631016043 0.0)
#(0 139598 290 108.328 47.9271577380952 0.0)
#(0 139599 290 108.328 46.274255952381 0.0)
#(0 139601 290 108.328 43.9678091397849 0.0)
#(0 139602 290 108.328 43.6862289915966 0.0)
#(0 139603 290 108.328 43.4369318181818 0.0)
#(0 139604 290 108.328 47.9145833333333 0.0)
#(0 139605 290 108.328 42.8484848484848 0.0)
#(0 139875 290 108.328 43.859375 0.0)
#(0 140389 290 108.328 43.3324109213578 0.0)
#(0 140396 290 108.328 43.7440861344538 0.0)
#(0 140397 290 108.328 44.5270074828649 0.0)
#(0 140398 290 108.328 41.5375 0.0)
#(0 140399 290 108.328 45.2649711343423 0.0)
#(0 140400 290 108.328 43.7032291666667 0.0)
#(0 140401 290 108.328 42.1346227785372 0.0)
#(0 140402 290 108.328 35.9166666666667 0.0)
#(0 140403 290 108.328 42.4310975609756 0.0)
#(0 366 291 108.328 43.7178728070175 0.0)
#(0 1128 291 108.328 42.6322491573762 0.0)
#(0 1129 291 108.328 43.8690476190476 0.0)
#(0 1137 291 108.328 43.3732638888889 0.0)
#(0 1138 291 108.328 43.4903002699055 0.0)
#(0 1456 291 108.328 40.4210434173669 0.0)
#(0 1460 291 108.328 43.4903002699055 0.0)
#(0 1755 291 108.328 45.4002976190476 0.0)
#(0 1761 291 108.328 38.1921470342523 0.0)
#(0 2031 291 108.343 44.6369047619048 0.0)
#(0 2319 291 108.343 41.9852941176471 0.0)
#(0 2320 291 108.343 43.2626420454545 0.0)
#(0 2322 291 108.343 43.4336899010812 0.0)
#(0 2325 291 108.343 46.0975378787879 0.0)
#(0 2608 291 108.343 50.1666666666667 0.0)
#(0 3137 291 108.343 41.4736111111111 0.0)
#(0 3142 291 108.343 50.1666666666667 0.0)
#(0 3143 291 108.343 41.9729965915311 0.0)
#(0 3144 291 108.343 42.3592294254658 0.0)
#(0 3145 291 108.343 43.4783045977011 0.0)
#(0 3146 291 108.343 45.4297348484848 0.0)
#(0 137644 291 108.343 41.4083760683761 0.0)
#(0 137657 291 108.343 44.5668463037389 0.0)
#(0 137659 291 108.343 42.824053030303 0.0)
#(0 137660 291 108.343 44.7144847796575 0.0)
#(0 137669 291 108.343 43.23125 0.0)
#(0 137670 291 108.343 43.0888095238095 0.0)
#(0 137671 291 108.343 43.6856845238095 0.0)
#(0 137672 291 108.343 46.25 0.0)
#(0 138065 291 108.343 44.5270074828649 0.0)
#(0 138068 291 108.343 39.8254206730769 0.0)
#(0 138070 291 108.343 43.7371961340758 0.0)
#(0 138073 291 108.343 44.8469237053796 0.0)
#(0 138076 291 108.343 43.6862289915966 0.0)
#(0 138396 291 108.343 42.9607142857143 0.0)
#(0 138398 291 108.343 35.9166666666667 0.0)
#(0 138400 291 108.343 40.5520833333333 0.0)
#(0 138401 291 108.343 31.0 0.0)
#(0 138719 291 108.343 45.8695741758242 0.0)
#(0 138720 291 108.343 46.25 0.0)
#(0 138725 291 108.343 43.7371961340758 0.0)
#(0 138726 291 108.343 43.7032291666667 0.0)
#(0 139030 291 108.343 43.9145222832723 0.0)
#(0 139037 291 108.343 46.7901388888889 0.0)
#(0 139039 291 108.343 44.4771099744246 0.0)
#(0 139041 291 108.343 43.3903867102397 0.0)
#(0 139042 291 108.343 44.0456945532915 0.0)
#(0 139045 291 108.343 44.4601255175983 0.0)
#(0 139046 291 108.343 43.8469967532468 0.0)
#(0 139322 291 108.343 42.6715097402597 0.0)
#(0 139323 291 108.359 41.28125 0.0)
#(0 139324 291 108.359 42.4202485380117 0.0)
#(0 139326 291 108.359 44.3254464285714 0.0)
#(0 139329 291 108.359 43.859375 0.0)
#(0 139330 291 108.359 45.0276785714286 0.0)
#(0 139606 291 108.359 44.373003296146 0.0)
#(0 139607 291 108.359 42.3067226890756 0.0)
#(0 139609 291 108.359 43.7481694132772 0.0)
#(0 139610 291 108.359 42.3389423076923 0.0)
#(0 139612 291 108.359 44.611562049062 0.0)
#(0 139613 291 108.359 43.319947002924 0.0)
#(0 139614 291 108.359 44.5668463037389 0.0)
#(0 139615 291 108.359 48.4263392857143 0.0)
#(0 139619 291 108.359 43.6856845238095 0.0)
#(0 140404 291 108.359 43.319947002924 0.0)
#(0 140405 291 108.359 43.5887820512821 0.0)
#(0 140406 291 108.359 43.7371961340758 0.0)
#(0 140407 291 108.359 43.9678091397849 0.0)
#(0 140408 291 108.359 46.7503981469389 0.0)
#(0 140409 291 108.359 45.2798402255639 0.0)
#(0 371 292 108.359 47.2272485080989 0.0)
#(0 372 292 108.359 43.1662508662509 0.0)
#(0 375 292 108.359 43.2626420454545 0.0)
#(0 376 292 108.359 46.0975378787879 0.0)
#(0 742 292 108.359 38.1921470342523 0.0)
#(0 1145 292 108.359 48.8 0.0)
#(0 1146 292 108.359 48.0021306818182 0.0)
#(0 1468 292 108.359 40.7668308702792 0.0)
#(0 1473 292 108.359 45.630069124424 0.0)
#(0 1474 292 108.359 45.4002976190476 0.0)
#(0 1476 292 108.359 42.8754370629371 0.0)
#(0 1766 292 108.359 39.8090367965368 0.0)
#(0 1770 292 108.359 45.1291208791209 0.0)
#(0 1771 292 108.359 43.5614298942966 0.0)
#(0 2039 292 108.359 43.6337560386473 0.0)
#(0 2045 292 108.359 46.6569940476191 0.0)
#(0 2328 292 108.359 43.2626420454545 0.0)
#(0 2330 292 108.359 43.4783045977011 0.0)
#(0 2335 292 108.359 43.0098026973027 0.0)
#(0 2337 292 108.359 45.0625 0.0)
#(0 3147 292 108.359 37.329071969697 0.0)
#(0 3151 292 108.359 40.4210434173669 0.0)
#(0 3153 292 108.359 43.2045321637427 0.0)
#(0 3154 292 108.359 43.6337560386473 0.0)
#(0 3155 292 108.359 45.630069124424 0.0)
#(0 3156 292 108.375 41.0034722222222 0.0)
#(0 137666 292 108.375 42.8484848484848 0.0)
#(0 137673 292 108.375 46.5567833667558 0.0)
#(0 137676 292 108.375 42.9534722222222 0.0)
#(0 137679 292 108.375 43.319947002924 0.0)
#(0 138067 292 108.375 42.5763586956522 0.0)
#(0 138078 292 108.375 42.1346227785372 0.0)
#(0 138079 292 108.375 40.8318452380952 0.0)
#(0 138085 292 108.375 46.3511513157895 0.0)
#(0 138087 292 108.375 58.5 0.0)
#(0 138407 292 108.375 44.1826923076923 0.0)
#(0 138731 292 108.375 48.3125 0.0)
#(0 138732 292 108.375 43.0888095238095 0.0)
#(0 138734 292 108.375 43.6395386904762 0.0)
#(0 138736 292 108.375 47.625 0.0)
#(0 139047 292 108.375 43.9145222832723 0.0)
#(0 139048 292 108.375 43.6862289915966 0.0)
#(0 139049 292 108.375 47.3871527777778 0.0)
#(0 139054 292 108.375 43.7440861344538 0.0)
#(0 139056 292 108.375 43.4532095508658 0.0)
#(0 139334 292 108.375 46.4544246031746 0.0)
#(0 139337 292 108.375 46.7222222222222 0.0)
#(0 139616 292 108.375 42.8484848484848 0.0)
#(0 139621 292 108.375 45.5561355311355 0.0)
#(0 139623 292 108.375 44.3254464285714 0.0)
#(0 139624 292 108.375 42.9400735294118 0.0)
#(0 139625 292 108.375 46.4389254385965 0.0)
#(0 139894 292 108.375 43.0 0.0)
#(0 139899 292 108.375 42.9400735294118 0.0)
#(0 140410 292 108.375 46.7503981469389 0.0)
#(0 140411 292 108.375 43.2313003663004 0.0)
#(0 140412 292 108.375 44.4224358974359 0.0)
#(0 140413 292 108.375 42.0755555555556 0.0)
#(0 140414 292 108.375 43.4955357142857 0.0)
#(0 140415 292 108.375 46.7901388888889 0.0)
#(0 140416 292 108.375 42.9534722222222 0.0)
#(0 140417 292 108.375 42.8484848484848 0.0)
#(0 140418 292 108.375 43.6862289915966 0.0)
#(0 140419 292 108.375 42.34375 0.0)
#(0 140421 292 108.375 46.5567833667558 0.0)
#(0 140422 292 108.375 45.5166666666667 0.0)
#(0 140423 292 108.375 43.2839798850575 0.0)
#(0 140424 292 108.375 43.8977678571429 0.0)
#(0 140425 292 108.375 53.1220238095238 0.0)
#(0 384 293 108.39 44.3504318394024 0.0)
#(0 747 293 108.39 41.5455447635135 0.0)
#(0 749 293 108.39 44.3504318394024 0.0)
#(0 750 293 108.39 41.7708333333333 0.0)
#(0 751 293 108.39 41.9852941176471 0.0)
#(0 759 293 108.39 43.1662508662509 0.0)
#(0 1154 293 108.39 43.4903002699055 0.0)
#(0 1155 293 108.39 48.0021306818182 0.0)
#(0 1156 293 108.39 46.6569940476191 0.0)
#(0 1483 293 108.39 45.1291208791209 0.0)
#(0 1756 293 108.39 45.4002976190476 0.0)
#(0 1773 293 108.39 43.6337560386473 0.0)
#(0 1774 293 108.39 43.4336899010812 0.0)
#(0 2051 293 108.39 44.5796245421245 0.0)
#(0 2338 293 108.39 43.0098026973027 0.0)
#(0 2345 293 108.39 45.4297348484848 0.0)
#(0 2346 293 108.39 43.5873511904762 0.0)
#(0 3158 293 108.39 47.2535714285714 0.0)
#(0 3159 293 108.39 44.5796245421245 0.0)
#(0 3161 293 108.39 40.7668308702792 0.0)
#(0 3162 293 108.39 43.1312969924812 0.0)
#(0 3163 293 108.39 43.0098026973027 0.0)
#(0 137680 293 108.39 43.233682983683 0.0)
#(0 137681 293 108.39 44.0456945532915 0.0)
#(0 137682 293 108.39 48.6596153846154 0.0)
#(0 137683 293 108.39 43.859375 0.0)
#(0 137686 293 108.39 49.8564699792961 0.0)
#(0 137687 293 108.39 43.4369318181818 0.0)
#(0 137688 293 108.39 48.6596153846154 0.0)
#(0 137695 293 108.39 44.373003296146 0.0)
#(0 138072 293 108.39 45.8695741758242 0.0)
#(0 138093 293 108.39 43.8977678571429 0.0)
#(0 138094 293 108.39 47.3988095238095 0.0)
#(0 138099 293 108.39 45.5166666666667 0.0)
#(0 138100 293 108.39 44.3598214285714 0.0)
#(0 138416 293 108.39 49.8564699792961 0.0)
#(0 138417 293 108.39 43.2918981481482 0.0)
#(0 138419 293 108.39 46.2829861111111 0.0)
#(0 138420 293 108.39 43.7371961340758 0.0)
#(0 138421 293 108.39 44.5668463037389 0.0)
#(0 138425 293 108.39 42.8151041666667 0.0)
#(0 138426 293 108.39 43.0617588932806 0.0)
#(0 138740 293 108.39 42.5182291666667 0.0)
#(0 138741 293 108.406 42.5763586956522 0.0)
#(0 138744 293 108.406 44.4771099744246 0.0)
#(0 139053 293 108.406 43.6862289915966 0.0)
#(0 139057 293 108.406 45.5561355311355 0.0)
#(0 139059 293 108.406 44.373003296146 0.0)
#(0 139060 293 108.406 41.7967562623135 0.0)
#(0 139061 293 108.406 42.9534722222222 0.0)
#(0 139062 293 108.406 43.9640151515152 0.0)
#(0 139065 293 108.406 43.6395386904762 0.0)
#(0 139345 293 108.406 43.3903867102397 0.0)
#(0 139627 293 108.406 47.3988095238095 0.0)
#(0 139628 293 108.406 43.5887820512821 0.0)
#(0 139629 293 108.406 42.5182291666667 0.0)
#(0 139630 293 108.406 42.4202485380117 0.0)
#(0 139631 293 108.406 43.9145222832723 0.0)
#(0 139632 293 108.406 41.1094919786096 0.0)
#(0 139633 293 108.406 42.1346227785372 0.0)
#(0 139634 293 108.406 43.2839798850575 0.0)
#(0 139636 293 108.406 44.1826923076923 0.0)
#(0 139637 293 108.406 43.0460164835165 0.0)
#(0 139638 293 108.406 42.9607142857143 0.0)
#(0 139639 293 108.406 45.3539473684211 0.0)
#(0 140420 293 108.406 43.9678091397849 0.0)
#(0 140427 293 108.406 44.3254464285714 0.0)
#(0 140428 293 108.406 57.4222222222222 0.0)
#(0 140429 293 108.406 46.9693813131313 0.0)
#(0 140431 293 108.406 42.4310975609756 0.0)
#(0 140432 293 108.406 44.611562049062 0.0)
#(0 393 294 108.406 43.8125 0.0)
#(0 761 294 108.406 43.4903002699055 0.0)
#(0 762 294 108.422 41.9852941176471 0.0)
#(0 765 294 108.422 43.7178728070175 0.0)
#(0 1168 294 108.422 43.7380952380952 0.0)
#(0 1492 294 108.422 43.2269230769231 0.0)
#(0 1775 294 108.422 42.3592294254658 0.0)
#(0 1779 294 108.422 43.1312969924812 0.0)
#(0 1780 294 108.422 45.1291208791209 0.0)
#(0 1782 294 108.422 42.8754370629371 0.0)
#(0 1783 294 108.422 44.0222222222222 0.0)
#(0 2352 294 108.422 41.8514441287879 0.0)
#(0 2353 294 108.422 42.3592294254658 0.0)
#(0 2359 294 108.422 39.8090367965368 0.0)
#(0 2362 294 108.422 40.4349747474747 0.0)
#(0 2363 294 108.422 44.6369047619048 0.0)
#(0 3165 294 108.422 43.4903002699055 0.0)
#(0 3167 294 108.422 44.1908764367816 0.0)
#(0 3169 294 108.422 39.8090367965368 0.0)
#(0 137697 294 108.422 46.5567833667558 0.0)
#(0 137699 294 108.422 43.6395386904762 0.0)
#(0 137700 294 108.422 44.611562049062 0.0)
#(0 137704 294 108.422 43.7440861344538 0.0)
#(0 137706 294 108.422 44.4204503506829 0.0)
#(0 137714 294 108.422 44.4224358974359 0.0)
#(0 138101 294 108.422 46.7901388888889 0.0)
#(0 138102 294 108.422 43.5887820512821 0.0)
#(0 138103 294 108.422 42.5763586956522 0.0)
#(0 138104 294 108.422 43.3324109213578 0.0)
#(0 138429 294 108.422 40.5520833333333 0.0)
#(0 138430 294 108.422 42.3389423076923 0.0)
#(0 138431 294 108.422 41.1094919786096 0.0)
#(0 138432 294 108.422 41.7897058823529 0.0)
#(0 138434 294 108.422 48.6596153846154 0.0)
#(0 138435 294 108.422 42.9489495798319 0.0)
#(0 138750 294 108.422 45.9881944444444 0.0)
#(0 138752 294 108.422 41.7967562623135 0.0)
#(0 139067 294 108.422 43.7371961340758 0.0)
#(0 139068 294 108.422 41.3722222222222 0.0)
#(0 139070 294 108.422 42.1346227785372 0.0)
#(0 139072 294 108.422 47.1703703703704 0.0)
#(0 139074 294 108.422 47.9145833333333 0.0)
#(0 139075 294 108.422 44.0456945532915 0.0)
#(0 139353 294 108.437 41.7897058823529 0.0)
#(0 139354 294 108.437 44.3254464285714 0.0)
#(0 139355 294 108.437 44.611562049062 0.0)
#(0 139640 294 108.437 43.0617588932806 0.0)
#(0 139641 294 108.437 41.4083760683761 0.0)
#(0 139645 294 108.437 43.9361801242236 0.0)
#(0 140426 294 108.437 43.9678091397849 0.0)
#(0 140430 294 108.437 46.7503981469389 0.0)
#(0 140433 294 108.437 48.6596153846154 0.0)
#(0 140434 294 108.437 43.9640151515152 0.0)
#(0 140435 294 108.437 44.3254464285714 0.0)
#(0 140436 294 108.437 39.454594017094 0.0)
#(0 140437 294 108.437 45.8695741758242 0.0)
#(0 140438 294 108.437 39.8254206730769 0.0)
#(0 140439 294 108.437 43.233682983683 0.0)
#(0 140440 294 108.437 43.1661706349206 0.0)
#(0 402 295 108.437 41.8514441287879 0.0)
#(0 406 295 108.437 38.1921470342523 0.0)
#(0 776 295 108.437 45.4297348484848 0.0)
#(0 779 295 108.437 38.1921470342523 0.0)
#(0 784 295 108.437 48.0021306818182 0.0)
#(0 785 295 108.437 47.2615942028986 0.0)
#(0 1175 295 108.437 43.8850223850224 0.0)
#(0 1178 295 108.437 42.5395833333333 0.0)
#(0 1504 295 108.437 43.4903002699055 0.0)
#(0 1781 295 108.437 43.1312969924812 0.0)
#(0 1789 295 108.437 42.3592294254658 0.0)
#(0 1793 295 108.437 42.8754370629371 0.0)
#(0 1794 295 108.437 43.2626420454545 0.0)
#(0 1795 295 108.437 40.8414750957854 0.0)
#(0 1801 295 108.437 41.4736111111111 0.0)
#(0 2076 295 108.437 39.8090367965368 0.0)
#(0 2367 295 108.437 42.3592294254658 0.0)
#(0 2369 295 108.437 41.0173645320197 0.0)
#(0 2371 295 108.437 44.4157072368421 0.0)
#(0 2372 295 108.437 47.2615942028986 0.0)
#(0 2373 295 108.437 43.4903002699055 0.0)
#(0 3164 295 108.437 43.0098026973027 0.0)
#(0 3170 295 108.437 43.4903002699055 0.0)
#(0 3171 295 108.437 40.675 0.0)
#(0 3175 295 108.437 43.5614298942966 0.0)
#(0 3176 295 108.437 47.2272485080989 0.0)
#(0 3179 295 108.437 42.4054487179487 0.0)
#(0 3180 295 108.453 41.9852941176471 0.0)
#(0 137707 295 108.453 41.4083760683761 0.0)
#(0 137715 295 108.453 43.5887820512821 0.0)
#(0 137718 295 108.453 42.3389423076923 0.0)
#(0 137720 295 108.453 43.7481694132772 0.0)
#(0 137721 295 108.453 45.2798402255639 0.0)
#(0 137723 295 108.453 42.9534722222222 0.0)
#(0 137725 295 108.453 46.0609898325359 0.0)
#(0 137729 295 108.453 43.2839798850575 0.0)
#(0 137730 295 108.453 45.5166666666667 0.0)
#(0 138109 295 108.453 41.6247628083491 0.0)
#(0 138436 295 108.453 43.859375 0.0)
#(0 138437 295 108.453 45.2798402255639 0.0)
#(0 138438 295 108.453 42.4310975609756 0.0)
#(0 138439 295 108.453 47.3871527777778 0.0)
#(0 138441 295 108.453 43.319947002924 0.0)
#(0 138442 295 108.453 46.5567833667558 0.0)
#(0 138443 295 108.453 43.2918981481482 0.0)
#(0 138445 295 108.453 44.5270074828649 0.0)
#(0 138446 295 108.453 43.7371961340758 0.0)
#(0 138448 295 108.453 43.4369318181818 0.0)
#(0 138761 295 108.453 40.5520833333333 0.0)
#(0 138762 295 108.453 37.5833333333333 0.0)
#(0 138768 295 108.453 43.4532095508658 0.0)
#(0 139078 295 108.453 47.7916666666667 0.0)
#(0 139080 295 108.453 44.7144847796575 0.0)
#(0 139081 295 108.453 45.9082471804511 0.0)
#(0 139085 295 108.453 42.5013910455487 0.0)
#(0 139642 295 108.453 42.9607142857143 0.0)
#(0 139644 295 108.453 43.0617588932806 0.0)
#(0 139647 295 108.453 42.7425120772947 0.0)
#(0 139648 295 108.453 44.1388888888889 0.0)
#(0 139649 295 108.453 42.3067226890756 0.0)
#(0 139650 295 108.453 46.274255952381 0.0)
#(0 139651 295 108.453 45.2798402255639 0.0)
#(0 139652 295 108.453 43.0888095238095 0.0)
#(0 139653 295 108.453 47.0416666666667 0.0)
#(0 139655 295 108.453 43.3324109213578 0.0)
#(0 140441 295 108.453 42.8880208333333 0.0)
#(0 140442 295 108.453 42.4202485380117 0.0)
#(0 140443 295 108.453 43.1661706349206 0.0)
#(0 140444 295 108.453 47.7916666666667 0.0)
#(0 140445 295 108.453 42.3067226890756 0.0)
#(0 140446 295 108.453 40.8318452380952 0.0)
#(0 416 296 108.453 40.4210434173669 0.0)
#(0 422 296 108.453 38.8770833333333 0.0)
#(0 787 296 108.468 41.0034722222222 0.0)
#(0 800 296 108.468 43.6337560386473 0.0)
#(0 803 296 108.468 47.2535714285714 0.0)
#(0 1184 296 108.468 41.9729965915311 0.0)
#(0 1185 296 108.468 46.6569940476191 0.0)
#(0 1186 296 108.468 45.4002976190476 0.0)
#(0 1187 296 108.468 43.4903002699055 0.0)
#(0 1188 296 108.468 42.3592294254658 0.0)
#(0 1506 296 108.468 41.4736111111111 0.0)
#(0 1511 296 108.468 45.1291208791209 0.0)
#(0 1512 296 108.468 47.2272485080989 0.0)
#(0 1803 296 108.468 43.1662508662509 0.0)
#(0 1804 296 108.468 42.4327445652174 0.0)
#(0 2081 296 108.468 44.6369047619048 0.0)
#(0 2083 296 108.468 44.4157072368421 0.0)
#(0 2368 296 108.468 43.0098026973027 0.0)
#(0 2377 296 108.468 43.8850223850224 0.0)
#(0 2378 296 108.468 38.1921470342523 0.0)
#(0 2380 296 108.468 43.2269230769231 0.0)
#(0 2382 296 108.468 47.2058823529412 0.0)
#(0 2387 296 108.468 41.8514441287879 0.0)
#(0 2389 296 108.468 43.7178728070175 0.0)
#(0 2390 296 108.468 41.5455447635135 0.0)
#(0 3181 296 108.468 41.9729965915311 0.0)
#(0 3184 296 108.468 43.2269230769231 0.0)
#(0 3186 296 108.468 41.6142113095238 0.0)
#(0 137703 296 108.468 43.1661706349206 0.0)
#(0 137712 296 108.468 41.4083760683761 0.0)
#(0 137732 296 108.468 43.7440861344538 0.0)
#(0 137734 296 108.468 42.4202485380117 0.0)
#(0 137735 296 108.468 43.7371961340758 0.0)
#(0 137738 296 108.468 46.4389254385965 0.0)
#(0 137740 296 108.468 43.4955357142857 0.0)
#(0 137742 296 108.468 46.274255952381 0.0)
#(0 137743 296 108.468 46.3511513157895 0.0)
#(0 137744 296 108.468 41.5616200828157 0.0)
#(0 138118 296 108.468 41.3722222222222 0.0)
#(0 138119 296 108.468 31.0 0.0)
#(0 138123 296 108.468 43.2313003663004 0.0)
#(0 138451 296 108.468 49.8564699792961 0.0)
#(0 138454 296 108.468 43.2839798850575 0.0)
#(0 138457 296 108.468 45.5561355311355 0.0)
#(0 138459 296 108.468 42.9607142857143 0.0)
#(0 138463 296 108.484 41.4943501759678 0.0)
#(0 138464 296 108.484 43.8469967532468 0.0)
#(0 138465 296 108.484 42.9616325295999 0.0)
#(0 138760 296 108.484 43.3324109213578 0.0)
#(0 138773 296 108.484 48.6596153846154 0.0)
#(0 139087 296 108.484 43.6862289915966 0.0)
#(0 139091 296 108.484 43.6395386904762 0.0)
#(0 139092 296 108.484 42.9616325295999 0.0)
#(0 139365 296 108.484 43.3324109213578 0.0)
#(0 139656 296 108.484 53.1220238095238 0.0)
#(0 139657 296 108.484 40.5520833333333 0.0)
#(0 139658 296 108.484 44.7144847796575 0.0)
#(0 139659 296 108.484 40.8371212121212 0.0)
#(0 139660 296 108.484 47.9271577380952 0.0)
#(0 139661 296 108.484 42.7081925675676 0.0)
#(0 139662 296 108.484 44.1388888888889 0.0)
#(0 139663 296 108.484 42.1218049719888 0.0)
#(0 139929 296 108.484 41.0219336219336 0.0)
#(0 140447 296 108.484 45.8695741758242 0.0)
#(0 140448 296 108.484 42.3389423076923 0.0)
#(0 427 297 108.484 43.7178728070175 0.0)
#(0 429 297 108.484 46.0975378787879 0.0)
#(0 807 297 108.484 48.1041666666667 0.0)
#(0 811 297 108.484 45.630069124424 0.0)
#(0 813 297 108.484 44.7006530873219 0.0)
#(0 815 297 108.484 42.6322491573762 0.0)
#(0 817 297 108.484 43.0098026973027 0.0)
#(0 1197 297 108.484 42.4054487179487 0.0)
#(0 1513 297 108.484 41.5455447635135 0.0)
#(0 1517 297 108.484 38.1921470342523 0.0)
#(0 1799 297 108.484 43.1312969924812 0.0)
#(0 1813 297 108.484 44.1908764367816 0.0)
#(0 1820 297 108.484 41.9729965915311 0.0)
#(0 2392 297 108.484 43.2045321637427 0.0)
#(0 2393 297 108.484 42.6322491573762 0.0)
#(0 3187 297 108.484 45.630069124424 0.0)
#(0 3191 297 108.484 43.7178728070175 0.0)
#(0 3193 297 108.484 43.5873511904762 0.0)
#(0 3194 297 108.484 43.1662508662509 0.0)
#(0 3195 297 108.484 41.2343304843305 0.0)
#(0 137726 297 108.484 46.9693813131313 0.0)
#(0 137745 297 108.484 41.6247628083491 0.0)
#(0 137746 297 108.5 42.2654150197628 0.0)
#(0 137747 297 108.5 43.3903867102397 0.0)
#(0 137748 297 108.5 42.7081925675676 0.0)
#(0 137749 297 108.5 49.53125 0.0)
#(0 137752 297 108.5 46.2829861111111 0.0)
#(0 137753 297 108.5 46.7901388888889 0.0)
#(0 137754 297 108.5 43.0617588932806 0.0)
#(0 137756 297 108.5 48.7142857142857 0.0)
#(0 137758 297 108.5 43.859375 0.0)
#(0 137760 297 108.5 38.6289054083172 0.0)
#(0 137761 297 108.5 41.1094919786096 0.0)
#(0 138126 297 108.5 42.8151041666667 0.0)
#(0 138128 297 108.5 43.0617588932806 0.0)
#(0 138130 297 108.5 46.3479166666667 0.0)
#(0 138134 297 108.5 43.8469967532468 0.0)
#(0 138135 297 108.5 48.6596153846154 0.0)
#(0 138449 297 108.5 46.5567833667558 0.0)
#(0 138471 297 108.5 -1 0.0)
#(0 138774 297 108.5 43.6395386904762 0.0)
#(0 138776 297 108.5 42.9489495798319 0.0)
#(0 138778 297 108.5 41.4943501759678 0.0)
#(0 138779 297 108.5 45.5166666666667 0.0)
#(0 138781 297 108.5 43.2918981481482 0.0)
#(0 139096 297 108.5 43.6862289915966 0.0)
#(0 139097 297 108.5 43.38458994709 0.0)
#(0 139099 297 108.5 43.2918981481482 0.0)
#(0 139100 297 108.5 44.4204503506829 0.0)
#(0 139102 297 108.5 43.7371961340758 0.0)
#(0 139105 297 108.5 43.1911330049261 0.0)
#(0 139106 297 108.5 42.9489495798319 0.0)
#(0 139107 297 108.5 43.1286764705882 0.0)
#(0 139111 297 108.5 46.4389254385965 0.0)
#(0 139376 297 108.5 51.9365079365079 0.0)
#(0 139380 297 108.5 46.7222222222222 0.0)
#(0 139665 297 108.5 43.2313003663004 0.0)
#(0 139666 297 108.5 42.5763586956522 0.0)
#(0 139667 297 108.515 43.5887820512821 0.0)
#(0 139668 297 108.515 44.4224358974359 0.0)
#(0 139937 297 108.515 45.2649711343423 0.0)
#(0 140449 297 108.515 42.3067226890756 0.0)
#(0 140450 297 108.515 40.5520833333333 0.0)
#(0 140451 297 108.515 45.5166666666667 0.0)
#(0 140452 297 108.515 42.34375 0.0)
#(0 140453 297 108.515 43.2313003663004 0.0)
#(0 140454 297 108.515 43.6856845238095 0.0)
#(0 140456 297 108.515 45.4861111111111 0.0)
#(0 140457 297 108.515 43.38458994709 0.0)
#(0 140458 297 108.515 44.4868259803922 0.0)
#(0 140459 297 108.515 43.7481694132772 0.0)
#(0 140460 297 108.515 48.4263392857143 0.0)
#(0 140461 297 108.515 65.5 0.0)
#(0 140462 297 108.515 42.5182291666667 0.0)
#(0 140463 297 108.515 44.1826923076923 0.0)
#(0 432 298 108.515 48.6964285714286 0.0)
#(0 434 298 108.515 43.1662508662509 0.0)
#(0 438 298 108.515 43.2269230769231 0.0)
#(0 440 298 108.515 43.4336899010812 0.0)
#(0 441 298 108.515 43.8850223850224 0.0)
#(0 442 298 108.515 43.2626420454545 0.0)
#(0 821 298 108.515 40.4210434173669 0.0)
#(0 827 298 108.515 41.0173645320197 0.0)
#(0 829 298 108.515 42.4054487179487 0.0)
#(0 1213 298 108.515 47.2535714285714 0.0)
#(0 1219 298 108.515 41.8514441287879 0.0)
#(0 1526 298 108.515 41.4803571428571 0.0)
#(0 1823 298 108.515 38.1921470342523 0.0)
#(0 1825 298 108.515 42.7728668390433 0.0)
#(0 1828 298 108.515 43.5873511904762 0.0)
#(0 2395 298 108.515 41.5455447635135 0.0)
#(0 2680 298 108.515 41.7708333333333 0.0)
#(0 3197 298 108.515 44.7006530873219 0.0)
#(0 3200 298 108.515 45.4002976190476 0.0)
#(0 3203 298 108.515 40.7668308702792 0.0)
#(0 3204 298 108.515 41.9852941176471 0.0)
#(0 137722 298 108.515 41.4083760683761 0.0)
#(0 137764 298 108.515 41.6247628083491 0.0)
#(0 137765 298 108.515 42.5763586956522 0.0)
#(0 137766 298 108.515 42.9489495798319 0.0)
#(0 137767 298 108.515 44.5668463037389 0.0)
#(0 137769 298 108.515 45.5166666666667 0.0)
#(0 137770 298 108.515 46.4389254385965 0.0)
#(0 137773 298 108.515 43.0888095238095 0.0)
#(0 137776 298 108.531 43.8469967532468 0.0)
#(0 138139 298 108.531 44.4601255175983 0.0)
#(0 138144 298 108.531 43.9640151515152 0.0)
#(0 138452 298 108.531 46.5567833667558 0.0)
#(0 138474 298 108.531 47.3871527777778 0.0)
#(0 138476 298 108.531 41.1094919786096 0.0)
#(0 138477 298 108.531 41.0219336219336 0.0)
#(0 138478 298 108.531 42.7081925675676 0.0)
#(0 138480 298 108.531 42.6715097402597 0.0)
#(0 138481 298 108.531 42.9616325295999 0.0)
#(0 138487 298 108.531 44.4601255175983 0.0)
#(0 138488 298 108.531 41.3722222222222 0.0)
#(0 138489 298 108.531 43.3324109213578 0.0)
#(0 138787 298 108.531 39.9948717948718 0.0)
#(0 138788 298 108.531 44.3254464285714 0.0)
#(0 138790 298 108.531 41.4943501759678 0.0)
#(0 138791 298 108.531 43.3903867102397 0.0)
#(0 139112 298 108.531 42.2654150197628 0.0)
#(0 139113 298 108.531 44.4224358974359 0.0)
#(0 139118 298 108.531 44.4868259803922 0.0)
#(0 139119 298 108.531 45.4861111111111 0.0)
#(0 139120 298 108.531 47.3871527777778 0.0)
#(0 139387 298 108.531 41.4943501759678 0.0)
#(0 139393 298 108.531 43.7440861344538 0.0)
#(0 139395 298 108.531 47.625 0.0)
#(0 139401 298 108.531 46.5567833667558 0.0)
#(0 139669 298 108.531 46.4544246031746 0.0)
#(0 139670 298 108.531 42.1346227785372 0.0)
#(0 139671 298 108.531 45.5166666666667 0.0)
#(0 139674 298 108.531 43.7371961340758 0.0)
#(0 139943 298 108.531 40.5520833333333 0.0)
#(0 139946 298 108.531 42.5182291666667 0.0)
#(0 140455 298 108.531 42.34375 0.0)
#(0 140464 298 108.531 41.1094919786096 0.0)
#(0 140465 298 108.531 44.4771099744246 0.0)
#(0 140466 298 108.531 49.53125 0.0)
#(0 140467 298 108.547 46.4544246031746 0.0)
#(0 140468 298 108.547 41.6247628083491 0.0)
#(0 450 299 108.547 41.4736111111111 0.0)
#(0 454 299 108.547 40.7668308702792 0.0)
#(0 456 299 108.547 45.630069124424 0.0)
#(0 459 299 108.547 45.9694444444444 0.0)
#(0 833 299 108.547 43.5614298942966 0.0)
#(0 837 299 108.547 43.4336899010812 0.0)
#(0 1220 299 108.547 38.1921470342523 0.0)
#(0 1223 299 108.547 41.9729965915311 0.0)
#(0 1233 299 108.547 43.4903002699055 0.0)
#(0 1234 299 108.547 41.6142113095238 0.0)
#(0 1530 299 108.547 51.0 0.0)
#(0 1531 299 108.547 41.9852941176471 0.0)
#(0 1532 299 108.547 43.4903002699055 0.0)
#(0 1533 299 108.547 43.4783045977011 0.0)
#(0 1829 299 108.547 38.1921470342523 0.0)
#(0 1836 299 108.547 43.0098026973027 0.0)
#(0 1837 299 108.547 40.4210434173669 0.0)
#(0 2115 299 108.547 44.0222222222222 0.0)
#(0 2403 299 108.547 41.6142113095238 0.0)
#(0 2406 299 108.547 42.4054487179487 0.0)
#(0 2407 299 108.547 43.2045321637427 0.0)
#(0 2409 299 108.547 44.6688596491228 0.0)
#(0 2410 299 108.547 43.2269230769231 0.0)
#(0 3206 299 108.547 42.6322491573762 0.0)
#(0 3209 299 108.547 38.1921470342523 0.0)
#(0 3211 299 108.547 48.1041666666667 0.0)
#(0 137731 299 108.547 42.4202485380117 0.0)
#(0 137780 299 108.547 42.8880208333333 0.0)
#(0 137783 299 108.547 43.319947002924 0.0)
#(0 137784 299 108.547 43.0460164835165 0.0)
#(0 137785 299 108.547 43.7371961340758 0.0)
#(0 137788 299 108.547 43.4369318181818 0.0)
#(0 137789 299 108.547 42.9489495798319 0.0)
#(0 137791 299 108.547 43.9640151515152 0.0)
#(0 138155 299 108.547 44.4771099744246 0.0)
#(0 138158 299 108.547 46.9693813131313 0.0)
#(0 138159 299 108.547 39.9948717948718 0.0)
#(0 138161 299 108.547 42.1346227785372 0.0)
#(0 138484 299 108.547 46.3511513157895 0.0)
#(0 138486 299 108.547 41.7897058823529 0.0)
#(0 138491 299 108.547 40.8371212121212 0.0)
#(0 138493 299 108.547 43.7371961340758 0.0)
#(0 138499 299 108.547 47.8541666666667 0.0)
#(0 138500 299 108.562 45.9881944444444 0.0)
#(0 138502 299 108.562 45.5166666666667 0.0)
#(0 138504 299 108.562 42.1346227785372 0.0)
#(0 138792 299 108.562 46.0609898325359 0.0)
#(0 138794 299 108.562 44.9372710622711 0.0)
#(0 138803 299 108.562 42.9489495798319 0.0)
#(0 139110 299 108.562 42.9489495798319 0.0)
#(0 139124 299 108.562 46.4389254385965 0.0)
#(0 139126 299 108.562 43.9361801242236 0.0)
#(0 139127 299 108.562 43.8469967532468 0.0)
#(0 139128 299 108.562 42.2654150197628 0.0)
#(0 139129 299 108.562 43.7032291666667 0.0)
#(0 139131 299 108.562 42.4310975609756 0.0)
#(0 139132 299 108.562 43.4532095508658 0.0)
#(0 139133 299 108.562 40.8371212121212 0.0)
#(0 139403 299 108.562 44.1826923076923 0.0)
#(0 139675 299 108.562 43.8736631016043 0.0)
#(0 139677 299 108.562 44.6979166666667 0.0)
#(0 139678 299 108.562 44.6050480769231 0.0)
#(0 139679 299 108.562 41.4083760683761 0.0)
#(0 139680 299 108.562 48.9730158730159 0.0)
#(0 139682 299 108.562 42.9534722222222 0.0)
#(0 140469 299 108.562 44.1826923076923 0.0)
#(0 140470 299 108.562 43.1911330049261 0.0)
#(0 140471 299 108.562 43.7481694132772 0.0)
#(0 140472 299 108.562 -1 0.0)
#(0 140473 299 108.562 42.5763586956522 0.0)
#(0 140474 299 108.562 45.2798402255639 0.0)
#(0 140475 299 108.562 49.8564699792961 0.0)
#(0 140476 299 108.562 42.9616325295999 0.0)
#(0 140477 299 108.562 42.5013910455487 0.0)
#(0 140478 299 108.562 41.7967562623135 0.0)
#(0 101 300 108.578 46.7306060606061 0.0)
#(0 449 300 108.578 43.0292857142857 0.0)
#(0 462 300 108.578 55.28125 0.0)
#(0 845 300 108.578 45.3566756272401 0.0)
#(0 1210 300 108.578 42.6153267367553 0.0)
#(0 1232 300 108.578 44.5421454451346 0.0)
#(0 1236 300 108.578 45.9084704715219 0.0)
#(0 1238 300 108.578 45.8729936729937 0.0)
#(0 1243 300 108.578 42.2311204481793 0.0)
#(0 1541 300 108.578 42.7041310541311 0.0)
#(0 1542 300 108.578 46.7306060606061 0.0)
#(0 1547 300 108.578 44.821012145749 0.0)
#(0 1839 300 108.578 40.5829859200848 0.0)
#(0 1844 300 108.578 46.8387566137566 0.0)
#(0 1847 300 108.578 45.3372745015101 0.0)
#(0 2119 300 108.578 44.0197016210509 0.0)
#(0 2129 300 108.578 45.0851436781609 0.0)
#(0 2132 300 108.578 45.73 0.0)
#(0 2411 300 108.578 44.2786528669137 0.0)
#(0 2412 300 108.578 42.2311204481793 0.0)
#(0 2417 300 108.578 42.7041310541311 0.0)
#(0 2418 300 108.578 44.597123843898 0.0)
#(0 2691 300 108.578 44.6007411067194 0.0)
#(0 2698 300 108.578 42.2311204481793 0.0)
#(0 3213 300 108.578 45.0556763285024 0.0)
#(0 3214 300 108.578 45.8813466925232 0.0)
#(0 3215 300 108.578 43.491369047619 0.0)
#(0 3216 300 108.578 44.9336589336589 0.0)
#(0 137304 300 108.578 42.5669871794872 0.0)
#(0 137371 300 108.578 44.8642625313283 0.0)
#(0 137372 300 108.578 46.454493006993 0.0)
#(0 137375 300 108.578 46.0729214874356 0.0)
#(0 137380 300 108.578 47.2317903297683 0.0)
#(0 137381 300 108.578 46.0729214874356 0.0)
#(0 137794 300 108.578 41.4431243266537 0.0)
#(0 137796 300 108.578 45.1625676406926 0.0)
#(0 137797 300 108.578 48.1614583333333 0.0)
#(0 137798 300 108.578 45.0782083333333 0.0)
#(0 137799 300 108.578 44.911045943304 0.0)
#(0 137801 300 108.593 45.2936538461538 0.0)
#(0 138156 300 108.593 46.0376089324619 0.0)
#(0 138162 300 108.593 45.0235256410256 0.0)
#(0 138167 300 108.593 47.8968546365915 0.0)
#(0 138169 300 108.593 44.2977372919478 0.0)
#(0 138507 300 108.593 43.9957142857143 0.0)
#(0 138508 300 108.593 48.7428571428571 0.0)
#(0 138510 300 108.593 45.0235256410256 0.0)
#(0 138511 300 108.593 40.6375 0.0)
#(0 138512 300 108.593 47.7 0.0)
#(0 138515 300 108.593 45.0058270330076 0.0)
#(0 138518 300 108.593 43.7948780487805 0.0)
#(0 138814 300 108.593 44.6682422749664 0.0)
#(0 138816 300 108.593 45.3095454545455 0.0)
#(0 139135 300 108.593 44.5258228817052 0.0)
#(0 139136 300 108.593 44.7497569072607 0.0)
#(0 139139 300 108.593 44.6970398481973 0.0)
#(0 139141 300 108.593 49.5577777777778 0.0)
#(0 139420 300 108.593 46.8415977443609 0.0)
#(0 139421 300 108.593 44.7484012066365 0.0)
#(0 139676 300 108.593 44.7497569072607 0.0)
#(0 139681 300 108.593 43.2639101570264 0.0)
#(0 139685 300 108.593 44.7520588235294 0.0)
#(0 139686 300 108.593 49.9033578016187 0.0)
#(0 139687 300 108.593 44.6682422749664 0.0)
#(0 139689 300 108.593 46.8415977443609 0.0)
#(0 139690 300 108.593 44.5573711484594 0.0)
#(0 139691 300 108.593 43.546801242236 0.0)
#(0 139692 300 108.593 47.7074084249084 0.0)
#(0 140479 300 108.593 44.4799443215522 0.0)
#(0 140480 300 108.593 45.1543697478992 0.0)
#(0 140481 300 108.593 46.59997108155 0.0)
#(0 140482 300 108.593 46.0376089324619 0.0)
#(0 140483 300 108.593 43.7442602495544 0.0)
#(0 140484 300 108.593 47.7933333333333 0.0)
#(0 140485 300 108.593 49.1238095238095 0.0)
#(0 140486 300 108.593 44.2977372919478 0.0)
#(0 140489 300 108.593 42.5669871794872 0.0)
#(0 471 301 108.609 42.2311204481793 0.0)
#(0 476 301 108.609 44.9336589336589 0.0)
#(0 477 301 108.609 41.9445238095238 0.0)
#(0 480 301 108.609 45.0851436781609 0.0)
#(0 481 301 108.609 44.3078421578422 0.0)
#(0 485 301 108.609 47.0080552995392 0.0)
#(0 861 301 108.609 44.6941632928475 0.0)
#(0 1254 301 108.609 42.2311204481793 0.0)
#(0 1549 301 108.609 43.6662835249042 0.0)
#(0 1553 301 108.609 46.1854545454545 0.0)
#(0 1555 301 108.609 45.3167724698575 0.0)
#(0 1848 301 108.609 44.6941632928475 0.0)
#(0 1850 301 108.609 44.9336589336589 0.0)
#(0 1852 301 108.609 44.6007411067194 0.0)
#(0 1856 301 108.609 42.3467980295567 0.0)
#(0 2146 301 108.609 44.3078421578422 0.0)
#(0 2425 301 108.609 48.1422619047619 0.0)
#(0 2426 301 108.609 46.1854545454545 0.0)
#(0 3222 301 108.609 44.3323520923521 0.0)
#(0 3225 301 108.609 43.5645510835913 0.0)
#(0 3226 301 108.609 42.3467980295567 0.0)
#(0 3227 301 108.609 50.1298701298701 0.0)
#(0 137383 301 108.609 46.9022435897436 0.0)
#(0 137386 301 108.609 45.3910927374743 0.0)
#(0 137388 301 108.609 43.4917203086768 0.0)
#(0 137389 301 108.609 48.0696428571429 0.0)
#(0 137390 301 108.609 45.2093956043956 0.0)
#(0 137392 301 108.609 47.7194047619048 0.0)
#(0 137395 301 108.625 46.9185964912281 0.0)
#(0 137809 301 108.625 51.5333333333333 0.0)
#(0 137811 301 108.625 43.4917203086768 0.0)
#(0 137812 301 108.625 44.2614141414141 0.0)
#(0 137813 301 108.625 43.813428858723 0.0)
#(0 138171 301 108.625 44.8642625313283 0.0)
#(0 138173 301 108.625 44.5964285714286 0.0)
#(0 138174 301 108.625 45.7767496392496 0.0)
#(0 138176 301 108.625 45.2565955613014 0.0)
#(0 138177 301 108.625 44.7484012066365 0.0)
#(0 138178 301 108.625 48.8436363636364 0.0)
#(0 138182 301 108.625 46.9820582010582 0.0)
#(0 138506 301 108.625 47.6548412698413 0.0)
#(0 138516 301 108.625 45.0235256410256 0.0)
#(0 138521 301 108.625 44.957671957672 0.0)
#(0 138523 301 108.625 47.4197972716938 0.0)
#(0 138526 301 108.625 45.310268907563 0.0)
#(0 138527 301 108.625 48.0963888888889 0.0)
#(0 138822 301 108.625 46.9578827751196 0.0)
#(0 138824 301 108.625 45.2093956043956 0.0)
#(0 138826 301 108.625 44.9409064039409 0.0)
#(0 138828 301 108.625 44.8642625313283 0.0)
#(0 138832 301 108.625 46.0376089324619 0.0)
#(0 139142 301 108.625 43.5461458907887 0.0)
#(0 139146 301 108.625 47.4197972716938 0.0)
#(0 139147 301 108.625 43.3092342342342 0.0)
#(0 139430 301 108.625 43.8548320158103 0.0)
#(0 139432 301 108.625 47.7146042318368 0.0)
#(0 139684 301 108.625 44.7497569072607 0.0)
#(0 139693 301 108.625 42.1875 0.0)
#(0 139694 301 108.625 44.6339047619048 0.0)
#(0 139695 301 108.625 49.4715277777778 0.0)
#(0 139696 301 108.625 49.9984126984127 0.0)
#(0 139697 301 108.64 43.9972354682874 0.0)
#(0 139698 301 108.64 45.2936538461538 0.0)
#(0 139699 301 108.64 46.454493006993 0.0)
#(0 139700 301 108.64 43.8548320158103 0.0)
#(0 139969 301 108.64 40.0833333333333 0.0)
#(0 140490 301 108.64 44.997183908046 0.0)
#(0 140491 301 108.64 45.0058270330076 0.0)
#(0 140492 301 108.64 44.8577795031056 0.0)
#(0 140493 301 108.64 45.310268907563 0.0)
#(0 140495 301 108.64 44.6339047619048 0.0)
#(0 129 302 108.64 49.2411764705882 0.0)
#(0 493 302 108.64 46.8387566137566 0.0)
#(0 500 302 108.64 44.9757386363636 0.0)
#(0 869 302 108.64 44.6620434712346 0.0)
#(0 874 302 108.64 40.5829859200848 0.0)
#(0 881 302 108.64 46.3436769005848 0.0)
#(0 1247 302 108.64 44.5421454451346 0.0)
#(0 1261 302 108.64 44.6620434712346 0.0)
#(0 1268 302 108.64 44.9336589336589 0.0)
#(0 1558 302 108.64 44.4166666666667 0.0)
#(0 1560 302 108.64 45.9084704715219 0.0)
#(0 1855 302 108.64 44.9336589336589 0.0)
#(0 1859 302 108.64 44.5421454451346 0.0)
#(0 1860 302 108.64 47.9422222222222 0.0)
#(0 2148 302 108.64 44.3323520923521 0.0)
#(0 2430 302 108.64 45.2086257309942 0.0)
#(0 2431 302 108.64 45.9084704715219 0.0)
#(0 2433 302 108.64 55.36 0.0)
#(0 3230 302 108.64 45.8813466925232 0.0)
#(0 3232 302 108.64 44.2501654259719 0.0)
#(0 3234 302 108.64 49.5183712121212 0.0)
#(0 3235 302 108.64 47.0080552995392 0.0)
#(0 137391 302 108.64 44.7105182257356 0.0)
#(0 137398 302 108.64 49.9033578016187 0.0)
#(0 137402 302 108.64 45.3910927374743 0.0)
#(0 137405 302 108.64 55.5 0.0)
#(0 137408 302 108.64 49.0997222222222 0.0)
#(0 137409 302 108.64 44.9133578431373 0.0)
#(0 137808 302 108.656 44.4192328042328 0.0)
#(0 137816 302 108.656 48.8116666666667 0.0)
#(0 137819 302 108.656 47.1585125019908 0.0)
#(0 137821 302 108.656 44.4362696514012 0.0)
#(0 137824 302 108.656 46.1969264069264 0.0)
#(0 137825 302 108.656 45.2565955613014 0.0)
#(0 138190 302 108.656 44.6339047619048 0.0)
#(0 138530 302 108.656 46.8415977443609 0.0)
#(0 138537 302 108.656 46.454493006993 0.0)
#(0 138834 302 108.656 48.9906349206349 0.0)
#(0 138836 302 108.656 54.097619047619 0.0)
#(0 138840 302 108.656 43.9867574616053 0.0)
#(0 138841 302 108.656 45.91276106934 0.0)
#(0 138845 302 108.656 44.5573711484594 0.0)
#(0 138848 302 108.656 45.2565955613014 0.0)
#(0 139140 302 108.656 44.2977372919478 0.0)
#(0 139150 302 108.656 46.0309719737627 0.0)
#(0 139152 302 108.656 51.5333333333333 0.0)
#(0 139154 302 108.656 40.0833333333333 0.0)
#(0 139436 302 108.656 43.7948780487805 0.0)
#(0 139437 302 108.656 43.3092342342342 0.0)
#(0 139440 302 108.656 47.6548412698413 0.0)
#(0 139701 302 108.656 48.2275389643037 0.0)
#(0 139702 302 108.656 43.7616421568627 0.0)
#(0 139703 302 108.656 45.2565955613014 0.0)
#(0 139704 302 108.656 47.7194047619048 0.0)
#(0 139706 302 108.656 47.4071111111111 0.0)
#(0 139707 302 108.656 -1 0.0)
#(0 139708 302 108.656 48.9906349206349 0.0)
#(0 139709 302 108.656 47.7074084249084 0.0)
#(0 139711 302 108.656 48.0963888888889 0.0)
#(0 139712 302 108.656 43.213385620915 0.0)
#(0 140487 302 108.656 44.4799443215522 0.0)
#(0 140496 302 108.656 46.9820582010582 0.0)
#(0 140497 302 108.656 45.0235256410256 0.0)
#(0 140498 302 108.656 49.4715277777778 0.0)
#(0 140499 302 108.672 45.5488602805463 0.0)
#(0 140500 302 108.672 43.546801242236 0.0)
#(0 140502 302 108.672 45.9409472387989 0.0)
#(0 140503 302 108.672 36.2605911082382 0.0)
#(0 140504 302 108.672 49.0497670807453 0.0)
#(0 140505 302 108.672 49.2916666666667 0.0)
#(0 140506 302 108.672 45.9947767179992 0.0)
#(0 140509 302 108.672 45.2565955613014 0.0)
#(0 140510 302 108.672 45.5360714285714 0.0)
#(0 140511 302 108.672 45.0760293268438 0.0)
#(0 134 303 108.672 43.5645510835913 0.0)
#(0 141 303 108.672 45.6198524087998 0.0)
#(0 503 303 108.672 44.2786528669137 0.0)
#(0 504 303 108.672 45.3372745015101 0.0)
#(0 510 303 108.672 44.3078421578422 0.0)
#(0 883 303 108.672 44.6941632928475 0.0)
#(0 884 303 108.672 44.0197016210509 0.0)
#(0 890 303 108.672 44.0197016210509 0.0)
#(0 895 303 108.672 48.1422619047619 0.0)
#(0 1276 303 108.672 44.2786528669137 0.0)
#(0 1278 303 108.672 42.9844798609099 0.0)
#(0 1570 303 108.672 45.7727011494253 0.0)
#(0 1571 303 108.672 55.28125 0.0)
#(0 1863 303 108.672 43.1236257309941 0.0)
#(0 1864 303 108.672 42.9844798609099 0.0)
#(0 1866 303 108.672 45.6934837092732 0.0)
#(0 1869 303 108.672 45.9916666666667 0.0)
#(0 2424 303 108.672 44.9336589336589 0.0)
#(0 3237 303 108.672 50.1298701298701 0.0)
#(0 3241 303 108.672 47.9334117097049 0.0)
#(0 3243 303 108.672 44.3078421578422 0.0)
#(0 3246 303 108.672 44.2786528669137 0.0)
#(0 3247 303 108.672 44.597123843898 0.0)
#(0 137411 303 108.672 43.2639101570264 0.0)
#(0 137413 303 108.672 51.985 0.0)
#(0 137414 303 108.672 43.7770833333333 0.0)
#(0 137418 303 108.672 42.5669871794872 0.0)
#(0 137420 303 108.672 47.1585125019908 0.0)
#(0 137827 303 108.672 41.4431243266537 0.0)
#(0 137830 303 108.672 47.6548412698413 0.0)
#(0 137831 303 108.672 44.911045943304 0.0)
#(0 137834 303 108.672 43.5461458907887 0.0)
#(0 137835 303 108.687 45.3095454545455 0.0)
#(0 137837 303 108.687 46.9185964912281 0.0)
#(0 137838 303 108.687 44.886218487395 0.0)
#(0 138191 303 108.687 45.5488602805463 0.0)
#(0 138194 303 108.687 46.9578827751196 0.0)
#(0 138195 303 108.687 49.9033578016187 0.0)
#(0 138204 303 108.687 46.1969264069264 0.0)
#(0 138205 303 108.687 46.454493006993 0.0)
#(0 138206 303 108.687 45.1543697478992 0.0)
#(0 138207 303 108.687 48.6142543859649 0.0)
#(0 138541 303 108.687 45.8010978835979 0.0)
#(0 138550 303 108.687 45.0235256410256 0.0)
#(0 138552 303 108.687 52.7857142857143 0.0)
#(0 138553 303 108.687 43.8802447552448 0.0)
#(0 138846 303 108.687 45.2093956043956 0.0)
#(0 139155 303 108.687 43.9972354682874 0.0)
#(0 139159 303 108.687 44.886218487395 0.0)
#(0 139162 303 108.687 45.0750757575758 0.0)
#(0 139443 303 108.687 42.4358974358974 0.0)
#(0 139444 303 108.687 48.7428571428571 0.0)
#(0 139449 303 108.687 44.6970398481973 0.0)
#(0 139713 303 108.687 43.9867574616053 0.0)
#(0 139714 303 108.687 44.6970398481973 0.0)
#(0 139715 303 108.687 45.1543697478992 0.0)
#(0 139717 303 108.687 44.6339047619048 0.0)
#(0 139719 303 108.687 46.0309719737627 0.0)
#(0 139720 303 108.687 43.3092342342342 0.0)
#(0 139721 303 108.687 47.7146042318368 0.0)
#(0 139723 303 108.687 43.7067647058824 0.0)
#(0 139726 303 108.687 44.9409064039409 0.0)
#(0 140488 303 108.687 44.4799443215522 0.0)
#(0 140501 303 108.687 44.6339047619048 0.0)
#(0 140508 303 108.687 43.546801242236 0.0)
#(0 140513 303 108.687 45.1541666666667 0.0)
#(0 140514 303 108.687 46.9309941520468 0.0)
#(0 140515 303 108.687 44.911045943304 0.0)
#(0 140516 303 108.687 45.3095454545455 0.0)
#(0 140517 303 108.687 50.9511904761905 0.0)
#(0 140518 303 108.703 45.6131085192698 0.0)
#(0 140519 303 108.703 45.91276106934 0.0)
#(0 145 304 108.703 45.6934837092732 0.0)
#(0 155 304 108.703 44.2786528669137 0.0)
#(0 156 304 108.703 44.0197016210509 0.0)
#(0 516 304 108.703 43.1236257309941 0.0)
#(0 518 304 108.703 43.7215887995852 0.0)
#(0 519 304 108.703 43.6662835249042 0.0)
#(0 521 304 108.703 46.3436769005848 0.0)
#(0 1280 304 108.703 43.7215887995852 0.0)
#(0 1287 304 108.703 44.5615476190476 0.0)
#(0 1868 304 108.703 42.9844798609099 0.0)
#(0 1875 304 108.703 49.2411764705882 0.0)
#(0 1876 304 108.703 45.3167724698575 0.0)
#(0 1877 304 108.703 45.1642954305888 0.0)
#(0 1878 304 108.703 45.4936530843237 0.0)
#(0 2168 304 108.703 45.0556763285024 0.0)
#(0 2437 304 108.703 45.2086257309942 0.0)
#(0 2442 304 108.703 45.3566756272401 0.0)
#(0 2444 304 108.703 42.2311204481793 0.0)
#(0 2445 304 108.703 44.6620434712346 0.0)
#(0 2446 304 108.703 44.5816666666667 0.0)
#(0 2449 304 108.703 47.9334117097049 0.0)
#(0 2451 304 108.703 45.9303381642512 0.0)
#(0 3250 304 108.703 40.5829859200848 0.0)
#(0 3253 304 108.703 44.9336589336589 0.0)
#(0 3254 304 108.703 43.8704783640023 0.0)
#(0 137425 304 108.703 44.4799443215522 0.0)
#(0 137430 304 108.703 43.236395612533 0.0)
#(0 137433 304 108.703 45.1625676406926 0.0)
#(0 137434 304 108.703 44.911045943304 0.0)
#(0 137435 304 108.703 44.6682422749664 0.0)
#(0 137841 304 108.703 45.3095454545455 0.0)
#(0 137842 304 108.703 47.6548412698413 0.0)
#(0 137845 304 108.703 44.8577795031056 0.0)
#(0 137846 304 108.703 44.997183908046 0.0)
#(0 137850 304 108.703 44.8642625313283 0.0)
#(0 138201 304 108.703 46.9578827751196 0.0)
#(0 138213 304 108.703 47.7146042318368 0.0)
#(0 138215 304 108.718 46.59997108155 0.0)
#(0 138218 304 108.718 44.957671957672 0.0)
#(0 138554 304 108.718 47.771505050505 0.0)
#(0 138557 304 108.718 46.0376089324619 0.0)
#(0 138559 304 108.718 43.5663328664799 0.0)
#(0 138858 304 108.718 45.2936538461538 0.0)
#(0 138861 304 108.718 47.7194047619048 0.0)
#(0 138864 304 108.718 44.5573711484594 0.0)
#(0 138866 304 108.718 54.3333333333333 0.0)
#(0 138867 304 108.718 50.9511904761905 0.0)
#(0 138868 304 108.718 43.8612145336604 0.0)
#(0 139160 304 108.718 44.886218487395 0.0)
#(0 139163 304 108.718 47.8968546365915 0.0)
#(0 139165 304 108.718 44.9133578431373 0.0)
#(0 139166 304 108.718 44.4192328042328 0.0)
#(0 139167 304 108.718 46.9578827751196 0.0)
#(0 139168 304 108.718 46.59997108155 0.0)
#(0 139169 304 108.718 44.3662260536398 0.0)
#(0 139171 304 108.718 47.1266827898268 0.0)
#(0 139452 304 108.718 44.6682422749664 0.0)
#(0 139458 304 108.718 49.0159090909091 0.0)
#(0 139459 304 108.718 48.0696428571429 0.0)
#(0 139461 304 108.718 46.41 0.0)
#(0 139727 304 108.718 45.5488602805463 0.0)
#(0 139728 304 108.718 44.4192328042328 0.0)
#(0 139729 304 108.718 44.6970398481973 0.0)
#(0 139730 304 108.718 45.130497311828 0.0)
#(0 139731 304 108.718 45.0750757575758 0.0)
#(0 139732 304 108.718 45.2093956043956 0.0)
#(0 140494 304 108.718 44.4799443215522 0.0)
#(0 140507 304 108.734 45.9947767179992 0.0)
#(0 140512 304 108.734 43.546801242236 0.0)
#(0 140520 304 108.734 45.310268907563 0.0)
#(0 140521 304 108.734 44.3662260536398 0.0)
#(0 140522 304 108.734 44.7520588235294 0.0)
#(0 168 305 108.734 45.73 0.0)
#(0 169 305 108.734 45.2086257309942 0.0)
#(0 170 305 108.734 48.1992753623188 0.0)
#(0 174 305 108.734 43.5645510835913 0.0)
#(0 175 305 108.734 46.3436769005848 0.0)
#(0 525 305 108.734 45.3566756272401 0.0)
#(0 527 305 108.734 47.9334117097049 0.0)
#(0 913 305 108.734 43.8704783640023 0.0)
#(0 916 305 108.734 44.3078421578422 0.0)
#(0 917 305 108.734 44.0197016210509 0.0)
#(0 1298 305 108.734 44.4027777777778 0.0)
#(0 1583 305 108.734 43.8704783640023 0.0)
#(0 1885 305 108.734 44.5615476190476 0.0)
#(0 1886 305 108.734 43.7215887995852 0.0)
#(0 2175 305 108.734 44.597123843898 0.0)
#(0 2183 305 108.734 45.9303381642512 0.0)
#(0 2454 305 108.734 45.1644994840041 0.0)
#(0 2455 305 108.734 42.9844798609099 0.0)
#(0 2457 305 108.734 42.2311204481793 0.0)
#(0 2459 305 108.734 43.1236257309941 0.0)
#(0 2460 305 108.734 45.9084704715219 0.0)
#(0 2734 305 108.734 44.6941632928475 0.0)
#(0 3256 305 108.734 58.10625 0.0)
#(0 3258 305 108.734 43.6458611853832 0.0)
#(0 3260 305 108.734 44.5421454451346 0.0)
#(0 3262 305 108.734 45.3167724698575 0.0)
#(0 137407 305 108.734 45.1556783877646 0.0)
#(0 137438 305 108.734 46.8415977443609 0.0)
#(0 137439 305 108.734 45.91276106934 0.0)
#(0 137440 305 108.734 46.3503571428571 0.0)
#(0 137441 305 108.734 44.4799443215522 0.0)
#(0 137442 305 108.734 45.6131085192698 0.0)
#(0 137445 305 108.734 46.3632544903927 0.0)
#(0 137448 305 108.734 45.9947767179992 0.0)
#(0 137449 305 108.734 48.9906349206349 0.0)
#(0 137859 305 108.75 44.8642625313283 0.0)
#(0 137862 305 108.75 44.9133578431373 0.0)
#(0 138223 305 108.75 44.3346974789916 0.0)
#(0 138225 305 108.75 45.3910927374743 0.0)
#(0 138228 305 108.75 44.5573711484594 0.0)
#(0 138551 305 108.75 43.3092342342342 0.0)
#(0 138564 305 108.75 44.4192328042328 0.0)
#(0 138569 305 108.75 45.1625676406926 0.0)
#(0 138872 305 108.75 42.0836752136752 0.0)
#(0 139172 305 108.75 45.3095454545455 0.0)
#(0 139173 305 108.75 43.9630014430014 0.0)
#(0 139174 305 108.75 43.9972354682874 0.0)
#(0 139175 305 108.75 45.7767496392496 0.0)
#(0 139178 305 108.75 43.7948780487805 0.0)
#(0 139179 305 108.75 45.8775155279503 0.0)
#(0 139180 305 108.75 44.3346974789916 0.0)
#(0 139182 305 108.75 44.5258228817052 0.0)
#(0 139724 305 108.75 44.4362696514012 0.0)
#(0 139734 305 108.75 44.9133578431373 0.0)
#(0 139735 305 108.75 45.0760293268438 0.0)
#(0 139737 305 108.75 46.9578827751196 0.0)
#(0 139738 305 108.75 49.0997222222222 0.0)
#(0 139739 305 108.75 44.9409064039409 0.0)
#(0 139740 305 108.75 48.7428571428571 0.0)
#(0 139741 305 108.75 47.7146042318368 0.0)
#(0 139742 305 108.75 43.7770833333333 0.0)
#(0 140523 305 108.75 45.9409472387989 0.0)
#(0 140524 305 108.75 45.8775155279503 0.0)
#(0 140525 305 108.75 47.1585125019908 0.0)
#(0 140526 305 108.75 43.4917203086768 0.0)
#(0 140527 305 108.75 46.454493006993 0.0)
#(0 140528 305 108.75 43.7948780487805 0.0)
#(0 140529 305 108.75 44.7105182257356 0.0)
#(0 140530 305 108.75 43.9972354682874 0.0)
#(0 140531 305 108.765 43.213385620915 0.0)
#(0 140532 305 108.765 43.7067647058824 0.0)
#(0 537 306 108.765 48.1422619047619 0.0)
#(0 924 306 108.765 45.9303381642512 0.0)
#(0 1302 306 108.765 45.7727011494253 0.0)
#(0 1306 306 108.765 44.9336589336589 0.0)
#(0 1880 306 108.765 45.4936530843237 0.0)
#(0 1887 306 108.765 44.9336589336589 0.0)
#(0 1897 306 108.765 44.2501654259719 0.0)
#(0 2190 306 108.765 46.4733333333333 0.0)
#(0 2461 306 108.765 46.1786538461538 0.0)
#(0 2463 306 108.765 44.2786528669137 0.0)
#(0 2466 306 108.765 43.491369047619 0.0)
#(0 2467 306 108.765 47.0080552995392 0.0)
#(0 2469 306 108.765 43.6458611853832 0.0)
#(0 3263 306 108.765 45.9916666666667 0.0)
#(0 3267 306 108.765 44.821012145749 0.0)
#(0 3268 306 108.765 45.6198524087998 0.0)
#(0 137437 306 108.765 46.3503571428571 0.0)
#(0 137452 306 108.765 44.5573711484594 0.0)
#(0 137453 306 108.765 45.1625676406926 0.0)
#(0 137454 306 108.765 44.6682422749664 0.0)
#(0 137457 306 108.765 44.7497569072607 0.0)
#(0 137458 306 108.765 49.9984126984127 0.0)
#(0 137459 306 108.765 45.7767496392496 0.0)
#(0 137855 306 108.765 46.9820582010582 0.0)
#(0 137857 306 108.765 43.236395612533 0.0)
#(0 137868 306 108.765 46.0729214874356 0.0)
#(0 137870 306 108.765 44.3346974789916 0.0)
#(0 137872 306 108.765 44.7520588235294 0.0)
#(0 137874 306 108.765 45.0760293268438 0.0)
#(0 137876 306 108.765 44.6682422749664 0.0)
#(0 137877 306 108.765 47.1266827898268 0.0)
#(0 137878 306 108.765 45.0782083333333 0.0)
#(0 137879 306 108.765 47.4197972716938 0.0)
#(0 137882 306 108.765 46.9309941520468 0.0)
#(0 137883 306 108.765 46.9309941520468 0.0)
#(0 137884 306 108.765 47.2317903297683 0.0)
#(0 137886 306 108.765 43.7770833333333 0.0)
#(0 138226 306 108.765 42.6575587606838 0.0)
#(0 138231 306 108.765 44.8642625313283 0.0)
#(0 138232 306 108.781 47.7194047619048 0.0)
#(0 138234 306 108.781 45.310268907563 0.0)
#(0 138237 306 108.781 45.2093956043956 0.0)
#(0 138238 306 108.781 44.7520588235294 0.0)
#(0 138241 306 108.781 46.0376089324619 0.0)
#(0 138243 306 108.781 43.7616421568627 0.0)
#(0 138244 306 108.781 46.9185964912281 0.0)
#(0 138573 306 108.781 49.2916666666667 0.0)
#(0 138576 306 108.781 44.6339047619048 0.0)
#(0 138878 306 108.781 46.1969264069264 0.0)
#(0 138883 306 108.781 44.9133578431373 0.0)
#(0 138885 306 108.781 42.5669871794872 0.0)
#(0 138886 306 108.781 47.771505050505 0.0)
#(0 138887 306 108.781 45.2093956043956 0.0)
#(0 139177 306 108.781 45.7767496392496 0.0)
#(0 139183 306 108.781 46.0309719737627 0.0)
#(0 139184 306 108.781 44.7520588235294 0.0)
#(0 139185 306 108.781 43.236395612533 0.0)
#(0 139186 306 108.781 49.1238095238095 0.0)
#(0 139188 306 108.781 45.0782083333333 0.0)
#(0 139192 306 108.781 46.9022435897436 0.0)
#(0 139194 306 108.781 51.5333333333333 0.0)
#(0 139478 306 108.781 44.4799443215522 0.0)
#(0 139481 306 108.781 44.7520588235294 0.0)
#(0 139743 306 108.781 43.546801242236 0.0)
#(0 139744 306 108.781 47.8968546365915 0.0)
#(0 139745 306 108.781 46.9185964912281 0.0)
#(0 139746 306 108.781 45.5360714285714 0.0)
#(0 139747 306 108.781 41.4431243266537 0.0)
#(0 139749 306 108.781 45.0058270330076 0.0)
#(0 139750 306 108.781 43.813428858723 0.0)
#(0 139751 306 108.781 44.4192328042328 0.0)
#(0 139752 306 108.781 45.1543697478992 0.0)
#(0 139753 306 108.781 45.2936538461538 0.0)
#(0 139754 306 108.781 47.1266827898268 0.0)
#(0 140533 306 108.781 45.2093956043956 0.0)
#(0 140534 306 108.781 43.7645933014354 0.0)
#(0 140536 306 108.781 45.130497311828 0.0)
#(0 140537 306 108.781 44.5946386946387 0.0)
#(0 140538 306 108.781 47.7673684210526 0.0)
#(0 140539 306 108.781 47.4071111111111 0.0)
#(0 192 307 108.781 45.9084704715219 0.0)
#(0 534 307 108.797 45.7727011494253 0.0)
#(0 539 307 108.797 46.7432380952381 0.0)
#(0 542 307 108.797 44.5615476190476 0.0)
#(0 553 307 108.797 42.7041310541311 0.0)
#(0 927 307 108.797 45.8813466925232 0.0)
#(0 943 307 108.797 44.6620434712346 0.0)
#(0 950 307 108.797 50.1298701298701 0.0)
#(0 952 307 108.797 46.7432380952381 0.0)
#(0 954 307 108.797 49.5183712121212 0.0)
#(0 955 307 108.797 46.45 0.0)
#(0 1314 307 108.797 45.3566756272401 0.0)
#(0 1316 307 108.797 46.3436769005848 0.0)
#(0 1318 307 108.797 45.73 0.0)
#(0 1322 307 108.797 45.9084704715219 0.0)
#(0 1601 307 108.797 44.9757386363636 0.0)
#(0 1603 307 108.797 45.73 0.0)
#(0 1895 307 108.797 45.6934837092732 0.0)
#(0 1899 307 108.797 47.9334117097049 0.0)
#(0 1901 307 108.797 46.1854545454545 0.0)
#(0 1904 307 108.797 43.1236257309941 0.0)
#(0 2199 307 108.797 45.9303381642512 0.0)
#(0 2471 307 108.797 43.5645510835913 0.0)
#(0 2475 307 108.797 45.0556763285024 0.0)
#(0 2476 307 108.797 44.821012145749 0.0)
#(0 3271 307 108.797 47.7092803030303 0.0)
#(0 3273 307 108.797 44.4027777777778 0.0)
#(0 3276 307 108.797 44.6007411067194 0.0)
#(0 3278 307 108.797 45.1642954305888 0.0)
#(0 3279 307 108.797 45.9084704715219 0.0)
#(0 3281 307 108.797 49.2411764705882 0.0)
#(0 3283 307 108.797 43.1236257309941 0.0)
#(0 137456 307 108.797 44.5573711484594 0.0)
#(0 137460 307 108.797 46.3150974025974 0.0)
#(0 137468 307 108.797 45.5488602805463 0.0)
#(0 137470 307 108.797 45.5360714285714 0.0)
#(0 137885 307 108.797 41.4431243266537 0.0)
#(0 137887 307 108.797 45.6131085192698 0.0)
#(0 137889 307 108.812 45.3910927374743 0.0)
#(0 137890 307 108.812 44.4192328042328 0.0)
#(0 137891 307 108.812 44.9133578431373 0.0)
#(0 137893 307 108.812 45.1625676406926 0.0)
#(0 137894 307 108.812 48.0963888888889 0.0)
#(0 138249 307 108.812 44.5964285714286 0.0)
#(0 138250 307 108.812 59.0 0.0)
#(0 138252 307 108.812 48.9906349206349 0.0)
#(0 138253 307 108.812 41.85 0.0)
#(0 138255 307 108.812 43.8548320158103 0.0)
#(0 138580 307 108.812 47.7074084249084 0.0)
#(0 138582 307 108.812 44.4799443215522 0.0)
#(0 138584 307 108.812 45.7767496392496 0.0)
#(0 138585 307 108.812 43.31163003663 0.0)
#(0 138586 307 108.812 45.2093956043956 0.0)
#(0 138588 307 108.812 47.771505050505 0.0)
#(0 138891 307 108.812 45.310268907563 0.0)
#(0 138893 307 108.812 47.4071111111111 0.0)
#(0 138894 307 108.812 46.3875274725275 0.0)
#(0 138900 307 108.812 44.7105182257356 0.0)
#(0 138901 307 108.812 44.5946386946387 0.0)
#(0 139196 307 108.812 46.8415977443609 0.0)
#(0 139198 307 108.812 47.7146042318368 0.0)
#(0 139199 307 108.812 43.546801242236 0.0)
#(0 139200 307 108.812 47.4071111111111 0.0)
#(0 139201 307 108.812 43.7948780487805 0.0)
#(0 139202 307 108.812 43.5663328664799 0.0)
#(0 139203 307 108.812 45.2093956043956 0.0)
#(0 139204 307 108.812 47.1266827898268 0.0)
#(0 139482 307 108.812 47.4071111111111 0.0)
#(0 139486 307 108.812 42.6575587606838 0.0)
#(0 139492 307 108.812 50.9511904761905 0.0)
#(0 139755 307 108.812 43.5663328664799 0.0)
#(0 139756 307 108.828 47.7074084249084 0.0)
#(0 139759 307 108.828 46.0729214874356 0.0)
#(0 139760 307 108.828 45.0235256410256 0.0)
#(0 139761 307 108.828 46.8415977443609 0.0)
#(0 139762 307 108.828 45.3395857475858 0.0)
#(0 139763 307 108.828 44.3662260536398 0.0)
#(0 139764 307 108.828 42.6575587606838 0.0)
#(0 140535 307 108.828 43.9972354682874 0.0)
#(0 140540 307 108.828 44.7105182257356 0.0)
#(0 140541 307 108.828 44.7520588235294 0.0)
#(0 140542 307 108.828 36.2605911082382 0.0)
#(0 140543 307 108.828 45.1625676406926 0.0)
#(0 186 308 108.828 45.3566756272401 0.0)
#(0 210 308 108.828 44.5615476190476 0.0)
#(0 555 308 108.828 45.0851436781609 0.0)
#(0 941 308 108.828 47.9334117097049 0.0)
#(0 960 308 108.828 45.73 0.0)
#(0 968 308 108.828 45.9084704715219 0.0)
#(0 973 308 108.828 43.1236257309941 0.0)
#(0 1324 308 108.828 44.6941632928475 0.0)
#(0 1326 308 108.828 42.6153267367553 0.0)
#(0 1329 308 108.828 42.0931753831754 0.0)
#(0 1614 308 108.828 44.597123843898 0.0)
#(0 1620 308 108.828 43.1236257309941 0.0)
#(0 1894 308 108.828 45.7727011494253 0.0)
#(0 1910 308 108.828 40.5829859200848 0.0)
#(0 2482 308 108.828 40.5829859200848 0.0)
#(0 2483 308 108.828 45.1642954305888 0.0)
#(0 2490 308 108.828 44.5421454451346 0.0)
#(0 3289 308 108.828 44.5421454451346 0.0)
#(0 3291 308 108.828 45.1644994840041 0.0)
#(0 3292 308 108.828 49.5183712121212 0.0)
#(0 3293 308 108.828 46.8387566137566 0.0)
#(0 3294 308 108.828 42.6153267367553 0.0)
#(0 3297 308 108.828 46.45 0.0)
#(0 137474 308 108.828 47.7 0.0)
#(0 137476 308 108.828 46.3875274725275 0.0)
#(0 137479 308 108.828 43.7616421568627 0.0)
#(0 137484 308 108.843 44.4192328042328 0.0)
#(0 137485 308 108.843 43.7770833333333 0.0)
#(0 137488 308 108.843 44.3346974789916 0.0)
#(0 137896 308 108.843 45.8775155279503 0.0)
#(0 137898 308 108.843 47.4071111111111 0.0)
#(0 137899 308 108.843 43.5461458907887 0.0)
#(0 137900 308 108.843 44.6339047619048 0.0)
#(0 137908 308 108.843 24.75 0.0)
#(0 138262 308 108.843 45.1556783877646 0.0)
#(0 138263 308 108.843 48.0696428571429 0.0)
#(0 138265 308 108.843 44.2614141414141 0.0)
#(0 138266 308 108.843 43.4917203086768 0.0)
#(0 138593 308 108.859 44.911045943304 0.0)
#(0 138594 308 108.859 46.2248571708354 0.0)
#(0 138596 308 108.859 43.3092342342342 0.0)
#(0 138597 308 108.859 45.1556783877646 0.0)
#(0 138599 308 108.859 47.4197972716938 0.0)
#(0 138601 308 108.859 48.4342857142857 0.0)
#(0 138903 308 108.859 45.8775155279503 0.0)
#(0 138907 308 108.859 47.6548412698413 0.0)
#(0 138909 308 108.859 46.9578827751196 0.0)
#(0 138910 308 108.859 43.8548320158103 0.0)
#(0 138912 308 108.859 44.8577795031056 0.0)
#(0 139206 308 108.859 47.4071111111111 0.0)
#(0 139207 308 108.859 44.5573711484594 0.0)
#(0 139208 308 108.859 45.0058270330076 0.0)
#(0 139210 308 108.859 45.2936538461538 0.0)
#(0 139211 308 108.859 47.771505050505 0.0)
#(0 139212 308 108.859 43.5461458907887 0.0)
#(0 139213 308 108.859 43.7948780487805 0.0)
#(0 139214 308 108.859 45.1543697478992 0.0)
#(0 139215 308 108.859 44.8577795031056 0.0)
#(0 139216 308 108.859 45.91276106934 0.0)
#(0 139485 308 108.859 45.8010978835979 0.0)
#(0 139494 308 108.859 44.6339047619048 0.0)
#(0 139500 308 108.859 47.55 0.0)
#(0 139765 308 108.859 46.3150974025974 0.0)
#(0 139767 308 108.859 45.130497311828 0.0)
#(0 139768 308 108.859 44.8577795031056 0.0)
#(0 139769 308 108.859 45.0235256410256 0.0)
#(0 139771 308 108.859 46.5 0.0)
#(0 139772 308 108.859 42.4358974358974 0.0)
#(0 139773 308 108.859 44.911045943304 0.0)
#(0 140038 308 108.859 43.213385620915 0.0)
#(0 140544 308 108.859 46.3875274725275 0.0)
#(0 140545 308 108.859 49.2916666666667 0.0)
#(0 140546 308 108.859 45.0782083333333 0.0)
#(0 140548 308 108.859 43.7442602495544 0.0)
#(0 140549 308 108.859 45.310268907563 0.0)
#(0 140550 308 108.859 47.4197972716938 0.0)
#(0 140551 308 108.859 46.3150974025974 0.0)
#(0 140552 308 108.875 45.5360714285714 0.0)
#(0 219 309 108.875 45.2086257309942 0.0)
#(0 563 309 108.875 44.821012145749 0.0)
#(0 564 309 108.875 43.5645510835913 0.0)
#(0 567 309 108.875 45.9084704715219 0.0)
#(0 569 309 108.875 43.7215887995852 0.0)
#(0 572 309 108.875 45.0851436781609 0.0)
#(0 573 309 108.875 44.6007411067194 0.0)
#(0 575 309 108.875 46.7306060606061 0.0)
#(0 576 309 108.875 44.5615476190476 0.0)
#(0 577 309 108.875 45.1642954305888 0.0)
#(0 979 309 108.875 44.5816666666667 0.0)
#(0 1328 309 108.875 44.2786528669137 0.0)
#(0 1334 309 108.875 43.7215887995852 0.0)
#(0 1337 309 108.875 45.8813466925232 0.0)
#(0 1626 309 108.875 43.4472222222222 0.0)
#(0 1628 309 108.875 44.2786528669137 0.0)
#(0 1629 309 108.875 45.3372745015101 0.0)
#(0 1630 309 108.875 45.4936530843237 0.0)
#(0 1634 309 108.875 45.6934837092732 0.0)
#(0 1912 309 108.875 42.9844798609099 0.0)
#(0 1913 309 108.875 44.5421454451346 0.0)
#(0 1914 309 108.875 43.5645510835913 0.0)
#(0 2213 309 108.875 44.2501654259719 0.0)
#(0 2216 309 108.875 51.9166666666667 0.0)
#(0 2492 309 108.875 44.3323520923521 0.0)
#(0 2495 309 108.875 45.7727011494253 0.0)
#(0 2497 309 108.875 42.3467980295567 0.0)
#(0 2498 309 108.875 43.491369047619 0.0)
#(0 2499 309 108.875 44.5615476190476 0.0)
#(0 2500 309 108.875 49.1828571428571 0.0)
#(0 2501 309 108.875 45.3167724698575 0.0)
#(0 3284 309 108.875 43.1236257309941 0.0)
#(0 3299 309 108.875 43.0292857142857 0.0)
#(0 3301 309 108.875 44.9336589336589 0.0)
#(0 3304 309 108.875 43.6458611853832 0.0)
#(0 3305 309 108.875 47.0080552995392 0.0)
#(0 137490 309 108.875 45.9409472387989 0.0)
#(0 137491 309 108.875 47.1266827898268 0.0)
#(0 137492 309 108.875 47.1585125019908 0.0)
#(0 137494 309 108.875 43.813428858723 0.0)
#(0 137498 309 108.89 45.8010978835979 0.0)
#(0 137499 309 108.89 45.2936538461538 0.0)
#(0 137500 309 108.89 44.6339047619048 0.0)
#(0 137503 309 108.89 44.7497569072607 0.0)
#(0 137909 309 108.89 44.6682422749664 0.0)
#(0 137911 309 108.89 45.1543697478992 0.0)
#(0 137913 309 108.89 45.1556783877646 0.0)
#(0 137914 309 108.89 50.0166666666667 0.0)
#(0 137917 309 108.89 47.8968546365915 0.0)
#(0 137918 309 108.89 43.7770833333333 0.0)
#(0 137919 309 108.89 47.4071111111111 0.0)
#(0 137920 309 108.89 44.7520588235294 0.0)
#(0 137921 309 108.89 45.1541666666667 0.0)
#(0 137923 309 108.89 49.9984126984127 0.0)
#(0 138271 309 108.89 44.4192328042328 0.0)
#(0 138272 309 108.89 44.7497569072607 0.0)
#(0 138274 309 108.89 45.310268907563 0.0)
#(0 138277 309 108.89 46.9578827751196 0.0)
#(0 138278 309 108.89 44.3346974789916 0.0)
#(0 138587 309 108.89 45.2093956043956 0.0)
#(0 138603 309 108.89 46.2248571708354 0.0)
#(0 138604 309 108.89 44.997183908046 0.0)
#(0 138607 309 108.89 51.5333333333333 0.0)
#(0 138915 309 108.89 43.7645933014354 0.0)
#(0 138918 309 108.89 46.1969264069264 0.0)
#(0 138922 309 108.89 47.4071111111111 0.0)
#(0 139218 309 108.89 45.5360714285714 0.0)
#(0 139219 309 108.89 43.8548320158103 0.0)
#(0 139222 309 108.89 45.2093956043956 0.0)
#(0 139498 309 108.89 46.3150974025974 0.0)
#(0 139506 309 108.89 43.8548320158103 0.0)
#(0 139508 309 108.89 47.4071111111111 0.0)
#(0 139514 309 108.89 44.911045943304 0.0)
#(0 139774 309 108.89 45.0760293268438 0.0)
#(0 139777 309 108.89 43.5461458907887 0.0)
#(0 140547 309 108.89 45.1625676406926 0.0)
#(0 140553 309 108.906 46.3875274725275 0.0)
#(0 140554 309 108.906 42.6575587606838 0.0)
#(0 140555 309 108.906 45.0235256410256 0.0)
#(0 140556 309 108.906 47.771505050505 0.0)
#(0 140558 309 108.906 45.1556783877646 0.0)
#(0 140559 309 108.906 44.5258228817052 0.0)
#(0 140561 309 108.906 49.9033578016187 0.0)
#(0 140562 309 108.906 51.5333333333333 0.0)
#(0 233 310 108.906 45.4936530843237 0.0)
#(0 560 310 108.906 42.2311204481793 0.0)
#(0 571 310 108.906 44.5816666666667 0.0)
#(0 582 310 108.906 45.8729936729937 0.0)
#(0 584 310 108.906 45.7727011494253 0.0)
#(0 996 310 108.906 42.9844798609099 0.0)
#(0 1339 310 108.906 46.7432380952381 0.0)
#(0 1341 310 108.906 45.3372745015101 0.0)
#(0 1345 310 108.906 45.8729936729937 0.0)
#(0 1348 310 108.906 44.6007411067194 0.0)
#(0 1641 310 108.906 45.9084704715219 0.0)
#(0 1645 310 108.906 45.0851436781609 0.0)
#(0 1925 310 108.906 43.1236257309941 0.0)
#(0 1926 310 108.906 49.1828571428571 0.0)
#(0 1927 310 108.906 44.5615476190476 0.0)
#(0 1929 310 108.906 42.2311204481793 0.0)
#(0 2210 310 108.906 45.3566756272401 0.0)
#(0 2217 310 108.906 49.0625 0.0)
#(0 2503 310 108.906 45.3566756272401 0.0)
#(0 2504 310 108.906 47.0 0.0)
#(0 2505 310 108.906 46.1786538461538 0.0)
#(0 2508 310 108.906 45.8729936729937 0.0)
#(0 2510 310 108.906 48.1422619047619 0.0)
#(0 2783 310 108.906 44.5421454451346 0.0)
#(0 3308 310 108.906 44.821012145749 0.0)
#(0 3310 310 108.906 45.9303381642512 0.0)
#(0 3312 310 108.922 45.0851436781609 0.0)
#(0 3313 310 108.922 46.45 0.0)
#(0 3314 310 108.922 43.6662835249042 0.0)
#(0 137505 310 108.922 48.9906349206349 0.0)
#(0 137510 310 108.922 44.6970398481973 0.0)
#(0 137512 310 108.922 51.985 0.0)
#(0 137930 310 108.922 45.0760293268438 0.0)
#(0 137931 310 108.922 42.5669871794872 0.0)
#(0 137935 310 108.922 46.8415977443609 0.0)
#(0 138285 310 108.922 43.7616421568627 0.0)
#(0 138286 310 108.922 49.9033578016187 0.0)
#(0 138287 310 108.922 45.6131085192698 0.0)
#(0 138612 310 108.922 43.813428858723 0.0)
#(0 138613 310 108.922 43.546801242236 0.0)
#(0 138614 310 108.922 43.2639101570264 0.0)
#(0 138617 310 108.922 45.0235256410256 0.0)
#(0 138620 310 108.922 45.9947767179992 0.0)
#(0 138621 310 108.922 45.0058270330076 0.0)
#(0 138623 310 108.922 46.454493006993 0.0)
#(0 138624 310 108.922 44.2614141414141 0.0)
#(0 138625 310 108.922 43.5663328664799 0.0)
#(0 138914 310 108.922 44.5946386946387 0.0)
#(0 138919 310 108.922 43.8548320158103 0.0)
#(0 138926 310 108.922 44.9133578431373 0.0)
#(0 138928 310 108.922 44.886218487395 0.0)
#(0 138930 310 108.922 47.6548412698413 0.0)
#(0 139226 310 108.922 43.9867574616053 0.0)
#(0 139229 310 108.922 44.5573711484594 0.0)
#(0 139230 310 108.922 43.7948780487805 0.0)
#(0 139231 310 108.922 45.1556783877646 0.0)
#(0 139232 310 108.922 43.5461458907887 0.0)
#(0 139233 310 108.922 43.7616421568627 0.0)
#(0 139234 310 108.922 47.1585125019908 0.0)
#(0 139519 310 108.922 42.6575587606838 0.0)
#(0 139778 310 108.922 46.59997108155 0.0)
#(0 139779 310 108.922 43.8612145336604 0.0)
#(0 139780 310 108.922 43.8548320158103 0.0)
#(0 139781 310 108.922 43.813428858723 0.0)
#(0 139783 310 108.922 48.6142543859649 0.0)
#(0 139785 310 108.922 45.9947767179992 0.0)
#(0 139787 310 108.922 44.2614141414141 0.0)
#(0 140557 310 108.937 45.310268907563 0.0)
#(0 140560 310 108.937 45.1556783877646 0.0)
#(0 140563 310 108.937 48.8436363636364 0.0)
#(0 140564 310 108.937 45.2093956043956 0.0)
#(0 140565 310 108.937 46.8415977443609 0.0)
#(0 140566 310 108.937 47.4197972716938 0.0)
#(0 140567 310 108.937 48.6142543859649 0.0)
#(0 140568 310 108.937 48.4342857142857 0.0)
#(0 140569 310 108.937 43.3092342342342 0.0)
#(0 140570 310 108.937 50.9511904761905 0.0)
#(0 140571 310 108.937 44.5258228817052 0.0)
#(0 228 311 108.937 45.2086257309942 0.0)
#(0 235 311 108.937 43.7215887995852 0.0)
#(0 238 311 108.937 46.8387566137566 0.0)
#(0 240 311 108.937 44.9336589336589 0.0)
#(0 244 311 108.937 47.9334117097049 0.0)
#(0 251 311 108.937 43.6662835249042 0.0)
#(0 593 311 108.937 51.9166666666667 0.0)
#(0 594 311 108.937 45.1642954305888 0.0)
#(0 601 311 108.937 42.2311204481793 0.0)
#(0 602 311 108.937 45.8729936729937 0.0)
#(0 1344 311 108.937 45.1642954305888 0.0)
#(0 1350 311 108.937 45.3566756272401 0.0)
#(0 1352 311 108.937 43.4472222222222 0.0)
#(0 1354 311 108.937 48.1992753623188 0.0)
#(0 1358 311 108.937 42.7041310541311 0.0)
#(0 1656 311 108.937 44.6941632928475 0.0)
#(0 1659 311 108.937 46.45 0.0)
#(0 1933 311 108.937 42.9844798609099 0.0)
#(0 1935 311 108.937 44.0197016210509 0.0)
#(0 1936 311 108.937 42.3467980295567 0.0)
#(0 1938 311 108.937 53.4375 0.0)
#(0 1941 311 108.937 48.1992753623188 0.0)
#(0 2231 311 108.937 43.8704783640023 0.0)
#(0 2512 311 108.937 55.28125 0.0)
#(0 2515 311 108.937 42.3467980295567 0.0)
#(0 2517 311 108.937 43.6458611853832 0.0)
#(0 2520 311 108.937 45.9303381642512 0.0)
#(0 3319 311 108.937 51.9166666666667 0.0)
#(0 137506 311 108.953 46.9820582010582 0.0)
#(0 137515 311 108.953 49.1238095238095 0.0)
#(0 137518 311 108.953 46.9309941520468 0.0)
#(0 137521 311 108.953 45.3910927374743 0.0)
#(0 137523 311 108.953 46.3150974025974 0.0)
#(0 137938 311 108.953 44.4192328042328 0.0)
#(0 137940 311 108.953 46.3632544903927 0.0)
#(0 137942 311 108.953 43.5663328664799 0.0)
#(0 138618 311 108.953 43.546801242236 0.0)
#(0 138626 311 108.953 44.3346974789916 0.0)
#(0 138629 311 108.953 45.1625676406926 0.0)
#(0 138631 311 108.953 44.8577795031056 0.0)
#(0 138632 311 108.953 44.9133578431373 0.0)
#(0 138634 311 108.953 46.0309719737627 0.0)
#(0 138637 311 108.953 45.8775155279503 0.0)
#(0 138639 311 108.953 51.5333333333333 0.0)
#(0 138934 311 108.953 45.0782083333333 0.0)
#(0 138936 311 108.953 47.4197972716938 0.0)
#(0 138937 311 108.953 45.9947767179992 0.0)
#(0 138942 311 108.953 43.8548320158103 0.0)
#(0 138944 311 108.953 42.5669871794872 0.0)
#(0 139235 311 108.953 44.5258228817052 0.0)
#(0 139236 311 108.953 47.7146042318368 0.0)
#(0 139238 311 108.953 43.236395612533 0.0)
#(0 139241 311 108.953 46.454493006993 0.0)
#(0 139242 311 108.953 45.0760293268438 0.0)
#(0 139243 311 108.953 46.0309719737627 0.0)
#(0 139245 311 108.953 46.0729214874356 0.0)
#(0 139246 311 108.953 45.0750757575758 0.0)
#(0 139247 311 108.953 44.8642625313283 0.0)
#(0 139248 311 108.953 47.4197972716938 0.0)
#(0 139531 311 108.953 44.3346974789916 0.0)
#(0 139532 311 108.953 51.5444444444444 0.0)
#(0 139790 311 108.953 45.9409472387989 0.0)
#(0 139792 311 108.953 47.6818181818182 0.0)
#(0 140572 311 108.953 46.9309941520468 0.0)
#(0 140573 311 108.953 43.2639101570264 0.0)
#(0 140574 311 108.953 42.5669871794872 0.0)
#(0 140575 311 108.968 44.3346974789916 0.0)
#(0 140576 311 108.968 44.8642625313283 0.0)
#(0 140577 311 108.968 43.8548320158103 0.0)
#(0 140579 311 108.968 43.9957142857143 0.0)
#(0 140580 311 108.968 45.3395857475858 0.0)
#(0 140581 311 108.968 46.3875274725275 0.0)
#(0 140582 311 108.968 45.0235256410256 0.0)
#(0 140583 311 108.968 48.7575156641604 0.0)
#(0 140584 311 108.968 46.0729214874356 0.0)
#(0 140585 311 108.968 45.9409472387989 0.0)
#(0 140586 311 108.968 45.2565955613014 0.0)
#(0 263 312 108.968 43.5645510835913 0.0)
#(0 604 312 108.968 45.73 0.0)
#(0 606 312 108.968 45.4936530843237 0.0)
#(0 1018 312 108.968 53.4375 0.0)
#(0 1019 312 108.968 44.6007411067194 0.0)
#(0 1024 312 108.968 45.0851436781609 0.0)
#(0 1028 312 108.968 45.3372745015101 0.0)
#(0 1365 312 108.968 45.1642954305888 0.0)
#(0 1366 312 108.968 47.9334117097049 0.0)
#(0 1369 312 108.968 44.2501654259719 0.0)
#(0 1947 312 108.968 42.6153267367553 0.0)
#(0 1948 312 108.968 43.1236257309941 0.0)
#(0 2239 312 108.968 45.1642954305888 0.0)
#(0 2529 312 108.968 43.0292857142857 0.0)
#(0 3324 312 108.968 42.3467980295567 0.0)
#(0 3325 312 108.968 44.5615476190476 0.0)
#(0 3327 312 108.968 44.4027777777778 0.0)
#(0 3329 312 108.968 46.8387566137566 0.0)
#(0 3333 312 108.968 45.3566756272401 0.0)
#(0 3336 312 108.968 42.7041310541311 0.0)
#(0 137526 312 108.968 43.813428858723 0.0)
#(0 137527 312 108.968 44.2614141414141 0.0)
#(0 137528 312 108.968 48.7428571428571 0.0)
#(0 137529 312 108.968 43.2639101570264 0.0)
#(0 137532 312 108.968 43.7616421568627 0.0)
#(0 137534 312 108.968 48.5871794871795 0.0)
#(0 137535 312 108.968 45.6131085192698 0.0)
#(0 137536 312 108.968 46.0309719737627 0.0)
#(0 137537 312 108.984 44.5573711484594 0.0)
#(0 137539 312 108.984 43.813428858723 0.0)
#(0 137943 312 108.984 45.5360714285714 0.0)
#(0 137947 312 108.984 45.1543697478992 0.0)
#(0 137949 312 108.984 44.4362696514012 0.0)
#(0 137953 312 108.984 46.3150974025974 0.0)
#(0 137955 312 108.984 46.94 0.0)
#(0 137957 312 108.984 45.0782083333333 0.0)
#(0 138299 312 108.984 47.7146042318368 0.0)
#(0 138301 312 108.984 46.0729214874356 0.0)
#(0 138640 312 108.984 44.3662260536398 0.0)
#(0 138643 312 108.984 47.7 0.0)
#(0 138644 312 108.984 42.1875 0.0)
#(0 138645 312 108.984 50.0166666666667 0.0)
#(0 138647 312 108.984 47.1585125019908 0.0)
#(0 138945 312 108.984 45.0058270330076 0.0)
#(0 138946 312 108.984 45.1625676406926 0.0)
#(0 138947 312 108.984 44.2614141414141 0.0)
#(0 138950 312 108.984 46.9820582010582 0.0)
#(0 138954 312 108.984 46.2248571708354 0.0)
#(0 138957 312 108.984 45.2093956043956 0.0)
#(0 139244 312 108.984 45.1556783877646 0.0)
#(0 139249 312 108.984 47.7146042318368 0.0)
#(0 139252 312 108.984 43.4917203086768 0.0)
#(0 139254 312 108.984 44.2614141414141 0.0)
#(0 139255 312 108.984 41.4431243266537 0.0)
#(0 139256 312 108.984 44.5166574381691 0.0)
#(0 139257 312 108.984 42.8399672399672 0.0)
#(0 139258 312 108.984 44.3346974789916 0.0)
#(0 139259 312 108.984 45.8775155279503 0.0)
#(0 139533 312 108.984 42.6575587606838 0.0)
#(0 139784 312 108.984 48.6142543859649 0.0)
#(0 139793 312 108.984 49.0497670807453 0.0)
#(0 139794 312 108.984 43.8802447552448 0.0)
#(0 139795 312 108.984 45.9947767179992 0.0)
#(0 139796 312 108.984 45.0750757575758 0.0)
#(0 139797 312 108.984 44.7497569072607 0.0)
#(0 139798 312 108.984 43.7067647058824 0.0)
#(0 139799 312 108.984 46.0729214874356 0.0)
#(0 139801 312 108.984 49.3629864253394 0.0)
#(0 139802 312 108.984 45.0235256410256 0.0)
#(0 139803 312 108.984 45.6821428571429 0.0)
#(0 139805 312 109.0 43.4917203086768 0.0)
#(0 140068 312 109.0 44.3346974789916 0.0)
#(0 140578 312 109.0 44.8642625313283 0.0)
#(0 140587 312 109.0 45.1556783877646 0.0)
#(0 140588 312 109.0 46.1969264069264 0.0)
#(0 140589 312 109.0 44.886218487395 0.0)
#(0 140590 312 109.0 45.3095454545455 0.0)
#(0 140591 312 109.0 42.8399672399672 0.0)
#(0 140592 312 109.0 43.3092342342342 0.0)
#(0 140593 312 109.0 54.3333333333333 0.0)
#(0 140594 312 109.0 45.3910927374743 0.0)
#(0 140595 312 109.0 43.7770833333333 0.0)
#(0 140596 312 109.0 44.2614141414141 0.0)
#(0 592 313 109.0 44.5816666666667 0.0)
#(0 617 313 109.0 45.73 0.0)
#(0 622 313 109.0 45.7727011494253 0.0)
#(0 623 313 109.0 47.0080552995392 0.0)
#(0 1033 313 109.0 46.45 0.0)
#(0 1034 313 109.0 47.9334117097049 0.0)
#(0 1038 313 109.0 45.7727011494253 0.0)
#(0 1039 313 109.0 43.491369047619 0.0)
#(0 1041 313 109.0 46.8387566137566 0.0)
#(0 1375 313 109.0 44.5421454451346 0.0)
#(0 1376 313 109.0 46.8387566137566 0.0)
#(0 1674 313 109.0 45.3372745015101 0.0)
#(0 1949 313 109.0 45.6934837092732 0.0)
#(0 1950 313 109.0 44.3078421578422 0.0)
#(0 1951 313 109.0 45.3167724698575 0.0)
#(0 1957 313 109.0 44.821012145749 0.0)
#(0 1961 313 109.0 44.0197016210509 0.0)
#(0 1963 313 109.015 44.9757386363636 0.0)
#(0 1965 313 109.015 40.5829859200848 0.0)
#(0 1967 313 109.015 46.1854545454545 0.0)
#(0 2533 313 109.015 44.0197016210509 0.0)
#(0 2534 313 109.015 44.6007411067194 0.0)
#(0 2535 313 109.015 44.3078421578422 0.0)
#(0 2539 313 109.015 43.0292857142857 0.0)
#(0 2542 313 109.015 45.9916666666667 0.0)
#(0 2543 313 109.015 45.0556763285024 0.0)
#(0 2544 313 109.015 44.6941632928475 0.0)
#(0 2545 313 109.015 53.65 0.0)
#(0 3337 313 109.015 46.7306060606061 0.0)
#(0 3338 313 109.015 48.1422619047619 0.0)
#(0 3340 313 109.015 46.1854545454545 0.0)
#(0 137540 313 109.015 44.886218487395 0.0)
#(0 137543 313 109.015 48.5871794871795 0.0)
#(0 137545 313 109.015 47.1585125019908 0.0)
#(0 137546 313 109.015 46.59997108155 0.0)
#(0 137547 313 109.015 43.2639101570264 0.0)
#(0 137548 313 109.015 49.9033578016187 0.0)
#(0 137550 313 109.015 42.4358974358974 0.0)
#(0 137551 313 109.015 46.9820582010582 0.0)
#(0 137962 313 109.015 44.886218487395 0.0)
#(0 137964 313 109.015 45.0750757575758 0.0)
#(0 137965 313 109.015 45.7767496392496 0.0)
#(0 137969 313 109.015 43.546801242236 0.0)
#(0 138308 313 109.015 42.5669871794872 0.0)
#(0 138310 313 109.015 43.3301724137931 0.0)
#(0 138312 313 109.015 44.997183908046 0.0)
#(0 138314 313 109.015 44.9409064039409 0.0)
#(0 138648 313 109.015 44.997183908046 0.0)
#(0 138649 313 109.015 47.771505050505 0.0)
#(0 138651 313 109.015 44.4192328042328 0.0)
#(0 138652 313 109.015 46.3632544903927 0.0)
#(0 138959 313 109.015 45.9947767179992 0.0)
#(0 138963 313 109.015 44.886218487395 0.0)
#(0 138965 313 109.015 46.59997108155 0.0)
#(0 139260 313 109.015 46.0309719737627 0.0)
#(0 139265 313 109.015 46.454493006993 0.0)
#(0 139266 313 109.015 45.310268907563 0.0)
#(0 139547 313 109.015 45.1543697478992 0.0)
#(0 139786 313 109.031 48.6142543859649 0.0)
#(0 139806 313 109.031 43.213385620915 0.0)
#(0 139807 313 109.031 48.4342857142857 0.0)
#(0 139808 313 109.031 43.5663328664799 0.0)
#(0 139809 313 109.031 43.3092342342342 0.0)
#(0 139810 313 109.031 45.8010978835979 0.0)
#(0 139811 313 109.031 43.5461458907887 0.0)
#(0 139812 313 109.031 46.59997108155 0.0)
#(0 139814 313 109.031 46.3875274725275 0.0)
#(0 139815 313 109.031 43.813428858723 0.0)
#(0 139817 313 109.031 44.2977372919478 0.0)
#(0 139818 313 109.031 42.4358974358974 0.0)
#(0 139819 313 109.031 44.4192328042328 0.0)
#(0 139820 313 109.031 42.5669871794872 0.0)
#(0 139821 313 109.031 43.7442602495544 0.0)
#(0 140597 313 109.031 45.0058270330076 0.0)
#(0 140598 313 109.031 49.0497670807453 0.0)
#(0 140599 313 109.031 45.130497311828 0.0)
#(0 140600 313 109.031 45.7767496392496 0.0)
#(0 140601 313 109.031 46.9185964912281 0.0)
#(0 278 314 109.031 44.0197016210509 0.0)
#(0 628 314 109.031 42.2311204481793 0.0)
#(0 630 314 109.031 40.5829859200848 0.0)
#(0 631 314 109.031 45.9084704715219 0.0)
#(0 635 314 109.031 42.7041310541311 0.0)
#(0 637 314 109.031 44.3078421578422 0.0)
#(0 639 314 109.031 47.7092803030303 0.0)
#(0 1044 314 109.031 45.8729936729937 0.0)
#(0 1050 314 109.031 45.4936530843237 0.0)
#(0 1392 314 109.031 43.6458611853832 0.0)
#(0 1393 314 109.031 45.3167724698575 0.0)
#(0 1690 314 109.031 42.3467980295567 0.0)
#(0 1691 314 109.031 44.2786528669137 0.0)
#(0 1969 314 109.031 47.0080552995392 0.0)
#(0 1972 314 109.031 45.1642954305888 0.0)
#(0 1973 314 109.031 44.2501654259719 0.0)
#(0 1974 314 109.031 43.491369047619 0.0)
#(0 2264 314 109.031 44.5816666666667 0.0)
#(0 2548 314 109.031 41.9445238095238 0.0)
#(0 2551 314 109.047 49.1828571428571 0.0)
#(0 3346 314 109.047 43.6662835249042 0.0)
#(0 3347 314 109.047 42.0931753831754 0.0)
#(0 137557 314 109.047 42.5669871794872 0.0)
#(0 137558 314 109.047 45.2182692307692 0.0)
#(0 137559 314 109.047 45.0760293268438 0.0)
#(0 137563 314 109.047 45.6131085192698 0.0)
#(0 137565 314 109.047 46.3875274725275 0.0)
#(0 137566 314 109.047 47.415 0.0)
#(0 137567 314 109.047 44.7497569072607 0.0)
#(0 137568 314 109.047 45.2565955613014 0.0)
#(0 137569 314 109.047 46.8415977443609 0.0)
#(0 137573 314 109.047 48.7575156641604 0.0)
#(0 137574 314 109.047 47.2317903297683 0.0)
#(0 137948 314 109.047 46.9820582010582 0.0)
#(0 137974 314 109.047 45.3095454545455 0.0)
#(0 137975 314 109.047 43.9867574616053 0.0)
#(0 137977 314 109.047 44.7497569072607 0.0)
#(0 137978 314 109.047 44.8577795031056 0.0)
#(0 137979 314 109.047 45.1541666666667 0.0)
#(0 138318 314 109.047 48.6142543859649 0.0)
#(0 138321 314 109.047 44.4799443215522 0.0)
#(0 138322 314 109.047 43.7442602495544 0.0)
#(0 138326 314 109.047 45.6131085192698 0.0)
#(0 138654 314 109.047 42.5669871794872 0.0)
#(0 138656 314 109.047 44.6970398481973 0.0)
#(0 138657 314 109.047 45.1625676406926 0.0)
#(0 138658 314 109.047 45.3395857475858 0.0)
#(0 138660 314 109.047 47.4071111111111 0.0)
#(0 138661 314 109.047 45.7767496392496 0.0)
#(0 138664 314 109.047 49.5577777777778 0.0)
#(0 138966 314 109.047 44.7484012066365 0.0)
#(0 138969 314 109.047 46.59997108155 0.0)
#(0 139267 314 109.047 45.6131085192698 0.0)
#(0 139269 314 109.047 47.7 0.0)
#(0 139270 314 109.047 46.9185964912281 0.0)
#(0 139271 314 109.047 46.0376089324619 0.0)
#(0 139822 314 109.047 45.3095454545455 0.0)
#(0 139823 314 109.047 45.1541666666667 0.0)
#(0 139824 314 109.047 44.5573711484594 0.0)
#(0 139825 314 109.062 46.0309719737627 0.0)
#(0 139826 314 109.062 43.5663328664799 0.0)
#(0 139827 314 109.062 45.5488602805463 0.0)
#(0 139828 314 109.062 46.8415977443609 0.0)
#(0 139829 314 109.062 48.4342857142857 0.0)
#(0 139831 314 109.062 51.5333333333333 0.0)
#(0 139832 314 109.062 45.0058270330076 0.0)
#(0 140602 314 109.062 46.3875274725275 0.0)
#(0 140603 314 109.062 45.9409472387989 0.0)
#(0 140604 314 109.062 46.9820582010582 0.0)
#(0 140605 314 109.062 45.3910927374743 0.0)
#(0 140606 314 109.062 43.9630014430014 0.0)
#(0 140607 314 109.062 44.2614141414141 0.0)
#(0 140608 314 109.062 44.4192328042328 0.0)
#(0 140609 314 109.062 43.7645933014354 0.0)
#(0 140610 314 109.062 45.2565955613014 0.0)
#(0 140611 314 109.062 46.2248571708354 0.0)
#(0 140612 314 109.062 48.4342857142857 0.0)
#(0 140613 314 109.062 45.8449567099567 0.0)
#(0 140614 314 109.062 44.7520588235294 0.0)
#(0 140615 314 109.062 45.5360714285714 0.0)
#(0 290 315 109.062 42.2311204481793 0.0)
#(0 633 315 109.062 43.6458611853832 0.0)
#(0 644 315 109.062 44.5615476190476 0.0)
#(0 645 315 109.062 45.4936530843237 0.0)
#(0 647 315 109.062 40.5829859200848 0.0)
#(0 649 315 109.062 45.0851436781609 0.0)
#(0 650 315 109.062 49.2411764705882 0.0)
#(0 656 315 109.062 45.1642954305888 0.0)
#(0 657 315 109.062 48.1992753623188 0.0)
#(0 1053 315 109.062 53.4375 0.0)
#(0 1692 315 109.062 42.0931753831754 0.0)
#(0 1696 315 109.062 43.8704783640023 0.0)
#(0 1979 315 109.062 43.6458611853832 0.0)
#(0 1985 315 109.062 45.9916666666667 0.0)
#(0 2281 315 109.062 43.6458611853832 0.0)
#(0 2559 315 109.062 44.2786528669137 0.0)
#(0 2560 315 109.062 45.9303381642512 0.0)
#(0 2564 315 109.062 45.4936530843237 0.0)
#(0 3350 315 109.078 44.2786528669137 0.0)
#(0 3351 315 109.078 55.28125 0.0)
#(0 3354 315 109.078 45.1644994840041 0.0)
#(0 3356 315 109.078 45.1642954305888 0.0)
#(0 137561 315 109.078 44.4362696514012 0.0)
#(0 137576 315 109.078 41.4431243266537 0.0)
#(0 137581 315 109.078 44.2977372919478 0.0)
#(0 137585 315 109.078 44.7105182257356 0.0)
#(0 137586 315 109.078 43.8548320158103 0.0)
#(0 137587 315 109.078 46.59997108155 0.0)
#(0 137589 315 109.078 43.9867574616053 0.0)
#(0 137590 315 109.078 54.097619047619 0.0)
#(0 137591 315 109.078 46.9309941520468 0.0)
#(0 137592 315 109.078 48.5871794871795 0.0)
#(0 137980 315 109.078 43.7442602495544 0.0)
#(0 137981 315 109.078 45.310268907563 0.0)
#(0 137984 315 109.078 45.0058270330076 0.0)
#(0 137985 315 109.078 42.875 0.0)
#(0 137987 315 109.078 43.7616421568627 0.0)
#(0 137989 315 109.078 47.1266827898268 0.0)
#(0 137991 315 109.078 46.3875274725275 0.0)
#(0 138327 315 109.078 45.0750757575758 0.0)
#(0 138328 315 109.078 45.8449567099567 0.0)
#(0 138330 315 109.078 49.9033578016187 0.0)
#(0 138332 315 109.078 47.1585125019908 0.0)
#(0 138334 315 109.078 46.9022435897436 0.0)
#(0 138336 315 109.078 44.5166574381691 0.0)
#(0 138666 315 109.078 49.1238095238095 0.0)
#(0 138977 315 109.078 42.0836752136752 0.0)
#(0 138978 315 109.078 45.0782083333333 0.0)
#(0 138984 315 109.078 44.6970398481973 0.0)
#(0 138987 315 109.078 48.7575156641604 0.0)
#(0 139268 315 109.078 45.6131085192698 0.0)
#(0 139272 315 109.078 44.8577795031056 0.0)
#(0 139273 315 109.078 45.2936538461538 0.0)
#(0 139274 315 109.078 44.7484012066365 0.0)
#(0 139275 315 109.078 45.1543697478992 0.0)
#(0 139562 315 109.078 43.7067647058824 0.0)
#(0 139564 315 109.093 43.8612145336604 0.0)
#(0 139816 315 109.093 43.213385620915 0.0)
#(0 139833 315 109.093 42.5669871794872 0.0)
#(0 139834 315 109.093 46.9309941520468 0.0)
#(0 139835 315 109.093 46.3632544903927 0.0)
#(0 139836 315 109.093 45.3095454545455 0.0)
#(0 139839 315 109.093 43.9972354682874 0.0)
#(0 139840 315 109.093 44.6339047619048 0.0)
#(0 140616 315 109.093 46.0729214874356 0.0)
#(0 140617 315 109.093 42.5669871794872 0.0)
#(0 140618 315 109.093 49.2916666666667 0.0)
#(0 140619 315 109.093 45.0750757575758 0.0)
#(0 140620 315 109.093 43.7442602495544 0.0)
#(0 140621 315 109.093 44.6682422749664 0.0)
#(0 140622 315 109.093 43.8612145336604 0.0)
#(0 140623 315 109.093 44.4362696514012 0.0)
#(0 305 316 109.093 44.9336589336589 0.0)
#(0 667 316 109.093 44.9336589336589 0.0)
#(0 668 316 109.093 42.0931753831754 0.0)
#(0 1064 316 109.093 47.9334117097049 0.0)
#(0 1072 316 109.093 45.9303381642512 0.0)
#(0 1073 316 109.093 42.3467980295567 0.0)
#(0 1407 316 109.093 45.3167724698575 0.0)
#(0 1412 316 109.093 43.7215887995852 0.0)
#(0 1415 316 109.093 42.3467980295567 0.0)
#(0 1702 316 109.093 45.1642954305888 0.0)
#(0 1705 316 109.093 42.0931753831754 0.0)
#(0 1706 316 109.093 44.3078421578422 0.0)
#(0 1992 316 109.093 44.821012145749 0.0)
#(0 1996 316 109.093 43.0292857142857 0.0)
#(0 1998 316 109.093 44.3078421578422 0.0)
#(0 2285 316 109.093 55.28125 0.0)
#(0 2567 316 109.093 44.0197016210509 0.0)
#(0 2568 316 109.093 45.2086257309942 0.0)
#(0 2573 316 109.093 46.7666666666667 0.0)
#(0 3358 316 109.093 46.7306060606061 0.0)
#(0 3360 316 109.093 44.821012145749 0.0)
#(0 3362 316 109.109 45.9303381642512 0.0)
#(0 3365 316 109.109 40.5829859200848 0.0)
#(0 3367 316 109.109 45.6198524087998 0.0)
#(0 137596 316 109.109 46.9820582010582 0.0)
#(0 137597 316 109.109 45.9947767179992 0.0)
#(0 137598 316 109.109 42.6575587606838 0.0)
#(0 137600 316 109.109 45.2936538461538 0.0)
#(0 137996 316 109.109 45.5488602805463 0.0)
#(0 137998 316 109.109 41.4431243266537 0.0)
#(0 138002 316 109.109 46.2248571708354 0.0)
#(0 138340 316 109.109 47.7194047619048 0.0)
#(0 138342 316 109.109 46.9185964912281 0.0)
#(0 138345 316 109.109 45.2093956043956 0.0)
#(0 138348 316 109.109 49.0997222222222 0.0)
#(0 138351 316 109.109 42.8399672399672 0.0)
#(0 138672 316 109.109 48.6142543859649 0.0)
#(0 138673 316 109.109 48.4342857142857 0.0)
#(0 138675 316 109.109 44.4192328042328 0.0)
#(0 138676 316 109.109 44.7105182257356 0.0)
#(0 138679 316 109.109 44.9409064039409 0.0)
#(0 138989 316 109.109 45.3095454545455 0.0)
#(0 138997 316 109.109 46.8415977443609 0.0)
#(0 138998 316 109.109 49.0997222222222 0.0)
#(0 139280 316 109.109 49.0997222222222 0.0)
#(0 139282 316 109.109 44.4192328042328 0.0)
#(0 139842 316 109.109 43.9867574616053 0.0)
#(0 139843 316 109.109 47.6548412698413 0.0)
#(0 139844 316 109.109 44.5946386946387 0.0)
#(0 139846 316 109.109 44.9409064039409 0.0)
#(0 139847 316 109.109 48.7575156641604 0.0)
#(0 139848 316 109.109 47.7 0.0)
#(0 139852 316 109.109 48.8436363636364 0.0)
#(0 139853 316 109.109 43.7948780487805 0.0)
#(0 140104 316 109.109 46.9578827751196 0.0)
#(0 140624 316 109.109 47.4071111111111 0.0)
#(0 140625 316 109.109 44.5573711484594 0.0)
#(0 140626 316 109.109 44.4192328042328 0.0)
#(0 315 317 109.125 47.9334117097049 0.0)
#(0 658 317 109.125 45.1642954305888 0.0)
#(0 673 317 109.125 44.4166666666667 0.0)
#(0 675 317 109.125 43.6662835249042 0.0)
#(0 676 317 109.125 43.0292857142857 0.0)
#(0 678 317 109.125 47.5233333333333 0.0)
#(0 679 317 109.125 40.5829859200848 0.0)
#(0 1081 317 109.125 44.821012145749 0.0)
#(0 1086 317 109.125 45.73 0.0)
#(0 1089 317 109.125 46.1786538461538 0.0)
#(0 1416 317 109.125 44.0197016210509 0.0)
#(0 1423 317 109.125 44.6007411067194 0.0)
#(0 1425 317 109.125 45.2086257309942 0.0)
#(0 1428 317 109.125 44.5615476190476 0.0)
#(0 1720 317 109.125 42.7041310541311 0.0)
#(0 2005 317 109.125 46.1786538461538 0.0)
#(0 2291 317 109.125 44.2786528669137 0.0)
#(0 2569 317 109.125 45.4936530843237 0.0)
#(0 2575 317 109.125 43.491369047619 0.0)
#(0 2576 317 109.125 42.6153267367553 0.0)
#(0 2580 317 109.125 45.1642954305888 0.0)
#(0 2581 317 109.125 44.5816666666667 0.0)
#(0 3369 317 109.125 43.8704783640023 0.0)
#(0 3371 317 109.125 44.6007411067194 0.0)
#(0 3373 317 109.125 45.6934837092732 0.0)
#(0 3374 317 109.125 49.5183712121212 0.0)
#(0 3375 317 109.125 44.0197016210509 0.0)
#(0 3377 317 109.125 44.5421454451346 0.0)
#(0 137608 317 109.125 45.1556783877646 0.0)
#(0 137611 317 109.125 44.4192328042328 0.0)
#(0 137612 317 109.125 45.9947767179992 0.0)
#(0 137613 317 109.125 46.0376089324619 0.0)
#(0 137614 317 109.14 44.2977372919478 0.0)
#(0 137615 317 109.14 46.0309719737627 0.0)
#(0 138007 317 109.14 48.9906349206349 0.0)
#(0 138008 317 109.14 44.4192328042328 0.0)
#(0 138011 317 109.14 44.7105182257356 0.0)
#(0 138015 317 109.14 54.3333333333333 0.0)
#(0 138341 317 109.14 44.6682422749664 0.0)
#(0 138355 317 109.14 46.0729214874356 0.0)
#(0 138357 317 109.14 46.3875274725275 0.0)
#(0 138359 317 109.14 45.7767496392496 0.0)
#(0 138362 317 109.14 43.7442602495544 0.0)
#(0 138365 317 109.14 44.5573711484594 0.0)
#(0 138367 317 109.14 48.8436363636364 0.0)
#(0 138680 317 109.14 44.886218487395 0.0)
#(0 138681 317 109.14 42.4358974358974 0.0)
#(0 138683 317 109.14 47.4071111111111 0.0)
#(0 138687 317 109.14 48.9906349206349 0.0)
#(0 139000 317 109.14 43.7948780487805 0.0)
#(0 139002 317 109.14 43.3085714285714 0.0)
#(0 139284 317 109.14 43.7616421568627 0.0)
#(0 139286 317 109.14 46.8415977443609 0.0)
#(0 139287 317 109.14 45.0760293268438 0.0)
#(0 139571 317 109.14 46.59997108155 0.0)
#(0 139574 317 109.14 46.0729214874356 0.0)
#(0 139841 317 109.14 43.9972354682874 0.0)
#(0 139854 317 109.14 45.1543697478992 0.0)
#(0 139855 317 109.14 45.0760293268438 0.0)
#(0 139856 317 109.14 44.4362696514012 0.0)
#(0 139858 317 109.14 44.8577795031056 0.0)
#(0 139859 317 109.14 47.7194047619048 0.0)
#(0 140627 317 109.14 44.5258228817052 0.0)
#(0 140628 317 109.14 44.7484012066365 0.0)
#(0 140629 317 109.14 45.1543697478992 0.0)
#(0 330 318 109.14 44.5816666666667 0.0)
#(0 332 318 109.14 43.6662835249042 0.0)
#(0 687 318 109.14 47.5233333333333 0.0)
#(0 690 318 109.14 45.0071428571429 0.0)
#(0 1085 318 109.14 42.9844798609099 0.0)
#(0 1092 318 109.156 42.7041310541311 0.0)
#(0 1093 318 109.156 43.5645510835913 0.0)
#(0 1096 318 109.156 45.4936530843237 0.0)
#(0 1435 318 109.156 47.9334117097049 0.0)
#(0 1722 318 109.156 42.6153267367553 0.0)
#(0 1723 318 109.156 43.6662835249042 0.0)
#(0 1724 318 109.156 45.1642954305888 0.0)
#(0 1729 318 109.156 45.0556763285024 0.0)
#(0 1731 318 109.156 46.4733333333333 0.0)
#(0 2011 318 109.156 44.9336589336589 0.0)
#(0 2297 318 109.156 47.7092803030303 0.0)
#(0 2586 318 109.156 53.4375 0.0)
#(0 2587 318 109.156 42.3467980295567 0.0)
#(0 2588 318 109.156 42.7041310541311 0.0)
#(0 3378 318 109.156 44.3323520923521 0.0)
#(0 3379 318 109.156 43.491369047619 0.0)
#(0 3380 318 109.156 47.0080552995392 0.0)
#(0 3381 318 109.156 44.9757386363636 0.0)
#(0 137621 318 109.156 45.310268907563 0.0)
#(0 137622 318 109.156 47.6548412698413 0.0)
#(0 137623 318 109.156 49.9033578016187 0.0)
#(0 137626 318 109.156 46.0309719737627 0.0)
#(0 137628 318 109.156 43.9867574616053 0.0)
#(0 138016 318 109.156 45.0235256410256 0.0)
#(0 138017 318 109.156 46.1969264069264 0.0)
#(0 138020 318 109.156 44.7497569072607 0.0)
#(0 138021 318 109.156 46.0309719737627 0.0)
#(0 138022 318 109.156 46.9185964912281 0.0)
#(0 138024 318 109.156 45.0760293268438 0.0)
#(0 138025 318 109.156 44.4362696514012 0.0)
#(0 138027 318 109.156 43.9867574616053 0.0)
#(0 138029 318 109.156 52.7857142857143 0.0)
#(0 138364 318 109.156 42.8399672399672 0.0)
#(0 138369 318 109.156 44.7105182257356 0.0)
#(0 138372 318 109.156 43.8612145336604 0.0)
#(0 138373 318 109.156 43.9867574616053 0.0)
#(0 138682 318 109.156 44.4192328042328 0.0)
#(0 138688 318 109.156 45.3095454545455 0.0)
#(0 138690 318 109.156 43.7067647058824 0.0)
#(0 138694 318 109.156 44.4362696514012 0.0)
#(0 138695 318 109.172 45.310268907563 0.0)
#(0 139005 318 109.172 47.7146042318368 0.0)
#(0 139009 318 109.172 43.7948780487805 0.0)
#(0 139012 318 109.172 44.5573711484594 0.0)
#(0 139014 318 109.172 46.59997108155 0.0)
#(0 139016 318 109.172 46.9820582010582 0.0)
#(0 139288 318 109.172 45.9409472387989 0.0)
#(0 139290 318 109.172 45.0058270330076 0.0)
#(0 139292 318 109.172 46.3632544903927 0.0)
#(0 139293 318 109.172 46.2248571708354 0.0)
#(0 139296 318 109.172 46.5 0.0)
#(0 139299 318 109.172 43.813428858723 0.0)
#(0 139582 318 109.172 45.310268907563 0.0)
#(0 139583 318 109.172 44.7105182257356 0.0)
#(0 139584 318 109.172 47.4071111111111 0.0)
#(0 139585 318 109.172 45.0625 0.0)
#(0 139857 318 109.172 45.1556783877646 0.0)
#(0 139860 318 109.172 43.7770833333333 0.0)
#(0 139861 318 109.172 43.5461458907887 0.0)
#(0 139862 318 109.172 45.5360714285714 0.0)
#(0 139863 318 109.172 46.9578827751196 0.0)
#(0 139864 318 109.172 45.5488602805463 0.0)
#(0 139865 318 109.172 46.0309719737627 0.0)
#(0 139866 318 109.172 49.0497670807453 0.0)
#(0 140630 318 109.187 42.5669871794872 0.0)
#(0 140631 318 109.187 43.7067647058824 0.0)
#(0 140632 318 109.187 47.2317903297683 0.0)
#(0 140633 318 109.187 49.9033578016187 0.0)
#(0 140634 318 109.187 43.4917203086768 0.0)
#(0 140635 318 109.187 44.4799443215522 0.0)
#(0 140636 318 109.187 44.5573711484594 0.0)
#(0 140637 318 109.187 46.59997108155 0.0)
#(0 140638 318 109.187 45.130497311828 0.0)
#(0 346 319 109.187 42.2311204481793 0.0)
#(0 347 319 109.187 49.2411764705882 0.0)
#(0 683 319 109.187 55.36 0.0)
#(0 699 319 109.187 45.3566756272401 0.0)
#(0 700 319 109.187 46.1786538461538 0.0)
#(0 705 319 109.187 44.2501654259719 0.0)
#(0 1110 319 109.187 46.3761111111111 0.0)
#(0 1437 319 109.187 45.9084704715219 0.0)
#(0 1439 319 109.187 44.3078421578422 0.0)
#(0 1440 319 109.187 44.5421454451346 0.0)
#(0 1441 319 109.187 45.7727011494253 0.0)
#(0 1444 319 109.187 45.6934837092732 0.0)
#(0 1445 319 109.187 44.5615476190476 0.0)
#(0 1740 319 109.187 43.5645510835913 0.0)
#(0 1742 319 109.187 43.4472222222222 0.0)
#(0 2017 319 109.187 45.3566756272401 0.0)
#(0 2589 319 109.187 42.3467980295567 0.0)
#(0 2592 319 109.187 46.1854545454545 0.0)
#(0 2596 319 109.187 45.2086257309942 0.0)
#(0 2598 319 109.187 44.4166666666667 0.0)
#(0 2854 319 109.187 45.73 0.0)
#(0 3382 319 109.187 45.1642954305888 0.0)
#(0 3383 319 109.187 44.6007411067194 0.0)
#(0 137635 319 109.187 45.3095454545455 0.0)
#(0 137636 319 109.187 43.31163003663 0.0)
#(0 137638 319 109.187 47.1585125019908 0.0)
#(0 138033 319 109.187 45.2936538461538 0.0)
#(0 138036 319 109.187 48.9906349206349 0.0)
#(0 138037 319 109.187 48.2275389643037 0.0)
#(0 138039 319 109.187 49.1238095238095 0.0)
#(0 138040 319 109.203 45.310268907563 0.0)
#(0 138046 319 109.203 43.3092342342342 0.0)
#(0 138382 319 109.203 48.7575156641604 0.0)
#(0 138697 319 109.203 45.1625676406926 0.0)
#(0 138698 319 109.203 44.2614141414141 0.0)
#(0 138699 319 109.203 47.4071111111111 0.0)
#(0 138702 319 109.203 43.236395612533 0.0)
#(0 138704 319 109.203 44.911045943304 0.0)
#(0 138705 319 109.203 45.0058270330076 0.0)
#(0 138708 319 109.203 44.6970398481973 0.0)
#(0 139019 319 109.203 50.6180555555556 0.0)
#(0 139022 319 109.203 48.6142543859649 0.0)
#(0 139023 319 109.203 45.5360714285714 0.0)
#(0 139027 319 109.203 46.3875274725275 0.0)
#(0 139301 319 109.203 46.0309719737627 0.0)
#(0 139302 319 109.203 43.9867574616053 0.0)
#(0 139303 319 109.203 46.9820582010582 0.0)
#(0 139304 319 109.203 49.3629864253394 0.0)
#(0 139305 319 109.203 44.7520588235294 0.0)
#(0 139306 319 109.203 45.2936538461538 0.0)
#(0 139307 319 109.203 45.0760293268438 0.0)
#(0 139867 319 109.203 45.2936538461538 0.0)
#(0 139868 319 109.203 42.0836752136752 0.0)
#(0 139869 319 109.203 44.5573711484594 0.0)
#(0 139870 319 109.203 48.6142543859649 0.0)
#(0 139871 319 109.203 51.5444444444444 0.0)
#(0 139872 319 109.203 44.7105182257356 0.0)
#(0 139873 319 109.203 45.1625676406926 0.0)
#(0 139874 319 109.203 49.1238095238095 0.0)
#(0 140639 319 109.203 45.6821428571429 0.0)
#(0 140640 319 109.203 49.2916666666667 0.0)
#(0 140641 319 109.203 45.0235256410256 0.0)
#(0 140642 319 109.203 45.3910927374743 0.0)
#(0 140643 319 109.203 45.5360714285714 0.0)
#(0 140644 319 109.203 45.1556783877646 0.0)
#(0 140645 319 109.203 46.2248571708354 0.0)
#(0 140646 319 109.203 44.886218487395 0.0)
#(0 140647 319 109.203 43.7770833333333 0.0)
#(0 140648 319 109.203 43.9867574616053 0.0)
#(0 356 320 109.218 46.8387566137566 0.0)
#(0 707 320 109.218 45.3566756272401 0.0)
#(0 711 320 109.218 45.6198524087998 0.0)
#(0 722 320 109.218 49.2411764705882 0.0)
#(0 1112 320 109.218 42.2311204481793 0.0)
#(0 1120 320 109.218 47.9334117097049 0.0)
#(0 1743 320 109.218 40.5829859200848 0.0)
#(0 1753 320 109.218 45.9303381642512 0.0)
#(0 2021 320 109.218 44.6941632928475 0.0)
#(0 2022 320 109.218 46.3761111111111 0.0)
#(0 2024 320 109.218 47.7092803030303 0.0)
#(0 2026 320 109.218 44.2501654259719 0.0)
#(0 2027 320 109.218 40.5829859200848 0.0)
#(0 2313 320 109.218 42.2311204481793 0.0)
#(0 2599 320 109.218 44.3323520923521 0.0)
#(0 2601 320 109.218 43.491369047619 0.0)
#(0 3386 320 109.218 55.28125 0.0)
#(0 3387 320 109.218 43.1236257309941 0.0)
#(0 3388 320 109.218 44.6941632928475 0.0)
#(0 3390 320 109.218 44.0197016210509 0.0)
#(0 3391 320 109.218 47.0080552995392 0.0)
#(0 137640 320 109.218 45.0760293268438 0.0)
#(0 137646 320 109.218 44.886218487395 0.0)
#(0 137647 320 109.218 49.3629864253394 0.0)
#(0 137655 320 109.218 43.3085714285714 0.0)
#(0 137656 320 109.218 46.8415977443609 0.0)
#(0 137658 320 109.218 42.8399672399672 0.0)
#(0 138041 320 109.218 45.310268907563 0.0)
#(0 138042 320 109.218 47.4197972716938 0.0)
#(0 138050 320 109.218 44.4192328042328 0.0)
#(0 138057 320 109.218 47.415 0.0)
#(0 138058 320 109.234 49.9033578016187 0.0)
#(0 138061 320 109.234 44.7520588235294 0.0)
#(0 138390 320 109.234 43.7616421568627 0.0)
#(0 138392 320 109.234 45.3095454545455 0.0)
#(0 138394 320 109.234 49.9033578016187 0.0)
#(0 138711 320 109.234 42.5669871794872 0.0)
#(0 138712 320 109.234 42.6575587606838 0.0)
#(0 138715 320 109.234 44.911045943304 0.0)
#(0 139028 320 109.234 45.8775155279503 0.0)
#(0 139029 320 109.234 44.7484012066365 0.0)
#(0 139031 320 109.234 46.3632544903927 0.0)
#(0 139034 320 109.234 45.3395857475858 0.0)
#(0 139308 320 109.234 45.3395857475858 0.0)
#(0 139310 320 109.234 43.7442602495544 0.0)
#(0 139311 320 109.234 44.5946386946387 0.0)
#(0 139312 320 109.234 46.9820582010582 0.0)
#(0 139313 320 109.234 45.9409472387989 0.0)
#(0 139316 320 109.234 43.7067647058824 0.0)
#(0 139317 320 109.234 44.3662260536398 0.0)
#(0 139594 320 109.234 51.985 0.0)
#(0 139876 320 109.234 43.7948780487805 0.0)
#(0 139877 320 109.234 49.0159090909091 0.0)
#(0 139878 320 109.234 46.0729214874356 0.0)
#(0 139879 320 109.234 43.5663328664799 0.0)
#(0 139880 320 109.234 48.1614583333333 0.0)
#(0 139881 320 109.234 45.9947767179992 0.0)
#(0 139882 320 109.234 44.5573711484594 0.0)
#(0 139883 320 109.234 46.59997108155 0.0)
#(0 139884 320 109.234 51.985 0.0)
#(0 140649 320 109.234 42.6575587606838 0.0)
#(0 140650 320 109.234 44.6682422749664 0.0)
#(0 140651 320 109.234 38.9726400560224 0.0)
#(0 140652 320 109.234 45.91276106934 0.0)
#(0 140653 320 109.234 45.130497311828 0.0)
#(0 140654 320 109.234 43.5461458907887 0.0)
#(0 361 321 109.234 49.5183712121212 0.0)
#(0 365 321 109.234 45.8813466925232 0.0)
#(0 728 321 109.234 45.9084704715219 0.0)
#(0 1125 321 109.234 44.597123843898 0.0)
#(0 1126 321 109.234 45.9303381642512 0.0)
#(0 1134 321 109.25 44.5421454451346 0.0)
#(0 1457 321 109.25 47.9422222222222 0.0)
#(0 1744 321 109.25 43.4472222222222 0.0)
#(0 1760 321 109.25 42.9844798609099 0.0)
#(0 2033 321 109.25 42.7041310541311 0.0)
#(0 2034 321 109.25 45.8729936729937 0.0)
#(0 2035 321 109.25 44.3078421578422 0.0)
#(0 2036 321 109.25 43.6662835249042 0.0)
#(0 2037 321 109.25 43.0292857142857 0.0)
#(0 2605 321 109.25 44.2501654259719 0.0)
#(0 2606 321 109.25 43.6458611853832 0.0)
#(0 2609 321 109.25 48.1992753623188 0.0)
#(0 2613 321 109.25 42.9844798609099 0.0)
#(0 2615 321 109.25 45.8729936729937 0.0)
#(0 2871 321 109.25 49.1828571428571 0.0)
#(0 3393 321 109.25 40.5829859200848 0.0)
#(0 3394 321 109.25 44.597123843898 0.0)
#(0 137639 321 109.25 47.1585125019908 0.0)
#(0 137662 321 109.25 44.7484012066365 0.0)
#(0 137663 321 109.25 44.8642625313283 0.0)
#(0 137664 321 109.25 44.7497569072607 0.0)
#(0 137665 321 109.25 46.41 0.0)
#(0 137667 321 109.25 43.9867574616053 0.0)
#(0 137668 321 109.25 47.4197972716938 0.0)
#(0 138049 321 109.25 47.4197972716938 0.0)
#(0 138055 321 109.25 49.0159090909091 0.0)
#(0 138059 321 109.25 45.1625676406926 0.0)
#(0 138063 321 109.25 48.0963888888889 0.0)
#(0 138064 321 109.25 43.4917203086768 0.0)
#(0 138066 321 109.25 48.9906349206349 0.0)
#(0 138071 321 109.25 44.8577795031056 0.0)
#(0 138073 321 109.25 47.7673684210526 0.0)
#(0 138075 321 109.25 44.3662260536398 0.0)
#(0 138396 321 109.25 42.5669871794872 0.0)
#(0 138397 321 109.25 47.7074084249084 0.0)
#(0 138403 321 109.25 43.5663328664799 0.0)
#(0 138404 321 109.25 43.3301724137931 0.0)
#(0 138722 321 109.25 44.5258228817052 0.0)
#(0 138723 321 109.25 46.454493006993 0.0)
#(0 138724 321 109.265 50.9511904761905 0.0)
#(0 138727 321 109.265 44.7497569072607 0.0)
#(0 139038 321 109.265 49.1238095238095 0.0)
#(0 139040 321 109.265 49.4715277777778 0.0)
#(0 139043 321 109.265 44.7484012066365 0.0)
#(0 139315 321 109.265 46.9820582010582 0.0)
#(0 139319 321 109.265 44.957671957672 0.0)
#(0 139321 321 109.265 44.3346974789916 0.0)
#(0 139325 321 109.265 44.5258228817052 0.0)
#(0 139327 321 109.265 44.7520588235294 0.0)
#(0 139328 321 109.265 47.2317903297683 0.0)
#(0 139606 321 109.265 44.8642625313283 0.0)
#(0 139608 321 109.265 42.5669871794872 0.0)
#(0 139611 321 109.265 44.5166574381691 0.0)
#(0 139618 321 109.265 45.3395857475858 0.0)
#(0 139885 321 109.265 44.8642625313283 0.0)
#(0 139886 321 109.265 46.0309719737627 0.0)
#(0 139888 321 109.265 43.213385620915 0.0)
#(0 139889 321 109.265 45.8775155279503 0.0)
#(0 139892 321 109.265 48.6142543859649 0.0)
#(0 140655 321 109.265 51.5444444444444 0.0)
#(0 140656 321 109.265 49.5577777777778 0.0)
#(0 140657 321 109.265 44.3662260536398 0.0)
#(0 140658 321 109.265 45.0235256410256 0.0)
#(0 140659 321 109.265 46.8415977443609 0.0)
#(0 140660 321 109.265 43.31163003663 0.0)
#(0 140661 321 109.265 49.0497670807453 0.0)
#(0 140662 321 109.265 47.7673684210526 0.0)
#(0 140663 321 109.265 38.9726400560224 0.0)
#(0 140664 321 109.265 45.0760293268438 0.0)
#(0 140665 321 109.265 43.236395612533 0.0)
#(0 370 322 109.265 46.7432380952381 0.0)
#(0 374 322 109.265 45.7727011494253 0.0)
#(0 378 322 109.265 42.7041310541311 0.0)
#(0 733 322 109.265 45.7727011494253 0.0)
#(0 734 322 109.265 44.5615476190476 0.0)
#(0 744 322 109.265 44.3323520923521 0.0)
#(0 1139 322 109.265 45.6934837092732 0.0)
#(0 1140 322 109.265 44.3323520923521 0.0)
#(0 1141 322 109.265 44.597123843898 0.0)
#(0 1147 322 109.265 58.10625 0.0)
#(0 1150 322 109.281 44.5615476190476 0.0)
#(0 1461 322 109.281 42.6153267367553 0.0)
#(0 1465 322 109.281 47.9422222222222 0.0)
#(0 1470 322 109.281 44.6620434712346 0.0)
#(0 1477 322 109.281 45.3372745015101 0.0)
#(0 1765 322 109.281 44.5421454451346 0.0)
#(0 1767 322 109.281 45.6198524087998 0.0)
#(0 1768 322 109.281 53.4375 0.0)
#(0 2040 322 109.281 42.0931753831754 0.0)
#(0 2044 322 109.281 46.1786538461538 0.0)
#(0 2046 322 109.281 46.3761111111111 0.0)
#(0 2049 322 109.281 45.3566756272401 0.0)
#(0 2050 322 109.281 44.9336589336589 0.0)
#(0 2328 322 109.281 43.7215887995852 0.0)
#(0 2331 322 109.281 45.9916666666667 0.0)
#(0 2616 322 109.281 44.6620434712346 0.0)
#(0 2619 322 109.281 43.4472222222222 0.0)
#(0 2620 322 109.281 47.9422222222222 0.0)
#(0 2622 322 109.281 43.6458611853832 0.0)
#(0 2624 322 109.281 44.9336589336589 0.0)
#(0 3401 322 109.281 45.73 0.0)
#(0 3412 322 109.281 43.8704783640023 0.0)
#(0 3413 322 109.281 43.5645510835913 0.0)
#(0 137674 322 109.281 44.7520588235294 0.0)
#(0 137675 322 109.281 42.6575587606838 0.0)
#(0 137677 322 109.281 47.7194047619048 0.0)
#(0 137678 322 109.281 44.8642625313283 0.0)
#(0 138077 322 109.281 47.4071111111111 0.0)
#(0 138080 322 109.281 44.911045943304 0.0)
#(0 138081 322 109.281 44.7105182257356 0.0)
#(0 138083 322 109.281 44.3346974789916 0.0)
#(0 138084 322 109.281 43.8802447552448 0.0)
#(0 138088 322 109.281 45.2093956043956 0.0)
#(0 138405 322 109.281 44.5258228817052 0.0)
#(0 138406 322 109.281 45.6821428571429 0.0)
#(0 138408 322 109.281 46.9185964912281 0.0)
#(0 138409 322 109.281 45.8775155279503 0.0)
#(0 138413 322 109.281 47.8968546365915 0.0)
#(0 138721 322 109.297 47.771505050505 0.0)
#(0 138729 322 109.297 45.8010978835979 0.0)
#(0 138735 322 109.297 44.4362696514012 0.0)
#(0 138736 322 109.297 47.415 0.0)
#(0 138737 322 109.297 42.1 0.0)
#(0 138738 322 109.297 44.7105182257356 0.0)
#(0 139044 322 109.297 44.7484012066365 0.0)
#(0 139050 322 109.297 43.546801242236 0.0)
#(0 139051 322 109.297 44.7484012066365 0.0)
#(0 139052 322 109.297 46.454493006993 0.0)
#(0 139055 322 109.297 43.7616421568627 0.0)
#(0 139331 322 109.297 46.59997108155 0.0)
#(0 139332 322 109.297 43.3301724137931 0.0)
#(0 139333 322 109.297 45.5360714285714 0.0)
#(0 139335 322 109.297 44.4799443215522 0.0)
#(0 139336 322 109.297 47.7074084249084 0.0)
#(0 139338 322 109.297 47.1585125019908 0.0)
#(0 139617 322 109.297 42.5669871794872 0.0)
#(0 139620 322 109.297 44.9409064039409 0.0)
#(0 139622 322 109.297 47.6548412698413 0.0)
#(0 139890 322 109.297 46.0309719737627 0.0)
#(0 139896 322 109.297 44.886218487395 0.0)
#(0 139897 322 109.297 46.9309941520468 0.0)
#(0 139898 322 109.297 44.5573711484594 0.0)
#(0 139900 322 109.297 45.3910927374743 0.0)
#(0 139902 322 109.297 47.8968546365915 0.0)
#(0 140165 322 109.297 49.4715277777778 0.0)
#(0 140666 322 109.297 43.3092342342342 0.0)
#(0 140667 322 109.297 45.8775155279503 0.0)
#(0 140668 322 109.297 44.4362696514012 0.0)
#(0 380 323 109.297 46.7306060606061 0.0)
#(0 382 323 109.297 45.7727011494253 0.0)
#(0 746 323 109.297 45.3167724698575 0.0)
#(0 753 323 109.312 44.5615476190476 0.0)
#(0 755 323 109.312 44.821012145749 0.0)
#(0 758 323 109.312 42.3467980295567 0.0)
#(0 1157 323 109.312 43.491369047619 0.0)
#(0 1777 323 109.312 45.3566756272401 0.0)
#(0 1778 323 109.312 45.3566756272401 0.0)
#(0 2052 323 109.312 47.0080552995392 0.0)
#(0 2056 323 109.312 44.0197016210509 0.0)
#(0 2627 323 109.312 46.1854545454545 0.0)
#(0 2629 323 109.312 43.1236257309941 0.0)
#(0 2633 323 109.312 45.1644994840041 0.0)
#(0 2635 323 109.312 44.3078421578422 0.0)
#(0 3416 323 109.312 44.6620434712346 0.0)
#(0 3417 323 109.312 42.6153267367553 0.0)
#(0 3420 323 109.312 45.0556763285024 0.0)
#(0 3421 323 109.312 44.2786528669137 0.0)
#(0 137690 323 109.312 45.2093956043956 0.0)
#(0 137691 323 109.312 47.7146042318368 0.0)
#(0 137692 323 109.312 48.6142543859649 0.0)
#(0 137693 323 109.312 44.2977372919478 0.0)
#(0 137694 323 109.312 43.5663328664799 0.0)
#(0 138090 323 109.312 44.2614141414141 0.0)
#(0 138091 323 109.312 43.31163003663 0.0)
#(0 138092 323 109.312 45.2936538461538 0.0)
#(0 138095 323 109.312 47.7146042318368 0.0)
#(0 138096 323 109.312 46.0309719737627 0.0)
#(0 138097 323 109.328 43.3301724137931 0.0)
#(0 138098 323 109.328 45.1625676406926 0.0)
#(0 138410 323 109.328 45.2936538461538 0.0)
#(0 138418 323 109.328 49.9033578016187 0.0)
#(0 138422 323 109.328 44.6682422749664 0.0)
#(0 138423 323 109.328 44.3346974789916 0.0)
#(0 138424 323 109.328 45.8775155279503 0.0)
#(0 138426 323 109.328 45.2093956043956 0.0)
#(0 138739 323 109.328 44.3346974789916 0.0)
#(0 138742 323 109.328 43.5461458907887 0.0)
#(0 138743 323 109.328 45.8775155279503 0.0)
#(0 139058 323 109.328 -1 0.0)
#(0 139063 323 109.328 45.3395857475858 0.0)
#(0 139064 323 109.328 44.3346974789916 0.0)
#(0 139066 323 109.328 45.0782083333333 0.0)
#(0 139339 323 109.328 49.9033578016187 0.0)
#(0 139340 323 109.328 48.2275389643037 0.0)
#(0 139341 323 109.328 46.3632544903927 0.0)
#(0 139342 323 109.328 43.9867574616053 0.0)
#(0 139343 323 109.328 46.9820582010582 0.0)
#(0 139346 323 109.328 45.6821428571429 0.0)
#(0 139347 323 109.328 46.9022435897436 0.0)
#(0 139348 323 109.328 45.9409472387989 0.0)
#(0 139626 323 109.328 49.2916666666667 0.0)
#(0 139635 323 109.328 44.911045943304 0.0)
#(0 139901 323 109.328 46.3150974025974 0.0)
#(0 139903 323 109.328 45.6821428571429 0.0)
#(0 139905 323 109.328 49.3629864253394 0.0)
#(0 139906 323 109.328 47.372619047619 0.0)
#(0 139907 323 109.328 43.7067647058824 0.0)
#(0 139908 323 109.328 43.5663328664799 0.0)
#(0 139909 323 109.328 47.6548412698413 0.0)
#(0 140174 323 109.328 44.6682422749664 0.0)
#(0 140669 323 109.328 49.0497670807453 0.0)
#(0 140670 323 109.328 57.625 0.0)
#(0 140671 323 109.328 43.3301724137931 0.0)
#(0 140672 323 109.328 42.0836752136752 0.0)
#(0 140673 323 109.328 46.0309719737627 0.0)
#(0 140674 323 109.328 45.3095454545455 0.0)
#(0 140676 323 109.343 42.4358974358974 0.0)
#(0 140677 323 109.343 47.771505050505 0.0)
#(0 140678 323 109.343 44.5946386946387 0.0)
#(0 140679 323 109.343 43.7948780487805 0.0)
#(0 397 324 109.343 44.6941632928475 0.0)
#(0 399 324 109.343 43.6458611853832 0.0)
#(0 401 324 109.343 49.2411764705882 0.0)
#(0 752 324 109.343 44.3323520923521 0.0)
#(0 767 324 109.343 47.9334117097049 0.0)
#(0 768 324 109.343 45.8729936729937 0.0)
#(0 770 324 109.343 42.0931753831754 0.0)
#(0 772 324 109.343 44.4166666666667 0.0)
#(0 1160 324 109.343 43.1236257309941 0.0)
#(0 1165 324 109.343 47.9334117097049 0.0)
#(0 1170 324 109.343 44.9757386363636 0.0)
#(0 1486 324 109.343 45.3372745015101 0.0)
#(0 1487 324 109.343 42.2311204481793 0.0)
#(0 1488 324 109.343 45.7727011494253 0.0)
#(0 1489 324 109.343 46.3436769005848 0.0)
#(0 1783 324 109.343 53.4375 0.0)
#(0 1784 324 109.343 44.3323520923521 0.0)
#(0 1788 324 109.343 47.7092803030303 0.0)
#(0 2059 324 109.343 45.7727011494253 0.0)
#(0 2063 324 109.343 44.821012145749 0.0)
#(0 2067 324 109.343 44.0197016210509 0.0)
#(0 2344 324 109.343 44.3078421578422 0.0)
#(0 2356 324 109.343 45.9916666666667 0.0)
#(0 2362 324 109.343 44.6941632928475 0.0)
#(0 2639 324 109.343 45.4936530843237 0.0)
#(0 3424 324 109.343 44.5816666666667 0.0)
#(0 3425 324 109.343 37.0257575757576 0.0)
#(0 3427 324 109.343 45.3372745015101 0.0)
#(0 3428 324 109.343 46.3436769005848 0.0)
#(0 3430 324 109.343 44.6620434712346 0.0)
#(0 137696 324 109.343 46.3875274725275 0.0)
#(0 137701 324 109.343 43.2639101570264 0.0)
#(0 137702 324 109.343 44.5166574381691 0.0)
#(0 137708 324 109.343 43.5461458907887 0.0)
#(0 137710 324 109.359 44.4192328042328 0.0)
#(0 137711 324 109.359 49.0997222222222 0.0)
#(0 137713 324 109.359 44.5573711484594 0.0)
#(0 138105 324 109.359 44.5573711484594 0.0)
#(0 138106 324 109.359 45.8775155279503 0.0)
#(0 138432 324 109.359 43.7645933014354 0.0)
#(0 138433 324 109.359 48.7428571428571 0.0)
#(0 138746 324 109.359 46.454493006993 0.0)
#(0 138748 324 109.359 46.9309941520468 0.0)
#(0 138749 324 109.359 43.7948780487805 0.0)
#(0 138751 324 109.359 44.5166574381691 0.0)
#(0 138754 324 109.359 46.9578827751196 0.0)
#(0 138757 324 109.359 49.2916666666667 0.0)
#(0 138758 324 109.359 43.5461458907887 0.0)
#(0 139069 324 109.359 44.9409064039409 0.0)
#(0 139071 324 109.359 45.3395857475858 0.0)
#(0 139350 324 109.359 43.236395612533 0.0)
#(0 139356 324 109.359 43.4917203086768 0.0)
#(0 139357 324 109.359 43.7645933014354 0.0)
#(0 139358 324 109.359 46.8415977443609 0.0)
#(0 139643 324 109.359 45.6131085192698 0.0)
#(0 139910 324 109.359 43.4917203086768 0.0)
#(0 139914 324 109.359 48.4342857142857 0.0)
#(0 139915 324 109.359 43.7770833333333 0.0)
#(0 139916 324 109.359 46.0309719737627 0.0)
#(0 139917 324 109.359 47.2317903297683 0.0)
#(0 139918 324 109.359 45.2565955613014 0.0)
#(0 140675 324 109.359 46.0309719737627 0.0)
#(0 140680 324 109.359 48.7428571428571 0.0)
#(0 140681 324 109.359 43.9972354682874 0.0)
#(0 140682 324 109.359 45.6821428571429 0.0)
#(0 140683 324 109.359 46.1969264069264 0.0)
#(0 140684 324 109.359 42.6575587606838 0.0)
#(0 140685 324 109.359 45.3910927374743 0.0)
#(0 140686 324 109.359 50.0166666666667 0.0)
#(0 140687 324 109.359 45.5488602805463 0.0)
#(0 140688 324 109.359 44.7497569072607 0.0)
#(0 140689 324 109.359 45.0058270330076 0.0)
#(0 140690 324 109.359 45.3095454545455 0.0)
#(0 140691 324 109.375 49.0497670807453 0.0)
#(0 780 325 109.375 44.2501654259719 0.0)
#(0 788 325 109.375 45.0851436781609 0.0)
#(0 792 325 109.375 42.0931753831754 0.0)
#(0 1497 325 109.375 44.6620434712346 0.0)
#(0 1498 325 109.375 46.1854545454545 0.0)
#(0 1502 325 109.375 44.6941632928475 0.0)
#(0 1798 325 109.375 43.4472222222222 0.0)
#(0 1802 325 109.375 59.6111111111111 0.0)
#(0 2070 325 109.375 45.7727011494253 0.0)
#(0 2071 325 109.375 43.4472222222222 0.0)
#(0 2075 325 109.375 49.2411764705882 0.0)
#(0 2375 325 109.375 50.9230769230769 0.0)
#(0 2638 325 109.375 45.0556763285024 0.0)
#(0 2649 325 109.375 45.4936530843237 0.0)
#(0 3432 325 109.375 45.7727011494253 0.0)
#(0 3436 325 109.375 45.6934837092732 0.0)
#(0 3440 325 109.375 44.0197016210509 0.0)
#(0 3441 325 109.375 46.7306060606061 0.0)
#(0 137684 325 109.375 45.91276106934 0.0)
#(0 137716 325 109.375 47.8968546365915 0.0)
#(0 137717 325 109.375 47.2317903297683 0.0)
#(0 137719 325 109.375 45.8449567099567 0.0)
#(0 137724 325 109.375 51.985 0.0)
#(0 137727 325 109.375 46.8415977443609 0.0)
#(0 137728 325 109.375 46.9820582010582 0.0)
#(0 138108 325 109.375 43.8548320158103 0.0)
#(0 138110 325 109.375 44.957671957672 0.0)
#(0 138111 325 109.375 43.9867574616053 0.0)
#(0 138112 325 109.375 45.1625676406926 0.0)
#(0 138113 325 109.375 45.9409472387989 0.0)
#(0 138114 325 109.375 44.6970398481973 0.0)
#(0 138116 325 109.375 43.813428858723 0.0)
#(0 138117 325 109.375 44.4362696514012 0.0)
#(0 138412 325 109.375 45.2936538461538 0.0)
#(0 138439 325 109.375 48.7575156641604 0.0)
#(0 138440 325 109.375 44.7105182257356 0.0)
#(0 138447 325 109.375 48.9906349206349 0.0)
#(0 138747 325 109.39 46.454493006993 0.0)
#(0 138759 325 109.39 45.0760293268438 0.0)
#(0 138767 325 109.39 45.8449567099567 0.0)
#(0 139077 325 109.39 46.3150974025974 0.0)
#(0 139079 325 109.39 45.7767496392496 0.0)
#(0 139082 325 109.39 44.2614141414141 0.0)
#(0 139359 325 109.39 44.3346974789916 0.0)
#(0 139361 325 109.39 43.813428858723 0.0)
#(0 139362 325 109.39 44.9409064039409 0.0)
#(0 139646 325 109.39 44.7497569072607 0.0)
#(0 139919 325 109.39 46.3150974025974 0.0)
#(0 139920 325 109.39 42.0836752136752 0.0)
#(0 139921 325 109.39 43.213385620915 0.0)
#(0 139922 325 109.39 48.7428571428571 0.0)
#(0 139923 325 109.39 47.1585125019908 0.0)
#(0 139924 325 109.39 45.5488602805463 0.0)
#(0 139925 325 109.39 45.1625676406926 0.0)
#(0 139926 325 109.39 43.236395612533 0.0)
#(0 139927 325 109.39 45.3395857475858 0.0)
#(0 139928 325 109.39 43.7442602495544 0.0)
#(0 140692 325 109.39 42.6575587606838 0.0)
#(0 140693 325 109.39 42.8399672399672 0.0)
#(0 140694 325 109.39 43.9867574616053 0.0)
#(0 140695 325 109.39 44.7520588235294 0.0)
#(0 140696 325 109.39 45.7083333333333 0.0)
#(0 140697 325 109.39 44.6339047619048 0.0)
#(0 140698 325 109.39 48.0696428571429 0.0)
#(0 403 326 109.39 46.7306060606061 0.0)
#(0 417 326 109.39 48.1992753623188 0.0)
#(0 418 326 109.39 44.6620434712346 0.0)
#(0 783 326 109.39 42.3467980295567 0.0)
#(0 798 326 109.39 43.491369047619 0.0)
#(0 799 326 109.39 44.5421454451346 0.0)
#(0 1182 326 109.39 44.9336589336589 0.0)
#(0 1183 326 109.39 45.9084704715219 0.0)
#(0 1189 326 109.39 44.821012145749 0.0)
#(0 1503 326 109.39 44.2501654259719 0.0)
#(0 1508 326 109.39 43.0292857142857 0.0)
#(0 1510 326 109.39 43.5645510835913 0.0)
#(0 1809 326 109.406 44.821012145749 0.0)
#(0 1810 326 109.406 45.1642954305888 0.0)
#(0 1811 326 109.406 64.3333333333333 0.0)
#(0 2077 326 109.406 44.6007411067194 0.0)
#(0 2079 326 109.406 45.2086257309942 0.0)
#(0 2085 326 109.406 43.5645510835913 0.0)
#(0 2086 326 109.406 51.9166666666667 0.0)
#(0 2087 326 109.406 45.1642954305888 0.0)
#(0 2089 326 109.406 44.5421454451346 0.0)
#(0 2090 326 109.406 45.8729936729937 0.0)
#(0 2091 326 109.406 46.1854545454545 0.0)
#(0 2648 326 109.406 47.9334117097049 0.0)
#(0 2655 326 109.406 43.1236257309941 0.0)
#(0 2659 326 109.406 43.5645510835913 0.0)
#(0 2660 326 109.406 45.9916666666667 0.0)
#(0 3434 326 109.406 45.7727011494253 0.0)
#(0 3445 326 109.406 51.9166666666667 0.0)
#(0 137733 326 109.406 45.8775155279503 0.0)
#(0 137736 326 109.406 45.5488602805463 0.0)
#(0 137737 326 109.406 42.4358974358974 0.0)
#(0 137739 326 109.406 42.6575587606838 0.0)
#(0 137741 326 109.406 44.5573711484594 0.0)
#(0 138107 326 109.406 45.8775155279503 0.0)
#(0 138118 326 109.406 43.8612145336604 0.0)
#(0 138122 326 109.406 44.3662260536398 0.0)
#(0 138123 326 109.406 44.886218487395 0.0)
#(0 138125 326 109.406 44.3346974789916 0.0)
#(0 138450 326 109.406 45.3395857475858 0.0)
#(0 138453 326 109.406 43.8802447552448 0.0)
#(0 138456 326 109.422 45.0750757575758 0.0)
#(0 138458 326 109.422 49.5577777777778 0.0)
#(0 138460 326 109.422 43.4917203086768 0.0)
#(0 138461 326 109.422 45.9409472387989 0.0)
#(0 138462 326 109.422 44.2977372919478 0.0)
#(0 138756 326 109.422 46.9578827751196 0.0)
#(0 138764 326 109.422 43.3092342342342 0.0)
#(0 138770 326 109.422 57.25 0.0)
#(0 138771 326 109.422 45.91276106934 0.0)
#(0 139083 326 109.422 43.813428858723 0.0)
#(0 139086 326 109.422 46.3150974025974 0.0)
#(0 139088 326 109.422 45.2565955613014 0.0)
#(0 139089 326 109.422 46.9185964912281 0.0)
#(0 139090 326 109.422 45.91276106934 0.0)
#(0 139363 326 109.422 45.3910927374743 0.0)
#(0 139364 326 109.422 44.8642625313283 0.0)
#(0 139366 326 109.422 48.7575156641604 0.0)
#(0 139367 326 109.422 45.310268907563 0.0)
#(0 139368 326 109.422 44.7497569072607 0.0)
#(0 139369 326 109.422 46.41 0.0)
#(0 139370 326 109.422 43.9972354682874 0.0)
#(0 139371 326 109.422 59.125 0.0)
#(0 139372 326 109.422 43.31163003663 0.0)
#(0 139930 326 109.422 46.9578827751196 0.0)
#(0 139931 326 109.422 49.9984126984127 0.0)
#(0 140699 326 109.422 45.0235256410256 0.0)
#(0 140700 326 109.422 45.310268907563 0.0)
#(0 140701 326 109.422 43.4917203086768 0.0)
#(0 140702 326 109.422 44.8642625313283 0.0)
#(0 140703 326 109.422 51.985 0.0)
#(0 140704 326 109.422 45.0782083333333 0.0)
#(0 140705 326 109.422 -1 0.0)
#(0 140706 326 109.422 45.2565955613014 0.0)
#(0 140707 326 109.422 49.5577777777778 0.0)
#(0 419 327 109.422 44.5615476190476 0.0)
#(0 424 327 109.422 44.9757386363636 0.0)
#(0 808 327 109.422 42.7041310541311 0.0)
#(0 809 327 109.422 45.6934837092732 0.0)
#(0 810 327 109.422 49.2411764705882 0.0)
#(0 1194 327 109.422 44.4166666666667 0.0)
#(0 1201 327 109.422 44.821012145749 0.0)
#(0 1202 327 109.422 45.73 0.0)
#(0 1518 327 109.437 45.9084704715219 0.0)
#(0 1519 327 109.437 44.3078421578422 0.0)
#(0 1520 327 109.437 42.2311204481793 0.0)
#(0 1812 327 109.437 42.3467980295567 0.0)
#(0 1814 327 109.437 46.8387566137566 0.0)
#(0 1815 327 109.437 44.5421454451346 0.0)
#(0 2095 327 109.437 44.6620434712346 0.0)
#(0 2098 327 109.437 43.0292857142857 0.0)
#(0 2102 327 109.437 45.3167724698575 0.0)
#(0 2103 327 109.437 46.3436769005848 0.0)
#(0 2672 327 109.437 43.5645510835913 0.0)
#(0 2673 327 109.437 45.1642954305888 0.0)
#(0 3449 327 109.437 49.0625 0.0)
#(0 3451 327 109.437 43.5645510835913 0.0)
#(0 3453 327 109.437 50.1298701298701 0.0)
#(0 3454 327 109.437 44.6941632928475 0.0)
#(0 3455 327 109.437 45.9303381642512 0.0)
#(0 137750 327 109.437 45.2936538461538 0.0)
#(0 137751 327 109.437 45.0235256410256 0.0)
#(0 137755 327 109.437 42.5669871794872 0.0)
#(0 137757 327 109.437 46.8415977443609 0.0)
#(0 137759 327 109.437 47.7146042318368 0.0)
#(0 137762 327 109.437 43.5663328664799 0.0)
#(0 137763 327 109.437 45.1556783877646 0.0)
#(0 138127 327 109.437 43.3085714285714 0.0)
#(0 138130 327 109.437 57.625 0.0)
#(0 138131 327 109.437 50.9511904761905 0.0)
#(0 138132 327 109.437 46.9820582010582 0.0)
#(0 138133 327 109.437 45.8775155279503 0.0)
#(0 138136 327 109.437 48.4342857142857 0.0)
#(0 138466 327 109.437 45.8010978835979 0.0)
#(0 138470 327 109.437 48.8116666666667 0.0)
#(0 138766 327 109.437 46.454493006993 0.0)
#(0 138777 327 109.437 44.7497569072607 0.0)
#(0 138780 327 109.437 46.9309941520468 0.0)
#(0 138782 327 109.437 43.2639101570264 0.0)
#(0 138783 327 109.437 44.4192328042328 0.0)
#(0 139093 327 109.437 44.4799443215522 0.0)
#(0 139095 327 109.437 43.7442602495544 0.0)
#(0 139098 327 109.453 51.985 0.0)
#(0 139101 327 109.453 47.1266827898268 0.0)
#(0 139103 327 109.453 44.7484012066365 0.0)
#(0 139104 327 109.453 45.310268907563 0.0)
#(0 139107 327 109.453 46.9185964912281 0.0)
#(0 139109 327 109.453 47.1585125019908 0.0)
#(0 139373 327 109.453 43.546801242236 0.0)
#(0 139374 327 109.453 51.5333333333333 0.0)
#(0 139375 327 109.453 46.9820582010582 0.0)
#(0 139377 327 109.453 50.6180555555556 0.0)
#(0 139378 327 109.453 47.8968546365915 0.0)
#(0 139379 327 109.453 47.7194047619048 0.0)
#(0 139382 327 109.453 43.4917203086768 0.0)
#(0 139383 327 109.453 45.8775155279503 0.0)
#(0 139384 327 109.453 45.6131085192698 0.0)
#(0 139385 327 109.453 45.1543697478992 0.0)
#(0 139664 327 109.453 47.4071111111111 0.0)
#(0 139933 327 109.453 43.546801242236 0.0)
#(0 139934 327 109.453 46.2248571708354 0.0)
#(0 139935 327 109.453 46.3632544903927 0.0)
#(0 139938 327 109.453 49.4715277777778 0.0)
#(0 139939 327 109.453 49.9033578016187 0.0)
#(0 140708 327 109.453 44.9409064039409 0.0)
#(0 140709 327 109.453 46.3150974025974 0.0)
#(0 140710 327 109.453 46.1969264069264 0.0)
#(0 140711 327 109.453 45.5360714285714 0.0)
#(0 140712 327 109.453 42.4358974358974 0.0)
#(0 140713 327 109.453 44.7105182257356 0.0)
#(0 140714 327 109.453 44.957671957672 0.0)
#(0 437 328 109.453 43.6662835249042 0.0)
#(0 828 328 109.453 47.9334117097049 0.0)
#(0 830 328 109.453 45.3566756272401 0.0)
#(0 1203 328 109.453 42.3467980295567 0.0)
#(0 1209 328 109.453 45.2086257309942 0.0)
#(0 1212 328 109.453 45.2086257309942 0.0)
#(0 1216 328 109.453 44.5421454451346 0.0)
#(0 1218 328 109.453 43.491369047619 0.0)
#(0 1521 328 109.453 43.0292857142857 0.0)
#(0 1817 328 109.468 45.6198524087998 0.0)
#(0 2108 328 109.468 47.9334117097049 0.0)
#(0 2674 328 109.468 43.6662835249042 0.0)
#(0 2675 328 109.468 44.9757386363636 0.0)
#(0 2677 328 109.468 45.3167724698575 0.0)
#(0 2681 328 109.468 57.7222222222222 0.0)
#(0 2682 328 109.468 48.1422619047619 0.0)
#(0 2683 328 109.468 44.6941632928475 0.0)
#(0 3458 328 109.468 37.0257575757576 0.0)
#(0 137355 328 109.468 42.5669871794872 0.0)
#(0 137768 328 109.468 47.1585125019908 0.0)
#(0 137771 328 109.468 42.6575587606838 0.0)
#(0 137772 328 109.468 44.5946386946387 0.0)
#(0 137777 328 109.468 48.0963888888889 0.0)
#(0 137778 328 109.468 43.3085714285714 0.0)
#(0 138137 328 109.468 45.2565955613014 0.0)
#(0 138138 328 109.468 46.9309941520468 0.0)
#(0 138140 328 109.468 46.9185964912281 0.0)
#(0 138141 328 109.468 46.9820582010582 0.0)
#(0 138142 328 109.468 44.5964285714286 0.0)
#(0 138143 328 109.468 46.3503571428571 0.0)
#(0 138145 328 109.468 42.8399672399672 0.0)
#(0 138146 328 109.468 49.9033578016187 0.0)
#(0 138147 328 109.468 43.3085714285714 0.0)
#(0 138148 328 109.468 48.0963888888889 0.0)
#(0 138149 328 109.468 42.5669871794872 0.0)
#(0 138483 328 109.468 45.91276106934 0.0)
#(0 138485 328 109.468 45.6131085192698 0.0)
#(0 138487 328 109.468 47.8968546365915 0.0)
#(0 138769 328 109.468 46.454493006993 0.0)
#(0 138784 328 109.468 43.8548320158103 0.0)
#(0 138785 328 109.468 49.5577777777778 0.0)
#(0 138786 328 109.468 44.5166574381691 0.0)
#(0 139115 328 109.468 45.2565955613014 0.0)
#(0 139116 328 109.468 43.7442602495544 0.0)
#(0 139117 328 109.468 48.4342857142857 0.0)
#(0 139386 328 109.468 44.3662260536398 0.0)
#(0 139389 328 109.468 49.5577777777778 0.0)
#(0 139391 328 109.484 45.5360714285714 0.0)
#(0 139392 328 109.484 44.6970398481973 0.0)
#(0 139394 328 109.484 47.1266827898268 0.0)
#(0 139396 328 109.484 47.7074084249084 0.0)
#(0 139397 328 109.484 44.957671957672 0.0)
#(0 139672 328 109.484 43.5461458907887 0.0)
#(0 139673 328 109.484 50.0166666666667 0.0)
#(0 139936 328 109.484 46.9578827751196 0.0)
#(0 139941 328 109.484 48.0963888888889 0.0)
#(0 139942 328 109.484 45.1625676406926 0.0)
#(0 139944 328 109.484 54.3333333333333 0.0)
#(0 140205 328 109.484 -1 0.0)
#(0 140715 328 109.484 44.9409064039409 0.0)
#(0 140716 328 109.484 43.7770833333333 0.0)
#(0 140717 328 109.484 46.9185964912281 0.0)
#(0 140718 328 109.484 45.5360714285714 0.0)
#(0 140719 328 109.484 45.3095454545455 0.0)
#(0 140720 328 109.484 46.2248571708354 0.0)
#(0 140721 328 109.484 48.4342857142857 0.0)
#(0 444 329 109.484 42.7041310541311 0.0)
#(0 445 329 109.484 46.7666666666667 0.0)
#(0 446 329 109.484 44.4166666666667 0.0)
#(0 448 329 109.484 44.597123843898 0.0)
#(0 452 329 109.484 45.9303381642512 0.0)
#(0 455 329 109.484 45.9084704715219 0.0)
#(0 457 329 109.484 44.2501654259719 0.0)
#(0 458 329 109.484 47.0080552995392 0.0)
#(0 831 329 109.484 47.0 0.0)
#(0 834 329 109.484 44.5421454451346 0.0)
#(0 835 329 109.484 43.491369047619 0.0)
#(0 839 329 109.484 44.6941632928475 0.0)
#(0 1222 329 109.484 49.5183712121212 0.0)
#(0 1224 329 109.484 44.5421454451346 0.0)
#(0 1228 329 109.484 47.7092803030303 0.0)
#(0 1229 329 109.484 45.7727011494253 0.0)
#(0 1230 329 109.484 45.9084704715219 0.0)
#(0 1527 329 109.484 44.821012145749 0.0)
#(0 1529 329 109.484 44.5615476190476 0.0)
#(0 2112 329 109.484 42.0931753831754 0.0)
#(0 2114 329 109.5 45.8729936729937 0.0)
#(0 2118 329 109.5 44.6620434712346 0.0)
#(0 2686 329 109.5 42.3467980295567 0.0)
#(0 3461 329 109.5 45.1642954305888 0.0)
#(0 3463 329 109.5 42.2311204481793 0.0)
#(0 3464 329 109.5 45.3372745015101 0.0)
#(0 3466 329 109.5 44.9757386363636 0.0)
#(0 3467 329 109.5 44.4166666666667 0.0)
#(0 3468 329 109.5 45.1644994840041 0.0)
#(0 137781 329 109.5 46.9309941520468 0.0)
#(0 137782 329 109.5 59.125 0.0)
#(0 137786 329 109.5 43.5663328664799 0.0)
#(0 137787 329 109.5 46.0376089324619 0.0)
#(0 137790 329 109.5 44.2977372919478 0.0)
#(0 137792 329 109.5 49.3629864253394 0.0)
#(0 138150 329 109.5 43.3301724137931 0.0)
#(0 138151 329 109.5 45.3910927374743 0.0)
#(0 138152 329 109.5 46.0376089324619 0.0)
#(0 138153 329 109.5 45.3395857475858 0.0)
#(0 138154 329 109.5 45.6821428571429 0.0)
#(0 138157 329 109.5 44.7497569072607 0.0)
#(0 138160 329 109.5 44.4192328042328 0.0)
#(0 138469 329 109.5 47.2317903297683 0.0)
#(0 138494 329 109.5 47.7074084249084 0.0)
#(0 138495 329 109.5 43.3085714285714 0.0)
#(0 138498 329 109.5 43.7442602495544 0.0)
#(0 138501 329 109.5 50.65 0.0)
#(0 138503 329 109.5 45.0750757575758 0.0)
#(0 138505 329 109.5 44.7105182257356 0.0)
#(0 138793 329 109.5 43.31163003663 0.0)
#(0 138795 329 109.5 45.0750757575758 0.0)
#(0 138796 329 109.5 46.0309719737627 0.0)
#(0 138798 329 109.5 49.9984126984127 0.0)
#(0 138799 329 109.515 44.5258228817052 0.0)
#(0 138800 329 109.515 43.9630014430014 0.0)
#(0 138801 329 109.515 45.0058270330076 0.0)
#(0 138802 329 109.515 49.3629864253394 0.0)
#(0 138805 329 109.515 44.4362696514012 0.0)
#(0 138806 329 109.515 44.9409064039409 0.0)
#(0 138807 329 109.515 42.0836752136752 0.0)
#(0 138808 329 109.515 43.7616421568627 0.0)
#(0 138809 329 109.515 44.3662260536398 0.0)
#(0 139121 329 109.515 46.0309719737627 0.0)
#(0 139122 329 109.515 45.6821428571429 0.0)
#(0 139123 329 109.515 44.5166574381691 0.0)
#(0 139125 329 109.515 43.9972354682874 0.0)
#(0 139130 329 109.515 44.5946386946387 0.0)
#(0 139134 329 109.515 42.5669871794872 0.0)
#(0 139402 329 109.515 45.0235256410256 0.0)
#(0 139404 329 109.515 42.6575587606838 0.0)
#(0 139405 329 109.515 45.6131085192698 0.0)
#(0 139406 329 109.515 49.9033578016187 0.0)
#(0 139408 329 109.515 49.7444444444444 0.0)
#(0 139940 329 109.515 47.1585125019908 0.0)
#(0 139947 329 109.515 49.0997222222222 0.0)
#(0 139948 329 109.515 43.7442602495544 0.0)
#(0 139950 329 109.515 45.3395857475858 0.0)
#(0 139951 329 109.515 48.2275389643037 0.0)
#(0 139952 329 109.515 45.91276106934 0.0)
#(0 139953 329 109.515 46.3150974025974 0.0)
#(0 139954 329 109.515 46.9578827751196 0.0)
#(0 140217 329 109.515 50.0166666666667 0.0)
#(0 140723 329 109.515 48.4342857142857 0.0)
#(0 140724 329 109.515 44.7497569072607 0.0)
#(0 140725 329 109.515 44.2614141414141 0.0)
#(0 140726 329 109.515 47.1266827898268 0.0)
#(0 140727 329 109.515 44.5258228817052 0.0)
#(0 140728 329 109.515 46.3150974025974 0.0)
#(0 140729 329 109.515 43.7442602495544 0.0)
#(0 140730 329 109.515 38.9726400560224 0.0)
#(0 140731 329 109.515 44.9133578431373 0.0)
#(0 102 330 109.531 46.3436769005848 0.0)
#(0 106 330 109.531 50.1298701298701 0.0)
#(0 466 330 109.531 44.9757386363636 0.0)
#(0 841 330 109.531 -1 0.0)
#(0 846 330 109.531 42.2311204481793 0.0)
#(0 848 330 109.531 43.1236257309941 0.0)
#(0 1241 330 109.531 47.0080552995392 0.0)
#(0 1539 330 109.531 45.3566756272401 0.0)
#(0 1545 330 109.531 42.0931753831754 0.0)
#(0 1842 330 109.531 45.7727011494253 0.0)
#(0 2121 330 109.531 44.2501654259719 0.0)
#(0 2122 330 109.531 44.6941632928475 0.0)
#(0 2130 330 109.531 47.9334117097049 0.0)
#(0 2685 330 109.531 42.6153267367553 0.0)
#(0 2689 330 109.531 45.9916666666667 0.0)
#(0 2693 330 109.531 46.3436769005848 0.0)
#(0 2695 330 109.531 51.9166666666667 0.0)
#(0 2697 330 109.531 44.9757386363636 0.0)
#(0 3472 330 109.531 44.2786528669137 0.0)
#(0 3473 330 109.531 43.491369047619 0.0)
#(0 3475 330 109.531 45.3167724698575 0.0)
#(0 3478 330 109.531 46.1786538461538 0.0)
#(0 3480 330 109.531 48.1992753623188 0.0)
#(0 137373 330 109.531 44.997183908046 0.0)
#(0 137376 330 109.531 44.7105182257356 0.0)
#(0 137378 330 109.531 45.2936538461538 0.0)
#(0 137379 330 109.531 45.0782083333333 0.0)
#(0 137382 330 109.531 46.0309719737627 0.0)
#(0 137793 330 109.531 45.8775155279503 0.0)
#(0 137795 330 109.531 47.8968546365915 0.0)
#(0 137800 330 109.531 42.0836752136752 0.0)
#(0 137802 330 109.531 47.6818181818182 0.0)
#(0 138163 330 109.531 47.1585125019908 0.0)
#(0 138164 330 109.531 45.6821428571429 0.0)
#(0 138166 330 109.531 43.9867574616053 0.0)
#(0 138169 330 109.547 43.2639101570264 0.0)
#(0 138496 330 109.547 46.3875274725275 0.0)
#(0 138517 330 109.547 42.8399672399672 0.0)
#(0 138519 330 109.547 43.236395612533 0.0)
#(0 138804 330 109.547 43.813428858723 0.0)
#(0 138811 330 109.547 43.5663328664799 0.0)
#(0 138812 330 109.547 43.7948780487805 0.0)
#(0 138813 330 109.547 45.9947767179992 0.0)
#(0 138815 330 109.547 43.7645933014354 0.0)
#(0 139137 330 109.547 49.1238095238095 0.0)
#(0 139138 330 109.547 44.2977372919478 0.0)
#(0 139410 330 109.547 45.7767496392496 0.0)
#(0 139411 330 109.547 43.7442602495544 0.0)
#(0 139412 330 109.547 44.9409064039409 0.0)
#(0 139413 330 109.547 48.2275389643037 0.0)
#(0 139415 330 109.547 47.2317903297683 0.0)
#(0 139416 330 109.547 44.8577795031056 0.0)
#(0 139418 330 109.547 46.3150974025974 0.0)
#(0 139422 330 109.547 48.4342857142857 0.0)
#(0 139688 330 109.547 45.6821428571429 0.0)
#(0 139949 330 109.547 43.7442602495544 0.0)
#(0 139955 330 109.547 46.0309719737627 0.0)
#(0 139956 330 109.547 41.4431243266537 0.0)
#(0 139957 330 109.547 45.6131085192698 0.0)
#(0 139958 330 109.547 44.6339047619048 0.0)
#(0 139959 330 109.547 47.4197972716938 0.0)
#(0 139961 330 109.547 48.0963888888889 0.0)
#(0 139962 330 109.547 44.7105182257356 0.0)
#(0 139963 330 109.547 44.4799443215522 0.0)
#(0 139964 330 109.547 46.0729214874356 0.0)
#(0 139965 330 109.547 49.0497670807453 0.0)
#(0 139966 330 109.547 46.0376089324619 0.0)
#(0 140224 330 109.547 48.9906349206349 0.0)
#(0 140722 330 109.547 44.9409064039409 0.0)
#(0 140732 330 109.547 45.130497311828 0.0)
#(0 140733 330 109.547 48.25 0.0)
#(0 140734 330 109.547 49.0497670807453 0.0)
#(0 140735 330 109.547 45.1556783877646 0.0)
#(0 140736 330 109.547 43.546801242236 0.0)
#(0 140737 330 109.562 41.4431243266537 0.0)
#(0 140738 330 109.562 46.9820582010582 0.0)
#(0 140739 330 109.562 47.1266827898268 0.0)
#(0 140740 330 109.562 44.3662260536398 0.0)
#(0 112 331 109.562 42.7041310541311 0.0)
#(0 114 331 109.562 49.2411764705882 0.0)
#(0 117 331 109.562 46.1854545454545 0.0)
#(0 120 331 109.562 51.9166666666667 0.0)
#(0 121 331 109.562 42.6153267367553 0.0)
#(0 468 331 109.562 43.6458611853832 0.0)
#(0 472 331 109.562 44.5615476190476 0.0)
#(0 474 331 109.562 42.3467980295567 0.0)
#(0 475 331 109.562 45.3566756272401 0.0)
#(0 479 331 109.562 45.2086257309942 0.0)
#(0 483 331 109.562 45.9084704715219 0.0)
#(0 850 331 109.562 47.0080552995392 0.0)
#(0 856 331 109.562 42.3467980295567 0.0)
#(0 864 331 109.562 42.0931753831754 0.0)
#(0 1255 331 109.562 64.3333333333333 0.0)
#(0 1256 331 109.562 44.5421454451346 0.0)
#(0 1257 331 109.562 45.3566756272401 0.0)
#(0 1259 331 109.562 43.491369047619 0.0)
#(0 1551 331 109.562 44.9757386363636 0.0)
#(0 1552 331 109.562 44.6620434712346 0.0)
#(0 1556 331 109.562 40.5829859200848 0.0)
#(0 2134 331 109.562 44.3323520923521 0.0)
#(0 2138 331 109.562 45.8729936729937 0.0)
#(0 2143 331 109.562 44.9757386363636 0.0)
#(0 2144 331 109.562 44.821012145749 0.0)
#(0 2145 331 109.562 44.5816666666667 0.0)
#(0 2421 331 109.562 44.9336589336589 0.0)
#(0 2425 331 109.562 46.1786538461538 0.0)
#(0 2700 331 109.562 47.7092803030303 0.0)
#(0 2701 331 109.562 48.1992753623188 0.0)
#(0 2703 331 109.562 40.5829859200848 0.0)
#(0 2704 331 109.562 44.6007411067194 0.0)
#(0 3481 331 109.562 43.6662835249042 0.0)
#(0 3483 331 109.562 44.3323520923521 0.0)
#(0 3484 331 109.578 44.6007411067194 0.0)
#(0 3486 331 109.578 45.3167724698575 0.0)
#(0 3490 331 109.578 44.5421454451346 0.0)
#(0 137384 331 109.578 43.5461458907887 0.0)
#(0 137385 331 109.578 47.4071111111111 0.0)
#(0 137387 331 109.578 46.9820582010582 0.0)
#(0 137774 331 109.578 43.2639101570264 0.0)
#(0 137804 331 109.578 44.4192328042328 0.0)
#(0 137805 331 109.578 43.9867574616053 0.0)
#(0 137806 331 109.578 46.3875274725275 0.0)
#(0 137810 331 109.578 45.8775155279503 0.0)
#(0 138170 331 109.578 46.3632544903927 0.0)
#(0 138172 331 109.578 44.6339047619048 0.0)
#(0 138175 331 109.578 45.3095454545455 0.0)
#(0 138179 331 109.578 44.886218487395 0.0)
#(0 138180 331 109.578 45.8775155279503 0.0)
#(0 138506 331 109.578 42.4358974358974 0.0)
#(0 138514 331 109.578 45.0750757575758 0.0)
#(0 138520 331 109.578 44.4799443215522 0.0)
#(0 138522 331 109.578 43.7442602495544 0.0)
#(0 138524 331 109.578 45.2936538461538 0.0)
#(0 138818 331 109.578 46.2248571708354 0.0)
#(0 138819 331 109.578 44.5166574381691 0.0)
#(0 138820 331 109.578 44.7520588235294 0.0)
#(0 138821 331 109.578 49.7444444444444 0.0)
#(0 138823 331 109.578 43.7948780487805 0.0)
#(0 138825 331 109.578 46.3632544903927 0.0)
#(0 138827 331 109.578 44.7484012066365 0.0)
#(0 138830 331 109.578 42.5669871794872 0.0)
#(0 139144 331 109.578 45.6821428571429 0.0)
#(0 139145 331 109.578 48.7428571428571 0.0)
#(0 139148 331 109.578 44.5573711484594 0.0)
#(0 139423 331 109.578 46.9820582010582 0.0)
#(0 139425 331 109.578 51.5444444444444 0.0)
#(0 139427 331 109.578 46.0309719737627 0.0)
#(0 139428 331 109.578 56.4885416666667 0.0)
#(0 139431 331 109.578 45.7767496392496 0.0)
#(0 139433 331 109.578 43.4917203086768 0.0)
#(0 139967 331 109.593 45.1556783877646 0.0)
#(0 139970 331 109.593 44.5573711484594 0.0)
#(0 139972 331 109.593 43.8548320158103 0.0)
#(0 140741 331 109.593 49.1238095238095 0.0)
#(0 140742 331 109.593 43.7442602495544 0.0)
#(0 140743 331 109.593 43.5663328664799 0.0)
#(0 140744 331 109.593 45.7767496392496 0.0)
#(0 140745 331 109.593 38.9726400560224 0.0)
#(0 122 332 109.593 45.9084704715219 0.0)
#(0 123 332 109.593 42.9844798609099 0.0)
#(0 124 332 109.593 46.7666666666667 0.0)
#(0 125 332 109.593 42.9844798609099 0.0)
#(0 133 332 109.593 44.3078421578422 0.0)
#(0 486 332 109.593 45.0556763285024 0.0)
#(0 487 332 109.593 43.491369047619 0.0)
#(0 495 332 109.593 44.6007411067194 0.0)
#(0 868 332 109.593 46.3761111111111 0.0)
#(0 871 332 109.593 46.3436769005848 0.0)
#(0 873 332 109.593 46.1786538461538 0.0)
#(0 876 332 109.593 45.3566756272401 0.0)
#(0 877 332 109.593 48.1992753623188 0.0)
#(0 880 332 109.593 45.6934837092732 0.0)
#(0 1264 332 109.593 47.385 0.0)
#(0 1558 332 109.593 45.0071428571429 0.0)
#(0 1566 332 109.593 42.2311204481793 0.0)
#(0 1569 332 109.593 44.6007411067194 0.0)
#(0 2153 332 109.593 44.5421454451346 0.0)
#(0 2155 332 109.593 70.0 0.0)
#(0 2156 332 109.593 45.9303381642512 0.0)
#(0 2433 332 109.593 50.9566666666667 0.0)
#(0 2702 332 109.593 46.3436769005848 0.0)
#(0 2705 332 109.593 40.5829859200848 0.0)
#(0 2709 332 109.593 44.821012145749 0.0)
#(0 2710 332 109.593 44.3078421578422 0.0)
#(0 3491 332 109.609 45.3372745015101 0.0)
#(0 3492 332 109.609 48.1992753623188 0.0)
#(0 3494 332 109.609 45.1642954305888 0.0)
#(0 3495 332 109.609 43.491369047619 0.0)
#(0 3496 332 109.609 42.3467980295567 0.0)
#(0 3500 332 109.609 49.1828571428571 0.0)
#(0 137401 332 109.609 45.0760293268438 0.0)
#(0 137404 332 109.609 44.7484012066365 0.0)
#(0 137814 332 109.609 44.8577795031056 0.0)
#(0 137815 332 109.609 47.7673684210526 0.0)
#(0 137817 332 109.609 43.7645933014354 0.0)
#(0 137818 332 109.609 48.0963888888889 0.0)
#(0 137822 332 109.609 45.6821428571429 0.0)
#(0 137823 332 109.609 42.1 0.0)
#(0 138181 332 109.609 47.7146042318368 0.0)
#(0 138183 332 109.609 46.3632544903927 0.0)
#(0 138184 332 109.609 45.5488602805463 0.0)
#(0 138186 332 109.609 48.1614583333333 0.0)
#(0 138187 332 109.609 45.1556783877646 0.0)
#(0 138188 332 109.609 47.4197972716938 0.0)
#(0 138189 332 109.609 46.0376089324619 0.0)
#(0 138528 332 109.609 45.5360714285714 0.0)
#(0 138533 332 109.609 47.4071111111111 0.0)
#(0 138534 332 109.609 49.1238095238095 0.0)
#(0 138536 332 109.609 43.7442602495544 0.0)
#(0 138831 332 109.609 44.7520588235294 0.0)
#(0 138835 332 109.609 43.8802447552448 0.0)
#(0 138837 332 109.609 44.2614141414141 0.0)
#(0 138838 332 109.609 47.1266827898268 0.0)
#(0 138839 332 109.609 44.9409064039409 0.0)
#(0 138842 332 109.609 50.6180555555556 0.0)
#(0 138843 332 109.609 43.8612145336604 0.0)
#(0 138844 332 109.609 45.1556783877646 0.0)
#(0 138847 332 109.609 43.2639101570264 0.0)
#(0 138850 332 109.609 44.5258228817052 0.0)
#(0 139149 332 109.609 42.6575587606838 0.0)
#(0 139151 332 109.609 44.4192328042328 0.0)
#(0 139153 332 109.609 45.7767496392496 0.0)
#(0 139434 332 109.609 45.2093956043956 0.0)
#(0 139435 332 109.609 43.8548320158103 0.0)
#(0 139705 332 109.625 42.0836752136752 0.0)
#(0 139708 332 109.625 48.8436363636364 0.0)
#(0 139710 332 109.625 44.997183908046 0.0)
#(0 139971 332 109.625 44.5573711484594 0.0)
#(0 139975 332 109.625 43.7616421568627 0.0)
#(0 139976 332 109.625 43.3092342342342 0.0)
#(0 139977 332 109.625 42.8399672399672 0.0)
#(0 139978 332 109.625 45.0782083333333 0.0)
#(0 139979 332 109.625 46.3875274725275 0.0)
#(0 139980 332 109.625 44.7484012066365 0.0)
#(0 140241 332 109.625 44.3346974789916 0.0)
#(0 140746 332 109.625 45.1556783877646 0.0)
#(0 140748 332 109.625 42.6575587606838 0.0)
#(0 140749 332 109.625 49.5577777777778 0.0)
#(0 140750 332 109.625 42.1875 0.0)
#(0 140751 332 109.625 46.59997108155 0.0)
#(0 140752 332 109.625 45.3095454545455 0.0)
#(0 140753 332 109.625 47.1266827898268 0.0)
#(0 140756 332 109.625 44.5166574381691 0.0)
#(0 140757 332 109.625 43.9972354682874 0.0)
#(0 137 333 109.625 43.7215887995852 0.0)
#(0 140 333 109.625 45.0556763285024 0.0)
#(0 488 333 109.625 44.9336589336589 0.0)
#(0 505 333 109.625 45.73 0.0)
#(0 506 333 109.625 43.6458611853832 0.0)
#(0 514 333 109.625 49.2411764705882 0.0)
#(0 895 333 109.625 46.1786538461538 0.0)
#(0 1262 333 109.625 42.2311204481793 0.0)
#(0 1269 333 109.625 40.5829859200848 0.0)
#(0 1274 333 109.625 42.7041310541311 0.0)
#(0 1562 333 109.625 45.3566756272401 0.0)
#(0 1563 333 109.625 44.4166666666667 0.0)
#(0 1861 333 109.625 47.9422222222222 0.0)
#(0 1862 333 109.625 45.2086257309942 0.0)
#(0 2161 333 109.625 44.3078421578422 0.0)
#(0 2166 333 109.625 42.6153267367553 0.0)
#(0 2714 333 109.64 45.3566756272401 0.0)
#(0 2716 333 109.64 44.2786528669137 0.0)
#(0 2719 333 109.64 46.7306060606061 0.0)
#(0 2720 333 109.64 49.2411764705882 0.0)
#(0 3504 333 109.64 44.5615476190476 0.0)
#(0 3508 333 109.64 44.3078421578422 0.0)
#(0 137400 333 109.64 47.7194047619048 0.0)
#(0 137410 333 109.64 46.3150974025974 0.0)
#(0 137415 333 109.64 47.8968546365915 0.0)
#(0 137417 333 109.64 45.5488602805463 0.0)
#(0 137419 333 109.64 46.9820582010582 0.0)
#(0 137420 333 109.64 44.6682422749664 0.0)
#(0 137826 333 109.64 43.3301724137931 0.0)
#(0 137828 333 109.64 45.1625676406926 0.0)
#(0 137829 333 109.64 43.8612145336604 0.0)
#(0 137832 333 109.64 46.3632544903927 0.0)
#(0 137833 333 109.64 49.3629864253394 0.0)
#(0 137836 333 109.64 42.6575587606838 0.0)
#(0 137839 333 109.64 44.7484012066365 0.0)
#(0 138193 333 109.64 49.0997222222222 0.0)
#(0 138196 333 109.64 45.9947767179992 0.0)
#(0 138197 333 109.64 50.9511904761905 0.0)
#(0 138199 333 109.64 43.5461458907887 0.0)
#(0 138200 333 109.64 44.6339047619048 0.0)
#(0 138203 333 109.64 45.91276106934 0.0)
#(0 138204 333 109.64 46.454493006993 0.0)
#(0 138544 333 109.64 47.6818181818182 0.0)
#(0 138545 333 109.64 45.2565955613014 0.0)
#(0 138546 333 109.64 45.91276106934 0.0)
#(0 138549 333 109.64 43.546801242236 0.0)
#(0 138552 333 109.64 54.097619047619 0.0)
#(0 138833 333 109.64 44.7520588235294 0.0)
#(0 138849 333 109.64 46.3632544903927 0.0)
#(0 138852 333 109.64 44.6339047619048 0.0)
#(0 138854 333 109.64 49.9984126984127 0.0)
#(0 138857 333 109.64 44.911045943304 0.0)
#(0 138859 333 109.64 46.9578827751196 0.0)
#(0 139156 333 109.64 49.0997222222222 0.0)
#(0 139158 333 109.64 45.0235256410256 0.0)
#(0 139161 333 109.64 43.8802447552448 0.0)
#(0 139438 333 109.64 43.4917203086768 0.0)
#(0 139441 333 109.656 42.8399672399672 0.0)
#(0 139442 333 109.656 48.5871794871795 0.0)
#(0 139445 333 109.656 43.3092342342342 0.0)
#(0 139447 333 109.656 43.7616421568627 0.0)
#(0 139448 333 109.656 47.4197972716938 0.0)
#(0 139718 333 109.656 43.9957142857143 0.0)
#(0 139722 333 109.656 44.4362696514012 0.0)
#(0 139725 333 109.656 46.9309941520468 0.0)
#(0 139981 333 109.656 45.0782083333333 0.0)
#(0 139982 333 109.656 45.130497311828 0.0)
#(0 139983 333 109.656 45.6131085192698 0.0)
#(0 139985 333 109.656 46.0376089324619 0.0)
#(0 139987 333 109.656 44.997183908046 0.0)
#(0 139988 333 109.656 47.771505050505 0.0)
#(0 139989 333 109.656 42.705 0.0)
#(0 139990 333 109.656 44.8642625313283 0.0)
#(0 139991 333 109.656 43.3301724137931 0.0)
#(0 139992 333 109.656 52.7857142857143 0.0)
#(0 139993 333 109.656 43.9972354682874 0.0)
#(0 140252 333 109.656 49.0997222222222 0.0)
#(0 140747 333 109.656 38.9726400560224 0.0)
#(0 140754 333 109.656 45.1556783877646 0.0)
#(0 140755 333 109.656 45.7767496392496 0.0)
#(0 140758 333 109.656 44.4362696514012 0.0)
#(0 140759 333 109.656 45.5488602805463 0.0)
#(0 140763 333 109.656 43.2639101570264 0.0)
#(0 147 334 109.656 44.5615476190476 0.0)
#(0 151 334 109.656 42.3467980295567 0.0)
#(0 153 334 109.656 42.7041310541311 0.0)
#(0 498 334 109.672 44.9336589336589 0.0)
#(0 892 334 109.672 42.2311204481793 0.0)
#(0 897 334 109.672 50.1298701298701 0.0)
#(0 901 334 109.672 43.491369047619 0.0)
#(0 902 334 109.672 43.6458611853832 0.0)
#(0 903 334 109.672 42.9844798609099 0.0)
#(0 905 334 109.672 42.3467980295567 0.0)
#(0 910 334 109.672 45.1642954305888 0.0)
#(0 1281 334 109.672 44.5816666666667 0.0)
#(0 1573 334 109.672 44.6007411067194 0.0)
#(0 1575 334 109.672 43.6662835249042 0.0)
#(0 1872 334 109.672 45.2086257309942 0.0)
#(0 2171 334 109.672 44.4027777777778 0.0)
#(0 2172 334 109.672 44.2501654259719 0.0)
#(0 2447 334 109.672 44.9336589336589 0.0)
#(0 2450 334 109.672 46.8387566137566 0.0)
#(0 2722 334 109.672 45.1644994840041 0.0)
#(0 2723 334 109.672 42.3467980295567 0.0)
#(0 2726 334 109.672 42.0931753831754 0.0)
#(0 3502 334 109.672 42.3467980295567 0.0)
#(0 3507 334 109.672 43.491369047619 0.0)
#(0 3509 334 109.672 40.5829859200848 0.0)
#(0 3510 334 109.672 44.3323520923521 0.0)
#(0 3513 334 109.672 47.7092803030303 0.0)
#(0 3518 334 109.672 46.7306060606061 0.0)
#(0 137403 334 109.672 44.4192328042328 0.0)
#(0 137423 334 109.672 43.546801242236 0.0)
#(0 137428 334 109.672 46.3632544903927 0.0)
#(0 137432 334 109.672 46.3503571428571 0.0)
#(0 137843 334 109.672 44.7497569072607 0.0)
#(0 137844 334 109.672 47.7146042318368 0.0)
#(0 137848 334 109.672 44.5258228817052 0.0)
#(0 137849 334 109.672 45.0782083333333 0.0)
#(0 137851 334 109.672 46.9820582010582 0.0)
#(0 138208 334 109.672 45.5488602805463 0.0)
#(0 138209 334 109.672 45.310268907563 0.0)
#(0 138211 334 109.672 48.4342857142857 0.0)
#(0 138212 334 109.672 44.8577795031056 0.0)
#(0 138214 334 109.687 45.7767496392496 0.0)
#(0 138216 334 109.687 42.6575587606838 0.0)
#(0 138217 334 109.687 44.7105182257356 0.0)
#(0 138218 334 109.687 44.7497569072607 0.0)
#(0 138555 334 109.687 44.8642625313283 0.0)
#(0 138556 334 109.687 44.9409064039409 0.0)
#(0 138853 334 109.687 44.4799443215522 0.0)
#(0 138860 334 109.687 45.0750757575758 0.0)
#(0 138862 334 109.687 44.6339047619048 0.0)
#(0 138865 334 109.687 42.875 0.0)
#(0 138869 334 109.687 45.5488602805463 0.0)
#(0 139164 334 109.687 44.957671957672 0.0)
#(0 139170 334 109.687 47.4197972716938 0.0)
#(0 139451 334 109.687 43.8548320158103 0.0)
#(0 139453 334 109.687 46.3632544903927 0.0)
#(0 139454 334 109.687 49.9033578016187 0.0)
#(0 139460 334 109.687 46.0376089324619 0.0)
#(0 139462 334 109.687 44.875 0.0)
#(0 139463 334 109.687 45.6821428571429 0.0)
#(0 139733 334 109.687 45.310268907563 0.0)
#(0 139994 334 109.687 49.4715277777778 0.0)
#(0 139996 334 109.687 44.2614141414141 0.0)
#(0 139997 334 109.687 44.7105182257356 0.0)
#(0 139999 334 109.687 47.4197972716938 0.0)
#(0 140000 334 109.687 43.7770833333333 0.0)
#(0 140001 334 109.687 43.8802447552448 0.0)
#(0 140002 334 109.687 43.7616421568627 0.0)
#(0 140004 334 109.687 42.1875 0.0)
#(0 140005 334 109.687 43.7442602495544 0.0)
#(0 140006 334 109.687 47.8968546365915 0.0)
#(0 140007 334 109.687 45.2565955613014 0.0)
#(0 140009 334 109.687 44.5573711484594 0.0)
#(0 140260 334 109.687 52.7857142857143 0.0)
#(0 140760 334 109.687 43.9972354682874 0.0)
#(0 140761 334 109.687 47.1266827898268 0.0)
#(0 140762 334 109.687 38.9726400560224 0.0)
#(0 140764 334 109.687 48.9906349206349 0.0)
#(0 140765 334 109.687 43.9957142857143 0.0)
#(0 140766 334 109.687 46.3875274725275 0.0)
#(0 140768 334 109.703 47.8968546365915 0.0)
#(0 140770 334 109.703 45.2936538461538 0.0)
#(0 140771 334 109.703 46.9820582010582 0.0)
#(0 140772 334 109.703 46.0376089324619 0.0)
#(0 176 335 109.703 45.3167724698575 0.0)
#(0 524 335 109.703 43.5645510835913 0.0)
#(0 526 335 109.703 59.6111111111111 0.0)
#(0 531 335 109.703 44.2786528669137 0.0)
#(0 911 335 109.703 43.6458611853832 0.0)
#(0 912 335 109.703 57.7222222222222 0.0)
#(0 915 335 109.703 48.1992753623188 0.0)
#(0 1293 335 109.703 42.0931753831754 0.0)
#(0 1585 335 109.703 42.6153267367553 0.0)
#(0 1586 335 109.703 47.7092803030303 0.0)
#(0 1589 335 109.703 46.3761111111111 0.0)
#(0 1879 335 109.703 45.9916666666667 0.0)
#(0 1882 335 109.703 45.6934837092732 0.0)
#(0 1884 335 109.703 46.7432380952381 0.0)
#(0 2173 335 109.703 44.6620434712346 0.0)
#(0 2177 335 109.703 43.7215887995852 0.0)
#(0 2179 335 109.703 44.4166666666667 0.0)
#(0 2180 335 109.703 44.3078421578422 0.0)
#(0 2728 335 109.703 43.491369047619 0.0)
#(0 2729 335 109.703 45.6934837092732 0.0)
#(0 2731 335 109.703 46.3436769005848 0.0)
#(0 2733 335 109.703 48.1992753623188 0.0)
#(0 2735 335 109.703 42.7041310541311 0.0)
#(0 3519 335 109.703 45.9303381642512 0.0)
#(0 3520 335 109.703 46.3761111111111 0.0)
#(0 3523 335 109.703 46.45 0.0)
#(0 3525 335 109.703 48.1992753623188 0.0)
#(0 3526 335 109.703 44.597123843898 0.0)
#(0 137443 335 109.703 44.7520588235294 0.0)
#(0 137444 335 109.703 45.0235256410256 0.0)
#(0 137446 335 109.703 50.6180555555556 0.0)
#(0 137840 335 109.703 44.886218487395 0.0)
#(0 137856 335 109.703 48.8436363636364 0.0)
#(0 137861 335 109.703 43.813428858723 0.0)
#(0 137864 335 109.703 42.0836752136752 0.0)
#(0 138210 335 109.703 46.9578827751196 0.0)
#(0 138219 335 109.703 43.5461458907887 0.0)
#(0 138220 335 109.718 44.6339047619048 0.0)
#(0 138221 335 109.718 45.3095454545455 0.0)
#(0 138222 335 109.718 47.2317903297683 0.0)
#(0 138224 335 109.718 47.1266827898268 0.0)
#(0 138229 335 109.718 43.7442602495544 0.0)
#(0 138560 335 109.718 49.5577777777778 0.0)
#(0 138562 335 109.718 44.5573711484594 0.0)
#(0 138563 335 109.718 47.8968546365915 0.0)
#(0 138565 335 109.718 45.5488602805463 0.0)
#(0 138566 335 109.718 42.4358974358974 0.0)
#(0 138567 335 109.718 45.2936538461538 0.0)
#(0 138568 335 109.718 45.0235256410256 0.0)
#(0 138570 335 109.718 49.3629864253394 0.0)
#(0 138863 335 109.718 44.911045943304 0.0)
#(0 138870 335 109.718 43.813428858723 0.0)
#(0 138873 335 109.718 52.7857142857143 0.0)
#(0 138875 335 109.718 44.5573711484594 0.0)
#(0 138876 335 109.718 44.5946386946387 0.0)
#(0 138877 335 109.718 45.0750757575758 0.0)
#(0 139181 335 109.718 46.0729214874356 0.0)
#(0 139457 335 109.718 43.3092342342342 0.0)
#(0 139464 335 109.718 43.9972354682874 0.0)
#(0 139465 335 109.718 43.7616421568627 0.0)
#(0 139466 335 109.718 45.130497311828 0.0)
#(0 139467 335 109.718 44.9133578431373 0.0)
#(0 139468 335 109.718 46.0309719737627 0.0)
#(0 139469 335 109.718 47.2317903297683 0.0)
#(0 139470 335 109.718 43.8802447552448 0.0)
#(0 139472 335 109.718 41.4431243266537 0.0)
#(0 139736 335 109.718 47.7194047619048 0.0)
#(0 140003 335 109.718 44.997183908046 0.0)
#(0 140011 335 109.718 44.6970398481973 0.0)
#(0 140012 335 109.718 43.7645933014354 0.0)
#(0 140013 335 109.718 45.5360714285714 0.0)
#(0 140014 335 109.718 46.8415977443609 0.0)
#(0 140265 335 109.718 54.097619047619 0.0)
#(0 140270 335 109.718 40.0833333333333 0.0)
#(0 140767 335 109.734 45.1556783877646 0.0)
#(0 140773 335 109.734 45.2565955613014 0.0)
#(0 140774 335 109.734 45.6131085192698 0.0)
#(0 140775 335 109.734 47.4197972716938 0.0)
#(0 140778 335 109.734 54.3333333333333 0.0)
#(0 140779 335 109.734 44.5258228817052 0.0)
#(0 140780 335 109.734 49.9033578016187 0.0)
#(0 140781 335 109.734 43.7770833333333 0.0)
#(0 140782 335 109.734 43.5461458907887 0.0)
#(0 172 336 109.734 45.1642954305888 0.0)
#(0 181 336 109.734 43.491369047619 0.0)
#(0 515 336 109.734 44.9336589336589 0.0)
#(0 533 336 109.734 42.0931753831754 0.0)
#(0 538 336 109.734 44.6620434712346 0.0)
#(0 923 336 109.734 44.9757386363636 0.0)
#(0 925 336 109.734 43.0292857142857 0.0)
#(0 926 336 109.734 42.3467980295567 0.0)
#(0 932 336 109.734 47.7092803030303 0.0)
#(0 1299 336 109.734 45.6198524087998 0.0)
#(0 1300 336 109.734 42.9844798609099 0.0)
#(0 1597 336 109.734 44.5816666666667 0.0)
#(0 1598 336 109.734 44.5421454451346 0.0)
#(0 1890 336 109.734 46.3436769005848 0.0)
#(0 1893 336 109.734 45.7727011494253 0.0)
#(0 2739 336 109.734 44.3323520923521 0.0)
#(0 3529 336 109.734 44.9757386363636 0.0)
#(0 3530 336 109.734 46.8387566137566 0.0)
#(0 3536 336 109.734 44.5615476190476 0.0)
#(0 3537 336 109.734 44.9336589336589 0.0)
#(0 137450 336 109.734 54.097619047619 0.0)
#(0 137455 336 109.734 46.0309719737627 0.0)
#(0 137867 336 109.734 44.5166574381691 0.0)
#(0 137871 336 109.734 43.813428858723 0.0)
#(0 137873 336 109.734 45.7767496392496 0.0)
#(0 137877 336 109.734 49.9033578016187 0.0)
#(0 137881 336 109.734 44.8577795031056 0.0)
#(0 138230 336 109.734 45.2565955613014 0.0)
#(0 138233 336 109.75 43.5663328664799 0.0)
#(0 138235 336 109.75 44.997183908046 0.0)
#(0 138236 336 109.75 48.4342857142857 0.0)
#(0 138241 336 109.75 44.911045943304 0.0)
#(0 138242 336 109.75 47.4197972716938 0.0)
#(0 138575 336 109.75 44.9409064039409 0.0)
#(0 138880 336 109.75 47.7194047619048 0.0)
#(0 138882 336 109.75 43.3092342342342 0.0)
#(0 138884 336 109.75 44.6970398481973 0.0)
#(0 138888 336 109.75 43.813428858723 0.0)
#(0 139187 336 109.75 44.5166574381691 0.0)
#(0 139189 336 109.75 42.6575587606838 0.0)
#(0 139190 336 109.75 43.3301724137931 0.0)
#(0 139191 336 109.75 43.7770833333333 0.0)
#(0 139194 336 109.75 46.3503571428571 0.0)
#(0 139195 336 109.75 43.7616421568627 0.0)
#(0 139475 336 109.75 46.0309719737627 0.0)
#(0 139480 336 109.75 43.5663328664799 0.0)
#(0 139748 336 109.75 32.0 0.0)
#(0 140015 336 109.75 46.454493006993 0.0)
#(0 140016 336 109.75 44.911045943304 0.0)
#(0 140017 336 109.75 47.2317903297683 0.0)
#(0 140018 336 109.75 46.9820582010582 0.0)
#(0 140020 336 109.75 45.1543697478992 0.0)
#(0 140769 336 109.75 45.1556783877646 0.0)
#(0 140776 336 109.75 38.9726400560224 0.0)
#(0 140783 336 109.75 43.546801242236 0.0)
#(0 140784 336 109.75 48.6142543859649 0.0)
#(0 140785 336 109.765 45.0760293268438 0.0)
#(0 140786 336 109.765 45.2093956043956 0.0)
#(0 140787 336 109.765 45.0058270330076 0.0)
#(0 140788 336 109.765 44.911045943304 0.0)
#(0 189 337 109.765 42.7041310541311 0.0)
#(0 190 337 109.765 46.1786538461538 0.0)
#(0 543 337 109.765 44.5816666666667 0.0)
#(0 548 337 109.765 46.3436769005848 0.0)
#(0 922 337 109.765 44.9336589336589 0.0)
#(0 945 337 109.765 43.6662835249042 0.0)
#(0 950 337 109.765 47.9422222222222 0.0)
#(0 1313 337 109.765 44.2786528669137 0.0)
#(0 1315 337 109.765 44.821012145749 0.0)
#(0 1317 337 109.765 46.1786538461538 0.0)
#(0 1321 337 109.765 45.9303381642512 0.0)
#(0 1604 337 109.765 44.3323520923521 0.0)
#(0 1606 337 109.765 46.3436769005848 0.0)
#(0 1607 337 109.765 44.6941632928475 0.0)
#(0 1609 337 109.765 46.1786538461538 0.0)
#(0 1610 337 109.765 46.3761111111111 0.0)
#(0 1611 337 109.765 46.7666666666667 0.0)
#(0 1898 337 109.765 43.6662835249042 0.0)
#(0 2195 337 109.765 44.2786528669137 0.0)
#(0 2196 337 109.765 44.9336589336589 0.0)
#(0 2200 337 109.765 44.5421454451346 0.0)
#(0 2742 337 109.765 44.3323520923521 0.0)
#(0 2745 337 109.765 42.9844798609099 0.0)
#(0 2748 337 109.765 44.0197016210509 0.0)
#(0 2750 337 109.765 43.8704783640023 0.0)
#(0 2751 337 109.765 44.2786528669137 0.0)
#(0 2752 337 109.765 44.9757386363636 0.0)
#(0 2757 337 109.765 43.5645510835913 0.0)
#(0 3026 337 109.765 46.7666666666667 0.0)
#(0 3533 337 109.765 44.9757386363636 0.0)
#(0 3538 337 109.765 43.6458611853832 0.0)
#(0 3539 337 109.765 44.3323520923521 0.0)
#(0 137447 337 109.765 47.2317903297683 0.0)
#(0 137461 337 109.765 48.7575156641604 0.0)
#(0 137462 337 109.765 45.9947767179992 0.0)
#(0 137464 337 109.765 43.8548320158103 0.0)
#(0 137465 337 109.765 49.9033578016187 0.0)
#(0 137466 337 109.781 44.3662260536398 0.0)
#(0 137469 337 109.781 46.454493006993 0.0)
#(0 137888 337 109.781 43.5663328664799 0.0)
#(0 137892 337 109.781 43.9867574616053 0.0)
#(0 137895 337 109.781 46.3632544903927 0.0)
#(0 138240 337 109.781 45.8775155279503 0.0)
#(0 138245 337 109.781 43.9867574616053 0.0)
#(0 138246 337 109.781 44.3662260536398 0.0)
#(0 138247 337 109.781 46.3632544903927 0.0)
#(0 138254 337 109.781 49.1238095238095 0.0)
#(0 138256 337 109.781 46.3150974025974 0.0)
#(0 138572 337 109.781 43.7067647058824 0.0)
#(0 138574 337 109.781 49.3629864253394 0.0)
#(0 138577 337 109.781 44.4192328042328 0.0)
#(0 138578 337 109.781 45.6821428571429 0.0)
#(0 138579 337 109.781 46.9185964912281 0.0)
#(0 138581 337 109.781 45.5360714285714 0.0)
#(0 138583 337 109.781 45.1556783877646 0.0)
#(0 138584 337 109.781 46.0729214874356 0.0)
#(0 138588 337 109.781 49.2916666666667 0.0)
#(0 138890 337 109.781 45.0750757575758 0.0)
#(0 138892 337 109.781 44.911045943304 0.0)
#(0 138895 337 109.781 44.4192328042328 0.0)
#(0 138896 337 109.781 44.6970398481973 0.0)
#(0 138897 337 109.781 44.5946386946387 0.0)
#(0 139205 337 109.781 45.6131085192698 0.0)
#(0 139484 337 109.781 45.91276106934 0.0)
#(0 139487 337 109.781 44.7484012066365 0.0)
#(0 139488 337 109.781 48.7575156641604 0.0)
#(0 139489 337 109.781 46.454493006993 0.0)
#(0 139490 337 109.781 46.9185964912281 0.0)
#(0 139757 337 109.781 46.59997108155 0.0)
#(0 139758 337 109.781 43.7948780487805 0.0)
#(0 139759 337 109.781 46.3150974025974 0.0)
#(0 140022 337 109.781 51.5444444444444 0.0)
#(0 140023 337 109.781 45.310268907563 0.0)
#(0 140024 337 109.781 45.0760293268438 0.0)
#(0 140025 337 109.781 43.7067647058824 0.0)
#(0 140026 337 109.797 45.3395857475858 0.0)
#(0 140027 337 109.797 45.9947767179992 0.0)
#(0 140028 337 109.797 44.5258228817052 0.0)
#(0 140029 337 109.797 46.0376089324619 0.0)
#(0 140030 337 109.797 44.6682422749664 0.0)
#(0 140288 337 109.797 47.4071111111111 0.0)
#(0 140777 337 109.797 38.9726400560224 0.0)
#(0 140789 337 109.797 45.0760293268438 0.0)
#(0 140790 337 109.797 47.7673684210526 0.0)
#(0 140791 337 109.797 44.5946386946387 0.0)
#(0 140792 337 109.797 32.0 0.0)
#(0 140793 337 109.797 48.4342857142857 0.0)
#(0 140794 337 109.797 43.3301724137931 0.0)
#(0 140795 337 109.797 44.7520588235294 0.0)
#(0 140796 337 109.797 47.771505050505 0.0)
#(0 202 338 109.797 45.3372745015101 0.0)
#(0 207 338 109.797 45.4936530843237 0.0)
#(0 547 338 109.797 44.5816666666667 0.0)
#(0 554 338 109.797 44.9757386363636 0.0)
#(0 556 338 109.797 45.7727011494253 0.0)
#(0 559 338 109.797 42.2311204481793 0.0)
#(0 961 338 109.797 44.5421454451346 0.0)
#(0 971 338 109.797 49.1828571428571 0.0)
#(0 1325 338 109.797 43.1236257309941 0.0)
#(0 1602 338 109.797 43.7215887995852 0.0)
#(0 1622 338 109.797 44.821012145749 0.0)
#(0 1905 338 109.797 44.6620434712346 0.0)
#(0 1906 338 109.797 44.5816666666667 0.0)
#(0 1907 338 109.797 44.9757386363636 0.0)
#(0 2203 338 109.797 43.6662835249042 0.0)
#(0 2204 338 109.797 44.3323520923521 0.0)
#(0 2749 338 109.797 42.9844798609099 0.0)
#(0 2759 338 109.797 43.1236257309941 0.0)
#(0 2760 338 109.797 43.7215887995852 0.0)
#(0 2763 338 109.797 41.9445238095238 0.0)
#(0 2764 338 109.797 46.7666666666667 0.0)
#(0 2765 338 109.797 44.4027777777778 0.0)
#(0 2768 338 109.797 42.6153267367553 0.0)
#(0 2769 338 109.797 45.6934837092732 0.0)
#(0 3040 338 109.797 43.7215887995852 0.0)
#(0 3543 338 109.812 43.8704783640023 0.0)
#(0 3544 338 109.812 44.4027777777778 0.0)
#(0 3546 338 109.812 44.5615476190476 0.0)
#(0 3547 338 109.812 42.2311204481793 0.0)
#(0 3550 338 109.812 45.9084704715219 0.0)
#(0 3551 338 109.812 42.3467980295567 0.0)
#(0 3552 338 109.812 43.0292857142857 0.0)
#(0 3555 338 109.812 44.6007411067194 0.0)
#(0 3556 338 109.812 49.2411764705882 0.0)
#(0 3557 338 109.812 42.0931753831754 0.0)
#(0 137471 338 109.812 43.4917203086768 0.0)
#(0 137473 338 109.812 44.7105182257356 0.0)
#(0 137478 338 109.812 46.9820582010582 0.0)
#(0 137483 338 109.812 46.9309941520468 0.0)
#(0 137486 338 109.812 46.3875274725275 0.0)
#(0 137487 338 109.812 43.7770833333333 0.0)
#(0 137875 338 109.812 43.546801242236 0.0)
#(0 137897 338 109.812 44.886218487395 0.0)
#(0 137901 338 109.812 49.625 0.0)
#(0 137903 338 109.812 44.5573711484594 0.0)
#(0 137904 338 109.812 48.6142543859649 0.0)
#(0 137905 338 109.812 50.9511904761905 0.0)
#(0 137906 338 109.812 43.7645933014354 0.0)
#(0 137908 338 109.812 32.0 0.0)
#(0 138257 338 109.812 46.3875274725275 0.0)
#(0 138258 338 109.812 44.911045943304 0.0)
#(0 138259 338 109.812 44.6970398481973 0.0)
#(0 138260 338 109.812 45.9947767179992 0.0)
#(0 138261 338 109.812 44.5964285714286 0.0)
#(0 138264 338 109.812 44.5573711484594 0.0)
#(0 138267 338 109.812 43.4917203086768 0.0)
#(0 138592 338 109.812 43.236395612533 0.0)
#(0 138595 338 109.828 47.4071111111111 0.0)
#(0 138598 338 109.828 57.25 0.0)
#(0 138600 338 109.828 45.0760293268438 0.0)
#(0 138602 338 109.828 45.0058270330076 0.0)
#(0 138902 338 109.828 46.9820582010582 0.0)
#(0 138904 338 109.828 47.7146042318368 0.0)
#(0 138905 338 109.828 46.9185964912281 0.0)
#(0 138906 338 109.828 47.8968546365915 0.0)
#(0 138908 338 109.828 43.4917203086768 0.0)
#(0 138911 338 109.828 44.911045943304 0.0)
#(0 139214 338 109.828 46.9185964912281 0.0)
#(0 139493 338 109.828 43.4917203086768 0.0)
#(0 139495 338 109.828 45.1625676406926 0.0)
#(0 139497 338 109.828 45.0058270330076 0.0)
#(0 139499 338 109.828 44.4192328042328 0.0)
#(0 139501 338 109.828 43.8612145336604 0.0)
#(0 139766 338 109.828 44.5258228817052 0.0)
#(0 139767 338 109.828 43.7948780487805 0.0)
#(0 139770 338 109.828 46.59997108155 0.0)
#(0 140021 338 109.828 45.0782083333333 0.0)
#(0 140031 338 109.828 47.2317903297683 0.0)
#(0 140032 338 109.828 42.0836752136752 0.0)
#(0 140034 338 109.828 43.3301724137931 0.0)
#(0 140035 338 109.828 44.957671957672 0.0)
#(0 140037 338 109.828 44.4799443215522 0.0)
#(0 140797 338 109.828 45.310268907563 0.0)
#(0 140798 338 109.828 45.9409472387989 0.0)
#(0 140799 338 109.828 44.9409064039409 0.0)
#(0 140800 338 109.828 45.2936538461538 0.0)
#(0 140801 338 109.828 44.911045943304 0.0)
#(0 140802 338 109.828 47.7194047619048 0.0)
#(0 140803 338 109.828 46.0376089324619 0.0)
#(0 140804 338 109.828 46.9578827751196 0.0)
#(0 140805 338 109.828 45.0782083333333 0.0)
#(0 140806 338 109.828 43.7948780487805 0.0)
#(0 140807 338 109.828 47.6818181818182 0.0)
#(0 212 339 109.828 45.4936530843237 0.0)
#(0 222 339 109.843 47.9334117097049 0.0)
#(0 565 339 109.843 47.1875 0.0)
#(0 568 339 109.843 45.9303381642512 0.0)
#(0 974 339 109.843 42.6153267367553 0.0)
#(0 977 339 109.843 45.4936530843237 0.0)
#(0 982 339 109.843 43.4472222222222 0.0)
#(0 984 339 109.843 43.5645510835913 0.0)
#(0 989 339 109.843 46.8387566137566 0.0)
#(0 1335 339 109.843 46.7432380952381 0.0)
#(0 1336 339 109.843 44.2786528669137 0.0)
#(0 1338 339 109.843 53.65 0.0)
#(0 1632 339 109.843 44.3323520923521 0.0)
#(0 1919 339 109.843 45.6198524087998 0.0)
#(0 2208 339 109.843 43.491369047619 0.0)
#(0 2209 339 109.843 42.3467980295567 0.0)
#(0 2211 339 109.843 47.385 0.0)
#(0 2500 339 109.859 46.7432380952381 0.0)
#(0 2771 339 109.859 46.1854545454545 0.0)
#(0 2773 339 109.859 44.6007411067194 0.0)
#(0 2776 339 109.859 44.0414285714286 0.0)
#(0 2778 339 109.859 49.5183712121212 0.0)
#(0 2780 339 109.859 44.9336589336589 0.0)
#(0 2781 339 109.859 43.6458611853832 0.0)
#(0 3561 339 109.859 45.2086257309942 0.0)
#(0 3563 339 109.859 45.1642954305888 0.0)
#(0 3566 339 109.859 43.7215887995852 0.0)
#(0 3567 339 109.859 49.0625 0.0)
#(0 3568 339 109.859 45.9916666666667 0.0)
#(0 3569 339 109.859 45.3167724698575 0.0)
#(0 3571 339 109.859 44.4027777777778 0.0)
#(0 137467 339 109.859 44.3662260536398 0.0)
#(0 137489 339 109.859 47.2317903297683 0.0)
#(0 137493 339 109.859 44.886218487395 0.0)
#(0 137502 339 109.859 42.1875 0.0)
#(0 137902 339 109.859 43.546801242236 0.0)
#(0 137909 339 109.859 43.7616421568627 0.0)
#(0 137910 339 109.859 44.5946386946387 0.0)
#(0 137915 339 109.859 45.9947767179992 0.0)
#(0 137916 339 109.859 49.5577777777778 0.0)
#(0 137920 339 109.859 45.8010978835979 0.0)
#(0 137922 339 109.859 46.2248571708354 0.0)
#(0 137924 339 109.859 44.8577795031056 0.0)
#(0 137925 339 109.859 43.7645933014354 0.0)
#(0 138268 339 109.859 45.0760293268438 0.0)
#(0 138270 339 109.859 48.6142543859649 0.0)
#(0 138273 339 109.859 43.5461458907887 0.0)
#(0 138276 339 109.859 47.415 0.0)
#(0 138279 339 109.859 46.9022435897436 0.0)
#(0 138589 339 109.859 47.771505050505 0.0)
#(0 138606 339 109.859 46.8415977443609 0.0)
#(0 138608 339 109.859 48.7575156641604 0.0)
#(0 138609 339 109.859 45.310268907563 0.0)
#(0 138611 339 109.875 45.3395857475858 0.0)
#(0 138898 339 109.875 44.6970398481973 0.0)
#(0 138913 339 109.875 46.9820582010582 0.0)
#(0 138917 339 109.875 46.1969264069264 0.0)
#(0 138924 339 109.875 45.0058270330076 0.0)
#(0 139217 339 109.875 45.2936538461538 0.0)
#(0 139221 339 109.875 44.2977372919478 0.0)
#(0 139223 339 109.875 48.7428571428571 0.0)
#(0 139224 339 109.875 44.997183908046 0.0)
#(0 139491 339 109.875 46.454493006993 0.0)
#(0 139503 339 109.875 41.4431243266537 0.0)
#(0 139504 339 109.875 44.2977372919478 0.0)
#(0 139505 339 109.875 45.0760293268438 0.0)
#(0 139507 339 109.875 46.2248571708354 0.0)
#(0 139512 339 109.875 43.813428858723 0.0)
#(0 139776 339 109.875 50.0166666666667 0.0)
#(0 140040 339 109.875 44.957671957672 0.0)
#(0 140043 339 109.875 43.7770833333333 0.0)
#(0 140044 339 109.875 45.0760293268438 0.0)
#(0 140046 339 109.875 43.5663328664799 0.0)
#(0 140047 339 109.875 46.3150974025974 0.0)
#(0 140049 339 109.875 43.5461458907887 0.0)
#(0 140050 339 109.875 47.8968546365915 0.0)
#(0 140052 339 109.875 44.8577795031056 0.0)
#(0 140053 339 109.875 47.6548412698413 0.0)
#(0 140054 339 109.875 45.6131085192698 0.0)
#(0 140296 339 109.875 46.0376089324619 0.0)
#(0 140300 339 109.875 44.8642625313283 0.0)
#(0 140808 339 109.875 44.911045943304 0.0)
#(0 140809 339 109.875 44.9133578431373 0.0)
#(0 140810 339 109.875 46.1969264069264 0.0)
#(0 140811 339 109.875 46.3632544903927 0.0)
#(0 140812 339 109.875 42.8399672399672 0.0)
#(0 200 340 109.875 45.1642954305888 0.0)
#(0 232 340 109.875 44.2786528669137 0.0)
#(0 581 340 109.875 47.5233333333333 0.0)
#(0 583 340 109.875 44.3078421578422 0.0)
#(0 587 340 109.875 47.9422222222222 0.0)
#(0 591 340 109.875 43.4472222222222 0.0)
#(0 983 340 109.89 43.1236257309941 0.0)
#(0 992 340 109.89 44.4027777777778 0.0)
#(0 994 340 109.89 42.2311204481793 0.0)
#(0 1001 340 109.89 43.4472222222222 0.0)
#(0 1004 340 109.89 45.0556763285024 0.0)
#(0 1005 340 109.89 45.4936530843237 0.0)
#(0 1009 340 109.89 44.3323520923521 0.0)
#(0 1342 340 109.89 45.2086257309942 0.0)
#(0 1343 340 109.89 44.6620434712346 0.0)
#(0 1346 340 109.89 44.597123843898 0.0)
#(0 1347 340 109.89 47.9422222222222 0.0)
#(0 1637 340 109.89 44.6620434712346 0.0)
#(0 1639 340 109.89 44.9757386363636 0.0)
#(0 1643 340 109.89 47.7092803030303 0.0)
#(0 1922 340 109.89 45.2086257309942 0.0)
#(0 2217 340 109.89 51.9166666666667 0.0)
#(0 2218 340 109.89 45.3167724698575 0.0)
#(0 2222 340 109.89 44.6007411067194 0.0)
#(0 2229 340 109.89 44.9336589336589 0.0)
#(0 2504 340 109.89 58.10625 0.0)
#(0 2505 340 109.89 49.2411764705882 0.0)
#(0 2770 340 109.89 42.7041310541311 0.0)
#(0 2785 340 109.89 47.9334117097049 0.0)
#(0 2786 340 109.89 49.2411764705882 0.0)
#(0 3058 340 109.89 47.5233333333333 0.0)
#(0 3573 340 109.89 37.0257575757576 0.0)
#(0 3574 340 109.89 47.385 0.0)
#(0 3575 340 109.89 43.1236257309941 0.0)
#(0 3579 340 109.89 42.7041310541311 0.0)
#(0 137504 340 109.89 47.1266827898268 0.0)
#(0 137509 340 109.89 45.9947767179992 0.0)
#(0 137513 340 109.89 47.6818181818182 0.0)
#(0 137907 340 109.89 44.5573711484594 0.0)
#(0 137912 340 109.89 48.6142543859649 0.0)
#(0 137926 340 109.89 43.31163003663 0.0)
#(0 137928 340 109.89 46.3632544903927 0.0)
#(0 137929 340 109.89 43.7770833333333 0.0)
#(0 137932 340 109.89 45.8775155279503 0.0)
#(0 137933 340 109.89 42.6575587606838 0.0)
#(0 137936 340 109.89 44.5258228817052 0.0)
#(0 138281 340 109.89 46.9185964912281 0.0)
#(0 138282 340 109.89 42.6575587606838 0.0)
#(0 138284 340 109.906 45.1543697478992 0.0)
#(0 138289 340 109.906 48.0696428571429 0.0)
#(0 138290 340 109.906 46.1969264069264 0.0)
#(0 138291 340 109.906 45.8449567099567 0.0)
#(0 138615 340 109.906 48.4342857142857 0.0)
#(0 138621 340 109.906 45.0782083333333 0.0)
#(0 138923 340 109.906 44.9409064039409 0.0)
#(0 138929 340 109.906 47.4197972716938 0.0)
#(0 139225 340 109.906 48.6142543859649 0.0)
#(0 139228 340 109.906 43.7067647058824 0.0)
#(0 139502 340 109.906 46.454493006993 0.0)
#(0 139509 340 109.906 45.0760293268438 0.0)
#(0 139515 340 109.906 45.7767496392496 0.0)
#(0 139516 340 109.906 45.310268907563 0.0)
#(0 139518 340 109.906 44.8577795031056 0.0)
#(0 139520 340 109.906 43.7948780487805 0.0)
#(0 139521 340 109.906 45.0058270330076 0.0)
#(0 139523 340 109.906 47.4071111111111 0.0)
#(0 139775 340 109.906 47.1585125019908 0.0)
#(0 139782 340 109.906 44.3346974789916 0.0)
#(0 139787 340 109.906 43.8612145336604 0.0)
#(0 140041 340 109.906 45.2936538461538 0.0)
#(0 140048 340 109.906 45.0760293268438 0.0)
#(0 140055 340 109.906 45.5360714285714 0.0)
#(0 140056 340 109.906 43.546801242236 0.0)
#(0 140057 340 109.906 44.7105182257356 0.0)
#(0 140058 340 109.906 43.9867574616053 0.0)
#(0 140060 340 109.906 44.8642625313283 0.0)
#(0 140061 340 109.906 44.4799443215522 0.0)
#(0 140813 340 109.906 43.9957142857143 0.0)
#(0 140814 340 109.906 46.9578827751196 0.0)
#(0 140815 340 109.906 54.097619047619 0.0)
#(0 140816 340 109.906 45.5488602805463 0.0)
#(0 140817 340 109.906 44.5573711484594 0.0)
#(0 140819 340 109.906 43.9867574616053 0.0)
#(0 140820 340 109.906 45.6131085192698 0.0)
#(0 140821 340 109.906 46.9820582010582 0.0)
#(0 140822 340 109.922 44.5258228817052 0.0)
#(0 140823 340 109.922 49.9984126984127 0.0)
#(0 140824 340 109.922 46.1969264069264 0.0)
#(0 245 341 109.922 43.6662835249042 0.0)
#(0 248 341 109.922 47.7092803030303 0.0)
#(0 594 341 109.922 44.6620434712346 0.0)
#(0 599 341 109.922 44.5816666666667 0.0)
#(0 600 341 109.922 43.491369047619 0.0)
#(0 603 341 109.922 42.0931753831754 0.0)
#(0 1014 341 109.922 42.2311204481793 0.0)
#(0 1015 341 109.922 44.3323520923521 0.0)
#(0 1351 341 109.922 47.0080552995392 0.0)
#(0 1353 341 109.922 44.5421454451346 0.0)
#(0 1357 341 109.922 45.9303381642512 0.0)
#(0 1648 341 109.922 45.7727011494253 0.0)
#(0 1932 341 109.922 45.73 0.0)
#(0 1938 341 109.922 44.4166666666667 0.0)
#(0 1940 341 109.922 45.3167724698575 0.0)
#(0 2788 341 109.922 46.1854545454545 0.0)
#(0 2789 341 109.922 43.1236257309941 0.0)
#(0 2790 341 109.922 45.3167724698575 0.0)
#(0 2791 341 109.922 44.6620434712346 0.0)
#(0 2793 341 109.922 42.9844798609099 0.0)
#(0 2794 341 109.922 44.9757386363636 0.0)
#(0 3582 341 109.922 44.2501654259719 0.0)
#(0 3583 341 109.922 43.8704783640023 0.0)
#(0 3584 341 109.922 45.9084704715219 0.0)
#(0 3590 341 109.922 40.5829859200848 0.0)
#(0 137516 341 109.922 45.0750757575758 0.0)
#(0 137517 341 109.922 47.1585125019908 0.0)
#(0 137519 341 109.922 43.4917203086768 0.0)
#(0 137524 341 109.922 46.9820582010582 0.0)
#(0 137937 341 109.922 45.6821428571429 0.0)
#(0 137944 341 109.922 44.7520588235294 0.0)
#(0 137945 341 109.922 45.8449567099567 0.0)
#(0 138275 341 109.922 46.59997108155 0.0)
#(0 138293 341 109.922 47.6548412698413 0.0)
#(0 138294 341 109.922 44.957671957672 0.0)
#(0 138295 341 109.937 46.2248571708354 0.0)
#(0 138296 341 109.937 44.4362696514012 0.0)
#(0 138627 341 109.937 44.957671957672 0.0)
#(0 138630 341 109.937 44.6682422749664 0.0)
#(0 138636 341 109.937 48.6142543859649 0.0)
#(0 138638 341 109.937 42.8399672399672 0.0)
#(0 138933 341 109.937 46.0729214874356 0.0)
#(0 138935 341 109.937 43.2639101570264 0.0)
#(0 138938 341 109.937 46.0309719737627 0.0)
#(0 138941 341 109.937 43.236395612533 0.0)
#(0 138943 341 109.937 45.3395857475858 0.0)
#(0 139227 341 109.937 43.9867574616053 0.0)
#(0 139236 341 109.937 47.4071111111111 0.0)
#(0 139237 341 109.937 43.3301724137931 0.0)
#(0 139240 341 109.937 45.0782083333333 0.0)
#(0 139517 341 109.937 45.310268907563 0.0)
#(0 139524 341 109.937 43.2639101570264 0.0)
#(0 139526 341 109.937 43.813428858723 0.0)
#(0 139527 341 109.937 45.1625676406926 0.0)
#(0 139528 341 109.937 47.7146042318368 0.0)
#(0 139529 341 109.937 47.1266827898268 0.0)
#(0 139530 341 109.937 48.7575156641604 0.0)
#(0 139788 341 109.937 46.1969264069264 0.0)
#(0 139789 341 109.937 46.2248571708354 0.0)
#(0 139791 341 109.937 47.1585125019908 0.0)
#(0 140059 341 109.937 43.5663328664799 0.0)
#(0 140062 341 109.937 43.9957142857143 0.0)
#(0 140063 341 109.937 44.9133578431373 0.0)
#(0 140064 341 109.937 48.8436363636364 0.0)
#(0 140065 341 109.937 47.4071111111111 0.0)
#(0 140067 341 109.937 45.7767496392496 0.0)
#(0 140818 341 109.937 46.9578827751196 0.0)
#(0 140826 341 109.937 45.9947767179992 0.0)
#(0 140827 341 109.937 43.7948780487805 0.0)
#(0 140828 341 109.937 40.6375 0.0)
#(0 140829 341 109.937 44.9409064039409 0.0)
#(0 140830 341 109.937 43.7770833333333 0.0)
#(0 140831 341 109.937 45.0235256410256 0.0)
#(0 257 342 109.953 44.6620434712346 0.0)
#(0 261 342 109.953 42.0931753831754 0.0)
#(0 262 342 109.953 45.6934837092732 0.0)
#(0 607 342 109.953 45.9084704715219 0.0)
#(0 608 342 109.953 47.0 0.0)
#(0 609 342 109.953 43.6662835249042 0.0)
#(0 614 342 109.953 46.1854545454545 0.0)
#(0 1020 342 109.953 48.1992753623188 0.0)
#(0 1026 342 109.953 44.821012145749 0.0)
#(0 1027 342 109.953 44.5816666666667 0.0)
#(0 1364 342 109.953 43.6662835249042 0.0)
#(0 1368 342 109.953 42.0931753831754 0.0)
#(0 1671 342 109.953 42.0931753831754 0.0)
#(0 1946 342 109.953 45.4936530843237 0.0)
#(0 2238 342 109.953 43.491369047619 0.0)
#(0 2242 342 109.953 43.7215887995852 0.0)
#(0 2247 342 109.953 45.7727011494253 0.0)
#(0 2248 342 109.953 44.6941632928475 0.0)
#(0 2526 342 109.953 42.7041310541311 0.0)
#(0 2801 342 109.953 43.6662835249042 0.0)
#(0 2804 342 109.953 40.5829859200848 0.0)
#(0 3593 342 109.953 43.491369047619 0.0)
#(0 3594 342 109.953 43.1236257309941 0.0)
#(0 3595 342 109.953 44.5421454451346 0.0)
#(0 3596 342 109.953 50.1298701298701 0.0)
#(0 3598 342 109.953 45.8729936729937 0.0)
#(0 3600 342 109.953 37.0257575757576 0.0)
#(0 137522 342 109.953 42.5669871794872 0.0)
#(0 137538 342 109.953 54.3333333333333 0.0)
#(0 137941 342 109.968 45.8010978835979 0.0)
#(0 137946 342 109.968 46.9820582010582 0.0)
#(0 137950 342 109.968 46.2248571708354 0.0)
#(0 137952 342 109.968 48.7575156641604 0.0)
#(0 137954 342 109.968 47.7673684210526 0.0)
#(0 137956 342 109.968 44.7520588235294 0.0)
#(0 137958 342 109.968 44.6970398481973 0.0)
#(0 137959 342 109.968 47.7194047619048 0.0)
#(0 137960 342 109.968 47.6818181818182 0.0)
#(0 138300 342 109.968 44.6970398481973 0.0)
#(0 138302 342 109.968 44.3662260536398 0.0)
#(0 138303 342 109.968 47.4197972716938 0.0)
#(0 138304 342 109.968 45.5360714285714 0.0)
#(0 138305 342 109.968 44.5166574381691 0.0)
#(0 138306 342 109.968 44.7497569072607 0.0)
#(0 138307 342 109.968 48.4342857142857 0.0)
#(0 138642 342 109.968 44.957671957672 0.0)
#(0 138643 342 109.968 47.372619047619 0.0)
#(0 138646 342 109.968 46.9578827751196 0.0)
#(0 138925 342 109.968 44.9409064039409 0.0)
#(0 138940 342 109.968 46.2248571708354 0.0)
#(0 138949 342 109.968 47.1585125019908 0.0)
#(0 138951 342 109.968 45.0760293268438 0.0)
#(0 138953 342 109.968 46.454493006993 0.0)
#(0 138955 342 109.968 46.3875274725275 0.0)
#(0 138956 342 109.968 48.8116666666667 0.0)
#(0 139250 342 109.968 45.0058270330076 0.0)
#(0 139251 342 109.968 45.5360714285714 0.0)
#(0 139253 342 109.968 46.9185964912281 0.0)
#(0 139534 342 109.968 47.771505050505 0.0)
#(0 139535 342 109.968 46.0376089324619 0.0)
#(0 139536 342 109.968 44.957671957672 0.0)
#(0 139538 342 109.968 48.0696428571429 0.0)
#(0 139800 342 109.968 45.130497311828 0.0)
#(0 140070 342 109.968 46.454493006993 0.0)
#(0 140071 342 109.968 49.9033578016187 0.0)
#(0 140072 342 109.968 43.7948780487805 0.0)
#(0 140073 342 109.968 45.0235256410256 0.0)
#(0 140074 342 109.984 47.4197972716938 0.0)
#(0 140075 342 109.984 43.213385620915 0.0)
#(0 140076 342 109.984 43.9867574616053 0.0)
#(0 140322 342 109.984 45.3395857475858 0.0)
#(0 140324 342 109.984 43.213385620915 0.0)
#(0 140327 342 109.984 45.1541666666667 0.0)
#(0 140825 342 109.984 46.9820582010582 0.0)
#(0 140832 342 109.984 42.4358974358974 0.0)
#(0 140833 342 109.984 43.3092342342342 0.0)
#(0 140834 342 109.984 43.8802447552448 0.0)
#(0 140836 342 109.984 43.9867574616053 0.0)
#(0 140837 342 109.984 43.546801242236 0.0)
#(0 140838 342 109.984 49.9033578016187 0.0)
#(0 140839 342 109.984 43.9972354682874 0.0)
#(0 269 343 109.984 45.8729936729937 0.0)
#(0 617 343 109.984 47.7092803030303 0.0)
#(0 624 343 109.984 43.6458611853832 0.0)
#(0 625 343 109.984 44.5421454451346 0.0)
#(0 1025 343 109.984 44.6007411067194 0.0)
#(0 1359 343 109.984 42.7041310541311 0.0)
#(0 1374 343 109.984 44.2501654259719 0.0)
#(0 1377 343 109.984 51.9166666666667 0.0)
#(0 1672 343 109.984 50.1298701298701 0.0)
#(0 1676 343 109.984 44.6007411067194 0.0)
#(0 1952 343 109.984 45.2086257309942 0.0)
#(0 1959 343 109.984 45.8729936729937 0.0)
#(0 2246 343 109.984 45.4936530843237 0.0)
#(0 2252 343 109.984 43.491369047619 0.0)
#(0 2541 343 109.984 45.6198524087998 0.0)
#(0 2545 343 109.984 47.0 0.0)
#(0 3599 343 109.984 44.5421454451346 0.0)
#(0 3601 343 109.984 45.6198524087998 0.0)
#(0 3603 343 109.984 42.9844798609099 0.0)
#(0 3605 343 109.984 44.2786528669137 0.0)
#(0 3606 343 109.984 44.6007411067194 0.0)
#(0 3609 343 109.984 44.4166666666667 0.0)
#(0 137530 343 109.984 46.9820582010582 0.0)
#(0 137544 343 110.0 43.7645933014354 0.0)
#(0 137549 343 110.0 48.6142543859649 0.0)
#(0 137554 343 110.0 47.7673684210526 0.0)
#(0 137555 343 110.0 45.0782083333333 0.0)
#(0 137951 343 110.0 44.4362696514012 0.0)
#(0 137961 343 110.0 45.0760293268438 0.0)
#(0 137963 343 110.0 46.1969264069264 0.0)
#(0 137966 343 110.0 45.0058270330076 0.0)
#(0 137968 343 110.0 42.1 0.0)
#(0 137970 343 110.0 46.94 0.0)
#(0 137971 343 110.0 46.9185964912281 0.0)
#(0 137972 343 110.0 44.5258228817052 0.0)
#(0 138311 343 110.0 46.9578827751196 0.0)
#(0 138313 343 110.0 47.771505050505 0.0)
#(0 138650 343 110.0 45.8010978835979 0.0)
#(0 138931 343 110.0 44.9409064039409 0.0)
#(0 138958 343 110.0 44.8577795031056 0.0)
#(0 138961 343 110.0 47.5 0.0)
#(0 139261 343 110.0 43.8548320158103 0.0)
#(0 139264 343 110.0 49.2916666666667 0.0)
#(0 139539 343 110.0 46.8415977443609 0.0)
#(0 139541 343 110.0 42.1 0.0)
#(0 139542 343 110.0 47.415 0.0)
#(0 139543 343 110.0 45.5488602805463 0.0)
#(0 139544 343 110.0 49.9984126984127 0.0)
#(0 139545 343 110.0 43.7616421568627 0.0)
#(0 139804 343 110.0 46.1969264069264 0.0)
#(0 139813 343 110.0 48.6142543859649 0.0)
#(0 140077 343 110.0 44.4799443215522 0.0)
#(0 140078 343 110.0 45.2565955613014 0.0)
#(0 140079 343 110.0 42.5669871794872 0.0)
#(0 140080 343 110.0 47.7074084249084 0.0)
#(0 140081 343 110.0 48.0963888888889 0.0)
#(0 140083 343 110.0 46.0309719737627 0.0)
#(0 140084 343 110.0 46.2 0.0)
#(0 140085 343 110.0 44.9409064039409 0.0)
#(0 140086 343 110.0 44.8642625313283 0.0)
#(0 140330 343 110.0 45.3395857475858 0.0)
#(0 140332 343 110.0 49.0997222222222 0.0)
#(0 140835 343 110.015 43.3092342342342 0.0)
#(0 140840 343 110.015 43.9867574616053 0.0)
#(0 140841 343 110.015 44.6970398481973 0.0)
#(0 140842 343 110.015 44.5573711484594 0.0)
#(0 140843 343 110.015 43.5663328664799 0.0)
#(0 140844 343 110.015 45.7767496392496 0.0)
#(0 140845 343 110.015 44.911045943304 0.0)
#(0 140846 343 110.015 44.4192328042328 0.0)
#(0 140847 343 110.015 45.2936538461538 0.0)
#(0 275 344 110.015 47.9334117097049 0.0)
#(0 279 344 110.015 48.1992753623188 0.0)
#(0 282 344 110.015 46.1786538461538 0.0)
#(0 629 344 110.015 45.0556763285024 0.0)
#(0 636 344 110.015 43.0292857142857 0.0)
#(0 638 344 110.015 49.1828571428571 0.0)
#(0 1042 344 110.015 46.1854545454545 0.0)
#(0 1046 344 110.015 44.6007411067194 0.0)
#(0 1048 344 110.015 46.1786538461538 0.0)
#(0 1386 344 110.015 53.4375 0.0)
#(0 1387 344 110.015 45.4936530843237 0.0)
#(0 1391 344 110.015 42.0931753831754 0.0)
#(0 1678 344 110.015 42.0931753831754 0.0)
#(0 1684 344 110.015 44.821012145749 0.0)
#(0 1685 344 110.015 46.4733333333333 0.0)
#(0 2259 344 110.015 43.6662835249042 0.0)
#(0 2261 344 110.015 45.1642954305888 0.0)
#(0 2269 344 110.015 47.7092803030303 0.0)
#(0 2270 344 110.015 46.8387566137566 0.0)
#(0 2530 344 110.015 42.7041310541311 0.0)
#(0 2811 344 110.015 44.9757386363636 0.0)
#(0 2812 344 110.015 44.5421454451346 0.0)
#(0 2813 344 110.015 44.5615476190476 0.0)
#(0 2814 344 110.015 45.2086257309942 0.0)
#(0 3611 344 110.031 42.3467980295567 0.0)
#(0 137560 344 110.031 45.9947767179992 0.0)
#(0 137562 344 110.031 45.8449567099567 0.0)
#(0 137564 344 110.031 45.1625676406926 0.0)
#(0 137570 344 110.031 45.6131085192698 0.0)
#(0 137575 344 110.031 43.5461458907887 0.0)
#(0 137579 344 110.031 47.2317903297683 0.0)
#(0 137976 344 110.031 44.4192328042328 0.0)
#(0 138316 344 110.031 46.2248571708354 0.0)
#(0 138317 344 110.031 43.5663328664799 0.0)
#(0 138319 344 110.031 44.8577795031056 0.0)
#(0 138323 344 110.031 44.3662260536398 0.0)
#(0 138659 344 110.031 45.9409472387989 0.0)
#(0 138663 344 110.031 47.8968546365915 0.0)
#(0 138952 344 110.031 44.9409064039409 0.0)
#(0 138968 344 110.031 42.6575587606838 0.0)
#(0 138970 344 110.031 44.3662260536398 0.0)
#(0 138972 344 110.031 48.9906349206349 0.0)
#(0 138973 344 110.031 54.097619047619 0.0)
#(0 139546 344 110.031 48.0696428571429 0.0)
#(0 139548 344 110.031 42.1875 0.0)
#(0 139550 344 110.031 43.3301724137931 0.0)
#(0 139551 344 110.031 42.4358974358974 0.0)
#(0 139553 344 110.031 44.4799443215522 0.0)
#(0 139554 344 110.031 43.813428858723 0.0)
#(0 139830 344 110.031 46.2248571708354 0.0)
#(0 140082 344 110.031 45.2565955613014 0.0)
#(0 140087 344 110.031 44.6339047619048 0.0)
#(0 140088 344 110.031 45.6131085192698 0.0)
#(0 140352 344 110.031 56.4885416666667 0.0)
#(0 140848 344 110.031 45.1543697478992 0.0)
#(0 140849 344 110.031 47.1266827898268 0.0)
#(0 140850 344 110.047 44.3662260536398 0.0)
#(0 140851 344 110.047 46.454493006993 0.0)
#(0 140853 344 110.047 45.6131085192698 0.0)
#(0 140854 344 110.047 46.1969264069264 0.0)
#(0 140855 344 110.047 45.8010978835979 0.0)
#(0 140856 344 110.047 44.8642625313283 0.0)
#(0 140857 344 110.047 46.9309941520468 0.0)
#(0 140858 344 110.047 47.6818181818182 0.0)
#(0 140859 344 110.047 45.0760293268438 0.0)
#(0 276 345 110.047 45.2086257309942 0.0)
#(0 295 345 110.047 49.1828571428571 0.0)
#(0 646 345 110.047 50.9230769230769 0.0)
#(0 653 345 110.047 42.6153267367553 0.0)
#(0 1056 345 110.047 44.6941632928475 0.0)
#(0 1059 345 110.047 43.6662835249042 0.0)
#(0 1060 345 110.047 48.1422619047619 0.0)
#(0 1400 345 110.047 40.5829859200848 0.0)
#(0 1694 345 110.047 43.0292857142857 0.0)
#(0 1984 345 110.047 40.5829859200848 0.0)
#(0 1987 345 110.047 46.7666666666667 0.0)
#(0 1990 345 110.047 44.9336589336589 0.0)
#(0 2276 345 110.047 40.5829859200848 0.0)
#(0 2555 345 110.047 45.9916666666667 0.0)
#(0 2563 345 110.047 44.9336589336589 0.0)
#(0 2817 345 110.047 46.3436769005848 0.0)
#(0 2818 345 110.047 48.1422619047619 0.0)
#(0 2819 345 110.047 46.1786538461538 0.0)
#(0 2820 345 110.047 53.4375 0.0)
#(0 2823 345 110.047 44.597123843898 0.0)
#(0 3620 345 110.047 46.1854545454545 0.0)
#(0 137577 345 110.047 42.5669871794872 0.0)
#(0 137582 345 110.047 44.8577795031056 0.0)
#(0 137584 345 110.047 44.5573711484594 0.0)
#(0 137588 345 110.047 45.0235256410256 0.0)
#(0 137592 345 110.047 51.985 0.0)
#(0 137593 345 110.047 44.6970398481973 0.0)
#(0 137594 345 110.047 42.6575587606838 0.0)
#(0 137595 345 110.047 45.1541666666667 0.0)
#(0 137982 345 110.062 44.4192328042328 0.0)
#(0 137983 345 110.062 44.5573711484594 0.0)
#(0 137988 345 110.062 43.7770833333333 0.0)
#(0 137990 345 110.062 44.5166574381691 0.0)
#(0 137992 345 110.062 45.3395857475858 0.0)
#(0 137993 345 110.062 47.8968546365915 0.0)
#(0 138324 345 110.062 44.8577795031056 0.0)
#(0 138328 345 110.062 42.0836752136752 0.0)
#(0 138329 345 110.062 46.0309719737627 0.0)
#(0 138331 345 110.062 45.7767496392496 0.0)
#(0 138333 345 110.062 43.4917203086768 0.0)
#(0 138335 345 110.062 43.8548320158103 0.0)
#(0 138338 345 110.062 43.9867574616053 0.0)
#(0 138339 345 110.062 45.310268907563 0.0)
#(0 138667 345 110.062 44.4192328042328 0.0)
#(0 138668 345 110.062 43.7442602495544 0.0)
#(0 138669 345 110.062 45.8775155279503 0.0)
#(0 138670 345 110.062 46.9185964912281 0.0)
#(0 138974 345 110.062 45.3095454545455 0.0)
#(0 138975 345 110.062 47.4071111111111 0.0)
#(0 138979 345 110.062 45.1625676406926 0.0)
#(0 138980 345 110.062 42.8399672399672 0.0)
#(0 138981 345 110.062 45.310268907563 0.0)
#(0 138982 345 110.062 44.997183908046 0.0)
#(0 138983 345 110.062 43.2639101570264 0.0)
#(0 138985 345 110.062 44.8577795031056 0.0)
#(0 138986 345 110.062 45.8010978835979 0.0)
#(0 138988 345 110.062 43.3092342342342 0.0)
#(0 139276 345 110.062 47.1266827898268 0.0)
#(0 139277 345 110.062 44.5946386946387 0.0)
#(0 139278 345 110.062 48.4342857142857 0.0)
#(0 139555 345 110.062 46.9578827751196 0.0)
#(0 139556 345 110.062 44.9133578431373 0.0)
#(0 139557 345 110.062 45.1556783877646 0.0)
#(0 139558 345 110.062 43.546801242236 0.0)
#(0 139559 345 110.062 49.9984126984127 0.0)
#(0 139560 345 110.062 48.6142543859649 0.0)
#(0 139561 345 110.062 44.2977372919478 0.0)
#(0 139563 345 110.062 42.8399672399672 0.0)
#(0 139837 345 110.078 45.7767496392496 0.0)
#(0 139838 345 110.078 44.7484012066365 0.0)
#(0 140089 345 110.078 43.5461458907887 0.0)
#(0 140091 345 110.078 45.9947767179992 0.0)
#(0 140092 345 110.078 44.3662260536398 0.0)
#(0 140093 345 110.078 46.3632544903927 0.0)
#(0 140094 345 110.078 42.5669871794872 0.0)
#(0 140095 345 110.078 32.0 0.0)
#(0 140096 345 110.078 44.957671957672 0.0)
#(0 140098 345 110.078 43.7067647058824 0.0)
#(0 140099 345 110.078 42.6575587606838 0.0)
#(0 140100 345 110.078 46.0309719737627 0.0)
#(0 140101 345 110.078 47.7146042318368 0.0)
#(0 140102 345 110.078 47.771505050505 0.0)
#(0 140852 345 110.078 44.3662260536398 0.0)
#(0 140860 345 110.078 48.6142543859649 0.0)
#(0 140861 345 110.078 51.5444444444444 0.0)
#(0 140862 345 110.078 43.9867574616053 0.0)
#(0 140863 345 110.078 46.9820582010582 0.0)
#(0 140864 345 110.078 42.6575587606838 0.0)
#(0 140865 345 110.078 43.2639101570264 0.0)
#(0 140866 345 110.078 45.9947767179992 0.0)
#(0 140867 345 110.078 44.8642625313283 0.0)
#(0 297 346 110.078 42.2311204481793 0.0)
#(0 311 346 110.078 48.1422619047619 0.0)
#(0 660 346 110.078 43.491369047619 0.0)
#(0 671 346 110.078 45.6198524087998 0.0)
#(0 1066 346 110.078 44.5816666666667 0.0)
#(0 1071 346 110.078 44.5421454451346 0.0)
#(0 1074 346 110.078 44.0197016210509 0.0)
#(0 1078 346 110.078 42.0931753831754 0.0)
#(0 1401 346 110.078 45.1642954305888 0.0)
#(0 1406 346 110.078 46.3761111111111 0.0)
#(0 1701 346 110.078 43.0292857142857 0.0)
#(0 1708 346 110.078 44.2501654259719 0.0)
#(0 1710 346 110.078 45.6198524087998 0.0)
#(0 1991 346 110.078 45.3566756272401 0.0)
#(0 2284 346 110.078 44.2786528669137 0.0)
#(0 2287 346 110.093 47.9334117097049 0.0)
#(0 2288 346 110.093 46.1854545454545 0.0)
#(0 2571 346 110.093 49.5183712121212 0.0)
#(0 2825 346 110.093 43.7215887995852 0.0)
#(0 3621 346 110.093 49.1828571428571 0.0)
#(0 3622 346 110.093 44.2786528669137 0.0)
#(0 3624 346 110.093 44.6941632928475 0.0)
#(0 3627 346 110.093 43.1236257309941 0.0)
#(0 137583 346 110.093 44.8577795031056 0.0)
#(0 137599 346 110.093 43.546801242236 0.0)
#(0 137602 346 110.093 45.0058270330076 0.0)
#(0 137603 346 110.093 54.3333333333333 0.0)
#(0 137994 346 110.093 43.813428858723 0.0)
#(0 137997 346 110.093 44.5946386946387 0.0)
#(0 137999 346 110.093 49.1238095238095 0.0)
#(0 138000 346 110.093 43.5663328664799 0.0)
#(0 138003 346 110.093 43.7067647058824 0.0)
#(0 138004 346 110.093 47.771505050505 0.0)
#(0 138343 346 110.093 45.5488602805463 0.0)
#(0 138344 346 110.093 43.3092342342342 0.0)
#(0 138347 346 110.093 48.9906349206349 0.0)
#(0 138349 346 110.093 45.3095454545455 0.0)
#(0 138350 346 110.093 44.957671957672 0.0)
#(0 138678 346 110.093 44.5166574381691 0.0)
#(0 138976 346 110.093 46.59997108155 0.0)
#(0 138992 346 110.093 44.6339047619048 0.0)
#(0 138993 346 110.093 45.9409472387989 0.0)
#(0 138996 346 110.093 46.2248571708354 0.0)
#(0 138999 346 110.093 47.2317903297683 0.0)
#(0 139279 346 110.093 47.4197972716938 0.0)
#(0 139281 346 110.093 46.9185964912281 0.0)
#(0 139565 346 110.093 47.2317903297683 0.0)
#(0 139566 346 110.093 45.5360714285714 0.0)
#(0 139568 346 110.093 44.4192328042328 0.0)
#(0 139569 346 110.093 45.2936538461538 0.0)
#(0 139845 346 110.093 43.7067647058824 0.0)
#(0 139848 346 110.093 47.372619047619 0.0)
#(0 139849 346 110.093 45.3395857475858 0.0)
#(0 139851 346 110.093 45.1556783877646 0.0)
#(0 140097 346 110.109 43.5461458907887 0.0)
#(0 140103 346 110.109 43.7616421568627 0.0)
#(0 140105 346 110.109 45.7767496392496 0.0)
#(0 140106 346 110.109 47.7673684210526 0.0)
#(0 140107 346 110.109 45.8449567099567 0.0)
#(0 140108 346 110.109 43.236395612533 0.0)
#(0 140109 346 110.109 45.0058270330076 0.0)
#(0 140110 346 110.109 45.1541666666667 0.0)
#(0 140111 346 110.109 44.7520588235294 0.0)
#(0 140112 346 110.109 45.1556783877646 0.0)
#(0 140113 346 110.109 45.91276106934 0.0)
#(0 140114 346 110.109 43.5663328664799 0.0)
#(0 140868 346 110.109 48.6142543859649 0.0)
#(0 140869 346 110.109 46.0729214874356 0.0)
#(0 140870 346 110.109 45.0750757575758 0.0)
#(0 140871 346 110.109 45.2093956043956 0.0)
#(0 140872 346 110.109 45.0235256410256 0.0)
#(0 321 347 110.109 45.0851436781609 0.0)
#(0 324 347 110.109 45.1642954305888 0.0)
#(0 327 347 110.109 45.6198524087998 0.0)
#(0 658 347 110.109 44.6620434712346 0.0)
#(0 677 347 110.109 50.1298701298701 0.0)
#(0 685 347 110.109 45.3167724698575 0.0)
#(0 1069 347 110.109 43.6662835249042 0.0)
#(0 1079 347 110.109 44.6941632928475 0.0)
#(0 1080 347 110.109 42.3467980295567 0.0)
#(0 1090 347 110.109 40.5829859200848 0.0)
#(0 1424 347 110.109 43.6458611853832 0.0)
#(0 1718 347 110.109 47.9422222222222 0.0)
#(0 1719 347 110.109 44.5421454451346 0.0)
#(0 2004 347 110.109 44.3323520923521 0.0)
#(0 2289 347 110.109 50.1298701298701 0.0)
#(0 2290 347 110.109 43.0292857142857 0.0)
#(0 2293 347 110.109 45.9084704715219 0.0)
#(0 2295 347 110.109 44.9757386363636 0.0)
#(0 2296 347 110.109 42.3467980295567 0.0)
#(0 2828 347 110.109 42.7041310541311 0.0)
#(0 2834 347 110.125 45.8813466925232 0.0)
#(0 3109 347 110.125 46.1854545454545 0.0)
#(0 3623 347 110.125 49.1828571428571 0.0)
#(0 3628 347 110.125 46.1854545454545 0.0)
#(0 3631 347 110.125 42.6153267367553 0.0)
#(0 137606 347 110.125 47.771505050505 0.0)
#(0 137607 347 110.125 46.9185964912281 0.0)
#(0 137616 347 110.125 44.9133578431373 0.0)
#(0 138005 347 110.125 45.9409472387989 0.0)
#(0 138006 347 110.125 45.1625676406926 0.0)
#(0 138009 347 110.125 48.0696428571429 0.0)
#(0 138012 347 110.125 46.3875274725275 0.0)
#(0 138014 347 110.125 42.6575587606838 0.0)
#(0 138346 347 110.125 45.5488602805463 0.0)
#(0 138353 347 110.125 43.3092342342342 0.0)
#(0 138358 347 110.125 43.7645933014354 0.0)
#(0 138360 347 110.125 43.7770833333333 0.0)
#(0 138366 347 110.125 42.8399672399672 0.0)
#(0 138368 347 110.125 46.3503571428571 0.0)
#(0 138686 347 110.125 44.7484012066365 0.0)
#(0 138990 347 110.125 43.2639101570264 0.0)
#(0 138995 347 110.125 44.8577795031056 0.0)
#(0 139001 347 110.125 47.7146042318368 0.0)
#(0 139003 347 110.125 47.1266827898268 0.0)
#(0 139004 347 110.125 44.9133578431373 0.0)
#(0 139006 347 110.125 45.310268907563 0.0)
#(0 139007 347 110.125 59.0 0.0)
#(0 139283 347 110.125 45.9947767179992 0.0)
#(0 139285 347 110.125 46.3875274725275 0.0)
#(0 139570 347 110.125 47.1266827898268 0.0)
#(0 139572 347 110.125 45.2936538461538 0.0)
#(0 139573 347 110.125 47.4197972716938 0.0)
#(0 139575 347 110.125 44.8642625313283 0.0)
#(0 139576 347 110.125 44.4192328042328 0.0)
#(0 140115 347 110.125 47.1266827898268 0.0)
#(0 140116 347 110.125 43.3301724137931 0.0)
#(0 140118 347 110.125 44.6682422749664 0.0)
#(0 140119 347 110.125 45.6821428571429 0.0)
#(0 140120 347 110.14 43.7616421568627 0.0)
#(0 140121 347 110.14 45.9409472387989 0.0)
#(0 140122 347 110.14 46.59997108155 0.0)
#(0 140124 347 110.14 46.0729214874356 0.0)
#(0 140126 347 110.14 48.0963888888889 0.0)
#(0 140127 347 110.14 45.3910927374743 0.0)
#(0 140873 347 110.14 43.3092342342342 0.0)
#(0 140874 347 110.14 46.0376089324619 0.0)
#(0 140875 347 110.14 45.6821428571429 0.0)
#(0 140876 347 110.14 43.213385620915 0.0)
#(0 140877 347 110.14 45.0782083333333 0.0)
#(0 140878 347 110.14 46.9185964912281 0.0)
#(0 140879 347 110.14 47.7074084249084 0.0)
#(0 140880 347 110.14 47.2317903297683 0.0)
#(0 330 348 110.14 45.3566756272401 0.0)
#(0 331 348 110.14 46.1786538461538 0.0)
#(0 340 348 110.14 43.7215887995852 0.0)
#(0 341 348 110.14 43.0292857142857 0.0)
#(0 692 348 110.14 45.0556763285024 0.0)
#(0 1094 348 110.14 48.1422619047619 0.0)
#(0 1721 348 110.14 42.3467980295567 0.0)
#(0 1726 348 110.14 44.5816666666667 0.0)
#(0 1730 348 110.14 42.0931753831754 0.0)
#(0 1732 348 110.14 44.0197016210509 0.0)
#(0 2301 348 110.14 45.8729936729937 0.0)
#(0 2579 348 110.14 43.491369047619 0.0)
#(0 2586 348 110.14 44.4166666666667 0.0)
#(0 2838 348 110.14 44.0197016210509 0.0)
#(0 2841 348 110.14 44.5421454451346 0.0)
#(0 2845 348 110.14 43.8704783640023 0.0)
#(0 3635 348 110.14 44.5615476190476 0.0)
#(0 3638 348 110.14 46.8387566137566 0.0)
#(0 137618 348 110.156 43.9957142857143 0.0)
#(0 137627 348 110.156 43.7616421568627 0.0)
#(0 138013 348 110.156 48.0696428571429 0.0)
#(0 138018 348 110.156 43.546801242236 0.0)
#(0 138023 348 110.156 43.9630014430014 0.0)
#(0 138026 348 110.156 46.0729214874356 0.0)
#(0 138028 348 110.156 47.4197972716938 0.0)
#(0 138370 348 110.156 51.985 0.0)
#(0 138371 348 110.156 45.0760293268438 0.0)
#(0 138374 348 110.156 47.8968546365915 0.0)
#(0 138375 348 110.156 50.6180555555556 0.0)
#(0 138376 348 110.156 45.0058270330076 0.0)
#(0 138377 348 110.156 45.8010978835979 0.0)
#(0 138378 348 110.156 42.6575587606838 0.0)
#(0 138689 348 110.156 45.0625 0.0)
#(0 138691 348 110.156 47.8968546365915 0.0)
#(0 138692 348 110.156 46.0376089324619 0.0)
#(0 138696 348 110.156 49.9033578016187 0.0)
#(0 139010 348 110.156 46.9820582010582 0.0)
#(0 139011 348 110.156 45.3095454545455 0.0)
#(0 139013 348 110.156 44.4799443215522 0.0)
#(0 139015 348 110.156 44.3662260536398 0.0)
#(0 139017 348 110.156 45.1556783877646 0.0)
#(0 139018 348 110.156 44.9409064039409 0.0)
#(0 139291 348 110.156 52.7857142857143 0.0)
#(0 139294 348 110.156 45.0782083333333 0.0)
#(0 139295 348 110.156 43.8548320158103 0.0)
#(0 139297 348 110.156 43.3301724137931 0.0)
#(0 139298 348 110.156 49.1238095238095 0.0)
#(0 139300 348 110.156 44.997183908046 0.0)
#(0 139580 348 110.156 49.625 0.0)
#(0 139586 348 110.156 43.3092342342342 0.0)
#(0 140117 348 110.156 45.91276106934 0.0)
#(0 140129 348 110.156 44.8577795031056 0.0)
#(0 140130 348 110.156 43.7770833333333 0.0)
#(0 140131 348 110.156 44.9409064039409 0.0)
#(0 140134 348 110.156 48.8436363636364 0.0)
#(0 140135 348 110.156 45.310268907563 0.0)
#(0 140136 348 110.156 44.886218487395 0.0)
#(0 140137 348 110.172 45.9947767179992 0.0)
#(0 140881 348 110.172 38.9726400560224 0.0)
#(0 140882 348 110.172 45.2936538461538 0.0)
#(0 140883 348 110.172 45.3395857475858 0.0)
#(0 140884 348 110.172 47.1266827898268 0.0)
#(0 140885 348 110.172 45.0235256410256 0.0)
#(0 140886 348 110.172 48.8436363636364 0.0)
#(0 140887 348 110.172 45.91276106934 0.0)
#(0 140888 348 110.172 42.5669871794872 0.0)
#(0 348 349 110.172 44.597123843898 0.0)
#(0 350 349 110.172 47.5233333333333 0.0)
#(0 697 349 110.172 46.7432380952381 0.0)
#(0 708 349 110.172 44.6941632928475 0.0)
#(0 710 349 110.172 45.3372745015101 0.0)
#(0 1103 349 110.172 47.7092803030303 0.0)
#(0 1105 349 110.172 45.6934837092732 0.0)
#(0 1733 349 110.172 44.5421454451346 0.0)
#(0 1735 349 110.172 49.2411764705882 0.0)
#(0 2016 349 110.172 43.6458611853832 0.0)
#(0 2019 349 110.172 43.7215887995852 0.0)
#(0 2299 349 110.172 42.3467980295567 0.0)
#(0 2307 349 110.172 43.4472222222222 0.0)
#(0 2851 349 110.187 43.8704783640023 0.0)
#(0 2852 349 110.187 45.0071428571429 0.0)
#(0 2855 349 110.187 42.3467980295567 0.0)
#(0 3641 349 110.187 44.2786528669137 0.0)
#(0 3643 349 110.187 37.0257575757576 0.0)
#(0 3644 349 110.187 45.3372745015101 0.0)
#(0 3646 349 110.187 45.4936530843237 0.0)
#(0 3648 349 110.187 44.821012145749 0.0)
#(0 137629 349 110.187 44.5573711484594 0.0)
#(0 137631 349 110.187 47.6818181818182 0.0)
#(0 137633 349 110.187 43.236395612533 0.0)
#(0 137634 349 110.187 46.9578827751196 0.0)
#(0 138030 349 110.187 45.91276106934 0.0)
#(0 138031 349 110.187 43.8548320158103 0.0)
#(0 138032 349 110.187 45.3095454545455 0.0)
#(0 138034 349 110.187 46.3150974025974 0.0)
#(0 138035 349 110.187 45.9947767179992 0.0)
#(0 138043 349 110.187 47.7673684210526 0.0)
#(0 138044 349 110.187 45.1625676406926 0.0)
#(0 138045 349 110.187 49.5577777777778 0.0)
#(0 138048 349 110.187 43.7770833333333 0.0)
#(0 138354 349 110.187 43.3092342342342 0.0)
#(0 138361 349 110.187 43.5461458907887 0.0)
#(0 138380 349 110.187 49.7444444444444 0.0)
#(0 138381 349 110.187 44.7497569072607 0.0)
#(0 138383 349 110.187 47.1585125019908 0.0)
#(0 138384 349 110.187 45.9947767179992 0.0)
#(0 138386 349 110.187 44.997183908046 0.0)
#(0 138699 349 110.187 44.957671957672 0.0)
#(0 138700 349 110.187 45.0760293268438 0.0)
#(0 138706 349 110.187 44.6339047619048 0.0)
#(0 138707 349 110.187 44.5573711484594 0.0)
#(0 139020 349 110.187 41.4431243266537 0.0)
#(0 139024 349 110.187 47.6818181818182 0.0)
#(0 139025 349 110.187 42.8399672399672 0.0)
#(0 139588 349 110.187 46.3150974025974 0.0)
#(0 139589 349 110.187 46.3632544903927 0.0)
#(0 139590 349 110.187 42.1 0.0)
#(0 139591 349 110.203 47.2317903297683 0.0)
#(0 139592 349 110.203 47.7146042318368 0.0)
#(0 139593 349 110.203 44.2977372919478 0.0)
#(0 140133 349 110.203 45.3910927374743 0.0)
#(0 140138 349 110.203 48.7428571428571 0.0)
#(0 140139 349 110.203 45.9409472387989 0.0)
#(0 140140 349 110.203 46.9185964912281 0.0)
#(0 140141 349 110.203 49.625 0.0)
#(0 140390 349 110.203 46.3632544903927 0.0)
#(0 140889 349 110.203 45.1556783877646 0.0)
#(0 140890 349 110.203 44.2614141414141 0.0)
#(0 354 350 110.203 47.0080552995392 0.0)
#(0 355 350 110.203 44.0197016210509 0.0)
#(0 709 350 110.203 45.4936530843237 0.0)
#(0 714 350 110.203 43.1236257309941 0.0)
#(0 717 350 110.203 42.0931753831754 0.0)
#(0 1117 350 110.203 47.0080552995392 0.0)
#(0 1447 350 110.203 44.3323520923521 0.0)
#(0 1448 350 110.203 42.0931753831754 0.0)
#(0 1727 350 110.203 42.3467980295567 0.0)
#(0 1741 350 110.203 44.5421454451346 0.0)
#(0 1745 350 110.203 45.6934837092732 0.0)
#(0 1746 350 110.203 45.6198524087998 0.0)
#(0 1749 350 110.203 45.3167724698575 0.0)
#(0 2023 350 110.203 45.6934837092732 0.0)
#(0 2025 350 110.203 46.8387566137566 0.0)
#(0 2026 350 110.203 46.8387566137566 0.0)
#(0 2315 350 110.203 44.9757386363636 0.0)
#(0 2316 350 110.203 44.597123843898 0.0)
#(0 2600 350 110.203 44.9336589336589 0.0)
#(0 2857 350 110.218 44.597123843898 0.0)
#(0 2858 350 110.218 45.9916666666667 0.0)
#(0 2859 350 110.218 44.9757386363636 0.0)
#(0 2861 350 110.218 47.9334117097049 0.0)
#(0 2862 350 110.218 44.5421454451346 0.0)
#(0 3652 350 110.218 45.9916666666667 0.0)
#(0 3654 350 110.218 44.5421454451346 0.0)
#(0 3656 350 110.218 44.821012145749 0.0)
#(0 3657 350 110.218 50.9230769230769 0.0)
#(0 3659 350 110.218 45.2086257309942 0.0)
#(0 3660 350 110.218 46.45 0.0)
#(0 3661 350 110.218 43.6662835249042 0.0)
#(0 137641 350 110.218 45.0058270330076 0.0)
#(0 137642 350 110.218 44.7520588235294 0.0)
#(0 137643 350 110.218 46.3632544903927 0.0)
#(0 137645 350 110.218 45.1625676406926 0.0)
#(0 137653 350 110.218 43.7770833333333 0.0)
#(0 137654 350 110.218 44.997183908046 0.0)
#(0 138019 350 110.218 48.0696428571429 0.0)
#(0 138047 350 110.218 45.9947767179992 0.0)
#(0 138052 350 110.218 44.8577795031056 0.0)
#(0 138053 350 110.218 50.9511904761905 0.0)
#(0 138054 350 110.218 43.9957142857143 0.0)
#(0 138056 350 110.218 42.8399672399672 0.0)
#(0 138057 350 110.218 49.5577777777778 0.0)
#(0 138061 350 110.218 45.8010978835979 0.0)
#(0 138387 350 110.218 42.8399672399672 0.0)
#(0 138388 350 110.218 44.7497569072607 0.0)
#(0 138389 350 110.218 46.0309719737627 0.0)
#(0 138391 350 110.218 44.7520588235294 0.0)
#(0 138393 350 110.218 43.546801242236 0.0)
#(0 138709 350 110.218 46.9185964912281 0.0)
#(0 138710 350 110.218 46.2248571708354 0.0)
#(0 138714 350 110.218 49.3629864253394 0.0)
#(0 138716 350 110.218 48.6142543859649 0.0)
#(0 139032 350 110.218 45.3910927374743 0.0)
#(0 139033 350 110.218 45.2093956043956 0.0)
#(0 139036 350 110.218 48.5871794871795 0.0)
#(0 139309 350 110.218 45.130497311828 0.0)
#(0 139314 350 110.218 45.3095454545455 0.0)
#(0 139318 350 110.218 49.1238095238095 0.0)
#(0 139595 350 110.234 43.9630014430014 0.0)
#(0 139596 350 110.234 43.7442602495544 0.0)
#(0 139597 350 110.234 45.0782083333333 0.0)
#(0 139598 350 110.234 48.0963888888889 0.0)
#(0 139599 350 110.234 48.2275389643037 0.0)
#(0 139601 350 110.234 43.7948780487805 0.0)
#(0 139602 350 110.234 45.7767496392496 0.0)
#(0 139604 350 110.234 48.6142543859649 0.0)
#(0 139605 350 110.234 47.1585125019908 0.0)
#(0 139875 350 110.234 49.4715277777778 0.0)
#(0 140142 350 110.234 44.957671957672 0.0)
#(0 140143 350 110.234 44.8577795031056 0.0)
#(0 140144 350 110.234 43.9972354682874 0.0)
#(0 140145 350 110.234 44.4192328042328 0.0)
#(0 140146 350 110.234 45.8775155279503 0.0)
#(0 140147 350 110.234 49.2916666666667 0.0)
#(0 140148 350 110.234 45.5360714285714 0.0)
#(0 140150 350 110.234 45.130497311828 0.0)
#(0 140891 350 110.234 44.911045943304 0.0)
#(0 140892 350 110.234 49.0497670807453 0.0)
#(0 140893 350 110.234 46.0729214874356 0.0)
#(0 140894 350 110.234 43.8548320158103 0.0)
#(0 140895 350 110.234 48.1614583333333 0.0)
#(0 358 351 110.234 44.5816666666667 0.0)
#(0 360 351 110.234 43.491369047619 0.0)
#(0 729 351 110.234 45.2086257309942 0.0)
#(0 1128 351 110.234 42.7041310541311 0.0)
#(0 1129 351 110.234 45.73 0.0)
#(0 1137 351 110.234 46.3436769005848 0.0)
#(0 1138 351 110.234 42.3467980295567 0.0)
#(0 1755 351 110.234 45.6934837092732 0.0)
#(0 1761 351 110.234 44.5615476190476 0.0)
#(0 2031 351 110.234 43.8704783640023 0.0)
#(0 2320 351 110.234 43.7215887995852 0.0)
#(0 2322 351 110.234 45.3167724698575 0.0)
#(0 2608 351 110.234 46.7306060606061 0.0)
#(0 2863 351 110.234 44.9757386363636 0.0)
#(0 2864 351 110.25 42.3467980295567 0.0)
#(0 2868 351 110.25 46.7306060606061 0.0)
#(0 2870 351 110.25 43.5645510835913 0.0)
#(0 2873 351 110.25 43.7215887995852 0.0)
#(0 2874 351 110.25 45.9084704715219 0.0)
#(0 2876 351 110.25 47.385 0.0)
#(0 2877 351 110.25 45.2086257309942 0.0)
#(0 2879 351 110.25 44.821012145749 0.0)
#(0 2881 351 110.25 44.5816666666667 0.0)
#(0 2882 351 110.25 44.3078421578422 0.0)
#(0 3647 351 110.25 37.0257575757576 0.0)
#(0 3663 351 110.25 46.1786538461538 0.0)
#(0 3666 351 110.25 70.0 0.0)
#(0 3668 351 110.25 45.3566756272401 0.0)
#(0 137644 351 110.25 45.0058270330076 0.0)
#(0 137657 351 110.25 46.3150974025974 0.0)
#(0 137659 351 110.25 42.0836752136752 0.0)
#(0 137662 351 110.25 47.6548412698413 0.0)
#(0 137669 351 110.25 45.2182692307692 0.0)
#(0 137670 351 110.25 43.7442602495544 0.0)
#(0 137672 351 110.25 49.0997222222222 0.0)
#(0 138062 351 110.25 43.7770833333333 0.0)
#(0 138063 351 110.25 47.7194047619048 0.0)
#(0 138065 351 110.25 46.3632544903927 0.0)
#(0 138068 351 110.25 43.3092342342342 0.0)
#(0 138070 351 110.25 45.6131085192698 0.0)
#(0 138076 351 110.25 45.7767496392496 0.0)
#(0 138395 351 110.25 52.7857142857143 0.0)
#(0 138398 351 110.25 44.875 0.0)
#(0 138399 351 110.25 44.6339047619048 0.0)
#(0 138400 351 110.25 43.4917203086768 0.0)
#(0 138401 351 110.25 24.75 0.0)
#(0 138402 351 110.25 43.2639101570264 0.0)
#(0 138726 351 110.25 46.9578827751196 0.0)
#(0 138728 351 110.25 45.6821428571429 0.0)
#(0 139030 351 110.25 45.8775155279503 0.0)
#(0 139037 351 110.25 44.957671957672 0.0)
#(0 139039 351 110.25 45.3395857475858 0.0)
#(0 139041 351 110.25 44.7105182257356 0.0)
#(0 139042 351 110.25 43.546801242236 0.0)
#(0 139046 351 110.265 45.1625676406926 0.0)
#(0 139320 351 110.265 43.3092342342342 0.0)
#(0 139322 351 110.265 43.7616421568627 0.0)
#(0 139323 351 110.265 56.4885416666667 0.0)
#(0 139324 351 110.265 43.2639101570264 0.0)
#(0 139326 351 110.265 44.2614141414141 0.0)
#(0 139329 351 110.265 49.4715277777778 0.0)
#(0 139330 351 110.265 46.0376089324619 0.0)
#(0 139610 351 110.265 43.3085714285714 0.0)
#(0 139612 351 110.265 46.0729214874356 0.0)
#(0 139613 351 110.265 44.3662260536398 0.0)
#(0 139614 351 110.265 46.3150974025974 0.0)
#(0 139615 351 110.265 43.9972354682874 0.0)
#(0 139619 351 110.265 45.5360714285714 0.0)
#(0 139891 351 110.265 46.3150974025974 0.0)
#(0 139892 351 110.265 46.59997108155 0.0)
#(0 140151 351 110.265 45.8775155279503 0.0)
#(0 140152 351 110.265 43.7948780487805 0.0)
#(0 140153 351 110.265 46.8415977443609 0.0)
#(0 140154 351 110.265 46.9309941520468 0.0)
#(0 140155 351 110.265 45.6131085192698 0.0)
#(0 140404 351 110.265 44.3662260536398 0.0)
#(0 140896 351 110.265 45.8775155279503 0.0)
#(0 140897 351 110.265 50.9511904761905 0.0)
#(0 140898 351 110.265 43.813428858723 0.0)
#(0 140899 351 110.265 43.236395612533 0.0)
#(0 140900 351 110.265 44.4799443215522 0.0)
#(0 140901 351 110.265 46.9185964912281 0.0)
#(0 140902 351 110.265 47.1266827898268 0.0)
#(0 140903 351 110.265 45.130497311828 0.0)
#(0 140904 351 110.265 49.9033578016187 0.0)
#(0 140905 351 110.265 43.7442602495544 0.0)
#(0 140906 351 110.265 44.7520588235294 0.0)
#(0 140907 351 110.265 46.1969264069264 0.0)
#(0 140908 351 110.265 45.310268907563 0.0)
#(0 140909 351 110.265 44.886218487395 0.0)
#(0 371 352 110.265 45.6198524087998 0.0)
#(0 372 352 110.265 45.2086257309942 0.0)
#(0 375 352 110.265 43.7215887995852 0.0)
#(0 376 352 110.265 50.1298701298701 0.0)
#(0 742 352 110.281 44.5615476190476 0.0)
#(0 1145 352 110.281 53.65 0.0)
#(0 1468 352 110.281 44.6007411067194 0.0)
#(0 1474 352 110.281 45.6934837092732 0.0)
#(0 1476 352 110.281 43.6662835249042 0.0)
#(0 1766 352 110.281 43.491369047619 0.0)
#(0 1770 352 110.281 45.3372745015101 0.0)
#(0 1771 352 110.281 44.6620434712346 0.0)
#(0 2039 352 110.281 42.9844798609099 0.0)
#(0 2041 352 110.281 46.1854545454545 0.0)
#(0 2042 352 110.281 49.2411764705882 0.0)
#(0 2045 352 110.281 46.1786538461538 0.0)
#(0 2046 352 110.281 53.4375 0.0)
#(0 2330 352 110.281 45.4936530843237 0.0)
#(0 2335 352 110.281 44.9336589336589 0.0)
#(0 2337 352 110.281 47.5233333333333 0.0)
#(0 2620 352 110.281 50.9230769230769 0.0)
#(0 2623 352 110.281 43.491369047619 0.0)
#(0 2883 352 110.281 45.7727011494253 0.0)
#(0 2887 352 110.281 42.2311204481793 0.0)
#(0 2888 352 110.281 44.5615476190476 0.0)
#(0 3147 352 110.281 45.1644994840041 0.0)
#(0 3154 352 110.281 42.9844798609099 0.0)
#(0 3155 352 110.281 45.0851436781609 0.0)
#(0 3680 352 110.281 42.2311204481793 0.0)
#(0 137676 352 110.281 45.6821428571429 0.0)
#(0 137679 352 110.281 44.3662260536398 0.0)
#(0 138078 352 110.281 45.0750757575758 0.0)
#(0 138079 352 110.281 43.9630014430014 0.0)
#(0 138082 352 110.281 45.1556783877646 0.0)
#(0 138085 352 110.281 46.59997108155 0.0)
#(0 138086 352 110.281 45.9947767179992 0.0)
#(0 138087 352 110.281 57.25 0.0)
#(0 138089 352 110.281 49.9033578016187 0.0)
#(0 138414 352 110.281 43.7067647058824 0.0)
#(0 138731 352 110.281 47.7933333333333 0.0)
#(0 138733 352 110.281 45.1556783877646 0.0)
#(0 138734 352 110.297 43.236395612533 0.0)
#(0 139047 352 110.297 45.8775155279503 0.0)
#(0 139331 352 110.297 48.0696428571429 0.0)
#(0 139334 352 110.297 47.1266827898268 0.0)
#(0 139337 352 110.297 48.5871794871795 0.0)
#(0 139616 352 110.297 47.1585125019908 0.0)
#(0 139621 352 110.297 48.4342857142857 0.0)
#(0 139623 352 110.297 44.2614141414141 0.0)
#(0 139624 352 110.297 45.8010978835979 0.0)
#(0 139625 352 110.297 47.7146042318368 0.0)
#(0 139887 352 110.297 45.9947767179992 0.0)
#(0 139893 352 110.297 43.813428858723 0.0)
#(0 139894 352 110.297 46.5 0.0)
#(0 139895 352 110.297 45.9409472387989 0.0)
#(0 139897 352 110.297 45.8449567099567 0.0)
#(0 139899 352 110.297 45.8010978835979 0.0)
#(0 140157 352 110.297 45.0235256410256 0.0)
#(0 140158 352 110.297 48.4342857142857 0.0)
#(0 140159 352 110.297 44.886218487395 0.0)
#(0 140160 352 110.297 44.911045943304 0.0)
#(0 140161 352 110.297 52.7857142857143 0.0)
#(0 140162 352 110.297 45.310268907563 0.0)
#(0 140163 352 110.297 43.213385620915 0.0)
#(0 140164 352 110.297 44.4192328042328 0.0)
#(0 140166 352 110.297 43.9972354682874 0.0)
#(0 140910 352 110.312 44.8642625313283 0.0)
#(0 140911 352 110.312 46.9309941520468 0.0)
#(0 140912 352 110.312 49.7444444444444 0.0)
#(0 140913 352 110.312 44.997183908046 0.0)
#(0 140914 352 110.312 47.6818181818182 0.0)
#(0 140915 352 110.312 43.7067647058824 0.0)
#(0 140916 352 110.312 44.4799443215522 0.0)
#(0 140917 352 110.312 43.7616421568627 0.0)
#(0 140918 352 110.312 45.7083333333333 0.0)
#(0 384 353 110.312 45.8729936729937 0.0)
#(0 747 353 110.312 44.5421454451346 0.0)
#(0 749 353 110.312 45.8729936729937 0.0)
#(0 750 353 110.312 45.0071428571429 0.0)
#(0 751 353 110.312 45.9084704715219 0.0)
#(0 759 353 110.312 45.2086257309942 0.0)
#(0 1155 353 110.312 48.1992753623188 0.0)
#(0 1156 353 110.312 46.1786538461538 0.0)
#(0 1773 353 110.312 42.9844798609099 0.0)
#(0 1774 353 110.312 45.3167724698575 0.0)
#(0 2038 353 110.312 42.7041310541311 0.0)
#(0 2051 353 110.312 49.5183712121212 0.0)
#(0 2052 353 110.312 45.0851436781609 0.0)
#(0 2338 353 110.312 44.9336589336589 0.0)
#(0 2345 353 110.312 45.8813466925232 0.0)
#(0 2346 353 110.312 44.821012145749 0.0)
#(0 2893 353 110.312 42.7041310541311 0.0)
#(0 2895 353 110.312 44.6007411067194 0.0)
#(0 3681 353 110.312 45.9303381642512 0.0)
#(0 3683 353 110.312 45.1644994840041 0.0)
#(0 3686 353 110.312 43.491369047619 0.0)
#(0 3688 353 110.312 43.1236257309941 0.0)
#(0 137681 353 110.312 43.546801242236 0.0)
#(0 137682 353 110.312 50.9511904761905 0.0)
#(0 137683 353 110.312 49.4715277777778 0.0)
#(0 137686 353 110.312 47.4197972716938 0.0)
#(0 138072 353 110.312 45.3910927374743 0.0)
#(0 138074 353 110.312 44.8577795031056 0.0)
#(0 138093 353 110.312 44.5258228817052 0.0)
#(0 138094 353 110.328 46.9309941520468 0.0)
#(0 138100 353 110.328 49.0159090909091 0.0)
#(0 138415 353 110.328 43.546801242236 0.0)
#(0 138416 353 110.328 47.4197972716938 0.0)
#(0 138417 353 110.328 45.0235256410256 0.0)
#(0 138419 353 110.328 47.7194047619048 0.0)
#(0 138420 353 110.328 45.6131085192698 0.0)
#(0 138421 353 110.328 46.3150974025974 0.0)
#(0 138740 353 110.328 48.7428571428571 0.0)
#(0 138744 353 110.328 45.3395857475858 0.0)
#(0 138745 353 110.328 45.0235256410256 0.0)
#(0 139053 353 110.328 45.7767496392496 0.0)
#(0 139057 353 110.328 48.4342857142857 0.0)
#(0 139059 353 110.328 44.8642625313283 0.0)
#(0 139060 353 110.328 44.5946386946387 0.0)
#(0 139061 353 110.328 45.6821428571429 0.0)
#(0 139344 353 110.328 44.997183908046 0.0)
#(0 139345 353 110.328 44.7105182257356 0.0)
#(0 139349 353 110.328 46.0309719737627 0.0)
#(0 139627 353 110.328 46.9309941520468 0.0)
#(0 139628 353 110.328 43.5663328664799 0.0)
#(0 139629 353 110.328 48.7428571428571 0.0)
#(0 139630 353 110.328 43.2639101570264 0.0)
#(0 139631 353 110.328 45.8775155279503 0.0)
#(0 139632 353 110.328 45.1543697478992 0.0)
#(0 139636 353 110.328 43.9867574616053 0.0)
#(0 139637 353 110.328 48.0696428571429 0.0)
#(0 139638 353 110.328 42.5669871794872 0.0)
#(0 139639 353 110.328 49.1238095238095 0.0)
#(0 139904 353 110.328 43.5461458907887 0.0)
#(0 140168 353 110.328 44.7105182257356 0.0)
#(0 140169 353 110.328 43.7770833333333 0.0)
#(0 140170 353 110.328 45.0058270330076 0.0)
#(0 140171 353 110.328 46.9185964912281 0.0)
#(0 140172 353 110.328 43.5663328664799 0.0)
#(0 140173 353 110.328 45.7767496392496 0.0)
#(0 140919 353 110.343 49.0497670807453 0.0)
#(0 140920 353 110.343 44.3346974789916 0.0)
#(0 140921 353 110.343 43.8548320158103 0.0)
#(0 140922 353 110.343 36.2605911082382 0.0)
#(0 140923 353 110.343 45.3095454545455 0.0)
#(0 140924 353 110.343 49.9033578016187 0.0)
#(0 140925 353 110.343 45.0760293268438 0.0)
#(0 393 354 110.343 58.10625 0.0)
#(0 761 354 110.343 42.3467980295567 0.0)
#(0 762 354 110.343 45.9084704715219 0.0)
#(0 765 354 110.343 43.0292857142857 0.0)
#(0 770 354 110.343 43.491369047619 0.0)
#(0 1168 354 110.343 41.9445238095238 0.0)
#(0 1489 354 110.343 44.3323520923521 0.0)
#(0 1490 354 110.343 44.6007411067194 0.0)
#(0 1493 354 110.343 44.9336589336589 0.0)
#(0 1775 354 110.343 44.0197016210509 0.0)
#(0 1779 354 110.343 45.9303381642512 0.0)
#(0 1780 354 110.343 45.3372745015101 0.0)
#(0 1782 354 110.343 43.6662835249042 0.0)
#(0 2065 354 110.343 46.7432380952381 0.0)
#(0 2352 354 110.343 44.5816666666667 0.0)
#(0 2353 354 110.343 44.0197016210509 0.0)
#(0 2359 354 110.343 43.491369047619 0.0)
#(0 2636 354 110.343 45.0556763285024 0.0)
#(0 2641 354 110.343 47.9334117097049 0.0)
#(0 2898 354 110.343 46.7432380952381 0.0)
#(0 2899 354 110.343 43.8704783640023 0.0)
#(0 2900 354 110.343 45.8813466925232 0.0)
#(0 2902 354 110.343 42.0931753831754 0.0)
#(0 2904 354 110.343 43.6662835249042 0.0)
#(0 137697 354 110.343 45.310268907563 0.0)
#(0 137699 354 110.343 43.236395612533 0.0)
#(0 137700 354 110.343 46.0729214874356 0.0)
#(0 137704 354 110.343 45.3095454545455 0.0)
#(0 137705 354 110.343 45.91276106934 0.0)
#(0 137709 354 110.343 44.5573711484594 0.0)
#(0 137714 354 110.343 44.8577795031056 0.0)
#(0 138102 354 110.359 43.5663328664799 0.0)
#(0 138103 354 110.359 43.7770833333333 0.0)
#(0 138428 354 110.359 45.5360714285714 0.0)
#(0 138429 354 110.359 43.4917203086768 0.0)
#(0 138430 354 110.359 43.3085714285714 0.0)
#(0 138431 354 110.359 45.1543697478992 0.0)
#(0 138434 354 110.359 50.9511904761905 0.0)
#(0 138435 354 110.359 44.3346974789916 0.0)
#(0 138750 354 110.359 42.4358974358974 0.0)
#(0 138752 354 110.359 44.5946386946387 0.0)
#(0 138755 354 110.359 45.5488602805463 0.0)
#(0 139067 354 110.359 45.6131085192698 0.0)
#(0 139068 354 110.359 43.8612145336604 0.0)
#(0 139070 354 110.359 45.0750757575758 0.0)
#(0 139072 354 110.359 51.5444444444444 0.0)
#(0 139073 354 110.359 47.4197972716938 0.0)
#(0 139074 354 110.359 48.6142543859649 0.0)
#(0 139075 354 110.359 43.546801242236 0.0)
#(0 139351 354 110.359 43.9867574616053 0.0)
#(0 139353 354 110.359 43.7645933014354 0.0)
#(0 139355 354 110.359 46.0729214874356 0.0)
#(0 139640 354 110.359 45.2093956043956 0.0)
#(0 139641 354 110.359 45.0058270330076 0.0)
#(0 139911 354 110.359 48.6142543859649 0.0)
#(0 139912 354 110.359 47.771505050505 0.0)
#(0 139913 354 110.359 46.2248571708354 0.0)
#(0 139914 354 110.359 47.6818181818182 0.0)
#(0 140176 354 110.359 45.2565955613014 0.0)
#(0 140177 354 110.359 48.7428571428571 0.0)
#(0 140178 354 110.359 49.7444444444444 0.0)
#(0 140179 354 110.359 46.3875274725275 0.0)
#(0 140180 354 110.359 40.25 0.0)
#(0 140181 354 110.359 47.4071111111111 0.0)
#(0 140926 354 110.359 43.9972354682874 0.0)
#(0 140927 354 110.359 48.7428571428571 0.0)
#(0 140928 354 110.359 43.31163003663 0.0)
#(0 140929 354 110.375 47.2317903297683 0.0)
#(0 140930 354 110.375 42.8399672399672 0.0)
#(0 140931 354 110.375 45.9409472387989 0.0)
#(0 402 355 110.375 44.5816666666667 0.0)
#(0 776 355 110.375 45.8813466925232 0.0)
#(0 779 355 110.375 44.5615476190476 0.0)
#(0 781 355 110.375 45.7727011494253 0.0)
#(0 784 355 110.375 48.1992753623188 0.0)
#(0 785 355 110.375 45.0556763285024 0.0)
#(0 1175 355 110.375 44.9757386363636 0.0)
#(0 1499 355 110.375 44.2501654259719 0.0)
#(0 1504 355 110.375 42.3467980295567 0.0)
#(0 1781 355 110.375 45.9303381642512 0.0)
#(0 1789 355 110.375 44.0197016210509 0.0)
#(0 1793 355 110.375 43.6662835249042 0.0)
#(0 1794 355 110.375 43.7215887995852 0.0)
#(0 1795 355 110.375 44.2501654259719 0.0)
#(0 1801 355 110.375 47.9334117097049 0.0)
#(0 2072 355 110.375 45.6934837092732 0.0)
#(0 2076 355 110.375 43.491369047619 0.0)
#(0 2367 355 110.375 44.0197016210509 0.0)
#(0 2369 355 110.375 43.6458611853832 0.0)
#(0 2371 355 110.375 44.3323520923521 0.0)
#(0 2372 355 110.375 45.0556763285024 0.0)
#(0 2373 355 110.375 42.3467980295567 0.0)
#(0 2906 355 110.375 46.8387566137566 0.0)
#(0 2907 355 110.375 44.9336589336589 0.0)
#(0 2908 355 110.375 44.0197016210509 0.0)
#(0 2909 355 110.375 46.1786538461538 0.0)
#(0 2916 355 110.375 43.0292857142857 0.0)
#(0 3690 355 110.375 43.1236257309941 0.0)
#(0 3692 355 110.375 45.1644994840041 0.0)
#(0 3694 355 110.375 44.5816666666667 0.0)
#(0 3695 355 110.375 47.5233333333333 0.0)
#(0 3696 355 110.375 44.2501654259719 0.0)
#(0 3697 355 110.375 45.2086257309942 0.0)
#(0 137707 355 110.375 45.0058270330076 0.0)
#(0 137715 355 110.375 43.5663328664799 0.0)
#(0 137720 355 110.375 44.4192328042328 0.0)
#(0 137723 355 110.375 45.6821428571429 0.0)
#(0 137725 355 110.375 45.9409472387989 0.0)
#(0 137729 355 110.39 42.6575587606838 0.0)
#(0 138109 355 110.39 44.997183908046 0.0)
#(0 138115 355 110.39 43.9867574616053 0.0)
#(0 138437 355 110.39 47.771505050505 0.0)
#(0 138438 355 110.39 45.1556783877646 0.0)
#(0 138442 355 110.39 45.310268907563 0.0)
#(0 138445 355 110.39 46.3632544903927 0.0)
#(0 138446 355 110.39 45.6131085192698 0.0)
#(0 138448 355 110.39 44.6970398481973 0.0)
#(0 138761 355 110.39 43.4917203086768 0.0)
#(0 138768 355 110.39 45.5488602805463 0.0)
#(0 139076 355 110.39 43.813428858723 0.0)
#(0 139078 355 110.39 51.985 0.0)
#(0 139080 355 110.39 47.2317903297683 0.0)
#(0 139085 355 110.39 44.9133578431373 0.0)
#(0 139360 355 110.39 45.0235256410256 0.0)
#(0 139642 355 110.39 42.5669871794872 0.0)
#(0 139644 355 110.39 45.2093956043956 0.0)
#(0 139647 355 110.39 44.9409064039409 0.0)
#(0 139648 355 110.39 50.6180555555556 0.0)
#(0 139649 355 110.39 44.4799443215522 0.0)
#(0 139650 355 110.39 48.2275389643037 0.0)
#(0 139651 355 110.39 47.771505050505 0.0)
#(0 139652 355 110.39 43.7442602495544 0.0)
#(0 139653 355 110.39 47.7074084249084 0.0)
#(0 139655 355 110.39 43.5461458907887 0.0)
#(0 140182 355 110.39 45.2565955613014 0.0)
#(0 140183 355 110.39 45.3395857475858 0.0)
#(0 140184 355 110.39 45.0782083333333 0.0)
#(0 140932 355 110.39 44.5946386946387 0.0)
#(0 140933 355 110.406 44.3346974789916 0.0)
#(0 140934 355 110.406 43.2639101570264 0.0)
#(0 140935 355 110.406 46.454493006993 0.0)
#(0 140936 355 110.406 45.8010978835979 0.0)
#(0 140937 355 110.406 47.771505050505 0.0)
#(0 416 356 110.406 42.6153267367553 0.0)
#(0 422 356 110.406 44.0414285714286 0.0)
#(0 800 356 110.406 42.9844798609099 0.0)
#(0 803 356 110.406 46.7432380952381 0.0)
#(0 1185 356 110.406 46.1786538461538 0.0)
#(0 1186 356 110.406 45.6934837092732 0.0)
#(0 1188 356 110.406 44.0197016210509 0.0)
#(0 1190 356 110.406 43.1236257309941 0.0)
#(0 1511 356 110.406 45.3372745015101 0.0)
#(0 1512 356 110.406 45.6198524087998 0.0)
#(0 1804 356 110.406 45.7727011494253 0.0)
#(0 2081 356 110.406 43.8704783640023 0.0)
#(0 2083 356 110.406 44.3323520923521 0.0)
#(0 2368 356 110.406 44.9336589336589 0.0)
#(0 2377 356 110.406 44.9757386363636 0.0)
#(0 2378 356 110.406 44.5615476190476 0.0)
#(0 2380 356 110.406 44.3078421578422 0.0)
#(0 2382 356 110.406 49.1828571428571 0.0)
#(0 2390 356 110.406 44.5421454451346 0.0)
#(0 2910 356 110.406 44.0197016210509 0.0)
#(0 2913 356 110.406 45.3372745015101 0.0)
#(0 2919 356 110.406 43.6458611853832 0.0)
#(0 2920 356 110.406 44.5816666666667 0.0)
#(0 2921 356 110.406 44.3323520923521 0.0)
#(0 2922 356 110.406 45.9303381642512 0.0)
#(0 2924 356 110.406 45.73 0.0)
#(0 2926 356 110.406 44.5615476190476 0.0)
#(0 2927 356 110.406 45.3167724698575 0.0)
#(0 3702 356 110.406 44.5816666666667 0.0)
#(0 137703 356 110.406 46.9820582010582 0.0)
#(0 137732 356 110.406 45.3095454545455 0.0)
#(0 137734 356 110.406 43.2639101570264 0.0)
#(0 137735 356 110.422 45.6131085192698 0.0)
#(0 137738 356 110.422 47.7146042318368 0.0)
#(0 137740 356 110.422 44.2977372919478 0.0)
#(0 137743 356 110.422 46.59997108155 0.0)
#(0 138119 356 110.422 24.75 0.0)
#(0 138120 356 110.422 48.0696428571429 0.0)
#(0 138121 356 110.422 45.9947767179992 0.0)
#(0 138451 356 110.422 47.4197972716938 0.0)
#(0 138454 356 110.422 42.6575587606838 0.0)
#(0 138455 356 110.422 44.5946386946387 0.0)
#(0 138457 356 110.422 48.4342857142857 0.0)
#(0 138459 356 110.422 42.5669871794872 0.0)
#(0 138463 356 110.422 42.8399672399672 0.0)
#(0 138464 356 110.422 45.1625676406926 0.0)
#(0 138465 356 110.422 44.5573711484594 0.0)
#(0 138760 356 110.422 43.5461458907887 0.0)
#(0 138772 356 110.422 45.0750757575758 0.0)
#(0 139087 356 110.422 45.7767496392496 0.0)
#(0 139092 356 110.422 44.5573711484594 0.0)
#(0 139363 356 110.422 44.3662260536398 0.0)
#(0 139365 356 110.422 43.5461458907887 0.0)
#(0 139656 356 110.422 46.41 0.0)
#(0 139658 356 110.422 47.2317903297683 0.0)
#(0 139659 356 110.422 43.8548320158103 0.0)
#(0 139660 356 110.422 48.0963888888889 0.0)
#(0 139662 356 110.422 50.6180555555556 0.0)
#(0 139663 356 110.422 45.9947767179992 0.0)
#(0 139929 356 110.422 49.9984126984127 0.0)
#(0 139932 356 110.422 47.1585125019908 0.0)
#(0 140185 356 110.422 43.5461458907887 0.0)
#(0 140186 356 110.422 42.8399672399672 0.0)
#(0 140187 356 110.422 49.0497670807453 0.0)
#(0 140188 356 110.422 49.2916666666667 0.0)
#(0 140189 356 110.422 45.1556783877646 0.0)
#(0 140190 356 110.422 44.7497569072607 0.0)
#(0 140191 356 110.422 46.0309719737627 0.0)
#(0 140192 356 110.422 44.957671957672 0.0)
#(0 140939 356 110.422 45.130497311828 0.0)
#(0 140940 356 110.437 46.3632544903927 0.0)
#(0 140941 356 110.437 43.3301724137931 0.0)
#(0 140942 356 110.437 46.9022435897436 0.0)
#(0 140943 356 110.437 45.2093956043956 0.0)
#(0 140944 356 110.437 45.2936538461538 0.0)
#(0 140945 356 110.437 43.7645933014354 0.0)
#(0 140946 356 110.437 43.31163003663 0.0)
#(0 140947 356 110.437 46.0376089324619 0.0)
#(0 140948 356 110.437 49.0997222222222 0.0)
#(0 140949 356 110.437 43.7616421568627 0.0)
#(0 427 357 110.437 43.0292857142857 0.0)
#(0 429 357 110.437 50.1298701298701 0.0)
#(0 807 357 110.437 55.36 0.0)
#(0 808 357 110.437 44.2786528669137 0.0)
#(0 811 357 110.437 45.0851436781609 0.0)
#(0 813 357 110.437 43.1236257309941 0.0)
#(0 817 357 110.437 44.9336589336589 0.0)
#(0 1198 357 110.437 44.9757386363636 0.0)
#(0 1513 357 110.437 44.5421454451346 0.0)
#(0 1517 357 110.437 44.5615476190476 0.0)
#(0 1799 357 110.437 45.9303381642512 0.0)
#(0 1813 357 110.437 42.0931753831754 0.0)
#(0 1820 357 110.437 42.2311204481793 0.0)
#(0 2078 357 110.437 44.6007411067194 0.0)
#(0 2092 357 110.437 44.2501654259719 0.0)
#(0 2094 357 110.437 42.7041310541311 0.0)
#(0 2103 357 110.437 44.3323520923521 0.0)
#(0 2393 357 110.437 42.7041310541311 0.0)
#(0 2645 357 110.437 45.0556763285024 0.0)
#(0 2665 357 110.437 46.8387566137566 0.0)
#(0 2934 357 110.437 44.5816666666667 0.0)
#(0 3705 357 110.437 43.6458611853832 0.0)
#(0 3711 357 110.437 44.5421454451346 0.0)
#(0 3712 357 110.437 44.9336589336589 0.0)
#(0 3714 357 110.437 53.4375 0.0)
#(0 3715 357 110.437 37.0257575757576 0.0)
#(0 3716 357 110.437 45.9916666666667 0.0)
#(0 3718 357 110.437 44.6620434712346 0.0)
#(0 3719 357 110.437 42.2311204481793 0.0)
#(0 3723 357 110.437 49.2411764705882 0.0)
#(0 3725 357 110.437 45.2086257309942 0.0)
#(0 137726 357 110.437 49.2916666666667 0.0)
#(0 137745 357 110.453 44.997183908046 0.0)
#(0 137746 357 110.453 45.0760293268438 0.0)
#(0 137747 357 110.453 44.7105182257356 0.0)
#(0 137748 357 110.453 45.2936538461538 0.0)
#(0 137749 357 110.453 42.1875 0.0)
#(0 137753 357 110.453 44.957671957672 0.0)
#(0 137754 357 110.453 45.2093956043956 0.0)
#(0 137756 357 110.453 47.372619047619 0.0)
#(0 137758 357 110.453 49.4715277777778 0.0)
#(0 137760 357 110.453 44.7520588235294 0.0)
#(0 138126 357 110.453 45.2565955613014 0.0)
#(0 138128 357 110.453 45.2093956043956 0.0)
#(0 138129 357 110.453 44.8577795031056 0.0)
#(0 138134 357 110.453 45.1625676406926 0.0)
#(0 138135 357 110.453 50.9511904761905 0.0)
#(0 138467 357 110.453 48.7575156641604 0.0)
#(0 138468 357 110.453 42.6575587606838 0.0)
#(0 138470 357 110.453 57.625 0.0)
#(0 138472 357 110.453 45.2093956043956 0.0)
#(0 138774 357 110.453 43.236395612533 0.0)
#(0 138775 357 110.453 45.7767496392496 0.0)
#(0 138778 357 110.453 42.8399672399672 0.0)
#(0 138779 357 110.453 44.4362696514012 0.0)
#(0 138781 357 110.453 45.0235256410256 0.0)
#(0 139096 357 110.453 45.7767496392496 0.0)
#(0 139097 357 110.453 44.7497569072607 0.0)
#(0 139100 357 110.453 46.0309719737627 0.0)
#(0 139102 357 110.453 45.6131085192698 0.0)
#(0 139105 357 110.453 46.1969264069264 0.0)
#(0 139111 357 110.453 47.7146042318368 0.0)
#(0 139376 357 110.453 54.097619047619 0.0)
#(0 139379 357 110.468 48.2275389643037 0.0)
#(0 139380 357 110.468 48.5871794871795 0.0)
#(0 139381 357 110.468 42.6575587606838 0.0)
#(0 139665 357 110.468 44.886218487395 0.0)
#(0 139666 357 110.468 43.7770833333333 0.0)
#(0 139667 357 110.468 43.5663328664799 0.0)
#(0 139937 357 110.468 49.9033578016187 0.0)
#(0 140193 357 110.468 45.2093956043956 0.0)
#(0 140194 357 110.468 47.1266827898268 0.0)
#(0 140195 357 110.468 50.6180555555556 0.0)
#(0 140196 357 110.468 43.7948780487805 0.0)
#(0 140197 357 110.468 45.5360714285714 0.0)
#(0 140198 357 110.468 43.813428858723 0.0)
#(0 140199 357 110.468 46.454493006993 0.0)
#(0 140200 357 110.468 45.2565955613014 0.0)
#(0 140201 357 110.468 46.3632544903927 0.0)
#(0 140202 357 110.468 45.1625676406926 0.0)
#(0 140203 357 110.468 45.6131085192698 0.0)
#(0 140938 357 110.468 43.2639101570264 0.0)
#(0 140950 357 110.468 49.7444444444444 0.0)
#(0 140951 357 110.468 49.9033578016187 0.0)
#(0 140952 357 110.468 43.8548320158103 0.0)
#(0 140953 357 110.468 44.3346974789916 0.0)
#(0 140954 357 110.468 44.7105182257356 0.0)
#(0 140955 357 110.468 36.2605911082382 0.0)
#(0 140956 357 110.468 45.7767496392496 0.0)
#(0 432 358 110.468 47.9422222222222 0.0)
#(0 434 358 110.468 45.2086257309942 0.0)
#(0 438 358 110.468 44.3078421578422 0.0)
#(0 441 358 110.468 44.9757386363636 0.0)
#(0 442 358 110.468 43.7215887995852 0.0)
#(0 821 358 110.468 42.6153267367553 0.0)
#(0 829 358 110.468 46.8387566137566 0.0)
#(0 1205 358 110.468 42.6153267367553 0.0)
#(0 1219 358 110.468 44.5816666666667 0.0)
#(0 1526 358 110.468 43.4472222222222 0.0)
#(0 1823 358 110.468 44.5615476190476 0.0)
#(0 1825 358 110.484 43.5645510835913 0.0)
#(0 1828 358 110.484 44.821012145749 0.0)
#(0 2105 358 110.484 43.5645510835913 0.0)
#(0 2395 358 110.484 44.5421454451346 0.0)
#(0 2676 358 110.484 42.6153267367553 0.0)
#(0 2680 358 110.484 45.0071428571429 0.0)
#(0 2930 358 110.484 44.5615476190476 0.0)
#(0 2937 358 110.484 45.6934837092732 0.0)
#(0 2942 358 110.484 53.65 0.0)
#(0 2943 358 110.484 43.0292857142857 0.0)
#(0 2944 358 110.484 44.6941632928475 0.0)
#(0 2945 358 110.484 45.8729936729937 0.0)
#(0 3727 358 110.484 45.6198524087998 0.0)
#(0 3729 358 110.484 43.8704783640023 0.0)
#(0 137764 358 110.484 44.997183908046 0.0)
#(0 137767 358 110.484 46.3150974025974 0.0)
#(0 137773 358 110.484 43.7442602495544 0.0)
#(0 137779 358 110.484 43.546801242236 0.0)
#(0 138139 358 110.484 47.8968546365915 0.0)
#(0 138144 358 110.484 46.454493006993 0.0)
#(0 138452 358 110.484 45.310268907563 0.0)
#(0 138476 358 110.484 45.1543697478992 0.0)
#(0 138477 358 110.484 49.9984126984127 0.0)
#(0 138479 358 110.484 43.236395612533 0.0)
#(0 138480 358 110.484 43.7616421568627 0.0)
#(0 138481 358 110.484 44.5573711484594 0.0)
#(0 138482 358 110.484 46.3875274725275 0.0)
#(0 138489 358 110.484 43.5461458907887 0.0)
#(0 138490 358 110.484 49.9033578016187 0.0)
#(0 138789 358 110.484 48.2275389643037 0.0)
#(0 138790 358 110.484 42.8399672399672 0.0)
#(0 138791 358 110.484 44.7105182257356 0.0)
#(0 139113 358 110.484 44.8577795031056 0.0)
#(0 139114 358 110.484 46.3632544903927 0.0)
#(0 139118 358 110.484 44.911045943304 0.0)
#(0 139119 358 110.484 45.8449567099567 0.0)
#(0 139120 358 110.5 48.7575156641604 0.0)
#(0 139387 358 110.5 42.8399672399672 0.0)
#(0 139388 358 110.5 45.2936538461538 0.0)
#(0 139390 358 110.5 44.7105182257356 0.0)
#(0 139392 358 110.5 43.5461458907887 0.0)
#(0 139393 358 110.5 45.3095454545455 0.0)
#(0 139395 358 110.5 47.415 0.0)
#(0 139398 358 110.5 45.130497311828 0.0)
#(0 139399 358 110.5 43.5461458907887 0.0)
#(0 139669 358 110.5 47.1266827898268 0.0)
#(0 139670 358 110.5 45.0750757575758 0.0)
#(0 139671 358 110.5 44.4362696514012 0.0)
#(0 139943 358 110.5 43.4917203086768 0.0)
#(0 139945 358 110.5 45.8010978835979 0.0)
#(0 140204 358 110.5 47.1266827898268 0.0)
#(0 140206 358 110.5 49.7444444444444 0.0)
#(0 140207 358 110.5 45.5488602805463 0.0)
#(0 140208 358 110.5 43.8802447552448 0.0)
#(0 140209 358 110.5 46.0729214874356 0.0)
#(0 140465 358 110.5 45.3395857475858 0.0)
#(0 140466 358 110.5 42.1875 0.0)
#(0 140957 358 110.5 44.2977372919478 0.0)
#(0 140958 358 110.5 45.0058270330076 0.0)
#(0 140959 358 110.5 45.1556783877646 0.0)
#(0 140960 358 110.5 43.8548320158103 0.0)
#(0 140961 358 110.5 47.4071111111111 0.0)
#(0 140962 358 110.5 45.91276106934 0.0)
#(0 454 359 110.5 44.6007411067194 0.0)
#(0 459 359 110.5 50.9230769230769 0.0)
#(0 833 359 110.5 44.6620434712346 0.0)
#(0 1220 359 110.5 44.5615476190476 0.0)
#(0 1223 359 110.5 42.2311204481793 0.0)
#(0 1234 359 110.5 40.5829859200848 0.0)
#(0 1530 359 110.5 47.0 0.0)
#(0 1532 359 110.5 42.3467980295567 0.0)
#(0 1534 359 110.5 44.3078421578422 0.0)
#(0 1536 359 110.515 45.2086257309942 0.0)
#(0 1833 359 110.515 45.3167724698575 0.0)
#(0 1836 359 110.515 44.9336589336589 0.0)
#(0 1837 359 110.515 42.6153267367553 0.0)
#(0 2109 359 110.515 45.3167724698575 0.0)
#(0 2115 359 110.515 53.4375 0.0)
#(0 2403 359 110.515 40.5829859200848 0.0)
#(0 2406 359 110.515 46.8387566137566 0.0)
#(0 2407 359 110.515 45.1642954305888 0.0)
#(0 2410 359 110.515 44.3078421578422 0.0)
#(0 2947 359 110.515 44.3078421578422 0.0)
#(0 2949 359 110.515 55.28125 0.0)
#(0 2950 359 110.515 47.0080552995392 0.0)
#(0 2952 359 110.515 44.5615476190476 0.0)
#(0 2960 359 110.515 40.5829859200848 0.0)
#(0 3724 359 110.515 44.9336589336589 0.0)
#(0 3730 359 110.515 44.6007411067194 0.0)
#(0 3732 359 110.515 44.6941632928475 0.0)
#(0 3733 359 110.515 45.9916666666667 0.0)
#(0 3734 359 110.515 44.5421454451346 0.0)
#(0 3735 359 110.515 45.3566756272401 0.0)
#(0 137780 359 110.515 46.2248571708354 0.0)
#(0 137783 359 110.515 44.3662260536398 0.0)
#(0 137784 359 110.515 48.0696428571429 0.0)
#(0 137788 359 110.515 44.6970398481973 0.0)
#(0 137789 359 110.515 44.3346974789916 0.0)
#(0 137791 359 110.515 46.454493006993 0.0)
#(0 138155 359 110.515 45.3395857475858 0.0)
#(0 138159 359 110.515 43.7067647058824 0.0)
#(0 138161 359 110.515 45.0750757575758 0.0)
#(0 138484 359 110.531 46.59997108155 0.0)
#(0 138486 359 110.531 43.7645933014354 0.0)
#(0 138491 359 110.531 43.8548320158103 0.0)
#(0 138492 359 110.531 44.6339047619048 0.0)
#(0 138493 359 110.531 45.6131085192698 0.0)
#(0 138504 359 110.531 45.0750757575758 0.0)
#(0 138794 359 110.531 44.6682422749664 0.0)
#(0 138797 359 110.531 45.8449567099567 0.0)
#(0 138803 359 110.531 44.3346974789916 0.0)
#(0 138810 359 110.531 42.8399672399672 0.0)
#(0 139110 359 110.531 44.3346974789916 0.0)
#(0 139127 359 110.531 45.1625676406926 0.0)
#(0 139129 359 110.531 46.9578827751196 0.0)
#(0 139131 359 110.531 45.1556783877646 0.0)
#(0 139132 359 110.531 45.5488602805463 0.0)
#(0 139133 359 110.531 43.8548320158103 0.0)
#(0 139403 359 110.531 43.9867574616053 0.0)
#(0 139407 359 110.531 46.0729214874356 0.0)
#(0 139409 359 110.531 49.3629864253394 0.0)
#(0 139675 359 110.531 45.0782083333333 0.0)
#(0 139677 359 110.531 48.8116666666667 0.0)
#(0 139678 359 110.531 43.813428858723 0.0)
#(0 139679 359 110.531 45.0058270330076 0.0)
#(0 139682 359 110.531 45.6821428571429 0.0)
#(0 140210 359 110.531 46.1969264069264 0.0)
#(0 140211 359 110.531 43.8548320158103 0.0)
#(0 140212 359 110.531 49.5577777777778 0.0)
#(0 140213 359 110.531 42.8399672399672 0.0)
#(0 140214 359 110.531 45.0235256410256 0.0)
#(0 140215 359 110.531 49.9033578016187 0.0)
#(0 140216 359 110.531 45.8775155279503 0.0)
#(0 140218 359 110.531 45.3095454545455 0.0)
#(0 140219 359 110.531 45.0760293268438 0.0)
#(0 140220 359 110.531 45.0058270330076 0.0)
#(0 140221 359 110.531 43.7645933014354 0.0)
#(0 140472 359 110.531 48.25 0.0)
#(0 140963 359 110.547 45.2565955613014 0.0)
#(0 140964 359 110.547 49.5577777777778 0.0)
#(0 140965 359 110.547 44.5573711484594 0.0)
#(0 140966 359 110.547 46.3632544903927 0.0)
#(0 140967 359 110.547 45.130497311828 0.0)
#(0 140968 359 110.547 44.9133578431373 0.0)
#(0 101 360 110.547 53.1475 0.0)
#(0 449 360 110.547 49.4019625535755 0.0)
#(0 845 360 110.547 52.1843019005848 0.0)
#(0 849 360 110.547 48.411012145749 0.0)
#(0 1210 360 110.547 49.1352744039586 0.0)
#(0 1232 360 110.547 49.6215649750882 0.0)
#(0 1236 360 110.547 50.7331668331668 0.0)
#(0 1238 360 110.547 49.7776106359639 0.0)
#(0 1243 360 110.547 47.5283426097712 0.0)
#(0 1541 360 110.547 47.6190450237765 0.0)
#(0 1542 360 110.547 53.1475 0.0)
#(0 1844 360 110.547 50.9515482254022 0.0)
#(0 1847 360 110.547 49.076231929317 0.0)
#(0 2125 360 110.547 49.7776106359639 0.0)
#(0 2129 360 110.547 50.5526004527448 0.0)
#(0 2132 360 110.547 53.4342803030303 0.0)
#(0 2412 360 110.547 47.5283426097712 0.0)
#(0 2417 360 110.547 47.6190450237765 0.0)
#(0 2691 360 110.562 51.0694402798601 0.0)
#(0 2698 360 110.562 47.5283426097712 0.0)
#(0 2955 360 110.562 49.1352744039586 0.0)
#(0 2964 360 110.562 48.9995578231293 0.0)
#(0 2966 360 110.562 46.8996971223058 0.0)
#(0 2967 360 110.562 50.3612002567394 0.0)
#(0 3739 360 110.562 52.1116591478697 0.0)
#(0 137371 360 110.562 47.7534687832647 0.0)
#(0 137372 360 110.562 49.429678858723 0.0)
#(0 137377 360 110.562 48.6606302521008 0.0)
#(0 137381 360 110.562 51.7109307359307 0.0)
#(0 137794 360 110.562 48.6606302521008 0.0)
#(0 137796 360 110.562 49.2202888519749 0.0)
#(0 137797 360 110.562 49.9241666666667 0.0)
#(0 137798 360 110.562 51.386454203691 0.0)
#(0 137799 360 110.562 50.0451791686574 0.0)
#(0 137801 360 110.562 48.3007257155736 0.0)
#(0 138156 360 110.562 49.4075371713742 0.0)
#(0 138162 360 110.562 49.0677217553688 0.0)
#(0 138165 360 110.562 49.2337155628535 0.0)
#(0 138167 360 110.562 52.6047629619956 0.0)
#(0 138168 360 110.562 48.9698436246993 0.0)
#(0 138507 360 110.562 48.3217948717949 0.0)
#(0 138510 360 110.562 49.0677217553688 0.0)
#(0 138511 360 110.562 53.45 0.0)
#(0 138512 360 110.562 52.3392857142857 0.0)
#(0 138513 360 110.562 51.7109307359307 0.0)
#(0 138518 360 110.562 49.1960557462552 0.0)
#(0 138814 360 110.562 48.8187850140056 0.0)
#(0 138816 360 110.562 49.1348176259751 0.0)
#(0 139135 360 110.562 49.3032454984629 0.0)
#(0 139141 360 110.562 53.1455128205128 0.0)
#(0 139414 360 110.562 50.8592921784098 0.0)
#(0 139416 360 110.562 49.786887254902 0.0)
#(0 139417 360 110.562 46.6750952875953 0.0)
#(0 139419 360 110.578 49.0677217553688 0.0)
#(0 139420 360 110.578 47.8533982202447 0.0)
#(0 139421 360 110.578 54.0430765639589 0.0)
#(0 139685 360 110.578 51.054944037444 0.0)
#(0 139687 360 110.578 48.8187850140056 0.0)
#(0 139689 360 110.578 47.8533982202447 0.0)
#(0 139690 360 110.578 49.534880952381 0.0)
#(0 139692 360 110.578 53.8899507389163 0.0)
#(0 139960 360 110.578 49.4651217322729 0.0)
#(0 139965 360 110.578 48.563902134954 0.0)
#(0 140223 360 110.578 48.3046364568265 0.0)
#(0 140225 360 110.578 49.1577372919478 0.0)
#(0 140226 360 110.578 58.3 0.0)
#(0 140227 360 110.578 48.9698436246993 0.0)
#(0 140228 360 110.578 48.3430928853755 0.0)
#(0 140969 360 110.578 49.7827272727273 0.0)
#(0 140970 360 110.578 53.1862878787879 0.0)
#(0 140971 360 110.578 51.6353840669135 0.0)
#(0 140972 360 110.578 53.3173578016187 0.0)
#(0 140973 360 110.578 50.9045274705853 0.0)
#(0 114 361 110.578 54.8802255639098 0.0)
#(0 471 361 110.578 47.5283426097712 0.0)
#(0 476 361 110.578 50.7127083333333 0.0)
#(0 477 361 110.578 50.585873015873 0.0)
#(0 480 361 110.578 50.5526004527448 0.0)
#(0 481 361 110.578 48.8306635419539 0.0)
#(0 485 361 110.578 50.7679022988506 0.0)
#(0 1246 361 110.578 53.1475 0.0)
#(0 1254 361 110.593 47.5283426097712 0.0)
#(0 1255 361 110.593 62.5 0.0)
#(0 1549 361 110.593 46.8795771906778 0.0)
#(0 1555 361 110.593 45.8269590643275 0.0)
#(0 1557 361 110.593 50.6216756272401 0.0)
#(0 1848 361 110.593 47.4922003284072 0.0)
#(0 1850 361 110.593 50.7127083333333 0.0)
#(0 1852 361 110.593 51.0694402798601 0.0)
#(0 1856 361 110.593 48.887407773386 0.0)
#(0 2426 361 110.593 50.5213466925232 0.0)
#(0 2971 361 110.593 48.2913105413105 0.0)
#(0 2974 361 110.593 50.6216756272401 0.0)
#(0 2976 361 110.593 46.4563192534181 0.0)
#(0 2977 361 110.593 48.887407773386 0.0)
#(0 3746 361 110.593 47.4032738095238 0.0)
#(0 3747 361 110.593 50.9515482254022 0.0)
#(0 3748 361 110.593 49.4019625535755 0.0)
#(0 137383 361 110.593 52.3096955128205 0.0)
#(0 137386 361 110.593 48.9698436246993 0.0)
#(0 137388 361 110.593 49.8562731829574 0.0)
#(0 137392 361 110.593 54.595872297637 0.0)
#(0 137393 361 110.593 46.6750952875953 0.0)
#(0 137395 361 110.593 49.7305553656869 0.0)
#(0 137813 361 110.593 48.4934040470626 0.0)
#(0 138173 361 110.593 48.6863095238095 0.0)
#(0 138174 361 110.593 50.9311632456773 0.0)
#(0 138176 361 110.593 49.5125276676709 0.0)
#(0 138177 361 110.593 54.0430765639589 0.0)
#(0 138178 361 110.593 54.9535353535354 0.0)
#(0 138182 361 110.593 51.1450161231601 0.0)
#(0 138516 361 110.593 49.0677217553688 0.0)
#(0 138521 361 110.593 49.4640426215464 0.0)
#(0 138523 361 110.593 51.2133149596965 0.0)
#(0 138525 361 110.593 49.2623571708354 0.0)
#(0 138526 361 110.609 50.3224242424242 0.0)
#(0 138527 361 110.609 53.1862878787879 0.0)
#(0 138822 361 110.609 50.4840722387989 0.0)
#(0 138828 361 110.609 47.7534687832647 0.0)
#(0 138829 361 110.609 49.534880952381 0.0)
#(0 138832 361 110.609 49.4075371713742 0.0)
#(0 139142 361 110.609 49.9036538461539 0.0)
#(0 139143 361 110.609 52.8864766081871 0.0)
#(0 139146 361 110.609 51.2133149596965 0.0)
#(0 139147 361 110.609 49.1349437519003 0.0)
#(0 139424 361 110.609 48.3201171759995 0.0)
#(0 139426 361 110.609 52.4647435897436 0.0)
#(0 139430 361 110.609 49.0356211635785 0.0)
#(0 139432 361 110.609 52.0785396825397 0.0)
#(0 139693 361 110.609 49.0 0.0)
#(0 139695 361 110.609 56.6444444444444 0.0)
#(0 139696 361 110.609 55.9166666666667 0.0)
#(0 139697 361 110.609 49.089111532146 0.0)
#(0 139698 361 110.609 48.3007257155736 0.0)
#(0 139699 361 110.609 49.429678858723 0.0)
#(0 139700 361 110.609 49.0356211635785 0.0)
#(0 139968 361 110.609 49.4075371713742 0.0)
#(0 139969 361 110.609 36.1666666666667 0.0)
#(0 140229 361 110.609 51.9931557976907 0.0)
#(0 140230 361 110.609 47.9848141923436 0.0)
#(0 140231 361 110.609 51.1450161231601 0.0)
#(0 140232 361 110.609 49.9036538461539 0.0)
#(0 140234 361 110.609 50.8543107769423 0.0)
#(0 140236 361 110.609 49.3032454984629 0.0)
#(0 140237 361 110.609 48.0362733976177 0.0)
#(0 140238 361 110.609 48.6606302521008 0.0)
#(0 140974 361 110.625 47.9848141923436 0.0)
#(0 140975 361 110.625 48.3217948717949 0.0)
#(0 140976 361 110.625 49.6274730392157 0.0)
#(0 140977 361 110.625 49.9036538461539 0.0)
#(0 140978 361 110.625 50.5471054220697 0.0)
#(0 140980 361 110.625 48.1962562656642 0.0)
#(0 140981 361 110.625 49.8529733817302 0.0)
#(0 140982 361 110.625 46.6750952875953 0.0)
#(0 140983 361 110.625 52.77 0.0)
#(0 140984 361 110.625 47.2379935432925 0.0)
#(0 140985 361 110.625 49.3032454984629 0.0)
#(0 140986 361 110.625 49.0 0.0)
#(0 490 362 110.625 50.3612002567394 0.0)
#(0 493 362 110.625 50.9515482254022 0.0)
#(0 869 362 110.625 48.2759796550199 0.0)
#(0 881 362 110.625 49.6748917748918 0.0)
#(0 1247 362 110.625 49.6215649750882 0.0)
#(0 1261 362 110.625 48.2759796550199 0.0)
#(0 1265 362 110.625 46.8795771906778 0.0)
#(0 1855 362 110.625 50.7127083333333 0.0)
#(0 1859 362 110.625 49.6215649750882 0.0)
#(0 1860 362 110.625 51.7984615384615 0.0)
#(0 2148 362 110.625 50.3201765116604 0.0)
#(0 2430 362 110.625 49.934812147914 0.0)
#(0 2431 362 110.625 50.7331668331668 0.0)
#(0 2712 362 110.625 46.7044994840041 0.0)
#(0 2981 362 110.625 46.8996971223058 0.0)
#(0 2982 362 110.625 51.2576301865776 0.0)
#(0 2983 362 110.625 52.6945616883117 0.0)
#(0 3750 362 110.625 50.585873015873 0.0)
#(0 137396 362 110.625 52.3939104754894 0.0)
#(0 137397 362 110.625 49.8529733817302 0.0)
#(0 137399 362 110.625 49.1960557462552 0.0)
#(0 137402 362 110.625 48.9698436246993 0.0)
#(0 137405 362 110.625 70.0 0.0)
#(0 137408 362 110.64 54.0051347117795 0.0)
#(0 137409 362 110.64 49.2623571708354 0.0)
#(0 137816 362 110.64 57.45 0.0)
#(0 137817 362 110.64 53.7582245205775 0.0)
#(0 137824 362 110.64 51.9931557976907 0.0)
#(0 137825 362 110.64 49.5125276676709 0.0)
#(0 138185 362 110.64 49.3477102718482 0.0)
#(0 138190 362 110.64 48.3987046939988 0.0)
#(0 138530 362 110.64 47.8533982202447 0.0)
#(0 138532 362 110.64 52.6079657477026 0.0)
#(0 138539 362 110.64 49.4651217322729 0.0)
#(0 138540 362 110.64 49.2624936996742 0.0)
#(0 138834 362 110.64 53.0722077922078 0.0)
#(0 138836 362 110.64 52.77 0.0)
#(0 138840 362 110.64 48.3078188860122 0.0)
#(0 138841 362 110.64 51.9739244053438 0.0)
#(0 138848 362 110.64 49.5125276676709 0.0)
#(0 139140 362 110.64 48.0514101570264 0.0)
#(0 139150 362 110.64 50.9045274705853 0.0)
#(0 139152 362 110.64 52.4967857142857 0.0)
#(0 139429 362 110.64 47.8533982202447 0.0)
#(0 139436 362 110.64 49.1960557462552 0.0)
#(0 139437 362 110.64 49.1349437519003 0.0)
#(0 139439 362 110.64 57.45 0.0)
#(0 139440 362 110.64 47.8295337995338 0.0)
#(0 139702 362 110.64 52.7053571428571 0.0)
#(0 139703 362 110.64 49.5125276676709 0.0)
#(0 139704 362 110.64 54.595872297637 0.0)
#(0 139706 362 110.64 49.3477102718482 0.0)
#(0 139709 362 110.64 53.8899507389163 0.0)
#(0 139711 362 110.656 53.1862878787879 0.0)
#(0 139712 362 110.656 48.4848076566555 0.0)
#(0 139973 362 110.656 50.2746243782813 0.0)
#(0 139974 362 110.656 49.949908619749 0.0)
#(0 140222 362 110.656 49.2624936996742 0.0)
#(0 140239 362 110.656 49.3694117647059 0.0)
#(0 140240 362 110.656 49.786887254902 0.0)
#(0 140242 362 110.656 50.7750514069264 0.0)
#(0 140244 362 110.656 49.949908619749 0.0)
#(0 140245 362 110.656 50.7002685906378 0.0)
#(0 140247 362 110.656 48.5557142857143 0.0)
#(0 140249 362 110.656 48.3201171759995 0.0)
#(0 140979 362 110.656 50.9045274705853 0.0)
#(0 140987 362 110.656 50.916433747412 0.0)
#(0 140988 362 110.656 48.3430928853755 0.0)
#(0 140989 362 110.656 51.7109307359307 0.0)
#(0 140990 362 110.656 49.5812296037296 0.0)
#(0 140991 362 110.656 55.0866787439614 0.0)
#(0 140992 362 110.656 49.1577372919478 0.0)
#(0 140993 362 110.656 54.4761904761905 0.0)
#(0 140994 362 110.656 38.2405911082382 0.0)
#(0 140995 362 110.656 49.9045806395678 0.0)
#(0 134 363 110.656 50.5287712234016 0.0)
#(0 141 363 110.656 51.1208610400682 0.0)
#(0 504 363 110.656 49.076231929317 0.0)
#(0 510 363 110.656 48.8306635419539 0.0)
#(0 884 363 110.656 46.5542496998799 0.0)
#(0 890 363 110.656 46.5542496998799 0.0)
#(0 1270 363 110.656 49.4019625535755 0.0)
#(0 1276 363 110.656 50.3612002567394 0.0)
#(0 1278 363 110.656 47.485146899669 0.0)
#(0 1571 363 110.656 49.8333333333333 0.0)
#(0 1863 363 110.672 51.8607372911003 0.0)
#(0 1864 363 110.672 47.485146899669 0.0)
#(0 1866 363 110.672 51.9681468531469 0.0)
#(0 1869 363 110.672 49.11822611175 0.0)
#(0 2719 363 110.672 53.1475 0.0)
#(0 2986 363 110.672 53.1475 0.0)
#(0 2987 363 110.672 50.1309385485828 0.0)
#(0 2991 363 110.672 50.3201765116604 0.0)
#(0 3751 363 110.672 50.7331668331668 0.0)
#(0 3752 363 110.672 48.8306635419539 0.0)
#(0 3754 363 110.672 49.6748917748918 0.0)
#(0 3757 363 110.672 46.7044994840041 0.0)
#(0 3758 363 110.672 47.4922003284072 0.0)
#(0 3759 363 110.672 46.8795771906778 0.0)
#(0 3761 363 110.672 47.4032738095238 0.0)
#(0 137411 363 110.672 49.2624936996742 0.0)
#(0 137412 363 110.672 50.7750514069264 0.0)
#(0 137414 363 110.672 49.5194527041586 0.0)
#(0 137418 363 110.672 47.249534583064 0.0)
#(0 137830 363 110.672 47.8295337995338 0.0)
#(0 137838 363 110.672 46.6750952875953 0.0)
#(0 138191 363 110.672 51.0735116563024 0.0)
#(0 138192 363 110.672 49.8529733817302 0.0)
#(0 138194 363 110.672 50.4840722387989 0.0)
#(0 138195 363 110.672 51.3684459203425 0.0)
#(0 138205 363 110.672 49.429678858723 0.0)
#(0 138206 363 110.672 50.8543107769423 0.0)
#(0 138207 363 110.672 52.3939104754894 0.0)
#(0 138547 363 110.672 49.9045806395678 0.0)
#(0 138550 363 110.672 49.0677217553688 0.0)
#(0 138553 363 110.672 48.3085714285714 0.0)
#(0 138846 363 110.672 50.5170759675107 0.0)
#(0 138851 363 110.687 48.3007257155736 0.0)
#(0 138855 363 110.687 48.4934040470626 0.0)
#(0 138856 363 110.687 49.8529733817302 0.0)
#(0 139155 363 110.687 49.089111532146 0.0)
#(0 139157 363 110.687 51.3684459203425 0.0)
#(0 139159 363 110.687 46.6750952875953 0.0)
#(0 139443 363 110.687 49.1067647058824 0.0)
#(0 139444 363 110.687 51.9861963036963 0.0)
#(0 139446 363 110.687 49.5194527041586 0.0)
#(0 139449 363 110.687 48.3046364568265 0.0)
#(0 139713 363 110.687 48.3078188860122 0.0)
#(0 139714 363 110.687 48.3046364568265 0.0)
#(0 139719 363 110.687 50.9045274705853 0.0)
#(0 139720 363 110.687 49.1349437519003 0.0)
#(0 139726 363 110.687 50.7750514069264 0.0)
#(0 139984 363 110.687 50.0596281625351 0.0)
#(0 140243 363 110.687 49.3694117647059 0.0)
#(0 140246 363 110.687 47.242801242236 0.0)
#(0 140248 363 110.687 49.9036538461539 0.0)
#(0 140250 363 110.687 49.786887254902 0.0)
#(0 140251 363 110.687 50.8570109582942 0.0)
#(0 140253 363 110.687 47.249534583064 0.0)
#(0 140255 363 110.687 48.3121435492802 0.0)
#(0 140256 363 110.687 52.4967857142857 0.0)
#(0 140996 363 110.687 40.3018067226891 0.0)
#(0 140997 363 110.687 48.4848076566555 0.0)
#(0 140998 363 110.687 49.3694117647059 0.0)
#(0 140999 363 110.687 52.556746031746 0.0)
#(0 141000 363 110.687 46.6750952875953 0.0)
#(0 141001 363 110.687 54.0430765639589 0.0)
#(0 141002 363 110.687 48.8187850140056 0.0)
#(0 141003 363 110.687 51.6353840669135 0.0)
#(0 141004 363 110.687 49.0356211635785 0.0)
#(0 141005 363 110.687 48.3201171759995 0.0)
#(0 141006 363 110.703 48.3078188860122 0.0)
#(0 144 364 110.703 50.3201765116604 0.0)
#(0 145 364 110.703 51.9681468531469 0.0)
#(0 156 364 110.703 46.5542496998799 0.0)
#(0 158 364 110.703 49.076231929317 0.0)
#(0 518 364 110.703 48.2913105413105 0.0)
#(0 521 364 110.703 49.6748917748918 0.0)
#(0 903 364 110.703 47.485146899669 0.0)
#(0 1280 364 110.703 48.2913105413105 0.0)
#(0 1287 364 110.703 48.411012145749 0.0)
#(0 1289 364 110.703 49.11822611175 0.0)
#(0 1572 364 110.703 51.0694402798601 0.0)
#(0 1868 364 110.703 47.485146899669 0.0)
#(0 1870 364 110.703 50.4916137566138 0.0)
#(0 1875 364 110.703 54.8802255639098 0.0)
#(0 1876 364 110.703 45.8269590643275 0.0)
#(0 1877 364 110.703 50.2375336673131 0.0)
#(0 2168 364 110.703 53.0005952380952 0.0)
#(0 2442 364 110.703 52.1843019005848 0.0)
#(0 2444 364 110.703 47.5283426097712 0.0)
#(0 2445 364 110.703 48.2759796550199 0.0)
#(0 2446 364 110.703 50.6216756272401 0.0)
#(0 2993 364 110.703 50.3874945103206 0.0)
#(0 2994 364 110.703 52.4927777777778 0.0)
#(0 2997 364 110.703 46.7044994840041 0.0)
#(0 2999 364 110.703 48.2759796550199 0.0)
#(0 3000 364 110.703 50.1309385485828 0.0)
#(0 3763 364 110.718 47.4922003284072 0.0)
#(0 3764 364 110.718 63.4222222222222 0.0)
#(0 3765 364 110.718 51.8607372911003 0.0)
#(0 3768 364 110.718 53.4342803030303 0.0)
#(0 137421 364 110.718 49.534880952381 0.0)
#(0 137425 364 110.718 48.104037815126 0.0)
#(0 137427 364 110.718 49.5812296037296 0.0)
#(0 137430 364 110.718 49.8529733817302 0.0)
#(0 137431 364 110.718 49.8352678571429 0.0)
#(0 137433 364 110.718 49.2202888519749 0.0)
#(0 137434 364 110.718 50.0451791686574 0.0)
#(0 137435 364 110.718 48.8187850140056 0.0)
#(0 137841 364 110.718 49.1348176259751 0.0)
#(0 137842 364 110.718 47.8295337995338 0.0)
#(0 137845 364 110.718 49.786887254902 0.0)
#(0 137846 364 110.718 47.2379935432925 0.0)
#(0 137850 364 110.718 47.7534687832647 0.0)
#(0 137852 364 110.718 47.7534687832647 0.0)
#(0 137853 364 110.718 50.8570109582942 0.0)
#(0 137854 364 110.718 50.4840722387989 0.0)
#(0 138201 364 110.718 50.4840722387989 0.0)
#(0 138202 364 110.718 49.2202888519749 0.0)
#(0 138211 364 110.718 52.5033868092692 0.0)
#(0 138213 364 110.718 52.0785396825397 0.0)
#(0 138215 364 110.718 53.5294254658385 0.0)
#(0 138554 364 110.718 52.4647435897436 0.0)
#(0 138557 364 110.718 49.4075371713742 0.0)
#(0 138558 364 110.718 49.3477102718482 0.0)
#(0 138861 364 110.718 54.595872297637 0.0)
#(0 138866 364 110.718 61.0555555555556 0.0)
#(0 138867 364 110.718 54.4761904761905 0.0)
#(0 138868 364 110.718 48.3208291708292 0.0)
#(0 139160 364 110.718 46.6750952875953 0.0)
#(0 139163 364 110.718 52.6047629619956 0.0)
#(0 139165 364 110.718 49.2623571708354 0.0)
#(0 139167 364 110.734 50.4840722387989 0.0)
#(0 139168 364 110.734 53.5294254658385 0.0)
#(0 139169 364 110.734 49.8352678571429 0.0)
#(0 139171 364 110.734 53.3173578016187 0.0)
#(0 139450 364 110.734 49.1960557462552 0.0)
#(0 139452 364 110.734 48.8187850140056 0.0)
#(0 139454 364 110.734 51.3684459203425 0.0)
#(0 139455 364 110.734 49.3477102718482 0.0)
#(0 139458 364 110.734 48.5557142857143 0.0)
#(0 139459 364 110.734 50.0769726352079 0.0)
#(0 139461 364 110.734 51.5182692307692 0.0)
#(0 139727 364 110.734 51.0735116563024 0.0)
#(0 139728 364 110.734 49.949908619749 0.0)
#(0 139729 364 110.734 48.3046364568265 0.0)
#(0 139730 364 110.734 48.0362733976177 0.0)
#(0 139731 364 110.734 50.8540977443609 0.0)
#(0 139732 364 110.734 50.5170759675107 0.0)
#(0 139995 364 110.734 53.0824567099567 0.0)
#(0 139998 364 110.734 48.3430928853755 0.0)
#(0 140008 364 110.734 49.3694117647059 0.0)
#(0 140258 364 110.734 49.9036538461539 0.0)
#(0 140259 364 110.734 48.6606302521008 0.0)
#(0 140261 364 110.734 50.3 0.0)
#(0 140262 364 110.734 49.4651217322729 0.0)
#(0 140263 364 110.734 48.0514101570264 0.0)
#(0 140264 364 110.734 50.8592921784098 0.0)
#(0 141007 364 110.734 50.9311632456773 0.0)
#(0 141008 364 110.734 52.0785396825397 0.0)
#(0 141009 364 110.734 49.5125276676709 0.0)
#(0 141010 364 110.734 47.9848141923436 0.0)
#(0 141011 364 110.734 48.0362733976177 0.0)
#(0 141012 364 110.734 49.534880952381 0.0)
#(0 141013 364 110.734 48.563902134954 0.0)
#(0 141014 364 110.734 49.3477102718482 0.0)
#(0 162 365 110.734 51.2576301865776 0.0)
#(0 168 365 110.734 53.4342803030303 0.0)
#(0 169 365 110.734 49.934812147914 0.0)
#(0 170 365 110.75 50.3874945103206 0.0)
#(0 174 365 110.75 50.5287712234016 0.0)
#(0 175 365 110.75 49.6748917748918 0.0)
#(0 912 365 110.75 63.4222222222222 0.0)
#(0 913 365 110.75 50.1309385485828 0.0)
#(0 916 365 110.75 48.8306635419539 0.0)
#(0 1294 365 110.75 53.9881642512077 0.0)
#(0 1296 365 110.75 50.5526004527448 0.0)
#(0 1298 365 110.75 52.4927777777778 0.0)
#(0 1583 365 110.75 50.1309385485828 0.0)
#(0 1884 365 110.75 52.2009090909091 0.0)
#(0 1886 365 110.75 48.2913105413105 0.0)
#(0 2173 365 110.75 48.2759796550199 0.0)
#(0 2175 365 110.75 48.9468390804598 0.0)
#(0 2176 365 110.75 50.5287712234016 0.0)
#(0 2455 365 110.75 47.485146899669 0.0)
#(0 2459 365 110.75 51.8607372911003 0.0)
#(0 2460 365 110.75 50.7331668331668 0.0)
#(0 2727 365 110.75 52.5433333333333 0.0)
#(0 2732 365 110.75 51.2576301865776 0.0)
#(0 2734 365 110.75 47.4922003284072 0.0)
#(0 3008 365 110.75 50.4916137566138 0.0)
#(0 3009 365 110.75 49.6215649750882 0.0)
#(0 3010 365 110.75 52.2009090909091 0.0)
#(0 3014 365 110.75 52.3576479076479 0.0)
#(0 3769 365 110.75 47.4922003284072 0.0)
#(0 3770 365 110.75 51.8607372911003 0.0)
#(0 3773 365 110.75 49.3691666666667 0.0)
#(0 3775 365 110.75 52.1843019005848 0.0)
#(0 3776 365 110.75 48.9995578231293 0.0)
#(0 3779 365 110.75 46.8795771906778 0.0)
#(0 137407 365 110.75 49.2337155628535 0.0)
#(0 137438 365 110.75 47.8533982202447 0.0)
#(0 137439 365 110.75 51.9739244053438 0.0)
#(0 137441 365 110.75 48.104037815126 0.0)
#(0 137442 365 110.75 49.4024739134421 0.0)
#(0 137448 365 110.765 50.5471054220697 0.0)
#(0 137859 365 110.765 47.7534687832647 0.0)
#(0 137860 365 110.765 50.2199947478992 0.0)
#(0 137862 365 110.765 49.2623571708354 0.0)
#(0 138223 365 110.765 49.4651217322729 0.0)
#(0 138225 365 110.765 48.9698436246993 0.0)
#(0 138227 365 110.765 49.4248196248196 0.0)
#(0 138228 365 110.765 49.534880952381 0.0)
#(0 138551 365 110.765 49.1349437519003 0.0)
#(0 138561 365 110.765 47.7534687832647 0.0)
#(0 138564 365 110.765 49.949908619749 0.0)
#(0 138569 365 110.765 49.2202888519749 0.0)
#(0 138871 365 110.765 49.4651217322729 0.0)
#(0 138872 365 110.765 48.7302447552448 0.0)
#(0 139173 365 110.765 52.556746031746 0.0)
#(0 139174 365 110.765 49.089111532146 0.0)
#(0 139175 365 110.765 50.9311632456773 0.0)
#(0 139178 365 110.765 49.1960557462552 0.0)
#(0 139179 365 110.765 48.3121435492802 0.0)
#(0 139180 365 110.765 49.4651217322729 0.0)
#(0 139182 365 110.765 49.3032454984629 0.0)
#(0 139465 365 110.765 52.7053571428571 0.0)
#(0 139473 365 110.765 46.6750952875953 0.0)
#(0 139474 365 110.765 50.7750514069264 0.0)
#(0 139734 365 110.765 49.2623571708354 0.0)
#(0 139735 365 110.765 47.242801242236 0.0)
#(0 139737 365 110.765 50.4840722387989 0.0)
#(0 139738 365 110.765 54.0051347117795 0.0)
#(0 139739 365 110.765 50.7750514069264 0.0)
#(0 139740 365 110.765 51.9861963036963 0.0)
#(0 139741 365 110.765 52.0785396825397 0.0)
#(0 139742 365 110.765 49.5194527041586 0.0)
#(0 140010 365 110.765 51.3684459203425 0.0)
#(0 140266 365 110.765 48.5557142857143 0.0)
#(0 140267 365 110.765 49.089111532146 0.0)
#(0 140268 365 110.765 50.7002685906378 0.0)
#(0 140272 365 110.781 49.5125276676709 0.0)
#(0 140273 365 110.781 49.6274730392157 0.0)
#(0 140274 365 110.781 48.8384872609331 0.0)
#(0 140275 365 110.781 49.949908619749 0.0)
#(0 141015 365 110.781 52.6079657477026 0.0)
#(0 141016 365 110.781 52.3939104754894 0.0)
#(0 141017 365 110.781 48.3987046939988 0.0)
#(0 141018 365 110.781 48.1962562656642 0.0)
#(0 537 366 110.781 52.3844602977668 0.0)
#(0 924 366 110.781 48.7889243053543 0.0)
#(0 1301 366 110.781 50.7127083333333 0.0)
#(0 1302 366 110.781 46.8996971223058 0.0)
#(0 1306 366 110.781 50.7127083333333 0.0)
#(0 1880 366 110.781 48.6550921658986 0.0)
#(0 1887 366 110.781 50.7127083333333 0.0)
#(0 1897 366 110.781 50.4916137566138 0.0)
#(0 2188 366 110.781 47.4922003284072 0.0)
#(0 2189 366 110.781 48.2913105413105 0.0)
#(0 2190 366 110.781 52.7910714285714 0.0)
#(0 2461 366 110.781 53.8811764705882 0.0)
#(0 2463 366 110.781 50.3612002567394 0.0)
#(0 2466 366 110.781 46.4563192534181 0.0)
#(0 2467 366 110.781 50.7679022988506 0.0)
#(0 2469 366 110.781 49.3691666666667 0.0)
#(0 2741 366 110.781 49.934812147914 0.0)
#(0 3017 366 110.781 49.7776106359639 0.0)
#(0 3019 366 110.781 50.5213466925232 0.0)
#(0 3020 366 110.781 50.1309385485828 0.0)
#(0 3021 366 110.781 51.0694402798601 0.0)
#(0 3023 366 110.781 50.7127083333333 0.0)
#(0 3784 366 110.781 49.7776106359639 0.0)
#(0 3785 366 110.781 50.3612002567394 0.0)
#(0 137437 366 110.781 49.7827272727273 0.0)
#(0 137451 366 110.781 48.1962562656642 0.0)
#(0 137452 366 110.781 49.534880952381 0.0)
#(0 137453 366 110.797 49.2202888519749 0.0)
#(0 137454 366 110.797 48.8187850140056 0.0)
#(0 137457 366 110.797 50.8570109582942 0.0)
#(0 137458 366 110.797 55.9166666666667 0.0)
#(0 137855 366 110.797 51.1450161231601 0.0)
#(0 137870 366 110.797 49.4651217322729 0.0)
#(0 137872 366 110.797 51.054944037444 0.0)
#(0 137876 366 110.797 48.8187850140056 0.0)
#(0 137879 366 110.797 51.2133149596965 0.0)
#(0 137880 366 110.797 50.0596281625351 0.0)
#(0 137883 366 110.797 53.0824567099567 0.0)
#(0 137884 366 110.797 49.3694117647059 0.0)
#(0 137886 366 110.797 49.5194527041586 0.0)
#(0 138226 366 110.797 48.6163770913771 0.0)
#(0 138231 366 110.797 47.7534687832647 0.0)
#(0 138232 366 110.797 54.595872297637 0.0)
#(0 138234 366 110.797 50.3224242424242 0.0)
#(0 138237 366 110.797 50.5170759675107 0.0)
#(0 138238 366 110.797 51.054944037444 0.0)
#(0 138239 366 110.797 48.4934040470626 0.0)
#(0 138243 366 110.797 52.7053571428571 0.0)
#(0 138244 366 110.797 49.7305553656869 0.0)
#(0 138573 366 110.797 52.8864766081871 0.0)
#(0 138878 366 110.797 51.9931557976907 0.0)
#(0 138879 366 110.797 49.5194527041586 0.0)
#(0 138880 366 110.797 54.595872297637 0.0)
#(0 138881 366 110.797 49.2624936996742 0.0)
#(0 138883 366 110.797 49.2623571708354 0.0)
#(0 138886 366 110.797 52.4647435897436 0.0)
#(0 138887 366 110.797 50.5170759675107 0.0)
#(0 138889 366 110.797 49.3032454984629 0.0)
#(0 139177 366 110.797 50.9311632456773 0.0)
#(0 139184 366 110.797 51.054944037444 0.0)
#(0 139185 366 110.812 49.8529733817302 0.0)
#(0 139188 366 110.812 51.386454203691 0.0)
#(0 139192 366 110.812 52.3096955128205 0.0)
#(0 139477 366 110.812 49.8529733817302 0.0)
#(0 139478 366 110.812 48.104037815126 0.0)
#(0 139479 366 110.812 49.9036538461539 0.0)
#(0 139481 366 110.812 51.054944037444 0.0)
#(0 139744 366 110.812 52.6047629619956 0.0)
#(0 139745 366 110.812 49.7305553656869 0.0)
#(0 139746 366 110.812 48.3201171759995 0.0)
#(0 139749 366 110.812 49.6274730392157 0.0)
#(0 139750 366 110.812 48.4934040470626 0.0)
#(0 139752 366 110.812 50.8543107769423 0.0)
#(0 139753 366 110.812 48.3007257155736 0.0)
#(0 139754 366 110.812 53.3173578016187 0.0)
#(0 140019 366 110.812 49.6274730392157 0.0)
#(0 140020 366 110.812 50.8543107769423 0.0)
#(0 140276 366 110.812 49.429678858723 0.0)
#(0 140277 366 110.812 48.9698436246993 0.0)
#(0 140278 366 110.812 48.0362733976177 0.0)
#(0 140279 366 110.812 52.4647435897436 0.0)
#(0 140280 366 110.812 52.3392857142857 0.0)
#(0 140281 366 110.812 49.534880952381 0.0)
#(0 140282 366 110.812 49.2202888519749 0.0)
#(0 140283 366 110.812 49.5918660287081 0.0)
#(0 141019 366 110.812 50.4840722387989 0.0)
#(0 141020 366 110.812 49.5918660287081 0.0)
#(0 141021 366 110.812 47.249534583064 0.0)
#(0 141022 366 110.812 48.8187850140056 0.0)
#(0 141023 366 110.812 51.6353840669135 0.0)
#(0 141024 366 110.812 49.5125276676709 0.0)
#(0 141025 366 110.812 52.0785396825397 0.0)
#(0 141026 366 110.812 47.242801242236 0.0)
#(0 178 367 110.812 50.6216756272401 0.0)
#(0 192 367 110.812 50.7331668331668 0.0)
#(0 195 367 110.812 47.4032738095238 0.0)
#(0 534 367 110.812 46.8996971223058 0.0)
#(0 539 367 110.812 52.2009090909091 0.0)
#(0 542 367 110.828 48.411012145749 0.0)
#(0 553 367 110.828 47.6190450237765 0.0)
#(0 927 367 110.828 52.6945616883117 0.0)
#(0 937 367 110.828 51.2576301865776 0.0)
#(0 943 367 110.828 48.2759796550199 0.0)
#(0 952 367 110.828 52.2009090909091 0.0)
#(0 954 367 110.828 53.9881642512077 0.0)
#(0 955 367 110.828 52.4333333333333 0.0)
#(0 1316 367 110.828 49.6748917748918 0.0)
#(0 1318 367 110.828 53.4342803030303 0.0)
#(0 1600 367 110.828 50.7331668331668 0.0)
#(0 1601 367 110.828 48.1845758125722 0.0)
#(0 1603 367 110.828 53.4342803030303 0.0)
#(0 1613 367 110.828 50.5287712234016 0.0)
#(0 1895 367 110.828 51.9681468531469 0.0)
#(0 1899 367 110.828 51.2576301865776 0.0)
#(0 1901 367 110.828 50.5213466925232 0.0)
#(0 1904 367 110.828 51.8607372911003 0.0)
#(0 2192 367 110.828 50.4916137566138 0.0)
#(0 2199 367 110.828 48.7889243053543 0.0)
#(0 2471 367 110.828 50.5287712234016 0.0)
#(0 2475 367 110.828 53.0005952380952 0.0)
#(0 2476 367 110.828 48.7038421578422 0.0)
#(0 3030 367 110.828 45.8269590643275 0.0)
#(0 3031 367 110.828 49.11822611175 0.0)
#(0 3033 367 110.828 54.8802255639098 0.0)
#(0 3034 367 110.828 50.2375336673131 0.0)
#(0 3789 367 110.828 46.7044994840041 0.0)
#(0 3791 367 110.843 50.7331668331668 0.0)
#(0 3792 367 110.843 50.7127083333333 0.0)
#(0 3793 367 110.843 48.411012145749 0.0)
#(0 3796 367 110.843 53.9881642512077 0.0)
#(0 137456 367 110.843 49.534880952381 0.0)
#(0 137460 367 110.843 50.2746243782813 0.0)
#(0 137468 367 110.843 51.0735116563024 0.0)
#(0 137891 367 110.843 49.2623571708354 0.0)
#(0 137893 367 110.843 49.2202888519749 0.0)
#(0 137894 367 110.843 53.1862878787879 0.0)
#(0 138247 367 110.843 50.7002685906378 0.0)
#(0 138248 367 110.843 53.45 0.0)
#(0 138249 367 110.843 48.6863095238095 0.0)
#(0 138250 367 110.843 57.0666666666667 0.0)
#(0 138251 367 110.843 49.949908619749 0.0)
#(0 138252 367 110.843 53.0722077922078 0.0)
#(0 138253 367 110.843 44.7166666666667 0.0)
#(0 138255 367 110.843 49.0356211635785 0.0)
#(0 138580 367 110.843 53.8899507389163 0.0)
#(0 138582 367 110.843 48.104037815126 0.0)
#(0 138586 367 110.843 50.5170759675107 0.0)
#(0 138893 367 110.843 49.3477102718482 0.0)
#(0 138897 367 110.843 49.6573498139288 0.0)
#(0 138900 367 110.843 50.0596281625351 0.0)
#(0 138901 367 110.843 49.6573498139288 0.0)
#(0 139196 367 110.843 47.8533982202447 0.0)
#(0 139198 367 110.843 52.0785396825397 0.0)
#(0 139199 367 110.843 48.1962562656642 0.0)
#(0 139200 367 110.843 49.3477102718482 0.0)
#(0 139201 367 110.843 49.1960557462552 0.0)
#(0 139202 367 110.843 49.9045806395678 0.0)
#(0 139203 367 110.843 50.5170759675107 0.0)
#(0 139204 367 110.843 53.3173578016187 0.0)
#(0 139482 367 110.843 49.3477102718482 0.0)
#(0 139483 367 110.843 49.8037218337218 0.0)
#(0 139486 367 110.859 48.6163770913771 0.0)
#(0 139492 367 110.859 54.4761904761905 0.0)
#(0 139755 367 110.859 49.9045806395678 0.0)
#(0 139756 367 110.859 53.8899507389163 0.0)
#(0 139760 367 110.859 49.0677217553688 0.0)
#(0 139761 367 110.859 47.8533982202447 0.0)
#(0 139762 367 110.859 50.5919327731092 0.0)
#(0 139763 367 110.859 49.8352678571429 0.0)
#(0 139764 367 110.859 48.6163770913771 0.0)
#(0 140030 367 110.859 48.8187850140056 0.0)
#(0 140284 367 110.859 49.1960557462552 0.0)
#(0 140285 367 110.859 55.2276610644258 0.0)
#(0 140286 367 110.859 51.9739244053438 0.0)
#(0 140287 367 110.859 48.8384872609331 0.0)
#(0 140289 367 110.859 49.4651217322729 0.0)
#(0 141027 367 110.875 52.3939104754894 0.0)
#(0 141028 367 110.875 54.0430765639589 0.0)
#(0 141029 367 110.875 50.4840722387989 0.0)
#(0 141030 367 110.875 50.3224242424242 0.0)
#(0 141031 367 110.875 48.3121435492802 0.0)
#(0 141032 367 110.875 49.3032454984629 0.0)
#(0 141033 367 110.875 50.5170759675107 0.0)
#(0 141034 367 110.875 47.9848141923436 0.0)
#(0 141035 367 110.875 49.949908619749 0.0)
#(0 141036 367 110.875 51.9931557976907 0.0)
#(0 141037 367 110.875 50.7750514069264 0.0)
#(0 180 368 110.875 50.3612002567394 0.0)
#(0 202 368 110.875 49.076231929317 0.0)
#(0 210 368 110.875 48.411012145749 0.0)
#(0 941 368 110.875 51.2576301865776 0.0)
#(0 960 368 110.875 53.4342803030303 0.0)
#(0 968 368 110.875 50.7331668331668 0.0)
#(0 969 368 110.875 49.934812147914 0.0)
#(0 972 368 110.875 53.9881642512077 0.0)
#(0 973 368 110.875 51.8607372911003 0.0)
#(0 1324 368 110.875 47.4922003284072 0.0)
#(0 1329 368 110.875 47.4032738095238 0.0)
#(0 1330 368 110.875 47.485146899669 0.0)
#(0 1331 368 110.875 46.4563192534181 0.0)
#(0 1614 368 110.875 48.9468390804598 0.0)
#(0 1615 368 110.875 47.4922003284072 0.0)
#(0 1617 368 110.875 50.3612002567394 0.0)
#(0 1619 368 110.875 46.5542496998799 0.0)
#(0 1894 368 110.875 46.8996971223058 0.0)
#(0 1910 368 110.875 48.9995578231293 0.0)
#(0 2204 368 110.875 50.3201765116604 0.0)
#(0 2207 368 110.875 52.1843019005848 0.0)
#(0 2482 368 110.875 48.9995578231293 0.0)
#(0 2483 368 110.875 50.2375336673131 0.0)
#(0 2490 368 110.875 49.6215649750882 0.0)
#(0 2758 368 110.89 48.2913105413105 0.0)
#(0 2763 368 110.89 50.585873015873 0.0)
#(0 2765 368 110.89 52.4927777777778 0.0)
#(0 2769 368 110.89 51.9681468531469 0.0)
#(0 3037 368 110.89 49.7776106359639 0.0)
#(0 3041 368 110.89 48.9468390804598 0.0)
#(0 3043 368 110.89 53.8811764705882 0.0)
#(0 3797 368 110.89 47.4032738095238 0.0)
#(0 3805 368 110.89 49.6215649750882 0.0)
#(0 137472 368 110.89 50.8570109582942 0.0)
#(0 137474 368 110.89 52.3392857142857 0.0)
#(0 137477 368 110.89 49.2624936996742 0.0)
#(0 137479 368 110.89 52.7053571428571 0.0)
#(0 137482 368 110.89 52.3939104754894 0.0)
#(0 137484 368 110.89 49.949908619749 0.0)
#(0 137488 368 110.89 49.4651217322729 0.0)
#(0 137896 368 110.89 48.3121435492802 0.0)
#(0 137898 368 110.89 49.3477102718482 0.0)
#(0 137899 368 110.89 49.9036538461539 0.0)
#(0 137900 368 110.89 48.3987046939988 0.0)
#(0 138262 368 110.89 49.2337155628535 0.0)
#(0 138263 368 110.89 50.0769726352079 0.0)
#(0 138265 368 110.89 48.8384872609331 0.0)
#(0 138266 368 110.89 49.8562731829574 0.0)
#(0 138590 368 110.89 50.9311632456773 0.0)
#(0 138591 368 110.89 49.9036538461539 0.0)
#(0 138594 368 110.89 52.6079657477026 0.0)
#(0 138596 368 110.89 49.1349437519003 0.0)
#(0 138597 368 110.89 49.2337155628535 0.0)
#(0 138909 368 110.89 50.4840722387989 0.0)
#(0 138910 368 110.89 49.0356211635785 0.0)
#(0 138912 368 110.89 49.786887254902 0.0)
#(0 139206 368 110.906 49.3477102718482 0.0)
#(0 139207 368 110.906 49.534880952381 0.0)
#(0 139208 368 110.906 49.6274730392157 0.0)
#(0 139209 368 110.906 49.429678858723 0.0)
#(0 139210 368 110.906 48.3007257155736 0.0)
#(0 139211 368 110.906 52.4647435897436 0.0)
#(0 139212 368 110.906 49.9036538461539 0.0)
#(0 139213 368 110.906 49.1960557462552 0.0)
#(0 139215 368 110.906 49.786887254902 0.0)
#(0 139216 368 110.906 51.9739244053438 0.0)
#(0 139485 368 110.906 49.8037218337218 0.0)
#(0 139496 368 110.906 51.8451461988304 0.0)
#(0 139500 368 110.906 43.25 0.0)
#(0 139768 368 110.906 49.786887254902 0.0)
#(0 139769 368 110.906 49.0677217553688 0.0)
#(0 139773 368 110.906 50.0451791686574 0.0)
#(0 140032 368 110.906 48.7302447552448 0.0)
#(0 140033 368 110.906 49.3694117647059 0.0)
#(0 140036 368 110.906 50.0596281625351 0.0)
#(0 140038 368 110.906 48.4848076566555 0.0)
#(0 140039 368 110.906 49.9036538461539 0.0)
#(0 140290 368 110.906 54.0051347117795 0.0)
#(0 140291 368 110.906 49.2202888519749 0.0)
#(0 140292 368 110.906 48.3987046939988 0.0)
#(0 140293 368 110.906 49.8529733817302 0.0)
#(0 140294 368 110.906 49.6573498139288 0.0)
#(0 141038 368 110.906 49.1577372919478 0.0)
#(0 141039 368 110.906 48.3007257155736 0.0)
#(0 141040 368 110.906 48.3987046939988 0.0)
#(0 141041 368 110.906 55.9166666666667 0.0)
#(0 141042 368 110.906 48.8384872609331 0.0)
#(0 141043 368 110.906 51.2133149596965 0.0)
#(0 141044 368 110.906 54.0051347117795 0.0)
#(0 141045 368 110.906 49.9036538461539 0.0)
#(0 141046 368 110.906 49.429678858723 0.0)
#(0 141047 368 110.906 49.5194527041586 0.0)
#(0 141048 368 110.906 51.5610994178235 0.0)
#(0 221 369 110.922 47.5283426097712 0.0)
#(0 565 369 110.922 60.2916666666667 0.0)
#(0 569 369 110.922 48.2913105413105 0.0)
#(0 572 369 110.922 50.5526004527448 0.0)
#(0 573 369 110.922 51.0694402798601 0.0)
#(0 575 369 110.922 53.1475 0.0)
#(0 576 369 110.922 48.411012145749 0.0)
#(0 577 369 110.922 50.2375336673131 0.0)
#(0 974 369 110.922 49.1352744039586 0.0)
#(0 979 369 110.922 50.6216756272401 0.0)
#(0 981 369 110.922 52.2009090909091 0.0)
#(0 1328 369 110.922 50.3612002567394 0.0)
#(0 1334 369 110.922 48.2913105413105 0.0)
#(0 1338 369 110.922 53.0 0.0)
#(0 1630 369 110.922 48.6550921658986 0.0)
#(0 1634 369 110.922 51.9681468531469 0.0)
#(0 1912 369 110.922 47.485146899669 0.0)
#(0 1913 369 110.922 49.6215649750882 0.0)
#(0 1914 369 110.922 50.5287712234016 0.0)
#(0 2212 369 110.922 49.691452991453 0.0)
#(0 2213 369 110.922 50.4916137566138 0.0)
#(0 2216 369 110.922 66.6666666666667 0.0)
#(0 2492 369 110.922 50.3201765116604 0.0)
#(0 2495 369 110.922 46.8996971223058 0.0)
#(0 2497 369 110.922 48.887407773386 0.0)
#(0 2498 369 110.922 46.4563192534181 0.0)
#(0 2499 369 110.922 48.411012145749 0.0)
#(0 2501 369 110.922 45.8269590643275 0.0)
#(0 2772 369 110.922 49.7776106359639 0.0)
#(0 3049 369 110.922 47.4922003284072 0.0)
#(0 3795 369 110.937 50.7127083333333 0.0)
#(0 3808 369 110.937 48.7889243053543 0.0)
#(0 3809 369 110.937 51.2576301865776 0.0)
#(0 3811 369 110.937 47.4032738095238 0.0)
#(0 3813 369 110.937 48.887407773386 0.0)
#(0 3816 369 110.937 50.2375336673131 0.0)
#(0 3818 369 110.937 50.3612002567394 0.0)
#(0 3819 369 110.937 50.6216756272401 0.0)
#(0 3820 369 110.937 46.4563192534181 0.0)
#(0 137481 369 110.937 48.6163770913771 0.0)
#(0 137490 369 110.937 51.6353840669135 0.0)
#(0 137492 369 110.937 51.5610994178235 0.0)
#(0 137494 369 110.937 48.4934040470626 0.0)
#(0 137497 369 110.937 53.8899507389163 0.0)
#(0 137499 369 110.937 48.3007257155736 0.0)
#(0 137503 369 110.937 50.8570109582942 0.0)
#(0 137917 369 110.937 52.6047629619956 0.0)
#(0 137918 369 110.937 49.5194527041586 0.0)
#(0 137919 369 110.937 49.3477102718482 0.0)
#(0 138271 369 110.937 49.949908619749 0.0)
#(0 138272 369 110.937 50.8570109582942 0.0)
#(0 138274 369 110.937 50.3224242424242 0.0)
#(0 138277 369 110.937 50.4840722387989 0.0)
#(0 138278 369 110.937 49.4651217322729 0.0)
#(0 138587 369 110.937 50.5170759675107 0.0)
#(0 138603 369 110.937 52.6079657477026 0.0)
#(0 138604 369 110.937 47.2379935432925 0.0)
#(0 138605 369 110.937 53.7582245205775 0.0)
#(0 138607 369 110.937 52.4967857142857 0.0)
#(0 138610 369 110.937 49.7305553656869 0.0)
#(0 138915 369 110.937 53.7582245205775 0.0)
#(0 138916 369 110.937 48.3208291708292 0.0)
#(0 138918 369 110.937 51.9931557976907 0.0)
#(0 138920 369 110.937 48.3007257155736 0.0)
#(0 139218 369 110.953 48.3201171759995 0.0)
#(0 139220 369 110.953 51.054944037444 0.0)
#(0 139498 369 110.953 50.2746243782813 0.0)
#(0 139513 369 110.953 49.4248196248196 0.0)
#(0 139514 369 110.953 50.0451791686574 0.0)
#(0 139774 369 110.953 47.242801242236 0.0)
#(0 139777 369 110.953 49.9036538461539 0.0)
#(0 140042 369 110.953 49.9045806395678 0.0)
#(0 140045 369 110.953 50.5170759675107 0.0)
#(0 140295 369 110.953 48.3208291708292 0.0)
#(0 140298 369 110.953 49.786887254902 0.0)
#(0 140299 369 110.953 49.429678858723 0.0)
#(0 140303 369 110.953 52.4647435897436 0.0)
#(0 141049 369 110.953 52.6047629619956 0.0)
#(0 141050 369 110.953 53.5816666666667 0.0)
#(0 141051 369 110.953 48.3987046939988 0.0)
#(0 141052 369 110.953 49.2623571708354 0.0)
#(0 224 370 110.953 52.2009090909091 0.0)
#(0 560 370 110.953 47.5283426097712 0.0)
#(0 571 370 110.953 50.6216756272401 0.0)
#(0 584 370 110.953 46.8996971223058 0.0)
#(0 992 370 110.953 52.4927777777778 0.0)
#(0 996 370 110.953 47.485146899669 0.0)
#(0 1339 370 110.953 52.2009090909091 0.0)
#(0 1341 370 110.953 49.076231929317 0.0)
#(0 1345 370 110.953 49.7776106359639 0.0)
#(0 1636 370 110.953 51.2576301865776 0.0)
#(0 1641 370 110.953 50.7331668331668 0.0)
#(0 1645 370 110.953 50.5526004527448 0.0)
#(0 1925 370 110.968 51.8607372911003 0.0)
#(0 1927 370 110.968 48.411012145749 0.0)
#(0 1929 370 110.968 47.5283426097712 0.0)
#(0 2210 370 110.968 52.1843019005848 0.0)
#(0 2228 370 110.968 51.0694402798601 0.0)
#(0 2503 370 110.968 52.1843019005848 0.0)
#(0 2508 370 110.968 49.7776106359639 0.0)
#(0 2510 370 110.968 52.3844602977668 0.0)
#(0 2783 370 110.968 49.6215649750882 0.0)
#(0 3056 370 110.968 50.2375336673131 0.0)
#(0 3825 370 110.968 50.2375336673131 0.0)
#(0 137505 370 110.968 53.0722077922078 0.0)
#(0 137508 370 110.968 50.4840722387989 0.0)
#(0 137510 370 110.968 48.3046364568265 0.0)
#(0 137511 370 110.968 48.3007257155736 0.0)
#(0 137512 370 110.968 53.6901098901099 0.0)
#(0 137514 370 110.968 46.6750952875953 0.0)
#(0 137927 370 110.968 48.3007257155736 0.0)
#(0 137930 370 110.968 47.242801242236 0.0)
#(0 137935 370 110.968 47.8533982202447 0.0)
#(0 138285 370 110.968 52.7053571428571 0.0)
#(0 138286 370 110.968 51.3684459203425 0.0)
#(0 138287 370 110.968 49.4024739134421 0.0)
#(0 138612 370 110.968 48.4934040470626 0.0)
#(0 138613 370 110.968 48.1962562656642 0.0)
#(0 138616 370 110.968 48.3046364568265 0.0)
#(0 138617 370 110.968 49.0677217553688 0.0)
#(0 138619 370 110.968 49.4024739134421 0.0)
#(0 138620 370 110.968 50.5471054220697 0.0)
#(0 138622 370 110.968 49.3694117647059 0.0)
#(0 138623 370 110.968 49.429678858723 0.0)
#(0 138624 370 110.968 48.8384872609331 0.0)
#(0 138625 370 110.968 49.9045806395678 0.0)
#(0 138927 370 110.968 52.7053571428571 0.0)
#(0 138928 370 110.984 46.6750952875953 0.0)
#(0 138930 370 110.984 47.8295337995338 0.0)
#(0 139226 370 110.984 48.3078188860122 0.0)
#(0 139230 370 110.984 49.1960557462552 0.0)
#(0 139231 370 110.984 49.2337155628535 0.0)
#(0 139519 370 110.984 48.6163770913771 0.0)
#(0 139522 370 110.984 49.3477102718482 0.0)
#(0 139778 370 110.984 53.5294254658385 0.0)
#(0 139780 370 110.984 49.0356211635785 0.0)
#(0 139781 370 110.984 48.4934040470626 0.0)
#(0 139783 370 110.984 52.3939104754894 0.0)
#(0 139785 370 110.984 50.5471054220697 0.0)
#(0 140061 370 110.984 48.104037815126 0.0)
#(0 140305 370 110.984 49.949908619749 0.0)
#(0 140306 370 110.984 51.5610994178235 0.0)
#(0 140309 370 110.984 49.5125276676709 0.0)
#(0 140310 370 110.984 49.8562731829574 0.0)
#(0 140311 370 110.984 49.7305553656869 0.0)
#(0 140312 370 110.984 50.7750514069264 0.0)
#(0 141053 370 110.984 48.8187850140056 0.0)
#(0 141054 370 110.984 49.8352678571429 0.0)
#(0 141055 370 110.984 49.7305553656869 0.0)
#(0 141056 370 110.984 49.9045806395678 0.0)
#(0 141057 370 110.984 49.4075371713742 0.0)
#(0 141058 370 110.984 38.2405911082382 0.0)
#(0 141059 370 110.984 48.6606302521008 0.0)
#(0 141060 370 110.984 49.8529733817302 0.0)
#(0 141061 370 110.984 53.5294254658385 0.0)
#(0 228 371 110.984 49.934812147914 0.0)
#(0 235 371 110.984 48.2913105413105 0.0)
#(0 240 371 110.984 50.7127083333333 0.0)
#(0 252 371 110.984 48.411012145749 0.0)
#(0 593 371 111.0 66.6666666666667 0.0)
#(0 601 371 111.0 47.5283426097712 0.0)
#(0 602 371 111.0 49.7776106359639 0.0)
#(0 1012 371 111.0 50.3612002567394 0.0)
#(0 1344 371 111.0 50.2375336673131 0.0)
#(0 1350 371 111.0 52.1843019005848 0.0)
#(0 1352 371 111.0 54.7964285714286 0.0)
#(0 1354 371 111.0 50.3874945103206 0.0)
#(0 1358 371 111.0 47.6190450237765 0.0)
#(0 1363 371 111.0 53.8811764705882 0.0)
#(0 1642 371 111.0 50.2375336673131 0.0)
#(0 1655 371 111.0 50.7127083333333 0.0)
#(0 1656 371 111.0 47.4922003284072 0.0)
#(0 1659 371 111.0 52.4333333333333 0.0)
#(0 1933 371 111.0 47.485146899669 0.0)
#(0 1935 371 111.0 46.5542496998799 0.0)
#(0 1936 371 111.0 48.887407773386 0.0)
#(0 1941 371 111.0 50.3874945103206 0.0)
#(0 2231 371 111.0 50.1309385485828 0.0)
#(0 2236 371 111.0 50.5526004527448 0.0)
#(0 2515 371 111.0 48.887407773386 0.0)
#(0 2517 371 111.0 49.3691666666667 0.0)
#(0 2520 371 111.0 48.7889243053543 0.0)
#(0 2788 371 111.0 50.5213466925232 0.0)
#(0 2795 371 111.0 47.485146899669 0.0)
#(0 3059 371 111.0 49.7776106359639 0.0)
#(0 3065 371 111.0 48.1845758125722 0.0)
#(0 3066 371 111.0 49.1352744039586 0.0)
#(0 3832 371 111.0 52.1843019005848 0.0)
#(0 3833 371 111.0 48.887407773386 0.0)
#(0 3834 371 111.0 49.6748917748918 0.0)
#(0 137515 371 111.0 52.8217987497479 0.0)
#(0 137518 371 111.0 53.0824567099567 0.0)
#(0 137521 371 111.0 48.9698436246993 0.0)
#(0 137523 371 111.0 50.2746243782813 0.0)
#(0 138618 371 111.0 48.1962562656642 0.0)
#(0 138626 371 111.015 49.4651217322729 0.0)
#(0 138628 371 111.015 52.4647435897436 0.0)
#(0 138629 371 111.015 49.2202888519749 0.0)
#(0 138630 371 111.015 48.8187850140056 0.0)
#(0 138632 371 111.015 49.2623571708354 0.0)
#(0 138634 371 111.015 50.9045274705853 0.0)
#(0 138635 371 111.015 50.7002685906378 0.0)
#(0 138637 371 111.015 48.3121435492802 0.0)
#(0 138934 371 111.015 51.386454203691 0.0)
#(0 138936 371 111.015 51.2133149596965 0.0)
#(0 138939 371 111.015 49.8529733817302 0.0)
#(0 138942 371 111.015 49.0356211635785 0.0)
#(0 139235 371 111.015 49.3032454984629 0.0)
#(0 139238 371 111.015 49.8529733817302 0.0)
#(0 139241 371 111.015 49.429678858723 0.0)
#(0 139243 371 111.015 50.9045274705853 0.0)
#(0 139246 371 111.015 50.8540977443609 0.0)
#(0 139247 371 111.015 47.7534687832647 0.0)
#(0 139248 371 111.015 51.2133149596965 0.0)
#(0 139532 371 111.015 56.1416666666667 0.0)
#(0 139790 371 111.015 51.6353840669135 0.0)
#(0 140051 371 111.015 49.9036538461539 0.0)
#(0 140066 371 111.015 49.2202888519749 0.0)
#(0 140304 371 111.015 49.1349437519003 0.0)
#(0 140308 371 111.015 49.949908619749 0.0)
#(0 140314 371 111.015 49.4640426215464 0.0)
#(0 140315 371 111.015 49.6274730392157 0.0)
#(0 140316 371 111.031 52.4647435897436 0.0)
#(0 140317 371 111.031 48.4934040470626 0.0)
#(0 141062 371 111.031 49.8529733817302 0.0)
#(0 141063 371 111.031 48.6606302521008 0.0)
#(0 141064 371 111.031 50.3224242424242 0.0)
#(0 141065 371 111.031 50.2746243782813 0.0)
#(0 141066 371 111.031 49.9045806395678 0.0)
#(0 255 372 111.031 50.7331668331668 0.0)
#(0 263 372 111.031 50.5287712234016 0.0)
#(0 608 372 111.031 57.565 0.0)
#(0 611 372 111.031 52.1843019005848 0.0)
#(0 1018 372 111.031 50.4633333333333 0.0)
#(0 1019 372 111.031 51.0694402798601 0.0)
#(0 1024 372 111.031 50.5526004527448 0.0)
#(0 1028 372 111.031 49.076231929317 0.0)
#(0 1365 372 111.031 50.2375336673131 0.0)
#(0 1366 372 111.031 51.2576301865776 0.0)
#(0 1369 372 111.031 50.4916137566138 0.0)
#(0 1944 372 111.031 51.0694402798601 0.0)
#(0 1947 372 111.031 49.1352744039586 0.0)
#(0 1948 372 111.031 51.8607372911003 0.0)
#(0 2239 372 111.031 50.2375336673131 0.0)
#(0 2243 372 111.031 49.4019625535755 0.0)
#(0 2529 372 111.031 49.4019625535755 0.0)
#(0 3070 372 111.031 49.691452991453 0.0)
#(0 3073 372 111.031 54.4416666666667 0.0)
#(0 3835 372 111.031 48.887407773386 0.0)
#(0 3836 372 111.031 46.8996971223058 0.0)
#(0 3842 372 111.031 51.1208610400682 0.0)
#(0 3843 372 111.031 49.6215649750882 0.0)
#(0 3844 372 111.031 52.4927777777778 0.0)
#(0 137526 372 111.031 48.4934040470626 0.0)
#(0 137527 372 111.031 48.8384872609331 0.0)
#(0 137528 372 111.031 51.9861963036963 0.0)
#(0 137531 372 111.047 49.1349437519003 0.0)
#(0 137534 372 111.047 57.16 0.0)
#(0 137535 372 111.047 49.4024739134421 0.0)
#(0 137536 372 111.047 50.9045274705853 0.0)
#(0 137537 372 111.047 49.534880952381 0.0)
#(0 137539 372 111.047 48.4934040470626 0.0)
#(0 137947 372 111.047 50.8543107769423 0.0)
#(0 137949 372 111.047 49.5812296037296 0.0)
#(0 137955 372 111.047 55.7166666666667 0.0)
#(0 137957 372 111.047 51.386454203691 0.0)
#(0 138299 372 111.047 52.0785396825397 0.0)
#(0 138301 372 111.047 51.7109307359307 0.0)
#(0 138640 372 111.047 49.8352678571429 0.0)
#(0 138641 372 111.047 49.4075371713742 0.0)
#(0 138644 372 111.047 49.0 0.0)
#(0 138645 372 111.047 51.9733333333333 0.0)
#(0 138647 372 111.047 51.5610994178235 0.0)
#(0 138945 372 111.047 49.6274730392157 0.0)
#(0 138946 372 111.047 49.2202888519749 0.0)
#(0 138948 372 111.047 49.3477102718482 0.0)
#(0 138950 372 111.047 51.1450161231601 0.0)
#(0 138957 372 111.047 50.5170759675107 0.0)
#(0 139244 372 111.047 49.2337155628535 0.0)
#(0 139249 372 111.047 52.0785396825397 0.0)
#(0 139252 372 111.047 49.8562731829574 0.0)
#(0 139254 372 111.047 48.8384872609331 0.0)
#(0 139255 372 111.047 48.6606302521008 0.0)
#(0 139257 372 111.047 48.3430928853755 0.0)
#(0 139258 372 111.047 49.4651217322729 0.0)
#(0 139259 372 111.047 48.3121435492802 0.0)
#(0 139525 372 111.047 49.2624936996742 0.0)
#(0 139533 372 111.047 48.6163770913771 0.0)
#(0 139784 372 111.047 52.3939104754894 0.0)
#(0 139793 372 111.062 48.563902134954 0.0)
#(0 139794 372 111.062 48.3085714285714 0.0)
#(0 139795 372 111.062 50.5471054220697 0.0)
#(0 139796 372 111.062 50.8540977443609 0.0)
#(0 139798 372 111.062 49.5918660287081 0.0)
#(0 139799 372 111.062 51.7109307359307 0.0)
#(0 139801 372 111.062 55.2276610644258 0.0)
#(0 139803 372 111.062 49.1577372919478 0.0)
#(0 139805 372 111.062 49.8562731829574 0.0)
#(0 140068 372 111.062 49.4651217322729 0.0)
#(0 140069 372 111.062 52.6047629619956 0.0)
#(0 140072 372 111.062 49.1960557462552 0.0)
#(0 140319 372 111.062 49.3477102718482 0.0)
#(0 140323 372 111.062 51.3684459203425 0.0)
#(0 140325 372 111.062 47.1666666666667 0.0)
#(0 141067 372 111.062 51.9931557976907 0.0)
#(0 141068 372 111.062 48.9698436246993 0.0)
#(0 141069 372 111.062 49.4651217322729 0.0)
#(0 141070 372 111.062 50.7750514069264 0.0)
#(0 141071 372 111.062 50.0596281625351 0.0)
#(0 141072 372 111.062 48.3201171759995 0.0)
#(0 265 373 111.062 50.3612002567394 0.0)
#(0 272 373 111.062 66.6666666666667 0.0)
#(0 592 373 111.062 50.6216756272401 0.0)
#(0 622 373 111.062 46.8996971223058 0.0)
#(0 1033 373 111.062 52.4333333333333 0.0)
#(0 1034 373 111.062 51.2576301865776 0.0)
#(0 1038 373 111.062 46.8996971223058 0.0)
#(0 1039 373 111.062 46.4563192534181 0.0)
#(0 1041 373 111.062 50.9515482254022 0.0)
#(0 1375 373 111.062 49.6215649750882 0.0)
#(0 1376 373 111.062 50.9515482254022 0.0)
#(0 1379 373 111.062 52.1843019005848 0.0)
#(0 1381 373 111.062 48.2759796550199 0.0)
#(0 1382 373 111.062 53.2755555555555 0.0)
#(0 1674 373 111.078 49.076231929317 0.0)
#(0 1683 373 111.078 51.0694402798601 0.0)
#(0 1949 373 111.078 51.9681468531469 0.0)
#(0 1950 373 111.078 48.8306635419539 0.0)
#(0 1951 373 111.078 45.8269590643275 0.0)
#(0 1961 373 111.078 46.5542496998799 0.0)
#(0 1963 373 111.078 48.1845758125722 0.0)
#(0 1965 373 111.078 48.9995578231293 0.0)
#(0 1967 373 111.078 50.5213466925232 0.0)
#(0 2533 373 111.078 46.5542496998799 0.0)
#(0 2534 373 111.078 51.0694402798601 0.0)
#(0 2535 373 111.078 48.8306635419539 0.0)
#(0 2539 373 111.078 49.4019625535755 0.0)
#(0 2809 373 111.078 50.7331668331668 0.0)
#(0 3074 373 111.078 48.887407773386 0.0)
#(0 3078 373 111.078 48.2913105413105 0.0)
#(0 3080 373 111.078 50.7331668331668 0.0)
#(0 3338 373 111.078 52.3844602977668 0.0)
#(0 3848 373 111.078 52.2009090909091 0.0)
#(0 3849 373 111.078 57.565 0.0)
#(0 3855 373 111.078 50.5526004527448 0.0)
#(0 137540 373 111.078 46.6750952875953 0.0)
#(0 137543 373 111.078 57.16 0.0)
#(0 137546 373 111.078 53.5294254658385 0.0)
#(0 137548 373 111.078 51.3684459203425 0.0)
#(0 137550 373 111.078 49.1067647058824 0.0)
#(0 137551 373 111.078 51.1450161231601 0.0)
#(0 137552 373 111.078 47.7534687832647 0.0)
#(0 137962 373 111.078 46.6750952875953 0.0)
#(0 137964 373 111.078 50.8540977443609 0.0)
#(0 137965 373 111.078 50.9311632456773 0.0)
#(0 137969 373 111.078 48.1962562656642 0.0)
#(0 138308 373 111.078 47.249534583064 0.0)
#(0 138309 373 111.078 49.9045806395678 0.0)
#(0 138310 373 111.078 50.8592921784098 0.0)
#(0 138312 373 111.078 47.2379935432925 0.0)
#(0 138649 373 111.093 52.4647435897436 0.0)
#(0 138650 373 111.093 49.8037218337218 0.0)
#(0 138651 373 111.093 49.949908619749 0.0)
#(0 138652 373 111.093 50.7002685906378 0.0)
#(0 138963 373 111.093 46.6750952875953 0.0)
#(0 138964 373 111.093 48.3987046939988 0.0)
#(0 138965 373 111.093 53.5294254658385 0.0)
#(0 139265 373 111.093 49.429678858723 0.0)
#(0 139540 373 111.093 47.242801242236 0.0)
#(0 139547 373 111.093 50.8543107769423 0.0)
#(0 139786 373 111.093 52.3939104754894 0.0)
#(0 139806 373 111.093 48.4848076566555 0.0)
#(0 139807 373 111.093 52.5033868092692 0.0)
#(0 139808 373 111.093 49.9045806395678 0.0)
#(0 139809 373 111.093 49.1349437519003 0.0)
#(0 139810 373 111.093 49.8037218337218 0.0)
#(0 139811 373 111.093 49.9036538461539 0.0)
#(0 139814 373 111.093 51.0466998415528 0.0)
#(0 139817 373 111.093 48.0514101570264 0.0)
#(0 139818 373 111.093 49.1067647058824 0.0)
#(0 139819 373 111.093 49.949908619749 0.0)
#(0 139820 373 111.093 47.249534583064 0.0)
#(0 139821 373 111.093 50.2199947478992 0.0)
#(0 140318 373 111.093 48.4934040470626 0.0)
#(0 140326 373 111.093 49.3477102718482 0.0)
#(0 140328 373 111.093 51.7109307359307 0.0)
#(0 140329 373 111.093 49.8352678571429 0.0)
#(0 140331 373 111.093 48.3078188860122 0.0)
#(0 140333 373 111.093 51.0735116563024 0.0)
#(0 140335 373 111.093 49.089111532146 0.0)
#(0 140336 373 111.093 53.5816666666667 0.0)
#(0 140338 373 111.093 49.1348176259751 0.0)
#(0 140339 373 111.093 50.0596281625351 0.0)
#(0 140340 373 111.093 51.2133149596965 0.0)
#(0 140341 373 111.093 51.386454203691 0.0)
#(0 140342 373 111.109 52.0785396825397 0.0)
#(0 140343 373 111.109 51.054944037444 0.0)
#(0 141073 373 111.109 48.3007257155736 0.0)
#(0 141074 373 111.109 50.4840722387989 0.0)
#(0 141075 373 111.109 51.5610994178235 0.0)
#(0 141076 373 111.109 48.563902134954 0.0)
#(0 141077 373 111.109 52.6047629619956 0.0)
#(0 141078 373 111.109 48.6863095238095 0.0)
#(0 141080 373 111.109 52.7053571428571 0.0)
#(0 141081 373 111.109 50.0769726352079 0.0)
#(0 278 374 111.109 46.5542496998799 0.0)
#(0 279 374 111.109 50.3874945103206 0.0)
#(0 284 374 111.109 47.5283426097712 0.0)
#(0 628 374 111.109 47.5283426097712 0.0)
#(0 630 374 111.109 48.9995578231293 0.0)
#(0 631 374 111.109 50.7331668331668 0.0)
#(0 635 374 111.109 47.6190450237765 0.0)
#(0 1043 374 111.109 47.4032738095238 0.0)
#(0 1050 374 111.109 48.6550921658986 0.0)
#(0 1386 374 111.109 50.4633333333333 0.0)
#(0 1393 374 111.109 45.8269590643275 0.0)
#(0 1969 374 111.109 50.7679022988506 0.0)
#(0 1972 374 111.109 50.2375336673131 0.0)
#(0 1973 374 111.109 50.4916137566138 0.0)
#(0 1974 374 111.109 46.4563192534181 0.0)
#(0 1976 374 111.109 49.076231929317 0.0)
#(0 2264 374 111.109 50.6216756272401 0.0)
#(0 2548 374 111.109 50.585873015873 0.0)
#(0 2551 374 111.109 52.1116591478697 0.0)
#(0 3081 374 111.125 51.0694402798601 0.0)
#(0 3083 374 111.125 48.411012145749 0.0)
#(0 3087 374 111.125 49.6748917748918 0.0)
#(0 3088 374 111.125 51.8607372911003 0.0)
#(0 3852 374 111.125 48.887407773386 0.0)
#(0 3858 374 111.125 48.7889243053543 0.0)
#(0 3863 374 111.125 49.11822611175 0.0)
#(0 3864 374 111.125 50.7331668331668 0.0)
#(0 137556 374 111.125 49.5812296037296 0.0)
#(0 137557 374 111.125 47.249534583064 0.0)
#(0 137558 374 111.125 50.7541452991453 0.0)
#(0 137562 374 111.125 49.2503418803419 0.0)
#(0 137563 374 111.125 49.4024739134421 0.0)
#(0 137566 374 111.125 51.4419883040936 0.0)
#(0 137568 374 111.125 49.5125276676709 0.0)
#(0 137569 374 111.125 47.8533982202447 0.0)
#(0 137572 374 111.125 50.9045274705853 0.0)
#(0 137573 374 111.125 53.6763888888889 0.0)
#(0 137574 374 111.125 49.3694117647059 0.0)
#(0 137578 374 111.125 47.249534583064 0.0)
#(0 137580 374 111.125 53.6763888888889 0.0)
#(0 137948 374 111.125 51.1450161231601 0.0)
#(0 137973 374 111.125 50.8543107769423 0.0)
#(0 137974 374 111.125 49.1348176259751 0.0)
#(0 137975 374 111.125 48.3078188860122 0.0)
#(0 137978 374 111.125 49.786887254902 0.0)
#(0 137979 374 111.125 52.75 0.0)
#(0 138315 374 111.125 53.0824567099567 0.0)
#(0 138320 374 111.125 49.534880952381 0.0)
#(0 138321 374 111.125 48.104037815126 0.0)
#(0 138326 374 111.125 49.4024739134421 0.0)
#(0 138654 374 111.125 47.249534583064 0.0)
#(0 138655 374 111.125 51.0466998415528 0.0)
#(0 138656 374 111.125 48.3046364568265 0.0)
#(0 138657 374 111.125 49.2202888519749 0.0)
#(0 138658 374 111.125 50.5919327731092 0.0)
#(0 138660 374 111.125 49.3477102718482 0.0)
#(0 138661 374 111.125 50.9311632456773 0.0)
#(0 138664 374 111.125 53.1455128205128 0.0)
#(0 138966 374 111.14 54.0430765639589 0.0)
#(0 138967 374 111.14 49.534880952381 0.0)
#(0 138969 374 111.14 53.5294254658385 0.0)
#(0 138971 374 111.14 48.3430928853755 0.0)
#(0 139267 374 111.14 49.4024739134421 0.0)
#(0 139269 374 111.14 52.3392857142857 0.0)
#(0 139271 374 111.14 49.4075371713742 0.0)
#(0 139549 374 111.14 50.9045274705853 0.0)
#(0 139552 374 111.14 46.6750952875953 0.0)
#(0 139822 374 111.14 49.1348176259751 0.0)
#(0 139823 374 111.14 52.75 0.0)
#(0 139824 374 111.14 49.534880952381 0.0)
#(0 139825 374 111.14 50.9045274705853 0.0)
#(0 139826 374 111.14 49.9045806395678 0.0)
#(0 139827 374 111.14 51.0735116563024 0.0)
#(0 139828 374 111.14 47.8533982202447 0.0)
#(0 139829 374 111.14 52.5033868092692 0.0)
#(0 139831 374 111.14 52.4967857142857 0.0)
#(0 139832 374 111.14 49.6274730392157 0.0)
#(0 140334 374 111.14 48.3078188860122 0.0)
#(0 140344 374 111.14 49.9045806395678 0.0)
#(0 140345 374 111.14 49.4651217322729 0.0)
#(0 140346 374 111.14 53.1862878787879 0.0)
#(0 140348 374 111.14 55.7166666666667 0.0)
#(0 140349 374 111.14 48.6163770913771 0.0)
#(0 140350 374 111.14 49.3477102718482 0.0)
#(0 140351 374 111.14 49.3032454984629 0.0)
#(0 140355 374 111.14 48.3217948717949 0.0)
#(0 140356 374 111.14 53.0722077922078 0.0)
#(0 140611 374 111.14 52.6079657477026 0.0)
#(0 141079 374 111.14 50.0596281625351 0.0)
#(0 141082 374 111.14 49.8562731829574 0.0)
#(0 141083 374 111.14 50.9311632456773 0.0)
#(0 141084 374 111.14 54.0051347117795 0.0)
#(0 141085 374 111.14 50.0451791686574 0.0)
#(0 141086 374 111.14 50.5919327731092 0.0)
#(0 141088 374 111.14 61.0555555555556 0.0)
#(0 141089 374 111.156 54.4761904761905 0.0)
#(0 141090 374 111.156 49.2202888519749 0.0)
#(0 280 375 111.156 49.6215649750882 0.0)
#(0 286 375 111.156 50.2375336673131 0.0)
#(0 289 375 111.156 47.4922003284072 0.0)
#(0 290 375 111.156 47.5283426097712 0.0)
#(0 293 375 111.156 51.8607372911003 0.0)
#(0 633 375 111.156 49.3691666666667 0.0)
#(0 645 375 111.156 48.6550921658986 0.0)
#(0 647 375 111.156 48.9995578231293 0.0)
#(0 649 375 111.156 50.5526004527448 0.0)
#(0 650 375 111.156 54.8802255639098 0.0)
#(0 656 375 111.156 50.2375336673131 0.0)
#(0 1053 375 111.156 50.4633333333333 0.0)
#(0 1395 375 111.156 49.934812147914 0.0)
#(0 1398 375 111.156 46.5542496998799 0.0)
#(0 1399 375 111.156 48.411012145749 0.0)
#(0 1404 375 111.156 48.7038421578422 0.0)
#(0 1696 375 111.156 50.1309385485828 0.0)
#(0 1700 375 111.156 46.5542496998799 0.0)
#(0 1979 375 111.156 49.3691666666667 0.0)
#(0 1985 375 111.156 49.11822611175 0.0)
#(0 2281 375 111.156 49.3691666666667 0.0)
#(0 2560 375 111.156 48.7889243053543 0.0)
#(0 2564 375 111.156 48.6550921658986 0.0)
#(0 3082 375 111.156 51.0694402798601 0.0)
#(0 3090 375 111.156 50.3612002567394 0.0)
#(0 3091 375 111.156 61.2266666666667 0.0)
#(0 3092 375 111.156 49.11822611175 0.0)
#(0 3093 375 111.156 49.3691666666667 0.0)
#(0 3094 375 111.156 50.2375336673131 0.0)
#(0 3095 375 111.156 50.5287712234016 0.0)
#(0 3351 375 111.156 49.8333333333333 0.0)
#(0 3866 375 111.156 49.6215649750882 0.0)
#(0 3867 375 111.172 48.6550921658986 0.0)
#(0 3869 375 111.172 53.9881642512077 0.0)
#(0 3872 375 111.172 47.5283426097712 0.0)
#(0 3873 375 111.172 50.7679022988506 0.0)
#(0 3874 375 111.172 50.2375336673131 0.0)
#(0 137561 375 111.172 49.5812296037296 0.0)
#(0 137576 375 111.172 48.6606302521008 0.0)
#(0 137581 375 111.172 48.0514101570264 0.0)
#(0 137586 375 111.172 49.0356211635785 0.0)
#(0 137587 375 111.172 53.5294254658385 0.0)
#(0 137590 375 111.172 52.77 0.0)
#(0 137984 375 111.172 49.6274730392157 0.0)
#(0 137985 375 111.172 47.1666666666667 0.0)
#(0 137986 375 111.172 49.8529733817302 0.0)
#(0 137987 375 111.172 52.7053571428571 0.0)
#(0 137991 375 111.172 51.0466998415528 0.0)
#(0 138325 375 111.172 48.3987046939988 0.0)
#(0 138327 375 111.203 50.8540977443609 0.0)
#(0 138330 375 111.203 51.3684459203425 0.0)
#(0 138332 375 111.203 51.5610994178235 0.0)
#(0 138334 375 111.203 52.3096955128205 0.0)
#(0 138336 375 111.203 51.3349470899471 0.0)
#(0 138977 375 111.203 48.7302447552448 0.0)
#(0 138987 375 111.203 53.6763888888889 0.0)
#(0 139268 375 111.203 49.4024739134421 0.0)
#(0 139272 375 111.203 49.786887254902 0.0)
#(0 139274 375 111.203 54.0430765639589 0.0)
#(0 139275 375 111.203 50.8543107769423 0.0)
#(0 139562 375 111.203 49.5918660287081 0.0)
#(0 139564 375 111.203 48.3208291708292 0.0)
#(0 139816 375 111.203 48.4848076566555 0.0)
#(0 139833 375 111.203 47.249534583064 0.0)
#(0 139834 375 111.203 53.0824567099567 0.0)
#(0 139835 375 111.203 50.7002685906378 0.0)
#(0 139836 375 111.203 49.1348176259751 0.0)
#(0 139839 375 111.203 49.089111532146 0.0)
#(0 139840 375 111.203 48.3987046939988 0.0)
#(0 140090 375 111.203 49.089111532146 0.0)
#(0 140354 375 111.203 49.4651217322729 0.0)
#(0 140357 375 111.203 47.7534687832647 0.0)
#(0 140358 375 111.203 49.3032454984629 0.0)
#(0 140359 375 111.203 47.2379935432925 0.0)
#(0 140360 375 111.203 51.386454203691 0.0)
#(0 140361 375 111.203 51.7109307359307 0.0)
#(0 140362 375 111.203 50.916433747412 0.0)
#(0 140616 375 111.203 51.7109307359307 0.0)
#(0 141087 375 111.218 50.5919327731092 0.0)
#(0 141091 375 111.218 43.25 0.0)
#(0 141092 375 111.218 47.9848141923436 0.0)
#(0 141093 375 111.218 57.25 0.0)
#(0 141094 375 111.218 50.5471054220697 0.0)
#(0 141095 375 111.218 50.916433747412 0.0)
#(0 141096 375 111.218 49.8037218337218 0.0)
#(0 141097 375 111.218 50.3224242424242 0.0)
#(0 141098 375 111.218 48.3078188860122 0.0)
#(0 141099 375 111.218 49.1577372919478 0.0)
#(0 285 376 111.218 53.0005952380952 0.0)
#(0 299 376 111.218 49.1352744039586 0.0)
#(0 305 376 111.218 50.7127083333333 0.0)
#(0 659 376 111.218 48.6550921658986 0.0)
#(0 667 376 111.218 50.7127083333333 0.0)
#(0 668 376 111.218 47.4032738095238 0.0)
#(0 1072 376 111.218 48.7889243053543 0.0)
#(0 1073 376 111.218 48.887407773386 0.0)
#(0 1407 376 111.218 45.8269590643275 0.0)
#(0 1412 376 111.218 48.2913105413105 0.0)
#(0 1415 376 111.218 48.887407773386 0.0)
#(0 1701 376 111.218 49.4019625535755 0.0)
#(0 1702 376 111.218 50.2375336673131 0.0)
#(0 1704 376 111.218 50.5526004527448 0.0)
#(0 1705 376 111.218 47.4032738095238 0.0)
#(0 1706 376 111.218 48.8306635419539 0.0)
#(0 1996 376 111.218 49.4019625535755 0.0)
#(0 1998 376 111.218 48.8306635419539 0.0)
#(0 2278 376 111.218 50.6216756272401 0.0)
#(0 2285 376 111.218 49.8333333333333 0.0)
#(0 2288 376 111.218 50.5213466925232 0.0)
#(0 2567 376 111.218 46.5542496998799 0.0)
#(0 2568 376 111.218 49.934812147914 0.0)
#(0 2573 376 111.218 53.6066666666667 0.0)
#(0 3097 376 111.218 52.1843019005848 0.0)
#(0 3099 376 111.218 50.4423707664884 0.0)
#(0 3103 376 111.218 49.076231929317 0.0)
#(0 3105 376 111.218 49.9796666666667 0.0)
#(0 3881 376 111.234 50.7331668331668 0.0)
#(0 3886 376 111.234 52.2009090909091 0.0)
#(0 3887 376 111.234 48.411012145749 0.0)
#(0 137596 376 111.234 51.1450161231601 0.0)
#(0 137600 376 111.234 48.3007257155736 0.0)
#(0 137601 376 111.234 49.3477102718482 0.0)
#(0 137604 376 111.234 52.6047629619956 0.0)
#(0 137605 376 111.234 54.4761904761905 0.0)
#(0 137998 376 111.234 48.6606302521008 0.0)
#(0 138340 376 111.234 54.595872297637 0.0)
#(0 138342 376 111.234 49.7305553656869 0.0)
#(0 138345 376 111.234 50.5170759675107 0.0)
#(0 138348 376 111.234 54.0051347117795 0.0)
#(0 138351 376 111.234 48.3430928853755 0.0)
#(0 138671 376 111.234 49.949908619749 0.0)
#(0 138672 376 111.234 52.3939104754894 0.0)
#(0 138673 376 111.234 52.5033868092692 0.0)
#(0 138674 376 111.234 51.5610994178235 0.0)
#(0 138675 376 111.234 49.949908619749 0.0)
#(0 138677 376 111.234 49.8352678571429 0.0)
#(0 138989 376 111.234 49.1348176259751 0.0)
#(0 138997 376 111.234 47.8533982202447 0.0)
#(0 138998 376 111.234 54.0051347117795 0.0)
#(0 139282 376 111.234 49.949908619749 0.0)
#(0 139567 376 111.234 52.6079657477026 0.0)
#(0 139842 376 111.234 48.3078188860122 0.0)
#(0 139843 376 111.234 47.8295337995338 0.0)
#(0 139844 376 111.234 49.6573498139288 0.0)
#(0 139846 376 111.25 50.7750514069264 0.0)
#(0 139847 376 111.25 53.6763888888889 0.0)
#(0 139850 376 111.25 48.3007257155736 0.0)
#(0 139853 376 111.25 49.1960557462552 0.0)
#(0 140104 376 111.25 50.4840722387989 0.0)
#(0 140107 376 111.25 49.2503418803419 0.0)
#(0 140363 376 111.25 49.2337155628535 0.0)
#(0 140364 376 111.25 50.3224242424242 0.0)
#(0 140365 376 111.25 52.3392857142857 0.0)
#(0 140366 376 111.25 49.4640426215464 0.0)
#(0 140367 376 111.25 49.9045806395678 0.0)
#(0 140369 376 111.25 49.5812296037296 0.0)
#(0 140370 376 111.25 49.1577372919478 0.0)
#(0 140372 376 111.25 49.5918660287081 0.0)
#(0 141100 376 111.25 49.429678858723 0.0)
#(0 141101 376 111.25 48.3121435492802 0.0)
#(0 141102 376 111.25 48.19163003663 0.0)
#(0 141103 376 111.25 48.0362733976177 0.0)
#(0 141104 376 111.25 49.6274730392157 0.0)
#(0 141105 376 111.25 51.9931557976907 0.0)
#(0 141106 376 111.25 50.9045274705853 0.0)
#(0 315 377 111.25 51.2576301865776 0.0)
#(0 318 377 111.25 50.4916137566138 0.0)
#(0 322 377 111.25 45.8269590643275 0.0)
#(0 323 377 111.25 49.1352744039586 0.0)
#(0 327 377 111.25 51.1208610400682 0.0)
#(0 675 377 111.25 46.8795771906778 0.0)
#(0 676 377 111.25 49.4019625535755 0.0)
#(0 679 377 111.25 48.9995578231293 0.0)
#(0 1076 377 111.25 53.0005952380952 0.0)
#(0 1086 377 111.25 53.4342803030303 0.0)
#(0 1089 377 111.25 53.8811764705882 0.0)
#(0 1416 377 111.25 46.5542496998799 0.0)
#(0 1422 377 111.25 52.6945616883117 0.0)
#(0 1423 377 111.265 51.0694402798601 0.0)
#(0 1425 377 111.265 49.934812147914 0.0)
#(0 1427 377 111.265 52.4333333333333 0.0)
#(0 1428 377 111.265 48.411012145749 0.0)
#(0 1720 377 111.265 47.6190450237765 0.0)
#(0 2005 377 111.265 53.8811764705882 0.0)
#(0 2291 377 111.265 50.3612002567394 0.0)
#(0 2292 377 111.265 53.9881642512077 0.0)
#(0 2569 377 111.265 48.6550921658986 0.0)
#(0 2575 377 111.265 46.4563192534181 0.0)
#(0 2576 377 111.265 49.1352744039586 0.0)
#(0 2580 377 111.265 50.2375336673131 0.0)
#(0 2836 377 111.265 51.0694402798601 0.0)
#(0 3110 377 111.265 47.485146899669 0.0)
#(0 3111 377 111.265 48.411012145749 0.0)
#(0 3889 377 111.265 49.4019625535755 0.0)
#(0 3890 377 111.265 61.2266666666667 0.0)
#(0 3891 377 111.265 49.6748917748918 0.0)
#(0 3892 377 111.265 50.6216756272401 0.0)
#(0 3893 377 111.265 49.3691666666667 0.0)
#(0 3894 377 111.265 50.1309385485828 0.0)
#(0 3895 377 111.265 49.1352744039586 0.0)
#(0 3896 377 111.265 48.887407773386 0.0)
#(0 137610 377 111.265 48.3987046939988 0.0)
#(0 137612 377 111.265 50.5471054220697 0.0)
#(0 137613 377 111.265 49.4075371713742 0.0)
#(0 138007 377 111.265 53.0722077922078 0.0)
#(0 138011 377 111.265 50.0596281625351 0.0)
#(0 138341 377 111.265 48.8187850140056 0.0)
#(0 138352 377 111.265 49.2623571708354 0.0)
#(0 138356 377 111.265 48.3046364568265 0.0)
#(0 138365 377 111.265 49.534880952381 0.0)
#(0 138367 377 111.281 54.9535353535354 0.0)
#(0 138680 377 111.281 46.6750952875953 0.0)
#(0 138685 377 111.281 49.949908619749 0.0)
#(0 138687 377 111.281 53.0722077922078 0.0)
#(0 138991 377 111.281 48.3046364568265 0.0)
#(0 139000 377 111.281 49.1960557462552 0.0)
#(0 139002 377 111.281 48.19163003663 0.0)
#(0 139008 377 111.281 49.1348176259751 0.0)
#(0 139284 377 111.281 52.7053571428571 0.0)
#(0 139286 377 111.281 47.8533982202447 0.0)
#(0 139571 377 111.281 53.5294254658385 0.0)
#(0 139574 377 111.281 51.7109307359307 0.0)
#(0 139577 377 111.281 49.2624936996742 0.0)
#(0 139578 377 111.281 52.4967857142857 0.0)
#(0 139841 377 111.281 49.089111532146 0.0)
#(0 139854 377 111.281 50.8543107769423 0.0)
#(0 139855 377 111.281 47.242801242236 0.0)
#(0 139856 377 111.281 49.5812296037296 0.0)
#(0 139858 377 111.281 49.786887254902 0.0)
#(0 139859 377 111.281 54.595872297637 0.0)
#(0 140118 377 111.281 48.8187850140056 0.0)
#(0 140123 377 111.281 49.9036538461539 0.0)
#(0 140125 377 111.281 57.16 0.0)
#(0 140373 377 111.281 47.8533982202447 0.0)
#(0 140374 377 111.281 49.9036538461539 0.0)
#(0 140375 377 111.281 49.2623571708354 0.0)
#(0 140377 377 111.281 49.2337155628535 0.0)
#(0 140378 377 111.281 50.5471054220697 0.0)
#(0 140379 377 111.281 56.4908333333333 0.0)
#(0 141107 377 111.281 48.9698436246993 0.0)
#(0 141108 377 111.281 48.3078188860122 0.0)
#(0 141109 377 111.281 50.2746243782813 0.0)
#(0 141110 377 111.281 49.8037218337218 0.0)
#(0 141111 377 111.281 48.4934040470626 0.0)
#(0 141112 377 111.281 51.0466998415528 0.0)
#(0 141114 377 111.297 53.5294254658385 0.0)
#(0 141115 377 111.297 53.6763888888889 0.0)
#(0 141116 377 111.297 51.386454203691 0.0)
#(0 141117 377 111.297 50.7916666666667 0.0)
#(0 141118 377 111.297 50.4840722387989 0.0)
#(0 141119 377 111.297 47.249534583064 0.0)
#(0 314 378 111.297 49.1352744039586 0.0)
#(0 332 378 111.297 46.8795771906778 0.0)
#(0 339 378 111.297 50.2375336673131 0.0)
#(0 687 378 111.297 61.2266666666667 0.0)
#(0 1085 378 111.297 47.485146899669 0.0)
#(0 1092 378 111.297 47.6190450237765 0.0)
#(0 1093 378 111.297 50.5287712234016 0.0)
#(0 1096 378 111.297 48.6550921658986 0.0)
#(0 1435 378 111.297 51.2576301865776 0.0)
#(0 1723 378 111.297 46.8795771906778 0.0)
#(0 1724 378 111.297 50.2375336673131 0.0)
#(0 1729 378 111.297 53.0005952380952 0.0)
#(0 1731 378 111.297 52.7910714285714 0.0)
#(0 2011 378 111.297 50.7127083333333 0.0)
#(0 2297 378 111.297 52.3576479076479 0.0)
#(0 2587 378 111.297 48.887407773386 0.0)
#(0 2588 378 111.297 47.6190450237765 0.0)
#(0 2840 378 111.297 49.0611904761905 0.0)
#(0 2847 378 111.297 51.2576301865776 0.0)
#(0 3113 378 111.297 49.4019625535755 0.0)
#(0 3115 378 111.297 48.8306635419539 0.0)
#(0 3117 378 111.312 51.2576301865776 0.0)
#(0 3378 378 111.312 50.3201765116604 0.0)
#(0 3897 378 111.312 49.6748917748918 0.0)
#(0 3900 378 111.312 48.1845758125722 0.0)
#(0 3902 378 111.312 50.2375336673131 0.0)
#(0 137617 378 111.312 48.3046364568265 0.0)
#(0 137620 378 111.312 49.9045806395678 0.0)
#(0 137621 378 111.312 50.3224242424242 0.0)
#(0 137622 378 111.312 47.8295337995338 0.0)
#(0 137623 378 111.312 51.3684459203425 0.0)
#(0 137624 378 111.312 48.4934040470626 0.0)
#(0 137626 378 111.312 50.9045274705853 0.0)
#(0 137628 378 111.312 48.3078188860122 0.0)
#(0 138017 378 111.312 51.9931557976907 0.0)
#(0 138020 378 111.312 50.8570109582942 0.0)
#(0 138022 378 111.312 49.7305553656869 0.0)
#(0 138025 378 111.312 49.5812296037296 0.0)
#(0 138029 378 111.312 59.057619047619 0.0)
#(0 138364 378 111.312 48.3430928853755 0.0)
#(0 138370 378 111.312 53.6901098901099 0.0)
#(0 138372 378 111.312 48.3208291708292 0.0)
#(0 138373 378 111.312 48.3078188860122 0.0)
#(0 138682 378 111.312 49.949908619749 0.0)
#(0 138688 378 111.312 49.1348176259751 0.0)
#(0 138690 378 111.312 49.5918660287081 0.0)
#(0 138694 378 111.312 49.5812296037296 0.0)
#(0 139005 378 111.312 52.0785396825397 0.0)
#(0 139009 378 111.312 49.1960557462552 0.0)
#(0 139012 378 111.312 49.534880952381 0.0)
#(0 139014 378 111.312 53.5294254658385 0.0)
#(0 139017 378 111.312 49.2337155628535 0.0)
#(0 139288 378 111.312 51.6353840669135 0.0)
#(0 139289 378 111.312 46.6750952875953 0.0)
#(0 139292 378 111.328 50.7002685906378 0.0)
#(0 139293 378 111.328 52.6079657477026 0.0)
#(0 139299 378 111.328 48.4934040470626 0.0)
#(0 139579 378 111.328 48.4848076566555 0.0)
#(0 139581 378 111.328 50.9045274705853 0.0)
#(0 139583 378 111.328 50.0596281625351 0.0)
#(0 139584 378 111.328 49.3477102718482 0.0)
#(0 139857 378 111.328 49.2337155628535 0.0)
#(0 139860 378 111.328 49.5194527041586 0.0)
#(0 139861 378 111.328 49.9036538461539 0.0)
#(0 139862 378 111.328 48.3201171759995 0.0)
#(0 139863 378 111.328 50.4840722387989 0.0)
#(0 139864 378 111.328 51.0735116563024 0.0)
#(0 139865 378 111.328 50.9045274705853 0.0)
#(0 140128 378 111.328 49.1960557462552 0.0)
#(0 140380 378 111.328 48.485 0.0)
#(0 140381 378 111.328 49.9045806395678 0.0)
#(0 140382 378 111.328 48.3201171759995 0.0)
#(0 140383 378 111.328 52.7053571428571 0.0)
#(0 140384 378 111.328 48.3046364568265 0.0)
#(0 140385 378 111.328 48.19163003663 0.0)
#(0 141113 378 111.328 48.4934040470626 0.0)
#(0 141120 378 111.328 48.3078188860122 0.0)
#(0 141121 378 111.328 47.7534687832647 0.0)
#(0 141122 378 111.328 51.6353840669135 0.0)
#(0 141123 378 111.328 47.9848141923436 0.0)
#(0 141124 378 111.328 51.3349470899471 0.0)
#(0 141125 378 111.328 53.8899507389163 0.0)
#(0 141126 378 111.328 48.7302447552448 0.0)
#(0 141127 378 111.328 50.8592921784098 0.0)
#(0 141128 378 111.343 50.8570109582942 0.0)
#(0 141129 378 111.343 53.7582245205775 0.0)
#(0 141130 378 111.343 49.786887254902 0.0)
#(0 141131 378 111.343 50.5170759675107 0.0)
#(0 141132 378 111.343 48.3046364568265 0.0)
#(0 141133 378 111.343 50.2746243782813 0.0)
#(0 334 379 111.343 49.1352744039586 0.0)
#(0 347 379 111.343 54.8802255639098 0.0)
#(0 683 379 111.343 59.2066666666667 0.0)
#(0 698 379 111.343 48.6550921658986 0.0)
#(0 699 379 111.343 52.1843019005848 0.0)
#(0 705 379 111.343 50.4916137566138 0.0)
#(0 1109 379 111.343 50.5213466925232 0.0)
#(0 1110 379 111.343 54.8884615384615 0.0)
#(0 1437 379 111.343 50.7331668331668 0.0)
#(0 1439 379 111.343 48.8306635419539 0.0)
#(0 1441 379 111.343 46.8996971223058 0.0)
#(0 1442 379 111.343 49.1352744039586 0.0)
#(0 1444 379 111.343 51.9681468531469 0.0)
#(0 1445 379 111.343 48.411012145749 0.0)
#(0 1725 379 111.343 47.4922003284072 0.0)
#(0 1740 379 111.343 50.5287712234016 0.0)
#(0 2017 379 111.343 52.1843019005848 0.0)
#(0 2304 379 111.343 62.5 0.0)
#(0 2306 379 111.343 52.3844602977668 0.0)
#(0 2309 379 111.343 50.7331668331668 0.0)
#(0 2592 379 111.343 50.5213466925232 0.0)
#(0 2596 379 111.343 49.934812147914 0.0)
#(0 2598 379 111.343 49.2321428571429 0.0)
#(0 2854 379 111.343 53.4342803030303 0.0)
#(0 3121 379 111.343 49.7776106359639 0.0)
#(0 3123 379 111.343 50.6216756272401 0.0)
#(0 3124 379 111.343 48.9468390804598 0.0)
#(0 3127 379 111.343 49.4019625535755 0.0)
#(0 3898 379 111.343 49.3691666666667 0.0)
#(0 3907 379 111.343 49.9796666666667 0.0)
#(0 3910 379 111.343 50.5526004527448 0.0)
#(0 3911 379 111.343 49.7776106359639 0.0)
#(0 137630 379 111.343 52.3096955128205 0.0)
#(0 137631 379 111.359 55.0866787439614 0.0)
#(0 137632 379 111.359 48.8384872609331 0.0)
#(0 137635 379 111.359 49.1348176259751 0.0)
#(0 137636 379 111.359 49.4248196248196 0.0)
#(0 137637 379 111.359 53.1455128205128 0.0)
#(0 137638 379 111.359 51.5610994178235 0.0)
#(0 138037 379 111.359 51.8451461988304 0.0)
#(0 138038 379 111.359 50.5170759675107 0.0)
#(0 138039 379 111.359 52.8217987497479 0.0)
#(0 138040 379 111.359 50.3224242424242 0.0)
#(0 138046 379 111.359 49.1349437519003 0.0)
#(0 138379 379 111.359 49.9036538461539 0.0)
#(0 138382 379 111.359 53.6763888888889 0.0)
#(0 138697 379 111.359 49.2202888519749 0.0)
#(0 138698 379 111.359 48.8384872609331 0.0)
#(0 138702 379 111.359 49.8529733817302 0.0)
#(0 138703 379 111.359 50.3224242424242 0.0)
#(0 138704 379 111.359 50.0451791686574 0.0)
#(0 138705 379 111.359 49.6274730392157 0.0)
#(0 138708 379 111.359 48.3046364568265 0.0)
#(0 139021 379 111.359 49.534880952381 0.0)
#(0 139026 379 111.359 50.5170759675107 0.0)
#(0 139027 379 111.359 51.0466998415528 0.0)
#(0 139303 379 111.359 51.1450161231601 0.0)
#(0 139305 379 111.359 51.054944037444 0.0)
#(0 139306 379 111.359 48.3007257155736 0.0)
#(0 139587 379 111.359 48.4848076566555 0.0)
#(0 139867 379 111.359 48.3007257155736 0.0)
#(0 139868 379 111.359 48.7302447552448 0.0)
#(0 139869 379 111.359 49.534880952381 0.0)
#(0 139870 379 111.359 52.3939104754894 0.0)
#(0 139871 379 111.359 56.1416666666667 0.0)
#(0 139872 379 111.359 50.0596281625351 0.0)
#(0 139873 379 111.375 49.2202888519749 0.0)
#(0 140141 379 111.375 48.0 0.0)
#(0 140386 379 111.375 49.4024739134421 0.0)
#(0 140387 379 111.375 47.9848141923436 0.0)
#(0 140388 379 111.375 51.0466998415528 0.0)
#(0 140391 379 111.375 49.1348176259751 0.0)
#(0 140392 379 111.375 49.534880952381 0.0)
#(0 140393 379 111.375 50.0769726352079 0.0)
#(0 140394 379 111.375 49.4651217322729 0.0)
#(0 140395 379 111.375 50.3224242424242 0.0)
#(0 141134 379 111.375 48.3987046939988 0.0)
#(0 141135 379 111.375 47.7534687832647 0.0)
#(0 141136 379 111.375 49.1577372919478 0.0)
#(0 141137 379 111.375 52.7053571428571 0.0)
#(0 141138 379 111.375 53.1862878787879 0.0)
#(0 141139 379 111.375 52.6047629619956 0.0)
#(0 141140 379 111.375 50.0596281625351 0.0)
#(0 141141 379 111.375 57.45 0.0)
#(0 141142 379 111.375 48.3121435492802 0.0)
#(0 141143 379 111.375 53.1455128205128 0.0)
#(0 352 380 111.375 50.2375336673131 0.0)
#(0 707 380 111.375 52.1843019005848 0.0)
#(0 711 380 111.375 51.1208610400682 0.0)
#(0 1120 380 111.375 51.2576301865776 0.0)
#(0 1750 380 111.375 50.3612002567394 0.0)
#(0 2021 380 111.375 47.4922003284072 0.0)
#(0 2022 380 111.375 54.8884615384615 0.0)
#(0 2024 380 111.375 52.3576479076479 0.0)
#(0 2599 380 111.375 50.3201765116604 0.0)
#(0 2601 380 111.375 46.4563192534181 0.0)
#(0 3131 380 111.375 47.6190450237765 0.0)
#(0 3136 380 111.375 46.5542496998799 0.0)
#(0 3908 380 111.39 49.9796666666667 0.0)
#(0 3912 380 111.39 52.1843019005848 0.0)
#(0 3913 380 111.39 50.1309385485828 0.0)
#(0 3915 380 111.39 48.2913105413105 0.0)
#(0 3917 380 111.39 53.0005952380952 0.0)
#(0 3918 380 111.39 51.0694402798601 0.0)
#(0 137640 380 111.39 47.242801242236 0.0)
#(0 137646 380 111.39 46.6750952875953 0.0)
#(0 137649 380 111.39 48.3007257155736 0.0)
#(0 137651 380 111.39 51.2133149596965 0.0)
#(0 137655 380 111.39 48.19163003663 0.0)
#(0 137656 380 111.39 47.8533982202447 0.0)
#(0 137658 380 111.39 48.3430928853755 0.0)
#(0 138041 380 111.39 50.3224242424242 0.0)
#(0 138042 380 111.39 51.2133149596965 0.0)
#(0 138054 380 111.39 48.3217948717949 0.0)
#(0 138058 380 111.39 51.3684459203425 0.0)
#(0 138390 380 111.39 52.7053571428571 0.0)
#(0 138392 380 111.39 49.1348176259751 0.0)
#(0 138394 380 111.39 51.3684459203425 0.0)
#(0 138712 380 111.39 48.6163770913771 0.0)
#(0 138713 380 111.39 50.9045274705853 0.0)
#(0 138715 380 111.39 50.0451791686574 0.0)
#(0 139029 380 111.39 54.0430765639589 0.0)
#(0 139032 380 111.39 48.9698436246993 0.0)
#(0 139034 380 111.39 50.5919327731092 0.0)
#(0 139035 380 111.39 50.2199947478992 0.0)
#(0 139308 380 111.39 50.5919327731092 0.0)
#(0 139311 380 111.39 49.6573498139288 0.0)
#(0 139312 380 111.39 51.1450161231601 0.0)
#(0 139313 380 111.39 51.6353840669135 0.0)
#(0 139317 380 111.39 49.8352678571429 0.0)
#(0 139594 380 111.39 53.6901098901099 0.0)
#(0 139603 380 111.406 49.1348176259751 0.0)
#(0 139876 380 111.406 49.1960557462552 0.0)
#(0 139877 380 111.406 48.5557142857143 0.0)
#(0 139878 380 111.406 51.7109307359307 0.0)
#(0 139879 380 111.406 49.9045806395678 0.0)
#(0 139882 380 111.406 49.534880952381 0.0)
#(0 139883 380 111.406 53.5294254658385 0.0)
#(0 139884 380 111.406 53.6901098901099 0.0)
#(0 140149 380 111.406 49.9036538461539 0.0)
#(0 140389 380 111.406 48.3046364568265 0.0)
#(0 140397 380 111.406 50.5471054220697 0.0)
#(0 140398 380 111.406 48.19163003663 0.0)
#(0 140399 380 111.406 53.3173578016187 0.0)
#(0 140401 380 111.406 49.5812296037296 0.0)
#(0 140402 380 111.406 53.45 0.0)
#(0 140403 380 111.406 49.1960557462552 0.0)
#(0 140651 380 111.406 50.916433747412 0.0)
#(0 141144 380 111.406 58.25 0.0)
#(0 141145 380 111.406 49.2624936996742 0.0)
#(0 141146 380 111.406 49.429678858723 0.0)
#(0 141147 380 111.406 50.5471054220697 0.0)
#(0 141148 380 111.406 51.3684459203425 0.0)
#(0 141149 380 111.406 38.2405911082382 0.0)
#(0 141150 380 111.406 49.8352678571429 0.0)
#(0 141151 380 111.406 54.4761904761905 0.0)
#(0 141152 380 111.406 48.1962562656642 0.0)
#(0 141153 380 111.406 50.2746243782813 0.0)
#(0 141154 380 111.406 48.3007257155736 0.0)
#(0 358 381 111.406 50.6216756272401 0.0)
#(0 365 381 111.406 52.6945616883117 0.0)
#(0 366 381 111.406 48.6550921658986 0.0)
#(0 728 381 111.406 50.7331668331668 0.0)
#(0 1125 381 111.406 48.9468390804598 0.0)
#(0 1126 381 111.406 48.7889243053543 0.0)
#(0 1134 381 111.406 49.6215649750882 0.0)
#(0 1456 381 111.406 47.5283426097712 0.0)
#(0 1460 381 111.422 47.4922003284072 0.0)
#(0 1744 381 111.422 54.7964285714286 0.0)
#(0 1760 381 111.422 47.485146899669 0.0)
#(0 2033 381 111.422 47.6190450237765 0.0)
#(0 2034 381 111.422 49.7776106359639 0.0)
#(0 2035 381 111.422 48.8306635419539 0.0)
#(0 2036 381 111.422 46.8795771906778 0.0)
#(0 2037 381 111.422 49.4019625535755 0.0)
#(0 2319 381 111.422 50.5287712234016 0.0)
#(0 2325 381 111.422 52.3576479076479 0.0)
#(0 2605 381 111.422 50.4916137566138 0.0)
#(0 2606 381 111.422 49.3691666666667 0.0)
#(0 2613 381 111.422 47.485146899669 0.0)
#(0 2615 381 111.422 49.7776106359639 0.0)
#(0 2868 381 111.422 53.1475 0.0)
#(0 2870 381 111.422 50.5287712234016 0.0)
#(0 2871 381 111.422 52.1116591478697 0.0)
#(0 2872 381 111.422 50.0494444444444 0.0)
#(0 2876 381 111.422 50.0494444444444 0.0)
#(0 3137 381 111.422 51.8607372911003 0.0)
#(0 3142 381 111.422 50.4423707664884 0.0)
#(0 3143 381 111.422 46.5542496998799 0.0)
#(0 3145 381 111.422 50.5526004527448 0.0)
#(0 3146 381 111.422 50.5213466925232 0.0)
#(0 3925 381 111.422 50.9515482254022 0.0)
#(0 3927 381 111.422 52.6945616883117 0.0)
#(0 137660 381 111.422 50.7002685906378 0.0)
#(0 137663 381 111.422 47.7534687832647 0.0)
#(0 137664 381 111.422 50.8570109582942 0.0)
#(0 137665 381 111.422 51.5182692307692 0.0)
#(0 137667 381 111.422 48.3078188860122 0.0)
#(0 137668 381 111.437 51.2133149596965 0.0)
#(0 137669 381 111.437 50.7541452991453 0.0)
#(0 137671 381 111.437 49.534880952381 0.0)
#(0 138055 381 111.437 48.5557142857143 0.0)
#(0 138059 381 111.437 49.2202888519749 0.0)
#(0 138071 381 111.437 49.786887254902 0.0)
#(0 138073 381 111.437 53.8021428571429 0.0)
#(0 138075 381 111.437 49.8352678571429 0.0)
#(0 138397 381 111.437 53.8899507389163 0.0)
#(0 138398 381 111.437 57.25 0.0)
#(0 138404 381 111.437 50.8592921784098 0.0)
#(0 138719 381 111.437 51.2133149596965 0.0)
#(0 138720 381 111.437 55.0866787439614 0.0)
#(0 138722 381 111.437 49.3032454984629 0.0)
#(0 138723 381 111.437 49.429678858723 0.0)
#(0 138724 381 111.437 54.4761904761905 0.0)
#(0 138725 381 111.437 50.8570109582942 0.0)
#(0 138727 381 111.437 50.8570109582942 0.0)
#(0 139038 381 111.437 52.8217987497479 0.0)
#(0 139040 381 111.437 56.6444444444444 0.0)
#(0 139043 381 111.437 54.0430765639589 0.0)
#(0 139045 381 111.437 52.6079657477026 0.0)
#(0 139315 381 111.437 51.1450161231601 0.0)
#(0 139321 381 111.437 49.4651217322729 0.0)
#(0 139325 381 111.437 49.3032454984629 0.0)
#(0 139327 381 111.437 51.054944037444 0.0)
#(0 139606 381 111.437 47.7534687832647 0.0)
#(0 139607 381 111.437 48.3078188860122 0.0)
#(0 139608 381 111.437 47.249534583064 0.0)
#(0 139609 381 111.437 49.2337155628535 0.0)
#(0 139611 381 111.437 51.3349470899471 0.0)
#(0 139618 381 111.437 50.5919327731092 0.0)
#(0 139885 381 111.437 47.7534687832647 0.0)
#(0 139886 381 111.437 50.9045274705853 0.0)
#(0 139888 381 111.437 48.4848076566555 0.0)
#(0 139889 381 111.437 48.3121435492802 0.0)
#(0 140156 381 111.453 51.0735116563024 0.0)
#(0 140405 381 111.453 49.0677217553688 0.0)
#(0 140407 381 111.453 48.0362733976177 0.0)
#(0 140408 381 111.453 52.0785396825397 0.0)
#(0 140655 381 111.453 56.1416666666667 0.0)
#(0 140656 381 111.453 53.1455128205128 0.0)
#(0 140665 381 111.453 49.8529733817302 0.0)
#(0 141155 381 111.453 47.249534583064 0.0)
#(0 141156 381 111.453 51.6353840669135 0.0)
#(0 141157 381 111.453 49.4640426215464 0.0)
#(0 141158 381 111.453 49.2623571708354 0.0)
#(0 141159 381 111.453 52.5033868092692 0.0)
#(0 141160 381 111.453 40.3018067226891 0.0)
#(0 141161 381 111.453 47.7534687832647 0.0)
#(0 141162 381 111.453 48.0362733976177 0.0)
#(0 141163 381 111.453 50.8540977443609 0.0)
#(0 141164 381 111.453 49.2337155628535 0.0)
#(0 141165 381 111.453 49.0677217553688 0.0)
#(0 141166 381 111.453 57.16 0.0)
#(0 141167 381 111.453 52.4647435897436 0.0)
#(0 374 382 111.453 46.8996971223058 0.0)
#(0 378 382 111.453 47.6190450237765 0.0)
#(0 733 382 111.453 46.8996971223058 0.0)
#(0 744 382 111.453 50.3201765116604 0.0)
#(0 1139 382 111.453 51.9681468531469 0.0)
#(0 1140 382 111.453 50.3201765116604 0.0)
#(0 1141 382 111.453 48.9468390804598 0.0)
#(0 1145 382 111.453 53.0 0.0)
#(0 1146 382 111.453 53.9881642512077 0.0)
#(0 1147 382 111.453 54.4416666666667 0.0)
#(0 1150 382 111.453 48.411012145749 0.0)
#(0 1461 382 111.453 49.1352744039586 0.0)
#(0 1465 382 111.453 51.7984615384615 0.0)
#(0 1470 382 111.453 48.2759796550199 0.0)
#(0 1473 382 111.453 50.7679022988506 0.0)
#(0 1477 382 111.468 49.076231929317 0.0)
#(0 1765 382 111.468 49.6215649750882 0.0)
#(0 1768 382 111.468 50.4633333333333 0.0)
#(0 2040 382 111.468 47.4032738095238 0.0)
#(0 2049 382 111.468 52.1843019005848 0.0)
#(0 2050 382 111.468 50.7127083333333 0.0)
#(0 2328 382 111.468 48.2913105413105 0.0)
#(0 2331 382 111.468 49.11822611175 0.0)
#(0 2616 382 111.468 48.2759796550199 0.0)
#(0 2619 382 111.468 54.7964285714286 0.0)
#(0 2622 382 111.468 49.3691666666667 0.0)
#(0 3151 382 111.468 47.5283426097712 0.0)
#(0 3153 382 111.468 49.934812147914 0.0)
#(0 3156 382 111.468 52.4927777777778 0.0)
#(0 3401 382 111.468 53.4342803030303 0.0)
#(0 3929 382 111.468 50.2375336673131 0.0)
#(0 3931 382 111.468 50.5287712234016 0.0)
#(0 137666 382 111.468 50.0451791686574 0.0)
#(0 137673 382 111.468 49.3694117647059 0.0)
#(0 137674 382 111.468 51.054944037444 0.0)
#(0 137675 382 111.468 48.6163770913771 0.0)
#(0 137677 382 111.468 54.595872297637 0.0)
#(0 137678 382 111.468 47.7534687832647 0.0)
#(0 138067 382 111.468 48.1962562656642 0.0)
#(0 138077 382 111.468 49.3477102718482 0.0)
#(0 138080 382 111.468 50.0451791686574 0.0)
#(0 138081 382 111.468 50.0596281625351 0.0)
#(0 138083 382 111.468 49.4651217322729 0.0)
#(0 138084 382 111.468 48.3085714285714 0.0)
#(0 138088 382 111.468 50.5170759675107 0.0)
#(0 138405 382 111.468 49.3032454984629 0.0)
#(0 138406 382 111.468 49.1577372919478 0.0)
#(0 138407 382 111.468 48.3007257155736 0.0)
#(0 138408 382 111.468 49.7305553656869 0.0)
#(0 138409 382 111.468 48.3121435492802 0.0)
#(0 138413 382 111.484 52.6047629619956 0.0)
#(0 138721 382 111.484 52.4647435897436 0.0)
#(0 138729 382 111.484 49.8037218337218 0.0)
#(0 138732 382 111.484 48.3987046939988 0.0)
#(0 138736 382 111.484 51.4419883040936 0.0)
#(0 138737 382 111.484 53.45 0.0)
#(0 139044 382 111.484 54.0430765639589 0.0)
#(0 139048 382 111.484 49.4651217322729 0.0)
#(0 139049 382 111.484 54.0051347117795 0.0)
#(0 139050 382 111.484 48.1962562656642 0.0)
#(0 139051 382 111.484 54.0430765639589 0.0)
#(0 139052 382 111.484 49.429678858723 0.0)
#(0 139054 382 111.484 50.3224242424242 0.0)
#(0 139055 382 111.484 52.7053571428571 0.0)
#(0 139056 382 111.484 49.2202888519749 0.0)
#(0 139332 382 111.484 50.8592921784098 0.0)
#(0 139333 382 111.484 48.3201171759995 0.0)
#(0 139335 382 111.484 48.104037815126 0.0)
#(0 139336 382 111.484 53.8899507389163 0.0)
#(0 139338 382 111.484 51.5610994178235 0.0)
#(0 139617 382 111.484 47.249534583064 0.0)
#(0 139620 382 111.484 50.7750514069264 0.0)
#(0 139622 382 111.484 47.8295337995338 0.0)
#(0 139890 382 111.484 50.9045274705853 0.0)
#(0 139894 382 111.484 47.5 0.0)
#(0 139896 382 111.484 46.6750952875953 0.0)
#(0 139900 382 111.484 48.9698436246993 0.0)
#(0 139902 382 111.484 52.6047629619956 0.0)
#(0 140161 382 111.5 59.057619047619 0.0)
#(0 140165 382 111.5 56.6444444444444 0.0)
#(0 140410 382 111.5 52.0785396825397 0.0)
#(0 140411 382 111.5 50.5919327731092 0.0)
#(0 140412 382 111.5 50.9045274705853 0.0)
#(0 140414 382 111.5 49.1577372919478 0.0)
#(0 140415 382 111.5 49.3477102718482 0.0)
#(0 140416 382 111.5 49.8352678571429 0.0)
#(0 140417 382 111.5 50.0451791686574 0.0)
#(0 140418 382 111.5 49.4651217322729 0.0)
#(0 140419 382 111.5 50.8592921784098 0.0)
#(0 140421 382 111.5 49.3694117647059 0.0)
#(0 140422 382 111.5 49.7305553656869 0.0)
#(0 140423 382 111.5 47.2379935432925 0.0)
#(0 140425 382 111.5 52.77 0.0)
#(0 141168 382 111.5 50.0596281625351 0.0)
#(0 141169 382 111.5 53.5816666666667 0.0)
#(0 141170 382 111.5 51.5610994178235 0.0)
#(0 141171 382 111.5 49.8037218337218 0.0)
#(0 141172 382 111.5 51.1450161231601 0.0)
#(0 141173 382 111.5 53.8899507389163 0.0)
#(0 141174 382 111.5 48.3201171759995 0.0)
#(0 141175 382 111.5 48.3208291708292 0.0)
#(0 382 383 111.5 46.8996971223058 0.0)
#(0 746 383 111.5 45.8269590643275 0.0)
#(0 1154 383 111.5 47.4922003284072 0.0)
#(0 1157 383 111.5 46.4563192534181 0.0)
#(0 1483 383 111.5 49.7776106359639 0.0)
#(0 1777 383 111.5 52.1843019005848 0.0)
#(0 1778 383 111.5 52.1843019005848 0.0)
#(0 2056 383 111.5 46.5542496998799 0.0)
#(0 2345 383 111.5 52.6945616883117 0.0)
#(0 2627 383 111.5 50.5213466925232 0.0)
#(0 2633 383 111.5 49.9796666666667 0.0)
#(0 2635 383 111.5 48.8306635419539 0.0)
#(0 3159 383 111.5 52.6945616883117 0.0)
#(0 3161 383 111.515 48.887407773386 0.0)
#(0 3162 383 111.515 51.1208610400682 0.0)
#(0 3163 383 111.515 48.8306635419539 0.0)
#(0 137680 383 111.515 49.6573498139288 0.0)
#(0 137687 383 111.515 49.1348176259751 0.0)
#(0 137688 383 111.515 55.2276610644258 0.0)
#(0 137690 383 111.515 50.5170759675107 0.0)
#(0 137691 383 111.515 52.0785396825397 0.0)
#(0 137693 383 111.515 48.0514101570264 0.0)
#(0 137695 383 111.515 49.4024739134421 0.0)
#(0 138091 383 111.515 49.4248196248196 0.0)
#(0 138092 383 111.515 48.3007257155736 0.0)
#(0 138098 383 111.515 49.2202888519749 0.0)
#(0 138099 383 111.515 49.7305553656869 0.0)
#(0 138410 383 111.515 48.3007257155736 0.0)
#(0 138418 383 111.515 51.3684459203425 0.0)
#(0 138422 383 111.515 48.8187850140056 0.0)
#(0 138423 383 111.515 49.4651217322729 0.0)
#(0 138424 383 111.515 48.3121435492802 0.0)
#(0 138425 383 111.515 49.5194527041586 0.0)
#(0 138426 383 111.515 50.5170759675107 0.0)
#(0 138739 383 111.515 49.4651217322729 0.0)
#(0 138741 383 111.515 48.1962562656642 0.0)
#(0 138742 383 111.515 49.9036538461539 0.0)
#(0 138743 383 111.515 48.3121435492802 0.0)
#(0 139058 383 111.515 -1 0.0)
#(0 139062 383 111.515 51.9931557976907 0.0)
#(0 139063 383 111.515 50.5919327731092 0.0)
#(0 139064 383 111.515 49.4651217322729 0.0)
#(0 139065 383 111.515 47.7534687832647 0.0)
#(0 139066 383 111.515 51.386454203691 0.0)
#(0 139339 383 111.515 51.3684459203425 0.0)
#(0 139340 383 111.515 51.8451461988304 0.0)
#(0 139341 383 111.531 50.7002685906378 0.0)
#(0 139342 383 111.531 48.3078188860122 0.0)
#(0 139343 383 111.531 51.1450161231601 0.0)
#(0 139346 383 111.531 49.1577372919478 0.0)
#(0 139347 383 111.531 52.3096955128205 0.0)
#(0 139348 383 111.531 51.6353840669135 0.0)
#(0 139626 383 111.531 52.8864766081871 0.0)
#(0 139633 383 111.531 49.5812296037296 0.0)
#(0 139634 383 111.531 47.2379935432925 0.0)
#(0 139635 383 111.531 50.0451791686574 0.0)
#(0 139903 383 111.531 49.1577372919478 0.0)
#(0 139905 383 111.531 55.2276610644258 0.0)
#(0 139907 383 111.531 49.5918660287081 0.0)
#(0 139909 383 111.531 47.8295337995338 0.0)
#(0 140167 383 111.531 50.0451791686574 0.0)
#(0 140174 383 111.531 48.8187850140056 0.0)
#(0 140420 383 111.531 48.0362733976177 0.0)
#(0 140427 383 111.531 49.8037218337218 0.0)
#(0 140431 383 111.531 49.1960557462552 0.0)
#(0 140432 383 111.531 50.9311632456773 0.0)
#(0 141176 383 111.531 54.0430765639589 0.0)
#(0 141177 383 111.531 49.8562731829574 0.0)
#(0 141178 383 111.531 50.3224242424242 0.0)
#(0 141179 383 111.531 47.9848141923436 0.0)
#(0 141180 383 111.531 59.5 0.0)
#(0 141181 383 111.531 50.8570109582942 0.0)
#(0 141182 383 111.531 50.0596281625351 0.0)
#(0 141183 383 111.531 51.7109307359307 0.0)
#(0 141184 383 111.531 48.104037815126 0.0)
#(0 141185 383 111.531 51.3349470899471 0.0)
#(0 397 384 111.531 47.4922003284072 0.0)
#(0 399 384 111.531 49.3691666666667 0.0)
#(0 401 384 111.531 54.8802255639098 0.0)
#(0 767 384 111.531 51.2576301865776 0.0)
#(0 772 384 111.531 49.2321428571429 0.0)
#(0 1160 384 111.547 51.8607372911003 0.0)
#(0 1165 384 111.547 51.2576301865776 0.0)
#(0 1170 384 111.547 48.1845758125722 0.0)
#(0 1486 384 111.547 49.076231929317 0.0)
#(0 1487 384 111.547 47.5283426097712 0.0)
#(0 1488 384 111.547 46.8996971223058 0.0)
#(0 1492 384 111.547 48.7038421578422 0.0)
#(0 1783 384 111.547 50.4633333333333 0.0)
#(0 1784 384 111.547 50.3201765116604 0.0)
#(0 1788 384 111.547 52.3576479076479 0.0)
#(0 2059 384 111.547 46.8996971223058 0.0)
#(0 2067 384 111.547 46.5542496998799 0.0)
#(0 2344 384 111.547 48.8306635419539 0.0)
#(0 2356 384 111.547 49.11822611175 0.0)
#(0 2363 384 111.547 49.11822611175 0.0)
#(0 2639 384 111.547 48.6550921658986 0.0)
#(0 2901 384 111.547 49.7776106359639 0.0)
#(0 3165 384 111.547 47.4922003284072 0.0)
#(0 3167 384 111.547 46.8996971223058 0.0)
#(0 3169 384 111.547 47.4032738095238 0.0)
#(0 3945 384 111.547 51.7984615384615 0.0)
#(0 3946 384 111.547 49.3691666666667 0.0)
#(0 3951 384 111.547 52.2009090909091 0.0)
#(0 137696 384 111.547 51.0466998415528 0.0)
#(0 137701 384 111.547 49.2624936996742 0.0)
#(0 137702 384 111.547 51.3349470899471 0.0)
#(0 137706 384 111.547 51.0735116563024 0.0)
#(0 137708 384 111.547 49.9036538461539 0.0)
#(0 137710 384 111.547 49.949908619749 0.0)
#(0 137711 384 111.547 54.0051347117795 0.0)
#(0 138101 384 111.547 49.3477102718482 0.0)
#(0 138104 384 111.547 48.3046364568265 0.0)
#(0 138105 384 111.562 49.534880952381 0.0)
#(0 138106 384 111.562 48.3121435492802 0.0)
#(0 138432 384 111.562 53.7582245205775 0.0)
#(0 138433 384 111.562 51.9861963036963 0.0)
#(0 138746 384 111.562 49.429678858723 0.0)
#(0 138748 384 111.562 53.0824567099567 0.0)
#(0 138749 384 111.562 49.1960557462552 0.0)
#(0 138751 384 111.562 51.3349470899471 0.0)
#(0 138754 384 111.562 50.4840722387989 0.0)
#(0 138757 384 111.562 52.8864766081871 0.0)
#(0 138758 384 111.562 49.9036538461539 0.0)
#(0 139069 384 111.562 50.7750514069264 0.0)
#(0 139071 384 111.562 50.5919327731092 0.0)
#(0 139350 384 111.562 49.8529733817302 0.0)
#(0 139356 384 111.562 49.8562731829574 0.0)
#(0 139357 384 111.562 53.7582245205775 0.0)
#(0 139358 384 111.562 47.8533982202447 0.0)
#(0 139643 384 111.562 49.4024739134421 0.0)
#(0 139645 384 111.562 48.3121435492802 0.0)
#(0 139910 384 111.562 49.8562731829574 0.0)
#(0 139915 384 111.562 49.5194527041586 0.0)
#(0 139916 384 111.562 50.9045274705853 0.0)
#(0 139917 384 111.562 49.3694117647059 0.0)
#(0 139918 384 111.562 49.5125276676709 0.0)
#(0 140175 384 111.562 51.3349470899471 0.0)
#(0 140426 384 111.562 48.0362733976177 0.0)
#(0 140430 384 111.562 52.0785396825397 0.0)
#(0 140433 384 111.562 55.2276610644258 0.0)
#(0 140434 384 111.562 51.9931557976907 0.0)
#(0 140435 384 111.562 49.8037218337218 0.0)
#(0 140436 384 111.562 48.7302447552448 0.0)
#(0 140437 384 111.562 51.2133149596965 0.0)
#(0 140438 384 111.562 48.6163770913771 0.0)
#(0 140439 384 111.562 49.6573498139288 0.0)
#(0 141186 384 111.578 49.5194527041586 0.0)
#(0 141187 384 111.578 49.1960557462552 0.0)
#(0 141188 384 111.578 49.5812296037296 0.0)
#(0 141189 384 111.578 50.0451791686574 0.0)
#(0 141190 384 111.578 51.2133149596965 0.0)
#(0 141191 384 111.578 48.3201171759995 0.0)
#(0 141192 384 111.578 48.6163770913771 0.0)
#(0 141193 384 111.578 50.8540977443609 0.0)
#(0 141194 384 111.578 47.249534583064 0.0)
#(0 141195 384 111.578 48.6606302521008 0.0)
#(0 141196 384 111.578 49.3032454984629 0.0)
#(0 141197 384 111.578 49.534880952381 0.0)
#(0 406 385 111.578 48.9995578231293 0.0)
#(0 1178 385 111.578 50.6216756272401 0.0)
#(0 1498 385 111.578 50.5213466925232 0.0)
#(0 1502 385 111.578 47.4922003284072 0.0)
#(0 1798 385 111.578 54.7964285714286 0.0)
#(0 1802 385 111.578 51.95 0.0)
#(0 2070 385 111.578 46.8996971223058 0.0)
#(0 2075 385 111.578 54.8802255639098 0.0)
#(0 2372 385 111.578 53.0005952380952 0.0)
#(0 2375 385 111.578 50.4423707664884 0.0)
#(0 2911 385 111.578 50.5526004527448 0.0)
#(0 2916 385 111.578 49.4019625535755 0.0)
#(0 3164 385 111.578 48.8306635419539 0.0)
#(0 3171 385 111.578 49.4019625535755 0.0)
#(0 3175 385 111.578 50.2375336673131 0.0)
#(0 3176 385 111.578 51.2576301865776 0.0)
#(0 3952 385 111.593 46.4563192534181 0.0)
#(0 3955 385 111.593 50.585873015873 0.0)
#(0 3961 385 111.593 48.8306635419539 0.0)
#(0 137684 385 111.593 51.9739244053438 0.0)
#(0 137716 385 111.593 52.6047629619956 0.0)
#(0 137717 385 111.593 49.3694117647059 0.0)
#(0 137718 385 111.593 48.3085714285714 0.0)
#(0 137719 385 111.593 49.2503418803419 0.0)
#(0 137721 385 111.593 51.9739244053438 0.0)
#(0 137724 385 111.593 53.6901098901099 0.0)
#(0 137728 385 111.593 51.1450161231601 0.0)
#(0 137730 385 111.593 49.7305553656869 0.0)
#(0 138112 385 111.593 49.2202888519749 0.0)
#(0 138113 385 111.593 51.6353840669135 0.0)
#(0 138114 385 111.593 48.3046364568265 0.0)
#(0 138116 385 111.593 48.4934040470626 0.0)
#(0 138412 385 111.593 48.3007257155736 0.0)
#(0 138438 385 111.593 49.2337155628535 0.0)
#(0 138439 385 111.593 53.6763888888889 0.0)
#(0 138440 385 111.593 50.0596281625351 0.0)
#(0 138441 385 111.593 48.9698436246993 0.0)
#(0 138443 385 111.593 49.949908619749 0.0)
#(0 138447 385 111.593 53.0722077922078 0.0)
#(0 138747 385 111.593 49.429678858723 0.0)
#(0 138759 385 111.593 47.242801242236 0.0)
#(0 138767 385 111.593 49.2503418803419 0.0)
#(0 139076 385 111.593 48.4934040470626 0.0)
#(0 139077 385 111.593 50.2746243782813 0.0)
#(0 139079 385 111.593 50.9311632456773 0.0)
#(0 139081 385 111.593 47.8533982202447 0.0)
#(0 139082 385 111.593 48.8384872609331 0.0)
#(0 139359 385 111.593 49.4651217322729 0.0)
#(0 139361 385 111.593 48.4934040470626 0.0)
#(0 139362 385 111.593 50.7750514069264 0.0)
#(0 139646 385 111.593 50.8570109582942 0.0)
#(0 139919 385 111.609 50.2746243782813 0.0)
#(0 139921 385 111.609 48.4848076566555 0.0)
#(0 139922 385 111.609 51.9861963036963 0.0)
#(0 139923 385 111.609 51.5610994178235 0.0)
#(0 139924 385 111.609 51.0735116563024 0.0)
#(0 139925 385 111.609 49.2202888519749 0.0)
#(0 139926 385 111.609 49.8529733817302 0.0)
#(0 139927 385 111.609 50.5919327731092 0.0)
#(0 139928 385 111.609 50.2199947478992 0.0)
#(0 140441 385 111.609 49.2623571708354 0.0)
#(0 140442 385 111.609 48.0514101570264 0.0)
#(0 140443 385 111.609 51.3349470899471 0.0)
#(0 140444 385 111.609 57.16 0.0)
#(0 140445 385 111.609 48.3078188860122 0.0)
#(0 140446 385 111.609 49.4248196248196 0.0)
#(0 141198 385 111.609 48.6163770913771 0.0)
#(0 141199 385 111.609 49.8352678571429 0.0)
#(0 141200 385 111.609 49.2624936996742 0.0)
#(0 141201 385 111.609 52.8217987497479 0.0)
#(0 141202 385 111.609 53.7582245205775 0.0)
#(0 141203 385 111.609 59.057619047619 0.0)
#(0 403 386 111.609 53.1475 0.0)
#(0 417 386 111.609 50.3874945103206 0.0)
#(0 783 386 111.609 48.887407773386 0.0)
#(0 799 386 111.625 49.6215649750882 0.0)
#(0 1183 386 111.625 50.7331668331668 0.0)
#(0 1184 386 111.625 46.5542496998799 0.0)
#(0 1187 386 111.625 47.4922003284072 0.0)
#(0 1189 386 111.625 48.7038421578422 0.0)
#(0 1503 386 111.625 50.4916137566138 0.0)
#(0 1506 386 111.625 51.8607372911003 0.0)
#(0 1510 386 111.625 50.5287712234016 0.0)
#(0 1803 386 111.625 50.3612002567394 0.0)
#(0 1809 386 111.625 48.7038421578422 0.0)
#(0 1810 386 111.625 50.2375336673131 0.0)
#(0 1811 386 111.625 62.5 0.0)
#(0 2077 386 111.625 51.0694402798601 0.0)
#(0 2079 386 111.625 49.934812147914 0.0)
#(0 2085 386 111.625 50.5287712234016 0.0)
#(0 2086 386 111.625 66.6666666666667 0.0)
#(0 2087 386 111.625 50.2375336673131 0.0)
#(0 2089 386 111.625 49.6215649750882 0.0)
#(0 2090 386 111.625 49.7776106359639 0.0)
#(0 2091 386 111.625 50.5213466925232 0.0)
#(0 2387 386 111.625 49.3691666666667 0.0)
#(0 2389 386 111.625 48.6550921658986 0.0)
#(0 2648 386 111.625 51.2576301865776 0.0)
#(0 2659 386 111.625 50.5287712234016 0.0)
#(0 2660 386 111.625 49.11822611175 0.0)
#(0 3181 386 111.625 46.5542496998799 0.0)
#(0 3184 386 111.625 48.7038421578422 0.0)
#(0 3186 386 111.625 46.4563192534181 0.0)
#(0 3960 386 111.625 46.4563192534181 0.0)
#(0 3963 386 111.625 50.4916137566138 0.0)
#(0 3965 386 111.625 49.6215649750882 0.0)
#(0 3966 386 111.625 49.4019625535755 0.0)
#(0 3967 386 111.625 50.3874945103206 0.0)
#(0 137712 386 111.625 49.2624936996742 0.0)
#(0 137737 386 111.625 49.1067647058824 0.0)
#(0 137739 386 111.625 48.6163770913771 0.0)
#(0 137741 386 111.64 49.534880952381 0.0)
#(0 137742 386 111.64 54.595872297637 0.0)
#(0 137744 386 111.64 49.8562731829574 0.0)
#(0 138107 386 111.64 48.3121435492802 0.0)
#(0 138118 386 111.64 48.3208291708292 0.0)
#(0 138122 386 111.64 49.8352678571429 0.0)
#(0 138123 386 111.64 46.6750952875953 0.0)
#(0 138125 386 111.64 49.4651217322729 0.0)
#(0 138450 386 111.64 50.5919327731092 0.0)
#(0 138453 386 111.64 48.3085714285714 0.0)
#(0 138456 386 111.64 50.8540977443609 0.0)
#(0 138458 386 111.64 53.1455128205128 0.0)
#(0 138460 386 111.64 49.8562731829574 0.0)
#(0 138461 386 111.64 51.6353840669135 0.0)
#(0 138462 386 111.64 48.0514101570264 0.0)
#(0 138756 386 111.64 50.4840722387989 0.0)
#(0 138764 386 111.64 49.1349437519003 0.0)
#(0 138771 386 111.64 51.9739244053438 0.0)
#(0 138773 386 111.64 55.2276610644258 0.0)
#(0 139083 386 111.64 48.4934040470626 0.0)
#(0 139086 386 111.64 50.2746243782813 0.0)
#(0 139088 386 111.64 49.5125276676709 0.0)
#(0 139089 386 111.64 49.7305553656869 0.0)
#(0 139090 386 111.64 51.9739244053438 0.0)
#(0 139364 386 111.64 47.7534687832647 0.0)
#(0 139366 386 111.64 53.6763888888889 0.0)
#(0 139368 386 111.64 50.8570109582942 0.0)
#(0 139369 386 111.64 51.5182692307692 0.0)
#(0 139370 386 111.64 49.089111532146 0.0)
#(0 139371 386 111.64 56.625 0.0)
#(0 139372 386 111.64 49.4248196248196 0.0)
#(0 139661 386 111.64 49.9036538461539 0.0)
#(0 139931 386 111.64 55.9166666666667 0.0)
#(0 140187 386 111.64 48.563902134954 0.0)
#(0 140447 386 111.64 51.2133149596965 0.0)
#(0 141204 386 111.656 51.9861963036963 0.0)
#(0 141205 386 111.656 51.9931557976907 0.0)
#(0 141206 386 111.656 50.8592921784098 0.0)
#(0 141207 386 111.656 49.5812296037296 0.0)
#(0 141208 386 111.656 49.1577372919478 0.0)
#(0 141209 386 111.656 47.242801242236 0.0)
#(0 141210 386 111.656 50.0451791686574 0.0)
#(0 141212 386 111.656 51.054944037444 0.0)
#(0 141214 386 111.656 52.8864766081871 0.0)
#(0 141215 386 111.656 51.7109307359307 0.0)
#(0 419 387 111.656 48.411012145749 0.0)
#(0 424 387 111.656 48.1845758125722 0.0)
#(0 810 387 111.656 54.8802255639098 0.0)
#(0 815 387 111.656 48.2913105413105 0.0)
#(0 1194 387 111.656 49.2321428571429 0.0)
#(0 1197 387 111.656 50.4916137566138 0.0)
#(0 1202 387 111.656 53.4342803030303 0.0)
#(0 1518 387 111.656 50.7331668331668 0.0)
#(0 1519 387 111.656 48.8306635419539 0.0)
#(0 1520 387 111.656 47.5283426097712 0.0)
#(0 1812 387 111.656 48.887407773386 0.0)
#(0 1814 387 111.656 50.9515482254022 0.0)
#(0 1815 387 111.656 49.6215649750882 0.0)
#(0 2095 387 111.656 48.2759796550199 0.0)
#(0 2098 387 111.656 49.4019625535755 0.0)
#(0 2102 387 111.656 45.8269590643275 0.0)
#(0 2392 387 111.656 49.934812147914 0.0)
#(0 2672 387 111.656 50.5287712234016 0.0)
#(0 2673 387 111.656 50.2375336673131 0.0)
#(0 2931 387 111.656 48.2759796550199 0.0)
#(0 3187 387 111.656 50.7679022988506 0.0)
#(0 3191 387 111.656 48.6550921658986 0.0)
#(0 3194 387 111.656 50.3612002567394 0.0)
#(0 3195 387 111.672 47.6190450237765 0.0)
#(0 3971 387 111.672 50.4916137566138 0.0)
#(0 3974 387 111.672 48.2759796550199 0.0)
#(0 3975 387 111.672 50.4633333333333 0.0)
#(0 3977 387 111.672 50.2375336673131 0.0)
#(0 137750 387 111.672 48.3007257155736 0.0)
#(0 137752 387 111.672 53.1862878787879 0.0)
#(0 137755 387 111.672 47.249534583064 0.0)
#(0 137759 387 111.672 52.0785396825397 0.0)
#(0 137761 387 111.672 50.2199947478992 0.0)
#(0 137762 387 111.672 49.9045806395678 0.0)
#(0 138131 387 111.672 54.4761904761905 0.0)
#(0 138132 387 111.672 51.1450161231601 0.0)
#(0 138133 387 111.672 48.3121435492802 0.0)
#(0 138136 387 111.672 52.5033868092692 0.0)
#(0 138449 387 111.672 49.3694117647059 0.0)
#(0 138466 387 111.672 49.8037218337218 0.0)
#(0 138766 387 111.672 49.429678858723 0.0)
#(0 138776 387 111.672 49.5125276676709 0.0)
#(0 138777 387 111.672 50.8570109582942 0.0)
#(0 138782 387 111.672 49.2624936996742 0.0)
#(0 138783 387 111.672 49.949908619749 0.0)
#(0 139093 387 111.672 48.104037815126 0.0)
#(0 139095 387 111.687 50.2199947478992 0.0)
#(0 139099 387 111.687 49.949908619749 0.0)
#(0 139103 387 111.687 54.0430765639589 0.0)
#(0 139104 387 111.687 50.3224242424242 0.0)
#(0 139105 387 111.687 51.9931557976907 0.0)
#(0 139106 387 111.687 49.5125276676709 0.0)
#(0 139109 387 111.687 51.5610994178235 0.0)
#(0 139373 387 111.687 48.1962562656642 0.0)
#(0 139374 387 111.687 52.4967857142857 0.0)
#(0 139375 387 111.687 51.1450161231601 0.0)
#(0 139377 387 111.687 45.2423076923077 0.0)
#(0 139378 387 111.687 52.6047629619956 0.0)
#(0 139383 387 111.687 48.3121435492802 0.0)
#(0 139384 387 111.687 49.4024739134421 0.0)
#(0 139385 387 111.687 50.8543107769423 0.0)
#(0 139664 387 111.687 49.3477102718482 0.0)
#(0 139668 387 111.687 50.9045274705853 0.0)
#(0 139933 387 111.687 48.1962562656642 0.0)
#(0 139934 387 111.687 52.6079657477026 0.0)
#(0 140449 387 111.687 48.3078188860122 0.0)
#(0 140450 387 111.687 49.1349437519003 0.0)
#(0 140451 387 111.687 49.7305553656869 0.0)
#(0 140452 387 111.687 50.8592921784098 0.0)
#(0 140454 387 111.687 49.534880952381 0.0)
#(0 140456 387 111.687 53.0824567099567 0.0)
#(0 140457 387 111.687 49.4640426215464 0.0)
#(0 140458 387 111.687 49.4075371713742 0.0)
#(0 140459 387 111.687 49.2337155628535 0.0)
#(0 140460 387 111.687 48.563902134954 0.0)
#(0 140462 387 111.687 52.7053571428571 0.0)
#(0 140463 387 111.687 48.3007257155736 0.0)
#(0 141211 387 111.687 50.8592921784098 0.0)
#(0 141213 387 111.687 48.6163770913771 0.0)
#(0 141216 387 111.703 48.1962562656642 0.0)
#(0 141217 387 111.703 48.3987046939988 0.0)
#(0 141218 387 111.703 48.3078188860122 0.0)
#(0 141219 387 111.703 48.4848076566555 0.0)
#(0 141220 387 111.703 49.1067647058824 0.0)
#(0 141221 387 111.703 49.4651217322729 0.0)
#(0 141222 387 111.703 51.3684459203425 0.0)
#(0 141223 387 111.703 56.6444444444444 0.0)
#(0 141224 387 111.703 53.3173578016187 0.0)
#(0 141225 387 111.703 48.104037815126 0.0)
#(0 141226 387 111.703 48.8384872609331 0.0)
#(0 141227 387 111.703 49.1960557462552 0.0)
#(0 141228 387 111.703 50.0769726352079 0.0)
#(0 141229 387 111.703 49.3477102718482 0.0)
#(0 141230 387 111.703 48.0362733976177 0.0)
#(0 440 388 111.703 49.076231929317 0.0)
#(0 827 388 111.703 47.485146899669 0.0)
#(0 830 388 111.703 52.1843019005848 0.0)
#(0 1203 388 111.703 48.887407773386 0.0)
#(0 1209 388 111.703 49.934812147914 0.0)
#(0 1212 388 111.703 49.934812147914 0.0)
#(0 1213 388 111.703 52.1116591478697 0.0)
#(0 1521 388 111.703 49.4019625535755 0.0)
#(0 1817 388 111.703 51.1208610400682 0.0)
#(0 2108 388 111.703 51.2576301865776 0.0)
#(0 2674 388 111.703 46.8795771906778 0.0)
#(0 2675 388 111.718 48.1845758125722 0.0)
#(0 2677 388 111.718 45.8269590643275 0.0)
#(0 2681 388 111.718 63.4222222222222 0.0)
#(0 2683 388 111.718 47.4922003284072 0.0)
#(0 2941 388 111.718 48.887407773386 0.0)
#(0 2942 388 111.718 53.0 0.0)
#(0 3197 388 111.718 45.8269590643275 0.0)
#(0 3200 388 111.718 50.9515482254022 0.0)
#(0 3203 388 111.718 48.887407773386 0.0)
#(0 3204 388 111.718 50.5287712234016 0.0)
#(0 3981 388 111.718 48.1845758125722 0.0)
#(0 3982 388 111.718 51.8607372911003 0.0)
#(0 3986 388 111.718 52.5433333333333 0.0)
#(0 3988 388 111.718 46.7044994840041 0.0)
#(0 3990 388 111.718 54.4416666666667 0.0)
#(0 137765 388 111.718 48.1962562656642 0.0)
#(0 137766 388 111.718 49.5125276676709 0.0)
#(0 137768 388 111.718 51.5610994178235 0.0)
#(0 137769 388 111.718 49.7305553656869 0.0)
#(0 137770 388 111.718 52.6047629619956 0.0)
#(0 137771 388 111.718 48.6163770913771 0.0)
#(0 137776 388 111.718 50.2746243782813 0.0)
#(0 137777 388 111.718 53.1862878787879 0.0)
#(0 138137 388 111.718 49.5125276676709 0.0)
#(0 138138 388 111.718 53.0824567099567 0.0)
#(0 138140 388 111.718 49.7305553656869 0.0)
#(0 138143 388 111.718 49.7827272727273 0.0)
#(0 138146 388 111.718 51.3684459203425 0.0)
#(0 138148 388 111.718 53.1862878787879 0.0)
#(0 138474 388 111.718 54.0051347117795 0.0)
#(0 138478 388 111.718 49.9036538461539 0.0)
#(0 138485 388 111.718 49.4024739134421 0.0)
#(0 138487 388 111.718 52.6047629619956 0.0)
#(0 138488 388 111.718 48.8384872609331 0.0)
#(0 138769 388 111.718 49.429678858723 0.0)
#(0 138784 388 111.718 49.0356211635785 0.0)
#(0 138785 388 111.718 53.1455128205128 0.0)
#(0 138786 388 111.718 51.3349470899471 0.0)
#(0 138787 388 111.734 49.1067647058824 0.0)
#(0 138788 388 111.734 49.8037218337218 0.0)
#(0 139112 388 111.734 49.0356211635785 0.0)
#(0 139115 388 111.734 49.5125276676709 0.0)
#(0 139116 388 111.734 50.2199947478992 0.0)
#(0 139117 388 111.734 52.5033868092692 0.0)
#(0 139386 388 111.734 49.8352678571429 0.0)
#(0 139389 388 111.734 53.1455128205128 0.0)
#(0 139391 388 111.734 48.3201171759995 0.0)
#(0 139396 388 111.734 53.8899507389163 0.0)
#(0 139401 388 111.734 49.3694117647059 0.0)
#(0 139672 388 111.734 49.9036538461539 0.0)
#(0 139673 388 111.734 51.9733333333333 0.0)
#(0 139674 388 111.734 50.8570109582942 0.0)
#(0 139936 388 111.734 50.4840722387989 0.0)
#(0 139941 388 111.734 53.1862878787879 0.0)
#(0 139942 388 111.734 49.2202888519749 0.0)
#(0 139944 388 111.734 61.0555555555556 0.0)
#(0 139946 388 111.734 52.7053571428571 0.0)
#(0 140205 388 111.734 -1 0.0)
#(0 140455 388 111.734 50.8592921784098 0.0)
#(0 140464 388 111.734 50.2199947478992 0.0)
#(0 140467 388 111.734 51.1450161231601 0.0)
#(0 140468 388 111.734 49.8529733817302 0.0)
#(0 141231 388 111.734 50.3224242424242 0.0)
#(0 141232 388 111.734 49.6573498139288 0.0)
#(0 141233 388 111.734 52.4647435897436 0.0)
#(0 141235 388 111.734 49.3032454984629 0.0)
#(0 141236 388 111.734 49.4640426215464 0.0)
#(0 141237 388 111.734 50.9311632456773 0.0)
#(0 141238 388 111.734 49.089111532146 0.0)
#(0 141240 388 111.734 49.8037218337218 0.0)
#(0 444 389 111.734 47.6190450237765 0.0)
#(0 446 389 111.734 49.2321428571429 0.0)
#(0 448 389 111.734 48.9468390804598 0.0)
#(0 450 389 111.75 51.8607372911003 0.0)
#(0 452 389 111.75 48.7889243053543 0.0)
#(0 456 389 111.75 50.7679022988506 0.0)
#(0 457 389 111.75 50.4916137566138 0.0)
#(0 458 389 111.75 50.7679022988506 0.0)
#(0 831 389 111.75 57.565 0.0)
#(0 837 389 111.75 49.076231929317 0.0)
#(0 839 389 111.75 47.4922003284072 0.0)
#(0 1224 389 111.75 49.6215649750882 0.0)
#(0 1228 389 111.75 52.3576479076479 0.0)
#(0 1229 389 111.75 46.8996971223058 0.0)
#(0 1233 389 111.75 47.4922003284072 0.0)
#(0 1527 389 111.75 48.7038421578422 0.0)
#(0 1529 389 111.75 48.411012145749 0.0)
#(0 2114 389 111.75 49.7776106359639 0.0)
#(0 2118 389 111.75 48.2759796550199 0.0)
#(0 2409 389 111.75 49.9796666666667 0.0)
#(0 2686 389 111.75 48.887407773386 0.0)
#(0 2949 389 111.75 49.8333333333333 0.0)
#(0 3206 389 111.75 48.2913105413105 0.0)
#(0 3209 389 111.75 48.9995578231293 0.0)
#(0 3211 389 111.75 61.2266666666667 0.0)
#(0 3993 389 111.75 48.887407773386 0.0)
#(0 3996 389 111.75 48.7038421578422 0.0)
#(0 3997 389 111.75 47.5283426097712 0.0)
#(0 3998 389 111.75 49.6215649750882 0.0)
#(0 3999 389 111.75 50.3201765116604 0.0)
#(0 137731 389 111.75 48.0514101570264 0.0)
#(0 137781 389 111.75 53.0824567099567 0.0)
#(0 137782 389 111.75 56.625 0.0)
#(0 137783 389 111.75 49.8352678571429 0.0)
#(0 137785 389 111.75 50.8570109582942 0.0)
#(0 137786 389 111.75 49.9045806395678 0.0)
#(0 137790 389 111.75 48.0514101570264 0.0)
#(0 137792 389 111.75 55.2276610644258 0.0)
#(0 138150 389 111.765 50.8592921784098 0.0)
#(0 138151 389 111.765 48.9698436246993 0.0)
#(0 138152 389 111.765 49.4075371713742 0.0)
#(0 138153 389 111.765 50.5919327731092 0.0)
#(0 138154 389 111.765 49.1577372919478 0.0)
#(0 138157 389 111.765 50.8570109582942 0.0)
#(0 138158 389 111.765 52.4647435897436 0.0)
#(0 138160 389 111.765 49.949908619749 0.0)
#(0 138469 389 111.765 49.3694117647059 0.0)
#(0 138494 389 111.765 53.8899507389163 0.0)
#(0 138495 389 111.765 48.19163003663 0.0)
#(0 138498 389 111.765 50.2199947478992 0.0)
#(0 138499 389 111.765 51.9733333333333 0.0)
#(0 138500 389 111.765 47.8295337995338 0.0)
#(0 138501 389 111.765 52.6133333333333 0.0)
#(0 138502 389 111.765 49.7305553656869 0.0)
#(0 138503 389 111.765 50.8540977443609 0.0)
#(0 138505 389 111.765 50.0596281625351 0.0)
#(0 138792 389 111.765 50.4840722387989 0.0)
#(0 138795 389 111.765 50.8540977443609 0.0)
#(0 138796 389 111.765 50.9045274705853 0.0)
#(0 138798 389 111.765 55.9166666666667 0.0)
#(0 138799 389 111.765 49.3032454984629 0.0)
#(0 138800 389 111.765 52.556746031746 0.0)
#(0 138801 389 111.765 49.6274730392157 0.0)
#(0 138805 389 111.765 49.5812296037296 0.0)
#(0 138806 389 111.765 50.7750514069264 0.0)
#(0 138807 389 111.765 48.7302447552448 0.0)
#(0 138809 389 111.765 49.8352678571429 0.0)
#(0 139121 389 111.765 50.9045274705853 0.0)
#(0 139124 389 111.765 52.6047629619956 0.0)
#(0 139125 389 111.765 49.089111532146 0.0)
#(0 139126 389 111.765 48.3121435492802 0.0)
#(0 139128 389 111.765 49.0356211635785 0.0)
#(0 139130 389 111.765 49.6573498139288 0.0)
#(0 139134 389 111.765 47.249534583064 0.0)
#(0 139404 389 111.765 48.6163770913771 0.0)
#(0 139405 389 111.781 49.4024739134421 0.0)
#(0 139408 389 111.781 53.5816666666667 0.0)
#(0 139680 389 111.781 55.9166666666667 0.0)
#(0 139940 389 111.781 51.5610994178235 0.0)
#(0 139947 389 111.781 54.0051347117795 0.0)
#(0 139950 389 111.781 50.5919327731092 0.0)
#(0 139951 389 111.781 51.8451461988304 0.0)
#(0 139953 389 111.781 50.2746243782813 0.0)
#(0 139954 389 111.781 50.4840722387989 0.0)
#(0 140217 389 111.781 51.9733333333333 0.0)
#(0 140469 389 111.781 48.3007257155736 0.0)
#(0 140470 389 111.781 50.7750514069264 0.0)
#(0 140471 389 111.781 49.2337155628535 0.0)
#(0 140474 389 111.781 51.9739244053438 0.0)
#(0 140476 389 111.781 48.104037815126 0.0)
#(0 140477 389 111.781 49.786887254902 0.0)
#(0 140478 389 111.781 48.3208291708292 0.0)
#(0 140731 389 111.781 49.2623571708354 0.0)
#(0 141234 389 111.781 50.3224242424242 0.0)
#(0 141239 389 111.781 52.4647435897436 0.0)
#(0 141241 389 111.781 48.0514101570264 0.0)
#(0 141242 389 111.781 48.3121435492802 0.0)
#(0 141243 389 111.781 52.6047629619956 0.0)
#(0 141244 389 111.781 50.5919327731092 0.0)
#(0 141245 389 111.781 40.3018067226891 0.0)
#(0 102 390 111.781 49.6748917748918 0.0)
#(0 106 390 111.781 53.2755555555555 0.0)
#(0 462 390 111.781 49.8333333333333 0.0)
#(0 466 390 111.781 48.1845758125722 0.0)
#(0 841 390 111.781 44.0 0.0)
#(0 846 390 111.781 47.5283426097712 0.0)
#(0 848 390 111.781 51.8607372911003 0.0)
#(0 1241 390 111.781 50.7679022988506 0.0)
#(0 1539 390 111.781 52.1843019005848 0.0)
#(0 1545 390 111.781 47.4032738095238 0.0)
#(0 1547 390 111.797 48.7038421578422 0.0)
#(0 1839 390 111.797 48.9995578231293 0.0)
#(0 1842 390 111.797 46.8996971223058 0.0)
#(0 2119 390 111.797 46.5542496998799 0.0)
#(0 2121 390 111.797 50.4916137566138 0.0)
#(0 2122 390 111.797 47.4922003284072 0.0)
#(0 2130 390 111.797 51.2576301865776 0.0)
#(0 2411 390 111.797 50.3612002567394 0.0)
#(0 2685 390 111.797 49.1352744039586 0.0)
#(0 2689 390 111.797 49.11822611175 0.0)
#(0 2693 390 111.797 49.6748917748918 0.0)
#(0 2695 390 111.797 66.6666666666667 0.0)
#(0 2697 390 111.797 48.1845758125722 0.0)
#(0 2968 390 111.797 48.6550921658986 0.0)
#(0 3213 390 111.797 53.0005952380952 0.0)
#(0 3215 390 111.797 46.4563192534181 0.0)
#(0 3216 390 111.797 50.7127083333333 0.0)
#(0 4001 390 111.797 48.7889243053543 0.0)
#(0 4002 390 111.797 48.1845758125722 0.0)
#(0 4004 390 111.797 47.4922003284072 0.0)
#(0 4005 390 111.797 50.1309385485828 0.0)
#(0 4007 390 111.797 47.4032738095238 0.0)
#(0 137373 390 111.797 47.2379935432925 0.0)
#(0 137375 390 111.797 51.7109307359307 0.0)
#(0 137376 390 111.797 50.0596281625351 0.0)
#(0 137378 390 111.797 48.3007257155736 0.0)
#(0 137379 390 111.797 51.386454203691 0.0)
#(0 137380 390 111.797 49.3694117647059 0.0)
#(0 137382 390 111.797 50.9045274705853 0.0)
#(0 137795 390 111.797 52.6047629619956 0.0)
#(0 137800 390 111.797 48.7302447552448 0.0)
#(0 137802 390 111.797 55.0866787439614 0.0)
#(0 138163 390 111.812 51.5610994178235 0.0)
#(0 138169 390 111.812 49.2624936996742 0.0)
#(0 138496 390 111.812 51.0466998415528 0.0)
#(0 138507 390 111.812 52.3096955128205 0.0)
#(0 138508 390 111.812 51.9861963036963 0.0)
#(0 138515 390 111.812 49.6274730392157 0.0)
#(0 138517 390 111.812 48.3430928853755 0.0)
#(0 138519 390 111.812 49.8529733817302 0.0)
#(0 138804 390 111.812 48.4934040470626 0.0)
#(0 138812 390 111.812 49.1960557462552 0.0)
#(0 138813 390 111.812 50.5471054220697 0.0)
#(0 138815 390 111.812 53.7582245205775 0.0)
#(0 139137 390 111.812 52.8217987497479 0.0)
#(0 139139 390 111.812 48.3046364568265 0.0)
#(0 139410 390 111.812 50.9311632456773 0.0)
#(0 139411 390 111.812 50.2199947478992 0.0)
#(0 139412 390 111.812 50.7750514069264 0.0)
#(0 139413 390 111.812 51.8451461988304 0.0)
#(0 139415 390 111.812 49.3694117647059 0.0)
#(0 139418 390 111.812 50.2746243782813 0.0)
#(0 139422 390 111.812 52.5033868092692 0.0)
#(0 139676 390 111.812 50.8570109582942 0.0)
#(0 139681 390 111.812 49.2624936996742 0.0)
#(0 139686 390 111.812 51.3684459203425 0.0)
#(0 139688 390 111.812 49.1577372919478 0.0)
#(0 139691 390 111.812 48.1962562656642 0.0)
#(0 139955 390 111.812 50.9045274705853 0.0)
#(0 139956 390 111.812 48.6606302521008 0.0)
#(0 139957 390 111.828 49.4024739134421 0.0)
#(0 139958 390 111.828 48.3987046939988 0.0)
#(0 139959 390 111.828 51.2133149596965 0.0)
#(0 139961 390 111.828 53.1862878787879 0.0)
#(0 139963 390 111.828 48.104037815126 0.0)
#(0 140224 390 111.828 53.0722077922078 0.0)
#(0 140479 390 111.828 48.104037815126 0.0)
#(0 140480 390 111.828 50.8543107769423 0.0)
#(0 140481 390 111.828 53.5294254658385 0.0)
#(0 140482 390 111.828 49.4075371713742 0.0)
#(0 140483 390 111.828 50.2199947478992 0.0)
#(0 140484 390 111.828 51.2630952380952 0.0)
#(0 140485 390 111.828 52.8217987497479 0.0)
#(0 140486 390 111.828 48.0514101570264 0.0)
#(0 140489 390 111.828 47.249534583064 0.0)
#(0 141246 390 111.828 48.0514101570264 0.0)
#(0 141247 390 111.828 49.534880952381 0.0)
#(0 141248 390 111.828 55.0866787439614 0.0)
#(0 141249 390 111.828 50.8540977443609 0.0)
#(0 141250 390 111.828 51.3684459203425 0.0)
#(0 141251 390 111.828 49.3694117647059 0.0)
#(0 141252 390 111.828 49.5125276676709 0.0)
#(0 141253 390 111.828 49.1960557462552 0.0)
#(0 141254 390 111.828 49.0677217553688 0.0)
#(0 141255 390 111.828 59.057619047619 0.0)
#(0 141256 390 111.828 49.9036538461539 0.0)
#(0 141257 390 111.828 51.054944037444 0.0)
#(0 112 391 111.828 47.6190450237765 0.0)
#(0 117 391 111.828 50.5213466925232 0.0)
#(0 120 391 111.843 66.6666666666667 0.0)
#(0 121 391 111.843 49.1352744039586 0.0)
#(0 472 391 111.843 48.411012145749 0.0)
#(0 475 391 111.843 52.1843019005848 0.0)
#(0 479 391 111.843 49.934812147914 0.0)
#(0 485 391 111.843 50.5526004527448 0.0)
#(0 861 391 111.843 47.4922003284072 0.0)
#(0 1257 391 111.843 52.1843019005848 0.0)
#(0 1259 391 111.843 46.4563192534181 0.0)
#(0 1551 391 111.843 48.1845758125722 0.0)
#(0 1552 391 111.843 48.2759796550199 0.0)
#(0 1553 391 111.843 50.5213466925232 0.0)
#(0 1556 391 111.843 48.9995578231293 0.0)
#(0 2134 391 111.843 50.3201765116604 0.0)
#(0 2138 391 111.843 49.7776106359639 0.0)
#(0 2143 391 111.843 48.1845758125722 0.0)
#(0 2144 391 111.843 48.7038421578422 0.0)
#(0 2145 391 111.843 50.6216756272401 0.0)
#(0 2146 391 111.843 48.8306635419539 0.0)
#(0 2421 391 111.843 50.7127083333333 0.0)
#(0 2425 391 111.843 53.8811764705882 0.0)
#(0 2700 391 111.843 52.3576479076479 0.0)
#(0 2701 391 111.843 50.3874945103206 0.0)
#(0 2703 391 111.843 48.9995578231293 0.0)
#(0 2704 391 111.843 51.0694402798601 0.0)
#(0 3222 391 111.843 50.3201765116604 0.0)
#(0 3225 391 111.843 50.5287712234016 0.0)
#(0 3226 391 111.843 48.887407773386 0.0)
#(0 4015 391 111.843 51.0694402798601 0.0)
#(0 4016 391 111.843 47.5283426097712 0.0)
#(0 4017 391 111.843 49.7776106359639 0.0)
#(0 137384 391 111.843 49.9036538461539 0.0)
#(0 137385 391 111.843 49.3477102718482 0.0)
#(0 137387 391 111.843 51.1450161231601 0.0)
#(0 137389 391 111.859 50.0769726352079 0.0)
#(0 137390 391 111.859 50.5170759675107 0.0)
#(0 137774 391 111.859 49.2624936996742 0.0)
#(0 137806 391 111.859 51.0466998415528 0.0)
#(0 137809 391 111.859 52.4967857142857 0.0)
#(0 137811 391 111.859 49.8562731829574 0.0)
#(0 138171 391 111.859 47.7534687832647 0.0)
#(0 138175 391 111.859 49.1348176259751 0.0)
#(0 138506 391 111.859 49.1067647058824 0.0)
#(0 138514 391 111.859 50.8540977443609 0.0)
#(0 138520 391 111.859 48.104037815126 0.0)
#(0 138522 391 111.859 50.2199947478992 0.0)
#(0 138524 391 111.859 48.3007257155736 0.0)
#(0 138818 391 111.859 52.6079657477026 0.0)
#(0 138820 391 111.859 51.054944037444 0.0)
#(0 138823 391 111.859 49.1960557462552 0.0)
#(0 138824 391 111.875 50.5170759675107 0.0)
#(0 138825 391 111.875 50.7002685906378 0.0)
#(0 138826 391 111.875 50.7750514069264 0.0)
#(0 138827 391 111.875 54.0430765639589 0.0)
#(0 138830 391 111.875 47.249534583064 0.0)
#(0 139148 391 111.875 49.534880952381 0.0)
#(0 139423 391 111.875 51.1450161231601 0.0)
#(0 139425 391 111.875 56.1416666666667 0.0)
#(0 139427 391 111.875 50.9045274705853 0.0)
#(0 139428 391 111.875 53.2 0.0)
#(0 139431 391 111.875 50.9311632456773 0.0)
#(0 139433 391 111.875 49.8562731829574 0.0)
#(0 139684 391 111.875 50.8570109582942 0.0)
#(0 139694 391 111.875 48.3987046939988 0.0)
#(0 139696 391 111.875 52.4967857142857 0.0)
#(0 139967 391 111.875 49.2337155628535 0.0)
#(0 139970 391 111.875 49.534880952381 0.0)
#(0 139972 391 111.875 49.0356211635785 0.0)
#(0 140233 391 111.875 47.242801242236 0.0)
#(0 140235 391 111.875 49.0356211635785 0.0)
#(0 140491 391 111.875 49.6274730392157 0.0)
#(0 140492 391 111.875 49.786887254902 0.0)
#(0 140493 391 111.875 50.3224242424242 0.0)
#(0 140495 391 111.875 48.3987046939988 0.0)
#(0 141258 391 111.875 47.9848141923436 0.0)
#(0 141259 391 111.875 54.0430765639589 0.0)
#(0 141260 391 111.875 47.249534583064 0.0)
#(0 141261 391 111.875 53.5816666666667 0.0)
#(0 141263 391 111.875 50.5170759675107 0.0)
#(0 141264 391 111.875 50.9045274705853 0.0)
#(0 141265 391 111.875 49.5812296037296 0.0)
#(0 122 392 111.89 50.7331668331668 0.0)
#(0 123 392 111.89 47.485146899669 0.0)
#(0 124 392 111.89 53.6066666666667 0.0)
#(0 125 392 111.89 47.485146899669 0.0)
#(0 129 392 111.89 54.8802255639098 0.0)
#(0 133 392 111.89 48.8306635419539 0.0)
#(0 495 392 111.89 51.0694402798601 0.0)
#(0 500 392 111.89 48.1845758125722 0.0)
#(0 873 392 111.89 53.8811764705882 0.0)
#(0 874 392 111.89 48.9995578231293 0.0)
#(0 876 392 111.89 52.1843019005848 0.0)
#(0 877 392 111.89 50.3874945103206 0.0)
#(0 880 392 111.89 51.9681468531469 0.0)
#(0 1264 392 111.89 50.0494444444444 0.0)
#(0 1268 392 111.89 50.7127083333333 0.0)
#(0 1558 392 111.89 49.0611904761905 0.0)
#(0 1560 392 111.89 50.7331668331668 0.0)
#(0 1566 392 111.89 47.5283426097712 0.0)
#(0 1569 392 111.89 51.0694402798601 0.0)
#(0 2153 392 111.89 49.6215649750882 0.0)
#(0 2155 392 111.89 57.5 0.0)
#(0 2156 392 111.89 48.7889243053543 0.0)
#(0 2433 392 111.89 56.12 0.0)
#(0 2702 392 111.89 49.6748917748918 0.0)
#(0 2705 392 111.89 48.9995578231293 0.0)
#(0 2709 392 111.89 48.7038421578422 0.0)
#(0 2710 392 111.89 48.8306635419539 0.0)
#(0 2978 392 111.89 48.8306635419539 0.0)
#(0 3230 392 111.89 52.6945616883117 0.0)
#(0 3232 392 111.89 50.4916137566138 0.0)
#(0 3234 392 111.89 53.9881642512077 0.0)
#(0 3235 392 111.89 50.7679022988506 0.0)
#(0 4018 392 111.89 47.5283426097712 0.0)
#(0 4020 392 111.89 46.8996971223058 0.0)
#(0 4021 392 111.89 50.7679022988506 0.0)
#(0 4022 392 111.89 52.4333333333333 0.0)
#(0 137391 392 111.89 50.0596281625351 0.0)
#(0 137398 392 111.89 51.3684459203425 0.0)
#(0 137401 392 111.906 47.242801242236 0.0)
#(0 137404 392 111.906 54.0430765639589 0.0)
#(0 137808 392 111.906 49.949908619749 0.0)
#(0 137819 392 111.906 51.5610994178235 0.0)
#(0 137821 392 111.906 49.5812296037296 0.0)
#(0 137822 392 111.906 49.1577372919478 0.0)
#(0 138184 392 111.906 51.0735116563024 0.0)
#(0 138189 392 111.906 49.4075371713742 0.0)
#(0 138528 392 111.906 48.3201171759995 0.0)
#(0 138533 392 111.906 49.3477102718482 0.0)
#(0 138534 392 111.906 52.8217987497479 0.0)
#(0 138536 392 111.906 50.2199947478992 0.0)
#(0 138537 392 111.906 49.429678858723 0.0)
#(0 138831 392 111.906 51.054944037444 0.0)
#(0 138837 392 111.906 48.8384872609331 0.0)
#(0 138838 392 111.906 53.3173578016187 0.0)
#(0 138842 392 111.906 45.2423076923077 0.0)
#(0 138843 392 111.906 48.3208291708292 0.0)
#(0 138844 392 111.906 49.2337155628535 0.0)
#(0 138845 392 111.906 49.534880952381 0.0)
#(0 138847 392 111.906 49.2624936996742 0.0)
#(0 138850 392 111.906 49.3032454984629 0.0)
#(0 139153 392 111.906 50.9311632456773 0.0)
#(0 139434 392 111.906 50.5170759675107 0.0)
#(0 139435 392 111.906 49.0356211635785 0.0)
#(0 139701 392 111.906 51.8451461988304 0.0)
#(0 139704 392 111.922 51.8451461988304 0.0)
#(0 139705 392 111.922 48.7302447552448 0.0)
#(0 139708 392 111.922 54.9535353535354 0.0)
#(0 139710 392 111.922 47.2379935432925 0.0)
#(0 139971 392 111.922 49.534880952381 0.0)
#(0 139975 392 111.922 52.7053571428571 0.0)
#(0 139976 392 111.922 49.1349437519003 0.0)
#(0 139977 392 111.922 48.3430928853755 0.0)
#(0 139978 392 111.922 51.386454203691 0.0)
#(0 139979 392 111.922 51.0466998415528 0.0)
#(0 139980 392 111.922 54.0430765639589 0.0)
#(0 140241 392 111.922 49.4651217322729 0.0)
#(0 140487 392 111.922 48.104037815126 0.0)
#(0 140496 392 111.922 51.1450161231601 0.0)
#(0 140497 392 111.922 49.0677217553688 0.0)
#(0 140498 392 111.922 56.6444444444444 0.0)
#(0 140499 392 111.922 51.0735116563024 0.0)
#(0 140500 392 111.922 48.1962562656642 0.0)
#(0 140502 392 111.922 51.6353840669135 0.0)
#(0 140504 392 111.922 48.563902134954 0.0)
#(0 140505 392 111.922 52.8864766081871 0.0)
#(0 140506 392 111.922 50.5471054220697 0.0)
#(0 140509 392 111.922 49.5125276676709 0.0)
#(0 140511 392 111.922 47.242801242236 0.0)
#(0 141262 392 111.922 49.3694117647059 0.0)
#(0 141266 392 111.922 50.0769726352079 0.0)
#(0 141267 392 111.922 49.0677217553688 0.0)
#(0 141268 392 111.922 50.916433747412 0.0)
#(0 141269 392 111.922 51.4419883040936 0.0)
#(0 141270 392 111.922 49.8352678571429 0.0)
#(0 141271 392 111.922 50.8543107769423 0.0)
#(0 141272 392 111.922 49.2202888519749 0.0)
#(0 141273 392 111.922 49.2337155628535 0.0)
#(0 137 393 111.922 48.2913105413105 0.0)
#(0 140 393 111.937 53.0005952380952 0.0)
#(0 141 393 111.937 48.7889243053543 0.0)
#(0 503 393 111.937 50.3612002567394 0.0)
#(0 506 393 111.937 49.3691666666667 0.0)
#(0 514 393 111.937 54.8802255639098 0.0)
#(0 883 393 111.937 47.4922003284072 0.0)
#(0 1262 393 111.937 47.5283426097712 0.0)
#(0 1269 393 111.937 48.9995578231293 0.0)
#(0 1562 393 111.937 52.1843019005848 0.0)
#(0 1563 393 111.937 49.2321428571429 0.0)
#(0 1570 393 111.937 46.8996971223058 0.0)
#(0 1862 393 111.937 49.934812147914 0.0)
#(0 2166 393 111.937 49.1352744039586 0.0)
#(0 2424 393 111.937 50.7127083333333 0.0)
#(0 2714 393 111.937 52.1843019005848 0.0)
#(0 2988 393 111.937 51.2576301865776 0.0)
#(0 3237 393 111.937 53.2755555555555 0.0)
#(0 3241 393 111.937 51.2576301865776 0.0)
#(0 3243 393 111.937 48.8306635419539 0.0)
#(0 3246 393 111.937 50.3612002567394 0.0)
#(0 4032 393 111.937 49.076231929317 0.0)
#(0 4035 393 111.937 47.485146899669 0.0)
#(0 137400 393 111.937 54.595872297637 0.0)
#(0 137410 393 111.937 50.2746243782813 0.0)
#(0 137413 393 111.937 53.6901098901099 0.0)
#(0 137415 393 111.937 52.6047629619956 0.0)
#(0 137419 393 111.937 51.1450161231601 0.0)
#(0 137420 393 111.937 48.8187850140056 0.0)
#(0 137826 393 111.937 50.8592921784098 0.0)
#(0 137827 393 111.937 48.6606302521008 0.0)
#(0 137828 393 111.937 49.2202888519749 0.0)
#(0 137833 393 111.937 55.2276610644258 0.0)
#(0 137834 393 111.937 49.9036538461539 0.0)
#(0 137835 393 111.937 49.1348176259751 0.0)
#(0 137836 393 111.953 48.6163770913771 0.0)
#(0 137837 393 111.953 49.7305553656869 0.0)
#(0 137839 393 111.953 54.0430765639589 0.0)
#(0 138197 393 111.953 54.4761904761905 0.0)
#(0 138199 393 111.953 49.9036538461539 0.0)
#(0 138200 393 111.953 48.3987046939988 0.0)
#(0 138203 393 111.953 51.9739244053438 0.0)
#(0 138204 393 111.953 49.429678858723 0.0)
#(0 138205 393 111.953 48.4934040470626 0.0)
#(0 138544 393 111.953 55.0866787439614 0.0)
#(0 138545 393 111.953 49.5125276676709 0.0)
#(0 138546 393 111.953 51.9739244053438 0.0)
#(0 138552 393 111.953 52.77 0.0)
#(0 138833 393 111.953 51.054944037444 0.0)
#(0 138849 393 111.953 50.7002685906378 0.0)
#(0 138852 393 111.953 48.3987046939988 0.0)
#(0 138854 393 111.953 55.9166666666667 0.0)
#(0 138857 393 111.953 50.0451791686574 0.0)
#(0 138859 393 111.953 50.4840722387989 0.0)
#(0 139156 393 111.953 54.0051347117795 0.0)
#(0 139158 393 111.953 49.0677217553688 0.0)
#(0 139161 393 111.953 48.3085714285714 0.0)
#(0 139162 393 111.953 50.8540977443609 0.0)
#(0 139438 393 111.953 49.8562731829574 0.0)
#(0 139441 393 111.953 48.3430928853755 0.0)
#(0 139442 393 111.953 57.16 0.0)
#(0 139445 393 111.953 49.1349437519003 0.0)
#(0 139447 393 111.953 52.7053571428571 0.0)
#(0 139448 393 111.953 51.2133149596965 0.0)
#(0 139715 393 111.953 50.8543107769423 0.0)
#(0 139717 393 111.953 48.3987046939988 0.0)
#(0 139721 393 111.953 52.0785396825397 0.0)
#(0 139722 393 111.953 49.5812296037296 0.0)
#(0 139723 393 111.953 49.5918660287081 0.0)
#(0 139981 393 111.953 51.386454203691 0.0)
#(0 139983 393 111.953 49.4024739134421 0.0)
#(0 139985 393 111.953 49.4075371713742 0.0)
#(0 139987 393 111.953 47.2379935432925 0.0)
#(0 139988 393 111.968 52.4647435897436 0.0)
#(0 139989 393 111.968 56.4908333333333 0.0)
#(0 139990 393 111.968 47.7534687832647 0.0)
#(0 139992 393 111.968 59.057619047619 0.0)
#(0 139993 393 111.968 49.089111532146 0.0)
#(0 140252 393 111.968 54.0051347117795 0.0)
#(0 140254 393 111.968 47.7534687832647 0.0)
#(0 140257 393 111.968 48.1962562656642 0.0)
#(0 140488 393 111.968 48.104037815126 0.0)
#(0 140501 393 111.968 48.3987046939988 0.0)
#(0 140508 393 111.968 48.1962562656642 0.0)
#(0 140514 393 111.968 53.0824567099567 0.0)
#(0 140515 393 111.968 50.0451791686574 0.0)
#(0 140516 393 111.968 49.1348176259751 0.0)
#(0 140517 393 111.968 54.4761904761905 0.0)
#(0 140518 393 111.968 49.4024739134421 0.0)
#(0 140519 393 111.968 51.9739244053438 0.0)
#(0 141274 393 111.968 49.0677217553688 0.0)
#(0 141275 393 111.968 51.386454203691 0.0)
#(0 141276 393 111.968 47.7534687832647 0.0)
#(0 141277 393 111.968 49.0356211635785 0.0)
#(0 141278 393 111.968 49.429678858723 0.0)
#(0 141279 393 111.968 53.5294254658385 0.0)
#(0 141280 393 111.968 51.6353840669135 0.0)
#(0 141281 393 111.968 49.6274730392157 0.0)
#(0 141282 393 111.968 48.6163770913771 0.0)
#(0 141283 393 111.968 49.089111532146 0.0)
#(0 151 394 111.968 48.887407773386 0.0)
#(0 155 394 111.968 50.3612002567394 0.0)
#(0 498 394 111.968 50.7127083333333 0.0)
#(0 516 394 111.968 51.8607372911003 0.0)
#(0 519 394 111.968 46.8795771906778 0.0)
#(0 892 394 111.968 47.5283426097712 0.0)
#(0 901 394 111.984 46.4563192534181 0.0)
#(0 910 394 111.984 50.2375336673131 0.0)
#(0 1573 394 111.984 51.0694402798601 0.0)
#(0 1575 394 111.984 46.8795771906778 0.0)
#(0 1878 394 111.984 48.6550921658986 0.0)
#(0 2168 394 111.984 52.3844602977668 0.0)
#(0 2171 394 111.984 52.4927777777778 0.0)
#(0 2172 394 111.984 50.4916137566138 0.0)
#(0 2437 394 111.984 49.934812147914 0.0)
#(0 2447 394 111.984 50.7127083333333 0.0)
#(0 2449 394 111.984 51.2576301865776 0.0)
#(0 2450 394 111.984 50.9515482254022 0.0)
#(0 2451 394 111.984 48.7889243053543 0.0)
#(0 2722 394 111.984 49.9796666666667 0.0)
#(0 2726 394 111.984 47.4032738095238 0.0)
#(0 3005 394 111.984 54.8884615384615 0.0)
#(0 3250 394 111.984 48.9995578231293 0.0)
#(0 3253 394 111.984 50.7127083333333 0.0)
#(0 3254 394 111.984 50.1309385485828 0.0)
#(0 4037 394 111.984 46.4563192534181 0.0)
#(0 4038 394 111.984 50.5287712234016 0.0)
#(0 4045 394 111.984 46.8996971223058 0.0)
#(0 4046 394 111.984 53.2755555555555 0.0)
#(0 137403 394 111.984 49.949908619749 0.0)
#(0 137423 394 111.984 48.1962562656642 0.0)
#(0 137428 394 111.984 50.7002685906378 0.0)
#(0 137432 394 111.984 49.7827272727273 0.0)
#(0 137843 394 111.984 50.8570109582942 0.0)
#(0 137844 394 111.984 52.0785396825397 0.0)
#(0 137849 394 111.984 51.386454203691 0.0)
#(0 138209 394 111.984 50.3224242424242 0.0)
#(0 138212 394 111.984 49.786887254902 0.0)
#(0 138214 394 111.984 50.9311632456773 0.0)
#(0 138217 394 112.0 50.0596281625351 0.0)
#(0 138555 394 112.0 47.7534687832647 0.0)
#(0 138556 394 112.0 50.7750514069264 0.0)
#(0 138559 394 112.0 49.9045806395678 0.0)
#(0 138853 394 112.0 48.104037815126 0.0)
#(0 138858 394 112.0 48.3007257155736 0.0)
#(0 138860 394 112.0 50.8540977443609 0.0)
#(0 138864 394 112.0 49.534880952381 0.0)
#(0 138869 394 112.0 51.0735116563024 0.0)
#(0 139166 394 112.0 49.949908619749 0.0)
#(0 139451 394 112.0 49.0356211635785 0.0)
#(0 139462 394 112.0 57.25 0.0)
#(0 139463 394 112.0 49.1577372919478 0.0)
#(0 139994 394 112.0 56.6444444444444 0.0)
#(0 139996 394 112.0 48.8384872609331 0.0)
#(0 139999 394 112.0 51.2133149596965 0.0)
#(0 140000 394 112.0 49.5194527041586 0.0)
#(0 140001 394 112.0 48.3085714285714 0.0)
#(0 140002 394 112.0 52.7053571428571 0.0)
#(0 140004 394 112.0 49.0 0.0)
#(0 140005 394 112.0 50.2199947478992 0.0)
#(0 140006 394 112.015 52.6047629619956 0.0)
#(0 140007 394 112.015 49.5125276676709 0.0)
#(0 140009 394 112.015 49.534880952381 0.0)
#(0 140260 394 112.015 59.057619047619 0.0)
#(0 140261 394 112.015 58.3 0.0)
#(0 140494 394 112.015 48.104037815126 0.0)
#(0 140507 394 112.015 50.5471054220697 0.0)
#(0 140520 394 112.015 50.3224242424242 0.0)
#(0 140521 394 112.015 49.8352678571429 0.0)
#(0 140522 394 112.015 51.054944037444 0.0)
#(0 141284 394 112.015 48.3046364568265 0.0)
#(0 141285 394 112.015 50.7002685906378 0.0)
#(0 141286 394 112.015 49.534880952381 0.0)
#(0 141287 394 112.015 52.8864766081871 0.0)
#(0 141288 394 112.015 50.2199947478992 0.0)
#(0 141289 394 112.015 49.1348176259751 0.0)
#(0 141290 394 112.015 48.3007257155736 0.0)
#(0 141291 394 112.015 48.0362733976177 0.0)
#(0 141292 394 112.015 52.0785396825397 0.0)
#(0 141293 394 112.015 49.2623571708354 0.0)
#(0 141294 394 112.015 49.2202888519749 0.0)
#(0 141295 394 112.015 48.4934040470626 0.0)
#(0 141296 394 112.015 50.5471054220697 0.0)
#(0 524 395 112.015 50.5287712234016 0.0)
#(0 525 395 112.015 52.1843019005848 0.0)
#(0 526 395 112.015 51.95 0.0)
#(0 527 395 112.015 51.2576301865776 0.0)
#(0 531 395 112.015 50.3612002567394 0.0)
#(0 917 395 112.015 46.5542496998799 0.0)
#(0 1293 395 112.015 47.4032738095238 0.0)
#(0 1585 395 112.015 49.1352744039586 0.0)
#(0 1586 395 112.015 52.3576479076479 0.0)
#(0 1589 395 112.015 54.8884615384615 0.0)
#(0 1885 395 112.015 48.411012145749 0.0)
#(0 2177 395 112.031 48.2913105413105 0.0)
#(0 2179 395 112.031 49.2321428571429 0.0)
#(0 2183 395 112.031 48.7889243053543 0.0)
#(0 2454 395 112.031 49.9796666666667 0.0)
#(0 2457 395 112.031 47.5283426097712 0.0)
#(0 2460 395 112.031 49.7776106359639 0.0)
#(0 2728 395 112.031 46.4563192534181 0.0)
#(0 2729 395 112.031 51.9681468531469 0.0)
#(0 2731 395 112.031 49.6748917748918 0.0)
#(0 2733 395 112.031 50.3874945103206 0.0)
#(0 3256 395 112.031 54.4416666666667 0.0)
#(0 3258 395 112.031 49.3691666666667 0.0)
#(0 3260 395 112.031 49.6215649750882 0.0)
#(0 3262 395 112.031 45.8269590643275 0.0)
#(0 3523 395 112.031 52.4333333333333 0.0)
#(0 3526 395 112.031 48.9468390804598 0.0)
#(0 4049 395 112.031 46.4563192534181 0.0)
#(0 4050 395 112.031 50.5287712234016 0.0)
#(0 4051 395 112.031 53.4342803030303 0.0)
#(0 4052 395 112.031 50.1309385485828 0.0)
#(0 4053 395 112.031 52.1843019005848 0.0)
#(0 4054 395 112.031 48.2913105413105 0.0)
#(0 137440 395 112.031 49.7827272727273 0.0)
#(0 137443 395 112.031 51.054944037444 0.0)
#(0 137444 395 112.031 49.0677217553688 0.0)
#(0 137445 395 112.031 50.7002685906378 0.0)
#(0 137446 395 112.031 45.2423076923077 0.0)
#(0 137449 395 112.031 53.0722077922078 0.0)
#(0 137840 395 112.031 46.6750952875953 0.0)
#(0 137856 395 112.031 54.9535353535354 0.0)
#(0 137861 395 112.031 48.4934040470626 0.0)
#(0 138219 395 112.031 49.9036538461539 0.0)
#(0 138220 395 112.031 48.3987046939988 0.0)
#(0 138222 395 112.031 49.3694117647059 0.0)
#(0 138224 395 112.047 53.3173578016187 0.0)
#(0 138229 395 112.047 50.2199947478992 0.0)
#(0 138560 395 112.047 53.1455128205128 0.0)
#(0 138562 395 112.047 49.534880952381 0.0)
#(0 138563 395 112.047 52.6047629619956 0.0)
#(0 138565 395 112.047 51.0735116563024 0.0)
#(0 138566 395 112.047 49.1067647058824 0.0)
#(0 138567 395 112.047 48.3007257155736 0.0)
#(0 138568 395 112.047 49.0677217553688 0.0)
#(0 138570 395 112.047 55.2276610644258 0.0)
#(0 138863 395 112.047 50.0451791686574 0.0)
#(0 138870 395 112.047 48.4934040470626 0.0)
#(0 138873 395 112.047 59.057619047619 0.0)
#(0 138876 395 112.047 49.6573498139288 0.0)
#(0 139172 395 112.047 49.1348176259751 0.0)
#(0 139457 395 112.047 49.1349437519003 0.0)
#(0 139464 395 112.047 49.089111532146 0.0)
#(0 139466 395 112.047 48.0362733976177 0.0)
#(0 139467 395 112.047 49.2623571708354 0.0)
#(0 139468 395 112.047 50.9045274705853 0.0)
#(0 139469 395 112.047 49.3694117647059 0.0)
#(0 139470 395 112.047 48.3085714285714 0.0)
#(0 139472 395 112.047 48.6606302521008 0.0)
#(0 139724 395 112.047 49.5812296037296 0.0)
#(0 140003 395 112.047 47.2379935432925 0.0)
#(0 140011 395 112.047 48.3046364568265 0.0)
#(0 140012 395 112.047 53.7582245205775 0.0)
#(0 140013 395 112.047 48.3201171759995 0.0)
#(0 140014 395 112.047 47.8533982202447 0.0)
#(0 140265 395 112.047 52.77 0.0)
#(0 140269 395 112.047 48.0514101570264 0.0)
#(0 140271 395 112.047 48.1962562656642 0.0)
#(0 140524 395 112.047 48.3121435492802 0.0)
#(0 140525 395 112.047 51.5610994178235 0.0)
#(0 140526 395 112.062 49.8562731829574 0.0)
#(0 140527 395 112.062 49.429678858723 0.0)
#(0 140528 395 112.062 49.1960557462552 0.0)
#(0 140530 395 112.062 49.089111532146 0.0)
#(0 140531 395 112.062 48.4848076566555 0.0)
#(0 140532 395 112.062 49.5918660287081 0.0)
#(0 141298 395 112.062 49.5194527041586 0.0)
#(0 141299 395 112.062 53.8021428571429 0.0)
#(0 141300 395 112.062 48.563902134954 0.0)
#(0 141301 395 112.062 49.0677217553688 0.0)
#(0 141302 395 112.062 47.8295337995338 0.0)
#(0 141303 395 112.062 49.1067647058824 0.0)
#(0 181 396 112.062 46.4563192534181 0.0)
#(0 515 396 112.062 50.7127083333333 0.0)
#(0 538 396 112.062 48.2759796550199 0.0)
#(0 925 396 112.062 49.4019625535755 0.0)
#(0 926 396 112.062 48.887407773386 0.0)
#(0 932 396 112.062 52.3576479076479 0.0)
#(0 1300 396 112.062 47.485146899669 0.0)
#(0 1597 396 112.062 50.6216756272401 0.0)
#(0 1598 396 112.062 49.6215649750882 0.0)
#(0 1890 396 112.062 49.6748917748918 0.0)
#(0 2739 396 112.062 50.3201765116604 0.0)
#(0 3263 396 112.062 49.11822611175 0.0)
#(0 3267 396 112.062 48.7038421578422 0.0)
#(0 4056 396 112.062 49.9796666666667 0.0)
#(0 4058 396 112.062 52.6945616883117 0.0)
#(0 4059 396 112.062 47.5283426097712 0.0)
#(0 4061 396 112.062 46.7044994840041 0.0)
#(0 4062 396 112.062 50.7331668331668 0.0)
#(0 137450 396 112.062 52.77 0.0)
#(0 137455 396 112.062 50.9045274705853 0.0)
#(0 137459 396 112.078 50.9311632456773 0.0)
#(0 137867 396 112.078 51.3349470899471 0.0)
#(0 137868 396 112.078 51.7109307359307 0.0)
#(0 137871 396 112.078 48.4934040470626 0.0)
#(0 137873 396 112.078 50.9311632456773 0.0)
#(0 137874 396 112.078 47.242801242236 0.0)
#(0 137877 396 112.078 51.3684459203425 0.0)
#(0 137878 396 112.078 51.386454203691 0.0)
#(0 137881 396 112.078 49.786887254902 0.0)
#(0 137882 396 112.078 53.0824567099567 0.0)
#(0 138230 396 112.078 49.5125276676709 0.0)
#(0 138233 396 112.078 49.9045806395678 0.0)
#(0 138235 396 112.078 47.2379935432925 0.0)
#(0 138236 396 112.078 52.5033868092692 0.0)
#(0 138241 396 112.078 50.0451791686574 0.0)
#(0 138242 396 112.078 51.2133149596965 0.0)
#(0 138575 396 112.078 50.7750514069264 0.0)
#(0 138576 396 112.078 48.3987046939988 0.0)
#(0 138882 396 112.078 49.1349437519003 0.0)
#(0 138884 396 112.078 48.3046364568265 0.0)
#(0 138885 396 112.078 47.249534583064 0.0)
#(0 139183 396 112.078 50.9045274705853 0.0)
#(0 139189 396 112.078 48.6163770913771 0.0)
#(0 139194 396 112.078 49.7827272727273 0.0)
#(0 139195 396 112.078 52.7053571428571 0.0)
#(0 139475 396 112.078 50.9045274705853 0.0)
#(0 139480 396 112.078 49.9045806395678 0.0)
#(0 139743 396 112.078 48.1962562656642 0.0)
#(0 139747 396 112.078 48.6606302521008 0.0)
#(0 139751 396 112.078 49.949908619749 0.0)
#(0 140016 396 112.078 50.0451791686574 0.0)
#(0 140017 396 112.078 49.3694117647059 0.0)
#(0 140276 396 112.078 48.4934040470626 0.0)
#(0 140277 396 112.093 49.8352678571429 0.0)
#(0 140533 396 112.093 50.5170759675107 0.0)
#(0 140534 396 112.093 53.7582245205775 0.0)
#(0 140536 396 112.093 48.0362733976177 0.0)
#(0 140537 396 112.093 49.6573498139288 0.0)
#(0 140539 396 112.093 49.3477102718482 0.0)
#(0 141297 396 112.093 48.4934040470626 0.0)
#(0 141304 396 112.093 47.249534583064 0.0)
#(0 141305 396 112.093 57.45 0.0)
#(0 141306 396 112.093 49.6274730392157 0.0)
#(0 141307 396 112.093 50.0596281625351 0.0)
#(0 141308 396 112.093 51.0735116563024 0.0)
#(0 543 397 112.093 50.6216756272401 0.0)
#(0 548 397 112.093 49.6748917748918 0.0)
#(0 950 397 112.093 51.7984615384615 0.0)
#(0 1313 397 112.093 50.3612002567394 0.0)
#(0 1314 397 112.093 52.1843019005848 0.0)
#(0 1315 397 112.093 48.7038421578422 0.0)
#(0 1317 397 112.093 53.8811764705882 0.0)
#(0 1321 397 112.093 48.7889243053543 0.0)
#(0 1322 397 112.093 50.7331668331668 0.0)
#(0 1604 397 112.093 50.3201765116604 0.0)
#(0 1606 397 112.093 49.6748917748918 0.0)
#(0 1607 397 112.093 47.4922003284072 0.0)
#(0 1609 397 112.093 53.8811764705882 0.0)
#(0 1610 397 112.093 54.8884615384615 0.0)
#(0 1611 397 112.093 53.6066666666667 0.0)
#(0 1898 397 112.093 46.8795771906778 0.0)
#(0 2195 397 112.093 50.3612002567394 0.0)
#(0 2196 397 112.093 50.7127083333333 0.0)
#(0 2742 397 112.093 50.3201765116604 0.0)
#(0 2751 397 112.093 50.3612002567394 0.0)
#(0 2752 397 112.109 48.1845758125722 0.0)
#(0 2757 397 112.109 50.5287712234016 0.0)
#(0 3026 397 112.109 53.6066666666667 0.0)
#(0 3271 397 112.109 52.3576479076479 0.0)
#(0 3273 397 112.109 52.4927777777778 0.0)
#(0 3276 397 112.109 51.0694402798601 0.0)
#(0 3278 397 112.109 50.2375336673131 0.0)
#(0 3279 397 112.109 50.7331668331668 0.0)
#(0 3281 397 112.109 54.8802255639098 0.0)
#(0 3283 397 112.109 51.8607372911003 0.0)
#(0 4065 397 112.109 47.485146899669 0.0)
#(0 4071 397 112.109 46.5542496998799 0.0)
#(0 137447 397 112.109 49.3694117647059 0.0)
#(0 137461 397 112.109 53.6763888888889 0.0)
#(0 137462 397 112.109 50.5471054220697 0.0)
#(0 137464 397 112.109 49.0356211635785 0.0)
#(0 137465 397 112.109 51.3684459203425 0.0)
#(0 137466 397 112.109 49.8352678571429 0.0)
#(0 137469 397 112.109 49.429678858723 0.0)
#(0 137470 397 112.109 48.3201171759995 0.0)
#(0 137885 397 112.109 48.6606302521008 0.0)
#(0 137887 397 112.109 49.4024739134421 0.0)
#(0 137888 397 112.109 49.9045806395678 0.0)
#(0 137889 397 112.109 48.9698436246993 0.0)
#(0 137890 397 112.109 49.949908619749 0.0)
#(0 137892 397 112.109 48.3078188860122 0.0)
#(0 137895 397 112.109 50.7002685906378 0.0)
#(0 138246 397 112.109 49.8352678571429 0.0)
#(0 138256 397 112.109 50.2746243782813 0.0)
#(0 138572 397 112.109 49.5918660287081 0.0)
#(0 138574 397 112.109 55.2276610644258 0.0)
#(0 138579 397 112.109 49.7305553656869 0.0)
#(0 138585 397 112.109 49.4248196248196 0.0)
#(0 138890 397 112.109 50.8540977443609 0.0)
#(0 138891 397 112.109 50.3224242424242 0.0)
#(0 138892 397 112.109 50.0451791686574 0.0)
#(0 138896 397 112.125 48.3046364568265 0.0)
#(0 139484 397 112.125 51.9739244053438 0.0)
#(0 139487 397 112.125 54.0430765639589 0.0)
#(0 139488 397 112.125 53.6763888888889 0.0)
#(0 139489 397 112.125 49.429678858723 0.0)
#(0 139490 397 112.125 49.7305553656869 0.0)
#(0 139757 397 112.125 53.5294254658385 0.0)
#(0 139758 397 112.125 49.1960557462552 0.0)
#(0 140022 397 112.125 56.1416666666667 0.0)
#(0 140023 397 112.125 50.3224242424242 0.0)
#(0 140024 397 112.125 47.242801242236 0.0)
#(0 140025 397 112.125 49.5918660287081 0.0)
#(0 140026 397 112.125 50.5919327731092 0.0)
#(0 140028 397 112.125 49.3032454984629 0.0)
#(0 140029 397 112.125 49.4075371713742 0.0)
#(0 140288 397 112.125 49.3477102718482 0.0)
#(0 140535 397 112.125 49.089111532146 0.0)
#(0 140540 397 112.125 50.0596281625351 0.0)
#(0 140541 397 112.125 51.054944037444 0.0)
#(0 140542 397 112.125 47.9848141923436 0.0)
#(0 140543 397 112.125 49.2202888519749 0.0)
#(0 141309 397 112.125 51.3684459203425 0.0)
#(0 141311 397 112.125 51.5182692307692 0.0)
#(0 141312 397 112.125 49.1960557462552 0.0)
#(0 141313 397 112.125 47.8295337995338 0.0)
#(0 141314 397 112.14 50.5170759675107 0.0)
#(0 141315 397 112.14 51.8451461988304 0.0)
#(0 141316 397 112.14 49.786887254902 0.0)
#(0 141317 397 112.14 52.7053571428571 0.0)
#(0 141318 397 112.14 50.2199947478992 0.0)
#(0 141319 397 112.14 50.9045274705853 0.0)
#(0 141320 397 112.14 52.4647435897436 0.0)
#(0 186 398 112.14 52.1843019005848 0.0)
#(0 207 398 112.14 48.6550921658986 0.0)
#(0 547 398 112.14 50.6216756272401 0.0)
#(0 555 398 112.14 50.5526004527448 0.0)
#(0 559 398 112.14 47.5283426097712 0.0)
#(0 961 398 112.14 49.6215649750882 0.0)
#(0 1325 398 112.14 51.8607372911003 0.0)
#(0 1326 398 112.14 49.1352744039586 0.0)
#(0 1602 398 112.14 48.2913105413105 0.0)
#(0 1620 398 112.14 51.8607372911003 0.0)
#(0 1622 398 112.14 48.7038421578422 0.0)
#(0 1905 398 112.14 48.2759796550199 0.0)
#(0 1906 398 112.14 50.6216756272401 0.0)
#(0 2203 398 112.14 46.8795771906778 0.0)
#(0 2759 398 112.14 51.8607372911003 0.0)
#(0 2764 398 112.14 53.6066666666667 0.0)
#(0 2768 398 112.14 49.1352744039586 0.0)
#(0 3289 398 112.14 49.6215649750882 0.0)
#(0 3292 398 112.14 53.9881642512077 0.0)
#(0 3293 398 112.14 50.9515482254022 0.0)
#(0 3294 398 112.14 49.1352744039586 0.0)
#(0 3297 398 112.14 52.4333333333333 0.0)
#(0 3544 398 112.14 52.4927777777778 0.0)
#(0 4066 398 112.14 50.7331668331668 0.0)
#(0 4073 398 112.14 46.7044994840041 0.0)
#(0 4077 398 112.156 47.4922003284072 0.0)
#(0 4079 398 112.156 46.5542496998799 0.0)
#(0 137471 398 112.156 49.8562731829574 0.0)
#(0 137476 398 112.156 51.0466998415528 0.0)
#(0 137478 398 112.156 51.1450161231601 0.0)
#(0 137483 398 112.156 53.0824567099567 0.0)
#(0 137485 398 112.156 49.5194527041586 0.0)
#(0 137486 398 112.156 51.0466998415528 0.0)
#(0 137875 398 112.156 48.1962562656642 0.0)
#(0 137897 398 112.156 46.6750952875953 0.0)
#(0 137901 398 112.156 48.0 0.0)
#(0 137903 398 112.156 49.534880952381 0.0)
#(0 137904 398 112.156 52.3939104754894 0.0)
#(0 138257 398 112.156 51.0466998415528 0.0)
#(0 138258 398 112.156 50.0451791686574 0.0)
#(0 138259 398 112.156 48.3046364568265 0.0)
#(0 138260 398 112.156 50.5471054220697 0.0)
#(0 138261 398 112.156 48.6863095238095 0.0)
#(0 138264 398 112.156 49.534880952381 0.0)
#(0 138267 398 112.156 49.8562731829574 0.0)
#(0 138592 398 112.156 49.8529733817302 0.0)
#(0 138593 398 112.156 50.0451791686574 0.0)
#(0 138595 398 112.156 49.3477102718482 0.0)
#(0 138598 398 112.156 46.1125 0.0)
#(0 138599 398 112.156 51.2133149596965 0.0)
#(0 138600 398 112.156 47.242801242236 0.0)
#(0 138601 398 112.156 52.5033868092692 0.0)
#(0 138902 398 112.156 51.1450161231601 0.0)
#(0 138903 398 112.156 48.3121435492802 0.0)
#(0 138904 398 112.156 52.0785396825397 0.0)
#(0 138905 398 112.156 49.7305553656869 0.0)
#(0 138906 398 112.156 52.6047629619956 0.0)
#(0 138907 398 112.156 47.8295337995338 0.0)
#(0 138908 398 112.156 49.8562731829574 0.0)
#(0 138911 398 112.156 50.0451791686574 0.0)
#(0 139493 398 112.156 49.8562731829574 0.0)
#(0 139494 398 112.172 48.3987046939988 0.0)
#(0 139495 398 112.172 49.2202888519749 0.0)
#(0 139497 398 112.172 49.6274730392157 0.0)
#(0 139499 398 112.172 49.949908619749 0.0)
#(0 139501 398 112.172 48.3208291708292 0.0)
#(0 139765 398 112.172 50.2746243782813 0.0)
#(0 139766 398 112.172 49.3032454984629 0.0)
#(0 139770 398 112.172 53.5294254658385 0.0)
#(0 139772 398 112.172 49.1067647058824 0.0)
#(0 140031 398 112.172 49.3694117647059 0.0)
#(0 140035 398 112.172 49.4640426215464 0.0)
#(0 140037 398 112.172 48.104037815126 0.0)
#(0 140290 398 112.172 53.6763888888889 0.0)
#(0 140544 398 112.172 51.0466998415528 0.0)
#(0 140545 398 112.172 52.8864766081871 0.0)
#(0 140546 398 112.172 51.386454203691 0.0)
#(0 140548 398 112.172 50.2199947478992 0.0)
#(0 140549 398 112.172 50.3224242424242 0.0)
#(0 140550 398 112.172 51.2133149596965 0.0)
#(0 140551 398 112.172 50.2746243782813 0.0)
#(0 140552 398 112.172 48.3201171759995 0.0)
#(0 140807 398 112.172 55.0866787439614 0.0)
#(0 141310 398 112.187 51.3684459203425 0.0)
#(0 141321 398 112.187 49.3694117647059 0.0)
#(0 141322 398 112.187 53.1455128205128 0.0)
#(0 141323 398 112.187 55.2276610644258 0.0)
#(0 141324 398 112.187 47.2379935432925 0.0)
#(0 141325 398 112.187 50.3224242424242 0.0)
#(0 212 399 112.187 48.6550921658986 0.0)
#(0 219 399 112.187 49.934812147914 0.0)
#(0 222 399 112.187 51.2576301865776 0.0)
#(0 563 399 112.187 48.7038421578422 0.0)
#(0 564 399 112.187 50.5287712234016 0.0)
#(0 567 399 112.187 50.7331668331668 0.0)
#(0 568 399 112.187 48.7889243053543 0.0)
#(0 977 399 112.187 48.6550921658986 0.0)
#(0 981 399 112.187 53.4342803030303 0.0)
#(0 984 399 112.187 50.5287712234016 0.0)
#(0 1335 399 112.187 52.2009090909091 0.0)
#(0 1336 399 112.187 50.3612002567394 0.0)
#(0 1626 399 112.187 54.7964285714286 0.0)
#(0 1628 399 112.187 50.3612002567394 0.0)
#(0 1919 399 112.187 51.1208610400682 0.0)
#(0 2211 399 112.187 50.0494444444444 0.0)
#(0 2500 399 112.187 52.2009090909091 0.0)
#(0 2771 399 112.187 50.5213466925232 0.0)
#(0 2773 399 112.187 51.0694402798601 0.0)
#(0 2780 399 112.187 50.7127083333333 0.0)
#(0 2781 399 112.187 49.3691666666667 0.0)
#(0 3284 399 112.187 51.8607372911003 0.0)
#(0 3299 399 112.187 49.4019625535755 0.0)
#(0 3301 399 112.187 50.7127083333333 0.0)
#(0 3304 399 112.187 49.3691666666667 0.0)
#(0 3305 399 112.187 50.7679022988506 0.0)
#(0 4084 399 112.203 46.4563192534181 0.0)
#(0 4085 399 112.203 47.4032738095238 0.0)
#(0 4088 399 112.203 51.2576301865776 0.0)
#(0 4089 399 112.203 53.2755555555555 0.0)
#(0 4091 399 112.203 46.8996971223058 0.0)
#(0 137467 399 112.203 49.8352678571429 0.0)
#(0 137489 399 112.203 49.3694117647059 0.0)
#(0 137491 399 112.203 53.3173578016187 0.0)
#(0 137492 399 112.203 48.8187850140056 0.0)
#(0 137493 399 112.203 46.6750952875953 0.0)
#(0 137498 399 112.203 49.8037218337218 0.0)
#(0 137500 399 112.203 48.3987046939988 0.0)
#(0 137502 399 112.203 49.0 0.0)
#(0 137902 399 112.203 48.1962562656642 0.0)
#(0 137909 399 112.203 52.7053571428571 0.0)
#(0 137910 399 112.203 49.6573498139288 0.0)
#(0 137911 399 112.203 50.8543107769423 0.0)
#(0 137913 399 112.203 49.2337155628535 0.0)
#(0 137915 399 112.203 50.5471054220697 0.0)
#(0 137916 399 112.203 53.1455128205128 0.0)
#(0 137920 399 112.203 49.8037218337218 0.0)
#(0 137921 399 112.203 52.75 0.0)
#(0 137922 399 112.203 52.6079657477026 0.0)
#(0 137923 399 112.203 55.9166666666667 0.0)
#(0 138268 399 112.203 47.242801242236 0.0)
#(0 138276 399 112.203 51.4419883040936 0.0)
#(0 138606 399 112.203 47.8533982202447 0.0)
#(0 138608 399 112.203 53.6763888888889 0.0)
#(0 138611 399 112.203 50.5919327731092 0.0)
#(0 138915 399 112.203 55.2276610644258 0.0)
#(0 138917 399 112.203 51.9931557976907 0.0)
#(0 138922 399 112.203 49.3477102718482 0.0)
#(0 138924 399 112.203 49.6274730392157 0.0)
#(0 139217 399 112.203 48.3007257155736 0.0)
#(0 139219 399 112.203 49.0356211635785 0.0)
#(0 139221 399 112.203 48.0514101570264 0.0)
#(0 139222 399 112.218 50.5170759675107 0.0)
#(0 139491 399 112.218 49.429678858723 0.0)
#(0 139503 399 112.218 48.6606302521008 0.0)
#(0 139504 399 112.218 48.0514101570264 0.0)
#(0 139506 399 112.218 49.0356211635785 0.0)
