#(0 101 0 86.125 -1 0.0)
#(0 102 0 86.125 -1 0.0)
#(0 103 0 86.125 -1 0.0)
#(0 104 0 86.125 -1 0.0)
#(0 105 0 86.125 -1 0.0)
#(0 106 0 86.125 -1 0.0)
#(0 107 0 86.125 -1 0.0)
#(0 108 0 86.125 -1 0.0)
#(0 109 0 86.125 -1 0.0)
#(0 110 0 86.125 -1 0.0)
#(0 111 0 86.125 -1 0.0)
#(0 112 0 86.125 -1 0.0)
#(0 113 0 86.125 -1 0.0)
#(0 114 0 86.125 -1 0.0)
#(0 137616 0 86.125 -1 0.0)
#(0 137617 0 86.125 -1 0.0)
#(0 137618 0 86.125 -1 0.0)
#(0 137619 0 86.125 -1 0.0)
#(0 137620 0 86.125 -1 0.0)
#(0 137621 0 86.125 -1 0.0)
#(0 137622 0 86.125 -1 0.0)
#(0 137623 0 86.125 -1 0.0)
#(0 137624 0 86.125 -1 0.0)
#(0 137626 0 86.125 -1 0.0)
#(0 275131 0 86.125 -1 0.0)
#(0 275132 0 86.125 -1 0.0)
#(0 275134 0 86.125 -1 0.0)
#(0 275135 0 86.125 -1 0.0)
#(0 275136 0 86.125 -1 0.0)
#(0 275137 0 86.125 -1 0.0)
#(0 275138 0 86.125 -1 0.0)
#(0 275139 0 86.125 -1 0.0)
#(0 275140 0 86.125 -1 0.0)
#(0 275141 0 86.125 -1 0.0)
#(0 275142 0 86.125 -1 0.0)
#(0 275143 0 86.125 -1 0.0)
#(0 275144 0 86.125 -1 0.0)
#(0 275145 0 86.125 -1 0.0)
#(0 275146 0 86.125 -1 0.0)
#(0 275147 0 86.125 -1 0.0)
#(0 275148 0 86.125 -1 0.0)
#(0 412250 0 86.125 -1 0.0)
#(0 412251 0 86.125 -1 0.0)
#(0 412252 0 86.125 -1 0.0)
#(0 412253 0 86.125 -1 0.0)
#(0 412254 0 86.125 -1 0.0)
#(0 412255 0 86.125 -1 0.0)
#(0 412256 0 86.125 -1 0.0)
#(0 412257 0 86.125 -1 0.0)
#(0 412258 0 86.125 -1 0.0)
#(0 412259 0 86.125 -1 0.0)
#(0 412260 0 86.125 -1 0.0)
#(0 412262 0 86.125 -1 0.0)
#(0 412263 0 86.125 -1 0.0)
#(0 412264 0 86.125 -1 0.0)
#(0 117 1 86.125 -1 0.0)
#(0 118 1 86.125 -1 0.0)
#(0 119 1 86.125 -1 0.0)
#(0 120 1 86.125 -1 0.0)
#(0 121 1 86.125 -1 0.0)
#(0 122 1 86.125 -1 0.0)
#(0 123 1 86.125 -1 0.0)
#(0 124 1 86.125 -1 0.0)
#(0 125 1 86.125 -1 0.0)
#(0 126 1 86.125 -1 0.0)
#(0 137625 1 86.125 -1 0.0)
#(0 137627 1 86.125 -1 0.0)
#(0 137628 1 86.141 -1 0.0)
#(0 137629 1 86.141 -1 0.0)
#(0 137631 1 86.141 -1 0.0)
#(0 137632 1 86.141 -1 0.0)
#(0 137633 1 86.141 -1 0.0)
#(0 137634 1 86.141 -1 0.0)
#(0 137635 1 86.141 -1 0.0)
#(0 137636 1 86.141 -1 0.0)
#(0 137637 1 86.141 -1 0.0)
#(0 137639 1 86.141 -1 0.0)
#(0 137640 1 86.141 -1 0.0)
#(0 137641 1 86.141 -1 0.0)
#(0 275133 1 86.141 -1 0.0)
#(0 275150 1 86.141 -1 0.0)
#(0 275151 1 86.141 -1 0.0)
#(0 275152 1 86.141 -1 0.0)
#(0 275153 1 86.141 -1 0.0)
#(0 275154 1 86.141 -1 0.0)
#(0 275155 1 86.141 -1 0.0)
#(0 275156 1 86.141 -1 0.0)
#(0 275157 1 86.141 -1 0.0)
#(0 275158 1 86.141 -1 0.0)
#(0 275159 1 86.141 -1 0.0)
#(0 275160 1 86.141 -1 0.0)
#(0 275161 1 86.141 -1 0.0)
#(0 275162 1 86.141 -1 0.0)
#(0 275163 1 86.141 -1 0.0)
#(0 275164 1 86.141 -1 0.0)
#(0 275165 1 86.141 -1 0.0)
#(0 412261 1 86.141 -1 0.0)
#(0 412265 1 86.141 -1 0.0)
#(0 412266 1 86.141 -1 0.0)
#(0 412267 1 86.141 -1 0.0)
#(0 412268 1 86.141 -1 0.0)
#(0 412269 1 86.141 -1 0.0)
#(0 412270 1 86.141 -1 0.0)
#(0 412271 1 86.141 -1 0.0)
#(0 412272 1 86.141 -1 0.0)
#(0 412274 1 86.141 -1 0.0)
#(0 412275 1 86.141 -1 0.0)
#(0 412276 1 86.141 -1 0.0)
#(0 412278 1 86.141 -1 0.0)
#(0 412279 1 86.141 -1 0.0)
#(0 412280 1 86.141 -1 0.0)
#(0 412281 1 86.141 -1 0.0)
#(0 115 2 86.141 -1 0.0)
#(0 127 2 86.141 -1 0.0)
#(0 128 2 86.141 -1 0.0)
#(0 130 2 86.141 -1 0.0)
#(0 132 2 86.141 -1 0.0)
#(0 133 2 86.141 -1 0.0)
#(0 134 2 86.141 -1 0.0)
#(0 135 2 86.141 -1 0.0)
#(0 136 2 86.141 -1 0.0)
#(0 137 2 86.141 -1 0.0)
#(0 138 2 86.141 -1 0.0)
#(0 139 2 86.141 -1 0.0)
#(0 137630 2 86.141 -1 0.0)
#(0 137642 2 86.141 -1 0.0)
#(0 137643 2 86.141 -1 0.0)
#(0 137644 2 86.141 -1 0.0)
#(0 137645 2 86.141 -1 0.0)
#(0 137646 2 86.141 -1 0.0)
#(0 137647 2 86.141 -1 0.0)
#(0 137648 2 86.141 -1 0.0)
#(0 275149 2 86.141 -1 0.0)
#(0 275166 2 86.141 -1 0.0)
#(0 275167 2 86.141 -1 0.0)
#(0 275168 2 86.141 -1 0.0)
#(0 275169 2 86.141 -1 0.0)
#(0 275170 2 86.141 -1 0.0)
#(0 275171 2 86.141 -1 0.0)
#(0 275172 2 86.141 -1 0.0)
#(0 275173 2 86.141 -1 0.0)
#(0 275174 2 86.141 -1 0.0)
#(0 275175 2 86.141 -1 0.0)
#(0 275176 2 86.141 -1 0.0)
#(0 412273 2 86.141 -1 0.0)
#(0 412277 2 86.141 -1 0.0)
#(0 412282 2 86.141 -1 0.0)
#(0 412284 2 86.141 -1 0.0)
#(0 412285 2 86.141 -1 0.0)
#(0 412286 2 86.141 -1 0.0)
#(0 412287 2 86.141 -1 0.0)
#(0 412288 2 86.141 -1 0.0)
#(0 412289 2 86.141 -1 0.0)
#(0 412290 2 86.141 -1 0.0)
#(0 412291 2 86.141 -1 0.0)
#(0 116 3 86.141 -1 0.0)
#(0 129 3 86.141 -1 0.0)
#(0 140 3 86.141 -1 0.0)
#(0 141 3 86.141 -1 0.0)
#(0 142 3 86.141 -1 0.0)
#(0 143 3 86.141 -1 0.0)
#(0 144 3 86.141 -1 0.0)
#(0 145 3 86.141 -1 0.0)
#(0 146 3 86.141 -1 0.0)
#(0 147 3 86.141 -1 0.0)
#(0 148 3 86.141 -1 0.0)
#(0 149 3 86.141 -1 0.0)
#(0 137638 3 86.157 -1 0.0)
#(0 137649 3 86.157 -1 0.0)
#(0 137650 3 86.157 -1 0.0)
#(0 137651 3 86.157 -1 0.0)
#(0 137652 3 86.157 -1 0.0)
#(0 137654 3 86.157 -1 0.0)
#(0 137655 3 86.157 -1 0.0)
#(0 137656 3 86.157 -1 0.0)
#(0 137657 3 86.157 -1 0.0)
#(0 137658 3 86.157 -1 0.0)
#(0 137659 3 86.157 -1 0.0)
#(0 137660 3 86.157 -1 0.0)
#(0 137662 3 86.157 -1 0.0)
#(0 137663 3 86.157 -1 0.0)
#(0 137664 3 86.157 -1 0.0)
#(0 137666 3 86.157 -1 0.0)
#(0 137667 3 86.157 -1 0.0)
#(0 275177 3 86.157 -1 0.0)
#(0 275179 3 86.157 -1 0.0)
#(0 275180 3 86.157 -1 0.0)
#(0 275181 3 86.157 -1 0.0)
#(0 275182 3 86.157 -1 0.0)
#(0 275183 3 86.157 -1 0.0)
#(0 275184 3 86.157 -1 0.0)
#(0 275185 3 86.157 -1 0.0)
#(0 275186 3 86.157 -1 0.0)
#(0 275188 3 86.157 -1 0.0)
#(0 412283 3 86.157 -1 0.0)
#(0 412292 3 86.157 -1 0.0)
#(0 412293 3 86.157 -1 0.0)
#(0 412294 3 86.157 -1 0.0)
#(0 412295 3 86.157 -1 0.0)
#(0 412296 3 86.157 -1 0.0)
#(0 412298 3 86.157 -1 0.0)
#(0 412300 3 86.157 -1 0.0)
#(0 412301 3 86.157 -1 0.0)
#(0 131 4 86.157 -1 0.0)
#(0 150 4 86.157 -1 0.0)
#(0 151 4 86.157 -1 0.0)
#(0 152 4 86.157 -1 0.0)
#(0 153 4 86.157 -1 0.0)
#(0 154 4 86.157 -1 0.0)
#(0 155 4 86.157 -1 0.0)
#(0 156 4 86.157 -1 0.0)
#(0 157 4 86.157 -1 0.0)
#(0 158 4 86.157 -1 0.0)
#(0 159 4 86.157 -1 0.0)
#(0 160 4 86.157 -1 0.0)
#(0 161 4 86.157 -1 0.0)
#(0 162 4 86.157 -1 0.0)
#(0 163 4 86.157 -1 0.0)
#(0 137653 4 86.157 -1 0.0)
#(0 137661 4 86.172 -1 0.0)
#(0 137665 4 86.172 -1 0.0)
#(0 137668 4 86.172 -1 0.0)
#(0 137669 4 86.172 -1 0.0)
#(0 137671 4 86.172 -1 0.0)
#(0 137672 4 86.172 -1 0.0)
#(0 137673 4 86.172 -1 0.0)
#(0 137674 4 86.172 -1 0.0)
#(0 137675 4 86.172 -1 0.0)
#(0 137677 4 86.172 -1 0.0)
#(0 137678 4 86.172 -1 0.0)
#(0 137679 4 86.172 -1 0.0)
#(0 137680 4 86.172 -1 0.0)
#(0 137683 4 86.172 -1 0.0)
#(0 275178 4 86.172 -1 0.0)
#(0 275187 4 86.172 -1 0.0)
#(0 275190 4 86.172 -1 0.0)
#(0 275192 4 86.172 -1 0.0)
#(0 275193 4 86.172 -1 0.0)
#(0 275194 4 86.172 -1 0.0)
#(0 275195 4 86.172 -1 0.0)
#(0 275196 4 86.172 -1 0.0)
#(0 275197 4 86.172 -1 0.0)
#(0 275198 4 86.172 -1 0.0)
#(0 275199 4 86.172 -1 0.0)
#(0 275200 4 86.172 -1 0.0)
#(0 275201 4 86.172 -1 0.0)
#(0 412297 4 86.172 -1 0.0)
#(0 412299 4 86.172 -1 0.0)
#(0 412302 4 86.172 -1 0.0)
#(0 412303 4 86.172 -1 0.0)
#(0 412304 4 86.172 -1 0.0)
#(0 412305 4 86.172 -1 0.0)
#(0 412306 4 86.172 -1 0.0)
#(0 412307 4 86.172 -1 0.0)
#(0 412308 4 86.172 -1 0.0)
#(0 412310 4 86.172 -1 0.0)
#(0 412311 4 86.172 -1 0.0)
#(0 412312 4 86.172 -1 0.0)
#(0 412313 4 86.172 -1 0.0)
#(0 412314 4 86.172 -1 0.0)
#(0 412315 4 86.172 -1 0.0)
#(0 164 5 86.172 -1 0.0)
#(0 165 5 86.172 -1 0.0)
#(0 166 5 86.172 -1 0.0)
#(0 167 5 86.172 -1 0.0)
#(0 168 5 86.172 -1 0.0)
#(0 169 5 86.172 -1 0.0)
#(0 170 5 86.172 -1 0.0)
#(0 171 5 86.172 -1 0.0)
#(0 173 5 86.172 -1 0.0)
#(0 174 5 86.172 -1 0.0)
#(0 175 5 86.172 -1 0.0)
#(0 176 5 86.172 -1 0.0)
#(0 177 5 86.172 -1 0.0)
#(0 137670 5 86.172 -1 0.0)
#(0 137676 5 86.172 -1 0.0)
#(0 137682 5 86.172 -1 0.0)
#(0 137684 5 86.172 -1 0.0)
#(0 137685 5 86.172 -1 0.0)
#(0 137686 5 86.172 -1 0.0)
#(0 137687 5 86.172 -1 0.0)
#(0 137688 5 86.172 -1 0.0)
#(0 137689 5 86.172 -1 0.0)
#(0 137690 5 86.172 -1 0.0)
#(0 137691 5 86.172 -1 0.0)
#(0 137692 5 86.172 -1 0.0)
#(0 137693 5 86.172 -1 0.0)
#(0 137694 5 86.172 -1 0.0)
#(0 137695 5 86.172 -1 0.0)
#(0 275189 5 86.172 -1 0.0)
#(0 275191 5 86.172 -1 0.0)
#(0 275202 5 86.172 -1 0.0)
#(0 275203 5 86.172 -1 0.0)
#(0 275204 5 86.172 -1 0.0)
#(0 275205 5 86.172 -1 0.0)
#(0 275206 5 86.172 -1 0.0)
#(0 275207 5 86.172 -1 0.0)
#(0 275208 5 86.172 -1 0.0)
#(0 275209 5 86.172 -1 0.0)
#(0 275210 5 86.172 -1 0.0)
#(0 275211 5 86.172 -1 0.0)
#(0 275212 5 86.172 -1 0.0)
#(0 275213 5 86.172 -1 0.0)
#(0 412309 5 86.172 -1 0.0)
#(0 412316 5 86.172 -1 0.0)
#(0 412317 5 86.172 -1 0.0)
#(0 412318 5 86.172 -1 0.0)
#(0 412319 5 86.172 -1 0.0)
#(0 412320 5 86.188 -1 0.0)
#(0 412321 5 86.188 -1 0.0)
#(0 412322 5 86.188 -1 0.0)
#(0 412323 5 86.188 -1 0.0)
#(0 412324 5 86.188 -1 0.0)
#(0 172 6 86.188 -1 0.0)
#(0 178 6 86.188 -1 0.0)
#(0 179 6 86.188 -1 0.0)
#(0 180 6 86.188 -1 0.0)
#(0 181 6 86.188 -1 0.0)
#(0 182 6 86.188 -1 0.0)
#(0 184 6 86.188 -1 0.0)
#(0 185 6 86.188 -1 0.0)
#(0 186 6 86.188 -1 0.0)
#(0 187 6 86.188 -1 0.0)
#(0 188 6 86.188 -1 0.0)
#(0 189 6 86.188 -1 0.0)
#(0 190 6 86.188 -1 0.0)
#(0 191 6 86.188 -1 0.0)
#(0 192 6 86.188 -1 0.0)
#(0 193 6 86.188 -1 0.0)
#(0 194 6 86.188 -1 0.0)
#(0 195 6 86.188 -1 0.0)
#(0 196 6 86.188 -1 0.0)
#(0 137696 6 86.188 -1 0.0)
#(0 137697 6 86.188 -1 0.0)
#(0 137698 6 86.188 -1 0.0)
#(0 137699 6 86.188 -1 0.0)
#(0 137700 6 86.188 -1 0.0)
#(0 137701 6 86.188 -1 0.0)
#(0 137702 6 86.188 -1 0.0)
#(0 137703 6 86.188 -1 0.0)
#(0 137704 6 86.188 -1 0.0)
#(0 137705 6 86.188 -1 0.0)
#(0 137706 6 86.188 -1 0.0)
#(0 137708 6 86.188 -1 0.0)
#(0 275214 6 86.188 -1 0.0)
#(0 275215 6 86.188 -1 0.0)
#(0 275216 6 86.188 -1 0.0)
#(0 275217 6 86.188 -1 0.0)
#(0 275218 6 86.188 -1 0.0)
#(0 275219 6 86.188 -1 0.0)
#(0 275220 6 86.188 -1 0.0)
#(0 275221 6 86.188 -1 0.0)
#(0 275222 6 86.188 -1 0.0)
#(0 275223 6 86.188 -1 0.0)
#(0 275224 6 86.188 -1 0.0)
#(0 275225 6 86.188 -1 0.0)
#(0 275226 6 86.188 -1 0.0)
#(0 412325 6 86.188 -1 0.0)
#(0 412326 6 86.188 -1 0.0)
#(0 412327 6 86.188 -1 0.0)
#(0 412328 6 86.188 -1 0.0)
#(0 412329 6 86.188 -1 0.0)
#(0 412330 6 86.188 -1 0.0)
#(0 412331 6 86.188 -1 0.0)
#(0 412333 6 86.188 -1 0.0)
#(0 412334 6 86.188 -1 0.0)
#(0 412335 6 86.188 -1 0.0)
#(0 412336 6 86.188 -1 0.0)
#(0 412337 6 86.188 -1 0.0)
#(0 412338 6 86.188 -1 0.0)
#(0 412339 6 86.188 -1 0.0)
#(0 412340 6 86.188 -1 0.0)
#(0 197 7 86.188 -1 0.0)
#(0 198 7 86.188 -1 0.0)
#(0 199 7 86.188 -1 0.0)
#(0 200 7 86.188 -1 0.0)
#(0 201 7 86.188 -1 0.0)
#(0 202 7 86.188 -1 0.0)
#(0 203 7 86.188 -1 0.0)
#(0 204 7 86.188 -1 0.0)
#(0 205 7 86.188 -1 0.0)
#(0 206 7 86.188 -1 0.0)
#(0 207 7 86.188 -1 0.0)
#(0 208 7 86.188 -1 0.0)
#(0 209 7 86.188 -1 0.0)
#(0 137681 7 86.188 -1 0.0)
#(0 137707 7 86.188 -1 0.0)
#(0 137709 7 86.188 -1 0.0)
#(0 137710 7 86.188 -1 0.0)
#(0 137711 7 86.188 -1 0.0)
#(0 137712 7 86.188 -1 0.0)
#(0 137713 7 86.188 -1 0.0)
#(0 137714 7 86.188 -1 0.0)
#(0 137715 7 86.188 -1 0.0)
#(0 137716 7 86.188 -1 0.0)
#(0 137717 7 86.188 -1 0.0)
#(0 137718 7 86.188 -1 0.0)
#(0 137719 7 86.188 -1 0.0)
#(0 137720 7 86.188 -1 0.0)
#(0 137721 7 86.188 -1 0.0)
#(0 137722 7 86.188 -1 0.0)
#(0 137723 7 86.188 -1 0.0)
#(0 137724 7 86.188 -1 0.0)
#(0 275227 7 86.188 -1 0.0)
#(0 275228 7 86.188 -1 0.0)
#(0 275229 7 86.188 -1 0.0)
#(0 275230 7 86.188 -1 0.0)
#(0 275231 7 86.188 -1 0.0)
#(0 275232 7 86.188 -1 0.0)
#(0 275233 7 86.188 -1 0.0)
#(0 275235 7 86.204 -1 0.0)
#(0 275236 7 86.204 -1 0.0)
#(0 412332 7 86.204 -1 0.0)
#(0 412341 7 86.204 -1 0.0)
#(0 412342 7 86.204 -1 0.0)
#(0 412343 7 86.204 -1 0.0)
#(0 412344 7 86.204 -1 0.0)
#(0 412345 7 86.204 -1 0.0)
#(0 412347 7 86.204 -1 0.0)
#(0 412348 7 86.204 -1 0.0)
#(0 412349 7 86.204 -1 0.0)
#(0 412350 7 86.204 -1 0.0)
#(0 412351 7 86.204 -1 0.0)
#(0 412353 7 86.204 -1 0.0)
#(0 412354 7 86.204 -1 0.0)
#(0 412355 7 86.204 -1 0.0)
#(0 183 8 86.204 -1 0.0)
#(0 210 8 86.204 -1 0.0)
#(0 211 8 86.204 -1 0.0)
#(0 212 8 86.204 -1 0.0)
#(0 213 8 86.204 -1 0.0)
#(0 214 8 86.204 -1 0.0)
#(0 215 8 86.204 -1 0.0)
#(0 216 8 86.204 -1 0.0)
#(0 217 8 86.204 -1 0.0)
#(0 218 8 86.204 -1 0.0)
#(0 219 8 86.204 -1 0.0)
#(0 220 8 86.204 -1 0.0)
#(0 221 8 86.204 -1 0.0)
#(0 222 8 86.204 -1 0.0)
#(0 223 8 86.204 -1 0.0)
#(0 137725 8 86.204 -1 0.0)
#(0 137726 8 86.204 -1 0.0)
#(0 137727 8 86.204 -1 0.0)
#(0 137728 8 86.204 -1 0.0)
#(0 275234 8 86.204 -1 0.0)
#(0 275237 8 86.204 -1 0.0)
#(0 275238 8 86.204 -1 0.0)
#(0 275239 8 86.204 -1 0.0)
#(0 275240 8 86.204 -1 0.0)
#(0 275241 8 86.204 -1 0.0)
#(0 275242 8 86.204 -1 0.0)
#(0 275243 8 86.204 -1 0.0)
#(0 275244 8 86.204 -1 0.0)
#(0 275245 8 86.204 -1 0.0)
#(0 275246 8 86.204 -1 0.0)
#(0 275247 8 86.204 -1 0.0)
#(0 275248 8 86.204 -1 0.0)
#(0 275249 8 86.204 -1 0.0)
#(0 275250 8 86.204 -1 0.0)
#(0 275251 8 86.204 -1 0.0)
#(0 275252 8 86.204 -1 0.0)
#(0 275253 8 86.204 -1 0.0)
#(0 412346 8 86.204 -1 0.0)
#(0 412352 8 86.204 -1 0.0)
#(0 412356 8 86.204 -1 0.0)
#(0 412357 8 86.204 -1 0.0)
#(0 412358 8 86.204 -1 0.0)
#(0 412359 8 86.204 -1 0.0)
#(0 412360 8 86.204 -1 0.0)
#(0 412361 8 86.204 -1 0.0)
#(0 412362 8 86.204 -1 0.0)
#(0 412363 8 86.204 -1 0.0)
#(0 412365 8 86.204 -1 0.0)
#(0 412366 8 86.204 -1 0.0)
#(0 412367 8 86.204 -1 0.0)
#(0 412368 8 86.204 -1 0.0)
#(0 224 9 86.204 -1 0.0)
#(0 225 9 86.204 -1 0.0)
#(0 226 9 86.204 -1 0.0)
#(0 227 9 86.204 -1 0.0)
#(0 228 9 86.204 -1 0.0)
#(0 229 9 86.204 -1 0.0)
#(0 231 9 86.204 -1 0.0)
#(0 232 9 86.204 -1 0.0)
#(0 234 9 86.204 -1 0.0)
#(0 235 9 86.204 -1 0.0)
#(0 236 9 86.204 -1 0.0)
#(0 238 9 86.204 -1 0.0)
#(0 137729 9 86.204 -1 0.0)
#(0 137730 9 86.204 -1 0.0)
#(0 137731 9 86.204 -1 0.0)
#(0 137732 9 86.204 -1 0.0)
#(0 137733 9 86.204 -1 0.0)
#(0 137734 9 86.204 -1 0.0)
#(0 137735 9 86.219 -1 0.0)
#(0 137736 9 86.219 -1 0.0)
#(0 137737 9 86.219 -1 0.0)
#(0 137738 9 86.219 -1 0.0)
#(0 275254 9 86.219 -1 0.0)
#(0 275255 9 86.219 -1 0.0)
#(0 275257 9 86.219 -1 0.0)
#(0 275258 9 86.219 -1 0.0)
#(0 275259 9 86.219 -1 0.0)
#(0 275260 9 86.219 -1 0.0)
#(0 275261 9 86.219 -1 0.0)
#(0 275262 9 86.219 -1 0.0)
#(0 275263 9 86.219 -1 0.0)
#(0 275264 9 86.219 -1 0.0)
#(0 275265 9 86.219 -1 0.0)
#(0 275266 9 86.219 -1 0.0)
#(0 275267 9 86.219 -1 0.0)
#(0 412364 9 86.219 -1 0.0)
#(0 412369 9 86.219 -1 0.0)
#(0 412370 9 86.219 -1 0.0)
#(0 412371 9 86.219 -1 0.0)
#(0 412372 9 86.219 -1 0.0)
#(0 412373 9 86.219 -1 0.0)
#(0 412374 9 86.219 -1 0.0)
#(0 412375 9 86.219 -1 0.0)
#(0 412376 9 86.219 -1 0.0)
#(0 412377 9 86.219 -1 0.0)
#(0 412378 9 86.219 -1 0.0)
#(0 412379 9 86.219 -1 0.0)
#(0 412380 9 86.219 -1 0.0)
#(0 412381 9 86.219 -1 0.0)
#(0 230 10 86.219 -1 0.0)
#(0 239 10 86.219 -1 0.0)
#(0 240 10 86.219 -1 0.0)
#(0 241 10 86.219 -1 0.0)
#(0 242 10 86.219 -1 0.0)
#(0 243 10 86.219 -1 0.0)
#(0 244 10 86.219 -1 0.0)
#(0 245 10 86.219 -1 0.0)
#(0 246 10 86.219 -1 0.0)
#(0 247 10 86.219 -1 0.0)
#(0 248 10 86.219 -1 0.0)
#(0 137739 10 86.219 -1 0.0)
#(0 137741 10 86.219 -1 0.0)
#(0 137742 10 86.219 -1 0.0)
#(0 137743 10 86.219 -1 0.0)
#(0 137744 10 86.219 -1 0.0)
#(0 137745 10 86.219 -1 0.0)
#(0 137746 10 86.219 -1 0.0)
#(0 137748 10 86.219 -1 0.0)
#(0 137749 10 86.219 -1 0.0)
#(0 137750 10 86.219 -1 0.0)
#(0 275256 10 86.219 -1 0.0)
#(0 275268 10 86.219 -1 0.0)
#(0 275269 10 86.219 -1 0.0)
#(0 275270 10 86.219 -1 0.0)
#(0 275271 10 86.219 -1 0.0)
#(0 275272 10 86.219 -1 0.0)
#(0 275273 10 86.219 -1 0.0)
#(0 275274 10 86.219 -1 0.0)
#(0 275275 10 86.219 -1 0.0)
#(0 275276 10 86.219 -1 0.0)
#(0 275277 10 86.219 -1 0.0)
#(0 275278 10 86.219 -1 0.0)
#(0 275279 10 86.219 -1 0.0)
#(0 275280 10 86.219 -1 0.0)
#(0 275281 10 86.219 -1 0.0)
#(0 275282 10 86.219 -1 0.0)
#(0 412382 10 86.219 -1 0.0)
#(0 412383 10 86.219 -1 0.0)
#(0 412385 10 86.219 -1 0.0)
#(0 412386 10 86.219 -1 0.0)
#(0 412387 10 86.219 -1 0.0)
#(0 412388 10 86.219 -1 0.0)
#(0 412389 10 86.219 -1 0.0)
#(0 412390 10 86.219 -1 0.0)
#(0 233 11 86.219 -1 0.0)
#(0 237 11 86.219 -1 0.0)
#(0 249 11 86.219 -1 0.0)
#(0 250 11 86.219 -1 0.0)
#(0 251 11 86.219 -1 0.0)
#(0 252 11 86.219 -1 0.0)
#(0 253 11 86.219 -1 0.0)
#(0 255 11 86.219 -1 0.0)
#(0 256 11 86.219 -1 0.0)
#(0 257 11 86.219 -1 0.0)
#(0 258 11 86.219 -1 0.0)
#(0 259 11 86.219 -1 0.0)
#(0 260 11 86.219 -1 0.0)
#(0 261 11 86.219 -1 0.0)
#(0 262 11 86.219 -1 0.0)
#(0 263 11 86.219 -1 0.0)
#(0 264 11 86.219 -1 0.0)
#(0 265 11 86.219 -1 0.0)
#(0 266 11 86.219 -1 0.0)
#(0 267 11 86.219 -1 0.0)
#(0 268 11 86.219 -1 0.0)
#(0 137740 11 86.219 -1 0.0)
#(0 137751 11 86.219 -1 0.0)
#(0 137752 11 86.219 -1 0.0)
#(0 137753 11 86.219 -1 0.0)
#(0 137755 11 86.219 -1 0.0)
#(0 137756 11 86.219 -1 0.0)
#(0 137757 11 86.235 -1 0.0)
#(0 137759 11 86.235 -1 0.0)
#(0 137760 11 86.235 -1 0.0)
#(0 137761 11 86.235 -1 0.0)
#(0 137762 11 86.235 -1 0.0)
#(0 275283 11 86.235 -1 0.0)
#(0 275284 11 86.235 -1 0.0)
#(0 275285 11 86.235 -1 0.0)
#(0 275286 11 86.235 -1 0.0)
#(0 275287 11 86.235 -1 0.0)
#(0 275288 11 86.235 -1 0.0)
#(0 275289 11 86.235 -1 0.0)
#(0 275290 11 86.235 -1 0.0)
#(0 275291 11 86.235 -1 0.0)
#(0 275292 11 86.235 -1 0.0)
#(0 275293 11 86.235 -1 0.0)
#(0 275294 11 86.235 -1 0.0)
#(0 275295 11 86.235 -1 0.0)
#(0 275296 11 86.235 -1 0.0)
#(0 275297 11 86.235 -1 0.0)
#(0 412384 11 86.235 -1 0.0)
#(0 412391 11 86.235 -1 0.0)
#(0 412392 11 86.235 -1 0.0)
#(0 412393 11 86.235 -1 0.0)
#(0 412394 11 86.235 -1 0.0)
#(0 412395 11 86.235 -1 0.0)
#(0 412396 11 86.235 -1 0.0)
#(0 412397 11 86.235 -1 0.0)
#(0 412398 11 86.235 -1 0.0)
#(0 412399 11 86.235 -1 0.0)
#(0 412400 11 86.235 -1 0.0)
#(0 412401 11 86.235 -1 0.0)
#(0 412402 11 86.235 -1 0.0)
#(0 254 12 86.235 -1 0.0)
#(0 269 12 86.235 -1 0.0)
#(0 270 12 86.235 -1 0.0)
#(0 271 12 86.235 -1 0.0)
#(0 272 12 86.235 -1 0.0)
#(0 273 12 86.235 -1 0.0)
#(0 274 12 86.235 -1 0.0)
#(0 276 12 86.235 -1 0.0)
#(0 279 12 86.235 -1 0.0)
#(0 280 12 86.235 -1 0.0)
#(0 282 12 86.235 -1 0.0)
#(0 283 12 86.235 -1 0.0)
#(0 284 12 86.235 -1 0.0)
#(0 285 12 86.235 -1 0.0)
#(0 137747 12 86.235 -1 0.0)
#(0 137754 12 86.235 -1 0.0)
#(0 137758 12 86.235 -1 0.0)
#(0 137763 12 86.235 -1 0.0)
#(0 137764 12 86.235 -1 0.0)
#(0 137765 12 86.235 -1 0.0)
#(0 137766 12 86.235 -1 0.0)
#(0 137767 12 86.235 -1 0.0)
#(0 137768 12 86.235 -1 0.0)
#(0 137769 12 86.235 -1 0.0)
#(0 137770 12 86.235 -1 0.0)
#(0 137771 12 86.235 -1 0.0)
#(0 137772 12 86.235 -1 0.0)
#(0 137774 12 86.235 -1 0.0)
#(0 137775 12 86.235 -1 0.0)
#(0 137777 12 86.235 -1 0.0)
#(0 137778 12 86.235 -1 0.0)
#(0 275299 12 86.235 -1 0.0)
#(0 275300 12 86.235 -1 0.0)
#(0 275301 12 86.235 -1 0.0)
#(0 275302 12 86.235 -1 0.0)
#(0 275303 12 86.235 -1 0.0)
#(0 275304 12 86.235 -1 0.0)
#(0 275305 12 86.235 -1 0.0)
#(0 275307 12 86.235 -1 0.0)
#(0 275308 12 86.235 -1 0.0)
#(0 275309 12 86.235 -1 0.0)
#(0 275310 12 86.235 -1 0.0)
#(0 275311 12 86.235 -1 0.0)
#(0 275313 12 86.235 -1 0.0)
#(0 275314 12 86.235 -1 0.0)
#(0 275315 12 86.235 -1 0.0)
#(0 412403 12 86.235 -1 0.0)
#(0 412404 12 86.235 -1 0.0)
#(0 412405 12 86.235 -1 0.0)
#(0 412406 12 86.235 -1 0.0)
#(0 412407 12 86.235 -1 0.0)
#(0 412408 12 86.235 -1 0.0)
#(0 412409 12 86.235 -1 0.0)
#(0 412410 12 86.235 -1 0.0)
#(0 412411 12 86.235 -1 0.0)
#(0 412412 12 86.235 -1 0.0)
#(0 412413 12 86.235 -1 0.0)
#(0 275 13 86.235 -1 0.0)
#(0 277 13 86.235 -1 0.0)
#(0 286 13 86.235 -1 0.0)
#(0 287 13 86.235 -1 0.0)
#(0 288 13 86.235 -1 0.0)
#(0 289 13 86.235 -1 0.0)
#(0 290 13 86.235 -1 0.0)
#(0 291 13 86.235 -1 0.0)
#(0 292 13 86.235 -1 0.0)
#(0 293 13 86.25 -1 0.0)
#(0 294 13 86.25 -1 0.0)
#(0 295 13 86.25 -1 0.0)
#(0 296 13 86.25 -1 0.0)
#(0 297 13 86.25 -1 0.0)
#(0 137773 13 86.25 -1 0.0)
#(0 137776 13 86.25 -1 0.0)
#(0 137779 13 86.25 -1 0.0)
#(0 137780 13 86.25 -1 0.0)
#(0 137781 13 86.25 -1 0.0)
#(0 137782 13 86.25 -1 0.0)
#(0 137783 13 86.25 -1 0.0)
#(0 137784 13 86.25 -1 0.0)
#(0 137786 13 86.25 -1 0.0)
#(0 137787 13 86.25 -1 0.0)
#(0 137789 13 86.25 -1 0.0)
#(0 137791 13 86.25 -1 0.0)
#(0 137792 13 86.25 -1 0.0)
#(0 137793 13 86.25 -1 0.0)
#(0 137794 13 86.25 -1 0.0)
#(0 137795 13 86.25 -1 0.0)
#(0 137796 13 86.25 -1 0.0)
#(0 275298 13 86.25 -1 0.0)
#(0 275312 13 86.25 -1 0.0)
#(0 275317 13 86.25 -1 0.0)
#(0 275318 13 86.25 -1 0.0)
#(0 275319 13 86.25 -1 0.0)
#(0 275320 13 86.25 -1 0.0)
#(0 275321 13 86.25 -1 0.0)
#(0 275322 13 86.25 -1 0.0)
#(0 275323 13 86.25 -1 0.0)
#(0 275324 13 86.25 -1 0.0)
#(0 275325 13 86.25 -1 0.0)
#(0 275326 13 86.25 -1 0.0)
#(0 275327 13 86.25 -1 0.0)
#(0 275328 13 86.25 -1 0.0)
#(0 275329 13 86.25 -1 0.0)
#(0 275330 13 86.25 -1 0.0)
#(0 412414 13 86.25 -1 0.0)
#(0 412415 13 86.25 -1 0.0)
#(0 412416 13 86.25 -1 0.0)
#(0 412417 13 86.25 -1 0.0)
#(0 412418 13 86.25 -1 0.0)
#(0 412419 13 86.25 -1 0.0)
#(0 412420 13 86.25 -1 0.0)
#(0 412421 13 86.25 -1 0.0)
#(0 412422 13 86.25 -1 0.0)
#(0 412423 13 86.25 -1 0.0)
#(0 412424 13 86.25 -1 0.0)
#(0 412425 13 86.25 -1 0.0)
#(0 412426 13 86.25 -1 0.0)
#(0 412427 13 86.25 -1 0.0)
#(0 412428 13 86.25 -1 0.0)
#(0 412429 13 86.25 -1 0.0)
#(0 278 14 86.25 -1 0.0)
#(0 281 14 86.25 -1 0.0)
#(0 298 14 86.25 -1 0.0)
#(0 300 14 86.25 -1 0.0)
#(0 301 14 86.25 -1 0.0)
#(0 302 14 86.25 -1 0.0)
#(0 303 14 86.25 -1 0.0)
#(0 304 14 86.25 -1 0.0)
#(0 305 14 86.25 -1 0.0)
#(0 306 14 86.25 -1 0.0)
#(0 307 14 86.25 -1 0.0)
#(0 308 14 86.25 -1 0.0)
#(0 137785 14 86.25 -1 0.0)
#(0 137788 14 86.25 -1 0.0)
#(0 137797 14 86.25 -1 0.0)
#(0 137798 14 86.25 -1 0.0)
#(0 137799 14 86.25 -1 0.0)
#(0 137800 14 86.25 -1 0.0)
#(0 137801 14 86.25 -1 0.0)
#(0 137802 14 86.25 -1 0.0)
#(0 137804 14 86.25 -1 0.0)
#(0 137806 14 86.25 -1 0.0)
#(0 137807 14 86.25 -1 0.0)
#(0 137808 14 86.25 -1 0.0)
#(0 137809 14 86.25 -1 0.0)
#(0 137810 14 86.25 -1 0.0)
#(0 137811 14 86.25 -1 0.0)
#(0 137812 14 86.25 -1 0.0)
#(0 137813 14 86.25 -1 0.0)
#(0 275306 14 86.25 -1 0.0)
#(0 275316 14 86.25 -1 0.0)
#(0 275331 14 86.25 -1 0.0)
#(0 275332 14 86.25 -1 0.0)
#(0 275333 14 86.25 -1 0.0)
#(0 275334 14 86.25 -1 0.0)
#(0 275335 14 86.25 -1 0.0)
#(0 275336 14 86.25 -1 0.0)
#(0 275337 14 86.25 -1 0.0)
#(0 275338 14 86.25 -1 0.0)
#(0 275339 14 86.25 -1 0.0)
#(0 275340 14 86.25 -1 0.0)
#(0 275341 14 86.25 -1 0.0)
#(0 275342 14 86.25 -1 0.0)
#(0 275343 14 86.25 -1 0.0)
#(0 275344 14 86.25 -1 0.0)
#(0 412430 14 86.25 -1 0.0)
#(0 412431 14 86.25 -1 0.0)
#(0 412434 14 86.25 -1 0.0)
#(0 412435 14 86.266 -1 0.0)
#(0 412436 14 86.266 -1 0.0)
#(0 412437 14 86.266 -1 0.0)
#(0 412438 14 86.266 -1 0.0)
#(0 412440 14 86.266 -1 0.0)
#(0 412441 14 86.266 -1 0.0)
#(0 412442 14 86.266 -1 0.0)
#(0 412443 14 86.266 -1 0.0)
#(0 412445 14 86.266 -1 0.0)
#(0 299 15 86.266 -1 0.0)
#(0 309 15 86.266 -1 0.0)
#(0 310 15 86.266 -1 0.0)
#(0 311 15 86.266 -1 0.0)
#(0 312 15 86.266 -1 0.0)
#(0 313 15 86.266 -1 0.0)
#(0 314 15 86.266 -1 0.0)
#(0 315 15 86.266 -1 0.0)
#(0 316 15 86.266 -1 0.0)
#(0 317 15 86.266 -1 0.0)
#(0 318 15 86.266 -1 0.0)
#(0 319 15 86.266 -1 0.0)
#(0 137790 15 86.266 -1 0.0)
#(0 137803 15 86.266 -1 0.0)
#(0 137805 15 86.266 -1 0.0)
#(0 137814 15 86.266 -1 0.0)
#(0 137816 15 86.266 -1 0.0)
#(0 137817 15 86.266 -1 0.0)
#(0 137818 15 86.266 -1 0.0)
#(0 137821 15 86.266 -1 0.0)
#(0 137822 15 86.266 -1 0.0)
#(0 275345 15 86.266 -1 0.0)
#(0 275346 15 86.266 -1 0.0)
#(0 275347 15 86.266 -1 0.0)
#(0 275348 15 86.266 -1 0.0)
#(0 275349 15 86.266 -1 0.0)
#(0 275350 15 86.266 -1 0.0)
#(0 275351 15 86.266 -1 0.0)
#(0 275352 15 86.266 -1 0.0)
#(0 275353 15 86.266 -1 0.0)
#(0 275354 15 86.266 -1 0.0)
#(0 275355 15 86.266 -1 0.0)
#(0 275356 15 86.266 -1 0.0)
#(0 275357 15 86.266 -1 0.0)
#(0 275358 15 86.266 -1 0.0)
#(0 412432 15 86.266 -1 0.0)
#(0 412433 15 86.266 -1 0.0)
#(0 412439 15 86.266 -1 0.0)
#(0 412446 15 86.266 -1 0.0)
#(0 412447 15 86.266 -1 0.0)
#(0 412448 15 86.266 -1 0.0)
#(0 412449 15 86.266 -1 0.0)
#(0 412450 15 86.266 -1 0.0)
#(0 412451 15 86.266 -1 0.0)
#(0 412452 15 86.266 -1 0.0)
#(0 412453 15 86.266 -1 0.0)
#(0 412454 15 86.266 -1 0.0)
#(0 320 16 86.266 -1 0.0)
#(0 321 16 86.266 -1 0.0)
#(0 322 16 86.266 -1 0.0)
#(0 323 16 86.266 -1 0.0)
#(0 324 16 86.266 -1 0.0)
#(0 325 16 86.266 -1 0.0)
#(0 326 16 86.266 -1 0.0)
#(0 328 16 86.266 -1 0.0)
#(0 329 16 86.266 -1 0.0)
#(0 330 16 86.266 -1 0.0)
#(0 332 16 86.266 -1 0.0)
#(0 333 16 86.266 -1 0.0)
#(0 334 16 86.266 -1 0.0)
#(0 137815 16 86.266 -1 0.0)
#(0 137823 16 86.266 -1 0.0)
#(0 137824 16 86.266 -1 0.0)
#(0 137825 16 86.266 -1 0.0)
#(0 137826 16 86.266 -1 0.0)
#(0 137827 16 86.266 -1 0.0)
#(0 137828 16 86.266 -1 0.0)
#(0 137829 16 86.266 -1 0.0)
#(0 137830 16 86.266 -1 0.0)
#(0 137831 16 86.266 -1 0.0)
#(0 137832 16 86.266 -1 0.0)
#(0 137833 16 86.266 -1 0.0)
#(0 137834 16 86.266 -1 0.0)
#(0 137835 16 86.266 -1 0.0)
#(0 137836 16 86.266 -1 0.0)
#(0 137837 16 86.266 -1 0.0)
#(0 137838 16 86.266 -1 0.0)
#(0 275359 16 86.266 -1 0.0)
#(0 275360 16 86.266 -1 0.0)
#(0 275361 16 86.266 -1 0.0)
#(0 275362 16 86.266 -1 0.0)
#(0 275363 16 86.266 -1 0.0)
#(0 275365 16 86.266 -1 0.0)
#(0 275366 16 86.266 -1 0.0)
#(0 275368 16 86.266 -1 0.0)
#(0 412444 16 86.266 -1 0.0)
#(0 412455 16 86.266 -1 0.0)
#(0 412456 16 86.266 -1 0.0)
#(0 412457 16 86.266 -1 0.0)
#(0 412458 16 86.266 -1 0.0)
#(0 412459 16 86.282 -1 0.0)
#(0 412460 16 86.282 -1 0.0)
#(0 412461 16 86.282 -1 0.0)
#(0 412462 16 86.282 -1 0.0)
#(0 412463 16 86.282 -1 0.0)
#(0 412464 16 86.282 -1 0.0)
#(0 412467 16 86.282 -1 0.0)
#(0 327 17 86.282 -1 0.0)
#(0 331 17 86.282 -1 0.0)
#(0 335 17 86.282 -1 0.0)
#(0 336 17 86.282 -1 0.0)
#(0 337 17 86.282 -1 0.0)
#(0 338 17 86.282 -1 0.0)
#(0 340 17 86.282 -1 0.0)
#(0 342 17 86.282 -1 0.0)
#(0 343 17 86.282 -1 0.0)
#(0 344 17 86.282 -1 0.0)
#(0 345 17 86.282 -1 0.0)
#(0 346 17 86.282 -1 0.0)
#(0 137819 17 86.282 -1 0.0)
#(0 137839 17 86.282 -1 0.0)
#(0 137840 17 86.282 -1 0.0)
#(0 137841 17 86.282 -1 0.0)
#(0 137842 17 86.282 -1 0.0)
#(0 137843 17 86.282 -1 0.0)
#(0 137845 17 86.282 -1 0.0)
#(0 137846 17 86.282 -1 0.0)
#(0 275364 17 86.282 -1 0.0)
#(0 275369 17 86.282 -1 0.0)
#(0 275370 17 86.282 -1 0.0)
#(0 275371 17 86.282 -1 0.0)
#(0 275372 17 86.282 -1 0.0)
#(0 275373 17 86.282 -1 0.0)
#(0 275375 17 86.282 -1 0.0)
#(0 275376 17 86.282 -1 0.0)
#(0 275377 17 86.282 -1 0.0)
#(0 275379 17 86.282 -1 0.0)
#(0 412468 17 86.282 -1 0.0)
#(0 412469 17 86.282 -1 0.0)
#(0 412470 17 86.282 -1 0.0)
#(0 412471 17 86.282 -1 0.0)
#(0 412472 17 86.282 -1 0.0)
#(0 412475 17 86.282 -1 0.0)
#(0 412476 17 86.282 -1 0.0)
#(0 412477 17 86.282 -1 0.0)
#(0 339 18 86.282 -1 0.0)
#(0 341 18 86.282 -1 0.0)
#(0 348 18 86.282 -1 0.0)
#(0 349 18 86.282 -1 0.0)
#(0 350 18 86.282 -1 0.0)
#(0 351 18 86.282 -1 0.0)
#(0 352 18 86.282 -1 0.0)
#(0 353 18 86.282 -1 0.0)
#(0 354 18 86.282 -1 0.0)
#(0 355 18 86.282 -1 0.0)
#(0 356 18 86.282 -1 0.0)
#(0 357 18 86.282 -1 0.0)
#(0 358 18 86.282 -1 0.0)
#(0 359 18 86.282 -1 0.0)
#(0 360 18 86.282 -1 0.0)
#(0 361 18 86.282 -1 0.0)
#(0 137820 18 86.282 -1 0.0)
#(0 137844 18 86.282 -1 0.0)
#(0 137847 18 86.282 -1 0.0)
#(0 137848 18 86.282 -1 0.0)
#(0 137849 18 86.282 -1 0.0)
#(0 137850 18 86.282 -1 0.0)
#(0 137851 18 86.282 -1 0.0)
#(0 137852 18 86.282 -1 0.0)
#(0 137853 18 86.282 -1 0.0)
#(0 137854 18 86.282 -1 0.0)
#(0 137855 18 86.282 -1 0.0)
#(0 137856 18 86.282 -1 0.0)
#(0 137857 18 86.282 -1 0.0)
#(0 137858 18 86.282 -1 0.0)
#(0 137859 18 86.282 -1 0.0)
#(0 275367 18 86.282 -1 0.0)
#(0 275374 18 86.282 -1 0.0)
#(0 275378 18 86.282 -1 0.0)
#(0 275380 18 86.282 -1 0.0)
#(0 275381 18 86.282 -1 0.0)
#(0 275382 18 86.282 -1 0.0)
#(0 275383 18 86.282 -1 0.0)
#(0 275384 18 86.282 -1 0.0)
#(0 275385 18 86.282 -1 0.0)
#(0 275386 18 86.282 -1 0.0)
#(0 275387 18 86.282 -1 0.0)
#(0 275388 18 86.282 -1 0.0)
#(0 275389 18 86.282 -1 0.0)
#(0 275390 18 86.282 -1 0.0)
#(0 275391 18 86.282 -1 0.0)
#(0 275393 18 86.282 -1 0.0)
#(0 412465 18 86.282 -1 0.0)
#(0 412466 18 86.282 -1 0.0)
#(0 412474 18 86.282 -1 0.0)
#(0 412478 18 86.282 -1 0.0)
#(0 412479 18 86.282 -1 0.0)
#(0 412480 18 86.282 -1 0.0)
#(0 412481 18 86.297 -1 0.0)
#(0 412483 18 86.297 -1 0.0)
#(0 412484 18 86.297 -1 0.0)
#(0 412485 18 86.297 -1 0.0)
#(0 347 19 86.297 -1 0.0)
#(0 363 19 86.297 -1 0.0)
#(0 364 19 86.297 -1 0.0)
#(0 365 19 86.297 -1 0.0)
#(0 366 19 86.297 -1 0.0)
#(0 367 19 86.297 -1 0.0)
#(0 368 19 86.297 -1 0.0)
#(0 369 19 86.297 -1 0.0)
#(0 371 19 86.297 -1 0.0)
#(0 372 19 86.297 -1 0.0)
#(0 373 19 86.297 -1 0.0)
#(0 374 19 86.297 -1 0.0)
#(0 137860 19 86.297 -1 0.0)
#(0 137861 19 86.297 -1 0.0)
#(0 137862 19 86.297 -1 0.0)
#(0 137863 19 86.297 -1 0.0)
#(0 137864 19 86.297 -1 0.0)
#(0 137865 19 86.297 -1 0.0)
#(0 137866 19 86.297 -1 0.0)
#(0 137867 19 86.297 -1 0.0)
#(0 137869 19 86.297 -1 0.0)
#(0 137870 19 86.297 -1 0.0)
#(0 137871 19 86.297 -1 0.0)
#(0 137873 19 86.297 -1 0.0)
#(0 137874 19 86.297 -1 0.0)
#(0 137875 19 86.297 -1 0.0)
#(0 137876 19 86.297 -1 0.0)
#(0 137878 19 86.297 -1 0.0)
#(0 275392 19 86.297 -1 0.0)
#(0 275394 19 86.297 -1 0.0)
#(0 275395 19 86.297 -1 0.0)
#(0 275396 19 86.297 -1 0.0)
#(0 275397 19 86.297 -1 0.0)
#(0 275398 19 86.297 -1 0.0)
#(0 275400 19 86.297 -1 0.0)
#(0 275401 19 86.297 -1 0.0)
#(0 275402 19 86.297 -1 0.0)
#(0 275403 19 86.297 -1 0.0)
#(0 275404 19 86.297 -1 0.0)
#(0 275405 19 86.297 -1 0.0)
#(0 275406 19 86.297 -1 0.0)
#(0 275407 19 86.297 -1 0.0)
#(0 275408 19 86.297 -1 0.0)
#(0 275409 19 86.297 -1 0.0)
#(0 275410 19 86.297 -1 0.0)
#(0 412473 19 86.297 -1 0.0)
#(0 412486 19 86.297 -1 0.0)
#(0 412487 19 86.297 -1 0.0)
#(0 412488 19 86.297 -1 0.0)
#(0 412489 19 86.297 -1 0.0)
#(0 412490 19 86.297 -1 0.0)
#(0 412491 19 86.297 -1 0.0)
#(0 412492 19 86.297 -1 0.0)
#(0 412493 19 86.297 -1 0.0)
#(0 412494 19 86.297 -1 0.0)
#(0 412495 19 86.297 -1 0.0)
#(0 412496 19 86.297 -1 0.0)
#(0 412497 19 86.297 -1 0.0)
#(0 412498 19 86.297 -1 0.0)
#(0 362 20 86.297 -1 0.0)
#(0 370 20 86.297 -1 0.0)
#(0 375 20 86.297 -1 0.0)
#(0 376 20 86.297 -1 0.0)
#(0 377 20 86.297 -1 0.0)
#(0 378 20 86.297 -1 0.0)
#(0 379 20 86.297 -1 0.0)
#(0 380 20 86.297 -1 0.0)
#(0 381 20 86.297 -1 0.0)
#(0 382 20 86.297 -1 0.0)
#(0 383 20 86.297 -1 0.0)
#(0 384 20 86.297 -1 0.0)
#(0 385 20 86.297 -1 0.0)
#(0 386 20 86.297 -1 0.0)
#(0 137868 20 86.297 -1 0.0)
#(0 137872 20 86.297 -1 0.0)
#(0 137879 20 86.297 -1 0.0)
#(0 137880 20 86.297 -1 0.0)
#(0 137881 20 86.297 -1 0.0)
#(0 137882 20 86.297 -1 0.0)
#(0 137883 20 86.297 -1 0.0)
#(0 137884 20 86.297 -1 0.0)
#(0 137885 20 86.297 -1 0.0)
#(0 137886 20 86.297 -1 0.0)
#(0 137887 20 86.297 -1 0.0)
#(0 137888 20 86.297 -1 0.0)
#(0 137889 20 86.297 -1 0.0)
#(0 137890 20 86.297 -1 0.0)
#(0 137891 20 86.297 -1 0.0)
#(0 275399 20 86.297 -1 0.0)
#(0 275411 20 86.297 -1 0.0)
#(0 275412 20 86.297 -1 0.0)
#(0 275413 20 86.297 -1 0.0)
#(0 275414 20 86.297 -1 0.0)
#(0 275415 20 86.297 -1 0.0)
#(0 275416 20 86.297 -1 0.0)
#(0 275417 20 86.297 -1 0.0)
#(0 275418 20 86.297 -1 0.0)
#(0 275419 20 86.297 -1 0.0)
#(0 412482 20 86.297 -1 0.0)
#(0 412499 20 86.297 -1 0.0)
#(0 412500 20 86.313 -1 0.0)
#(0 412502 20 86.313 -1 0.0)
#(0 412503 20 86.313 -1 0.0)
#(0 412504 20 86.313 -1 0.0)
#(0 412505 20 86.313 -1 0.0)
#(0 387 21 86.313 -1 0.0)
#(0 388 21 86.313 -1 0.0)
#(0 389 21 86.313 -1 0.0)
#(0 390 21 86.313 -1 0.0)
#(0 391 21 86.313 -1 0.0)
#(0 392 21 86.313 -1 0.0)
#(0 393 21 86.313 -1 0.0)
#(0 395 21 86.313 -1 0.0)
#(0 137892 21 86.313 -1 0.0)
#(0 137893 21 86.313 -1 0.0)
#(0 137894 21 86.313 -1 0.0)
#(0 137895 21 86.313 -1 0.0)
#(0 137897 21 86.313 -1 0.0)
#(0 137898 21 86.313 -1 0.0)
#(0 137899 21 86.313 -1 0.0)
#(0 137900 21 86.313 -1 0.0)
#(0 275420 21 86.313 -1 0.0)
#(0 275421 21 86.313 -1 0.0)
#(0 275422 21 86.313 -1 0.0)
#(0 275424 21 86.313 -1 0.0)
#(0 275425 21 86.313 -1 0.0)
#(0 275426 21 86.313 -1 0.0)
#(0 275427 21 86.313 -1 0.0)
#(0 412501 21 86.313 -1 0.0)
#(0 412506 21 86.313 -1 0.0)
#(0 412507 21 86.313 -1 0.0)
#(0 412508 21 86.313 -1 0.0)
#(0 412509 21 86.313 -1 0.0)
#(0 412510 21 86.313 -1 0.0)
#(0 412511 21 86.313 -1 0.0)
#(0 412512 21 86.313 -1 0.0)
#(0 394 22 86.313 -1 0.0)
#(0 396 22 86.313 -1 0.0)
#(0 397 22 86.313 -1 0.0)
#(0 398 22 86.313 -1 0.0)
#(0 399 22 86.313 -1 0.0)
#(0 400 22 86.313 -1 0.0)
#(0 401 22 86.313 -1 0.0)
#(0 402 22 86.313 -1 0.0)
#(0 403 22 86.313 -1 0.0)
#(0 404 22 86.313 -1 0.0)
#(0 405 22 86.313 -1 0.0)
#(0 137877 22 86.313 -1 0.0)
#(0 137896 22 86.313 -1 0.0)
#(0 137901 22 86.313 -1 0.0)
#(0 137902 22 86.313 -1 0.0)
#(0 137903 22 86.313 -1 0.0)
#(0 137904 22 86.313 -1 0.0)
#(0 137905 22 86.313 -1 0.0)
#(0 137906 22 86.313 -1 0.0)
#(0 137907 22 86.313 -1 0.0)
#(0 137908 22 86.313 -1 0.0)
#(0 137909 22 86.313 -1 0.0)
#(0 137910 22 86.313 -1 0.0)
#(0 137911 22 86.313 -1 0.0)
#(0 275423 22 86.313 -1 0.0)
#(0 275428 22 86.313 -1 0.0)
#(0 275429 22 86.313 -1 0.0)
#(0 275430 22 86.313 -1 0.0)
#(0 275431 22 86.313 -1 0.0)
#(0 275432 22 86.313 -1 0.0)
#(0 275433 22 86.313 -1 0.0)
#(0 275435 22 86.313 -1 0.0)
#(0 275436 22 86.313 -1 0.0)
#(0 275437 22 86.313 -1 0.0)
#(0 275438 22 86.313 -1 0.0)
#(0 275439 22 86.313 -1 0.0)
#(0 275440 22 86.313 -1 0.0)
#(0 275441 22 86.313 -1 0.0)
#(0 412513 22 86.313 -1 0.0)
#(0 412514 22 86.313 -1 0.0)
#(0 412515 22 86.313 -1 0.0)
#(0 412517 22 86.313 -1 0.0)
#(0 412518 22 86.313 -1 0.0)
#(0 412519 22 86.313 -1 0.0)
#(0 412520 22 86.313 -1 0.0)
#(0 412521 22 86.313 -1 0.0)
#(0 412522 22 86.313 -1 0.0)
#(0 412524 22 86.313 -1 0.0)
#(0 412525 22 86.313 -1 0.0)
#(0 412526 22 86.313 -1 0.0)
#(0 406 23 86.313 -1 0.0)
#(0 407 23 86.313 -1 0.0)
#(0 408 23 86.313 -1 0.0)
#(0 409 23 86.313 -1 0.0)
#(0 410 23 86.313 -1 0.0)
#(0 411 23 86.313 -1 0.0)
#(0 412 23 86.313 -1 0.0)
#(0 413 23 86.313 -1 0.0)
#(0 414 23 86.313 -1 0.0)
#(0 415 23 86.313 -1 0.0)
#(0 416 23 86.313 -1 0.0)
#(0 417 23 86.313 -1 0.0)
#(0 418 23 86.313 -1 0.0)
#(0 420 23 86.313 -1 0.0)
#(0 421 23 86.329 -1 0.0)
#(0 422 23 86.329 -1 0.0)
#(0 137912 23 86.329 -1 0.0)
#(0 137913 23 86.329 -1 0.0)
#(0 137914 23 86.329 -1 0.0)
#(0 137917 23 86.329 -1 0.0)
#(0 137918 23 86.329 -1 0.0)
#(0 137919 23 86.329 -1 0.0)
#(0 275434 23 86.329 -1 0.0)
#(0 275442 23 86.329 -1 0.0)
#(0 275443 23 86.329 -1 0.0)
#(0 275444 23 86.329 -1 0.0)
#(0 275445 23 86.329 -1 0.0)
#(0 275447 23 86.329 -1 0.0)
#(0 275449 23 86.329 -1 0.0)
#(0 275450 23 86.329 -1 0.0)
#(0 275451 23 86.329 -1 0.0)
#(0 275452 23 86.329 -1 0.0)
#(0 275453 23 86.329 -1 0.0)
#(0 412516 23 86.329 -1 0.0)
#(0 412527 23 86.329 -1 0.0)
#(0 412528 23 86.329 -1 0.0)
#(0 412529 23 86.329 -1 0.0)
#(0 412531 23 86.329 -1 0.0)
#(0 412532 23 86.329 -1 0.0)
#(0 412533 23 86.329 -1 0.0)
#(0 412534 23 86.329 -1 0.0)
#(0 412535 23 86.329 -1 0.0)
#(0 412536 23 86.329 -1 0.0)
#(0 412538 23 86.329 -1 0.0)
#(0 412539 23 86.329 -1 0.0)
#(0 412540 23 86.329 -1 0.0)
#(0 412541 23 86.329 -1 0.0)
#(0 412542 23 86.329 -1 0.0)
#(0 412543 23 86.329 -1 0.0)
#(0 423 24 86.329 -1 0.0)
#(0 424 24 86.329 -1 0.0)
#(0 425 24 86.329 -1 0.0)
#(0 426 24 86.329 -1 0.0)
#(0 428 24 86.329 -1 0.0)
#(0 429 24 86.329 -1 0.0)
#(0 430 24 86.329 -1 0.0)
#(0 431 24 86.329 -1 0.0)
#(0 432 24 86.329 -1 0.0)
#(0 433 24 86.329 -1 0.0)
#(0 434 24 86.329 -1 0.0)
#(0 137915 24 86.329 -1 0.0)
#(0 137916 24 86.329 -1 0.0)
#(0 137920 24 86.329 -1 0.0)
#(0 137921 24 86.329 -1 0.0)
#(0 137922 24 86.329 -1 0.0)
#(0 137923 24 86.329 -1 0.0)
#(0 137924 24 86.329 -1 0.0)
#(0 137925 24 86.329 -1 0.0)
#(0 137927 24 86.329 -1 0.0)
#(0 275446 24 86.329 -1 0.0)
#(0 275448 24 86.329 -1 0.0)
#(0 275454 24 86.329 -1 0.0)
#(0 275455 24 86.329 -1 0.0)
#(0 275456 24 86.329 -1 0.0)
#(0 275457 24 86.329 -1 0.0)
#(0 275458 24 86.329 -1 0.0)
#(0 275459 24 86.329 -1 0.0)
#(0 275460 24 86.329 -1 0.0)
#(0 275461 24 86.329 -1 0.0)
#(0 275462 24 86.329 -1 0.0)
#(0 275463 24 86.329 -1 0.0)
#(0 412523 24 86.329 -1 0.0)
#(0 412530 24 86.329 -1 0.0)
#(0 412537 24 86.329 -1 0.0)
#(0 412544 24 86.329 -1 0.0)
#(0 412545 24 86.329 -1 0.0)
#(0 412546 24 86.329 -1 0.0)
#(0 412547 24 86.329 -1 0.0)
#(0 412548 24 86.329 -1 0.0)
#(0 412549 24 86.329 -1 0.0)
#(0 412550 24 86.329 -1 0.0)
#(0 412551 24 86.329 -1 0.0)
#(0 412552 24 86.329 -1 0.0)
#(0 412553 24 86.329 -1 0.0)
#(0 419 25 86.329 -1 0.0)
#(0 435 25 86.329 -1 0.0)
#(0 436 25 86.329 -1 0.0)
#(0 437 25 86.329 -1 0.0)
#(0 438 25 86.329 -1 0.0)
#(0 439 25 86.329 -1 0.0)
#(0 440 25 86.329 -1 0.0)
#(0 441 25 86.344 -1 0.0)
#(0 443 25 86.344 -1 0.0)
#(0 444 25 86.344 -1 0.0)
#(0 445 25 86.344 -1 0.0)
#(0 446 25 86.344 -1 0.0)
#(0 447 25 86.344 -1 0.0)
#(0 137926 25 86.344 -1 0.0)
#(0 137928 25 86.344 -1 0.0)
#(0 137929 25 86.344 -1 0.0)
#(0 137930 25 86.344 -1 0.0)
#(0 137931 25 86.344 -1 0.0)
#(0 137933 25 86.344 -1 0.0)
#(0 137934 25 86.344 -1 0.0)
#(0 137935 25 86.344 -1 0.0)
#(0 137936 25 86.344 -1 0.0)
#(0 137937 25 86.344 -1 0.0)
#(0 137938 25 86.344 -1 0.0)
#(0 137939 25 86.344 -1 0.0)
#(0 137940 25 86.344 -1 0.0)
#(0 137941 25 86.344 -1 0.0)
#(0 275464 25 86.344 -1 0.0)
#(0 275465 25 86.344 -1 0.0)
#(0 275466 25 86.344 -1 0.0)
#(0 275467 25 86.344 -1 0.0)
#(0 275468 25 86.344 -1 0.0)
#(0 275469 25 86.344 -1 0.0)
#(0 275470 25 86.344 -1 0.0)
#(0 275471 25 86.344 -1 0.0)
#(0 275472 25 86.344 -1 0.0)
#(0 275473 25 86.344 -1 0.0)
#(0 275474 25 86.344 -1 0.0)
#(0 275475 25 86.344 -1 0.0)
#(0 275477 25 86.344 -1 0.0)
#(0 275478 25 86.344 -1 0.0)
#(0 275480 25 86.344 -1 0.0)
#(0 412554 25 86.344 -1 0.0)
#(0 412555 25 86.344 -1 0.0)
#(0 412556 25 86.344 -1 0.0)
#(0 412557 25 86.344 -1 0.0)
#(0 412558 25 86.344 -1 0.0)
#(0 412559 25 86.344 -1 0.0)
#(0 412560 25 86.344 -1 0.0)
#(0 412561 25 86.344 -1 0.0)
#(0 412562 25 86.344 -1 0.0)
#(0 412563 25 86.344 -1 0.0)
#(0 412564 25 86.344 -1 0.0)
#(0 427 26 86.344 -1 0.0)
#(0 442 26 86.344 -1 0.0)
#(0 448 26 86.344 -1 0.0)
#(0 449 26 86.344 -1 0.0)
#(0 450 26 86.344 -1 0.0)
#(0 451 26 86.344 -1 0.0)
#(0 452 26 86.344 -1 0.0)
#(0 453 26 86.344 -1 0.0)
#(0 454 26 86.344 -1 0.0)
#(0 455 26 86.344 -1 0.0)
#(0 456 26 86.344 -1 0.0)
#(0 457 26 86.344 -1 0.0)
#(0 458 26 86.344 -1 0.0)
#(0 459 26 86.344 -1 0.0)
#(0 460 26 86.344 -1 0.0)
#(0 461 26 86.344 -1 0.0)
#(0 462 26 86.344 -1 0.0)
#(0 137932 26 86.344 -1 0.0)
#(0 137942 26 86.344 -1 0.0)
#(0 137943 26 86.344 -1 0.0)
#(0 137944 26 86.344 -1 0.0)
#(0 137945 26 86.344 -1 0.0)
#(0 137946 26 86.344 -1 0.0)
#(0 137947 26 86.344 -1 0.0)
#(0 137948 26 86.344 -1 0.0)
#(0 137949 26 86.344 -1 0.0)
#(0 137950 26 86.344 -1 0.0)
#(0 137951 26 86.344 -1 0.0)
#(0 137952 26 86.344 -1 0.0)
#(0 137953 26 86.344 -1 0.0)
#(0 137954 26 86.344 -1 0.0)
#(0 137955 26 86.344 -1 0.0)
#(0 275476 26 86.344 -1 0.0)
#(0 275481 26 86.344 -1 0.0)
#(0 275482 26 86.344 -1 0.0)
#(0 275483 26 86.344 -1 0.0)
#(0 275484 26 86.344 -1 0.0)
#(0 275485 26 86.344 -1 0.0)
#(0 275486 26 86.344 -1 0.0)
#(0 275487 26 86.344 -1 0.0)
#(0 275488 26 86.344 -1 0.0)
#(0 275489 26 86.344 -1 0.0)
#(0 412565 26 86.344 -1 0.0)
#(0 412566 26 86.344 -1 0.0)
#(0 412567 26 86.344 -1 0.0)
#(0 412568 26 86.344 -1 0.0)
#(0 412569 26 86.344 -1 0.0)
#(0 412570 26 86.344 -1 0.0)
#(0 412572 26 86.344 -1 0.0)
#(0 412573 26 86.344 -1 0.0)
#(0 412574 26 86.344 -1 0.0)
#(0 412575 26 86.344 -1 0.0)
#(0 412576 26 86.344 -1 0.0)
#(0 463 27 86.344 -1 0.0)
#(0 464 27 86.344 -1 0.0)
#(0 465 27 86.344 -1 0.0)
#(0 466 27 86.344 -1 0.0)
#(0 467 27 86.36 -1 0.0)
#(0 468 27 86.36 -1 0.0)
#(0 469 27 86.36 -1 0.0)
#(0 470 27 86.36 -1 0.0)
#(0 472 27 86.36 -1 0.0)
#(0 473 27 86.36 -1 0.0)
#(0 474 27 86.36 -1 0.0)
#(0 475 27 86.36 -1 0.0)
#(0 476 27 86.36 -1 0.0)
#(0 477 27 86.36 -1 0.0)
#(0 478 27 86.36 -1 0.0)
#(0 137956 27 86.36 -1 0.0)
#(0 137957 27 86.36 -1 0.0)
#(0 137958 27 86.36 -1 0.0)
#(0 137959 27 86.36 -1 0.0)
#(0 137960 27 86.36 -1 0.0)
#(0 137961 27 86.36 -1 0.0)
#(0 137962 27 86.36 -1 0.0)
#(0 137965 27 86.36 -1 0.0)
#(0 275479 27 86.36 -1 0.0)
#(0 275490 27 86.36 -1 0.0)
#(0 275491 27 86.36 -1 0.0)
#(0 275492 27 86.36 -1 0.0)
#(0 275493 27 86.36 -1 0.0)
#(0 275494 27 86.36 -1 0.0)
#(0 275495 27 86.36 -1 0.0)
#(0 275496 27 86.36 -1 0.0)
#(0 275497 27 86.36 -1 0.0)
#(0 275498 27 86.36 -1 0.0)
#(0 275499 27 86.36 -1 0.0)
#(0 275500 27 86.36 -1 0.0)
#(0 275502 27 86.36 -1 0.0)
#(0 275503 27 86.36 -1 0.0)
#(0 275504 27 86.36 -1 0.0)
#(0 275505 27 86.36 -1 0.0)
#(0 412571 27 86.36 -1 0.0)
#(0 412577 27 86.36 -1 0.0)
#(0 412578 27 86.36 -1 0.0)
#(0 412579 27 86.36 -1 0.0)
#(0 412582 27 86.36 -1 0.0)
#(0 412583 27 86.36 -1 0.0)
#(0 412584 27 86.36 -1 0.0)
#(0 412585 27 86.36 -1 0.0)
#(0 412586 27 86.36 -1 0.0)
#(0 412587 27 86.36 -1 0.0)
#(0 412588 27 86.36 -1 0.0)
#(0 412589 27 86.36 -1 0.0)
#(0 471 28 86.36 -1 0.0)
#(0 479 28 86.36 -1 0.0)
#(0 480 28 86.36 -1 0.0)
#(0 481 28 86.36 -1 0.0)
#(0 482 28 86.36 -1 0.0)
#(0 483 28 86.36 -1 0.0)
#(0 484 28 86.36 -1 0.0)
#(0 485 28 86.36 -1 0.0)
#(0 487 28 86.36 -1 0.0)
#(0 489 28 86.36 -1 0.0)
#(0 490 28 86.36 -1 0.0)
#(0 491 28 86.36 -1 0.0)
#(0 492 28 86.36 -1 0.0)
#(0 137964 28 86.36 -1 0.0)
#(0 137966 28 86.36 -1 0.0)
#(0 137967 28 86.36 -1 0.0)
#(0 137968 28 86.36 -1 0.0)
#(0 137969 28 86.36 -1 0.0)
#(0 137970 28 86.36 -1 0.0)
#(0 275501 28 86.36 -1 0.0)
#(0 275506 28 86.36 -1 0.0)
#(0 275507 28 86.36 -1 0.0)
#(0 275508 28 86.36 -1 0.0)
#(0 275509 28 86.36 -1 0.0)
#(0 275510 28 86.36 -1 0.0)
#(0 275511 28 86.36 -1 0.0)
#(0 275513 28 86.36 -1 0.0)
#(0 275514 28 86.36 -1 0.0)
#(0 275515 28 86.36 -1 0.0)
#(0 275516 28 86.36 -1 0.0)
#(0 275517 28 86.36 -1 0.0)
#(0 412580 28 86.36 -1 0.0)
#(0 412581 28 86.36 -1 0.0)
#(0 412590 28 86.36 -1 0.0)
#(0 412591 28 86.36 -1 0.0)
#(0 412592 28 86.36 -1 0.0)
#(0 412593 28 86.36 -1 0.0)
#(0 412594 28 86.36 -1 0.0)
#(0 412595 28 86.36 -1 0.0)
#(0 412597 28 86.36 -1 0.0)
#(0 412598 28 86.36 -1 0.0)
#(0 412599 28 86.36 -1 0.0)
#(0 412600 28 86.36 -1 0.0)
#(0 412601 28 86.36 -1 0.0)
#(0 412602 28 86.36 -1 0.0)
#(0 412604 28 86.36 -1 0.0)
#(0 412605 28 86.36 -1 0.0)
#(0 412606 28 86.36 -1 0.0)
#(0 486 29 86.36 -1 0.0)
#(0 488 29 86.36 -1 0.0)
#(0 493 29 86.36 -1 0.0)
#(0 494 29 86.375 -1 0.0)
#(0 495 29 86.375 -1 0.0)
#(0 496 29 86.375 -1 0.0)
#(0 497 29 86.375 -1 0.0)
#(0 498 29 86.375 -1 0.0)
#(0 499 29 86.375 -1 0.0)
#(0 500 29 86.375 -1 0.0)
#(0 501 29 86.375 -1 0.0)
#(0 502 29 86.375 -1 0.0)
#(0 137963 29 86.375 -1 0.0)
#(0 137971 29 86.375 -1 0.0)
#(0 137972 29 86.375 -1 0.0)
#(0 137973 29 86.375 -1 0.0)
#(0 137974 29 86.375 -1 0.0)
#(0 137975 29 86.375 -1 0.0)
#(0 137976 29 86.375 -1 0.0)
#(0 137977 29 86.375 -1 0.0)
#(0 137978 29 86.375 -1 0.0)
#(0 137979 29 86.375 -1 0.0)
#(0 137980 29 86.375 -1 0.0)
#(0 275512 29 86.375 -1 0.0)
#(0 275518 29 86.375 -1 0.0)
#(0 275519 29 86.375 -1 0.0)
#(0 275520 29 86.375 -1 0.0)
#(0 275521 29 86.375 -1 0.0)
#(0 275522 29 86.375 -1 0.0)
#(0 275523 29 86.375 -1 0.0)
#(0 275524 29 86.375 -1 0.0)
#(0 275525 29 86.375 -1 0.0)
#(0 275526 29 86.375 -1 0.0)
#(0 275527 29 86.375 -1 0.0)
#(0 275528 29 86.375 -1 0.0)
#(0 275529 29 86.375 -1 0.0)
#(0 275530 29 86.375 -1 0.0)
#(0 412596 29 86.375 -1 0.0)
#(0 412603 29 86.375 -1 0.0)
#(0 412607 29 86.375 -1 0.0)
#(0 412608 29 86.375 -1 0.0)
#(0 412609 29 86.375 -1 0.0)
#(0 412610 29 86.375 -1 0.0)
#(0 412611 29 86.375 -1 0.0)
#(0 412612 29 86.375 -1 0.0)
#(0 412613 29 86.375 -1 0.0)
#(0 412616 29 86.375 -1 0.0)
#(0 503 30 86.375 -1 0.0)
#(0 504 30 86.375 -1 0.0)
#(0 506 30 86.375 -1 0.0)
#(0 507 30 86.375 -1 0.0)
#(0 508 30 86.375 -1 0.0)
#(0 509 30 86.375 -1 0.0)
#(0 510 30 86.375 -1 0.0)
#(0 512 30 86.375 -1 0.0)
#(0 514 30 86.375 -1 0.0)
#(0 137981 30 86.375 -1 0.0)
#(0 137982 30 86.375 -1 0.0)
#(0 137983 30 86.375 -1 0.0)
#(0 137984 30 86.375 -1 0.0)
#(0 137985 30 86.375 -1 0.0)
#(0 137986 30 86.375 -1 0.0)
#(0 137987 30 86.375 -1 0.0)
#(0 137988 30 86.375 -1 0.0)
#(0 137989 30 86.375 -1 0.0)
#(0 137990 30 86.375 -1 0.0)
#(0 137991 30 86.375 -1 0.0)
#(0 137992 30 86.375 -1 0.0)
#(0 275531 30 86.375 -1 0.0)
#(0 275532 30 86.375 -1 0.0)
#(0 275533 30 86.375 -1 0.0)
#(0 275534 30 86.375 -1 0.0)
#(0 275535 30 86.375 -1 0.0)
#(0 275536 30 86.375 -1 0.0)
#(0 275537 30 86.375 -1 0.0)
#(0 275538 30 86.375 -1 0.0)
#(0 275539 30 86.375 -1 0.0)
#(0 412618 30 86.375 -1 0.0)
#(0 412619 30 86.375 -1 0.0)
#(0 412620 30 86.375 -1 0.0)
#(0 412622 30 86.375 -1 0.0)
#(0 412623 30 86.375 -1 0.0)
#(0 412624 30 86.375 -1 0.0)
#(0 412625 30 86.375 -1 0.0)
#(0 412626 30 86.391 -1 0.0)
#(0 412627 30 86.391 -1 0.0)
#(0 412630 30 86.391 -1 0.0)
#(0 505 31 86.391 -1 0.0)
#(0 513 31 86.391 -1 0.0)
#(0 515 31 86.391 -1 0.0)
#(0 516 31 86.391 -1 0.0)
#(0 517 31 86.391 -1 0.0)
#(0 518 31 86.391 -1 0.0)
#(0 519 31 86.391 -1 0.0)
#(0 520 31 86.391 -1 0.0)
#(0 521 31 86.391 -1 0.0)
#(0 522 31 86.391 -1 0.0)
#(0 523 31 86.391 -1 0.0)
#(0 137994 31 86.391 -1 0.0)
#(0 137996 31 86.391 -1 0.0)
#(0 137997 31 86.391 -1 0.0)
#(0 137998 31 86.391 -1 0.0)
#(0 137999 31 86.391 -1 0.0)
#(0 138000 31 86.391 -1 0.0)
#(0 138001 31 86.391 -1 0.0)
#(0 138002 31 86.391 -1 0.0)
#(0 138003 31 86.391 -1 0.0)
#(0 275540 31 86.391 -1 0.0)
#(0 275541 31 86.391 -1 0.0)
#(0 275542 31 86.391 -1 0.0)
#(0 275543 31 86.391 -1 0.0)
#(0 275544 31 86.391 -1 0.0)
#(0 275545 31 86.391 -1 0.0)
#(0 275546 31 86.391 -1 0.0)
#(0 275547 31 86.391 -1 0.0)
#(0 275548 31 86.391 -1 0.0)
#(0 275549 31 86.391 -1 0.0)
#(0 275550 31 86.391 -1 0.0)
#(0 275551 31 86.391 -1 0.0)
#(0 275552 31 86.391 -1 0.0)
#(0 275553 31 86.391 -1 0.0)
#(0 275554 31 86.391 -1 0.0)
#(0 412614 31 86.391 -1 0.0)
#(0 412615 31 86.391 -1 0.0)
#(0 412628 31 86.391 -1 0.0)
#(0 412631 31 86.391 -1 0.0)
#(0 412632 31 86.391 -1 0.0)
#(0 412633 31 86.391 -1 0.0)
#(0 412634 31 86.391 -1 0.0)
#(0 511 32 86.391 -1 0.0)
#(0 524 32 86.391 -1 0.0)
#(0 525 32 86.391 -1 0.0)
#(0 526 32 86.391 -1 0.0)
#(0 527 32 86.391 -1 0.0)
#(0 528 32 86.391 -1 0.0)
#(0 529 32 86.391 -1 0.0)
#(0 530 32 86.391 -1 0.0)
#(0 531 32 86.391 -1 0.0)
#(0 532 32 86.391 -1 0.0)
#(0 533 32 86.391 -1 0.0)
#(0 137993 32 86.391 -1 0.0)
#(0 137995 32 86.391 -1 0.0)
#(0 138004 32 86.391 -1 0.0)
#(0 138005 32 86.391 -1 0.0)
#(0 138006 32 86.391 -1 0.0)
#(0 138007 32 86.391 -1 0.0)
#(0 138008 32 86.391 -1 0.0)
#(0 138009 32 86.407 -1 0.0)
#(0 138010 32 86.407 -1 0.0)
#(0 138012 32 86.407 -1 0.0)
#(0 138013 32 86.407 -1 0.0)
#(0 138014 32 86.407 -1 0.0)
#(0 138015 32 86.407 -1 0.0)
#(0 138016 32 86.407 -1 0.0)
#(0 138017 32 86.407 -1 0.0)
#(0 275555 32 86.407 -1 0.0)
#(0 275556 32 86.407 -1 0.0)
#(0 275557 32 86.407 -1 0.0)
#(0 275558 32 86.407 -1 0.0)
#(0 275560 32 86.407 -1 0.0)
#(0 275561 32 86.407 -1 0.0)
#(0 275562 32 86.407 -1 0.0)
#(0 275563 32 86.407 -1 0.0)
#(0 275565 32 86.407 -1 0.0)
#(0 275566 32 86.407 -1 0.0)
#(0 412617 32 86.407 -1 0.0)
#(0 412629 32 86.407 -1 0.0)
#(0 412635 32 86.407 -1 0.0)
#(0 412636 32 86.407 -1 0.0)
#(0 412637 32 86.407 -1 0.0)
#(0 412638 32 86.407 -1 0.0)
#(0 412639 32 86.407 -1 0.0)
#(0 412640 32 86.407 -1 0.0)
#(0 412641 32 86.407 -1 0.0)
#(0 412642 32 86.407 -1 0.0)
#(0 412643 32 86.407 -1 0.0)
#(0 412645 32 86.407 -1 0.0)
#(0 412646 32 86.407 -1 0.0)
#(0 412647 32 86.407 -1 0.0)
#(0 412648 32 86.407 -1 0.0)
#(0 534 33 86.407 -1 0.0)
#(0 535 33 86.407 -1 0.0)
#(0 536 33 86.407 -1 0.0)
#(0 537 33 86.407 -1 0.0)
#(0 538 33 86.407 -1 0.0)
#(0 539 33 86.407 -1 0.0)
#(0 540 33 86.407 -1 0.0)
#(0 138011 33 86.407 -1 0.0)
#(0 138018 33 86.407 -1 0.0)
#(0 138019 33 86.407 -1 0.0)
#(0 138020 33 86.407 -1 0.0)
#(0 138021 33 86.407 -1 0.0)
#(0 138022 33 86.407 -1 0.0)
#(0 138023 33 86.407 -1 0.0)
#(0 138024 33 86.407 -1 0.0)
#(0 138025 33 86.407 -1 0.0)
#(0 275559 33 86.407 -1 0.0)
#(0 275564 33 86.407 -1 0.0)
#(0 275568 33 86.407 -1 0.0)
#(0 275569 33 86.407 -1 0.0)
#(0 275570 33 86.407 -1 0.0)
#(0 275571 33 86.407 -1 0.0)
#(0 275572 33 86.407 -1 0.0)
#(0 275573 33 86.407 -1 0.0)
#(0 275574 33 86.407 -1 0.0)
#(0 275575 33 86.407 -1 0.0)
#(0 275576 33 86.407 -1 0.0)
#(0 275577 33 86.407 -1 0.0)
#(0 412649 33 86.407 -1 0.0)
#(0 412650 33 86.407 -1 0.0)
#(0 412651 33 86.407 -1 0.0)
#(0 412652 33 86.407 -1 0.0)
#(0 412653 33 86.407 -1 0.0)
#(0 412654 33 86.407 -1 0.0)
#(0 412655 33 86.407 -1 0.0)
#(0 412656 33 86.407 -1 0.0)
#(0 412657 33 86.407 -1 0.0)
#(0 412658 33 86.407 -1 0.0)
#(0 412659 33 86.407 -1 0.0)
#(0 412660 33 86.407 -1 0.0)
#(0 412661 33 86.407 -1 0.0)
#(0 412662 33 86.407 -1 0.0)
#(0 412663 33 86.407 -1 0.0)
#(0 412664 33 86.407 -1 0.0)
#(0 412665 33 86.407 -1 0.0)
#(0 541 34 86.422 -1 0.0)
#(0 542 34 86.422 -1 0.0)
#(0 543 34 86.422 -1 0.0)
#(0 544 34 86.422 -1 0.0)
#(0 545 34 86.422 -1 0.0)
#(0 546 34 86.422 -1 0.0)
#(0 547 34 86.422 -1 0.0)
#(0 548 34 86.422 -1 0.0)
#(0 549 34 86.422 -1 0.0)
#(0 550 34 86.422 -1 0.0)
#(0 551 34 86.422 -1 0.0)
#(0 552 34 86.422 -1 0.0)
#(0 553 34 86.422 -1 0.0)
#(0 555 34 86.422 -1 0.0)
#(0 138026 34 86.422 -1 0.0)
#(0 138027 34 86.422 -1 0.0)
#(0 138028 34 86.438 -1 0.0)
#(0 138029 34 86.438 -1 0.0)
#(0 138030 34 86.438 -1 0.0)
#(0 138032 34 86.438 -1 0.0)
#(0 138033 34 86.438 -1 0.0)
#(0 138034 34 86.438 -1 0.0)
#(0 138035 34 86.438 -1 0.0)
#(0 275567 34 86.438 -1 0.0)
#(0 275578 34 86.438 -1 0.0)
#(0 275580 34 86.438 -1 0.0)
#(0 275581 34 86.438 -1 0.0)
#(0 275582 34 86.438 -1 0.0)
#(0 275583 34 86.438 -1 0.0)
#(0 275585 34 86.438 -1 0.0)
#(0 275586 34 86.438 -1 0.0)
#(0 275587 34 86.438 -1 0.0)
#(0 412621 34 86.438 -1 0.0)
#(0 412644 34 86.438 -1 0.0)
#(0 412666 34 86.438 -1 0.0)
#(0 412667 34 86.438 -1 0.0)
#(0 412668 34 86.438 -1 0.0)
#(0 412669 34 86.438 -1 0.0)
#(0 412670 34 86.438 -1 0.0)
#(0 412671 34 86.438 -1 0.0)
#(0 412672 34 86.438 -1 0.0)
#(0 556 35 86.438 -1 0.0)
#(0 557 35 86.438 -1 0.0)
#(0 558 35 86.438 -1 0.0)
#(0 559 35 86.438 -1 0.0)
#(0 560 35 86.438 -1 0.0)
#(0 561 35 86.438 -1 0.0)
#(0 563 35 86.469 -1 0.0)
#(0 565 35 86.469 -1 0.0)
#(0 566 35 86.469 -1 0.0)
#(0 568 35 86.469 -1 0.0)
#(0 569 35 86.469 -1 0.0)
#(0 570 35 86.469 -1 0.0)
#(0 571 35 86.469 -1 0.0)
#(0 138031 35 86.469 -1 0.0)
#(0 138036 35 86.469 -1 0.0)
#(0 138037 35 86.469 -1 0.0)
#(0 138038 35 86.469 -1 0.0)
#(0 138039 35 86.469 -1 0.0)
#(0 138040 35 86.469 -1 0.0)
#(0 138041 35 86.485 -1 0.0)
#(0 275579 35 86.485 -1 0.0)
#(0 275584 35 86.485 -1 0.0)
#(0 275588 35 86.485 -1 0.0)
#(0 275589 35 86.485 -1 0.0)
#(0 275590 35 86.485 -1 0.0)
#(0 275591 35 86.485 -1 0.0)
#(0 275592 35 86.485 -1 0.0)
#(0 275593 35 86.485 -1 0.0)
#(0 275594 35 86.485 -1 0.0)
#(0 275595 35 86.485 -1 0.0)
#(0 275596 35 86.485 -1 0.0)
#(0 275597 35 86.485 -1 0.0)
#(0 275598 35 86.485 -1 0.0)
#(0 275599 35 86.485 -1 0.0)
#(0 275600 35 86.485 -1 0.0)
#(0 275601 35 86.485 -1 0.0)
#(0 275602 35 86.485 -1 0.0)
#(0 275603 35 86.485 -1 0.0)
#(0 275604 35 86.485 -1 0.0)
#(0 412673 35 86.485 -1 0.0)
#(0 412674 35 86.485 -1 0.0)
#(0 412675 35 86.485 -1 0.0)
#(0 412676 35 86.485 -1 0.0)
#(0 412677 35 86.485 -1 0.0)
#(0 412678 35 86.485 -1 0.0)
#(0 412679 35 86.485 -1 0.0)
#(0 412680 35 86.485 -1 0.0)
#(0 412681 35 86.485 -1 0.0)
#(0 412682 35 86.485 -1 0.0)
#(0 554 36 86.485 -1 0.0)
#(0 562 36 86.485 -1 0.0)
#(0 564 36 86.485 -1 0.0)
#(0 567 36 86.485 -1 0.0)
#(0 572 36 86.485 -1 0.0)
#(0 573 36 86.485 -1 0.0)
#(0 574 36 86.485 -1 0.0)
#(0 575 36 86.485 -1 0.0)
#(0 576 36 86.485 -1 0.0)
#(0 577 36 86.485 -1 0.0)
#(0 578 36 86.485 -1 0.0)
#(0 579 36 86.485 -1 0.0)
#(0 580 36 86.485 -1 0.0)
#(0 581 36 86.485 -1 0.0)
#(0 582 36 86.485 -1 0.0)
#(0 584 36 86.485 -1 0.0)
#(0 585 36 86.485 -1 0.0)
#(0 138042 36 86.485 -1 0.0)
#(0 138043 36 86.485 -1 0.0)
#(0 138044 36 86.485 -1 0.0)
#(0 138045 36 86.485 -1 0.0)
#(0 138046 36 86.485 -1 0.0)
#(0 138048 36 86.485 -1 0.0)
#(0 138049 36 86.485 -1 0.0)
#(0 138050 36 86.485 -1 0.0)
#(0 138051 36 86.485 -1 0.0)
#(0 138052 36 86.485 -1 0.0)
#(0 138053 36 86.485 -1 0.0)
#(0 138054 36 86.485 -1 0.0)
#(0 138055 36 86.485 -1 0.0)
#(0 138056 36 86.485 -1 0.0)
#(0 138057 36 86.485 -1 0.0)
#(0 275605 36 86.485 -1 0.0)
#(0 275606 36 86.485 -1 0.0)
#(0 275608 36 86.485 -1 0.0)
#(0 275609 36 86.485 -1 0.0)
#(0 275610 36 86.485 -1 0.0)
#(0 275611 36 86.485 -1 0.0)
#(0 275612 36 86.485 -1 0.0)
#(0 412683 36 86.485 -1 0.0)
#(0 412684 36 86.485 -1 0.0)
#(0 412685 36 86.485 -1 0.0)
#(0 412686 36 86.485 -1 0.0)
#(0 412687 36 86.485 -1 0.0)
#(0 412688 36 86.5 -1 0.0)
#(0 412690 36 86.5 -1 0.0)
#(0 412691 36 86.5 -1 0.0)
#(0 412692 36 86.5 -1 0.0)
#(0 583 37 86.5 -1 0.0)
#(0 586 37 86.5 -1 0.0)
#(0 587 37 86.5 -1 0.0)
#(0 588 37 86.5 -1 0.0)
#(0 589 37 86.5 -1 0.0)
#(0 590 37 86.5 -1 0.0)
#(0 591 37 86.5 -1 0.0)
#(0 592 37 86.5 -1 0.0)
#(0 593 37 86.5 -1 0.0)
#(0 138047 37 86.5 -1 0.0)
#(0 138058 37 86.5 -1 0.0)
#(0 138059 37 86.5 -1 0.0)
#(0 138060 37 86.5 -1 0.0)
#(0 138061 37 86.5 -1 0.0)
#(0 138062 37 86.5 -1 0.0)
#(0 138063 37 86.5 -1 0.0)
#(0 138064 37 86.5 -1 0.0)
#(0 138065 37 86.5 -1 0.0)
#(0 138066 37 86.5 -1 0.0)
#(0 138067 37 86.5 -1 0.0)
#(0 138068 37 86.5 -1 0.0)
#(0 138069 37 86.5 -1 0.0)
#(0 275607 37 86.5 -1 0.0)
#(0 275613 37 86.5 -1 0.0)
#(0 275614 37 86.5 -1 0.0)
#(0 275615 37 86.5 -1 0.0)
#(0 275616 37 86.5 -1 0.0)
#(0 275618 37 86.5 -1 0.0)
#(0 275619 37 86.5 -1 0.0)
#(0 275620 37 86.5 -1 0.0)
#(0 275621 37 86.5 -1 0.0)
#(0 275622 37 86.5 -1 0.0)
#(0 275623 37 86.5 -1 0.0)
#(0 275624 37 86.5 -1 0.0)
#(0 275625 37 86.5 -1 0.0)
#(0 412689 37 86.5 -1 0.0)
#(0 412693 37 86.5 -1 0.0)
#(0 412694 37 86.5 -1 0.0)
#(0 412695 37 86.5 -1 0.0)
#(0 412696 37 86.5 -1 0.0)
#(0 412697 37 86.5 -1 0.0)
#(0 412698 37 86.5 -1 0.0)
#(0 412699 37 86.5 -1 0.0)
#(0 412700 37 86.5 -1 0.0)
#(0 412701 37 86.5 -1 0.0)
#(0 412702 37 86.5 -1 0.0)
#(0 412703 37 86.5 -1 0.0)
#(0 412704 37 86.5 -1 0.0)
#(0 412705 37 86.5 -1 0.0)
#(0 412706 37 86.5 -1 0.0)
#(0 412707 37 86.5 -1 0.0)
#(0 412708 37 86.5 -1 0.0)
#(0 412709 37 86.5 -1 0.0)
#(0 596 38 86.5 -1 0.0)
#(0 597 38 86.5 -1 0.0)
#(0 598 38 86.5 -1 0.0)
#(0 599 38 86.5 -1 0.0)
#(0 600 38 86.5 -1 0.0)
#(0 601 38 86.5 -1 0.0)
#(0 138070 38 86.516 -1 0.0)
#(0 138071 38 86.516 -1 0.0)
#(0 138072 38 86.516 -1 0.0)
#(0 138073 38 86.516 -1 0.0)
#(0 138074 38 86.516 -1 0.0)
#(0 138075 38 86.516 -1 0.0)
#(0 138077 38 86.516 -1 0.0)
#(0 138078 38 86.516 -1 0.0)
#(0 138079 38 86.516 -1 0.0)
#(0 138080 38 86.516 -1 0.0)
#(0 138081 38 86.516 -1 0.0)
#(0 138082 38 86.516 -1 0.0)
#(0 275617 38 86.516 -1 0.0)
#(0 275626 38 86.516 -1 0.0)
#(0 275627 38 86.516 -1 0.0)
#(0 275628 38 86.516 -1 0.0)
#(0 275630 38 86.516 -1 0.0)
#(0 275631 38 86.516 -1 0.0)
#(0 275632 38 86.516 -1 0.0)
#(0 275633 38 86.516 -1 0.0)
#(0 275634 38 86.516 -1 0.0)
#(0 275635 38 86.516 -1 0.0)
#(0 275636 38 86.516 -1 0.0)
#(0 275637 38 86.516 -1 0.0)
#(0 275638 38 86.516 -1 0.0)
#(0 275639 38 86.516 -1 0.0)
#(0 275640 38 86.516 -1 0.0)
#(0 275641 38 86.516 -1 0.0)
#(0 275642 38 86.516 -1 0.0)
#(0 275643 38 86.516 -1 0.0)
#(0 412710 38 86.516 -1 0.0)
#(0 412711 38 86.516 -1 0.0)
#(0 412713 38 86.516 -1 0.0)
#(0 412714 38 86.516 -1 0.0)
#(0 412715 38 86.516 -1 0.0)
#(0 412716 38 86.516 -1 0.0)
#(0 412717 38 86.516 -1 0.0)
#(0 412719 38 86.516 -1 0.0)
#(0 412720 38 86.516 -1 0.0)
#(0 594 39 86.516 -1 0.0)
#(0 595 39 86.516 -1 0.0)
#(0 602 39 86.516 -1 0.0)
#(0 603 39 86.516 -1 0.0)
#(0 604 39 86.516 -1 0.0)
#(0 605 39 86.516 -1 0.0)
#(0 606 39 86.516 -1 0.0)
#(0 607 39 86.516 -1 0.0)
#(0 608 39 86.516 -1 0.0)
#(0 609 39 86.516 -1 0.0)
#(0 610 39 86.516 -1 0.0)
#(0 611 39 86.516 -1 0.0)
#(0 138076 39 86.516 -1 0.0)
#(0 138083 39 86.516 -1 0.0)
#(0 138084 39 86.516 -1 0.0)
#(0 138085 39 86.516 -1 0.0)
#(0 138086 39 86.516 -1 0.0)
#(0 138087 39 86.516 -1 0.0)
#(0 138090 39 86.516 -1 0.0)
#(0 138091 39 86.516 -1 0.0)
#(0 138092 39 86.516 -1 0.0)
#(0 138093 39 86.516 -1 0.0)
#(0 138094 39 86.516 -1 0.0)
#(0 275629 39 86.516 -1 0.0)
#(0 275644 39 86.516 -1 0.0)
#(0 275645 39 86.516 -1 0.0)
#(0 275646 39 86.516 -1 0.0)
#(0 275647 39 86.516 -1 0.0)
#(0 275648 39 86.516 -1 0.0)
#(0 275649 39 86.516 -1 0.0)
#(0 275650 39 86.516 -1 0.0)
#(0 275651 39 86.516 -1 0.0)
#(0 275653 39 86.516 -1 0.0)
#(0 275654 39 86.516 -1 0.0)
#(0 412712 39 86.516 -1 0.0)
#(0 412721 39 86.532 -1 0.0)
#(0 412722 39 86.532 -1 0.0)
#(0 412723 39 86.532 -1 0.0)
#(0 412724 39 86.532 -1 0.0)
#(0 412725 39 86.532 -1 0.0)
#(0 412726 39 86.532 -1 0.0)
#(0 412727 39 86.532 -1 0.0)
#(0 412729 39 86.532 -1 0.0)
#(0 612 40 86.532 -1 0.0)
#(0 613 40 86.532 -1 0.0)
#(0 614 40 86.532 -1 0.0)
#(0 615 40 86.532 -1 0.0)
#(0 616 40 86.532 -1 0.0)
#(0 617 40 86.532 -1 0.0)
#(0 618 40 86.532 -1 0.0)
#(0 619 40 86.532 -1 0.0)
#(0 620 40 86.532 -1 0.0)
#(0 621 40 86.532 -1 0.0)
#(0 138088 40 86.532 -1 0.0)
#(0 138089 40 86.532 -1 0.0)
#(0 138095 40 86.532 -1 0.0)
#(0 138096 40 86.532 -1 0.0)
#(0 138097 40 86.532 -1 0.0)
#(0 138098 40 86.532 -1 0.0)
#(0 138099 40 86.532 -1 0.0)
#(0 138100 40 86.532 -1 0.0)
#(0 138101 40 86.532 -1 0.0)
#(0 138102 40 86.532 -1 0.0)
#(0 138103 40 86.532 -1 0.0)
#(0 138104 40 86.532 -1 0.0)
#(0 138105 40 86.532 -1 0.0)
#(0 138106 40 86.532 -1 0.0)
#(0 138107 40 86.532 -1 0.0)
#(0 138108 40 86.532 -1 0.0)
#(0 275652 40 86.532 -1 0.0)
#(0 275655 40 86.532 -1 0.0)
#(0 275656 40 86.532 -1 0.0)
#(0 275657 40 86.532 -1 0.0)
#(0 275658 40 86.532 -1 0.0)
#(0 275659 40 86.532 -1 0.0)
#(0 275660 40 86.532 -1 0.0)
#(0 275661 40 86.532 -1 0.0)
#(0 275662 40 86.532 -1 0.0)
#(0 275663 40 86.532 -1 0.0)
#(0 412730 40 86.532 -1 0.0)
#(0 412731 40 86.532 -1 0.0)
#(0 412732 40 86.532 -1 0.0)
#(0 412733 40 86.532 -1 0.0)
#(0 412734 40 86.532 -1 0.0)
#(0 412735 40 86.532 -1 0.0)
#(0 412736 40 86.532 -1 0.0)
#(0 412737 40 86.532 -1 0.0)
#(0 412738 40 86.532 -1 0.0)
#(0 412739 40 86.532 -1 0.0)
#(0 622 41 86.532 -1 0.0)
#(0 623 41 86.532 -1 0.0)
#(0 624 41 86.532 -1 0.0)
#(0 625 41 86.532 -1 0.0)
#(0 626 41 86.532 -1 0.0)
#(0 627 41 86.532 -1 0.0)
#(0 628 41 86.532 -1 0.0)
#(0 629 41 86.532 -1 0.0)
#(0 630 41 86.532 -1 0.0)
#(0 138109 41 86.532 -1 0.0)
#(0 138110 41 86.532 -1 0.0)
#(0 138111 41 86.532 -1 0.0)
#(0 138112 41 86.532 -1 0.0)
#(0 138113 41 86.532 -1 0.0)
#(0 138114 41 86.532 -1 0.0)
#(0 138115 41 86.532 -1 0.0)
#(0 138116 41 86.532 -1 0.0)
#(0 138117 41 86.532 -1 0.0)
#(0 138118 41 86.532 -1 0.0)
#(0 138119 41 86.532 -1 0.0)
#(0 138120 41 86.532 -1 0.0)
#(0 138121 41 86.547 -1 0.0)
#(0 275664 41 86.547 -1 0.0)
#(0 275665 41 86.547 -1 0.0)
#(0 275666 41 86.547 -1 0.0)
#(0 275667 41 86.547 -1 0.0)
#(0 275668 41 86.547 -1 0.0)
#(0 275669 41 86.547 -1 0.0)
#(0 275670 41 86.547 -1 0.0)
#(0 275671 41 86.547 -1 0.0)
#(0 275672 41 86.547 -1 0.0)
#(0 275673 41 86.547 -1 0.0)
#(0 412718 41 86.547 -1 0.0)
#(0 412728 41 86.547 -1 0.0)
#(0 412740 41 86.547 -1 0.0)
#(0 412741 41 86.547 -1 0.0)
#(0 412742 41 86.547 -1 0.0)
#(0 412743 41 86.547 -1 0.0)
#(0 412744 41 86.547 -1 0.0)
#(0 412745 41 86.547 -1 0.0)
#(0 412746 41 86.547 -1 0.0)
#(0 412747 41 86.547 -1 0.0)
#(0 412748 41 86.547 -1 0.0)
#(0 412749 41 86.547 -1 0.0)
#(0 412750 41 86.547 -1 0.0)
#(0 412751 41 86.547 -1 0.0)
#(0 631 42 86.547 -1 0.0)
#(0 632 42 86.547 -1 0.0)
#(0 633 42 86.547 -1 0.0)
#(0 634 42 86.547 -1 0.0)
#(0 635 42 86.547 -1 0.0)
#(0 636 42 86.547 -1 0.0)
#(0 637 42 86.547 -1 0.0)
#(0 638 42 86.547 -1 0.0)
#(0 639 42 86.547 -1 0.0)
#(0 138122 42 86.547 -1 0.0)
#(0 138123 42 86.547 -1 0.0)
#(0 138124 42 86.547 -1 0.0)
#(0 138126 42 86.547 -1 0.0)
#(0 138127 42 86.547 -1 0.0)
#(0 138128 42 86.547 -1 0.0)
#(0 138129 42 86.547 -1 0.0)
#(0 138130 42 86.547 -1 0.0)
#(0 138132 42 86.547 -1 0.0)
#(0 138133 42 86.547 -1 0.0)
#(0 138134 42 86.547 -1 0.0)
#(0 275674 42 86.547 -1 0.0)
#(0 275675 42 86.547 -1 0.0)
#(0 275676 42 86.547 -1 0.0)
#(0 275677 42 86.547 -1 0.0)
#(0 275678 42 86.547 -1 0.0)
#(0 275679 42 86.547 -1 0.0)
#(0 275680 42 86.547 -1 0.0)
#(0 275681 42 86.547 -1 0.0)
#(0 412752 42 86.547 -1 0.0)
#(0 412753 42 86.547 -1 0.0)
#(0 412754 42 86.547 -1 0.0)
#(0 412755 42 86.547 -1 0.0)
#(0 412756 42 86.547 -1 0.0)
#(0 412757 42 86.547 -1 0.0)
#(0 412758 42 86.547 -1 0.0)
#(0 412759 42 86.547 -1 0.0)
#(0 412760 42 86.547 -1 0.0)
#(0 412761 42 86.547 -1 0.0)
#(0 412762 42 86.547 -1 0.0)
#(0 412763 42 86.547 -1 0.0)
#(0 412764 42 86.547 -1 0.0)
#(0 412765 42 86.547 -1 0.0)
#(0 412766 42 86.547 -1 0.0)
#(0 412767 42 86.547 -1 0.0)
#(0 412768 42 86.547 -1 0.0)
#(0 412769 42 86.563 -1 0.0)
#(0 412770 42 86.563 -1 0.0)
#(0 412771 42 86.563 -1 0.0)
#(0 412772 42 86.563 -1 0.0)
#(0 412773 42 86.563 -1 0.0)
#(0 412774 42 86.563 -1 0.0)
#(0 412775 42 86.563 -1 0.0)
#(0 640 43 86.563 -1 0.0)
#(0 641 43 86.563 -1 0.0)
#(0 643 43 86.563 -1 0.0)
#(0 644 43 86.563 -1 0.0)
#(0 645 43 86.563 -1 0.0)
#(0 646 43 86.563 -1 0.0)
#(0 647 43 86.563 -1 0.0)
#(0 648 43 86.563 -1 0.0)
#(0 650 43 86.563 -1 0.0)
#(0 651 43 86.563 -1 0.0)
#(0 652 43 86.563 -1 0.0)
#(0 653 43 86.563 -1 0.0)
#(0 138125 43 86.563 -1 0.0)
#(0 138131 43 86.563 -1 0.0)
#(0 138135 43 86.563 -1 0.0)
#(0 138136 43 86.563 -1 0.0)
#(0 138137 43 86.563 -1 0.0)
#(0 138138 43 86.563 -1 0.0)
#(0 138139 43 86.563 -1 0.0)
#(0 138140 43 86.563 -1 0.0)
#(0 138141 43 86.563 -1 0.0)
#(0 138142 43 86.563 -1 0.0)
#(0 138143 43 86.563 -1 0.0)
#(0 138144 43 86.563 -1 0.0)
#(0 138145 43 86.563 -1 0.0)
#(0 275682 43 86.563 -1 0.0)
#(0 275683 43 86.563 -1 0.0)
#(0 275684 43 86.563 -1 0.0)
#(0 275685 43 86.563 -1 0.0)
#(0 275686 43 86.563 -1 0.0)
#(0 275687 43 86.563 -1 0.0)
#(0 275688 43 86.563 -1 0.0)
#(0 275689 43 86.563 -1 0.0)
#(0 412776 43 86.563 -1 0.0)
#(0 412777 43 86.563 -1 0.0)
#(0 412778 43 86.563 -1 0.0)
#(0 412779 43 86.563 -1 0.0)
#(0 412780 43 86.563 -1 0.0)
#(0 412781 43 86.563 -1 0.0)
#(0 412782 43 86.563 -1 0.0)
#(0 412783 43 86.563 -1 0.0)
#(0 412784 43 86.563 -1 0.0)
#(0 642 44 86.563 -1 0.0)
#(0 649 44 86.563 -1 0.0)
#(0 654 44 86.563 -1 0.0)
#(0 655 44 86.563 -1 0.0)
#(0 656 44 86.563 -1 0.0)
#(0 657 44 86.563 -1 0.0)
#(0 658 44 86.563 -1 0.0)
#(0 659 44 86.563 -1 0.0)
#(0 660 44 86.563 -1 0.0)
#(0 662 44 86.563 -1 0.0)
#(0 663 44 86.563 -1 0.0)
#(0 664 44 86.563 -1 0.0)
#(0 665 44 86.563 -1 0.0)
#(0 666 44 86.563 -1 0.0)
#(0 667 44 86.563 -1 0.0)
#(0 668 44 86.563 -1 0.0)
#(0 669 44 86.563 -1 0.0)
#(0 671 44 86.563 -1 0.0)
#(0 138146 44 86.579 -1 0.0)
#(0 138147 44 86.579 -1 0.0)
#(0 138148 44 86.579 -1 0.0)
#(0 138149 44 86.579 -1 0.0)
#(0 138150 44 86.579 -1 0.0)
#(0 138151 44 86.579 -1 0.0)
#(0 138152 44 86.579 -1 0.0)
#(0 138153 44 86.579 -1 0.0)
#(0 138155 44 86.579 -1 0.0)
#(0 138156 44 86.579 -1 0.0)
#(0 138159 44 86.579 -1 0.0)
#(0 275690 44 86.579 -1 0.0)
#(0 275691 44 86.579 -1 0.0)
#(0 275692 44 86.579 -1 0.0)
#(0 275693 44 86.579 -1 0.0)
#(0 275694 44 86.579 -1 0.0)
#(0 275696 44 86.579 -1 0.0)
#(0 275697 44 86.579 -1 0.0)
#(0 275698 44 86.579 -1 0.0)
#(0 275699 44 86.579 -1 0.0)
#(0 412785 44 86.579 -1 0.0)
#(0 412786 44 86.579 -1 0.0)
#(0 412787 44 86.579 -1 0.0)
#(0 412788 44 86.579 -1 0.0)
#(0 412789 44 86.579 -1 0.0)
#(0 412790 44 86.579 -1 0.0)
#(0 412791 44 86.579 -1 0.0)
#(0 412792 44 86.579 -1 0.0)
#(0 412793 44 86.579 -1 0.0)
#(0 412794 44 86.579 -1 0.0)
#(0 412795 44 86.579 -1 0.0)
#(0 412796 44 86.579 -1 0.0)
#(0 661 45 86.579 -1 0.0)
#(0 670 45 86.579 -1 0.0)
#(0 673 45 86.579 -1 0.0)
#(0 674 45 86.579 -1 0.0)
#(0 675 45 86.579 -1 0.0)
#(0 676 45 86.579 -1 0.0)
#(0 677 45 86.579 -1 0.0)
#(0 678 45 86.579 -1 0.0)
#(0 679 45 86.579 -1 0.0)
#(0 680 45 86.579 -1 0.0)
#(0 681 45 86.579 -1 0.0)
#(0 682 45 86.579 -1 0.0)
#(0 683 45 86.579 -1 0.0)
#(0 138154 45 86.579 -1 0.0)
#(0 138158 45 86.579 -1 0.0)
#(0 138161 45 86.579 -1 0.0)
#(0 138163 45 86.579 -1 0.0)
#(0 138164 45 86.579 -1 0.0)
#(0 138166 45 86.579 -1 0.0)
#(0 275695 45 86.579 -1 0.0)
#(0 275700 45 86.579 -1 0.0)
#(0 275701 45 86.579 -1 0.0)
#(0 275702 45 86.579 -1 0.0)
#(0 275703 45 86.579 -1 0.0)
#(0 275705 45 86.579 -1 0.0)
#(0 275706 45 86.579 -1 0.0)
#(0 275708 45 86.579 -1 0.0)
#(0 275709 45 86.579 -1 0.0)
#(0 275710 45 86.579 -1 0.0)
#(0 275711 45 86.579 -1 0.0)
#(0 275712 45 86.579 -1 0.0)
#(0 275713 45 86.579 -1 0.0)
#(0 275714 45 86.579 -1 0.0)
#(0 275715 45 86.579 -1 0.0)
#(0 275716 45 86.594 -1 0.0)
#(0 275717 45 86.594 -1 0.0)
#(0 275718 45 86.594 -1 0.0)
#(0 412797 45 86.594 -1 0.0)
#(0 412798 45 86.594 -1 0.0)
#(0 412799 45 86.594 -1 0.0)
#(0 412800 45 86.594 -1 0.0)
#(0 412801 45 86.594 -1 0.0)
#(0 412803 45 86.594 -1 0.0)
#(0 412804 45 86.594 -1 0.0)
#(0 412805 45 86.594 -1 0.0)
#(0 412806 45 86.594 -1 0.0)
#(0 672 46 86.594 -1 0.0)
#(0 684 46 86.594 -1 0.0)
#(0 685 46 86.594 -1 0.0)
#(0 686 46 86.594 -1 0.0)
#(0 687 46 86.594 -1 0.0)
#(0 688 46 86.594 -1 0.0)
#(0 689 46 86.594 -1 0.0)
#(0 690 46 86.594 -1 0.0)
#(0 691 46 86.594 -1 0.0)
#(0 692 46 86.594 -1 0.0)
#(0 693 46 86.594 -1 0.0)
#(0 694 46 86.594 -1 0.0)
#(0 696 46 86.594 -1 0.0)
#(0 138162 46 86.594 -1 0.0)
#(0 138167 46 86.594 -1 0.0)
#(0 138168 46 86.594 -1 0.0)
#(0 138169 46 86.594 -1 0.0)
#(0 138170 46 86.594 -1 0.0)
#(0 138171 46 86.594 -1 0.0)
#(0 138172 46 86.594 -1 0.0)
#(0 138173 46 86.594 -1 0.0)
#(0 138174 46 86.594 -1 0.0)
#(0 138175 46 86.594 -1 0.0)
#(0 138176 46 86.594 -1 0.0)
#(0 138177 46 86.594 -1 0.0)
#(0 138178 46 86.594 -1 0.0)
#(0 138179 46 86.594 -1 0.0)
#(0 275704 46 86.594 -1 0.0)
#(0 275707 46 86.594 -1 0.0)
#(0 275719 46 86.594 -1 0.0)
#(0 275720 46 86.594 -1 0.0)
#(0 275721 46 86.594 -1 0.0)
#(0 275722 46 86.594 -1 0.0)
#(0 275723 46 86.594 -1 0.0)
#(0 275724 46 86.594 -1 0.0)
#(0 275725 46 86.594 -1 0.0)
#(0 275726 46 86.594 -1 0.0)
#(0 275727 46 86.594 -1 0.0)
#(0 275728 46 86.594 -1 0.0)
#(0 275729 46 86.594 -1 0.0)
#(0 275730 46 86.594 -1 0.0)
#(0 412802 46 86.594 -1 0.0)
#(0 412807 46 86.594 -1 0.0)
#(0 412808 46 86.594 -1 0.0)
#(0 412809 46 86.594 -1 0.0)
#(0 412810 46 86.594 -1 0.0)
#(0 412811 46 86.594 -1 0.0)
#(0 412812 46 86.594 -1 0.0)
#(0 412813 46 86.594 -1 0.0)
#(0 412814 46 86.594 -1 0.0)
#(0 412815 46 86.594 -1 0.0)
#(0 412816 46 86.594 -1 0.0)
#(0 695 47 86.594 -1 0.0)
#(0 697 47 86.594 -1 0.0)
#(0 698 47 86.594 -1 0.0)
#(0 699 47 86.594 -1 0.0)
#(0 700 47 86.594 -1 0.0)
#(0 701 47 86.594 -1 0.0)
#(0 702 47 86.594 -1 0.0)
#(0 703 47 86.594 -1 0.0)
#(0 704 47 86.594 -1 0.0)
#(0 705 47 86.594 -1 0.0)
#(0 706 47 86.61 -1 0.0)
#(0 707 47 86.61 -1 0.0)
#(0 708 47 86.61 -1 0.0)
#(0 709 47 86.61 -1 0.0)
#(0 710 47 86.61 -1 0.0)
#(0 138157 47 86.61 -1 0.0)
#(0 138160 47 86.61 -1 0.0)
#(0 138180 47 86.61 -1 0.0)
#(0 138182 47 86.61 -1 0.0)
#(0 138183 47 86.61 -1 0.0)
#(0 138184 47 86.61 -1 0.0)
#(0 138185 47 86.61 -1 0.0)
#(0 138186 47 86.61 -1 0.0)
#(0 138187 47 86.61 -1 0.0)
#(0 275731 47 86.61 -1 0.0)
#(0 275732 47 86.61 -1 0.0)
#(0 275733 47 86.61 -1 0.0)
#(0 275734 47 86.61 -1 0.0)
#(0 275735 47 86.61 -1 0.0)
#(0 275736 47 86.61 -1 0.0)
#(0 275737 47 86.61 -1 0.0)
#(0 275738 47 86.61 -1 0.0)
#(0 275739 47 86.61 -1 0.0)
#(0 275740 47 86.61 -1 0.0)
#(0 275741 47 86.61 -1 0.0)
#(0 275742 47 86.61 -1 0.0)
#(0 275743 47 86.61 -1 0.0)
#(0 412817 47 86.61 -1 0.0)
#(0 412818 47 86.61 -1 0.0)
#(0 412819 47 86.61 -1 0.0)
#(0 412820 47 86.61 -1 0.0)
#(0 412821 47 86.61 -1 0.0)
#(0 412822 47 86.61 -1 0.0)
#(0 412823 47 86.61 -1 0.0)
#(0 412824 47 86.61 -1 0.0)
#(0 412825 47 86.61 -1 0.0)
#(0 412826 47 86.61 -1 0.0)
#(0 412827 47 86.61 -1 0.0)
#(0 711 48 86.61 -1 0.0)
#(0 712 48 86.61 -1 0.0)
#(0 713 48 86.61 -1 0.0)
#(0 714 48 86.61 -1 0.0)
#(0 715 48 86.61 -1 0.0)
#(0 717 48 86.61 -1 0.0)
#(0 718 48 86.61 -1 0.0)
#(0 719 48 86.61 -1 0.0)
#(0 720 48 86.61 -1 0.0)
#(0 721 48 86.61 -1 0.0)
#(0 722 48 86.61 -1 0.0)
#(0 723 48 86.61 -1 0.0)
#(0 138165 48 86.61 -1 0.0)
#(0 138181 48 86.61 -1 0.0)
#(0 138188 48 86.61 -1 0.0)
#(0 138189 48 86.61 -1 0.0)
#(0 138190 48 86.61 -1 0.0)
#(0 138191 48 86.61 -1 0.0)
#(0 138192 48 86.61 -1 0.0)
#(0 138193 48 86.61 -1 0.0)
#(0 138194 48 86.61 -1 0.0)
#(0 138195 48 86.61 -1 0.0)
#(0 138196 48 86.61 -1 0.0)
#(0 138197 48 86.61 -1 0.0)
#(0 138198 48 86.61 -1 0.0)
#(0 138200 48 86.61 -1 0.0)
#(0 138201 48 86.61 -1 0.0)
#(0 275744 48 86.625 -1 0.0)
#(0 275745 48 86.625 -1 0.0)
#(0 275746 48 86.625 -1 0.0)
#(0 275747 48 86.625 -1 0.0)
#(0 275748 48 86.625 -1 0.0)
#(0 275749 48 86.625 -1 0.0)
#(0 275750 48 86.625 -1 0.0)
#(0 275751 48 86.625 -1 0.0)
#(0 412828 48 86.625 -1 0.0)
#(0 412829 48 86.625 -1 0.0)
#(0 412830 48 86.625 -1 0.0)
#(0 412832 48 86.625 -1 0.0)
#(0 412833 48 86.625 -1 0.0)
#(0 412834 48 86.625 -1 0.0)
#(0 412835 48 86.625 -1 0.0)
#(0 412836 48 86.625 -1 0.0)
#(0 412837 48 86.625 -1 0.0)
#(0 412838 48 86.625 -1 0.0)
#(0 412839 48 86.625 -1 0.0)
#(0 412840 48 86.625 -1 0.0)
#(0 716 49 86.625 -1 0.0)
#(0 724 49 86.625 -1 0.0)
#(0 726 49 86.625 -1 0.0)
#(0 727 49 86.625 -1 0.0)
#(0 728 49 86.625 -1 0.0)
#(0 729 49 86.625 -1 0.0)
#(0 730 49 86.625 -1 0.0)
#(0 732 49 86.625 -1 0.0)
#(0 733 49 86.625 -1 0.0)
#(0 734 49 86.625 -1 0.0)
#(0 735 49 86.625 -1 0.0)
#(0 737 49 86.625 -1 0.0)
#(0 738 49 86.625 -1 0.0)
#(0 138203 49 86.625 -1 0.0)
#(0 138204 49 86.625 -1 0.0)
#(0 138205 49 86.625 -1 0.0)
#(0 138206 49 86.625 -1 0.0)
#(0 138207 49 86.625 -1 0.0)
#(0 138208 49 86.625 -1 0.0)
#(0 275753 49 86.625 -1 0.0)
#(0 275754 49 86.625 -1 0.0)
#(0 275755 49 86.625 -1 0.0)
#(0 275756 49 86.625 -1 0.0)
#(0 275757 49 86.625 -1 0.0)
#(0 275758 49 86.625 -1 0.0)
#(0 275759 49 86.625 -1 0.0)
#(0 275761 49 86.625 -1 0.0)
#(0 275762 49 86.625 -1 0.0)
#(0 275763 49 86.625 -1 0.0)
#(0 275764 49 86.625 -1 0.0)
#(0 275765 49 86.625 -1 0.0)
#(0 275766 49 86.625 -1 0.0)
#(0 412831 49 86.625 -1 0.0)
#(0 412841 49 86.625 -1 0.0)
#(0 412842 49 86.625 -1 0.0)
#(0 412843 49 86.625 -1 0.0)
#(0 412844 49 86.625 -1 0.0)
#(0 412845 49 86.625 -1 0.0)
#(0 412846 49 86.625 -1 0.0)
#(0 412847 49 86.625 -1 0.0)
#(0 412848 49 86.625 -1 0.0)
#(0 412849 49 86.625 -1 0.0)
#(0 725 50 86.625 -1 0.0)
#(0 731 50 86.625 -1 0.0)
#(0 736 50 86.625 -1 0.0)
#(0 739 50 86.625 -1 0.0)
#(0 740 50 86.625 -1 0.0)
#(0 742 50 86.625 -1 0.0)
#(0 743 50 86.625 -1 0.0)
#(0 744 50 86.625 -1 0.0)
#(0 745 50 86.641 -1 0.0)
#(0 746 50 86.641 -1 0.0)
#(0 748 50 86.641 -1 0.0)
#(0 749 50 86.641 -1 0.0)
#(0 750 50 86.641 -1 0.0)
#(0 751 50 86.641 -1 0.0)
#(0 752 50 86.641 -1 0.0)
#(0 138199 50 86.641 -1 0.0)
#(0 138202 50 86.641 -1 0.0)
#(0 138210 50 86.641 -1 0.0)
#(0 138211 50 86.641 -1 0.0)
#(0 138212 50 86.641 -1 0.0)
#(0 138213 50 86.641 -1 0.0)
#(0 138214 50 86.641 -1 0.0)
#(0 138215 50 86.641 -1 0.0)
#(0 138216 50 86.641 -1 0.0)
#(0 138217 50 86.641 -1 0.0)
#(0 138218 50 86.641 -1 0.0)
#(0 138219 50 86.641 -1 0.0)
#(0 138220 50 86.641 -1 0.0)
#(0 138221 50 86.641 -1 0.0)
#(0 275752 50 86.641 -1 0.0)
#(0 275760 50 86.641 -1 0.0)
#(0 275767 50 86.641 -1 0.0)
#(0 275768 50 86.641 -1 0.0)
#(0 275769 50 86.641 -1 0.0)
#(0 275770 50 86.641 -1 0.0)
#(0 275771 50 86.641 -1 0.0)
#(0 275772 50 86.641 -1 0.0)
#(0 275773 50 86.641 -1 0.0)
#(0 275774 50 86.641 -1 0.0)
#(0 275775 50 86.641 -1 0.0)
#(0 275776 50 86.641 -1 0.0)
#(0 412850 50 86.641 -1 0.0)
#(0 412851 50 86.641 -1 0.0)
#(0 412853 50 86.641 -1 0.0)
#(0 412854 50 86.641 -1 0.0)
#(0 412855 50 86.641 -1 0.0)
#(0 412856 50 86.641 -1 0.0)
#(0 412857 50 86.641 -1 0.0)
#(0 412858 50 86.641 -1 0.0)
#(0 741 51 86.641 -1 0.0)
#(0 747 51 86.641 -1 0.0)
#(0 754 51 86.641 -1 0.0)
#(0 755 51 86.641 -1 0.0)
#(0 756 51 86.641 -1 0.0)
#(0 757 51 86.641 -1 0.0)
#(0 758 51 86.641 -1 0.0)
#(0 759 51 86.641 -1 0.0)
#(0 760 51 86.641 -1 0.0)
#(0 761 51 86.641 -1 0.0)
#(0 762 51 86.641 -1 0.0)
#(0 763 51 86.641 -1 0.0)
#(0 765 51 86.641 -1 0.0)
#(0 767 51 86.641 -1 0.0)
#(0 768 51 86.641 -1 0.0)
#(0 769 51 86.641 -1 0.0)
#(0 138209 51 86.641 -1 0.0)
#(0 138222 51 86.641 -1 0.0)
#(0 138223 51 86.641 -1 0.0)
#(0 138224 51 86.641 -1 0.0)
#(0 138225 51 86.641 -1 0.0)
#(0 275777 51 86.641 -1 0.0)
#(0 275778 51 86.641 -1 0.0)
#(0 275779 51 86.641 -1 0.0)
#(0 275780 51 86.641 -1 0.0)
#(0 275785 51 86.641 -1 0.0)
#(0 275786 51 86.641 -1 0.0)
#(0 275787 51 86.641 -1 0.0)
#(0 412852 51 86.641 -1 0.0)
#(0 412859 51 86.641 -1 0.0)
#(0 412860 51 86.641 -1 0.0)
#(0 412861 51 86.641 -1 0.0)
#(0 412862 51 86.641 -1 0.0)
#(0 412863 51 86.641 -1 0.0)
#(0 412864 51 86.641 -1 0.0)
#(0 412865 51 86.641 -1 0.0)
#(0 412866 51 86.641 -1 0.0)
#(0 412867 51 86.657 -1 0.0)
#(0 412868 51 86.657 -1 0.0)
#(0 412869 51 86.657 -1 0.0)
#(0 412870 51 86.657 -1 0.0)
#(0 753 52 86.657 -1 0.0)
#(0 764 52 86.657 -1 0.0)
#(0 766 52 86.657 -1 0.0)
#(0 770 52 86.657 -1 0.0)
#(0 771 52 86.657 -1 0.0)
#(0 772 52 86.657 -1 0.0)
#(0 773 52 86.657 -1 0.0)
#(0 774 52 86.657 -1 0.0)
#(0 775 52 86.657 -1 0.0)
#(0 776 52 86.657 -1 0.0)
#(0 777 52 86.657 -1 0.0)
#(0 778 52 86.657 -1 0.0)
#(0 779 52 86.657 -1 0.0)
#(0 780 52 86.657 -1 0.0)
#(0 781 52 86.657 -1 0.0)
#(0 782 52 86.657 -1 0.0)
#(0 783 52 86.657 -1 0.0)
#(0 784 52 86.657 -1 0.0)
#(0 138226 52 86.657 -1 0.0)
#(0 138227 52 86.657 -1 0.0)
#(0 138228 52 86.657 -1 0.0)
#(0 138229 52 86.657 -1 0.0)
#(0 138230 52 86.657 -1 0.0)
#(0 138231 52 86.657 -1 0.0)
#(0 138232 52 86.657 -1 0.0)
#(0 138233 52 86.657 -1 0.0)
#(0 138234 52 86.657 -1 0.0)
#(0 138235 52 86.657 -1 0.0)
#(0 138236 52 86.657 -1 0.0)
#(0 275781 52 86.657 -1 0.0)
#(0 275782 52 86.657 -1 0.0)
#(0 275788 52 86.657 -1 0.0)
#(0 275789 52 86.657 -1 0.0)
#(0 275790 52 86.657 -1 0.0)
#(0 275791 52 86.657 -1 0.0)
#(0 275792 52 86.657 -1 0.0)
#(0 275793 52 86.657 -1 0.0)
#(0 275794 52 86.657 -1 0.0)
#(0 275795 52 86.657 -1 0.0)
#(0 275796 52 86.657 -1 0.0)
#(0 275797 52 86.657 -1 0.0)
#(0 275798 52 86.657 -1 0.0)
#(0 275799 52 86.657 -1 0.0)
#(0 412871 52 86.657 -1 0.0)
#(0 412872 52 86.657 -1 0.0)
#(0 412873 52 86.657 -1 0.0)
#(0 412875 52 86.657 -1 0.0)
#(0 412876 52 86.657 -1 0.0)
#(0 412877 52 86.657 -1 0.0)
#(0 412878 52 86.657 -1 0.0)
#(0 412879 52 86.657 -1 0.0)
#(0 412880 52 86.657 -1 0.0)
#(0 412881 52 86.657 -1 0.0)
#(0 412882 52 86.657 -1 0.0)
#(0 412883 52 86.657 -1 0.0)
#(0 412884 52 86.657 -1 0.0)
#(0 412885 52 86.657 -1 0.0)
#(0 785 53 86.657 -1 0.0)
#(0 786 53 86.657 -1 0.0)
#(0 787 53 86.657 -1 0.0)
#(0 788 53 86.657 -1 0.0)
#(0 789 53 86.657 -1 0.0)
#(0 790 53 86.657 -1 0.0)
#(0 791 53 86.657 -1 0.0)
#(0 792 53 86.657 -1 0.0)
#(0 793 53 86.657 -1 0.0)
#(0 794 53 86.657 -1 0.0)
#(0 795 53 86.657 -1 0.0)
#(0 796 53 86.657 -1 0.0)
#(0 138237 53 86.657 -1 0.0)
#(0 138238 53 86.657 -1 0.0)
#(0 138239 53 86.657 -1 0.0)
#(0 138241 53 86.657 -1 0.0)
#(0 138242 53 86.672 -1 0.0)
#(0 275800 53 86.672 -1 0.0)
#(0 275801 53 86.672 -1 0.0)
#(0 275802 53 86.672 -1 0.0)
#(0 275803 53 86.672 -1 0.0)
#(0 275804 53 86.672 -1 0.0)
#(0 275805 53 86.672 -1 0.0)
#(0 275806 53 86.672 -1 0.0)
#(0 275807 53 86.672 -1 0.0)
#(0 275808 53 86.672 -1 0.0)
#(0 275809 53 86.672 -1 0.0)
#(0 275810 53 86.672 -1 0.0)
#(0 275811 53 86.672 -1 0.0)
#(0 275812 53 86.672 -1 0.0)
#(0 412874 53 86.672 -1 0.0)
#(0 412886 53 86.672 -1 0.0)
#(0 412887 53 86.672 -1 0.0)
#(0 412888 53 86.672 -1 0.0)
#(0 412889 53 86.672 -1 0.0)
#(0 412890 53 86.672 -1 0.0)
#(0 412891 53 86.672 -1 0.0)
#(0 412892 53 86.672 -1 0.0)
#(0 412893 53 86.672 -1 0.0)
#(0 412894 53 86.672 -1 0.0)
#(0 412896 53 86.672 -1 0.0)
#(0 797 54 86.672 -1 0.0)
#(0 798 54 86.672 -1 0.0)
#(0 799 54 86.672 -1 0.0)
#(0 800 54 86.672 -1 0.0)
#(0 801 54 86.672 -1 0.0)
#(0 802 54 86.672 -1 0.0)
#(0 803 54 86.672 -1 0.0)
#(0 804 54 86.672 -1 0.0)
#(0 805 54 86.672 -1 0.0)
#(0 806 54 86.672 -1 0.0)
#(0 807 54 86.672 -1 0.0)
#(0 808 54 86.672 -1 0.0)
#(0 138240 54 86.672 -1 0.0)
#(0 138243 54 86.672 -1 0.0)
#(0 138245 54 86.672 -1 0.0)
#(0 138246 54 86.672 -1 0.0)
#(0 138247 54 86.672 -1 0.0)
#(0 138248 54 86.672 -1 0.0)
#(0 138249 54 86.672 -1 0.0)
#(0 138250 54 86.672 -1 0.0)
#(0 138251 54 86.672 -1 0.0)
#(0 138252 54 86.672 -1 0.0)
#(0 138253 54 86.672 -1 0.0)
#(0 138254 54 86.672 -1 0.0)
#(0 138256 54 86.672 -1 0.0)
#(0 275783 54 86.688 -1 0.0)
#(0 275813 54 86.688 -1 0.0)
#(0 275814 54 86.688 -1 0.0)
#(0 275815 54 86.688 -1 0.0)
#(0 275816 54 86.688 -1 0.0)
#(0 275817 54 86.688 -1 0.0)
#(0 275818 54 86.688 -1 0.0)
#(0 275819 54 86.688 -1 0.0)
#(0 275820 54 86.688 -1 0.0)
#(0 275821 54 86.688 -1 0.0)
#(0 275822 54 86.688 -1 0.0)
#(0 275823 54 86.688 -1 0.0)
#(0 275824 54 86.688 -1 0.0)
#(0 412897 54 86.688 -1 0.0)
#(0 412898 54 86.688 -1 0.0)
#(0 412899 54 86.688 -1 0.0)
#(0 412900 54 86.688 -1 0.0)
#(0 412901 54 86.688 -1 0.0)
#(0 412902 54 86.688 -1 0.0)
#(0 412903 54 86.688 -1 0.0)
#(0 412904 54 86.688 -1 0.0)
#(0 412905 54 86.688 -1 0.0)
#(0 809 55 86.688 -1 0.0)
#(0 810 55 86.688 -1 0.0)
#(0 811 55 86.688 -1 0.0)
#(0 812 55 86.688 -1 0.0)
#(0 813 55 86.688 -1 0.0)
#(0 814 55 86.688 -1 0.0)
#(0 815 55 86.688 -1 0.0)
#(0 816 55 86.688 -1 0.0)
#(0 817 55 86.688 -1 0.0)
#(0 818 55 86.688 -1 0.0)
#(0 819 55 86.688 -1 0.0)
#(0 820 55 86.688 -1 0.0)
#(0 138244 55 86.688 -1 0.0)
#(0 138257 55 86.688 -1 0.0)
#(0 138259 55 86.688 -1 0.0)
#(0 138260 55 86.688 -1 0.0)
#(0 138261 55 86.688 -1 0.0)
#(0 138262 55 86.688 -1 0.0)
#(0 138263 55 86.688 -1 0.0)
#(0 138264 55 86.688 -1 0.0)
#(0 138265 55 86.688 -1 0.0)
#(0 138266 55 86.688 -1 0.0)
#(0 138267 55 86.688 -1 0.0)
#(0 138268 55 86.688 -1 0.0)
#(0 275784 55 86.688 -1 0.0)
#(0 275825 55 86.688 -1 0.0)
#(0 275826 55 86.688 -1 0.0)
#(0 275827 55 86.688 -1 0.0)
#(0 275828 55 86.688 -1 0.0)
#(0 275830 55 86.688 -1 0.0)
#(0 275831 55 86.688 -1 0.0)
#(0 275832 55 86.688 -1 0.0)
#(0 275833 55 86.688 -1 0.0)
#(0 275834 55 86.688 -1 0.0)
#(0 275835 55 86.688 -1 0.0)
#(0 275836 55 86.688 -1 0.0)
#(0 275837 55 86.688 -1 0.0)
#(0 275838 55 86.688 -1 0.0)
#(0 275839 55 86.688 -1 0.0)
#(0 412895 55 86.688 -1 0.0)
#(0 412907 55 86.688 -1 0.0)
#(0 412908 55 86.688 -1 0.0)
#(0 412909 55 86.688 -1 0.0)
#(0 412910 55 86.688 -1 0.0)
#(0 412913 55 86.688 -1 0.0)
#(0 412914 55 86.688 -1 0.0)
#(0 412915 55 86.688 -1 0.0)
#(0 412916 55 86.688 -1 0.0)
#(0 412917 55 86.688 -1 0.0)
#(0 412918 55 86.688 -1 0.0)
#(0 412919 55 86.688 -1 0.0)
#(0 412920 55 86.688 -1 0.0)
#(0 412921 55 86.688 -1 0.0)
#(0 821 56 86.704 -1 0.0)
#(0 822 56 86.704 -1 0.0)
#(0 823 56 86.704 -1 0.0)
#(0 824 56 86.704 -1 0.0)
#(0 825 56 86.704 -1 0.0)
#(0 826 56 86.704 -1 0.0)
#(0 828 56 86.704 -1 0.0)
#(0 829 56 86.704 -1 0.0)
#(0 830 56 86.704 -1 0.0)
#(0 831 56 86.704 -1 0.0)
#(0 832 56 86.704 -1 0.0)
#(0 833 56 86.704 -1 0.0)
#(0 834 56 86.704 -1 0.0)
#(0 835 56 86.704 -1 0.0)
#(0 836 56 86.704 -1 0.0)
#(0 837 56 86.704 -1 0.0)
#(0 838 56 86.704 -1 0.0)
#(0 839 56 86.704 -1 0.0)
#(0 840 56 86.704 -1 0.0)
#(0 841 56 86.704 -1 0.0)
#(0 138255 56 86.704 -1 0.0)
#(0 138258 56 86.704 -1 0.0)
#(0 138269 56 86.704 -1 0.0)
#(0 138270 56 86.704 -1 0.0)
#(0 138272 56 86.704 -1 0.0)
#(0 138273 56 86.704 -1 0.0)
#(0 138274 56 86.704 -1 0.0)
#(0 138275 56 86.704 -1 0.0)
#(0 138276 56 86.704 -1 0.0)
#(0 138277 56 86.704 -1 0.0)
#(0 275829 56 86.704 -1 0.0)
#(0 275840 56 86.704 -1 0.0)
#(0 275841 56 86.704 -1 0.0)
#(0 275842 56 86.704 -1 0.0)
#(0 275843 56 86.704 -1 0.0)
#(0 275844 56 86.704 -1 0.0)
#(0 275845 56 86.704 -1 0.0)
#(0 275846 56 86.704 -1 0.0)
#(0 275847 56 86.704 -1 0.0)
#(0 275848 56 86.704 -1 0.0)
#(0 275849 56 86.704 -1 0.0)
#(0 275851 56 86.704 -1 0.0)
#(0 412906 56 86.704 -1 0.0)
#(0 412911 56 86.704 -1 0.0)
#(0 412912 56 86.704 -1 0.0)
#(0 412923 56 86.704 -1 0.0)
#(0 412924 56 86.704 -1 0.0)
#(0 412925 56 86.704 -1 0.0)
#(0 412926 56 86.704 -1 0.0)
#(0 412927 56 86.704 -1 0.0)
#(0 827 57 86.719 -1 0.0)
#(0 842 57 86.719 -1 0.0)
#(0 843 57 86.719 -1 0.0)
#(0 844 57 86.719 -1 0.0)
#(0 845 57 86.719 -1 0.0)
#(0 846 57 86.719 -1 0.0)
#(0 847 57 86.719 -1 0.0)
#(0 848 57 86.719 -1 0.0)
#(0 849 57 86.719 -1 0.0)
#(0 850 57 86.719 -1 0.0)
#(0 851 57 86.719 -1 0.0)
#(0 852 57 86.719 -1 0.0)
#(0 138271 57 86.719 -1 0.0)
#(0 138278 57 86.719 -1 0.0)
#(0 138280 57 86.719 -1 0.0)
#(0 138281 57 86.719 -1 0.0)
#(0 138282 57 86.719 -1 0.0)
#(0 138283 57 86.719 -1 0.0)
#(0 138284 57 86.719 -1 0.0)
#(0 138285 57 86.719 -1 0.0)
#(0 138286 57 86.719 -1 0.0)
#(0 138287 57 86.719 -1 0.0)
#(0 138288 57 86.719 -1 0.0)
#(0 138289 57 86.719 -1 0.0)
#(0 275852 57 86.719 -1 0.0)
#(0 275853 57 86.719 -1 0.0)
#(0 275855 57 86.719 -1 0.0)
#(0 275856 57 86.719 -1 0.0)
#(0 275857 57 86.719 -1 0.0)
#(0 275859 57 86.719 -1 0.0)
#(0 275860 57 86.719 -1 0.0)
#(0 275861 57 86.719 -1 0.0)
#(0 275862 57 86.719 -1 0.0)
#(0 275863 57 86.719 -1 0.0)
#(0 275864 57 86.719 -1 0.0)
#(0 275865 57 86.719 -1 0.0)
#(0 275866 57 86.719 -1 0.0)
#(0 275867 57 86.719 -1 0.0)
#(0 412928 57 86.719 -1 0.0)
#(0 412929 57 86.719 -1 0.0)
#(0 412930 57 86.719 -1 0.0)
#(0 412931 57 86.719 -1 0.0)
#(0 412932 57 86.719 -1 0.0)
#(0 412933 57 86.719 -1 0.0)
#(0 412934 57 86.719 -1 0.0)
#(0 412935 57 86.719 -1 0.0)
#(0 412936 57 86.719 -1 0.0)
#(0 412937 57 86.719 -1 0.0)
#(0 412939 57 86.719 -1 0.0)
#(0 412940 57 86.719 -1 0.0)
#(0 412941 57 86.719 -1 0.0)
#(0 853 58 86.719 -1 0.0)
#(0 854 58 86.719 -1 0.0)
#(0 855 58 86.719 -1 0.0)
#(0 856 58 86.719 -1 0.0)
#(0 857 58 86.719 -1 0.0)
#(0 858 58 86.719 -1 0.0)
#(0 859 58 86.719 -1 0.0)
#(0 860 58 86.719 -1 0.0)
#(0 863 58 86.719 -1 0.0)
#(0 864 58 86.719 -1 0.0)
#(0 865 58 86.719 -1 0.0)
#(0 138279 58 86.719 -1 0.0)
#(0 138290 58 86.719 -1 0.0)
#(0 138291 58 86.719 -1 0.0)
#(0 138292 58 86.719 -1 0.0)
#(0 138293 58 86.719 -1 0.0)
#(0 138294 58 86.719 -1 0.0)
#(0 138295 58 86.719 -1 0.0)
#(0 138296 58 86.719 -1 0.0)
#(0 138297 58 86.719 -1 0.0)
#(0 138298 58 86.719 -1 0.0)
#(0 138299 58 86.719 -1 0.0)
#(0 275850 58 86.719 -1 0.0)
#(0 275854 58 86.719 -1 0.0)
#(0 275858 58 86.735 -1 0.0)
#(0 275868 58 86.735 -1 0.0)
#(0 275869 58 86.735 -1 0.0)
#(0 275870 58 86.735 -1 0.0)
#(0 275871 58 86.735 -1 0.0)
#(0 275873 58 86.735 -1 0.0)
#(0 275874 58 86.735 -1 0.0)
#(0 275875 58 86.735 -1 0.0)
#(0 275876 58 86.735 -1 0.0)
#(0 275878 58 86.735 -1 0.0)
#(0 275879 58 86.735 -1 0.0)
#(0 275880 58 86.735 -1 0.0)
#(0 275881 58 86.735 -1 0.0)
#(0 275882 58 86.735 -1 0.0)
#(0 412922 58 86.735 -1 0.0)
#(0 412938 58 86.735 -1 0.0)
#(0 412942 58 86.735 -1 0.0)
#(0 412943 58 86.735 -1 0.0)
#(0 412944 58 86.735 -1 0.0)
#(0 412945 58 86.735 -1 0.0)
#(0 412946 58 86.735 -1 0.0)
#(0 412947 58 86.735 -1 0.0)
#(0 412948 58 86.735 -1 0.0)
#(0 412949 58 86.735 -1 0.0)
#(0 412950 58 86.735 -1 0.0)
#(0 412951 58 86.735 -1 0.0)
#(0 412953 58 86.735 -1 0.0)
#(0 412954 58 86.735 -1 0.0)
#(0 412956 58 86.735 -1 0.0)
#(0 412957 58 86.735 -1 0.0)
#(0 412958 58 86.735 -1 0.0)
#(0 412959 58 86.735 -1 0.0)
#(0 412960 58 86.735 -1 0.0)
#(0 412961 58 86.735 -1 0.0)
#(0 862 59 86.735 -1 0.0)
#(0 866 59 86.735 -1 0.0)
#(0 867 59 86.735 -1 0.0)
#(0 868 59 86.735 -1 0.0)
#(0 869 59 86.735 -1 0.0)
#(0 870 59 86.735 -1 0.0)
#(0 871 59 86.735 -1 0.0)
#(0 872 59 86.735 -1 0.0)
#(0 873 59 86.735 -1 0.0)
#(0 874 59 86.735 -1 0.0)
#(0 875 59 86.735 -1 0.0)
#(0 876 59 86.735 -1 0.0)
#(0 877 59 86.735 -1 0.0)
#(0 878 59 86.735 -1 0.0)
#(0 879 59 86.735 -1 0.0)
#(0 880 59 86.735 -1 0.0)
#(0 138300 59 86.735 -1 0.0)
#(0 138301 59 86.735 -1 0.0)
#(0 138302 59 86.735 -1 0.0)
#(0 138303 59 86.735 -1 0.0)
#(0 138304 59 86.735 -1 0.0)
#(0 138305 59 86.735 -1 0.0)
#(0 138306 59 86.735 -1 0.0)
#(0 138308 59 86.735 -1 0.0)
#(0 138309 59 86.735 -1 0.0)
#(0 138310 59 86.735 -1 0.0)
#(0 138311 59 86.735 -1 0.0)
#(0 138312 59 86.735 -1 0.0)
#(0 138313 59 86.735 -1 0.0)
#(0 138314 59 86.735 -1 0.0)
#(0 138315 59 86.735 -1 0.0)
#(0 275872 59 86.735 -1 0.0)
#(0 275877 59 86.735 -1 0.0)
#(0 275883 59 86.735 -1 0.0)
#(0 275884 59 86.735 -1 0.0)
#(0 275885 59 86.735 -1 0.0)
#(0 275886 59 86.735 -1 0.0)
#(0 275887 59 86.735 -1 0.0)
#(0 275888 59 86.735 -1 0.0)
#(0 275889 59 86.735 -1 0.0)
#(0 275890 59 86.735 -1 0.0)
#(0 275891 59 86.735 -1 0.0)
#(0 275893 59 86.735 -1 0.0)
#(0 275894 59 86.735 -1 0.0)
#(0 275895 59 86.735 -1 0.0)
#(0 412955 59 86.75 -1 0.0)
#(0 412962 59 86.75 -1 0.0)
#(0 412963 59 86.75 -1 0.0)
#(0 412965 59 86.75 -1 0.0)
#(0 412966 59 86.75 -1 0.0)
#(0 412967 59 86.75 -1 0.0)
#(0 412968 59 86.75 -1 0.0)
#(0 412969 59 86.75 -1 0.0)
#(0 412970 59 86.75 -1 0.0)
#(0 101 60 86.75 29.0 0.0)
#(0 108 60 86.75 30.625 0.0)
#(0 861 60 86.75 26.6111111111111 0.0)
#(0 882 60 86.75 27.75 0.0)
#(0 883 60 86.75 30.0 0.0)
#(0 884 60 86.75 32.4 0.0)
#(0 885 60 86.75 28.125 0.0)
#(0 886 60 86.75 29.8571428571429 0.0)
#(0 887 60 86.75 -1 0.0)
#(0 888 60 86.75 29.9375 0.0)
#(0 889 60 86.75 32.5 0.0)
#(0 890 60 86.75 30.3 0.0)
#(0 891 60 86.75 31.5 0.0)
#(0 892 60 86.75 26.875 0.0)
#(0 893 60 86.75 34.5 0.0)
#(0 137620 60 86.75 30.8333333333333 0.0)
#(0 137622 60 86.75 28.25 0.0)
#(0 138307 60 86.75 28.0 0.0)
#(0 138316 60 86.75 28.6666666666667 0.0)
#(0 138317 60 86.75 28.9444444444444 0.0)
#(0 138318 60 86.75 25.5833333333333 0.0)
#(0 138319 60 86.75 27.6 0.0)
#(0 138320 60 86.75 29.5 0.0)
#(0 138321 60 86.75 29.1 0.0)
#(0 138322 60 86.75 25.4375 0.0)
#(0 138323 60 86.75 33.6 0.0)
#(0 138324 60 86.75 28.6666666666667 0.0)
#(0 138327 60 86.75 28.5 0.0)
#(0 138328 60 86.75 24.3333333333333 0.0)
#(0 138329 60 86.75 31.5 0.0)
#(0 138330 60 86.75 24.5 0.0)
#(0 138331 60 86.75 27.6666666666667 0.0)
#(0 275136 60 86.75 23.75 0.0)
#(0 275140 60 86.75 28.6363636363636 0.0)
#(0 275141 60 86.75 30.5 0.0)
#(0 275147 60 86.75 32.125 0.0)
#(0 275896 60 86.75 29.3 0.0)
#(0 275897 60 86.75 26.8571428571429 0.0)
#(0 275899 60 86.75 29.2222222222222 0.0)
#(0 275900 60 86.75 23.75 0.0)
#(0 275901 60 86.75 27.1 0.0)
#(0 275902 60 86.75 25.875 0.0)
#(0 275903 60 86.75 31.1666666666667 0.0)
#(0 275904 60 86.75 20.0 0.0)
#(0 275905 60 86.75 33.125 0.0)
#(0 275906 60 86.75 29.0 0.0)
#(0 275907 60 86.75 28.8333333333333 0.0)
#(0 412250 60 86.75 27.75 0.0)
#(0 412254 60 86.75 27.0 0.0)
#(0 412257 60 86.75 24.75 0.0)
#(0 412952 60 86.75 33.2142857142857 0.0)
#(0 412964 60 86.75 26.25 0.0)
#(0 412971 60 86.75 28.1666666666667 0.0)
#(0 412972 60 86.75 27.0 0.0)
#(0 412973 60 86.766 26.2857142857143 0.0)
#(0 412974 60 86.766 33.0 0.0)
#(0 412975 60 86.766 35.0 0.0)
#(0 412976 60 86.766 29.0 0.0)
#(0 412977 60 86.766 24.5 0.0)
#(0 412978 60 86.766 -1 0.0)
#(0 412980 60 86.766 23.1 0.0)
#(0 119 61 86.766 27.75 0.0)
#(0 122 61 86.766 28.6 0.0)
#(0 126 61 86.766 34.0 0.0)
#(0 881 61 86.766 32.7857142857143 0.0)
#(0 894 61 86.766 29.375 0.0)
#(0 895 61 86.766 27.9166666666667 0.0)
#(0 896 61 86.766 28.8125 0.0)
#(0 898 61 86.766 22.3333333333333 0.0)
#(0 899 61 86.766 25.6 0.0)
#(0 900 61 86.766 28.7857142857143 0.0)
#(0 901 61 86.766 24.3888888888889 0.0)
#(0 902 61 86.766 28.6 0.0)
#(0 137637 61 86.766 26.0 0.0)
#(0 138325 61 86.766 29.1 0.0)
#(0 138326 61 86.766 25.5833333333333 0.0)
#(0 138332 61 86.766 28.6666666666667 0.0)
#(0 138333 61 86.766 29.375 0.0)
#(0 138334 61 86.766 27.875 0.0)
#(0 138335 61 86.766 35.375 0.0)
#(0 138336 61 86.766 24.1666666666667 0.0)
#(0 138337 61 86.766 27.5 0.0)
#(0 138339 61 86.766 27.9444444444444 0.0)
#(0 138340 61 86.766 25.0 0.0)
#(0 138341 61 86.766 31.2 0.0)
#(0 138342 61 86.766 30.8333333333333 0.0)
#(0 138343 61 86.766 27.8333333333333 0.0)
#(0 275150 61 86.766 32.2 0.0)
#(0 275151 61 86.766 34.5 0.0)
#(0 275157 61 86.766 31.6666666666667 0.0)
#(0 275159 61 86.766 28.8333333333333 0.0)
#(0 275161 61 86.766 24.5 0.0)
#(0 275892 61 86.766 28.7 0.0)
#(0 275898 61 86.766 32.125 0.0)
#(0 275908 61 86.766 26.5 0.0)
#(0 275909 61 86.766 27.75 0.0)
#(0 275910 61 86.766 37.0 0.0)
#(0 275911 61 86.766 27.375 0.0)
#(0 275912 61 86.766 25.7 0.0)
#(0 275913 61 86.766 23.0 0.0)
#(0 275914 61 86.766 25.2777777777778 0.0)
#(0 275915 61 86.766 26.5 0.0)
#(0 275916 61 86.766 34.4 0.0)
#(0 275917 61 86.766 28.7 0.0)
#(0 275918 61 86.766 30.1666666666667 0.0)
#(0 275919 61 86.766 20.125 0.0)
#(0 275920 61 86.766 27.2 0.0)
#(0 275921 61 86.766 22.5714285714286 0.0)
#(0 275922 61 86.766 27.0 0.0)
#(0 275923 61 86.766 31.0 0.0)
#(0 412261 61 86.766 25.75 0.0)
#(0 412275 61 86.766 29.9166666666667 0.0)
#(0 412278 61 86.766 25.8333333333333 0.0)
#(0 412279 61 86.766 29.0 0.0)
#(0 412280 61 86.766 30.5 0.0)
#(0 412979 61 86.766 24.9166666666667 0.0)
#(0 412981 61 86.782 24.2222222222222 0.0)
#(0 412982 61 86.782 34.0 0.0)
#(0 412983 61 86.782 -1 0.0)
#(0 412984 61 86.782 29.8 0.0)
#(0 412985 61 86.782 33.0 0.0)
#(0 412986 61 86.782 21.35 0.0)
#(0 412987 61 86.782 27.5625 0.0)
#(0 412988 61 86.782 27.7142857142857 0.0)
#(0 412989 61 86.782 29.375 0.0)
#(0 412990 61 86.782 27.2 0.0)
#(0 412991 61 86.782 -1 0.0)
#(0 412992 61 86.782 26.2222222222222 0.0)
#(0 412993 61 86.782 25.5 0.0)
#(0 412994 61 86.782 23.75 0.0)
#(0 412995 61 86.782 30.25 0.0)
#(0 412996 61 86.782 27.9285714285714 0.0)
#(0 127 62 86.782 27.2 0.0)
#(0 128 62 86.782 28.6 0.0)
#(0 134 62 86.782 32.4 0.0)
#(0 137 62 86.782 25.8 0.0)
#(0 897 62 86.782 34.5 0.0)
#(0 903 62 86.782 27.5 0.0)
#(0 904 62 86.782 26.3125 0.0)
#(0 905 62 86.782 29.75 0.0)
#(0 906 62 86.782 29.0 0.0)
#(0 907 62 86.782 27.3333333333333 0.0)
#(0 908 62 86.782 30.0 0.0)
#(0 909 62 86.782 -1 0.0)
#(0 910 62 86.782 26.8888888888889 0.0)
#(0 911 62 86.782 27.0 0.0)
#(0 137642 62 86.782 31.0 0.0)
#(0 138338 62 86.782 27.6666666666667 0.0)
#(0 138344 62 86.782 -1 0.0)
#(0 138345 62 86.782 23.0 0.0)
#(0 138346 62 86.782 28.6666666666667 0.0)
#(0 138347 62 86.782 31.2 0.0)
#(0 138349 62 86.782 23.0 0.0)
#(0 138350 62 86.782 29.3333333333333 0.0)
#(0 138351 62 86.782 28.5 0.0)
#(0 138352 62 86.782 27.8333333333333 0.0)
#(0 138354 62 86.782 29.8 0.0)
#(0 138355 62 86.782 29.4 0.0)
#(0 138356 62 86.782 29.5 0.0)
#(0 138357 62 86.782 29.0833333333333 0.0)
#(0 138358 62 86.782 31.0833333333333 0.0)
#(0 138359 62 86.782 27.0 0.0)
#(0 138360 62 86.782 27.9285714285714 0.0)
#(0 275924 62 86.782 29.0 0.0)
#(0 275925 62 86.782 29.3333333333333 0.0)
#(0 275926 62 86.782 27.0 0.0)
#(0 275927 62 86.782 31.4 0.0)
#(0 275928 62 86.782 31.1 0.0)
#(0 275929 62 86.797 33.5 0.0)
#(0 275930 62 86.797 28.1666666666667 0.0)
#(0 275931 62 86.797 37.0 0.0)
#(0 275932 62 86.797 33.75 0.0)
#(0 275933 62 86.797 27.75 0.0)
#(0 275934 62 86.797 36.0 0.0)
#(0 412285 62 86.797 33.5 0.0)
#(0 412288 62 86.797 31.375 0.0)
#(0 412997 62 86.797 31.875 0.0)
#(0 412998 62 86.797 29.0 0.0)
#(0 413000 62 86.797 27.8888888888889 0.0)
#(0 413001 62 86.797 29.7142857142857 0.0)
#(0 413002 62 86.797 33.75 0.0)
#(0 413003 62 86.797 33.0 0.0)
#(0 413004 62 86.797 -1 0.0)
#(0 413005 62 86.797 23.75 0.0)
#(0 413006 62 86.797 27.75 0.0)
#(0 413007 62 86.797 25.75 0.0)
#(0 143 63 86.797 27.75 0.0)
#(0 145 63 86.797 24.375 0.0)
#(0 148 63 86.797 -1 0.0)
#(0 149 63 86.797 23.4166666666667 0.0)
#(0 912 63 86.797 30.7 0.0)
#(0 913 63 86.797 29.8 0.0)
#(0 915 63 86.797 28.0 0.0)
#(0 916 63 86.797 24.125 0.0)
#(0 917 63 86.797 34.5 0.0)
#(0 918 63 86.797 26.3125 0.0)
#(0 919 63 86.797 33.0 0.0)
#(0 137650 63 86.797 27.0 0.0)
#(0 137651 63 86.797 27.9444444444444 0.0)
#(0 137652 63 86.797 27.2142857142857 0.0)
#(0 137664 63 86.797 25.0 0.0)
#(0 138348 63 86.797 27.6666666666667 0.0)
#(0 138353 63 86.797 27.9444444444444 0.0)
#(0 138361 63 86.797 23.0909090909091 0.0)
#(0 138362 63 86.797 28.25 0.0)
#(0 138363 63 86.797 23.0 0.0)
#(0 138364 63 86.797 24.5 0.0)
#(0 138365 63 86.797 24.8333333333333 0.0)
#(0 138366 63 86.797 26.75 0.0)
#(0 138368 63 86.797 31.125 0.0)
#(0 138369 63 86.797 32.5 0.0)
#(0 138371 63 86.797 -1 0.0)
#(0 138372 63 86.797 32.0 0.0)
#(0 138373 63 86.797 25.75 0.0)
#(0 138375 63 86.797 27.4285714285714 0.0)
#(0 275182 63 86.797 31.25 0.0)
#(0 275935 63 86.797 30.25 0.0)
#(0 275936 63 86.797 32.2 0.0)
#(0 275937 63 86.797 27.75 0.0)
#(0 275938 63 86.797 28.6363636363636 0.0)
#(0 275940 63 86.797 23.75 0.0)
#(0 275941 63 86.797 30.875 0.0)
#(0 275942 63 86.797 28.5384615384615 0.0)
#(0 275943 63 86.797 26.5 0.0)
#(0 412294 63 86.797 26.5 0.0)
#(0 412300 63 86.797 26.2857142857143 0.0)
#(0 412999 63 86.813 26.2222222222222 0.0)
#(0 413008 63 86.813 25.5 0.0)
#(0 413009 63 86.813 29.5 0.0)
#(0 413010 63 86.813 28.9375 0.0)
#(0 413011 63 86.813 28.1 0.0)
#(0 413012 63 86.813 29.1666666666667 0.0)
#(0 413013 63 86.813 25.3 0.0)
#(0 413015 63 86.813 33.5 0.0)
#(0 413016 63 86.813 32.0 0.0)
#(0 413017 63 86.813 27.9285714285714 0.0)
#(0 413018 63 86.813 27.75 0.0)
#(0 413019 63 86.813 28.75 0.0)
#(0 157 64 86.813 30.625 0.0)
#(0 163 64 86.813 26.0 0.0)
#(0 914 64 86.813 26.8888888888889 0.0)
#(0 920 64 86.813 29.6666666666667 0.0)
#(0 921 64 86.813 29.0 0.0)
#(0 922 64 86.813 24.375 0.0)
#(0 923 64 86.813 29.0 0.0)
#(0 924 64 86.813 29.1428571428571 0.0)
#(0 925 64 86.813 26.7 0.0)
#(0 137668 64 86.813 29.0833333333333 0.0)
#(0 137674 64 86.813 28.375 0.0)
#(0 137677 64 86.813 28.5909090909091 0.0)
#(0 137683 64 86.813 30.0 0.0)
#(0 138367 64 86.813 28.25 0.0)
#(0 138370 64 86.813 31.0833333333333 0.0)
#(0 138374 64 86.813 24.5 0.0)
#(0 138376 64 86.813 25.0 0.0)
#(0 138377 64 86.813 30.125 0.0)
#(0 138378 64 86.813 28.375 0.0)
#(0 138379 64 86.813 31.7142857142857 0.0)
#(0 138380 64 86.813 27.5 0.0)
#(0 138381 64 86.813 29.4 0.0)
#(0 138382 64 86.813 25.5 0.0)
#(0 138383 64 86.813 22.3333333333333 0.0)
#(0 138384 64 86.813 29.5 0.0)
#(0 138385 64 86.813 29.375 0.0)
#(0 138386 64 86.813 27.2142857142857 0.0)
#(0 138387 64 86.813 -1 0.0)
#(0 275194 64 86.813 29.1666666666667 0.0)
#(0 275939 64 86.813 27.0 0.0)
#(0 275944 64 86.813 24.0625 0.0)
#(0 275945 64 86.813 22.5714285714286 0.0)
#(0 275946 64 86.813 24.5 0.0)
#(0 275947 64 86.813 25.9 0.0)
#(0 275949 64 86.813 26.8333333333333 0.0)
#(0 275950 64 86.813 29.2222222222222 0.0)
#(0 275952 64 86.813 27.1428571428571 0.0)
#(0 275953 64 86.813 27.2 0.0)
#(0 275954 64 86.813 -1 0.0)
#(0 275956 64 86.813 23.75 0.0)
#(0 275957 64 86.813 24.8333333333333 0.0)
#(0 275958 64 86.813 30.35 0.0)
#(0 275959 64 86.813 31.25 0.0)
#(0 412308 64 86.813 27.5 0.0)
#(0 412312 64 86.813 27.5 0.0)
#(0 412313 64 86.813 30.25 0.0)
#(0 412314 64 86.813 25.1666666666667 0.0)
#(0 413014 64 86.829 29.5 0.0)
#(0 413020 64 86.829 26.5833333333333 0.0)
#(0 413021 64 86.829 -1 0.0)
#(0 413022 64 86.829 29.1666666666667 0.0)
#(0 413023 64 86.829 29.0 0.0)
#(0 413024 64 86.829 31.2 0.0)
#(0 413025 64 86.829 28.0 0.0)
#(0 413026 64 86.829 40.5 0.0)
#(0 413027 64 86.829 24.75 0.0)
#(0 165 65 86.829 33.3333333333333 0.0)
#(0 171 65 86.829 31.0 0.0)
#(0 926 65 86.829 27.5454545454545 0.0)
#(0 927 65 86.829 30.6428571428571 0.0)
#(0 928 65 86.829 29.8 0.0)
#(0 930 65 86.829 25.8 0.0)
#(0 931 65 86.829 -1 0.0)
#(0 932 65 86.829 28.8125 0.0)
#(0 933 65 86.829 28.75 0.0)
#(0 934 65 86.829 30.7 0.0)
#(0 137689 65 86.829 27.6 0.0)
#(0 138388 65 86.829 29.3636363636364 0.0)
#(0 138389 65 86.829 29.8 0.0)
#(0 138390 65 86.829 29.4 0.0)
#(0 138391 65 86.829 31.0833333333333 0.0)
#(0 138392 65 86.829 32.3333333333333 0.0)
#(0 138393 65 86.829 27.75 0.0)
#(0 138394 65 86.829 25.625 0.0)
#(0 138396 65 86.829 30.8333333333333 0.0)
#(0 138397 65 86.829 33.6 0.0)
#(0 138398 65 86.829 26.0 0.0)
#(0 138399 65 86.829 27.0 0.0)
#(0 275205 65 86.829 35.625 0.0)
#(0 275213 65 86.829 26.0 0.0)
#(0 275948 65 86.829 24.0625 0.0)
#(0 275955 65 86.829 23.75 0.0)
#(0 275960 65 86.829 24.3125 0.0)
#(0 275961 65 86.829 31.1 0.0)
#(0 275962 65 86.829 23.0 0.0)
#(0 275963 65 86.829 26.9444444444444 0.0)
#(0 275964 65 86.829 23.75 0.0)
#(0 275965 65 86.829 30.875 0.0)
#(0 275966 65 86.829 20.125 0.0)
#(0 275967 65 86.829 30.4285714285714 0.0)
#(0 275968 65 86.829 23.5 0.0)
#(0 275969 65 86.829 22.5714285714286 0.0)
#(0 275970 65 86.829 25.2777777777778 0.0)
#(0 275971 65 86.829 28.375 0.0)
#(0 412320 65 86.844 34.3333333333333 0.0)
#(0 412322 65 86.844 27.2 0.0)
#(0 413028 65 86.844 26.9444444444444 0.0)
#(0 413029 65 86.844 31.875 0.0)
#(0 413031 65 86.844 24.0714285714286 0.0)
#(0 413032 65 86.844 24.2222222222222 0.0)
#(0 413033 65 86.844 28.6666666666667 0.0)
#(0 413034 65 86.844 25.6 0.0)
#(0 413035 65 86.844 29.0 0.0)
#(0 413036 65 86.844 -1 0.0)
#(0 413037 65 86.844 28.2083333333333 0.0)
#(0 413038 65 86.844 27.8333333333333 0.0)
#(0 413039 65 86.844 28.9 0.0)
#(0 178 66 86.844 30.6428571428571 0.0)
#(0 187 66 86.844 31.5 0.0)
#(0 189 66 86.844 30.625 0.0)
#(0 190 66 86.844 27.3571428571429 0.0)
#(0 929 66 86.844 30.6428571428571 0.0)
#(0 935 66 86.844 25.7142857142857 0.0)
#(0 937 66 86.844 27.65 0.0)
#(0 938 66 86.844 27.3571428571429 0.0)
#(0 939 66 86.844 27.8 0.0)
#(0 940 66 86.844 24.3888888888889 0.0)
#(0 941 66 86.844 29.8 0.0)
#(0 942 66 86.844 32.0 0.0)
#(0 943 66 86.844 29.375 0.0)
#(0 944 66 86.844 32.4 0.0)
#(0 945 66 86.844 31.1666666666667 0.0)
#(0 137697 66 86.844 35.0 0.0)
#(0 137705 66 86.844 28.3 0.0)
#(0 138395 66 86.844 29.3636363636364 0.0)
#(0 138400 66 86.844 31.7142857142857 0.0)
#(0 138401 66 86.844 29.8 0.0)
#(0 138402 66 86.844 29.1 0.0)
#(0 138403 66 86.844 25.5 0.0)
#(0 138404 66 86.844 27.5 0.0)
#(0 138406 66 86.844 29.4 0.0)
#(0 138408 66 86.844 28.375 0.0)
#(0 138409 66 86.844 37.0 0.0)
#(0 138410 66 86.844 31.2 0.0)
#(0 138411 66 86.844 27.5 0.0)
#(0 275224 66 86.844 29.3 0.0)
#(0 275226 66 86.844 25.7 0.0)
#(0 275972 66 86.844 31.1666666666667 0.0)
#(0 275973 66 86.844 20.125 0.0)
#(0 275974 66 86.844 31.8333333333333 0.0)
#(0 275975 66 86.844 34.5 0.0)
#(0 275976 66 86.844 27.75 0.0)
#(0 275977 66 86.844 26.1363636363636 0.0)
#(0 275978 66 86.844 26.5 0.0)
#(0 275979 66 86.844 32.0 0.0)
#(0 275980 66 86.844 31.0 0.0)
#(0 275981 66 86.844 32.9285714285714 0.0)
#(0 275982 66 86.844 31.6666666666667 0.0)
#(0 275983 66 86.844 32.2 0.0)
#(0 275984 66 86.844 30.375 0.0)
#(0 412326 66 86.844 29.625 0.0)
#(0 412331 66 86.844 28.9 0.0)
#(0 412340 66 86.86 29.05 0.0)
#(0 413030 66 86.86 40.5 0.0)
#(0 413040 66 86.86 28.3333333333333 0.0)
#(0 413041 66 86.86 29.7 0.0)
#(0 413042 66 86.86 30.625 0.0)
#(0 413043 66 86.86 31.6111111111111 0.0)
#(0 413044 66 86.86 30.9166666666667 0.0)
#(0 413045 66 86.86 27.7142857142857 0.0)
#(0 413046 66 86.86 26.2222222222222 0.0)
#(0 413048 66 86.86 30.4 0.0)
#(0 413049 66 86.86 26.4444444444444 0.0)
#(0 413051 66 86.86 25.1666666666667 0.0)
#(0 413052 66 86.86 29.625 0.0)
#(0 413053 66 86.86 29.875 0.0)
#(0 205 67 86.86 27.0 0.0)
#(0 206 67 86.86 34.0 0.0)
#(0 936 67 86.86 29.0 0.0)
#(0 946 67 86.86 32.4 0.0)
#(0 947 67 86.86 24.0 0.0)
#(0 948 67 86.86 28.8125 0.0)
#(0 949 67 86.86 26.5714285714286 0.0)
#(0 951 67 86.86 20.5 0.0)
#(0 952 67 86.86 26.7 0.0)
#(0 953 67 86.86 29.0 0.0)
#(0 954 67 86.86 30.2777777777778 0.0)
#(0 955 67 86.86 29.375 0.0)
#(0 956 67 86.86 27.6875 0.0)
#(0 957 67 86.86 25.25 0.0)
#(0 959 67 86.86 27.9166666666667 0.0)
#(0 137710 67 86.86 30.8333333333333 0.0)
#(0 137712 67 86.86 30.125 0.0)
#(0 138405 67 86.86 29.1 0.0)
#(0 138407 67 86.86 29.8 0.0)
#(0 138412 67 86.86 24.6 0.0)
#(0 138413 67 86.86 30.8333333333333 0.0)
#(0 138414 67 86.86 27.4285714285714 0.0)
#(0 138415 67 86.86 32.4 0.0)
#(0 138416 67 86.86 -1 0.0)
#(0 138417 67 86.86 31.875 0.0)
#(0 138418 67 86.86 23.0909090909091 0.0)
#(0 138419 67 86.86 30.2 0.0)
#(0 138420 67 86.86 31.7142857142857 0.0)
#(0 138421 67 86.86 27.5 0.0)
#(0 138422 67 86.86 22.8333333333333 0.0)
#(0 138423 67 86.86 32.0 0.0)
#(0 138424 67 86.86 29.1 0.0)
#(0 138425 67 86.86 25.4375 0.0)
#(0 138426 67 86.86 28.25 0.0)
#(0 275229 67 86.86 26.9444444444444 0.0)
#(0 275235 67 86.86 29.0 0.0)
#(0 275951 67 86.86 24.0625 0.0)
#(0 275985 67 86.86 29.0 0.0)
#(0 275986 67 86.86 24.75 0.0)
#(0 275987 67 86.86 28.4375 0.0)
#(0 275988 67 86.86 28.8333333333333 0.0)
#(0 275989 67 86.86 33.5 0.0)
#(0 275990 67 86.86 26.6666666666667 0.0)
#(0 275991 67 86.86 20.0 0.0)
#(0 413047 67 86.875 30.9166666666667 0.0)
#(0 413054 67 86.875 27.2 0.0)
#(0 413055 67 86.875 28.5 0.0)
#(0 413056 67 86.875 27.6 0.0)
#(0 413057 67 86.875 25.5 0.0)
#(0 413058 67 86.875 29.7 0.0)
#(0 413059 67 86.875 30.5 0.0)
#(0 413060 67 86.875 27.625 0.0)
#(0 413061 67 86.875 34.1666666666667 0.0)
#(0 413062 67 86.875 32.0 0.0)
#(0 413063 67 86.875 28.125 0.0)
#(0 413065 67 86.875 27.1666666666667 0.0)
#(0 413066 67 86.875 24.0 0.0)
#(0 215 68 86.875 30.6428571428571 0.0)
#(0 950 68 86.875 26.5714285714286 0.0)
#(0 960 68 86.875 23.4166666666667 0.0)
#(0 961 68 86.875 27.75 0.0)
#(0 962 68 86.875 31.4444444444444 0.0)
#(0 963 68 86.875 30.0 0.0)
#(0 964 68 86.875 30.05 0.0)
#(0 965 68 86.875 31.5 0.0)
#(0 966 68 86.875 28.7857142857143 0.0)
#(0 967 68 86.875 32.7857142857143 0.0)
#(0 968 68 86.875 25.0909090909091 0.0)
#(0 969 68 86.875 33.25 0.0)
#(0 970 68 86.875 27.0 0.0)
#(0 971 68 86.875 30.1666666666667 0.0)
#(0 138427 68 86.875 31.25 0.0)
#(0 138428 68 86.875 27.9285714285714 0.0)
#(0 138429 68 86.875 35.375 0.0)
#(0 138430 68 86.875 28.5909090909091 0.0)
#(0 138431 68 86.875 24.8333333333333 0.0)
#(0 138432 68 86.875 27.8333333333333 0.0)
#(0 138433 68 86.875 32.4 0.0)
#(0 138434 68 86.875 25.0 0.0)
#(0 275237 68 86.875 28.3571428571429 0.0)
#(0 275241 68 86.875 30.5 0.0)
#(0 275242 68 86.875 28.5384615384615 0.0)
#(0 275246 68 86.875 25.9 0.0)
#(0 275992 68 86.875 30.35 0.0)
#(0 275993 68 86.875 26.8571428571429 0.0)
#(0 275994 68 86.875 20.0 0.0)
#(0 275995 68 86.875 36.0 0.0)
#(0 275996 68 86.875 23.5 0.0)
#(0 275997 68 86.875 27.6875 0.0)
#(0 275998 68 86.875 31.1666666666667 0.0)
#(0 275999 68 86.875 28.8333333333333 0.0)
#(0 276000 68 86.875 27.1428571428571 0.0)
#(0 276001 68 86.875 32.3 0.0)
#(0 276002 68 86.875 32.0 0.0)
#(0 276003 68 86.875 31.0 0.0)
#(0 276004 68 86.875 29.0 0.0)
#(0 276005 68 86.875 23.75 0.0)
#(0 412356 68 86.875 28.125 0.0)
#(0 412361 68 86.875 29.375 0.0)
#(0 412362 68 86.875 27.2 0.0)
#(0 412363 68 86.875 25.5 0.0)
#(0 412365 68 86.875 29.1666666666667 0.0)
#(0 412367 68 86.875 25.5 0.0)
#(0 413050 68 86.891 26.2222222222222 0.0)
#(0 413067 68 86.891 29.8333333333333 0.0)
#(0 413068 68 86.891 29.9444444444444 0.0)
#(0 413070 68 86.891 -1 0.0)
#(0 413071 68 86.891 29.9166666666667 0.0)
#(0 413072 68 86.891 28.9 0.0)
#(0 413073 68 86.891 25.6 0.0)
#(0 413074 68 86.891 28.0 0.0)
#(0 413075 68 86.891 29.7142857142857 0.0)
#(0 413076 68 86.891 27.2 0.0)
#(0 413077 68 86.891 29.05 0.0)
#(0 413078 68 86.891 27.8888888888889 0.0)
#(0 413079 68 86.891 31.6111111111111 0.0)
#(0 413081 68 86.891 33.5 0.0)
#(0 224 69 86.891 30.7 0.0)
#(0 225 69 86.891 26.2142857142857 0.0)
#(0 236 69 86.891 26.75 0.0)
#(0 972 69 86.891 27.5 0.0)
#(0 973 69 86.891 27.8 0.0)
#(0 974 69 86.891 30.1666666666667 0.0)
#(0 975 69 86.891 27.0 0.0)
#(0 976 69 86.891 26.3125 0.0)
#(0 977 69 86.891 28.7142857142857 0.0)
#(0 978 69 86.891 -1 0.0)
#(0 979 69 86.891 27.2 0.0)
#(0 980 69 86.891 26.3571428571429 0.0)
#(0 981 69 86.891 29.4166666666667 0.0)
#(0 982 69 86.891 29.25 0.0)
#(0 984 69 86.891 26.5 0.0)
#(0 985 69 86.891 28.125 0.0)
#(0 986 69 86.891 29.8571428571429 0.0)
#(0 137733 69 86.891 30.8333333333333 0.0)
#(0 137736 69 86.891 27.875 0.0)
#(0 137737 69 86.891 25.5 0.0)
#(0 138435 69 86.891 28.375 0.0)
#(0 138436 69 86.891 23.5 0.0)
#(0 138437 69 86.891 25.75 0.0)
#(0 138438 69 86.891 27.5 0.0)
#(0 138439 69 86.891 33.6 0.0)
#(0 138440 69 86.891 29.0833333333333 0.0)
#(0 138441 69 86.891 31.25 0.0)
#(0 138442 69 86.891 30.125 0.0)
#(0 138443 69 86.891 26.75 0.0)
#(0 275267 69 86.891 24.0625 0.0)
#(0 276006 69 86.891 24.8333333333333 0.0)
#(0 276007 69 86.891 25.7142857142857 0.0)
#(0 276008 69 86.891 27.75 0.0)
#(0 276009 69 86.891 -1 0.0)
#(0 276010 69 86.891 27.8125 0.0)
#(0 276011 69 86.891 29.75 0.0)
#(0 276012 69 86.891 30.35 0.0)
#(0 276013 69 86.891 -1 0.0)
#(0 276014 69 86.891 30.75 0.0)
#(0 412364 69 86.891 29.375 0.0)
#(0 412379 69 86.891 26.2222222222222 0.0)
#(0 412381 69 86.891 28.0 0.0)
#(0 413064 69 86.891 30.9166666666667 0.0)
#(0 413069 69 86.891 32.0 0.0)
#(0 413080 69 86.891 29.9444444444444 0.0)
#(0 413082 69 86.891 30.5 0.0)
#(0 413083 69 86.907 28.2083333333333 0.0)
#(0 413084 69 86.907 33.0 0.0)
#(0 413085 69 86.907 24.0714285714286 0.0)
#(0 413086 69 86.907 36.5 0.0)
#(0 413087 69 86.907 27.5 0.0)
#(0 413088 69 86.907 29.8 0.0)
#(0 413089 69 86.907 29.5 0.0)
#(0 413090 69 86.907 31.0 0.0)
#(0 413092 69 86.907 35.25 0.0)
#(0 413093 69 86.907 29.1666666666667 0.0)
#(0 958 70 86.907 29.0 0.0)
#(0 983 70 86.907 30.1666666666667 0.0)
#(0 987 70 86.907 33.3333333333333 0.0)
#(0 988 70 86.907 26.8888888888889 0.0)
#(0 990 70 86.907 28.7857142857143 0.0)
#(0 991 70 86.907 22.3333333333333 0.0)
#(0 992 70 86.907 28.8125 0.0)
#(0 994 70 86.907 22.625 0.0)
#(0 995 70 86.907 27.2 0.0)
#(0 996 70 86.907 30.2777777777778 0.0)
#(0 997 70 86.907 26.3571428571429 0.0)
#(0 998 70 86.907 23.875 0.0)
#(0 137745 70 86.907 25.5833333333333 0.0)
#(0 138444 70 86.907 28.25 0.0)
#(0 138445 70 86.907 25.4375 0.0)
#(0 138446 70 86.907 29.9 0.0)
#(0 138447 70 86.907 35.375 0.0)
#(0 138448 70 86.907 24.625 0.0)
#(0 138449 70 86.907 31.0714285714286 0.0)
#(0 138450 70 86.907 26.125 0.0)
#(0 138451 70 86.907 28.6666666666667 0.0)
#(0 275268 70 86.907 28.7 0.0)
#(0 276015 70 86.907 27.75 0.0)
#(0 276016 70 86.907 26.5 0.0)
#(0 276017 70 86.907 26.8571428571429 0.0)
#(0 276018 70 86.907 29.0 0.0)
#(0 276019 70 86.907 29.3333333333333 0.0)
#(0 276020 70 86.907 31.6666666666667 0.0)
#(0 276021 70 86.907 30.25 0.0)
#(0 412385 70 86.907 29.7142857142857 0.0)
#(0 412389 70 86.907 35.0 0.0)
#(0 413091 70 86.907 24.0714285714286 0.0)
#(0 413094 70 86.907 27.5 0.0)
#(0 413095 70 86.907 31.875 0.0)
#(0 413096 70 86.907 27.0 0.0)
#(0 413097 70 86.907 25.6875 0.0)
#(0 413098 70 86.907 27.7142857142857 0.0)
#(0 413099 70 86.907 27.1666666666667 0.0)
#(0 413100 70 86.907 -1 0.0)
#(0 413101 70 86.907 27.25 0.0)
#(0 413102 70 86.907 24.375 0.0)
#(0 413104 70 86.907 32.0 0.0)
#(0 413105 70 86.907 26.5714285714286 0.0)
#(0 251 71 86.907 30.1666666666667 0.0)
#(0 259 71 86.907 29.0833333333333 0.0)
#(0 267 71 86.922 29.5 0.0)
#(0 989 71 86.922 29.0 0.0)
#(0 993 71 86.922 26.8888888888889 0.0)
#(0 999 71 86.922 27.0 0.0)
#(0 1001 71 86.922 26.75 0.0)
#(0 1002 71 86.922 22.625 0.0)
#(0 1003 71 86.922 -1 0.0)
#(0 1004 71 86.922 25.6 0.0)
#(0 1005 71 86.922 28.6 0.0)
#(0 1006 71 86.922 30.0 0.0)
#(0 1007 71 86.922 26.75 0.0)
#(0 1008 71 86.922 24.125 0.0)
#(0 1009 71 86.922 -1 0.0)
#(0 137751 71 86.922 27.9285714285714 0.0)
#(0 137760 71 86.922 31.25 0.0)
#(0 137762 71 86.922 27.6666666666667 0.0)
#(0 138452 71 86.922 27.6666666666667 0.0)
#(0 138453 71 86.922 26.55 0.0)
#(0 138454 71 86.922 31.0833333333333 0.0)
#(0 138455 71 86.922 26.25 0.0)
#(0 138456 71 86.922 31.875 0.0)
#(0 138457 71 86.922 26.8571428571429 0.0)
#(0 138458 71 86.922 30.5 0.0)
#(0 138459 71 86.922 -1 0.0)
#(0 138460 71 86.922 36.25 0.0)
#(0 138461 71 86.922 24.25 0.0)
#(0 275290 71 86.922 27.6875 0.0)
#(0 276022 71 86.922 37.0 0.0)
#(0 276023 71 86.922 23.0 0.0)
#(0 276024 71 86.922 28.4375 0.0)
#(0 276025 71 86.922 -1 0.0)
#(0 276026 71 86.922 31.3 0.0)
#(0 276027 71 86.922 29.0 0.0)
#(0 276028 71 86.922 25.3333333333333 0.0)
#(0 276029 71 86.922 32.2 0.0)
#(0 412396 71 86.922 28.9 0.0)
#(0 413103 71 86.922 27.1666666666667 0.0)
#(0 413106 71 86.922 31.0 0.0)
#(0 413107 71 86.922 -1 0.0)
#(0 413108 71 86.922 26.4444444444444 0.0)
#(0 413109 71 86.922 25.4 0.0)
#(0 413110 71 86.922 26.2 0.0)
#(0 413111 71 86.922 31.6666666666667 0.0)
#(0 413112 71 86.922 29.875 0.0)
#(0 413113 71 86.922 20.0 0.0)
#(0 413114 71 86.922 25.6 0.0)
#(0 413115 71 86.922 20.0 0.0)
#(0 254 72 86.922 24.125 0.0)
#(0 272 72 86.922 29.5 0.0)
#(0 273 72 86.922 32.7857142857143 0.0)
#(0 285 72 86.922 34.5 0.0)
#(0 1000 72 86.922 26.3571428571429 0.0)
#(0 1010 72 86.922 26.75 0.0)
#(0 1011 72 86.922 29.6666666666667 0.0)
#(0 1012 72 86.922 29.75 0.0)
#(0 1013 72 86.938 27.8 0.0)
#(0 1014 72 86.938 29.25 0.0)
#(0 1015 72 86.938 23.4166666666667 0.0)
#(0 1016 72 86.938 26.25 0.0)
#(0 1017 72 86.938 27.0 0.0)
#(0 1018 72 86.938 26.3125 0.0)
#(0 1019 72 86.938 30.25 0.0)
#(0 1020 72 86.938 27.1 0.0)
#(0 1021 72 86.938 -1 0.0)
#(0 137775 72 86.938 30.125 0.0)
#(0 137777 72 86.938 29.0833333333333 0.0)
#(0 138462 72 86.938 -1 0.0)
#(0 138463 72 86.938 24.5 0.0)
#(0 138464 72 86.938 25.5 0.0)
#(0 138465 72 86.938 27.1666666666667 0.0)
#(0 138466 72 86.938 25.3 0.0)
#(0 138467 72 86.938 27.2142857142857 0.0)
#(0 138468 72 86.938 33.0 0.0)
#(0 138469 72 86.938 25.3333333333333 0.0)
#(0 275308 72 86.938 30.4285714285714 0.0)
#(0 275309 72 86.938 28.7 0.0)
#(0 276030 72 86.938 33.75 0.0)
#(0 276031 72 86.938 28.6363636363636 0.0)
#(0 276032 72 86.938 26.9444444444444 0.0)
#(0 276033 72 86.938 26.0 0.0)
#(0 412403 72 86.938 -1 0.0)
#(0 413116 72 86.938 31.375 0.0)
#(0 413117 72 86.938 27.9285714285714 0.0)
#(0 413118 72 86.938 -1 0.0)
#(0 413119 72 86.938 28.75 0.0)
#(0 413120 72 86.938 29.0 0.0)
#(0 413121 72 86.938 30.25 0.0)
#(0 413122 72 86.938 30.625 0.0)
#(0 413123 72 86.938 24.0 0.0)
#(0 413124 72 86.938 28.875 0.0)
#(0 413125 72 86.938 26.2222222222222 0.0)
#(0 413127 72 86.938 24.5 0.0)
#(0 413128 72 86.938 31.3333333333333 0.0)
#(0 413129 72 86.938 33.5 0.0)
#(0 413130 72 86.938 29.7142857142857 0.0)
#(0 277 73 86.938 29.5 0.0)
#(0 294 73 86.938 33.3333333333333 0.0)
#(0 1022 73 86.938 -1 0.0)
#(0 1023 73 86.938 31.0 0.0)
#(0 1024 73 86.938 26.3571428571429 0.0)
#(0 1025 73 86.938 36.4 0.0)
#(0 1026 73 86.938 29.5 0.0)
#(0 1027 73 86.938 28.6 0.0)
#(0 1028 73 86.938 27.9166666666667 0.0)
#(0 1029 73 86.938 28.8125 0.0)
#(0 1030 73 86.938 26.75 0.0)
#(0 1031 73 86.938 29.25 0.0)
#(0 1032 73 86.938 27.75 0.0)
#(0 137780 73 86.938 22.8333333333333 0.0)
#(0 137789 73 86.954 29.5 0.0)
#(0 137791 73 86.954 -1 0.0)
#(0 137793 73 86.954 25.0 0.0)
#(0 138470 73 86.954 28.375 0.0)
#(0 138471 73 86.954 26.25 0.0)
#(0 138472 73 86.954 28.3 0.0)
#(0 138473 73 86.954 27.875 0.0)
#(0 138474 73 86.954 26.8571428571429 0.0)
#(0 138475 73 86.954 27.9285714285714 0.0)
#(0 275317 73 86.954 30.6875 0.0)
#(0 275325 73 86.954 30.0 0.0)
#(0 275328 73 86.954 24.0625 0.0)
#(0 276035 73 86.954 30.75 0.0)
#(0 276036 73 86.954 30.4285714285714 0.0)
#(0 276037 73 86.954 29.1666666666667 0.0)
#(0 276038 73 86.954 26.2857142857143 0.0)
#(0 276039 73 86.954 29.0 0.0)
#(0 276040 73 86.954 27.125 0.0)
#(0 276041 73 86.954 27.75 0.0)
#(0 276042 73 86.954 24.8333333333333 0.0)
#(0 276043 73 86.954 32.9285714285714 0.0)
#(0 276044 73 86.954 33.2857142857143 0.0)
#(0 276045 73 86.954 22.1 0.0)
#(0 412414 73 86.954 20.0 0.0)
#(0 412429 73 86.954 27.7142857142857 0.0)
#(0 413126 73 86.954 27.1666666666667 0.0)
#(0 413131 73 86.954 30.9166666666667 0.0)
#(0 413132 73 86.954 26.2 0.0)
#(0 413133 73 86.954 25.1666666666667 0.0)
#(0 413134 73 86.954 29.1666666666667 0.0)
#(0 413135 73 86.954 29.625 0.0)
#(0 413136 73 86.954 30.625 0.0)
#(0 413137 73 86.954 24.375 0.0)
#(0 413138 73 86.954 -1 0.0)
#(0 413139 73 86.954 28.0 0.0)
#(0 413140 73 86.954 35.25 0.0)
#(0 413141 73 86.954 25.4 0.0)
#(0 413142 73 86.954 30.4 0.0)
#(0 1033 74 86.954 24.375 0.0)
#(0 1034 74 86.954 30.0 0.0)
#(0 1035 74 86.954 29.7857142857143 0.0)
#(0 1037 74 86.954 27.65 0.0)
#(0 1038 74 86.954 22.3333333333333 0.0)
#(0 1039 74 86.954 27.8888888888889 0.0)
#(0 1041 74 86.954 32.0 0.0)
#(0 1042 74 86.954 29.5 0.0)
#(0 138476 74 86.969 26.0 0.0)
#(0 138477 74 86.969 25.5 0.0)
#(0 138478 74 86.969 35.0 0.0)
#(0 138479 74 86.969 26.75 0.0)
#(0 138480 74 86.969 24.5 0.0)
#(0 275334 74 86.969 26.5 0.0)
#(0 275335 74 86.969 24.3333333333333 0.0)
#(0 275337 74 86.969 30.0 0.0)
#(0 276034 74 86.969 26.9444444444444 0.0)
#(0 276046 74 86.969 32.0 0.0)
#(0 276047 74 86.969 28.7777777777778 0.0)
#(0 276048 74 86.969 26.1666666666667 0.0)
#(0 276049 74 86.969 29.0714285714286 0.0)
#(0 276050 74 86.969 29.2222222222222 0.0)
#(0 276051 74 86.969 36.0 0.0)
#(0 276052 74 86.969 20.0 0.0)
#(0 276053 74 86.969 32.3 0.0)
#(0 276054 74 86.969 28.8333333333333 0.0)
#(0 276055 74 86.969 27.3888888888889 0.0)
#(0 276056 74 86.969 31.3 0.0)
#(0 276057 74 86.969 30.75 0.0)
#(0 276058 74 86.969 30.4285714285714 0.0)
#(0 276059 74 86.969 26.85 0.0)
#(0 276060 74 86.969 28.8333333333333 0.0)
#(0 276061 74 86.969 25.3333333333333 0.0)
#(0 412441 74 86.969 30.375 0.0)
#(0 412443 74 86.969 20.0 0.0)
#(0 413143 74 86.969 25.2272727272727 0.0)
#(0 413144 74 86.969 23.1 0.0)
#(0 413145 74 86.969 28.0 0.0)
#(0 413146 74 86.969 -1 0.0)
#(0 413147 74 86.969 29.0 0.0)
#(0 413148 74 86.969 28.3333333333333 0.0)
#(0 413149 74 86.969 42.0 0.0)
#(0 413150 74 86.969 22.8333333333333 0.0)
#(0 413151 74 86.969 33.0 0.0)
#(0 413152 74 86.969 29.625 0.0)
#(0 310 75 86.969 28.2 0.0)
#(0 317 75 86.969 -1 0.0)
#(0 1036 75 86.969 30.0 0.0)
#(0 1043 75 86.969 29.8 0.0)
#(0 1044 75 86.969 32.4 0.0)
#(0 1045 75 86.969 26.5714285714286 0.0)
#(0 1046 75 86.969 26.75 0.0)
#(0 1047 75 86.969 30.6428571428571 0.0)
#(0 1048 75 86.969 27.5454545454545 0.0)
#(0 1049 75 86.969 -1 0.0)
#(0 1051 75 86.969 28.75 0.0)
#(0 1052 75 86.969 29.0 0.0)
#(0 1054 75 86.969 27.8 0.0)
#(0 1055 75 86.969 35.5 0.0)
#(0 1056 75 86.969 24.375 0.0)
#(0 1057 75 86.969 27.1 0.0)
#(0 1058 75 86.969 40.0 0.0)
#(0 1059 75 86.969 30.5 0.0)
#(0 1060 75 86.969 23.4166666666667 0.0)
#(0 1061 75 86.969 26.2142857142857 0.0)
#(0 1062 75 86.969 26.25 0.0)
#(0 137816 75 86.985 27.75 0.0)
#(0 138481 75 86.985 32.0 0.0)
#(0 138482 75 86.985 25.5 0.0)
#(0 138483 75 86.985 30.8333333333333 0.0)
#(0 138484 75 86.985 31.125 0.0)
#(0 138485 75 86.985 27.4285714285714 0.0)
#(0 138486 75 86.985 25.5 0.0)
#(0 138487 75 86.985 29.5 0.0)
#(0 138489 75 86.985 27.5 0.0)
#(0 138490 75 86.985 27.6666666666667 0.0)
#(0 138491 75 86.985 31.0714285714286 0.0)
#(0 275346 75 86.985 29.0714285714286 0.0)
#(0 275348 75 86.985 32.0 0.0)
#(0 275356 75 86.985 30.6875 0.0)
#(0 276062 75 86.985 25.7142857142857 0.0)
#(0 276063 75 86.985 36.75 0.0)
#(0 276064 75 86.985 26.2857142857143 0.0)
#(0 276065 75 86.985 25.7 0.0)
#(0 276066 75 86.985 33.5 0.0)
#(0 276067 75 86.985 28.1666666666667 0.0)
#(0 276068 75 86.985 26.1666666666667 0.0)
#(0 276069 75 86.985 40.5 0.0)
#(0 276070 75 86.985 26.1363636363636 0.0)
#(0 276071 75 86.985 35.625 0.0)
#(0 413153 75 86.985 31.4285714285714 0.0)
#(0 413154 75 86.985 21.35 0.0)
#(0 413155 75 86.985 20.0 0.0)
#(0 413156 75 86.985 25.6 0.0)
#(0 413157 75 86.985 31.375 0.0)
#(0 413159 75 86.985 29.7142857142857 0.0)
#(0 413160 75 86.985 30.375 0.0)
#(0 413161 75 86.985 28.2083333333333 0.0)
#(0 413162 75 86.985 29.1666666666667 0.0)
#(0 413163 75 86.985 24.75 0.0)
#(0 321 76 86.985 26.75 0.0)
#(0 1040 76 86.985 36.4 0.0)
#(0 1050 76 86.985 27.8888888888889 0.0)
#(0 1053 76 86.985 27.65 0.0)
#(0 1063 76 86.985 29.5 0.0)
#(0 1064 76 86.985 30.625 0.0)
#(0 1065 76 86.985 28.7857142857143 0.0)
#(0 1067 76 86.985 29.0 0.0)
#(0 1068 76 86.985 29.2777777777778 0.0)
#(0 1069 76 86.985 30.7 0.0)
#(0 1070 76 86.985 31.4444444444444 0.0)
#(0 1071 76 86.985 31.6666666666667 0.0)
#(0 1072 76 86.985 22.625 0.0)
#(0 1073 76 86.985 29.5 0.0)
#(0 1075 76 86.985 27.9166666666667 0.0)
#(0 1076 76 86.985 29.0 0.0)
#(0 1077 76 86.985 25.375 0.0)
#(0 1078 76 86.985 30.2777777777778 0.0)
#(0 137823 76 86.985 28.6666666666667 0.0)
#(0 137830 76 86.985 25.25 0.0)
#(0 138488 76 87.0 31.125 0.0)
#(0 138493 76 87.0 28.375 0.0)
#(0 138494 76 87.0 33.6 0.0)
#(0 138495 76 87.0 29.0833333333333 0.0)
#(0 138496 76 87.0 32.5 0.0)
#(0 138497 76 87.0 32.25 0.0)
#(0 138498 76 87.0 28.6666666666667 0.0)
#(0 138499 76 87.0 26.25 0.0)
#(0 138500 76 87.0 27.1 0.0)
#(0 138501 76 87.0 -1 0.0)
#(0 138502 76 87.0 30.625 0.0)
#(0 138503 76 87.0 27.5 0.0)
#(0 138504 76 87.0 25.875 0.0)
#(0 138505 76 87.0 31.875 0.0)
#(0 138506 76 87.0 24.5 0.0)
#(0 138507 76 87.0 22.3333333333333 0.0)
#(0 138508 76 87.0 24.6666666666667 0.0)
#(0 275362 76 87.0 26.1363636363636 0.0)
#(0 275363 76 87.0 25.2777777777778 0.0)
#(0 276072 76 87.0 28.8333333333333 0.0)
#(0 276073 76 87.0 26.85 0.0)
#(0 276074 76 87.0 28.7 0.0)
#(0 276075 76 87.0 28.6363636363636 0.0)
#(0 276076 76 87.0 31.1 0.0)
#(0 276077 76 87.0 30.35 0.0)
#(0 276078 76 87.0 28.7777777777778 0.0)
#(0 276079 76 87.0 23.2142857142857 0.0)
#(0 276080 76 87.0 25.7142857142857 0.0)
#(0 413158 76 87.0 31.375 0.0)
#(0 413164 76 87.0 28.1666666666667 0.0)
#(0 413165 76 87.0 33.5 0.0)
#(0 413166 76 87.0 28.8333333333333 0.0)
#(0 413167 76 87.0 -1 0.0)
#(0 413169 76 87.0 29.8333333333333 0.0)
#(0 413170 76 87.0 35.0 0.0)
#(0 413171 76 87.0 24.375 0.0)
#(0 335 77 87.0 27.8888888888889 0.0)
#(0 338 77 87.0 30.7 0.0)
#(0 1066 77 87.0 28.7857142857143 0.0)
#(0 1074 77 87.0 36.4 0.0)
#(0 1079 77 87.0 26.3125 0.0)
#(0 1080 77 87.0 24.375 0.0)
#(0 1081 77 87.0 33.3333333333333 0.0)
#(0 1082 77 87.0 25.25 0.0)
#(0 1083 77 87.0 40.0 0.0)
#(0 1084 77 87.0 26.5 0.0)
#(0 1085 77 87.0 28.0909090909091 0.0)
#(0 1086 77 87.0 22.625 0.0)
#(0 1088 77 87.0 29.25 0.0)
#(0 1089 77 87.0 29.75 0.0)
#(0 137840 77 87.0 27.5 0.0)
#(0 137841 77 87.0 27.0 0.0)
#(0 138492 77 87.0 25.5 0.0)
#(0 138509 77 87.0 -1 0.0)
#(0 138510 77 87.0 31.5 0.0)
#(0 138511 77 87.0 -1 0.0)
#(0 138512 77 87.0 30.5 0.0)
#(0 138513 77 87.0 27.75 0.0)
#(0 138514 77 87.016 27.9444444444444 0.0)
#(0 138515 77 87.016 31.875 0.0)
#(0 138516 77 87.016 28.6666666666667 0.0)
#(0 138517 77 87.016 29.1 0.0)
#(0 138518 77 87.016 33.0 0.0)
#(0 138519 77 87.016 26.55 0.0)
#(0 276081 77 87.016 25.2777777777778 0.0)
#(0 276082 77 87.016 26.75 0.0)
#(0 276083 77 87.016 27.5 0.0)
#(0 276085 77 87.016 29.1666666666667 0.0)
#(0 276086 77 87.016 31.1 0.0)
#(0 413168 77 87.016 28.8333333333333 0.0)
#(0 413172 77 87.016 29.1666666666667 0.0)
#(0 413173 77 87.016 32.375 0.0)
#(0 413174 77 87.016 29.875 0.0)
#(0 413175 77 87.016 21.35 0.0)
#(0 413176 77 87.016 31.2 0.0)
#(0 413177 77 87.016 27.1666666666667 0.0)
#(0 413178 77 87.016 27.1666666666667 0.0)
#(0 413179 77 87.016 -1 0.0)
#(0 413180 77 87.016 28.0 0.0)
#(0 413181 77 87.016 28.75 0.0)
#(0 413182 77 87.016 29.25 0.0)
#(0 413183 77 87.016 26.2857142857143 0.0)
#(0 413184 77 87.016 29.05 0.0)
#(0 413185 77 87.016 24.9166666666667 0.0)
#(0 413186 77 87.016 25.75 0.0)
#(0 413187 77 87.016 27.625 0.0)
#(0 413188 77 87.016 30.625 0.0)
#(0 413189 77 87.016 27.25 0.0)
#(0 413190 77 87.016 29.375 0.0)
#(0 413191 77 87.016 26.5714285714286 0.0)
#(0 413192 77 87.016 31.6111111111111 0.0)
#(0 353 78 87.016 31.0 0.0)
#(0 1087 78 87.016 31.6666666666667 0.0)
#(0 1090 78 87.016 25.7 0.0)
#(0 1091 78 87.016 27.5 0.0)
#(0 1092 78 87.016 23.4166666666667 0.0)
#(0 1093 78 87.016 30.5 0.0)
#(0 1094 78 87.016 26.5 0.0)
#(0 1095 78 87.016 31.5 0.0)
#(0 1096 78 87.016 28.125 0.0)
#(0 1097 78 87.016 28.4583333333333 0.0)
#(0 137851 78 87.016 32.75 0.0)
#(0 138520 78 87.016 28.375 0.0)
#(0 138521 78 87.016 24.5625 0.0)
#(0 138522 78 87.016 23.6363636363636 0.0)
#(0 138523 78 87.032 25.0 0.0)
#(0 138524 78 87.032 30.8333333333333 0.0)
#(0 138525 78 87.032 29.1 0.0)
#(0 138526 78 87.032 27.875 0.0)
#(0 138527 78 87.032 22.3333333333333 0.0)
#(0 138528 78 87.032 31.25 0.0)
#(0 138530 78 87.032 25.0 0.0)
#(0 138531 78 87.032 33.6 0.0)
#(0 138532 78 87.032 26.125 0.0)
#(0 138533 78 87.032 26.3333333333333 0.0)
#(0 138534 78 87.032 25.5 0.0)
#(0 138535 78 87.032 24.5 0.0)
#(0 138536 78 87.032 29.8 0.0)
#(0 138537 78 87.032 32.75 0.0)
#(0 275381 78 87.032 26.5 0.0)
#(0 275382 78 87.032 32.125 0.0)
#(0 275393 78 87.032 26.9444444444444 0.0)
#(0 276084 78 87.032 28.7777777777778 0.0)
#(0 276087 78 87.032 28.75 0.0)
#(0 276088 78 87.032 31.4 0.0)
#(0 276090 78 87.032 28.25 0.0)
#(0 276091 78 87.032 26.5 0.0)
#(0 276092 78 87.032 29.0 0.0)
#(0 276093 78 87.032 30.5 0.0)
#(0 276094 78 87.032 30.35 0.0)
#(0 276095 78 87.032 34.0 0.0)
#(0 276096 78 87.032 30.75 0.0)
#(0 276097 78 87.032 28.0 0.0)
#(0 276098 78 87.032 28.6363636363636 0.0)
#(0 276099 78 87.032 33.2857142857143 0.0)
#(0 276100 78 87.032 25.9 0.0)
#(0 276101 78 87.032 28.5384615384615 0.0)
#(0 276102 78 87.032 34.25 0.0)
#(0 413193 78 87.032 25.8333333333333 0.0)
#(0 413194 78 87.032 24.75 0.0)
#(0 413195 78 87.032 31.6666666666667 0.0)
#(0 413196 78 87.032 24.0714285714286 0.0)
#(0 413197 78 87.032 27.25 0.0)
#(0 413198 78 87.032 30.0 0.0)
#(0 413199 78 87.032 28.5 0.0)
#(0 413200 78 87.032 31.0 0.0)
#(0 371 79 87.032 28.8125 0.0)
#(0 1098 79 87.032 29.0 0.0)
#(0 1099 79 87.032 29.75 0.0)
#(0 1100 79 87.032 30.0 0.0)
#(0 1101 79 87.032 28.8125 0.0)
#(0 1102 79 87.032 24.375 0.0)
#(0 1103 79 87.032 30.5 0.0)
#(0 1104 79 87.032 29.8 0.0)
#(0 1105 79 87.032 25.8 0.0)
#(0 1106 79 87.032 30.1666666666667 0.0)
#(0 1107 79 87.032 29.0 0.0)
#(0 1108 79 87.032 24.125 0.0)
#(0 1109 79 87.032 33.3333333333333 0.0)
#(0 1111 79 87.032 29.25 0.0)
#(0 1112 79 87.032 20.0 0.0)
#(0 137865 79 87.032 31.2 0.0)
#(0 138529 79 87.032 26.55 0.0)
#(0 138538 79 87.032 27.9444444444444 0.0)
#(0 138539 79 87.032 29.5 0.0)
#(0 138540 79 87.047 25.5 0.0)
#(0 138541 79 87.047 27.75 0.0)
#(0 138542 79 87.047 27.2142857142857 0.0)
#(0 138543 79 87.047 29.3636363636364 0.0)
#(0 138544 79 87.047 25.3333333333333 0.0)
#(0 138545 79 87.047 22.3333333333333 0.0)
#(0 275406 79 87.047 20.125 0.0)
#(0 276089 79 87.047 28.7777777777778 0.0)
#(0 276103 79 87.047 28.8333333333333 0.0)
#(0 276104 79 87.047 33.75 0.0)
#(0 276105 79 87.047 27.8125 0.0)
#(0 276106 79 87.047 32.3 0.0)
#(0 276107 79 87.047 24.3125 0.0)
#(0 276108 79 87.047 31.3333333333333 0.0)
#(0 276109 79 87.047 32.9285714285714 0.0)
#(0 276110 79 87.047 27.125 0.0)
#(0 276112 79 87.047 31.1 0.0)
#(0 412489 79 87.047 20.0 0.0)
#(0 412495 79 87.047 33.0 0.0)
#(0 413202 79 87.047 28.6666666666667 0.0)
#(0 413203 79 87.047 26.5 0.0)
#(0 413204 79 87.047 25.5 0.0)
#(0 413205 79 87.047 40.0 0.0)
#(0 413206 79 87.047 27.9285714285714 0.0)
#(0 413207 79 87.047 26.2 0.0)
#(0 413208 79 87.047 28.9375 0.0)
#(0 413209 79 87.047 35.25 0.0)
#(0 413210 79 87.047 30.625 0.0)
#(0 413211 79 87.047 33.125 0.0)
#(0 413212 79 87.047 26.5714285714286 0.0)
#(0 413213 79 87.047 25.3 0.0)
#(0 375 80 87.047 26.25 0.0)
#(0 380 80 87.047 31.5 0.0)
#(0 1110 80 87.047 26.5 0.0)
#(0 1113 80 87.047 29.1666666666667 0.0)
#(0 1114 80 87.047 24.0 0.0)
#(0 1115 80 87.047 31.6666666666667 0.0)
#(0 1116 80 87.047 30.25 0.0)
#(0 1117 80 87.047 29.9375 0.0)
#(0 1118 80 87.047 32.7857142857143 0.0)
#(0 1119 80 87.047 24.375 0.0)
#(0 1122 80 87.047 30.05 0.0)
#(0 1123 80 87.047 26.7 0.0)
#(0 1124 80 87.047 31.0 0.0)
#(0 1125 80 87.047 27.1 0.0)
#(0 138546 80 87.047 28.375 0.0)
#(0 138547 80 87.047 32.5 0.0)
#(0 275417 80 87.047 25.2777777777778 0.0)
#(0 275419 80 87.047 30.25 0.0)
#(0 276111 80 87.063 28.6363636363636 0.0)
#(0 276113 80 87.063 25.7142857142857 0.0)
#(0 276114 80 87.063 29.0 0.0)
#(0 276115 80 87.063 23.75 0.0)
#(0 276116 80 87.063 31.0 0.0)
#(0 276117 80 87.063 26.5 0.0)
#(0 276118 80 87.063 34.4 0.0)
#(0 276119 80 87.063 -1 0.0)
#(0 413201 80 87.063 31.0 0.0)
#(0 413214 80 87.063 -1 0.0)
#(0 413215 80 87.063 24.0714285714286 0.0)
#(0 413216 80 87.063 28.9375 0.0)
#(0 413217 80 87.063 28.5 0.0)
#(0 413218 80 87.063 26.5 0.0)
#(0 413219 80 87.063 25.6 0.0)
#(0 413220 80 87.063 -1 0.0)
#(0 413221 80 87.063 -1 0.0)
#(0 413222 80 87.063 27.5625 0.0)
#(0 413223 80 87.063 25.8333333333333 0.0)
#(0 413224 80 87.063 33.2142857142857 0.0)
#(0 413225 80 87.063 28.6666666666667 0.0)
#(0 389 81 87.063 -1 0.0)
#(0 1120 81 87.063 29.25 0.0)
#(0 1121 81 87.063 25.8 0.0)
#(0 1126 81 87.063 29.1666666666667 0.0)
#(0 1127 81 87.063 29.5 0.0)
#(0 1128 81 87.063 29.0 0.0)
#(0 1129 81 87.063 33.0 0.0)
#(0 1130 81 87.063 28.0909090909091 0.0)
#(0 1131 81 87.063 28.6 0.0)
#(0 1132 81 87.063 29.8 0.0)
#(0 1133 81 87.063 28.75 0.0)
#(0 1134 81 87.063 27.8 0.0)
#(0 1135 81 87.063 30.7 0.0)
#(0 1136 81 87.063 30.1666666666667 0.0)
#(0 1137 81 87.063 30.05 0.0)
#(0 138548 81 87.063 30.4 0.0)
#(0 138549 81 87.063 25.3333333333333 0.0)
#(0 138550 81 87.063 23.0 0.0)
#(0 138551 81 87.063 27.6666666666667 0.0)
#(0 138552 81 87.063 32.0 0.0)
#(0 138553 81 87.063 29.1 0.0)
#(0 138554 81 87.063 27.1 0.0)
#(0 138555 81 87.063 35.375 0.0)
#(0 138556 81 87.063 29.3636363636364 0.0)
#(0 138557 81 87.063 26.25 0.0)
#(0 138558 81 87.063 27.2142857142857 0.0)
#(0 138559 81 87.063 -1 0.0)
#(0 138560 81 87.063 31.125 0.0)
#(0 276120 81 87.063 26.5 0.0)
#(0 276121 81 87.063 23.75 0.0)
#(0 276122 81 87.063 29.3 0.0)
#(0 276123 81 87.063 30.5 0.0)
#(0 276124 81 87.063 27.6875 0.0)
#(0 276125 81 87.063 30.0 0.0)
#(0 276126 81 87.063 26.8571428571429 0.0)
#(0 276127 81 87.063 27.0 0.0)
#(0 276128 81 87.063 25.4 0.0)
#(0 276129 81 87.063 30.6875 0.0)
#(0 276130 81 87.063 33.75 0.0)
#(0 276132 81 87.063 24.25 0.0)
#(0 412507 81 87.063 -1 0.0)
#(0 413226 81 87.079 28.5 0.0)
#(0 413227 81 87.079 -1 0.0)
#(0 413228 81 87.079 30.9166666666667 0.0)
#(0 413229 81 87.079 28.8333333333333 0.0)
#(0 413230 81 87.079 29.1666666666667 0.0)
#(0 413231 81 87.079 32.25 0.0)
#(0 413232 81 87.079 29.625 0.0)
#(0 413233 81 87.079 28.125 0.0)
#(0 413234 81 87.079 25.5 0.0)
#(0 413235 81 87.079 27.1666666666667 0.0)
#(0 413236 81 87.079 -1 0.0)
#(0 413237 81 87.079 20.0 0.0)
#(0 413238 81 87.079 28.1666666666667 0.0)
#(0 413239 81 87.079 25.5 0.0)
#(0 413240 81 87.079 27.0833333333333 0.0)
#(0 413241 81 87.079 25.6 0.0)
#(0 1138 82 87.079 36.4 0.0)
#(0 1139 82 87.079 33.25 0.0)
#(0 1140 82 87.079 27.6666666666667 0.0)
#(0 1141 82 87.079 31.6666666666667 0.0)
#(0 1142 82 87.079 28.4375 0.0)
#(0 1143 82 87.079 28.7142857142857 0.0)
#(0 1144 82 87.079 29.375 0.0)
#(0 1145 82 87.079 27.0 0.0)
#(0 1146 82 87.079 29.4166666666667 0.0)
#(0 1147 82 87.079 27.6875 0.0)
#(0 1149 82 87.079 27.3333333333333 0.0)
#(0 1150 82 87.079 26.5714285714286 0.0)
#(0 1151 82 87.079 -1 0.0)
#(0 138561 82 87.079 31.25 0.0)
#(0 138562 82 87.079 28.0 0.0)
#(0 138563 82 87.079 27.9285714285714 0.0)
#(0 138564 82 87.079 29.1 0.0)
#(0 138565 82 87.079 23.6363636363636 0.0)
#(0 138566 82 87.079 27.0 0.0)
#(0 275428 82 87.079 28.8333333333333 0.0)
#(0 275431 82 87.079 26.1363636363636 0.0)
#(0 276133 82 87.079 31.1666666666667 0.0)
#(0 276134 82 87.079 29.9166666666667 0.0)
#(0 276135 82 87.079 35.625 0.0)
#(0 276136 82 87.079 29.0714285714286 0.0)
#(0 276137 82 87.079 26.4285714285714 0.0)
#(0 276138 82 87.079 28.5 0.0)
#(0 276139 82 87.079 26.85 0.0)
#(0 276140 82 87.079 30.0 0.0)
#(0 413242 82 87.079 27.1666666666667 0.0)
#(0 413243 82 87.079 24.375 0.0)
#(0 413244 82 87.079 25.1666666666667 0.0)
#(0 413246 82 87.079 33.2142857142857 0.0)
#(0 413247 82 87.079 30.5 0.0)
#(0 413248 82 87.079 29.9444444444444 0.0)
#(0 413249 82 87.079 28.2083333333333 0.0)
#(0 413250 82 87.094 27.1666666666667 0.0)
#(0 413251 82 87.094 29.0 0.0)
#(0 406 83 87.094 26.5 0.0)
#(0 409 83 87.094 33.3333333333333 0.0)
#(0 1152 83 87.094 27.1 0.0)
#(0 1153 83 87.094 26.3125 0.0)
#(0 1154 83 87.094 -1 0.0)
#(0 1155 83 87.094 29.0 0.0)
#(0 1156 83 87.094 31.1666666666667 0.0)
#(0 138567 83 87.094 29.8 0.0)
#(0 138568 83 87.094 32.0 0.0)
#(0 138569 83 87.094 26.75 0.0)
#(0 138570 83 87.094 27.4285714285714 0.0)
#(0 138571 83 87.094 28.25 0.0)
#(0 138572 83 87.094 28.0 0.0)
#(0 138574 83 87.094 25.0 0.0)
#(0 138575 83 87.094 29.5 0.0)
#(0 138576 83 87.094 29.4 0.0)
#(0 275445 83 87.094 31.1666666666667 0.0)
#(0 276131 83 87.094 33.75 0.0)
#(0 276141 83 87.094 32.0 0.0)
#(0 276142 83 87.094 27.8125 0.0)
#(0 276143 83 87.094 23.0 0.0)
#(0 276144 83 87.094 26.1363636363636 0.0)
#(0 276146 83 87.094 27.6875 0.0)
#(0 276148 83 87.094 31.1666666666667 0.0)
#(0 276149 83 87.094 30.9 0.0)
#(0 276150 83 87.094 36.0 0.0)
#(0 276151 83 87.094 30.875 0.0)
#(0 276152 83 87.094 26.6666666666667 0.0)
#(0 276153 83 87.094 25.7142857142857 0.0)
#(0 276154 83 87.094 28.7 0.0)
#(0 276155 83 87.094 24.3125 0.0)
#(0 412533 83 87.094 -1 0.0)
#(0 413245 83 87.094 27.1666666666667 0.0)
#(0 413252 83 87.094 28.6666666666667 0.0)
#(0 413253 83 87.094 27.1666666666667 0.0)
#(0 413254 83 87.094 25.5 0.0)
#(0 413255 83 87.094 27.7142857142857 0.0)
#(0 413256 83 87.094 28.9 0.0)
#(0 413257 83 87.094 27.0 0.0)
#(0 413258 83 87.094 29.875 0.0)
#(0 413259 83 87.094 29.25 0.0)
#(0 413260 83 87.094 29.5 0.0)
#(0 413261 83 87.094 31.4285714285714 0.0)
#(0 413262 83 87.094 27.0 0.0)
#(0 1148 84 87.094 30.7 0.0)
#(0 1157 84 87.094 31.5 0.0)
#(0 1158 84 87.094 25.8 0.0)
#(0 1159 84 87.094 27.1 0.0)
#(0 1160 84 87.094 28.75 0.0)
#(0 1161 84 87.094 26.3571428571429 0.0)
#(0 1162 84 87.11 28.8125 0.0)
#(0 1163 84 87.11 28.8125 0.0)
#(0 1164 84 87.11 29.2777777777778 0.0)
#(0 1165 84 87.11 22.3333333333333 0.0)
#(0 1166 84 87.11 22.625 0.0)
#(0 1167 84 87.11 24.125 0.0)
#(0 138573 84 87.11 29.1 0.0)
#(0 138577 84 87.11 24.3333333333333 0.0)
#(0 138578 84 87.11 28.6666666666667 0.0)
#(0 138579 84 87.11 25.5833333333333 0.0)
#(0 138580 84 87.11 24.6 0.0)
#(0 138581 84 87.11 27.5 0.0)
#(0 138582 84 87.11 32.3333333333333 0.0)
#(0 275455 84 87.11 40.5 0.0)
#(0 275460 84 87.11 28.0 0.0)
#(0 275463 84 87.11 31.9166666666667 0.0)
#(0 276145 84 87.11 27.8125 0.0)
#(0 276147 84 87.11 33.75 0.0)
#(0 276156 84 87.11 29.0 0.0)
#(0 276157 84 87.11 28.3571428571429 0.0)
#(0 276158 84 87.11 24.3333333333333 0.0)
#(0 276159 84 87.11 23.5 0.0)
#(0 276160 84 87.11 27.1 0.0)
#(0 276162 84 87.11 28.7777777777778 0.0)
#(0 276163 84 87.11 26.6666666666667 0.0)
#(0 276165 84 87.11 30.35 0.0)
#(0 276166 84 87.11 30.5714285714286 0.0)
#(0 276167 84 87.11 26.5 0.0)
#(0 412549 84 87.11 24.0 0.0)
#(0 413263 84 87.11 28.75 0.0)
#(0 413264 84 87.11 33.0 0.0)
#(0 413265 84 87.11 25.5 0.0)
#(0 413266 84 87.11 25.4 0.0)
#(0 413267 84 87.11 -1 0.0)
#(0 413268 84 87.11 27.5625 0.0)
#(0 413269 84 87.11 25.3 0.0)
#(0 413270 84 87.125 27.5 0.0)
#(0 413271 84 87.125 28.0 0.0)
#(0 413272 84 87.125 31.6666666666667 0.0)
#(0 413273 84 87.125 27.0 0.0)
#(0 413274 84 87.125 24.75 0.0)
#(0 413275 84 87.125 27.0833333333333 0.0)
#(0 413277 84 87.125 27.1666666666667 0.0)
#(0 413278 84 87.125 28.1 0.0)
#(0 1168 85 87.125 31.0 0.0)
#(0 1169 85 87.125 29.0833333333333 0.0)
#(0 1170 85 87.125 27.2 0.0)
#(0 1171 85 87.125 27.0 0.0)
#(0 1172 85 87.125 33.3333333333333 0.0)
#(0 1173 85 87.125 28.7857142857143 0.0)
#(0 1174 85 87.125 25.8 0.0)
#(0 1175 85 87.125 29.2777777777778 0.0)
#(0 1176 85 87.125 31.0 0.0)
#(0 1177 85 87.125 29.25 0.0)
#(0 1178 85 87.125 30.5 0.0)
#(0 137929 85 87.125 24.6 0.0)
#(0 138583 85 87.125 23.0 0.0)
#(0 138584 85 87.125 29.375 0.0)
#(0 138585 85 87.125 32.4 0.0)
#(0 138586 85 87.125 25.0 0.0)
#(0 138587 85 87.125 20.0 0.0)
#(0 138588 85 87.125 26.75 0.0)
#(0 138589 85 87.125 29.8 0.0)
#(0 138590 85 87.125 24.8333333333333 0.0)
#(0 138591 85 87.125 35.375 0.0)
#(0 138592 85 87.125 24.6666666666667 0.0)
#(0 138593 85 87.125 28.375 0.0)
#(0 275472 85 87.125 28.5384615384615 0.0)
#(0 275475 85 87.125 25.3333333333333 0.0)
#(0 276161 85 87.125 25.7142857142857 0.0)
#(0 276164 85 87.125 28.3571428571429 0.0)
#(0 276168 85 87.125 31.9166666666667 0.0)
#(0 276169 85 87.125 31.6666666666667 0.0)
#(0 276170 85 87.125 35.625 0.0)
#(0 276171 85 87.125 26.5 0.0)
#(0 276172 85 87.125 26.1666666666667 0.0)
#(0 276173 85 87.125 29.75 0.0)
#(0 276175 85 87.125 23.75 0.0)
#(0 276176 85 87.125 27.2 0.0)
#(0 276177 85 87.125 33.2857142857143 0.0)
#(0 276178 85 87.125 27.8125 0.0)
#(0 276179 85 87.125 24.3333333333333 0.0)
#(0 276180 85 87.125 29.9166666666667 0.0)
#(0 412555 85 87.125 27.7142857142857 0.0)
#(0 412558 85 87.125 -1 0.0)
#(0 413276 85 87.125 29.25 0.0)
#(0 413279 85 87.125 -1 0.0)
#(0 413280 85 87.125 30.9166666666667 0.0)
#(0 413281 85 87.125 31.875 0.0)
#(0 413282 85 87.125 25.3 0.0)
#(0 413283 85 87.141 26.9444444444444 0.0)
#(0 413284 85 87.141 29.25 0.0)
#(0 413285 85 87.141 31.0 0.0)
#(0 413286 85 87.141 26.2 0.0)
#(0 413287 85 87.141 28.0 0.0)
#(0 413288 85 87.141 40.5 0.0)
#(0 413289 85 87.141 26.4444444444444 0.0)
#(0 413290 85 87.141 25.4 0.0)
#(0 413291 85 87.141 24.375 0.0)
#(0 413292 85 87.141 25.75 0.0)
#(0 1179 86 87.141 25.8 0.0)
#(0 1180 86 87.141 24.0 0.0)
#(0 1181 86 87.141 29.6666666666667 0.0)
#(0 1182 86 87.141 28.0 0.0)
#(0 1183 86 87.141 26.75 0.0)
#(0 1185 86 87.141 29.25 0.0)
#(0 1186 86 87.141 28.4375 0.0)
#(0 1188 86 87.141 27.1 0.0)
#(0 137942 86 87.141 28.25 0.0)
#(0 137943 86 87.141 33.0 0.0)
#(0 137944 86 87.141 36.25 0.0)
#(0 137946 86 87.141 24.6 0.0)
#(0 137948 86 87.141 27.6 0.0)
#(0 138594 86 87.141 23.2222222222222 0.0)
#(0 138595 86 87.141 30.75 0.0)
#(0 138596 86 87.141 24.7777777777778 0.0)
#(0 138597 86 87.141 28.6666666666667 0.0)
#(0 138598 86 87.141 35.0 0.0)
#(0 138599 86 87.141 26.55 0.0)
#(0 138600 86 87.141 29.1 0.0)
#(0 138601 86 87.141 24.6666666666667 0.0)
#(0 138602 86 87.141 -1 0.0)
#(0 138603 86 87.141 27.1666666666667 0.0)
#(0 138604 86 87.141 27.1 0.0)
#(0 276181 86 87.141 27.2 0.0)
#(0 276182 86 87.141 34.25 0.0)
#(0 276183 86 87.141 32.125 0.0)
#(0 276184 86 87.141 -1 0.0)
#(0 276185 86 87.141 26.9444444444444 0.0)
#(0 276186 86 87.141 31.0 0.0)
#(0 276187 86 87.141 30.875 0.0)
#(0 276188 86 87.141 27.1 0.0)
#(0 276189 86 87.141 23.2142857142857 0.0)
#(0 412565 86 87.141 27.75 0.0)
#(0 412568 86 87.141 -1 0.0)
#(0 412574 86 87.141 25.4 0.0)
#(0 413293 86 87.141 31.375 0.0)
#(0 413294 86 87.141 32.375 0.0)
#(0 413295 86 87.141 29.875 0.0)
#(0 413296 86 87.141 27.5625 0.0)
#(0 413297 86 87.141 27.25 0.0)
#(0 467 87 87.141 30.625 0.0)
#(0 470 87 87.141 30.3 0.0)
#(0 476 87 87.157 35.5 0.0)
#(0 477 87 87.157 33.25 0.0)
#(0 1184 87 87.157 31.0 0.0)
#(0 1187 87 87.157 29.2777777777778 0.0)
#(0 1189 87 87.157 26.6111111111111 0.0)
#(0 1190 87 87.157 25.0909090909091 0.0)
#(0 1191 87 87.157 27.8888888888889 0.0)
#(0 1192 87 87.157 25.6 0.0)
#(0 1193 87 87.157 30.0 0.0)
#(0 1194 87 87.157 26.0 0.0)
#(0 1195 87 87.157 26.5 0.0)
#(0 1196 87 87.157 28.8125 0.0)
#(0 1197 87 87.157 27.5 0.0)
#(0 138605 87 87.157 25.875 0.0)
#(0 138606 87 87.157 28.9444444444444 0.0)
#(0 138607 87 87.157 29.8 0.0)
#(0 138608 87 87.157 35.375 0.0)
#(0 138609 87 87.157 32.25 0.0)
#(0 138610 87 87.157 27.6 0.0)
#(0 138611 87 87.157 34.75 0.0)
#(0 138612 87 87.157 29.3636363636364 0.0)
#(0 138613 87 87.157 32.3333333333333 0.0)
#(0 138614 87 87.157 25.625 0.0)
#(0 138615 87 87.157 29.375 0.0)
#(0 138616 87 87.157 26.25 0.0)
#(0 138617 87 87.157 29.9 0.0)
#(0 275493 87 87.157 31.6666666666667 0.0)
#(0 275496 87 87.157 27.6875 0.0)
#(0 275497 87 87.157 32.3 0.0)
#(0 275505 87 87.157 29.1666666666667 0.0)
#(0 276174 87 87.157 29.75 0.0)
#(0 276190 87 87.157 28.4375 0.0)
#(0 276191 87 87.157 -1 0.0)
#(0 276192 87 87.157 28.5 0.0)
#(0 276193 87 87.157 31.0 0.0)
#(0 276196 87 87.157 26.8571428571429 0.0)
#(0 276197 87 87.157 35.5 0.0)
#(0 413299 87 87.157 25.75 0.0)
#(0 413300 87 87.157 27.1666666666667 0.0)
#(0 413301 87 87.157 26.2222222222222 0.0)
#(0 413302 87 87.157 28.1 0.0)
#(0 413303 87 87.157 27.75 0.0)
#(0 413304 87 87.157 26.2857142857143 0.0)
#(0 413305 87 87.157 30.5 0.0)
#(0 413306 87 87.157 33.2142857142857 0.0)
#(0 413307 87 87.157 25.2272727272727 0.0)
#(0 413308 87 87.157 28.75 0.0)
#(0 413309 87 87.157 28.1666666666667 0.0)
#(0 413310 87 87.157 -1 0.0)
#(0 413311 87 87.157 26.25 0.0)
#(0 413312 87 87.157 28.0 0.0)
#(0 413314 87 87.157 28.6666666666667 0.0)
#(0 490 88 87.157 26.2142857142857 0.0)
#(0 492 88 87.157 30.2777777777778 0.0)
#(0 1199 88 87.157 29.5 0.0)
#(0 1200 88 87.172 31.5 0.0)
#(0 1201 88 87.172 25.7142857142857 0.0)
#(0 137968 88 87.172 28.375 0.0)
#(0 138618 88 87.172 32.25 0.0)
#(0 138619 88 87.172 27.8333333333333 0.0)
#(0 138620 88 87.172 30.8333333333333 0.0)
#(0 138621 88 87.172 25.0 0.0)
#(0 138622 88 87.172 36.25 0.0)
#(0 138623 88 87.172 28.3 0.0)
#(0 138624 88 87.172 29.4 0.0)
#(0 138625 88 87.172 29.3636363636364 0.0)
#(0 138626 88 87.172 23.0909090909091 0.0)
#(0 138627 88 87.172 23.6363636363636 0.0)
#(0 138628 88 87.172 35.375 0.0)
#(0 138630 88 87.172 30.625 0.0)
#(0 138631 88 87.172 30.8333333333333 0.0)
#(0 275510 88 87.172 29.9166666666667 0.0)
#(0 276194 88 87.172 23.2142857142857 0.0)
#(0 276195 88 87.172 27.1 0.0)
#(0 276198 88 87.172 24.8333333333333 0.0)
#(0 276199 88 87.172 31.1666666666667 0.0)
#(0 276200 88 87.172 29.75 0.0)
#(0 276201 88 87.172 27.375 0.0)
#(0 276202 88 87.172 -1 0.0)
#(0 276203 88 87.172 -1 0.0)
#(0 276204 88 87.172 32.2 0.0)
#(0 276205 88 87.172 27.0 0.0)
#(0 412599 88 87.172 27.8888888888889 0.0)
#(0 413298 88 87.172 32.375 0.0)
#(0 413313 88 87.172 28.75 0.0)
#(0 413315 88 87.172 25.2272727272727 0.0)
#(0 413316 88 87.172 25.75 0.0)
#(0 413317 88 87.172 29.25 0.0)
#(0 413318 88 87.172 31.6111111111111 0.0)
#(0 413319 88 87.172 30.5 0.0)
#(0 413320 88 87.172 21.35 0.0)
#(0 413321 88 87.172 29.9166666666667 0.0)
#(0 413322 88 87.172 27.5 0.0)
#(0 413323 88 87.172 -1 0.0)
#(0 413324 88 87.172 27.75 0.0)
#(0 413325 88 87.172 -1 0.0)
#(0 413326 88 87.172 29.8333333333333 0.0)
#(0 413327 88 87.172 24.2222222222222 0.0)
#(0 413328 88 87.172 27.2 0.0)
#(0 413329 88 87.172 29.25 0.0)
#(0 413330 88 87.172 29.625 0.0)
#(0 495 89 87.172 30.3 0.0)
#(0 497 89 87.172 23.3333333333333 0.0)
#(0 1202 89 87.172 29.5 0.0)
#(0 1203 89 87.188 29.6666666666667 0.0)
#(0 1204 89 87.188 32.7857142857143 0.0)
#(0 1205 89 87.188 25.375 0.0)
#(0 1206 89 87.188 22.625 0.0)
#(0 1207 89 87.188 31.5 0.0)
#(0 1208 89 87.188 27.2 0.0)
#(0 1209 89 87.188 29.4444444444444 0.0)
#(0 1210 89 87.188 27.3571428571429 0.0)
#(0 1211 89 87.188 26.75 0.0)
#(0 1212 89 87.188 29.75 0.0)
#(0 1213 89 87.188 29.0 0.0)
#(0 137974 89 87.188 35.0 0.0)
#(0 138629 89 87.188 27.8333333333333 0.0)
#(0 138632 89 87.188 31.125 0.0)
#(0 138633 89 87.188 27.5 0.0)
#(0 138634 89 87.188 29.375 0.0)
#(0 138635 89 87.188 29.0833333333333 0.0)
#(0 138636 89 87.188 25.875 0.0)
#(0 138637 89 87.188 -1 0.0)
#(0 138638 89 87.188 26.5 0.0)
#(0 138639 89 87.188 26.4 0.0)
#(0 138640 89 87.188 27.9285714285714 0.0)
#(0 138641 89 87.188 27.2142857142857 0.0)
#(0 138642 89 87.188 20.5 0.0)
#(0 138643 89 87.188 28.375 0.0)
#(0 138644 89 87.188 26.3333333333333 0.0)
#(0 138645 89 87.188 30.0 0.0)
#(0 276206 89 87.188 31.1666666666667 0.0)
#(0 276207 89 87.188 27.3888888888889 0.0)
#(0 276208 89 87.188 23.75 0.0)
#(0 276209 89 87.188 30.0 0.0)
#(0 276210 89 87.188 37.0 0.0)
#(0 276211 89 87.188 26.85 0.0)
#(0 276212 89 87.188 -1 0.0)
#(0 276213 89 87.188 31.1 0.0)
#(0 276214 89 87.188 30.6875 0.0)
#(0 276215 89 87.188 31.3 0.0)
#(0 276216 89 87.188 30.5 0.0)
#(0 276217 89 87.188 28.375 0.0)
#(0 276219 89 87.188 29.1666666666667 0.0)
#(0 276220 89 87.188 25.875 0.0)
#(0 413331 89 87.188 30.25 0.0)
#(0 413332 89 87.188 -1 0.0)
#(0 413333 89 87.188 29.8 0.0)
#(0 413334 89 87.188 25.5 0.0)
#(0 413335 89 87.188 25.4 0.0)
#(0 413336 89 87.188 35.0 0.0)
#(0 413337 89 87.188 28.6666666666667 0.0)
#(0 102 90 87.188 28.125 0.0)
#(0 103 90 87.188 32.5 0.0)
#(0 104 90 87.188 32.7857142857143 0.0)
#(0 105 90 87.188 29.0 0.0)
#(0 106 90 87.188 28.0909090909091 0.0)
#(0 107 90 87.188 29.1428571428571 0.0)
#(0 109 90 87.188 -1 0.0)
#(0 110 90 87.188 28.8125 0.0)
#(0 111 90 87.188 29.2777777777778 0.0)
#(0 112 90 87.188 27.0 0.0)
#(0 113 90 87.188 32.0 0.0)
#(0 114 90 87.188 26.3125 0.0)
#(0 1198 90 87.204 26.0 0.0)
#(0 1215 90 87.204 29.0 0.0)
#(0 1216 90 87.204 27.8888888888889 0.0)
#(0 1217 90 87.204 28.8125 0.0)
#(0 1218 90 87.204 29.5 0.0)
#(0 1219 90 87.204 28.6 0.0)
#(0 1220 90 87.204 29.9375 0.0)
#(0 1221 90 87.204 26.3571428571429 0.0)
#(0 1222 90 87.204 30.05 0.0)
#(0 1223 90 87.204 30.25 0.0)
#(0 1224 90 87.204 27.0 0.0)
#(0 1225 90 87.204 28.7142857142857 0.0)
#(0 1226 90 87.204 30.0 0.0)
#(0 1227 90 87.204 22.3333333333333 0.0)
#(0 137616 90 87.204 25.625 0.0)
#(0 137617 90 87.204 24.7777777777778 0.0)
#(0 137618 90 87.204 31.5 0.0)
#(0 137621 90 87.204 27.1 0.0)
#(0 137623 90 87.204 29.5 0.0)
#(0 137624 90 87.204 29.8 0.0)
#(0 137991 90 87.204 35.375 0.0)
#(0 138647 90 87.204 26.125 0.0)
#(0 138648 90 87.204 23.5 0.0)
#(0 138649 90 87.204 28.0 0.0)
#(0 138650 90 87.204 29.8 0.0)
#(0 138651 90 87.204 26.75 0.0)
#(0 138652 90 87.204 27.1 0.0)
#(0 138653 90 87.204 30.8333333333333 0.0)
#(0 138654 90 87.204 27.2142857142857 0.0)
#(0 138656 90 87.204 28.125 0.0)
#(0 138657 90 87.204 24.6666666666667 0.0)
#(0 138658 90 87.204 29.5 0.0)
#(0 138659 90 87.204 24.625 0.0)
#(0 138660 90 87.204 27.5 0.0)
#(0 275131 90 87.204 24.8333333333333 0.0)
#(0 275134 90 87.204 27.8125 0.0)
#(0 275137 90 87.204 28.7 0.0)
#(0 275138 90 87.204 28.8333333333333 0.0)
#(0 275139 90 87.204 28.8333333333333 0.0)
#(0 275142 90 87.204 27.2 0.0)
#(0 275143 90 87.204 22.5714285714286 0.0)
#(0 275144 90 87.204 25.875 0.0)
#(0 275145 90 87.204 24.8333333333333 0.0)
#(0 275146 90 87.204 32.9285714285714 0.0)
#(0 276218 90 87.204 26.85 0.0)
#(0 276222 90 87.204 37.0 0.0)
#(0 276223 90 87.204 25.2777777777778 0.0)
#(0 276224 90 87.204 29.3333333333333 0.0)
#(0 276225 90 87.204 28.7 0.0)
#(0 276226 90 87.204 24.0625 0.0)
#(0 276227 90 87.219 26.6666666666667 0.0)
#(0 276228 90 87.219 28.6363636363636 0.0)
#(0 412251 90 87.219 28.8333333333333 0.0)
#(0 412252 90 87.219 40.5 0.0)
#(0 412259 90 87.219 24.75 0.0)
#(0 412260 90 87.219 25.2272727272727 0.0)
#(0 412262 90 87.219 27.5625 0.0)
#(0 412263 90 87.219 29.1666666666667 0.0)
#(0 412264 90 87.219 27.1666666666667 0.0)
#(0 413338 90 87.219 31.2 0.0)
#(0 413340 90 87.219 31.375 0.0)
#(0 413341 90 87.219 28.9375 0.0)
#(0 413342 90 87.219 -1 0.0)
#(0 413343 90 87.219 27.0833333333333 0.0)
#(0 413344 90 87.219 30.375 0.0)
#(0 413345 90 87.219 26.5 0.0)
#(0 413346 90 87.219 29.25 0.0)
#(0 413347 90 87.219 29.0 0.0)
#(0 413348 90 87.219 33.5 0.0)
#(0 413349 90 87.219 -1 0.0)
#(0 413350 90 87.219 32.0 0.0)
#(0 118 91 87.219 28.2 0.0)
#(0 120 91 87.219 29.4444444444444 0.0)
#(0 121 91 87.219 29.1428571428571 0.0)
#(0 123 91 87.219 -1 0.0)
#(0 124 91 87.219 27.25 0.0)
#(0 125 91 87.219 26.8888888888889 0.0)
#(0 1214 91 87.219 29.0 0.0)
#(0 1228 91 87.219 31.0 0.0)
#(0 1229 91 87.219 28.125 0.0)
#(0 1230 91 87.219 27.6875 0.0)
#(0 1231 91 87.219 27.3333333333333 0.0)
#(0 1232 91 87.219 27.65 0.0)
#(0 1233 91 87.219 25.6666666666667 0.0)
#(0 1234 91 87.219 27.2 0.0)
#(0 1235 91 87.219 25.0 0.0)
#(0 1236 91 87.219 25.7 0.0)
#(0 1237 91 87.219 26.2142857142857 0.0)
#(0 1238 91 87.219 29.375 0.0)
#(0 1239 91 87.219 33.0 0.0)
#(0 137625 91 87.219 30.8333333333333 0.0)
#(0 137627 91 87.219 25.875 0.0)
#(0 137628 91 87.219 29.8 0.0)
#(0 137629 91 87.219 25.5 0.0)
#(0 137631 91 87.219 27.75 0.0)
#(0 137632 91 87.219 35.0 0.0)
#(0 137633 91 87.219 27.9285714285714 0.0)
#(0 137634 91 87.219 26.25 0.0)
#(0 137635 91 87.219 29.1 0.0)
#(0 137636 91 87.219 29.3333333333333 0.0)
#(0 137639 91 87.219 26.3333333333333 0.0)
#(0 137640 91 87.219 32.4 0.0)
#(0 137641 91 87.219 20.5 0.0)
#(0 137998 91 87.219 28.25 0.0)
#(0 138646 91 87.219 29.375 0.0)
#(0 138661 91 87.219 31.0833333333333 0.0)
#(0 138662 91 87.219 26.5 0.0)
#(0 138663 91 87.219 33.6 0.0)
#(0 138664 91 87.219 26.7142857142857 0.0)
#(0 138665 91 87.219 30.2 0.0)
#(0 138666 91 87.219 22.8333333333333 0.0)
#(0 138667 91 87.219 24.25 0.0)
#(0 138668 91 87.219 26.0 0.0)
#(0 138669 91 87.219 24.7777777777778 0.0)
#(0 138670 91 87.219 31.875 0.0)
#(0 138671 91 87.219 32.3333333333333 0.0)
#(0 138672 91 87.235 -1 0.0)
#(0 138673 91 87.235 32.4 0.0)
#(0 275133 91 87.235 24.8333333333333 0.0)
#(0 275152 91 87.235 30.875 0.0)
#(0 275154 91 87.235 29.3333333333333 0.0)
#(0 275155 91 87.235 31.55 0.0)
#(0 275156 91 87.235 23.75 0.0)
#(0 275158 91 87.235 27.6875 0.0)
#(0 275160 91 87.235 28.8333333333333 0.0)
#(0 275162 91 87.235 26.6666666666667 0.0)
#(0 275163 91 87.235 30.5714285714286 0.0)
#(0 275164 91 87.235 32.25 0.0)
#(0 275165 91 87.235 36.0 0.0)
#(0 275540 91 87.235 20.0 0.0)
#(0 275541 91 87.235 30.5 0.0)
#(0 276221 91 87.235 31.1666666666667 0.0)
#(0 276229 91 87.235 31.25 0.0)
#(0 276230 91 87.235 31.1 0.0)
#(0 276231 91 87.235 28.5 0.0)
#(0 276232 91 87.235 27.3888888888889 0.0)
#(0 276233 91 87.235 29.2222222222222 0.0)
#(0 276235 91 87.235 29.0 0.0)
#(0 276236 91 87.235 26.5 0.0)
#(0 276237 91 87.235 27.75 0.0)
#(0 276238 91 87.235 32.3 0.0)
#(0 276239 91 87.235 23.0 0.0)
#(0 276241 91 87.235 -1 0.0)
#(0 276242 91 87.235 25.9 0.0)
#(0 412265 91 87.235 28.6666666666667 0.0)
#(0 412267 91 87.235 25.3 0.0)
#(0 412269 91 87.235 24.0714285714286 0.0)
#(0 412270 91 87.235 32.375 0.0)
#(0 412271 91 87.235 26.4444444444444 0.0)
#(0 412272 91 87.235 27.9285714285714 0.0)
#(0 412274 91 87.235 25.6875 0.0)
#(0 412276 91 87.235 27.1666666666667 0.0)
#(0 412281 91 87.235 27.8888888888889 0.0)
#(0 413339 91 87.235 28.6666666666667 0.0)
#(0 413351 91 87.235 27.0 0.0)
#(0 413352 91 87.235 29.8333333333333 0.0)
#(0 413353 91 87.235 35.25 0.0)
#(0 413354 91 87.235 -1 0.0)
#(0 413355 91 87.235 31.375 0.0)
#(0 413356 91 87.235 29.375 0.0)
#(0 413357 91 87.235 33.0 0.0)
#(0 413358 91 87.235 25.2272727272727 0.0)
#(0 413359 91 87.235 27.0833333333333 0.0)
#(0 413360 91 87.235 29.0 0.0)
#(0 115 92 87.235 29.2777777777778 0.0)
#(0 130 92 87.235 26.6111111111111 0.0)
#(0 132 92 87.235 25.375 0.0)
#(0 133 92 87.235 26.875 0.0)
#(0 135 92 87.235 26.5714285714286 0.0)
#(0 136 92 87.235 26.75 0.0)
#(0 139 92 87.235 24.0 0.0)
#(0 524 92 87.235 38.5 0.0)
#(0 1240 92 87.235 25.7 0.0)
#(0 1241 92 87.235 26.8888888888889 0.0)
#(0 1242 92 87.25 28.125 0.0)
#(0 1243 92 87.25 32.5 0.0)
#(0 1244 92 87.25 30.1666666666667 0.0)
#(0 1245 92 87.25 29.4444444444444 0.0)
#(0 1246 92 87.25 -1 0.0)
#(0 1247 92 87.25 27.2 0.0)
#(0 1248 92 87.25 29.25 0.0)
#(0 1249 92 87.25 26.3125 0.0)
#(0 1250 92 87.25 24.3888888888889 0.0)
#(0 1251 92 87.25 27.9166666666667 0.0)
#(0 1252 92 87.25 26.75 0.0)
#(0 1253 92 87.25 31.0 0.0)
#(0 137630 92 87.25 25.875 0.0)
#(0 137643 92 87.25 28.7272727272727 0.0)
#(0 137645 92 87.25 26.125 0.0)
#(0 137647 92 87.25 24.625 0.0)
#(0 138655 92 87.25 28.0 0.0)
#(0 138674 92 87.25 26.3333333333333 0.0)
#(0 138675 92 87.25 32.5 0.0)
#(0 138676 92 87.25 29.8 0.0)
#(0 138677 92 87.25 26.25 0.0)
#(0 138678 92 87.25 35.375 0.0)
#(0 138679 92 87.25 31.2 0.0)
#(0 138680 92 87.25 28.0 0.0)
#(0 138681 92 87.25 28.3 0.0)
#(0 138682 92 87.25 24.6666666666667 0.0)
#(0 138683 92 87.25 26.7142857142857 0.0)
#(0 138684 92 87.25 37.0 0.0)
#(0 138685 92 87.25 30.875 0.0)
#(0 138687 92 87.25 28.25 0.0)
#(0 138688 92 87.25 30.2 0.0)
#(0 138689 92 87.25 27.8333333333333 0.0)
#(0 275149 92 87.25 32.125 0.0)
#(0 275166 92 87.25 30.0 0.0)
#(0 275167 92 87.25 27.3888888888889 0.0)
#(0 275168 92 87.25 30.35 0.0)
#(0 275169 92 87.25 20.0 0.0)
#(0 275170 92 87.25 30.9 0.0)
#(0 275171 92 87.25 36.75 0.0)
#(0 275172 92 87.25 28.0 0.0)
#(0 275173 92 87.25 30.75 0.0)
#(0 275174 92 87.25 29.0714285714286 0.0)
#(0 275175 92 87.25 31.3333333333333 0.0)
#(0 276234 92 87.25 29.3333333333333 0.0)
#(0 276240 92 87.25 31.25 0.0)
#(0 276243 92 87.25 29.2222222222222 0.0)
#(0 276244 92 87.25 -1 0.0)
#(0 276245 92 87.25 32.0 0.0)
#(0 276246 92 87.25 27.5 0.0)
#(0 276247 92 87.25 32.9285714285714 0.0)
#(0 276248 92 87.25 26.4285714285714 0.0)
#(0 276249 92 87.25 -1 0.0)
#(0 276250 92 87.25 28.75 0.0)
#(0 276251 92 87.25 29.5 0.0)
#(0 276252 92 87.25 31.6666666666667 0.0)
#(0 276253 92 87.25 28.7 0.0)
#(0 276254 92 87.25 28.3571428571429 0.0)
#(0 276255 92 87.25 23.0 0.0)
#(0 412273 92 87.25 26.4444444444444 0.0)
#(0 412277 92 87.25 27.5625 0.0)
#(0 412282 92 87.25 26.9444444444444 0.0)
#(0 412284 92 87.25 31.2 0.0)
#(0 412286 92 87.25 31.3333333333333 0.0)
#(0 412287 92 87.25 24.5 0.0)
#(0 412289 92 87.25 32.5 0.0)
#(0 412290 92 87.25 24.75 0.0)
#(0 412291 92 87.25 24.75 0.0)
#(0 412638 92 87.25 28.9375 0.0)
#(0 412639 92 87.266 31.2 0.0)
#(0 413361 92 87.266 26.4444444444444 0.0)
#(0 413362 92 87.266 30.625 0.0)
#(0 413363 92 87.266 40.0 0.0)
#(0 413364 92 87.266 28.9375 0.0)
#(0 413365 92 87.266 29.1666666666667 0.0)
#(0 413366 92 87.266 28.5 0.0)
#(0 413367 92 87.266 31.2 0.0)
#(0 413368 92 87.266 20.0 0.0)
#(0 413369 92 87.266 27.25 0.0)
#(0 413370 92 87.266 -1 0.0)
#(0 116 93 87.266 29.2777777777778 0.0)
#(0 129 93 87.266 26.8888888888889 0.0)
#(0 140 93 87.266 26.0 0.0)
#(0 141 93 87.266 27.9166666666667 0.0)
#(0 144 93 87.266 29.4166666666667 0.0)
#(0 146 93 87.266 27.25 0.0)
#(0 147 93 87.266 29.75 0.0)
#(0 540 93 87.266 31.3333333333333 0.0)
#(0 1254 93 87.266 31.5 0.0)
#(0 1255 93 87.266 32.0 0.0)
#(0 1256 93 87.266 27.5454545454545 0.0)
#(0 1257 93 87.266 30.2777777777778 0.0)
#(0 1258 93 87.266 31.6666666666667 0.0)
#(0 1259 93 87.266 29.5 0.0)
#(0 1260 93 87.266 27.75 0.0)
#(0 1261 93 87.266 30.0 0.0)
#(0 1262 93 87.266 29.375 0.0)
#(0 1263 93 87.266 29.375 0.0)
#(0 137638 93 87.266 29.8 0.0)
#(0 137649 93 87.266 24.7777777777778 0.0)
#(0 137654 93 87.266 31.2 0.0)
#(0 137655 93 87.266 32.5 0.0)
#(0 137656 93 87.266 30.5 0.0)
#(0 137657 93 87.266 25.875 0.0)
#(0 137658 93 87.266 26.3333333333333 0.0)
#(0 137659 93 87.266 24.25 0.0)
#(0 137660 93 87.266 24.6666666666667 0.0)
#(0 137663 93 87.266 28.7272727272727 0.0)
#(0 137666 93 87.266 28.0 0.0)
#(0 137667 93 87.266 29.1 0.0)
#(0 138024 93 87.266 31.125 0.0)
#(0 138686 93 87.266 28.3 0.0)
#(0 138690 93 87.266 28.9444444444444 0.0)
#(0 138691 93 87.266 29.5 0.0)
#(0 138692 93 87.266 30.8333333333333 0.0)
#(0 138693 93 87.266 27.5 0.0)
#(0 138694 93 87.266 27.75 0.0)
#(0 138695 93 87.266 24.8333333333333 0.0)
#(0 138696 93 87.266 25.3333333333333 0.0)
#(0 138697 93 87.266 26.55 0.0)
#(0 138698 93 87.266 27.0 0.0)
#(0 138700 93 87.266 31.875 0.0)
#(0 275177 93 87.266 30.4285714285714 0.0)
#(0 275179 93 87.266 27.5 0.0)
#(0 275180 93 87.266 26.1666666666667 0.0)
#(0 275181 93 87.266 30.375 0.0)
#(0 275183 93 87.266 31.1 0.0)
#(0 275184 93 87.266 28.8333333333333 0.0)
#(0 275185 93 87.266 30.4 0.0)
#(0 275186 93 87.266 25.3333333333333 0.0)
#(0 276256 93 87.282 28.7 0.0)
#(0 276258 93 87.282 27.1 0.0)
#(0 276259 93 87.282 27.8125 0.0)
#(0 276260 93 87.282 32.125 0.0)
#(0 276261 93 87.282 32.9285714285714 0.0)
#(0 276262 93 87.282 29.0714285714286 0.0)
#(0 276263 93 87.282 26.75 0.0)
#(0 276265 93 87.282 33.5 0.0)
#(0 276266 93 87.282 27.75 0.0)
#(0 412283 93 87.282 26.9444444444444 0.0)
#(0 412292 93 87.282 31.2 0.0)
#(0 412296 93 87.282 27.1666666666667 0.0)
#(0 412298 93 87.282 24.2222222222222 0.0)
#(0 412301 93 87.282 -1 0.0)
#(0 412650 93 87.282 29.7 0.0)
#(0 412661 93 87.282 32.0 0.0)
#(0 413371 93 87.282 28.875 0.0)
#(0 413372 93 87.282 35.25 0.0)
#(0 413373 93 87.282 24.2222222222222 0.0)
#(0 413374 93 87.282 25.6 0.0)
#(0 413375 93 87.282 28.9 0.0)
#(0 413376 93 87.282 30.25 0.0)
#(0 413377 93 87.282 29.375 0.0)
#(0 413378 93 87.282 31.875 0.0)
#(0 413379 93 87.282 28.75 0.0)
#(0 413380 93 87.282 40.5 0.0)
#(0 413381 93 87.282 25.1666666666667 0.0)
#(0 413382 93 87.282 25.5 0.0)
#(0 131 94 87.282 26.8888888888889 0.0)
#(0 150 94 87.282 29.8 0.0)
#(0 151 94 87.282 27.5454545454545 0.0)
#(0 152 94 87.282 34.0 0.0)
#(0 153 94 87.282 30.3 0.0)
#(0 154 94 87.282 32.4 0.0)
#(0 156 94 87.282 25.5833333333333 0.0)
#(0 158 94 87.282 25.7 0.0)
#(0 159 94 87.282 25.7142857142857 0.0)
#(0 160 94 87.282 22.625 0.0)
#(0 161 94 87.282 29.6666666666667 0.0)
#(0 162 94 87.282 27.65 0.0)
#(0 544 94 87.282 25.6666666666667 0.0)
#(0 1265 94 87.282 27.0 0.0)
#(0 1266 94 87.282 27.6666666666667 0.0)
#(0 1267 94 87.282 26.7 0.0)
#(0 1268 94 87.282 27.25 0.0)
#(0 1269 94 87.282 27.5 0.0)
#(0 1270 94 87.282 28.75 0.0)
#(0 1271 94 87.282 27.65 0.0)
#(0 1272 94 87.282 27.1666666666667 0.0)
#(0 1273 94 87.282 36.4 0.0)
#(0 1275 94 87.282 26.8888888888889 0.0)
#(0 137653 94 87.282 28.0 0.0)
#(0 137661 94 87.282 30.5 0.0)
#(0 137665 94 87.282 24.625 0.0)
#(0 137669 94 87.282 24.5625 0.0)
#(0 137671 94 87.282 27.75 0.0)
#(0 137672 94 87.282 32.25 0.0)
#(0 137675 94 87.282 23.6363636363636 0.0)
#(0 137679 94 87.282 23.5 0.0)
#(0 137680 94 87.282 25.625 0.0)
#(0 138028 94 87.282 29.4 0.0)
#(0 138699 94 87.297 29.5 0.0)
#(0 138701 94 87.297 25.0 0.0)
#(0 138702 94 87.297 29.1 0.0)
#(0 138703 94 87.297 27.9444444444444 0.0)
#(0 138704 94 87.297 29.4 0.0)
#(0 138705 94 87.297 -1 0.0)
#(0 138706 94 87.297 30.2 0.0)
#(0 138708 94 87.297 31.5 0.0)
#(0 138711 94 87.297 31.125 0.0)
#(0 138712 94 87.297 25.0 0.0)
#(0 275178 94 87.297 30.4285714285714 0.0)
#(0 275187 94 87.297 27.5 0.0)
#(0 275190 94 87.297 32.0 0.0)
#(0 275192 94 87.297 30.75 0.0)
#(0 275195 94 87.297 26.1666666666667 0.0)
#(0 275196 94 87.297 33.125 0.0)
#(0 275197 94 87.297 22.1 0.0)
#(0 275198 94 87.297 31.1 0.0)
#(0 275200 94 87.297 31.8333333333333 0.0)
#(0 275201 94 87.297 27.1428571428571 0.0)
#(0 275581 94 87.297 25.7142857142857 0.0)
#(0 275582 94 87.297 31.4 0.0)
#(0 276257 94 87.297 28.75 0.0)
#(0 276264 94 87.297 28.7 0.0)
#(0 276268 94 87.297 30.5714285714286 0.0)
#(0 276269 94 87.297 33.5 0.0)
#(0 276271 94 87.297 25.9 0.0)
#(0 276272 94 87.297 26.85 0.0)
#(0 276273 94 87.297 31.6666666666667 0.0)
#(0 276274 94 87.297 35.625 0.0)
#(0 276275 94 87.297 28.7777777777778 0.0)
#(0 412297 94 87.297 24.75 0.0)
#(0 412299 94 87.297 24.75 0.0)
#(0 412302 94 87.297 28.9375 0.0)
#(0 412303 94 87.297 27.5714285714286 0.0)
#(0 412304 94 87.297 28.1 0.0)
#(0 412305 94 87.297 21.35 0.0)
#(0 412307 94 87.297 33.75 0.0)
#(0 412311 94 87.297 35.25 0.0)
#(0 412315 94 87.297 31.875 0.0)
#(0 412672 94 87.297 -1 0.0)
#(0 413383 94 87.297 31.875 0.0)
#(0 413384 94 87.297 27.2 0.0)
#(0 413385 94 87.297 25.6875 0.0)
#(0 413386 94 87.297 29.375 0.0)
#(0 413387 94 87.297 27.7142857142857 0.0)
#(0 413388 94 87.297 26.5833333333333 0.0)
#(0 413389 94 87.297 29.8333333333333 0.0)
#(0 413390 94 87.297 24.0714285714286 0.0)
#(0 413391 94 87.297 -1 0.0)
#(0 413392 94 87.297 28.5 0.0)
#(0 413393 94 87.297 33.125 0.0)
#(0 413394 94 87.297 29.9166666666667 0.0)
#(0 413395 94 87.297 31.4285714285714 0.0)
#(0 413397 94 87.297 30.9166666666667 0.0)
#(0 413398 94 87.297 32.0 0.0)
#(0 413399 94 87.297 31.375 0.0)
#(0 164 95 87.297 27.1 0.0)
#(0 167 95 87.297 28.0909090909091 0.0)
#(0 168 95 87.297 29.8 0.0)
#(0 173 95 87.297 29.5 0.0)
#(0 175 95 87.297 28.4375 0.0)
#(0 176 95 87.297 25.6 0.0)
#(0 177 95 87.297 27.0 0.0)
#(0 1264 95 87.313 29.375 0.0)
#(0 1274 95 87.313 27.65 0.0)
#(0 1276 95 87.313 27.0 0.0)
#(0 1277 95 87.313 26.75 0.0)
#(0 1278 95 87.313 27.3333333333333 0.0)
#(0 1279 95 87.313 27.25 0.0)
#(0 1280 95 87.313 29.8 0.0)
#(0 1281 95 87.313 28.7142857142857 0.0)
#(0 137670 95 87.313 25.875 0.0)
#(0 137676 95 87.313 32.25 0.0)
#(0 137682 95 87.313 23.6363636363636 0.0)
#(0 137684 95 87.313 30.1666666666667 0.0)
#(0 137685 95 87.313 29.8 0.0)
#(0 137686 95 87.313 26.4 0.0)
#(0 137687 95 87.313 31.125 0.0)
#(0 137688 95 87.313 27.75 0.0)
#(0 137690 95 87.313 23.0 0.0)
#(0 137691 95 87.313 27.5 0.0)
#(0 137692 95 87.313 23.2222222222222 0.0)
#(0 137693 95 87.313 27.5 0.0)
#(0 137694 95 87.313 32.0 0.0)
#(0 137695 95 87.313 31.5 0.0)
#(0 138036 95 87.313 29.4 0.0)
#(0 138707 95 87.313 25.3333333333333 0.0)
#(0 138709 95 87.313 29.1 0.0)
#(0 138714 95 87.313 27.1 0.0)
#(0 138715 95 87.313 29.4 0.0)
#(0 138716 95 87.313 -1 0.0)
#(0 138717 95 87.313 24.5625 0.0)
#(0 138718 95 87.313 29.5 0.0)
#(0 138719 95 87.313 22.3333333333333 0.0)
#(0 138720 95 87.313 29.8 0.0)
#(0 138721 95 87.313 27.5 0.0)
#(0 138722 95 87.313 32.0 0.0)
#(0 138724 95 87.313 23.0909090909091 0.0)
#(0 138725 95 87.313 30.8333333333333 0.0)
#(0 275191 95 87.313 32.0 0.0)
#(0 275202 95 87.313 29.1666666666667 0.0)
#(0 275203 95 87.313 32.125 0.0)
#(0 275206 95 87.313 27.5833333333333 0.0)
#(0 275207 95 87.313 32.9285714285714 0.0)
#(0 275208 95 87.313 30.5 0.0)
#(0 275211 95 87.313 24.5 0.0)
#(0 275212 95 87.313 28.4375 0.0)
#(0 275589 95 87.313 32.3 0.0)
