Conflict in state 119 between rule 226 and token _PLUS resolved as reduce.
Conflict in state 119 between rule 226 and token _MINUS resolved as reduce.
Conflict in state 119 between rule 226 and token _TIMES resolved as reduce.
Conflict in state 119 between rule 226 and token _DIVIDE resolved as reduce.
Conflict in state 119 between rule 226 and token _DOTTIMES resolved as reduce.
Conflict in state 119 between rule 226 and token _DOTDIVIDE resolved as reduce.
Conflict in state 119 between rule 226 and token _CARET resolved as reduce.
Conflict in state 119 between rule 226 and token _DOTCARET resolved as reduce.
Conflict in state 119 between rule 226 and token _AND resolved as reduce.
Conflict in state 119 between rule 226 and token _OR resolved as reduce.
Conflict in state 119 between rule 226 and token _EQUAL resolved as reduce.
Conflict in state 119 between rule 226 and token _LESS resolved as reduce.
Conflict in state 119 between rule 226 and token _GREATER resolved as reduce.
Conflict in state 119 between rule 226 and token _LESSEQ resolved as reduce.
Conflict in state 119 between rule 226 and token _GREATEREQ resolved as reduce.
Conflict in state 119 between rule 226 and token _UNEQUAL resolved as reduce.
Conflict in state 119 between rule 226 and token _IN resolved as reduce.
Conflict in state 240 between rule 196 and token _PLUS resolved as reduce.
Conflict in state 240 between rule 196 and token _MINUS resolved as reduce.
Conflict in state 240 between rule 196 and token _TIMES resolved as reduce.
Conflict in state 240 between rule 196 and token _DIVIDE resolved as reduce.
Conflict in state 240 between rule 196 and token _DOTTIMES resolved as reduce.
Conflict in state 240 between rule 196 and token _DOTDIVIDE resolved as reduce.
Conflict in state 240 between rule 196 and token _CARET resolved as reduce.
Conflict in state 240 between rule 196 and token _DOTCARET resolved as reduce.
Conflict in state 240 between rule 196 and token _AND resolved as reduce.
Conflict in state 240 between rule 196 and token _OR resolved as reduce.
Conflict in state 240 between rule 196 and token _EQUAL resolved as reduce.
Conflict in state 240 between rule 196 and token _LESS resolved as reduce.
Conflict in state 240 between rule 196 and token _GREATER resolved as reduce.
Conflict in state 240 between rule 196 and token _LESSEQ resolved as reduce.
Conflict in state 240 between rule 196 and token _GREATEREQ resolved as reduce.
Conflict in state 240 between rule 196 and token _UNEQUAL resolved as reduce.
Conflict in state 240 between rule 196 and token _IN resolved as reduce.
Conflict in state 325 between rule 215 and token _PLUS resolved as reduce.
Conflict in state 325 between rule 215 and token _MINUS resolved as reduce.
Conflict in state 325 between rule 215 and token _TIMES resolved as shift.
Conflict in state 325 between rule 215 and token _DIVIDE resolved as shift.
Conflict in state 325 between rule 215 and token _DOTTIMES resolved as shift.
Conflict in state 325 between rule 215 and token _DOTDIVIDE resolved as shift.
Conflict in state 325 between rule 215 and token _CARET resolved as shift.
Conflict in state 325 between rule 215 and token _DOTCARET resolved as shift.
Conflict in state 325 between rule 215 and token _AND resolved as reduce.
Conflict in state 325 between rule 215 and token _OR resolved as reduce.
Conflict in state 325 between rule 215 and token _EQUAL resolved as reduce.
Conflict in state 325 between rule 215 and token _LESS resolved as reduce.
Conflict in state 325 between rule 215 and token _GREATER resolved as reduce.
Conflict in state 325 between rule 215 and token _LESSEQ resolved as reduce.
Conflict in state 325 between rule 215 and token _GREATEREQ resolved as reduce.
Conflict in state 325 between rule 215 and token _UNEQUAL resolved as reduce.
Conflict in state 325 between rule 215 and token _IN resolved as reduce.
Conflict in state 326 between rule 216 and token _PLUS resolved as reduce.
Conflict in state 326 between rule 216 and token _MINUS resolved as reduce.
Conflict in state 326 between rule 216 and token _TIMES resolved as shift.
Conflict in state 326 between rule 216 and token _DIVIDE resolved as shift.
Conflict in state 326 between rule 216 and token _DOTTIMES resolved as shift.
Conflict in state 326 between rule 216 and token _DOTDIVIDE resolved as shift.
Conflict in state 326 between rule 216 and token _CARET resolved as shift.
Conflict in state 326 between rule 216 and token _DOTCARET resolved as shift.
Conflict in state 326 between rule 216 and token _AND resolved as reduce.
Conflict in state 326 between rule 216 and token _OR resolved as reduce.
Conflict in state 326 between rule 216 and token _EQUAL resolved as reduce.
Conflict in state 326 between rule 216 and token _LESS resolved as reduce.
Conflict in state 326 between rule 216 and token _GREATER resolved as reduce.
Conflict in state 326 between rule 216 and token _LESSEQ resolved as reduce.
Conflict in state 326 between rule 216 and token _GREATEREQ resolved as reduce.
Conflict in state 326 between rule 216 and token _UNEQUAL resolved as reduce.
Conflict in state 326 between rule 216 and token _IN resolved as reduce.
Conflict in state 327 between rule 213 and token _PLUS resolved as reduce.
Conflict in state 327 between rule 213 and token _MINUS resolved as reduce.
Conflict in state 327 between rule 213 and token _TIMES resolved as reduce.
Conflict in state 327 between rule 213 and token _DIVIDE resolved as reduce.
Conflict in state 327 between rule 213 and token _DOTTIMES resolved as reduce.
Conflict in state 327 between rule 213 and token _DOTDIVIDE resolved as reduce.
Conflict in state 327 between rule 213 and token _CARET resolved as shift.
Conflict in state 327 between rule 213 and token _DOTCARET resolved as shift.
Conflict in state 327 between rule 213 and token _AND resolved as reduce.
Conflict in state 327 between rule 213 and token _OR resolved as reduce.
Conflict in state 327 between rule 213 and token _EQUAL resolved as reduce.
Conflict in state 327 between rule 213 and token _LESS resolved as reduce.
Conflict in state 327 between rule 213 and token _GREATER resolved as reduce.
Conflict in state 327 between rule 213 and token _LESSEQ resolved as reduce.
Conflict in state 327 between rule 213 and token _GREATEREQ resolved as reduce.
Conflict in state 327 between rule 213 and token _UNEQUAL resolved as reduce.
Conflict in state 327 between rule 213 and token _IN resolved as reduce.
Conflict in state 328 between rule 209 and token _PLUS resolved as reduce.
Conflict in state 328 between rule 209 and token _MINUS resolved as reduce.
Conflict in state 328 between rule 209 and token _TIMES resolved as reduce.
Conflict in state 328 between rule 209 and token _DIVIDE resolved as reduce.
Conflict in state 328 between rule 209 and token _DOTTIMES resolved as reduce.
Conflict in state 328 between rule 209 and token _DOTDIVIDE resolved as reduce.
Conflict in state 328 between rule 209 and token _CARET resolved as shift.
Conflict in state 328 between rule 209 and token _DOTCARET resolved as shift.
Conflict in state 328 between rule 209 and token _AND resolved as reduce.
Conflict in state 328 between rule 209 and token _OR resolved as reduce.
Conflict in state 328 between rule 209 and token _EQUAL resolved as reduce.
Conflict in state 328 between rule 209 and token _LESS resolved as reduce.
Conflict in state 328 between rule 209 and token _GREATER resolved as reduce.
Conflict in state 328 between rule 209 and token _LESSEQ resolved as reduce.
Conflict in state 328 between rule 209 and token _GREATEREQ resolved as reduce.
Conflict in state 328 between rule 209 and token _UNEQUAL resolved as reduce.
Conflict in state 328 between rule 209 and token _IN resolved as reduce.
Conflict in state 329 between rule 214 and token _PLUS resolved as reduce.
Conflict in state 329 between rule 214 and token _MINUS resolved as reduce.
Conflict in state 329 between rule 214 and token _TIMES resolved as reduce.
Conflict in state 329 between rule 214 and token _DIVIDE resolved as reduce.
Conflict in state 329 between rule 214 and token _DOTTIMES resolved as reduce.
Conflict in state 329 between rule 214 and token _DOTDIVIDE resolved as reduce.
Conflict in state 329 between rule 214 and token _CARET resolved as shift.
Conflict in state 329 between rule 214 and token _DOTCARET resolved as shift.
Conflict in state 329 between rule 214 and token _AND resolved as reduce.
Conflict in state 329 between rule 214 and token _OR resolved as reduce.
Conflict in state 329 between rule 214 and token _EQUAL resolved as reduce.
Conflict in state 329 between rule 214 and token _LESS resolved as reduce.
Conflict in state 329 between rule 214 and token _GREATER resolved as reduce.
Conflict in state 329 between rule 214 and token _LESSEQ resolved as reduce.
Conflict in state 329 between rule 214 and token _GREATEREQ resolved as reduce.
Conflict in state 329 between rule 214 and token _UNEQUAL resolved as reduce.
Conflict in state 329 between rule 214 and token _IN resolved as reduce.
Conflict in state 330 between rule 212 and token _PLUS resolved as reduce.
Conflict in state 330 between rule 212 and token _MINUS resolved as reduce.
Conflict in state 330 between rule 212 and token _TIMES resolved as reduce.
Conflict in state 330 between rule 212 and token _DIVIDE resolved as reduce.
Conflict in state 330 between rule 212 and token _DOTTIMES resolved as reduce.
Conflict in state 330 between rule 212 and token _DOTDIVIDE resolved as reduce.
Conflict in state 330 between rule 212 and token _CARET resolved as shift.
Conflict in state 330 between rule 212 and token _DOTCARET resolved as shift.
Conflict in state 330 between rule 212 and token _AND resolved as reduce.
Conflict in state 330 between rule 212 and token _OR resolved as reduce.
Conflict in state 330 between rule 212 and token _EQUAL resolved as reduce.
Conflict in state 330 between rule 212 and token _LESS resolved as reduce.
Conflict in state 330 between rule 212 and token _GREATER resolved as reduce.
Conflict in state 330 between rule 212 and token _LESSEQ resolved as reduce.
Conflict in state 330 between rule 212 and token _GREATEREQ resolved as reduce.
Conflict in state 330 between rule 212 and token _UNEQUAL resolved as reduce.
Conflict in state 330 between rule 212 and token _IN resolved as reduce.
Conflict in state 331 between rule 210 and token _PLUS resolved as reduce.
Conflict in state 331 between rule 210 and token _MINUS resolved as reduce.
Conflict in state 331 between rule 210 and token _TIMES resolved as reduce.
Conflict in state 331 between rule 210 and token _DIVIDE resolved as reduce.
Conflict in state 331 between rule 210 and token _DOTTIMES resolved as reduce.
Conflict in state 331 between rule 210 and token _DOTDIVIDE resolved as reduce.
Conflict in state 331 between rule 210 and token _CARET resolved as reduce.
Conflict in state 331 between rule 210 and token _DOTCARET resolved as reduce.
Conflict in state 331 between rule 210 and token _AND resolved as reduce.
Conflict in state 331 between rule 210 and token _OR resolved as reduce.
Conflict in state 331 between rule 210 and token _EQUAL resolved as reduce.
Conflict in state 331 between rule 210 and token _LESS resolved as reduce.
Conflict in state 331 between rule 210 and token _GREATER resolved as reduce.
Conflict in state 331 between rule 210 and token _LESSEQ resolved as reduce.
Conflict in state 331 between rule 210 and token _GREATEREQ resolved as reduce.
Conflict in state 331 between rule 210 and token _UNEQUAL resolved as reduce.
Conflict in state 331 between rule 210 and token _IN resolved as reduce.
Conflict in state 332 between rule 211 and token _PLUS resolved as reduce.
Conflict in state 332 between rule 211 and token _MINUS resolved as reduce.
Conflict in state 332 between rule 211 and token _TIMES resolved as reduce.
Conflict in state 332 between rule 211 and token _DIVIDE resolved as reduce.
Conflict in state 332 between rule 211 and token _DOTTIMES resolved as reduce.
Conflict in state 332 between rule 211 and token _DOTDIVIDE resolved as reduce.
Conflict in state 332 between rule 211 and token _CARET resolved as reduce.
Conflict in state 332 between rule 211 and token _DOTCARET resolved as reduce.
Conflict in state 332 between rule 211 and token _AND resolved as reduce.
Conflict in state 332 between rule 211 and token _OR resolved as reduce.
Conflict in state 332 between rule 211 and token _EQUAL resolved as reduce.
Conflict in state 332 between rule 211 and token _LESS resolved as reduce.
Conflict in state 332 between rule 211 and token _GREATER resolved as reduce.
Conflict in state 332 between rule 211 and token _LESSEQ resolved as reduce.
Conflict in state 332 between rule 211 and token _GREATEREQ resolved as reduce.
Conflict in state 332 between rule 211 and token _UNEQUAL resolved as reduce.
Conflict in state 332 between rule 211 and token _IN resolved as reduce.
Conflict in state 333 between rule 217 and token _PLUS resolved as shift.
Conflict in state 333 between rule 217 and token _MINUS resolved as shift.
Conflict in state 333 between rule 217 and token _TIMES resolved as shift.
Conflict in state 333 between rule 217 and token _DIVIDE resolved as shift.
Conflict in state 333 between rule 217 and token _DOTTIMES resolved as shift.
Conflict in state 333 between rule 217 and token _DOTDIVIDE resolved as shift.
Conflict in state 333 between rule 217 and token _CARET resolved as shift.
Conflict in state 333 between rule 217 and token _DOTCARET resolved as shift.
Conflict in state 333 between rule 217 and token _AND resolved as reduce.
Conflict in state 333 between rule 217 and token _OR resolved as reduce.
Conflict in state 333 between rule 217 and token _EQUAL resolved as shift.
Conflict in state 333 between rule 217 and token _LESS resolved as shift.
Conflict in state 333 between rule 217 and token _GREATER resolved as shift.
Conflict in state 333 between rule 217 and token _LESSEQ resolved as shift.
Conflict in state 333 between rule 217 and token _GREATEREQ resolved as shift.
Conflict in state 333 between rule 217 and token _UNEQUAL resolved as shift.
Conflict in state 333 between rule 217 and token _IN resolved as shift.
Conflict in state 334 between rule 218 and token _PLUS resolved as shift.
Conflict in state 334 between rule 218 and token _MINUS resolved as shift.
Conflict in state 334 between rule 218 and token _TIMES resolved as shift.
Conflict in state 334 between rule 218 and token _DIVIDE resolved as shift.
Conflict in state 334 between rule 218 and token _DOTTIMES resolved as shift.
Conflict in state 334 between rule 218 and token _DOTDIVIDE resolved as shift.
Conflict in state 334 between rule 218 and token _CARET resolved as shift.
Conflict in state 334 between rule 218 and token _DOTCARET resolved as shift.
Conflict in state 334 between rule 218 and token _AND resolved as shift.
Conflict in state 334 between rule 218 and token _OR resolved as reduce.
Conflict in state 334 between rule 218 and token _EQUAL resolved as shift.
Conflict in state 334 between rule 218 and token _LESS resolved as shift.
Conflict in state 334 between rule 218 and token _GREATER resolved as shift.
Conflict in state 334 between rule 218 and token _LESSEQ resolved as shift.
Conflict in state 334 between rule 218 and token _GREATEREQ resolved as shift.
Conflict in state 334 between rule 218 and token _UNEQUAL resolved as shift.
Conflict in state 334 between rule 218 and token _IN resolved as shift.
Conflict in state 335 between rule 219 and token _PLUS resolved as shift.
Conflict in state 335 between rule 219 and token _MINUS resolved as shift.
Conflict in state 335 between rule 219 and token _TIMES resolved as shift.
Conflict in state 335 between rule 219 and token _DIVIDE resolved as shift.
Conflict in state 335 between rule 219 and token _DOTTIMES resolved as shift.
Conflict in state 335 between rule 219 and token _DOTDIVIDE resolved as shift.
Conflict in state 335 between rule 219 and token _CARET resolved as shift.
Conflict in state 335 between rule 219 and token _DOTCARET resolved as shift.
Conflict in state 335 between rule 219 and token _AND resolved as reduce.
Conflict in state 335 between rule 219 and token _OR resolved as reduce.
Conflict in state 335 between rule 219 and token _EQUAL resolved as reduce.
Conflict in state 335 between rule 219 and token _LESS resolved as reduce.
Conflict in state 335 between rule 219 and token _GREATER resolved as reduce.
Conflict in state 335 between rule 219 and token _LESSEQ resolved as reduce.
Conflict in state 335 between rule 219 and token _GREATEREQ resolved as reduce.
Conflict in state 335 between rule 219 and token _UNEQUAL resolved as reduce.
Conflict in state 335 between rule 219 and token _IN resolved as reduce.
Conflict in state 336 between rule 221 and token _PLUS resolved as shift.
Conflict in state 336 between rule 221 and token _MINUS resolved as shift.
Conflict in state 336 between rule 221 and token _TIMES resolved as shift.
Conflict in state 336 between rule 221 and token _DIVIDE resolved as shift.
Conflict in state 336 between rule 221 and token _DOTTIMES resolved as shift.
Conflict in state 336 between rule 221 and token _DOTDIVIDE resolved as shift.
Conflict in state 336 between rule 221 and token _CARET resolved as shift.
Conflict in state 336 between rule 221 and token _DOTCARET resolved as shift.
Conflict in state 336 between rule 221 and token _AND resolved as reduce.
Conflict in state 336 between rule 221 and token _OR resolved as reduce.
Conflict in state 336 between rule 221 and token _EQUAL resolved as reduce.
Conflict in state 336 between rule 221 and token _LESS resolved as reduce.
Conflict in state 336 between rule 221 and token _GREATER resolved as reduce.
Conflict in state 336 between rule 221 and token _LESSEQ resolved as reduce.
Conflict in state 336 between rule 221 and token _GREATEREQ resolved as reduce.
Conflict in state 336 between rule 221 and token _UNEQUAL resolved as reduce.
Conflict in state 336 between rule 221 and token _IN resolved as reduce.
Conflict in state 337 between rule 223 and token _PLUS resolved as shift.
Conflict in state 337 between rule 223 and token _MINUS resolved as shift.
Conflict in state 337 between rule 223 and token _TIMES resolved as shift.
Conflict in state 337 between rule 223 and token _DIVIDE resolved as shift.
Conflict in state 337 between rule 223 and token _DOTTIMES resolved as shift.
Conflict in state 337 between rule 223 and token _DOTDIVIDE resolved as shift.
Conflict in state 337 between rule 223 and token _CARET resolved as shift.
Conflict in state 337 between rule 223 and token _DOTCARET resolved as shift.
Conflict in state 337 between rule 223 and token _AND resolved as reduce.
Conflict in state 337 between rule 223 and token _OR resolved as reduce.
Conflict in state 337 between rule 223 and token _EQUAL resolved as reduce.
Conflict in state 337 between rule 223 and token _LESS resolved as reduce.
Conflict in state 337 between rule 223 and token _GREATER resolved as reduce.
Conflict in state 337 between rule 223 and token _LESSEQ resolved as reduce.
Conflict in state 337 between rule 223 and token _GREATEREQ resolved as reduce.
Conflict in state 337 between rule 223 and token _UNEQUAL resolved as reduce.
Conflict in state 337 between rule 223 and token _IN resolved as reduce.
Conflict in state 338 between rule 220 and token _PLUS resolved as shift.
Conflict in state 338 between rule 220 and token _MINUS resolved as shift.
Conflict in state 338 between rule 220 and token _TIMES resolved as shift.
Conflict in state 338 between rule 220 and token _DIVIDE resolved as shift.
Conflict in state 338 between rule 220 and token _DOTTIMES resolved as shift.
Conflict in state 338 between rule 220 and token _DOTDIVIDE resolved as shift.
Conflict in state 338 between rule 220 and token _CARET resolved as shift.
Conflict in state 338 between rule 220 and token _DOTCARET resolved as shift.
Conflict in state 338 between rule 220 and token _AND resolved as reduce.
Conflict in state 338 between rule 220 and token _OR resolved as reduce.
Conflict in state 338 between rule 220 and token _EQUAL resolved as reduce.
Conflict in state 338 between rule 220 and token _LESS resolved as reduce.
Conflict in state 338 between rule 220 and token _GREATER resolved as reduce.
Conflict in state 338 between rule 220 and token _LESSEQ resolved as reduce.
Conflict in state 338 between rule 220 and token _GREATEREQ resolved as reduce.
Conflict in state 338 between rule 220 and token _UNEQUAL resolved as reduce.
Conflict in state 338 between rule 220 and token _IN resolved as reduce.
Conflict in state 339 between rule 222 and token _PLUS resolved as shift.
Conflict in state 339 between rule 222 and token _MINUS resolved as shift.
Conflict in state 339 between rule 222 and token _TIMES resolved as shift.
Conflict in state 339 between rule 222 and token _DIVIDE resolved as shift.
Conflict in state 339 between rule 222 and token _DOTTIMES resolved as shift.
Conflict in state 339 between rule 222 and token _DOTDIVIDE resolved as shift.
Conflict in state 339 between rule 222 and token _CARET resolved as shift.
Conflict in state 339 between rule 222 and token _DOTCARET resolved as shift.
Conflict in state 339 between rule 222 and token _AND resolved as reduce.
Conflict in state 339 between rule 222 and token _OR resolved as reduce.
Conflict in state 339 between rule 222 and token _EQUAL resolved as reduce.
Conflict in state 339 between rule 222 and token _LESS resolved as reduce.
Conflict in state 339 between rule 222 and token _GREATER resolved as reduce.
Conflict in state 339 between rule 222 and token _LESSEQ resolved as reduce.
Conflict in state 339 between rule 222 and token _GREATEREQ resolved as reduce.
Conflict in state 339 between rule 222 and token _UNEQUAL resolved as reduce.
Conflict in state 339 between rule 222 and token _IN resolved as reduce.
Conflict in state 340 between rule 224 and token _PLUS resolved as shift.
Conflict in state 340 between rule 224 and token _MINUS resolved as shift.
Conflict in state 340 between rule 224 and token _TIMES resolved as shift.
Conflict in state 340 between rule 224 and token _DIVIDE resolved as shift.
Conflict in state 340 between rule 224 and token _DOTTIMES resolved as shift.
Conflict in state 340 between rule 224 and token _DOTDIVIDE resolved as shift.
Conflict in state 340 between rule 224 and token _CARET resolved as shift.
Conflict in state 340 between rule 224 and token _DOTCARET resolved as shift.
Conflict in state 340 between rule 224 and token _AND resolved as reduce.
Conflict in state 340 between rule 224 and token _OR resolved as reduce.
Conflict in state 340 between rule 224 and token _EQUAL resolved as reduce.
Conflict in state 340 between rule 224 and token _LESS resolved as reduce.
Conflict in state 340 between rule 224 and token _GREATER resolved as reduce.
Conflict in state 340 between rule 224 and token _LESSEQ resolved as reduce.
Conflict in state 340 between rule 224 and token _GREATEREQ resolved as reduce.
Conflict in state 340 between rule 224 and token _UNEQUAL resolved as reduce.
Conflict in state 340 between rule 224 and token _IN resolved as reduce.
Conflict in state 342 between rule 225 and token _PLUS resolved as shift.
Conflict in state 342 between rule 225 and token _MINUS resolved as shift.
Conflict in state 342 between rule 225 and token _TIMES resolved as shift.
Conflict in state 342 between rule 225 and token _DIVIDE resolved as shift.
Conflict in state 342 between rule 225 and token _DOTTIMES resolved as shift.
Conflict in state 342 between rule 225 and token _DOTDIVIDE resolved as shift.
Conflict in state 342 between rule 225 and token _CARET resolved as shift.
Conflict in state 342 between rule 225 and token _DOTCARET resolved as shift.
Conflict in state 342 between rule 225 and token _AND resolved as reduce.
Conflict in state 342 between rule 225 and token _OR resolved as reduce.
Conflict in state 342 between rule 225 and token _EQUAL resolved as shift.
Conflict in state 342 between rule 225 and token _LESS resolved as shift.
Conflict in state 342 between rule 225 and token _GREATER resolved as shift.
Conflict in state 342 between rule 225 and token _LESSEQ resolved as shift.
Conflict in state 342 between rule 225 and token _GREATEREQ resolved as shift.
Conflict in state 342 between rule 225 and token _UNEQUAL resolved as shift.
Conflict in state 342 between rule 225 and token _IN resolved as reduce.
Conflict in state 343 between rule 193 and token _PLUS resolved as reduce.
Conflict in state 343 between rule 193 and token _MINUS resolved as reduce.
Conflict in state 343 between rule 193 and token _TIMES resolved as shift.
Conflict in state 343 between rule 193 and token _DIVIDE resolved as shift.
Conflict in state 343 between rule 193 and token _DOTTIMES resolved as shift.
Conflict in state 343 between rule 193 and token _DOTDIVIDE resolved as shift.
Conflict in state 343 between rule 193 and token _CARET resolved as shift.
Conflict in state 343 between rule 193 and token _DOTCARET resolved as shift.
Conflict in state 344 between rule 194 and token _PLUS resolved as reduce.
Conflict in state 344 between rule 194 and token _MINUS resolved as reduce.
Conflict in state 344 between rule 194 and token _TIMES resolved as shift.
Conflict in state 344 between rule 194 and token _DIVIDE resolved as shift.
Conflict in state 344 between rule 194 and token _DOTTIMES resolved as shift.
Conflict in state 344 between rule 194 and token _DOTDIVIDE resolved as shift.
Conflict in state 344 between rule 194 and token _CARET resolved as shift.
Conflict in state 344 between rule 194 and token _DOTCARET resolved as shift.
Conflict in state 345 between rule 191 and token _PLUS resolved as reduce.
Conflict in state 345 between rule 191 and token _MINUS resolved as reduce.
Conflict in state 345 between rule 191 and token _TIMES resolved as reduce.
Conflict in state 345 between rule 191 and token _DIVIDE resolved as reduce.
Conflict in state 345 between rule 191 and token _DOTTIMES resolved as reduce.
Conflict in state 345 between rule 191 and token _DOTDIVIDE resolved as reduce.
Conflict in state 345 between rule 191 and token _CARET resolved as shift.
Conflict in state 345 between rule 191 and token _DOTCARET resolved as shift.
Conflict in state 346 between rule 187 and token _PLUS resolved as reduce.
Conflict in state 346 between rule 187 and token _MINUS resolved as reduce.
Conflict in state 346 between rule 187 and token _TIMES resolved as reduce.
Conflict in state 346 between rule 187 and token _DIVIDE resolved as reduce.
Conflict in state 346 between rule 187 and token _DOTTIMES resolved as reduce.
Conflict in state 346 between rule 187 and token _DOTDIVIDE resolved as reduce.
Conflict in state 346 between rule 187 and token _CARET resolved as shift.
Conflict in state 346 between rule 187 and token _DOTCARET resolved as shift.
Conflict in state 347 between rule 192 and token _PLUS resolved as reduce.
Conflict in state 347 between rule 192 and token _MINUS resolved as reduce.
Conflict in state 347 between rule 192 and token _TIMES resolved as reduce.
Conflict in state 347 between rule 192 and token _DIVIDE resolved as reduce.
Conflict in state 347 between rule 192 and token _DOTTIMES resolved as reduce.
Conflict in state 347 between rule 192 and token _DOTDIVIDE resolved as reduce.
Conflict in state 347 between rule 192 and token _CARET resolved as shift.
Conflict in state 347 between rule 192 and token _DOTCARET resolved as shift.
Conflict in state 348 between rule 190 and token _PLUS resolved as reduce.
Conflict in state 348 between rule 190 and token _MINUS resolved as reduce.
Conflict in state 348 between rule 190 and token _TIMES resolved as reduce.
Conflict in state 348 between rule 190 and token _DIVIDE resolved as reduce.
Conflict in state 348 between rule 190 and token _DOTTIMES resolved as reduce.
Conflict in state 348 between rule 190 and token _DOTDIVIDE resolved as reduce.
Conflict in state 348 between rule 190 and token _CARET resolved as shift.
Conflict in state 348 between rule 190 and token _DOTCARET resolved as shift.
Conflict in state 349 between rule 188 and token _PLUS resolved as reduce.
Conflict in state 349 between rule 188 and token _MINUS resolved as reduce.
Conflict in state 349 between rule 188 and token _TIMES resolved as reduce.
Conflict in state 349 between rule 188 and token _DIVIDE resolved as reduce.
Conflict in state 349 between rule 188 and token _DOTTIMES resolved as reduce.
Conflict in state 349 between rule 188 and token _DOTDIVIDE resolved as reduce.
Conflict in state 349 between rule 188 and token _CARET resolved as reduce.
Conflict in state 349 between rule 188 and token _DOTCARET resolved as reduce.
Conflict in state 350 between rule 189 and token _PLUS resolved as reduce.
Conflict in state 350 between rule 189 and token _MINUS resolved as reduce.
Conflict in state 350 between rule 189 and token _TIMES resolved as reduce.
Conflict in state 350 between rule 189 and token _DIVIDE resolved as reduce.
Conflict in state 350 between rule 189 and token _DOTTIMES resolved as reduce.
Conflict in state 350 between rule 189 and token _DOTDIVIDE resolved as reduce.
Conflict in state 350 between rule 189 and token _CARET resolved as reduce.
Conflict in state 350 between rule 189 and token _DOTCARET resolved as reduce.
Conflict in state 589 between rule 263 and token _AND resolved as reduce.
Conflict in state 589 between rule 263 and token _OR resolved as reduce.
Conflict in state 589 between rule 263 and token _AFTER resolved as shift.
Conflict in state 589 between rule 263 and token _BEFORE resolved as shift.
Conflict in state 628 between rule 261 and token _AND resolved as reduce.
Conflict in state 628 between rule 261 and token _OR resolved as reduce.
Conflict in state 628 between rule 261 and token _AFTER resolved as shift.
Conflict in state 628 between rule 261 and token _BEFORE resolved as shift.
Conflict in state 629 between rule 262 and token _AND resolved as shift.
Conflict in state 629 between rule 262 and token _OR resolved as reduce.
Conflict in state 629 between rule 262 and token _AFTER resolved as shift.
Conflict in state 629 between rule 262 and token _BEFORE resolved as shift.
Conflict in state 630 between rule 259 and token _AND resolved as reduce.
Conflict in state 630 between rule 259 and token _OR resolved as reduce.
Conflict in state 630 between rule 259 and token _AFTER resolved as reduce.
Conflict in state 630 between rule 259 and token _BEFORE resolved as shift.
Conflict in state 631 between rule 260 and token _AND resolved as reduce.
Conflict in state 631 between rule 260 and token _OR resolved as reduce.
Conflict in state 631 between rule 260 and token _AFTER resolved as reduce.
Conflict in state 631 between rule 260 and token _BEFORE resolved as reduce.
State 6 contains 4 reduce/reduce conflicts.
State 14 contains 2 shift/reduce conflicts.
State 28 contains 1 shift/reduce conflict.
State 29 contains 1 shift/reduce conflict.
State 49 contains 15 reduce/reduce conflicts.
State 50 contains 1 shift/reduce conflict.
State 117 contains 1 reduce/reduce conflict.
State 119 contains 1 shift/reduce conflict.
State 135 contains 1 shift/reduce conflict.
State 146 contains 1 reduce/reduce conflict.
State 180 contains 15 reduce/reduce conflicts.
State 195 contains 10 shift/reduce conflicts.
State 240 contains 1 shift/reduce conflict.
State 266 contains 1 shift/reduce conflict.
State 298 contains 1 shift/reduce conflict.
State 300 contains 18 shift/reduce conflicts.
State 303 contains 6 shift/reduce conflicts.
State 308 contains 2 shift/reduce conflicts.
State 318 contains 1 shift/reduce conflict.
State 325 contains 1 shift/reduce conflict.
State 326 contains 1 shift/reduce conflict.
State 327 contains 1 shift/reduce conflict.
State 328 contains 1 shift/reduce conflict.
State 329 contains 1 shift/reduce conflict.
State 330 contains 1 shift/reduce conflict.
State 331 contains 1 shift/reduce conflict.
State 332 contains 1 shift/reduce conflict.
State 333 contains 1 shift/reduce conflict.
State 334 contains 1 shift/reduce conflict.
State 335 contains 1 shift/reduce conflict.
State 336 contains 1 shift/reduce conflict.
State 337 contains 1 shift/reduce conflict.
State 338 contains 1 shift/reduce conflict.
State 339 contains 1 shift/reduce conflict.
State 340 contains 1 shift/reduce conflict.
State 342 contains 1 shift/reduce conflict.
State 343 contains 1 shift/reduce conflict.
State 344 contains 1 shift/reduce conflict.
State 345 contains 1 shift/reduce conflict.
State 346 contains 1 shift/reduce conflict.
State 347 contains 1 shift/reduce conflict.
State 348 contains 1 shift/reduce conflict.
State 349 contains 1 shift/reduce conflict.
State 350 contains 1 shift/reduce conflict.
State 375 contains 1 shift/reduce conflict.
State 389 contains 1 shift/reduce conflict.
State 407 contains 1 shift/reduce conflict.
State 408 contains 1 shift/reduce conflict.
State 410 contains 1 shift/reduce conflict.
State 444 contains 2 shift/reduce conflicts.
State 453 contains 18 shift/reduce conflicts.
State 455 contains 1 shift/reduce conflict.
State 457 contains 1 shift/reduce conflict.
State 463 contains 1 shift/reduce conflict.
State 466 contains 1 shift/reduce conflict.
State 471 contains 9 shift/reduce conflicts.
State 529 contains 1 shift/reduce conflict.
State 604 contains 1 shift/reduce conflict.
State 642 contains 1 shift/reduce conflict.

Grammar
rule 1    constant -> numeric_constant
rule 2    constant -> _BOOLEAN_CONST
rule 3    constant -> _STRING_CONST
rule 4    constant -> _OIDTAG oid_descr _RIGHTBRACKET
rule 5    numeric_constant -> _INTEGER_CONST
rule 6    numeric_constant -> _REAL_CONST
rule 7    oid_descr ->		/* empty */
rule 8    oid_descr -> _INTEGER_CONST
rule 9    oid_descr -> _INTEGER_CONST _STRING_CONST
rule 10   id_commalist -> _ID
rule 11   id_commalist -> id_commalist _COMMA _ID
rule 12   id_dotlist -> simple_type
rule 13   @1 ->		/* empty */
rule 14   id_dotlist -> id_dotlist _DOT simple_type @1
rule 15   function_name -> id_dotlist
rule 16   function_name -> id_dotlist _ARROW id_dotlist
rule 17   function_name -> _IN
rule 18   variable_name -> _ID
rule 19   variable_name_commalist -> variable_name
rule 20   variable_name_commalist -> variable_name_commalist _COMMA variable_name
rule 21   interface_variable_name -> _IVAR
rule 22   gen_variable_name -> variable_name
rule 23   gen_variable_name -> interface_variable_name
rule 24   gen_variable_name_commalist -> gen_variable_name
rule 25   gen_variable_name_commalist -> gen_variable_name_commalist _COMMA gen_variable_name
rule 26   type_name -> simple_type
rule 27   type_name -> aggr_type
rule 28   type_name_commalist -> type_name
rule 29   type_name_commalist -> type_name_commalist _COMMA type_name
rule 30   simple_type -> _ID
rule 31   simple_type -> _ID _ALPHAB _ID
rule 32   simple_type -> _FUNCTION
rule 33   simple_type -> _RULE
rule 34   simple_type -> _TYPE
rule 35   simple_type -> _BAG
rule 36   simple_type -> _VECTOR
rule 37   tuple_type -> type_name
rule 38   tuple_type -> _LESS type_name_commalist _GREATER
rule 39   tuple_type -> _LEFTPAREN type_name_commalist _RIGHTPAREN
rule 40   aggr_type -> simple_type _OF tuple_type
rule 41   create_keyword -> _CREATE
rule 42   create_type_stmt -> _CREATE _TYPE _ID properties
rule 43   create_type_stmt -> _CREATE _TYPE _ID _SUBTYPE _OF id_commalist properties
rule 44   create_type_stmt -> _CREATE _TYPE _ID _UNDER id_commalist properties
rule 45   create_derived_type_stmt -> _CREATE _DERIVED _TYPE _ID derived_subtypeof_clause derived_key_clause derived_supertypeof_clause properties
rule 46   derived_subtypeof_clause ->		/* empty */
rule 47   derived_subtypeof_clause -> _SUBTYPE _OF variable_declaration_commalist derived_subtypeof_cond
rule 48   derived_subtypeof_clause -> _UNDER variable_declaration_commalist derived_subtypeof_cond
rule 49   derived_subtypeof_cond -> _WHERE simple_expr validate_clause
rule 50   derived_subtypeof_cond -> validate_clause
rule 51   validate_clause ->		/* empty */
rule 52   validate_clause -> _VALIDATE simple_expr
rule 53   derived_key_clause ->		/* empty */
rule 54   derived_key_clause -> _KEY variable_declaration_commalist
rule 55   derived_supertypeof_clause ->		/* empty */
rule 56   derived_supertypeof_clause -> _SUPERTYPE _OF st_list functions_clause
rule 57   st_list -> st_entry
rule 58   st_list -> st_list _COMMA st_entry
rule 59   st_entry -> type_name gen_variable_name optional_expr
rule 60   optional_expr ->		/* empty */
rule 61   optional_expr -> _EQUAL simple_expr
rule 62   functions_clause ->		/* empty */
rule 63   functions_clause -> _FUNCTIONS _LEFTPAREN prop_function_commalist _RIGHTPAREN case_list _END _FUNCTIONS
rule 64   case_list -> case_entry
rule 65   case_list -> case_list case_entry
rule 66   case_entry -> _CASE id_commalist _COLON case_func_def_list
rule 67   case_func_def_list -> case_func_def
rule 68   case_func_def_list -> case_func_def_list _SEMICOLON case_func_def
rule 69   case_func_def ->		/* empty */
rule 70   case_func_def -> gen_variable_name optional_expr
rule 71   properties ->		/* empty */
rule 72   properties -> _PROPERTIES _LEFTPAREN prop_function_commalist _RIGHTPAREN
rule 73   key_spec ->		/* empty */
rule 74   key_spec -> _KEY
rule 75   key_spec -> _NONKEY
rule 76   prop_function -> key_spec function_name res_spec fn_implementation
rule 77   prop_function_commalist -> prop_function
rule 78   prop_function_commalist -> prop_function_commalist _COMMA prop_function
rule 79   delete_type_stmt -> _DELETE _TYPE _ID
rule 80   function_name -> _ID
rule 81   function_name -> _IN
rule 82   create_function_stmt -> create_keyword _FUNCTION function_name argl_spec _ARROW resl_spec fn_implementation
rule 83   argl_spec -> _LEFTPAREN _RIGHTPAREN
rule 84   argl_spec -> _LEFTPAREN arg_spec_commalist _RIGHTPAREN
rule 85   arg_spec -> type_name variable_name key_spec
rule 86   arg_spec -> type_name key_spec
rule 87   arg_spec_commalist -> arg_spec
rule 88   @2 ->		/* empty */
rule 89   arg_spec_commalist -> arg_spec_commalist _COMMA arg_spec @2
rule 90   res_spec -> _BAG _OF arg_spec
rule 91   res_spec -> _BAG _OF tuple_result_spec
rule 92   res_spec -> arg_spec
rule 93   resl_spec -> res_spec
rule 94   resl_spec -> tuple_result_spec
rule 95   tuple_result_spec -> _LESS arg_spec_commalist _GREATER
rule 96   tuple_result_spec -> _LEFTPAREN arg_spec_commalist _RIGHTPAREN
rule 97   fn_implementation ->		/* empty */
rule 98   fn_implementation -> _AS _STORED
rule 99   fn_implementation -> _AS simple_expr
rule 100  fn_implementation -> _AS select_stmt
rule 101  fn_implementation -> _AS procedure_stmt1
rule 102  fn_implementation -> _AS foreign_body
rule 103  foreign_body -> _FOREIGN _STRING_CONST
rule 104  foreign_body -> _MULTIDIRECTIONAL muldir_list
rule 105  muldir_list -> muldir_item
rule 106  muldir_list -> muldir_item muldir_list
rule 107  muldir_item -> _LEFTPAREN _STRING_CONST multidir_options _RIGHTPAREN
rule 108  multidir_option -> _COST cost_model
rule 109  multidir_option -> _REWRITER _STRING_CONST
rule 110  multidir_option -> _FOREIGN _STRING_CONST
rule 111  multidir_option -> _KEY
rule 112  multidir_option -> select_stmt1
rule 113  multidir_options -> multidir_option
rule 114  multidir_options -> multidir_option multidir_options
rule 115  cost_model -> function_name
rule 116  cost_model -> _LEFTCURL numeric_constant _COMMA numeric_constant _RIGHTCURL
rule 117  select_item -> simple_expr
rule 118  select_item_commalist -> select_item_commalist1
rule 119  select_item_commalist ->		/* empty */
rule 120  select_item_commalist1 -> select_item
rule 121  select_item_commalist1 -> select_item_commalist _COMMA select_item
rule 122  delete_function_stmt -> _DELETE _FUNCTION function_name
rule 123  create_object_stmt -> _CREATE _ID new_instances
rule 124  create_object_stmt -> _CREATE _ID _LEFTPAREN function_name_commalist _RIGHTPAREN new_instances
rule 125  function_name_commalist -> function_name
rule 126  function_name_commalist -> function_name_commalist _COMMA function_name
rule 127  new_instances -> _INSTANCES initialize_commalist
rule 128  initialize -> gen_variable_name
rule 129  initialize -> _LEFTPAREN expr_commalist _RIGHTPAREN
rule 130  initialize -> gen_variable_name _LEFTPAREN expr_commalist _RIGHTPAREN
rule 131  initialize_commalist -> initialize
rule 132  initialize_commalist -> initialize_commalist _COMMA initialize
rule 133  delete_object_stmt -> _DELETE gen_variable_name
rule 134  select_stmt -> _AT database_id select_stmt1
rule 135  select_stmt -> select_stmt1
rule 136  database_id -> _STRING_CONST
rule 137  select_stmt1 -> _SELECT distinct_spec select_item_commalist into_clause for_each_clause where_clause
rule 138  distinct_spec ->		/* empty */
rule 139  distinct_spec -> _DISTINCT
rule 140  into_clause ->		/* empty */
rule 141  into_clause -> _INTO gen_variable_name_commalist
rule 142  into_clause1 ->		/* empty */
rule 143  into_clause1 -> _INTO gen_variable_name_commalist
rule 144  for_each_clause ->		/* empty */
rule 145  for_each_clause -> _FROM variable_declaration_commalist
rule 146  variable_declaration -> type_name variable_name
rule 147  variable_declaration -> type_name
rule 148  variable_declaration_commalist -> variable_declaration
rule 149  variable_declaration_commalist -> variable_declaration_commalist _COMMA variable_declaration
rule 150  where_clause ->		/* empty */
rule 151  where_clause -> _WHERE simple_expr
rule 152  function_call0 -> function_name _LEFTPAREN _RIGHTPAREN
rule 153  function_call0 -> function_name _LEFTPAREN expr_commalist _RIGHTPAREN
rule 154  function_call0 -> function_name _LEFTPAREN _RIGHTPAREN temporal_call
rule 155  function_call0 -> function_name _LEFTPAREN expr_commalist _RIGHTPAREN temporal_call
rule 156  function_call -> function_name _LEFTPAREN _RIGHTPAREN
rule 157  function_call -> function_name _LEFTPAREN select_stmt1 _RIGHTPAREN
rule 158  function_call -> function_name _LEFTPAREN expr_commalist _RIGHTPAREN
rule 159  function_call -> function_name _LEFTPAREN _RIGHTPAREN temporal_call
rule 160  function_call -> function_name _LEFTPAREN expr_commalist _RIGHTPAREN temporal_call
rule 161  function_call -> _VSELECT distinct_spec select_item_commalist into_clause for_each_clause where_clause
rule 162  casting -> _CAST _LEFTPAREN simple_expr _AS type_name _RIGHTPAREN
rule 163  temporal_call -> _ALPHAB temporal_expr
rule 164  temporal_call -> _WITHIN within_expr
rule 165  temporal_value -> timeval_expr
rule 166  temporal_value -> timeinterval_expr
rule 167  temporal_value -> date_expr
rule 168  temporal_value -> time_expr
rule 169  timeval_expr -> _BAR _INTEGER_CONST _MINUS _INTEGER_CONST _MINUS _INTEGER_CONST _DIVIDE _INTEGER_CONST _COLON _INTEGER_CONST _COLON _INTEGER_CONST _BAR
rule 170  timeinterval_expr -> _BAR _LEFTBRACKET simple_expr _COMMA simple_expr timeval_leftclosed_end _BAR
rule 171  timeinterval_expr -> _BAR _LEFTPAREN simple_expr _COMMA simple_expr timeval_leftopen_end _BAR
rule 172  timeval_leftclosed_end -> _RIGHTBRACKET
rule 173  timeval_leftclosed_end -> _RIGHTPAREN
rule 174  timeval_leftopen_end -> _RIGHTBRACKET
rule 175  timeval_leftopen_end -> _RIGHTPAREN
rule 176  date_expr -> _BAR _INTEGER_CONST _MINUS _INTEGER_CONST _MINUS _INTEGER_CONST _BAR
rule 177  time_expr -> _BAR _INTEGER_CONST _COLON _INTEGER_CONST _COLON _INTEGER_CONST _BAR
rule 178  temporal_expr -> tuple_simple_expr
rule 179  within_expr -> timeinterval_expr
rule 180  tuple_simple_expr -> gen_variable_name
rule 181  tuple_simple_expr -> constant
rule 182  tuple_simple_expr -> bag_value
rule 183  tuple_simple_expr -> vector_construction
rule 184  tuple_simple_expr -> temporal_value
rule 185  tuple_simple_expr -> casting
rule 186  tuple_simple_expr -> tuple_vector_reference
rule 187  tuple_simple_expr -> tuple_simple_expr _DIVIDE tuple_simple_expr
rule 188  tuple_simple_expr -> tuple_simple_expr _CARET tuple_simple_expr
rule 189  tuple_simple_expr -> tuple_simple_expr _DOTCARET tuple_simple_expr
rule 190  tuple_simple_expr -> tuple_simple_expr _DOTDIVIDE tuple_simple_expr
rule 191  tuple_simple_expr -> tuple_simple_expr _TIMES tuple_simple_expr
rule 192  tuple_simple_expr -> tuple_simple_expr _DOTTIMES tuple_simple_expr
rule 193  tuple_simple_expr -> tuple_simple_expr _PLUS tuple_simple_expr
rule 194  tuple_simple_expr -> tuple_simple_expr _MINUS tuple_simple_expr
rule 195  tuple_simple_expr -> function_call
rule 196  tuple_simple_expr -> _MINUS simple_expr
rule 197  tuple_simple_expr -> _HASH _STRING_CONST
rule 198  simple_expr -> gen_variable_name
rule 199  simple_expr -> constant
rule 200  simple_expr -> bag_value
rule 201  simple_expr -> vector_construction
rule 202  simple_expr -> record_construction
rule 203  simple_expr -> temporal_value
rule 204  simple_expr -> casting
rule 205  simple_expr -> vector_reference
rule 206  simple_expr -> function_call
rule 207  simple_expr -> _LESS tuple_commalist _GREATER
rule 208  simple_expr -> _LEFTPAREN expr_commalist _RIGHTPAREN
rule 209  simple_expr -> simple_expr _DIVIDE simple_expr
rule 210  simple_expr -> simple_expr _CARET simple_expr
rule 211  simple_expr -> simple_expr _DOTCARET simple_expr
rule 212  simple_expr -> simple_expr _DOTDIVIDE simple_expr
rule 213  simple_expr -> simple_expr _TIMES simple_expr
rule 214  simple_expr -> simple_expr _DOTTIMES simple_expr
rule 215  simple_expr -> simple_expr _PLUS simple_expr
rule 216  simple_expr -> simple_expr _MINUS simple_expr
rule 217  simple_expr -> simple_expr _AND simple_expr
rule 218  simple_expr -> simple_expr _OR simple_expr
rule 219  simple_expr -> simple_expr _EQUAL simple_expr
rule 220  simple_expr -> simple_expr _LESSEQ simple_expr
rule 221  simple_expr -> simple_expr _LESS simple_expr
rule 222  simple_expr -> simple_expr _GREATEREQ simple_expr
rule 223  simple_expr -> simple_expr _GREATER simple_expr
rule 224  simple_expr -> simple_expr _UNEQUAL simple_expr
rule 225  simple_expr -> simple_expr _IN simple_expr
rule 226  simple_expr -> _MINUS simple_expr
rule 227  simple_expr -> _LEFTPAREN simple_expr _RIGHTPAREN
rule 228  simple_expr -> _HASH _STRING_CONST
rule 229  simple_expr -> _LEFTPAREN select_stmt _RIGHTPAREN
rule 230  expr_commalist -> simple_expr
rule 231  expr_commalist -> expr_commalist _COMMA simple_expr
rule 232  tuple_commalist -> tuple_simple_expr
rule 233  tuple_commalist -> tuple_commalist _COMMA tuple_simple_expr
rule 234  bag_value -> _BAG _LEFTPAREN expr_commalist _RIGHTPAREN
rule 235  bag_value -> _BAG _LEFTPAREN _RIGHTPAREN
rule 236  record_construction -> _LEFTCURL pair_commalist _RIGHTCURL
rule 237  pair_commalist -> pair
rule 238  pair_commalist -> pair_commalist _COMMA pair
rule 239  pair -> _STRING_CONST _COLON simple_expr
rule 240  vector_construction -> _LEFTCURL expr_commalist _RIGHTCURL
rule 241  vector_construction -> _LEFTCURL _RIGHTCURL
rule 242  vector_construction -> _VECTOR _LEFTPAREN expr_commalist _RIGHTPAREN
rule 243  vector_construction -> _VECTOR _LEFTPAREN _RIGHTPAREN
rule 244  vector_reference -> simple_expr _LEFTBRACKET simple_expr _RIGHTBRACKET
rule 245  tuple_vector_reference -> tuple_simple_expr _LEFTBRACKET tuple_simple_expr _RIGHTBRACKET
rule 246  init_value -> simple_expr
rule 247  create_rule_stmt -> _CREATE _RULE rule_name argl_spec rule_implementation
rule 248  rule_name -> _ID
rule 249  simple_event -> _UPDATED _LEFTPAREN event_function_call _RIGHTPAREN
rule 250  simple_event -> _ADDED _LEFTPAREN event_function_call _RIGHTPAREN
rule 251  simple_event -> _REMOVED _LEFTPAREN event_function_call _RIGHTPAREN
rule 252  simple_event -> _CREATED _LEFTPAREN variable_name _RIGHTPAREN
rule 253  simple_event -> _DELETED _LEFTPAREN variable_name _RIGHTPAREN
rule 254  event_function_call -> function_name _LEFTPAREN _RIGHTPAREN
rule 255  event_function_call -> function_name _LEFTPAREN variable_name_commalist _RIGHTPAREN
rule 256  event_function_call -> function_name _LEFTPAREN _RIGHTPAREN temporal_call
rule 257  event_function_call -> function_name _LEFTPAREN variable_name_commalist _RIGHTPAREN temporal_call
rule 258  composite_event -> simple_event
rule 259  composite_event -> composite_event _AFTER composite_event
rule 260  composite_event -> composite_event _BEFORE composite_event
rule 261  composite_event -> composite_event _AND composite_event
rule 262  composite_event -> composite_event _OR composite_event
rule 263  composite_event -> _ANDNOT composite_event
rule 264  composite_event -> _LEFTPAREN composite_event _RIGHTPAREN
rule 265  event_specification -> composite_event
rule 266  rule_implementation -> _AS for_each_clause _ON event_specification _WHEN simple_expr _DO procedure_body_stmt
rule 267  rule_implementation -> _AS for_each_clause _WHEN simple_expr _DO procedure_body_stmt
rule 268  rule_implementation -> _AS for_each_clause _ON event_specification _DO procedure_body_stmt
rule 269  rule_implementation -> _AS _ON event_specification _WHEN simple_expr _DO procedure_body_stmt
rule 270  rule_implementation -> _AS _WHEN simple_expr _DO procedure_body_stmt
rule 271  rule_implementation -> _AS _ON event_specification _DO procedure_body_stmt
rule 272  delete_rule_stmt -> _DELETE _RULE rule_name
rule 273  activate_rule_stmt -> _ACTIVATE _RULE rule_name _LEFTPAREN _RIGHTPAREN
rule 274  activate_rule_stmt -> _ACTIVATE _RULE rule_name _LEFTPAREN _RIGHTPAREN activation_props
rule 275  activate_rule_stmt -> _ACTIVATE _RULE rule_name _LEFTPAREN expr_commalist _RIGHTPAREN
rule 276  activate_rule_stmt -> _ACTIVATE _RULE rule_name _LEFTPAREN expr_commalist _RIGHTPAREN activation_props
rule 277  activation_props -> _PRIORITY _INTEGER_CONST
rule 278  activation_props -> _STRICT
rule 279  activation_props -> _PRIORITY _INTEGER_CONST _STRICT
rule 280  activation_props -> _STRICT _PRIORITY _INTEGER_CONST
rule 281  deactivate_rule_stmt -> _DEACTIVATE _RULE rule_name _LEFTPAREN _RIGHTPAREN
rule 282  deactivate_rule_stmt -> _DEACTIVATE _RULE rule_name _LEFTPAREN expr_commalist _RIGHTPAREN
rule 283  open_cursor_stmt -> _OPEN cursor_name _FOR simple_expr
rule 284  cursor_name -> gen_variable_name
rule 285  fetch_cursor_stmt -> _FETCH cursor_name into_clause1
rule 286  close_cursor_stmt -> _CLOSE cursor_name
rule 287  update_stmt -> _SET update_item for_each_clause where_clause
rule 288  update_stmt -> _ADD update_item for_each_clause where_clause
rule 289  update_stmt -> _ADD _TYPE _ID _TO initialize_commalist
rule 290  update_stmt -> _ADD _TYPE _ID _LEFTPAREN function_name_commalist _RIGHTPAREN _TO initialize_commalist
rule 291  update_stmt -> _ADD _TYPE _ID _PROPERTIES _LEFTPAREN function_name_commalist _RIGHTPAREN _TO initialize_commalist
rule 292  update_stmt -> _REMOVE update_item for_each_clause where_clause
rule 293  update_stmt -> _REMOVE _TYPE _ID _FROM gen_variable_name_commalist
rule 294  update_item -> function_call0 _EQUAL init_value
rule 295  start -> top
rule 296  start -> error end_char
rule 297  end_char -> _SEMICOLON
rule 298  end_char -> _EOF
rule 299  top -> _SEMICOLON
rule 300  top -> lisp_stmt _SEMICOLON
rule 301  top -> osql_stmt _SEMICOLON
rule 302  top -> _EOF
rule 303  osql_stmt -> procedure_stmt
rule 304  osql_stmt -> create_type_stmt
rule 305  osql_stmt -> create_derived_type_stmt
rule 306  osql_stmt -> create_function_stmt
rule 307  osql_stmt -> create_rule_stmt
rule 308  osql_stmt -> delete_type_stmt
rule 309  osql_stmt -> delete_function_stmt
rule 310  osql_stmt -> delete_rule_stmt
rule 311  osql_stmt -> declare_stmt
rule 312  osql_stmt -> logging
rule 313  osql_stmt -> image_size
rule 314  osql_stmt -> save_stmt
rule 315  osql_stmt -> redirect_stmt
rule 316  osql_stmt -> quit_stmt
rule 317  osql_stmt -> exit_stmt
rule 318  osql_stmt -> general_expr_query
rule 319  general_expr_query -> simple_expr
rule 320  general_expr_test -> general_expr_query
rule 321  interface_variable_declaration -> type_name interface_variable_name
rule 322  interface_variable_declaration_commalist -> interface_variable_declaration
rule 323  interface_variable_declaration_commalist -> interface_variable_declaration_commalist _COMMA interface_variable_declaration
rule 324  declare_stmt -> _DECLARE interface_variable_declaration_commalist
rule 325  procedure_body_stmt -> procedure_stmt
rule 326  procedure_body_stmt -> function_call
rule 327  procedure_body_stmt_semicolonlist -> procedure_body_stmt
rule 328  procedure_body_stmt_semicolonlist -> procedure_body_stmt_semicolonlist _SEMICOLON procedure_body_stmt
rule 329  block -> _BEGIN block_body
rule 330  block_body ->		/* empty */
rule 331  block_body -> _DECLARE variable_declaration_commalist _SEMICOLON procedure_body_stmt_semicolonlist end_stmt
rule 332  block_body -> procedure_body_stmt_semicolonlist end_stmt
rule 333  block_body -> end_stmt
rule 334  end_stmt -> _END
rule 335  end_stmt -> _SEMICOLON _END
rule 336  set_variable_stmt -> _SET gen_variable_name _EQUAL simple_expr
rule 337  set_variable_stmt -> _SET _LEFTPAREN gen_variable_name_commalist _RIGHTPAREN _EQUAL simple_expr
rule 338  procedure_stmt -> procedure_stmt1
rule 339  procedure_stmt -> select_stmt
rule 340  procedure_stmt1 -> block
rule 341  procedure_stmt1 -> create_object_stmt
rule 342  procedure_stmt1 -> delete_object_stmt
rule 343  procedure_stmt1 -> for_each_stmt
rule 344  procedure_stmt1 -> update_stmt
rule 345  procedure_stmt1 -> set_variable_stmt
rule 346  procedure_stmt1 -> fetch_cursor_stmt
rule 347  procedure_stmt1 -> open_cursor_stmt
rule 348  procedure_stmt1 -> close_cursor_stmt
rule 349  procedure_stmt1 -> if_stmt
rule 350  procedure_stmt1 -> result_stmt
rule 351  procedure_stmt1 -> activate_rule_stmt
rule 352  procedure_stmt1 -> deactivate_rule_stmt
rule 353  procedure_stmt1 -> while_stmt
rule 354  procedure_stmt1 -> loop_stmt
rule 355  procedure_stmt1 -> _LEAVE
rule 356  procedure_stmt1 -> commit_stmt
rule 357  procedure_stmt1 -> rollback_stmt
rule 358  procedure_stmt1 -> _ID
rule 359  while_stmt -> _WHILE simple_expr _DO block_body _WHILE
rule 360  loop_stmt -> _LOOP block_body _LOOP
rule 361  if_stmt -> _IF general_expr_test _THEN procedure_body_stmt
rule 362  if_stmt -> _IF general_expr_test _THEN procedure_body_stmt _ELSE procedure_body_stmt
rule 363  result_stmt -> _RETURN init_value
rule 364  for_each_option ->		/* empty */
rule 365  for_each_option -> _DISTINCT
rule 366  for_each_option -> _ORIGINAL
rule 367  for_each_stmt -> _FOR _EACH for_each_option for_each_vars where_clause procedure_body_stmt
rule 368  for_each_vars ->		/* empty */
rule 369  for_each_vars -> variable_declaration_commalist
rule 370  logging -> _LOGGING toggle
rule 371  toggle -> _ON
rule 372  toggle -> _OFF
rule 373  image_size -> _IMAGESIZE _INTEGER_CONST
rule 374  save_stmt -> _SAVE _STRING_CONST
rule 375  redirect_stmt -> _LESS _STRING_CONST
rule 376  commit_stmt -> _COMMIT
rule 377  rollback_stmt -> _ROLLBACK
rule 378  rollback_stmt -> _ROLLBACK _INTEGER_CONST
rule 379  lisp_stmt -> _LISP
rule 380  quit_stmt -> _QUIT
rule 381  exit_stmt -> _EXIT

Terminals, with rules where they appear

$ (-1)
error (256) 296
_INTEGER_CONST (258) 5 8 9 169 176 177 277 279 280 373 378
_REAL_CONST (259) 6
_BOOLEAN_CONST (260) 2
_STRING_CONST (261) 3 9 103 107 109 110 136 197 228 239 374 375
_ID (262) 10 11 18 30 31 42 43 44 45 79 80 123 124 248 289 290 291
    293 358
_IVAR (263) 21
_PLUS (264) 193 215
_MINUS (265) 169 176 194 196 216 226
_TIMES (266) 191 213
_DIVIDE (267) 169 187 209
_DOTTIMES (268) 192 214
_DOTDIVIDE (269) 190 212
_CARET (270) 188 210
_DOTCARET (271) 189 211
_AND (272) 217 261
_OR (273) 218 262
_EQUAL (274) 61 219 294 336 337
_LESS (275) 38 95 207 221 375
_GREATER (276) 38 95 207 223
_LESSEQ (277) 220
_GREATEREQ (278) 222
_UNEQUAL (279) 224
_LEFTPAREN (280) 39 63 72 83 84 96 107 124 129 130 152 153 154 155
    156 157 158 159 160 162 171 208 227 229 234 235 242 243 249 250
    251 252 253 254 255 256 257 264 273 274 275 276 281 282 290 291
    337
_RIGHTPAREN (281) 39 63 72 83 84 96 107 124 129 130 152 153 154 155
    156 157 158 159 160 162 173 175 208 227 229 234 235 242 243 249
    250 251 252 253 254 255 256 257 264 273 274 275 276 281 282 290
    291 337
_LEFTBRACKET (282) 170 244 245
_RIGHTBRACKET (283) 4 172 174 244 245
_LEFTCURL (284) 116 236 240 241
_RIGHTCURL (285) 116 236 240 241
_COMMA (286) 11 20 25 29 58 78 89 116 121 126 132 149 170 171 231 233
    238 323
_DOT (287) 14
_SEMICOLON (288) 68 297 299 300 301 328 331 335
_COLON (289) 66 169 177 239
_BAR (290) 169 170 171 176 177
_BEGIN (291) 329
_DECLARE (292) 324 331
_END (293) 63 334 335
_CREATE (294) 41 42 43 44 45 123 124 247
_DELETE (295) 79 122 133 272
_SET (296) 287 336 337
_ADD (297) 288 289 290 291
_TO (298) 289 290 291
_REMOVE (299) 292 293
_FROM (300) 145 293
_ARROW (301) 16 82
_AS (302) 98 99 100 101 102 162 266 267 268 269 270 271
_KEY (303) 54 74 111
_NONKEY (304) 75
_STORED (305) 98
_FOREIGN (306) 103 110
_TYPE (307) 34 42 43 44 45 79 289 290 291 293
_SUBTYPE (308) 43 47
_UNDER (309) 44 48
_SUPERTYPE (310) 56
_FUNCTION (311) 32 82 122
_FUNCTIONS (312) 63
_ON (313) 266 268 269 271 371
_OFF (314) 372
_PROPERTIES (315) 72 291
_INSTANCES (316) 127
_RULE (317) 33 247 272 273 274 275 276 281 282
_WHEN (318) 266 267 269 270
_DO (319) 266 267 268 269 270 271 359
_ACTIVATE (320) 273 274 275 276
_DEACTIVATE (321) 281 282
_PRIORITY (322) 277 279 280
_STRICT (323) 278 279 280
_MULTIDIRECTIONAL (324) 104
_SELECT (325) 137
_DISTINCT (326) 139 365
_ORIGINAL (327) 366
_FOR (328) 283 367
_EACH (329) 367
_WHERE (330) 49 151
_BAG (331) 35 90 91 234 235
_OF (332) 40 43 47 56 90 91
_VECTOR (333) 36 242 243
_RETURN (334) 363
_HASH (335) 197 228
_VSELECT (336) 161
_COST (337) 108
_REWRITER (338) 109
_VALIDATE (339) 52
_CASE (340) 66
_IF (341) 361 362
_THEN (342) 361 362
_ELSE (343) 362
_OPEN (344) 283
_INTO (345) 141 143
_CLOSE (346) 286
_FETCH (347) 285
_SAVE (348) 374
_EXIT (349) 381
_LOGGING (350) 370
_IMAGESIZE (351) 373
_COMMIT (352) 376
_ROLLBACK (353) 377 378
_LISP (354) 379
_QUIT (355) 380
_EOF (356) 298 302
_AT (357) 134
_ALPHAB (358) 31 163
_WITHIN (359) 164
_DERIVED (360) 45
_UPDATED (361) 249
_ADDED (362) 250
_REMOVED (363) 251
_CREATED (364) 252
_DELETED (365) 253
_AFTER (366) 259
_BEFORE (367) 260
_OIDTAG (368) 4
_CAST (369) 162
_IN (370) 17 81 225
_LOOP (371) 360
_WHILE (372) 359
_LEAVE (373) 355
_TPL (374)
_ANDNOT (375) 263
_UMINUS (376)

Nonterminals, with rules where they appear

constant (122)
    on left: 1 2 3 4, on right: 181 199
numeric_constant (123)
    on left: 5 6, on right: 1 116
oid_descr (124)
    on left: 7 8 9, on right: 4
id_commalist (125)
    on left: 10 11, on right: 11 43 44 66
id_dotlist (126)
    on left: 12 14, on right: 14 15 16
@1 (127)
    on left: 13, on right: 14
function_name (128)
    on left: 15 16 17 80 81, on right: 76 82 115 122 125 126 152 153
    154 155 156 157 158 159 160 254 255 256 257
variable_name (129)
    on left: 18, on right: 19 20 22 85 146 252 253
variable_name_commalist (130)
    on left: 19 20, on right: 20 255 257
interface_variable_name (131)
    on left: 21, on right: 23 321
gen_variable_name (132)
    on left: 22 23, on right: 24 25 59 70 128 130 133 180 198 284 336
gen_variable_name_commalist (133)
    on left: 24 25, on right: 25 141 143 293 337
type_name (134)
    on left: 26 27, on right: 28 29 37 59 85 86 146 147 162 321
type_name_commalist (135)
    on left: 28 29, on right: 29 38 39
simple_type (136)
    on left: 30 31 32 33 34 35 36, on right: 12 14 26 40
tuple_type (137)
    on left: 37 38 39, on right: 40
aggr_type (138)
    on left: 40, on right: 27
create_keyword (139)
    on left: 41, on right: 82
create_type_stmt (140)
    on left: 42 43 44, on right: 304
create_derived_type_stmt (141)
    on left: 45, on right: 305
derived_subtypeof_clause (142)
    on left: 46 47 48, on right: 45
derived_subtypeof_cond (143)
    on left: 49 50, on right: 47 48
validate_clause (144)
    on left: 51 52, on right: 49 50
derived_key_clause (145)
    on left: 53 54, on right: 45
derived_supertypeof_clause (146)
    on left: 55 56, on right: 45
st_list (147)
    on left: 57 58, on right: 56 58
st_entry (148)
    on left: 59, on right: 57 58
optional_expr (149)
    on left: 60 61, on right: 59 70
functions_clause (150)
    on left: 62 63, on right: 56
case_list (151)
    on left: 64 65, on right: 63 65
case_entry (152)
    on left: 66, on right: 64 65
case_func_def_list (153)
    on left: 67 68, on right: 66 68
case_func_def (154)
    on left: 69 70, on right: 67 68
properties (155)
    on left: 71 72, on right: 42 43 44 45
key_spec (156)
    on left: 73 74 75, on right: 76 85 86
prop_function (157)
    on left: 76, on right: 77 78
prop_function_commalist (158)
    on left: 77 78, on right: 63 72 78
delete_type_stmt (159)
    on left: 79, on right: 308
create_function_stmt (160)
    on left: 82, on right: 306
argl_spec (161)
    on left: 83 84, on right: 82 247
arg_spec (162)
    on left: 85 86, on right: 87 89 90 92
arg_spec_commalist (163)
    on left: 87 89, on right: 84 89 95 96
@2 (164)
    on left: 88, on right: 89
res_spec (165)
    on left: 90 91 92, on right: 76 93
resl_spec (166)
    on left: 93 94, on right: 82
tuple_result_spec (167)
    on left: 95 96, on right: 91 94
fn_implementation (168)
    on left: 97 98 99 100 101 102, on right: 76 82
foreign_body (169)
    on left: 103 104, on right: 102
muldir_list (170)
    on left: 105 106, on right: 104 106
muldir_item (171)
    on left: 107, on right: 105 106
multidir_option (172)
    on left: 108 109 110 111 112, on right: 113 114
multidir_options (173)
    on left: 113 114, on right: 107 114
cost_model (174)
    on left: 115 116, on right: 108
select_item (175)
    on left: 117, on right: 120 121
select_item_commalist (176)
    on left: 118 119, on right: 121 137 161
select_item_commalist1 (177)
    on left: 120 121, on right: 118
delete_function_stmt (178)
    on left: 122, on right: 309
create_object_stmt (179)
    on left: 123 124, on right: 341
function_name_commalist (180)
    on left: 125 126, on right: 124 126 290 291
new_instances (181)
    on left: 127, on right: 123 124
initialize (182)
    on left: 128 129 130, on right: 131 132
initialize_commalist (183)
    on left: 131 132, on right: 127 132 289 290 291
delete_object_stmt (184)
    on left: 133, on right: 342
select_stmt (185)
    on left: 134 135, on right: 100 229 339
database_id (186)
    on left: 136, on right: 134
select_stmt1 (187)
    on left: 137, on right: 112 134 135 157
distinct_spec (188)
    on left: 138 139, on right: 137 161
into_clause (189)
    on left: 140 141, on right: 137 161
into_clause1 (190)
    on left: 142 143, on right: 285
for_each_clause (191)
    on left: 144 145, on right: 137 161 266 267 268 287 288 292
variable_declaration (192)
    on left: 146 147, on right: 148 149
variable_declaration_commalist (193)
    on left: 148 149, on right: 47 48 54 145 149 331 369
where_clause (194)
    on left: 150 151, on right: 137 161 287 288 292 367
function_call0 (195)
    on left: 152 153 154 155, on right: 294
function_call (196)
    on left: 156 157 158 159 160 161, on right: 195 206 326
casting (197)
    on left: 162, on right: 185 204
temporal_call (198)
    on left: 163 164, on right: 154 155 159 160 256 257
temporal_value (199)
    on left: 165 166 167 168, on right: 184 203
timeval_expr (200)
    on left: 169, on right: 165
timeinterval_expr (201)
    on left: 170 171, on right: 166 179
timeval_leftclosed_end (202)
    on left: 172 173, on right: 170
timeval_leftopen_end (203)
    on left: 174 175, on right: 171
date_expr (204)
    on left: 176, on right: 167
time_expr (205)
    on left: 177, on right: 168
temporal_expr (206)
    on left: 178, on right: 163
within_expr (207)
    on left: 179, on right: 164
tuple_simple_expr (208)
    on left: 180 181 182 183 184 185 186 187 188 189 190 191 192 193
    194 195 196 197, on right: 178 187 188 189 190 191 192 193 194
    232 233 245
simple_expr (209)
    on left: 198 199 200 201 202 203 204 205 206 207 208 209 210 211
    212 213 214 215 216 217 218 219 220 221 222 223 224 225 226 227
    228 229, on right: 49 52 61 99 117 151 162 170 171 196 209 210
    211 212 213 214 215 216 217 218 219 220 221 222 223 224 225 226
    227 230 231 239 244 246 266 267 269 270 283 319 336 337 359
expr_commalist (210)
    on left: 230 231, on right: 129 130 153 155 158 160 208 231 234
    240 242 275 276 282
tuple_commalist (211)
    on left: 232 233, on right: 207 233
bag_value (212)
    on left: 234 235, on right: 182 200
record_construction (213)
    on left: 236, on right: 202
pair_commalist (214)
    on left: 237 238, on right: 236 238
pair (215)
    on left: 239, on right: 237 238
vector_construction (216)
    on left: 240 241 242 243, on right: 183 201
vector_reference (217)
    on left: 244, on right: 205
tuple_vector_reference (218)
    on left: 245, on right: 186
init_value (219)
    on left: 246, on right: 294 363
create_rule_stmt (220)
    on left: 247, on right: 307
rule_name (221)
    on left: 248, on right: 247 272 273 274 275 276 281 282
simple_event (222)
    on left: 249 250 251 252 253, on right: 258
event_function_call (223)
    on left: 254 255 256 257, on right: 249 250 251
composite_event (224)
    on left: 258 259 260 261 262 263 264, on right: 259 260 261 262
    263 264 265
event_specification (225)
    on left: 265, on right: 266 268 269 271
rule_implementation (226)
    on left: 266 267 268 269 270 271, on right: 247
delete_rule_stmt (227)
    on left: 272, on right: 310
activate_rule_stmt (228)
    on left: 273 274 275 276, on right: 351
activation_props (229)
    on left: 277 278 279 280, on right: 274 276
deactivate_rule_stmt (230)
    on left: 281 282, on right: 352
open_cursor_stmt (231)
    on left: 283, on right: 347
cursor_name (232)
    on left: 284, on right: 283 285 286
fetch_cursor_stmt (233)
    on left: 285, on right: 346
close_cursor_stmt (234)
    on left: 286, on right: 348
update_stmt (235)
    on left: 287 288 289 290 291 292 293, on right: 344
update_item (236)
    on left: 294, on right: 287 288 292
start (237)
    on left: 295 296
end_char (238)
    on left: 297 298, on right: 296
top (239)
    on left: 299 300 301 302, on right: 295
osql_stmt (240)
    on left: 303 304 305 306 307 308 309 310 311 312 313 314 315 316
    317 318, on right: 301
general_expr_query (241)
    on left: 319, on right: 318 320
general_expr_test (242)
    on left: 320, on right: 361 362
interface_variable_declaration (243)
    on left: 321, on right: 322 323
interface_variable_declaration_commalist (244)
    on left: 322 323, on right: 323 324
declare_stmt (245)
    on left: 324, on right: 311
procedure_body_stmt (246)
    on left: 325 326, on right: 266 267 268 269 270 271 327 328 361
    362 367
procedure_body_stmt_semicolonlist (247)
    on left: 327 328, on right: 328 331 332
block (248)
    on left: 329, on right: 340
block_body (249)
    on left: 330 331 332 333, on right: 329 359 360
end_stmt (250)
    on left: 334 335, on right: 331 332 333
set_variable_stmt (251)
    on left: 336 337, on right: 345
procedure_stmt (252)
    on left: 338 339, on right: 303 325
procedure_stmt1 (253)
    on left: 340 341 342 343 344 345 346 347 348 349 350 351 352 353
    354 355 356 357 358, on right: 101 338
while_stmt (254)
    on left: 359, on right: 353
loop_stmt (255)
    on left: 360, on right: 354
if_stmt (256)
    on left: 361 362, on right: 349
result_stmt (257)
    on left: 363, on right: 350
for_each_option (258)
    on left: 364 365 366, on right: 367
for_each_stmt (259)
    on left: 367, on right: 343
for_each_vars (260)
    on left: 368 369, on right: 367
logging (261)
    on left: 370, on right: 312
toggle (262)
    on left: 371 372, on right: 370
image_size (263)
    on left: 373, on right: 313
save_stmt (264)
    on left: 374, on right: 314
redirect_stmt (265)
    on left: 375, on right: 315
commit_stmt (266)
    on left: 376, on right: 356
rollback_stmt (267)
    on left: 377 378, on right: 357
lisp_stmt (268)
    on left: 379, on right: 300
quit_stmt (269)
    on left: 380, on right: 316
exit_stmt (270)
    on left: 381, on right: 317


state 0

    error	shift, and go to state 1
    _INTEGER_CONST	shift, and go to state 2
    _REAL_CONST	shift, and go to state 3
    _BOOLEAN_CONST	shift, and go to state 4
    _STRING_CONST	shift, and go to state 5
    _ID 	shift, and go to state 6
    _IVAR	shift, and go to state 7
    _MINUS	shift, and go to state 8
    _LESS	shift, and go to state 9
    _LEFTPAREN	shift, and go to state 10
    _LEFTCURL	shift, and go to state 11
    _SEMICOLON	shift, and go to state 12
    _BAR	shift, and go to state 13
    _BEGIN	shift, and go to state 14
    _DECLARE	shift, and go to state 15
    _CREATE	shift, and go to state 16
    _DELETE	shift, and go to state 17
    _SET	shift, and go to state 18
    _ADD	shift, and go to state 19
    _REMOVE	shift, and go to state 20
    _TYPE	shift, and go to state 21
    _FUNCTION	shift, and go to state 22
    _RULE	shift, and go to state 23
    _ACTIVATE	shift, and go to state 24
    _DEACTIVATE	shift, and go to state 25
    _SELECT	shift, and go to state 26
    _FOR	shift, and go to state 27
    _BAG	shift, and go to state 28
    _VECTOR	shift, and go to state 29
    _RETURN	shift, and go to state 30
    _HASH	shift, and go to state 31
    _VSELECT	shift, and go to state 32
    _IF 	shift, and go to state 33
    _OPEN	shift, and go to state 34
    _CLOSE	shift, and go to state 35
    _FETCH	shift, and go to state 36
    _SAVE	shift, and go to state 37
    _EXIT	shift, and go to state 38
    _LOGGING	shift, and go to state 39
    _IMAGESIZE	shift, and go to state 40
    _COMMIT	shift, and go to state 41
    _ROLLBACK	shift, and go to state 42
    _LISP	shift, and go to state 43
    _QUIT	shift, and go to state 44
    _EOF	shift, and go to state 45
    _AT 	shift, and go to state 46
    _OIDTAG	shift, and go to state 47
    _CAST	shift, and go to state 48
    _IN 	shift, and go to state 49
    _LOOP	shift, and go to state 50
    _WHILE	shift, and go to state 51
    _LEAVE	shift, and go to state 52

    constant	go to state 53
    numeric_constant	go to state 54
    id_dotlist	go to state 55
    function_name	go to state 56
    variable_name	go to state 57
    interface_variable_name	go to state 58
    gen_variable_name	go to state 59
    simple_type	go to state 60
    create_keyword	go to state 61
    create_type_stmt	go to state 62
    create_derived_type_stmt	go to state 63
    delete_type_stmt	go to state 64
    create_function_stmt	go to state 65
    delete_function_stmt	go to state 66
    create_object_stmt	go to state 67
    delete_object_stmt	go to state 68
    select_stmt	go to state 69
    select_stmt1	go to state 70
    function_call	go to state 71
    casting	go to state 72
    temporal_value	go to state 73
    timeval_expr	go to state 74
    timeinterval_expr	go to state 75
    date_expr	go to state 76
    time_expr	go to state 77
    simple_expr	go to state 78
    bag_value	go to state 79
    record_construction	go to state 80
    vector_construction	go to state 81
    vector_reference	go to state 82
    create_rule_stmt	go to state 83
    delete_rule_stmt	go to state 84
    activate_rule_stmt	go to state 85
    deactivate_rule_stmt	go to state 86
    open_cursor_stmt	go to state 87
    fetch_cursor_stmt	go to state 88
    close_cursor_stmt	go to state 89
    update_stmt	go to state 90
    start	go to state 717
    top 	go to state 91
    osql_stmt	go to state 92
    general_expr_query	go to state 93
    declare_stmt	go to state 94
    block	go to state 95
    set_variable_stmt	go to state 96
    procedure_stmt	go to state 97
    procedure_stmt1	go to state 98
    while_stmt	go to state 99
    loop_stmt	go to state 100
    if_stmt	go to state 101
    result_stmt	go to state 102
    for_each_stmt	go to state 103
    logging	go to state 104
    image_size	go to state 105
    save_stmt	go to state 106
    redirect_stmt	go to state 107
    commit_stmt	go to state 108
    rollback_stmt	go to state 109
    lisp_stmt	go to state 110
    quit_stmt	go to state 111
    exit_stmt	go to state 112



state 1

    start  ->  error . end_char   (rule 296)

    _SEMICOLON	shift, and go to state 113
    _EOF	shift, and go to state 114

    end_char	go to state 115



state 2

    numeric_constant  ->  _INTEGER_CONST .   (rule 5)

    $default	reduce using rule 5 (numeric_constant)



state 3

    numeric_constant  ->  _REAL_CONST .   (rule 6)

    $default	reduce using rule 6 (numeric_constant)



state 4

    constant  ->  _BOOLEAN_CONST .   (rule 2)

    $default	reduce using rule 2 (constant)



state 5

    constant  ->  _STRING_CONST .   (rule 3)

    $default	reduce using rule 3 (constant)



state 6

    variable_name  ->  _ID .   (rule 18)
    simple_type  ->  _ID .   (rule 30)
    simple_type  ->  _ID . _ALPHAB _ID   (rule 31)
    function_name  ->  _ID .   (rule 80)
    procedure_stmt1  ->  _ID .   (rule 358)

    _ALPHAB	shift, and go to state 116

    _LEFTPAREN	reduce using rule 30 (simple_type)
    _LEFTPAREN	[reduce using rule 80 (function_name)]
    _RIGHTPAREN	reduce using rule 18 (variable_name)
    _RIGHTPAREN	[reduce using rule 358 (procedure_stmt1)]
    _COMMA	reduce using rule 18 (variable_name)
    _COMMA	[reduce using rule 358 (procedure_stmt1)]
    _DOT	reduce using rule 30 (simple_type)
    _SEMICOLON	reduce using rule 18 (variable_name)
    _SEMICOLON	[reduce using rule 358 (procedure_stmt1)]
    _ARROW	reduce using rule 30 (simple_type)
    $default	reduce using rule 18 (variable_name)



state 7

    interface_variable_name  ->  _IVAR .   (rule 21)

    $default	reduce using rule 21 (interface_variable_name)



state 8

    simple_expr  ->  _MINUS . simple_expr   (rule 226)

    _INTEGER_CONST	shift, and go to state 2
    _REAL_CONST	shift, and go to state 3
    _BOOLEAN_CONST	shift, and go to state 4
    _STRING_CONST	shift, and go to state 5
    _ID 	shift, and go to state 117
    _IVAR	shift, and go to state 7
    _MINUS	shift, and go to state 8
    _LESS	shift, and go to state 118
    _LEFTPAREN	shift, and go to state 10
    _LEFTCURL	shift, and go to state 11
    _BAR	shift, and go to state 13
    _TYPE	shift, and go to state 21
    _FUNCTION	shift, and go to state 22
    _RULE	shift, and go to state 23
    _BAG	shift, and go to state 28
    _VECTOR	shift, and go to state 29
    _HASH	shift, and go to state 31
    _VSELECT	shift, and go to state 32
    _OIDTAG	shift, and go to state 47
    _CAST	shift, and go to state 48
    _IN 	shift, and go to state 49

    constant	go to state 53
    numeric_constant	go to state 54
    id_dotlist	go to state 55
    function_name	go to state 56
    variable_name	go to state 57
    interface_variable_name	go to state 58
    gen_variable_name	go to state 59
    simple_type	go to state 60
    function_call	go to state 71
    casting	go to state 72
    temporal_value	go to state 73
    timeval_expr	go to state 74
    timeinterval_expr	go to state 75
    date_expr	go to state 76
    time_expr	go to state 77
    simple_expr	go to state 119
    bag_value	go to state 79
    record_construction	go to state 80
    vector_construction	go to state 81
    vector_reference	go to state 82



state 9

    simple_expr  ->  _LESS . tuple_commalist _GREATER   (rule 207)
    redirect_stmt  ->  _LESS . _STRING_CONST   (rule 375)

    _INTEGER_CONST	shift, and go to state 2
    _REAL_CONST	shift, and go to state 3
    _BOOLEAN_CONST	shift, and go to state 4
    _STRING_CONST	shift, and go to state 120
    _ID 	shift, and go to state 117
    _IVAR	shift, and go to state 7
    _MINUS	shift, and go to state 121
    _LEFTCURL	shift, and go to state 122
    _BAR	shift, and go to state 13
    _TYPE	shift, and go to state 21
    _FUNCTION	shift, and go to state 22
    _RULE	shift, and go to state 23
    _BAG	shift, and go to state 28
    _VECTOR	shift, and go to state 29
    _HASH	shift, and go to state 123
    _VSELECT	shift, and go to state 32
    _OIDTAG	shift, and go to state 47
    _CAST	shift, and go to state 48
    _IN 	shift, and go to state 49

    constant	go to state 124
    numeric_constant	go to state 54
    id_dotlist	go to state 55
    function_name	go to state 56
    variable_name	go to state 57
    interface_variable_name	go to state 58
    gen_variable_name	go to state 125
    simple_type	go to state 60
    function_call	go to state 126
    casting	go to state 127
    temporal_value	go to state 128
    timeval_expr	go to state 74
    timeinterval_expr	go to state 75
    date_expr	go to state 76
    time_expr	go to state 77
    tuple_simple_expr	go to state 129
    tuple_commalist	go to state 130
    bag_value	go to state 131
    vector_construction	go to state 132
    tuple_vector_reference	go to state 133



state 10

    simple_expr  ->  _LEFTPAREN . expr_commalist _RIGHTPAREN   (rule 208)
    simple_expr  ->  _LEFTPAREN . simple_expr _RIGHTPAREN   (rule 227)
    simple_expr  ->  _LEFTPAREN . select_stmt _RIGHTPAREN   (rule 229)

    _INTEGER_CONST	shift, and go to state 2
    _REAL_CONST	shift, and go to state 3
    _BOOLEAN_CONST	shift, and go to state 4
    _STRING_CONST	shift, and go to state 5
    _ID 	shift, and go to state 117
    _IVAR	shift, and go to state 7
    _MINUS	shift, and go to state 8
    _LESS	shift, and go to state 118
    _LEFTPAREN	shift, and go to state 10
    _LEFTCURL	shift, and go to state 11
    _BAR	shift, and go to state 13
    _TYPE	shift, and go to state 21
    _FUNCTION	shift, and go to state 22
    _RULE	shift, and go to state 23
    _SELECT	shift, and go to state 26
    _BAG	shift, and go to state 28
    _VECTOR	shift, and go to state 29
    _HASH	shift, and go to state 31
    _VSELECT	shift, and go to state 32
    _AT 	shift, and go to state 46
    _OIDTAG	shift, and go to state 47
    _CAST	shift, and go to state 48
    _IN 	shift, and go to state 49

    constant	go to state 53
    numeric_constant	go to state 54
    id_dotlist	go to state 55
    function_name	go to state 56
    variable_name	go to state 57
    interface_variable_name	go to state 58
    gen_variable_name	go to state 59
    simple_type	go to state 60
    select_stmt	go to state 134
    select_stmt1	go to state 70
    function_call	go to state 71
    casting	go to state 72
    temporal_value	go to state 73
    timeval_expr	go to state 74
    timeinterval_expr	go to state 75
    date_expr	go to state 76
    time_expr	go to state 77
    simple_expr	go to state 135
    expr_commalist	go to state 136
    bag_value	go to state 79
    record_construction	go to state 80
    vector_construction	go to state 81
    vector_reference	go to state 82



state 11

    record_construction  ->  _LEFTCURL . pair_commalist _RIGHTCURL   (rule 236)
    vector_construction  ->  _LEFTCURL . expr_commalist _RIGHTCURL   (rule 240)
    vector_construction  ->  _LEFTCURL . _RIGHTCURL   (rule 241)

    _INTEGER_CONST	shift, and go to state 2
    _REAL_CONST	shift, and go to state 3
    _BOOLEAN_CONST	shift, and go to state 4
    _STRING_CONST	shift, and go to state 137
    _ID 	shift, and go to state 117
    _IVAR	shift, and go to state 7
    _MINUS	shift, and go to state 8
    _LESS	shift, and go to state 118
    _LEFTPAREN	shift, and go to state 10
    _LEFTCURL	shift, and go to state 11
    _RIGHTCURL	shift, and go to state 138
    _BAR	shift, and go to state 13
    _TYPE	shift, and go to state 21
    _FUNCTION	shift, and go to state 22
    _RULE	shift, and go to state 23
    _BAG	shift, and go to state 28
    _VECTOR	shift, and go to state 29
    _HASH	shift, and go to state 31
    _VSELECT	shift, and go to state 32
    _OIDTAG	shift, and go to state 47
    _CAST	shift, and go to state 48
    _IN 	shift, and go to state 49

    constant	go to state 53
    numeric_constant	go to state 54
    id_dotlist	go to state 55
    function_name	go to state 56
    variable_name	go to state 57
    interface_variable_name	go to state 58
    gen_variable_name	go to state 59
    simple_type	go to state 60
    function_call	go to state 71
    casting	go to state 72
    temporal_value	go to state 73
    timeval_expr	go to state 74
    timeinterval_expr	go to state 75
    date_expr	go to state 76
    time_expr	go to state 77
    simple_expr	go to state 139
    expr_commalist	go to state 140
    bag_value	go to state 79
    record_construction	go to state 80
    pair_commalist	go to state 141
    pair	go to state 142
    vector_construction	go to state 81
    vector_reference	go to state 82



state 12

    top  ->  _SEMICOLON .   (rule 299)

    $default	reduce using rule 299 (top)



state 13

    timeval_expr  ->  _BAR . _INTEGER_CONST _MINUS _INTEGER_CONST _MINUS _INTEGER_CONST _DIVIDE _INTEGER_CONST _COLON _INTEGER_CONST _COLON _INTEGER_CONST _BAR   (rule 169)
    timeinterval_expr  ->  _BAR . _LEFTBRACKET simple_expr _COMMA simple_expr timeval_leftclosed_end _BAR   (rule 170)
    timeinterval_expr  ->  _BAR . _LEFTPAREN simple_expr _COMMA simple_expr timeval_leftopen_end _BAR   (rule 171)
    date_expr  ->  _BAR . _INTEGER_CONST _MINUS _INTEGER_CONST _MINUS _INTEGER_CONST _BAR   (rule 176)
    time_expr  ->  _BAR . _INTEGER_CONST _COLON _INTEGER_CONST _COLON _INTEGER_CONST _BAR   (rule 177)

    _INTEGER_CONST	shift, and go to state 143
    _LEFTPAREN	shift, and go to state 144
    _LEFTBRACKET	shift, and go to state 145



state 14

    block  ->  _BEGIN . block_body   (rule 329)

    _ID 	shift, and go to state 146
    _SEMICOLON	shift, and go to state 147
    _BEGIN	shift, and go to state 14
    _DECLARE	shift, and go to state 148
    _END	shift, and go to state 149
    _CREATE	shift, and go to state 150
    _DELETE	shift, and go to state 151
    _SET	shift, and go to state 18
    _ADD	shift, and go to state 19
    _REMOVE	shift, and go to state 20
    _TYPE	shift, and go to state 21
    _FUNCTION	shift, and go to state 22
    _RULE	shift, and go to state 23
    _ACTIVATE	shift, and go to state 24
    _DEACTIVATE	shift, and go to state 25
    _SELECT	shift, and go to state 26
    _FOR	shift, and go to state 27
    _BAG	shift, and go to state 152
    _VECTOR	shift, and go to state 153
    _RETURN	shift, and go to state 30
    _VSELECT	shift, and go to state 32
    _IF 	shift, and go to state 33
    _OPEN	shift, and go to state 34
    _CLOSE	shift, and go to state 35
    _FETCH	shift, and go to state 36
    _COMMIT	shift, and go to state 41
    _ROLLBACK	shift, and go to state 42
    _AT 	shift, and go to state 46
    _IN 	shift, and go to state 49
    _LOOP	shift, and go to state 50
    _WHILE	shift, and go to state 51
    _LEAVE	shift, and go to state 52

    _SEMICOLON	[reduce using rule 330 (block_body)]
    _END	[reduce using rule 330 (block_body)]
    $default	reduce using rule 330 (block_body)

    id_dotlist	go to state 55
    function_name	go to state 56
    simple_type	go to state 60
    create_object_stmt	go to state 67
    delete_object_stmt	go to state 68
    select_stmt	go to state 69
    select_stmt1	go to state 70
    function_call	go to state 154
    activate_rule_stmt	go to state 85
    deactivate_rule_stmt	go to state 86
    open_cursor_stmt	go to state 87
    fetch_cursor_stmt	go to state 88
    close_cursor_stmt	go to state 89
    update_stmt	go to state 90
    procedure_body_stmt	go to state 155
    procedure_body_stmt_semicolonlist	go to state 156
    block	go to state 95
    block_body	go to state 157
    end_stmt	go to state 158
    set_variable_stmt	go to state 96
    procedure_stmt	go to state 159
    procedure_stmt1	go to state 98
    while_stmt	go to state 99
    loop_stmt	go to state 100
    if_stmt	go to state 101
    result_stmt	go to state 102
    for_each_stmt	go to state 103
    commit_stmt	go to state 108
    rollback_stmt	go to state 109



state 15

    declare_stmt  ->  _DECLARE . interface_variable_declaration_commalist   (rule 324)

    _ID 	shift, and go to state 160
    _TYPE	shift, and go to state 21
    _FUNCTION	shift, and go to state 22
    _RULE	shift, and go to state 23
    _BAG	shift, and go to state 152
    _VECTOR	shift, and go to state 153

    type_name	go to state 161
    simple_type	go to state 162
    aggr_type	go to state 163
    interface_variable_declaration	go to state 164
    interface_variable_declaration_commalist	go to state 165



state 16

    create_keyword  ->  _CREATE .   (rule 41)
    create_type_stmt  ->  _CREATE . _TYPE _ID properties   (rule 42)
    create_type_stmt  ->  _CREATE . _TYPE _ID _SUBTYPE _OF id_commalist properties   (rule 43)
    create_type_stmt  ->  _CREATE . _TYPE _ID _UNDER id_commalist properties   (rule 44)
    create_derived_type_stmt  ->  _CREATE . _DERIVED _TYPE _ID derived_subtypeof_clause derived_key_clause derived_supertypeof_clause properties   (rule 45)
    create_object_stmt  ->  _CREATE . _ID new_instances   (rule 123)
    create_object_stmt  ->  _CREATE . _ID _LEFTPAREN function_name_commalist _RIGHTPAREN new_instances   (rule 124)
    create_rule_stmt  ->  _CREATE . _RULE rule_name argl_spec rule_implementation   (rule 247)

    _ID 	shift, and go to state 166
    _TYPE	shift, and go to state 167
    _RULE	shift, and go to state 168
    _DERIVED	shift, and go to state 169

    $default	reduce using rule 41 (create_keyword)



state 17

    delete_type_stmt  ->  _DELETE . _TYPE _ID   (rule 79)
    delete_function_stmt  ->  _DELETE . _FUNCTION function_name   (rule 122)
    delete_object_stmt  ->  _DELETE . gen_variable_name   (rule 133)
    delete_rule_stmt  ->  _DELETE . _RULE rule_name   (rule 272)

    _ID 	shift, and go to state 170
    _IVAR	shift, and go to state 7
    _TYPE	shift, and go to state 171
    _FUNCTION	shift, and go to state 172
    _RULE	shift, and go to state 173

    variable_name	go to state 57
    interface_variable_name	go to state 58
    gen_variable_name	go to state 174



state 18

    update_stmt  ->  _SET . update_item for_each_clause where_clause   (rule 287)
    set_variable_stmt  ->  _SET . gen_variable_name _EQUAL simple_expr   (rule 336)
    set_variable_stmt  ->  _SET . _LEFTPAREN gen_variable_name_commalist _RIGHTPAREN _EQUAL simple_expr   (rule 337)

    _ID 	shift, and go to state 117
    _IVAR	shift, and go to state 7
    _LEFTPAREN	shift, and go to state 175
    _TYPE	shift, and go to state 21
    _FUNCTION	shift, and go to state 22
    _RULE	shift, and go to state 23
    _BAG	shift, and go to state 152
    _VECTOR	shift, and go to state 153
    _IN 	shift, and go to state 49

    id_dotlist	go to state 55
    function_name	go to state 176
    variable_name	go to state 57
    interface_variable_name	go to state 58
    gen_variable_name	go to state 177
    simple_type	go to state 60
    function_call0	go to state 178
    update_item	go to state 179



state 19

    update_stmt  ->  _ADD . update_item for_each_clause where_clause   (rule 288)
    update_stmt  ->  _ADD . _TYPE _ID _TO initialize_commalist   (rule 289)
    update_stmt  ->  _ADD . _TYPE _ID _LEFTPAREN function_name_commalist _RIGHTPAREN _TO initialize_commalist   (rule 290)
    update_stmt  ->  _ADD . _TYPE _ID _PROPERTIES _LEFTPAREN function_name_commalist _RIGHTPAREN _TO initialize_commalist   (rule 291)

    _ID 	shift, and go to state 180
    _TYPE	shift, and go to state 181
    _FUNCTION	shift, and go to state 22
    _RULE	shift, and go to state 23
    _BAG	shift, and go to state 152
    _VECTOR	shift, and go to state 153
    _IN 	shift, and go to state 49

    id_dotlist	go to state 55
    function_name	go to state 176
    simple_type	go to state 60
    function_call0	go to state 178
    update_item	go to state 182



state 20

    update_stmt  ->  _REMOVE . update_item for_each_clause where_clause   (rule 292)
    update_stmt  ->  _REMOVE . _TYPE _ID _FROM gen_variable_name_commalist   (rule 293)

    _ID 	shift, and go to state 180
    _TYPE	shift, and go to state 183
    _FUNCTION	shift, and go to state 22
    _RULE	shift, and go to state 23
    _BAG	shift, and go to state 152
    _VECTOR	shift, and go to state 153
    _IN 	shift, and go to state 49

    id_dotlist	go to state 55
    function_name	go to state 176
    simple_type	go to state 60
    function_call0	go to state 178
    update_item	go to state 184



state 21

    simple_type  ->  _TYPE .   (rule 34)

    $default	reduce using rule 34 (simple_type)



state 22

    simple_type  ->  _FUNCTION .   (rule 32)

    $default	reduce using rule 32 (simple_type)



state 23

    simple_type  ->  _RULE .   (rule 33)

    $default	reduce using rule 33 (simple_type)



state 24

    activate_rule_stmt  ->  _ACTIVATE . _RULE rule_name _LEFTPAREN _RIGHTPAREN   (rule 273)
    activate_rule_stmt  ->  _ACTIVATE . _RULE rule_name _LEFTPAREN _RIGHTPAREN activation_props   (rule 274)
    activate_rule_stmt  ->  _ACTIVATE . _RULE rule_name _LEFTPAREN expr_commalist _RIGHTPAREN   (rule 275)
    activate_rule_stmt  ->  _ACTIVATE . _RULE rule_name _LEFTPAREN expr_commalist _RIGHTPAREN activation_props   (rule 276)

    _RULE	shift, and go to state 185



state 25

    deactivate_rule_stmt  ->  _DEACTIVATE . _RULE rule_name _LEFTPAREN _RIGHTPAREN   (rule 281)
    deactivate_rule_stmt  ->  _DEACTIVATE . _RULE rule_name _LEFTPAREN expr_commalist _RIGHTPAREN   (rule 282)

    _RULE	shift, and go to state 186



state 26

    select_stmt1  ->  _SELECT . distinct_spec select_item_commalist into_clause for_each_clause where_clause   (rule 137)

    _DISTINCT	shift, and go to state 187

    $default	reduce using rule 138 (distinct_spec)

    distinct_spec	go to state 188



state 27

    for_each_stmt  ->  _FOR . _EACH for_each_option for_each_vars where_clause procedure_body_stmt   (rule 367)

    _EACH	shift, and go to state 189



state 28

    simple_type  ->  _BAG .   (rule 35)
    bag_value  ->  _BAG . _LEFTPAREN expr_commalist _RIGHTPAREN   (rule 234)
    bag_value  ->  _BAG . _LEFTPAREN _RIGHTPAREN   (rule 235)

    _LEFTPAREN	shift, and go to state 190

    _LEFTPAREN	[reduce using rule 35 (simple_type)]
    $default	reduce using rule 35 (simple_type)



state 29

    simple_type  ->  _VECTOR .   (rule 36)
    vector_construction  ->  _VECTOR . _LEFTPAREN expr_commalist _RIGHTPAREN   (rule 242)
    vector_construction  ->  _VECTOR . _LEFTPAREN _RIGHTPAREN   (rule 243)

    _LEFTPAREN	shift, and go to state 191

    _LEFTPAREN	[reduce using rule 36 (simple_type)]
    $default	reduce using rule 36 (simple_type)



state 30

    result_stmt  ->  _RETURN . init_value   (rule 363)

    _INTEGER_CONST	shift, and go to state 2
    _REAL_CONST	shift, and go to state 3
    _BOOLEAN_CONST	shift, and go to state 4
    _STRING_CONST	shift, and go to state 5
    _ID 	shift, and go to state 117
    _IVAR	shift, and go to state 7
    _MINUS	shift, and go to state 8
    _LESS	shift, and go to state 118
    _LEFTPAREN	shift, and go to state 10
    _LEFTCURL	shift, and go to state 11
    _BAR	shift, and go to state 13
    _TYPE	shift, and go to state 21
    _FUNCTION	shift, and go to state 22
    _RULE	shift, and go to state 23
    _BAG	shift, and go to state 28
    _VECTOR	shift, and go to state 29
    _HASH	shift, and go to state 31
    _VSELECT	shift, and go to state 32
    _OIDTAG	shift, and go to state 47
    _CAST	shift, and go to state 48
    _IN 	shift, and go to state 49

    constant	go to state 53
    numeric_constant	go to state 54
    id_dotlist	go to state 55
    function_name	go to state 56
    variable_name	go to state 57
    interface_variable_name	go to state 58
    gen_variable_name	go to state 59
    simple_type	go to state 60
    function_call	go to state 71
    casting	go to state 72
    temporal_value	go to state 73
    timeval_expr	go to state 74
    timeinterval_expr	go to state 75
    date_expr	go to state 76
    time_expr	go to state 77
    simple_expr	go to state 192
    bag_value	go to state 79
    record_construction	go to state 80
    vector_construction	go to state 81
    vector_reference	go to state 82
    init_value	go to state 193



state 31

    simple_expr  ->  _HASH . _STRING_CONST   (rule 228)

    _STRING_CONST	shift, and go to state 194



state 32

    function_call  ->  _VSELECT . distinct_spec select_item_commalist into_clause for_each_clause where_clause   (rule 161)

    _DISTINCT	shift, and go to state 187

    $default	reduce using rule 138 (distinct_spec)

    distinct_spec	go to state 195



state 33

    if_stmt  ->  _IF . general_expr_test _THEN procedure_body_stmt   (rule 361)
    if_stmt  ->  _IF . general_expr_test _THEN procedure_body_stmt _ELSE procedure_body_stmt   (rule 362)

    _INTEGER_CONST	shift, and go to state 2
    _REAL_CONST	shift, and go to state 3
    _BOOLEAN_CONST	shift, and go to state 4
    _STRING_CONST	shift, and go to state 5
    _ID 	shift, and go to state 117
    _IVAR	shift, and go to state 7
    _MINUS	shift, and go to state 8
    _LESS	shift, and go to state 118
    _LEFTPAREN	shift, and go to state 10
    _LEFTCURL	shift, and go to state 11
    _BAR	shift, and go to state 13
    _TYPE	shift, and go to state 21
    _FUNCTION	shift, and go to state 22
    _RULE	shift, and go to state 23
    _BAG	shift, and go to state 28
    _VECTOR	shift, and go to state 29
    _HASH	shift, and go to state 31
    _VSELECT	shift, and go to state 32
    _OIDTAG	shift, and go to state 47
    _CAST	shift, and go to state 48
    _IN 	shift, and go to state 49

    constant	go to state 53
    numeric_constant	go to state 54
    id_dotlist	go to state 55
    function_name	go to state 56
    variable_name	go to state 57
    interface_variable_name	go to state 58
    gen_variable_name	go to state 59
    simple_type	go to state 60
    function_call	go to state 71
    casting	go to state 72
    temporal_value	go to state 73
    timeval_expr	go to state 74
    timeinterval_expr	go to state 75
    date_expr	go to state 76
    time_expr	go to state 77
    simple_expr	go to state 78
    bag_value	go to state 79
    record_construction	go to state 80
    vector_construction	go to state 81
    vector_reference	go to state 82
    general_expr_query	go to state 196
    general_expr_test	go to state 197



state 34

    open_cursor_stmt  ->  _OPEN . cursor_name _FOR simple_expr   (rule 283)

    _ID 	shift, and go to state 170
    _IVAR	shift, and go to state 7

    variable_name	go to state 57
    interface_variable_name	go to state 58
    gen_variable_name	go to state 198
    cursor_name	go to state 199



state 35

    close_cursor_stmt  ->  _CLOSE . cursor_name   (rule 286)

    _ID 	shift, and go to state 170
    _IVAR	shift, and go to state 7

    variable_name	go to state 57
    interface_variable_name	go to state 58
    gen_variable_name	go to state 198
    cursor_name	go to state 200



state 36

    fetch_cursor_stmt  ->  _FETCH . cursor_name into_clause1   (rule 285)

    _ID 	shift, and go to state 170
    _IVAR	shift, and go to state 7

    variable_name	go to state 57
    interface_variable_name	go to state 58
    gen_variable_name	go to state 198
    cursor_name	go to state 201



state 37

    save_stmt  ->  _SAVE . _STRING_CONST   (rule 374)

    _STRING_CONST	shift, and go to state 202



state 38

    exit_stmt  ->  _EXIT .   (rule 381)

    $default	reduce using rule 381 (exit_stmt)



state 39

    logging  ->  _LOGGING . toggle   (rule 370)

    _ON 	shift, and go to state 203
    _OFF	shift, and go to state 204

    toggle	go to state 205



state 40

    image_size  ->  _IMAGESIZE . _INTEGER_CONST   (rule 373)

    _INTEGER_CONST	shift, and go to state 206



state 41

    commit_stmt  ->  _COMMIT .   (rule 376)

    $default	reduce using rule 376 (commit_stmt)



state 42

    rollback_stmt  ->  _ROLLBACK .   (rule 377)
    rollback_stmt  ->  _ROLLBACK . _INTEGER_CONST   (rule 378)

    _INTEGER_CONST	shift, and go to state 207

    $default	reduce using rule 377 (rollback_stmt)



state 43

    lisp_stmt  ->  _LISP .   (rule 379)

    $default	reduce using rule 379 (lisp_stmt)



state 44

    quit_stmt  ->  _QUIT .   (rule 380)

    $default	reduce using rule 380 (quit_stmt)



state 45

    top  ->  _EOF .   (rule 302)

    $default	reduce using rule 302 (top)



state 46

    select_stmt  ->  _AT . database_id select_stmt1   (rule 134)

    _STRING_CONST	shift, and go to state 208

    database_id	go to state 209



state 47

    constant  ->  _OIDTAG . oid_descr _RIGHTBRACKET   (rule 4)

    _INTEGER_CONST	shift, and go to state 210

    $default	reduce using rule 7 (oid_descr)

    oid_descr	go to state 211



state 48

    casting  ->  _CAST . _LEFTPAREN simple_expr _AS type_name _RIGHTPAREN   (rule 162)

    _LEFTPAREN	shift, and go to state 212



state 49

    function_name  ->  _IN .   (rule 17)
    function_name  ->  _IN .   (rule 81)

    _ID 	reduce using rule 17 (function_name)
    _ID 	[reduce using rule 81 (function_name)]
    _LEFTPAREN	reduce using rule 17 (function_name)
    _LEFTPAREN	[reduce using rule 81 (function_name)]
    _RIGHTPAREN	reduce using rule 17 (function_name)
    _RIGHTPAREN	[reduce using rule 81 (function_name)]
    _COMMA	reduce using rule 17 (function_name)
    _COMMA	[reduce using rule 81 (function_name)]
    _SEMICOLON	reduce using rule 17 (function_name)
    _SEMICOLON	[reduce using rule 81 (function_name)]
    _KEY	reduce using rule 17 (function_name)
    _KEY	[reduce using rule 81 (function_name)]
    _FOREIGN	reduce using rule 17 (function_name)
    _FOREIGN	[reduce using rule 81 (function_name)]
    _TYPE	reduce using rule 17 (function_name)
    _TYPE	[reduce using rule 81 (function_name)]
    _FUNCTION	reduce using rule 17 (function_name)
    _FUNCTION	[reduce using rule 81 (function_name)]
    _RULE	reduce using rule 17 (function_name)
    _RULE	[reduce using rule 81 (function_name)]
    _SELECT	reduce using rule 17 (function_name)
    _SELECT	[reduce using rule 81 (function_name)]
    _BAG	reduce using rule 17 (function_name)
    _BAG	[reduce using rule 81 (function_name)]
    _VECTOR	reduce using rule 17 (function_name)
    _VECTOR	[reduce using rule 81 (function_name)]
    _COST	reduce using rule 17 (function_name)
    _COST	[reduce using rule 81 (function_name)]
    _REWRITER	reduce using rule 17 (function_name)
    _REWRITER	[reduce using rule 81 (function_name)]
    $default	reduce using rule 17 (function_name)



state 50

    loop_stmt  ->  _LOOP . block_body _LOOP   (rule 360)

    _ID 	shift, and go to state 146
    _SEMICOLON	shift, and go to state 147
    _BEGIN	shift, and go to state 14
    _DECLARE	shift, and go to state 148
    _END	shift, and go to state 149
    _CREATE	shift, and go to state 150
    _DELETE	shift, and go to state 151
    _SET	shift, and go to state 18
    _ADD	shift, and go to state 19
    _REMOVE	shift, and go to state 20
    _TYPE	shift, and go to state 21
    _FUNCTION	shift, and go to state 22
    _RULE	shift, and go to state 23
    _ACTIVATE	shift, and go to state 24
    _DEACTIVATE	shift, and go to state 25
    _SELECT	shift, and go to state 26
    _FOR	shift, and go to state 27
    _BAG	shift, and go to state 152
    _VECTOR	shift, and go to state 153
    _RETURN	shift, and go to state 30
    _VSELECT	shift, and go to state 32
    _IF 	shift, and go to state 33
    _OPEN	shift, and go to state 34
    _CLOSE	shift, and go to state 35
    _FETCH	shift, and go to state 36
    _COMMIT	shift, and go to state 41
    _ROLLBACK	shift, and go to state 42
    _AT 	shift, and go to state 46
    _IN 	shift, and go to state 49
    _LOOP	shift, and go to state 50
    _WHILE	shift, and go to state 51
    _LEAVE	shift, and go to state 52

    _LOOP	[reduce using rule 330 (block_body)]
    $default	reduce using rule 330 (block_body)

    id_dotlist	go to state 55
    function_name	go to state 56
    simple_type	go to state 60
    create_object_stmt	go to state 67
    delete_object_stmt	go to state 68
    select_stmt	go to state 69
    select_stmt1	go to state 70
    function_call	go to state 154
    activate_rule_stmt	go to state 85
    deactivate_rule_stmt	go to state 86
    open_cursor_stmt	go to state 87
    fetch_cursor_stmt	go to state 88
    close_cursor_stmt	go to state 89
    update_stmt	go to state 90
    procedure_body_stmt	go to state 155
    procedure_body_stmt_semicolonlist	go to state 156
    block	go to state 95
    block_body	go to state 213
    end_stmt	go to state 158
    set_variable_stmt	go to state 96
    procedure_stmt	go to state 159
    procedure_stmt1	go to state 98
    while_stmt	go to state 99
    loop_stmt	go to state 100
    if_stmt	go to state 101
    result_stmt	go to state 102
    for_each_stmt	go to state 103
    commit_stmt	go to state 108
    rollback_stmt	go to state 109



state 51

    while_stmt  ->  _WHILE . simple_expr _DO block_body _WHILE   (rule 359)

    _INTEGER_CONST	shift, and go to state 2
    _REAL_CONST	shift, and go to state 3
    _BOOLEAN_CONST	shift, and go to state 4
    _STRING_CONST	shift, and go to state 5
    _ID 	shift, and go to state 117
    _IVAR	shift, and go to state 7
    _MINUS	shift, and go to state 8
    _LESS	shift, and go to state 118
    _LEFTPAREN	shift, and go to state 10
    _LEFTCURL	shift, and go to state 11
    _BAR	shift, and go to state 13
    _TYPE	shift, and go to state 21
    _FUNCTION	shift, and go to state 22
    _RULE	shift, and go to state 23
    _BAG	shift, and go to state 28
    _VECTOR	shift, and go to state 29
    _HASH	shift, and go to state 31
    _VSELECT	shift, and go to state 32
    _OIDTAG	shift, and go to state 47
    _CAST	shift, and go to state 48
    _IN 	shift, and go to state 49

    constant	go to state 53
    numeric_constant	go to state 54
    id_dotlist	go to state 55
    function_name	go to state 56
    variable_name	go to state 57
    interface_variable_name	go to state 58
    gen_variable_name	go to state 59
    simple_type	go to state 60
    function_call	go to state 71
    casting	go to state 72
    temporal_value	go to state 73
    timeval_expr	go to state 74
    timeinterval_expr	go to state 75
    date_expr	go to state 76
    time_expr	go to state 77
    simple_expr	go to state 214
    bag_value	go to state 79
    record_construction	go to state 80
    vector_construction	go to state 81
    vector_reference	go to state 82



state 52

    procedure_stmt1  ->  _LEAVE .   (rule 355)

    $default	reduce using rule 355 (procedure_stmt1)



state 53

    simple_expr  ->  constant .   (rule 199)

    $default	reduce using rule 199 (simple_expr)



state 54

    constant  ->  numeric_constant .   (rule 1)

    $default	reduce using rule 1 (constant)



state 55

    id_dotlist  ->  id_dotlist . _DOT simple_type @1   (rule 14)
    function_name  ->  id_dotlist .   (rule 15)
    function_name  ->  id_dotlist . _ARROW id_dotlist   (rule 16)

    _DOT	shift, and go to state 215
    _ARROW	shift, and go to state 216

    $default	reduce using rule 15 (function_name)



state 56

    function_call  ->  function_name . _LEFTPAREN _RIGHTPAREN   (rule 156)
    function_call  ->  function_name . _LEFTPAREN select_stmt1 _RIGHTPAREN   (rule 157)
    function_call  ->  function_name . _LEFTPAREN expr_commalist _RIGHTPAREN   (rule 158)
    function_call  ->  function_name . _LEFTPAREN _RIGHTPAREN temporal_call   (rule 159)
    function_call  ->  function_name . _LEFTPAREN expr_commalist _RIGHTPAREN temporal_call   (rule 160)

    _LEFTPAREN	shift, and go to state 217



state 57

    gen_variable_name  ->  variable_name .   (rule 22)

    $default	reduce using rule 22 (gen_variable_name)



state 58

    gen_variable_name  ->  interface_variable_name .   (rule 23)

    $default	reduce using rule 23 (gen_variable_name)



state 59

    simple_expr  ->  gen_variable_name .   (rule 198)

    $default	reduce using rule 198 (simple_expr)



state 60

    id_dotlist  ->  simple_type .   (rule 12)

    $default	reduce using rule 12 (id_dotlist)



state 61

    create_function_stmt  ->  create_keyword . _FUNCTION function_name argl_spec _ARROW resl_spec fn_implementation   (rule 82)

    _FUNCTION	shift, and go to state 218



state 62

    osql_stmt  ->  create_type_stmt .   (rule 304)

    $default	reduce using rule 304 (osql_stmt)



state 63

    osql_stmt  ->  create_derived_type_stmt .   (rule 305)

    $default	reduce using rule 305 (osql_stmt)



state 64

    osql_stmt  ->  delete_type_stmt .   (rule 308)

    $default	reduce using rule 308 (osql_stmt)



state 65

    osql_stmt  ->  create_function_stmt .   (rule 306)

    $default	reduce using rule 306 (osql_stmt)



state 66

    osql_stmt  ->  delete_function_stmt .   (rule 309)

    $default	reduce using rule 309 (osql_stmt)



state 67

    procedure_stmt1  ->  create_object_stmt .   (rule 341)

    $default	reduce using rule 341 (procedure_stmt1)



state 68

    procedure_stmt1  ->  delete_object_stmt .   (rule 342)

    $default	reduce using rule 342 (procedure_stmt1)



state 69

    procedure_stmt  ->  select_stmt .   (rule 339)

    $default	reduce using rule 339 (procedure_stmt)



state 70

    select_stmt  ->  select_stmt1 .   (rule 135)

    $default	reduce using rule 135 (select_stmt)



state 71

    simple_expr  ->  function_call .   (rule 206)

    $default	reduce using rule 206 (simple_expr)



state 72

    simple_expr  ->  casting .   (rule 204)

    $default	reduce using rule 204 (simple_expr)



state 73

    simple_expr  ->  temporal_value .   (rule 203)

    $default	reduce using rule 203 (simple_expr)



state 74

    temporal_value  ->  timeval_expr .   (rule 165)

    $default	reduce using rule 165 (temporal_value)



state 75

    temporal_value  ->  timeinterval_expr .   (rule 166)

    $default	reduce using rule 166 (temporal_value)



state 76

    temporal_value  ->  date_expr .   (rule 167)

    $default	reduce using rule 167 (temporal_value)



state 77

    temporal_value  ->  time_expr .   (rule 168)

    $default	reduce using rule 168 (temporal_value)



state 78

    simple_expr  ->  simple_expr . _DIVIDE simple_expr   (rule 209)
    simple_expr  ->  simple_expr . _CARET simple_expr   (rule 210)
    simple_expr  ->  simple_expr . _DOTCARET simple_expr   (rule 211)
    simple_expr  ->  simple_expr . _DOTDIVIDE simple_expr   (rule 212)
    simple_expr  ->  simple_expr . _TIMES simple_expr   (rule 213)
    simple_expr  ->  simple_expr . _DOTTIMES simple_expr   (rule 214)
    simple_expr  ->  simple_expr . _PLUS simple_expr   (rule 215)
    simple_expr  ->  simple_expr . _MINUS simple_expr   (rule 216)
    simple_expr  ->  simple_expr . _AND simple_expr   (rule 217)
    simple_expr  ->  simple_expr . _OR simple_expr   (rule 218)
    simple_expr  ->  simple_expr . _EQUAL simple_expr   (rule 219)
    simple_expr  ->  simple_expr . _LESSEQ simple_expr   (rule 220)
    simple_expr  ->  simple_expr . _LESS simple_expr   (rule 221)
    simple_expr  ->  simple_expr . _GREATEREQ simple_expr   (rule 222)
    simple_expr  ->  simple_expr . _GREATER simple_expr   (rule 223)
    simple_expr  ->  simple_expr . _UNEQUAL simple_expr   (rule 224)
    simple_expr  ->  simple_expr . _IN simple_expr   (rule 225)
    vector_reference  ->  simple_expr . _LEFTBRACKET simple_expr _RIGHTBRACKET   (rule 244)
    general_expr_query  ->  simple_expr .   (rule 319)

    _PLUS	shift, and go to state 219
    _MINUS	shift, and go to state 220
    _TIMES	shift, and go to state 221
    _DIVIDE	shift, and go to state 222
    _DOTTIMES	shift, and go to state 223
    _DOTDIVIDE	shift, and go to state 224
    _CARET	shift, and go to state 225
    _DOTCARET	shift, and go to state 226
    _AND	shift, and go to state 227
    _OR 	shift, and go to state 228
    _EQUAL	shift, and go to state 229
    _LESS	shift, and go to state 230
    _GREATER	shift, and go to state 231
    _LESSEQ	shift, and go to state 232
    _GREATEREQ	shift, and go to state 233
    _UNEQUAL	shift, and go to state 234
    _LEFTBRACKET	shift, and go to state 235
    _IN 	shift, and go to state 236

    $default	reduce using rule 319 (general_expr_query)



state 79

    simple_expr  ->  bag_value .   (rule 200)

    $default	reduce using rule 200 (simple_expr)



state 80

    simple_expr  ->  record_construction .   (rule 202)

    $default	reduce using rule 202 (simple_expr)



state 81

    simple_expr  ->  vector_construction .   (rule 201)

    $default	reduce using rule 201 (simple_expr)



state 82

    simple_expr  ->  vector_reference .   (rule 205)

    $default	reduce using rule 205 (simple_expr)



state 83

    osql_stmt  ->  create_rule_stmt .   (rule 307)

    $default	reduce using rule 307 (osql_stmt)



state 84

    osql_stmt  ->  delete_rule_stmt .   (rule 310)

    $default	reduce using rule 310 (osql_stmt)



state 85

    procedure_stmt1  ->  activate_rule_stmt .   (rule 351)

    $default	reduce using rule 351 (procedure_stmt1)



state 86

    procedure_stmt1  ->  deactivate_rule_stmt .   (rule 352)

    $default	reduce using rule 352 (procedure_stmt1)



state 87

    procedure_stmt1  ->  open_cursor_stmt .   (rule 347)

    $default	reduce using rule 347 (procedure_stmt1)



state 88

    procedure_stmt1  ->  fetch_cursor_stmt .   (rule 346)

    $default	reduce using rule 346 (procedure_stmt1)



state 89

    procedure_stmt1  ->  close_cursor_stmt .   (rule 348)

    $default	reduce using rule 348 (procedure_stmt1)



state 90

    procedure_stmt1  ->  update_stmt .   (rule 344)

    $default	reduce using rule 344 (procedure_stmt1)



state 91

    start  ->  top .   (rule 295)

    $default	reduce using rule 295 (start)



state 92

    top  ->  osql_stmt . _SEMICOLON   (rule 301)

    _SEMICOLON	shift, and go to state 237



state 93

    osql_stmt  ->  general_expr_query .   (rule 318)

    $default	reduce using rule 318 (osql_stmt)



state 94

    osql_stmt  ->  declare_stmt .   (rule 311)

    $default	reduce using rule 311 (osql_stmt)



state 95

    procedure_stmt1  ->  block .   (rule 340)

    $default	reduce using rule 340 (procedure_stmt1)



state 96

    procedure_stmt1  ->  set_variable_stmt .   (rule 345)

    $default	reduce using rule 345 (procedure_stmt1)



state 97

    osql_stmt  ->  procedure_stmt .   (rule 303)

    $default	reduce using rule 303 (osql_stmt)



state 98

    procedure_stmt  ->  procedure_stmt1 .   (rule 338)

    $default	reduce using rule 338 (procedure_stmt)



state 99

    procedure_stmt1  ->  while_stmt .   (rule 353)

    $default	reduce using rule 353 (procedure_stmt1)



state 100

    procedure_stmt1  ->  loop_stmt .   (rule 354)

    $default	reduce using rule 354 (procedure_stmt1)



state 101

    procedure_stmt1  ->  if_stmt .   (rule 349)

    $default	reduce using rule 349 (procedure_stmt1)



state 102

    procedure_stmt1  ->  result_stmt .   (rule 350)

    $default	reduce using rule 350 (procedure_stmt1)



state 103

    procedure_stmt1  ->  for_each_stmt .   (rule 343)

    $default	reduce using rule 343 (procedure_stmt1)



state 104

    osql_stmt  ->  logging .   (rule 312)

    $default	reduce using rule 312 (osql_stmt)



state 105

    osql_stmt  ->  image_size .   (rule 313)

    $default	reduce using rule 313 (osql_stmt)



state 106

    osql_stmt  ->  save_stmt .   (rule 314)

    $default	reduce using rule 314 (osql_stmt)



state 107

    osql_stmt  ->  redirect_stmt .   (rule 315)

    $default	reduce using rule 315 (osql_stmt)



state 108

    procedure_stmt1  ->  commit_stmt .   (rule 356)

    $default	reduce using rule 356 (procedure_stmt1)



state 109

    procedure_stmt1  ->  rollback_stmt .   (rule 357)

    $default	reduce using rule 357 (procedure_stmt1)



state 110

    top  ->  lisp_stmt . _SEMICOLON   (rule 300)

    _SEMICOLON	shift, and go to state 238



state 111

    osql_stmt  ->  quit_stmt .   (rule 316)

    $default	reduce using rule 316 (osql_stmt)



state 112

    osql_stmt  ->  exit_stmt .   (rule 317)

    $default	reduce using rule 317 (osql_stmt)



state 113

    end_char  ->  _SEMICOLON .   (rule 297)

    $default	reduce using rule 297 (end_char)



state 114

    end_char  ->  _EOF .   (rule 298)

    $default	reduce using rule 298 (end_char)



state 115

    start  ->  error end_char .   (rule 296)

    $default	reduce using rule 296 (start)



state 116

    simple_type  ->  _ID _ALPHAB . _ID   (rule 31)

    _ID 	shift, and go to state 239



state 117

    variable_name  ->  _ID .   (rule 18)
    simple_type  ->  _ID .   (rule 30)
    simple_type  ->  _ID . _ALPHAB _ID   (rule 31)
    function_name  ->  _ID .   (rule 80)

    _ALPHAB	shift, and go to state 116

    _LEFTPAREN	reduce using rule 30 (simple_type)
    _LEFTPAREN	[reduce using rule 80 (function_name)]
    _DOT	reduce using rule 30 (simple_type)
    _ARROW	reduce using rule 30 (simple_type)
    $default	reduce using rule 18 (variable_name)



state 118

    simple_expr  ->  _LESS . tuple_commalist _GREATER   (rule 207)

    _INTEGER_CONST	shift, and go to state 2
    _REAL_CONST	shift, and go to state 3
    _BOOLEAN_CONST	shift, and go to state 4
    _STRING_CONST	shift, and go to state 5
    _ID 	shift, and go to state 117
    _IVAR	shift, and go to state 7
    _MINUS	shift, and go to state 121
    _LEFTCURL	shift, and go to state 122
    _BAR	shift, and go to state 13
    _TYPE	shift, and go to state 21
    _FUNCTION	shift, and go to state 22
    _RULE	shift, and go to state 23
    _BAG	shift, and go to state 28
    _VECTOR	shift, and go to state 29
    _HASH	shift, and go to state 123
    _VSELECT	shift, and go to state 32
    _OIDTAG	shift, and go to state 47
    _CAST	shift, and go to state 48
    _IN 	shift, and go to state 49

    constant	go to state 124
    numeric_constant	go to state 54
    id_dotlist	go to state 55
    function_name	go to state 56
    variable_name	go to state 57
    interface_variable_name	go to state 58
    gen_variable_name	go to state 125
    simple_type	go to state 60
    function_call	go to state 126
    casting	go to state 127
    temporal_value	go to state 128
    timeval_expr	go to state 74
    timeinterval_expr	go to state 75
    date_expr	go to state 76
    time_expr	go to state 77
    tuple_simple_expr	go to state 129
    tuple_commalist	go to state 130
    bag_value	go to state 131
    vector_construction	go to state 132
    tuple_vector_reference	go to state 133



state 119

    simple_expr  ->  simple_expr . _DIVIDE simple_expr   (rule 209)
    simple_expr  ->  simple_expr . _CARET simple_expr   (rule 210)
    simple_expr  ->  simple_expr . _DOTCARET simple_expr   (rule 211)
    simple_expr  ->  simple_expr . _DOTDIVIDE simple_expr   (rule 212)
    simple_expr  ->  simple_expr . _TIMES simple_expr   (rule 213)
    simple_expr  ->  simple_expr . _DOTTIMES simple_expr   (rule 214)
    simple_expr  ->  simple_expr . _PLUS simple_expr   (rule 215)
    simple_expr  ->  simple_expr . _MINUS simple_expr   (rule 216)
    simple_expr  ->  simple_expr . _AND simple_expr   (rule 217)
    simple_expr  ->  simple_expr . _OR simple_expr   (rule 218)
    simple_expr  ->  simple_expr . _EQUAL simple_expr   (rule 219)
    simple_expr  ->  simple_expr . _LESSEQ simple_expr   (rule 220)
    simple_expr  ->  simple_expr . _LESS simple_expr   (rule 221)
    simple_expr  ->  simple_expr . _GREATEREQ simple_expr   (rule 222)
    simple_expr  ->  simple_expr . _GREATER simple_expr   (rule 223)
    simple_expr  ->  simple_expr . _UNEQUAL simple_expr   (rule 224)
    simple_expr  ->  simple_expr . _IN simple_expr   (rule 225)
    simple_expr  ->  _MINUS simple_expr .   (rule 226)
    vector_reference  ->  simple_expr . _LEFTBRACKET simple_expr _RIGHTBRACKET   (rule 244)

    _LEFTBRACKET	shift, and go to state 235

    _LEFTBRACKET	[reduce using rule 226 (simple_expr)]
    $default	reduce using rule 226 (simple_expr)



state 120

    constant  ->  _STRING_CONST .   (rule 3)
    redirect_stmt  ->  _LESS _STRING_CONST .   (rule 375)

    _SEMICOLON	reduce using rule 375 (redirect_stmt)
    $default	reduce using rule 3 (constant)



state 121

    tuple_simple_expr  ->  _MINUS . simple_expr   (rule 196)

    _INTEGER_CONST	shift, and go to state 2
    _REAL_CONST	shift, and go to state 3
    _BOOLEAN_CONST	shift, and go to state 4
    _STRING_CONST	shift, and go to state 5
    _ID 	shift, and go to state 117
    _IVAR	shift, and go to state 7
    _MINUS	shift, and go to state 8
    _LESS	shift, and go to state 118
    _LEFTPAREN	shift, and go to state 10
    _LEFTCURL	shift, and go to state 11
    _BAR	shift, and go to state 13
    _TYPE	shift, and go to state 21
    _FUNCTION	shift, and go to state 22
    _RULE	shift, and go to state 23
    _BAG	shift, and go to state 28
    _VECTOR	shift, and go to state 29
    _HASH	shift, and go to state 31
    _VSELECT	shift, and go to state 32
    _OIDTAG	shift, and go to state 47
    _CAST	shift, and go to state 48
    _IN 	shift, and go to state 49

    constant	go to state 53
    numeric_constant	go to state 54
    id_dotlist	go to state 55
    function_name	go to state 56
    variable_name	go to state 57
    interface_variable_name	go to state 58
    gen_variable_name	go to state 59
    simple_type	go to state 60
    function_call	go to state 71
    casting	go to state 72
    temporal_value	go to state 73
    timeval_expr	go to state 74
    timeinterval_expr	go to state 75
    date_expr	go to state 76
    time_expr	go to state 77
    simple_expr	go to state 240
    bag_value	go to state 79
    record_construction	go to state 80
    vector_construction	go to state 81
    vector_reference	go to state 82



state 122

    vector_construction  ->  _LEFTCURL . expr_commalist _RIGHTCURL   (rule 240)
    vector_construction  ->  _LEFTCURL . _RIGHTCURL   (rule 241)

    _INTEGER_CONST	shift, and go to state 2
    _REAL_CONST	shift, and go to state 3
    _BOOLEAN_CONST	shift, and go to state 4
    _STRING_CONST	shift, and go to state 5
    _ID 	shift, and go to state 117
    _IVAR	shift, and go to state 7
    _MINUS	shift, and go to state 8
    _LESS	shift, and go to state 118
    _LEFTPAREN	shift, and go to state 10
    _LEFTCURL	shift, and go to state 11
    _RIGHTCURL	shift, and go to state 138
    _BAR	shift, and go to state 13
    _TYPE	shift, and go to state 21
    _FUNCTION	shift, and go to state 22
    _RULE	shift, and go to state 23
    _BAG	shift, and go to state 28
    _VECTOR	shift, and go to state 29
    _HASH	shift, and go to state 31
    _VSELECT	shift, and go to state 32
    _OIDTAG	shift, and go to state 47
    _CAST	shift, and go to state 48
    _IN 	shift, and go to state 49

    constant	go to state 53
    numeric_constant	go to state 54
    id_dotlist	go to state 55
    function_name	go to state 56
    variable_name	go to state 57
    interface_variable_name	go to state 58
    gen_variable_name	go to state 59
    simple_type	go to state 60
    function_call	go to state 71
    casting	go to state 72
    temporal_value	go to state 73
    timeval_expr	go to state 74
    timeinterval_expr	go to state 75
    date_expr	go to state 76
    time_expr	go to state 77
    simple_expr	go to state 139
    expr_commalist	go to state 140
    bag_value	go to state 79
    record_construction	go to state 80
    vector_construction	go to state 81
    vector_reference	go to state 82



state 123

    tuple_simple_expr  ->  _HASH . _STRING_CONST   (rule 197)

    _STRING_CONST	shift, and go to state 241



state 124

    tuple_simple_expr  ->  constant .   (rule 181)

    $default	reduce using rule 181 (tuple_simple_expr)



state 125

    tuple_simple_expr  ->  gen_variable_name .   (rule 180)

    $default	reduce using rule 180 (tuple_simple_expr)



state 126

    tuple_simple_expr  ->  function_call .   (rule 195)

    $default	reduce using rule 195 (tuple_simple_expr)



state 127

    tuple_simple_expr  ->  casting .   (rule 185)

    $default	reduce using rule 185 (tuple_simple_expr)



state 128

    tuple_simple_expr  ->  temporal_value .   (rule 184)

    $default	reduce using rule 184 (tuple_simple_expr)



state 129

    tuple_simple_expr  ->  tuple_simple_expr . _DIVIDE tuple_simple_expr   (rule 187)
    tuple_simple_expr  ->  tuple_simple_expr . _CARET tuple_simple_expr   (rule 188)
    tuple_simple_expr  ->  tuple_simple_expr . _DOTCARET tuple_simple_expr   (rule 189)
    tuple_simple_expr  ->  tuple_simple_expr . _DOTDIVIDE tuple_simple_expr   (rule 190)
    tuple_simple_expr  ->  tuple_simple_expr . _TIMES tuple_simple_expr   (rule 191)
    tuple_simple_expr  ->  tuple_simple_expr . _DOTTIMES tuple_simple_expr   (rule 192)
    tuple_simple_expr  ->  tuple_simple_expr . _PLUS tuple_simple_expr   (rule 193)
    tuple_simple_expr  ->  tuple_simple_expr . _MINUS tuple_simple_expr   (rule 194)
    tuple_commalist  ->  tuple_simple_expr .   (rule 232)
    tuple_vector_reference  ->  tuple_simple_expr . _LEFTBRACKET tuple_simple_expr _RIGHTBRACKET   (rule 245)

    _PLUS	shift, and go to state 242
    _MINUS	shift, and go to state 243
    _TIMES	shift, and go to state 244
    _DIVIDE	shift, and go to state 245
    _DOTTIMES	shift, and go to state 246
    _DOTDIVIDE	shift, and go to state 247
    _CARET	shift, and go to state 248
    _DOTCARET	shift, and go to state 249
    _LEFTBRACKET	shift, and go to state 250

    $default	reduce using rule 232 (tuple_commalist)



state 130

    simple_expr  ->  _LESS tuple_commalist . _GREATER   (rule 207)
    tuple_commalist  ->  tuple_commalist . _COMMA tuple_simple_expr   (rule 233)

    _GREATER	shift, and go to state 251
    _COMMA	shift, and go to state 252



state 131

    tuple_simple_expr  ->  bag_value .   (rule 182)

    $default	reduce using rule 182 (tuple_simple_expr)



state 132

    tuple_simple_expr  ->  vector_construction .   (rule 183)

    $default	reduce using rule 183 (tuple_simple_expr)



state 133

    tuple_simple_expr  ->  tuple_vector_reference .   (rule 186)

    $default	reduce using rule 186 (tuple_simple_expr)



state 134

    simple_expr  ->  _LEFTPAREN select_stmt . _RIGHTPAREN   (rule 229)

    _RIGHTPAREN	shift, and go to state 253



state 135

    simple_expr  ->  simple_expr . _DIVIDE simple_expr   (rule 209)
    simple_expr  ->  simple_expr . _CARET simple_expr   (rule 210)
    simple_expr  ->  simple_expr . _DOTCARET simple_expr   (rule 211)
    simple_expr  ->  simple_expr . _DOTDIVIDE simple_expr   (rule 212)
    simple_expr  ->  simple_expr . _TIMES simple_expr   (rule 213)
    simple_expr  ->  simple_expr . _DOTTIMES simple_expr   (rule 214)
    simple_expr  ->  simple_expr . _PLUS simple_expr   (rule 215)
    simple_expr  ->  simple_expr . _MINUS simple_expr   (rule 216)
    simple_expr  ->  simple_expr . _AND simple_expr   (rule 217)
    simple_expr  ->  simple_expr . _OR simple_expr   (rule 218)
    simple_expr  ->  simple_expr . _EQUAL simple_expr   (rule 219)
    simple_expr  ->  simple_expr . _LESSEQ simple_expr   (rule 220)
    simple_expr  ->  simple_expr . _LESS simple_expr   (rule 221)
    simple_expr  ->  simple_expr . _GREATEREQ simple_expr   (rule 222)
    simple_expr  ->  simple_expr . _GREATER simple_expr   (rule 223)
    simple_expr  ->  simple_expr . _UNEQUAL simple_expr   (rule 224)
    simple_expr  ->  simple_expr . _IN simple_expr   (rule 225)
    simple_expr  ->  _LEFTPAREN simple_expr . _RIGHTPAREN   (rule 227)
    expr_commalist  ->  simple_expr .   (rule 230)
    vector_reference  ->  simple_expr . _LEFTBRACKET simple_expr _RIGHTBRACKET   (rule 244)

    _PLUS	shift, and go to state 219
    _MINUS	shift, and go to state 220
    _TIMES	shift, and go to state 221
    _DIVIDE	shift, and go to state 222
    _DOTTIMES	shift, and go to state 223
    _DOTDIVIDE	shift, and go to state 224
    _CARET	shift, and go to state 225
    _DOTCARET	shift, and go to state 226
    _AND	shift, and go to state 227
    _OR 	shift, and go to state 228
    _EQUAL	shift, and go to state 229
    _LESS	shift, and go to state 230
    _GREATER	shift, and go to state 231
    _LESSEQ	shift, and go to state 232
    _GREATEREQ	shift, and go to state 233
    _UNEQUAL	shift, and go to state 234
    _RIGHTPAREN	shift, and go to state 254
    _LEFTBRACKET	shift, and go to state 235
    _IN 	shift, and go to state 236

    _RIGHTPAREN	[reduce using rule 230 (expr_commalist)]
    $default	reduce using rule 230 (expr_commalist)



state 136

    simple_expr  ->  _LEFTPAREN expr_commalist . _RIGHTPAREN   (rule 208)
    expr_commalist  ->  expr_commalist . _COMMA simple_expr   (rule 231)

    _RIGHTPAREN	shift, and go to state 255
    _COMMA	shift, and go to state 256



state 137

    constant  ->  _STRING_CONST .   (rule 3)
    pair  ->  _STRING_CONST . _COLON simple_expr   (rule 239)

    _COLON	shift, and go to state 257

    $default	reduce using rule 3 (constant)



state 138

    vector_construction  ->  _LEFTCURL _RIGHTCURL .   (rule 241)

    $default	reduce using rule 241 (vector_construction)



state 139

    simple_expr  ->  simple_expr . _DIVIDE simple_expr   (rule 209)
    simple_expr  ->  simple_expr . _CARET simple_expr   (rule 210)
    simple_expr  ->  simple_expr . _DOTCARET simple_expr   (rule 211)
    simple_expr  ->  simple_expr . _DOTDIVIDE simple_expr   (rule 212)
    simple_expr  ->  simple_expr . _TIMES simple_expr   (rule 213)
    simple_expr  ->  simple_expr . _DOTTIMES simple_expr   (rule 214)
    simple_expr  ->  simple_expr . _PLUS simple_expr   (rule 215)
    simple_expr  ->  simple_expr . _MINUS simple_expr   (rule 216)
    simple_expr  ->  simple_expr . _AND simple_expr   (rule 217)
    simple_expr  ->  simple_expr . _OR simple_expr   (rule 218)
    simple_expr  ->  simple_expr . _EQUAL simple_expr   (rule 219)
    simple_expr  ->  simple_expr . _LESSEQ simple_expr   (rule 220)
    simple_expr  ->  simple_expr . _LESS simple_expr   (rule 221)
    simple_expr  ->  simple_expr . _GREATEREQ simple_expr   (rule 222)
    simple_expr  ->  simple_expr . _GREATER simple_expr   (rule 223)
    simple_expr  ->  simple_expr . _UNEQUAL simple_expr   (rule 224)
    simple_expr  ->  simple_expr . _IN simple_expr   (rule 225)
    expr_commalist  ->  simple_expr .   (rule 230)
    vector_reference  ->  simple_expr . _LEFTBRACKET simple_expr _RIGHTBRACKET   (rule 244)

    _PLUS	shift, and go to state 219
    _MINUS	shift, and go to state 220
    _TIMES	shift, and go to state 221
    _DIVIDE	shift, and go to state 222
    _DOTTIMES	shift, and go to state 223
    _DOTDIVIDE	shift, and go to state 224
    _CARET	shift, and go to state 225
    _DOTCARET	shift, and go to state 226
    _AND	shift, and go to state 227
    _OR 	shift, and go to state 228
    _EQUAL	shift, and go to state 229
    _LESS	shift, and go to state 230
    _GREATER	shift, and go to state 231
    _LESSEQ	shift, and go to state 232
    _GREATEREQ	shift, and go to state 233
    _UNEQUAL	shift, and go to state 234
    _LEFTBRACKET	shift, and go to state 235
    _IN 	shift, and go to state 236

    $default	reduce using rule 230 (expr_commalist)



state 140

    expr_commalist  ->  expr_commalist . _COMMA simple_expr   (rule 231)
    vector_construction  ->  _LEFTCURL expr_commalist . _RIGHTCURL   (rule 240)

    _RIGHTCURL	shift, and go to state 258
    _COMMA	shift, and go to state 256



state 141

    record_construction  ->  _LEFTCURL pair_commalist . _RIGHTCURL   (rule 236)
    pair_commalist  ->  pair_commalist . _COMMA pair   (rule 238)

    _RIGHTCURL	shift, and go to state 259
    _COMMA	shift, and go to state 260



state 142

    pair_commalist  ->  pair .   (rule 237)

    $default	reduce using rule 237 (pair_commalist)



state 143

    timeval_expr  ->  _BAR _INTEGER_CONST . _MINUS _INTEGER_CONST _MINUS _INTEGER_CONST _DIVIDE _INTEGER_CONST _COLON _INTEGER_CONST _COLON _INTEGER_CONST _BAR   (rule 169)
    date_expr  ->  _BAR _INTEGER_CONST . _MINUS _INTEGER_CONST _MINUS _INTEGER_CONST _BAR   (rule 176)
    time_expr  ->  _BAR _INTEGER_CONST . _COLON _INTEGER_CONST _COLON _INTEGER_CONST _BAR   (rule 177)

    _MINUS	shift, and go to state 261
    _COLON	shift, and go to state 262



state 144

    timeinterval_expr  ->  _BAR _LEFTPAREN . simple_expr _COMMA simple_expr timeval_leftopen_end _BAR   (rule 171)

    _INTEGER_CONST	shift, and go to state 2
    _REAL_CONST	shift, and go to state 3
    _BOOLEAN_CONST	shift, and go to state 4
    _STRING_CONST	shift, and go to state 5
    _ID 	shift, and go to state 117
    _IVAR	shift, and go to state 7
    _MINUS	shift, and go to state 8
    _LESS	shift, and go to state 118
    _LEFTPAREN	shift, and go to state 10
    _LEFTCURL	shift, and go to state 11
    _BAR	shift, and go to state 13
    _TYPE	shift, and go to state 21
    _FUNCTION	shift, and go to state 22
    _RULE	shift, and go to state 23
    _BAG	shift, and go to state 28
    _VECTOR	shift, and go to state 29
    _HASH	shift, and go to state 31
    _VSELECT	shift, and go to state 32
    _OIDTAG	shift, and go to state 47
    _CAST	shift, and go to state 48
    _IN 	shift, and go to state 49

    constant	go to state 53
    numeric_constant	go to state 54
    id_dotlist	go to state 55
    function_name	go to state 56
    variable_name	go to state 57
    interface_variable_name	go to state 58
    gen_variable_name	go to state 59
    simple_type	go to state 60
    function_call	go to state 71
    casting	go to state 72
    temporal_value	go to state 73
    timeval_expr	go to state 74
    timeinterval_expr	go to state 75
    date_expr	go to state 76
    time_expr	go to state 77
    simple_expr	go to state 263
    bag_value	go to state 79
    record_construction	go to state 80
    vector_construction	go to state 81
    vector_reference	go to state 82



state 145

    timeinterval_expr  ->  _BAR _LEFTBRACKET . simple_expr _COMMA simple_expr timeval_leftclosed_end _BAR   (rule 170)

    _INTEGER_CONST	shift, and go to state 2
    _REAL_CONST	shift, and go to state 3
    _BOOLEAN_CONST	shift, and go to state 4
    _STRING_CONST	shift, and go to state 5
    _ID 	shift, and go to state 117
    _IVAR	shift, and go to state 7
    _MINUS	shift, and go to state 8
    _LESS	shift, and go to state 118
    _LEFTPAREN	shift, and go to state 10
    _LEFTCURL	shift, and go to state 11
    _BAR	shift, and go to state 13
    _TYPE	shift, and go to state 21
    _FUNCTION	shift, and go to state 22
    _RULE	shift, and go to state 23
    _BAG	shift, and go to state 28
    _VECTOR	shift, and go to state 29
    _HASH	shift, and go to state 31
    _VSELECT	shift, and go to state 32
    _OIDTAG	shift, and go to state 47
    _CAST	shift, and go to state 48
    _IN 	shift, and go to state 49

    constant	go to state 53
    numeric_constant	go to state 54
    id_dotlist	go to state 55
    function_name	go to state 56
    variable_name	go to state 57
    interface_variable_name	go to state 58
    gen_variable_name	go to state 59
    simple_type	go to state 60
    function_call	go to state 71
    casting	go to state 72
    temporal_value	go to state 73
    timeval_expr	go to state 74
    timeinterval_expr	go to state 75
    date_expr	go to state 76
    time_expr	go to state 77
    simple_expr	go to state 264
    bag_value	go to state 79
    record_construction	go to state 80
    vector_construction	go to state 81
    vector_reference	go to state 82



state 146

    simple_type  ->  _ID .   (rule 30)
    simple_type  ->  _ID . _ALPHAB _ID   (rule 31)
    function_name  ->  _ID .   (rule 80)
    procedure_stmt1  ->  _ID .   (rule 358)

    _ALPHAB	shift, and go to state 116

    _LEFTPAREN	reduce using rule 30 (simple_type)
    _LEFTPAREN	[reduce using rule 80 (function_name)]
    _DOT	reduce using rule 30 (simple_type)
    _ARROW	reduce using rule 30 (simple_type)
    $default	reduce using rule 358 (procedure_stmt1)



state 147

    end_stmt  ->  _SEMICOLON . _END   (rule 335)

    _END	shift, and go to state 265



state 148

    block_body  ->  _DECLARE . variable_declaration_commalist _SEMICOLON procedure_body_stmt_semicolonlist end_stmt   (rule 331)

    _ID 	shift, and go to state 160
    _TYPE	shift, and go to state 21
    _FUNCTION	shift, and go to state 22
    _RULE	shift, and go to state 23
    _BAG	shift, and go to state 152
    _VECTOR	shift, and go to state 153

    type_name	go to state 266
    simple_type	go to state 162
    aggr_type	go to state 163
    variable_declaration	go to state 267
    variable_declaration_commalist	go to state 268



state 149

    end_stmt  ->  _END .   (rule 334)

    $default	reduce using rule 334 (end_stmt)



state 150

    create_object_stmt  ->  _CREATE . _ID new_instances   (rule 123)
    create_object_stmt  ->  _CREATE . _ID _LEFTPAREN function_name_commalist _RIGHTPAREN new_instances   (rule 124)

    _ID 	shift, and go to state 166



state 151

    delete_object_stmt  ->  _DELETE . gen_variable_name   (rule 133)

    _ID 	shift, and go to state 170
    _IVAR	shift, and go to state 7

    variable_name	go to state 57
    interface_variable_name	go to state 58
    gen_variable_name	go to state 174



state 152

    simple_type  ->  _BAG .   (rule 35)

    $default	reduce using rule 35 (simple_type)



state 153

    simple_type  ->  _VECTOR .   (rule 36)

    $default	reduce using rule 36 (simple_type)



state 154

    procedure_body_stmt  ->  function_call .   (rule 326)

    $default	reduce using rule 326 (procedure_body_stmt)



state 155

    procedure_body_stmt_semicolonlist  ->  procedure_body_stmt .   (rule 327)

    $default	reduce using rule 327 (procedure_body_stmt_semicolonlist)



state 156

    procedure_body_stmt_semicolonlist  ->  procedure_body_stmt_semicolonlist . _SEMICOLON procedure_body_stmt   (rule 328)
    block_body  ->  procedure_body_stmt_semicolonlist . end_stmt   (rule 332)

    _SEMICOLON	shift, and go to state 269
    _END	shift, and go to state 149

    end_stmt	go to state 270



state 157

    block  ->  _BEGIN block_body .   (rule 329)

    $default	reduce using rule 329 (block)



state 158

    block_body  ->  end_stmt .   (rule 333)

    $default	reduce using rule 333 (block_body)



state 159

    procedure_body_stmt  ->  procedure_stmt .   (rule 325)

    $default	reduce using rule 325 (procedure_body_stmt)



state 160

    simple_type  ->  _ID .   (rule 30)
    simple_type  ->  _ID . _ALPHAB _ID   (rule 31)

    _ALPHAB	shift, and go to state 116

    $default	reduce using rule 30 (simple_type)



state 161

    interface_variable_declaration  ->  type_name . interface_variable_name   (rule 321)

    _IVAR	shift, and go to state 7

    interface_variable_name	go to state 271



state 162

    type_name  ->  simple_type .   (rule 26)
    aggr_type  ->  simple_type . _OF tuple_type   (rule 40)

    _OF 	shift, and go to state 272

    $default	reduce using rule 26 (type_name)



state 163

    type_name  ->  aggr_type .   (rule 27)

    $default	reduce using rule 27 (type_name)



state 164

    interface_variable_declaration_commalist  ->  interface_variable_declaration .   (rule 322)

    $default	reduce using rule 322 (interface_variable_declaration_commalist)



state 165

    interface_variable_declaration_commalist  ->  interface_variable_declaration_commalist . _COMMA interface_variable_declaration   (rule 323)
    declare_stmt  ->  _DECLARE interface_variable_declaration_commalist .   (rule 324)

    _COMMA	shift, and go to state 273

    $default	reduce using rule 324 (declare_stmt)



state 166

    create_object_stmt  ->  _CREATE _ID . new_instances   (rule 123)
    create_object_stmt  ->  _CREATE _ID . _LEFTPAREN function_name_commalist _RIGHTPAREN new_instances   (rule 124)

    _LEFTPAREN	shift, and go to state 274
    _INSTANCES	shift, and go to state 275

    new_instances	go to state 276



state 167

    create_type_stmt  ->  _CREATE _TYPE . _ID properties   (rule 42)
    create_type_stmt  ->  _CREATE _TYPE . _ID _SUBTYPE _OF id_commalist properties   (rule 43)
    create_type_stmt  ->  _CREATE _TYPE . _ID _UNDER id_commalist properties   (rule 44)

    _ID 	shift, and go to state 277



state 168

    create_rule_stmt  ->  _CREATE _RULE . rule_name argl_spec rule_implementation   (rule 247)

    _ID 	shift, and go to state 278

    rule_name	go to state 279



state 169

    create_derived_type_stmt  ->  _CREATE _DERIVED . _TYPE _ID derived_subtypeof_clause derived_key_clause derived_supertypeof_clause properties   (rule 45)

    _TYPE	shift, and go to state 280



state 170

    variable_name  ->  _ID .   (rule 18)

    $default	reduce using rule 18 (variable_name)



state 171

    delete_type_stmt  ->  _DELETE _TYPE . _ID   (rule 79)

    _ID 	shift, and go to state 281



state 172

    delete_function_stmt  ->  _DELETE _FUNCTION . function_name   (rule 122)

    _ID 	shift, and go to state 180
    _TYPE	shift, and go to state 21
    _FUNCTION	shift, and go to state 22
    _RULE	shift, and go to state 23
    _BAG	shift, and go to state 152
    _VECTOR	shift, and go to state 153
    _IN 	shift, and go to state 49

    id_dotlist	go to state 55
    function_name	go to state 282
    simple_type	go to state 60



state 173

    delete_rule_stmt  ->  _DELETE _RULE . rule_name   (rule 272)

    _ID 	shift, and go to state 278

    rule_name	go to state 283



state 174

    delete_object_stmt  ->  _DELETE gen_variable_name .   (rule 133)

    $default	reduce using rule 133 (delete_object_stmt)



state 175

    set_variable_stmt  ->  _SET _LEFTPAREN . gen_variable_name_commalist _RIGHTPAREN _EQUAL simple_expr   (rule 337)

    _ID 	shift, and go to state 170
    _IVAR	shift, and go to state 7

    variable_name	go to state 57
    interface_variable_name	go to state 58
    gen_variable_name	go to state 284
    gen_variable_name_commalist	go to state 285



state 176

    function_call0  ->  function_name . _LEFTPAREN _RIGHTPAREN   (rule 152)
    function_call0  ->  function_name . _LEFTPAREN expr_commalist _RIGHTPAREN   (rule 153)
    function_call0  ->  function_name . _LEFTPAREN _RIGHTPAREN temporal_call   (rule 154)
    function_call0  ->  function_name . _LEFTPAREN expr_commalist _RIGHTPAREN temporal_call   (rule 155)

    _LEFTPAREN	shift, and go to state 286



state 177

    set_variable_stmt  ->  _SET gen_variable_name . _EQUAL simple_expr   (rule 336)

    _EQUAL	shift, and go to state 287



state 178

    update_item  ->  function_call0 . _EQUAL init_value   (rule 294)

    _EQUAL	shift, and go to state 288



state 179

    update_stmt  ->  _SET update_item . for_each_clause where_clause   (rule 287)

    _FROM	shift, and go to state 289

    $default	reduce using rule 144 (for_each_clause)

    for_each_clause	go to state 290



state 180

    simple_type  ->  _ID .   (rule 30)
    simple_type  ->  _ID . _ALPHAB _ID   (rule 31)
    function_name  ->  _ID .   (rule 80)

    _ALPHAB	shift, and go to state 116

    _ID 	reduce using rule 30 (simple_type)
    _ID 	[reduce using rule 80 (function_name)]
    _LEFTPAREN	reduce using rule 30 (simple_type)
    _LEFTPAREN	[reduce using rule 80 (function_name)]
    _RIGHTPAREN	reduce using rule 30 (simple_type)
    _RIGHTPAREN	[reduce using rule 80 (function_name)]
    _COMMA	reduce using rule 30 (simple_type)
    _COMMA	[reduce using rule 80 (function_name)]
    _SEMICOLON	reduce using rule 30 (simple_type)
    _SEMICOLON	[reduce using rule 80 (function_name)]
    _KEY	reduce using rule 30 (simple_type)
    _KEY	[reduce using rule 80 (function_name)]
    _FOREIGN	reduce using rule 30 (simple_type)
    _FOREIGN	[reduce using rule 80 (function_name)]
    _TYPE	reduce using rule 30 (simple_type)
    _TYPE	[reduce using rule 80 (function_name)]
    _FUNCTION	reduce using rule 30 (simple_type)
    _FUNCTION	[reduce using rule 80 (function_name)]
    _RULE	reduce using rule 30 (simple_type)
    _RULE	[reduce using rule 80 (function_name)]
    _SELECT	reduce using rule 30 (simple_type)
    _SELECT	[reduce using rule 80 (function_name)]
    _BAG	reduce using rule 30 (simple_type)
    _BAG	[reduce using rule 80 (function_name)]
    _VECTOR	reduce using rule 30 (simple_type)
    _VECTOR	[reduce using rule 80 (function_name)]
    _COST	reduce using rule 30 (simple_type)
    _COST	[reduce using rule 80 (function_name)]
    _REWRITER	reduce using rule 30 (simple_type)
    _REWRITER	[reduce using rule 80 (function_name)]
    $default	reduce using rule 30 (simple_type)



state 181

    simple_type  ->  _TYPE .   (rule 34)
    update_stmt  ->  _ADD _TYPE . _ID _TO initialize_commalist   (rule 289)
    update_stmt  ->  _ADD _TYPE . _ID _LEFTPAREN function_name_commalist _RIGHTPAREN _TO initialize_commalist   (rule 290)
    update_stmt  ->  _ADD _TYPE . _ID _PROPERTIES _LEFTPAREN function_name_commalist _RIGHTPAREN _TO initialize_commalist   (rule 291)

    _ID 	shift, and go to state 291

    $default	reduce using rule 34 (simple_type)



state 182

    update_stmt  ->  _ADD update_item . for_each_clause where_clause   (rule 288)

    _FROM	shift, and go to state 289

    $default	reduce using rule 144 (for_each_clause)

    for_each_clause	go to state 292



state 183

    simple_type  ->  _TYPE .   (rule 34)
    update_stmt  ->  _REMOVE _TYPE . _ID _FROM gen_variable_name_commalist   (rule 293)

    _ID 	shift, and go to state 293

    $default	reduce using rule 34 (simple_type)



state 184

    update_stmt  ->  _REMOVE update_item . for_each_clause where_clause   (rule 292)

    _FROM	shift, and go to state 289

    $default	reduce using rule 144 (for_each_clause)

    for_each_clause	go to state 294



state 185

    activate_rule_stmt  ->  _ACTIVATE _RULE . rule_name _LEFTPAREN _RIGHTPAREN   (rule 273)
    activate_rule_stmt  ->  _ACTIVATE _RULE . rule_name _LEFTPAREN _RIGHTPAREN activation_props   (rule 274)
    activate_rule_stmt  ->  _ACTIVATE _RULE . rule_name _LEFTPAREN expr_commalist _RIGHTPAREN   (rule 275)
    activate_rule_stmt  ->  _ACTIVATE _RULE . rule_name _LEFTPAREN expr_commalist _RIGHTPAREN activation_props   (rule 276)

    _ID 	shift, and go to state 278

    rule_name	go to state 295



state 186

    deactivate_rule_stmt  ->  _DEACTIVATE _RULE . rule_name _LEFTPAREN _RIGHTPAREN   (rule 281)
    deactivate_rule_stmt  ->  _DEACTIVATE _RULE . rule_name _LEFTPAREN expr_commalist _RIGHTPAREN   (rule 282)

    _ID 	shift, and go to state 278

    rule_name	go to state 296



state 187

    distinct_spec  ->  _DISTINCT .   (rule 139)

    $default	reduce using rule 139 (distinct_spec)



state 188

    select_stmt1  ->  _SELECT distinct_spec . select_item_commalist into_clause for_each_clause where_clause   (rule 137)

    _INTEGER_CONST	shift, and go to state 2
    _REAL_CONST	shift, and go to state 3
    _BOOLEAN_CONST	shift, and go to state 4
    _STRING_CONST	shift, and go to state 5
    _ID 	shift, and go to state 117
    _IVAR	shift, and go to state 7
    _MINUS	shift, and go to state 8
    _LESS	shift, and go to state 118
    _LEFTPAREN	shift, and go to state 10
    _LEFTCURL	shift, and go to state 11
    _BAR	shift, and go to state 13
    _TYPE	shift, and go to state 21
    _FUNCTION	shift, and go to state 22
    _RULE	shift, and go to state 23
    _BAG	shift, and go to state 28
    _VECTOR	shift, and go to state 29
    _HASH	shift, and go to state 31
    _VSELECT	shift, and go to state 32
    _OIDTAG	shift, and go to state 47
    _CAST	shift, and go to state 48
    _IN 	shift, and go to state 49

    $default	reduce using rule 119 (select_item_commalist)

    constant	go to state 53
    numeric_constant	go to state 54
    id_dotlist	go to state 55
    function_name	go to state 56
    variable_name	go to state 57
    interface_variable_name	go to state 58
    gen_variable_name	go to state 59
    simple_type	go to state 60
    select_item	go to state 297
    select_item_commalist	go to state 298
    select_item_commalist1	go to state 299
    function_call	go to state 71
    casting	go to state 72
    temporal_value	go to state 73
    timeval_expr	go to state 74
    timeinterval_expr	go to state 75
    date_expr	go to state 76
    time_expr	go to state 77
    simple_expr	go to state 300
    bag_value	go to state 79
    record_construction	go to state 80
    vector_construction	go to state 81
    vector_reference	go to state 82



state 189

    for_each_stmt  ->  _FOR _EACH . for_each_option for_each_vars where_clause procedure_body_stmt   (rule 367)

    _DISTINCT	shift, and go to state 301
    _ORIGINAL	shift, and go to state 302

    $default	reduce using rule 364 (for_each_option)

    for_each_option	go to state 303



state 190

    bag_value  ->  _BAG _LEFTPAREN . expr_commalist _RIGHTPAREN   (rule 234)
    bag_value  ->  _BAG _LEFTPAREN . _RIGHTPAREN   (rule 235)

    _INTEGER_CONST	shift, and go to state 2
    _REAL_CONST	shift, and go to state 3
    _BOOLEAN_CONST	shift, and go to state 4
    _STRING_CONST	shift, and go to state 5
    _ID 	shift, and go to state 117
    _IVAR	shift, and go to state 7
    _MINUS	shift, and go to state 8
    _LESS	shift, and go to state 118
    _LEFTPAREN	shift, and go to state 10
    _RIGHTPAREN	shift, and go to state 304
    _LEFTCURL	shift, and go to state 11
    _BAR	shift, and go to state 13
    _TYPE	shift, and go to state 21
    _FUNCTION	shift, and go to state 22
    _RULE	shift, and go to state 23
    _BAG	shift, and go to state 28
    _VECTOR	shift, and go to state 29
    _HASH	shift, and go to state 31
    _VSELECT	shift, and go to state 32
    _OIDTAG	shift, and go to state 47
    _CAST	shift, and go to state 48
    _IN 	shift, and go to state 49

    constant	go to state 53
    numeric_constant	go to state 54
    id_dotlist	go to state 55
    function_name	go to state 56
    variable_name	go to state 57
    interface_variable_name	go to state 58
    gen_variable_name	go to state 59
    simple_type	go to state 60
    function_call	go to state 71
    casting	go to state 72
    temporal_value	go to state 73
    timeval_expr	go to state 74
    timeinterval_expr	go to state 75
    date_expr	go to state 76
    time_expr	go to state 77
    simple_expr	go to state 139
    expr_commalist	go to state 305
    bag_value	go to state 79
    record_construction	go to state 80
    vector_construction	go to state 81
    vector_reference	go to state 82



state 191

    vector_construction  ->  _VECTOR _LEFTPAREN . expr_commalist _RIGHTPAREN   (rule 242)
    vector_construction  ->  _VECTOR _LEFTPAREN . _RIGHTPAREN   (rule 243)

    _INTEGER_CONST	shift, and go to state 2
    _REAL_CONST	shift, and go to state 3
    _BOOLEAN_CONST	shift, and go to state 4
    _STRING_CONST	shift, and go to state 5
    _ID 	shift, and go to state 117
    _IVAR	shift, and go to state 7
    _MINUS	shift, and go to state 8
    _LESS	shift, and go to state 118
    _LEFTPAREN	shift, and go to state 10
    _RIGHTPAREN	shift, and go to state 306
    _LEFTCURL	shift, and go to state 11
    _BAR	shift, and go to state 13
    _TYPE	shift, and go to state 21
    _FUNCTION	shift, and go to state 22
    _RULE	shift, and go to state 23
    _BAG	shift, and go to state 28
    _VECTOR	shift, and go to state 29
    _HASH	shift, and go to state 31
    _VSELECT	shift, and go to state 32
    _OIDTAG	shift, and go to state 47
    _CAST	shift, and go to state 48
    _IN 	shift, and go to state 49

    constant	go to state 53
    numeric_constant	go to state 54
    id_dotlist	go to state 55
    function_name	go to state 56
    variable_name	go to state 57
    interface_variable_name	go to state 58
    gen_variable_name	go to state 59
    simple_type	go to state 60
    function_call	go to state 71
    casting	go to state 72
    temporal_value	go to state 73
    timeval_expr	go to state 74
    timeinterval_expr	go to state 75
    date_expr	go to state 76
    time_expr	go to state 77
    simple_expr	go to state 139
    expr_commalist	go to state 307
    bag_value	go to state 79
    record_construction	go to state 80
    vector_construction	go to state 81
    vector_reference	go to state 82



state 192

    simple_expr  ->  simple_expr . _DIVIDE simple_expr   (rule 209)
    simple_expr  ->  simple_expr . _CARET simple_expr   (rule 210)
    simple_expr  ->  simple_expr . _DOTCARET simple_expr   (rule 211)
    simple_expr  ->  simple_expr . _DOTDIVIDE simple_expr   (rule 212)
    simple_expr  ->  simple_expr . _TIMES simple_expr   (rule 213)
    simple_expr  ->  simple_expr . _DOTTIMES simple_expr   (rule 214)
    simple_expr  ->  simple_expr . _PLUS simple_expr   (rule 215)
    simple_expr  ->  simple_expr . _MINUS simple_expr   (rule 216)
    simple_expr  ->  simple_expr . _AND simple_expr   (rule 217)
    simple_expr  ->  simple_expr . _OR simple_expr   (rule 218)
    simple_expr  ->  simple_expr . _EQUAL simple_expr   (rule 219)
    simple_expr  ->  simple_expr . _LESSEQ simple_expr   (rule 220)
    simple_expr  ->  simple_expr . _LESS simple_expr   (rule 221)
    simple_expr  ->  simple_expr . _GREATEREQ simple_expr   (rule 222)
    simple_expr  ->  simple_expr . _GREATER simple_expr   (rule 223)
    simple_expr  ->  simple_expr . _UNEQUAL simple_expr   (rule 224)
    simple_expr  ->  simple_expr . _IN simple_expr   (rule 225)
    vector_reference  ->  simple_expr . _LEFTBRACKET simple_expr _RIGHTBRACKET   (rule 244)
    init_value  ->  simple_expr .   (rule 246)

    _PLUS	shift, and go to state 219
    _MINUS	shift, and go to state 220
    _TIMES	shift, and go to state 221
    _DIVIDE	shift, and go to state 222
    _DOTTIMES	shift, and go to state 223
    _DOTDIVIDE	shift, and go to state 224
    _CARET	shift, and go to state 225
    _DOTCARET	shift, and go to state 226
    _AND	shift, and go to state 227
    _OR 	shift, and go to state 228
    _EQUAL	shift, and go to state 229
    _LESS	shift, and go to state 230
    _GREATER	shift, and go to state 231
    _LESSEQ	shift, and go to state 232
    _GREATEREQ	shift, and go to state 233
    _UNEQUAL	shift, and go to state 234
    _LEFTBRACKET	shift, and go to state 235
    _IN 	shift, and go to state 236

    $default	reduce using rule 246 (init_value)



state 193

    result_stmt  ->  _RETURN init_value .   (rule 363)

    $default	reduce using rule 363 (result_stmt)



state 194

    simple_expr  ->  _HASH _STRING_CONST .   (rule 228)

    $default	reduce using rule 228 (simple_expr)



state 195

    function_call  ->  _VSELECT distinct_spec . select_item_commalist into_clause for_each_clause where_clause   (rule 161)

    _INTEGER_CONST	shift, and go to state 2
    _REAL_CONST	shift, and go to state 3
    _BOOLEAN_CONST	shift, and go to state 4
    _STRING_CONST	shift, and go to state 5
    _ID 	shift, and go to state 117
    _IVAR	shift, and go to state 7
    _MINUS	shift, and go to state 8
    _LESS	shift, and go to state 118
    _LEFTPAREN	shift, and go to state 10
    _LEFTCURL	shift, and go to state 11
    _BAR	shift, and go to state 13
    _TYPE	shift, and go to state 21
    _FUNCTION	shift, and go to state 22
    _RULE	shift, and go to state 23
    _BAG	shift, and go to state 28
    _VECTOR	shift, and go to state 29
    _HASH	shift, and go to state 31
    _VSELECT	shift, and go to state 32
    _OIDTAG	shift, and go to state 47
    _CAST	shift, and go to state 48
    _IN 	shift, and go to state 49

    _ID 	[reduce using rule 119 (select_item_commalist)]
    _MINUS	[reduce using rule 119 (select_item_commalist)]
    _LESS	[reduce using rule 119 (select_item_commalist)]
    _TYPE	[reduce using rule 119 (select_item_commalist)]
    _FUNCTION	[reduce using rule 119 (select_item_commalist)]
    _RULE	[reduce using rule 119 (select_item_commalist)]
    _BAG	[reduce using rule 119 (select_item_commalist)]
    _VECTOR	[reduce using rule 119 (select_item_commalist)]
    _VSELECT	[reduce using rule 119 (select_item_commalist)]
    _IN 	[reduce using rule 119 (select_item_commalist)]
    $default	reduce using rule 119 (select_item_commalist)

    constant	go to state 53
    numeric_constant	go to state 54
    id_dotlist	go to state 55
    function_name	go to state 56
    variable_name	go to state 57
    interface_variable_name	go to state 58
    gen_variable_name	go to state 59
    simple_type	go to state 60
    select_item	go to state 297
    select_item_commalist	go to state 308
    select_item_commalist1	go to state 299
    function_call	go to state 71
    casting	go to state 72
    temporal_value	go to state 73
    timeval_expr	go to state 74
    timeinterval_expr	go to state 75
    date_expr	go to state 76
    time_expr	go to state 77
    simple_expr	go to state 300
    bag_value	go to state 79
    record_construction	go to state 80
    vector_construction	go to state 81
    vector_reference	go to state 82



state 196

    general_expr_test  ->  general_expr_query .   (rule 320)

    $default	reduce using rule 320 (general_expr_test)



state 197

    if_stmt  ->  _IF general_expr_test . _THEN procedure_body_stmt   (rule 361)
    if_stmt  ->  _IF general_expr_test . _THEN procedure_body_stmt _ELSE procedure_body_stmt   (rule 362)

    _THEN	shift, and go to state 309



state 198

    cursor_name  ->  gen_variable_name .   (rule 284)

    $default	reduce using rule 284 (cursor_name)



state 199

    open_cursor_stmt  ->  _OPEN cursor_name . _FOR simple_expr   (rule 283)

    _FOR	shift, and go to state 310



state 200

    close_cursor_stmt  ->  _CLOSE cursor_name .   (rule 286)

    $default	reduce using rule 286 (close_cursor_stmt)



state 201

    fetch_cursor_stmt  ->  _FETCH cursor_name . into_clause1   (rule 285)

    _INTO	shift, and go to state 311

    $default	reduce using rule 142 (into_clause1)

    into_clause1	go to state 312



state 202

    save_stmt  ->  _SAVE _STRING_CONST .   (rule 374)

    $default	reduce using rule 374 (save_stmt)



state 203

    toggle  ->  _ON .   (rule 371)

    $default	reduce using rule 371 (toggle)



state 204

    toggle  ->  _OFF .   (rule 372)

    $default	reduce using rule 372 (toggle)



state 205

    logging  ->  _LOGGING toggle .   (rule 370)

    $default	reduce using rule 370 (logging)



state 206

    image_size  ->  _IMAGESIZE _INTEGER_CONST .   (rule 373)

    $default	reduce using rule 373 (image_size)



state 207

    rollback_stmt  ->  _ROLLBACK _INTEGER_CONST .   (rule 378)

    $default	reduce using rule 378 (rollback_stmt)



state 208

    database_id  ->  _STRING_CONST .   (rule 136)

    $default	reduce using rule 136 (database_id)



state 209

    select_stmt  ->  _AT database_id . select_stmt1   (rule 134)

    _SELECT	shift, and go to state 26

    select_stmt1	go to state 313



state 210

    oid_descr  ->  _INTEGER_CONST .   (rule 8)
    oid_descr  ->  _INTEGER_CONST . _STRING_CONST   (rule 9)

    _STRING_CONST	shift, and go to state 314

    $default	reduce using rule 8 (oid_descr)



state 211

    constant  ->  _OIDTAG oid_descr . _RIGHTBRACKET   (rule 4)

    _RIGHTBRACKET	shift, and go to state 315



state 212

    casting  ->  _CAST _LEFTPAREN . simple_expr _AS type_name _RIGHTPAREN   (rule 162)

    _INTEGER_CONST	shift, and go to state 2
    _REAL_CONST	shift, and go to state 3
    _BOOLEAN_CONST	shift, and go to state 4
    _STRING_CONST	shift, and go to state 5
    _ID 	shift, and go to state 117
    _IVAR	shift, and go to state 7
    _MINUS	shift, and go to state 8
    _LESS	shift, and go to state 118
    _LEFTPAREN	shift, and go to state 10
    _LEFTCURL	shift, and go to state 11
    _BAR	shift, and go to state 13
    _TYPE	shift, and go to state 21
    _FUNCTION	shift, and go to state 22
    _RULE	shift, and go to state 23
    _BAG	shift, and go to state 28
    _VECTOR	shift, and go to state 29
    _HASH	shift, and go to state 31
    _VSELECT	shift, and go to state 32
    _OIDTAG	shift, and go to state 47
    _CAST	shift, and go to state 48
    _IN 	shift, and go to state 49

    constant	go to state 53
    numeric_constant	go to state 54
    id_dotlist	go to state 55
    function_name	go to state 56
    variable_name	go to state 57
    interface_variable_name	go to state 58
    gen_variable_name	go to state 59
    simple_type	go to state 60
    function_call	go to state 71
    casting	go to state 72
    temporal_value	go to state 73
    timeval_expr	go to state 74
    timeinterval_expr	go to state 75
    date_expr	go to state 76
    time_expr	go to state 77
    simple_expr	go to state 316
    bag_value	go to state 79
    record_construction	go to state 80
    vector_construction	go to state 81
    vector_reference	go to state 82



state 213

    loop_stmt  ->  _LOOP block_body . _LOOP   (rule 360)

    _LOOP	shift, and go to state 317



state 214

    simple_expr  ->  simple_expr . _DIVIDE simple_expr   (rule 209)
    simple_expr  ->  simple_expr . _CARET simple_expr   (rule 210)
    simple_expr  ->  simple_expr . _DOTCARET simple_expr   (rule 211)
    simple_expr  ->  simple_expr . _DOTDIVIDE simple_expr   (rule 212)
    simple_expr  ->  simple_expr . _TIMES simple_expr   (rule 213)
    simple_expr  ->  simple_expr . _DOTTIMES simple_expr   (rule 214)
    simple_expr  ->  simple_expr . _PLUS simple_expr   (rule 215)
    simple_expr  ->  simple_expr . _MINUS simple_expr   (rule 216)
    simple_expr  ->  simple_expr . _AND simple_expr   (rule 217)
    simple_expr  ->  simple_expr . _OR simple_expr   (rule 218)
    simple_expr  ->  simple_expr . _EQUAL simple_expr   (rule 219)
    simple_expr  ->  simple_expr . _LESSEQ simple_expr   (rule 220)
    simple_expr  ->  simple_expr . _LESS simple_expr   (rule 221)
    simple_expr  ->  simple_expr . _GREATEREQ simple_expr   (rule 222)
    simple_expr  ->  simple_expr . _GREATER simple_expr   (rule 223)
    simple_expr  ->  simple_expr . _UNEQUAL simple_expr   (rule 224)
    simple_expr  ->  simple_expr . _IN simple_expr   (rule 225)
    vector_reference  ->  simple_expr . _LEFTBRACKET simple_expr _RIGHTBRACKET   (rule 244)
    while_stmt  ->  _WHILE simple_expr . _DO block_body _WHILE   (rule 359)

    _PLUS	shift, and go to state 219
    _MINUS	shift, and go to state 220
    _TIMES	shift, and go to state 221
    _DIVIDE	shift, and go to state 222
    _DOTTIMES	shift, and go to state 223
    _DOTDIVIDE	shift, and go to state 224
    _CARET	shift, and go to state 225
    _DOTCARET	shift, and go to state 226
    _AND	shift, and go to state 227
    _OR 	shift, and go to state 228
    _EQUAL	shift, and go to state 229
    _LESS	shift, and go to state 230
    _GREATER	shift, and go to state 231
    _LESSEQ	shift, and go to state 232
    _GREATEREQ	shift, and go to state 233
    _UNEQUAL	shift, and go to state 234
    _LEFTBRACKET	shift, and go to state 235
    _DO 	shift, and go to state 318
    _IN 	shift, and go to state 236



state 215

    id_dotlist  ->  id_dotlist _DOT . simple_type @1   (rule 14)

    _ID 	shift, and go to state 160
    _TYPE	shift, and go to state 21
    _FUNCTION	shift, and go to state 22
    _RULE	shift, and go to state 23
    _BAG	shift, and go to state 152
    _VECTOR	shift, and go to state 153

    simple_type	go to state 319



state 216

    function_name  ->  id_dotlist _ARROW . id_dotlist   (rule 16)

    _ID 	shift, and go to state 160
    _TYPE	shift, and go to state 21
    _FUNCTION	shift, and go to state 22
    _RULE	shift, and go to state 23
    _BAG	shift, and go to state 152
    _VECTOR	shift, and go to state 153

    id_dotlist	go to state 320
    simple_type	go to state 60



state 217

    function_call  ->  function_name _LEFTPAREN . _RIGHTPAREN   (rule 156)
    function_call  ->  function_name _LEFTPAREN . select_stmt1 _RIGHTPAREN   (rule 157)
    function_call  ->  function_name _LEFTPAREN . expr_commalist _RIGHTPAREN   (rule 158)
    function_call  ->  function_name _LEFTPAREN . _RIGHTPAREN temporal_call   (rule 159)
    function_call  ->  function_name _LEFTPAREN . expr_commalist _RIGHTPAREN temporal_call   (rule 160)

    _INTEGER_CONST	shift, and go to state 2
    _REAL_CONST	shift, and go to state 3
    _BOOLEAN_CONST	shift, and go to state 4
    _STRING_CONST	shift, and go to state 5
    _ID 	shift, and go to state 117
    _IVAR	shift, and go to state 7
    _MINUS	shift, and go to state 8
    _LESS	shift, and go to state 118
    _LEFTPAREN	shift, and go to state 10
    _RIGHTPAREN	shift, and go to state 321
    _LEFTCURL	shift, and go to state 11
    _BAR	shift, and go to state 13
    _TYPE	shift, and go to state 21
    _FUNCTION	shift, and go to state 22
    _RULE	shift, and go to state 23
    _SELECT	shift, and go to state 26
    _BAG	shift, and go to state 28
    _VECTOR	shift, and go to state 29
    _HASH	shift, and go to state 31
    _VSELECT	shift, and go to state 32
    _OIDTAG	shift, and go to state 47
    _CAST	shift, and go to state 48
    _IN 	shift, and go to state 49

    constant	go to state 53
    numeric_constant	go to state 54
    id_dotlist	go to state 55
    function_name	go to state 56
    variable_name	go to state 57
    interface_variable_name	go to state 58
    gen_variable_name	go to state 59
    simple_type	go to state 60
    select_stmt1	go to state 322
    function_call	go to state 71
    casting	go to state 72
    temporal_value	go to state 73
    timeval_expr	go to state 74
    timeinterval_expr	go to state 75
    date_expr	go to state 76
    time_expr	go to state 77
    simple_expr	go to state 139
    expr_commalist	go to state 323
    bag_value	go to state 79
    record_construction	go to state 80
    vector_construction	go to state 81
    vector_reference	go to state 82



state 218

    create_function_stmt  ->  create_keyword _FUNCTION . function_name argl_spec _ARROW resl_spec fn_implementation   (rule 82)

    _ID 	shift, and go to state 180
    _TYPE	shift, and go to state 21
    _FUNCTION	shift, and go to state 22
    _RULE	shift, and go to state 23
    _BAG	shift, and go to state 152
    _VECTOR	shift, and go to state 153
    _IN 	shift, and go to state 49

    id_dotlist	go to state 55
    function_name	go to state 324
    simple_type	go to state 60



state 219

    simple_expr  ->  simple_expr _PLUS . simple_expr   (rule 215)

    _INTEGER_CONST	shift, and go to state 2
    _REAL_CONST	shift, and go to state 3
    _BOOLEAN_CONST	shift, and go to state 4
    _STRING_CONST	shift, and go to state 5
    _ID 	shift, and go to state 117
    _IVAR	shift, and go to state 7
    _MINUS	shift, and go to state 8
    _LESS	shift, and go to state 118
    _LEFTPAREN	shift, and go to state 10
    _LEFTCURL	shift, and go to state 11
    _BAR	shift, and go to state 13
    _TYPE	shift, and go to state 21
    _FUNCTION	shift, and go to state 22
    _RULE	shift, and go to state 23
    _BAG	shift, and go to state 28
    _VECTOR	shift, and go to state 29
    _HASH	shift, and go to state 31
    _VSELECT	shift, and go to state 32
    _OIDTAG	shift, and go to state 47
    _CAST	shift, and go to state 48
    _IN 	shift, and go to state 49

    constant	go to state 53
    numeric_constant	go to state 54
    id_dotlist	go to state 55
    function_name	go to state 56
    variable_name	go to state 57
    interface_variable_name	go to state 58
    gen_variable_name	go to state 59
    simple_type	go to state 60
    function_call	go to state 71
    casting	go to state 72
    temporal_value	go to state 73
    timeval_expr	go to state 74
    timeinterval_expr	go to state 75
    date_expr	go to state 76
    time_expr	go to state 77
    simple_expr	go to state 325
    bag_value	go to state 79
    record_construction	go to state 80
    vector_construction	go to state 81
    vector_reference	go to state 82



state 220

    simple_expr  ->  simple_expr _MINUS . simple_expr   (rule 216)

    _INTEGER_CONST	shift, and go to state 2
    _REAL_CONST	shift, and go to state 3
    _BOOLEAN_CONST	shift, and go to state 4
    _STRING_CONST	shift, and go to state 5
    _ID 	shift, and go to state 117
    _IVAR	shift, and go to state 7
    _MINUS	shift, and go to state 8
    _LESS	shift, and go to state 118
    _LEFTPAREN	shift, and go to state 10
    _LEFTCURL	shift, and go to state 11
    _BAR	shift, and go to state 13
    _TYPE	shift, and go to state 21
    _FUNCTION	shift, and go to state 22
    _RULE	shift, and go to state 23
    _BAG	shift, and go to state 28
    _VECTOR	shift, and go to state 29
    _HASH	shift, and go to state 31
    _VSELECT	shift, and go to state 32
    _OIDTAG	shift, and go to state 47
    _CAST	shift, and go to state 48
    _IN 	shift, and go to state 49

    constant	go to state 53
    numeric_constant	go to state 54
    id_dotlist	go to state 55
    function_name	go to state 56
    variable_name	go to state 57
    interface_variable_name	go to state 58
    gen_variable_name	go to state 59
    simple_type	go to state 60
    function_call	go to state 71
    casting	go to state 72
    temporal_value	go to state 73
    timeval_expr	go to state 74
    timeinterval_expr	go to state 75
    date_expr	go to state 76
    time_expr	go to state 77
    simple_expr	go to state 326
    bag_value	go to state 79
    record_construction	go to state 80
    vector_construction	go to state 81
    vector_reference	go to state 82



state 221

    simple_expr  ->  simple_expr _TIMES . simple_expr   (rule 213)

    _INTEGER_CONST	shift, and go to state 2
    _REAL_CONST	shift, and go to state 3
    _BOOLEAN_CONST	shift, and go to state 4
    _STRING_CONST	shift, and go to state 5
    _ID 	shift, and go to state 117
    _IVAR	shift, and go to state 7
    _MINUS	shift, and go to state 8
    _LESS	shift, and go to state 118
    _LEFTPAREN	shift, and go to state 10
    _LEFTCURL	shift, and go to state 11
    _BAR	shift, and go to state 13
    _TYPE	shift, and go to state 21
    _FUNCTION	shift, and go to state 22
    _RULE	shift, and go to state 23
    _BAG	shift, and go to state 28
    _VECTOR	shift, and go to state 29
    _HASH	shift, and go to state 31
    _VSELECT	shift, and go to state 32
    _OIDTAG	shift, and go to state 47
    _CAST	shift, and go to state 48
    _IN 	shift, and go to state 49

    constant	go to state 53
    numeric_constant	go to state 54
    id_dotlist	go to state 55
    function_name	go to state 56
    variable_name	go to state 57
    interface_variable_name	go to state 58
    gen_variable_name	go to state 59
    simple_type	go to state 60
    function_call	go to state 71
    casting	go to state 72
    temporal_value	go to state 73
    timeval_expr	go to state 74
    timeinterval_expr	go to state 75
    date_expr	go to state 76
    time_expr	go to state 77
    simple_expr	go to state 327
    bag_value	go to state 79
    record_construction	go to state 80
    vector_construction	go to state 81
    vector_reference	go to state 82



state 222

    simple_expr  ->  simple_expr _DIVIDE . simple_expr   (rule 209)

    _INTEGER_CONST	shift, and go to state 2
    _REAL_CONST	shift, and go to state 3
    _BOOLEAN_CONST	shift, and go to state 4
    _STRING_CONST	shift, and go to state 5
    _ID 	shift, and go to state 117
    _IVAR	shift, and go to state 7
    _MINUS	shift, and go to state 8
    _LESS	shift, and go to state 118
    _LEFTPAREN	shift, and go to state 10
    _LEFTCURL	shift, and go to state 11
    _BAR	shift, and go to state 13
    _TYPE	shift, and go to state 21
    _FUNCTION	shift, and go to state 22
    _RULE	shift, and go to state 23
    _BAG	shift, and go to state 28
    _VECTOR	shift, and go to state 29
    _HASH	shift, and go to state 31
    _VSELECT	shift, and go to state 32
    _OIDTAG	shift, and go to state 47
    _CAST	shift, and go to state 48
    _IN 	shift, and go to state 49

    constant	go to state 53
    numeric_constant	go to state 54
    id_dotlist	go to state 55
    function_name	go to state 56
    variable_name	go to state 57
    interface_variable_name	go to state 58
    gen_variable_name	go to state 59
    simple_type	go to state 60
    function_call	go to state 71
    casting	go to state 72
    temporal_value	go to state 73
    timeval_expr	go to state 74
    timeinterval_expr	go to state 75
    date_expr	go to state 76
    time_expr	go to state 77
    simple_expr	go to state 328
    bag_value	go to state 79
    record_construction	go to state 80
    vector_construction	go to state 81
    vector_reference	go to state 82



state 223

    simple_expr  ->  simple_expr _DOTTIMES . simple_expr   (rule 214)

    _INTEGER_CONST	shift, and go to state 2
    _REAL_CONST	shift, and go to state 3
    _BOOLEAN_CONST	shift, and go to state 4
    _STRING_CONST	shift, and go to state 5
    _ID 	shift, and go to state 117
    _IVAR	shift, and go to state 7
    _MINUS	shift, and go to state 8
    _LESS	shift, and go to state 118
    _LEFTPAREN	shift, and go to state 10
    _LEFTCURL	shift, and go to state 11
    _BAR	shift, and go to state 13
    _TYPE	shift, and go to state 21
    _FUNCTION	shift, and go to state 22
    _RULE	shift, and go to state 23
    _BAG	shift, and go to state 28
    _VECTOR	shift, and go to state 29
    _HASH	shift, and go to state 31
    _VSELECT	shift, and go to state 32
    _OIDTAG	shift, and go to state 47
    _CAST	shift, and go to state 48
    _IN 	shift, and go to state 49

    constant	go to state 53
    numeric_constant	go to state 54
    id_dotlist	go to state 55
    function_name	go to state 56
    variable_name	go to state 57
    interface_variable_name	go to state 58
    gen_variable_name	go to state 59
    simple_type	go to state 60
    function_call	go to state 71
    casting	go to state 72
    temporal_value	go to state 73
    timeval_expr	go to state 74
    timeinterval_expr	go to state 75
    date_expr	go to state 76
    time_expr	go to state 77
    simple_expr	go to state 329
    bag_value	go to state 79
    record_construction	go to state 80
    vector_construction	go to state 81
    vector_reference	go to state 82



state 224

    simple_expr  ->  simple_expr _DOTDIVIDE . simple_expr   (rule 212)

    _INTEGER_CONST	shift, and go to state 2
    _REAL_CONST	shift, and go to state 3
    _BOOLEAN_CONST	shift, and go to state 4
    _STRING_CONST	shift, and go to state 5
    _ID 	shift, and go to state 117
    _IVAR	shift, and go to state 7
    _MINUS	shift, and go to state 8
    _LESS	shift, and go to state 118
    _LEFTPAREN	shift, and go to state 10
    _LEFTCURL	shift, and go to state 11
    _BAR	shift, and go to state 13
    _TYPE	shift, and go to state 21
    _FUNCTION	shift, and go to state 22
    _RULE	shift, and go to state 23
    _BAG	shift, and go to state 28
    _VECTOR	shift, and go to state 29
    _HASH	shift, and go to state 31
    _VSELECT	shift, and go to state 32
    _OIDTAG	shift, and go to state 47
    _CAST	shift, and go to state 48
    _IN 	shift, and go to state 49

    constant	go to state 53
    numeric_constant	go to state 54
    id_dotlist	go to state 55
    function_name	go to state 56
    variable_name	go to state 57
    interface_variable_name	go to state 58
    gen_variable_name	go to state 59
    simple_type	go to state 60
    function_call	go to state 71
    casting	go to state 72
    temporal_value	go to state 73
    timeval_expr	go to state 74
    timeinterval_expr	go to state 75
    date_expr	go to state 76
    time_expr	go to state 77
    simple_expr	go to state 330
    bag_value	go to state 79
    record_construction	go to state 80
    vector_construction	go to state 81
    vector_reference	go to state 82



state 225

    simple_expr  ->  simple_expr _CARET . simple_expr   (rule 210)

    _INTEGER_CONST	shift, and go to state 2
    _REAL_CONST	shift, and go to state 3
    _BOOLEAN_CONST	shift, and go to state 4
    _STRING_CONST	shift, and go to state 5
    _ID 	shift, and go to state 117
    _IVAR	shift, and go to state 7
    _MINUS	shift, and go to state 8
    _LESS	shift, and go to state 118
    _LEFTPAREN	shift, and go to state 10
    _LEFTCURL	shift, and go to state 11
    _BAR	shift, and go to state 13
    _TYPE	shift, and go to state 21
    _FUNCTION	shift, and go to state 22
    _RULE	shift, and go to state 23
    _BAG	shift, and go to state 28
    _VECTOR	shift, and go to state 29
    _HASH	shift, and go to state 31
    _VSELECT	shift, and go to state 32
    _OIDTAG	shift, and go to state 47
    _CAST	shift, and go to state 48
    _IN 	shift, and go to state 49

    constant	go to state 53
    numeric_constant	go to state 54
    id_dotlist	go to state 55
    function_name	go to state 56
    variable_name	go to state 57
    interface_variable_name	go to state 58
    gen_variable_name	go to state 59
    simple_type	go to state 60
    function_call	go to state 71
    casting	go to state 72
    temporal_value	go to state 73
    timeval_expr	go to state 74
    timeinterval_expr	go to state 75
    date_expr	go to state 76
    time_expr	go to state 77
    simple_expr	go to state 331
    bag_value	go to state 79
    record_construction	go to state 80
    vector_construction	go to state 81
    vector_reference	go to state 82



state 226

    simple_expr  ->  simple_expr _DOTCARET . simple_expr   (rule 211)

    _INTEGER_CONST	shift, and go to state 2
    _REAL_CONST	shift, and go to state 3
    _BOOLEAN_CONST	shift, and go to state 4
    _STRING_CONST	shift, and go to state 5
    _ID 	shift, and go to state 117
    _IVAR	shift, and go to state 7
    _MINUS	shift, and go to state 8
    _LESS	shift, and go to state 118
    _LEFTPAREN	shift, and go to state 10
    _LEFTCURL	shift, and go to state 11
    _BAR	shift, and go to state 13
    _TYPE	shift, and go to state 21
    _FUNCTION	shift, and go to state 22
    _RULE	shift, and go to state 23
    _BAG	shift, and go to state 28
    _VECTOR	shift, and go to state 29
    _HASH	shift, and go to state 31
    _VSELECT	shift, and go to state 32
    _OIDTAG	shift, and go to state 47
    _CAST	shift, and go to state 48
    _IN 	shift, and go to state 49

    constant	go to state 53
    numeric_constant	go to state 54
    id_dotlist	go to state 55
    function_name	go to state 56
    variable_name	go to state 57
    interface_variable_name	go to state 58
    gen_variable_name	go to state 59
    simple_type	go to state 60
    function_call	go to state 71
    casting	go to state 72
    temporal_value	go to state 73
    timeval_expr	go to state 74
    timeinterval_expr	go to state 75
    date_expr	go to state 76
    time_expr	go to state 77
    simple_expr	go to state 332
    bag_value	go to state 79
    record_construction	go to state 80
    vector_construction	go to state 81
    vector_reference	go to state 82



state 227

    simple_expr  ->  simple_expr _AND . simple_expr   (rule 217)

    _INTEGER_CONST	shift, and go to state 2
    _REAL_CONST	shift, and go to state 3
    _BOOLEAN_CONST	shift, and go to state 4
    _STRING_CONST	shift, and go to state 5
    _ID 	shift, and go to state 117
    _IVAR	shift, and go to state 7
    _MINUS	shift, and go to state 8
    _LESS	shift, and go to state 118
    _LEFTPAREN	shift, and go to state 10
    _LEFTCURL	shift, and go to state 11
    _BAR	shift, and go to state 13
    _TYPE	shift, and go to state 21
    _FUNCTION	shift, and go to state 22
    _RULE	shift, and go to state 23
    _BAG	shift, and go to state 28
    _VECTOR	shift, and go to state 29
    _HASH	shift, and go to state 31
    _VSELECT	shift, and go to state 32
    _OIDTAG	shift, and go to state 47
    _CAST	shift, and go to state 48
    _IN 	shift, and go to state 49

    constant	go to state 53
    numeric_constant	go to state 54
    id_dotlist	go to state 55
    function_name	go to state 56
    variable_name	go to state 57
    interface_variable_name	go to state 58
    gen_variable_name	go to state 59
    simple_type	go to state 60
    function_call	go to state 71
    casting	go to state 72
    temporal_value	go to state 73
    timeval_expr	go to state 74
    timeinterval_expr	go to state 75
    date_expr	go to state 76
    time_expr	go to state 77
    simple_expr	go to state 333
    bag_value	go to state 79
    record_construction	go to state 80
    vector_construction	go to state 81
    vector_reference	go to state 82



state 228

    simple_expr  ->  simple_expr _OR . simple_expr   (rule 218)

    _INTEGER_CONST	shift, and go to state 2
    _REAL_CONST	shift, and go to state 3
    _BOOLEAN_CONST	shift, and go to state 4
    _STRING_CONST	shift, and go to state 5
    _ID 	shift, and go to state 117
    _IVAR	shift, and go to state 7
    _MINUS	shift, and go to state 8
    _LESS	shift, and go to state 118
    _LEFTPAREN	shift, and go to state 10
    _LEFTCURL	shift, and go to state 11
    _BAR	shift, and go to state 13
    _TYPE	shift, and go to state 21
    _FUNCTION	shift, and go to state 22
    _RULE	shift, and go to state 23
    _BAG	shift, and go to state 28
    _VECTOR	shift, and go to state 29
    _HASH	shift, and go to state 31
    _VSELECT	shift, and go to state 32
    _OIDTAG	shift, and go to state 47
    _CAST	shift, and go to state 48
    _IN 	shift, and go to state 49

    constant	go to state 53
    numeric_constant	go to state 54
    id_dotlist	go to state 55
    function_name	go to state 56
    variable_name	go to state 57
    interface_variable_name	go to state 58
    gen_variable_name	go to state 59
    simple_type	go to state 60
    function_call	go to state 71
    casting	go to state 72
    temporal_value	go to state 73
    timeval_expr	go to state 74
    timeinterval_expr	go to state 75
    date_expr	go to state 76
    time_expr	go to state 77
    simple_expr	go to state 334
    bag_value	go to state 79
    record_construction	go to state 80
    vector_construction	go to state 81
    vector_reference	go to state 82



state 229

    simple_expr  ->  simple_expr _EQUAL . simple_expr   (rule 219)

    _INTEGER_CONST	shift, and go to state 2
    _REAL_CONST	shift, and go to state 3
    _BOOLEAN_CONST	shift, and go to state 4
    _STRING_CONST	shift, and go to state 5
    _ID 	shift, and go to state 117
    _IVAR	shift, and go to state 7
    _MINUS	shift, and go to state 8
    _LESS	shift, and go to state 118
    _LEFTPAREN	shift, and go to state 10
    _LEFTCURL	shift, and go to state 11
    _BAR	shift, and go to state 13
    _TYPE	shift, and go to state 21
    _FUNCTION	shift, and go to state 22
    _RULE	shift, and go to state 23
    _BAG	shift, and go to state 28
    _VECTOR	shift, and go to state 29
    _HASH	shift, and go to state 31
    _VSELECT	shift, and go to state 32
    _OIDTAG	shift, and go to state 47
    _CAST	shift, and go to state 48
    _IN 	shift, and go to state 49

    constant	go to state 53
    numeric_constant	go to state 54
    id_dotlist	go to state 55
    function_name	go to state 56
    variable_name	go to state 57
    interface_variable_name	go to state 58
    gen_variable_name	go to state 59
    simple_type	go to state 60
    function_call	go to state 71
    casting	go to state 72
    temporal_value	go to state 73
    timeval_expr	go to state 74
    timeinterval_expr	go to state 75
    date_expr	go to state 76
    time_expr	go to state 77
    simple_expr	go to state 335
    bag_value	go to state 79
    record_construction	go to state 80
    vector_construction	go to state 81
    vector_reference	go to state 82



state 230

    simple_expr  ->  simple_expr _LESS . simple_expr   (rule 221)

    _INTEGER_CONST	shift, and go to state 2
    _REAL_CONST	shift, and go to state 3
    _BOOLEAN_CONST	shift, and go to state 4
    _STRING_CONST	shift, and go to state 5
    _ID 	shift, and go to state 117
    _IVAR	shift, and go to state 7
    _MINUS	shift, and go to state 8
    _LESS	shift, and go to state 118
    _LEFTPAREN	shift, and go to state 10
    _LEFTCURL	shift, and go to state 11
    _BAR	shift, and go to state 13
    _TYPE	shift, and go to state 21
    _FUNCTION	shift, and go to state 22
    _RULE	shift, and go to state 23
    _BAG	shift, and go to state 28
    _VECTOR	shift, and go to state 29
    _HASH	shift, and go to state 31
    _VSELECT	shift, and go to state 32
    _OIDTAG	shift, and go to state 47
    _CAST	shift, and go to state 48
    _IN 	shift, and go to state 49

    constant	go to state 53
    numeric_constant	go to state 54
    id_dotlist	go to state 55
    function_name	go to state 56
    variable_name	go to state 57
    interface_variable_name	go to state 58
    gen_variable_name	go to state 59
    simple_type	go to state 60
    function_call	go to state 71
    casting	go to state 72
    temporal_value	go to state 73
    timeval_expr	go to state 74
    timeinterval_expr	go to state 75
    date_expr	go to state 76
    time_expr	go to state 77
    simple_expr	go to state 336
    bag_value	go to state 79
    record_construction	go to state 80
    vector_construction	go to state 81
    vector_reference	go to state 82



state 231

    simple_expr  ->  simple_expr _GREATER . simple_expr   (rule 223)

    _INTEGER_CONST	shift, and go to state 2
    _REAL_CONST	shift, and go to state 3
    _BOOLEAN_CONST	shift, and go to state 4
    _STRING_CONST	shift, and go to state 5
    _ID 	shift, and go to state 117
    _IVAR	shift, and go to state 7
    _MINUS	shift, and go to state 8
    _LESS	shift, and go to state 118
    _LEFTPAREN	shift, and go to state 10
    _LEFTCURL	shift, and go to state 11
    _BAR	shift, and go to state 13
    _TYPE	shift, and go to state 21
    _FUNCTION	shift, and go to state 22
    _RULE	shift, and go to state 23
    _BAG	shift, and go to state 28
    _VECTOR	shift, and go to state 29
    _HASH	shift, and go to state 31
    _VSELECT	shift, and go to state 32
    _OIDTAG	shift, and go to state 47
    _CAST	shift, and go to state 48
    _IN 	shift, and go to state 49

    constant	go to state 53
    numeric_constant	go to state 54
    id_dotlist	go to state 55
    function_name	go to state 56
    variable_name	go to state 57
    interface_variable_name	go to state 58
    gen_variable_name	go to state 59
    simple_type	go to state 60
    function_call	go to state 71
    casting	go to state 72
    temporal_value	go to state 73
    timeval_expr	go to state 74
    timeinterval_expr	go to state 75
    date_expr	go to state 76
    time_expr	go to state 77
    simple_expr	go to state 337
    bag_value	go to state 79
    record_construction	go to state 80
    vector_construction	go to state 81
    vector_reference	go to state 82



state 232

    simple_expr  ->  simple_expr _LESSEQ . simple_expr   (rule 220)

    _INTEGER_CONST	shift, and go to state 2
    _REAL_CONST	shift, and go to state 3
    _BOOLEAN_CONST	shift, and go to state 4
    _STRING_CONST	shift, and go to state 5
    _ID 	shift, and go to state 117
    _IVAR	shift, and go to state 7
    _MINUS	shift, and go to state 8
    _LESS	shift, and go to state 118
    _LEFTPAREN	shift, and go to state 10
    _LEFTCURL	shift, and go to state 11
    _BAR	shift, and go to state 13
    _TYPE	shift, and go to state 21
    _FUNCTION	shift, and go to state 22
    _RULE	shift, and go to state 23
    _BAG	shift, and go to state 28
    _VECTOR	shift, and go to state 29
    _HASH	shift, and go to state 31
    _VSELECT	shift, and go to state 32
    _OIDTAG	shift, and go to state 47
    _CAST	shift, and go to state 48
    _IN 	shift, and go to state 49

    constant	go to state 53
    numeric_constant	go to state 54
    id_dotlist	go to state 55
    function_name	go to state 56
    variable_name	go to state 57
    interface_variable_name	go to state 58
    gen_variable_name	go to state 59
    simple_type	go to state 60
    function_call	go to state 71
    casting	go to state 72
    temporal_value	go to state 73
    timeval_expr	go to state 74
    timeinterval_expr	go to state 75
    date_expr	go to state 76
    time_expr	go to state 77
    simple_expr	go to state 338
    bag_value	go to state 79
    record_construction	go to state 80
    vector_construction	go to state 81
    vector_reference	go to state 82



state 233

    simple_expr  ->  simple_expr _GREATEREQ . simple_expr   (rule 222)

    _INTEGER_CONST	shift, and go to state 2
    _REAL_CONST	shift, and go to state 3
    _BOOLEAN_CONST	shift, and go to state 4
    _STRING_CONST	shift, and go to state 5
    _ID 	shift, and go to state 117
    _IVAR	shift, and go to state 7
    _MINUS	shift, and go to state 8
    _LESS	shift, and go to state 118
    _LEFTPAREN	shift, and go to state 10
    _LEFTCURL	shift, and go to state 11
    _BAR	shift, and go to state 13
    _TYPE	shift, and go to state 21
    _FUNCTION	shift, and go to state 22
    _RULE	shift, and go to state 23
    _BAG	shift, and go to state 28
    _VECTOR	shift, and go to state 29
    _HASH	shift, and go to state 31
    _VSELECT	shift, and go to state 32
    _OIDTAG	shift, and go to state 47
    _CAST	shift, and go to state 48
    _IN 	shift, and go to state 49

    constant	go to state 53
    numeric_constant	go to state 54
    id_dotlist	go to state 55
    function_name	go to state 56
    variable_name	go to state 57
    interface_variable_name	go to state 58
    gen_variable_name	go to state 59
    simple_type	go to state 60
    function_call	go to state 71
    casting	go to state 72
    temporal_value	go to state 73
    timeval_expr	go to state 74
    timeinterval_expr	go to state 75
    date_expr	go to state 76
    time_expr	go to state 77
    simple_expr	go to state 339
    bag_value	go to state 79
    record_construction	go to state 80
    vector_construction	go to state 81
    vector_reference	go to state 82



state 234

    simple_expr  ->  simple_expr _UNEQUAL . simple_expr   (rule 224)

    _INTEGER_CONST	shift, and go to state 2
    _REAL_CONST	shift, and go to state 3
    _BOOLEAN_CONST	shift, and go to state 4
    _STRING_CONST	shift, and go to state 5
    _ID 	shift, and go to state 117
    _IVAR	shift, and go to state 7
    _MINUS	shift, and go to state 8
    _LESS	shift, and go to state 118
    _LEFTPAREN	shift, and go to state 10
    _LEFTCURL	shift, and go to state 11
    _BAR	shift, and go to state 13
    _TYPE	shift, and go to state 21
    _FUNCTION	shift, and go to state 22
    _RULE	shift, and go to state 23
    _BAG	shift, and go to state 28
    _VECTOR	shift, and go to state 29
    _HASH	shift, and go to state 31
    _VSELECT	shift, and go to state 32
    _OIDTAG	shift, and go to state 47
    _CAST	shift, and go to state 48
    _IN 	shift, and go to state 49

    constant	go to state 53
    numeric_constant	go to state 54
    id_dotlist	go to state 55
    function_name	go to state 56
    variable_name	go to state 57
    interface_variable_name	go to state 58
    gen_variable_name	go to state 59
    simple_type	go to state 60
    function_call	go to state 71
    casting	go to state 72
    temporal_value	go to state 73
    timeval_expr	go to state 74
    timeinterval_expr	go to state 75
    date_expr	go to state 76
    time_expr	go to state 77
    simple_expr	go to state 340
    bag_value	go to state 79
    record_construction	go to state 80
    vector_construction	go to state 81
    vector_reference	go to state 82



state 235

    vector_reference  ->  simple_expr _LEFTBRACKET . simple_expr _RIGHTBRACKET   (rule 244)

    _INTEGER_CONST	shift, and go to state 2
    _REAL_CONST	shift, and go to state 3
    _BOOLEAN_CONST	shift, and go to state 4
    _STRING_CONST	shift, and go to state 5
    _ID 	shift, and go to state 117
    _IVAR	shift, and go to state 7
    _MINUS	shift, and go to state 8
    _LESS	shift, and go to state 118
    _LEFTPAREN	shift, and go to state 10
    _LEFTCURL	shift, and go to state 11
    _BAR	shift, and go to state 13
    _TYPE	shift, and go to state 21
    _FUNCTION	shift, and go to state 22
    _RULE	shift, and go to state 23
    _BAG	shift, and go to state 28
    _VECTOR	shift, and go to state 29
    _HASH	shift, and go to state 31
    _VSELECT	shift, and go to state 32
    _OIDTAG	shift, and go to state 47
    _CAST	shift, and go to state 48
    _IN 	shift, and go to state 49

    constant	go to state 53
    numeric_constant	go to state 54
    id_dotlist	go to state 55
    function_name	go to state 56
    variable_name	go to state 57
    interface_variable_name	go to state 58
    gen_variable_name	go to state 59
    simple_type	go to state 60
    function_call	go to state 71
    casting	go to state 72
    temporal_value	go to state 73
    timeval_expr	go to state 74
    timeinterval_expr	go to state 75
    date_expr	go to state 76
    time_expr	go to state 77
    simple_expr	go to state 341
    bag_value	go to state 79
    record_construction	go to state 80
    vector_construction	go to state 81
    vector_reference	go to state 82



state 236

    simple_expr  ->  simple_expr _IN . simple_expr   (rule 225)

    _INTEGER_CONST	shift, and go to state 2
    _REAL_CONST	shift, and go to state 3
    _BOOLEAN_CONST	shift, and go to state 4
    _STRING_CONST	shift, and go to state 5
    _ID 	shift, and go to state 117
    _IVAR	shift, and go to state 7
    _MINUS	shift, and go to state 8
    _LESS	shift, and go to state 118
    _LEFTPAREN	shift, and go to state 10
    _LEFTCURL	shift, and go to state 11
    _BAR	shift, and go to state 13
    _TYPE	shift, and go to state 21
    _FUNCTION	shift, and go to state 22
    _RULE	shift, and go to state 23
    _BAG	shift, and go to state 28
    _VECTOR	shift, and go to state 29
    _HASH	shift, and go to state 31
    _VSELECT	shift, and go to state 32
    _OIDTAG	shift, and go to state 47
    _CAST	shift, and go to state 48
    _IN 	shift, and go to state 49

    constant	go to state 53
    numeric_constant	go to state 54
    id_dotlist	go to state 55
    function_name	go to state 56
    variable_name	go to state 57
    interface_variable_name	go to state 58
    gen_variable_name	go to state 59
    simple_type	go to state 60
    function_call	go to state 71
    casting	go to state 72
    temporal_value	go to state 73
    timeval_expr	go to state 74
    timeinterval_expr	go to state 75
    date_expr	go to state 76
    time_expr	go to state 77
    simple_expr	go to state 342
    bag_value	go to state 79
    record_construction	go to state 80
    vector_construction	go to state 81
    vector_reference	go to state 82



state 237

    top  ->  osql_stmt _SEMICOLON .   (rule 301)

    $default	reduce using rule 301 (top)



state 238

    top  ->  lisp_stmt _SEMICOLON .   (rule 300)

    $default	reduce using rule 300 (top)



state 239

    simple_type  ->  _ID _ALPHAB _ID .   (rule 31)

    $default	reduce using rule 31 (simple_type)



state 240

    tuple_simple_expr  ->  _MINUS simple_expr .   (rule 196)
    simple_expr  ->  simple_expr . _DIVIDE simple_expr   (rule 209)
    simple_expr  ->  simple_expr . _CARET simple_expr   (rule 210)
    simple_expr  ->  simple_expr . _DOTCARET simple_expr   (rule 211)
    simple_expr  ->  simple_expr . _DOTDIVIDE simple_expr   (rule 212)
    simple_expr  ->  simple_expr . _TIMES simple_expr   (rule 213)
    simple_expr  ->  simple_expr . _DOTTIMES simple_expr   (rule 214)
    simple_expr  ->  simple_expr . _PLUS simple_expr   (rule 215)
    simple_expr  ->  simple_expr . _MINUS simple_expr   (rule 216)
    simple_expr  ->  simple_expr . _AND simple_expr   (rule 217)
    simple_expr  ->  simple_expr . _OR simple_expr   (rule 218)
    simple_expr  ->  simple_expr . _EQUAL simple_expr   (rule 219)
    simple_expr  ->  simple_expr . _LESSEQ simple_expr   (rule 220)
    simple_expr  ->  simple_expr . _LESS simple_expr   (rule 221)
    simple_expr  ->  simple_expr . _GREATEREQ simple_expr   (rule 222)
    simple_expr  ->  simple_expr . _GREATER simple_expr   (rule 223)
    simple_expr  ->  simple_expr . _UNEQUAL simple_expr   (rule 224)
    simple_expr  ->  simple_expr . _IN simple_expr   (rule 225)
    vector_reference  ->  simple_expr . _LEFTBRACKET simple_expr _RIGHTBRACKET   (rule 244)

    _LEFTBRACKET	shift, and go to state 235

    _LEFTBRACKET	[reduce using rule 196 (tuple_simple_expr)]
    $default	reduce using rule 196 (tuple_simple_expr)



state 241

    tuple_simple_expr  ->  _HASH _STRING_CONST .   (rule 197)

    $default	reduce using rule 197 (tuple_simple_expr)



state 242

    tuple_simple_expr  ->  tuple_simple_expr _PLUS . tuple_simple_expr   (rule 193)

    _INTEGER_CONST	shift, and go to state 2
    _REAL_CONST	shift, and go to state 3
    _BOOLEAN_CONST	shift, and go to state 4
    _STRING_CONST	shift, and go to state 5
    _ID 	shift, and go to state 117
    _IVAR	shift, and go to state 7
    _MINUS	shift, and go to state 121
    _LEFTCURL	shift, and go to state 122
    _BAR	shift, and go to state 13
    _TYPE	shift, and go to state 21
    _FUNCTION	shift, and go to state 22
    _RULE	shift, and go to state 23
    _BAG	shift, and go to state 28
    _VECTOR	shift, and go to state 29
    _HASH	shift, and go to state 123
    _VSELECT	shift, and go to state 32
    _OIDTAG	shift, and go to state 47
    _CAST	shift, and go to state 48
    _IN 	shift, and go to state 49

    constant	go to state 124
    numeric_constant	go to state 54
    id_dotlist	go to state 55
    function_name	go to state 56
    variable_name	go to state 57
    interface_variable_name	go to state 58
    gen_variable_name	go to state 125
    simple_type	go to state 60
    function_call	go to state 126
    casting	go to state 127
    temporal_value	go to state 128
    timeval_expr	go to state 74
    timeinterval_expr	go to state 75
    date_expr	go to state 76
    time_expr	go to state 77
    tuple_simple_expr	go to state 343
    bag_value	go to state 131
    vector_construction	go to state 132
    tuple_vector_reference	go to state 133



state 243

    tuple_simple_expr  ->  tuple_simple_expr _MINUS . tuple_simple_expr   (rule 194)

    _INTEGER_CONST	shift, and go to state 2
    _REAL_CONST	shift, and go to state 3
    _BOOLEAN_CONST	shift, and go to state 4
    _STRING_CONST	shift, and go to state 5
    _ID 	shift, and go to state 117
    _IVAR	shift, and go to state 7
    _MINUS	shift, and go to state 121
    _LEFTCURL	shift, and go to state 122
    _BAR	shift, and go to state 13
    _TYPE	shift, and go to state 21
    _FUNCTION	shift, and go to state 22
    _RULE	shift, and go to state 23
    _BAG	shift, and go to state 28
    _VECTOR	shift, and go to state 29
    _HASH	shift, and go to state 123
    _VSELECT	shift, and go to state 32
    _OIDTAG	shift, and go to state 47
    _CAST	shift, and go to state 48
    _IN 	shift, and go to state 49

    constant	go to state 124
    numeric_constant	go to state 54
    id_dotlist	go to state 55
    function_name	go to state 56
    variable_name	go to state 57
    interface_variable_name	go to state 58
    gen_variable_name	go to state 125
    simple_type	go to state 60
    function_call	go to state 126
    casting	go to state 127
    temporal_value	go to state 128
    timeval_expr	go to state 74
    timeinterval_expr	go to state 75
    date_expr	go to state 76
    time_expr	go to state 77
    tuple_simple_expr	go to state 344
    bag_value	go to state 131
    vector_construction	go to state 132
    tuple_vector_reference	go to state 133



state 244

    tuple_simple_expr  ->  tuple_simple_expr _TIMES . tuple_simple_expr   (rule 191)

    _INTEGER_CONST	shift, and go to state 2
    _REAL_CONST	shift, and go to state 3
    _BOOLEAN_CONST	shift, and go to state 4
    _STRING_CONST	shift, and go to state 5
    _ID 	shift, and go to state 117
    _IVAR	shift, and go to state 7
    _MINUS	shift, and go to state 121
    _LEFTCURL	shift, and go to state 122
    _BAR	shift, and go to state 13
    _TYPE	shift, and go to state 21
    _FUNCTION	shift, and go to state 22
    _RULE	shift, and go to state 23
    _BAG	shift, and go to state 28
    _VECTOR	shift, and go to state 29
    _HASH	shift, and go to state 123
    _VSELECT	shift, and go to state 32
    _OIDTAG	shift, and go to state 47
    _CAST	shift, and go to state 48
    _IN 	shift, and go to state 49

    constant	go to state 124
    numeric_constant	go to state 54
    id_dotlist	go to state 55
    function_name	go to state 56
    variable_name	go to state 57
    interface_variable_name	go to state 58
    gen_variable_name	go to state 125
    simple_type	go to state 60
    function_call	go to state 126
    casting	go to state 127
    temporal_value	go to state 128
    timeval_expr	go to state 74
    timeinterval_expr	go to state 75
    date_expr	go to state 76
    time_expr	go to state 77
    tuple_simple_expr	go to state 345
    bag_value	go to state 131
    vector_construction	go to state 132
    tuple_vector_reference	go to state 133



state 245

    tuple_simple_expr  ->  tuple_simple_expr _DIVIDE . tuple_simple_expr   (rule 187)

    _INTEGER_CONST	shift, and go to state 2
    _REAL_CONST	shift, and go to state 3
    _BOOLEAN_CONST	shift, and go to state 4
    _STRING_CONST	shift, and go to state 5
    _ID 	shift, and go to state 117
    _IVAR	shift, and go to state 7
    _MINUS	shift, and go to state 121
    _LEFTCURL	shift, and go to state 122
    _BAR	shift, and go to state 13
    _TYPE	shift, and go to state 21
    _FUNCTION	shift, and go to state 22
    _RULE	shift, and go to state 23
    _BAG	shift, and go to state 28
    _VECTOR	shift, and go to state 29
    _HASH	shift, and go to state 123
    _VSELECT	shift, and go to state 32
    _OIDTAG	shift, and go to state 47
    _CAST	shift, and go to state 48
    _IN 	shift, and go to state 49

    constant	go to state 124
    numeric_constant	go to state 54
    id_dotlist	go to state 55
    function_name	go to state 56
    variable_name	go to state 57
    interface_variable_name	go to state 58
    gen_variable_name	go to state 125
    simple_type	go to state 60
    function_call	go to state 126
    casting	go to state 127
    temporal_value	go to state 128
    timeval_expr	go to state 74
    timeinterval_expr	go to state 75
    date_expr	go to state 76
    time_expr	go to state 77
    tuple_simple_expr	go to state 346
    bag_value	go to state 131
    vector_construction	go to state 132
    tuple_vector_reference	go to state 133



state 246

    tuple_simple_expr  ->  tuple_simple_expr _DOTTIMES . tuple_simple_expr   (rule 192)

    _INTEGER_CONST	shift, and go to state 2
    _REAL_CONST	shift, and go to state 3
    _BOOLEAN_CONST	shift, and go to state 4
    _STRING_CONST	shift, and go to state 5
    _ID 	shift, and go to state 117
    _IVAR	shift, and go to state 7
    _MINUS	shift, and go to state 121
    _LEFTCURL	shift, and go to state 122
    _BAR	shift, and go to state 13
    _TYPE	shift, and go to state 21
    _FUNCTION	shift, and go to state 22
    _RULE	shift, and go to state 23
    _BAG	shift, and go to state 28
    _VECTOR	shift, and go to state 29
    _HASH	shift, and go to state 123
    _VSELECT	shift, and go to state 32
    _OIDTAG	shift, and go to state 47
    _CAST	shift, and go to state 48
    _IN 	shift, and go to state 49

    constant	go to state 124
    numeric_constant	go to state 54
    id_dotlist	go to state 55
    function_name	go to state 56
    variable_name	go to state 57
    interface_variable_name	go to state 58
    gen_variable_name	go to state 125
    simple_type	go to state 60
    function_call	go to state 126
    casting	go to state 127
    temporal_value	go to state 128
    timeval_expr	go to state 74
    timeinterval_expr	go to state 75
    date_expr	go to state 76
    time_expr	go to state 77
    tuple_simple_expr	go to state 347
    bag_value	go to state 131
    vector_construction	go to state 132
    tuple_vector_reference	go to state 133



state 247

    tuple_simple_expr  ->  tuple_simple_expr _DOTDIVIDE . tuple_simple_expr   (rule 190)

    _INTEGER_CONST	shift, and go to state 2
    _REAL_CONST	shift, and go to state 3
    _BOOLEAN_CONST	shift, and go to state 4
    _STRING_CONST	shift, and go to state 5
    _ID 	shift, and go to state 117
    _IVAR	shift, and go to state 7
    _MINUS	shift, and go to state 121
    _LEFTCURL	shift, and go to state 122
    _BAR	shift, and go to state 13
    _TYPE	shift, and go to state 21
    _FUNCTION	shift, and go to state 22
    _RULE	shift, and go to state 23
    _BAG	shift, and go to state 28
    _VECTOR	shift, and go to state 29
    _HASH	shift, and go to state 123
    _VSELECT	shift, and go to state 32
    _OIDTAG	shift, and go to state 47
    _CAST	shift, and go to state 48
    _IN 	shift, and go to state 49

    constant	go to state 124
    numeric_constant	go to state 54
    id_dotlist	go to state 55
    function_name	go to state 56
    variable_name	go to state 57
    interface_variable_name	go to state 58
    gen_variable_name	go to state 125
    simple_type	go to state 60
    function_call	go to state 126
    casting	go to state 127
    temporal_value	go to state 128
    timeval_expr	go to state 74
    timeinterval_expr	go to state 75
    date_expr	go to state 76
    time_expr	go to state 77
    tuple_simple_expr	go to state 348
    bag_value	go to state 131
    vector_construction	go to state 132
    tuple_vector_reference	go to state 133



state 248

    tuple_simple_expr  ->  tuple_simple_expr _CARET . tuple_simple_expr   (rule 188)

    _INTEGER_CONST	shift, and go to state 2
    _REAL_CONST	shift, and go to state 3
    _BOOLEAN_CONST	shift, and go to state 4
    _STRING_CONST	shift, and go to state 5
    _ID 	shift, and go to state 117
    _IVAR	shift, and go to state 7
    _MINUS	shift, and go to state 121
    _LEFTCURL	shift, and go to state 122
    _BAR	shift, and go to state 13
    _TYPE	shift, and go to state 21
    _FUNCTION	shift, and go to state 22
    _RULE	shift, and go to state 23
    _BAG	shift, and go to state 28
    _VECTOR	shift, and go to state 29
    _HASH	shift, and go to state 123
    _VSELECT	shift, and go to state 32
    _OIDTAG	shift, and go to state 47
    _CAST	shift, and go to state 48
    _IN 	shift, and go to state 49

    constant	go to state 124
    numeric_constant	go to state 54
    id_dotlist	go to state 55
    function_name	go to state 56
    variable_name	go to state 57
    interface_variable_name	go to state 58
    gen_variable_name	go to state 125
    simple_type	go to state 60
    function_call	go to state 126
    casting	go to state 127
    temporal_value	go to state 128
    timeval_expr	go to state 74
    timeinterval_expr	go to state 75
    date_expr	go to state 76
    time_expr	go to state 77
    tuple_simple_expr	go to state 349
    bag_value	go to state 131
    vector_construction	go to state 132
    tuple_vector_reference	go to state 133



state 249

    tuple_simple_expr  ->  tuple_simple_expr _DOTCARET . tuple_simple_expr   (rule 189)

    _INTEGER_CONST	shift, and go to state 2
    _REAL_CONST	shift, and go to state 3
    _BOOLEAN_CONST	shift, and go to state 4
    _STRING_CONST	shift, and go to state 5
    _ID 	shift, and go to state 117
    _IVAR	shift, and go to state 7
    _MINUS	shift, and go to state 121
    _LEFTCURL	shift, and go to state 122
    _BAR	shift, and go to state 13
    _TYPE	shift, and go to state 21
    _FUNCTION	shift, and go to state 22
    _RULE	shift, and go to state 23
    _BAG	shift, and go to state 28
    _VECTOR	shift, and go to state 29
    _HASH	shift, and go to state 123
    _VSELECT	shift, and go to state 32
    _OIDTAG	shift, and go to state 47
    _CAST	shift, and go to state 48
    _IN 	shift, and go to state 49

    constant	go to state 124
    numeric_constant	go to state 54
    id_dotlist	go to state 55
    function_name	go to state 56
    variable_name	go to state 57
    interface_variable_name	go to state 58
    gen_variable_name	go to state 125
    simple_type	go to state 60
    function_call	go to state 126
    casting	go to state 127
    temporal_value	go to state 128
    timeval_expr	go to state 74
    timeinterval_expr	go to state 75
    date_expr	go to state 76
    time_expr	go to state 77
    tuple_simple_expr	go to state 350
    bag_value	go to state 131
    vector_construction	go to state 132
    tuple_vector_reference	go to state 133



state 250

    tuple_vector_reference  ->  tuple_simple_expr _LEFTBRACKET . tuple_simple_expr _RIGHTBRACKET   (rule 245)

    _INTEGER_CONST	shift, and go to state 2
    _REAL_CONST	shift, and go to state 3
    _BOOLEAN_CONST	shift, and go to state 4
    _STRING_CONST	shift, and go to state 5
    _ID 	shift, and go to state 117
    _IVAR	shift, and go to state 7
    _MINUS	shift, and go to state 121
    _LEFTCURL	shift, and go to state 122
    _BAR	shift, and go to state 13
    _TYPE	shift, and go to state 21
    _FUNCTION	shift, and go to state 22
    _RULE	shift, and go to state 23
    _BAG	shift, and go to state 28
    _VECTOR	shift, and go to state 29
    _HASH	shift, and go to state 123
    _VSELECT	shift, and go to state 32
    _OIDTAG	shift, and go to state 47
    _CAST	shift, and go to state 48
    _IN 	shift, and go to state 49

    constant	go to state 124
    numeric_constant	go to state 54
    id_dotlist	go to state 55
    function_name	go to state 56
    variable_name	go to state 57
    interface_variable_name	go to state 58
    gen_variable_name	go to state 125
    simple_type	go to state 60
    function_call	go to state 126
    casting	go to state 127
    temporal_value	go to state 128
    timeval_expr	go to state 74
    timeinterval_expr	go to state 75
    date_expr	go to state 76
    time_expr	go to state 77
    tuple_simple_expr	go to state 351
    bag_value	go to state 131
    vector_construction	go to state 132
    tuple_vector_reference	go to state 133



state 251

    simple_expr  ->  _LESS tuple_commalist _GREATER .   (rule 207)

    $default	reduce using rule 207 (simple_expr)



state 252

    tuple_commalist  ->  tuple_commalist _COMMA . tuple_simple_expr   (rule 233)

    _INTEGER_CONST	shift, and go to state 2
    _REAL_CONST	shift, and go to state 3
    _BOOLEAN_CONST	shift, and go to state 4
    _STRING_CONST	shift, and go to state 5
    _ID 	shift, and go to state 117
    _IVAR	shift, and go to state 7
    _MINUS	shift, and go to state 121
    _LEFTCURL	shift, and go to state 122
    _BAR	shift, and go to state 13
    _TYPE	shift, and go to state 21
    _FUNCTION	shift, and go to state 22
    _RULE	shift, and go to state 23
    _BAG	shift, and go to state 28
    _VECTOR	shift, and go to state 29
    _HASH	shift, and go to state 123
    _VSELECT	shift, and go to state 32
    _OIDTAG	shift, and go to state 47
    _CAST	shift, and go to state 48
    _IN 	shift, and go to state 49

    constant	go to state 124
    numeric_constant	go to state 54
    id_dotlist	go to state 55
    function_name	go to state 56
    variable_name	go to state 57
    interface_variable_name	go to state 58
    gen_variable_name	go to state 125
    simple_type	go to state 60
    function_call	go to state 126
    casting	go to state 127
    temporal_value	go to state 128
    timeval_expr	go to state 74
    timeinterval_expr	go to state 75
    date_expr	go to state 76
    time_expr	go to state 77
    tuple_simple_expr	go to state 352
    bag_value	go to state 131
    vector_construction	go to state 132
    tuple_vector_reference	go to state 133



state 253

    simple_expr  ->  _LEFTPAREN select_stmt _RIGHTPAREN .   (rule 229)

    $default	reduce using rule 229 (simple_expr)



state 254

    simple_expr  ->  _LEFTPAREN simple_expr _RIGHTPAREN .   (rule 227)

    $default	reduce using rule 227 (simple_expr)



state 255

    simple_expr  ->  _LEFTPAREN expr_commalist _RIGHTPAREN .   (rule 208)

    $default	reduce using rule 208 (simple_expr)



state 256

    expr_commalist  ->  expr_commalist _COMMA . simple_expr   (rule 231)

    _INTEGER_CONST	shift, and go to state 2
    _REAL_CONST	shift, and go to state 3
    _BOOLEAN_CONST	shift, and go to state 4
    _STRING_CONST	shift, and go to state 5
    _ID 	shift, and go to state 117
    _IVAR	shift, and go to state 7
    _MINUS	shift, and go to state 8
    _LESS	shift, and go to state 118
    _LEFTPAREN	shift, and go to state 10
    _LEFTCURL	shift, and go to state 11
    _BAR	shift, and go to state 13
    _TYPE	shift, and go to state 21
    _FUNCTION	shift, and go to state 22
    _RULE	shift, and go to state 23
    _BAG	shift, and go to state 28
    _VECTOR	shift, and go to state 29
    _HASH	shift, and go to state 31
    _VSELECT	shift, and go to state 32
    _OIDTAG	shift, and go to state 47
    _CAST	shift, and go to state 48
    _IN 	shift, and go to state 49

    constant	go to state 53
    numeric_constant	go to state 54
    id_dotlist	go to state 55
    function_name	go to state 56
    variable_name	go to state 57
    interface_variable_name	go to state 58
    gen_variable_name	go to state 59
    simple_type	go to state 60
    function_call	go to state 71
    casting	go to state 72
    temporal_value	go to state 73
    timeval_expr	go to state 74
    timeinterval_expr	go to state 75
    date_expr	go to state 76
    time_expr	go to state 77
    simple_expr	go to state 353
    bag_value	go to state 79
    record_construction	go to state 80
    vector_construction	go to state 81
    vector_reference	go to state 82



state 257

    pair  ->  _STRING_CONST _COLON . simple_expr   (rule 239)

    _INTEGER_CONST	shift, and go to state 2
    _REAL_CONST	shift, and go to state 3
    _BOOLEAN_CONST	shift, and go to state 4
    _STRING_CONST	shift, and go to state 5
    _ID 	shift, and go to state 117
    _IVAR	shift, and go to state 7
    _MINUS	shift, and go to state 8
    _LESS	shift, and go to state 118
    _LEFTPAREN	shift, and go to state 10
    _LEFTCURL	shift, and go to state 11
    _BAR	shift, and go to state 13
    _TYPE	shift, and go to state 21
    _FUNCTION	shift, and go to state 22
    _RULE	shift, and go to state 23
    _BAG	shift, and go to state 28
    _VECTOR	shift, and go to state 29
    _HASH	shift, and go to state 31
    _VSELECT	shift, and go to state 32
    _OIDTAG	shift, and go to state 47
    _CAST	shift, and go to state 48
    _IN 	shift, and go to state 49

    constant	go to state 53
    numeric_constant	go to state 54
    id_dotlist	go to state 55
    function_name	go to state 56
    variable_name	go to state 57
    interface_variable_name	go to state 58
    gen_variable_name	go to state 59
    simple_type	go to state 60
    function_call	go to state 71
    casting	go to state 72
    temporal_value	go to state 73
    timeval_expr	go to state 74
    timeinterval_expr	go to state 75
    date_expr	go to state 76
    time_expr	go to state 77
    simple_expr	go to state 354
    bag_value	go to state 79
    record_construction	go to state 80
    vector_construction	go to state 81
    vector_reference	go to state 82



state 258

    vector_construction  ->  _LEFTCURL expr_commalist _RIGHTCURL .   (rule 240)

    $default	reduce using rule 240 (vector_construction)



state 259

    record_construction  ->  _LEFTCURL pair_commalist _RIGHTCURL .   (rule 236)

    $default	reduce using rule 236 (record_construction)



state 260

    pair_commalist  ->  pair_commalist _COMMA . pair   (rule 238)

    _STRING_CONST	shift, and go to state 355

    pair	go to state 356



state 261

    timeval_expr  ->  _BAR _INTEGER_CONST _MINUS . _INTEGER_CONST _MINUS _INTEGER_CONST _DIVIDE _INTEGER_CONST _COLON _INTEGER_CONST _COLON _INTEGER_CONST _BAR   (rule 169)
    date_expr  ->  _BAR _INTEGER_CONST _MINUS . _INTEGER_CONST _MINUS _INTEGER_CONST _BAR   (rule 176)

    _INTEGER_CONST	shift, and go to state 357



state 262

    time_expr  ->  _BAR _INTEGER_CONST _COLON . _INTEGER_CONST _COLON _INTEGER_CONST _BAR   (rule 177)

    _INTEGER_CONST	shift, and go to state 358



state 263

    timeinterval_expr  ->  _BAR _LEFTPAREN simple_expr . _COMMA simple_expr timeval_leftopen_end _BAR   (rule 171)
    simple_expr  ->  simple_expr . _DIVIDE simple_expr   (rule 209)
    simple_expr  ->  simple_expr . _CARET simple_expr   (rule 210)
    simple_expr  ->  simple_expr . _DOTCARET simple_expr   (rule 211)
    simple_expr  ->  simple_expr . _DOTDIVIDE simple_expr   (rule 212)
    simple_expr  ->  simple_expr . _TIMES simple_expr   (rule 213)
    simple_expr  ->  simple_expr . _DOTTIMES simple_expr   (rule 214)
    simple_expr  ->  simple_expr . _PLUS simple_expr   (rule 215)
    simple_expr  ->  simple_expr . _MINUS simple_expr   (rule 216)
    simple_expr  ->  simple_expr . _AND simple_expr   (rule 217)
    simple_expr  ->  simple_expr . _OR simple_expr   (rule 218)
    simple_expr  ->  simple_expr . _EQUAL simple_expr   (rule 219)
    simple_expr  ->  simple_expr . _LESSEQ simple_expr   (rule 220)
    simple_expr  ->  simple_expr . _LESS simple_expr   (rule 221)
    simple_expr  ->  simple_expr . _GREATEREQ simple_expr   (rule 222)
    simple_expr  ->  simple_expr . _GREATER simple_expr   (rule 223)
    simple_expr  ->  simple_expr . _UNEQUAL simple_expr   (rule 224)
    simple_expr  ->  simple_expr . _IN simple_expr   (rule 225)
    vector_reference  ->  simple_expr . _LEFTBRACKET simple_expr _RIGHTBRACKET   (rule 244)

    _PLUS	shift, and go to state 219
    _MINUS	shift, and go to state 220
    _TIMES	shift, and go to state 221
    _DIVIDE	shift, and go to state 222
    _DOTTIMES	shift, and go to state 223
    _DOTDIVIDE	shift, and go to state 224
    _CARET	shift, and go to state 225
    _DOTCARET	shift, and go to state 226
    _AND	shift, and go to state 227
    _OR 	shift, and go to state 228
    _EQUAL	shift, and go to state 229
    _LESS	shift, and go to state 230
    _GREATER	shift, and go to state 231
    _LESSEQ	shift, and go to state 232
    _GREATEREQ	shift, and go to state 233
    _UNEQUAL	shift, and go to state 234
    _LEFTBRACKET	shift, and go to state 235
    _COMMA	shift, and go to state 359
    _IN 	shift, and go to state 236



state 264

    timeinterval_expr  ->  _BAR _LEFTBRACKET simple_expr . _COMMA simple_expr timeval_leftclosed_end _BAR   (rule 170)
    simple_expr  ->  simple_expr . _DIVIDE simple_expr   (rule 209)
    simple_expr  ->  simple_expr . _CARET simple_expr   (rule 210)
    simple_expr  ->  simple_expr . _DOTCARET simple_expr   (rule 211)
    simple_expr  ->  simple_expr . _DOTDIVIDE simple_expr   (rule 212)
    simple_expr  ->  simple_expr . _TIMES simple_expr   (rule 213)
    simple_expr  ->  simple_expr . _DOTTIMES simple_expr   (rule 214)
    simple_expr  ->  simple_expr . _PLUS simple_expr   (rule 215)
    simple_expr  ->  simple_expr . _MINUS simple_expr   (rule 216)
    simple_expr  ->  simple_expr . _AND simple_expr   (rule 217)
    simple_expr  ->  simple_expr . _OR simple_expr   (rule 218)
    simple_expr  ->  simple_expr . _EQUAL simple_expr   (rule 219)
    simple_expr  ->  simple_expr . _LESSEQ simple_expr   (rule 220)
    simple_expr  ->  simple_expr . _LESS simple_expr   (rule 221)
    simple_expr  ->  simple_expr . _GREATEREQ simple_expr   (rule 222)
    simple_expr  ->  simple_expr . _GREATER simple_expr   (rule 223)
    simple_expr  ->  simple_expr . _UNEQUAL simple_expr   (rule 224)
    simple_expr  ->  simple_expr . _IN simple_expr   (rule 225)
    vector_reference  ->  simple_expr . _LEFTBRACKET simple_expr _RIGHTBRACKET   (rule 244)

    _PLUS	shift, and go to state 219
    _MINUS	shift, and go to state 220
    _TIMES	shift, and go to state 221
    _DIVIDE	shift, and go to state 222
    _DOTTIMES	shift, and go to state 223
    _DOTDIVIDE	shift, and go to state 224
    _CARET	shift, and go to state 225
    _DOTCARET	shift, and go to state 226
    _AND	shift, and go to state 227
    _OR 	shift, and go to state 228
    _EQUAL	shift, and go to state 229
    _LESS	shift, and go to state 230
    _GREATER	shift, and go to state 231
    _LESSEQ	shift, and go to state 232
    _GREATEREQ	shift, and go to state 233
    _UNEQUAL	shift, and go to state 234
    _LEFTBRACKET	shift, and go to state 235
    _COMMA	shift, and go to state 360
    _IN 	shift, and go to state 236



state 265

    end_stmt  ->  _SEMICOLON _END .   (rule 335)

    $default	reduce using rule 335 (end_stmt)



state 266

    variable_declaration  ->  type_name . variable_name   (rule 146)
    variable_declaration  ->  type_name .   (rule 147)

    _ID 	shift, and go to state 170

    _ID 	[reduce using rule 147 (variable_declaration)]
    $default	reduce using rule 147 (variable_declaration)

    variable_name	go to state 361



state 267

    variable_declaration_commalist  ->  variable_declaration .   (rule 148)

    $default	reduce using rule 148 (variable_declaration_commalist)



state 268

    variable_declaration_commalist  ->  variable_declaration_commalist . _COMMA variable_declaration   (rule 149)
    block_body  ->  _DECLARE variable_declaration_commalist . _SEMICOLON procedure_body_stmt_semicolonlist end_stmt   (rule 331)

    _COMMA	shift, and go to state 362
    _SEMICOLON	shift, and go to state 363



state 269

    procedure_body_stmt_semicolonlist  ->  procedure_body_stmt_semicolonlist _SEMICOLON . procedure_body_stmt   (rule 328)
    end_stmt  ->  _SEMICOLON . _END   (rule 335)

    _ID 	shift, and go to state 146
    _BEGIN	shift, and go to state 14
    _END	shift, and go to state 265
    _CREATE	shift, and go to state 150
    _DELETE	shift, and go to state 151
    _SET	shift, and go to state 18
    _ADD	shift, and go to state 19
    _REMOVE	shift, and go to state 20
    _TYPE	shift, and go to state 21
    _FUNCTION	shift, and go to state 22
    _RULE	shift, and go to state 23
    _ACTIVATE	shift, and go to state 24
    _DEACTIVATE	shift, and go to state 25
    _SELECT	shift, and go to state 26
    _FOR	shift, and go to state 27
    _BAG	shift, and go to state 152
    _VECTOR	shift, and go to state 153
    _RETURN	shift, and go to state 30
    _VSELECT	shift, and go to state 32
    _IF 	shift, and go to state 33
    _OPEN	shift, and go to state 34
    _CLOSE	shift, and go to state 35
    _FETCH	shift, and go to state 36
    _COMMIT	shift, and go to state 41
    _ROLLBACK	shift, and go to state 42
    _AT 	shift, and go to state 46
    _IN 	shift, and go to state 49
    _LOOP	shift, and go to state 50
    _WHILE	shift, and go to state 51
    _LEAVE	shift, and go to state 52

    id_dotlist	go to state 55
    function_name	go to state 56
    simple_type	go to state 60
    create_object_stmt	go to state 67
    delete_object_stmt	go to state 68
    select_stmt	go to state 69
    select_stmt1	go to state 70
    function_call	go to state 154
    activate_rule_stmt	go to state 85
    deactivate_rule_stmt	go to state 86
    open_cursor_stmt	go to state 87
    fetch_cursor_stmt	go to state 88
    close_cursor_stmt	go to state 89
    update_stmt	go to state 90
    procedure_body_stmt	go to state 364
    block	go to state 95
    set_variable_stmt	go to state 96
    procedure_stmt	go to state 159
    procedure_stmt1	go to state 98
    while_stmt	go to state 99
    loop_stmt	go to state 100
    if_stmt	go to state 101
    result_stmt	go to state 102
    for_each_stmt	go to state 103
    commit_stmt	go to state 108
    rollback_stmt	go to state 109



state 270

    block_body  ->  procedure_body_stmt_semicolonlist end_stmt .   (rule 332)

    $default	reduce using rule 332 (block_body)



state 271

    interface_variable_declaration  ->  type_name interface_variable_name .   (rule 321)

    $default	reduce using rule 321 (interface_variable_declaration)



state 272

    aggr_type  ->  simple_type _OF . tuple_type   (rule 40)

    _ID 	shift, and go to state 160
    _LESS	shift, and go to state 365
    _LEFTPAREN	shift, and go to state 366
    _TYPE	shift, and go to state 21
    _FUNCTION	shift, and go to state 22
    _RULE	shift, and go to state 23
    _BAG	shift, and go to state 152
    _VECTOR	shift, and go to state 153

    type_name	go to state 367
    simple_type	go to state 162
    tuple_type	go to state 368
    aggr_type	go to state 163



state 273

    interface_variable_declaration_commalist  ->  interface_variable_declaration_commalist _COMMA . interface_variable_declaration   (rule 323)

    _ID 	shift, and go to state 160
    _TYPE	shift, and go to state 21
    _FUNCTION	shift, and go to state 22
    _RULE	shift, and go to state 23
    _BAG	shift, and go to state 152
    _VECTOR	shift, and go to state 153

    type_name	go to state 161
    simple_type	go to state 162
    aggr_type	go to state 163
    interface_variable_declaration	go to state 369



state 274

    create_object_stmt  ->  _CREATE _ID _LEFTPAREN . function_name_commalist _RIGHTPAREN new_instances   (rule 124)

    _ID 	shift, and go to state 180
    _TYPE	shift, and go to state 21
    _FUNCTION	shift, and go to state 22
    _RULE	shift, and go to state 23
    _BAG	shift, and go to state 152
    _VECTOR	shift, and go to state 153
    _IN 	shift, and go to state 49

    id_dotlist	go to state 55
    function_name	go to state 370
    simple_type	go to state 60
    function_name_commalist	go to state 371



state 275

    new_instances  ->  _INSTANCES . initialize_commalist   (rule 127)

    _ID 	shift, and go to state 170
    _IVAR	shift, and go to state 7
    _LEFTPAREN	shift, and go to state 372

    variable_name	go to state 57
    interface_variable_name	go to state 58
    gen_variable_name	go to state 373
    initialize	go to state 374
    initialize_commalist	go to state 375



state 276

    create_object_stmt  ->  _CREATE _ID new_instances .   (rule 123)

    $default	reduce using rule 123 (create_object_stmt)



state 277

    create_type_stmt  ->  _CREATE _TYPE _ID . properties   (rule 42)
    create_type_stmt  ->  _CREATE _TYPE _ID . _SUBTYPE _OF id_commalist properties   (rule 43)
    create_type_stmt  ->  _CREATE _TYPE _ID . _UNDER id_commalist properties   (rule 44)

    _SUBTYPE	shift, and go to state 376
    _UNDER	shift, and go to state 377
    _PROPERTIES	shift, and go to state 378

    $default	reduce using rule 71 (properties)

    properties	go to state 379



state 278

    rule_name  ->  _ID .   (rule 248)

    $default	reduce using rule 248 (rule_name)



state 279

    create_rule_stmt  ->  _CREATE _RULE rule_name . argl_spec rule_implementation   (rule 247)

    _LEFTPAREN	shift, and go to state 380

    argl_spec	go to state 381



state 280

    create_derived_type_stmt  ->  _CREATE _DERIVED _TYPE . _ID derived_subtypeof_clause derived_key_clause derived_supertypeof_clause properties   (rule 45)

    _ID 	shift, and go to state 382



state 281

    delete_type_stmt  ->  _DELETE _TYPE _ID .   (rule 79)

    $default	reduce using rule 79 (delete_type_stmt)



state 282

    delete_function_stmt  ->  _DELETE _FUNCTION function_name .   (rule 122)

    $default	reduce using rule 122 (delete_function_stmt)



state 283

    delete_rule_stmt  ->  _DELETE _RULE rule_name .   (rule 272)

    $default	reduce using rule 272 (delete_rule_stmt)



state 284

    gen_variable_name_commalist  ->  gen_variable_name .   (rule 24)

    $default	reduce using rule 24 (gen_variable_name_commalist)



state 285

    gen_variable_name_commalist  ->  gen_variable_name_commalist . _COMMA gen_variable_name   (rule 25)
    set_variable_stmt  ->  _SET _LEFTPAREN gen_variable_name_commalist . _RIGHTPAREN _EQUAL simple_expr   (rule 337)

    _RIGHTPAREN	shift, and go to state 383
    _COMMA	shift, and go to state 384



state 286

    function_call0  ->  function_name _LEFTPAREN . _RIGHTPAREN   (rule 152)
    function_call0  ->  function_name _LEFTPAREN . expr_commalist _RIGHTPAREN   (rule 153)
    function_call0  ->  function_name _LEFTPAREN . _RIGHTPAREN temporal_call   (rule 154)
    function_call0  ->  function_name _LEFTPAREN . expr_commalist _RIGHTPAREN temporal_call   (rule 155)

    _INTEGER_CONST	shift, and go to state 2
    _REAL_CONST	shift, and go to state 3
    _BOOLEAN_CONST	shift, and go to state 4
    _STRING_CONST	shift, and go to state 5
    _ID 	shift, and go to state 117
    _IVAR	shift, and go to state 7
    _MINUS	shift, and go to state 8
    _LESS	shift, and go to state 118
    _LEFTPAREN	shift, and go to state 10
    _RIGHTPAREN	shift, and go to state 385
    _LEFTCURL	shift, and go to state 11
    _BAR	shift, and go to state 13
    _TYPE	shift, and go to state 21
    _FUNCTION	shift, and go to state 22
    _RULE	shift, and go to state 23
    _BAG	shift, and go to state 28
    _VECTOR	shift, and go to state 29
    _HASH	shift, and go to state 31
    _VSELECT	shift, and go to state 32
    _OIDTAG	shift, and go to state 47
    _CAST	shift, and go to state 48
    _IN 	shift, and go to state 49

    constant	go to state 53
    numeric_constant	go to state 54
    id_dotlist	go to state 55
    function_name	go to state 56
    variable_name	go to state 57
    interface_variable_name	go to state 58
    gen_variable_name	go to state 59
    simple_type	go to state 60
    function_call	go to state 71
    casting	go to state 72
    temporal_value	go to state 73
    timeval_expr	go to state 74
    timeinterval_expr	go to state 75
    date_expr	go to state 76
    time_expr	go to state 77
    simple_expr	go to state 139
    expr_commalist	go to state 386
    bag_value	go to state 79
    record_construction	go to state 80
    vector_construction	go to state 81
    vector_reference	go to state 82



state 287

    set_variable_stmt  ->  _SET gen_variable_name _EQUAL . simple_expr   (rule 336)

    _INTEGER_CONST	shift, and go to state 2
    _REAL_CONST	shift, and go to state 3
    _BOOLEAN_CONST	shift, and go to state 4
    _STRING_CONST	shift, and go to state 5
    _ID 	shift, and go to state 117
    _IVAR	shift, and go to state 7
    _MINUS	shift, and go to state 8
    _LESS	shift, and go to state 118
    _LEFTPAREN	shift, and go to state 10
    _LEFTCURL	shift, and go to state 11
    _BAR	shift, and go to state 13
    _TYPE	shift, and go to state 21
    _FUNCTION	shift, and go to state 22
    _RULE	shift, and go to state 23
    _BAG	shift, and go to state 28
    _VECTOR	shift, and go to state 29
    _HASH	shift, and go to state 31
    _VSELECT	shift, and go to state 32
    _OIDTAG	shift, and go to state 47
    _CAST	shift, and go to state 48
    _IN 	shift, and go to state 49

    constant	go to state 53
    numeric_constant	go to state 54
    id_dotlist	go to state 55
    function_name	go to state 56
    variable_name	go to state 57
    interface_variable_name	go to state 58
    gen_variable_name	go to state 59
    simple_type	go to state 60
    function_call	go to state 71
    casting	go to state 72
    temporal_value	go to state 73
    timeval_expr	go to state 74
    timeinterval_expr	go to state 75
    date_expr	go to state 76
    time_expr	go to state 77
    simple_expr	go to state 387
    bag_value	go to state 79
    record_construction	go to state 80
    vector_construction	go to state 81
    vector_reference	go to state 82



state 288

    update_item  ->  function_call0 _EQUAL . init_value   (rule 294)

    _INTEGER_CONST	shift, and go to state 2
    _REAL_CONST	shift, and go to state 3
    _BOOLEAN_CONST	shift, and go to state 4
    _STRING_CONST	shift, and go to state 5
    _ID 	shift, and go to state 117
    _IVAR	shift, and go to state 7
    _MINUS	shift, and go to state 8
    _LESS	shift, and go to state 118
    _LEFTPAREN	shift, and go to state 10
    _LEFTCURL	shift, and go to state 11
    _BAR	shift, and go to state 13
    _TYPE	shift, and go to state 21
    _FUNCTION	shift, and go to state 22
    _RULE	shift, and go to state 23
    _BAG	shift, and go to state 28
    _VECTOR	shift, and go to state 29
    _HASH	shift, and go to state 31
    _VSELECT	shift, and go to state 32
    _OIDTAG	shift, and go to state 47
    _CAST	shift, and go to state 48
    _IN 	shift, and go to state 49

    constant	go to state 53
    numeric_constant	go to state 54
    id_dotlist	go to state 55
    function_name	go to state 56
    variable_name	go to state 57
    interface_variable_name	go to state 58
    gen_variable_name	go to state 59
    simple_type	go to state 60
    function_call	go to state 71
    casting	go to state 72
    temporal_value	go to state 73
    timeval_expr	go to state 74
    timeinterval_expr	go to state 75
    date_expr	go to state 76
    time_expr	go to state 77
    simple_expr	go to state 192
    bag_value	go to state 79
    record_construction	go to state 80
    vector_construction	go to state 81
    vector_reference	go to state 82
    init_value	go to state 388



state 289

    for_each_clause  ->  _FROM . variable_declaration_commalist   (rule 145)

    _ID 	shift, and go to state 160
    _TYPE	shift, and go to state 21
    _FUNCTION	shift, and go to state 22
    _RULE	shift, and go to state 23
    _BAG	shift, and go to state 152
    _VECTOR	shift, and go to state 153

    type_name	go to state 266
    simple_type	go to state 162
    aggr_type	go to state 163
    variable_declaration	go to state 267
    variable_declaration_commalist	go to state 389



state 290

    update_stmt  ->  _SET update_item for_each_clause . where_clause   (rule 287)

    _WHERE	shift, and go to state 390

    $default	reduce using rule 150 (where_clause)

    where_clause	go to state 391



state 291

    update_stmt  ->  _ADD _TYPE _ID . _TO initialize_commalist   (rule 289)
    update_stmt  ->  _ADD _TYPE _ID . _LEFTPAREN function_name_commalist _RIGHTPAREN _TO initialize_commalist   (rule 290)
    update_stmt  ->  _ADD _TYPE _ID . _PROPERTIES _LEFTPAREN function_name_commalist _RIGHTPAREN _TO initialize_commalist   (rule 291)

    _LEFTPAREN	shift, and go to state 392
    _TO 	shift, and go to state 393
    _PROPERTIES	shift, and go to state 394



state 292

    update_stmt  ->  _ADD update_item for_each_clause . where_clause   (rule 288)

    _WHERE	shift, and go to state 390

    $default	reduce using rule 150 (where_clause)

    where_clause	go to state 395



state 293

    update_stmt  ->  _REMOVE _TYPE _ID . _FROM gen_variable_name_commalist   (rule 293)

    _FROM	shift, and go to state 396



state 294

    update_stmt  ->  _REMOVE update_item for_each_clause . where_clause   (rule 292)

    _WHERE	shift, and go to state 390

    $default	reduce using rule 150 (where_clause)

    where_clause	go to state 397



state 295

    activate_rule_stmt  ->  _ACTIVATE _RULE rule_name . _LEFTPAREN _RIGHTPAREN   (rule 273)
    activate_rule_stmt  ->  _ACTIVATE _RULE rule_name . _LEFTPAREN _RIGHTPAREN activation_props   (rule 274)
    activate_rule_stmt  ->  _ACTIVATE _RULE rule_name . _LEFTPAREN expr_commalist _RIGHTPAREN   (rule 275)
    activate_rule_stmt  ->  _ACTIVATE _RULE rule_name . _LEFTPAREN expr_commalist _RIGHTPAREN activation_props   (rule 276)

    _LEFTPAREN	shift, and go to state 398



state 296

    deactivate_rule_stmt  ->  _DEACTIVATE _RULE rule_name . _LEFTPAREN _RIGHTPAREN   (rule 281)
    deactivate_rule_stmt  ->  _DEACTIVATE _RULE rule_name . _LEFTPAREN expr_commalist _RIGHTPAREN   (rule 282)

    _LEFTPAREN	shift, and go to state 399



state 297

    select_item_commalist1  ->  select_item .   (rule 120)

    $default	reduce using rule 120 (select_item_commalist1)



state 298

    select_item_commalist1  ->  select_item_commalist . _COMMA select_item   (rule 121)
    select_stmt1  ->  _SELECT distinct_spec select_item_commalist . into_clause for_each_clause where_clause   (rule 137)

    _COMMA	shift, and go to state 400
    _INTO	shift, and go to state 401

    _COMMA	[reduce using rule 140 (into_clause)]
    $default	reduce using rule 140 (into_clause)

    into_clause	go to state 402



state 299

    select_item_commalist  ->  select_item_commalist1 .   (rule 118)

    $default	reduce using rule 118 (select_item_commalist)



state 300

    select_item  ->  simple_expr .   (rule 117)
    simple_expr  ->  simple_expr . _DIVIDE simple_expr   (rule 209)
    simple_expr  ->  simple_expr . _CARET simple_expr   (rule 210)
    simple_expr  ->  simple_expr . _DOTCARET simple_expr   (rule 211)
    simple_expr  ->  simple_expr . _DOTDIVIDE simple_expr   (rule 212)
    simple_expr  ->  simple_expr . _TIMES simple_expr   (rule 213)
    simple_expr  ->  simple_expr . _DOTTIMES simple_expr   (rule 214)
    simple_expr  ->  simple_expr . _PLUS simple_expr   (rule 215)
    simple_expr  ->  simple_expr . _MINUS simple_expr   (rule 216)
    simple_expr  ->  simple_expr . _AND simple_expr   (rule 217)
    simple_expr  ->  simple_expr . _OR simple_expr   (rule 218)
    simple_expr  ->  simple_expr . _EQUAL simple_expr   (rule 219)
    simple_expr  ->  simple_expr . _LESSEQ simple_expr   (rule 220)
    simple_expr  ->  simple_expr . _LESS simple_expr   (rule 221)
    simple_expr  ->  simple_expr . _GREATEREQ simple_expr   (rule 222)
    simple_expr  ->  simple_expr . _GREATER simple_expr   (rule 223)
    simple_expr  ->  simple_expr . _UNEQUAL simple_expr   (rule 224)
    simple_expr  ->  simple_expr . _IN simple_expr   (rule 225)
    vector_reference  ->  simple_expr . _LEFTBRACKET simple_expr _RIGHTBRACKET   (rule 244)

    _PLUS	shift, and go to state 219
    _MINUS	shift, and go to state 220
    _TIMES	shift, and go to state 221
    _DIVIDE	shift, and go to state 222
    _DOTTIMES	shift, and go to state 223
    _DOTDIVIDE	shift, and go to state 224
    _CARET	shift, and go to state 225
    _DOTCARET	shift, and go to state 226
    _AND	shift, and go to state 227
    _OR 	shift, and go to state 228
    _EQUAL	shift, and go to state 229
    _LESS	shift, and go to state 230
    _GREATER	shift, and go to state 231
    _LESSEQ	shift, and go to state 232
    _GREATEREQ	shift, and go to state 233
    _UNEQUAL	shift, and go to state 234
    _LEFTBRACKET	shift, and go to state 235
    _IN 	shift, and go to state 236

    _PLUS	[reduce using rule 117 (select_item)]
    _MINUS	[reduce using rule 117 (select_item)]
    _TIMES	[reduce using rule 117 (select_item)]
    _DIVIDE	[reduce using rule 117 (select_item)]
    _DOTTIMES	[reduce using rule 117 (select_item)]
    _DOTDIVIDE	[reduce using rule 117 (select_item)]
    _CARET	[reduce using rule 117 (select_item)]
    _DOTCARET	[reduce using rule 117 (select_item)]
    _AND	[reduce using rule 117 (select_item)]
    _OR 	[reduce using rule 117 (select_item)]
    _EQUAL	[reduce using rule 117 (select_item)]
    _LESS	[reduce using rule 117 (select_item)]
    _GREATER	[reduce using rule 117 (select_item)]
    _LESSEQ	[reduce using rule 117 (select_item)]
    _GREATEREQ	[reduce using rule 117 (select_item)]
    _UNEQUAL	[reduce using rule 117 (select_item)]
    _LEFTBRACKET	[reduce using rule 117 (select_item)]
    _IN 	[reduce using rule 117 (select_item)]
    $default	reduce using rule 117 (select_item)



state 301

    for_each_option  ->  _DISTINCT .   (rule 365)

    $default	reduce using rule 365 (for_each_option)



state 302

    for_each_option  ->  _ORIGINAL .   (rule 366)

    $default	reduce using rule 366 (for_each_option)



state 303

    for_each_stmt  ->  _FOR _EACH for_each_option . for_each_vars where_clause procedure_body_stmt   (rule 367)

    _ID 	shift, and go to state 160
    _TYPE	shift, and go to state 21
    _FUNCTION	shift, and go to state 22
    _RULE	shift, and go to state 23
    _BAG	shift, and go to state 152
    _VECTOR	shift, and go to state 153

    _ID 	[reduce using rule 368 (for_each_vars)]
    _TYPE	[reduce using rule 368 (for_each_vars)]
    _FUNCTION	[reduce using rule 368 (for_each_vars)]
    _RULE	[reduce using rule 368 (for_each_vars)]
    _BAG	[reduce using rule 368 (for_each_vars)]
    _VECTOR	[reduce using rule 368 (for_each_vars)]
    $default	reduce using rule 368 (for_each_vars)

    type_name	go to state 266
    simple_type	go to state 162
    aggr_type	go to state 163
    variable_declaration	go to state 267
    variable_declaration_commalist	go to state 403
    for_each_vars	go to state 404



state 304

    bag_value  ->  _BAG _LEFTPAREN _RIGHTPAREN .   (rule 235)

    $default	reduce using rule 235 (bag_value)



state 305

    expr_commalist  ->  expr_commalist . _COMMA simple_expr   (rule 231)
    bag_value  ->  _BAG _LEFTPAREN expr_commalist . _RIGHTPAREN   (rule 234)

    _RIGHTPAREN	shift, and go to state 405
    _COMMA	shift, and go to state 256



state 306

    vector_construction  ->  _VECTOR _LEFTPAREN _RIGHTPAREN .   (rule 243)

    $default	reduce using rule 243 (vector_construction)



state 307

    expr_commalist  ->  expr_commalist . _COMMA simple_expr   (rule 231)
    vector_construction  ->  _VECTOR _LEFTPAREN expr_commalist . _RIGHTPAREN   (rule 242)

    _RIGHTPAREN	shift, and go to state 406
    _COMMA	shift, and go to state 256



state 308

    select_item_commalist1  ->  select_item_commalist . _COMMA select_item   (rule 121)
    function_call  ->  _VSELECT distinct_spec select_item_commalist . into_clause for_each_clause where_clause   (rule 161)

    _COMMA	shift, and go to state 400
    _INTO	shift, and go to state 401

    _COMMA	[reduce using rule 140 (into_clause)]
    _INTO	[reduce using rule 140 (into_clause)]
    $default	reduce using rule 140 (into_clause)

    into_clause	go to state 407



state 309

    if_stmt  ->  _IF general_expr_test _THEN . procedure_body_stmt   (rule 361)
    if_stmt  ->  _IF general_expr_test _THEN . procedure_body_stmt _ELSE procedure_body_stmt   (rule 362)

    _ID 	shift, and go to state 146
    _BEGIN	shift, and go to state 14
    _CREATE	shift, and go to state 150
    _DELETE	shift, and go to state 151
    _SET	shift, and go to state 18
    _ADD	shift, and go to state 19
    _REMOVE	shift, and go to state 20
    _TYPE	shift, and go to state 21
    _FUNCTION	shift, and go to state 22
    _RULE	shift, and go to state 23
    _ACTIVATE	shift, and go to state 24
    _DEACTIVATE	shift, and go to state 25
    _SELECT	shift, and go to state 26
    _FOR	shift, and go to state 27
    _BAG	shift, and go to state 152
    _VECTOR	shift, and go to state 153
    _RETURN	shift, and go to state 30
    _VSELECT	shift, and go to state 32
    _IF 	shift, and go to state 33
    _OPEN	shift, and go to state 34
    _CLOSE	shift, and go to state 35
    _FETCH	shift, and go to state 36
    _COMMIT	shift, and go to state 41
    _ROLLBACK	shift, and go to state 42
    _AT 	shift, and go to state 46
    _IN 	shift, and go to state 49
    _LOOP	shift, and go to state 50
    _WHILE	shift, and go to state 51
    _LEAVE	shift, and go to state 52

    id_dotlist	go to state 55
    function_name	go to state 56
    simple_type	go to state 60
    create_object_stmt	go to state 67
    delete_object_stmt	go to state 68
    select_stmt	go to state 69
    select_stmt1	go to state 70
    function_call	go to state 154
    activate_rule_stmt	go to state 85
    deactivate_rule_stmt	go to state 86
    open_cursor_stmt	go to state 87
    fetch_cursor_stmt	go to state 88
    close_cursor_stmt	go to state 89
    update_stmt	go to state 90
    procedure_body_stmt	go to state 408
    block	go to state 95
    set_variable_stmt	go to state 96
    procedure_stmt	go to state 159
    procedure_stmt1	go to state 98
    while_stmt	go to state 99
    loop_stmt	go to state 100
    if_stmt	go to state 101
    result_stmt	go to state 102
    for_each_stmt	go to state 103
    commit_stmt	go to state 108
    rollback_stmt	go to state 109



state 310

    open_cursor_stmt  ->  _OPEN cursor_name _FOR . simple_expr   (rule 283)

    _INTEGER_CONST	shift, and go to state 2
    _REAL_CONST	shift, and go to state 3
    _BOOLEAN_CONST	shift, and go to state 4
    _STRING_CONST	shift, and go to state 5
    _ID 	shift, and go to state 117
    _IVAR	shift, and go to state 7
    _MINUS	shift, and go to state 8
    _LESS	shift, and go to state 118
    _LEFTPAREN	shift, and go to state 10
    _LEFTCURL	shift, and go to state 11
    _BAR	shift, and go to state 13
    _TYPE	shift, and go to state 21
    _FUNCTION	shift, and go to state 22
    _RULE	shift, and go to state 23
    _BAG	shift, and go to state 28
    _VECTOR	shift, and go to state 29
    _HASH	shift, and go to state 31
    _VSELECT	shift, and go to state 32
    _OIDTAG	shift, and go to state 47
    _CAST	shift, and go to state 48
    _IN 	shift, and go to state 49

    constant	go to state 53
    numeric_constant	go to state 54
    id_dotlist	go to state 55
    function_name	go to state 56
    variable_name	go to state 57
    interface_variable_name	go to state 58
    gen_variable_name	go to state 59
    simple_type	go to state 60
    function_call	go to state 71
    casting	go to state 72
    temporal_value	go to state 73
    timeval_expr	go to state 74
    timeinterval_expr	go to state 75
    date_expr	go to state 76
    time_expr	go to state 77
    simple_expr	go to state 409
    bag_value	go to state 79
    record_construction	go to state 80
    vector_construction	go to state 81
    vector_reference	go to state 82



state 311

    into_clause1  ->  _INTO . gen_variable_name_commalist   (rule 143)

    _ID 	shift, and go to state 170
    _IVAR	shift, and go to state 7

    variable_name	go to state 57
    interface_variable_name	go to state 58
    gen_variable_name	go to state 284
    gen_variable_name_commalist	go to state 410



state 312

    fetch_cursor_stmt  ->  _FETCH cursor_name into_clause1 .   (rule 285)

    $default	reduce using rule 285 (fetch_cursor_stmt)



state 313

    select_stmt  ->  _AT database_id select_stmt1 .   (rule 134)

    $default	reduce using rule 134 (select_stmt)



state 314

    oid_descr  ->  _INTEGER_CONST _STRING_CONST .   (rule 9)

    $default	reduce using rule 9 (oid_descr)



state 315

    constant  ->  _OIDTAG oid_descr _RIGHTBRACKET .   (rule 4)

    $default	reduce using rule 4 (constant)



state 316

    casting  ->  _CAST _LEFTPAREN simple_expr . _AS type_name _RIGHTPAREN   (rule 162)
    simple_expr  ->  simple_expr . _DIVIDE simple_expr   (rule 209)
    simple_expr  ->  simple_expr . _CARET simple_expr   (rule 210)
    simple_expr  ->  simple_expr . _DOTCARET simple_expr   (rule 211)
    simple_expr  ->  simple_expr . _DOTDIVIDE simple_expr   (rule 212)
    simple_expr  ->  simple_expr . _TIMES simple_expr   (rule 213)
    simple_expr  ->  simple_expr . _DOTTIMES simple_expr   (rule 214)
    simple_expr  ->  simple_expr . _PLUS simple_expr   (rule 215)
    simple_expr  ->  simple_expr . _MINUS simple_expr   (rule 216)
    simple_expr  ->  simple_expr . _AND simple_expr   (rule 217)
    simple_expr  ->  simple_expr . _OR simple_expr   (rule 218)
    simple_expr  ->  simple_expr . _EQUAL simple_expr   (rule 219)
    simple_expr  ->  simple_expr . _LESSEQ simple_expr   (rule 220)
    simple_expr  ->  simple_expr . _LESS simple_expr   (rule 221)
    simple_expr  ->  simple_expr . _GREATEREQ simple_expr   (rule 222)
    simple_expr  ->  simple_expr . _GREATER simple_expr   (rule 223)
    simple_expr  ->  simple_expr . _UNEQUAL simple_expr   (rule 224)
    simple_expr  ->  simple_expr . _IN simple_expr   (rule 225)
    vector_reference  ->  simple_expr . _LEFTBRACKET simple_expr _RIGHTBRACKET   (rule 244)

    _PLUS	shift, and go to state 219
    _MINUS	shift, and go to state 220
    _TIMES	shift, and go to state 221
    _DIVIDE	shift, and go to state 222
    _DOTTIMES	shift, and go to state 223
    _DOTDIVIDE	shift, and go to state 224
    _CARET	shift, and go to state 225
    _DOTCARET	shift, and go to state 226
    _AND	shift, and go to state 227
    _OR 	shift, and go to state 228
    _EQUAL	shift, and go to state 229
    _LESS	shift, and go to state 230
    _GREATER	shift, and go to state 231
    _LESSEQ	shift, and go to state 232
    _GREATEREQ	shift, and go to state 233
    _UNEQUAL	shift, and go to state 234
    _LEFTBRACKET	shift, and go to state 235
    _AS 	shift, and go to state 411
    _IN 	shift, and go to state 236



state 317

    loop_stmt  ->  _LOOP block_body _LOOP .   (rule 360)

    $default	reduce using rule 360 (loop_stmt)



state 318

    while_stmt  ->  _WHILE simple_expr _DO . block_body _WHILE   (rule 359)

    _ID 	shift, and go to state 146
    _SEMICOLON	shift, and go to state 147
    _BEGIN	shift, and go to state 14
    _DECLARE	shift, and go to state 148
    _END	shift, and go to state 149
    _CREATE	shift, and go to state 150
    _DELETE	shift, and go to state 151
    _SET	shift, and go to state 18
    _ADD	shift, and go to state 19
    _REMOVE	shift, and go to state 20
    _TYPE	shift, and go to state 21
    _FUNCTION	shift, and go to state 22
    _RULE	shift, and go to state 23
    _ACTIVATE	shift, and go to state 24
    _DEACTIVATE	shift, and go to state 25
    _SELECT	shift, and go to state 26
    _FOR	shift, and go to state 27
    _BAG	shift, and go to state 152
    _VECTOR	shift, and go to state 153
    _RETURN	shift, and go to state 30
    _VSELECT	shift, and go to state 32
    _IF 	shift, and go to state 33
    _OPEN	shift, and go to state 34
    _CLOSE	shift, and go to state 35
    _FETCH	shift, and go to state 36
    _COMMIT	shift, and go to state 41
    _ROLLBACK	shift, and go to state 42
    _AT 	shift, and go to state 46
    _IN 	shift, and go to state 49
    _LOOP	shift, and go to state 50
    _WHILE	shift, and go to state 51
    _LEAVE	shift, and go to state 52

    _WHILE	[reduce using rule 330 (block_body)]
    $default	reduce using rule 330 (block_body)

    id_dotlist	go to state 55
    function_name	go to state 56
    simple_type	go to state 60
    create_object_stmt	go to state 67
    delete_object_stmt	go to state 68
    select_stmt	go to state 69
    select_stmt1	go to state 70
    function_call	go to state 154
    activate_rule_stmt	go to state 85
    deactivate_rule_stmt	go to state 86
    open_cursor_stmt	go to state 87
    fetch_cursor_stmt	go to state 88
    close_cursor_stmt	go to state 89
    update_stmt	go to state 90
    procedure_body_stmt	go to state 155
    procedure_body_stmt_semicolonlist	go to state 156
    block	go to state 95
    block_body	go to state 412
    end_stmt	go to state 158
    set_variable_stmt	go to state 96
    procedure_stmt	go to state 159
    procedure_stmt1	go to state 98
    while_stmt	go to state 99
    loop_stmt	go to state 100
    if_stmt	go to state 101
    result_stmt	go to state 102
    for_each_stmt	go to state 103
    commit_stmt	go to state 108
    rollback_stmt	go to state 109



state 319

    id_dotlist  ->  id_dotlist _DOT simple_type . @1   (rule 14)

    $default	reduce using rule 13 (@1)

    @1  	go to state 413



state 320

    id_dotlist  ->  id_dotlist . _DOT simple_type @1   (rule 14)
    function_name  ->  id_dotlist _ARROW id_dotlist .   (rule 16)

    _DOT	shift, and go to state 215

    $default	reduce using rule 16 (function_name)



state 321

    function_call  ->  function_name _LEFTPAREN _RIGHTPAREN .   (rule 156)
    function_call  ->  function_name _LEFTPAREN _RIGHTPAREN . temporal_call   (rule 159)

    _ALPHAB	shift, and go to state 414
    _WITHIN	shift, and go to state 415

    $default	reduce using rule 156 (function_call)

    temporal_call	go to state 416



state 322

    function_call  ->  function_name _LEFTPAREN select_stmt1 . _RIGHTPAREN   (rule 157)

    _RIGHTPAREN	shift, and go to state 417



state 323

    function_call  ->  function_name _LEFTPAREN expr_commalist . _RIGHTPAREN   (rule 158)
    function_call  ->  function_name _LEFTPAREN expr_commalist . _RIGHTPAREN temporal_call   (rule 160)
    expr_commalist  ->  expr_commalist . _COMMA simple_expr   (rule 231)

    _RIGHTPAREN	shift, and go to state 418
    _COMMA	shift, and go to state 256



state 324

    create_function_stmt  ->  create_keyword _FUNCTION function_name . argl_spec _ARROW resl_spec fn_implementation   (rule 82)

    _LEFTPAREN	shift, and go to state 380

    argl_spec	go to state 419



state 325

    simple_expr  ->  simple_expr . _DIVIDE simple_expr   (rule 209)
    simple_expr  ->  simple_expr . _CARET simple_expr   (rule 210)
    simple_expr  ->  simple_expr . _DOTCARET simple_expr   (rule 211)
    simple_expr  ->  simple_expr . _DOTDIVIDE simple_expr   (rule 212)
    simple_expr  ->  simple_expr . _TIMES simple_expr   (rule 213)
    simple_expr  ->  simple_expr . _DOTTIMES simple_expr   (rule 214)
    simple_expr  ->  simple_expr . _PLUS simple_expr   (rule 215)
    simple_expr  ->  simple_expr _PLUS simple_expr .   (rule 215)
    simple_expr  ->  simple_expr . _MINUS simple_expr   (rule 216)
    simple_expr  ->  simple_expr . _AND simple_expr   (rule 217)
    simple_expr  ->  simple_expr . _OR simple_expr   (rule 218)
    simple_expr  ->  simple_expr . _EQUAL simple_expr   (rule 219)
    simple_expr  ->  simple_expr . _LESSEQ simple_expr   (rule 220)
    simple_expr  ->  simple_expr . _LESS simple_expr   (rule 221)
    simple_expr  ->  simple_expr . _GREATEREQ simple_expr   (rule 222)
    simple_expr  ->  simple_expr . _GREATER simple_expr   (rule 223)
    simple_expr  ->  simple_expr . _UNEQUAL simple_expr   (rule 224)
    simple_expr  ->  simple_expr . _IN simple_expr   (rule 225)
    vector_reference  ->  simple_expr . _LEFTBRACKET simple_expr _RIGHTBRACKET   (rule 244)

    _TIMES	shift, and go to state 221
    _DIVIDE	shift, and go to state 222
    _DOTTIMES	shift, and go to state 223
    _DOTDIVIDE	shift, and go to state 224
    _CARET	shift, and go to state 225
    _DOTCARET	shift, and go to state 226
    _LEFTBRACKET	shift, and go to state 235

    _LEFTBRACKET	[reduce using rule 215 (simple_expr)]
    $default	reduce using rule 215 (simple_expr)



state 326

    simple_expr  ->  simple_expr . _DIVIDE simple_expr   (rule 209)
    simple_expr  ->  simple_expr . _CARET simple_expr   (rule 210)
    simple_expr  ->  simple_expr . _DOTCARET simple_expr   (rule 211)
    simple_expr  ->  simple_expr . _DOTDIVIDE simple_expr   (rule 212)
    simple_expr  ->  simple_expr . _TIMES simple_expr   (rule 213)
    simple_expr  ->  simple_expr . _DOTTIMES simple_expr   (rule 214)
    simple_expr  ->  simple_expr . _PLUS simple_expr   (rule 215)
    simple_expr  ->  simple_expr . _MINUS simple_expr   (rule 216)
    simple_expr  ->  simple_expr _MINUS simple_expr .   (rule 216)
    simple_expr  ->  simple_expr . _AND simple_expr   (rule 217)
    simple_expr  ->  simple_expr . _OR simple_expr   (rule 218)
    simple_expr  ->  simple_expr . _EQUAL simple_expr   (rule 219)
    simple_expr  ->  simple_expr . _LESSEQ simple_expr   (rule 220)
    simple_expr  ->  simple_expr . _LESS simple_expr   (rule 221)
    simple_expr  ->  simple_expr . _GREATEREQ simple_expr   (rule 222)
    simple_expr  ->  simple_expr . _GREATER simple_expr   (rule 223)
    simple_expr  ->  simple_expr . _UNEQUAL simple_expr   (rule 224)
    simple_expr  ->  simple_expr . _IN simple_expr   (rule 225)
    vector_reference  ->  simple_expr . _LEFTBRACKET simple_expr _RIGHTBRACKET   (rule 244)

    _TIMES	shift, and go to state 221
    _DIVIDE	shift, and go to state 222
    _DOTTIMES	shift, and go to state 223
    _DOTDIVIDE	shift, and go to state 224
    _CARET	shift, and go to state 225
    _DOTCARET	shift, and go to state 226
    _LEFTBRACKET	shift, and go to state 235

    _LEFTBRACKET	[reduce using rule 216 (simple_expr)]
    $default	reduce using rule 216 (simple_expr)



state 327

    simple_expr  ->  simple_expr . _DIVIDE simple_expr   (rule 209)
    simple_expr  ->  simple_expr . _CARET simple_expr   (rule 210)
    simple_expr  ->  simple_expr . _DOTCARET simple_expr   (rule 211)
    simple_expr  ->  simple_expr . _DOTDIVIDE simple_expr   (rule 212)
    simple_expr  ->  simple_expr . _TIMES simple_expr   (rule 213)
    simple_expr  ->  simple_expr _TIMES simple_expr .   (rule 213)
    simple_expr  ->  simple_expr . _DOTTIMES simple_expr   (rule 214)
    simple_expr  ->  simple_expr . _PLUS simple_expr   (rule 215)
    simple_expr  ->  simple_expr . _MINUS simple_expr   (rule 216)
    simple_expr  ->  simple_expr . _AND simple_expr   (rule 217)
    simple_expr  ->  simple_expr . _OR simple_expr   (rule 218)
    simple_expr  ->  simple_expr . _EQUAL simple_expr   (rule 219)
    simple_expr  ->  simple_expr . _LESSEQ simple_expr   (rule 220)
    simple_expr  ->  simple_expr . _LESS simple_expr   (rule 221)
    simple_expr  ->  simple_expr . _GREATEREQ simple_expr   (rule 222)
    simple_expr  ->  simple_expr . _GREATER simple_expr   (rule 223)
    simple_expr  ->  simple_expr . _UNEQUAL simple_expr   (rule 224)
    simple_expr  ->  simple_expr . _IN simple_expr   (rule 225)
    vector_reference  ->  simple_expr . _LEFTBRACKET simple_expr _RIGHTBRACKET   (rule 244)

    _CARET	shift, and go to state 225
    _DOTCARET	shift, and go to state 226
    _LEFTBRACKET	shift, and go to state 235

    _LEFTBRACKET	[reduce using rule 213 (simple_expr)]
    $default	reduce using rule 213 (simple_expr)



state 328

    simple_expr  ->  simple_expr . _DIVIDE simple_expr   (rule 209)
    simple_expr  ->  simple_expr _DIVIDE simple_expr .   (rule 209)
    simple_expr  ->  simple_expr . _CARET simple_expr   (rule 210)
    simple_expr  ->  simple_expr . _DOTCARET simple_expr   (rule 211)
    simple_expr  ->  simple_expr . _DOTDIVIDE simple_expr   (rule 212)
    simple_expr  ->  simple_expr . _TIMES simple_expr   (rule 213)
    simple_expr  ->  simple_expr . _DOTTIMES simple_expr   (rule 214)
    simple_expr  ->  simple_expr . _PLUS simple_expr   (rule 215)
    simple_expr  ->  simple_expr . _MINUS simple_expr   (rule 216)
    simple_expr  ->  simple_expr . _AND simple_expr   (rule 217)
    simple_expr  ->  simple_expr . _OR simple_expr   (rule 218)
    simple_expr  ->  simple_expr . _EQUAL simple_expr   (rule 219)
    simple_expr  ->  simple_expr . _LESSEQ simple_expr   (rule 220)
    simple_expr  ->  simple_expr . _LESS simple_expr   (rule 221)
    simple_expr  ->  simple_expr . _GREATEREQ simple_expr   (rule 222)
    simple_expr  ->  simple_expr . _GREATER simple_expr   (rule 223)
    simple_expr  ->  simple_expr . _UNEQUAL simple_expr   (rule 224)
    simple_expr  ->  simple_expr . _IN simple_expr   (rule 225)
    vector_reference  ->  simple_expr . _LEFTBRACKET simple_expr _RIGHTBRACKET   (rule 244)

    _CARET	shift, and go to state 225
    _DOTCARET	shift, and go to state 226
    _LEFTBRACKET	shift, and go to state 235

    _LEFTBRACKET	[reduce using rule 209 (simple_expr)]
    $default	reduce using rule 209 (simple_expr)



state 329

    simple_expr  ->  simple_expr . _DIVIDE simple_expr   (rule 209)
    simple_expr  ->  simple_expr . _CARET simple_expr   (rule 210)
    simple_expr  ->  simple_expr . _DOTCARET simple_expr   (rule 211)
    simple_expr  ->  simple_expr . _DOTDIVIDE simple_expr   (rule 212)
    simple_expr  ->  simple_expr . _TIMES simple_expr   (rule 213)
    simple_expr  ->  simple_expr . _DOTTIMES simple_expr   (rule 214)
    simple_expr  ->  simple_expr _DOTTIMES simple_expr .   (rule 214)
    simple_expr  ->  simple_expr . _PLUS simple_expr   (rule 215)
    simple_expr  ->  simple_expr . _MINUS simple_expr   (rule 216)
    simple_expr  ->  simple_expr . _AND simple_expr   (rule 217)
    simple_expr  ->  simple_expr . _OR simple_expr   (rule 218)
    simple_expr  ->  simple_expr . _EQUAL simple_expr   (rule 219)
    simple_expr  ->  simple_expr . _LESSEQ simple_expr   (rule 220)
    simple_expr  ->  simple_expr . _LESS simple_expr   (rule 221)
    simple_expr  ->  simple_expr . _GREATEREQ simple_expr   (rule 222)
    simple_expr  ->  simple_expr . _GREATER simple_expr   (rule 223)
    simple_expr  ->  simple_expr . _UNEQUAL simple_expr   (rule 224)
    simple_expr  ->  simple_expr . _IN simple_expr   (rule 225)
    vector_reference  ->  simple_expr . _LEFTBRACKET simple_expr _RIGHTBRACKET   (rule 244)

    _CARET	shift, and go to state 225
    _DOTCARET	shift, and go to state 226
    _LEFTBRACKET	shift, and go to state 235

    _LEFTBRACKET	[reduce using rule 214 (simple_expr)]
    $default	reduce using rule 214 (simple_expr)



state 330

    simple_expr  ->  simple_expr . _DIVIDE simple_expr   (rule 209)
    simple_expr  ->  simple_expr . _CARET simple_expr   (rule 210)
    simple_expr  ->  simple_expr . _DOTCARET simple_expr   (rule 211)
    simple_expr  ->  simple_expr . _DOTDIVIDE simple_expr   (rule 212)
    simple_expr  ->  simple_expr _DOTDIVIDE simple_expr .   (rule 212)
    simple_expr  ->  simple_expr . _TIMES simple_expr   (rule 213)
    simple_expr  ->  simple_expr . _DOTTIMES simple_expr   (rule 214)
    simple_expr  ->  simple_expr . _PLUS simple_expr   (rule 215)
    simple_expr  ->  simple_expr . _MINUS simple_expr   (rule 216)
    simple_expr  ->  simple_expr . _AND simple_expr   (rule 217)
    simple_expr  ->  simple_expr . _OR simple_expr   (rule 218)
    simple_expr  ->  simple_expr . _EQUAL simple_expr   (rule 219)
    simple_expr  ->  simple_expr . _LESSEQ simple_expr   (rule 220)
    simple_expr  ->  simple_expr . _LESS simple_expr   (rule 221)
    simple_expr  ->  simple_expr . _GREATEREQ simple_expr   (rule 222)
    simple_expr  ->  simple_expr . _GREATER simple_expr   (rule 223)
    simple_expr  ->  simple_expr . _UNEQUAL simple_expr   (rule 224)
    simple_expr  ->  simple_expr . _IN simple_expr   (rule 225)
    vector_reference  ->  simple_expr . _LEFTBRACKET simple_expr _RIGHTBRACKET   (rule 244)

    _CARET	shift, and go to state 225
    _DOTCARET	shift, and go to state 226
    _LEFTBRACKET	shift, and go to state 235

    _LEFTBRACKET	[reduce using rule 212 (simple_expr)]
    $default	reduce using rule 212 (simple_expr)



state 331

    simple_expr  ->  simple_expr . _DIVIDE simple_expr   (rule 209)
    simple_expr  ->  simple_expr . _CARET simple_expr   (rule 210)
    simple_expr  ->  simple_expr _CARET simple_expr .   (rule 210)
    simple_expr  ->  simple_expr . _DOTCARET simple_expr   (rule 211)
    simple_expr  ->  simple_expr . _DOTDIVIDE simple_expr   (rule 212)
    simple_expr  ->  simple_expr . _TIMES simple_expr   (rule 213)
    simple_expr  ->  simple_expr . _DOTTIMES simple_expr   (rule 214)
    simple_expr  ->  simple_expr . _PLUS simple_expr   (rule 215)
    simple_expr  ->  simple_expr . _MINUS simple_expr   (rule 216)
    simple_expr  ->  simple_expr . _AND simple_expr   (rule 217)
    simple_expr  ->  simple_expr . _OR simple_expr   (rule 218)
    simple_expr  ->  simple_expr . _EQUAL simple_expr   (rule 219)
    simple_expr  ->  simple_expr . _LESSEQ simple_expr   (rule 220)
    simple_expr  ->  simple_expr . _LESS simple_expr   (rule 221)
    simple_expr  ->  simple_expr . _GREATEREQ simple_expr   (rule 222)
    simple_expr  ->  simple_expr . _GREATER simple_expr   (rule 223)
    simple_expr  ->  simple_expr . _UNEQUAL simple_expr   (rule 224)
    simple_expr  ->  simple_expr . _IN simple_expr   (rule 225)
    vector_reference  ->  simple_expr . _LEFTBRACKET simple_expr _RIGHTBRACKET   (rule 244)

    _LEFTBRACKET	shift, and go to state 235

    _LEFTBRACKET	[reduce using rule 210 (simple_expr)]
    $default	reduce using rule 210 (simple_expr)



state 332

    simple_expr  ->  simple_expr . _DIVIDE simple_expr   (rule 209)
    simple_expr  ->  simple_expr . _CARET simple_expr   (rule 210)
    simple_expr  ->  simple_expr . _DOTCARET simple_expr   (rule 211)
    simple_expr  ->  simple_expr _DOTCARET simple_expr .   (rule 211)
    simple_expr  ->  simple_expr . _DOTDIVIDE simple_expr   (rule 212)
    simple_expr  ->  simple_expr . _TIMES simple_expr   (rule 213)
    simple_expr  ->  simple_expr . _DOTTIMES simple_expr   (rule 214)
    simple_expr  ->  simple_expr . _PLUS simple_expr   (rule 215)
    simple_expr  ->  simple_expr . _MINUS simple_expr   (rule 216)
    simple_expr  ->  simple_expr . _AND simple_expr   (rule 217)
    simple_expr  ->  simple_expr . _OR simple_expr   (rule 218)
    simple_expr  ->  simple_expr . _EQUAL simple_expr   (rule 219)
    simple_expr  ->  simple_expr . _LESSEQ simple_expr   (rule 220)
    simple_expr  ->  simple_expr . _LESS simple_expr   (rule 221)
    simple_expr  ->  simple_expr . _GREATEREQ simple_expr   (rule 222)
    simple_expr  ->  simple_expr . _GREATER simple_expr   (rule 223)
    simple_expr  ->  simple_expr . _UNEQUAL simple_expr   (rule 224)
    simple_expr  ->  simple_expr . _IN simple_expr   (rule 225)
    vector_reference  ->  simple_expr . _LEFTBRACKET simple_expr _RIGHTBRACKET   (rule 244)

    _LEFTBRACKET	shift, and go to state 235

    _LEFTBRACKET	[reduce using rule 211 (simple_expr)]
    $default	reduce using rule 211 (simple_expr)



state 333

    simple_expr  ->  simple_expr . _DIVIDE simple_expr   (rule 209)
    simple_expr  ->  simple_expr . _CARET simple_expr   (rule 210)
    simple_expr  ->  simple_expr . _DOTCARET simple_expr   (rule 211)
    simple_expr  ->  simple_expr . _DOTDIVIDE simple_expr   (rule 212)
    simple_expr  ->  simple_expr . _TIMES simple_expr   (rule 213)
    simple_expr  ->  simple_expr . _DOTTIMES simple_expr   (rule 214)
    simple_expr  ->  simple_expr . _PLUS simple_expr   (rule 215)
    simple_expr  ->  simple_expr . _MINUS simple_expr   (rule 216)
    simple_expr  ->  simple_expr . _AND simple_expr   (rule 217)
    simple_expr  ->  simple_expr _AND simple_expr .   (rule 217)
    simple_expr  ->  simple_expr . _OR simple_expr   (rule 218)
    simple_expr  ->  simple_expr . _EQUAL simple_expr   (rule 219)
    simple_expr  ->  simple_expr . _LESSEQ simple_expr   (rule 220)
    simple_expr  ->  simple_expr . _LESS simple_expr   (rule 221)
    simple_expr  ->  simple_expr . _GREATEREQ simple_expr   (rule 222)
    simple_expr  ->  simple_expr . _GREATER simple_expr   (rule 223)
    simple_expr  ->  simple_expr . _UNEQUAL simple_expr   (rule 224)
    simple_expr  ->  simple_expr . _IN simple_expr   (rule 225)
    vector_reference  ->  simple_expr . _LEFTBRACKET simple_expr _RIGHTBRACKET   (rule 244)

    _PLUS	shift, and go to state 219
    _MINUS	shift, and go to state 220
    _TIMES	shift, and go to state 221
    _DIVIDE	shift, and go to state 222
    _DOTTIMES	shift, and go to state 223
    _DOTDIVIDE	shift, and go to state 224
    _CARET	shift, and go to state 225
    _DOTCARET	shift, and go to state 226
    _EQUAL	shift, and go to state 229
    _LESS	shift, and go to state 230
    _GREATER	shift, and go to state 231
    _LESSEQ	shift, and go to state 232
    _GREATEREQ	shift, and go to state 233
    _UNEQUAL	shift, and go to state 234
    _LEFTBRACKET	shift, and go to state 235
    _IN 	shift, and go to state 236

    _LEFTBRACKET	[reduce using rule 217 (simple_expr)]
    $default	reduce using rule 217 (simple_expr)



state 334

    simple_expr  ->  simple_expr . _DIVIDE simple_expr   (rule 209)
    simple_expr  ->  simple_expr . _CARET simple_expr   (rule 210)
    simple_expr  ->  simple_expr . _DOTCARET simple_expr   (rule 211)
    simple_expr  ->  simple_expr . _DOTDIVIDE simple_expr   (rule 212)
    simple_expr  ->  simple_expr . _TIMES simple_expr   (rule 213)
    simple_expr  ->  simple_expr . _DOTTIMES simple_expr   (rule 214)
    simple_expr  ->  simple_expr . _PLUS simple_expr   (rule 215)
    simple_expr  ->  simple_expr . _MINUS simple_expr   (rule 216)
    simple_expr  ->  simple_expr . _AND simple_expr   (rule 217)
    simple_expr  ->  simple_expr . _OR simple_expr   (rule 218)
    simple_expr  ->  simple_expr _OR simple_expr .   (rule 218)
    simple_expr  ->  simple_expr . _EQUAL simple_expr   (rule 219)
    simple_expr  ->  simple_expr . _LESSEQ simple_expr   (rule 220)
    simple_expr  ->  simple_expr . _LESS simple_expr   (rule 221)
    simple_expr  ->  simple_expr . _GREATEREQ simple_expr   (rule 222)
    simple_expr  ->  simple_expr . _GREATER simple_expr   (rule 223)
    simple_expr  ->  simple_expr . _UNEQUAL simple_expr   (rule 224)
    simple_expr  ->  simple_expr . _IN simple_expr   (rule 225)
    vector_reference  ->  simple_expr . _LEFTBRACKET simple_expr _RIGHTBRACKET   (rule 244)

    _PLUS	shift, and go to state 219
    _MINUS	shift, and go to state 220
    _TIMES	shift, and go to state 221
    _DIVIDE	shift, and go to state 222
    _DOTTIMES	shift, and go to state 223
    _DOTDIVIDE	shift, and go to state 224
    _CARET	shift, and go to state 225
    _DOTCARET	shift, and go to state 226
    _AND	shift, and go to state 227
    _EQUAL	shift, and go to state 229
    _LESS	shift, and go to state 230
    _GREATER	shift, and go to state 231
    _LESSEQ	shift, and go to state 232
    _GREATEREQ	shift, and go to state 233
    _UNEQUAL	shift, and go to state 234
    _LEFTBRACKET	shift, and go to state 235
    _IN 	shift, and go to state 236

    _LEFTBRACKET	[reduce using rule 218 (simple_expr)]
    $default	reduce using rule 218 (simple_expr)



state 335

    simple_expr  ->  simple_expr . _DIVIDE simple_expr   (rule 209)
    simple_expr  ->  simple_expr . _CARET simple_expr   (rule 210)
    simple_expr  ->  simple_expr . _DOTCARET simple_expr   (rule 211)
    simple_expr  ->  simple_expr . _DOTDIVIDE simple_expr   (rule 212)
    simple_expr  ->  simple_expr . _TIMES simple_expr   (rule 213)
    simple_expr  ->  simple_expr . _DOTTIMES simple_expr   (rule 214)
    simple_expr  ->  simple_expr . _PLUS simple_expr   (rule 215)
    simple_expr  ->  simple_expr . _MINUS simple_expr   (rule 216)
    simple_expr  ->  simple_expr . _AND simple_expr   (rule 217)
    simple_expr  ->  simple_expr . _OR simple_expr   (rule 218)
    simple_expr  ->  simple_expr . _EQUAL simple_expr   (rule 219)
    simple_expr  ->  simple_expr _EQUAL simple_expr .   (rule 219)
    simple_expr  ->  simple_expr . _LESSEQ simple_expr   (rule 220)
    simple_expr  ->  simple_expr . _LESS simple_expr   (rule 221)
    simple_expr  ->  simple_expr . _GREATEREQ simple_expr   (rule 222)
    simple_expr  ->  simple_expr . _GREATER simple_expr   (rule 223)
    simple_expr  ->  simple_expr . _UNEQUAL simple_expr   (rule 224)
    simple_expr  ->  simple_expr . _IN simple_expr   (rule 225)
    vector_reference  ->  simple_expr . _LEFTBRACKET simple_expr _RIGHTBRACKET   (rule 244)

    _PLUS	shift, and go to state 219
    _MINUS	shift, and go to state 220
    _TIMES	shift, and go to state 221
    _DIVIDE	shift, and go to state 222
    _DOTTIMES	shift, and go to state 223
    _DOTDIVIDE	shift, and go to state 224
    _CARET	shift, and go to state 225
    _DOTCARET	shift, and go to state 226
    _LEFTBRACKET	shift, and go to state 235

    _LEFTBRACKET	[reduce using rule 219 (simple_expr)]
    $default	reduce using rule 219 (simple_expr)



state 336

    simple_expr  ->  simple_expr . _DIVIDE simple_expr   (rule 209)
    simple_expr  ->  simple_expr . _CARET simple_expr   (rule 210)
    simple_expr  ->  simple_expr . _DOTCARET simple_expr   (rule 211)
    simple_expr  ->  simple_expr . _DOTDIVIDE simple_expr   (rule 212)
    simple_expr  ->  simple_expr . _TIMES simple_expr   (rule 213)
    simple_expr  ->  simple_expr . _DOTTIMES simple_expr   (rule 214)
    simple_expr  ->  simple_expr . _PLUS simple_expr   (rule 215)
    simple_expr  ->  simple_expr . _MINUS simple_expr   (rule 216)
    simple_expr  ->  simple_expr . _AND simple_expr   (rule 217)
    simple_expr  ->  simple_expr . _OR simple_expr   (rule 218)
    simple_expr  ->  simple_expr . _EQUAL simple_expr   (rule 219)
    simple_expr  ->  simple_expr . _LESSEQ simple_expr   (rule 220)
    simple_expr  ->  simple_expr . _LESS simple_expr   (rule 221)
    simple_expr  ->  simple_expr _LESS simple_expr .   (rule 221)
    simple_expr  ->  simple_expr . _GREATEREQ simple_expr   (rule 222)
    simple_expr  ->  simple_expr . _GREATER simple_expr   (rule 223)
    simple_expr  ->  simple_expr . _UNEQUAL simple_expr   (rule 224)
    simple_expr  ->  simple_expr . _IN simple_expr   (rule 225)
    vector_reference  ->  simple_expr . _LEFTBRACKET simple_expr _RIGHTBRACKET   (rule 244)

    _PLUS	shift, and go to state 219
    _MINUS	shift, and go to state 220
    _TIMES	shift, and go to state 221
    _DIVIDE	shift, and go to state 222
    _DOTTIMES	shift, and go to state 223
    _DOTDIVIDE	shift, and go to state 224
    _CARET	shift, and go to state 225
    _DOTCARET	shift, and go to state 226
    _LEFTBRACKET	shift, and go to state 235

    _LEFTBRACKET	[reduce using rule 221 (simple_expr)]
    $default	reduce using rule 221 (simple_expr)



state 337

    simple_expr  ->  simple_expr . _DIVIDE simple_expr   (rule 209)
    simple_expr  ->  simple_expr . _CARET simple_expr   (rule 210)
    simple_expr  ->  simple_expr . _DOTCARET simple_expr   (rule 211)
    simple_expr  ->  simple_expr . _DOTDIVIDE simple_expr   (rule 212)
    simple_expr  ->  simple_expr . _TIMES simple_expr   (rule 213)
    simple_expr  ->  simple_expr . _DOTTIMES simple_expr   (rule 214)
    simple_expr  ->  simple_expr . _PLUS simple_expr   (rule 215)
    simple_expr  ->  simple_expr . _MINUS simple_expr   (rule 216)
    simple_expr  ->  simple_expr . _AND simple_expr   (rule 217)
    simple_expr  ->  simple_expr . _OR simple_expr   (rule 218)
    simple_expr  ->  simple_expr . _EQUAL simple_expr   (rule 219)
    simple_expr  ->  simple_expr . _LESSEQ simple_expr   (rule 220)
    simple_expr  ->  simple_expr . _LESS simple_expr   (rule 221)
    simple_expr  ->  simple_expr . _GREATEREQ simple_expr   (rule 222)
    simple_expr  ->  simple_expr . _GREATER simple_expr   (rule 223)
    simple_expr  ->  simple_expr _GREATER simple_expr .   (rule 223)
    simple_expr  ->  simple_expr . _UNEQUAL simple_expr   (rule 224)
    simple_expr  ->  simple_expr . _IN simple_expr   (rule 225)
    vector_reference  ->  simple_expr . _LEFTBRACKET simple_expr _RIGHTBRACKET   (rule 244)

    _PLUS	shift, and go to state 219
    _MINUS	shift, and go to state 220
    _TIMES	shift, and go to state 221
    _DIVIDE	shift, and go to state 222
    _DOTTIMES	shift, and go to state 223
    _DOTDIVIDE	shift, and go to state 224
    _CARET	shift, and go to state 225
    _DOTCARET	shift, and go to state 226
    _LEFTBRACKET	shift, and go to state 235

    _LEFTBRACKET	[reduce using rule 223 (simple_expr)]
    $default	reduce using rule 223 (simple_expr)



state 338

    simple_expr  ->  simple_expr . _DIVIDE simple_expr   (rule 209)
    simple_expr  ->  simple_expr . _CARET simple_expr   (rule 210)
    simple_expr  ->  simple_expr . _DOTCARET simple_expr   (rule 211)
    simple_expr  ->  simple_expr . _DOTDIVIDE simple_expr   (rule 212)
    simple_expr  ->  simple_expr . _TIMES simple_expr   (rule 213)
    simple_expr  ->  simple_expr . _DOTTIMES simple_expr   (rule 214)
    simple_expr  ->  simple_expr . _PLUS simple_expr   (rule 215)
    simple_expr  ->  simple_expr . _MINUS simple_expr   (rule 216)
    simple_expr  ->  simple_expr . _AND simple_expr   (rule 217)
    simple_expr  ->  simple_expr . _OR simple_expr   (rule 218)
    simple_expr  ->  simple_expr . _EQUAL simple_expr   (rule 219)
    simple_expr  ->  simple_expr . _LESSEQ simple_expr   (rule 220)
    simple_expr  ->  simple_expr _LESSEQ simple_expr .   (rule 220)
    simple_expr  ->  simple_expr . _LESS simple_expr   (rule 221)
    simple_expr  ->  simple_expr . _GREATEREQ simple_expr   (rule 222)
    simple_expr  ->  simple_expr . _GREATER simple_expr   (rule 223)
    simple_expr  ->  simple_expr . _UNEQUAL simple_expr   (rule 224)
    simple_expr  ->  simple_expr . _IN simple_expr   (rule 225)
    vector_reference  ->  simple_expr . _LEFTBRACKET simple_expr _RIGHTBRACKET   (rule 244)

    _PLUS	shift, and go to state 219
    _MINUS	shift, and go to state 220
    _TIMES	shift, and go to state 221
    _DIVIDE	shift, and go to state 222
    _DOTTIMES	shift, and go to state 223
    _DOTDIVIDE	shift, and go to state 224
    _CARET	shift, and go to state 225
    _DOTCARET	shift, and go to state 226
    _LEFTBRACKET	shift, and go to state 235

    _LEFTBRACKET	[reduce using rule 220 (simple_expr)]
    $default	reduce using rule 220 (simple_expr)



state 339

    simple_expr  ->  simple_expr . _DIVIDE simple_expr   (rule 209)
    simple_expr  ->  simple_expr . _CARET simple_expr   (rule 210)
    simple_expr  ->  simple_expr . _DOTCARET simple_expr   (rule 211)
    simple_expr  ->  simple_expr . _DOTDIVIDE simple_expr   (rule 212)
    simple_expr  ->  simple_expr . _TIMES simple_expr   (rule 213)
    simple_expr  ->  simple_expr . _DOTTIMES simple_expr   (rule 214)
    simple_expr  ->  simple_expr . _PLUS simple_expr   (rule 215)
    simple_expr  ->  simple_expr . _MINUS simple_expr   (rule 216)
    simple_expr  ->  simple_expr . _AND simple_expr   (rule 217)
    simple_expr  ->  simple_expr . _OR simple_expr   (rule 218)
    simple_expr  ->  simple_expr . _EQUAL simple_expr   (rule 219)
    simple_expr  ->  simple_expr . _LESSEQ simple_expr   (rule 220)
    simple_expr  ->  simple_expr . _LESS simple_expr   (rule 221)
    simple_expr  ->  simple_expr . _GREATEREQ simple_expr   (rule 222)
    simple_expr  ->  simple_expr _GREATEREQ simple_expr .   (rule 222)
    simple_expr  ->  simple_expr . _GREATER simple_expr   (rule 223)
    simple_expr  ->  simple_expr . _UNEQUAL simple_expr   (rule 224)
    simple_expr  ->  simple_expr . _IN simple_expr   (rule 225)
    vector_reference  ->  simple_expr . _LEFTBRACKET simple_expr _RIGHTBRACKET   (rule 244)

    _PLUS	shift, and go to state 219
    _MINUS	shift, and go to state 220
    _TIMES	shift, and go to state 221
    _DIVIDE	shift, and go to state 222
    _DOTTIMES	shift, and go to state 223
    _DOTDIVIDE	shift, and go to state 224
    _CARET	shift, and go to state 225
    _DOTCARET	shift, and go to state 226
    _LEFTBRACKET	shift, and go to state 235

    _LEFTBRACKET	[reduce using rule 222 (simple_expr)]
    $default	reduce using rule 222 (simple_expr)



state 340

    simple_expr  ->  simple_expr . _DIVIDE simple_expr   (rule 209)
    simple_expr  ->  simple_expr . _CARET simple_expr   (rule 210)
    simple_expr  ->  simple_expr . _DOTCARET simple_expr   (rule 211)
    simple_expr  ->  simple_expr . _DOTDIVIDE simple_expr   (rule 212)
    simple_expr  ->  simple_expr . _TIMES simple_expr   (rule 213)
    simple_expr  ->  simple_expr . _DOTTIMES simple_expr   (rule 214)
    simple_expr  ->  simple_expr . _PLUS simple_expr   (rule 215)
    simple_expr  ->  simple_expr . _MINUS simple_expr   (rule 216)
    simple_expr  ->  simple_expr . _AND simple_expr   (rule 217)
    simple_expr  ->  simple_expr . _OR simple_expr   (rule 218)
    simple_expr  ->  simple_expr . _EQUAL simple_expr   (rule 219)
    simple_expr  ->  simple_expr . _LESSEQ simple_expr   (rule 220)
    simple_expr  ->  simple_expr . _LESS simple_expr   (rule 221)
    simple_expr  ->  simple_expr . _GREATEREQ simple_expr   (rule 222)
    simple_expr  ->  simple_expr . _GREATER simple_expr   (rule 223)
    simple_expr  ->  simple_expr . _UNEQUAL simple_expr   (rule 224)
    simple_expr  ->  simple_expr _UNEQUAL simple_expr .   (rule 224)
    simple_expr  ->  simple_expr . _IN simple_expr   (rule 225)
    vector_reference  ->  simple_expr . _LEFTBRACKET simple_expr _RIGHTBRACKET   (rule 244)

    _PLUS	shift, and go to state 219
    _MINUS	shift, and go to state 220
    _TIMES	shift, and go to state 221
    _DIVIDE	shift, and go to state 222
    _DOTTIMES	shift, and go to state 223
    _DOTDIVIDE	shift, and go to state 224
    _CARET	shift, and go to state 225
    _DOTCARET	shift, and go to state 226
    _LEFTBRACKET	shift, and go to state 235

    _LEFTBRACKET	[reduce using rule 224 (simple_expr)]
    $default	reduce using rule 224 (simple_expr)



state 341

    simple_expr  ->  simple_expr . _DIVIDE simple_expr   (rule 209)
    simple_expr  ->  simple_expr . _CARET simple_expr   (rule 210)
    simple_expr  ->  simple_expr . _DOTCARET simple_expr   (rule 211)
    simple_expr  ->  simple_expr . _DOTDIVIDE simple_expr   (rule 212)
    simple_expr  ->  simple_expr . _TIMES simple_expr   (rule 213)
    simple_expr  ->  simple_expr . _DOTTIMES simple_expr   (rule 214)
    simple_expr  ->  simple_expr . _PLUS simple_expr   (rule 215)
    simple_expr  ->  simple_expr . _MINUS simple_expr   (rule 216)
    simple_expr  ->  simple_expr . _AND simple_expr   (rule 217)
    simple_expr  ->  simple_expr . _OR simple_expr   (rule 218)
    simple_expr  ->  simple_expr . _EQUAL simple_expr   (rule 219)
    simple_expr  ->  simple_expr . _LESSEQ simple_expr   (rule 220)
    simple_expr  ->  simple_expr . _LESS simple_expr   (rule 221)
    simple_expr  ->  simple_expr . _GREATEREQ simple_expr   (rule 222)
    simple_expr  ->  simple_expr . _GREATER simple_expr   (rule 223)
    simple_expr  ->  simple_expr . _UNEQUAL simple_expr   (rule 224)
    simple_expr  ->  simple_expr . _IN simple_expr   (rule 225)
    vector_reference  ->  simple_expr . _LEFTBRACKET simple_expr _RIGHTBRACKET   (rule 244)
    vector_reference  ->  simple_expr _LEFTBRACKET simple_expr . _RIGHTBRACKET   (rule 244)

    _PLUS	shift, and go to state 219
    _MINUS	shift, and go to state 220
    _TIMES	shift, and go to state 221
    _DIVIDE	shift, and go to state 222
    _DOTTIMES	shift, and go to state 223
    _DOTDIVIDE	shift, and go to state 224
    _CARET	shift, and go to state 225
    _DOTCARET	shift, and go to state 226
    _AND	shift, and go to state 227
    _OR 	shift, and go to state 228
    _EQUAL	shift, and go to state 229
    _LESS	shift, and go to state 230
    _GREATER	shift, and go to state 231
    _LESSEQ	shift, and go to state 232
    _GREATEREQ	shift, and go to state 233
    _UNEQUAL	shift, and go to state 234
    _LEFTBRACKET	shift, and go to state 235
    _RIGHTBRACKET	shift, and go to state 420
    _IN 	shift, and go to state 236



state 342

    simple_expr  ->  simple_expr . _DIVIDE simple_expr   (rule 209)
    simple_expr  ->  simple_expr . _CARET simple_expr   (rule 210)
    simple_expr  ->  simple_expr . _DOTCARET simple_expr   (rule 211)
    simple_expr  ->  simple_expr . _DOTDIVIDE simple_expr   (rule 212)
    simple_expr  ->  simple_expr . _TIMES simple_expr   (rule 213)
    simple_expr  ->  simple_expr . _DOTTIMES simple_expr   (rule 214)
    simple_expr  ->  simple_expr . _PLUS simple_expr   (rule 215)
    simple_expr  ->  simple_expr . _MINUS simple_expr   (rule 216)
    simple_expr  ->  simple_expr . _AND simple_expr   (rule 217)
    simple_expr  ->  simple_expr . _OR simple_expr   (rule 218)
    simple_expr  ->  simple_expr . _EQUAL simple_expr   (rule 219)
    simple_expr  ->  simple_expr . _LESSEQ simple_expr   (rule 220)
    simple_expr  ->  simple_expr . _LESS simple_expr   (rule 221)
    simple_expr  ->  simple_expr . _GREATEREQ simple_expr   (rule 222)
    simple_expr  ->  simple_expr . _GREATER simple_expr   (rule 223)
    simple_expr  ->  simple_expr . _UNEQUAL simple_expr   (rule 224)
    simple_expr  ->  simple_expr . _IN simple_expr   (rule 225)
    simple_expr  ->  simple_expr _IN simple_expr .   (rule 225)
    vector_reference  ->  simple_expr . _LEFTBRACKET simple_expr _RIGHTBRACKET   (rule 244)

    _PLUS	shift, and go to state 219
    _MINUS	shift, and go to state 220
    _TIMES	shift, and go to state 221
    _DIVIDE	shift, and go to state 222
    _DOTTIMES	shift, and go to state 223
    _DOTDIVIDE	shift, and go to state 224
    _CARET	shift, and go to state 225
    _DOTCARET	shift, and go to state 226
    _EQUAL	shift, and go to state 229
    _LESS	shift, and go to state 230
    _GREATER	shift, and go to state 231
    _LESSEQ	shift, and go to state 232
    _GREATEREQ	shift, and go to state 233
    _UNEQUAL	shift, and go to state 234
    _LEFTBRACKET	shift, and go to state 235

    _LEFTBRACKET	[reduce using rule 225 (simple_expr)]
    $default	reduce using rule 225 (simple_expr)



state 343

    tuple_simple_expr  ->  tuple_simple_expr . _DIVIDE tuple_simple_expr   (rule 187)
    tuple_simple_expr  ->  tuple_simple_expr . _CARET tuple_simple_expr   (rule 188)
    tuple_simple_expr  ->  tuple_simple_expr . _DOTCARET tuple_simple_expr   (rule 189)
    tuple_simple_expr  ->  tuple_simple_expr . _DOTDIVIDE tuple_simple_expr   (rule 190)
    tuple_simple_expr  ->  tuple_simple_expr . _TIMES tuple_simple_expr   (rule 191)
    tuple_simple_expr  ->  tuple_simple_expr . _DOTTIMES tuple_simple_expr   (rule 192)
    tuple_simple_expr  ->  tuple_simple_expr . _PLUS tuple_simple_expr   (rule 193)
    tuple_simple_expr  ->  tuple_simple_expr _PLUS tuple_simple_expr .   (rule 193)
    tuple_simple_expr  ->  tuple_simple_expr . _MINUS tuple_simple_expr   (rule 194)
    tuple_vector_reference  ->  tuple_simple_expr . _LEFTBRACKET tuple_simple_expr _RIGHTBRACKET   (rule 245)

    _TIMES	shift, and go to state 244
    _DIVIDE	shift, and go to state 245
    _DOTTIMES	shift, and go to state 246
    _DOTDIVIDE	shift, and go to state 247
    _CARET	shift, and go to state 248
    _DOTCARET	shift, and go to state 249
    _LEFTBRACKET	shift, and go to state 250

    _LEFTBRACKET	[reduce using rule 193 (tuple_simple_expr)]
    $default	reduce using rule 193 (tuple_simple_expr)



state 344

    tuple_simple_expr  ->  tuple_simple_expr . _DIVIDE tuple_simple_expr   (rule 187)
    tuple_simple_expr  ->  tuple_simple_expr . _CARET tuple_simple_expr   (rule 188)
    tuple_simple_expr  ->  tuple_simple_expr . _DOTCARET tuple_simple_expr   (rule 189)
    tuple_simple_expr  ->  tuple_simple_expr . _DOTDIVIDE tuple_simple_expr   (rule 190)
    tuple_simple_expr  ->  tuple_simple_expr . _TIMES tuple_simple_expr   (rule 191)
    tuple_simple_expr  ->  tuple_simple_expr . _DOTTIMES tuple_simple_expr   (rule 192)
    tuple_simple_expr  ->  tuple_simple_expr . _PLUS tuple_simple_expr   (rule 193)
    tuple_simple_expr  ->  tuple_simple_expr . _MINUS tuple_simple_expr   (rule 194)
    tuple_simple_expr  ->  tuple_simple_expr _MINUS tuple_simple_expr .   (rule 194)
    tuple_vector_reference  ->  tuple_simple_expr . _LEFTBRACKET tuple_simple_expr _RIGHTBRACKET   (rule 245)

    _TIMES	shift, and go to state 244
    _DIVIDE	shift, and go to state 245
    _DOTTIMES	shift, and go to state 246
    _DOTDIVIDE	shift, and go to state 247
    _CARET	shift, and go to state 248
    _DOTCARET	shift, and go to state 249
    _LEFTBRACKET	shift, and go to state 250

    _LEFTBRACKET	[reduce using rule 194 (tuple_simple_expr)]
    $default	reduce using rule 194 (tuple_simple_expr)



state 345

    tuple_simple_expr  ->  tuple_simple_expr . _DIVIDE tuple_simple_expr   (rule 187)
    tuple_simple_expr  ->  tuple_simple_expr . _CARET tuple_simple_expr   (rule 188)
    tuple_simple_expr  ->  tuple_simple_expr . _DOTCARET tuple_simple_expr   (rule 189)
    tuple_simple_expr  ->  tuple_simple_expr . _DOTDIVIDE tuple_simple_expr   (rule 190)
    tuple_simple_expr  ->  tuple_simple_expr . _TIMES tuple_simple_expr   (rule 191)
    tuple_simple_expr  ->  tuple_simple_expr _TIMES tuple_simple_expr .   (rule 191)
    tuple_simple_expr  ->  tuple_simple_expr . _DOTTIMES tuple_simple_expr   (rule 192)
    tuple_simple_expr  ->  tuple_simple_expr . _PLUS tuple_simple_expr   (rule 193)
    tuple_simple_expr  ->  tuple_simple_expr . _MINUS tuple_simple_expr   (rule 194)
    tuple_vector_reference  ->  tuple_simple_expr . _LEFTBRACKET tuple_simple_expr _RIGHTBRACKET   (rule 245)

    _CARET	shift, and go to state 248
    _DOTCARET	shift, and go to state 249
    _LEFTBRACKET	shift, and go to state 250

    _LEFTBRACKET	[reduce using rule 191 (tuple_simple_expr)]
    $default	reduce using rule 191 (tuple_simple_expr)



state 346

    tuple_simple_expr  ->  tuple_simple_expr . _DIVIDE tuple_simple_expr   (rule 187)
    tuple_simple_expr  ->  tuple_simple_expr _DIVIDE tuple_simple_expr .   (rule 187)
    tuple_simple_expr  ->  tuple_simple_expr . _CARET tuple_simple_expr   (rule 188)
    tuple_simple_expr  ->  tuple_simple_expr . _DOTCARET tuple_simple_expr   (rule 189)
    tuple_simple_expr  ->  tuple_simple_expr . _DOTDIVIDE tuple_simple_expr   (rule 190)
    tuple_simple_expr  ->  tuple_simple_expr . _TIMES tuple_simple_expr   (rule 191)
    tuple_simple_expr  ->  tuple_simple_expr . _DOTTIMES tuple_simple_expr   (rule 192)
    tuple_simple_expr  ->  tuple_simple_expr . _PLUS tuple_simple_expr   (rule 193)
    tuple_simple_expr  ->  tuple_simple_expr . _MINUS tuple_simple_expr   (rule 194)
    tuple_vector_reference  ->  tuple_simple_expr . _LEFTBRACKET tuple_simple_expr _RIGHTBRACKET   (rule 245)

    _CARET	shift, and go to state 248
    _DOTCARET	shift, and go to state 249
    _LEFTBRACKET	shift, and go to state 250

    _LEFTBRACKET	[reduce using rule 187 (tuple_simple_expr)]
    $default	reduce using rule 187 (tuple_simple_expr)



state 347

    tuple_simple_expr  ->  tuple_simple_expr . _DIVIDE tuple_simple_expr   (rule 187)
    tuple_simple_expr  ->  tuple_simple_expr . _CARET tuple_simple_expr   (rule 188)
    tuple_simple_expr  ->  tuple_simple_expr . _DOTCARET tuple_simple_expr   (rule 189)
    tuple_simple_expr  ->  tuple_simple_expr . _DOTDIVIDE tuple_simple_expr   (rule 190)
    tuple_simple_expr  ->  tuple_simple_expr . _TIMES tuple_simple_expr   (rule 191)
    tuple_simple_expr  ->  tuple_simple_expr . _DOTTIMES tuple_simple_expr   (rule 192)
    tuple_simple_expr  ->  tuple_simple_expr _DOTTIMES tuple_simple_expr .   (rule 192)
    tuple_simple_expr  ->  tuple_simple_expr . _PLUS tuple_simple_expr   (rule 193)
    tuple_simple_expr  ->  tuple_simple_expr . _MINUS tuple_simple_expr   (rule 194)
    tuple_vector_reference  ->  tuple_simple_expr . _LEFTBRACKET tuple_simple_expr _RIGHTBRACKET   (rule 245)

    _CARET	shift, and go to state 248
    _DOTCARET	shift, and go to state 249
    _LEFTBRACKET	shift, and go to state 250

    _LEFTBRACKET	[reduce using rule 192 (tuple_simple_expr)]
    $default	reduce using rule 192 (tuple_simple_expr)



state 348

    tuple_simple_expr  ->  tuple_simple_expr . _DIVIDE tuple_simple_expr   (rule 187)
    tuple_simple_expr  ->  tuple_simple_expr . _CARET tuple_simple_expr   (rule 188)
    tuple_simple_expr  ->  tuple_simple_expr . _DOTCARET tuple_simple_expr   (rule 189)
    tuple_simple_expr  ->  tuple_simple_expr . _DOTDIVIDE tuple_simple_expr   (rule 190)
    tuple_simple_expr  ->  tuple_simple_expr _DOTDIVIDE tuple_simple_expr .   (rule 190)
    tuple_simple_expr  ->  tuple_simple_expr . _TIMES tuple_simple_expr   (rule 191)
    tuple_simple_expr  ->  tuple_simple_expr . _DOTTIMES tuple_simple_expr   (rule 192)
    tuple_simple_expr  ->  tuple_simple_expr . _PLUS tuple_simple_expr   (rule 193)
    tuple_simple_expr  ->  tuple_simple_expr . _MINUS tuple_simple_expr   (rule 194)
    tuple_vector_reference  ->  tuple_simple_expr . _LEFTBRACKET tuple_simple_expr _RIGHTBRACKET   (rule 245)

    _CARET	shift, and go to state 248
    _DOTCARET	shift, and go to state 249
    _LEFTBRACKET	shift, and go to state 250

    _LEFTBRACKET	[reduce using rule 190 (tuple_simple_expr)]
    $default	reduce using rule 190 (tuple_simple_expr)



state 349

    tuple_simple_expr  ->  tuple_simple_expr . _DIVIDE tuple_simple_expr   (rule 187)
    tuple_simple_expr  ->  tuple_simple_expr . _CARET tuple_simple_expr   (rule 188)
    tuple_simple_expr  ->  tuple_simple_expr _CARET tuple_simple_expr .   (rule 188)
    tuple_simple_expr  ->  tuple_simple_expr . _DOTCARET tuple_simple_expr   (rule 189)
    tuple_simple_expr  ->  tuple_simple_expr . _DOTDIVIDE tuple_simple_expr   (rule 190)
    tuple_simple_expr  ->  tuple_simple_expr . _TIMES tuple_simple_expr   (rule 191)
    tuple_simple_expr  ->  tuple_simple_expr . _DOTTIMES tuple_simple_expr   (rule 192)
    tuple_simple_expr  ->  tuple_simple_expr . _PLUS tuple_simple_expr   (rule 193)
    tuple_simple_expr  ->  tuple_simple_expr . _MINUS tuple_simple_expr   (rule 194)
    tuple_vector_reference  ->  tuple_simple_expr . _LEFTBRACKET tuple_simple_expr _RIGHTBRACKET   (rule 245)

    _LEFTBRACKET	shift, and go to state 250

    _LEFTBRACKET	[reduce using rule 188 (tuple_simple_expr)]
    $default	reduce using rule 188 (tuple_simple_expr)



state 350

    tuple_simple_expr  ->  tuple_simple_expr . _DIVIDE tuple_simple_expr   (rule 187)
    tuple_simple_expr  ->  tuple_simple_expr . _CARET tuple_simple_expr   (rule 188)
    tuple_simple_expr  ->  tuple_simple_expr . _DOTCARET tuple_simple_expr   (rule 189)
    tuple_simple_expr  ->  tuple_simple_expr _DOTCARET tuple_simple_expr .   (rule 189)
    tuple_simple_expr  ->  tuple_simple_expr . _DOTDIVIDE tuple_simple_expr   (rule 190)
    tuple_simple_expr  ->  tuple_simple_expr . _TIMES tuple_simple_expr   (rule 191)
    tuple_simple_expr  ->  tuple_simple_expr . _DOTTIMES tuple_simple_expr   (rule 192)
    tuple_simple_expr  ->  tuple_simple_expr . _PLUS tuple_simple_expr   (rule 193)
    tuple_simple_expr  ->  tuple_simple_expr . _MINUS tuple_simple_expr   (rule 194)
    tuple_vector_reference  ->  tuple_simple_expr . _LEFTBRACKET tuple_simple_expr _RIGHTBRACKET   (rule 245)

    _LEFTBRACKET	shift, and go to state 250

    _LEFTBRACKET	[reduce using rule 189 (tuple_simple_expr)]
    $default	reduce using rule 189 (tuple_simple_expr)



state 351

    tuple_simple_expr  ->  tuple_simple_expr . _DIVIDE tuple_simple_expr   (rule 187)
    tuple_simple_expr  ->  tuple_simple_expr . _CARET tuple_simple_expr   (rule 188)
    tuple_simple_expr  ->  tuple_simple_expr . _DOTCARET tuple_simple_expr   (rule 189)
    tuple_simple_expr  ->  tuple_simple_expr . _DOTDIVIDE tuple_simple_expr   (rule 190)
    tuple_simple_expr  ->  tuple_simple_expr . _TIMES tuple_simple_expr   (rule 191)
    tuple_simple_expr  ->  tuple_simple_expr . _DOTTIMES tuple_simple_expr   (rule 192)
    tuple_simple_expr  ->  tuple_simple_expr . _PLUS tuple_simple_expr   (rule 193)
    tuple_simple_expr  ->  tuple_simple_expr . _MINUS tuple_simple_expr   (rule 194)
    tuple_vector_reference  ->  tuple_simple_expr . _LEFTBRACKET tuple_simple_expr _RIGHTBRACKET   (rule 245)
    tuple_vector_reference  ->  tuple_simple_expr _LEFTBRACKET tuple_simple_expr . _RIGHTBRACKET   (rule 245)

    _PLUS	shift, and go to state 242
    _MINUS	shift, and go to state 243
    _TIMES	shift, and go to state 244
    _DIVIDE	shift, and go to state 245
    _DOTTIMES	shift, and go to state 246
    _DOTDIVIDE	shift, and go to state 247
    _CARET	shift, and go to state 248
    _DOTCARET	shift, and go to state 249
    _LEFTBRACKET	shift, and go to state 250
    _RIGHTBRACKET	shift, and go to state 421



state 352

    tuple_simple_expr  ->  tuple_simple_expr . _DIVIDE tuple_simple_expr   (rule 187)
    tuple_simple_expr  ->  tuple_simple_expr . _CARET tuple_simple_expr   (rule 188)
    tuple_simple_expr  ->  tuple_simple_expr . _DOTCARET tuple_simple_expr   (rule 189)
    tuple_simple_expr  ->  tuple_simple_expr . _DOTDIVIDE tuple_simple_expr   (rule 190)
    tuple_simple_expr  ->  tuple_simple_expr . _TIMES tuple_simple_expr   (rule 191)
    tuple_simple_expr  ->  tuple_simple_expr . _DOTTIMES tuple_simple_expr   (rule 192)
    tuple_simple_expr  ->  tuple_simple_expr . _PLUS tuple_simple_expr   (rule 193)
    tuple_simple_expr  ->  tuple_simple_expr . _MINUS tuple_simple_expr   (rule 194)
    tuple_commalist  ->  tuple_commalist _COMMA tuple_simple_expr .   (rule 233)
    tuple_vector_reference  ->  tuple_simple_expr . _LEFTBRACKET tuple_simple_expr _RIGHTBRACKET   (rule 245)

    _PLUS	shift, and go to state 242
    _MINUS	shift, and go to state 243
    _TIMES	shift, and go to state 244
    _DIVIDE	shift, and go to state 245
    _DOTTIMES	shift, and go to state 246
    _DOTDIVIDE	shift, and go to state 247
    _CARET	shift, and go to state 248
    _DOTCARET	shift, and go to state 249
    _LEFTBRACKET	shift, and go to state 250

    $default	reduce using rule 233 (tuple_commalist)



state 353

    simple_expr  ->  simple_expr . _DIVIDE simple_expr   (rule 209)
    simple_expr  ->  simple_expr . _CARET simple_expr   (rule 210)
    simple_expr  ->  simple_expr . _DOTCARET simple_expr   (rule 211)
    simple_expr  ->  simple_expr . _DOTDIVIDE simple_expr   (rule 212)
    simple_expr  ->  simple_expr . _TIMES simple_expr   (rule 213)
    simple_expr  ->  simple_expr . _DOTTIMES simple_expr   (rule 214)
    simple_expr  ->  simple_expr . _PLUS simple_expr   (rule 215)
    simple_expr  ->  simple_expr . _MINUS simple_expr   (rule 216)
    simple_expr  ->  simple_expr . _AND simple_expr   (rule 217)
    simple_expr  ->  simple_expr . _OR simple_expr   (rule 218)
    simple_expr  ->  simple_expr . _EQUAL simple_expr   (rule 219)
    simple_expr  ->  simple_expr . _LESSEQ simple_expr   (rule 220)
    simple_expr  ->  simple_expr . _LESS simple_expr   (rule 221)
    simple_expr  ->  simple_expr . _GREATEREQ simple_expr   (rule 222)
    simple_expr  ->  simple_expr . _GREATER simple_expr   (rule 223)
    simple_expr  ->  simple_expr . _UNEQUAL simple_expr   (rule 224)
    simple_expr  ->  simple_expr . _IN simple_expr   (rule 225)
    expr_commalist  ->  expr_commalist _COMMA simple_expr .   (rule 231)
    vector_reference  ->  simple_expr . _LEFTBRACKET simple_expr _RIGHTBRACKET   (rule 244)

    _PLUS	shift, and go to state 219
    _MINUS	shift, and go to state 220
    _TIMES	shift, and go to state 221
    _DIVIDE	shift, and go to state 222
    _DOTTIMES	shift, and go to state 223
    _DOTDIVIDE	shift, and go to state 224
    _CARET	shift, and go to state 225
    _DOTCARET	shift, and go to state 226
    _AND	shift, and go to state 227
    _OR 	shift, and go to state 228
    _EQUAL	shift, and go to state 229
    _LESS	shift, and go to state 230
    _GREATER	shift, and go to state 231
    _LESSEQ	shift, and go to state 232
    _GREATEREQ	shift, and go to state 233
    _UNEQUAL	shift, and go to state 234
    _LEFTBRACKET	shift, and go to state 235
    _IN 	shift, and go to state 236

    $default	reduce using rule 231 (expr_commalist)



state 354

    simple_expr  ->  simple_expr . _DIVIDE simple_expr   (rule 209)
    simple_expr  ->  simple_expr . _CARET simple_expr   (rule 210)
    simple_expr  ->  simple_expr . _DOTCARET simple_expr   (rule 211)
    simple_expr  ->  simple_expr . _DOTDIVIDE simple_expr   (rule 212)
    simple_expr  ->  simple_expr . _TIMES simple_expr   (rule 213)
    simple_expr  ->  simple_expr . _DOTTIMES simple_expr   (rule 214)
    simple_expr  ->  simple_expr . _PLUS simple_expr   (rule 215)
    simple_expr  ->  simple_expr . _MINUS simple_expr   (rule 216)
    simple_expr  ->  simple_expr . _AND simple_expr   (rule 217)
    simple_expr  ->  simple_expr . _OR simple_expr   (rule 218)
    simple_expr  ->  simple_expr . _EQUAL simple_expr   (rule 219)
    simple_expr  ->  simple_expr . _LESSEQ simple_expr   (rule 220)
    simple_expr  ->  simple_expr . _LESS simple_expr   (rule 221)
    simple_expr  ->  simple_expr . _GREATEREQ simple_expr   (rule 222)
    simple_expr  ->  simple_expr . _GREATER simple_expr   (rule 223)
    simple_expr  ->  simple_expr . _UNEQUAL simple_expr   (rule 224)
    simple_expr  ->  simple_expr . _IN simple_expr   (rule 225)
    pair  ->  _STRING_CONST _COLON simple_expr .   (rule 239)
    vector_reference  ->  simple_expr . _LEFTBRACKET simple_expr _RIGHTBRACKET   (rule 244)

    _PLUS	shift, and go to state 219
    _MINUS	shift, and go to state 220
    _TIMES	shift, and go to state 221
    _DIVIDE	shift, and go to state 222
    _DOTTIMES	shift, and go to state 223
    _DOTDIVIDE	shift, and go to state 224
    _CARET	shift, and go to state 225
    _DOTCARET	shift, and go to state 226
    _AND	shift, and go to state 227
    _OR 	shift, and go to state 228
    _EQUAL	shift, and go to state 229
    _LESS	shift, and go to state 230
    _GREATER	shift, and go to state 231
    _LESSEQ	shift, and go to state 232
    _GREATEREQ	shift, and go to state 233
    _UNEQUAL	shift, and go to state 234
    _LEFTBRACKET	shift, and go to state 235
    _IN 	shift, and go to state 236

    $default	reduce using rule 239 (pair)



state 355

    pair  ->  _STRING_CONST . _COLON simple_expr   (rule 239)

    _COLON	shift, and go to state 257



state 356

    pair_commalist  ->  pair_commalist _COMMA pair .   (rule 238)

    $default	reduce using rule 238 (pair_commalist)



state 357

    timeval_expr  ->  _BAR _INTEGER_CONST _MINUS _INTEGER_CONST . _MINUS _INTEGER_CONST _DIVIDE _INTEGER_CONST _COLON _INTEGER_CONST _COLON _INTEGER_CONST _BAR   (rule 169)
    date_expr  ->  _BAR _INTEGER_CONST _MINUS _INTEGER_CONST . _MINUS _INTEGER_CONST _BAR   (rule 176)

    _MINUS	shift, and go to state 422



state 358

    time_expr  ->  _BAR _INTEGER_CONST _COLON _INTEGER_CONST . _COLON _INTEGER_CONST _BAR   (rule 177)

    _COLON	shift, and go to state 423



state 359

    timeinterval_expr  ->  _BAR _LEFTPAREN simple_expr _COMMA . simple_expr timeval_leftopen_end _BAR   (rule 171)

    _INTEGER_CONST	shift, and go to state 2
    _REAL_CONST	shift, and go to state 3
    _BOOLEAN_CONST	shift, and go to state 4
    _STRING_CONST	shift, and go to state 5
    _ID 	shift, and go to state 117
    _IVAR	shift, and go to state 7
    _MINUS	shift, and go to state 8
    _LESS	shift, and go to state 118
    _LEFTPAREN	shift, and go to state 10
    _LEFTCURL	shift, and go to state 11
    _BAR	shift, and go to state 13
    _TYPE	shift, and go to state 21
    _FUNCTION	shift, and go to state 22
    _RULE	shift, and go to state 23
    _BAG	shift, and go to state 28
    _VECTOR	shift, and go to state 29
    _HASH	shift, and go to state 31
    _VSELECT	shift, and go to state 32
    _OIDTAG	shift, and go to state 47
    _CAST	shift, and go to state 48
    _IN 	shift, and go to state 49

    constant	go to state 53
    numeric_constant	go to state 54
    id_dotlist	go to state 55
    function_name	go to state 56
    variable_name	go to state 57
    interface_variable_name	go to state 58
    gen_variable_name	go to state 59
    simple_type	go to state 60
    function_call	go to state 71
    casting	go to state 72
    temporal_value	go to state 73
    timeval_expr	go to state 74
    timeinterval_expr	go to state 75
    date_expr	go to state 76
    time_expr	go to state 77
    simple_expr	go to state 424
    bag_value	go to state 79
    record_construction	go to state 80
    vector_construction	go to state 81
    vector_reference	go to state 82



state 360

    timeinterval_expr  ->  _BAR _LEFTBRACKET simple_expr _COMMA . simple_expr timeval_leftclosed_end _BAR   (rule 170)

    _INTEGER_CONST	shift, and go to state 2
    _REAL_CONST	shift, and go to state 3
    _BOOLEAN_CONST	shift, and go to state 4
    _STRING_CONST	shift, and go to state 5
    _ID 	shift, and go to state 117
    _IVAR	shift, and go to state 7
    _MINUS	shift, and go to state 8
    _LESS	shift, and go to state 118
    _LEFTPAREN	shift, and go to state 10
    _LEFTCURL	shift, and go to state 11
    _BAR	shift, and go to state 13
    _TYPE	shift, and go to state 21
    _FUNCTION	shift, and go to state 22
    _RULE	shift, and go to state 23
    _BAG	shift, and go to state 28
    _VECTOR	shift, and go to state 29
    _HASH	shift, and go to state 31
    _VSELECT	shift, and go to state 32
    _OIDTAG	shift, and go to state 47
    _CAST	shift, and go to state 48
    _IN 	shift, and go to state 49

    constant	go to state 53
    numeric_constant	go to state 54
    id_dotlist	go to state 55
    function_name	go to state 56
    variable_name	go to state 57
    interface_variable_name	go to state 58
    gen_variable_name	go to state 59
    simple_type	go to state 60
    function_call	go to state 71
    casting	go to state 72
    temporal_value	go to state 73
    timeval_expr	go to state 74
    timeinterval_expr	go to state 75
    date_expr	go to state 76
    time_expr	go to state 77
    simple_expr	go to state 425
    bag_value	go to state 79
    record_construction	go to state 80
    vector_construction	go to state 81
    vector_reference	go to state 82



state 361

    variable_declaration  ->  type_name variable_name .   (rule 146)

    $default	reduce using rule 146 (variable_declaration)



state 362

    variable_declaration_commalist  ->  variable_declaration_commalist _COMMA . variable_declaration   (rule 149)

    _ID 	shift, and go to state 160
    _TYPE	shift, and go to state 21
    _FUNCTION	shift, and go to state 22
    _RULE	shift, and go to state 23
    _BAG	shift, and go to state 152
    _VECTOR	shift, and go to state 153

    type_name	go to state 266
    simple_type	go to state 162
    aggr_type	go to state 163
    variable_declaration	go to state 426



state 363

    block_body  ->  _DECLARE variable_declaration_commalist _SEMICOLON . procedure_body_stmt_semicolonlist end_stmt   (rule 331)

    _ID 	shift, and go to state 146
    _BEGIN	shift, and go to state 14
    _CREATE	shift, and go to state 150
    _DELETE	shift, and go to state 151
    _SET	shift, and go to state 18
    _ADD	shift, and go to state 19
    _REMOVE	shift, and go to state 20
    _TYPE	shift, and go to state 21
    _FUNCTION	shift, and go to state 22
    _RULE	shift, and go to state 23
    _ACTIVATE	shift, and go to state 24
    _DEACTIVATE	shift, and go to state 25
    _SELECT	shift, and go to state 26
    _FOR	shift, and go to state 27
    _BAG	shift, and go to state 152
    _VECTOR	shift, and go to state 153
    _RETURN	shift, and go to state 30
    _VSELECT	shift, and go to state 32
    _IF 	shift, and go to state 33
    _OPEN	shift, and go to state 34
    _CLOSE	shift, and go to state 35
    _FETCH	shift, and go to state 36
    _COMMIT	shift, and go to state 41
    _ROLLBACK	shift, and go to state 42
    _AT 	shift, and go to state 46
    _IN 	shift, and go to state 49
    _LOOP	shift, and go to state 50
    _WHILE	shift, and go to state 51
    _LEAVE	shift, and go to state 52

    id_dotlist	go to state 55
    function_name	go to state 56
    simple_type	go to state 60
    create_object_stmt	go to state 67
    delete_object_stmt	go to state 68
    select_stmt	go to state 69
    select_stmt1	go to state 70
    function_call	go to state 154
    activate_rule_stmt	go to state 85
    deactivate_rule_stmt	go to state 86
    open_cursor_stmt	go to state 87
    fetch_cursor_stmt	go to state 88
    close_cursor_stmt	go to state 89
    update_stmt	go to state 90
    procedure_body_stmt	go to state 155
    procedure_body_stmt_semicolonlist	go to state 427
    block	go to state 95
    set_variable_stmt	go to state 96
    procedure_stmt	go to state 159
    procedure_stmt1	go to state 98
    while_stmt	go to state 99
    loop_stmt	go to state 100
    if_stmt	go to state 101
    result_stmt	go to state 102
    for_each_stmt	go to state 103
    commit_stmt	go to state 108
    rollback_stmt	go to state 109



state 364

    procedure_body_stmt_semicolonlist  ->  procedure_body_stmt_semicolonlist _SEMICOLON procedure_body_stmt .   (rule 328)

    $default	reduce using rule 328 (procedure_body_stmt_semicolonlist)



state 365

    tuple_type  ->  _LESS . type_name_commalist _GREATER   (rule 38)

    _ID 	shift, and go to state 160
    _TYPE	shift, and go to state 21
    _FUNCTION	shift, and go to state 22
    _RULE	shift, and go to state 23
    _BAG	shift, and go to state 152
    _VECTOR	shift, and go to state 153

    type_name	go to state 428
    type_name_commalist	go to state 429
    simple_type	go to state 162
    aggr_type	go to state 163



state 366

    tuple_type  ->  _LEFTPAREN . type_name_commalist _RIGHTPAREN   (rule 39)

    _ID 	shift, and go to state 160
    _TYPE	shift, and go to state 21
    _FUNCTION	shift, and go to state 22
    _RULE	shift, and go to state 23
    _BAG	shift, and go to state 152
    _VECTOR	shift, and go to state 153

    type_name	go to state 428
    type_name_commalist	go to state 430
    simple_type	go to state 162
    aggr_type	go to state 163



state 367

    tuple_type  ->  type_name .   (rule 37)

    $default	reduce using rule 37 (tuple_type)



state 368

    aggr_type  ->  simple_type _OF tuple_type .   (rule 40)

    $default	reduce using rule 40 (aggr_type)



state 369

    interface_variable_declaration_commalist  ->  interface_variable_declaration_commalist _COMMA interface_variable_declaration .   (rule 323)

    $default	reduce using rule 323 (interface_variable_declaration_commalist)



state 370

    function_name_commalist  ->  function_name .   (rule 125)

    $default	reduce using rule 125 (function_name_commalist)



state 371

    create_object_stmt  ->  _CREATE _ID _LEFTPAREN function_name_commalist . _RIGHTPAREN new_instances   (rule 124)
    function_name_commalist  ->  function_name_commalist . _COMMA function_name   (rule 126)

    _RIGHTPAREN	shift, and go to state 431
    _COMMA	shift, and go to state 432



state 372

    initialize  ->  _LEFTPAREN . expr_commalist _RIGHTPAREN   (rule 129)

    _INTEGER_CONST	shift, and go to state 2
    _REAL_CONST	shift, and go to state 3
    _BOOLEAN_CONST	shift, and go to state 4
    _STRING_CONST	shift, and go to state 5
    _ID 	shift, and go to state 117
    _IVAR	shift, and go to state 7
    _MINUS	shift, and go to state 8
    _LESS	shift, and go to state 118
    _LEFTPAREN	shift, and go to state 10
    _LEFTCURL	shift, and go to state 11
    _BAR	shift, and go to state 13
    _TYPE	shift, and go to state 21
    _FUNCTION	shift, and go to state 22
    _RULE	shift, and go to state 23
    _BAG	shift, and go to state 28
    _VECTOR	shift, and go to state 29
    _HASH	shift, and go to state 31
    _VSELECT	shift, and go to state 32
    _OIDTAG	shift, and go to state 47
    _CAST	shift, and go to state 48
    _IN 	shift, and go to state 49

    constant	go to state 53
    numeric_constant	go to state 54
    id_dotlist	go to state 55
    function_name	go to state 56
    variable_name	go to state 57
    interface_variable_name	go to state 58
    gen_variable_name	go to state 59
    simple_type	go to state 60
    function_call	go to state 71
    casting	go to state 72
    temporal_value	go to state 73
    timeval_expr	go to state 74
    timeinterval_expr	go to state 75
    date_expr	go to state 76
    time_expr	go to state 77
    simple_expr	go to state 139
    expr_commalist	go to state 433
    bag_value	go to state 79
    record_construction	go to state 80
    vector_construction	go to state 81
    vector_reference	go to state 82



state 373

    initialize  ->  gen_variable_name .   (rule 128)
    initialize  ->  gen_variable_name . _LEFTPAREN expr_commalist _RIGHTPAREN   (rule 130)

    _LEFTPAREN	shift, and go to state 434

    $default	reduce using rule 128 (initialize)



state 374

    initialize_commalist  ->  initialize .   (rule 131)

    $default	reduce using rule 131 (initialize_commalist)



state 375

    new_instances  ->  _INSTANCES initialize_commalist .   (rule 127)
    initialize_commalist  ->  initialize_commalist . _COMMA initialize   (rule 132)

    _COMMA	shift, and go to state 435

    _COMMA	[reduce using rule 127 (new_instances)]
    $default	reduce using rule 127 (new_instances)



state 376

    create_type_stmt  ->  _CREATE _TYPE _ID _SUBTYPE . _OF id_commalist properties   (rule 43)

    _OF 	shift, and go to state 436



state 377

    create_type_stmt  ->  _CREATE _TYPE _ID _UNDER . id_commalist properties   (rule 44)

    _ID 	shift, and go to state 437

    id_commalist	go to state 438



state 378

    properties  ->  _PROPERTIES . _LEFTPAREN prop_function_commalist _RIGHTPAREN   (rule 72)

    _LEFTPAREN	shift, and go to state 439



state 379

    create_type_stmt  ->  _CREATE _TYPE _ID properties .   (rule 42)

    $default	reduce using rule 42 (create_type_stmt)



state 380

    argl_spec  ->  _LEFTPAREN . _RIGHTPAREN   (rule 83)
    argl_spec  ->  _LEFTPAREN . arg_spec_commalist _RIGHTPAREN   (rule 84)

    _ID 	shift, and go to state 160
    _RIGHTPAREN	shift, and go to state 440
    _TYPE	shift, and go to state 21
    _FUNCTION	shift, and go to state 22
    _RULE	shift, and go to state 23
    _BAG	shift, and go to state 152
    _VECTOR	shift, and go to state 153

    type_name	go to state 441
    simple_type	go to state 162
    aggr_type	go to state 163
    arg_spec	go to state 442
    arg_spec_commalist	go to state 443



state 381

    create_rule_stmt  ->  _CREATE _RULE rule_name argl_spec . rule_implementation   (rule 247)

    _AS 	shift, and go to state 444

    rule_implementation	go to state 445



state 382

    create_derived_type_stmt  ->  _CREATE _DERIVED _TYPE _ID . derived_subtypeof_clause derived_key_clause derived_supertypeof_clause properties   (rule 45)

    _SUBTYPE	shift, and go to state 446
    _UNDER	shift, and go to state 447

    $default	reduce using rule 46 (derived_subtypeof_clause)

    derived_subtypeof_clause	go to state 448



state 383

    set_variable_stmt  ->  _SET _LEFTPAREN gen_variable_name_commalist _RIGHTPAREN . _EQUAL simple_expr   (rule 337)

    _EQUAL	shift, and go to state 449



state 384

    gen_variable_name_commalist  ->  gen_variable_name_commalist _COMMA . gen_variable_name   (rule 25)

    _ID 	shift, and go to state 170
    _IVAR	shift, and go to state 7

    variable_name	go to state 57
    interface_variable_name	go to state 58
    gen_variable_name	go to state 450



state 385

    function_call0  ->  function_name _LEFTPAREN _RIGHTPAREN .   (rule 152)
    function_call0  ->  function_name _LEFTPAREN _RIGHTPAREN . temporal_call   (rule 154)

    _ALPHAB	shift, and go to state 414
    _WITHIN	shift, and go to state 415

    $default	reduce using rule 152 (function_call0)

    temporal_call	go to state 451



state 386

    function_call0  ->  function_name _LEFTPAREN expr_commalist . _RIGHTPAREN   (rule 153)
    function_call0  ->  function_name _LEFTPAREN expr_commalist . _RIGHTPAREN temporal_call   (rule 155)
    expr_commalist  ->  expr_commalist . _COMMA simple_expr   (rule 231)

    _RIGHTPAREN	shift, and go to state 452
    _COMMA	shift, and go to state 256



state 387

    simple_expr  ->  simple_expr . _DIVIDE simple_expr   (rule 209)
    simple_expr  ->  simple_expr . _CARET simple_expr   (rule 210)
    simple_expr  ->  simple_expr . _DOTCARET simple_expr   (rule 211)
    simple_expr  ->  simple_expr . _DOTDIVIDE simple_expr   (rule 212)
    simple_expr  ->  simple_expr . _TIMES simple_expr   (rule 213)
    simple_expr  ->  simple_expr . _DOTTIMES simple_expr   (rule 214)
    simple_expr  ->  simple_expr . _PLUS simple_expr   (rule 215)
    simple_expr  ->  simple_expr . _MINUS simple_expr   (rule 216)
    simple_expr  ->  simple_expr . _AND simple_expr   (rule 217)
    simple_expr  ->  simple_expr . _OR simple_expr   (rule 218)
    simple_expr  ->  simple_expr . _EQUAL simple_expr   (rule 219)
    simple_expr  ->  simple_expr . _LESSEQ simple_expr   (rule 220)
    simple_expr  ->  simple_expr . _LESS simple_expr   (rule 221)
    simple_expr  ->  simple_expr . _GREATEREQ simple_expr   (rule 222)
    simple_expr  ->  simple_expr . _GREATER simple_expr   (rule 223)
    simple_expr  ->  simple_expr . _UNEQUAL simple_expr   (rule 224)
    simple_expr  ->  simple_expr . _IN simple_expr   (rule 225)
    vector_reference  ->  simple_expr . _LEFTBRACKET simple_expr _RIGHTBRACKET   (rule 244)
    set_variable_stmt  ->  _SET gen_variable_name _EQUAL simple_expr .   (rule 336)

    _PLUS	shift, and go to state 219
    _MINUS	shift, and go to state 220
    _TIMES	shift, and go to state 221
    _DIVIDE	shift, and go to state 222
    _DOTTIMES	shift, and go to state 223
    _DOTDIVIDE	shift, and go to state 224
    _CARET	shift, and go to state 225
    _DOTCARET	shift, and go to state 226
    _AND	shift, and go to state 227
    _OR 	shift, and go to state 228
    _EQUAL	shift, and go to state 229
    _LESS	shift, and go to state 230
    _GREATER	shift, and go to state 231
    _LESSEQ	shift, and go to state 232
    _GREATEREQ	shift, and go to state 233
    _UNEQUAL	shift, and go to state 234
    _LEFTBRACKET	shift, and go to state 235
    _IN 	shift, and go to state 236

    $default	reduce using rule 336 (set_variable_stmt)



state 388

    update_item  ->  function_call0 _EQUAL init_value .   (rule 294)

    $default	reduce using rule 294 (update_item)



state 389

    for_each_clause  ->  _FROM variable_declaration_commalist .   (rule 145)
    variable_declaration_commalist  ->  variable_declaration_commalist . _COMMA variable_declaration   (rule 149)

    _COMMA	shift, and go to state 362

    _COMMA	[reduce using rule 145 (for_each_clause)]
    $default	reduce using rule 145 (for_each_clause)



state 390

    where_clause  ->  _WHERE . simple_expr   (rule 151)

    _INTEGER_CONST	shift, and go to state 2
    _REAL_CONST	shift, and go to state 3
    _BOOLEAN_CONST	shift, and go to state 4
    _STRING_CONST	shift, and go to state 5
    _ID 	shift, and go to state 117
    _IVAR	shift, and go to state 7
    _MINUS	shift, and go to state 8
    _LESS	shift, and go to state 118
    _LEFTPAREN	shift, and go to state 10
    _LEFTCURL	shift, and go to state 11
    _BAR	shift, and go to state 13
    _TYPE	shift, and go to state 21
    _FUNCTION	shift, and go to state 22
    _RULE	shift, and go to state 23
    _BAG	shift, and go to state 28
    _VECTOR	shift, and go to state 29
    _HASH	shift, and go to state 31
    _VSELECT	shift, and go to state 32
    _OIDTAG	shift, and go to state 47
    _CAST	shift, and go to state 48
    _IN 	shift, and go to state 49

    constant	go to state 53
    numeric_constant	go to state 54
    id_dotlist	go to state 55
    function_name	go to state 56
    variable_name	go to state 57
    interface_variable_name	go to state 58
    gen_variable_name	go to state 59
    simple_type	go to state 60
    function_call	go to state 71
    casting	go to state 72
    temporal_value	go to state 73
    timeval_expr	go to state 74
    timeinterval_expr	go to state 75
    date_expr	go to state 76
    time_expr	go to state 77
    simple_expr	go to state 453
    bag_value	go to state 79
    record_construction	go to state 80
    vector_construction	go to state 81
    vector_reference	go to state 82



state 391

    update_stmt  ->  _SET update_item for_each_clause where_clause .   (rule 287)

    $default	reduce using rule 287 (update_stmt)



state 392

    update_stmt  ->  _ADD _TYPE _ID _LEFTPAREN . function_name_commalist _RIGHTPAREN _TO initialize_commalist   (rule 290)

    _ID 	shift, and go to state 180
    _TYPE	shift, and go to state 21
    _FUNCTION	shift, and go to state 22
    _RULE	shift, and go to state 23
    _BAG	shift, and go to state 152
    _VECTOR	shift, and go to state 153
    _IN 	shift, and go to state 49

    id_dotlist	go to state 55
    function_name	go to state 370
    simple_type	go to state 60
    function_name_commalist	go to state 454



state 393

    update_stmt  ->  _ADD _TYPE _ID _TO . initialize_commalist   (rule 289)

    _ID 	shift, and go to state 170
    _IVAR	shift, and go to state 7
    _LEFTPAREN	shift, and go to state 372

    variable_name	go to state 57
    interface_variable_name	go to state 58
    gen_variable_name	go to state 373
    initialize	go to state 374
    initialize_commalist	go to state 455



state 394

    update_stmt  ->  _ADD _TYPE _ID _PROPERTIES . _LEFTPAREN function_name_commalist _RIGHTPAREN _TO initialize_commalist   (rule 291)

    _LEFTPAREN	shift, and go to state 456



state 395

    update_stmt  ->  _ADD update_item for_each_clause where_clause .   (rule 288)

    $default	reduce using rule 288 (update_stmt)



state 396

    update_stmt  ->  _REMOVE _TYPE _ID _FROM . gen_variable_name_commalist   (rule 293)

    _ID 	shift, and go to state 170
    _IVAR	shift, and go to state 7

    variable_name	go to state 57
    interface_variable_name	go to state 58
    gen_variable_name	go to state 284
    gen_variable_name_commalist	go to state 457



state 397

    update_stmt  ->  _REMOVE update_item for_each_clause where_clause .   (rule 292)

    $default	reduce using rule 292 (update_stmt)



state 398

    activate_rule_stmt  ->  _ACTIVATE _RULE rule_name _LEFTPAREN . _RIGHTPAREN   (rule 273)
    activate_rule_stmt  ->  _ACTIVATE _RULE rule_name _LEFTPAREN . _RIGHTPAREN activation_props   (rule 274)
    activate_rule_stmt  ->  _ACTIVATE _RULE rule_name _LEFTPAREN . expr_commalist _RIGHTPAREN   (rule 275)
    activate_rule_stmt  ->  _ACTIVATE _RULE rule_name _LEFTPAREN . expr_commalist _RIGHTPAREN activation_props   (rule 276)

    _INTEGER_CONST	shift, and go to state 2
    _REAL_CONST	shift, and go to state 3
    _BOOLEAN_CONST	shift, and go to state 4
    _STRING_CONST	shift, and go to state 5
    _ID 	shift, and go to state 117
    _IVAR	shift, and go to state 7
    _MINUS	shift, and go to state 8
    _LESS	shift, and go to state 118
    _LEFTPAREN	shift, and go to state 10
    _RIGHTPAREN	shift, and go to state 458
    _LEFTCURL	shift, and go to state 11
    _BAR	shift, and go to state 13
    _TYPE	shift, and go to state 21
    _FUNCTION	shift, and go to state 22
    _RULE	shift, and go to state 23
    _BAG	shift, and go to state 28
    _VECTOR	shift, and go to state 29
    _HASH	shift, and go to state 31
    _VSELECT	shift, and go to state 32
    _OIDTAG	shift, and go to state 47
    _CAST	shift, and go to state 48
    _IN 	shift, and go to state 49

    constant	go to state 53
    numeric_constant	go to state 54
    id_dotlist	go to state 55
    function_name	go to state 56
    variable_name	go to state 57
    interface_variable_name	go to state 58
    gen_variable_name	go to state 59
    simple_type	go to state 60
    function_call	go to state 71
    casting	go to state 72
    temporal_value	go to state 73
    timeval_expr	go to state 74
    timeinterval_expr	go to state 75
    date_expr	go to state 76
    time_expr	go to state 77
    simple_expr	go to state 139
    expr_commalist	go to state 459
    bag_value	go to state 79
    record_construction	go to state 80
    vector_construction	go to state 81
    vector_reference	go to state 82



state 399

    deactivate_rule_stmt  ->  _DEACTIVATE _RULE rule_name _LEFTPAREN . _RIGHTPAREN   (rule 281)
    deactivate_rule_stmt  ->  _DEACTIVATE _RULE rule_name _LEFTPAREN . expr_commalist _RIGHTPAREN   (rule 282)

    _INTEGER_CONST	shift, and go to state 2
    _REAL_CONST	shift, and go to state 3
    _BOOLEAN_CONST	shift, and go to state 4
    _STRING_CONST	shift, and go to state 5
    _ID 	shift, and go to state 117
    _IVAR	shift, and go to state 7
    _MINUS	shift, and go to state 8
    _LESS	shift, and go to state 118
    _LEFTPAREN	shift, and go to state 10
    _RIGHTPAREN	shift, and go to state 460
    _LEFTCURL	shift, and go to state 11
    _BAR	shift, and go to state 13
    _TYPE	shift, and go to state 21
    _FUNCTION	shift, and go to state 22
    _RULE	shift, and go to state 23
    _BAG	shift, and go to state 28
    _VECTOR	shift, and go to state 29
    _HASH	shift, and go to state 31
    _VSELECT	shift, and go to state 32
    _OIDTAG	shift, and go to state 47
    _CAST	shift, and go to state 48
    _IN 	shift, and go to state 49

    constant	go to state 53
    numeric_constant	go to state 54
    id_dotlist	go to state 55
    function_name	go to state 56
    variable_name	go to state 57
    interface_variable_name	go to state 58
    gen_variable_name	go to state 59
    simple_type	go to state 60
    function_call	go to state 71
    casting	go to state 72
    temporal_value	go to state 73
    timeval_expr	go to state 74
    timeinterval_expr	go to state 75
    date_expr	go to state 76
    time_expr	go to state 77
    simple_expr	go to state 139
    expr_commalist	go to state 461
    bag_value	go to state 79
    record_construction	go to state 80
    vector_construction	go to state 81
    vector_reference	go to state 82



state 400

    select_item_commalist1  ->  select_item_commalist _COMMA . select_item   (rule 121)

    _INTEGER_CONST	shift, and go to state 2
    _REAL_CONST	shift, and go to state 3
    _BOOLEAN_CONST	shift, and go to state 4
    _STRING_CONST	shift, and go to state 5
    _ID 	shift, and go to state 117
    _IVAR	shift, and go to state 7
    _MINUS	shift, and go to state 8
    _LESS	shift, and go to state 118
    _LEFTPAREN	shift, and go to state 10
    _LEFTCURL	shift, and go to state 11
    _BAR	shift, and go to state 13
    _TYPE	shift, and go to state 21
    _FUNCTION	shift, and go to state 22
    _RULE	shift, and go to state 23
    _BAG	shift, and go to state 28
    _VECTOR	shift, and go to state 29
    _HASH	shift, and go to state 31
    _VSELECT	shift, and go to state 32
    _OIDTAG	shift, and go to state 47
    _CAST	shift, and go to state 48
    _IN 	shift, and go to state 49

    constant	go to state 53
    numeric_constant	go to state 54
    id_dotlist	go to state 55
    function_name	go to state 56
    variable_name	go to state 57
    interface_variable_name	go to state 58
    gen_variable_name	go to state 59
    simple_type	go to state 60
    select_item	go to state 462
    function_call	go to state 71
    casting	go to state 72
    temporal_value	go to state 73
    timeval_expr	go to state 74
    timeinterval_expr	go to state 75
    date_expr	go to state 76
    time_expr	go to state 77
    simple_expr	go to state 300
    bag_value	go to state 79
    record_construction	go to state 80
    vector_construction	go to state 81
    vector_reference	go to state 82



state 401

    into_clause  ->  _INTO . gen_variable_name_commalist   (rule 141)

    _ID 	shift, and go to state 170
    _IVAR	shift, and go to state 7

    variable_name	go to state 57
    interface_variable_name	go to state 58
    gen_variable_name	go to state 284
    gen_variable_name_commalist	go to state 463



state 402

    select_stmt1  ->  _SELECT distinct_spec select_item_commalist into_clause . for_each_clause where_clause   (rule 137)

    _FROM	shift, and go to state 289

    $default	reduce using rule 144 (for_each_clause)

    for_each_clause	go to state 464



state 403

    variable_declaration_commalist  ->  variable_declaration_commalist . _COMMA variable_declaration   (rule 149)
    for_each_vars  ->  variable_declaration_commalist .   (rule 369)

    _COMMA	shift, and go to state 362

    $default	reduce using rule 369 (for_each_vars)



state 404

    for_each_stmt  ->  _FOR _EACH for_each_option for_each_vars . where_clause procedure_body_stmt   (rule 367)

    _WHERE	shift, and go to state 390

    $default	reduce using rule 150 (where_clause)

    where_clause	go to state 465



state 405

    bag_value  ->  _BAG _LEFTPAREN expr_commalist _RIGHTPAREN .   (rule 234)

    $default	reduce using rule 234 (bag_value)



state 406

    vector_construction  ->  _VECTOR _LEFTPAREN expr_commalist _RIGHTPAREN .   (rule 242)

    $default	reduce using rule 242 (vector_construction)



state 407

    function_call  ->  _VSELECT distinct_spec select_item_commalist into_clause . for_each_clause where_clause   (rule 161)

    _FROM	shift, and go to state 289

    _FROM	[reduce using rule 144 (for_each_clause)]
    $default	reduce using rule 144 (for_each_clause)

    for_each_clause	go to state 466



state 408

    if_stmt  ->  _IF general_expr_test _THEN procedure_body_stmt .   (rule 361)
    if_stmt  ->  _IF general_expr_test _THEN procedure_body_stmt . _ELSE procedure_body_stmt   (rule 362)

    _ELSE	shift, and go to state 467

    _ELSE	[reduce using rule 361 (if_stmt)]
    $default	reduce using rule 361 (if_stmt)



state 409

    simple_expr  ->  simple_expr . _DIVIDE simple_expr   (rule 209)
    simple_expr  ->  simple_expr . _CARET simple_expr   (rule 210)
    simple_expr  ->  simple_expr . _DOTCARET simple_expr   (rule 211)
    simple_expr  ->  simple_expr . _DOTDIVIDE simple_expr   (rule 212)
    simple_expr  ->  simple_expr . _TIMES simple_expr   (rule 213)
    simple_expr  ->  simple_expr . _DOTTIMES simple_expr   (rule 214)
    simple_expr  ->  simple_expr . _PLUS simple_expr   (rule 215)
    simple_expr  ->  simple_expr . _MINUS simple_expr   (rule 216)
    simple_expr  ->  simple_expr . _AND simple_expr   (rule 217)
    simple_expr  ->  simple_expr . _OR simple_expr   (rule 218)
    simple_expr  ->  simple_expr . _EQUAL simple_expr   (rule 219)
    simple_expr  ->  simple_expr . _LESSEQ simple_expr   (rule 220)
    simple_expr  ->  simple_expr . _LESS simple_expr   (rule 221)
    simple_expr  ->  simple_expr . _GREATEREQ simple_expr   (rule 222)
    simple_expr  ->  simple_expr . _GREATER simple_expr   (rule 223)
    simple_expr  ->  simple_expr . _UNEQUAL simple_expr   (rule 224)
    simple_expr  ->  simple_expr . _IN simple_expr   (rule 225)
    vector_reference  ->  simple_expr . _LEFTBRACKET simple_expr _RIGHTBRACKET   (rule 244)
    open_cursor_stmt  ->  _OPEN cursor_name _FOR simple_expr .   (rule 283)

    _PLUS	shift, and go to state 219
    _MINUS	shift, and go to state 220
    _TIMES	shift, and go to state 221
    _DIVIDE	shift, and go to state 222
    _DOTTIMES	shift, and go to state 223
    _DOTDIVIDE	shift, and go to state 224
    _CARET	shift, and go to state 225
    _DOTCARET	shift, and go to state 226
    _AND	shift, and go to state 227
    _OR 	shift, and go to state 228
    _EQUAL	shift, and go to state 229
    _LESS	shift, and go to state 230
    _GREATER	shift, and go to state 231
    _LESSEQ	shift, and go to state 232
    _GREATEREQ	shift, and go to state 233
    _UNEQUAL	shift, and go to state 234
    _LEFTBRACKET	shift, and go to state 235
    _IN 	shift, and go to state 236

    $default	reduce using rule 283 (open_cursor_stmt)



state 410

    gen_variable_name_commalist  ->  gen_variable_name_commalist . _COMMA gen_variable_name   (rule 25)
    into_clause1  ->  _INTO gen_variable_name_commalist .   (rule 143)

    _COMMA	shift, and go to state 384

    _COMMA	[reduce using rule 143 (into_clause1)]
    $default	reduce using rule 143 (into_clause1)



state 411

    casting  ->  _CAST _LEFTPAREN simple_expr _AS . type_name _RIGHTPAREN   (rule 162)

    _ID 	shift, and go to state 160
    _TYPE	shift, and go to state 21
    _FUNCTION	shift, and go to state 22
    _RULE	shift, and go to state 23
    _BAG	shift, and go to state 152
    _VECTOR	shift, and go to state 153

    type_name	go to state 468
    simple_type	go to state 162
    aggr_type	go to state 163



state 412

    while_stmt  ->  _WHILE simple_expr _DO block_body . _WHILE   (rule 359)

    _WHILE	shift, and go to state 469



state 413

    id_dotlist  ->  id_dotlist _DOT simple_type @1 .   (rule 14)

    $default	reduce using rule 14 (id_dotlist)



state 414

    temporal_call  ->  _ALPHAB . temporal_expr   (rule 163)

    _INTEGER_CONST	shift, and go to state 2
    _REAL_CONST	shift, and go to state 3
    _BOOLEAN_CONST	shift, and go to state 4
    _STRING_CONST	shift, and go to state 5
    _ID 	shift, and go to state 117
    _IVAR	shift, and go to state 7
    _MINUS	shift, and go to state 121
    _LEFTCURL	shift, and go to state 122
    _BAR	shift, and go to state 13
    _TYPE	shift, and go to state 21
    _FUNCTION	shift, and go to state 22
    _RULE	shift, and go to state 23
    _BAG	shift, and go to state 28
    _VECTOR	shift, and go to state 29
    _HASH	shift, and go to state 123
    _VSELECT	shift, and go to state 32
    _OIDTAG	shift, and go to state 47
    _CAST	shift, and go to state 48
    _IN 	shift, and go to state 49

    constant	go to state 124
    numeric_constant	go to state 54
    id_dotlist	go to state 55
    function_name	go to state 56
    variable_name	go to state 57
    interface_variable_name	go to state 58
    gen_variable_name	go to state 125
    simple_type	go to state 60
    function_call	go to state 126
    casting	go to state 127
    temporal_value	go to state 128
    timeval_expr	go to state 74
    timeinterval_expr	go to state 75
    date_expr	go to state 76
    time_expr	go to state 77
    temporal_expr	go to state 470
    tuple_simple_expr	go to state 471
    bag_value	go to state 131
    vector_construction	go to state 132
    tuple_vector_reference	go to state 133



state 415

    temporal_call  ->  _WITHIN . within_expr   (rule 164)

    _BAR	shift, and go to state 472

    timeinterval_expr	go to state 473
    within_expr	go to state 474



state 416

    function_call  ->  function_name _LEFTPAREN _RIGHTPAREN temporal_call .   (rule 159)

    $default	reduce using rule 159 (function_call)



state 417

    function_call  ->  function_name _LEFTPAREN select_stmt1 _RIGHTPAREN .   (rule 157)

    $default	reduce using rule 157 (function_call)



state 418

    function_call  ->  function_name _LEFTPAREN expr_commalist _RIGHTPAREN .   (rule 158)
    function_call  ->  function_name _LEFTPAREN expr_commalist _RIGHTPAREN . temporal_call   (rule 160)

    _ALPHAB	shift, and go to state 414
    _WITHIN	shift, and go to state 415

    $default	reduce using rule 158 (function_call)

    temporal_call	go to state 475



state 419

    create_function_stmt  ->  create_keyword _FUNCTION function_name argl_spec . _ARROW resl_spec fn_implementation   (rule 82)

    _ARROW	shift, and go to state 476



state 420

    vector_reference  ->  simple_expr _LEFTBRACKET simple_expr _RIGHTBRACKET .   (rule 244)

    $default	reduce using rule 244 (vector_reference)



state 421

    tuple_vector_reference  ->  tuple_simple_expr _LEFTBRACKET tuple_simple_expr _RIGHTBRACKET .   (rule 245)

    $default	reduce using rule 245 (tuple_vector_reference)



state 422

    timeval_expr  ->  _BAR _INTEGER_CONST _MINUS _INTEGER_CONST _MINUS . _INTEGER_CONST _DIVIDE _INTEGER_CONST _COLON _INTEGER_CONST _COLON _INTEGER_CONST _BAR   (rule 169)
    date_expr  ->  _BAR _INTEGER_CONST _MINUS _INTEGER_CONST _MINUS . _INTEGER_CONST _BAR   (rule 176)

    _INTEGER_CONST	shift, and go to state 477



state 423

    time_expr  ->  _BAR _INTEGER_CONST _COLON _INTEGER_CONST _COLON . _INTEGER_CONST _BAR   (rule 177)

    _INTEGER_CONST	shift, and go to state 478



state 424

    timeinterval_expr  ->  _BAR _LEFTPAREN simple_expr _COMMA simple_expr . timeval_leftopen_end _BAR   (rule 171)
    simple_expr  ->  simple_expr . _DIVIDE simple_expr   (rule 209)
    simple_expr  ->  simple_expr . _CARET simple_expr   (rule 210)
    simple_expr  ->  simple_expr . _DOTCARET simple_expr   (rule 211)
    simple_expr  ->  simple_expr . _DOTDIVIDE simple_expr   (rule 212)
    simple_expr  ->  simple_expr . _TIMES simple_expr   (rule 213)
    simple_expr  ->  simple_expr . _DOTTIMES simple_expr   (rule 214)
    simple_expr  ->  simple_expr . _PLUS simple_expr   (rule 215)
    simple_expr  ->  simple_expr . _MINUS simple_expr   (rule 216)
    simple_expr  ->  simple_expr . _AND simple_expr   (rule 217)
    simple_expr  ->  simple_expr . _OR simple_expr   (rule 218)
    simple_expr  ->  simple_expr . _EQUAL simple_expr   (rule 219)
    simple_expr  ->  simple_expr . _LESSEQ simple_expr   (rule 220)
    simple_expr  ->  simple_expr . _LESS simple_expr   (rule 221)
    simple_expr  ->  simple_expr . _GREATEREQ simple_expr   (rule 222)
    simple_expr  ->  simple_expr . _GREATER simple_expr   (rule 223)
    simple_expr  ->  simple_expr . _UNEQUAL simple_expr   (rule 224)
    simple_expr  ->  simple_expr . _IN simple_expr   (rule 225)
    vector_reference  ->  simple_expr . _LEFTBRACKET simple_expr _RIGHTBRACKET   (rule 244)

    _PLUS	shift, and go to state 219
    _MINUS	shift, and go to state 220
    _TIMES	shift, and go to state 221
    _DIVIDE	shift, and go to state 222
    _DOTTIMES	shift, and go to state 223
    _DOTDIVIDE	shift, and go to state 224
    _CARET	shift, and go to state 225
    _DOTCARET	shift, and go to state 226
    _AND	shift, and go to state 227
    _OR 	shift, and go to state 228
    _EQUAL	shift, and go to state 229
    _LESS	shift, and go to state 230
    _GREATER	shift, and go to state 231
    _LESSEQ	shift, and go to state 232
    _GREATEREQ	shift, and go to state 233
    _UNEQUAL	shift, and go to state 234
    _RIGHTPAREN	shift, and go to state 479
    _LEFTBRACKET	shift, and go to state 235
    _RIGHTBRACKET	shift, and go to state 480
    _IN 	shift, and go to state 236

    timeval_leftopen_end	go to state 481



state 425

    timeinterval_expr  ->  _BAR _LEFTBRACKET simple_expr _COMMA simple_expr . timeval_leftclosed_end _BAR   (rule 170)
    simple_expr  ->  simple_expr . _DIVIDE simple_expr   (rule 209)
    simple_expr  ->  simple_expr . _CARET simple_expr   (rule 210)
    simple_expr  ->  simple_expr . _DOTCARET simple_expr   (rule 211)
    simple_expr  ->  simple_expr . _DOTDIVIDE simple_expr   (rule 212)
    simple_expr  ->  simple_expr . _TIMES simple_expr   (rule 213)
    simple_expr  ->  simple_expr . _DOTTIMES simple_expr   (rule 214)
    simple_expr  ->  simple_expr . _PLUS simple_expr   (rule 215)
    simple_expr  ->  simple_expr . _MINUS simple_expr   (rule 216)
    simple_expr  ->  simple_expr . _AND simple_expr   (rule 217)
    simple_expr  ->  simple_expr . _OR simple_expr   (rule 218)
    simple_expr  ->  simple_expr . _EQUAL simple_expr   (rule 219)
    simple_expr  ->  simple_expr . _LESSEQ simple_expr   (rule 220)
    simple_expr  ->  simple_expr . _LESS simple_expr   (rule 221)
    simple_expr  ->  simple_expr . _GREATEREQ simple_expr   (rule 222)
    simple_expr  ->  simple_expr . _GREATER simple_expr   (rule 223)
    simple_expr  ->  simple_expr . _UNEQUAL simple_expr   (rule 224)
    simple_expr  ->  simple_expr . _IN simple_expr   (rule 225)
    vector_reference  ->  simple_expr . _LEFTBRACKET simple_expr _RIGHTBRACKET   (rule 244)

    _PLUS	shift, and go to state 219
    _MINUS	shift, and go to state 220
    _TIMES	shift, and go to state 221
    _DIVIDE	shift, and go to state 222
    _DOTTIMES	shift, and go to state 223
    _DOTDIVIDE	shift, and go to state 224
    _CARET	shift, and go to state 225
    _DOTCARET	shift, and go to state 226
    _AND	shift, and go to state 227
    _OR 	shift, and go to state 228
    _EQUAL	shift, and go to state 229
    _LESS	shift, and go to state 230
    _GREATER	shift, and go to state 231
    _LESSEQ	shift, and go to state 232
    _GREATEREQ	shift, and go to state 233
    _UNEQUAL	shift, and go to state 234
    _RIGHTPAREN	shift, and go to state 482
    _LEFTBRACKET	shift, and go to state 235
    _RIGHTBRACKET	shift, and go to state 483
    _IN 	shift, and go to state 236

    timeval_leftclosed_end	go to state 484



state 426

    variable_declaration_commalist  ->  variable_declaration_commalist _COMMA variable_declaration .   (rule 149)

    $default	reduce using rule 149 (variable_declaration_commalist)



state 427

    procedure_body_stmt_semicolonlist  ->  procedure_body_stmt_semicolonlist . _SEMICOLON procedure_body_stmt   (rule 328)
    block_body  ->  _DECLARE variable_declaration_commalist _SEMICOLON procedure_body_stmt_semicolonlist . end_stmt   (rule 331)

    _SEMICOLON	shift, and go to state 269
    _END	shift, and go to state 149

    end_stmt	go to state 485



state 428

    type_name_commalist  ->  type_name .   (rule 28)

    $default	reduce using rule 28 (type_name_commalist)



state 429

    type_name_commalist  ->  type_name_commalist . _COMMA type_name   (rule 29)
    tuple_type  ->  _LESS type_name_commalist . _GREATER   (rule 38)

    _GREATER	shift, and go to state 486
    _COMMA	shift, and go to state 487



state 430

    type_name_commalist  ->  type_name_commalist . _COMMA type_name   (rule 29)
    tuple_type  ->  _LEFTPAREN type_name_commalist . _RIGHTPAREN   (rule 39)

    _RIGHTPAREN	shift, and go to state 488
    _COMMA	shift, and go to state 487



state 431

    create_object_stmt  ->  _CREATE _ID _LEFTPAREN function_name_commalist _RIGHTPAREN . new_instances   (rule 124)

    _INSTANCES	shift, and go to state 275

    new_instances	go to state 489



state 432

    function_name_commalist  ->  function_name_commalist _COMMA . function_name   (rule 126)

    _ID 	shift, and go to state 180
    _TYPE	shift, and go to state 21
    _FUNCTION	shift, and go to state 22
    _RULE	shift, and go to state 23
    _BAG	shift, and go to state 152
    _VECTOR	shift, and go to state 153
    _IN 	shift, and go to state 49

    id_dotlist	go to state 55
    function_name	go to state 490
    simple_type	go to state 60



state 433

    initialize  ->  _LEFTPAREN expr_commalist . _RIGHTPAREN   (rule 129)
    expr_commalist  ->  expr_commalist . _COMMA simple_expr   (rule 231)

    _RIGHTPAREN	shift, and go to state 491
    _COMMA	shift, and go to state 256



state 434

    initialize  ->  gen_variable_name _LEFTPAREN . expr_commalist _RIGHTPAREN   (rule 130)

    _INTEGER_CONST	shift, and go to state 2
    _REAL_CONST	shift, and go to state 3
    _BOOLEAN_CONST	shift, and go to state 4
    _STRING_CONST	shift, and go to state 5
    _ID 	shift, and go to state 117
    _IVAR	shift, and go to state 7
    _MINUS	shift, and go to state 8
    _LESS	shift, and go to state 118
    _LEFTPAREN	shift, and go to state 10
    _LEFTCURL	shift, and go to state 11
    _BAR	shift, and go to state 13
    _TYPE	shift, and go to state 21
    _FUNCTION	shift, and go to state 22
    _RULE	shift, and go to state 23
    _BAG	shift, and go to state 28
    _VECTOR	shift, and go to state 29
    _HASH	shift, and go to state 31
    _VSELECT	shift, and go to state 32
    _OIDTAG	shift, and go to state 47
    _CAST	shift, and go to state 48
    _IN 	shift, and go to state 49

    constant	go to state 53
    numeric_constant	go to state 54
    id_dotlist	go to state 55
    function_name	go to state 56
    variable_name	go to state 57
    interface_variable_name	go to state 58
    gen_variable_name	go to state 59
    simple_type	go to state 60
    function_call	go to state 71
    casting	go to state 72
    temporal_value	go to state 73
    timeval_expr	go to state 74
    timeinterval_expr	go to state 75
    date_expr	go to state 76
    time_expr	go to state 77
    simple_expr	go to state 139
    expr_commalist	go to state 492
    bag_value	go to state 79
    record_construction	go to state 80
    vector_construction	go to state 81
    vector_reference	go to state 82



state 435

    initialize_commalist  ->  initialize_commalist _COMMA . initialize   (rule 132)

    _ID 	shift, and go to state 170
    _IVAR	shift, and go to state 7
    _LEFTPAREN	shift, and go to state 372

    variable_name	go to state 57
    interface_variable_name	go to state 58
    gen_variable_name	go to state 373
    initialize	go to state 493



state 436

    create_type_stmt  ->  _CREATE _TYPE _ID _SUBTYPE _OF . id_commalist properties   (rule 43)

    _ID 	shift, and go to state 437

    id_commalist	go to state 494



state 437

    id_commalist  ->  _ID .   (rule 10)

    $default	reduce using rule 10 (id_commalist)



state 438

    id_commalist  ->  id_commalist . _COMMA _ID   (rule 11)
    create_type_stmt  ->  _CREATE _TYPE _ID _UNDER id_commalist . properties   (rule 44)

    _COMMA	shift, and go to state 495
    _PROPERTIES	shift, and go to state 378

    $default	reduce using rule 71 (properties)

    properties	go to state 496



state 439

    properties  ->  _PROPERTIES _LEFTPAREN . prop_function_commalist _RIGHTPAREN   (rule 72)

    _KEY	shift, and go to state 497
    _NONKEY	shift, and go to state 498

    $default	reduce using rule 73 (key_spec)

    key_spec	go to state 499
    prop_function	go to state 500
    prop_function_commalist	go to state 501



state 440

    argl_spec  ->  _LEFTPAREN _RIGHTPAREN .   (rule 83)

    $default	reduce using rule 83 (argl_spec)



state 441

    arg_spec  ->  type_name . variable_name key_spec   (rule 85)
    arg_spec  ->  type_name . key_spec   (rule 86)

    _ID 	shift, and go to state 170
    _KEY	shift, and go to state 497
    _NONKEY	shift, and go to state 498

    $default	reduce using rule 73 (key_spec)

    variable_name	go to state 502
    key_spec	go to state 503



state 442

    arg_spec_commalist  ->  arg_spec .   (rule 87)

    $default	reduce using rule 87 (arg_spec_commalist)



state 443

    argl_spec  ->  _LEFTPAREN arg_spec_commalist . _RIGHTPAREN   (rule 84)
    arg_spec_commalist  ->  arg_spec_commalist . _COMMA arg_spec @2   (rule 89)

    _RIGHTPAREN	shift, and go to state 504
    _COMMA	shift, and go to state 505



state 444

    rule_implementation  ->  _AS . for_each_clause _ON event_specification _WHEN simple_expr _DO procedure_body_stmt   (rule 266)
    rule_implementation  ->  _AS . for_each_clause _WHEN simple_expr _DO procedure_body_stmt   (rule 267)
    rule_implementation  ->  _AS . for_each_clause _ON event_specification _DO procedure_body_stmt   (rule 268)
    rule_implementation  ->  _AS . _ON event_specification _WHEN simple_expr _DO procedure_body_stmt   (rule 269)
    rule_implementation  ->  _AS . _WHEN simple_expr _DO procedure_body_stmt   (rule 270)
    rule_implementation  ->  _AS . _ON event_specification _DO procedure_body_stmt   (rule 271)

    _FROM	shift, and go to state 289
    _ON 	shift, and go to state 506
    _WHEN	shift, and go to state 507

    _ON 	[reduce using rule 144 (for_each_clause)]
    _WHEN	[reduce using rule 144 (for_each_clause)]
    $default	reduce using rule 144 (for_each_clause)

    for_each_clause	go to state 508



state 445

    create_rule_stmt  ->  _CREATE _RULE rule_name argl_spec rule_implementation .   (rule 247)

    $default	reduce using rule 247 (create_rule_stmt)



state 446

    derived_subtypeof_clause  ->  _SUBTYPE . _OF variable_declaration_commalist derived_subtypeof_cond   (rule 47)

    _OF 	shift, and go to state 509



state 447

    derived_subtypeof_clause  ->  _UNDER . variable_declaration_commalist derived_subtypeof_cond   (rule 48)

    _ID 	shift, and go to state 160
    _TYPE	shift, and go to state 21
    _FUNCTION	shift, and go to state 22
    _RULE	shift, and go to state 23
    _BAG	shift, and go to state 152
    _VECTOR	shift, and go to state 153

    type_name	go to state 266
    simple_type	go to state 162
    aggr_type	go to state 163
    variable_declaration	go to state 267
    variable_declaration_commalist	go to state 510



state 448

    create_derived_type_stmt  ->  _CREATE _DERIVED _TYPE _ID derived_subtypeof_clause . derived_key_clause derived_supertypeof_clause properties   (rule 45)

    _KEY	shift, and go to state 511

    $default	reduce using rule 53 (derived_key_clause)

    derived_key_clause	go to state 512



state 449

    set_variable_stmt  ->  _SET _LEFTPAREN gen_variable_name_commalist _RIGHTPAREN _EQUAL . simple_expr   (rule 337)

    _INTEGER_CONST	shift, and go to state 2
    _REAL_CONST	shift, and go to state 3
    _BOOLEAN_CONST	shift, and go to state 4
    _STRING_CONST	shift, and go to state 5
    _ID 	shift, and go to state 117
    _IVAR	shift, and go to state 7
    _MINUS	shift, and go to state 8
    _LESS	shift, and go to state 118
    _LEFTPAREN	shift, and go to state 10
    _LEFTCURL	shift, and go to state 11
    _BAR	shift, and go to state 13
    _TYPE	shift, and go to state 21
    _FUNCTION	shift, and go to state 22
    _RULE	shift, and go to state 23
    _BAG	shift, and go to state 28
    _VECTOR	shift, and go to state 29
    _HASH	shift, and go to state 31
    _VSELECT	shift, and go to state 32
    _OIDTAG	shift, and go to state 47
    _CAST	shift, and go to state 48
    _IN 	shift, and go to state 49

    constant	go to state 53
    numeric_constant	go to state 54
    id_dotlist	go to state 55
    function_name	go to state 56
    variable_name	go to state 57
    interface_variable_name	go to state 58
    gen_variable_name	go to state 59
    simple_type	go to state 60
    function_call	go to state 71
    casting	go to state 72
    temporal_value	go to state 73
    timeval_expr	go to state 74
    timeinterval_expr	go to state 75
    date_expr	go to state 76
    time_expr	go to state 77
    simple_expr	go to state 513
    bag_value	go to state 79
    record_construction	go to state 80
    vector_construction	go to state 81
    vector_reference	go to state 82



state 450

    gen_variable_name_commalist  ->  gen_variable_name_commalist _COMMA gen_variable_name .   (rule 25)

    $default	reduce using rule 25 (gen_variable_name_commalist)



state 451

    function_call0  ->  function_name _LEFTPAREN _RIGHTPAREN temporal_call .   (rule 154)

    $default	reduce using rule 154 (function_call0)



state 452

    function_call0  ->  function_name _LEFTPAREN expr_commalist _RIGHTPAREN .   (rule 153)
    function_call0  ->  function_name _LEFTPAREN expr_commalist _RIGHTPAREN . temporal_call   (rule 155)

    _ALPHAB	shift, and go to state 414
    _WITHIN	shift, and go to state 415

    $default	reduce using rule 153 (function_call0)

    temporal_call	go to state 514



state 453

    where_clause  ->  _WHERE simple_expr .   (rule 151)
    simple_expr  ->  simple_expr . _DIVIDE simple_expr   (rule 209)
    simple_expr  ->  simple_expr . _CARET simple_expr   (rule 210)
    simple_expr  ->  simple_expr . _DOTCARET simple_expr   (rule 211)
    simple_expr  ->  simple_expr . _DOTDIVIDE simple_expr   (rule 212)
    simple_expr  ->  simple_expr . _TIMES simple_expr   (rule 213)
    simple_expr  ->  simple_expr . _DOTTIMES simple_expr   (rule 214)
    simple_expr  ->  simple_expr . _PLUS simple_expr   (rule 215)
    simple_expr  ->  simple_expr . _MINUS simple_expr   (rule 216)
    simple_expr  ->  simple_expr . _AND simple_expr   (rule 217)
    simple_expr  ->  simple_expr . _OR simple_expr   (rule 218)
    simple_expr  ->  simple_expr . _EQUAL simple_expr   (rule 219)
    simple_expr  ->  simple_expr . _LESSEQ simple_expr   (rule 220)
    simple_expr  ->  simple_expr . _LESS simple_expr   (rule 221)
    simple_expr  ->  simple_expr . _GREATEREQ simple_expr   (rule 222)
    simple_expr  ->  simple_expr . _GREATER simple_expr   (rule 223)
    simple_expr  ->  simple_expr . _UNEQUAL simple_expr   (rule 224)
    simple_expr  ->  simple_expr . _IN simple_expr   (rule 225)
    vector_reference  ->  simple_expr . _LEFTBRACKET simple_expr _RIGHTBRACKET   (rule 244)

    _PLUS	shift, and go to state 219
    _MINUS	shift, and go to state 220
    _TIMES	shift, and go to state 221
    _DIVIDE	shift, and go to state 222
    _DOTTIMES	shift, and go to state 223
    _DOTDIVIDE	shift, and go to state 224
    _CARET	shift, and go to state 225
    _DOTCARET	shift, and go to state 226
    _AND	shift, and go to state 227
    _OR 	shift, and go to state 228
    _EQUAL	shift, and go to state 229
    _LESS	shift, and go to state 230
    _GREATER	shift, and go to state 231
    _LESSEQ	shift, and go to state 232
    _GREATEREQ	shift, and go to state 233
    _UNEQUAL	shift, and go to state 234
    _LEFTBRACKET	shift, and go to state 235
    _IN 	shift, and go to state 236

    _PLUS	[reduce using rule 151 (where_clause)]
    _MINUS	[reduce using rule 151 (where_clause)]
    _TIMES	[reduce using rule 151 (where_clause)]
    _DIVIDE	[reduce using rule 151 (where_clause)]
    _DOTTIMES	[reduce using rule 151 (where_clause)]
    _DOTDIVIDE	[reduce using rule 151 (where_clause)]
    _CARET	[reduce using rule 151 (where_clause)]
    _DOTCARET	[reduce using rule 151 (where_clause)]
    _AND	[reduce using rule 151 (where_clause)]
    _OR 	[reduce using rule 151 (where_clause)]
    _EQUAL	[reduce using rule 151 (where_clause)]
    _LESS	[reduce using rule 151 (where_clause)]
    _GREATER	[reduce using rule 151 (where_clause)]
    _LESSEQ	[reduce using rule 151 (where_clause)]
    _GREATEREQ	[reduce using rule 151 (where_clause)]
    _UNEQUAL	[reduce using rule 151 (where_clause)]
    _LEFTBRACKET	[reduce using rule 151 (where_clause)]
    _IN 	[reduce using rule 151 (where_clause)]
    $default	reduce using rule 151 (where_clause)



state 454

    function_name_commalist  ->  function_name_commalist . _COMMA function_name   (rule 126)
    update_stmt  ->  _ADD _TYPE _ID _LEFTPAREN function_name_commalist . _RIGHTPAREN _TO initialize_commalist   (rule 290)

    _RIGHTPAREN	shift, and go to state 515
    _COMMA	shift, and go to state 432



state 455

    initialize_commalist  ->  initialize_commalist . _COMMA initialize   (rule 132)
    update_stmt  ->  _ADD _TYPE _ID _TO initialize_commalist .   (rule 289)

    _COMMA	shift, and go to state 435

    _COMMA	[reduce using rule 289 (update_stmt)]
    $default	reduce using rule 289 (update_stmt)



state 456

    update_stmt  ->  _ADD _TYPE _ID _PROPERTIES _LEFTPAREN . function_name_commalist _RIGHTPAREN _TO initialize_commalist   (rule 291)

    _ID 	shift, and go to state 180
    _TYPE	shift, and go to state 21
    _FUNCTION	shift, and go to state 22
    _RULE	shift, and go to state 23
    _BAG	shift, and go to state 152
    _VECTOR	shift, and go to state 153
    _IN 	shift, and go to state 49

    id_dotlist	go to state 55
    function_name	go to state 370
    simple_type	go to state 60
    function_name_commalist	go to state 516



state 457

    gen_variable_name_commalist  ->  gen_variable_name_commalist . _COMMA gen_variable_name   (rule 25)
    update_stmt  ->  _REMOVE _TYPE _ID _FROM gen_variable_name_commalist .   (rule 293)

    _COMMA	shift, and go to state 384

    _COMMA	[reduce using rule 293 (update_stmt)]
    $default	reduce using rule 293 (update_stmt)



state 458

    activate_rule_stmt  ->  _ACTIVATE _RULE rule_name _LEFTPAREN _RIGHTPAREN .   (rule 273)
    activate_rule_stmt  ->  _ACTIVATE _RULE rule_name _LEFTPAREN _RIGHTPAREN . activation_props   (rule 274)

    _PRIORITY	shift, and go to state 517
    _STRICT	shift, and go to state 518

    $default	reduce using rule 273 (activate_rule_stmt)

    activation_props	go to state 519



state 459

    expr_commalist  ->  expr_commalist . _COMMA simple_expr   (rule 231)
    activate_rule_stmt  ->  _ACTIVATE _RULE rule_name _LEFTPAREN expr_commalist . _RIGHTPAREN   (rule 275)
    activate_rule_stmt  ->  _ACTIVATE _RULE rule_name _LEFTPAREN expr_commalist . _RIGHTPAREN activation_props   (rule 276)

    _RIGHTPAREN	shift, and go to state 520
    _COMMA	shift, and go to state 256



state 460

    deactivate_rule_stmt  ->  _DEACTIVATE _RULE rule_name _LEFTPAREN _RIGHTPAREN .   (rule 281)

    $default	reduce using rule 281 (deactivate_rule_stmt)



state 461

    expr_commalist  ->  expr_commalist . _COMMA simple_expr   (rule 231)
    deactivate_rule_stmt  ->  _DEACTIVATE _RULE rule_name _LEFTPAREN expr_commalist . _RIGHTPAREN   (rule 282)

    _RIGHTPAREN	shift, and go to state 521
    _COMMA	shift, and go to state 256



state 462

    select_item_commalist1  ->  select_item_commalist _COMMA select_item .   (rule 121)

    $default	reduce using rule 121 (select_item_commalist1)



state 463

    gen_variable_name_commalist  ->  gen_variable_name_commalist . _COMMA gen_variable_name   (rule 25)
    into_clause  ->  _INTO gen_variable_name_commalist .   (rule 141)

    _COMMA	shift, and go to state 384

    _COMMA	[reduce using rule 141 (into_clause)]
    $default	reduce using rule 141 (into_clause)



state 464

    select_stmt1  ->  _SELECT distinct_spec select_item_commalist into_clause for_each_clause . where_clause   (rule 137)

    _WHERE	shift, and go to state 390

    $default	reduce using rule 150 (where_clause)

    where_clause	go to state 522



state 465

    for_each_stmt  ->  _FOR _EACH for_each_option for_each_vars where_clause . procedure_body_stmt   (rule 367)

    _ID 	shift, and go to state 146
    _BEGIN	shift, and go to state 14
    _CREATE	shift, and go to state 150
    _DELETE	shift, and go to state 151
    _SET	shift, and go to state 18
    _ADD	shift, and go to state 19
    _REMOVE	shift, and go to state 20
    _TYPE	shift, and go to state 21
    _FUNCTION	shift, and go to state 22
    _RULE	shift, and go to state 23
    _ACTIVATE	shift, and go to state 24
    _DEACTIVATE	shift, and go to state 25
    _SELECT	shift, and go to state 26
    _FOR	shift, and go to state 27
    _BAG	shift, and go to state 152
    _VECTOR	shift, and go to state 153
    _RETURN	shift, and go to state 30
    _VSELECT	shift, and go to state 32
    _IF 	shift, and go to state 33
    _OPEN	shift, and go to state 34
    _CLOSE	shift, and go to state 35
    _FETCH	shift, and go to state 36
    _COMMIT	shift, and go to state 41
    _ROLLBACK	shift, and go to state 42
    _AT 	shift, and go to state 46
    _IN 	shift, and go to state 49
    _LOOP	shift, and go to state 50
    _WHILE	shift, and go to state 51
    _LEAVE	shift, and go to state 52

    id_dotlist	go to state 55
    function_name	go to state 56
    simple_type	go to state 60
    create_object_stmt	go to state 67
    delete_object_stmt	go to state 68
    select_stmt	go to state 69
    select_stmt1	go to state 70
    function_call	go to state 154
    activate_rule_stmt	go to state 85
    deactivate_rule_stmt	go to state 86
    open_cursor_stmt	go to state 87
    fetch_cursor_stmt	go to state 88
    close_cursor_stmt	go to state 89
    update_stmt	go to state 90
    procedure_body_stmt	go to state 523
    block	go to state 95
    set_variable_stmt	go to state 96
    procedure_stmt	go to state 159
    procedure_stmt1	go to state 98
    while_stmt	go to state 99
    loop_stmt	go to state 100
    if_stmt	go to state 101
    result_stmt	go to state 102
    for_each_stmt	go to state 103
    commit_stmt	go to state 108
    rollback_stmt	go to state 109



state 466

    function_call  ->  _VSELECT distinct_spec select_item_commalist into_clause for_each_clause . where_clause   (rule 161)

    _WHERE	shift, and go to state 390

    _WHERE	[reduce using rule 150 (where_clause)]
    $default	reduce using rule 150 (where_clause)

    where_clause	go to state 524



state 467

    if_stmt  ->  _IF general_expr_test _THEN procedure_body_stmt _ELSE . procedure_body_stmt   (rule 362)

    _ID 	shift, and go to state 146
    _BEGIN	shift, and go to state 14
    _CREATE	shift, and go to state 150
    _DELETE	shift, and go to state 151
    _SET	shift, and go to state 18
    _ADD	shift, and go to state 19
    _REMOVE	shift, and go to state 20
    _TYPE	shift, and go to state 21
    _FUNCTION	shift, and go to state 22
    _RULE	shift, and go to state 23
    _ACTIVATE	shift, and go to state 24
    _DEACTIVATE	shift, and go to state 25
    _SELECT	shift, and go to state 26
    _FOR	shift, and go to state 27
    _BAG	shift, and go to state 152
    _VECTOR	shift, and go to state 153
    _RETURN	shift, and go to state 30
    _VSELECT	shift, and go to state 32
    _IF 	shift, and go to state 33
    _OPEN	shift, and go to state 34
    _CLOSE	shift, and go to state 35
    _FETCH	shift, and go to state 36
    _COMMIT	shift, and go to state 41
    _ROLLBACK	shift, and go to state 42
    _AT 	shift, and go to state 46
    _IN 	shift, and go to state 49
    _LOOP	shift, and go to state 50
    _WHILE	shift, and go to state 51
    _LEAVE	shift, and go to state 52

    id_dotlist	go to state 55
    function_name	go to state 56
    simple_type	go to state 60
    create_object_stmt	go to state 67
    delete_object_stmt	go to state 68
    select_stmt	go to state 69
    select_stmt1	go to state 70
    function_call	go to state 154
    activate_rule_stmt	go to state 85
    deactivate_rule_stmt	go to state 86
    open_cursor_stmt	go to state 87
    fetch_cursor_stmt	go to state 88
    close_cursor_stmt	go to state 89
    update_stmt	go to state 90
    procedure_body_stmt	go to state 525
    block	go to state 95
    set_variable_stmt	go to state 96
    procedure_stmt	go to state 159
    procedure_stmt1	go to state 98
    while_stmt	go to state 99
    loop_stmt	go to state 100
    if_stmt	go to state 101
    result_stmt	go to state 102
    for_each_stmt	go to state 103
    commit_stmt	go to state 108
    rollback_stmt	go to state 109



state 468

    casting  ->  _CAST _LEFTPAREN simple_expr _AS type_name . _RIGHTPAREN   (rule 162)

    _RIGHTPAREN	shift, and go to state 526



state 469

    while_stmt  ->  _WHILE simple_expr _DO block_body _WHILE .   (rule 359)

    $default	reduce using rule 359 (while_stmt)



state 470

    temporal_call  ->  _ALPHAB temporal_expr .   (rule 163)

    $default	reduce using rule 163 (temporal_call)



state 471

    temporal_expr  ->  tuple_simple_expr .   (rule 178)
    tuple_simple_expr  ->  tuple_simple_expr . _DIVIDE tuple_simple_expr   (rule 187)
    tuple_simple_expr  ->  tuple_simple_expr . _CARET tuple_simple_expr   (rule 188)
    tuple_simple_expr  ->  tuple_simple_expr . _DOTCARET tuple_simple_expr   (rule 189)
    tuple_simple_expr  ->  tuple_simple_expr . _DOTDIVIDE tuple_simple_expr   (rule 190)
    tuple_simple_expr  ->  tuple_simple_expr . _TIMES tuple_simple_expr   (rule 191)
    tuple_simple_expr  ->  tuple_simple_expr . _DOTTIMES tuple_simple_expr   (rule 192)
    tuple_simple_expr  ->  tuple_simple_expr . _PLUS tuple_simple_expr   (rule 193)
    tuple_simple_expr  ->  tuple_simple_expr . _MINUS tuple_simple_expr   (rule 194)
    tuple_vector_reference  ->  tuple_simple_expr . _LEFTBRACKET tuple_simple_expr _RIGHTBRACKET   (rule 245)

    _PLUS	shift, and go to state 242
    _MINUS	shift, and go to state 243
    _TIMES	shift, and go to state 244
    _DIVIDE	shift, and go to state 245
    _DOTTIMES	shift, and go to state 246
    _DOTDIVIDE	shift, and go to state 247
    _CARET	shift, and go to state 248
    _DOTCARET	shift, and go to state 249
    _LEFTBRACKET	shift, and go to state 250

    _PLUS	[reduce using rule 178 (temporal_expr)]
    _MINUS	[reduce using rule 178 (temporal_expr)]
    _TIMES	[reduce using rule 178 (temporal_expr)]
    _DIVIDE	[reduce using rule 178 (temporal_expr)]
    _DOTTIMES	[reduce using rule 178 (temporal_expr)]
    _DOTDIVIDE	[reduce using rule 178 (temporal_expr)]
    _CARET	[reduce using rule 178 (temporal_expr)]
    _DOTCARET	[reduce using rule 178 (temporal_expr)]
    _LEFTBRACKET	[reduce using rule 178 (temporal_expr)]
    $default	reduce using rule 178 (temporal_expr)



state 472

    timeinterval_expr  ->  _BAR . _LEFTBRACKET simple_expr _COMMA simple_expr timeval_leftclosed_end _BAR   (rule 170)
    timeinterval_expr  ->  _BAR . _LEFTPAREN simple_expr _COMMA simple_expr timeval_leftopen_end _BAR   (rule 171)

    _LEFTPAREN	shift, and go to state 144
    _LEFTBRACKET	shift, and go to state 145



state 473

    within_expr  ->  timeinterval_expr .   (rule 179)

    $default	reduce using rule 179 (within_expr)



state 474

    temporal_call  ->  _WITHIN within_expr .   (rule 164)

    $default	reduce using rule 164 (temporal_call)



state 475

    function_call  ->  function_name _LEFTPAREN expr_commalist _RIGHTPAREN temporal_call .   (rule 160)

    $default	reduce using rule 160 (function_call)



state 476

    create_function_stmt  ->  create_keyword _FUNCTION function_name argl_spec _ARROW . resl_spec fn_implementation   (rule 82)

    _ID 	shift, and go to state 160
    _LESS	shift, and go to state 527
    _LEFTPAREN	shift, and go to state 528
    _TYPE	shift, and go to state 21
    _FUNCTION	shift, and go to state 22
    _RULE	shift, and go to state 23
    _BAG	shift, and go to state 529
    _VECTOR	shift, and go to state 153

    type_name	go to state 441
    simple_type	go to state 162
    aggr_type	go to state 163
    arg_spec	go to state 530
    res_spec	go to state 531
    resl_spec	go to state 532
    tuple_result_spec	go to state 533



state 477

    timeval_expr  ->  _BAR _INTEGER_CONST _MINUS _INTEGER_CONST _MINUS _INTEGER_CONST . _DIVIDE _INTEGER_CONST _COLON _INTEGER_CONST _COLON _INTEGER_CONST _BAR   (rule 169)
    date_expr  ->  _BAR _INTEGER_CONST _MINUS _INTEGER_CONST _MINUS _INTEGER_CONST . _BAR   (rule 176)

    _DIVIDE	shift, and go to state 534
    _BAR	shift, and go to state 535



state 478

    time_expr  ->  _BAR _INTEGER_CONST _COLON _INTEGER_CONST _COLON _INTEGER_CONST . _BAR   (rule 177)

    _BAR	shift, and go to state 536



state 479

    timeval_leftopen_end  ->  _RIGHTPAREN .   (rule 175)

    $default	reduce using rule 175 (timeval_leftopen_end)



state 480

    timeval_leftopen_end  ->  _RIGHTBRACKET .   (rule 174)

    $default	reduce using rule 174 (timeval_leftopen_end)



state 481

    timeinterval_expr  ->  _BAR _LEFTPAREN simple_expr _COMMA simple_expr timeval_leftopen_end . _BAR   (rule 171)

    _BAR	shift, and go to state 537



state 482

    timeval_leftclosed_end  ->  _RIGHTPAREN .   (rule 173)

    $default	reduce using rule 173 (timeval_leftclosed_end)



state 483

    timeval_leftclosed_end  ->  _RIGHTBRACKET .   (rule 172)

    $default	reduce using rule 172 (timeval_leftclosed_end)



state 484

    timeinterval_expr  ->  _BAR _LEFTBRACKET simple_expr _COMMA simple_expr timeval_leftclosed_end . _BAR   (rule 170)

    _BAR	shift, and go to state 538



state 485

    block_body  ->  _DECLARE variable_declaration_commalist _SEMICOLON procedure_body_stmt_semicolonlist end_stmt .   (rule 331)

    $default	reduce using rule 331 (block_body)



state 486

    tuple_type  ->  _LESS type_name_commalist _GREATER .   (rule 38)

    $default	reduce using rule 38 (tuple_type)



state 487

    type_name_commalist  ->  type_name_commalist _COMMA . type_name   (rule 29)

    _ID 	shift, and go to state 160
    _TYPE	shift, and go to state 21
    _FUNCTION	shift, and go to state 22
    _RULE	shift, and go to state 23
    _BAG	shift, and go to state 152
    _VECTOR	shift, and go to state 153

    type_name	go to state 539
    simple_type	go to state 162
    aggr_type	go to state 163



state 488

    tuple_type  ->  _LEFTPAREN type_name_commalist _RIGHTPAREN .   (rule 39)

    $default	reduce using rule 39 (tuple_type)



state 489

    create_object_stmt  ->  _CREATE _ID _LEFTPAREN function_name_commalist _RIGHTPAREN new_instances .   (rule 124)

    $default	reduce using rule 124 (create_object_stmt)



state 490

    function_name_commalist  ->  function_name_commalist _COMMA function_name .   (rule 126)

    $default	reduce using rule 126 (function_name_commalist)



state 491

    initialize  ->  _LEFTPAREN expr_commalist _RIGHTPAREN .   (rule 129)

    $default	reduce using rule 129 (initialize)



state 492

    initialize  ->  gen_variable_name _LEFTPAREN expr_commalist . _RIGHTPAREN   (rule 130)
    expr_commalist  ->  expr_commalist . _COMMA simple_expr   (rule 231)

    _RIGHTPAREN	shift, and go to state 540
    _COMMA	shift, and go to state 256



state 493

    initialize_commalist  ->  initialize_commalist _COMMA initialize .   (rule 132)

    $default	reduce using rule 132 (initialize_commalist)



state 494

    id_commalist  ->  id_commalist . _COMMA _ID   (rule 11)
    create_type_stmt  ->  _CREATE _TYPE _ID _SUBTYPE _OF id_commalist . properties   (rule 43)

    _COMMA	shift, and go to state 495
    _PROPERTIES	shift, and go to state 378

    $default	reduce using rule 71 (properties)

    properties	go to state 541



state 495

    id_commalist  ->  id_commalist _COMMA . _ID   (rule 11)

    _ID 	shift, and go to state 542



state 496

    create_type_stmt  ->  _CREATE _TYPE _ID _UNDER id_commalist properties .   (rule 44)

    $default	reduce using rule 44 (create_type_stmt)



state 497

    key_spec  ->  _KEY .   (rule 74)

    $default	reduce using rule 74 (key_spec)



state 498

    key_spec  ->  _NONKEY .   (rule 75)

    $default	reduce using rule 75 (key_spec)



state 499

    prop_function  ->  key_spec . function_name res_spec fn_implementation   (rule 76)

    _ID 	shift, and go to state 180
    _TYPE	shift, and go to state 21
    _FUNCTION	shift, and go to state 22
    _RULE	shift, and go to state 23
    _BAG	shift, and go to state 152
    _VECTOR	shift, and go to state 153
    _IN 	shift, and go to state 49

    id_dotlist	go to state 55
    function_name	go to state 543
    simple_type	go to state 60



state 500

    prop_function_commalist  ->  prop_function .   (rule 77)

    $default	reduce using rule 77 (prop_function_commalist)



state 501

    properties  ->  _PROPERTIES _LEFTPAREN prop_function_commalist . _RIGHTPAREN   (rule 72)
    prop_function_commalist  ->  prop_function_commalist . _COMMA prop_function   (rule 78)

    _RIGHTPAREN	shift, and go to state 544
    _COMMA	shift, and go to state 545



state 502

    arg_spec  ->  type_name variable_name . key_spec   (rule 85)

    _KEY	shift, and go to state 497
    _NONKEY	shift, and go to state 498

    $default	reduce using rule 73 (key_spec)

    key_spec	go to state 546



state 503

    arg_spec  ->  type_name key_spec .   (rule 86)

    $default	reduce using rule 86 (arg_spec)



state 504

    argl_spec  ->  _LEFTPAREN arg_spec_commalist _RIGHTPAREN .   (rule 84)

    $default	reduce using rule 84 (argl_spec)



state 505

    arg_spec_commalist  ->  arg_spec_commalist _COMMA . arg_spec @2   (rule 89)

    _ID 	shift, and go to state 160
    _TYPE	shift, and go to state 21
    _FUNCTION	shift, and go to state 22
    _RULE	shift, and go to state 23
    _BAG	shift, and go to state 152
    _VECTOR	shift, and go to state 153

    type_name	go to state 441
    simple_type	go to state 162
    aggr_type	go to state 163
    arg_spec	go to state 547



state 506

    rule_implementation  ->  _AS _ON . event_specification _WHEN simple_expr _DO procedure_body_stmt   (rule 269)
    rule_implementation  ->  _AS _ON . event_specification _DO procedure_body_stmt   (rule 271)

    _LEFTPAREN	shift, and go to state 548
    _UPDATED	shift, and go to state 549
    _ADDED	shift, and go to state 550
    _REMOVED	shift, and go to state 551
    _CREATED	shift, and go to state 552
    _DELETED	shift, and go to state 553
    _ANDNOT	shift, and go to state 554

    simple_event	go to state 555
    composite_event	go to state 556
    event_specification	go to state 557



state 507

    rule_implementation  ->  _AS _WHEN . simple_expr _DO procedure_body_stmt   (rule 270)

    _INTEGER_CONST	shift, and go to state 2
    _REAL_CONST	shift, and go to state 3
    _BOOLEAN_CONST	shift, and go to state 4
    _STRING_CONST	shift, and go to state 5
    _ID 	shift, and go to state 117
    _IVAR	shift, and go to state 7
    _MINUS	shift, and go to state 8
    _LESS	shift, and go to state 118
    _LEFTPAREN	shift, and go to state 10
    _LEFTCURL	shift, and go to state 11
    _BAR	shift, and go to state 13
    _TYPE	shift, and go to state 21
    _FUNCTION	shift, and go to state 22
    _RULE	shift, and go to state 23
    _BAG	shift, and go to state 28
    _VECTOR	shift, and go to state 29
    _HASH	shift, and go to state 31
    _VSELECT	shift, and go to state 32
    _OIDTAG	shift, and go to state 47
    _CAST	shift, and go to state 48
    _IN 	shift, and go to state 49

    constant	go to state 53
    numeric_constant	go to state 54
    id_dotlist	go to state 55
    function_name	go to state 56
    variable_name	go to state 57
    interface_variable_name	go to state 58
    gen_variable_name	go to state 59
    simple_type	go to state 60
    function_call	go to state 71
    casting	go to state 72
    temporal_value	go to state 73
    timeval_expr	go to state 74
    timeinterval_expr	go to state 75
    date_expr	go to state 76
    time_expr	go to state 77
    simple_expr	go to state 558
    bag_value	go to state 79
    record_construction	go to state 80
    vector_construction	go to state 81
    vector_reference	go to state 82



state 508

    rule_implementation  ->  _AS for_each_clause . _ON event_specification _WHEN simple_expr _DO procedure_body_stmt   (rule 266)
    rule_implementation  ->  _AS for_each_clause . _WHEN simple_expr _DO procedure_body_stmt   (rule 267)
    rule_implementation  ->  _AS for_each_clause . _ON event_specification _DO procedure_body_stmt   (rule 268)

    _ON 	shift, and go to state 559
    _WHEN	shift, and go to state 560



state 509

    derived_subtypeof_clause  ->  _SUBTYPE _OF . variable_declaration_commalist derived_subtypeof_cond   (rule 47)

    _ID 	shift, and go to state 160
    _TYPE	shift, and go to state 21
    _FUNCTION	shift, and go to state 22
    _RULE	shift, and go to state 23
    _BAG	shift, and go to state 152
    _VECTOR	shift, and go to state 153

    type_name	go to state 266
    simple_type	go to state 162
    aggr_type	go to state 163
    variable_declaration	go to state 267
    variable_declaration_commalist	go to state 561



state 510

    derived_subtypeof_clause  ->  _UNDER variable_declaration_commalist . derived_subtypeof_cond   (rule 48)
    variable_declaration_commalist  ->  variable_declaration_commalist . _COMMA variable_declaration   (rule 149)

    _COMMA	shift, and go to state 362
    _WHERE	shift, and go to state 562
    _VALIDATE	shift, and go to state 563

    $default	reduce using rule 51 (validate_clause)

    derived_subtypeof_cond	go to state 564
    validate_clause	go to state 565



state 511

    derived_key_clause  ->  _KEY . variable_declaration_commalist   (rule 54)

    _ID 	shift, and go to state 160
    _TYPE	shift, and go to state 21
    _FUNCTION	shift, and go to state 22
    _RULE	shift, and go to state 23
    _BAG	shift, and go to state 152
    _VECTOR	shift, and go to state 153

    type_name	go to state 266
    simple_type	go to state 162
    aggr_type	go to state 163
    variable_declaration	go to state 267
    variable_declaration_commalist	go to state 566



state 512

    create_derived_type_stmt  ->  _CREATE _DERIVED _TYPE _ID derived_subtypeof_clause derived_key_clause . derived_supertypeof_clause properties   (rule 45)

    _SUPERTYPE	shift, and go to state 567

    $default	reduce using rule 55 (derived_supertypeof_clause)

    derived_supertypeof_clause	go to state 568



state 513

    simple_expr  ->  simple_expr . _DIVIDE simple_expr   (rule 209)
    simple_expr  ->  simple_expr . _CARET simple_expr   (rule 210)
    simple_expr  ->  simple_expr . _DOTCARET simple_expr   (rule 211)
    simple_expr  ->  simple_expr . _DOTDIVIDE simple_expr   (rule 212)
    simple_expr  ->  simple_expr . _TIMES simple_expr   (rule 213)
    simple_expr  ->  simple_expr . _DOTTIMES simple_expr   (rule 214)
    simple_expr  ->  simple_expr . _PLUS simple_expr   (rule 215)
    simple_expr  ->  simple_expr . _MINUS simple_expr   (rule 216)
    simple_expr  ->  simple_expr . _AND simple_expr   (rule 217)
    simple_expr  ->  simple_expr . _OR simple_expr   (rule 218)
    simple_expr  ->  simple_expr . _EQUAL simple_expr   (rule 219)
    simple_expr  ->  simple_expr . _LESSEQ simple_expr   (rule 220)
    simple_expr  ->  simple_expr . _LESS simple_expr   (rule 221)
    simple_expr  ->  simple_expr . _GREATEREQ simple_expr   (rule 222)
    simple_expr  ->  simple_expr . _GREATER simple_expr   (rule 223)
    simple_expr  ->  simple_expr . _UNEQUAL simple_expr   (rule 224)
    simple_expr  ->  simple_expr . _IN simple_expr   (rule 225)
    vector_reference  ->  simple_expr . _LEFTBRACKET simple_expr _RIGHTBRACKET   (rule 244)
    set_variable_stmt  ->  _SET _LEFTPAREN gen_variable_name_commalist _RIGHTPAREN _EQUAL simple_expr .   (rule 337)

    _PLUS	shift, and go to state 219
    _MINUS	shift, and go to state 220
    _TIMES	shift, and go to state 221
    _DIVIDE	shift, and go to state 222
    _DOTTIMES	shift, and go to state 223
    _DOTDIVIDE	shift, and go to state 224
    _CARET	shift, and go to state 225
    _DOTCARET	shift, and go to state 226
    _AND	shift, and go to state 227
    _OR 	shift, and go to state 228
    _EQUAL	shift, and go to state 229
    _LESS	shift, and go to state 230
    _GREATER	shift, and go to state 231
    _LESSEQ	shift, and go to state 232
    _GREATEREQ	shift, and go to state 233
    _UNEQUAL	shift, and go to state 234
    _LEFTBRACKET	shift, and go to state 235
    _IN 	shift, and go to state 236

    $default	reduce using rule 337 (set_variable_stmt)



state 514

    function_call0  ->  function_name _LEFTPAREN expr_commalist _RIGHTPAREN temporal_call .   (rule 155)

    $default	reduce using rule 155 (function_call0)



state 515

    update_stmt  ->  _ADD _TYPE _ID _LEFTPAREN function_name_commalist _RIGHTPAREN . _TO initialize_commalist   (rule 290)

    _TO 	shift, and go to state 569



state 516

    function_name_commalist  ->  function_name_commalist . _COMMA function_name   (rule 126)
    update_stmt  ->  _ADD _TYPE _ID _PROPERTIES _LEFTPAREN function_name_commalist . _RIGHTPAREN _TO initialize_commalist   (rule 291)

    _RIGHTPAREN	shift, and go to state 570
    _COMMA	shift, and go to state 432



state 517

    activation_props  ->  _PRIORITY . _INTEGER_CONST   (rule 277)
    activation_props  ->  _PRIORITY . _INTEGER_CONST _STRICT   (rule 279)

    _INTEGER_CONST	shift, and go to state 571



state 518

    activation_props  ->  _STRICT .   (rule 278)
    activation_props  ->  _STRICT . _PRIORITY _INTEGER_CONST   (rule 280)

    _PRIORITY	shift, and go to state 572

    $default	reduce using rule 278 (activation_props)



state 519

    activate_rule_stmt  ->  _ACTIVATE _RULE rule_name _LEFTPAREN _RIGHTPAREN activation_props .   (rule 274)

    $default	reduce using rule 274 (activate_rule_stmt)



state 520

    activate_rule_stmt  ->  _ACTIVATE _RULE rule_name _LEFTPAREN expr_commalist _RIGHTPAREN .   (rule 275)
    activate_rule_stmt  ->  _ACTIVATE _RULE rule_name _LEFTPAREN expr_commalist _RIGHTPAREN . activation_props   (rule 276)

    _PRIORITY	shift, and go to state 517
    _STRICT	shift, and go to state 518

    $default	reduce using rule 275 (activate_rule_stmt)

    activation_props	go to state 573



state 521

    deactivate_rule_stmt  ->  _DEACTIVATE _RULE rule_name _LEFTPAREN expr_commalist _RIGHTPAREN .   (rule 282)

    $default	reduce using rule 282 (deactivate_rule_stmt)



state 522

    select_stmt1  ->  _SELECT distinct_spec select_item_commalist into_clause for_each_clause where_clause .   (rule 137)

    $default	reduce using rule 137 (select_stmt1)



state 523

    for_each_stmt  ->  _FOR _EACH for_each_option for_each_vars where_clause procedure_body_stmt .   (rule 367)

    $default	reduce using rule 367 (for_each_stmt)



state 524

    function_call  ->  _VSELECT distinct_spec select_item_commalist into_clause for_each_clause where_clause .   (rule 161)

    $default	reduce using rule 161 (function_call)



state 525

    if_stmt  ->  _IF general_expr_test _THEN procedure_body_stmt _ELSE procedure_body_stmt .   (rule 362)

    $default	reduce using rule 362 (if_stmt)



state 526

    casting  ->  _CAST _LEFTPAREN simple_expr _AS type_name _RIGHTPAREN .   (rule 162)

    $default	reduce using rule 162 (casting)



state 527

    tuple_result_spec  ->  _LESS . arg_spec_commalist _GREATER   (rule 95)

    _ID 	shift, and go to state 160
    _TYPE	shift, and go to state 21
    _FUNCTION	shift, and go to state 22
    _RULE	shift, and go to state 23
    _BAG	shift, and go to state 152
    _VECTOR	shift, and go to state 153

    type_name	go to state 441
    simple_type	go to state 162
    aggr_type	go to state 163
    arg_spec	go to state 442
    arg_spec_commalist	go to state 574



state 528

    tuple_result_spec  ->  _LEFTPAREN . arg_spec_commalist _RIGHTPAREN   (rule 96)

    _ID 	shift, and go to state 160
    _TYPE	shift, and go to state 21
    _FUNCTION	shift, and go to state 22
    _RULE	shift, and go to state 23
    _BAG	shift, and go to state 152
    _VECTOR	shift, and go to state 153

    type_name	go to state 441
    simple_type	go to state 162
    aggr_type	go to state 163
    arg_spec	go to state 442
    arg_spec_commalist	go to state 575



state 529

    simple_type  ->  _BAG .   (rule 35)
    res_spec  ->  _BAG . _OF arg_spec   (rule 90)
    res_spec  ->  _BAG . _OF tuple_result_spec   (rule 91)

    _OF 	shift, and go to state 576

    _OF 	[reduce using rule 35 (simple_type)]
    $default	reduce using rule 35 (simple_type)



state 530

    res_spec  ->  arg_spec .   (rule 92)

    $default	reduce using rule 92 (res_spec)



state 531

    resl_spec  ->  res_spec .   (rule 93)

    $default	reduce using rule 93 (resl_spec)



state 532

    create_function_stmt  ->  create_keyword _FUNCTION function_name argl_spec _ARROW resl_spec . fn_implementation   (rule 82)

    _AS 	shift, and go to state 577

    $default	reduce using rule 97 (fn_implementation)

    fn_implementation	go to state 578



state 533

    resl_spec  ->  tuple_result_spec .   (rule 94)

    $default	reduce using rule 94 (resl_spec)



state 534

    timeval_expr  ->  _BAR _INTEGER_CONST _MINUS _INTEGER_CONST _MINUS _INTEGER_CONST _DIVIDE . _INTEGER_CONST _COLON _INTEGER_CONST _COLON _INTEGER_CONST _BAR   (rule 169)

    _INTEGER_CONST	shift, and go to state 579



state 535

    date_expr  ->  _BAR _INTEGER_CONST _MINUS _INTEGER_CONST _MINUS _INTEGER_CONST _BAR .   (rule 176)

    $default	reduce using rule 176 (date_expr)



state 536

    time_expr  ->  _BAR _INTEGER_CONST _COLON _INTEGER_CONST _COLON _INTEGER_CONST _BAR .   (rule 177)

    $default	reduce using rule 177 (time_expr)



state 537

    timeinterval_expr  ->  _BAR _LEFTPAREN simple_expr _COMMA simple_expr timeval_leftopen_end _BAR .   (rule 171)

    $default	reduce using rule 171 (timeinterval_expr)



state 538

    timeinterval_expr  ->  _BAR _LEFTBRACKET simple_expr _COMMA simple_expr timeval_leftclosed_end _BAR .   (rule 170)

    $default	reduce using rule 170 (timeinterval_expr)



state 539

    type_name_commalist  ->  type_name_commalist _COMMA type_name .   (rule 29)

    $default	reduce using rule 29 (type_name_commalist)



state 540

    initialize  ->  gen_variable_name _LEFTPAREN expr_commalist _RIGHTPAREN .   (rule 130)

    $default	reduce using rule 130 (initialize)



state 541

    create_type_stmt  ->  _CREATE _TYPE _ID _SUBTYPE _OF id_commalist properties .   (rule 43)

    $default	reduce using rule 43 (create_type_stmt)



state 542

    id_commalist  ->  id_commalist _COMMA _ID .   (rule 11)

    $default	reduce using rule 11 (id_commalist)



state 543

    prop_function  ->  key_spec function_name . res_spec fn_implementation   (rule 76)

    _ID 	shift, and go to state 160
    _TYPE	shift, and go to state 21
    _FUNCTION	shift, and go to state 22
    _RULE	shift, and go to state 23
    _BAG	shift, and go to state 529
    _VECTOR	shift, and go to state 153

    type_name	go to state 441
    simple_type	go to state 162
    aggr_type	go to state 163
    arg_spec	go to state 530
    res_spec	go to state 580



state 544

    properties  ->  _PROPERTIES _LEFTPAREN prop_function_commalist _RIGHTPAREN .   (rule 72)

    $default	reduce using rule 72 (properties)



state 545

    prop_function_commalist  ->  prop_function_commalist _COMMA . prop_function   (rule 78)

    _KEY	shift, and go to state 497
    _NONKEY	shift, and go to state 498

    $default	reduce using rule 73 (key_spec)

    key_spec	go to state 499
    prop_function	go to state 581



state 546

    arg_spec  ->  type_name variable_name key_spec .   (rule 85)

    $default	reduce using rule 85 (arg_spec)



state 547

    arg_spec_commalist  ->  arg_spec_commalist _COMMA arg_spec . @2   (rule 89)

    $default	reduce using rule 88 (@2)

    @2  	go to state 582



state 548

    composite_event  ->  _LEFTPAREN . composite_event _RIGHTPAREN   (rule 264)

    _LEFTPAREN	shift, and go to state 548
    _UPDATED	shift, and go to state 549
    _ADDED	shift, and go to state 550
    _REMOVED	shift, and go to state 551
    _CREATED	shift, and go to state 552
    _DELETED	shift, and go to state 553
    _ANDNOT	shift, and go to state 554

    simple_event	go to state 555
    composite_event	go to state 583



state 549

    simple_event  ->  _UPDATED . _LEFTPAREN event_function_call _RIGHTPAREN   (rule 249)

    _LEFTPAREN	shift, and go to state 584



state 550

    simple_event  ->  _ADDED . _LEFTPAREN event_function_call _RIGHTPAREN   (rule 250)

    _LEFTPAREN	shift, and go to state 585



state 551

    simple_event  ->  _REMOVED . _LEFTPAREN event_function_call _RIGHTPAREN   (rule 251)

    _LEFTPAREN	shift, and go to state 586



state 552

    simple_event  ->  _CREATED . _LEFTPAREN variable_name _RIGHTPAREN   (rule 252)

    _LEFTPAREN	shift, and go to state 587



state 553

    simple_event  ->  _DELETED . _LEFTPAREN variable_name _RIGHTPAREN   (rule 253)

    _LEFTPAREN	shift, and go to state 588



state 554

    composite_event  ->  _ANDNOT . composite_event   (rule 263)

    _LEFTPAREN	shift, and go to state 548
    _UPDATED	shift, and go to state 549
    _ADDED	shift, and go to state 550
    _REMOVED	shift, and go to state 551
    _CREATED	shift, and go to state 552
    _DELETED	shift, and go to state 553
    _ANDNOT	shift, and go to state 554

    simple_event	go to state 555
    composite_event	go to state 589



state 555

    composite_event  ->  simple_event .   (rule 258)

    $default	reduce using rule 258 (composite_event)



state 556

    composite_event  ->  composite_event . _AFTER composite_event   (rule 259)
    composite_event  ->  composite_event . _BEFORE composite_event   (rule 260)
    composite_event  ->  composite_event . _AND composite_event   (rule 261)
    composite_event  ->  composite_event . _OR composite_event   (rule 262)
    event_specification  ->  composite_event .   (rule 265)

    _AND	shift, and go to state 590
    _OR 	shift, and go to state 591
    _AFTER	shift, and go to state 592
    _BEFORE	shift, and go to state 593

    $default	reduce using rule 265 (event_specification)



state 557

    rule_implementation  ->  _AS _ON event_specification . _WHEN simple_expr _DO procedure_body_stmt   (rule 269)
    rule_implementation  ->  _AS _ON event_specification . _DO procedure_body_stmt   (rule 271)

    _WHEN	shift, and go to state 594
    _DO 	shift, and go to state 595



state 558

    simple_expr  ->  simple_expr . _DIVIDE simple_expr   (rule 209)
    simple_expr  ->  simple_expr . _CARET simple_expr   (rule 210)
    simple_expr  ->  simple_expr . _DOTCARET simple_expr   (rule 211)
    simple_expr  ->  simple_expr . _DOTDIVIDE simple_expr   (rule 212)
    simple_expr  ->  simple_expr . _TIMES simple_expr   (rule 213)
    simple_expr  ->  simple_expr . _DOTTIMES simple_expr   (rule 214)
    simple_expr  ->  simple_expr . _PLUS simple_expr   (rule 215)
    simple_expr  ->  simple_expr . _MINUS simple_expr   (rule 216)
    simple_expr  ->  simple_expr . _AND simple_expr   (rule 217)
    simple_expr  ->  simple_expr . _OR simple_expr   (rule 218)
    simple_expr  ->  simple_expr . _EQUAL simple_expr   (rule 219)
    simple_expr  ->  simple_expr . _LESSEQ simple_expr   (rule 220)
    simple_expr  ->  simple_expr . _LESS simple_expr   (rule 221)
    simple_expr  ->  simple_expr . _GREATEREQ simple_expr   (rule 222)
    simple_expr  ->  simple_expr . _GREATER simple_expr   (rule 223)
    simple_expr  ->  simple_expr . _UNEQUAL simple_expr   (rule 224)
    simple_expr  ->  simple_expr . _IN simple_expr   (rule 225)
    vector_reference  ->  simple_expr . _LEFTBRACKET simple_expr _RIGHTBRACKET   (rule 244)
    rule_implementation  ->  _AS _WHEN simple_expr . _DO procedure_body_stmt   (rule 270)

    _PLUS	shift, and go to state 219
    _MINUS	shift, and go to state 220
    _TIMES	shift, and go to state 221
    _DIVIDE	shift, and go to state 222
    _DOTTIMES	shift, and go to state 223
    _DOTDIVIDE	shift, and go to state 224
    _CARET	shift, and go to state 225
    _DOTCARET	shift, and go to state 226
    _AND	shift, and go to state 227
    _OR 	shift, and go to state 228
    _EQUAL	shift, and go to state 229
    _LESS	shift, and go to state 230
    _GREATER	shift, and go to state 231
    _LESSEQ	shift, and go to state 232
    _GREATEREQ	shift, and go to state 233
    _UNEQUAL	shift, and go to state 234
    _LEFTBRACKET	shift, and go to state 235
    _DO 	shift, and go to state 596
    _IN 	shift, and go to state 236



state 559

    rule_implementation  ->  _AS for_each_clause _ON . event_specification _WHEN simple_expr _DO procedure_body_stmt   (rule 266)
    rule_implementation  ->  _AS for_each_clause _ON . event_specification _DO procedure_body_stmt   (rule 268)

    _LEFTPAREN	shift, and go to state 548
    _UPDATED	shift, and go to state 549
    _ADDED	shift, and go to state 550
    _REMOVED	shift, and go to state 551
    _CREATED	shift, and go to state 552
    _DELETED	shift, and go to state 553
    _ANDNOT	shift, and go to state 554

    simple_event	go to state 555
    composite_event	go to state 556
    event_specification	go to state 597



state 560

    rule_implementation  ->  _AS for_each_clause _WHEN . simple_expr _DO procedure_body_stmt   (rule 267)

    _INTEGER_CONST	shift, and go to state 2
    _REAL_CONST	shift, and go to state 3
    _BOOLEAN_CONST	shift, and go to state 4
    _STRING_CONST	shift, and go to state 5
    _ID 	shift, and go to state 117
    _IVAR	shift, and go to state 7
    _MINUS	shift, and go to state 8
    _LESS	shift, and go to state 118
    _LEFTPAREN	shift, and go to state 10
    _LEFTCURL	shift, and go to state 11
    _BAR	shift, and go to state 13
    _TYPE	shift, and go to state 21
    _FUNCTION	shift, and go to state 22
    _RULE	shift, and go to state 23
    _BAG	shift, and go to state 28
    _VECTOR	shift, and go to state 29
    _HASH	shift, and go to state 31
    _VSELECT	shift, and go to state 32
    _OIDTAG	shift, and go to state 47
    _CAST	shift, and go to state 48
    _IN 	shift, and go to state 49

    constant	go to state 53
    numeric_constant	go to state 54
    id_dotlist	go to state 55
    function_name	go to state 56
    variable_name	go to state 57
    interface_variable_name	go to state 58
    gen_variable_name	go to state 59
    simple_type	go to state 60
    function_call	go to state 71
    casting	go to state 72
    temporal_value	go to state 73
    timeval_expr	go to state 74
    timeinterval_expr	go to state 75
    date_expr	go to state 76
    time_expr	go to state 77
    simple_expr	go to state 598
    bag_value	go to state 79
    record_construction	go to state 80
    vector_construction	go to state 81
    vector_reference	go to state 82



state 561

    derived_subtypeof_clause  ->  _SUBTYPE _OF variable_declaration_commalist . derived_subtypeof_cond   (rule 47)
    variable_declaration_commalist  ->  variable_declaration_commalist . _COMMA variable_declaration   (rule 149)

    _COMMA	shift, and go to state 362
    _WHERE	shift, and go to state 562
    _VALIDATE	shift, and go to state 563

    $default	reduce using rule 51 (validate_clause)

    derived_subtypeof_cond	go to state 599
    validate_clause	go to state 565



state 562

    derived_subtypeof_cond  ->  _WHERE . simple_expr validate_clause   (rule 49)

    _INTEGER_CONST	shift, and go to state 2
    _REAL_CONST	shift, and go to state 3
    _BOOLEAN_CONST	shift, and go to state 4
    _STRING_CONST	shift, and go to state 5
    _ID 	shift, and go to state 117
    _IVAR	shift, and go to state 7
    _MINUS	shift, and go to state 8
    _LESS	shift, and go to state 118
    _LEFTPAREN	shift, and go to state 10
    _LEFTCURL	shift, and go to state 11
    _BAR	shift, and go to state 13
    _TYPE	shift, and go to state 21
    _FUNCTION	shift, and go to state 22
    _RULE	shift, and go to state 23
    _BAG	shift, and go to state 28
    _VECTOR	shift, and go to state 29
    _HASH	shift, and go to state 31
    _VSELECT	shift, and go to state 32
    _OIDTAG	shift, and go to state 47
    _CAST	shift, and go to state 48
    _IN 	shift, and go to state 49

    constant	go to state 53
    numeric_constant	go to state 54
    id_dotlist	go to state 55
    function_name	go to state 56
    variable_name	go to state 57
    interface_variable_name	go to state 58
    gen_variable_name	go to state 59
    simple_type	go to state 60
    function_call	go to state 71
    casting	go to state 72
    temporal_value	go to state 73
    timeval_expr	go to state 74
    timeinterval_expr	go to state 75
    date_expr	go to state 76
    time_expr	go to state 77
    simple_expr	go to state 600
    bag_value	go to state 79
    record_construction	go to state 80
    vector_construction	go to state 81
    vector_reference	go to state 82



state 563

    validate_clause  ->  _VALIDATE . simple_expr   (rule 52)

    _INTEGER_CONST	shift, and go to state 2
    _REAL_CONST	shift, and go to state 3
    _BOOLEAN_CONST	shift, and go to state 4
    _STRING_CONST	shift, and go to state 5
    _ID 	shift, and go to state 117
    _IVAR	shift, and go to state 7
    _MINUS	shift, and go to state 8
    _LESS	shift, and go to state 118
    _LEFTPAREN	shift, and go to state 10
    _LEFTCURL	shift, and go to state 11
    _BAR	shift, and go to state 13
    _TYPE	shift, and go to state 21
    _FUNCTION	shift, and go to state 22
    _RULE	shift, and go to state 23
    _BAG	shift, and go to state 28
    _VECTOR	shift, and go to state 29
    _HASH	shift, and go to state 31
    _VSELECT	shift, and go to state 32
    _OIDTAG	shift, and go to state 47
    _CAST	shift, and go to state 48
    _IN 	shift, and go to state 49

    constant	go to state 53
    numeric_constant	go to state 54
    id_dotlist	go to state 55
    function_name	go to state 56
    variable_name	go to state 57
    interface_variable_name	go to state 58
    gen_variable_name	go to state 59
    simple_type	go to state 60
    function_call	go to state 71
    casting	go to state 72
    temporal_value	go to state 73
    timeval_expr	go to state 74
    timeinterval_expr	go to state 75
    date_expr	go to state 76
    time_expr	go to state 77
    simple_expr	go to state 601
    bag_value	go to state 79
    record_construction	go to state 80
    vector_construction	go to state 81
    vector_reference	go to state 82



state 564

    derived_subtypeof_clause  ->  _UNDER variable_declaration_commalist derived_subtypeof_cond .   (rule 48)

    $default	reduce using rule 48 (derived_subtypeof_clause)



state 565

    derived_subtypeof_cond  ->  validate_clause .   (rule 50)

    $default	reduce using rule 50 (derived_subtypeof_cond)



state 566

    derived_key_clause  ->  _KEY variable_declaration_commalist .   (rule 54)
    variable_declaration_commalist  ->  variable_declaration_commalist . _COMMA variable_declaration   (rule 149)

    _COMMA	shift, and go to state 362

    $default	reduce using rule 54 (derived_key_clause)



state 567

    derived_supertypeof_clause  ->  _SUPERTYPE . _OF st_list functions_clause   (rule 56)

    _OF 	shift, and go to state 602



state 568

    create_derived_type_stmt  ->  _CREATE _DERIVED _TYPE _ID derived_subtypeof_clause derived_key_clause derived_supertypeof_clause . properties   (rule 45)

    _PROPERTIES	shift, and go to state 378

    $default	reduce using rule 71 (properties)

    properties	go to state 603



state 569

    update_stmt  ->  _ADD _TYPE _ID _LEFTPAREN function_name_commalist _RIGHTPAREN _TO . initialize_commalist   (rule 290)

    _ID 	shift, and go to state 170
    _IVAR	shift, and go to state 7
    _LEFTPAREN	shift, and go to state 372

    variable_name	go to state 57
    interface_variable_name	go to state 58
    gen_variable_name	go to state 373
    initialize	go to state 374
    initialize_commalist	go to state 604



state 570

    update_stmt  ->  _ADD _TYPE _ID _PROPERTIES _LEFTPAREN function_name_commalist _RIGHTPAREN . _TO initialize_commalist   (rule 291)

    _TO 	shift, and go to state 605



state 571

    activation_props  ->  _PRIORITY _INTEGER_CONST .   (rule 277)
    activation_props  ->  _PRIORITY _INTEGER_CONST . _STRICT   (rule 279)

    _STRICT	shift, and go to state 606

    $default	reduce using rule 277 (activation_props)



state 572

    activation_props  ->  _STRICT _PRIORITY . _INTEGER_CONST   (rule 280)

    _INTEGER_CONST	shift, and go to state 607



state 573

    activate_rule_stmt  ->  _ACTIVATE _RULE rule_name _LEFTPAREN expr_commalist _RIGHTPAREN activation_props .   (rule 276)

    $default	reduce using rule 276 (activate_rule_stmt)



state 574

    arg_spec_commalist  ->  arg_spec_commalist . _COMMA arg_spec @2   (rule 89)
    tuple_result_spec  ->  _LESS arg_spec_commalist . _GREATER   (rule 95)

    _GREATER	shift, and go to state 608
    _COMMA	shift, and go to state 505



state 575

    arg_spec_commalist  ->  arg_spec_commalist . _COMMA arg_spec @2   (rule 89)
    tuple_result_spec  ->  _LEFTPAREN arg_spec_commalist . _RIGHTPAREN   (rule 96)

    _RIGHTPAREN	shift, and go to state 609
    _COMMA	shift, and go to state 505



state 576

    res_spec  ->  _BAG _OF . arg_spec   (rule 90)
    res_spec  ->  _BAG _OF . tuple_result_spec   (rule 91)

    _ID 	shift, and go to state 160
    _LESS	shift, and go to state 527
    _LEFTPAREN	shift, and go to state 528
    _TYPE	shift, and go to state 21
    _FUNCTION	shift, and go to state 22
    _RULE	shift, and go to state 23
    _BAG	shift, and go to state 152
    _VECTOR	shift, and go to state 153

    type_name	go to state 441
    simple_type	go to state 162
    aggr_type	go to state 163
    arg_spec	go to state 610
    tuple_result_spec	go to state 611



state 577

    fn_implementation  ->  _AS . _STORED   (rule 98)
    fn_implementation  ->  _AS . simple_expr   (rule 99)
    fn_implementation  ->  _AS . select_stmt   (rule 100)
    fn_implementation  ->  _AS . procedure_stmt1   (rule 101)
    fn_implementation  ->  _AS . foreign_body   (rule 102)

    _INTEGER_CONST	shift, and go to state 2
    _REAL_CONST	shift, and go to state 3
    _BOOLEAN_CONST	shift, and go to state 4
    _STRING_CONST	shift, and go to state 5
    _ID 	shift, and go to state 6
    _IVAR	shift, and go to state 7
    _MINUS	shift, and go to state 8
    _LESS	shift, and go to state 118
    _LEFTPAREN	shift, and go to state 10
    _LEFTCURL	shift, and go to state 11
    _BAR	shift, and go to state 13
    _BEGIN	shift, and go to state 14
    _CREATE	shift, and go to state 150
    _DELETE	shift, and go to state 151
    _SET	shift, and go to state 18
    _ADD	shift, and go to state 19
    _REMOVE	shift, and go to state 20
    _STORED	shift, and go to state 612
    _FOREIGN	shift, and go to state 613
    _TYPE	shift, and go to state 21
    _FUNCTION	shift, and go to state 22
    _RULE	shift, and go to state 23
    _ACTIVATE	shift, and go to state 24
    _DEACTIVATE	shift, and go to state 25
    _MULTIDIRECTIONAL	shift, and go to state 614
    _SELECT	shift, and go to state 26
    _FOR	shift, and go to state 27
    _BAG	shift, and go to state 28
    _VECTOR	shift, and go to state 29
    _RETURN	shift, and go to state 30
    _HASH	shift, and go to state 31
    _VSELECT	shift, and go to state 32
    _IF 	shift, and go to state 33
    _OPEN	shift, and go to state 34
    _CLOSE	shift, and go to state 35
    _FETCH	shift, and go to state 36
    _COMMIT	shift, and go to state 41
    _ROLLBACK	shift, and go to state 42
    _AT 	shift, and go to state 46
    _OIDTAG	shift, and go to state 47
    _CAST	shift, and go to state 48
    _IN 	shift, and go to state 49
    _LOOP	shift, and go to state 50
    _WHILE	shift, and go to state 51
    _LEAVE	shift, and go to state 52

    constant	go to state 53
    numeric_constant	go to state 54
    id_dotlist	go to state 55
    function_name	go to state 56
    variable_name	go to state 57
    interface_variable_name	go to state 58
    gen_variable_name	go to state 59
    simple_type	go to state 60
    foreign_body	go to state 615
    create_object_stmt	go to state 67
    delete_object_stmt	go to state 68
    select_stmt	go to state 616
    select_stmt1	go to state 70
    function_call	go to state 71
    casting	go to state 72
    temporal_value	go to state 73
    timeval_expr	go to state 74
    timeinterval_expr	go to state 75
    date_expr	go to state 76
    time_expr	go to state 77
    simple_expr	go to state 617
    bag_value	go to state 79
    record_construction	go to state 80
    vector_construction	go to state 81
    vector_reference	go to state 82
    activate_rule_stmt	go to state 85
    deactivate_rule_stmt	go to state 86
    open_cursor_stmt	go to state 87
    fetch_cursor_stmt	go to state 88
    close_cursor_stmt	go to state 89
    update_stmt	go to state 90
    block	go to state 95
    set_variable_stmt	go to state 96
    procedure_stmt1	go to state 618
    while_stmt	go to state 99
    loop_stmt	go to state 100
    if_stmt	go to state 101
    result_stmt	go to state 102
    for_each_stmt	go to state 103
    commit_stmt	go to state 108
    rollback_stmt	go to state 109



state 578

    create_function_stmt  ->  create_keyword _FUNCTION function_name argl_spec _ARROW resl_spec fn_implementation .   (rule 82)

    $default	reduce using rule 82 (create_function_stmt)



state 579

    timeval_expr  ->  _BAR _INTEGER_CONST _MINUS _INTEGER_CONST _MINUS _INTEGER_CONST _DIVIDE _INTEGER_CONST . _COLON _INTEGER_CONST _COLON _INTEGER_CONST _BAR   (rule 169)

    _COLON	shift, and go to state 619



state 580

    prop_function  ->  key_spec function_name res_spec . fn_implementation   (rule 76)

    _AS 	shift, and go to state 577

    $default	reduce using rule 97 (fn_implementation)

    fn_implementation	go to state 620



state 581

    prop_function_commalist  ->  prop_function_commalist _COMMA prop_function .   (rule 78)

    $default	reduce using rule 78 (prop_function_commalist)



state 582

    arg_spec_commalist  ->  arg_spec_commalist _COMMA arg_spec @2 .   (rule 89)

    $default	reduce using rule 89 (arg_spec_commalist)



state 583

    composite_event  ->  composite_event . _AFTER composite_event   (rule 259)
    composite_event  ->  composite_event . _BEFORE composite_event   (rule 260)
    composite_event  ->  composite_event . _AND composite_event   (rule 261)
    composite_event  ->  composite_event . _OR composite_event   (rule 262)
    composite_event  ->  _LEFTPAREN composite_event . _RIGHTPAREN   (rule 264)

    _AND	shift, and go to state 590
    _OR 	shift, and go to state 591
    _RIGHTPAREN	shift, and go to state 621
    _AFTER	shift, and go to state 592
    _BEFORE	shift, and go to state 593



state 584

    simple_event  ->  _UPDATED _LEFTPAREN . event_function_call _RIGHTPAREN   (rule 249)

    _ID 	shift, and go to state 180
    _TYPE	shift, and go to state 21
    _FUNCTION	shift, and go to state 22
    _RULE	shift, and go to state 23
    _BAG	shift, and go to state 152
    _VECTOR	shift, and go to state 153
    _IN 	shift, and go to state 49

    id_dotlist	go to state 55
    function_name	go to state 622
    simple_type	go to state 60
    event_function_call	go to state 623



state 585

    simple_event  ->  _ADDED _LEFTPAREN . event_function_call _RIGHTPAREN   (rule 250)

    _ID 	shift, and go to state 180
    _TYPE	shift, and go to state 21
    _FUNCTION	shift, and go to state 22
    _RULE	shift, and go to state 23
    _BAG	shift, and go to state 152
    _VECTOR	shift, and go to state 153
    _IN 	shift, and go to state 49

    id_dotlist	go to state 55
    function_name	go to state 622
    simple_type	go to state 60
    event_function_call	go to state 624



state 586

    simple_event  ->  _REMOVED _LEFTPAREN . event_function_call _RIGHTPAREN   (rule 251)

    _ID 	shift, and go to state 180
    _TYPE	shift, and go to state 21
    _FUNCTION	shift, and go to state 22
    _RULE	shift, and go to state 23
    _BAG	shift, and go to state 152
    _VECTOR	shift, and go to state 153
    _IN 	shift, and go to state 49

    id_dotlist	go to state 55
    function_name	go to state 622
    simple_type	go to state 60
    event_function_call	go to state 625



state 587

    simple_event  ->  _CREATED _LEFTPAREN . variable_name _RIGHTPAREN   (rule 252)

    _ID 	shift, and go to state 170

    variable_name	go to state 626



state 588

    simple_event  ->  _DELETED _LEFTPAREN . variable_name _RIGHTPAREN   (rule 253)

    _ID 	shift, and go to state 170

    variable_name	go to state 627



state 589

    composite_event  ->  composite_event . _AFTER composite_event   (rule 259)
    composite_event  ->  composite_event . _BEFORE composite_event   (rule 260)
    composite_event  ->  composite_event . _AND composite_event   (rule 261)
    composite_event  ->  composite_event . _OR composite_event   (rule 262)
    composite_event  ->  _ANDNOT composite_event .   (rule 263)

    _AFTER	shift, and go to state 592
    _BEFORE	shift, and go to state 593

    $default	reduce using rule 263 (composite_event)



state 590

    composite_event  ->  composite_event _AND . composite_event   (rule 261)

    _LEFTPAREN	shift, and go to state 548
    _UPDATED	shift, and go to state 549
    _ADDED	shift, and go to state 550
    _REMOVED	shift, and go to state 551
    _CREATED	shift, and go to state 552
    _DELETED	shift, and go to state 553
    _ANDNOT	shift, and go to state 554

    simple_event	go to state 555
    composite_event	go to state 628



state 591

    composite_event  ->  composite_event _OR . composite_event   (rule 262)

    _LEFTPAREN	shift, and go to state 548
    _UPDATED	shift, and go to state 549
    _ADDED	shift, and go to state 550
    _REMOVED	shift, and go to state 551
    _CREATED	shift, and go to state 552
    _DELETED	shift, and go to state 553
    _ANDNOT	shift, and go to state 554

    simple_event	go to state 555
    composite_event	go to state 629



state 592

    composite_event  ->  composite_event _AFTER . composite_event   (rule 259)

    _LEFTPAREN	shift, and go to state 548
    _UPDATED	shift, and go to state 549
    _ADDED	shift, and go to state 550
    _REMOVED	shift, and go to state 551
    _CREATED	shift, and go to state 552
    _DELETED	shift, and go to state 553
    _ANDNOT	shift, and go to state 554

    simple_event	go to state 555
    composite_event	go to state 630



state 593

    composite_event  ->  composite_event _BEFORE . composite_event   (rule 260)

    _LEFTPAREN	shift, and go to state 548
    _UPDATED	shift, and go to state 549
    _ADDED	shift, and go to state 550
    _REMOVED	shift, and go to state 551
    _CREATED	shift, and go to state 552
    _DELETED	shift, and go to state 553
    _ANDNOT	shift, and go to state 554

    simple_event	go to state 555
    composite_event	go to state 631



state 594

    rule_implementation  ->  _AS _ON event_specification _WHEN . simple_expr _DO procedure_body_stmt   (rule 269)

    _INTEGER_CONST	shift, and go to state 2
    _REAL_CONST	shift, and go to state 3
    _BOOLEAN_CONST	shift, and go to state 4
    _STRING_CONST	shift, and go to state 5
    _ID 	shift, and go to state 117
    _IVAR	shift, and go to state 7
    _MINUS	shift, and go to state 8
    _LESS	shift, and go to state 118
    _LEFTPAREN	shift, and go to state 10
    _LEFTCURL	shift, and go to state 11
    _BAR	shift, and go to state 13
    _TYPE	shift, and go to state 21
    _FUNCTION	shift, and go to state 22
    _RULE	shift, and go to state 23
    _BAG	shift, and go to state 28
    _VECTOR	shift, and go to state 29
    _HASH	shift, and go to state 31
    _VSELECT	shift, and go to state 32
    _OIDTAG	shift, and go to state 47
    _CAST	shift, and go to state 48
    _IN 	shift, and go to state 49

    constant	go to state 53
    numeric_constant	go to state 54
    id_dotlist	go to state 55
    function_name	go to state 56
    variable_name	go to state 57
    interface_variable_name	go to state 58
    gen_variable_name	go to state 59
    simple_type	go to state 60
    function_call	go to state 71
    casting	go to state 72
    temporal_value	go to state 73
    timeval_expr	go to state 74
    timeinterval_expr	go to state 75
    date_expr	go to state 76
    time_expr	go to state 77
    simple_expr	go to state 632
    bag_value	go to state 79
    record_construction	go to state 80
    vector_construction	go to state 81
    vector_reference	go to state 82



state 595

    rule_implementation  ->  _AS _ON event_specification _DO . procedure_body_stmt   (rule 271)

    _ID 	shift, and go to state 146
    _BEGIN	shift, and go to state 14
    _CREATE	shift, and go to state 150
    _DELETE	shift, and go to state 151
    _SET	shift, and go to state 18
    _ADD	shift, and go to state 19
    _REMOVE	shift, and go to state 20
    _TYPE	shift, and go to state 21
    _FUNCTION	shift, and go to state 22
    _RULE	shift, and go to state 23
    _ACTIVATE	shift, and go to state 24
    _DEACTIVATE	shift, and go to state 25
    _SELECT	shift, and go to state 26
    _FOR	shift, and go to state 27
    _BAG	shift, and go to state 152
    _VECTOR	shift, and go to state 153
    _RETURN	shift, and go to state 30
    _VSELECT	shift, and go to state 32
    _IF 	shift, and go to state 33
    _OPEN	shift, and go to state 34
    _CLOSE	shift, and go to state 35
    _FETCH	shift, and go to state 36
    _COMMIT	shift, and go to state 41
    _ROLLBACK	shift, and go to state 42
    _AT 	shift, and go to state 46
    _IN 	shift, and go to state 49
    _LOOP	shift, and go to state 50
    _WHILE	shift, and go to state 51
    _LEAVE	shift, and go to state 52

    id_dotlist	go to state 55
    function_name	go to state 56
    simple_type	go to state 60
    create_object_stmt	go to state 67
    delete_object_stmt	go to state 68
    select_stmt	go to state 69
    select_stmt1	go to state 70
    function_call	go to state 154
    activate_rule_stmt	go to state 85
    deactivate_rule_stmt	go to state 86
    open_cursor_stmt	go to state 87
    fetch_cursor_stmt	go to state 88
    close_cursor_stmt	go to state 89
    update_stmt	go to state 90
    procedure_body_stmt	go to state 633
    block	go to state 95
    set_variable_stmt	go to state 96
    procedure_stmt	go to state 159
    procedure_stmt1	go to state 98
    while_stmt	go to state 99
    loop_stmt	go to state 100
    if_stmt	go to state 101
    result_stmt	go to state 102
    for_each_stmt	go to state 103
    commit_stmt	go to state 108
    rollback_stmt	go to state 109



state 596

    rule_implementation  ->  _AS _WHEN simple_expr _DO . procedure_body_stmt   (rule 270)

    _ID 	shift, and go to state 146
    _BEGIN	shift, and go to state 14
    _CREATE	shift, and go to state 150
    _DELETE	shift, and go to state 151
    _SET	shift, and go to state 18
    _ADD	shift, and go to state 19
    _REMOVE	shift, and go to state 20
    _TYPE	shift, and go to state 21
    _FUNCTION	shift, and go to state 22
    _RULE	shift, and go to state 23
    _ACTIVATE	shift, and go to state 24
    _DEACTIVATE	shift, and go to state 25
    _SELECT	shift, and go to state 26
    _FOR	shift, and go to state 27
    _BAG	shift, and go to state 152
    _VECTOR	shift, and go to state 153
    _RETURN	shift, and go to state 30
    _VSELECT	shift, and go to state 32
    _IF 	shift, and go to state 33
    _OPEN	shift, and go to state 34
    _CLOSE	shift, and go to state 35
    _FETCH	shift, and go to state 36
    _COMMIT	shift, and go to state 41
    _ROLLBACK	shift, and go to state 42
    _AT 	shift, and go to state 46
    _IN 	shift, and go to state 49
    _LOOP	shift, and go to state 50
    _WHILE	shift, and go to state 51
    _LEAVE	shift, and go to state 52

    id_dotlist	go to state 55
    function_name	go to state 56
    simple_type	go to state 60
    create_object_stmt	go to state 67
    delete_object_stmt	go to state 68
    select_stmt	go to state 69
    select_stmt1	go to state 70
    function_call	go to state 154
    activate_rule_stmt	go to state 85
    deactivate_rule_stmt	go to state 86
    open_cursor_stmt	go to state 87
    fetch_cursor_stmt	go to state 88
    close_cursor_stmt	go to state 89
    update_stmt	go to state 90
    procedure_body_stmt	go to state 634
    block	go to state 95
    set_variable_stmt	go to state 96
    procedure_stmt	go to state 159
    procedure_stmt1	go to state 98
    while_stmt	go to state 99
    loop_stmt	go to state 100
    if_stmt	go to state 101
    result_stmt	go to state 102
    for_each_stmt	go to state 103
    commit_stmt	go to state 108
    rollback_stmt	go to state 109



state 597

    rule_implementation  ->  _AS for_each_clause _ON event_specification . _WHEN simple_expr _DO procedure_body_stmt   (rule 266)
    rule_implementation  ->  _AS for_each_clause _ON event_specification . _DO procedure_body_stmt   (rule 268)

    _WHEN	shift, and go to state 635
    _DO 	shift, and go to state 636



state 598

    simple_expr  ->  simple_expr . _DIVIDE simple_expr   (rule 209)
    simple_expr  ->  simple_expr . _CARET simple_expr   (rule 210)
    simple_expr  ->  simple_expr . _DOTCARET simple_expr   (rule 211)
    simple_expr  ->  simple_expr . _DOTDIVIDE simple_expr   (rule 212)
    simple_expr  ->  simple_expr . _TIMES simple_expr   (rule 213)
    simple_expr  ->  simple_expr . _DOTTIMES simple_expr   (rule 214)
    simple_expr  ->  simple_expr . _PLUS simple_expr   (rule 215)
    simple_expr  ->  simple_expr . _MINUS simple_expr   (rule 216)
    simple_expr  ->  simple_expr . _AND simple_expr   (rule 217)
    simple_expr  ->  simple_expr . _OR simple_expr   (rule 218)
    simple_expr  ->  simple_expr . _EQUAL simple_expr   (rule 219)
    simple_expr  ->  simple_expr . _LESSEQ simple_expr   (rule 220)
    simple_expr  ->  simple_expr . _LESS simple_expr   (rule 221)
    simple_expr  ->  simple_expr . _GREATEREQ simple_expr   (rule 222)
    simple_expr  ->  simple_expr . _GREATER simple_expr   (rule 223)
    simple_expr  ->  simple_expr . _UNEQUAL simple_expr   (rule 224)
    simple_expr  ->  simple_expr . _IN simple_expr   (rule 225)
    vector_reference  ->  simple_expr . _LEFTBRACKET simple_expr _RIGHTBRACKET   (rule 244)
    rule_implementation  ->  _AS for_each_clause _WHEN simple_expr . _DO procedure_body_stmt   (rule 267)

    _PLUS	shift, and go to state 219
    _MINUS	shift, and go to state 220
    _TIMES	shift, and go to state 221
    _DIVIDE	shift, and go to state 222
    _DOTTIMES	shift, and go to state 223
    _DOTDIVIDE	shift, and go to state 224
    _CARET	shift, and go to state 225
    _DOTCARET	shift, and go to state 226
    _AND	shift, and go to state 227
    _OR 	shift, and go to state 228
    _EQUAL	shift, and go to state 229
    _LESS	shift, and go to state 230
    _GREATER	shift, and go to state 231
    _LESSEQ	shift, and go to state 232
    _GREATEREQ	shift, and go to state 233
    _UNEQUAL	shift, and go to state 234
    _LEFTBRACKET	shift, and go to state 235
    _DO 	shift, and go to state 637
    _IN 	shift, and go to state 236



state 599

    derived_subtypeof_clause  ->  _SUBTYPE _OF variable_declaration_commalist derived_subtypeof_cond .   (rule 47)

    $default	reduce using rule 47 (derived_subtypeof_clause)



state 600

    derived_subtypeof_cond  ->  _WHERE simple_expr . validate_clause   (rule 49)
    simple_expr  ->  simple_expr . _DIVIDE simple_expr   (rule 209)
    simple_expr  ->  simple_expr . _CARET simple_expr   (rule 210)
    simple_expr  ->  simple_expr . _DOTCARET simple_expr   (rule 211)
    simple_expr  ->  simple_expr . _DOTDIVIDE simple_expr   (rule 212)
    simple_expr  ->  simple_expr . _TIMES simple_expr   (rule 213)
    simple_expr  ->  simple_expr . _DOTTIMES simple_expr   (rule 214)
    simple_expr  ->  simple_expr . _PLUS simple_expr   (rule 215)
    simple_expr  ->  simple_expr . _MINUS simple_expr   (rule 216)
    simple_expr  ->  simple_expr . _AND simple_expr   (rule 217)
    simple_expr  ->  simple_expr . _OR simple_expr   (rule 218)
    simple_expr  ->  simple_expr . _EQUAL simple_expr   (rule 219)
    simple_expr  ->  simple_expr . _LESSEQ simple_expr   (rule 220)
    simple_expr  ->  simple_expr . _LESS simple_expr   (rule 221)
    simple_expr  ->  simple_expr . _GREATEREQ simple_expr   (rule 222)
    simple_expr  ->  simple_expr . _GREATER simple_expr   (rule 223)
    simple_expr  ->  simple_expr . _UNEQUAL simple_expr   (rule 224)
    simple_expr  ->  simple_expr . _IN simple_expr   (rule 225)
    vector_reference  ->  simple_expr . _LEFTBRACKET simple_expr _RIGHTBRACKET   (rule 244)

    _PLUS	shift, and go to state 219
    _MINUS	shift, and go to state 220
    _TIMES	shift, and go to state 221
    _DIVIDE	shift, and go to state 222
    _DOTTIMES	shift, and go to state 223
    _DOTDIVIDE	shift, and go to state 224
    _CARET	shift, and go to state 225
    _DOTCARET	shift, and go to state 226
    _AND	shift, and go to state 227
    _OR 	shift, and go to state 228
    _EQUAL	shift, and go to state 229
    _LESS	shift, and go to state 230
    _GREATER	shift, and go to state 231
    _LESSEQ	shift, and go to state 232
    _GREATEREQ	shift, and go to state 233
    _UNEQUAL	shift, and go to state 234
    _LEFTBRACKET	shift, and go to state 235
    _VALIDATE	shift, and go to state 563
    _IN 	shift, and go to state 236

    $default	reduce using rule 51 (validate_clause)

    validate_clause	go to state 638



state 601

    validate_clause  ->  _VALIDATE simple_expr .   (rule 52)
    simple_expr  ->  simple_expr . _DIVIDE simple_expr   (rule 209)
    simple_expr  ->  simple_expr . _CARET simple_expr   (rule 210)
    simple_expr  ->  simple_expr . _DOTCARET simple_expr   (rule 211)
    simple_expr  ->  simple_expr . _DOTDIVIDE simple_expr   (rule 212)
    simple_expr  ->  simple_expr . _TIMES simple_expr   (rule 213)
    simple_expr  ->  simple_expr . _DOTTIMES simple_expr   (rule 214)
    simple_expr  ->  simple_expr . _PLUS simple_expr   (rule 215)
    simple_expr  ->  simple_expr . _MINUS simple_expr   (rule 216)
    simple_expr  ->  simple_expr . _AND simple_expr   (rule 217)
    simple_expr  ->  simple_expr . _OR simple_expr   (rule 218)
    simple_expr  ->  simple_expr . _EQUAL simple_expr   (rule 219)
    simple_expr  ->  simple_expr . _LESSEQ simple_expr   (rule 220)
    simple_expr  ->  simple_expr . _LESS simple_expr   (rule 221)
    simple_expr  ->  simple_expr . _GREATEREQ simple_expr   (rule 222)
    simple_expr  ->  simple_expr . _GREATER simple_expr   (rule 223)
    simple_expr  ->  simple_expr . _UNEQUAL simple_expr   (rule 224)
    simple_expr  ->  simple_expr . _IN simple_expr   (rule 225)
    vector_reference  ->  simple_expr . _LEFTBRACKET simple_expr _RIGHTBRACKET   (rule 244)

    _PLUS	shift, and go to state 219
    _MINUS	shift, and go to state 220
    _TIMES	shift, and go to state 221
    _DIVIDE	shift, and go to state 222
    _DOTTIMES	shift, and go to state 223
    _DOTDIVIDE	shift, and go to state 224
    _CARET	shift, and go to state 225
    _DOTCARET	shift, and go to state 226
    _AND	shift, and go to state 227
    _OR 	shift, and go to state 228
    _EQUAL	shift, and go to state 229
    _LESS	shift, and go to state 230
    _GREATER	shift, and go to state 231
    _LESSEQ	shift, and go to state 232
    _GREATEREQ	shift, and go to state 233
    _UNEQUAL	shift, and go to state 234
    _LEFTBRACKET	shift, and go to state 235
    _IN 	shift, and go to state 236

    $default	reduce using rule 52 (validate_clause)



state 602

    derived_supertypeof_clause  ->  _SUPERTYPE _OF . st_list functions_clause   (rule 56)

    _ID 	shift, and go to state 160
    _TYPE	shift, and go to state 21
    _FUNCTION	shift, and go to state 22
    _RULE	shift, and go to state 23
    _BAG	shift, and go to state 152
    _VECTOR	shift, and go to state 153

    type_name	go to state 639
    simple_type	go to state 162
    aggr_type	go to state 163
    st_list	go to state 640
    st_entry	go to state 641



state 603

    create_derived_type_stmt  ->  _CREATE _DERIVED _TYPE _ID derived_subtypeof_clause derived_key_clause derived_supertypeof_clause properties .   (rule 45)

    $default	reduce using rule 45 (create_derived_type_stmt)



state 604

    initialize_commalist  ->  initialize_commalist . _COMMA initialize   (rule 132)
    update_stmt  ->  _ADD _TYPE _ID _LEFTPAREN function_name_commalist _RIGHTPAREN _TO initialize_commalist .   (rule 290)

    _COMMA	shift, and go to state 435

    _COMMA	[reduce using rule 290 (update_stmt)]
    $default	reduce using rule 290 (update_stmt)



state 605

    update_stmt  ->  _ADD _TYPE _ID _PROPERTIES _LEFTPAREN function_name_commalist _RIGHTPAREN _TO . initialize_commalist   (rule 291)

    _ID 	shift, and go to state 170
    _IVAR	shift, and go to state 7
    _LEFTPAREN	shift, and go to state 372

    variable_name	go to state 57
    interface_variable_name	go to state 58
    gen_variable_name	go to state 373
    initialize	go to state 374
    initialize_commalist	go to state 642



state 606

    activation_props  ->  _PRIORITY _INTEGER_CONST _STRICT .   (rule 279)

    $default	reduce using rule 279 (activation_props)



state 607

    activation_props  ->  _STRICT _PRIORITY _INTEGER_CONST .   (rule 280)

    $default	reduce using rule 280 (activation_props)



state 608

    tuple_result_spec  ->  _LESS arg_spec_commalist _GREATER .   (rule 95)

    $default	reduce using rule 95 (tuple_result_spec)



state 609

    tuple_result_spec  ->  _LEFTPAREN arg_spec_commalist _RIGHTPAREN .   (rule 96)

    $default	reduce using rule 96 (tuple_result_spec)



state 610

    res_spec  ->  _BAG _OF arg_spec .   (rule 90)

    $default	reduce using rule 90 (res_spec)



state 611

    res_spec  ->  _BAG _OF tuple_result_spec .   (rule 91)

    $default	reduce using rule 91 (res_spec)



state 612

    fn_implementation  ->  _AS _STORED .   (rule 98)

    $default	reduce using rule 98 (fn_implementation)



state 613

    foreign_body  ->  _FOREIGN . _STRING_CONST   (rule 103)

    _STRING_CONST	shift, and go to state 643



state 614

    foreign_body  ->  _MULTIDIRECTIONAL . muldir_list   (rule 104)

    _LEFTPAREN	shift, and go to state 644

    muldir_list	go to state 645
    muldir_item	go to state 646



state 615

    fn_implementation  ->  _AS foreign_body .   (rule 102)

    $default	reduce using rule 102 (fn_implementation)



state 616

    fn_implementation  ->  _AS select_stmt .   (rule 100)

    $default	reduce using rule 100 (fn_implementation)



state 617

    fn_implementation  ->  _AS simple_expr .   (rule 99)
    simple_expr  ->  simple_expr . _DIVIDE simple_expr   (rule 209)
    simple_expr  ->  simple_expr . _CARET simple_expr   (rule 210)
    simple_expr  ->  simple_expr . _DOTCARET simple_expr   (rule 211)
    simple_expr  ->  simple_expr . _DOTDIVIDE simple_expr   (rule 212)
    simple_expr  ->  simple_expr . _TIMES simple_expr   (rule 213)
    simple_expr  ->  simple_expr . _DOTTIMES simple_expr   (rule 214)
    simple_expr  ->  simple_expr . _PLUS simple_expr   (rule 215)
    simple_expr  ->  simple_expr . _MINUS simple_expr   (rule 216)
    simple_expr  ->  simple_expr . _AND simple_expr   (rule 217)
    simple_expr  ->  simple_expr . _OR simple_expr   (rule 218)
    simple_expr  ->  simple_expr . _EQUAL simple_expr   (rule 219)
    simple_expr  ->  simple_expr . _LESSEQ simple_expr   (rule 220)
    simple_expr  ->  simple_expr . _LESS simple_expr   (rule 221)
    simple_expr  ->  simple_expr . _GREATEREQ simple_expr   (rule 222)
    simple_expr  ->  simple_expr . _GREATER simple_expr   (rule 223)
    simple_expr  ->  simple_expr . _UNEQUAL simple_expr   (rule 224)
    simple_expr  ->  simple_expr . _IN simple_expr   (rule 225)
    vector_reference  ->  simple_expr . _LEFTBRACKET simple_expr _RIGHTBRACKET   (rule 244)

    _PLUS	shift, and go to state 219
    _MINUS	shift, and go to state 220
    _TIMES	shift, and go to state 221
    _DIVIDE	shift, and go to state 222
    _DOTTIMES	shift, and go to state 223
    _DOTDIVIDE	shift, and go to state 224
    _CARET	shift, and go to state 225
    _DOTCARET	shift, and go to state 226
    _AND	shift, and go to state 227
    _OR 	shift, and go to state 228
    _EQUAL	shift, and go to state 229
    _LESS	shift, and go to state 230
    _GREATER	shift, and go to state 231
    _LESSEQ	shift, and go to state 232
    _GREATEREQ	shift, and go to state 233
    _UNEQUAL	shift, and go to state 234
    _LEFTBRACKET	shift, and go to state 235
    _IN 	shift, and go to state 236

    $default	reduce using rule 99 (fn_implementation)



state 618

    fn_implementation  ->  _AS procedure_stmt1 .   (rule 101)

    $default	reduce using rule 101 (fn_implementation)



state 619

    timeval_expr  ->  _BAR _INTEGER_CONST _MINUS _INTEGER_CONST _MINUS _INTEGER_CONST _DIVIDE _INTEGER_CONST _COLON . _INTEGER_CONST _COLON _INTEGER_CONST _BAR   (rule 169)

    _INTEGER_CONST	shift, and go to state 647



state 620

    prop_function  ->  key_spec function_name res_spec fn_implementation .   (rule 76)

    $default	reduce using rule 76 (prop_function)



state 621

    composite_event  ->  _LEFTPAREN composite_event _RIGHTPAREN .   (rule 264)

    $default	reduce using rule 264 (composite_event)



state 622

    event_function_call  ->  function_name . _LEFTPAREN _RIGHTPAREN   (rule 254)
    event_function_call  ->  function_name . _LEFTPAREN variable_name_commalist _RIGHTPAREN   (rule 255)
    event_function_call  ->  function_name . _LEFTPAREN _RIGHTPAREN temporal_call   (rule 256)
    event_function_call  ->  function_name . _LEFTPAREN variable_name_commalist _RIGHTPAREN temporal_call   (rule 257)

    _LEFTPAREN	shift, and go to state 648



state 623

    simple_event  ->  _UPDATED _LEFTPAREN event_function_call . _RIGHTPAREN   (rule 249)

    _RIGHTPAREN	shift, and go to state 649



state 624

    simple_event  ->  _ADDED _LEFTPAREN event_function_call . _RIGHTPAREN   (rule 250)

    _RIGHTPAREN	shift, and go to state 650



state 625

    simple_event  ->  _REMOVED _LEFTPAREN event_function_call . _RIGHTPAREN   (rule 251)

    _RIGHTPAREN	shift, and go to state 651



state 626

    simple_event  ->  _CREATED _LEFTPAREN variable_name . _RIGHTPAREN   (rule 252)

    _RIGHTPAREN	shift, and go to state 652



state 627

    simple_event  ->  _DELETED _LEFTPAREN variable_name . _RIGHTPAREN   (rule 253)

    _RIGHTPAREN	shift, and go to state 653



state 628

    composite_event  ->  composite_event . _AFTER composite_event   (rule 259)
    composite_event  ->  composite_event . _BEFORE composite_event   (rule 260)
    composite_event  ->  composite_event . _AND composite_event   (rule 261)
    composite_event  ->  composite_event _AND composite_event .   (rule 261)
    composite_event  ->  composite_event . _OR composite_event   (rule 262)

    _AFTER	shift, and go to state 592
    _BEFORE	shift, and go to state 593

    $default	reduce using rule 261 (composite_event)



state 629

    composite_event  ->  composite_event . _AFTER composite_event   (rule 259)
    composite_event  ->  composite_event . _BEFORE composite_event   (rule 260)
    composite_event  ->  composite_event . _AND composite_event   (rule 261)
    composite_event  ->  composite_event . _OR composite_event   (rule 262)
    composite_event  ->  composite_event _OR composite_event .   (rule 262)

    _AND	shift, and go to state 590
    _AFTER	shift, and go to state 592
    _BEFORE	shift, and go to state 593

    $default	reduce using rule 262 (composite_event)



state 630

    composite_event  ->  composite_event . _AFTER composite_event   (rule 259)
    composite_event  ->  composite_event _AFTER composite_event .   (rule 259)
    composite_event  ->  composite_event . _BEFORE composite_event   (rule 260)
    composite_event  ->  composite_event . _AND composite_event   (rule 261)
    composite_event  ->  composite_event . _OR composite_event   (rule 262)

    _BEFORE	shift, and go to state 593

    $default	reduce using rule 259 (composite_event)



state 631

    composite_event  ->  composite_event . _AFTER composite_event   (rule 259)
    composite_event  ->  composite_event . _BEFORE composite_event   (rule 260)
    composite_event  ->  composite_event _BEFORE composite_event .   (rule 260)
    composite_event  ->  composite_event . _AND composite_event   (rule 261)
    composite_event  ->  composite_event . _OR composite_event   (rule 262)


    $default	reduce using rule 260 (composite_event)



state 632

    simple_expr  ->  simple_expr . _DIVIDE simple_expr   (rule 209)
    simple_expr  ->  simple_expr . _CARET simple_expr   (rule 210)
    simple_expr  ->  simple_expr . _DOTCARET simple_expr   (rule 211)
    simple_expr  ->  simple_expr . _DOTDIVIDE simple_expr   (rule 212)
    simple_expr  ->  simple_expr . _TIMES simple_expr   (rule 213)
    simple_expr  ->  simple_expr . _DOTTIMES simple_expr   (rule 214)
    simple_expr  ->  simple_expr . _PLUS simple_expr   (rule 215)
    simple_expr  ->  simple_expr . _MINUS simple_expr   (rule 216)
    simple_expr  ->  simple_expr . _AND simple_expr   (rule 217)
    simple_expr  ->  simple_expr . _OR simple_expr   (rule 218)
    simple_expr  ->  simple_expr . _EQUAL simple_expr   (rule 219)
    simple_expr  ->  simple_expr . _LESSEQ simple_expr   (rule 220)
    simple_expr  ->  simple_expr . _LESS simple_expr   (rule 221)
    simple_expr  ->  simple_expr . _GREATEREQ simple_expr   (rule 222)
    simple_expr  ->  simple_expr . _GREATER simple_expr   (rule 223)
    simple_expr  ->  simple_expr . _UNEQUAL simple_expr   (rule 224)
    simple_expr  ->  simple_expr . _IN simple_expr   (rule 225)
    vector_reference  ->  simple_expr . _LEFTBRACKET simple_expr _RIGHTBRACKET   (rule 244)
    rule_implementation  ->  _AS _ON event_specification _WHEN simple_expr . _DO procedure_body_stmt   (rule 269)

    _PLUS	shift, and go to state 219
    _MINUS	shift, and go to state 220
    _TIMES	shift, and go to state 221
    _DIVIDE	shift, and go to state 222
    _DOTTIMES	shift, and go to state 223
    _DOTDIVIDE	shift, and go to state 224
    _CARET	shift, and go to state 225
    _DOTCARET	shift, and go to state 226
    _AND	shift, and go to state 227
    _OR 	shift, and go to state 228
    _EQUAL	shift, and go to state 229
    _LESS	shift, and go to state 230
    _GREATER	shift, and go to state 231
    _LESSEQ	shift, and go to state 232
    _GREATEREQ	shift, and go to state 233
    _UNEQUAL	shift, and go to state 234
    _LEFTBRACKET	shift, and go to state 235
    _DO 	shift, and go to state 654
    _IN 	shift, and go to state 236



state 633

    rule_implementation  ->  _AS _ON event_specification _DO procedure_body_stmt .   (rule 271)

    $default	reduce using rule 271 (rule_implementation)



state 634

    rule_implementation  ->  _AS _WHEN simple_expr _DO procedure_body_stmt .   (rule 270)

    $default	reduce using rule 270 (rule_implementation)



state 635

    rule_implementation  ->  _AS for_each_clause _ON event_specification _WHEN . simple_expr _DO procedure_body_stmt   (rule 266)

    _INTEGER_CONST	shift, and go to state 2
    _REAL_CONST	shift, and go to state 3
    _BOOLEAN_CONST	shift, and go to state 4
    _STRING_CONST	shift, and go to state 5
    _ID 	shift, and go to state 117
    _IVAR	shift, and go to state 7
    _MINUS	shift, and go to state 8
    _LESS	shift, and go to state 118
    _LEFTPAREN	shift, and go to state 10
    _LEFTCURL	shift, and go to state 11
    _BAR	shift, and go to state 13
    _TYPE	shift, and go to state 21
    _FUNCTION	shift, and go to state 22
    _RULE	shift, and go to state 23
    _BAG	shift, and go to state 28
    _VECTOR	shift, and go to state 29
    _HASH	shift, and go to state 31
    _VSELECT	shift, and go to state 32
    _OIDTAG	shift, and go to state 47
    _CAST	shift, and go to state 48
    _IN 	shift, and go to state 49

    constant	go to state 53
    numeric_constant	go to state 54
    id_dotlist	go to state 55
    function_name	go to state 56
    variable_name	go to state 57
    interface_variable_name	go to state 58
    gen_variable_name	go to state 59
    simple_type	go to state 60
    function_call	go to state 71
    casting	go to state 72
    temporal_value	go to state 73
    timeval_expr	go to state 74
    timeinterval_expr	go to state 75
    date_expr	go to state 76
    time_expr	go to state 77
    simple_expr	go to state 655
    bag_value	go to state 79
    record_construction	go to state 80
    vector_construction	go to state 81
    vector_reference	go to state 82



state 636

    rule_implementation  ->  _AS for_each_clause _ON event_specification _DO . procedure_body_stmt   (rule 268)

    _ID 	shift, and go to state 146
    _BEGIN	shift, and go to state 14
    _CREATE	shift, and go to state 150
    _DELETE	shift, and go to state 151
    _SET	shift, and go to state 18
    _ADD	shift, and go to state 19
    _REMOVE	shift, and go to state 20
    _TYPE	shift, and go to state 21
    _FUNCTION	shift, and go to state 22
    _RULE	shift, and go to state 23
    _ACTIVATE	shift, and go to state 24
    _DEACTIVATE	shift, and go to state 25
    _SELECT	shift, and go to state 26
    _FOR	shift, and go to state 27
    _BAG	shift, and go to state 152
    _VECTOR	shift, and go to state 153
    _RETURN	shift, and go to state 30
    _VSELECT	shift, and go to state 32
    _IF 	shift, and go to state 33
    _OPEN	shift, and go to state 34
    _CLOSE	shift, and go to state 35
    _FETCH	shift, and go to state 36
    _COMMIT	shift, and go to state 41
    _ROLLBACK	shift, and go to state 42
    _AT 	shift, and go to state 46
    _IN 	shift, and go to state 49
    _LOOP	shift, and go to state 50
    _WHILE	shift, and go to state 51
    _LEAVE	shift, and go to state 52

    id_dotlist	go to state 55
    function_name	go to state 56
    simple_type	go to state 60
    create_object_stmt	go to state 67
    delete_object_stmt	go to state 68
    select_stmt	go to state 69
    select_stmt1	go to state 70
    function_call	go to state 154
    activate_rule_stmt	go to state 85
    deactivate_rule_stmt	go to state 86
    open_cursor_stmt	go to state 87
    fetch_cursor_stmt	go to state 88
    close_cursor_stmt	go to state 89
    update_stmt	go to state 90
    procedure_body_stmt	go to state 656
    block	go to state 95
    set_variable_stmt	go to state 96
    procedure_stmt	go to state 159
    procedure_stmt1	go to state 98
    while_stmt	go to state 99
    loop_stmt	go to state 100
    if_stmt	go to state 101
    result_stmt	go to state 102
    for_each_stmt	go to state 103
    commit_stmt	go to state 108
    rollback_stmt	go to state 109



state 637

    rule_implementation  ->  _AS for_each_clause _WHEN simple_expr _DO . procedure_body_stmt   (rule 267)

    _ID 	shift, and go to state 146
    _BEGIN	shift, and go to state 14
    _CREATE	shift, and go to state 150
    _DELETE	shift, and go to state 151
    _SET	shift, and go to state 18
    _ADD	shift, and go to state 19
    _REMOVE	shift, and go to state 20
    _TYPE	shift, and go to state 21
    _FUNCTION	shift, and go to state 22
    _RULE	shift, and go to state 23
    _ACTIVATE	shift, and go to state 24
    _DEACTIVATE	shift, and go to state 25
    _SELECT	shift, and go to state 26
    _FOR	shift, and go to state 27
    _BAG	shift, and go to state 152
    _VECTOR	shift, and go to state 153
    _RETURN	shift, and go to state 30
    _VSELECT	shift, and go to state 32
    _IF 	shift, and go to state 33
    _OPEN	shift, and go to state 34
    _CLOSE	shift, and go to state 35
    _FETCH	shift, and go to state 36
    _COMMIT	shift, and go to state 41
    _ROLLBACK	shift, and go to state 42
    _AT 	shift, and go to state 46
    _IN 	shift, and go to state 49
    _LOOP	shift, and go to state 50
    _WHILE	shift, and go to state 51
    _LEAVE	shift, and go to state 52

    id_dotlist	go to state 55
    function_name	go to state 56
    simple_type	go to state 60
    create_object_stmt	go to state 67
    delete_object_stmt	go to state 68
    select_stmt	go to state 69
    select_stmt1	go to state 70
    function_call	go to state 154
    activate_rule_stmt	go to state 85
    deactivate_rule_stmt	go to state 86
    open_cursor_stmt	go to state 87
    fetch_cursor_stmt	go to state 88
    close_cursor_stmt	go to state 89
    update_stmt	go to state 90
    procedure_body_stmt	go to state 657
    block	go to state 95
    set_variable_stmt	go to state 96
    procedure_stmt	go to state 159
    procedure_stmt1	go to state 98
    while_stmt	go to state 99
    loop_stmt	go to state 100
    if_stmt	go to state 101
    result_stmt	go to state 102
    for_each_stmt	go to state 103
    commit_stmt	go to state 108
    rollback_stmt	go to state 109



state 638

    derived_subtypeof_cond  ->  _WHERE simple_expr validate_clause .   (rule 49)

    $default	reduce using rule 49 (derived_subtypeof_cond)



state 639

    st_entry  ->  type_name . gen_variable_name optional_expr   (rule 59)

    _ID 	shift, and go to state 170
    _IVAR	shift, and go to state 7

    variable_name	go to state 57
    interface_variable_name	go to state 58
    gen_variable_name	go to state 658



state 640

    derived_supertypeof_clause  ->  _SUPERTYPE _OF st_list . functions_clause   (rule 56)
    st_list  ->  st_list . _COMMA st_entry   (rule 58)

    _COMMA	shift, and go to state 659
    _FUNCTIONS	shift, and go to state 660

    $default	reduce using rule 62 (functions_clause)

    functions_clause	go to state 661



state 641

    st_list  ->  st_entry .   (rule 57)

    $default	reduce using rule 57 (st_list)



state 642

    initialize_commalist  ->  initialize_commalist . _COMMA initialize   (rule 132)
    update_stmt  ->  _ADD _TYPE _ID _PROPERTIES _LEFTPAREN function_name_commalist _RIGHTPAREN _TO initialize_commalist .   (rule 291)

    _COMMA	shift, and go to state 435

    _COMMA	[reduce using rule 291 (update_stmt)]
    $default	reduce using rule 291 (update_stmt)



state 643

    foreign_body  ->  _FOREIGN _STRING_CONST .   (rule 103)

    $default	reduce using rule 103 (foreign_body)



state 644

    muldir_item  ->  _LEFTPAREN . _STRING_CONST multidir_options _RIGHTPAREN   (rule 107)

    _STRING_CONST	shift, and go to state 662



state 645

    foreign_body  ->  _MULTIDIRECTIONAL muldir_list .   (rule 104)

    $default	reduce using rule 104 (foreign_body)



state 646

    muldir_list  ->  muldir_item .   (rule 105)
    muldir_list  ->  muldir_item . muldir_list   (rule 106)

    _LEFTPAREN	shift, and go to state 644

    $default	reduce using rule 105 (muldir_list)

    muldir_list	go to state 663
    muldir_item	go to state 646



state 647

    timeval_expr  ->  _BAR _INTEGER_CONST _MINUS _INTEGER_CONST _MINUS _INTEGER_CONST _DIVIDE _INTEGER_CONST _COLON _INTEGER_CONST . _COLON _INTEGER_CONST _BAR   (rule 169)

    _COLON	shift, and go to state 664



state 648

    event_function_call  ->  function_name _LEFTPAREN . _RIGHTPAREN   (rule 254)
    event_function_call  ->  function_name _LEFTPAREN . variable_name_commalist _RIGHTPAREN   (rule 255)
    event_function_call  ->  function_name _LEFTPAREN . _RIGHTPAREN temporal_call   (rule 256)
    event_function_call  ->  function_name _LEFTPAREN . variable_name_commalist _RIGHTPAREN temporal_call   (rule 257)

    _ID 	shift, and go to state 170
    _RIGHTPAREN	shift, and go to state 665

    variable_name	go to state 666
    variable_name_commalist	go to state 667



state 649

    simple_event  ->  _UPDATED _LEFTPAREN event_function_call _RIGHTPAREN .   (rule 249)

    $default	reduce using rule 249 (simple_event)



state 650

    simple_event  ->  _ADDED _LEFTPAREN event_function_call _RIGHTPAREN .   (rule 250)

    $default	reduce using rule 250 (simple_event)



state 651

    simple_event  ->  _REMOVED _LEFTPAREN event_function_call _RIGHTPAREN .   (rule 251)

    $default	reduce using rule 251 (simple_event)



state 652

    simple_event  ->  _CREATED _LEFTPAREN variable_name _RIGHTPAREN .   (rule 252)

    $default	reduce using rule 252 (simple_event)



state 653

    simple_event  ->  _DELETED _LEFTPAREN variable_name _RIGHTPAREN .   (rule 253)

    $default	reduce using rule 253 (simple_event)



state 654

    rule_implementation  ->  _AS _ON event_specification _WHEN simple_expr _DO . procedure_body_stmt   (rule 269)

    _ID 	shift, and go to state 146
    _BEGIN	shift, and go to state 14
    _CREATE	shift, and go to state 150
    _DELETE	shift, and go to state 151
    _SET	shift, and go to state 18
    _ADD	shift, and go to state 19
    _REMOVE	shift, and go to state 20
    _TYPE	shift, and go to state 21
    _FUNCTION	shift, and go to state 22
    _RULE	shift, and go to state 23
    _ACTIVATE	shift, and go to state 24
    _DEACTIVATE	shift, and go to state 25
    _SELECT	shift, and go to state 26
    _FOR	shift, and go to state 27
    _BAG	shift, and go to state 152
    _VECTOR	shift, and go to state 153
    _RETURN	shift, and go to state 30
    _VSELECT	shift, and go to state 32
    _IF 	shift, and go to state 33
    _OPEN	shift, and go to state 34
    _CLOSE	shift, and go to state 35
    _FETCH	shift, and go to state 36
    _COMMIT	shift, and go to state 41
    _ROLLBACK	shift, and go to state 42
    _AT 	shift, and go to state 46
    _IN 	shift, and go to state 49
    _LOOP	shift, and go to state 50
    _WHILE	shift, and go to state 51
    _LEAVE	shift, and go to state 52

    id_dotlist	go to state 55
    function_name	go to state 56
    simple_type	go to state 60
    create_object_stmt	go to state 67
    delete_object_stmt	go to state 68
    select_stmt	go to state 69
    select_stmt1	go to state 70
    function_call	go to state 154
    activate_rule_stmt	go to state 85
    deactivate_rule_stmt	go to state 86
    open_cursor_stmt	go to state 87
    fetch_cursor_stmt	go to state 88
    close_cursor_stmt	go to state 89
    update_stmt	go to state 90
    procedure_body_stmt	go to state 668
    block	go to state 95
    set_variable_stmt	go to state 96
    procedure_stmt	go to state 159
    procedure_stmt1	go to state 98
    while_stmt	go to state 99
    loop_stmt	go to state 100
    if_stmt	go to state 101
    result_stmt	go to state 102
    for_each_stmt	go to state 103
    commit_stmt	go to state 108
    rollback_stmt	go to state 109



state 655

    simple_expr  ->  simple_expr . _DIVIDE simple_expr   (rule 209)
    simple_expr  ->  simple_expr . _CARET simple_expr   (rule 210)
    simple_expr  ->  simple_expr . _DOTCARET simple_expr   (rule 211)
    simple_expr  ->  simple_expr . _DOTDIVIDE simple_expr   (rule 212)
    simple_expr  ->  simple_expr . _TIMES simple_expr   (rule 213)
    simple_expr  ->  simple_expr . _DOTTIMES simple_expr   (rule 214)
    simple_expr  ->  simple_expr . _PLUS simple_expr   (rule 215)
    simple_expr  ->  simple_expr . _MINUS simple_expr   (rule 216)
    simple_expr  ->  simple_expr . _AND simple_expr   (rule 217)
    simple_expr  ->  simple_expr . _OR simple_expr   (rule 218)
    simple_expr  ->  simple_expr . _EQUAL simple_expr   (rule 219)
    simple_expr  ->  simple_expr . _LESSEQ simple_expr   (rule 220)
    simple_expr  ->  simple_expr . _LESS simple_expr   (rule 221)
    simple_expr  ->  simple_expr . _GREATEREQ simple_expr   (rule 222)
    simple_expr  ->  simple_expr . _GREATER simple_expr   (rule 223)
    simple_expr  ->  simple_expr . _UNEQUAL simple_expr   (rule 224)
    simple_expr  ->  simple_expr . _IN simple_expr   (rule 225)
    vector_reference  ->  simple_expr . _LEFTBRACKET simple_expr _RIGHTBRACKET   (rule 244)
    rule_implementation  ->  _AS for_each_clause _ON event_specification _WHEN simple_expr . _DO procedure_body_stmt   (rule 266)

    _PLUS	shift, and go to state 219
    _MINUS	shift, and go to state 220
    _TIMES	shift, and go to state 221
    _DIVIDE	shift, and go to state 222
    _DOTTIMES	shift, and go to state 223
    _DOTDIVIDE	shift, and go to state 224
    _CARET	shift, and go to state 225
    _DOTCARET	shift, and go to state 226
    _AND	shift, and go to state 227
    _OR 	shift, and go to state 228
    _EQUAL	shift, and go to state 229
    _LESS	shift, and go to state 230
    _GREATER	shift, and go to state 231
    _LESSEQ	shift, and go to state 232
    _GREATEREQ	shift, and go to state 233
    _UNEQUAL	shift, and go to state 234
    _LEFTBRACKET	shift, and go to state 235
    _DO 	shift, and go to state 669
    _IN 	shift, and go to state 236



state 656

    rule_implementation  ->  _AS for_each_clause _ON event_specification _DO procedure_body_stmt .   (rule 268)

    $default	reduce using rule 268 (rule_implementation)



state 657

    rule_implementation  ->  _AS for_each_clause _WHEN simple_expr _DO procedure_body_stmt .   (rule 267)

    $default	reduce using rule 267 (rule_implementation)



state 658

    st_entry  ->  type_name gen_variable_name . optional_expr   (rule 59)

    _EQUAL	shift, and go to state 670

    $default	reduce using rule 60 (optional_expr)

    optional_expr	go to state 671



state 659

    st_list  ->  st_list _COMMA . st_entry   (rule 58)

    _ID 	shift, and go to state 160
    _TYPE	shift, and go to state 21
    _FUNCTION	shift, and go to state 22
    _RULE	shift, and go to state 23
    _BAG	shift, and go to state 152
    _VECTOR	shift, and go to state 153

    type_name	go to state 639
    simple_type	go to state 162
    aggr_type	go to state 163
    st_entry	go to state 672



state 660

    functions_clause  ->  _FUNCTIONS . _LEFTPAREN prop_function_commalist _RIGHTPAREN case_list _END _FUNCTIONS   (rule 63)

    _LEFTPAREN	shift, and go to state 673



state 661

    derived_supertypeof_clause  ->  _SUPERTYPE _OF st_list functions_clause .   (rule 56)

    $default	reduce using rule 56 (derived_supertypeof_clause)



state 662

    muldir_item  ->  _LEFTPAREN _STRING_CONST . multidir_options _RIGHTPAREN   (rule 107)

    _KEY	shift, and go to state 674
    _FOREIGN	shift, and go to state 675
    _SELECT	shift, and go to state 26
    _COST	shift, and go to state 676
    _REWRITER	shift, and go to state 677

    multidir_option	go to state 678
    multidir_options	go to state 679
    select_stmt1	go to state 680



state 663

    muldir_list  ->  muldir_item muldir_list .   (rule 106)

    $default	reduce using rule 106 (muldir_list)



state 664

    timeval_expr  ->  _BAR _INTEGER_CONST _MINUS _INTEGER_CONST _MINUS _INTEGER_CONST _DIVIDE _INTEGER_CONST _COLON _INTEGER_CONST _COLON . _INTEGER_CONST _BAR   (rule 169)

    _INTEGER_CONST	shift, and go to state 681



state 665

    event_function_call  ->  function_name _LEFTPAREN _RIGHTPAREN .   (rule 254)
    event_function_call  ->  function_name _LEFTPAREN _RIGHTPAREN . temporal_call   (rule 256)

    _ALPHAB	shift, and go to state 414
    _WITHIN	shift, and go to state 415

    $default	reduce using rule 254 (event_function_call)

    temporal_call	go to state 682



state 666

    variable_name_commalist  ->  variable_name .   (rule 19)

    $default	reduce using rule 19 (variable_name_commalist)



state 667

    variable_name_commalist  ->  variable_name_commalist . _COMMA variable_name   (rule 20)
    event_function_call  ->  function_name _LEFTPAREN variable_name_commalist . _RIGHTPAREN   (rule 255)
    event_function_call  ->  function_name _LEFTPAREN variable_name_commalist . _RIGHTPAREN temporal_call   (rule 257)

    _RIGHTPAREN	shift, and go to state 683
    _COMMA	shift, and go to state 684



state 668

    rule_implementation  ->  _AS _ON event_specification _WHEN simple_expr _DO procedure_body_stmt .   (rule 269)

    $default	reduce using rule 269 (rule_implementation)



state 669

    rule_implementation  ->  _AS for_each_clause _ON event_specification _WHEN simple_expr _DO . procedure_body_stmt   (rule 266)

    _ID 	shift, and go to state 146
    _BEGIN	shift, and go to state 14
    _CREATE	shift, and go to state 150
    _DELETE	shift, and go to state 151
    _SET	shift, and go to state 18
    _ADD	shift, and go to state 19
    _REMOVE	shift, and go to state 20
    _TYPE	shift, and go to state 21
    _FUNCTION	shift, and go to state 22
    _RULE	shift, and go to state 23
    _ACTIVATE	shift, and go to state 24
    _DEACTIVATE	shift, and go to state 25
    _SELECT	shift, and go to state 26
    _FOR	shift, and go to state 27
    _BAG	shift, and go to state 152
    _VECTOR	shift, and go to state 153
    _RETURN	shift, and go to state 30
    _VSELECT	shift, and go to state 32
    _IF 	shift, and go to state 33
    _OPEN	shift, and go to state 34
    _CLOSE	shift, and go to state 35
    _FETCH	shift, and go to state 36
    _COMMIT	shift, and go to state 41
    _ROLLBACK	shift, and go to state 42
    _AT 	shift, and go to state 46
    _IN 	shift, and go to state 49
    _LOOP	shift, and go to state 50
    _WHILE	shift, and go to state 51
    _LEAVE	shift, and go to state 52

    id_dotlist	go to state 55
    function_name	go to state 56
    simple_type	go to state 60
    create_object_stmt	go to state 67
    delete_object_stmt	go to state 68
    select_stmt	go to state 69
    select_stmt1	go to state 70
    function_call	go to state 154
    activate_rule_stmt	go to state 85
    deactivate_rule_stmt	go to state 86
    open_cursor_stmt	go to state 87
    fetch_cursor_stmt	go to state 88
    close_cursor_stmt	go to state 89
    update_stmt	go to state 90
    procedure_body_stmt	go to state 685
    block	go to state 95
    set_variable_stmt	go to state 96
    procedure_stmt	go to state 159
    procedure_stmt1	go to state 98
    while_stmt	go to state 99
    loop_stmt	go to state 100
    if_stmt	go to state 101
    result_stmt	go to state 102
    for_each_stmt	go to state 103
    commit_stmt	go to state 108
    rollback_stmt	go to state 109



state 670

    optional_expr  ->  _EQUAL . simple_expr   (rule 61)

    _INTEGER_CONST	shift, and go to state 2
    _REAL_CONST	shift, and go to state 3
    _BOOLEAN_CONST	shift, and go to state 4
    _STRING_CONST	shift, and go to state 5
    _ID 	shift, and go to state 117
    _IVAR	shift, and go to state 7
    _MINUS	shift, and go to state 8
    _LESS	shift, and go to state 118
    _LEFTPAREN	shift, and go to state 10
    _LEFTCURL	shift, and go to state 11
    _BAR	shift, and go to state 13
    _TYPE	shift, and go to state 21
    _FUNCTION	shift, and go to state 22
    _RULE	shift, and go to state 23
    _BAG	shift, and go to state 28
    _VECTOR	shift, and go to state 29
    _HASH	shift, and go to state 31
    _VSELECT	shift, and go to state 32
    _OIDTAG	shift, and go to state 47
    _CAST	shift, and go to state 48
    _IN 	shift, and go to state 49

    constant	go to state 53
    numeric_constant	go to state 54
    id_dotlist	go to state 55
    function_name	go to state 56
    variable_name	go to state 57
    interface_variable_name	go to state 58
    gen_variable_name	go to state 59
    simple_type	go to state 60
    function_call	go to state 71
    casting	go to state 72
    temporal_value	go to state 73
    timeval_expr	go to state 74
    timeinterval_expr	go to state 75
    date_expr	go to state 76
    time_expr	go to state 77
    simple_expr	go to state 686
    bag_value	go to state 79
    record_construction	go to state 80
    vector_construction	go to state 81
    vector_reference	go to state 82



state 671

    st_entry  ->  type_name gen_variable_name optional_expr .   (rule 59)

    $default	reduce using rule 59 (st_entry)



state 672

    st_list  ->  st_list _COMMA st_entry .   (rule 58)

    $default	reduce using rule 58 (st_list)



state 673

    functions_clause  ->  _FUNCTIONS _LEFTPAREN . prop_function_commalist _RIGHTPAREN case_list _END _FUNCTIONS   (rule 63)

    _KEY	shift, and go to state 497
    _NONKEY	shift, and go to state 498

    $default	reduce using rule 73 (key_spec)

    key_spec	go to state 499
    prop_function	go to state 500
    prop_function_commalist	go to state 687



state 674

    multidir_option  ->  _KEY .   (rule 111)

    $default	reduce using rule 111 (multidir_option)



state 675

    multidir_option  ->  _FOREIGN . _STRING_CONST   (rule 110)

    _STRING_CONST	shift, and go to state 688



state 676

    multidir_option  ->  _COST . cost_model   (rule 108)

    _ID 	shift, and go to state 180
    _LEFTCURL	shift, and go to state 689
    _TYPE	shift, and go to state 21
    _FUNCTION	shift, and go to state 22
    _RULE	shift, and go to state 23
    _BAG	shift, and go to state 152
    _VECTOR	shift, and go to state 153
    _IN 	shift, and go to state 49

    id_dotlist	go to state 55
    function_name	go to state 690
    simple_type	go to state 60
    cost_model	go to state 691



state 677

    multidir_option  ->  _REWRITER . _STRING_CONST   (rule 109)

    _STRING_CONST	shift, and go to state 692



state 678

    multidir_options  ->  multidir_option .   (rule 113)
    multidir_options  ->  multidir_option . multidir_options   (rule 114)

    _KEY	shift, and go to state 674
    _FOREIGN	shift, and go to state 675
    _SELECT	shift, and go to state 26
    _COST	shift, and go to state 676
    _REWRITER	shift, and go to state 677

    $default	reduce using rule 113 (multidir_options)

    multidir_option	go to state 678
    multidir_options	go to state 693
    select_stmt1	go to state 680



state 679

    muldir_item  ->  _LEFTPAREN _STRING_CONST multidir_options . _RIGHTPAREN   (rule 107)

    _RIGHTPAREN	shift, and go to state 694



state 680

    multidir_option  ->  select_stmt1 .   (rule 112)

    $default	reduce using rule 112 (multidir_option)



state 681

    timeval_expr  ->  _BAR _INTEGER_CONST _MINUS _INTEGER_CONST _MINUS _INTEGER_CONST _DIVIDE _INTEGER_CONST _COLON _INTEGER_CONST _COLON _INTEGER_CONST . _BAR   (rule 169)

    _BAR	shift, and go to state 695



state 682

    event_function_call  ->  function_name _LEFTPAREN _RIGHTPAREN temporal_call .   (rule 256)

    $default	reduce using rule 256 (event_function_call)



state 683

    event_function_call  ->  function_name _LEFTPAREN variable_name_commalist _RIGHTPAREN .   (rule 255)
    event_function_call  ->  function_name _LEFTPAREN variable_name_commalist _RIGHTPAREN . temporal_call   (rule 257)

    _ALPHAB	shift, and go to state 414
    _WITHIN	shift, and go to state 415

    $default	reduce using rule 255 (event_function_call)

    temporal_call	go to state 696



state 684

    variable_name_commalist  ->  variable_name_commalist _COMMA . variable_name   (rule 20)

    _ID 	shift, and go to state 170

    variable_name	go to state 697



state 685

    rule_implementation  ->  _AS for_each_clause _ON event_specification _WHEN simple_expr _DO procedure_body_stmt .   (rule 266)

    $default	reduce using rule 266 (rule_implementation)



state 686

    optional_expr  ->  _EQUAL simple_expr .   (rule 61)
    simple_expr  ->  simple_expr . _DIVIDE simple_expr   (rule 209)
    simple_expr  ->  simple_expr . _CARET simple_expr   (rule 210)
    simple_expr  ->  simple_expr . _DOTCARET simple_expr   (rule 211)
    simple_expr  ->  simple_expr . _DOTDIVIDE simple_expr   (rule 212)
    simple_expr  ->  simple_expr . _TIMES simple_expr   (rule 213)
    simple_expr  ->  simple_expr . _DOTTIMES simple_expr   (rule 214)
    simple_expr  ->  simple_expr . _PLUS simple_expr   (rule 215)
    simple_expr  ->  simple_expr . _MINUS simple_expr   (rule 216)
    simple_expr  ->  simple_expr . _AND simple_expr   (rule 217)
    simple_expr  ->  simple_expr . _OR simple_expr   (rule 218)
    simple_expr  ->  simple_expr . _EQUAL simple_expr   (rule 219)
    simple_expr  ->  simple_expr . _LESSEQ simple_expr   (rule 220)
    simple_expr  ->  simple_expr . _LESS simple_expr   (rule 221)
    simple_expr  ->  simple_expr . _GREATEREQ simple_expr   (rule 222)
    simple_expr  ->  simple_expr . _GREATER simple_expr   (rule 223)
    simple_expr  ->  simple_expr . _UNEQUAL simple_expr   (rule 224)
    simple_expr  ->  simple_expr . _IN simple_expr   (rule 225)
    vector_reference  ->  simple_expr . _LEFTBRACKET simple_expr _RIGHTBRACKET   (rule 244)

    _PLUS	shift, and go to state 219
    _MINUS	shift, and go to state 220
    _TIMES	shift, and go to state 221
    _DIVIDE	shift, and go to state 222
    _DOTTIMES	shift, and go to state 223
    _DOTDIVIDE	shift, and go to state 224
    _CARET	shift, and go to state 225
    _DOTCARET	shift, and go to state 226
    _AND	shift, and go to state 227
    _OR 	shift, and go to state 228
    _EQUAL	shift, and go to state 229
    _LESS	shift, and go to state 230
    _GREATER	shift, and go to state 231
    _LESSEQ	shift, and go to state 232
    _GREATEREQ	shift, and go to state 233
    _UNEQUAL	shift, and go to state 234
    _LEFTBRACKET	shift, and go to state 235
    _IN 	shift, and go to state 236

    $default	reduce using rule 61 (optional_expr)



state 687

    functions_clause  ->  _FUNCTIONS _LEFTPAREN prop_function_commalist . _RIGHTPAREN case_list _END _FUNCTIONS   (rule 63)
    prop_function_commalist  ->  prop_function_commalist . _COMMA prop_function   (rule 78)

    _RIGHTPAREN	shift, and go to state 698
    _COMMA	shift, and go to state 545



state 688

    multidir_option  ->  _FOREIGN _STRING_CONST .   (rule 110)

    $default	reduce using rule 110 (multidir_option)



state 689

    cost_model  ->  _LEFTCURL . numeric_constant _COMMA numeric_constant _RIGHTCURL   (rule 116)

    _INTEGER_CONST	shift, and go to state 2
    _REAL_CONST	shift, and go to state 3

    numeric_constant	go to state 699



state 690

    cost_model  ->  function_name .   (rule 115)

    $default	reduce using rule 115 (cost_model)



state 691

    multidir_option  ->  _COST cost_model .   (rule 108)

    $default	reduce using rule 108 (multidir_option)



state 692

    multidir_option  ->  _REWRITER _STRING_CONST .   (rule 109)

    $default	reduce using rule 109 (multidir_option)



state 693

    multidir_options  ->  multidir_option multidir_options .   (rule 114)

    $default	reduce using rule 114 (multidir_options)



state 694

    muldir_item  ->  _LEFTPAREN _STRING_CONST multidir_options _RIGHTPAREN .   (rule 107)

    $default	reduce using rule 107 (muldir_item)



state 695

    timeval_expr  ->  _BAR _INTEGER_CONST _MINUS _INTEGER_CONST _MINUS _INTEGER_CONST _DIVIDE _INTEGER_CONST _COLON _INTEGER_CONST _COLON _INTEGER_CONST _BAR .   (rule 169)

    $default	reduce using rule 169 (timeval_expr)



state 696

    event_function_call  ->  function_name _LEFTPAREN variable_name_commalist _RIGHTPAREN temporal_call .   (rule 257)

    $default	reduce using rule 257 (event_function_call)



state 697

    variable_name_commalist  ->  variable_name_commalist _COMMA variable_name .   (rule 20)

    $default	reduce using rule 20 (variable_name_commalist)



state 698

    functions_clause  ->  _FUNCTIONS _LEFTPAREN prop_function_commalist _RIGHTPAREN . case_list _END _FUNCTIONS   (rule 63)

    _CASE	shift, and go to state 700

    case_list	go to state 701
    case_entry	go to state 702



state 699

    cost_model  ->  _LEFTCURL numeric_constant . _COMMA numeric_constant _RIGHTCURL   (rule 116)

    _COMMA	shift, and go to state 703



state 700

    case_entry  ->  _CASE . id_commalist _COLON case_func_def_list   (rule 66)

    _ID 	shift, and go to state 437

    id_commalist	go to state 704



state 701

    functions_clause  ->  _FUNCTIONS _LEFTPAREN prop_function_commalist _RIGHTPAREN case_list . _END _FUNCTIONS   (rule 63)
    case_list  ->  case_list . case_entry   (rule 65)

    _END	shift, and go to state 705
    _CASE	shift, and go to state 700

    case_entry	go to state 706



state 702

    case_list  ->  case_entry .   (rule 64)

    $default	reduce using rule 64 (case_list)



state 703

    cost_model  ->  _LEFTCURL numeric_constant _COMMA . numeric_constant _RIGHTCURL   (rule 116)

    _INTEGER_CONST	shift, and go to state 2
    _REAL_CONST	shift, and go to state 3

    numeric_constant	go to state 707



state 704

    id_commalist  ->  id_commalist . _COMMA _ID   (rule 11)
    case_entry  ->  _CASE id_commalist . _COLON case_func_def_list   (rule 66)

    _COMMA	shift, and go to state 495
    _COLON	shift, and go to state 708



state 705

    functions_clause  ->  _FUNCTIONS _LEFTPAREN prop_function_commalist _RIGHTPAREN case_list _END . _FUNCTIONS   (rule 63)

    _FUNCTIONS	shift, and go to state 709



state 706

    case_list  ->  case_list case_entry .   (rule 65)

    $default	reduce using rule 65 (case_list)



state 707

    cost_model  ->  _LEFTCURL numeric_constant _COMMA numeric_constant . _RIGHTCURL   (rule 116)

    _RIGHTCURL	shift, and go to state 710



state 708

    case_entry  ->  _CASE id_commalist _COLON . case_func_def_list   (rule 66)

    _ID 	shift, and go to state 170
    _IVAR	shift, and go to state 7

    $default	reduce using rule 69 (case_func_def)

    variable_name	go to state 57
    interface_variable_name	go to state 58
    gen_variable_name	go to state 711
    case_func_def_list	go to state 712
    case_func_def	go to state 713



state 709

    functions_clause  ->  _FUNCTIONS _LEFTPAREN prop_function_commalist _RIGHTPAREN case_list _END _FUNCTIONS .   (rule 63)

    $default	reduce using rule 63 (functions_clause)



state 710

    cost_model  ->  _LEFTCURL numeric_constant _COMMA numeric_constant _RIGHTCURL .   (rule 116)

    $default	reduce using rule 116 (cost_model)



state 711

    case_func_def  ->  gen_variable_name . optional_expr   (rule 70)

    _EQUAL	shift, and go to state 670

    $default	reduce using rule 60 (optional_expr)

    optional_expr	go to state 714



state 712

    case_entry  ->  _CASE id_commalist _COLON case_func_def_list .   (rule 66)
    case_func_def_list  ->  case_func_def_list . _SEMICOLON case_func_def   (rule 68)

    _SEMICOLON	shift, and go to state 715

    $default	reduce using rule 66 (case_entry)



state 713

    case_func_def_list  ->  case_func_def .   (rule 67)

    $default	reduce using rule 67 (case_func_def_list)



state 714

    case_func_def  ->  gen_variable_name optional_expr .   (rule 70)

    $default	reduce using rule 70 (case_func_def)



state 715

    case_func_def_list  ->  case_func_def_list _SEMICOLON . case_func_def   (rule 68)

    _ID 	shift, and go to state 170
    _IVAR	shift, and go to state 7

    $default	reduce using rule 69 (case_func_def)

    variable_name	go to state 57
    interface_variable_name	go to state 58
    gen_variable_name	go to state 711
    case_func_def	go to state 716



state 716

    case_func_def_list  ->  case_func_def_list _SEMICOLON case_func_def .   (rule 68)

    $default	reduce using rule 68 (case_func_def_list)



state 717

    $   	go to state 718



state 718

    $   	go to state 719



state 719

    $default	accept
