Microsoft Windows [Version 6.1.7601]
Copyright (c) 2009 Microsoft Corporation.  All rights reserved.

c:\AmosNT\regress>testmaster
testmaster
----------------Installing----------------
**************************************************************************
* Creating amos2.exe and amoslib.lib 
**************************************************************************
..\..\bin\gmake: Nothing to be done for `all'.
Could Not Find c:\AmosNT\bin\amos2.dll
gmake: Nothing to be done for `all'.
Building default target: adll - Win32 Debug
--------------------Configuration: adll - Win32 Debug--------------------
Linking...
   Creating library ..\..\..\bin\amos2.lib and object ..\..\..\bin\amos2.exp

amos2.dll - 0 error(s), 0 warning(s)
Building default target: amos2 - Win32 Debug
--------------------Configuration: amos2 - Win32 Debug--------------------
Linking...

amos2.exe - 0 error(s), 0 warning(s)
Building default target: alisp - Win32 Debug
--------------------Configuration: alisp - Win32 Debug--------------------
Linking...

alisp.exe - 0 error(s), 0 warning(s)
**************************************************************************
* Installing mexima extenders
**************************************************************************
Deleting intermediate files and output files for project 'btmexiextender - Win32 Release'.
Deleting intermediate files and output files for project 'btmexiextender - Win32 Release'.
--------------------Configuration: btmexiextender - Win32 Release--------------------
Compiling...
bt.c
BT_mexi_extender.c
Generating Code...
Linking...
   Creating library ./Release/bt.lib and object ./Release/bt.exp

bt.dll - 0 error(s), 0 warning(s)
Deleting intermediate files and output files for project 'xtmexiextender - Win32 Release'.
Deleting intermediate files and output files for project 'xtmexiextender - Win32 Release'.
--------------------Configuration: xtmexiextender - Win32 Release--------------------
Compiling...
amosXtree.c
utils.c
xfile.c
xpbuild.c
xsearch.c
xt_mexi_extender.c
xtree.c
Generating Code...
Linking...
   Creating library ./Release/xt.lib and object ./Release/xt.exp

xt.dll - 0 error(s), 0 warning(s)
**************************************************************************
* Creating amos2.dmp
**************************************************************************
alisp -i ../lsp/lispdef.lsp -l "(rollout _alisp-dmp_)(quit)"
init file: lispdef.lsp init dir ../lsp
Loading "lispdef.lsp"
Loading "advise.lsp"
Loading "filepos.lsp"
Loading "client.lsp"
[Expanding image to 177600]
Image moved in APPLY
Loading "basic.lsp"
[Expanding image to 222000]
Image moved in APPLY
[Expanding image to 277500]
Image moved in APPLY
Loading "sort.lsp"
Loading "ppr.lsp"
Loading "trace.lsp"
[Expanding image to 346875]
Image moved in INT-APPLY
Loading "interrupts.lsp"
Loading "error.lsp"
Loading "socket.lsp"
Loading "ref_lisp.lsp"
Loading "coro.lsp"
[Expanding image to 433593]
Image moved in INT-APPLY
Loading "buffer.lsp"
Loading "strings.lsp"
Loading "verify_code.lsp"
Loading "mex-basic.lsp"
Loading "mex-save-restore.lsp"
Loading "mex-lisp-interfaces.lsp"
(GET-BTREE REDEFINED)
(PUT-BTREE REDEFINED)
(DELETE-BTREE REDEFINED)
(MAP-BTREE REDEFINED)
(MAKE-BTREE REDEFINED)
(COUNT-BTREE REDEFINED)
Loading "mex-transactional.lsp"
0.027 s
Release 16, v7
amos2 -i -o "save 'amos2.dmp'; quit;"
init file: init.lsp init dir ../lsp
Loading "init.lsp"
Loading "amosdef.lsp"
Loading "coredef.lsp"
Loading "lispdef.lsp"
Loading "advise.lsp"
Loading "filepos.lsp"
Loading "client.lsp"
[Expanding image to 177600]
Image moved in APPLY
Loading "basic.lsp"
[Expanding image to 222000]
Image moved in APPLY
[Expanding image to 277500]
Image moved in APPLY
Loading "sort.lsp"
Loading "ppr.lsp"
Loading "trace.lsp"
[Expanding image to 346875]
Image moved in INT-APPLY
Loading "interrupts.lsp"
Loading "error.lsp"
Loading "socket.lsp"
Loading "ref_lisp.lsp"
Loading "coro.lsp"
[Expanding image to 433593]
Image moved in INT-APPLY
Loading "buffer.lsp"
Loading "strings.lsp"
Loading "verify_code.lsp"
Loading "mex-basic.lsp"
Loading "mex-save-restore.lsp"
Loading "mex-lisp-interfaces.lsp"
(GET-BTREE REDEFINED)
(PUT-BTREE REDEFINED)
(DELETE-BTREE REDEFINED)
(MAP-BTREE REDEFINED)
(MAKE-BTREE REDEFINED)
(COUNT-BTREE REDEFINED)
Loading "mex-transactional.lsp"
Loading "misc.lsp"
[Expanding image to 541991]
Image moved in INT-APPLY
Loading "basicoid.lsp"
Loading "relation.lsp"
Loading "function.lsp"
[Expanding image to 677488]
Image moved in INT-APPLY
Loading "foreign.lsp"
Loading "typecheck.lsp"
Loading "variable.lsp"
Loading "predicate_functions.lsp"
Loading "environment.lsp"
[Expanding image to 846860]
Image moved in LIST
Loading "flatten.lsp"
Loading "latebind.lsp"
Loading "comppred.lsp"
Loading "recompile.lsp"
Loading "optimizer.lsp"
[Expanding image to 1058575]
Image moved in INT-APPLY
Loading "olog.lsp"
Loading "subplan.lsp"
Loading "purge.lsp"
Loading "rewrite.lsp"
Loading "TBR.lsp"
Loading "DTR.lsp"
Loading "priority-queue.lsp"
Loading "dynprog.lsp"
[Expanding image to 1323218]
Image moved in MKSYMBOL
Loading "randomopt.lsp"
Loading "normalize.lsp"
Loading "collections.lsp"
Loading "externalize.lsp"
Loading "osql-let.lsp"
Loading "proc.lsp"
Loading "fncall.lsp"
Loading "cursor.lsp"
Loading "createuobj.lsp"
Loading "constructor.lsp"
Loading "deletion.lsp"
Loading "printer.lsp"
Loading "absorbmng.lsp"
Loading "misc.lsp"
Loading "finalizermng.lsp"
[Expanding image to 1654022]
Image moved in LIST
Loading "scan.lsp"
Loading "aclient.lsp"
Loading "server.lsp"
Loading "scan_remote.lsp"
Loading "boot.lsp"
Loading "qd.lsp"
Loading "qd_entry.lsp"
Loading "qd_dsve.lsp"
Loading "qd_dynprog.lsp"
Loading "qd_cost.lsp"
Loading "qd_deftmpfunc.lsp"
Loading "qd_disp.lsp"
Loading "qd_heuristic.lsp"
Loading "qd_misc.lsp"
Loading "qd_print.lsp"
Loading "qd_treedistr.lsp"
Loading "qd_objectloggen.lsp"
Loading "dt.lsp"
Loading "coerce.lsp"
Loading "dtcreate.lsp"
[Expanding image to 2067527]
Image moved in INT-APPLY
Loading "etemplates.lsp"
Loading "typeimp.lsp"
Loading "bulk.lsp"
Loading "mapped.lsp"
Loading "mbindex.lsp"
Loading "new_object.lsp"
Loading "declarations.lsp"
Loading "arginfo.lsp"
Loading "datasource.lsp"
Loading "unload.lsp"
Loading "materialize.lsp"
Loading "comm.lsp"
Loading "tuple.lsp"
Loading "vector.lsp"
Loading "amosfns.lsp"
[Expanding image to 2584408]
Image moved in PARSE
[Expanding image to 3230510]
Image moved in CONS
Loading "if.lsp"
Loading "tr-rewrites.lsp"
Loading "temporal.lsp"
Loading "tclose.lsp"
Loading "topk.lsp"
Loading "extplot.lsp"
Recompiling #[OID 353 "CHARSTRING.EVAL->OBJECT"]
Loading "stream.lsp"
Reading AmosQL statements from "functions.osql"
Recompiling #[OID 353 "CHARSTRING.EVAL->OBJECT"]
{"X","Y"}
Recompiling #[OID 353 "CHARSTRING.EVAL->OBJECT"]
Recompiling #[OID 353 "CHARSTRING.EVAL->OBJECT"]
Recompiling #[OID 353 "CHARSTRING.EVAL->OBJECT"]
[Expanding image to 4038137]
Image moved in LIST
#[OID 790 "PI"]
#[OID 140 "FUNCTIONNAMED"]
#[OID 142 "TYPENAMED"]
#[OID 535 "THERESOLVENT"]
#[OID 75 "VECTOR"]
Reading AmosQL statements from "streams.osql"
Recompiling #[OID 353 "CHARSTRING.EVAL->OBJECT"]
Reading AmosQL statements from "peer.osql"
Reading AmosQL statements from "goovi-servers.osql"
Loading "compl.lsp"
Reading AmosQL statements from "updates.osql"
Loading "updates.lsp"
Loading "abstract-function.lsp"
Reading AmosQL statements from "constructor.osql"
Loading "groupby.lsp"
Loading "record.lsp"
Reading AmosQL statements from "record.osql"
Reading AmosQL statements from "unloadschema.osql"
Loading "unloadschema.lsp"
"unloadschema.lsp"
Reading AmosQL statements from "RDF.osql"
Loading "multicast.lsp"
"disable translator.lsp"
"BigIntegrator is enabled"
Reading AmosQL statements from "master.amosql"
Loading "../../src/Lisp/integrator.lsp"
"../../src/Lisp/integrator.lsp"
Reading AmosQL statements from "integrator.amosql"
Reading AmosQL statements from "meta_data.amosql"
Reading AmosQL statements from "cost_model.amosql"
Loading "../../src/Lisp/wrapperfuncs.lsp"
"../../src/Lisp/wrapperfuncs.lsp"
Loading "../../src/Lisp/cost_model.lsp"
"../../src/Lisp/cost_model.lsp"
Loading "../wrappers/load_wrappers.lsp"
Loading "../wrappers/datasource/load_wrapper.lsp"
Reading AmosQL statements from "../wrappers/datasource/typemap.osql"
Loading "../wrappers/datasource/typemap.lsp"
Loading "../wrappers/datasource/core-cluster.lsp"
Reading AmosQL statements from "../wrappers/datasource/core-cluster.osql"
Loading "../wrappers/relational/load_wrapper.lsp"
Loading "../wrappers/relational/relational.lsp"
Reading AmosQL statements from "../wrappers/relational/relational.osql"
Loading "../wrappers/relational/sqlquery.lsp"
Loading "../wrappers/relational/import-table.lsp"
Loading "../wrappers/relational/export-type.lsp"
Loading "../wrappers/relational/exportlog.lsp"
Loading "../wrappers/relational/import-foreign-keys.lsp"
Loading "../wrappers/relational/metadata.lsp"
Loading "../wrappers/relational/sql.lsp"
Loading "../wrappers/relational/relational_translator.lsp"
Reading AmosQL statements from "../wrappers/relational/relational_typemap.osql"
Loading "../wrappers/relational/sql_constructor.lsp"
Loading "../wrappers/JDBC/load_wrapper.lsp"
Loading "../wrappers/JDBC/jdbc.lsp"
Reading AmosQL statements from "../wrappers/JDBC/jdbc.osql"
[Expanding image to 5047671]
Image moved in /PUTOBJECT
Recompiling #[OID 1292 "RELATIONAL.CHARSTRING.CARDINALITY->INTEGER"]
#[OID 1348 "JDBC.CHARSTRING.SQL->VECTOR"]
Recompiling #[OID 1292 "RELATIONAL.CHARSTRING.CARDINALITY->INTEGER"]
Recompiling #[OID 1310 "RELATIONAL.CHARSTRING.DROP_TABLE->INTEGER"]
Recompiling #[OID 1310 "RELATIONAL.CHARSTRING.DROP_TABLE->INTEGER"]
Recompiling #[OID 1310 "RELATIONAL.CHARSTRING.DROP_TABLE->INTEGER"]
#[OID 1349 "JDBC.CHARSTRING.VECTOR.SQL->VECTOR"]
Recompiling #[OID 1291 "RELATIONAL.CHARSTRING.HAS_TABLE->BOOLEAN"]
Recompiling #[OID 1291 "RELATIONAL.CHARSTRING.HAS_TABLE->BOOLEAN"]
Recompiling #[OID 1291 "RELATIONAL.CHARSTRING.HAS_TABLE->BOOLEAN"]
Recompiling #[OID 1306 "RELATIONAL.CHARSTRING.CHARSTRING.REFERENCED_TABLE->CHARSTRING"]
Recompiling #[OID 1306 "RELATIONAL.CHARSTRING.CHARSTRING.REFERENCED_TABLE->CHARSTRING"]
Recompiling #[OID 1306 "RELATIONAL.CHARSTRING.CHARSTRING.REFERENCED_TABLE->CHARSTRING"]
Reading AmosQL statements from "../wrappers/relational/configuration.osql"
#[OID 194 "OBJECT.OBJECT.!=->BOOLEAN"]
#[OID 170 "NUMBER.NUMBER.PLUS->NUMBER"]
#[OID 176 "NUMBER.NUMBER.TIMES->NUMBER"]
#[OID 46 "VECTOR.IN->OBJECT"]
#[OID 212 "NUMBER.ABS->NUMBER"]
#[OID 196 "OBJECT.OBJECT.<->BOOLEAN"]
#[OID 198 "OBJECT.OBJECT.<=->BOOLEAN"]
#[OID 200 "OBJECT.OBJECT.>->BOOLEAN"]
#[OID 202 "OBJECT.OBJECT.>=->BOOLEAN"]
#[OID 450 "CHARSTRING.CHARSTRING.LIKE->BOOLEAN"]
#[OID 28 "OBJECT.OBJECT.=->BOOLEAN"]
Loading "../wrappers/relational/sql_absorber.lsp"
Loading "../wrappers/relational/sql_finalizer.lsp"
Loading "../wrappers/relational/numwrapper.lsp"
Loading "../wrappers/relational/patch.lsp"
Loading "../wrappers/Amos/amos.lsp"
Recompiling #[OID 1264 "RELATIONAL.CHARSTRING.CHARSTRING.CHARSTRING.CONNECT->RELATIONAL"]
Recompiling #[OID 1268 "RELATIONAL.TABLES->CHARSTRING.CHARSTRING.CHARSTRING.CHARSTRING"]
Recompiling #[OID 1269 "CHARSTRING.TABLES->CHARSTRING.CHARSTRING.CHARSTRING.CHARSTRING"]
Recompiling #[OID 1271 "RELATIONAL.CHARSTRING.CHARSTRING.CHARSTRING.COLUMNS->CHARSTRING.CHARSTRING"]
Recompiling #[OID 1272 "RELATIONAL.CHARSTRING.COLUMNS->CHARSTRING.CHARSTRING"]
Recompiling #[OID 1274 "RELATIONAL.CHARSTRING.CHARSTRING.CHARSTRING.PRIMARY_KEYS->CHARSTRING.CHARSTRING"]
Recompiling #[OID 1275 "RELATIONAL.CHARSTRING.PRIMARY_KEYS->CHARSTRING.CHARSTRING"]
Recompiling #[OID 1277 "RELATIONAL.CHARSTRING.IMPORTED_KEYS->CHARSTRING.CHARSTRING.CHARSTRING"]
Recompiling #[OID 1279 "RELATIONAL.CHARSTRING.EXPORTED_KEYS->CHARSTRING.CHARSTRING.CHARSTRING"]
Recompiling #[OID 1281 "RELATIONAL.CHARSTRING.VECTOR.SQL->VECTOR"]
Recompiling #[OID 1282 "RELATIONAL.CHARSTRING.SQL->VECTOR"]
Recompiling #[OID 1283 "CHARSTRING.CHARSTRING.VECTOR.SQL->VECTOR"]
Recompiling #[OID 1284 "CHARSTRING.CHARSTRING.SQL->VECTOR"]
Recompiling #[OID 1286 "RELATIONAL.CHARSTRING.SQLU->INTEGER"]
Recompiling #[OID 1287 "RELATIONAL.CHARSTRING.VECTOR.SQLU->INTEGER"]
Recompiling #[OID 1289 "RELATIONAL.CHARSTRING.READ_SQL->VECTOR"]
Recompiling #[OID 1292 "RELATIONAL.CHARSTRING.CARDINALITY->INTEGER"]
Loading "project/init.lsp"
Loading "project/sql-create.lsp"
Loading "project/sql-insert.lsp"
Loading "project/sql-update.lsp"
Loading "project/sql-delete.lsp"
Loading "project/sql-select.lsp"
Loading "project/sql-drop.lsp"
Loading "mex-utilities.lsp"
Loading "mex-amos-interfaces.lsp"
Loading "mex-relation-save-restore.lsp"
Loading "boot-aqit.lsp"
Loading "aqit_utilities.lsp"
Loading "ud-index-cc.lsp"
Loading "late-tr-rewrite.lsp"
Loading "aqitnew.lsp"
(*AQIT-GCP* RESET)
Loading "aqitmisc.lsp"
Loading "rewrite-matrix.lsp"
Loading "dist-based-index-rewrite2.lsp"
Loading "rewrite-index-phases.lsp"
Loading "mexima.lsp"
Loading "internal-xtree.lsp"
Reading AmosQL statements from "rewriter-knn.osql"
Loading "rewriter-knn.lsp"
Loading "extract-sql.lsp"
Loading "temporal-plus.lsp"
1.355 s
Release 16, v7
**************************************************************************
* Creating Python extender
**************************************************************************
Deleting intermediate files and output files for project 'amos2 - Win32 Release With Debug'.
--------------------Configuration: amos2 - Win32 Release With Debug--------------------
Compiling...
amosmodule.c
pycallout.c
pymodule.c
pyobj.c
Linking...
   Creating library amos2___Win32_Release_With_Debug/amos2.lib and object amos2___Win32_Release_With_Debug/amos2.exp

amos2.pyd - 0 error(s), 0 warning(s)
Deleting intermediate files and output files for project 'pyamos - Win32 Release'.
--------------------Configuration: pyamos - Win32 Release--------------------
Compiling...
amosmodule.c
pyamos_init.c
pycallout.c
pymodule.c
pyobj.c
Linking...
   Creating library Release/python_ext.lib and object Release/python_ext.exp

python_ext.dll - 0 error(s), 0 warning(s)
**************************************************************************
* Creating SSDM extender
**************************************************************************
Deleting intermediate files and output files for project 'ssdm - Win32 Release'.
Deleting intermediate files and output files for project 'ssdm - Win32 Debug'.
--------------------Configuration: ssdm - Win32 Release--------------------
Compiling...
nma.c
nma_chunks.c
nma_fns.c
numarray.c
c:\AmosNT\scsq\C\numarray.c(61) : warning C4273: 'NUMARRAYTYPE' : inconsistent dll linkage.  dllexport assumed.
c:\AmosNT\scsq\C\numarray.c(972) : warning C4244: 'initializing' : conversion from 'double ' to 'float ', possible loss of data
sqond.c
w.c
Linking...
   Creating library Release/ssdm.lib and object Release/ssdm.exp

ssdm.dll - 0 error(s), 2 warning(s)
        1 file(s) copied.
Release 16, v7
Loading "lsp/master.lsp"
Loading "../scsq/lsp/numarray.lsp"
Loading "turtle-reader.lsp"
Loading "sparql-stream-parser.lsp"
Loading "grab.lsp"
Loading "chunked-read-token.lsp"
Loading "../../lsp/grm/parse-utils.lsp"
Loading "rdf-types.lsp"
Loading "sparql-lsp-parser-datamodel.lsp"
Loading "sparql-slr1.lsp"
Loading "nma.lsp"
[Expanding image to 6309588]
Image moved in FUNCTION
Loading "reader-utils.lsp"
Loading "chelonia-reader.lsp"
Loading "turtle-slr1.lsp"
Loading "sparql-wrapper.lsp"
Loading "sparql-translator.lsp"
Loading "sparql-utils.lsp"
Loading "uri-to-fn.lsp"
Loading "nma-fns.lsp"
**************************************************************************
* Creating JavaAmos.dll
**************************************************************************
Building default target: JavaAmos - Win32 Debug
--------------------Configuration: JavaAmos - Win32 Debug--------------------
Linking...
LINK : warning LNK4075: ignoring /EDITANDCONTINUE due to /INCREMENTAL:NO specification
   Creating library Debug/JavaAmos.lib and object Debug/JavaAmos.exp

JavaAmos.dll - 0 error(s), 1 warning(s)
**************************************************************************
* Creating javaamos.jar
**************************************************************************
gmake: Entering directory `c:/AmosNT/java'
cd classdir && jar xf ../lib/goovilib.jar
javac -d classdir -classpath "lib/jbcl.jar;lib/jcchart.jar;lib/jctable.jar;lib/jgl3.1.0.jar" callin/*.java callout/*.java Goovi/*.java JavaAMOS.java SWARD.java
Note: Some input files use unchecked or unsafe operations.
Note: Recompile with -Xlint:unchecked for details.
cd classdir && jar cf C:\AmosNT/bin/javaamos.jar *
gmake: Leaving directory `c:/AmosNT/java'
jar uvf ../../bin/javaamos.jar jdbc_interface/ResultSetWrapper.class jdbc_interface/JDBCInterface.class jdbc_interface/ConnectionWrapper.class 
adding: jdbc_interface/ResultSetWrapper.class(in = 5513) (out= 3029)(deflated 45%)
adding: jdbc_interface/JDBCInterface.class(in = 8416) (out= 3934)(deflated 53%)
adding: jdbc_interface/ConnectionWrapper.class(in = 6201) (out= 3001)(deflated 51%)
Done.
----------------Remote evaluation--------------------
Release 16, v7
Loading "remoteeval.lsp"
[Waiting for (A B) ...]
[Expanding image to 541991]
Image moved in OPEN-SOCKET-BLOCK
[Testing Basic remote evaluation ...OK]
----------------Remote scans--------------------
Release 16, v7
Loading "remotescan.lsp"
[Waiting for A ...]
[Testing Remote scans ...OK]
[Testing Error handling ...OK]
[Testing Killing remote scan ...OK]
----------------Starting servers----------------
Release 16, v7
[Waiting for "foo" ...]
----------------Lisp kernel regression test----------------
Release 16, v7
Loading "lispfns.lsp"
Loading "dynclosure.lsp"
[Testing Dynamic closures ...[Expanding image to 541991]
Image moved in L-FIRST
OK]
Loading "basic.lsp"
[Testing Lisp reader ...Illegal S-expression, end of file in list (line 1)
OK]
[Testing Read token ...OK]
[Testing equality ...OK]
[Testing Arrays ...[Expanding image to 677488]
Image moved in MKARRAY
[Expanding image to 846860]
Image moved in MKARRAY
[Expanding image to 1058575]
Image moved in MKARRAY
[Expanding image to 1323218]
Image moved in MKARRAY
[Expanding image to 1654022]
Image moved in MKARRAY
OK]
[Testing macros ...OK]
[Testing memory leaks ...OK]
[Testing Hash tables ...OK]
[Testing Hash scalability ...[Expanding image to 2067527]
Image moved in PUTHASH
OK]
[Testing Extra string functions ...OK]
[Testing Overflow arithmetics ...OK]
Loading "time.lsp"
[Testing timeval ...OK]
Loading "btree.lsp"
[Testing B-tree search ...OK]
[Testing B-tree deletion ...OK]
Loading "mexi.lsp"
[Testing Bite the tail ...OK]
[Testing memory leaks 2 ...OK]
[Testing Lisp code valid ...OK]
[Testing rollout ...OK]
[Testing Rollin of B-tree ...OK]
Release 16, v7
----------------Kernel regression test----------------
Release 16, v7
Reading AmosQL statements from "testin.osql"
Reading AmosQL statements from "test.osql"
[Testing Amos Lisp code ...OK]
Reading AmosQL statements from "readtest.osql"
[Testing AmosQL strings ...OK]
[Testing Binary arrays and RAM streams ...OK]
Reading AmosQL statements from "nb_printread.osql"
[Testing Nonblocking I/O primitives ...OK]
Loading "coroutines.lsp"
[Testing Coroutines ...OK]
[Testing coroutine merge operator ...OK]
[Testing Non-blocking sleep in parallel ...OK]
[Testing Coroutine vector union ...OK]
[Testing co-resumev timeout ...OK]
[Testing Coroutines with closures ...OK]
[Testing co-vresumev ...OK]
"coroutines.lsp"
Reading AmosQL statements from "cfunctions.osql"
[Testing amosfns.c ...OK]
[Testing mapfuntion-apply ...OK]
[Testing lispfns.c ...OK]
[Testing aggops.c ...OK]
[Testing degerenerate FF true ...OK]
[Testing many wildcards in ObjectLog ...OK]
[Testing memory bug ...OK]
[Testing Rebinding in-parameter ...OK]
Reading AmosQL statements from "testamos.osql"
[Testing basic ...OK]
[Testing Casting ...OK]
[Testing type hierarchy ...OK]
[Testing arithmetics ...OK]
[Testing Comparisons ...OK]
[Testing constraints ...OK]
[Testing exists ...OK]
[Testing disjunction ...OK]
[Testing inequality ...OK]
[Testing typemapping ...OK]
[Testing Ravi's example ...OK]
[Testing equality simplifications ...OK]
[Testing Equivalent actual parameters ...OK]
(TRUEE->BOOLEAN REDEFINED)
WARNING! Redefined function: TRUEE->BOOLEAN
[Testing Foreign Lisp functions ...OK]
[Testing overspecified ff ...OK]
[Testing Type checking of name functions and types ...OK]
[Testing set/add/remove with bag semantics ...OK]
[Testing Undo delete function ...OK]
[Testing Clearing functions without logging ...OK]
[Testing Referential integrity of types and functions ...OK]
[Testing Ambigouos resolvents ...OK]
[Testing Dynamic type change ...OK]
[Testing Undo of upper cardinality test ...OK]
[Testing Zero arity ...OK]
[Testing Boolean variables ...OK]
[Testing Boolean functions ...OK]
[Testing Utility functions ...OK]
[Testing Boolean comparisons ...OK]
[Testing Complex numbers ...OK]
[Testing Environment variable scoping ...OK]
[Testing String functions ...OK]
[Testing Evabugs ...OK]
[Testing many wildcards in ObjectLog ...OK]
[Testing Occurs check ...OK]
[Testing Cost functions ...OK]
[Testing Declaration errors ...OK]
[Testing Transactional interface variables ...OK]
Loading "mapquery.lsp"
[Testing MAP-QUERY and MATERIALIZE-QUERY ...OK]
"mapquery.lsp"
Loading "scanregress.lsp"
[Testing Scan ...OK]
"scanregress.lsp"
"No normalization"
Reading AmosQL statements from "testamos.osql"
[Testing basic ...OK]
[Testing Casting ...OK]
WARNING! Redefined function: OCOMP
(GETTYPEL REDEFINED)
WARNING! Redefined function: GETTYPEL
[Testing type hierarchy ...OK]
[Testing arithmetics ...OK]
[Testing Comparisons ...OK]
[Testing constraints ...OK]
[Testing exists ...OK]
[Testing disjunction ...OK]
[Testing inequality ...OK]
[Testing typemapping ...OK]
[Testing Ravi's example ...OK]
[Testing equality simplifications ...OK]
[Testing Equivalent actual parameters ...OK]
(TRUEE->BOOLEAN REDEFINED)
WARNING! Redefined function: TRUEE->BOOLEAN
(NUMBER.EVENP->BOOLEAN-+ REDEFINED)
WARNING! Redefined function: NUMBER.EVENP->BOOLEAN-+
(NUMBER.SQRT1->NUMBER-+ REDEFINED)
WARNING! Redefined function: NUMBER.SQRT1->NUMBER-+
(NUMBER.SQRT2->REAL.REAL-++ REDEFINED)
WARNING! Redefined function: NUMBER.SQRT2->REAL.REAL-++
(ONE->INTEGER+ REDEFINED)
WARNING! Redefined function: ONE->INTEGER+
[Testing Foreign Lisp functions ...OK]
(FOOBAR.TITLE->CHARSTRING-+ REDEFINED)
WARNING! Redefined function: FOOBAR.TITLE->CHARSTRING-+
[Testing overspecified ff ...OK]
[Testing Type checking of name functions and types ...OK]
[Testing set/add/remove with bag semantics ...OK]
[Testing Undo delete function ...OK]
[Testing Clearing functions without logging ...OK]
[Testing Referential integrity of types and functions ...OK]
[Testing Ambigouos resolvents ...OK]
[Testing Dynamic type change ...OK]
[Testing Undo of upper cardinality test ...OK]
[Testing Zero arity ...OK]
[Testing Boolean variables ...OK]
[Testing Boolean functions ...OK]
[Testing Utility functions ...OK]
[Testing Boolean comparisons ...OK]
[Testing Complex numbers ...OK]
[Testing Environment variable scoping ...OK]
WARNING! Redefined function: PERSNAME1
WARNING! Redefined function: PERSNAME2
WARNING! Redefined function: PERSNAME3
WARNING! Redefined function: PERSNAME4
WARNING! Redefined function: ATOMINDEF
[Testing String functions ...OK]
[Testing Evabugs ...OK]
[Testing many wildcards in ObjectLog ...OK]
[Testing Occurs check ...OK]
WARNING! Redefined function: DFLT
WARNING! Redefined function: CTESTBF
WARNING! Redefined function: CTESTFF
[Testing Cost functions ...OK]
[Testing Declaration errors ...OK]
[Testing Transactional interface variables ...OK]
"DNF normalization"
Reading AmosQL statements from "resolverr.osql"
[Testing Type checking ...OK]
Reading AmosQL statements from "apply.osql"
[Testing eval ...OK]
[Testing Forward apply ...OK]
[Testing Inverse apply ...OK]
[Testing Cached function application ...OK]
Reading AmosQL statements from "bags.osql"
[Testing Bag variables ...OK]
[Testing Bag construction ...OK]
[Testing Bag function assignments ...OK]
[Testing Materialized bags ...OK]
Reading AmosQL statements from "tuple.osql"
[Testing Tuples ...OK]
[Testing Bags of tuples ...OK]
[Testing Vector of tuples ...OK]
Reading AmosQL statements from "wildcard.osql"
#[OID 2087]
#[OID 2089]
#[OID 2088]
[Testing The distinct bug ...OK]
Reading AmosQL statements from "disjunctions.osql"
[Testing unification of or in and ...OK]
[Testing No DNF normalization ...OK]
"No normalization"
[Testing No DNF normalization ...OK]
TRUE
Reading AmosQL statements from "null.osql"
[Testing NIL values ...OK]
[Testing Illegal type tolerance ...OK]
[Testing NIL in vector ...OK]
[Testing Outer union all ...OK]
Reading AmosQL statements from "optional.osql"
[Testing optional ...OK]
[Testing parallel unbound optional ...OK]
[Testing unbound parallel optional with predicates inbetween ...OK]
[Testing optional in disjunction ...OK]
[Testing Unify optional ...OK]
Reading AmosQL statements from "paroptional.osql"
[Testing Official optional ...OK]
[Testing Query 1 ...OK]
[Testing Query 2 ...OK]
[Testing Query 3 ...OK]
[Testing Query 4 ...OK]
Reading AmosQL statements from "rewrite.osql"
#[OID 140 "FUNCTIONNAMED"]
#[OID 169 "PLUS"]
[Testing TR rewrite rules ...OK]
[Testing Inferencing vector access ...OK]
#[OID 169 "PLUS"]
#[OID 173 "MINUS"]
#[OID 68 "CONCAT"]
#[OID 75 "VECTOR"]
[Testing Partial evaluation of vector construction ...OK]
Reading AmosQL statements from "multidir.osql"
[Testing multidirectional ...OK]
WARNING! Redefined function: DFLT
WARNING! Redefined function: CTESTBF
WARNING! Redefined function: CTESTFF
[Testing Cost functions ...OK]
[Testing Multidirectional derived functions ...OK]
Redefining #[OID 2157 "NUMBER.SQUARE->NUMBER"]
Recompiling #[OID 2157 "NUMBER.SQUARE->NUMBER"]
[Testing Costs of multidirectional derived functions ...OK]
Reading AmosQL statements from "compkey.osql"
{"I","J"}
{"R"}
{"I","J"}
{"I","R"}
{"R"}
{"I","J"}
{"R"}
{"I","J"}
[Testing Compound keys ...OK]
Reading AmosQL statements from "mapped.osql"
[Testing Mapped types ...OK]
Reading AmosQL statements from "coerce.osql"
[Testing Coereced numeric inequality ...
WARNING: Coercing argument in call to p1(Integer)->Integer when loading c:/AmosNT/regress/coerce.osql 35
OK]

WARNING: Coercing argument in call to iplus(Integer,Integer)->Integer in function ADD1 when loading c:/AmosNT/regress/coerce.osql 46
[Testing Coersion ...
WARNING: Coercing argument in call to iplus(Integer,Integer)->Integer when loading c:/AmosNT/regress/coerce.osql 60

WARNING: Coercing argument in call to fplus(Real,Real)->Real when loading c:/AmosNT/regress/coerce.osql 60

WARNING: Coercing argument in call to iplus(Integer,Integer)->Integer when loading c:/AmosNT/regress/coerce.osql 60

WARNING: Coercing argument in call to sum(Bag of Number)->Number when loading c:/AmosNT/regress/coerce.osql 60

WARNING: Coercing argument in call to count(Bag)->Integer when loading c:/AmosNT/regress/coerce.osql 60

WARNING: Coercing argument in call to avg(Bag of Number)->Number when loading c:/AmosNT/regress/coerce.osql 60
OK]
Reading AmosQL statements from "optimizer.osql"
(PLAN-TRAIL REDEFINED)
WARNING! Redefined function: PLAN-TRAIL
[Testing Reoptimization ...OK]
[Testing Default cost model ...OK]
[Testing Cost model for combiners ...OK]
Reading AmosQL statements from "distinct.osql"
[Testing distinct ...OK]
Loading "testsubplan.lsp"
[Testing plan splitting ...OK]
[Testing Using nested transients ...OK]
"testsubplan.lsp"
Reading AmosQL statements from "sample.osql"
[Testing Name of software department ...OK]
[Testing The employees in the software department ...OK]
[Testing Find the dept where Jim works ...OK]
[Testing Find the names of the employees working in the dept
where Betty is the manager ...OK]
[Testing Before overloading ...OK]
[Testing After overloading ...Recompiling #[OID 2353 "EMPLOYEE.TAKE_HOME_PAY->INTEGER"]
OK]
[Testing remove and add type, referential integrity ...OK]
Reading AmosQL statements from "person.osql"
[Testing Find names and ages of all persons: ...OK]
[Testing Find the names of all Noah's cousins: ...OK]
[Testing Find the rank of Adam's grandchild: ...OK]
[Testing Find names of all of Seth's grandchildren: ...OK]
[Testing Find all criminals and their crimes: ...OK]
Reading AmosQL statements from "school.osql"
[Testing Find names and ages of all persons ...OK]
[Testing Find names of all students who enrolled in biology ...OK]
[Testing Find names of all cousins of Joe ...OK]
[Testing Find all students who enrolled in classes in which their cousins enrolled ...OK]
Reading AmosQL statements from "cursor.osql"
[Testing trivial cursor ...OK]
TRUE
[Testing Cursor on materialized bag ...OK]
[Testing fetch into ...OK]
TRUE
TRUE
[Testing Cursor procedures ...OK]
Reading AmosQL statements from "join.osql"
[Testing Join methods as procedural functions ...OK]
Reading AmosQL statements from "index.osql"
[Testing Indexing ...OK]
{NIL,NIL}
[Testing Index properties ...OK]
{NIL,NIL}
[Expanding image to 6309588]
Image moved in PUTHASH
[Testing Index statistics ...OK]
[Testing Cardinality constraints ...OK]
Reading AmosQL statements from "drugs.osql"
Reading AmosQL statements from "typeinf.osql"
[Testing Multiple-inheritance type inference for vectors ...OK]
Reading AmosQL statements from "testagg.osql"
[Testing Aggregation ...Recompiling #[OID 2674 "BAG-NUMBER.TAVG->NUMBER"]
OK]
[Testing Unique & Exclusive ...OK]
[Testing Bag literals and functions ...OK]
[Testing Bag coersion when binding variable ...OK]
{NIL,NIL}
[Testing String aggregates ...OK]
[Testing Advanced aggregation ...OK]
[Testing Advanced vector aggregation ...OK]
[Testing Tuple application ...OK]
[Testing Nested collection parameterization ...OK]
[Testing sorting ...OK]
Reading AmosQL statements from "groupby.osql"
[Testing groupBy ...OK]
Reading AmosQL statements from "testvector.osql"
[Testing vector operations ...OK]
[Testing Element-wise operations ...OK]
[Testing Vector-scalar operations ...OK]
[Testing Vector plus scalar ...OK]
[Testing Boolean vectors ...OK]
[Testing Coercing tuples to vectors ...OK]
[Testing Nested vector operations ...OK]
[Testing Euclid ...OK]
[Testing Euclid at overflow ...OK]
[Testing Minkowski ...OK]
[Testing lim r->0 Minkowski(x, y, r)->dim^(1/r), |x|, |y| > 0 ...OK]
[Testing Minkowski(x, y, r) = x, |y| = 0 ...OK]
[Testing Minkowski at overflow ...OK]
[Testing Maxnorm ...OK]
[Testing median ...OK]
[Testing zeros and ones ...OK]
[Testing Vectorize ...OK]
[Testing power using ^ ...OK]
[Testing elempower using .^ ...OK]
[Testing aggv on vectors of different dimensionality ...OK]
[Testing aggv ...OK]
[Testing aggv on zeros or ones ...OK]
[Testing vector roundto ...OK]
[Testing PCA on empty set ...OK]
[Testing PCA with extreme covariance ...OK]
[Testing sortpca ...OK]
[Testing PCA projection with extreme covariance ...OK]
[Testing PCA projection with extreme covariance and labels ...OK]
[Testing Full PCA projection of a moderately sized data set ...OK]
Reading AmosQL statements from "sig10.osql"
[Expanding image to 7886985]
Image moved in INT-APPLY
Reading AmosQL statements from "sig10.osql"
[Expanding image to 9858731]
Image moved in INT-APPLY
Reading AmosQL statements from "streams.osql"
[Testing Datatype STREAM ...OK]
[Testing Scans over streams ...OK]
[Testing CSV file stream ...OK]
Loading "topk.lsp"
[Testing topk and leastk ...OK]
Loading "ntuples.lsp"
[Testing write_ntuples on numbers ...OK]
[Testing read_ntuples on numbers ...OK]
[Testing read_ and write_ntuples on textstrings ...OK]
Loading "plot.lsp"
[Testing extplotexport of bag of vector ...OK]
[Testing extplotexportv of vector of vector ...OK]
[Testing winplotstring ...OK]
[Testing linuxplotstring ...OK]
Loading "record.lsp"
[Testing record creation ...OK]
[Testing Record comparison ...OK]
[Testing Record AmosQL functions ...OK]
[Testing empty record read/write ...: #[RECORD 0 ] OK]
[Testing record read/write ...: #[RECORD 0 key1 value1] OK]
[Testing stream source read/write ...: #[RECORD 1 key1 val1 Key2 VAL2] OK]
[Testing print-record for record and streamsrc ...OK]
Reading AmosQL statements from "prime.osql"
[Testing Generating prime numbers ...[9593 prime numbers .. 0.367999999999999 s]
OK]
Reading AmosQL statements from "genoverl.osql"
Redefining #[OID 2887 "PERSON.STUDENT.WE_KNOW_ONE_LIKE_THAT->JOBOE"]
Recompiling #[OID 2887 "PERSON.STUDENT.WE_KNOW_ONE_LIKE_THAT->STUDENT"]
Redefining #[OID 2890 "PERSON.JOBOE.WE_KNOW_ONE_LIKE_THAT->JOBOE"]
Recompiling #[OID 2890 "PERSON.JOBOE.WE_KNOW_ONE_LIKE_THAT->STUDENT"]
Redefining #[OID 2904 "INTEGER.FOO->INTEGER"]
Recompiling #[OID 2904 "INTEGER.FOO->CHARSTRING"]
[Testing Type resolution ...OK]
Redefining #[OID 2917 "NUMBER.ADD1->INTEGER"]
Recompiling #[OID 2917 "NUMBER.ADD1->REAL"]
[Testing Full overloading ...OK]
[Testing Recognition of erroneous  function calls ...OK]
[Testing Width errors ...OK]
[Testing Late binding due to overloading on second argument ...OK]
[Testing Top ...OK]
[Testing value of add set remove ...OK]
Recompiling #[OID 2991 "LIT.TEST->BOOLEAN"]
TRUE
[Testing Late binding on function with boolean result ...OK]
Reading AmosQL statements from "proc.osql"
[Testing updates on copy ...OK]
[Testing updates on original ...OK]
[Testing procedures ...OK]
[Testing Dynamic updates ...OK]
#[OID 3124]
#[OID 3130]
[Testing Advanced object construction ...OK]
[Testing Lazy if ...OK]
[Testing Bag variables in procedures ...OK]
[Testing Set orineted update procedures ...OK]
Redefining #[OID 3158 "NUMBER.P1->NUMBER"]
Recompiling #[OID 3158 "NUMBER.P1->NUMBER"]
[Testing Rollback procedure definition ...OK]
[Testing Calling bag valued procedures ...OK]
Reading AmosQL statements from "recproc.osql"
[Testing recursive procedure ...OK]
Reading AmosQL statements from "lobbug.osql"
[Testing The Loborg Bug ...OK]
[Testing Dummy Select ...OK]
Reading AmosQL statements from "inferequal.osql"
[Testing Foreign function keys and type containers ...OK]
Reading AmosQL statements from "constructor.osql"
[Testing Type constructors ...OK]
[Testing Function returning bag ...OK]
[Testing Typed sequences ...OK]
[Testing IN generator ...OK]
Reading AmosQL statements from "redeffns.osql"
Redefining #[OID 3229 "INTEGER.F1->INTEGER"]
Recompiling #[OID 3229 "INTEGER.F1->INTEGER"]
Recompiling #[OID 3232 "INTEGER.F2->INTEGER"]
Redefining #[OID 3234 "IB->INTEGER"]
Recompiling #[OID 3234 "IB->INTEGER"]
Recompiling #[OID 3236 "IC->INTEGER"]
[Testing defining and redefining functions ...Redefining #[OID 3224 "PERSON.INCOME->INTEGER"]
Recompiling #[OID 3224 "PERSON.INCOME->INTEGER"]
OK]
Redefining #[OID 3241 "INTEGER.FUM->BOOLEAN"]
Recompiling #[OID 3241 "INTEGER.FUM->BOOLEAN"]
Redefining #[OID 3244 "INTEGER.FII->INTEGER"]
Recompiling #[OID 3244 "INTEGER.FII->INTEGER"]
[Testing defining and redefining procedures ...OK]
Recompiling #[OID 3253 "ALLSAL->INTEGER"]
[Testing Adding and removing overrides ...Recompiling #[OID 3253 "ALLSAL->INTEGER"]
Recompiling #[OID 3253 "ALLSAL->INTEGER"]
Recompiling #[OID 3249 "PERSON.SALARY->INTEGER"]
OK]
Reading AmosQL statements from "testlate.osql"
[Testing late binding ...OK]
Redefining #[OID 3288 "EMPLOYEE.TAX->INTEGER"]
Recompiling #[OID 3288 "EMPLOYEE.TAX->REAL"]
[Testing object creation for types with overloaded properties ...OK]
[Testing A bug that has ceased to be ...OK]
[Testing arbitrary overloading with late bound calls ...OK]
[Testing More arbitrary overloading tests ...OK]
[Testing Tuple result DTR ...OK]
[Testing Late bound update ...OK]
Reading AmosQL statements from "if.osql"
[Testing Atomic boolean condition ...OK]
[Testing then part of if-then-else... ...OK]
[Testing else part of if-then-else... ...OK]
[Testing null values in if-then-else ...OK]
Reading AmosQL statements from "correctedbugs.osql"
[Testing arithmetic comparison ...OK]
[Testing bar()=bar()+1 ...OK]
Reading AmosQL statements from "tclose.osql"
[Testing Transitive closure ...OK]
Reading AmosQL statements from "mbt.osql"
{NIL,NIL}
{NIL,NIL}
[Testing Main memory btree index 1 ...OK]
{NIL,NIL}
{NIL,NIL}
{NIL,NIL}
{NIL,NIL}
{NIL,NIL}
{NIL,NIL}
[Testing Main memory btree index 2 ...OK]
[Testing Index statistics 1 ...OK]
[Testing Btree deletion ...OK]
[Testing Index statistics 2 ...OK]
Recompiling #[OID 3468 "PERSON.SSN->INTEGER"]
Recompiling #[OID 3471 "PERSON.AGE->INTEGER"]
Recompiling #[OID 3469 "PERSON.NAME->CHARSTRING"]
Recompiling #[OID 3475 "EXTENT_PERSON->PERSON"]
Recompiling #[OID 3473 "PERSON.INCOME->INTEGER"]
Recompiling #[OID 3475 "EXTENT_PERSON->PERSON"]
[Testing Mapped btree type ...Recompiling #[OID 3468 "PERSON.SSN->INTEGER"]
Recompiling #[OID 3475 "EXTENT_PERSON->PERSON"]
OK]
Reading AmosQL statements from "mbt-rewrite.osql"
{NIL,NIL}
WARNING! Setting undeclared global variable: RES
[Testing MBT rewrites low bound ...OK]
WARNING! Setting undeclared global variable: RES
[Testing MBT rewrites high bound ...OK]
[Testing MBT rewrites low + high bound ...OK]
Reading AmosQL statements from "dt.osql"
[Testing Simple DT select ...OK]
[Testing Stored DT func. query ...OK]
[Testing Old senior tests ...OK]
[Testing adding an instance to DT and materialization ...OK]
[Testing DT with more than one supertype ...OK]
[Testing DT delete instance 1 ...OK]
[Testing DT delete instance 2 ...OK]
[Testing DT delete instance 3 ...OK]
[Testing DTs, OSQL vars and delete ...OK]
[Testing Typed rewrite bug test ...OK]
[Testing Derived meta-type test ...OK]
Reading AmosQL statements from "integr.osql"
"OR"
[Testing IUT. All attributes unique ...OK]
[Testing IUT meta-type test ...OK]
(STUDENT.EMPLOYEE.COID_JOIN_SE->JOIN_SE--+ REDEFINED)
WARNING! Redefined function: STUDENT.EMPLOYEE.COID_JOIN_SE->JOIN_SE--+
(STUDENT.COID_ONLY_STUDENT->ONLY_STUDENT-+ REDEFINED)
WARNING! Redefined function: STUDENT.COID_ONLY_STUDENT->ONLY_STUDENT-+
(EMPLOYEE.COID_ONLY_EMPLOYEE->ONLY_EMPLOYEE-+ REDEFINED)
WARNING! Redefined function: EMPLOYEE.COID_ONLY_EMPLOYEE->ONLY_EMPLOYEE-+
(STUDENT.EMPLOYEE.INTEGER.COID_JOIN_SE->JOIN_SE---+ REDEFINED)
WARNING! Redefined function: STUDENT.EMPLOYEE.INTEGER.COID_JOIN_SE->JOIN_SE---+
(STUDENT.INTEGER.COID_ONLY_STUDENT->ONLY_STUDENT--+ REDEFINED)
WARNING! Redefined function: STUDENT.INTEGER.COID_ONLY_STUDENT->ONLY_STUDENT--+
(EMPLOYEE.INTEGER.COID_ONLY_EMPLOYEE->ONLY_EMPLOYEE--+ REDEFINED)
WARNING! Redefined function: EMPLOYEE.INTEGER.COID_ONLY_EMPLOYEE->ONLY_EMPLOYEE--+
[Testing IUT. Combined reconciled unique attributes. ...OK]
"OR"
(STUDENT.EMPLOYEE.COID_JOIN_SE->JOIN_SE--+ REDEFINED)
WARNING! Redefined function: STUDENT.EMPLOYEE.COID_JOIN_SE->JOIN_SE--+
(STUDENT.COID_ONLY_STUDENT->ONLY_STUDENT-+ REDEFINED)
WARNING! Redefined function: STUDENT.COID_ONLY_STUDENT->ONLY_STUDENT-+
(EMPLOYEE.COID_ONLY_EMPLOYEE->ONLY_EMPLOYEE-+ REDEFINED)
WARNING! Redefined function: EMPLOYEE.COID_ONLY_EMPLOYEE->ONLY_EMPLOYEE-+
(STUDENT.EMPLOYEE.INTEGER.COID_JOIN_SE->JOIN_SE---+ REDEFINED)
WARNING! Redefined function: STUDENT.EMPLOYEE.INTEGER.COID_JOIN_SE->JOIN_SE---+
(STUDENT.INTEGER.COID_ONLY_STUDENT->ONLY_STUDENT--+ REDEFINED)
WARNING! Redefined function: STUDENT.INTEGER.COID_ONLY_STUDENT->ONLY_STUDENT--+
(EMPLOYEE.INTEGER.COID_ONLY_EMPLOYEE->ONLY_EMPLOYEE--+ REDEFINED)
WARNING! Redefined function: EMPLOYEE.INTEGER.COID_ONLY_EMPLOYEE->ONLY_EMPLOYEE--+
[Testing IUT. All attributes unique. Key conversion ...OK]
"OR"
(STUDENT.EMPLOYEE.COID_JOIN_SE->JOIN_SE--+ REDEFINED)
WARNING! Redefined function: STUDENT.EMPLOYEE.COID_JOIN_SE->JOIN_SE--+
(STUDENT.COID_ONLY_STUDENT->ONLY_STUDENT-+ REDEFINED)
WARNING! Redefined function: STUDENT.COID_ONLY_STUDENT->ONLY_STUDENT-+
(EMPLOYEE.COID_ONLY_EMPLOYEE->ONLY_EMPLOYEE-+ REDEFINED)
WARNING! Redefined function: EMPLOYEE.COID_ONLY_EMPLOYEE->ONLY_EMPLOYEE-+
(STUDENT.EMPLOYEE.INTEGER.COID_JOIN_SE->JOIN_SE---+ REDEFINED)
WARNING! Redefined function: STUDENT.EMPLOYEE.INTEGER.COID_JOIN_SE->JOIN_SE---+
(STUDENT.INTEGER.COID_ONLY_STUDENT->ONLY_STUDENT--+ REDEFINED)
WARNING! Redefined function: STUDENT.INTEGER.COID_ONLY_STUDENT->ONLY_STUDENT--+
(EMPLOYEE.INTEGER.COID_ONLY_EMPLOYEE->ONLY_EMPLOYEE--+ REDEFINED)
WARNING! Redefined function: EMPLOYEE.INTEGER.COID_ONLY_EMPLOYEE->ONLY_EMPLOYEE--+
[Testing IUT. Same attribute names in reconciled attributes. ...OK]
(STUDENT.EMPLOYEE.COID_JOIN_SE->JOIN_SE--+ REDEFINED)
WARNING! Redefined function: STUDENT.EMPLOYEE.COID_JOIN_SE->JOIN_SE--+
(STUDENT.COID_ONLY_STUDENT->ONLY_STUDENT-+ REDEFINED)
WARNING! Redefined function: STUDENT.COID_ONLY_STUDENT->ONLY_STUDENT-+
(EMPLOYEE.COID_ONLY_EMPLOYEE->ONLY_EMPLOYEE-+ REDEFINED)
WARNING! Redefined function: EMPLOYEE.COID_ONLY_EMPLOYEE->ONLY_EMPLOYEE-+
(STUDENT.EMPLOYEE.INTEGER.COID_JOIN_SE->JOIN_SE---+ REDEFINED)
WARNING! Redefined function: STUDENT.EMPLOYEE.INTEGER.COID_JOIN_SE->JOIN_SE---+
(STUDENT.INTEGER.COID_ONLY_STUDENT->ONLY_STUDENT--+ REDEFINED)
WARNING! Redefined function: STUDENT.INTEGER.COID_ONLY_STUDENT->ONLY_STUDENT--+
(EMPLOYEE.INTEGER.COID_ONLY_EMPLOYEE->ONLY_EMPLOYEE--+ REDEFINED)
WARNING! Redefined function: EMPLOYEE.INTEGER.COID_ONLY_EMPLOYEE->ONLY_EMPLOYEE--+
[Testing IUT. Same attribute names in reconciled attributes and integrated attribute. ...OK]
Reading AmosQL statements from "test_temporal.osql"
|1995-10-13/18:11:43|
|1995-10-13|
|18:11:43|
|[|1996-02-01/15:29:10|,|1996-02-01/15:29:12|]|
[Testing timevals, timeintervals, times, and dates ...OK]
[Testing Converting timeval to real ...OK]
Reading AmosQL statements from "testupdates.osql"
[Testing DIY add function in the static case ...OK]
[Testing DIY remove function in the static case ...OK]
[Testing DIY set function in the static case ...OK]
[Testing DIY add function in the dynamic case ...OK]
[Testing DIY remove function in the dynamic case ...OK]
[Testing DIY set function in the dynamic case ...OK]
[Testing Weird argument types ...OK]
Reading AmosQL statements from "testunload.osql"
"temp.osql"
Reading AmosQL statements from "temp.osql"
[Testing unload ...OK]
Loading "typeinf.lsp"
[Testing Type inference ...OK]
"typeinf.lsp"
Reading AmosQL statements from "transient.osql"
[Testing Transient objects ...OK]
[Testing compare on persistent object with encodes ...OK]
[Testing compare on dum persistent i.e object without encodes ...OK]
[Testing equality between transients and persistent/dum persistent ...OK]
[Testing Transient functions ...OK]
"OR"
Reading AmosQL statements from "testlate.osql"
Recompiling #[OID 4431 "PERSON.INCOME->INTEGER"]
[Testing late binding ...OK]
Redefining #[OID 4454 "EMPLOYEE.TAX->INTEGER"]
Recompiling #[OID 4454 "EMPLOYEE.TAX->REAL"]
[Testing object creation for types with overloaded properties ...OK]
[Testing A bug that has ceased to be ...OK]
WARNING! Redefined function: TESTFN1--+
WARNING! Redefined function: TESTFN1-+-
WARNING! Redefined function: TESTFN1+--
WARNING! Redefined function: TESTFN2--+
WARNING! Redefined function: TESTFN2-+-
WARNING! Redefined function: TESTFN2+--
[Testing arbitrary overloading with late bound calls ...OK]
[Testing More arbitrary overloading tests ...OK]
[Testing Tuple result DTR ...OK]
[Testing Late bound update ...OK]
"DTR"
"randomopt"
Reading AmosQL statements from "testamos.osql"
[Testing basic ...OK]
[Testing Casting ...OK]
WARNING! Redefined function: OCOMP
(GETTYPEL REDEFINED)
WARNING! Redefined function: GETTYPEL
[Testing type hierarchy ...OK]
[Testing arithmetics ...OK]
[Testing Comparisons ...OK]
[Testing constraints ...OK]
[Testing exists ...OK]
[Testing disjunction ...OK]
[Testing inequality ...OK]
[Testing typemapping ...OK]
[Testing Ravi's example ...OK]
[Testing equality simplifications ...OK]
[Testing Equivalent actual parameters ...OK]
(TRUEE->BOOLEAN REDEFINED)
WARNING! Redefined function: TRUEE->BOOLEAN
(NUMBER.EVENP->BOOLEAN-+ REDEFINED)
WARNING! Redefined function: NUMBER.EVENP->BOOLEAN-+
(NUMBER.SQRT1->NUMBER-+ REDEFINED)
WARNING! Redefined function: NUMBER.SQRT1->NUMBER-+
(NUMBER.SQRT2->REAL.REAL-++ REDEFINED)
WARNING! Redefined function: NUMBER.SQRT2->REAL.REAL-++
(ONE->INTEGER+ REDEFINED)
WARNING! Redefined function: ONE->INTEGER+
[Testing Foreign Lisp functions ...OK]
(FOOBAR.TITLE->CHARSTRING-+ REDEFINED)
WARNING! Redefined function: FOOBAR.TITLE->CHARSTRING-+
[Testing overspecified ff ...OK]
[Testing Type checking of name functions and types ...OK]
[Testing set/add/remove with bag semantics ...OK]
[Testing Undo delete function ...OK]
[Testing Clearing functions without logging ...OK]
[Testing Referential integrity of types and functions ...OK]
[Testing Ambigouos resolvents ...OK]
[Testing Dynamic type change ...OK]
[Testing Undo of upper cardinality test ...OK]
[Testing Zero arity ...OK]
[Testing Boolean variables ...OK]
[Testing Boolean functions ...OK]
[Testing Utility functions ...OK]
[Testing Boolean comparisons ...OK]
[Testing Complex numbers ...OK]
[Testing Environment variable scoping ...OK]
WARNING! Redefined function: PERSNAME1
WARNING! Redefined function: PERSNAME2
WARNING! Redefined function: PERSNAME3
WARNING! Redefined function: PERSNAME4
WARNING! Redefined function: ATOMINDEF
[Testing String functions ...OK]
[Testing Evabugs ...OK]
[Testing many wildcards in ObjectLog ...OK]
[Testing Occurs check ...OK]
WARNING! Redefined function: DFLT
WARNING! Redefined function: CTESTBF
WARNING! Redefined function: CTESTFF
[Testing Cost functions ...OK]
[Testing Declaration errors ...OK]
[Testing Transactional interface variables ...OK]
Reading AmosQL statements from "testvector.osql"
[Testing vector operations ...OK]
[Testing Element-wise operations ...OK]
[Testing Vector-scalar operations ...OK]
[Testing Vector plus scalar ...OK]
[Testing Boolean vectors ...OK]
[Testing Coercing tuples to vectors ...OK]
[Testing Nested vector operations ...OK]
[Testing Euclid ...OK]
[Testing Euclid at overflow ...OK]
[Testing Minkowski ...OK]
[Testing lim r->0 Minkowski(x, y, r)->dim^(1/r), |x|, |y| > 0 ...OK]
[Testing Minkowski(x, y, r) = x, |y| = 0 ...OK]
[Testing Minkowski at overflow ...OK]
[Testing Maxnorm ...OK]
[Testing median ...OK]
[Testing zeros and ones ...OK]
[Testing Vectorize ...OK]
[Testing power using ^ ...OK]
[Testing elempower using .^ ...OK]
[Testing aggv on vectors of different dimensionality ...OK]
[Testing aggv ...OK]
[Testing aggv on zeros or ones ...OK]
[Testing vector roundto ...OK]
[Testing PCA on empty set ...OK]
[Testing PCA with extreme covariance ...OK]
[Testing sortpca ...OK]
[Testing PCA projection with extreme covariance ...OK]
[Testing PCA projection with extreme covariance and labels ...OK]
[Testing Full PCA projection of a moderately sized data set ...OK]
Reading AmosQL statements from "sig10.osql"
Reading AmosQL statements from "sig10.osql"
"exhaustive"
"No normalization"
Reading AmosQL statements from "testamos.osql"
[Testing basic ...OK]
[Testing Casting ...OK]
WARNING! Redefined function: OCOMP
(GETTYPEL REDEFINED)
WARNING! Redefined function: GETTYPEL
[Testing type hierarchy ...OK]
[Testing arithmetics ...OK]
[Testing Comparisons ...OK]
[Testing constraints ...OK]
[Testing exists ...OK]
[Testing disjunction ...OK]
[Testing inequality ...OK]
[Testing typemapping ...OK]
[Testing Ravi's example ...OK]
[Testing equality simplifications ...OK]
[Testing Equivalent actual parameters ...OK]
(TRUEE->BOOLEAN REDEFINED)
WARNING! Redefined function: TRUEE->BOOLEAN
(NUMBER.EVENP->BOOLEAN-+ REDEFINED)
WARNING! Redefined function: NUMBER.EVENP->BOOLEAN-+
(NUMBER.SQRT1->NUMBER-+ REDEFINED)
WARNING! Redefined function: NUMBER.SQRT1->NUMBER-+
(NUMBER.SQRT2->REAL.REAL-++ REDEFINED)
WARNING! Redefined function: NUMBER.SQRT2->REAL.REAL-++
(ONE->INTEGER+ REDEFINED)
WARNING! Redefined function: ONE->INTEGER+
[Testing Foreign Lisp functions ...OK]
(FOOBAR.TITLE->CHARSTRING-+ REDEFINED)
WARNING! Redefined function: FOOBAR.TITLE->CHARSTRING-+
[Testing overspecified ff ...OK]
[Testing Type checking of name functions and types ...OK]
[Testing set/add/remove with bag semantics ...OK]
[Testing Undo delete function ...OK]
[Testing Clearing functions without logging ...OK]
[Testing Referential integrity of types and functions ...OK]
[Testing Ambigouos resolvents ...OK]
[Testing Dynamic type change ...OK]
[Testing Undo of upper cardinality test ...OK]
[Testing Zero arity ...OK]
[Testing Boolean variables ...OK]
[Testing Boolean functions ...OK]
[Testing Utility functions ...OK]
[Testing Boolean comparisons ...OK]
[Testing Complex numbers ...OK]
[Testing Environment variable scoping ...OK]
WARNING! Redefined function: PERSNAME1
WARNING! Redefined function: PERSNAME2
WARNING! Redefined function: PERSNAME3
WARNING! Redefined function: PERSNAME4
WARNING! Redefined function: ATOMINDEF
[Testing String functions ...OK]
[Testing Evabugs ...OK]
[Testing many wildcards in ObjectLog ...OK]
[Testing Occurs check ...OK]
WARNING! Redefined function: DFLT
WARNING! Redefined function: CTESTBF
WARNING! Redefined function: CTESTFF
[Testing Cost functions ...OK]
[Testing Declaration errors ...OK]
[Testing Transactional interface variables ...OK]
Reading AmosQL statements from "testvector.osql"
[Testing vector operations ...OK]
[Testing Element-wise operations ...OK]
[Testing Vector-scalar operations ...OK]
[Testing Vector plus scalar ...OK]
[Testing Boolean vectors ...OK]
[Testing Coercing tuples to vectors ...OK]
[Testing Nested vector operations ...OK]
[Testing Euclid ...OK]
[Testing Euclid at overflow ...OK]
[Testing Minkowski ...OK]
[Testing lim r->0 Minkowski(x, y, r)->dim^(1/r), |x|, |y| > 0 ...OK]
[Testing Minkowski(x, y, r) = x, |y| = 0 ...OK]
[Testing Minkowski at overflow ...OK]
[Testing Maxnorm ...OK]
[Testing median ...OK]
[Testing zeros and ones ...OK]
[Testing Vectorize ...OK]
[Testing power using ^ ...OK]
[Testing elempower using .^ ...OK]
[Testing aggv on vectors of different dimensionality ...OK]
[Testing aggv ...OK]
[Testing aggv on zeros or ones ...OK]
[Testing vector roundto ...OK]
[Testing PCA on empty set ...OK]
[Testing PCA with extreme covariance ...OK]
[Testing sortpca ...OK]
[Testing PCA projection with extreme covariance ...OK]
[Testing PCA projection with extreme covariance and labels ...OK]
[Testing Full PCA projection of a moderately sized data set ...OK]
Reading AmosQL statements from "sig10.osql"
Reading AmosQL statements from "sig10.osql"
"DNF normalization"
"ranksort"
Reading AmosQL statements from "manyobjs.osql"
[Testing Creating 10000 objects... ...OK]
#[OID 5199]
Loading "stat.lsp"
[Testing avg ...OK]
[Testing avgstdev on bag of integers ...OK]
[Testing avgstdev on vector of real ...OK]
[Testing over and underflow in avgstdev ...OK]
[Testing vavg ...OK]
[Testing vavgstdev on vector of integers ...OK]
[Testing vavgstdev on vector of real ...OK]
Reading AmosQL statements from "remote.osql"
[Testing Unnamed clients ...WARNING! Setting undeclared global variable: P
WARNING! Setting undeclared global variable: P
OK]
[Testing Remote errors ...OK]
[Testing Remote evaluation and messages ...OK]
[Testing Global remote evaluation ...OK]
[Testing Proxies ...OK]
[Testing Remote queries ...OK]
[Testing Indirect proxies ...OK]
[Testing Meta-Amos queries ...OK]
[Testing poll-sockets ...OK]
Reading AmosQL statements from "remote.osql"
[Testing Unnamed clients ...WARNING! Setting undeclared global variable: P
WARNING! Setting undeclared global variable: P
OK]
[Testing Remote errors ...OK]
[Testing Remote evaluation and messages ...OK]
[Testing Global remote evaluation ...OK]
[Testing Proxies ...OK]
[Testing Remote queries ...OK]
[Testing Indirect proxies ...OK]
[Testing Meta-Amos queries ...OK]
(_NS_ RESET)
(_FIE_ RESET)
[Testing poll-sockets ...OK]
Reading AmosQL statements from "test_jiis_example.osql"
WARNING! Setting undeclared global variable: _USE_DNF_
[Testing MDB test: DT and proxy  definitions ...OK]
[Testing Querying the junior and sportyemp DTs ...OK]
Reading AmosQL statements from "mdb.osql"
WARNING! Setting undeclared global variable: _TREE-DISTRIBUTION_
MDB test: begining of the query compilation tests block
[Testing MDB test: connecting to the servers and importing types and functions ...OK]
[Testing MDB test: definition of derived types over imported types ...OK]
[Testing MDB test: Integration type definition ...OK]
[Testing MDB test: compilation of queries over integration derived types (IT) 
  and late binding over DTs ...OK]
[Testing MDB test: compilation of mdb functions taking parameters ...OK]
MDB test: begining of the execution tests block
[Testing MDB test: parametrized mdb functions ...OK]
[Testing MDB test: querying first level DT subtypes of imported types ...OK]
[Testing MDB test: materialization of  first level instances ...OK]
[Testing MDB test: queries with a single UT function ...OK]
[Testing MDB test: queries with multiple UT functions ...OK]
[Testing MDB test: Materialization of IT instances and type change ...[Expanding image to 12323413]
Image moved in MAKEHASHTABLE
OK]
--------------------Configuration: localThreads - Win32 Debug--------------------
Linking...

localThreads.exe - 0 error(s), 0 warning(s)
--------------------Configuration: crashtest - Win32 Debug--------------------
Linking...

crashtest.exe - 0 error(s), 0 warning(s)
--------------------Configuration: crashex - Win32 Debug--------------------

crashex.exe - 0 error(s), 0 warning(s)
------------------
LocalThreads check
------------------
Testing 1000 threads accessing local db calling niota(10);
Reading AmosQL statements from "defs.osql"
Loading "defs.lsp"
Testing 2 threads accessing local db calling cciota(1000);
Reading AmosQL statements from "defs.osql"
Loading "defs.lsp"
Testing 2 threads accessing local db calling zbg(1);
Reading AmosQL statements from "defs.osql"
Loading "defs.lsp"
About to sleep 1
About to sleep 1
Woke up
Woke up
About to sleep 1
About to sleep 1
Woke up
Woke up
------------------
Coroutine background check
------------------
[Testing coroutine background check ...OK]
----------------Testing XTREE ------------------
The system cannot find the path specified.
'regress.cmd' is not recognized as an internal or external command,
operable program or batch file.
----------------Testing multicasting----------------
Release 16, v7
Reading AmosQL statements from "multicast.osql"
1
"me"
[Testing multicasting ...OK]
"s1"
"s2"
----------------Testing Java interfaces----------------
gmake: Entering directory `c:/AmosNT/java'
javac AmosDemo.java JavaTest.java Foreign.java EvalTest.java trazan.java trazan2.java localThreads.java -cp .
Note: Foreign.java uses or overrides a deprecated API.
Note: Recompile with -Xlint:deprecation for details.
javaamos -O javadefs.osql -o "save 'java.dmp'; quit;"
Release 16, v7
Reading AmosQL statements from "javadefs.osql"
java -d32 -Djava.library.path=C:\AmosNT/bin -classpath C:\AmosNT/bin/javaamos.jar;C:\AmosNT/wrappers/JDBC/;. AmosDemo C:\AmosNT/bin/amos2.dmp
(2) Type USERTYPEOBJECT
(2) Type BAG-(CHARSTRING,CHARSTRING)
(2) Type BAG-(LITERAL,CHARSTRING)
(2) Type BAG-(OBJECT,CHARSTRING)
(2) Type JDBC
(2) Type RELATIONAL
(2) Type EXPRESSION
(2) Type WRAPPER
(2) Type STREAMSRC
(2) Type RECORD
(2) Type COMPLEX
(2) Type STREAM-VECTOR
(2) Type STREAM-COLLECTION
(2) Type VECTOR-VECTOR-CHARSTRING
(2) Type BAG-(REAL,OBJECT)
(2) Type STREAM-(REAL,OBJECT)
(2) Type STREAM-(NUMBER,OBJECT)
(2) Type STREAM-(LITERAL,OBJECT)
(2) Type STREAM-(OBJECT,OBJECT)
(2) Type STREAM-NUMBER
(2) Type VECTOR-FUNCTION
(2) Type BAG-(VECTOR-NUMBER,OBJECT)
(2) Type BAG-(VECTOR-LITERAL,OBJECT)
(2) Type BAG-(NUMBER,VECTOR-NUMBER)
(2) Type BAG-(LITERAL,VECTOR-NUMBER)
(2) Type BAG-(OBJECT,VECTOR-NUMBER)
(2) Type BAG-VECTOR-NUMBER
(2) Type BAG-VECTOR-LITERAL
(2) Type VECTOR-REAL
(2) Type BAG-(INTEGER,REAL)
(2) Type BAG-(NUMBER,REAL)
(2) Type BAG-(LITERAL,REAL)
(2) Type BAG-(OBJECT,REAL)
(2) Type BAG-INTEGER
(2) Type BAG-(INTEGER,OBJECT)
(2) Type BAG-(NUMBER,OBJECT)
(2) Type BAG-(LITERAL,OBJECT)
(2) Type VECTOR-BAG
(2) Type BAG-(INTEGER,NUMBER)
(2) Type BAG-(NUMBER,NUMBER)
(2) Type BAG-(LITERAL,NUMBER)
(2) Type BAG-(OBJECT,NUMBER)
(2) Type VECTOR-CHARSTRING
(2) Type BAG-DATE
(2) Type STREAM-CHARSTRING
(2) Type STREAM-LITERAL
(2) Type BAG-CHARSTRING
(2) Type STREAM
(2) Type VECTOR-INTEGER
(2) Type DATE
(2) Type TIME
(2) Type BOTH_OPEN_TIMEINTERVAL
(2) Type RIGHT_CLOSED_TIMEINTERVAL
(2) Type LEFT_CLOSED_TIMEINTERVAL
(2) Type BOTH_CLOSED_TIMEINTERVAL
(2) Type TIMEINTERVAL
(2) Type TIMEVAL
(2) Type BAG-TYPE
(2) Type BAG-FUNCTION
(2) Type BAG-BOOLEAN
(2) Type BAG-NUMBER
(2) Type BAG-LITERAL
(2) Type VECTOR-TYPE
(2) Type BAG-(VECTOR,OBJECT)
(2) Type BAG-(COLLECTION,OBJECT)
(2) Type BAG-(OBJECT,OBJECT)
(2) Type VECTOR-VECTOR-NUMBER
(2) Type VECTOR-VECTOR-LITERAL
(2) Type VECTOR-VECTOR
(2) Type VECTOR-COLLECTION
(2) Type VECTOR-NUMBER
(2) Type VECTOR-LITERAL
(2) Type BAG-VECTOR
(2) Type BAG-COLLECTION
(2) Type TUPLE
(2) Type SCAN
(2) Type USEROBJECT
(2) Type PROXYTYPE
(2) Type MAPPEDTYPE
(2) Type OPAQUE_PROXY
(2) Type PORT
(2) Type BINARY
(2) Type VECTOR
(2) Type BAG
(2) Type COLLECTION
(2) Type AMOS
(2) Type DATASOURCE
(2) Type BIT
(2) Type BOOLEAN
(2) Type CHARSTRING
(2) Type REAL
(2) Type INTEGER
(2) Type NUMBER
(2) Type LITERAL
(2) Type IUT
(2) Type OBJECT
(2) Type TYPE
(2) Type DERIVEDTYPE
(2) Type RELATION
(2) Type FUNCTION
(2) Type STOREDTYPE
End of simple call test
hej
(3) #[OID 4 "FUNCTION"]
(4) Name: Tore, salary: 1000, score: 3.4
(5) Error: callin.AmosException: ERROR Cannot resolve function call salary(Integer)
Resolvents for SALARY:
salary(Charstring)->(Integer,Real)
(6) Name Kalle, Salary 2000, Score 2.3
(6) Name Tore, Salary 1000, Score 3.4
(6) Name Ulla, Salary 3000, Score 4.6
(8) Person Kalle
(8) Person Ulla
(9) The remaining hobby is Canoing
(10) Rollback worked!
(11) Commit worked!
(12) Investigating properties of object: #[OID 1503 "SALARY"]
(13) The type: #[OID 4 "FUNCTION"]
(14) The name: SALARY
(15) The IDno: 1503
(16) Object number 1503 is: #[OID 1503 "SALARY"]
(17) Creating unnamed object of type PERSON: #[OID 1520 "#[OID 1520]"]
(18) The type: #[OID 1519 "PERSON"]
(19) The name: #[OID 1520]
(20) The IDno: 1520
(24) The AMOS2 type-hierarchy:
OBJECT
    TYPE
        STOREDTYPE
        DERIVEDTYPE
            IUT
        MAPPEDTYPE
            PROXYTYPE
    FUNCTION
        RELATION
    LITERAL
        NUMBER
            INTEGER
            REAL
        CHARSTRING
        BOOLEAN
        BIT
        BINARY
        PORT
        TIMEVAL
        TIMEINTERVAL
            BOTH_CLOSED_TIMEINTERVAL
            LEFT_CLOSED_TIMEINTERVAL
            RIGHT_CLOSED_TIMEINTERVAL
            BOTH_OPEN_TIMEINTERVAL
        TIME
        DATE
        COMPLEX
        EXPRESSION
    DATASOURCE
        AMOS
        WRAPPER
        RELATIONAL
            JDBC
    COLLECTION
        BAG
            BAG-COLLECTION
                BAG-VECTOR
                    BAG-VECTOR-LITERAL
                        BAG-VECTOR-NUMBER
            BAG-(OBJECT,OBJECT)
                BAG-(COLLECTION,OBJECT)
                    BAG-(VECTOR,OBJECT)
                        BAG-(VECTOR-LITERAL,OBJECT)
                            BAG-(VECTOR-NUMBER,OBJECT)
                BAG-(LITERAL,OBJECT)
                    BAG-(NUMBER,OBJECT)
                        BAG-(INTEGER,OBJECT)
                        BAG-(REAL,OBJECT)
            BAG-LITERAL
                BAG-NUMBER
                    BAG-INTEGER
                BAG-BOOLEAN
                BAG-CHARSTRING
                BAG-DATE
            BAG-FUNCTION
            BAG-TYPE
            BAG-(OBJECT,NUMBER)
                BAG-(LITERAL,NUMBER)
                    BAG-(NUMBER,NUMBER)
                        BAG-(INTEGER,NUMBER)
            BAG-(OBJECT,REAL)
                BAG-(LITERAL,REAL)
                    BAG-(NUMBER,REAL)
                        BAG-(INTEGER,REAL)
            BAG-(OBJECT,VECTOR-NUMBER)
                BAG-(LITERAL,VECTOR-NUMBER)
                    BAG-(NUMBER,VECTOR-NUMBER)
            BAG-(OBJECT,CHARSTRING)
                BAG-(LITERAL,CHARSTRING)
                    BAG-(CHARSTRING,CHARSTRING)
        VECTOR
            VECTOR-LITERAL
                VECTOR-NUMBER
                    VECTOR-INTEGER
                    VECTOR-REAL
                VECTOR-CHARSTRING
            VECTOR-COLLECTION
                VECTOR-VECTOR
                    VECTOR-VECTOR-LITERAL
                        VECTOR-VECTOR-NUMBER
                        VECTOR-VECTOR-CHARSTRING
                VECTOR-BAG
            VECTOR-TYPE
            VECTOR-FUNCTION
        SCAN
        TUPLE
        STREAM
            STREAM-LITERAL
                STREAM-CHARSTRING
                STREAM-NUMBER
            STREAM-(OBJECT,OBJECT)
                STREAM-(LITERAL,OBJECT)
                    STREAM-(NUMBER,OBJECT)
                        STREAM-(REAL,OBJECT)
            STREAM-COLLECTION
                STREAM-VECTOR
        RECORD
        STREAMSRC
    OPAQUE_PROXY
    USEROBJECT
        USERTYPEOBJECT
        PERSON
Java exits OK...
javaamos java.dmp -O javatest.osql
Release 16, v7
Reading AmosQL statements from "javatest.osql"
[Testing Foreign functions in Java ...Executing 1+2;
Executing 1+true;
callin.AmosException: ERROR Cannot resolve function call plus(Integer,Boolean)
Resolvents for PLUS:
plus(Date,Number)->Date
plus(Number,Date)->Date
plus(Timeval,Number)->Timeval
plus(Number,Timeval)->Timeval
plus(Complex,Number)->Complex
plus(Number,Complex)->Complex
plus(Complex,Complex)->Complex
plus(Number,Vector)->Vector of Number
plus(Vector,Number)->Vector of Number
plus(Vector,Vector)->Vector of Number
plus(Charstring,Object)->Charstring
plus(Number,Number,Number,Number)->Number
plus(Number,Number,Number)->Number
plus(Number,Number)->Number
	at callin.Connection.execute(Native Method)
	at EvalTest.javaEval(EvalTest.java:52)
	at callin.Connection.amosInit(Native Method)
	at callin.Connection.loadAmos(Connection.java:157)
	at callin.Connection.initializeAmos(Connection.java:135)
	at JavaAMOS.main(JavaAMOS.java:12)
Executing jerror("test");
callin.AmosException: ERROR test
	at EvalTest.jerror(EvalTest.java:93)
	at callin.Connection.execute(Native Method)
	at EvalTest.javaEval(EvalTest.java:52)
	at callin.Connection.amosInit(Native Method)
	at callin.Connection.loadAmos(Connection.java:157)
	at callin.Connection.initializeAmos(Connection.java:135)
	at JavaAMOS.main(JavaAMOS.java:12)
callin.AmosException: ERROR test
	at callin.Connection.execute(Native Method)
	at EvalTest.javaEval(EvalTest.java:52)
	at callin.Connection.amosInit(Native Method)
	at callin.Connection.loadAmos(Connection.java:157)
	at callin.Connection.initializeAmos(Connection.java:135)
	at JavaAMOS.main(JavaAMOS.java:12)
OK]
[Testing Coroutines and Java ...Creating coroutine...
Resuming coroutine...
Executing 1.2;
Back from co-resume
Executing 1.2;
Executing coback();
Executing 1.2;
OK]
Exception in thread "main" Exception in thread "main" Exception in thread "main" java -d32 -Djava.library.path=C:\AmosNT/bin -classpath C:\AmosNT/bin/javaamos.jar;C:\AmosNT/wrappers/JDBC/;. JavaTest 
Initializing ...
[Testing Oid subclass creation ...
OK]
[Testing Primitive Amos interface types ...
OK]
[Testing Iteration through Scans ...
OK]
[Testing Testing calls returning a single row ...
OK]
[Testing fast path interface ...
OK]
[Testing object creation ...
OK]
[Testing Simple foreign function ...
OK]
[Testing Foreign function returning a scan ...
OK]
[Testing Multidirectional foreign function ...
OK]
[Testing Exception raised in foreign function ...
ERROR Cannot resolve function call plus(Integer,Charstring)
Resolvents for PLUS:
plus(Date,Number)->Date
plus(Number,Date)->Date
plus(Timeval,Number)->Timeval
plus(Number,Timeval)->Timeval
plus(Complex,Number)->Complex
plus(Number,Complex)->Complex
plus(Complex,Complex)->Complex
plus(Number,Vector)->Vector of Number
plus(Vector,Number)->Vector of Number
plus(Vector,Vector)->Vector of Number
plus(Charstring,Object)->Charstring
plus(Number,Number,Number,Number)->Number
plus(Number,Number,Number)->Number
plus(Number,Number)->Number
OK]
[Testing Null pointer ...
OK]
[Testing Raising Amos exception ...
callin.AmosException: ERROR Testing error
	at JavaTest.errorbb(JavaTest.java:247)
	at callin.Connection.execute(Native Method)
	at ThrowException.CodeOK(JavaTest.java:526)
	at Regression.Test(JavaTest.java:271)
	at JavaTest.main(JavaTest.java:64)
ERROR Testing error
OK]
[Testing Boolean and null values ...
OK]
[Testing Multi-threaded application ...
>Q1 0
>Q3 1
>Q1 2
<Q1 0
<Q3 1
>Q2 3
<Q1 2
>Q1 4
<Q2 3
>Q3 5
<Q1 4
<Q3 5
>Q1 6
>Q3 7
<Q1 6
<Q3 7
>Q1 8
>Q2 9
<Q1 8
<Q2 9
OK]
[Testing Multi-threaded allocation ...
[Expanding image to 6309588]
Image moved in  *BOTTOM*
[Expanding image to 7886985]
Image moved in  *BOTTOM*
[Expanding image to 9858731]
Image moved in  *BOTTOM*
OK]
Java regression test OK!
Java exits OK...
Exception in thread "main" java -d32 -Djava.library.path=C:\AmosNT/bin -classpath C:\AmosNT/bin/javaamos.jar;C:\AmosNT/wrappers/JDBC/;. localThreads java.dmp 1000 10 niota
Testing 1000 threads accessing local db  calling niota(10);
Java exits OK...
java -d32 -Djava.library.path=C:\AmosNT/bin -classpath C:\AmosNT/bin/javaamos.jar;C:\AmosNT/wrappers/JDBC/;. localThreads java.dmp 1 1000 cciota
Testing 1 threads accessing local db  calling cciota(1000);
Java exits OK...
java -d32 -Djava.library.path=C:\AmosNT/bin -classpath C:\AmosNT/bin/javaamos.jar;C:\AmosNT/wrappers/JDBC/;. localThreads java.dmp 2 1 zbg
Testing 2 threads accessing local db  calling zbg(1);
About to sleep 1
About to sleep 1
Woke up
Woke up
About to sleep 1
About to sleep 1
Woke up
Woke up
Java exits OK...
java -d32 -Djava.library.path=C:\AmosNT/bin -classpath C:\AmosNT/bin/javaamos.jar;C:\AmosNT/wrappers/JDBC/;. trazan java.dmp 100
Catching connect
Connecting to FOO succeded
Java exits OK...
java -d32 -Djava.library.path=C:\AmosNT/bin -classpath C:\AmosNT/bin/javaamos.jar;C:\AmosNT/wrappers/JDBC/;. trazan2 java.dmp 4 10
Testing multi-treaded client-server calls ...
>Starting thread 0
>Starting thread 1
>Starting thread 2
>Starting thread 3
>>Call #1 to ID in thread #1
>>Call #1 to ID in thread #0
>>Call #1 to ID in thread #2
>>Call #1 to ID in thread #3
<<Result from call #1 to ID in thread #0: t0:1
<<Result from call #1 to ID in thread #1: t1:1
<<Result from call #1 to ID in thread #2: t2:1
<Disconnected call #1 in thread #0
<<Result from call #1 to ID in thread #3: t3:1
<Disconnected call #1 in thread #2
>>Call #2 to ID in thread #0
<Disconnected call #1 in thread #3
>>Call #2 to ID in thread #2
<<Result from call #2 to ID in thread #0: t0:2
<Disconnected call #1 in thread #1
<Disconnected call #2 in thread #0
>>Call #2 to ID in thread #3
<<Result from call #2 to ID in thread #2: t2:2
>>Call #2 to ID in thread #1
<Disconnected call #2 in thread #2
<<Result from call #2 to ID in thread #3: t3:2
>>Call #3 to ID in thread #0
<<Result from call #2 to ID in thread #1: t1:2
<Disconnected call #2 in thread #3
<Disconnected call #2 in thread #1
>>Call #3 to ID in thread #2
<<Result from call #3 to ID in thread #0: t0:3
>>Call #3 to ID in thread #3
>>Call #3 to ID in thread #1
<Disconnected call #3 in thread #0
<<Result from call #3 to ID in thread #1: t1:3
<<Result from call #3 to ID in thread #3: t3:3
<Disconnected call #3 in thread #1
<<Result from call #3 to ID in thread #2: t2:3
<Disconnected call #3 in thread #3
<Disconnected call #3 in thread #2
>>Call #4 to ID in thread #1
>>Call #4 to ID in thread #2
>>Call #4 to ID in thread #0
<<Result from call #4 to ID in thread #2: t2:4
>>Call #4 to ID in thread #3
<<Result from call #4 to ID in thread #1: t1:4
<<Result from call #4 to ID in thread #0: t0:4
<Disconnected call #4 in thread #2
<<Result from call #4 to ID in thread #3: t3:4
<Disconnected call #4 in thread #0
<Disconnected call #4 in thread #1
>>Call #5 to ID in thread #2
<Disconnected call #4 in thread #3
<<Result from call #5 to ID in thread #2: t2:5
>>Call #5 to ID in thread #0
>>Call #5 to ID in thread #3
<Disconnected call #5 in thread #2
>>Call #5 to ID in thread #1
<<Result from call #5 to ID in thread #3: t3:5
<<Result from call #5 to ID in thread #0: t0:5
>>Call #6 to ID in thread #2
<Disconnected call #5 in thread #3
<Disconnected call #5 in thread #0
<<Result from call #5 to ID in thread #1: t1:5
<<Result from call #6 to ID in thread #2: t2:6
>>Call #6 to ID in thread #0
<Disconnected call #6 in thread #2
<Disconnected call #5 in thread #1
>>Call #6 to ID in thread #3
<<Result from call #6 to ID in thread #0: t0:6
>>Call #6 to ID in thread #1
>>Call #7 to ID in thread #2
<<Result from call #6 to ID in thread #3: t3:6
<Disconnected call #6 in thread #0
<<Result from call #7 to ID in thread #2: t2:7
<Disconnected call #6 in thread #3
<<Result from call #6 to ID in thread #1: t1:6
>>Call #7 to ID in thread #0
>>Call #7 to ID in thread #3
<Disconnected call #7 in thread #2
<Disconnected call #6 in thread #1
<<Result from call #7 to ID in thread #3: t3:7
<Disconnected call #7 in thread #3
>>Call #7 to ID in thread #1
<<Result from call #7 to ID in thread #0: t0:7
>>Call #8 to ID in thread #3
<<Result from call #7 to ID in thread #1: t1:7
<Disconnected call #7 in thread #0
>>Call #8 to ID in thread #2
<<Result from call #8 to ID in thread #3: t3:8
>>Call #8 to ID in thread #0
<Disconnected call #7 in thread #1
<<Result from call #8 to ID in thread #2: t2:8
<<Result from call #8 to ID in thread #0: t0:8
<Disconnected call #8 in thread #2
>>Call #8 to ID in thread #1
<Disconnected call #8 in thread #3
<<Result from call #8 to ID in thread #1: t1:8
>>Call #9 to ID in thread #2
<Disconnected call #8 in thread #0
<Disconnected call #8 in thread #1
<<Result from call #9 to ID in thread #2: t2:9
<Disconnected call #9 in thread #2
>>Call #9 to ID in thread #3
>>Call #9 to ID in thread #0
<<Result from call #9 to ID in thread #3: t3:9
>>Call #9 to ID in thread #1
<<Result from call #9 to ID in thread #0: t0:9
>>Call #10 to ID in thread #2
<Disconnected call #9 in thread #3
<Disconnected call #9 in thread #0
<<Result from call #10 to ID in thread #2: t2:10
>>Call #10 to ID in thread #3
<<Result from call #9 to ID in thread #1: t1:9
<Disconnected call #10 in thread #2
<Ending thread #2
<Disconnected call #9 in thread #1
<<Result from call #10 to ID in thread #3: t3:10
>>Call #10 to ID in thread #1
<Disconnected call #10 in thread #3
<Ending thread #3
>>Call #10 to ID in thread #0
<<Result from call #10 to ID in thread #1: t1:10
<Disconnected call #10 in thread #1
<Ending thread #1
<<Result from call #10 to ID in thread #0: t0:10
<Disconnected call #10 in thread #0
<Ending thread #0
Java exits OK...
gmake: Leaving directory `c:/AmosNT/java'
----------------Testing wrappers----------------------
Release 16, v7
Reading AmosQL statements from "mbt.osql"
{NIL,NIL}
{NIL,NIL}
[Testing Main memory btree index 1 ...OK]
{NIL,NIL}
{NIL,NIL}
{NIL,NIL}
{NIL,NIL}
{NIL,NIL}
[Testing Main memory btree index 2 ...OK]
[Testing Index statistics 1 ...OK]
[Testing Btree deletion ...OK]
[Testing Index statistics 2 ...OK]
[Testing Mapped btree type ...OK]
Release 16, v7
Reading AmosQL statements from "mysqltest.osql"
#[OID 1502 "IBDS"]
#[OID 1503 "IBDS2"]
14
138
Loading "sqlmap.lsp"
[Testing Mapping local SQL to external relations ...[Expanding image to 6309588]
Image moved in LIST
OK]
[Testing Multidatabase queries ...OK]
[Testing Disjunctive queries ...OK]
[Testing Disjunctive queries not using DNF ...OK]
"sqlmap.lsp"
Reading AmosQL statements from "regress1.osql"
[Testing the JDBC wrapper primitives ...OK]
[Testing Importing Table Employee (Twice) ...OK]
[Testing creation of mapped objects from imported tables ...OK]
[Testing simple queries ...OK]
[Testing Composite relation key ...OK]
[Testing Disjunctive SQL wrapper queries ...OK]
[Testing Rewite to SQL with computed bound variable ...OK]
[Testing join queries over different datasources (join condition tested in amos) ...OK]
[Testing join queries over one datasource (join condition tested @ source) ...OK]
[Testing execution of advanced queries (1) ...OK]
[Testing execution of advanced queries (2) ...OK]
[Testing translator ...OK]
[Testing transitive closure (recursive cursors) ...OK]
[Testing execution of truth-value queries ...OK]
[Testing Multi-database theta join ...OK]
("Roberto","Michael")
[Testing that cross-products don't get pushed ...OK]
[Testing optional() over sql views ...OK]
[Testing same variable input for SQL parameterized query ...OK]
Reading AmosQL statements from "testConstructor.osql"
#[OID 1692 "PERSON3_IBDS"]
#[OID 1715 "JOBB_IBDS"]
#[OID 1726 "MARRIED_IBDS"]
[Testing Transparent constructors ...OK]
[Testing Setting variables from constructors ...OK]
[Testing Forbidding constructors. ...OK]
Reading AmosQL statements from "regress2.osql"
[Testing Recursive prepared statement ...OK]
#[OID 1760 "PERSON_IBDS"]
#[OID 1797 "SWEDISH_PERSON_IBDS"]
[Testing constructors ...OK]
[Testing keyed add function ...OK]
[Testing keyed remove function ...OK]
[Testing keyed add function ...OK]
[Testing bagged add function ...OK]
[Testing bagged set function ...OK]
[Testing Long SQL string ...OK]
Reading AmosQL statements from "stress.osql"
Stress test ...
TRUE
3000
3000
30000
30000
[Testing Asynchronous Java GBC ...OK]
1
1
Reading AmosQL statements from "num.osql"
#[OID 1833 "NW"]
[Expanding image to 7886985]
Image moved in CONS
#[OID 1836 "EMPLOYEE_NW"]
#[OID 1854 "DEPARTMENT_NW"]
TRUE
Loading "num.lsp"
[Testing Numerical SQL translator does not change results ...OK]
[Testing Numerical SQL translator pushes in numerical expression in SQL ...OK]
Note: AmosStmt.java uses or overrides a deprecated API.
Note: Recompile with -Xlint:deprecation for details.
Release 16, v7
Reading AmosQL statements from "src/AmosQL/mkdmp.amosql"
Reading AmosQL statements from "src/AmosQL/master.amosql"
Reading AmosQL statements from "src/AmosQL/alias.amosql"
Reading AmosQL statements from "src/AmosQL/rdf.amosql"
{NIL,NIL}
{NIL,NIL}
{NIL,NIL}
{NIL,NIL}
Loading "src/lsp/rdf.lsp"
Loading "src/lsp/initrdfs.lsp"
Reading AmosQL statements from "src/AmosQL/rdfs.amosql"
#[OID 1587 "RDF_PROPERTY"]
#[OID 1588 "RDF_LITERAL"]
#[OID 1589 "RDF_DATATYPE"]
#[OID 1590 "RDF_XMLLITERAL"]
#[OID 1591 "RDF_CONTAINER"]
#[OID 1592 "RDF_CONTAINERMEMBERSHIPPROPERTY"]
#[OID 1593 "RDF_SEQ"]
#[OID 1594 "RDF_BAG"]
#[OID 1595 "RDF_ALT"]
TRUE
TRUE
TRUE
TRUE
TRUE
TRUE
TRUE
TRUE
TRUE
"c:/AmosNT/wrappers/RDF/src/AmosQL/master.amosql"
Release 16, v7
Reading AmosQL statements from "regress/test.amosql"
[Testing OO queries ...OK]
-------------------------- ROOT wrapper test master --------------------------
-------------------------- Compiling ROOT wrapper -------------------------
Building default target: aleh - Win32 Debug
--------------------Configuration: aleh - Win32 Debug--------------------
Compiling...
Command line warning D4002 : ignoring unknown option '/G+'
aleh_udfs.cpp
amain.cpp
structs.cpp
Generating Code...
Linking...
Creating browse info file...

ROOTWrap.exe - 0 error(s), 1 warning(s)
init file: rootinit.lsp init dir .
Loading "rootinit.lsp"
Loading "init.lsp"
Loading "amosdef.lsp"
Loading "coredef.lsp"
Loading "lispdef.lsp"
Loading "advise.lsp"
Loading "filepos.lsp"
Loading "client.lsp"
[Expanding image to 177600]
Image moved in APPLY
Loading "basic.lsp"
[Expanding image to 222000]
Image moved in APPLY
[Expanding image to 277500]
Image moved in APPLY
Loading "sort.lsp"
Loading "ppr.lsp"
Loading "trace.lsp"
[Expanding image to 346875]
Image moved in INT-APPLY
Loading "interrupts.lsp"
Loading "error.lsp"
Loading "socket.lsp"
Loading "ref_lisp.lsp"
Loading "coro.lsp"
[Expanding image to 433593]
Image moved in INT-APPLY
Loading "buffer.lsp"
Loading "strings.lsp"
Loading "verify_code.lsp"
Loading "mex-basic.lsp"
Loading "mex-save-restore.lsp"
Loading "mex-lisp-interfaces.lsp"
(GET-BTREE REDEFINED)
(PUT-BTREE REDEFINED)
(DELETE-BTREE REDEFINED)
(MAP-BTREE REDEFINED)
(MAKE-BTREE REDEFINED)
(COUNT-BTREE REDEFINED)
Loading "mex-transactional.lsp"
Loading "misc.lsp"
[Expanding image to 541991]
Image moved in INT-APPLY
Loading "basicoid.lsp"
Loading "relation.lsp"
Loading "function.lsp"
[Expanding image to 677488]
Image moved in INT-APPLY
Loading "foreign.lsp"
Loading "typecheck.lsp"
Loading "variable.lsp"
Loading "predicate_functions.lsp"
[Expanding image to 846860]
Image moved in INT-APPLY
Loading "environment.lsp"
Loading "flatten.lsp"
Loading "latebind.lsp"
Loading "comppred.lsp"
Loading "recompile.lsp"
Loading "optimizer.lsp"
[Expanding image to 1058575]
Image moved in INT-APPLY
Loading "olog.lsp"
Loading "subplan.lsp"
Loading "purge.lsp"
Loading "rewrite.lsp"
Loading "TBR.lsp"
Loading "DTR.lsp"
Loading "priority-queue.lsp"
[Expanding image to 1323218]
Image moved in INT-APPLY
Loading "dynprog.lsp"
Loading "randomopt.lsp"
Loading "normalize.lsp"
Loading "collections.lsp"
Loading "externalize.lsp"
Loading "osql-let.lsp"
Loading "proc.lsp"
Loading "fncall.lsp"
Loading "cursor.lsp"
Loading "createuobj.lsp"
Loading "constructor.lsp"
Loading "deletion.lsp"
Loading "printer.lsp"
Loading "absorbmng.lsp"
Loading "misc.lsp"
Loading "finalizermng.lsp"
[Expanding image to 1654022]
Image moved in INT-APPLY
Loading "scan.lsp"
Loading "aclient.lsp"
Loading "server.lsp"
Loading "scan_remote.lsp"
Loading "boot.lsp"
Loading "qd.lsp"
Loading "qd_entry.lsp"
Loading "qd_dsve.lsp"
Loading "qd_dynprog.lsp"
Loading "qd_cost.lsp"
Loading "qd_deftmpfunc.lsp"
Loading "qd_disp.lsp"
Loading "qd_heuristic.lsp"
Loading "qd_misc.lsp"
Loading "qd_print.lsp"
Loading "qd_treedistr.lsp"
Loading "qd_objectloggen.lsp"
Loading "dt.lsp"
Loading "coerce.lsp"
Loading "dtcreate.lsp"
[Expanding image to 2067527]
Image moved in INT-APPLY
Loading "etemplates.lsp"
Loading "typeimp.lsp"
Loading "bulk.lsp"
Loading "mapped.lsp"
Loading "mbindex.lsp"
Loading "new_object.lsp"
Loading "declarations.lsp"
Loading "arginfo.lsp"
Loading "datasource.lsp"
Loading "unload.lsp"
Loading "materialize.lsp"
Loading "comm.lsp"
Loading "tuple.lsp"
Loading "vector.lsp"
Loading "amosfns.lsp"
[Expanding image to 2584408]
Image moved in ARGSBPAT
[Expanding image to 3230510]
Image moved in CONS
Loading "if.lsp"
Loading "tr-rewrites.lsp"
Loading "temporal.lsp"
Loading "tclose.lsp"
Loading "topk.lsp"
Loading "extplot.lsp"
Recompiling #[OID 353 "CHARSTRING.EVAL->OBJECT"]
Loading "stream.lsp"
Reading AmosQL statements from "functions.osql"
Recompiling #[OID 353 "CHARSTRING.EVAL->OBJECT"]
{"X","Y"}
Recompiling #[OID 353 "CHARSTRING.EVAL->OBJECT"]
Recompiling #[OID 353 "CHARSTRING.EVAL->OBJECT"]
Recompiling #[OID 353 "CHARSTRING.EVAL->OBJECT"]
[Expanding image to 4038137]
Image moved in APPEND2
#[OID 790 "PI"]
#[OID 140 "FUNCTIONNAMED"]
#[OID 142 "TYPENAMED"]
#[OID 535 "THERESOLVENT"]
#[OID 75 "VECTOR"]
Reading AmosQL statements from "streams.osql"
Recompiling #[OID 353 "CHARSTRING.EVAL->OBJECT"]
Reading AmosQL statements from "peer.osql"
Reading AmosQL statements from "goovi-servers.osql"
Loading "compl.lsp"
Reading AmosQL statements from "updates.osql"
Loading "updates.lsp"
Loading "abstract-function.lsp"
Reading AmosQL statements from "constructor.osql"
Loading "groupby.lsp"
Loading "record.lsp"
Reading AmosQL statements from "record.osql"
Reading AmosQL statements from "unloadschema.osql"
Loading "unloadschema.lsp"
"unloadschema.lsp"
Reading AmosQL statements from "RDF.osql"
Loading "multicast.lsp"
"disable translator.lsp"
"BigIntegrator is enabled"
Reading AmosQL statements from "master.amosql"
Loading "../../src/Lisp/integrator.lsp"
"../../src/Lisp/integrator.lsp"
Reading AmosQL statements from "integrator.amosql"
Reading AmosQL statements from "meta_data.amosql"
Reading AmosQL statements from "cost_model.amosql"
Loading "../../src/Lisp/wrapperfuncs.lsp"
"../../src/Lisp/wrapperfuncs.lsp"
Loading "../../src/Lisp/cost_model.lsp"
"../../src/Lisp/cost_model.lsp"
Loading "../wrappers/load_wrappers.lsp"
Loading "../wrappers/datasource/load_wrapper.lsp"
Reading AmosQL statements from "../wrappers/datasource/typemap.osql"
Loading "../wrappers/datasource/typemap.lsp"
Loading "../wrappers/datasource/core-cluster.lsp"
Reading AmosQL statements from "../wrappers/datasource/core-cluster.osql"
Loading "../wrappers/relational/load_wrapper.lsp"
Loading "../wrappers/relational/relational.lsp"
Reading AmosQL statements from "../wrappers/relational/relational.osql"
Loading "../wrappers/relational/sqlquery.lsp"
Loading "../wrappers/relational/import-table.lsp"
Loading "../wrappers/relational/export-type.lsp"
Loading "../wrappers/relational/exportlog.lsp"
Loading "../wrappers/relational/import-foreign-keys.lsp"
Loading "../wrappers/relational/metadata.lsp"
Loading "../wrappers/relational/sql.lsp"
Loading "../wrappers/relational/relational_translator.lsp"
Reading AmosQL statements from "../wrappers/relational/relational_typemap.osql"
Loading "../wrappers/relational/sql_constructor.lsp"
Loading "../wrappers/JDBC/load_wrapper.lsp"
Loading "../wrappers/JDBC/jdbc.lsp"
Reading AmosQL statements from "../wrappers/JDBC/jdbc.osql"
[Expanding image to 5047671]
Image moved in LIST
Recompiling #[OID 1292 "RELATIONAL.CHARSTRING.CARDINALITY->INTEGER"]
#[OID 1348 "JDBC.CHARSTRING.SQL->VECTOR"]
Recompiling #[OID 1292 "RELATIONAL.CHARSTRING.CARDINALITY->INTEGER"]
Recompiling #[OID 1310 "RELATIONAL.CHARSTRING.DROP_TABLE->INTEGER"]
Recompiling #[OID 1310 "RELATIONAL.CHARSTRING.DROP_TABLE->INTEGER"]
Recompiling #[OID 1310 "RELATIONAL.CHARSTRING.DROP_TABLE->INTEGER"]
#[OID 1349 "JDBC.CHARSTRING.VECTOR.SQL->VECTOR"]
Recompiling #[OID 1291 "RELATIONAL.CHARSTRING.HAS_TABLE->BOOLEAN"]
Recompiling #[OID 1291 "RELATIONAL.CHARSTRING.HAS_TABLE->BOOLEAN"]
Recompiling #[OID 1291 "RELATIONAL.CHARSTRING.HAS_TABLE->BOOLEAN"]
Recompiling #[OID 1306 "RELATIONAL.CHARSTRING.CHARSTRING.REFERENCED_TABLE->CHARSTRING"]
Recompiling #[OID 1306 "RELATIONAL.CHARSTRING.CHARSTRING.REFERENCED_TABLE->CHARSTRING"]
Recompiling #[OID 1306 "RELATIONAL.CHARSTRING.CHARSTRING.REFERENCED_TABLE->CHARSTRING"]
Reading AmosQL statements from "../wrappers/relational/configuration.osql"
#[OID 194 "OBJECT.OBJECT.!=->BOOLEAN"]
#[OID 170 "NUMBER.NUMBER.PLUS->NUMBER"]
#[OID 176 "NUMBER.NUMBER.TIMES->NUMBER"]
#[OID 46 "VECTOR.IN->OBJECT"]
#[OID 212 "NUMBER.ABS->NUMBER"]
#[OID 196 "OBJECT.OBJECT.<->BOOLEAN"]
#[OID 198 "OBJECT.OBJECT.<=->BOOLEAN"]
#[OID 200 "OBJECT.OBJECT.>->BOOLEAN"]
#[OID 202 "OBJECT.OBJECT.>=->BOOLEAN"]
#[OID 450 "CHARSTRING.CHARSTRING.LIKE->BOOLEAN"]
#[OID 28 "OBJECT.OBJECT.=->BOOLEAN"]
Loading "../wrappers/relational/sql_absorber.lsp"
Loading "../wrappers/relational/sql_finalizer.lsp"
Loading "../wrappers/relational/numwrapper.lsp"
Loading "../wrappers/relational/patch.lsp"
Loading "../wrappers/Amos/amos.lsp"
Recompiling #[OID 1264 "RELATIONAL.CHARSTRING.CHARSTRING.CHARSTRING.CONNECT->RELATIONAL"]
Recompiling #[OID 1268 "RELATIONAL.TABLES->CHARSTRING.CHARSTRING.CHARSTRING.CHARSTRING"]
Recompiling #[OID 1269 "CHARSTRING.TABLES->CHARSTRING.CHARSTRING.CHARSTRING.CHARSTRING"]
Recompiling #[OID 1271 "RELATIONAL.CHARSTRING.CHARSTRING.CHARSTRING.COLUMNS->CHARSTRING.CHARSTRING"]
Recompiling #[OID 1272 "RELATIONAL.CHARSTRING.COLUMNS->CHARSTRING.CHARSTRING"]
Recompiling #[OID 1274 "RELATIONAL.CHARSTRING.CHARSTRING.CHARSTRING.PRIMARY_KEYS->CHARSTRING.CHARSTRING"]
Recompiling #[OID 1275 "RELATIONAL.CHARSTRING.PRIMARY_KEYS->CHARSTRING.CHARSTRING"]
Recompiling #[OID 1277 "RELATIONAL.CHARSTRING.IMPORTED_KEYS->CHARSTRING.CHARSTRING.CHARSTRING"]
Recompiling #[OID 1279 "RELATIONAL.CHARSTRING.EXPORTED_KEYS->CHARSTRING.CHARSTRING.CHARSTRING"]
Recompiling #[OID 1281 "RELATIONAL.CHARSTRING.VECTOR.SQL->VECTOR"]
Recompiling #[OID 1282 "RELATIONAL.CHARSTRING.SQL->VECTOR"]
Recompiling #[OID 1283 "CHARSTRING.CHARSTRING.VECTOR.SQL->VECTOR"]
Recompiling #[OID 1284 "CHARSTRING.CHARSTRING.SQL->VECTOR"]
Recompiling #[OID 1286 "RELATIONAL.CHARSTRING.SQLU->INTEGER"]
Recompiling #[OID 1287 "RELATIONAL.CHARSTRING.VECTOR.SQLU->INTEGER"]
Recompiling #[OID 1289 "RELATIONAL.CHARSTRING.READ_SQL->VECTOR"]
Recompiling #[OID 1292 "RELATIONAL.CHARSTRING.CARDINALITY->INTEGER"]
Loading "project/init.lsp"
Loading "project/sql-create.lsp"
Loading "project/sql-insert.lsp"
Loading "project/sql-update.lsp"
Loading "project/sql-delete.lsp"
Loading "project/sql-select.lsp"
Loading "project/sql-drop.lsp"
Loading "mex-utilities.lsp"
Loading "mex-amos-interfaces.lsp"
Loading "mex-relation-save-restore.lsp"
Loading "boot-aqit.lsp"
Loading "aqit_utilities.lsp"
Loading "ud-index-cc.lsp"
Loading "late-tr-rewrite.lsp"
Loading "aqitnew.lsp"
(*AQIT-GCP* RESET)
Loading "aqitmisc.lsp"
Loading "rewrite-matrix.lsp"
Loading "dist-based-index-rewrite2.lsp"
Loading "rewrite-index-phases.lsp"
Loading "mexima.lsp"
Loading "internal-xtree.lsp"
Reading AmosQL statements from "rewriter-knn.osql"
Loading "rewriter-knn.lsp"
Loading "extract-sql.lsp"
Loading "temporal-plus.lsp"
1.276 s
Release 16, v7
ROOTWrap 1> Lisp 1> NIL
Lisp 1> ROOTWrap 1> Reading AmosQL statements from "structs.amosql"
Loading "structs.lsp"
"structs.lsp"
"structs.amosql"
0.036 s
ROOTWrap 2> Reading AmosQL statements from "aleh_udfs.amosql"
{"V1","V2"}
{"V1","V2","V3"}
{"V1","V2","V3","V4"}
{"X","Y"}
{"X","Y","Z"}
{"X","Y"}
{"X","Y","Z"}
{"V1","V2"}
{"X1","Y1","X2","Y2"}
{"X","Y"}
{"X","Y","Z"}
{"X"}
{"X","V"}
{"X","V1","V2"}
{"X","V1","V2","V3"}
"aleh_udfs.amosql"
0.205 s
ROOTWrap 3> #[OID 1605 "CHARSTRING.ROOT_DIRS->CHARSTRING"]
0.001 s
ROOTWrap 4> #[OID 1607 "CHARSTRING.CHARSTRING.ROOT_TREES->CHARSTRING"]
0.002 s
ROOTWrap 5> #[OID 1609 "CHARSTRING.CHARSTRING.CHARSTRING.ROOT_COLUMNS->CHARSTRING.CHARSTRING"]
0.001 s
ROOTWrap 6> #[OID 1611 "CHARSTRING.CHARSTRING.CHARSTRING.ROOT_COLUMNS_ALL->CHARSTRING.CHARSTRING"]
0.001 s
ROOTWrap 7> #[OID 1613 "CHARSTRING.CHARSTRING.CHARSTRING.ROOT_SCAN->VECTOR.VECTOR"]
0.001 s
ROOTWrap 8> #[OID 1615 "CHARSTRING.CHARSTRING.CHARSTRING.VECTOR.ROOT_GET->VECTOR"]
0.001 s
ROOTWrap 9> #[OID 1617 "CHARSTRING.CHARSTRING.CHARSTRING.INTEGER.INTEGER.ROOT_GET_INTERVAL->VECTOR.VECTOR"]
0.002 s
ROOTWrap 10> #[OID 1619 "CHARSTRING.CHARSTRING.CHARSTRING.VECTOR.ROOT_SCAN_PROJECT->VECTOR.VECTOR"]
0.001 s
ROOTWrap 11> #[OID 1621 "CHARSTRING.CHARSTRING.CHARSTRING.VECTOR.VECTOR.ROOT_GET_PROJECT->VECTOR"]
0.002 s
ROOTWrap 12> #[OID 1623 "CHARSTRING.CHARSTRING.CHARSTRING.VECTOR.INTEGER.INTEGER.ROOT_GET_INTERVAL_PROJECT->VECTOR.VECTOR"]
0.002 s
ROOTWrap 13> #[OID 1625 "CHARSTRING.CHARSTRING.CHARSTRING.CHARSTRING.ROOT_ATTR_I->INTEGER"]
0.001 s
ROOTWrap 14> #[OID 1629 "CHARSTRING.CHARSTRING.CHARSTRING.VECTOR.TYPE.INTEGER.ROOT_SCAN_PROJECT_ADDSLOTS->BAG-SOBJECT"]
0.002 s
ROOTWrap 15> #[OID 1629 "CHARSTRING.CHARSTRING.CHARSTRING.VECTOR.TYPE.INTEGER.ROOT_SCAN_PROJECT_ADDSLOTS->BAG-SOBJECT"]
0.012 s
ROOTWrap 16> #[OID 1630 "CHARSTRING.CHARSTRING.CHARSTRING.VECTOR.TYPE.ROOT_SCAN_PROJECT->BAG-SOBJECT"]
0.002 s
ROOTWrap 17> #[OID 1632 "CHARSTRING.CHARSTRING.CHARSTRING.VECTOR.TYPE.INTEGER.INTEGER.INTEGER.ROOT_GET_INTERVAL_SOBJECTS_PROJECT->BAG-SOBJECT"]
0.001 s
ROOTWrap 18> #[OID 1632 "CHARSTRING.CHARSTRING.CHARSTRING.VECTOR.TYPE.INTEGER.INTEGER.INTEGER.ROOT_GET_INTERVAL_SOBJECTS_PROJECT->BAG-SOBJECT"]
0.011 s
ROOTWrap 19> #[OID 1633 "CHARSTRING.CHARSTRING.CHARSTRING.VECTOR.TYPE.INTEGER.INTEGER.ROOT_GET_INTERVAL_SOBJECTS_PROJECT->BAG-SOBJECT"]
0.002 s
ROOTWrap 20> Loading "wrapper3.lsp"
"wrapper3.lsp"
0.012 s
ROOTWrap 21> 
WARNING: Equality on bag valued function ROOT_COLUMNS treated as 'in' operator in function ROOT_COLUMN_DECLARATIONS
#[OID 1637 "CHARSTRING.CHARSTRING.CHARSTRING.ROOT_COLUMN_DECLARATIONS->CHARSTRING"]
0.003 s
ROOTWrap 22> #[OID 1639 "BAG.COMMALIST->CHARSTRING"]
0.003 s
ROOTWrap 23> 
WARNING: Equality on bag valued function ROOT_COLUMNS treated as 'in' operator in function ROOT_COLUMNNAMES
#[OID 1641 "CHARSTRING.CHARSTRING.CHARSTRING.ROOT_COLUMNNAMES->CHARSTRING"]
0.001 s
ROOTWrap 24> 
WARNING: Equality on bag valued function ROOT_COLUMNS_ALL treated as 'in' operator in function ROOT_COLUMNNAMES_ALL
#[OID 1643 "CHARSTRING.CHARSTRING.CHARSTRING.ROOT_COLUMNNAMES_ALL->CHARSTRING"]
0.001 s
ROOTWrap 25> #[OID 1645 "CHARSTRING.CHARSTRING.CHARSTRING.ROOT_COLUMNNAMES_ALLS->CHARSTRING"]
ROOTWrap 26> #[OID 1647 "CHARSTRING.CHARSTRING.CHARSTRING.ROOT_ACCESS->VECTOR.VECTOR"]
ROOTWrap 27> #[OID 1649 "CHARSTRING.CHARSTRING.CHARSTRING.VECTOR.ROOT_ACCESS_PROJECT->VECTOR.VECTOR"]
ROOTWrap 28> #[OID 1649 "CHARSTRING.CHARSTRING.CHARSTRING.VECTOR.ROOT_ACCESS_PROJECT->VECTOR.VECTOR"]
0.01 s
ROOTWrap 29> "rootwrap.dmp"
0.003 s
ROOTWrap 1> Quitting ...
-------------------------- Testing ROOT wrapper --------------------------
Release 16, v7
Reading AmosQL statements from "regress/regression_test.osql"
[Testing Accessing ROOT file for meta information ...OK]
[Testing Reading data through ROOT wrapper ...OK]
[Testing Reading data through ROOT wrapper with projection ...OK]
----------------Testing SQLFront----------------
Release 16, v7
Reading AmosQL statements from "master.osql"
Loading "testparse.lsp"
[Testing SQL parser ...OK]
"testparse.lsp"
Loading "sql-testcreate.lsp"
[Executing SQL Test suite\schema\schema1.smi ...[Expanding image to 6309588]
Image moved in CONCAT
OK]
[Executing SQL Test suite\schema\schema2.smi ...OK]
[Executing SQL Test suite\schema\schema3.smi ...OK]
[Executing SQL Test suite\schema\schema4.smi ...OK]
[Executing SQL Test suite\schema\schema5.smi ...OK]
[Executing SQL Test suite\schema\schema6.smi ...OK]
[Executing SQL Test suite\schema\schema7.smi ...OK]
[Executing SQL Test suite\schema\schema8.smi ...OK]
[Executing SQL Test suite\schema\schema9.smi ...OK]
[Executing SQL Test suite\schema\schem10.smi ...[Expanding image to 7886985]
Image moved in MAKEHASHTABLE
OK]
[Executing SQL Test suite\schema\cts5sch1.sql ...OK]
[Executing SQL Test suite\schema\cts5sch2.sql ...OK]
[Executing SQL Test suite\schema\xschema1.sql ...OK]
"sql-testcreate.lsp"
Loading "sql-testdataload.lsp"
[Testing SQL Test suite\sql\basetab.sql ...OK]
[Testing SQL Test suite\sql\basetab.sql ...OK]
[Testing SQL Test suite\sql\cugtab.sql ...OK]
[Testing SQL Test suite\sql\cugtab.sql ...OK]
[Testing SQL Test suite\sql\cugtab.sql ...OK]
[Testing SQL Test suite\sql\flattab.sql ...OK]
[Testing SQL Test suite\sql\flattab.sql ...OK]
[Testing SQL Test suite\sql\suntab0.sql ...OK]
[Testing SQL Test suite\sql\suntab1.sql ...OK]
[Testing SQL Test suite\sql\suntab2.sql ...OK]
[Testing SQL Test suite\sql\suntab3.sql ...OK]
[Testing SQL Test suite\sql\sultab1.sql ...OK]
"sql-testdataload.lsp"
Loading "sql-testquery.lsp"
[Testing SQL Test suite\sql\flg005.sql ...OK]
[Testing SQL Test suite\sql\sdl026.sql ...OK]
[Testing SQL Test suite\sql\sdl005.sql ...OK]
[Testing SQL Test suite\sql\dml087.sql -- TEST:0520 ...OK]
[Testing SQL Test suite\sql\sdl032.sql -- TEST:0472 ...OK]
[Testing SQL Test suite\sql\sdl032.sql -- TEST:0484 ...OK]
[Testing SQL Test suite\sql\dml001.sql -- TEST:0001 ...OK]
[Testing SQL Test suite\sql\dml001.sql ...OK]
[Testing SQL Test suite\sql\dml009.sql ...OK]
[Testing SQL Test suite\sql\dml010.sql ...OK]
[Testing SQL Test suite\sql\dml013.sql ...OK]
[Testing SQL Test suite\sql\dml014.sql ...OK]
[Testing SQL Test suite\sql\dml015.sql ...OK]
[Testing SQL Test suite\sql\dml018.sql ...OK]
[Testing SQL Test suite\sql\dml019.sql ...OK]
[Testing SQL Test suite\sql\dml020.sql ...OK]
[Testing SQL Test suite\sql\dml021.sql ...OK]
[Testing SQL Test suite\sql\dml023.sql ...OK]
[Testing SQL Test suite\sql\dml024.sql ...OK]
[Testing SQL Test suite\sql\dml025.sql ...OK]
[Testing SQL Test suite\sql\dml025.sql ...OK]
[Testing SQL Test suite\sql\dml025.sql ...OK]
[Testing SQL Test suite\sql\dml026.sql ...OK]
[Testing SQL Test suite\sql\dml026.sql ...OK]
[Testing SQL Test suite\sql\dml026.sql ...OK]
[Testing SQL Test suite\sql\dml027.sql ...OK]
[Testing SQL Test suite\sql\dml029.sql ...OK]
[Testing c:\maja4141\SQL Test suite\sql\dml033.sql ...OK]
[Testing c:\maja4141\SQL Test suite\sql\dml034.sql ...OK]
[Testing c:\maja4141\SQL Test suite\sql\dml035.sql ...OK]
[Testing c:\maja4141\SQL Test suite\sql\dml038.sql ...OK]
[Testing c:\maja4141\SQL Test suite\sql\dml039.sql ...OK]
[Testing c:\maja4141\SQL Test suite\sql\dml040.sql ...OK]
[Testing c:\maja4141\SQL Test suite\sql\dml041.sql ...OK]
[Testing c:\maja4141\SQL Test suite\sql\dml051.sql ...OK]
[Testing c:\maja4141\SQL Test suite\sql\dml052.sql ...OK]
[Testing c:\maja4141\SQL Test suite\sql\dml053.sql ...OK]
[Testing c:\maja4141\SQL Test suite\sql\dml059.sql #1 ...OK]
[Testing c:\maja4141\SQL Test suite\sql\dml059.sql #2 ...OK]
[Testing c:\maja4141\SQL Test suite\sql\dml060.sql #1 ...OK]
[Testing c:\maja4141\SQL Test suite\sql\dml060.sql #2 ...OK]
[Testing c:\maja4141\SQL Test suite\sql\dml060.sql #3 ...OK]
[Testing c:\maja4141\SQL Test suite\sql\dml060.sql #4 ...OK]
[Testing c:\maja4141\SQL Test suite\sql\dml060.sql #5 ...OK]
[Testing c:\maja4141\SQL Test suite\sql\dml061.sql ...OK]
[Testing SQL Test Suite\sql\dml075.sql - SELECT DISTINCT ...OK]
[Testing SQL Test Suite\sql\cdr017.sql ...OK]
[Testing Query on derrived function ...OK]
[Testing Simple tests ...OK]
[Testing complex JOINs ...OK]
"sql-testquery.lsp"
----------------Testing Python embedding----------------
Deleting intermediate files and output files for project 'amos2 - Win32 Release With Debug'.
--------------------Configuration: amos2 - Win32 Release With Debug--------------------
Compiling...
amosmodule.c
pycallout.c
pymodule.c
pyobj.c
Linking...
   Creating library amos2___Win32_Release_With_Debug/amos2.lib and object amos2___Win32_Release_With_Debug/amos2.exp

amos2.pyd - 0 error(s), 0 warning(s)
Deleting intermediate files and output files for project 'pyamos - Win32 Release'.
--------------------Configuration: pyamos - Win32 Release--------------------
Compiling...
amosmodule.c
pyamos_init.c
pycallout.c
pymodule.c
pyobj.c
Linking...
   Creating library Release/python_ext.lib and object Release/python_ext.exp

python_ext.dll - 0 error(s), 0 warning(s)
Release 16, v7
Reading AmosQL statements from "regress/savepython.osql"
TRUE
Release 16, v7
Loading "regress/testsave.lsp"
[Testing Save Python code ...OK]
<amos2.AmosObj object at 0x01DF7080>
[(13,)]
[(1,), (2,), (3,), (4,), (5,), (6,), (7,), (8,)]
[1, 2, 3, 4, 5, 6, 7, 8]
Release 16, v7
Reading AmosQL statements from "regress/callout.osql"
TRUE
[Testing Incomplete foreign function signature. ...Redefining #[OID 1582 "REAL.PYERR->REAL"]
Recompiling #[OID 1582 "REAL.PYERR->REAL"]
OK]
[Testing Non-existing module. ...OK]
[Testing Non-existing function. ...Redefining #[OID 1584 "REAL.PYDIR->BAG"]
Recompiling #[OID 1584 "REAL.PYDIR->BAG"]
OK]
[Testing Existing non-callable function. ...Redefining #[OID 1584 "REAL.PYDIR->BAG"]
Recompiling #[OID 1584 "REAL.PYDIR->BAG"]
OK]
[Testing Calling foreign function defined as bulitin python function. ...OK]
[Testing Calling foreign function defined as from python math function. ...OK]
[Testing Calling foreign function defined as user defined python function. ...OK]
[Testing Calling multidirectional foreign function defined in python. ...OK]
[Testing Integer input and integer output. ...OK]
[Testing String input and string output. ...OK]
[Testing Bag output (extracted from generator). ...OK]
[Testing List output. ...OK]
[Testing Tuple output. ...OK]
[Testing Dict output. ...OK]
[Testing Array output (treated as sequence). ...OK]
[Testing Bag output (yielded values). ...OK]
[Testing Oidtype input and oidtype output. ...OK]
[Testing Call foreign function based on builtin (__builtin__) python function. ...OK]
[Testing Call foreign function based on builtin library (math) function. ...OK]
[Testing Iterate over amos scan and yield the items back to amos. ...OK]
[Testing Call function that maps over an amos function. ...OK]
[Testing Call function that calls an bag-returning amos function. ...OK]
[Testing Call function that calls an integer-returning amos function. ...OK]
[Testing Call function that wraps a function call in a stream 
and yields the items of the stream back to amos. ...OK]
[Testing Call function that wraps an amos query in a stream 
and yields the items of the stream back to amos. ...OK]
[Testing Call function that wraps an amos generator (bag) in a stream 
and yields the items of the stream back to amos. ...OK]
[Testing Call function that iterates over a bag 
(by implicitly creating a stream) 
and yields the items of the bag back to amos. ...OK]
[Testing Call function that joins two bags using a nested loop join. ...OK]
[Testing Call function that joins two bags using a merge join. ...OK]
[Testing Call function that joins three bags using a fast nested loop join ...OK]
[Testing Call function that maps over an amos bag. ...OK]
[Testing Call function that maps over an amos integer bag using a 
python mapper that only returns even numbers. ...OK]
[Testing Premature break from python mapper ...OK]
[Testing Test using oidtype as key in a dict. ...OK]
[Testing Test comparing oidtypes . ...OK]
[Testing Test of sum using implicit conversion of amos generator to stream. ...OK]
[Testing Test of sum using callbacks. ...OK]
----------------Shutting down servers----------------
Release 16, v7
Reading AmosQL statements from "shutdown.osql"
"shutdown"
[Testing Communication errors in FIE ...OK]
[Testing Communication errors in nameserver FOO ...OK]
---------------- lprint + lread  ----------------
Release 16, v7
Reading AmosQL statements from "C:/AmosNT/regress/nbg_srv.osql"
"bgsrv"
[Testing default bg bufsize ...OK]
[Testing bglistener (only) is registered ...OK]
[Testing re-set bgbufsize ...OK]
[Testing open bg socket to c1 ...OK]
[Testing open bg socket to c2 ...OK]
[Testing read c1 ....OK]
[Testing synchronuous read c1 ... 0....OK]
[Testing synchronuous read c1 ... 1....OK]
[Testing synchronuous read c1 ... 2....OK]
[Testing synchronuous read c1 ... 3.....OK]
[Testing synchronuous read c1 ... 4....OK]
[Testing synchronuous read c1 ... 5....OK]
[Testing synchronuous read c1 ... 6....OK]
[Testing synchronuous read c1 ... 7.....OK]
[Testing synchronuous read c1 ... 8....OK]
[Testing synchronuous read c1 ... 9....OK]
[Testing asynchronuous read c1 ... 0....OK]
[Testing asynchronuous read c1 ... 1....OK]
[Testing asynchronuous read c1 ... 2...OK]
[Testing asynchronuous read c1 ... 3...OK]
[Testing asynchronuous read c1 ... 4.....OK]
[Testing asynchronuous read c1 ... 5...OK]
[Testing asynchronuous read c1 ... 6...OK]
[Testing asynchronuous read c1 ... 7.....OK]
[Testing asynchronuous read c1 ... 8...OK]
[Testing asynchronuous read c1 ... 9...OK]
[Testing async binary read c2 ... 0...OK]
[Testing async binary read c2 ... 1...OK]
[Testing async binary read c2 ... 2...OK]
[Testing async binary read c2 ... 3...OK]
[Testing async binary read c2 ... 4...OK]
[Testing async binary read c2 ... 5...OK]
[Testing async binary read c2 ... 6...OK]
[Testing async binary read c2 ... 7...OK]
[Testing async binary read c2 ... 8...OK]
[Testing async binary read c2 ... 9...OK]
[Testing async binary read c2 ... 10...OK]
[Testing async binary read c2 ... 11...OK]
[Testing async binary read c2 ... 12...OK]
[Testing async binary read c2 ... 13...OK]
[Testing async binary read c2 ... 14...OK]
[Testing async binary read c2 ... 15...OK]
[Testing async binary read c2 ... 16...OK]
[Testing async binary read c2 ... 17...OK]
[Testing async binary read c2 ... 18...OK]
[Testing async binary read c2 ... 19...OK]
 (final peer sync) ... (c1 synced) ... (c2 synced)
----------------Testing complex scientific queries from ALEH-------------
Release 16, v7
Reading AmosQL statements from "cutstest.osql"
"c:/AmosNT/aleh/osql"
Reading AmosQL statements from "schema.osql"
{NIL,NIL}
{NIL,NIL}
{NIL,NIL}
{NIL,NIL}
{NIL,NIL}
Loading "../lsp/operations.lsp"
"../lsp/operations.lsp"
Reading AmosQL statements from "parameters.schema.osql"
Loading "../lsp/operations.lsp"
"../lsp/operations.lsp"
Reading AmosQL statements from "cuts.osql"
Reading AmosQL statements from "formulas.osql"
[Expanding image to 6309588]
Image moved in APPEND2
"c:/AmosNT/aleh/regress"
Reading AmosQL statements from "test_data.osql"
[Testing Simple cuts ...OK]
[Testing An expensive cut: top cut ...OK]
[Testing An expensive cut: jet veto cut ...OK]
[Testing All cuts ...OK]
Release 16, v7
Reading AmosQL statements from "cutstest.load.paper.osql"
"c:/AmosNT/aleh/osql"
Reading AmosQL statements from "schema.osql"
{NIL,NIL}
{NIL,NIL}
{NIL,NIL}
{NIL,NIL}
{NIL,NIL}
Loading "../lsp/operations.lsp"
"../lsp/operations.lsp"
Reading AmosQL statements from "../regress/test_data.const.osql"
[Expanding image to 6309588]
Image moved in FUNCTION
Loading "../lsp/cost_model.populated.lsp"
(_IN_ RESET)
(_DEFAULT-FOREIGN-FANOUT_ RESET)
(_DEFAULT-FOREIGN-COST_ RESET)
(_DEFAULT-AGGREGATE-FANOUT_ RESET)
(_DEFAULT-KEY-FANOUT_ RESET)
(_DEFAULT-CONSTRUCTOR-FANOUT_ RESET)
(LOCALCOST REDEFINED)
(FANOUT-FOREIGN REDEFINED)
(COST-RANK REDEFINED)
"../lsp/cost_model.populated.lsp"
Loading "../lsp/grouping.lsp"
"../lsp/grouping.lsp"
Loading "../lsp/dyngroups.lsp"
(SORTANDPRED0 REDEFINED)
"../lsp/dyngroups.lsp"
Reading AmosQL statements from "cuts.const.osql"
Reading AmosQL statements from "formulas.osql"
Reading AmosQL statements from "cost_model.udfs.osql"
#[OID 170 "NUMBER.NUMBER.PLUS->NUMBER"]
#[OID 170 "NUMBER.NUMBER.PLUS->NUMBER"]
#[OID 176 "NUMBER.NUMBER.TIMES->NUMBER"]
#[OID 176 "NUMBER.NUMBER.TIMES->NUMBER"]
#[OID 212 "NUMBER.ABS->NUMBER"]
#[OID 67 "VECTOR.NUMBER.VREF->OBJECT"]
#[OID 818 "VECTOR.VECTOR.TIMES->NUMBER"]
#[OID 192 "NUMBER.SQRT->NUMBER"]
#[OID 2603 "VECTOR.VECTOR.PLUS->VECTOR"]
#[OID 2605 "VECTOR.NULL_VECTOR->VECTOR"]
#[OID 2607 "NUMBER.LOG->REAL"]
#[OID 2609 "NUMBER.NUMBER.ATAN2->REAL"]
#[OID 797 "NUMBER.CEILING->INTEGER"]
#[OID 805 "NUMBER.COS->REAL"]
#[OID 2611 "VECTOR.MAGNITUDE->REAL"]
#[OID 2613 "VECTOR.ETA->REAL"]
#[OID 2615 "VECTOR.PT->REAL"]
#[OID 2616 "BAG-VECTOR.SUM->VECTOR"]
[Testing Greedy optimization with the static cost model ...OK]
"randomopt"
[Testing Random optimization with the static cost model ...OK]
"ranksort"
TRUE
#[OID 2718 "EXPID->INTEGER"]
[Testing Greedy optimization with the profiled group cost model ...OK]
----------------Testing Edutella------------------
Note: AmosStmt.java uses or overrides a deprecated API.
Note: Recompile with -Xlint:deprecation for details.
Release 16, v7
Reading AmosQL statements from "src/AmosQL/mkdmp.amosql"
Reading AmosQL statements from "src/AmosQL/master.amosql"
Reading AmosQL statements from "src/AmosQL/alias.amosql"
Reading AmosQL statements from "src/AmosQL/rdf.amosql"
{NIL,NIL}
{NIL,NIL}
{NIL,NIL}
{NIL,NIL}
Loading "src/lsp/rdf.lsp"
Loading "src/lsp/initrdfs.lsp"
Reading AmosQL statements from "src/AmosQL/rdfs.amosql"
#[OID 1587 "RDF_PROPERTY"]
#[OID 1588 "RDF_LITERAL"]
#[OID 1589 "RDF_DATATYPE"]
#[OID 1590 "RDF_XMLLITERAL"]
#[OID 1591 "RDF_CONTAINER"]
#[OID 1592 "RDF_CONTAINERMEMBERSHIPPROPERTY"]
#[OID 1593 "RDF_SEQ"]
#[OID 1594 "RDF_BAG"]
#[OID 1595 "RDF_ALT"]
TRUE
TRUE
TRUE
TRUE
TRUE
TRUE
TRUE
TRUE
TRUE
"c:/AmosNT/wrappers/RDF/src/AmosQL/master.amosql"
Release 16, v7
Reading AmosQL statements from "src/AmosQL/mkdmp.amosql"
Reading AmosQL statements from "src/AmosQL/edutella.amosql"
Reading AmosQL statements from "src/amosql/qel.amosql"
[Expanding image to 6309588]
Image moved in LIST
Loading "src/lsp/qel.lsp"
Release 16, v7
Reading AmosQL statements from "regress/edutella.amosql"
#[OID 1916 "RDF_SOURCE"]
Reading AmosQL statements from "src/amosql/filebased.amosql"
#[OID 1919 "RDF_FILEBASED"]
[Testing Book query ...OK]
----------------Testing SWARD------------------
------Setting environment variables------
------Compiling source code------
Note: RDFViewer.java uses unchecked or unsafe operations.
Note: Recompile with -Xlint:unchecked for details.
        1 file(s) copied.
*.class : no such file or directory
*.class : no such file or directory
------Building SWARD system-----
Release 16, v7
Reading AmosQL statements from "c:/AmosNT/SWARD/src/amosql/mkdmp.amosql"
Reading AmosQL statements from "src/AmosQL/master.amosql"
Loading "src/lsp/h.lsp"
(COMPILE-QUERY REDEFINED)
WARNING! Redefined function: COMPILE-QUERY
Loading "src/lsp/export.lsp"
Loading "C:\\AmosNT/SQoND/lsp/string-based-wrapper.lsp"
Loading "turtle-reader.lsp"
Loading "sparql-stream-parser.lsp"
Loading "grab.lsp"
Loading "chunked-read-token.lsp"
Loading "../../lsp/grm/parse-utils.lsp"
Loading "rdf-types.lsp"
Loading "sparql-lsp-parser-datamodel.lsp"
Loading "sparql-slr1.lsp"
[Expanding image to 6309588]
Image moved in LIST
Loading "reader-utils.lsp"
Loading "turtle-slr1.lsp"
Loading "sparql-wrapper.lsp"
Loading "sparql-translator.lsp"
Loading "sparql-utils.lsp"
Loading "uri-to-fn.lsp"
Reading AmosQL statements from "src/AmosQL/h.amosql"
{"VALS","DL"}
{"VAL"}
{"VALS","DL"}
Reading AmosQL statements from "src/AmosQL/sql.amosql"
Reading AmosQL statements from "src/AmosQL/ds.amosql"
Reading AmosQL statements from "src/AmosQL/experiment.amosql"
Reading AmosQL statements from "src/AmosQL/export.amosql"
{"TN","CN","UPV"}
{"UPV","RELATIONSHIP"}
{"TN","CN","UPV"}
{"URI","VAL"}
{"RID"}
{"URI","VAL"}
{"TN","CN","UPV"}
{"UPV","PROP"}
{"TN","CN","UPV"}
{"TN","UPV"}
{"UPV","CLASS"}
{"TN","UPV"}
{"TID","UPV"}
{"VD"}
{"TID","UPV"}
#[OID 1696 "CHARSTRING.CHARSTRING.CHARSTRING.CHARSTRING.PMAP->BOOLEAN"]
#[OID 1705 "CHARSTRING.CHARSTRING.CHARSTRING.CMAP->BOOLEAN"]
Reading AmosQL statements from "src/AmosQL/extended.amosql"
Redefining #[OID 1798 "CHARSTRING.DEFINECV->BOOLEAN"]
Recompiling #[OID 1798 "CHARSTRING.DEFINECV->BOOLEAN"]
Redefining #[OID 1803 "CHARSTRING.VIEWRDB->BOOLEAN"]
Recompiling #[OID 1803 "CHARSTRING.VIEWRDB->BOOLEAN"]
[Expanding image to 100000000]
Image moved in IMAGESIZE
#[OID 1713 "TEVEXTENT"]
#[OID 1695 "PMAP"]
#[OID 1704 "CMAP"]
#[OID 1719 "RMAP"]
#[OID 1504 "ROWID"]
------Testing SWARD parsers------
------Testing SPARQL parser------
Release 16, v7
Loading "regress-string-based.lsp"
Reading AmosQL statements from "w3c-queries.osql"
[Testing queries from W3C specifications at http://www.w3.org/TR/rdf-sparql-query/  ...6 triples read from data/sparql/6.1.ttl
4 triples read from data/sparql/3.ttl
4 triples read from data/sparql/6.3.ttl
6 triples read from data/sparql/7.ttl
6 triples read from data/sparql/10.1.ttl
OK]
Reading AmosQL statements from "dawg-queries.osql"
[Testing queries from DAWG testcases at http://www.w3.org/2001/sw/DataAccess/tests/  ...5 triples read from data/dawg/Expr1/data-1.ttl
12 triples read from data/dawg/extracted-examples/data-5.5.ttl
6 triples read from data/dawg/extracted-examples/data-10.2.ttl
OK]
Reading AmosQL statements from "priority-binding-queries.osql"
[Testing queries to detect prioritized inner joins 
  from http://user.it.uu.se/~andan342/pij3.ppt ...12 triples read from data/pij3.ttl
12 triples read from data/pij3a.ttl
OK]
[Testing queries binding same variables with several OPTOTONAL:s and/or UNION:s ...6 triples read from data/quu.ttl
7 triples read from data/qoo.ttl
7 triples read from data/quo.ttl
14 triples read from data/qouf.ttl
11 triples read from data/qouoo.ttl
OK]
------Creating small example Company/egov relational database-----
Release 16, v7
Reading AmosQL statements from "mysqlpopulate.osql"
#[OID 1502 "IBDS"]
{0}
{0}
{0}
{0}
{0}
{0}
{1}
{1}
{1}
{1}
{1}
{0}
{0}
{0}
{0}
{0}
{0}
{1}
{1}
{1}
{1}
1
------Testing SWARD with RDFS Views of the Company relational database------
Release 16, v7
Reading AmosQL statements from "c:/AmosNT/SWARD/regress/company.amosql"
Reading AmosQL statements from "company_setup.amosql"
TRUE
TRUE
TRUE
TRUE
TRUE
[Testing SPARQL schema query Q1 with END-P ...OK]
[Testing SPARQL schema query Q1 with DVS-P ...OK]
[Testing SPARQL content query Q2 with END-P ...OK]
[Testing SPARQL content query Q2 with DVS-P ...OK]
[Testing SPARQL hybrid query Q3 with END-P ...OK]
[Testing SPARQL hybrid query Q3 with DVS-P ...OK]
[Testing SPARQL content query Q4 with END-P ...OK]
[Testing SPARQL content query Q5 with END-P ...OK]
[Testing SPARQL content query Q6 with END-P ...OK]
[Testing SPARQL content query Q7 with END-P ...OK]
[Testing SPARQL content query Q8 with END-P ...OK]
[Testing SQL schema query Q1 with END-P ...OK]
[Testing SQL schema query Q2 with DVS-P ...OK]
[Testing SQL content query Q3 with END-P ...OK]
[Testing SQL content query Q3 with DVS-P ...OK]
[Testing SQL hybrid query Q3 with END-P ...OK]
[Testing SQL hybrid query Q3 with DVS-P ...OK]
TRUE
TRUE
------Testing SWARD with complete RDFS views of the Company relational database------
Release 16, v7
Reading AmosQL statements from "c:/AmosNT/SWARD/regress/company_complete.amosql"
Reading AmosQL statements from "company_setup.amosql"
TRUE
TRUE
TRUE
TRUE
TRUE
Reading AmosQL statements from "../src/AmosQL/complete.amosql"
Redefining #[OID 1774 "CHARSTRING.CHARSTRING.CHARSTRING.GENPV->CHARSTRING"]
Recompiling #[OID 1774 "CHARSTRING.CHARSTRING.CHARSTRING.GENPV->CHARSTRING"]
Recompiling #[OID 1776 "CHARSTRING.GENPVS->CHARSTRING"]
Redefining #[OID 1782 "CHARSTRING.CHARSTRING.GENCCV->CHARSTRING"]
Recompiling #[OID 1782 "CHARSTRING.CHARSTRING.GENCCV->CHARSTRING"]
Recompiling #[OID 1784 "CHARSTRING.GENCCVS->CHARSTRING"]
Redefining #[OID 1790 "CHARSTRING.CHARSTRING.CHARSTRING.CHARSTRING.GENFPV->CHARSTRING"]
Recompiling #[OID 1790 "CHARSTRING.CHARSTRING.CHARSTRING.CHARSTRING.GENFPV->CHARSTRING"]
Recompiling #[OID 1792 "CHARSTRING.GENFPVS->CHARSTRING"]
[Testing SPARQL content query Q9 with END-P ...OK]
TRUE
------Testing SWARD RDFS views of the E-Government relational database------
Release 16, v7
Reading AmosQL statements from "c:/AmosNT/SWARD/regress/egov.amosql"
Reading AmosQL statements from "egov_setup.amosql"
TRUE
TRUE
TRUE
[Testing SparQL schema query 1 with END-P ...OK]
[Testing SparQL content query 1 with END-P ...OK]
[Testing SQL schema query 1 with END-P ...OK]
[Testing SQL content query 1 with END-P ...OK]
TRUE
----------------Testing SWATM ------------------
Note: C:\AmosNT\wrappers\TopicMap\src\TMWrapper.java uses or overrides a deprecated API.
Note: Recompile with -Xlint:deprecation for details.
Release 16, v7
Reading AmosQL statements from "../src/mkdmp.amosql"
Reading AmosQL statements from "../src/TMSchema.amosql"
{NIL,NIL}
{NIL,NIL}
{NIL,NIL}
{NIL,NIL}
{NIL,NIL}
{NIL,NIL}
{NIL,NIL}
{NIL,NIL}
{NIL,NIL}
{NIL,NIL}
{NIL,NIL}
{NIL,NIL}
#[OID 1600 "ONTOLOGY"]
{"URI","ITO"}
{NIL,NIL}
Reading AmosQL statements from "../src/TMForeign.amosql"
Reading AmosQL statements from "../../../SWARD/src/AmosQL/h.amosql"
{"VALS","DL"}
{"VAL"}
{"VALS","DL"}
Reading AmosQL statements from "../../../SWARD/src/AmosQL/sql.amosql"
Reading AmosQL statements from "../src/newTMO.amosql"
"exhaustive"
"ranksort"
Reading AmosQL statements from "../src/TMRDFSchemaT.amosql"
#[OID 1661 "RDFSCLASSDEF"]
#[OID 1664 "RDFSPROPERTYDEF"]
#[OID 1667 "RDFSDOMAINDEF"]
#[OID 1670 "RDFSRANGEDEF"]
#[OID 1673 "RDFS_LITERAL"]
#[OID 1679 "RDFSCHEMAURI"]
[Expanding image to 6309588]
Image moved in LIST
{NIL,NIL}
{NIL,NIL}
#[OID 1706 "TM_RDFSCHEMA_TRIPLES_MAT"]
Reading AmosQL statements from "../src/RDFMap.amosql"
Loading "../../../SWARD/src/lsp/h.lsp"
(COMPILE-QUERY REDEFINED)
WARNING! Redefined function: COMPILE-QUERY
Loading "../../../SQoND/lsp/string-based-wrapper.lsp"
Loading "turtle-reader.lsp"
Loading "sparql-stream-parser.lsp"
Loading "grab.lsp"
Loading "chunked-read-token.lsp"
Loading "../../lsp/grm/parse-utils.lsp"
Loading "rdf-types.lsp"
Loading "sparql-lsp-parser-datamodel.lsp"
Loading "sparql-slr1.lsp"
Loading "reader-utils.lsp"
Loading "turtle-slr1.lsp"
Loading "sparql-wrapper.lsp"
Loading "sparql-translator.lsp"
Loading "sparql-utils.lsp"
Loading "uri-to-fn.lsp"
Release 16, v7
Reading AmosQL statements from "regress/test.amosql"
Cannot find CatalogManager.properties
[Expanding image to 7886985]
Image moved in LIST
[Testing SPARQL schema query to the RDF view of Topic Maps without FROM clause ...OK]
[Testing SPARQL content query to the RDF view of Topic Maps ...OK]
[Testing SPARQL hybrid query to the RDF view of Topic Maps ...OK]
----------------Testing SARD------------------
------Compiling source code------
------Building SARD system-----
Release 16, v7
Reading AmosQL statements from "src/mkdmp.amosql"
Loading "../../lsp/sparql-lsp-parser/sparql-tuples-wrapper.lsp"
Loading "sparql-translator.lsp"
Loading "sparql-lsp-parser.lsp"
Loading "C:\\AmosNT/lsp/grm/parse-utils.lsp"
Loading "C:\\AmosNT/lsp/sparql-lsp-parser/sparql-lsp-parser-datamodel.lsp"
Loading "C:\\AmosNT/lsp/sparql-lsp-parser/sparql-slr1.lsp"
Loading "sparql-utils.lsp"
Loading "uri-to-fn.lsp"
Loading "../../lsp/ntriples-reader/ntriples-reader.lsp"
Loading "C:\\AmosNT/lsp/grm/file-reader.lsp"
Reading AmosQL statements from "src/amosql/ds.amosql"
Reading AmosQL statements from "src/amosql/export_SWARD.amosql"
{"TN","CN","UPV"}
{"UPV","RELATIONSHIP"}
{"TN","CN","UPV"}
[Expanding image to 6309588]
Image moved in /PUTOBJECT
{"TN","CN","UPV"}
{"UPV","PROP"}
{"TN","CN","UPV"}
{"TN","UPV"}
{"UPV","PROP"}
{"TN","CN","UPV"}
{"TN","UPV"}
{"UPV","CLASS"}
{"TN","UPV"}
{"TID","UPV"}
{"VD"}
{"TID","UPV"}
#[OID 1569 "CHARSTRING.CHARSTRING.CHARSTRING.CHARSTRING.PMAP->BOOLEAN"]
#[OID 1578 "CHARSTRING.CHARSTRING.CHARSTRING.CMAP->BOOLEAN"]
Reading AmosQL statements from "src/sard.amosql"
Loading "src/lsp/patch.lsp"
(ORPREDCOST REDEFINED)
WARNING! Redefined function: ORPREDCOST
Loading "src/lsp/URI.lsp"
Reading AmosQL statements from "src/AmosQL/foreign.amosql"
Redefining #[OID 1507 "BAG.OBJECT.OPTIONAL0->OBJECT"]
Recompiling #[OID 1507 "BAG.OBJECT.OPTIONAL0->OBJECT"]
Reading AmosQL statements from "src/AmosQL/RDBschema.amosql"
{"TNAME","NAME"}

WARNING: Equality on bag valued function UNIQUE treated as 'in' operator in function FOREIGNRDB when loading c:/AmosNT/sard/sard_new/src/AmosQL/RDBschema.amosql 166
Recompiling #[OID 1669 "RELATIONAL.CHARSTRING.CHARSTRING.CHARSTRING.COLUMNS4->CHARSTRING.CHARSTRING.INTEGER.CHARSTRING"]
Recompiling #[OID 1670 "RELATIONAL.CHARSTRING.COLUMNS4->CHARSTRING.CHARSTRING.INTEGER.CHARSTRING"]
Reading AmosQL statements from "src/AmosQL/rowid_compK.amosql"
(CONCAT-STR-VECELS--+ REDEFINED)
WARNING! Redefined function: CONCAT-STR-VECELS--+
{"CID","PKS"}
{"RID"}
{"CID","PKS"}
Reading AmosQL statements from "src/AmosQL/mapTables.amosql"
{"TN","OTN","UPV"}
{"TN","PROPERTY"}
{"TN","OTN","UPV"}
{"UPV"}
{"TN","PROPERTY"}
{"TN","OTN","UPV"}
{"TN","CN1","CN2","OTN1","OTN2","UPV"}
{"UPV","PROPERTY"}
{"TN","CN1","CN2","OTN1","OTN2","UPV"}
{"UPV"}
{"UPV","PROPERTY"}
{"TN","CN1","CN2","OTN1","OTN2","UPV"}
Reading AmosQL statements from "src/AmosQL/s_view.amosql"
Reading AmosQL statements from "src/AmosQL/exportSW_SARD.amosql"
[Expanding image to 7886985]
Image moved in UNIQUE
Redefining #[OID 1640 "CHARSTRING.SCHEMAVIEWMATERIALIZE->BOOLEAN"]
Recompiling #[OID 1640 "CHARSTRING.SCHEMAVIEWMATERIALIZE->BOOLEAN"]
Redefining #[OID 1612 "CHARSTRING.CHARSTRING.GENRELCALL->CHARSTRING"]
Recompiling #[OID 1612 "CHARSTRING.CHARSTRING.GENRELCALL->CHARSTRING"]
Redefining #[OID 1608 "CHARSTRING.GENRELVARS2->CHARSTRING"]
Recompiling #[OID 1608 "CHARSTRING.GENRELVARS2->CHARSTRING"]
Redefining #[OID 1646 "CHARSTRING.DEFINECV->BOOLEAN"]
Recompiling #[OID 1646 "CHARSTRING.DEFINECV->BOOLEAN"]
Redefining #[OID 1647 "CHARSTRING.DEFINEUPV->BOOLEAN"]
Recompiling #[OID 1647 "CHARSTRING.DEFINEUPV->BOOLEAN"]
Reading AmosQL statements from "src/AmosQL/export_DPS.amosql"
Reading AmosQL statements from "src/AmosQL/ddescribe.amosql"
^^^^^^Reading AmosQL statements from "src/AmosQL/unloadRDB_asNT.amosql"
Redefining #[OID 2127 "CHARSTRING.MAKE_DEF->CHARSTRING"]
Recompiling #[OID 2127 "CHARSTRING.MAKE_DEF->CHARSTRING"]
[Expanding image to 9858731]
Image moved in CONCAT
Reading AmosQL statements from "src/AmosQL/distinct.amosql"
Loading "src/lsp/purge1.lsp"
(GET-SINGLETON-VARIABLES REDEFINED)
WARNING! Redefined function: GET-SINGLETON-VARIABLES
(PURGE-VARIABLES REDEFINED)
WARNING! Redefined function: PURGE-VARIABLES
Loading "src/lsp/small_rewrites.lsp"
Undeclared free variable _TYPE_MATCH_ in REWRITE-FILTER
Undeclared free variable _IS_LITERAL_ in REWRITE-FILTER
Undeclared free variable _IS_LITERAL_ in REWRITE-FILTER
Too few arguments when calling GETFUNCTION in CONST-URI-LIST.
Too few arguments when calling GETFUNCTION in CONST-FORBURI-LIST.
Too few arguments when calling GETFUNCTION in CONST-FORBURI-LIST.
Undeclared free variable OPT-LIST in OPEN-OPTBAG
Undeclared free variable OPT-LIST in OPEN-OPTBAG
Undeclared free variable OPT-LIST in OPEN-OPTBAG
Loading "src/lsp/gct.lsp"
Loading "src/lsp/unif.lsp"
(COMPILE_PHASE2 REDEFINED)
WARNING! Redefined function: COMPILE_PHASE2
[Expanding image to 200000000]
Image moved in IMAGESIZE
#[OID 1568 "PMAP"]
#[OID 1577 "CMAP"]
#[OID 1840 "RCMAP"]
#[OID 1845 "RMMMAP"]
#[OID 1819 "TYPEMAP"]
#[OID 1829 "XSD_SHORTMAP"]
#[OID 1809 "ROWID"]
#[OID 1817 "VALUEID"]
#[OID 449 "LIKE"]
#[OID 194 "OBJECT.OBJECT.!=->BOOLEAN"]
#[OID 2058 "TEVEXTENT2"]
"c:/AmosNT/sard/sard_new/src/sard.amosql"
------Creating small example Company/egov relational database-----
Release 16, v7
Reading AmosQL statements from "mysqlpopulate.osql"
TRUE
#[OID 1502 "IBDS"]
{0}
{0}
{0}
{0}
{0}
{0}
{0}
{0}
{1}
{1}
{1}
{1}
{1}
{1}
{1}
{1}
{1}
{1}
{1}
{1}
{1}
{1}
{3}
{3}
{0}
{0}
{0}
{0}
{0}
{0}
{1}
{1}
{1}
{1}
1
------Testing SARD with RDFS Views of the Company relational database - LISP PARSER ------
Release 16, v7
Reading AmosQL statements from "C:/AmosNT/sard/sard_new/regress/company.amosql"
Reading AmosQL statements from "company_setup.amosql"
TRUE
TRUE
TRUE
Recompiling #[OID 1907 "CHARSTRING.CHARSTRING.CHARSTRING.PROPERTYTA->CHARSTRING.CHARSTRING.CHARSTRING"]
Recompiling #[OID 1913 "CHARSTRING.CHARSTRING.PKEYT->CHARSTRING.CHARSTRING.CHARSTRING"]
Recompiling #[OID 1915 "CHARSTRING.PKEY_VIEW->CHARSTRING.CHARSTRING.CHARSTRING"]
Recompiling #[OID 1909 "CHARSTRING.PROPERTY_VIEW->CHARSTRING.CHARSTRING.CHARSTRING"]
Recompiling #[OID 1929 "CHARSTRING.S_VIEW->CHARSTRING.CHARSTRING.CHARSTRING"]
Redefining #[OID 2052 "SDEF->CHARSTRING.CHARSTRING.CHARSTRING"]
Recompiling #[OID 2052 "SDEF->CHARSTRING.CHARSTRING.CHARSTRING"]
Recompiling #[OID 2186 "CHARSTRING.RETRIEVE_PK->CHARSTRING.CHARSTRING.CHARSTRING"]
Recompiling #[OID 2188 "CHARSTRING.RETRIEVE_PROPSOFP->CHARSTRING.CHARSTRING.CHARSTRING"]
Recompiling #[OID 2204 "CHARSTRING.RETRIEVE_RDFPROP->CHARSTRING.CHARSTRING.CHARSTRING"]
Recompiling #[OID 2282 "RETRIEVE_SCHEMAOFPROPSV->VECTOR"]
Recompiling #[OID 2178 "CHARSTRING.RETRIEVE_TYPEOFPROP->CHARSTRING.CHARSTRING.CHARSTRING"]
Recompiling #[OID 2182 "CHARSTRING.RETRIEVE_FK->CHARSTRING.CHARSTRING.CHARSTRING"]
Recompiling #[OID 2192 "CHARSTRING.RETRIEVE_PROPSOFP2->CHARSTRING.CHARSTRING.CHARSTRING"]
Recompiling #[OID 2216 "CHARSTRING.RETRIEVE_PROPERTIES_OFDOMAINCLASS1->CHARSTRING.CHARSTRING.CHARSTRING"]
Recompiling #[OID 2230 "CHARSTRING.RETRIEVE_PROPERTIES_OFRANGECLASS->CHARSTRING.CHARSTRING.CHARSTRING"]
Recompiling #[OID 2234 "CHARSTRING.RETRIEVE_SCLASS->CHARSTRING.CHARSTRING.CHARSTRING"]
Recompiling #[OID 2184 "CHARSTRING.CHARSTRING.RETRIEVE_SINGLEFK->CHARSTRING.CHARSTRING.CHARSTRING"]
Recompiling #[OID 2194 "CHARSTRING.RETRIEVE_PROPSOFP3->CHARSTRING.CHARSTRING.CHARSTRING"]
Recompiling #[OID 2180 "CHARSTRING.RETRIEVE_TYPEOF->CHARSTRING.CHARSTRING.CHARSTRING"]
Recompiling #[OID 2176 "CHARSTRING.RETRIEVE_TYPEOFCLASS->CHARSTRING.CHARSTRING.CHARSTRING"]
Recompiling #[OID 2218 "CHARSTRING.RETRIEVE_PROPERTIES_OFRANGECLASS1->CHARSTRING.CHARSTRING.CHARSTRING"]
Recompiling #[OID 2196 "CHARSTRING.RETRIEVE_PROPSOFP4->CHARSTRING.CHARSTRING.CHARSTRING"]
Recompiling #[OID 2232 "CHARSTRING.RETRIEVE_PFK->CHARSTRING.CHARSTRING.CHARSTRING"]
Recompiling #[OID 2200 "CHARSTRING.RETRIEVE_PROPSFK2->CHARSTRING.CHARSTRING.CHARSTRING"]
Recompiling #[OID 2202 "CHARSTRING.RETRIEVE_PROPSFK3->CHARSTRING.CHARSTRING.CHARSTRING"]
Recompiling #[OID 2228 "CHARSTRING.RETRIEVE_PROPERTIES_OFDOMAINCLASS->CHARSTRING.CHARSTRING.CHARSTRING"]
Recompiling #[OID 2198 "CHARSTRING.RETRIEVE_PROPSFK1->CHARSTRING.CHARSTRING.CHARSTRING"]
Recompiling #[OID 2190 "CHARSTRING.RETRIEVE_PROPSOFP1->CHARSTRING.CHARSTRING.CHARSTRING"]
Recompiling #[OID 2280 "RETRIEVE_SCHEMAOFPROPS->CHARSTRING.CHARSTRING.CHARSTRING"]
Recompiling #[OID 2238 "CHARSTRING.RETRIEVE_CLASS_ALLPROPS->CHARSTRING.CHARSTRING.CHARSTRING"]
TRUE
[Testing SPARQL schema query Q1 ...(DECLARE= ("prop"))
OK]
[Testing SPARQL content query Q2  ...(DECLARE= ("mkt" "ocust"))
OK]
[Testing SPARQL hybrid query Q3 ...(DECLARE= ("ocust" "prop" "val"))
OK]
[Testing SPARQL content query Q4 ...(DECLARE= ("class"))
OK]
[Testing SPARQL content query Q5  ...(DECLARE= ("prop" "sub"))
OK]
[Testing SPARQL content query Q6  ...(DECLARE= ("cust"))
OK]
[Testing SPARQL content query Q7 with FK ...(DECLARE= ("mkt" "cust" "clerk" "order"))
OK]
[Testing SPARQL content query Q8  ...(DECLARE= ("mkt" "ocustid" "clerk" "order"))
OK]
[Testing SPARQL content query Q9 ...(DECLARE= ("p" "s"))
OK]
TRUE
------Testing SARD with RDFS Views of the EGov relational database - LISP PARSER ------
Release 16, v7
Reading AmosQL statements from "C:/AmosNT/sard/sard_new/regress/egov_extended.amosql"
Reading AmosQL statements from "egov_setup.amosql"
TRUE
TRUE
TRUE
Recompiling #[OID 1907 "CHARSTRING.CHARSTRING.CHARSTRING.PROPERTYTA->CHARSTRING.CHARSTRING.CHARSTRING"]
Recompiling #[OID 1913 "CHARSTRING.CHARSTRING.PKEYT->CHARSTRING.CHARSTRING.CHARSTRING"]
Recompiling #[OID 1915 "CHARSTRING.PKEY_VIEW->CHARSTRING.CHARSTRING.CHARSTRING"]
Recompiling #[OID 1909 "CHARSTRING.PROPERTY_VIEW->CHARSTRING.CHARSTRING.CHARSTRING"]
Recompiling #[OID 1929 "CHARSTRING.S_VIEW->CHARSTRING.CHARSTRING.CHARSTRING"]
Redefining #[OID 2052 "SDEF->CHARSTRING.CHARSTRING.CHARSTRING"]
Recompiling #[OID 2052 "SDEF->CHARSTRING.CHARSTRING.CHARSTRING"]
Recompiling #[OID 2186 "CHARSTRING.RETRIEVE_PK->CHARSTRING.CHARSTRING.CHARSTRING"]
Recompiling #[OID 2188 "CHARSTRING.RETRIEVE_PROPSOFP->CHARSTRING.CHARSTRING.CHARSTRING"]
Recompiling #[OID 2204 "CHARSTRING.RETRIEVE_RDFPROP->CHARSTRING.CHARSTRING.CHARSTRING"]
Recompiling #[OID 2282 "RETRIEVE_SCHEMAOFPROPSV->VECTOR"]
Recompiling #[OID 2178 "CHARSTRING.RETRIEVE_TYPEOFPROP->CHARSTRING.CHARSTRING.CHARSTRING"]
Recompiling #[OID 2182 "CHARSTRING.RETRIEVE_FK->CHARSTRING.CHARSTRING.CHARSTRING"]
Recompiling #[OID 2192 "CHARSTRING.RETRIEVE_PROPSOFP2->CHARSTRING.CHARSTRING.CHARSTRING"]
Recompiling #[OID 2216 "CHARSTRING.RETRIEVE_PROPERTIES_OFDOMAINCLASS1->CHARSTRING.CHARSTRING.CHARSTRING"]
Recompiling #[OID 2230 "CHARSTRING.RETRIEVE_PROPERTIES_OFRANGECLASS->CHARSTRING.CHARSTRING.CHARSTRING"]
Recompiling #[OID 2234 "CHARSTRING.RETRIEVE_SCLASS->CHARSTRING.CHARSTRING.CHARSTRING"]
Recompiling #[OID 2184 "CHARSTRING.CHARSTRING.RETRIEVE_SINGLEFK->CHARSTRING.CHARSTRING.CHARSTRING"]
Recompiling #[OID 2194 "CHARSTRING.RETRIEVE_PROPSOFP3->CHARSTRING.CHARSTRING.CHARSTRING"]
Recompiling #[OID 2180 "CHARSTRING.RETRIEVE_TYPEOF->CHARSTRING.CHARSTRING.CHARSTRING"]
Recompiling #[OID 2176 "CHARSTRING.RETRIEVE_TYPEOFCLASS->CHARSTRING.CHARSTRING.CHARSTRING"]
Recompiling #[OID 2218 "CHARSTRING.RETRIEVE_PROPERTIES_OFRANGECLASS1->CHARSTRING.CHARSTRING.CHARSTRING"]
Recompiling #[OID 2196 "CHARSTRING.RETRIEVE_PROPSOFP4->CHARSTRING.CHARSTRING.CHARSTRING"]
Recompiling #[OID 2232 "CHARSTRING.RETRIEVE_PFK->CHARSTRING.CHARSTRING.CHARSTRING"]
Recompiling #[OID 2200 "CHARSTRING.RETRIEVE_PROPSFK2->CHARSTRING.CHARSTRING.CHARSTRING"]
Recompiling #[OID 2202 "CHARSTRING.RETRIEVE_PROPSFK3->CHARSTRING.CHARSTRING.CHARSTRING"]
Recompiling #[OID 2228 "CHARSTRING.RETRIEVE_PROPERTIES_OFDOMAINCLASS->CHARSTRING.CHARSTRING.CHARSTRING"]
Recompiling #[OID 2198 "CHARSTRING.RETRIEVE_PROPSFK1->CHARSTRING.CHARSTRING.CHARSTRING"]
Recompiling #[OID 2190 "CHARSTRING.RETRIEVE_PROPSOFP1->CHARSTRING.CHARSTRING.CHARSTRING"]
Recompiling #[OID 2280 "RETRIEVE_SCHEMAOFPROPS->CHARSTRING.CHARSTRING.CHARSTRING"]
Recompiling #[OID 2238 "CHARSTRING.RETRIEVE_CLASS_ALLPROPS->CHARSTRING.CHARSTRING.CHARSTRING"]
TRUE
(DECLARE= ("_oo_" "_pp_" "_ss_" "val3" "s1" "s" "val1" "val2"))
(DECLARE= ("val2"))
(DECLARE= ("val3"))
#[OID 2691 "CONS_OPT1->CHARSTRING.CHARSTRING.CHARSTRING"]
(DECLARE= ("_oo_" "_pp_" "_ss_" "s1" "s" "val1"))
(DECLARE= ("s"))
#[OID 2693 "CONS_OPT11->CHARSTRING.CHARSTRING.CHARSTRING"]
[Testing SparQL schema query 1 with END-P ...(DECLARE= ("lifeeventprop"))
OK]
[Testing Schemaless unbound-property query 2 (with REGEX on s  )  ...(DECLARE= ("s" "p" "val"))
OK]
[Testing SparQL hybrid query 1 with END-P ...(DECLARE= ("val3" "p" "s2" "s1" "val1"))
OK]
[Testing SparQL optional query 1 ...(DECLARE= ("val2" "s1" "val1"))
(DECLARE= ("val2"))
OK]
[Testing SparQL optional query 2, two independent optional ...(DECLARE= ("val3" "val2" "s1" "val1"))
(DECLARE= ("val2"))
(DECLARE= ("val3"))
OK]
[Testing SparQL optional query 3, 1 optional dependent on another ...(DECLARE= ("val2" "val3" "s1" "val1"))
(DECLARE= ("val2" "val3"))
(DECLARE= ("val2"))
OK]
[Testing SparQL optional query 4, 1 optional with FILTER REGEX on it ...(DECLARE= ("val2" "s1" "val1"))
(DECLARE= ("val2"))
OK]
[Testing SparQL optional query 5, 1 optional with FILTER on it ...(DECLARE= ("val2" "s1" "val1"))
(DECLARE= ("val2"))
OK]
[Testing SparQL optional query 6, 1 optional and FILTER on the non-optional triple pattern ...(DECLARE= ("val2" "s1" "val1"))
(DECLARE= ("val2"))
OK]
[Testing SparQL optional query 9, (CON AND (P2 OPT P3) (P4 OPT P5) ...(DECLARE= ("val3" "val2" "s1" "val1" "s2"))
(DECLARE= ("val2"))
(DECLARE= ("val3"))
OK]
[Testing Union query 1, 2 blocks, diff variables  ...(DECLARE= ("val2" "s1" "val1"))
OK]
[Testing Union query 2, 2 blocks, same variables  ...(DECLARE= ("val1" "s1"))
OK]
(DECLARE= ("val2" "p2" "s1"))
#[OID 2701 "SPARQL_CONT2->CHARSTRING.CHARSTRING.LITERAL"]
(DECLARE= ("s2" "s1"))
#[OID 2703 "SPARQL_CONT3->CHARSTRING.CHARSTRING"]
(DECLARE= ("s1" "p" "s"))
#[OID 2705 "SPARQL_CONT33->CHARSTRING.CHARSTRING.CHARSTRING"]
(DECLARE= ("s1" "p2" "val2"))
#[OID 2707 "SPARQL_CONT4->CHARSTRING.CHARSTRING.LITERAL"]
(DECLARE= ("s" "p" "val"))
#[OID 2709 "SPARQL_CONT8->CHARSTRING.CHARSTRING.LITERAL"]
(DECLARE= ("s1" "p" "val"))
#[OID 2711 "SPARQL_UNION3->CHARSTRING.CHARSTRING.LITERAL"]
(DECLARE= ("o1" "p1" "s1" "s" "val1"))
(DECLARE= ("s"))
#[OID 2713 "SPARQL_CONSOPT21->CHARSTRING.CHARSTRING.CHARSTRING"]
(DECLARE= ("s1" "p" "val"))
#[OID 2715 "SPARQL_UNION33->CHARSTRING.CHARSTRING.LITERAL"]
[Testing SparQL unbound-property query 1 - GCT ...OK]
[Testing SparQL query with FK ...OK]
[Testing SparQL query- test rewrite for (* * ?s1. ?s ?p ?s1) ...OK]
[Testing SparQL unbound-property query 2 (with FK)  ...OK]
[Testing SparQL unbound-property query 1 with GCT ...OK]
[Testing Schema-less unbound-property query 1 (with REGEX on s and val )-with GCT  ...(DECLARE= ("s" "p" "val"))
OK]
[Testing Construct unbound-property query 1  ...(DECLARE= ("_oo_" "_pp_" "_ss_" "p" "s" "s1" "o"))
OK]
[Testing Union unbound-property query 3, 2 blocks with FILTER, GCT  ...OK]
[Testing Union unbound-property query 3, 2 blocks with FILTER, GCT  ...OK]
[Testing Unbound-property query 4 with bound to an URI object, ?s ?p <URI> ...(DECLARE= ("s2" "s1"))
OK]
[Testing Query to test rewrite 'valueid and !=' ...(DECLARE= ("s1" "val1"))
OK]
[Testing Query to test rewrite 'valueid(rowid) and like' ...(DECLARE= ("s1" "p1" "val1"))
OK]
[Testing Query to test rewrite 'valueid and > ' ...(DECLARE= ("s1" "val1"))
OK]
[Testing Query to test rewrite both 'rowid,valueid and like' ...(DECLARE= ("s1" "p1" "val1"))
OK]
[Testing Query with '"val"^^<http://www.w3.org/2001/XMLSchema#>' as object ...(DECLARE= ("o" "p" "s"))
OK]
[Testing CONSTRUCT like OPTIONAL query 2 ...OK]
[Testing CONSTRUCT OPTIONAL query 2 ...OK]
[Testing SELECT (s,p,o) OPTIONAL query  ...OK]
[Testing SELECT (s,p,o)-> NO OPTIONAL returns NIL  ...(DECLARE= ("o1" "p1" "s1" "s" "val1"))
OK]
TRUE
---------------Testing SSDM-------------------
--------------------Configuration: ssdm - Win32 Release--------------------

ssdm.dll - 0 error(s), 0 warning(s)
        1 file(s) copied.
Release 16, v7
Loading "lsp/master.lsp"
Loading "../scsq/lsp/numarray.lsp"
Loading "turtle-reader.lsp"
Loading "sparql-stream-parser.lsp"
Loading "grab.lsp"
Loading "chunked-read-token.lsp"
Loading "../../lsp/grm/parse-utils.lsp"
Loading "rdf-types.lsp"
Loading "sparql-lsp-parser-datamodel.lsp"
Loading "sparql-slr1.lsp"
Loading "nma.lsp"
[Expanding image to 6309588]
Image moved in FUNCTION
Loading "reader-utils.lsp"
Loading "chelonia-reader.lsp"
Loading "turtle-slr1.lsp"
Loading "sparql-wrapper.lsp"
Loading "sparql-translator.lsp"
Loading "sparql-utils.lsp"
Loading "uri-to-fn.lsp"
Loading "nma-fns.lsp"
Release 16, v7
Loading "array-test.lsp"
[Testing array creation, size getter, element assignment, reader and equality ...OK]
[Testing array transposition ...OK]
[Testing array subrange selection ...OK]
[Testing array projection ...OK]
[Testing bulk reader ...OK]
[Testing AmosQL array dereference ...OK]
[Testing AmosQL array dereference-or-projection & subsetting ...OK]
[Testing Array proxies and chunk operations ...OK]
Release 16, v7
Loading "regress.lsp"
Reading AmosQL statements from "w3c-queries.osql"
[Testing queries from W3C specifications at http://www.w3.org/TR/rdf-sparql-query/  ...4 triples read from data/sparql/3.ttl
6 triples read from data/sparql/6.1.ttl
4 triples read from data/sparql/3.ttl
4 triples read from data/sparql/6.3.ttl
6 triples read from data/sparql/7.ttl
6 triples read from data/sparql/9.3.ttl
6 triples read from data/sparql/10.1.ttl
3 triples read from data/sparql/11.4.1.ttl
4 triples read from data/sparql/11.4.2.ttl
6 triples read from data/sparql/11.4.3.ttl
4 triples read from data/sparql/11.4.5.ttl
4 triples read from data/sparql/11.4.7.ttl
4 triples read from data/sparql/11.4.10a.ttl
2 triples read from data/sparql/11.4.13.ttl
OK]
[Testing additional queries sensitive to langtags and custom types, ibid ...5 triples read from data/sparql/2.3a.ttl
3 triples read from data/sparql/11.4.6.ttl
OK]
Reading AmosQL statements from "dawg-queries.osql"
[Testing queries from DAWG testcases at http://www.w3.org/2001/sw/DataAccess/tests/  ...5 triples read from data/dawg/Expr1/data-1.ttl
12 triples read from data/dawg/extracted-examples/data-5.5.ttl
6 triples read from data/dawg/extracted-examples/data-10.2.ttl
OK]
Reading AmosQL statements from "priority-binding-queries.osql"
[Testing queries to detect prioritized inner joins from http://user.it.uu.se/~andan342/pij3.ppt ...12 triples read from data/pij3.ttl
12 triples read from data/pij3a.ttl
OK]
[Testing queries binding same variables with several OPTOTONAL:s and/or UNION:s ...6 triples read from data/quu.ttl
7 triples read from data/qoo.ttl
7 triples read from data/quo.ttl
14 triples read from data/qouf.ttl
11 triples read from data/qouoo.ttl
OK]
Reading AmosQL statements from "agg-queries.osql"
[Testing aggegate queries  ...11 triples read from data/agg/10.1.ttl
OK]
Reading AmosQL statements from "collection-queries.osql"
[Testing queries with generated blanks and collections  ...4 triples read from data/sparql/11.4.5.ttl
12 triples read from data/turtle/example2s1.ttl
OK]
Reading AmosQL statements from "array-queries.osql"
[Testing queries with numeric arrays ...9 triples read from data/array/1.ttl
OK]
[Testing queries with aggregation involving arrays ...4 triples read from data/agg/array-agg.ttl
OK]
[Testing queries with aggregation involving arrays ...4 triples read from data/agg/array-agg.ttl
OK]
Reading AmosQL statements from "udf-queries.osql"
[Testing queries with UDFs ...4 triples read from data/udfs/1.ttl
OK]
[Testing queries from W3C SPARQL 1.1 specifications ...6 triples read from data/sparql11/10.1.ttl
5 triples read from data/sparql11/10.1b.ttl
OK]
[Testing data-free queries ...OK]
[Testing queries to test isolation of blank nodes ...2 triples read from data/turtle/blanks12.ttl
2 triples read from data/turtle/blanks34.ttl
OK]
[Testing reader of boolean values ...4 triples read from data/booleans.ttl
OK]
Reading AmosQL statements from "filter-eq-queries.osql"
[Testing queries with '=' filter ...8 triples read from data/filter-eq.ttl
5 triples read from data/bind.ttl
OK]
[Testing queries with second-order functions ...6 triples read from data/argmax.ttl
OK]
Release 16, v7
Loading "regress_view.lsp"
4 triples read from data/udfs/1.ttl
Reading SPARQL statements from "sumxy.sparql"
[Testing sumxy.sparql view(s) ...OK]
Release 16, v7
Loading "regress_optional.lsp"
Reading AmosQL statements from "BSBM_Optional.osql"
[Testing OPTIONAL queries from BSBM  ...1844 triples read from data/berlin1.ttl
OK]
[Testing BSBM Q2: four OPTIONAL, one-after-each-other  ...OK]
[Testing BSBM Q3: one OPTIONAL  ...OK]
[Testing More BSBM Q8: four OPTIONAL, one-after-each-other  ...OK]
[Testing BSBM Q7: two OPTIONAL: 1 OPT + 1 OPT having 2 nested OPT  ...OK]
[Testing Modified BSBM Q8: two OPTIONAL:rating1 bounded from the 1st OPT, rating2 cab be bounded only if rating1 bounded   ...OK]
[Testing Modified BSBM Q8: Both rating1 and rating2 are NULLs or both are bounded   ...OK]
[Testing Modified BSBM Q8: four nested OPTIONALs   ...OK]
Release 16, v7
SPARQL 1> 4 triples read from talk.ttl
0.005 s
SPARQL 2> NIL
SPARQL 2> 5
0.013 s
SPARQL 3> 5
0.034 s
SPARQL 4> 0.002 s
SPARQL 5> #[NMA 0 (3) (1 2 3)]
0.013 s
SPARQL 6> #[NMA 0 (1 3) ((4 5 6))]
0.014 s
SPARQL 7> #[NMA 0 (3 2) ((1 4) (2 5) (3 6))]
0.013 s
SPARQL 8> (0,2.5)
(2,4.5)
0.023 s
SPARQL 9> 3.5
0.013 s
SPARQL 10> #[NMA 1 (2 3) ((1 1 2) (2 3 3))]
0.013 s
SPARQL 11> 4.0
0.018 s
SPARQL 12> 3.5
0.5
0.025 s
SPARQL 13> #[OID 1741 "LITERAL.RDF:TOTALPOP->LITERAL"]
0.004 s
SPARQL 14> 21
0.013 s
SPARQL 15> #[OID 1743 "LITERAL.RDF:ABS->LITERAL"]
0.001 s
SPARQL 16> 1.5
0.01 s
SPARQL 16> #[OID 1745 "LITERAL.LITERAL.RDF:PYPLUS->LITERAL"]
0.003 s
SPARQL 17> 3
0.01 s
SPARQL 17> #[OID 1747 "BAG-LITERAL.RDF:PYSUM->LITERAL"]
0.002 s
SPARQL 18> 4.0
0.016 s
SPARQL 19> Quitting ...
----------------Testing Datamining (legacy)------------------
cd src && amos2 -O a1knntest.osql -o "quit;"
Release 16, v7
Reading AmosQL statements from "a1knntest.osql"
Reading AmosQL statements from "a1.osql"
Reading AmosQL statements from "a1knn_ref.osql"
Reading AmosQL statements from "a1knn_val.osql"
[Testing sanity: count(k), count(testclasses) ...OK]
("k",1)
("testclasses(v) correctness  ",22)
[Testing testclasses correctness ...OK]
Reading AmosQL statements from "knnmat.osql"

WARNING: Coercing argument in call to cross_validate_count(Integer)->Number in function EVALUATE_K when loading c:/AmosNT/applications/DataMining/src/knnmat.osql 31

WARNING: Coercing argument in call to uncertainty_count(Integer)->Number in function EVALUATE_K when loading c:/AmosNT/applications/DataMining/src/knnmat.osql 31
[Time .. [Testing knn without materialization ...OK]
1.037 s]
[Time .. [Testing knn with materialization ...OK]
0.155 s]
Reading AmosQL statements from "knnnorm.osql"
Loading "knntest.lsp"
[Testing aggv ...OK]
[Testing avg of zscore ...OK]
[Testing maxmin agg ...OK]
[Testing all_but_this ...OK]
[Testing k_nearest ...OK]
[Testing avg estimated confidence of knnclassify of known data ...OK]
[Testing count of knnclassify cross-validation ...OK]
[Testing performance of knn cross validation, k = 3 ...OK]
[Testing performance of dummy-normalized knn, k in 1..5 ...OK]
[Testing performance of (avg, stdev)-normalized knn, k in 1..5 ...OK]
[Testing performance of (min, max)-normalized knn ...OK]
[Testing performance of knn using maxnorm (L_oo) metric ...OK]
[Testing knn using Minkowski, r in {0.4, 0.8} ...OK]
[Testing (avg, stdev)-norm. knn Minkowski r in {0.4, 0.8}, k in 1..3 ...OK]
"knntest.lsp"
amos2 -O src/dbscan.osql -O src/test_dbscan.osql -o "quit;"
Release 16, v7
Reading AmosQL statements from "src/dbscan.osql"
{NIL,NIL}
{NIL,NIL}
Reading AmosQL statements from "src/test_dbscan.osql"
"c:/AmosNT/applications/DataMining/data"
[Testing DBSCAN results for patterns.nt of eps = 0.54 ...[Expanding image to 6309588]
Image moved in REMFUNCTION0
OK]
[Testing DBSCAN results for patterns.nt of eps = 0.8 ...OK]
[Testing DBSCAN results for patterns.nt of eps = 0.2 ...OK]
[Testing DBSCAN results for patterns.nt of eps = 0.1 ...OK]
[Testing DBSCAN results for patterns2.nt of eps = 0.54 ...OK]
[Testing DBSCAN results for patterns2.nt of eps = 0.8 ...[Expanding image to 7886985]
Image moved in REMFUNCTION0
OK]
[Testing DBSCAN results for patterns2.nt of eps = 0.2 ...OK]
[Testing DBSCAN results for patterns2.nt of eps = 0.1 ...OK]
"c:/AmosNT/applications/DataMining"
----------------Testing Datamining: AmosMiner------------------
Release 16, v7
Reading AmosQL statements from "master.osql"
Reading AmosQL statements from "utils.osql"
Reading AmosQL statements from "knnclassifier.osql"
Reading AmosQL statements from "kmeansclustering.osql"
Loading "sampling.lsp"
"sampling.lsp"
Reading AmosQL statements from "dbscanclustering.osql"
Reading AmosQL statements from "associationrulemining.osql"
Release 16, v7
Loading "MiningFunctions/regress.lsp"
Reading AmosQL statements from "a1.osql"
{NIL,NIL}
{NIL,NIL}
#[OID 1689 "NUMBER.KNOWN_DATA->VECTOR-NUMBER"]
#[OID 1697 "UNKNOWN_DATA->VECTOR-NUMBER"]
#[OID 1694 "NUMBER.NORMALIZED_KNOWN_DATA->VECTOR-NUMBER"]
[Expanding image to 6309588]
Image moved in PROCCALL
#[OID 1700 "NORMALIZED_UNKNOWN_DATA->VECTOR-NUMBER"]
73
#[OID 1703 "NUMBER.CLASSIFIED_DATA->VECTOR-NUMBER"]
Reading AmosQL statements from "MiningFunctions/knn_test.osql"
{NIL,NIL}
#[OID 1706 "NUMBER.TRUTH_DATA->VECTOR-NUMBER"]
{NIL,NIL}
Redefining #[OID 1515 "VECTOR-NUMBER.INTEGER.FUNCTION.OBJECT.BAG-(NUMBER,VECTOR-NUMBER).K_VOTES->INTEGER.NUMBER"]
Recompiling #[OID 1515 "VECTOR-NUMBER.INTEGER.FUNCTION.OBJECT.BAG-(NUMBER,VECTOR-NUMBER).K_VOTES->INTEGER.NUMBER"]
Recompiling #[OID 1523 "VECTOR-NUMBER.INTEGER.FUNCTION.OBJECT.BAG-(NUMBER,VECTOR-NUMBER).KNNCLASSIFYVALUE->NUMBER"]
Recompiling #[OID 1525 "BAG-VECTOR-NUMBER.INTEGER.FUNCTION.OBJECT.BAG-(NUMBER,VECTOR-NUMBER).KNNCLASSIFYVALUES->NUMBER.VECTOR-NUMBER"]
Recompiling #[OID 1529 "INTEGER.FUNCTION.OBJECT.BAG-(NUMBER,VECTOR-NUMBER).INTERNAL_INVALID_CLASSIFICATIONS->NUMBER.VECTOR-NUMBER"]
Recompiling #[OID 1531 "INTEGER.FUNCTION.OBJECT.FUNCTION.INVALID_CLASSIFICATIONS->NUMBER.VECTOR-NUMBER"]
Recompiling #[OID 1529 "INTEGER.FUNCTION.OBJECT.BAG-(NUMBER,VECTOR-NUMBER).INTERNAL_INVALID_CLASSIFICATIONS->NUMBER.VECTOR-NUMBER"]
Recompiling #[OID 1523 "VECTOR-NUMBER.INTEGER.FUNCTION.OBJECT.BAG-(NUMBER,VECTOR-NUMBER).KNNCLASSIFYVALUE->NUMBER"]
Recompiling #[OID 1523 "VECTOR-NUMBER.INTEGER.FUNCTION.OBJECT.BAG-(NUMBER,VECTOR-NUMBER).KNNCLASSIFYVALUE->NUMBER"]
Recompiling #[OID 1531 "INTEGER.FUNCTION.OBJECT.FUNCTION.INVALID_CLASSIFICATIONS->NUMBER.VECTOR-NUMBER"]
(47,1)
(47,2)
(53,3)
(57,4)
(55,5)
(51,6)
(57,7)
(56,8)
(55,9)
(54,10)
[Testing Test number of K  ...OK]
[Testing KNN Classifier-(Euclid, minmax) is  ...OK]
[Testing KNN Classifier-(Euclid, mean, stdev) is  ...OK]
[Testing KNN Classifier-(Minkowski, min , max) is  ...OK]
[Testing KNN Classifier-(Minkowski, mean, stdev) is  ...OK]
[Testing Clustering: read data ...OK]
[Testing kMeans clustering and SSE ...OK]
[Testing DBSCAN clustering ...OK]
[Testing ARM: read data ...OK]
[Testing frequent itemsets generated ...OK]
[Testing association rules generated ...OK]
----------------Testing SCSQ-LR ------------------
Release 16, v7
Reading AmosQL statements from "src/loadhistory.osql"
Reading AmosQL statements from "src/Historical_data.osql"
{NIL,NIL}
[Expanding image to 6309588]
Image moved in READ
Release 16, v7
Reading AmosQL statements from "src/mkdmp.osql"
Reading AmosQL statements from "master.osql"
Loading "lread.lsp"
"lread.lsp"
Loading "visited.lsp"
"visited.lsp"
Reading AmosQL statements from "Timecalc.osql"
Reading AmosQL statements from "Accident_check.osql"
Reading AmosQL statements from "Toll_calc.osql"
Reading AmosQL statements from "historytest.osql"
[Expanding image to 7886985]
Image moved in UNIQUE
"c:/AmosNT/scsq/SCSQ-LR/src/master.osql"
Release 16, v7
Reading AmosQL statements from "src/test.osql"
[Testing Degenerate case, sdiv ...OK]
[Testing First round ...OK]
[Testing Second round ...OK]
[Testing Third round ...OK]
2
3
4
5
6
{"accident detected in xway,seg,vid,minute,sec:",0,69,8,6,301}
[Expanding image to 9858731]
Image moved in READ
7
[Testing Linear Road ...OK]
*********** end test of released system ************
---------------- BigWrapper ------------------
Compiling java sources...
Release 16, v7
Loading "src/Lisp/master.lsp"
"BigIntegrator is enabled"
Loading "Lisp/datasource.lsp"
Reading AmosQL statements from "AmosQL/createMetaschema.amosql"
Reading AmosQL statements from "AmosQL/loadForeignFunctions.amosql"
Loading "Lisp/bt.lsp"
Reading AmosQL statements from "AmosQL/wrapperfunctions.amosql"
Reading AmosQL statements from "AmosQL/configuration.amosql"
Reading AmosQL statements from "AmosQL/hj.amosql"
Loading "Lisp/gql.lsp"
Reading AmosQL statements from "AmosQL/bt.amosql"
Release 16, v7
Connecting
Entering top loop
JavaAMOS 1> Reading AmosQL statements from "regress/test.amosql"

Processing type CITY (http://oddse2010.appspot.com/simpleprotocol)

Processing type STATE (http://oddse2010.appspot.com/simpleprotocol)

Processing type CITY (http://oddse2010.appspot.com/simpleprotocol)

Processing type STATE (http://oddse2010.appspot.com/simpleprotocol)
[Testing checking populated local meta data from GAE data store ...OK]
[Testing testing gql foreign function for querying Bigtable part I ...OK]
[Testing testing gql foreign function for querying Bigtable part II ...OK]
[Testing querying multi databases from Bigtable ...OK]
[Testing Rewrites of core cluster functions (querying single table) ...OK]
[Testing Rewrites of core cluster functions (rewriting join) ...OK]
"regress/test.amosql"
7.459 s
JavaAMOS 2> Quitting ...
----------------Testing SVALI ---------------------
------------------------------------------------------------
Generating SVALI binaries
gmake: Nothing to be done for `all'.
Building default target: adll - Win32 Debug
--------------------Configuration: adll - Win32 Debug--------------------

amos2.dll - 0 error(s), 0 warning(s)
Building default target: amos2 - Win32 Debug
--------------------Configuration: amos2 - Win32 Debug--------------------

amos2.exe - 0 error(s), 0 warning(s)
Building default target: alisp - Win32 Debug
--------------------Configuration: alisp - Win32 Debug--------------------

alisp.exe - 0 error(s), 0 warning(s)
Building default target: scsqlib - Win32 Debug
--------------------Configuration: scsqlib - Win32 Debug--------------------
Creating library...

scsqlib.lib - 0 error(s), 0 warning(s)
Building default target: scsq - Win32 Debug
--------------------Configuration: scsq - Win32 Debug--------------------
Linking...
   Creating library ..\..\bin\scsq.lib and object ..\..\bin\scsq.exp

scsq.exe - 0 error(s), 0 warning(s)
Building default target: JavaSCSQ - Win32 Debug
--------------------Configuration: JavaSCSQ - Win32 Debug--------------------
Linking...
   Creating library Debug/JavaSCSQ.lib and object Debug/JavaSCSQ.exp
LINK : warning LNK4049: locally defined symbol "_javascsq_init" imported

JavaSCSQ.dll - 0 error(s), 1 warning(s)
Making java...
        1 file(s) copied.
init file: init.lsp init dir ../lsp
Loading "init.lsp"
Loading "amosdef.lsp"
Loading "coredef.lsp"
Loading "lispdef.lsp"
Loading "advise.lsp"
Loading "filepos.lsp"
Loading "client.lsp"
[Expanding image to 177600]
Image moved in APPLY
Loading "basic.lsp"
[Expanding image to 222000]
Image moved in APPLY
[Expanding image to 277500]
Image moved in APPLY
Loading "sort.lsp"
Loading "ppr.lsp"
Loading "trace.lsp"
[Expanding image to 346875]
Image moved in INT-APPLY
Loading "interrupts.lsp"
Loading "error.lsp"
Loading "socket.lsp"
Loading "ref_lisp.lsp"
Loading "coro.lsp"
[Expanding image to 433593]
Image moved in INT-APPLY
Loading "buffer.lsp"
Loading "strings.lsp"
Loading "verify_code.lsp"
Loading "mex-basic.lsp"
Loading "mex-save-restore.lsp"
Loading "mex-lisp-interfaces.lsp"
(GET-BTREE REDEFINED)
(PUT-BTREE REDEFINED)
(DELETE-BTREE REDEFINED)
(MAP-BTREE REDEFINED)
(MAKE-BTREE REDEFINED)
(COUNT-BTREE REDEFINED)
Loading "mex-transactional.lsp"
Loading "misc.lsp"
[Expanding image to 541991]
Image moved in INT-APPLY
Loading "basicoid.lsp"
Loading "relation.lsp"
Loading "function.lsp"
[Expanding image to 677488]
Image moved in INT-APPLY
Loading "foreign.lsp"
Loading "typecheck.lsp"
Loading "variable.lsp"
Loading "predicate_functions.lsp"
Loading "environment.lsp"
[Expanding image to 846860]
Image moved in LIST
Loading "flatten.lsp"
Loading "latebind.lsp"
Loading "comppred.lsp"
Loading "recompile.lsp"
Loading "optimizer.lsp"
[Expanding image to 1058575]
Image moved in INT-APPLY
Loading "olog.lsp"
Loading "subplan.lsp"
Loading "purge.lsp"
Loading "rewrite.lsp"
Loading "TBR.lsp"
Loading "DTR.lsp"
Loading "priority-queue.lsp"
Loading "dynprog.lsp"
[Expanding image to 1323218]
Image moved in MKSYMBOL
Loading "randomopt.lsp"
Loading "normalize.lsp"
Loading "collections.lsp"
Loading "externalize.lsp"
Loading "osql-let.lsp"
Loading "proc.lsp"
Loading "fncall.lsp"
Loading "cursor.lsp"
Loading "createuobj.lsp"
Loading "constructor.lsp"
Loading "deletion.lsp"
Loading "printer.lsp"
Loading "absorbmng.lsp"
Loading "misc.lsp"
Loading "finalizermng.lsp"
[Expanding image to 1654022]
Image moved in LIST
Loading "scan.lsp"
Loading "aclient.lsp"
Loading "server.lsp"
Loading "scan_remote.lsp"
Loading "boot.lsp"
Loading "qd.lsp"
Loading "qd_entry.lsp"
Loading "qd_dsve.lsp"
Loading "qd_dynprog.lsp"
Loading "qd_cost.lsp"
Loading "qd_deftmpfunc.lsp"
Loading "qd_disp.lsp"
Loading "qd_heuristic.lsp"
Loading "qd_misc.lsp"
Loading "qd_print.lsp"
Loading "qd_treedistr.lsp"
Loading "qd_objectloggen.lsp"
Loading "dt.lsp"
Loading "coerce.lsp"
Loading "dtcreate.lsp"
[Expanding image to 2067527]
Image moved in INT-APPLY
Loading "etemplates.lsp"
Loading "typeimp.lsp"
Loading "bulk.lsp"
Loading "mapped.lsp"
Loading "mbindex.lsp"
Loading "new_object.lsp"
Loading "declarations.lsp"
Loading "arginfo.lsp"
Loading "datasource.lsp"
Loading "unload.lsp"
Loading "materialize.lsp"
Loading "comm.lsp"
Loading "tuple.lsp"
Loading "vector.lsp"
Loading "amosfns.lsp"
[Expanding image to 2584408]
Image moved in PARSE
[Expanding image to 3230510]
Image moved in CONS
Loading "if.lsp"
Loading "tr-rewrites.lsp"
Loading "temporal.lsp"
Loading "tclose.lsp"
Loading "topk.lsp"
Loading "extplot.lsp"
Recompiling #[OID 353 "CHARSTRING.EVAL->OBJECT"]
Loading "stream.lsp"
Reading AmosQL statements from "functions.osql"
Recompiling #[OID 353 "CHARSTRING.EVAL->OBJECT"]
{"X","Y"}
Recompiling #[OID 353 "CHARSTRING.EVAL->OBJECT"]
Recompiling #[OID 353 "CHARSTRING.EVAL->OBJECT"]
Recompiling #[OID 353 "CHARSTRING.EVAL->OBJECT"]
[Expanding image to 4038137]
Image moved in LIST
#[OID 790 "PI"]
#[OID 140 "FUNCTIONNAMED"]
#[OID 142 "TYPENAMED"]
#[OID 535 "THERESOLVENT"]
#[OID 75 "VECTOR"]
Reading AmosQL statements from "streams.osql"
Recompiling #[OID 353 "CHARSTRING.EVAL->OBJECT"]
Reading AmosQL statements from "peer.osql"
Reading AmosQL statements from "goovi-servers.osql"
Loading "compl.lsp"
Reading AmosQL statements from "updates.osql"
Loading "updates.lsp"
Loading "abstract-function.lsp"
Reading AmosQL statements from "constructor.osql"
Loading "groupby.lsp"
Loading "record.lsp"
Reading AmosQL statements from "record.osql"
Reading AmosQL statements from "unloadschema.osql"
Loading "unloadschema.lsp"
"unloadschema.lsp"
Reading AmosQL statements from "RDF.osql"
Loading "multicast.lsp"
"disable translator.lsp"
"BigIntegrator is enabled"
Reading AmosQL statements from "master.amosql"
Loading "../../src/Lisp/integrator.lsp"
"../../src/Lisp/integrator.lsp"
Reading AmosQL statements from "integrator.amosql"
Reading AmosQL statements from "meta_data.amosql"
Reading AmosQL statements from "cost_model.amosql"
Loading "../../src/Lisp/wrapperfuncs.lsp"
"../../src/Lisp/wrapperfuncs.lsp"
Loading "../../src/Lisp/cost_model.lsp"
"../../src/Lisp/cost_model.lsp"
Loading "../wrappers/load_wrappers.lsp"
Loading "../wrappers/datasource/load_wrapper.lsp"
Reading AmosQL statements from "../wrappers/datasource/typemap.osql"
Loading "../wrappers/datasource/typemap.lsp"
Loading "../wrappers/datasource/core-cluster.lsp"
Reading AmosQL statements from "../wrappers/datasource/core-cluster.osql"
Loading "../wrappers/relational/load_wrapper.lsp"
Loading "../wrappers/relational/relational.lsp"
Reading AmosQL statements from "../wrappers/relational/relational.osql"
Loading "../wrappers/relational/sqlquery.lsp"
Loading "../wrappers/relational/import-table.lsp"
Loading "../wrappers/relational/export-type.lsp"
Loading "../wrappers/relational/exportlog.lsp"
Loading "../wrappers/relational/import-foreign-keys.lsp"
Loading "../wrappers/relational/metadata.lsp"
Loading "../wrappers/relational/sql.lsp"
Loading "../wrappers/relational/relational_translator.lsp"
Reading AmosQL statements from "../wrappers/relational/relational_typemap.osql"
Loading "../wrappers/relational/sql_constructor.lsp"
Loading "../wrappers/JDBC/load_wrapper.lsp"
Loading "../wrappers/JDBC/jdbc.lsp"
Reading AmosQL statements from "../wrappers/JDBC/jdbc.osql"
[Expanding image to 5047671]
Image moved in /PUTOBJECT
Recompiling #[OID 1292 "RELATIONAL.CHARSTRING.CARDINALITY->INTEGER"]
#[OID 1348 "JDBC.CHARSTRING.SQL->VECTOR"]
Recompiling #[OID 1292 "RELATIONAL.CHARSTRING.CARDINALITY->INTEGER"]
Recompiling #[OID 1310 "RELATIONAL.CHARSTRING.DROP_TABLE->INTEGER"]
Recompiling #[OID 1310 "RELATIONAL.CHARSTRING.DROP_TABLE->INTEGER"]
Recompiling #[OID 1310 "RELATIONAL.CHARSTRING.DROP_TABLE->INTEGER"]
#[OID 1349 "JDBC.CHARSTRING.VECTOR.SQL->VECTOR"]
Recompiling #[OID 1291 "RELATIONAL.CHARSTRING.HAS_TABLE->BOOLEAN"]
Recompiling #[OID 1291 "RELATIONAL.CHARSTRING.HAS_TABLE->BOOLEAN"]
Recompiling #[OID 1291 "RELATIONAL.CHARSTRING.HAS_TABLE->BOOLEAN"]
Recompiling #[OID 1306 "RELATIONAL.CHARSTRING.CHARSTRING.REFERENCED_TABLE->CHARSTRING"]
Recompiling #[OID 1306 "RELATIONAL.CHARSTRING.CHARSTRING.REFERENCED_TABLE->CHARSTRING"]
Recompiling #[OID 1306 "RELATIONAL.CHARSTRING.CHARSTRING.REFERENCED_TABLE->CHARSTRING"]
Reading AmosQL statements from "../wrappers/relational/configuration.osql"
#[OID 194 "OBJECT.OBJECT.!=->BOOLEAN"]
#[OID 170 "NUMBER.NUMBER.PLUS->NUMBER"]
#[OID 176 "NUMBER.NUMBER.TIMES->NUMBER"]
#[OID 46 "VECTOR.IN->OBJECT"]
#[OID 212 "NUMBER.ABS->NUMBER"]
#[OID 196 "OBJECT.OBJECT.<->BOOLEAN"]
#[OID 198 "OBJECT.OBJECT.<=->BOOLEAN"]
#[OID 200 "OBJECT.OBJECT.>->BOOLEAN"]
#[OID 202 "OBJECT.OBJECT.>=->BOOLEAN"]
#[OID 450 "CHARSTRING.CHARSTRING.LIKE->BOOLEAN"]
#[OID 28 "OBJECT.OBJECT.=->BOOLEAN"]
Loading "../wrappers/relational/sql_absorber.lsp"
Loading "../wrappers/relational/sql_finalizer.lsp"
Loading "../wrappers/relational/numwrapper.lsp"
Loading "../wrappers/relational/patch.lsp"
Loading "../wrappers/Amos/amos.lsp"
Recompiling #[OID 1264 "RELATIONAL.CHARSTRING.CHARSTRING.CHARSTRING.CONNECT->RELATIONAL"]
Recompiling #[OID 1268 "RELATIONAL.TABLES->CHARSTRING.CHARSTRING.CHARSTRING.CHARSTRING"]
Recompiling #[OID 1269 "CHARSTRING.TABLES->CHARSTRING.CHARSTRING.CHARSTRING.CHARSTRING"]
Recompiling #[OID 1271 "RELATIONAL.CHARSTRING.CHARSTRING.CHARSTRING.COLUMNS->CHARSTRING.CHARSTRING"]
Recompiling #[OID 1272 "RELATIONAL.CHARSTRING.COLUMNS->CHARSTRING.CHARSTRING"]
Recompiling #[OID 1274 "RELATIONAL.CHARSTRING.CHARSTRING.CHARSTRING.PRIMARY_KEYS->CHARSTRING.CHARSTRING"]
Recompiling #[OID 1275 "RELATIONAL.CHARSTRING.PRIMARY_KEYS->CHARSTRING.CHARSTRING"]
Recompiling #[OID 1277 "RELATIONAL.CHARSTRING.IMPORTED_KEYS->CHARSTRING.CHARSTRING.CHARSTRING"]
Recompiling #[OID 1279 "RELATIONAL.CHARSTRING.EXPORTED_KEYS->CHARSTRING.CHARSTRING.CHARSTRING"]
Recompiling #[OID 1281 "RELATIONAL.CHARSTRING.VECTOR.SQL->VECTOR"]
Recompiling #[OID 1282 "RELATIONAL.CHARSTRING.SQL->VECTOR"]
Recompiling #[OID 1283 "CHARSTRING.CHARSTRING.VECTOR.SQL->VECTOR"]
Recompiling #[OID 1284 "CHARSTRING.CHARSTRING.SQL->VECTOR"]
Recompiling #[OID 1286 "RELATIONAL.CHARSTRING.SQLU->INTEGER"]
Recompiling #[OID 1287 "RELATIONAL.CHARSTRING.VECTOR.SQLU->INTEGER"]
Recompiling #[OID 1289 "RELATIONAL.CHARSTRING.READ_SQL->VECTOR"]
Recompiling #[OID 1292 "RELATIONAL.CHARSTRING.CARDINALITY->INTEGER"]
Loading "project/init.lsp"
Loading "project/sql-create.lsp"
Loading "project/sql-insert.lsp"
Loading "project/sql-update.lsp"
Loading "project/sql-delete.lsp"
Loading "project/sql-select.lsp"
Loading "project/sql-drop.lsp"
Loading "mex-utilities.lsp"
Loading "mex-amos-interfaces.lsp"
Loading "mex-relation-save-restore.lsp"
Loading "boot-aqit.lsp"
Loading "aqit_utilities.lsp"
Loading "ud-index-cc.lsp"
Loading "late-tr-rewrite.lsp"
Loading "aqitnew.lsp"
(*AQIT-GCP* RESET)
Loading "aqitmisc.lsp"
Loading "rewrite-matrix.lsp"
Loading "dist-based-index-rewrite2.lsp"
Loading "rewrite-index-phases.lsp"
Loading "mexima.lsp"
Loading "internal-xtree.lsp"
Reading AmosQL statements from "rewriter-knn.osql"
Loading "rewriter-knn.lsp"
Loading "extract-sql.lsp"
Loading "temporal-plus.lsp"
1.289 s
Release 16, v7
Reading AmosQL statements from "sc.osql"
Loading "../lsp/numarray.lsp"
"../lsp/numarray.lsp"
Reading AmosQL statements from "numarray.osql"
Loading "../../lsp/iterate.lsp"
"../../lsp/iterate.lsp"
Reading AmosQL statements from "../../lsp/iterate.osql"
#[OID 1573 "FUNCTION.OBJECT.INTEGER.ITER->OBJECT.INTEGER"]
#[OID 1575 "FUNCTION.STREAM.INTEGER.FUNCTION.CIRCUIT->OBJECT.INTEGER"]
Loading "../lsp/scsq.lsp"
"../lsp/scsq.lsp"
Loading "../lsp/blob.lsp"
"../lsp/blob.lsp"
Loading "../lsp/profiler.lsp"
"../lsp/profiler.lsp"
Loading "../lsp/coord.lsp"
"../lsp/coord.lsp"
Loading "../lsp/daemon.lsp"
"../lsp/daemon.lsp"
Reading AmosQL statements from "scsq.osql"
[Expanding image to 6309588]
Image moved in MAKEHASHTABLE
Loading "../lsp/clock.lsp"
"../lsp/clock.lsp"
Reading AmosQL statements from "twinagg.osql"
Reading AmosQL statements from "fft.osql"
Loading "../lsp/sp.lsp"
"../lsp/sp.lsp"
Loading "../lsp/extract.lsp"
"../lsp/extract.lsp"
Loading "../lsp/hmerge.lsp"
"../lsp/hmerge.lsp"
Loading "../lsp/sumvectors.lsp"
"../lsp/sumvectors.lsp"
Reading AmosQL statements from "mathfns.osql"
Reading AmosQL statements from "stream.osql"
Reading AmosQL statements from "scsql.osql"
Reading AmosQL statements from "dprofile.osql"
Reading AmosQL statements from "ub_uall.osql"
Reading AmosQL statements from "peakdetect.osql"
Loading "../lsp/cumsum.lsp"
"../lsp/cumsum.lsp"
Reading AmosQL statements from "spconfig.osql"
10.0
Reading AmosQL statements from "istream.osql"
Building default target: wlr - Win32 Debug
--------------------Configuration: wlr - Win32 Debug--------------------
Linking...
   Creating library ../../../bin/svali.lib and object ../../../bin/svali.exp

svali.exe - 0 error(s), 0 warning(s)
Release 16, v7
Reading AmosQL statements from "init.amosql"
Loading "lsp/window.lsp"
Loading "lsp/misc.lsp"
Loading "C:\\AmosNT/lsp/json.lsp"
WARNING! Redefined function: READLINES--+
Loading "lsp/svali.lsp"
[Expanding image to 7886985]
Image moved in UNION
Loading "lsp/bgsmj.lsp"
Loading "lsp/join.lsp"
Loading "lsp/component.lsp"
Reading AmosQL statements from "osql/window_process.osql"
Reading AmosQL statements from "osql/validate.osql"
------------------------------------------------------------
Unknown type of file: svali
Release 16, v7
Reading AmosQL statements from "test_validate.osql"
Reading AmosQL statements from "model.osql"
#[OID 2554 "WINDOW.AGG1->OBJECT"]
#[OID 2562 "WINDOW.AGG2->OBJECT"]
WARNING! Setting undeclared global variable: TL
WARNING! Setting undeclared global variable: AMOS_W
[Testing count based empty window test 1 ...OK]
[Testing count based empty window test 1 with micro window on ...OK]
[Testing count based empty window test 2 ...OK]
[Testing count based empty window test 2 with micro window on ...OK]
[Testing count based tumbling window ...OK]
[Testing count based tumbling window with micro window on ...OK]
[Testing count based tumbling window in ...OK]
[Testing count based tumbling window with micro window in ...OK]
[Testing count based sliding window ...OK]
[Testing count based sliding window with micro window ...OK]
[Testing count based sliding window in ...OK]
[Testing count based sliding window with micro window in ...OK]
[Testing time based tumbling window ...OK]
[Testing time based tumbling window report every 1 second ...OK]
[Testing time based tumbling window with jump predicate ...OK]
[Testing time based tumbling window report every 1 second and with jump predicate ...OK]
[Testing time based tumbling window in ...OK]
[Testing time based tumbling window in report every 1 second ...OK]
[Testing time based tumbling window in with jump predicate ...OK]
[Testing time based tumbling window in report every 1 second and with jump predicate ...OK]
[Testing time based tumbling window aggregation report every 1 second and with jump predicate ...OK]
[Testing time based tumbling window aggregation report every 1 second and with jump predicate ...OK]
[Testing time based sliding window ...OK]
[Testing time based sliding window report every 1 second ...OK]
[Testing time based sliding window with jump predicate ...OK]
[Testing time based sliding window with jump predicate ...OK]
[Testing time based sliding window report every 1 second with jump predicate ...OK]
[Testing time based sliding window in ...OK]
[Testing time based sliding window in report every 1 second ...OK]
[Testing time based sliding window in with jump predicate ...OK]
[Testing time based sliding window in report every 1 second with jump predicate ...OK]
[Testing time based sliding window aggregation report every 1 second and with jump predicate ...OK]
[Testing predicate based window empty window ...OK]
[Testing predicate based window ...OK]
[Testing predicate based window in ...OK]
[Testing predicate based window ...OK]
[Testing predicate based window in ...OK]
[Testing predicate based window ...OK]
[Testing predicate based window in ...OK]
[Testing model n and validate with model function returns one single model ...OK]
[Testing model n and validate with model function returns a bag ...OK]
[Testing learn n and validate with learn function returns a single model ...OK]
[Testing learn n and validate with learn function returns a bag ...OK]
[Testing mapper on window ...OK]
[Testing mapper on window ...OK]
Release 16, v7
Reading AmosQL statements from "regress/joinregress.osql"
[Testing Atomic Sort Merge Join ...OK]
[Testing Atomic SMJ with delay ...OK]
[Testing error propagation at start of lsmj ...OK]
[Testing error propagation inside lsmj ...OK]
[Testing lsmjstreamsv ...OK]
[Testing error propagation at start of Atomic Sort Merge Join ...OK]
[Testing error propagation at start of Atomic Sort Merge Join, > 1 proc ...OK]
[Testing error propagation inside Atomic Sort Merge Join ...OK]
[Testing error propagation inside Atomic Sort Merge Join, > 1 proc ...OK]
----------------Testing validate lr-----------------
----------------Testing LOGDIR ---------------------
Release 16, v7
Reading AmosQL statements from "init.osql"
Reading AmosQL statements from "logdir.osql"
Loading "../lisp/logdir.lsp"
"../lisp/logdir.lsp"
c:\AmosNT\bin\scsq.exe
Access is denied.
gmake: Nothing to be done for `all'.
Building default target: adll - Win32 Debug
--------------------Configuration: adll - Win32 Debug--------------------

amos2.dll - 0 error(s), 0 warning(s)
Building default target: amos2 - Win32 Debug
--------------------Configuration: amos2 - Win32 Debug--------------------

amos2.exe - 0 error(s), 0 warning(s)
Building default target: alisp - Win32 Debug
--------------------Configuration: alisp - Win32 Debug--------------------

alisp.exe - 0 error(s), 0 warning(s)
Building default target: scsqlib - Win32 Debug
--------------------Configuration: scsqlib - Win32 Debug--------------------
Creating library...

scsqlib.lib - 0 error(s), 0 warning(s)
Building default target: scsq - Win32 Debug
--------------------Configuration: scsq - Win32 Debug--------------------
Linking...
   Creating library ..\..\bin\scsq.lib and object ..\..\bin\scsq.exp

scsq.exe - 0 error(s), 0 warning(s)
Building default target: JavaSCSQ - Win32 Debug
--------------------Configuration: JavaSCSQ - Win32 Debug--------------------
Linking...

JavaSCSQ.dll - 0 error(s), 0 warning(s)
Making java...
        1 file(s) copied.
init file: init.lsp init dir ../lsp
Loading "init.lsp"
Loading "amosdef.lsp"
Loading "coredef.lsp"
Loading "lispdef.lsp"
Loading "advise.lsp"
Loading "filepos.lsp"
Loading "client.lsp"
[Expanding image to 177600]
Image moved in APPLY
Loading "basic.lsp"
[Expanding image to 222000]
Image moved in APPLY
[Expanding image to 277500]
Image moved in APPLY
Loading "sort.lsp"
Loading "ppr.lsp"
Loading "trace.lsp"
[Expanding image to 346875]
Image moved in INT-APPLY
Loading "interrupts.lsp"
Loading "error.lsp"
Loading "socket.lsp"
Loading "ref_lisp.lsp"
Loading "coro.lsp"
[Expanding image to 433593]
Image moved in INT-APPLY
Loading "buffer.lsp"
Loading "strings.lsp"
Loading "verify_code.lsp"
Loading "mex-basic.lsp"
Loading "mex-save-restore.lsp"
Loading "mex-lisp-interfaces.lsp"
(GET-BTREE REDEFINED)
(PUT-BTREE REDEFINED)
(DELETE-BTREE REDEFINED)
(MAP-BTREE REDEFINED)
(MAKE-BTREE REDEFINED)
(COUNT-BTREE REDEFINED)
Loading "mex-transactional.lsp"
Loading "misc.lsp"
[Expanding image to 541991]
Image moved in INT-APPLY
Loading "basicoid.lsp"
Loading "relation.lsp"
Loading "function.lsp"
[Expanding image to 677488]
Image moved in INT-APPLY
Loading "foreign.lsp"
Loading "typecheck.lsp"
Loading "variable.lsp"
Loading "predicate_functions.lsp"
Loading "environment.lsp"
[Expanding image to 846860]
Image moved in LIST
Loading "flatten.lsp"
Loading "latebind.lsp"
Loading "comppred.lsp"
Loading "recompile.lsp"
Loading "optimizer.lsp"
[Expanding image to 1058575]
Image moved in INT-APPLY
Loading "olog.lsp"
Loading "subplan.lsp"
Loading "purge.lsp"
Loading "rewrite.lsp"
Loading "TBR.lsp"
Loading "DTR.lsp"
Loading "priority-queue.lsp"
Loading "dynprog.lsp"
[Expanding image to 1323218]
Image moved in MKSYMBOL
Loading "randomopt.lsp"
Loading "normalize.lsp"
Loading "collections.lsp"
Loading "externalize.lsp"
Loading "osql-let.lsp"
Loading "proc.lsp"
Loading "fncall.lsp"
Loading "cursor.lsp"
Loading "createuobj.lsp"
Loading "constructor.lsp"
Loading "deletion.lsp"
Loading "printer.lsp"
Loading "absorbmng.lsp"
Loading "misc.lsp"
Loading "finalizermng.lsp"
[Expanding image to 1654022]
Image moved in LIST
Loading "scan.lsp"
Loading "aclient.lsp"
Loading "server.lsp"
Loading "scan_remote.lsp"
Loading "boot.lsp"
Loading "qd.lsp"
Loading "qd_entry.lsp"
Loading "qd_dsve.lsp"
Loading "qd_dynprog.lsp"
Loading "qd_cost.lsp"
Loading "qd_deftmpfunc.lsp"
Loading "qd_disp.lsp"
Loading "qd_heuristic.lsp"
Loading "qd_misc.lsp"
Loading "qd_print.lsp"
Loading "qd_treedistr.lsp"
Loading "qd_objectloggen.lsp"
Loading "dt.lsp"
Loading "coerce.lsp"
Loading "dtcreate.lsp"
[Expanding image to 2067527]
Image moved in INT-APPLY
Loading "etemplates.lsp"
Loading "typeimp.lsp"
Loading "bulk.lsp"
Loading "mapped.lsp"
Loading "mbindex.lsp"
Loading "new_object.lsp"
Loading "declarations.lsp"
Loading "arginfo.lsp"
Loading "datasource.lsp"
Loading "unload.lsp"
Loading "materialize.lsp"
Loading "comm.lsp"
Loading "tuple.lsp"
Loading "vector.lsp"
Loading "amosfns.lsp"
[Expanding image to 2584408]
Image moved in PARSE
[Expanding image to 3230510]
Image moved in CONS
Loading "if.lsp"
Loading "tr-rewrites.lsp"
Loading "temporal.lsp"
Loading "tclose.lsp"
Loading "topk.lsp"
Loading "extplot.lsp"
Recompiling #[OID 353 "CHARSTRING.EVAL->OBJECT"]
Loading "stream.lsp"
Reading AmosQL statements from "functions.osql"
Recompiling #[OID 353 "CHARSTRING.EVAL->OBJECT"]
{"X","Y"}
Recompiling #[OID 353 "CHARSTRING.EVAL->OBJECT"]
Recompiling #[OID 353 "CHARSTRING.EVAL->OBJECT"]
Recompiling #[OID 353 "CHARSTRING.EVAL->OBJECT"]
[Expanding image to 4038137]
Image moved in LIST
#[OID 790 "PI"]
#[OID 140 "FUNCTIONNAMED"]
#[OID 142 "TYPENAMED"]
#[OID 535 "THERESOLVENT"]
#[OID 75 "VECTOR"]
Reading AmosQL statements from "streams.osql"
Recompiling #[OID 353 "CHARSTRING.EVAL->OBJECT"]
Reading AmosQL statements from "peer.osql"
Reading AmosQL statements from "goovi-servers.osql"
Loading "compl.lsp"
Reading AmosQL statements from "updates.osql"
Loading "updates.lsp"
Loading "abstract-function.lsp"
Reading AmosQL statements from "constructor.osql"
Loading "groupby.lsp"
Loading "record.lsp"
Reading AmosQL statements from "record.osql"
Reading AmosQL statements from "unloadschema.osql"
Loading "unloadschema.lsp"
"unloadschema.lsp"
Reading AmosQL statements from "RDF.osql"
Loading "multicast.lsp"
"disable translator.lsp"
"BigIntegrator is enabled"
Reading AmosQL statements from "master.amosql"
Loading "../../src/Lisp/integrator.lsp"
"../../src/Lisp/integrator.lsp"
Reading AmosQL statements from "integrator.amosql"
Reading AmosQL statements from "meta_data.amosql"
Reading AmosQL statements from "cost_model.amosql"
Loading "../../src/Lisp/wrapperfuncs.lsp"
"../../src/Lisp/wrapperfuncs.lsp"
Loading "../../src/Lisp/cost_model.lsp"
"../../src/Lisp/cost_model.lsp"
Loading "../wrappers/load_wrappers.lsp"
Loading "../wrappers/datasource/load_wrapper.lsp"
Reading AmosQL statements from "../wrappers/datasource/typemap.osql"
Loading "../wrappers/datasource/typemap.lsp"
Loading "../wrappers/datasource/core-cluster.lsp"
Reading AmosQL statements from "../wrappers/datasource/core-cluster.osql"
Loading "../wrappers/relational/load_wrapper.lsp"
Loading "../wrappers/relational/relational.lsp"
Reading AmosQL statements from "../wrappers/relational/relational.osql"
Loading "../wrappers/relational/sqlquery.lsp"
Loading "../wrappers/relational/import-table.lsp"
Loading "../wrappers/relational/export-type.lsp"
Loading "../wrappers/relational/exportlog.lsp"
Loading "../wrappers/relational/import-foreign-keys.lsp"
Loading "../wrappers/relational/metadata.lsp"
Loading "../wrappers/relational/sql.lsp"
Loading "../wrappers/relational/relational_translator.lsp"
Reading AmosQL statements from "../wrappers/relational/relational_typemap.osql"
Loading "../wrappers/relational/sql_constructor.lsp"
Loading "../wrappers/JDBC/load_wrapper.lsp"
Loading "../wrappers/JDBC/jdbc.lsp"
Reading AmosQL statements from "../wrappers/JDBC/jdbc.osql"
[Expanding image to 5047671]
Image moved in /PUTOBJECT
Recompiling #[OID 1292 "RELATIONAL.CHARSTRING.CARDINALITY->INTEGER"]
#[OID 1348 "JDBC.CHARSTRING.SQL->VECTOR"]
Recompiling #[OID 1292 "RELATIONAL.CHARSTRING.CARDINALITY->INTEGER"]
Recompiling #[OID 1310 "RELATIONAL.CHARSTRING.DROP_TABLE->INTEGER"]
Recompiling #[OID 1310 "RELATIONAL.CHARSTRING.DROP_TABLE->INTEGER"]
Recompiling #[OID 1310 "RELATIONAL.CHARSTRING.DROP_TABLE->INTEGER"]
#[OID 1349 "JDBC.CHARSTRING.VECTOR.SQL->VECTOR"]
Recompiling #[OID 1291 "RELATIONAL.CHARSTRING.HAS_TABLE->BOOLEAN"]
Recompiling #[OID 1291 "RELATIONAL.CHARSTRING.HAS_TABLE->BOOLEAN"]
Recompiling #[OID 1291 "RELATIONAL.CHARSTRING.HAS_TABLE->BOOLEAN"]
Recompiling #[OID 1306 "RELATIONAL.CHARSTRING.CHARSTRING.REFERENCED_TABLE->CHARSTRING"]
Recompiling #[OID 1306 "RELATIONAL.CHARSTRING.CHARSTRING.REFERENCED_TABLE->CHARSTRING"]
Recompiling #[OID 1306 "RELATIONAL.CHARSTRING.CHARSTRING.REFERENCED_TABLE->CHARSTRING"]
Reading AmosQL statements from "../wrappers/relational/configuration.osql"
#[OID 194 "OBJECT.OBJECT.!=->BOOLEAN"]
#[OID 170 "NUMBER.NUMBER.PLUS->NUMBER"]
#[OID 176 "NUMBER.NUMBER.TIMES->NUMBER"]
#[OID 46 "VECTOR.IN->OBJECT"]
#[OID 212 "NUMBER.ABS->NUMBER"]
#[OID 196 "OBJECT.OBJECT.<->BOOLEAN"]
#[OID 198 "OBJECT.OBJECT.<=->BOOLEAN"]
#[OID 200 "OBJECT.OBJECT.>->BOOLEAN"]
#[OID 202 "OBJECT.OBJECT.>=->BOOLEAN"]
#[OID 450 "CHARSTRING.CHARSTRING.LIKE->BOOLEAN"]
#[OID 28 "OBJECT.OBJECT.=->BOOLEAN"]
Loading "../wrappers/relational/sql_absorber.lsp"
Loading "../wrappers/relational/sql_finalizer.lsp"
Loading "../wrappers/relational/numwrapper.lsp"
Loading "../wrappers/relational/patch.lsp"
Loading "../wrappers/Amos/amos.lsp"
Recompiling #[OID 1264 "RELATIONAL.CHARSTRING.CHARSTRING.CHARSTRING.CONNECT->RELATIONAL"]
Recompiling #[OID 1268 "RELATIONAL.TABLES->CHARSTRING.CHARSTRING.CHARSTRING.CHARSTRING"]
Recompiling #[OID 1269 "CHARSTRING.TABLES->CHARSTRING.CHARSTRING.CHARSTRING.CHARSTRING"]
Recompiling #[OID 1271 "RELATIONAL.CHARSTRING.CHARSTRING.CHARSTRING.COLUMNS->CHARSTRING.CHARSTRING"]
Recompiling #[OID 1272 "RELATIONAL.CHARSTRING.COLUMNS->CHARSTRING.CHARSTRING"]
Recompiling #[OID 1274 "RELATIONAL.CHARSTRING.CHARSTRING.CHARSTRING.PRIMARY_KEYS->CHARSTRING.CHARSTRING"]
Recompiling #[OID 1275 "RELATIONAL.CHARSTRING.PRIMARY_KEYS->CHARSTRING.CHARSTRING"]
Recompiling #[OID 1277 "RELATIONAL.CHARSTRING.IMPORTED_KEYS->CHARSTRING.CHARSTRING.CHARSTRING"]
Recompiling #[OID 1279 "RELATIONAL.CHARSTRING.EXPORTED_KEYS->CHARSTRING.CHARSTRING.CHARSTRING"]
Recompiling #[OID 1281 "RELATIONAL.CHARSTRING.VECTOR.SQL->VECTOR"]
Recompiling #[OID 1282 "RELATIONAL.CHARSTRING.SQL->VECTOR"]
Recompiling #[OID 1283 "CHARSTRING.CHARSTRING.VECTOR.SQL->VECTOR"]
Recompiling #[OID 1284 "CHARSTRING.CHARSTRING.SQL->VECTOR"]
Recompiling #[OID 1286 "RELATIONAL.CHARSTRING.SQLU->INTEGER"]
Recompiling #[OID 1287 "RELATIONAL.CHARSTRING.VECTOR.SQLU->INTEGER"]
Recompiling #[OID 1289 "RELATIONAL.CHARSTRING.READ_SQL->VECTOR"]
Recompiling #[OID 1292 "RELATIONAL.CHARSTRING.CARDINALITY->INTEGER"]
Loading "project/init.lsp"
Loading "project/sql-create.lsp"
Loading "project/sql-insert.lsp"
Loading "project/sql-update.lsp"
Loading "project/sql-delete.lsp"
Loading "project/sql-select.lsp"
Loading "project/sql-drop.lsp"
Loading "mex-utilities.lsp"
Loading "mex-amos-interfaces.lsp"
Loading "mex-relation-save-restore.lsp"
Loading "boot-aqit.lsp"
Loading "aqit_utilities.lsp"
Loading "ud-index-cc.lsp"
Loading "late-tr-rewrite.lsp"
Loading "aqitnew.lsp"
(*AQIT-GCP* RESET)
Loading "aqitmisc.lsp"
Loading "rewrite-matrix.lsp"
Loading "dist-based-index-rewrite2.lsp"
Loading "rewrite-index-phases.lsp"
Loading "mexima.lsp"
Loading "internal-xtree.lsp"
Reading AmosQL statements from "rewriter-knn.osql"
Loading "rewriter-knn.lsp"
Loading "extract-sql.lsp"
Loading "temporal-plus.lsp"
1.275 s
Release 16, v7
Reading AmosQL statements from "sc.osql"
Loading "../lsp/numarray.lsp"
"../lsp/numarray.lsp"
Reading AmosQL statements from "numarray.osql"
Loading "../../lsp/iterate.lsp"
"../../lsp/iterate.lsp"
Reading AmosQL statements from "../../lsp/iterate.osql"
#[OID 1573 "FUNCTION.OBJECT.INTEGER.ITER->OBJECT.INTEGER"]
#[OID 1575 "FUNCTION.STREAM.INTEGER.FUNCTION.CIRCUIT->OBJECT.INTEGER"]
Loading "../lsp/scsq.lsp"
"../lsp/scsq.lsp"
Loading "../lsp/blob.lsp"
"../lsp/blob.lsp"
Loading "../lsp/profiler.lsp"
"../lsp/profiler.lsp"
Loading "../lsp/coord.lsp"
"../lsp/coord.lsp"
Loading "../lsp/daemon.lsp"
"../lsp/daemon.lsp"
Reading AmosQL statements from "scsq.osql"
[Expanding image to 6309588]
Image moved in MAKEHASHTABLE
Loading "../lsp/clock.lsp"
"../lsp/clock.lsp"
Reading AmosQL statements from "twinagg.osql"
Reading AmosQL statements from "fft.osql"
Loading "../lsp/sp.lsp"
"../lsp/sp.lsp"
Loading "../lsp/extract.lsp"
"../lsp/extract.lsp"
Loading "../lsp/hmerge.lsp"
"../lsp/hmerge.lsp"
Loading "../lsp/sumvectors.lsp"
"../lsp/sumvectors.lsp"
Reading AmosQL statements from "mathfns.osql"
Reading AmosQL statements from "stream.osql"
Reading AmosQL statements from "scsql.osql"
Reading AmosQL statements from "dprofile.osql"
Reading AmosQL statements from "ub_uall.osql"
Reading AmosQL statements from "peakdetect.osql"
Loading "../lsp/cumsum.lsp"
"../lsp/cumsum.lsp"
Reading AmosQL statements from "spconfig.osql"
10.0
Reading AmosQL statements from "istream.osql"
Building default target: wlr - Win32 Debug
--------------------Configuration: wlr - Win32 Debug--------------------
Linking...
   Creating library ../../../bin/svali.lib and object ../../../bin/svali.exp

svali.exe - 0 error(s), 0 warning(s)
Release 16, v7
Reading AmosQL statements from "init.amosql"
Loading "lsp/window.lsp"
Loading "lsp/misc.lsp"
Loading "C:\\AmosNT/lsp/json.lsp"
WARNING! Redefined function: READLINES--+
Loading "lsp/svali.lsp"
[Expanding image to 7886985]
Image moved in UNION
Loading "lsp/bgsmj.lsp"
Loading "lsp/join.lsp"
Loading "lsp/component.lsp"
Reading AmosQL statements from "osql/window_process.osql"
Reading AmosQL statements from "osql/validate.osql"
Building default target: svali - Win32 Debug
--------------------Configuration: svali - Win32 Debug--------------------
Linking...
LINK : LNK6004: ../../../bin/svali.dll not found or not built by the last incremental link; performing full link
   Creating library ./Debug/svali.lib and object ./Debug/svali.exp

svali.dll - 0 error(s), 0 warning(s)
Release 16, v7
Reading AmosQL statements from "init.osql"
Reading AmosQL statements from "init.osql"
Reading AmosQL statements from "logdir.osql"
Loading "../lisp/logdir.lsp"
"../lisp/logdir.lsp"
"c:/AmosNT/logdir/src/amosql/init.osql"
Reading AmosQL statements from "init.amosql"
Loading "lsp/window.lsp"
[Expanding image to 7886985]
Image moved in CONS
Loading "lsp/misc.lsp"
Loading "C:\\AmosNT/lsp/json.lsp"
WARNING! Redefined function: READLINES--+
Loading "lsp/svali.lsp"
Loading "lsp/bgsmj.lsp"
Loading "lsp/join.lsp"
Loading "lsp/component.lsp"
Reading AmosQL statements from "osql/window_process.osql"
Reading AmosQL statements from "osql/validate.osql"
"c:/AmosNT/validate/amosql/init.amosql"
Reading AmosQL statements from "hlund.osql"
{NIL,NIL}
{NIL,NIL}
Loading "hlund.lsp"
"hlund.lsp"
Loading "dgen.lsp"
"dgen.lsp"
Loading "copier.lsp"
"copier.lsp"
Loading "sync.lsp"
(PQ-POP-ALL REDEFINED)
"sync.lsp"
Reading AmosQL statements from "sync.osql"

WARNING: Coercing argument in call to timeval(Real)->Timeval in function SYNCTEST1 when loading c:/AmosNT/logdir/hlund/sync.osql 70

WARNING: Coercing argument in call to timeval(Real)->Timeval in function SYNCTEST1 when loading c:/AmosNT/logdir/hlund/sync.osql 70
Release 16, v7
Reading AmosQL statements from "regress.osql"
Reading AmosQL statements from "hlund_ex.osql"
[Testing q1a ts order ...OK]
[Testing count q1a ...OK]
[Testing q2a ts order ...OK]
[Testing q2b ts order ...OK]
[Testing q3a sum ...OK]
[Testing q4a sum ...OK]
[Testing time skew ...OK]
Release 16, v7
Reading AmosQL statements from "tview.osql"
#[OID 1507 "RESOURCE"]
#[OID 1502 "BASEURI"]
#[OID 1507 "RESOURCE"]
Loading "C:\\AmosNT/sqond/lsp/rdf-types.lsp"
"C:\\AmosNT/sqond/lsp/rdf-types.lsp"
Loading "tview.lsp"
"tview.lsp"
Release 16, v7
Reading AmosQL statements from "createdb.osql"
#[OID 1502 "DB1"]
30
1
Release 16, v7
Reading AmosQL statements from "tview.osql"
#[OID 1507 "RESOURCE"]
#[OID 1502 "BASEURI"]
#[OID 1507 "RESOURCE"]
Loading "C:\\AmosNT/sqond/lsp/rdf-types.lsp"
"C:\\AmosNT/sqond/lsp/rdf-types.lsp"
Loading "tview.lsp"
"tview.lsp"
Release 16, v7
Reading AmosQL statements from "tview_ex.osql"
Reading AmosQL statements from "svschema.osql"
Reading AmosQL statements from "svdata.osql"
TRUE
TRUE
[Expanding image to 6309588]
Image moved in PRED_BINDS
TRUE
TRUE
TRUE
Reading AmosQL statements from "tview_ex2.osql"
#[OID 1812 "DB1"]
#[OID 1815 "MACHINE_DB1"]
TRUE
#[OID 1839 "LOCATION_DB1"]
TRUE
#[OID 1864 "MACHINEINSTALLATION_DB1"]
TRUE
#[OID 1887 "SENSOR_DB1"]
TRUE
#[OID 1919 "SENSORINSTALLATION_DB1"]
TRUE
Loading "regress.lsp"
[Testing Q1 Amos ...OK]
[Testing Q1 SparQL ...OK]
[Testing Q1 SparQL 2 ...OK]
[Testing Q1 Amos ...OK]
[Testing Q1 SparQL ...OK]
[Testing Q1 SparQL 2 ...OK]
[Testing Q2 Amos ...OK]
[Testing Q2 SparQL ...OK]
[Testing Q2 Amos ...OK]
[Testing Q2 SparQL ...OK]
[Testing Q3 SparQL ...OK]
[Testing Q3 SparQL ...OK]
[Testing QQ1 Amos ...OK]
[Testing QQ1 SparQL ...OK]
[Testing QQ1 Amos 2 ...OK]
[Testing QQ1 SparQL 2 ...OK]
[Testing QQ1 Amos 3 ...OK]
[Testing QQ1 SparQL 3 ...OK]
[Testing QQ2 Amos ...OK]
[Testing QQ2 SparQL ...OK]
[Testing QQ2 Amos 2 ...OK]
[Testing QQ2 SparQL 2 ...OK]
----------------Testing Linear Road ------------------
gmake: Nothing to be done for `all'.
Building default target: adll - Win32 Debug
--------------------Configuration: adll - Win32 Debug--------------------

amos2.dll - 0 error(s), 0 warning(s)
Building default target: amos2 - Win32 Debug
--------------------Configuration: amos2 - Win32 Debug--------------------

amos2.exe - 0 error(s), 0 warning(s)
Building default target: alisp - Win32 Debug
--------------------Configuration: alisp - Win32 Debug--------------------

alisp.exe - 0 error(s), 0 warning(s)
Building default target: scsqlib - Win32 Debug
--------------------Configuration: scsqlib - Win32 Debug--------------------
Creating library...

scsqlib.lib - 0 error(s), 0 warning(s)
Building default target: scsq - Win32 Debug
--------------------Configuration: scsq - Win32 Debug--------------------
Linking...
   Creating library ..\..\bin\scsq.lib and object ..\..\bin\scsq.exp

scsq.exe - 0 error(s), 0 warning(s)
Building default target: JavaSCSQ - Win32 Debug
--------------------Configuration: JavaSCSQ - Win32 Debug--------------------
Linking...

JavaSCSQ.dll - 0 error(s), 0 warning(s)
Making java...
        1 file(s) copied.
init file: init.lsp init dir ../lsp
Loading "init.lsp"
Loading "amosdef.lsp"
Loading "coredef.lsp"
Loading "lispdef.lsp"
Loading "advise.lsp"
Loading "filepos.lsp"
Loading "client.lsp"
[Expanding image to 177600]
Image moved in APPLY
Loading "basic.lsp"
[Expanding image to 222000]
Image moved in APPLY
[Expanding image to 277500]
Image moved in APPLY
Loading "sort.lsp"
Loading "ppr.lsp"
Loading "trace.lsp"
[Expanding image to 346875]
Image moved in INT-APPLY
Loading "interrupts.lsp"
Loading "error.lsp"
Loading "socket.lsp"
Loading "ref_lisp.lsp"
Loading "coro.lsp"
[Expanding image to 433593]
Image moved in INT-APPLY
Loading "buffer.lsp"
Loading "strings.lsp"
Loading "verify_code.lsp"
Loading "mex-basic.lsp"
Loading "mex-save-restore.lsp"
Loading "mex-lisp-interfaces.lsp"
(GET-BTREE REDEFINED)
(PUT-BTREE REDEFINED)
(DELETE-BTREE REDEFINED)
(MAP-BTREE REDEFINED)
(MAKE-BTREE REDEFINED)
(COUNT-BTREE REDEFINED)
Loading "mex-transactional.lsp"
Loading "misc.lsp"
[Expanding image to 541991]
Image moved in INT-APPLY
Loading "basicoid.lsp"
Loading "relation.lsp"
Loading "function.lsp"
[Expanding image to 677488]
Image moved in INT-APPLY
Loading "foreign.lsp"
Loading "typecheck.lsp"
Loading "variable.lsp"
Loading "predicate_functions.lsp"
Loading "environment.lsp"
[Expanding image to 846860]
Image moved in LIST
Loading "flatten.lsp"
Loading "latebind.lsp"
Loading "comppred.lsp"
Loading "recompile.lsp"
Loading "optimizer.lsp"
[Expanding image to 1058575]
Image moved in INT-APPLY
Loading "olog.lsp"
Loading "subplan.lsp"
Loading "purge.lsp"
Loading "rewrite.lsp"
Loading "TBR.lsp"
Loading "DTR.lsp"
Loading "priority-queue.lsp"
Loading "dynprog.lsp"
[Expanding image to 1323218]
Image moved in MKSYMBOL
Loading "randomopt.lsp"
Loading "normalize.lsp"
Loading "collections.lsp"
Loading "externalize.lsp"
Loading "osql-let.lsp"
Loading "proc.lsp"
Loading "fncall.lsp"
Loading "cursor.lsp"
Loading "createuobj.lsp"
Loading "constructor.lsp"
Loading "deletion.lsp"
Loading "printer.lsp"
Loading "absorbmng.lsp"
Loading "misc.lsp"
Loading "finalizermng.lsp"
[Expanding image to 1654022]
Image moved in LIST
Loading "scan.lsp"
Loading "aclient.lsp"
Loading "server.lsp"
Loading "scan_remote.lsp"
Loading "boot.lsp"
Loading "qd.lsp"
Loading "qd_entry.lsp"
Loading "qd_dsve.lsp"
Loading "qd_dynprog.lsp"
Loading "qd_cost.lsp"
Loading "qd_deftmpfunc.lsp"
Loading "qd_disp.lsp"
Loading "qd_heuristic.lsp"
Loading "qd_misc.lsp"
Loading "qd_print.lsp"
Loading "qd_treedistr.lsp"
Loading "qd_objectloggen.lsp"
Loading "dt.lsp"
Loading "coerce.lsp"
Loading "dtcreate.lsp"
[Expanding image to 2067527]
Image moved in INT-APPLY
Loading "etemplates.lsp"
Loading "typeimp.lsp"
Loading "bulk.lsp"
Loading "mapped.lsp"
Loading "mbindex.lsp"
Loading "new_object.lsp"
Loading "declarations.lsp"
Loading "arginfo.lsp"
Loading "datasource.lsp"
Loading "unload.lsp"
Loading "materialize.lsp"
Loading "comm.lsp"
Loading "tuple.lsp"
Loading "vector.lsp"
Loading "amosfns.lsp"
[Expanding image to 2584408]
Image moved in PARSE
[Expanding image to 3230510]
Image moved in CONS
Loading "if.lsp"
Loading "tr-rewrites.lsp"
Loading "temporal.lsp"
Loading "tclose.lsp"
Loading "topk.lsp"
Loading "extplot.lsp"
Recompiling #[OID 353 "CHARSTRING.EVAL->OBJECT"]
Loading "stream.lsp"
Reading AmosQL statements from "functions.osql"
Recompiling #[OID 353 "CHARSTRING.EVAL->OBJECT"]
{"X","Y"}
Recompiling #[OID 353 "CHARSTRING.EVAL->OBJECT"]
Recompiling #[OID 353 "CHARSTRING.EVAL->OBJECT"]
Recompiling #[OID 353 "CHARSTRING.EVAL->OBJECT"]
[Expanding image to 4038137]
Image moved in LIST
#[OID 790 "PI"]
#[OID 140 "FUNCTIONNAMED"]
#[OID 142 "TYPENAMED"]
#[OID 535 "THERESOLVENT"]
#[OID 75 "VECTOR"]
Reading AmosQL statements from "streams.osql"
Recompiling #[OID 353 "CHARSTRING.EVAL->OBJECT"]
Reading AmosQL statements from "peer.osql"
Reading AmosQL statements from "goovi-servers.osql"
Loading "compl.lsp"
Reading AmosQL statements from "updates.osql"
Loading "updates.lsp"
Loading "abstract-function.lsp"
Reading AmosQL statements from "constructor.osql"
Loading "groupby.lsp"
Loading "record.lsp"
Reading AmosQL statements from "record.osql"
Reading AmosQL statements from "unloadschema.osql"
Loading "unloadschema.lsp"
"unloadschema.lsp"
Reading AmosQL statements from "RDF.osql"
Loading "multicast.lsp"
"disable translator.lsp"
"BigIntegrator is enabled"
Reading AmosQL statements from "master.amosql"
Loading "../../src/Lisp/integrator.lsp"
"../../src/Lisp/integrator.lsp"
Reading AmosQL statements from "integrator.amosql"
Reading AmosQL statements from "meta_data.amosql"
Reading AmosQL statements from "cost_model.amosql"
Loading "../../src/Lisp/wrapperfuncs.lsp"
"../../src/Lisp/wrapperfuncs.lsp"
Loading "../../src/Lisp/cost_model.lsp"
"../../src/Lisp/cost_model.lsp"
Loading "../wrappers/load_wrappers.lsp"
Loading "../wrappers/datasource/load_wrapper.lsp"
Reading AmosQL statements from "../wrappers/datasource/typemap.osql"
Loading "../wrappers/datasource/typemap.lsp"
Loading "../wrappers/datasource/core-cluster.lsp"
Reading AmosQL statements from "../wrappers/datasource/core-cluster.osql"
Loading "../wrappers/relational/load_wrapper.lsp"
Loading "../wrappers/relational/relational.lsp"
Reading AmosQL statements from "../wrappers/relational/relational.osql"
Loading "../wrappers/relational/sqlquery.lsp"
Loading "../wrappers/relational/import-table.lsp"
Loading "../wrappers/relational/export-type.lsp"
Loading "../wrappers/relational/exportlog.lsp"
Loading "../wrappers/relational/import-foreign-keys.lsp"
Loading "../wrappers/relational/metadata.lsp"
Loading "../wrappers/relational/sql.lsp"
Loading "../wrappers/relational/relational_translator.lsp"
Reading AmosQL statements from "../wrappers/relational/relational_typemap.osql"
Loading "../wrappers/relational/sql_constructor.lsp"
Loading "../wrappers/JDBC/load_wrapper.lsp"
Loading "../wrappers/JDBC/jdbc.lsp"
Reading AmosQL statements from "../wrappers/JDBC/jdbc.osql"
[Expanding image to 5047671]
Image moved in /PUTOBJECT
Recompiling #[OID 1292 "RELATIONAL.CHARSTRING.CARDINALITY->INTEGER"]
#[OID 1348 "JDBC.CHARSTRING.SQL->VECTOR"]
Recompiling #[OID 1292 "RELATIONAL.CHARSTRING.CARDINALITY->INTEGER"]
Recompiling #[OID 1310 "RELATIONAL.CHARSTRING.DROP_TABLE->INTEGER"]
Recompiling #[OID 1310 "RELATIONAL.CHARSTRING.DROP_TABLE->INTEGER"]
Recompiling #[OID 1310 "RELATIONAL.CHARSTRING.DROP_TABLE->INTEGER"]
#[OID 1349 "JDBC.CHARSTRING.VECTOR.SQL->VECTOR"]
Recompiling #[OID 1291 "RELATIONAL.CHARSTRING.HAS_TABLE->BOOLEAN"]
Recompiling #[OID 1291 "RELATIONAL.CHARSTRING.HAS_TABLE->BOOLEAN"]
Recompiling #[OID 1291 "RELATIONAL.CHARSTRING.HAS_TABLE->BOOLEAN"]
Recompiling #[OID 1306 "RELATIONAL.CHARSTRING.CHARSTRING.REFERENCED_TABLE->CHARSTRING"]
Recompiling #[OID 1306 "RELATIONAL.CHARSTRING.CHARSTRING.REFERENCED_TABLE->CHARSTRING"]
Recompiling #[OID 1306 "RELATIONAL.CHARSTRING.CHARSTRING.REFERENCED_TABLE->CHARSTRING"]
Reading AmosQL statements from "../wrappers/relational/configuration.osql"
#[OID 194 "OBJECT.OBJECT.!=->BOOLEAN"]
#[OID 170 "NUMBER.NUMBER.PLUS->NUMBER"]
#[OID 176 "NUMBER.NUMBER.TIMES->NUMBER"]
#[OID 46 "VECTOR.IN->OBJECT"]
#[OID 212 "NUMBER.ABS->NUMBER"]
#[OID 196 "OBJECT.OBJECT.<->BOOLEAN"]
#[OID 198 "OBJECT.OBJECT.<=->BOOLEAN"]
#[OID 200 "OBJECT.OBJECT.>->BOOLEAN"]
#[OID 202 "OBJECT.OBJECT.>=->BOOLEAN"]
#[OID 450 "CHARSTRING.CHARSTRING.LIKE->BOOLEAN"]
#[OID 28 "OBJECT.OBJECT.=->BOOLEAN"]
Loading "../wrappers/relational/sql_absorber.lsp"
Loading "../wrappers/relational/sql_finalizer.lsp"
Loading "../wrappers/relational/numwrapper.lsp"
Loading "../wrappers/relational/patch.lsp"
Loading "../wrappers/Amos/amos.lsp"
Recompiling #[OID 1264 "RELATIONAL.CHARSTRING.CHARSTRING.CHARSTRING.CONNECT->RELATIONAL"]
Recompiling #[OID 1268 "RELATIONAL.TABLES->CHARSTRING.CHARSTRING.CHARSTRING.CHARSTRING"]
Recompiling #[OID 1269 "CHARSTRING.TABLES->CHARSTRING.CHARSTRING.CHARSTRING.CHARSTRING"]
Recompiling #[OID 1271 "RELATIONAL.CHARSTRING.CHARSTRING.CHARSTRING.COLUMNS->CHARSTRING.CHARSTRING"]
Recompiling #[OID 1272 "RELATIONAL.CHARSTRING.COLUMNS->CHARSTRING.CHARSTRING"]
Recompiling #[OID 1274 "RELATIONAL.CHARSTRING.CHARSTRING.CHARSTRING.PRIMARY_KEYS->CHARSTRING.CHARSTRING"]
Recompiling #[OID 1275 "RELATIONAL.CHARSTRING.PRIMARY_KEYS->CHARSTRING.CHARSTRING"]
Recompiling #[OID 1277 "RELATIONAL.CHARSTRING.IMPORTED_KEYS->CHARSTRING.CHARSTRING.CHARSTRING"]
Recompiling #[OID 1279 "RELATIONAL.CHARSTRING.EXPORTED_KEYS->CHARSTRING.CHARSTRING.CHARSTRING"]
Recompiling #[OID 1281 "RELATIONAL.CHARSTRING.VECTOR.SQL->VECTOR"]
Recompiling #[OID 1282 "RELATIONAL.CHARSTRING.SQL->VECTOR"]
Recompiling #[OID 1283 "CHARSTRING.CHARSTRING.VECTOR.SQL->VECTOR"]
Recompiling #[OID 1284 "CHARSTRING.CHARSTRING.SQL->VECTOR"]
Recompiling #[OID 1286 "RELATIONAL.CHARSTRING.SQLU->INTEGER"]
Recompiling #[OID 1287 "RELATIONAL.CHARSTRING.VECTOR.SQLU->INTEGER"]
Recompiling #[OID 1289 "RELATIONAL.CHARSTRING.READ_SQL->VECTOR"]
Recompiling #[OID 1292 "RELATIONAL.CHARSTRING.CARDINALITY->INTEGER"]
Loading "project/init.lsp"
Loading "project/sql-create.lsp"
Loading "project/sql-insert.lsp"
Loading "project/sql-update.lsp"
Loading "project/sql-delete.lsp"
Loading "project/sql-select.lsp"
Loading "project/sql-drop.lsp"
Loading "mex-utilities.lsp"
Loading "mex-amos-interfaces.lsp"
Loading "mex-relation-save-restore.lsp"
Loading "boot-aqit.lsp"
Loading "aqit_utilities.lsp"
Loading "ud-index-cc.lsp"
Loading "late-tr-rewrite.lsp"
Loading "aqitnew.lsp"
(*AQIT-GCP* RESET)
Loading "aqitmisc.lsp"
Loading "rewrite-matrix.lsp"
Loading "dist-based-index-rewrite2.lsp"
Loading "rewrite-index-phases.lsp"
Loading "mexima.lsp"
Loading "internal-xtree.lsp"
Reading AmosQL statements from "rewriter-knn.osql"
Loading "rewriter-knn.lsp"
Loading "extract-sql.lsp"
Loading "temporal-plus.lsp"
1.282 s
Release 16, v7
Reading AmosQL statements from "sc.osql"
Loading "../lsp/numarray.lsp"
"../lsp/numarray.lsp"
Reading AmosQL statements from "numarray.osql"
Loading "../../lsp/iterate.lsp"
"../../lsp/iterate.lsp"
Reading AmosQL statements from "../../lsp/iterate.osql"
#[OID 1573 "FUNCTION.OBJECT.INTEGER.ITER->OBJECT.INTEGER"]
#[OID 1575 "FUNCTION.STREAM.INTEGER.FUNCTION.CIRCUIT->OBJECT.INTEGER"]
Loading "../lsp/scsq.lsp"
"../lsp/scsq.lsp"
Loading "../lsp/blob.lsp"
"../lsp/blob.lsp"
Loading "../lsp/profiler.lsp"
"../lsp/profiler.lsp"
Loading "../lsp/coord.lsp"
"../lsp/coord.lsp"
Loading "../lsp/daemon.lsp"
"../lsp/daemon.lsp"
Reading AmosQL statements from "scsq.osql"
[Expanding image to 6309588]
Image moved in MAKEHASHTABLE
Loading "../lsp/clock.lsp"
"../lsp/clock.lsp"
Reading AmosQL statements from "twinagg.osql"
Reading AmosQL statements from "fft.osql"
Loading "../lsp/sp.lsp"
"../lsp/sp.lsp"
Loading "../lsp/extract.lsp"
"../lsp/extract.lsp"
Loading "../lsp/hmerge.lsp"
"../lsp/hmerge.lsp"
Loading "../lsp/sumvectors.lsp"
"../lsp/sumvectors.lsp"
Reading AmosQL statements from "mathfns.osql"
Reading AmosQL statements from "stream.osql"
Reading AmosQL statements from "scsql.osql"
Reading AmosQL statements from "dprofile.osql"
Reading AmosQL statements from "ub_uall.osql"
Reading AmosQL statements from "peakdetect.osql"
Loading "../lsp/cumsum.lsp"
"../lsp/cumsum.lsp"
Reading AmosQL statements from "spconfig.osql"
10.0
Reading AmosQL statements from "istream.osql"
        1 file(s) copied.
Release 16, v7
Reading AmosQL statements from "src/mkdmp.osql"
Reading AmosQL statements from "master.osql"
Loading "lread.lsp"
"lread.lsp"
Loading "visited.lsp"
"visited.lsp"
Reading AmosQL statements from "Historical_data.osql"
{NIL,NIL}
[Expanding image to 7886985]
Image moved in PACK
Reading AmosQL statements from "statfns.osql"
Reading AmosQL statements from "lrconfig.osql"
Reading AmosQL statements from "Timecalc.osql"
Reading AmosQL statements from "Accident_check.osql"
{NIL,NIL}
Reading AmosQL statements from "Toll_calc.osql"
Reading AmosQL statements from "scsq-lr.osql"
Reading AmosQL statements from "myhistory.osql"
Reading AmosQL statements from "partition.osql"
{NIL,NIL}
{NIL,NIL}
Reading AmosQL statements from "testdata.osql"
{NIL,NIL}
[Expanding image to 9858731]
Image moved in ADJUST-ARRAY
[Expanding image to 12323413]
Image moved in INIT-IARRAY
[Expanding image to 15404266]
Image moved in ADDFUNCTION0
Reading AmosQL statements from "multitos.osql"
Reading AmosQL statements from "ub_psplit.osql"
Reading AmosQL statements from "ub_smj.osql"
Reading AmosQL statements from "ub_rsplit.osql"
Reading AmosQL statements from "ub_rpsplit.osql"
Reading AmosQL statements from "ub_p2p.osql"
Reading AmosQL statements from "ub_fsplit.osql"
Reading AmosQL statements from "ub_rrsplit.osql"
Reading AmosQL statements from "ub_rrpsplit.osql"
Reading AmosQL statements from "ub_maxtree.osql"
Reading AmosQL statements from "ub_mamaxtree.osql"
Reading AmosQL statements from "profile.osql"
Reading AmosQL statements from "freeze.osql"
"c:/AmosNT/scsq/lr/src/master.osql"
Release 16, v7
Reading AmosQL statements from "src/test_setup.osql"
{NIL,NIL}
{NIL,NIL}
[Expanding image to 19255332]
Image moved in READ
{NIL,NIL}
{NIL,NIL}
Reading AmosQL statements from "src/test.osql"
"c:/AmosNT/scsq/lr/logs"
[Testing lread ...OK]
[Testing binary lread ... [3.013 seconds] OK]
[Testing custom broadcast fraction ...OK]
[Testing binary lread with custom broadcast fraction ... [4.012 seconds] OK]
[Testing logfilter ...OK]
[Testing historyfilter ...OK]
[Testing split into partial history dumpfiles ...OK]
[Testing partial history dump files are written ...OK]
[Testing read partial history dump files ...OK]
[Testing streaming partitioning expfilter L=5 ...OK]
[Testing streaming partitioning expfilter L=2 ...OK]
[Testing Degenerate case, sdiv ...OK]
[Testing basic segment statistics ...OK]
[Testing segment statistics with count > 1 ...OK]
[Testing new statistics after drop ...OK]
[Testing Segment statistics: Low avg speed, high car count ...OK]
[Testing toll alert ...OK]
[Testing toll alert inside accident area ...OK]
#[OID 2575 "ACCIDENT->INTEGER.INTEGER.INTEGER.INTEGER.INTEGER"]
{2,|2013-05-03/14:14:00|}
{3,|2013-05-03/14:14:00|}
{4,|2013-05-03/14:14:00|}
{5,|2013-05-03/14:14:00|}
{"accident detected in xway,seg,dir,vid,minute,sec:",1,62,1,5555,5,276}
{6,|2013-05-03/14:14:00|}
{"accident cleared in xway,seg,vid,minute,sec:",1,62,5556,6,300}
{"accident detected in xway,seg,dir,vid,minute,sec:",0,69,1,8,6,301}
{"accident cleared in xway,seg,vid,minute,sec:",1,62,5555,6,306}
{"accident cleared in xway,seg,vid,minute,sec:",0,69,76,6,330}
{"accident cleared in xway,seg,vid,minute,sec:",0,69,8,6,331}
2370
[Testing accidents ...OK]
[Testing smashed_car() ...OK]
[Testing accident_remove_order() ...OK]
[Testing accidents after remove order ...OK]
[Testing smashed_car after remove order ...OK]
[Testing accident_remove_order after remove order ...OK]
[Testing non-accident area ...OK]
[Testing accident area ...OK]
[Testing accident area after removal ...OK]
[Testing lrfuse (fusing account balance) ...OK]
[Testing Conventional L=1.5 ...[Expanding image to 24069165]
Image moved in READ
{2,|2013-05-03/14:14:01|}
{3,|2013-05-03/14:14:01|}
{4,|2013-05-03/14:14:01|}
{5,|2013-05-03/14:14:01|}
{6,|2013-05-03/14:14:02|}
{"accident detected in xway,seg,dir,vid,minute,sec:",0,69,1,8,6,301}
{7,|2013-05-03/14:14:02|}
{"duration CONVENTIONAL = ",2.08}
[Expanding image to 30086456]
Image moved in ADDFUNCTION0
OK]
[Testing full L=1.5 output CONVENTIONAL ...OK]
[Testing binary writefile ...{"duration write = ",0.32}
{"duration read = ",1.12}
OK]
[Testing Binary L=1.5 ...{2,|2013-05-03/14:14:05|}
{3,|2013-05-03/14:14:05|}
{4,|2013-05-03/14:14:05|}
{5,|2013-05-03/14:14:05|}
{6,|2013-05-03/14:14:06|}
{"accident detected in xway,seg,dir,vid,minute,sec:",0,69,1,8,6,301}
{7,|2013-05-03/14:14:06|}
{"duration BINARY = ",2.25}
OK]
[Testing full L=1.5 output BINARY ...OK]
[Testing Textual timestamp tslr() ...[time diff 0.108] OK]
[Testing Binary timestamp timestamplrbin() ...[time diff 0.108] OK]
[Testing L=4, // per xway, distrib main mem dailyexp db. [split|map|merge] ...{"duration L=4 // = ",0.64}
OK]
[Testing full L=4.0 output CONVENTIONAL ...OK]
[Testing L=4, BINARY ...{"duration L=4 // = ",0.58}
OK]
[Testing full L=4.0 output BINARY ...OK]
[Testing lrf0d account balance stream fusion ...{"duration 1000 accbals @ L=64 = ",0.06}
OK]
[Testing lrfd account balance on a set of streams ...OK]
[Testing lrfd in a zipstream tree ...OK]
[Testing lrf0d of nahmerge of mergestreams ...OK]
[Testing count lrdistrib2bin ...OK]
[Testing count hpartstream #'lrproute' output, fanout 2 ...OK]
[Testing count hpartstream #'lrproute' output, fanout 4 ...OK]
[Testing count rbhpartstreamv lrprfn + q2bfn fanout {2, 2} ...OK]
[Testing count qdsplit ...OK]
[Testing count qdsplit-[bcast+dsplit] ...OK]
[Testing hybrid test data ...OK]
[Testing coarse enum hybrid test data ...OK]
[Testing multiarray coarse enum hybrid test data ...OK]
[Testing clrmultiply ...OK]
[Testing clrmultiply on multiarray coarse enum hybrid ...OK]
[Testing multiarray file generation ...OK]
[Testing clrmultiply on multiarray file ...OK]
[Testing readfile|clrmultiply|randrobin|fsplit|premerge+count|zip ...{"duration: ",3.518}
OK]
[Testing clrmultiply|TOS on L=4 input: mul=2, rrfo=4, fo=8 ...OK]
[Testing clrmultiply|TOS|LRmerge on L=4 input: mul=2, rrfo=4 ...OK]
[Testing destructive time stamping of lr output ...{"duration ",0.354000091552734}
OK]
[Testing clrmult|randr TOS|tree mrg|unpack|tcount (inL=4 mul=2 rrfo=4 postmul=8) ...OK]
(Duration 1.9)
[Testing clrmult|rsplit TOS|tree mrg|unpack|tcount (inL=4 mul=2 rrfo=4 postmul=8) ...OK]
(Duration 4.1)
[Testing clrmult|rsplit TOS|sqtree mrg|unpack|tcount (inL=4 mul=2 rrfo=4 postmul=8) ...OK]
(Duration 1.92)
[Testing rsplit_fsplit_lrbin_bguallall_tcount ...OK]
 (Duration 0.93)
[Testing rsplit_fsplit_lrbin_bguall_tcount ...OK]
 (Duration 1.17)
[Testing rs_fs_lrbinmulti_bguazipup_tcount ...OK]
 (Duration 1.33)
----------------Testing CSS ------------------
Building default target: scsqlib - Win32 Debug
--------------------Configuration: scsqlib - Win32 Debug--------------------

scsqlib.lib - 0 error(s), 0 warning(s)
Building default target: scsq - Win32 Debug
--------------------Configuration: scsq - Win32 Debug--------------------

scsq.exe - 0 error(s), 0 warning(s)
init file: init.lsp init dir ../../lsp
Loading "init.lsp"
Loading "amosdef.lsp"
Loading "coredef.lsp"
Loading "lispdef.lsp"
Loading "advise.lsp"
Loading "filepos.lsp"
Loading "client.lsp"
[Expanding image to 177600]
Image moved in APPLY
Loading "basic.lsp"
[Expanding image to 222000]
Image moved in APPLY
[Expanding image to 277500]
Image moved in APPLY
Loading "sort.lsp"
Loading "ppr.lsp"
Loading "trace.lsp"
[Expanding image to 346875]
Image moved in INT-APPLY
Loading "interrupts.lsp"
Loading "error.lsp"
Loading "socket.lsp"
Loading "ref_lisp.lsp"
Loading "coro.lsp"
[Expanding image to 433593]
Image moved in INT-APPLY
Loading "buffer.lsp"
Loading "strings.lsp"
Loading "verify_code.lsp"
Loading "mex-basic.lsp"
Loading "mex-save-restore.lsp"
Loading "mex-lisp-interfaces.lsp"
(GET-BTREE REDEFINED)
(PUT-BTREE REDEFINED)
(DELETE-BTREE REDEFINED)
(MAP-BTREE REDEFINED)
(MAKE-BTREE REDEFINED)
(COUNT-BTREE REDEFINED)
Loading "mex-transactional.lsp"
Loading "misc.lsp"
[Expanding image to 541991]
Image moved in INT-APPLY
Loading "basicoid.lsp"
Loading "relation.lsp"
Loading "function.lsp"
[Expanding image to 677488]
Image moved in INT-APPLY
Loading "foreign.lsp"
Loading "typecheck.lsp"
Loading "variable.lsp"
Loading "predicate_functions.lsp"
Loading "environment.lsp"
[Expanding image to 846860]
Image moved in LIST
Loading "flatten.lsp"
Loading "latebind.lsp"
Loading "comppred.lsp"
Loading "recompile.lsp"
Loading "optimizer.lsp"
[Expanding image to 1058575]
Image moved in INT-APPLY
Loading "olog.lsp"
Loading "subplan.lsp"
Loading "purge.lsp"
Loading "rewrite.lsp"
Loading "TBR.lsp"
Loading "DTR.lsp"
Loading "priority-queue.lsp"
Loading "dynprog.lsp"
[Expanding image to 1323218]
Image moved in MKSYMBOL
Loading "randomopt.lsp"
Loading "normalize.lsp"
Loading "collections.lsp"
Loading "externalize.lsp"
Loading "osql-let.lsp"
Loading "proc.lsp"
Loading "fncall.lsp"
Loading "cursor.lsp"
Loading "createuobj.lsp"
Loading "constructor.lsp"
Loading "deletion.lsp"
Loading "printer.lsp"
Loading "absorbmng.lsp"
Loading "misc.lsp"
Loading "finalizermng.lsp"
[Expanding image to 1654022]
Image moved in LIST
Loading "scan.lsp"
Loading "aclient.lsp"
Loading "server.lsp"
Loading "scan_remote.lsp"
Loading "boot.lsp"
Loading "qd.lsp"
Loading "qd_entry.lsp"
Loading "qd_dsve.lsp"
Loading "qd_dynprog.lsp"
Loading "qd_cost.lsp"
Loading "qd_deftmpfunc.lsp"
Loading "qd_disp.lsp"
Loading "qd_heuristic.lsp"
Loading "qd_misc.lsp"
Loading "qd_print.lsp"
Loading "qd_treedistr.lsp"
Loading "qd_objectloggen.lsp"
Loading "dt.lsp"
Loading "coerce.lsp"
Loading "dtcreate.lsp"
[Expanding image to 2067527]
Image moved in INT-APPLY
Loading "etemplates.lsp"
Loading "typeimp.lsp"
Loading "bulk.lsp"
Loading "mapped.lsp"
Loading "mbindex.lsp"
Loading "new_object.lsp"
Loading "declarations.lsp"
Loading "arginfo.lsp"
Loading "datasource.lsp"
Loading "unload.lsp"
Loading "materialize.lsp"
Loading "comm.lsp"
Loading "tuple.lsp"
Loading "vector.lsp"
Loading "amosfns.lsp"
[Expanding image to 2584408]
Image moved in PARSE
[Expanding image to 3230510]
Image moved in CONS
Loading "if.lsp"
Loading "tr-rewrites.lsp"
Loading "temporal.lsp"
Loading "tclose.lsp"
Loading "topk.lsp"
Loading "extplot.lsp"
Recompiling #[OID 353 "CHARSTRING.EVAL->OBJECT"]
Loading "stream.lsp"
Reading AmosQL statements from "functions.osql"
Recompiling #[OID 353 "CHARSTRING.EVAL->OBJECT"]
{"X","Y"}
Recompiling #[OID 353 "CHARSTRING.EVAL->OBJECT"]
Recompiling #[OID 353 "CHARSTRING.EVAL->OBJECT"]
Recompiling #[OID 353 "CHARSTRING.EVAL->OBJECT"]
[Expanding image to 4038137]
Image moved in LIST
#[OID 790 "PI"]
#[OID 140 "FUNCTIONNAMED"]
#[OID 142 "TYPENAMED"]
#[OID 535 "THERESOLVENT"]
#[OID 75 "VECTOR"]
Reading AmosQL statements from "streams.osql"
Recompiling #[OID 353 "CHARSTRING.EVAL->OBJECT"]
Reading AmosQL statements from "peer.osql"
Reading AmosQL statements from "goovi-servers.osql"
Loading "compl.lsp"
Reading AmosQL statements from "updates.osql"
Loading "updates.lsp"
Loading "abstract-function.lsp"
Reading AmosQL statements from "constructor.osql"
Loading "groupby.lsp"
Loading "record.lsp"
Reading AmosQL statements from "record.osql"
Reading AmosQL statements from "unloadschema.osql"
Loading "unloadschema.lsp"
"unloadschema.lsp"
Reading AmosQL statements from "RDF.osql"
Loading "multicast.lsp"
"disable translator.lsp"
"BigIntegrator is enabled"
Reading AmosQL statements from "master.amosql"
Loading "../../src/Lisp/integrator.lsp"
"../../src/Lisp/integrator.lsp"
Reading AmosQL statements from "integrator.amosql"
Reading AmosQL statements from "meta_data.amosql"
Reading AmosQL statements from "cost_model.amosql"
Loading "../../src/Lisp/wrapperfuncs.lsp"
"../../src/Lisp/wrapperfuncs.lsp"
Loading "../../src/Lisp/cost_model.lsp"
"../../src/Lisp/cost_model.lsp"
Loading "../wrappers/load_wrappers.lsp"
Loading "../wrappers/datasource/load_wrapper.lsp"
Reading AmosQL statements from "../wrappers/datasource/typemap.osql"
Loading "../wrappers/datasource/typemap.lsp"
Loading "../wrappers/datasource/core-cluster.lsp"
Reading AmosQL statements from "../wrappers/datasource/core-cluster.osql"
Loading "../wrappers/relational/load_wrapper.lsp"
Loading "../wrappers/relational/relational.lsp"
Reading AmosQL statements from "../wrappers/relational/relational.osql"
Loading "../wrappers/relational/sqlquery.lsp"
Loading "../wrappers/relational/import-table.lsp"
Loading "../wrappers/relational/export-type.lsp"
Loading "../wrappers/relational/exportlog.lsp"
Loading "../wrappers/relational/import-foreign-keys.lsp"
Loading "../wrappers/relational/metadata.lsp"
Loading "../wrappers/relational/sql.lsp"
Loading "../wrappers/relational/relational_translator.lsp"
Reading AmosQL statements from "../wrappers/relational/relational_typemap.osql"
Loading "../wrappers/relational/sql_constructor.lsp"
Loading "../wrappers/JDBC/load_wrapper.lsp"
Loading "../wrappers/JDBC/jdbc.lsp"
Reading AmosQL statements from "../wrappers/JDBC/jdbc.osql"
[Expanding image to 5047671]
Image moved in CONS
Recompiling #[OID 1292 "RELATIONAL.CHARSTRING.CARDINALITY->INTEGER"]
#[OID 1348 "JDBC.CHARSTRING.SQL->VECTOR"]
Recompiling #[OID 1292 "RELATIONAL.CHARSTRING.CARDINALITY->INTEGER"]
Recompiling #[OID 1310 "RELATIONAL.CHARSTRING.DROP_TABLE->INTEGER"]
Recompiling #[OID 1310 "RELATIONAL.CHARSTRING.DROP_TABLE->INTEGER"]
Recompiling #[OID 1310 "RELATIONAL.CHARSTRING.DROP_TABLE->INTEGER"]
#[OID 1349 "JDBC.CHARSTRING.VECTOR.SQL->VECTOR"]
Recompiling #[OID 1291 "RELATIONAL.CHARSTRING.HAS_TABLE->BOOLEAN"]
Recompiling #[OID 1291 "RELATIONAL.CHARSTRING.HAS_TABLE->BOOLEAN"]
Recompiling #[OID 1291 "RELATIONAL.CHARSTRING.HAS_TABLE->BOOLEAN"]
Recompiling #[OID 1306 "RELATIONAL.CHARSTRING.CHARSTRING.REFERENCED_TABLE->CHARSTRING"]
Recompiling #[OID 1306 "RELATIONAL.CHARSTRING.CHARSTRING.REFERENCED_TABLE->CHARSTRING"]
Recompiling #[OID 1306 "RELATIONAL.CHARSTRING.CHARSTRING.REFERENCED_TABLE->CHARSTRING"]
Reading AmosQL statements from "../wrappers/relational/configuration.osql"
#[OID 194 "OBJECT.OBJECT.!=->BOOLEAN"]
#[OID 170 "NUMBER.NUMBER.PLUS->NUMBER"]
#[OID 176 "NUMBER.NUMBER.TIMES->NUMBER"]
#[OID 46 "VECTOR.IN->OBJECT"]
#[OID 212 "NUMBER.ABS->NUMBER"]
#[OID 196 "OBJECT.OBJECT.<->BOOLEAN"]
#[OID 198 "OBJECT.OBJECT.<=->BOOLEAN"]
#[OID 200 "OBJECT.OBJECT.>->BOOLEAN"]
#[OID 202 "OBJECT.OBJECT.>=->BOOLEAN"]
#[OID 450 "CHARSTRING.CHARSTRING.LIKE->BOOLEAN"]
#[OID 28 "OBJECT.OBJECT.=->BOOLEAN"]
Loading "../wrappers/relational/sql_absorber.lsp"
Loading "../wrappers/relational/sql_finalizer.lsp"
Loading "../wrappers/relational/numwrapper.lsp"
Loading "../wrappers/relational/patch.lsp"
Loading "../wrappers/Amos/amos.lsp"
Recompiling #[OID 1264 "RELATIONAL.CHARSTRING.CHARSTRING.CHARSTRING.CONNECT->RELATIONAL"]
Recompiling #[OID 1268 "RELATIONAL.TABLES->CHARSTRING.CHARSTRING.CHARSTRING.CHARSTRING"]
Recompiling #[OID 1269 "CHARSTRING.TABLES->CHARSTRING.CHARSTRING.CHARSTRING.CHARSTRING"]
Recompiling #[OID 1271 "RELATIONAL.CHARSTRING.CHARSTRING.CHARSTRING.COLUMNS->CHARSTRING.CHARSTRING"]
Recompiling #[OID 1272 "RELATIONAL.CHARSTRING.COLUMNS->CHARSTRING.CHARSTRING"]
Recompiling #[OID 1274 "RELATIONAL.CHARSTRING.CHARSTRING.CHARSTRING.PRIMARY_KEYS->CHARSTRING.CHARSTRING"]
Recompiling #[OID 1275 "RELATIONAL.CHARSTRING.PRIMARY_KEYS->CHARSTRING.CHARSTRING"]
Recompiling #[OID 1277 "RELATIONAL.CHARSTRING.IMPORTED_KEYS->CHARSTRING.CHARSTRING.CHARSTRING"]
Recompiling #[OID 1279 "RELATIONAL.CHARSTRING.EXPORTED_KEYS->CHARSTRING.CHARSTRING.CHARSTRING"]
Recompiling #[OID 1281 "RELATIONAL.CHARSTRING.VECTOR.SQL->VECTOR"]
Recompiling #[OID 1282 "RELATIONAL.CHARSTRING.SQL->VECTOR"]
Recompiling #[OID 1283 "CHARSTRING.CHARSTRING.VECTOR.SQL->VECTOR"]
Recompiling #[OID 1284 "CHARSTRING.CHARSTRING.SQL->VECTOR"]
Recompiling #[OID 1286 "RELATIONAL.CHARSTRING.SQLU->INTEGER"]
Recompiling #[OID 1287 "RELATIONAL.CHARSTRING.VECTOR.SQLU->INTEGER"]
Recompiling #[OID 1289 "RELATIONAL.CHARSTRING.READ_SQL->VECTOR"]
Recompiling #[OID 1292 "RELATIONAL.CHARSTRING.CARDINALITY->INTEGER"]
Loading "project/init.lsp"
Loading "project/sql-create.lsp"
Loading "project/sql-insert.lsp"
Loading "project/sql-update.lsp"
Loading "project/sql-delete.lsp"
Loading "project/sql-select.lsp"
Loading "project/sql-drop.lsp"
Loading "mex-utilities.lsp"
Loading "mex-amos-interfaces.lsp"
Loading "mex-relation-save-restore.lsp"
Loading "boot-aqit.lsp"
Loading "aqit_utilities.lsp"
Loading "ud-index-cc.lsp"
Loading "late-tr-rewrite.lsp"
Loading "aqitnew.lsp"
(*AQIT-GCP* RESET)
Loading "aqitmisc.lsp"
Loading "rewrite-matrix.lsp"
Loading "dist-based-index-rewrite2.lsp"
Loading "rewrite-index-phases.lsp"
Loading "mexima.lsp"
Loading "internal-xtree.lsp"
Reading AmosQL statements from "rewriter-knn.osql"
Loading "rewriter-knn.lsp"
Loading "extract-sql.lsp"
Loading "temporal-plus.lsp"
1.285 s
Release 16, v7
Reading AmosQL statements from "sc.osql"
Loading "../lsp/numarray.lsp"
"../lsp/numarray.lsp"
Reading AmosQL statements from "numarray.osql"
Loading "../../lsp/iterate.lsp"
"../../lsp/iterate.lsp"
Reading AmosQL statements from "../../lsp/iterate.osql"
#[OID 1573 "FUNCTION.OBJECT.INTEGER.ITER->OBJECT.INTEGER"]
#[OID 1575 "FUNCTION.STREAM.INTEGER.FUNCTION.CIRCUIT->OBJECT.INTEGER"]
Loading "../lsp/scsq.lsp"
"../lsp/scsq.lsp"
Loading "../lsp/blob.lsp"
"../lsp/blob.lsp"
Loading "../lsp/profiler.lsp"
"../lsp/profiler.lsp"
Loading "../lsp/coord.lsp"
"../lsp/coord.lsp"
Loading "../lsp/daemon.lsp"
"../lsp/daemon.lsp"
Reading AmosQL statements from "scsq.osql"
[Expanding image to 6309588]
Image moved in MAKEHASHTABLE
Loading "../lsp/clock.lsp"
"../lsp/clock.lsp"
Reading AmosQL statements from "twinagg.osql"
Reading AmosQL statements from "fft.osql"
Loading "../lsp/sp.lsp"
"../lsp/sp.lsp"
Loading "../lsp/extract.lsp"
"../lsp/extract.lsp"
Loading "../lsp/hmerge.lsp"
"../lsp/hmerge.lsp"
Loading "../lsp/sumvectors.lsp"
"../lsp/sumvectors.lsp"
Reading AmosQL statements from "mathfns.osql"
Reading AmosQL statements from "stream.osql"
Reading AmosQL statements from "scsql.osql"
Reading AmosQL statements from "dprofile.osql"
Reading AmosQL statements from "ub_uall.osql"
Reading AmosQL statements from "peakdetect.osql"
Loading "../lsp/cumsum.lsp"
"../lsp/cumsum.lsp"
Reading AmosQL statements from "spconfig.osql"
10.0
Reading AmosQL statements from "istream.osql"
Reading AmosQL statements from "css_core.osql"
Reading AmosQL statements from "partition.osql"
[Expanding image to 7886985]
Image moved in MKARRAY
Release 16, v7
Reading AmosQL statements from "src/test.osql"
[Testing static oct node boundaries ...OK]
[Testing static kd node boundaries ...OK]
[Testing static kdnodefilter ...OK]
[Testing adaptive kdnodefilter ...OK]
[Testing amount of output from rfkd ...OK]
[Testing amount of output from rfkd2 (swallows first few tuples) ...OK]
[Testing static octnodefilter ...OK]
[Testing getkd2 ...OK]
[Testing quality of basic css ...OK]
[Testing inserting into BUFq ...OK]
[Testing shift out data from BUFq ...OK]
[Testing BUFq data ...OK]
[Testing statistics on data in BUFq ...OK]
[Testing getoctnode on the small dataset (one in each quadrant) ...OK]
[Testing oct partition based on BUFq statistics ...OK]
[Testing dynamic oct partition node ...OK]
[Testing quality of adaptive KD parallelized css ...OK]
----------------Testing SCSQ ------------------
------------------------------------------------------------
Generating SCSQ binaries
gmake: Nothing to be done for `all'.
Building default target: adll - Win32 Debug
--------------------Configuration: adll - Win32 Debug--------------------

amos2.dll - 0 error(s), 0 warning(s)
Building default target: amos2 - Win32 Debug
--------------------Configuration: amos2 - Win32 Debug--------------------

amos2.exe - 0 error(s), 0 warning(s)
Building default target: alisp - Win32 Debug
--------------------Configuration: alisp - Win32 Debug--------------------

alisp.exe - 0 error(s), 0 warning(s)
Building default target: scsqlib - Win32 Debug
--------------------Configuration: scsqlib - Win32 Debug--------------------
Creating library...

scsqlib.lib - 0 error(s), 0 warning(s)
Building default target: scsq - Win32 Debug
--------------------Configuration: scsq - Win32 Debug--------------------
Linking...
   Creating library ..\..\bin\scsq.lib and object ..\..\bin\scsq.exp

scsq.exe - 0 error(s), 0 warning(s)
        1 file(s) copied.
init file: init.lsp init dir ../lsp
Loading "init.lsp"
Loading "amosdef.lsp"
Loading "coredef.lsp"
Loading "lispdef.lsp"
Loading "advise.lsp"
Loading "filepos.lsp"
Loading "client.lsp"
[Expanding image to 177600]
Image moved in APPLY
Loading "basic.lsp"
[Expanding image to 222000]
Image moved in APPLY
[Expanding image to 277500]
Image moved in APPLY
Loading "sort.lsp"
Loading "ppr.lsp"
Loading "trace.lsp"
[Expanding image to 346875]
Image moved in INT-APPLY
Loading "interrupts.lsp"
Loading "error.lsp"
Loading "socket.lsp"
Loading "ref_lisp.lsp"
Loading "coro.lsp"
[Expanding image to 433593]
Image moved in INT-APPLY
Loading "buffer.lsp"
Loading "strings.lsp"
Loading "verify_code.lsp"
Loading "mex-basic.lsp"
Loading "mex-save-restore.lsp"
Loading "mex-lisp-interfaces.lsp"
(GET-BTREE REDEFINED)
(PUT-BTREE REDEFINED)
(DELETE-BTREE REDEFINED)
(MAP-BTREE REDEFINED)
(MAKE-BTREE REDEFINED)
(COUNT-BTREE REDEFINED)
Loading "mex-transactional.lsp"
Loading "misc.lsp"
[Expanding image to 541991]
Image moved in INT-APPLY
Loading "basicoid.lsp"
Loading "relation.lsp"
Loading "function.lsp"
[Expanding image to 677488]
Image moved in INT-APPLY
Loading "foreign.lsp"
Loading "typecheck.lsp"
Loading "variable.lsp"
Loading "predicate_functions.lsp"
Loading "environment.lsp"
[Expanding image to 846860]
Image moved in LIST
Loading "flatten.lsp"
Loading "latebind.lsp"
Loading "comppred.lsp"
Loading "recompile.lsp"
Loading "optimizer.lsp"
[Expanding image to 1058575]
Image moved in INT-APPLY
Loading "olog.lsp"
Loading "subplan.lsp"
Loading "purge.lsp"
Loading "rewrite.lsp"
Loading "TBR.lsp"
Loading "DTR.lsp"
Loading "priority-queue.lsp"
Loading "dynprog.lsp"
[Expanding image to 1323218]
Image moved in MKSYMBOL
Loading "randomopt.lsp"
Loading "normalize.lsp"
Loading "collections.lsp"
Loading "externalize.lsp"
Loading "osql-let.lsp"
Loading "proc.lsp"
Loading "fncall.lsp"
Loading "cursor.lsp"
Loading "createuobj.lsp"
Loading "constructor.lsp"
Loading "deletion.lsp"
Loading "printer.lsp"
Loading "absorbmng.lsp"
Loading "misc.lsp"
Loading "finalizermng.lsp"
[Expanding image to 1654022]
Image moved in LIST
Loading "scan.lsp"
Loading "aclient.lsp"
Loading "server.lsp"
Loading "scan_remote.lsp"
Loading "boot.lsp"
Loading "qd.lsp"
Loading "qd_entry.lsp"
Loading "qd_dsve.lsp"
Loading "qd_dynprog.lsp"
Loading "qd_cost.lsp"
Loading "qd_deftmpfunc.lsp"
Loading "qd_disp.lsp"
Loading "qd_heuristic.lsp"
Loading "qd_misc.lsp"
Loading "qd_print.lsp"
Loading "qd_treedistr.lsp"
Loading "qd_objectloggen.lsp"
Loading "dt.lsp"
Loading "coerce.lsp"
Loading "dtcreate.lsp"
[Expanding image to 2067527]
Image moved in INT-APPLY
Loading "etemplates.lsp"
Loading "typeimp.lsp"
Loading "bulk.lsp"
Loading "mapped.lsp"
Loading "mbindex.lsp"
Loading "new_object.lsp"
Loading "declarations.lsp"
Loading "arginfo.lsp"
Loading "datasource.lsp"
Loading "unload.lsp"
Loading "materialize.lsp"
Loading "comm.lsp"
Loading "tuple.lsp"
Loading "vector.lsp"
Loading "amosfns.lsp"
[Expanding image to 2584408]
Image moved in PARSE
[Expanding image to 3230510]
Image moved in CONS
Loading "if.lsp"
Loading "tr-rewrites.lsp"
Loading "temporal.lsp"
Loading "tclose.lsp"
Loading "topk.lsp"
Loading "extplot.lsp"
Recompiling #[OID 353 "CHARSTRING.EVAL->OBJECT"]
Loading "stream.lsp"
Reading AmosQL statements from "functions.osql"
Recompiling #[OID 353 "CHARSTRING.EVAL->OBJECT"]
{"X","Y"}
Recompiling #[OID 353 "CHARSTRING.EVAL->OBJECT"]
Recompiling #[OID 353 "CHARSTRING.EVAL->OBJECT"]
Recompiling #[OID 353 "CHARSTRING.EVAL->OBJECT"]
[Expanding image to 4038137]
Image moved in LIST
#[OID 790 "PI"]
#[OID 140 "FUNCTIONNAMED"]
#[OID 142 "TYPENAMED"]
#[OID 535 "THERESOLVENT"]
#[OID 75 "VECTOR"]
Reading AmosQL statements from "streams.osql"
Recompiling #[OID 353 "CHARSTRING.EVAL->OBJECT"]
Reading AmosQL statements from "peer.osql"
Reading AmosQL statements from "goovi-servers.osql"
Loading "compl.lsp"
Reading AmosQL statements from "updates.osql"
Loading "updates.lsp"
Loading "abstract-function.lsp"
Reading AmosQL statements from "constructor.osql"
Loading "groupby.lsp"
Loading "record.lsp"
Reading AmosQL statements from "record.osql"
Reading AmosQL statements from "unloadschema.osql"
Loading "unloadschema.lsp"
"unloadschema.lsp"
Reading AmosQL statements from "RDF.osql"
Loading "multicast.lsp"
"disable translator.lsp"
"BigIntegrator is enabled"
Reading AmosQL statements from "master.amosql"
Loading "../../src/Lisp/integrator.lsp"
"../../src/Lisp/integrator.lsp"
Reading AmosQL statements from "integrator.amosql"
Reading AmosQL statements from "meta_data.amosql"
Reading AmosQL statements from "cost_model.amosql"
Loading "../../src/Lisp/wrapperfuncs.lsp"
"../../src/Lisp/wrapperfuncs.lsp"
Loading "../../src/Lisp/cost_model.lsp"
"../../src/Lisp/cost_model.lsp"
Loading "../wrappers/load_wrappers.lsp"
Loading "../wrappers/datasource/load_wrapper.lsp"
Reading AmosQL statements from "../wrappers/datasource/typemap.osql"
Loading "../wrappers/datasource/typemap.lsp"
Loading "../wrappers/datasource/core-cluster.lsp"
Reading AmosQL statements from "../wrappers/datasource/core-cluster.osql"
Loading "../wrappers/relational/load_wrapper.lsp"
Loading "../wrappers/relational/relational.lsp"
Reading AmosQL statements from "../wrappers/relational/relational.osql"
Loading "../wrappers/relational/sqlquery.lsp"
Loading "../wrappers/relational/import-table.lsp"
Loading "../wrappers/relational/export-type.lsp"
Loading "../wrappers/relational/exportlog.lsp"
Loading "../wrappers/relational/import-foreign-keys.lsp"
Loading "../wrappers/relational/metadata.lsp"
Loading "../wrappers/relational/sql.lsp"
Loading "../wrappers/relational/relational_translator.lsp"
Reading AmosQL statements from "../wrappers/relational/relational_typemap.osql"
Loading "../wrappers/relational/sql_constructor.lsp"
Loading "../wrappers/JDBC/load_wrapper.lsp"
Loading "../wrappers/JDBC/jdbc.lsp"
Reading AmosQL statements from "../wrappers/JDBC/jdbc.osql"
[Expanding image to 5047671]
Image moved in /PUTOBJECT
Recompiling #[OID 1292 "RELATIONAL.CHARSTRING.CARDINALITY->INTEGER"]
#[OID 1348 "JDBC.CHARSTRING.SQL->VECTOR"]
Recompiling #[OID 1292 "RELATIONAL.CHARSTRING.CARDINALITY->INTEGER"]
Recompiling #[OID 1310 "RELATIONAL.CHARSTRING.DROP_TABLE->INTEGER"]
Recompiling #[OID 1310 "RELATIONAL.CHARSTRING.DROP_TABLE->INTEGER"]
Recompiling #[OID 1310 "RELATIONAL.CHARSTRING.DROP_TABLE->INTEGER"]
#[OID 1349 "JDBC.CHARSTRING.VECTOR.SQL->VECTOR"]
Recompiling #[OID 1291 "RELATIONAL.CHARSTRING.HAS_TABLE->BOOLEAN"]
Recompiling #[OID 1291 "RELATIONAL.CHARSTRING.HAS_TABLE->BOOLEAN"]
Recompiling #[OID 1291 "RELATIONAL.CHARSTRING.HAS_TABLE->BOOLEAN"]
Recompiling #[OID 1306 "RELATIONAL.CHARSTRING.CHARSTRING.REFERENCED_TABLE->CHARSTRING"]
Recompiling #[OID 1306 "RELATIONAL.CHARSTRING.CHARSTRING.REFERENCED_TABLE->CHARSTRING"]
Recompiling #[OID 1306 "RELATIONAL.CHARSTRING.CHARSTRING.REFERENCED_TABLE->CHARSTRING"]
Reading AmosQL statements from "../wrappers/relational/configuration.osql"
#[OID 194 "OBJECT.OBJECT.!=->BOOLEAN"]
#[OID 170 "NUMBER.NUMBER.PLUS->NUMBER"]
#[OID 176 "NUMBER.NUMBER.TIMES->NUMBER"]
#[OID 46 "VECTOR.IN->OBJECT"]
#[OID 212 "NUMBER.ABS->NUMBER"]
#[OID 196 "OBJECT.OBJECT.<->BOOLEAN"]
#[OID 198 "OBJECT.OBJECT.<=->BOOLEAN"]
#[OID 200 "OBJECT.OBJECT.>->BOOLEAN"]
#[OID 202 "OBJECT.OBJECT.>=->BOOLEAN"]
#[OID 450 "CHARSTRING.CHARSTRING.LIKE->BOOLEAN"]
#[OID 28 "OBJECT.OBJECT.=->BOOLEAN"]
Loading "../wrappers/relational/sql_absorber.lsp"
Loading "../wrappers/relational/sql_finalizer.lsp"
Loading "../wrappers/relational/numwrapper.lsp"
Loading "../wrappers/relational/patch.lsp"
Loading "../wrappers/Amos/amos.lsp"
Recompiling #[OID 1264 "RELATIONAL.CHARSTRING.CHARSTRING.CHARSTRING.CONNECT->RELATIONAL"]
Recompiling #[OID 1268 "RELATIONAL.TABLES->CHARSTRING.CHARSTRING.CHARSTRING.CHARSTRING"]
Recompiling #[OID 1269 "CHARSTRING.TABLES->CHARSTRING.CHARSTRING.CHARSTRING.CHARSTRING"]
Recompiling #[OID 1271 "RELATIONAL.CHARSTRING.CHARSTRING.CHARSTRING.COLUMNS->CHARSTRING.CHARSTRING"]
Recompiling #[OID 1272 "RELATIONAL.CHARSTRING.COLUMNS->CHARSTRING.CHARSTRING"]
Recompiling #[OID 1274 "RELATIONAL.CHARSTRING.CHARSTRING.CHARSTRING.PRIMARY_KEYS->CHARSTRING.CHARSTRING"]
Recompiling #[OID 1275 "RELATIONAL.CHARSTRING.PRIMARY_KEYS->CHARSTRING.CHARSTRING"]
Recompiling #[OID 1277 "RELATIONAL.CHARSTRING.IMPORTED_KEYS->CHARSTRING.CHARSTRING.CHARSTRING"]
Recompiling #[OID 1279 "RELATIONAL.CHARSTRING.EXPORTED_KEYS->CHARSTRING.CHARSTRING.CHARSTRING"]
Recompiling #[OID 1281 "RELATIONAL.CHARSTRING.VECTOR.SQL->VECTOR"]
Recompiling #[OID 1282 "RELATIONAL.CHARSTRING.SQL->VECTOR"]
Recompiling #[OID 1283 "CHARSTRING.CHARSTRING.VECTOR.SQL->VECTOR"]
Recompiling #[OID 1284 "CHARSTRING.CHARSTRING.SQL->VECTOR"]
Recompiling #[OID 1286 "RELATIONAL.CHARSTRING.SQLU->INTEGER"]
Recompiling #[OID 1287 "RELATIONAL.CHARSTRING.VECTOR.SQLU->INTEGER"]
Recompiling #[OID 1289 "RELATIONAL.CHARSTRING.READ_SQL->VECTOR"]
Recompiling #[OID 1292 "RELATIONAL.CHARSTRING.CARDINALITY->INTEGER"]
Loading "project/init.lsp"
Loading "project/sql-create.lsp"
Loading "project/sql-insert.lsp"
Loading "project/sql-update.lsp"
Loading "project/sql-delete.lsp"
Loading "project/sql-select.lsp"
Loading "project/sql-drop.lsp"
Loading "mex-utilities.lsp"
Loading "mex-amos-interfaces.lsp"
Loading "mex-relation-save-restore.lsp"
Loading "boot-aqit.lsp"
Loading "aqit_utilities.lsp"
Loading "ud-index-cc.lsp"
Loading "late-tr-rewrite.lsp"
Loading "aqitnew.lsp"
(*AQIT-GCP* RESET)
Loading "aqitmisc.lsp"
Loading "rewrite-matrix.lsp"
Loading "dist-based-index-rewrite2.lsp"
Loading "rewrite-index-phases.lsp"
Loading "mexima.lsp"
Loading "internal-xtree.lsp"
Reading AmosQL statements from "rewriter-knn.osql"
Loading "rewriter-knn.lsp"
Loading "extract-sql.lsp"
Loading "temporal-plus.lsp"
1.302 s
Release 16, v7
Reading AmosQL statements from "sc.osql"
Loading "../lsp/numarray.lsp"
"../lsp/numarray.lsp"
Reading AmosQL statements from "numarray.osql"
Loading "../../lsp/iterate.lsp"
"../../lsp/iterate.lsp"
Reading AmosQL statements from "../../lsp/iterate.osql"
#[OID 1573 "FUNCTION.OBJECT.INTEGER.ITER->OBJECT.INTEGER"]
#[OID 1575 "FUNCTION.STREAM.INTEGER.FUNCTION.CIRCUIT->OBJECT.INTEGER"]
Loading "../lsp/scsq.lsp"
"../lsp/scsq.lsp"
Loading "../lsp/blob.lsp"
"../lsp/blob.lsp"
Loading "../lsp/profiler.lsp"
"../lsp/profiler.lsp"
Loading "../lsp/coord.lsp"
"../lsp/coord.lsp"
Loading "../lsp/daemon.lsp"
"../lsp/daemon.lsp"
Reading AmosQL statements from "scsq.osql"
[Expanding image to 6309588]
Image moved in MAKEHASHTABLE
Loading "../lsp/clock.lsp"
"../lsp/clock.lsp"
Reading AmosQL statements from "twinagg.osql"
Reading AmosQL statements from "fft.osql"
Loading "../lsp/sp.lsp"
"../lsp/sp.lsp"
Loading "../lsp/extract.lsp"
"../lsp/extract.lsp"
Loading "../lsp/hmerge.lsp"
"../lsp/hmerge.lsp"
Loading "../lsp/sumvectors.lsp"
"../lsp/sumvectors.lsp"
Reading AmosQL statements from "mathfns.osql"
Reading AmosQL statements from "stream.osql"
Reading AmosQL statements from "scsql.osql"
Reading AmosQL statements from "dprofile.osql"
Reading AmosQL statements from "ub_uall.osql"
Reading AmosQL statements from "peakdetect.osql"
Loading "../lsp/cumsum.lsp"
"../lsp/cumsum.lsp"
Reading AmosQL statements from "spconfig.osql"
10.0
Reading AmosQL statements from "istream.osql"
------------------------------------------------------------
Release 16, v7
Reading AmosQL statements from "regress/master.osql"
Loading "regress/numarray_regress.lsp"
[Testing basic numarray construction ...OK]
[Testing complex numarray operations ...OK]
[Testing numarray interleave function ...OK]
[Testing tcount ...OK]
[Testing proctime ...[Expanding image to 7886985]
Image moved in MAPFUNCTION
 [ 0.0312002 s ] OK]
[Testing SCSQ code ...OK]
[Testing make vector of generators ...OK]
[Testing readfile ...OK]
[Testing writefile ...OK]
[Testing writefiles ...OK]
[Testing writefiles ...[time 0.3s bag, 0.0s setup] OK]
[Testing writefiles on empty bag ...[time 0.3s bag, 0.0s setup] OK]
[Testing operations on vectors of numbers ...OK]
[Testing chopvector ...OK]
[Testing transpose ...OK]
[Testing arrayarrayp ...OK]
[Testing Numarray-element access ...OK]
[Testing Numarray-element access out of bounds ...OK]
[Testing Readfile of binary ...OK]
[Testing numarray copy ...OK]
[Testing numarray smash ...OK]
[Testing numarray smash index out of bounds ...OK]
[Testing numarray smash type mismatch ...OK]
[Testing numarray annotation ...OK]
[Testing make-numarray ...OK]
[Testing vector aggregation ...OK]
[Testing vmax ...OK]
[Testing sbetween ...OK]
[Testing numarray dimensionality ...OK]
[Testing iarray to multiarray ...OK]
[Testing darray to multiarray ...OK]
[Testing numarray to multiarray ...OK]
[Testing multiarray to numarray ...OK]
[Testing numarray projection ...OK]
[Testing numarray projection out of bounds ...OK]
[Testing Roundto ...OK]
[Testing prod ...OK]
[Testing Euclid. norm of a darray ...OK]
[Testing Euclid. norm of real fft of carray ...OK]
[Testing Euclid. norm of real fft of double numarray ...OK]
[Testing Euclid. norm of fft of complex numarray ...OK]
[Testing Euclid. norm of ifft of fft of complex numarray ...OK]
[Testing odd ...OK]
[Testing even ...OK]
[Testing readfile ...OK]
[Testing groupagg2, size < stride ...OK]
[Testing groupagg2, size = stride ...OK]
[Testing groupagg2, size > stride ...OK]
[Testing groupagg2e, size < stride ...OK]
[Testing groupagg2e, size = stride ...OK]
[Testing groupagg2e, size > stride ...OK]
[Testing last ...OK]
[Testing na2vec ...OK]
[Testing vstream2iastream ...OK]
[Testing default ...OK]
[Testing init-osql ...OK]
[Testing proute ...OK]
[Testing retard ... [0.5 seconds] OK]
[Testing interrupted retard ...OK]
[Testing vdsum0 ...OK]
[Testing vdsum ...OK]
[Testing numarray hash merge, single attribute value ...OK]
[Testing numarray hash merge, multiple attribute values ...OK]
[Testing aggregation over numarray hash merge result ...OK]
Reading AmosQL statements from "regress/scsqlregress.osql"
0
0
1
[Testing twinagg on readfile ...OK]
[Testing basic sp/extract ...OK]
[Testing SP with large image ...OK]
[Testing sp/extract of numarrays ...OK]
[Testing extract of an sp returning no elements ...OK]
[Testing error propagation in extract ...OK]
[Testing error propagation through more than one SP ...OK]
[Testing error propagation through parallel SPs ...OK]
[Testing diamond ...OK]
[Testing diamond with darray ...OK]
[Testing parallel FFT, 2 SP ...OK]
[Testing FFT, 2 partitions ...OK]
[Testing uall ...OK]
[Testing uallr ...OK]
[Testing error propagation in unionall ...OK]
[Testing error propagation in unionallR ...OK]
[Testing Sort Merge Join ...OK]
[Testing SMJ on (int) numarray ...OK]
[Testing SMJ on (float) numarray ...OK]
[Testing SMJ on delayed numarrays (poll timing out) ...OK]
[Testing error propagation inside smjna ...instrum_ezreadfn: got error tpl: (:ERRCOND (9 "Cannot open file" "non-existing-file"))
OK]
[Testing smjstreamsv ...OK]
[Testing smjstreamsna ...OK]
[Testing error propagation at start of Sort Merge Join ...OK]
[Testing error propagation at start of Sort Merge Join, > 1 proc ...OK]
[Testing error propagation inside Sort Merge Join ...instrum_ezreadfn: got error tpl: (:ERRCOND (9 "Cannot open file" "non-existing-file"))
OK]
[Testing error propagation inside Sort Merge Join, > 1 proc ...instrum_ezreadfn: got error tpl: (:ERRCOND (9 "Cannot open file" "non-existing-file"))
OK]
[Testing round robin routing function ...OK]
[Testing splitstream_rr ...OK]
[Testing splitstreams_rr ...OK]
[Testing intra bg p2p streaming ...OK]
[Testing extract of sp of sapply ...OK]
[Testing mapv over one argument vector ...OK]
[Testing mapv of two argument vectors ...OK]
[Testing splitstream with rfn+bfn ...OK]
[Testing splitstream with rfn = false ...OK]
[Testing mapstreams with identity function /sids/ ...OK]
[Testing mapstreams of splitstream ...OK]
[Testing source - split - map - merge ...OK]
[Testing mapflex with empty opt ...OK]
[Testing running a set of mapflex in parallel ...OK]
[Testing mapflex with opt: hostname 'localhost' ...OK]
[Testing mapflex with opt: sfn #'rr' ...OK]
[Testing mapflex with opt: osql 'set addconst()=10;' ...OK]
[Testing zipstreams of mapstreams of splitstream ...OK]
[Testing splitflexra on ext round robin ...OK]
[Testing splitflexra on ext round robin {0} ...OK]
[Testing splitflexra on ext round robin {1} ...OK]
[Testing splitflexra on proute: fanout = 1 (degenerate), {attrib, div} = {0, 1} ...OK]
[Testing splitflexra on proute: fanout = 2 {attrib, div} = {1, 1} ...OK]
[Testing splitflexra on proute: fanout = 2 {attrib, div} = {1, 2} ...OK]
[Testing hsplitstream ...OK]
[Testing hpartstream. [width 2, 4, 8] [fanout 2] ...OK]
[Testing hpartstreamv. [width 30] [fanout {2,3,5}] ...OK]
[Testing intra bg merge ...OK]
[Testing Query I ...OK]
[Testing Query III ...OK]
[Testing bcast routing function (true for all) ...OK]
[Testing time stamps of stcount ...OK]
[Testing distributed stcount ...OK]
[Testing SP multibuffer on iarray ...OK]
[Testing SP multibuffer on iarray (bcast sfn) ...OK]
[Testing SP multibuffer on darray (bcast sfn) ...OK]
[Testing SP multibuffer on arrays ...OK]
[Testing Splitstream with multibuffers ...OK]
[Testing zipmulti ...OK]
[Testing zipmulti different multiarray sizes ...OK]
[Testing zipmulti of mapstreams of splitstream with multi ...OK]
[Testing ziplayer ...OK]
[Testing splitstream(sfn=bcast) -- zipmlayer ...OK]
[Testing 2 level ziptree: zipmlayer -- zipstreams ...OK]
[Testing splitstream(rfn=f bfn=t) -- zipmmaplayer(mapfn=id) ...OK]
[Testing splitstream(rfn=f bfn=t) -- zipmmaplayer(mapfn=vdsum) ...OK]
[Testing 2 level zipmmap tree: zipmmaplayer -- zipmaplayer ...OK]
[Testing 2 level zipmmapm tree: zipmmaplayerm -- zipmmaplayer ...OK]
[Testing interrupted extract of SP ...OK]
[Testing interrupted extract of a chain of SP ...OK]
[Testing interrupted extract of retarded SP ...OK]
[Testing interrupted extract of a chain of retarded SP ...OK]
[Testing interrupted uall of retarded SP ...OK]
[Testing interrupted uall of SPs ...OK]
[Testing interrupted uall of retarded SPs ...OK]
[Testing numarray hash merge of two streams ...OK]
Reading AmosQL statements from "regress/bgcoregress.osql"
[Testing bgextract of numarrays ...OK]
[Testing lzip of numarrays ...OK]
[Testing lzipm of numarrays ...OK]
[Testing lzip of numarrays, number mismatch ...OK]
[Testing bguall of numarrays ...OK]
[Testing bgmerge of numarrays ...OK]
[Testing multiarray bgmerge ...OK]
[Testing error propagation in bgmerge ...OK]
[Testing couall ...OK]
[Testing comerge ...OK]
[Testing comerge of numarrays ...OK]
[Testing splitstream(sfn=bcast) - lzipmmaplayer(mapfn=id) ...OK]
[Testing 2 level lzipmmapm tree: lzipmmaplayerm - lzipmmaplayer ...OK]
 (compare merge numarray throughput)
[Testing  co-routine merge ...[29 ktpl/s] OK]
[Testing        conv merge ...[738 ktpl/s] OK]
[Testing       lread merge ...[719 ktpl/s] OK]
[Testing  conv multi merge ...[1152 ktpl/s] OK]
[Testing lread multi merge ...[1176 ktpl/s] OK]
 (compare extract numarray throughput)
[Testing      conv extract ...[413 ktpl/s] OK]
[Testing     lread extract ...[224 ktpl/s] OK]
 (compare zip numarray throughput)
[Testing          conv zip ...[532 ktpl/s] OK]
[Testing         lread zip ...[351 ktpl/s] OK]
[Testing    conv multi zip ...[1348 ktpl/s] OK]
[Testing   lread multi zip ...[1498 ktpl/s] OK]
 (compare ziptree numarray throughput)
[Testing  2L zipmmapm tree ...[406 ktpl/s] OK]
[Testing 2L lzipmmapm tree ...[425 ktpl/s] OK]
 (bgcoregress duration 18 s)
----------------Testing LR-EZGen ------------------
        1 file(s) copied.
gmake: Nothing to be done for `all'.
Building default target: adll - Win32 Debug
--------------------Configuration: adll - Win32 Debug--------------------

amos2.dll - 0 error(s), 0 warning(s)
Building default target: amos2 - Win32 Debug
--------------------Configuration: amos2 - Win32 Debug--------------------

amos2.exe - 0 error(s), 0 warning(s)
Building default target: alisp - Win32 Debug
--------------------Configuration: alisp - Win32 Debug--------------------

alisp.exe - 0 error(s), 0 warning(s)
Building default target: scsqlib - Win32 Debug
--------------------Configuration: scsqlib - Win32 Debug--------------------
Creating library...

scsqlib.lib - 0 error(s), 0 warning(s)
Building default target: scsq - Win32 Debug
--------------------Configuration: scsq - Win32 Debug--------------------
Linking...
   Creating library ..\..\bin\scsq.lib and object ..\..\bin\scsq.exp

scsq.exe - 0 error(s), 0 warning(s)
init file: init.lsp init dir ../../lsp
Loading "init.lsp"
Loading "amosdef.lsp"
Loading "coredef.lsp"
Loading "lispdef.lsp"
Loading "advise.lsp"
Loading "filepos.lsp"
Loading "client.lsp"
[Expanding image to 177600]
Image moved in APPLY
Loading "basic.lsp"
[Expanding image to 222000]
Image moved in APPLY
[Expanding image to 277500]
Image moved in APPLY
Loading "sort.lsp"
Loading "ppr.lsp"
Loading "trace.lsp"
[Expanding image to 346875]
Image moved in INT-APPLY
Loading "interrupts.lsp"
Loading "error.lsp"
Loading "socket.lsp"
Loading "ref_lisp.lsp"
Loading "coro.lsp"
[Expanding image to 433593]
Image moved in INT-APPLY
Loading "buffer.lsp"
Loading "strings.lsp"
Loading "verify_code.lsp"
Loading "mex-basic.lsp"
Loading "mex-save-restore.lsp"
Loading "mex-lisp-interfaces.lsp"
(GET-BTREE REDEFINED)
(PUT-BTREE REDEFINED)
(DELETE-BTREE REDEFINED)
(MAP-BTREE REDEFINED)
(MAKE-BTREE REDEFINED)
(COUNT-BTREE REDEFINED)
Loading "mex-transactional.lsp"
Loading "misc.lsp"
[Expanding image to 541991]
Image moved in INT-APPLY
Loading "basicoid.lsp"
Loading "relation.lsp"
Loading "function.lsp"
[Expanding image to 677488]
Image moved in INT-APPLY
Loading "foreign.lsp"
Loading "typecheck.lsp"
Loading "variable.lsp"
Loading "predicate_functions.lsp"
Loading "environment.lsp"
[Expanding image to 846860]
Image moved in LIST
Loading "flatten.lsp"
Loading "latebind.lsp"
Loading "comppred.lsp"
Loading "recompile.lsp"
Loading "optimizer.lsp"
[Expanding image to 1058575]
Image moved in INT-APPLY
Loading "olog.lsp"
Loading "subplan.lsp"
Loading "purge.lsp"
Loading "rewrite.lsp"
Loading "TBR.lsp"
Loading "DTR.lsp"
Loading "priority-queue.lsp"
Loading "dynprog.lsp"
[Expanding image to 1323218]
Image moved in MKSYMBOL
Loading "randomopt.lsp"
Loading "normalize.lsp"
Loading "collections.lsp"
Loading "externalize.lsp"
Loading "osql-let.lsp"
Loading "proc.lsp"
Loading "fncall.lsp"
Loading "cursor.lsp"
Loading "createuobj.lsp"
Loading "constructor.lsp"
Loading "deletion.lsp"
Loading "printer.lsp"
Loading "absorbmng.lsp"
Loading "misc.lsp"
Loading "finalizermng.lsp"
[Expanding image to 1654022]
Image moved in LIST
Loading "scan.lsp"
Loading "aclient.lsp"
Loading "server.lsp"
Loading "scan_remote.lsp"
Loading "boot.lsp"
Loading "qd.lsp"
Loading "qd_entry.lsp"
Loading "qd_dsve.lsp"
Loading "qd_dynprog.lsp"
Loading "qd_cost.lsp"
Loading "qd_deftmpfunc.lsp"
Loading "qd_disp.lsp"
Loading "qd_heuristic.lsp"
Loading "qd_misc.lsp"
Loading "qd_print.lsp"
Loading "qd_treedistr.lsp"
Loading "qd_objectloggen.lsp"
Loading "dt.lsp"
Loading "coerce.lsp"
Loading "dtcreate.lsp"
[Expanding image to 2067527]
Image moved in INT-APPLY
Loading "etemplates.lsp"
Loading "typeimp.lsp"
Loading "bulk.lsp"
Loading "mapped.lsp"
Loading "mbindex.lsp"
Loading "new_object.lsp"
Loading "declarations.lsp"
Loading "arginfo.lsp"
Loading "datasource.lsp"
Loading "unload.lsp"
Loading "materialize.lsp"
Loading "comm.lsp"
Loading "tuple.lsp"
Loading "vector.lsp"
Loading "amosfns.lsp"
[Expanding image to 2584408]
Image moved in PARSE
[Expanding image to 3230510]
Image moved in CONS
Loading "if.lsp"
Loading "tr-rewrites.lsp"
Loading "temporal.lsp"
Loading "tclose.lsp"
Loading "topk.lsp"
Loading "extplot.lsp"
Recompiling #[OID 353 "CHARSTRING.EVAL->OBJECT"]
Loading "stream.lsp"
Reading AmosQL statements from "functions.osql"
Recompiling #[OID 353 "CHARSTRING.EVAL->OBJECT"]
{"X","Y"}
Recompiling #[OID 353 "CHARSTRING.EVAL->OBJECT"]
Recompiling #[OID 353 "CHARSTRING.EVAL->OBJECT"]
Recompiling #[OID 353 "CHARSTRING.EVAL->OBJECT"]
[Expanding image to 4038137]
Image moved in LIST
#[OID 790 "PI"]
#[OID 140 "FUNCTIONNAMED"]
#[OID 142 "TYPENAMED"]
#[OID 535 "THERESOLVENT"]
#[OID 75 "VECTOR"]
Reading AmosQL statements from "streams.osql"
Recompiling #[OID 353 "CHARSTRING.EVAL->OBJECT"]
Reading AmosQL statements from "peer.osql"
Reading AmosQL statements from "goovi-servers.osql"
Loading "compl.lsp"
Reading AmosQL statements from "updates.osql"
Loading "updates.lsp"
Loading "abstract-function.lsp"
Reading AmosQL statements from "constructor.osql"
Loading "groupby.lsp"
Loading "record.lsp"
Reading AmosQL statements from "record.osql"
Reading AmosQL statements from "unloadschema.osql"
Loading "unloadschema.lsp"
"unloadschema.lsp"
Reading AmosQL statements from "RDF.osql"
Loading "multicast.lsp"
"disable translator.lsp"
"BigIntegrator is enabled"
Reading AmosQL statements from "master.amosql"
Loading "../../src/Lisp/integrator.lsp"
"../../src/Lisp/integrator.lsp"
Reading AmosQL statements from "integrator.amosql"
Reading AmosQL statements from "meta_data.amosql"
Reading AmosQL statements from "cost_model.amosql"
Loading "../../src/Lisp/wrapperfuncs.lsp"
"../../src/Lisp/wrapperfuncs.lsp"
Loading "../../src/Lisp/cost_model.lsp"
"../../src/Lisp/cost_model.lsp"
Loading "../wrappers/load_wrappers.lsp"
Loading "../wrappers/datasource/load_wrapper.lsp"
Reading AmosQL statements from "../wrappers/datasource/typemap.osql"
Loading "../wrappers/datasource/typemap.lsp"
Loading "../wrappers/datasource/core-cluster.lsp"
Reading AmosQL statements from "../wrappers/datasource/core-cluster.osql"
Loading "../wrappers/relational/load_wrapper.lsp"
Loading "../wrappers/relational/relational.lsp"
Reading AmosQL statements from "../wrappers/relational/relational.osql"
Loading "../wrappers/relational/sqlquery.lsp"
Loading "../wrappers/relational/import-table.lsp"
Loading "../wrappers/relational/export-type.lsp"
Loading "../wrappers/relational/exportlog.lsp"
Loading "../wrappers/relational/import-foreign-keys.lsp"
Loading "../wrappers/relational/metadata.lsp"
Loading "../wrappers/relational/sql.lsp"
Loading "../wrappers/relational/relational_translator.lsp"
Reading AmosQL statements from "../wrappers/relational/relational_typemap.osql"
Loading "../wrappers/relational/sql_constructor.lsp"
Loading "../wrappers/JDBC/load_wrapper.lsp"
Loading "../wrappers/JDBC/jdbc.lsp"
Reading AmosQL statements from "../wrappers/JDBC/jdbc.osql"
[Expanding image to 5047671]
Image moved in CONS
Recompiling #[OID 1292 "RELATIONAL.CHARSTRING.CARDINALITY->INTEGER"]
#[OID 1348 "JDBC.CHARSTRING.SQL->VECTOR"]
Recompiling #[OID 1292 "RELATIONAL.CHARSTRING.CARDINALITY->INTEGER"]
Recompiling #[OID 1310 "RELATIONAL.CHARSTRING.DROP_TABLE->INTEGER"]
Recompiling #[OID 1310 "RELATIONAL.CHARSTRING.DROP_TABLE->INTEGER"]
Recompiling #[OID 1310 "RELATIONAL.CHARSTRING.DROP_TABLE->INTEGER"]
#[OID 1349 "JDBC.CHARSTRING.VECTOR.SQL->VECTOR"]
Recompiling #[OID 1291 "RELATIONAL.CHARSTRING.HAS_TABLE->BOOLEAN"]
Recompiling #[OID 1291 "RELATIONAL.CHARSTRING.HAS_TABLE->BOOLEAN"]
Recompiling #[OID 1291 "RELATIONAL.CHARSTRING.HAS_TABLE->BOOLEAN"]
Recompiling #[OID 1306 "RELATIONAL.CHARSTRING.CHARSTRING.REFERENCED_TABLE->CHARSTRING"]
Recompiling #[OID 1306 "RELATIONAL.CHARSTRING.CHARSTRING.REFERENCED_TABLE->CHARSTRING"]
Recompiling #[OID 1306 "RELATIONAL.CHARSTRING.CHARSTRING.REFERENCED_TABLE->CHARSTRING"]
Reading AmosQL statements from "../wrappers/relational/configuration.osql"
#[OID 194 "OBJECT.OBJECT.!=->BOOLEAN"]
#[OID 170 "NUMBER.NUMBER.PLUS->NUMBER"]
#[OID 176 "NUMBER.NUMBER.TIMES->NUMBER"]
#[OID 46 "VECTOR.IN->OBJECT"]
#[OID 212 "NUMBER.ABS->NUMBER"]
#[OID 196 "OBJECT.OBJECT.<->BOOLEAN"]
#[OID 198 "OBJECT.OBJECT.<=->BOOLEAN"]
#[OID 200 "OBJECT.OBJECT.>->BOOLEAN"]
#[OID 202 "OBJECT.OBJECT.>=->BOOLEAN"]
#[OID 450 "CHARSTRING.CHARSTRING.LIKE->BOOLEAN"]
#[OID 28 "OBJECT.OBJECT.=->BOOLEAN"]
Loading "../wrappers/relational/sql_absorber.lsp"
Loading "../wrappers/relational/sql_finalizer.lsp"
Loading "../wrappers/relational/numwrapper.lsp"
Loading "../wrappers/relational/patch.lsp"
Loading "../wrappers/Amos/amos.lsp"
Recompiling #[OID 1264 "RELATIONAL.CHARSTRING.CHARSTRING.CHARSTRING.CONNECT->RELATIONAL"]
Recompiling #[OID 1268 "RELATIONAL.TABLES->CHARSTRING.CHARSTRING.CHARSTRING.CHARSTRING"]
Recompiling #[OID 1269 "CHARSTRING.TABLES->CHARSTRING.CHARSTRING.CHARSTRING.CHARSTRING"]
Recompiling #[OID 1271 "RELATIONAL.CHARSTRING.CHARSTRING.CHARSTRING.COLUMNS->CHARSTRING.CHARSTRING"]
Recompiling #[OID 1272 "RELATIONAL.CHARSTRING.COLUMNS->CHARSTRING.CHARSTRING"]
Recompiling #[OID 1274 "RELATIONAL.CHARSTRING.CHARSTRING.CHARSTRING.PRIMARY_KEYS->CHARSTRING.CHARSTRING"]
Recompiling #[OID 1275 "RELATIONAL.CHARSTRING.PRIMARY_KEYS->CHARSTRING.CHARSTRING"]
Recompiling #[OID 1277 "RELATIONAL.CHARSTRING.IMPORTED_KEYS->CHARSTRING.CHARSTRING.CHARSTRING"]
Recompiling #[OID 1279 "RELATIONAL.CHARSTRING.EXPORTED_KEYS->CHARSTRING.CHARSTRING.CHARSTRING"]
Recompiling #[OID 1281 "RELATIONAL.CHARSTRING.VECTOR.SQL->VECTOR"]
Recompiling #[OID 1282 "RELATIONAL.CHARSTRING.SQL->VECTOR"]
Recompiling #[OID 1283 "CHARSTRING.CHARSTRING.VECTOR.SQL->VECTOR"]
Recompiling #[OID 1284 "CHARSTRING.CHARSTRING.SQL->VECTOR"]
Recompiling #[OID 1286 "RELATIONAL.CHARSTRING.SQLU->INTEGER"]
Recompiling #[OID 1287 "RELATIONAL.CHARSTRING.VECTOR.SQLU->INTEGER"]
Recompiling #[OID 1289 "RELATIONAL.CHARSTRING.READ_SQL->VECTOR"]
Recompiling #[OID 1292 "RELATIONAL.CHARSTRING.CARDINALITY->INTEGER"]
Loading "project/init.lsp"
Loading "project/sql-create.lsp"
Loading "project/sql-insert.lsp"
Loading "project/sql-update.lsp"
Loading "project/sql-delete.lsp"
Loading "project/sql-select.lsp"
Loading "project/sql-drop.lsp"
Loading "mex-utilities.lsp"
Loading "mex-amos-interfaces.lsp"
Loading "mex-relation-save-restore.lsp"
Loading "boot-aqit.lsp"
Loading "aqit_utilities.lsp"
Loading "ud-index-cc.lsp"
Loading "late-tr-rewrite.lsp"
Loading "aqitnew.lsp"
(*AQIT-GCP* RESET)
Loading "aqitmisc.lsp"
Loading "rewrite-matrix.lsp"
Loading "dist-based-index-rewrite2.lsp"
Loading "rewrite-index-phases.lsp"
Loading "mexima.lsp"
Loading "internal-xtree.lsp"
Reading AmosQL statements from "rewriter-knn.osql"
Loading "rewriter-knn.lsp"
Loading "extract-sql.lsp"
Loading "temporal-plus.lsp"
1.292 s
Release 16, v7
Reading AmosQL statements from "sc.osql"
Loading "../lsp/numarray.lsp"
"../lsp/numarray.lsp"
Reading AmosQL statements from "numarray.osql"
Loading "../../lsp/iterate.lsp"
"../../lsp/iterate.lsp"
Reading AmosQL statements from "../../lsp/iterate.osql"
#[OID 1573 "FUNCTION.OBJECT.INTEGER.ITER->OBJECT.INTEGER"]
#[OID 1575 "FUNCTION.STREAM.INTEGER.FUNCTION.CIRCUIT->OBJECT.INTEGER"]
Loading "../lsp/scsq.lsp"
"../lsp/scsq.lsp"
Loading "../lsp/blob.lsp"
"../lsp/blob.lsp"
Loading "../lsp/profiler.lsp"
"../lsp/profiler.lsp"
Loading "../lsp/coord.lsp"
"../lsp/coord.lsp"
Loading "../lsp/daemon.lsp"
"../lsp/daemon.lsp"
Reading AmosQL statements from "scsq.osql"
[Expanding image to 6309588]
Image moved in MAKEHASHTABLE
Loading "../lsp/clock.lsp"
"../lsp/clock.lsp"
Reading AmosQL statements from "twinagg.osql"
Reading AmosQL statements from "fft.osql"
Loading "../lsp/sp.lsp"
"../lsp/sp.lsp"
Loading "../lsp/extract.lsp"
"../lsp/extract.lsp"
Loading "../lsp/hmerge.lsp"
"../lsp/hmerge.lsp"
Loading "../lsp/sumvectors.lsp"
"../lsp/sumvectors.lsp"
Reading AmosQL statements from "mathfns.osql"
Reading AmosQL statements from "stream.osql"
Reading AmosQL statements from "scsql.osql"
Reading AmosQL statements from "dprofile.osql"
Reading AmosQL statements from "ub_uall.osql"
Reading AmosQL statements from "peakdetect.osql"
Loading "../lsp/cumsum.lsp"
"../lsp/cumsum.lsp"
Reading AmosQL statements from "spconfig.osql"
10.0
Reading AmosQL statements from "istream.osql"
Reading AmosQL statements from "master.osql"
Loading "../../lr/src/lread.lsp"
"../../lr/src/lread.lsp"
Reading AmosQL statements from "generator.osql"
[Expanding image to 7886985]
Image moved in LIST
Reading AmosQL statements from "alias.osql"
{NIL,NIL}
Reading AmosQL statements from "config.osql"
Release 16, v7
Reading AmosQL statements from "src/test.osql"
10.0
1.0
[Testing vid alias count ...[Expanding image to 9858731]
Image moved in READ
OK]
[Testing vids still outside xway system ...OK]
[Testing number of cars leaving road 0 ...OK]
[Testing number of cars entering road 0 ...OK]
[Testing #cars leaving road 0 and 1, distributed exec ...OK]
[Testing offset_vidqidfilter count ...OK]
[Testing qid offset ...OK]
[Testing vid offset ...OK]
[Testing event count after aliasing ...[Expanding image to 12323413]
Image moved in ADDFUNCTION0
{"duration conventional:",0.65}
OK]
[Testing vids from xway 1 on xway 0 ...OK]
[Testing vids from xway 0 on xway 1 ...OK]
[Testing full comparison (expected type 0|2 removed. Only type 3 left) ...OK]
[Testing type 3 queries ...OK]
[Testing event count after binary aliasing ...{"duration binary:",0.64}
OK]
[Testing details, binary ...OK]
[Testing vids from xway 1 on xway 0 ...OK]
[Testing vids from xway 0 on xway 1 ...OK]
[Testing binary, full comparison (all expected removed except type 3) ...OK]
----------------Testing wsmed ------------------
--------------------------------------------------
Patching amos function signature format
--------------------------------------------------
        1 file(s) copied.
Release 16, v7
Loading "../lsp/oldsig.lsp"
(FUNCTION-SIGNATURE1 REDEFINED)
(MKFUNSIG REDEFINED)
(STRINGIFY-DECODED-TYPE REDEFINED)
--------------------------------------------------
starting  name server 
--------------------------------------------------
--------------------------------------------------
starting  standalone Amos web server .....
--------------------------------------------------
Note: Some input files use unchecked or unsafe operations.
Note: Recompile with -Xlint:unchecked for details.
Note: Some input files use unchecked or unsafe operations.
Note: Recompile with -Xlint:unchecked for details.
Note: WEB-INF\src\wsdlcreator\WSDLGenerator.java uses unchecked or unsafe operations.
Note: Recompile with -Xlint:unchecked for details.
Release 16, v7
Reading AmosQL statements from "WEB-INF/src/amosql/server.osql"
Release 16, v7
Reading AmosQL statements from "WEB-INF/src/amosql/client.osql"
--------------------------------------------------
starting  database server ....
--------------------------------------------------
--------------------------------------------------
Starting WSMED...............
--------------------------------------------------
src\java\populateSchema.java:197: warning: [rawtypes] found raw type: Map
         Map services = def.getServices();
         ^
  missing type arguments for generic class Map<K,V>
  where K,V are type-variables:
    K extends Object declared in interface Map
    V extends Object declared in interface Map
src\java\populateSchema.java:203: warning: [rawtypes] found raw type: Iterator
            Iterator svcIter = services.values().iterator();
            ^
  missing type arguments for generic class Iterator<E>
  where E is a type-variable:
    E extends Object declared in interface Iterator
src\java\populateSchema.java:279: warning: [rawtypes] found raw type: Map
      Map namespaces = wsdlDefinition.getNamespaces();
      ^
  missing type arguments for generic class Map<K,V>
  where K,V are type-variables:
    K extends Object declared in interface Map
    V extends Object declared in interface Map
src\java\populateSchema.java:283: warning: [rawtypes] found raw type: Iterator
         Iterator nsIter = namespaces.keySet().iterator();
         ^
  missing type arguments for generic class Iterator<E>
  where E is a type-variable:
    E extends Object declared in interface Iterator
src\java\populateSchema.java:353: warning: [rawtypes] found raw type: Map
      Map ports = service.getPorts();
      ^
  missing type arguments for generic class Map<K,V>
  where K,V are type-variables:
    K extends Object declared in interface Map
    V extends Object declared in interface Map
src\java\populateSchema.java:356: warning: [rawtypes] found raw type: Iterator
      Iterator portIter = ports.values().iterator();
      ^
  missing type arguments for generic class Iterator<E>
  where E is a type-variable:
    E extends Object declared in interface Iterator
src\java\populateSchema.java:385: warning: [rawtypes] found raw type: List
	List operations = binding.getBindingOperations();
	^
  missing type arguments for generic class List<E>
  where E is a type-variable:
    E extends Object declared in interface List
src\java\populateSchema.java:395: warning: [rawtypes] found raw type: Iterator
		Iterator opIter = operations.iterator();
		^
  missing type arguments for generic class Iterator<E>
  where E is a type-variable:
    E extends Object declared in interface Iterator
src\java\populateSchema.java:475: warning: [rawtypes] found raw type: List
						List styles = soapBody.getEncodingStyles();
						^
  missing type arguments for generic class List<E>
  where E is a type-variable:
    E extends Object declared in interface List
src\java\populateSchema.java:570: warning: [rawtypes] found raw type: List
       List msgParts = msg.getOrderedParts(null);
       ^
  missing type arguments for generic class List<E>
  where E is a type-variable:
    E extends Object declared in interface List
src\java\populateSchema.java:573: warning: [rawtypes] found raw type: Iterator
       Iterator iter = msgParts.iterator();
       ^
  missing type arguments for generic class Iterator<E>
  where E is a type-variable:
    E extends Object declared in interface Iterator
src\java\populateSchema.java:578: warning: [rawtypes] found raw type: Iterator
       Iterator tempiter= msgParts.iterator();
       ^
  missing type arguments for generic class Iterator<E>
  where E is a type-variable:
    E extends Object declared in interface Iterator
src\java\populateSchema.java:685: warning: [rawtypes] found raw type: Enumeration
						       Enumeration particleEnum = ((ComplexType)xmlType).enumerate();
						       ^
  missing type arguments for generic class Enumeration<E>
  where E is a type-variable:
    E extends Object declared in interface Enumeration
src\java\populateSchema.java:878: warning: [rawtypes] found raw type: Enumeration
	Enumeration particleEnum = complexType.enumerate();
	^
  missing type arguments for generic class Enumeration<E>
  where E is a type-variable:
    E extends Object declared in interface Enumeration
src\java\populateSchema.java:894: warning: [rawtypes] found raw type: Enumeration
	    Enumeration groupEnum = group.enumerate();
	    ^
  missing type arguments for generic class Enumeration<E>
  where E is a type-variable:
    E extends Object declared in interface Enumeration
src\java\populateSchema.java:967: warning: [rawtypes] found raw type: Enumeration
					Enumeration particleEnum1 = ((ComplexType)xmlType).enumerate();
					^
  missing type arguments for generic class Enumeration<E>
  where E is a type-variable:
    E extends Object declared in interface Enumeration
src\java\populateSchema.java:1005: warning: [rawtypes] found raw type: Enumeration
				Enumeration groupEnum1 = wsdlTypes.getComplexTypes();
				^
  missing type arguments for generic class Enumeration<E>
  where E is a type-variable:
    E extends Object declared in interface Enumeration
src\java\populateSchema.java:1035: warning: [rawtypes] found raw type: Enumeration
				Enumeration particleEnum1 = (cType).enumerate();
				^
  missing type arguments for generic class Enumeration<E>
  where E is a type-variable:
    E extends Object declared in interface Enumeration
src\java\populateSchema.java:1094: warning: [rawtypes] found raw type: Enumeration
		    Enumeration particleEnum1 = (sch.getComplexType(arrayElement)).enumerate();
		    ^
  missing type arguments for generic class Enumeration<E>
  where E is a type-variable:
    E extends Object declared in interface Enumeration
src\java\populateSchema.java:1195: warning: [rawtypes] found raw type: List
   private static ExtensibilityElement findExtensibilityElement(List extensibilityElements, String elementType)
                                                                ^
  missing type arguments for generic class List<E>
  where E is a type-variable:
    E extends Object declared in interface List
src\java\populateSchema.java:1200: warning: [rawtypes] found raw type: Iterator
	  Iterator iter = extensibilityElements.iterator();
	  ^
  missing type arguments for generic class Iterator<E>
  where E is a type-variable:
    E extends Object declared in interface Iterator
src\java\populateSchema.java:1257: warning: [rawtypes] found raw type: Map
	Map messages = def.getMessages();
	^
  missing type arguments for generic class Map<K,V>
  where K,V are type-variables:
    K extends Object declared in interface Map
    V extends Object declared in interface Map
src\java\populateSchema.java:1258: warning: [rawtypes] found raw type: Iterator
	Iterator msgIter = messages.values().iterator();
	^
  missing type arguments for generic class Iterator<E>
  where E is a type-variable:
    E extends Object declared in interface Iterator
src\java\populateSchema.java:1273: warning: [rawtypes] found raw type: List
	List children = current.getChildren();
	^
  missing type arguments for generic class List<E>
  where E is a type-variable:
    E extends Object declared in interface List
src\java\populateSchema.java:1274: warning: [rawtypes] found raw type: Iterator
	Iterator iterator = children.iterator();
	^
  missing type arguments for generic class Iterator<E>
  where E is a type-variable:
    E extends Object declared in interface Iterator
src\java\populateSchema.java:1332: warning: [rawtypes] found raw type: List
	List children = current.getChildren();
	^
  missing type arguments for generic class List<E>
  where E is a type-variable:
    E extends Object declared in interface List
src\java\populateSchema.java:1333: warning: [rawtypes] found raw type: Iterator
	Iterator iterator = children.iterator();
	^
  missing type arguments for generic class Iterator<E>
  where E is a type-variable:
    E extends Object declared in interface Iterator
src\java\populateSchema.java:1393: warning: [rawtypes] found raw type: List
	List children = current.getChildren();
	^
  missing type arguments for generic class List<E>
  where E is a type-variable:
    E extends Object declared in interface List
src\java\populateSchema.java:1394: warning: [rawtypes] found raw type: Iterator
	Iterator iterator = children.iterator();
	^
  missing type arguments for generic class Iterator<E>
  where E is a type-variable:
    E extends Object declared in interface Iterator
src\java\XMLSupport.java:78: warning: [rawtypes] found raw type: Iterator
	Iterator sei=sb.getChildElements();
	^
  missing type arguments for generic class Iterator<E>
  where E is a type-variable:
    E extends Object declared in interface Iterator
src\java\XMLSupport.java:135: warning: [rawtypes] found raw type: Iterator
	Iterator sei=sb.getChildElements();
	^
  missing type arguments for generic class Iterator<E>
  where E is a type-variable:
    E extends Object declared in interface Iterator
src\java\XMLSupport.java:206: warning: [rawtypes] found raw type: Iterator
			Iterator csei=bodyElement.getChildElements();
			^
  missing type arguments for generic class Iterator<E>
  where E is a type-variable:
    E extends Object declared in interface Iterator
src\java\XMLSupport.java:282: warning: [rawtypes] found raw type: Iterator
			    Iterator csei=bodyElement.getChildElements();
			    ^
  missing type arguments for generic class Iterator<E>
  where E is a type-variable:
    E extends Object declared in interface Iterator
src\java\XMLSupport.java:368: warning: [rawtypes] found raw type: Iterator
	Iterator sei=sb.getChildElements();
	^
  missing type arguments for generic class Iterator<E>
  where E is a type-variable:
    E extends Object declared in interface Iterator
src\java\XMLSupport.java:420: warning: [rawtypes] found raw type: Iterator
	Iterator sei=sbe.getChildElements();
	^
  missing type arguments for generic class Iterator<E>
  where E is a type-variable:
    E extends Object declared in interface Iterator
src\java\XMLSupport.java:482: warning: [rawtypes] found raw type: Iterator
		    Iterator csei=bodyElement.getChildElements();	
		    ^
  missing type arguments for generic class Iterator<E>
  where E is a type-variable:
    E extends Object declared in interface Iterator
src\java\XMLSupport.java:686: warning: [rawtypes] found raw type: Iterator
			    Iterator csei=bodyElement.getChildElements();
			    ^
  missing type arguments for generic class Iterator<E>
  where E is a type-variable:
    E extends Object declared in interface Iterator
src\java\XMLSupport.java:1112: warning: [rawtypes] found raw type: Iterator
    public static int findSize(Iterator itr) {
                               ^
  missing type arguments for generic class Iterator<E>
  where E is a type-variable:
    E extends Object declared in interface Iterator
src\java\XMLSupport.java:1126: warning: [rawtypes] found raw type: Iterator
		Iterator sei=sb.getChildElements();
		^
  missing type arguments for generic class Iterator<E>
  where E is a type-variable:
    E extends Object declared in interface Iterator
src\java\XMLSupport.java:1168: warning: [rawtypes] found raw type: Iterator
    public static Integer findChildren(Iterator si) throws SOAPException {
                                       ^
  missing type arguments for generic class Iterator<E>
  where E is a type-variable:
    E extends Object declared in interface Iterator
src\java\XMLSupport.java:1185: warning: [rawtypes] found raw type: Iterator
    public static SOAPBodyElement findSOAPBodyElement(Iterator si) throws SOAPException {
                                                      ^
  missing type arguments for generic class Iterator<E>
  where E is a type-variable:
    E extends Object declared in interface Iterator
src\java\XMLSupport.java:1215: warning: [rawtypes] found raw type: Iterator
    private Object iterate(Iterator each) {
                           ^
  missing type arguments for generic class Iterator<E>
  where E is a type-variable:
    E extends Object declared in interface Iterator
42 warnings
Release 16, v7
Reading AmosQL statements from "C:/AmosNT/wsmed/src/amosql/master.amosql"
Loading "src/lisp/qplan.lsp"
"src/lisp/qplan.lsp"
Loading "src/lisp/subplan.lsp"
(_PLANNO_ RESET)
(CREATE-SUBPLAN REDEFINED)
(PREDICATE-FUNCTION REDEFINED)
(SECTION-SUBPLAN REDEFINED)
"src/lisp/subplan.lsp"
Loading "src/lisp/tablename.lsp"
"src/lisp/tablename.lsp"
Loading "src/lisp/callws.lsp"
"src/lisp/callws.lsp"
Reading AmosQL statements from "src/amosql/wsmedpeers.amosql"
"src/amosql/wsmedpeers.amosql"
Reading AmosQL statements from "src/amosql/wsdlschema.amosql"
"src/amosql/wsdlschema.amosql"
Reading AmosQL statements from "src/amosql/wrapperfunctions.amosql"
[Expanding image to 6309588]
Image moved in UNIONOBJECT
"src/amosql/wrapperfunctions.amosql"
Reading AmosQL statements from "src/amosql/input_signature.amosql"
"src/amosql/input_signature.amosql"
Reading AmosQL statements from "src/amosql/inputformat.amosql"
"src/amosql/inputformat.amosql"
Reading AmosQL statements from "src/amosql/soaphformat.amosql"
"src/amosql/soaphformat.amosql"
Reading AmosQL statements from "src/amosql/callws.amosql"
"src/amosql/callws.amosql"
Reading AmosQL statements from "src/amosql/callws_co.amosql"
Redefining #[OID 1751 "CHARSTRING.CHARSTRING.CHARSTRING.VECTOR.CWO->OBJECT"]
Recompiling #[OID 1751 "CHARSTRING.CHARSTRING.CHARSTRING.VECTOR.CWO->OBJECT"]
#[OID 1751 "CHARSTRING.CHARSTRING.CHARSTRING.VECTOR.CWO->OBJECT"]
"src/amosql/callws_co.amosql"
Reading AmosQL statements from "src/amosql/wsqs_multi.amosql"
TRUE
Redefining #[OID 1831 "INTEGER.CHARSTRING.TABLEINFO->CHARSTRING.CHARSTRING.CHARSTRING.CHARSTRING"]
Recompiling #[OID 1831 "INTEGER.CHARSTRING.TABLEINFO->CHARSTRING"]
TRUE
TRUE
TRUE
"src/amosql/wsqs_multi.amosql"
"true"
"true"
"true"
"true"
--------------------------------------------------
Testing record structure and then PAP operator...............
--------------------------------------------------
Release 16, v7
Reading AmosQL statements from "src/amosql/testcoroutine1.amosql"
"me"
[Testing Check Record Structure ...OK]
Loading "src/lisp/ff_receive_dynamic_mixed_co.lsp"
(PAP REDEFINED)
"src/lisp/ff_receive_dynamic_mixed_co.lsp"
Loading "src/lisp/pardecom_ff_dynamic_mixed_co.lsp"
(_NO_OF_RR_RECEIVE_ RESET)
"src/lisp/pardecom_ff_dynamic_mixed_co.lsp"
Loading "src/lisp/coroutine_ffapplyp.lsp"
"src/lisp/coroutine_ffapplyp.lsp"
[Testing Check PAP with  with Lisp functions ...OK]
[Testing Check PAP with  with java functions ...OK]
Reading AmosQL statements from "src/amosql/test_wsmed.amosql"
{"C:\\AmosNT/wsmed/wsdl/sum.wsdl"}
no protocol: wsdl/sum.wsdl
Retrieving document at 'wsdl/sum.wsdl'.
Reading AmosQL statements from "src/amosql/populatewsdl.amosql"
Reading AmosQL statements from "src/amosql/wsdlsumwsdlsummationService.amosql"
("INTBAG","none","summationService","false")
("INTPLUS","none","summationService","false")
[Testing WSMED SOAP Call >> ...Calling webservice operation INTPLUS
0 >>  1
0  <<  1
OK]
[Testing WSMED SOAP Call >> ...Calling webservice operation INTBAG
0 >>  2
0  <<  2
OK]
[Testing Web Service Calls with PAP Operator >> ...Calling webservice operation INTBAG
0 >>  1
0  <<  1
Calling webservice operation INTPLUS
1 >>  1
Calling webservice operation INTPLUS
1 >>  2
1  <<  1
Calling webservice operation INTPLUS
1 >>  3
1  <<  3
Calling webservice operation INTPLUS
1 >>  4
1  <<  4
1  <<  2
OK]
"wsmos"
SUCCESS: The process with PID 9020 has been terminated.
        1 file(s) copied.
c:\AmosNT\regress>date
date
The current date is: 2013-05-03 
Enter the new date: (yy-mm-dd) 


c:\AmosNT\regress>time
time
The current time is: 15:17:16.92
Enter the new time: 


c:\AmosNT\regress>